{
"type": "FeatureCollection",
"name": "WG_ESA_2024_GJ",
"crs": { "type": "name", "properties": { "name": "urn:ogc:def:crs:OGC:1.3:CRS84" } },
"features": [
{ "type": "Feature", "properties": { "vid": "523161", "gz_state": "GUJARAT", "gz_district": "Navsari", "gz_taluka": "Bansda", "gz_village": "Kala Amba", "gz_village_raw": "Kala Amba", "gz_sno": 1, "esa_category": "whole_village", "bifurcated": false, "notified_forest": false, "cen_village": "Kala Amba", "cen_subdistrict": "Bansda", "cen_district": "Navsari", "censuscode": "523161", "lgd_villagecode": 523161, "score": 100.0, "scope": "dist+tal", "area_km2": 3.754 }, "geometry": { "type": "MultiPolygon", "coordinates": [ [ [ [ 73.45643, 20.80836 ], [ 73.45763, 20.80806 ], [ 73.45822, 20.80805 ], [ 73.45907, 20.80804 ], [ 73.45974, 20.80812 ], [ 73.46075, 20.80794 ], [ 73.46185, 20.80738 ], [ 73.46289, 20.80662 ], [ 73.46411, 20.8058 ], [ 73.46487, 20.80531 ], [ 73.46591, 20.80484 ], [ 73.46661, 20.80446 ], [ 73.46726, 20.80416 ], [ 73.46817, 20.80352 ], [ 73.4697, 20.80276 ], [ 73.46926, 20.80239 ], [ 73.46906, 20.80237 ], [ 73.46838, 20.80171 ], [ 73.46803, 20.80131 ], [ 73.46803, 20.80092 ], [ 73.46765, 20.80026 ], [ 73.46708, 20.79886 ], [ 73.4673, 20.79796 ], [ 73.467, 20.7977 ], [ 73.46623, 20.79694 ], [ 73.46574, 20.79637 ], [ 73.46472, 20.79544 ], [ 73.46393, 20.79467 ], [ 73.46295, 20.7938 ], [ 73.46209, 20.79301 ], [ 73.46145, 20.79244 ], [ 73.46063, 20.79167 ], [ 73.46008, 20.79157 ], [ 73.45991, 20.79103 ], [ 73.45939, 20.79013 ], [ 73.45869, 20.78876 ], [ 73.45816, 20.78791 ], [ 73.45796, 20.78759 ], [ 73.45764, 20.78723 ], [ 73.4571, 20.78708 ], [ 73.45671, 20.78686 ], [ 73.45629, 20.78637 ], [ 73.45575, 20.78582 ], [ 73.45501, 20.78492 ], [ 73.45476, 20.78452 ], [ 73.45415, 20.78399 ], [ 73.45387, 20.78313 ], [ 73.45376, 20.7828 ], [ 73.45375, 20.78275 ], [ 73.4535, 20.78295 ], [ 73.45345, 20.78299 ], [ 73.45331, 20.78333 ], [ 73.45319, 20.78435 ], [ 73.45299, 20.78545 ], [ 73.45293, 20.78657 ], [ 73.45289, 20.7868 ], [ 73.45237, 20.78784 ], [ 73.45205, 20.78854 ], [ 73.45176, 20.78914 ], [ 73.45151, 20.78981 ], [ 73.451, 20.79143 ], [ 73.4508, 20.79182 ], [ 73.44994, 20.79406 ], [ 73.44969, 20.79447 ], [ 73.44919, 20.79491 ], [ 73.44876, 20.79582 ], [ 73.44829, 20.7966 ], [ 73.44745, 20.7982 ], [ 73.44684, 20.79913 ], [ 73.44672, 20.79949 ], [ 73.44672, 20.79951 ], [ 73.44671, 20.80004 ], [ 73.44675, 20.80109 ], [ 73.44683, 20.80204 ], [ 73.44699, 20.80268 ], [ 73.44699, 20.8033 ], [ 73.44707, 20.80401 ], [ 73.44689, 20.80479 ], [ 73.44681, 20.80529 ], [ 73.44684, 20.80595 ], [ 73.44686, 20.80653 ], [ 73.44715, 20.80763 ], [ 73.4472, 20.8079 ], [ 73.44728, 20.80824 ], [ 73.44747, 20.80868 ], [ 73.44875, 20.80859 ], [ 73.45346, 20.80897 ], [ 73.45413, 20.80933 ], [ 73.45502, 20.80927 ], [ 73.45517, 20.80926 ], [ 73.45529, 20.80917 ], [ 73.45548, 20.80902 ], [ 73.4557, 20.80885 ], [ 73.45643, 20.80836 ] ] ] ] } },
{ "type": "Feature", "properties": { "vid": "523165", "gz_state": "GUJARAT", "gz_district": "Navsari", "gz_taluka": "Bansda", "gz_village": "Kevdi", "gz_village_raw": "Kevdi", "gz_sno": 2, "esa_category": "whole_village", "bifurcated": false, "notified_forest": false, "cen_village": "Kevdi", "cen_subdistrict": "Bansda", "cen_district": "Navsari", "censuscode": "523165", "lgd_villagecode": 523165, "score": 100.0, "scope": "dist+tal", "area_km2": 7.63 }, "geometry": { "type": "MultiPolygon", "coordinates": [ [ [ [ 73.42869, 20.80434 ], [ 73.42897, 20.80454 ], [ 73.42915, 20.80473 ], [ 73.42935, 20.80468 ], [ 73.42957, 20.80448 ], [ 73.42972, 20.80428 ], [ 73.42991, 20.80405 ], [ 73.43018, 20.80381 ], [ 73.4304, 20.80378 ], [ 73.43053, 20.80385 ], [ 73.43068, 20.80394 ], [ 73.4309, 20.80402 ], [ 73.43119, 20.8041 ], [ 73.43132, 20.80396 ], [ 73.43146, 20.80356 ], [ 73.43157, 20.80333 ], [ 73.43165, 20.80309 ], [ 73.43174, 20.80301 ], [ 73.43199, 20.80307 ], [ 73.43219, 20.80308 ], [ 73.43238, 20.80325 ], [ 73.4325, 20.80334 ], [ 73.43273, 20.80344 ], [ 73.43311, 20.80353 ], [ 73.43329, 20.80356 ], [ 73.43358, 20.80349 ], [ 73.43391, 20.80346 ], [ 73.43446, 20.80316 ], [ 73.43486, 20.80294 ], [ 73.43524, 20.80273 ], [ 73.43548, 20.80251 ], [ 73.43575, 20.80218 ], [ 73.43601, 20.80198 ], [ 73.43635, 20.80184 ], [ 73.43662, 20.80167 ], [ 73.43669, 20.80134 ], [ 73.43677, 20.8012 ], [ 73.43712, 20.80129 ], [ 73.43741, 20.80149 ], [ 73.43769, 20.80152 ], [ 73.43773, 20.80131 ], [ 73.43773, 20.80102 ], [ 73.43768, 20.80074 ], [ 73.43778, 20.80042 ], [ 73.43811, 20.8002 ], [ 73.43817, 20.80038 ], [ 73.43823, 20.80055 ], [ 73.43829, 20.8007 ], [ 73.43834, 20.80085 ], [ 73.43867, 20.80105 ], [ 73.43886, 20.80103 ], [ 73.43916, 20.80079 ], [ 73.43943, 20.80058 ], [ 73.43973, 20.80035 ], [ 73.43996, 20.80045 ], [ 73.44018, 20.80067 ], [ 73.44024, 20.80105 ], [ 73.44043, 20.80126 ], [ 73.44055, 20.80127 ], [ 73.44087, 20.80137 ], [ 73.44114, 20.80152 ], [ 73.44127, 20.8017 ], [ 73.44135, 20.80204 ], [ 73.44135, 20.80223 ], [ 73.4414, 20.80245 ], [ 73.44153, 20.80267 ], [ 73.4417, 20.80275 ], [ 73.44193, 20.80271 ], [ 73.44214, 20.80263 ], [ 73.4419, 20.80245 ], [ 73.4418, 20.80229 ], [ 73.44188, 20.80213 ], [ 73.44198, 20.80201 ], [ 73.44199, 20.80191 ], [ 73.44215, 20.80169 ], [ 73.44242, 20.80166 ], [ 73.44254, 20.80166 ], [ 73.44252, 20.80124 ], [ 73.44257, 20.80108 ], [ 73.44304, 20.80098 ], [ 73.44334, 20.80101 ], [ 73.44347, 20.80099 ], [ 73.44397, 20.80069 ], [ 73.44374, 20.80042 ], [ 73.4437, 20.80016 ], [ 73.44361, 20.79995 ], [ 73.44352, 20.79976 ], [ 73.44351, 20.79962 ], [ 73.44365, 20.79942 ], [ 73.44394, 20.79917 ], [ 73.44416, 20.79928 ], [ 73.4443, 20.79945 ], [ 73.44446, 20.79961 ], [ 73.44489, 20.79967 ], [ 73.44543, 20.79968 ], [ 73.44553, 20.79948 ], [ 73.44562, 20.79919 ], [ 73.44579, 20.79925 ], [ 73.44586, 20.79939 ], [ 73.44591, 20.79951 ], [ 73.4459, 20.79965 ], [ 73.44591, 20.79986 ], [ 73.446, 20.79985 ], [ 73.44623, 20.79974 ], [ 73.44637, 20.79957 ], [ 73.44651, 20.79947 ], [ 73.44672, 20.79949 ], [ 73.44684, 20.79913 ], [ 73.44745, 20.7982 ], [ 73.44829, 20.7966 ], [ 73.44876, 20.79582 ], [ 73.44919, 20.79491 ], [ 73.44969, 20.79447 ], [ 73.44994, 20.79406 ], [ 73.4508, 20.79182 ], [ 73.451, 20.79143 ], [ 73.45151, 20.78981 ], [ 73.45176, 20.78914 ], [ 73.45205, 20.78854 ], [ 73.45237, 20.78784 ], [ 73.45289, 20.7868 ], [ 73.45293, 20.78657 ], [ 73.45299, 20.78545 ], [ 73.45319, 20.78435 ], [ 73.45331, 20.78333 ], [ 73.45345, 20.78299 ], [ 73.4535, 20.78295 ], [ 73.45323, 20.7827 ], [ 73.45251, 20.78198 ], [ 73.45168, 20.78097 ], [ 73.45109, 20.77995 ], [ 73.45014, 20.77847 ], [ 73.44966, 20.77796 ], [ 73.44824, 20.77666 ], [ 73.44622, 20.77723 ], [ 73.44528, 20.77735 ], [ 73.44477, 20.77729 ], [ 73.44384, 20.77773 ], [ 73.44341, 20.77825 ], [ 73.44303, 20.77876 ], [ 73.4428, 20.77946 ], [ 73.44238, 20.78005 ], [ 73.44184, 20.78046 ], [ 73.44071, 20.7808 ], [ 73.44012, 20.7812 ], [ 73.43931, 20.78143 ], [ 73.43833, 20.78162 ], [ 73.43717, 20.78193 ], [ 73.43721, 20.78218 ], [ 73.43631, 20.78214 ], [ 73.43475, 20.78211 ], [ 73.4331, 20.78158 ], [ 73.43169, 20.78153 ], [ 73.42985, 20.78157 ], [ 73.42953, 20.78125 ], [ 73.42876, 20.78043 ], [ 73.42851, 20.78003 ], [ 73.42746, 20.7801 ], [ 73.42717, 20.78037 ], [ 73.42667, 20.78033 ], [ 73.42654, 20.78014 ], [ 73.42622, 20.77964 ], [ 73.42591, 20.77936 ], [ 73.42507, 20.77894 ], [ 73.42446, 20.77925 ], [ 73.42398, 20.77923 ], [ 73.42384, 20.77926 ], [ 73.42356, 20.77932 ], [ 73.42315, 20.77973 ], [ 73.42233, 20.78045 ], [ 73.42111, 20.78102 ], [ 73.42052, 20.78132 ], [ 73.42015, 20.78166 ], [ 73.41993, 20.78215 ], [ 73.41944, 20.7828 ], [ 73.41894, 20.78336 ], [ 73.41801, 20.78381 ], [ 73.41754, 20.78381 ], [ 73.41717, 20.78321 ], [ 73.41651, 20.78291 ], [ 73.41611, 20.78288 ], [ 73.41545, 20.78276 ], [ 73.41472, 20.78286 ], [ 73.41359, 20.78288 ], [ 73.4138, 20.78307 ], [ 73.41394, 20.7832 ], [ 73.41501, 20.78405 ], [ 73.41596, 20.78477 ], [ 73.41724, 20.7857 ], [ 73.41775, 20.78608 ], [ 73.41803, 20.78744 ], [ 73.41814, 20.78795 ], [ 73.41839, 20.78868 ], [ 73.41869, 20.78943 ], [ 73.41902, 20.79025 ], [ 73.41915, 20.79064 ], [ 73.41948, 20.79092 ], [ 73.41995, 20.79161 ], [ 73.41943, 20.79225 ], [ 73.41978, 20.79284 ], [ 73.41981, 20.79364 ], [ 73.41969, 20.79409 ], [ 73.41967, 20.79466 ], [ 73.41967, 20.79499 ], [ 73.41985, 20.7952 ], [ 73.41992, 20.79552 ], [ 73.41975, 20.79573 ], [ 73.4194, 20.79596 ], [ 73.41933, 20.79608 ], [ 73.41932, 20.7963 ], [ 73.41952, 20.79665 ], [ 73.41967, 20.79699 ], [ 73.41993, 20.79731 ], [ 73.41995, 20.79736 ], [ 73.42021, 20.7979 ], [ 73.42046, 20.79794 ], [ 73.42059, 20.79808 ], [ 73.42098, 20.79821 ], [ 73.42137, 20.7982 ], [ 73.42194, 20.79832 ], [ 73.422, 20.79851 ], [ 73.42223, 20.79875 ], [ 73.4225, 20.79906 ], [ 73.42274, 20.79929 ], [ 73.42292, 20.79945 ], [ 73.4232, 20.79979 ], [ 73.42355, 20.80014 ], [ 73.4239, 20.80054 ], [ 73.4242, 20.80089 ], [ 73.42456, 20.80129 ], [ 73.42469, 20.80165 ], [ 73.42483, 20.80204 ], [ 73.42484, 20.80209 ], [ 73.42487, 20.80226 ], [ 73.42487, 20.80265 ], [ 73.42485, 20.8033 ], [ 73.42484, 20.80358 ], [ 73.42482, 20.80388 ], [ 73.4248, 20.80457 ], [ 73.42526, 20.80464 ], [ 73.42565, 20.80465 ], [ 73.42597, 20.80463 ], [ 73.4262, 20.80456 ], [ 73.42623, 20.80424 ], [ 73.42621, 20.80393 ], [ 73.42618, 20.80367 ], [ 73.42624, 20.80344 ], [ 73.4264, 20.80324 ], [ 73.42659, 20.80324 ], [ 73.42669, 20.8034 ], [ 73.42673, 20.8036 ], [ 73.42681, 20.80396 ], [ 73.4268, 20.80418 ], [ 73.42679, 20.80451 ], [ 73.4268, 20.80477 ], [ 73.42694, 20.80502 ], [ 73.42714, 20.80525 ], [ 73.42732, 20.80546 ], [ 73.42746, 20.80556 ], [ 73.42761, 20.80563 ], [ 73.42795, 20.80557 ], [ 73.42813, 20.80534 ], [ 73.42828, 20.80502 ], [ 73.42839, 20.80473 ], [ 73.42856, 20.80448 ], [ 73.42869, 20.80434 ] ] ] ] } },
{ "type": "Feature", "properties": { "vid": "523163", "gz_state": "GUJARAT", "gz_district": "Navsari", "gz_taluka": "Bansda", "gz_village": "Sadad Devi", "gz_village_raw": "Sadad Devi", "gz_sno": 3, "esa_category": "whole_village", "bifurcated": false, "notified_forest": false, "cen_village": "Sadad Devi", "cen_subdistrict": "Bansda", "cen_district": "Navsari", "censuscode": "523163", "lgd_villagecode": 523163, "score": 100.0, "scope": "dist+tal", "area_km2": 7.021 }, "geometry": { "type": "MultiPolygon", "coordinates": [ [ [ [ 73.47723, 20.79835 ], [ 73.47775, 20.79858 ], [ 73.4781, 20.79882 ], [ 73.4783, 20.79891 ], [ 73.47884, 20.79914 ], [ 73.47936, 20.79933 ], [ 73.47997, 20.79937 ], [ 73.48061, 20.7992 ], [ 73.481, 20.79891 ], [ 73.4813, 20.79873 ], [ 73.48147, 20.79862 ], [ 73.48159, 20.79854 ], [ 73.48253, 20.79719 ], [ 73.48215, 20.79695 ], [ 73.48201, 20.79664 ], [ 73.4827, 20.79591 ], [ 73.48351, 20.79486 ], [ 73.48375, 20.79435 ], [ 73.48384, 20.79401 ], [ 73.4837, 20.79327 ], [ 73.48349, 20.79293 ], [ 73.48341, 20.79219 ], [ 73.48354, 20.79129 ], [ 73.48374, 20.79088 ], [ 73.48356, 20.78994 ], [ 73.48347, 20.78969 ], [ 73.48343, 20.78957 ], [ 73.48336, 20.78897 ], [ 73.48279, 20.78817 ], [ 73.48217, 20.78764 ], [ 73.48163, 20.78686 ], [ 73.48121, 20.78644 ], [ 73.48081, 20.78587 ], [ 73.48049, 20.78551 ], [ 73.47911, 20.78482 ], [ 73.47779, 20.7842 ], [ 73.47704, 20.78256 ], [ 73.47706, 20.78181 ], [ 73.47697, 20.78105 ], [ 73.47699, 20.78029 ], [ 73.47704, 20.77911 ], [ 73.47713, 20.77721 ], [ 73.47723, 20.77598 ], [ 73.47731, 20.77378 ], [ 73.47568, 20.77346 ], [ 73.47486, 20.77239 ], [ 73.47467, 20.77212 ], [ 73.47429, 20.77155 ], [ 73.47366, 20.7709 ], [ 73.47245, 20.77068 ], [ 73.47119, 20.77059 ], [ 73.47068, 20.76968 ], [ 73.47012, 20.76968 ], [ 73.46918, 20.76896 ], [ 73.46865, 20.76842 ], [ 73.46826, 20.76833 ], [ 73.46823, 20.76832 ], [ 73.4682, 20.76832 ], [ 73.46666, 20.76841 ], [ 73.46617, 20.76767 ], [ 73.46572, 20.76742 ], [ 73.46525, 20.76701 ], [ 73.46435, 20.76719 ], [ 73.46201, 20.76766 ], [ 73.45989, 20.76813 ], [ 73.45849, 20.76847 ], [ 73.45764, 20.76848 ], [ 73.45761, 20.76871 ], [ 73.45764, 20.76912 ], [ 73.45764, 20.76951 ], [ 73.45767, 20.76977 ], [ 73.4577, 20.77011 ], [ 73.45778, 20.77035 ], [ 73.45786, 20.77064 ], [ 73.45802, 20.77093 ], [ 73.45818, 20.77137 ], [ 73.45826, 20.77173 ], [ 73.4584, 20.77224 ], [ 73.45845, 20.77267 ], [ 73.45851, 20.77315 ], [ 73.45838, 20.77394 ], [ 73.45836, 20.77405 ], [ 73.45837, 20.77446 ], [ 73.45837, 20.77475 ], [ 73.45825, 20.77545 ], [ 73.45825, 20.77582 ], [ 73.45823, 20.77642 ], [ 73.45798, 20.77708 ], [ 73.45723, 20.77767 ], [ 73.45695, 20.77796 ], [ 73.45657, 20.77855 ], [ 73.45634, 20.77908 ], [ 73.45629, 20.77932 ], [ 73.45603, 20.77947 ], [ 73.45588, 20.77964 ], [ 73.45573, 20.77986 ], [ 73.45547, 20.78006 ], [ 73.45465, 20.78116 ], [ 73.45424, 20.78172 ], [ 73.45409, 20.78206 ], [ 73.45388, 20.78233 ], [ 73.45376, 20.7828 ], [ 73.45387, 20.78313 ], [ 73.45415, 20.78399 ], [ 73.45476, 20.78452 ], [ 73.45501, 20.78492 ], [ 73.45575, 20.78582 ], [ 73.45629, 20.78637 ], [ 73.45671, 20.78686 ], [ 73.4571, 20.78708 ], [ 73.45764, 20.78723 ], [ 73.45796, 20.78759 ], [ 73.45816, 20.78791 ], [ 73.45869, 20.78876 ], [ 73.45939, 20.79013 ], [ 73.45991, 20.79103 ], [ 73.46008, 20.79157 ], [ 73.46063, 20.79167 ], [ 73.46145, 20.79244 ], [ 73.46209, 20.79301 ], [ 73.46295, 20.7938 ], [ 73.46393, 20.79467 ], [ 73.46472, 20.79544 ], [ 73.46574, 20.79637 ], [ 73.46623, 20.79694 ], [ 73.467, 20.7977 ], [ 73.4673, 20.79796 ], [ 73.46708, 20.79886 ], [ 73.46765, 20.80026 ], [ 73.46803, 20.80092 ], [ 73.46803, 20.80131 ], [ 73.46838, 20.80171 ], [ 73.46906, 20.80237 ], [ 73.46926, 20.80239 ], [ 73.4697, 20.80276 ], [ 73.46978, 20.80274 ], [ 73.47055, 20.8017 ], [ 73.47124, 20.801 ], [ 73.47192, 20.80031 ], [ 73.4727, 20.79977 ], [ 73.47339, 20.7994 ], [ 73.47425, 20.79891 ], [ 73.47502, 20.79866 ], [ 73.47584, 20.79844 ], [ 73.47667, 20.79835 ], [ 73.47723, 20.79835 ] ] ] ] } },
{ "type": "Feature", "properties": { "vid": "523188", "gz_state": "GUJARAT", "gz_district": "Navsari", "gz_taluka": "Bansda", "gz_village": "Vaghai", "gz_village_raw": "Vaghai", "gz_sno": 4, "esa_category": "whole_village", "bifurcated": false, "notified_forest": false, "cen_village": "Vaghai", "cen_subdistrict": "Bansda", "cen_district": "Navsari", "censuscode": "523188", "lgd_villagecode": 523188, "score": 100.0, "scope": "dist+tal", "area_km2": 6.272 }, "geometry": { "type": "MultiPolygon", "coordinates": [ [ [ [ 73.4895, 20.7694 ], [ 73.48919, 20.76845 ], [ 73.48906, 20.76731 ], [ 73.48907, 20.76696 ], [ 73.49032, 20.76401 ], [ 73.491, 20.76198 ], [ 73.4911, 20.76148 ], [ 73.49113, 20.75953 ], [ 73.49094, 20.75853 ], [ 73.4904, 20.75701 ], [ 73.48993, 20.75586 ], [ 73.48941, 20.75496 ], [ 73.48857, 20.75405 ], [ 73.48737, 20.75307 ], [ 73.48702, 20.75264 ], [ 73.48534, 20.75054 ], [ 73.48523, 20.75033 ], [ 73.48464, 20.74962 ], [ 73.48427, 20.7493 ], [ 73.484, 20.7491 ], [ 73.48329, 20.74887 ], [ 73.4827, 20.74877 ], [ 73.48193, 20.74865 ], [ 73.48103, 20.74861 ], [ 73.48017, 20.74832 ], [ 73.47939, 20.74769 ], [ 73.47923, 20.74714 ], [ 73.47913, 20.74664 ], [ 73.47913, 20.74606 ], [ 73.47868, 20.74575 ], [ 73.47815, 20.74562 ], [ 73.47745, 20.74559 ], [ 73.47663, 20.74554 ], [ 73.47641, 20.74555 ], [ 73.47697, 20.74713 ], [ 73.47711, 20.74744 ], [ 73.4776, 20.74849 ], [ 73.47837, 20.75034 ], [ 73.47843, 20.75084 ], [ 73.47898, 20.75196 ], [ 73.47938, 20.75282 ], [ 73.47956, 20.75397 ], [ 73.47974, 20.75537 ], [ 73.47961, 20.75563 ], [ 73.47905, 20.75608 ], [ 73.47883, 20.75661 ], [ 73.47805, 20.75709 ], [ 73.47727, 20.75749 ], [ 73.4759, 20.75821 ], [ 73.47451, 20.75872 ], [ 73.47394, 20.75865 ], [ 73.47305, 20.75913 ], [ 73.47252, 20.75937 ], [ 73.47216, 20.75951 ], [ 73.47116, 20.75925 ], [ 73.47054, 20.7591 ], [ 73.46979, 20.75923 ], [ 73.4692, 20.75908 ], [ 73.46838, 20.75878 ], [ 73.46745, 20.75858 ], [ 73.46655, 20.75854 ], [ 73.46625, 20.7587 ], [ 73.46611, 20.75925 ], [ 73.46598, 20.75963 ], [ 73.46612, 20.75979 ], [ 73.46637, 20.76123 ], [ 73.46589, 20.76189 ], [ 73.46519, 20.76283 ], [ 73.46491, 20.76428 ], [ 73.46533, 20.76544 ], [ 73.46603, 20.76687 ], [ 73.46628, 20.76747 ], [ 73.46818, 20.76831 ], [ 73.46819, 20.76831 ], [ 73.4682, 20.76832 ], [ 73.46823, 20.76832 ], [ 73.46826, 20.76833 ], [ 73.46865, 20.76842 ], [ 73.46918, 20.76896 ], [ 73.47012, 20.76968 ], [ 73.47068, 20.76968 ], [ 73.47119, 20.77059 ], [ 73.47245, 20.77068 ], [ 73.47366, 20.7709 ], [ 73.47429, 20.77155 ], [ 73.47467, 20.77212 ], [ 73.47486, 20.77239 ], [ 73.47568, 20.77346 ], [ 73.47731, 20.77378 ], [ 73.47723, 20.77598 ], [ 73.47713, 20.77721 ], [ 73.47704, 20.77911 ], [ 73.47699, 20.78029 ], [ 73.47697, 20.78105 ], [ 73.47706, 20.78181 ], [ 73.47704, 20.78256 ], [ 73.47779, 20.7842 ], [ 73.47911, 20.78482 ], [ 73.48049, 20.78551 ], [ 73.48081, 20.78587 ], [ 73.48121, 20.78644 ], [ 73.48163, 20.78686 ], [ 73.48217, 20.78764 ], [ 73.48279, 20.78817 ], [ 73.48336, 20.78897 ], [ 73.48343, 20.78957 ], [ 73.48347, 20.78969 ], [ 73.48356, 20.78994 ], [ 73.48374, 20.79088 ], [ 73.48393, 20.79046 ], [ 73.48428, 20.78946 ], [ 73.48642, 20.7872 ], [ 73.48715, 20.78601 ], [ 73.48742, 20.7851 ], [ 73.48734, 20.78375 ], [ 73.4872, 20.78238 ], [ 73.48721, 20.78123 ], [ 73.48745, 20.78017 ], [ 73.48775, 20.77936 ], [ 73.48822, 20.77852 ], [ 73.48868, 20.77756 ], [ 73.48886, 20.77694 ], [ 73.48891, 20.77617 ], [ 73.48888, 20.77554 ], [ 73.48885, 20.77491 ], [ 73.48868, 20.77388 ], [ 73.48875, 20.77302 ], [ 73.48902, 20.77233 ], [ 73.48942, 20.77113 ], [ 73.48957, 20.7701 ], [ 73.4895, 20.7694 ] ] ] ] } },
{ "type": "Feature", "properties": { "vid": "523164", "gz_state": "GUJARAT", "gz_district": "Navsari", "gz_taluka": "Bansda", "gz_village": "Ambabari", "gz_village_raw": "Ambabari", "gz_sno": 5, "esa_category": "whole_village", "bifurcated": false, "notified_forest": false, "cen_village": "Ambabari", "cen_subdistrict": "Bansda", "cen_district": "Navsari", "censuscode": "523164", "lgd_villagecode": 523164, "score": 100.0, "scope": "dist+tal", "area_km2": 7.314 }, "geometry": { "type": "MultiPolygon", "coordinates": [ [ [ [ 73.45375, 20.78275 ], [ 73.45376, 20.7828 ], [ 73.45388, 20.78233 ], [ 73.45409, 20.78206 ], [ 73.45424, 20.78172 ], [ 73.45465, 20.78116 ], [ 73.45547, 20.78006 ], [ 73.45573, 20.77986 ], [ 73.45588, 20.77964 ], [ 73.45603, 20.77947 ], [ 73.45629, 20.77932 ], [ 73.45634, 20.77908 ], [ 73.45657, 20.77855 ], [ 73.45695, 20.77796 ], [ 73.45723, 20.77767 ], [ 73.45798, 20.77708 ], [ 73.45823, 20.77642 ], [ 73.45825, 20.77582 ], [ 73.45825, 20.77545 ], [ 73.45837, 20.77475 ], [ 73.45837, 20.77446 ], [ 73.45836, 20.77405 ], [ 73.45838, 20.77394 ], [ 73.45851, 20.77315 ], [ 73.45845, 20.77267 ], [ 73.4584, 20.77224 ], [ 73.45826, 20.77173 ], [ 73.45818, 20.77137 ], [ 73.45802, 20.77093 ], [ 73.45786, 20.77064 ], [ 73.45778, 20.77035 ], [ 73.4577, 20.77011 ], [ 73.45767, 20.76977 ], [ 73.45764, 20.76951 ], [ 73.45764, 20.76912 ], [ 73.45761, 20.76871 ], [ 73.45764, 20.76848 ], [ 73.45763, 20.76848 ], [ 73.45744, 20.76724 ], [ 73.4567, 20.76571 ], [ 73.45586, 20.76403 ], [ 73.45402, 20.76345 ], [ 73.45148, 20.76224 ], [ 73.45049, 20.7618 ], [ 73.44754, 20.76218 ], [ 73.4464, 20.76182 ], [ 73.44473, 20.76128 ], [ 73.44365, 20.7602 ], [ 73.44291, 20.75902 ], [ 73.44241, 20.75861 ], [ 73.44158, 20.75793 ], [ 73.44077, 20.7569 ], [ 73.44049, 20.75648 ], [ 73.43997, 20.75561 ], [ 73.43943, 20.75507 ], [ 73.4391, 20.75473 ], [ 73.43875, 20.75426 ], [ 73.43804, 20.75433 ], [ 73.43697, 20.75413 ], [ 73.4367, 20.75407 ], [ 73.43669, 20.75407 ], [ 73.43668, 20.75407 ], [ 73.43624, 20.75408 ], [ 73.43603, 20.75425 ], [ 73.43601, 20.75452 ], [ 73.43592, 20.75492 ], [ 73.43541, 20.75657 ], [ 73.43525, 20.75704 ], [ 73.43516, 20.7575 ], [ 73.43495, 20.7581 ], [ 73.43452, 20.75974 ], [ 73.43435, 20.76012 ], [ 73.43431, 20.76046 ], [ 73.43424, 20.76095 ], [ 73.43413, 20.76155 ], [ 73.43413, 20.76181 ], [ 73.43414, 20.76221 ], [ 73.434, 20.76248 ], [ 73.43367, 20.76304 ], [ 73.43228, 20.76321 ], [ 73.43138, 20.76324 ], [ 73.43069, 20.76327 ], [ 73.42998, 20.76328 ], [ 73.42929, 20.76328 ], [ 73.42882, 20.76329 ], [ 73.42829, 20.76332 ], [ 73.42742, 20.76337 ], [ 73.42629, 20.76418 ], [ 73.42583, 20.76425 ], [ 73.42534, 20.7643 ], [ 73.42489, 20.76433 ], [ 73.42439, 20.76445 ], [ 73.42392, 20.76461 ], [ 73.42339, 20.7647 ], [ 73.4223, 20.76473 ], [ 73.42239, 20.76494 ], [ 73.42264, 20.76565 ], [ 73.42257, 20.76625 ], [ 73.42265, 20.76652 ], [ 73.42287, 20.76708 ], [ 73.42306, 20.76792 ], [ 73.42314, 20.76876 ], [ 73.42322, 20.76929 ], [ 73.42311, 20.77051 ], [ 73.42272, 20.77119 ], [ 73.42222, 20.77326 ], [ 73.42211, 20.77443 ], [ 73.42226, 20.77541 ], [ 73.42243, 20.77609 ], [ 73.42277, 20.77676 ], [ 73.42345, 20.77775 ], [ 73.42383, 20.77827 ], [ 73.42393, 20.77876 ], [ 73.42384, 20.77926 ], [ 73.42398, 20.77923 ], [ 73.42446, 20.77925 ], [ 73.42507, 20.77894 ], [ 73.42591, 20.77936 ], [ 73.42622, 20.77964 ], [ 73.42654, 20.78014 ], [ 73.42667, 20.78033 ], [ 73.42717, 20.78037 ], [ 73.42746, 20.7801 ], [ 73.42851, 20.78003 ], [ 73.42876, 20.78043 ], [ 73.42953, 20.78125 ], [ 73.42985, 20.78157 ], [ 73.43169, 20.78153 ], [ 73.4331, 20.78158 ], [ 73.43475, 20.78211 ], [ 73.43631, 20.78214 ], [ 73.43721, 20.78218 ], [ 73.43717, 20.78193 ], [ 73.43833, 20.78162 ], [ 73.43931, 20.78143 ], [ 73.44012, 20.7812 ], [ 73.44071, 20.7808 ], [ 73.44184, 20.78046 ], [ 73.44238, 20.78005 ], [ 73.4428, 20.77946 ], [ 73.44303, 20.77876 ], [ 73.44341, 20.77825 ], [ 73.44384, 20.77773 ], [ 73.44477, 20.77729 ], [ 73.44528, 20.77735 ], [ 73.44622, 20.77723 ], [ 73.44824, 20.77666 ], [ 73.44966, 20.77796 ], [ 73.45014, 20.77847 ], [ 73.45109, 20.77995 ], [ 73.45168, 20.78097 ], [ 73.45251, 20.78198 ], [ 73.45323, 20.7827 ], [ 73.4535, 20.78295 ], [ 73.45375, 20.78275 ] ] ] ] } },
{ "type": "Feature", "properties": { "vid": "524635", "gz_state": "GUJARAT", "gz_district": "Surat", "gz_taluka": "Songadh", "gz_village": "Khokhsa", "gz_village_raw": "Khokhsa", "gz_sno": 6, "esa_category": "whole_village", "bifurcated": false, "notified_forest": false, "cen_village": "Khokhsa", "cen_subdistrict": "Songadh", "cen_district": "Tapi", "censuscode": "524635", "lgd_villagecode": 524635, "score": 100.0, "scope": "state", "area_km2": 3.404 }, "geometry": { "type": "MultiPolygon", "coordinates": [ [ [ [ 73.61846, 21.11846 ], [ 73.62161, 21.11968 ], [ 73.62224, 21.11993 ], [ 73.62346, 21.1204 ], [ 73.62482, 21.12094 ], [ 73.62534, 21.12115 ], [ 73.62564, 21.12131 ], [ 73.62687, 21.12199 ], [ 73.62695, 21.12204 ], [ 73.6267, 21.12131 ], [ 73.62664, 21.1212 ], [ 73.62661, 21.12115 ], [ 73.62638, 21.12082 ], [ 73.62618, 21.12027 ], [ 73.62591, 21.11954 ], [ 73.6259, 21.11903 ], [ 73.62593, 21.11848 ], [ 73.62588, 21.11772 ], [ 73.62597, 21.11699 ], [ 73.626, 21.11641 ], [ 73.62595, 21.11568 ], [ 73.62594, 21.11501 ], [ 73.62596, 21.11379 ], [ 73.62594, 21.11264 ], [ 73.62577, 21.11161 ], [ 73.62574, 21.1116 ], [ 73.62462, 21.11116 ], [ 73.62397, 21.11086 ], [ 73.62322, 21.1106 ], [ 73.62267, 21.11036 ], [ 73.62149, 21.10973 ], [ 73.62084, 21.10956 ], [ 73.62002, 21.10923 ], [ 73.61911, 21.10885 ], [ 73.61797, 21.10822 ], [ 73.61777, 21.10798 ], [ 73.61757, 21.10749 ], [ 73.61782, 21.10691 ], [ 73.61772, 21.10658 ], [ 73.61767, 21.10594 ], [ 73.61767, 21.10574 ], [ 73.61718, 21.10532 ], [ 73.6161, 21.10493 ], [ 73.61547, 21.10475 ], [ 73.61491, 21.10454 ], [ 73.61459, 21.10444 ], [ 73.61421, 21.10525 ], [ 73.61366, 21.10618 ], [ 73.6131, 21.10706 ], [ 73.6126, 21.10743 ], [ 73.61201, 21.10797 ], [ 73.61121, 21.10882 ], [ 73.61044, 21.10953 ], [ 73.60967, 21.11019 ], [ 73.60884, 21.11076 ], [ 73.60846, 21.1111 ], [ 73.60762, 21.11135 ], [ 73.60658, 21.11181 ], [ 73.60631, 21.11201 ], [ 73.60602, 21.11207 ], [ 73.60488, 21.11242 ], [ 73.60351, 21.11288 ], [ 73.60214, 21.11348 ], [ 73.60188, 21.11368 ], [ 73.60194, 21.11413 ], [ 73.60216, 21.11497 ], [ 73.60215, 21.11548 ], [ 73.60325, 21.11562 ], [ 73.60327, 21.11612 ], [ 73.60332, 21.11669 ], [ 73.60325, 21.11764 ], [ 73.60311, 21.11806 ], [ 73.60306, 21.11884 ], [ 73.60314, 21.11987 ], [ 73.60384, 21.11999 ], [ 73.60519, 21.12 ], [ 73.60554, 21.12 ], [ 73.60556, 21.12023 ], [ 73.60555, 21.12065 ], [ 73.60545, 21.12108 ], [ 73.60527, 21.12163 ], [ 73.60509, 21.12213 ], [ 73.60553, 21.12217 ], [ 73.60625, 21.12218 ], [ 73.60683, 21.12239 ], [ 73.6076, 21.12265 ], [ 73.60778, 21.12279 ], [ 73.60826, 21.12369 ], [ 73.60827, 21.12412 ], [ 73.60873, 21.12435 ], [ 73.60982, 21.12518 ], [ 73.61054, 21.12557 ], [ 73.61262, 21.12629 ], [ 73.61495, 21.12728 ], [ 73.61553, 21.12739 ], [ 73.61566, 21.12741 ], [ 73.61602, 21.12652 ], [ 73.61636, 21.12607 ], [ 73.61668, 21.12564 ], [ 73.61741, 21.12244 ], [ 73.61846, 21.11846 ] ] ] ] } },
{ "type": "Feature", "properties": { "vid": "524636", "gz_state": "GUJARAT", "gz_district": "Surat", "gz_taluka": "Songadh", "gz_village": "Kanji", "gz_village_raw": "Kanji", "gz_sno": 7, "esa_category": "whole_village", "bifurcated": false, "notified_forest": false, "cen_village": "Kanji", "cen_subdistrict": "Songadh", "cen_district": "Tapi", "censuscode": "524636", "lgd_villagecode": 524636, "score": 100.0, "scope": "state", "area_km2": 12.886 }, "geometry": { "type": "MultiPolygon", "coordinates": [ [ [ [ 73.6515, 21.10864 ], [ 73.6519, 21.1076 ], [ 73.65233, 21.10761 ], [ 73.65301, 21.10762 ], [ 73.6534, 21.10763 ], [ 73.65346, 21.10764 ], [ 73.65422, 21.10765 ], [ 73.6591, 21.10788 ], [ 73.65911, 21.10788 ], [ 73.6606, 21.10795 ], [ 73.66104, 21.10797 ], [ 73.6623, 21.10805 ], [ 73.66352, 21.10817 ], [ 73.66366, 21.10818 ], [ 73.66378, 21.10819 ], [ 73.66416, 21.10817 ], [ 73.66419, 21.10816 ], [ 73.66461, 21.10813 ], [ 73.66532, 21.10808 ], [ 73.66534, 21.10808 ], [ 73.66565, 21.1081 ], [ 73.66565, 21.10809 ], [ 73.66555, 21.10783 ], [ 73.66544, 21.10703 ], [ 73.66538, 21.10657 ], [ 73.66525, 21.10601 ], [ 73.66513, 21.10543 ], [ 73.66499, 21.10493 ], [ 73.66484, 21.10397 ], [ 73.66476, 21.10343 ], [ 73.66481, 21.10289 ], [ 73.66467, 21.10167 ], [ 73.66461, 21.10111 ], [ 73.66423, 21.10034 ], [ 73.66378, 21.09949 ], [ 73.66358, 21.0991 ], [ 73.66311, 21.09842 ], [ 73.66262, 21.09797 ], [ 73.66252, 21.09734 ], [ 73.66238, 21.09686 ], [ 73.66222, 21.09627 ], [ 73.66204, 21.09538 ], [ 73.66171, 21.09423 ], [ 73.66169, 21.09382 ], [ 73.66159, 21.0927 ], [ 73.66145, 21.09164 ], [ 73.66135, 21.09009 ], [ 73.6612, 21.0887 ], [ 73.66037, 21.08831 ], [ 73.65982, 21.08794 ], [ 73.65914, 21.08753 ], [ 73.65866, 21.08718 ], [ 73.6578, 21.08617 ], [ 73.65692, 21.08511 ], [ 73.65592, 21.0839 ], [ 73.65593, 21.08346 ], [ 73.65577, 21.08312 ], [ 73.65527, 21.08316 ], [ 73.65479, 21.08315 ], [ 73.65471, 21.08283 ], [ 73.65447, 21.08204 ], [ 73.6542, 21.08202 ], [ 73.654, 21.08107 ], [ 73.65395, 21.08008 ], [ 73.6535, 21.08006 ], [ 73.65304, 21.08001 ], [ 73.65271, 21.07975 ], [ 73.65238, 21.07943 ], [ 73.65222, 21.07889 ], [ 73.65192, 21.07811 ], [ 73.65282, 21.07795 ], [ 73.65268, 21.07761 ], [ 73.6525, 21.077 ], [ 73.65236, 21.07644 ], [ 73.65161, 21.07645 ], [ 73.65158, 21.07585 ], [ 73.65115, 21.07534 ], [ 73.65073, 21.07527 ], [ 73.65011, 21.07515 ], [ 73.64955, 21.07497 ], [ 73.64951, 21.07496 ], [ 73.64929, 21.07458 ], [ 73.64881, 21.07449 ], [ 73.64839, 21.07448 ], [ 73.64783, 21.0744 ], [ 73.64758, 21.07458 ], [ 73.64727, 21.0744 ], [ 73.64658, 21.07448 ], [ 73.64612, 21.07462 ], [ 73.64537, 21.07475 ], [ 73.64542, 21.07513 ], [ 73.64453, 21.07501 ], [ 73.64414, 21.07496 ], [ 73.64276, 21.07508 ], [ 73.64282, 21.0757 ], [ 73.64252, 21.07577 ], [ 73.642, 21.07583 ], [ 73.64173, 21.07576 ], [ 73.64171, 21.07549 ], [ 73.6417, 21.07472 ], [ 73.641, 21.07478 ], [ 73.64006, 21.0749 ], [ 73.63987, 21.07578 ], [ 73.63954, 21.07586 ], [ 73.63968, 21.07638 ], [ 73.63963, 21.07671 ], [ 73.63934, 21.07678 ], [ 73.63879, 21.07724 ], [ 73.63843, 21.07733 ], [ 73.63741, 21.07769 ], [ 73.6368, 21.07786 ], [ 73.63636, 21.07773 ], [ 73.63574, 21.07783 ], [ 73.63542, 21.07813 ], [ 73.63544, 21.07836 ], [ 73.63562, 21.07868 ], [ 73.63594, 21.07909 ], [ 73.63611, 21.07941 ], [ 73.63623, 21.07972 ], [ 73.63641, 21.08008 ], [ 73.63637, 21.08036 ], [ 73.63639, 21.08053 ], [ 73.6369, 21.08071 ], [ 73.63712, 21.08085 ], [ 73.63748, 21.08109 ], [ 73.638, 21.08151 ], [ 73.63833, 21.08177 ], [ 73.63816, 21.08214 ], [ 73.63804, 21.08244 ], [ 73.63785, 21.08287 ], [ 73.63781, 21.08346 ], [ 73.63777, 21.08377 ], [ 73.63774, 21.08422 ], [ 73.6377, 21.08474 ], [ 73.63765, 21.08496 ], [ 73.63647, 21.08497 ], [ 73.63528, 21.08494 ], [ 73.63472, 21.08491 ], [ 73.63388, 21.08491 ], [ 73.63342, 21.0849 ], [ 73.63346, 21.0855 ], [ 73.63346, 21.08623 ], [ 73.63349, 21.08706 ], [ 73.63351, 21.08783 ], [ 73.6336, 21.0882 ], [ 73.63364, 21.08857 ], [ 73.63386, 21.08894 ], [ 73.63408, 21.08932 ], [ 73.6342, 21.08955 ], [ 73.63429, 21.09014 ], [ 73.63438, 21.09068 ], [ 73.63445, 21.09088 ], [ 73.63483, 21.09142 ], [ 73.63505, 21.09171 ], [ 73.63488, 21.0923 ], [ 73.6347, 21.09279 ], [ 73.63459, 21.09319 ], [ 73.6345, 21.0935 ], [ 73.63413, 21.09381 ], [ 73.63351, 21.09425 ], [ 73.63298, 21.0946 ], [ 73.63274, 21.09512 ], [ 73.63257, 21.0955 ], [ 73.63241, 21.09588 ], [ 73.6324, 21.09643 ], [ 73.63249, 21.09686 ], [ 73.63253, 21.09726 ], [ 73.63268, 21.09766 ], [ 73.63274, 21.09842 ], [ 73.63277, 21.09842 ], [ 73.63275, 21.09854 ], [ 73.63274, 21.09922 ], [ 73.63269, 21.09974 ], [ 73.63267, 21.10023 ], [ 73.63259, 21.10083 ], [ 73.6326, 21.1013 ], [ 73.63178, 21.10412 ], [ 73.63196, 21.10521 ], [ 73.63131, 21.10631 ], [ 73.63073, 21.10795 ], [ 73.63039, 21.10793 ], [ 73.63013, 21.10858 ], [ 73.6301, 21.1089 ], [ 73.62949, 21.1089 ], [ 73.62881, 21.10959 ], [ 73.62834, 21.10933 ], [ 73.62702, 21.1102 ], [ 73.62642, 21.11101 ], [ 73.62609, 21.1113 ], [ 73.62574, 21.1116 ], [ 73.62577, 21.11161 ], [ 73.62594, 21.11264 ], [ 73.62596, 21.11379 ], [ 73.62594, 21.11501 ], [ 73.62595, 21.11568 ], [ 73.626, 21.11641 ], [ 73.62597, 21.11699 ], [ 73.62588, 21.11772 ], [ 73.62593, 21.11848 ], [ 73.6259, 21.11903 ], [ 73.62591, 21.11954 ], [ 73.62618, 21.12027 ], [ 73.62638, 21.12082 ], [ 73.62661, 21.12115 ], [ 73.62664, 21.1212 ], [ 73.6267, 21.12131 ], [ 73.62695, 21.12204 ], [ 73.6298, 21.1229 ], [ 73.63098, 21.12326 ], [ 73.63103, 21.12328 ], [ 73.63183, 21.12322 ], [ 73.63221, 21.12319 ], [ 73.63467, 21.12293 ], [ 73.6395, 21.12253 ], [ 73.64071, 21.12234 ], [ 73.64332, 21.12193 ], [ 73.64342, 21.12192 ], [ 73.64481, 21.1216 ], [ 73.64556, 21.12143 ], [ 73.64638, 21.12125 ], [ 73.64758, 21.1184 ], [ 73.64882, 21.11571 ], [ 73.64882, 21.1157 ], [ 73.65, 21.11313 ], [ 73.65038, 21.1118 ], [ 73.6515, 21.10864 ] ] ] ] } },
{ "type": "Feature", "properties": { "vid": "524699", "gz_state": "GUJARAT", "gz_district": "Surat", "gz_taluka": "Songadh", "gz_village": "Ekva Golan", "gz_village_raw": "Ekva Golan", "gz_sno": 8, "esa_category": "whole_village", "bifurcated": false, "notified_forest": false, "cen_village": "Ekva Golan", "cen_subdistrict": "Songadh", "cen_district": "Tapi", "censuscode": "524699", "lgd_villagecode": 524699, "score": 100.0, "scope": "state", "area_km2": 16.919 }, "geometry": { "type": "MultiPolygon", "coordinates": [ [ [ [ 73.7295, 21.09995 ], [ 73.72968, 21.09987 ], [ 73.72981, 21.10021 ], [ 73.73033, 21.10155 ], [ 73.73037, 21.10162 ], [ 73.731, 21.10272 ], [ 73.73124, 21.10315 ], [ 73.73156, 21.10371 ], [ 73.73189, 21.10427 ], [ 73.73198, 21.10443 ], [ 73.73207, 21.10449 ], [ 73.73232, 21.10466 ], [ 73.73253, 21.10475 ], [ 73.73276, 21.10484 ], [ 73.73281, 21.10486 ], [ 73.73295, 21.10492 ], [ 73.73376, 21.10538 ], [ 73.73407, 21.10556 ], [ 73.73442, 21.10588 ], [ 73.73488, 21.10669 ], [ 73.73499, 21.10686 ], [ 73.73572, 21.10808 ], [ 73.73645, 21.109 ], [ 73.73688, 21.10928 ], [ 73.73706, 21.10939 ], [ 73.73713, 21.10944 ], [ 73.73835, 21.10995 ], [ 73.73968, 21.11051 ], [ 73.7399, 21.11061 ], [ 73.74118, 21.11216 ], [ 73.74137, 21.11239 ], [ 73.74153, 21.11259 ], [ 73.74154, 21.1126 ], [ 73.7423, 21.11358 ], [ 73.74316, 21.11469 ], [ 73.74343, 21.11504 ], [ 73.74349, 21.11512 ], [ 73.74362, 21.11515 ], [ 73.74376, 21.11518 ], [ 73.74385, 21.11507 ], [ 73.74395, 21.11494 ], [ 73.74391, 21.1149 ], [ 73.74372, 21.11465 ], [ 73.74318, 21.11394 ], [ 73.74125, 21.1114 ], [ 73.74008, 21.10949 ], [ 73.73976, 21.10897 ], [ 73.73872, 21.10723 ], [ 73.73738, 21.1053 ], [ 73.73708, 21.10487 ], [ 73.73668, 21.1043 ], [ 73.73631, 21.10379 ], [ 73.73477, 21.101 ], [ 73.73476, 21.101 ], [ 73.7346, 21.1007 ], [ 73.73459, 21.10069 ], [ 73.73442, 21.1004 ], [ 73.73385, 21.09946 ], [ 73.73378, 21.09935 ], [ 73.73319, 21.09864 ], [ 73.73315, 21.09854 ], [ 73.73302, 21.09825 ], [ 73.73292, 21.09743 ], [ 73.73282, 21.0966 ], [ 73.7317, 21.09195 ], [ 73.73048, 21.08572 ], [ 73.73015, 21.08376 ], [ 73.72997, 21.08267 ], [ 73.72994, 21.08249 ], [ 73.72991, 21.08247 ], [ 73.72992, 21.08239 ], [ 73.72574, 21.07914 ], [ 73.72484, 21.07892 ], [ 73.7236, 21.07908 ], [ 73.72115, 21.07948 ], [ 73.72015, 21.07949 ], [ 73.71867, 21.07945 ], [ 73.71758, 21.07957 ], [ 73.71643, 21.07967 ], [ 73.71549, 21.07971 ], [ 73.71591, 21.079 ], [ 73.71623, 21.07814 ], [ 73.71625, 21.07766 ], [ 73.71624, 21.07698 ], [ 73.71617, 21.07632 ], [ 73.71606, 21.0759 ], [ 73.71591, 21.07531 ], [ 73.7153, 21.07677 ], [ 73.71389, 21.07799 ], [ 73.71309, 21.07806 ], [ 73.71112, 21.078 ], [ 73.70897, 21.07796 ], [ 73.70848, 21.07786 ], [ 73.70738, 21.07762 ], [ 73.70636, 21.07757 ], [ 73.7055, 21.07758 ], [ 73.7044, 21.07788 ], [ 73.70327, 21.07814 ], [ 73.70268, 21.07851 ], [ 73.70169, 21.07833 ], [ 73.70143, 21.07841 ], [ 73.70037, 21.07761 ], [ 73.70037, 21.07722 ], [ 73.70031, 21.07538 ], [ 73.69982, 21.07466 ], [ 73.69912, 21.07354 ], [ 73.69798, 21.07303 ], [ 73.69637, 21.07293 ], [ 73.69604, 21.07252 ], [ 73.69516, 21.07174 ], [ 73.6947, 21.07101 ], [ 73.69469, 21.07003 ], [ 73.6947, 21.0686 ], [ 73.69448, 21.06774 ], [ 73.6942, 21.06701 ], [ 73.69412, 21.06581 ], [ 73.69402, 21.06486 ], [ 73.69401, 21.06428 ], [ 73.69346, 21.06447 ], [ 73.69289, 21.06488 ], [ 73.6921, 21.06563 ], [ 73.69093, 21.06648 ], [ 73.68961, 21.06646 ], [ 73.68854, 21.06641 ], [ 73.68825, 21.06607 ], [ 73.68799, 21.06521 ], [ 73.68773, 21.0645 ], [ 73.68733, 21.06411 ], [ 73.68704, 21.06371 ], [ 73.68653, 21.06304 ], [ 73.68637, 21.06231 ], [ 73.6864, 21.0617 ], [ 73.68607, 21.06124 ], [ 73.68538, 21.06021 ], [ 73.68487, 21.05929 ], [ 73.6845, 21.05924 ], [ 73.68449, 21.05954 ], [ 73.68459, 21.06098 ], [ 73.68447, 21.06323 ], [ 73.68457, 21.06526 ], [ 73.68499, 21.06764 ], [ 73.68526, 21.07032 ], [ 73.68568, 21.07205 ], [ 73.68555, 21.07386 ], [ 73.68528, 21.07676 ], [ 73.68477, 21.07851 ], [ 73.68378, 21.07996 ], [ 73.68234, 21.08136 ], [ 73.68174, 21.08252 ], [ 73.68152, 21.08375 ], [ 73.68163, 21.086 ], [ 73.68166, 21.08795 ], [ 73.68169, 21.08984 ], [ 73.68157, 21.09208 ], [ 73.68167, 21.09382 ], [ 73.68209, 21.09599 ], [ 73.68258, 21.09797 ], [ 73.68289, 21.09819 ], [ 73.68444, 21.0986 ], [ 73.68568, 21.09917 ], [ 73.68693, 21.09988 ], [ 73.68895, 21.10079 ], [ 73.68895, 21.1008 ], [ 73.69197, 21.10453 ], [ 73.69298, 21.10579 ], [ 73.69389, 21.10695 ], [ 73.69419, 21.10733 ], [ 73.69493, 21.10828 ], [ 73.69608, 21.10974 ], [ 73.69815, 21.11236 ], [ 73.69914, 21.11361 ], [ 73.7008, 21.11573 ], [ 73.70189, 21.11709 ], [ 73.70315, 21.11865 ], [ 73.70292, 21.11736 ], [ 73.70286, 21.11707 ], [ 73.70285, 21.11697 ], [ 73.70284, 21.11681 ], [ 73.70274, 21.11488 ], [ 73.7028, 21.1144 ], [ 73.70284, 21.11402 ], [ 73.70286, 21.11388 ], [ 73.70305, 21.11233 ], [ 73.70329, 21.1114 ], [ 73.70362, 21.11073 ], [ 73.70378, 21.11042 ], [ 73.70424, 21.10974 ], [ 73.70469, 21.10907 ], [ 73.70527, 21.1086 ], [ 73.70549, 21.10843 ], [ 73.70578, 21.10837 ], [ 73.70605, 21.10831 ], [ 73.70671, 21.10814 ], [ 73.71175, 21.10684 ], [ 73.71267, 21.10661 ], [ 73.71408, 21.10624 ], [ 73.71537, 21.10588 ], [ 73.71594, 21.10566 ], [ 73.71594, 21.10565 ], [ 73.71757, 21.10503 ], [ 73.7176, 21.10501 ], [ 73.71803, 21.10483 ], [ 73.71957, 21.10418 ], [ 73.72491, 21.10194 ], [ 73.72689, 21.10111 ], [ 73.7295, 21.09995 ] ] ] ] } },
{ "type": "Feature", "properties": { "vid": "524658", "gz_state": "GUJARAT", "gz_district": "Surat", "gz_taluka": "Songadh", "gz_village": "Medha", "gz_village_raw": "Medha", "gz_sno": 9, "esa_category": "whole_village", "bifurcated": false, "notified_forest": false, "cen_village": "Medha", "cen_subdistrict": "Songadh", "cen_district": "Tapi", "censuscode": "524658", "lgd_villagecode": 524658, "score": 100.0, "scope": "state", "area_km2": 15.744 }, "geometry": { "type": "MultiPolygon", "coordinates": [ [ [ [ 73.68174, 21.08252 ], [ 73.68234, 21.08136 ], [ 73.68378, 21.07996 ], [ 73.68477, 21.07851 ], [ 73.68528, 21.07676 ], [ 73.68555, 21.07386 ], [ 73.68568, 21.07205 ], [ 73.68526, 21.07032 ], [ 73.68499, 21.06764 ], [ 73.68457, 21.06526 ], [ 73.68447, 21.06323 ], [ 73.68459, 21.06098 ], [ 73.68449, 21.05954 ], [ 73.6845, 21.05924 ], [ 73.68422, 21.0592 ], [ 73.68403, 21.05823 ], [ 73.68372, 21.05669 ], [ 73.68333, 21.05666 ], [ 73.6819, 21.05661 ], [ 73.68025, 21.05646 ], [ 73.67915, 21.05647 ], [ 73.67782, 21.05632 ], [ 73.67657, 21.0562 ], [ 73.67557, 21.05621 ], [ 73.67393, 21.0561 ], [ 73.67308, 21.0561 ], [ 73.67275, 21.05653 ], [ 73.67197, 21.05634 ], [ 73.66907, 21.05588 ], [ 73.66696, 21.05553 ], [ 73.66314, 21.05502 ], [ 73.65965, 21.05462 ], [ 73.65709, 21.05471 ], [ 73.65519, 21.05479 ], [ 73.65375, 21.05536 ], [ 73.65278, 21.05679 ], [ 73.652, 21.0576 ], [ 73.65218, 21.05795 ], [ 73.65223, 21.05845 ], [ 73.65203, 21.06004 ], [ 73.65195, 21.06125 ], [ 73.65188, 21.06206 ], [ 73.6513, 21.06381 ], [ 73.65247, 21.06462 ], [ 73.65319, 21.06528 ], [ 73.65292, 21.066 ], [ 73.65248, 21.06702 ], [ 73.65134, 21.06849 ], [ 73.6506, 21.0695 ], [ 73.64983, 21.07041 ], [ 73.64915, 21.07108 ], [ 73.64896, 21.07137 ], [ 73.64886, 21.07151 ], [ 73.64861, 21.07184 ], [ 73.64826, 21.07237 ], [ 73.64806, 21.07266 ], [ 73.64827, 21.07299 ], [ 73.64865, 21.07336 ], [ 73.64899, 21.07357 ], [ 73.64884, 21.07426 ], [ 73.64881, 21.07449 ], [ 73.64929, 21.07458 ], [ 73.64951, 21.07496 ], [ 73.64955, 21.07497 ], [ 73.65011, 21.07515 ], [ 73.65073, 21.07527 ], [ 73.65115, 21.07534 ], [ 73.65158, 21.07585 ], [ 73.65161, 21.07645 ], [ 73.65236, 21.07644 ], [ 73.6525, 21.077 ], [ 73.65268, 21.07761 ], [ 73.65282, 21.07795 ], [ 73.65192, 21.07811 ], [ 73.65222, 21.07889 ], [ 73.65238, 21.07943 ], [ 73.65271, 21.07975 ], [ 73.65304, 21.08001 ], [ 73.6535, 21.08006 ], [ 73.65395, 21.08008 ], [ 73.654, 21.08107 ], [ 73.6542, 21.08202 ], [ 73.65447, 21.08204 ], [ 73.65471, 21.08283 ], [ 73.65479, 21.08315 ], [ 73.65527, 21.08316 ], [ 73.65577, 21.08312 ], [ 73.65593, 21.08346 ], [ 73.65592, 21.0839 ], [ 73.65692, 21.08511 ], [ 73.6578, 21.08617 ], [ 73.65866, 21.08718 ], [ 73.65914, 21.08753 ], [ 73.65982, 21.08794 ], [ 73.66037, 21.08831 ], [ 73.6612, 21.0887 ], [ 73.66135, 21.09009 ], [ 73.66145, 21.09164 ], [ 73.66159, 21.0927 ], [ 73.66169, 21.09382 ], [ 73.66171, 21.09423 ], [ 73.66204, 21.09538 ], [ 73.66222, 21.09627 ], [ 73.66238, 21.09686 ], [ 73.66252, 21.09734 ], [ 73.66262, 21.09797 ], [ 73.66311, 21.09842 ], [ 73.66358, 21.0991 ], [ 73.66378, 21.09949 ], [ 73.66423, 21.10034 ], [ 73.66461, 21.10111 ], [ 73.66467, 21.10167 ], [ 73.66481, 21.10289 ], [ 73.66476, 21.10343 ], [ 73.66484, 21.10397 ], [ 73.66499, 21.10493 ], [ 73.66513, 21.10543 ], [ 73.66525, 21.10601 ], [ 73.66538, 21.10657 ], [ 73.66544, 21.10703 ], [ 73.66555, 21.10783 ], [ 73.66565, 21.10809 ], [ 73.66565, 21.1081 ], [ 73.6685, 21.10825 ], [ 73.67027, 21.10833 ], [ 73.67222, 21.10841 ], [ 73.67303, 21.10844 ], [ 73.6772, 21.10856 ], [ 73.68106, 21.10603 ], [ 73.68212, 21.10532 ], [ 73.68283, 21.10485 ], [ 73.68346, 21.10443 ], [ 73.68671, 21.10227 ], [ 73.68805, 21.10139 ], [ 73.68841, 21.10115 ], [ 73.68884, 21.10087 ], [ 73.68895, 21.10079 ], [ 73.68693, 21.09988 ], [ 73.68568, 21.09917 ], [ 73.68444, 21.0986 ], [ 73.68289, 21.09819 ], [ 73.68258, 21.09797 ], [ 73.68209, 21.09599 ], [ 73.68167, 21.09382 ], [ 73.68157, 21.09208 ], [ 73.68169, 21.08984 ], [ 73.68166, 21.08795 ], [ 73.68163, 21.086 ], [ 73.68152, 21.08375 ], [ 73.68174, 21.08252 ] ] ] ] } },
{ "type": "Feature", "properties": { "vid": "524660", "gz_state": "GUJARAT", "gz_district": "Surat", "gz_taluka": "Songadh", "gz_village": "Nana Tarpada", "gz_village_raw": "Nana Tarpada", "gz_sno": 10, "esa_category": "whole_village", "bifurcated": false, "notified_forest": false, "cen_village": "Nana Tarpada", "cen_subdistrict": "Songadh", "cen_district": "Tapi", "censuscode": "524660", "lgd_villagecode": 524660, "score": 100.0, "scope": "state", "area_km2": 7.091 }, "geometry": { "type": "MultiPolygon", "coordinates": [ [ [ [ 73.73655, 21.0775 ], [ 73.73621, 21.0768 ], [ 73.73611, 21.07654 ], [ 73.73574, 21.07623 ], [ 73.73572, 21.07622 ], [ 73.73571, 21.07622 ], [ 73.73528, 21.07589 ], [ 73.73527, 21.0759 ], [ 73.73501, 21.07535 ], [ 73.7349, 21.07408 ], [ 73.7349, 21.07407 ], [ 73.73484, 21.07334 ], [ 73.73467, 21.0726 ], [ 73.7345, 21.07173 ], [ 73.73441, 21.07117 ], [ 73.73438, 21.07101 ], [ 73.73459, 21.0702 ], [ 73.73516, 21.0681 ], [ 73.73534, 21.06774 ], [ 73.7356, 21.06762 ], [ 73.7357, 21.06758 ], [ 73.73595, 21.06755 ], [ 73.73603, 21.06729 ], [ 73.73629, 21.06621 ], [ 73.73665, 21.06449 ], [ 73.73667, 21.0644 ], [ 73.73667, 21.06394 ], [ 73.73657, 21.06345 ], [ 73.73637, 21.06293 ], [ 73.73618, 21.06259 ], [ 73.73611, 21.06058 ], [ 73.73611, 21.05878 ], [ 73.73583, 21.05839 ], [ 73.73491, 21.05696 ], [ 73.73444, 21.0561 ], [ 73.73434, 21.05589 ], [ 73.73428, 21.05547 ], [ 73.73429, 21.05497 ], [ 73.73465, 21.05397 ], [ 73.735, 21.05367 ], [ 73.73493, 21.05357 ], [ 73.73466, 21.05344 ], [ 73.73442, 21.05331 ], [ 73.73407, 21.05328 ], [ 73.73331, 21.0529 ], [ 73.73275, 21.05249 ], [ 73.73237, 21.05211 ], [ 73.73192, 21.05179 ], [ 73.73154, 21.05176 ], [ 73.73099, 21.05186 ], [ 73.73027, 21.05229 ], [ 73.72973, 21.0524 ], [ 73.72924, 21.0524 ], [ 73.72865, 21.05202 ], [ 73.72824, 21.0517 ], [ 73.72768, 21.05142 ], [ 73.72713, 21.05123 ], [ 73.72661, 21.0513 ], [ 73.72617, 21.0514 ], [ 73.72579, 21.0515 ], [ 73.72517, 21.05151 ], [ 73.72461, 21.051 ], [ 73.72395, 21.05043 ], [ 73.72374, 21.05007 ], [ 73.72346, 21.04975 ], [ 73.72284, 21.04931 ], [ 73.72232, 21.04915 ], [ 73.72108, 21.04904 ], [ 73.71998, 21.04905 ], [ 73.71892, 21.04887 ], [ 73.71795, 21.04888 ], [ 73.71744, 21.04898 ], [ 73.71617, 21.04913 ], [ 73.71555, 21.0491 ], [ 73.71507, 21.04911 ], [ 73.71441, 21.04895 ], [ 73.71396, 21.04896 ], [ 73.71352, 21.04935 ], [ 73.71311, 21.04965 ], [ 73.71215, 21.04962 ], [ 73.71181, 21.04956 ], [ 73.71139, 21.04924 ], [ 73.71102, 21.04918 ], [ 73.71106, 21.04958 ], [ 73.71109, 21.05012 ], [ 73.71113, 21.0506 ], [ 73.71123, 21.05125 ], [ 73.71175, 21.05142 ], [ 73.71215, 21.05172 ], [ 73.7123, 21.05223 ], [ 73.71237, 21.05274 ], [ 73.71238, 21.0532 ], [ 73.71235, 21.05357 ], [ 73.71207, 21.05454 ], [ 73.7119, 21.05541 ], [ 73.71203, 21.05631 ], [ 73.7121, 21.05711 ], [ 73.71175, 21.05779 ], [ 73.71131, 21.05868 ], [ 73.71117, 21.05945 ], [ 73.71163, 21.0601 ], [ 73.71201, 21.0608 ], [ 73.71274, 21.06159 ], [ 73.71314, 21.06204 ], [ 73.71366, 21.0624 ], [ 73.7142, 21.06349 ], [ 73.71451, 21.06437 ], [ 73.71498, 21.06573 ], [ 73.71516, 21.0672 ], [ 73.71534, 21.06957 ], [ 73.71554, 21.07085 ], [ 73.71559, 21.0717 ], [ 73.71584, 21.07275 ], [ 73.71595, 21.07371 ], [ 73.71592, 21.07475 ], [ 73.71591, 21.07531 ], [ 73.71606, 21.0759 ], [ 73.71617, 21.07632 ], [ 73.71624, 21.07698 ], [ 73.71625, 21.07766 ], [ 73.71623, 21.07814 ], [ 73.71591, 21.079 ], [ 73.71549, 21.07971 ], [ 73.71643, 21.07967 ], [ 73.71758, 21.07957 ], [ 73.71867, 21.07945 ], [ 73.72015, 21.07949 ], [ 73.72115, 21.07948 ], [ 73.7236, 21.07908 ], [ 73.72484, 21.07892 ], [ 73.72574, 21.07914 ], [ 73.72992, 21.08239 ], [ 73.72991, 21.08247 ], [ 73.72994, 21.08249 ], [ 73.72993, 21.08243 ], [ 73.73202, 21.08163 ], [ 73.73283, 21.08138 ], [ 73.73426, 21.08093 ], [ 73.73711, 21.08005 ], [ 73.73712, 21.08005 ], [ 73.73714, 21.08004 ], [ 73.73709, 21.07987 ], [ 73.73709, 21.07984 ], [ 73.73706, 21.07974 ], [ 73.73706, 21.07973 ], [ 73.73686, 21.07897 ], [ 73.73655, 21.0775 ] ] ] ] } },
{ "type": "Feature", "properties": { "vid": "524661", "gz_state": "GUJARAT", "gz_district": "Surat", "gz_taluka": "Songadh", "gz_village": "Ojhar", "gz_village_raw": "Ojhar", "gz_sno": 11, "esa_category": "whole_village", "bifurcated": false, "notified_forest": false, "cen_village": "Ojhar", "cen_subdistrict": "Songadh", "cen_district": "Tapi", "censuscode": "524661", "lgd_villagecode": 524661, "score": 100.0, "scope": "state", "area_km2": 6.334 }, "geometry": { "type": "MultiPolygon", "coordinates": [ [ [ [ 73.71592, 21.07475 ], [ 73.71595, 21.07371 ], [ 73.71584, 21.07275 ], [ 73.71559, 21.0717 ], [ 73.71554, 21.07085 ], [ 73.71534, 21.06957 ], [ 73.71516, 21.0672 ], [ 73.71498, 21.06573 ], [ 73.71451, 21.06437 ], [ 73.7142, 21.06349 ], [ 73.71366, 21.0624 ], [ 73.71314, 21.06204 ], [ 73.71274, 21.06159 ], [ 73.71201, 21.0608 ], [ 73.71163, 21.0601 ], [ 73.71117, 21.05945 ], [ 73.71131, 21.05868 ], [ 73.71175, 21.05779 ], [ 73.7121, 21.05711 ], [ 73.71203, 21.05631 ], [ 73.7119, 21.05541 ], [ 73.71207, 21.05454 ], [ 73.71235, 21.05357 ], [ 73.71238, 21.0532 ], [ 73.71237, 21.05274 ], [ 73.7123, 21.05223 ], [ 73.71215, 21.05172 ], [ 73.71175, 21.05142 ], [ 73.71123, 21.05125 ], [ 73.71113, 21.0506 ], [ 73.71109, 21.05012 ], [ 73.71106, 21.04958 ], [ 73.71102, 21.04918 ], [ 73.71049, 21.04887 ], [ 73.70984, 21.04881 ], [ 73.70928, 21.04882 ], [ 73.70849, 21.04883 ], [ 73.70735, 21.04852 ], [ 73.70698, 21.04849 ], [ 73.70703, 21.04827 ], [ 73.7066, 21.04816 ], [ 73.70604, 21.04794 ], [ 73.70517, 21.04771 ], [ 73.70437, 21.04778 ], [ 73.70363, 21.04785 ], [ 73.70258, 21.04797 ], [ 73.70136, 21.04834 ], [ 73.70056, 21.04863 ], [ 73.69958, 21.04893 ], [ 73.69909, 21.04923 ], [ 73.69786, 21.04959 ], [ 73.69681, 21.04983 ], [ 73.69571, 21.05014 ], [ 73.69472, 21.05038 ], [ 73.69367, 21.05039 ], [ 73.69312, 21.0504 ], [ 73.69189, 21.05047 ], [ 73.69091, 21.05077 ], [ 73.69101, 21.0511 ], [ 73.69057, 21.05238 ], [ 73.68928, 21.05212 ], [ 73.68883, 21.05313 ], [ 73.68831, 21.05414 ], [ 73.68807, 21.05508 ], [ 73.68904, 21.05558 ], [ 73.68983, 21.05557 ], [ 73.6904, 21.05559 ], [ 73.69083, 21.05603 ], [ 73.69117, 21.05669 ], [ 73.69157, 21.05753 ], [ 73.69198, 21.05843 ], [ 73.69281, 21.05925 ], [ 73.69394, 21.06062 ], [ 73.69398, 21.06112 ], [ 73.69379, 21.06266 ], [ 73.69387, 21.0635 ], [ 73.69401, 21.06428 ], [ 73.69402, 21.06486 ], [ 73.69412, 21.06581 ], [ 73.6942, 21.06701 ], [ 73.69448, 21.06774 ], [ 73.6947, 21.0686 ], [ 73.69469, 21.07003 ], [ 73.6947, 21.07101 ], [ 73.69516, 21.07174 ], [ 73.69604, 21.07252 ], [ 73.69637, 21.07293 ], [ 73.69798, 21.07303 ], [ 73.69912, 21.07354 ], [ 73.69982, 21.07466 ], [ 73.70031, 21.07538 ], [ 73.70037, 21.07722 ], [ 73.70037, 21.07761 ], [ 73.70143, 21.07841 ], [ 73.70169, 21.07833 ], [ 73.70268, 21.07851 ], [ 73.70327, 21.07814 ], [ 73.7044, 21.07788 ], [ 73.7055, 21.07758 ], [ 73.70636, 21.07757 ], [ 73.70738, 21.07762 ], [ 73.70848, 21.07786 ], [ 73.70897, 21.07796 ], [ 73.71112, 21.078 ], [ 73.71309, 21.07806 ], [ 73.71389, 21.07799 ], [ 73.7153, 21.07677 ], [ 73.71591, 21.07531 ], [ 73.71592, 21.07475 ] ] ] ] } },
{ "type": "Feature", "properties": { "vid": "524665", "gz_state": "GUJARAT", "gz_district": "Surat", "gz_taluka": "Songadh", "gz_village": "Bharadada", "gz_village_raw": "Bharadada", "gz_sno": 12, "esa_category": "whole_village", "bifurcated": false, "notified_forest": false, "cen_village": "Bharadada", "cen_subdistrict": "Songadh", "cen_district": "Tapi", "censuscode": "524665", "lgd_villagecode": 524665, "score": 100.0, "scope": "state", "area_km2": 3.834 }, "geometry": { "type": "MultiPolygon", "coordinates": [ [ [ [ 73.62962, 21.07368 ], [ 73.63015, 21.07389 ], [ 73.6301, 21.07337 ], [ 73.63038, 21.07319 ], [ 73.63045, 21.07279 ], [ 73.63077, 21.07275 ], [ 73.63063, 21.07149 ], [ 73.63099, 21.06995 ], [ 73.6311, 21.06932 ], [ 73.63184, 21.06927 ], [ 73.63183, 21.06865 ], [ 73.632, 21.06817 ], [ 73.63188, 21.06761 ], [ 73.63189, 21.06641 ], [ 73.63202, 21.06563 ], [ 73.63249, 21.06542 ], [ 73.63323, 21.06517 ], [ 73.63361, 21.06503 ], [ 73.63401, 21.06484 ], [ 73.63435, 21.06464 ], [ 73.63456, 21.06452 ], [ 73.63486, 21.06443 ], [ 73.63511, 21.06439 ], [ 73.63555, 21.06361 ], [ 73.6359, 21.06308 ], [ 73.63615, 21.06246 ], [ 73.63623, 21.06192 ], [ 73.63622, 21.06126 ], [ 73.63623, 21.06047 ], [ 73.63626, 21.05969 ], [ 73.63622, 21.05859 ], [ 73.63597, 21.05723 ], [ 73.63582, 21.05586 ], [ 73.63582, 21.05584 ], [ 73.63584, 21.05558 ], [ 73.63615, 21.05481 ], [ 73.63596, 21.05476 ], [ 73.63566, 21.05468 ], [ 73.63519, 21.05455 ], [ 73.63418, 21.05428 ], [ 73.63335, 21.05405 ], [ 73.63273, 21.05391 ], [ 73.6312, 21.05375 ], [ 73.62992, 21.0537 ], [ 73.62928, 21.05367 ], [ 73.62748, 21.05301 ], [ 73.62654, 21.05264 ], [ 73.62553, 21.05217 ], [ 73.6252, 21.05126 ], [ 73.62406, 21.05035 ], [ 73.6232, 21.0513 ], [ 73.6227, 21.0519 ], [ 73.62159, 21.05303 ], [ 73.62087, 21.05372 ], [ 73.6205, 21.05402 ], [ 73.61945, 21.05406 ], [ 73.61771, 21.05413 ], [ 73.61684, 21.05422 ], [ 73.61618, 21.05428 ], [ 73.61505, 21.05439 ], [ 73.61418, 21.05448 ], [ 73.61401, 21.05464 ], [ 73.61329, 21.05459 ], [ 73.61273, 21.05599 ], [ 73.61345, 21.05675 ], [ 73.61411, 21.05718 ], [ 73.61465, 21.05753 ], [ 73.61546, 21.05766 ], [ 73.61584, 21.05766 ], [ 73.61655, 21.05777 ], [ 73.61693, 21.05789 ], [ 73.61692, 21.05833 ], [ 73.61673, 21.05859 ], [ 73.61661, 21.05913 ], [ 73.61658, 21.06034 ], [ 73.6166, 21.06134 ], [ 73.61659, 21.06227 ], [ 73.61651, 21.06297 ], [ 73.61644, 21.06412 ], [ 73.61639, 21.06504 ], [ 73.6164, 21.06554 ], [ 73.61638, 21.06574 ], [ 73.61706, 21.06583 ], [ 73.61719, 21.06605 ], [ 73.61726, 21.06651 ], [ 73.61734, 21.06711 ], [ 73.61745, 21.06731 ], [ 73.61833, 21.06788 ], [ 73.61885, 21.06818 ], [ 73.61928, 21.06846 ], [ 73.61943, 21.06861 ], [ 73.61941, 21.06889 ], [ 73.61975, 21.06915 ], [ 73.62008, 21.06949 ], [ 73.62023, 21.06982 ], [ 73.62058, 21.07014 ], [ 73.62105, 21.07045 ], [ 73.62131, 21.07061 ], [ 73.62119, 21.07113 ], [ 73.62117, 21.07149 ], [ 73.62111, 21.07197 ], [ 73.6211, 21.07251 ], [ 73.62105, 21.07335 ], [ 73.62095, 21.07393 ], [ 73.62096, 21.07411 ], [ 73.6216, 21.07412 ], [ 73.62201, 21.07428 ], [ 73.62228, 21.07415 ], [ 73.62249, 21.07407 ], [ 73.62294, 21.07387 ], [ 73.62355, 21.07372 ], [ 73.62389, 21.07352 ], [ 73.62479, 21.07377 ], [ 73.62584, 21.07418 ], [ 73.62639, 21.07441 ], [ 73.62718, 21.0747 ], [ 73.62793, 21.07503 ], [ 73.62819, 21.07511 ], [ 73.62846, 21.07503 ], [ 73.62912, 21.07484 ], [ 73.62933, 21.0742 ], [ 73.62962, 21.07368 ] ] ] ] } },
{ "type": "Feature", "properties": { "vid": "524662", "gz_state": "GUJARAT", "gz_district": "Surat", "gz_taluka": "Songadh", "gz_village": "Hindla", "gz_village_raw": "Hindla", "gz_sno": 13, "esa_category": "whole_village", "bifurcated": false, "notified_forest": false, "cen_village": "Hindla", "cen_subdistrict": "Songadh", "cen_district": "Tapi", "censuscode": "524662", "lgd_villagecode": 524662, "score": 100.0, "scope": "state", "area_km2": 2.661 }, "geometry": { "type": "MultiPolygon", "coordinates": [ [ [ [ 73.69387, 21.0635 ], [ 73.69379, 21.06266 ], [ 73.69398, 21.06112 ], [ 73.69394, 21.06062 ], [ 73.69281, 21.05925 ], [ 73.69198, 21.05843 ], [ 73.69157, 21.05753 ], [ 73.69117, 21.05669 ], [ 73.69083, 21.05603 ], [ 73.6904, 21.05559 ], [ 73.68983, 21.05557 ], [ 73.68904, 21.05558 ], [ 73.68807, 21.05508 ], [ 73.68831, 21.05414 ], [ 73.68883, 21.05313 ], [ 73.68928, 21.05212 ], [ 73.69057, 21.05238 ], [ 73.69101, 21.0511 ], [ 73.69091, 21.05077 ], [ 73.69032, 21.05037 ], [ 73.68975, 21.05007 ], [ 73.68928, 21.04978 ], [ 73.6887, 21.04935 ], [ 73.68809, 21.04882 ], [ 73.68769, 21.04855 ], [ 73.68715, 21.04829 ], [ 73.68661, 21.0482 ], [ 73.68597, 21.04831 ], [ 73.68519, 21.04852 ], [ 73.6848, 21.04865 ], [ 73.68416, 21.04856 ], [ 73.68337, 21.04823 ], [ 73.68275, 21.04791 ], [ 73.68215, 21.04691 ], [ 73.68189, 21.046 ], [ 73.68156, 21.0452 ], [ 73.68119, 21.0445 ], [ 73.68083, 21.04397 ], [ 73.68035, 21.04334 ], [ 73.67977, 21.04278 ], [ 73.67895, 21.04242 ], [ 73.67837, 21.04219 ], [ 73.67809, 21.04213 ], [ 73.67741, 21.04187 ], [ 73.67654, 21.04144 ], [ 73.67561, 21.04105 ], [ 73.67507, 21.04089 ], [ 73.67497, 21.04116 ], [ 73.67483, 21.04153 ], [ 73.67487, 21.04216 ], [ 73.67499, 21.0426 ], [ 73.67521, 21.04313 ], [ 73.67568, 21.04366 ], [ 73.67576, 21.04396 ], [ 73.67616, 21.04439 ], [ 73.67606, 21.04483 ], [ 73.67599, 21.04523 ], [ 73.67617, 21.04563 ], [ 73.67632, 21.04593 ], [ 73.67583, 21.04624 ], [ 73.67561, 21.04591 ], [ 73.6754, 21.04614 ], [ 73.67511, 21.04628 ], [ 73.67479, 21.04632 ], [ 73.67433, 21.04649 ], [ 73.6738, 21.0466 ], [ 73.67322, 21.04654 ], [ 73.67312, 21.04674 ], [ 73.67299, 21.04788 ], [ 73.67293, 21.04867 ], [ 73.67291, 21.0494 ], [ 73.67252, 21.04991 ], [ 73.67221, 21.05035 ], [ 73.67189, 21.05072 ], [ 73.67268, 21.05095 ], [ 73.67318, 21.05118 ], [ 73.67359, 21.05201 ], [ 73.67392, 21.05264 ], [ 73.67421, 21.05311 ], [ 73.67437, 21.05388 ], [ 73.67431, 21.05468 ], [ 73.67442, 21.05519 ], [ 73.67368, 21.05566 ], [ 73.67329, 21.05583 ], [ 73.67308, 21.0561 ], [ 73.67393, 21.0561 ], [ 73.67557, 21.05621 ], [ 73.67657, 21.0562 ], [ 73.67782, 21.05632 ], [ 73.67915, 21.05647 ], [ 73.68025, 21.05646 ], [ 73.6819, 21.05661 ], [ 73.68333, 21.05666 ], [ 73.68372, 21.05669 ], [ 73.68403, 21.05823 ], [ 73.68422, 21.0592 ], [ 73.6845, 21.05924 ], [ 73.68487, 21.05929 ], [ 73.68538, 21.06021 ], [ 73.68607, 21.06124 ], [ 73.6864, 21.0617 ], [ 73.68637, 21.06231 ], [ 73.68653, 21.06304 ], [ 73.68704, 21.06371 ], [ 73.68733, 21.06411 ], [ 73.68773, 21.0645 ], [ 73.68799, 21.06521 ], [ 73.68825, 21.06607 ], [ 73.68854, 21.06641 ], [ 73.68961, 21.06646 ], [ 73.69093, 21.06648 ], [ 73.6921, 21.06563 ], [ 73.69289, 21.06488 ], [ 73.69346, 21.06447 ], [ 73.69401, 21.06428 ], [ 73.69387, 21.0635 ] ] ] ] } },
{ "type": "Feature", "properties": { "vid": "524663", "gz_state": "GUJARAT", "gz_district": "Surat", "gz_taluka": "Songadh", "gz_village": "Khadi", "gz_village_raw": "Khadi", "gz_sno": 14, "esa_category": "whole_village", "bifurcated": false, "notified_forest": false, "cen_village": "Khadi", "cen_subdistrict": "Songadh", "cen_district": "Tapi", "censuscode": "524663", "lgd_villagecode": 524663, "score": 100.0, "scope": "state", "area_km2": 6.174 }, "geometry": { "type": "MultiPolygon", "coordinates": [ [ [ [ 73.65965, 21.05462 ], [ 73.66314, 21.05502 ], [ 73.66696, 21.05553 ], [ 73.66907, 21.05588 ], [ 73.67197, 21.05634 ], [ 73.67275, 21.05653 ], [ 73.67308, 21.0561 ], [ 73.67329, 21.05583 ], [ 73.67368, 21.05566 ], [ 73.67442, 21.05519 ], [ 73.67431, 21.05468 ], [ 73.67437, 21.05388 ], [ 73.67421, 21.05311 ], [ 73.67392, 21.05264 ], [ 73.67359, 21.05201 ], [ 73.67318, 21.05118 ], [ 73.67268, 21.05095 ], [ 73.67189, 21.05072 ], [ 73.67221, 21.05035 ], [ 73.67252, 21.04991 ], [ 73.67291, 21.0494 ], [ 73.67293, 21.04867 ], [ 73.67299, 21.04788 ], [ 73.67312, 21.04674 ], [ 73.67322, 21.04654 ], [ 73.6738, 21.0466 ], [ 73.67433, 21.04649 ], [ 73.67479, 21.04632 ], [ 73.67511, 21.04628 ], [ 73.6754, 21.04614 ], [ 73.67561, 21.04591 ], [ 73.67583, 21.04624 ], [ 73.67632, 21.04593 ], [ 73.67617, 21.04563 ], [ 73.67599, 21.04523 ], [ 73.67606, 21.04483 ], [ 73.67616, 21.04439 ], [ 73.67576, 21.04396 ], [ 73.67568, 21.04366 ], [ 73.67521, 21.04313 ], [ 73.67499, 21.0426 ], [ 73.67487, 21.04216 ], [ 73.67483, 21.04153 ], [ 73.67497, 21.04116 ], [ 73.67507, 21.04089 ], [ 73.67489, 21.04055 ], [ 73.67404, 21.04043 ], [ 73.6735, 21.04022 ], [ 73.67249, 21.04004 ], [ 73.67205, 21.0399 ], [ 73.67181, 21.03982 ], [ 73.67127, 21.03967 ], [ 73.6707, 21.03949 ], [ 73.66999, 21.03937 ], [ 73.66925, 21.03935 ], [ 73.66858, 21.03923 ], [ 73.66766, 21.03905 ], [ 73.66668, 21.03871 ], [ 73.66597, 21.03847 ], [ 73.66526, 21.03819 ], [ 73.66476, 21.03807 ], [ 73.66431, 21.03763 ], [ 73.6637, 21.03729 ], [ 73.66306, 21.03689 ], [ 73.66232, 21.03683 ], [ 73.66165, 21.03712 ], [ 73.66077, 21.03755 ], [ 73.66055, 21.03811 ], [ 73.65917, 21.03883 ], [ 73.65798, 21.03918 ], [ 73.6559, 21.0402 ], [ 73.65529, 21.04129 ], [ 73.65483, 21.04252 ], [ 73.65396, 21.04264 ], [ 73.65297, 21.04254 ], [ 73.65222, 21.04266 ], [ 73.65092, 21.04282 ], [ 73.64961, 21.04298 ], [ 73.64819, 21.04289 ], [ 73.64652, 21.04275 ], [ 73.6453, 21.04262 ], [ 73.64415, 21.04248 ], [ 73.64264, 21.0422 ], [ 73.64192, 21.04173 ], [ 73.64144, 21.04136 ], [ 73.64041, 21.04115 ], [ 73.63898, 21.04091 ], [ 73.63748, 21.04084 ], [ 73.63742, 21.04084 ], [ 73.63734, 21.04123 ], [ 73.63721, 21.04187 ], [ 73.63709, 21.04279 ], [ 73.6369, 21.0436 ], [ 73.63667, 21.04474 ], [ 73.63657, 21.04546 ], [ 73.63637, 21.04639 ], [ 73.63613, 21.0472 ], [ 73.63646, 21.04781 ], [ 73.63645, 21.04816 ], [ 73.63637, 21.04872 ], [ 73.63629, 21.04975 ], [ 73.6362, 21.05104 ], [ 73.63613, 21.05187 ], [ 73.63607, 21.0529 ], [ 73.63599, 21.05407 ], [ 73.63596, 21.05476 ], [ 73.63615, 21.05481 ], [ 73.63584, 21.05558 ], [ 73.63638, 21.05512 ], [ 73.63776, 21.0548 ], [ 73.63933, 21.05423 ], [ 73.64215, 21.05376 ], [ 73.64479, 21.05448 ], [ 73.64618, 21.05526 ], [ 73.6487, 21.05579 ], [ 73.65009, 21.05645 ], [ 73.652, 21.0576 ], [ 73.65278, 21.05679 ], [ 73.65375, 21.05536 ], [ 73.65519, 21.05479 ], [ 73.65709, 21.05471 ], [ 73.65965, 21.05462 ] ] ] ] } },
{ "type": "Feature", "properties": { "vid": "524678", "gz_state": "GUJARAT", "gz_district": "Surat", "gz_taluka": "Songadh", "gz_village": "Temka", "gz_village_raw": "Temka", "gz_sno": 15, "esa_category": "whole_village", "bifurcated": false, "notified_forest": false, "cen_village": "Temka", "cen_subdistrict": "Songadh", "cen_district": "Tapi", "censuscode": "524678", "lgd_villagecode": 524678, "score": 100.0, "scope": "state", "area_km2": 2.203 }, "geometry": { "type": "MultiPolygon", "coordinates": [ [ [ [ 73.62379, 21.04992 ], [ 73.62307, 21.04912 ], [ 73.62216, 21.04842 ], [ 73.62168, 21.04801 ], [ 73.62072, 21.04689 ], [ 73.62008, 21.04598 ], [ 73.61956, 21.0452 ], [ 73.6192, 21.04458 ], [ 73.61894, 21.0441 ], [ 73.61911, 21.04273 ], [ 73.61939, 21.04121 ], [ 73.61953, 21.04063 ], [ 73.61937, 21.04038 ], [ 73.61913, 21.04003 ], [ 73.61872, 21.03951 ], [ 73.61844, 21.03901 ], [ 73.61811, 21.03874 ], [ 73.6176, 21.03858 ], [ 73.61708, 21.0384 ], [ 73.6165, 21.03817 ], [ 73.61628, 21.03816 ], [ 73.61569, 21.03811 ], [ 73.61508, 21.03796 ], [ 73.61461, 21.03814 ], [ 73.61443, 21.03803 ], [ 73.61392, 21.03804 ], [ 73.61284, 21.03805 ], [ 73.61227, 21.03807 ], [ 73.61131, 21.0381 ], [ 73.61055, 21.03807 ], [ 73.61049, 21.03771 ], [ 73.61004, 21.03772 ], [ 73.60965, 21.03772 ], [ 73.60935, 21.03772 ], [ 73.60931, 21.03819 ], [ 73.6093, 21.03862 ], [ 73.60901, 21.03854 ], [ 73.609, 21.03882 ], [ 73.60911, 21.0392 ], [ 73.60917, 21.03969 ], [ 73.60923, 21.04032 ], [ 73.6092, 21.04121 ], [ 73.60848, 21.04127 ], [ 73.60822, 21.04128 ], [ 73.60774, 21.04134 ], [ 73.60732, 21.04143 ], [ 73.607, 21.04157 ], [ 73.6071, 21.04208 ], [ 73.6071, 21.04244 ], [ 73.60706, 21.04278 ], [ 73.60698, 21.04316 ], [ 73.6069, 21.04332 ], [ 73.60708, 21.04421 ], [ 73.60722, 21.0449 ], [ 73.60738, 21.04525 ], [ 73.60739, 21.04555 ], [ 73.6076, 21.0457 ], [ 73.60763, 21.04594 ], [ 73.60759, 21.04614 ], [ 73.60765, 21.04662 ], [ 73.60767, 21.04689 ], [ 73.60786, 21.0472 ], [ 73.60801, 21.04782 ], [ 73.60807, 21.04815 ], [ 73.6081, 21.04839 ], [ 73.60813, 21.04877 ], [ 73.60793, 21.04897 ], [ 73.60778, 21.04914 ], [ 73.60767, 21.04936 ], [ 73.60767, 21.05011 ], [ 73.6076, 21.05067 ], [ 73.60761, 21.0509 ], [ 73.60784, 21.051 ], [ 73.60805, 21.05093 ], [ 73.60828, 21.05091 ], [ 73.60861, 21.05116 ], [ 73.60884, 21.05122 ], [ 73.60904, 21.05127 ], [ 73.6092, 21.05139 ], [ 73.6092, 21.0517 ], [ 73.60923, 21.05217 ], [ 73.60932, 21.0524 ], [ 73.60976, 21.05288 ], [ 73.60975, 21.05242 ], [ 73.61069, 21.05315 ], [ 73.61136, 21.05358 ], [ 73.61211, 21.05405 ], [ 73.61273, 21.05433 ], [ 73.61304, 21.05447 ], [ 73.61329, 21.05459 ], [ 73.61401, 21.05464 ], [ 73.61418, 21.05448 ], [ 73.61505, 21.05439 ], [ 73.61618, 21.05428 ], [ 73.61684, 21.05422 ], [ 73.61771, 21.05413 ], [ 73.61945, 21.05406 ], [ 73.6205, 21.05402 ], [ 73.62087, 21.05372 ], [ 73.62159, 21.05303 ], [ 73.6227, 21.0519 ], [ 73.6232, 21.0513 ], [ 73.62406, 21.05035 ], [ 73.62379, 21.04992 ] ] ] ] } },
{ "type": "Feature", "properties": { "vid": "524680", "gz_state": "GUJARAT", "gz_district": "Surat", "gz_taluka": "Songadh", "gz_village": "Dardi", "gz_village_raw": "Dardi", "gz_sno": 16, "esa_category": "whole_village", "bifurcated": false, "notified_forest": false, "cen_village": "Dardi", "cen_subdistrict": "Songadh", "cen_district": "Tapi", "censuscode": "524680", "lgd_villagecode": 524680, "score": 100.0, "scope": "state", "area_km2": 2.854 }, "geometry": { "type": "MultiPolygon", "coordinates": [ [ [ [ 73.62293, 21.03382 ], [ 73.62279, 21.03437 ], [ 73.6227, 21.03532 ], [ 73.62262, 21.03591 ], [ 73.62242, 21.03696 ], [ 73.6223, 21.03716 ], [ 73.62202, 21.03749 ], [ 73.62158, 21.03816 ], [ 73.62129, 21.03864 ], [ 73.62057, 21.03948 ], [ 73.61992, 21.0402 ], [ 73.61953, 21.04063 ], [ 73.61939, 21.04121 ], [ 73.61911, 21.04273 ], [ 73.61894, 21.0441 ], [ 73.6192, 21.04458 ], [ 73.61956, 21.0452 ], [ 73.62008, 21.04598 ], [ 73.62072, 21.04689 ], [ 73.62168, 21.04801 ], [ 73.62216, 21.04842 ], [ 73.62307, 21.04912 ], [ 73.62379, 21.04992 ], [ 73.62406, 21.05035 ], [ 73.6252, 21.05126 ], [ 73.62553, 21.05217 ], [ 73.62654, 21.05264 ], [ 73.62748, 21.05301 ], [ 73.62928, 21.05367 ], [ 73.62992, 21.0537 ], [ 73.6312, 21.05375 ], [ 73.63273, 21.05391 ], [ 73.63335, 21.05405 ], [ 73.63418, 21.05428 ], [ 73.63519, 21.05455 ], [ 73.63566, 21.05468 ], [ 73.63596, 21.05476 ], [ 73.63599, 21.05407 ], [ 73.63607, 21.0529 ], [ 73.63613, 21.05187 ], [ 73.6362, 21.05104 ], [ 73.63629, 21.04975 ], [ 73.63637, 21.04872 ], [ 73.63645, 21.04816 ], [ 73.63646, 21.04781 ], [ 73.63613, 21.0472 ], [ 73.63637, 21.04639 ], [ 73.63657, 21.04546 ], [ 73.63667, 21.04474 ], [ 73.6369, 21.0436 ], [ 73.63709, 21.04279 ], [ 73.63721, 21.04187 ], [ 73.63734, 21.04123 ], [ 73.63742, 21.04084 ], [ 73.63659, 21.04032 ], [ 73.63629, 21.04013 ], [ 73.63536, 21.03961 ], [ 73.63451, 21.03899 ], [ 73.6338, 21.03838 ], [ 73.63313, 21.03802 ], [ 73.63249, 21.03773 ], [ 73.63176, 21.03734 ], [ 73.63105, 21.03699 ], [ 73.63028, 21.03679 ], [ 73.62934, 21.03616 ], [ 73.62859, 21.03567 ], [ 73.62783, 21.03524 ], [ 73.6271, 21.03491 ], [ 73.62582, 21.03436 ], [ 73.62541, 21.03415 ], [ 73.62501, 21.03408 ], [ 73.62459, 21.03406 ], [ 73.62381, 21.03394 ], [ 73.62334, 21.03386 ], [ 73.62293, 21.03382 ] ] ] ] } },
{ "type": "Feature", "properties": { "vid": "524688", "gz_state": "GUJARAT", "gz_district": "Surat", "gz_taluka": "Songadh", "gz_village": "Seljhar", "gz_village_raw": "Seljhar", "gz_sno": 17, "esa_category": "whole_village", "bifurcated": false, "notified_forest": false, "cen_village": "Seljhar", "cen_subdistrict": "Songadh", "cen_district": "Tapi", "censuscode": "524688", "lgd_villagecode": 524688, "score": 100.0, "scope": "state", "area_km2": 2.83 }, "geometry": { "type": "MultiPolygon", "coordinates": [ [ [ [ 73.65049, 21.02799 ], [ 73.65232, 21.02827 ], [ 73.65263, 21.02796 ], [ 73.65379, 21.02784 ], [ 73.65494, 21.02757 ], [ 73.65596, 21.02726 ], [ 73.65719, 21.02721 ], [ 73.65947, 21.02689 ], [ 73.66098, 21.02672 ], [ 73.66164, 21.02683 ], [ 73.66206, 21.02641 ], [ 73.66243, 21.02603 ], [ 73.66242, 21.0253 ], [ 73.66218, 21.02444 ], [ 73.66209, 21.02404 ], [ 73.66208, 21.02337 ], [ 73.66213, 21.02288 ], [ 73.66212, 21.02223 ], [ 73.66211, 21.02172 ], [ 73.66204, 21.02092 ], [ 73.66194, 21.0198 ], [ 73.66205, 21.01931 ], [ 73.66204, 21.01883 ], [ 73.66238, 21.01829 ], [ 73.66254, 21.01796 ], [ 73.66256, 21.01734 ], [ 73.66253, 21.01678 ], [ 73.66223, 21.01632 ], [ 73.66197, 21.01557 ], [ 73.66187, 21.01514 ], [ 73.66184, 21.01463 ], [ 73.66183, 21.01417 ], [ 73.6619, 21.0119 ], [ 73.66191, 21.01149 ], [ 73.66184, 21.01095 ], [ 73.66177, 21.01015 ], [ 73.66177, 21.01007 ], [ 73.66177, 21.00974 ], [ 73.6615, 21.0088 ], [ 73.66149, 21.00838 ], [ 73.66149, 21.00835 ], [ 73.6615, 21.00834 ], [ 73.66163, 21.00756 ], [ 73.66077, 21.00758 ], [ 73.66019, 21.00767 ], [ 73.65959, 21.00715 ], [ 73.659, 21.00682 ], [ 73.65848, 21.00667 ], [ 73.65812, 21.0065 ], [ 73.65756, 21.00645 ], [ 73.65601, 21.00632 ], [ 73.655, 21.00604 ], [ 73.65365, 21.00477 ], [ 73.65344, 21.00533 ], [ 73.65307, 21.00587 ], [ 73.65274, 21.007 ], [ 73.65253, 21.0073 ], [ 73.65231, 21.00776 ], [ 73.6523, 21.00829 ], [ 73.6523, 21.00867 ], [ 73.65236, 21.00909 ], [ 73.65249, 21.00945 ], [ 73.65257, 21.0098 ], [ 73.65264, 21.01019 ], [ 73.6524, 21.01173 ], [ 73.65239, 21.01199 ], [ 73.65237, 21.01239 ], [ 73.65234, 21.01277 ], [ 73.6521, 21.01324 ], [ 73.6518, 21.01402 ], [ 73.6516, 21.01438 ], [ 73.65138, 21.01506 ], [ 73.65137, 21.01537 ], [ 73.65128, 21.01586 ], [ 73.65121, 21.01628 ], [ 73.65078, 21.01757 ], [ 73.64989, 21.01848 ], [ 73.64932, 21.01905 ], [ 73.64826, 21.01986 ], [ 73.64806, 21.02 ], [ 73.64765, 21.02059 ], [ 73.64755, 21.02193 ], [ 73.64741, 21.02264 ], [ 73.64702, 21.02324 ], [ 73.647, 21.02364 ], [ 73.64657, 21.02384 ], [ 73.64632, 21.02484 ], [ 73.64618, 21.02555 ], [ 73.64631, 21.02657 ], [ 73.64656, 21.02723 ], [ 73.64658, 21.02788 ], [ 73.64677, 21.02788 ], [ 73.64876, 21.02834 ], [ 73.64986, 21.02811 ], [ 73.65049, 21.02799 ] ] ] ] } },
{ "type": "Feature", "properties": { "vid": "524692", "gz_state": "GUJARAT", "gz_district": "Surat", "gz_taluka": "Songadh", "gz_village": "Kapad Bandh", "gz_village_raw": "Kapad Bandh", "gz_sno": 18, "esa_category": "whole_village", "bifurcated": false, "notified_forest": false, "cen_village": "Kapad Bandh", "cen_subdistrict": "Songadh", "cen_district": "Tapi", "censuscode": "524692", "lgd_villagecode": 524692, "score": 100.0, "scope": "state", "area_km2": 12.944 }, "geometry": { "type": "MultiPolygon", "coordinates": [ [ [ [ 73.63956, 21.01866 ], [ 73.64053, 21.01885 ], [ 73.64199, 21.0192 ], [ 73.64318, 21.01956 ], [ 73.64473, 21.01991 ], [ 73.6458, 21.02033 ], [ 73.64616, 21.02044 ], [ 73.64758, 21.02008 ], [ 73.64806, 21.01999 ], [ 73.64826, 21.01986 ], [ 73.64932, 21.01905 ], [ 73.64989, 21.01848 ], [ 73.65078, 21.01757 ], [ 73.65121, 21.01628 ], [ 73.65128, 21.01586 ], [ 73.65137, 21.01537 ], [ 73.65138, 21.01506 ], [ 73.6516, 21.01438 ], [ 73.6518, 21.01402 ], [ 73.6521, 21.01324 ], [ 73.65234, 21.01277 ], [ 73.65237, 21.01239 ], [ 73.65239, 21.01199 ], [ 73.6524, 21.01173 ], [ 73.65264, 21.01019 ], [ 73.65257, 21.0098 ], [ 73.65249, 21.00945 ], [ 73.65236, 21.00909 ], [ 73.6523, 21.00867 ], [ 73.6523, 21.00829 ], [ 73.65231, 21.00776 ], [ 73.65253, 21.0073 ], [ 73.65274, 21.007 ], [ 73.65307, 21.00587 ], [ 73.65344, 21.00533 ], [ 73.65365, 21.00477 ], [ 73.65364, 21.00477 ], [ 73.65354, 21.00468 ], [ 73.65282, 21.00371 ], [ 73.65199, 21.00252 ], [ 73.65076, 21.00067 ], [ 73.65105, 21.0 ], [ 73.65117, 20.99978 ], [ 73.65177, 20.99911 ], [ 73.65222, 20.99843 ], [ 73.65244, 20.99808 ], [ 73.65218, 20.99706 ], [ 73.65204, 20.99621 ], [ 73.65216, 20.99576 ], [ 73.65283, 20.99382 ], [ 73.65267, 20.99346 ], [ 73.65212, 20.99186 ], [ 73.65183, 20.99141 ], [ 73.65118, 20.99074 ], [ 73.65047, 20.99043 ], [ 73.64992, 20.99112 ], [ 73.64948, 20.99136 ], [ 73.64926, 20.99142 ], [ 73.64878, 20.99154 ], [ 73.64811, 20.9915 ], [ 73.6471, 20.99138 ], [ 73.64624, 20.99099 ], [ 73.64567, 20.99053 ], [ 73.64515, 20.98982 ], [ 73.64498, 20.98922 ], [ 73.64487, 20.98865 ], [ 73.64487, 20.98859 ], [ 73.64481, 20.98796 ], [ 73.64489, 20.98714 ], [ 73.64507, 20.9866 ], [ 73.64558, 20.98578 ], [ 73.64567, 20.98562 ], [ 73.64614, 20.98463 ], [ 73.64617, 20.98371 ], [ 73.64608, 20.98286 ], [ 73.64589, 20.9818 ], [ 73.64551, 20.98096 ], [ 73.64474, 20.97943 ], [ 73.64435, 20.97876 ], [ 73.64418, 20.97847 ], [ 73.64319, 20.97765 ], [ 73.64254, 20.97738 ], [ 73.64154, 20.97708 ], [ 73.64049, 20.97695 ], [ 73.63972, 20.97649 ], [ 73.63919, 20.97619 ], [ 73.63871, 20.97591 ], [ 73.63784, 20.97534 ], [ 73.63783, 20.97533 ], [ 73.63694, 20.97514 ], [ 73.63581, 20.97533 ], [ 73.63559, 20.97537 ], [ 73.63494, 20.9756 ], [ 73.63419, 20.97606 ], [ 73.63248, 20.97685 ], [ 73.63055, 20.9777 ], [ 73.62961, 20.97827 ], [ 73.62892, 20.97892 ], [ 73.62815, 20.98046 ], [ 73.6279, 20.98083 ], [ 73.62736, 20.98165 ], [ 73.62719, 20.9819 ], [ 73.62642, 20.98279 ], [ 73.62548, 20.98349 ], [ 73.62446, 20.98429 ], [ 73.62359, 20.98512 ], [ 73.62324, 20.98564 ], [ 73.6227, 20.98682 ], [ 73.62234, 20.98769 ], [ 73.62194, 20.98881 ], [ 73.62125, 20.99014 ], [ 73.62027, 20.99088 ], [ 73.61924, 20.99131 ], [ 73.61703, 20.99189 ], [ 73.61586, 20.99204 ], [ 73.61384, 20.99231 ], [ 73.61327, 20.99246 ], [ 73.61328, 20.99247 ], [ 73.61331, 20.99259 ], [ 73.61338, 20.99278 ], [ 73.61343, 20.9929 ], [ 73.61433, 20.9941 ], [ 73.6145, 20.99426 ], [ 73.61468, 20.99439 ], [ 73.61505, 20.99456 ], [ 73.6153, 20.99467 ], [ 73.61551, 20.99484 ], [ 73.61573, 20.99499 ], [ 73.61591, 20.9952 ], [ 73.61613, 20.99531 ], [ 73.61637, 20.99541 ], [ 73.61666, 20.99553 ], [ 73.61697, 20.99558 ], [ 73.61741, 20.99583 ], [ 73.61814, 20.99625 ], [ 73.61851, 20.99684 ], [ 73.61868, 20.99703 ], [ 73.61914, 20.99747 ], [ 73.61944, 20.99794 ], [ 73.62003, 20.99899 ], [ 73.62028, 20.99946 ], [ 73.62054, 20.99995 ], [ 73.62095, 21.00087 ], [ 73.62101, 21.00155 ], [ 73.62115, 21.00196 ], [ 73.62148, 21.00221 ], [ 73.62174, 21.00257 ], [ 73.62261, 21.00359 ], [ 73.62334, 21.00442 ], [ 73.62387, 21.00569 ], [ 73.624, 21.00612 ], [ 73.6241, 21.00649 ], [ 73.62411, 21.00692 ], [ 73.62411, 21.00719 ], [ 73.62409, 21.00751 ], [ 73.62427, 21.00808 ], [ 73.62457, 21.00948 ], [ 73.6241, 21.01038 ], [ 73.62409, 21.01127 ], [ 73.62415, 21.01169 ], [ 73.62454, 21.01224 ], [ 73.62497, 21.01284 ], [ 73.62513, 21.01359 ], [ 73.62515, 21.01483 ], [ 73.62512, 21.01506 ], [ 73.62511, 21.01579 ], [ 73.62526, 21.01624 ], [ 73.62561, 21.01697 ], [ 73.62638, 21.01767 ], [ 73.62699, 21.01843 ], [ 73.62733, 21.01894 ], [ 73.62856, 21.01989 ], [ 73.62926, 21.02056 ], [ 73.62982, 21.02107 ], [ 73.6307, 21.0216 ], [ 73.63171, 21.02213 ], [ 73.63338, 21.02248 ], [ 73.63413, 21.02247 ], [ 73.63477, 21.02247 ], [ 73.63568, 21.0224 ], [ 73.63695, 21.02227 ], [ 73.63758, 21.02215 ], [ 73.63787, 21.02202 ], [ 73.63842, 21.02177 ], [ 73.6385, 21.02115 ], [ 73.63843, 21.02032 ], [ 73.63814, 21.0193 ], [ 73.63808, 21.01868 ], [ 73.63956, 21.01866 ] ] ] ] } },
{ "type": "Feature", "properties": { "vid": "524534", "gz_state": "GUJARAT", "gz_district": "Surat", "gz_taluka": "Uchchhal", "gz_village": "Jharanpada", "gz_village_raw": "Jharanpada", "gz_sno": 19, "esa_category": "whole_village", "bifurcated": false, "notified_forest": false, "cen_village": "Jharanpada", "cen_subdistrict": "Uchchhal", "cen_district": "Tapi", "censuscode": "524534", "lgd_villagecode": 524534, "score": 100.0, "scope": "state", "area_km2": 4.99 }, "geometry": { "type": "MultiPolygon", "coordinates": [ [ [ [ 73.6629, 21.15518 ], [ 73.66359, 21.15456 ], [ 73.6643, 21.15391 ], [ 73.66424, 21.15327 ], [ 73.66424, 21.15325 ], [ 73.66416, 21.15186 ], [ 73.66436, 21.15098 ], [ 73.66462, 21.15026 ], [ 73.66466, 21.15015 ], [ 73.66471, 21.1499 ], [ 73.66485, 21.14919 ], [ 73.66494, 21.1473 ], [ 73.66468, 21.14724 ], [ 73.66402, 21.14709 ], [ 73.66301, 21.14691 ], [ 73.66245, 21.14681 ], [ 73.65978, 21.14633 ], [ 73.6586, 21.14606 ], [ 73.65752, 21.14585 ], [ 73.65734, 21.14575 ], [ 73.65647, 21.14534 ], [ 73.65598, 21.14497 ], [ 73.65508, 21.14431 ], [ 73.65306, 21.14347 ], [ 73.65295, 21.14343 ], [ 73.6492, 21.14208 ], [ 73.64911, 21.14204 ], [ 73.64762, 21.14137 ], [ 73.64741, 21.14127 ], [ 73.64386, 21.13973 ], [ 73.64376, 21.1397 ], [ 73.64336, 21.13957 ], [ 73.64275, 21.13963 ], [ 73.6392, 21.14015 ], [ 73.63917, 21.14015 ], [ 73.63915, 21.14016 ], [ 73.6378, 21.14037 ], [ 73.63702, 21.14049 ], [ 73.63464, 21.14088 ], [ 73.63291, 21.14143 ], [ 73.6312, 21.14198 ], [ 73.62909, 21.14272 ], [ 73.62899, 21.14276 ], [ 73.62763, 21.14328 ], [ 73.62743, 21.14335 ], [ 73.62922, 21.14626 ], [ 73.62947, 21.14686 ], [ 73.62961, 21.14729 ], [ 73.62976, 21.14776 ], [ 73.62978, 21.14784 ], [ 73.62983, 21.14817 ], [ 73.62994, 21.14883 ], [ 73.62999, 21.14966 ], [ 73.62999, 21.14967 ], [ 73.63009, 21.15135 ], [ 73.63009, 21.15138 ], [ 73.63009, 21.15141 ], [ 73.63008, 21.15155 ], [ 73.63004, 21.15191 ], [ 73.62998, 21.15239 ], [ 73.62999, 21.15252 ], [ 73.63001, 21.15308 ], [ 73.63003, 21.15342 ], [ 73.63003, 21.15346 ], [ 73.62993, 21.15382 ], [ 73.62984, 21.15415 ], [ 73.62978, 21.15422 ], [ 73.62929, 21.15489 ], [ 73.62927, 21.15492 ], [ 73.62948, 21.15511 ], [ 73.62954, 21.15511 ], [ 73.6302, 21.15515 ], [ 73.63165, 21.15524 ], [ 73.63324, 21.15548 ], [ 73.63504, 21.15559 ], [ 73.63523, 21.1556 ], [ 73.63625, 21.15573 ], [ 73.63835, 21.15628 ], [ 73.64093, 21.1561 ], [ 73.64196, 21.15613 ], [ 73.64253, 21.15619 ], [ 73.64333, 21.15626 ], [ 73.64538, 21.15613 ], [ 73.64622, 21.15612 ], [ 73.64686, 21.15608 ], [ 73.64697, 21.15561 ], [ 73.64795, 21.15517 ], [ 73.64844, 21.15481 ], [ 73.64992, 21.15494 ], [ 73.65228, 21.15481 ], [ 73.65258, 21.15502 ], [ 73.65304, 21.15505 ], [ 73.65376, 21.15475 ], [ 73.65425, 21.15478 ], [ 73.65543, 21.15456 ], [ 73.65694, 21.1545 ], [ 73.65669, 21.15501 ], [ 73.65722, 21.155 ], [ 73.65897, 21.15519 ], [ 73.65931, 21.15551 ], [ 73.65996, 21.15565 ], [ 73.6611, 21.15585 ], [ 73.66173, 21.15621 ], [ 73.6629, 21.15518 ] ] ] ] } },
{ "type": "Feature", "properties": { "vid": "524792", "gz_state": "GUJARAT", "gz_district": "Surat", "gz_taluka": "Vyara", "gz_village": "Dholia Umar", "gz_village_raw": "Dholia Umar", "gz_sno": 20, "esa_category": "whole_village", "bifurcated": false, "notified_forest": false, "cen_village": "Dholia Umar", "cen_subdistrict": "Vyara", "cen_district": "Tapi", "censuscode": "524792", "lgd_villagecode": 524792, "score": 100.0, "scope": "state", "area_km2": 4.439 }, "geometry": { "type": "MultiPolygon", "coordinates": [ [ [ [ 73.54663, 21.00368 ], [ 73.54608, 21.00369 ], [ 73.54536, 21.00363 ], [ 73.54478, 21.00407 ], [ 73.54441, 21.00455 ], [ 73.54444, 21.00561 ], [ 73.54432, 21.00598 ], [ 73.54413, 21.00654 ], [ 73.5438, 21.00736 ], [ 73.54377, 21.00745 ], [ 73.54311, 21.00887 ], [ 73.54279, 21.00932 ], [ 73.54227, 21.01092 ], [ 73.54169, 21.01132 ], [ 73.54098, 21.01186 ], [ 73.54031, 21.01256 ], [ 73.53973, 21.01305 ], [ 73.53916, 21.01353 ], [ 73.53886, 21.0139 ], [ 73.53841, 21.01448 ], [ 73.53789, 21.01482 ], [ 73.53691, 21.01529 ], [ 73.53549, 21.01609 ], [ 73.53469, 21.01655 ], [ 73.53534, 21.01789 ], [ 73.53608, 21.01982 ], [ 73.53657, 21.02154 ], [ 73.53635, 21.02385 ], [ 73.53624, 21.02464 ], [ 73.53624, 21.02493 ], [ 73.53616, 21.02558 ], [ 73.53613, 21.02602 ], [ 73.53617, 21.02661 ], [ 73.53618, 21.02754 ], [ 73.53619, 21.02825 ], [ 73.53617, 21.02886 ], [ 73.53643, 21.02927 ], [ 73.53621, 21.02933 ], [ 73.53645, 21.03088 ], [ 73.53677, 21.03147 ], [ 73.53696, 21.03198 ], [ 73.53702, 21.03208 ], [ 73.53717, 21.03197 ], [ 73.53795, 21.03159 ], [ 73.53914, 21.03134 ], [ 73.54076, 21.03092 ], [ 73.5423, 21.03065 ], [ 73.5429, 21.03056 ], [ 73.54381, 21.03039 ], [ 73.54499, 21.0303 ], [ 73.54578, 21.0302 ], [ 73.54621, 21.03014 ], [ 73.54657, 21.03009 ], [ 73.54762, 21.02983 ], [ 73.54814, 21.02956 ], [ 73.54875, 21.02911 ], [ 73.55017, 21.02796 ], [ 73.5502, 21.02793 ], [ 73.55083, 21.02755 ], [ 73.55107, 21.02742 ], [ 73.55121, 21.02738 ], [ 73.55127, 21.02737 ], [ 73.55218, 21.02726 ], [ 73.55292, 21.02718 ], [ 73.55381, 21.02701 ], [ 73.55455, 21.0267 ], [ 73.55555, 21.02587 ], [ 73.55659, 21.02492 ], [ 73.55707, 21.02457 ], [ 73.55708, 21.02455 ], [ 73.55747, 21.02424 ], [ 73.55757, 21.02416 ], [ 73.55794, 21.02396 ], [ 73.55765, 21.02349 ], [ 73.55725, 21.02287 ], [ 73.55696, 21.02197 ], [ 73.55691, 21.02043 ], [ 73.55693, 21.01705 ], [ 73.55694, 21.01586 ], [ 73.55696, 21.01519 ], [ 73.55698, 21.0151 ], [ 73.55763, 21.01487 ], [ 73.55535, 21.0135 ], [ 73.55442, 21.01182 ], [ 73.55434, 21.01005 ], [ 73.55433, 21.00988 ], [ 73.5543, 21.00978 ], [ 73.5533, 21.0096 ], [ 73.55309, 21.0096 ], [ 73.5522, 21.00944 ], [ 73.55131, 21.00927 ], [ 73.55111, 21.00898 ], [ 73.55092, 21.00898 ], [ 73.54906, 21.00858 ], [ 73.5487, 21.00826 ], [ 73.54814, 21.00776 ], [ 73.54688, 21.00663 ], [ 73.54676, 21.00563 ], [ 73.54663, 21.00454 ], [ 73.54663, 21.00395 ], [ 73.54663, 21.00368 ] ] ] ] } },
{ "type": "Feature", "properties": { "vid": "524793", "gz_state": "GUJARAT", "gz_district": "Surat", "gz_taluka": "Vyara", "gz_village": "Chhevdi", "gz_village_raw": "Chhevdi", "gz_sno": 21, "esa_category": "whole_village", "bifurcated": false, "notified_forest": false, "cen_village": "Chhevdi", "cen_subdistrict": "Vyara", "cen_district": "Tapi", "censuscode": "524793", "lgd_villagecode": 524793, "score": 100.0, "scope": "state", "area_km2": 1.294 }, "geometry": { "type": "MultiPolygon", "coordinates": [ [ [ [ 73.56695, 21.00999 ], [ 73.56468, 21.01058 ], [ 73.56369, 21.0109 ], [ 73.56324, 21.0116 ], [ 73.56297, 21.01202 ], [ 73.56206, 21.01326 ], [ 73.56115, 21.0145 ], [ 73.55763, 21.01487 ], [ 73.55698, 21.0151 ], [ 73.55696, 21.01519 ], [ 73.55694, 21.01586 ], [ 73.55693, 21.01705 ], [ 73.55691, 21.02043 ], [ 73.55696, 21.02197 ], [ 73.55725, 21.02287 ], [ 73.55765, 21.02349 ], [ 73.55794, 21.02396 ], [ 73.5584, 21.02379 ], [ 73.55847, 21.02377 ], [ 73.5591, 21.02357 ], [ 73.55982, 21.02346 ], [ 73.56051, 21.02336 ], [ 73.56154, 21.02313 ], [ 73.56246, 21.02288 ], [ 73.56363, 21.02233 ], [ 73.56439, 21.02184 ], [ 73.56478, 21.02154 ], [ 73.56509, 21.02117 ], [ 73.56518, 21.02088 ], [ 73.56549, 21.02036 ], [ 73.56591, 21.01979 ], [ 73.56628, 21.01941 ], [ 73.56662, 21.01912 ], [ 73.56766, 21.018 ], [ 73.56825, 21.01745 ], [ 73.56849, 21.01721 ], [ 73.56889, 21.01689 ], [ 73.56953, 21.01612 ], [ 73.56986, 21.0156 ], [ 73.57009, 21.01512 ], [ 73.5701, 21.01511 ], [ 73.57036, 21.0145 ], [ 73.57089, 21.0137 ], [ 73.5716, 21.01283 ], [ 73.57157, 21.01283 ], [ 73.57102, 21.01274 ], [ 73.57013, 21.0126 ], [ 73.56955, 21.01219 ], [ 73.56898, 21.01178 ], [ 73.5685, 21.01062 ], [ 73.56837, 21.01032 ], [ 73.56812, 21.01009 ], [ 73.56807, 21.01005 ], [ 73.56727, 21.01 ], [ 73.56695, 21.00999 ] ] ] ] } },
{ "type": "Feature", "properties": { "vid": "524717", "gz_state": "GUJARAT", "gz_district": "Surat", "gz_taluka": "Vyara", "gz_village": "Bhurivel", "gz_village_raw": "Bhurivel", "gz_sno": 22, "esa_category": "whole_village", "bifurcated": false, "notified_forest": false, "cen_village": "Bhurivel CT", "cen_subdistrict": "Ukai", "cen_district": "Tapi", "censuscode": "524717", "lgd_villagecode": 524717, "score": 100.0, "scope": "state", "area_km2": 1.497 }, "geometry": { "type": "MultiPolygon", "coordinates": [ [ [ [ 73.58864, 21.23106 ], [ 73.58879, 21.23106 ], [ 73.59026, 21.23078 ], [ 73.59029, 21.23007 ], [ 73.59047, 21.22941 ], [ 73.59097, 21.22881 ], [ 73.59275, 21.22696 ], [ 73.59263, 21.22685 ], [ 73.59227, 21.22652 ], [ 73.59189, 21.22637 ], [ 73.59131, 21.22618 ], [ 73.59039, 21.22583 ], [ 73.5896, 21.22546 ], [ 73.58879, 21.22513 ], [ 73.5878, 21.22476 ], [ 73.58703, 21.22435 ], [ 73.58588, 21.22384 ], [ 73.58524, 21.22359 ], [ 73.58481, 21.22339 ], [ 73.58438, 21.22324 ], [ 73.58367, 21.22301 ], [ 73.58312, 21.22271 ], [ 73.581, 21.22182 ], [ 73.58002, 21.22119 ], [ 73.57984, 21.22108 ], [ 73.57948, 21.2209 ], [ 73.57904, 21.22085 ], [ 73.57899, 21.22084 ], [ 73.57854, 21.22061 ], [ 73.57827, 21.22047 ], [ 73.57818, 21.22042 ], [ 73.5779, 21.2203 ], [ 73.57743, 21.22028 ], [ 73.57681, 21.22033 ], [ 73.57674, 21.22035 ], [ 73.57635, 21.22049 ], [ 73.57586, 21.22056 ], [ 73.57535, 21.22066 ], [ 73.57495, 21.22087 ], [ 73.57414, 21.22086 ], [ 73.5732, 21.22061 ], [ 73.57285, 21.22062 ], [ 73.57268, 21.22115 ], [ 73.57247, 21.2219 ], [ 73.57226, 21.22264 ], [ 73.57196, 21.22375 ], [ 73.57178, 21.2246 ], [ 73.57163, 21.2251 ], [ 73.57139, 21.22586 ], [ 73.57177, 21.2268 ], [ 73.57229, 21.22699 ], [ 73.57265, 21.22715 ], [ 73.57288, 21.22733 ], [ 73.57316, 21.22749 ], [ 73.57343, 21.22758 ], [ 73.57376, 21.22766 ], [ 73.57418, 21.22766 ], [ 73.57463, 21.2276 ], [ 73.57499, 21.22752 ], [ 73.57629, 21.22788 ], [ 73.57686, 21.2282 ], [ 73.57728, 21.2284 ], [ 73.57763, 21.22852 ], [ 73.57768, 21.22855 ], [ 73.57788, 21.22867 ], [ 73.5781, 21.2288 ], [ 73.57826, 21.22895 ], [ 73.57881, 21.22912 ], [ 73.57919, 21.22932 ], [ 73.57971, 21.22952 ], [ 73.58015, 21.22964 ], [ 73.58069, 21.22977 ], [ 73.58148, 21.22996 ], [ 73.58206, 21.23001 ], [ 73.58263, 21.23023 ], [ 73.58304, 21.2304 ], [ 73.58413, 21.23016 ], [ 73.58508, 21.23013 ], [ 73.58565, 21.23025 ], [ 73.5865, 21.2307 ], [ 73.58728, 21.23092 ], [ 73.58791, 21.23109 ], [ 73.58841, 21.23107 ], [ 73.58864, 21.23106 ] ] ] ] } },
{ "type": "Feature", "properties": { "vid": "524815", "gz_state": "GUJARAT", "gz_district": "Surat", "gz_taluka": "Vyara", "gz_village": "Dhamandevi", "gz_village_raw": "Dhamandevi", "gz_sno": 23, "esa_category": "whole_village", "bifurcated": false, "notified_forest": false, "cen_village": "Dhamandevi", "cen_subdistrict": "Dolvan", "cen_district": "Tapi", "censuscode": "524815", "lgd_villagecode": 524815, "score": 100.0, "scope": "state", "area_km2": 10.105 }, "geometry": { "type": "MultiPolygon", "coordinates": [ [ [ [ 73.47322, 20.98189 ], [ 73.47512, 20.98154 ], [ 73.478, 20.9807 ], [ 73.47921, 20.98028 ], [ 73.48033, 20.97989 ], [ 73.48139, 20.97939 ], [ 73.48202, 20.97921 ], [ 73.48177, 20.97891 ], [ 73.4812, 20.97797 ], [ 73.48076, 20.97723 ], [ 73.48003, 20.97599 ], [ 73.4796, 20.97535 ], [ 73.47909, 20.97508 ], [ 73.47828, 20.97446 ], [ 73.47748, 20.97419 ], [ 73.47649, 20.97398 ], [ 73.47588, 20.97394 ], [ 73.47455, 20.97395 ], [ 73.47418, 20.97383 ], [ 73.47303, 20.97316 ], [ 73.47286, 20.97254 ], [ 73.47258, 20.9716 ], [ 73.47212, 20.971 ], [ 73.47182, 20.97058 ], [ 73.47163, 20.97006 ], [ 73.47154, 20.96956 ], [ 73.47084, 20.96903 ], [ 73.47055, 20.96866 ], [ 73.47067, 20.96836 ], [ 73.46985, 20.96795 ], [ 73.46926, 20.96635 ], [ 73.46855, 20.9654 ], [ 73.4684, 20.96519 ], [ 73.46801, 20.96636 ], [ 73.4681, 20.96708 ], [ 73.46866, 20.96923 ], [ 73.46847, 20.97015 ], [ 73.46745, 20.97016 ], [ 73.46614, 20.96994 ], [ 73.46499, 20.9693 ], [ 73.46465, 20.96815 ], [ 73.4639, 20.96739 ], [ 73.463, 20.96675 ], [ 73.46095, 20.96612 ], [ 73.46013, 20.9659 ], [ 73.45828, 20.96515 ], [ 73.45729, 20.96443 ], [ 73.45589, 20.96383 ], [ 73.45462, 20.96315 ], [ 73.45245, 20.96283 ], [ 73.45174, 20.96333 ], [ 73.45155, 20.96332 ], [ 73.44927, 20.96326 ], [ 73.44764, 20.96297 ], [ 73.44572, 20.96233 ], [ 73.44417, 20.96121 ], [ 73.44392, 20.96088 ], [ 73.44336, 20.96017 ], [ 73.44181, 20.95852 ], [ 73.44075, 20.95748 ], [ 73.43878, 20.95623 ], [ 73.4369, 20.95494 ], [ 73.43601, 20.95427 ], [ 73.43553, 20.9539 ], [ 73.43542, 20.95372 ], [ 73.43454, 20.95229 ], [ 73.43303, 20.95069 ], [ 73.43166, 20.94974 ], [ 73.42914, 20.9488 ], [ 73.42876, 20.94828 ], [ 73.42841, 20.94868 ], [ 73.42761, 20.94824 ], [ 73.42769, 20.94882 ], [ 73.42762, 20.94936 ], [ 73.42763, 20.94989 ], [ 73.42812, 20.951 ], [ 73.42868, 20.95129 ], [ 73.42886, 20.95124 ], [ 73.42933, 20.95081 ], [ 73.42968, 20.95131 ], [ 73.42959, 20.95198 ], [ 73.42886, 20.95288 ], [ 73.42912, 20.9532 ], [ 73.42928, 20.95332 ], [ 73.42982, 20.95374 ], [ 73.43078, 20.95438 ], [ 73.43084, 20.9548 ], [ 73.43128, 20.95624 ], [ 73.43151, 20.95715 ], [ 73.43144, 20.95892 ], [ 73.43206, 20.96019 ], [ 73.43221, 20.96084 ], [ 73.43158, 20.96264 ], [ 73.43055, 20.96536 ], [ 73.43032, 20.96619 ], [ 73.43012, 20.96886 ], [ 73.42973, 20.97118 ], [ 73.42978, 20.97452 ], [ 73.42978, 20.9749 ], [ 73.42997, 20.97538 ], [ 73.43059, 20.97598 ], [ 73.43223, 20.97719 ], [ 73.43264, 20.97747 ], [ 73.43397, 20.97836 ], [ 73.43468, 20.97874 ], [ 73.43691, 20.97994 ], [ 73.44108, 20.98099 ], [ 73.44126, 20.98107 ], [ 73.44285, 20.98157 ], [ 73.44379, 20.98192 ], [ 73.44451, 20.98211 ], [ 73.44535, 20.98245 ], [ 73.44597, 20.98267 ], [ 73.44656, 20.98293 ], [ 73.44736, 20.98321 ], [ 73.44782, 20.98344 ], [ 73.44875, 20.98339 ], [ 73.44954, 20.98331 ], [ 73.45018, 20.98323 ], [ 73.45097, 20.983 ], [ 73.45168, 20.98277 ], [ 73.45266, 20.98261 ], [ 73.45377, 20.98256 ], [ 73.45445, 20.98267 ], [ 73.45556, 20.98266 ], [ 73.45647, 20.98269 ], [ 73.4573, 20.98286 ], [ 73.45806, 20.98308 ], [ 73.45889, 20.98344 ], [ 73.45961, 20.98374 ], [ 73.46021, 20.98429 ], [ 73.46093, 20.98491 ], [ 73.46126, 20.98536 ], [ 73.46162, 20.98587 ], [ 73.4625, 20.98723 ], [ 73.46342, 20.98592 ], [ 73.46382, 20.98545 ], [ 73.46456, 20.98509 ], [ 73.4654, 20.98481 ], [ 73.46804, 20.98367 ], [ 73.46928, 20.9832 ], [ 73.47097, 20.98267 ], [ 73.47322, 20.98189 ] ] ] ] } },
{ "type": "Feature", "properties": { "vid": "524839", "gz_state": "GUJARAT", "gz_district": "Surat", "gz_taluka": "Vyara", "gz_village": "Amonia", "gz_village_raw": "Amonia", "gz_sno": 24, "esa_category": "whole_village", "bifurcated": false, "notified_forest": false, "cen_village": "Amonia", "cen_subdistrict": "Dolvan", "cen_district": "Tapi", "censuscode": "524839", "lgd_villagecode": 524839, "score": 100.0, "scope": "state", "area_km2": 19.018 }, "geometry": { "type": "MultiPolygon", "coordinates": [ [ [ [ 73.47724, 20.96597 ], [ 73.47889, 20.966 ], [ 73.48033, 20.96619 ], [ 73.48291, 20.96646 ], [ 73.48441, 20.96655 ], [ 73.48517, 20.96624 ], [ 73.48597, 20.96616 ], [ 73.48695, 20.96617 ], [ 73.48807, 20.96626 ], [ 73.48911, 20.96628 ], [ 73.49054, 20.96639 ], [ 73.49185, 20.96635 ], [ 73.49278, 20.96652 ], [ 73.49352, 20.96671 ], [ 73.49488, 20.96672 ], [ 73.49575, 20.96646 ], [ 73.49618, 20.96637 ], [ 73.49605, 20.96598 ], [ 73.49655, 20.96548 ], [ 73.49661, 20.96423 ], [ 73.49621, 20.96343 ], [ 73.49491, 20.96212 ], [ 73.49456, 20.96145 ], [ 73.49481, 20.96052 ], [ 73.49536, 20.95974 ], [ 73.49588, 20.95909 ], [ 73.4963, 20.95854 ], [ 73.49685, 20.95772 ], [ 73.49825, 20.95671 ], [ 73.49952, 20.95614 ], [ 73.50041, 20.95571 ], [ 73.50066, 20.95564 ], [ 73.50219, 20.95517 ], [ 73.50341, 20.95488 ], [ 73.50383, 20.9547 ], [ 73.50361, 20.95423 ], [ 73.50426, 20.95411 ], [ 73.50568, 20.95363 ], [ 73.5074, 20.95274 ], [ 73.50855, 20.95046 ], [ 73.50981, 20.94789 ], [ 73.51026, 20.94739 ], [ 73.51132, 20.9479 ], [ 73.51243, 20.94828 ], [ 73.51285, 20.9486 ], [ 73.51312, 20.94874 ], [ 73.51354, 20.94873 ], [ 73.51384, 20.94873 ], [ 73.51422, 20.94862 ], [ 73.5146, 20.9484 ], [ 73.5149, 20.94833 ], [ 73.51524, 20.94825 ], [ 73.51577, 20.94803 ], [ 73.51619, 20.94781 ], [ 73.51702, 20.94738 ], [ 73.51739, 20.94716 ], [ 73.51819, 20.94694 ], [ 73.51865, 20.94693 ], [ 73.519, 20.94694 ], [ 73.51976, 20.94707 ], [ 73.52025, 20.94661 ], [ 73.52055, 20.94652 ], [ 73.52089, 20.94641 ], [ 73.521, 20.94621 ], [ 73.52105, 20.94599 ], [ 73.52136, 20.94573 ], [ 73.5218, 20.94569 ], [ 73.52214, 20.9456 ], [ 73.52312, 20.9448 ], [ 73.52346, 20.94438 ], [ 73.52396, 20.94364 ], [ 73.52488, 20.94362 ], [ 73.52522, 20.94346 ], [ 73.52542, 20.94326 ], [ 73.52607, 20.94246 ], [ 73.52645, 20.94209 ], [ 73.52686, 20.94179 ], [ 73.52719, 20.94148 ], [ 73.52734, 20.94142 ], [ 73.52755, 20.94133 ], [ 73.52778, 20.94093 ], [ 73.52828, 20.9405 ], [ 73.52911, 20.93989 ], [ 73.53027, 20.9392 ], [ 73.53069, 20.93835 ], [ 73.53058, 20.93626 ], [ 73.53049, 20.93592 ], [ 73.53013, 20.93439 ], [ 73.52973, 20.9341 ], [ 73.52841, 20.93362 ], [ 73.52764, 20.93314 ], [ 73.52577, 20.93442 ], [ 73.52445, 20.93483 ], [ 73.52366, 20.93507 ], [ 73.52288, 20.93532 ], [ 73.52259, 20.93528 ], [ 73.52231, 20.93524 ], [ 73.51865, 20.93556 ], [ 73.51579, 20.93612 ], [ 73.51468, 20.9362 ], [ 73.51344, 20.93579 ], [ 73.5124, 20.93539 ], [ 73.51166, 20.93467 ], [ 73.51124, 20.9338 ], [ 73.51115, 20.93286 ], [ 73.51138, 20.93212 ], [ 73.51166, 20.93116 ], [ 73.51195, 20.9297 ], [ 73.51211, 20.92848 ], [ 73.51221, 20.9277 ], [ 73.51144, 20.92653 ], [ 73.51104, 20.92608 ], [ 73.51031, 20.92568 ], [ 73.50881, 20.9252 ], [ 73.50689, 20.9244 ], [ 73.50547, 20.92363 ], [ 73.50399, 20.92321 ], [ 73.50377, 20.92315 ], [ 73.50311, 20.9231 ], [ 73.50105, 20.92293 ], [ 73.50032, 20.92275 ], [ 73.5, 20.92259 ], [ 73.49972, 20.92245 ], [ 73.49928, 20.92218 ], [ 73.49851, 20.92186 ], [ 73.49762, 20.92198 ], [ 73.49757, 20.92197 ], [ 73.49676, 20.92182 ], [ 73.4962, 20.92155 ], [ 73.49516, 20.92074 ], [ 73.49515, 20.92075 ], [ 73.49362, 20.92189 ], [ 73.49327, 20.92215 ], [ 73.49236, 20.92283 ], [ 73.49188, 20.92305 ], [ 73.49141, 20.92327 ], [ 73.48946, 20.9248 ], [ 73.4881, 20.92611 ], [ 73.48726, 20.92696 ], [ 73.48655, 20.927 ], [ 73.4831, 20.92645 ], [ 73.48212, 20.92625 ], [ 73.47937, 20.92766 ], [ 73.47888, 20.92792 ], [ 73.47737, 20.9281 ], [ 73.47554, 20.92829 ], [ 73.47438, 20.92909 ], [ 73.47212, 20.93033 ], [ 73.47097, 20.93114 ], [ 73.47051, 20.93146 ], [ 73.47083, 20.93187 ], [ 73.47072, 20.93264 ], [ 73.47077, 20.93682 ], [ 73.47052, 20.93929 ], [ 73.47031, 20.94175 ], [ 73.46981, 20.94444 ], [ 73.46979, 20.9459 ], [ 73.46953, 20.94786 ], [ 73.46938, 20.94912 ], [ 73.46891, 20.95035 ], [ 73.46898, 20.95269 ], [ 73.46889, 20.95503 ], [ 73.46848, 20.95857 ], [ 73.46857, 20.95922 ], [ 73.46959, 20.96193 ], [ 73.46872, 20.9642 ], [ 73.46866, 20.96439 ], [ 73.4684, 20.96519 ], [ 73.46855, 20.9654 ], [ 73.46926, 20.96635 ], [ 73.46985, 20.96795 ], [ 73.47067, 20.96836 ], [ 73.47075, 20.96816 ], [ 73.47184, 20.96757 ], [ 73.47281, 20.96704 ], [ 73.47405, 20.96665 ], [ 73.47453, 20.9665 ], [ 73.4756, 20.96621 ], [ 73.47724, 20.96597 ] ] ] ] } },
{ "type": "Feature", "properties": { "vid": "522540", "gz_state": "GUJARAT", "gz_district": "The Dangs", "gz_taluka": "The Dangs", "gz_village": "Bandhpada", "gz_village_raw": "Bandhpada", "gz_sno": 25, "esa_category": "whole_village", "bifurcated": false, "notified_forest": false, "cen_village": "Bandhpada", "cen_subdistrict": "Subir", "cen_district": "Dangs", "censuscode": "522540", "lgd_villagecode": 522540, "score": 100.0, "scope": "dist", "area_km2": 7.451 }, "geometry": { "type": "MultiPolygon", "coordinates": [ [ [ [ 73.66919, 21.00429 ], [ 73.66924, 21.00408 ], [ 73.66939, 21.0035 ], [ 73.66948, 21.00296 ], [ 73.66969, 21.00261 ], [ 73.67009, 21.00207 ], [ 73.66979, 21.00206 ], [ 73.66916, 21.00145 ], [ 73.66837, 21.00037 ], [ 73.66723, 20.99983 ], [ 73.66665, 20.9989 ], [ 73.66663, 20.99807 ], [ 73.66719, 20.99717 ], [ 73.6672, 20.99606 ], [ 73.66618, 20.99639 ], [ 73.66627, 20.99616 ], [ 73.66714, 20.99344 ], [ 73.66665, 20.99274 ], [ 73.66664, 20.992 ], [ 73.66626, 20.99102 ], [ 73.66554, 20.98989 ], [ 73.66408, 20.98775 ], [ 73.66336, 20.98636 ], [ 73.66184, 20.98609 ], [ 73.66121, 20.98522 ], [ 73.65992, 20.98413 ], [ 73.65904, 20.98276 ], [ 73.65866, 20.98174 ], [ 73.65825, 20.98135 ], [ 73.6574, 20.98064 ], [ 73.6571, 20.98058 ], [ 73.65689, 20.98043 ], [ 73.65654, 20.97947 ], [ 73.65605, 20.97873 ], [ 73.65593, 20.97801 ], [ 73.65542, 20.97745 ], [ 73.65521, 20.97677 ], [ 73.65495, 20.97639 ], [ 73.65462, 20.97533 ], [ 73.6537, 20.97419 ], [ 73.65341, 20.97396 ], [ 73.65328, 20.97341 ], [ 73.65294, 20.97309 ], [ 73.65261, 20.97242 ], [ 73.65192, 20.97159 ], [ 73.65106, 20.97052 ], [ 73.65092, 20.97009 ], [ 73.65046, 20.96969 ], [ 73.64931, 20.96909 ], [ 73.64943, 20.96783 ], [ 73.64933, 20.96696 ], [ 73.64925, 20.96623 ], [ 73.64926, 20.96515 ], [ 73.64939, 20.96452 ], [ 73.64994, 20.96306 ], [ 73.6499, 20.96233 ], [ 73.64902, 20.96104 ], [ 73.64854, 20.96082 ], [ 73.64801, 20.9604 ], [ 73.64785, 20.96002 ], [ 73.64672, 20.96063 ], [ 73.6458, 20.96072 ], [ 73.64398, 20.96075 ], [ 73.64164, 20.96097 ], [ 73.64001, 20.96119 ], [ 73.63845, 20.96182 ], [ 73.63831, 20.96195 ], [ 73.63797, 20.96227 ], [ 73.6378, 20.96243 ], [ 73.63716, 20.96431 ], [ 73.63771, 20.96572 ], [ 73.63815, 20.96654 ], [ 73.63829, 20.96716 ], [ 73.63795, 20.96997 ], [ 73.63787, 20.97105 ], [ 73.6376, 20.97185 ], [ 73.63744, 20.97276 ], [ 73.63694, 20.97514 ], [ 73.63783, 20.97533 ], [ 73.63784, 20.97534 ], [ 73.63871, 20.97591 ], [ 73.63919, 20.97619 ], [ 73.63972, 20.97649 ], [ 73.64049, 20.97695 ], [ 73.64154, 20.97708 ], [ 73.64254, 20.97738 ], [ 73.64319, 20.97765 ], [ 73.64418, 20.97847 ], [ 73.64435, 20.97876 ], [ 73.64474, 20.97943 ], [ 73.64551, 20.98096 ], [ 73.64589, 20.9818 ], [ 73.64608, 20.98286 ], [ 73.64617, 20.98371 ], [ 73.64614, 20.98463 ], [ 73.64567, 20.98562 ], [ 73.64558, 20.98578 ], [ 73.64507, 20.9866 ], [ 73.64489, 20.98714 ], [ 73.64481, 20.98796 ], [ 73.64487, 20.98859 ], [ 73.64487, 20.98865 ], [ 73.64498, 20.98922 ], [ 73.64515, 20.98982 ], [ 73.64567, 20.99053 ], [ 73.64624, 20.99099 ], [ 73.6471, 20.99138 ], [ 73.64811, 20.9915 ], [ 73.64878, 20.99154 ], [ 73.64926, 20.99142 ], [ 73.64948, 20.99136 ], [ 73.64992, 20.99112 ], [ 73.65047, 20.99043 ], [ 73.65118, 20.99074 ], [ 73.65183, 20.99141 ], [ 73.65212, 20.99186 ], [ 73.65267, 20.99346 ], [ 73.65283, 20.99382 ], [ 73.65216, 20.99576 ], [ 73.65204, 20.99621 ], [ 73.65218, 20.99706 ], [ 73.65244, 20.99808 ], [ 73.65222, 20.99843 ], [ 73.65177, 20.99911 ], [ 73.65117, 20.99978 ], [ 73.65105, 21.0 ], [ 73.65076, 21.00067 ], [ 73.65199, 21.00252 ], [ 73.65282, 21.00371 ], [ 73.65354, 21.00468 ], [ 73.65364, 21.00477 ], [ 73.65365, 21.00477 ], [ 73.655, 21.00604 ], [ 73.65601, 21.00632 ], [ 73.65756, 21.00645 ], [ 73.65812, 21.0065 ], [ 73.65848, 21.00667 ], [ 73.659, 21.00682 ], [ 73.65959, 21.00715 ], [ 73.66019, 21.00767 ], [ 73.66077, 21.00758 ], [ 73.66163, 21.00756 ], [ 73.66334, 21.00741 ], [ 73.6635, 21.00739 ], [ 73.66351, 21.00739 ], [ 73.66352, 21.00739 ], [ 73.66354, 21.00738 ], [ 73.66357, 21.00738 ], [ 73.66358, 21.00738 ], [ 73.6647, 21.00723 ], [ 73.66571, 21.00695 ], [ 73.66753, 21.00609 ], [ 73.66895, 21.00517 ], [ 73.66904, 21.00499 ], [ 73.66919, 21.00429 ] ] ] ] } },
{ "type": "Feature", "properties": { "vid": "522542", "gz_state": "GUJARAT", "gz_district": "The Dangs", "gz_taluka": "The Dangs", "gz_village": "Girmal", "gz_village_raw": "Girmal", "gz_sno": 26, "esa_category": "whole_village", "bifurcated": false, "notified_forest": false, "cen_village": "Girmal", "cen_subdistrict": "Subir", "cen_district": "Dangs", "censuscode": "522542", "lgd_villagecode": 522542, "score": 100.0, "scope": "dist", "area_km2": 37.391 }, "geometry": { "type": "MultiPolygon", "coordinates": [ [ [ [ 73.73998, 21.00196 ], [ 73.7395, 21.00015 ], [ 73.73899, 20.99821 ], [ 73.73856, 20.99658 ], [ 73.73855, 20.99599 ], [ 73.73952, 20.99476 ], [ 73.73969, 20.99233 ], [ 73.73938, 20.99139 ], [ 73.74001, 20.99084 ], [ 73.73985, 20.99071 ], [ 73.73897, 20.98997 ], [ 73.73866, 20.98888 ], [ 73.73849, 20.98737 ], [ 73.73841, 20.98739 ], [ 73.73806, 20.98695 ], [ 73.73809, 20.98655 ], [ 73.73796, 20.98613 ], [ 73.73795, 20.98548 ], [ 73.73745, 20.98519 ], [ 73.73715, 20.98526 ], [ 73.73648, 20.98429 ], [ 73.73566, 20.98405 ], [ 73.73521, 20.98421 ], [ 73.73474, 20.98399 ], [ 73.73434, 20.98392 ], [ 73.73396, 20.98378 ], [ 73.73332, 20.98389 ], [ 73.73319, 20.98373 ], [ 73.73268, 20.98369 ], [ 73.7316, 20.98299 ], [ 73.7304, 20.98238 ], [ 73.72875, 20.98128 ], [ 73.7285, 20.98008 ], [ 73.72804, 20.97833 ], [ 73.72697, 20.9766 ], [ 73.72695, 20.97543 ], [ 73.72543, 20.97267 ], [ 73.72458, 20.97042 ], [ 73.72429, 20.96906 ], [ 73.72423, 20.96877 ], [ 73.72391, 20.9668 ], [ 73.72482, 20.96387 ], [ 73.72522, 20.96162 ], [ 73.7254, 20.96032 ], [ 73.72673, 20.95888 ], [ 73.72658, 20.95823 ], [ 73.72664, 20.95761 ], [ 73.72705, 20.95675 ], [ 73.72344, 20.95312 ], [ 73.72111, 20.95027 ], [ 73.72038, 20.94948 ], [ 73.71941, 20.94821 ], [ 73.72031, 20.94676 ], [ 73.72311, 20.94365 ], [ 73.72375, 20.94306 ], [ 73.72414, 20.9425 ], [ 73.72465, 20.94191 ], [ 73.72587, 20.94045 ], [ 73.72603, 20.93987 ], [ 73.72595, 20.93932 ], [ 73.72588, 20.93852 ], [ 73.72572, 20.93696 ], [ 73.72547, 20.93684 ], [ 73.72547, 20.93682 ], [ 73.7243, 20.93577 ], [ 73.72433, 20.93476 ], [ 73.72503, 20.93428 ], [ 73.72537, 20.93344 ], [ 73.72591, 20.93235 ], [ 73.72551, 20.93108 ], [ 73.7255, 20.93032 ], [ 73.7251, 20.92887 ], [ 73.72435, 20.92683 ], [ 73.72498, 20.92581 ], [ 73.72468, 20.9256 ], [ 73.72482, 20.92505 ], [ 73.72371, 20.92457 ], [ 73.72374, 20.92311 ], [ 73.72257, 20.92194 ], [ 73.72291, 20.92153 ], [ 73.72298, 20.92087 ], [ 73.72284, 20.92066 ], [ 73.72282, 20.92068 ], [ 73.72266, 20.92046 ], [ 73.72188, 20.92041 ], [ 73.72051, 20.92023 ], [ 73.72031, 20.92107 ], [ 73.71996, 20.92136 ], [ 73.71956, 20.92151 ], [ 73.71938, 20.92118 ], [ 73.71918, 20.92125 ], [ 73.71874, 20.9219 ], [ 73.71844, 20.92204 ], [ 73.71799, 20.92212 ], [ 73.71781, 20.92233 ], [ 73.71761, 20.92234 ], [ 73.71721, 20.92199 ], [ 73.71744, 20.921 ], [ 73.71734, 20.92007 ], [ 73.71728, 20.92007 ], [ 73.71722, 20.91984 ], [ 73.71717, 20.9198 ], [ 73.71715, 20.91982 ], [ 73.7167, 20.91985 ], [ 73.71611, 20.92078 ], [ 73.71481, 20.92094 ], [ 73.71393, 20.92096 ], [ 73.71222, 20.9208 ], [ 73.71224, 20.9217 ], [ 73.71197, 20.922 ], [ 73.71127, 20.92201 ], [ 73.71094, 20.92187 ], [ 73.71076, 20.92157 ], [ 73.71059, 20.92128 ], [ 73.71041, 20.92118 ], [ 73.71011, 20.92102 ], [ 73.70993, 20.92107 ], [ 73.70947, 20.92115 ], [ 73.70924, 20.92103 ], [ 73.70901, 20.92073 ], [ 73.709, 20.92045 ], [ 73.70891, 20.92016 ], [ 73.70872, 20.91937 ], [ 73.70868, 20.91924 ], [ 73.70838, 20.91957 ], [ 73.70809, 20.92014 ], [ 73.7078, 20.92055 ], [ 73.70769, 20.92064 ], [ 73.70731, 20.92057 ], [ 73.70725, 20.92061 ], [ 73.70702, 20.92076 ], [ 73.70603, 20.92145 ], [ 73.70476, 20.9224 ], [ 73.70336, 20.92226 ], [ 73.70239, 20.92235 ], [ 73.70177, 20.92208 ], [ 73.70136, 20.92253 ], [ 73.70105, 20.92227 ], [ 73.70048, 20.92181 ], [ 73.69911, 20.92224 ], [ 73.69886, 20.92194 ], [ 73.69873, 20.92169 ], [ 73.69868, 20.9217 ], [ 73.69868, 20.92169 ], [ 73.698, 20.92144 ], [ 73.69703, 20.92069 ], [ 73.69542, 20.92069 ], [ 73.69468, 20.92066 ], [ 73.69375, 20.92148 ], [ 73.69343, 20.92241 ], [ 73.69189, 20.92187 ], [ 73.689, 20.92072 ], [ 73.68709, 20.91997 ], [ 73.68608, 20.92024 ], [ 73.68633, 20.92068 ], [ 73.68663, 20.92128 ], [ 73.68671, 20.92164 ], [ 73.6871, 20.92271 ], [ 73.68774, 20.92355 ], [ 73.68854, 20.92436 ], [ 73.68943, 20.92517 ], [ 73.6908, 20.9252 ], [ 73.69183, 20.92658 ], [ 73.69255, 20.92691 ], [ 73.69297, 20.92676 ], [ 73.6926, 20.9291 ], [ 73.69127, 20.93148 ], [ 73.69036, 20.93235 ], [ 73.68892, 20.93374 ], [ 73.68885, 20.93379 ], [ 73.68806, 20.93374 ], [ 73.68598, 20.93367 ], [ 73.68573, 20.93457 ], [ 73.68542, 20.93529 ], [ 73.68523, 20.93595 ], [ 73.68417, 20.93764 ], [ 73.6838, 20.93813 ], [ 73.68336, 20.93897 ], [ 73.68292, 20.93958 ], [ 73.68236, 20.94036 ], [ 73.68186, 20.94103 ], [ 73.68135, 20.94157 ], [ 73.68066, 20.942 ], [ 73.67984, 20.94267 ], [ 73.67883, 20.94374 ], [ 73.6789, 20.94371 ], [ 73.67906, 20.94476 ], [ 73.67949, 20.94663 ], [ 73.67944, 20.94893 ], [ 73.67994, 20.94963 ], [ 73.67971, 20.9515 ], [ 73.68016, 20.9531 ], [ 73.67966, 20.95419 ], [ 73.67944, 20.95525 ], [ 73.67899, 20.95607 ], [ 73.67793, 20.95662 ], [ 73.67794, 20.95746 ], [ 73.67807, 20.95855 ], [ 73.67855, 20.9596 ], [ 73.6785, 20.96065 ], [ 73.67924, 20.96176 ], [ 73.67899, 20.96222 ], [ 73.67871, 20.9632 ], [ 73.67899, 20.96466 ], [ 73.67936, 20.96604 ], [ 73.67984, 20.96766 ], [ 73.68075, 20.96816 ], [ 73.6822, 20.96852 ], [ 73.68343, 20.96872 ], [ 73.68418, 20.9689 ], [ 73.68508, 20.96943 ], [ 73.68544, 20.96989 ], [ 73.68588, 20.97083 ], [ 73.68612, 20.97141 ], [ 73.68558, 20.97231 ], [ 73.68599, 20.97268 ], [ 73.68639, 20.97355 ], [ 73.6872, 20.97397 ], [ 73.68774, 20.97552 ], [ 73.68811, 20.9769 ], [ 73.6883, 20.97804 ], [ 73.68883, 20.97861 ], [ 73.69024, 20.97957 ], [ 73.69094, 20.98013 ], [ 73.6913, 20.98111 ], [ 73.69176, 20.98233 ], [ 73.69221, 20.98354 ], [ 73.69214, 20.98502 ], [ 73.69225, 20.98632 ], [ 73.69278, 20.9873 ], [ 73.69428, 20.98826 ], [ 73.69551, 20.98881 ], [ 73.69621, 20.98961 ], [ 73.69622, 20.99059 ], [ 73.69652, 20.99242 ], [ 73.69692, 20.99308 ], [ 73.69699, 20.99453 ], [ 73.69851, 20.99518 ], [ 73.69852, 20.99642 ], [ 73.69926, 20.9987 ], [ 73.70044, 21.00047 ], [ 73.70151, 21.00174 ], [ 73.70164, 21.0019 ], [ 73.70242, 21.0035 ], [ 73.70301, 21.00407 ], [ 73.70406, 21.00508 ], [ 73.70526, 21.00623 ], [ 73.70533, 21.00635 ], [ 73.70632, 21.00623 ], [ 73.70795, 21.00583 ], [ 73.70874, 21.00556 ], [ 73.70886, 21.00552 ], [ 73.71176, 21.0045 ], [ 73.71202, 21.00441 ], [ 73.71226, 21.00457 ], [ 73.71304, 21.00552 ], [ 73.71362, 21.0063 ], [ 73.71464, 21.0064 ], [ 73.71633, 21.00646 ], [ 73.71649, 21.00647 ], [ 73.71768, 21.00656 ], [ 73.71799, 21.00634 ], [ 73.71825, 21.00601 ], [ 73.7184, 21.00586 ], [ 73.7189, 21.00539 ], [ 73.71935, 21.00507 ], [ 73.71997, 21.00486 ], [ 73.72055, 21.00466 ], [ 73.72089, 21.00456 ], [ 73.72104, 21.00437 ], [ 73.72149, 21.00374 ], [ 73.72202, 21.00309 ], [ 73.72268, 21.00245 ], [ 73.72342, 21.00187 ], [ 73.72397, 21.00155 ], [ 73.72451, 21.00132 ], [ 73.72531, 21.00129 ], [ 73.7258, 21.00141 ], [ 73.72623, 21.00163 ], [ 73.72683, 21.00212 ], [ 73.72724, 21.00271 ], [ 73.72754, 21.00362 ], [ 73.72759, 21.00376 ], [ 73.72809, 21.00532 ], [ 73.72832, 21.00581 ], [ 73.72852, 21.00597 ], [ 73.72884, 21.00607 ], [ 73.72936, 21.00606 ], [ 73.72981, 21.00599 ], [ 73.73089, 21.00577 ], [ 73.73163, 21.00529 ], [ 73.73228, 21.00467 ], [ 73.73303, 21.00407 ], [ 73.73392, 21.00367 ], [ 73.73471, 21.00339 ], [ 73.73578, 21.00315 ], [ 73.73655, 21.00294 ], [ 73.73771, 21.00288 ], [ 73.73871, 21.00308 ], [ 73.73945, 21.00343 ], [ 73.74048, 21.0037 ], [ 73.74075, 21.00374 ], [ 73.74087, 21.00362 ], [ 73.74088, 21.00343 ], [ 73.74082, 21.00321 ], [ 73.7406, 21.00295 ], [ 73.74058, 21.00264 ], [ 73.74064, 21.00235 ], [ 73.73998, 21.00196 ] ], [ [ 73.71742, 20.93717 ], [ 73.71696, 20.93743 ], [ 73.71649, 20.93777 ], [ 73.71641, 20.93762 ], [ 73.71606, 20.93685 ], [ 73.71618, 20.9365 ], [ 73.71625, 20.93636 ], [ 73.71563, 20.93499 ], [ 73.7153, 20.93457 ], [ 73.71512, 20.93402 ], [ 73.71499, 20.93327 ], [ 73.71467, 20.93275 ], [ 73.71463, 20.93236 ], [ 73.71451, 20.93134 ], [ 73.71486, 20.93052 ], [ 73.71513, 20.92985 ], [ 73.7154, 20.92915 ], [ 73.71579, 20.92839 ], [ 73.71577, 20.92704 ], [ 73.7165, 20.92721 ], [ 73.7173, 20.92738 ], [ 73.71783, 20.9273 ], [ 73.71791, 20.92755 ], [ 73.71801, 20.92755 ], [ 73.718, 20.92785 ], [ 73.71805, 20.92815 ], [ 73.71839, 20.92844 ], [ 73.71893, 20.92892 ], [ 73.71922, 20.92913 ], [ 73.71952, 20.92934 ], [ 73.7201, 20.92938 ], [ 73.72032, 20.92972 ], [ 73.72063, 20.93052 ], [ 73.72079, 20.93092 ], [ 73.72054, 20.9316 ], [ 73.72056, 20.93227 ], [ 73.72046, 20.93297 ], [ 73.72005, 20.93329 ], [ 73.71986, 20.93368 ], [ 73.71972, 20.93483 ], [ 73.71946, 20.93541 ], [ 73.71936, 20.93617 ], [ 73.71922, 20.93624 ], [ 73.71862, 20.93639 ], [ 73.7181, 20.93644 ], [ 73.71734, 20.93656 ], [ 73.71742, 20.93717 ] ] ] ] } },
{ "type": "Feature", "properties": { "vid": "522541", "gz_state": "GUJARAT", "gz_district": "The Dangs", "gz_taluka": "The Dangs", "gz_village": "Dhulda", "gz_village_raw": "Dhulda", "gz_sno": 27, "esa_category": "whole_village", "bifurcated": false, "notified_forest": false, "cen_village": "Dhulda", "cen_subdistrict": "Subir", "cen_district": "Dangs", "censuscode": "522541", "lgd_villagecode": 522541, "score": 100.0, "scope": "dist", "area_km2": 22.706 }, "geometry": { "type": "MultiPolygon", "coordinates": [ [ [ [ 73.69289, 21.00083 ], [ 73.69296, 21.00079 ], [ 73.6937, 21.00128 ], [ 73.69454, 21.00186 ], [ 73.69476, 21.00201 ], [ 73.69547, 21.00255 ], [ 73.69602, 21.00284 ], [ 73.69702, 21.00302 ], [ 73.69826, 21.00323 ], [ 73.70069, 21.00346 ], [ 73.70083, 21.00348 ], [ 73.70224, 21.00346 ], [ 73.70242, 21.0035 ], [ 73.70164, 21.0019 ], [ 73.70151, 21.00174 ], [ 73.70044, 21.00047 ], [ 73.69926, 20.9987 ], [ 73.69852, 20.99642 ], [ 73.69851, 20.99518 ], [ 73.69699, 20.99453 ], [ 73.69692, 20.99308 ], [ 73.69652, 20.99242 ], [ 73.69622, 20.99059 ], [ 73.69621, 20.98961 ], [ 73.69551, 20.98881 ], [ 73.69428, 20.98826 ], [ 73.69278, 20.9873 ], [ 73.69225, 20.98632 ], [ 73.69214, 20.98502 ], [ 73.69221, 20.98354 ], [ 73.69176, 20.98233 ], [ 73.6913, 20.98111 ], [ 73.69094, 20.98013 ], [ 73.69024, 20.97957 ], [ 73.68883, 20.97861 ], [ 73.6883, 20.97804 ], [ 73.68811, 20.9769 ], [ 73.68774, 20.97552 ], [ 73.6872, 20.97397 ], [ 73.68639, 20.97355 ], [ 73.68599, 20.97268 ], [ 73.68558, 20.97231 ], [ 73.68612, 20.97141 ], [ 73.68588, 20.97083 ], [ 73.68544, 20.96989 ], [ 73.68508, 20.96943 ], [ 73.68418, 20.9689 ], [ 73.68343, 20.96872 ], [ 73.6822, 20.96852 ], [ 73.68075, 20.96816 ], [ 73.67984, 20.96766 ], [ 73.67936, 20.96604 ], [ 73.67899, 20.96466 ], [ 73.67871, 20.9632 ], [ 73.67899, 20.96222 ], [ 73.67924, 20.96176 ], [ 73.6785, 20.96065 ], [ 73.67855, 20.9596 ], [ 73.67807, 20.95855 ], [ 73.67794, 20.95746 ], [ 73.67793, 20.95662 ], [ 73.67899, 20.95607 ], [ 73.67944, 20.95525 ], [ 73.67966, 20.95419 ], [ 73.68016, 20.9531 ], [ 73.67971, 20.9515 ], [ 73.67994, 20.94963 ], [ 73.67944, 20.94893 ], [ 73.67949, 20.94663 ], [ 73.67906, 20.94476 ], [ 73.6789, 20.94371 ], [ 73.67883, 20.94374 ], [ 73.67738, 20.94438 ], [ 73.67677, 20.94436 ], [ 73.67562, 20.94467 ], [ 73.67517, 20.94511 ], [ 73.67448, 20.94556 ], [ 73.6736, 20.94581 ], [ 73.6728, 20.94631 ], [ 73.6715, 20.94636 ], [ 73.67095, 20.94577 ], [ 73.66999, 20.94554 ], [ 73.66926, 20.94503 ], [ 73.66861, 20.94406 ], [ 73.66817, 20.9435 ], [ 73.66727, 20.94297 ], [ 73.66628, 20.94274 ], [ 73.66559, 20.94185 ], [ 73.66509, 20.94132 ], [ 73.6644, 20.94133 ], [ 73.66316, 20.94121 ], [ 73.66188, 20.94114 ], [ 73.66081, 20.94108 ], [ 73.65993, 20.94171 ], [ 73.65901, 20.94254 ], [ 73.65743, 20.94318 ], [ 73.65742, 20.94317 ], [ 73.65728, 20.94328 ], [ 73.65584, 20.94381 ], [ 73.65507, 20.94428 ], [ 73.654, 20.94473 ], [ 73.65202, 20.94533 ], [ 73.65098, 20.94556 ], [ 73.64952, 20.94565 ], [ 73.64916, 20.94567 ], [ 73.64771, 20.94538 ], [ 73.64694, 20.94536 ], [ 73.64575, 20.94564 ], [ 73.6446, 20.94596 ], [ 73.64353, 20.94637 ], [ 73.64263, 20.94655 ], [ 73.64171, 20.94656 ], [ 73.64059, 20.94617 ], [ 73.63938, 20.94632 ], [ 73.63822, 20.94601 ], [ 73.63713, 20.94538 ], [ 73.63549, 20.94436 ], [ 73.63473, 20.94459 ], [ 73.63403, 20.94447 ], [ 73.63349, 20.94446 ], [ 73.63228, 20.94533 ], [ 73.63229, 20.94535 ], [ 73.63265, 20.94603 ], [ 73.63363, 20.94741 ], [ 73.63411, 20.94854 ], [ 73.63382, 20.94931 ], [ 73.63475, 20.9497 ], [ 73.63475, 20.95053 ], [ 73.63609, 20.95253 ], [ 73.63651, 20.95314 ], [ 73.63705, 20.95399 ], [ 73.63717, 20.95446 ], [ 73.63762, 20.9548 ], [ 73.63764, 20.95502 ], [ 73.63777, 20.95509 ], [ 73.63784, 20.95541 ], [ 73.63798, 20.95609 ], [ 73.63807, 20.95662 ], [ 73.63798, 20.9576 ], [ 73.63813, 20.95865 ], [ 73.63842, 20.9596 ], [ 73.63824, 20.96025 ], [ 73.63759, 20.96078 ], [ 73.63742, 20.96123 ], [ 73.63717, 20.9619 ], [ 73.63745, 20.96184 ], [ 73.63796, 20.96226 ], [ 73.63797, 20.96227 ], [ 73.63831, 20.96195 ], [ 73.63845, 20.96182 ], [ 73.64001, 20.96119 ], [ 73.64164, 20.96097 ], [ 73.64398, 20.96075 ], [ 73.6458, 20.96072 ], [ 73.64672, 20.96063 ], [ 73.64785, 20.96002 ], [ 73.64801, 20.9604 ], [ 73.64854, 20.96082 ], [ 73.64902, 20.96104 ], [ 73.6499, 20.96233 ], [ 73.64994, 20.96306 ], [ 73.64939, 20.96452 ], [ 73.64926, 20.96515 ], [ 73.64925, 20.96623 ], [ 73.64933, 20.96696 ], [ 73.64943, 20.96783 ], [ 73.64931, 20.96909 ], [ 73.65046, 20.96969 ], [ 73.65092, 20.97009 ], [ 73.65106, 20.97052 ], [ 73.65192, 20.97159 ], [ 73.65261, 20.97242 ], [ 73.65294, 20.97309 ], [ 73.65328, 20.97341 ], [ 73.65341, 20.97396 ], [ 73.6537, 20.97419 ], [ 73.65462, 20.97533 ], [ 73.65495, 20.97639 ], [ 73.65521, 20.97677 ], [ 73.65542, 20.97745 ], [ 73.65593, 20.97801 ], [ 73.65605, 20.97873 ], [ 73.65654, 20.97947 ], [ 73.65689, 20.98043 ], [ 73.6571, 20.98058 ], [ 73.6574, 20.98064 ], [ 73.65825, 20.98135 ], [ 73.65866, 20.98174 ], [ 73.65904, 20.98276 ], [ 73.65992, 20.98413 ], [ 73.66121, 20.98522 ], [ 73.66184, 20.98609 ], [ 73.66336, 20.98636 ], [ 73.66408, 20.98775 ], [ 73.66554, 20.98989 ], [ 73.66626, 20.99102 ], [ 73.66664, 20.992 ], [ 73.66665, 20.99274 ], [ 73.66714, 20.99344 ], [ 73.66627, 20.99616 ], [ 73.66618, 20.99639 ], [ 73.6672, 20.99606 ], [ 73.66719, 20.99717 ], [ 73.66663, 20.99807 ], [ 73.66665, 20.9989 ], [ 73.66723, 20.99983 ], [ 73.66837, 21.00037 ], [ 73.66916, 21.00145 ], [ 73.66979, 21.00206 ], [ 73.67009, 21.00207 ], [ 73.67065, 21.00155 ], [ 73.67087, 21.00135 ], [ 73.6711, 21.00116 ], [ 73.67128, 21.00114 ], [ 73.67147, 21.00118 ], [ 73.67187, 21.00132 ], [ 73.6723, 21.00146 ], [ 73.67261, 21.00152 ], [ 73.67271, 21.00151 ], [ 73.67326, 21.00149 ], [ 73.67392, 21.00142 ], [ 73.67554, 21.00118 ], [ 73.67572, 21.00115 ], [ 73.67593, 21.00112 ], [ 73.67621, 21.00112 ], [ 73.67652, 21.00108 ], [ 73.67682, 21.00118 ], [ 73.67705, 21.00139 ], [ 73.67719, 21.00161 ], [ 73.67731, 21.00178 ], [ 73.67811, 21.00294 ], [ 73.67852, 21.00326 ], [ 73.67912, 21.00346 ], [ 73.67999, 21.00363 ], [ 73.68091, 21.00367 ], [ 73.68142, 21.00374 ], [ 73.6818, 21.00386 ], [ 73.68269, 21.00425 ], [ 73.68397, 21.00478 ], [ 73.68574, 21.00535 ], [ 73.68701, 21.00566 ], [ 73.68732, 21.00567 ], [ 73.68802, 21.00513 ], [ 73.68959, 21.00385 ], [ 73.69039, 21.00314 ], [ 73.6912, 21.00244 ], [ 73.69239, 21.0013 ], [ 73.69249, 21.00121 ], [ 73.69289, 21.00083 ] ] ] ] } },
{ "type": "Feature", "properties": { "vid": "522596", "gz_state": "GUJARAT", "gz_district": "The Dangs", "gz_taluka": "The Dangs", "gz_village": "Kakarda", "gz_village_raw": "Kakarda", "gz_sno": 28, "esa_category": "whole_village", "bifurcated": false, "notified_forest": false, "cen_village": "Kakarda", "cen_subdistrict": "Waghai", "cen_district": "Dangs", "censuscode": "522596", "lgd_villagecode": 522596, "score": 100.0, "scope": "dist", "area_km2": 2.052 }, "geometry": { "type": "MultiPolygon", "coordinates": [ [ [ [ 73.53212, 20.93159 ], [ 73.53338, 20.93158 ], [ 73.53417, 20.93198 ], [ 73.53485, 20.93285 ], [ 73.53501, 20.93413 ], [ 73.53526, 20.9351 ], [ 73.53538, 20.93627 ], [ 73.53549, 20.9371 ], [ 73.53563, 20.93773 ], [ 73.53586, 20.93762 ], [ 73.53656, 20.93715 ], [ 73.53743, 20.93677 ], [ 73.53809, 20.93641 ], [ 73.5388, 20.93575 ], [ 73.53991, 20.93547 ], [ 73.54058, 20.93518 ], [ 73.54147, 20.93485 ], [ 73.54255, 20.93449 ], [ 73.54343, 20.93431 ], [ 73.54472, 20.93416 ], [ 73.54477, 20.93418 ], [ 73.54478, 20.93416 ], [ 73.54495, 20.93342 ], [ 73.54439, 20.93257 ], [ 73.54312, 20.93114 ], [ 73.54387, 20.93054 ], [ 73.54431, 20.92984 ], [ 73.54392, 20.92802 ], [ 73.54399, 20.92723 ], [ 73.54392, 20.9265 ], [ 73.54373, 20.92618 ], [ 73.54305, 20.92536 ], [ 73.54306, 20.92476 ], [ 73.54326, 20.92468 ], [ 73.54269, 20.92442 ], [ 73.54111, 20.92301 ], [ 73.54071, 20.92246 ], [ 73.53888, 20.92133 ], [ 73.53791, 20.92079 ], [ 73.53771, 20.92078 ], [ 73.53723, 20.92077 ], [ 73.53668, 20.92042 ], [ 73.5372, 20.91892 ], [ 73.53726, 20.91842 ], [ 73.53729, 20.91804 ], [ 73.53692, 20.91782 ], [ 73.53702, 20.91755 ], [ 73.53648, 20.91715 ], [ 73.53609, 20.91745 ], [ 73.53597, 20.91739 ], [ 73.53599, 20.9173 ], [ 73.5358, 20.91713 ], [ 73.53551, 20.9174 ], [ 73.53519, 20.91703 ], [ 73.53492, 20.91731 ], [ 73.53472, 20.91711 ], [ 73.5345, 20.91719 ], [ 73.53392, 20.91698 ], [ 73.5339, 20.91655 ], [ 73.53371, 20.91644 ], [ 73.5336, 20.91532 ], [ 73.53358, 20.91521 ], [ 73.53294, 20.91667 ], [ 73.53224, 20.91742 ], [ 73.53185, 20.91929 ], [ 73.53099, 20.9215 ], [ 73.53086, 20.92218 ], [ 73.53039, 20.92269 ], [ 73.53009, 20.92358 ], [ 73.53004, 20.92435 ], [ 73.5301, 20.9248 ], [ 73.53014, 20.92542 ], [ 73.53018, 20.92581 ], [ 73.5305, 20.92637 ], [ 73.53077, 20.9269 ], [ 73.53112, 20.92722 ], [ 73.53144, 20.92763 ], [ 73.53219, 20.92844 ], [ 73.53198, 20.92974 ], [ 73.53173, 20.93062 ], [ 73.53096, 20.93142 ], [ 73.53212, 20.93159 ] ] ] ] } },
{ "type": "Feature", "properties": { "vid": "522570", "gz_state": "GUJARAT", "gz_district": "The Dangs", "gz_taluka": "The Dangs", "gz_village": "Chikhala (Kalibelsaja)", "gz_village_raw": "Chikhala (Kalibelsaja)", "gz_sno": 29, "esa_category": "whole_village", "bifurcated": false, "notified_forest": false, "cen_village": "Chikhala Kalibelsaja", "cen_subdistrict": "Waghai", "cen_district": "Dangs", "censuscode": "522570", "lgd_villagecode": 522570, "score": 100.0, "scope": "dist", "area_km2": 22.433 }, "geometry": { "type": "MultiPolygon", "coordinates": [ [ [ [ 73.6446, 20.94596 ], [ 73.64575, 20.94564 ], [ 73.64694, 20.94536 ], [ 73.64771, 20.94538 ], [ 73.64916, 20.94567 ], [ 73.64952, 20.94565 ], [ 73.65098, 20.94556 ], [ 73.65202, 20.94533 ], [ 73.654, 20.94473 ], [ 73.65507, 20.94428 ], [ 73.65584, 20.94381 ], [ 73.65728, 20.94328 ], [ 73.65742, 20.94317 ], [ 73.65743, 20.94318 ], [ 73.65901, 20.94254 ], [ 73.65993, 20.94171 ], [ 73.66081, 20.94108 ], [ 73.66188, 20.94114 ], [ 73.66316, 20.94121 ], [ 73.6644, 20.94133 ], [ 73.66509, 20.94132 ], [ 73.66559, 20.94185 ], [ 73.66628, 20.94274 ], [ 73.66727, 20.94297 ], [ 73.66817, 20.9435 ], [ 73.66861, 20.94406 ], [ 73.66926, 20.94503 ], [ 73.66999, 20.94554 ], [ 73.67095, 20.94577 ], [ 73.6715, 20.94636 ], [ 73.6728, 20.94631 ], [ 73.6736, 20.94581 ], [ 73.67448, 20.94556 ], [ 73.67517, 20.94511 ], [ 73.67562, 20.94467 ], [ 73.67677, 20.94436 ], [ 73.67738, 20.94438 ], [ 73.67883, 20.94374 ], [ 73.67984, 20.94267 ], [ 73.68066, 20.942 ], [ 73.68135, 20.94157 ], [ 73.68186, 20.94103 ], [ 73.68236, 20.94036 ], [ 73.68292, 20.93958 ], [ 73.68336, 20.93897 ], [ 73.6838, 20.93813 ], [ 73.68417, 20.93764 ], [ 73.68523, 20.93595 ], [ 73.68542, 20.93529 ], [ 73.68573, 20.93457 ], [ 73.68598, 20.93367 ], [ 73.68594, 20.93367 ], [ 73.68448, 20.93213 ], [ 73.68395, 20.93102 ], [ 73.68419, 20.93042 ], [ 73.68335, 20.93012 ], [ 73.68358, 20.92885 ], [ 73.68291, 20.92699 ], [ 73.68237, 20.92528 ], [ 73.6822, 20.9241 ], [ 73.6812, 20.92293 ], [ 73.67974, 20.92184 ], [ 73.67852, 20.92095 ], [ 73.67748, 20.91942 ], [ 73.67683, 20.91923 ], [ 73.67633, 20.91895 ], [ 73.67519, 20.91896 ], [ 73.67466, 20.91976 ], [ 73.67411, 20.91873 ], [ 73.6731, 20.91929 ], [ 73.67257, 20.9181 ], [ 73.6722, 20.91814 ], [ 73.67079, 20.91835 ], [ 73.67024, 20.91836 ], [ 73.66926, 20.91895 ], [ 73.66916, 20.9192 ], [ 73.66876, 20.92003 ], [ 73.66852, 20.9208 ], [ 73.66875, 20.92167 ], [ 73.66736, 20.92212 ], [ 73.6663, 20.92247 ], [ 73.66539, 20.92215 ], [ 73.66546, 20.92243 ], [ 73.66543, 20.92243 ], [ 73.66325, 20.92353 ], [ 73.661, 20.92368 ], [ 73.6599, 20.92357 ], [ 73.65896, 20.92315 ], [ 73.65742, 20.92462 ], [ 73.65675, 20.92298 ], [ 73.65673, 20.92298 ], [ 73.65503, 20.92292 ], [ 73.65423, 20.92264 ], [ 73.65353, 20.92249 ], [ 73.6532, 20.92249 ], [ 73.65254, 20.92281 ], [ 73.65235, 20.92223 ], [ 73.65216, 20.92166 ], [ 73.65187, 20.92133 ], [ 73.65173, 20.9197 ], [ 73.65165, 20.91819 ], [ 73.65161, 20.91724 ], [ 73.65166, 20.91604 ], [ 73.65127, 20.91482 ], [ 73.65073, 20.91409 ], [ 73.65028, 20.91364 ], [ 73.64989, 20.91364 ], [ 73.64975, 20.91331 ], [ 73.64964, 20.91315 ], [ 73.6489, 20.91274 ], [ 73.64837, 20.91203 ], [ 73.64809, 20.91143 ], [ 73.64769, 20.91069 ], [ 73.647, 20.91035 ], [ 73.64651, 20.91034 ], [ 73.6453, 20.91031 ], [ 73.64429, 20.91003 ], [ 73.64327, 20.90996 ], [ 73.64257, 20.90993 ], [ 73.64189, 20.91011 ], [ 73.64138, 20.91044 ], [ 73.64092, 20.9107 ], [ 73.64024, 20.91071 ], [ 73.63904, 20.91023 ], [ 73.63736, 20.9097 ], [ 73.63568, 20.90919 ], [ 73.63413, 20.90865 ], [ 73.6332, 20.90808 ], [ 73.63188, 20.90655 ], [ 73.63148, 20.90582 ], [ 73.63122, 20.90535 ], [ 73.63069, 20.9037 ], [ 73.6308, 20.90202 ], [ 73.63184, 20.90189 ], [ 73.63198, 20.90042 ], [ 73.63377, 20.89742 ], [ 73.6338, 20.8955 ], [ 73.63201, 20.89477 ], [ 73.6295, 20.89581 ], [ 73.62798, 20.89668 ], [ 73.62661, 20.89746 ], [ 73.62352, 20.89942 ], [ 73.62229, 20.90122 ], [ 73.62033, 20.90558 ], [ 73.61969, 20.90902 ], [ 73.61837, 20.91098 ], [ 73.61705, 20.91277 ], [ 73.61652, 20.91363 ], [ 73.61653, 20.91365 ], [ 73.61651, 20.91365 ], [ 73.61661, 20.91582 ], [ 73.61691, 20.91863 ], [ 73.6179, 20.91961 ], [ 73.61797, 20.92008 ], [ 73.61792, 20.92053 ], [ 73.61796, 20.92095 ], [ 73.61796, 20.92138 ], [ 73.61788, 20.92192 ], [ 73.61779, 20.92242 ], [ 73.61778, 20.92291 ], [ 73.61779, 20.9235 ], [ 73.61694, 20.92628 ], [ 73.6161, 20.92587 ], [ 73.61539, 20.92656 ], [ 73.61532, 20.92703 ], [ 73.61501, 20.92739 ], [ 73.61478, 20.92767 ], [ 73.61442, 20.92773 ], [ 73.6137, 20.92752 ], [ 73.61286, 20.92662 ], [ 73.61258, 20.92651 ], [ 73.61183, 20.92862 ], [ 73.61174, 20.93072 ], [ 73.61138, 20.93212 ], [ 73.61138, 20.93215 ], [ 73.61559, 20.93478 ], [ 73.61774, 20.93623 ], [ 73.62207, 20.93893 ], [ 73.62575, 20.94134 ], [ 73.62827, 20.94306 ], [ 73.62916, 20.94366 ], [ 73.63053, 20.94457 ], [ 73.63196, 20.94537 ], [ 73.63229, 20.94535 ], [ 73.63228, 20.94533 ], [ 73.63349, 20.94446 ], [ 73.63403, 20.94447 ], [ 73.63473, 20.94459 ], [ 73.63549, 20.94436 ], [ 73.63713, 20.94538 ], [ 73.63822, 20.94601 ], [ 73.63938, 20.94632 ], [ 73.64059, 20.94617 ], [ 73.64171, 20.94656 ], [ 73.64263, 20.94655 ], [ 73.64353, 20.94637 ], [ 73.6446, 20.94596 ] ] ] ] } },
{ "type": "Feature", "properties": { "vid": "522571", "gz_state": "GUJARAT", "gz_district": "The Dangs", "gz_taluka": "The Dangs", "gz_village": "Sawardakasad", "gz_village_raw": "Sawardakasad", "gz_sno": 30, "esa_category": "whole_village", "bifurcated": false, "notified_forest": false, "cen_village": "Sawardakasad", "cen_subdistrict": "Subir", "cen_district": "Dangs", "censuscode": "522571", "lgd_villagecode": 522571, "score": 100.0, "scope": "dist", "area_km2": 13.803 }, "geometry": { "type": "MultiPolygon", "coordinates": [ [ [ [ 73.65896, 20.92315 ], [ 73.6599, 20.92357 ], [ 73.661, 20.92368 ], [ 73.66325, 20.92353 ], [ 73.66543, 20.92243 ], [ 73.66546, 20.92243 ], [ 73.66539, 20.92215 ], [ 73.66516, 20.92117 ], [ 73.6632, 20.91945 ], [ 73.66311, 20.91767 ], [ 73.66389, 20.916 ], [ 73.66523, 20.91454 ], [ 73.66698, 20.91372 ], [ 73.66821, 20.91295 ], [ 73.66879, 20.91237 ], [ 73.66916, 20.91185 ], [ 73.66947, 20.91104 ], [ 73.66928, 20.91025 ], [ 73.66902, 20.9096 ], [ 73.66828, 20.90907 ], [ 73.66765, 20.90868 ], [ 73.66661, 20.90821 ], [ 73.66577, 20.9079 ], [ 73.66394, 20.9073 ], [ 73.66265, 20.9065 ], [ 73.66182, 20.90624 ], [ 73.66045, 20.90526 ], [ 73.66019, 20.90448 ], [ 73.66018, 20.90396 ], [ 73.66052, 20.90345 ], [ 73.66113, 20.90299 ], [ 73.66183, 20.90268 ], [ 73.66243, 20.90245 ], [ 73.66417, 20.90165 ], [ 73.66596, 20.90198 ], [ 73.66846, 20.90283 ], [ 73.6699, 20.90342 ], [ 73.67156, 20.90361 ], [ 73.67331, 20.90403 ], [ 73.6733, 20.90409 ], [ 73.67355, 20.90408 ], [ 73.67572, 20.90429 ], [ 73.67712, 20.90427 ], [ 73.67876, 20.90357 ], [ 73.68036, 20.90255 ], [ 73.68128, 20.9015 ], [ 73.68189, 20.90028 ], [ 73.68197, 20.90029 ], [ 73.68254, 20.89921 ], [ 73.68359, 20.89789 ], [ 73.68425, 20.89736 ], [ 73.68521, 20.89684 ], [ 73.68653, 20.89665 ], [ 73.68837, 20.89631 ], [ 73.69052, 20.8962 ], [ 73.69048, 20.8963 ], [ 73.69065, 20.8962 ], [ 73.69383, 20.89616 ], [ 73.69594, 20.89588 ], [ 73.69699, 20.89446 ], [ 73.69721, 20.89442 ], [ 73.69768, 20.89334 ], [ 73.69955, 20.89064 ], [ 73.69847, 20.88634 ], [ 73.69745, 20.88006 ], [ 73.69764, 20.8789 ], [ 73.69784, 20.87692 ], [ 73.69693, 20.87685 ], [ 73.69593, 20.87672 ], [ 73.69424, 20.87713 ], [ 73.69346, 20.87741 ], [ 73.69292, 20.87601 ], [ 73.69254, 20.87482 ], [ 73.69197, 20.87305 ], [ 73.6916, 20.87109 ], [ 73.69129, 20.86886 ], [ 73.69111, 20.86728 ], [ 73.69077, 20.86441 ], [ 73.69278, 20.86358 ], [ 73.69302, 20.86343 ], [ 73.69301, 20.86194 ], [ 73.693, 20.861 ], [ 73.6929, 20.85946 ], [ 73.69374, 20.85932 ], [ 73.69407, 20.85933 ], [ 73.69415, 20.85893 ], [ 73.6941, 20.85875 ], [ 73.6939, 20.85808 ], [ 73.69362, 20.85748 ], [ 73.69345, 20.85683 ], [ 73.69357, 20.85636 ], [ 73.69417, 20.85568 ], [ 73.69399, 20.855 ], [ 73.69246, 20.85549 ], [ 73.6923, 20.85577 ], [ 73.68897, 20.85653 ], [ 73.68692, 20.85577 ], [ 73.68696, 20.85588 ], [ 73.68699, 20.85695 ], [ 73.68706, 20.85848 ], [ 73.68712, 20.86026 ], [ 73.68642, 20.86196 ], [ 73.68582, 20.86251 ], [ 73.68549, 20.86282 ], [ 73.68471, 20.86349 ], [ 73.68406, 20.86434 ], [ 73.68306, 20.8651 ], [ 73.68224, 20.86626 ], [ 73.68073, 20.8663 ], [ 73.68035, 20.86545 ], [ 73.67984, 20.86399 ], [ 73.67905, 20.86372 ], [ 73.67783, 20.86435 ], [ 73.6772, 20.86587 ], [ 73.67674, 20.86622 ], [ 73.67589, 20.86731 ], [ 73.6755, 20.86756 ], [ 73.67482, 20.86805 ], [ 73.67411, 20.86818 ], [ 73.67262, 20.86826 ], [ 73.67262, 20.86823 ], [ 73.67229, 20.86841 ], [ 73.67189, 20.86861 ], [ 73.67165, 20.8688 ], [ 73.67098, 20.86913 ], [ 73.67065, 20.86927 ], [ 73.67049, 20.86932 ], [ 73.67036, 20.86937 ], [ 73.67006, 20.86935 ], [ 73.66998, 20.86912 ], [ 73.66981, 20.86872 ], [ 73.66964, 20.86834 ], [ 73.66945, 20.86801 ], [ 73.66936, 20.86778 ], [ 73.66904, 20.86756 ], [ 73.66858, 20.86795 ], [ 73.66828, 20.8681 ], [ 73.66785, 20.86824 ], [ 73.66739, 20.86824 ], [ 73.66731, 20.86814 ], [ 73.66685, 20.86817 ], [ 73.6668, 20.86861 ], [ 73.66686, 20.86904 ], [ 73.667, 20.86929 ], [ 73.66714, 20.86947 ], [ 73.66722, 20.86964 ], [ 73.66742, 20.86994 ], [ 73.66794, 20.87052 ], [ 73.66786, 20.87085 ], [ 73.66782, 20.87134 ], [ 73.66777, 20.87198 ], [ 73.66783, 20.87234 ], [ 73.66754, 20.8726 ], [ 73.66733, 20.87328 ], [ 73.66707, 20.874 ], [ 73.66699, 20.87436 ], [ 73.66681, 20.87474 ], [ 73.66679, 20.87512 ], [ 73.66676, 20.87543 ], [ 73.66661, 20.87586 ], [ 73.66634, 20.87624 ], [ 73.6661, 20.87648 ], [ 73.66586, 20.87676 ], [ 73.66565, 20.87717 ], [ 73.66555, 20.87747 ], [ 73.66533, 20.87786 ], [ 73.66518, 20.87811 ], [ 73.66516, 20.87865 ], [ 73.66516, 20.87901 ], [ 73.66514, 20.87929 ], [ 73.66501, 20.87975 ], [ 73.66504, 20.88015 ], [ 73.66505, 20.88051 ], [ 73.66497, 20.88089 ], [ 73.66497, 20.88119 ], [ 73.66503, 20.88155 ], [ 73.66512, 20.8819 ], [ 73.66539, 20.88223 ], [ 73.66551, 20.88263 ], [ 73.66562, 20.88294 ], [ 73.66582, 20.88344 ], [ 73.66582, 20.88367 ], [ 73.66555, 20.8838 ], [ 73.66452, 20.88389 ], [ 73.66404, 20.88385 ], [ 73.66377, 20.88401 ], [ 73.66399, 20.88418 ], [ 73.66429, 20.88479 ], [ 73.66432, 20.88502 ], [ 73.6643, 20.88542 ], [ 73.6645, 20.88567 ], [ 73.66452, 20.88578 ], [ 73.66466, 20.88605 ], [ 73.66477, 20.88623 ], [ 73.66499, 20.88648 ], [ 73.66505, 20.88668 ], [ 73.66505, 20.88694 ], [ 73.66506, 20.88724 ], [ 73.66509, 20.88744 ], [ 73.66501, 20.8876 ], [ 73.66485, 20.88783 ], [ 73.66474, 20.88801 ], [ 73.66436, 20.88799 ], [ 73.66409, 20.88774 ], [ 73.66398, 20.88756 ], [ 73.66365, 20.88749 ], [ 73.66325, 20.88765 ], [ 73.66336, 20.8879 ], [ 73.66316, 20.88899 ], [ 73.66336, 20.88955 ], [ 73.66366, 20.8901 ], [ 73.66405, 20.89066 ], [ 73.66422, 20.89096 ], [ 73.6643, 20.89116 ], [ 73.66436, 20.89134 ], [ 73.66433, 20.8917 ], [ 73.66431, 20.8919 ], [ 73.66404, 20.89218 ], [ 73.66353, 20.89234 ], [ 73.66304, 20.89216 ], [ 73.66249, 20.89221 ], [ 73.66249, 20.8924 ], [ 73.66234, 20.89283 ], [ 73.66199, 20.89283 ], [ 73.66169, 20.89336 ], [ 73.66182, 20.89357 ], [ 73.66189, 20.89384 ], [ 73.66176, 20.89417 ], [ 73.66138, 20.89448 ], [ 73.66065, 20.89497 ], [ 73.66011, 20.89525 ], [ 73.6596, 20.89543 ], [ 73.65905, 20.89568 ], [ 73.65848, 20.89599 ], [ 73.65784, 20.89639 ], [ 73.65769, 20.8966 ], [ 73.65734, 20.89715 ], [ 73.65707, 20.89815 ], [ 73.65676, 20.89942 ], [ 73.65673, 20.8996 ], [ 73.65675, 20.901 ], [ 73.65682, 20.9016 ], [ 73.65693, 20.90223 ], [ 73.65706, 20.90265 ], [ 73.65713, 20.90298 ], [ 73.65753, 20.90361 ], [ 73.65812, 20.9049 ], [ 73.65861, 20.90549 ], [ 73.65897, 20.90582 ], [ 73.65959, 20.90629 ], [ 73.65981, 20.90644 ], [ 73.66062, 20.90673 ], [ 73.66117, 20.9069 ], [ 73.66162, 20.90711 ], [ 73.6622, 20.90731 ], [ 73.66291, 20.90784 ], [ 73.66383, 20.90867 ], [ 73.66407, 20.90905 ], [ 73.66435, 20.90937 ], [ 73.66533, 20.9103 ], [ 73.66496, 20.91128 ], [ 73.6648, 20.91183 ], [ 73.66418, 20.91422 ], [ 73.66375, 20.91558 ], [ 73.66278, 20.9172 ], [ 73.66244, 20.91762 ], [ 73.66203, 20.91769 ], [ 73.66158, 20.91751 ], [ 73.66114, 20.91767 ], [ 73.66059, 20.91787 ], [ 73.66021, 20.91807 ], [ 73.65977, 20.91808 ], [ 73.65881, 20.91809 ], [ 73.65795, 20.91817 ], [ 73.65671, 20.91822 ], [ 73.65587, 20.91847 ], [ 73.65589, 20.91848 ], [ 73.65627, 20.92137 ], [ 73.65673, 20.92298 ], [ 73.65675, 20.92298 ], [ 73.65742, 20.92462 ], [ 73.65896, 20.92315 ] ] ] ] } },
{ "type": "Feature", "properties": { "vid": "522572", "gz_state": "GUJARAT", "gz_district": "The Dangs", "gz_taluka": "The Dangs", "gz_village": "Mahal", "gz_village_raw": "Mahal", "gz_sno": 31, "esa_category": "whole_village", "bifurcated": false, "notified_forest": false, "cen_village": "Mahal", "cen_subdistrict": "Subir", "cen_district": "Dangs", "censuscode": "522572", "lgd_villagecode": 522572, "score": 100.0, "scope": "dist", "area_km2": 2.507 }, "geometry": { "type": "MultiPolygon", "coordinates": [ [ [ [ 73.67331, 20.90403 ], [ 73.67156, 20.90361 ], [ 73.6699, 20.90342 ], [ 73.66846, 20.90283 ], [ 73.66596, 20.90198 ], [ 73.66417, 20.90165 ], [ 73.66243, 20.90245 ], [ 73.66183, 20.90268 ], [ 73.66113, 20.90299 ], [ 73.66052, 20.90345 ], [ 73.66018, 20.90396 ], [ 73.66019, 20.90448 ], [ 73.66045, 20.90526 ], [ 73.66182, 20.90624 ], [ 73.66265, 20.9065 ], [ 73.66394, 20.9073 ], [ 73.66577, 20.9079 ], [ 73.66661, 20.90821 ], [ 73.66765, 20.90868 ], [ 73.66828, 20.90907 ], [ 73.66902, 20.9096 ], [ 73.66928, 20.91025 ], [ 73.66947, 20.91104 ], [ 73.66916, 20.91185 ], [ 73.66879, 20.91237 ], [ 73.66821, 20.91295 ], [ 73.66698, 20.91372 ], [ 73.66523, 20.91454 ], [ 73.66389, 20.916 ], [ 73.66311, 20.91767 ], [ 73.6632, 20.91945 ], [ 73.66516, 20.92117 ], [ 73.66539, 20.92215 ], [ 73.6663, 20.92247 ], [ 73.66736, 20.92212 ], [ 73.66875, 20.92167 ], [ 73.66852, 20.9208 ], [ 73.66876, 20.92003 ], [ 73.66916, 20.9192 ], [ 73.66926, 20.91895 ], [ 73.67024, 20.91836 ], [ 73.67079, 20.91835 ], [ 73.6722, 20.91814 ], [ 73.67257, 20.9181 ], [ 73.6731, 20.91929 ], [ 73.67411, 20.91873 ], [ 73.67466, 20.91976 ], [ 73.67519, 20.91896 ], [ 73.67633, 20.91895 ], [ 73.67683, 20.91923 ], [ 73.67748, 20.91942 ], [ 73.67852, 20.92095 ], [ 73.67974, 20.92184 ], [ 73.6812, 20.92293 ], [ 73.6822, 20.9241 ], [ 73.68237, 20.92528 ], [ 73.68291, 20.92699 ], [ 73.68358, 20.92885 ], [ 73.68335, 20.93012 ], [ 73.68419, 20.93042 ], [ 73.68444, 20.92977 ], [ 73.68467, 20.92901 ], [ 73.68431, 20.92735 ], [ 73.68488, 20.92631 ], [ 73.68453, 20.92494 ], [ 73.68471, 20.92398 ], [ 73.68439, 20.9235 ], [ 73.68392, 20.92332 ], [ 73.68322, 20.92295 ], [ 73.68264, 20.92158 ], [ 73.68167, 20.92014 ], [ 73.68121, 20.91923 ], [ 73.68145, 20.91897 ], [ 73.68057, 20.91772 ], [ 73.67985, 20.91778 ], [ 73.67918, 20.91764 ], [ 73.67868, 20.91654 ], [ 73.67846, 20.91633 ], [ 73.67856, 20.91604 ], [ 73.67853, 20.9157 ], [ 73.67808, 20.91497 ], [ 73.67807, 20.91497 ], [ 73.67807, 20.9149 ], [ 73.67828, 20.91438 ], [ 73.67777, 20.91247 ], [ 73.67676, 20.91062 ], [ 73.67497, 20.90891 ], [ 73.67439, 20.90796 ], [ 73.67504, 20.90747 ], [ 73.67466, 20.90719 ], [ 73.67282, 20.90578 ], [ 73.6733, 20.90409 ], [ 73.67331, 20.90403 ] ] ] ] } },
{ "type": "Feature", "properties": { "vid": "522640", "gz_state": "GUJARAT", "gz_district": "The Dangs", "gz_taluka": "The Dangs", "gz_village": "Chikar (Jhavdasaja)", "gz_village_raw": "Chikar (Jhavdasaja)", "gz_sno": 32, "esa_category": "whole_village", "bifurcated": false, "notified_forest": false, "cen_village": "Chikar Jhavdasaja", "cen_subdistrict": "Waghai", "cen_district": "Dangs", "censuscode": "522640", "lgd_villagecode": 522640, "score": 100.0, "scope": "dist", "area_km2": 6.326 }, "geometry": { "type": "MultiPolygon", "coordinates": [ [ [ [ 73.51735, 20.85236 ], [ 73.51722, 20.85012 ], [ 73.51702, 20.84892 ], [ 73.51748, 20.8484 ], [ 73.51735, 20.84743 ], [ 73.5176, 20.84652 ], [ 73.51714, 20.84549 ], [ 73.51778, 20.84508 ], [ 73.51788, 20.84409 ], [ 73.51784, 20.84286 ], [ 73.51769, 20.84162 ], [ 73.51952, 20.84077 ], [ 73.52084, 20.83927 ], [ 73.52171, 20.83822 ], [ 73.52106, 20.83786 ], [ 73.52046, 20.83762 ], [ 73.51943, 20.83743 ], [ 73.51852, 20.83722 ], [ 73.51726, 20.83676 ], [ 73.51688, 20.83692 ], [ 73.51636, 20.83691 ], [ 73.51566, 20.83673 ], [ 73.51555, 20.83645 ], [ 73.51556, 20.83577 ], [ 73.51539, 20.83563 ], [ 73.51512, 20.83567 ], [ 73.51452, 20.8359 ], [ 73.51442, 20.83581 ], [ 73.51442, 20.83544 ], [ 73.51445, 20.83473 ], [ 73.51421, 20.83462 ], [ 73.51375, 20.83452 ], [ 73.51352, 20.83409 ], [ 73.51357, 20.83382 ], [ 73.51355, 20.83331 ], [ 73.51345, 20.83285 ], [ 73.51365, 20.83237 ], [ 73.514, 20.8324 ], [ 73.51411, 20.83263 ], [ 73.51418, 20.83293 ], [ 73.51426, 20.8334 ], [ 73.51434, 20.83361 ], [ 73.5145, 20.83364 ], [ 73.51471, 20.83366 ], [ 73.51498, 20.83355 ], [ 73.51529, 20.83324 ], [ 73.51548, 20.83294 ], [ 73.5159, 20.83266 ], [ 73.51641, 20.83254 ], [ 73.51656, 20.83286 ], [ 73.51669, 20.83317 ], [ 73.51688, 20.83317 ], [ 73.51709, 20.83306 ], [ 73.51658, 20.83187 ], [ 73.51597, 20.83131 ], [ 73.51606, 20.83091 ], [ 73.51655, 20.83034 ], [ 73.51663, 20.82999 ], [ 73.51705, 20.82927 ], [ 73.51705, 20.82856 ], [ 73.51772, 20.82782 ], [ 73.51785, 20.82768 ], [ 73.51768, 20.82741 ], [ 73.51725, 20.82691 ], [ 73.51657, 20.82634 ], [ 73.51574, 20.82571 ], [ 73.51527, 20.82567 ], [ 73.51462, 20.82573 ], [ 73.51414, 20.8255 ], [ 73.51344, 20.82494 ], [ 73.51258, 20.82423 ], [ 73.51158, 20.82349 ], [ 73.5107, 20.82279 ], [ 73.51022, 20.82252 ], [ 73.50853, 20.82242 ], [ 73.50773, 20.82228 ], [ 73.50711, 20.82173 ], [ 73.50676, 20.82143 ], [ 73.50657, 20.82128 ], [ 73.50542, 20.82144 ], [ 73.50421, 20.82132 ], [ 73.50326, 20.82059 ], [ 73.50199, 20.81981 ], [ 73.50072, 20.81932 ], [ 73.49897, 20.81892 ], [ 73.49678, 20.81867 ], [ 73.49615, 20.81922 ], [ 73.49605, 20.81921 ], [ 73.49602, 20.82036 ], [ 73.49613, 20.82302 ], [ 73.49619, 20.82372 ], [ 73.49606, 20.82437 ], [ 73.49693, 20.82518 ], [ 73.49802, 20.82633 ], [ 73.49919, 20.82792 ], [ 73.49965, 20.82874 ], [ 73.49945, 20.83032 ], [ 73.4989, 20.83129 ], [ 73.4983, 20.83317 ], [ 73.49805, 20.83561 ], [ 73.49866, 20.83842 ], [ 73.49883, 20.83895 ], [ 73.49886, 20.83907 ], [ 73.49892, 20.83926 ], [ 73.49928, 20.83985 ], [ 73.5, 20.84004 ], [ 73.50012, 20.84007 ], [ 73.5009, 20.84028 ], [ 73.5034, 20.84218 ], [ 73.50485, 20.84373 ], [ 73.5048, 20.844 ], [ 73.50359, 20.84608 ], [ 73.50306, 20.84776 ], [ 73.50267, 20.84957 ], [ 73.50277, 20.85096 ], [ 73.50282, 20.8516 ], [ 73.5032, 20.85284 ], [ 73.50354, 20.85397 ], [ 73.50311, 20.85513 ], [ 73.50281, 20.85595 ], [ 73.50311, 20.85695 ], [ 73.50355, 20.85775 ], [ 73.50425, 20.85816 ], [ 73.50496, 20.85841 ], [ 73.50529, 20.85805 ], [ 73.50584, 20.8573 ], [ 73.50588, 20.85649 ], [ 73.50587, 20.85525 ], [ 73.50658, 20.85469 ], [ 73.50776, 20.85485 ], [ 73.50871, 20.85497 ], [ 73.50974, 20.85558 ], [ 73.51079, 20.85596 ], [ 73.51205, 20.85597 ], [ 73.51326, 20.85586 ], [ 73.51406, 20.85561 ], [ 73.51524, 20.85515 ], [ 73.51673, 20.85464 ], [ 73.51696, 20.85455 ], [ 73.51713, 20.8536 ], [ 73.51735, 20.85236 ] ] ] ] } },
{ "type": "Feature", "properties": { "vid": "522660", "gz_state": "GUJARAT", "gz_district": "The Dangs", "gz_taluka": "The Dangs", "gz_village": "Jhari", "gz_village_raw": "Jhari", "gz_sno": 33, "esa_category": "whole_village", "bifurcated": false, "notified_forest": false, "cen_village": "Jhari", "cen_subdistrict": "Subir", "cen_district": "Dangs", "censuscode": "522660", "lgd_villagecode": 522660, "score": 100.0, "scope": "dist", "area_km2": 9.466 }, "geometry": { "type": "MultiPolygon", "coordinates": [ [ [ [ 73.93997, 20.83906 ], [ 73.93956, 20.83875 ], [ 73.93942, 20.83855 ], [ 73.93938, 20.8385 ], [ 73.93936, 20.83846 ], [ 73.93927, 20.83753 ], [ 73.93925, 20.83725 ], [ 73.93936, 20.83469 ], [ 73.93937, 20.83459 ], [ 73.93937, 20.83438 ], [ 73.93967, 20.8333 ], [ 73.93968, 20.83329 ], [ 73.9399, 20.83232 ], [ 73.93996, 20.83207 ], [ 73.94037, 20.83102 ], [ 73.94051, 20.83055 ], [ 73.94046, 20.82965 ], [ 73.94046, 20.82957 ], [ 73.94056, 20.82847 ], [ 73.94085, 20.82779 ], [ 73.94127, 20.82727 ], [ 73.94142, 20.8272 ], [ 73.94154, 20.82713 ], [ 73.94164, 20.82708 ], [ 73.94218, 20.82663 ], [ 73.94306, 20.82539 ], [ 73.9434, 20.82499 ], [ 73.9436, 20.82475 ], [ 73.9438, 20.82456 ], [ 73.94396, 20.82441 ], [ 73.94399, 20.8243 ], [ 73.94403, 20.82409 ], [ 73.94404, 20.82404 ], [ 73.94404, 20.82379 ], [ 73.94404, 20.82377 ], [ 73.94377, 20.82353 ], [ 73.94367, 20.82343 ], [ 73.94323, 20.82345 ], [ 73.94214, 20.8235 ], [ 73.9421, 20.8235 ], [ 73.94213, 20.82306 ], [ 73.94206, 20.82234 ], [ 73.9415, 20.82141 ], [ 73.94114, 20.82081 ], [ 73.94037, 20.81916 ], [ 73.93892, 20.81605 ], [ 73.93885, 20.81587 ], [ 73.93881, 20.81578 ], [ 73.93793, 20.81648 ], [ 73.93687, 20.81714 ], [ 73.93604, 20.81765 ], [ 73.93423, 20.81884 ], [ 73.93361, 20.81928 ], [ 73.93156, 20.81917 ], [ 73.93056, 20.81913 ], [ 73.92941, 20.81901 ], [ 73.92834, 20.81915 ], [ 73.92727, 20.81917 ], [ 73.92577, 20.8192 ], [ 73.92506, 20.81926 ], [ 73.92482, 20.81944 ], [ 73.92431, 20.81914 ], [ 73.92425, 20.81917 ], [ 73.92344, 20.81968 ], [ 73.92409, 20.81832 ], [ 73.92352, 20.81802 ], [ 73.92254, 20.81751 ], [ 73.92222, 20.8171 ], [ 73.92115, 20.81643 ], [ 73.9201, 20.81603 ], [ 73.92006, 20.81596 ], [ 73.91928, 20.81614 ], [ 73.91853, 20.81617 ], [ 73.91786, 20.81621 ], [ 73.91716, 20.81634 ], [ 73.91671, 20.81639 ], [ 73.91627, 20.81628 ], [ 73.91561, 20.81621 ], [ 73.91525, 20.81637 ], [ 73.91493, 20.81671 ], [ 73.91467, 20.81683 ], [ 73.91418, 20.81669 ], [ 73.91363, 20.81688 ], [ 73.91292, 20.81703 ], [ 73.91258, 20.81693 ], [ 73.91169, 20.81595 ], [ 73.91092, 20.81577 ], [ 73.9106, 20.81626 ], [ 73.91016, 20.81717 ], [ 73.90938, 20.81771 ], [ 73.90879, 20.81792 ], [ 73.90779, 20.81792 ], [ 73.90715, 20.81783 ], [ 73.90651, 20.81708 ], [ 73.90752, 20.81671 ], [ 73.90808, 20.81558 ], [ 73.90804, 20.81473 ], [ 73.9081, 20.81377 ], [ 73.90851, 20.8126 ], [ 73.90869, 20.81227 ], [ 73.90842, 20.81213 ], [ 73.90783, 20.81152 ], [ 73.90725, 20.81225 ], [ 73.90713, 20.81378 ], [ 73.90655, 20.81351 ], [ 73.90621, 20.81352 ], [ 73.90624, 20.81295 ], [ 73.90627, 20.81161 ], [ 73.90582, 20.8108 ], [ 73.90534, 20.81024 ], [ 73.90457, 20.81027 ], [ 73.90387, 20.81027 ], [ 73.90332, 20.81036 ], [ 73.90324, 20.8109 ], [ 73.90292, 20.81122 ], [ 73.90298, 20.81206 ], [ 73.90258, 20.81265 ], [ 73.90164, 20.81291 ], [ 73.90139, 20.81258 ], [ 73.90076, 20.81286 ], [ 73.89927, 20.81341 ], [ 73.89907, 20.81353 ], [ 73.89887, 20.81371 ], [ 73.89874, 20.81387 ], [ 73.89884, 20.81442 ], [ 73.89735, 20.81473 ], [ 73.89731, 20.81524 ], [ 73.89742, 20.81608 ], [ 73.89739, 20.81619 ], [ 73.89768, 20.81639 ], [ 73.89856, 20.81763 ], [ 73.89897, 20.81862 ], [ 73.89982, 20.8202 ], [ 73.90029, 20.82141 ], [ 73.90082, 20.82211 ], [ 73.90166, 20.82262 ], [ 73.90169, 20.82267 ], [ 73.90172, 20.82263 ], [ 73.90223, 20.82302 ], [ 73.90277, 20.82361 ], [ 73.90385, 20.82442 ], [ 73.90551, 20.8255 ], [ 73.90626, 20.82626 ], [ 73.90671, 20.8277 ], [ 73.90682, 20.82858 ], [ 73.9071, 20.82897 ], [ 73.90749, 20.82924 ], [ 73.90836, 20.82947 ], [ 73.90902, 20.83074 ], [ 73.90973, 20.83114 ], [ 73.90984, 20.83155 ], [ 73.9101, 20.83191 ], [ 73.91028, 20.83214 ], [ 73.91059, 20.83217 ], [ 73.91038, 20.83293 ], [ 73.91062, 20.83318 ], [ 73.91037, 20.83423 ], [ 73.91042, 20.83543 ], [ 73.91044, 20.83563 ], [ 73.9103, 20.83655 ], [ 73.91038, 20.83714 ], [ 73.91049, 20.8379 ], [ 73.91036, 20.83818 ], [ 73.91048, 20.83858 ], [ 73.9105, 20.84014 ], [ 73.91099, 20.84005 ], [ 73.91252, 20.84045 ], [ 73.91339, 20.83837 ], [ 73.91414, 20.83558 ], [ 73.91567, 20.83595 ], [ 73.91746, 20.83638 ], [ 73.91894, 20.83755 ], [ 73.91982, 20.83754 ], [ 73.92106, 20.83948 ], [ 73.92088, 20.84006 ], [ 73.92119, 20.84059 ], [ 73.92124, 20.84173 ], [ 73.92187, 20.8422 ], [ 73.92315, 20.84313 ], [ 73.92387, 20.84345 ], [ 73.92569, 20.84621 ], [ 73.92589, 20.84668 ], [ 73.92604, 20.84669 ], [ 73.92632, 20.8467 ], [ 73.92655, 20.84707 ], [ 73.92656, 20.84732 ], [ 73.92689, 20.84731 ], [ 73.92741, 20.84732 ], [ 73.92761, 20.84736 ], [ 73.92796, 20.84662 ], [ 73.92828, 20.84525 ], [ 73.92831, 20.84513 ], [ 73.92872, 20.84364 ], [ 73.92908, 20.8429 ], [ 73.92935, 20.84236 ], [ 73.92959, 20.84231 ], [ 73.92991, 20.84225 ], [ 73.9306, 20.84216 ], [ 73.93119, 20.84208 ], [ 73.93139, 20.84205 ], [ 73.93153, 20.84203 ], [ 73.93227, 20.84188 ], [ 73.93279, 20.84185 ], [ 73.93636, 20.84136 ], [ 73.93772, 20.84063 ], [ 73.94016, 20.83953 ], [ 73.94027, 20.83948 ], [ 73.94033, 20.83946 ], [ 73.94033, 20.83945 ], [ 73.94032, 20.83944 ], [ 73.93997, 20.83906 ] ] ] ] } },
{ "type": "Feature", "properties": { "vid": "522707", "gz_state": "GUJARAT", "gz_district": "The Dangs", "gz_taluka": "The Dangs", "gz_village": "Wadiawan", "gz_village_raw": "Wadiawan", "gz_sno": 34, "esa_category": "whole_village", "bifurcated": false, "notified_forest": false, "cen_village": "Wadiawan", "cen_subdistrict": "Ahwa", "cen_district": "Dangs", "censuscode": "522707", "lgd_villagecode": 522707, "score": 100.0, "scope": "dist", "area_km2": 12.563 }, "geometry": { "type": "MultiPolygon", "coordinates": [ [ [ [ 73.92431, 20.81914 ], [ 73.92482, 20.81944 ], [ 73.92506, 20.81926 ], [ 73.92577, 20.8192 ], [ 73.92727, 20.81917 ], [ 73.92834, 20.81915 ], [ 73.92941, 20.81901 ], [ 73.93056, 20.81913 ], [ 73.93156, 20.81917 ], [ 73.93361, 20.81928 ], [ 73.93423, 20.81884 ], [ 73.93604, 20.81765 ], [ 73.93687, 20.81714 ], [ 73.93793, 20.81648 ], [ 73.93881, 20.81578 ], [ 73.93872, 20.81556 ], [ 73.9387, 20.81551 ], [ 73.93861, 20.8152 ], [ 73.93847, 20.81468 ], [ 73.93816, 20.81422 ], [ 73.93802, 20.8141 ], [ 73.93779, 20.81389 ], [ 73.93759, 20.81375 ], [ 73.93601, 20.81263 ], [ 73.9354, 20.81214 ], [ 73.93538, 20.81212 ], [ 73.93388, 20.81086 ], [ 73.93358, 20.81057 ], [ 73.93292, 20.80995 ], [ 73.93272, 20.80976 ], [ 73.93222, 20.80929 ], [ 73.93196, 20.80894 ], [ 73.93193, 20.8089 ], [ 73.93192, 20.80863 ], [ 73.93211, 20.80807 ], [ 73.93258, 20.80756 ], [ 73.93346, 20.80653 ], [ 73.93437, 20.80521 ], [ 73.93445, 20.80491 ], [ 73.93452, 20.80465 ], [ 73.93461, 20.80446 ], [ 73.93494, 20.80374 ], [ 73.93538, 20.80293 ], [ 73.9356, 20.80253 ], [ 73.93603, 20.80197 ], [ 73.93609, 20.80172 ], [ 73.93611, 20.80133 ], [ 73.93612, 20.8009 ], [ 73.93603, 20.80039 ], [ 73.93588, 20.79949 ], [ 73.93567, 20.79912 ], [ 73.93558, 20.79896 ], [ 73.93557, 20.79894 ], [ 73.93501, 20.79816 ], [ 73.93473, 20.79776 ], [ 73.93471, 20.79774 ], [ 73.93444, 20.79731 ], [ 73.93418, 20.79691 ], [ 73.93411, 20.79664 ], [ 73.93404, 20.79635 ], [ 73.9339, 20.79555 ], [ 73.9337, 20.79467 ], [ 73.93369, 20.79466 ], [ 73.93362, 20.79419 ], [ 73.93358, 20.79394 ], [ 73.93335, 20.79346 ], [ 73.93306, 20.79247 ], [ 73.93304, 20.79233 ], [ 73.93298, 20.79187 ], [ 73.93291, 20.79076 ], [ 73.93297, 20.79055 ], [ 73.933, 20.79043 ], [ 73.93343, 20.78986 ], [ 73.93347, 20.7897 ], [ 73.93354, 20.78942 ], [ 73.93326, 20.78856 ], [ 73.93312, 20.78785 ], [ 73.93311, 20.78777 ], [ 73.93311, 20.78766 ], [ 73.93316, 20.78674 ], [ 73.93333, 20.78498 ], [ 73.93351, 20.78368 ], [ 73.93357, 20.78325 ], [ 73.9336, 20.78284 ], [ 73.93371, 20.7813 ], [ 73.93405, 20.77862 ], [ 73.93428, 20.77685 ], [ 73.93455, 20.77513 ], [ 73.9346, 20.77436 ], [ 73.93473, 20.77333 ], [ 73.93473, 20.77331 ], [ 73.93395, 20.77273 ], [ 73.93375, 20.77251 ], [ 73.93373, 20.77249 ], [ 73.9337, 20.77245 ], [ 73.93367, 20.77243 ], [ 73.93365, 20.77228 ], [ 73.93366, 20.77183 ], [ 73.93375, 20.77109 ], [ 73.93381, 20.77059 ], [ 73.93381, 20.77037 ], [ 73.93381, 20.77022 ], [ 73.93368, 20.76902 ], [ 73.93354, 20.76773 ], [ 73.93353, 20.76759 ], [ 73.93352, 20.76751 ], [ 73.93352, 20.7673 ], [ 73.93351, 20.76721 ], [ 73.93323, 20.76656 ], [ 73.93298, 20.76546 ], [ 73.93282, 20.76441 ], [ 73.93271, 20.76365 ], [ 73.93259, 20.76321 ], [ 73.93247, 20.76274 ], [ 73.93225, 20.76173 ], [ 73.93225, 20.76172 ], [ 73.93217, 20.76136 ], [ 73.93215, 20.76132 ], [ 73.93203, 20.76109 ], [ 73.93191, 20.76085 ], [ 73.93186, 20.76062 ], [ 73.93175, 20.76165 ], [ 73.93144, 20.76453 ], [ 73.93144, 20.76454 ], [ 73.93128, 20.76502 ], [ 73.93114, 20.76531 ], [ 73.93013, 20.76808 ], [ 73.92904, 20.771 ], [ 73.92771, 20.77452 ], [ 73.92804, 20.77596 ], [ 73.92805, 20.77598 ], [ 73.92812, 20.77616 ], [ 73.92823, 20.77644 ], [ 73.92845, 20.77669 ], [ 73.92854, 20.77704 ], [ 73.92851, 20.77741 ], [ 73.92848, 20.77761 ], [ 73.92858, 20.77803 ], [ 73.92857, 20.77802 ], [ 73.925, 20.77857 ], [ 73.92171, 20.77911 ], [ 73.91767, 20.7807 ], [ 73.91659, 20.78165 ], [ 73.91589, 20.78131 ], [ 73.91577, 20.78136 ], [ 73.91521, 20.78113 ], [ 73.9146, 20.7811 ], [ 73.91429, 20.78138 ], [ 73.91295, 20.7814 ], [ 73.91217, 20.78131 ], [ 73.91183, 20.78134 ], [ 73.91028, 20.78116 ], [ 73.9099, 20.78128 ], [ 73.90935, 20.78128 ], [ 73.90899, 20.78148 ], [ 73.90823, 20.78167 ], [ 73.9076, 20.78183 ], [ 73.90692, 20.782 ], [ 73.90609, 20.78228 ], [ 73.90569, 20.78237 ], [ 73.90528, 20.7824 ], [ 73.90489, 20.78246 ], [ 73.90522, 20.78279 ], [ 73.90534, 20.78323 ], [ 73.90573, 20.78404 ], [ 73.90609, 20.78472 ], [ 73.90639, 20.78506 ], [ 73.90658, 20.78537 ], [ 73.90723, 20.78564 ], [ 73.90749, 20.78596 ], [ 73.90759, 20.78629 ], [ 73.90772, 20.78637 ], [ 73.90781, 20.78652 ], [ 73.90781, 20.78675 ], [ 73.90745, 20.78712 ], [ 73.90705, 20.78726 ], [ 73.90674, 20.78761 ], [ 73.90664, 20.78796 ], [ 73.90675, 20.78825 ], [ 73.9067, 20.78851 ], [ 73.90728, 20.78917 ], [ 73.90721, 20.79033 ], [ 73.9069, 20.79038 ], [ 73.90633, 20.79051 ], [ 73.90626, 20.79103 ], [ 73.90638, 20.79144 ], [ 73.90652, 20.79186 ], [ 73.90653, 20.79194 ], [ 73.90664, 20.79273 ], [ 73.90697, 20.79301 ], [ 73.90774, 20.79372 ], [ 73.90798, 20.79425 ], [ 73.90818, 20.79507 ], [ 73.90823, 20.79559 ], [ 73.908, 20.79649 ], [ 73.90774, 20.79732 ], [ 73.90752, 20.79742 ], [ 73.90744, 20.79797 ], [ 73.90753, 20.79934 ], [ 73.90735, 20.7997 ], [ 73.90636, 20.80094 ], [ 73.90573, 20.80191 ], [ 73.90535, 20.80213 ], [ 73.90393, 20.80287 ], [ 73.90337, 20.8034 ], [ 73.90394, 20.80391 ], [ 73.90393, 20.80413 ], [ 73.90396, 20.80477 ], [ 73.90413, 20.80515 ], [ 73.90421, 20.80561 ], [ 73.90414, 20.80603 ], [ 73.90419, 20.80668 ], [ 73.9042, 20.80722 ], [ 73.90427, 20.80732 ], [ 73.90424, 20.80772 ], [ 73.90414, 20.80822 ], [ 73.90401, 20.80848 ], [ 73.90407, 20.80961 ], [ 73.90341, 20.80968 ], [ 73.90309, 20.80979 ], [ 73.90337, 20.81007 ], [ 73.90332, 20.81036 ], [ 73.90387, 20.81027 ], [ 73.90457, 20.81027 ], [ 73.90534, 20.81024 ], [ 73.90582, 20.8108 ], [ 73.90627, 20.81161 ], [ 73.90624, 20.81295 ], [ 73.90621, 20.81352 ], [ 73.90655, 20.81351 ], [ 73.90713, 20.81378 ], [ 73.90725, 20.81225 ], [ 73.90783, 20.81152 ], [ 73.90842, 20.81213 ], [ 73.90869, 20.81227 ], [ 73.90851, 20.8126 ], [ 73.9081, 20.81377 ], [ 73.90804, 20.81473 ], [ 73.90808, 20.81558 ], [ 73.90752, 20.81671 ], [ 73.90651, 20.81708 ], [ 73.90715, 20.81783 ], [ 73.90779, 20.81792 ], [ 73.90879, 20.81792 ], [ 73.90938, 20.81771 ], [ 73.91016, 20.81717 ], [ 73.9106, 20.81626 ], [ 73.91092, 20.81577 ], [ 73.91169, 20.81595 ], [ 73.91258, 20.81693 ], [ 73.91292, 20.81703 ], [ 73.91363, 20.81688 ], [ 73.91418, 20.81669 ], [ 73.91467, 20.81683 ], [ 73.91493, 20.81671 ], [ 73.91525, 20.81637 ], [ 73.91561, 20.81621 ], [ 73.91627, 20.81628 ], [ 73.91671, 20.81639 ], [ 73.91716, 20.81634 ], [ 73.91786, 20.81621 ], [ 73.91853, 20.81617 ], [ 73.91928, 20.81614 ], [ 73.92006, 20.81596 ], [ 73.9201, 20.81603 ], [ 73.92115, 20.81643 ], [ 73.92222, 20.8171 ], [ 73.92254, 20.81751 ], [ 73.92352, 20.81802 ], [ 73.92409, 20.81832 ], [ 73.92344, 20.81968 ], [ 73.92425, 20.81917 ], [ 73.92431, 20.81914 ] ] ] ] } },
{ "type": "Feature", "properties": { "vid": "522749", "gz_state": "GUJARAT", "gz_district": "The Dangs", "gz_taluka": "The Dangs", "gz_village": "Chinchdhara", "gz_village_raw": "Chinchdhara", "gz_sno": 35, "esa_category": "whole_village", "bifurcated": false, "notified_forest": false, "cen_village": "Chinchdhara", "cen_subdistrict": "Ahwa", "cen_district": "Dangs", "censuscode": "522749", "lgd_villagecode": 522749, "score": 100.0, "scope": "dist", "area_km2": 1.783 }, "geometry": { "type": "MultiPolygon", "coordinates": [ [ [ [ 73.90528, 20.7824 ], [ 73.90569, 20.78237 ], [ 73.90609, 20.78228 ], [ 73.90692, 20.782 ], [ 73.9076, 20.78183 ], [ 73.90823, 20.78167 ], [ 73.90899, 20.78148 ], [ 73.90935, 20.78128 ], [ 73.9099, 20.78128 ], [ 73.91028, 20.78116 ], [ 73.91183, 20.78134 ], [ 73.91217, 20.78131 ], [ 73.91295, 20.7814 ], [ 73.91429, 20.78138 ], [ 73.9146, 20.7811 ], [ 73.91521, 20.78113 ], [ 73.91577, 20.78136 ], [ 73.91589, 20.78131 ], [ 73.91659, 20.78165 ], [ 73.91767, 20.7807 ], [ 73.92171, 20.77911 ], [ 73.925, 20.77857 ], [ 73.92857, 20.77802 ], [ 73.92858, 20.77803 ], [ 73.92848, 20.77761 ], [ 73.92851, 20.77741 ], [ 73.92854, 20.77704 ], [ 73.92845, 20.77669 ], [ 73.92823, 20.77644 ], [ 73.92812, 20.77616 ], [ 73.92805, 20.77598 ], [ 73.92661, 20.7745 ], [ 73.92641, 20.77464 ], [ 73.92491, 20.77488 ], [ 73.92195, 20.77548 ], [ 73.92013, 20.77572 ], [ 73.91807, 20.77551 ], [ 73.91759, 20.77524 ], [ 73.91681, 20.77572 ], [ 73.91605, 20.77595 ], [ 73.91582, 20.77597 ], [ 73.91576, 20.7762 ], [ 73.91539, 20.77635 ], [ 73.91505, 20.77624 ], [ 73.91483, 20.77634 ], [ 73.91457, 20.77644 ], [ 73.91443, 20.77628 ], [ 73.91421, 20.77628 ], [ 73.91382, 20.77651 ], [ 73.91358, 20.7765 ], [ 73.91316, 20.77638 ], [ 73.91258, 20.77633 ], [ 73.91202, 20.77639 ], [ 73.91177, 20.77654 ], [ 73.91138, 20.77651 ], [ 73.91125, 20.77665 ], [ 73.91109, 20.77673 ], [ 73.91072, 20.77667 ], [ 73.9103, 20.7765 ], [ 73.90974, 20.77625 ], [ 73.90928, 20.77609 ], [ 73.90877, 20.77604 ], [ 73.90816, 20.77581 ], [ 73.90743, 20.77551 ], [ 73.90691, 20.77508 ], [ 73.90659, 20.77474 ], [ 73.90604, 20.77461 ], [ 73.90567, 20.7745 ], [ 73.90552, 20.77465 ], [ 73.90505, 20.77473 ], [ 73.90468, 20.77472 ], [ 73.90423, 20.77467 ], [ 73.90411, 20.77471 ], [ 73.90386, 20.77492 ], [ 73.9037, 20.77523 ], [ 73.90351, 20.77525 ], [ 73.90294, 20.77531 ], [ 73.90234, 20.77565 ], [ 73.90198, 20.77611 ], [ 73.90185, 20.77601 ], [ 73.90146, 20.77582 ], [ 73.90109, 20.77603 ], [ 73.90067, 20.7763 ], [ 73.89988, 20.77636 ], [ 73.89938, 20.77621 ], [ 73.89897, 20.77575 ], [ 73.89883, 20.77513 ], [ 73.89873, 20.77474 ], [ 73.89834, 20.77422 ], [ 73.89749, 20.77442 ], [ 73.8975, 20.77444 ], [ 73.89767, 20.77493 ], [ 73.89787, 20.77527 ], [ 73.898, 20.77629 ], [ 73.89706, 20.7782 ], [ 73.89662, 20.77878 ], [ 73.89656, 20.77914 ], [ 73.89649, 20.7794 ], [ 73.8961, 20.78047 ], [ 73.89625, 20.7805 ], [ 73.89739, 20.78076 ], [ 73.89822, 20.78099 ], [ 73.89986, 20.78122 ], [ 73.90066, 20.78151 ], [ 73.90167, 20.78188 ], [ 73.90204, 20.78214 ], [ 73.90248, 20.7823 ], [ 73.90275, 20.78235 ], [ 73.90328, 20.78229 ], [ 73.90412, 20.78235 ], [ 73.90441, 20.78245 ], [ 73.9045, 20.78245 ], [ 73.90478, 20.78248 ], [ 73.90489, 20.78246 ], [ 73.90528, 20.7824 ] ] ] ] } },
{ "type": "Feature", "properties": { "vid": "522750", "gz_state": "GUJARAT", "gz_district": "The Dangs", "gz_taluka": "The Dangs", "gz_village": "Karadiamba", "gz_village_raw": "Karadiamba", "gz_sno": 36, "esa_category": "whole_village", "bifurcated": false, "notified_forest": false, "cen_village": "Karadiamba", "cen_subdistrict": "Ahwa", "cen_district": "Dangs", "censuscode": "522750", "lgd_villagecode": 522750, "score": 100.0, "scope": "dist", "area_km2": 1.834 }, "geometry": { "type": "MultiPolygon", "coordinates": [ [ [ [ 73.92628, 20.77417 ], [ 73.92473, 20.77243 ], [ 73.92094, 20.77187 ], [ 73.91996, 20.77213 ], [ 73.91709, 20.77289 ], [ 73.91605, 20.77162 ], [ 73.91498, 20.77089 ], [ 73.91479, 20.77062 ], [ 73.91477, 20.77064 ], [ 73.91383, 20.76975 ], [ 73.91357, 20.76959 ], [ 73.91134, 20.76816 ], [ 73.91079, 20.7679 ], [ 73.90818, 20.76664 ], [ 73.90835, 20.76609 ], [ 73.90789, 20.76585 ], [ 73.9068, 20.76589 ], [ 73.90675, 20.7665 ], [ 73.90549, 20.76677 ], [ 73.90535, 20.76707 ], [ 73.90452, 20.76695 ], [ 73.90417, 20.76679 ], [ 73.90347, 20.76702 ], [ 73.90323, 20.76724 ], [ 73.90268, 20.76745 ], [ 73.90239, 20.76808 ], [ 73.90165, 20.76768 ], [ 73.90143, 20.76862 ], [ 73.90091, 20.77106 ], [ 73.90071, 20.7714 ], [ 73.90003, 20.77141 ], [ 73.89942, 20.77169 ], [ 73.8988, 20.77167 ], [ 73.89833, 20.77179 ], [ 73.89804, 20.77202 ], [ 73.89707, 20.77206 ], [ 73.89674, 20.77181 ], [ 73.89589, 20.77144 ], [ 73.89603, 20.77179 ], [ 73.89599, 20.77182 ], [ 73.89603, 20.77184 ], [ 73.89606, 20.77288 ], [ 73.89604, 20.77372 ], [ 73.89687, 20.77445 ], [ 73.8975, 20.77444 ], [ 73.89749, 20.77442 ], [ 73.89834, 20.77422 ], [ 73.89873, 20.77474 ], [ 73.89883, 20.77513 ], [ 73.89897, 20.77575 ], [ 73.89938, 20.77621 ], [ 73.89988, 20.77636 ], [ 73.90067, 20.7763 ], [ 73.90109, 20.77603 ], [ 73.90146, 20.77582 ], [ 73.90185, 20.77601 ], [ 73.90198, 20.77611 ], [ 73.90234, 20.77565 ], [ 73.90294, 20.77531 ], [ 73.90351, 20.77525 ], [ 73.9037, 20.77523 ], [ 73.90386, 20.77492 ], [ 73.90411, 20.77471 ], [ 73.90423, 20.77467 ], [ 73.90468, 20.77472 ], [ 73.90505, 20.77473 ], [ 73.90552, 20.77465 ], [ 73.90567, 20.7745 ], [ 73.90604, 20.77461 ], [ 73.90659, 20.77474 ], [ 73.90691, 20.77508 ], [ 73.90743, 20.77551 ], [ 73.90816, 20.77581 ], [ 73.90877, 20.77604 ], [ 73.90928, 20.77609 ], [ 73.90974, 20.77625 ], [ 73.9103, 20.7765 ], [ 73.91072, 20.77667 ], [ 73.91109, 20.77673 ], [ 73.91125, 20.77665 ], [ 73.91138, 20.77651 ], [ 73.91177, 20.77654 ], [ 73.91202, 20.77639 ], [ 73.91258, 20.77633 ], [ 73.91316, 20.77638 ], [ 73.91358, 20.7765 ], [ 73.91382, 20.77651 ], [ 73.91421, 20.77628 ], [ 73.91443, 20.77628 ], [ 73.91457, 20.77644 ], [ 73.91483, 20.77634 ], [ 73.91505, 20.77624 ], [ 73.91539, 20.77635 ], [ 73.91576, 20.7762 ], [ 73.91582, 20.77597 ], [ 73.91605, 20.77595 ], [ 73.91681, 20.77572 ], [ 73.91759, 20.77524 ], [ 73.91807, 20.77551 ], [ 73.92013, 20.77572 ], [ 73.92195, 20.77548 ], [ 73.92491, 20.77488 ], [ 73.92641, 20.77464 ], [ 73.92661, 20.7745 ], [ 73.92628, 20.77417 ] ] ] ] } },
{ "type": "Feature", "properties": { "vid": "522754", "gz_state": "GUJARAT", "gz_district": "The Dangs", "gz_taluka": "The Dangs", "gz_village": "Mahardar", "gz_village_raw": "Mahardar", "gz_sno": 37, "esa_category": "whole_village", "bifurcated": false, "notified_forest": false, "cen_village": "Mahardar", "cen_subdistrict": "Ahwa", "cen_district": "Dangs", "censuscode": "522754", "lgd_villagecode": 522754, "score": 100.0, "scope": "dist", "area_km2": 5.66 }, "geometry": { "type": "MultiPolygon", "coordinates": [ [ [ [ 73.93875, 20.74888 ], [ 73.93909, 20.74871 ], [ 73.93917, 20.74868 ], [ 73.93973, 20.74841 ], [ 73.94018, 20.74783 ], [ 73.94036, 20.74743 ], [ 73.9404, 20.74735 ], [ 73.94047, 20.7472 ], [ 73.9405, 20.74712 ], [ 73.94056, 20.74699 ], [ 73.94058, 20.74695 ], [ 73.94078, 20.7469 ], [ 73.94086, 20.74688 ], [ 73.94097, 20.74686 ], [ 73.94102, 20.74684 ], [ 73.94113, 20.74682 ], [ 73.9416, 20.74642 ], [ 73.94173, 20.74613 ], [ 73.94221, 20.74506 ], [ 73.94229, 20.74489 ], [ 73.94231, 20.74484 ], [ 73.94236, 20.74449 ], [ 73.94238, 20.74427 ], [ 73.9424, 20.74417 ], [ 73.94243, 20.7439 ], [ 73.94246, 20.74365 ], [ 73.94266, 20.74208 ], [ 73.93947, 20.73945 ], [ 73.93943, 20.73943 ], [ 73.9375, 20.7382 ], [ 73.93509, 20.73627 ], [ 73.93395, 20.73511 ], [ 73.93324, 20.73437 ], [ 73.93175, 20.73283 ], [ 73.9313, 20.73211 ], [ 73.93108, 20.73176 ], [ 73.93086, 20.7314 ], [ 73.93065, 20.73091 ], [ 73.9306, 20.73079 ], [ 73.93053, 20.73052 ], [ 73.93024, 20.72942 ], [ 73.92993, 20.72831 ], [ 73.9298, 20.72787 ], [ 73.92956, 20.72761 ], [ 73.92918, 20.72771 ], [ 73.92908, 20.72825 ], [ 73.92856, 20.73097 ], [ 73.92844, 20.73265 ], [ 73.92829, 20.73348 ], [ 73.9282, 20.73403 ], [ 73.9282, 20.73405 ], [ 73.9281, 20.73412 ], [ 73.92785, 20.73429 ], [ 73.92726, 20.73434 ], [ 73.92705, 20.7343 ], [ 73.92607, 20.73406 ], [ 73.92538, 20.73388 ], [ 73.92542, 20.73413 ], [ 73.92534, 20.73426 ], [ 73.92492, 20.73502 ], [ 73.92396, 20.73672 ], [ 73.92331, 20.73786 ], [ 73.92279, 20.73885 ], [ 73.92169, 20.73966 ], [ 73.92148, 20.74019 ], [ 73.92124, 20.74091 ], [ 73.921, 20.74101 ], [ 73.92087, 20.74145 ], [ 73.92004, 20.74132 ], [ 73.92003, 20.74216 ], [ 73.91969, 20.74213 ], [ 73.91866, 20.742 ], [ 73.91865, 20.74262 ], [ 73.91829, 20.74266 ], [ 73.9183, 20.74274 ], [ 73.91803, 20.74293 ], [ 73.91844, 20.74396 ], [ 73.91783, 20.74407 ], [ 73.91783, 20.74417 ], [ 73.91758, 20.74443 ], [ 73.91723, 20.74466 ], [ 73.91735, 20.74552 ], [ 73.91711, 20.74599 ], [ 73.91711, 20.74622 ], [ 73.91671, 20.74622 ], [ 73.91649, 20.74629 ], [ 73.91658, 20.7466 ], [ 73.91668, 20.74677 ], [ 73.91593, 20.74684 ], [ 73.91606, 20.74725 ], [ 73.91591, 20.74729 ], [ 73.91599, 20.7478 ], [ 73.91609, 20.74826 ], [ 73.91621, 20.74877 ], [ 73.91627, 20.74889 ], [ 73.91577, 20.74897 ], [ 73.916, 20.74963 ], [ 73.91624, 20.75069 ], [ 73.91653, 20.7523 ], [ 73.91653, 20.75231 ], [ 73.91664, 20.75267 ], [ 73.91694, 20.75279 ], [ 73.91774, 20.75327 ], [ 73.9191, 20.75398 ], [ 73.92294, 20.75527 ], [ 73.92563, 20.7563 ], [ 73.92669, 20.75695 ], [ 73.92805, 20.75771 ], [ 73.93139, 20.75991 ], [ 73.93186, 20.76062 ], [ 73.93187, 20.76062 ], [ 73.93223, 20.7607 ], [ 73.93228, 20.76071 ], [ 73.93259, 20.76078 ], [ 73.93311, 20.76084 ], [ 73.93333, 20.76087 ], [ 73.93375, 20.7609 ], [ 73.93414, 20.76093 ], [ 73.93562, 20.76064 ], [ 73.93606, 20.76061 ], [ 73.93665, 20.76058 ], [ 73.93702, 20.76053 ], [ 73.93723, 20.7605 ], [ 73.93795, 20.76048 ], [ 73.9386, 20.76037 ], [ 73.93882, 20.76034 ], [ 73.93913, 20.76019 ], [ 73.93963, 20.75995 ], [ 73.93974, 20.75986 ], [ 73.94006, 20.7596 ], [ 73.94019, 20.7595 ], [ 73.94081, 20.75885 ], [ 73.94095, 20.7587 ], [ 73.94131, 20.75833 ], [ 73.94132, 20.7583 ], [ 73.94151, 20.75787 ], [ 73.94141, 20.75736 ], [ 73.94127, 20.75661 ], [ 73.94107, 20.7558 ], [ 73.94102, 20.75562 ], [ 73.94108, 20.7534 ], [ 73.94106, 20.7525 ], [ 73.94106, 20.75249 ], [ 73.94078, 20.7522 ], [ 73.94007, 20.75147 ], [ 73.93929, 20.75067 ], [ 73.93873, 20.75002 ], [ 73.93803, 20.74922 ], [ 73.93875, 20.74888 ] ] ] ] } },
{ "type": "Feature", "properties": { "vid": "522744", "gz_state": "GUJARAT", "gz_district": "The Dangs", "gz_taluka": "The Dangs", "gz_village": "Morzira", "gz_village_raw": "Morzira", "gz_sno": 38, "esa_category": "whole_village", "bifurcated": false, "notified_forest": false, "cen_village": "Morzira", "cen_subdistrict": "Ahwa", "cen_district": "Dangs", "censuscode": "522744", "lgd_villagecode": 522744, "score": 100.0, "scope": "dist", "area_km2": 6.926 }, "geometry": { "type": "MultiPolygon", "coordinates": [ [ [ [ 73.8574, 20.7581 ], [ 73.85808, 20.75809 ], [ 73.85972, 20.75715 ], [ 73.85829, 20.75606 ], [ 73.85935, 20.75523 ], [ 73.86031, 20.75376 ], [ 73.85887, 20.75346 ], [ 73.8573, 20.75348 ], [ 73.8576, 20.75086 ], [ 73.85682, 20.75044 ], [ 73.85708, 20.75011 ], [ 73.8578, 20.74865 ], [ 73.85746, 20.74697 ], [ 73.85472, 20.74814 ], [ 73.8531, 20.74798 ], [ 73.85313, 20.74788 ], [ 73.85325, 20.74651 ], [ 73.85298, 20.74498 ], [ 73.85263, 20.74379 ], [ 73.85218, 20.74245 ], [ 73.85222, 20.74197 ], [ 73.85301, 20.74152 ], [ 73.85288, 20.74128 ], [ 73.85304, 20.74072 ], [ 73.85382, 20.74037 ], [ 73.85381, 20.73998 ], [ 73.8539, 20.73913 ], [ 73.85431, 20.73616 ], [ 73.85389, 20.73522 ], [ 73.85222, 20.73115 ], [ 73.85166, 20.72933 ], [ 73.85322, 20.73023 ], [ 73.85407, 20.73014 ], [ 73.85405, 20.73012 ], [ 73.85375, 20.72926 ], [ 73.85143, 20.72818 ], [ 73.84938, 20.7288 ], [ 73.84615, 20.72984 ], [ 73.8433, 20.73195 ], [ 73.84002, 20.73215 ], [ 73.83716, 20.73303 ], [ 73.8352, 20.73344 ], [ 73.83473, 20.73317 ], [ 73.83207, 20.73175 ], [ 73.83057, 20.72889 ], [ 73.82921, 20.72629 ], [ 73.82835, 20.72511 ], [ 73.82823, 20.72469 ], [ 73.82627, 20.72359 ], [ 73.8255, 20.72343 ], [ 73.82448, 20.72598 ], [ 73.8233, 20.73039 ], [ 73.82256, 20.73247 ], [ 73.82316, 20.73278 ], [ 73.82332, 20.73309 ], [ 73.82476, 20.73472 ], [ 73.82666, 20.73713 ], [ 73.82662, 20.73828 ], [ 73.825, 20.73911 ], [ 73.82566, 20.74256 ], [ 73.82549, 20.74438 ], [ 73.82625, 20.74515 ], [ 73.827, 20.74636 ], [ 73.82708, 20.74723 ], [ 73.82749, 20.74848 ], [ 73.8277, 20.74913 ], [ 73.82656, 20.7495 ], [ 73.82597, 20.74978 ], [ 73.82525, 20.75002 ], [ 73.82399, 20.7502 ], [ 73.82379, 20.75008 ], [ 73.82299, 20.75071 ], [ 73.82238, 20.75126 ], [ 73.82199, 20.75178 ], [ 73.82138, 20.75239 ], [ 73.82119, 20.75279 ], [ 73.82117, 20.75295 ], [ 73.82111, 20.75349 ], [ 73.82133, 20.75349 ], [ 73.82223, 20.75296 ], [ 73.82352, 20.75248 ], [ 73.82448, 20.75241 ], [ 73.82769, 20.75195 ], [ 73.8287, 20.7514 ], [ 73.83083, 20.75112 ], [ 73.83112, 20.7513 ], [ 73.83173, 20.7509 ], [ 73.83169, 20.75006 ], [ 73.83161, 20.74985 ], [ 73.83229, 20.74972 ], [ 73.83235, 20.74911 ], [ 73.8338, 20.74911 ], [ 73.83508, 20.74879 ], [ 73.8366, 20.74855 ], [ 73.83735, 20.74824 ], [ 73.83823, 20.74825 ], [ 73.83893, 20.74876 ], [ 73.83918, 20.74885 ], [ 73.84106, 20.7491 ], [ 73.84124, 20.74943 ], [ 73.84221, 20.75031 ], [ 73.84245, 20.74997 ], [ 73.84317, 20.74928 ], [ 73.84411, 20.74866 ], [ 73.8448, 20.74816 ], [ 73.84572, 20.74758 ], [ 73.84606, 20.74678 ], [ 73.84748, 20.74687 ], [ 73.84852, 20.74629 ], [ 73.84883, 20.74645 ], [ 73.84928, 20.74692 ], [ 73.85028, 20.74852 ], [ 73.85209, 20.74913 ], [ 73.85108, 20.7518 ], [ 73.85019, 20.75266 ], [ 73.8511, 20.75316 ], [ 73.85236, 20.75399 ], [ 73.85264, 20.75598 ], [ 73.85256, 20.75716 ], [ 73.85149, 20.7572 ], [ 73.85137, 20.75764 ], [ 73.85213, 20.75869 ], [ 73.853, 20.75957 ], [ 73.8528, 20.75969 ], [ 73.8536, 20.75973 ], [ 73.85699, 20.75978 ], [ 73.85795, 20.75977 ], [ 73.8574, 20.7581 ] ] ] ] } },
{ "type": "Feature", "properties": { "vid": "522746", "gz_state": "GUJARAT", "gz_district": "The Dangs", "gz_taluka": "The Dangs", "gz_village": "Madalbari", "gz_village_raw": "Madalbari", "gz_sno": 39, "esa_category": "whole_village", "bifurcated": false, "notified_forest": false, "cen_village": "Madalbari", "cen_subdistrict": "Ahwa", "cen_district": "Dangs", "censuscode": "522746", "lgd_villagecode": 522746, "score": 100.0, "scope": "dist", "area_km2": 3.422 }, "geometry": { "type": "MultiPolygon", "coordinates": [ [ [ [ 73.88182, 20.75354 ], [ 73.8822, 20.75395 ], [ 73.88257, 20.75383 ], [ 73.88291, 20.75268 ], [ 73.8833, 20.75218 ], [ 73.88404, 20.75151 ], [ 73.88376, 20.751 ], [ 73.88419, 20.75063 ], [ 73.88458, 20.75076 ], [ 73.88539, 20.7501 ], [ 73.88532, 20.74913 ], [ 73.88573, 20.74907 ], [ 73.88602, 20.74888 ], [ 73.88614, 20.74872 ], [ 73.88614, 20.74855 ], [ 73.88636, 20.74838 ], [ 73.88649, 20.74782 ], [ 73.88842, 20.74704 ], [ 73.8893, 20.74699 ], [ 73.8901, 20.74638 ], [ 73.89143, 20.74581 ], [ 73.89139, 20.74516 ], [ 73.89171, 20.74468 ], [ 73.8922, 20.74465 ], [ 73.89273, 20.74487 ], [ 73.89357, 20.74445 ], [ 73.89347, 20.74409 ], [ 73.89403, 20.74239 ], [ 73.89417, 20.74202 ], [ 73.89419, 20.74192 ], [ 73.89393, 20.74186 ], [ 73.89351, 20.74152 ], [ 73.89379, 20.73919 ], [ 73.89303, 20.73539 ], [ 73.89216, 20.73165 ], [ 73.89211, 20.73121 ], [ 73.89011, 20.73147 ], [ 73.88846, 20.73149 ], [ 73.88796, 20.7315 ], [ 73.88791, 20.73149 ], [ 73.88754, 20.73144 ], [ 73.88632, 20.73162 ], [ 73.88612, 20.7317 ], [ 73.88568, 20.73188 ], [ 73.88438, 20.73222 ], [ 73.88348, 20.73262 ], [ 73.8831, 20.73279 ], [ 73.88288, 20.73302 ], [ 73.88274, 20.73318 ], [ 73.88253, 20.73342 ], [ 73.88243, 20.73301 ], [ 73.8822, 20.73208 ], [ 73.88213, 20.73173 ], [ 73.8816, 20.73145 ], [ 73.88107, 20.73116 ], [ 73.88031, 20.73084 ], [ 73.88026, 20.73082 ], [ 73.88015, 20.73078 ], [ 73.87979, 20.73063 ], [ 73.87872, 20.7303 ], [ 73.87813, 20.73018 ], [ 73.8779, 20.73013 ], [ 73.87748, 20.73004 ], [ 73.87747, 20.73004 ], [ 73.87729, 20.73046 ], [ 73.87715, 20.73187 ], [ 73.87709, 20.73411 ], [ 73.87698, 20.73647 ], [ 73.87695, 20.73849 ], [ 73.87721, 20.73875 ], [ 73.87741, 20.73951 ], [ 73.87736, 20.73978 ], [ 73.87739, 20.74033 ], [ 73.87729, 20.74058 ], [ 73.87743, 20.74086 ], [ 73.87722, 20.74124 ], [ 73.8772, 20.74151 ], [ 73.87721, 20.74235 ], [ 73.87711, 20.74269 ], [ 73.87689, 20.74342 ], [ 73.87653, 20.74453 ], [ 73.87653, 20.74549 ], [ 73.87649, 20.74629 ], [ 73.87679, 20.74681 ], [ 73.87628, 20.74778 ], [ 73.87558, 20.74821 ], [ 73.87558, 20.74858 ], [ 73.87484, 20.74939 ], [ 73.8745, 20.75014 ], [ 73.8752, 20.75077 ], [ 73.87585, 20.75115 ], [ 73.87632, 20.75156 ], [ 73.8768, 20.75201 ], [ 73.87702, 20.75239 ], [ 73.87749, 20.75282 ], [ 73.87767, 20.75329 ], [ 73.87798, 20.75377 ], [ 73.87823, 20.7544 ], [ 73.87887, 20.75445 ], [ 73.87925, 20.75425 ], [ 73.88087, 20.75366 ], [ 73.88157, 20.75365 ], [ 73.88182, 20.75354 ] ] ] ] } },
{ "type": "Feature", "properties": { "vid": "522743", "gz_state": "GUJARAT", "gz_district": "The Dangs", "gz_taluka": "The Dangs", "gz_village": "Javtala", "gz_village_raw": "Javtala", "gz_sno": 40, "esa_category": "whole_village", "bifurcated": false, "notified_forest": false, "cen_village": "Javtala", "cen_subdistrict": "Ahwa", "cen_district": "Dangs", "censuscode": "522743", "lgd_villagecode": 522743, "score": 100.0, "scope": "dist", "area_km2": 15.009 }, "geometry": { "type": "MultiPolygon", "coordinates": [ [ [ [ 73.8233, 20.73039 ], [ 73.82448, 20.72598 ], [ 73.8255, 20.72343 ], [ 73.82608, 20.72197 ], [ 73.82526, 20.72023 ], [ 73.8262, 20.71812 ], [ 73.82647, 20.71565 ], [ 73.82717, 20.7125 ], [ 73.82745, 20.71104 ], [ 73.82703, 20.70905 ], [ 73.82692, 20.70631 ], [ 73.82666, 20.70446 ], [ 73.82638, 20.70233 ], [ 73.82637, 20.70219 ], [ 73.82543, 20.70072 ], [ 73.82432, 20.70219 ], [ 73.82172, 20.70428 ], [ 73.81807, 20.70726 ], [ 73.81535, 20.70946 ], [ 73.81439, 20.70956 ], [ 73.81292, 20.70951 ], [ 73.81173, 20.70948 ], [ 73.81094, 20.70946 ], [ 73.80922, 20.70943 ], [ 73.80899, 20.7095 ], [ 73.80826, 20.70983 ], [ 73.80711, 20.71035 ], [ 73.80602, 20.7109 ], [ 73.80573, 20.71095 ], [ 73.80495, 20.71105 ], [ 73.80404, 20.71123 ], [ 73.80272, 20.71149 ], [ 73.80195, 20.71095 ], [ 73.80032, 20.71012 ], [ 73.79971, 20.71007 ], [ 73.79865, 20.71021 ], [ 73.79758, 20.71048 ], [ 73.79758, 20.71176 ], [ 73.79792, 20.71293 ], [ 73.79686, 20.71316 ], [ 73.79464, 20.71413 ], [ 73.79271, 20.7147 ], [ 73.79112, 20.71553 ], [ 73.79061, 20.71514 ], [ 73.78964, 20.71433 ], [ 73.78874, 20.71433 ], [ 73.78808, 20.71382 ], [ 73.78701, 20.71384 ], [ 73.78605, 20.71411 ], [ 73.78421, 20.71526 ], [ 73.7824, 20.71623 ], [ 73.7815, 20.71524 ], [ 73.78095, 20.71525 ], [ 73.78113, 20.71551 ], [ 73.78152, 20.71677 ], [ 73.78253, 20.71757 ], [ 73.78441, 20.71894 ], [ 73.78401, 20.71899 ], [ 73.78428, 20.71986 ], [ 73.7833, 20.72079 ], [ 73.78313, 20.72218 ], [ 73.78123, 20.72264 ], [ 73.7813, 20.72428 ], [ 73.78102, 20.7259 ], [ 73.77952, 20.72625 ], [ 73.77851, 20.72593 ], [ 73.77663, 20.72309 ], [ 73.77588, 20.72279 ], [ 73.77454, 20.72189 ], [ 73.77354, 20.72213 ], [ 73.77269, 20.72307 ], [ 73.77241, 20.72453 ], [ 73.77213, 20.72554 ], [ 73.77166, 20.72614 ], [ 73.77229, 20.72616 ], [ 73.77193, 20.72702 ], [ 73.77188, 20.72728 ], [ 73.76973, 20.72888 ], [ 73.76803, 20.73087 ], [ 73.76641, 20.73006 ], [ 73.76432, 20.72991 ], [ 73.76124, 20.73129 ], [ 73.76095, 20.73161 ], [ 73.76073, 20.73154 ], [ 73.75968, 20.73128 ], [ 73.75918, 20.73123 ], [ 73.7589, 20.73121 ], [ 73.75833, 20.73116 ], [ 73.75828, 20.73218 ], [ 73.75807, 20.73426 ], [ 73.75808, 20.73506 ], [ 73.75807, 20.73648 ], [ 73.75879, 20.73688 ], [ 73.75981, 20.73678 ], [ 73.76029, 20.73673 ], [ 73.76151, 20.73648 ], [ 73.76167, 20.73657 ], [ 73.76259, 20.73651 ], [ 73.76377, 20.73691 ], [ 73.76484, 20.73744 ], [ 73.7656, 20.73784 ], [ 73.76609, 20.73806 ], [ 73.76971, 20.74046 ], [ 73.77252, 20.74168 ], [ 73.77388, 20.74193 ], [ 73.77438, 20.74236 ], [ 73.77732, 20.74403 ], [ 73.77875, 20.74385 ], [ 73.77867, 20.74416 ], [ 73.77939, 20.74405 ], [ 73.77882, 20.74342 ], [ 73.77923, 20.74313 ], [ 73.78007, 20.7429 ], [ 73.78067, 20.74256 ], [ 73.78197, 20.74108 ], [ 73.78264, 20.74042 ], [ 73.78513, 20.74045 ], [ 73.78648, 20.74047 ], [ 73.78705, 20.74007 ], [ 73.78728, 20.73965 ], [ 73.7888, 20.73867 ], [ 73.78923, 20.73844 ], [ 73.78993, 20.73825 ], [ 73.79098, 20.73856 ], [ 73.79211, 20.7382 ], [ 73.79255, 20.73806 ], [ 73.79355, 20.7375 ], [ 73.79407, 20.73669 ], [ 73.79473, 20.73585 ], [ 73.79557, 20.73455 ], [ 73.7965, 20.73395 ], [ 73.79791, 20.73341 ], [ 73.79838, 20.73309 ], [ 73.79949, 20.73238 ], [ 73.79995, 20.73202 ], [ 73.80036, 20.73143 ], [ 73.80278, 20.73137 ], [ 73.80431, 20.73133 ], [ 73.80504, 20.73143 ], [ 73.80773, 20.73255 ], [ 73.80979, 20.73341 ], [ 73.81026, 20.73389 ], [ 73.8105, 20.73399 ], [ 73.81211, 20.73458 ], [ 73.81278, 20.73476 ], [ 73.81373, 20.73479 ], [ 73.81576, 20.73356 ], [ 73.81897, 20.73196 ], [ 73.82256, 20.73247 ], [ 73.8233, 20.73039 ] ] ] ] } },
{ "type": "Feature", "properties": { "vid": "522755", "gz_state": "GUJARAT", "gz_district": "The Dangs", "gz_taluka": "The Dangs", "gz_village": "Chinchli", "gz_village_raw": "Chinchli", "gz_sno": 41, "esa_category": "whole_village", "bifurcated": false, "notified_forest": false, "cen_village": "Chinchli", "cen_subdistrict": "Ahwa", "cen_district": "Dangs", "censuscode": "522755", "lgd_villagecode": 522755, "score": 100.0, "scope": "dist", "area_km2": 6.613 }, "geometry": { "type": "MultiPolygon", "coordinates": [ [ [ [ 73.91356, 20.75165 ], [ 73.91399, 20.75168 ], [ 73.91439, 20.75146 ], [ 73.91471, 20.75187 ], [ 73.91484, 20.75225 ], [ 73.91545, 20.75222 ], [ 73.91582, 20.75221 ], [ 73.91599, 20.75225 ], [ 73.91629, 20.75229 ], [ 73.91653, 20.7523 ], [ 73.91624, 20.75069 ], [ 73.916, 20.74963 ], [ 73.91577, 20.74897 ], [ 73.91627, 20.74889 ], [ 73.91621, 20.74877 ], [ 73.91609, 20.74826 ], [ 73.91599, 20.7478 ], [ 73.91591, 20.74729 ], [ 73.91606, 20.74725 ], [ 73.91593, 20.74684 ], [ 73.91668, 20.74677 ], [ 73.91658, 20.7466 ], [ 73.91649, 20.74629 ], [ 73.91671, 20.74622 ], [ 73.91711, 20.74622 ], [ 73.91711, 20.74599 ], [ 73.91735, 20.74552 ], [ 73.91723, 20.74466 ], [ 73.91758, 20.74443 ], [ 73.91783, 20.74417 ], [ 73.91783, 20.74407 ], [ 73.91844, 20.74396 ], [ 73.91803, 20.74293 ], [ 73.9183, 20.74274 ], [ 73.91829, 20.74266 ], [ 73.91865, 20.74262 ], [ 73.91866, 20.742 ], [ 73.91969, 20.74213 ], [ 73.92003, 20.74216 ], [ 73.92004, 20.74132 ], [ 73.92087, 20.74145 ], [ 73.921, 20.74101 ], [ 73.92124, 20.74091 ], [ 73.92148, 20.74019 ], [ 73.92169, 20.73966 ], [ 73.92279, 20.73885 ], [ 73.92331, 20.73786 ], [ 73.92396, 20.73672 ], [ 73.92492, 20.73502 ], [ 73.92534, 20.73426 ], [ 73.92542, 20.73413 ], [ 73.92538, 20.73388 ], [ 73.92503, 20.73378 ], [ 73.92468, 20.73369 ], [ 73.92447, 20.73339 ], [ 73.92358, 20.73214 ], [ 73.92338, 20.73186 ], [ 73.92299, 20.73128 ], [ 73.92225, 20.73088 ], [ 73.9219, 20.73069 ], [ 73.92171, 20.73058 ], [ 73.92152, 20.73055 ], [ 73.92146, 20.73054 ], [ 73.92124, 20.7305 ], [ 73.92094, 20.73034 ], [ 73.92054, 20.73012 ], [ 73.92034, 20.73001 ], [ 73.92005, 20.72985 ], [ 73.91955, 20.72974 ], [ 73.91853, 20.72963 ], [ 73.91795, 20.72957 ], [ 73.91787, 20.72956 ], [ 73.91787, 20.7295 ], [ 73.91787, 20.72941 ], [ 73.91787, 20.7289 ], [ 73.91788, 20.7267 ], [ 73.91774, 20.72506 ], [ 73.91733, 20.72485 ], [ 73.91713, 20.72483 ], [ 73.9166, 20.72476 ], [ 73.91529, 20.7246 ], [ 73.91504, 20.72457 ], [ 73.91376, 20.72445 ], [ 73.91343, 20.72447 ], [ 73.91261, 20.72453 ], [ 73.91205, 20.72457 ], [ 73.91041, 20.72508 ], [ 73.9088, 20.72546 ], [ 73.90822, 20.72562 ], [ 73.90734, 20.72588 ], [ 73.90677, 20.72634 ], [ 73.90556, 20.72681 ], [ 73.90555, 20.72681 ], [ 73.90554, 20.72609 ], [ 73.90554, 20.7257 ], [ 73.90554, 20.72557 ], [ 73.90534, 20.72542 ], [ 73.90521, 20.72533 ], [ 73.90476, 20.72529 ], [ 73.90475, 20.72529 ], [ 73.90323, 20.72575 ], [ 73.90317, 20.72578 ], [ 73.90211, 20.72625 ], [ 73.90078, 20.72713 ], [ 73.89975, 20.72784 ], [ 73.89904, 20.72827 ], [ 73.89845, 20.72854 ], [ 73.89738, 20.72904 ], [ 73.89651, 20.72966 ], [ 73.89645, 20.7298 ], [ 73.89629, 20.73013 ], [ 73.89619, 20.73033 ], [ 73.89615, 20.7304 ], [ 73.89569, 20.7313 ], [ 73.89551, 20.73166 ], [ 73.89298, 20.73075 ], [ 73.89256, 20.73088 ], [ 73.89229, 20.73107 ], [ 73.89211, 20.73121 ], [ 73.89216, 20.73165 ], [ 73.89303, 20.73539 ], [ 73.89379, 20.73919 ], [ 73.89351, 20.74152 ], [ 73.89393, 20.74186 ], [ 73.89419, 20.74192 ], [ 73.89458, 20.74202 ], [ 73.89512, 20.74268 ], [ 73.89527, 20.74299 ], [ 73.89542, 20.74305 ], [ 73.89707, 20.74291 ], [ 73.89813, 20.7446 ], [ 73.89901, 20.74595 ], [ 73.8978, 20.74618 ], [ 73.8979, 20.74639 ], [ 73.89825, 20.74704 ], [ 73.89935, 20.74714 ], [ 73.90091, 20.74702 ], [ 73.90152, 20.74714 ], [ 73.90252, 20.74766 ], [ 73.90376, 20.74861 ], [ 73.90482, 20.74932 ], [ 73.9057, 20.74976 ], [ 73.90633, 20.74981 ], [ 73.90718, 20.75002 ], [ 73.9074, 20.74983 ], [ 73.90794, 20.74936 ], [ 73.90816, 20.74965 ], [ 73.90827, 20.74998 ], [ 73.90949, 20.75107 ], [ 73.90963, 20.75143 ], [ 73.91004, 20.75169 ], [ 73.91073, 20.75214 ], [ 73.91087, 20.75249 ], [ 73.91109, 20.75242 ], [ 73.91187, 20.75218 ], [ 73.91236, 20.75184 ], [ 73.91287, 20.75176 ], [ 73.91356, 20.75165 ] ] ] ] } },
{ "type": "Feature", "properties": { "vid": "522740", "gz_state": "GUJARAT", "gz_district": "The Dangs", "gz_taluka": "The Dangs", "gz_village": "Ravchond", "gz_village_raw": "Ravchond", "gz_sno": 42, "esa_category": "whole_village", "bifurcated": false, "notified_forest": false, "cen_village": "Ravchond", "cen_subdistrict": "Ahwa", "cen_district": "Dangs", "censuscode": "522740", "lgd_villagecode": 522740, "score": 100.0, "scope": "dist", "area_km2": 9.822 }, "geometry": { "type": "MultiPolygon", "coordinates": [ [ [ [ 73.72218, 20.76169 ], [ 73.72245, 20.7597 ], [ 73.72275, 20.75791 ], [ 73.72289, 20.75693 ], [ 73.72318, 20.75621 ], [ 73.72322, 20.75437 ], [ 73.72324, 20.75326 ], [ 73.72501, 20.75224 ], [ 73.72654, 20.75099 ], [ 73.72785, 20.75022 ], [ 73.72858, 20.74934 ], [ 73.72905, 20.74881 ], [ 73.72983, 20.74886 ], [ 73.73047, 20.74988 ], [ 73.73207, 20.75099 ], [ 73.73375, 20.752 ], [ 73.73458, 20.75246 ], [ 73.73582, 20.75265 ], [ 73.73638, 20.75268 ], [ 73.7378, 20.75372 ], [ 73.73832, 20.75401 ], [ 73.73947, 20.75588 ], [ 73.73988, 20.75744 ], [ 73.74043, 20.75958 ], [ 73.74104, 20.75997 ], [ 73.74111, 20.76011 ], [ 73.74149, 20.76028 ], [ 73.74175, 20.76055 ], [ 73.74202, 20.7607 ], [ 73.74223, 20.76089 ], [ 73.74246, 20.76105 ], [ 73.7427, 20.76122 ], [ 73.74279, 20.76137 ], [ 73.7428, 20.76139 ], [ 73.7428, 20.7614 ], [ 73.74294, 20.76155 ], [ 73.7438, 20.76209 ], [ 73.74513, 20.76135 ], [ 73.74623, 20.76079 ], [ 73.74767, 20.75989 ], [ 73.7489, 20.75871 ], [ 73.75037, 20.7589 ], [ 73.75265, 20.75847 ], [ 73.7529, 20.75836 ], [ 73.75318, 20.75721 ], [ 73.75373, 20.75523 ], [ 73.75456, 20.7536 ], [ 73.75341, 20.75291 ], [ 73.75308, 20.75254 ], [ 73.75267, 20.75228 ], [ 73.75137, 20.75142 ], [ 73.75065, 20.75029 ], [ 73.74989, 20.74838 ], [ 73.74896, 20.74599 ], [ 73.74866, 20.74392 ], [ 73.7475, 20.74277 ], [ 73.74595, 20.74142 ], [ 73.74582, 20.74192 ], [ 73.74546, 20.74297 ], [ 73.74415, 20.74313 ], [ 73.74366, 20.7431 ], [ 73.74364, 20.74167 ], [ 73.74362, 20.74007 ], [ 73.74359, 20.73932 ], [ 73.74344, 20.73896 ], [ 73.74261, 20.73834 ], [ 73.74221, 20.73768 ], [ 73.74148, 20.73724 ], [ 73.74172, 20.73691 ], [ 73.74285, 20.73671 ], [ 73.74377, 20.73634 ], [ 73.74491, 20.73525 ], [ 73.74442, 20.73492 ], [ 73.74476, 20.73403 ], [ 73.74462, 20.73368 ], [ 73.74417, 20.73337 ], [ 73.74293, 20.73348 ], [ 73.74242, 20.73244 ], [ 73.74189, 20.73165 ], [ 73.74194, 20.73144 ], [ 73.74173, 20.73103 ], [ 73.74185, 20.7305 ], [ 73.74224, 20.7306 ], [ 73.74226, 20.73024 ], [ 73.74198, 20.73022 ], [ 73.74193, 20.72987 ], [ 73.74204, 20.72936 ], [ 73.74199, 20.7287 ], [ 73.74201, 20.72861 ], [ 73.7418, 20.72849 ], [ 73.74203, 20.72669 ], [ 73.74194, 20.72661 ], [ 73.74104, 20.72627 ], [ 73.74022, 20.72506 ], [ 73.73902, 20.72378 ], [ 73.73732, 20.72201 ], [ 73.73686, 20.72173 ], [ 73.73635, 20.72227 ], [ 73.73546, 20.72349 ], [ 73.7341, 20.72489 ], [ 73.73354, 20.72528 ], [ 73.73247, 20.72717 ], [ 73.73099, 20.72826 ], [ 73.72961, 20.72863 ], [ 73.7293, 20.72939 ], [ 73.72945, 20.72979 ], [ 73.72987, 20.73005 ], [ 73.73103, 20.72984 ], [ 73.73178, 20.73047 ], [ 73.73208, 20.73209 ], [ 73.73228, 20.73418 ], [ 73.73126, 20.73419 ], [ 73.73062, 20.73511 ], [ 73.73112, 20.73539 ], [ 73.73227, 20.73522 ], [ 73.73275, 20.73547 ], [ 73.73381, 20.73649 ], [ 73.73437, 20.73793 ], [ 73.73528, 20.73876 ], [ 73.73581, 20.7399 ], [ 73.73669, 20.74186 ], [ 73.73483, 20.74313 ], [ 73.73227, 20.74366 ], [ 73.73173, 20.74359 ], [ 73.7307, 20.74342 ], [ 73.73019, 20.7434 ], [ 73.72995, 20.74302 ], [ 73.7286, 20.74127 ], [ 73.72691, 20.74117 ], [ 73.72453, 20.74087 ], [ 73.72303, 20.74074 ], [ 73.72119, 20.74133 ], [ 73.71982, 20.74048 ], [ 73.71857, 20.73966 ], [ 73.71852, 20.73965 ], [ 73.71585, 20.74103 ], [ 73.71157, 20.74351 ], [ 73.70944, 20.74468 ], [ 73.70664, 20.7463 ], [ 73.70648, 20.7463 ], [ 73.70593, 20.74657 ], [ 73.70516, 20.74715 ], [ 73.70405, 20.74796 ], [ 73.70425, 20.74887 ], [ 73.70455, 20.74929 ], [ 73.70448, 20.74995 ], [ 73.70318, 20.75185 ], [ 73.70335, 20.75259 ], [ 73.7031, 20.75361 ], [ 73.70183, 20.75506 ], [ 73.70207, 20.75549 ], [ 73.70253, 20.7562 ], [ 73.70306, 20.75722 ], [ 73.70304, 20.75795 ], [ 73.70307, 20.76015 ], [ 73.70242, 20.76125 ], [ 73.7022, 20.76335 ], [ 73.702, 20.76534 ], [ 73.70199, 20.76592 ], [ 73.70208, 20.76728 ], [ 73.70179, 20.7677 ], [ 73.70213, 20.76792 ], [ 73.70273, 20.76817 ], [ 73.7034, 20.76996 ], [ 73.70405, 20.77068 ], [ 73.70575, 20.77173 ], [ 73.70659, 20.77275 ], [ 73.70671, 20.77276 ], [ 73.70692, 20.77232 ], [ 73.7071, 20.77126 ], [ 73.70747, 20.76964 ], [ 73.70675, 20.76947 ], [ 73.70755, 20.76793 ], [ 73.70825, 20.76684 ], [ 73.70833, 20.76582 ], [ 73.70677, 20.76572 ], [ 73.70567, 20.76467 ], [ 73.70553, 20.76367 ], [ 73.70573, 20.76195 ], [ 73.70522, 20.7607 ], [ 73.70579, 20.75866 ], [ 73.70627, 20.75782 ], [ 73.7068, 20.75718 ], [ 73.7068, 20.75607 ], [ 73.70669, 20.7548 ], [ 73.70667, 20.75446 ], [ 73.70764, 20.75455 ], [ 73.70834, 20.75478 ], [ 73.70877, 20.75508 ], [ 73.70926, 20.75518 ], [ 73.70932, 20.75644 ], [ 73.70923, 20.75694 ], [ 73.70945, 20.75724 ], [ 73.70965, 20.75796 ], [ 73.71052, 20.75857 ], [ 73.71109, 20.75908 ], [ 73.71313, 20.759 ], [ 73.71308, 20.75957 ], [ 73.71409, 20.75959 ], [ 73.71426, 20.75887 ], [ 73.71427, 20.75837 ], [ 73.71429, 20.75706 ], [ 73.71549, 20.75675 ], [ 73.71575, 20.75669 ], [ 73.71782, 20.75632 ], [ 73.71807, 20.75633 ], [ 73.71917, 20.75639 ], [ 73.71982, 20.75714 ], [ 73.71958, 20.75773 ], [ 73.71973, 20.7583 ], [ 73.72012, 20.75955 ], [ 73.72046, 20.7606 ], [ 73.7211, 20.7615 ], [ 73.72135, 20.76169 ], [ 73.72213, 20.76212 ], [ 73.72218, 20.76169 ] ] ] ] } },
{ "type": "Feature", "properties": { "vid": "522674", "gz_state": "GUJARAT", "gz_district": "The Dangs", "gz_taluka": "The Dangs", "gz_village": "Isdar(Borkhalsaja)", "gz_village_raw": "Isdar(Borkhalsaja)", "gz_sno": 43, "esa_category": "whole_village", "bifurcated": false, "notified_forest": false, "cen_village": "Isdar Gadhvi", "cen_subdistrict": "Ahwa", "cen_district": "Dangs", "censuscode": "522674", "lgd_villagecode": 522674, "score": 100.0, "scope": "dist", "area_km2": 3.63 }, "geometry": { "type": "MultiPolygon", "coordinates": [ [ [ [ 73.66191, 20.80632 ], [ 73.6629, 20.80567 ], [ 73.66316, 20.80568 ], [ 73.6636, 20.80519 ], [ 73.66523, 20.80459 ], [ 73.66522, 20.80438 ], [ 73.6659, 20.80426 ], [ 73.66724, 20.80405 ], [ 73.66824, 20.80545 ], [ 73.66884, 20.80615 ], [ 73.66887, 20.80619 ], [ 73.66945, 20.80622 ], [ 73.66984, 20.80586 ], [ 73.67021, 20.80531 ], [ 73.67056, 20.80438 ], [ 73.67131, 20.80353 ], [ 73.67188, 20.80308 ], [ 73.67064, 20.80126 ], [ 73.67135, 20.79913 ], [ 73.67033, 20.79801 ], [ 73.66938, 20.79515 ], [ 73.66885, 20.7945 ], [ 73.66867, 20.79404 ], [ 73.66766, 20.79135 ], [ 73.66702, 20.78972 ], [ 73.66671, 20.78877 ], [ 73.66629, 20.78771 ], [ 73.66585, 20.78719 ], [ 73.66508, 20.78641 ], [ 73.66523, 20.78582 ], [ 73.66437, 20.78553 ], [ 73.66268, 20.78444 ], [ 73.66129, 20.78371 ], [ 73.66074, 20.78304 ], [ 73.66043, 20.78237 ], [ 73.66031, 20.78241 ], [ 73.65795, 20.78326 ], [ 73.65717, 20.78376 ], [ 73.65624, 20.78394 ], [ 73.65526, 20.78426 ], [ 73.65441, 20.78474 ], [ 73.65309, 20.78475 ], [ 73.65233, 20.78508 ], [ 73.65141, 20.78585 ], [ 73.65109, 20.78613 ], [ 73.65036, 20.78652 ], [ 73.65027, 20.78877 ], [ 73.65007, 20.79178 ], [ 73.65004, 20.79251 ], [ 73.6505, 20.79249 ], [ 73.65229, 20.79246 ], [ 73.65261, 20.79254 ], [ 73.65248, 20.79273 ], [ 73.65269, 20.79368 ], [ 73.65305, 20.79504 ], [ 73.65347, 20.79546 ], [ 73.65425, 20.7958 ], [ 73.6546, 20.79607 ], [ 73.65488, 20.79642 ], [ 73.65478, 20.79716 ], [ 73.65424, 20.7978 ], [ 73.65324, 20.79808 ], [ 73.65271, 20.79847 ], [ 73.65294, 20.79945 ], [ 73.65302, 20.80004 ], [ 73.65283, 20.80066 ], [ 73.65279, 20.80071 ], [ 73.65399, 20.80105 ], [ 73.6555, 20.8015 ], [ 73.65638, 20.80184 ], [ 73.65815, 20.80122 ], [ 73.65851, 20.80118 ], [ 73.65909, 20.80389 ], [ 73.65917, 20.80418 ], [ 73.65973, 20.8055 ], [ 73.66081, 20.80598 ], [ 73.66189, 20.80647 ], [ 73.66191, 20.80632 ] ] ] ] } },
{ "type": "Feature", "properties": { "vid": "522758", "gz_state": "GUJARAT", "gz_district": "The Dangs", "gz_taluka": "The Dangs", "gz_village": "Kosambia", "gz_village_raw": "Kosambia", "gz_sno": 44, "esa_category": "whole_village", "bifurcated": false, "notified_forest": false, "cen_village": "Kosambia", "cen_subdistrict": "Ahwa", "cen_district": "Dangs", "censuscode": "522758", "lgd_villagecode": 522758, "score": 100.0, "scope": "dist", "area_km2": 3.526 }, "geometry": { "type": "MultiPolygon", "coordinates": [ [ [ [ 73.76112, 20.73115 ], [ 73.76097, 20.73024 ], [ 73.76115, 20.72995 ], [ 73.76177, 20.7297 ], [ 73.76199, 20.72856 ], [ 73.76276, 20.72877 ], [ 73.76501, 20.72811 ], [ 73.76493, 20.72743 ], [ 73.76623, 20.72698 ], [ 73.76659, 20.72591 ], [ 73.76783, 20.72517 ], [ 73.76815, 20.72445 ], [ 73.76853, 20.72346 ], [ 73.76842, 20.72255 ], [ 73.76722, 20.72302 ], [ 73.76632, 20.72133 ], [ 73.76613, 20.72116 ], [ 73.76642, 20.72041 ], [ 73.76831, 20.71938 ], [ 73.7686, 20.71881 ], [ 73.7696, 20.71842 ], [ 73.77176, 20.71837 ], [ 73.77218, 20.7183 ], [ 73.77251, 20.71882 ], [ 73.77292, 20.71864 ], [ 73.77479, 20.71927 ], [ 73.77559, 20.71845 ], [ 73.77684, 20.71773 ], [ 73.77662, 20.71702 ], [ 73.77734, 20.7157 ], [ 73.77715, 20.71496 ], [ 73.7777, 20.71488 ], [ 73.77777, 20.71438 ], [ 73.77829, 20.71359 ], [ 73.77923, 20.71405 ], [ 73.78054, 20.71358 ], [ 73.78157, 20.71382 ], [ 73.78094, 20.71523 ], [ 73.78095, 20.71525 ], [ 73.7815, 20.71524 ], [ 73.7824, 20.71623 ], [ 73.78421, 20.71526 ], [ 73.78605, 20.71411 ], [ 73.78701, 20.71384 ], [ 73.78808, 20.71382 ], [ 73.78874, 20.71433 ], [ 73.78964, 20.71433 ], [ 73.78944, 20.71416 ], [ 73.78868, 20.71344 ], [ 73.78975, 20.713 ], [ 73.79146, 20.71232 ], [ 73.79221, 20.71228 ], [ 73.79276, 20.71071 ], [ 73.79431, 20.71064 ], [ 73.79438, 20.70949 ], [ 73.79411, 20.70931 ], [ 73.79339, 20.7088 ], [ 73.79265, 20.70841 ], [ 73.79185, 20.70807 ], [ 73.79121, 20.70794 ], [ 73.79076, 20.70805 ], [ 73.79027, 20.70821 ], [ 73.78982, 20.70843 ], [ 73.78933, 20.70854 ], [ 73.78981, 20.70739 ], [ 73.79051, 20.70659 ], [ 73.79045, 20.70637 ], [ 73.79034, 20.70609 ], [ 73.78952, 20.70612 ], [ 73.78826, 20.70614 ], [ 73.78826, 20.70602 ], [ 73.78834, 20.70563 ], [ 73.78821, 20.7053 ], [ 73.78822, 20.70433 ], [ 73.7875, 20.70392 ], [ 73.78631, 20.70198 ], [ 73.78638, 20.70118 ], [ 73.78568, 20.70157 ], [ 73.78464, 20.70234 ], [ 73.78438, 20.70386 ], [ 73.78414, 20.705 ], [ 73.78357, 20.70519 ], [ 73.78248, 20.7056 ], [ 73.78128, 20.70613 ], [ 73.78043, 20.70653 ], [ 73.77959, 20.70685 ], [ 73.77873, 20.70606 ], [ 73.77738, 20.70613 ], [ 73.77662, 20.70673 ], [ 73.77578, 20.70692 ], [ 73.77495, 20.7075 ], [ 73.77366, 20.7083 ], [ 73.77358, 20.70836 ], [ 73.7721, 20.70907 ], [ 73.77164, 20.70947 ], [ 73.77089, 20.70988 ], [ 73.77009, 20.71004 ], [ 73.76911, 20.70966 ], [ 73.76813, 20.70888 ], [ 73.76601, 20.71101 ], [ 73.76707, 20.71187 ], [ 73.76613, 20.71359 ], [ 73.76655, 20.71382 ], [ 73.76631, 20.71418 ], [ 73.76585, 20.71462 ], [ 73.76531, 20.71511 ], [ 73.76506, 20.71559 ], [ 73.76393, 20.7164 ], [ 73.76339, 20.71689 ], [ 73.76306, 20.71737 ], [ 73.76285, 20.71765 ], [ 73.76278, 20.71824 ], [ 73.76291, 20.71876 ], [ 73.76309, 20.71951 ], [ 73.76322, 20.72006 ], [ 73.76307, 20.72074 ], [ 73.76312, 20.72177 ], [ 73.76326, 20.72224 ], [ 73.76339, 20.72275 ], [ 73.76382, 20.7235 ], [ 73.76425, 20.72409 ], [ 73.76299, 20.72431 ], [ 73.76205, 20.72447 ], [ 73.75993, 20.72441 ], [ 73.75857, 20.72619 ], [ 73.75833, 20.72728 ], [ 73.75765, 20.72818 ], [ 73.75589, 20.72795 ], [ 73.75594, 20.72818 ], [ 73.75599, 20.72914 ], [ 73.75605, 20.72956 ], [ 73.75653, 20.72923 ], [ 73.75746, 20.72906 ], [ 73.75778, 20.72944 ], [ 73.75846, 20.7295 ], [ 73.75838, 20.73028 ], [ 73.75833, 20.73116 ], [ 73.7589, 20.73121 ], [ 73.75918, 20.73123 ], [ 73.75968, 20.73128 ], [ 73.76073, 20.73154 ], [ 73.76095, 20.73161 ], [ 73.76124, 20.73129 ], [ 73.76112, 20.73115 ] ] ], [ [ [ 73.78639, 20.70113 ], [ 73.78637, 20.70112 ], [ 73.78638, 20.70118 ], [ 73.78639, 20.70113 ] ] ] ] } },
{ "type": "Feature", "properties": { "vid": "522759", "gz_state": "GUJARAT", "gz_district": "The Dangs", "gz_taluka": "The Dangs", "gz_village": "Linga", "gz_village_raw": "Linga", "gz_sno": 45, "esa_category": "whole_village", "bifurcated": false, "notified_forest": false, "cen_village": "Linga", "cen_subdistrict": "Ahwa", "cen_district": "Dangs", "censuscode": "522759", "lgd_villagecode": 522759, "score": 100.0, "scope": "dist", "area_km2": 13.361 }, "geometry": { "type": "MultiPolygon", "coordinates": [ [ [ [ 73.78617, 20.69991 ], [ 73.78648, 20.69794 ], [ 73.78645, 20.69631 ], [ 73.78642, 20.69548 ], [ 73.78921, 20.69497 ], [ 73.79124, 20.69463 ], [ 73.7919, 20.69454 ], [ 73.79268, 20.69451 ], [ 73.7944, 20.69469 ], [ 73.79589, 20.69475 ], [ 73.79662, 20.69465 ], [ 73.79659, 20.69342 ], [ 73.79663, 20.69271 ], [ 73.79643, 20.69254 ], [ 73.79561, 20.69184 ], [ 73.79387, 20.6904 ], [ 73.79326, 20.69008 ], [ 73.79169, 20.68934 ], [ 73.79115, 20.68823 ], [ 73.79007, 20.68638 ], [ 73.7885, 20.68678 ], [ 73.78746, 20.68704 ], [ 73.78631, 20.68745 ], [ 73.78579, 20.68798 ], [ 73.78505, 20.68906 ], [ 73.78346, 20.68884 ], [ 73.78209, 20.68848 ], [ 73.7814, 20.68849 ], [ 73.78083, 20.68886 ], [ 73.78001, 20.68928 ], [ 73.77909, 20.68947 ], [ 73.7781, 20.68944 ], [ 73.77689, 20.68932 ], [ 73.77675, 20.68858 ], [ 73.77664, 20.68797 ], [ 73.7764, 20.68776 ], [ 73.77526, 20.68734 ], [ 73.77459, 20.68704 ], [ 73.7733, 20.68766 ], [ 73.77257, 20.68798 ], [ 73.7717, 20.68869 ], [ 73.77016, 20.68886 ], [ 73.76897, 20.6888 ], [ 73.76807, 20.68907 ], [ 73.76533, 20.68951 ], [ 73.76358, 20.68934 ], [ 73.76286, 20.68945 ], [ 73.75987, 20.69016 ], [ 73.75785, 20.69253 ], [ 73.75622, 20.69204 ], [ 73.75659, 20.69489 ], [ 73.75698, 20.69842 ], [ 73.75707, 20.69996 ], [ 73.75676, 20.7 ], [ 73.75662, 20.70045 ], [ 73.75644, 20.70122 ], [ 73.75617, 20.7015 ], [ 73.75512, 20.70118 ], [ 73.75453, 20.70073 ], [ 73.75404, 20.70075 ], [ 73.75366, 20.7008 ], [ 73.75339, 20.70109 ], [ 73.75315, 20.70143 ], [ 73.75316, 20.7019 ], [ 73.75322, 20.70242 ], [ 73.75331, 20.70285 ], [ 73.75314, 20.70314 ], [ 73.75292, 20.70334 ], [ 73.75257, 20.70361 ], [ 73.75244, 20.70361 ], [ 73.75218, 20.7036 ], [ 73.7515, 20.70321 ], [ 73.75089, 20.70317 ], [ 73.7504, 20.70305 ], [ 73.74999, 20.70302 ], [ 73.74945, 20.70311 ], [ 73.74878, 20.70332 ], [ 73.74845, 20.7036 ], [ 73.74797, 20.70383 ], [ 73.74747, 20.70418 ], [ 73.74678, 20.70448 ], [ 73.74595, 20.70472 ], [ 73.74557, 20.70503 ], [ 73.74505, 20.70553 ], [ 73.74488, 20.7056 ], [ 73.7447, 20.70539 ], [ 73.74468, 20.70493 ], [ 73.74459, 20.7047 ], [ 73.74431, 20.70464 ], [ 73.74402, 20.70497 ], [ 73.74366, 20.70545 ], [ 73.74332, 20.70591 ], [ 73.74294, 20.70627 ], [ 73.74253, 20.70628 ], [ 73.74208, 20.70632 ], [ 73.74154, 20.70644 ], [ 73.74094, 20.70666 ], [ 73.74063, 20.70694 ], [ 73.74028, 20.70685 ], [ 73.74017, 20.70639 ], [ 73.73997, 20.70609 ], [ 73.73969, 20.70602 ], [ 73.73963, 20.70554 ], [ 73.73942, 20.70546 ], [ 73.73926, 20.70559 ], [ 73.73867, 20.70553 ], [ 73.73788, 20.70567 ], [ 73.73741, 20.70555 ], [ 73.73713, 20.70542 ], [ 73.73687, 20.70548 ], [ 73.73658, 20.70511 ], [ 73.7363, 20.7048 ], [ 73.73615, 20.7049 ], [ 73.73574, 20.70515 ], [ 73.73532, 20.70498 ], [ 73.735, 20.70452 ], [ 73.73483, 20.70365 ], [ 73.73468, 20.70306 ], [ 73.73453, 20.70319 ], [ 73.73435, 20.70435 ], [ 73.73398, 20.70475 ], [ 73.73349, 20.70494 ], [ 73.73301, 20.70488 ], [ 73.73227, 20.70481 ], [ 73.73197, 20.70486 ], [ 73.73177, 20.70512 ], [ 73.73161, 20.70528 ], [ 73.73187, 20.70561 ], [ 73.73192, 20.70796 ], [ 73.73192, 20.70915 ], [ 73.73212, 20.71026 ], [ 73.7324, 20.71175 ], [ 73.73273, 20.71243 ], [ 73.73314, 20.71303 ], [ 73.73326, 20.71351 ], [ 73.73369, 20.71405 ], [ 73.73402, 20.71422 ], [ 73.73438, 20.71459 ], [ 73.73461, 20.71495 ], [ 73.735, 20.71539 ], [ 73.73502, 20.71575 ], [ 73.73511, 20.71622 ], [ 73.73554, 20.71697 ], [ 73.7366, 20.71841 ], [ 73.73681, 20.71918 ], [ 73.73734, 20.71976 ], [ 73.73787, 20.7203 ], [ 73.73705, 20.72023 ], [ 73.73735, 20.7213 ], [ 73.73721, 20.72135 ], [ 73.73686, 20.72173 ], [ 73.73732, 20.72201 ], [ 73.73902, 20.72378 ], [ 73.74022, 20.72506 ], [ 73.74104, 20.72627 ], [ 73.74194, 20.72661 ], [ 73.74203, 20.72669 ], [ 73.74204, 20.7266 ], [ 73.74323, 20.72715 ], [ 73.74358, 20.72714 ], [ 73.74418, 20.72689 ], [ 73.74462, 20.72671 ], [ 73.74474, 20.72648 ], [ 73.74497, 20.72642 ], [ 73.74614, 20.72562 ], [ 73.74686, 20.72483 ], [ 73.74727, 20.72521 ], [ 73.74787, 20.72558 ], [ 73.74816, 20.72537 ], [ 73.7483, 20.72409 ], [ 73.74921, 20.72424 ], [ 73.74937, 20.72384 ], [ 73.75048, 20.72377 ], [ 73.75113, 20.72392 ], [ 73.7515, 20.724 ], [ 73.75267, 20.7229 ], [ 73.75338, 20.72261 ], [ 73.75418, 20.72335 ], [ 73.75507, 20.7244 ], [ 73.75504, 20.72452 ], [ 73.75516, 20.72531 ], [ 73.7557, 20.72721 ], [ 73.75589, 20.72795 ], [ 73.75765, 20.72818 ], [ 73.75833, 20.72728 ], [ 73.75857, 20.72619 ], [ 73.75993, 20.72441 ], [ 73.76205, 20.72447 ], [ 73.76299, 20.72431 ], [ 73.76425, 20.72409 ], [ 73.76382, 20.7235 ], [ 73.76339, 20.72275 ], [ 73.76326, 20.72224 ], [ 73.76312, 20.72177 ], [ 73.76307, 20.72074 ], [ 73.76322, 20.72006 ], [ 73.76309, 20.71951 ], [ 73.76291, 20.71876 ], [ 73.76278, 20.71824 ], [ 73.76285, 20.71765 ], [ 73.76306, 20.71737 ], [ 73.76339, 20.71689 ], [ 73.76393, 20.7164 ], [ 73.76506, 20.71559 ], [ 73.76531, 20.71511 ], [ 73.76585, 20.71462 ], [ 73.76631, 20.71418 ], [ 73.76655, 20.71382 ], [ 73.76613, 20.71359 ], [ 73.76707, 20.71187 ], [ 73.76601, 20.71101 ], [ 73.76813, 20.70888 ], [ 73.76911, 20.70966 ], [ 73.77009, 20.71004 ], [ 73.77089, 20.70988 ], [ 73.77164, 20.70947 ], [ 73.7721, 20.70907 ], [ 73.77358, 20.70836 ], [ 73.77366, 20.7083 ], [ 73.77495, 20.7075 ], [ 73.77578, 20.70692 ], [ 73.77662, 20.70673 ], [ 73.77738, 20.70613 ], [ 73.77873, 20.70606 ], [ 73.77959, 20.70685 ], [ 73.78043, 20.70653 ], [ 73.78128, 20.70613 ], [ 73.78248, 20.7056 ], [ 73.78357, 20.70519 ], [ 73.78414, 20.705 ], [ 73.78438, 20.70386 ], [ 73.78464, 20.70234 ], [ 73.78568, 20.70157 ], [ 73.78638, 20.70118 ], [ 73.78637, 20.70112 ], [ 73.78617, 20.69991 ] ] ] ] } },
{ "type": "Feature", "properties": { "vid": "522757", "gz_state": "GUJARAT", "gz_district": "The Dangs", "gz_taluka": "The Dangs", "gz_village": "Anjankund", "gz_village_raw": "Anjankund", "gz_sno": 46, "esa_category": "whole_village", "bifurcated": false, "notified_forest": false, "cen_village": "Anjankund", "cen_subdistrict": "Ahwa", "cen_district": "Dangs", "censuscode": "522757", "lgd_villagecode": 522757, "score": 100.0, "scope": "dist", "area_km2": 7.261 }, "geometry": { "type": "MultiPolygon", "coordinates": [ [ [ [ 73.79971, 20.71007 ], [ 73.80032, 20.71012 ], [ 73.80195, 20.71095 ], [ 73.80272, 20.71149 ], [ 73.80404, 20.71123 ], [ 73.80495, 20.71105 ], [ 73.80573, 20.71095 ], [ 73.80602, 20.7109 ], [ 73.80711, 20.71035 ], [ 73.80826, 20.70983 ], [ 73.80899, 20.7095 ], [ 73.80922, 20.70943 ], [ 73.81094, 20.70946 ], [ 73.81173, 20.70948 ], [ 73.81292, 20.70951 ], [ 73.81439, 20.70956 ], [ 73.81535, 20.70946 ], [ 73.81807, 20.70726 ], [ 73.82172, 20.70428 ], [ 73.82432, 20.70219 ], [ 73.82543, 20.70072 ], [ 73.82542, 20.70071 ], [ 73.82537, 20.70069 ], [ 73.82514, 20.70059 ], [ 73.8247, 20.70031 ], [ 73.82453, 20.7002 ], [ 73.82451, 20.70019 ], [ 73.82443, 20.70013 ], [ 73.82386, 20.69969 ], [ 73.82375, 20.69962 ], [ 73.82348, 20.69943 ], [ 73.82301, 20.69925 ], [ 73.82238, 20.69901 ], [ 73.82181, 20.69873 ], [ 73.82173, 20.69867 ], [ 73.82119, 20.69829 ], [ 73.8205, 20.6977 ], [ 73.81985, 20.69697 ], [ 73.81879, 20.69609 ], [ 73.81844, 20.69584 ], [ 73.81837, 20.69579 ], [ 73.81818, 20.69566 ], [ 73.81761, 20.69527 ], [ 73.81731, 20.69502 ], [ 73.81707, 20.69482 ], [ 73.81639, 20.69457 ], [ 73.8163, 20.69456 ], [ 73.81597, 20.69449 ], [ 73.8146, 20.69374 ], [ 73.81398, 20.6933 ], [ 73.81334, 20.69284 ], [ 73.8125, 20.69236 ], [ 73.8123, 20.69225 ], [ 73.81218, 20.69219 ], [ 73.8121, 20.69215 ], [ 73.81185, 20.69203 ], [ 73.81236, 20.69146 ], [ 73.81237, 20.69145 ], [ 73.81237, 20.69144 ], [ 73.81257, 20.69124 ], [ 73.81286, 20.69094 ], [ 73.81326, 20.69039 ], [ 73.8135, 20.68938 ], [ 73.81367, 20.68881 ], [ 73.81455, 20.68765 ], [ 73.81462, 20.68755 ], [ 73.81425, 20.68733 ], [ 73.81402, 20.6872 ], [ 73.81401, 20.68719 ], [ 73.81389, 20.6871 ], [ 73.81324, 20.68659 ], [ 73.81329, 20.68652 ], [ 73.81352, 20.68619 ], [ 73.80979, 20.68578 ], [ 73.80769, 20.68569 ], [ 73.80644, 20.68618 ], [ 73.80419, 20.68683 ], [ 73.80222, 20.68746 ], [ 73.80043, 20.68798 ], [ 73.79768, 20.6911 ], [ 73.79671, 20.69223 ], [ 73.79643, 20.69254 ], [ 73.79663, 20.69271 ], [ 73.79659, 20.69342 ], [ 73.79662, 20.69465 ], [ 73.79589, 20.69475 ], [ 73.7944, 20.69469 ], [ 73.79268, 20.69451 ], [ 73.7919, 20.69454 ], [ 73.79124, 20.69463 ], [ 73.78921, 20.69497 ], [ 73.78642, 20.69548 ], [ 73.78645, 20.69631 ], [ 73.78648, 20.69794 ], [ 73.78617, 20.69991 ], [ 73.78637, 20.70112 ], [ 73.78639, 20.70113 ], [ 73.78631, 20.70198 ], [ 73.7875, 20.70392 ], [ 73.78822, 20.70433 ], [ 73.78821, 20.7053 ], [ 73.78834, 20.70563 ], [ 73.78826, 20.70602 ], [ 73.78826, 20.70614 ], [ 73.78952, 20.70612 ], [ 73.79034, 20.70609 ], [ 73.79045, 20.70637 ], [ 73.79051, 20.70659 ], [ 73.78981, 20.70739 ], [ 73.78933, 20.70854 ], [ 73.78982, 20.70843 ], [ 73.79027, 20.70821 ], [ 73.79076, 20.70805 ], [ 73.79121, 20.70794 ], [ 73.79185, 20.70807 ], [ 73.79265, 20.70841 ], [ 73.79339, 20.7088 ], [ 73.79411, 20.70931 ], [ 73.79438, 20.70949 ], [ 73.79431, 20.71064 ], [ 73.79276, 20.71071 ], [ 73.79221, 20.71228 ], [ 73.79146, 20.71232 ], [ 73.78975, 20.713 ], [ 73.78868, 20.71344 ], [ 73.78944, 20.71416 ], [ 73.78964, 20.71433 ], [ 73.79061, 20.71514 ], [ 73.79112, 20.71553 ], [ 73.79271, 20.7147 ], [ 73.79464, 20.71413 ], [ 73.79686, 20.71316 ], [ 73.79792, 20.71293 ], [ 73.79758, 20.71176 ], [ 73.79758, 20.71048 ], [ 73.79865, 20.71021 ], [ 73.79971, 20.71007 ] ] ] ] } },
{ "type": "Feature", "properties": { "vid": "522787", "gz_state": "GUJARAT", "gz_district": "The Dangs", "gz_taluka": "The Dangs", "gz_village": "Ukhatiya", "gz_village_raw": "Ukhatiya", "gz_sno": 47, "esa_category": "whole_village", "bifurcated": false, "notified_forest": false, "cen_village": "Ukhatiya", "cen_subdistrict": "Ahwa", "cen_district": "Dangs", "censuscode": "522787", "lgd_villagecode": 522787, "score": 100.0, "scope": "dist", "area_km2": 7.896 }, "geometry": { "type": "MultiPolygon", "coordinates": [ [ [ [ 73.80644, 20.68618 ], [ 73.80769, 20.68569 ], [ 73.80979, 20.68578 ], [ 73.81352, 20.68619 ], [ 73.81372, 20.686 ], [ 73.81387, 20.68587 ], [ 73.81445, 20.68518 ], [ 73.81446, 20.68517 ], [ 73.81501, 20.68447 ], [ 73.81544, 20.68381 ], [ 73.81568, 20.68338 ], [ 73.81553, 20.6828 ], [ 73.81553, 20.68279 ], [ 73.81546, 20.6826 ], [ 73.81528, 20.68207 ], [ 73.81528, 20.68177 ], [ 73.8154, 20.68158 ], [ 73.81551, 20.6814 ], [ 73.81631, 20.68041 ], [ 73.81667, 20.67997 ], [ 73.81689, 20.67927 ], [ 73.81692, 20.67915 ], [ 73.81715, 20.67811 ], [ 73.81724, 20.67706 ], [ 73.81727, 20.67611 ], [ 73.81724, 20.67559 ], [ 73.81722, 20.67528 ], [ 73.81721, 20.6751 ], [ 73.81715, 20.67444 ], [ 73.81707, 20.67346 ], [ 73.81711, 20.67298 ], [ 73.81721, 20.67204 ], [ 73.8179, 20.67232 ], [ 73.81802, 20.67236 ], [ 73.8189, 20.67285 ], [ 73.81911, 20.67297 ], [ 73.82039, 20.67355 ], [ 73.82109, 20.67372 ], [ 73.82126, 20.67376 ], [ 73.82164, 20.67381 ], [ 73.82214, 20.67388 ], [ 73.8226, 20.67384 ], [ 73.82289, 20.67382 ], [ 73.82354, 20.67376 ], [ 73.82369, 20.67376 ], [ 73.82489, 20.67377 ], [ 73.825, 20.67377 ], [ 73.82509, 20.67378 ], [ 73.82573, 20.6739 ], [ 73.82702, 20.67419 ], [ 73.82884, 20.67462 ], [ 73.83028, 20.67497 ], [ 73.83042, 20.67503 ], [ 73.83062, 20.6751 ], [ 73.83063, 20.6751 ], [ 73.83073, 20.67502 ], [ 73.83111, 20.67473 ], [ 73.83156, 20.67439 ], [ 73.83129, 20.6736 ], [ 73.83118, 20.67327 ], [ 73.83107, 20.67273 ], [ 73.83081, 20.67206 ], [ 73.83077, 20.67181 ], [ 73.8307, 20.67141 ], [ 73.83034, 20.67149 ], [ 73.82682, 20.67105 ], [ 73.82616, 20.67042 ], [ 73.82599, 20.67015 ], [ 73.82581, 20.66986 ], [ 73.82566, 20.66958 ], [ 73.8255, 20.6694 ], [ 73.82522, 20.66929 ], [ 73.82491, 20.66924 ], [ 73.82463, 20.66923 ], [ 73.82437, 20.66914 ], [ 73.82408, 20.66868 ], [ 73.82391, 20.66849 ], [ 73.8235, 20.66822 ], [ 73.82327, 20.66802 ], [ 73.82301, 20.66779 ], [ 73.82249, 20.66745 ], [ 73.82222, 20.6673 ], [ 73.82177, 20.66706 ], [ 73.8215, 20.66688 ], [ 73.82121, 20.66669 ], [ 73.82097, 20.66639 ], [ 73.8208, 20.66615 ], [ 73.82054, 20.66584 ], [ 73.82033, 20.66557 ], [ 73.82014, 20.66527 ], [ 73.81992, 20.66503 ], [ 73.81977, 20.66479 ], [ 73.81937, 20.66482 ], [ 73.81911, 20.66485 ], [ 73.81877, 20.6649 ], [ 73.81844, 20.66492 ], [ 73.81807, 20.66489 ], [ 73.81759, 20.66475 ], [ 73.81733, 20.66462 ], [ 73.81697, 20.66449 ], [ 73.81663, 20.66436 ], [ 73.81641, 20.66427 ], [ 73.81611, 20.66412 ], [ 73.81606, 20.66387 ], [ 73.81606, 20.66358 ], [ 73.81604, 20.66323 ], [ 73.81606, 20.663 ], [ 73.8161, 20.66268 ], [ 73.81608, 20.66239 ], [ 73.81605, 20.66208 ], [ 73.81599, 20.66174 ], [ 73.81578, 20.66139 ], [ 73.81559, 20.66107 ], [ 73.81547, 20.66084 ], [ 73.8153, 20.66058 ], [ 73.81518, 20.66043 ], [ 73.81492, 20.6601 ], [ 73.81499, 20.65993 ], [ 73.8152, 20.65953 ], [ 73.81529, 20.65908 ], [ 73.8153, 20.6588 ], [ 73.81549, 20.65866 ], [ 73.81567, 20.65855 ], [ 73.81571, 20.65847 ], [ 73.81565, 20.65838 ], [ 73.81554, 20.65824 ], [ 73.81538, 20.65808 ], [ 73.81528, 20.65802 ], [ 73.81516, 20.65785 ], [ 73.81504, 20.65769 ], [ 73.81488, 20.65754 ], [ 73.81471, 20.65741 ], [ 73.81452, 20.65718 ], [ 73.81429, 20.65693 ], [ 73.81413, 20.65669 ], [ 73.81397, 20.65652 ], [ 73.81375, 20.65632 ], [ 73.81347, 20.65617 ], [ 73.81326, 20.656 ], [ 73.81294, 20.65599 ], [ 73.81305, 20.65547 ], [ 73.81268, 20.65532 ], [ 73.81242, 20.65534 ], [ 73.81215, 20.65549 ], [ 73.81185, 20.65578 ], [ 73.81172, 20.65576 ], [ 73.81173, 20.65638 ], [ 73.81203, 20.65681 ], [ 73.81222, 20.65724 ], [ 73.81221, 20.65769 ], [ 73.81211, 20.65848 ], [ 73.81161, 20.65823 ], [ 73.81152, 20.65844 ], [ 73.81164, 20.65909 ], [ 73.81121, 20.65939 ], [ 73.81125, 20.65961 ], [ 73.81083, 20.65991 ], [ 73.81002, 20.65998 ], [ 73.81001, 20.66011 ], [ 73.80907, 20.66001 ], [ 73.80819, 20.65981 ], [ 73.80651, 20.66044 ], [ 73.80612, 20.66046 ], [ 73.80492, 20.66072 ], [ 73.80416, 20.65994 ], [ 73.80323, 20.65949 ], [ 73.80244, 20.65915 ], [ 73.80301, 20.66087 ], [ 73.80251, 20.66144 ], [ 73.80224, 20.66169 ], [ 73.80181, 20.66243 ], [ 73.79979, 20.66361 ], [ 73.7982, 20.66444 ], [ 73.79806, 20.66472 ], [ 73.79807, 20.66482 ], [ 73.79865, 20.66687 ], [ 73.79923, 20.66929 ], [ 73.79798, 20.66989 ], [ 73.79767, 20.67011 ], [ 73.79697, 20.67072 ], [ 73.79641, 20.6712 ], [ 73.79579, 20.67232 ], [ 73.79559, 20.67336 ], [ 73.79549, 20.67485 ], [ 73.79505, 20.67563 ], [ 73.79517, 20.67647 ], [ 73.7962, 20.67777 ], [ 73.79669, 20.67848 ], [ 73.79579, 20.67983 ], [ 73.79533, 20.6803 ], [ 73.7947, 20.68089 ], [ 73.79436, 20.68115 ], [ 73.79338, 20.68201 ], [ 73.7924, 20.68349 ], [ 73.79115, 20.68313 ], [ 73.79039, 20.68282 ], [ 73.7902, 20.68295 ], [ 73.78975, 20.68295 ], [ 73.78932, 20.68292 ], [ 73.78908, 20.68285 ], [ 73.78852, 20.68269 ], [ 73.78791, 20.68251 ], [ 73.78754, 20.68213 ], [ 73.78735, 20.68178 ], [ 73.78705, 20.6815 ], [ 73.787, 20.68134 ], [ 73.78709, 20.68118 ], [ 73.78701, 20.68096 ], [ 73.78666, 20.68051 ], [ 73.78647, 20.6804 ], [ 73.78634, 20.6804 ], [ 73.78628, 20.68057 ], [ 73.78613, 20.68096 ], [ 73.78609, 20.68122 ], [ 73.78589, 20.68132 ], [ 73.78575, 20.68115 ], [ 73.7855, 20.68071 ], [ 73.78529, 20.68061 ], [ 73.78529, 20.68075 ], [ 73.78512, 20.68162 ], [ 73.78491, 20.68182 ], [ 73.78469, 20.68183 ], [ 73.78437, 20.68225 ], [ 73.78397, 20.68275 ], [ 73.78368, 20.68302 ], [ 73.7837, 20.68309 ], [ 73.78409, 20.68315 ], [ 73.78434, 20.68332 ], [ 73.78418, 20.68354 ], [ 73.78357, 20.68406 ], [ 73.78315, 20.68433 ], [ 73.7828, 20.68454 ], [ 73.78229, 20.6848 ], [ 73.78196, 20.6849 ], [ 73.7819, 20.6851 ], [ 73.78173, 20.6854 ], [ 73.78157, 20.68546 ], [ 73.78117, 20.68568 ], [ 73.78075, 20.68584 ], [ 73.78017, 20.68584 ], [ 73.77986, 20.68599 ], [ 73.77975, 20.68629 ], [ 73.77934, 20.68677 ], [ 73.77917, 20.68692 ], [ 73.77867, 20.68685 ], [ 73.7784, 20.68701 ], [ 73.7781, 20.68715 ], [ 73.77783, 20.68769 ], [ 73.77675, 20.68858 ], [ 73.77689, 20.68932 ], [ 73.7781, 20.68944 ], [ 73.77909, 20.68947 ], [ 73.78001, 20.68928 ], [ 73.78083, 20.68886 ], [ 73.7814, 20.68849 ], [ 73.78209, 20.68848 ], [ 73.78346, 20.68884 ], [ 73.78505, 20.68906 ], [ 73.78579, 20.68798 ], [ 73.78631, 20.68745 ], [ 73.78746, 20.68704 ], [ 73.7885, 20.68678 ], [ 73.79007, 20.68638 ], [ 73.79115, 20.68823 ], [ 73.79169, 20.68934 ], [ 73.79326, 20.69008 ], [ 73.79387, 20.6904 ], [ 73.79561, 20.69184 ], [ 73.79643, 20.69254 ], [ 73.79671, 20.69223 ], [ 73.79768, 20.6911 ], [ 73.80043, 20.68798 ], [ 73.80222, 20.68746 ], [ 73.80419, 20.68683 ], [ 73.80644, 20.68618 ] ] ] ] } },
{ "type": "Feature", "properties": { "vid": "522786", "gz_state": "GUJARAT", "gz_district": "The Dangs", "gz_taluka": "The Dangs", "gz_village": "Kamad", "gz_village_raw": "Kamad", "gz_sno": 48, "esa_category": "whole_village", "bifurcated": false, "notified_forest": false, "cen_village": "Kamad", "cen_subdistrict": "Ahwa", "cen_district": "Dangs", "censuscode": "522786", "lgd_villagecode": 522786, "score": 100.0, "scope": "dist", "area_km2": 4.961 }, "geometry": { "type": "MultiPolygon", "coordinates": [ [ [ [ 73.79765, 20.66554 ], [ 73.7971, 20.66555 ], [ 73.79691, 20.6651 ], [ 73.79606, 20.66453 ], [ 73.79586, 20.6641 ], [ 73.79518, 20.66404 ], [ 73.7951, 20.66414 ], [ 73.79491, 20.66437 ], [ 73.79478, 20.66427 ], [ 73.79456, 20.66431 ], [ 73.79445, 20.66424 ], [ 73.79444, 20.66398 ], [ 73.79373, 20.66418 ], [ 73.79353, 20.66448 ], [ 73.79364, 20.66458 ], [ 73.79353, 20.66467 ], [ 73.7932, 20.66464 ], [ 73.7928, 20.66487 ], [ 73.79242, 20.66511 ], [ 73.79229, 20.66477 ], [ 73.79179, 20.66474 ], [ 73.79184, 20.66403 ], [ 73.7916, 20.66397 ], [ 73.79184, 20.66321 ], [ 73.79156, 20.66273 ], [ 73.79037, 20.66278 ], [ 73.7891, 20.66242 ], [ 73.78841, 20.66148 ], [ 73.78827, 20.66117 ], [ 73.78828, 20.66113 ], [ 73.7882, 20.6612 ], [ 73.78806, 20.66087 ], [ 73.7859, 20.66125 ], [ 73.78453, 20.66168 ], [ 73.78332, 20.66223 ], [ 73.78131, 20.66232 ], [ 73.7807, 20.66252 ], [ 73.77969, 20.66235 ], [ 73.77756, 20.66141 ], [ 73.77708, 20.66135 ], [ 73.77627, 20.66317 ], [ 73.77545, 20.66245 ], [ 73.77535, 20.66123 ], [ 73.77336, 20.66139 ], [ 73.77292, 20.66141 ], [ 73.77302, 20.66171 ], [ 73.77225, 20.66177 ], [ 73.77195, 20.66165 ], [ 73.7709, 20.66119 ], [ 73.77055, 20.66247 ], [ 73.76943, 20.66287 ], [ 73.76944, 20.66258 ], [ 73.76822, 20.66355 ], [ 73.76757, 20.66454 ], [ 73.76711, 20.66476 ], [ 73.76633, 20.66527 ], [ 73.76551, 20.66503 ], [ 73.76505, 20.66537 ], [ 73.76488, 20.66639 ], [ 73.7639, 20.66623 ], [ 73.76287, 20.66642 ], [ 73.76127, 20.66654 ], [ 73.76083, 20.66691 ], [ 73.76, 20.66688 ], [ 73.75834, 20.66646 ], [ 73.75783, 20.66519 ], [ 73.75668, 20.66535 ], [ 73.75613, 20.66547 ], [ 73.75565, 20.6682 ], [ 73.75345, 20.66819 ], [ 73.75367, 20.66653 ], [ 73.75375, 20.66527 ], [ 73.75303, 20.66419 ], [ 73.7528, 20.66431 ], [ 73.7524, 20.66455 ], [ 73.75146, 20.66508 ], [ 73.75126, 20.66546 ], [ 73.75102, 20.66672 ], [ 73.75096, 20.66741 ], [ 73.75041, 20.66875 ], [ 73.74997, 20.66888 ], [ 73.74977, 20.66942 ], [ 73.74922, 20.66971 ], [ 73.74874, 20.67011 ], [ 73.74811, 20.67014 ], [ 73.74789, 20.66989 ], [ 73.74761, 20.66975 ], [ 73.74802, 20.67078 ], [ 73.7483, 20.67118 ], [ 73.74886, 20.67161 ], [ 73.74871, 20.67159 ], [ 73.74879, 20.67164 ], [ 73.75, 20.67204 ], [ 73.75189, 20.6727 ], [ 73.75262, 20.67293 ], [ 73.75366, 20.67302 ], [ 73.75389, 20.6731 ], [ 73.75448, 20.67258 ], [ 73.75505, 20.67226 ], [ 73.75583, 20.67187 ], [ 73.7562, 20.67197 ], [ 73.7567, 20.67253 ], [ 73.75722, 20.6731 ], [ 73.7578, 20.67343 ], [ 73.75829, 20.67343 ], [ 73.75923, 20.67361 ], [ 73.7594, 20.67341 ], [ 73.76006, 20.67105 ], [ 73.7604, 20.66985 ], [ 73.7611, 20.66974 ], [ 73.76231, 20.66955 ], [ 73.76296, 20.66946 ], [ 73.76313, 20.66971 ], [ 73.76358, 20.6695 ], [ 73.76371, 20.67045 ], [ 73.76314, 20.6712 ], [ 73.7632, 20.67194 ], [ 73.76366, 20.6717 ], [ 73.76352, 20.67138 ], [ 73.76387, 20.67081 ], [ 73.76422, 20.67037 ], [ 73.76514, 20.66979 ], [ 73.76558, 20.66943 ], [ 73.76744, 20.66899 ], [ 73.76829, 20.66882 ], [ 73.76853, 20.6685 ], [ 73.76948, 20.6676 ], [ 73.77096, 20.66609 ], [ 73.77136, 20.66604 ], [ 73.77241, 20.66588 ], [ 73.77377, 20.66597 ], [ 73.77546, 20.66612 ], [ 73.77649, 20.66598 ], [ 73.77815, 20.66573 ], [ 73.77859, 20.6662 ], [ 73.77958, 20.66729 ], [ 73.77975, 20.66718 ], [ 73.7809, 20.66649 ], [ 73.78164, 20.6674 ], [ 73.78126, 20.66806 ], [ 73.78048, 20.66944 ], [ 73.78029, 20.66985 ], [ 73.77949, 20.67072 ], [ 73.78006, 20.67195 ], [ 73.78084, 20.67314 ], [ 73.78063, 20.67359 ], [ 73.78005, 20.67513 ], [ 73.78004, 20.67532 ], [ 73.78001, 20.67664 ], [ 73.78086, 20.67703 ], [ 73.78176, 20.67735 ], [ 73.783, 20.67786 ], [ 73.78364, 20.67832 ], [ 73.78444, 20.67868 ], [ 73.78493, 20.67895 ], [ 73.78561, 20.67999 ], [ 73.78585, 20.67984 ], [ 73.78603, 20.67991 ], [ 73.78634, 20.6804 ], [ 73.78647, 20.6804 ], [ 73.78666, 20.68051 ], [ 73.78701, 20.68096 ], [ 73.78709, 20.68118 ], [ 73.787, 20.68134 ], [ 73.78705, 20.6815 ], [ 73.78735, 20.68178 ], [ 73.78754, 20.68213 ], [ 73.78791, 20.68251 ], [ 73.78852, 20.68269 ], [ 73.78908, 20.68285 ], [ 73.78932, 20.68292 ], [ 73.78975, 20.68295 ], [ 73.7902, 20.68295 ], [ 73.79039, 20.68282 ], [ 73.79115, 20.68313 ], [ 73.7924, 20.68349 ], [ 73.79338, 20.68201 ], [ 73.79436, 20.68115 ], [ 73.7947, 20.68089 ], [ 73.79533, 20.6803 ], [ 73.79579, 20.67983 ], [ 73.79669, 20.67848 ], [ 73.7962, 20.67777 ], [ 73.79517, 20.67647 ], [ 73.79505, 20.67563 ], [ 73.79549, 20.67485 ], [ 73.79559, 20.67336 ], [ 73.79579, 20.67232 ], [ 73.79641, 20.6712 ], [ 73.79697, 20.67072 ], [ 73.79767, 20.67011 ], [ 73.79798, 20.66989 ], [ 73.79923, 20.66929 ], [ 73.79865, 20.66687 ], [ 73.79807, 20.66482 ], [ 73.79806, 20.66472 ], [ 73.79765, 20.66554 ] ] ] ] } },
{ "type": "Feature", "properties": { "vid": "522801", "gz_state": "GUJARAT", "gz_district": "The Dangs", "gz_taluka": "The Dangs", "gz_village": "Chinchod", "gz_village_raw": "Chinchod", "gz_sno": 49, "esa_category": "whole_village", "bifurcated": false, "notified_forest": false, "cen_village": "Chinchod", "cen_subdistrict": "Waghai", "cen_district": "Dangs", "censuscode": "522801", "lgd_villagecode": 522801, "score": 100.0, "scope": "dist", "area_km2": 1.894 }, "geometry": { "type": "MultiPolygon", "coordinates": [ [ [ [ 73.56453, 20.6636 ], [ 73.56454, 20.66348 ], [ 73.56438, 20.66333 ], [ 73.56425, 20.66259 ], [ 73.56544, 20.66265 ], [ 73.56609, 20.66204 ], [ 73.56625, 20.66158 ], [ 73.56701, 20.66135 ], [ 73.56746, 20.66065 ], [ 73.56811, 20.66097 ], [ 73.56912, 20.66068 ], [ 73.56929, 20.66063 ], [ 73.56966, 20.66029 ], [ 73.56979, 20.65995 ], [ 73.5698, 20.6599 ], [ 73.56911, 20.65923 ], [ 73.56897, 20.65864 ], [ 73.56894, 20.65734 ], [ 73.56871, 20.65642 ], [ 73.56921, 20.65542 ], [ 73.57025, 20.65367 ], [ 73.57104, 20.65202 ], [ 73.57082, 20.65124 ], [ 73.57072, 20.65087 ], [ 73.57104, 20.65049 ], [ 73.57106, 20.65047 ], [ 73.57015, 20.65095 ], [ 73.5693, 20.65118 ], [ 73.56836, 20.65141 ], [ 73.56833, 20.65139 ], [ 73.56818, 20.65131 ], [ 73.56767, 20.65018 ], [ 73.56738, 20.64955 ], [ 73.56698, 20.64865 ], [ 73.56681, 20.64847 ], [ 73.56678, 20.64846 ], [ 73.56664, 20.64842 ], [ 73.56627, 20.64862 ], [ 73.56615, 20.64868 ], [ 73.56604, 20.64875 ], [ 73.56564, 20.64896 ], [ 73.5644, 20.64964 ], [ 73.56425, 20.64972 ], [ 73.56412, 20.64978 ], [ 73.56403, 20.64981 ], [ 73.56383, 20.64986 ], [ 73.56187, 20.65039 ], [ 73.56185, 20.6504 ], [ 73.56172, 20.65029 ], [ 73.56026, 20.64915 ], [ 73.5602, 20.64908 ], [ 73.55961, 20.64843 ], [ 73.55905, 20.6476 ], [ 73.55888, 20.64736 ], [ 73.55857, 20.64691 ], [ 73.55785, 20.64587 ], [ 73.55772, 20.64594 ], [ 73.55594, 20.64691 ], [ 73.55574, 20.64699 ], [ 73.55567, 20.64702 ], [ 73.55449, 20.64748 ], [ 73.55439, 20.64751 ], [ 73.55408, 20.64763 ], [ 73.55234, 20.64813 ], [ 73.55095, 20.64852 ], [ 73.55087, 20.64854 ], [ 73.5508, 20.64856 ], [ 73.5509, 20.649 ], [ 73.55155, 20.64927 ], [ 73.55177, 20.65016 ], [ 73.5519, 20.65065 ], [ 73.55187, 20.65095 ], [ 73.552, 20.65174 ], [ 73.55202, 20.65223 ], [ 73.55249, 20.6528 ], [ 73.55292, 20.65279 ], [ 73.55352, 20.65281 ], [ 73.5539, 20.65278 ], [ 73.55389, 20.65291 ], [ 73.55428, 20.65312 ], [ 73.55446, 20.65303 ], [ 73.55436, 20.65385 ], [ 73.55467, 20.65374 ], [ 73.55508, 20.65385 ], [ 73.55501, 20.65374 ], [ 73.55515, 20.6535 ], [ 73.55523, 20.6534 ], [ 73.55555, 20.65341 ], [ 73.5557, 20.65352 ], [ 73.55572, 20.65325 ], [ 73.5555, 20.65321 ], [ 73.55546, 20.65309 ], [ 73.5556, 20.65296 ], [ 73.55585, 20.6532 ], [ 73.55588, 20.65304 ], [ 73.55642, 20.65305 ], [ 73.55651, 20.65348 ], [ 73.55641, 20.65373 ], [ 73.55688, 20.65394 ], [ 73.557, 20.65383 ], [ 73.55701, 20.65371 ], [ 73.55726, 20.65367 ], [ 73.55723, 20.65398 ], [ 73.55744, 20.65465 ], [ 73.55768, 20.65533 ], [ 73.55775, 20.65572 ], [ 73.55782, 20.65581 ], [ 73.55805, 20.65579 ], [ 73.55816, 20.65605 ], [ 73.55811, 20.65634 ], [ 73.55808, 20.65655 ], [ 73.5583, 20.65677 ], [ 73.55855, 20.65667 ], [ 73.55889, 20.65667 ], [ 73.55884, 20.65682 ], [ 73.55892, 20.65711 ], [ 73.55925, 20.65735 ], [ 73.55958, 20.65766 ], [ 73.55993, 20.65777 ], [ 73.56056, 20.6576 ], [ 73.56101, 20.6576 ], [ 73.56119, 20.65767 ], [ 73.56148, 20.65786 ], [ 73.56119, 20.65805 ], [ 73.56107, 20.65847 ], [ 73.56078, 20.65889 ], [ 73.56106, 20.65912 ], [ 73.56144, 20.65891 ], [ 73.56149, 20.65929 ], [ 73.56099, 20.65941 ], [ 73.56105, 20.6598 ], [ 73.56156, 20.65999 ], [ 73.56131, 20.66085 ], [ 73.56154, 20.66128 ], [ 73.56094, 20.66154 ], [ 73.5612, 20.66198 ], [ 73.56166, 20.66195 ], [ 73.56202, 20.6621 ], [ 73.56252, 20.66253 ], [ 73.56308, 20.6631 ], [ 73.56324, 20.6634 ], [ 73.56358, 20.66348 ], [ 73.56361, 20.66349 ], [ 73.56358, 20.66374 ], [ 73.56378, 20.66398 ], [ 73.56421, 20.66386 ], [ 73.56436, 20.66381 ], [ 73.5644, 20.66376 ], [ 73.56453, 20.6636 ] ] ] ] } },
{ "type": "Feature", "properties": { "vid": "522788", "gz_state": "GUJARAT", "gz_district": "The Dangs", "gz_taluka": "The Dangs", "gz_village": "Sinbandh", "gz_village_raw": "Sinbandh", "gz_sno": 50, "esa_category": "whole_village", "bifurcated": false, "notified_forest": false, "cen_village": "Sinbandh", "cen_subdistrict": "Ahwa", "cen_district": "Dangs", "censuscode": "522788", "lgd_villagecode": 522788, "score": 100.0, "scope": "dist", "area_km2": 3.977 }, "geometry": { "type": "MultiPolygon", "coordinates": [ [ [ [ 73.83587, 20.66464 ], [ 73.8361, 20.66452 ], [ 73.83611, 20.66451 ], [ 73.83613, 20.6645 ], [ 73.8362, 20.66447 ], [ 73.83658, 20.66427 ], [ 73.83682, 20.66365 ], [ 73.83692, 20.66339 ], [ 73.83744, 20.66205 ], [ 73.83749, 20.6619 ], [ 73.83756, 20.66167 ], [ 73.83778, 20.66096 ], [ 73.83792, 20.6607 ], [ 73.83821, 20.66018 ], [ 73.83826, 20.66009 ], [ 73.83849, 20.65969 ], [ 73.83885, 20.65909 ], [ 73.83903, 20.65885 ], [ 73.83909, 20.65877 ], [ 73.83906, 20.65762 ], [ 73.83904, 20.65687 ], [ 73.83904, 20.65686 ], [ 73.83871, 20.65592 ], [ 73.83839, 20.65516 ], [ 73.83831, 20.65495 ], [ 73.8376, 20.65403 ], [ 73.83729, 20.65363 ], [ 73.83654, 20.65273 ], [ 73.83646, 20.65264 ], [ 73.8362, 20.65233 ], [ 73.83575, 20.65185 ], [ 73.83533, 20.6514 ], [ 73.83426, 20.65021 ], [ 73.83362, 20.65053 ], [ 73.83121, 20.65112 ], [ 73.82615, 20.65246 ], [ 73.82194, 20.65351 ], [ 73.82112, 20.65365 ], [ 73.82108, 20.65387 ], [ 73.81993, 20.65367 ], [ 73.81832, 20.65332 ], [ 73.818, 20.65311 ], [ 73.81701, 20.65285 ], [ 73.81671, 20.65227 ], [ 73.8159, 20.65203 ], [ 73.81469, 20.65178 ], [ 73.81409, 20.65171 ], [ 73.81343, 20.65185 ], [ 73.81164, 20.6534 ], [ 73.81116, 20.65368 ], [ 73.81081, 20.65369 ], [ 73.81075, 20.65368 ], [ 73.81108, 20.65444 ], [ 73.81085, 20.65491 ], [ 73.81172, 20.65576 ], [ 73.81185, 20.65578 ], [ 73.81215, 20.65549 ], [ 73.81242, 20.65534 ], [ 73.81268, 20.65532 ], [ 73.81305, 20.65547 ], [ 73.81294, 20.65599 ], [ 73.81326, 20.656 ], [ 73.81347, 20.65617 ], [ 73.81375, 20.65632 ], [ 73.81397, 20.65652 ], [ 73.81413, 20.65669 ], [ 73.81429, 20.65693 ], [ 73.81452, 20.65718 ], [ 73.81471, 20.65741 ], [ 73.81488, 20.65754 ], [ 73.81504, 20.65769 ], [ 73.81516, 20.65785 ], [ 73.81528, 20.65802 ], [ 73.81538, 20.65808 ], [ 73.81554, 20.65824 ], [ 73.81565, 20.65838 ], [ 73.81571, 20.65847 ], [ 73.81567, 20.65855 ], [ 73.81549, 20.65866 ], [ 73.8153, 20.6588 ], [ 73.81529, 20.65908 ], [ 73.8152, 20.65953 ], [ 73.81499, 20.65993 ], [ 73.81492, 20.6601 ], [ 73.81518, 20.66043 ], [ 73.8153, 20.66058 ], [ 73.81547, 20.66084 ], [ 73.81559, 20.66107 ], [ 73.81578, 20.66139 ], [ 73.81599, 20.66174 ], [ 73.81605, 20.66208 ], [ 73.81608, 20.66239 ], [ 73.8161, 20.66268 ], [ 73.81606, 20.663 ], [ 73.81604, 20.66323 ], [ 73.81606, 20.66358 ], [ 73.81606, 20.66387 ], [ 73.81611, 20.66412 ], [ 73.81641, 20.66427 ], [ 73.81663, 20.66436 ], [ 73.81697, 20.66449 ], [ 73.81733, 20.66462 ], [ 73.81759, 20.66475 ], [ 73.81807, 20.66489 ], [ 73.81844, 20.66492 ], [ 73.81877, 20.6649 ], [ 73.81911, 20.66485 ], [ 73.81937, 20.66482 ], [ 73.81977, 20.66479 ], [ 73.81992, 20.66503 ], [ 73.82014, 20.66527 ], [ 73.82033, 20.66557 ], [ 73.82054, 20.66584 ], [ 73.8208, 20.66615 ], [ 73.82097, 20.66639 ], [ 73.82121, 20.66669 ], [ 73.8215, 20.66688 ], [ 73.82177, 20.66706 ], [ 73.82222, 20.6673 ], [ 73.82249, 20.66745 ], [ 73.82301, 20.66779 ], [ 73.82327, 20.66802 ], [ 73.8235, 20.66822 ], [ 73.82391, 20.66849 ], [ 73.82408, 20.66868 ], [ 73.82437, 20.66914 ], [ 73.82463, 20.66923 ], [ 73.82491, 20.66924 ], [ 73.82522, 20.66929 ], [ 73.8255, 20.6694 ], [ 73.82566, 20.66958 ], [ 73.82581, 20.66986 ], [ 73.82599, 20.67015 ], [ 73.82616, 20.67042 ], [ 73.82682, 20.67105 ], [ 73.83034, 20.67149 ], [ 73.8307, 20.67141 ], [ 73.83082, 20.67093 ], [ 73.83084, 20.67087 ], [ 73.83097, 20.67039 ], [ 73.83099, 20.67032 ], [ 73.83149, 20.66947 ], [ 73.83168, 20.66919 ], [ 73.83176, 20.66908 ], [ 73.83178, 20.66904 ], [ 73.83201, 20.6687 ], [ 73.83286, 20.66748 ], [ 73.83295, 20.66735 ], [ 73.83314, 20.66707 ], [ 73.83317, 20.66703 ], [ 73.83333, 20.66683 ], [ 73.83352, 20.66659 ], [ 73.83354, 20.66656 ], [ 73.83368, 20.66639 ], [ 73.83443, 20.66571 ], [ 73.83446, 20.6657 ], [ 73.83463, 20.66567 ], [ 73.83469, 20.66566 ], [ 73.8347, 20.66565 ], [ 73.83488, 20.66545 ], [ 73.8354, 20.66488 ], [ 73.83587, 20.66464 ] ] ] ] } },
{ "type": "Feature", "properties": { "vid": "522702", "gz_state": "GUJARAT", "gz_district": "The Dangs", "gz_taluka": "The Dangs", "gz_village": "Pipalpada (Galkundsaja)", "gz_village_raw": "Pipalpada (Galkundsaja)", "gz_sno": 51, "esa_category": "whole_village", "bifurcated": false, "notified_forest": false, "cen_village": "Pipalpada", "cen_subdistrict": "Ahwa", "cen_district": "Dangs", "censuscode": "522702", "lgd_villagecode": 522702, "score": 100.0, "scope": "dist", "area_km2": 4.114 }, "geometry": { "type": "MultiPolygon", "coordinates": [ [ [ [ 73.80519, 20.80568 ], [ 73.8055, 20.80578 ], [ 73.80546, 20.8055 ], [ 73.80579, 20.80525 ], [ 73.80598, 20.8049 ], [ 73.80621, 20.80459 ], [ 73.80692, 20.80412 ], [ 73.80745, 20.80386 ], [ 73.80843, 20.8036 ], [ 73.80905, 20.80335 ], [ 73.81, 20.80296 ], [ 73.81105, 20.8027 ], [ 73.8118, 20.80241 ], [ 73.81271, 20.80209 ], [ 73.81383, 20.80183 ], [ 73.81527, 20.80144 ], [ 73.81635, 20.80111 ], [ 73.8174, 20.80094 ], [ 73.8184, 20.80084 ], [ 73.81831, 20.80064 ], [ 73.81756, 20.79996 ], [ 73.81606, 20.7983 ], [ 73.81731, 20.7949 ], [ 73.81661, 20.79421 ], [ 73.81537, 20.79264 ], [ 73.8147, 20.79145 ], [ 73.8146, 20.79079 ], [ 73.81458, 20.78953 ], [ 73.81449, 20.78916 ], [ 73.81578, 20.78828 ], [ 73.81595, 20.78816 ], [ 73.81625, 20.78771 ], [ 73.81624, 20.78714 ], [ 73.81632, 20.78657 ], [ 73.81697, 20.78615 ], [ 73.81748, 20.78586 ], [ 73.81857, 20.7856 ], [ 73.81878, 20.78496 ], [ 73.81907, 20.7841 ], [ 73.81958, 20.7834 ], [ 73.82057, 20.78273 ], [ 73.82164, 20.78206 ], [ 73.82237, 20.7814 ], [ 73.82227, 20.7805 ], [ 73.82226, 20.77989 ], [ 73.82225, 20.77907 ], [ 73.82198, 20.77855 ], [ 73.82159, 20.77823 ], [ 73.81984, 20.77737 ], [ 73.81722, 20.77394 ], [ 73.81678, 20.77362 ], [ 73.81544, 20.77366 ], [ 73.81436, 20.77498 ], [ 73.81092, 20.77512 ], [ 73.81069, 20.77619 ], [ 73.81023, 20.77679 ], [ 73.81019, 20.77793 ], [ 73.8102, 20.77815 ], [ 73.81013, 20.77819 ], [ 73.8086, 20.77814 ], [ 73.80763, 20.77897 ], [ 73.80775, 20.78044 ], [ 73.80752, 20.78178 ], [ 73.80689, 20.7822 ], [ 73.80574, 20.78305 ], [ 73.80496, 20.78373 ], [ 73.80566, 20.78667 ], [ 73.80568, 20.78672 ], [ 73.80517, 20.78687 ], [ 73.80409, 20.78735 ], [ 73.80303, 20.78847 ], [ 73.80316, 20.78896 ], [ 73.80332, 20.7896 ], [ 73.80278, 20.79058 ], [ 73.80244, 20.79142 ], [ 73.80212, 20.79192 ], [ 73.80211, 20.79198 ], [ 73.80216, 20.79194 ], [ 73.80238, 20.7923 ], [ 73.80262, 20.79361 ], [ 73.80275, 20.79416 ], [ 73.8033, 20.79504 ], [ 73.80418, 20.79635 ], [ 73.80299, 20.79666 ], [ 73.80204, 20.79694 ], [ 73.80175, 20.79717 ], [ 73.80291, 20.79802 ], [ 73.80409, 20.79867 ], [ 73.80365, 20.80032 ], [ 73.80341, 20.80127 ], [ 73.80307, 20.80187 ], [ 73.80255, 20.80283 ], [ 73.80203, 20.80361 ], [ 73.80162, 20.80451 ], [ 73.80129, 20.80587 ], [ 73.80243, 20.80589 ], [ 73.80337, 20.8058 ], [ 73.80387, 20.80577 ], [ 73.80519, 20.80568 ] ] ] ] } },
{ "type": "Feature", "properties": { "vid": "522824", "gz_state": "GUJARAT", "gz_district": "The Dangs", "gz_taluka": "The Dangs", "gz_village": "Murambi", "gz_village_raw": "Murambi", "gz_sno": 52, "esa_category": "whole_village", "bifurcated": false, "notified_forest": false, "cen_village": "Murambi", "cen_subdistrict": "Waghai", "cen_district": "Dangs", "censuscode": "522824", "lgd_villagecode": 522824, "score": 100.0, "scope": "dist", "area_km2": 7.116 }, "geometry": { "type": "MultiPolygon", "coordinates": [ [ [ [ 73.68308, 20.62856 ], [ 73.68286, 20.62862 ], [ 73.68347, 20.6273 ], [ 73.68388, 20.62668 ], [ 73.68424, 20.62609 ], [ 73.68424, 20.62563 ], [ 73.68425, 20.6243 ], [ 73.68346, 20.62278 ], [ 73.68328, 20.62248 ], [ 73.68349, 20.62222 ], [ 73.68334, 20.62139 ], [ 73.68349, 20.62118 ], [ 73.68408, 20.62044 ], [ 73.68382, 20.61986 ], [ 73.68373, 20.61957 ], [ 73.6835, 20.61922 ], [ 73.68327, 20.61902 ], [ 73.68248, 20.61857 ], [ 73.68175, 20.61827 ], [ 73.68171, 20.61811 ], [ 73.68184, 20.61773 ], [ 73.68189, 20.61739 ], [ 73.68209, 20.61688 ], [ 73.68324, 20.61668 ], [ 73.6837, 20.61632 ], [ 73.68378, 20.61631 ], [ 73.68368, 20.61533 ], [ 73.68377, 20.61503 ], [ 73.68343, 20.61283 ], [ 73.68288, 20.61121 ], [ 73.68176, 20.61094 ], [ 73.6818, 20.60937 ], [ 73.68258, 20.60736 ], [ 73.68273, 20.60672 ], [ 73.68376, 20.60578 ], [ 73.68415, 20.60464 ], [ 73.68452, 20.60435 ], [ 73.68366, 20.6027 ], [ 73.68482, 20.60196 ], [ 73.68695, 20.60126 ], [ 73.68932, 20.60056 ], [ 73.68923, 20.5987 ], [ 73.68952, 20.59765 ], [ 73.68947, 20.59767 ], [ 73.68943, 20.59727 ], [ 73.68884, 20.59658 ], [ 73.68781, 20.59526 ], [ 73.68759, 20.59518 ], [ 73.68701, 20.59484 ], [ 73.68651, 20.59466 ], [ 73.68607, 20.59445 ], [ 73.68575, 20.59424 ], [ 73.68509, 20.59406 ], [ 73.68472, 20.59393 ], [ 73.68347, 20.59423 ], [ 73.68343, 20.59442 ], [ 73.68328, 20.59481 ], [ 73.68324, 20.59519 ], [ 73.68293, 20.59578 ], [ 73.68291, 20.59621 ], [ 73.68298, 20.59663 ], [ 73.68292, 20.59708 ], [ 73.68277, 20.59756 ], [ 73.68239, 20.59795 ], [ 73.68209, 20.59834 ], [ 73.67956, 20.59869 ], [ 73.6786, 20.59864 ], [ 73.67771, 20.59842 ], [ 73.67661, 20.59813 ], [ 73.67597, 20.5978 ], [ 73.67537, 20.59753 ], [ 73.67475, 20.59717 ], [ 73.67438, 20.59694 ], [ 73.67395, 20.59658 ], [ 73.67353, 20.59629 ], [ 73.67312, 20.59589 ], [ 73.67258, 20.59523 ], [ 73.67208, 20.59536 ], [ 73.67145, 20.59546 ], [ 73.67101, 20.59561 ], [ 73.67049, 20.59562 ], [ 73.66961, 20.59558 ], [ 73.66936, 20.59674 ], [ 73.66909, 20.59771 ], [ 73.66922, 20.59841 ], [ 73.6694, 20.59888 ], [ 73.66892, 20.59958 ], [ 73.66817, 20.59947 ], [ 73.66754, 20.59963 ], [ 73.66674, 20.59985 ], [ 73.66646, 20.59982 ], [ 73.66524, 20.59958 ], [ 73.66489, 20.59976 ], [ 73.6639, 20.60028 ], [ 73.66312, 20.60076 ], [ 73.66238, 20.60132 ], [ 73.66177, 20.60191 ], [ 73.66103, 20.6016 ], [ 73.65981, 20.60137 ], [ 73.65766, 20.60193 ], [ 73.65691, 20.60238 ], [ 73.65616, 20.60211 ], [ 73.655, 20.6017 ], [ 73.65456, 20.60138 ], [ 73.65453, 20.60143 ], [ 73.6545, 20.60174 ], [ 73.65438, 20.60323 ], [ 73.65455, 20.60432 ], [ 73.65476, 20.60442 ], [ 73.65501, 20.60457 ], [ 73.65602, 20.60418 ], [ 73.65677, 20.60411 ], [ 73.65759, 20.60509 ], [ 73.65901, 20.60682 ], [ 73.6602, 20.60777 ], [ 73.66131, 20.60779 ], [ 73.66273, 20.60748 ], [ 73.66348, 20.60736 ], [ 73.66405, 20.60761 ], [ 73.66418, 20.60807 ], [ 73.6645, 20.60875 ], [ 73.66474, 20.6099 ], [ 73.66419, 20.60991 ], [ 73.66339, 20.60992 ], [ 73.66328, 20.60987 ], [ 73.66257, 20.60997 ], [ 73.66215, 20.60971 ], [ 73.66162, 20.61006 ], [ 73.66162, 20.61025 ], [ 73.66189, 20.61105 ], [ 73.66257, 20.61127 ], [ 73.66267, 20.61181 ], [ 73.66272, 20.61205 ], [ 73.66297, 20.61213 ], [ 73.66342, 20.61224 ], [ 73.66368, 20.61254 ], [ 73.66401, 20.61319 ], [ 73.66437, 20.61448 ], [ 73.66406, 20.61428 ], [ 73.66415, 20.61475 ], [ 73.66415, 20.61492 ], [ 73.66409, 20.61548 ], [ 73.66409, 20.61662 ], [ 73.66396, 20.61741 ], [ 73.66366, 20.61773 ], [ 73.66352, 20.61822 ], [ 73.66312, 20.61945 ], [ 73.66343, 20.62025 ], [ 73.66313, 20.62051 ], [ 73.66286, 20.62076 ], [ 73.66242, 20.6207 ], [ 73.6622, 20.62111 ], [ 73.66216, 20.62121 ], [ 73.66313, 20.62144 ], [ 73.66583, 20.62267 ], [ 73.67008, 20.62413 ], [ 73.67326, 20.62495 ], [ 73.67754, 20.62874 ], [ 73.67933, 20.63038 ], [ 73.68084, 20.63254 ], [ 73.68159, 20.63306 ], [ 73.68132, 20.63214 ], [ 73.68152, 20.63172 ], [ 73.68138, 20.6306 ], [ 73.68154, 20.63037 ], [ 73.68292, 20.62869 ], [ 73.68308, 20.62856 ] ] ] ] } },
{ "type": "Feature", "properties": { "vid": "522820", "gz_state": "GUJARAT", "gz_district": "The Dangs", "gz_taluka": "The Dangs", "gz_village": "Payarpada", "gz_village_raw": "Payarpada", "gz_sno": 53, "esa_category": "whole_village", "bifurcated": false, "notified_forest": false, "cen_village": "Payarpada", "cen_subdistrict": "Ahwa", "cen_district": "Dangs", "censuscode": "522820", "lgd_villagecode": 522820, "score": 100.0, "scope": "dist", "area_km2": 3.65 }, "geometry": { "type": "MultiPolygon", "coordinates": [ [ [ [ 73.79377, 20.63811 ], [ 73.7934, 20.63664 ], [ 73.79368, 20.63563 ], [ 73.79408, 20.63543 ], [ 73.79397, 20.6337 ], [ 73.79326, 20.63383 ], [ 73.79288, 20.63369 ], [ 73.79312, 20.63354 ], [ 73.79346, 20.63305 ], [ 73.79379, 20.63237 ], [ 73.79431, 20.63086 ], [ 73.7939, 20.63037 ], [ 73.79413, 20.63006 ], [ 73.79474, 20.62965 ], [ 73.79527, 20.62917 ], [ 73.7955, 20.62839 ], [ 73.79696, 20.62804 ], [ 73.79713, 20.62684 ], [ 73.79673, 20.62689 ], [ 73.79606, 20.62688 ], [ 73.79579, 20.62653 ], [ 73.79514, 20.62616 ], [ 73.79461, 20.62599 ], [ 73.79474, 20.62572 ], [ 73.79488, 20.62474 ], [ 73.79424, 20.62442 ], [ 73.79439, 20.62412 ], [ 73.79456, 20.62285 ], [ 73.79485, 20.62222 ], [ 73.79517, 20.62219 ], [ 73.79569, 20.62133 ], [ 73.79527, 20.6199 ], [ 73.79631, 20.61991 ], [ 73.79673, 20.61942 ], [ 73.79693, 20.61889 ], [ 73.79731, 20.61894 ], [ 73.79751, 20.61851 ], [ 73.79791, 20.6182 ], [ 73.79814, 20.6177 ], [ 73.79517, 20.61681 ], [ 73.79499, 20.61534 ], [ 73.79346, 20.61313 ], [ 73.79337, 20.61193 ], [ 73.79358, 20.61165 ], [ 73.7919, 20.61175 ], [ 73.79152, 20.60515 ], [ 73.79127, 20.60527 ], [ 73.79002, 20.60507 ], [ 73.78973, 20.60503 ], [ 73.78943, 20.60494 ], [ 73.7884, 20.60465 ], [ 73.78816, 20.60454 ], [ 73.78774, 20.60433 ], [ 73.78721, 20.60384 ], [ 73.78713, 20.60377 ], [ 73.78708, 20.60372 ], [ 73.78707, 20.60375 ], [ 73.78702, 20.60397 ], [ 73.78704, 20.60487 ], [ 73.78698, 20.6087 ], [ 73.78687, 20.61435 ], [ 73.78705, 20.61552 ], [ 73.7868, 20.61652 ], [ 73.7868, 20.61725 ], [ 73.78644, 20.61859 ], [ 73.78627, 20.61904 ], [ 73.78573, 20.61961 ], [ 73.78535, 20.62031 ], [ 73.78472, 20.62024 ], [ 73.78434, 20.62036 ], [ 73.78429, 20.62057 ], [ 73.78456, 20.62074 ], [ 73.78471, 20.62104 ], [ 73.78471, 20.6212 ], [ 73.78387, 20.62168 ], [ 73.78358, 20.6215 ], [ 73.78318, 20.6216 ], [ 73.78301, 20.6218 ], [ 73.78283, 20.62224 ], [ 73.78264, 20.62218 ], [ 73.78241, 20.62221 ], [ 73.78244, 20.62253 ], [ 73.78283, 20.6226 ], [ 73.78283, 20.62287 ], [ 73.78324, 20.62287 ], [ 73.7834, 20.62301 ], [ 73.78363, 20.62306 ], [ 73.78352, 20.62312 ], [ 73.7833, 20.62347 ], [ 73.78331, 20.62376 ], [ 73.78285, 20.62412 ], [ 73.78271, 20.62412 ], [ 73.78268, 20.6244 ], [ 73.78246, 20.62472 ], [ 73.78242, 20.6248 ], [ 73.78208, 20.62506 ], [ 73.78173, 20.62509 ], [ 73.78164, 20.62513 ], [ 73.78181, 20.62594 ], [ 73.78189, 20.62698 ], [ 73.78201, 20.62733 ], [ 73.78206, 20.6274 ], [ 73.78205, 20.62753 ], [ 73.78192, 20.62779 ], [ 73.78184, 20.62809 ], [ 73.78163, 20.62794 ], [ 73.7815, 20.62801 ], [ 73.78142, 20.62793 ], [ 73.78141, 20.62778 ], [ 73.78107, 20.62787 ], [ 73.7806, 20.62805 ], [ 73.78065, 20.62916 ], [ 73.78099, 20.62942 ], [ 73.78106, 20.6295 ], [ 73.78107, 20.62968 ], [ 73.78097, 20.63028 ], [ 73.78106, 20.63063 ], [ 73.78133, 20.63132 ], [ 73.78145, 20.63164 ], [ 73.78198, 20.63187 ], [ 73.78218, 20.63196 ], [ 73.78263, 20.63254 ], [ 73.78299, 20.63314 ], [ 73.78291, 20.63391 ], [ 73.78297, 20.63455 ], [ 73.78322, 20.63529 ], [ 73.78326, 20.63579 ], [ 73.78326, 20.6362 ], [ 73.78358, 20.63706 ], [ 73.7838, 20.63776 ], [ 73.78467, 20.63785 ], [ 73.7854, 20.63778 ], [ 73.78545, 20.63776 ], [ 73.78604, 20.63775 ], [ 73.78665, 20.63783 ], [ 73.78837, 20.63863 ], [ 73.78984, 20.63911 ], [ 73.79108, 20.63936 ], [ 73.79201, 20.63973 ], [ 73.79266, 20.63959 ], [ 73.7936, 20.63863 ], [ 73.79388, 20.63832 ], [ 73.79377, 20.63811 ] ] ] ] } },
{ "type": "Feature", "properties": { "vid": "522819", "gz_state": "GUJARAT", "gz_district": "The Dangs", "gz_taluka": "The Dangs", "gz_village": "Wanki", "gz_village_raw": "Wanki", "gz_sno": 54, "esa_category": "whole_village", "bifurcated": false, "notified_forest": false, "cen_village": "Wanki", "cen_subdistrict": "Ahwa", "cen_district": "Dangs", "censuscode": "522819", "lgd_villagecode": 522819, "score": 100.0, "scope": "dist", "area_km2": 5.607 }, "geometry": { "type": "MultiPolygon", "coordinates": [ [ [ [ 73.79563, 20.63757 ], [ 73.79633, 20.63767 ], [ 73.79704, 20.63783 ], [ 73.79797, 20.63807 ], [ 73.79939, 20.63818 ], [ 73.80112, 20.63821 ], [ 73.80181, 20.63831 ], [ 73.80182, 20.63832 ], [ 73.80237, 20.63761 ], [ 73.80311, 20.63689 ], [ 73.8039, 20.63583 ], [ 73.80454, 20.63481 ], [ 73.80484, 20.6345 ], [ 73.80516, 20.63448 ], [ 73.80526, 20.63445 ], [ 73.80528, 20.63424 ], [ 73.80529, 20.63381 ], [ 73.80529, 20.6338 ], [ 73.80482, 20.63377 ], [ 73.80479, 20.63343 ], [ 73.80476, 20.63319 ], [ 73.80471, 20.63226 ], [ 73.80464, 20.63124 ], [ 73.80456, 20.62985 ], [ 73.80445, 20.62874 ], [ 73.80418, 20.62746 ], [ 73.8041, 20.62685 ], [ 73.80452, 20.62547 ], [ 73.80446, 20.62483 ], [ 73.80396, 20.62382 ], [ 73.80368, 20.62261 ], [ 73.80326, 20.62147 ], [ 73.80285, 20.62069 ], [ 73.80289, 20.6199 ], [ 73.80265, 20.6186 ], [ 73.80303, 20.61852 ], [ 73.80426, 20.61909 ], [ 73.80516, 20.61962 ], [ 73.8062, 20.62048 ], [ 73.80717, 20.62105 ], [ 73.80728, 20.62187 ], [ 73.8076, 20.62316 ], [ 73.80742, 20.62425 ], [ 73.80718, 20.62546 ], [ 73.80695, 20.62677 ], [ 73.80686, 20.62715 ], [ 73.80709, 20.62808 ], [ 73.80775, 20.62939 ], [ 73.80794, 20.62944 ], [ 73.80794, 20.62945 ], [ 73.80934, 20.6295 ], [ 73.80929, 20.62916 ], [ 73.80933, 20.62905 ], [ 73.80951, 20.62898 ], [ 73.81012, 20.62896 ], [ 73.81026, 20.62888 ], [ 73.81046, 20.62857 ], [ 73.81063, 20.62845 ], [ 73.81092, 20.62841 ], [ 73.81106, 20.62819 ], [ 73.81127, 20.62801 ], [ 73.81136, 20.62767 ], [ 73.81154, 20.6276 ], [ 73.81175, 20.62739 ], [ 73.81205, 20.62707 ], [ 73.8125, 20.62705 ], [ 73.81274, 20.62689 ], [ 73.8126, 20.62691 ], [ 73.81242, 20.6269 ], [ 73.81204, 20.62648 ], [ 73.81155, 20.62698 ], [ 73.81127, 20.62717 ], [ 73.81102, 20.62706 ], [ 73.8108, 20.62708 ], [ 73.81035, 20.62707 ], [ 73.81035, 20.62696 ], [ 73.81067, 20.6269 ], [ 73.81081, 20.62682 ], [ 73.81111, 20.62664 ], [ 73.8112, 20.62678 ], [ 73.81129, 20.62679 ], [ 73.81153, 20.6265 ], [ 73.81159, 20.62595 ], [ 73.81116, 20.6258 ], [ 73.81099, 20.62551 ], [ 73.81126, 20.62471 ], [ 73.81144, 20.6245 ], [ 73.81185, 20.62424 ], [ 73.81221, 20.62375 ], [ 73.81228, 20.62343 ], [ 73.81228, 20.62305 ], [ 73.81211, 20.62291 ], [ 73.81191, 20.62272 ], [ 73.81183, 20.62247 ], [ 73.81187, 20.6223 ], [ 73.81237, 20.62174 ], [ 73.81287, 20.62146 ], [ 73.8136, 20.62093 ], [ 73.81425, 20.62082 ], [ 73.81456, 20.62066 ], [ 73.81468, 20.62047 ], [ 73.8146, 20.6198 ], [ 73.81518, 20.61876 ], [ 73.81455, 20.61924 ], [ 73.81427, 20.61915 ], [ 73.81415, 20.61893 ], [ 73.81384, 20.61855 ], [ 73.81371, 20.61806 ], [ 73.81377, 20.61782 ], [ 73.81393, 20.61773 ], [ 73.81403, 20.61768 ], [ 73.81421, 20.61788 ], [ 73.81455, 20.61826 ], [ 73.81472, 20.61827 ], [ 73.81507, 20.61792 ], [ 73.81533, 20.61742 ], [ 73.81523, 20.61724 ], [ 73.815, 20.61685 ], [ 73.81492, 20.61639 ], [ 73.81476, 20.6159 ], [ 73.81456, 20.61566 ], [ 73.81462, 20.6153 ], [ 73.81447, 20.61522 ], [ 73.81428, 20.61495 ], [ 73.81397, 20.61476 ], [ 73.81398, 20.61428 ], [ 73.81357, 20.61417 ], [ 73.81352, 20.61371 ], [ 73.81315, 20.61356 ], [ 73.81288, 20.61319 ], [ 73.81251, 20.61296 ], [ 73.81228, 20.61257 ], [ 73.81213, 20.61213 ], [ 73.81162, 20.61209 ], [ 73.81134, 20.61153 ], [ 73.81122, 20.6109 ], [ 73.81087, 20.61069 ], [ 73.8108, 20.61056 ], [ 73.81061, 20.61033 ], [ 73.81043, 20.60984 ], [ 73.8103, 20.60979 ], [ 73.80972, 20.61002 ], [ 73.80963, 20.61003 ], [ 73.80914, 20.60983 ], [ 73.80874, 20.60957 ], [ 73.80819, 20.609 ], [ 73.8077, 20.6079 ], [ 73.80762, 20.60784 ], [ 73.80732, 20.60762 ], [ 73.80727, 20.60755 ], [ 73.80713, 20.60801 ], [ 73.80709, 20.60825 ], [ 73.80708, 20.60827 ], [ 73.80706, 20.60838 ], [ 73.80627, 20.60749 ], [ 73.80528, 20.60682 ], [ 73.80445, 20.60594 ], [ 73.80348, 20.60466 ], [ 73.80303, 20.60406 ], [ 73.80284, 20.60387 ], [ 73.80227, 20.60332 ], [ 73.80201, 20.60301 ], [ 73.80138, 20.60225 ], [ 73.80088, 20.60161 ], [ 73.80017, 20.60076 ], [ 73.79934, 20.60047 ], [ 73.79933, 20.60047 ], [ 73.7988, 20.60033 ], [ 73.79861, 20.59984 ], [ 73.79861, 20.59983 ], [ 73.79857, 20.59963 ], [ 73.7984, 20.59868 ], [ 73.79785, 20.59869 ], [ 73.7971, 20.59886 ], [ 73.79721, 20.59957 ], [ 73.79731, 20.60019 ], [ 73.79729, 20.60192 ], [ 73.79728, 20.60247 ], [ 73.79727, 20.6026 ], [ 73.79726, 20.60261 ], [ 73.79692, 20.60275 ], [ 73.79658, 20.60288 ], [ 73.79612, 20.60301 ], [ 73.79513, 20.60329 ], [ 73.79386, 20.60384 ], [ 73.79374, 20.60392 ], [ 73.79253, 20.60464 ], [ 73.79215, 20.60487 ], [ 73.79152, 20.60515 ], [ 73.7919, 20.61175 ], [ 73.79358, 20.61165 ], [ 73.79337, 20.61193 ], [ 73.79346, 20.61313 ], [ 73.79499, 20.61534 ], [ 73.79517, 20.61681 ], [ 73.79814, 20.6177 ], [ 73.79791, 20.6182 ], [ 73.79751, 20.61851 ], [ 73.79731, 20.61894 ], [ 73.79693, 20.61889 ], [ 73.79673, 20.61942 ], [ 73.79631, 20.61991 ], [ 73.79527, 20.6199 ], [ 73.79569, 20.62133 ], [ 73.79517, 20.62219 ], [ 73.79485, 20.62222 ], [ 73.79456, 20.62285 ], [ 73.79439, 20.62412 ], [ 73.79424, 20.62442 ], [ 73.79488, 20.62474 ], [ 73.79474, 20.62572 ], [ 73.79461, 20.62599 ], [ 73.79514, 20.62616 ], [ 73.79579, 20.62653 ], [ 73.79606, 20.62688 ], [ 73.79673, 20.62689 ], [ 73.79713, 20.62684 ], [ 73.79696, 20.62804 ], [ 73.7955, 20.62839 ], [ 73.79527, 20.62917 ], [ 73.79474, 20.62965 ], [ 73.79413, 20.63006 ], [ 73.7939, 20.63037 ], [ 73.79431, 20.63086 ], [ 73.79379, 20.63237 ], [ 73.79346, 20.63305 ], [ 73.79312, 20.63354 ], [ 73.79288, 20.63369 ], [ 73.79326, 20.63383 ], [ 73.79397, 20.6337 ], [ 73.79408, 20.63543 ], [ 73.79368, 20.63563 ], [ 73.7934, 20.63664 ], [ 73.79377, 20.63811 ], [ 73.79388, 20.63832 ], [ 73.79412, 20.63804 ], [ 73.79478, 20.63767 ], [ 73.79563, 20.63757 ] ] ] ] } },
{ "type": "Feature", "properties": { "vid": "522817", "gz_state": "GUJARAT", "gz_district": "The Dangs", "gz_taluka": "The Dangs", "gz_village": "Ambalia", "gz_village_raw": "Ambalia", "gz_sno": 55, "esa_category": "whole_village", "bifurcated": false, "notified_forest": false, "cen_village": "Ambalia", "cen_subdistrict": "Ahwa", "cen_district": "Dangs", "censuscode": "522817", "lgd_villagecode": 522817, "score": 100.0, "scope": "dist", "area_km2": 1.519 }, "geometry": { "type": "MultiPolygon", "coordinates": [ [ [ [ 73.80706, 20.63464 ], [ 73.80717, 20.63468 ], [ 73.80742, 20.63464 ], [ 73.80763, 20.63462 ], [ 73.80818, 20.63412 ], [ 73.80851, 20.63373 ], [ 73.809, 20.63297 ], [ 73.80944, 20.63251 ], [ 73.81021, 20.63191 ], [ 73.81054, 20.63151 ], [ 73.8114, 20.63139 ], [ 73.81169, 20.6316 ], [ 73.81183, 20.63191 ], [ 73.81193, 20.63219 ], [ 73.81194, 20.63251 ], [ 73.81229, 20.63269 ], [ 73.81258, 20.63277 ], [ 73.81298, 20.63279 ], [ 73.81329, 20.63276 ], [ 73.81358, 20.63267 ], [ 73.81399, 20.63209 ], [ 73.81414, 20.63148 ], [ 73.81411, 20.63071 ], [ 73.81408, 20.63019 ], [ 73.8142, 20.62983 ], [ 73.81436, 20.62951 ], [ 73.81503, 20.62925 ], [ 73.81551, 20.62911 ], [ 73.81605, 20.62898 ], [ 73.81634, 20.62879 ], [ 73.81695, 20.62849 ], [ 73.81724, 20.62834 ], [ 73.81764, 20.62837 ], [ 73.81824, 20.62855 ], [ 73.81863, 20.62857 ], [ 73.81882, 20.62857 ], [ 73.81895, 20.62845 ], [ 73.81915, 20.62826 ], [ 73.81944, 20.6281 ], [ 73.81957, 20.62797 ], [ 73.81958, 20.62758 ], [ 73.81954, 20.62674 ], [ 73.81947, 20.62625 ], [ 73.81949, 20.62595 ], [ 73.81942, 20.62546 ], [ 73.81934, 20.62501 ], [ 73.8194, 20.62484 ], [ 73.81929, 20.62445 ], [ 73.8195, 20.62406 ], [ 73.81975, 20.62353 ], [ 73.82017, 20.62304 ], [ 73.82114, 20.62309 ], [ 73.82153, 20.62279 ], [ 73.82194, 20.62229 ], [ 73.82243, 20.62192 ], [ 73.82264, 20.62167 ], [ 73.82319, 20.62141 ], [ 73.82331, 20.62116 ], [ 73.82297, 20.62093 ], [ 73.82211, 20.62094 ], [ 73.82136, 20.62062 ], [ 73.82132, 20.62044 ], [ 73.82099, 20.62021 ], [ 73.82086, 20.6202 ], [ 73.82057, 20.62037 ], [ 73.81976, 20.62009 ], [ 73.81998, 20.61929 ], [ 73.82025, 20.6188 ], [ 73.8203, 20.61851 ], [ 73.8194, 20.61828 ], [ 73.81862, 20.61829 ], [ 73.818, 20.61784 ], [ 73.81771, 20.61773 ], [ 73.8175, 20.61746 ], [ 73.81701, 20.61747 ], [ 73.81658, 20.61727 ], [ 73.81647, 20.61697 ], [ 73.81636, 20.61687 ], [ 73.81603, 20.617 ], [ 73.81582, 20.61708 ], [ 73.81559, 20.61706 ], [ 73.8163, 20.61577 ], [ 73.81733, 20.61403 ], [ 73.81743, 20.61387 ], [ 73.81775, 20.61361 ], [ 73.81727, 20.61357 ], [ 73.81707, 20.6135 ], [ 73.81637, 20.61327 ], [ 73.81634, 20.61325 ], [ 73.81537, 20.61266 ], [ 73.81515, 20.6125 ], [ 73.81414, 20.61173 ], [ 73.81329, 20.61108 ], [ 73.81237, 20.61029 ], [ 73.81165, 20.60972 ], [ 73.8115, 20.60961 ], [ 73.8115, 20.6096 ], [ 73.81143, 20.60955 ], [ 73.81141, 20.60953 ], [ 73.81122, 20.60942 ], [ 73.81087, 20.60922 ], [ 73.81046, 20.60901 ], [ 73.80963, 20.60858 ], [ 73.80954, 20.60853 ], [ 73.80947, 20.60851 ], [ 73.80936, 20.60846 ], [ 73.8093, 20.60843 ], [ 73.80927, 20.60842 ], [ 73.80888, 20.60826 ], [ 73.80871, 20.60819 ], [ 73.80863, 20.60816 ], [ 73.80787, 20.60763 ], [ 73.8077, 20.60752 ], [ 73.8075, 20.60753 ], [ 73.80732, 20.60755 ], [ 73.80727, 20.60755 ], [ 73.80732, 20.60762 ], [ 73.80762, 20.60784 ], [ 73.8077, 20.6079 ], [ 73.80819, 20.609 ], [ 73.80874, 20.60957 ], [ 73.80914, 20.60983 ], [ 73.80963, 20.61003 ], [ 73.80972, 20.61002 ], [ 73.8103, 20.60979 ], [ 73.81043, 20.60984 ], [ 73.81061, 20.61033 ], [ 73.8108, 20.61056 ], [ 73.81087, 20.61069 ], [ 73.81122, 20.6109 ], [ 73.81134, 20.61153 ], [ 73.81162, 20.61209 ], [ 73.81213, 20.61213 ], [ 73.81228, 20.61257 ], [ 73.81251, 20.61296 ], [ 73.81288, 20.61319 ], [ 73.81315, 20.61356 ], [ 73.81352, 20.61371 ], [ 73.81357, 20.61417 ], [ 73.81398, 20.61428 ], [ 73.81397, 20.61476 ], [ 73.81428, 20.61495 ], [ 73.81447, 20.61522 ], [ 73.81462, 20.6153 ], [ 73.81456, 20.61566 ], [ 73.81476, 20.6159 ], [ 73.81492, 20.61639 ], [ 73.815, 20.61685 ], [ 73.81523, 20.61724 ], [ 73.81533, 20.61742 ], [ 73.81507, 20.61792 ], [ 73.81472, 20.61827 ], [ 73.81455, 20.61826 ], [ 73.81421, 20.61788 ], [ 73.81403, 20.61768 ], [ 73.81393, 20.61773 ], [ 73.81377, 20.61782 ], [ 73.81371, 20.61806 ], [ 73.81384, 20.61855 ], [ 73.81415, 20.61893 ], [ 73.81427, 20.61915 ], [ 73.81455, 20.61924 ], [ 73.81518, 20.61876 ], [ 73.8146, 20.6198 ], [ 73.81468, 20.62047 ], [ 73.81456, 20.62066 ], [ 73.81425, 20.62082 ], [ 73.8136, 20.62093 ], [ 73.81287, 20.62146 ], [ 73.81237, 20.62174 ], [ 73.81187, 20.6223 ], [ 73.81183, 20.62247 ], [ 73.81191, 20.62272 ], [ 73.81211, 20.62291 ], [ 73.81228, 20.62305 ], [ 73.81228, 20.62343 ], [ 73.81221, 20.62375 ], [ 73.81185, 20.62424 ], [ 73.81144, 20.6245 ], [ 73.81126, 20.62471 ], [ 73.81099, 20.62551 ], [ 73.81116, 20.6258 ], [ 73.81159, 20.62595 ], [ 73.81153, 20.6265 ], [ 73.81129, 20.62679 ], [ 73.8112, 20.62678 ], [ 73.81111, 20.62664 ], [ 73.81081, 20.62682 ], [ 73.81067, 20.6269 ], [ 73.81035, 20.62696 ], [ 73.81035, 20.62707 ], [ 73.8108, 20.62708 ], [ 73.81102, 20.62706 ], [ 73.81127, 20.62717 ], [ 73.81155, 20.62698 ], [ 73.81204, 20.62648 ], [ 73.81242, 20.6269 ], [ 73.8126, 20.62691 ], [ 73.81274, 20.62689 ], [ 73.8125, 20.62705 ], [ 73.81205, 20.62707 ], [ 73.81175, 20.62739 ], [ 73.81154, 20.6276 ], [ 73.81136, 20.62767 ], [ 73.81127, 20.62801 ], [ 73.81106, 20.62819 ], [ 73.81092, 20.62841 ], [ 73.81063, 20.62845 ], [ 73.81046, 20.62857 ], [ 73.81026, 20.62888 ], [ 73.81012, 20.62896 ], [ 73.80951, 20.62898 ], [ 73.80933, 20.62905 ], [ 73.80929, 20.62916 ], [ 73.80934, 20.6295 ], [ 73.80794, 20.62945 ], [ 73.8075, 20.6304 ], [ 73.80739, 20.63067 ], [ 73.80728, 20.63098 ], [ 73.80686, 20.63147 ], [ 73.80706, 20.63195 ], [ 73.80708, 20.63218 ], [ 73.80701, 20.63227 ], [ 73.80644, 20.63268 ], [ 73.80605, 20.63297 ], [ 73.80588, 20.6331 ], [ 73.80567, 20.63354 ], [ 73.80542, 20.63351 ], [ 73.80531, 20.6335 ], [ 73.8053, 20.63349 ], [ 73.80529, 20.63381 ], [ 73.80528, 20.63424 ], [ 73.80526, 20.63445 ], [ 73.80525, 20.63461 ], [ 73.80575, 20.63497 ], [ 73.80621, 20.63517 ], [ 73.80639, 20.63517 ], [ 73.80641, 20.63516 ], [ 73.80706, 20.63464 ] ] ] ] } },
{ "type": "Feature", "properties": { "vid": "522816", "gz_state": "GUJARAT", "gz_district": "The Dangs", "gz_taluka": "The Dangs", "gz_village": "Vanar", "gz_village_raw": "Vanar", "gz_sno": 56, "esa_category": "whole_village", "bifurcated": false, "notified_forest": false, "cen_village": "Vanar", "cen_subdistrict": "Ahwa", "cen_district": "Dangs", "censuscode": "522816", "lgd_villagecode": 522816, "score": 100.0, "scope": "dist", "area_km2": 3.814 }, "geometry": { "type": "MultiPolygon", "coordinates": [ [ [ [ 73.83492, 20.63393 ], [ 73.83517, 20.63315 ], [ 73.83544, 20.63233 ], [ 73.83638, 20.62977 ], [ 73.83667, 20.629 ], [ 73.83704, 20.62771 ], [ 73.83704, 20.62761 ], [ 73.83708, 20.62697 ], [ 73.83711, 20.6266 ], [ 73.83712, 20.62637 ], [ 73.83693, 20.62521 ], [ 73.83694, 20.62459 ], [ 73.83694, 20.62455 ], [ 73.83694, 20.62453 ], [ 73.83721, 20.62367 ], [ 73.83761, 20.62254 ], [ 73.83789, 20.62176 ], [ 73.83804, 20.62139 ], [ 73.83808, 20.62127 ], [ 73.83839, 20.62046 ], [ 73.83796, 20.62054 ], [ 73.83735, 20.62057 ], [ 73.8367, 20.62061 ], [ 73.83469, 20.61991 ], [ 73.83451, 20.61984 ], [ 73.83447, 20.61983 ], [ 73.83365, 20.61954 ], [ 73.83341, 20.61945 ], [ 73.8331, 20.61926 ], [ 73.83248, 20.61888 ], [ 73.83237, 20.61882 ], [ 73.83208, 20.61833 ], [ 73.83201, 20.61821 ], [ 73.83188, 20.61798 ], [ 73.83123, 20.61689 ], [ 73.83121, 20.61686 ], [ 73.83056, 20.61569 ], [ 73.83054, 20.61566 ], [ 73.82982, 20.61511 ], [ 73.82975, 20.61506 ], [ 73.82934, 20.61468 ], [ 73.82914, 20.61448 ], [ 73.82871, 20.61407 ], [ 73.8283, 20.61382 ], [ 73.82779, 20.61349 ], [ 73.82751, 20.61331 ], [ 73.82747, 20.61328 ], [ 73.82725, 20.61314 ], [ 73.82624, 20.61259 ], [ 73.82601, 20.61246 ], [ 73.82587, 20.61242 ], [ 73.8253, 20.61224 ], [ 73.82494, 20.61214 ], [ 73.82482, 20.6121 ], [ 73.8245, 20.61198 ], [ 73.8244, 20.61195 ], [ 73.82429, 20.61191 ], [ 73.82417, 20.61194 ], [ 73.82277, 20.61232 ], [ 73.82262, 20.61236 ], [ 73.8222, 20.61248 ], [ 73.82011, 20.61314 ], [ 73.81988, 20.61319 ], [ 73.81929, 20.6133 ], [ 73.81908, 20.61337 ], [ 73.81867, 20.61351 ], [ 73.81824, 20.61365 ], [ 73.81801, 20.61363 ], [ 73.81775, 20.61361 ], [ 73.81743, 20.61387 ], [ 73.81733, 20.61403 ], [ 73.8163, 20.61577 ], [ 73.81559, 20.61706 ], [ 73.81582, 20.61708 ], [ 73.81603, 20.617 ], [ 73.81636, 20.61687 ], [ 73.81647, 20.61697 ], [ 73.81658, 20.61727 ], [ 73.81701, 20.61747 ], [ 73.8175, 20.61746 ], [ 73.81771, 20.61773 ], [ 73.818, 20.61784 ], [ 73.81862, 20.61829 ], [ 73.8194, 20.61828 ], [ 73.8203, 20.61851 ], [ 73.82025, 20.6188 ], [ 73.81998, 20.61929 ], [ 73.81976, 20.62009 ], [ 73.82057, 20.62037 ], [ 73.82086, 20.6202 ], [ 73.82099, 20.62021 ], [ 73.82132, 20.62044 ], [ 73.82136, 20.62062 ], [ 73.82211, 20.62094 ], [ 73.82297, 20.62093 ], [ 73.82331, 20.62116 ], [ 73.82319, 20.62141 ], [ 73.82264, 20.62167 ], [ 73.82243, 20.62192 ], [ 73.82194, 20.62229 ], [ 73.82153, 20.62279 ], [ 73.82114, 20.62309 ], [ 73.82017, 20.62304 ], [ 73.81975, 20.62353 ], [ 73.8195, 20.62406 ], [ 73.81929, 20.62445 ], [ 73.8194, 20.62484 ], [ 73.81934, 20.62501 ], [ 73.81942, 20.62546 ], [ 73.81949, 20.62595 ], [ 73.81947, 20.62625 ], [ 73.81954, 20.62674 ], [ 73.81958, 20.62758 ], [ 73.81957, 20.62797 ], [ 73.81944, 20.6281 ], [ 73.81915, 20.62826 ], [ 73.81895, 20.62845 ], [ 73.81904, 20.62856 ], [ 73.81917, 20.62884 ], [ 73.8191, 20.62935 ], [ 73.81981, 20.62952 ], [ 73.81997, 20.62997 ], [ 73.82023, 20.63059 ], [ 73.82057, 20.63111 ], [ 73.82071, 20.63113 ], [ 73.82102, 20.63112 ], [ 73.82162, 20.63156 ], [ 73.82213, 20.63217 ], [ 73.82228, 20.63247 ], [ 73.82284, 20.63383 ], [ 73.82351, 20.63451 ], [ 73.82374, 20.63489 ], [ 73.8237, 20.63491 ], [ 73.8239, 20.63499 ], [ 73.82434, 20.63543 ], [ 73.82437, 20.63567 ], [ 73.82475, 20.63545 ], [ 73.82514, 20.63501 ], [ 73.82583, 20.63546 ], [ 73.82618, 20.63567 ], [ 73.82739, 20.63595 ], [ 73.83233, 20.63698 ], [ 73.83262, 20.63704 ], [ 73.83335, 20.63705 ], [ 73.8335, 20.63679 ], [ 73.83362, 20.63659 ], [ 73.83399, 20.63596 ], [ 73.83424, 20.6356 ], [ 73.8343, 20.63552 ], [ 73.83492, 20.63393 ] ] ] ] } },
{ "type": "Feature", "properties": { "vid": "522818", "gz_state": "GUJARAT", "gz_district": "The Dangs", "gz_taluka": "The Dangs", "gz_village": "Umarya", "gz_village_raw": "Umarya", "gz_sno": 57, "esa_category": "whole_village", "bifurcated": false, "notified_forest": false, "cen_village": "Umarya", "cen_subdistrict": "Ahwa", "cen_district": "Dangs", "censuscode": "522818", "lgd_villagecode": 522818, "score": 100.0, "scope": "dist", "area_km2": 0.474 }, "geometry": { "type": "MultiPolygon", "coordinates": [ [ [ [ 73.80794, 20.62944 ], [ 73.80775, 20.62939 ], [ 73.80709, 20.62808 ], [ 73.80686, 20.62715 ], [ 73.80695, 20.62677 ], [ 73.80718, 20.62546 ], [ 73.80742, 20.62425 ], [ 73.8076, 20.62316 ], [ 73.80728, 20.62187 ], [ 73.80717, 20.62105 ], [ 73.8062, 20.62048 ], [ 73.80516, 20.61962 ], [ 73.80426, 20.61909 ], [ 73.80303, 20.61852 ], [ 73.80265, 20.6186 ], [ 73.80289, 20.6199 ], [ 73.80285, 20.62069 ], [ 73.80326, 20.62147 ], [ 73.80368, 20.62261 ], [ 73.80396, 20.62382 ], [ 73.80446, 20.62483 ], [ 73.80452, 20.62547 ], [ 73.8041, 20.62685 ], [ 73.80418, 20.62746 ], [ 73.80445, 20.62874 ], [ 73.80456, 20.62985 ], [ 73.80464, 20.63124 ], [ 73.80471, 20.63226 ], [ 73.80476, 20.63319 ], [ 73.80479, 20.63343 ], [ 73.80482, 20.63377 ], [ 73.80529, 20.6338 ], [ 73.8053, 20.63349 ], [ 73.80531, 20.6335 ], [ 73.80542, 20.63351 ], [ 73.80567, 20.63354 ], [ 73.80588, 20.6331 ], [ 73.80605, 20.63297 ], [ 73.80644, 20.63268 ], [ 73.80701, 20.63227 ], [ 73.80708, 20.63218 ], [ 73.80706, 20.63195 ], [ 73.80686, 20.63147 ], [ 73.80728, 20.63098 ], [ 73.80739, 20.63067 ], [ 73.8075, 20.6304 ], [ 73.80794, 20.62945 ], [ 73.80794, 20.62944 ] ] ] ] } },
{ "type": "Feature", "properties": { "vid": "522821", "gz_state": "GUJARAT", "gz_district": "The Dangs", "gz_taluka": "The Dangs", "gz_village": "Jamdar", "gz_village_raw": "Jamdar", "gz_sno": 58, "esa_category": "whole_village", "bifurcated": false, "notified_forest": false, "cen_village": "Jamdar", "cen_subdistrict": "Ahwa", "cen_district": "Dangs", "censuscode": "522821", "lgd_villagecode": 522821, "score": 100.0, "scope": "dist", "area_km2": 4.781 }, "geometry": { "type": "MultiPolygon", "coordinates": [ [ [ [ 73.78004, 20.63515 ], [ 73.77951, 20.63445 ], [ 73.77898, 20.63333 ], [ 73.77808, 20.63213 ], [ 73.778, 20.63201 ], [ 73.77838, 20.63189 ], [ 73.77867, 20.63184 ], [ 73.77919, 20.63153 ], [ 73.77974, 20.63137 ], [ 73.78023, 20.63152 ], [ 73.78092, 20.63164 ], [ 73.78143, 20.63163 ], [ 73.78145, 20.63164 ], [ 73.78133, 20.63132 ], [ 73.78106, 20.63063 ], [ 73.78097, 20.63028 ], [ 73.78107, 20.62968 ], [ 73.78106, 20.6295 ], [ 73.78099, 20.62942 ], [ 73.78065, 20.62916 ], [ 73.7806, 20.62805 ], [ 73.78107, 20.62787 ], [ 73.78141, 20.62778 ], [ 73.78142, 20.62793 ], [ 73.7815, 20.62801 ], [ 73.78163, 20.62794 ], [ 73.78184, 20.62809 ], [ 73.78192, 20.62779 ], [ 73.78205, 20.62753 ], [ 73.78206, 20.6274 ], [ 73.78201, 20.62733 ], [ 73.78189, 20.62698 ], [ 73.78181, 20.62594 ], [ 73.78164, 20.62513 ], [ 73.78173, 20.62509 ], [ 73.78208, 20.62506 ], [ 73.78242, 20.6248 ], [ 73.78246, 20.62472 ], [ 73.78268, 20.6244 ], [ 73.78271, 20.62412 ], [ 73.78285, 20.62412 ], [ 73.78331, 20.62376 ], [ 73.7833, 20.62347 ], [ 73.78352, 20.62312 ], [ 73.78363, 20.62306 ], [ 73.7834, 20.62301 ], [ 73.78324, 20.62287 ], [ 73.78283, 20.62287 ], [ 73.78283, 20.6226 ], [ 73.78244, 20.62253 ], [ 73.78241, 20.62221 ], [ 73.78264, 20.62218 ], [ 73.78283, 20.62224 ], [ 73.78301, 20.6218 ], [ 73.78318, 20.6216 ], [ 73.78358, 20.6215 ], [ 73.78387, 20.62168 ], [ 73.78471, 20.6212 ], [ 73.78471, 20.62104 ], [ 73.78456, 20.62074 ], [ 73.78429, 20.62057 ], [ 73.78434, 20.62036 ], [ 73.78472, 20.62024 ], [ 73.78535, 20.62031 ], [ 73.78573, 20.61961 ], [ 73.78627, 20.61904 ], [ 73.78644, 20.61859 ], [ 73.7868, 20.61725 ], [ 73.7868, 20.61652 ], [ 73.78705, 20.61552 ], [ 73.78687, 20.61435 ], [ 73.78698, 20.6087 ], [ 73.78704, 20.60487 ], [ 73.78702, 20.60397 ], [ 73.78707, 20.60375 ], [ 73.78708, 20.60372 ], [ 73.787, 20.60364 ], [ 73.7862, 20.60281 ], [ 73.78574, 20.60269 ], [ 73.7853, 20.60258 ], [ 73.78398, 20.60247 ], [ 73.78396, 20.60247 ], [ 73.78395, 20.60247 ], [ 73.78348, 20.60242 ], [ 73.78345, 20.60242 ], [ 73.78341, 20.6024 ], [ 73.78288, 20.6021 ], [ 73.78221, 20.60169 ], [ 73.78173, 20.60166 ], [ 73.78105, 20.60162 ], [ 73.77989, 20.60132 ], [ 73.77981, 20.60127 ], [ 73.77934, 20.60099 ], [ 73.77861, 20.60056 ], [ 73.77831, 20.60002 ], [ 73.77799, 20.59944 ], [ 73.7776, 20.59952 ], [ 73.77727, 20.59992 ], [ 73.77702, 20.60022 ], [ 73.77699, 20.60031 ], [ 73.77691, 20.60051 ], [ 73.77669, 20.60065 ], [ 73.77663, 20.60069 ], [ 73.77656, 20.60099 ], [ 73.77624, 20.60225 ], [ 73.77496, 20.60508 ], [ 73.77401, 20.60731 ], [ 73.77221, 20.61131 ], [ 73.77092, 20.61416 ], [ 73.76933, 20.61773 ], [ 73.76869, 20.61907 ], [ 73.76729, 20.62212 ], [ 73.76654, 20.62372 ], [ 73.76789, 20.62547 ], [ 73.76901, 20.62709 ], [ 73.76903, 20.62725 ], [ 73.76991, 20.62746 ], [ 73.77082, 20.62761 ], [ 73.7718, 20.62773 ], [ 73.77234, 20.62832 ], [ 73.77343, 20.62942 ], [ 73.77374, 20.62966 ], [ 73.77411, 20.6299 ], [ 73.77492, 20.63139 ], [ 73.77504, 20.6319 ], [ 73.77511, 20.63266 ], [ 73.77568, 20.63452 ], [ 73.77607, 20.63586 ], [ 73.77674, 20.63591 ], [ 73.77751, 20.63588 ], [ 73.77772, 20.63579 ], [ 73.77842, 20.6355 ], [ 73.77879, 20.63651 ], [ 73.77898, 20.63746 ], [ 73.77903, 20.63823 ], [ 73.78059, 20.63726 ], [ 73.7804, 20.63615 ], [ 73.78016, 20.63552 ], [ 73.78004, 20.63515 ] ] ] ] } },
{ "type": "Feature", "properties": { "vid": "522822", "gz_state": "GUJARAT", "gz_district": "The Dangs", "gz_taluka": "The Dangs", "gz_village": "Samgahan", "gz_village_raw": "Samgahan", "gz_sno": 59, "esa_category": "whole_village", "bifurcated": false, "notified_forest": false, "cen_village": "Samgahan", "cen_subdistrict": "Ahwa", "cen_district": "Dangs", "censuscode": "522822", "lgd_villagecode": 522822, "score": 100.0, "scope": "dist", "area_km2": 4.219 }, "geometry": { "type": "MultiPolygon", "coordinates": [ [ [ [ 73.7135, 20.62663 ], [ 73.71427, 20.62678 ], [ 73.71447, 20.62696 ], [ 73.71518, 20.62716 ], [ 73.71599, 20.62669 ], [ 73.71622, 20.62678 ], [ 73.71711, 20.62677 ], [ 73.71808, 20.62682 ], [ 73.71915, 20.62677 ], [ 73.71957, 20.62707 ], [ 73.71962, 20.62715 ], [ 73.71968, 20.62723 ], [ 73.72022, 20.62703 ], [ 73.71967, 20.62679 ], [ 73.71854, 20.62616 ], [ 73.71717, 20.62556 ], [ 73.71721, 20.62513 ], [ 73.71785, 20.62471 ], [ 73.71885, 20.62477 ], [ 73.71952, 20.62477 ], [ 73.71981, 20.62464 ], [ 73.71983, 20.62454 ], [ 73.71983, 20.62431 ], [ 73.71886, 20.62398 ], [ 73.71873, 20.62367 ], [ 73.71818, 20.62357 ], [ 73.71792, 20.62336 ], [ 73.71753, 20.62333 ], [ 73.71754, 20.62295 ], [ 73.7173, 20.62222 ], [ 73.71757, 20.62214 ], [ 73.7197, 20.62236 ], [ 73.72009, 20.62214 ], [ 73.72079, 20.62214 ], [ 73.72099, 20.62178 ], [ 73.7216, 20.62111 ], [ 73.7216, 20.62103 ], [ 73.72194, 20.62091 ], [ 73.72197, 20.62139 ], [ 73.72353, 20.62079 ], [ 73.72447, 20.62046 ], [ 73.72446, 20.62 ], [ 73.72589, 20.6206 ], [ 73.72644, 20.62046 ], [ 73.72547, 20.61968 ], [ 73.72497, 20.61943 ], [ 73.72378, 20.61865 ], [ 73.72371, 20.61806 ], [ 73.72373, 20.61743 ], [ 73.72382, 20.61543 ], [ 73.72347, 20.61508 ], [ 73.72364, 20.61394 ], [ 73.7248, 20.61345 ], [ 73.72623, 20.61355 ], [ 73.72643, 20.61294 ], [ 73.72666, 20.61222 ], [ 73.72731, 20.61145 ], [ 73.72785, 20.61081 ], [ 73.72929, 20.60965 ], [ 73.7281, 20.60989 ], [ 73.72693, 20.60894 ], [ 73.7259, 20.6086 ], [ 73.72544, 20.60856 ], [ 73.7247, 20.60851 ], [ 73.7239, 20.60831 ], [ 73.72328, 20.60839 ], [ 73.72328, 20.60827 ], [ 73.72362, 20.60782 ], [ 73.72297, 20.60696 ], [ 73.72238, 20.60657 ], [ 73.72218, 20.60645 ], [ 73.72176, 20.60628 ], [ 73.72128, 20.60626 ], [ 73.72094, 20.60631 ], [ 73.72, 20.60592 ], [ 73.71939, 20.60567 ], [ 73.71902, 20.60569 ], [ 73.71867, 20.60571 ], [ 73.7183, 20.60567 ], [ 73.71765, 20.60578 ], [ 73.71682, 20.60566 ], [ 73.71635, 20.60599 ], [ 73.71574, 20.60593 ], [ 73.71521, 20.60579 ], [ 73.71489, 20.60567 ], [ 73.71469, 20.60592 ], [ 73.7144, 20.60587 ], [ 73.71401, 20.60562 ], [ 73.71374, 20.60485 ], [ 73.71358, 20.60403 ], [ 73.71358, 20.60381 ], [ 73.71262, 20.60389 ], [ 73.71237, 20.60342 ], [ 73.71214, 20.60357 ], [ 73.7119, 20.60357 ], [ 73.71043, 20.603 ], [ 73.71031, 20.60257 ], [ 73.70956, 20.60271 ], [ 73.7083, 20.60308 ], [ 73.70817, 20.60232 ], [ 73.70776, 20.60244 ], [ 73.70774, 20.60244 ], [ 73.70721, 20.60267 ], [ 73.70723, 20.60291 ], [ 73.70652, 20.60319 ], [ 73.70678, 20.60357 ], [ 73.70655, 20.60358 ], [ 73.70657, 20.60361 ], [ 73.70655, 20.60431 ], [ 73.70669, 20.60539 ], [ 73.70637, 20.60665 ], [ 73.70553, 20.60838 ], [ 73.70478, 20.61051 ], [ 73.7035, 20.61123 ], [ 73.70422, 20.61204 ], [ 73.70415, 20.61226 ], [ 73.70404, 20.61262 ], [ 73.70401, 20.61287 ], [ 73.70395, 20.6136 ], [ 73.70382, 20.61414 ], [ 73.7038, 20.6148 ], [ 73.70442, 20.6152 ], [ 73.70475, 20.61517 ], [ 73.70472, 20.616 ], [ 73.70475, 20.61694 ], [ 73.70538, 20.61698 ], [ 73.70645, 20.61711 ], [ 73.70654, 20.61702 ], [ 73.70712, 20.61712 ], [ 73.70767, 20.61742 ], [ 73.70792, 20.61716 ], [ 73.70853, 20.6173 ], [ 73.70883, 20.61731 ], [ 73.70942, 20.6173 ], [ 73.70953, 20.6171 ], [ 73.70966, 20.61709 ], [ 73.71007, 20.61706 ], [ 73.71006, 20.61715 ], [ 73.71063, 20.61756 ], [ 73.71165, 20.61821 ], [ 73.71167, 20.61824 ], [ 73.71203, 20.61836 ], [ 73.71255, 20.61919 ], [ 73.71266, 20.61993 ], [ 73.71216, 20.62086 ], [ 73.71158, 20.62143 ], [ 73.71154, 20.62139 ], [ 73.70987, 20.62235 ], [ 73.70958, 20.62326 ], [ 73.70878, 20.62334 ], [ 73.70819, 20.62354 ], [ 73.70693, 20.62409 ], [ 73.70695, 20.62436 ], [ 73.70535, 20.62417 ], [ 73.70519, 20.62389 ], [ 73.70445, 20.62416 ], [ 73.70347, 20.62485 ], [ 73.70252, 20.62522 ], [ 73.70134, 20.62569 ], [ 73.70129, 20.62574 ], [ 73.70136, 20.62611 ], [ 73.7015, 20.62684 ], [ 73.70174, 20.62754 ], [ 73.70249, 20.62812 ], [ 73.70288, 20.62816 ], [ 73.70358, 20.6278 ], [ 73.70407, 20.62761 ], [ 73.7043, 20.62698 ], [ 73.7054, 20.62677 ], [ 73.70601, 20.62585 ], [ 73.70628, 20.62654 ], [ 73.70658, 20.62714 ], [ 73.70719, 20.62719 ], [ 73.7076, 20.62738 ], [ 73.70837, 20.62765 ], [ 73.70847, 20.6278 ], [ 73.70875, 20.6279 ], [ 73.70937, 20.62801 ], [ 73.71001, 20.62821 ], [ 73.71115, 20.62831 ], [ 73.71187, 20.62853 ], [ 73.71255, 20.62863 ], [ 73.71282, 20.62779 ], [ 73.71298, 20.62729 ], [ 73.7135, 20.62663 ] ] ] ] } },
{ "type": "Feature", "properties": { "vid": "522841", "gz_state": "GUJARAT", "gz_district": "The Dangs", "gz_taluka": "The Dangs", "gz_village": "Kotamdar", "gz_village_raw": "Kotamdar", "gz_sno": 60, "esa_category": "whole_village", "bifurcated": false, "notified_forest": false, "cen_village": "Kotamdar", "cen_subdistrict": "Ahwa", "cen_district": "Dangs", "censuscode": "522841", "lgd_villagecode": 522841, "score": 100.0, "scope": "dist", "area_km2": 10.931 }, "geometry": { "type": "MultiPolygon", "coordinates": [ [ [ [ 73.76903, 20.62725 ], [ 73.76901, 20.62709 ], [ 73.76789, 20.62547 ], [ 73.76654, 20.62372 ], [ 73.76729, 20.62212 ], [ 73.76869, 20.61907 ], [ 73.76933, 20.61773 ], [ 73.77092, 20.61416 ], [ 73.77221, 20.61131 ], [ 73.77401, 20.60731 ], [ 73.77496, 20.60508 ], [ 73.77624, 20.60225 ], [ 73.77656, 20.60099 ], [ 73.77663, 20.60069 ], [ 73.77661, 20.60069 ], [ 73.77607, 20.60059 ], [ 73.77606, 20.60059 ], [ 73.77569, 20.60038 ], [ 73.77548, 20.60027 ], [ 73.77539, 20.60022 ], [ 73.77536, 20.60018 ], [ 73.77518, 20.59991 ], [ 73.775, 20.59966 ], [ 73.77494, 20.59957 ], [ 73.77468, 20.59894 ], [ 73.77448, 20.59849 ], [ 73.77444, 20.59839 ], [ 73.77441, 20.59831 ], [ 73.77434, 20.59818 ], [ 73.77349, 20.59626 ], [ 73.77303, 20.59506 ], [ 73.77279, 20.59445 ], [ 73.77266, 20.59411 ], [ 73.77237, 20.59313 ], [ 73.77231, 20.593 ], [ 73.77226, 20.59289 ], [ 73.77217, 20.59266 ], [ 73.77154, 20.59179 ], [ 73.7709, 20.59096 ], [ 73.77048, 20.59044 ], [ 73.77047, 20.59043 ], [ 73.77017, 20.58995 ], [ 73.77, 20.58968 ], [ 73.76973, 20.58946 ], [ 73.7695, 20.58926 ], [ 73.76949, 20.58925 ], [ 73.76863, 20.58809 ], [ 73.76857, 20.588 ], [ 73.76796, 20.58728 ], [ 73.76781, 20.58695 ], [ 73.76763, 20.58655 ], [ 73.76716, 20.58637 ], [ 73.76546, 20.58656 ], [ 73.76492, 20.58662 ], [ 73.76408, 20.5867 ], [ 73.76386, 20.58673 ], [ 73.7636, 20.58674 ], [ 73.76201, 20.58684 ], [ 73.76089, 20.58706 ], [ 73.75994, 20.58714 ], [ 73.7583, 20.58728 ], [ 73.75608, 20.58704 ], [ 73.75606, 20.58707 ], [ 73.75534, 20.58792 ], [ 73.75424, 20.59019 ], [ 73.75313, 20.59284 ], [ 73.75204, 20.59272 ], [ 73.75159, 20.59365 ], [ 73.75169, 20.59527 ], [ 73.75038, 20.5954 ], [ 73.74939, 20.59647 ], [ 73.74821, 20.5962 ], [ 73.74772, 20.59618 ], [ 73.74648, 20.59625 ], [ 73.74537, 20.59683 ], [ 73.74387, 20.59693 ], [ 73.74235, 20.59731 ], [ 73.74216, 20.59795 ], [ 73.74121, 20.59921 ], [ 73.74207, 20.59934 ], [ 73.74362, 20.6006 ], [ 73.74438, 20.60237 ], [ 73.74505, 20.60316 ], [ 73.74421, 20.60363 ], [ 73.74356, 20.60392 ], [ 73.74269, 20.60406 ], [ 73.74165, 20.60431 ], [ 73.74083, 20.60409 ], [ 73.74068, 20.60481 ], [ 73.73918, 20.60498 ], [ 73.73812, 20.60531 ], [ 73.73656, 20.60589 ], [ 73.73619, 20.60625 ], [ 73.73613, 20.60645 ], [ 73.73604, 20.60746 ], [ 73.73592, 20.60808 ], [ 73.73588, 20.6083 ], [ 73.73586, 20.60833 ], [ 73.73562, 20.60822 ], [ 73.73525, 20.60898 ], [ 73.735, 20.60917 ], [ 73.73491, 20.60919 ], [ 73.73511, 20.60949 ], [ 73.73561, 20.61009 ], [ 73.73584, 20.61042 ], [ 73.73582, 20.61054 ], [ 73.73463, 20.61064 ], [ 73.73312, 20.61174 ], [ 73.73278, 20.61245 ], [ 73.73219, 20.61353 ], [ 73.73192, 20.61393 ], [ 73.73145, 20.61453 ], [ 73.73286, 20.61474 ], [ 73.7357, 20.61519 ], [ 73.73636, 20.61529 ], [ 73.7389, 20.61579 ], [ 73.74081, 20.61618 ], [ 73.74187, 20.61644 ], [ 73.74218, 20.61662 ], [ 73.74239, 20.61667 ], [ 73.74284, 20.61681 ], [ 73.74311, 20.61648 ], [ 73.74365, 20.61652 ], [ 73.74394, 20.61648 ], [ 73.74408, 20.61606 ], [ 73.74455, 20.61607 ], [ 73.74525, 20.61605 ], [ 73.74596, 20.61602 ], [ 73.74601, 20.61643 ], [ 73.74636, 20.61662 ], [ 73.74646, 20.61668 ], [ 73.74735, 20.61705 ], [ 73.7476, 20.61699 ], [ 73.74786, 20.61709 ], [ 73.74815, 20.61727 ], [ 73.75018, 20.61842 ], [ 73.75213, 20.61945 ], [ 73.75298, 20.61913 ], [ 73.75362, 20.61881 ], [ 73.75491, 20.61822 ], [ 73.75568, 20.61792 ], [ 73.7568, 20.61759 ], [ 73.75757, 20.6185 ], [ 73.7587, 20.61997 ], [ 73.7585, 20.62039 ], [ 73.75975, 20.6219 ], [ 73.76, 20.62221 ], [ 73.76024, 20.62309 ], [ 73.76083, 20.62352 ], [ 73.76218, 20.6259 ], [ 73.76229, 20.62594 ], [ 73.7629, 20.62713 ], [ 73.76299, 20.62726 ], [ 73.76332, 20.62728 ], [ 73.7637, 20.62761 ], [ 73.76381, 20.62752 ], [ 73.76382, 20.62756 ], [ 73.76476, 20.62732 ], [ 73.76585, 20.62715 ], [ 73.76692, 20.62658 ], [ 73.76726, 20.62664 ], [ 73.76844, 20.62678 ], [ 73.76865, 20.62716 ], [ 73.76903, 20.62725 ] ] ] ] } },
{ "type": "Feature", "properties": { "vid": "522823", "gz_state": "GUJARAT", "gz_district": "The Dangs", "gz_taluka": "The Dangs", "gz_village": "Ranpada", "gz_village_raw": "Ranpada", "gz_sno": 61, "esa_category": "whole_village", "bifurcated": false, "notified_forest": false, "cen_village": "Ranpada", "cen_subdistrict": "Ahwa", "cen_district": "Dangs", "censuscode": "522823", "lgd_villagecode": 522823, "score": 100.0, "scope": "dist", "area_km2": 3.351 }, "geometry": { "type": "MultiPolygon", "coordinates": [ [ [ [ 73.68569, 20.61572 ], [ 73.68611, 20.61493 ], [ 73.68637, 20.61451 ], [ 73.68671, 20.61432 ], [ 73.68736, 20.61408 ], [ 73.68801, 20.61384 ], [ 73.68803, 20.61394 ], [ 73.68809, 20.61434 ], [ 73.68824, 20.61429 ], [ 73.68823, 20.6141 ], [ 73.68839, 20.614 ], [ 73.6884, 20.61392 ], [ 73.68881, 20.61382 ], [ 73.68884, 20.61347 ], [ 73.68909, 20.61299 ], [ 73.68933, 20.61305 ], [ 73.68981, 20.61306 ], [ 73.69023, 20.61344 ], [ 73.69129, 20.6127 ], [ 73.69161, 20.61263 ], [ 73.69208, 20.61237 ], [ 73.69241, 20.61214 ], [ 73.69279, 20.61196 ], [ 73.69313, 20.6119 ], [ 73.69338, 20.61185 ], [ 73.69346, 20.61154 ], [ 73.69414, 20.61118 ], [ 73.69466, 20.6115 ], [ 73.6946, 20.61185 ], [ 73.69521, 20.61191 ], [ 73.6954, 20.61193 ], [ 73.69556, 20.61183 ], [ 73.6958, 20.61206 ], [ 73.69608, 20.61195 ], [ 73.69641, 20.61214 ], [ 73.69742, 20.61142 ], [ 73.69771, 20.61152 ], [ 73.69887, 20.61143 ], [ 73.69989, 20.61127 ], [ 73.70012, 20.61113 ], [ 73.70087, 20.61077 ], [ 73.70107, 20.61147 ], [ 73.70234, 20.61128 ], [ 73.70347, 20.6112 ], [ 73.7035, 20.61123 ], [ 73.70478, 20.61051 ], [ 73.70553, 20.60838 ], [ 73.70637, 20.60665 ], [ 73.70669, 20.60539 ], [ 73.70655, 20.60431 ], [ 73.70657, 20.60361 ], [ 73.70655, 20.60358 ], [ 73.7063, 20.60358 ], [ 73.70523, 20.60245 ], [ 73.70418, 20.60224 ], [ 73.70319, 20.60206 ], [ 73.70277, 20.60207 ], [ 73.7026, 20.60128 ], [ 73.70121, 20.59897 ], [ 73.70033, 20.59853 ], [ 73.69869, 20.59759 ], [ 73.69758, 20.59757 ], [ 73.69643, 20.59728 ], [ 73.69496, 20.59695 ], [ 73.69318, 20.59655 ], [ 73.69277, 20.59616 ], [ 73.69242, 20.59632 ], [ 73.69165, 20.59669 ], [ 73.69032, 20.59727 ], [ 73.68953, 20.59765 ], [ 73.68952, 20.59765 ], [ 73.68923, 20.5987 ], [ 73.68932, 20.60056 ], [ 73.68695, 20.60126 ], [ 73.68482, 20.60196 ], [ 73.68366, 20.6027 ], [ 73.68452, 20.60435 ], [ 73.68415, 20.60464 ], [ 73.68376, 20.60578 ], [ 73.68273, 20.60672 ], [ 73.68258, 20.60736 ], [ 73.6818, 20.60937 ], [ 73.68176, 20.61094 ], [ 73.68288, 20.61121 ], [ 73.68343, 20.61283 ], [ 73.68377, 20.61503 ], [ 73.68368, 20.61533 ], [ 73.68378, 20.61631 ], [ 73.6849, 20.61621 ], [ 73.68523, 20.61626 ], [ 73.68536, 20.61633 ], [ 73.68569, 20.61572 ] ] ] ] } },
{ "type": "Feature", "properties": { "vid": "522838", "gz_state": "GUJARAT", "gz_district": "The Dangs", "gz_taluka": "The Dangs", "gz_village": "Jogbari", "gz_village_raw": "Jogbari", "gz_sno": 62, "esa_category": "whole_village", "bifurcated": false, "notified_forest": false, "cen_village": "Jogbari", "cen_subdistrict": "Ahwa", "cen_district": "Dangs", "censuscode": "522838", "lgd_villagecode": 522838, "score": 100.0, "scope": "dist", "area_km2": 2.456 }, "geometry": { "type": "MultiPolygon", "coordinates": [ [ [ [ 73.72965, 20.61319 ], [ 73.73025, 20.61274 ], [ 73.73072, 20.61178 ], [ 73.73074, 20.61019 ], [ 73.73105, 20.6099 ], [ 73.73096, 20.60979 ], [ 73.73129, 20.60969 ], [ 73.73178, 20.61001 ], [ 73.7319, 20.61006 ], [ 73.73227, 20.61002 ], [ 73.73251, 20.60994 ], [ 73.73288, 20.60984 ], [ 73.7336, 20.60981 ], [ 73.73465, 20.60924 ], [ 73.73491, 20.60919 ], [ 73.735, 20.60917 ], [ 73.73525, 20.60898 ], [ 73.73562, 20.60822 ], [ 73.73586, 20.60833 ], [ 73.73588, 20.6083 ], [ 73.73592, 20.60808 ], [ 73.73604, 20.60746 ], [ 73.73613, 20.60645 ], [ 73.73619, 20.60625 ], [ 73.73622, 20.60612 ], [ 73.73563, 20.60624 ], [ 73.73407, 20.6068 ], [ 73.73249, 20.60697 ], [ 73.73127, 20.60652 ], [ 73.73069, 20.60626 ], [ 73.73061, 20.60567 ], [ 73.73063, 20.60515 ], [ 73.73065, 20.60442 ], [ 73.73122, 20.60372 ], [ 73.73223, 20.60364 ], [ 73.73204, 20.60313 ], [ 73.73139, 20.60297 ], [ 73.73134, 20.6027 ], [ 73.73142, 20.60228 ], [ 73.73134, 20.60184 ], [ 73.73162, 20.60157 ], [ 73.73179, 20.60065 ], [ 73.73257, 20.60043 ], [ 73.7336, 20.60015 ], [ 73.73453, 20.60003 ], [ 73.73524, 20.59938 ], [ 73.73521, 20.59917 ], [ 73.73529, 20.59886 ], [ 73.73567, 20.59875 ], [ 73.73633, 20.5986 ], [ 73.73636, 20.59776 ], [ 73.73611, 20.59775 ], [ 73.73577, 20.59725 ], [ 73.73559, 20.59725 ], [ 73.73529, 20.59709 ], [ 73.73502, 20.59701 ], [ 73.73469, 20.59674 ], [ 73.73398, 20.59676 ], [ 73.73301, 20.59675 ], [ 73.73189, 20.59676 ], [ 73.72996, 20.59673 ], [ 73.72897, 20.59664 ], [ 73.72884, 20.59715 ], [ 73.72897, 20.59742 ], [ 73.72847, 20.59753 ], [ 73.72813, 20.5976 ], [ 73.72792, 20.59739 ], [ 73.72774, 20.59714 ], [ 73.72759, 20.59681 ], [ 73.72745, 20.59669 ], [ 73.72729, 20.59632 ], [ 73.72694, 20.59577 ], [ 73.72693, 20.59574 ], [ 73.72535, 20.59632 ], [ 73.72438, 20.59671 ], [ 73.72377, 20.59763 ], [ 73.72311, 20.5986 ], [ 73.72196, 20.5988 ], [ 73.72021, 20.59943 ], [ 73.7189, 20.59999 ], [ 73.71838, 20.60014 ], [ 73.7177, 20.60044 ], [ 73.71645, 20.6011 ], [ 73.71564, 20.6013 ], [ 73.71474, 20.60187 ], [ 73.71405, 20.60235 ], [ 73.71384, 20.60249 ], [ 73.71239, 20.60286 ], [ 73.7123, 20.60329 ], [ 73.71237, 20.60342 ], [ 73.71262, 20.60389 ], [ 73.71358, 20.60381 ], [ 73.71358, 20.60403 ], [ 73.71374, 20.60485 ], [ 73.71401, 20.60562 ], [ 73.7144, 20.60587 ], [ 73.71469, 20.60592 ], [ 73.71489, 20.60567 ], [ 73.71521, 20.60579 ], [ 73.71574, 20.60593 ], [ 73.71635, 20.60599 ], [ 73.71682, 20.60566 ], [ 73.71765, 20.60578 ], [ 73.7183, 20.60567 ], [ 73.71867, 20.60571 ], [ 73.71902, 20.60569 ], [ 73.71939, 20.60567 ], [ 73.72, 20.60592 ], [ 73.72094, 20.60631 ], [ 73.72128, 20.60626 ], [ 73.72176, 20.60628 ], [ 73.72218, 20.60645 ], [ 73.72238, 20.60657 ], [ 73.72297, 20.60696 ], [ 73.72362, 20.60782 ], [ 73.72328, 20.60827 ], [ 73.72328, 20.60839 ], [ 73.7239, 20.60831 ], [ 73.7247, 20.60851 ], [ 73.72544, 20.60856 ], [ 73.7259, 20.6086 ], [ 73.72693, 20.60894 ], [ 73.7281, 20.60989 ], [ 73.72929, 20.60965 ], [ 73.72785, 20.61081 ], [ 73.72731, 20.61145 ], [ 73.72666, 20.61222 ], [ 73.72643, 20.61294 ], [ 73.72623, 20.61355 ], [ 73.7248, 20.61345 ], [ 73.72364, 20.61394 ], [ 73.72347, 20.61508 ], [ 73.72382, 20.61543 ], [ 73.72373, 20.61743 ], [ 73.72371, 20.61806 ], [ 73.72463, 20.61821 ], [ 73.72528, 20.61801 ], [ 73.72585, 20.61797 ], [ 73.72749, 20.61782 ], [ 73.72868, 20.61752 ], [ 73.72903, 20.61662 ], [ 73.73051, 20.61613 ], [ 73.72973, 20.61579 ], [ 73.72891, 20.61553 ], [ 73.72968, 20.61436 ], [ 73.7297, 20.61433 ], [ 73.72965, 20.61319 ] ] ] ] } },
{ "type": "Feature", "properties": { "vid": "522840", "gz_state": "GUJARAT", "gz_district": "The Dangs", "gz_taluka": "The Dangs", "gz_village": "Malegaon", "gz_village_raw": "Malegaon", "gz_sno": 63, "esa_category": "whole_village", "bifurcated": false, "notified_forest": false, "cen_village": "Malegaon", "cen_subdistrict": "Ahwa", "cen_district": "Dangs", "censuscode": "522840", "lgd_villagecode": 522840, "score": 100.0, "scope": "dist", "area_km2": 4.739 }, "geometry": { "type": "MultiPolygon", "coordinates": [ [ [ [ 73.73622, 20.60612 ], [ 73.73619, 20.60625 ], [ 73.73656, 20.60589 ], [ 73.73812, 20.60531 ], [ 73.73918, 20.60498 ], [ 73.74068, 20.60481 ], [ 73.74083, 20.60409 ], [ 73.74165, 20.60431 ], [ 73.74269, 20.60406 ], [ 73.74356, 20.60392 ], [ 73.74421, 20.60363 ], [ 73.74505, 20.60316 ], [ 73.74438, 20.60237 ], [ 73.74362, 20.6006 ], [ 73.74207, 20.59934 ], [ 73.74121, 20.59921 ], [ 73.74216, 20.59795 ], [ 73.74235, 20.59731 ], [ 73.74387, 20.59693 ], [ 73.74537, 20.59683 ], [ 73.74648, 20.59625 ], [ 73.74772, 20.59618 ], [ 73.74821, 20.5962 ], [ 73.74939, 20.59647 ], [ 73.75038, 20.5954 ], [ 73.75169, 20.59527 ], [ 73.75159, 20.59365 ], [ 73.75204, 20.59272 ], [ 73.75313, 20.59284 ], [ 73.75424, 20.59019 ], [ 73.75534, 20.58792 ], [ 73.75606, 20.58707 ], [ 73.7553, 20.5868 ], [ 73.75399, 20.58642 ], [ 73.75289, 20.58591 ], [ 73.75168, 20.58529 ], [ 73.7504, 20.58489 ], [ 73.7492, 20.58338 ], [ 73.74865, 20.58288 ], [ 73.74829, 20.58247 ], [ 73.74807, 20.58081 ], [ 73.7471, 20.57978 ], [ 73.74516, 20.57934 ], [ 73.74203, 20.57862 ], [ 73.74015, 20.57836 ], [ 73.73845, 20.578 ], [ 73.73837, 20.57803 ], [ 73.73842, 20.57805 ], [ 73.73686, 20.58052 ], [ 73.73606, 20.58215 ], [ 73.73576, 20.5828 ], [ 73.73503, 20.58427 ], [ 73.73486, 20.58481 ], [ 73.73449, 20.58596 ], [ 73.73427, 20.58656 ], [ 73.73336, 20.58722 ], [ 73.73358, 20.58807 ], [ 73.73288, 20.59011 ], [ 73.73211, 20.59059 ], [ 73.73077, 20.59184 ], [ 73.72959, 20.59299 ], [ 73.72906, 20.59348 ], [ 73.72733, 20.59343 ], [ 73.72663, 20.59385 ], [ 73.7266, 20.59383 ], [ 73.72658, 20.59389 ], [ 73.72654, 20.59465 ], [ 73.72694, 20.59576 ], [ 73.72694, 20.59577 ], [ 73.72729, 20.59632 ], [ 73.72745, 20.59669 ], [ 73.72759, 20.59681 ], [ 73.72774, 20.59714 ], [ 73.72792, 20.59739 ], [ 73.72813, 20.5976 ], [ 73.72847, 20.59753 ], [ 73.72897, 20.59742 ], [ 73.72884, 20.59715 ], [ 73.72897, 20.59664 ], [ 73.72996, 20.59673 ], [ 73.73189, 20.59676 ], [ 73.73301, 20.59675 ], [ 73.73398, 20.59676 ], [ 73.73469, 20.59674 ], [ 73.73502, 20.59701 ], [ 73.73529, 20.59709 ], [ 73.73559, 20.59725 ], [ 73.73577, 20.59725 ], [ 73.73611, 20.59775 ], [ 73.73636, 20.59776 ], [ 73.73633, 20.5986 ], [ 73.73567, 20.59875 ], [ 73.73529, 20.59886 ], [ 73.73521, 20.59917 ], [ 73.73524, 20.59938 ], [ 73.73453, 20.60003 ], [ 73.7336, 20.60015 ], [ 73.73257, 20.60043 ], [ 73.73179, 20.60065 ], [ 73.73162, 20.60157 ], [ 73.73134, 20.60184 ], [ 73.73142, 20.60228 ], [ 73.73134, 20.6027 ], [ 73.73139, 20.60297 ], [ 73.73204, 20.60313 ], [ 73.73223, 20.60364 ], [ 73.73122, 20.60372 ], [ 73.73065, 20.60442 ], [ 73.73063, 20.60515 ], [ 73.73061, 20.60567 ], [ 73.73069, 20.60626 ], [ 73.73127, 20.60652 ], [ 73.73249, 20.60697 ], [ 73.73407, 20.6068 ], [ 73.73563, 20.60624 ], [ 73.73622, 20.60612 ] ] ] ] } },
{ "type": "Feature", "properties": { "vid": "522839", "gz_state": "GUJARAT", "gz_district": "The Dangs", "gz_taluka": "The Dangs", "gz_village": "Baradpani", "gz_village_raw": "Baradpani", "gz_sno": 64, "esa_category": "whole_village", "bifurcated": false, "notified_forest": false, "cen_village": "Baradpani", "cen_subdistrict": "Ahwa", "cen_district": "Dangs", "censuscode": "522839", "lgd_villagecode": 522839, "score": 100.0, "scope": "dist", "area_km2": 3.326 }, "geometry": { "type": "MultiPolygon", "coordinates": [ [ [ [ 73.72733, 20.59343 ], [ 73.72906, 20.59348 ], [ 73.72959, 20.59299 ], [ 73.73077, 20.59184 ], [ 73.73211, 20.59059 ], [ 73.73288, 20.59011 ], [ 73.73358, 20.58807 ], [ 73.73336, 20.58722 ], [ 73.73427, 20.58656 ], [ 73.73449, 20.58596 ], [ 73.73486, 20.58481 ], [ 73.73503, 20.58427 ], [ 73.73576, 20.5828 ], [ 73.73606, 20.58215 ], [ 73.73686, 20.58052 ], [ 73.73842, 20.57805 ], [ 73.73837, 20.57803 ], [ 73.73659, 20.57716 ], [ 73.7355, 20.57614 ], [ 73.73392, 20.575 ], [ 73.73333, 20.57457 ], [ 73.73233, 20.57442 ], [ 73.73136, 20.57432 ], [ 73.72949, 20.57413 ], [ 73.72886, 20.57407 ], [ 73.72763, 20.57396 ], [ 73.72588, 20.5738 ], [ 73.72586, 20.5738 ], [ 73.72497, 20.57386 ], [ 73.72454, 20.57393 ], [ 73.72409, 20.574 ], [ 73.72258, 20.57423 ], [ 73.72256, 20.57425 ], [ 73.72185, 20.57542 ], [ 73.72115, 20.57633 ], [ 73.71965, 20.57828 ], [ 73.71949, 20.57842 ], [ 73.71948, 20.57841 ], [ 73.71946, 20.57848 ], [ 73.71894, 20.5792 ], [ 73.7187, 20.57957 ], [ 73.71833, 20.58039 ], [ 73.7181, 20.58138 ], [ 73.71792, 20.58171 ], [ 73.7178, 20.58194 ], [ 73.71782, 20.58237 ], [ 73.7175, 20.58268 ], [ 73.71727, 20.58273 ], [ 73.71722, 20.58318 ], [ 73.71706, 20.58369 ], [ 73.71683, 20.58485 ], [ 73.71683, 20.58507 ], [ 73.71648, 20.58533 ], [ 73.71653, 20.58573 ], [ 73.71624, 20.58599 ], [ 73.71624, 20.58614 ], [ 73.7162, 20.58651 ], [ 73.71606, 20.58672 ], [ 73.71584, 20.58696 ], [ 73.71585, 20.58727 ], [ 73.71601, 20.58779 ], [ 73.71552, 20.58787 ], [ 73.71661, 20.5885 ], [ 73.71828, 20.58927 ], [ 73.71868, 20.58958 ], [ 73.71989, 20.59007 ], [ 73.7199, 20.5905 ], [ 73.72073, 20.5911 ], [ 73.72165, 20.59153 ], [ 73.72267, 20.59194 ], [ 73.72333, 20.59223 ], [ 73.72444, 20.59277 ], [ 73.7259, 20.59338 ], [ 73.7266, 20.59383 ], [ 73.72663, 20.59385 ], [ 73.72733, 20.59343 ] ] ] ] } }
]
}
