gz_state,gz_district,gz_taluka,gz_village,gz_village_raw,gz_sno,esa_category,bifurcated,notified_forest,cen_village,cen_subdistrict,cen_district,censuscode,lgd_villagecode,score,scope,area_km2
KARNATAKA,Belgaum,Khanapur,Abanali,Abanali,2,whole_village,False,False,Abanali,Khanapur,Belagavi,597922,597922,100.0,dist+tal,11.355
KARNATAKA,Belgaum,Khanapur,Akrali,Akrali,3,whole_village,False,False,Akrali,Khanapur,Belagavi,597929,597929,100.0,dist+tal,29.645
KARNATAKA,Belgaum,Khanapur,Ambewadi,Ambewadi,5,whole_village,False,False,Ambewadi,Khanapur,Belagavi,597932,597932,100.0,dist+tal,4.539
KARNATAKA,Belgaum,Khanapur,Amgaon,Amgaon,6,whole_village,False,False,Amagaon,Khanapur,Belagavi,597816,597816,92.3,dist+tal,30.65
KARNATAKA,Belgaum,Khanapur,Bailur,Bailur,7,whole_village,False,False,Bailur,Khanapur,Belagavi,597821,597821,100.0,dist+tal,24.53
KARNATAKA,Belgaum,Khanapur,Bastwad,Bastwad,8,whole_village,False,False,Bastawad,Khanapur,Belagavi,597978,597978,93.3,dist+tal,5.192
KARNATAKA,Belgaum,Khanapur,Betageri,Betageri,9,whole_village,False,False,Betageri,Khanapur,Belagavi,597812,597812,100.0,dist+tal,5.511
KARNATAKA,Belgaum,Khanapur,Betne,Betne,10,whole_village,False,False,Betne,Khanapur,Belagavi,597809,597809,100.0,dist+tal,15.155
KARNATAKA,Belgaum,Khanapur,Chapoli,Chapoli,11,whole_village,False,False,Chapoli,Khanapur,Belagavi,597817,597817,100.0,dist+tal,27.611
KARNATAKA,Belgaum,Khanapur,Chigule,Chigule,12,whole_village,False,False,Chigule,Khanapur,Belagavi,597804,597804,100.0,dist+tal,22.299
KARNATAKA,Belgaum,Khanapur,Chikhale,Chikhale,13,whole_village,False,False,Chikhale,Khanapur,Belagavi,597808,597808,100.0,dist+tal,21.558
KARNATAKA,Belgaum,Khanapur,Chinchewadi,Chinchewadi,14,whole_village,False,False,Chinchewadi,Khanapur,Belagavi,597964,597964,100.0,dist+tal,4.088
KARNATAKA,Belgaum,Khanapur,Chorle,Chorle,15,whole_village,False,False,Chorla,Khanapur,Belagavi,597806,597806,100.0,dist+tal,37.246
KARNATAKA,Belgaum,Khanapur,Daroli,Daroli,16,whole_village,False,False,Daroli,Khanapur,Belagavi,597835,597835,100.0,dist+tal,2.797
KARNATAKA,Belgaum,Khanapur,Degaon,Degaon,17,whole_village,False,False,Degaon,Khanapur,Belagavi,597916,597916,100.0,dist+tal,6.812
KARNATAKA,Belgaum,Khanapur,Dongargaon,Dongargaon,18,whole_village,False,False,Dongargaon,Khanapur,Belagavi,597927,597927,100.0,dist+tal,15.494
KARNATAKA,Belgaum,Khanapur,Gavse,Gavse,19,whole_village,False,False,Gawase,Khanapur,Belagavi,597815,597815,88.9,dist+tal,11.161
KARNATAKA,Belgaum,Khanapur,Gharli,Gharli,20,whole_village,False,False,Gharli,Khanapur,Belagavi,597963,597963,100.0,dist+tal,5.572
KARNATAKA,Belgaum,Khanapur,Ghose B,Ghose B,21,whole_village,False,False,Ghose B K,Khanapur,Belagavi,597957,597957,92.3,dist+tal,3.238
KARNATAKA,Belgaum,Khanapur,Ghose K,Ghose K,22,whole_village,False,False,Ghose K H,Khanapur,Belagavi,597946,597946,92.3,dist+tal,6.514
KARNATAKA,Belgaum,Khanapur,Ghotgali,Ghotgali,23,whole_village,False,False,Ghotagali,Khanapur,Belagavi,597971,597971,94.1,dist+tal,7.995
KARNATAKA,Belgaum,Khanapur,Golyali,Golyali,24,whole_village,False,False,Golyali,Khanapur,Belagavi,597811,597811,100.0,dist+tal,17.368
KARNATAKA,Belgaum,Khanapur,Gowali,Gowali,25,whole_village,False,False,Gavali,Khanapur,Belagavi,597917,597917,80.0,dist+tal,52.543
KARNATAKA,Belgaum,Khanapur,Hemadge,Hemadge,26,whole_village,False,False,Hemmadaga,Khanapur,Belagavi,597921,597921,92.3,dist+tal,33.034
KARNATAKA,Belgaum,Khanapur,Holade,Holade,27,whole_village,False,False,Holda,Khanapur,Belagavi,597913,597913,88.9,dist+tal,11.643
KARNATAKA,Belgaum,Khanapur,Holand,Holand,28,whole_village,False,False,Huland,Khanapur,Belagavi,597803,597803,83.3,dist+tal,23.977
KARNATAKA,Belgaum,Khanapur,Jamagaon,Jamagaon,29,whole_village,False,False,Jamagaon,Khanapur,Belagavi,597920,597920,100.0,dist+tal,14.897
KARNATAKA,Belgaum,Khanapur,Jamboti,Jamboti,30,whole_village,False,False,Jamboti,Khanapur,Belagavi,597826,597826,100.0,dist+tal,16.207
KARNATAKA,Belgaum,Khanapur,Kabanali,Kabanali,31,whole_village,False,False,Kabanali,Khanapur,Belagavi,597830,597830,100.0,dist+tal,9.166
KARNATAKA,Belgaum,Khanapur,Kalmani,Kalmani,32,whole_village,False,False,Kalmani,Khanapur,Belagavi,597818,597818,100.0,dist+tal,8.203
KARNATAKA,Belgaum,Khanapur,Kamatge,Kamatge,33,whole_village,False,False,Kamatage,Khanapur,Belagavi,597944,597944,93.3,dist+tal,6.009
KARNATAKA,Belgaum,Khanapur,Kankumbi,Kankumbi,34,whole_village,False,False,Kanakumbi,Khanapur,Belagavi,597805,597805,94.1,dist+tal,31.397
KARNATAKA,Belgaum,Khanapur,Kapoli,Kapoli,35,whole_village,False,False,Kapoli K G,Khanapur,Belagavi,597956,597956,100.0,dist+tal,11.391
KARNATAKA,Belgaum,Khanapur,Kavale,Kavale,36,whole_village,False,False,Kavale,Khanapur,Belagavi,597831,597831,100.0,dist+tal,5.694
KARNATAKA,Belgaum,Khanapur,Kelil,Kelil,37,whole_village,False,False,Kelil,Khanapur,Belagavi,597914,597914,100.0,dist+tal,16.151
KARNATAKA,Belgaum,Khanapur,Khanapur (Rural),Khanapur (Rural),38,whole_village,False,False,Khanapur Rural,Khanapur,Belagavi,597873,597873,100.0,dist+tal,1.773
KARNATAKA,Belgaum,Khanapur,Kirvale,Kirvale,39,whole_village,False,False,Kirawale K G,Khanapur,Belagavi,597931,597931,92.3,dist+tal,10.003
KARNATAKA,Belgaum,Khanapur,Kodagai,Kodagai,40,whole_village,False,False,Kodagai,Khanapur,Belagavi,597965,597965,100.0,dist+tal,3.922
KARNATAKA,Belgaum,Khanapur,Kongle,Kongle,41,whole_village,False,False,Kongale,Khanapur,Belagavi,597919,597919,92.3,dist+tal,13.592
KARNATAKA,Belgaum,Khanapur,Kumbharde,Kumbharde,42,whole_village,False,False,Kumbarda,Khanapur,Belagavi,597975,597975,93.3,dist+tal,13.118
KARNATAKA,Belgaum,Khanapur,Manturge,Manturge,43,whole_village,False,False,Manturga,Khanapur,Belagavi,597924,597924,100.0,dist+tal,12.281
KARNATAKA,Belgaum,Khanapur,Mendil,Mendil,44,whole_village,False,False,Mendil,Khanapur,Belagavi,597915,597915,100.0,dist+tal,13.285
KARNATAKA,Belgaum,Khanapur,Mohiset,Mohiset,45,whole_village,False,False,Mohiset,Khanapur,Belagavi,597930,597930,100.0,dist+tal,12.661
KARNATAKA,Belgaum,Khanapur,Morab,Morab,46,whole_village,False,False,Morab,Khanapur,Belagavi,597822,597822,100.0,dist+tal,3.831
KARNATAKA,Belgaum,Khanapur,Mundwad Pimple,Mundwad Pimple,47,whole_village,False,False,Mundwad Pimpale,Khanapur,Belagavi,597962,597962,96.3,dist+tal,7.58
KARNATAKA,Belgaum,Khanapur,Mungvade,Mungvade,48,whole_village,False,False,Mugawade,Khanapur,Belagavi,597829,597829,85.7,dist+tal,10.435
KARNATAKA,Belgaum,Khanapur,Nagargali,Nagargali,49,whole_village,False,False,Nagaragali,Khanapur,Belagavi,597980,597980,94.7,dist+tal,37.528
KARNATAKA,Belgaum,Khanapur,Nerse,Nerse,50,whole_village,False,False,Nerase,Khanapur,Belagavi,597923,597923,90.9,dist+tal,19.846
KARNATAKA,Belgaum,Khanapur,Padalvadi,Padalvadi,51,whole_village,False,False,Padalwadi,Khanapur,Belagavi,597953,597953,100.0,dist+tal,3.778
KARNATAKA,Belgaum,Khanapur,Parwad,Parwad,52,whole_village,False,False,Parwad,Khanapur,Belagavi,597807,597807,100.0,dist+tal,14.001
KARNATAKA,Belgaum,Khanapur,Pashtoli,Pashtoli,53,whole_village,False,False,Pastoli,Khanapur,Belagavi,597918,597918,100.0,dist+tal,7.11
KARNATAKA,Belgaum,Khanapur,Satnali,Satnali,54,whole_village,False,False,Satanali,Khanapur,Belagavi,597960,597960,93.3,dist+tal,3.471
KARNATAKA,Belgaum,Khanapur,Shindoli B,Shindoli B,55,whole_village,False,False,Shindholli B K,Khanapur,Belagavi,597968,597968,88.9,dist+tal,1.783
KARNATAKA,Belgaum,Khanapur,Shindoli K,Shindoli K,56,whole_village,False,False,Shindoli Part,Belagavi,Belagavi,597766,597766,94.1,dist,4.726
KARNATAKA,Belgaum,Khanapur,Shiroli,Shiroli,57,whole_village,False,False,Shiroli,Khanapur,Belagavi,597926,597926,100.0,dist+tal,9.559
KARNATAKA,Belgaum,Khanapur,Siwatwadi,Siwatwadi,58,whole_village,False,False,Suwatawadi,Khanapur,Belagavi,597974,597974,84.2,dist+tal,6.927
KARNATAKA,Belgaum,Khanapur,Sulegali,Sulegali,59,whole_village,False,False,Sulegali,Khanapur,Belagavi,597979,597979,100.0,dist+tal,3.95
KARNATAKA,Belgaum,Khanapur,Tarwad,Tarwad,60,whole_village,False,False,Tarawad,Khanapur,Belagavi,597973,597973,92.3,dist+tal,5.152
KARNATAKA,Belgaum,Khanapur,Teregali,Teregali,61,whole_village,False,False,Teregali,Khanapur,Belagavi,597925,597925,100.0,dist+tal,7.331
KARNATAKA,Belgaum,Khanapur,Uchawade,Uchawade,62,whole_village,False,False,Uchawade,Khanapur,Belagavi,597823,597823,100.0,dist+tal,8.24
KARNATAKA,Belgaum,Khanapur,Warkhad,Warkhad,63,whole_village,False,False,Warkhadpatye,Khanapur,Belagavi,597928,597928,77.8,dist+tal,29.244
KARNATAKA,Chamaraja Nagar,Gundlupet,Bachahalli,Bachahalli,64,whole_village,False,False,Bachahalli,Gundlupet,Chamarajanagar,619593,619593,100.0,dist+tal,29.419
KARNATAKA,Chamaraja Nagar,Gundlupet,Bandipura,Bandipura,65,whole_village,False,False,Bandipura,Gundlupet,Chamarajanagar,619597,619597,100.0,dist+tal,3.026
KARNATAKA,Chamaraja Nagar,Gundlupet,Bandipura District Forest,Bandipura District Forest,66,whole_village,False,False,Bandipura District Forest,Gundlupet,Chamarajanagar,619600,619600,100.0,dist+tal,91.919
KARNATAKA,Chamaraja Nagar,Gundlupet,Bandipura State Forest,Bandipura State Forest,67,whole_village,False,False,Bandipura State Forest,Gundlupet,Chamarajanagar,619598,619598,100.0,dist+tal,86.365
KARNATAKA,Chamaraja Nagar,Gundlupet,Baragi,Baragi,68,whole_village,False,False,Baragi,Gundlupet,Chamarajanagar,619483,619483,100.0,dist+tal,29.084
KARNATAKA,Chamaraja Nagar,Gundlupet,Berambadi District Forest,Berambadi District Forest,69,whole_village,False,False,Berambadi District Forest,Gundlupet,Chamarajanagar,619557,619557,100.0,dist+tal,12.516
KARNATAKA,Chamaraja Nagar,Gundlupet,Berambady,Berambady,73,whole_village,False,False,Berambadi,Gundlupet,Chamarajanagar,619561,619561,94.1,dist+tal,13.924
KARNATAKA,Chamaraja Nagar,Gundlupet,Channamallipura,Channamallipura,74,whole_village,False,False,Channamallipura,Gundlupet,Chamarajanagar,619558,619558,100.0,dist+tal,6.016
KARNATAKA,Chamaraja Nagar,Gundlupet,Chirakanahalli,Chirakanahalli,75,whole_village,False,False,Chirakanahalli,Gundlupet,Chamarajanagar,619550,619550,100.0,dist+tal,8.49
KARNATAKA,Chamaraja Nagar,Gundlupet,Heggavady,Heggavady,76,whole_village,False,False,Heggavadi,Gundlupet,Chamarajanagar,619554,619554,93.3,dist+tal,20.418
KARNATAKA,Chamaraja Nagar,Gundlupet,Hongahalli,Hongahalli,77,whole_village,False,False,Hongahalli,Gundlupet,Chamarajanagar,619496,619496,100.0,dist+tal,7.893
KARNATAKA,Chamaraja Nagar,Gundlupet,Kadabur,Kadabur,78,whole_village,False,False,Kadabur,Gundlupet,Chamarajanagar,619549,619549,100.0,dist+tal,10.712
KARNATAKA,Chamaraja Nagar,Gundlupet,Kallipura,Kallipura,79,whole_village,False,False,Kallipura,Gundlupet,Chamarajanagar,619566,619566,100.0,dist+tal,7.474
KARNATAKA,Chamaraja Nagar,Gundlupet,Kaniyanapura,Kaniyanapura,80,whole_village,False,False,Kaniyanapura,Gundlupet,Chamarajanagar,619589,619589,100.0,dist+tal,14.286
KARNATAKA,Chamaraja Nagar,Gundlupet,Kunagahalli,Kunagahalli,81,whole_village,False,False,Kunagahalli,Gundlupet,Chamarajanagar,619565,619565,100.0,dist+tal,4.273
KARNATAKA,Chamaraja Nagar,Gundlupet,Lakkipura,Lakkipura,82,whole_village,False,False,Lakkipura,Gundlupet,Chamarajanagar,619562,619562,100.0,dist+tal,2.83
KARNATAKA,Chamaraja Nagar,Gundlupet,Maddur,Maddur,83,whole_village,False,False,Maddur,Gundlupet,Chamarajanagar,619559,619559,100.0,dist+tal,5.197
KARNATAKA,Chamaraja Nagar,Gundlupet,Maguvinahalli,Maguvinahalli,84,whole_village,False,False,Maguvinahally,Gundlupet,Chamarajanagar,619575,619575,95.7,dist+tal,12.073
KARNATAKA,Chikmagalur,Chikmagalur,Arenoor,Arenoor,85,whole_village,False,False,Arenoor,Chikkamagaluru,Chikkamagaluru,609716,609716,100.0,dist+tal,7.049
KARNATAKA,Chikmagalur,Chikmagalur,Attigeri,Attigeri,86,whole_village,False,False,Attigeri,Shiggaon,Haveri,603917,603917,100.0,state,18.45
KARNATAKA,Chikmagalur,Chikmagalur,Basapura,Basapura,87,whole_village,False,False,Basapura,Chikkamagaluru,Chikkamagaluru,609667,609667,100.0,dist+tal,7.26
KARNATAKA,Chikmagalur,Chikmagalur,Basaravalli,Basaravalli,88,whole_village,False,False,Basaravalli,Chikkamagaluru,Chikkamagaluru,609708,609708,100.0,dist+tal,4.118
KARNATAKA,Chikmagalur,Chikmagalur,Beranagod,Beranagod,89,whole_village,False,False,Beranagodu,Chikkamagaluru,Chikkamagaluru,609697,609697,100.0,dist+tal,8.974
KARNATAKA,Chikmagalur,Chikmagalur,Bidari,Bidari,90,whole_village,False,False,Bidare,Chikkamagaluru,Chikkamagaluru,609664,609664,100.0,dist+tal,35.765
KARNATAKA,Chikmagalur,Chikmagalur,Bikkarni,Bikkarni,91,whole_village,False,False,Bikkarane,Chikkamagaluru,Chikkamagaluru,609671,609671,92.3,dist+tal,5.522
KARNATAKA,Chikmagalur,Chikmagalur,Bogashi,Bogashi,92,whole_village,False,False,Boggase,Chikkamagaluru,Chikkamagaluru,609665,609665,100.0,dist+tal,11.525
KARNATAKA,Chikmagalur,Chikmagalur,Churchigud Kaval,Churchigud Kaval,93,whole_village,False,False,Churchugudde Kaval,Chikkamagaluru,Chikkamagaluru,609751,609751,90.3,dist+tal,42.98
KARNATAKA,Chikmagalur,Chikmagalur,Dattatrayapitha,Dattatrayapitha,94,whole_village,False,False,Dattathreyapeeta,Chikkamagaluru,Chikkamagaluru,609687,609687,84.6,dist+tal,12.587
KARNATAKA,Chikmagalur,Chikmagalur,Heggaramattivani,Heggaramattivani,95,whole_village,False,False,Heggarmathavani,Chikkamagaluru,Chikkamagaluru,609674,609674,84.6,dist+tal,15.664
KARNATAKA,Chikmagalur,Chikmagalur,Hippala,Hippala,96,whole_village,False,False,Hippali,Arkalgud,Hassan,616499,616499,100.0,state,1.329
KARNATAKA,Chikmagalur,Chikmagalur,Hugeri,Hugeri,97,whole_village,False,False,Huigere,Chikkamagaluru,Chikkamagaluru,609670,609670,90.9,dist+tal,28.196
KARNATAKA,Chikmagalur,Chikmagalur,Jagara,Jagara,98,whole_village,False,False,Jagara,Chikkamagaluru,Chikkamagaluru,609685,609685,100.0,dist+tal,15.484
KARNATAKA,Chikmagalur,Chikmagalur,Kadavanti,Kadavanti,99,whole_village,False,False,Kadavanthi,Chikkamagaluru,Chikkamagaluru,609666,609666,94.7,dist+tal,15.527
KARNATAKA,Chikmagalur,Chikmagalur,Kesavi,Kesavi,100,whole_village,False,False,Kesave,Chikkamagaluru,Chikkamagaluru,609682,609682,100.0,dist+tal,30.272
KARNATAKA,Chikmagalur,Chikmagalur,Kesavinamane,Kesavinamane,101,whole_village,False,False,Kesavinamane,Chikkamagaluru,Chikkamagaluru,609678,609678,100.0,dist+tal,44.771
KARNATAKA,Chikmagalur,Chikmagalur,Kolgave,Kolgave,102,whole_village,False,False,Kolagave,Chikkamagaluru,Chikkamagaluru,609686,609686,93.3,dist+tal,29.277
KARNATAKA,Chikmagalur,Chikmagalur,Madla,Madla,103,whole_village,False,False,Madla,Chikkamagaluru,Chikkamagaluru,609675,609675,100.0,dist+tal,18.151
KARNATAKA,Chikmagalur,Chikmagalur,Malagaru,Malagaru,104,whole_village,False,False,Malagaru,Chikkamagaluru,Chikkamagaluru,609691,609691,100.0,dist+tal,4.924
KARNATAKA,Chikmagalur,Chikmagalur,Manabur,Manabur,105,whole_village,False,False,Manaboor,Chikkamagaluru,Chikkamagaluru,609672,609672,100.0,dist+tal,5.338
KARNATAKA,Chikmagalur,Chikmagalur,Melinahuluvathi,Melinahuluvathi,106,whole_village,False,False,Melinahuluvathi,Chikkamagaluru,Chikkamagaluru,609681,609681,100.0,dist+tal,25.074
KARNATAKA,Chikmagalur,Chikmagalur,Melugiri,Melugiri,107,whole_village,False,False,Melagiri,Chikkamagaluru,Chikkamagaluru,609677,609677,87.5,dist+tal,34.646
KARNATAKA,Chikmagalur,Chikmagalur,Saragodu,Saragodu,109,whole_village,False,False,Saragodu,Chikkamagaluru,Chikkamagaluru,609673,609673,100.0,dist+tal,31.696
KARNATAKA,Chikmagalur,Chikmagalur,Shiraguru,Shiraguru,110,whole_village,False,False,Shiragura,Belur,Hassan,615092,615092,100.0,state,5.487
KARNATAKA,Chikmagalur,Chikmagalur,Shirvashi,Shirvashi,111,whole_village,False,False,Shiravase,Chikkamagaluru,Chikkamagaluru,609684,609684,92.3,dist+tal,29.527
KARNATAKA,Chikmagalur,Chikmagalur,Sugadavani,Sugadavani,112,whole_village,False,False,Suguduvani,Chikkamagaluru,Chikkamagaluru,609683,609683,80.0,dist+tal,31.303
KARNATAKA,Chikmagalur,Koppa,Adagebailu,Adagebailu,113,whole_village,False,False,Adigebylu,Koppa,Chikkamagaluru,609026,609026,73.7,dist+tal,17.024
KARNATAKA,Chikmagalur,Koppa,Addada,Addada,114,whole_village,False,False,Addada,Koppa,Chikkamagaluru,608996,608996,100.0,dist+tal,13.563
KARNATAKA,Chikmagalur,Koppa,Belawadi,Belawadi,115,whole_village,False,False,Belawadi,Koppa,Chikkamagaluru,609015,609015,100.0,dist+tal,1.823
KARNATAKA,Chikmagalur,Koppa,Bhandigadi,Bhandigadi,116,whole_village,False,False,Bhandigadi,Koppa,Chikkamagaluru,608971,608971,100.0,dist+tal,11.355
KARNATAKA,Chikmagalur,Koppa,Bilagadde,Bilagadde,117,whole_village,False,False,Bilagadde,Koppa,Chikkamagaluru,608978,608978,100.0,dist+tal,12.141
KARNATAKA,Chikmagalur,Koppa,Bolapura,Bolapura,118,whole_village,False,False,Bolapura,Koppa,Chikkamagaluru,608990,608990,100.0,dist+tal,4.657
KARNATAKA,Chikmagalur,Koppa,Dayamballi,Dayamballi,119,whole_village,False,False,Dayamballi,Koppa,Chikkamagaluru,609018,609018,100.0,dist+tal,8.86
KARNATAKA,Chikmagalur,Koppa,Devagodu,Devagodu,120,whole_village,False,False,Devagodu,Koppa,Chikkamagaluru,609043,609043,100.0,dist+tal,15.333
KARNATAKA,Chikmagalur,Koppa,Devarahalli,Devarahalli,121,whole_village,False,False,Devarahalli,Koppa,Chikkamagaluru,608965,608965,100.0,dist+tal,0.898
KARNATAKA,Chikmagalur,Koppa,Gunavanthe,Gunavanthe,122,whole_village,False,False,Gunavanthe,Koppa,Chikkamagaluru,608993,608993,100.0,dist+tal,13.665
KARNATAKA,Chikmagalur,Koppa,Haralane,Haralane,123,whole_village,False,False,Haralane,Koppa,Chikkamagaluru,609033,609033,100.0,dist+tal,5.971
KARNATAKA,Chikmagalur,Koppa,Heggaru,Heggaru,124,whole_village,False,False,Heggaru,Koppa,Chikkamagaluru,609021,609021,100.0,dist+tal,9.836
KARNATAKA,Chikmagalur,Koppa,Hirekodige,Hirekodige,125,whole_village,False,False,Hirekodige,Koppa,Chikkamagaluru,608991,608991,100.0,dist+tal,9.633
KARNATAKA,Chikmagalur,Koppa,Honagaru,Honagaru,126,whole_village,False,False,Honagaru,Koppa,Chikkamagaluru,608968,608968,100.0,dist+tal,1.224
KARNATAKA,Chikmagalur,Koppa,Hosuru,Hosuru,127,whole_village,False,False,Hosuru,Koppa,Chikkamagaluru,609020,609020,100.0,dist+tal,11.443
KARNATAKA,Chikmagalur,Koppa,Huligaradi,Huligaradi,128,whole_village,False,False,Huligaradi,Koppa,Chikkamagaluru,609031,609031,100.0,dist+tal,5.798
KARNATAKA,Chikmagalur,Koppa,Kagga,Kagga,129,whole_village,False,False,Kagga,Koppa,Chikkamagaluru,608995,608995,100.0,dist+tal,1.504
KARNATAKA,Chikmagalur,Koppa,Kalgundi,Kalgundi,130,whole_village,False,False,Kallugudde,Koppa,Chikkamagaluru,609035,609035,85.7,dist+tal,20.197
KARNATAKA,Chikmagalur,Koppa,Karimane,Karimane,131,whole_village,False,False,Karimane,Koppa,Chikkamagaluru,609016,609016,100.0,dist+tal,5.063
KARNATAKA,Chikmagalur,Koppa,Kelakuli,Kelakuli,132,whole_village,False,False,Kelakuli,Koppa,Chikkamagaluru,608992,608992,100.0,dist+tal,15.808
KARNATAKA,Chikmagalur,Koppa,Kesave,Kesave,133,whole_village,False,False,Kesave,Koppa,Chikkamagaluru,608999,608999,100.0,dist+tal,6.486
KARNATAKA,Chikmagalur,Koppa,Kumbarkoppa,Kumbarkoppa,134,whole_village,False,False,Kumbarkoppa,Koppa,Chikkamagaluru,608994,608994,100.0,dist+tal,4.831
KARNATAKA,Chikmagalur,Koppa,Kunchur,Kunchur,135,whole_village,False,False,Kunchur,Koppa,Chikkamagaluru,609004,609004,100.0,dist+tal,6.08
KARNATAKA,Chikmagalur,Koppa,Lokanathapura,Lokanathapura,136,whole_village,False,False,Lokanathapura,Koppa,Chikkamagaluru,609019,609019,100.0,dist+tal,7.892
KARNATAKA,Chikmagalur,Koppa,Machikoppa,Machikoppa,137,whole_village,False,False,Machikoppa,Koppa,Chikkamagaluru,609011,609011,100.0,dist+tal,4.173
KARNATAKA,Chikmagalur,Koppa,Marithotlu,Marithotlu,138,whole_village,False,False,Marithotlu,Koppa,Chikkamagaluru,609005,609005,100.0,dist+tal,8.789
KARNATAKA,Chikmagalur,Koppa,Megur,Megur,139,whole_village,False,False,Megur,Koppa,Chikkamagaluru,609034,609034,100.0,dist+tal,17.694
KARNATAKA,Chikmagalur,Koppa,Nuggi,Nuggi,140,whole_village,False,False,Nuggi,Koppa,Chikkamagaluru,609008,609008,100.0,dist+tal,11.557
KARNATAKA,Chikmagalur,Koppa,Shankarapura,Shankarapura,141,whole_village,False,False,Shankarapura,Koppa,Chikkamagaluru,608975,608975,100.0,dist+tal,1.304
KARNATAKA,Chikmagalur,Koppa,Talamakki Estate,Talamakki Estate,142,whole_village,False,False,Talamakki Estate,Koppa,Chikkamagaluru,609001,609001,100.0,dist+tal,3.084
KARNATAKA,Chikmagalur,Koppa,Udana,Udana,143,whole_village,False,False,Udana,Koppa,Chikkamagaluru,609012,609012,100.0,dist+tal,0.509
KARNATAKA,Chikmagalur,Mudigere,Aramane Thalagur,Aramane Thalagur,144,whole_village,False,False,Aramane Thalagur,Mudigere,Chikkamagaluru,609907,609907,100.0,dist+tal,7.01
KARNATAKA,Chikmagalur,Mudigere,Attigere,Attigere,145,whole_village,False,False,Attigere,Mudigere,Chikkamagaluru,609927,609927,100.0,dist+tal,14.902
KARNATAKA,Chikmagalur,Mudigere,Balur,Balur,146,whole_village,False,False,Balur,Mudigere,Chikkamagaluru,609926,609926,100.0,dist+tal,17.641
KARNATAKA,Chikmagalur,Mudigere,Barimale Estate,Barimale Estate,147,whole_village,False,False,Barimale Estate,Mudigere,Chikkamagaluru,609937,609937,100.0,dist+tal,3.6
KARNATAKA,Chikmagalur,Mudigere,Byarapura,Byarapura,148,whole_village,False,False,Byrapura,Mudigere,Chikkamagaluru,610017,610017,94.1,dist+tal,41.071
KARNATAKA,Chikmagalur,Mudigere,Byrapura Estate,Byrapura Estate,149,whole_village,False,False,Byrapura Estate,Mudigere,Chikkamagaluru,610018,610018,100.0,dist+tal,9.166
KARNATAKA,Chikmagalur,Mudigere,Darshana,Darshana,150,whole_village,False,False,Darshana,Mudigere,Chikkamagaluru,609930,609930,100.0,dist+tal,1.92
KARNATAKA,Chikmagalur,Mudigere,Durgadahalli,Durgadahalli,151,whole_village,False,False,Durgadahalli,Mudigere,Chikkamagaluru,609905,609905,100.0,dist+tal,8.613
KARNATAKA,Chikmagalur,Mudigere,Gotti,Gotti,152,whole_village,False,False,Gutti,Mudigere,Chikkamagaluru,609946,609946,80.0,dist+tal,25.977
KARNATAKA,Chikmagalur,Mudigere,Heggadalu,Heggadalu,153,whole_village,False,False,Heggadehalli,Ajjampura,Chikkamagaluru,609305,609305,87.5,dist,3.759
KARNATAKA,Chikmagalur,Mudigere,Hornadu,Hornadu,154,whole_village,False,False,Hornadu,Kalasa,Chikkamagaluru,609894,609894,100.0,dist,24.453
KARNATAKA,Chikmagalur,Mudigere,Hosakere,Hosakere,155,whole_village,False,False,Hosakere,Mudigere,Chikkamagaluru,610016,610016,100.0,dist+tal,3.839
KARNATAKA,Chikmagalur,Mudigere,Idkani,Idkani,156,whole_village,False,False,Idkani,Kalasa,Chikkamagaluru,609904,609904,100.0,dist,20.101
KARNATAKA,Chikmagalur,Mudigere,Kalgodu,Kalgodu,157,whole_village,False,False,Kolugodu,Mudigere,Chikkamagaluru,609966,609966,80.0,dist+tal,1.996
KARNATAKA,Chikmagalur,Mudigere,Kelagur,Kelagur,158,whole_village,False,False,Kelagur,Mudigere,Chikkamagaluru,609914,609914,100.0,dist+tal,3.645
KARNATAKA,Chikmagalur,Mudigere,Kogile,Kogile,160,whole_village,False,False,Kogile,Mudigere,Chikkamagaluru,609938,609938,100.0,dist+tal,14.967
KARNATAKA,Chikmagalur,Mudigere,Kundur,Kundur,161,whole_village,False,False,Kundur,Mudigere,Chikkamagaluru,609931,609931,100.0,dist+tal,37.164
KARNATAKA,Chikmagalur,Mudigere,Mekanagadde,Mekanagadde,162,whole_village,False,False,Mekanagadde,Mudigere,Chikkamagaluru,610019,610019,100.0,dist+tal,2.162
KARNATAKA,Chikmagalur,Mudigere,Mudgundi,Mudgundi,163,whole_village,False,False,Mudugundi,Tarikere,Chikkamagaluru,609192,609192,94.1,dist,2.574
KARNATAKA,Chikmagalur,Mudigere,Mularahalli,Mularahalli,164,whole_village,False,False,Mularahalli,Mudigere,Chikkamagaluru,609947,609947,100.0,dist+tal,1.672
KARNATAKA,Chikmagalur,Mudigere,Tanudi,Tanudi,166,whole_village,False,False,Tanudi,Koppa,Chikkamagaluru,609009,609009,100.0,dist,6.117
KARNATAKA,Chikmagalur,Mudigere,Taruve,Taruve,167,whole_village,False,False,Taruve,Mudigere,Chikkamagaluru,609936,609936,100.0,dist+tal,7.812
KARNATAKA,Chikmagalur,Mudigere,Urubage,Urubage,169,whole_village,False,False,Urubage,Mudigere,Chikkamagaluru,609995,609995,100.0,dist+tal,29.326
KARNATAKA,Chikmagalur,Narasimharajpura,Alehalli,Alehalli,170,whole_village,False,False,Alehalli,Narasimharajapura,Chikkamagaluru,609091,609091,100.0,dist+tal,28.522
KARNATAKA,Chikmagalur,Narasimharajpura,Aralikoppa,Aralikoppa,171,whole_village,False,False,Aralikoppa,Narasimharajapura,Chikkamagaluru,609084,609084,100.0,dist+tal,11.149
KARNATAKA,Chikmagalur,Narasimharajpura,Bale,Bale,172,whole_village,False,False,Bale,Narasimharajapura,Chikkamagaluru,609085,609085,100.0,dist+tal,16.56
KARNATAKA,Chikmagalur,Narasimharajpura,Bellur,Bellur,173,whole_village,False,False,Bellur,Narasimharajapura,Chikkamagaluru,609077,609077,100.0,dist+tal,5.915
KARNATAKA,Chikmagalur,Narasimharajpura,Dandubithara,Dandubithara,175,whole_village,False,False,Dandubittahara,Narasimharajapura,Chikkamagaluru,609071,609071,95.7,dist+tal,36.039
KARNATAKA,Chikmagalur,Narasimharajpura,Davani,Davani,176,whole_village,False,False,Davana,Narasimharajapura,Chikkamagaluru,609090,609090,100.0,dist+tal,9.143
KARNATAKA,Chikmagalur,Narasimharajpura,Gubbiga,Gubbiga,177,whole_village,False,False,Gubbiga,Narasimharajapura,Chikkamagaluru,609082,609082,100.0,dist+tal,9.138
KARNATAKA,Chikmagalur,Narasimharajpura,Halasur,Halasur,178,whole_village,False,False,Halasur,Tarikere,Chikkamagaluru,609117,609117,100.0,dist,3.812
KARNATAKA,Chikmagalur,Narasimharajpura,Haramballi,Haramballi,179,whole_village,False,False,Aramballi,Narasimharajapura,Chikkamagaluru,609052,609052,94.7,dist+tal,12.118
KARNATAKA,Chikmagalur,Narasimharajpura,Haravari,Haravari,180,whole_village,False,False,Haravari,Narasimharajapura,Chikkamagaluru,609089,609089,100.0,dist+tal,19.312
KARNATAKA,Chikmagalur,Narasimharajpura,Haturu,Haturu,181,whole_village,False,False,Hathbur,Narasimharajapura,Chikkamagaluru,609076,609076,83.3,dist+tal,10.324
KARNATAKA,Chikmagalur,Narasimharajpura,Hebbe,Hebbe,182,whole_village,False,False,Hebbe,Narasimharajapura,Chikkamagaluru,609074,609074,100.0,dist+tal,19.286
KARNATAKA,Chikmagalur,Narasimharajpura,Hosuru,Hosuru,183,whole_village,False,False,Hosur,Tarikere,Chikkamagaluru,609159,609159,100.0,dist,1.679
KARNATAKA,Chikmagalur,Narasimharajpura,Kanodi,Kanodi,185,whole_village,False,False,Konodi,Narasimharajapura,Chikkamagaluru,609078,609078,83.3,dist+tal,9.556
KARNATAKA,Chikmagalur,Narasimharajpura,Kanuru,Kanuru,186,whole_village,False,False,Kanur,Narasimharajapura,Chikkamagaluru,609087,609087,100.0,dist+tal,13.275
KARNATAKA,Chikmagalur,Narasimharajpura,Karkisara,Karkisara,187,whole_village,False,False,Karekeshwara,Narasimharajapura,Chikkamagaluru,609093,609093,77.8,dist+tal,29.297
KARNATAKA,Chikmagalur,Narasimharajpura,Konankere,Konankere,188,whole_village,False,False,Konakere,Narasimharajapura,Chikkamagaluru,609045,609045,94.1,dist+tal,9.98
KARNATAKA,Chikmagalur,Narasimharajpura,Kusabur,Kusabur,189,whole_village,False,False,Kusabur,Narasimharajapura,Chikkamagaluru,609049,609049,100.0,dist+tal,18.053
KARNATAKA,Chikmagalur,Narasimharajpura,Madburu,Madburu,190,whole_village,False,False,Madaboor,Narasimharajapura,Chikkamagaluru,609050,609050,92.3,dist+tal,20.869
KARNATAKA,Chikmagalur,Narasimharajpura,Mallanduru,Mallanduru,191,whole_village,False,False,Malanduru,Sagar,Shivamogga,607291,607291,100.0,state,9.475
KARNATAKA,Chikmagalur,Narasimharajpura,Megarmakki,Megarmakki,192,whole_village,False,False,Megaramakki,Narasimharajapura,Chikkamagaluru,609094,609094,95.2,dist+tal,8.77
KARNATAKA,Chikmagalur,Narasimharajpura,Mudaguni,Mudaguni,193,whole_village,False,False,Muduguni,Narasimharajapura,Chikkamagaluru,609096,609096,87.5,dist+tal,19.235
KARNATAKA,Chikmagalur,Narasimharajpura,Nandigavi,Nandigavi,194,whole_village,False,False,Nandigave,Narasimharajapura,Chikkamagaluru,609070,609070,100.0,dist+tal,29.124
KARNATAKA,Chikmagalur,Narasimharajpura,Saluru,Saluru,195,whole_village,False,False,Salur,Narasimharajapura,Chikkamagaluru,609069,609069,100.0,dist+tal,9.241
KARNATAKA,Chikmagalur,Narasimharajpura,Sankashi,Sankashi,196,whole_village,False,False,Sankse,Narasimharajapura,Chikkamagaluru,609086,609086,90.9,dist+tal,11.962
KARNATAKA,Chikmagalur,Narasimharajpura,Sarya,Sarya,197,whole_village,False,False,Sarya,Narasimharajapura,Chikkamagaluru,609073,609073,100.0,dist+tal,20.373
KARNATAKA,Chikmagalur,Narasimharajpura,Vagade,Vagade,198,whole_village,False,False,Vaggade,Narasimharajapura,Chikkamagaluru,609088,609088,100.0,dist+tal,11.29
KARNATAKA,Chikmagalur,Narasimharajpura,Varkati,Varkati,199,whole_village,False,False,Varkate,Narasimharajapura,Chikkamagaluru,609072,609072,100.0,dist+tal,10.097
KARNATAKA,Chikmagalur,Narasimharajpura,Vithala,Vithala,200,whole_village,False,False,Vittala,Narasimharajapura,Chikkamagaluru,609053,609053,90.9,dist+tal,7.592
KARNATAKA,Chikmagalur,Sringeri,Balagere,Balagere,201,whole_village,False,False,Balagere,Sringeri,Chikkamagaluru,608940,608940,100.0,dist+tal,29.53
KARNATAKA,Chikmagalur,Sringeri,Balikadi,Balikadi,202,whole_village,False,False,Balekadi,Sringeri,Chikkamagaluru,608926,608926,87.5,dist+tal,19.271
KARNATAKA,Chikmagalur,Sringeri,Ginikal,Ginikal,203,whole_village,False,False,Ginikal,Sringeri,Chikkamagaluru,608963,608963,100.0,dist+tal,6.048
KARNATAKA,Chikmagalur,Sringeri,Gulaganjimani,Gulaganjimani,204,whole_village,False,False,Gulaganjimane,Sringeri,Chikkamagaluru,608933,608933,100.0,dist+tal,17.593
KARNATAKA,Chikmagalur,Sringeri,Hadi,Hadi,205,whole_village,False,False,Hadi,Sringeri,Chikkamagaluru,608937,608937,100.0,dist+tal,9.853
KARNATAKA,Chikmagalur,Sringeri,Hasanbalu,Hasanbalu,206,whole_village,False,False,Asanabalu,Sringeri,Chikkamagaluru,608915,608915,88.9,dist+tal,10.811
KARNATAKA,Chikmagalur,Sringeri,Kere,Kere,207,whole_village,False,False,Kere,Sringeri,Chikkamagaluru,608934,608934,100.0,dist+tal,16.434
KARNATAKA,Chikmagalur,Sringeri,Kumbaragodu,Kumbaragodu,208,whole_village,False,False,Kumbaragodu,Sringeri,Chikkamagaluru,608917,608917,100.0,dist+tal,3.157
KARNATAKA,Chikmagalur,Sringeri,Kutgod,Kutgod,209,whole_village,False,False,Kuthagodu,Sringeri,Chikkamagaluru,608962,608962,85.7,dist+tal,5.162
KARNATAKA,Chikmagalur,Sringeri,Malanadu,Malanadu,210,whole_village,False,False,Malanadu,Sringeri,Chikkamagaluru,608938,608938,100.0,dist+tal,19.693
KARNATAKA,Chikmagalur,Sringeri,Markallu/Rishashringapura,Markallu/Rishashringapura,211,whole_village,False,False,Markal,Mudigere,Chikkamagaluru,609923,609923,100.0,dist,3.61
KARNATAKA,Chikmagalur,Sringeri,Masagi,Masagi,212,whole_village,False,False,Masagali,Chikkamagaluru,Chikkamagaluru,609698,609698,85.7,dist,5.332
KARNATAKA,Chikmagalur,Sringeri,Matvalli Coffee Estate,Matvalli Coffee Estate,213,whole_village,False,False,Mathuvalli Estate,Sringeri,Chikkamagaluru,608932,608932,78.6,dist+tal,0.635
KARNATAKA,Chikmagalur,Sringeri,Migga,Migga,214,whole_village,False,False,Meega,Sringeri,Chikkamagaluru,608919,608919,100.0,dist+tal,11.628
KARNATAKA,Chikmagalur,Sringeri,Mudaba,Mudaba,215,whole_village,False,False,Muduba,Sringeri,Chikkamagaluru,608935,608935,83.3,dist+tal,34.472
KARNATAKA,Chikmagalur,Sringeri,Neelandur,Neelandur,216,whole_village,False,False,Neelandur,Sringeri,Chikkamagaluru,608918,608918,100.0,dist+tal,9.226
KARNATAKA,Chikmagalur,Sringeri,Nemmar,Nemmar,217,whole_village,False,False,Nemmaru,Sringeri,Chikkamagaluru,608929,608929,100.0,dist+tal,5.982
KARNATAKA,Chikmagalur,Sringeri,Nemmar Coffee Estate,Nemmar Coffee Estate,218,whole_village,False,False,Nemmar Estate,Sringeri,Chikkamagaluru,608931,608931,80.0,dist+tal,3.129
KARNATAKA,Chikmagalur,Sringeri,Shirlu,Shirlu,219,whole_village,False,False,Sheerlu,Sringeri,Chikkamagaluru,608936,608936,100.0,dist+tal,40.912
KARNATAKA,Chikmagalur,Sringeri,Sunkadamakki,Sunkadamakki,220,whole_village,False,False,Sunkadamakki,Sringeri,Chikkamagaluru,608928,608928,100.0,dist+tal,7.213
KARNATAKA,Chikmagalur,Sringeri,Yadadalu,Yadadalu,221,whole_village,False,False,Yadadalu,Sringeri,Chikkamagaluru,608924,608924,100.0,dist+tal,6.569
KARNATAKA,Chikmagalur,Sringeri,Yedahalli,Yedahalli,222,whole_village,False,False,Yedahalli,Nanjangud,Mysuru,619153,619153,100.0,state,1.963
KARNATAKA,Dakshina Kannada,Belthangadi,Charmadi,Charmadi,223,whole_village,False,False,Charmadi,Beltangadi,Dakshina Kannada,617639,617639,100.0,dist+tal,56.391
KARNATAKA,Dakshina Kannada,Belthangadi,Kalanja,Kalanja,224,whole_village,False,False,Kalanja,Beltangadi,Dakshina Kannada,617678,617678,100.0,dist+tal,50.369
KARNATAKA,Dakshina Kannada,Belthangadi,Kuthlur,Kuthlur,225,whole_village,False,False,Kuthluru,Beltangadi,Dakshina Kannada,617608,617608,100.0,dist+tal,26.378
KARNATAKA,Dakshina Kannada,Belthangadi,Malavanthige,Malavanthige,226,whole_village,False,False,Malavanthige,Beltangadi,Dakshina Kannada,617638,617638,100.0,dist+tal,66.379
KARNATAKA,Dakshina Kannada,Belthangadi,Nada,Nada,227,whole_village,False,False,Nada,Beltangadi,Dakshina Kannada,617643,617643,100.0,dist+tal,19.204
KARNATAKA,Dakshina Kannada,Belthangadi,Nalkur,Nalkur,228,whole_village,False,False,Nalkuru,Beltangadi,Dakshina Kannada,617632,617632,100.0,dist+tal,8.78
KARNATAKA,Dakshina Kannada,Belthangadi,Naravi,Naravi,229,whole_village,False,False,Naravi,Beltangadi,Dakshina Kannada,617607,617607,100.0,dist+tal,25.068
KARNATAKA,Dakshina Kannada,Belthangadi,Navara,Navara,230,whole_village,False,False,Navara,Beltangadi,Dakshina Kannada,617623,617623,100.0,dist+tal,5.588
KARNATAKA,Dakshina Kannada,Belthangadi,Navur,Navur,231,whole_village,False,False,Navooru,Beltangadi,Dakshina Kannada,617636,617636,100.0,dist+tal,63.768
KARNATAKA,Dakshina Kannada,Belthangadi,Neriya,Neriya,232,whole_village,False,False,Neriya,Beltangadi,Dakshina Kannada,617657,617657,100.0,dist+tal,111.979
KARNATAKA,Dakshina Kannada,Belthangadi,Puduvettu,Puduvettu,233,whole_village,False,False,Puduvettu,Beltangadi,Dakshina Kannada,617676,617676,100.0,dist+tal,30.778
KARNATAKA,Dakshina Kannada,Belthangadi,Rekya,Rekya,234,whole_village,False,False,Rekhya,Beltangadi,Dakshina Kannada,617683,617683,90.9,dist+tal,23.804
KARNATAKA,Dakshina Kannada,Belthangadi,Savanalu,Savanalu,235,whole_village,False,False,Savanalu,Beltangadi,Dakshina Kannada,617635,617635,100.0,dist+tal,20.685
KARNATAKA,Dakshina Kannada,Belthangadi,Shibaje,Shibaje,236,whole_village,False,False,Shibaje,Beltangadi,Dakshina Kannada,617684,617684,100.0,dist+tal,32.803
KARNATAKA,Dakshina Kannada,Belthangadi,Shirlal,Shirlal,237,whole_village,False,False,Shirlalu,Beltangadi,Dakshina Kannada,617625,617625,100.0,dist+tal,23.159
KARNATAKA,Dakshina Kannada,Belthangadi,Shishila,Shishila,238,whole_village,False,False,Shishila,Beltangadi,Dakshina Kannada,617677,617677,100.0,dist+tal,46.45
KARNATAKA,Dakshina Kannada,Belthangadi,Sulkeri,Sulkeri,239,whole_village,False,False,Sulkeri,Beltangadi,Dakshina Kannada,617609,617609,100.0,dist+tal,5.059
KARNATAKA,Dakshina Kannada,Belthangadi,Sulkerimogru,Sulkerimogru,240,whole_village,False,False,Sulkerimogru,Beltangadi,Dakshina Kannada,617624,617624,100.0,dist+tal,16.862
KARNATAKA,Dakshina Kannada,Puttur,Alanthaya,Alanthaya,241,whole_village,False,False,Alanthaya,Kadaba,Dakshina Kannada,617697,617697,100.0,dist,5.941
KARNATAKA,Dakshina Kannada,Puttur,Ballya,Ballya,242,whole_village,False,False,Ballya,Kadaba,Dakshina Kannada,617710,617710,100.0,dist,28.997
KARNATAKA,Dakshina Kannada,Puttur,Bilinele,Bilinele,243,whole_village,False,False,Bilinele,Kadaba,Dakshina Kannada,617714,617714,100.0,dist,68.169
KARNATAKA,Dakshina Kannada,Puttur,Dolpady,Dolpady,244,whole_village,False,False,Dolpady,Kadaba,Dakshina Kannada,617726,617726,100.0,dist,11.882
KARNATAKA,Dakshina Kannada,Puttur,Golithattu,Golithattu,245,whole_village,False,False,G0Lithattu,Kadaba,Dakshina Kannada,617696,617696,90.0,dist,16.687
KARNATAKA,Dakshina Kannada,Puttur,Ichlampady,Ichlampady,246,whole_village,False,False,Ichlampady,Kadaba,Dakshina Kannada,617701,617701,100.0,dist,8.291
KARNATAKA,Dakshina Kannada,Puttur,Kombar,Kombar,247,whole_village,False,False,Kombaru,Kadaba,Dakshina Kannada,617713,617713,100.0,dist,42.692
KARNATAKA,Dakshina Kannada,Puttur,Kowkradi,Kowkradi,248,whole_village,False,False,Kowkradi,Kadaba,Dakshina Kannada,617700,617700,100.0,dist,25.251
KARNATAKA,Dakshina Kannada,Puttur,Shirady,Shirady,249,whole_village,False,False,Shirady,Kadaba,Dakshina Kannada,617703,617703,100.0,dist,70.896
KARNATAKA,Dakshina Kannada,Puttur,Shirivagilu,Shirivagilu,250,whole_village,False,False,Shiribagilu,Kadaba,Dakshina Kannada,617704,617704,90.9,dist,33.634
KARNATAKA,Dakshina Kannada,Sulya,Ainakidu,Ainakidu,251,whole_village,False,False,Inakidu,Kadaba,Dakshina Kannada,617788,617788,93.3,dist,14.652
KARNATAKA,Dakshina Kannada,Sulya,Aletty,Aletty,252,whole_village,False,False,Aletty,Sulya,Dakshina Kannada,617768,617768,100.0,dist+tal,69.37
KARNATAKA,Dakshina Kannada,Sulya,Aranthodu,Aranthodu,253,whole_village,False,False,Aranthodu,Sulya,Dakshina Kannada,617770,617770,100.0,dist+tal,43.183
KARNATAKA,Dakshina Kannada,Sulya,Balgodu,Balgodu,254,whole_village,False,False,Balagodu,Sulya,Dakshina Kannada,617789,617789,93.3,dist+tal,37.07
KARNATAKA,Dakshina Kannada,Sulya,Balpa,Balpa,255,whole_village,False,False,Balpa,Kadaba,Dakshina Kannada,617782,617782,100.0,dist,15.341
KARNATAKA,Dakshina Kannada,Sulya,Devachalla,Devachalla,256,whole_village,False,False,Devachalla,Sulya,Dakshina Kannada,617784,617784,100.0,dist+tal,34.848
KARNATAKA,Dakshina Kannada,Sulya,Hariharapallathadka,Hariharapallathadka,257,whole_village,False,False,Hariharapallathadka,Sulya,Dakshina Kannada,617790,617790,100.0,dist+tal,12.446
KARNATAKA,Dakshina Kannada,Sulya,Kalmakar,Kalmakar,258,whole_village,False,False,Kalmakaru,Sulya,Dakshina Kannada,617792,617792,100.0,dist+tal,17.549
KARNATAKA,Dakshina Kannada,Sulya,Kuthkunja,Kuthkunja,259,whole_village,False,False,Kuthkunja,Sulya,Dakshina Kannada,617780,617780,100.0,dist+tal,16.975
KARNATAKA,Dakshina Kannada,Sulya,Madapady,Madapady,260,whole_village,False,False,Madappady,Sulya,Dakshina Kannada,617772,617772,100.0,dist+tal,59.079
KARNATAKA,Dakshina Kannada,Sulya,Nalkooru,Nalkooru,261,whole_village,False,False,Nalkooru,Sulya,Dakshina Kannada,617785,617785,100.0,dist+tal,23.323
KARNATAKA,Dakshina Kannada,Sulya,Sampaje,Sampaje,262,whole_village,False,False,Sampaje,Sulya,Dakshina Kannada,617773,617773,100.0,dist+tal,14.535
KARNATAKA,Dakshina Kannada,Sulya,Subramanya,Subramanya,263,whole_village,False,False,Subramanya,Kadaba,Dakshina Kannada,617787,617787,100.0,dist,34.419
KARNATAKA,Dakshina Kannada,Sulya,Thodikana,Thodikana,264,whole_village,False,False,Thodikana,Sulya,Dakshina Kannada,617769,617769,100.0,dist+tal,24.124
KARNATAKA,Dakshina Kannada,Sulya,Ubaradkamithur,Ubaradkamithur,265,whole_village,False,False,Ubaradka Mittur,Sulya,Dakshina Kannada,617767,617767,96.3,dist+tal,24.676
KARNATAKA,Dakshina Kannada,Sulya,Yenekul,Yenekul,266,whole_village,False,False,Yenekallu,Kadaba,Dakshina Kannada,617786,617786,85.7,dist,28.458
KARNATAKA,Hassan,Alur,Adibylu,Adibylu,267,whole_village,False,False,Adibylu,Alur,Hassan,616285,616285,100.0,dist+tal,2.342
KARNATAKA,Hassan,Sakaleshpur,Achanahalli,Achanahalli,268,whole_village,False,False,Achanahalli,Sakleshpur,Hassan,614855,614855,100.0,dist+tal,16.132
KARNATAKA,Hassan,Sakaleshpur,Agani,Agani,269,whole_village,False,False,Agani,Sakleshpur,Hassan,614861,614861,100.0,dist+tal,13.236
KARNATAKA,Hassan,Sakaleshpur,Aluvalli,Aluvalli,270,whole_village,False,False,Aluvalli,Sakleshpur,Hassan,614921,614921,100.0,dist+tal,9.28
KARNATAKA,Hassan,Sakaleshpur,Arini Coffee Estate,Arini Coffee Estate,271,whole_village,False,False,Arini Estate,Sakleshpur,Hassan,615003,615003,81.8,dist+tal,5.685
KARNATAKA,Hassan,Sakaleshpur,Arni,Arni,272,whole_village,False,False,Arini,Sakleshpur,Hassan,615001,615001,88.9,dist+tal,10.994
KARNATAKA,Hassan,Sakaleshpur,Athihalli,Athihalli,273,whole_village,False,False,Athihalli,Sakleshpur,Hassan,614999,614999,100.0,dist+tal,5.738
KARNATAKA,Hassan,Sakaleshpur,Banagere,Banagere,274,whole_village,False,False,Banagere,Sakleshpur,Hassan,615035,615035,100.0,dist+tal,6.345
KARNATAKA,Hassan,Sakaleshpur,Belehalla,Belehalla,275,whole_village,False,False,Balehalla,Sakleshpur,Hassan,614991,614991,88.9,dist+tal,6.994
KARNATAKA,Hassan,Sakaleshpur,Bettekumari,Bettekumari,276,whole_village,False,False,Battekumari,Sakleshpur,Hassan,614994,614994,90.9,dist+tal,6.974
KARNATAKA,Hassan,Sakaleshpur,Devihalli,Devihalli,277,whole_village,False,False,Devihalli,Sakleshpur,Hassan,614895,614895,100.0,dist+tal,2.122
KARNATAKA,Hassan,Sakaleshpur,Heggadde,Heggadde,278,whole_village,False,False,Heggadde,Sakleshpur,Hassan,614873,614873,100.0,dist+tal,56.631
KARNATAKA,Hassan,Sakaleshpur,Hodchhalli,Hodchhalli,279,whole_village,False,False,Hodachahalli,Sakleshpur,Hassan,614854,614854,90.9,dist+tal,5.012
KARNATAKA,Hassan,Sakaleshpur,Hongadahalla,Hongadahalla,280,whole_village,False,False,Hongadahalla,Sakleshpur,Hassan,614990,614990,100.0,dist+tal,8.15
KARNATAKA,Hassan,Sakaleshpur,Hosahalli,Hosahalli,281,whole_village,False,False,Hosahalli,Sakleshpur,Hassan,614989,614989,100.0,dist+tal,4.801
KARNATAKA,Hassan,Sakaleshpur,Jedigadde,Jedigadde,282,whole_village,False,False,Jedigadde,Sakleshpur,Hassan,614996,614996,100.0,dist+tal,5.397
KARNATAKA,Hassan,Sakaleshpur,Kadagaravalli,Kadagaravalli,283,whole_village,False,False,Kadagaravalli,Sakleshpur,Hassan,614922,614922,100.0,dist+tal,6.245
KARNATAKA,Hassan,Sakaleshpur,Kadagaravalli Coffee Estate,Kadagaravalli Coffee Estate,284,whole_village,False,False,Kadagaravalli Estate,Sakleshpur,Hassan,614923,614923,88.9,dist+tal,0.7
KARNATAKA,Hassan,Sakaleshpur,Kadumane,Kadumane,285,whole_village,False,False,Kadumane,Sakleshpur,Hassan,614872,614872,100.0,dist+tal,9.388
KARNATAKA,Hassan,Sakaleshpur,Kadumane Coffee Estate,Kadumane Coffee Estate,286,whole_village,False,False,Kadumane Estate,Sakleshpur,Hassan,614868,614868,85.7,dist+tal,24.371
KARNATAKA,Hassan,Sakaleshpur,Kagenari State Forest,Kagenari State Forest,287,whole_village,False,False,Kagenari State Forest,Sakleshpur,Hassan,614992,614992,100.0,dist+tal,28.54
KARNATAKA,Hassan,Sakaleshpur,Kesaganahalli,Kesaganahalli,288,whole_village,False,False,Kesaganahalli,Sakleshpur,Hassan,614900,614900,100.0,dist+tal,3.614
KARNATAKA,Hassan,Sakaleshpur,Kumarahalli,Kumarahalli,289,whole_village,False,False,Kumarahalli,Sakleshpur,Hassan,614869,614869,100.0,dist+tal,76.204
KARNATAKA,Hassan,Sakaleshpur,Mankanahalli,Mankanahalli,290,whole_village,False,False,Mankanahalli,Sakleshpur,Hassan,615004,615004,100.0,dist+tal,7.156
KARNATAKA,Hassan,Sakaleshpur,Maragathur,Maragathur,291,whole_village,False,False,Maragathur,Sakleshpur,Hassan,615007,615007,100.0,dist+tal,2.696
KARNATAKA,Hassan,Sakaleshpur,Maragunda,Maragunda,292,whole_village,False,False,Maragunda,Sakleshpur,Hassan,614853,614853,100.0,dist+tal,4.262
KARNATAKA,Hassan,Sakaleshpur,Markalli,Markalli,293,whole_village,False,False,Markalli,Sakleshpur,Hassan,614997,614997,100.0,dist+tal,7.574
KARNATAKA,Hassan,Sakaleshpur,Vanagoor,Vanagoor,294,whole_village,False,False,Vanagoor,Sakleshpur,Hassan,615008,615008,100.0,dist+tal,9.536
KARNATAKA,Hassan,Sakaleshpur,Yadekumari,Yadekumari,295,whole_village,False,False,Yadekumari,Sakleshpur,Hassan,614972,614972,100.0,dist+tal,5.216
KARNATAKA,Hassan,Sakaleshpur,Yaragalli,Yaragalli,296,whole_village,False,False,Yaragalli,Sakleshpur,Hassan,615005,615005,100.0,dist+tal,3.766
KARNATAKA,Hassan,Sakaleshpur,Yathahalla,Yathahalla,297,whole_village,False,False,Yathahalla,Sakleshpur,Hassan,614995,614995,100.0,dist+tal,13.258
KARNATAKA,Kodagu,Mercara,Aiyangeri & Forest,Aiyangeri & Forest,298,whole_village,False,False,Aiyangeri,Madikeri,Kodagu,617807,617807,100.0,dist,59.195
KARNATAKA,Kodagu,Mercara,Bettathur,Bettathur,299,whole_village,False,False,Bettathur,Madikeri,Kodagu,617800,617800,100.0,dist,25.595
KARNATAKA,Kodagu,Mercara,Bhagamandala,Bhagamandala,300,whole_village,False,False,Bhagamandala,Madikeri,Kodagu,617797,617797,100.0,dist,22.841
KARNATAKA,Kodagu,Mercara,Chelavara,Chelavara,301,whole_village,False,False,Chelavara,Madikeri,Kodagu,617848,617848,100.0,dist,30.318
KARNATAKA,Kodagu,Mercara,Cherangala,Cherangala,302,whole_village,False,False,Cherangala,Madikeri,Kodagu,617795,617795,100.0,dist,96.486
KARNATAKA,Kodagu,Mercara,Galibeedu & Forest,Galibeedu & Forest,303,whole_village,False,False,Galibeedu,Madikeri,Kodagu,617822,617822,100.0,dist,39.187
KARNATAKA,Kodagu,Mercara,Hammiyala,Hammiyala,304,whole_village,False,False,Hammiyala,Madikeri,Kodagu,617820,617820,100.0,dist,44.558
KARNATAKA,Kodagu,Mercara,Ibanivalavadi,Ibanivalavadi,305,whole_village,False,False,Ibnivalvadi Rural,Madikeri,Kodagu,617828,617828,91.7,dist,9.883
KARNATAKA,Kodagu,Mercara,Karada & Forest,Karada & Forest,306,whole_village,False,False,Karada,Madikeri,Kodagu,617858,617858,100.0,dist,26.085
KARNATAKA,Kodagu,Mercara,Karike,Karike,307,whole_village,False,False,Karike,Madikeri,Kodagu,617793,617793,100.0,dist,89.349
KARNATAKA,Kodagu,Mercara,Kolagadalu,Kolagadalu,308,whole_village,False,False,Kolagadalu,Madikeri,Kodagu,617801,617801,100.0,dist,38.07
KARNATAKA,Kodagu,Mercara,Kopati,Kopati,309,whole_village,False,False,Kopatti,Madikeri,Kodagu,617799,617799,100.0,dist,16.622
KARNATAKA,Kodagu,Mercara,Kundacheri,Kundacheri,310,whole_village,False,False,Kundacheri,Madikeri,Kodagu,617798,617798,100.0,dist,27.661
KARNATAKA,Kodagu,Mercara,Made & Forest,Made & Forest,311,whole_village,False,False,Made,Madikeri,Kodagu,617811,617811,100.0,dist,24.562
KARNATAKA,Kodagu,Mercara,Malchembu,Malchembu,312,whole_village,False,False,Melchembu,Madikeri,Kodagu,617809,617809,88.9,dist,53.817
KARNATAKA,Kodagu,Mercara,Monnangeri,Monnangeri,313,whole_village,False,False,Monnangeri,Madikeri,Kodagu,617823,617823,100.0,dist,51.234
KARNATAKA,Kodagu,Mercara,Mukkodlu,Mukkodlu,314,whole_village,False,False,Mukkodlu,Madikeri,Kodagu,617821,617821,100.0,dist,25.342
KARNATAKA,Kodagu,Mercara,Naladi,Naladi,315,whole_village,False,False,Naladi,Madikeri,Kodagu,617841,617841,100.0,dist,85.791
KARNATAKA,Kodagu,Mercara,Perur,Perur,316,whole_village,False,False,Peroor,Madikeri,Kodagu,617842,617842,100.0,dist,25.993
KARNATAKA,Kodagu,Mercara,Sampaje,Sampaje,317,whole_village,False,False,Sampaje,Madikeri,Kodagu,617810,617810,100.0,dist,16.446
KARNATAKA,Kodagu,Mercara,Sannapulikotu,Sannapulikotu,318,whole_village,False,False,Sannapulikotu No 2,Madikeri,Kodagu,617796,617796,100.0,dist,45.159
KARNATAKA,Kodagu,Mercara,Thannimani & Forest,Thannimani & Forest,319,whole_village,False,False,Thannimani,Madikeri,Kodagu,617794,617794,100.0,dist,21.713
KARNATAKA,Kodagu,Mercara,Yevakapadi,Yevakapadi,320,whole_village,False,False,Yevakapadi,Madikeri,Kodagu,617847,617847,100.0,dist,68.976
KARNATAKA,Kodagu,Somvarpet,Anekad Forest,Anekad Forest,321,whole_village,False,False,Anekad Forest,Kushalnagar,Kodagu,617983,0,100.0,dist,10.1
KARNATAKA,Kodagu,Somvarpet,Attur Forest,Attur Forest,322,whole_village,False,False,Attur Forest,Kushalnagar,Kodagu,617988,0,100.0,dist,14.559
KARNATAKA,Kodagu,Somvarpet,Blockcut from Jainkalbetta,Blockcut from Jainkalbetta,323,whole_village,False,False,Blockcut From Jainkalbetta,Somvarpet,Kodagu,617978,0,100.0,dist+tal,4.331
KARNATAKA,Kodagu,Somvarpet,Jainkalbetta Forest,Jainkalbetta Forest,324,whole_village,False,False,Jainkalbetta Forest,Kushalnagar,Kodagu,617977,0,100.0,dist,5.484
KARNATAKA,Kodagu,Somvarpet,Kumaralli & Forest,Kumaralli & Forest,325,whole_village,False,False,Kumaralli,Somvarpet,Kodagu,617918,617918,100.0,dist+tal,64.845
KARNATAKA,Kodagu,Somvarpet,Malambi Forest,Malambi Forest,326,whole_village,False,False,Malambi,Somvarpet,Kodagu,617909,617909,100.0,dist+tal,4.503
KARNATAKA,Kodagu,Somvarpet,Mavinahalli Forest,Mavinahalli Forest,327,whole_village,False,False,Mavinahalli,Sakleshpur,Hassan,614864,614864,100.0,state,1.842
KARNATAKA,Kodagu,Somvarpet,Nidtha Forest,Nidtha Forest,328,whole_village,False,False,Nidtha,Somvarpet,Kodagu,617911,617911,100.0,dist+tal,2.311
KARNATAKA,Kodagu,Somvarpet,Surlabi,Surlabi,329,whole_village,False,False,Surlabi,Somvarpet,Kodagu,617950,617950,100.0,dist+tal,55.094
KARNATAKA,Kodagu,Somvarpet,Yedavanadu Forest II,Yedavanadu Forest II,330,whole_village,False,False,Yedavanadu Forest II,Somvarpet,Kodagu,617949,0,100.0,dist+tal,6.218
KARNATAKA,Kodagu,Virajpet,Arekeri Forest - I,Arekeri Forest - I,331,whole_village,False,False,Arekeri Forest I,Ponnampet,Kodagu,618045,0,100.0,dist,4.605
KARNATAKA,Kodagu,Virajpet,Arekeri Forest - II,Arekeri Forest - II,332,whole_village,False,False,Arekeri Forest III,Ponnampet,Kodagu,618047,0,100.0,dist,54.338
KARNATAKA,Kodagu,Virajpet,Arekeri Forest - III,Arekeri Forest - III,333,whole_village,False,False,Arekeri Forest II,Ponnampet,Kodagu,618046,0,100.0,dist,10.06
KARNATAKA,Kodagu,Virajpet,Badaga,Badaga,334,whole_village,False,False,Badaga,Ponnampet,Kodagu,618079,618079,100.0,dist,27.379
KARNATAKA,Kodagu,Virajpet,Badagarakeri,Badagarakeri,335,whole_village,False,False,Badagarakeri,Ponnampet,Kodagu,618061,618061,100.0,dist,25.469
KARNATAKA,Kodagu,Virajpet,Channayana Kote,Channayana Kote,336,whole_village,False,False,Channayan Kote,Virajpet,Kodagu,618026,618026,96.3,dist+tal,44.983
KARNATAKA,Kodagu,Virajpet,Devamachi Forest,Devamachi Forest,337,whole_village,False,False,Devamachi Forest,Ponnampet,Kodagu,618044,0,100.0,dist,25.093
KARNATAKA,Kodagu,Virajpet,Devanur,Devanur,338,whole_village,False,False,Devanur,Ponnampet,Kodagu,618087,618087,100.0,dist,14.872
KARNATAKA,Kodagu,Virajpet,Hathugattu Forest,Hathugattu Forest,339,whole_village,False,False,Hathugattu Forest I,Ponnampet,Kodagu,618088,0,100.0,dist,100.861
KARNATAKA,Kodagu,Virajpet,Heggala,Heggala,340,whole_village,False,False,Heggala,Virajpet,Kodagu,618004,618004,100.0,dist+tal,76.141
KARNATAKA,Kodagu,Virajpet,Karadigodu,Karadigodu,341,whole_village,False,False,Karadigodu,Virajpet,Kodagu,618024,618024,100.0,dist+tal,46.966
KARNATAKA,Kodagu,Virajpet,Kedamullur & Forest,Kedamullur & Forest,342,whole_village,False,False,Kedamullur,Virajpet,Kodagu,618003,618003,100.0,dist+tal,50.331
KARNATAKA,Kodagu,Virajpet,Kurchi,Kurchi,343,whole_village,False,False,Kurchi,Ponnampet,Kodagu,618076,618076,100.0,dist,48.466
KARNATAKA,Kodagu,Virajpet,Kutta,Kutta,344,whole_village,False,False,Kutta,Ponnampet,Kodagu,618078,618078,100.0,dist,22.059
KARNATAKA,Kodagu,Virajpet,Kuttandi,Kuttandi,345,whole_village,False,False,Kuttandi,Ponnampet,Kodagu,618053,618053,100.0,dist,24.202
KARNATAKA,Kodagu,Virajpet,Maldare,Maldare,346,whole_village,False,False,Maldare,Virajpet,Kodagu,618025,618025,100.0,dist+tal,27.58
KARNATAKA,Kodagu,Virajpet,Manchalli & Forest,Manchalli & Forest,347,whole_village,False,False,Manchalli and Forest,Ponnampet,Kodagu,618077,618077,100.0,dist,15.312
KARNATAKA,Kodagu,Virajpet,Nalkeri Forest,Nalkeri Forest,348,whole_village,False,False,Nalkeri,Virajpet,Kodagu,617996,617996,100.0,dist+tal,8.205
KARNATAKA,Kodagu,Virajpet,Palangala & Forest,Palangala & Forest,349,whole_village,False,False,Palangala,Virajpet,Kodagu,618002,618002,100.0,dist+tal,25.006
KARNATAKA,Kodagu,Virajpet,Parakatakeri,Parakatakeri,350,whole_village,False,False,Parakatageri,Ponnampet,Kodagu,618059,618059,91.7,dist,65.346
KARNATAKA,Kodagu,Virajpet,Theralu & Forest,Theralu & Forest,351,whole_village,False,False,Theralu,Ponnampet,Kodagu,618060,618060,100.0,dist,66.221
KARNATAKA,Mysore,Heggadadevanakote,Agasanahundi,Agasanahundi,352,whole_village,False,False,Agasanahundi,Heggadadevankote,Mysuru,618851,618851,100.0,dist+tal,10.226
KARNATAKA,Mysore,Heggadadevanakote,Alalahalli,Alalahalli,353,whole_village,False,False,Alalahalli,Saraguru,Mysuru,619118,619118,100.0,dist,7.572
KARNATAKA,Mysore,Heggadadevanakote,Alanahalli,Alanahalli,354,whole_village,False,False,Alanahalli,Heggadadevankote,Mysuru,618920,618920,100.0,dist+tal,3.777
KARNATAKA,Mysore,Heggadadevanakote,Amani Jungle,Amani Jungle,355,whole_village,False,False,Amani Jungle,Heggadadevankote,Mysuru,618869,618869,100.0,dist+tal,34.49
KARNATAKA,Mysore,Heggadadevanakote,Anemala,Anemala,356,whole_village,False,False,Anemala,Heggadadevankote,Mysuru,619065,619065,100.0,dist+tal,0.449
KARNATAKA,Mysore,Heggadadevanakote,Ankupura,Ankupura,357,whole_village,False,False,Ankupura,Saraguru,Mysuru,619013,619013,100.0,dist,10.779
KARNATAKA,Mysore,Heggadadevanakote,Antharasanthe Plantation,Antharasanthe Plantation,358,whole_village,False,False,Nissan A Honnurkattae,Heggadadevankote,Mysuru,619032,619032,100.0,dist+tal,1.333
KARNATAKA,Mysore,Heggadadevanakote,Badaga,Badaga,359,whole_village,False,False,Badaga,Saraguru,Mysuru,619100,619100,100.0,dist,5.635
KARNATAKA,Mysore,Heggadadevanakote,Bankavdi,Bankavdi,360,whole_village,False,False,Bankavadi,Saraguru,Mysuru,619108,619108,94.1,dist,14.566
KARNATAKA,Mysore,Heggadadevanakote,Baragi,Baragi,361,whole_village,False,False,Baragi,Saraguru,Mysuru,619014,619014,100.0,dist,11.668
KARNATAKA,Mysore,Heggadadevanakote,Begur Forest,Begur Forest,362,whole_village,False,False,Beguru,Saraguru,Mysuru,619103,619103,100.0,dist,2.951
KARNATAKA,Mysore,Heggadadevanakote,Beguru,Beguru,363,whole_village,False,False,Begur,Piriyapatna,Mysuru,618264,618264,100.0,dist,2.226
KARNATAKA,Mysore,Heggadadevanakote,Berambadi State Forest,Berambadi State Forest,364,whole_village,False,False,Berambadi State Forest,Gundlupet,Chamarajanagar,619556,619556,100.0,state,244.049
KARNATAKA,Mysore,Heggadadevanakote,Byrapura,Byrapura,365,whole_village,False,False,Byrapura CT,Tirumakudal Narsipur,Mysuru,619442,619442,100.0,dist,2.591
KARNATAKA,Mysore,Heggadadevanakote,Channagundi,Channagundi,366,whole_village,False,False,Channagundi,Saraguru,Mysuru,619117,619117,100.0,dist,7.462
KARNATAKA,Mysore,Heggadadevanakote,Chikkakundur,Chikkakundur,367,whole_village,False,False,Chikkakundur,Saraguru,Mysuru,619012,619012,100.0,dist,2.308
KARNATAKA,Mysore,Heggadadevanakote,Chowdahalli,Chowdahalli,368,whole_village,False,False,Chowdahalli,Heggadadevankote,Mysuru,618897,618897,100.0,dist+tal,2.533
KARNATAKA,Mysore,Heggadadevanakote,Gowdimachnaikanhalli,Gowdimachnaikanhalli,369,whole_village,False,False,Gowdimachanayakana Halli,Heggadadevankote,Mysuru,618848,618848,88.4,dist+tal,3.588
KARNATAKA,Mysore,Heggadadevanakote,Hariyalapura,Hariyalapura,370,whole_village,False,False,Hariyalapura,Saraguru,Mysuru,619092,619092,100.0,dist,2.093
KARNATAKA,Mysore,Heggadadevanakote,Hirehalli,Hirehalli,371,whole_village,False,False,Hirehalli,Heggadadevankote,Mysuru,618872,618872,100.0,dist+tal,22.396
KARNATAKA,Mysore,Heggadadevanakote,Honnurkuppe,Honnurkuppe,372,whole_village,False,False,Honnurkuppe,Heggadadevankote,Mysuru,619033,619033,100.0,dist+tal,1.617
KARNATAKA,Mysore,Heggadadevanakote,Hoskote,Hoskote,373,whole_village,False,False,Hoskote,Chikkamagaluru,Chikkamagaluru,609869,609869,100.0,state,5.565
KARNATAKA,Mysore,Heggadadevanakote,Hululipura,Hululipura,374,whole_village,False,False,Huralipura,Heggadadevankote,Mysuru,619039,619039,80.0,dist+tal,0.711
KARNATAKA,Mysore,Heggadadevanakote,InurMarigundi Jungle,InurMarigundi Jungle,375,whole_village,False,False,Ainuru Marigudi Jangal,Saraguru,Mysuru,619111,619111,97.3,dist,93.787
KARNATAKA,Mysore,Heggadadevanakote,Kadegadde,Kadegadde,376,whole_village,False,False,Kadegadde,Heggadadevankote,Mysuru,619060,619060,100.0,dist+tal,1.01
KARNATAKA,Mysore,Heggadadevanakote,Kakanakote Forest,Kakanakote Forest,377,whole_village,False,False,Kakanakote,Heggadadevankote,Mysuru,619059,619059,100.0,dist+tal,134.446
KARNATAKA,Mysore,Heggadadevanakote,Kandalike,Kandalike,378,whole_village,False,False,Kandalike,Saraguru,Mysuru,619101,619101,100.0,dist,3.206
KARNATAKA,Mysore,Heggadadevanakote,Katawal,Katawal,379,whole_village,False,False,Katawalu,Saraguru,Mysuru,619097,619097,100.0,dist,11.72
KARNATAKA,Mysore,Heggadadevanakote,Kenchanahalli,Kenchanahalli,380,whole_village,False,False,Kenchanahalli,Heggadadevankote,Mysuru,619048,619048,100.0,dist+tal,4.203
KARNATAKA,Mysore,Heggadadevanakote,Kithur,Kithur,381,whole_village,False,False,Kithoor,Piriyapatna,Mysuru,618163,618163,100.0,dist,9.611
KARNATAKA,Mysore,Heggadadevanakote,Konanalathuru,Konanalathuru,382,whole_village,False,False,Konanalthuru,Saraguru,Mysuru,619090,619090,100.0,dist,1.449
KARNATAKA,Mysore,Heggadadevanakote,Kuranagala,Kuranagala,383,whole_village,False,False,Kurnagala,Saraguru,Mysuru,619115,619115,94.7,dist,17.757
KARNATAKA,Mysore,Heggadadevanakote,Laxmanapura,Laxmanapura,384,whole_village,False,False,Lakshmanapura,Nanjangud,Mysuru,619272,619272,100.0,dist,2.153
KARNATAKA,Mysore,Heggadadevanakote,Manchagowdarahalli,Manchagowdarahalli,385,whole_village,False,False,Manchegowdanahalli,Heggadadevankote,Mysuru,619029,619029,88.9,dist+tal,6.561
KARNATAKA,Mysore,Heggadadevanakote,Metikuppe,Metikuppe,386,whole_village,False,False,Metikuppe Forest,Heggadadevankote,Mysuru,618868,618868,75.0,dist+tal,54.968
KARNATAKA,Mysore,Heggadadevanakote,Metikuppe Forest,Metikuppe Forest,387,whole_village,False,False,Metikuppe,Heggadadevankote,Mysuru,618865,618865,100.0,dist+tal,20.134
KARNATAKA,Mysore,Heggadadevanakote,Metikuppekaval,Metikuppekaval,388,whole_village,False,False,Metikuppe Kaval,Heggadadevankote,Mysuru,618867,618867,100.0,dist+tal,13.391
KARNATAKA,Mysore,Heggadadevanakote,Moleyur,Moleyur,389,whole_village,False,False,Moleyuru,Saraguru,Mysuru,619112,619112,100.0,dist,17.548
KARNATAKA,Mysore,Heggadadevanakote,N.Belathur,N.Belathur,390,whole_village,False,False,N Belathur,Heggadadevankote,Mysuru,619038,619038,100.0,dist+tal,19.897
KARNATAKA,Mysore,Heggadadevanakote,Netkalhundi,Netkalhundi,391,whole_village,False,False,Netkalhundi,Heggadadevankote,Mysuru,619066,619066,100.0,dist+tal,0.093
KARNATAKA,Mysore,Heggadadevanakote,Nisna,Nisna,392,whole_village,False,False,Nisna,Heggadadevankote,Mysuru,619040,619040,100.0,dist+tal,7.529
KARNATAKA,Mysore,Heggadadevanakote,Ragatakuppe,Ragatakuppe,393,whole_village,False,False,Ragalakuppe,Heggadadevankote,Mysuru,619031,619031,90.9,dist+tal,2.898
KARNATAKA,Mysore,Heggadadevanakote,Rajegowdanahundi,Rajegowdanahundi,394,whole_village,False,False,Rajegowdanahundi,Heggadadevankote,Mysuru,618840,618840,100.0,dist+tal,9.725
KARNATAKA,Mysore,Heggadadevanakote,Seegavadi,Seegavadi,395,whole_village,False,False,Seegavadi,Gundlupet,Chamarajanagar,619462,619462,100.0,state,7.641
KARNATAKA,Mysore,Heggadadevanakote,Shaubugowdanahalli,Shaubugowdanahalli,396,whole_village,False,False,Shambugowdanahalli,Saraguru,Mysuru,619006,619006,94.4,dist,3.118
KARNATAKA,Mysore,Heggadadevanakote,Siddapur,Siddapur,397,whole_village,False,False,Siddapura,Heggadadevankote,Mysuru,618850,618850,100.0,dist+tal,6.599
KARNATAKA,Mysore,Heggadadevanakote,Sollapura,Sollapura,398,whole_village,False,False,Sollapura,Heggadadevankote,Mysuru,618849,618849,100.0,dist+tal,12.393
KARNATAKA,Mysore,Heggadadevanakote,Thenakallu,Thenakallu,399,whole_village,False,False,Thenekallu,Heggadadevankote,Mysuru,619056,619056,90.0,dist+tal,2.07
KARNATAKA,Mysore,Heggadadevanakote,Vaderahalli,Vaderahalli,400,whole_village,False,False,Vaderahalli,Saraguru,Mysuru,619015,619015,100.0,dist,7.636
KARNATAKA,Shimoga,Hosanagara,Adagodi,Adagodi,401,whole_village,False,False,Adagodi,Hosanagara,Shivamogga,608015,608015,100.0,dist+tal,9.862
KARNATAKA,Shimoga,Hosanagara,Alavalli,Alavalli,402,whole_village,False,False,Alavalli,Hosanagara,Shivamogga,607946,607946,100.0,dist+tal,12.723
KARNATAKA,Shimoga,Hosanagara,Amachi,Amachi,403,whole_village,False,False,Amachi,Hosanagara,Shivamogga,607890,607890,100.0,dist+tal,0.85
KARNATAKA,Shimoga,Hosanagara,Amrutha,Amrutha,404,whole_village,False,False,Amrutha,Hosanagara,Shivamogga,608004,608004,100.0,dist+tal,6.977
KARNATAKA,Shimoga,Hosanagara,Andagoli,Andagoli,405,whole_village,False,False,Andagoli,Hosanagara,Shivamogga,607859,607859,100.0,dist+tal,4.584
KARNATAKA,Shimoga,Hosanagara,Anegadde,Anegadde,406,whole_village,False,False,Anegadde,Hosanagara,Shivamogga,607988,607988,100.0,dist+tal,3.869
KARNATAKA,Shimoga,Hosanagara,Aramane Koppa,Aramane Koppa,407,whole_village,False,False,Aramane Koppa,Hosanagara,Shivamogga,608023,608023,100.0,dist+tal,13.935
KARNATAKA,Shimoga,Hosanagara,Arasalu,Arasalu,408,whole_village,False,False,Arasalu,Hosanagara,Shivamogga,607954,607954,100.0,dist+tal,6.244
KARNATAKA,Shimoga,Hosanagara,Argodi,Argodi,409,whole_village,False,False,Aragodi,Hosanagara,Shivamogga,607897,607897,92.3,dist+tal,2.67
KARNATAKA,Shimoga,Hosanagara,Balekoppa,Balekoppa,410,whole_village,False,False,Balekoppa,Hosanagara,Shivamogga,607963,607963,100.0,dist+tal,3.54
KARNATAKA,Shimoga,Hosanagara,Basavanabyana,Basavanabyana,411,whole_village,False,False,Basavanabyana,Hosanagara,Shivamogga,608026,608026,100.0,dist+tal,3.01
KARNATAKA,Shimoga,Hosanagara,Basavapura,Basavapura,412,whole_village,False,False,Basavapura,Hosanagara,Shivamogga,607955,607955,100.0,dist+tal,13.064
KARNATAKA,Shimoga,Hosanagara,Begadali,Begadali,413,whole_village,False,False,Begadali,Hosanagara,Shivamogga,608052,608052,100.0,dist+tal,11.255
KARNATAKA,Shimoga,Hosanagara,Behalli,Behalli,414,whole_village,False,False,Behalli,Hosanagara,Shivamogga,607982,607982,100.0,dist+tal,5.367
KARNATAKA,Shimoga,Hosanagara,Bellur,Bellur,415,whole_village,False,False,Bellur,Hosanagara,Shivamogga,607960,607960,100.0,dist+tal,12.177
KARNATAKA,Shimoga,Hosanagara,Belur,Belur,416,whole_village,False,False,Belur,Hosanagara,Shivamogga,608035,608035,100.0,dist+tal,17.373
KARNATAKA,Shimoga,Hosanagara,Benavalli,Benavalli,417,whole_village,False,False,Benavalli,Hosanagara,Shivamogga,607949,607949,100.0,dist+tal,10.572
KARNATAKA,Shimoga,Hosanagara,Bidarahalli,Bidarahalli,418,whole_village,False,False,Bidarahalli,Shrirangapattana,Mandya,614299,614299,100.0,state,1.712
KARNATAKA,Shimoga,Hosanagara,Bilki,Bilki,419,whole_village,False,False,Bilki,Hosanagara,Shivamogga,607940,607940,100.0,dist+tal,5.955
KARNATAKA,Shimoga,Hosanagara,Billodi,Billodi,420,whole_village,False,False,Billodi,Hosanagara,Shivamogga,607976,607976,100.0,dist+tal,3.606
KARNATAKA,Shimoga,Hosanagara,Brahmanatharave,Brahmanatharave,421,whole_village,False,False,Brahmanatharuve,Hosanagara,Shivamogga,608024,608024,93.3,dist+tal,8.773
KARNATAKA,Shimoga,Hosanagara,Brahmanavada,Brahmanavada,422,whole_village,False,False,Bhramanavada,Hosanagara,Shivamogga,608022,608022,91.7,dist+tal,12.052
KARNATAKA,Shimoga,Hosanagara,Byse,Byse,423,whole_village,False,False,Byse,Hosanagara,Shivamogga,608027,608027,100.0,dist+tal,12.871
KARNATAKA,Shimoga,Hosanagara,Chicka Jeni,Chicka Jeni,424,whole_village,False,False,Chikkajeni,Hosanagara,Shivamogga,607931,607931,94.1,dist+tal,5.572
KARNATAKA,Shimoga,Hosanagara,Churda,Churda,425,whole_village,False,False,Churda,Hosanagara,Shivamogga,607862,607862,100.0,dist+tal,3.395
KARNATAKA,Shimoga,Hosanagara,Dodbailu,Dodbailu,426,whole_village,False,False,Doddebail,Khanapur,Belagavi,597992,597992,93.3,state,1.569
KARNATAKA,Shimoga,Hosanagara,Dodda Bilagodu,Dodda Bilagodu,427,whole_village,False,False,Dodda Bilagodu,Hosanagara,Shivamogga,607908,607908,100.0,dist+tal,2.04
KARNATAKA,Shimoga,Hosanagara,Dumma,Dumma,428,whole_village,False,False,Dumma,Hosanagara,Shivamogga,607867,607867,100.0,dist+tal,8.03
KARNATAKA,Shimoga,Hosanagara,Ginikallu,Ginikallu,429,whole_village,False,False,Ginikallu,Hosanagara,Shivamogga,608041,608041,100.0,dist+tal,9.836
KARNATAKA,Shimoga,Hosanagara,Gubbiga,Gubbiga,430,whole_village,False,False,Gubbiga,Hosanagara,Shivamogga,608047,608047,100.0,dist+tal,15.071
KARNATAKA,Shimoga,Hosanagara,H.Honne Koppa,H.Honne Koppa,431,whole_village,False,False,H Honne Koppa,Hosanagara,Shivamogga,607875,607875,100.0,dist+tal,1.169
KARNATAKA,Shimoga,Hosanagara,H.Hunasavalli,H.Hunasavalli,432,whole_village,False,False,H Hunasavalli,Hosanagara,Shivamogga,607915,607915,100.0,dist+tal,2.375
KARNATAKA,Shimoga,Hosanagara,Halethota,Halethota,433,whole_village,False,False,Halethota,Hosanagara,Shivamogga,607864,607864,100.0,dist+tal,0.838
KARNATAKA,Shimoga,Hosanagara,Haramballi,Haramballi,434,whole_village,False,False,Haramballi,Hosanagara,Shivamogga,607952,607952,100.0,dist+tal,2.535
KARNATAKA,Shimoga,Hosanagara,Haridravati,Haridravati,435,whole_village,False,False,Haridravati,Hosanagara,Shivamogga,607913,607913,100.0,dist+tal,8.745
KARNATAKA,Shimoga,Hosanagara,Harohithlu,Harohithlu,436,whole_village,False,False,Harohithlu,Hosanagara,Shivamogga,607956,607956,100.0,dist+tal,13.555
KARNATAKA,Shimoga,Hosanagara,Hebbarli,Hebbarli,437,whole_village,False,False,Hebburli,Hosanagara,Shivamogga,608017,608017,87.5,dist+tal,12.526
KARNATAKA,Shimoga,Hosanagara,Hebbege,Hebbege,438,whole_village,False,False,Hebbige,Hosanagara,Shivamogga,607851,607851,85.7,dist+tal,15.226
KARNATAKA,Shimoga,Hosanagara,Hilukunji,Hilukunji,439,whole_village,False,False,Hilukunji,Hosanagara,Shivamogga,608034,608034,100.0,dist+tal,9.439
KARNATAKA,Shimoga,Hosanagara,Hiremaithe,Hiremaithe,440,whole_village,False,False,Hiremaithe,Hosanagara,Shivamogga,607932,607932,100.0,dist+tal,7.902
KARNATAKA,Shimoga,Hosanagara,Hiriyogi,Hiriyogi,441,whole_village,False,False,Hiriyogi,Hosanagara,Shivamogga,607981,607981,100.0,dist+tal,1.7
KARNATAKA,Shimoga,Hosanagara,Holagodu,Holagodu,442,whole_village,False,False,Holagodu,Hosanagara,Shivamogga,607884,607884,100.0,dist+tal,0.932
KARNATAKA,Shimoga,Hosanagara,Hosakoppa,Hosakoppa,443,whole_village,False,False,Hosakoppa,Hosanagara,Shivamogga,607861,607861,100.0,dist+tal,3.242
KARNATAKA,Shimoga,Hosanagara,Hosur,Hosur,444,whole_village,False,False,Hosur,Hosanagara,Shivamogga,608018,608018,100.0,dist+tal,10.601
KARNATAKA,Shimoga,Hosanagara,Huligadde,Huligadde,445,whole_village,False,False,Huligadde,Hosanagara,Shivamogga,608003,608003,100.0,dist+tal,6.908
KARNATAKA,Shimoga,Hosanagara,Hulusale Malavalli,Hulusale Malavalli,446,whole_village,False,False,Hulusale Malavalli,Hosanagara,Shivamogga,607904,607904,100.0,dist+tal,8.229
KARNATAKA,Shimoga,Hosanagara,Hummadagallu,Hummadagallu,447,whole_village,False,False,Hummadagallu,Hosanagara,Shivamogga,608046,608046,100.0,dist+tal,8.401
KARNATAKA,Shimoga,Hosanagara,K.Kunnur,K.Kunnur,448,whole_village,False,False,K Kunnur,Hosanagara,Shivamogga,607930,607930,100.0,dist+tal,4.165
KARNATAKA,Shimoga,Hosanagara,Kabale,Kabale,449,whole_village,False,False,Kabale,Hosanagara,Shivamogga,608037,608037,100.0,dist+tal,4.636
KARNATAKA,Shimoga,Hosanagara,Kachigebylu,Kachigebylu,450,whole_village,False,False,Kachigebylu,Hosanagara,Shivamogga,607898,607898,100.0,dist+tal,5.131
KARNATAKA,Shimoga,Hosanagara,Kadiggere,Kadiggere,451,whole_village,False,False,Kadiggere,Hosanagara,Shivamogga,608031,608031,100.0,dist+tal,2.113
KARNATAKA,Shimoga,Hosanagara,Kagachi,Kagachi,452,whole_village,False,False,Kagachi,Hosanagara,Shivamogga,608012,608012,100.0,dist+tal,6.15
KARNATAKA,Shimoga,Hosanagara,Kalase,Kalase,453,whole_village,False,False,Kalase,Hosanagara,Shivamogga,607957,607957,100.0,dist+tal,11.375
KARNATAKA,Shimoga,Hosanagara,Kalasetti Koppa,Kalasetti Koppa,454,whole_village,False,False,Kalasetti Koppa,Hosanagara,Shivamogga,607933,607933,100.0,dist+tal,0.649
KARNATAKA,Shimoga,Hosanagara,Kalikapura,Kalikapura,455,whole_village,False,False,Kalikapura,Hosanagara,Shivamogga,607882,607882,100.0,dist+tal,0.928
KARNATAKA,Shimoga,Hosanagara,Kalkoppa,Kalkoppa,456,whole_village,False,False,Kalkoppa,Hosanagara,Shivamogga,608000,608000,100.0,dist+tal,1.731
KARNATAKA,Shimoga,Hosanagara,Kallur,Kallur,457,whole_village,False,False,Kallur,Hosanagara,Shivamogga,608007,608007,100.0,dist+tal,5.239
KARNATAKA,Shimoga,Hosanagara,Kalluvidiabbigallu,Kalluvidiabbigallu,458,whole_village,False,False,Kalluvidi Abbigalla,Hosanagara,Shivamogga,607975,607975,100.0,dist+tal,12.083
KARNATAKA,Shimoga,Hosanagara,Kammachi,Kammachi,459,whole_village,False,False,Kammachi,Hosanagara,Shivamogga,608005,608005,100.0,dist+tal,2.377
KARNATAKA,Shimoga,Hosanagara,Kanagodu,Kanagodu,460,whole_village,False,False,Kanagodu,Hosanagara,Shivamogga,607886,607886,100.0,dist+tal,4.617
KARNATAKA,Shimoga,Hosanagara,Kannur,Kannur,461,whole_village,False,False,Kannuru,Sorab,Shivamogga,607653,607653,100.0,dist,4.639
KARNATAKA,Shimoga,Hosanagara,Karagod,Karagod,462,whole_village,False,False,Karagodu,Hosanagara,Shivamogga,608010,608010,100.0,dist+tal,4.99
KARNATAKA,Shimoga,Hosanagara,Karigerasu,Karigerasu,463,whole_village,False,False,Karigerasu,Hosanagara,Shivamogga,607994,607994,100.0,dist+tal,7.601
KARNATAKA,Shimoga,Hosanagara,Karimane,Karimane,464,whole_village,False,False,Karimane,Hosanagara,Shivamogga,608029,608029,100.0,dist+tal,21.863
KARNATAKA,Shimoga,Hosanagara,Kattekoppa,Kattekoppa,465,whole_village,False,False,Kattekoppa,Hosanagara,Shivamogga,608053,608053,100.0,dist+tal,18.131
KARNATAKA,Shimoga,Hosanagara,Kattinahole,Kattinahole,466,whole_village,False,False,Kattinahole,Hosanagara,Shivamogga,608020,608020,100.0,dist+tal,21.978
KARNATAKA,Shimoga,Hosanagara,Kavari,Kavari,467,whole_village,False,False,Kavari,Hosanagara,Shivamogga,608044,608044,100.0,dist+tal,15.129
KARNATAKA,Shimoga,Hosanagara,Kesare,Kesare,468,whole_village,False,False,Kesare,Hosanagara,Shivamogga,607858,607858,100.0,dist+tal,4.009
KARNATAKA,Shimoga,Hosanagara,Khyrugunda,Khyrugunda,469,whole_village,False,False,Khyrugundha,Hosanagara,Shivamogga,608038,608038,95.2,dist+tal,18.321
KARNATAKA,Shimoga,Hosanagara,Kilandur,Kilandur,470,whole_village,False,False,Kilandur,Hosanagara,Shivamogga,608030,608030,100.0,dist+tal,3.557
KARNATAKA,Shimoga,Hosanagara,Kilandur Jungle,Kilandur Jungle,471,whole_village,False,False,Kilandur Jungle,Hosanagara,Shivamogga,608021,608021,100.0,dist+tal,38.038
KARNATAKA,Shimoga,Hosanagara,Kodase,Kodase,472,whole_village,False,False,Kodase,Hosanagara,Shivamogga,608033,608033,100.0,dist+tal,8.346
KARNATAKA,Shimoga,Hosanagara,Kodur,Kodur,473,whole_village,False,False,Kodur,Hosanagara,Shivamogga,607983,607983,100.0,dist+tal,8.321
KARNATAKA,Shimoga,Hosanagara,Kolavadi,Kolavadi,474,whole_village,False,False,Kolavadi,Hosanagara,Shivamogga,608040,608040,100.0,dist+tal,9.896
KARNATAKA,Shimoga,Hosanagara,Kolavalli,Kolavalli,475,whole_village,False,False,Kolavalli,Hosanagara,Shivamogga,608002,608002,100.0,dist+tal,6.294
KARNATAKA,Shimoga,Hosanagara,Koranakote,Koranakote,476,whole_village,False,False,Koranakote,Hosanagara,Shivamogga,608051,608051,100.0,dist+tal,4.273
KARNATAKA,Shimoga,Hosanagara,Koteshipur,Koteshipur,477,whole_village,False,False,Koteshirur,Hosanagara,Shivamogga,607852,607852,90.0,dist+tal,7.458
KARNATAKA,Shimoga,Hosanagara,Kukakalale,Kukakalale,478,whole_village,False,False,Kukakalale,Hosanagara,Shivamogga,607939,607939,100.0,dist+tal,3.035
KARNATAKA,Shimoga,Hosanagara,Kusugundi,Kusugundi,479,whole_village,False,False,Kusgundi,Hosanagara,Shivamogga,607928,607928,94.1,dist+tal,7.565
KARNATAKA,Shimoga,Hosanagara,L. Guddekoppa,L. Guddekoppa,480,whole_village,False,False,L Guddekoppa,Hosanagara,Shivamogga,607871,607871,100.0,dist+tal,6.23
KARNATAKA,Shimoga,Hosanagara,Majavana,Majavana,481,whole_village,False,False,Majavana,Hosanagara,Shivamogga,607903,607903,100.0,dist+tal,3.881
KARNATAKA,Shimoga,Hosanagara,Malali,Malali,482,whole_village,False,False,Malali,Hosanagara,Shivamogga,607869,607869,100.0,dist+tal,9.844
KARNATAKA,Shimoga,Hosanagara,Malali Koppa,Malali Koppa,483,whole_village,False,False,Malali Koppa,Hosanagara,Shivamogga,607995,607995,100.0,dist+tal,5.467
KARNATAKA,Shimoga,Hosanagara,Malavalli,Malavalli,484,whole_village,False,False,Malavalli,Hosanagara,Shivamogga,607951,607951,100.0,dist+tal,3.934
KARNATAKA,Shimoga,Hosanagara,Manjagalale,Manjagalale,485,whole_village,False,False,Manjagalale,Hosanagara,Shivamogga,608014,608014,100.0,dist+tal,19.1
KARNATAKA,Shimoga,Hosanagara,Masagallu,Masagallu,486,whole_village,False,False,Masagalli,Hosanagara,Shivamogga,607881,607881,100.0,dist+tal,8.781
KARNATAKA,Shimoga,Hosanagara,Masakani,Masakani,487,whole_village,False,False,Masakani,Hosanagara,Shivamogga,607958,607958,100.0,dist+tal,9.763
KARNATAKA,Shimoga,Hosanagara,Masaroor,Masaroor,488,whole_village,False,False,Masarur,Hosanagara,Shivamogga,607947,607947,100.0,dist+tal,10.608
KARNATAKA,Shimoga,Hosanagara,Mathur,Mathur,489,whole_village,False,False,Mathuru,Shivamogga,Shivamogga,608475,608475,100.0,dist,6.441
KARNATAKA,Shimoga,Hosanagara,Mattikai,Mattikai,490,whole_village,False,False,Mathikai,Hosanagara,Shivamogga,608019,608019,90.9,dist+tal,16.446
KARNATAKA,Shimoga,Hosanagara,Melina Sampalli,Melina Sampalli,491,whole_village,False,False,Melina Sampalli,Hosanagara,Shivamogga,607891,607891,100.0,dist+tal,7.596
KARNATAKA,Shimoga,Hosanagara,Menase,Menase,492,whole_village,False,False,Menase,Hosanagara,Shivamogga,607921,607921,100.0,dist+tal,0.923
KARNATAKA,Shimoga,Hosanagara,Mudugoppa (Nagara),Mudugoppa (Nagara),493,whole_village,False,False,Mudugoppa Nagara,Hosanagara,Shivamogga,608032,608032,100.0,dist+tal,11.426
KARNATAKA,Shimoga,Hosanagara,Mugadthi,Mugadthi,494,whole_village,False,False,Mugadthi,Hosanagara,Shivamogga,608008,608008,100.0,dist+tal,6.564
KARNATAKA,Shimoga,Hosanagara,Mulagadde,Mulagadde,495,whole_village,False,False,Mulagadde,Hosanagara,Shivamogga,607868,607868,100.0,dist+tal,6.495
KARNATAKA,Shimoga,Hosanagara,Nagodi,Nagodi,496,whole_village,False,False,Nagodi,Hosanagara,Shivamogga,607850,607850,100.0,dist+tal,26.234
KARNATAKA,Shimoga,Hosanagara,Nandri,Nandri,497,whole_village,False,False,Nandri,Hosanagara,Shivamogga,607909,607909,100.0,dist+tal,2.208
KARNATAKA,Shimoga,Hosanagara,Neelakantanathota,Neelakantanathota,498,whole_village,False,False,Neelakantanathota,Hosanagara,Shivamogga,607865,607865,100.0,dist+tal,1.514
KARNATAKA,Shimoga,Hosanagara,Nelagalale,Nelagalale,499,whole_village,False,False,Nelagalale,Hosanagara,Shivamogga,607887,607887,100.0,dist+tal,3.593
KARNATAKA,Shimoga,Hosanagara,Nellunde,Nellunde,500,whole_village,False,False,Nellunde,Hosanagara,Shivamogga,607972,607972,100.0,dist+tal,2.194
KARNATAKA,Shimoga,Hosanagara,Nerala Mane,Nerala Mane,501,whole_village,False,False,Nerala Mane,Hosanagara,Shivamogga,607938,607938,100.0,dist+tal,4.591
KARNATAKA,Shimoga,Hosanagara,Nidagodu,Nidagodu,502,whole_village,False,False,Nidagodu,Hosanagara,Shivamogga,608042,608042,100.0,dist+tal,26.392
KARNATAKA,Shimoga,Hosanagara,Punaje,Punaje,503,whole_village,False,False,Punaje,Hosanagara,Shivamogga,607893,607893,100.0,dist+tal,14.795
KARNATAKA,Shimoga,Hosanagara,Ryave,Ryave,504,whole_village,False,False,Ryave,Hosanagara,Shivamogga,608039,608039,100.0,dist+tal,15.194
KARNATAKA,Shimoga,Hosanagara,Savanthur,Savanthur,505,whole_village,False,False,Savanthur,Hosanagara,Shivamogga,607986,607986,100.0,dist+tal,6.782
KARNATAKA,Shimoga,Hosanagara,Shakavalli,Shakavalli,506,whole_village,False,False,Shakavalli,Hosanagara,Shivamogga,607985,607985,100.0,dist+tal,1.602
KARNATAKA,Shimoga,Hosanagara,Sidiyapura,Sidiyapura,507,whole_village,False,False,Sidiyapura,Hosanagara,Shivamogga,607892,607892,100.0,dist+tal,1.559
KARNATAKA,Shimoga,Hosanagara,Sulugodu,Sulugodu,508,whole_village,False,False,Sulagodu,Hosanagara,Shivamogga,608043,608043,87.5,dist+tal,16.094
KARNATAKA,Shimoga,Hosanagara,Talale,Talale,509,whole_village,False,False,Talale,Hosanagara,Shivamogga,608011,608011,100.0,dist+tal,8.185
KARNATAKA,Shimoga,Hosanagara,Tarige,Tarige,510,whole_village,False,False,Kotethariga,Hosanagara,Shivamogga,608001,608001,100.0,dist+tal,5.74
KARNATAKA,Shimoga,Hosanagara,Thammadikoppa,Thammadikoppa,511,whole_village,False,False,Thammadikoppa,Hosanagara,Shivamogga,607953,607953,100.0,dist+tal,7.026
KARNATAKA,Shimoga,Hosanagara,Thogare,Thogare,512,whole_village,False,False,Thogare,Hosanagara,Shivamogga,607974,607974,100.0,dist+tal,11.919
KARNATAKA,Shimoga,Hosanagara,Thotada Koppa,Thotada Koppa,513,whole_village,False,False,Thotada Koppa,Hosanagara,Shivamogga,607889,607889,100.0,dist+tal,6.085
KARNATAKA,Shimoga,Hosanagara,Trhinive,Trhinive,514,whole_village,False,False,Thrinive,Hosanagara,Shivamogga,607973,607973,87.5,dist+tal,8.271
KARNATAKA,Shimoga,Hosanagara,Ulthiga,Ulthiga,515,whole_village,False,False,Ulthiga,Hosanagara,Shivamogga,608049,608049,100.0,dist+tal,16.562
KARNATAKA,Shimoga,Hosanagara,Vadahosahalli,Vadahosahalli,516,whole_village,False,False,Vadahosalli,Hosanagara,Shivamogga,608013,608013,91.7,dist+tal,6.203
KARNATAKA,Shimoga,Hosanagara,Veerabhadrapura,Veerabhadrapura,517,whole_village,False,False,Veerabhadrapura,Hosanagara,Shivamogga,607863,607863,100.0,dist+tal,2.238
KARNATAKA,Shimoga,Hosanagara,Yadur,Yadur,518,whole_village,False,False,Yadur,Hosanagara,Shivamogga,608045,608045,100.0,dist+tal,14.432
KARNATAKA,Shimoga,Hosanagara,Yalagallu,Yalagallu,519,whole_village,False,False,Yalagallu,Hosanagara,Shivamogga,607984,607984,100.0,dist+tal,5.756
KARNATAKA,Shimoga,Sagar,Adgalale,Adgalale,520,whole_village,False,False,Adagalale,Sagar,Shivamogga,607359,607359,94.1,dist+tal,8.982
KARNATAKA,Shimoga,Sagar,Amaragodlu,Amaragodlu,521,whole_village,False,False,Ambaragodlu,Sagar,Shivamogga,607310,607310,95.2,dist+tal,4.11
KARNATAKA,Shimoga,Sagar,Araballi,Araballi,522,whole_village,False,False,Araballi,Sagar,Shivamogga,607356,607356,100.0,dist+tal,3.324
KARNATAKA,Shimoga,Sagar,Aralagodu,Aralagodu,523,whole_village,False,False,Aralagodu,Sagar,Shivamogga,607149,607149,100.0,dist+tal,4.024
KARNATAKA,Shimoga,Sagar,Arvadi,Arvadi,524,whole_village,False,False,Aravade,Sagar,Shivamogga,607142,607142,90.9,dist+tal,2.297
KARNATAKA,Shimoga,Sagar,Babbige,Babbige,525,whole_village,False,False,Bobbige,Sagar,Shivamogga,607348,607348,85.7,dist+tal,23.019
KARNATAKA,Shimoga,Sagar,Balagodu,Balagodu,526,whole_village,False,False,Balagodu,Sagar,Shivamogga,607202,607202,100.0,dist+tal,1.452
KARNATAKA,Shimoga,Sagar,Balegere,Balegere,527,whole_village,False,False,Baligere,Sagar,Shivamogga,607154,607154,87.5,dist+tal,4.847
KARNATAKA,Shimoga,Sagar,Balge,Balge,528,whole_village,False,False,Balige,Sagar,Shivamogga,607134,607134,90.9,dist+tal,19.022
KARNATAKA,Shimoga,Sagar,Ballibylu,Ballibylu,529,whole_village,False,False,Ballibylu,Sagar,Shivamogga,607258,607258,100.0,dist+tal,5.578
KARNATAKA,Shimoga,Sagar,Banadakoppa,Banadakoppa,530,whole_village,False,False,Banadakoppa,Sagar,Shivamogga,607212,607212,100.0,dist+tal,2.163
KARNATAKA,Shimoga,Sagar,Bankuli,Bankuli,531,whole_village,False,False,Bhanukuli,Sagar,Shivamogga,607136,607136,87.5,dist+tal,17.178
KARNATAKA,Shimoga,Sagar,Bannumane,Bannumane,532,whole_village,False,False,Banumane,Sagar,Shivamogga,607151,607151,100.0,dist+tal,5.966
KARNATAKA,Shimoga,Sagar,Baruve,Baruve,533,whole_village,False,False,Baruve,Sagar,Shivamogga,607367,607367,100.0,dist+tal,2.266
KARNATAKA,Shimoga,Sagar,Belandur,Belandur,534,whole_village,False,False,Belandur,Sagar,Shivamogga,607268,607268,100.0,dist+tal,15.963
KARNATAKA,Shimoga,Sagar,Bellanni,Bellanni,535,whole_village,False,False,Bellanne,Sagar,Shivamogga,607160,607160,100.0,dist+tal,5.53
KARNATAKA,Shimoga,Sagar,Besur,Besur,536,whole_village,False,False,Besur,Sagar,Shivamogga,607317,607317,100.0,dist+tal,13.24
KARNATAKA,Shimoga,Sagar,Bhyrapura,Bhyrapura,537,whole_village,False,False,Bhyrapura,Sagar,Shivamogga,607286,607286,100.0,dist+tal,18.695
KARNATAKA,Shimoga,Sagar,Bidaruru,Bidaruru,538,whole_village,False,False,Bidarur,Sagar,Shivamogga,607144,607144,100.0,dist+tal,3.971
KARNATAKA,Shimoga,Sagar,Bilisiri,Bilisiri,539,whole_village,False,False,Bilisiri,Sagar,Shivamogga,607221,607221,100.0,dist+tal,11.492
KARNATAKA,Shimoga,Sagar,Brahman Chitrati,Brahman Chitrati,540,whole_village,False,False,Brahmanachitratte,Sagar,Shivamogga,607215,607215,96.6,dist+tal,1.554
KARNATAKA,Shimoga,Sagar,Brahmana Ilakalale,Brahmana Ilakalale,541,whole_village,False,False,Brahmana Ilakalale,Sagar,Shivamogga,607140,607140,100.0,dist+tal,12.241
KARNATAKA,Shimoga,Sagar,Byadarakoppa,Byadarakoppa,542,whole_village,False,False,Byadarakoppa,Sagar,Shivamogga,607262,607262,100.0,dist+tal,3.399
KARNATAKA,Shimoga,Sagar,Chadrvalli,Chadrvalli,543,whole_village,False,False,Chadaravalli,Sagar,Shivamogga,607346,607346,90.9,dist+tal,6.759
KARNATAKA,Shimoga,Sagar,Channiganathota,Channiganathota,544,whole_village,False,False,Channiganathota,Sagar,Shivamogga,607240,607240,100.0,dist+tal,1.787
KARNATAKA,Shimoga,Sagar,Chanshettikoppa,Chanshettikoppa,545,whole_village,False,False,Channashettikoppa,Sagar,Shivamogga,607272,607272,95.7,dist+tal,13.916
KARNATAKA,Shimoga,Sagar,Chengond,Chengond,546,whole_village,False,False,Channagonda,Sagar,Shivamogga,607343,607343,82.4,dist+tal,62.982
KARNATAKA,Shimoga,Sagar,Chik-Bilgunji,Chik-Bilgunji,547,whole_village,False,False,Chikkabilagunji,Sagar,Shivamogga,607263,607263,91.7,dist+tal,3.724
KARNATAKA,Shimoga,Sagar,Chikka Mattur,Chikka Mattur,548,whole_village,False,False,Chikkamattur,Sagar,Shivamogga,607314,607314,100.0,dist+tal,16.349
KARNATAKA,Shimoga,Sagar,Chippali,Chippali,549,whole_village,False,False,Chipli,Sagar,Shivamogga,607261,607261,90.9,dist+tal,1.579
KARNATAKA,Shimoga,Sagar,Danandur,Danandur,550,whole_village,False,False,Danandur,Sagar,Shivamogga,607288,607288,100.0,dist+tal,2.63
KARNATAKA,Shimoga,Sagar,Gantinakoppa,Gantinakoppa,551,whole_village,False,False,Gantinakoppa,Sagar,Shivamogga,607277,607277,100.0,dist+tal,4.872
KARNATAKA,Shimoga,Sagar,Gijaga,Gijaga,552,whole_village,False,False,Gijaga,Sagar,Shivamogga,607247,607247,100.0,dist+tal,3.946
KARNATAKA,Shimoga,Sagar,Gilalegundi,Gilalegundi,553,whole_village,False,False,Gilalagundi,Sagar,Shivamogga,607298,607298,90.9,dist+tal,7.772
KARNATAKA,Shimoga,Sagar,Gowthampura,Gowthampura,554,whole_village,False,False,Gowthampura,Sagar,Shivamogga,607283,607283,100.0,dist+tal,15.196
KARNATAKA,Shimoga,Sagar,Gudihithalu,Gudihithalu,555,whole_village,False,False,Gudihithalu,Sagar,Shivamogga,607135,607135,100.0,dist+tal,11.698
KARNATAKA,Shimoga,Sagar,Guthanahalli,Guthanahalli,556,whole_village,False,False,Guthanahalli,Sagar,Shivamogga,607226,607226,100.0,dist+tal,7.57
KARNATAKA,Shimoga,Sagar,Halavagodu,Halavagodu,557,whole_village,False,False,Halavagodu,Sagar,Shivamogga,607222,607222,100.0,dist+tal,6.1
KARNATAKA,Shimoga,Sagar,Harogoppa,Harogoppa,558,whole_village,False,False,Harogoppa,Sagar,Shivamogga,607211,607211,100.0,dist+tal,0.532
KARNATAKA,Shimoga,Sagar,Hebbarige,Hebbarige,559,whole_village,False,False,Hebbarige,Sagar,Shivamogga,607246,607246,100.0,dist+tal,4.719
KARNATAKA,Shimoga,Sagar,Hebbasi,Hebbasi,560,whole_village,False,False,Hebbase,Sagar,Shivamogga,607308,607308,100.0,dist+tal,7.153
KARNATAKA,Shimoga,Sagar,Heggattu,Heggattu,561,whole_village,False,False,Heggattu,Sagar,Shivamogga,607245,607245,100.0,dist+tal,2.161
KARNATAKA,Shimoga,Sagar,Hengere,Hengere,562,whole_village,False,False,Henagere,Sagar,Shivamogga,607235,607235,93.3,dist+tal,3.63
KARNATAKA,Shimoga,Sagar,Hire Bilagunji,Hire Bilagunji,563,whole_village,False,False,Hirebilagunji,Sagar,Shivamogga,607264,607264,100.0,dist+tal,5.194
KARNATAKA,Shimoga,Sagar,Hire Haraka,Hire Haraka,564,whole_village,False,False,Hireharaka,Sagar,Shivamogga,607287,607287,100.0,dist+tal,19.227
KARNATAKA,Shimoga,Sagar,Hiremane,Hiremane,565,whole_village,False,False,Hiremane,Sagar,Shivamogga,607157,607157,100.0,dist+tal,9.137
KARNATAKA,Shimoga,Sagar,Honnagodu,Honnagodu,566,whole_village,False,False,Hongodu,Sagar,Shivamogga,607252,607252,92.3,dist+tal,0.458
KARNATAKA,Shimoga,Sagar,Honnemaradu,Honnemaradu,567,whole_village,False,False,Honnemaradu,Sagar,Shivamogga,607152,607152,100.0,dist+tal,6.054
KARNATAKA,Shimoga,Sagar,Hosagunda,Hosagunda,568,whole_village,False,False,Hosagunda,Sagar,Shivamogga,607259,607259,100.0,dist+tal,4.881
KARNATAKA,Shimoga,Sagar,Hotlusara,Hotlusara,569,whole_village,False,False,Hotalasara,Sagar,Shivamogga,607214,607214,84.2,dist+tal,2.163
KARNATAKA,Shimoga,Sagar,Hulikod,Hulikod,570,whole_village,False,False,Hulakodu,Sagar,Shivamogga,607311,607311,85.7,dist+tal,3.768
KARNATAKA,Shimoga,Sagar,Induvalli,Induvalli,571,whole_village,False,False,Induvalli,Sagar,Shivamogga,607341,607341,100.0,dist+tal,5.645
KARNATAKA,Shimoga,Sagar,Jambani,Jambani,572,whole_village,False,False,Jambani,Sagar,Shivamogga,607223,607223,100.0,dist+tal,8.753
KARNATAKA,Shimoga,Sagar,Jamloikoppa,Jamloikoppa,573,whole_village,False,False,Kambalikoppa,Sagar,Shivamogga,607197,607197,78.3,dist+tal,0.292
KARNATAKA,Shimoga,Sagar,Kallur,Kallur,574,whole_village,False,False,Kaluru,Sagar,Shivamogga,607344,607344,100.0,dist+tal,11.536
KARNATAKA,Shimoga,Sagar,Kanapgaru,Kanapgaru,575,whole_village,False,False,Kanapagaru,Sagar,Shivamogga,607137,607137,94.7,dist+tal,26.436
KARNATAKA,Shimoga,Sagar,Kanike,Kanike,576,whole_village,False,False,Kanike,Sagar,Shivamogga,607319,607319,100.0,dist+tal,2.297
KARNATAKA,Shimoga,Sagar,Kannur Inam,Kannur Inam,577,whole_village,False,False,Kannur Inam,Sagar,Shivamogga,607290,607290,100.0,dist+tal,2.938
KARNATAKA,Shimoga,Sagar,Kanumane,Kanumane,578,whole_village,False,False,Kanumane,Sagar,Shivamogga,607251,607251,100.0,dist+tal,1.04
KARNATAKA,Shimoga,Sagar,Kanuru,Kanuru,579,whole_village,False,False,Kanuru,Sagar,Shivamogga,607131,607131,100.0,dist+tal,13.659
KARNATAKA,Shimoga,Sagar,Kanuthota,Kanuthota,580,whole_village,False,False,Kanuthota,Sagar,Shivamogga,607146,607146,100.0,dist+tal,0.891
KARNATAKA,Shimoga,Sagar,Kaptemane,Kaptemane,581,whole_village,False,False,Kaptemane,Sagar,Shivamogga,607340,607340,100.0,dist+tal,1.604
KARNATAKA,Shimoga,Sagar,Karni,Karni,582,whole_village,False,False,Karani,Sagar,Shivamogga,607349,607349,90.9,dist+tal,38.283
KARNATAKA,Shimoga,Sagar,Kaspadi,Kaspadi,583,whole_village,False,False,Kaspadi,Sagar,Shivamogga,607254,607254,100.0,dist+tal,4.203
KARNATAKA,Shimoga,Sagar,Kattinkaru,Kattinkaru,584,whole_village,False,False,Kattinakaru,Sagar,Shivamogga,607342,607342,95.2,dist+tal,53.017
KARNATAKA,Shimoga,Sagar,Kerehittalu,Kerehittalu,585,whole_village,False,False,Kerehithalu,Sagar,Shivamogga,607299,607299,94.7,dist+tal,4.313
KARNATAKA,Shimoga,Sagar,Kerodi,Kerodi,586,whole_village,False,False,Kerodi,Sagar,Shivamogga,607207,607207,100.0,dist+tal,1.964
KARNATAKA,Shimoga,Sagar,Keshvinamane,Keshvinamane,587,whole_village,False,False,Kesavinamane,Sagar,Shivamogga,607303,607303,95.2,dist+tal,0.236
KARNATAKA,Shimoga,Sagar,Kodanavalli,Kodanavalli,588,whole_village,False,False,Kodanavalli,Sagar,Shivamogga,607350,607350,100.0,dist+tal,23.287
KARNATAKA,Shimoga,Sagar,Kolur,Kolur,589,whole_village,False,False,Kolur,Sagar,Shivamogga,607318,607318,100.0,dist+tal,15.807
KARNATAKA,Shimoga,Sagar,Koppalagadde,Koppalagadde,590,whole_village,False,False,Koppalagadde,Sagar,Shivamogga,607333,607333,100.0,dist+tal,0.512
KARNATAKA,Shimoga,Sagar,Kopparige,Kopparige,591,whole_village,False,False,Kopparige,Sagar,Shivamogga,607150,607150,100.0,dist+tal,3.4
KARNATAKA,Shimoga,Sagar,Korlikoppa,Korlikoppa,592,whole_village,False,False,Korlikoppa,Sagar,Shivamogga,607227,607227,100.0,dist+tal,22.55
KARNATAKA,Shimoga,Sagar,Kudaruru,Kudaruru,593,whole_village,False,False,Kudaruru,Sagar,Shivamogga,607351,607351,100.0,dist+tal,36.18
KARNATAKA,Shimoga,Sagar,Kudigere,Kudigere,594,whole_village,False,False,Kudigere,Sagar,Shivamogga,607269,607269,100.0,dist+tal,9.412
KARNATAKA,Shimoga,Sagar,Kuruva Ri,Kuruva Ri,595,whole_village,False,False,Kuruva Ri,Sagar,Shivamogga,607323,607323,100.0,dist+tal,0.573
KARNATAKA,Shimoga,Sagar,Lavigere,Lavigere,596,whole_village,False,False,Laviggere,Sagar,Shivamogga,607229,607229,100.0,dist+tal,8.594
KARNATAKA,Shimoga,Sagar,Lokkavalli,Lokkavalli,597,whole_village,False,False,Lokavalli,Mudigere,Chikkamagaluru,609979,609979,100.0,state,1.171
KARNATAKA,Shimoga,Sagar,Madasuru,Madasuru,598,whole_village,False,False,Madasuru,Sagar,Shivamogga,607204,607204,100.0,dist+tal,7.384
KARNATAKA,Shimoga,Sagar,Malali,Malali,599,whole_village,False,False,Malali,Sagar,Shivamogga,607250,607250,100.0,dist+tal,4.739
KARNATAKA,Shimoga,Sagar,Malla,Malla,600,whole_village,False,False,Malla,Sagar,Shivamogga,607230,607230,100.0,dist+tal,6.547
KARNATAKA,Shimoga,Sagar,Maluru,Maluru,601,whole_village,False,False,Maluru,Sagar,Shivamogga,607358,607358,100.0,dist+tal,26.462
KARNATAKA,Shimoga,Sagar,Mandavalli,Mandavalli,602,whole_village,False,False,Mandavalli,Sagar,Shivamogga,607143,607143,100.0,dist+tal,8.363
KARNATAKA,Shimoga,Sagar,Marati,Marati,603,whole_village,False,False,Marati,Sagar,Shivamogga,607360,607360,100.0,dist+tal,18.611
KARNATAKA,Shimoga,Sagar,Mattikoppa,Mattikoppa,604,whole_village,False,False,Mattikoppa,Sagar,Shivamogga,607316,607316,100.0,dist+tal,7.761
KARNATAKA,Shimoga,Sagar,Mavinasara,Mavinasara,605,whole_village,False,False,Mavinasara,Sagar,Shivamogga,607238,607238,100.0,dist+tal,7.389
KARNATAKA,Shimoga,Sagar,Mumbal,Mumbal,606,whole_village,False,False,Mumbalu,Sagar,Shivamogga,607280,607280,100.0,dist+tal,9.267
KARNATAKA,Shimoga,Sagar,Mundigesara,Mundigesara,607,whole_village,False,False,Mundigesara,Sagar,Shivamogga,607243,607243,100.0,dist+tal,3.001
KARNATAKA,Shimoga,Sagar,N Talakalale,N Talakalale,608,whole_village,False,False,Talakalale,Sagar,Shivamogga,607138,607138,95.2,dist+tal,22.397
KARNATAKA,Shimoga,Sagar,Nadavadahalli,Nadavadahalli,609,whole_village,False,False,Nadavaddalli,Sagar,Shivamogga,607313,607313,90.0,dist+tal,5.308
KARNATAKA,Shimoga,Sagar,Nadavalli,Nadavalli,610,whole_village,False,False,Nadavalli,Sagar,Shivamogga,607285,607285,100.0,dist+tal,10.685
KARNATAKA,Shimoga,Sagar,Nagavalli,Nagavalli,611,whole_village,False,False,Nagavalli,Sagar,Shivamogga,607132,607132,100.0,dist+tal,19.959
KARNATAKA,Shimoga,Sagar,Nanditale,Nanditale,612,whole_village,False,False,Nanditale,Sagar,Shivamogga,607253,607253,100.0,dist+tal,3.396
KARNATAKA,Shimoga,Sagar,Naragodu,Naragodu,613,whole_village,False,False,Naragodu,Sagar,Shivamogga,607220,607220,100.0,dist+tal,3.882
KARNATAKA,Shimoga,Sagar,Narasipur,Narasipur,614,whole_village,False,False,Narasipura,Sagar,Shivamogga,607281,607281,100.0,dist+tal,4.723
KARNATAKA,Shimoga,Sagar,Nedaravalli,Nedaravalli,615,whole_village,False,False,Nedaravalli,Sagar,Shivamogga,607255,607255,100.0,dist+tal,5.244
KARNATAKA,Shimoga,Sagar,Nichadi,Nichadi,616,whole_village,False,False,Neechadi,Sagar,Shivamogga,607231,607231,100.0,dist+tal,5.141
KARNATAKA,Shimoga,Sagar,Nitle- Baletota,Nitle- Baletota,617,whole_village,False,False,Nitlihalethota,Sagar,Shivamogga,607155,607155,81.5,dist+tal,6.252
KARNATAKA,Shimoga,Sagar,Puradasara,Puradasara,618,whole_village,False,False,Puradasara,Sagar,Shivamogga,607213,607213,100.0,dist+tal,2.674
KARNATAKA,Shimoga,Sagar,Sampvalli,Sampvalli,619,whole_village,False,False,Sampalli,Sagar,Shivamogga,607270,607270,94.1,dist+tal,2.78
KARNATAKA,Shimoga,Sagar,Sangala,Sangala,620,whole_village,False,False,Sangala,Sagar,Shivamogga,607191,607191,100.0,dist+tal,4.215
KARNATAKA,Shimoga,Sagar,Satalalu,Satalalu,621,whole_village,False,False,Satalalu,Sagar,Shivamogga,607339,607339,100.0,dist+tal,6.515
KARNATAKA,Shimoga,Sagar,Shankan- Shanbhog,Shankan- Shanbhog,622,whole_village,False,False,Shankanna Shanubhog,Sagar,Shivamogga,607362,607362,92.9,dist+tal,8.242
KARNATAKA,Shimoga,Sagar,Shiruguppe,Shiruguppe,623,whole_village,False,False,Shiraguppe,Sagar,Shivamogga,607219,607219,90.0,dist+tal,7.266
KARNATAKA,Shimoga,Sagar,Talagodu,Talagodu,624,whole_village,False,False,Talagodu,Sagar,Shivamogga,607363,607363,100.0,dist+tal,2.011
KARNATAKA,Shimoga,Sagar,Talavata,Talavata,625,whole_village,False,False,Talavata,Sagar,Shivamogga,607156,607156,100.0,dist+tal,4.875
KARNATAKA,Shimoga,Sagar,Tangaluvadi,Tangaluvadi,626,whole_village,False,False,Tangalavadi,Sagar,Shivamogga,607297,607297,90.9,dist+tal,3.694
KARNATAKA,Shimoga,Sagar,Tumari,Tumari,627,whole_village,False,False,Tumari,Sagar,Shivamogga,607352,607352,100.0,dist+tal,4.79
KARNATAKA,Shimoga,Sagar,Tumari Koppa,Tumari Koppa,628,whole_village,False,False,Tumari Koppa,Sagar,Shivamogga,607275,607275,100.0,dist+tal,1.047
KARNATAKA,Shimoga,Sagar,Ulluru,Ulluru,629,whole_village,False,False,Ulluru,Sagar,Shivamogga,607217,607217,100.0,dist+tal,5.928
KARNATAKA,Shimoga,Sagar,Urlagallu,Urlagallu,630,whole_village,False,False,Urulagallu,Sagar,Shivamogga,607130,607130,94.7,dist+tal,36.036
KARNATAKA,Shimoga,Sagar,Valur,Valur,631,whole_village,False,False,Valur,Sagar,Shivamogga,607361,607361,100.0,dist+tal,11.729
KARNATAKA,Shimoga,Sagar,Yalagalale,Yalagalale,632,whole_village,False,False,Yalagalale,Sagar,Shivamogga,607198,607198,100.0,dist+tal,8.418
KARNATAKA,Shimoga,Sagar,Yalavarsi,Yalavarsi,633,whole_village,False,False,Yalavarsi,Sagar,Shivamogga,607200,607200,100.0,dist+tal,1.708
KARNATAKA,Shimoga,Sagar,Yebbodi,Yebbodi,634,whole_village,False,False,Hebbodi,Sagar,Shivamogga,607278,607278,100.0,dist+tal,3.532
KARNATAKA,Shimoga,Shikarpur,Gungarakatte,Gungarakatte,635,whole_village,False,False,Gungarakatte,Shikarpur,Shivamogga,607818,607818,100.0,dist+tal,4.322
KARNATAKA,Shimoga,Shikarpur,Kambadoor,Kambadoor,636,whole_village,False,False,Kambadooru,Shikarpur,Shivamogga,607839,607839,100.0,dist+tal,1.72
KARNATAKA,Shimoga,Shikarpur,Kesaraghatta,Kesaraghatta,637,whole_village,False,False,Kesaraghatta,Shikarpur,Shivamogga,607845,607845,100.0,dist+tal,4.539
KARNATAKA,Shimoga,Shikarpur,Kittadahalli,Kittadahalli,638,whole_village,False,False,Kittadahalli,Shikarpur,Shivamogga,607793,607793,100.0,dist+tal,3.728
KARNATAKA,Shimoga,Shikarpur,Kutrahalli,Kutrahalli,639,whole_village,False,False,Kutrahalli,Shikarpur,Shivamogga,607752,607752,100.0,dist+tal,5.062
KARNATAKA,Shimoga,Shikarpur,Madravalli,Madravalli,640,whole_village,False,False,Madravalli,Shikarpur,Shivamogga,607827,607827,100.0,dist+tal,11.155
KARNATAKA,Shimoga,Shikarpur,Markande,Markande,641,whole_village,False,False,Markande,Shikarpur,Shivamogga,607838,607838,100.0,dist+tal,2.018
KARNATAKA,Shimoga,Shikarpur,Mathigatta,Mathigatta,642,whole_village,False,False,Mathighatta,Shikarpur,Shivamogga,607840,607840,95.2,dist+tal,3.824
KARNATAKA,Shimoga,Shikarpur,Sidaganahalu,Sidaganahalu,643,whole_village,False,False,Shidaganahal,Ranibennur,Haveri,604513,604513,100.0,state,7.89
KARNATAKA,Shimoga,Shikarpur,Suthakande,Suthakande,644,whole_village,False,False,Suthakande,Shikarpur,Shivamogga,607837,607837,100.0,dist+tal,1.973
KARNATAKA,Shimoga,Shikarpur,Yarekoppa,Yarekoppa,645,whole_village,False,False,Yarekoppa,Shikarpur,Shivamogga,607776,607776,100.0,dist+tal,2.208
KARNATAKA,Shimoga,Shikarpur,Yerekatte,Yerekatte,646,whole_village,False,False,Yerekatte,Shikarpur,Shivamogga,607836,607836,100.0,dist+tal,11.348
KARNATAKA,Shimoga,Shimoga,Adagadi,Adagadi,647,whole_village,False,False,Adagadi,Shivamogga,Shivamogga,608380,608380,100.0,dist+tal,4.088
KARNATAKA,Shimoga,Shimoga,Adina Kottige,Adina Kottige,648,whole_village,False,False,Adina Kottige,Shivamogga,Shivamogga,608384,608384,100.0,dist+tal,2.802
KARNATAKA,Shimoga,Shimoga,Agasavalli,Agasavalli,649,whole_village,False,False,Agasavalli,Shivamogga,Shivamogga,608411,608411,100.0,dist+tal,10.834
KARNATAKA,Shimoga,Shimoga,Alkuni,Alkuni,650,whole_village,False,False,Alkuni,Shivamogga,Shivamogga,608303,608303,100.0,dist+tal,3.249
KARNATAKA,Shimoga,Shimoga,Anesara,Anesara,651,whole_village,False,False,Anesara,Shivamogga,Shivamogga,608373,608373,100.0,dist+tal,3.885
KARNATAKA,Shimoga,Shimoga,Anupina Katte,Anupina Katte,652,whole_village,False,False,Anupina Katte,Shivamogga,Shivamogga,608408,608408,100.0,dist+tal,9.044
KARNATAKA,Shimoga,Shimoga,Basavapura,Basavapura,653,whole_village,False,False,Basavapura,Shivamogga,Shivamogga,608414,608414,100.0,dist+tal,1.847
KARNATAKA,Shimoga,Shimoga,Byranakoppa,Byranakoppa,654,whole_village,False,False,Bhairanakoppa,Shivamogga,Shivamogga,608400,608400,83.3,dist+tal,1.871
KARNATAKA,Shimoga,Shimoga,Channa Halli,Channa Halli,655,whole_village,False,False,Channa Halli,Shivamogga,Shivamogga,608374,608374,100.0,dist+tal,7.285
KARNATAKA,Shimoga,Shimoga,Chikkamathli,Chikkamathli,656,whole_village,False,False,Chikkamathali,Shivamogga,Shivamogga,608381,608381,96.0,dist+tal,3.309
KARNATAKA,Shimoga,Shimoga,Chitrasetihalli,Chitrasetihalli,657,whole_village,False,False,Chitra Shetty Halli,Shivamogga,Shivamogga,608413,608413,92.3,dist+tal,6.971
KARNATAKA,Shimoga,Shimoga,Chittihalu,Chittihalu,658,whole_village,False,False,Chittihala,Shivamogga,Shivamogga,608395,608395,100.0,dist+tal,4.516
KARNATAKA,Shimoga,Shimoga,Doddamathli,Doddamathli,659,whole_village,False,False,Doddamathali,Shivamogga,Shivamogga,608383,608383,95.7,dist+tal,6.404
KARNATAKA,Shimoga,Shimoga,Echavadi,Echavadi,660,whole_village,False,False,Echavadi,Shivamogga,Shivamogga,608415,608415,100.0,dist+tal,3.149
KARNATAKA,Shimoga,Shimoga,Gajanurmulkere,Gajanurmulkere,661,whole_village,False,False,Gajanuru Mullakere,Shivamogga,Shivamogga,608479,608479,92.9,dist+tal,2.068
KARNATAKA,Shimoga,Shimoga,Ganedalu,Ganedalu,662,whole_village,False,False,Ganidalu,Shivamogga,Shivamogga,608506,608506,87.5,dist+tal,2.761
KARNATAKA,Shimoga,Shimoga,Govindapura,Govindapura,663,whole_village,False,False,Govindapura,Shivamogga,Shivamogga,608410,608410,100.0,dist+tal,6.341
KARNATAKA,Shimoga,Shimoga,Guddadarakere,Guddadarakere,664,whole_village,False,False,Guddada Arakere,Shivamogga,Shivamogga,608404,608404,100.0,dist+tal,5.585
KARNATAKA,Shimoga,Shimoga,Hanumanthapura,Hanumanthapura,665,whole_village,False,False,Hanumanthapura,Shivamogga,Shivamogga,608495,608495,100.0,dist+tal,1.181
KARNATAKA,Shimoga,Shimoga,Horabylu,Horabylu,666,whole_village,False,False,Horabylu,Shivamogga,Shivamogga,608305,608305,100.0,dist+tal,4.238
KARNATAKA,Shimoga,Shimoga,Hosakoppa,Hosakoppa,667,whole_village,False,False,Hosakoppa,Shivamogga,Shivamogga,608472,608472,100.0,dist+tal,1.726
KARNATAKA,Shimoga,Shimoga,Hosur,Hosur,668,whole_village,False,False,Hosuru,Shivamogga,Shivamogga,608315,608315,100.0,dist+tal,0.263
KARNATAKA,Shimoga,Shimoga,Huralihalli,Huralihalli,669,whole_village,False,False,Huralihalli,Honnali,Davanagere,606868,606868,100.0,state,1.555
KARNATAKA,Shimoga,Shimoga,Ittige Halli,Ittige Halli,670,whole_village,False,False,Ittige Halli,Shivamogga,Shivamogga,608376,608376,100.0,dist+tal,4.305
KARNATAKA,Shimoga,Shimoga,Kadekal,Kadekal,671,whole_village,False,False,Kadekal,Shivamogga,Shivamogga,608484,608484,100.0,dist+tal,5.722
KARNATAKA,Shimoga,Shimoga,Kakanahosadi,Kakanahosadi,672,whole_village,False,False,Kakana Hosudi,Shivamogga,Shivamogga,608513,608513,91.7,dist+tal,9.666
KARNATAKA,Shimoga,Shimoga,Kempana Koppa,Kempana Koppa,673,whole_village,False,False,Kempena Koppa,Shivamogga,Shivamogga,608313,608313,91.7,dist+tal,3.201
KARNATAKA,Shimoga,Shimoga,Kesavina Katte,Kesavina Katte,674,whole_village,False,False,Kesavina Katte,Shivamogga,Shivamogga,608336,608336,100.0,dist+tal,5.51
KARNATAKA,Shimoga,Shimoga,Koragi,Koragi,675,whole_village,False,False,Koragi,Shivamogga,Shivamogga,608306,608306,100.0,dist+tal,6.351
KARNATAKA,Shimoga,Shimoga,Kudagala Mane,Kudagala Mane,676,whole_village,False,False,Kudagala Mane,Shivamogga,Shivamogga,608469,608469,100.0,dist+tal,13.318
KARNATAKA,Shimoga,Shimoga,Kudi,Kudi,677,whole_village,False,False,Koodi,Shivamogga,Shivamogga,608385,608385,100.0,dist+tal,10.931
KARNATAKA,Shimoga,Shimoga,Kumsi,Kumsi,678,whole_village,False,False,Kumsi,Shivamogga,Shivamogga,608312,608312,100.0,dist+tal,32.157
KARNATAKA,Shimoga,Shimoga,Kunihosur,Kunihosur,679,whole_village,False,False,Kone Hosuru,Shivamogga,Shivamogga,608301,608301,77.8,dist+tal,11.473
KARNATAKA,Shimoga,Shimoga,Kuskuru,Kuskuru,680,whole_village,False,False,Kuskuru,Shivamogga,Shivamogga,608485,608485,100.0,dist+tal,6.313
KARNATAKA,Shimoga,Shimoga,Kydotlu,Kydotlu,681,whole_village,False,False,Kydotlu,Shivamogga,Shivamogga,608508,608508,100.0,dist+tal,7.838
KARNATAKA,Shimoga,Shimoga,Lingapura,Lingapura,682,whole_village,False,False,Linga Pura,Shivamogga,Shivamogga,608512,608512,100.0,dist+tal,4.977
KARNATAKA,Shimoga,Shimoga,Made Koppa,Made Koppa,683,whole_village,False,False,Made Koppa,Shivamogga,Shivamogga,608330,608330,100.0,dist+tal,1.636
KARNATAKA,Shimoga,Shimoga,Male Shankara,Male Shankara,684,whole_village,False,False,Male Shankara,Shivamogga,Shivamogga,608392,608392,100.0,dist+tal,5.413
KARNATAKA,Shimoga,Shimoga,Maleshankara State Forest,Maleshankara State Forest,685,whole_village,False,False,Maleshankara State Forest,Shivamogga,Shivamogga,608393,608393,100.0,dist+tal,17.743
KARNATAKA,Shimoga,Shimoga,Mandagatta,Mandagatta,686,whole_village,False,False,Mandagatta,Shivamogga,Shivamogga,608333,608333,100.0,dist+tal,4.663
KARNATAKA,Shimoga,Shimoga,Manjarl Koppa,Manjarl Koppa,687,whole_village,False,False,Manjari Koppa,Shivamogga,Shivamogga,608394,608394,91.7,dist+tal,30.541
KARNATAKA,Shimoga,Shimoga,Puradalu,Puradalu,688,whole_village,False,False,Puradalu,Shivamogga,Shivamogga,608407,608407,100.0,dist+tal,6.623
KARNATAKA,Shimoga,Shimoga,Sakrebylu State Forest,Sakrebylu State Forest,689,whole_village,False,False,Sakre Bylu,Shivamogga,Shivamogga,608481,608481,78.3,dist+tal,0.432
KARNATAKA,Shimoga,Shimoga,Sannivasa,Sannivasa,690,whole_village,False,False,Sannivasa,Shivamogga,Shivamogga,608304,608304,100.0,dist+tal,4.303
KARNATAKA,Shimoga,Shimoga,Santhikere,Santhikere,691,whole_village,False,False,Shanthi Kere,Shivamogga,Shivamogga,608307,608307,100.0,dist+tal,5.674
KARNATAKA,Shimoga,Shimoga,Sari Gere,Sari Gere,692,whole_village,False,False,Sari Gere,Shivamogga,Shivamogga,608507,608507,100.0,dist+tal,4.957
KARNATAKA,Shimoga,Shimoga,Settihalli,Settihalli,693,whole_village,False,False,Shetti Halli,Shivamogga,Shivamogga,608464,608464,100.0,dist+tal,1.915
KARNATAKA,Shimoga,Shimoga,Settikere,Settikere,694,whole_village,False,False,Shetti Kere,Shivamogga,Shivamogga,608308,608308,100.0,dist+tal,4.741
KARNATAKA,Shimoga,Shimoga,Shirigere,Shirigere,695,whole_village,False,False,Shirigere,Shivamogga,Shivamogga,608391,608391,100.0,dist+tal,5.385
KARNATAKA,Shimoga,Shimoga,Siddamaji Hosur,Siddamaji Hosur,696,whole_village,False,False,Siddamaji Hosuru,Shivamogga,Shivamogga,608511,608511,100.0,dist+tal,3.314
KARNATAKA,Shimoga,Shimoga,Sudur,Sudur,697,whole_village,False,False,Suduru,Shivamogga,Shivamogga,608382,608382,100.0,dist+tal,7.119
KARNATAKA,Shimoga,Shimoga,Tevara Koppa,Tevara Koppa,698,whole_village,False,False,Thevara Koppa,Shivamogga,Shivamogga,608403,608403,95.7,dist+tal,5.535
KARNATAKA,Shimoga,Shimoga,Thammadi Halli,Thammadi Halli,699,whole_village,False,False,Thammadi Halli,Shivamogga,Shivamogga,608388,608388,100.0,dist+tal,6.508
KARNATAKA,Shimoga,Shimoga,Thattekere,Thattekere,700,whole_village,False,False,Thattekere,Hole Narsipur,Hassan,616909,616909,100.0,state,3.402
KARNATAKA,Shimoga,Shimoga,Thavare Koppa,Thavare Koppa,701,whole_village,False,False,Thavare Koppa,Shivamogga,Shivamogga,608389,608389,100.0,dist+tal,3.341
KARNATAKA,Shimoga,Shimoga,Thuppur,Thuppur,702,whole_village,False,False,Thuppuru,Shivamogga,Shivamogga,608302,608302,100.0,dist+tal,12.703
KARNATAKA,Shimoga,Shimoga,Umble Bylu,Umble Bylu,703,whole_village,False,False,Umble Bylu,Shivamogga,Shivamogga,608514,608514,100.0,dist+tal,19.421
KARNATAKA,Shimoga,Shimoga,Veera Pura,Veera Pura,704,whole_village,False,False,Veera Pura,Shivamogga,Shivamogga,608478,608478,100.0,dist+tal,1.401
KARNATAKA,Shimoga,Shimoga,Veeragarana Byranakoppa,Veeragarana Byranakoppa,705,whole_village,False,False,Veeragarana Bhairana Koppa,Shivamogga,Shivamogga,608371,608371,91.3,dist+tal,2.408
KARNATAKA,Shimoga,Shimoga,Vitagondana Koppa,Vitagondana Koppa,706,whole_village,False,False,Vitagondana Koppa,Shivamogga,Shivamogga,608335,608335,100.0,dist+tal,5.834
KARNATAKA,Shimoga,Shimoga,Yaraganalu,Yaraganalu,707,whole_village,False,False,Yaraganalu,Shivamogga,Shivamogga,608486,608486,100.0,dist+tal,6.53
KARNATAKA,Shimoga,Thirthahalli,Adinasara,Adinasara,708,whole_village,False,False,Adinasara,Tirthahalli,Shivamogga,608121,608121,100.0,dist+tal,3.217
KARNATAKA,Shimoga,Thirthahalli,Agasadi,Agasadi,709,whole_village,False,False,Agasadi,Tirthahalli,Shivamogga,608103,608103,100.0,dist+tal,1.621
KARNATAKA,Shimoga,Thirthahalli,Aklapura,Aklapura,710,whole_village,False,False,Aklapura,Tirthahalli,Shivamogga,608077,608077,100.0,dist+tal,6.096
KARNATAKA,Shimoga,Thirthahalli,Alase,Alase,711,whole_village,False,False,Alase,Tirthahalli,Shivamogga,608111,608111,100.0,dist+tal,4.94
KARNATAKA,Shimoga,Thirthahalli,Almane,Almane,712,whole_village,False,False,Almane,Tirthahalli,Shivamogga,608260,608260,100.0,dist+tal,1.793
KARNATAKA,Shimoga,Thirthahalli,Alur,Alur,713,whole_village,False,False,Alur,Tirthahalli,Shivamogga,608059,608059,100.0,dist+tal,6.003
KARNATAKA,Shimoga,Thirthahalli,Andagere,Andagere,714,whole_village,False,False,Andagere,Tirthahalli,Shivamogga,608244,608244,100.0,dist+tal,5.578
KARNATAKA,Shimoga,Thirthahalli,Angalakodige,Angalakodige,715,whole_village,False,False,Angalagodige,Tirthahalli,Shivamogga,608250,608250,91.7,dist+tal,5.395
KARNATAKA,Shimoga,Thirthahalli,Aranalli,Aranalli,716,whole_village,False,False,Aranalli,Tirthahalli,Shivamogga,608112,608112,100.0,dist+tal,7.969
KARNATAKA,Shimoga,Thirthahalli,Attigadde,Attigadde,717,whole_village,False,False,Attigadde,Tirthahalli,Shivamogga,608138,608138,100.0,dist+tal,1.939
KARNATAKA,Shimoga,Thirthahalli,Balehalli,Balehalli,718,whole_village,False,False,Balehalli,Tirthahalli,Shivamogga,608287,608287,100.0,dist+tal,35.33
KARNATAKA,Shimoga,Thirthahalli,Bandya,Bandya,719,whole_village,False,False,Bandya,Tirthahalli,Shivamogga,608093,608093,100.0,dist+tal,4.515
KARNATAKA,Shimoga,Thirthahalli,Basavanagadde,Basavanagadde,720,whole_village,False,False,Basavanagadde,Tirthahalli,Shivamogga,608118,608118,100.0,dist+tal,7.329
KARNATAKA,Shimoga,Thirthahalli,Beede,Beede,721,whole_village,False,False,Beede,Tirthahalli,Shivamogga,608062,608062,100.0,dist+tal,1.762
KARNATAKA,Shimoga,Thirthahalli,Beesu,Beesu,722,whole_village,False,False,Beesu,Tirthahalli,Shivamogga,608175,608175,100.0,dist+tal,5.053
KARNATAKA,Shimoga,Thirthahalli,Bejjavalli,Bejjavalli,723,whole_village,False,False,Bejjavalli,Tirthahalli,Shivamogga,608150,608150,100.0,dist+tal,0.574
KARNATAKA,Shimoga,Thirthahalli,Bekkanur,Bekkanur,724,whole_village,False,False,Bekkanur,Tirthahalli,Shivamogga,608267,608267,100.0,dist+tal,6.923
KARNATAKA,Shimoga,Thirthahalli,Bellangi,Bellangi,725,whole_village,False,False,Bellangi,Tirthahalli,Shivamogga,608270,608270,100.0,dist+tal,4.482
KARNATAKA,Shimoga,Thirthahalli,Bikshikenchigudde,Bikshikenchigudde,726,whole_village,False,False,Bekshikenjigudde,Tirthahalli,Shivamogga,608148,608148,84.8,dist+tal,7.053
KARNATAKA,Shimoga,Thirthahalli,Bilumane,Bilumane,727,whole_village,False,False,Bilumane,Tirthahalli,Shivamogga,608276,608276,100.0,dist+tal,3.843
KARNATAKA,Shimoga,Thirthahalli,Biluvehariharapura,Biluvehariharapura,728,whole_village,False,False,Biluvehariharapura,Tirthahalli,Shivamogga,608204,608204,100.0,dist+tal,5.652
KARNATAKA,Shimoga,Thirthahalli,Bintala,Bintala,729,whole_village,False,False,Bintala,Tirthahalli,Shivamogga,608214,608214,100.0,dist+tal,1.347
KARNATAKA,Shimoga,Thirthahalli,Bobli,Bobli,730,whole_village,False,False,Bobli,Tirthahalli,Shivamogga,608182,608182,100.0,dist+tal,2.605
KARNATAKA,Shimoga,Thirthahalli,Boblihinchuvalli,Boblihinchuvalli,731,whole_village,False,False,Boblihinchuvalli,Tirthahalli,Shivamogga,608183,608183,100.0,dist+tal,2.034
KARNATAKA,Shimoga,Thirthahalli,Bogarakoppa,Bogarakoppa,732,whole_village,False,False,Bogarukoppa,Tirthahalli,Shivamogga,608222,608222,90.9,dist+tal,3.746
KARNATAKA,Shimoga,Thirthahalli,Bommenahalli,Bommenahalli,733,whole_village,False,False,Bommenahalli,Bhadravati,Shivamogga,608630,608630,100.0,dist,3.211
KARNATAKA,Shimoga,Thirthahalli,Bylubadagi,Bylubadagi,734,whole_village,False,False,Bylubadagi,Tirthahalli,Shivamogga,608156,608156,100.0,dist+tal,2.518
KARNATAKA,Shimoga,Thirthahalli,Changaru,Changaru,735,whole_village,False,False,Changaru,Tirthahalli,Shivamogga,608289,608289,100.0,dist+tal,5.452
KARNATAKA,Shimoga,Thirthahalli,Chikkallalli,Chikkallalli,736,whole_village,False,False,Chikkallalli,Tirthahalli,Shivamogga,608064,608064,100.0,dist+tal,3.104
KARNATAKA,Shimoga,Thirthahalli,Dasanakodige,Dasanakodige,737,whole_village,False,False,Dasanakodige,Tirthahalli,Shivamogga,608278,608278,100.0,dist+tal,9.231
KARNATAKA,Shimoga,Thirthahalli,Demalapur,Demalapur,738,whole_village,False,False,Demlapura,Tirthahalli,Shivamogga,608076,608076,94.1,dist+tal,7.247
KARNATAKA,Shimoga,Thirthahalli,Garaga,Garaga,739,whole_village,False,False,Garaga,Tirthahalli,Shivamogga,608117,608117,100.0,dist+tal,6.182
KARNATAKA,Shimoga,Thirthahalli,Guravalli,Guravalli,740,whole_village,False,False,Guruvalli,Tirthahalli,Shivamogga,608266,608266,88.9,dist+tal,2.557
KARNATAKA,Shimoga,Thirthahalli,Hadaginamakki,Hadaginamakki,741,whole_village,False,False,Hadaginamakki,Tirthahalli,Shivamogga,608261,608261,100.0,dist+tal,3.439
KARNATAKA,Shimoga,Thirthahalli,Hadigallu,Hadigallu,742,whole_village,False,False,Hadigallu,Tirthahalli,Shivamogga,608073,608073,100.0,dist+tal,5.175
KARNATAKA,Shimoga,Thirthahalli,Halaga,Halaga,743,whole_village,False,False,Halaga,Tirthahalli,Shivamogga,608134,608134,100.0,dist+tal,2.905
KARNATAKA,Shimoga,Thirthahalli,Halalur Bettigere,Halalur Bettigere,744,whole_village,False,False,Holalurbetagere,Tirthahalli,Shivamogga,608291,608291,85.7,dist+tal,3.405
KARNATAKA,Shimoga,Thirthahalli,Halasavala,Halasavala,745,whole_village,False,False,Halasavala,Tirthahalli,Shivamogga,608171,608171,100.0,dist+tal,1.91
KARNATAKA,Shimoga,Thirthahalli,Halavanahalli,Halavanahalli,746,whole_village,False,False,Halavanahalli,Tirthahalli,Shivamogga,608074,608074,100.0,dist+tal,1.797
KARNATAKA,Shimoga,Thirthahalli,Halmahishi,Halmahishi,747,whole_village,False,False,Halumahishi,Tirthahalli,Shivamogga,608231,608231,95.2,dist+tal,5.188
KARNATAKA,Shimoga,Thirthahalli,Hanigeri,Hanigeri,748,whole_village,False,False,Hanagere,Tirthahalli,Shivamogga,608114,608114,85.7,dist+tal,6.928
KARNATAKA,Shimoga,Thirthahalli,Hasandur,Hasandur,749,whole_village,False,False,Hasandur,Tirthahalli,Shivamogga,608252,608252,100.0,dist+tal,4.658
KARNATAKA,Shimoga,Thirthahalli,Hedduru,Hedduru,750,whole_village,False,False,Hedduru,Tirthahalli,Shivamogga,608233,608233,100.0,dist+tal,3.983
KARNATAKA,Shimoga,Thirthahalli,Hegalatti,Hegalatti,751,whole_village,False,False,Hegalathi,Tirthahalli,Shivamogga,608116,608116,93.3,dist+tal,7.815
KARNATAKA,Shimoga,Thirthahalli,Hemmakki,Hemmakki,752,whole_village,False,False,Hemmakki,Tirthahalli,Shivamogga,608169,608169,100.0,dist+tal,4.74
KARNATAKA,Shimoga,Thirthahalli,Herambapura,Herambapura,753,whole_village,False,False,Herambapura,Tirthahalli,Shivamogga,608269,608269,100.0,dist+tal,4.559
KARNATAKA,Shimoga,Thirthahalli,Hirekallahalli,Hirekallahalli,754,whole_village,False,False,Hirekallahalli,Tirthahalli,Shivamogga,608063,608063,100.0,dist+tal,2.027
KARNATAKA,Shimoga,Thirthahalli,Holekoppa,Holekoppa,755,whole_village,False,False,Holekoppa,Tirthahalli,Shivamogga,608236,608236,100.0,dist+tal,5.905
KARNATAKA,Shimoga,Thirthahalli,Honnekere,Honnekere,756,whole_village,False,False,Honnekere,Tirthahalli,Shivamogga,608259,608259,100.0,dist+tal,4.105
KARNATAKA,Shimoga,Thirthahalli,Honnetalu,Honnetalu,757,whole_village,False,False,Honnetalu,Tirthahalli,Shivamogga,608284,608284,100.0,dist+tal,9.095
KARNATAKA,Shimoga,Thirthahalli,Horabailu,Horabailu,758,whole_village,False,False,Horabailu,Tirthahalli,Shivamogga,608082,608082,100.0,dist+tal,1.121
KARNATAKA,Shimoga,Thirthahalli,Hosakere,Hosakere,759,whole_village,False,False,Hosakere,Tirthahalli,Shivamogga,608085,608085,100.0,dist+tal,1.795
KARNATAKA,Shimoga,Thirthahalli,Hosakodige,Hosakodige,760,whole_village,False,False,Hosakodige,Tirthahalli,Shivamogga,608177,608177,100.0,dist+tal,5.118
KARNATAKA,Shimoga,Thirthahalli,Hosakoppa,Hosakoppa,761,whole_village,False,False,Hosakoppa,Tirthahalli,Shivamogga,608195,608195,100.0,dist+tal,1.99
KARNATAKA,Shimoga,Thirthahalli,Hosuru,Hosuru,762,whole_village,False,False,Hosuru,Tirthahalli,Shivamogga,608285,608285,100.0,dist+tal,29.421
KARNATAKA,Shimoga,Thirthahalli,Hullukodu,Hullukodu,763,whole_village,False,False,Hullukodu,Tirthahalli,Shivamogga,608083,608083,100.0,dist+tal,2.493
KARNATAKA,Shimoga,Thirthahalli,Humchadakatte,Humchadakatte,764,whole_village,False,False,Humchadakatte,Tirthahalli,Shivamogga,608055,608055,100.0,dist+tal,4.923
KARNATAKA,Shimoga,Thirthahalli,Huruli,Huruli,765,whole_village,False,False,Huruli,Tirthahalli,Shivamogga,608273,608273,100.0,dist+tal,4.294
KARNATAKA,Shimoga,Thirthahalli,Huttalli,Huttalli,766,whole_village,False,False,Huttalli,Tirthahalli,Shivamogga,608058,608058,100.0,dist+tal,5.646
KARNATAKA,Shimoga,Thirthahalli,Ingaladi,Ingaladi,767,whole_village,False,False,Ingladi,Tirthahalli,Shivamogga,608246,608246,93.3,dist+tal,4.066
KARNATAKA,Shimoga,Thirthahalli,Jambuvalli,Jambuvalli,768,whole_village,False,False,Jambuvalli,Tirthahalli,Shivamogga,608168,608168,100.0,dist+tal,5.074
KARNATAKA,Shimoga,Thirthahalli,Jogikoppa,Jogikoppa,769,whole_village,False,False,Jogikoppa,Tirthahalli,Shivamogga,608120,608120,100.0,dist+tal,6.44
KARNATAKA,Shimoga,Thirthahalli,Kabase,Kabase,770,whole_village,False,False,Kabase,Tirthahalli,Shivamogga,608271,608271,100.0,dist+tal,4.801
KARNATAKA,Shimoga,Thirthahalli,Kadegadde,Kadegadde,771,whole_village,False,False,Kadegadde,Tirthahalli,Shivamogga,608187,608187,100.0,dist+tal,2.19
KARNATAKA,Shimoga,Thirthahalli,Kalavanti,Kalavanti,772,whole_village,False,False,Kalavathi,Tirthahalli,Shivamogga,608139,608139,88.9,dist+tal,1.528
KARNATAKA,Shimoga,Thirthahalli,Kandaka,Kandaka,773,whole_village,False,False,Khandaka,Tirthahalli,Shivamogga,608095,608095,93.3,dist+tal,4.291
KARNATAKA,Shimoga,Thirthahalli,Kangalakoppa,Kangalakoppa,774,whole_village,False,False,Kangalakoppa,Tirthahalli,Shivamogga,608172,608172,100.0,dist+tal,8.48
KARNATAKA,Shimoga,Thirthahalli,Karakunji,Karakunji,775,whole_village,False,False,Karkunje,Kundapura,Udupi,608704,608704,93.3,state,18.297
KARNATAKA,Shimoga,Thirthahalli,Kasagaru,Kasagaru,776,whole_village,False,False,Kasagaru,Tirthahalli,Shivamogga,608163,608163,100.0,dist+tal,3.274
KARNATAKA,Shimoga,Thirthahalli,Kattekoppa,Kattekoppa,777,whole_village,False,False,Kattekoppa,Tirthahalli,Shivamogga,608084,608084,100.0,dist+tal,1.242
KARNATAKA,Shimoga,Thirthahalli,Kavaledurga,Kavaledurga,778,whole_village,False,False,Kavaledurga,Tirthahalli,Shivamogga,608180,608180,100.0,dist+tal,5.318
KARNATAKA,Shimoga,Thirthahalli,Kaveri,Kaveri,779,whole_village,False,False,Kaveri,Tirthahalli,Shivamogga,608160,608160,100.0,dist+tal,4.857
KARNATAKA,Shimoga,Thirthahalli,Keeranakere,Keeranakere,780,whole_village,False,False,Keeranakere,Tirthahalli,Shivamogga,608268,608268,100.0,dist+tal,4.371
KARNATAKA,Shimoga,Thirthahalli,Kelakere,Kelakere,781,whole_village,False,False,Kelakere,Tirthahalli,Shivamogga,608230,608230,100.0,dist+tal,7.52
KARNATAKA,Shimoga,Thirthahalli,Kesare,Kesare,782,whole_village,False,False,Kesare,Tirthahalli,Shivamogga,608056,608056,100.0,dist+tal,4.387
KARNATAKA,Shimoga,Thirthahalli,Kiggadi,Kiggadi,783,whole_village,False,False,Keegadi,Tirthahalli,Shivamogga,608128,608128,100.0,dist+tal,10.074
KARNATAKA,Shimoga,Thirthahalli,Kikkeri,Kikkeri,784,whole_village,False,False,Kikkeri,Tirthahalli,Shivamogga,608126,608126,100.0,dist+tal,7.887
KARNATAKA,Shimoga,Thirthahalli,Kimmane,Kimmane,785,whole_village,False,False,Kimmane,Tirthahalli,Shivamogga,608181,608181,100.0,dist+tal,1.58
KARNATAKA,Shimoga,Thirthahalli,Kittandur,Kittandur,786,whole_village,False,False,Kittandur,Tirthahalli,Shivamogga,608107,608107,100.0,dist+tal,3.594
KARNATAKA,Shimoga,Thirthahalli,Kodlu,Kodlu,787,whole_village,False,False,Kodlu,Tirthahalli,Shivamogga,608223,608223,100.0,dist+tal,4.122
KARNATAKA,Shimoga,Thirthahalli,Kokkodu,Kokkodu,788,whole_village,False,False,Kokkodu,Tirthahalli,Shivamogga,608196,608196,100.0,dist+tal,6.667
KARNATAKA,Shimoga,Thirthahalli,Kolagi,Kolagi,789,whole_village,False,False,Kolagi,Tirthahalli,Shivamogga,608279,608279,100.0,dist+tal,10.913
KARNATAKA,Shimoga,Thirthahalli,Kolagibylu,Kolagibylu,790,whole_village,False,False,Kolagibylu,Tirthahalli,Shivamogga,608218,608218,100.0,dist+tal,4.269
KARNATAKA,Shimoga,Thirthahalli,Kolige,Kolige,791,whole_village,False,False,Kolige,Tirthahalli,Shivamogga,608255,608255,100.0,dist+tal,5.704
KARNATAKA,Shimoga,Thirthahalli,Kombinakai,Kombinakai,792,whole_village,False,False,Kombinakai,Tirthahalli,Shivamogga,608119,608119,100.0,dist+tal,5.915
KARNATAKA,Shimoga,Thirthahalli,Konandur,Konandur,793,whole_village,False,False,Konandur,Tirthahalli,Shivamogga,608079,608079,100.0,dist+tal,6.31
KARNATAKA,Shimoga,Thirthahalli,Kuchalu,Kuchalu,794,whole_village,False,False,Kuchhalu,Tirthahalli,Shivamogga,608136,608136,100.0,dist+tal,7.426
KARNATAKA,Shimoga,Thirthahalli,Kudamallige,Kudamallige,795,whole_village,False,False,Kudumallige,Tirthahalli,Shivamogga,608147,608147,90.9,dist+tal,5.71
KARNATAKA,Shimoga,Thirthahalli,Kuduvalli,Kuduvalli,796,whole_village,False,False,Kuduvalli,Tirthahalli,Shivamogga,608154,608154,100.0,dist+tal,0.625
KARNATAKA,Shimoga,Thirthahalli,Kulunde,Kulunde,797,whole_village,False,False,Kulunde,Tirthahalli,Shivamogga,608133,608133,100.0,dist+tal,7.831
KARNATAKA,Shimoga,Thirthahalli,Kunda,Kunda,798,whole_village,False,False,Kunda,Tirthahalli,Shivamogga,608299,608299,100.0,dist+tal,5.573
KARNATAKA,Shimoga,Thirthahalli,Lakkunda,Lakkunda,799,whole_village,False,False,Lakkunda,Tirthahalli,Shivamogga,608219,608219,100.0,dist+tal,4.816
KARNATAKA,Shimoga,Thirthahalli,Lingapur,Lingapur,800,whole_village,False,False,Lingapura,Tirthahalli,Shivamogga,608173,608173,100.0,dist+tal,11.253
KARNATAKA,Shimoga,Thirthahalli,Mahishi,Mahishi,801,whole_village,False,False,Mahishi,Tirthahalli,Shivamogga,608232,608232,100.0,dist+tal,5.97
KARNATAKA,Shimoga,Thirthahalli,Mallapura,Mallapura,802,whole_village,False,False,Mallapura,Tirthahalli,Shivamogga,608122,608122,100.0,dist+tal,4.327
KARNATAKA,Shimoga,Thirthahalli,Mandaka,Mandaka,803,whole_village,False,False,Mandaka,Tirthahalli,Shivamogga,608067,608067,100.0,dist+tal,1.249
KARNATAKA,Shimoga,Thirthahalli,Manikoppa,Manikoppa,804,whole_village,False,False,Manikoppa,Tirthahalli,Shivamogga,608254,608254,100.0,dist+tal,4.26
KARNATAKA,Shimoga,Thirthahalli,Mavadi,Mavadi,805,whole_village,False,False,Mavadi,Tirthahalli,Shivamogga,608091,608091,100.0,dist+tal,0.445
KARNATAKA,Shimoga,Thirthahalli,Melinakadagodu,Melinakadagodu,806,whole_village,False,False,Melinakadagodu,Tirthahalli,Shivamogga,608065,608065,100.0,dist+tal,2.379
KARNATAKA,Shimoga,Thirthahalli,Melinapadaravalli,Melinapadaravalli,807,whole_village,False,False,Melinapadaravalli,Tirthahalli,Shivamogga,608131,608131,100.0,dist+tal,0.956
KARNATAKA,Shimoga,Thirthahalli,Mitla Godu,Mitla Godu,808,whole_village,False,False,Mitla Godu,Tirthahalli,Shivamogga,608185,608185,100.0,dist+tal,6.806
KARNATAKA,Shimoga,Thirthahalli,Mrugavadhe,Mrugavadhe,809,whole_village,False,False,Mrugavadhe,Tirthahalli,Shivamogga,608253,608253,100.0,dist+tal,9.721
KARNATAKA,Shimoga,Thirthahalli,Muniyur,Muniyur,810,whole_village,False,False,Muniyur,Tirthahalli,Shivamogga,608054,608054,100.0,dist+tal,10.774
KARNATAKA,Shimoga,Thirthahalli,Munnuralli,Munnuralli,811,whole_village,False,False,Munnurhalli,Tirthahalli,Shivamogga,608251,608251,95.2,dist+tal,3.842
KARNATAKA,Shimoga,Thirthahalli,Nandigodu,Nandigodu,812,whole_village,False,False,Nandigodu,Tirthahalli,Shivamogga,608094,608094,100.0,dist+tal,2.836
KARNATAKA,Shimoga,Thirthahalli,Nantur,Nantur,813,whole_village,False,False,Nantur,Tirthahalli,Shivamogga,608288,608288,100.0,dist+tal,9.079
KARNATAKA,Shimoga,Thirthahalli,Nekragodu,Nekragodu,814,whole_village,False,False,Nekragodu,Tirthahalli,Shivamogga,608176,608176,100.0,dist+tal,1.905
KARNATAKA,Shimoga,Thirthahalli,Neralakoppa,Neralakoppa,815,whole_village,False,False,Neralakoppa,Tirthahalli,Shivamogga,608141,608141,100.0,dist+tal,1.232
KARNATAKA,Shimoga,Thirthahalli,Neralumane,Neralumane,816,whole_village,False,False,Neralamane,Tirthahalli,Shivamogga,608174,608174,90.0,dist+tal,7.717
KARNATAKA,Shimoga,Thirthahalli,Salekoppa,Salekoppa,817,whole_village,False,False,Salekoppa,Tirthahalli,Shivamogga,608123,608123,100.0,dist+tal,3.488
KARNATAKA,Shimoga,Thirthahalli,Sedagar,Sedagar,818,whole_village,False,False,Shedgar,Tirthahalli,Shivamogga,608256,608256,92.3,dist+tal,5.178
KARNATAKA,Shimoga,Thirthahalli,Shankarapura,Shankarapura,819,whole_village,False,False,Shankarapura,Tirthahalli,Shivamogga,608090,608090,100.0,dist+tal,14.892
KARNATAKA,Shimoga,Thirthahalli,Shettigalakoppa,Shettigalakoppa,820,whole_village,False,False,Shettigalakoppa,Tirthahalli,Shivamogga,608217,608217,100.0,dist+tal,3.335
KARNATAKA,Shimoga,Thirthahalli,Shinduvadi,Shinduvadi,821,whole_village,False,False,Shinduvadi,Tirthahalli,Shivamogga,608170,608170,100.0,dist+tal,4.794
KARNATAKA,Shimoga,Thirthahalli,Shiranalli,Shiranalli,822,whole_village,False,False,Shiranalli,Tirthahalli,Shivamogga,608115,608115,100.0,dist+tal,9.637
KARNATAKA,Shimoga,Thirthahalli,Shiruru,Shiruru,823,whole_village,False,False,Shiruru,Tirthahalli,Shivamogga,608283,608283,100.0,dist+tal,6.885
KARNATAKA,Shimoga,Thirthahalli,Shivalli,Shivalli,824,whole_village,False,False,Shivalli,Tirthahalli,Shivamogga,608277,608277,100.0,dist+tal,5.796
KARNATAKA,Shimoga,Thirthahalli,Shuntihakkalu,Shuntihakkalu,825,whole_village,False,False,Shuntihaklu,Tirthahalli,Shivamogga,608272,608272,94.7,dist+tal,16.602
KARNATAKA,Shimoga,Thirthahalli,Singanabidare,Singanabidare,826,whole_village,False,False,Singanabidare,Tirthahalli,Shivamogga,608127,608127,100.0,dist+tal,7.163
KARNATAKA,Shimoga,Thirthahalli,Suruli,Suruli,827,whole_village,False,False,Suruli,Tirthahalli,Shivamogga,608071,608071,100.0,dist+tal,0.634
KARNATAKA,Shimoga,Thirthahalli,Tallur,Tallur,828,whole_village,False,False,Talluru,Tirthahalli,Shivamogga,608286,608286,100.0,dist+tal,39.273
KARNATAKA,Shimoga,Thirthahalli,Tenginakoppa,Tenginakoppa,829,whole_village,False,False,Tenginakoppa,Tirthahalli,Shivamogga,608178,608178,100.0,dist+tal,6.255
KARNATAKA,Shimoga,Thirthahalli,Tenkabailu,Tenkabailu,830,whole_village,False,False,Tenkabylu,Tirthahalli,Shivamogga,608179,608179,84.2,dist+tal,9.665
KARNATAKA,Shimoga,Thirthahalli,Thalale,Thalale,831,whole_village,False,False,Thalale,Tirthahalli,Shivamogga,608129,608129,100.0,dist+tal,7.6
KARNATAKA,Shimoga,Thirthahalli,Thorebailu,Thorebailu,832,whole_village,False,False,Thorebailu,Tirthahalli,Shivamogga,608061,608061,100.0,dist+tal,6.709
KARNATAKA,Shimoga,Thirthahalli,Thotadakoppa,Thotadakoppa,833,whole_village,False,False,Thotadakoppa,Tirthahalli,Shivamogga,608142,608142,100.0,dist+tal,0.971
KARNATAKA,Shimoga,Thirthahalli,Thumbramane,Thumbramane,834,whole_village,False,False,Thumbramane,Tirthahalli,Shivamogga,608257,608257,100.0,dist+tal,1.535
KARNATAKA,Shimoga,Thirthahalli,Triyambakapura,Triyambakapura,835,whole_village,False,False,Triyambakapura,Tirthahalli,Shivamogga,608108,608108,100.0,dist+tal,8.769
KARNATAKA,Shimoga,Thirthahalli,Tyanandur,Tyanandur,836,whole_village,False,False,Tyananduru,Tirthahalli,Shivamogga,608166,608166,100.0,dist+tal,6.907
KARNATAKA,Shimoga,Thirthahalli,Ubbur,Ubbur,837,whole_village,False,False,Ubburu,Tirthahalli,Shivamogga,608135,608135,100.0,dist+tal,7.018
KARNATAKA,Shimoga,Thirthahalli,Umblebailu,Umblebailu,838,whole_village,False,False,Umblebailu,Tirthahalli,Shivamogga,608057,608057,100.0,dist+tal,0.193
KARNATAKA,Shimoga,Thirthahalli,Vatagaru,Vatagaru,839,whole_village,False,False,Vatagaru,Tirthahalli,Shivamogga,608262,608262,100.0,dist+tal,5.251
KARNATAKA,Shimoga,Thirthahalli,Venkanahalli,Venkanahalli,840,whole_village,False,False,Venkanahalli,Tirthahalli,Shivamogga,608124,608124,100.0,dist+tal,4.674
KARNATAKA,Shimoga,Thirthahalli,Virupapura,Virupapura,841,whole_village,False,False,Virupapura,Tirthahalli,Shivamogga,608109,608109,100.0,dist+tal,7.992
KARNATAKA,Shimoga,Thirthahalli,Yadagudde,Yadagudde,842,whole_village,False,False,Yadagudde,Tirthahalli,Shivamogga,608210,608210,100.0,dist+tal,3.547
KARNATAKA,Shimoga,Thirthahalli,Yadamane,Yadamane,843,whole_village,False,False,Yadamane,Tirthahalli,Shivamogga,608292,608292,100.0,dist+tal,1.925
KARNATAKA,Shimoga,Thirthahalli,Yadavatti,Yadavatti,844,whole_village,False,False,Yadavathi,Tirthahalli,Shivamogga,608155,608155,93.3,dist+tal,4.707
KARNATAKA,Shimoga,Thirthahalli,Yadehallipal,Yadehallipal,845,whole_village,False,False,Yadehallipal,Tirthahalli,Shivamogga,608157,608157,100.0,dist+tal,0.598
KARNATAKA,Shimoga,Thirthahalli,Yamaravalli,Yamaravalli,846,whole_village,False,False,Yamaravalli,Tirthahalli,Shivamogga,608092,608092,100.0,dist+tal,8.143
KARNATAKA,Shimoga,Thirthahalli,Yogimalali,Yogimalali,847,whole_village,False,False,Yogimalali,Tirthahalli,Shivamogga,608110,608110,100.0,dist+tal,9.297
KARNATAKA,Udupi,Karkal,Andar,Andar,848,whole_village,False,False,Andaru,Hebri,Udupi,608883,608883,100.0,dist,37.998
KARNATAKA,Udupi,Karkal,Belanje,Belanje,849,whole_village,False,False,Belman,Karkal,Udupi,608899,608899,83.3,dist+tal,14.865
KARNATAKA,Udupi,Karkal,Chara,Chara,850,whole_village,False,False,Chara,Hebri,Udupi,608869,608869,100.0,dist,18.594
KARNATAKA,Udupi,Karkal,Durga,Durga,851,whole_village,False,False,Durga,Karkal,Udupi,608907,608907,100.0,dist+tal,19.629
KARNATAKA,Udupi,Karkal,Hebri,Hebri,852,whole_village,False,False,Hebri,Hebri,Udupi,608868,608868,100.0,dist,32.041
KARNATAKA,Udupi,Karkal,Idu,Idu,853,whole_village,False,False,Eedu,Karkal,Udupi,608910,608910,100.0,dist+tal,31.931
KARNATAKA,Udupi,Karkal,Kabbinale,Kabbinale,854,whole_village,False,False,Kabbinale,Hebri,Udupi,608873,608873,100.0,dist,25.317
KARNATAKA,Udupi,Karkal,Kervashe,Kervashe,855,whole_village,False,False,Kervashe,Karkal,Udupi,608886,608886,100.0,dist+tal,42.583
KARNATAKA,Udupi,Karkal,Kuchchur,Kuchchur,856,whole_village,False,False,Kuchchur,Hebri,Udupi,608866,608866,100.0,dist,17.488
KARNATAKA,Udupi,Karkal,Mala,Mala,857,whole_village,False,False,Mala,Karkal,Udupi,608887,608887,100.0,dist+tal,47.022
KARNATAKA,Udupi,Karkal,Nadpal,Nadpal,858,whole_village,False,False,Nadpalu,Hebri,Udupi,608867,608867,100.0,dist,133.606
KARNATAKA,Udupi,Karkal,Nuralbettu,Nuralbettu,859,whole_village,False,False,Nooralbettu,Karkal,Udupi,608909,608909,100.0,dist+tal,21.091
KARNATAKA,Udupi,Karkal,Shirlal,Shirlal,860,whole_village,False,False,Shirlal,Karkal,Udupi,608884,608884,100.0,dist+tal,37.525
KARNATAKA,Udupi,Kundapura,Aluru,Aluru,861,whole_village,False,False,Aloor,Kundapura,Udupi,608706,608706,100.0,dist+tal,19.304
KARNATAKA,Udupi,Kundapura,Amasebail,Amasebail,862,whole_village,False,False,Amasebailu,Kundapura,Udupi,608756,608756,100.0,dist+tal,65.323
KARNATAKA,Udupi,Kundapura,Belave,Belave,863,whole_village,False,False,Belve,Hebri,Udupi,608752,608752,90.9,dist,22.217
KARNATAKA,Udupi,Kundapura,Bellal,Bellal,864,whole_village,False,False,Bellal,Kundapura,Udupi,608711,608711,100.0,dist+tal,25.481
KARNATAKA,Udupi,Kundapura,Byndoor,Byndoor,865,whole_village,False,False,Byndoor,Bainduru,Udupi,608679,608679,100.0,dist,51.229
KARNATAKA,Udupi,Kundapura,Chittur,Chittur,866,whole_village,False,False,Chittoor,Kundapura,Udupi,608708,608708,100.0,dist+tal,18.403
KARNATAKA,Udupi,Kundapura,Golihole,Golihole,867,whole_village,False,False,Golihole,Bainduru,Udupi,608682,608682,100.0,dist,45.365
KARNATAKA,Udupi,Kundapura,Halihole,Halihole,868,whole_village,False,False,Hallihole,Bainduru,Udupi,608685,608685,100.0,dist,29.898
KARNATAKA,Udupi,Kundapura,Hosangadi,Hosangadi,869,whole_village,False,False,Hosangadi,Kundapura,Udupi,608721,608721,100.0,dist+tal,39.469
KARNATAKA,Udupi,Kundapura,Hosoor,Hosoor,870,whole_village,False,False,Hosoor,Kundapura,Udupi,608709,608709,100.0,dist+tal,22.881
KARNATAKA,Udupi,Kundapura,Idurkunhadi,Idurkunhadi,871,whole_village,False,False,Idurkunhadi,Kundapura,Udupi,608707,608707,100.0,dist+tal,16.81
KARNATAKA,Udupi,Kundapura,Jadkal,Jadkal,872,whole_village,False,False,Jadkal,Bainduru,Udupi,608683,608683,100.0,dist,47.661
KARNATAKA,Udupi,Kundapura,Keradi,Keradi,873,whole_village,False,False,Keradi,Kundapura,Udupi,608710,608710,100.0,dist+tal,26.883
KARNATAKA,Udupi,Kundapura,Kollur,Kollur,874,whole_village,False,False,Kollur,Bainduru,Udupi,608681,608681,100.0,dist,96.892
KARNATAKA,Udupi,Kundapura,Machattu,Machattu,875,whole_village,False,False,Machattu,Kundapura,Udupi,608722,608722,100.0,dist+tal,49.499
KARNATAKA,Udupi,Kundapura,Madamakki,Madamakki,876,whole_village,False,False,Madammakki,Hebri,Udupi,608757,608757,100.0,dist,40.271
KARNATAKA,Udupi,Kundapura,Muduru,Muduru,877,whole_village,False,False,Mudoor,Bainduru,Udupi,608684,608684,100.0,dist,62.542
KARNATAKA,Udupi,Kundapura,Shedimane,Shedimane,878,whole_village,False,False,Shedimane,Hebri,Udupi,608754,608754,100.0,dist,21.604
KARNATAKA,Udupi,Kundapura,Thagarasi,Thagarasi,879,whole_village,False,False,Thagarasi,Bainduru,Udupi,608678,608678,100.0,dist,12.2
KARNATAKA,Udupi,Kundapura,Vandse,Vandse,880,whole_village,False,False,Vandse,Kundapura,Udupi,608705,608705,100.0,dist+tal,9.798
KARNATAKA,Udupi,Kundapura,Yedamoge,Yedamoge,881,whole_village,False,False,Yedamogge,Kundapura,Udupi,608720,608720,100.0,dist+tal,29.455
KARNATAKA,Udupi,Kundapura,Yelajita,Yelajita,882,whole_village,False,False,Yeljith,Bainduru,Udupi,608680,608680,85.7,dist,33.057
KARNATAKA,Uttara Kannada,Ankola,Achve,Achve,883,whole_village,False,False,Achave,Ankola,Uttara Kannada,603401,603401,90.9,dist+tal,45.453
KARNATAKA,Uttara Kannada,Ankola,Adlur,Adlur,884,whole_village,False,False,Adlur,Ankola,Uttara Kannada,603343,603343,100.0,dist+tal,12.111
KARNATAKA,Uttara Kannada,Ankola,Algeri,Algeri,885,whole_village,False,False,Algeri,Ankola,Uttara Kannada,603330,603330,100.0,dist+tal,4.154
KARNATAKA,Uttara Kannada,Ankola,Berde,Berde,886,whole_village,False,False,Berde,Ankola,Uttara Kannada,603333,603333,100.0,dist+tal,14.035
KARNATAKA,Uttara Kannada,Ankola,Bogribail,Bogribail,887,whole_village,False,False,Bogribail,Ankola,Uttara Kannada,603332,603332,100.0,dist+tal,9.513
KARNATAKA,Uttara Kannada,Ankola,Brahmur,Brahmur,888,whole_village,False,False,Brahmur,Ankola,Uttara Kannada,603403,603403,100.0,dist+tal,24.503
KARNATAKA,Uttara Kannada,Ankola,Dongri,Dongri,889,whole_village,False,False,Dongri,Ankola,Uttara Kannada,603352,603352,100.0,dist+tal,32.046
KARNATAKA,Uttara Kannada,Ankola,Gule,Gule,890,whole_village,False,False,Gule,Ankola,Uttara Kannada,603336,603336,100.0,dist+tal,26.3
KARNATAKA,Uttara Kannada,Ankola,Halvalli,Halvalli,891,whole_village,False,False,Halvalli,Ankola,Uttara Kannada,603357,603357,100.0,dist+tal,31.494
KARNATAKA,Uttara Kannada,Ankola,Hebbul,Hebbul,892,whole_village,False,False,Hebbul,Ankola,Uttara Kannada,603351,603351,100.0,dist+tal,15.734
KARNATAKA,Uttara Kannada,Ankola,Heggar-Makigadde,Heggar-Makigadde,893,whole_village,False,False,Heggar Makkigadde,Ankola,Uttara Kannada,603346,603346,100.0,dist+tal,14.292
KARNATAKA,Uttara Kannada,Ankola,Hillur,Hillur,894,whole_village,False,False,Hillur,Ankola,Uttara Kannada,603398,603398,100.0,dist+tal,33.535
KARNATAKA,Uttara Kannada,Ankola,Kamani,Kamani,895,whole_village,False,False,Kammani,Ankola,Uttara Kannada,603358,603358,100.0,dist+tal,14.168
KARNATAKA,Uttara Kannada,Ankola,Kamge,Kamge,896,whole_village,False,False,Kamge,Ankola,Uttara Kannada,603383,603383,100.0,dist+tal,1.724
KARNATAKA,Uttara Kannada,Ankola,Kanchinmale,Kanchinmale,897,whole_village,False,False,Kanchinmale,Ankola,Uttara Kannada,603344,603344,100.0,dist+tal,14.32
KARNATAKA,Uttara Kannada,Ankola,Karebail,Karebail,898,whole_village,False,False,Karebail,Ankola,Uttara Kannada,603392,603392,100.0,dist+tal,2.35
KARNATAKA,Uttara Kannada,Ankola,Kattinakkal,Kattinakkal,899,whole_village,False,False,Kattinhakkal,Ankola,Uttara Kannada,603349,603349,95.7,dist+tal,18.315
KARNATAKA,Uttara Kannada,Ankola,Kenkane Sivapur,Kenkane Sivapur,900,whole_village,False,False,Kenkanishivapur,Ankola,Uttara Kannada,603394,603394,92.9,dist+tal,8.816
KARNATAKA,Uttara Kannada,Ankola,Kodlagadde,Kodlagadde,901,whole_village,False,False,Kodlagadde,Ankola,Uttara Kannada,603353,603353,100.0,dist+tal,28.216
KARNATAKA,Uttara Kannada,Ankola,Kodsani,Kodsani,902,whole_village,False,False,Kodsani,Ankola,Uttara Kannada,603387,603387,100.0,dist+tal,5.648
KARNATAKA,Uttara Kannada,Ankola,Kuntgani,Kuntgani,903,whole_village,False,False,Kuntgani,Ankola,Uttara Kannada,603399,603399,100.0,dist+tal,24.136
KARNATAKA,Uttara Kannada,Ankola,Lakeguli,Lakeguli,904,whole_village,False,False,Lakkeguli,Ankola,Uttara Kannada,603337,603337,100.0,dist+tal,9.306
KARNATAKA,Uttara Kannada,Ankola,Mallani,Mallani,905,whole_village,False,False,Mallani,Ankola,Uttara Kannada,603340,603340,100.0,dist+tal,20.662
KARNATAKA,Uttara Kannada,Ankola,Manigadde,Manigadde,906,whole_village,False,False,Manigadde,Ankola,Uttara Kannada,603400,603400,100.0,dist+tal,12.571
KARNATAKA,Uttara Kannada,Ankola,Marugadde,Marugadde,907,whole_village,False,False,Marugadde,Ankola,Uttara Kannada,603345,603345,100.0,dist+tal,16.059
KARNATAKA,Uttara Kannada,Ankola,Morhalli,Morhalli,908,whole_village,False,False,Moralli,Ankola,Uttara Kannada,603395,603395,93.3,dist+tal,6.898
KARNATAKA,Uttara Kannada,Ankola,Navgadde,Navgadde,909,whole_village,False,False,Navagadde,Ankola,Uttara Kannada,603342,603342,94.1,dist+tal,10.123
KARNATAKA,Uttara Kannada,Ankola,Sakalben,Sakalben,910,whole_village,False,False,Sakalbena,Ankola,Uttara Kannada,603326,603326,100.0,dist+tal,18.403
KARNATAKA,Uttara Kannada,Ankola,Shavkar,Shavkar,911,whole_village,False,False,Shevakar,Ankola,Uttara Kannada,603354,603354,80.0,dist+tal,18.783
KARNATAKA,Uttara Kannada,Ankola,Shikliturli,Shikliturli,912,whole_village,False,False,Shikliturli,Ankola,Uttara Kannada,603339,603339,100.0,dist+tal,10.868
KARNATAKA,Uttara Kannada,Ankola,Shirur,Shirur,913,whole_village,False,False,Shirur,Ankola,Uttara Kannada,603381,603381,100.0,dist+tal,4.159
KARNATAKA,Uttara Kannada,Ankola,Sonaginmane,Sonaginmane,914,whole_village,False,False,Sonaginmane,Sirsi,Uttara Kannada,603098,603098,100.0,dist,23.383
KARNATAKA,Uttara Kannada,Ankola,Sunksal,Sunksal,915,whole_village,False,False,Sunksal,Ankola,Uttara Kannada,603350,603350,100.0,dist+tal,26.277
KARNATAKA,Uttara Kannada,Ankola,Surve,Surve,916,whole_village,False,False,Surve,Ankola,Uttara Kannada,603370,603370,100.0,dist+tal,1.62
KARNATAKA,Uttara Kannada,Ankola,Takatgeri,Takatgeri,917,whole_village,False,False,Takatgeri,Ankola,Uttara Kannada,603393,603393,100.0,dist+tal,1.95
KARNATAKA,Uttara Kannada,Ankola,Talgadde,Talgadde,918,whole_village,False,False,Talgadde,Ankola,Uttara Kannada,603379,603379,100.0,dist+tal,11.816
KARNATAKA,Uttara Kannada,Ankola,Vanlben,Vanlben,919,whole_village,False,False,Varilbena,Ankola,Uttara Kannada,603325,603325,80.0,dist+tal,7.845
KARNATAKA,Uttara Kannada,Ankola,Vasarkudrige,Vasarkudrige,920,whole_village,False,False,Vasar Kudrige,Ankola,Uttara Kannada,603388,603388,100.0,dist+tal,10.148
KARNATAKA,Uttara Kannada,Bhatkal,Agga,Agga,921,whole_village,False,False,Agga,Bhatkal,Uttara Kannada,603844,603844,100.0,dist+tal,2.019
KARNATAKA,Uttara Kannada,Bhatkal,Antravalli,Antravalli,922,whole_village,False,False,Antravalli,Bhatkal,Uttara Kannada,603841,603841,100.0,dist+tal,2.136
KARNATAKA,Uttara Kannada,Bhatkal,Aravaki,Aravaki,923,whole_village,False,False,Aravakki,Bhatkal,Uttara Kannada,603867,603867,100.0,dist+tal,4.092
KARNATAKA,Uttara Kannada,Bhatkal,Badabag,Badabag,924,whole_village,False,False,Badabag,Bhatkal,Uttara Kannada,603843,603843,100.0,dist+tal,4.511
KARNATAKA,Uttara Kannada,Bhatkal,Benandur,Benandur,925,whole_village,False,False,Benandoor,Bhatkal,Uttara Kannada,603871,603871,100.0,dist+tal,2.42
KARNATAKA,Uttara Kannada,Bhatkal,Beshe,Beshe,926,whole_village,False,False,Bese,Bhatkal,Uttara Kannada,603869,603869,100.0,dist+tal,2.297
KARNATAKA,Uttara Kannada,Bhatkal,Bilunmani,Bilunmani,927,whole_village,False,False,Bilurmane,Bhatkal,Uttara Kannada,603860,603860,87.5,dist+tal,1.727
KARNATAKA,Uttara Kannada,Bhatkal,Hadvalli,Hadvalli,928,whole_village,False,False,Hadavalli,Bhatkal,Uttara Kannada,603862,603862,94.1,dist+tal,6.216
KARNATAKA,Uttara Kannada,Bhatkal,Hallari,Hallari,929,whole_village,False,False,Hallari,Bhatkal,Uttara Kannada,603870,603870,100.0,dist+tal,0.881
KARNATAKA,Uttara Kannada,Bhatkal,Hasarvalli,Hasarvalli,930,whole_village,False,False,Hasarvalli,Bhatkal,Uttara Kannada,603846,603846,100.0,dist+tal,12.096
KARNATAKA,Uttara Kannada,Bhatkal,Hejjl,Hejjl,931,whole_village,False,False,Hejjala,Bhatkal,Uttara Kannada,603873,603873,90.9,dist+tal,2.679
KARNATAKA,Uttara Kannada,Bhatkal,Henjle,Henjle,932,whole_village,False,False,Henjale,Bhatkal,Uttara Kannada,603845,603845,92.3,dist+tal,6.231
KARNATAKA,Uttara Kannada,Bhatkal,Holyani,Holyani,933,whole_village,False,False,Hallyani,Bhatkal,Uttara Kannada,603847,603847,83.3,dist+tal,9.806
KARNATAKA,Uttara Kannada,Bhatkal,Hudil,Hudil,934,whole_village,False,False,Hudil,Bhatkal,Uttara Kannada,603842,603842,100.0,dist+tal,9.455
KARNATAKA,Uttara Kannada,Bhatkal,Kagundi,Kagundi,935,whole_village,False,False,Kaggundi,Bhatkal,Uttara Kannada,603872,603872,100.0,dist+tal,2.442
KARNATAKA,Uttara Kannada,Bhatkal,Kekkod,Kekkod,936,whole_village,False,False,Kekkod,Bhatkal,Uttara Kannada,603874,603874,100.0,dist+tal,2.074
KARNATAKA,Uttara Kannada,Bhatkal,Kerehittal,Kerehittal,937,whole_village,False,False,Kerehittal,Bhatkal,Uttara Kannada,603868,603868,100.0,dist+tal,3.13
KARNATAKA,Uttara Kannada,Bhatkal,Kitre,Kitre,938,whole_village,False,False,Kitre,Bhatkal,Uttara Kannada,603840,603840,100.0,dist+tal,5.768
KARNATAKA,Uttara Kannada,Bhatkal,Koppa,Koppa,939,whole_village,False,False,Koppa,Bhatkal,Uttara Kannada,603823,603823,100.0,dist+tal,97.143
KARNATAKA,Uttara Kannada,Bhatkal,Kuntvani,Kuntvani,940,whole_village,False,False,Kuntavani,Bhatkal,Uttara Kannada,603861,603861,94.1,dist+tal,2.914
KARNATAKA,Uttara Kannada,Bhatkal,Kurandur,Kurandur,941,whole_village,False,False,Kurandur,Bhatkal,Uttara Kannada,603865,603865,100.0,dist+tal,4.08
KARNATAKA,Uttara Kannada,Bhatkal,Marukeri,Marukeri,942,whole_village,False,False,Marukeri,Bhatkal,Uttara Kannada,603850,603850,100.0,dist+tal,7.361
KARNATAKA,Uttara Kannada,Bhatkal,Mugli,Mugli,943,whole_village,False,False,Mugali,Bhatkal,Uttara Kannada,603875,603875,90.9,dist+tal,0.803
KARNATAKA,Uttara Kannada,Bhatkal,Nuz,Nuz,944,whole_village,False,False,Nuz,Bhatkal,Uttara Kannada,603876,603876,100.0,dist+tal,8.317
KARNATAKA,Uttara Kannada,Bhatkal,Vonibagil,Vonibagil,945,whole_village,False,False,Voni Bagil,Bhatkal,Uttara Kannada,603863,603863,100.0,dist+tal,0.839
KARNATAKA,Uttara Kannada,Honavar,Adkekuli,Adkekuli,946,whole_village,False,False,Adekekuli,Honavar,Uttara Kannada,603777,603777,94.1,dist+tal,14.493
KARNATAKA,Uttara Kannada,Honavar,Adukal,Adukal,947,whole_village,False,False,Adukal,Honavar,Uttara Kannada,603769,603769,100.0,dist+tal,6.541
KARNATAKA,Uttara Kannada,Honavar,Ashikeri,Ashikeri,948,whole_village,False,False,Ashikeri,Honavar,Uttara Kannada,603778,603778,100.0,dist+tal,7.654
KARNATAKA,Uttara Kannada,Honavar,Begodi,Begodi,949,whole_village,False,False,Begodi,Honavar,Uttara Kannada,603816,603816,100.0,dist+tal,3.047
KARNATAKA,Uttara Kannada,Honavar,Birnagode,Birnagode,950,whole_village,False,False,Birangod,Honavar,Uttara Kannada,603766,603766,87.5,dist+tal,3.174
KARNATAKA,Uttara Kannada,Honavar,Chandavar,Chandavar,951,whole_village,False,False,Chandavar,Honavar,Uttara Kannada,603726,603726,100.0,dist+tal,21.119
KARNATAKA,Uttara Kannada,Honavar,Dabbod,Dabbod,952,whole_village,False,False,Dabbod,Honavar,Uttara Kannada,603760,603760,100.0,dist+tal,1.918
KARNATAKA,Uttara Kannada,Honavar,Gudemakki,Gudemakki,953,whole_village,False,False,Gudemakki,Honavar,Uttara Kannada,603759,603759,100.0,dist+tal,0.687
KARNATAKA,Uttara Kannada,Honavar,Gundabal,Gundabal,954,whole_village,False,False,Gundabala,Honavar,Uttara Kannada,603790,603790,100.0,dist+tal,7.083
KARNATAKA,Uttara Kannada,Honavar,Gunvanti,Gunvanti,955,whole_village,False,False,Gunavante,Honavar,Uttara Kannada,603751,603751,93.3,dist+tal,10.622
KARNATAKA,Uttara Kannada,Honavar,Hadgeri,Hadgeri,956,whole_village,False,False,Hadgeri,Honavar,Uttara Kannada,603817,603817,100.0,dist+tal,35.19
KARNATAKA,Uttara Kannada,Honavar,Hadikal,Hadikal,957,whole_village,False,False,Hadikal,Honavar,Uttara Kannada,603770,603770,100.0,dist+tal,7.487
KARNATAKA,Uttara Kannada,Honavar,Herali,Herali,958,whole_village,False,False,Herali,Honavar,Uttara Kannada,603775,603775,100.0,dist+tal,7.47
KARNATAKA,Uttara Kannada,Honavar,Herangadi,Herangadi,959,whole_village,False,False,Herangadi,Honavar,Uttara Kannada,603806,603806,100.0,dist+tal,6.37
KARNATAKA,Uttara Kannada,Honavar,Heravali,Heravali,960,whole_village,False,False,Heravali,Honavar,Uttara Kannada,603795,603795,100.0,dist+tal,6.019
KARNATAKA,Uttara Kannada,Honavar,Hinnur,Hinnur,961,whole_village,False,False,Hinnur,Honavar,Uttara Kannada,603762,603762,100.0,dist+tal,4.007
KARNATAKA,Uttara Kannada,Honavar,Hirebail,Hirebail,962,whole_village,False,False,Hirebail,Honavar,Uttara Kannada,603791,603791,100.0,dist+tal,22.77
KARNATAKA,Uttara Kannada,Honavar,Hodke Sirur,Hodke Sirur,963,whole_village,False,False,Hodke Shiroor,Honavar,Uttara Kannada,603728,603728,100.0,dist+tal,19.42
KARNATAKA,Uttara Kannada,Honavar,Honnehalikabinnakal,Honnehalikabinnakal,964,whole_village,False,False,Hanehallikabbinahakkal,Honavar,Uttara Kannada,603809,603809,88.9,dist+tal,4.928
KARNATAKA,Uttara Kannada,Honavar,Hosgode,Hosgode,965,whole_village,False,False,Hosgod,Honavar,Uttara Kannada,603792,603792,100.0,dist+tal,8.905
KARNATAKA,Uttara Kannada,Honavar,Hulegar,Hulegar,966,whole_village,False,False,Hulegar,Honavar,Uttara Kannada,603810,603810,100.0,dist+tal,5.508
KARNATAKA,Uttara Kannada,Honavar,Jalvalli,Jalvalli,967,whole_village,False,False,Jalwalli,Honavar,Uttara Kannada,603801,603801,100.0,dist+tal,8.463
KARNATAKA,Uttara Kannada,Honavar,Jankadkal,Jankadkal,968,whole_village,False,False,Janna Kadkal,Honavar,Uttara Kannada,603793,603793,94.7,dist+tal,30.754
KARNATAKA,Uttara Kannada,Honavar,Kadnir,Kadnir,969,whole_village,False,False,Kadnir,Honavar,Uttara Kannada,603727,603727,100.0,dist+tal,17.952
KARNATAKA,Uttara Kannada,Honavar,Kelgin Idgunji,Kelgin Idgunji,970,whole_village,False,False,Kelgin Idgunji,Honavar,Uttara Kannada,603752,603752,100.0,dist+tal,1.981
KARNATAKA,Uttara Kannada,Honavar,Khandodi,Khandodi,971,whole_village,False,False,Khandodi,Honavar,Uttara Kannada,603814,603814,100.0,dist+tal,18.35
KARNATAKA,Uttara Kannada,Honavar,Kochodi,Kochodi,972,whole_village,False,False,Kuchodi,Honavar,Uttara Kannada,603776,603776,85.7,dist+tal,4.077
KARNATAKA,Uttara Kannada,Honavar,Kot,Kot,973,whole_village,False,False,Kota,Honavar,Uttara Kannada,603772,603772,100.0,dist+tal,5.4
KARNATAKA,Uttara Kannada,Honavar,Magode,Magode,974,whole_village,False,False,Magod,Honavar,Uttara Kannada,603767,603767,100.0,dist+tal,27.335
KARNATAKA,Uttara Kannada,Honavar,Mahime,Mahime,975,whole_village,False,False,Mahime,Honavar,Uttara Kannada,603808,603808,100.0,dist+tal,77.123
KARNATAKA,Uttara Kannada,Honavar,Manki,Manki,976,whole_village,False,False,Manki,Honavar,Uttara Kannada,603758,603758,100.0,dist+tal,33.196
KARNATAKA,Uttara Kannada,Honavar,Melinmanige,Melinmanige,977,whole_village,False,False,Melin Mannige,Honavar,Uttara Kannada,603761,603761,100.0,dist+tal,3.135
KARNATAKA,Uttara Kannada,Honavar,Nagarbastikere,Nagarbastikere,978,whole_village,False,False,Nagarabastikeri,Honavar,Uttara Kannada,603815,603815,96.3,dist+tal,36.666
KARNATAKA,Uttara Kannada,Honavar,Nilkod,Nilkod,979,whole_village,False,False,Nilkod,Honavar,Uttara Kannada,603741,603741,100.0,dist+tal,6.827
KARNATAKA,Uttara Kannada,Honavar,Salkode,Salkode,980,whole_village,False,False,Salkod,Honavar,Uttara Kannada,603742,603742,100.0,dist+tal,40.776
KARNATAKA,Uttara Kannada,Honavar,Sampolli,Sampolli,981,whole_village,False,False,Sampolli,Honavar,Uttara Kannada,603771,603771,100.0,dist+tal,5.643
KARNATAKA,Uttara Kannada,Honavar,Sarlige,Sarlige,982,whole_village,False,False,Saralagi,Honavar,Uttara Kannada,603811,603811,76.9,dist+tal,6.588
KARNATAKA,Uttara Kannada,Honavar,Shirkur,Shirkur,983,whole_village,False,False,Shirkur,Honavar,Uttara Kannada,603813,603813,100.0,dist+tal,12.178
KARNATAKA,Uttara Kannada,Honavar,Sulebil,Sulebil,984,whole_village,False,False,Sulebil,Honavar,Uttara Kannada,603774,603774,100.0,dist+tal,4.216
KARNATAKA,Uttara Kannada,Honavar,Tumbebil,Tumbebil,985,whole_village,False,False,Tumbebeela,Honavar,Uttara Kannada,603773,603773,100.0,dist+tal,3.3
KARNATAKA,Uttara Kannada,Honavar,Tumboli,Tumboli,986,whole_village,False,False,Tumbolli,Honavar,Uttara Kannada,603802,603802,100.0,dist+tal,8.623
KARNATAKA,Uttara Kannada,Honavar,Upponn,Upponn,987,whole_village,False,False,Upponi,Honavar,Uttara Kannada,603807,603807,100.0,dist+tal,2.397
KARNATAKA,Uttara Kannada,Joida,Akheti,Akheti,988,whole_village,False,False,Akheti,Supa,Uttara Kannada,602634,602634,100.0,dist,14.287
KARNATAKA,Uttara Kannada,Joida,Ambolli,Ambolli,989,whole_village,False,False,Ambolli,Supa,Uttara Kannada,602732,602732,100.0,dist,58.842
KARNATAKA,Uttara Kannada,Joida,Amshet,Amshet,990,whole_village,False,False,Amshet,Supa,Uttara Kannada,602669,602669,100.0,dist,7.694
KARNATAKA,Uttara Kannada,Joida,Anmod,Anmod,991,whole_village,False,False,Anamod,Supa,Uttara Kannada,602637,602637,90.9,dist,21.117
KARNATAKA,Uttara Kannada,Joida,Anshi,Anshi,992,whole_village,False,False,Anashi,Supa,Uttara Kannada,602719,602719,90.9,dist,88.38
KARNATAKA,Uttara Kannada,Joida,Asu,Asu,993,whole_village,False,False,Asu,Supa,Uttara Kannada,602651,602651,100.0,dist,5.062
KARNATAKA,Uttara Kannada,Joida,Asulli,Asulli,994,whole_village,False,False,Asulli,Supa,Uttara Kannada,602666,602666,100.0,dist,72.93
KARNATAKA,Uttara Kannada,Joida,Avedapopala,Avedapopala,995,whole_village,False,False,Aveda Poppal Wadi,Supa,Uttara Kannada,602646,602646,87.0,dist,10.188
KARNATAKA,Uttara Kannada,Joida,Badgund,Badgund,996,whole_village,False,False,Badgund,Supa,Uttara Kannada,602689,602689,100.0,dist,10.204
KARNATAKA,Uttara Kannada,Joida,Badpoli,Badpoli,997,whole_village,False,False,Badpoli,Supa,Uttara Kannada,602718,602718,100.0,dist,20.046
KARNATAKA,Uttara Kannada,Joida,Bamaawadi,Bamaawadi,998,whole_village,False,False,Bamanawadi,Supa,Uttara Kannada,602675,602675,94.7,dist,3.748
KARNATAKA,Uttara Kannada,Joida,Bandoda,Bandoda,999,whole_village,False,False,Bandoda,Supa,Uttara Kannada,602660,602660,100.0,dist,5.508
KARNATAKA,Uttara Kannada,Joida,Bapeli,Bapeli,1000,whole_village,False,False,Bapeli,Supa,Uttara Kannada,602698,602698,100.0,dist,4.357
KARNATAKA,Uttara Kannada,Joida,Bhedasgadde,Bhedasgadde,1001,whole_village,False,False,Bedasgadde,Supa,Uttara Kannada,602741,602741,95.2,dist,2.492
KARNATAKA,Uttara Kannada,Joida,Bidoli,Bidoli,1002,whole_village,False,False,Bidoli,Supa,Uttara Kannada,602738,602738,100.0,dist,47.794
KARNATAKA,Uttara Kannada,Joida,Birkhol,Birkhol,1003,whole_village,False,False,Birkhol,Supa,Uttara Kannada,602749,602749,100.0,dist,37.698
KARNATAKA,Uttara Kannada,Joida,Boregali,Boregali,1004,whole_village,False,False,Boregali,Supa,Uttara Kannada,602657,602657,100.0,dist,3.205
KARNATAKA,Uttara Kannada,Joida,Bori,Bori,1005,whole_village,False,False,Bori,Supa,Uttara Kannada,602652,602652,100.0,dist,6.444
KARNATAKA,Uttara Kannada,Joida,Chafer,Chafer,1006,whole_village,False,False,Chafer,Supa,Uttara Kannada,602737,602737,100.0,dist,12.667
KARNATAKA,Uttara Kannada,Joida,Chandawadi,Chandawadi,1007,whole_village,False,False,Chandawadi,Supa,Uttara Kannada,602642,602642,100.0,dist,10.043
KARNATAKA,Uttara Kannada,Joida,Chapali,Chapali,1008,whole_village,False,False,Chapali,Supa,Uttara Kannada,602649,602649,100.0,dist,8.687
KARNATAKA,Uttara Kannada,Joida,Chapoli,Chapoli,1009,whole_village,False,False,Chapoli Kalsai,Supa,Uttara Kannada,602723,602723,100.0,dist,27.65
KARNATAKA,Uttara Kannada,Joida,Chapoli (Kalsai),Chapoli (Kalsai),1010,whole_village,False,False,Chapoli A,Supa,Uttara Kannada,602695,602695,100.0,dist,1.527
KARNATAKA,Uttara Kannada,Joida,Deriye,Deriye,1011,whole_village,False,False,Deriye,Supa,Uttara Kannada,602714,602714,100.0,dist,8.186
KARNATAKA,Uttara Kannada,Joida,Devulli,Devulli,1012,whole_village,False,False,Devulli Tinai,Supa,Uttara Kannada,602640,602640,100.0,dist,40.645
KARNATAKA,Uttara Kannada,Joida,Diggi,Diggi,1013,whole_village,False,False,Diggi,Supa,Uttara Kannada,602665,602665,100.0,dist,15.207
KARNATAKA,Uttara Kannada,Joida,Donshet,Donshet,1014,whole_village,False,False,Donshet,Supa,Uttara Kannada,602680,602680,100.0,dist,6.843
KARNATAKA,Uttara Kannada,Joida,Durg,Durg,1015,whole_village,False,False,Durgi,Supa,Uttara Kannada,602676,602676,100.0,dist,2.361
KARNATAKA,Uttara Kannada,Joida,Gangoda,Gangoda,1016,whole_village,False,False,Gangoda,Supa,Uttara Kannada,602731,602731,100.0,dist,26.322
KARNATAKA,Uttara Kannada,Joida,Ghavane,Ghavane,1017,whole_village,False,False,Ghavane,Supa,Uttara Kannada,602659,602659,100.0,dist,2.186
KARNATAKA,Uttara Kannada,Joida,Ghodset,Ghodset,1018,whole_village,False,False,Godashet,Supa,Uttara Kannada,602722,602722,85.7,dist,6.07
KARNATAKA,Uttara Kannada,Joida,Gund,Gund,1019,whole_village,False,False,Gund,Supa,Uttara Kannada,602733,602733,100.0,dist,25.231
KARNATAKA,Uttara Kannada,Joida,Hebbal,Hebbal,1020,whole_village,False,False,Hebbal,Supa,Uttara Kannada,602745,602745,100.0,dist,10.442
KARNATAKA,Uttara Kannada,Joida,Hudsa,Hudsa,1021,whole_village,False,False,Hudasa,Supa,Uttara Kannada,602728,602728,90.9,dist,14.987
KARNATAKA,Uttara Kannada,Joida,Ivoli,Ivoli,1022,whole_village,False,False,Ivoli,Supa,Uttara Kannada,602645,602645,100.0,dist,22.122
KARNATAKA,Uttara Kannada,Joida,Jagalbet,Jagalbet,1023,whole_village,False,False,Jagalbet,Supa,Uttara Kannada,602683,602683,100.0,dist,4.246
KARNATAKA,Uttara Kannada,Joida,Joida,Joida,1024,whole_village,False,False,Joida,Supa,Uttara Kannada,602726,602726,100.0,dist,18.546
KARNATAKA,Uttara Kannada,Joida,Kalambuli,Kalambuli,1025,whole_village,False,False,Kalambuli,Supa,Uttara Kannada,602639,602639,100.0,dist,22.562
KARNATAKA,Uttara Kannada,Joida,Kalsai,Kalsai,1026,whole_village,False,False,Kalasai,Supa,Uttara Kannada,602721,602721,92.3,dist,29.774
KARNATAKA,Uttara Kannada,Joida,Kamare,Kamare,1027,whole_village,False,False,Kamra,Supa,Uttara Kannada,602658,602658,88.9,dist,17.694
KARNATAKA,Uttara Kannada,Joida,Kasarle,Kasarle,1028,whole_village,False,False,Kasarle,Supa,Uttara Kannada,602656,602656,100.0,dist,5.73
KARNATAKA,Uttara Kannada,Joida,Kateli,Kateli,1029,whole_village,False,False,Kateli Kumbar Wada,Supa,Uttara Kannada,602716,602716,100.0,dist,16.565
KARNATAKA,Uttara Kannada,Joida,Kodthalli,Kodthalli,1031,whole_village,False,False,Kodthalli,Supa,Uttara Kannada,602747,602747,100.0,dist,12.529
KARNATAKA,Uttara Kannada,Joida,Konda,Konda,1032,whole_village,False,False,Konda Haliyal,Supa,Uttara Kannada,602686,0,100.0,dist,4.576
KARNATAKA,Uttara Kannada,Joida,Konshet,Konshet,1033,whole_village,False,False,Konshet,Supa,Uttara Kannada,602643,602643,100.0,dist,8.26
KARNATAKA,Uttara Kannada,Joida,Kudalgaon,Kudalgaon,1034,whole_village,False,False,Kudalgaon,Supa,Uttara Kannada,602679,602679,100.0,dist,12.337
KARNATAKA,Uttara Kannada,Joida,Kumbheli,Kumbheli,1035,whole_village,False,False,Kumbeli,Supa,Uttara Kannada,602729,602729,93.3,dist,8.574
KARNATAKA,Uttara Kannada,Joida,Kumbral,Kumbral,1036,whole_village,False,False,Kumbral,Supa,Uttara Kannada,602673,602673,100.0,dist,2.078
KARNATAKA,Uttara Kannada,Joida,Kunagini,Kunagini,1037,whole_village,False,False,Kunagini,Supa,Uttara Kannada,602644,602644,100.0,dist,3.68
KARNATAKA,Uttara Kannada,Joida,Kundal,Kundal,1038,whole_village,False,False,Kundal,Supa,Uttara Kannada,602711,602711,100.0,dist,37.337
KARNATAKA,Uttara Kannada,Joida,Kuveshi,Kuveshi,1040,whole_village,False,False,Kuveshi,Supa,Uttara Kannada,602664,602664,100.0,dist,19.506
KARNATAKA,Uttara Kannada,Joida,Mavalinge,Mavalinge,1041,whole_village,False,False,Mavalinge,Supa,Uttara Kannada,602688,602688,100.0,dist,5.522
KARNATAKA,Uttara Kannada,Joida,Miras Kumbeli,Miras Kumbeli,1042,whole_village,False,False,Miras Kumbeli,Supa,Uttara Kannada,602668,602668,100.0,dist,4.979
KARNATAKA,Uttara Kannada,Joida,Nagari,Nagari,1043,whole_village,False,False,Nagari,Supa,Uttara Kannada,602727,602727,100.0,dist,11.304
KARNATAKA,Uttara Kannada,Joida,Nagoda,Nagoda,1044,whole_village,False,False,Nagoda,Supa,Uttara Kannada,602693,602693,100.0,dist,8.149
KARNATAKA,Uttara Kannada,Joida,Neturge,Neturge,1045,whole_village,False,False,Neturge,Supa,Uttara Kannada,602748,602748,100.0,dist,5.755
KARNATAKA,Uttara Kannada,Joida,Nigundi,Nigundi,1046,whole_village,False,False,Nigundi,Supa,Uttara Kannada,602720,602720,100.0,dist,26.456
KARNATAKA,Uttara Kannada,Joida,Nujji,Nujji,1047,whole_village,False,False,Nujji,Supa,Uttara Kannada,602717,602717,100.0,dist,64.874
KARNATAKA,Uttara Kannada,Joida,Palde,Palde,1048,whole_village,False,False,Palada,Supa,Uttara Kannada,602631,602631,88.9,dist,13.051
KARNATAKA,Uttara Kannada,Joida,Panjeli,Panjeli,1049,whole_village,False,False,Panjeli,Supa,Uttara Kannada,602691,602691,100.0,dist,15.338
KARNATAKA,Uttara Kannada,Joida,Payasvadi,Payasvadi,1050,whole_village,False,False,Payaswadi,Supa,Uttara Kannada,602641,602641,100.0,dist,13.362
KARNATAKA,Uttara Kannada,Joida,Pisose,Pisose,1051,whole_village,False,False,Pisose,Supa,Uttara Kannada,602661,602661,100.0,dist,3.713
KARNATAKA,Uttara Kannada,Joida,Pradhani,Pradhani,1052,whole_village,False,False,Pradhani,Supa,Uttara Kannada,602701,602701,100.0,dist,6.532
KARNATAKA,Uttara Kannada,Joida,Pusheli,Pusheli,1053,whole_village,False,False,Pusheli,Supa,Uttara Kannada,602682,602682,100.0,dist,5.028
KARNATAKA,Uttara Kannada,Joida,Rangarook,Rangarook,1054,whole_village,False,False,Rangarook,Supa,Uttara Kannada,602632,602632,100.0,dist,10.583
KARNATAKA,Uttara Kannada,Joida,Samjoida,Samjoida,1055,whole_village,False,False,Samjoida,Supa,Uttara Kannada,602694,602694,100.0,dist,3.367
KARNATAKA,Uttara Kannada,Joida,Sangave,Sangave,1056,whole_village,False,False,Sangave,Supa,Uttara Kannada,602702,602702,100.0,dist,13.471
KARNATAKA,Uttara Kannada,Joida,Shingargaon,Shingargaon,1057,whole_village,False,False,Shingargaon,Supa,Uttara Kannada,602678,602678,100.0,dist,18.617
KARNATAKA,Uttara Kannada,Joida,Shivapur,Shivapur,1058,whole_village,False,False,Shivapur,Supa,Uttara Kannada,602744,602744,100.0,dist,3.617
KARNATAKA,Uttara Kannada,Joida,Terali,Terali,1059,whole_village,False,False,Terali,Supa,Uttara Kannada,602713,602713,100.0,dist,32.228
KARNATAKA,Uttara Kannada,Joida,Timboli,Timboli,1060,whole_village,False,False,Timbholi,Supa,Uttara Kannada,602672,602672,93.3,dist,7.205
KARNATAKA,Uttara Kannada,Joida,Tinaikhand,Tinaikhand,1061,whole_village,False,False,Tinai Khand,Supa,Uttara Kannada,602725,602725,100.0,dist,1.091
KARNATAKA,Uttara Kannada,Joida,Tulasgeri,Tulasgeri,1062,whole_village,False,False,Tulasgeri,Supa,Uttara Kannada,602739,602739,100.0,dist,6.99
KARNATAKA,Uttara Kannada,Joida,Ulvi,Ulvi,1063,whole_village,False,False,Ulavi,Supa,Uttara Kannada,602746,602746,88.9,dist,9.118
KARNATAKA,Uttara Kannada,Joida,Usoda,Usoda,1064,whole_village,False,False,Usoda,Supa,Uttara Kannada,602681,602681,100.0,dist,8.619
KARNATAKA,Uttara Kannada,Joida,Vade,Vade,1065,whole_village,False,False,Wada,Supa,Uttara Kannada,602655,602655,100.0,dist,4.125
KARNATAKA,Uttara Kannada,Joida,Vaijagaon,Vaijagaon,1066,whole_village,False,False,Vaijagaon,Supa,Uttara Kannada,602671,602671,100.0,dist,5.72
KARNATAKA,Uttara Kannada,Joida,Vaini,Vaini,1067,whole_village,False,False,Vaini,Supa,Uttara Kannada,602674,602674,100.0,dist,9.466
KARNATAKA,Uttara Kannada,Joida,Varande,Varande,1068,whole_village,False,False,Varande,Supa,Uttara Kannada,602654,602654,100.0,dist,4.21
KARNATAKA,Uttara Kannada,Joida,Vatle,Vatle,1069,whole_village,False,False,Vatala,Supa,Uttara Kannada,602635,602635,88.9,dist,7.532
KARNATAKA,Uttara Kannada,Joida,Velif Kumbeli,Velif Kumbeli,1070,whole_village,False,False,Velif Kumbeli,Supa,Uttara Kannada,602667,602667,100.0,dist,5.246
KARNATAKA,Uttara Kannada,Joida,Viral,Viral,1071,whole_village,False,False,Viral,Supa,Uttara Kannada,602662,602662,100.0,dist,5.378
KARNATAKA,Uttara Kannada,Joida,Viranjol,Viranjol,1072,whole_village,False,False,Viranjol,Supa,Uttara Kannada,602630,602630,100.0,dist,9.883
KARNATAKA,Uttara Kannada,Joida,Virnoli,Virnoli,1073,whole_village,False,False,Virnoli,Supa,Uttara Kannada,602705,602705,100.0,dist,18.478
KARNATAKA,Uttara Kannada,Joida,Yermukh,Yermukh,1074,whole_village,False,False,Yeramukh,Supa,Uttara Kannada,602743,602743,93.3,dist,20.365
KARNATAKA,Uttara Kannada,Joida,Zalawali,Zalawali,1075,whole_village,False,False,Zalawali,Supa,Uttara Kannada,602712,602712,100.0,dist,49.59
KARNATAKA,Uttara Kannada,Karwar,Amdalli,Amdalli,1076,whole_village,False,False,Amadalli,Karwar,Uttara Kannada,602627,602627,93.3,dist+tal,23.069
KARNATAKA,Uttara Kannada,Karwar,Arav,Arav,1077,whole_village,False,False,Arav,Karwar,Uttara Kannada,602583,602583,100.0,dist+tal,3.988
KARNATAKA,Uttara Kannada,Karwar,Balemane,Balemane,1079,whole_village,False,False,Balemane,Karwar,Uttara Kannada,602608,602608,100.0,dist+tal,41.966
KARNATAKA,Uttara Kannada,Karwar,Belur,Belur,1080,whole_village,False,False,Belur,Karwar,Uttara Kannada,602618,602618,100.0,dist+tal,13.249
KARNATAKA,Uttara Kannada,Karwar,Bergal,Bergal,1081,whole_village,False,False,Bargal,Karwar,Uttara Kannada,602617,602617,83.3,dist+tal,4.415
KARNATAKA,Uttara Kannada,Karwar,Bhaire,Bhaire,1082,whole_village,False,False,Bhaire,Karwar,Uttara Kannada,602598,602598,100.0,dist+tal,25.452
KARNATAKA,Uttara Kannada,Karwar,Chendiye,Chendiye,1083,whole_village,False,False,Chendiye,Karwar,Uttara Kannada,602625,602625,100.0,dist+tal,25.098
KARNATAKA,Uttara Kannada,Karwar,Devalmakki,Devalmakki,1084,whole_village,False,False,Devalmakki,Karwar,Uttara Kannada,602619,602619,100.0,dist+tal,6.647
KARNATAKA,Uttara Kannada,Karwar,Devkar,Devkar,1085,whole_village,False,False,Devakar,Karwar,Uttara Kannada,602609,602609,92.3,dist+tal,39.695
KARNATAKA,Uttara Kannada,Karwar,Gopsitta,Gopsitta,1086,whole_village,False,False,Gopashitta,Karwar,Uttara Kannada,602589,602589,92.3,dist+tal,11.241
KARNATAKA,Uttara Kannada,Karwar,Gotegali,Gotegali,1087,whole_village,False,False,Gotegali,Karwar,Uttara Kannada,602602,602602,100.0,dist+tal,34.4
KARNATAKA,Uttara Kannada,Karwar,Goyar,Goyar,1088,whole_village,False,False,Goyar,Karwar,Uttara Kannada,602599,602599,100.0,dist+tal,24.188
KARNATAKA,Uttara Kannada,Karwar,Hartuga,Hartuga,1089,whole_village,False,False,Hartuga,Karwar,Uttara Kannada,602607,602607,100.0,dist+tal,18.345
KARNATAKA,Uttara Kannada,Karwar,Honkon,Honkon,1090,whole_village,False,False,Hankon,Karwar,Uttara Kannada,602588,602588,83.3,dist+tal,12.798
KARNATAKA,Uttara Kannada,Karwar,Hotegali,Hotegali,1091,whole_village,False,False,Hotegali,Karwar,Uttara Kannada,602586,602586,100.0,dist+tal,8.843
KARNATAKA,Uttara Kannada,Karwar,Kadia,Kadia,1092,whole_village,False,False,Kadle,Honavar,Uttara Kannada,603735,603735,85.7,dist,7.811
KARNATAKA,Uttara Kannada,Karwar,Kadra,Kadra,1093,whole_village,False,False,Kadra,Karwar,Uttara Kannada,602605,602605,100.0,dist+tal,36.067
KARNATAKA,Uttara Kannada,Karwar,Kadvad,Kadvad,1094,whole_village,False,False,Kadwad CT,Karwar,Uttara Kannada,602628,602628,100.0,dist+tal,9.231
KARNATAKA,Uttara Kannada,Karwar,Kaiga,Kaiga,1095,whole_village,False,False,Kaiga,Karwar,Uttara Kannada,602610,602610,100.0,dist+tal,38.136
KARNATAKA,Uttara Kannada,Karwar,Kamargaon,Kamargaon,1096,whole_village,False,False,Kamargaon,Karwar,Uttara Kannada,602600,602600,100.0,dist+tal,16.713
KARNATAKA,Uttara Kannada,Karwar,Kerwadi,Kerwadi,1097,whole_village,False,False,Kerwadi I,Karwar,Uttara Kannada,602597,602597,100.0,dist+tal,4.436
KARNATAKA,Uttara Kannada,Karwar,Kuchegar,Kuchegar,1098,whole_village,False,False,Kuchegar,Karwar,Uttara Kannada,602606,602606,100.0,dist+tal,17.352
KARNATAKA,Uttara Kannada,Karwar,Lande,Lande,1099,whole_village,False,False,Lande,Karwar,Uttara Kannada,602601,602601,100.0,dist+tal,24.054
KARNATAKA,Uttara Kannada,Karwar,Maingini,Maingini,1100,whole_village,False,False,Maigini,Karwar,Uttara Kannada,602587,602587,93.3,dist+tal,14.599
KARNATAKA,Uttara Kannada,Karwar,Mallapur,Mallapur,1101,whole_village,False,False,Mallapur,Karwar,Uttara Kannada,602603,602603,100.0,dist+tal,11.859
KARNATAKA,Uttara Kannada,Karwar,Mudgeri,Mudgeri,1102,whole_village,False,False,Mudgeri,Karwar,Uttara Kannada,602579,602579,100.0,dist+tal,11.56
KARNATAKA,Uttara Kannada,Karwar,Nagekove,Nagekove,1103,whole_village,False,False,Nagekove,Karwar,Uttara Kannada,602622,602622,100.0,dist+tal,39.898
KARNATAKA,Uttara Kannada,Karwar,Nivli,Nivli,1104,whole_village,False,False,Nivli,Karwar,Uttara Kannada,602621,602621,100.0,dist+tal,1.474
KARNATAKA,Uttara Kannada,Karwar,Savantwada,Savantwada,1105,whole_village,False,False,Sawantwada,Karwar,Uttara Kannada,602584,602584,100.0,dist+tal,2.635
KARNATAKA,Uttara Kannada,Karwar,Shirve,Shirve,1106,whole_village,False,False,Shirve,Karwar,Uttara Kannada,602620,602620,100.0,dist+tal,27.602
KARNATAKA,Uttara Kannada,Karwar,Shirwad,Shirwad,1107,whole_village,False,False,Shirwad,Karwar,Uttara Kannada,602613,602613,100.0,dist+tal,20.478
KARNATAKA,Uttara Kannada,Karwar,Siddar,Siddar,1108,whole_village,False,False,Siddar,Karwar,Uttara Kannada,602614,602614,100.0,dist+tal,11.435
KARNATAKA,Uttara Kannada,Karwar,Todur,Todur,1109,whole_village,False,False,Todur,Karwar,Uttara Kannada,602626,602626,100.0,dist+tal,14.561
KARNATAKA,Uttara Kannada,Karwar,Virje,Virje,1110,whole_village,False,False,Virje,Karwar,Uttara Kannada,602604,602604,100.0,dist+tal,20.984
KARNATAKA,Uttara Kannada,Kumta,Abbolli,Abbolli,1111,whole_village,False,False,Abbolli,Kumta,Uttara Kannada,603519,603519,100.0,dist+tal,2.782
KARNATAKA,Uttara Kannada,Kumta,Alkod,Alkod,1112,whole_village,False,False,Alkod,Kumta,Uttara Kannada,603468,603468,100.0,dist+tal,5.289
KARNATAKA,Uttara Kannada,Kumta,Anggundi,Anggundi,1113,whole_village,False,False,Anegundi,Kumta,Uttara Kannada,603475,603475,92.3,dist+tal,2.52
KARNATAKA,Uttara Kannada,Kumta,Antravalli,Antravalli,1114,whole_village,False,False,Antravalli,Kumta,Uttara Kannada,603466,603466,100.0,dist+tal,12.241
KARNATAKA,Uttara Kannada,Kumta,Bangne,Bangne,1115,whole_village,False,False,Bangane,Kumta,Uttara Kannada,603510,603510,92.3,dist+tal,8.302
KARNATAKA,Uttara Kannada,Kumta,Basoli,Basoli,1116,whole_village,False,False,Basolli,Kumta,Uttara Kannada,603512,603512,100.0,dist+tal,6.101
KARNATAKA,Uttara Kannada,Kumta,Bellangi,Bellangi,1117,whole_village,False,False,Bellangi,Kumta,Uttara Kannada,603470,603470,100.0,dist+tal,19.616
KARNATAKA,Uttara Kannada,Kumta,Bhandival,Bhandival,1118,whole_village,False,False,Bhandival,Kumta,Uttara Kannada,603477,603477,100.0,dist+tal,1.163
KARNATAKA,Uttara Kannada,Kumta,Divalli,Divalli,1119,whole_village,False,False,Divalli,Kumta,Uttara Kannada,603516,603516,100.0,dist+tal,8.06
KARNATAKA,Uttara Kannada,Kumta,Harvalli,Harvalli,1120,whole_village,False,False,Harwalli,Haliyal,Uttara Kannada,602769,602769,100.0,dist,2.036
KARNATAKA,Uttara Kannada,Kumta,Hebbail,Hebbail,1121,whole_village,False,False,Hebbail,Kumta,Uttara Kannada,603480,603480,100.0,dist+tal,15.23
KARNATAKA,Uttara Kannada,Kumta,Hegle,Hegle,1122,whole_village,False,False,Hegle,Kumta,Uttara Kannada,603497,603497,100.0,dist+tal,2.31
KARNATAKA,Uttara Kannada,Kumta,Hindbail,Hindbail,1123,whole_village,False,False,Hindbail,Kumta,Uttara Kannada,603520,603520,100.0,dist+tal,1.161
KARNATAKA,Uttara Kannada,Kumta,Holangadde,Holangadde,1124,whole_village,False,False,Holanagadde Part,Kumta,Uttara Kannada,603436,603436,95.2,dist+tal,4.695
KARNATAKA,Uttara Kannada,Kumta,Hosad,Hosad,1125,whole_village,False,False,Hosad,Kumta,Uttara Kannada,603503,603503,100.0,dist+tal,2.851
KARNATAKA,Uttara Kannada,Kumta,Kadkod,Kadkod,1126,whole_village,False,False,Kadkod,Kumta,Uttara Kannada,603458,603458,100.0,dist+tal,3.44
KARNATAKA,Uttara Kannada,Kumta,Kallabbe,Kallabbe,1127,whole_village,False,False,Kallabbe,Kumta,Uttara Kannada,603502,603502,100.0,dist+tal,7.932
KARNATAKA,Uttara Kannada,Kumta,Kalve,Kalve,1128,whole_village,False,False,Kalve,Kumta,Uttara Kannada,603508,603508,100.0,dist+tal,11.723
KARNATAKA,Uttara Kannada,Kumta,Kandavalli,Kandavalli,1129,whole_village,False,False,Kandavalli,Kumta,Uttara Kannada,603504,603504,100.0,dist+tal,5.14
KARNATAKA,Uttara Kannada,Kumta,Kankale,Kankale,1130,whole_village,False,False,Kanakale,Kumta,Uttara Kannada,603506,603506,93.3,dist+tal,5.336
KARNATAKA,Uttara Kannada,Kumta,Kavladi,Kavladi,1131,whole_village,False,False,Kawalwad,Haliyal,Uttara Kannada,602877,602877,85.7,dist,12.811
KARNATAKA,Uttara Kannada,Kumta,Kodambale,Kodambale,1132,whole_village,False,False,Kodambale,Kumta,Uttara Kannada,603473,603473,100.0,dist+tal,14.405
KARNATAKA,Uttara Kannada,Kumta,Kolmaiguni,Kolmaiguni,1133,whole_village,False,False,Kolimanjaguni,Kumta,Uttara Kannada,603430,603430,78.3,dist+tal,3.861
KARNATAKA,Uttara Kannada,Kumta,Lukerri,Lukerri,1134,whole_village,False,False,Lukkeri,Kumta,Uttara Kannada,603451,603451,100.0,dist+tal,1.31
KARNATAKA,Uttara Kannada,Kumta,Malwalli,Malwalli,1135,whole_village,False,False,Malwalli,Kumta,Uttara Kannada,603481,603481,100.0,dist+tal,10.217
KARNATAKA,Uttara Kannada,Kumta,Medni,Medni,1136,whole_village,False,False,Medini,Kumta,Uttara Kannada,603527,603527,90.9,dist+tal,26.35
KARNATAKA,Uttara Kannada,Kumta,Morshe,Morshe,1137,whole_village,False,False,Morse,Kumta,Uttara Kannada,603526,603526,100.0,dist+tal,20.668
KARNATAKA,Uttara Kannada,Kumta,Mudanhalli,Mudanhalli,1138,whole_village,False,False,Mudnalli,Kumta,Uttara Kannada,603524,603524,88.9,dist+tal,8.623
KARNATAKA,Uttara Kannada,Kumta,Mudgi,Mudgi,1139,whole_village,False,False,Mudgi,Kumta,Uttara Kannada,603511,603511,100.0,dist+tal,1.446
KARNATAKA,Uttara Kannada,Kumta,Mugvekan Vadi,Mugvekan Vadi,1140,whole_village,False,False,Mugvekanvadi,Kumta,Uttara Kannada,603456,603456,100.0,dist+tal,5.515
KARNATAKA,Uttara Kannada,Kumta,Nilkod,Nilkod,1141,whole_village,False,False,Nilkod,Kumta,Uttara Kannada,603463,603463,100.0,dist+tal,1.722
KARNATAKA,Uttara Kannada,Kumta,Sandolli,Sandolli,1142,whole_village,False,False,Andolli,Sirsi,Uttara Kannada,603145,603145,93.3,dist,3.822
KARNATAKA,Uttara Kannada,Kumta,Santgal,Santgal,1143,whole_village,False,False,Santagal,Kumta,Uttara Kannada,603517,603517,93.3,dist+tal,2.748
KARNATAKA,Uttara Kannada,Kumta,Santur,Santur,1144,whole_village,False,False,Santur,Kumta,Uttara Kannada,603476,603476,100.0,dist+tal,2.014
KARNATAKA,Uttara Kannada,Kumta,Shirgunji,Shirgunji,1145,whole_village,False,False,Shirgunji,Kumta,Uttara Kannada,603479,603479,100.0,dist+tal,7.384
KARNATAKA,Uttara Kannada,Kumta,Soppinhosalli,Soppinhosalli,1146,whole_village,False,False,Soppinahosalli,Kumta,Uttara Kannada,603525,603525,96.3,dist+tal,4.119
KARNATAKA,Uttara Kannada,Kumta,Ullurmath,Ullurmath,1147,whole_village,False,False,Ullurmath,Kumta,Uttara Kannada,603522,603522,100.0,dist+tal,5.483
KARNATAKA,Uttara Kannada,Kumta,Yan,Yan,1148,whole_village,False,False,Yana,Kumta,Uttara Kannada,603472,603472,100.0,dist+tal,22.745
KARNATAKA,Uttara Kannada,Kumta,Yedtare,Yedtare,1149,whole_village,False,False,Yedatare,Kumta,Uttara Kannada,603469,603469,93.3,dist+tal,2.021
KARNATAKA,Uttara Kannada,Kumta,Yelvalli,Yelvalli,1150,whole_village,False,False,Yelavalli,Kumta,Uttara Kannada,603459,603459,94.1,dist+tal,14.949
KARNATAKA,Uttara Kannada,Kumta,Yettinbail,Yettinbail,1151,whole_village,False,False,Yattinabail,Kumta,Uttara Kannada,603461,603461,85.7,dist+tal,3.995
KARNATAKA,Uttara Kannada,Siddapur,Adkhalli,Adkhalli,1152,whole_village,False,False,Adkalli,Siddapur,Uttara Kannada,603576,603576,93.3,dist+tal,1.039
KARNATAKA,Uttara Kannada,Siddapur,Akkunji,Akkunji,1153,whole_village,False,False,Akkunji,Siddapur,Uttara Kannada,603719,603719,100.0,dist+tal,6.773
KARNATAKA,Uttara Kannada,Siddapur,Alavalli,Alavalli,1154,whole_village,False,False,Alavalli,Siddapur,Uttara Kannada,603659,603659,100.0,dist+tal,6.82
KARNATAKA,Uttara Kannada,Siddapur,Algod,Algod,1155,whole_village,False,False,Algod,Siddapur,Uttara Kannada,603704,603704,100.0,dist+tal,4.519
KARNATAKA,Uttara Kannada,Siddapur,Arehalla,Arehalla,1156,whole_village,False,False,Arehalla,Siddapur,Uttara Kannada,603598,603598,100.0,dist+tal,4.174
KARNATAKA,Uttara Kannada,Siddapur,Balekai,Balekai,1157,whole_village,False,False,Balekai,Siddapur,Uttara Kannada,603589,603589,100.0,dist+tal,2.761
KARNATAKA,Uttara Kannada,Siddapur,Balekop,Balekop,1158,whole_village,False,False,Balekoppa Kibballi,Siddapur,Uttara Kannada,603554,603554,100.0,dist+tal,5.403
KARNATAKA,Uttara Kannada,Siddapur,Balesar,Balesar,1159,whole_village,False,False,Balesar,Siddapur,Uttara Kannada,603563,603563,100.0,dist+tal,4.246
KARNATAKA,Uttara Kannada,Siddapur,Balgod,Balgod,1160,whole_village,False,False,Balgod,Siddapur,Uttara Kannada,603636,603636,100.0,dist+tal,5.483
KARNATAKA,Uttara Kannada,Siddapur,Ballatte,Ballatte,1161,whole_village,False,False,Ballatte,Siddapur,Uttara Kannada,603712,603712,100.0,dist+tal,5.448
KARNATAKA,Uttara Kannada,Siddapur,Bandisar,Bandisar,1162,whole_village,False,False,Bandisara,Siddapur,Uttara Kannada,603694,603694,100.0,dist+tal,1.916
KARNATAKA,Uttara Kannada,Siddapur,Begar,Begar,1163,whole_village,False,False,Begar,Siddapur,Uttara Kannada,603624,603624,100.0,dist+tal,3.458
KARNATAKA,Uttara Kannada,Siddapur,Bidramane,Bidramane,1164,whole_village,False,False,Bidarmane,Siddapur,Uttara Kannada,603545,603545,88.9,dist+tal,1.767
KARNATAKA,Uttara Kannada,Siddapur,Bilegod,Bilegod,1165,whole_village,False,False,Bilegod,Siddapur,Uttara Kannada,603610,603610,100.0,dist+tal,7.343
KARNATAKA,Uttara Kannada,Siddapur,Bilgi,Bilgi,1166,whole_village,False,False,Bilgi,Siddapur,Uttara Kannada,603649,603649,100.0,dist+tal,4.859
KARNATAKA,Uttara Kannada,Siddapur,Chandraghatgi,Chandraghatgi,1167,whole_village,False,False,Chandraghatgi,Siddapur,Uttara Kannada,603660,603660,100.0,dist+tal,5.871
KARNATAKA,Uttara Kannada,Siddapur,Danmav,Danmav,1168,whole_village,False,False,Danmav,Siddapur,Uttara Kannada,603637,603637,100.0,dist+tal,9.784
KARNATAKA,Uttara Kannada,Siddapur,Devisar,Devisar,1169,whole_village,False,False,Devisar,Siddapur,Uttara Kannada,603596,603596,100.0,dist+tal,3.912
KARNATAKA,Uttara Kannada,Siddapur,Dodmane,Dodmane,1170,whole_village,False,False,Dodmane,Siddapur,Uttara Kannada,603614,603614,100.0,dist+tal,2.981
KARNATAKA,Uttara Kannada,Siddapur,Gattikai,Gattikai,1171,whole_village,False,False,Ghattikai,Siddapur,Uttara Kannada,603594,603594,94.1,dist+tal,1.502
KARNATAKA,Uttara Kannada,Siddapur,Gavingudda,Gavingudda,1172,whole_village,False,False,Gavingudde,Siddapur,Uttara Kannada,603582,603582,100.0,dist+tal,4.912
KARNATAKA,Uttara Kannada,Siddapur,Gijgini,Gijgini,1173,whole_village,False,False,Gijagini,Siddapur,Uttara Kannada,603609,603609,93.3,dist+tal,7.035
KARNATAKA,Uttara Kannada,Siddapur,Girgadde,Girgadde,1174,whole_village,False,False,Girgadde,Siddapur,Uttara Kannada,603597,603597,100.0,dist+tal,5.724
KARNATAKA,Uttara Kannada,Siddapur,Godlabil,Godlabil,1175,whole_village,False,False,Godlabil,Siddapur,Uttara Kannada,603680,603680,100.0,dist+tal,4.662
KARNATAKA,Uttara Kannada,Siddapur,Hadrimane,Hadrimane,1176,whole_village,False,False,Hadrimane,Siddapur,Uttara Kannada,603631,603631,100.0,dist+tal,0.558
KARNATAKA,Uttara Kannada,Siddapur,Haldot,Haldot,1177,whole_village,False,False,Haldot,Siddapur,Uttara Kannada,603603,603603,100.0,dist+tal,1.557
KARNATAKA,Uttara Kannada,Siddapur,Halgadikop,Halgadikop,1178,whole_village,False,False,Halagadikoppa,Siddapur,Uttara Kannada,603708,603708,95.2,dist+tal,2.678
KARNATAKA,Uttara Kannada,Siddapur,Hallibail,Hallibail,1179,whole_village,False,False,Hallibail,Siddapur,Uttara Kannada,603529,603529,100.0,dist+tal,23.405
KARNATAKA,Uttara Kannada,Siddapur,Harigar,Harigar,1182,whole_village,False,False,Harigar,Siddapur,Uttara Kannada,603553,603553,100.0,dist+tal,6.054
KARNATAKA,Uttara Kannada,Siddapur,Harlikoppa,Harlikoppa,1183,whole_village,False,False,Haralikoppa,Siddapur,Uttara Kannada,603720,603720,95.2,dist+tal,1.406
KARNATAKA,Uttara Kannada,Siddapur,Hasargod,Hasargod,1184,whole_village,False,False,Hasargod,Siddapur,Uttara Kannada,603561,603561,100.0,dist+tal,6.585
KARNATAKA,Uttara Kannada,Siddapur,Havinbil,Havinbil,1185,whole_village,False,False,Havinbil,Siddapur,Uttara Kannada,603628,603628,100.0,dist+tal,7.217
KARNATAKA,Uttara Kannada,Siddapur,Hegekop,Hegekop,1186,whole_village,False,False,Heggekoppa,Siddapur,Uttara Kannada,603675,603675,100.0,dist+tal,7.625
KARNATAKA,Uttara Kannada,Siddapur,Heggadde,Heggadde,1187,whole_village,False,False,Heggadde,Siddapur,Uttara Kannada,603698,603698,100.0,dist+tal,1.035
KARNATAKA,Uttara Kannada,Siddapur,Heggarani,Heggarani,1188,whole_village,False,False,Heggarani,Siddapur,Uttara Kannada,603548,603548,100.0,dist+tal,2.893
KARNATAKA,Uttara Kannada,Siddapur,Hegge,Hegge,1189,whole_village,False,False,Hegge,Siddapur,Uttara Kannada,603550,603550,100.0,dist+tal,3.427
KARNATAKA,Uttara Kannada,Siddapur,Heggodmane,Heggodmane,1190,whole_village,False,False,Heggodmane,Siddapur,Uttara Kannada,603689,603689,100.0,dist+tal,3.666
KARNATAKA,Uttara Kannada,Siddapur,Hejni,Hejni,1191,whole_village,False,False,Hejani,Siddapur,Uttara Kannada,603657,603657,90.9,dist+tal,7.619
KARNATAKA,Uttara Kannada,Siddapur,Hemgar,Hemgar,1192,whole_village,False,False,Hemagar,Siddapur,Uttara Kannada,603661,603661,92.3,dist+tal,6.345
KARNATAKA,Uttara Kannada,Siddapur,Hirekai,Hirekai,1193,whole_village,False,False,Hirekai Tyagali,Siddapur,Uttara Kannada,603605,603605,100.0,dist+tal,4.159
KARNATAKA,Uttara Kannada,Siddapur,Hukali,Hukali,1194,whole_village,False,False,Hukkali,Yellapur,Uttara Kannada,602884,602884,100.0,dist,3.26
KARNATAKA,Uttara Kannada,Siddapur,Hukali (Wajgod),Hukali (Wajgod),1195,whole_village,False,False,Hukali Wajgod,Siddapur,Uttara Kannada,603655,603655,100.0,dist+tal,5.703
KARNATAKA,Uttara Kannada,Siddapur,Hullunde,Hullunde,1196,whole_village,False,False,Hullunde,Siddapur,Uttara Kannada,603539,603539,100.0,dist+tal,5.297
KARNATAKA,Uttara Kannada,Siddapur,Hunekomb,Hunekomb,1197,whole_village,False,False,Honnekomb,Siddapur,Uttara Kannada,603627,603627,87.5,dist+tal,3.268
KARNATAKA,Uttara Kannada,Siddapur,Hutgar,Hutgar,1198,whole_village,False,False,Hutgar Nilkund,Siddapur,Uttara Kannada,603535,603535,100.0,dist+tal,4.528
KARNATAKA,Uttara Kannada,Siddapur,Illimani,Illimani,1199,whole_village,False,False,Illimane,Siddapur,Uttara Kannada,603626,603626,100.0,dist+tal,4.17
KARNATAKA,Uttara Kannada,Siddapur,Itgi,Itgi,1200,whole_village,False,False,Itagi,Siddapur,Uttara Kannada,603653,603653,88.9,dist+tal,9.03
KARNATAKA,Uttara Kannada,Siddapur,Kadvadi,Kadvadi,1201,whole_village,False,False,Kadavadi,Siddapur,Uttara Kannada,603617,603617,93.3,dist+tal,3.28
KARNATAKA,Uttara Kannada,Siddapur,Kalen Halli,Kalen Halli,1202,whole_village,False,False,Kalen Halli,Siddapur,Uttara Kannada,603606,603606,100.0,dist+tal,0.624
KARNATAKA,Uttara Kannada,Siddapur,Kanchikai,Kanchikai,1203,whole_village,False,False,Kanchikai,Siddapur,Uttara Kannada,603530,603530,100.0,dist+tal,5.505
KARNATAKA,Uttara Kannada,Siddapur,Karajgi,Karajgi,1204,whole_village,False,False,Karjagi,Siddapur,Uttara Kannada,603572,603572,85.7,dist+tal,5.663
KARNATAKA,Uttara Kannada,Siddapur,Kastur,Kastur,1205,whole_village,False,False,Kastur,Siddapur,Uttara Kannada,603711,603711,100.0,dist+tal,4.116
KARNATAKA,Uttara Kannada,Siddapur,Kaunsale,Kaunsale,1206,whole_village,False,False,Kaunsale,Siddapur,Uttara Kannada,603613,603613,100.0,dist+tal,6.499
KARNATAKA,Uttara Kannada,Siddapur,Kelagin Muttagi,Kelagin Muttagi,1207,whole_village,False,False,Kelginmane,Siddapur,Uttara Kannada,603642,603642,76.2,dist+tal,3.99
KARNATAKA,Uttara Kannada,Siddapur,Keremane,Keremane,1208,whole_village,False,False,Keremane,Siddapur,Uttara Kannada,603654,603654,100.0,dist+tal,5.319
KARNATAKA,Uttara Kannada,Siddapur,Kilar,Kilar,1209,whole_village,False,False,Kilar,Siddapur,Uttara Kannada,603670,603670,100.0,dist+tal,5.76
KARNATAKA,Uttara Kannada,Siddapur,Kodgadde,Kodgadde,1210,whole_village,False,False,Kodgadde,Siddapur,Uttara Kannada,603600,603600,100.0,dist+tal,3.261
KARNATAKA,Uttara Kannada,Siddapur,Kodigadde,Kodigadde,1211,whole_village,False,False,Kodigadde,Siddapur,Uttara Kannada,603612,603612,100.0,dist+tal,7.567
KARNATAKA,Uttara Kannada,Siddapur,Kodkani,Kodkani,1212,whole_village,False,False,Kodkani,Siddapur,Uttara Kannada,603662,603662,100.0,dist+tal,19.755
KARNATAKA,Uttara Kannada,Siddapur,Kolgi,Kolgi,1213,whole_village,False,False,Kolgi,Siddapur,Uttara Kannada,603714,603714,100.0,dist+tal,3.279
KARNATAKA,Uttara Kannada,Siddapur,Koralkai,Koralkai,1214,whole_village,False,False,Koralkai,Siddapur,Uttara Kannada,603672,603672,100.0,dist+tal,4.134
KARNATAKA,Uttara Kannada,Siddapur,Kudegod,Kudegod,1215,whole_village,False,False,Kudegod,Siddapur,Uttara Kannada,603622,603622,100.0,dist+tal,6.863
KARNATAKA,Uttara Kannada,Siddapur,Kulebid,Kulebid,1216,whole_village,False,False,Kulibid,Siddapur,Uttara Kannada,603663,603663,85.7,dist+tal,2.386
KARNATAKA,Uttara Kannada,Siddapur,Madankalli,Madankalli,1217,whole_village,False,False,Madankal,Siddapur,Uttara Kannada,603595,603595,100.0,dist+tal,1.182
KARNATAKA,Uttara Kannada,Siddapur,Magegar,Magegar,1218,whole_village,False,False,Maghegar,Siddapur,Uttara Kannada,603700,603700,93.3,dist+tal,3.155
KARNATAKA,Uttara Kannada,Siddapur,Malemane,Malemane,1219,whole_village,False,False,Malemane,Siddapur,Uttara Kannada,603656,603656,100.0,dist+tal,5.948
KARNATAKA,Uttara Kannada,Siddapur,Malvalli,Malvalli,1220,whole_village,False,False,Malavalli,Siddapur,Uttara Kannada,603674,603674,94.1,dist+tal,2.045
KARNATAKA,Uttara Kannada,Siddapur,Malvjeddi,Malvjeddi,1221,whole_village,False,False,Malvajaddi,Siddapur,Uttara Kannada,603671,603671,84.2,dist+tal,4.912
KARNATAKA,Uttara Kannada,Siddapur,Manigar,Manigar,1222,whole_village,False,False,Manigar,Siddapur,Uttara Kannada,603541,603541,100.0,dist+tal,4.333
KARNATAKA,Uttara Kannada,Siddapur,Matti Halli,Matti Halli,1223,whole_village,False,False,Matti Halli,Siddapur,Uttara Kannada,603587,603587,100.0,dist+tal,8.479
KARNATAKA,Uttara Kannada,Siddapur,Mattigar,Mattigar,1224,whole_village,False,False,Mattigar,Siddapur,Uttara Kannada,603668,603668,100.0,dist+tal,1.934
KARNATAKA,Uttara Kannada,Siddapur,Mavinkod,Mavinkod,1225,whole_village,False,False,Mavinkod,Siddapur,Uttara Kannada,603633,603633,100.0,dist+tal,3.942
KARNATAKA,Uttara Kannada,Siddapur,Mudhalli,Mudhalli,1226,whole_village,False,False,Mudhalli,Siddapur,Uttara Kannada,603608,603608,100.0,dist+tal,2.454
KARNATAKA,Uttara Kannada,Siddapur,Mulgund,Mulgund,1227,whole_village,False,False,Mulgunda,Siddapur,Uttara Kannada,603531,603531,100.0,dist+tal,8.626
KARNATAKA,Uttara Kannada,Siddapur,Musvalli,Musvalli,1228,whole_village,False,False,Musavalli,Siddapur,Uttara Kannada,603673,603673,94.1,dist+tal,4.704
KARNATAKA,Uttara Kannada,Siddapur,Muthalli,Muthalli,1229,whole_village,False,False,Muthalli,Siddapur,Uttara Kannada,603570,603570,100.0,dist+tal,6.403
KARNATAKA,Uttara Kannada,Siddapur,Muttige (Kaval Koppa),Muttige (Kaval Koppa),1230,whole_village,False,False,Muttige Gunjagod,Siddapur,Uttara Kannada,603702,603702,100.0,dist+tal,5.166
KARNATAKA,Uttara Kannada,Siddapur,Muttigi,Muttigi,1231,whole_village,False,False,Muttige Kaval Koppa,Siddapur,Uttara Kannada,603682,603682,100.0,dist+tal,4.866
KARNATAKA,Uttara Kannada,Siddapur,Naigar,Naigar,1232,whole_village,False,False,Naigar,Siddapur,Uttara Kannada,603618,603618,100.0,dist+tal,5.577
KARNATAKA,Uttara Kannada,Siddapur,Naligar,Naligar,1233,whole_village,False,False,Naligar,Siddapur,Uttara Kannada,603683,603683,100.0,dist+tal,1.898
KARNATAKA,Uttara Kannada,Siddapur,Nandiyane,Nandiyane,1234,whole_village,False,False,Nandyane,Siddapur,Uttara Kannada,603538,603538,94.1,dist+tal,1.488
KARNATAKA,Uttara Kannada,Siddapur,Nergod,Nergod,1235,whole_village,False,False,Nirgod,Siddapur,Uttara Kannada,603611,603611,83.3,dist+tal,5.913
KARNATAKA,Uttara Kannada,Siddapur,Nidgod,Nidgod,1236,whole_village,False,False,Nidgod,Siddapur,Uttara Kannada,603691,603691,100.0,dist+tal,7.502
KARNATAKA,Uttara Kannada,Siddapur,Nilkund,Nilkund,1237,whole_village,False,False,Nilkund,Siddapur,Uttara Kannada,603532,603532,100.0,dist+tal,6.273
KARNATAKA,Uttara Kannada,Siddapur,Sampagod,Sampagod,1238,whole_village,False,False,Sampagod,Siddapur,Uttara Kannada,603586,603586,100.0,dist+tal,8.979
KARNATAKA,Uttara Kannada,Siddapur,Sangolimane,Sangolimane,1239,whole_village,False,False,Sangolimane,Siddapur,Uttara Kannada,603641,603641,100.0,dist+tal,0.584
KARNATAKA,Uttara Kannada,Siddapur,Siralgi,Siralgi,1241,whole_village,False,False,Shiralgi,Siddapur,Uttara Kannada,603715,603715,100.0,dist+tal,12.346
KARNATAKA,Uttara Kannada,Siddapur,Sivalmane,Sivalmane,1242,whole_village,False,False,Shivalmane,Siddapur,Uttara Kannada,603534,603534,100.0,dist+tal,10.159
KARNATAKA,Uttara Kannada,Siddapur,Surgikop,Surgikop,1243,whole_village,False,False,Surgikoppa,Siddapur,Uttara Kannada,603607,603607,100.0,dist+tal,1.535
KARNATAKA,Uttara Kannada,Siddapur,Sutlamane,Sutlamane,1244,whole_village,False,False,Suttalmane,Siddapur,Uttara Kannada,603638,603638,87.5,dist+tal,4.933
KARNATAKA,Uttara Kannada,Siddapur,Tagginbalgar,Tagginbalgar,1245,whole_village,False,False,Tagginbalgar,Siddapur,Uttara Kannada,603575,603575,100.0,dist+tal,0.555
KARNATAKA,Uttara Kannada,Siddapur,Talekeri,Talekeri,1246,whole_village,False,False,Talekeri,Siddapur,Uttara Kannada,603623,603623,100.0,dist+tal,8.531
KARNATAKA,Uttara Kannada,Siddapur,Taresar,Taresar,1247,whole_village,False,False,Taresar,Siddapur,Uttara Kannada,603547,603547,100.0,dist+tal,5.513
KARNATAKA,Uttara Kannada,Siddapur,Targod,Targod,1248,whole_village,False,False,Taragod,Siddapur,Uttara Kannada,603652,603652,92.3,dist+tal,7.642
KARNATAKA,Uttara Kannada,Siddapur,Umbalmane,Umbalmane,1249,whole_village,False,False,Umbalmane,Siddapur,Uttara Kannada,603544,603544,100.0,dist+tal,4.527
KARNATAKA,Uttara Kannada,Siddapur,Unchalli,Unchalli,1250,whole_village,False,False,Unchalli,Siddapur,Uttara Kannada,603551,603551,100.0,dist+tal,5.591
KARNATAKA,Uttara Kannada,Siddapur,Yelugar,Yelugar,1251,whole_village,False,False,Yelugar,Siddapur,Uttara Kannada,603578,603578,100.0,dist+tal,3.679
KARNATAKA,Uttara Kannada,Sirsi,Achanalli,Achanalli,1252,whole_village,False,False,Achanalli,Sirsi,Uttara Kannada,603208,603208,100.0,dist+tal,5.231
KARNATAKA,Uttara Kannada,Sirsi,Adnalli,Adnalli,1253,whole_village,False,False,Adnalli,Sirsi,Uttara Kannada,603257,603257,100.0,dist+tal,11.922
KARNATAKA,Uttara Kannada,Sirsi,Agsal,Agsal,1254,whole_village,False,False,Agasal,Sirsi,Uttara Kannada,603133,603133,90.9,dist+tal,9.731
KARNATAKA,Uttara Kannada,Sirsi,Angodkop,Angodkop,1255,whole_village,False,False,Angodkoppa,Sirsi,Uttara Kannada,603251,603251,100.0,dist+tal,3.967
KARNATAKA,Uttara Kannada,Sirsi,Audala,Audala,1256,whole_village,False,False,Audala,Sirsi,Uttara Kannada,603109,603109,100.0,dist+tal,9.972
KARNATAKA,Uttara Kannada,Sirsi,Badgi,Badgi,1257,whole_village,False,False,Badagi,Sirsi,Uttara Kannada,603180,603180,90.9,dist+tal,7.411
KARNATAKA,Uttara Kannada,Sirsi,Bakka,Bakka,1258,whole_village,False,False,Bakki,Mudigere,Chikkamagaluru,609951,609951,100.0,state,2.796
KARNATAKA,Uttara Kannada,Sirsi,Balavlli,Balavlli,1259,whole_village,False,False,Balavalli,Sirsi,Uttara Kannada,603181,603181,94.1,dist+tal,6.958
KARNATAKA,Uttara Kannada,Sirsi,Bandal,Bandal,1260,whole_village,False,False,Bandal,Sirsi,Uttara Kannada,603167,603167,100.0,dist+tal,9.622
KARNATAKA,Uttara Kannada,Sirsi,Bengaon,Bengaon,1261,whole_village,False,False,Benagaon,Sirsi,Uttara Kannada,603156,603156,93.3,dist+tal,14.552
KARNATAKA,Uttara Kannada,Sirsi,Bengi,Bengi,1262,whole_village,False,False,Benagi,Sirsi,Uttara Kannada,603261,603261,90.9,dist+tal,3.673
KARNATAKA,Uttara Kannada,Sirsi,Bidralli,Bidralli,1263,whole_village,False,False,Bidralli,Sirsi,Uttara Kannada,603294,603294,100.0,dist+tal,3.855
KARNATAKA,Uttara Kannada,Sirsi,Bisalkop,Bisalkop,1264,whole_village,False,False,Bislakoppa,Sirsi,Uttara Kannada,603246,603246,87.5,dist+tal,3.669
KARNATAKA,Uttara Kannada,Sirsi,Boppanalli,Boppanalli,1265,whole_village,False,False,Boppanalli,Sirsi,Uttara Kannada,603205,603205,100.0,dist+tal,7.651
KARNATAKA,Uttara Kannada,Sirsi,Budgi,Budgi,1266,whole_village,False,False,Bugadi,Sirsi,Uttara Kannada,603165,603165,72.7,dist+tal,3.564
KARNATAKA,Uttara Kannada,Sirsi,Byagadde,Byagadde,1267,whole_village,False,False,Byagadde,Sirsi,Uttara Kannada,603216,603216,100.0,dist+tal,3.414
KARNATAKA,Uttara Kannada,Sirsi,Dasangadde,Dasangadde,1268,whole_village,False,False,Dasangadde,Sirsi,Uttara Kannada,603150,603150,100.0,dist+tal,2.565
KARNATAKA,Uttara Kannada,Sirsi,Devanhalli,Devanhalli,1269,whole_village,False,False,Devanalli,Sirsi,Uttara Kannada,603158,603158,94.7,dist+tal,13.435
KARNATAKA,Uttara Kannada,Sirsi,Devimane,Devimane,1270,whole_village,False,False,Devimane,Sirsi,Uttara Kannada,603164,603164,100.0,dist+tal,11.515
KARNATAKA,Uttara Kannada,Sirsi,Dhorangiri,Dhorangiri,1271,whole_village,False,False,Dhoranagiri,Sirsi,Uttara Kannada,603096,603096,95.2,dist+tal,11.645
KARNATAKA,Uttara Kannada,Sirsi,Gadageri,Gadageri,1272,whole_village,False,False,Gadagera,Haliyal,Uttara Kannada,602805,602805,100.0,dist,5.617
KARNATAKA,Uttara Kannada,Sirsi,Gadihalli,Gadihalli,1273,whole_village,False,False,Gadihalli,Sirsi,Uttara Kannada,603249,603249,100.0,dist+tal,3.9
KARNATAKA,Uttara Kannada,Sirsi,Gaudalli,Gaudalli,1274,whole_village,False,False,Goudalli,Sirsi,Uttara Kannada,603211,603211,90.9,dist+tal,2.498
KARNATAKA,Uttara Kannada,Sirsi,Gonagatta,Gonagatta,1275,whole_village,False,False,Gongatta,Sirsi,Uttara Kannada,603273,603273,94.1,dist+tal,2.845
KARNATAKA,Uttara Kannada,Sirsi,Gonsar,Gonsar,1276,whole_village,False,False,Gonsar,Sirsi,Uttara Kannada,603106,603106,100.0,dist+tal,13.85
KARNATAKA,Uttara Kannada,Sirsi,Gonur,Gonur,1277,whole_village,False,False,Gonur,Sirsi,Uttara Kannada,603274,603274,100.0,dist+tal,8.521
KARNATAKA,Uttara Kannada,Sirsi,Gurvalli,Gurvalli,1278,whole_village,False,False,Guruvalli,Sirsi,Uttara Kannada,603108,603108,94.1,dist+tal,10.738
KARNATAKA,Uttara Kannada,Sirsi,Hadlagi,Hadlagi,1279,whole_village,False,False,Hadalagi,Sirsi,Uttara Kannada,603301,603301,93.3,dist+tal,3.836
KARNATAKA,Uttara Kannada,Sirsi,Hakkigadde,Hakkigadde,1280,whole_village,False,False,Hakkigadde,Sirsi,Uttara Kannada,603170,603170,100.0,dist+tal,2.161
KARNATAKA,Uttara Kannada,Sirsi,Hallusargi,Hallusargi,1281,whole_village,False,False,Hallusargi,Sirsi,Uttara Kannada,603184,603184,100.0,dist+tal,1.795
KARNATAKA,Uttara Kannada,Sirsi,Hangar,Hangar,1282,whole_village,False,False,Hanagar,Sirsi,Uttara Kannada,603195,603195,92.3,dist+tal,0.675
KARNATAKA,Uttara Kannada,Sirsi,Harepal,Harepal,1283,whole_village,False,False,Harepal,Sirsi,Uttara Kannada,603148,603148,100.0,dist+tal,3.941
KARNATAKA,Uttara Kannada,Sirsi,Harihulekal,Harihulekal,1284,whole_village,False,False,Harehulekal,Sirsi,Uttara Kannada,603134,603134,90.9,dist+tal,6.58
KARNATAKA,Uttara Kannada,Sirsi,Heballi,Heballi,1285,whole_village,False,False,Hebballi,Sirsi,Uttara Kannada,603259,603259,100.0,dist+tal,4.087
KARNATAKA,Uttara Kannada,Sirsi,Hebre,Hebre,1286,whole_village,False,False,Hebre,Sirsi,Uttara Kannada,603163,603163,100.0,dist+tal,52.442
KARNATAKA,Uttara Kannada,Sirsi,Hedigemane,Hedigemane,1288,whole_village,False,False,Hedigemane,Sirsi,Uttara Kannada,603225,603225,100.0,dist+tal,2.319
KARNATAKA,Uttara Kannada,Sirsi,Heggar,Heggar,1289,whole_village,False,False,Heggar,Sirsi,Uttara Kannada,603185,603185,100.0,dist+tal,3.073
KARNATAKA,Uttara Kannada,Sirsi,Hodalkop,Hodalkop,1290,whole_village,False,False,Hallikoppa,Sirsi,Uttara Kannada,603262,603262,80.0,dist+tal,1.628
KARNATAKA,Uttara Kannada,Sirsi,Hostot,Hostot,1291,whole_village,False,False,Hostota,Sirsi,Uttara Kannada,603192,603192,100.0,dist+tal,4.793
KARNATAKA,Uttara Kannada,Sirsi,Hosur,Hosur,1292,whole_village,False,False,Hosur,Sirsi,Uttara Kannada,603166,603166,100.0,dist+tal,7.129
KARNATAKA,Uttara Kannada,Sirsi,Huladevanasar,Huladevanasar,1293,whole_village,False,False,Huldevansar,Sirsi,Uttara Kannada,603210,603210,91.7,dist+tal,5.218
KARNATAKA,Uttara Kannada,Sirsi,Hulgol,Hulgol,1294,whole_village,False,False,Hulgol,Sirsi,Uttara Kannada,603126,603126,100.0,dist+tal,8.79
KARNATAKA,Uttara Kannada,Sirsi,Husri,Husri,1295,whole_village,False,False,Husri,Sirsi,Uttara Kannada,603218,603218,100.0,dist+tal,7.104
KARNATAKA,Uttara Kannada,Sirsi,Islur,Islur,1296,whole_village,False,False,Isloor,Sirsi,Uttara Kannada,603206,603206,100.0,dist+tal,5.947
KARNATAKA,Uttara Kannada,Sirsi,Jaddigadde,Jaddigadde,1297,whole_village,False,False,Jaddigadde,Sirsi,Uttara Kannada,603120,603120,100.0,dist+tal,1.364
KARNATAKA,Uttara Kannada,Sirsi,Janmane,Janmane,1298,whole_village,False,False,Janmane,Sirsi,Uttara Kannada,603182,603182,100.0,dist+tal,4.966
KARNATAKA,Uttara Kannada,Sirsi,Kadgod,Kadgod,1299,whole_village,False,False,Kadgod,Sirsi,Uttara Kannada,603316,603316,100.0,dist+tal,2.68
KARNATAKA,Uttara Kannada,Sirsi,Kalgundikoppa,Kalgundikoppa,1300,whole_village,False,False,Kalgundikoppa,Sirsi,Uttara Kannada,603296,603296,100.0,dist+tal,1.687
KARNATAKA,Uttara Kannada,Sirsi,Kalkardi,Kalkardi,1301,whole_village,False,False,Kalkardi,Sirsi,Uttara Kannada,603300,603300,100.0,dist+tal,5.438
KARNATAKA,Uttara Kannada,Sirsi,Kalkop,Kalkop,1302,whole_village,False,False,Kalkoppa,Sirsi,Uttara Kannada,603322,603322,100.0,dist+tal,0.971
KARNATAKA,Uttara Kannada,Sirsi,Kallalli,Kallalli,1303,whole_village,False,False,Kallalli,Sirsi,Uttara Kannada,603157,603157,100.0,dist+tal,17.831
KARNATAKA,Uttara Kannada,Sirsi,Kalli,Kalli,1304,whole_village,False,False,Kalli,Sirsi,Uttara Kannada,603310,603310,100.0,dist+tal,4.666
KARNATAKA,Uttara Kannada,Sirsi,Kalugar,Kalugar,1305,whole_village,False,False,Kalugar,Sirsi,Uttara Kannada,603160,603160,100.0,dist+tal,2.068
KARNATAKA,Uttara Kannada,Sirsi,Kalve,Kalve,1306,whole_village,False,False,Kalve,Sirsi,Uttara Kannada,603187,603187,100.0,dist+tal,6.193
KARNATAKA,Uttara Kannada,Sirsi,Kambigar,Kambigar,1307,whole_village,False,False,Kambigar,Sirsi,Uttara Kannada,603169,603169,100.0,dist+tal,7.098
KARNATAKA,Uttara Kannada,Sirsi,Kanalli,Kanalli,1308,whole_village,False,False,Kanalli,Sirsi,Uttara Kannada,603175,603175,100.0,dist+tal,2.929
KARNATAKA,Uttara Kannada,Sirsi,Kanamuski,Kanamuski,1309,whole_village,False,False,Kanamuski,Sirsi,Uttara Kannada,603104,603104,100.0,dist+tal,7.674
KARNATAKA,Uttara Kannada,Sirsi,Kandraji,Kandraji,1310,whole_village,False,False,Kandraji,Sirsi,Uttara Kannada,603275,603275,100.0,dist+tal,6.177
KARNATAKA,Uttara Kannada,Sirsi,Karjagimane,Karjagimane,1311,whole_village,False,False,Karjigimane,Sirsi,Uttara Kannada,603142,603142,90.9,dist+tal,0.781
KARNATAKA,Uttara Kannada,Sirsi,Kelaginkeri,Kelaginkeri,1312,whole_village,False,False,Kelginkeri,Sirsi,Uttara Kannada,603153,603153,95.2,dist+tal,14.88
KARNATAKA,Uttara Kannada,Sirsi,Kodangadde,Kodangadde,1313,whole_village,False,False,Kodnagadde,Sirsi,Uttara Kannada,603099,603099,90.0,dist+tal,13.828
KARNATAKA,Uttara Kannada,Sirsi,Kodigar,Kodigar,1314,whole_village,False,False,Kodigar,Sirsi,Uttara Kannada,603112,603112,100.0,dist+tal,4.964
KARNATAKA,Uttara Kannada,Sirsi,Kop,Kop,1315,whole_village,False,False,Koppa,Sirsi,Uttara Kannada,603144,603144,100.0,dist+tal,4.72
KARNATAKA,Uttara Kannada,Sirsi,Kotekop,Kotekop,1316,whole_village,False,False,Kotekoppa,Sirsi,Uttara Kannada,603263,603263,100.0,dist+tal,1.672
KARNATAKA,Uttara Kannada,Sirsi,Kugtemane,Kugtemane,1317,whole_village,False,False,Kugtemane,Sirsi,Uttara Kannada,603179,603179,100.0,dist+tal,1.866
KARNATAKA,Uttara Kannada,Sirsi,Kukri,Kukri,1318,whole_village,False,False,Kukri,Sirsi,Uttara Kannada,603196,603196,100.0,dist+tal,2.39
KARNATAKA,Uttara Kannada,Sirsi,Kyadikop,Kyadikop,1319,whole_village,False,False,Kyadgikoppa,Sirsi,Uttara Kannada,603284,603284,94.1,dist+tal,4.681
KARNATAKA,Uttara Kannada,Sirsi,Mallalgaon,Mallalgaon,1320,whole_village,False,False,Malalgaon,Sirsi,Uttara Kannada,603260,603260,100.0,dist+tal,6.766
KARNATAKA,Uttara Kannada,Sirsi,Mandur,Mandur,1321,whole_village,False,False,Manadur,Sirsi,Uttara Kannada,603121,603121,92.3,dist+tal,6.795
KARNATAKA,Uttara Kannada,Sirsi,Manjaguni,Manjaguni,1322,whole_village,False,False,Manjaguni,Sirsi,Uttara Kannada,603161,603161,100.0,dist+tal,5.643
KARNATAKA,Uttara Kannada,Sirsi,Margundi,Margundi,1323,whole_village,False,False,Margundi,Sirsi,Uttara Kannada,603285,603285,100.0,dist+tal,14.194
KARNATAKA,Uttara Kannada,Sirsi,Mattihalli,Mattihalli,1324,whole_village,False,False,Mattihalli,Sirsi,Uttara Kannada,603269,603269,100.0,dist+tal,2.721
KARNATAKA,Uttara Kannada,Sirsi,Modur,Modur,1325,whole_village,False,False,Modur,Sirsi,Uttara Kannada,603137,603137,100.0,dist+tal,1.206
KARNATAKA,Uttara Kannada,Sirsi,Mogadde,Mogadde,1326,whole_village,False,False,Mogadde,Sirsi,Uttara Kannada,603110,603110,100.0,dist+tal,10.309
KARNATAKA,Uttara Kannada,Sirsi,Mudebail,Mudebail,1327,whole_village,False,False,Mudebail,Sirsi,Uttara Kannada,603252,603252,100.0,dist+tal,1.71
KARNATAKA,Uttara Kannada,Sirsi,Mudgehalli,Mudgehalli,1328,whole_village,False,False,Mugvalli,Sirsi,Uttara Kannada,603320,603320,77.8,dist+tal,3.893
KARNATAKA,Uttara Kannada,Sirsi,Mundganmane,Mundganmane,1329,whole_village,False,False,Mundganmane,Sirsi,Uttara Kannada,603152,603152,100.0,dist+tal,21.066
KARNATAKA,Uttara Kannada,Sirsi,Mundgesar,Mundgesar,1330,whole_village,False,False,Mundagesar,Sirsi,Uttara Kannada,603229,603229,94.7,dist+tal,2.644
KARNATAKA,Uttara Kannada,Sirsi,Mungehalli,Mungehalli,1331,whole_village,False,False,Mundgehalli,Sirsi,Uttara Kannada,603313,603313,95.2,dist+tal,3.166
KARNATAKA,Uttara Kannada,Sirsi,Muregar,Muregar,1332,whole_village,False,False,Muregar,Sirsi,Uttara Kannada,603116,603116,100.0,dist+tal,5.798
KARNATAKA,Uttara Kannada,Sirsi,Muski,Muski,1333,whole_village,False,False,Muski,Sirsi,Uttara Kannada,603102,603102,100.0,dist+tal,22.906
KARNATAKA,Uttara Kannada,Sirsi,Naigar,Naigar,1334,whole_village,False,False,Naigar,Sirsi,Uttara Kannada,603119,603119,100.0,dist+tal,11.437
KARNATAKA,Uttara Kannada,Sirsi,Navangiri,Navangiri,1336,whole_village,False,False,Navanageri,Sirsi,Uttara Kannada,603304,603304,84.2,dist+tal,3.793
KARNATAKA,Uttara Kannada,Sirsi,Navilgar,Navilgar,1337,whole_village,False,False,Navilgar,Sirsi,Uttara Kannada,603177,603177,100.0,dist+tal,6.091
KARNATAKA,Uttara Kannada,Sirsi,Neelkani,Neelkani,1338,whole_village,False,False,Neelkani,Sirsi,Uttara Kannada,603118,603118,100.0,dist+tal,2.797
KARNATAKA,Uttara Kannada,Sirsi,Nerlavalli,Nerlavalli,1339,whole_village,False,False,Nerlavalli,Sirsi,Uttara Kannada,603199,603199,100.0,dist+tal,3.517
KARNATAKA,Uttara Kannada,Sirsi,Onigadde,Onigadde,1340,whole_village,False,False,Onigadde,Sirsi,Uttara Kannada,603159,603159,100.0,dist+tal,6.058
KARNATAKA,Uttara Kannada,Sirsi,Onikeri (Kelgin),Onikeri (Kelgin),1341,whole_village,False,False,Onikeri,Mundgod,Uttara Kannada,603060,603060,100.0,dist,11.67
KARNATAKA,Uttara Kannada,Sirsi,Pura,Pura,1342,whole_village,False,False,Pura,Sirsi,Uttara Kannada,603209,603209,100.0,dist+tal,2.116
KARNATAKA,Uttara Kannada,Sirsi,Sadashivalli,Sadashivalli,1343,whole_village,False,False,Sadashivalli,Sirsi,Uttara Kannada,603151,603151,100.0,dist+tal,18.612
KARNATAKA,Uttara Kannada,Sirsi,Sampkhand,Sampkhand,1344,whole_village,False,False,Sampakhanda,Sirsi,Uttara Kannada,603178,603178,94.7,dist+tal,4.682
KARNATAKA,Uttara Kannada,Sirsi,Sannalli,Sannalli,1345,whole_village,False,False,Sannalli,Sirsi,Uttara Kannada,603188,603188,100.0,dist+tal,4.249
KARNATAKA,Uttara Kannada,Sirsi,Sarguppi,Sarguppi,1346,whole_village,False,False,Sarguppa,Sirsi,Uttara Kannada,603154,603154,100.0,dist+tal,21.065
KARNATAKA,Uttara Kannada,Sirsi,Shirgani,Shirgani,1347,whole_village,False,False,Shirgani,Sirsi,Uttara Kannada,603105,603105,100.0,dist+tal,12.528
KARNATAKA,Uttara Kannada,Sirsi,Shivalli,Shivalli,1348,whole_village,False,False,Shivalli,Sirsi,Uttara Kannada,603173,603173,100.0,dist+tal,9.62
KARNATAKA,Uttara Kannada,Sirsi,Sigehalli,Sigehalli,1349,whole_village,False,False,Shigehalli,Sirsi,Uttara Kannada,603140,603140,100.0,dist+tal,7.906
KARNATAKA,Uttara Kannada,Sirsi,Singanalli,Singanalli,1350,whole_village,False,False,Singanalli,Sirsi,Uttara Kannada,603123,603123,100.0,dist+tal,3.339
KARNATAKA,Uttara Kannada,Sirsi,Somanolli,Somanolli,1351,whole_village,False,False,Somanalli,Sirsi,Uttara Kannada,603212,603212,88.9,dist+tal,2.308
KARNATAKA,Uttara Kannada,Sirsi,Sonda,Sonda,1352,whole_village,False,False,Sonda,Sirsi,Uttara Kannada,603125,603125,100.0,dist+tal,12.599
KARNATAKA,Uttara Kannada,Sirsi,Sugavi,Sugavi,1354,whole_village,False,False,Sugavi,Sirsi,Uttara Kannada,603287,603287,100.0,dist+tal,10.334
KARNATAKA,Uttara Kannada,Sirsi,T. Kodgibail,T. Kodgibail,1355,whole_village,False,False,Kodgibail,Sirsi,Uttara Kannada,603183,603183,94.7,dist+tal,6.458
KARNATAKA,Uttara Kannada,Sirsi,Teppar,Teppar,1356,whole_village,False,False,Teppar,Sirsi,Uttara Kannada,603162,603162,100.0,dist+tal,12.877
KARNATAKA,Uttara Kannada,Sirsi,Tudguni,Tudguni,1357,whole_village,False,False,Tuduguni,Sirsi,Uttara Kannada,603204,603204,93.3,dist+tal,4.903
KARNATAKA,Uttara Kannada,Sirsi,Ullal,Ullal,1358,whole_village,False,False,Ullal,Sirsi,Uttara Kannada,603256,603256,100.0,dist+tal,6.407
KARNATAKA,Uttara Kannada,Sirsi,Umade,Umade,1359,whole_village,False,False,Ummadi,Sirsi,Uttara Kannada,603270,603270,100.0,dist+tal,1.71
KARNATAKA,Uttara Kannada,Sirsi,Umblekop,Umblekop,1360,whole_village,False,False,Umblekoppa,Sirsi,Uttara Kannada,603306,603306,100.0,dist+tal,3.464
KARNATAKA,Uttara Kannada,Sirsi,Upplekoppa,Upplekoppa,1361,whole_village,False,False,Uplekoppa,Sirsi,Uttara Kannada,603308,603308,100.0,dist+tal,4.553
KARNATAKA,Uttara Kannada,Sirsi,Vaddinkop,Vaddinkop,1362,whole_village,False,False,Vaddinakoppa,Sirsi,Uttara Kannada,603295,603295,94.1,dist+tal,2.954
KARNATAKA,Uttara Kannada,Sirsi,Vanalli,Vanalli,1363,whole_village,False,False,Vanalli,Sirsi,Uttara Kannada,603107,603107,100.0,dist+tal,4.739
KARNATAKA,Uttara Kannada,Sirsi,Yachadi,Yachadi,1364,whole_village,False,False,Yachadi,Sirsi,Uttara Kannada,603186,603186,100.0,dist+tal,5.279
KARNATAKA,Uttara Kannada,Sirsi,Yadhalli,Yadhalli,1365,whole_village,False,False,Yadalli,Sirsi,Uttara Kannada,603233,603233,93.3,dist+tal,3.041
KARNATAKA,Uttara Kannada,Yellapur,Alvad,Alvad,1366,whole_village,False,False,Aalwad,Yellapur,Uttara Kannada,602966,602966,100.0,dist+tal,4.26
KARNATAKA,Uttara Kannada,Yellapur,Angod,Angod,1367,whole_village,False,False,Angod,Yellapur,Uttara Kannada,602890,602890,100.0,dist+tal,15.356
KARNATAKA,Uttara Kannada,Yellapur,Baginakatte,Baginakatte,1368,whole_village,False,False,Baginkatta,Yellapur,Uttara Kannada,602909,602909,94.1,dist+tal,2.587
KARNATAKA,Uttara Kannada,Yellapur,Baichgod,Baichgod,1369,whole_village,False,False,Baichgod,Yellapur,Uttara Kannada,602975,602975,100.0,dist+tal,2.463
KARNATAKA,Uttara Kannada,Yellapur,Balagar,Balagar,1370,whole_village,False,False,Balagar,Yellapur,Uttara Kannada,602899,602899,100.0,dist+tal,12.497
KARNATAKA,Uttara Kannada,Yellapur,Bankasali,Bankasali,1371,whole_village,False,False,Bankasalli,Yellapur,Uttara Kannada,602951,602951,100.0,dist+tal,15.318
KARNATAKA,Uttara Kannada,Yellapur,Baragadde,Baragadde,1372,whole_village,False,False,Baragadde,Yellapur,Uttara Kannada,602892,602892,100.0,dist+tal,2.569
KARNATAKA,Uttara Kannada,Yellapur,Barballi,Barballi,1373,whole_village,False,False,Baballi,Bhadravati,Shivamogga,608581,608581,93.3,state,1.964
KARNATAKA,Uttara Kannada,Yellapur,Bare,Bare,1374,whole_village,False,False,Bare,Yellapur,Uttara Kannada,602902,602902,100.0,dist+tal,28.816
KARNATAKA,Uttara Kannada,Yellapur,Beejanakoppa,Beejanakoppa,1375,whole_village,False,False,Beejanakoppa,Yellapur,Uttara Kannada,603004,603004,100.0,dist+tal,5.012
KARNATAKA,Uttara Kannada,Yellapur,Belambi,Belambi,1376,whole_village,False,False,Bellambi,Yellapur,Uttara Kannada,603002,603002,100.0,dist+tal,5.943
KARNATAKA,Uttara Kannada,Yellapur,Belegeri,Belegeri,1377,whole_village,False,False,Belegeri,Yellapur,Uttara Kannada,602889,602889,100.0,dist+tal,48.727
KARNATAKA,Uttara Kannada,Yellapur,Bharni,Bharni,1378,whole_village,False,False,Bharanii,Yellapur,Uttara Kannada,602995,602995,90.9,dist+tal,5.893
KARNATAKA,Uttara Kannada,Yellapur,Bhartanhalli,Bhartanhalli,1379,whole_village,False,False,Bharatanahalli,Yellapur,Uttara Kannada,602994,602994,92.3,dist+tal,7.409
KARNATAKA,Uttara Kannada,Yellapur,Bhendigiri,Bhendigiri,1380,whole_village,False,False,Bendigeri,Yellapur,Uttara Kannada,602952,602952,84.2,dist+tal,5.498
KARNATAKA,Uttara Kannada,Yellapur,Bhomnalli,Bhomnalli,1381,whole_village,False,False,Bhomnalli,Yellapur,Uttara Kannada,602954,602954,100.0,dist+tal,3.205
KARNATAKA,Uttara Kannada,Yellapur,Bidralli,Bidralli,1382,whole_village,False,False,Bidralli,Yellapur,Uttara Kannada,602980,602980,100.0,dist+tal,3.558
KARNATAKA,Uttara Kannada,Yellapur,Bigar,Bigar,1383,whole_village,False,False,Beegar,Yellapur,Uttara Kannada,602908,602908,100.0,dist+tal,2.483
KARNATAKA,Uttara Kannada,Yellapur,Bilki,Bilki,1384,whole_village,False,False,Bilki,Yellapur,Uttara Kannada,602968,602968,100.0,dist+tal,15.083
KARNATAKA,Uttara Kannada,Yellapur,Bisgod,Bisgod,1385,whole_village,False,False,Bisgod,Yellapur,Uttara Kannada,602882,602882,100.0,dist+tal,5.356
KARNATAKA,Uttara Kannada,Yellapur,Chandguli,Chandguli,1386,whole_village,False,False,Chandguli,Yellapur,Uttara Kannada,602941,602941,100.0,dist+tal,34.264
KARNATAKA,Uttara Kannada,Yellapur,Chavati,Chavati,1387,whole_village,False,False,Chavatti,Yellapur,Uttara Kannada,602983,602983,100.0,dist+tal,6.899
KARNATAKA,Uttara Kannada,Yellapur,Chikkotti,Chikkotti,1388,whole_village,False,False,Chikkotti,Yellapur,Uttara Kannada,602956,602956,100.0,dist+tal,9.61
KARNATAKA,Uttara Kannada,Yellapur,Chimanalli,Chimanalli,1389,whole_village,False,False,Chimanalli,Yellapur,Uttara Kannada,602910,602910,100.0,dist+tal,7.509
KARNATAKA,Uttara Kannada,Yellapur,Dabguli,Dabguli,1390,whole_village,False,False,Dabaguli,Yellapur,Uttara Kannada,602927,602927,93.3,dist+tal,1.732
KARNATAKA,Uttara Kannada,Yellapur,Dehalli,Dehalli,1391,whole_village,False,False,Dehalli,Yellapur,Uttara Kannada,602881,602881,100.0,dist+tal,10.136
KARNATAKA,Uttara Kannada,Yellapur,Donagar,Donagar,1392,whole_village,False,False,Donagar,Yellapur,Uttara Kannada,602913,602913,100.0,dist+tal,6.805
KARNATAKA,Uttara Kannada,Yellapur,Gadijogadmane,Gadijogadmane,1393,whole_village,False,False,Gadijogadmane,Yellapur,Uttara Kannada,602953,602953,100.0,dist+tal,4.367
KARNATAKA,Uttara Kannada,Yellapur,Geral,Geral,1394,whole_village,False,False,Geral,Yellapur,Uttara Kannada,602893,602893,100.0,dist+tal,5.876
KARNATAKA,Uttara Kannada,Yellapur,Gharvas,Gharvas,1395,whole_village,False,False,Gharwas,Yellapur,Uttara Kannada,602914,602914,100.0,dist+tal,0.754
KARNATAKA,Uttara Kannada,Yellapur,Gopadmane,Gopadmane,1396,whole_village,False,False,Gopadmane,Yellapur,Uttara Kannada,602915,602915,100.0,dist+tal,1.163
KARNATAKA,Uttara Kannada,Yellapur,Gotguli,Gotguli,1397,whole_village,False,False,Gotguli,Yellapur,Uttara Kannada,602885,602885,100.0,dist+tal,4.336
KARNATAKA,Uttara Kannada,Yellapur,Gullapur,Gullapur,1398,whole_village,False,False,Gullapur,Yellapur,Uttara Kannada,602925,602925,100.0,dist+tal,6.572
KARNATAKA,Uttara Kannada,Yellapur,Halgod,Halgod,1399,whole_village,False,False,Halagod,Yellapur,Uttara Kannada,602973,602973,92.3,dist+tal,0.596
KARNATAKA,Uttara Kannada,Yellapur,Halsinkop,Halsinkop,1400,whole_village,False,False,Halsinkoppa,Sirsi,Uttara Kannada,603290,603290,100.0,dist,1.329
KARNATAKA,Uttara Kannada,Yellapur,Hansangadde,Hansangadde,1401,whole_village,False,False,Hamsana Gadde,Yellapur,Uttara Kannada,602912,602912,87.0,dist+tal,6.224
KARNATAKA,Uttara Kannada,Yellapur,Harigadde,Harigadde,1402,whole_village,False,False,Harigadde,Yellapur,Uttara Kannada,602958,602958,100.0,dist+tal,6.921
KARNATAKA,Uttara Kannada,Yellapur,Hasalmane,Hasalmane,1403,whole_village,False,False,Hasalmane,Yellapur,Uttara Kannada,603001,603001,100.0,dist+tal,1.484
KARNATAKA,Uttara Kannada,Yellapur,Hegapur,Hegapur,1404,whole_village,False,False,Heggapur,Yellapur,Uttara Kannada,602945,602945,100.0,dist+tal,2.899
KARNATAKA,Uttara Kannada,Yellapur,Hegumbli,Hegumbli,1405,whole_village,False,False,Heggumbale,Yellapur,Uttara Kannada,602937,602937,93.3,dist+tal,9.958
KARNATAKA,Uttara Kannada,Yellapur,Hemadi,Hemadi,1406,whole_village,False,False,Hemmadi,Yellapur,Uttara Kannada,602998,602998,100.0,dist+tal,11.861
KARNATAKA,Uttara Kannada,Yellapur,Hiresar,Hiresar,1407,whole_village,False,False,Hiresar,Yellapur,Uttara Kannada,602979,602979,100.0,dist+tal,2.541
KARNATAKA,Uttara Kannada,Yellapur,Hirival,Hirival,1408,whole_village,False,False,Hiriyal,Yellapur,Uttara Kannada,602898,602898,85.7,dist+tal,5.959
KARNATAKA,Uttara Kannada,Yellapur,Hitlahalli,Hitlahalli,1409,whole_village,False,False,Hittlalli,Yellapur,Uttara Kannada,602981,602981,85.7,dist+tal,13.045
KARNATAKA,Uttara Kannada,Yellapur,Honnagadde,Honnagadde,1410,whole_village,False,False,Honagadde,Yellapur,Uttara Kannada,602906,602906,100.0,dist+tal,3.764
KARNATAKA,Uttara Kannada,Yellapur,Hotageri,Hotageri,1411,whole_village,False,False,Hotageri,Yellapur,Uttara Kannada,602970,602970,100.0,dist+tal,8.817
KARNATAKA,Uttara Kannada,Yellapur,Hullarmane,Hullarmane,1412,whole_village,False,False,Hullaramane,Yellapur,Uttara Kannada,602989,602989,95.2,dist+tal,1.211
KARNATAKA,Uttara Kannada,Yellapur,Hutkhand,Hutkhand,1413,whole_village,False,False,Hutkhanda,Yellapur,Uttara Kannada,602943,602943,100.0,dist+tal,25.537
KARNATAKA,Uttara Kannada,Yellapur,Idgundi,Idgundi,1414,whole_village,False,False,Idagundi,Yellapur,Uttara Kannada,602918,602918,93.3,dist+tal,5.577
KARNATAKA,Uttara Kannada,Yellapur,Ilehalli,Ilehalli,1415,whole_village,False,False,Ilehalli,Yellapur,Uttara Kannada,602982,602982,100.0,dist+tal,18.791
KARNATAKA,Uttara Kannada,Yellapur,Jaddigadde,Jaddigadde,1416,whole_village,False,False,Jaddigadde,Yellapur,Uttara Kannada,602991,602991,100.0,dist+tal,1.783
KARNATAKA,Uttara Kannada,Yellapur,Jakkalli,Jakkalli,1417,whole_village,False,False,Jakkali,Channagiri,Davanagere,606984,606984,100.0,state,3.072
KARNATAKA,Uttara Kannada,Yellapur,Kalche,Kalche,1418,whole_village,False,False,Kalache,Yellapur,Uttara Kannada,602900,602900,92.3,dist+tal,23.968
KARNATAKA,Uttara Kannada,Yellapur,Kalsur,Kalsur,1419,whole_village,False,False,Kalasuru,Yellapur,Uttara Kannada,602944,602944,92.3,dist+tal,12.735
KARNATAKA,Uttara Kannada,Yellapur,Kampli,Kampli,1420,whole_village,False,False,Kampli,Yellapur,Uttara Kannada,602957,602957,100.0,dist+tal,22.999
KARNATAKA,Uttara Kannada,Yellapur,Kangodbalehad,Kangodbalehad,1421,whole_village,False,False,Kanagod Balehadda,Yellapur,Uttara Kannada,602984,602984,96.3,dist+tal,3.369
KARNATAKA,Uttara Kannada,Yellapur,Kannadagal,Kannadagal,1422,whole_village,False,False,Kannadagal,Yellapur,Uttara Kannada,602888,602888,100.0,dist+tal,34.348
KARNATAKA,Uttara Kannada,Yellapur,Kannigeri,Kannigeri,1423,whole_village,False,False,Kannigeri,Yellapur,Uttara Kannada,602887,602887,100.0,dist+tal,15.016
KARNATAKA,Uttara Kannada,Yellapur,Kanur- Heggarni,Kanur- Heggarni,1424,whole_village,False,False,Kannur Heggaranii,Yellapur,Uttara Kannada,602996,602996,95.7,dist+tal,3.259
KARNATAKA,Uttara Kannada,Yellapur,Kattige,Kattige,1425,whole_village,False,False,Kattige,Yellapur,Uttara Kannada,602880,602880,100.0,dist+tal,26.996
KARNATAKA,Uttara Kannada,Yellapur,Kelasi,Kelasi,1426,whole_village,False,False,Kelashi,Yellapur,Uttara Kannada,602928,602928,100.0,dist+tal,15.826
KARNATAKA,Uttara Kannada,Yellapur,Kerehusalli,Kerehusalli,1427,whole_village,False,False,Kerehosalli,Yellapur,Uttara Kannada,602967,602967,90.9,dist+tal,6.642
KARNATAKA,Uttara Kannada,Yellapur,Kirvatti,Kirvatti,1428,whole_village,False,False,Kirwatti,Sirsi,Uttara Kannada,603279,603279,100.0,dist,3.48
KARNATAKA,Uttara Kannada,Yellapur,Kodlagadde,Kodlagadde,1429,whole_village,False,False,Kodlagadde,Yellapur,Uttara Kannada,602923,602923,100.0,dist+tal,4.35
KARNATAKA,Uttara Kannada,Yellapur,Komadi,Komadi,1430,whole_village,False,False,K0Madi,Yellapur,Uttara Kannada,602917,602917,83.3,dist+tal,3.086
KARNATAKA,Uttara Kannada,Yellapur,Kusguli,Kusguli,1431,whole_village,False,False,Kusguli,Yellapur,Uttara Kannada,602962,602962,100.0,dist+tal,2.811
KARNATAKA,Uttara Kannada,Yellapur,Lalguli,Lalguli,1432,whole_village,False,False,Lalguli,Yellapur,Uttara Kannada,602886,602886,100.0,dist+tal,32.274
KARNATAKA,Uttara Kannada,Yellapur,Lingadabail,Lingadabail,1433,whole_village,False,False,Lingadabailu,Yellapur,Uttara Kannada,602911,602911,100.0,dist+tal,5.611
KARNATAKA,Uttara Kannada,Yellapur,Madnoor,Madnoor,1434,whole_village,False,False,Madnur,Yellapur,Uttara Kannada,602946,602946,100.0,dist+tal,72.723
KARNATAKA,Uttara Kannada,Yellapur,Magod,Magod,1435,whole_village,False,False,Magod,Yellapur,Uttara Kannada,602940,602940,100.0,dist+tal,21.87
KARNATAKA,Uttara Kannada,Yellapur,Malalgaon,Malalgaon,1436,whole_village,False,False,Malalgaon,Yellapur,Uttara Kannada,602942,602942,100.0,dist+tal,8.296
KARNATAKA,Uttara Kannada,Yellapur,Mavinmane,Mavinmane,1437,whole_village,False,False,Mavinamane,Yellapur,Uttara Kannada,602905,602905,94.7,dist+tal,61.998
KARNATAKA,Uttara Kannada,Yellapur,Nagarkan,Nagarkan,1438,whole_village,False,False,Nagarakhan,Yellapur,Uttara Kannada,602883,602883,88.9,dist+tal,14.148
KARNATAKA,Uttara Kannada,Yellapur,Puratbommanahalli,Puratbommanahalli,1439,whole_village,False,False,Puratbomnalli,Yellapur,Uttara Kannada,602969,602969,88.0,dist+tal,5.772
KARNATAKA,Uttara Kannada,Yellapur,Savagadde,Savagadde,1440,whole_village,False,False,Savagadde,Yellapur,Uttara Kannada,602891,602891,100.0,dist+tal,4.982
KARNATAKA,Uttara Kannada,Yellapur,Shirnal,Shirnal,1441,whole_village,False,False,Shiranala,Yellapur,Uttara Kannada,602972,602972,92.3,dist+tal,14.214
KARNATAKA,Uttara Kannada,Yellapur,Sistmudi,Sistmudi,1442,whole_village,False,False,Shistamudi,Yellapur,Uttara Kannada,602894,602894,93.3,dist+tal,6.03
KARNATAKA,Uttara Kannada,Yellapur,Somanalli,Somanalli,1443,whole_village,False,False,Somanalli,Yellapur,Uttara Kannada,602955,602955,100.0,dist+tal,15.309
KARNATAKA,Uttara Kannada,Yellapur,Tarehalli,Tarehalli,1444,whole_village,False,False,Tarehalli,Yellapur,Uttara Kannada,602997,602997,100.0,dist+tal,16.913
KARNATAKA,Uttara Kannada,Yellapur,Targar,Targar,1445,whole_village,False,False,Targar,Yellapur,Uttara Kannada,602907,602907,100.0,dist+tal,2.483
KARNATAKA,Uttara Kannada,Yellapur,Tatgar,Tatgar,1446,whole_village,False,False,Tatagar,Yellapur,Uttara Kannada,602895,602895,92.3,dist+tal,6.118
KARNATAKA,Uttara Kannada,Yellapur,Telangiri,Telangiri,1447,whole_village,False,False,Telangar,Yellapur,Uttara Kannada,602919,602919,87.5,dist+tal,13.979
KARNATAKA,Uttara Kannada,Yellapur,Uchgeri,Uchgeri,1448,whole_village,False,False,Uchageri,Yellapur,Uttara Kannada,602993,602993,93.3,dist+tal,10.648
KARNATAKA,Uttara Kannada,Yellapur,Yedhalli,Yedhalli,1449,whole_village,False,False,Yedahalli,Mysuru,Mysuru,618687,618687,94.1,state,4.079
