<?xml version="1.0" encoding="UTF-8"?>
<kml xmlns="http://www.opengis.net/kml/2.2">
  <Document id="root_doc">
    <Schema id="WG_ESA_2024_GJ" name="WG_ESA_2024_GJ">
      <SimpleField name="esa_category" type="string"/>
      <SimpleField name="area_km2" type="float"/>
    </Schema>
    <Schema id="WG_ESA_2024_GJ.schema">
      <SimpleField name="esa_category" type="string"/>
      <SimpleField name="area_km2" type="double"/>
    </Schema>
    <Document id="WG_ESA_2024_GJ">
      <name>WG_ESA_2024_GJ</name>
      <Placemark id="WG_ESA_2024_GJ.1">
        <name>Kala Amba</name>
        <ExtendedData>
          <SchemaData schemaUrl="#WG_ESA_2024_GJ.schema">
            <SimpleData name="esa_category">whole_village</SimpleData>
            <SimpleData name="area_km2">3.754</SimpleData>
          </SchemaData>
        </ExtendedData>
        <Polygon>
          <outerBoundaryIs>
            <LinearRing>
              <coordinates>
                73.45643,20.80836,0
                73.45763,20.80806,0
                73.45822,20.80805,0
                73.45907,20.80804,0
                73.45974,20.80812,0
                73.46075,20.80794,0
                73.46185,20.80738,0
                73.46289,20.80662,0
                73.46411,20.8058,0
                73.46487,20.80531,0
                73.46591,20.80484,0
                73.46661,20.80446,0
                73.46726,20.80416,0
                73.46817,20.80352,0
                73.4697,20.80276,0
                73.46926,20.80239,0
                73.46906,20.80237,0
                73.46838,20.80171,0
                73.46803,20.80131,0
                73.46803,20.80092,0
                73.46765,20.80026,0
                73.46708,20.79886,0
                73.4673,20.79796,0
                73.467,20.7977,0
                73.46623,20.79694,0
                73.46574,20.79637,0
                73.46472,20.79544,0
                73.46393,20.79467,0
                73.46295,20.7938,0
                73.46209,20.79301,0
                73.46145,20.79244,0
                73.46063,20.79167,0
                73.46008,20.79157,0
                73.45991,20.79103,0
                73.45939,20.79013,0
                73.45869,20.78876,0
                73.45816,20.78791,0
                73.45796,20.78759,0
                73.45764,20.78723,0
                73.4571,20.78708,0
                73.45671,20.78686,0
                73.45629,20.78637,0
                73.45575,20.78582,0
                73.45501,20.78492,0
                73.45476,20.78452,0
                73.45415,20.78399,0
                73.45387,20.78313,0
                73.45376,20.7828,0
                73.45375,20.78275,0
                73.4535,20.78295,0
                73.45345,20.78299,0
                73.45331,20.78333,0
                73.45319,20.78435,0
                73.45299,20.78545,0
                73.45293,20.78657,0
                73.45289,20.7868,0
                73.45237,20.78784,0
                73.45205,20.78854,0
                73.45176,20.78914,0
                73.45151,20.78981,0
                73.451,20.79143,0
                73.4508,20.79182,0
                73.44994,20.79406,0
                73.44969,20.79447,0
                73.44919,20.79491,0
                73.44876,20.79582,0
                73.44829,20.7966,0
                73.44745,20.7982,0
                73.44684,20.79913,0
                73.44672,20.79949,0
                73.44672,20.79951,0
                73.44671,20.80004,0
                73.44675,20.80109,0
                73.44683,20.80204,0
                73.44699,20.80268,0
                73.44699,20.8033,0
                73.44707,20.80401,0
                73.44689,20.80479,0
                73.44681,20.80529,0
                73.44684,20.80595,0
                73.44686,20.80653,0
                73.44715,20.80763,0
                73.4472,20.8079,0
                73.44728,20.80824,0
                73.44747,20.80868,0
                73.44875,20.80859,0
                73.45346,20.80897,0
                73.45413,20.80933,0
                73.45502,20.80927,0
                73.45517,20.80926,0
                73.45529,20.80917,0
                73.45548,20.80902,0
                73.4557,20.80885,0
                73.45643,20.80836,0
              </coordinates>
            </LinearRing>
          </outerBoundaryIs>
        </Polygon>
      </Placemark>
      <Placemark id="WG_ESA_2024_GJ.2">
        <name>Kevdi</name>
        <ExtendedData>
          <SchemaData schemaUrl="#WG_ESA_2024_GJ.schema">
            <SimpleData name="esa_category">whole_village</SimpleData>
            <SimpleData name="area_km2">7.63</SimpleData>
          </SchemaData>
        </ExtendedData>
        <Polygon>
          <outerBoundaryIs>
            <LinearRing>
              <coordinates>
                73.42869,20.80434,0
                73.42897,20.80454,0
                73.42915,20.80473,0
                73.42935,20.80468,0
                73.42957,20.80448,0
                73.42972,20.80428,0
                73.42991,20.80405,0
                73.43018,20.80381,0
                73.4304,20.80378,0
                73.43053,20.80385,0
                73.43068,20.80394,0
                73.4309,20.80402,0
                73.43119,20.8041,0
                73.43132,20.80396,0
                73.43146,20.80356,0
                73.43157,20.80333,0
                73.43165,20.80309,0
                73.43174,20.80301,0
                73.43199,20.80307,0
                73.43219,20.80308,0
                73.43238,20.80325,0
                73.4325,20.80334,0
                73.43273,20.80344,0
                73.43311,20.80353,0
                73.43329,20.80356,0
                73.43358,20.80349,0
                73.43391,20.80346,0
                73.43446,20.80316,0
                73.43486,20.80294,0
                73.43524,20.80273,0
                73.43548,20.80251,0
                73.43575,20.80218,0
                73.43601,20.80198,0
                73.43635,20.80184,0
                73.43662,20.80167,0
                73.43669,20.80134,0
                73.43677,20.8012,0
                73.43712,20.80129,0
                73.43741,20.80149,0
                73.43769,20.80152,0
                73.43773,20.80131,0
                73.43773,20.80102,0
                73.43768,20.80074,0
                73.43778,20.80042,0
                73.43811,20.8002,0
                73.43817,20.80038,0
                73.43823,20.80055,0
                73.43829,20.8007,0
                73.43834,20.80085,0
                73.43867,20.80105,0
                73.43886,20.80103,0
                73.43916,20.80079,0
                73.43943,20.80058,0
                73.43973,20.80035,0
                73.43996,20.80045,0
                73.44018,20.80067,0
                73.44024,20.80105,0
                73.44043,20.80126,0
                73.44055,20.80127,0
                73.44087,20.80137,0
                73.44114,20.80152,0
                73.44127,20.8017,0
                73.44135,20.80204,0
                73.44135,20.80223,0
                73.4414,20.80245,0
                73.44153,20.80267,0
                73.4417,20.80275,0
                73.44193,20.80271,0
                73.44214,20.80263,0
                73.4419,20.80245,0
                73.4418,20.80229,0
                73.44188,20.80213,0
                73.44198,20.80201,0
                73.44199,20.80191,0
                73.44215,20.80169,0
                73.44242,20.80166,0
                73.44254,20.80166,0
                73.44252,20.80124,0
                73.44257,20.80108,0
                73.44304,20.80098,0
                73.44334,20.80101,0
                73.44347,20.80099,0
                73.44397,20.80069,0
                73.44374,20.80042,0
                73.4437,20.80016,0
                73.44361,20.79995,0
                73.44352,20.79976,0
                73.44351,20.79962,0
                73.44365,20.79942,0
                73.44394,20.79917,0
                73.44416,20.79928,0
                73.4443,20.79945,0
                73.44446,20.79961,0
                73.44489,20.79967,0
                73.44543,20.79968,0
                73.44553,20.79948,0
                73.44562,20.79919,0
                73.44579,20.79925,0
                73.44586,20.79939,0
                73.44591,20.79951,0
                73.4459,20.79965,0
                73.44591,20.79986,0
                73.446,20.79985,0
                73.44623,20.79974,0
                73.44637,20.79957,0
                73.44651,20.79947,0
                73.44672,20.79949,0
                73.44684,20.79913,0
                73.44745,20.7982,0
                73.44829,20.7966,0
                73.44876,20.79582,0
                73.44919,20.79491,0
                73.44969,20.79447,0
                73.44994,20.79406,0
                73.4508,20.79182,0
                73.451,20.79143,0
                73.45151,20.78981,0
                73.45176,20.78914,0
                73.45205,20.78854,0
                73.45237,20.78784,0
                73.45289,20.7868,0
                73.45293,20.78657,0
                73.45299,20.78545,0
                73.45319,20.78435,0
                73.45331,20.78333,0
                73.45345,20.78299,0
                73.4535,20.78295,0
                73.45323,20.7827,0
                73.45251,20.78198,0
                73.45168,20.78097,0
                73.45109,20.77995,0
                73.45014,20.77847,0
                73.44966,20.77796,0
                73.44824,20.77666,0
                73.44622,20.77723,0
                73.44528,20.77735,0
                73.44477,20.77729,0
                73.44384,20.77773,0
                73.44341,20.77825,0
                73.44303,20.77876,0
                73.4428,20.77946,0
                73.44238,20.78005,0
                73.44184,20.78046,0
                73.44071,20.7808,0
                73.44012,20.7812,0
                73.43931,20.78143,0
                73.43833,20.78162,0
                73.43717,20.78193,0
                73.43721,20.78218,0
                73.43631,20.78214,0
                73.43475,20.78211,0
                73.4331,20.78158,0
                73.43169,20.78153,0
                73.42985,20.78157,0
                73.42953,20.78125,0
                73.42876,20.78043,0
                73.42851,20.78003,0
                73.42746,20.7801,0
                73.42717,20.78037,0
                73.42667,20.78033,0
                73.42654,20.78014,0
                73.42622,20.77964,0
                73.42591,20.77936,0
                73.42507,20.77894,0
                73.42446,20.77925,0
                73.42398,20.77923,0
                73.42384,20.77926,0
                73.42356,20.77932,0
                73.42315,20.77973,0
                73.42233,20.78045,0
                73.42111,20.78102,0
                73.42052,20.78132,0
                73.42015,20.78166,0
                73.41993,20.78215,0
                73.41944,20.7828,0
                73.41894,20.78336,0
                73.41801,20.78381,0
                73.41754,20.78381,0
                73.41717,20.78321,0
                73.41651,20.78291,0
                73.41611,20.78288,0
                73.41545,20.78276,0
                73.41472,20.78286,0
                73.41359,20.78288,0
                73.4138,20.78307,0
                73.41394,20.7832,0
                73.41501,20.78405,0
                73.41596,20.78477,0
                73.41724,20.7857,0
                73.41775,20.78608,0
                73.41803,20.78744,0
                73.41814,20.78795,0
                73.41839,20.78868,0
                73.41869,20.78943,0
                73.41902,20.79025,0
                73.41915,20.79064,0
                73.41948,20.79092,0
                73.41995,20.79161,0
                73.41943,20.79225,0
                73.41978,20.79284,0
                73.41981,20.79364,0
                73.41969,20.79409,0
                73.41967,20.79466,0
                73.41967,20.79499,0
                73.41985,20.7952,0
                73.41992,20.79552,0
                73.41975,20.79573,0
                73.4194,20.79596,0
                73.41933,20.79608,0
                73.41932,20.7963,0
                73.41952,20.79665,0
                73.41967,20.79699,0
                73.41993,20.79731,0
                73.41995,20.79736,0
                73.42021,20.7979,0
                73.42046,20.79794,0
                73.42059,20.79808,0
                73.42098,20.79821,0
                73.42137,20.7982,0
                73.42194,20.79832,0
                73.422,20.79851,0
                73.42223,20.79875,0
                73.4225,20.79906,0
                73.42274,20.79929,0
                73.42292,20.79945,0
                73.4232,20.79979,0
                73.42355,20.80014,0
                73.4239,20.80054,0
                73.4242,20.80089,0
                73.42456,20.80129,0
                73.42469,20.80165,0
                73.42483,20.80204,0
                73.42484,20.80209,0
                73.42487,20.80226,0
                73.42487,20.80265,0
                73.42485,20.8033,0
                73.42484,20.80358,0
                73.42482,20.80388,0
                73.4248,20.80457,0
                73.42526,20.80464,0
                73.42565,20.80465,0
                73.42597,20.80463,0
                73.4262,20.80456,0
                73.42623,20.80424,0
                73.42621,20.80393,0
                73.42618,20.80367,0
                73.42624,20.80344,0
                73.4264,20.80324,0
                73.42659,20.80324,0
                73.42669,20.8034,0
                73.42673,20.8036,0
                73.42681,20.80396,0
                73.4268,20.80418,0
                73.42679,20.80451,0
                73.4268,20.80477,0
                73.42694,20.80502,0
                73.42714,20.80525,0
                73.42732,20.80546,0
                73.42746,20.80556,0
                73.42761,20.80563,0
                73.42795,20.80557,0
                73.42813,20.80534,0
                73.42828,20.80502,0
                73.42839,20.80473,0
                73.42856,20.80448,0
                73.42869,20.80434,0
              </coordinates>
            </LinearRing>
          </outerBoundaryIs>
        </Polygon>
      </Placemark>
      <Placemark id="WG_ESA_2024_GJ.3">
        <name>Sadad Devi</name>
        <ExtendedData>
          <SchemaData schemaUrl="#WG_ESA_2024_GJ.schema">
            <SimpleData name="esa_category">whole_village</SimpleData>
            <SimpleData name="area_km2">7.021</SimpleData>
          </SchemaData>
        </ExtendedData>
        <Polygon>
          <outerBoundaryIs>
            <LinearRing>
              <coordinates>
                73.47723,20.79835,0
                73.47775,20.79858,0
                73.4781,20.79882,0
                73.4783,20.79891,0
                73.47884,20.79914,0
                73.47936,20.79933,0
                73.47997,20.79937,0
                73.48061,20.7992,0
                73.481,20.79891,0
                73.4813,20.79873,0
                73.48147,20.79862,0
                73.48159,20.79854,0
                73.48253,20.79719,0
                73.48215,20.79695,0
                73.48201,20.79664,0
                73.4827,20.79591,0
                73.48351,20.79486,0
                73.48375,20.79435,0
                73.48384,20.79401,0
                73.4837,20.79327,0
                73.48349,20.79293,0
                73.48341,20.79219,0
                73.48354,20.79129,0
                73.48374,20.79088,0
                73.48356,20.78994,0
                73.48347,20.78969,0
                73.48343,20.78957,0
                73.48336,20.78897,0
                73.48279,20.78817,0
                73.48217,20.78764,0
                73.48163,20.78686,0
                73.48121,20.78644,0
                73.48081,20.78587,0
                73.48049,20.78551,0
                73.47911,20.78482,0
                73.47779,20.7842,0
                73.47704,20.78256,0
                73.47706,20.78181,0
                73.47697,20.78105,0
                73.47699,20.78029,0
                73.47704,20.77911,0
                73.47713,20.77721,0
                73.47723,20.77598,0
                73.47731,20.77378,0
                73.47568,20.77346,0
                73.47486,20.77239,0
                73.47467,20.77212,0
                73.47429,20.77155,0
                73.47366,20.7709,0
                73.47245,20.77068,0
                73.47119,20.77059,0
                73.47068,20.76968,0
                73.47012,20.76968,0
                73.46918,20.76896,0
                73.46865,20.76842,0
                73.46826,20.76833,0
                73.46823,20.76832,0
                73.4682,20.76832,0
                73.46666,20.76841,0
                73.46617,20.76767,0
                73.46572,20.76742,0
                73.46525,20.76701,0
                73.46435,20.76719,0
                73.46201,20.76766,0
                73.45989,20.76813,0
                73.45849,20.76847,0
                73.45764,20.76848,0
                73.45761,20.76871,0
                73.45764,20.76912,0
                73.45764,20.76951,0
                73.45767,20.76977,0
                73.4577,20.77011,0
                73.45778,20.77035,0
                73.45786,20.77064,0
                73.45802,20.77093,0
                73.45818,20.77137,0
                73.45826,20.77173,0
                73.4584,20.77224,0
                73.45845,20.77267,0
                73.45851,20.77315,0
                73.45838,20.77394,0
                73.45836,20.77405,0
                73.45837,20.77446,0
                73.45837,20.77475,0
                73.45825,20.77545,0
                73.45825,20.77582,0
                73.45823,20.77642,0
                73.45798,20.77708,0
                73.45723,20.77767,0
                73.45695,20.77796,0
                73.45657,20.77855,0
                73.45634,20.77908,0
                73.45629,20.77932,0
                73.45603,20.77947,0
                73.45588,20.77964,0
                73.45573,20.77986,0
                73.45547,20.78006,0
                73.45465,20.78116,0
                73.45424,20.78172,0
                73.45409,20.78206,0
                73.45388,20.78233,0
                73.45376,20.7828,0
                73.45387,20.78313,0
                73.45415,20.78399,0
                73.45476,20.78452,0
                73.45501,20.78492,0
                73.45575,20.78582,0
                73.45629,20.78637,0
                73.45671,20.78686,0
                73.4571,20.78708,0
                73.45764,20.78723,0
                73.45796,20.78759,0
                73.45816,20.78791,0
                73.45869,20.78876,0
                73.45939,20.79013,0
                73.45991,20.79103,0
                73.46008,20.79157,0
                73.46063,20.79167,0
                73.46145,20.79244,0
                73.46209,20.79301,0
                73.46295,20.7938,0
                73.46393,20.79467,0
                73.46472,20.79544,0
                73.46574,20.79637,0
                73.46623,20.79694,0
                73.467,20.7977,0
                73.4673,20.79796,0
                73.46708,20.79886,0
                73.46765,20.80026,0
                73.46803,20.80092,0
                73.46803,20.80131,0
                73.46838,20.80171,0
                73.46906,20.80237,0
                73.46926,20.80239,0
                73.4697,20.80276,0
                73.46978,20.80274,0
                73.47055,20.8017,0
                73.47124,20.801,0
                73.47192,20.80031,0
                73.4727,20.79977,0
                73.47339,20.7994,0
                73.47425,20.79891,0
                73.47502,20.79866,0
                73.47584,20.79844,0
                73.47667,20.79835,0
                73.47723,20.79835,0
              </coordinates>
            </LinearRing>
          </outerBoundaryIs>
        </Polygon>
      </Placemark>
      <Placemark id="WG_ESA_2024_GJ.4">
        <name>Vaghai</name>
        <ExtendedData>
          <SchemaData schemaUrl="#WG_ESA_2024_GJ.schema">
            <SimpleData name="esa_category">whole_village</SimpleData>
            <SimpleData name="area_km2">6.272</SimpleData>
          </SchemaData>
        </ExtendedData>
        <Polygon>
          <outerBoundaryIs>
            <LinearRing>
              <coordinates>
                73.4895,20.7694,0
                73.48919,20.76845,0
                73.48906,20.76731,0
                73.48907,20.76696,0
                73.49032,20.76401,0
                73.491,20.76198,0
                73.4911,20.76148,0
                73.49113,20.75953,0
                73.49094,20.75853,0
                73.4904,20.75701,0
                73.48993,20.75586,0
                73.48941,20.75496,0
                73.48857,20.75405,0
                73.48737,20.75307,0
                73.48702,20.75264,0
                73.48534,20.75054,0
                73.48523,20.75033,0
                73.48464,20.74962,0
                73.48427,20.7493,0
                73.484,20.7491,0
                73.48329,20.74887,0
                73.4827,20.74877,0
                73.48193,20.74865,0
                73.48103,20.74861,0
                73.48017,20.74832,0
                73.47939,20.74769,0
                73.47923,20.74714,0
                73.47913,20.74664,0
                73.47913,20.74606,0
                73.47868,20.74575,0
                73.47815,20.74562,0
                73.47745,20.74559,0
                73.47663,20.74554,0
                73.47641,20.74555,0
                73.47697,20.74713,0
                73.47711,20.74744,0
                73.4776,20.74849,0
                73.47837,20.75034,0
                73.47843,20.75084,0
                73.47898,20.75196,0
                73.47938,20.75282,0
                73.47956,20.75397,0
                73.47974,20.75537,0
                73.47961,20.75563,0
                73.47905,20.75608,0
                73.47883,20.75661,0
                73.47805,20.75709,0
                73.47727,20.75749,0
                73.4759,20.75821,0
                73.47451,20.75872,0
                73.47394,20.75865,0
                73.47305,20.75913,0
                73.47252,20.75937,0
                73.47216,20.75951,0
                73.47116,20.75925,0
                73.47054,20.7591,0
                73.46979,20.75923,0
                73.4692,20.75908,0
                73.46838,20.75878,0
                73.46745,20.75858,0
                73.46655,20.75854,0
                73.46625,20.7587,0
                73.46611,20.75925,0
                73.46598,20.75963,0
                73.46612,20.75979,0
                73.46637,20.76123,0
                73.46589,20.76189,0
                73.46519,20.76283,0
                73.46491,20.76428,0
                73.46533,20.76544,0
                73.46603,20.76687,0
                73.46628,20.76747,0
                73.46818,20.76831,0
                73.46819,20.76831,0
                73.4682,20.76832,0
                73.46823,20.76832,0
                73.46826,20.76833,0
                73.46865,20.76842,0
                73.46918,20.76896,0
                73.47012,20.76968,0
                73.47068,20.76968,0
                73.47119,20.77059,0
                73.47245,20.77068,0
                73.47366,20.7709,0
                73.47429,20.77155,0
                73.47467,20.77212,0
                73.47486,20.77239,0
                73.47568,20.77346,0
                73.47731,20.77378,0
                73.47723,20.77598,0
                73.47713,20.77721,0
                73.47704,20.77911,0
                73.47699,20.78029,0
                73.47697,20.78105,0
                73.47706,20.78181,0
                73.47704,20.78256,0
                73.47779,20.7842,0
                73.47911,20.78482,0
                73.48049,20.78551,0
                73.48081,20.78587,0
                73.48121,20.78644,0
                73.48163,20.78686,0
                73.48217,20.78764,0
                73.48279,20.78817,0
                73.48336,20.78897,0
                73.48343,20.78957,0
                73.48347,20.78969,0
                73.48356,20.78994,0
                73.48374,20.79088,0
                73.48393,20.79046,0
                73.48428,20.78946,0
                73.48642,20.7872,0
                73.48715,20.78601,0
                73.48742,20.7851,0
                73.48734,20.78375,0
                73.4872,20.78238,0
                73.48721,20.78123,0
                73.48745,20.78017,0
                73.48775,20.77936,0
                73.48822,20.77852,0
                73.48868,20.77756,0
                73.48886,20.77694,0
                73.48891,20.77617,0
                73.48888,20.77554,0
                73.48885,20.77491,0
                73.48868,20.77388,0
                73.48875,20.77302,0
                73.48902,20.77233,0
                73.48942,20.77113,0
                73.48957,20.7701,0
                73.4895,20.7694,0
              </coordinates>
            </LinearRing>
          </outerBoundaryIs>
        </Polygon>
      </Placemark>
      <Placemark id="WG_ESA_2024_GJ.5">
        <name>Ambabari</name>
        <ExtendedData>
          <SchemaData schemaUrl="#WG_ESA_2024_GJ.schema">
            <SimpleData name="esa_category">whole_village</SimpleData>
            <SimpleData name="area_km2">7.314</SimpleData>
          </SchemaData>
        </ExtendedData>
        <Polygon>
          <outerBoundaryIs>
            <LinearRing>
              <coordinates>
                73.45375,20.78275,0
                73.45376,20.7828,0
                73.45388,20.78233,0
                73.45409,20.78206,0
                73.45424,20.78172,0
                73.45465,20.78116,0
                73.45547,20.78006,0
                73.45573,20.77986,0
                73.45588,20.77964,0
                73.45603,20.77947,0
                73.45629,20.77932,0
                73.45634,20.77908,0
                73.45657,20.77855,0
                73.45695,20.77796,0
                73.45723,20.77767,0
                73.45798,20.77708,0
                73.45823,20.77642,0
                73.45825,20.77582,0
                73.45825,20.77545,0
                73.45837,20.77475,0
                73.45837,20.77446,0
                73.45836,20.77405,0
                73.45838,20.77394,0
                73.45851,20.77315,0
                73.45845,20.77267,0
                73.4584,20.77224,0
                73.45826,20.77173,0
                73.45818,20.77137,0
                73.45802,20.77093,0
                73.45786,20.77064,0
                73.45778,20.77035,0
                73.4577,20.77011,0
                73.45767,20.76977,0
                73.45764,20.76951,0
                73.45764,20.76912,0
                73.45761,20.76871,0
                73.45764,20.76848,0
                73.45763,20.76848,0
                73.45744,20.76724,0
                73.4567,20.76571,0
                73.45586,20.76403,0
                73.45402,20.76345,0
                73.45148,20.76224,0
                73.45049,20.7618,0
                73.44754,20.76218,0
                73.4464,20.76182,0
                73.44473,20.76128,0
                73.44365,20.7602,0
                73.44291,20.75902,0
                73.44241,20.75861,0
                73.44158,20.75793,0
                73.44077,20.7569,0
                73.44049,20.75648,0
                73.43997,20.75561,0
                73.43943,20.75507,0
                73.4391,20.75473,0
                73.43875,20.75426,0
                73.43804,20.75433,0
                73.43697,20.75413,0
                73.4367,20.75407,0
                73.43669,20.75407,0
                73.43668,20.75407,0
                73.43624,20.75408,0
                73.43603,20.75425,0
                73.43601,20.75452,0
                73.43592,20.75492,0
                73.43541,20.75657,0
                73.43525,20.75704,0
                73.43516,20.7575,0
                73.43495,20.7581,0
                73.43452,20.75974,0
                73.43435,20.76012,0
                73.43431,20.76046,0
                73.43424,20.76095,0
                73.43413,20.76155,0
                73.43413,20.76181,0
                73.43414,20.76221,0
                73.434,20.76248,0
                73.43367,20.76304,0
                73.43228,20.76321,0
                73.43138,20.76324,0
                73.43069,20.76327,0
                73.42998,20.76328,0
                73.42929,20.76328,0
                73.42882,20.76329,0
                73.42829,20.76332,0
                73.42742,20.76337,0
                73.42629,20.76418,0
                73.42583,20.76425,0
                73.42534,20.7643,0
                73.42489,20.76433,0
                73.42439,20.76445,0
                73.42392,20.76461,0
                73.42339,20.7647,0
                73.4223,20.76473,0
                73.42239,20.76494,0
                73.42264,20.76565,0
                73.42257,20.76625,0
                73.42265,20.76652,0
                73.42287,20.76708,0
                73.42306,20.76792,0
                73.42314,20.76876,0
                73.42322,20.76929,0
                73.42311,20.77051,0
                73.42272,20.77119,0
                73.42222,20.77326,0
                73.42211,20.77443,0
                73.42226,20.77541,0
                73.42243,20.77609,0
                73.42277,20.77676,0
                73.42345,20.77775,0
                73.42383,20.77827,0
                73.42393,20.77876,0
                73.42384,20.77926,0
                73.42398,20.77923,0
                73.42446,20.77925,0
                73.42507,20.77894,0
                73.42591,20.77936,0
                73.42622,20.77964,0
                73.42654,20.78014,0
                73.42667,20.78033,0
                73.42717,20.78037,0
                73.42746,20.7801,0
                73.42851,20.78003,0
                73.42876,20.78043,0
                73.42953,20.78125,0
                73.42985,20.78157,0
                73.43169,20.78153,0
                73.4331,20.78158,0
                73.43475,20.78211,0
                73.43631,20.78214,0
                73.43721,20.78218,0
                73.43717,20.78193,0
                73.43833,20.78162,0
                73.43931,20.78143,0
                73.44012,20.7812,0
                73.44071,20.7808,0
                73.44184,20.78046,0
                73.44238,20.78005,0
                73.4428,20.77946,0
                73.44303,20.77876,0
                73.44341,20.77825,0
                73.44384,20.77773,0
                73.44477,20.77729,0
                73.44528,20.77735,0
                73.44622,20.77723,0
                73.44824,20.77666,0
                73.44966,20.77796,0
                73.45014,20.77847,0
                73.45109,20.77995,0
                73.45168,20.78097,0
                73.45251,20.78198,0
                73.45323,20.7827,0
                73.4535,20.78295,0
                73.45375,20.78275,0
              </coordinates>
            </LinearRing>
          </outerBoundaryIs>
        </Polygon>
      </Placemark>
      <Placemark id="WG_ESA_2024_GJ.6">
        <name>Khokhsa</name>
        <ExtendedData>
          <SchemaData schemaUrl="#WG_ESA_2024_GJ.schema">
            <SimpleData name="esa_category">whole_village</SimpleData>
            <SimpleData name="area_km2">3.404</SimpleData>
          </SchemaData>
        </ExtendedData>
        <Polygon>
          <outerBoundaryIs>
            <LinearRing>
              <coordinates>
                73.61846,21.11846,0
                73.62161,21.11968,0
                73.62224,21.11993,0
                73.62346,21.1204,0
                73.62482,21.12094,0
                73.62534,21.12115,0
                73.62564,21.12131,0
                73.62687,21.12199,0
                73.62695,21.12204,0
                73.6267,21.12131,0
                73.62664,21.1212,0
                73.62661,21.12115,0
                73.62638,21.12082,0
                73.62618,21.12027,0
                73.62591,21.11954,0
                73.6259,21.11903,0
                73.62593,21.11848,0
                73.62588,21.11772,0
                73.62597,21.11699,0
                73.626,21.11641,0
                73.62595,21.11568,0
                73.62594,21.11501,0
                73.62596,21.11379,0
                73.62594,21.11264,0
                73.62577,21.11161,0
                73.62574,21.1116,0
                73.62462,21.11116,0
                73.62397,21.11086,0
                73.62322,21.1106,0
                73.62267,21.11036,0
                73.62149,21.10973,0
                73.62084,21.10956,0
                73.62002,21.10923,0
                73.61911,21.10885,0
                73.61797,21.10822,0
                73.61777,21.10798,0
                73.61757,21.10749,0
                73.61782,21.10691,0
                73.61772,21.10658,0
                73.61767,21.10594,0
                73.61767,21.10574,0
                73.61718,21.10532,0
                73.6161,21.10493,0
                73.61547,21.10475,0
                73.61491,21.10454,0
                73.61459,21.10444,0
                73.61421,21.10525,0
                73.61366,21.10618,0
                73.6131,21.10706,0
                73.6126,21.10743,0
                73.61201,21.10797,0
                73.61121,21.10882,0
                73.61044,21.10953,0
                73.60967,21.11019,0
                73.60884,21.11076,0
                73.60846,21.1111,0
                73.60762,21.11135,0
                73.60658,21.11181,0
                73.60631,21.11201,0
                73.60602,21.11207,0
                73.60488,21.11242,0
                73.60351,21.11288,0
                73.60214,21.11348,0
                73.60188,21.11368,0
                73.60194,21.11413,0
                73.60216,21.11497,0
                73.60215,21.11548,0
                73.60325,21.11562,0
                73.60327,21.11612,0
                73.60332,21.11669,0
                73.60325,21.11764,0
                73.60311,21.11806,0
                73.60306,21.11884,0
                73.60314,21.11987,0
                73.60384,21.11999,0
                73.60519,21.12,0
                73.60554,21.12,0
                73.60556,21.12023,0
                73.60555,21.12065,0
                73.60545,21.12108,0
                73.60527,21.12163,0
                73.60509,21.12213,0
                73.60553,21.12217,0
                73.60625,21.12218,0
                73.60683,21.12239,0
                73.6076,21.12265,0
                73.60778,21.12279,0
                73.60826,21.12369,0
                73.60827,21.12412,0
                73.60873,21.12435,0
                73.60982,21.12518,0
                73.61054,21.12557,0
                73.61262,21.12629,0
                73.61495,21.12728,0
                73.61553,21.12739,0
                73.61566,21.12741,0
                73.61602,21.12652,0
                73.61636,21.12607,0
                73.61668,21.12564,0
                73.61741,21.12244,0
                73.61846,21.11846,0
              </coordinates>
            </LinearRing>
          </outerBoundaryIs>
        </Polygon>
      </Placemark>
      <Placemark id="WG_ESA_2024_GJ.7">
        <name>Kanji</name>
        <ExtendedData>
          <SchemaData schemaUrl="#WG_ESA_2024_GJ.schema">
            <SimpleData name="esa_category">whole_village</SimpleData>
            <SimpleData name="area_km2">12.886</SimpleData>
          </SchemaData>
        </ExtendedData>
        <Polygon>
          <outerBoundaryIs>
            <LinearRing>
              <coordinates>
                73.6515,21.10864,0
                73.6519,21.1076,0
                73.65233,21.10761,0
                73.65301,21.10762,0
                73.6534,21.10763,0
                73.65346,21.10764,0
                73.65422,21.10765,0
                73.6591,21.10788,0
                73.65911,21.10788,0
                73.6606,21.10795,0
                73.66104,21.10797,0
                73.6623,21.10805,0
                73.66352,21.10817,0
                73.66366,21.10818,0
                73.66378,21.10819,0
                73.66416,21.10817,0
                73.66419,21.10816,0
                73.66461,21.10813,0
                73.66532,21.10808,0
                73.66534,21.10808,0
                73.66565,21.1081,0
                73.66565,21.10809,0
                73.66555,21.10783,0
                73.66544,21.10703,0
                73.66538,21.10657,0
                73.66525,21.10601,0
                73.66513,21.10543,0
                73.66499,21.10493,0
                73.66484,21.10397,0
                73.66476,21.10343,0
                73.66481,21.10289,0
                73.66467,21.10167,0
                73.66461,21.10111,0
                73.66423,21.10034,0
                73.66378,21.09949,0
                73.66358,21.0991,0
                73.66311,21.09842,0
                73.66262,21.09797,0
                73.66252,21.09734,0
                73.66238,21.09686,0
                73.66222,21.09627,0
                73.66204,21.09538,0
                73.66171,21.09423,0
                73.66169,21.09382,0
                73.66159,21.0927,0
                73.66145,21.09164,0
                73.66135,21.09009,0
                73.6612,21.0887,0
                73.66037,21.08831,0
                73.65982,21.08794,0
                73.65914,21.08753,0
                73.65866,21.08718,0
                73.6578,21.08617,0
                73.65692,21.08511,0
                73.65592,21.0839,0
                73.65593,21.08346,0
                73.65577,21.08312,0
                73.65527,21.08316,0
                73.65479,21.08315,0
                73.65471,21.08283,0
                73.65447,21.08204,0
                73.6542,21.08202,0
                73.654,21.08107,0
                73.65395,21.08008,0
                73.6535,21.08006,0
                73.65304,21.08001,0
                73.65271,21.07975,0
                73.65238,21.07943,0
                73.65222,21.07889,0
                73.65192,21.07811,0
                73.65282,21.07795,0
                73.65268,21.07761,0
                73.6525,21.077,0
                73.65236,21.07644,0
                73.65161,21.07645,0
                73.65158,21.07585,0
                73.65115,21.07534,0
                73.65073,21.07527,0
                73.65011,21.07515,0
                73.64955,21.07497,0
                73.64951,21.07496,0
                73.64929,21.07458,0
                73.64881,21.07449,0
                73.64839,21.07448,0
                73.64783,21.0744,0
                73.64758,21.07458,0
                73.64727,21.0744,0
                73.64658,21.07448,0
                73.64612,21.07462,0
                73.64537,21.07475,0
                73.64542,21.07513,0
                73.64453,21.07501,0
                73.64414,21.07496,0
                73.64276,21.07508,0
                73.64282,21.0757,0
                73.64252,21.07577,0
                73.642,21.07583,0
                73.64173,21.07576,0
                73.64171,21.07549,0
                73.6417,21.07472,0
                73.641,21.07478,0
                73.64006,21.0749,0
                73.63987,21.07578,0
                73.63954,21.07586,0
                73.63968,21.07638,0
                73.63963,21.07671,0
                73.63934,21.07678,0
                73.63879,21.07724,0
                73.63843,21.07733,0
                73.63741,21.07769,0
                73.6368,21.07786,0
                73.63636,21.07773,0
                73.63574,21.07783,0
                73.63542,21.07813,0
                73.63544,21.07836,0
                73.63562,21.07868,0
                73.63594,21.07909,0
                73.63611,21.07941,0
                73.63623,21.07972,0
                73.63641,21.08008,0
                73.63637,21.08036,0
                73.63639,21.08053,0
                73.6369,21.08071,0
                73.63712,21.08085,0
                73.63748,21.08109,0
                73.638,21.08151,0
                73.63833,21.08177,0
                73.63816,21.08214,0
                73.63804,21.08244,0
                73.63785,21.08287,0
                73.63781,21.08346,0
                73.63777,21.08377,0
                73.63774,21.08422,0
                73.6377,21.08474,0
                73.63765,21.08496,0
                73.63647,21.08497,0
                73.63528,21.08494,0
                73.63472,21.08491,0
                73.63388,21.08491,0
                73.63342,21.0849,0
                73.63346,21.0855,0
                73.63346,21.08623,0
                73.63349,21.08706,0
                73.63351,21.08783,0
                73.6336,21.0882,0
                73.63364,21.08857,0
                73.63386,21.08894,0
                73.63408,21.08932,0
                73.6342,21.08955,0
                73.63429,21.09014,0
                73.63438,21.09068,0
                73.63445,21.09088,0
                73.63483,21.09142,0
                73.63505,21.09171,0
                73.63488,21.0923,0
                73.6347,21.09279,0
                73.63459,21.09319,0
                73.6345,21.0935,0
                73.63413,21.09381,0
                73.63351,21.09425,0
                73.63298,21.0946,0
                73.63274,21.09512,0
                73.63257,21.0955,0
                73.63241,21.09588,0
                73.6324,21.09643,0
                73.63249,21.09686,0
                73.63253,21.09726,0
                73.63268,21.09766,0
                73.63274,21.09842,0
                73.63277,21.09842,0
                73.63275,21.09854,0
                73.63274,21.09922,0
                73.63269,21.09974,0
                73.63267,21.10023,0
                73.63259,21.10083,0
                73.6326,21.1013,0
                73.63178,21.10412,0
                73.63196,21.10521,0
                73.63131,21.10631,0
                73.63073,21.10795,0
                73.63039,21.10793,0
                73.63013,21.10858,0
                73.6301,21.1089,0
                73.62949,21.1089,0
                73.62881,21.10959,0
                73.62834,21.10933,0
                73.62702,21.1102,0
                73.62642,21.11101,0
                73.62609,21.1113,0
                73.62574,21.1116,0
                73.62577,21.11161,0
                73.62594,21.11264,0
                73.62596,21.11379,0
                73.62594,21.11501,0
                73.62595,21.11568,0
                73.626,21.11641,0
                73.62597,21.11699,0
                73.62588,21.11772,0
                73.62593,21.11848,0
                73.6259,21.11903,0
                73.62591,21.11954,0
                73.62618,21.12027,0
                73.62638,21.12082,0
                73.62661,21.12115,0
                73.62664,21.1212,0
                73.6267,21.12131,0
                73.62695,21.12204,0
                73.6298,21.1229,0
                73.63098,21.12326,0
                73.63103,21.12328,0
                73.63183,21.12322,0
                73.63221,21.12319,0
                73.63467,21.12293,0
                73.6395,21.12253,0
                73.64071,21.12234,0
                73.64332,21.12193,0
                73.64342,21.12192,0
                73.64481,21.1216,0
                73.64556,21.12143,0
                73.64638,21.12125,0
                73.64758,21.1184,0
                73.64882,21.11571,0
                73.64882,21.1157,0
                73.65,21.11313,0
                73.65038,21.1118,0
                73.6515,21.10864,0
              </coordinates>
            </LinearRing>
          </outerBoundaryIs>
        </Polygon>
      </Placemark>
      <Placemark id="WG_ESA_2024_GJ.8">
        <name>Ekva Golan</name>
        <ExtendedData>
          <SchemaData schemaUrl="#WG_ESA_2024_GJ.schema">
            <SimpleData name="esa_category">whole_village</SimpleData>
            <SimpleData name="area_km2">16.919</SimpleData>
          </SchemaData>
        </ExtendedData>
        <Polygon>
          <outerBoundaryIs>
            <LinearRing>
              <coordinates>
                73.7295,21.09995,0
                73.72968,21.09987,0
                73.72981,21.10021,0
                73.73033,21.10155,0
                73.73037,21.10162,0
                73.731,21.10272,0
                73.73124,21.10315,0
                73.73156,21.10371,0
                73.73189,21.10427,0
                73.73198,21.10443,0
                73.73207,21.10449,0
                73.73232,21.10466,0
                73.73253,21.10475,0
                73.73276,21.10484,0
                73.73281,21.10486,0
                73.73295,21.10492,0
                73.73376,21.10538,0
                73.73407,21.10556,0
                73.73442,21.10588,0
                73.73488,21.10669,0
                73.73499,21.10686,0
                73.73572,21.10808,0
                73.73645,21.109,0
                73.73688,21.10928,0
                73.73706,21.10939,0
                73.73713,21.10944,0
                73.73835,21.10995,0
                73.73968,21.11051,0
                73.7399,21.11061,0
                73.74118,21.11216,0
                73.74137,21.11239,0
                73.74153,21.11259,0
                73.74154,21.1126,0
                73.7423,21.11358,0
                73.74316,21.11469,0
                73.74343,21.11504,0
                73.74349,21.11512,0
                73.74362,21.11515,0
                73.74376,21.11518,0
                73.74385,21.11507,0
                73.74395,21.11494,0
                73.74391,21.1149,0
                73.74372,21.11465,0
                73.74318,21.11394,0
                73.74125,21.1114,0
                73.74008,21.10949,0
                73.73976,21.10897,0
                73.73872,21.10723,0
                73.73738,21.1053,0
                73.73708,21.10487,0
                73.73668,21.1043,0
                73.73631,21.10379,0
                73.73477,21.101,0
                73.73476,21.101,0
                73.7346,21.1007,0
                73.73459,21.10069,0
                73.73442,21.1004,0
                73.73385,21.09946,0
                73.73378,21.09935,0
                73.73319,21.09864,0
                73.73315,21.09854,0
                73.73302,21.09825,0
                73.73292,21.09743,0
                73.73282,21.0966,0
                73.7317,21.09195,0
                73.73048,21.08572,0
                73.73015,21.08376,0
                73.72997,21.08267,0
                73.72994,21.08249,0
                73.72991,21.08247,0
                73.72992,21.08239,0
                73.72574,21.07914,0
                73.72484,21.07892,0
                73.7236,21.07908,0
                73.72115,21.07948,0
                73.72015,21.07949,0
                73.71867,21.07945,0
                73.71758,21.07957,0
                73.71643,21.07967,0
                73.71549,21.07971,0
                73.71591,21.079,0
                73.71623,21.07814,0
                73.71625,21.07766,0
                73.71624,21.07698,0
                73.71617,21.07632,0
                73.71606,21.0759,0
                73.71591,21.07531,0
                73.7153,21.07677,0
                73.71389,21.07799,0
                73.71309,21.07806,0
                73.71112,21.078,0
                73.70897,21.07796,0
                73.70848,21.07786,0
                73.70738,21.07762,0
                73.70636,21.07757,0
                73.7055,21.07758,0
                73.7044,21.07788,0
                73.70327,21.07814,0
                73.70268,21.07851,0
                73.70169,21.07833,0
                73.70143,21.07841,0
                73.70037,21.07761,0
                73.70037,21.07722,0
                73.70031,21.07538,0
                73.69982,21.07466,0
                73.69912,21.07354,0
                73.69798,21.07303,0
                73.69637,21.07293,0
                73.69604,21.07252,0
                73.69516,21.07174,0
                73.6947,21.07101,0
                73.69469,21.07003,0
                73.6947,21.0686,0
                73.69448,21.06774,0
                73.6942,21.06701,0
                73.69412,21.06581,0
                73.69402,21.06486,0
                73.69401,21.06428,0
                73.69346,21.06447,0
                73.69289,21.06488,0
                73.6921,21.06563,0
                73.69093,21.06648,0
                73.68961,21.06646,0
                73.68854,21.06641,0
                73.68825,21.06607,0
                73.68799,21.06521,0
                73.68773,21.0645,0
                73.68733,21.06411,0
                73.68704,21.06371,0
                73.68653,21.06304,0
                73.68637,21.06231,0
                73.6864,21.0617,0
                73.68607,21.06124,0
                73.68538,21.06021,0
                73.68487,21.05929,0
                73.6845,21.05924,0
                73.68449,21.05954,0
                73.68459,21.06098,0
                73.68447,21.06323,0
                73.68457,21.06526,0
                73.68499,21.06764,0
                73.68526,21.07032,0
                73.68568,21.07205,0
                73.68555,21.07386,0
                73.68528,21.07676,0
                73.68477,21.07851,0
                73.68378,21.07996,0
                73.68234,21.08136,0
                73.68174,21.08252,0
                73.68152,21.08375,0
                73.68163,21.086,0
                73.68166,21.08795,0
                73.68169,21.08984,0
                73.68157,21.09208,0
                73.68167,21.09382,0
                73.68209,21.09599,0
                73.68258,21.09797,0
                73.68289,21.09819,0
                73.68444,21.0986,0
                73.68568,21.09917,0
                73.68693,21.09988,0
                73.68895,21.10079,0
                73.68895,21.1008,0
                73.69197,21.10453,0
                73.69298,21.10579,0
                73.69389,21.10695,0
                73.69419,21.10733,0
                73.69493,21.10828,0
                73.69608,21.10974,0
                73.69815,21.11236,0
                73.69914,21.11361,0
                73.7008,21.11573,0
                73.70189,21.11709,0
                73.70315,21.11865,0
                73.70292,21.11736,0
                73.70286,21.11707,0
                73.70285,21.11697,0
                73.70284,21.11681,0
                73.70274,21.11488,0
                73.7028,21.1144,0
                73.70284,21.11402,0
                73.70286,21.11388,0
                73.70305,21.11233,0
                73.70329,21.1114,0
                73.70362,21.11073,0
                73.70378,21.11042,0
                73.70424,21.10974,0
                73.70469,21.10907,0
                73.70527,21.1086,0
                73.70549,21.10843,0
                73.70578,21.10837,0
                73.70605,21.10831,0
                73.70671,21.10814,0
                73.71175,21.10684,0
                73.71267,21.10661,0
                73.71408,21.10624,0
                73.71537,21.10588,0
                73.71594,21.10566,0
                73.71594,21.10565,0
                73.71757,21.10503,0
                73.7176,21.10501,0
                73.71803,21.10483,0
                73.71957,21.10418,0
                73.72491,21.10194,0
                73.72689,21.10111,0
                73.7295,21.09995,0
              </coordinates>
            </LinearRing>
          </outerBoundaryIs>
        </Polygon>
      </Placemark>
      <Placemark id="WG_ESA_2024_GJ.9">
        <name>Medha</name>
        <ExtendedData>
          <SchemaData schemaUrl="#WG_ESA_2024_GJ.schema">
            <SimpleData name="esa_category">whole_village</SimpleData>
            <SimpleData name="area_km2">15.744</SimpleData>
          </SchemaData>
        </ExtendedData>
        <Polygon>
          <outerBoundaryIs>
            <LinearRing>
              <coordinates>
                73.68174,21.08252,0
                73.68234,21.08136,0
                73.68378,21.07996,0
                73.68477,21.07851,0
                73.68528,21.07676,0
                73.68555,21.07386,0
                73.68568,21.07205,0
                73.68526,21.07032,0
                73.68499,21.06764,0
                73.68457,21.06526,0
                73.68447,21.06323,0
                73.68459,21.06098,0
                73.68449,21.05954,0
                73.6845,21.05924,0
                73.68422,21.0592,0
                73.68403,21.05823,0
                73.68372,21.05669,0
                73.68333,21.05666,0
                73.6819,21.05661,0
                73.68025,21.05646,0
                73.67915,21.05647,0
                73.67782,21.05632,0
                73.67657,21.0562,0
                73.67557,21.05621,0
                73.67393,21.0561,0
                73.67308,21.0561,0
                73.67275,21.05653,0
                73.67197,21.05634,0
                73.66907,21.05588,0
                73.66696,21.05553,0
                73.66314,21.05502,0
                73.65965,21.05462,0
                73.65709,21.05471,0
                73.65519,21.05479,0
                73.65375,21.05536,0
                73.65278,21.05679,0
                73.652,21.0576,0
                73.65218,21.05795,0
                73.65223,21.05845,0
                73.65203,21.06004,0
                73.65195,21.06125,0
                73.65188,21.06206,0
                73.6513,21.06381,0
                73.65247,21.06462,0
                73.65319,21.06528,0
                73.65292,21.066,0
                73.65248,21.06702,0
                73.65134,21.06849,0
                73.6506,21.0695,0
                73.64983,21.07041,0
                73.64915,21.07108,0
                73.64896,21.07137,0
                73.64886,21.07151,0
                73.64861,21.07184,0
                73.64826,21.07237,0
                73.64806,21.07266,0
                73.64827,21.07299,0
                73.64865,21.07336,0
                73.64899,21.07357,0
                73.64884,21.07426,0
                73.64881,21.07449,0
                73.64929,21.07458,0
                73.64951,21.07496,0
                73.64955,21.07497,0
                73.65011,21.07515,0
                73.65073,21.07527,0
                73.65115,21.07534,0
                73.65158,21.07585,0
                73.65161,21.07645,0
                73.65236,21.07644,0
                73.6525,21.077,0
                73.65268,21.07761,0
                73.65282,21.07795,0
                73.65192,21.07811,0
                73.65222,21.07889,0
                73.65238,21.07943,0
                73.65271,21.07975,0
                73.65304,21.08001,0
                73.6535,21.08006,0
                73.65395,21.08008,0
                73.654,21.08107,0
                73.6542,21.08202,0
                73.65447,21.08204,0
                73.65471,21.08283,0
                73.65479,21.08315,0
                73.65527,21.08316,0
                73.65577,21.08312,0
                73.65593,21.08346,0
                73.65592,21.0839,0
                73.65692,21.08511,0
                73.6578,21.08617,0
                73.65866,21.08718,0
                73.65914,21.08753,0
                73.65982,21.08794,0
                73.66037,21.08831,0
                73.6612,21.0887,0
                73.66135,21.09009,0
                73.66145,21.09164,0
                73.66159,21.0927,0
                73.66169,21.09382,0
                73.66171,21.09423,0
                73.66204,21.09538,0
                73.66222,21.09627,0
                73.66238,21.09686,0
                73.66252,21.09734,0
                73.66262,21.09797,0
                73.66311,21.09842,0
                73.66358,21.0991,0
                73.66378,21.09949,0
                73.66423,21.10034,0
                73.66461,21.10111,0
                73.66467,21.10167,0
                73.66481,21.10289,0
                73.66476,21.10343,0
                73.66484,21.10397,0
                73.66499,21.10493,0
                73.66513,21.10543,0
                73.66525,21.10601,0
                73.66538,21.10657,0
                73.66544,21.10703,0
                73.66555,21.10783,0
                73.66565,21.10809,0
                73.66565,21.1081,0
                73.6685,21.10825,0
                73.67027,21.10833,0
                73.67222,21.10841,0
                73.67303,21.10844,0
                73.6772,21.10856,0
                73.68106,21.10603,0
                73.68212,21.10532,0
                73.68283,21.10485,0
                73.68346,21.10443,0
                73.68671,21.10227,0
                73.68805,21.10139,0
                73.68841,21.10115,0
                73.68884,21.10087,0
                73.68895,21.10079,0
                73.68693,21.09988,0
                73.68568,21.09917,0
                73.68444,21.0986,0
                73.68289,21.09819,0
                73.68258,21.09797,0
                73.68209,21.09599,0
                73.68167,21.09382,0
                73.68157,21.09208,0
                73.68169,21.08984,0
                73.68166,21.08795,0
                73.68163,21.086,0
                73.68152,21.08375,0
                73.68174,21.08252,0
              </coordinates>
            </LinearRing>
          </outerBoundaryIs>
        </Polygon>
      </Placemark>
      <Placemark id="WG_ESA_2024_GJ.10">
        <name>Nana Tarpada</name>
        <ExtendedData>
          <SchemaData schemaUrl="#WG_ESA_2024_GJ.schema">
            <SimpleData name="esa_category">whole_village</SimpleData>
            <SimpleData name="area_km2">7.091</SimpleData>
          </SchemaData>
        </ExtendedData>
        <Polygon>
          <outerBoundaryIs>
            <LinearRing>
              <coordinates>
                73.73655,21.0775,0
                73.73621,21.0768,0
                73.73611,21.07654,0
                73.73574,21.07623,0
                73.73572,21.07622,0
                73.73571,21.07622,0
                73.73528,21.07589,0
                73.73527,21.0759,0
                73.73501,21.07535,0
                73.7349,21.07408,0
                73.7349,21.07407,0
                73.73484,21.07334,0
                73.73467,21.0726,0
                73.7345,21.07173,0
                73.73441,21.07117,0
                73.73438,21.07101,0
                73.73459,21.0702,0
                73.73516,21.0681,0
                73.73534,21.06774,0
                73.7356,21.06762,0
                73.7357,21.06758,0
                73.73595,21.06755,0
                73.73603,21.06729,0
                73.73629,21.06621,0
                73.73665,21.06449,0
                73.73667,21.0644,0
                73.73667,21.06394,0
                73.73657,21.06345,0
                73.73637,21.06293,0
                73.73618,21.06259,0
                73.73611,21.06058,0
                73.73611,21.05878,0
                73.73583,21.05839,0
                73.73491,21.05696,0
                73.73444,21.0561,0
                73.73434,21.05589,0
                73.73428,21.05547,0
                73.73429,21.05497,0
                73.73465,21.05397,0
                73.735,21.05367,0
                73.73493,21.05357,0
                73.73466,21.05344,0
                73.73442,21.05331,0
                73.73407,21.05328,0
                73.73331,21.0529,0
                73.73275,21.05249,0
                73.73237,21.05211,0
                73.73192,21.05179,0
                73.73154,21.05176,0
                73.73099,21.05186,0
                73.73027,21.05229,0
                73.72973,21.0524,0
                73.72924,21.0524,0
                73.72865,21.05202,0
                73.72824,21.0517,0
                73.72768,21.05142,0
                73.72713,21.05123,0
                73.72661,21.0513,0
                73.72617,21.0514,0
                73.72579,21.0515,0
                73.72517,21.05151,0
                73.72461,21.051,0
                73.72395,21.05043,0
                73.72374,21.05007,0
                73.72346,21.04975,0
                73.72284,21.04931,0
                73.72232,21.04915,0
                73.72108,21.04904,0
                73.71998,21.04905,0
                73.71892,21.04887,0
                73.71795,21.04888,0
                73.71744,21.04898,0
                73.71617,21.04913,0
                73.71555,21.0491,0
                73.71507,21.04911,0
                73.71441,21.04895,0
                73.71396,21.04896,0
                73.71352,21.04935,0
                73.71311,21.04965,0
                73.71215,21.04962,0
                73.71181,21.04956,0
                73.71139,21.04924,0
                73.71102,21.04918,0
                73.71106,21.04958,0
                73.71109,21.05012,0
                73.71113,21.0506,0
                73.71123,21.05125,0
                73.71175,21.05142,0
                73.71215,21.05172,0
                73.7123,21.05223,0
                73.71237,21.05274,0
                73.71238,21.0532,0
                73.71235,21.05357,0
                73.71207,21.05454,0
                73.7119,21.05541,0
                73.71203,21.05631,0
                73.7121,21.05711,0
                73.71175,21.05779,0
                73.71131,21.05868,0
                73.71117,21.05945,0
                73.71163,21.0601,0
                73.71201,21.0608,0
                73.71274,21.06159,0
                73.71314,21.06204,0
                73.71366,21.0624,0
                73.7142,21.06349,0
                73.71451,21.06437,0
                73.71498,21.06573,0
                73.71516,21.0672,0
                73.71534,21.06957,0
                73.71554,21.07085,0
                73.71559,21.0717,0
                73.71584,21.07275,0
                73.71595,21.07371,0
                73.71592,21.07475,0
                73.71591,21.07531,0
                73.71606,21.0759,0
                73.71617,21.07632,0
                73.71624,21.07698,0
                73.71625,21.07766,0
                73.71623,21.07814,0
                73.71591,21.079,0
                73.71549,21.07971,0
                73.71643,21.07967,0
                73.71758,21.07957,0
                73.71867,21.07945,0
                73.72015,21.07949,0
                73.72115,21.07948,0
                73.7236,21.07908,0
                73.72484,21.07892,0
                73.72574,21.07914,0
                73.72992,21.08239,0
                73.72991,21.08247,0
                73.72994,21.08249,0
                73.72993,21.08243,0
                73.73202,21.08163,0
                73.73283,21.08138,0
                73.73426,21.08093,0
                73.73711,21.08005,0
                73.73712,21.08005,0
                73.73714,21.08004,0
                73.73709,21.07987,0
                73.73709,21.07984,0
                73.73706,21.07974,0
                73.73706,21.07973,0
                73.73686,21.07897,0
                73.73655,21.0775,0
              </coordinates>
            </LinearRing>
          </outerBoundaryIs>
        </Polygon>
      </Placemark>
      <Placemark id="WG_ESA_2024_GJ.11">
        <name>Ojhar</name>
        <ExtendedData>
          <SchemaData schemaUrl="#WG_ESA_2024_GJ.schema">
            <SimpleData name="esa_category">whole_village</SimpleData>
            <SimpleData name="area_km2">6.334</SimpleData>
          </SchemaData>
        </ExtendedData>
        <Polygon>
          <outerBoundaryIs>
            <LinearRing>
              <coordinates>
                73.71592,21.07475,0
                73.71595,21.07371,0
                73.71584,21.07275,0
                73.71559,21.0717,0
                73.71554,21.07085,0
                73.71534,21.06957,0
                73.71516,21.0672,0
                73.71498,21.06573,0
                73.71451,21.06437,0
                73.7142,21.06349,0
                73.71366,21.0624,0
                73.71314,21.06204,0
                73.71274,21.06159,0
                73.71201,21.0608,0
                73.71163,21.0601,0
                73.71117,21.05945,0
                73.71131,21.05868,0
                73.71175,21.05779,0
                73.7121,21.05711,0
                73.71203,21.05631,0
                73.7119,21.05541,0
                73.71207,21.05454,0
                73.71235,21.05357,0
                73.71238,21.0532,0
                73.71237,21.05274,0
                73.7123,21.05223,0
                73.71215,21.05172,0
                73.71175,21.05142,0
                73.71123,21.05125,0
                73.71113,21.0506,0
                73.71109,21.05012,0
                73.71106,21.04958,0
                73.71102,21.04918,0
                73.71049,21.04887,0
                73.70984,21.04881,0
                73.70928,21.04882,0
                73.70849,21.04883,0
                73.70735,21.04852,0
                73.70698,21.04849,0
                73.70703,21.04827,0
                73.7066,21.04816,0
                73.70604,21.04794,0
                73.70517,21.04771,0
                73.70437,21.04778,0
                73.70363,21.04785,0
                73.70258,21.04797,0
                73.70136,21.04834,0
                73.70056,21.04863,0
                73.69958,21.04893,0
                73.69909,21.04923,0
                73.69786,21.04959,0
                73.69681,21.04983,0
                73.69571,21.05014,0
                73.69472,21.05038,0
                73.69367,21.05039,0
                73.69312,21.0504,0
                73.69189,21.05047,0
                73.69091,21.05077,0
                73.69101,21.0511,0
                73.69057,21.05238,0
                73.68928,21.05212,0
                73.68883,21.05313,0
                73.68831,21.05414,0
                73.68807,21.05508,0
                73.68904,21.05558,0
                73.68983,21.05557,0
                73.6904,21.05559,0
                73.69083,21.05603,0
                73.69117,21.05669,0
                73.69157,21.05753,0
                73.69198,21.05843,0
                73.69281,21.05925,0
                73.69394,21.06062,0
                73.69398,21.06112,0
                73.69379,21.06266,0
                73.69387,21.0635,0
                73.69401,21.06428,0
                73.69402,21.06486,0
                73.69412,21.06581,0
                73.6942,21.06701,0
                73.69448,21.06774,0
                73.6947,21.0686,0
                73.69469,21.07003,0
                73.6947,21.07101,0
                73.69516,21.07174,0
                73.69604,21.07252,0
                73.69637,21.07293,0
                73.69798,21.07303,0
                73.69912,21.07354,0
                73.69982,21.07466,0
                73.70031,21.07538,0
                73.70037,21.07722,0
                73.70037,21.07761,0
                73.70143,21.07841,0
                73.70169,21.07833,0
                73.70268,21.07851,0
                73.70327,21.07814,0
                73.7044,21.07788,0
                73.7055,21.07758,0
                73.70636,21.07757,0
                73.70738,21.07762,0
                73.70848,21.07786,0
                73.70897,21.07796,0
                73.71112,21.078,0
                73.71309,21.07806,0
                73.71389,21.07799,0
                73.7153,21.07677,0
                73.71591,21.07531,0
                73.71592,21.07475,0
              </coordinates>
            </LinearRing>
          </outerBoundaryIs>
        </Polygon>
      </Placemark>
      <Placemark id="WG_ESA_2024_GJ.12">
        <name>Bharadada</name>
        <ExtendedData>
          <SchemaData schemaUrl="#WG_ESA_2024_GJ.schema">
            <SimpleData name="esa_category">whole_village</SimpleData>
            <SimpleData name="area_km2">3.834</SimpleData>
          </SchemaData>
        </ExtendedData>
        <Polygon>
          <outerBoundaryIs>
            <LinearRing>
              <coordinates>
                73.62962,21.07368,0
                73.63015,21.07389,0
                73.6301,21.07337,0
                73.63038,21.07319,0
                73.63045,21.07279,0
                73.63077,21.07275,0
                73.63063,21.07149,0
                73.63099,21.06995,0
                73.6311,21.06932,0
                73.63184,21.06927,0
                73.63183,21.06865,0
                73.632,21.06817,0
                73.63188,21.06761,0
                73.63189,21.06641,0
                73.63202,21.06563,0
                73.63249,21.06542,0
                73.63323,21.06517,0
                73.63361,21.06503,0
                73.63401,21.06484,0
                73.63435,21.06464,0
                73.63456,21.06452,0
                73.63486,21.06443,0
                73.63511,21.06439,0
                73.63555,21.06361,0
                73.6359,21.06308,0
                73.63615,21.06246,0
                73.63623,21.06192,0
                73.63622,21.06126,0
                73.63623,21.06047,0
                73.63626,21.05969,0
                73.63622,21.05859,0
                73.63597,21.05723,0
                73.63582,21.05586,0
                73.63582,21.05584,0
                73.63584,21.05558,0
                73.63615,21.05481,0
                73.63596,21.05476,0
                73.63566,21.05468,0
                73.63519,21.05455,0
                73.63418,21.05428,0
                73.63335,21.05405,0
                73.63273,21.05391,0
                73.6312,21.05375,0
                73.62992,21.0537,0
                73.62928,21.05367,0
                73.62748,21.05301,0
                73.62654,21.05264,0
                73.62553,21.05217,0
                73.6252,21.05126,0
                73.62406,21.05035,0
                73.6232,21.0513,0
                73.6227,21.0519,0
                73.62159,21.05303,0
                73.62087,21.05372,0
                73.6205,21.05402,0
                73.61945,21.05406,0
                73.61771,21.05413,0
                73.61684,21.05422,0
                73.61618,21.05428,0
                73.61505,21.05439,0
                73.61418,21.05448,0
                73.61401,21.05464,0
                73.61329,21.05459,0
                73.61273,21.05599,0
                73.61345,21.05675,0
                73.61411,21.05718,0
                73.61465,21.05753,0
                73.61546,21.05766,0
                73.61584,21.05766,0
                73.61655,21.05777,0
                73.61693,21.05789,0
                73.61692,21.05833,0
                73.61673,21.05859,0
                73.61661,21.05913,0
                73.61658,21.06034,0
                73.6166,21.06134,0
                73.61659,21.06227,0
                73.61651,21.06297,0
                73.61644,21.06412,0
                73.61639,21.06504,0
                73.6164,21.06554,0
                73.61638,21.06574,0
                73.61706,21.06583,0
                73.61719,21.06605,0
                73.61726,21.06651,0
                73.61734,21.06711,0
                73.61745,21.06731,0
                73.61833,21.06788,0
                73.61885,21.06818,0
                73.61928,21.06846,0
                73.61943,21.06861,0
                73.61941,21.06889,0
                73.61975,21.06915,0
                73.62008,21.06949,0
                73.62023,21.06982,0
                73.62058,21.07014,0
                73.62105,21.07045,0
                73.62131,21.07061,0
                73.62119,21.07113,0
                73.62117,21.07149,0
                73.62111,21.07197,0
                73.6211,21.07251,0
                73.62105,21.07335,0
                73.62095,21.07393,0
                73.62096,21.07411,0
                73.6216,21.07412,0
                73.62201,21.07428,0
                73.62228,21.07415,0
                73.62249,21.07407,0
                73.62294,21.07387,0
                73.62355,21.07372,0
                73.62389,21.07352,0
                73.62479,21.07377,0
                73.62584,21.07418,0
                73.62639,21.07441,0
                73.62718,21.0747,0
                73.62793,21.07503,0
                73.62819,21.07511,0
                73.62846,21.07503,0
                73.62912,21.07484,0
                73.62933,21.0742,0
                73.62962,21.07368,0
              </coordinates>
            </LinearRing>
          </outerBoundaryIs>
        </Polygon>
      </Placemark>
      <Placemark id="WG_ESA_2024_GJ.13">
        <name>Hindla</name>
        <ExtendedData>
          <SchemaData schemaUrl="#WG_ESA_2024_GJ.schema">
            <SimpleData name="esa_category">whole_village</SimpleData>
            <SimpleData name="area_km2">2.661</SimpleData>
          </SchemaData>
        </ExtendedData>
        <Polygon>
          <outerBoundaryIs>
            <LinearRing>
              <coordinates>
                73.69387,21.0635,0
                73.69379,21.06266,0
                73.69398,21.06112,0
                73.69394,21.06062,0
                73.69281,21.05925,0
                73.69198,21.05843,0
                73.69157,21.05753,0
                73.69117,21.05669,0
                73.69083,21.05603,0
                73.6904,21.05559,0
                73.68983,21.05557,0
                73.68904,21.05558,0
                73.68807,21.05508,0
                73.68831,21.05414,0
                73.68883,21.05313,0
                73.68928,21.05212,0
                73.69057,21.05238,0
                73.69101,21.0511,0
                73.69091,21.05077,0
                73.69032,21.05037,0
                73.68975,21.05007,0
                73.68928,21.04978,0
                73.6887,21.04935,0
                73.68809,21.04882,0
                73.68769,21.04855,0
                73.68715,21.04829,0
                73.68661,21.0482,0
                73.68597,21.04831,0
                73.68519,21.04852,0
                73.6848,21.04865,0
                73.68416,21.04856,0
                73.68337,21.04823,0
                73.68275,21.04791,0
                73.68215,21.04691,0
                73.68189,21.046,0
                73.68156,21.0452,0
                73.68119,21.0445,0
                73.68083,21.04397,0
                73.68035,21.04334,0
                73.67977,21.04278,0
                73.67895,21.04242,0
                73.67837,21.04219,0
                73.67809,21.04213,0
                73.67741,21.04187,0
                73.67654,21.04144,0
                73.67561,21.04105,0
                73.67507,21.04089,0
                73.67497,21.04116,0
                73.67483,21.04153,0
                73.67487,21.04216,0
                73.67499,21.0426,0
                73.67521,21.04313,0
                73.67568,21.04366,0
                73.67576,21.04396,0
                73.67616,21.04439,0
                73.67606,21.04483,0
                73.67599,21.04523,0
                73.67617,21.04563,0
                73.67632,21.04593,0
                73.67583,21.04624,0
                73.67561,21.04591,0
                73.6754,21.04614,0
                73.67511,21.04628,0
                73.67479,21.04632,0
                73.67433,21.04649,0
                73.6738,21.0466,0
                73.67322,21.04654,0
                73.67312,21.04674,0
                73.67299,21.04788,0
                73.67293,21.04867,0
                73.67291,21.0494,0
                73.67252,21.04991,0
                73.67221,21.05035,0
                73.67189,21.05072,0
                73.67268,21.05095,0
                73.67318,21.05118,0
                73.67359,21.05201,0
                73.67392,21.05264,0
                73.67421,21.05311,0
                73.67437,21.05388,0
                73.67431,21.05468,0
                73.67442,21.05519,0
                73.67368,21.05566,0
                73.67329,21.05583,0
                73.67308,21.0561,0
                73.67393,21.0561,0
                73.67557,21.05621,0
                73.67657,21.0562,0
                73.67782,21.05632,0
                73.67915,21.05647,0
                73.68025,21.05646,0
                73.6819,21.05661,0
                73.68333,21.05666,0
                73.68372,21.05669,0
                73.68403,21.05823,0
                73.68422,21.0592,0
                73.6845,21.05924,0
                73.68487,21.05929,0
                73.68538,21.06021,0
                73.68607,21.06124,0
                73.6864,21.0617,0
                73.68637,21.06231,0
                73.68653,21.06304,0
                73.68704,21.06371,0
                73.68733,21.06411,0
                73.68773,21.0645,0
                73.68799,21.06521,0
                73.68825,21.06607,0
                73.68854,21.06641,0
                73.68961,21.06646,0
                73.69093,21.06648,0
                73.6921,21.06563,0
                73.69289,21.06488,0
                73.69346,21.06447,0
                73.69401,21.06428,0
                73.69387,21.0635,0
              </coordinates>
            </LinearRing>
          </outerBoundaryIs>
        </Polygon>
      </Placemark>
      <Placemark id="WG_ESA_2024_GJ.14">
        <name>Khadi</name>
        <ExtendedData>
          <SchemaData schemaUrl="#WG_ESA_2024_GJ.schema">
            <SimpleData name="esa_category">whole_village</SimpleData>
            <SimpleData name="area_km2">6.174</SimpleData>
          </SchemaData>
        </ExtendedData>
        <Polygon>
          <outerBoundaryIs>
            <LinearRing>
              <coordinates>
                73.65965,21.05462,0
                73.66314,21.05502,0
                73.66696,21.05553,0
                73.66907,21.05588,0
                73.67197,21.05634,0
                73.67275,21.05653,0
                73.67308,21.0561,0
                73.67329,21.05583,0
                73.67368,21.05566,0
                73.67442,21.05519,0
                73.67431,21.05468,0
                73.67437,21.05388,0
                73.67421,21.05311,0
                73.67392,21.05264,0
                73.67359,21.05201,0
                73.67318,21.05118,0
                73.67268,21.05095,0
                73.67189,21.05072,0
                73.67221,21.05035,0
                73.67252,21.04991,0
                73.67291,21.0494,0
                73.67293,21.04867,0
                73.67299,21.04788,0
                73.67312,21.04674,0
                73.67322,21.04654,0
                73.6738,21.0466,0
                73.67433,21.04649,0
                73.67479,21.04632,0
                73.67511,21.04628,0
                73.6754,21.04614,0
                73.67561,21.04591,0
                73.67583,21.04624,0
                73.67632,21.04593,0
                73.67617,21.04563,0
                73.67599,21.04523,0
                73.67606,21.04483,0
                73.67616,21.04439,0
                73.67576,21.04396,0
                73.67568,21.04366,0
                73.67521,21.04313,0
                73.67499,21.0426,0
                73.67487,21.04216,0
                73.67483,21.04153,0
                73.67497,21.04116,0
                73.67507,21.04089,0
                73.67489,21.04055,0
                73.67404,21.04043,0
                73.6735,21.04022,0
                73.67249,21.04004,0
                73.67205,21.0399,0
                73.67181,21.03982,0
                73.67127,21.03967,0
                73.6707,21.03949,0
                73.66999,21.03937,0
                73.66925,21.03935,0
                73.66858,21.03923,0
                73.66766,21.03905,0
                73.66668,21.03871,0
                73.66597,21.03847,0
                73.66526,21.03819,0
                73.66476,21.03807,0
                73.66431,21.03763,0
                73.6637,21.03729,0
                73.66306,21.03689,0
                73.66232,21.03683,0
                73.66165,21.03712,0
                73.66077,21.03755,0
                73.66055,21.03811,0
                73.65917,21.03883,0
                73.65798,21.03918,0
                73.6559,21.0402,0
                73.65529,21.04129,0
                73.65483,21.04252,0
                73.65396,21.04264,0
                73.65297,21.04254,0
                73.65222,21.04266,0
                73.65092,21.04282,0
                73.64961,21.04298,0
                73.64819,21.04289,0
                73.64652,21.04275,0
                73.6453,21.04262,0
                73.64415,21.04248,0
                73.64264,21.0422,0
                73.64192,21.04173,0
                73.64144,21.04136,0
                73.64041,21.04115,0
                73.63898,21.04091,0
                73.63748,21.04084,0
                73.63742,21.04084,0
                73.63734,21.04123,0
                73.63721,21.04187,0
                73.63709,21.04279,0
                73.6369,21.0436,0
                73.63667,21.04474,0
                73.63657,21.04546,0
                73.63637,21.04639,0
                73.63613,21.0472,0
                73.63646,21.04781,0
                73.63645,21.04816,0
                73.63637,21.04872,0
                73.63629,21.04975,0
                73.6362,21.05104,0
                73.63613,21.05187,0
                73.63607,21.0529,0
                73.63599,21.05407,0
                73.63596,21.05476,0
                73.63615,21.05481,0
                73.63584,21.05558,0
                73.63638,21.05512,0
                73.63776,21.0548,0
                73.63933,21.05423,0
                73.64215,21.05376,0
                73.64479,21.05448,0
                73.64618,21.05526,0
                73.6487,21.05579,0
                73.65009,21.05645,0
                73.652,21.0576,0
                73.65278,21.05679,0
                73.65375,21.05536,0
                73.65519,21.05479,0
                73.65709,21.05471,0
                73.65965,21.05462,0
              </coordinates>
            </LinearRing>
          </outerBoundaryIs>
        </Polygon>
      </Placemark>
      <Placemark id="WG_ESA_2024_GJ.15">
        <name>Temka</name>
        <ExtendedData>
          <SchemaData schemaUrl="#WG_ESA_2024_GJ.schema">
            <SimpleData name="esa_category">whole_village</SimpleData>
            <SimpleData name="area_km2">2.203</SimpleData>
          </SchemaData>
        </ExtendedData>
        <Polygon>
          <outerBoundaryIs>
            <LinearRing>
              <coordinates>
                73.62379,21.04992,0
                73.62307,21.04912,0
                73.62216,21.04842,0
                73.62168,21.04801,0
                73.62072,21.04689,0
                73.62008,21.04598,0
                73.61956,21.0452,0
                73.6192,21.04458,0
                73.61894,21.0441,0
                73.61911,21.04273,0
                73.61939,21.04121,0
                73.61953,21.04063,0
                73.61937,21.04038,0
                73.61913,21.04003,0
                73.61872,21.03951,0
                73.61844,21.03901,0
                73.61811,21.03874,0
                73.6176,21.03858,0
                73.61708,21.0384,0
                73.6165,21.03817,0
                73.61628,21.03816,0
                73.61569,21.03811,0
                73.61508,21.03796,0
                73.61461,21.03814,0
                73.61443,21.03803,0
                73.61392,21.03804,0
                73.61284,21.03805,0
                73.61227,21.03807,0
                73.61131,21.0381,0
                73.61055,21.03807,0
                73.61049,21.03771,0
                73.61004,21.03772,0
                73.60965,21.03772,0
                73.60935,21.03772,0
                73.60931,21.03819,0
                73.6093,21.03862,0
                73.60901,21.03854,0
                73.609,21.03882,0
                73.60911,21.0392,0
                73.60917,21.03969,0
                73.60923,21.04032,0
                73.6092,21.04121,0
                73.60848,21.04127,0
                73.60822,21.04128,0
                73.60774,21.04134,0
                73.60732,21.04143,0
                73.607,21.04157,0
                73.6071,21.04208,0
                73.6071,21.04244,0
                73.60706,21.04278,0
                73.60698,21.04316,0
                73.6069,21.04332,0
                73.60708,21.04421,0
                73.60722,21.0449,0
                73.60738,21.04525,0
                73.60739,21.04555,0
                73.6076,21.0457,0
                73.60763,21.04594,0
                73.60759,21.04614,0
                73.60765,21.04662,0
                73.60767,21.04689,0
                73.60786,21.0472,0
                73.60801,21.04782,0
                73.60807,21.04815,0
                73.6081,21.04839,0
                73.60813,21.04877,0
                73.60793,21.04897,0
                73.60778,21.04914,0
                73.60767,21.04936,0
                73.60767,21.05011,0
                73.6076,21.05067,0
                73.60761,21.0509,0
                73.60784,21.051,0
                73.60805,21.05093,0
                73.60828,21.05091,0
                73.60861,21.05116,0
                73.60884,21.05122,0
                73.60904,21.05127,0
                73.6092,21.05139,0
                73.6092,21.0517,0
                73.60923,21.05217,0
                73.60932,21.0524,0
                73.60976,21.05288,0
                73.60975,21.05242,0
                73.61069,21.05315,0
                73.61136,21.05358,0
                73.61211,21.05405,0
                73.61273,21.05433,0
                73.61304,21.05447,0
                73.61329,21.05459,0
                73.61401,21.05464,0
                73.61418,21.05448,0
                73.61505,21.05439,0
                73.61618,21.05428,0
                73.61684,21.05422,0
                73.61771,21.05413,0
                73.61945,21.05406,0
                73.6205,21.05402,0
                73.62087,21.05372,0
                73.62159,21.05303,0
                73.6227,21.0519,0
                73.6232,21.0513,0
                73.62406,21.05035,0
                73.62379,21.04992,0
              </coordinates>
            </LinearRing>
          </outerBoundaryIs>
        </Polygon>
      </Placemark>
      <Placemark id="WG_ESA_2024_GJ.16">
        <name>Dardi</name>
        <ExtendedData>
          <SchemaData schemaUrl="#WG_ESA_2024_GJ.schema">
            <SimpleData name="esa_category">whole_village</SimpleData>
            <SimpleData name="area_km2">2.854</SimpleData>
          </SchemaData>
        </ExtendedData>
        <Polygon>
          <outerBoundaryIs>
            <LinearRing>
              <coordinates>
                73.62293,21.03382,0
                73.62279,21.03437,0
                73.6227,21.03532,0
                73.62262,21.03591,0
                73.62242,21.03696,0
                73.6223,21.03716,0
                73.62202,21.03749,0
                73.62158,21.03816,0
                73.62129,21.03864,0
                73.62057,21.03948,0
                73.61992,21.0402,0
                73.61953,21.04063,0
                73.61939,21.04121,0
                73.61911,21.04273,0
                73.61894,21.0441,0
                73.6192,21.04458,0
                73.61956,21.0452,0
                73.62008,21.04598,0
                73.62072,21.04689,0
                73.62168,21.04801,0
                73.62216,21.04842,0
                73.62307,21.04912,0
                73.62379,21.04992,0
                73.62406,21.05035,0
                73.6252,21.05126,0
                73.62553,21.05217,0
                73.62654,21.05264,0
                73.62748,21.05301,0
                73.62928,21.05367,0
                73.62992,21.0537,0
                73.6312,21.05375,0
                73.63273,21.05391,0
                73.63335,21.05405,0
                73.63418,21.05428,0
                73.63519,21.05455,0
                73.63566,21.05468,0
                73.63596,21.05476,0
                73.63599,21.05407,0
                73.63607,21.0529,0
                73.63613,21.05187,0
                73.6362,21.05104,0
                73.63629,21.04975,0
                73.63637,21.04872,0
                73.63645,21.04816,0
                73.63646,21.04781,0
                73.63613,21.0472,0
                73.63637,21.04639,0
                73.63657,21.04546,0
                73.63667,21.04474,0
                73.6369,21.0436,0
                73.63709,21.04279,0
                73.63721,21.04187,0
                73.63734,21.04123,0
                73.63742,21.04084,0
                73.63659,21.04032,0
                73.63629,21.04013,0
                73.63536,21.03961,0
                73.63451,21.03899,0
                73.6338,21.03838,0
                73.63313,21.03802,0
                73.63249,21.03773,0
                73.63176,21.03734,0
                73.63105,21.03699,0
                73.63028,21.03679,0
                73.62934,21.03616,0
                73.62859,21.03567,0
                73.62783,21.03524,0
                73.6271,21.03491,0
                73.62582,21.03436,0
                73.62541,21.03415,0
                73.62501,21.03408,0
                73.62459,21.03406,0
                73.62381,21.03394,0
                73.62334,21.03386,0
                73.62293,21.03382,0
              </coordinates>
            </LinearRing>
          </outerBoundaryIs>
        </Polygon>
      </Placemark>
      <Placemark id="WG_ESA_2024_GJ.17">
        <name>Seljhar</name>
        <ExtendedData>
          <SchemaData schemaUrl="#WG_ESA_2024_GJ.schema">
            <SimpleData name="esa_category">whole_village</SimpleData>
            <SimpleData name="area_km2">2.83</SimpleData>
          </SchemaData>
        </ExtendedData>
        <Polygon>
          <outerBoundaryIs>
            <LinearRing>
              <coordinates>
                73.65049,21.02799,0
                73.65232,21.02827,0
                73.65263,21.02796,0
                73.65379,21.02784,0
                73.65494,21.02757,0
                73.65596,21.02726,0
                73.65719,21.02721,0
                73.65947,21.02689,0
                73.66098,21.02672,0
                73.66164,21.02683,0
                73.66206,21.02641,0
                73.66243,21.02603,0
                73.66242,21.0253,0
                73.66218,21.02444,0
                73.66209,21.02404,0
                73.66208,21.02337,0
                73.66213,21.02288,0
                73.66212,21.02223,0
                73.66211,21.02172,0
                73.66204,21.02092,0
                73.66194,21.0198,0
                73.66205,21.01931,0
                73.66204,21.01883,0
                73.66238,21.01829,0
                73.66254,21.01796,0
                73.66256,21.01734,0
                73.66253,21.01678,0
                73.66223,21.01632,0
                73.66197,21.01557,0
                73.66187,21.01514,0
                73.66184,21.01463,0
                73.66183,21.01417,0
                73.6619,21.0119,0
                73.66191,21.01149,0
                73.66184,21.01095,0
                73.66177,21.01015,0
                73.66177,21.01007,0
                73.66177,21.00974,0
                73.6615,21.0088,0
                73.66149,21.00838,0
                73.66149,21.00835,0
                73.6615,21.00834,0
                73.66163,21.00756,0
                73.66077,21.00758,0
                73.66019,21.00767,0
                73.65959,21.00715,0
                73.659,21.00682,0
                73.65848,21.00667,0
                73.65812,21.0065,0
                73.65756,21.00645,0
                73.65601,21.00632,0
                73.655,21.00604,0
                73.65365,21.00477,0
                73.65344,21.00533,0
                73.65307,21.00587,0
                73.65274,21.007,0
                73.65253,21.0073,0
                73.65231,21.00776,0
                73.6523,21.00829,0
                73.6523,21.00867,0
                73.65236,21.00909,0
                73.65249,21.00945,0
                73.65257,21.0098,0
                73.65264,21.01019,0
                73.6524,21.01173,0
                73.65239,21.01199,0
                73.65237,21.01239,0
                73.65234,21.01277,0
                73.6521,21.01324,0
                73.6518,21.01402,0
                73.6516,21.01438,0
                73.65138,21.01506,0
                73.65137,21.01537,0
                73.65128,21.01586,0
                73.65121,21.01628,0
                73.65078,21.01757,0
                73.64989,21.01848,0
                73.64932,21.01905,0
                73.64826,21.01986,0
                73.64806,21.02,0
                73.64765,21.02059,0
                73.64755,21.02193,0
                73.64741,21.02264,0
                73.64702,21.02324,0
                73.647,21.02364,0
                73.64657,21.02384,0
                73.64632,21.02484,0
                73.64618,21.02555,0
                73.64631,21.02657,0
                73.64656,21.02723,0
                73.64658,21.02788,0
                73.64677,21.02788,0
                73.64876,21.02834,0
                73.64986,21.02811,0
                73.65049,21.02799,0
              </coordinates>
            </LinearRing>
          </outerBoundaryIs>
        </Polygon>
      </Placemark>
      <Placemark id="WG_ESA_2024_GJ.18">
        <name>Kapad Bandh</name>
        <ExtendedData>
          <SchemaData schemaUrl="#WG_ESA_2024_GJ.schema">
            <SimpleData name="esa_category">whole_village</SimpleData>
            <SimpleData name="area_km2">12.944</SimpleData>
          </SchemaData>
        </ExtendedData>
        <Polygon>
          <outerBoundaryIs>
            <LinearRing>
              <coordinates>
                73.63956,21.01866,0
                73.64053,21.01885,0
                73.64199,21.0192,0
                73.64318,21.01956,0
                73.64473,21.01991,0
                73.6458,21.02033,0
                73.64616,21.02044,0
                73.64758,21.02008,0
                73.64806,21.01999,0
                73.64826,21.01986,0
                73.64932,21.01905,0
                73.64989,21.01848,0
                73.65078,21.01757,0
                73.65121,21.01628,0
                73.65128,21.01586,0
                73.65137,21.01537,0
                73.65138,21.01506,0
                73.6516,21.01438,0
                73.6518,21.01402,0
                73.6521,21.01324,0
                73.65234,21.01277,0
                73.65237,21.01239,0
                73.65239,21.01199,0
                73.6524,21.01173,0
                73.65264,21.01019,0
                73.65257,21.0098,0
                73.65249,21.00945,0
                73.65236,21.00909,0
                73.6523,21.00867,0
                73.6523,21.00829,0
                73.65231,21.00776,0
                73.65253,21.0073,0
                73.65274,21.007,0
                73.65307,21.00587,0
                73.65344,21.00533,0
                73.65365,21.00477,0
                73.65364,21.00477,0
                73.65354,21.00468,0
                73.65282,21.00371,0
                73.65199,21.00252,0
                73.65076,21.00067,0
                73.65105,21,0
                73.65117,20.99978,0
                73.65177,20.99911,0
                73.65222,20.99843,0
                73.65244,20.99808,0
                73.65218,20.99706,0
                73.65204,20.99621,0
                73.65216,20.99576,0
                73.65283,20.99382,0
                73.65267,20.99346,0
                73.65212,20.99186,0
                73.65183,20.99141,0
                73.65118,20.99074,0
                73.65047,20.99043,0
                73.64992,20.99112,0
                73.64948,20.99136,0
                73.64926,20.99142,0
                73.64878,20.99154,0
                73.64811,20.9915,0
                73.6471,20.99138,0
                73.64624,20.99099,0
                73.64567,20.99053,0
                73.64515,20.98982,0
                73.64498,20.98922,0
                73.64487,20.98865,0
                73.64487,20.98859,0
                73.64481,20.98796,0
                73.64489,20.98714,0
                73.64507,20.9866,0
                73.64558,20.98578,0
                73.64567,20.98562,0
                73.64614,20.98463,0
                73.64617,20.98371,0
                73.64608,20.98286,0
                73.64589,20.9818,0
                73.64551,20.98096,0
                73.64474,20.97943,0
                73.64435,20.97876,0
                73.64418,20.97847,0
                73.64319,20.97765,0
                73.64254,20.97738,0
                73.64154,20.97708,0
                73.64049,20.97695,0
                73.63972,20.97649,0
                73.63919,20.97619,0
                73.63871,20.97591,0
                73.63784,20.97534,0
                73.63783,20.97533,0
                73.63694,20.97514,0
                73.63581,20.97533,0
                73.63559,20.97537,0
                73.63494,20.9756,0
                73.63419,20.97606,0
                73.63248,20.97685,0
                73.63055,20.9777,0
                73.62961,20.97827,0
                73.62892,20.97892,0
                73.62815,20.98046,0
                73.6279,20.98083,0
                73.62736,20.98165,0
                73.62719,20.9819,0
                73.62642,20.98279,0
                73.62548,20.98349,0
                73.62446,20.98429,0
                73.62359,20.98512,0
                73.62324,20.98564,0
                73.6227,20.98682,0
                73.62234,20.98769,0
                73.62194,20.98881,0
                73.62125,20.99014,0
                73.62027,20.99088,0
                73.61924,20.99131,0
                73.61703,20.99189,0
                73.61586,20.99204,0
                73.61384,20.99231,0
                73.61327,20.99246,0
                73.61328,20.99247,0
                73.61331,20.99259,0
                73.61338,20.99278,0
                73.61343,20.9929,0
                73.61433,20.9941,0
                73.6145,20.99426,0
                73.61468,20.99439,0
                73.61505,20.99456,0
                73.6153,20.99467,0
                73.61551,20.99484,0
                73.61573,20.99499,0
                73.61591,20.9952,0
                73.61613,20.99531,0
                73.61637,20.99541,0
                73.61666,20.99553,0
                73.61697,20.99558,0
                73.61741,20.99583,0
                73.61814,20.99625,0
                73.61851,20.99684,0
                73.61868,20.99703,0
                73.61914,20.99747,0
                73.61944,20.99794,0
                73.62003,20.99899,0
                73.62028,20.99946,0
                73.62054,20.99995,0
                73.62095,21.00087,0
                73.62101,21.00155,0
                73.62115,21.00196,0
                73.62148,21.00221,0
                73.62174,21.00257,0
                73.62261,21.00359,0
                73.62334,21.00442,0
                73.62387,21.00569,0
                73.624,21.00612,0
                73.6241,21.00649,0
                73.62411,21.00692,0
                73.62411,21.00719,0
                73.62409,21.00751,0
                73.62427,21.00808,0
                73.62457,21.00948,0
                73.6241,21.01038,0
                73.62409,21.01127,0
                73.62415,21.01169,0
                73.62454,21.01224,0
                73.62497,21.01284,0
                73.62513,21.01359,0
                73.62515,21.01483,0
                73.62512,21.01506,0
                73.62511,21.01579,0
                73.62526,21.01624,0
                73.62561,21.01697,0
                73.62638,21.01767,0
                73.62699,21.01843,0
                73.62733,21.01894,0
                73.62856,21.01989,0
                73.62926,21.02056,0
                73.62982,21.02107,0
                73.6307,21.0216,0
                73.63171,21.02213,0
                73.63338,21.02248,0
                73.63413,21.02247,0
                73.63477,21.02247,0
                73.63568,21.0224,0
                73.63695,21.02227,0
                73.63758,21.02215,0
                73.63787,21.02202,0
                73.63842,21.02177,0
                73.6385,21.02115,0
                73.63843,21.02032,0
                73.63814,21.0193,0
                73.63808,21.01868,0
                73.63956,21.01866,0
              </coordinates>
            </LinearRing>
          </outerBoundaryIs>
        </Polygon>
      </Placemark>
      <Placemark id="WG_ESA_2024_GJ.19">
        <name>Jharanpada</name>
        <ExtendedData>
          <SchemaData schemaUrl="#WG_ESA_2024_GJ.schema">
            <SimpleData name="esa_category">whole_village</SimpleData>
            <SimpleData name="area_km2">4.99</SimpleData>
          </SchemaData>
        </ExtendedData>
        <Polygon>
          <outerBoundaryIs>
            <LinearRing>
              <coordinates>
                73.6629,21.15518,0
                73.66359,21.15456,0
                73.6643,21.15391,0
                73.66424,21.15327,0
                73.66424,21.15325,0
                73.66416,21.15186,0
                73.66436,21.15098,0
                73.66462,21.15026,0
                73.66466,21.15015,0
                73.66471,21.1499,0
                73.66485,21.14919,0
                73.66494,21.1473,0
                73.66468,21.14724,0
                73.66402,21.14709,0
                73.66301,21.14691,0
                73.66245,21.14681,0
                73.65978,21.14633,0
                73.6586,21.14606,0
                73.65752,21.14585,0
                73.65734,21.14575,0
                73.65647,21.14534,0
                73.65598,21.14497,0
                73.65508,21.14431,0
                73.65306,21.14347,0
                73.65295,21.14343,0
                73.6492,21.14208,0
                73.64911,21.14204,0
                73.64762,21.14137,0
                73.64741,21.14127,0
                73.64386,21.13973,0
                73.64376,21.1397,0
                73.64336,21.13957,0
                73.64275,21.13963,0
                73.6392,21.14015,0
                73.63917,21.14015,0
                73.63915,21.14016,0
                73.6378,21.14037,0
                73.63702,21.14049,0
                73.63464,21.14088,0
                73.63291,21.14143,0
                73.6312,21.14198,0
                73.62909,21.14272,0
                73.62899,21.14276,0
                73.62763,21.14328,0
                73.62743,21.14335,0
                73.62922,21.14626,0
                73.62947,21.14686,0
                73.62961,21.14729,0
                73.62976,21.14776,0
                73.62978,21.14784,0
                73.62983,21.14817,0
                73.62994,21.14883,0
                73.62999,21.14966,0
                73.62999,21.14967,0
                73.63009,21.15135,0
                73.63009,21.15138,0
                73.63009,21.15141,0
                73.63008,21.15155,0
                73.63004,21.15191,0
                73.62998,21.15239,0
                73.62999,21.15252,0
                73.63001,21.15308,0
                73.63003,21.15342,0
                73.63003,21.15346,0
                73.62993,21.15382,0
                73.62984,21.15415,0
                73.62978,21.15422,0
                73.62929,21.15489,0
                73.62927,21.15492,0
                73.62948,21.15511,0
                73.62954,21.15511,0
                73.6302,21.15515,0
                73.63165,21.15524,0
                73.63324,21.15548,0
                73.63504,21.15559,0
                73.63523,21.1556,0
                73.63625,21.15573,0
                73.63835,21.15628,0
                73.64093,21.1561,0
                73.64196,21.15613,0
                73.64253,21.15619,0
                73.64333,21.15626,0
                73.64538,21.15613,0
                73.64622,21.15612,0
                73.64686,21.15608,0
                73.64697,21.15561,0
                73.64795,21.15517,0
                73.64844,21.15481,0
                73.64992,21.15494,0
                73.65228,21.15481,0
                73.65258,21.15502,0
                73.65304,21.15505,0
                73.65376,21.15475,0
                73.65425,21.15478,0
                73.65543,21.15456,0
                73.65694,21.1545,0
                73.65669,21.15501,0
                73.65722,21.155,0
                73.65897,21.15519,0
                73.65931,21.15551,0
                73.65996,21.15565,0
                73.6611,21.15585,0
                73.66173,21.15621,0
                73.6629,21.15518,0
              </coordinates>
            </LinearRing>
          </outerBoundaryIs>
        </Polygon>
      </Placemark>
      <Placemark id="WG_ESA_2024_GJ.20">
        <name>Dholia Umar</name>
        <ExtendedData>
          <SchemaData schemaUrl="#WG_ESA_2024_GJ.schema">
            <SimpleData name="esa_category">whole_village</SimpleData>
            <SimpleData name="area_km2">4.439</SimpleData>
          </SchemaData>
        </ExtendedData>
        <Polygon>
          <outerBoundaryIs>
            <LinearRing>
              <coordinates>
                73.54663,21.00368,0
                73.54608,21.00369,0
                73.54536,21.00363,0
                73.54478,21.00407,0
                73.54441,21.00455,0
                73.54444,21.00561,0
                73.54432,21.00598,0
                73.54413,21.00654,0
                73.5438,21.00736,0
                73.54377,21.00745,0
                73.54311,21.00887,0
                73.54279,21.00932,0
                73.54227,21.01092,0
                73.54169,21.01132,0
                73.54098,21.01186,0
                73.54031,21.01256,0
                73.53973,21.01305,0
                73.53916,21.01353,0
                73.53886,21.0139,0
                73.53841,21.01448,0
                73.53789,21.01482,0
                73.53691,21.01529,0
                73.53549,21.01609,0
                73.53469,21.01655,0
                73.53534,21.01789,0
                73.53608,21.01982,0
                73.53657,21.02154,0
                73.53635,21.02385,0
                73.53624,21.02464,0
                73.53624,21.02493,0
                73.53616,21.02558,0
                73.53613,21.02602,0
                73.53617,21.02661,0
                73.53618,21.02754,0
                73.53619,21.02825,0
                73.53617,21.02886,0
                73.53643,21.02927,0
                73.53621,21.02933,0
                73.53645,21.03088,0
                73.53677,21.03147,0
                73.53696,21.03198,0
                73.53702,21.03208,0
                73.53717,21.03197,0
                73.53795,21.03159,0
                73.53914,21.03134,0
                73.54076,21.03092,0
                73.5423,21.03065,0
                73.5429,21.03056,0
                73.54381,21.03039,0
                73.54499,21.0303,0
                73.54578,21.0302,0
                73.54621,21.03014,0
                73.54657,21.03009,0
                73.54762,21.02983,0
                73.54814,21.02956,0
                73.54875,21.02911,0
                73.55017,21.02796,0
                73.5502,21.02793,0
                73.55083,21.02755,0
                73.55107,21.02742,0
                73.55121,21.02738,0
                73.55127,21.02737,0
                73.55218,21.02726,0
                73.55292,21.02718,0
                73.55381,21.02701,0
                73.55455,21.0267,0
                73.55555,21.02587,0
                73.55659,21.02492,0
                73.55707,21.02457,0
                73.55708,21.02455,0
                73.55747,21.02424,0
                73.55757,21.02416,0
                73.55794,21.02396,0
                73.55765,21.02349,0
                73.55725,21.02287,0
                73.55696,21.02197,0
                73.55691,21.02043,0
                73.55693,21.01705,0
                73.55694,21.01586,0
                73.55696,21.01519,0
                73.55698,21.0151,0
                73.55763,21.01487,0
                73.55535,21.0135,0
                73.55442,21.01182,0
                73.55434,21.01005,0
                73.55433,21.00988,0
                73.5543,21.00978,0
                73.5533,21.0096,0
                73.55309,21.0096,0
                73.5522,21.00944,0
                73.55131,21.00927,0
                73.55111,21.00898,0
                73.55092,21.00898,0
                73.54906,21.00858,0
                73.5487,21.00826,0
                73.54814,21.00776,0
                73.54688,21.00663,0
                73.54676,21.00563,0
                73.54663,21.00454,0
                73.54663,21.00395,0
                73.54663,21.00368,0
              </coordinates>
            </LinearRing>
          </outerBoundaryIs>
        </Polygon>
      </Placemark>
      <Placemark id="WG_ESA_2024_GJ.21">
        <name>Chhevdi</name>
        <ExtendedData>
          <SchemaData schemaUrl="#WG_ESA_2024_GJ.schema">
            <SimpleData name="esa_category">whole_village</SimpleData>
            <SimpleData name="area_km2">1.294</SimpleData>
          </SchemaData>
        </ExtendedData>
        <Polygon>
          <outerBoundaryIs>
            <LinearRing>
              <coordinates>
                73.56695,21.00999,0
                73.56468,21.01058,0
                73.56369,21.0109,0
                73.56324,21.0116,0
                73.56297,21.01202,0
                73.56206,21.01326,0
                73.56115,21.0145,0
                73.55763,21.01487,0
                73.55698,21.0151,0
                73.55696,21.01519,0
                73.55694,21.01586,0
                73.55693,21.01705,0
                73.55691,21.02043,0
                73.55696,21.02197,0
                73.55725,21.02287,0
                73.55765,21.02349,0
                73.55794,21.02396,0
                73.5584,21.02379,0
                73.55847,21.02377,0
                73.5591,21.02357,0
                73.55982,21.02346,0
                73.56051,21.02336,0
                73.56154,21.02313,0
                73.56246,21.02288,0
                73.56363,21.02233,0
                73.56439,21.02184,0
                73.56478,21.02154,0
                73.56509,21.02117,0
                73.56518,21.02088,0
                73.56549,21.02036,0
                73.56591,21.01979,0
                73.56628,21.01941,0
                73.56662,21.01912,0
                73.56766,21.018,0
                73.56825,21.01745,0
                73.56849,21.01721,0
                73.56889,21.01689,0
                73.56953,21.01612,0
                73.56986,21.0156,0
                73.57009,21.01512,0
                73.5701,21.01511,0
                73.57036,21.0145,0
                73.57089,21.0137,0
                73.5716,21.01283,0
                73.57157,21.01283,0
                73.57102,21.01274,0
                73.57013,21.0126,0
                73.56955,21.01219,0
                73.56898,21.01178,0
                73.5685,21.01062,0
                73.56837,21.01032,0
                73.56812,21.01009,0
                73.56807,21.01005,0
                73.56727,21.01,0
                73.56695,21.00999,0
              </coordinates>
            </LinearRing>
          </outerBoundaryIs>
        </Polygon>
      </Placemark>
      <Placemark id="WG_ESA_2024_GJ.22">
        <name>Bhurivel</name>
        <ExtendedData>
          <SchemaData schemaUrl="#WG_ESA_2024_GJ.schema">
            <SimpleData name="esa_category">whole_village</SimpleData>
            <SimpleData name="area_km2">1.497</SimpleData>
          </SchemaData>
        </ExtendedData>
        <Polygon>
          <outerBoundaryIs>
            <LinearRing>
              <coordinates>
                73.58864,21.23106,0
                73.58879,21.23106,0
                73.59026,21.23078,0
                73.59029,21.23007,0
                73.59047,21.22941,0
                73.59097,21.22881,0
                73.59275,21.22696,0
                73.59263,21.22685,0
                73.59227,21.22652,0
                73.59189,21.22637,0
                73.59131,21.22618,0
                73.59039,21.22583,0
                73.5896,21.22546,0
                73.58879,21.22513,0
                73.5878,21.22476,0
                73.58703,21.22435,0
                73.58588,21.22384,0
                73.58524,21.22359,0
                73.58481,21.22339,0
                73.58438,21.22324,0
                73.58367,21.22301,0
                73.58312,21.22271,0
                73.581,21.22182,0
                73.58002,21.22119,0
                73.57984,21.22108,0
                73.57948,21.2209,0
                73.57904,21.22085,0
                73.57899,21.22084,0
                73.57854,21.22061,0
                73.57827,21.22047,0
                73.57818,21.22042,0
                73.5779,21.2203,0
                73.57743,21.22028,0
                73.57681,21.22033,0
                73.57674,21.22035,0
                73.57635,21.22049,0
                73.57586,21.22056,0
                73.57535,21.22066,0
                73.57495,21.22087,0
                73.57414,21.22086,0
                73.5732,21.22061,0
                73.57285,21.22062,0
                73.57268,21.22115,0
                73.57247,21.2219,0
                73.57226,21.22264,0
                73.57196,21.22375,0
                73.57178,21.2246,0
                73.57163,21.2251,0
                73.57139,21.22586,0
                73.57177,21.2268,0
                73.57229,21.22699,0
                73.57265,21.22715,0
                73.57288,21.22733,0
                73.57316,21.22749,0
                73.57343,21.22758,0
                73.57376,21.22766,0
                73.57418,21.22766,0
                73.57463,21.2276,0
                73.57499,21.22752,0
                73.57629,21.22788,0
                73.57686,21.2282,0
                73.57728,21.2284,0
                73.57763,21.22852,0
                73.57768,21.22855,0
                73.57788,21.22867,0
                73.5781,21.2288,0
                73.57826,21.22895,0
                73.57881,21.22912,0
                73.57919,21.22932,0
                73.57971,21.22952,0
                73.58015,21.22964,0
                73.58069,21.22977,0
                73.58148,21.22996,0
                73.58206,21.23001,0
                73.58263,21.23023,0
                73.58304,21.2304,0
                73.58413,21.23016,0
                73.58508,21.23013,0
                73.58565,21.23025,0
                73.5865,21.2307,0
                73.58728,21.23092,0
                73.58791,21.23109,0
                73.58841,21.23107,0
                73.58864,21.23106,0
              </coordinates>
            </LinearRing>
          </outerBoundaryIs>
        </Polygon>
      </Placemark>
      <Placemark id="WG_ESA_2024_GJ.23">
        <name>Dhamandevi</name>
        <ExtendedData>
          <SchemaData schemaUrl="#WG_ESA_2024_GJ.schema">
            <SimpleData name="esa_category">whole_village</SimpleData>
            <SimpleData name="area_km2">10.105</SimpleData>
          </SchemaData>
        </ExtendedData>
        <Polygon>
          <outerBoundaryIs>
            <LinearRing>
              <coordinates>
                73.47322,20.98189,0
                73.47512,20.98154,0
                73.478,20.9807,0
                73.47921,20.98028,0
                73.48033,20.97989,0
                73.48139,20.97939,0
                73.48202,20.97921,0
                73.48177,20.97891,0
                73.4812,20.97797,0
                73.48076,20.97723,0
                73.48003,20.97599,0
                73.4796,20.97535,0
                73.47909,20.97508,0
                73.47828,20.97446,0
                73.47748,20.97419,0
                73.47649,20.97398,0
                73.47588,20.97394,0
                73.47455,20.97395,0
                73.47418,20.97383,0
                73.47303,20.97316,0
                73.47286,20.97254,0
                73.47258,20.9716,0
                73.47212,20.971,0
                73.47182,20.97058,0
                73.47163,20.97006,0
                73.47154,20.96956,0
                73.47084,20.96903,0
                73.47055,20.96866,0
                73.47067,20.96836,0
                73.46985,20.96795,0
                73.46926,20.96635,0
                73.46855,20.9654,0
                73.4684,20.96519,0
                73.46801,20.96636,0
                73.4681,20.96708,0
                73.46866,20.96923,0
                73.46847,20.97015,0
                73.46745,20.97016,0
                73.46614,20.96994,0
                73.46499,20.9693,0
                73.46465,20.96815,0
                73.4639,20.96739,0
                73.463,20.96675,0
                73.46095,20.96612,0
                73.46013,20.9659,0
                73.45828,20.96515,0
                73.45729,20.96443,0
                73.45589,20.96383,0
                73.45462,20.96315,0
                73.45245,20.96283,0
                73.45174,20.96333,0
                73.45155,20.96332,0
                73.44927,20.96326,0
                73.44764,20.96297,0
                73.44572,20.96233,0
                73.44417,20.96121,0
                73.44392,20.96088,0
                73.44336,20.96017,0
                73.44181,20.95852,0
                73.44075,20.95748,0
                73.43878,20.95623,0
                73.4369,20.95494,0
                73.43601,20.95427,0
                73.43553,20.9539,0
                73.43542,20.95372,0
                73.43454,20.95229,0
                73.43303,20.95069,0
                73.43166,20.94974,0
                73.42914,20.9488,0
                73.42876,20.94828,0
                73.42841,20.94868,0
                73.42761,20.94824,0
                73.42769,20.94882,0
                73.42762,20.94936,0
                73.42763,20.94989,0
                73.42812,20.951,0
                73.42868,20.95129,0
                73.42886,20.95124,0
                73.42933,20.95081,0
                73.42968,20.95131,0
                73.42959,20.95198,0
                73.42886,20.95288,0
                73.42912,20.9532,0
                73.42928,20.95332,0
                73.42982,20.95374,0
                73.43078,20.95438,0
                73.43084,20.9548,0
                73.43128,20.95624,0
                73.43151,20.95715,0
                73.43144,20.95892,0
                73.43206,20.96019,0
                73.43221,20.96084,0
                73.43158,20.96264,0
                73.43055,20.96536,0
                73.43032,20.96619,0
                73.43012,20.96886,0
                73.42973,20.97118,0
                73.42978,20.97452,0
                73.42978,20.9749,0
                73.42997,20.97538,0
                73.43059,20.97598,0
                73.43223,20.97719,0
                73.43264,20.97747,0
                73.43397,20.97836,0
                73.43468,20.97874,0
                73.43691,20.97994,0
                73.44108,20.98099,0
                73.44126,20.98107,0
                73.44285,20.98157,0
                73.44379,20.98192,0
                73.44451,20.98211,0
                73.44535,20.98245,0
                73.44597,20.98267,0
                73.44656,20.98293,0
                73.44736,20.98321,0
                73.44782,20.98344,0
                73.44875,20.98339,0
                73.44954,20.98331,0
                73.45018,20.98323,0
                73.45097,20.983,0
                73.45168,20.98277,0
                73.45266,20.98261,0
                73.45377,20.98256,0
                73.45445,20.98267,0
                73.45556,20.98266,0
                73.45647,20.98269,0
                73.4573,20.98286,0
                73.45806,20.98308,0
                73.45889,20.98344,0
                73.45961,20.98374,0
                73.46021,20.98429,0
                73.46093,20.98491,0
                73.46126,20.98536,0
                73.46162,20.98587,0
                73.4625,20.98723,0
                73.46342,20.98592,0
                73.46382,20.98545,0
                73.46456,20.98509,0
                73.4654,20.98481,0
                73.46804,20.98367,0
                73.46928,20.9832,0
                73.47097,20.98267,0
                73.47322,20.98189,0
              </coordinates>
            </LinearRing>
          </outerBoundaryIs>
        </Polygon>
      </Placemark>
      <Placemark id="WG_ESA_2024_GJ.24">
        <name>Amonia</name>
        <ExtendedData>
          <SchemaData schemaUrl="#WG_ESA_2024_GJ.schema">
            <SimpleData name="esa_category">whole_village</SimpleData>
            <SimpleData name="area_km2">19.018</SimpleData>
          </SchemaData>
        </ExtendedData>
        <Polygon>
          <outerBoundaryIs>
            <LinearRing>
              <coordinates>
                73.47724,20.96597,0
                73.47889,20.966,0
                73.48033,20.96619,0
                73.48291,20.96646,0
                73.48441,20.96655,0
                73.48517,20.96624,0
                73.48597,20.96616,0
                73.48695,20.96617,0
                73.48807,20.96626,0
                73.48911,20.96628,0
                73.49054,20.96639,0
                73.49185,20.96635,0
                73.49278,20.96652,0
                73.49352,20.96671,0
                73.49488,20.96672,0
                73.49575,20.96646,0
                73.49618,20.96637,0
                73.49605,20.96598,0
                73.49655,20.96548,0
                73.49661,20.96423,0
                73.49621,20.96343,0
                73.49491,20.96212,0
                73.49456,20.96145,0
                73.49481,20.96052,0
                73.49536,20.95974,0
                73.49588,20.95909,0
                73.4963,20.95854,0
                73.49685,20.95772,0
                73.49825,20.95671,0
                73.49952,20.95614,0
                73.50041,20.95571,0
                73.50066,20.95564,0
                73.50219,20.95517,0
                73.50341,20.95488,0
                73.50383,20.9547,0
                73.50361,20.95423,0
                73.50426,20.95411,0
                73.50568,20.95363,0
                73.5074,20.95274,0
                73.50855,20.95046,0
                73.50981,20.94789,0
                73.51026,20.94739,0
                73.51132,20.9479,0
                73.51243,20.94828,0
                73.51285,20.9486,0
                73.51312,20.94874,0
                73.51354,20.94873,0
                73.51384,20.94873,0
                73.51422,20.94862,0
                73.5146,20.9484,0
                73.5149,20.94833,0
                73.51524,20.94825,0
                73.51577,20.94803,0
                73.51619,20.94781,0
                73.51702,20.94738,0
                73.51739,20.94716,0
                73.51819,20.94694,0
                73.51865,20.94693,0
                73.519,20.94694,0
                73.51976,20.94707,0
                73.52025,20.94661,0
                73.52055,20.94652,0
                73.52089,20.94641,0
                73.521,20.94621,0
                73.52105,20.94599,0
                73.52136,20.94573,0
                73.5218,20.94569,0
                73.52214,20.9456,0
                73.52312,20.9448,0
                73.52346,20.94438,0
                73.52396,20.94364,0
                73.52488,20.94362,0
                73.52522,20.94346,0
                73.52542,20.94326,0
                73.52607,20.94246,0
                73.52645,20.94209,0
                73.52686,20.94179,0
                73.52719,20.94148,0
                73.52734,20.94142,0
                73.52755,20.94133,0
                73.52778,20.94093,0
                73.52828,20.9405,0
                73.52911,20.93989,0
                73.53027,20.9392,0
                73.53069,20.93835,0
                73.53058,20.93626,0
                73.53049,20.93592,0
                73.53013,20.93439,0
                73.52973,20.9341,0
                73.52841,20.93362,0
                73.52764,20.93314,0
                73.52577,20.93442,0
                73.52445,20.93483,0
                73.52366,20.93507,0
                73.52288,20.93532,0
                73.52259,20.93528,0
                73.52231,20.93524,0
                73.51865,20.93556,0
                73.51579,20.93612,0
                73.51468,20.9362,0
                73.51344,20.93579,0
                73.5124,20.93539,0
                73.51166,20.93467,0
                73.51124,20.9338,0
                73.51115,20.93286,0
                73.51138,20.93212,0
                73.51166,20.93116,0
                73.51195,20.9297,0
                73.51211,20.92848,0
                73.51221,20.9277,0
                73.51144,20.92653,0
                73.51104,20.92608,0
                73.51031,20.92568,0
                73.50881,20.9252,0
                73.50689,20.9244,0
                73.50547,20.92363,0
                73.50399,20.92321,0
                73.50377,20.92315,0
                73.50311,20.9231,0
                73.50105,20.92293,0
                73.50032,20.92275,0
                73.5,20.92259,0
                73.49972,20.92245,0
                73.49928,20.92218,0
                73.49851,20.92186,0
                73.49762,20.92198,0
                73.49757,20.92197,0
                73.49676,20.92182,0
                73.4962,20.92155,0
                73.49516,20.92074,0
                73.49515,20.92075,0
                73.49362,20.92189,0
                73.49327,20.92215,0
                73.49236,20.92283,0
                73.49188,20.92305,0
                73.49141,20.92327,0
                73.48946,20.9248,0
                73.4881,20.92611,0
                73.48726,20.92696,0
                73.48655,20.927,0
                73.4831,20.92645,0
                73.48212,20.92625,0
                73.47937,20.92766,0
                73.47888,20.92792,0
                73.47737,20.9281,0
                73.47554,20.92829,0
                73.47438,20.92909,0
                73.47212,20.93033,0
                73.47097,20.93114,0
                73.47051,20.93146,0
                73.47083,20.93187,0
                73.47072,20.93264,0
                73.47077,20.93682,0
                73.47052,20.93929,0
                73.47031,20.94175,0
                73.46981,20.94444,0
                73.46979,20.9459,0
                73.46953,20.94786,0
                73.46938,20.94912,0
                73.46891,20.95035,0
                73.46898,20.95269,0
                73.46889,20.95503,0
                73.46848,20.95857,0
                73.46857,20.95922,0
                73.46959,20.96193,0
                73.46872,20.9642,0
                73.46866,20.96439,0
                73.4684,20.96519,0
                73.46855,20.9654,0
                73.46926,20.96635,0
                73.46985,20.96795,0
                73.47067,20.96836,0
                73.47075,20.96816,0
                73.47184,20.96757,0
                73.47281,20.96704,0
                73.47405,20.96665,0
                73.47453,20.9665,0
                73.4756,20.96621,0
                73.47724,20.96597,0
              </coordinates>
            </LinearRing>
          </outerBoundaryIs>
        </Polygon>
      </Placemark>
      <Placemark id="WG_ESA_2024_GJ.25">
        <name>Bandhpada</name>
        <ExtendedData>
          <SchemaData schemaUrl="#WG_ESA_2024_GJ.schema">
            <SimpleData name="esa_category">whole_village</SimpleData>
            <SimpleData name="area_km2">7.451</SimpleData>
          </SchemaData>
        </ExtendedData>
        <Polygon>
          <outerBoundaryIs>
            <LinearRing>
              <coordinates>
                73.66919,21.00429,0
                73.66924,21.00408,0
                73.66939,21.0035,0
                73.66948,21.00296,0
                73.66969,21.00261,0
                73.67009,21.00207,0
                73.66979,21.00206,0
                73.66916,21.00145,0
                73.66837,21.00037,0
                73.66723,20.99983,0
                73.66665,20.9989,0
                73.66663,20.99807,0
                73.66719,20.99717,0
                73.6672,20.99606,0
                73.66618,20.99639,0
                73.66627,20.99616,0
                73.66714,20.99344,0
                73.66665,20.99274,0
                73.66664,20.992,0
                73.66626,20.99102,0
                73.66554,20.98989,0
                73.66408,20.98775,0
                73.66336,20.98636,0
                73.66184,20.98609,0
                73.66121,20.98522,0
                73.65992,20.98413,0
                73.65904,20.98276,0
                73.65866,20.98174,0
                73.65825,20.98135,0
                73.6574,20.98064,0
                73.6571,20.98058,0
                73.65689,20.98043,0
                73.65654,20.97947,0
                73.65605,20.97873,0
                73.65593,20.97801,0
                73.65542,20.97745,0
                73.65521,20.97677,0
                73.65495,20.97639,0
                73.65462,20.97533,0
                73.6537,20.97419,0
                73.65341,20.97396,0
                73.65328,20.97341,0
                73.65294,20.97309,0
                73.65261,20.97242,0
                73.65192,20.97159,0
                73.65106,20.97052,0
                73.65092,20.97009,0
                73.65046,20.96969,0
                73.64931,20.96909,0
                73.64943,20.96783,0
                73.64933,20.96696,0
                73.64925,20.96623,0
                73.64926,20.96515,0
                73.64939,20.96452,0
                73.64994,20.96306,0
                73.6499,20.96233,0
                73.64902,20.96104,0
                73.64854,20.96082,0
                73.64801,20.9604,0
                73.64785,20.96002,0
                73.64672,20.96063,0
                73.6458,20.96072,0
                73.64398,20.96075,0
                73.64164,20.96097,0
                73.64001,20.96119,0
                73.63845,20.96182,0
                73.63831,20.96195,0
                73.63797,20.96227,0
                73.6378,20.96243,0
                73.63716,20.96431,0
                73.63771,20.96572,0
                73.63815,20.96654,0
                73.63829,20.96716,0
                73.63795,20.96997,0
                73.63787,20.97105,0
                73.6376,20.97185,0
                73.63744,20.97276,0
                73.63694,20.97514,0
                73.63783,20.97533,0
                73.63784,20.97534,0
                73.63871,20.97591,0
                73.63919,20.97619,0
                73.63972,20.97649,0
                73.64049,20.97695,0
                73.64154,20.97708,0
                73.64254,20.97738,0
                73.64319,20.97765,0
                73.64418,20.97847,0
                73.64435,20.97876,0
                73.64474,20.97943,0
                73.64551,20.98096,0
                73.64589,20.9818,0
                73.64608,20.98286,0
                73.64617,20.98371,0
                73.64614,20.98463,0
                73.64567,20.98562,0
                73.64558,20.98578,0
                73.64507,20.9866,0
                73.64489,20.98714,0
                73.64481,20.98796,0
                73.64487,20.98859,0
                73.64487,20.98865,0
                73.64498,20.98922,0
                73.64515,20.98982,0
                73.64567,20.99053,0
                73.64624,20.99099,0
                73.6471,20.99138,0
                73.64811,20.9915,0
                73.64878,20.99154,0
                73.64926,20.99142,0
                73.64948,20.99136,0
                73.64992,20.99112,0
                73.65047,20.99043,0
                73.65118,20.99074,0
                73.65183,20.99141,0
                73.65212,20.99186,0
                73.65267,20.99346,0
                73.65283,20.99382,0
                73.65216,20.99576,0
                73.65204,20.99621,0
                73.65218,20.99706,0
                73.65244,20.99808,0
                73.65222,20.99843,0
                73.65177,20.99911,0
                73.65117,20.99978,0
                73.65105,21,0
                73.65076,21.00067,0
                73.65199,21.00252,0
                73.65282,21.00371,0
                73.65354,21.00468,0
                73.65364,21.00477,0
                73.65365,21.00477,0
                73.655,21.00604,0
                73.65601,21.00632,0
                73.65756,21.00645,0
                73.65812,21.0065,0
                73.65848,21.00667,0
                73.659,21.00682,0
                73.65959,21.00715,0
                73.66019,21.00767,0
                73.66077,21.00758,0
                73.66163,21.00756,0
                73.66334,21.00741,0
                73.6635,21.00739,0
                73.66351,21.00739,0
                73.66352,21.00739,0
                73.66354,21.00738,0
                73.66357,21.00738,0
                73.66358,21.00738,0
                73.6647,21.00723,0
                73.66571,21.00695,0
                73.66753,21.00609,0
                73.66895,21.00517,0
                73.66904,21.00499,0
                73.66919,21.00429,0
              </coordinates>
            </LinearRing>
          </outerBoundaryIs>
        </Polygon>
      </Placemark>
      <Placemark id="WG_ESA_2024_GJ.26">
        <name>Girmal</name>
        <ExtendedData>
          <SchemaData schemaUrl="#WG_ESA_2024_GJ.schema">
            <SimpleData name="esa_category">whole_village</SimpleData>
            <SimpleData name="area_km2">37.391</SimpleData>
          </SchemaData>
        </ExtendedData>
        <Polygon>
          <outerBoundaryIs>
            <LinearRing>
              <coordinates>
                73.73998,21.00196,0
                73.7395,21.00015,0
                73.73899,20.99821,0
                73.73856,20.99658,0
                73.73855,20.99599,0
                73.73952,20.99476,0
                73.73969,20.99233,0
                73.73938,20.99139,0
                73.74001,20.99084,0
                73.73985,20.99071,0
                73.73897,20.98997,0
                73.73866,20.98888,0
                73.73849,20.98737,0
                73.73841,20.98739,0
                73.73806,20.98695,0
                73.73809,20.98655,0
                73.73796,20.98613,0
                73.73795,20.98548,0
                73.73745,20.98519,0
                73.73715,20.98526,0
                73.73648,20.98429,0
                73.73566,20.98405,0
                73.73521,20.98421,0
                73.73474,20.98399,0
                73.73434,20.98392,0
                73.73396,20.98378,0
                73.73332,20.98389,0
                73.73319,20.98373,0
                73.73268,20.98369,0
                73.7316,20.98299,0
                73.7304,20.98238,0
                73.72875,20.98128,0
                73.7285,20.98008,0
                73.72804,20.97833,0
                73.72697,20.9766,0
                73.72695,20.97543,0
                73.72543,20.97267,0
                73.72458,20.97042,0
                73.72429,20.96906,0
                73.72423,20.96877,0
                73.72391,20.9668,0
                73.72482,20.96387,0
                73.72522,20.96162,0
                73.7254,20.96032,0
                73.72673,20.95888,0
                73.72658,20.95823,0
                73.72664,20.95761,0
                73.72705,20.95675,0
                73.72344,20.95312,0
                73.72111,20.95027,0
                73.72038,20.94948,0
                73.71941,20.94821,0
                73.72031,20.94676,0
                73.72311,20.94365,0
                73.72375,20.94306,0
                73.72414,20.9425,0
                73.72465,20.94191,0
                73.72587,20.94045,0
                73.72603,20.93987,0
                73.72595,20.93932,0
                73.72588,20.93852,0
                73.72572,20.93696,0
                73.72547,20.93684,0
                73.72547,20.93682,0
                73.7243,20.93577,0
                73.72433,20.93476,0
                73.72503,20.93428,0
                73.72537,20.93344,0
                73.72591,20.93235,0
                73.72551,20.93108,0
                73.7255,20.93032,0
                73.7251,20.92887,0
                73.72435,20.92683,0
                73.72498,20.92581,0
                73.72468,20.9256,0
                73.72482,20.92505,0
                73.72371,20.92457,0
                73.72374,20.92311,0
                73.72257,20.92194,0
                73.72291,20.92153,0
                73.72298,20.92087,0
                73.72284,20.92066,0
                73.72282,20.92068,0
                73.72266,20.92046,0
                73.72188,20.92041,0
                73.72051,20.92023,0
                73.72031,20.92107,0
                73.71996,20.92136,0
                73.71956,20.92151,0
                73.71938,20.92118,0
                73.71918,20.92125,0
                73.71874,20.9219,0
                73.71844,20.92204,0
                73.71799,20.92212,0
                73.71781,20.92233,0
                73.71761,20.92234,0
                73.71721,20.92199,0
                73.71744,20.921,0
                73.71734,20.92007,0
                73.71728,20.92007,0
                73.71722,20.91984,0
                73.71717,20.9198,0
                73.71715,20.91982,0
                73.7167,20.91985,0
                73.71611,20.92078,0
                73.71481,20.92094,0
                73.71393,20.92096,0
                73.71222,20.9208,0
                73.71224,20.9217,0
                73.71197,20.922,0
                73.71127,20.92201,0
                73.71094,20.92187,0
                73.71076,20.92157,0
                73.71059,20.92128,0
                73.71041,20.92118,0
                73.71011,20.92102,0
                73.70993,20.92107,0
                73.70947,20.92115,0
                73.70924,20.92103,0
                73.70901,20.92073,0
                73.709,20.92045,0
                73.70891,20.92016,0
                73.70872,20.91937,0
                73.70868,20.91924,0
                73.70838,20.91957,0
                73.70809,20.92014,0
                73.7078,20.92055,0
                73.70769,20.92064,0
                73.70731,20.92057,0
                73.70725,20.92061,0
                73.70702,20.92076,0
                73.70603,20.92145,0
                73.70476,20.9224,0
                73.70336,20.92226,0
                73.70239,20.92235,0
                73.70177,20.92208,0
                73.70136,20.92253,0
                73.70105,20.92227,0
                73.70048,20.92181,0
                73.69911,20.92224,0
                73.69886,20.92194,0
                73.69873,20.92169,0
                73.69868,20.9217,0
                73.69868,20.92169,0
                73.698,20.92144,0
                73.69703,20.92069,0
                73.69542,20.92069,0
                73.69468,20.92066,0
                73.69375,20.92148,0
                73.69343,20.92241,0
                73.69189,20.92187,0
                73.689,20.92072,0
                73.68709,20.91997,0
                73.68608,20.92024,0
                73.68633,20.92068,0
                73.68663,20.92128,0
                73.68671,20.92164,0
                73.6871,20.92271,0
                73.68774,20.92355,0
                73.68854,20.92436,0
                73.68943,20.92517,0
                73.6908,20.9252,0
                73.69183,20.92658,0
                73.69255,20.92691,0
                73.69297,20.92676,0
                73.6926,20.9291,0
                73.69127,20.93148,0
                73.69036,20.93235,0
                73.68892,20.93374,0
                73.68885,20.93379,0
                73.68806,20.93374,0
                73.68598,20.93367,0
                73.68573,20.93457,0
                73.68542,20.93529,0
                73.68523,20.93595,0
                73.68417,20.93764,0
                73.6838,20.93813,0
                73.68336,20.93897,0
                73.68292,20.93958,0
                73.68236,20.94036,0
                73.68186,20.94103,0
                73.68135,20.94157,0
                73.68066,20.942,0
                73.67984,20.94267,0
                73.67883,20.94374,0
                73.6789,20.94371,0
                73.67906,20.94476,0
                73.67949,20.94663,0
                73.67944,20.94893,0
                73.67994,20.94963,0
                73.67971,20.9515,0
                73.68016,20.9531,0
                73.67966,20.95419,0
                73.67944,20.95525,0
                73.67899,20.95607,0
                73.67793,20.95662,0
                73.67794,20.95746,0
                73.67807,20.95855,0
                73.67855,20.9596,0
                73.6785,20.96065,0
                73.67924,20.96176,0
                73.67899,20.96222,0
                73.67871,20.9632,0
                73.67899,20.96466,0
                73.67936,20.96604,0
                73.67984,20.96766,0
                73.68075,20.96816,0
                73.6822,20.96852,0
                73.68343,20.96872,0
                73.68418,20.9689,0
                73.68508,20.96943,0
                73.68544,20.96989,0
                73.68588,20.97083,0
                73.68612,20.97141,0
                73.68558,20.97231,0
                73.68599,20.97268,0
                73.68639,20.97355,0
                73.6872,20.97397,0
                73.68774,20.97552,0
                73.68811,20.9769,0
                73.6883,20.97804,0
                73.68883,20.97861,0
                73.69024,20.97957,0
                73.69094,20.98013,0
                73.6913,20.98111,0
                73.69176,20.98233,0
                73.69221,20.98354,0
                73.69214,20.98502,0
                73.69225,20.98632,0
                73.69278,20.9873,0
                73.69428,20.98826,0
                73.69551,20.98881,0
                73.69621,20.98961,0
                73.69622,20.99059,0
                73.69652,20.99242,0
                73.69692,20.99308,0
                73.69699,20.99453,0
                73.69851,20.99518,0
                73.69852,20.99642,0
                73.69926,20.9987,0
                73.70044,21.00047,0
                73.70151,21.00174,0
                73.70164,21.0019,0
                73.70242,21.0035,0
                73.70301,21.00407,0
                73.70406,21.00508,0
                73.70526,21.00623,0
                73.70533,21.00635,0
                73.70632,21.00623,0
                73.70795,21.00583,0
                73.70874,21.00556,0
                73.70886,21.00552,0
                73.71176,21.0045,0
                73.71202,21.00441,0
                73.71226,21.00457,0
                73.71304,21.00552,0
                73.71362,21.0063,0
                73.71464,21.0064,0
                73.71633,21.00646,0
                73.71649,21.00647,0
                73.71768,21.00656,0
                73.71799,21.00634,0
                73.71825,21.00601,0
                73.7184,21.00586,0
                73.7189,21.00539,0
                73.71935,21.00507,0
                73.71997,21.00486,0
                73.72055,21.00466,0
                73.72089,21.00456,0
                73.72104,21.00437,0
                73.72149,21.00374,0
                73.72202,21.00309,0
                73.72268,21.00245,0
                73.72342,21.00187,0
                73.72397,21.00155,0
                73.72451,21.00132,0
                73.72531,21.00129,0
                73.7258,21.00141,0
                73.72623,21.00163,0
                73.72683,21.00212,0
                73.72724,21.00271,0
                73.72754,21.00362,0
                73.72759,21.00376,0
                73.72809,21.00532,0
                73.72832,21.00581,0
                73.72852,21.00597,0
                73.72884,21.00607,0
                73.72936,21.00606,0
                73.72981,21.00599,0
                73.73089,21.00577,0
                73.73163,21.00529,0
                73.73228,21.00467,0
                73.73303,21.00407,0
                73.73392,21.00367,0
                73.73471,21.00339,0
                73.73578,21.00315,0
                73.73655,21.00294,0
                73.73771,21.00288,0
                73.73871,21.00308,0
                73.73945,21.00343,0
                73.74048,21.0037,0
                73.74075,21.00374,0
                73.74087,21.00362,0
                73.74088,21.00343,0
                73.74082,21.00321,0
                73.7406,21.00295,0
                73.74058,21.00264,0
                73.74064,21.00235,0
                73.73998,21.00196,0
              </coordinates>
            </LinearRing>
          </outerBoundaryIs>
          <innerBoundaryIs>
            <LinearRing>
              <coordinates>
                73.71742,20.93717,0
                73.71696,20.93743,0
                73.71649,20.93777,0
                73.71641,20.93762,0
                73.71606,20.93685,0
                73.71618,20.9365,0
                73.71625,20.93636,0
                73.71563,20.93499,0
                73.7153,20.93457,0
                73.71512,20.93402,0
                73.71499,20.93327,0
                73.71467,20.93275,0
                73.71463,20.93236,0
                73.71451,20.93134,0
                73.71486,20.93052,0
                73.71513,20.92985,0
                73.7154,20.92915,0
                73.71579,20.92839,0
                73.71577,20.92704,0
                73.7165,20.92721,0
                73.7173,20.92738,0
                73.71783,20.9273,0
                73.71791,20.92755,0
                73.71801,20.92755,0
                73.718,20.92785,0
                73.71805,20.92815,0
                73.71839,20.92844,0
                73.71893,20.92892,0
                73.71922,20.92913,0
                73.71952,20.92934,0
                73.7201,20.92938,0
                73.72032,20.92972,0
                73.72063,20.93052,0
                73.72079,20.93092,0
                73.72054,20.9316,0
                73.72056,20.93227,0
                73.72046,20.93297,0
                73.72005,20.93329,0
                73.71986,20.93368,0
                73.71972,20.93483,0
                73.71946,20.93541,0
                73.71936,20.93617,0
                73.71922,20.93624,0
                73.71862,20.93639,0
                73.7181,20.93644,0
                73.71734,20.93656,0
                73.71742,20.93717,0
              </coordinates>
            </LinearRing>
          </innerBoundaryIs>
        </Polygon>
      </Placemark>
      <Placemark id="WG_ESA_2024_GJ.27">
        <name>Dhulda</name>
        <ExtendedData>
          <SchemaData schemaUrl="#WG_ESA_2024_GJ.schema">
            <SimpleData name="esa_category">whole_village</SimpleData>
            <SimpleData name="area_km2">22.706</SimpleData>
          </SchemaData>
        </ExtendedData>
        <Polygon>
          <outerBoundaryIs>
            <LinearRing>
              <coordinates>
                73.69289,21.00083,0
                73.69296,21.00079,0
                73.6937,21.00128,0
                73.69454,21.00186,0
                73.69476,21.00201,0
                73.69547,21.00255,0
                73.69602,21.00284,0
                73.69702,21.00302,0
                73.69826,21.00323,0
                73.70069,21.00346,0
                73.70083,21.00348,0
                73.70224,21.00346,0
                73.70242,21.0035,0
                73.70164,21.0019,0
                73.70151,21.00174,0
                73.70044,21.00047,0
                73.69926,20.9987,0
                73.69852,20.99642,0
                73.69851,20.99518,0
                73.69699,20.99453,0
                73.69692,20.99308,0
                73.69652,20.99242,0
                73.69622,20.99059,0
                73.69621,20.98961,0
                73.69551,20.98881,0
                73.69428,20.98826,0
                73.69278,20.9873,0
                73.69225,20.98632,0
                73.69214,20.98502,0
                73.69221,20.98354,0
                73.69176,20.98233,0
                73.6913,20.98111,0
                73.69094,20.98013,0
                73.69024,20.97957,0
                73.68883,20.97861,0
                73.6883,20.97804,0
                73.68811,20.9769,0
                73.68774,20.97552,0
                73.6872,20.97397,0
                73.68639,20.97355,0
                73.68599,20.97268,0
                73.68558,20.97231,0
                73.68612,20.97141,0
                73.68588,20.97083,0
                73.68544,20.96989,0
                73.68508,20.96943,0
                73.68418,20.9689,0
                73.68343,20.96872,0
                73.6822,20.96852,0
                73.68075,20.96816,0
                73.67984,20.96766,0
                73.67936,20.96604,0
                73.67899,20.96466,0
                73.67871,20.9632,0
                73.67899,20.96222,0
                73.67924,20.96176,0
                73.6785,20.96065,0
                73.67855,20.9596,0
                73.67807,20.95855,0
                73.67794,20.95746,0
                73.67793,20.95662,0
                73.67899,20.95607,0
                73.67944,20.95525,0
                73.67966,20.95419,0
                73.68016,20.9531,0
                73.67971,20.9515,0
                73.67994,20.94963,0
                73.67944,20.94893,0
                73.67949,20.94663,0
                73.67906,20.94476,0
                73.6789,20.94371,0
                73.67883,20.94374,0
                73.67738,20.94438,0
                73.67677,20.94436,0
                73.67562,20.94467,0
                73.67517,20.94511,0
                73.67448,20.94556,0
                73.6736,20.94581,0
                73.6728,20.94631,0
                73.6715,20.94636,0
                73.67095,20.94577,0
                73.66999,20.94554,0
                73.66926,20.94503,0
                73.66861,20.94406,0
                73.66817,20.9435,0
                73.66727,20.94297,0
                73.66628,20.94274,0
                73.66559,20.94185,0
                73.66509,20.94132,0
                73.6644,20.94133,0
                73.66316,20.94121,0
                73.66188,20.94114,0
                73.66081,20.94108,0
                73.65993,20.94171,0
                73.65901,20.94254,0
                73.65743,20.94318,0
                73.65742,20.94317,0
                73.65728,20.94328,0
                73.65584,20.94381,0
                73.65507,20.94428,0
                73.654,20.94473,0
                73.65202,20.94533,0
                73.65098,20.94556,0
                73.64952,20.94565,0
                73.64916,20.94567,0
                73.64771,20.94538,0
                73.64694,20.94536,0
                73.64575,20.94564,0
                73.6446,20.94596,0
                73.64353,20.94637,0
                73.64263,20.94655,0
                73.64171,20.94656,0
                73.64059,20.94617,0
                73.63938,20.94632,0
                73.63822,20.94601,0
                73.63713,20.94538,0
                73.63549,20.94436,0
                73.63473,20.94459,0
                73.63403,20.94447,0
                73.63349,20.94446,0
                73.63228,20.94533,0
                73.63229,20.94535,0
                73.63265,20.94603,0
                73.63363,20.94741,0
                73.63411,20.94854,0
                73.63382,20.94931,0
                73.63475,20.9497,0
                73.63475,20.95053,0
                73.63609,20.95253,0
                73.63651,20.95314,0
                73.63705,20.95399,0
                73.63717,20.95446,0
                73.63762,20.9548,0
                73.63764,20.95502,0
                73.63777,20.95509,0
                73.63784,20.95541,0
                73.63798,20.95609,0
                73.63807,20.95662,0
                73.63798,20.9576,0
                73.63813,20.95865,0
                73.63842,20.9596,0
                73.63824,20.96025,0
                73.63759,20.96078,0
                73.63742,20.96123,0
                73.63717,20.9619,0
                73.63745,20.96184,0
                73.63796,20.96226,0
                73.63797,20.96227,0
                73.63831,20.96195,0
                73.63845,20.96182,0
                73.64001,20.96119,0
                73.64164,20.96097,0
                73.64398,20.96075,0
                73.6458,20.96072,0
                73.64672,20.96063,0
                73.64785,20.96002,0
                73.64801,20.9604,0
                73.64854,20.96082,0
                73.64902,20.96104,0
                73.6499,20.96233,0
                73.64994,20.96306,0
                73.64939,20.96452,0
                73.64926,20.96515,0
                73.64925,20.96623,0
                73.64933,20.96696,0
                73.64943,20.96783,0
                73.64931,20.96909,0
                73.65046,20.96969,0
                73.65092,20.97009,0
                73.65106,20.97052,0
                73.65192,20.97159,0
                73.65261,20.97242,0
                73.65294,20.97309,0
                73.65328,20.97341,0
                73.65341,20.97396,0
                73.6537,20.97419,0
                73.65462,20.97533,0
                73.65495,20.97639,0
                73.65521,20.97677,0
                73.65542,20.97745,0
                73.65593,20.97801,0
                73.65605,20.97873,0
                73.65654,20.97947,0
                73.65689,20.98043,0
                73.6571,20.98058,0
                73.6574,20.98064,0
                73.65825,20.98135,0
                73.65866,20.98174,0
                73.65904,20.98276,0
                73.65992,20.98413,0
                73.66121,20.98522,0
                73.66184,20.98609,0
                73.66336,20.98636,0
                73.66408,20.98775,0
                73.66554,20.98989,0
                73.66626,20.99102,0
                73.66664,20.992,0
                73.66665,20.99274,0
                73.66714,20.99344,0
                73.66627,20.99616,0
                73.66618,20.99639,0
                73.6672,20.99606,0
                73.66719,20.99717,0
                73.66663,20.99807,0
                73.66665,20.9989,0
                73.66723,20.99983,0
                73.66837,21.00037,0
                73.66916,21.00145,0
                73.66979,21.00206,0
                73.67009,21.00207,0
                73.67065,21.00155,0
                73.67087,21.00135,0
                73.6711,21.00116,0
                73.67128,21.00114,0
                73.67147,21.00118,0
                73.67187,21.00132,0
                73.6723,21.00146,0
                73.67261,21.00152,0
                73.67271,21.00151,0
                73.67326,21.00149,0
                73.67392,21.00142,0
                73.67554,21.00118,0
                73.67572,21.00115,0
                73.67593,21.00112,0
                73.67621,21.00112,0
                73.67652,21.00108,0
                73.67682,21.00118,0
                73.67705,21.00139,0
                73.67719,21.00161,0
                73.67731,21.00178,0
                73.67811,21.00294,0
                73.67852,21.00326,0
                73.67912,21.00346,0
                73.67999,21.00363,0
                73.68091,21.00367,0
                73.68142,21.00374,0
                73.6818,21.00386,0
                73.68269,21.00425,0
                73.68397,21.00478,0
                73.68574,21.00535,0
                73.68701,21.00566,0
                73.68732,21.00567,0
                73.68802,21.00513,0
                73.68959,21.00385,0
                73.69039,21.00314,0
                73.6912,21.00244,0
                73.69239,21.0013,0
                73.69249,21.00121,0
                73.69289,21.00083,0
              </coordinates>
            </LinearRing>
          </outerBoundaryIs>
        </Polygon>
      </Placemark>
      <Placemark id="WG_ESA_2024_GJ.28">
        <name>Kakarda</name>
        <ExtendedData>
          <SchemaData schemaUrl="#WG_ESA_2024_GJ.schema">
            <SimpleData name="esa_category">whole_village</SimpleData>
            <SimpleData name="area_km2">2.052</SimpleData>
          </SchemaData>
        </ExtendedData>
        <Polygon>
          <outerBoundaryIs>
            <LinearRing>
              <coordinates>
                73.53212,20.93159,0
                73.53338,20.93158,0
                73.53417,20.93198,0
                73.53485,20.93285,0
                73.53501,20.93413,0
                73.53526,20.9351,0
                73.53538,20.93627,0
                73.53549,20.9371,0
                73.53563,20.93773,0
                73.53586,20.93762,0
                73.53656,20.93715,0
                73.53743,20.93677,0
                73.53809,20.93641,0
                73.5388,20.93575,0
                73.53991,20.93547,0
                73.54058,20.93518,0
                73.54147,20.93485,0
                73.54255,20.93449,0
                73.54343,20.93431,0
                73.54472,20.93416,0
                73.54477,20.93418,0
                73.54478,20.93416,0
                73.54495,20.93342,0
                73.54439,20.93257,0
                73.54312,20.93114,0
                73.54387,20.93054,0
                73.54431,20.92984,0
                73.54392,20.92802,0
                73.54399,20.92723,0
                73.54392,20.9265,0
                73.54373,20.92618,0
                73.54305,20.92536,0
                73.54306,20.92476,0
                73.54326,20.92468,0
                73.54269,20.92442,0
                73.54111,20.92301,0
                73.54071,20.92246,0
                73.53888,20.92133,0
                73.53791,20.92079,0
                73.53771,20.92078,0
                73.53723,20.92077,0
                73.53668,20.92042,0
                73.5372,20.91892,0
                73.53726,20.91842,0
                73.53729,20.91804,0
                73.53692,20.91782,0
                73.53702,20.91755,0
                73.53648,20.91715,0
                73.53609,20.91745,0
                73.53597,20.91739,0
                73.53599,20.9173,0
                73.5358,20.91713,0
                73.53551,20.9174,0
                73.53519,20.91703,0
                73.53492,20.91731,0
                73.53472,20.91711,0
                73.5345,20.91719,0
                73.53392,20.91698,0
                73.5339,20.91655,0
                73.53371,20.91644,0
                73.5336,20.91532,0
                73.53358,20.91521,0
                73.53294,20.91667,0
                73.53224,20.91742,0
                73.53185,20.91929,0
                73.53099,20.9215,0
                73.53086,20.92218,0
                73.53039,20.92269,0
                73.53009,20.92358,0
                73.53004,20.92435,0
                73.5301,20.9248,0
                73.53014,20.92542,0
                73.53018,20.92581,0
                73.5305,20.92637,0
                73.53077,20.9269,0
                73.53112,20.92722,0
                73.53144,20.92763,0
                73.53219,20.92844,0
                73.53198,20.92974,0
                73.53173,20.93062,0
                73.53096,20.93142,0
                73.53212,20.93159,0
              </coordinates>
            </LinearRing>
          </outerBoundaryIs>
        </Polygon>
      </Placemark>
      <Placemark id="WG_ESA_2024_GJ.29">
        <name>Chikhala (Kalibelsaja)</name>
        <ExtendedData>
          <SchemaData schemaUrl="#WG_ESA_2024_GJ.schema">
            <SimpleData name="esa_category">whole_village</SimpleData>
            <SimpleData name="area_km2">22.433</SimpleData>
          </SchemaData>
        </ExtendedData>
        <Polygon>
          <outerBoundaryIs>
            <LinearRing>
              <coordinates>
                73.6446,20.94596,0
                73.64575,20.94564,0
                73.64694,20.94536,0
                73.64771,20.94538,0
                73.64916,20.94567,0
                73.64952,20.94565,0
                73.65098,20.94556,0
                73.65202,20.94533,0
                73.654,20.94473,0
                73.65507,20.94428,0
                73.65584,20.94381,0
                73.65728,20.94328,0
                73.65742,20.94317,0
                73.65743,20.94318,0
                73.65901,20.94254,0
                73.65993,20.94171,0
                73.66081,20.94108,0
                73.66188,20.94114,0
                73.66316,20.94121,0
                73.6644,20.94133,0
                73.66509,20.94132,0
                73.66559,20.94185,0
                73.66628,20.94274,0
                73.66727,20.94297,0
                73.66817,20.9435,0
                73.66861,20.94406,0
                73.66926,20.94503,0
                73.66999,20.94554,0
                73.67095,20.94577,0
                73.6715,20.94636,0
                73.6728,20.94631,0
                73.6736,20.94581,0
                73.67448,20.94556,0
                73.67517,20.94511,0
                73.67562,20.94467,0
                73.67677,20.94436,0
                73.67738,20.94438,0
                73.67883,20.94374,0
                73.67984,20.94267,0
                73.68066,20.942,0
                73.68135,20.94157,0
                73.68186,20.94103,0
                73.68236,20.94036,0
                73.68292,20.93958,0
                73.68336,20.93897,0
                73.6838,20.93813,0
                73.68417,20.93764,0
                73.68523,20.93595,0
                73.68542,20.93529,0
                73.68573,20.93457,0
                73.68598,20.93367,0
                73.68594,20.93367,0
                73.68448,20.93213,0
                73.68395,20.93102,0
                73.68419,20.93042,0
                73.68335,20.93012,0
                73.68358,20.92885,0
                73.68291,20.92699,0
                73.68237,20.92528,0
                73.6822,20.9241,0
                73.6812,20.92293,0
                73.67974,20.92184,0
                73.67852,20.92095,0
                73.67748,20.91942,0
                73.67683,20.91923,0
                73.67633,20.91895,0
                73.67519,20.91896,0
                73.67466,20.91976,0
                73.67411,20.91873,0
                73.6731,20.91929,0
                73.67257,20.9181,0
                73.6722,20.91814,0
                73.67079,20.91835,0
                73.67024,20.91836,0
                73.66926,20.91895,0
                73.66916,20.9192,0
                73.66876,20.92003,0
                73.66852,20.9208,0
                73.66875,20.92167,0
                73.66736,20.92212,0
                73.6663,20.92247,0
                73.66539,20.92215,0
                73.66546,20.92243,0
                73.66543,20.92243,0
                73.66325,20.92353,0
                73.661,20.92368,0
                73.6599,20.92357,0
                73.65896,20.92315,0
                73.65742,20.92462,0
                73.65675,20.92298,0
                73.65673,20.92298,0
                73.65503,20.92292,0
                73.65423,20.92264,0
                73.65353,20.92249,0
                73.6532,20.92249,0
                73.65254,20.92281,0
                73.65235,20.92223,0
                73.65216,20.92166,0
                73.65187,20.92133,0
                73.65173,20.9197,0
                73.65165,20.91819,0
                73.65161,20.91724,0
                73.65166,20.91604,0
                73.65127,20.91482,0
                73.65073,20.91409,0
                73.65028,20.91364,0
                73.64989,20.91364,0
                73.64975,20.91331,0
                73.64964,20.91315,0
                73.6489,20.91274,0
                73.64837,20.91203,0
                73.64809,20.91143,0
                73.64769,20.91069,0
                73.647,20.91035,0
                73.64651,20.91034,0
                73.6453,20.91031,0
                73.64429,20.91003,0
                73.64327,20.90996,0
                73.64257,20.90993,0
                73.64189,20.91011,0
                73.64138,20.91044,0
                73.64092,20.9107,0
                73.64024,20.91071,0
                73.63904,20.91023,0
                73.63736,20.9097,0
                73.63568,20.90919,0
                73.63413,20.90865,0
                73.6332,20.90808,0
                73.63188,20.90655,0
                73.63148,20.90582,0
                73.63122,20.90535,0
                73.63069,20.9037,0
                73.6308,20.90202,0
                73.63184,20.90189,0
                73.63198,20.90042,0
                73.63377,20.89742,0
                73.6338,20.8955,0
                73.63201,20.89477,0
                73.6295,20.89581,0
                73.62798,20.89668,0
                73.62661,20.89746,0
                73.62352,20.89942,0
                73.62229,20.90122,0
                73.62033,20.90558,0
                73.61969,20.90902,0
                73.61837,20.91098,0
                73.61705,20.91277,0
                73.61652,20.91363,0
                73.61653,20.91365,0
                73.61651,20.91365,0
                73.61661,20.91582,0
                73.61691,20.91863,0
                73.6179,20.91961,0
                73.61797,20.92008,0
                73.61792,20.92053,0
                73.61796,20.92095,0
                73.61796,20.92138,0
                73.61788,20.92192,0
                73.61779,20.92242,0
                73.61778,20.92291,0
                73.61779,20.9235,0
                73.61694,20.92628,0
                73.6161,20.92587,0
                73.61539,20.92656,0
                73.61532,20.92703,0
                73.61501,20.92739,0
                73.61478,20.92767,0
                73.61442,20.92773,0
                73.6137,20.92752,0
                73.61286,20.92662,0
                73.61258,20.92651,0
                73.61183,20.92862,0
                73.61174,20.93072,0
                73.61138,20.93212,0
                73.61138,20.93215,0
                73.61559,20.93478,0
                73.61774,20.93623,0
                73.62207,20.93893,0
                73.62575,20.94134,0
                73.62827,20.94306,0
                73.62916,20.94366,0
                73.63053,20.94457,0
                73.63196,20.94537,0
                73.63229,20.94535,0
                73.63228,20.94533,0
                73.63349,20.94446,0
                73.63403,20.94447,0
                73.63473,20.94459,0
                73.63549,20.94436,0
                73.63713,20.94538,0
                73.63822,20.94601,0
                73.63938,20.94632,0
                73.64059,20.94617,0
                73.64171,20.94656,0
                73.64263,20.94655,0
                73.64353,20.94637,0
                73.6446,20.94596,0
              </coordinates>
            </LinearRing>
          </outerBoundaryIs>
        </Polygon>
      </Placemark>
      <Placemark id="WG_ESA_2024_GJ.30">
        <name>Sawardakasad</name>
        <ExtendedData>
          <SchemaData schemaUrl="#WG_ESA_2024_GJ.schema">
            <SimpleData name="esa_category">whole_village</SimpleData>
            <SimpleData name="area_km2">13.803</SimpleData>
          </SchemaData>
        </ExtendedData>
        <Polygon>
          <outerBoundaryIs>
            <LinearRing>
              <coordinates>
                73.65896,20.92315,0
                73.6599,20.92357,0
                73.661,20.92368,0
                73.66325,20.92353,0
                73.66543,20.92243,0
                73.66546,20.92243,0
                73.66539,20.92215,0
                73.66516,20.92117,0
                73.6632,20.91945,0
                73.66311,20.91767,0
                73.66389,20.916,0
                73.66523,20.91454,0
                73.66698,20.91372,0
                73.66821,20.91295,0
                73.66879,20.91237,0
                73.66916,20.91185,0
                73.66947,20.91104,0
                73.66928,20.91025,0
                73.66902,20.9096,0
                73.66828,20.90907,0
                73.66765,20.90868,0
                73.66661,20.90821,0
                73.66577,20.9079,0
                73.66394,20.9073,0
                73.66265,20.9065,0
                73.66182,20.90624,0
                73.66045,20.90526,0
                73.66019,20.90448,0
                73.66018,20.90396,0
                73.66052,20.90345,0
                73.66113,20.90299,0
                73.66183,20.90268,0
                73.66243,20.90245,0
                73.66417,20.90165,0
                73.66596,20.90198,0
                73.66846,20.90283,0
                73.6699,20.90342,0
                73.67156,20.90361,0
                73.67331,20.90403,0
                73.6733,20.90409,0
                73.67355,20.90408,0
                73.67572,20.90429,0
                73.67712,20.90427,0
                73.67876,20.90357,0
                73.68036,20.90255,0
                73.68128,20.9015,0
                73.68189,20.90028,0
                73.68197,20.90029,0
                73.68254,20.89921,0
                73.68359,20.89789,0
                73.68425,20.89736,0
                73.68521,20.89684,0
                73.68653,20.89665,0
                73.68837,20.89631,0
                73.69052,20.8962,0
                73.69048,20.8963,0
                73.69065,20.8962,0
                73.69383,20.89616,0
                73.69594,20.89588,0
                73.69699,20.89446,0
                73.69721,20.89442,0
                73.69768,20.89334,0
                73.69955,20.89064,0
                73.69847,20.88634,0
                73.69745,20.88006,0
                73.69764,20.8789,0
                73.69784,20.87692,0
                73.69693,20.87685,0
                73.69593,20.87672,0
                73.69424,20.87713,0
                73.69346,20.87741,0
                73.69292,20.87601,0
                73.69254,20.87482,0
                73.69197,20.87305,0
                73.6916,20.87109,0
                73.69129,20.86886,0
                73.69111,20.86728,0
                73.69077,20.86441,0
                73.69278,20.86358,0
                73.69302,20.86343,0
                73.69301,20.86194,0
                73.693,20.861,0
                73.6929,20.85946,0
                73.69374,20.85932,0
                73.69407,20.85933,0
                73.69415,20.85893,0
                73.6941,20.85875,0
                73.6939,20.85808,0
                73.69362,20.85748,0
                73.69345,20.85683,0
                73.69357,20.85636,0
                73.69417,20.85568,0
                73.69399,20.855,0
                73.69246,20.85549,0
                73.6923,20.85577,0
                73.68897,20.85653,0
                73.68692,20.85577,0
                73.68696,20.85588,0
                73.68699,20.85695,0
                73.68706,20.85848,0
                73.68712,20.86026,0
                73.68642,20.86196,0
                73.68582,20.86251,0
                73.68549,20.86282,0
                73.68471,20.86349,0
                73.68406,20.86434,0
                73.68306,20.8651,0
                73.68224,20.86626,0
                73.68073,20.8663,0
                73.68035,20.86545,0
                73.67984,20.86399,0
                73.67905,20.86372,0
                73.67783,20.86435,0
                73.6772,20.86587,0
                73.67674,20.86622,0
                73.67589,20.86731,0
                73.6755,20.86756,0
                73.67482,20.86805,0
                73.67411,20.86818,0
                73.67262,20.86826,0
                73.67262,20.86823,0
                73.67229,20.86841,0
                73.67189,20.86861,0
                73.67165,20.8688,0
                73.67098,20.86913,0
                73.67065,20.86927,0
                73.67049,20.86932,0
                73.67036,20.86937,0
                73.67006,20.86935,0
                73.66998,20.86912,0
                73.66981,20.86872,0
                73.66964,20.86834,0
                73.66945,20.86801,0
                73.66936,20.86778,0
                73.66904,20.86756,0
                73.66858,20.86795,0
                73.66828,20.8681,0
                73.66785,20.86824,0
                73.66739,20.86824,0
                73.66731,20.86814,0
                73.66685,20.86817,0
                73.6668,20.86861,0
                73.66686,20.86904,0
                73.667,20.86929,0
                73.66714,20.86947,0
                73.66722,20.86964,0
                73.66742,20.86994,0
                73.66794,20.87052,0
                73.66786,20.87085,0
                73.66782,20.87134,0
                73.66777,20.87198,0
                73.66783,20.87234,0
                73.66754,20.8726,0
                73.66733,20.87328,0
                73.66707,20.874,0
                73.66699,20.87436,0
                73.66681,20.87474,0
                73.66679,20.87512,0
                73.66676,20.87543,0
                73.66661,20.87586,0
                73.66634,20.87624,0
                73.6661,20.87648,0
                73.66586,20.87676,0
                73.66565,20.87717,0
                73.66555,20.87747,0
                73.66533,20.87786,0
                73.66518,20.87811,0
                73.66516,20.87865,0
                73.66516,20.87901,0
                73.66514,20.87929,0
                73.66501,20.87975,0
                73.66504,20.88015,0
                73.66505,20.88051,0
                73.66497,20.88089,0
                73.66497,20.88119,0
                73.66503,20.88155,0
                73.66512,20.8819,0
                73.66539,20.88223,0
                73.66551,20.88263,0
                73.66562,20.88294,0
                73.66582,20.88344,0
                73.66582,20.88367,0
                73.66555,20.8838,0
                73.66452,20.88389,0
                73.66404,20.88385,0
                73.66377,20.88401,0
                73.66399,20.88418,0
                73.66429,20.88479,0
                73.66432,20.88502,0
                73.6643,20.88542,0
                73.6645,20.88567,0
                73.66452,20.88578,0
                73.66466,20.88605,0
                73.66477,20.88623,0
                73.66499,20.88648,0
                73.66505,20.88668,0
                73.66505,20.88694,0
                73.66506,20.88724,0
                73.66509,20.88744,0
                73.66501,20.8876,0
                73.66485,20.88783,0
                73.66474,20.88801,0
                73.66436,20.88799,0
                73.66409,20.88774,0
                73.66398,20.88756,0
                73.66365,20.88749,0
                73.66325,20.88765,0
                73.66336,20.8879,0
                73.66316,20.88899,0
                73.66336,20.88955,0
                73.66366,20.8901,0
                73.66405,20.89066,0
                73.66422,20.89096,0
                73.6643,20.89116,0
                73.66436,20.89134,0
                73.66433,20.8917,0
                73.66431,20.8919,0
                73.66404,20.89218,0
                73.66353,20.89234,0
                73.66304,20.89216,0
                73.66249,20.89221,0
                73.66249,20.8924,0
                73.66234,20.89283,0
                73.66199,20.89283,0
                73.66169,20.89336,0
                73.66182,20.89357,0
                73.66189,20.89384,0
                73.66176,20.89417,0
                73.66138,20.89448,0
                73.66065,20.89497,0
                73.66011,20.89525,0
                73.6596,20.89543,0
                73.65905,20.89568,0
                73.65848,20.89599,0
                73.65784,20.89639,0
                73.65769,20.8966,0
                73.65734,20.89715,0
                73.65707,20.89815,0
                73.65676,20.89942,0
                73.65673,20.8996,0
                73.65675,20.901,0
                73.65682,20.9016,0
                73.65693,20.90223,0
                73.65706,20.90265,0
                73.65713,20.90298,0
                73.65753,20.90361,0
                73.65812,20.9049,0
                73.65861,20.90549,0
                73.65897,20.90582,0
                73.65959,20.90629,0
                73.65981,20.90644,0
                73.66062,20.90673,0
                73.66117,20.9069,0
                73.66162,20.90711,0
                73.6622,20.90731,0
                73.66291,20.90784,0
                73.66383,20.90867,0
                73.66407,20.90905,0
                73.66435,20.90937,0
                73.66533,20.9103,0
                73.66496,20.91128,0
                73.6648,20.91183,0
                73.66418,20.91422,0
                73.66375,20.91558,0
                73.66278,20.9172,0
                73.66244,20.91762,0
                73.66203,20.91769,0
                73.66158,20.91751,0
                73.66114,20.91767,0
                73.66059,20.91787,0
                73.66021,20.91807,0
                73.65977,20.91808,0
                73.65881,20.91809,0
                73.65795,20.91817,0
                73.65671,20.91822,0
                73.65587,20.91847,0
                73.65589,20.91848,0
                73.65627,20.92137,0
                73.65673,20.92298,0
                73.65675,20.92298,0
                73.65742,20.92462,0
                73.65896,20.92315,0
              </coordinates>
            </LinearRing>
          </outerBoundaryIs>
        </Polygon>
      </Placemark>
      <Placemark id="WG_ESA_2024_GJ.31">
        <name>Mahal</name>
        <ExtendedData>
          <SchemaData schemaUrl="#WG_ESA_2024_GJ.schema">
            <SimpleData name="esa_category">whole_village</SimpleData>
            <SimpleData name="area_km2">2.507</SimpleData>
          </SchemaData>
        </ExtendedData>
        <Polygon>
          <outerBoundaryIs>
            <LinearRing>
              <coordinates>
                73.67331,20.90403,0
                73.67156,20.90361,0
                73.6699,20.90342,0
                73.66846,20.90283,0
                73.66596,20.90198,0
                73.66417,20.90165,0
                73.66243,20.90245,0
                73.66183,20.90268,0
                73.66113,20.90299,0
                73.66052,20.90345,0
                73.66018,20.90396,0
                73.66019,20.90448,0
                73.66045,20.90526,0
                73.66182,20.90624,0
                73.66265,20.9065,0
                73.66394,20.9073,0
                73.66577,20.9079,0
                73.66661,20.90821,0
                73.66765,20.90868,0
                73.66828,20.90907,0
                73.66902,20.9096,0
                73.66928,20.91025,0
                73.66947,20.91104,0
                73.66916,20.91185,0
                73.66879,20.91237,0
                73.66821,20.91295,0
                73.66698,20.91372,0
                73.66523,20.91454,0
                73.66389,20.916,0
                73.66311,20.91767,0
                73.6632,20.91945,0
                73.66516,20.92117,0
                73.66539,20.92215,0
                73.6663,20.92247,0
                73.66736,20.92212,0
                73.66875,20.92167,0
                73.66852,20.9208,0
                73.66876,20.92003,0
                73.66916,20.9192,0
                73.66926,20.91895,0
                73.67024,20.91836,0
                73.67079,20.91835,0
                73.6722,20.91814,0
                73.67257,20.9181,0
                73.6731,20.91929,0
                73.67411,20.91873,0
                73.67466,20.91976,0
                73.67519,20.91896,0
                73.67633,20.91895,0
                73.67683,20.91923,0
                73.67748,20.91942,0
                73.67852,20.92095,0
                73.67974,20.92184,0
                73.6812,20.92293,0
                73.6822,20.9241,0
                73.68237,20.92528,0
                73.68291,20.92699,0
                73.68358,20.92885,0
                73.68335,20.93012,0
                73.68419,20.93042,0
                73.68444,20.92977,0
                73.68467,20.92901,0
                73.68431,20.92735,0
                73.68488,20.92631,0
                73.68453,20.92494,0
                73.68471,20.92398,0
                73.68439,20.9235,0
                73.68392,20.92332,0
                73.68322,20.92295,0
                73.68264,20.92158,0
                73.68167,20.92014,0
                73.68121,20.91923,0
                73.68145,20.91897,0
                73.68057,20.91772,0
                73.67985,20.91778,0
                73.67918,20.91764,0
                73.67868,20.91654,0
                73.67846,20.91633,0
                73.67856,20.91604,0
                73.67853,20.9157,0
                73.67808,20.91497,0
                73.67807,20.91497,0
                73.67807,20.9149,0
                73.67828,20.91438,0
                73.67777,20.91247,0
                73.67676,20.91062,0
                73.67497,20.90891,0
                73.67439,20.90796,0
                73.67504,20.90747,0
                73.67466,20.90719,0
                73.67282,20.90578,0
                73.6733,20.90409,0
                73.67331,20.90403,0
              </coordinates>
            </LinearRing>
          </outerBoundaryIs>
        </Polygon>
      </Placemark>
      <Placemark id="WG_ESA_2024_GJ.32">
        <name>Chikar (Jhavdasaja)</name>
        <ExtendedData>
          <SchemaData schemaUrl="#WG_ESA_2024_GJ.schema">
            <SimpleData name="esa_category">whole_village</SimpleData>
            <SimpleData name="area_km2">6.326</SimpleData>
          </SchemaData>
        </ExtendedData>
        <Polygon>
          <outerBoundaryIs>
            <LinearRing>
              <coordinates>
                73.51735,20.85236,0
                73.51722,20.85012,0
                73.51702,20.84892,0
                73.51748,20.8484,0
                73.51735,20.84743,0
                73.5176,20.84652,0
                73.51714,20.84549,0
                73.51778,20.84508,0
                73.51788,20.84409,0
                73.51784,20.84286,0
                73.51769,20.84162,0
                73.51952,20.84077,0
                73.52084,20.83927,0
                73.52171,20.83822,0
                73.52106,20.83786,0
                73.52046,20.83762,0
                73.51943,20.83743,0
                73.51852,20.83722,0
                73.51726,20.83676,0
                73.51688,20.83692,0
                73.51636,20.83691,0
                73.51566,20.83673,0
                73.51555,20.83645,0
                73.51556,20.83577,0
                73.51539,20.83563,0
                73.51512,20.83567,0
                73.51452,20.8359,0
                73.51442,20.83581,0
                73.51442,20.83544,0
                73.51445,20.83473,0
                73.51421,20.83462,0
                73.51375,20.83452,0
                73.51352,20.83409,0
                73.51357,20.83382,0
                73.51355,20.83331,0
                73.51345,20.83285,0
                73.51365,20.83237,0
                73.514,20.8324,0
                73.51411,20.83263,0
                73.51418,20.83293,0
                73.51426,20.8334,0
                73.51434,20.83361,0
                73.5145,20.83364,0
                73.51471,20.83366,0
                73.51498,20.83355,0
                73.51529,20.83324,0
                73.51548,20.83294,0
                73.5159,20.83266,0
                73.51641,20.83254,0
                73.51656,20.83286,0
                73.51669,20.83317,0
                73.51688,20.83317,0
                73.51709,20.83306,0
                73.51658,20.83187,0
                73.51597,20.83131,0
                73.51606,20.83091,0
                73.51655,20.83034,0
                73.51663,20.82999,0
                73.51705,20.82927,0
                73.51705,20.82856,0
                73.51772,20.82782,0
                73.51785,20.82768,0
                73.51768,20.82741,0
                73.51725,20.82691,0
                73.51657,20.82634,0
                73.51574,20.82571,0
                73.51527,20.82567,0
                73.51462,20.82573,0
                73.51414,20.8255,0
                73.51344,20.82494,0
                73.51258,20.82423,0
                73.51158,20.82349,0
                73.5107,20.82279,0
                73.51022,20.82252,0
                73.50853,20.82242,0
                73.50773,20.82228,0
                73.50711,20.82173,0
                73.50676,20.82143,0
                73.50657,20.82128,0
                73.50542,20.82144,0
                73.50421,20.82132,0
                73.50326,20.82059,0
                73.50199,20.81981,0
                73.50072,20.81932,0
                73.49897,20.81892,0
                73.49678,20.81867,0
                73.49615,20.81922,0
                73.49605,20.81921,0
                73.49602,20.82036,0
                73.49613,20.82302,0
                73.49619,20.82372,0
                73.49606,20.82437,0
                73.49693,20.82518,0
                73.49802,20.82633,0
                73.49919,20.82792,0
                73.49965,20.82874,0
                73.49945,20.83032,0
                73.4989,20.83129,0
                73.4983,20.83317,0
                73.49805,20.83561,0
                73.49866,20.83842,0
                73.49883,20.83895,0
                73.49886,20.83907,0
                73.49892,20.83926,0
                73.49928,20.83985,0
                73.5,20.84004,0
                73.50012,20.84007,0
                73.5009,20.84028,0
                73.5034,20.84218,0
                73.50485,20.84373,0
                73.5048,20.844,0
                73.50359,20.84608,0
                73.50306,20.84776,0
                73.50267,20.84957,0
                73.50277,20.85096,0
                73.50282,20.8516,0
                73.5032,20.85284,0
                73.50354,20.85397,0
                73.50311,20.85513,0
                73.50281,20.85595,0
                73.50311,20.85695,0
                73.50355,20.85775,0
                73.50425,20.85816,0
                73.50496,20.85841,0
                73.50529,20.85805,0
                73.50584,20.8573,0
                73.50588,20.85649,0
                73.50587,20.85525,0
                73.50658,20.85469,0
                73.50776,20.85485,0
                73.50871,20.85497,0
                73.50974,20.85558,0
                73.51079,20.85596,0
                73.51205,20.85597,0
                73.51326,20.85586,0
                73.51406,20.85561,0
                73.51524,20.85515,0
                73.51673,20.85464,0
                73.51696,20.85455,0
                73.51713,20.8536,0
                73.51735,20.85236,0
              </coordinates>
            </LinearRing>
          </outerBoundaryIs>
        </Polygon>
      </Placemark>
      <Placemark id="WG_ESA_2024_GJ.33">
        <name>Jhari</name>
        <ExtendedData>
          <SchemaData schemaUrl="#WG_ESA_2024_GJ.schema">
            <SimpleData name="esa_category">whole_village</SimpleData>
            <SimpleData name="area_km2">9.466</SimpleData>
          </SchemaData>
        </ExtendedData>
        <Polygon>
          <outerBoundaryIs>
            <LinearRing>
              <coordinates>
                73.93997,20.83906,0
                73.93956,20.83875,0
                73.93942,20.83855,0
                73.93938,20.8385,0
                73.93936,20.83846,0
                73.93927,20.83753,0
                73.93925,20.83725,0
                73.93936,20.83469,0
                73.93937,20.83459,0
                73.93937,20.83438,0
                73.93967,20.8333,0
                73.93968,20.83329,0
                73.9399,20.83232,0
                73.93996,20.83207,0
                73.94037,20.83102,0
                73.94051,20.83055,0
                73.94046,20.82965,0
                73.94046,20.82957,0
                73.94056,20.82847,0
                73.94085,20.82779,0
                73.94127,20.82727,0
                73.94142,20.8272,0
                73.94154,20.82713,0
                73.94164,20.82708,0
                73.94218,20.82663,0
                73.94306,20.82539,0
                73.9434,20.82499,0
                73.9436,20.82475,0
                73.9438,20.82456,0
                73.94396,20.82441,0
                73.94399,20.8243,0
                73.94403,20.82409,0
                73.94404,20.82404,0
                73.94404,20.82379,0
                73.94404,20.82377,0
                73.94377,20.82353,0
                73.94367,20.82343,0
                73.94323,20.82345,0
                73.94214,20.8235,0
                73.9421,20.8235,0
                73.94213,20.82306,0
                73.94206,20.82234,0
                73.9415,20.82141,0
                73.94114,20.82081,0
                73.94037,20.81916,0
                73.93892,20.81605,0
                73.93885,20.81587,0
                73.93881,20.81578,0
                73.93793,20.81648,0
                73.93687,20.81714,0
                73.93604,20.81765,0
                73.93423,20.81884,0
                73.93361,20.81928,0
                73.93156,20.81917,0
                73.93056,20.81913,0
                73.92941,20.81901,0
                73.92834,20.81915,0
                73.92727,20.81917,0
                73.92577,20.8192,0
                73.92506,20.81926,0
                73.92482,20.81944,0
                73.92431,20.81914,0
                73.92425,20.81917,0
                73.92344,20.81968,0
                73.92409,20.81832,0
                73.92352,20.81802,0
                73.92254,20.81751,0
                73.92222,20.8171,0
                73.92115,20.81643,0
                73.9201,20.81603,0
                73.92006,20.81596,0
                73.91928,20.81614,0
                73.91853,20.81617,0
                73.91786,20.81621,0
                73.91716,20.81634,0
                73.91671,20.81639,0
                73.91627,20.81628,0
                73.91561,20.81621,0
                73.91525,20.81637,0
                73.91493,20.81671,0
                73.91467,20.81683,0
                73.91418,20.81669,0
                73.91363,20.81688,0
                73.91292,20.81703,0
                73.91258,20.81693,0
                73.91169,20.81595,0
                73.91092,20.81577,0
                73.9106,20.81626,0
                73.91016,20.81717,0
                73.90938,20.81771,0
                73.90879,20.81792,0
                73.90779,20.81792,0
                73.90715,20.81783,0
                73.90651,20.81708,0
                73.90752,20.81671,0
                73.90808,20.81558,0
                73.90804,20.81473,0
                73.9081,20.81377,0
                73.90851,20.8126,0
                73.90869,20.81227,0
                73.90842,20.81213,0
                73.90783,20.81152,0
                73.90725,20.81225,0
                73.90713,20.81378,0
                73.90655,20.81351,0
                73.90621,20.81352,0
                73.90624,20.81295,0
                73.90627,20.81161,0
                73.90582,20.8108,0
                73.90534,20.81024,0
                73.90457,20.81027,0
                73.90387,20.81027,0
                73.90332,20.81036,0
                73.90324,20.8109,0
                73.90292,20.81122,0
                73.90298,20.81206,0
                73.90258,20.81265,0
                73.90164,20.81291,0
                73.90139,20.81258,0
                73.90076,20.81286,0
                73.89927,20.81341,0
                73.89907,20.81353,0
                73.89887,20.81371,0
                73.89874,20.81387,0
                73.89884,20.81442,0
                73.89735,20.81473,0
                73.89731,20.81524,0
                73.89742,20.81608,0
                73.89739,20.81619,0
                73.89768,20.81639,0
                73.89856,20.81763,0
                73.89897,20.81862,0
                73.89982,20.8202,0
                73.90029,20.82141,0
                73.90082,20.82211,0
                73.90166,20.82262,0
                73.90169,20.82267,0
                73.90172,20.82263,0
                73.90223,20.82302,0
                73.90277,20.82361,0
                73.90385,20.82442,0
                73.90551,20.8255,0
                73.90626,20.82626,0
                73.90671,20.8277,0
                73.90682,20.82858,0
                73.9071,20.82897,0
                73.90749,20.82924,0
                73.90836,20.82947,0
                73.90902,20.83074,0
                73.90973,20.83114,0
                73.90984,20.83155,0
                73.9101,20.83191,0
                73.91028,20.83214,0
                73.91059,20.83217,0
                73.91038,20.83293,0
                73.91062,20.83318,0
                73.91037,20.83423,0
                73.91042,20.83543,0
                73.91044,20.83563,0
                73.9103,20.83655,0
                73.91038,20.83714,0
                73.91049,20.8379,0
                73.91036,20.83818,0
                73.91048,20.83858,0
                73.9105,20.84014,0
                73.91099,20.84005,0
                73.91252,20.84045,0
                73.91339,20.83837,0
                73.91414,20.83558,0
                73.91567,20.83595,0
                73.91746,20.83638,0
                73.91894,20.83755,0
                73.91982,20.83754,0
                73.92106,20.83948,0
                73.92088,20.84006,0
                73.92119,20.84059,0
                73.92124,20.84173,0
                73.92187,20.8422,0
                73.92315,20.84313,0
                73.92387,20.84345,0
                73.92569,20.84621,0
                73.92589,20.84668,0
                73.92604,20.84669,0
                73.92632,20.8467,0
                73.92655,20.84707,0
                73.92656,20.84732,0
                73.92689,20.84731,0
                73.92741,20.84732,0
                73.92761,20.84736,0
                73.92796,20.84662,0
                73.92828,20.84525,0
                73.92831,20.84513,0
                73.92872,20.84364,0
                73.92908,20.8429,0
                73.92935,20.84236,0
                73.92959,20.84231,0
                73.92991,20.84225,0
                73.9306,20.84216,0
                73.93119,20.84208,0
                73.93139,20.84205,0
                73.93153,20.84203,0
                73.93227,20.84188,0
                73.93279,20.84185,0
                73.93636,20.84136,0
                73.93772,20.84063,0
                73.94016,20.83953,0
                73.94027,20.83948,0
                73.94033,20.83946,0
                73.94033,20.83945,0
                73.94032,20.83944,0
                73.93997,20.83906,0
              </coordinates>
            </LinearRing>
          </outerBoundaryIs>
        </Polygon>
      </Placemark>
      <Placemark id="WG_ESA_2024_GJ.34">
        <name>Wadiawan</name>
        <ExtendedData>
          <SchemaData schemaUrl="#WG_ESA_2024_GJ.schema">
            <SimpleData name="esa_category">whole_village</SimpleData>
            <SimpleData name="area_km2">12.563</SimpleData>
          </SchemaData>
        </ExtendedData>
        <Polygon>
          <outerBoundaryIs>
            <LinearRing>
              <coordinates>
                73.92431,20.81914,0
                73.92482,20.81944,0
                73.92506,20.81926,0
                73.92577,20.8192,0
                73.92727,20.81917,0
                73.92834,20.81915,0
                73.92941,20.81901,0
                73.93056,20.81913,0
                73.93156,20.81917,0
                73.93361,20.81928,0
                73.93423,20.81884,0
                73.93604,20.81765,0
                73.93687,20.81714,0
                73.93793,20.81648,0
                73.93881,20.81578,0
                73.93872,20.81556,0
                73.9387,20.81551,0
                73.93861,20.8152,0
                73.93847,20.81468,0
                73.93816,20.81422,0
                73.93802,20.8141,0
                73.93779,20.81389,0
                73.93759,20.81375,0
                73.93601,20.81263,0
                73.9354,20.81214,0
                73.93538,20.81212,0
                73.93388,20.81086,0
                73.93358,20.81057,0
                73.93292,20.80995,0
                73.93272,20.80976,0
                73.93222,20.80929,0
                73.93196,20.80894,0
                73.93193,20.8089,0
                73.93192,20.80863,0
                73.93211,20.80807,0
                73.93258,20.80756,0
                73.93346,20.80653,0
                73.93437,20.80521,0
                73.93445,20.80491,0
                73.93452,20.80465,0
                73.93461,20.80446,0
                73.93494,20.80374,0
                73.93538,20.80293,0
                73.9356,20.80253,0
                73.93603,20.80197,0
                73.93609,20.80172,0
                73.93611,20.80133,0
                73.93612,20.8009,0
                73.93603,20.80039,0
                73.93588,20.79949,0
                73.93567,20.79912,0
                73.93558,20.79896,0
                73.93557,20.79894,0
                73.93501,20.79816,0
                73.93473,20.79776,0
                73.93471,20.79774,0
                73.93444,20.79731,0
                73.93418,20.79691,0
                73.93411,20.79664,0
                73.93404,20.79635,0
                73.9339,20.79555,0
                73.9337,20.79467,0
                73.93369,20.79466,0
                73.93362,20.79419,0
                73.93358,20.79394,0
                73.93335,20.79346,0
                73.93306,20.79247,0
                73.93304,20.79233,0
                73.93298,20.79187,0
                73.93291,20.79076,0
                73.93297,20.79055,0
                73.933,20.79043,0
                73.93343,20.78986,0
                73.93347,20.7897,0
                73.93354,20.78942,0
                73.93326,20.78856,0
                73.93312,20.78785,0
                73.93311,20.78777,0
                73.93311,20.78766,0
                73.93316,20.78674,0
                73.93333,20.78498,0
                73.93351,20.78368,0
                73.93357,20.78325,0
                73.9336,20.78284,0
                73.93371,20.7813,0
                73.93405,20.77862,0
                73.93428,20.77685,0
                73.93455,20.77513,0
                73.9346,20.77436,0
                73.93473,20.77333,0
                73.93473,20.77331,0
                73.93395,20.77273,0
                73.93375,20.77251,0
                73.93373,20.77249,0
                73.9337,20.77245,0
                73.93367,20.77243,0
                73.93365,20.77228,0
                73.93366,20.77183,0
                73.93375,20.77109,0
                73.93381,20.77059,0
                73.93381,20.77037,0
                73.93381,20.77022,0
                73.93368,20.76902,0
                73.93354,20.76773,0
                73.93353,20.76759,0
                73.93352,20.76751,0
                73.93352,20.7673,0
                73.93351,20.76721,0
                73.93323,20.76656,0
                73.93298,20.76546,0
                73.93282,20.76441,0
                73.93271,20.76365,0
                73.93259,20.76321,0
                73.93247,20.76274,0
                73.93225,20.76173,0
                73.93225,20.76172,0
                73.93217,20.76136,0
                73.93215,20.76132,0
                73.93203,20.76109,0
                73.93191,20.76085,0
                73.93186,20.76062,0
                73.93175,20.76165,0
                73.93144,20.76453,0
                73.93144,20.76454,0
                73.93128,20.76502,0
                73.93114,20.76531,0
                73.93013,20.76808,0
                73.92904,20.771,0
                73.92771,20.77452,0
                73.92804,20.77596,0
                73.92805,20.77598,0
                73.92812,20.77616,0
                73.92823,20.77644,0
                73.92845,20.77669,0
                73.92854,20.77704,0
                73.92851,20.77741,0
                73.92848,20.77761,0
                73.92858,20.77803,0
                73.92857,20.77802,0
                73.925,20.77857,0
                73.92171,20.77911,0
                73.91767,20.7807,0
                73.91659,20.78165,0
                73.91589,20.78131,0
                73.91577,20.78136,0
                73.91521,20.78113,0
                73.9146,20.7811,0
                73.91429,20.78138,0
                73.91295,20.7814,0
                73.91217,20.78131,0
                73.91183,20.78134,0
                73.91028,20.78116,0
                73.9099,20.78128,0
                73.90935,20.78128,0
                73.90899,20.78148,0
                73.90823,20.78167,0
                73.9076,20.78183,0
                73.90692,20.782,0
                73.90609,20.78228,0
                73.90569,20.78237,0
                73.90528,20.7824,0
                73.90489,20.78246,0
                73.90522,20.78279,0
                73.90534,20.78323,0
                73.90573,20.78404,0
                73.90609,20.78472,0
                73.90639,20.78506,0
                73.90658,20.78537,0
                73.90723,20.78564,0
                73.90749,20.78596,0
                73.90759,20.78629,0
                73.90772,20.78637,0
                73.90781,20.78652,0
                73.90781,20.78675,0
                73.90745,20.78712,0
                73.90705,20.78726,0
                73.90674,20.78761,0
                73.90664,20.78796,0
                73.90675,20.78825,0
                73.9067,20.78851,0
                73.90728,20.78917,0
                73.90721,20.79033,0
                73.9069,20.79038,0
                73.90633,20.79051,0
                73.90626,20.79103,0
                73.90638,20.79144,0
                73.90652,20.79186,0
                73.90653,20.79194,0
                73.90664,20.79273,0
                73.90697,20.79301,0
                73.90774,20.79372,0
                73.90798,20.79425,0
                73.90818,20.79507,0
                73.90823,20.79559,0
                73.908,20.79649,0
                73.90774,20.79732,0
                73.90752,20.79742,0
                73.90744,20.79797,0
                73.90753,20.79934,0
                73.90735,20.7997,0
                73.90636,20.80094,0
                73.90573,20.80191,0
                73.90535,20.80213,0
                73.90393,20.80287,0
                73.90337,20.8034,0
                73.90394,20.80391,0
                73.90393,20.80413,0
                73.90396,20.80477,0
                73.90413,20.80515,0
                73.90421,20.80561,0
                73.90414,20.80603,0
                73.90419,20.80668,0
                73.9042,20.80722,0
                73.90427,20.80732,0
                73.90424,20.80772,0
                73.90414,20.80822,0
                73.90401,20.80848,0
                73.90407,20.80961,0
                73.90341,20.80968,0
                73.90309,20.80979,0
                73.90337,20.81007,0
                73.90332,20.81036,0
                73.90387,20.81027,0
                73.90457,20.81027,0
                73.90534,20.81024,0
                73.90582,20.8108,0
                73.90627,20.81161,0
                73.90624,20.81295,0
                73.90621,20.81352,0
                73.90655,20.81351,0
                73.90713,20.81378,0
                73.90725,20.81225,0
                73.90783,20.81152,0
                73.90842,20.81213,0
                73.90869,20.81227,0
                73.90851,20.8126,0
                73.9081,20.81377,0
                73.90804,20.81473,0
                73.90808,20.81558,0
                73.90752,20.81671,0
                73.90651,20.81708,0
                73.90715,20.81783,0
                73.90779,20.81792,0
                73.90879,20.81792,0
                73.90938,20.81771,0
                73.91016,20.81717,0
                73.9106,20.81626,0
                73.91092,20.81577,0
                73.91169,20.81595,0
                73.91258,20.81693,0
                73.91292,20.81703,0
                73.91363,20.81688,0
                73.91418,20.81669,0
                73.91467,20.81683,0
                73.91493,20.81671,0
                73.91525,20.81637,0
                73.91561,20.81621,0
                73.91627,20.81628,0
                73.91671,20.81639,0
                73.91716,20.81634,0
                73.91786,20.81621,0
                73.91853,20.81617,0
                73.91928,20.81614,0
                73.92006,20.81596,0
                73.9201,20.81603,0
                73.92115,20.81643,0
                73.92222,20.8171,0
                73.92254,20.81751,0
                73.92352,20.81802,0
                73.92409,20.81832,0
                73.92344,20.81968,0
                73.92425,20.81917,0
                73.92431,20.81914,0
              </coordinates>
            </LinearRing>
          </outerBoundaryIs>
        </Polygon>
      </Placemark>
      <Placemark id="WG_ESA_2024_GJ.35">
        <name>Chinchdhara</name>
        <ExtendedData>
          <SchemaData schemaUrl="#WG_ESA_2024_GJ.schema">
            <SimpleData name="esa_category">whole_village</SimpleData>
            <SimpleData name="area_km2">1.783</SimpleData>
          </SchemaData>
        </ExtendedData>
        <Polygon>
          <outerBoundaryIs>
            <LinearRing>
              <coordinates>
                73.90528,20.7824,0
                73.90569,20.78237,0
                73.90609,20.78228,0
                73.90692,20.782,0
                73.9076,20.78183,0
                73.90823,20.78167,0
                73.90899,20.78148,0
                73.90935,20.78128,0
                73.9099,20.78128,0
                73.91028,20.78116,0
                73.91183,20.78134,0
                73.91217,20.78131,0
                73.91295,20.7814,0
                73.91429,20.78138,0
                73.9146,20.7811,0
                73.91521,20.78113,0
                73.91577,20.78136,0
                73.91589,20.78131,0
                73.91659,20.78165,0
                73.91767,20.7807,0
                73.92171,20.77911,0
                73.925,20.77857,0
                73.92857,20.77802,0
                73.92858,20.77803,0
                73.92848,20.77761,0
                73.92851,20.77741,0
                73.92854,20.77704,0
                73.92845,20.77669,0
                73.92823,20.77644,0
                73.92812,20.77616,0
                73.92805,20.77598,0
                73.92661,20.7745,0
                73.92641,20.77464,0
                73.92491,20.77488,0
                73.92195,20.77548,0
                73.92013,20.77572,0
                73.91807,20.77551,0
                73.91759,20.77524,0
                73.91681,20.77572,0
                73.91605,20.77595,0
                73.91582,20.77597,0
                73.91576,20.7762,0
                73.91539,20.77635,0
                73.91505,20.77624,0
                73.91483,20.77634,0
                73.91457,20.77644,0
                73.91443,20.77628,0
                73.91421,20.77628,0
                73.91382,20.77651,0
                73.91358,20.7765,0
                73.91316,20.77638,0
                73.91258,20.77633,0
                73.91202,20.77639,0
                73.91177,20.77654,0
                73.91138,20.77651,0
                73.91125,20.77665,0
                73.91109,20.77673,0
                73.91072,20.77667,0
                73.9103,20.7765,0
                73.90974,20.77625,0
                73.90928,20.77609,0
                73.90877,20.77604,0
                73.90816,20.77581,0
                73.90743,20.77551,0
                73.90691,20.77508,0
                73.90659,20.77474,0
                73.90604,20.77461,0
                73.90567,20.7745,0
                73.90552,20.77465,0
                73.90505,20.77473,0
                73.90468,20.77472,0
                73.90423,20.77467,0
                73.90411,20.77471,0
                73.90386,20.77492,0
                73.9037,20.77523,0
                73.90351,20.77525,0
                73.90294,20.77531,0
                73.90234,20.77565,0
                73.90198,20.77611,0
                73.90185,20.77601,0
                73.90146,20.77582,0
                73.90109,20.77603,0
                73.90067,20.7763,0
                73.89988,20.77636,0
                73.89938,20.77621,0
                73.89897,20.77575,0
                73.89883,20.77513,0
                73.89873,20.77474,0
                73.89834,20.77422,0
                73.89749,20.77442,0
                73.8975,20.77444,0
                73.89767,20.77493,0
                73.89787,20.77527,0
                73.898,20.77629,0
                73.89706,20.7782,0
                73.89662,20.77878,0
                73.89656,20.77914,0
                73.89649,20.7794,0
                73.8961,20.78047,0
                73.89625,20.7805,0
                73.89739,20.78076,0
                73.89822,20.78099,0
                73.89986,20.78122,0
                73.90066,20.78151,0
                73.90167,20.78188,0
                73.90204,20.78214,0
                73.90248,20.7823,0
                73.90275,20.78235,0
                73.90328,20.78229,0
                73.90412,20.78235,0
                73.90441,20.78245,0
                73.9045,20.78245,0
                73.90478,20.78248,0
                73.90489,20.78246,0
                73.90528,20.7824,0
              </coordinates>
            </LinearRing>
          </outerBoundaryIs>
        </Polygon>
      </Placemark>
      <Placemark id="WG_ESA_2024_GJ.36">
        <name>Karadiamba</name>
        <ExtendedData>
          <SchemaData schemaUrl="#WG_ESA_2024_GJ.schema">
            <SimpleData name="esa_category">whole_village</SimpleData>
            <SimpleData name="area_km2">1.834</SimpleData>
          </SchemaData>
        </ExtendedData>
        <Polygon>
          <outerBoundaryIs>
            <LinearRing>
              <coordinates>
                73.92628,20.77417,0
                73.92473,20.77243,0
                73.92094,20.77187,0
                73.91996,20.77213,0
                73.91709,20.77289,0
                73.91605,20.77162,0
                73.91498,20.77089,0
                73.91479,20.77062,0
                73.91477,20.77064,0
                73.91383,20.76975,0
                73.91357,20.76959,0
                73.91134,20.76816,0
                73.91079,20.7679,0
                73.90818,20.76664,0
                73.90835,20.76609,0
                73.90789,20.76585,0
                73.9068,20.76589,0
                73.90675,20.7665,0
                73.90549,20.76677,0
                73.90535,20.76707,0
                73.90452,20.76695,0
                73.90417,20.76679,0
                73.90347,20.76702,0
                73.90323,20.76724,0
                73.90268,20.76745,0
                73.90239,20.76808,0
                73.90165,20.76768,0
                73.90143,20.76862,0
                73.90091,20.77106,0
                73.90071,20.7714,0
                73.90003,20.77141,0
                73.89942,20.77169,0
                73.8988,20.77167,0
                73.89833,20.77179,0
                73.89804,20.77202,0
                73.89707,20.77206,0
                73.89674,20.77181,0
                73.89589,20.77144,0
                73.89603,20.77179,0
                73.89599,20.77182,0
                73.89603,20.77184,0
                73.89606,20.77288,0
                73.89604,20.77372,0
                73.89687,20.77445,0
                73.8975,20.77444,0
                73.89749,20.77442,0
                73.89834,20.77422,0
                73.89873,20.77474,0
                73.89883,20.77513,0
                73.89897,20.77575,0
                73.89938,20.77621,0
                73.89988,20.77636,0
                73.90067,20.7763,0
                73.90109,20.77603,0
                73.90146,20.77582,0
                73.90185,20.77601,0
                73.90198,20.77611,0
                73.90234,20.77565,0
                73.90294,20.77531,0
                73.90351,20.77525,0
                73.9037,20.77523,0
                73.90386,20.77492,0
                73.90411,20.77471,0
                73.90423,20.77467,0
                73.90468,20.77472,0
                73.90505,20.77473,0
                73.90552,20.77465,0
                73.90567,20.7745,0
                73.90604,20.77461,0
                73.90659,20.77474,0
                73.90691,20.77508,0
                73.90743,20.77551,0
                73.90816,20.77581,0
                73.90877,20.77604,0
                73.90928,20.77609,0
                73.90974,20.77625,0
                73.9103,20.7765,0
                73.91072,20.77667,0
                73.91109,20.77673,0
                73.91125,20.77665,0
                73.91138,20.77651,0
                73.91177,20.77654,0
                73.91202,20.77639,0
                73.91258,20.77633,0
                73.91316,20.77638,0
                73.91358,20.7765,0
                73.91382,20.77651,0
                73.91421,20.77628,0
                73.91443,20.77628,0
                73.91457,20.77644,0
                73.91483,20.77634,0
                73.91505,20.77624,0
                73.91539,20.77635,0
                73.91576,20.7762,0
                73.91582,20.77597,0
                73.91605,20.77595,0
                73.91681,20.77572,0
                73.91759,20.77524,0
                73.91807,20.77551,0
                73.92013,20.77572,0
                73.92195,20.77548,0
                73.92491,20.77488,0
                73.92641,20.77464,0
                73.92661,20.7745,0
                73.92628,20.77417,0
              </coordinates>
            </LinearRing>
          </outerBoundaryIs>
        </Polygon>
      </Placemark>
      <Placemark id="WG_ESA_2024_GJ.37">
        <name>Mahardar</name>
        <ExtendedData>
          <SchemaData schemaUrl="#WG_ESA_2024_GJ.schema">
            <SimpleData name="esa_category">whole_village</SimpleData>
            <SimpleData name="area_km2">5.66</SimpleData>
          </SchemaData>
        </ExtendedData>
        <Polygon>
          <outerBoundaryIs>
            <LinearRing>
              <coordinates>
                73.93875,20.74888,0
                73.93909,20.74871,0
                73.93917,20.74868,0
                73.93973,20.74841,0
                73.94018,20.74783,0
                73.94036,20.74743,0
                73.9404,20.74735,0
                73.94047,20.7472,0
                73.9405,20.74712,0
                73.94056,20.74699,0
                73.94058,20.74695,0
                73.94078,20.7469,0
                73.94086,20.74688,0
                73.94097,20.74686,0
                73.94102,20.74684,0
                73.94113,20.74682,0
                73.9416,20.74642,0
                73.94173,20.74613,0
                73.94221,20.74506,0
                73.94229,20.74489,0
                73.94231,20.74484,0
                73.94236,20.74449,0
                73.94238,20.74427,0
                73.9424,20.74417,0
                73.94243,20.7439,0
                73.94246,20.74365,0
                73.94266,20.74208,0
                73.93947,20.73945,0
                73.93943,20.73943,0
                73.9375,20.7382,0
                73.93509,20.73627,0
                73.93395,20.73511,0
                73.93324,20.73437,0
                73.93175,20.73283,0
                73.9313,20.73211,0
                73.93108,20.73176,0
                73.93086,20.7314,0
                73.93065,20.73091,0
                73.9306,20.73079,0
                73.93053,20.73052,0
                73.93024,20.72942,0
                73.92993,20.72831,0
                73.9298,20.72787,0
                73.92956,20.72761,0
                73.92918,20.72771,0
                73.92908,20.72825,0
                73.92856,20.73097,0
                73.92844,20.73265,0
                73.92829,20.73348,0
                73.9282,20.73403,0
                73.9282,20.73405,0
                73.9281,20.73412,0
                73.92785,20.73429,0
                73.92726,20.73434,0
                73.92705,20.7343,0
                73.92607,20.73406,0
                73.92538,20.73388,0
                73.92542,20.73413,0
                73.92534,20.73426,0
                73.92492,20.73502,0
                73.92396,20.73672,0
                73.92331,20.73786,0
                73.92279,20.73885,0
                73.92169,20.73966,0
                73.92148,20.74019,0
                73.92124,20.74091,0
                73.921,20.74101,0
                73.92087,20.74145,0
                73.92004,20.74132,0
                73.92003,20.74216,0
                73.91969,20.74213,0
                73.91866,20.742,0
                73.91865,20.74262,0
                73.91829,20.74266,0
                73.9183,20.74274,0
                73.91803,20.74293,0
                73.91844,20.74396,0
                73.91783,20.74407,0
                73.91783,20.74417,0
                73.91758,20.74443,0
                73.91723,20.74466,0
                73.91735,20.74552,0
                73.91711,20.74599,0
                73.91711,20.74622,0
                73.91671,20.74622,0
                73.91649,20.74629,0
                73.91658,20.7466,0
                73.91668,20.74677,0
                73.91593,20.74684,0
                73.91606,20.74725,0
                73.91591,20.74729,0
                73.91599,20.7478,0
                73.91609,20.74826,0
                73.91621,20.74877,0
                73.91627,20.74889,0
                73.91577,20.74897,0
                73.916,20.74963,0
                73.91624,20.75069,0
                73.91653,20.7523,0
                73.91653,20.75231,0
                73.91664,20.75267,0
                73.91694,20.75279,0
                73.91774,20.75327,0
                73.9191,20.75398,0
                73.92294,20.75527,0
                73.92563,20.7563,0
                73.92669,20.75695,0
                73.92805,20.75771,0
                73.93139,20.75991,0
                73.93186,20.76062,0
                73.93187,20.76062,0
                73.93223,20.7607,0
                73.93228,20.76071,0
                73.93259,20.76078,0
                73.93311,20.76084,0
                73.93333,20.76087,0
                73.93375,20.7609,0
                73.93414,20.76093,0
                73.93562,20.76064,0
                73.93606,20.76061,0
                73.93665,20.76058,0
                73.93702,20.76053,0
                73.93723,20.7605,0
                73.93795,20.76048,0
                73.9386,20.76037,0
                73.93882,20.76034,0
                73.93913,20.76019,0
                73.93963,20.75995,0
                73.93974,20.75986,0
                73.94006,20.7596,0
                73.94019,20.7595,0
                73.94081,20.75885,0
                73.94095,20.7587,0
                73.94131,20.75833,0
                73.94132,20.7583,0
                73.94151,20.75787,0
                73.94141,20.75736,0
                73.94127,20.75661,0
                73.94107,20.7558,0
                73.94102,20.75562,0
                73.94108,20.7534,0
                73.94106,20.7525,0
                73.94106,20.75249,0
                73.94078,20.7522,0
                73.94007,20.75147,0
                73.93929,20.75067,0
                73.93873,20.75002,0
                73.93803,20.74922,0
                73.93875,20.74888,0
              </coordinates>
            </LinearRing>
          </outerBoundaryIs>
        </Polygon>
      </Placemark>
      <Placemark id="WG_ESA_2024_GJ.38">
        <name>Morzira</name>
        <ExtendedData>
          <SchemaData schemaUrl="#WG_ESA_2024_GJ.schema">
            <SimpleData name="esa_category">whole_village</SimpleData>
            <SimpleData name="area_km2">6.926</SimpleData>
          </SchemaData>
        </ExtendedData>
        <Polygon>
          <outerBoundaryIs>
            <LinearRing>
              <coordinates>
                73.8574,20.7581,0
                73.85808,20.75809,0
                73.85972,20.75715,0
                73.85829,20.75606,0
                73.85935,20.75523,0
                73.86031,20.75376,0
                73.85887,20.75346,0
                73.8573,20.75348,0
                73.8576,20.75086,0
                73.85682,20.75044,0
                73.85708,20.75011,0
                73.8578,20.74865,0
                73.85746,20.74697,0
                73.85472,20.74814,0
                73.8531,20.74798,0
                73.85313,20.74788,0
                73.85325,20.74651,0
                73.85298,20.74498,0
                73.85263,20.74379,0
                73.85218,20.74245,0
                73.85222,20.74197,0
                73.85301,20.74152,0
                73.85288,20.74128,0
                73.85304,20.74072,0
                73.85382,20.74037,0
                73.85381,20.73998,0
                73.8539,20.73913,0
                73.85431,20.73616,0
                73.85389,20.73522,0
                73.85222,20.73115,0
                73.85166,20.72933,0
                73.85322,20.73023,0
                73.85407,20.73014,0
                73.85405,20.73012,0
                73.85375,20.72926,0
                73.85143,20.72818,0
                73.84938,20.7288,0
                73.84615,20.72984,0
                73.8433,20.73195,0
                73.84002,20.73215,0
                73.83716,20.73303,0
                73.8352,20.73344,0
                73.83473,20.73317,0
                73.83207,20.73175,0
                73.83057,20.72889,0
                73.82921,20.72629,0
                73.82835,20.72511,0
                73.82823,20.72469,0
                73.82627,20.72359,0
                73.8255,20.72343,0
                73.82448,20.72598,0
                73.8233,20.73039,0
                73.82256,20.73247,0
                73.82316,20.73278,0
                73.82332,20.73309,0
                73.82476,20.73472,0
                73.82666,20.73713,0
                73.82662,20.73828,0
                73.825,20.73911,0
                73.82566,20.74256,0
                73.82549,20.74438,0
                73.82625,20.74515,0
                73.827,20.74636,0
                73.82708,20.74723,0
                73.82749,20.74848,0
                73.8277,20.74913,0
                73.82656,20.7495,0
                73.82597,20.74978,0
                73.82525,20.75002,0
                73.82399,20.7502,0
                73.82379,20.75008,0
                73.82299,20.75071,0
                73.82238,20.75126,0
                73.82199,20.75178,0
                73.82138,20.75239,0
                73.82119,20.75279,0
                73.82117,20.75295,0
                73.82111,20.75349,0
                73.82133,20.75349,0
                73.82223,20.75296,0
                73.82352,20.75248,0
                73.82448,20.75241,0
                73.82769,20.75195,0
                73.8287,20.7514,0
                73.83083,20.75112,0
                73.83112,20.7513,0
                73.83173,20.7509,0
                73.83169,20.75006,0
                73.83161,20.74985,0
                73.83229,20.74972,0
                73.83235,20.74911,0
                73.8338,20.74911,0
                73.83508,20.74879,0
                73.8366,20.74855,0
                73.83735,20.74824,0
                73.83823,20.74825,0
                73.83893,20.74876,0
                73.83918,20.74885,0
                73.84106,20.7491,0
                73.84124,20.74943,0
                73.84221,20.75031,0
                73.84245,20.74997,0
                73.84317,20.74928,0
                73.84411,20.74866,0
                73.8448,20.74816,0
                73.84572,20.74758,0
                73.84606,20.74678,0
                73.84748,20.74687,0
                73.84852,20.74629,0
                73.84883,20.74645,0
                73.84928,20.74692,0
                73.85028,20.74852,0
                73.85209,20.74913,0
                73.85108,20.7518,0
                73.85019,20.75266,0
                73.8511,20.75316,0
                73.85236,20.75399,0
                73.85264,20.75598,0
                73.85256,20.75716,0
                73.85149,20.7572,0
                73.85137,20.75764,0
                73.85213,20.75869,0
                73.853,20.75957,0
                73.8528,20.75969,0
                73.8536,20.75973,0
                73.85699,20.75978,0
                73.85795,20.75977,0
                73.8574,20.7581,0
              </coordinates>
            </LinearRing>
          </outerBoundaryIs>
        </Polygon>
      </Placemark>
      <Placemark id="WG_ESA_2024_GJ.39">
        <name>Madalbari</name>
        <ExtendedData>
          <SchemaData schemaUrl="#WG_ESA_2024_GJ.schema">
            <SimpleData name="esa_category">whole_village</SimpleData>
            <SimpleData name="area_km2">3.422</SimpleData>
          </SchemaData>
        </ExtendedData>
        <Polygon>
          <outerBoundaryIs>
            <LinearRing>
              <coordinates>
                73.88182,20.75354,0
                73.8822,20.75395,0
                73.88257,20.75383,0
                73.88291,20.75268,0
                73.8833,20.75218,0
                73.88404,20.75151,0
                73.88376,20.751,0
                73.88419,20.75063,0
                73.88458,20.75076,0
                73.88539,20.7501,0
                73.88532,20.74913,0
                73.88573,20.74907,0
                73.88602,20.74888,0
                73.88614,20.74872,0
                73.88614,20.74855,0
                73.88636,20.74838,0
                73.88649,20.74782,0
                73.88842,20.74704,0
                73.8893,20.74699,0
                73.8901,20.74638,0
                73.89143,20.74581,0
                73.89139,20.74516,0
                73.89171,20.74468,0
                73.8922,20.74465,0
                73.89273,20.74487,0
                73.89357,20.74445,0
                73.89347,20.74409,0
                73.89403,20.74239,0
                73.89417,20.74202,0
                73.89419,20.74192,0
                73.89393,20.74186,0
                73.89351,20.74152,0
                73.89379,20.73919,0
                73.89303,20.73539,0
                73.89216,20.73165,0
                73.89211,20.73121,0
                73.89011,20.73147,0
                73.88846,20.73149,0
                73.88796,20.7315,0
                73.88791,20.73149,0
                73.88754,20.73144,0
                73.88632,20.73162,0
                73.88612,20.7317,0
                73.88568,20.73188,0
                73.88438,20.73222,0
                73.88348,20.73262,0
                73.8831,20.73279,0
                73.88288,20.73302,0
                73.88274,20.73318,0
                73.88253,20.73342,0
                73.88243,20.73301,0
                73.8822,20.73208,0
                73.88213,20.73173,0
                73.8816,20.73145,0
                73.88107,20.73116,0
                73.88031,20.73084,0
                73.88026,20.73082,0
                73.88015,20.73078,0
                73.87979,20.73063,0
                73.87872,20.7303,0
                73.87813,20.73018,0
                73.8779,20.73013,0
                73.87748,20.73004,0
                73.87747,20.73004,0
                73.87729,20.73046,0
                73.87715,20.73187,0
                73.87709,20.73411,0
                73.87698,20.73647,0
                73.87695,20.73849,0
                73.87721,20.73875,0
                73.87741,20.73951,0
                73.87736,20.73978,0
                73.87739,20.74033,0
                73.87729,20.74058,0
                73.87743,20.74086,0
                73.87722,20.74124,0
                73.8772,20.74151,0
                73.87721,20.74235,0
                73.87711,20.74269,0
                73.87689,20.74342,0
                73.87653,20.74453,0
                73.87653,20.74549,0
                73.87649,20.74629,0
                73.87679,20.74681,0
                73.87628,20.74778,0
                73.87558,20.74821,0
                73.87558,20.74858,0
                73.87484,20.74939,0
                73.8745,20.75014,0
                73.8752,20.75077,0
                73.87585,20.75115,0
                73.87632,20.75156,0
                73.8768,20.75201,0
                73.87702,20.75239,0
                73.87749,20.75282,0
                73.87767,20.75329,0
                73.87798,20.75377,0
                73.87823,20.7544,0
                73.87887,20.75445,0
                73.87925,20.75425,0
                73.88087,20.75366,0
                73.88157,20.75365,0
                73.88182,20.75354,0
              </coordinates>
            </LinearRing>
          </outerBoundaryIs>
        </Polygon>
      </Placemark>
      <Placemark id="WG_ESA_2024_GJ.40">
        <name>Javtala</name>
        <ExtendedData>
          <SchemaData schemaUrl="#WG_ESA_2024_GJ.schema">
            <SimpleData name="esa_category">whole_village</SimpleData>
            <SimpleData name="area_km2">15.009</SimpleData>
          </SchemaData>
        </ExtendedData>
        <Polygon>
          <outerBoundaryIs>
            <LinearRing>
              <coordinates>
                73.8233,20.73039,0
                73.82448,20.72598,0
                73.8255,20.72343,0
                73.82608,20.72197,0
                73.82526,20.72023,0
                73.8262,20.71812,0
                73.82647,20.71565,0
                73.82717,20.7125,0
                73.82745,20.71104,0
                73.82703,20.70905,0
                73.82692,20.70631,0
                73.82666,20.70446,0
                73.82638,20.70233,0
                73.82637,20.70219,0
                73.82543,20.70072,0
                73.82432,20.70219,0
                73.82172,20.70428,0
                73.81807,20.70726,0
                73.81535,20.70946,0
                73.81439,20.70956,0
                73.81292,20.70951,0
                73.81173,20.70948,0
                73.81094,20.70946,0
                73.80922,20.70943,0
                73.80899,20.7095,0
                73.80826,20.70983,0
                73.80711,20.71035,0
                73.80602,20.7109,0
                73.80573,20.71095,0
                73.80495,20.71105,0
                73.80404,20.71123,0
                73.80272,20.71149,0
                73.80195,20.71095,0
                73.80032,20.71012,0
                73.79971,20.71007,0
                73.79865,20.71021,0
                73.79758,20.71048,0
                73.79758,20.71176,0
                73.79792,20.71293,0
                73.79686,20.71316,0
                73.79464,20.71413,0
                73.79271,20.7147,0
                73.79112,20.71553,0
                73.79061,20.71514,0
                73.78964,20.71433,0
                73.78874,20.71433,0
                73.78808,20.71382,0
                73.78701,20.71384,0
                73.78605,20.71411,0
                73.78421,20.71526,0
                73.7824,20.71623,0
                73.7815,20.71524,0
                73.78095,20.71525,0
                73.78113,20.71551,0
                73.78152,20.71677,0
                73.78253,20.71757,0
                73.78441,20.71894,0
                73.78401,20.71899,0
                73.78428,20.71986,0
                73.7833,20.72079,0
                73.78313,20.72218,0
                73.78123,20.72264,0
                73.7813,20.72428,0
                73.78102,20.7259,0
                73.77952,20.72625,0
                73.77851,20.72593,0
                73.77663,20.72309,0
                73.77588,20.72279,0
                73.77454,20.72189,0
                73.77354,20.72213,0
                73.77269,20.72307,0
                73.77241,20.72453,0
                73.77213,20.72554,0
                73.77166,20.72614,0
                73.77229,20.72616,0
                73.77193,20.72702,0
                73.77188,20.72728,0
                73.76973,20.72888,0
                73.76803,20.73087,0
                73.76641,20.73006,0
                73.76432,20.72991,0
                73.76124,20.73129,0
                73.76095,20.73161,0
                73.76073,20.73154,0
                73.75968,20.73128,0
                73.75918,20.73123,0
                73.7589,20.73121,0
                73.75833,20.73116,0
                73.75828,20.73218,0
                73.75807,20.73426,0
                73.75808,20.73506,0
                73.75807,20.73648,0
                73.75879,20.73688,0
                73.75981,20.73678,0
                73.76029,20.73673,0
                73.76151,20.73648,0
                73.76167,20.73657,0
                73.76259,20.73651,0
                73.76377,20.73691,0
                73.76484,20.73744,0
                73.7656,20.73784,0
                73.76609,20.73806,0
                73.76971,20.74046,0
                73.77252,20.74168,0
                73.77388,20.74193,0
                73.77438,20.74236,0
                73.77732,20.74403,0
                73.77875,20.74385,0
                73.77867,20.74416,0
                73.77939,20.74405,0
                73.77882,20.74342,0
                73.77923,20.74313,0
                73.78007,20.7429,0
                73.78067,20.74256,0
                73.78197,20.74108,0
                73.78264,20.74042,0
                73.78513,20.74045,0
                73.78648,20.74047,0
                73.78705,20.74007,0
                73.78728,20.73965,0
                73.7888,20.73867,0
                73.78923,20.73844,0
                73.78993,20.73825,0
                73.79098,20.73856,0
                73.79211,20.7382,0
                73.79255,20.73806,0
                73.79355,20.7375,0
                73.79407,20.73669,0
                73.79473,20.73585,0
                73.79557,20.73455,0
                73.7965,20.73395,0
                73.79791,20.73341,0
                73.79838,20.73309,0
                73.79949,20.73238,0
                73.79995,20.73202,0
                73.80036,20.73143,0
                73.80278,20.73137,0
                73.80431,20.73133,0
                73.80504,20.73143,0
                73.80773,20.73255,0
                73.80979,20.73341,0
                73.81026,20.73389,0
                73.8105,20.73399,0
                73.81211,20.73458,0
                73.81278,20.73476,0
                73.81373,20.73479,0
                73.81576,20.73356,0
                73.81897,20.73196,0
                73.82256,20.73247,0
                73.8233,20.73039,0
              </coordinates>
            </LinearRing>
          </outerBoundaryIs>
        </Polygon>
      </Placemark>
      <Placemark id="WG_ESA_2024_GJ.41">
        <name>Chinchli</name>
        <ExtendedData>
          <SchemaData schemaUrl="#WG_ESA_2024_GJ.schema">
            <SimpleData name="esa_category">whole_village</SimpleData>
            <SimpleData name="area_km2">6.613</SimpleData>
          </SchemaData>
        </ExtendedData>
        <Polygon>
          <outerBoundaryIs>
            <LinearRing>
              <coordinates>
                73.91356,20.75165,0
                73.91399,20.75168,0
                73.91439,20.75146,0
                73.91471,20.75187,0
                73.91484,20.75225,0
                73.91545,20.75222,0
                73.91582,20.75221,0
                73.91599,20.75225,0
                73.91629,20.75229,0
                73.91653,20.7523,0
                73.91624,20.75069,0
                73.916,20.74963,0
                73.91577,20.74897,0
                73.91627,20.74889,0
                73.91621,20.74877,0
                73.91609,20.74826,0
                73.91599,20.7478,0
                73.91591,20.74729,0
                73.91606,20.74725,0
                73.91593,20.74684,0
                73.91668,20.74677,0
                73.91658,20.7466,0
                73.91649,20.74629,0
                73.91671,20.74622,0
                73.91711,20.74622,0
                73.91711,20.74599,0
                73.91735,20.74552,0
                73.91723,20.74466,0
                73.91758,20.74443,0
                73.91783,20.74417,0
                73.91783,20.74407,0
                73.91844,20.74396,0
                73.91803,20.74293,0
                73.9183,20.74274,0
                73.91829,20.74266,0
                73.91865,20.74262,0
                73.91866,20.742,0
                73.91969,20.74213,0
                73.92003,20.74216,0
                73.92004,20.74132,0
                73.92087,20.74145,0
                73.921,20.74101,0
                73.92124,20.74091,0
                73.92148,20.74019,0
                73.92169,20.73966,0
                73.92279,20.73885,0
                73.92331,20.73786,0
                73.92396,20.73672,0
                73.92492,20.73502,0
                73.92534,20.73426,0
                73.92542,20.73413,0
                73.92538,20.73388,0
                73.92503,20.73378,0
                73.92468,20.73369,0
                73.92447,20.73339,0
                73.92358,20.73214,0
                73.92338,20.73186,0
                73.92299,20.73128,0
                73.92225,20.73088,0
                73.9219,20.73069,0
                73.92171,20.73058,0
                73.92152,20.73055,0
                73.92146,20.73054,0
                73.92124,20.7305,0
                73.92094,20.73034,0
                73.92054,20.73012,0
                73.92034,20.73001,0
                73.92005,20.72985,0
                73.91955,20.72974,0
                73.91853,20.72963,0
                73.91795,20.72957,0
                73.91787,20.72956,0
                73.91787,20.7295,0
                73.91787,20.72941,0
                73.91787,20.7289,0
                73.91788,20.7267,0
                73.91774,20.72506,0
                73.91733,20.72485,0
                73.91713,20.72483,0
                73.9166,20.72476,0
                73.91529,20.7246,0
                73.91504,20.72457,0
                73.91376,20.72445,0
                73.91343,20.72447,0
                73.91261,20.72453,0
                73.91205,20.72457,0
                73.91041,20.72508,0
                73.9088,20.72546,0
                73.90822,20.72562,0
                73.90734,20.72588,0
                73.90677,20.72634,0
                73.90556,20.72681,0
                73.90555,20.72681,0
                73.90554,20.72609,0
                73.90554,20.7257,0
                73.90554,20.72557,0
                73.90534,20.72542,0
                73.90521,20.72533,0
                73.90476,20.72529,0
                73.90475,20.72529,0
                73.90323,20.72575,0
                73.90317,20.72578,0
                73.90211,20.72625,0
                73.90078,20.72713,0
                73.89975,20.72784,0
                73.89904,20.72827,0
                73.89845,20.72854,0
                73.89738,20.72904,0
                73.89651,20.72966,0
                73.89645,20.7298,0
                73.89629,20.73013,0
                73.89619,20.73033,0
                73.89615,20.7304,0
                73.89569,20.7313,0
                73.89551,20.73166,0
                73.89298,20.73075,0
                73.89256,20.73088,0
                73.89229,20.73107,0
                73.89211,20.73121,0
                73.89216,20.73165,0
                73.89303,20.73539,0
                73.89379,20.73919,0
                73.89351,20.74152,0
                73.89393,20.74186,0
                73.89419,20.74192,0
                73.89458,20.74202,0
                73.89512,20.74268,0
                73.89527,20.74299,0
                73.89542,20.74305,0
                73.89707,20.74291,0
                73.89813,20.7446,0
                73.89901,20.74595,0
                73.8978,20.74618,0
                73.8979,20.74639,0
                73.89825,20.74704,0
                73.89935,20.74714,0
                73.90091,20.74702,0
                73.90152,20.74714,0
                73.90252,20.74766,0
                73.90376,20.74861,0
                73.90482,20.74932,0
                73.9057,20.74976,0
                73.90633,20.74981,0
                73.90718,20.75002,0
                73.9074,20.74983,0
                73.90794,20.74936,0
                73.90816,20.74965,0
                73.90827,20.74998,0
                73.90949,20.75107,0
                73.90963,20.75143,0
                73.91004,20.75169,0
                73.91073,20.75214,0
                73.91087,20.75249,0
                73.91109,20.75242,0
                73.91187,20.75218,0
                73.91236,20.75184,0
                73.91287,20.75176,0
                73.91356,20.75165,0
              </coordinates>
            </LinearRing>
          </outerBoundaryIs>
        </Polygon>
      </Placemark>
      <Placemark id="WG_ESA_2024_GJ.42">
        <name>Ravchond</name>
        <ExtendedData>
          <SchemaData schemaUrl="#WG_ESA_2024_GJ.schema">
            <SimpleData name="esa_category">whole_village</SimpleData>
            <SimpleData name="area_km2">9.822</SimpleData>
          </SchemaData>
        </ExtendedData>
        <Polygon>
          <outerBoundaryIs>
            <LinearRing>
              <coordinates>
                73.72218,20.76169,0
                73.72245,20.7597,0
                73.72275,20.75791,0
                73.72289,20.75693,0
                73.72318,20.75621,0
                73.72322,20.75437,0
                73.72324,20.75326,0
                73.72501,20.75224,0
                73.72654,20.75099,0
                73.72785,20.75022,0
                73.72858,20.74934,0
                73.72905,20.74881,0
                73.72983,20.74886,0
                73.73047,20.74988,0
                73.73207,20.75099,0
                73.73375,20.752,0
                73.73458,20.75246,0
                73.73582,20.75265,0
                73.73638,20.75268,0
                73.7378,20.75372,0
                73.73832,20.75401,0
                73.73947,20.75588,0
                73.73988,20.75744,0
                73.74043,20.75958,0
                73.74104,20.75997,0
                73.74111,20.76011,0
                73.74149,20.76028,0
                73.74175,20.76055,0
                73.74202,20.7607,0
                73.74223,20.76089,0
                73.74246,20.76105,0
                73.7427,20.76122,0
                73.74279,20.76137,0
                73.7428,20.76139,0
                73.7428,20.7614,0
                73.74294,20.76155,0
                73.7438,20.76209,0
                73.74513,20.76135,0
                73.74623,20.76079,0
                73.74767,20.75989,0
                73.7489,20.75871,0
                73.75037,20.7589,0
                73.75265,20.75847,0
                73.7529,20.75836,0
                73.75318,20.75721,0
                73.75373,20.75523,0
                73.75456,20.7536,0
                73.75341,20.75291,0
                73.75308,20.75254,0
                73.75267,20.75228,0
                73.75137,20.75142,0
                73.75065,20.75029,0
                73.74989,20.74838,0
                73.74896,20.74599,0
                73.74866,20.74392,0
                73.7475,20.74277,0
                73.74595,20.74142,0
                73.74582,20.74192,0
                73.74546,20.74297,0
                73.74415,20.74313,0
                73.74366,20.7431,0
                73.74364,20.74167,0
                73.74362,20.74007,0
                73.74359,20.73932,0
                73.74344,20.73896,0
                73.74261,20.73834,0
                73.74221,20.73768,0
                73.74148,20.73724,0
                73.74172,20.73691,0
                73.74285,20.73671,0
                73.74377,20.73634,0
                73.74491,20.73525,0
                73.74442,20.73492,0
                73.74476,20.73403,0
                73.74462,20.73368,0
                73.74417,20.73337,0
                73.74293,20.73348,0
                73.74242,20.73244,0
                73.74189,20.73165,0
                73.74194,20.73144,0
                73.74173,20.73103,0
                73.74185,20.7305,0
                73.74224,20.7306,0
                73.74226,20.73024,0
                73.74198,20.73022,0
                73.74193,20.72987,0
                73.74204,20.72936,0
                73.74199,20.7287,0
                73.74201,20.72861,0
                73.7418,20.72849,0
                73.74203,20.72669,0
                73.74194,20.72661,0
                73.74104,20.72627,0
                73.74022,20.72506,0
                73.73902,20.72378,0
                73.73732,20.72201,0
                73.73686,20.72173,0
                73.73635,20.72227,0
                73.73546,20.72349,0
                73.7341,20.72489,0
                73.73354,20.72528,0
                73.73247,20.72717,0
                73.73099,20.72826,0
                73.72961,20.72863,0
                73.7293,20.72939,0
                73.72945,20.72979,0
                73.72987,20.73005,0
                73.73103,20.72984,0
                73.73178,20.73047,0
                73.73208,20.73209,0
                73.73228,20.73418,0
                73.73126,20.73419,0
                73.73062,20.73511,0
                73.73112,20.73539,0
                73.73227,20.73522,0
                73.73275,20.73547,0
                73.73381,20.73649,0
                73.73437,20.73793,0
                73.73528,20.73876,0
                73.73581,20.7399,0
                73.73669,20.74186,0
                73.73483,20.74313,0
                73.73227,20.74366,0
                73.73173,20.74359,0
                73.7307,20.74342,0
                73.73019,20.7434,0
                73.72995,20.74302,0
                73.7286,20.74127,0
                73.72691,20.74117,0
                73.72453,20.74087,0
                73.72303,20.74074,0
                73.72119,20.74133,0
                73.71982,20.74048,0
                73.71857,20.73966,0
                73.71852,20.73965,0
                73.71585,20.74103,0
                73.71157,20.74351,0
                73.70944,20.74468,0
                73.70664,20.7463,0
                73.70648,20.7463,0
                73.70593,20.74657,0
                73.70516,20.74715,0
                73.70405,20.74796,0
                73.70425,20.74887,0
                73.70455,20.74929,0
                73.70448,20.74995,0
                73.70318,20.75185,0
                73.70335,20.75259,0
                73.7031,20.75361,0
                73.70183,20.75506,0
                73.70207,20.75549,0
                73.70253,20.7562,0
                73.70306,20.75722,0
                73.70304,20.75795,0
                73.70307,20.76015,0
                73.70242,20.76125,0
                73.7022,20.76335,0
                73.702,20.76534,0
                73.70199,20.76592,0
                73.70208,20.76728,0
                73.70179,20.7677,0
                73.70213,20.76792,0
                73.70273,20.76817,0
                73.7034,20.76996,0
                73.70405,20.77068,0
                73.70575,20.77173,0
                73.70659,20.77275,0
                73.70671,20.77276,0
                73.70692,20.77232,0
                73.7071,20.77126,0
                73.70747,20.76964,0
                73.70675,20.76947,0
                73.70755,20.76793,0
                73.70825,20.76684,0
                73.70833,20.76582,0
                73.70677,20.76572,0
                73.70567,20.76467,0
                73.70553,20.76367,0
                73.70573,20.76195,0
                73.70522,20.7607,0
                73.70579,20.75866,0
                73.70627,20.75782,0
                73.7068,20.75718,0
                73.7068,20.75607,0
                73.70669,20.7548,0
                73.70667,20.75446,0
                73.70764,20.75455,0
                73.70834,20.75478,0
                73.70877,20.75508,0
                73.70926,20.75518,0
                73.70932,20.75644,0
                73.70923,20.75694,0
                73.70945,20.75724,0
                73.70965,20.75796,0
                73.71052,20.75857,0
                73.71109,20.75908,0
                73.71313,20.759,0
                73.71308,20.75957,0
                73.71409,20.75959,0
                73.71426,20.75887,0
                73.71427,20.75837,0
                73.71429,20.75706,0
                73.71549,20.75675,0
                73.71575,20.75669,0
                73.71782,20.75632,0
                73.71807,20.75633,0
                73.71917,20.75639,0
                73.71982,20.75714,0
                73.71958,20.75773,0
                73.71973,20.7583,0
                73.72012,20.75955,0
                73.72046,20.7606,0
                73.7211,20.7615,0
                73.72135,20.76169,0
                73.72213,20.76212,0
                73.72218,20.76169,0
              </coordinates>
            </LinearRing>
          </outerBoundaryIs>
        </Polygon>
      </Placemark>
      <Placemark id="WG_ESA_2024_GJ.43">
        <name>Isdar(Borkhalsaja)</name>
        <ExtendedData>
          <SchemaData schemaUrl="#WG_ESA_2024_GJ.schema">
            <SimpleData name="esa_category">whole_village</SimpleData>
            <SimpleData name="area_km2">3.63</SimpleData>
          </SchemaData>
        </ExtendedData>
        <Polygon>
          <outerBoundaryIs>
            <LinearRing>
              <coordinates>
                73.66191,20.80632,0
                73.6629,20.80567,0
                73.66316,20.80568,0
                73.6636,20.80519,0
                73.66523,20.80459,0
                73.66522,20.80438,0
                73.6659,20.80426,0
                73.66724,20.80405,0
                73.66824,20.80545,0
                73.66884,20.80615,0
                73.66887,20.80619,0
                73.66945,20.80622,0
                73.66984,20.80586,0
                73.67021,20.80531,0
                73.67056,20.80438,0
                73.67131,20.80353,0
                73.67188,20.80308,0
                73.67064,20.80126,0
                73.67135,20.79913,0
                73.67033,20.79801,0
                73.66938,20.79515,0
                73.66885,20.7945,0
                73.66867,20.79404,0
                73.66766,20.79135,0
                73.66702,20.78972,0
                73.66671,20.78877,0
                73.66629,20.78771,0
                73.66585,20.78719,0
                73.66508,20.78641,0
                73.66523,20.78582,0
                73.66437,20.78553,0
                73.66268,20.78444,0
                73.66129,20.78371,0
                73.66074,20.78304,0
                73.66043,20.78237,0
                73.66031,20.78241,0
                73.65795,20.78326,0
                73.65717,20.78376,0
                73.65624,20.78394,0
                73.65526,20.78426,0
                73.65441,20.78474,0
                73.65309,20.78475,0
                73.65233,20.78508,0
                73.65141,20.78585,0
                73.65109,20.78613,0
                73.65036,20.78652,0
                73.65027,20.78877,0
                73.65007,20.79178,0
                73.65004,20.79251,0
                73.6505,20.79249,0
                73.65229,20.79246,0
                73.65261,20.79254,0
                73.65248,20.79273,0
                73.65269,20.79368,0
                73.65305,20.79504,0
                73.65347,20.79546,0
                73.65425,20.7958,0
                73.6546,20.79607,0
                73.65488,20.79642,0
                73.65478,20.79716,0
                73.65424,20.7978,0
                73.65324,20.79808,0
                73.65271,20.79847,0
                73.65294,20.79945,0
                73.65302,20.80004,0
                73.65283,20.80066,0
                73.65279,20.80071,0
                73.65399,20.80105,0
                73.6555,20.8015,0
                73.65638,20.80184,0
                73.65815,20.80122,0
                73.65851,20.80118,0
                73.65909,20.80389,0
                73.65917,20.80418,0
                73.65973,20.8055,0
                73.66081,20.80598,0
                73.66189,20.80647,0
                73.66191,20.80632,0
              </coordinates>
            </LinearRing>
          </outerBoundaryIs>
        </Polygon>
      </Placemark>
      <Placemark id="WG_ESA_2024_GJ.44">
        <name>Kosambia</name>
        <ExtendedData>
          <SchemaData schemaUrl="#WG_ESA_2024_GJ.schema">
            <SimpleData name="esa_category">whole_village</SimpleData>
            <SimpleData name="area_km2">3.526</SimpleData>
          </SchemaData>
        </ExtendedData>
        <MultiGeometry>
          <Polygon>
            <outerBoundaryIs>
              <LinearRing>
                <coordinates>
                  73.76112,20.73115,0
                  73.76097,20.73024,0
                  73.76115,20.72995,0
                  73.76177,20.7297,0
                  73.76199,20.72856,0
                  73.76276,20.72877,0
                  73.76501,20.72811,0
                  73.76493,20.72743,0
                  73.76623,20.72698,0
                  73.76659,20.72591,0
                  73.76783,20.72517,0
                  73.76815,20.72445,0
                  73.76853,20.72346,0
                  73.76842,20.72255,0
                  73.76722,20.72302,0
                  73.76632,20.72133,0
                  73.76613,20.72116,0
                  73.76642,20.72041,0
                  73.76831,20.71938,0
                  73.7686,20.71881,0
                  73.7696,20.71842,0
                  73.77176,20.71837,0
                  73.77218,20.7183,0
                  73.77251,20.71882,0
                  73.77292,20.71864,0
                  73.77479,20.71927,0
                  73.77559,20.71845,0
                  73.77684,20.71773,0
                  73.77662,20.71702,0
                  73.77734,20.7157,0
                  73.77715,20.71496,0
                  73.7777,20.71488,0
                  73.77777,20.71438,0
                  73.77829,20.71359,0
                  73.77923,20.71405,0
                  73.78054,20.71358,0
                  73.78157,20.71382,0
                  73.78094,20.71523,0
                  73.78095,20.71525,0
                  73.7815,20.71524,0
                  73.7824,20.71623,0
                  73.78421,20.71526,0
                  73.78605,20.71411,0
                  73.78701,20.71384,0
                  73.78808,20.71382,0
                  73.78874,20.71433,0
                  73.78964,20.71433,0
                  73.78944,20.71416,0
                  73.78868,20.71344,0
                  73.78975,20.713,0
                  73.79146,20.71232,0
                  73.79221,20.71228,0
                  73.79276,20.71071,0
                  73.79431,20.71064,0
                  73.79438,20.70949,0
                  73.79411,20.70931,0
                  73.79339,20.7088,0
                  73.79265,20.70841,0
                  73.79185,20.70807,0
                  73.79121,20.70794,0
                  73.79076,20.70805,0
                  73.79027,20.70821,0
                  73.78982,20.70843,0
                  73.78933,20.70854,0
                  73.78981,20.70739,0
                  73.79051,20.70659,0
                  73.79045,20.70637,0
                  73.79034,20.70609,0
                  73.78952,20.70612,0
                  73.78826,20.70614,0
                  73.78826,20.70602,0
                  73.78834,20.70563,0
                  73.78821,20.7053,0
                  73.78822,20.70433,0
                  73.7875,20.70392,0
                  73.78631,20.70198,0
                  73.78638,20.70118,0
                  73.78568,20.70157,0
                  73.78464,20.70234,0
                  73.78438,20.70386,0
                  73.78414,20.705,0
                  73.78357,20.70519,0
                  73.78248,20.7056,0
                  73.78128,20.70613,0
                  73.78043,20.70653,0
                  73.77959,20.70685,0
                  73.77873,20.70606,0
                  73.77738,20.70613,0
                  73.77662,20.70673,0
                  73.77578,20.70692,0
                  73.77495,20.7075,0
                  73.77366,20.7083,0
                  73.77358,20.70836,0
                  73.7721,20.70907,0
                  73.77164,20.70947,0
                  73.77089,20.70988,0
                  73.77009,20.71004,0
                  73.76911,20.70966,0
                  73.76813,20.70888,0
                  73.76601,20.71101,0
                  73.76707,20.71187,0
                  73.76613,20.71359,0
                  73.76655,20.71382,0
                  73.76631,20.71418,0
                  73.76585,20.71462,0
                  73.76531,20.71511,0
                  73.76506,20.71559,0
                  73.76393,20.7164,0
                  73.76339,20.71689,0
                  73.76306,20.71737,0
                  73.76285,20.71765,0
                  73.76278,20.71824,0
                  73.76291,20.71876,0
                  73.76309,20.71951,0
                  73.76322,20.72006,0
                  73.76307,20.72074,0
                  73.76312,20.72177,0
                  73.76326,20.72224,0
                  73.76339,20.72275,0
                  73.76382,20.7235,0
                  73.76425,20.72409,0
                  73.76299,20.72431,0
                  73.76205,20.72447,0
                  73.75993,20.72441,0
                  73.75857,20.72619,0
                  73.75833,20.72728,0
                  73.75765,20.72818,0
                  73.75589,20.72795,0
                  73.75594,20.72818,0
                  73.75599,20.72914,0
                  73.75605,20.72956,0
                  73.75653,20.72923,0
                  73.75746,20.72906,0
                  73.75778,20.72944,0
                  73.75846,20.7295,0
                  73.75838,20.73028,0
                  73.75833,20.73116,0
                  73.7589,20.73121,0
                  73.75918,20.73123,0
                  73.75968,20.73128,0
                  73.76073,20.73154,0
                  73.76095,20.73161,0
                  73.76124,20.73129,0
                  73.76112,20.73115,0
                </coordinates>
              </LinearRing>
            </outerBoundaryIs>
          </Polygon>
          <Polygon>
            <outerBoundaryIs>
              <LinearRing>
                <coordinates>
                  73.78639,20.70113,0
                  73.78637,20.70112,0
                  73.78638,20.70118,0
                  73.78639,20.70113,0
                </coordinates>
              </LinearRing>
            </outerBoundaryIs>
          </Polygon>
        </MultiGeometry>
      </Placemark>
      <Placemark id="WG_ESA_2024_GJ.45">
        <name>Linga</name>
        <ExtendedData>
          <SchemaData schemaUrl="#WG_ESA_2024_GJ.schema">
            <SimpleData name="esa_category">whole_village</SimpleData>
            <SimpleData name="area_km2">13.361</SimpleData>
          </SchemaData>
        </ExtendedData>
        <Polygon>
          <outerBoundaryIs>
            <LinearRing>
              <coordinates>
                73.78617,20.69991,0
                73.78648,20.69794,0
                73.78645,20.69631,0
                73.78642,20.69548,0
                73.78921,20.69497,0
                73.79124,20.69463,0
                73.7919,20.69454,0
                73.79268,20.69451,0
                73.7944,20.69469,0
                73.79589,20.69475,0
                73.79662,20.69465,0
                73.79659,20.69342,0
                73.79663,20.69271,0
                73.79643,20.69254,0
                73.79561,20.69184,0
                73.79387,20.6904,0
                73.79326,20.69008,0
                73.79169,20.68934,0
                73.79115,20.68823,0
                73.79007,20.68638,0
                73.7885,20.68678,0
                73.78746,20.68704,0
                73.78631,20.68745,0
                73.78579,20.68798,0
                73.78505,20.68906,0
                73.78346,20.68884,0
                73.78209,20.68848,0
                73.7814,20.68849,0
                73.78083,20.68886,0
                73.78001,20.68928,0
                73.77909,20.68947,0
                73.7781,20.68944,0
                73.77689,20.68932,0
                73.77675,20.68858,0
                73.77664,20.68797,0
                73.7764,20.68776,0
                73.77526,20.68734,0
                73.77459,20.68704,0
                73.7733,20.68766,0
                73.77257,20.68798,0
                73.7717,20.68869,0
                73.77016,20.68886,0
                73.76897,20.6888,0
                73.76807,20.68907,0
                73.76533,20.68951,0
                73.76358,20.68934,0
                73.76286,20.68945,0
                73.75987,20.69016,0
                73.75785,20.69253,0
                73.75622,20.69204,0
                73.75659,20.69489,0
                73.75698,20.69842,0
                73.75707,20.69996,0
                73.75676,20.7,0
                73.75662,20.70045,0
                73.75644,20.70122,0
                73.75617,20.7015,0
                73.75512,20.70118,0
                73.75453,20.70073,0
                73.75404,20.70075,0
                73.75366,20.7008,0
                73.75339,20.70109,0
                73.75315,20.70143,0
                73.75316,20.7019,0
                73.75322,20.70242,0
                73.75331,20.70285,0
                73.75314,20.70314,0
                73.75292,20.70334,0
                73.75257,20.70361,0
                73.75244,20.70361,0
                73.75218,20.7036,0
                73.7515,20.70321,0
                73.75089,20.70317,0
                73.7504,20.70305,0
                73.74999,20.70302,0
                73.74945,20.70311,0
                73.74878,20.70332,0
                73.74845,20.7036,0
                73.74797,20.70383,0
                73.74747,20.70418,0
                73.74678,20.70448,0
                73.74595,20.70472,0
                73.74557,20.70503,0
                73.74505,20.70553,0
                73.74488,20.7056,0
                73.7447,20.70539,0
                73.74468,20.70493,0
                73.74459,20.7047,0
                73.74431,20.70464,0
                73.74402,20.70497,0
                73.74366,20.70545,0
                73.74332,20.70591,0
                73.74294,20.70627,0
                73.74253,20.70628,0
                73.74208,20.70632,0
                73.74154,20.70644,0
                73.74094,20.70666,0
                73.74063,20.70694,0
                73.74028,20.70685,0
                73.74017,20.70639,0
                73.73997,20.70609,0
                73.73969,20.70602,0
                73.73963,20.70554,0
                73.73942,20.70546,0
                73.73926,20.70559,0
                73.73867,20.70553,0
                73.73788,20.70567,0
                73.73741,20.70555,0
                73.73713,20.70542,0
                73.73687,20.70548,0
                73.73658,20.70511,0
                73.7363,20.7048,0
                73.73615,20.7049,0
                73.73574,20.70515,0
                73.73532,20.70498,0
                73.735,20.70452,0
                73.73483,20.70365,0
                73.73468,20.70306,0
                73.73453,20.70319,0
                73.73435,20.70435,0
                73.73398,20.70475,0
                73.73349,20.70494,0
                73.73301,20.70488,0
                73.73227,20.70481,0
                73.73197,20.70486,0
                73.73177,20.70512,0
                73.73161,20.70528,0
                73.73187,20.70561,0
                73.73192,20.70796,0
                73.73192,20.70915,0
                73.73212,20.71026,0
                73.7324,20.71175,0
                73.73273,20.71243,0
                73.73314,20.71303,0
                73.73326,20.71351,0
                73.73369,20.71405,0
                73.73402,20.71422,0
                73.73438,20.71459,0
                73.73461,20.71495,0
                73.735,20.71539,0
                73.73502,20.71575,0
                73.73511,20.71622,0
                73.73554,20.71697,0
                73.7366,20.71841,0
                73.73681,20.71918,0
                73.73734,20.71976,0
                73.73787,20.7203,0
                73.73705,20.72023,0
                73.73735,20.7213,0
                73.73721,20.72135,0
                73.73686,20.72173,0
                73.73732,20.72201,0
                73.73902,20.72378,0
                73.74022,20.72506,0
                73.74104,20.72627,0
                73.74194,20.72661,0
                73.74203,20.72669,0
                73.74204,20.7266,0
                73.74323,20.72715,0
                73.74358,20.72714,0
                73.74418,20.72689,0
                73.74462,20.72671,0
                73.74474,20.72648,0
                73.74497,20.72642,0
                73.74614,20.72562,0
                73.74686,20.72483,0
                73.74727,20.72521,0
                73.74787,20.72558,0
                73.74816,20.72537,0
                73.7483,20.72409,0
                73.74921,20.72424,0
                73.74937,20.72384,0
                73.75048,20.72377,0
                73.75113,20.72392,0
                73.7515,20.724,0
                73.75267,20.7229,0
                73.75338,20.72261,0
                73.75418,20.72335,0
                73.75507,20.7244,0
                73.75504,20.72452,0
                73.75516,20.72531,0
                73.7557,20.72721,0
                73.75589,20.72795,0
                73.75765,20.72818,0
                73.75833,20.72728,0
                73.75857,20.72619,0
                73.75993,20.72441,0
                73.76205,20.72447,0
                73.76299,20.72431,0
                73.76425,20.72409,0
                73.76382,20.7235,0
                73.76339,20.72275,0
                73.76326,20.72224,0
                73.76312,20.72177,0
                73.76307,20.72074,0
                73.76322,20.72006,0
                73.76309,20.71951,0
                73.76291,20.71876,0
                73.76278,20.71824,0
                73.76285,20.71765,0
                73.76306,20.71737,0
                73.76339,20.71689,0
                73.76393,20.7164,0
                73.76506,20.71559,0
                73.76531,20.71511,0
                73.76585,20.71462,0
                73.76631,20.71418,0
                73.76655,20.71382,0
                73.76613,20.71359,0
                73.76707,20.71187,0
                73.76601,20.71101,0
                73.76813,20.70888,0
                73.76911,20.70966,0
                73.77009,20.71004,0
                73.77089,20.70988,0
                73.77164,20.70947,0
                73.7721,20.70907,0
                73.77358,20.70836,0
                73.77366,20.7083,0
                73.77495,20.7075,0
                73.77578,20.70692,0
                73.77662,20.70673,0
                73.77738,20.70613,0
                73.77873,20.70606,0
                73.77959,20.70685,0
                73.78043,20.70653,0
                73.78128,20.70613,0
                73.78248,20.7056,0
                73.78357,20.70519,0
                73.78414,20.705,0
                73.78438,20.70386,0
                73.78464,20.70234,0
                73.78568,20.70157,0
                73.78638,20.70118,0
                73.78637,20.70112,0
                73.78617,20.69991,0
              </coordinates>
            </LinearRing>
          </outerBoundaryIs>
        </Polygon>
      </Placemark>
      <Placemark id="WG_ESA_2024_GJ.46">
        <name>Anjankund</name>
        <ExtendedData>
          <SchemaData schemaUrl="#WG_ESA_2024_GJ.schema">
            <SimpleData name="esa_category">whole_village</SimpleData>
            <SimpleData name="area_km2">7.261</SimpleData>
          </SchemaData>
        </ExtendedData>
        <Polygon>
          <outerBoundaryIs>
            <LinearRing>
              <coordinates>
                73.79971,20.71007,0
                73.80032,20.71012,0
                73.80195,20.71095,0
                73.80272,20.71149,0
                73.80404,20.71123,0
                73.80495,20.71105,0
                73.80573,20.71095,0
                73.80602,20.7109,0
                73.80711,20.71035,0
                73.80826,20.70983,0
                73.80899,20.7095,0
                73.80922,20.70943,0
                73.81094,20.70946,0
                73.81173,20.70948,0
                73.81292,20.70951,0
                73.81439,20.70956,0
                73.81535,20.70946,0
                73.81807,20.70726,0
                73.82172,20.70428,0
                73.82432,20.70219,0
                73.82543,20.70072,0
                73.82542,20.70071,0
                73.82537,20.70069,0
                73.82514,20.70059,0
                73.8247,20.70031,0
                73.82453,20.7002,0
                73.82451,20.70019,0
                73.82443,20.70013,0
                73.82386,20.69969,0
                73.82375,20.69962,0
                73.82348,20.69943,0
                73.82301,20.69925,0
                73.82238,20.69901,0
                73.82181,20.69873,0
                73.82173,20.69867,0
                73.82119,20.69829,0
                73.8205,20.6977,0
                73.81985,20.69697,0
                73.81879,20.69609,0
                73.81844,20.69584,0
                73.81837,20.69579,0
                73.81818,20.69566,0
                73.81761,20.69527,0
                73.81731,20.69502,0
                73.81707,20.69482,0
                73.81639,20.69457,0
                73.8163,20.69456,0
                73.81597,20.69449,0
                73.8146,20.69374,0
                73.81398,20.6933,0
                73.81334,20.69284,0
                73.8125,20.69236,0
                73.8123,20.69225,0
                73.81218,20.69219,0
                73.8121,20.69215,0
                73.81185,20.69203,0
                73.81236,20.69146,0
                73.81237,20.69145,0
                73.81237,20.69144,0
                73.81257,20.69124,0
                73.81286,20.69094,0
                73.81326,20.69039,0
                73.8135,20.68938,0
                73.81367,20.68881,0
                73.81455,20.68765,0
                73.81462,20.68755,0
                73.81425,20.68733,0
                73.81402,20.6872,0
                73.81401,20.68719,0
                73.81389,20.6871,0
                73.81324,20.68659,0
                73.81329,20.68652,0
                73.81352,20.68619,0
                73.80979,20.68578,0
                73.80769,20.68569,0
                73.80644,20.68618,0
                73.80419,20.68683,0
                73.80222,20.68746,0
                73.80043,20.68798,0
                73.79768,20.6911,0
                73.79671,20.69223,0
                73.79643,20.69254,0
                73.79663,20.69271,0
                73.79659,20.69342,0
                73.79662,20.69465,0
                73.79589,20.69475,0
                73.7944,20.69469,0
                73.79268,20.69451,0
                73.7919,20.69454,0
                73.79124,20.69463,0
                73.78921,20.69497,0
                73.78642,20.69548,0
                73.78645,20.69631,0
                73.78648,20.69794,0
                73.78617,20.69991,0
                73.78637,20.70112,0
                73.78639,20.70113,0
                73.78631,20.70198,0
                73.7875,20.70392,0
                73.78822,20.70433,0
                73.78821,20.7053,0
                73.78834,20.70563,0
                73.78826,20.70602,0
                73.78826,20.70614,0
                73.78952,20.70612,0
                73.79034,20.70609,0
                73.79045,20.70637,0
                73.79051,20.70659,0
                73.78981,20.70739,0
                73.78933,20.70854,0
                73.78982,20.70843,0
                73.79027,20.70821,0
                73.79076,20.70805,0
                73.79121,20.70794,0
                73.79185,20.70807,0
                73.79265,20.70841,0
                73.79339,20.7088,0
                73.79411,20.70931,0
                73.79438,20.70949,0
                73.79431,20.71064,0
                73.79276,20.71071,0
                73.79221,20.71228,0
                73.79146,20.71232,0
                73.78975,20.713,0
                73.78868,20.71344,0
                73.78944,20.71416,0
                73.78964,20.71433,0
                73.79061,20.71514,0
                73.79112,20.71553,0
                73.79271,20.7147,0
                73.79464,20.71413,0
                73.79686,20.71316,0
                73.79792,20.71293,0
                73.79758,20.71176,0
                73.79758,20.71048,0
                73.79865,20.71021,0
                73.79971,20.71007,0
              </coordinates>
            </LinearRing>
          </outerBoundaryIs>
        </Polygon>
      </Placemark>
      <Placemark id="WG_ESA_2024_GJ.47">
        <name>Ukhatiya</name>
        <ExtendedData>
          <SchemaData schemaUrl="#WG_ESA_2024_GJ.schema">
            <SimpleData name="esa_category">whole_village</SimpleData>
            <SimpleData name="area_km2">7.896</SimpleData>
          </SchemaData>
        </ExtendedData>
        <Polygon>
          <outerBoundaryIs>
            <LinearRing>
              <coordinates>
                73.80644,20.68618,0
                73.80769,20.68569,0
                73.80979,20.68578,0
                73.81352,20.68619,0
                73.81372,20.686,0
                73.81387,20.68587,0
                73.81445,20.68518,0
                73.81446,20.68517,0
                73.81501,20.68447,0
                73.81544,20.68381,0
                73.81568,20.68338,0
                73.81553,20.6828,0
                73.81553,20.68279,0
                73.81546,20.6826,0
                73.81528,20.68207,0
                73.81528,20.68177,0
                73.8154,20.68158,0
                73.81551,20.6814,0
                73.81631,20.68041,0
                73.81667,20.67997,0
                73.81689,20.67927,0
                73.81692,20.67915,0
                73.81715,20.67811,0
                73.81724,20.67706,0
                73.81727,20.67611,0
                73.81724,20.67559,0
                73.81722,20.67528,0
                73.81721,20.6751,0
                73.81715,20.67444,0
                73.81707,20.67346,0
                73.81711,20.67298,0
                73.81721,20.67204,0
                73.8179,20.67232,0
                73.81802,20.67236,0
                73.8189,20.67285,0
                73.81911,20.67297,0
                73.82039,20.67355,0
                73.82109,20.67372,0
                73.82126,20.67376,0
                73.82164,20.67381,0
                73.82214,20.67388,0
                73.8226,20.67384,0
                73.82289,20.67382,0
                73.82354,20.67376,0
                73.82369,20.67376,0
                73.82489,20.67377,0
                73.825,20.67377,0
                73.82509,20.67378,0
                73.82573,20.6739,0
                73.82702,20.67419,0
                73.82884,20.67462,0
                73.83028,20.67497,0
                73.83042,20.67503,0
                73.83062,20.6751,0
                73.83063,20.6751,0
                73.83073,20.67502,0
                73.83111,20.67473,0
                73.83156,20.67439,0
                73.83129,20.6736,0
                73.83118,20.67327,0
                73.83107,20.67273,0
                73.83081,20.67206,0
                73.83077,20.67181,0
                73.8307,20.67141,0
                73.83034,20.67149,0
                73.82682,20.67105,0
                73.82616,20.67042,0
                73.82599,20.67015,0
                73.82581,20.66986,0
                73.82566,20.66958,0
                73.8255,20.6694,0
                73.82522,20.66929,0
                73.82491,20.66924,0
                73.82463,20.66923,0
                73.82437,20.66914,0
                73.82408,20.66868,0
                73.82391,20.66849,0
                73.8235,20.66822,0
                73.82327,20.66802,0
                73.82301,20.66779,0
                73.82249,20.66745,0
                73.82222,20.6673,0
                73.82177,20.66706,0
                73.8215,20.66688,0
                73.82121,20.66669,0
                73.82097,20.66639,0
                73.8208,20.66615,0
                73.82054,20.66584,0
                73.82033,20.66557,0
                73.82014,20.66527,0
                73.81992,20.66503,0
                73.81977,20.66479,0
                73.81937,20.66482,0
                73.81911,20.66485,0
                73.81877,20.6649,0
                73.81844,20.66492,0
                73.81807,20.66489,0
                73.81759,20.66475,0
                73.81733,20.66462,0
                73.81697,20.66449,0
                73.81663,20.66436,0
                73.81641,20.66427,0
                73.81611,20.66412,0
                73.81606,20.66387,0
                73.81606,20.66358,0
                73.81604,20.66323,0
                73.81606,20.663,0
                73.8161,20.66268,0
                73.81608,20.66239,0
                73.81605,20.66208,0
                73.81599,20.66174,0
                73.81578,20.66139,0
                73.81559,20.66107,0
                73.81547,20.66084,0
                73.8153,20.66058,0
                73.81518,20.66043,0
                73.81492,20.6601,0
                73.81499,20.65993,0
                73.8152,20.65953,0
                73.81529,20.65908,0
                73.8153,20.6588,0
                73.81549,20.65866,0
                73.81567,20.65855,0
                73.81571,20.65847,0
                73.81565,20.65838,0
                73.81554,20.65824,0
                73.81538,20.65808,0
                73.81528,20.65802,0
                73.81516,20.65785,0
                73.81504,20.65769,0
                73.81488,20.65754,0
                73.81471,20.65741,0
                73.81452,20.65718,0
                73.81429,20.65693,0
                73.81413,20.65669,0
                73.81397,20.65652,0
                73.81375,20.65632,0
                73.81347,20.65617,0
                73.81326,20.656,0
                73.81294,20.65599,0
                73.81305,20.65547,0
                73.81268,20.65532,0
                73.81242,20.65534,0
                73.81215,20.65549,0
                73.81185,20.65578,0
                73.81172,20.65576,0
                73.81173,20.65638,0
                73.81203,20.65681,0
                73.81222,20.65724,0
                73.81221,20.65769,0
                73.81211,20.65848,0
                73.81161,20.65823,0
                73.81152,20.65844,0
                73.81164,20.65909,0
                73.81121,20.65939,0
                73.81125,20.65961,0
                73.81083,20.65991,0
                73.81002,20.65998,0
                73.81001,20.66011,0
                73.80907,20.66001,0
                73.80819,20.65981,0
                73.80651,20.66044,0
                73.80612,20.66046,0
                73.80492,20.66072,0
                73.80416,20.65994,0
                73.80323,20.65949,0
                73.80244,20.65915,0
                73.80301,20.66087,0
                73.80251,20.66144,0
                73.80224,20.66169,0
                73.80181,20.66243,0
                73.79979,20.66361,0
                73.7982,20.66444,0
                73.79806,20.66472,0
                73.79807,20.66482,0
                73.79865,20.66687,0
                73.79923,20.66929,0
                73.79798,20.66989,0
                73.79767,20.67011,0
                73.79697,20.67072,0
                73.79641,20.6712,0
                73.79579,20.67232,0
                73.79559,20.67336,0
                73.79549,20.67485,0
                73.79505,20.67563,0
                73.79517,20.67647,0
                73.7962,20.67777,0
                73.79669,20.67848,0
                73.79579,20.67983,0
                73.79533,20.6803,0
                73.7947,20.68089,0
                73.79436,20.68115,0
                73.79338,20.68201,0
                73.7924,20.68349,0
                73.79115,20.68313,0
                73.79039,20.68282,0
                73.7902,20.68295,0
                73.78975,20.68295,0
                73.78932,20.68292,0
                73.78908,20.68285,0
                73.78852,20.68269,0
                73.78791,20.68251,0
                73.78754,20.68213,0
                73.78735,20.68178,0
                73.78705,20.6815,0
                73.787,20.68134,0
                73.78709,20.68118,0
                73.78701,20.68096,0
                73.78666,20.68051,0
                73.78647,20.6804,0
                73.78634,20.6804,0
                73.78628,20.68057,0
                73.78613,20.68096,0
                73.78609,20.68122,0
                73.78589,20.68132,0
                73.78575,20.68115,0
                73.7855,20.68071,0
                73.78529,20.68061,0
                73.78529,20.68075,0
                73.78512,20.68162,0
                73.78491,20.68182,0
                73.78469,20.68183,0
                73.78437,20.68225,0
                73.78397,20.68275,0
                73.78368,20.68302,0
                73.7837,20.68309,0
                73.78409,20.68315,0
                73.78434,20.68332,0
                73.78418,20.68354,0
                73.78357,20.68406,0
                73.78315,20.68433,0
                73.7828,20.68454,0
                73.78229,20.6848,0
                73.78196,20.6849,0
                73.7819,20.6851,0
                73.78173,20.6854,0
                73.78157,20.68546,0
                73.78117,20.68568,0
                73.78075,20.68584,0
                73.78017,20.68584,0
                73.77986,20.68599,0
                73.77975,20.68629,0
                73.77934,20.68677,0
                73.77917,20.68692,0
                73.77867,20.68685,0
                73.7784,20.68701,0
                73.7781,20.68715,0
                73.77783,20.68769,0
                73.77675,20.68858,0
                73.77689,20.68932,0
                73.7781,20.68944,0
                73.77909,20.68947,0
                73.78001,20.68928,0
                73.78083,20.68886,0
                73.7814,20.68849,0
                73.78209,20.68848,0
                73.78346,20.68884,0
                73.78505,20.68906,0
                73.78579,20.68798,0
                73.78631,20.68745,0
                73.78746,20.68704,0
                73.7885,20.68678,0
                73.79007,20.68638,0
                73.79115,20.68823,0
                73.79169,20.68934,0
                73.79326,20.69008,0
                73.79387,20.6904,0
                73.79561,20.69184,0
                73.79643,20.69254,0
                73.79671,20.69223,0
                73.79768,20.6911,0
                73.80043,20.68798,0
                73.80222,20.68746,0
                73.80419,20.68683,0
                73.80644,20.68618,0
              </coordinates>
            </LinearRing>
          </outerBoundaryIs>
        </Polygon>
      </Placemark>
      <Placemark id="WG_ESA_2024_GJ.48">
        <name>Kamad</name>
        <ExtendedData>
          <SchemaData schemaUrl="#WG_ESA_2024_GJ.schema">
            <SimpleData name="esa_category">whole_village</SimpleData>
            <SimpleData name="area_km2">4.961</SimpleData>
          </SchemaData>
        </ExtendedData>
        <Polygon>
          <outerBoundaryIs>
            <LinearRing>
              <coordinates>
                73.79765,20.66554,0
                73.7971,20.66555,0
                73.79691,20.6651,0
                73.79606,20.66453,0
                73.79586,20.6641,0
                73.79518,20.66404,0
                73.7951,20.66414,0
                73.79491,20.66437,0
                73.79478,20.66427,0
                73.79456,20.66431,0
                73.79445,20.66424,0
                73.79444,20.66398,0
                73.79373,20.66418,0
                73.79353,20.66448,0
                73.79364,20.66458,0
                73.79353,20.66467,0
                73.7932,20.66464,0
                73.7928,20.66487,0
                73.79242,20.66511,0
                73.79229,20.66477,0
                73.79179,20.66474,0
                73.79184,20.66403,0
                73.7916,20.66397,0
                73.79184,20.66321,0
                73.79156,20.66273,0
                73.79037,20.66278,0
                73.7891,20.66242,0
                73.78841,20.66148,0
                73.78827,20.66117,0
                73.78828,20.66113,0
                73.7882,20.6612,0
                73.78806,20.66087,0
                73.7859,20.66125,0
                73.78453,20.66168,0
                73.78332,20.66223,0
                73.78131,20.66232,0
                73.7807,20.66252,0
                73.77969,20.66235,0
                73.77756,20.66141,0
                73.77708,20.66135,0
                73.77627,20.66317,0
                73.77545,20.66245,0
                73.77535,20.66123,0
                73.77336,20.66139,0
                73.77292,20.66141,0
                73.77302,20.66171,0
                73.77225,20.66177,0
                73.77195,20.66165,0
                73.7709,20.66119,0
                73.77055,20.66247,0
                73.76943,20.66287,0
                73.76944,20.66258,0
                73.76822,20.66355,0
                73.76757,20.66454,0
                73.76711,20.66476,0
                73.76633,20.66527,0
                73.76551,20.66503,0
                73.76505,20.66537,0
                73.76488,20.66639,0
                73.7639,20.66623,0
                73.76287,20.66642,0
                73.76127,20.66654,0
                73.76083,20.66691,0
                73.76,20.66688,0
                73.75834,20.66646,0
                73.75783,20.66519,0
                73.75668,20.66535,0
                73.75613,20.66547,0
                73.75565,20.6682,0
                73.75345,20.66819,0
                73.75367,20.66653,0
                73.75375,20.66527,0
                73.75303,20.66419,0
                73.7528,20.66431,0
                73.7524,20.66455,0
                73.75146,20.66508,0
                73.75126,20.66546,0
                73.75102,20.66672,0
                73.75096,20.66741,0
                73.75041,20.66875,0
                73.74997,20.66888,0
                73.74977,20.66942,0
                73.74922,20.66971,0
                73.74874,20.67011,0
                73.74811,20.67014,0
                73.74789,20.66989,0
                73.74761,20.66975,0
                73.74802,20.67078,0
                73.7483,20.67118,0
                73.74886,20.67161,0
                73.74871,20.67159,0
                73.74879,20.67164,0
                73.75,20.67204,0
                73.75189,20.6727,0
                73.75262,20.67293,0
                73.75366,20.67302,0
                73.75389,20.6731,0
                73.75448,20.67258,0
                73.75505,20.67226,0
                73.75583,20.67187,0
                73.7562,20.67197,0
                73.7567,20.67253,0
                73.75722,20.6731,0
                73.7578,20.67343,0
                73.75829,20.67343,0
                73.75923,20.67361,0
                73.7594,20.67341,0
                73.76006,20.67105,0
                73.7604,20.66985,0
                73.7611,20.66974,0
                73.76231,20.66955,0
                73.76296,20.66946,0
                73.76313,20.66971,0
                73.76358,20.6695,0
                73.76371,20.67045,0
                73.76314,20.6712,0
                73.7632,20.67194,0
                73.76366,20.6717,0
                73.76352,20.67138,0
                73.76387,20.67081,0
                73.76422,20.67037,0
                73.76514,20.66979,0
                73.76558,20.66943,0
                73.76744,20.66899,0
                73.76829,20.66882,0
                73.76853,20.6685,0
                73.76948,20.6676,0
                73.77096,20.66609,0
                73.77136,20.66604,0
                73.77241,20.66588,0
                73.77377,20.66597,0
                73.77546,20.66612,0
                73.77649,20.66598,0
                73.77815,20.66573,0
                73.77859,20.6662,0
                73.77958,20.66729,0
                73.77975,20.66718,0
                73.7809,20.66649,0
                73.78164,20.6674,0
                73.78126,20.66806,0
                73.78048,20.66944,0
                73.78029,20.66985,0
                73.77949,20.67072,0
                73.78006,20.67195,0
                73.78084,20.67314,0
                73.78063,20.67359,0
                73.78005,20.67513,0
                73.78004,20.67532,0
                73.78001,20.67664,0
                73.78086,20.67703,0
                73.78176,20.67735,0
                73.783,20.67786,0
                73.78364,20.67832,0
                73.78444,20.67868,0
                73.78493,20.67895,0
                73.78561,20.67999,0
                73.78585,20.67984,0
                73.78603,20.67991,0
                73.78634,20.6804,0
                73.78647,20.6804,0
                73.78666,20.68051,0
                73.78701,20.68096,0
                73.78709,20.68118,0
                73.787,20.68134,0
                73.78705,20.6815,0
                73.78735,20.68178,0
                73.78754,20.68213,0
                73.78791,20.68251,0
                73.78852,20.68269,0
                73.78908,20.68285,0
                73.78932,20.68292,0
                73.78975,20.68295,0
                73.7902,20.68295,0
                73.79039,20.68282,0
                73.79115,20.68313,0
                73.7924,20.68349,0
                73.79338,20.68201,0
                73.79436,20.68115,0
                73.7947,20.68089,0
                73.79533,20.6803,0
                73.79579,20.67983,0
                73.79669,20.67848,0
                73.7962,20.67777,0
                73.79517,20.67647,0
                73.79505,20.67563,0
                73.79549,20.67485,0
                73.79559,20.67336,0
                73.79579,20.67232,0
                73.79641,20.6712,0
                73.79697,20.67072,0
                73.79767,20.67011,0
                73.79798,20.66989,0
                73.79923,20.66929,0
                73.79865,20.66687,0
                73.79807,20.66482,0
                73.79806,20.66472,0
                73.79765,20.66554,0
              </coordinates>
            </LinearRing>
          </outerBoundaryIs>
        </Polygon>
      </Placemark>
      <Placemark id="WG_ESA_2024_GJ.49">
        <name>Chinchod</name>
        <ExtendedData>
          <SchemaData schemaUrl="#WG_ESA_2024_GJ.schema">
            <SimpleData name="esa_category">whole_village</SimpleData>
            <SimpleData name="area_km2">1.894</SimpleData>
          </SchemaData>
        </ExtendedData>
        <Polygon>
          <outerBoundaryIs>
            <LinearRing>
              <coordinates>
                73.56453,20.6636,0
                73.56454,20.66348,0
                73.56438,20.66333,0
                73.56425,20.66259,0
                73.56544,20.66265,0
                73.56609,20.66204,0
                73.56625,20.66158,0
                73.56701,20.66135,0
                73.56746,20.66065,0
                73.56811,20.66097,0
                73.56912,20.66068,0
                73.56929,20.66063,0
                73.56966,20.66029,0
                73.56979,20.65995,0
                73.5698,20.6599,0
                73.56911,20.65923,0
                73.56897,20.65864,0
                73.56894,20.65734,0
                73.56871,20.65642,0
                73.56921,20.65542,0
                73.57025,20.65367,0
                73.57104,20.65202,0
                73.57082,20.65124,0
                73.57072,20.65087,0
                73.57104,20.65049,0
                73.57106,20.65047,0
                73.57015,20.65095,0
                73.5693,20.65118,0
                73.56836,20.65141,0
                73.56833,20.65139,0
                73.56818,20.65131,0
                73.56767,20.65018,0
                73.56738,20.64955,0
                73.56698,20.64865,0
                73.56681,20.64847,0
                73.56678,20.64846,0
                73.56664,20.64842,0
                73.56627,20.64862,0
                73.56615,20.64868,0
                73.56604,20.64875,0
                73.56564,20.64896,0
                73.5644,20.64964,0
                73.56425,20.64972,0
                73.56412,20.64978,0
                73.56403,20.64981,0
                73.56383,20.64986,0
                73.56187,20.65039,0
                73.56185,20.6504,0
                73.56172,20.65029,0
                73.56026,20.64915,0
                73.5602,20.64908,0
                73.55961,20.64843,0
                73.55905,20.6476,0
                73.55888,20.64736,0
                73.55857,20.64691,0
                73.55785,20.64587,0
                73.55772,20.64594,0
                73.55594,20.64691,0
                73.55574,20.64699,0
                73.55567,20.64702,0
                73.55449,20.64748,0
                73.55439,20.64751,0
                73.55408,20.64763,0
                73.55234,20.64813,0
                73.55095,20.64852,0
                73.55087,20.64854,0
                73.5508,20.64856,0
                73.5509,20.649,0
                73.55155,20.64927,0
                73.55177,20.65016,0
                73.5519,20.65065,0
                73.55187,20.65095,0
                73.552,20.65174,0
                73.55202,20.65223,0
                73.55249,20.6528,0
                73.55292,20.65279,0
                73.55352,20.65281,0
                73.5539,20.65278,0
                73.55389,20.65291,0
                73.55428,20.65312,0
                73.55446,20.65303,0
                73.55436,20.65385,0
                73.55467,20.65374,0
                73.55508,20.65385,0
                73.55501,20.65374,0
                73.55515,20.6535,0
                73.55523,20.6534,0
                73.55555,20.65341,0
                73.5557,20.65352,0
                73.55572,20.65325,0
                73.5555,20.65321,0
                73.55546,20.65309,0
                73.5556,20.65296,0
                73.55585,20.6532,0
                73.55588,20.65304,0
                73.55642,20.65305,0
                73.55651,20.65348,0
                73.55641,20.65373,0
                73.55688,20.65394,0
                73.557,20.65383,0
                73.55701,20.65371,0
                73.55726,20.65367,0
                73.55723,20.65398,0
                73.55744,20.65465,0
                73.55768,20.65533,0
                73.55775,20.65572,0
                73.55782,20.65581,0
                73.55805,20.65579,0
                73.55816,20.65605,0
                73.55811,20.65634,0
                73.55808,20.65655,0
                73.5583,20.65677,0
                73.55855,20.65667,0
                73.55889,20.65667,0
                73.55884,20.65682,0
                73.55892,20.65711,0
                73.55925,20.65735,0
                73.55958,20.65766,0
                73.55993,20.65777,0
                73.56056,20.6576,0
                73.56101,20.6576,0
                73.56119,20.65767,0
                73.56148,20.65786,0
                73.56119,20.65805,0
                73.56107,20.65847,0
                73.56078,20.65889,0
                73.56106,20.65912,0
                73.56144,20.65891,0
                73.56149,20.65929,0
                73.56099,20.65941,0
                73.56105,20.6598,0
                73.56156,20.65999,0
                73.56131,20.66085,0
                73.56154,20.66128,0
                73.56094,20.66154,0
                73.5612,20.66198,0
                73.56166,20.66195,0
                73.56202,20.6621,0
                73.56252,20.66253,0
                73.56308,20.6631,0
                73.56324,20.6634,0
                73.56358,20.66348,0
                73.56361,20.66349,0
                73.56358,20.66374,0
                73.56378,20.66398,0
                73.56421,20.66386,0
                73.56436,20.66381,0
                73.5644,20.66376,0
                73.56453,20.6636,0
              </coordinates>
            </LinearRing>
          </outerBoundaryIs>
        </Polygon>
      </Placemark>
      <Placemark id="WG_ESA_2024_GJ.50">
        <name>Sinbandh</name>
        <ExtendedData>
          <SchemaData schemaUrl="#WG_ESA_2024_GJ.schema">
            <SimpleData name="esa_category">whole_village</SimpleData>
            <SimpleData name="area_km2">3.977</SimpleData>
          </SchemaData>
        </ExtendedData>
        <Polygon>
          <outerBoundaryIs>
            <LinearRing>
              <coordinates>
                73.83587,20.66464,0
                73.8361,20.66452,0
                73.83611,20.66451,0
                73.83613,20.6645,0
                73.8362,20.66447,0
                73.83658,20.66427,0
                73.83682,20.66365,0
                73.83692,20.66339,0
                73.83744,20.66205,0
                73.83749,20.6619,0
                73.83756,20.66167,0
                73.83778,20.66096,0
                73.83792,20.6607,0
                73.83821,20.66018,0
                73.83826,20.66009,0
                73.83849,20.65969,0
                73.83885,20.65909,0
                73.83903,20.65885,0
                73.83909,20.65877,0
                73.83906,20.65762,0
                73.83904,20.65687,0
                73.83904,20.65686,0
                73.83871,20.65592,0
                73.83839,20.65516,0
                73.83831,20.65495,0
                73.8376,20.65403,0
                73.83729,20.65363,0
                73.83654,20.65273,0
                73.83646,20.65264,0
                73.8362,20.65233,0
                73.83575,20.65185,0
                73.83533,20.6514,0
                73.83426,20.65021,0
                73.83362,20.65053,0
                73.83121,20.65112,0
                73.82615,20.65246,0
                73.82194,20.65351,0
                73.82112,20.65365,0
                73.82108,20.65387,0
                73.81993,20.65367,0
                73.81832,20.65332,0
                73.818,20.65311,0
                73.81701,20.65285,0
                73.81671,20.65227,0
                73.8159,20.65203,0
                73.81469,20.65178,0
                73.81409,20.65171,0
                73.81343,20.65185,0
                73.81164,20.6534,0
                73.81116,20.65368,0
                73.81081,20.65369,0
                73.81075,20.65368,0
                73.81108,20.65444,0
                73.81085,20.65491,0
                73.81172,20.65576,0
                73.81185,20.65578,0
                73.81215,20.65549,0
                73.81242,20.65534,0
                73.81268,20.65532,0
                73.81305,20.65547,0
                73.81294,20.65599,0
                73.81326,20.656,0
                73.81347,20.65617,0
                73.81375,20.65632,0
                73.81397,20.65652,0
                73.81413,20.65669,0
                73.81429,20.65693,0
                73.81452,20.65718,0
                73.81471,20.65741,0
                73.81488,20.65754,0
                73.81504,20.65769,0
                73.81516,20.65785,0
                73.81528,20.65802,0
                73.81538,20.65808,0
                73.81554,20.65824,0
                73.81565,20.65838,0
                73.81571,20.65847,0
                73.81567,20.65855,0
                73.81549,20.65866,0
                73.8153,20.6588,0
                73.81529,20.65908,0
                73.8152,20.65953,0
                73.81499,20.65993,0
                73.81492,20.6601,0
                73.81518,20.66043,0
                73.8153,20.66058,0
                73.81547,20.66084,0
                73.81559,20.66107,0
                73.81578,20.66139,0
                73.81599,20.66174,0
                73.81605,20.66208,0
                73.81608,20.66239,0
                73.8161,20.66268,0
                73.81606,20.663,0
                73.81604,20.66323,0
                73.81606,20.66358,0
                73.81606,20.66387,0
                73.81611,20.66412,0
                73.81641,20.66427,0
                73.81663,20.66436,0
                73.81697,20.66449,0
                73.81733,20.66462,0
                73.81759,20.66475,0
                73.81807,20.66489,0
                73.81844,20.66492,0
                73.81877,20.6649,0
                73.81911,20.66485,0
                73.81937,20.66482,0
                73.81977,20.66479,0
                73.81992,20.66503,0
                73.82014,20.66527,0
                73.82033,20.66557,0
                73.82054,20.66584,0
                73.8208,20.66615,0
                73.82097,20.66639,0
                73.82121,20.66669,0
                73.8215,20.66688,0
                73.82177,20.66706,0
                73.82222,20.6673,0
                73.82249,20.66745,0
                73.82301,20.66779,0
                73.82327,20.66802,0
                73.8235,20.66822,0
                73.82391,20.66849,0
                73.82408,20.66868,0
                73.82437,20.66914,0
                73.82463,20.66923,0
                73.82491,20.66924,0
                73.82522,20.66929,0
                73.8255,20.6694,0
                73.82566,20.66958,0
                73.82581,20.66986,0
                73.82599,20.67015,0
                73.82616,20.67042,0
                73.82682,20.67105,0
                73.83034,20.67149,0
                73.8307,20.67141,0
                73.83082,20.67093,0
                73.83084,20.67087,0
                73.83097,20.67039,0
                73.83099,20.67032,0
                73.83149,20.66947,0
                73.83168,20.66919,0
                73.83176,20.66908,0
                73.83178,20.66904,0
                73.83201,20.6687,0
                73.83286,20.66748,0
                73.83295,20.66735,0
                73.83314,20.66707,0
                73.83317,20.66703,0
                73.83333,20.66683,0
                73.83352,20.66659,0
                73.83354,20.66656,0
                73.83368,20.66639,0
                73.83443,20.66571,0
                73.83446,20.6657,0
                73.83463,20.66567,0
                73.83469,20.66566,0
                73.8347,20.66565,0
                73.83488,20.66545,0
                73.8354,20.66488,0
                73.83587,20.66464,0
              </coordinates>
            </LinearRing>
          </outerBoundaryIs>
        </Polygon>
      </Placemark>
      <Placemark id="WG_ESA_2024_GJ.51">
        <name>Pipalpada (Galkundsaja)</name>
        <ExtendedData>
          <SchemaData schemaUrl="#WG_ESA_2024_GJ.schema">
            <SimpleData name="esa_category">whole_village</SimpleData>
            <SimpleData name="area_km2">4.114</SimpleData>
          </SchemaData>
        </ExtendedData>
        <Polygon>
          <outerBoundaryIs>
            <LinearRing>
              <coordinates>
                73.80519,20.80568,0
                73.8055,20.80578,0
                73.80546,20.8055,0
                73.80579,20.80525,0
                73.80598,20.8049,0
                73.80621,20.80459,0
                73.80692,20.80412,0
                73.80745,20.80386,0
                73.80843,20.8036,0
                73.80905,20.80335,0
                73.81,20.80296,0
                73.81105,20.8027,0
                73.8118,20.80241,0
                73.81271,20.80209,0
                73.81383,20.80183,0
                73.81527,20.80144,0
                73.81635,20.80111,0
                73.8174,20.80094,0
                73.8184,20.80084,0
                73.81831,20.80064,0
                73.81756,20.79996,0
                73.81606,20.7983,0
                73.81731,20.7949,0
                73.81661,20.79421,0
                73.81537,20.79264,0
                73.8147,20.79145,0
                73.8146,20.79079,0
                73.81458,20.78953,0
                73.81449,20.78916,0
                73.81578,20.78828,0
                73.81595,20.78816,0
                73.81625,20.78771,0
                73.81624,20.78714,0
                73.81632,20.78657,0
                73.81697,20.78615,0
                73.81748,20.78586,0
                73.81857,20.7856,0
                73.81878,20.78496,0
                73.81907,20.7841,0
                73.81958,20.7834,0
                73.82057,20.78273,0
                73.82164,20.78206,0
                73.82237,20.7814,0
                73.82227,20.7805,0
                73.82226,20.77989,0
                73.82225,20.77907,0
                73.82198,20.77855,0
                73.82159,20.77823,0
                73.81984,20.77737,0
                73.81722,20.77394,0
                73.81678,20.77362,0
                73.81544,20.77366,0
                73.81436,20.77498,0
                73.81092,20.77512,0
                73.81069,20.77619,0
                73.81023,20.77679,0
                73.81019,20.77793,0
                73.8102,20.77815,0
                73.81013,20.77819,0
                73.8086,20.77814,0
                73.80763,20.77897,0
                73.80775,20.78044,0
                73.80752,20.78178,0
                73.80689,20.7822,0
                73.80574,20.78305,0
                73.80496,20.78373,0
                73.80566,20.78667,0
                73.80568,20.78672,0
                73.80517,20.78687,0
                73.80409,20.78735,0
                73.80303,20.78847,0
                73.80316,20.78896,0
                73.80332,20.7896,0
                73.80278,20.79058,0
                73.80244,20.79142,0
                73.80212,20.79192,0
                73.80211,20.79198,0
                73.80216,20.79194,0
                73.80238,20.7923,0
                73.80262,20.79361,0
                73.80275,20.79416,0
                73.8033,20.79504,0
                73.80418,20.79635,0
                73.80299,20.79666,0
                73.80204,20.79694,0
                73.80175,20.79717,0
                73.80291,20.79802,0
                73.80409,20.79867,0
                73.80365,20.80032,0
                73.80341,20.80127,0
                73.80307,20.80187,0
                73.80255,20.80283,0
                73.80203,20.80361,0
                73.80162,20.80451,0
                73.80129,20.80587,0
                73.80243,20.80589,0
                73.80337,20.8058,0
                73.80387,20.80577,0
                73.80519,20.80568,0
              </coordinates>
            </LinearRing>
          </outerBoundaryIs>
        </Polygon>
      </Placemark>
      <Placemark id="WG_ESA_2024_GJ.52">
        <name>Murambi</name>
        <ExtendedData>
          <SchemaData schemaUrl="#WG_ESA_2024_GJ.schema">
            <SimpleData name="esa_category">whole_village</SimpleData>
            <SimpleData name="area_km2">7.116</SimpleData>
          </SchemaData>
        </ExtendedData>
        <Polygon>
          <outerBoundaryIs>
            <LinearRing>
              <coordinates>
                73.68308,20.62856,0
                73.68286,20.62862,0
                73.68347,20.6273,0
                73.68388,20.62668,0
                73.68424,20.62609,0
                73.68424,20.62563,0
                73.68425,20.6243,0
                73.68346,20.62278,0
                73.68328,20.62248,0
                73.68349,20.62222,0
                73.68334,20.62139,0
                73.68349,20.62118,0
                73.68408,20.62044,0
                73.68382,20.61986,0
                73.68373,20.61957,0
                73.6835,20.61922,0
                73.68327,20.61902,0
                73.68248,20.61857,0
                73.68175,20.61827,0
                73.68171,20.61811,0
                73.68184,20.61773,0
                73.68189,20.61739,0
                73.68209,20.61688,0
                73.68324,20.61668,0
                73.6837,20.61632,0
                73.68378,20.61631,0
                73.68368,20.61533,0
                73.68377,20.61503,0
                73.68343,20.61283,0
                73.68288,20.61121,0
                73.68176,20.61094,0
                73.6818,20.60937,0
                73.68258,20.60736,0
                73.68273,20.60672,0
                73.68376,20.60578,0
                73.68415,20.60464,0
                73.68452,20.60435,0
                73.68366,20.6027,0
                73.68482,20.60196,0
                73.68695,20.60126,0
                73.68932,20.60056,0
                73.68923,20.5987,0
                73.68952,20.59765,0
                73.68947,20.59767,0
                73.68943,20.59727,0
                73.68884,20.59658,0
                73.68781,20.59526,0
                73.68759,20.59518,0
                73.68701,20.59484,0
                73.68651,20.59466,0
                73.68607,20.59445,0
                73.68575,20.59424,0
                73.68509,20.59406,0
                73.68472,20.59393,0
                73.68347,20.59423,0
                73.68343,20.59442,0
                73.68328,20.59481,0
                73.68324,20.59519,0
                73.68293,20.59578,0
                73.68291,20.59621,0
                73.68298,20.59663,0
                73.68292,20.59708,0
                73.68277,20.59756,0
                73.68239,20.59795,0
                73.68209,20.59834,0
                73.67956,20.59869,0
                73.6786,20.59864,0
                73.67771,20.59842,0
                73.67661,20.59813,0
                73.67597,20.5978,0
                73.67537,20.59753,0
                73.67475,20.59717,0
                73.67438,20.59694,0
                73.67395,20.59658,0
                73.67353,20.59629,0
                73.67312,20.59589,0
                73.67258,20.59523,0
                73.67208,20.59536,0
                73.67145,20.59546,0
                73.67101,20.59561,0
                73.67049,20.59562,0
                73.66961,20.59558,0
                73.66936,20.59674,0
                73.66909,20.59771,0
                73.66922,20.59841,0
                73.6694,20.59888,0
                73.66892,20.59958,0
                73.66817,20.59947,0
                73.66754,20.59963,0
                73.66674,20.59985,0
                73.66646,20.59982,0
                73.66524,20.59958,0
                73.66489,20.59976,0
                73.6639,20.60028,0
                73.66312,20.60076,0
                73.66238,20.60132,0
                73.66177,20.60191,0
                73.66103,20.6016,0
                73.65981,20.60137,0
                73.65766,20.60193,0
                73.65691,20.60238,0
                73.65616,20.60211,0
                73.655,20.6017,0
                73.65456,20.60138,0
                73.65453,20.60143,0
                73.6545,20.60174,0
                73.65438,20.60323,0
                73.65455,20.60432,0
                73.65476,20.60442,0
                73.65501,20.60457,0
                73.65602,20.60418,0
                73.65677,20.60411,0
                73.65759,20.60509,0
                73.65901,20.60682,0
                73.6602,20.60777,0
                73.66131,20.60779,0
                73.66273,20.60748,0
                73.66348,20.60736,0
                73.66405,20.60761,0
                73.66418,20.60807,0
                73.6645,20.60875,0
                73.66474,20.6099,0
                73.66419,20.60991,0
                73.66339,20.60992,0
                73.66328,20.60987,0
                73.66257,20.60997,0
                73.66215,20.60971,0
                73.66162,20.61006,0
                73.66162,20.61025,0
                73.66189,20.61105,0
                73.66257,20.61127,0
                73.66267,20.61181,0
                73.66272,20.61205,0
                73.66297,20.61213,0
                73.66342,20.61224,0
                73.66368,20.61254,0
                73.66401,20.61319,0
                73.66437,20.61448,0
                73.66406,20.61428,0
                73.66415,20.61475,0
                73.66415,20.61492,0
                73.66409,20.61548,0
                73.66409,20.61662,0
                73.66396,20.61741,0
                73.66366,20.61773,0
                73.66352,20.61822,0
                73.66312,20.61945,0
                73.66343,20.62025,0
                73.66313,20.62051,0
                73.66286,20.62076,0
                73.66242,20.6207,0
                73.6622,20.62111,0
                73.66216,20.62121,0
                73.66313,20.62144,0
                73.66583,20.62267,0
                73.67008,20.62413,0
                73.67326,20.62495,0
                73.67754,20.62874,0
                73.67933,20.63038,0
                73.68084,20.63254,0
                73.68159,20.63306,0
                73.68132,20.63214,0
                73.68152,20.63172,0
                73.68138,20.6306,0
                73.68154,20.63037,0
                73.68292,20.62869,0
                73.68308,20.62856,0
              </coordinates>
            </LinearRing>
          </outerBoundaryIs>
        </Polygon>
      </Placemark>
      <Placemark id="WG_ESA_2024_GJ.53">
        <name>Payarpada</name>
        <ExtendedData>
          <SchemaData schemaUrl="#WG_ESA_2024_GJ.schema">
            <SimpleData name="esa_category">whole_village</SimpleData>
            <SimpleData name="area_km2">3.65</SimpleData>
          </SchemaData>
        </ExtendedData>
        <Polygon>
          <outerBoundaryIs>
            <LinearRing>
              <coordinates>
                73.79377,20.63811,0
                73.7934,20.63664,0
                73.79368,20.63563,0
                73.79408,20.63543,0
                73.79397,20.6337,0
                73.79326,20.63383,0
                73.79288,20.63369,0
                73.79312,20.63354,0
                73.79346,20.63305,0
                73.79379,20.63237,0
                73.79431,20.63086,0
                73.7939,20.63037,0
                73.79413,20.63006,0
                73.79474,20.62965,0
                73.79527,20.62917,0
                73.7955,20.62839,0
                73.79696,20.62804,0
                73.79713,20.62684,0
                73.79673,20.62689,0
                73.79606,20.62688,0
                73.79579,20.62653,0
                73.79514,20.62616,0
                73.79461,20.62599,0
                73.79474,20.62572,0
                73.79488,20.62474,0
                73.79424,20.62442,0
                73.79439,20.62412,0
                73.79456,20.62285,0
                73.79485,20.62222,0
                73.79517,20.62219,0
                73.79569,20.62133,0
                73.79527,20.6199,0
                73.79631,20.61991,0
                73.79673,20.61942,0
                73.79693,20.61889,0
                73.79731,20.61894,0
                73.79751,20.61851,0
                73.79791,20.6182,0
                73.79814,20.6177,0
                73.79517,20.61681,0
                73.79499,20.61534,0
                73.79346,20.61313,0
                73.79337,20.61193,0
                73.79358,20.61165,0
                73.7919,20.61175,0
                73.79152,20.60515,0
                73.79127,20.60527,0
                73.79002,20.60507,0
                73.78973,20.60503,0
                73.78943,20.60494,0
                73.7884,20.60465,0
                73.78816,20.60454,0
                73.78774,20.60433,0
                73.78721,20.60384,0
                73.78713,20.60377,0
                73.78708,20.60372,0
                73.78707,20.60375,0
                73.78702,20.60397,0
                73.78704,20.60487,0
                73.78698,20.6087,0
                73.78687,20.61435,0
                73.78705,20.61552,0
                73.7868,20.61652,0
                73.7868,20.61725,0
                73.78644,20.61859,0
                73.78627,20.61904,0
                73.78573,20.61961,0
                73.78535,20.62031,0
                73.78472,20.62024,0
                73.78434,20.62036,0
                73.78429,20.62057,0
                73.78456,20.62074,0
                73.78471,20.62104,0
                73.78471,20.6212,0
                73.78387,20.62168,0
                73.78358,20.6215,0
                73.78318,20.6216,0
                73.78301,20.6218,0
                73.78283,20.62224,0
                73.78264,20.62218,0
                73.78241,20.62221,0
                73.78244,20.62253,0
                73.78283,20.6226,0
                73.78283,20.62287,0
                73.78324,20.62287,0
                73.7834,20.62301,0
                73.78363,20.62306,0
                73.78352,20.62312,0
                73.7833,20.62347,0
                73.78331,20.62376,0
                73.78285,20.62412,0
                73.78271,20.62412,0
                73.78268,20.6244,0
                73.78246,20.62472,0
                73.78242,20.6248,0
                73.78208,20.62506,0
                73.78173,20.62509,0
                73.78164,20.62513,0
                73.78181,20.62594,0
                73.78189,20.62698,0
                73.78201,20.62733,0
                73.78206,20.6274,0
                73.78205,20.62753,0
                73.78192,20.62779,0
                73.78184,20.62809,0
                73.78163,20.62794,0
                73.7815,20.62801,0
                73.78142,20.62793,0
                73.78141,20.62778,0
                73.78107,20.62787,0
                73.7806,20.62805,0
                73.78065,20.62916,0
                73.78099,20.62942,0
                73.78106,20.6295,0
                73.78107,20.62968,0
                73.78097,20.63028,0
                73.78106,20.63063,0
                73.78133,20.63132,0
                73.78145,20.63164,0
                73.78198,20.63187,0
                73.78218,20.63196,0
                73.78263,20.63254,0
                73.78299,20.63314,0
                73.78291,20.63391,0
                73.78297,20.63455,0
                73.78322,20.63529,0
                73.78326,20.63579,0
                73.78326,20.6362,0
                73.78358,20.63706,0
                73.7838,20.63776,0
                73.78467,20.63785,0
                73.7854,20.63778,0
                73.78545,20.63776,0
                73.78604,20.63775,0
                73.78665,20.63783,0
                73.78837,20.63863,0
                73.78984,20.63911,0
                73.79108,20.63936,0
                73.79201,20.63973,0
                73.79266,20.63959,0
                73.7936,20.63863,0
                73.79388,20.63832,0
                73.79377,20.63811,0
              </coordinates>
            </LinearRing>
          </outerBoundaryIs>
        </Polygon>
      </Placemark>
      <Placemark id="WG_ESA_2024_GJ.54">
        <name>Wanki</name>
        <ExtendedData>
          <SchemaData schemaUrl="#WG_ESA_2024_GJ.schema">
            <SimpleData name="esa_category">whole_village</SimpleData>
            <SimpleData name="area_km2">5.607</SimpleData>
          </SchemaData>
        </ExtendedData>
        <Polygon>
          <outerBoundaryIs>
            <LinearRing>
              <coordinates>
                73.79563,20.63757,0
                73.79633,20.63767,0
                73.79704,20.63783,0
                73.79797,20.63807,0
                73.79939,20.63818,0
                73.80112,20.63821,0
                73.80181,20.63831,0
                73.80182,20.63832,0
                73.80237,20.63761,0
                73.80311,20.63689,0
                73.8039,20.63583,0
                73.80454,20.63481,0
                73.80484,20.6345,0
                73.80516,20.63448,0
                73.80526,20.63445,0
                73.80528,20.63424,0
                73.80529,20.63381,0
                73.80529,20.6338,0
                73.80482,20.63377,0
                73.80479,20.63343,0
                73.80476,20.63319,0
                73.80471,20.63226,0
                73.80464,20.63124,0
                73.80456,20.62985,0
                73.80445,20.62874,0
                73.80418,20.62746,0
                73.8041,20.62685,0
                73.80452,20.62547,0
                73.80446,20.62483,0
                73.80396,20.62382,0
                73.80368,20.62261,0
                73.80326,20.62147,0
                73.80285,20.62069,0
                73.80289,20.6199,0
                73.80265,20.6186,0
                73.80303,20.61852,0
                73.80426,20.61909,0
                73.80516,20.61962,0
                73.8062,20.62048,0
                73.80717,20.62105,0
                73.80728,20.62187,0
                73.8076,20.62316,0
                73.80742,20.62425,0
                73.80718,20.62546,0
                73.80695,20.62677,0
                73.80686,20.62715,0
                73.80709,20.62808,0
                73.80775,20.62939,0
                73.80794,20.62944,0
                73.80794,20.62945,0
                73.80934,20.6295,0
                73.80929,20.62916,0
                73.80933,20.62905,0
                73.80951,20.62898,0
                73.81012,20.62896,0
                73.81026,20.62888,0
                73.81046,20.62857,0
                73.81063,20.62845,0
                73.81092,20.62841,0
                73.81106,20.62819,0
                73.81127,20.62801,0
                73.81136,20.62767,0
                73.81154,20.6276,0
                73.81175,20.62739,0
                73.81205,20.62707,0
                73.8125,20.62705,0
                73.81274,20.62689,0
                73.8126,20.62691,0
                73.81242,20.6269,0
                73.81204,20.62648,0
                73.81155,20.62698,0
                73.81127,20.62717,0
                73.81102,20.62706,0
                73.8108,20.62708,0
                73.81035,20.62707,0
                73.81035,20.62696,0
                73.81067,20.6269,0
                73.81081,20.62682,0
                73.81111,20.62664,0
                73.8112,20.62678,0
                73.81129,20.62679,0
                73.81153,20.6265,0
                73.81159,20.62595,0
                73.81116,20.6258,0
                73.81099,20.62551,0
                73.81126,20.62471,0
                73.81144,20.6245,0
                73.81185,20.62424,0
                73.81221,20.62375,0
                73.81228,20.62343,0
                73.81228,20.62305,0
                73.81211,20.62291,0
                73.81191,20.62272,0
                73.81183,20.62247,0
                73.81187,20.6223,0
                73.81237,20.62174,0
                73.81287,20.62146,0
                73.8136,20.62093,0
                73.81425,20.62082,0
                73.81456,20.62066,0
                73.81468,20.62047,0
                73.8146,20.6198,0
                73.81518,20.61876,0
                73.81455,20.61924,0
                73.81427,20.61915,0
                73.81415,20.61893,0
                73.81384,20.61855,0
                73.81371,20.61806,0
                73.81377,20.61782,0
                73.81393,20.61773,0
                73.81403,20.61768,0
                73.81421,20.61788,0
                73.81455,20.61826,0
                73.81472,20.61827,0
                73.81507,20.61792,0
                73.81533,20.61742,0
                73.81523,20.61724,0
                73.815,20.61685,0
                73.81492,20.61639,0
                73.81476,20.6159,0
                73.81456,20.61566,0
                73.81462,20.6153,0
                73.81447,20.61522,0
                73.81428,20.61495,0
                73.81397,20.61476,0
                73.81398,20.61428,0
                73.81357,20.61417,0
                73.81352,20.61371,0
                73.81315,20.61356,0
                73.81288,20.61319,0
                73.81251,20.61296,0
                73.81228,20.61257,0
                73.81213,20.61213,0
                73.81162,20.61209,0
                73.81134,20.61153,0
                73.81122,20.6109,0
                73.81087,20.61069,0
                73.8108,20.61056,0
                73.81061,20.61033,0
                73.81043,20.60984,0
                73.8103,20.60979,0
                73.80972,20.61002,0
                73.80963,20.61003,0
                73.80914,20.60983,0
                73.80874,20.60957,0
                73.80819,20.609,0
                73.8077,20.6079,0
                73.80762,20.60784,0
                73.80732,20.60762,0
                73.80727,20.60755,0
                73.80713,20.60801,0
                73.80709,20.60825,0
                73.80708,20.60827,0
                73.80706,20.60838,0
                73.80627,20.60749,0
                73.80528,20.60682,0
                73.80445,20.60594,0
                73.80348,20.60466,0
                73.80303,20.60406,0
                73.80284,20.60387,0
                73.80227,20.60332,0
                73.80201,20.60301,0
                73.80138,20.60225,0
                73.80088,20.60161,0
                73.80017,20.60076,0
                73.79934,20.60047,0
                73.79933,20.60047,0
                73.7988,20.60033,0
                73.79861,20.59984,0
                73.79861,20.59983,0
                73.79857,20.59963,0
                73.7984,20.59868,0
                73.79785,20.59869,0
                73.7971,20.59886,0
                73.79721,20.59957,0
                73.79731,20.60019,0
                73.79729,20.60192,0
                73.79728,20.60247,0
                73.79727,20.6026,0
                73.79726,20.60261,0
                73.79692,20.60275,0
                73.79658,20.60288,0
                73.79612,20.60301,0
                73.79513,20.60329,0
                73.79386,20.60384,0
                73.79374,20.60392,0
                73.79253,20.60464,0
                73.79215,20.60487,0
                73.79152,20.60515,0
                73.7919,20.61175,0
                73.79358,20.61165,0
                73.79337,20.61193,0
                73.79346,20.61313,0
                73.79499,20.61534,0
                73.79517,20.61681,0
                73.79814,20.6177,0
                73.79791,20.6182,0
                73.79751,20.61851,0
                73.79731,20.61894,0
                73.79693,20.61889,0
                73.79673,20.61942,0
                73.79631,20.61991,0
                73.79527,20.6199,0
                73.79569,20.62133,0
                73.79517,20.62219,0
                73.79485,20.62222,0
                73.79456,20.62285,0
                73.79439,20.62412,0
                73.79424,20.62442,0
                73.79488,20.62474,0
                73.79474,20.62572,0
                73.79461,20.62599,0
                73.79514,20.62616,0
                73.79579,20.62653,0
                73.79606,20.62688,0
                73.79673,20.62689,0
                73.79713,20.62684,0
                73.79696,20.62804,0
                73.7955,20.62839,0
                73.79527,20.62917,0
                73.79474,20.62965,0
                73.79413,20.63006,0
                73.7939,20.63037,0
                73.79431,20.63086,0
                73.79379,20.63237,0
                73.79346,20.63305,0
                73.79312,20.63354,0
                73.79288,20.63369,0
                73.79326,20.63383,0
                73.79397,20.6337,0
                73.79408,20.63543,0
                73.79368,20.63563,0
                73.7934,20.63664,0
                73.79377,20.63811,0
                73.79388,20.63832,0
                73.79412,20.63804,0
                73.79478,20.63767,0
                73.79563,20.63757,0
              </coordinates>
            </LinearRing>
          </outerBoundaryIs>
        </Polygon>
      </Placemark>
      <Placemark id="WG_ESA_2024_GJ.55">
        <name>Ambalia</name>
        <ExtendedData>
          <SchemaData schemaUrl="#WG_ESA_2024_GJ.schema">
            <SimpleData name="esa_category">whole_village</SimpleData>
            <SimpleData name="area_km2">1.519</SimpleData>
          </SchemaData>
        </ExtendedData>
        <Polygon>
          <outerBoundaryIs>
            <LinearRing>
              <coordinates>
                73.80706,20.63464,0
                73.80717,20.63468,0
                73.80742,20.63464,0
                73.80763,20.63462,0
                73.80818,20.63412,0
                73.80851,20.63373,0
                73.809,20.63297,0
                73.80944,20.63251,0
                73.81021,20.63191,0
                73.81054,20.63151,0
                73.8114,20.63139,0
                73.81169,20.6316,0
                73.81183,20.63191,0
                73.81193,20.63219,0
                73.81194,20.63251,0
                73.81229,20.63269,0
                73.81258,20.63277,0
                73.81298,20.63279,0
                73.81329,20.63276,0
                73.81358,20.63267,0
                73.81399,20.63209,0
                73.81414,20.63148,0
                73.81411,20.63071,0
                73.81408,20.63019,0
                73.8142,20.62983,0
                73.81436,20.62951,0
                73.81503,20.62925,0
                73.81551,20.62911,0
                73.81605,20.62898,0
                73.81634,20.62879,0
                73.81695,20.62849,0
                73.81724,20.62834,0
                73.81764,20.62837,0
                73.81824,20.62855,0
                73.81863,20.62857,0
                73.81882,20.62857,0
                73.81895,20.62845,0
                73.81915,20.62826,0
                73.81944,20.6281,0
                73.81957,20.62797,0
                73.81958,20.62758,0
                73.81954,20.62674,0
                73.81947,20.62625,0
                73.81949,20.62595,0
                73.81942,20.62546,0
                73.81934,20.62501,0
                73.8194,20.62484,0
                73.81929,20.62445,0
                73.8195,20.62406,0
                73.81975,20.62353,0
                73.82017,20.62304,0
                73.82114,20.62309,0
                73.82153,20.62279,0
                73.82194,20.62229,0
                73.82243,20.62192,0
                73.82264,20.62167,0
                73.82319,20.62141,0
                73.82331,20.62116,0
                73.82297,20.62093,0
                73.82211,20.62094,0
                73.82136,20.62062,0
                73.82132,20.62044,0
                73.82099,20.62021,0
                73.82086,20.6202,0
                73.82057,20.62037,0
                73.81976,20.62009,0
                73.81998,20.61929,0
                73.82025,20.6188,0
                73.8203,20.61851,0
                73.8194,20.61828,0
                73.81862,20.61829,0
                73.818,20.61784,0
                73.81771,20.61773,0
                73.8175,20.61746,0
                73.81701,20.61747,0
                73.81658,20.61727,0
                73.81647,20.61697,0
                73.81636,20.61687,0
                73.81603,20.617,0
                73.81582,20.61708,0
                73.81559,20.61706,0
                73.8163,20.61577,0
                73.81733,20.61403,0
                73.81743,20.61387,0
                73.81775,20.61361,0
                73.81727,20.61357,0
                73.81707,20.6135,0
                73.81637,20.61327,0
                73.81634,20.61325,0
                73.81537,20.61266,0
                73.81515,20.6125,0
                73.81414,20.61173,0
                73.81329,20.61108,0
                73.81237,20.61029,0
                73.81165,20.60972,0
                73.8115,20.60961,0
                73.8115,20.6096,0
                73.81143,20.60955,0
                73.81141,20.60953,0
                73.81122,20.60942,0
                73.81087,20.60922,0
                73.81046,20.60901,0
                73.80963,20.60858,0
                73.80954,20.60853,0
                73.80947,20.60851,0
                73.80936,20.60846,0
                73.8093,20.60843,0
                73.80927,20.60842,0
                73.80888,20.60826,0
                73.80871,20.60819,0
                73.80863,20.60816,0
                73.80787,20.60763,0
                73.8077,20.60752,0
                73.8075,20.60753,0
                73.80732,20.60755,0
                73.80727,20.60755,0
                73.80732,20.60762,0
                73.80762,20.60784,0
                73.8077,20.6079,0
                73.80819,20.609,0
                73.80874,20.60957,0
                73.80914,20.60983,0
                73.80963,20.61003,0
                73.80972,20.61002,0
                73.8103,20.60979,0
                73.81043,20.60984,0
                73.81061,20.61033,0
                73.8108,20.61056,0
                73.81087,20.61069,0
                73.81122,20.6109,0
                73.81134,20.61153,0
                73.81162,20.61209,0
                73.81213,20.61213,0
                73.81228,20.61257,0
                73.81251,20.61296,0
                73.81288,20.61319,0
                73.81315,20.61356,0
                73.81352,20.61371,0
                73.81357,20.61417,0
                73.81398,20.61428,0
                73.81397,20.61476,0
                73.81428,20.61495,0
                73.81447,20.61522,0
                73.81462,20.6153,0
                73.81456,20.61566,0
                73.81476,20.6159,0
                73.81492,20.61639,0
                73.815,20.61685,0
                73.81523,20.61724,0
                73.81533,20.61742,0
                73.81507,20.61792,0
                73.81472,20.61827,0
                73.81455,20.61826,0
                73.81421,20.61788,0
                73.81403,20.61768,0
                73.81393,20.61773,0
                73.81377,20.61782,0
                73.81371,20.61806,0
                73.81384,20.61855,0
                73.81415,20.61893,0
                73.81427,20.61915,0
                73.81455,20.61924,0
                73.81518,20.61876,0
                73.8146,20.6198,0
                73.81468,20.62047,0
                73.81456,20.62066,0
                73.81425,20.62082,0
                73.8136,20.62093,0
                73.81287,20.62146,0
                73.81237,20.62174,0
                73.81187,20.6223,0
                73.81183,20.62247,0
                73.81191,20.62272,0
                73.81211,20.62291,0
                73.81228,20.62305,0
                73.81228,20.62343,0
                73.81221,20.62375,0
                73.81185,20.62424,0
                73.81144,20.6245,0
                73.81126,20.62471,0
                73.81099,20.62551,0
                73.81116,20.6258,0
                73.81159,20.62595,0
                73.81153,20.6265,0
                73.81129,20.62679,0
                73.8112,20.62678,0
                73.81111,20.62664,0
                73.81081,20.62682,0
                73.81067,20.6269,0
                73.81035,20.62696,0
                73.81035,20.62707,0
                73.8108,20.62708,0
                73.81102,20.62706,0
                73.81127,20.62717,0
                73.81155,20.62698,0
                73.81204,20.62648,0
                73.81242,20.6269,0
                73.8126,20.62691,0
                73.81274,20.62689,0
                73.8125,20.62705,0
                73.81205,20.62707,0
                73.81175,20.62739,0
                73.81154,20.6276,0
                73.81136,20.62767,0
                73.81127,20.62801,0
                73.81106,20.62819,0
                73.81092,20.62841,0
                73.81063,20.62845,0
                73.81046,20.62857,0
                73.81026,20.62888,0
                73.81012,20.62896,0
                73.80951,20.62898,0
                73.80933,20.62905,0
                73.80929,20.62916,0
                73.80934,20.6295,0
                73.80794,20.62945,0
                73.8075,20.6304,0
                73.80739,20.63067,0
                73.80728,20.63098,0
                73.80686,20.63147,0
                73.80706,20.63195,0
                73.80708,20.63218,0
                73.80701,20.63227,0
                73.80644,20.63268,0
                73.80605,20.63297,0
                73.80588,20.6331,0
                73.80567,20.63354,0
                73.80542,20.63351,0
                73.80531,20.6335,0
                73.8053,20.63349,0
                73.80529,20.63381,0
                73.80528,20.63424,0
                73.80526,20.63445,0
                73.80525,20.63461,0
                73.80575,20.63497,0
                73.80621,20.63517,0
                73.80639,20.63517,0
                73.80641,20.63516,0
                73.80706,20.63464,0
              </coordinates>
            </LinearRing>
          </outerBoundaryIs>
        </Polygon>
      </Placemark>
      <Placemark id="WG_ESA_2024_GJ.56">
        <name>Vanar</name>
        <ExtendedData>
          <SchemaData schemaUrl="#WG_ESA_2024_GJ.schema">
            <SimpleData name="esa_category">whole_village</SimpleData>
            <SimpleData name="area_km2">3.814</SimpleData>
          </SchemaData>
        </ExtendedData>
        <Polygon>
          <outerBoundaryIs>
            <LinearRing>
              <coordinates>
                73.83492,20.63393,0
                73.83517,20.63315,0
                73.83544,20.63233,0
                73.83638,20.62977,0
                73.83667,20.629,0
                73.83704,20.62771,0
                73.83704,20.62761,0
                73.83708,20.62697,0
                73.83711,20.6266,0
                73.83712,20.62637,0
                73.83693,20.62521,0
                73.83694,20.62459,0
                73.83694,20.62455,0
                73.83694,20.62453,0
                73.83721,20.62367,0
                73.83761,20.62254,0
                73.83789,20.62176,0
                73.83804,20.62139,0
                73.83808,20.62127,0
                73.83839,20.62046,0
                73.83796,20.62054,0
                73.83735,20.62057,0
                73.8367,20.62061,0
                73.83469,20.61991,0
                73.83451,20.61984,0
                73.83447,20.61983,0
                73.83365,20.61954,0
                73.83341,20.61945,0
                73.8331,20.61926,0
                73.83248,20.61888,0
                73.83237,20.61882,0
                73.83208,20.61833,0
                73.83201,20.61821,0
                73.83188,20.61798,0
                73.83123,20.61689,0
                73.83121,20.61686,0
                73.83056,20.61569,0
                73.83054,20.61566,0
                73.82982,20.61511,0
                73.82975,20.61506,0
                73.82934,20.61468,0
                73.82914,20.61448,0
                73.82871,20.61407,0
                73.8283,20.61382,0
                73.82779,20.61349,0
                73.82751,20.61331,0
                73.82747,20.61328,0
                73.82725,20.61314,0
                73.82624,20.61259,0
                73.82601,20.61246,0
                73.82587,20.61242,0
                73.8253,20.61224,0
                73.82494,20.61214,0
                73.82482,20.6121,0
                73.8245,20.61198,0
                73.8244,20.61195,0
                73.82429,20.61191,0
                73.82417,20.61194,0
                73.82277,20.61232,0
                73.82262,20.61236,0
                73.8222,20.61248,0
                73.82011,20.61314,0
                73.81988,20.61319,0
                73.81929,20.6133,0
                73.81908,20.61337,0
                73.81867,20.61351,0
                73.81824,20.61365,0
                73.81801,20.61363,0
                73.81775,20.61361,0
                73.81743,20.61387,0
                73.81733,20.61403,0
                73.8163,20.61577,0
                73.81559,20.61706,0
                73.81582,20.61708,0
                73.81603,20.617,0
                73.81636,20.61687,0
                73.81647,20.61697,0
                73.81658,20.61727,0
                73.81701,20.61747,0
                73.8175,20.61746,0
                73.81771,20.61773,0
                73.818,20.61784,0
                73.81862,20.61829,0
                73.8194,20.61828,0
                73.8203,20.61851,0
                73.82025,20.6188,0
                73.81998,20.61929,0
                73.81976,20.62009,0
                73.82057,20.62037,0
                73.82086,20.6202,0
                73.82099,20.62021,0
                73.82132,20.62044,0
                73.82136,20.62062,0
                73.82211,20.62094,0
                73.82297,20.62093,0
                73.82331,20.62116,0
                73.82319,20.62141,0
                73.82264,20.62167,0
                73.82243,20.62192,0
                73.82194,20.62229,0
                73.82153,20.62279,0
                73.82114,20.62309,0
                73.82017,20.62304,0
                73.81975,20.62353,0
                73.8195,20.62406,0
                73.81929,20.62445,0
                73.8194,20.62484,0
                73.81934,20.62501,0
                73.81942,20.62546,0
                73.81949,20.62595,0
                73.81947,20.62625,0
                73.81954,20.62674,0
                73.81958,20.62758,0
                73.81957,20.62797,0
                73.81944,20.6281,0
                73.81915,20.62826,0
                73.81895,20.62845,0
                73.81904,20.62856,0
                73.81917,20.62884,0
                73.8191,20.62935,0
                73.81981,20.62952,0
                73.81997,20.62997,0
                73.82023,20.63059,0
                73.82057,20.63111,0
                73.82071,20.63113,0
                73.82102,20.63112,0
                73.82162,20.63156,0
                73.82213,20.63217,0
                73.82228,20.63247,0
                73.82284,20.63383,0
                73.82351,20.63451,0
                73.82374,20.63489,0
                73.8237,20.63491,0
                73.8239,20.63499,0
                73.82434,20.63543,0
                73.82437,20.63567,0
                73.82475,20.63545,0
                73.82514,20.63501,0
                73.82583,20.63546,0
                73.82618,20.63567,0
                73.82739,20.63595,0
                73.83233,20.63698,0
                73.83262,20.63704,0
                73.83335,20.63705,0
                73.8335,20.63679,0
                73.83362,20.63659,0
                73.83399,20.63596,0
                73.83424,20.6356,0
                73.8343,20.63552,0
                73.83492,20.63393,0
              </coordinates>
            </LinearRing>
          </outerBoundaryIs>
        </Polygon>
      </Placemark>
      <Placemark id="WG_ESA_2024_GJ.57">
        <name>Umarya</name>
        <ExtendedData>
          <SchemaData schemaUrl="#WG_ESA_2024_GJ.schema">
            <SimpleData name="esa_category">whole_village</SimpleData>
            <SimpleData name="area_km2">0.474</SimpleData>
          </SchemaData>
        </ExtendedData>
        <Polygon>
          <outerBoundaryIs>
            <LinearRing>
              <coordinates>
                73.80794,20.62944,0
                73.80775,20.62939,0
                73.80709,20.62808,0
                73.80686,20.62715,0
                73.80695,20.62677,0
                73.80718,20.62546,0
                73.80742,20.62425,0
                73.8076,20.62316,0
                73.80728,20.62187,0
                73.80717,20.62105,0
                73.8062,20.62048,0
                73.80516,20.61962,0
                73.80426,20.61909,0
                73.80303,20.61852,0
                73.80265,20.6186,0
                73.80289,20.6199,0
                73.80285,20.62069,0
                73.80326,20.62147,0
                73.80368,20.62261,0
                73.80396,20.62382,0
                73.80446,20.62483,0
                73.80452,20.62547,0
                73.8041,20.62685,0
                73.80418,20.62746,0
                73.80445,20.62874,0
                73.80456,20.62985,0
                73.80464,20.63124,0
                73.80471,20.63226,0
                73.80476,20.63319,0
                73.80479,20.63343,0
                73.80482,20.63377,0
                73.80529,20.6338,0
                73.8053,20.63349,0
                73.80531,20.6335,0
                73.80542,20.63351,0
                73.80567,20.63354,0
                73.80588,20.6331,0
                73.80605,20.63297,0
                73.80644,20.63268,0
                73.80701,20.63227,0
                73.80708,20.63218,0
                73.80706,20.63195,0
                73.80686,20.63147,0
                73.80728,20.63098,0
                73.80739,20.63067,0
                73.8075,20.6304,0
                73.80794,20.62945,0
                73.80794,20.62944,0
              </coordinates>
            </LinearRing>
          </outerBoundaryIs>
        </Polygon>
      </Placemark>
      <Placemark id="WG_ESA_2024_GJ.58">
        <name>Jamdar</name>
        <ExtendedData>
          <SchemaData schemaUrl="#WG_ESA_2024_GJ.schema">
            <SimpleData name="esa_category">whole_village</SimpleData>
            <SimpleData name="area_km2">4.781</SimpleData>
          </SchemaData>
        </ExtendedData>
        <Polygon>
          <outerBoundaryIs>
            <LinearRing>
              <coordinates>
                73.78004,20.63515,0
                73.77951,20.63445,0
                73.77898,20.63333,0
                73.77808,20.63213,0
                73.778,20.63201,0
                73.77838,20.63189,0
                73.77867,20.63184,0
                73.77919,20.63153,0
                73.77974,20.63137,0
                73.78023,20.63152,0
                73.78092,20.63164,0
                73.78143,20.63163,0
                73.78145,20.63164,0
                73.78133,20.63132,0
                73.78106,20.63063,0
                73.78097,20.63028,0
                73.78107,20.62968,0
                73.78106,20.6295,0
                73.78099,20.62942,0
                73.78065,20.62916,0
                73.7806,20.62805,0
                73.78107,20.62787,0
                73.78141,20.62778,0
                73.78142,20.62793,0
                73.7815,20.62801,0
                73.78163,20.62794,0
                73.78184,20.62809,0
                73.78192,20.62779,0
                73.78205,20.62753,0
                73.78206,20.6274,0
                73.78201,20.62733,0
                73.78189,20.62698,0
                73.78181,20.62594,0
                73.78164,20.62513,0
                73.78173,20.62509,0
                73.78208,20.62506,0
                73.78242,20.6248,0
                73.78246,20.62472,0
                73.78268,20.6244,0
                73.78271,20.62412,0
                73.78285,20.62412,0
                73.78331,20.62376,0
                73.7833,20.62347,0
                73.78352,20.62312,0
                73.78363,20.62306,0
                73.7834,20.62301,0
                73.78324,20.62287,0
                73.78283,20.62287,0
                73.78283,20.6226,0
                73.78244,20.62253,0
                73.78241,20.62221,0
                73.78264,20.62218,0
                73.78283,20.62224,0
                73.78301,20.6218,0
                73.78318,20.6216,0
                73.78358,20.6215,0
                73.78387,20.62168,0
                73.78471,20.6212,0
                73.78471,20.62104,0
                73.78456,20.62074,0
                73.78429,20.62057,0
                73.78434,20.62036,0
                73.78472,20.62024,0
                73.78535,20.62031,0
                73.78573,20.61961,0
                73.78627,20.61904,0
                73.78644,20.61859,0
                73.7868,20.61725,0
                73.7868,20.61652,0
                73.78705,20.61552,0
                73.78687,20.61435,0
                73.78698,20.6087,0
                73.78704,20.60487,0
                73.78702,20.60397,0
                73.78707,20.60375,0
                73.78708,20.60372,0
                73.787,20.60364,0
                73.7862,20.60281,0
                73.78574,20.60269,0
                73.7853,20.60258,0
                73.78398,20.60247,0
                73.78396,20.60247,0
                73.78395,20.60247,0
                73.78348,20.60242,0
                73.78345,20.60242,0
                73.78341,20.6024,0
                73.78288,20.6021,0
                73.78221,20.60169,0
                73.78173,20.60166,0
                73.78105,20.60162,0
                73.77989,20.60132,0
                73.77981,20.60127,0
                73.77934,20.60099,0
                73.77861,20.60056,0
                73.77831,20.60002,0
                73.77799,20.59944,0
                73.7776,20.59952,0
                73.77727,20.59992,0
                73.77702,20.60022,0
                73.77699,20.60031,0
                73.77691,20.60051,0
                73.77669,20.60065,0
                73.77663,20.60069,0
                73.77656,20.60099,0
                73.77624,20.60225,0
                73.77496,20.60508,0
                73.77401,20.60731,0
                73.77221,20.61131,0
                73.77092,20.61416,0
                73.76933,20.61773,0
                73.76869,20.61907,0
                73.76729,20.62212,0
                73.76654,20.62372,0
                73.76789,20.62547,0
                73.76901,20.62709,0
                73.76903,20.62725,0
                73.76991,20.62746,0
                73.77082,20.62761,0
                73.7718,20.62773,0
                73.77234,20.62832,0
                73.77343,20.62942,0
                73.77374,20.62966,0
                73.77411,20.6299,0
                73.77492,20.63139,0
                73.77504,20.6319,0
                73.77511,20.63266,0
                73.77568,20.63452,0
                73.77607,20.63586,0
                73.77674,20.63591,0
                73.77751,20.63588,0
                73.77772,20.63579,0
                73.77842,20.6355,0
                73.77879,20.63651,0
                73.77898,20.63746,0
                73.77903,20.63823,0
                73.78059,20.63726,0
                73.7804,20.63615,0
                73.78016,20.63552,0
                73.78004,20.63515,0
              </coordinates>
            </LinearRing>
          </outerBoundaryIs>
        </Polygon>
      </Placemark>
      <Placemark id="WG_ESA_2024_GJ.59">
        <name>Samgahan</name>
        <ExtendedData>
          <SchemaData schemaUrl="#WG_ESA_2024_GJ.schema">
            <SimpleData name="esa_category">whole_village</SimpleData>
            <SimpleData name="area_km2">4.219</SimpleData>
          </SchemaData>
        </ExtendedData>
        <Polygon>
          <outerBoundaryIs>
            <LinearRing>
              <coordinates>
                73.7135,20.62663,0
                73.71427,20.62678,0
                73.71447,20.62696,0
                73.71518,20.62716,0
                73.71599,20.62669,0
                73.71622,20.62678,0
                73.71711,20.62677,0
                73.71808,20.62682,0
                73.71915,20.62677,0
                73.71957,20.62707,0
                73.71962,20.62715,0
                73.71968,20.62723,0
                73.72022,20.62703,0
                73.71967,20.62679,0
                73.71854,20.62616,0
                73.71717,20.62556,0
                73.71721,20.62513,0
                73.71785,20.62471,0
                73.71885,20.62477,0
                73.71952,20.62477,0
                73.71981,20.62464,0
                73.71983,20.62454,0
                73.71983,20.62431,0
                73.71886,20.62398,0
                73.71873,20.62367,0
                73.71818,20.62357,0
                73.71792,20.62336,0
                73.71753,20.62333,0
                73.71754,20.62295,0
                73.7173,20.62222,0
                73.71757,20.62214,0
                73.7197,20.62236,0
                73.72009,20.62214,0
                73.72079,20.62214,0
                73.72099,20.62178,0
                73.7216,20.62111,0
                73.7216,20.62103,0
                73.72194,20.62091,0
                73.72197,20.62139,0
                73.72353,20.62079,0
                73.72447,20.62046,0
                73.72446,20.62,0
                73.72589,20.6206,0
                73.72644,20.62046,0
                73.72547,20.61968,0
                73.72497,20.61943,0
                73.72378,20.61865,0
                73.72371,20.61806,0
                73.72373,20.61743,0
                73.72382,20.61543,0
                73.72347,20.61508,0
                73.72364,20.61394,0
                73.7248,20.61345,0
                73.72623,20.61355,0
                73.72643,20.61294,0
                73.72666,20.61222,0
                73.72731,20.61145,0
                73.72785,20.61081,0
                73.72929,20.60965,0
                73.7281,20.60989,0
                73.72693,20.60894,0
                73.7259,20.6086,0
                73.72544,20.60856,0
                73.7247,20.60851,0
                73.7239,20.60831,0
                73.72328,20.60839,0
                73.72328,20.60827,0
                73.72362,20.60782,0
                73.72297,20.60696,0
                73.72238,20.60657,0
                73.72218,20.60645,0
                73.72176,20.60628,0
                73.72128,20.60626,0
                73.72094,20.60631,0
                73.72,20.60592,0
                73.71939,20.60567,0
                73.71902,20.60569,0
                73.71867,20.60571,0
                73.7183,20.60567,0
                73.71765,20.60578,0
                73.71682,20.60566,0
                73.71635,20.60599,0
                73.71574,20.60593,0
                73.71521,20.60579,0
                73.71489,20.60567,0
                73.71469,20.60592,0
                73.7144,20.60587,0
                73.71401,20.60562,0
                73.71374,20.60485,0
                73.71358,20.60403,0
                73.71358,20.60381,0
                73.71262,20.60389,0
                73.71237,20.60342,0
                73.71214,20.60357,0
                73.7119,20.60357,0
                73.71043,20.603,0
                73.71031,20.60257,0
                73.70956,20.60271,0
                73.7083,20.60308,0
                73.70817,20.60232,0
                73.70776,20.60244,0
                73.70774,20.60244,0
                73.70721,20.60267,0
                73.70723,20.60291,0
                73.70652,20.60319,0
                73.70678,20.60357,0
                73.70655,20.60358,0
                73.70657,20.60361,0
                73.70655,20.60431,0
                73.70669,20.60539,0
                73.70637,20.60665,0
                73.70553,20.60838,0
                73.70478,20.61051,0
                73.7035,20.61123,0
                73.70422,20.61204,0
                73.70415,20.61226,0
                73.70404,20.61262,0
                73.70401,20.61287,0
                73.70395,20.6136,0
                73.70382,20.61414,0
                73.7038,20.6148,0
                73.70442,20.6152,0
                73.70475,20.61517,0
                73.70472,20.616,0
                73.70475,20.61694,0
                73.70538,20.61698,0
                73.70645,20.61711,0
                73.70654,20.61702,0
                73.70712,20.61712,0
                73.70767,20.61742,0
                73.70792,20.61716,0
                73.70853,20.6173,0
                73.70883,20.61731,0
                73.70942,20.6173,0
                73.70953,20.6171,0
                73.70966,20.61709,0
                73.71007,20.61706,0
                73.71006,20.61715,0
                73.71063,20.61756,0
                73.71165,20.61821,0
                73.71167,20.61824,0
                73.71203,20.61836,0
                73.71255,20.61919,0
                73.71266,20.61993,0
                73.71216,20.62086,0
                73.71158,20.62143,0
                73.71154,20.62139,0
                73.70987,20.62235,0
                73.70958,20.62326,0
                73.70878,20.62334,0
                73.70819,20.62354,0
                73.70693,20.62409,0
                73.70695,20.62436,0
                73.70535,20.62417,0
                73.70519,20.62389,0
                73.70445,20.62416,0
                73.70347,20.62485,0
                73.70252,20.62522,0
                73.70134,20.62569,0
                73.70129,20.62574,0
                73.70136,20.62611,0
                73.7015,20.62684,0
                73.70174,20.62754,0
                73.70249,20.62812,0
                73.70288,20.62816,0
                73.70358,20.6278,0
                73.70407,20.62761,0
                73.7043,20.62698,0
                73.7054,20.62677,0
                73.70601,20.62585,0
                73.70628,20.62654,0
                73.70658,20.62714,0
                73.70719,20.62719,0
                73.7076,20.62738,0
                73.70837,20.62765,0
                73.70847,20.6278,0
                73.70875,20.6279,0
                73.70937,20.62801,0
                73.71001,20.62821,0
                73.71115,20.62831,0
                73.71187,20.62853,0
                73.71255,20.62863,0
                73.71282,20.62779,0
                73.71298,20.62729,0
                73.7135,20.62663,0
              </coordinates>
            </LinearRing>
          </outerBoundaryIs>
        </Polygon>
      </Placemark>
      <Placemark id="WG_ESA_2024_GJ.60">
        <name>Kotamdar</name>
        <ExtendedData>
          <SchemaData schemaUrl="#WG_ESA_2024_GJ.schema">
            <SimpleData name="esa_category">whole_village</SimpleData>
            <SimpleData name="area_km2">10.931</SimpleData>
          </SchemaData>
        </ExtendedData>
        <Polygon>
          <outerBoundaryIs>
            <LinearRing>
              <coordinates>
                73.76903,20.62725,0
                73.76901,20.62709,0
                73.76789,20.62547,0
                73.76654,20.62372,0
                73.76729,20.62212,0
                73.76869,20.61907,0
                73.76933,20.61773,0
                73.77092,20.61416,0
                73.77221,20.61131,0
                73.77401,20.60731,0
                73.77496,20.60508,0
                73.77624,20.60225,0
                73.77656,20.60099,0
                73.77663,20.60069,0
                73.77661,20.60069,0
                73.77607,20.60059,0
                73.77606,20.60059,0
                73.77569,20.60038,0
                73.77548,20.60027,0
                73.77539,20.60022,0
                73.77536,20.60018,0
                73.77518,20.59991,0
                73.775,20.59966,0
                73.77494,20.59957,0
                73.77468,20.59894,0
                73.77448,20.59849,0
                73.77444,20.59839,0
                73.77441,20.59831,0
                73.77434,20.59818,0
                73.77349,20.59626,0
                73.77303,20.59506,0
                73.77279,20.59445,0
                73.77266,20.59411,0
                73.77237,20.59313,0
                73.77231,20.593,0
                73.77226,20.59289,0
                73.77217,20.59266,0
                73.77154,20.59179,0
                73.7709,20.59096,0
                73.77048,20.59044,0
                73.77047,20.59043,0
                73.77017,20.58995,0
                73.77,20.58968,0
                73.76973,20.58946,0
                73.7695,20.58926,0
                73.76949,20.58925,0
                73.76863,20.58809,0
                73.76857,20.588,0
                73.76796,20.58728,0
                73.76781,20.58695,0
                73.76763,20.58655,0
                73.76716,20.58637,0
                73.76546,20.58656,0
                73.76492,20.58662,0
                73.76408,20.5867,0
                73.76386,20.58673,0
                73.7636,20.58674,0
                73.76201,20.58684,0
                73.76089,20.58706,0
                73.75994,20.58714,0
                73.7583,20.58728,0
                73.75608,20.58704,0
                73.75606,20.58707,0
                73.75534,20.58792,0
                73.75424,20.59019,0
                73.75313,20.59284,0
                73.75204,20.59272,0
                73.75159,20.59365,0
                73.75169,20.59527,0
                73.75038,20.5954,0
                73.74939,20.59647,0
                73.74821,20.5962,0
                73.74772,20.59618,0
                73.74648,20.59625,0
                73.74537,20.59683,0
                73.74387,20.59693,0
                73.74235,20.59731,0
                73.74216,20.59795,0
                73.74121,20.59921,0
                73.74207,20.59934,0
                73.74362,20.6006,0
                73.74438,20.60237,0
                73.74505,20.60316,0
                73.74421,20.60363,0
                73.74356,20.60392,0
                73.74269,20.60406,0
                73.74165,20.60431,0
                73.74083,20.60409,0
                73.74068,20.60481,0
                73.73918,20.60498,0
                73.73812,20.60531,0
                73.73656,20.60589,0
                73.73619,20.60625,0
                73.73613,20.60645,0
                73.73604,20.60746,0
                73.73592,20.60808,0
                73.73588,20.6083,0
                73.73586,20.60833,0
                73.73562,20.60822,0
                73.73525,20.60898,0
                73.735,20.60917,0
                73.73491,20.60919,0
                73.73511,20.60949,0
                73.73561,20.61009,0
                73.73584,20.61042,0
                73.73582,20.61054,0
                73.73463,20.61064,0
                73.73312,20.61174,0
                73.73278,20.61245,0
                73.73219,20.61353,0
                73.73192,20.61393,0
                73.73145,20.61453,0
                73.73286,20.61474,0
                73.7357,20.61519,0
                73.73636,20.61529,0
                73.7389,20.61579,0
                73.74081,20.61618,0
                73.74187,20.61644,0
                73.74218,20.61662,0
                73.74239,20.61667,0
                73.74284,20.61681,0
                73.74311,20.61648,0
                73.74365,20.61652,0
                73.74394,20.61648,0
                73.74408,20.61606,0
                73.74455,20.61607,0
                73.74525,20.61605,0
                73.74596,20.61602,0
                73.74601,20.61643,0
                73.74636,20.61662,0
                73.74646,20.61668,0
                73.74735,20.61705,0
                73.7476,20.61699,0
                73.74786,20.61709,0
                73.74815,20.61727,0
                73.75018,20.61842,0
                73.75213,20.61945,0
                73.75298,20.61913,0
                73.75362,20.61881,0
                73.75491,20.61822,0
                73.75568,20.61792,0
                73.7568,20.61759,0
                73.75757,20.6185,0
                73.7587,20.61997,0
                73.7585,20.62039,0
                73.75975,20.6219,0
                73.76,20.62221,0
                73.76024,20.62309,0
                73.76083,20.62352,0
                73.76218,20.6259,0
                73.76229,20.62594,0
                73.7629,20.62713,0
                73.76299,20.62726,0
                73.76332,20.62728,0
                73.7637,20.62761,0
                73.76381,20.62752,0
                73.76382,20.62756,0
                73.76476,20.62732,0
                73.76585,20.62715,0
                73.76692,20.62658,0
                73.76726,20.62664,0
                73.76844,20.62678,0
                73.76865,20.62716,0
                73.76903,20.62725,0
              </coordinates>
            </LinearRing>
          </outerBoundaryIs>
        </Polygon>
      </Placemark>
      <Placemark id="WG_ESA_2024_GJ.61">
        <name>Ranpada</name>
        <ExtendedData>
          <SchemaData schemaUrl="#WG_ESA_2024_GJ.schema">
            <SimpleData name="esa_category">whole_village</SimpleData>
            <SimpleData name="area_km2">3.351</SimpleData>
          </SchemaData>
        </ExtendedData>
        <Polygon>
          <outerBoundaryIs>
            <LinearRing>
              <coordinates>
                73.68569,20.61572,0
                73.68611,20.61493,0
                73.68637,20.61451,0
                73.68671,20.61432,0
                73.68736,20.61408,0
                73.68801,20.61384,0
                73.68803,20.61394,0
                73.68809,20.61434,0
                73.68824,20.61429,0
                73.68823,20.6141,0
                73.68839,20.614,0
                73.6884,20.61392,0
                73.68881,20.61382,0
                73.68884,20.61347,0
                73.68909,20.61299,0
                73.68933,20.61305,0
                73.68981,20.61306,0
                73.69023,20.61344,0
                73.69129,20.6127,0
                73.69161,20.61263,0
                73.69208,20.61237,0
                73.69241,20.61214,0
                73.69279,20.61196,0
                73.69313,20.6119,0
                73.69338,20.61185,0
                73.69346,20.61154,0
                73.69414,20.61118,0
                73.69466,20.6115,0
                73.6946,20.61185,0
                73.69521,20.61191,0
                73.6954,20.61193,0
                73.69556,20.61183,0
                73.6958,20.61206,0
                73.69608,20.61195,0
                73.69641,20.61214,0
                73.69742,20.61142,0
                73.69771,20.61152,0
                73.69887,20.61143,0
                73.69989,20.61127,0
                73.70012,20.61113,0
                73.70087,20.61077,0
                73.70107,20.61147,0
                73.70234,20.61128,0
                73.70347,20.6112,0
                73.7035,20.61123,0
                73.70478,20.61051,0
                73.70553,20.60838,0
                73.70637,20.60665,0
                73.70669,20.60539,0
                73.70655,20.60431,0
                73.70657,20.60361,0
                73.70655,20.60358,0
                73.7063,20.60358,0
                73.70523,20.60245,0
                73.70418,20.60224,0
                73.70319,20.60206,0
                73.70277,20.60207,0
                73.7026,20.60128,0
                73.70121,20.59897,0
                73.70033,20.59853,0
                73.69869,20.59759,0
                73.69758,20.59757,0
                73.69643,20.59728,0
                73.69496,20.59695,0
                73.69318,20.59655,0
                73.69277,20.59616,0
                73.69242,20.59632,0
                73.69165,20.59669,0
                73.69032,20.59727,0
                73.68953,20.59765,0
                73.68952,20.59765,0
                73.68923,20.5987,0
                73.68932,20.60056,0
                73.68695,20.60126,0
                73.68482,20.60196,0
                73.68366,20.6027,0
                73.68452,20.60435,0
                73.68415,20.60464,0
                73.68376,20.60578,0
                73.68273,20.60672,0
                73.68258,20.60736,0
                73.6818,20.60937,0
                73.68176,20.61094,0
                73.68288,20.61121,0
                73.68343,20.61283,0
                73.68377,20.61503,0
                73.68368,20.61533,0
                73.68378,20.61631,0
                73.6849,20.61621,0
                73.68523,20.61626,0
                73.68536,20.61633,0
                73.68569,20.61572,0
              </coordinates>
            </LinearRing>
          </outerBoundaryIs>
        </Polygon>
      </Placemark>
      <Placemark id="WG_ESA_2024_GJ.62">
        <name>Jogbari</name>
        <ExtendedData>
          <SchemaData schemaUrl="#WG_ESA_2024_GJ.schema">
            <SimpleData name="esa_category">whole_village</SimpleData>
            <SimpleData name="area_km2">2.456</SimpleData>
          </SchemaData>
        </ExtendedData>
        <Polygon>
          <outerBoundaryIs>
            <LinearRing>
              <coordinates>
                73.72965,20.61319,0
                73.73025,20.61274,0
                73.73072,20.61178,0
                73.73074,20.61019,0
                73.73105,20.6099,0
                73.73096,20.60979,0
                73.73129,20.60969,0
                73.73178,20.61001,0
                73.7319,20.61006,0
                73.73227,20.61002,0
                73.73251,20.60994,0
                73.73288,20.60984,0
                73.7336,20.60981,0
                73.73465,20.60924,0
                73.73491,20.60919,0
                73.735,20.60917,0
                73.73525,20.60898,0
                73.73562,20.60822,0
                73.73586,20.60833,0
                73.73588,20.6083,0
                73.73592,20.60808,0
                73.73604,20.60746,0
                73.73613,20.60645,0
                73.73619,20.60625,0
                73.73622,20.60612,0
                73.73563,20.60624,0
                73.73407,20.6068,0
                73.73249,20.60697,0
                73.73127,20.60652,0
                73.73069,20.60626,0
                73.73061,20.60567,0
                73.73063,20.60515,0
                73.73065,20.60442,0
                73.73122,20.60372,0
                73.73223,20.60364,0
                73.73204,20.60313,0
                73.73139,20.60297,0
                73.73134,20.6027,0
                73.73142,20.60228,0
                73.73134,20.60184,0
                73.73162,20.60157,0
                73.73179,20.60065,0
                73.73257,20.60043,0
                73.7336,20.60015,0
                73.73453,20.60003,0
                73.73524,20.59938,0
                73.73521,20.59917,0
                73.73529,20.59886,0
                73.73567,20.59875,0
                73.73633,20.5986,0
                73.73636,20.59776,0
                73.73611,20.59775,0
                73.73577,20.59725,0
                73.73559,20.59725,0
                73.73529,20.59709,0
                73.73502,20.59701,0
                73.73469,20.59674,0
                73.73398,20.59676,0
                73.73301,20.59675,0
                73.73189,20.59676,0
                73.72996,20.59673,0
                73.72897,20.59664,0
                73.72884,20.59715,0
                73.72897,20.59742,0
                73.72847,20.59753,0
                73.72813,20.5976,0
                73.72792,20.59739,0
                73.72774,20.59714,0
                73.72759,20.59681,0
                73.72745,20.59669,0
                73.72729,20.59632,0
                73.72694,20.59577,0
                73.72693,20.59574,0
                73.72535,20.59632,0
                73.72438,20.59671,0
                73.72377,20.59763,0
                73.72311,20.5986,0
                73.72196,20.5988,0
                73.72021,20.59943,0
                73.7189,20.59999,0
                73.71838,20.60014,0
                73.7177,20.60044,0
                73.71645,20.6011,0
                73.71564,20.6013,0
                73.71474,20.60187,0
                73.71405,20.60235,0
                73.71384,20.60249,0
                73.71239,20.60286,0
                73.7123,20.60329,0
                73.71237,20.60342,0
                73.71262,20.60389,0
                73.71358,20.60381,0
                73.71358,20.60403,0
                73.71374,20.60485,0
                73.71401,20.60562,0
                73.7144,20.60587,0
                73.71469,20.60592,0
                73.71489,20.60567,0
                73.71521,20.60579,0
                73.71574,20.60593,0
                73.71635,20.60599,0
                73.71682,20.60566,0
                73.71765,20.60578,0
                73.7183,20.60567,0
                73.71867,20.60571,0
                73.71902,20.60569,0
                73.71939,20.60567,0
                73.72,20.60592,0
                73.72094,20.60631,0
                73.72128,20.60626,0
                73.72176,20.60628,0
                73.72218,20.60645,0
                73.72238,20.60657,0
                73.72297,20.60696,0
                73.72362,20.60782,0
                73.72328,20.60827,0
                73.72328,20.60839,0
                73.7239,20.60831,0
                73.7247,20.60851,0
                73.72544,20.60856,0
                73.7259,20.6086,0
                73.72693,20.60894,0
                73.7281,20.60989,0
                73.72929,20.60965,0
                73.72785,20.61081,0
                73.72731,20.61145,0
                73.72666,20.61222,0
                73.72643,20.61294,0
                73.72623,20.61355,0
                73.7248,20.61345,0
                73.72364,20.61394,0
                73.72347,20.61508,0
                73.72382,20.61543,0
                73.72373,20.61743,0
                73.72371,20.61806,0
                73.72463,20.61821,0
                73.72528,20.61801,0
                73.72585,20.61797,0
                73.72749,20.61782,0
                73.72868,20.61752,0
                73.72903,20.61662,0
                73.73051,20.61613,0
                73.72973,20.61579,0
                73.72891,20.61553,0
                73.72968,20.61436,0
                73.7297,20.61433,0
                73.72965,20.61319,0
              </coordinates>
            </LinearRing>
          </outerBoundaryIs>
        </Polygon>
      </Placemark>
      <Placemark id="WG_ESA_2024_GJ.63">
        <name>Malegaon</name>
        <ExtendedData>
          <SchemaData schemaUrl="#WG_ESA_2024_GJ.schema">
            <SimpleData name="esa_category">whole_village</SimpleData>
            <SimpleData name="area_km2">4.739</SimpleData>
          </SchemaData>
        </ExtendedData>
        <Polygon>
          <outerBoundaryIs>
            <LinearRing>
              <coordinates>
                73.73622,20.60612,0
                73.73619,20.60625,0
                73.73656,20.60589,0
                73.73812,20.60531,0
                73.73918,20.60498,0
                73.74068,20.60481,0
                73.74083,20.60409,0
                73.74165,20.60431,0
                73.74269,20.60406,0
                73.74356,20.60392,0
                73.74421,20.60363,0
                73.74505,20.60316,0
                73.74438,20.60237,0
                73.74362,20.6006,0
                73.74207,20.59934,0
                73.74121,20.59921,0
                73.74216,20.59795,0
                73.74235,20.59731,0
                73.74387,20.59693,0
                73.74537,20.59683,0
                73.74648,20.59625,0
                73.74772,20.59618,0
                73.74821,20.5962,0
                73.74939,20.59647,0
                73.75038,20.5954,0
                73.75169,20.59527,0
                73.75159,20.59365,0
                73.75204,20.59272,0
                73.75313,20.59284,0
                73.75424,20.59019,0
                73.75534,20.58792,0
                73.75606,20.58707,0
                73.7553,20.5868,0
                73.75399,20.58642,0
                73.75289,20.58591,0
                73.75168,20.58529,0
                73.7504,20.58489,0
                73.7492,20.58338,0
                73.74865,20.58288,0
                73.74829,20.58247,0
                73.74807,20.58081,0
                73.7471,20.57978,0
                73.74516,20.57934,0
                73.74203,20.57862,0
                73.74015,20.57836,0
                73.73845,20.578,0
                73.73837,20.57803,0
                73.73842,20.57805,0
                73.73686,20.58052,0
                73.73606,20.58215,0
                73.73576,20.5828,0
                73.73503,20.58427,0
                73.73486,20.58481,0
                73.73449,20.58596,0
                73.73427,20.58656,0
                73.73336,20.58722,0
                73.73358,20.58807,0
                73.73288,20.59011,0
                73.73211,20.59059,0
                73.73077,20.59184,0
                73.72959,20.59299,0
                73.72906,20.59348,0
                73.72733,20.59343,0
                73.72663,20.59385,0
                73.7266,20.59383,0
                73.72658,20.59389,0
                73.72654,20.59465,0
                73.72694,20.59576,0
                73.72694,20.59577,0
                73.72729,20.59632,0
                73.72745,20.59669,0
                73.72759,20.59681,0
                73.72774,20.59714,0
                73.72792,20.59739,0
                73.72813,20.5976,0
                73.72847,20.59753,0
                73.72897,20.59742,0
                73.72884,20.59715,0
                73.72897,20.59664,0
                73.72996,20.59673,0
                73.73189,20.59676,0
                73.73301,20.59675,0
                73.73398,20.59676,0
                73.73469,20.59674,0
                73.73502,20.59701,0
                73.73529,20.59709,0
                73.73559,20.59725,0
                73.73577,20.59725,0
                73.73611,20.59775,0
                73.73636,20.59776,0
                73.73633,20.5986,0
                73.73567,20.59875,0
                73.73529,20.59886,0
                73.73521,20.59917,0
                73.73524,20.59938,0
                73.73453,20.60003,0
                73.7336,20.60015,0
                73.73257,20.60043,0
                73.73179,20.60065,0
                73.73162,20.60157,0
                73.73134,20.60184,0
                73.73142,20.60228,0
                73.73134,20.6027,0
                73.73139,20.60297,0
                73.73204,20.60313,0
                73.73223,20.60364,0
                73.73122,20.60372,0
                73.73065,20.60442,0
                73.73063,20.60515,0
                73.73061,20.60567,0
                73.73069,20.60626,0
                73.73127,20.60652,0
                73.73249,20.60697,0
                73.73407,20.6068,0
                73.73563,20.60624,0
                73.73622,20.60612,0
              </coordinates>
            </LinearRing>
          </outerBoundaryIs>
        </Polygon>
      </Placemark>
      <Placemark id="WG_ESA_2024_GJ.64">
        <name>Baradpani</name>
        <ExtendedData>
          <SchemaData schemaUrl="#WG_ESA_2024_GJ.schema">
            <SimpleData name="esa_category">whole_village</SimpleData>
            <SimpleData name="area_km2">3.326</SimpleData>
          </SchemaData>
        </ExtendedData>
        <Polygon>
          <outerBoundaryIs>
            <LinearRing>
              <coordinates>
                73.72733,20.59343,0
                73.72906,20.59348,0
                73.72959,20.59299,0
                73.73077,20.59184,0
                73.73211,20.59059,0
                73.73288,20.59011,0
                73.73358,20.58807,0
                73.73336,20.58722,0
                73.73427,20.58656,0
                73.73449,20.58596,0
                73.73486,20.58481,0
                73.73503,20.58427,0
                73.73576,20.5828,0
                73.73606,20.58215,0
                73.73686,20.58052,0
                73.73842,20.57805,0
                73.73837,20.57803,0
                73.73659,20.57716,0
                73.7355,20.57614,0
                73.73392,20.575,0
                73.73333,20.57457,0
                73.73233,20.57442,0
                73.73136,20.57432,0
                73.72949,20.57413,0
                73.72886,20.57407,0
                73.72763,20.57396,0
                73.72588,20.5738,0
                73.72586,20.5738,0
                73.72497,20.57386,0
                73.72454,20.57393,0
                73.72409,20.574,0
                73.72258,20.57423,0
                73.72256,20.57425,0
                73.72185,20.57542,0
                73.72115,20.57633,0
                73.71965,20.57828,0
                73.71949,20.57842,0
                73.71948,20.57841,0
                73.71946,20.57848,0
                73.71894,20.5792,0
                73.7187,20.57957,0
                73.71833,20.58039,0
                73.7181,20.58138,0
                73.71792,20.58171,0
                73.7178,20.58194,0
                73.71782,20.58237,0
                73.7175,20.58268,0
                73.71727,20.58273,0
                73.71722,20.58318,0
                73.71706,20.58369,0
                73.71683,20.58485,0
                73.71683,20.58507,0
                73.71648,20.58533,0
                73.71653,20.58573,0
                73.71624,20.58599,0
                73.71624,20.58614,0
                73.7162,20.58651,0
                73.71606,20.58672,0
                73.71584,20.58696,0
                73.71585,20.58727,0
                73.71601,20.58779,0
                73.71552,20.58787,0
                73.71661,20.5885,0
                73.71828,20.58927,0
                73.71868,20.58958,0
                73.71989,20.59007,0
                73.7199,20.5905,0
                73.72073,20.5911,0
                73.72165,20.59153,0
                73.72267,20.59194,0
                73.72333,20.59223,0
                73.72444,20.59277,0
                73.7259,20.59338,0
                73.7266,20.59383,0
                73.72663,20.59385,0
                73.72733,20.59343,0
              </coordinates>
            </LinearRing>
          </outerBoundaryIs>
        </Polygon>
      </Placemark>
    </Document>
  </Document>
</kml>
