<?xml version="1.0" encoding="utf-8" ?>
<kml xmlns="http://www.opengis.net/kml/2.2">
<Document id="root_doc">
<Schema name="WG_ESA_2024_GA" id="WG_ESA_2024_GA">
	<SimpleField name="esa_category" type="string"></SimpleField>
	<SimpleField name="area_km2" type="float"></SimpleField>
</Schema>
<Folder><name>WG_ESA_2024_GA</name>
  <Placemark id="WG_ESA_2024_GA.1">
	<name>Anjunem</name>
	<Style><LineStyle><color>ff0000ff</color></LineStyle><PolyStyle><fill>0</fill></PolyStyle></Style>
	<ExtendedData><SchemaData schemaUrl="#WG_ESA_2024_GA">
		<SimpleData name="esa_category">whole_village</SimpleData>
		<SimpleData name="area_km2">2.436</SimpleData>
	</SchemaData></ExtendedData>
      <MultiGeometry><Polygon><outerBoundaryIs><LinearRing><coordinates>74.08794,15.6162 74.0878,15.61642 74.08719,15.61749 74.08696,15.61799 74.0861,15.6189 74.08577,15.6192 74.08521,15.61965 74.08436,15.62033 74.08358,15.62098 74.0822,15.62199 74.08193,15.62235 74.08181,15.62459 74.08149,15.62485 74.08084,15.62528 74.08032,15.62571 74.07977,15.62632 74.07936,15.62688 74.07932,15.62743 74.07928,15.62827 74.07941,15.62924 74.07933,15.63008 74.07851,15.63172 74.07849,15.63176 74.07947,15.63233 74.0801,15.63271 74.08169,15.63357 74.08201,15.63371 74.08285,15.63426 74.08348,15.63466 74.08373,15.63482 74.08381,15.63488 74.08552,15.6356 74.08574,15.63568 74.08603,15.63673 74.08612,15.63682 74.08648,15.63718 74.08677,15.63746 74.08692,15.63761 74.08765,15.63824 74.08846,15.63895 74.08852,15.63898 74.09045,15.63981 74.09106,15.64008 74.09139,15.64023 74.09147,15.64026 74.09249,15.6381 74.09274,15.63763 74.09296,15.63702 74.09302,15.63661 74.09296,15.63613 74.09283,15.63562 74.09258,15.6352 74.09209,15.6346 74.09183,15.63436 74.09174,15.6342 74.09172,15.63349 74.09159,15.63254 74.09151,15.63167 74.09146,15.63113 74.09161,15.63033 74.09186,15.62958 74.09207,15.6289 74.09223,15.62836 74.0923,15.6279 74.09223,15.62733 74.09215,15.62656 74.09231,15.62617 74.09275,15.62571 74.09287,15.62559 74.0929,15.62537 74.09287,15.62476 74.09281,15.62449 74.0928,15.62428 74.09296,15.62405 74.0931,15.62388 74.09321,15.62373 74.0933,15.62352 74.09323,15.62332 74.09294,15.62277 74.0928,15.62242 74.09258,15.62183 74.09242,15.62137 74.09213,15.62083 74.092,15.62061 74.09161,15.62017 74.09128,15.61973 74.09098,15.61937 74.09064,15.61895 74.09022,15.61846 74.08981,15.61826 74.08953,15.61788 74.08926,15.61711 74.08911,15.61674 74.0884,15.61645 74.08794,15.6162</coordinates></LinearRing></outerBoundaryIs></Polygon></MultiGeometry>
  </Placemark>
  <Placemark id="WG_ESA_2024_GA.2">
	<name>Querim</name>
	<Style><LineStyle><color>ff0000ff</color></LineStyle><PolyStyle><fill>0</fill></PolyStyle></Style>
	<ExtendedData><SchemaData schemaUrl="#WG_ESA_2024_GA">
		<SimpleData name="esa_category">whole_village</SimpleData>
		<SimpleData name="area_km2">12.205</SimpleData>
	</SchemaData></ExtendedData>
      <MultiGeometry><Polygon><outerBoundaryIs><LinearRing><coordinates>74.08696,15.61799 74.08719,15.61749 74.0878,15.61642 74.08794,15.6162 74.08801,15.61609 74.08821,15.61576 74.08877,15.61477 74.08931,15.6139 74.08975,15.6133 74.09007,15.61258 74.09028,15.61208 74.09041,15.61181 74.09004,15.61144 74.08954,15.6109 74.08904,15.61039 74.08913,15.60948 74.08897,15.6085 74.08884,15.60785 74.08882,15.60771 74.08871,15.60671 74.08873,15.60632 74.08904,15.6061 74.08948,15.60579 74.09096,15.60483 74.0917,15.60429 74.09201,15.60398 74.0923,15.60337 74.09258,15.60246 74.09282,15.60191 74.09307,15.6013 74.09344,15.60068 74.094,15.59978 74.09466,15.59913 74.09577,15.5976 74.09651,15.59648 74.0968,15.59563 74.09696,15.59536 74.09803,15.59456 74.09858,15.59419 74.0996,15.59325 74.10007,15.59303 74.1005,15.59278 74.10098,15.59258 74.10056,15.59257 74.09896,15.59263 74.09853,15.59268 74.09769,15.59277 74.0971,15.59278 74.09655,15.59273 74.09599,15.59264 74.09539,15.59241 74.09515,15.59185 74.09501,15.59169 74.09446,15.59121 74.09387,15.59078 74.09351,15.59021 74.09318,15.58951 74.09275,15.58904 74.09174,15.58804 74.09135,15.58754 74.09118,15.58739 74.09055,15.58682 74.09014,15.58614 74.09022,15.58532 74.09027,15.58453 74.09032,15.58379 74.0903,15.58331 74.08963,15.58254 74.08934,15.58224 74.08877,15.58143 74.08833,15.58126 74.08803,15.5812 74.08727,15.5811 74.08693,15.58105 74.08576,15.58078 74.08438,15.58046 74.08414,15.58014 74.08377,15.57952 74.08331,15.57881 74.08297,15.57883 74.08245,15.57893 74.08187,15.57901 74.08133,15.57915 74.08113,15.57925 74.08108,15.57925 74.08046,15.57958 74.0797,15.57991 74.07909,15.58016 74.07819,15.5805 74.07753,15.58102 74.07662,15.58142 74.07597,15.58169 74.07495,15.58217 74.07392,15.58272 74.0729,15.58313 74.07196,15.58359 74.07145,15.58389 74.0708,15.58431 74.07043,15.58464 74.0701,15.58507 74.06941,15.58591 74.06912,15.58628 74.06845,15.5871 74.06823,15.58732 74.068,15.58757 74.06762,15.58805 74.0675,15.58827 74.06736,15.58878 74.06722,15.58937 74.06716,15.58995 74.06697,15.59072 74.06681,15.59149 74.06672,15.59169 74.06663,15.59176 74.06595,15.5921 74.06508,15.59248 74.06488,15.59255 74.06428,15.59279 74.06367,15.59313 74.06339,15.59333 74.06297,15.59392 74.06249,15.59454 74.06236,15.5947 74.06198,15.59515 74.06159,15.59565 74.06127,15.59602 74.06089,15.59663 74.06025,15.59711 74.06102,15.59747 74.06165,15.59779 74.06177,15.59847 74.06193,15.59944 74.06201,15.60008 74.06218,15.60129 74.06231,15.60237 74.06183,15.60291 74.06164,15.60338 74.06174,15.60377 74.06171,15.60451 74.06174,15.60531 74.06184,15.60572 74.06206,15.60622 74.06241,15.60654 74.06269,15.60672 74.06278,15.60673 74.06356,15.60767 74.06242,15.61032 74.06278,15.61057 74.06261,15.61167 74.06205,15.61246 74.06116,15.61298 74.06083,15.61338 74.06065,15.61395 74.06076,15.6144 74.06036,15.61574 74.05971,15.61679 74.05955,15.61698 74.05945,15.61756 74.05962,15.61755 74.06054,15.61731 74.0621,15.61675 74.06352,15.61615 74.06468,15.61655 74.06579,15.61688 74.06683,15.6171 74.06742,15.61717 74.06803,15.61725 74.06867,15.61732 74.06936,15.61756 74.0698,15.61772 74.07084,15.61809 74.07129,15.61838 74.07178,15.61873 74.07268,15.61871 74.07372,15.61868 74.07529,15.61869 74.07656,15.61922 74.07743,15.61972 74.07798,15.61999 74.07853,15.6203 74.07934,15.62077 74.07996,15.62114 74.081,15.62181 74.08193,15.62235 74.0822,15.62199 74.08358,15.62098 74.08436,15.62033 74.08521,15.61965 74.08577,15.6192 74.0861,15.6189 74.08696,15.61799</coordinates></LinearRing></outerBoundaryIs></Polygon></MultiGeometry>
  </Placemark>
  <Placemark id="WG_ESA_2024_GA.3">
	<name>Ambedem</name>
	<Style><LineStyle><color>ff0000ff</color></LineStyle><PolyStyle><fill>0</fill></PolyStyle></Style>
	<ExtendedData><SchemaData schemaUrl="#WG_ESA_2024_GA">
		<SimpleData name="esa_category">whole_village</SimpleData>
		<SimpleData name="area_km2">1.012</SimpleData>
	</SchemaData></ExtendedData>
      <MultiGeometry><Polygon><outerBoundaryIs><LinearRing><coordinates>74.17058,15.56302 74.17018,15.56236 74.16851,15.55995 74.16802,15.55922 74.16796,15.5587 74.16789,15.55702 74.1677,15.55621 74.16758,15.55561 74.16727,15.55413 74.16717,15.55364 74.16736,15.55344 74.16726,15.55335 74.16685,15.55294 74.16653,15.55256 74.16633,15.55223 74.16618,15.55203 74.16612,15.55189 74.16599,15.55182 74.16586,15.5518 74.1658,15.55181 74.16573,15.55185 74.1654,15.55217 74.16508,15.55241 74.16435,15.55287 74.16413,15.55297 74.16411,15.55301 74.16377,15.55291 74.16336,15.55263 74.16308,15.55255 74.16289,15.55254 74.16264,15.55258 74.16226,15.55263 74.16206,15.55261 74.16199,15.55259 74.16183,15.55238 74.16175,15.55218 74.16169,15.55168 74.16173,15.55129 74.16171,15.55116 74.16147,15.55082 74.1611,15.55068 74.16078,15.5506 74.16073,15.55061 74.16077,15.55029 74.16082,15.55012 74.16092,15.54987 74.16093,15.54973 74.16091,15.54956 74.16078,15.54925 74.16045,15.54882 74.1604,15.54871 74.16037,15.54851 74.16027,15.54818 74.16019,15.548 74.16012,15.54788 74.16003,15.54781 74.15952,15.54756 74.15941,15.54748 74.15916,15.54724 74.15911,15.54713 74.15908,15.54711 74.15904,15.54711 74.15878,15.54722 74.15858,15.54734 74.15835,15.54754 74.15812,15.54781 74.15775,15.54839 74.1577,15.54854 74.15736,15.5492 74.157,15.54951 74.15614,15.55024 74.15571,15.55104 74.15674,15.55129 74.15847,15.55289 74.15934,15.55405 74.15983,15.55489 74.16036,15.55592 74.16098,15.5569 74.16253,15.55843 74.16315,15.55907 74.16389,15.55931 74.16463,15.56044 74.16567,15.56224 74.16624,15.56315 74.16695,15.56381 74.16777,15.56411 74.16887,15.56416 74.16984,15.56384 74.17064,15.56312 74.17058,15.56302</coordinates></LinearRing></outerBoundaryIs></Polygon></MultiGeometry>
  </Placemark>
  <Placemark id="WG_ESA_2024_GA.4">
	<name>Ambeli</name>
	<Style><LineStyle><color>ff0000ff</color></LineStyle><PolyStyle><fill>0</fill></PolyStyle></Style>
	<ExtendedData><SchemaData schemaUrl="#WG_ESA_2024_GA">
		<SimpleData name="esa_category">whole_village</SimpleData>
		<SimpleData name="area_km2">2.127</SimpleData>
	</SchemaData></ExtendedData>
      <MultiGeometry><Polygon><outerBoundaryIs><LinearRing><coordinates>74.1657,15.47204 74.16658,15.47124 74.16738,15.47069 74.16842,15.47 74.16933,15.46935 74.16989,15.46878 74.17035,15.46821 74.1705,15.46788 74.17071,15.46707 74.17064,15.46653 74.17027,15.46559 74.17033,15.46453 74.17018,15.46415 74.16976,15.46359 74.16903,15.46246 74.16972,15.46178 74.17044,15.4616 74.17208,15.4612 74.17204,15.46003 74.1714,15.45943 74.17046,15.45851 74.16966,15.45783 74.16842,15.4573 74.16774,15.45722 74.16708,15.4569 74.16613,15.45613 74.16534,15.45528 74.16472,15.45381 74.16403,15.45272 74.16368,15.45231 74.16285,15.45296 74.16188,15.45361 74.16131,15.45418 74.16081,15.4554 74.16044,15.45648 74.15987,15.45815 74.159,15.4603 74.15843,15.46193 74.15804,15.46311 74.15738,15.46426 74.15684,15.46505 74.15597,15.46619 74.15508,15.46734 74.15641,15.46786 74.15723,15.46813 74.1589,15.4685 74.16034,15.46881 74.16116,15.46899 74.16127,15.46899 74.16204,15.47066 74.16241,15.47122 74.16292,15.4716 74.16346,15.47174 74.1646,15.47207 74.16543,15.47259 74.1657,15.47204</coordinates></LinearRing></outerBoundaryIs></Polygon></MultiGeometry>
  </Placemark>
  <Placemark id="WG_ESA_2024_GA.5">
	<name>Ansolem</name>
	<Style><LineStyle><color>ff0000ff</color></LineStyle><PolyStyle><fill>0</fill></PolyStyle></Style>
	<ExtendedData><SchemaData schemaUrl="#WG_ESA_2024_GA">
		<SimpleData name="esa_category">whole_village</SimpleData>
		<SimpleData name="area_km2">1.574</SimpleData>
	</SchemaData></ExtendedData>
      <MultiGeometry><Polygon><outerBoundaryIs><LinearRing><coordinates>74.11768,15.52044 74.11861,15.51888 74.11905,15.51812 74.11906,15.51811 74.11948,15.51748 74.12003,15.51697 74.1203,15.51659 74.12043,15.51603 74.12064,15.51554 74.12078,15.51502 74.12092,15.5145 74.12116,15.51383 74.12141,15.51329 74.12158,15.51287 74.12175,15.51272 74.12236,15.51202 74.12293,15.51127 74.12325,15.5108 74.12354,15.51025 74.12409,15.50963 74.12474,15.50905 74.12542,15.50832 74.12392,15.50721 74.12328,15.50673 74.12298,15.50636 74.12242,15.50566 74.12176,15.50499 74.12153,15.50479 74.12092,15.50551 74.1203,15.50623 74.11999,15.50646 74.11934,15.50682 74.11901,15.50703 74.11884,15.50731 74.11855,15.50799 74.11851,15.50811 74.11814,15.50881 74.11765,15.5096 74.11694,15.5104 74.1162,15.51121 74.11592,15.51141 74.11476,15.51179 74.11382,15.51212 74.11351,15.51224 74.11309,15.51249 74.11289,15.51274 74.11281,15.51295 74.11276,15.51332 74.11253,15.5142 74.1123,15.51489 74.11213,15.51514 74.11173,15.51592 74.1115,15.51642 74.11118,15.51688 74.1107,15.51744 74.11022,15.51791 74.10943,15.51875 74.10913,15.51933 74.10911,15.51935 74.10783,15.52311 74.1071,15.52631 74.10732,15.52621 74.10815,15.52543 74.10896,15.52468 74.10933,15.52426 74.11018,15.52361 74.11071,15.52336 74.11172,15.52286 74.11214,15.52261 74.11265,15.52221 74.11295,15.52192 74.11302,15.52186 74.11359,15.52193 74.11451,15.52216 74.11452,15.52216 74.11506,15.52219 74.1154,15.52219 74.11648,15.52174 74.11723,15.52146 74.11768,15.52044</coordinates></LinearRing></outerBoundaryIs></Polygon></MultiGeometry>
  </Placemark>
  <Placemark id="WG_ESA_2024_GA.6">
	<name>Assodem</name>
	<Style><LineStyle><color>ff0000ff</color></LineStyle><PolyStyle><fill>0</fill></PolyStyle></Style>
	<ExtendedData><SchemaData schemaUrl="#WG_ESA_2024_GA">
		<SimpleData name="esa_category">whole_village</SimpleData>
		<SimpleData name="area_km2">4.763</SimpleData>
	</SchemaData></ExtendedData>
      <MultiGeometry><Polygon><outerBoundaryIs><LinearRing><coordinates>74.21006,15.47941 74.21071,15.47899 74.21104,15.47854 74.21115,15.47839 74.2119,15.47758 74.21328,15.47646 74.21361,15.4761 74.21402,15.47475 74.21448,15.47325 74.21451,15.47312 74.21445,15.47308 74.2143,15.47296 74.21405,15.47277 74.21406,15.47263 74.21407,15.47251 74.21393,15.4723 74.21373,15.47222 74.2135,15.47216 74.21312,15.4722 74.21278,15.47224 74.21276,15.47224 74.21251,15.47218 74.21231,15.47211 74.21226,15.47207 74.21209,15.47195 74.21194,15.47159 74.21185,15.47147 74.2116,15.47113 74.21132,15.47103 74.21105,15.47103 74.21104,15.47103 74.21071,15.47111 74.21028,15.47118 74.21027,15.47118 74.20995,15.47102 74.20923,15.47067 74.20883,15.47047 74.20839,15.47034 74.20729,15.47009 74.20664,15.47007 74.20612,15.46999 74.20547,15.46986 74.20499,15.46953 74.2044,15.46917 74.20353,15.4685 74.20301,15.46813 74.20236,15.46785 74.20162,15.4675 74.20161,15.4675 74.20127,15.46763 74.20089,15.46778 74.2003,15.4679 74.19975,15.46792 74.19899,15.46782 74.19763,15.46792 74.19699,15.46792 74.19662,15.4678 74.19612,15.46768 74.19572,15.46765 74.19554,15.46769 74.19532,15.46774 74.19456,15.46787 74.19392,15.46805 74.19348,15.46822 74.19323,15.4684 74.19249,15.46892 74.19227,15.46903 74.19201,15.46907 74.19158,15.46908 74.19109,15.46899 74.1903,15.46894 74.18985,15.46903 74.18925,15.46914 74.18851,15.46918 74.1879,15.4691 74.18741,15.46893 74.18697,15.46869 74.18638,15.46843 74.18607,15.46844 74.18562,15.46863 74.18525,15.46886 74.18484,15.46922 74.18384,15.46992 74.18348,15.4701 74.1826,15.47046 74.18154,15.47072 74.18081,15.47086 74.18004,15.47092 74.17959,15.47107 74.17911,15.47128 74.17869,15.47154 74.17802,15.47201 74.17748,15.47258 74.17716,15.47298 74.17735,15.47422 74.1774,15.47509 74.17745,15.47534 74.17815,15.47573 74.17874,15.47626 74.17891,15.47685 74.17857,15.47734 74.17824,15.47788 74.17773,15.47958 74.17779,15.47956 74.17781,15.47954 74.1779,15.47949 74.17799,15.47941 74.17816,15.47929 74.17831,15.47923 74.17842,15.4792 74.17865,15.4791 74.17874,15.47905 74.179,15.4789 74.1792,15.47889 74.17936,15.47889 74.1798,15.47891 74.17993,15.47892 74.18018,15.47892 74.1804,15.47893 74.18072,15.47899 74.18085,15.479 74.18097,15.47904 74.18103,15.47907 74.1812,15.47919 74.18122,15.47921 74.18139,15.47935 74.18158,15.47948 74.1817,15.47958 74.1821,15.47988 74.1822,15.47994 74.18225,15.47996 74.1823,15.47999 74.18237,15.48003 74.18239,15.48005 74.18242,15.48006 74.18252,15.48008 74.18295,15.48012 74.18321,15.48014 74.1833,15.48015 74.18345,15.48019 74.18367,15.48038 74.18377,15.48047 74.18394,15.48066 74.18407,15.48083 74.18416,15.48092 74.18433,15.48105 74.18454,15.48119 74.18461,15.48122 74.18492,15.48127 74.18531,15.48127 74.18546,15.48127 74.18565,15.48125 74.18595,15.48118 74.18605,15.48116 74.18629,15.48111 74.18649,15.48109 74.18666,15.48109 74.18676,15.48112 74.18696,15.48119 74.18734,15.48137 74.18745,15.48141 74.18764,15.48143 74.18781,15.48143 74.18786,15.48142 74.18794,15.48139 74.18813,15.48136 74.1883,15.48136 74.18846,15.48138 74.18857,15.48142 74.18878,15.48148 74.18902,15.48156 74.1893,15.48162 74.18935,15.4816 74.18947,15.48158 74.18954,15.48156 74.18964,15.48151 74.19001,15.48136 74.19013,15.4813 74.19021,15.48128 74.19028,15.48119 74.19029,15.48115 74.19033,15.481 74.1904,15.48088 74.19042,15.48087 74.1907,15.48081 74.19194,15.48045 74.19294,15.48037 74.1935,15.48054 74.1947,15.48094 74.19522,15.48091 74.19568,15.48078 74.19632,15.48025 74.19736,15.47957 74.19785,15.47952 74.19818,15.48011 74.19839,15.4808 74.19881,15.48133 74.19959,15.48173 74.20012,15.4825 74.20121,15.48309 74.20239,15.48388 74.20345,15.48414 74.20472,15.48424 74.20561,15.48308 74.20657,15.48202 74.20735,15.48152 74.20843,15.48069 74.20962,15.47991 74.21006,15.47941</coordinates></LinearRing></outerBoundaryIs></Polygon></MultiGeometry>
  </Placemark>
  <Placemark id="WG_ESA_2024_GA.7">
	<name>Birondem</name>
	<Style><LineStyle><color>ff0000ff</color></LineStyle><PolyStyle><fill>0</fill></PolyStyle></Style>
	<ExtendedData><SchemaData schemaUrl="#WG_ESA_2024_GA">
		<SimpleData name="esa_category">whole_village</SimpleData>
		<SimpleData name="area_km2">2.679</SimpleData>
	</SchemaData></ExtendedData>
      <MultiGeometry><Polygon><outerBoundaryIs><LinearRing><coordinates>74.1392,15.49119 74.13904,15.48993 74.13894,15.48779 74.13886,15.487 74.13857,15.48637 74.13811,15.48559 74.13769,15.48519 74.1372,15.48502 74.13659,15.48507 74.13569,15.48522 74.13471,15.4851 74.13386,15.4846 74.13336,15.4844 74.1327,15.48464 74.13151,15.48507 74.12912,15.48527 74.12752,15.48488 74.12594,15.4846 74.12443,15.48373 74.124,15.48345 74.12376,15.48342 74.12303,15.48293 74.12245,15.48231 74.12159,15.48151 74.12123,15.48223 74.12091,15.48289 74.12055,15.48387 74.12039,15.48462 74.12029,15.48513 74.12016,15.48596 74.12008,15.48613 74.1198,15.48719 74.11966,15.48772 74.11953,15.48837 74.11929,15.48886 74.11874,15.48916 74.11826,15.48961 74.11776,15.49032 74.11779,15.49089 74.11815,15.49161 74.11812,15.49209 74.1175,15.49262 74.1169,15.49323 74.11677,15.49345 74.11623,15.49423 74.11652,15.49414 74.11707,15.49411 74.11827,15.49456 74.11854,15.49478 74.11895,15.49506 74.11996,15.49543 74.12019,15.49554 74.12046,15.49571 74.1208,15.49589 74.12225,15.49685 74.12252,15.49772 74.12546,15.49725 74.12696,15.4966 74.12802,15.4964 74.12928,15.49632 74.12985,15.49621 74.13046,15.49572 74.13123,15.49525 74.13187,15.49513 74.13258,15.49522 74.13384,15.49483 74.13504,15.49461 74.13578,15.49441 74.13696,15.49447 74.13768,15.49426 74.13857,15.49382 74.13942,15.49336 74.1392,15.49119</coordinates></LinearRing></outerBoundaryIs></Polygon></MultiGeometry>
  </Placemark>
  <Placemark id="WG_ESA_2024_GA.8">
	<name>Bombedem</name>
	<Style><LineStyle><color>ff0000ff</color></LineStyle><PolyStyle><fill>0</fill></PolyStyle></Style>
	<ExtendedData><SchemaData schemaUrl="#WG_ESA_2024_GA">
		<SimpleData name="esa_category">whole_village</SimpleData>
		<SimpleData name="area_km2">2.157</SimpleData>
	</SchemaData></ExtendedData>
      <MultiGeometry><Polygon><outerBoundaryIs><LinearRing><coordinates>74.16569,15.53703 74.16389,15.53645 74.16163,15.53631 74.15967,15.53674 74.15922,15.53413 74.15741,15.53181 74.15508,15.52891 74.15491,15.52889 74.15474,15.52882 74.15455,15.5287 74.15443,15.52862 74.1541,15.52846 74.15389,15.52837 74.15355,15.52815 74.15294,15.52765 74.15217,15.52863 74.15114,15.53036 74.15112,15.53039 74.15185,15.53155 74.15369,15.53341 74.15738,15.53705 74.15774,15.53764 74.15649,15.53975 74.15611,15.54179 74.15595,15.54231 74.15608,15.54234 74.15629,15.54244 74.15644,15.54259 74.15656,15.54279 74.15668,15.54298 74.15679,15.54307 74.15685,15.54316 74.15693,15.54321 74.15738,15.54327 74.15749,15.54326 74.15762,15.5433 74.15776,15.5434 74.15791,15.54356 74.1581,15.54369 74.15854,15.54416 74.15865,15.54432 74.15868,15.54443 74.1587,15.54462 74.15867,15.54497 74.15869,15.54507 74.15873,15.54518 74.1588,15.54531 74.15885,15.54538 74.159,15.54558 74.15904,15.54567 74.15921,15.54579 74.15945,15.54612 74.15949,15.54624 74.15952,15.54627 74.15951,15.54645 74.15943,15.54661 74.15912,15.54696 74.15908,15.54711 74.15911,15.54713 74.15916,15.54724 74.15941,15.54748 74.15952,15.54756 74.16003,15.54781 74.16012,15.54788 74.16019,15.548 74.16027,15.54818 74.16037,15.54851 74.1604,15.54871 74.16045,15.54882 74.16078,15.54925 74.16091,15.54956 74.16093,15.54973 74.16092,15.54987 74.16082,15.55012 74.16077,15.55029 74.16073,15.55061 74.16078,15.5506 74.1611,15.55068 74.16147,15.55082 74.16171,15.55116 74.16173,15.55129 74.16169,15.55168 74.16175,15.55218 74.16183,15.55238 74.16199,15.55259 74.16206,15.55261 74.16226,15.55263 74.16264,15.55258 74.16289,15.55254 74.16308,15.55255 74.16336,15.55263 74.16377,15.55291 74.16411,15.55301 74.16413,15.55297 74.16435,15.55287 74.16508,15.55241 74.1654,15.55217 74.16573,15.55185 74.1658,15.55181 74.16586,15.5518 74.16599,15.55182 74.16612,15.55189 74.16618,15.55203 74.16633,15.55223 74.16653,15.55256 74.16685,15.55294 74.16726,15.55335 74.16736,15.55344 74.16892,15.55181 74.16894,15.55163 74.16864,15.55114 74.16817,15.55043 74.16767,15.54974 74.16749,15.54919 74.16775,15.54819 74.16806,15.54669 74.16836,15.54499 74.16864,15.54296 74.16884,15.54215 74.16873,15.54145 74.16569,15.53703</coordinates></LinearRing></outerBoundaryIs></Polygon></MultiGeometry>
  </Placemark>
  <Placemark id="WG_ESA_2024_GA.9">
	<name>Buimpal</name>
	<Style><LineStyle><color>ff0000ff</color></LineStyle><PolyStyle><fill>0</fill></PolyStyle></Style>
	<ExtendedData><SchemaData schemaUrl="#WG_ESA_2024_GA">
		<SimpleData name="esa_category">whole_village</SimpleData>
		<SimpleData name="area_km2">4.198</SimpleData>
	</SchemaData></ExtendedData>
      <MultiGeometry><Polygon><outerBoundaryIs><LinearRing><coordinates>74.0913,15.5539 74.09181,15.55369 74.09248,15.55321 74.09354,15.55227 74.09393,15.55187 74.09438,15.55139 74.09448,15.55111 74.0947,15.55058 74.09511,15.54988 74.09512,15.54988 74.09513,15.54986 74.0957,15.54912 74.09594,15.5488 74.09643,15.54817 74.09689,15.54764 74.09709,15.54724 74.09716,15.54701 74.09726,15.54669 74.09751,15.5463 74.09819,15.54553 74.09899,15.54476 74.09947,15.5441 74.09922,15.54373 74.0984,15.5429 74.09789,15.54243 74.09733,15.54191 74.09595,15.54096 74.09454,15.53993 74.09306,15.53864 74.09193,15.53779 74.09075,15.53686 74.08955,15.53679 74.08841,15.53675 74.08621,15.53678 74.08593,15.53669 74.08538,15.53623 74.08373,15.53522 74.08241,15.53442 74.08206,15.53448 74.08116,15.53446 74.08006,15.53444 74.07965,15.53457 74.07911,15.53493 74.07887,15.53518 74.07813,15.53689 74.07762,15.5377 74.07742,15.53784 74.07688,15.53804 74.0746,15.53866 74.07286,15.53904 74.07162,15.5394 74.07013,15.53962 74.06807,15.53953 74.06687,15.53948 74.06567,15.53929 74.06434,15.5392 74.06427,15.53925 74.06327,15.54018 74.0615,15.54151 74.06165,15.54163 74.06246,15.54202 74.06413,15.54257 74.0659,15.54341 74.06676,15.54377 74.0677,15.54405 74.0682,15.54414 74.06875,15.54397 74.07006,15.54366 74.07084,15.54369 74.07117,15.54391 74.07214,15.54464 74.07263,15.54498 74.07317,15.54535 74.074,15.54588 74.0745,15.54604 74.07503,15.54631 74.07567,15.54672 74.07644,15.54736 74.07686,15.54774 74.07719,15.54802 74.07747,15.54825 74.07796,15.54851 74.0784,15.54867 74.07908,15.54898 74.07951,15.54913 74.08007,15.54919 74.08066,15.54921 74.08128,15.54928 74.08197,15.54954 74.08276,15.54986 74.08379,15.55035 74.08428,15.55066 74.08458,15.55075 74.085,15.55094 74.08551,15.55112 74.08604,15.55137 74.08715,15.55179 74.0877,15.55212 74.08876,15.55275 74.08928,15.55333 74.08997,15.55388 74.09041,15.55402 74.09068,15.55404 74.0913,15.5539</coordinates></LinearRing></outerBoundaryIs></Polygon></MultiGeometry>
  </Placemark>
  <Placemark id="WG_ESA_2024_GA.10">
	<name>Carambolim - Brama</name>
	<Style><LineStyle><color>ff0000ff</color></LineStyle><PolyStyle><fill>0</fill></PolyStyle></Style>
	<ExtendedData><SchemaData schemaUrl="#WG_ESA_2024_GA">
		<SimpleData name="esa_category">whole_village</SimpleData>
		<SimpleData name="area_km2">5.33</SimpleData>
	</SchemaData></ExtendedData>
      <MultiGeometry><Polygon><outerBoundaryIs><LinearRing><coordinates>74.17662,15.58406 74.17676,15.58319 74.17734,15.58187 74.17788,15.58008 74.17815,15.57879 74.17745,15.57817 74.17689,15.57767 74.17647,15.57711 74.17629,15.57625 74.17616,15.57512 74.17654,15.57465 74.17754,15.57414 74.17864,15.57333 74.17893,15.57289 74.1796,15.57114 74.18025,15.56989 74.18038,15.56879 74.18076,15.56775 74.18092,15.56712 74.18115,15.56646 74.18077,15.5656 74.18032,15.56483 74.18039,15.56419 74.18054,15.56372 74.18092,15.56296 74.1809,15.56296 74.18,15.5628 74.17816,15.56208 74.17709,15.56146 74.1761,15.56108 74.17491,15.56106 74.17443,15.56119 74.17368,15.56224 74.17334,15.56219 74.17292,15.56218 74.17221,15.56229 74.17176,15.56238 74.17159,15.5625 74.17096,15.56292 74.17065,15.56312 74.1708,15.56337 74.16962,15.56448 74.16922,15.56511 74.16903,15.56548 74.16883,15.56575 74.16862,15.56601 74.16843,15.56607 74.16818,15.56608 74.16576,15.56555 74.16255,15.56484 74.16219,15.56493 74.16181,15.56527 74.16139,15.56564 74.16094,15.56634 74.16039,15.56783 74.16038,15.56851 74.16024,15.56891 74.15989,15.56938 74.1597,15.56937 74.15949,15.56932 74.1593,15.56925 74.15875,15.56891 74.15782,15.56823 74.15756,15.56815 74.15736,15.56807 74.15726,15.56804 74.15709,15.56803 74.1569,15.56804 74.15662,15.5681 74.15648,15.56811 74.15627,15.5682 74.1561,15.56824 74.15573,15.56827 74.15557,15.5683 74.15521,15.56834 74.15501,15.56839 74.15473,15.56844 74.15468,15.56846 74.15463,15.56852 74.15425,15.56879 74.15405,15.56886 74.1535,15.56891 74.15237,15.56894 74.15182,15.56885 74.15089,15.56866 74.15076,15.56843 74.15042,15.56941 74.15038,15.56993 74.15079,15.57116 74.15092,15.5718 74.15101,15.5719 74.15102,15.57191 74.15112,15.57202 74.1515,15.57226 74.15187,15.57284 74.15231,15.57332 74.1527,15.57415 74.1531,15.57492 74.15333,15.57586 74.15353,15.57635 74.15401,15.57703 74.15485,15.57817 74.15509,15.5787 74.15638,15.58056 74.15656,15.58086 74.15665,15.58089 74.15673,15.58094 74.15691,15.58097 74.15725,15.58107 74.15765,15.58123 74.1579,15.5814 74.15801,15.58151 74.15808,15.58161 74.15821,15.58172 74.15835,15.58176 74.15876,15.58177 74.15889,15.58179 74.15916,15.58192 74.15959,15.58203 74.15963,15.58193 74.15969,15.58185 74.15984,15.58176 74.15999,15.58163 74.16022,15.58147 74.16036,15.58147 74.16051,15.58152 74.16067,15.58165 74.16073,15.58174 74.16086,15.58185 74.16091,15.58191 74.16096,15.58193 74.16117,15.58211 74.16137,15.5822 74.16147,15.58221 74.1616,15.58225 74.16169,15.58226 74.16177,15.58229 74.16233,15.58244 74.16249,15.58243 74.16257,15.58245 74.16272,15.58242 74.16297,15.58248 74.16308,15.5825 74.16317,15.58253 74.16326,15.58253 74.16351,15.58257 74.16359,15.58257 74.16364,15.5826 74.16422,15.58278 74.16425,15.58282 74.16461,15.58296 74.16492,15.58304 74.16498,15.58308 74.16521,15.5833 74.1655,15.58351 74.16558,15.58355 74.16591,15.58365 74.16711,15.58384 74.16778,15.58416 74.16938,15.58427 74.17216,15.58435 74.1725,15.58434 74.17392,15.58449 74.17655,15.58428 74.17662,15.58406</coordinates></LinearRing></outerBoundaryIs></Polygon></MultiGeometry>
  </Placemark>
  <Placemark id="WG_ESA_2024_GA.11">
	<name>Caranbolim - Buzruco</name>
	<Style><LineStyle><color>ff0000ff</color></LineStyle><PolyStyle><fill>0</fill></PolyStyle></Style>
	<ExtendedData><SchemaData schemaUrl="#WG_ESA_2024_GA">
		<SimpleData name="esa_category">whole_village</SimpleData>
		<SimpleData name="area_km2">4.645</SimpleData>
	</SchemaData></ExtendedData>
      <MultiGeometry><Polygon><outerBoundaryIs><LinearRing><coordinates>74.18185,15.51891 74.18148,15.51794 74.18146,15.51697 74.18156,15.51592 74.18188,15.51523 74.18238,15.51499 74.18339,15.51501 74.18425,15.51486 74.18514,15.51458 74.18589,15.51429 74.18687,15.51353 74.18674,15.51309 74.18653,15.51215 74.18644,15.51124 74.18636,15.51022 74.18643,15.50948 74.18688,15.5086 74.18743,15.50745 74.1881,15.50692 74.18858,15.50642 74.18973,15.50538 74.19062,15.50497 74.19162,15.5049 74.19345,15.50479 74.19448,15.5044 74.19543,15.50375 74.19647,15.50292 74.19739,15.50235 74.19823,15.50195 74.19993,15.50131 74.20071,15.50091 74.20102,15.50068 74.20141,15.49883 74.20154,15.49745 74.20129,15.49754 74.20067,15.49756 74.19949,15.49763 74.19899,15.49775 74.19843,15.49797 74.19797,15.49799 74.19754,15.49794 74.19705,15.4977 74.19664,15.49764 74.19605,15.49774 74.19562,15.49771 74.19516,15.4975 74.19444,15.49731 74.19344,15.49727 74.19261,15.49737 74.19199,15.49752 74.19127,15.49768 74.19067,15.49795 74.19015,15.49807 74.18959,15.49815 74.18846,15.4981 74.18757,15.4979 74.18698,15.49776 74.18605,15.49746 74.18584,15.4973 74.18567,15.49704 74.1855,15.49683 74.18512,15.49685 74.18469,15.49705 74.18379,15.49749 74.18316,15.49792 74.18273,15.49817 74.1823,15.49873 74.18199,15.49916 74.18177,15.49927 74.18143,15.49937 74.18079,15.49967 74.18031,15.49996 74.18016,15.50069 74.17955,15.50176 74.1792,15.50195 74.17851,15.50244 74.17727,15.50343 74.1758,15.50445 74.17548,15.50459 74.17484,15.50411 74.17399,15.50357 74.17302,15.50326 74.17298,15.50327 74.17192,15.50351 74.1707,15.50385 74.1697,15.50424 74.16923,15.50442 74.16803,15.50442 74.16763,15.50446 74.16702,15.50471 74.16658,15.50507 74.16632,15.5058 74.16599,15.50626 74.16569,15.50683 74.16566,15.50718 74.16532,15.50785 74.1653,15.50817 74.16571,15.50843 74.16592,15.50871 74.16602,15.50899 74.16601,15.50929 74.16599,15.50995 74.16596,15.51078 74.16595,15.51139 74.16593,15.51209 74.16559,15.51213 74.16551,15.51219 74.16549,15.51224 74.1653,15.51242 74.16508,15.51273 74.16496,15.51295 74.16479,15.51316 74.1646,15.5133 74.16436,15.51343 74.16421,15.5135 74.16486,15.51411 74.16675,15.51537 74.16718,15.51594 74.1682,15.51662 74.16984,15.51764 74.17066,15.5169 74.17102,15.51672 74.17177,15.51659 74.17261,15.51633 74.17313,15.51634 74.17363,15.51635 74.17432,15.51636 74.17479,15.51631 74.17546,15.51622 74.17584,15.51638 74.17656,15.51655 74.17758,15.51724 74.17845,15.51803 74.179,15.51857 74.17957,15.51934 74.1802,15.51983 74.18089,15.52003 74.18133,15.52003 74.18217,15.51988 74.18185,15.51891</coordinates></LinearRing></outerBoundaryIs></Polygon></MultiGeometry>
  </Placemark>
  <Placemark id="WG_ESA_2024_GA.12">
	<name>Caranzol</name>
	<Style><LineStyle><color>ff0000ff</color></LineStyle><PolyStyle><fill>0</fill></PolyStyle></Style>
	<ExtendedData><SchemaData schemaUrl="#WG_ESA_2024_GA">
		<SimpleData name="esa_category">whole_village</SimpleData>
		<SimpleData name="area_km2">39.746</SimpleData>
	</SchemaData></ExtendedData>
      <MultiGeometry><Polygon><outerBoundaryIs><LinearRing><coordinates>74.21784,15.5605 74.21781,15.56004 74.21801,15.55956 74.21839,15.55889 74.21885,15.55783 74.21896,15.55713 74.21935,15.55631 74.21999,15.55537 74.22054,15.55456 74.22118,15.55335 74.22157,15.55265 74.22202,15.55202 74.22269,15.55138 74.22342,15.55045 74.22384,15.54994 74.22435,15.5494 74.22489,15.54898 74.22562,15.54856 74.22619,15.54823 74.22694,15.54812 74.22726,15.54806 74.22711,15.54763 74.22702,15.54734 74.22696,15.54711 74.22684,15.54668 74.2265,15.54601 74.22601,15.5453 74.22564,15.54468 74.22524,15.54416 74.22503,15.54358 74.22485,15.54254 74.22499,15.54165 74.225,15.54086 74.2252,15.54065 74.22917,15.53811 74.22847,15.53633 74.22814,15.53553 74.22893,15.53508 74.22935,15.53477 74.22995,15.53433 74.23055,15.53373 74.23113,15.53297 74.23142,15.53234 74.23143,15.53157 74.23113,15.53077 74.23095,15.5301 74.23099,15.52955 74.23125,15.52895 74.23158,15.52834 74.23212,15.52786 74.23288,15.52708 74.23378,15.52593 74.23414,15.52539 74.23468,15.5246 74.2358,15.52229 74.24519,15.51292 74.24903,15.509 74.25026,15.50776 74.25215,15.5058 74.25303,15.50489 74.25481,15.50272 74.25446,15.50236 74.25382,15.50172 74.25381,15.50172 74.25359,15.50135 74.25359,15.50133 74.25346,15.50094 74.25229,15.49934 74.25218,15.49874 74.25216,15.49861 74.25216,15.4986 74.25211,15.49833 74.25209,15.49826 74.25205,15.498 74.25199,15.49768 74.25163,15.49575 74.25121,15.49343 74.25115,15.49314 74.25092,15.49187 74.25091,15.49181 74.25091,15.49172 74.25091,15.49163 74.25091,15.49159 74.24901,15.49116 74.24823,15.49122 74.24821,15.49122 74.24771,15.49137 74.2477,15.49137 74.24745,15.49129 74.24725,15.49123 74.24691,15.49095 74.24668,15.49076 74.24645,15.49043 74.24608,15.48989 74.24603,15.48978 74.2457,15.48899 74.24554,15.48866 74.24542,15.4884 74.24531,15.48836 74.24516,15.4883 74.24515,15.4883 74.24471,15.48843 74.24414,15.48863 74.24296,15.48852 74.24207,15.48833 74.24181,15.48827 74.24176,15.48825 74.24133,15.48812 74.24095,15.48799 74.24035,15.4878 74.23987,15.48755 74.23888,15.48703 74.2387,15.48692 74.23829,15.48669 74.23781,15.48641 74.23747,15.48635 74.23714,15.48629 74.23643,15.48619 74.23621,15.48616 74.23546,15.48588 74.23525,15.48581 74.23522,15.48579 74.23433,15.48529 74.23321,15.48477 74.23234,15.48446 74.23176,15.4842 74.23121,15.48397 74.23078,15.48364 74.23065,15.48355 74.23063,15.48353 74.23033,15.48318 74.23023,15.48299 74.23013,15.48286 74.2301,15.48277 74.23007,15.48268 74.23006,15.48243 74.23004,15.48228 74.23012,15.48189 74.23016,15.48179 74.23026,15.48145 74.23026,15.48135 74.23026,15.48128 74.23028,15.48111 74.23028,15.4811 74.23028,15.48105 74.23026,15.48095 74.23022,15.48082 74.23012,15.48078 74.2301,15.48077 74.2301,15.48076 74.23009,15.48076 74.22996,15.4809 74.22975,15.48124 74.22953,15.48161 74.22948,15.48166 74.22935,15.4818 74.22928,15.48188 74.22917,15.48199 74.22912,15.48203 74.22906,15.48209 74.22902,15.48212 74.22901,15.48213 74.22888,15.48211 74.22875,15.48202 74.2286,15.48193 74.2284,15.48182 74.22819,15.48171 74.22811,15.48167 74.22736,15.48126 74.22688,15.48093 74.22683,15.48089 74.22591,15.48018 74.22579,15.48009 74.22542,15.47957 74.22516,15.47919 74.22504,15.47907 74.22482,15.47886 74.22472,15.47875 74.22463,15.47865 74.22447,15.47846 74.22437,15.47833 74.22433,15.47829 74.22427,15.47819 74.22403,15.47775 74.2231,15.47663 74.22269,15.47621 74.22207,15.47558 74.22178,15.47542 74.2216,15.47531 74.22139,15.47523 74.22114,15.47514 74.2205,15.4748 74.22027,15.4747 74.21991,15.47454 74.21945,15.47436 74.21937,15.47433 74.21906,15.47427 74.21825,15.47427 74.21798,15.47424 74.21763,15.47421 74.21756,15.47418 74.21698,15.47391 74.21633,15.47368 74.21581,15.47352 74.2153,15.47333 74.21485,15.47321 74.21452,15.47313 74.21451,15.47312 74.21448,15.47325 74.21402,15.47475 74.21361,15.4761 74.21328,15.47646 74.2119,15.47758 74.21115,15.47839 74.21104,15.47854 74.21071,15.47899 74.21006,15.47941 74.20962,15.47991 74.20843,15.48069 74.20735,15.48152 74.20657,15.48202 74.20561,15.48308 74.20472,15.48424 74.20445,15.48488 74.20443,15.48521 74.20468,15.4858 74.20536,15.48664 74.20537,15.48702 74.20508,15.48762 74.20483,15.48821 74.20468,15.48901 74.20435,15.48941 74.20362,15.49035 74.2031,15.49131 74.20282,15.4924 74.20272,15.49344 74.20266,15.49488 74.20246,15.49573 74.20197,15.49664 74.20154,15.49745 74.20141,15.49883 74.20102,15.50068 74.20071,15.50091 74.19993,15.50131 74.19823,15.50195 74.19739,15.50235 74.19647,15.50292 74.19543,15.50375 74.19448,15.5044 74.19345,15.50479 74.19162,15.5049 74.19062,15.50497 74.18973,15.50538 74.18858,15.50642 74.1881,15.50692 74.18743,15.50745 74.18688,15.5086 74.18643,15.50948 74.18636,15.51022 74.18644,15.51124 74.18653,15.51215 74.18674,15.51309 74.18687,15.51353 74.18589,15.51429 74.18514,15.51458 74.18425,15.51486 74.18339,15.51501 74.18238,15.51499 74.18188,15.51523 74.18156,15.51592 74.18146,15.51697 74.18148,15.51794 74.18185,15.51891 74.18217,15.51988 74.18315,15.51999 74.1837,15.52019 74.18426,15.5203 74.18396,15.52135 74.18332,15.52217 74.18267,15.52257 74.18197,15.52307 74.18146,15.52378 74.18128,15.52445 74.181,15.52488 74.18021,15.52783 74.18025,15.52844 74.18055,15.52951 74.18089,15.53024 74.18082,15.53182 74.18041,15.53324 74.18044,15.53365 74.18046,15.53365 74.18082,15.5338 74.1819,15.53378 74.18329,15.53342 74.18483,15.53293 74.18655,15.53253 74.18739,15.53257 74.18796,15.53273 74.18846,15.53325 74.1895,15.53501 74.18989,15.53557 74.19045,15.53598 74.19127,15.53608 74.19209,15.536 74.19301,15.53573 74.19349,15.5356 74.19402,15.53554 74.1943,15.53557 74.19463,15.5361 74.19498,15.5369 74.19538,15.53791 74.19559,15.53882 74.19579,15.53963 74.19573,15.54032 74.19535,15.54153 74.19497,15.54263 74.195,15.54323 74.19511,15.54383 74.19535,15.54472 74.19579,15.54564 74.19617,15.54615 74.19661,15.54667 74.19729,15.54692 74.19811,15.54725 74.19886,15.54748 74.19941,15.54731 74.20026,15.54703 74.20167,15.54639 74.20261,15.54607 74.20332,15.54575 74.20364,15.54559 74.20435,15.54556 74.20476,15.54577 74.20524,15.5461 74.20541,15.54682 74.20524,15.54768 74.20495,15.54823 74.20432,15.5488 74.20325,15.54931 74.20251,15.54979 74.20202,15.55036 74.2021,15.55092 74.20246,15.55149 74.20336,15.55252 74.20523,15.55436 74.20585,15.5551 74.20616,15.55588 74.20631,15.55693 74.20613,15.5583 74.20615,15.55943 74.20617,15.56012 74.20638,15.56096 74.20645,15.56114 74.20688,15.56137 74.20754,15.56162 74.20991,15.56172 74.21183,15.56181 74.21318,15.56177 74.21437,15.56203 74.21519,15.56192 74.2161,15.56194 74.21737,15.56204 74.21784,15.5605</coordinates></LinearRing></outerBoundaryIs></Polygon></MultiGeometry>
  </Placemark>
  <Placemark id="WG_ESA_2024_GA.13">
	<name>Choraundem</name>
	<Style><LineStyle><color>ff0000ff</color></LineStyle><PolyStyle><fill>0</fill></PolyStyle></Style>
	<ExtendedData><SchemaData schemaUrl="#WG_ESA_2024_GA">
		<SimpleData name="esa_category">whole_village</SimpleData>
		<SimpleData name="area_km2">6.135</SimpleData>
	</SchemaData></ExtendedData>
      <MultiGeometry><Polygon><outerBoundaryIs><LinearRing><coordinates>74.12309,15.6519 74.12344,15.65134 74.12387,15.65095 74.1241,15.65112 74.12437,15.65132 74.12463,15.65129 74.12506,15.65124 74.12553,15.65119 74.12615,15.65113 74.12729,15.65112 74.12861,15.65075 74.12929,15.65056 74.13122,15.64984 74.13316,15.64911 74.13402,15.64885 74.13402,15.64884 74.13554,15.64837 74.13673,15.64568 74.13612,15.64461 74.13401,15.6431 74.13311,15.64201 74.13236,15.64078 74.13187,15.63968 74.13162,15.63899 74.13108,15.63663 74.13113,15.63586 74.13168,15.63455 74.13308,15.63252 74.13311,15.63241 74.13203,15.63114 74.1319,15.63078 74.13181,15.6296 74.13195,15.62896 74.13286,15.62761 74.13342,15.62615 74.13364,15.62561 74.1344,15.62472 74.13398,15.62403 74.13408,15.62346 74.13474,15.62254 74.13528,15.62172 74.13698,15.62056 74.13796,15.62039 74.13835,15.62021 74.13915,15.61875 74.13853,15.61832 74.13808,15.61788 74.13694,15.61699 74.13606,15.61662 74.1334,15.61684 74.13253,15.61696 74.13,15.61636 74.12799,15.61611 74.12739,15.61615 74.12408,15.61713 74.12389,15.61704 74.1238,15.61728 74.12371,15.6175 74.1232,15.61834 74.12296,15.61873 74.12272,15.61924 74.12266,15.61979 74.1224,15.62128 74.12224,15.62166 74.1222,15.62202 74.1222,15.62249 74.12343,15.62262 74.12203,15.62388 74.12176,15.62429 74.12104,15.62518 74.1208,15.62632 74.12046,15.62752 74.1201,15.62889 74.11945,15.63032 74.11904,15.63093 74.11945,15.63227 74.11962,15.6335 74.11985,15.63431 74.11989,15.63635 74.11674,15.63928 74.11515,15.64067 74.11431,15.64226 74.11405,15.64333 74.11389,15.64613 74.11389,15.64623 74.11391,15.64649 74.11401,15.64766 74.11405,15.64815 74.11409,15.6485 74.1141,15.64863 74.11411,15.64877 74.11411,15.64879 74.11419,15.6488 74.1158,15.64911 74.11607,15.64917 74.11612,15.64917 74.11613,15.64918 74.11616,15.64926 74.11622,15.64943 74.11634,15.64982 74.11642,15.65007 74.11645,15.65017 74.11676,15.65115 74.11686,15.65127 74.11725,15.65176 74.11758,15.65215 74.11823,15.65204 74.11825,15.65203 74.11826,15.65203 74.11829,15.65201 74.1183,15.65202 74.11832,15.65202 74.11832,15.65203 74.11839,15.65206 74.11848,15.6521 74.11879,15.65225 74.11881,15.65226 74.11908,15.65238 74.1192,15.65238 74.1196,15.65237 74.12021,15.65229 74.12029,15.65228 74.12074,15.65222 74.12309,15.6519</coordinates></LinearRing></outerBoundaryIs></Polygon></MultiGeometry>
  </Placemark>
  <Placemark id="WG_ESA_2024_GA.14">
	<name>Codal</name>
	<Style><LineStyle><color>ff0000ff</color></LineStyle><PolyStyle><fill>0</fill></PolyStyle></Style>
	<ExtendedData><SchemaData schemaUrl="#WG_ESA_2024_GA">
		<SimpleData name="esa_category">whole_village</SimpleData>
		<SimpleData name="area_km2">12.333</SimpleData>
	</SchemaData></ExtendedData>
      <MultiGeometry><Polygon><outerBoundaryIs><LinearRing><coordinates>74.20349,15.62531 74.20383,15.62505 74.20409,15.62496 74.20426,15.62488 74.20438,15.62484 74.20504,15.6247 74.2057,15.62451 74.20601,15.62426 74.2074,15.62367 74.20825,15.62302 74.20834,15.62261 74.20837,15.622 74.20856,15.62126 74.20884,15.6208 74.21153,15.61802 74.21163,15.61756 74.21164,15.61646 74.21185,15.61603 74.21248,15.61507 74.2127,15.6141 74.21273,15.61345 74.21301,15.61237 74.21344,15.61136 74.21391,15.61084 74.21486,15.61039 74.21527,15.61004 74.21567,15.609 74.21583,15.60788 74.2156,15.60585 74.21561,15.6051 74.21526,15.60421 74.21466,15.60318 74.21435,15.60216 74.21429,15.60156 74.21419,15.60098 74.21446,15.59981 74.21535,15.59783 74.21563,15.59752 74.21571,15.59717 74.21502,15.59543 74.21449,15.59425 74.21398,15.59309 74.21375,15.59167 74.21399,15.59061 74.21428,15.58968 74.21461,15.58946 74.21516,15.58943 74.21569,15.58892 74.2147,15.58818 74.21346,15.58692 74.21128,15.58583 74.20958,15.58487 74.2093,15.58467 74.2067,15.58457 74.20615,15.58471 74.20535,15.58475 74.20411,15.58482 74.20372,15.5851 74.20333,15.58565 74.20329,15.5866 74.20269,15.58704 74.20192,15.58802 74.20095,15.58925 74.20077,15.59003 74.20043,15.59033 74.1972,15.59077 74.19666,15.5901 74.19329,15.59065 74.19194,15.5911 74.19125,15.59291 74.19057,15.59394 74.18964,15.59364 74.18695,15.59219 74.18578,15.59197 74.18468,15.59209 74.18412,15.59314 74.18179,15.59322 74.18176,15.59332 74.18111,15.59416 74.18025,15.59516 74.18005,15.59549 74.1794,15.5963 74.17943,15.59757 74.17948,15.59861 74.17956,15.59899 74.17983,15.59955 74.18059,15.60059 74.18072,15.60114 74.18086,15.60161 74.1816,15.60225 74.18166,15.60277 74.18152,15.60374 74.18134,15.60405 74.18109,15.6045 74.18081,15.60507 74.18064,15.60565 74.18039,15.60705 74.1804,15.60741 74.18061,15.60832 74.18088,15.60916 74.18094,15.60946 74.18095,15.60985 74.18098,15.6103 74.18104,15.61054 74.18166,15.6115 74.18223,15.6123 74.18305,15.61309 74.1842,15.61384 74.18562,15.61452 74.18645,15.61503 74.18699,15.61548 74.18733,15.61611 74.18762,15.61656 74.18781,15.61743 74.18792,15.61843 74.18819,15.61878 74.18851,15.61916 74.1897,15.61982 74.19137,15.6213 74.19187,15.62181 74.19232,15.62255 74.1932,15.62368 74.19347,15.62379 74.20083,15.62653 74.20333,15.62553 74.20349,15.62531</coordinates></LinearRing></outerBoundaryIs></Polygon></MultiGeometry>
  </Placemark>
  <Placemark id="WG_ESA_2024_GA.15">
	<name>Codiem</name>
	<Style><LineStyle><color>ff0000ff</color></LineStyle><PolyStyle><fill>0</fill></PolyStyle></Style>
	<ExtendedData><SchemaData schemaUrl="#WG_ESA_2024_GA">
		<SimpleData name="esa_category">bifurcated_village</SimpleData>
		<SimpleData name="area_km2">2.555</SimpleData>
	</SchemaData></ExtendedData>
      <MultiGeometry><Polygon><outerBoundaryIs><LinearRing><coordinates>74.09933,15.50503 74.0988,15.50499 74.09851,15.50508 74.09823,15.50516 74.09786,15.50514 74.09733,15.5047 74.09717,15.50456 74.09691,15.50426 74.09665,15.5038 74.09636,15.50316 74.09621,15.50282 74.09589,15.50227 74.09578,15.50207 74.09549,15.50181 74.09541,15.5017 74.09533,15.50146 74.09534,15.5012 74.09557,15.50066 74.09481,15.50016 74.09425,15.49983 74.0941,15.49978 74.09363,15.49967 74.09308,15.49932 74.09255,15.49897 74.09203,15.49863 74.09138,15.49844 74.09077,15.49819 74.09015,15.49794 74.08985,15.49784 74.09009,15.50175 74.0901,15.50234 74.09006,15.5032 74.09008,15.50404 74.09009,15.50492 74.0901,15.5058 74.09012,15.50668 74.09013,15.50715 74.09052,15.50783 74.09101,15.5088 74.09155,15.50983 74.09208,15.51087 74.09262,15.51191 74.09314,15.51297 74.09364,15.51403 74.09404,15.51478 74.09417,15.51517 74.0943,15.51556 74.09449,15.51583 74.0945,15.51584 74.09508,15.51619 74.09584,15.51677 74.09605,15.51698 74.09696,15.5175 74.09744,15.51786 74.09774,15.51807 74.09862,15.51894 74.09947,15.51975 74.09996,15.52022 74.10081,15.52083 74.10182,15.52172 74.10207,15.52192 74.10254,15.5223 74.1032,15.52292 74.10452,15.52403 74.10527,15.52494 74.10603,15.52575 74.10709,15.52631 74.1071,15.52631 74.10783,15.52311 74.10911,15.51935 74.10881,15.51916 74.10842,15.519 74.10815,15.5188 74.10774,15.51843 74.10735,15.51803 74.10703,15.51775 74.10656,15.51712 74.10638,15.51666 74.10603,15.51613 74.10568,15.51568 74.10561,15.5156 74.10485,15.51478 74.10401,15.51377 74.10317,15.51275 74.10267,15.51202 74.10252,15.5116 74.1023,15.51093 74.10221,15.51044 74.1019,15.50967 74.10148,15.50857 74.10109,15.50754 74.10093,15.5068 74.10075,15.50636 74.10049,15.50572 74.10019,15.50542 74.0999,15.50521 74.09933,15.50503</coordinates></LinearRing></outerBoundaryIs></Polygon></MultiGeometry>
  </Placemark>
  <Placemark id="WG_ESA_2024_GA.16">
	<name>Codqui</name>
	<Style><LineStyle><color>ff0000ff</color></LineStyle><PolyStyle><fill>0</fill></PolyStyle></Style>
	<ExtendedData><SchemaData schemaUrl="#WG_ESA_2024_GA">
		<SimpleData name="esa_category">whole_village</SimpleData>
		<SimpleData name="area_km2">2.878</SimpleData>
	</SchemaData></ExtendedData>
      <MultiGeometry><Polygon><outerBoundaryIs><LinearRing><coordinates>74.14837,15.49351 74.14826,15.49356 74.14817,15.4936 74.14801,15.49368 74.14761,15.49396 74.14723,15.49419 74.14713,15.49423 74.14676,15.49441 74.14662,15.49449 74.14636,15.49461 74.14616,15.49472 74.1461,15.49478 74.14607,15.49484 74.14603,15.49494 74.14593,15.4951 74.14585,15.49518 74.1458,15.49522 74.14576,15.49527 74.14563,15.49536 74.1453,15.49553 74.14519,15.4956 74.14508,15.49567 74.14498,15.49574 74.14491,15.49576 74.14484,15.49576 74.14442,15.4958 74.14409,15.49577 74.14362,15.49565 74.14311,15.49533 74.14257,15.49492 74.14222,15.49464 74.14172,15.49413 74.14115,15.49363 74.14074,15.49331 74.1403,15.49315 74.13975,15.49319 74.13942,15.49336 74.13926,15.49438 74.13944,15.49482 74.14014,15.49529 74.14048,15.49587 74.14048,15.49646 74.14011,15.49746 74.13946,15.49878 74.13856,15.49976 74.1381,15.50071 74.13798,15.50109 74.13779,15.50152 74.1376,15.50195 74.13735,15.50231 74.13696,15.50297 74.13668,15.50371 74.13636,15.5046 74.13616,15.50543 74.13611,15.50698 74.13612,15.50823 74.13612,15.50873 74.1362,15.50942 74.13604,15.51027 74.13596,15.51054 74.13596,15.51056 74.13589,15.51081 74.13584,15.51128 74.13574,15.51145 74.13554,15.51178 74.13487,15.51225 74.13436,15.51268 74.1344,15.51319 74.13457,15.51365 74.13499,15.51459 74.13548,15.51501 74.13585,15.51538 74.13673,15.51575 74.13744,15.51603 74.13784,15.51617 74.13822,15.5163 74.13866,15.5163 74.13912,15.51622 74.13953,15.51612 74.13987,15.51587 74.1402,15.51561 74.14068,15.51554 74.14094,15.51547 74.14129,15.51551 74.14174,15.51568 74.14217,15.5158 74.14256,15.51596 74.14334,15.51634 74.14435,15.51674 74.14509,15.51704 74.14543,15.51689 74.14607,15.51411 74.14683,15.51412 74.14728,15.51307 74.14763,15.51179 74.14791,15.50945 74.148,15.50858 74.14806,15.50803 74.14818,15.50761 74.14848,15.50712 74.14871,15.50639 74.14877,15.50589 74.14883,15.50528 74.14821,15.50377 74.14821,15.50346 74.14868,15.5031 74.14939,15.50253 74.14997,15.50185 74.15025,15.50154 74.15058,15.50112 74.15064,15.50073 74.15033,15.4997 74.15026,15.49897 74.15004,15.49806 74.14975,15.49762 74.14936,15.49689 74.14921,15.49642 74.14901,15.4952 74.14891,15.49482 74.14853,15.49343 74.14837,15.49351</coordinates></LinearRing></outerBoundaryIs></Polygon></MultiGeometry>
  </Placemark>
  <Placemark id="WG_ESA_2024_GA.17">
	<name>Codvol</name>
	<Style><LineStyle><color>ff0000ff</color></LineStyle><PolyStyle><fill>0</fill></PolyStyle></Style>
	<ExtendedData><SchemaData schemaUrl="#WG_ESA_2024_GA">
		<SimpleData name="esa_category">whole_village</SimpleData>
		<SimpleData name="area_km2">8.901</SimpleData>
	</SchemaData></ExtendedData>
      <MultiGeometry><Polygon><outerBoundaryIs><LinearRing><coordinates>74.26403,15.56233 74.26404,15.56219 74.26405,15.56197 74.26409,15.56117 74.26416,15.56077 74.26426,15.56025 74.26455,15.5596 74.26469,15.55933 74.26477,15.55918 74.26487,15.55899 74.2653,15.55837 74.26552,15.55814 74.26605,15.55759 74.26767,15.55594 74.26805,15.55561 74.26897,15.55479 74.27023,15.55372 74.27079,15.55326 74.27099,15.5531 74.27168,15.55243 74.27171,15.55238 74.27188,15.55206 74.27226,15.55134 74.27254,15.55092 74.27301,15.55021 74.2731,15.55013 74.27373,15.54952 74.2744,15.54893 74.27465,15.5487 74.27552,15.54806 74.27651,15.54741 74.27723,15.54691 74.27792,15.54611 74.27812,15.54569 74.27844,15.54504 74.27866,15.5444 74.27872,15.54423 74.27873,15.54421 74.27886,15.54298 74.27921,15.54138 74.27964,15.53998 74.28017,15.5385 74.28045,15.53774 74.28066,15.5372 74.28088,15.53675 74.28093,15.53665 74.28129,15.53592 74.28156,15.53526 74.28164,15.53506 74.28188,15.53456 74.28219,15.53391 74.28224,15.53364 74.2823,15.53334 74.28237,15.53299 74.28253,15.53201 74.28258,15.53177 74.28265,15.53142 74.28263,15.53076 74.28262,15.53032 74.28257,15.5297 74.28248,15.52867 74.28237,15.52802 74.2823,15.52761 74.28225,15.52736 74.28199,15.52678 74.2817,15.52613 74.28135,15.5256 74.28087,15.52517 74.28084,15.52515 74.27948,15.52448 74.27888,15.52403 74.27873,15.52389 74.27853,15.5237 74.27816,15.52285 74.27815,15.52285 74.27513,15.52516 74.27297,15.5272 74.27114,15.52888 74.26953,15.5304 74.26837,15.53147 74.26528,15.53437 74.26346,15.53599 74.26242,15.53702 74.26205,15.5378 74.26183,15.53818 74.26158,15.53843 74.2612,15.53852 74.26071,15.53856 74.26017,15.53846 74.25978,15.53836 74.25919,15.53837 74.2589,15.53837 74.25856,15.5385 74.25843,15.53871 74.25816,15.53934 74.25769,15.53998 74.25692,15.54061 74.2564,15.54078 74.25561,15.54085 74.25444,15.54086 74.25332,15.54077 74.25275,15.54079 74.25189,15.54077 74.24993,15.54067 74.24905,15.54079 74.24805,15.54153 74.2473,15.54266 74.24656,15.54291 74.24624,15.54303 74.24579,15.54348 74.24547,15.54403 74.24556,15.5447 74.24481,15.54616 74.24427,15.54682 74.24331,15.54836 74.24288,15.54915 74.24259,15.54997 74.24239,15.55058 74.24239,15.55104 74.24237,15.55186 74.24217,15.55208 74.24268,15.55195 74.2437,15.55201 74.24464,15.55229 74.24534,15.55292 74.2459,15.55366 74.24614,15.55422 74.24641,15.5548 74.24665,15.55531 74.24671,15.55534 74.24724,15.55556 74.24774,15.55564 74.24829,15.55569 74.24863,15.55583 74.24906,15.55625 74.2493,15.5564 74.24984,15.55661 74.25087,15.55671 74.25214,15.55693 74.25277,15.55715 74.253,15.55745 74.25358,15.55807 74.25427,15.55855 74.25552,15.55927 74.2558,15.55944 74.25613,15.55965 74.25782,15.56069 74.25887,15.56145 74.25924,15.56163 74.25957,15.562 74.25965,15.56223 74.25972,15.56231 74.25972,15.56232 74.25992,15.56278 74.26011,15.56322 74.26026,15.56356 74.2604,15.56387 74.26058,15.56417 74.26099,15.56465 74.26129,15.56481 74.26174,15.56488 74.26233,15.56442 74.26235,15.56441 74.2624,15.56436 74.26256,15.56421 74.26282,15.56409 74.2629,15.56405 74.26295,15.56403 74.26315,15.56394 74.26322,15.56384 74.26325,15.5638 74.26329,15.56376 74.26347,15.56353 74.26358,15.56339 74.26364,15.56331 74.26379,15.56294 74.26389,15.56268 74.26403,15.56239 74.26403,15.56233</coordinates></LinearRing></outerBoundaryIs></Polygon></MultiGeometry>
  </Placemark>
  <Placemark id="WG_ESA_2024_GA.18">
	<name>Compordem</name>
	<Style><LineStyle><color>ff0000ff</color></LineStyle><PolyStyle><fill>0</fill></PolyStyle></Style>
	<ExtendedData><SchemaData schemaUrl="#WG_ESA_2024_GA">
		<SimpleData name="esa_category">whole_village</SimpleData>
		<SimpleData name="area_km2">7.357</SimpleData>
	</SchemaData></ExtendedData>
      <MultiGeometry><Polygon><outerBoundaryIs><LinearRing><coordinates>74.13731,15.56994 74.13721,15.56991 74.13717,15.56983 74.137,15.56969 74.13697,15.56962 74.13686,15.56951 74.1368,15.56939 74.13677,15.56936 74.13675,15.5693 74.13675,15.56898 74.1368,15.56889 74.1369,15.56866 74.13708,15.56834 74.13709,15.5683 74.13705,15.56761 74.13707,15.56725 74.13718,15.5668 74.13723,15.56612 74.13728,15.56581 74.13732,15.56569 74.1374,15.56551 74.13765,15.56513 74.13779,15.56506 74.13825,15.5649 74.13845,15.56484 74.1387,15.56481 74.13904,15.56482 74.13929,15.56487 74.13952,15.56486 74.13967,15.56494 74.13977,15.56493 74.14011,15.56501 74.14021,15.56499 74.14031,15.56501 74.14042,15.56501 74.14063,15.56493 74.14078,15.56484 74.1408,15.56481 74.1411,15.56426 74.14126,15.56385 74.14121,15.56333 74.14119,15.56266 74.14114,15.56202 74.14138,15.56156 74.14154,15.56139 74.14177,15.5613 74.14222,15.56154 74.14257,15.56192 74.1429,15.56216 74.14326,15.56231 74.14343,15.56225 74.14362,15.56214 74.14386,15.56203 74.14415,15.56203 74.14448,15.56198 74.1446,15.56184 74.14461,15.56172 74.14449,15.5614 74.14438,15.56111 74.14415,15.56076 74.14409,15.56041 74.14407,15.55931 74.14364,15.55858 74.14311,15.55805 74.14272,15.55784 74.14234,15.55766 74.14192,15.55742 74.1416,15.55713 74.14139,15.5569 74.14087,15.5564 74.14036,15.55615 74.13953,15.55579 74.13888,15.55529 74.13844,15.55456 74.13801,15.55374 74.13739,15.55287 74.13713,15.55205 74.13656,15.55062 74.13591,15.54975 74.13549,15.54929 74.13538,15.549 74.13536,15.54879 74.13533,15.54859 74.13527,15.54837 74.13495,15.54809 74.13433,15.54772 74.13141,15.5465 74.13101,15.54633 74.13089,15.54628 74.13062,15.54612 74.13009,15.54595 74.12954,15.54677 74.12953,15.54683 74.12949,15.54691 74.12949,15.54715 74.12953,15.54739 74.12952,15.54765 74.12939,15.5477 74.12917,15.54795 74.12909,15.54808 74.12901,15.54839 74.12897,15.54841 74.12873,15.54881 74.1287,15.54882 74.12869,15.54882 74.12876,15.54919 74.12877,15.54941 74.12882,15.54962 74.12881,15.54982 74.12879,15.54988 74.12868,15.55057 74.12837,15.55085 74.12745,15.55144 74.12592,15.55258 74.12517,15.55326 74.12408,15.55388 74.12389,15.55399 74.12348,15.55419 74.12299,15.55445 74.12241,15.55485 74.12198,15.55521 74.12149,15.55581 74.12106,15.5565 74.12086,15.55661 74.1204,15.55695 74.12003,15.55734 74.11956,15.55783 74.11908,15.55878 74.11881,15.55948 74.11851,15.56035 74.11847,15.56057 74.11836,15.56114 74.11818,15.56164 74.11805,15.56207 74.11796,15.56237 74.11778,15.56283 74.11758,15.56303 74.11707,15.56339 74.11677,15.56367 74.11639,15.56401 74.11611,15.56446 74.1156,15.56517 74.1154,15.56539 74.11494,15.566 74.11472,15.56621 74.11432,15.56664 74.11401,15.56701 74.1139,15.56732 74.11366,15.56768 74.11331,15.56804 74.11276,15.56859 74.11242,15.56887 74.11158,15.56957 74.11129,15.56978 74.11114,15.56991 74.11114,15.56992 74.11085,15.57043 74.11065,15.57069 74.1104,15.57125 74.11024,15.57174 74.11015,15.57189 74.10992,15.57271 74.10961,15.57342 74.10944,15.57369 74.10897,15.57466 74.10861,15.57544 74.1085,15.57561 74.10822,15.57619 74.10811,15.57655 74.10809,15.57672 74.10815,15.57713 74.10832,15.57769 74.10835,15.57804 74.10853,15.57838 74.10876,15.57868 74.10912,15.57913 74.10928,15.57942 74.10943,15.57966 74.10955,15.57978 74.10993,15.57993 74.11022,15.58002 74.11086,15.58005 74.11118,15.58012 74.11177,15.58022 74.11233,15.58049 74.11284,15.58068 74.11314,15.58106 74.11354,15.58157 74.11391,15.58214 74.11413,15.58238 74.11462,15.58302 74.11487,15.58339 74.11519,15.58375 74.11545,15.58356 74.11574,15.58336 74.11641,15.58267 74.11707,15.58204 74.11739,15.58167 74.118,15.58085 74.11822,15.58058 74.11848,15.58032 74.11913,15.57978 74.12011,15.57924 74.12139,15.57874 74.1227,15.57806 74.12367,15.57757 74.12409,15.57713 74.1291,15.57463 74.13249,15.57288 74.13742,15.57036 74.13777,15.57019 74.13766,15.57015 74.13764,15.57013 74.13731,15.56994</coordinates></LinearRing></outerBoundaryIs></Polygon></MultiGeometry>
  </Placemark>
  <Placemark id="WG_ESA_2024_GA.19">
	<name>Conquirem</name>
	<Style><LineStyle><color>ff0000ff</color></LineStyle><PolyStyle><fill>0</fill></PolyStyle></Style>
	<ExtendedData><SchemaData schemaUrl="#WG_ESA_2024_GA">
		<SimpleData name="esa_category">whole_village</SimpleData>
		<SimpleData name="area_km2">8.917</SimpleData>
	</SchemaData></ExtendedData>
      <MultiGeometry><Polygon><outerBoundaryIs><LinearRing><coordinates>74.10718,15.47114 74.10776,15.47133 74.1083,15.47133 74.109,15.47121 74.10982,15.47062 74.1099,15.4695 74.10989,15.46905 74.10991,15.46861 74.11001,15.46812 74.1101,15.46779 74.1102,15.46761 74.11059,15.46728 74.11154,15.46718 74.11219,15.46757 74.11247,15.46791 74.11257,15.46821 74.11247,15.46874 74.11229,15.46948 74.11217,15.47009 74.11222,15.47048 74.11241,15.47065 74.11288,15.47094 74.11337,15.47111 74.1139,15.47125 74.11436,15.47134 74.11459,15.47114 74.1147,15.47088 74.11471,15.47054 74.11474,15.47018 74.11487,15.46976 74.11508,15.46957 74.11584,15.46925 74.11684,15.46902 74.11719,15.46872 74.11769,15.46839 74.11823,15.46807 74.11877,15.46766 74.11925,15.46738 74.11953,15.46712 74.11981,15.46677 74.12008,15.46633 74.12021,15.46604 74.12036,15.46566 74.12045,15.46532 74.12047,15.46512 74.12045,15.46499 74.12044,15.46486 74.12038,15.46474 74.11986,15.46446 74.11933,15.4644 74.11897,15.46442 74.11833,15.46448 74.11763,15.46456 74.11703,15.4646 74.11651,15.46462 74.11597,15.46465 74.11533,15.46467 74.11506,15.46465 74.11482,15.46423 74.11491,15.46389 74.11493,15.46361 74.11531,15.46299 74.11549,15.46268 74.11583,15.46209 74.11583,15.46174 74.11587,15.46127 74.11594,15.46087 74.11602,15.46041 74.11619,15.46005 74.1164,15.45954 74.1166,15.45924 74.11694,15.45891 74.11719,15.45872 74.11802,15.45853 74.11841,15.45844 74.11845,15.45837 74.11897,15.45792 74.11923,15.45751 74.11935,15.45694 74.11947,15.45575 74.1195,15.45513 74.1196,15.45454 74.11964,15.45439 74.11974,15.45425 74.1199,15.45415 74.11996,15.45411 74.12003,15.45398 74.12013,15.4539 74.12023,15.45385 74.12063,15.45373 74.12176,15.45258 74.12219,15.45199 74.12253,15.45141 74.12296,15.45108 74.12293,15.45053 74.12311,15.45038 74.12312,15.44933 74.12304,15.4485 74.123,15.44801 74.12293,15.44733 74.12292,15.447 74.12291,15.44672 74.12268,15.44536 74.12256,15.44457 74.12242,15.44384 74.12235,15.44349 74.12174,15.44288 74.12158,15.44258 74.12208,15.44167 74.1221,15.4409 74.12228,15.44047 74.12291,15.43962 74.12327,15.43921 74.12343,15.43893 74.12382,15.43865 74.12417,15.4378 74.1241,15.4378 74.12383,15.43731 74.12339,15.43687 74.1229,15.43637 74.12202,15.43578 74.12032,15.43434 74.11944,15.43284 74.11907,15.43298 74.11862,15.43315 74.11345,15.43514 74.11315,15.43525 74.1111,15.43604 74.10734,15.4388 74.1053,15.43999 74.10436,15.44054 74.10387,15.44083 74.10288,15.44227 74.10026,15.44606 74.09875,15.45027 74.0986,15.45099 74.09785,15.45433 74.09755,15.45752 74.09617,15.46088 74.09473,15.46439 74.09443,15.46514 74.09345,15.46753 74.09333,15.46783 74.09308,15.46863 74.09471,15.46906 74.09504,15.46908 74.09635,15.46914 74.0971,15.46943 74.09783,15.46997 74.09965,15.47166 74.09999,15.47193 74.10033,15.47219 74.10184,15.47366 74.10306,15.47442 74.10382,15.47475 74.10438,15.47477 74.10506,15.47498 74.10596,15.47493 74.10656,15.47447 74.10686,15.47409 74.10697,15.47363 74.1069,15.47301 74.10677,15.47255 74.10661,15.47191 74.10657,15.47142 74.10666,15.47121 74.10718,15.47114</coordinates></LinearRing></outerBoundaryIs></Polygon></MultiGeometry>
  </Placemark>
  <Placemark id="WG_ESA_2024_GA.20">
	<name>Cotorem</name>
	<Style><LineStyle><color>ff0000ff</color></LineStyle><PolyStyle><fill>0</fill></PolyStyle></Style>
	<ExtendedData><SchemaData schemaUrl="#WG_ESA_2024_GA">
		<SimpleData name="esa_category">whole_village</SimpleData>
		<SimpleData name="area_km2">5.261</SimpleData>
	</SchemaData></ExtendedData>
      <MultiGeometry><Polygon><outerBoundaryIs><LinearRing><coordinates>74.14871,15.49335 74.14877,15.4933 74.14881,15.49327 74.14882,15.49327 74.14903,15.49309 74.14912,15.49304 74.14928,15.49291 74.14973,15.4925 74.14982,15.49243 74.15002,15.4923 74.1501,15.49226 74.1502,15.49222 74.15046,15.49216 74.15074,15.49207 74.15083,15.49201 74.15096,15.49186 74.15101,15.49182 74.15108,15.49178 74.15128,15.49169 74.15145,15.49164 74.15154,15.49164 74.15168,15.49166 74.15179,15.4917 74.15186,15.49175 74.15193,15.49184 74.15198,15.49192 74.15232,15.49183 74.15275,15.49163 74.15296,15.49146 74.15338,15.49104 74.15387,15.49056 74.15437,15.49023 74.15487,15.48983 74.15512,15.48963 74.15558,15.48929 74.15575,15.48902 74.15595,15.48844 74.15607,15.48808 74.15652,15.48756 74.15696,15.48689 74.15748,15.48613 74.15823,15.48484 74.15879,15.48406 74.1592,15.48358 74.15995,15.48273 74.16052,15.48231 74.16101,15.48195 74.16167,15.48115 74.16206,15.48062 74.16207,15.4803 74.162,15.47962 74.16195,15.47893 74.16182,15.47874 74.16141,15.47825 74.16105,15.47801 74.16065,15.47791 74.16027,15.47791 74.15954,15.47802 74.15902,15.47779 74.15829,15.47722 74.15725,15.47648 74.15649,15.47565 74.15541,15.47465 74.15451,15.47391 74.15398,15.47373 74.15329,15.47353 74.1525,15.47337 74.1514,15.47333 74.15085,15.47343 74.14969,15.47371 74.14874,15.47382 74.14808,15.47373 74.14769,15.47356 74.14691,15.47303 74.14584,15.47254 74.1439,15.47172 74.1421,15.47115 74.14137,15.47107 74.14007,15.4713 74.1381,15.47184 74.13778,15.4717 74.13706,15.47131 74.13634,15.47105 74.13524,15.47104 74.13455,15.47107 74.13401,15.47097 74.13374,15.47309 74.1339,15.47334 74.13425,15.47371 74.13463,15.47432 74.1353,15.47571 74.13546,15.47644 74.13542,15.47693 74.13504,15.47785 74.13481,15.47846 74.13465,15.47941 74.13426,15.48083 74.13348,15.48254 74.13354,15.48341 74.13336,15.4844 74.13386,15.4846 74.13471,15.4851 74.13569,15.48522 74.13659,15.48507 74.1372,15.48502 74.13769,15.48519 74.13811,15.48559 74.13857,15.48637 74.13886,15.487 74.13894,15.48779 74.13904,15.48993 74.1392,15.49119 74.13942,15.49336 74.13975,15.49319 74.1403,15.49315 74.14074,15.49331 74.14115,15.49363 74.14172,15.49413 74.14222,15.49464 74.14257,15.49492 74.14311,15.49533 74.14362,15.49565 74.14409,15.49577 74.14442,15.4958 74.14484,15.49576 74.14491,15.49576 74.14498,15.49574 74.14508,15.49567 74.14519,15.4956 74.1453,15.49553 74.14563,15.49536 74.14576,15.49527 74.1458,15.49522 74.14585,15.49518 74.14593,15.4951 74.14603,15.49494 74.14607,15.49484 74.1461,15.49478 74.14616,15.49472 74.14636,15.49461 74.14662,15.49449 74.14676,15.49441 74.14713,15.49423 74.14723,15.49419 74.14761,15.49396 74.14801,15.49368 74.14817,15.4936 74.14826,15.49356 74.14837,15.49351 74.14853,15.49343 74.14871,15.49335</coordinates></LinearRing></outerBoundaryIs></Polygon></MultiGeometry>
  </Placemark>
  <Placemark id="WG_ESA_2024_GA.21">
	<name>Cudcem</name>
	<Style><LineStyle><color>ff0000ff</color></LineStyle><PolyStyle><fill>0</fill></PolyStyle></Style>
	<ExtendedData><SchemaData schemaUrl="#WG_ESA_2024_GA">
		<SimpleData name="esa_category">bifurcated_village</SimpleData>
		<SimpleData name="area_km2">1.984</SimpleData>
	</SchemaData></ExtendedData>
      <MultiGeometry><Polygon><outerBoundaryIs><LinearRing><coordinates>74.15741,15.53181 74.15922,15.53413 74.15967,15.53674 74.16163,15.53631 74.16389,15.53645 74.16569,15.53703 74.16873,15.54145 74.16866,15.54087 74.16867,15.54011 74.16879,15.53963 74.16902,15.53935 74.16901,15.5389 74.16901,15.53842 74.16906,15.53791 74.16884,15.53756 74.16844,15.53707 74.16824,15.53675 74.16776,15.53575 74.16698,15.53381 74.16686,15.53326 74.167,15.53285 74.1674,15.53205 74.16757,15.53124 74.16775,15.53033 74.16802,15.52948 74.1681,15.52859 74.16843,15.52731 74.16853,15.52651 74.16854,15.52587 74.16865,15.52509 74.16846,15.52449 74.16814,15.52401 74.16765,15.52385 74.16662,15.52393 74.16556,15.52417 74.16472,15.52431 74.16425,15.5243 74.16392,15.52423 74.16341,15.52407 74.16296,15.52398 74.16234,15.52381 74.16189,15.52354 74.16176,15.52331 74.16154,15.52287 74.16146,15.52242 74.16147,15.5219 74.16151,15.52114 74.16173,15.51997 74.16181,15.51948 74.16182,15.5189 74.16164,15.51823 74.16112,15.51754 74.16101,15.51764 74.16011,15.51796 74.15892,15.51833 74.15817,15.51863 74.15726,15.51916 74.15649,15.51952 74.15614,15.51973 74.15605,15.52025 74.15599,15.52067 74.15597,15.52099 74.15598,15.52143 74.15605,15.5219 74.15584,15.52241 74.15578,15.52269 74.15578,15.52308 74.15583,15.52337 74.15603,15.52372 74.15635,15.52418 74.1565,15.52454 74.15664,15.52491 74.15672,15.52535 74.15687,15.52584 74.15703,15.52651 74.15718,15.52733 74.15717,15.52775 74.15701,15.52803 74.15672,15.52831 74.15623,15.52855 74.15582,15.52863 74.15563,15.5287 74.1554,15.52883 74.15508,15.52891 74.15741,15.53181</coordinates></LinearRing></outerBoundaryIs></Polygon></MultiGeometry>
  </Placemark>
  <Placemark id="WG_ESA_2024_GA.22">
	<name>Cumarconda</name>
	<Style><LineStyle><color>ff0000ff</color></LineStyle><PolyStyle><fill>0</fill></PolyStyle></Style>
	<ExtendedData><SchemaData schemaUrl="#WG_ESA_2024_GA">
		<SimpleData name="esa_category">whole_village</SimpleData>
		<SimpleData name="area_km2">5.525</SimpleData>
	</SchemaData></ExtendedData>
      <MultiGeometry><Polygon><outerBoundaryIs><LinearRing><coordinates>74.10299,15.53654 74.10292,15.53586 74.10286,15.53535 74.10295,15.53517 74.10356,15.53445 74.10429,15.53366 74.10471,15.53366 74.10505,15.53355 74.10546,15.53316 74.10615,15.53211 74.10658,15.53148 74.10685,15.53108 74.10687,15.53079 74.10686,15.52962 74.10685,15.52846 74.10689,15.52736 74.10709,15.52631 74.10603,15.52575 74.10527,15.52494 74.10452,15.52403 74.1032,15.52292 74.10254,15.5223 74.10207,15.52192 74.10182,15.52172 74.10081,15.52083 74.09996,15.52022 74.09947,15.51975 74.09862,15.51894 74.09774,15.51807 74.09744,15.51786 74.09696,15.5175 74.09605,15.51698 74.09584,15.51677 74.09508,15.51619 74.0945,15.51584 74.09445,15.51624 74.09436,15.51667 74.0941,15.51696 74.09353,15.51733 74.09326,15.51751 74.09287,15.5175 74.09225,15.51722 74.09193,15.51697 74.09149,15.51657 74.09084,15.516 74.09007,15.51526 74.08967,15.51487 74.08918,15.51456 74.08878,15.51478 74.08828,15.51514 74.08791,15.51554 74.08746,15.51584 74.08685,15.51617 74.08662,15.51641 74.08636,15.51659 74.08599,15.51685 74.0854,15.51734 74.08489,15.51754 74.08444,15.51786 74.08393,15.51847 74.0834,15.51968 74.08285,15.52067 74.0824,15.52164 74.08196,15.52261 74.08162,15.52341 74.0816,15.52376 74.08162,15.52472 74.08158,15.5258 74.08151,15.52688 74.08147,15.52788 74.08155,15.52868 74.08161,15.52917 74.08157,15.53033 74.08138,15.53134 74.08122,15.53206 74.08123,15.53227 74.08137,15.53266 74.08171,15.53333 74.08218,15.53404 74.0824,15.53441 74.08241,15.53442 74.08373,15.53522 74.08538,15.53623 74.08593,15.53669 74.08621,15.53678 74.08841,15.53675 74.08955,15.53679 74.09075,15.53686 74.09193,15.53779 74.09306,15.53864 74.09454,15.53993 74.09595,15.54096 74.09733,15.54191 74.09789,15.54243 74.0984,15.5429 74.09922,15.54373 74.09947,15.5441 74.09947,15.54409 74.09983,15.54346 74.10034,15.54275 74.10057,15.54259 74.10093,15.54218 74.10127,15.54167 74.10159,15.54091 74.10157,15.54012 74.10152,15.5396 74.10154,15.53896 74.10185,15.53818 74.10214,15.53777 74.1023,15.53745 74.10269,15.53697 74.10299,15.53654</coordinates></LinearRing></outerBoundaryIs></Polygon></MultiGeometry>
  </Placemark>
  <Placemark id="WG_ESA_2024_GA.23">
	<name>Dabem</name>
	<Style><LineStyle><color>ff0000ff</color></LineStyle><PolyStyle><fill>0</fill></PolyStyle></Style>
	<ExtendedData><SchemaData schemaUrl="#WG_ESA_2024_GA">
		<SimpleData name="esa_category">bifurcated_village</SimpleData>
		<SimpleData name="area_km2">3.39</SimpleData>
	</SchemaData></ExtendedData>
      <MultiGeometry><Polygon><outerBoundaryIs><LinearRing><coordinates>74.10865,15.55361 74.10813,15.55346 74.10756,15.55341 74.10732,15.55348 74.10705,15.55347 74.10641,15.55338 74.10614,15.55339 74.1053,15.55354 74.10463,15.55368 74.1044,15.55371 74.10395,15.55355 74.10359,15.55343 74.10313,15.5531 74.10272,15.55286 74.1023,15.55279 74.10157,15.55265 74.10134,15.5526 74.1011,15.55255 74.10064,15.55242 74.10047,15.55232 74.09981,15.55192 74.0992,15.55152 74.09865,15.55123 74.09807,15.55098 74.09734,15.5508 74.09699,15.55064 74.09661,15.55049 74.09622,15.55034 74.09512,15.54988 74.09511,15.54988 74.0947,15.55058 74.09448,15.55111 74.09438,15.55139 74.09393,15.55187 74.09354,15.55227 74.09248,15.55321 74.09181,15.55369 74.0913,15.5539 74.09191,15.55425 74.09282,15.55466 74.09325,15.5549 74.09356,15.55515 74.09385,15.55581 74.09386,15.55653 74.09409,15.55693 74.09432,15.55731 74.0943,15.55756 74.09401,15.55792 74.09396,15.55798 74.09472,15.55854 74.09524,15.55906 74.09556,15.55938 74.09693,15.56043 74.09816,15.56107 74.09858,15.56154 74.09917,15.56249 74.09984,15.56306 74.10152,15.56397 74.10243,15.56472 74.10306,15.56519 74.10366,15.56543 74.10426,15.5657 74.1052,15.56657 74.10598,15.56813 74.1064,15.56857 74.10762,15.56877 74.10927,15.56934 74.11114,15.56992 74.11114,15.56991 74.11129,15.56978 74.11158,15.56957 74.11242,15.56887 74.11276,15.56859 74.11331,15.56804 74.11366,15.56768 74.1139,15.56732 74.11401,15.56701 74.11432,15.56664 74.11472,15.56621 74.11494,15.566 74.1154,15.56539 74.1156,15.56517 74.11611,15.56446 74.11639,15.56401 74.11677,15.56367 74.11707,15.56339 74.11758,15.56303 74.11778,15.56283 74.11796,15.56237 74.11805,15.56207 74.11818,15.56164 74.11836,15.56114 74.11847,15.56057 74.11851,15.56035 74.11881,15.55948 74.11908,15.55878 74.11956,15.55783 74.11926,15.55769 74.11813,15.55695 74.11769,15.5566 74.11759,15.55652 74.11704,15.55618 74.1167,15.55606 74.11642,15.55594 74.11578,15.55584 74.11551,15.55579 74.11531,15.55577 74.11494,15.55564 74.11443,15.5555 74.1142,15.55539 74.11386,15.55528 74.11321,15.55514 74.11294,15.5551 74.11272,15.555 74.11206,15.55489 74.11124,15.55481 74.11092,15.55471 74.11075,15.55464 74.11047,15.55448 74.10977,15.5541 74.10951,15.55393 74.10906,15.55376 74.10865,15.55361</coordinates></LinearRing></outerBoundaryIs></Polygon></MultiGeometry>
  </Placemark>
  <Placemark id="WG_ESA_2024_GA.24">
	<name>Davem</name>
	<Style><LineStyle><color>ff0000ff</color></LineStyle><PolyStyle><fill>0</fill></PolyStyle></Style>
	<ExtendedData><SchemaData schemaUrl="#WG_ESA_2024_GA">
		<SimpleData name="esa_category">whole_village</SimpleData>
		<SimpleData name="area_km2">5.96</SimpleData>
	</SchemaData></ExtendedData>
      <MultiGeometry><Polygon><outerBoundaryIs><LinearRing><coordinates>74.19375,15.55278 74.19246,15.55254 74.19193,15.55238 74.19158,15.5521 74.19057,15.55096 74.18947,15.55006 74.18807,15.54907 74.18766,15.54872 74.18717,15.54852 74.18665,15.548 74.18607,15.54773 74.1848,15.5476 74.18328,15.5471 74.1826,15.54666 74.18166,15.54611 74.18022,15.54469 74.17961,15.54406 74.17974,15.54323 74.18006,15.54168 74.17994,15.54065 74.17921,15.53916 74.17939,15.53817 74.17984,15.53603 74.18025,15.5345 74.18046,15.53365 74.18044,15.53365 74.18007,15.53349 74.17913,15.53291 74.17852,15.53286 74.17788,15.53283 74.17735,15.53268 74.17683,15.53241 74.17608,15.53229 74.1751,15.53214 74.1745,15.53234 74.17349,15.53263 74.17278,15.53269 74.17226,15.53257 74.17149,15.5324 74.17046,15.53246 74.16975,15.5326 74.16879,15.53265 74.1674,15.53205 74.167,15.53285 74.16686,15.53326 74.16698,15.53381 74.16776,15.53575 74.16824,15.53675 74.16844,15.53707 74.16884,15.53756 74.16906,15.53791 74.16901,15.53842 74.16901,15.5389 74.16902,15.53935 74.16879,15.53963 74.16867,15.54011 74.16866,15.54087 74.16873,15.54145 74.16884,15.54215 74.16864,15.54296 74.16836,15.54499 74.16806,15.54669 74.16775,15.54819 74.16749,15.54919 74.16767,15.54974 74.16817,15.55043 74.16864,15.55114 74.16894,15.55163 74.16892,15.55181 74.16736,15.55344 74.16717,15.55364 74.16727,15.55413 74.16758,15.55561 74.1677,15.55621 74.16789,15.55702 74.16796,15.5587 74.16802,15.55922 74.16851,15.55995 74.17018,15.56236 74.17058,15.56302 74.17064,15.56312 74.17096,15.56292 74.17159,15.5625 74.17176,15.56238 74.17221,15.56229 74.17292,15.56218 74.17334,15.56219 74.17368,15.56224 74.17443,15.56119 74.17491,15.56106 74.1761,15.56108 74.17709,15.56146 74.17816,15.56208 74.18,15.5628 74.1809,15.56296 74.18092,15.56296 74.182,15.56298 74.18276,15.56296 74.18313,15.56305 74.18337,15.56323 74.18458,15.5643 74.18496,15.56382 74.1859,15.56299 74.18672,15.56221 74.18822,15.56011 74.18934,15.56041 74.18964,15.56028 74.19017,15.55995 74.19056,15.55967 74.19058,15.55953 74.19049,15.559 74.19043,15.55827 74.19059,15.55776 74.19102,15.55734 74.19191,15.55626 74.19262,15.55551 74.19317,15.5548 74.19379,15.55403 74.19423,15.55303 74.19375,15.55278</coordinates></LinearRing></outerBoundaryIs></Polygon></MultiGeometry>
  </Placemark>
  <Placemark id="WG_ESA_2024_GA.25">
	<name>Derodem</name>
	<Style><LineStyle><color>ff0000ff</color></LineStyle><PolyStyle><fill>0</fill></PolyStyle></Style>
	<ExtendedData><SchemaData schemaUrl="#WG_ESA_2024_GA">
		<SimpleData name="esa_category">whole_village</SimpleData>
		<SimpleData name="area_km2">12.972</SimpleData>
	</SchemaData></ExtendedData>
      <MultiGeometry><Polygon><outerBoundaryIs><LinearRing><coordinates>74.2619,15.61852 74.26251,15.61785 74.26262,15.61773 74.26307,15.61723 74.26416,15.61588 74.26425,15.61563 74.2643,15.61551 74.2642,15.61519 74.26405,15.61468 74.26382,15.61414 74.26341,15.61316 74.26302,15.61241 74.26285,15.61154 74.26249,15.61081 74.26223,15.60961 74.26202,15.60867 74.26196,15.60853 74.26191,15.60842 74.26133,15.60789 74.25999,15.60673 74.25999,15.60672 74.26005,15.60637 74.26007,15.60473 74.26041,15.6033 74.26052,15.60221 74.26055,15.60187 74.26069,15.60122 74.2608,15.60066 74.25971,15.59925 74.2577,15.59887 74.25698,15.59887 74.25603,15.59892 74.25559,15.59889 74.25534,15.59873 74.25493,15.59856 74.25458,15.59842 74.25422,15.59849 74.25369,15.59858 74.2533,15.5985 74.2527,15.59822 74.25238,15.59812 74.25207,15.59811 74.25185,15.59815 74.25152,15.59823 74.25121,15.59838 74.25082,15.5985 74.25005,15.59791 74.24942,15.59735 74.24905,15.59719 74.24859,15.59627 74.24741,15.5947 74.24557,15.59448 74.24415,15.59402 74.24318,15.59445 74.24167,15.59499 74.24017,15.59531 74.23933,15.59549 74.23906,15.59568 74.2387,15.59563 74.23862,15.59565 74.23808,15.59558 74.23792,15.59553 74.23765,15.59549 74.23744,15.59542 74.23725,15.59537 74.23706,15.59534 74.23673,15.59527 74.23612,15.5951 74.23547,15.59493 74.23537,15.59493 74.23512,15.59489 74.23469,15.5949 74.23458,15.59488 74.23437,15.59489 74.2341,15.59486 74.2339,15.59487 74.23385,15.59485 74.23368,15.59485 74.23349,15.5948 74.23337,15.59481 74.23329,15.59478 74.23283,15.59475 74.23249,15.59471 74.23222,15.59462 74.23202,15.59458 74.23111,15.59444 74.22982,15.5937 74.22884,15.59264 74.22655,15.59092 74.22594,15.59069 74.22483,15.59097 74.22336,15.59125 74.22231,15.5911 74.22148,15.59071 74.22039,15.58998 74.21899,15.58881 74.21825,15.58852 74.21756,15.58833 74.21657,15.58796 74.21569,15.58892 74.21516,15.58943 74.21461,15.58946 74.21428,15.58968 74.21399,15.59061 74.21375,15.59167 74.21398,15.59309 74.21449,15.59425 74.21502,15.59543 74.21571,15.59717 74.21563,15.59752 74.21535,15.59783 74.21446,15.59981 74.21419,15.60098 74.21429,15.60156 74.21435,15.60216 74.21466,15.60318 74.21526,15.60421 74.21561,15.6051 74.2156,15.60585 74.21583,15.60788 74.21567,15.609 74.21527,15.61004 74.21735,15.61089 74.22002,15.61143 74.22265,15.613 74.22534,15.61297 74.2263,15.61314 74.22726,15.61346 74.22804,15.61341 74.22906,15.6136 74.23049,15.6143 74.23199,15.61525 74.23463,15.61751 74.23525,15.618 74.23785,15.61879 74.24301,15.62059 74.24496,15.62146 74.24826,15.6229 74.25038,15.62446 74.25215,15.62577 74.2524,15.62592 74.25251,15.626 74.25364,15.62673 74.25371,15.62674 74.25372,15.62674 74.25393,15.62656 74.25433,15.62621 74.25452,15.62605 74.2546,15.62598 74.25473,15.62581 74.25496,15.62569 74.25496,15.62568 74.25629,15.62497 74.25655,15.62483 74.25736,15.62426 74.25848,15.6234 74.25852,15.62331 74.25884,15.62264 74.25884,15.62223 74.25884,15.62181 74.25884,15.62135 74.25862,15.62094 74.2586,15.62083 74.25859,15.62078 74.25925,15.62046 74.2594,15.62038 74.26046,15.61986 74.26105,15.61942 74.26121,15.6193 74.2619,15.61852</coordinates></LinearRing></outerBoundaryIs></Polygon></MultiGeometry>
  </Placemark>
  <Placemark id="WG_ESA_2024_GA.26">
	<name>Dongurli</name>
	<Style><LineStyle><color>ff0000ff</color></LineStyle><PolyStyle><fill>0</fill></PolyStyle></Style>
	<ExtendedData><SchemaData schemaUrl="#WG_ESA_2024_GA">
		<SimpleData name="esa_category">whole_village</SimpleData>
		<SimpleData name="area_km2">9.803</SimpleData>
	</SchemaData></ExtendedData>
      <MultiGeometry><Polygon><outerBoundaryIs><LinearRing><coordinates>74.12389,15.61704 74.12408,15.61713 74.12739,15.61615 74.12799,15.61611 74.13,15.61636 74.13253,15.61696 74.1334,15.61684 74.13606,15.61662 74.13694,15.61699 74.13808,15.61788 74.13853,15.61832 74.13915,15.61875 74.14084,15.61959 74.14234,15.62047 74.1448,15.62216 74.14547,15.62171 74.14623,15.62092 74.15015,15.62147 74.15166,15.62037 74.1518,15.62005 74.15193,15.61973 74.15426,15.62043 74.15728,15.6195 74.15766,15.61928 74.15777,15.61899 74.15792,15.6181 74.15795,15.61802 74.15795,15.61795 74.15797,15.61793 74.15808,15.61722 74.15807,15.61703 74.15802,15.61628 74.15798,15.61614 74.15798,15.61605 74.15796,15.61595 74.15798,15.61586 74.15798,15.61571 74.15801,15.61539 74.15815,15.6148 74.15817,15.61464 74.15818,15.61439 74.15814,15.61406 74.15802,15.61362 74.15797,15.61319 74.15789,15.61285 74.15782,15.61274 74.15773,15.61263 74.15766,15.6126 74.15749,15.61261 74.15743,15.61265 74.15738,15.61263 74.15731,15.61264 74.15722,15.61261 74.15668,15.61269 74.15633,15.61271 74.15698,15.61185 74.1574,15.61164 74.15867,15.61158 74.16024,15.61089 74.16062,15.61058 74.16111,15.60999 74.16176,15.61027 74.16334,15.61059 74.16432,15.61037 74.16576,15.60961 74.167,15.60893 74.16799,15.60828 74.16923,15.60764 74.16898,15.60722 74.16868,15.60661 74.16827,15.60613 74.16761,15.60584 74.16692,15.6056 74.16519,15.60478 74.16544,15.60406 74.16576,15.60322 74.16577,15.60263 74.16467,15.60249 74.16394,15.60226 74.16255,15.60178 74.1618,15.60167 74.16052,15.60187 74.15971,15.60215 74.15906,15.60222 74.15879,15.60118 74.15871,15.59902 74.15857,15.59768 74.15861,15.59711 74.15855,15.5965 74.15833,15.59611 74.15771,15.59578 74.157,15.59516 74.15681,15.59474 74.15662,15.59439 74.1559,15.59414 74.15455,15.59436 74.15414,15.59439 74.15258,15.59343 74.15157,15.5928 74.1489,15.59131 74.14777,15.5905 74.14728,15.59044 74.1424,15.59095 74.13956,15.59095 74.13962,15.59133 74.13962,15.59144 74.13956,15.5921 74.1395,15.59217 74.1395,15.5924 74.13948,15.59253 74.13949,15.59284 74.13954,15.59291 74.13969,15.5932 74.13999,15.59354 74.14044,15.59427 74.14092,15.59487 74.14113,15.59529 74.14115,15.59538 74.14112,15.59585 74.14113,15.59608 74.14116,15.59634 74.14128,15.59662 74.14128,15.59669 74.14125,15.59676 74.14119,15.59712 74.14115,15.59727 74.14108,15.59786 74.14037,15.59842 74.13995,15.5987 74.13938,15.59897 74.1393,15.59904 74.13925,15.5991 74.13896,15.59921 74.13889,15.59926 74.13861,15.59951 74.13838,15.59978 74.13826,15.59989 74.13764,15.6001 74.13751,15.60017 74.13735,15.6003 74.13721,15.60045 74.13711,15.6006 74.13689,15.60102 74.13681,15.60109 74.13676,15.60115 74.13667,15.60124 74.13652,15.60133 74.1363,15.60144 74.13619,15.60145 74.13586,15.60156 74.13539,15.60177 74.13508,15.60204 74.13503,15.60211 74.13501,15.60223 74.13496,15.60228 74.13492,15.60238 74.1349,15.60247 74.13475,15.60289 74.13469,15.60324 74.13471,15.60345 74.13469,15.60361 74.13465,15.60375 74.13463,15.60392 74.13442,15.60472 74.13439,15.60511 74.13435,15.60518 74.13432,15.60527 74.13427,15.60535 74.13425,15.60561 74.13415,15.60583 74.13409,15.60589 74.13402,15.60593 74.13383,15.60602 74.1337,15.60612 74.13369,15.60621 74.13374,15.60641 74.13375,15.60665 74.13367,15.60685 74.13359,15.60701 74.13343,15.60718 74.13325,15.60727 74.13314,15.60728 74.13305,15.60733 74.13293,15.60748 74.13299,15.6075 74.13313,15.60767 74.13336,15.60779 74.13345,15.60787 74.13348,15.60792 74.13348,15.60805 74.13346,15.60821 74.13341,15.60828 74.1334,15.60833 74.1331,15.60867 74.13305,15.6087 74.13294,15.60878 74.13279,15.60885 74.13263,15.60886 74.13254,15.60881 74.13252,15.60877 74.1325,15.60842 74.13246,15.60834 74.13233,15.60826 74.13225,15.60826 74.13214,15.60827 74.13196,15.60834 74.1319,15.60833 74.13151,15.60841 74.1314,15.60841 74.13131,15.60843 74.13112,15.60843 74.13084,15.60834 74.13054,15.60819 74.13051,15.60816 74.13036,15.60806 74.13002,15.60795 74.12987,15.60795 74.12963,15.60798 74.12936,15.60803 74.12902,15.60807 74.12874,15.60807 74.12859,15.60801 74.12826,15.60796 74.12791,15.60783 74.12784,15.60778 74.12758,15.60772 74.12747,15.60764 74.1257,15.60669 74.12558,15.60658 74.12483,15.60617 74.12415,15.60581 74.12408,15.60575 74.12243,15.60597 74.12093,15.60639 74.11924,15.60667 74.11747,15.60731 74.11758,15.60743 74.11802,15.60787 74.1187,15.60855 74.11928,15.60928 74.11973,15.60981 74.11985,15.61009 74.1199,15.61036 74.11985,15.61103 74.11996,15.61171 74.1201,15.61248 74.12022,15.61313 74.12037,15.61367 74.12033,15.614 74.12016,15.61506 74.12002,15.61549 74.11965,15.61641 74.11917,15.61722 74.11853,15.61823 74.11888,15.61852 74.11918,15.61891 74.1194,15.61937 74.11949,15.61966 74.11935,15.62053 74.11931,15.62142 74.11949,15.6219 74.1197,15.62227 74.12039,15.62232 74.12163,15.6224 74.1222,15.62249 74.1222,15.62202 74.12224,15.62166 74.1224,15.62128 74.12266,15.61979 74.12272,15.61924 74.12296,15.61873 74.1232,15.61834 74.12371,15.6175 74.1238,15.61728 74.12389,15.61704</coordinates></LinearRing></outerBoundaryIs></Polygon></MultiGeometry>
  </Placemark>
  <Placemark id="WG_ESA_2024_GA.27">
	<name>Edorem</name>
	<Style><LineStyle><color>ff0000ff</color></LineStyle><PolyStyle><fill>0</fill></PolyStyle></Style>
	<ExtendedData><SchemaData schemaUrl="#WG_ESA_2024_GA">
		<SimpleData name="esa_category">whole_village</SimpleData>
		<SimpleData name="area_km2">1.454</SimpleData>
	</SchemaData></ExtendedData>
      <MultiGeometry><Polygon><outerBoundaryIs><LinearRing><coordinates>74.15101,15.5719 74.15092,15.5718 74.15079,15.57116 74.15038,15.56993 74.15042,15.56941 74.15076,15.56843 74.15077,15.56842 74.15102,15.56719 74.15137,15.56557 74.15151,15.56406 74.14913,15.56329 74.14687,15.56141 74.14407,15.55931 74.14409,15.56041 74.14415,15.56076 74.14438,15.56111 74.14449,15.5614 74.14461,15.56172 74.1446,15.56184 74.14448,15.56198 74.14415,15.56203 74.14386,15.56203 74.14362,15.56214 74.14343,15.56225 74.14326,15.56231 74.1429,15.56216 74.14257,15.56192 74.14222,15.56154 74.14177,15.5613 74.14154,15.56139 74.14138,15.56156 74.14114,15.56202 74.14119,15.56266 74.14121,15.56333 74.14126,15.56385 74.1411,15.56426 74.1408,15.56481 74.14078,15.56484 74.14063,15.56493 74.14042,15.56501 74.14031,15.56501 74.14021,15.56499 74.14011,15.56501 74.13977,15.56493 74.13967,15.56494 74.13952,15.56486 74.13929,15.56487 74.13904,15.56482 74.1387,15.56481 74.13845,15.56484 74.13825,15.5649 74.13779,15.56506 74.13765,15.56513 74.1374,15.56551 74.13732,15.56569 74.13728,15.56581 74.13723,15.56612 74.13718,15.5668 74.13707,15.56725 74.13705,15.56761 74.13709,15.5683 74.13708,15.56834 74.1369,15.56866 74.1368,15.56889 74.13675,15.56898 74.13675,15.5693 74.13677,15.56936 74.1368,15.56939 74.13686,15.56951 74.13697,15.56962 74.137,15.56969 74.13717,15.56983 74.13721,15.56991 74.13731,15.56994 74.13764,15.57013 74.13766,15.57015 74.13777,15.57019 74.13804,15.57031 74.13812,15.57031 74.13841,15.57027 74.13864,15.57025 74.13936,15.57012 74.13957,15.57006 74.13971,15.57003 74.13984,15.56998 74.13998,15.56998 74.14006,15.56989 74.14012,15.56987 74.14041,15.56984 74.14087,15.56975 74.14102,15.56976 74.14131,15.56984 74.1415,15.56993 74.14168,15.57006 74.14187,15.57026 74.14205,15.57057 74.14224,15.57124 74.1423,15.5713 74.14243,15.57139 74.14245,15.57151 74.14259,15.57164 74.14263,15.57178 74.14285,15.57225 74.14286,15.57226 74.1431,15.57251 74.14355,15.57295 74.14367,15.5731 74.14375,15.57314 74.14381,15.57321 74.14393,15.57325 74.14399,15.5733 74.14421,15.57335 74.14449,15.57334 74.14474,15.57322 74.14522,15.5731 74.14533,15.57306 74.14557,15.57304 74.14576,15.57305 74.1461,15.57303 74.14652,15.57314 74.1467,15.57326 74.147,15.57334 74.1474,15.57327 74.14758,15.5732 74.14801,15.57307 74.1491,15.57275 74.15024,15.57237 74.15074,15.57202 74.15102,15.57191 74.15101,15.5719</coordinates></LinearRing></outerBoundaryIs></Polygon></MultiGeometry>
  </Placemark>
  <Placemark id="WG_ESA_2024_GA.28">
	<name>Golauli</name>
	<Style><LineStyle><color>ff0000ff</color></LineStyle><PolyStyle><fill>0</fill></PolyStyle></Style>
	<ExtendedData><SchemaData schemaUrl="#WG_ESA_2024_GA">
		<SimpleData name="esa_category">whole_village</SimpleData>
		<SimpleData name="area_km2">6.34</SimpleData>
	</SchemaData></ExtendedData>
      <MultiGeometry><Polygon><outerBoundaryIs><LinearRing><coordinates>74.1681,15.65545 74.16935,15.65568 74.1708,15.6558 74.17218,15.65592 74.17339,15.65595 74.17423,15.65556 74.17507,15.65489 74.17572,15.65407 74.1766,15.65336 74.17722,15.65265 74.17818,15.65206 74.17935,15.65146 74.17987,15.65128 74.18064,15.65071 74.1812,15.64887 74.18146,15.648 74.18198,15.64636 74.1822,15.64557 74.18252,15.64482 74.18294,15.64408 74.18343,15.64338 74.18384,15.64236 74.18386,15.64188 74.18429,15.64111 74.1844,15.64077 74.18473,15.64027 74.18493,15.63905 74.18506,15.63807 74.18505,15.63753 74.18489,15.63713 74.18416,15.63688 74.18351,15.63663 74.18314,15.6366 74.18251,15.63661 74.18186,15.63679 74.18122,15.63706 74.18055,15.63737 74.17988,15.63753 74.17874,15.63757 74.17802,15.63765 74.17765,15.6378 74.17708,15.63824 74.17645,15.63819 74.17604,15.63826 74.17565,15.6382 74.17528,15.63817 74.17492,15.63809 74.17471,15.63808 74.17437,15.63801 74.17413,15.63799 74.17354,15.63759 74.17288,15.63709 74.17228,15.63667 74.17112,15.6363 74.16995,15.63603 74.1691,15.63581 74.16904,15.63502 74.16885,15.6344 74.16871,15.63399 74.16855,15.63359 74.16837,15.63337 74.16789,15.63295 74.16754,15.63263 74.167,15.63219 74.16604,15.63156 74.16556,15.63093 74.16524,15.6305 74.16455,15.62998 74.16367,15.62957 74.16328,15.62896 74.1631,15.62823 74.16301,15.62793 74.16239,15.6271 74.1615,15.62516 74.15766,15.61928 74.15728,15.6195 74.15426,15.62043 74.15193,15.61973 74.1518,15.62005 74.15595,15.62614 74.15628,15.62712 74.15657,15.62752 74.1571,15.628 74.15746,15.62864 74.15785,15.62994 74.15811,15.63119 74.15843,15.6315 74.15878,15.63204 74.1588,15.6324 74.15887,15.63316 74.1587,15.63448 74.15882,15.63527 74.15924,15.63576 74.15962,15.63632 74.15966,15.63679 74.15972,15.63695 74.15983,15.6371 74.1601,15.63725 74.16058,15.63735 74.16204,15.63765 74.16218,15.63792 74.16249,15.63854 74.16254,15.639 74.16221,15.63949 74.16173,15.63993 74.16068,15.64073 74.16019,15.64177 74.15981,15.643 74.15934,15.64394 74.15867,15.64471 74.15782,15.64566 74.15683,15.64706 74.15621,15.64769 74.15435,15.6499 74.1548,15.65041 74.15505,15.6507 74.15506,15.6507 74.15506,15.65071 74.15546,15.65144 74.1557,15.65186 74.15621,15.65277 74.15654,15.65335 74.15747,15.65467 74.16012,15.65428 74.16063,15.6542 74.1631,15.65366 74.16442,15.6535 74.16497,15.65391 74.16558,15.65437 74.16559,15.65438 74.16556,15.6545 74.16518,15.65626 74.16786,15.65552 74.1681,15.65545</coordinates></LinearRing></outerBoundaryIs></Polygon></MultiGeometry>
  </Placemark>
  <Placemark id="WG_ESA_2024_GA.29">
	<name>Govanem</name>
	<Style><LineStyle><color>ff0000ff</color></LineStyle><PolyStyle><fill>0</fill></PolyStyle></Style>
	<ExtendedData><SchemaData schemaUrl="#WG_ESA_2024_GA">
		<SimpleData name="esa_category">whole_village</SimpleData>
		<SimpleData name="area_km2">4.316</SimpleData>
	</SchemaData></ExtendedData>
      <MultiGeometry><Polygon><outerBoundaryIs><LinearRing><coordinates>74.18638,15.46843 74.18697,15.46869 74.18741,15.46893 74.1879,15.4691 74.18851,15.46918 74.18925,15.46914 74.18985,15.46903 74.1903,15.46894 74.19109,15.46899 74.19158,15.46908 74.19201,15.46907 74.19227,15.46903 74.19249,15.46892 74.19323,15.4684 74.19348,15.46822 74.19392,15.46805 74.19456,15.46787 74.19532,15.46774 74.19554,15.46769 74.19572,15.46765 74.19612,15.46768 74.19662,15.4678 74.19699,15.46792 74.19763,15.46792 74.19899,15.46782 74.19975,15.46792 74.2003,15.4679 74.20089,15.46778 74.20127,15.46763 74.20161,15.4675 74.20134,15.46737 74.20016,15.46701 74.19955,15.46659 74.19943,15.46651 74.19912,15.46568 74.19907,15.46555 74.19863,15.46497 74.19785,15.46423 74.19658,15.46369 74.19594,15.46344 74.19526,15.4627 74.19513,15.46256 74.19376,15.46037 74.19317,15.45901 74.19315,15.45894 74.19163,15.45714 74.19034,15.45625 74.18982,15.45581 74.1894,15.45546 74.18939,15.45538 74.18893,15.45518 74.18785,15.45471 74.18637,15.45367 74.18579,15.45352 74.18528,15.45346 74.18472,15.45361 74.18377,15.45431 74.18308,15.45462 74.18235,15.45472 74.18153,15.45472 74.18063,15.45454 74.17904,15.45443 74.17781,15.45459 74.17701,15.45464 74.17645,15.45472 74.17562,15.45528 74.17483,15.45561 74.17436,15.45595 74.17338,15.45724 74.17266,15.45814 74.17207,15.45915 74.17204,15.46003 74.17208,15.4612 74.17044,15.4616 74.16972,15.46178 74.16903,15.46246 74.16976,15.46359 74.17018,15.46415 74.17033,15.46453 74.17027,15.46559 74.17064,15.46653 74.17071,15.46707 74.1705,15.46788 74.17035,15.46821 74.16989,15.46878 74.16933,15.46935 74.1694,15.46996 74.16954,15.4703 74.16972,15.4705 74.17038,15.47089 74.17119,15.47117 74.17247,15.47153 74.17464,15.47219 74.17632,15.47261 74.17692,15.4729 74.17716,15.47298 74.17748,15.47258 74.17802,15.47201 74.17869,15.47154 74.17911,15.47128 74.17959,15.47107 74.18004,15.47092 74.18081,15.47086 74.18154,15.47072 74.1826,15.47046 74.18348,15.4701 74.18384,15.46992 74.18484,15.46922 74.18525,15.46886 74.18562,15.46863 74.18607,15.46844 74.18638,15.46843</coordinates></LinearRing></outerBoundaryIs></Polygon></MultiGeometry>
  </Placemark>
  <Placemark id="WG_ESA_2024_GA.30">
	<name>Gululem</name>
	<Style><LineStyle><color>ff0000ff</color></LineStyle><PolyStyle><fill>0</fill></PolyStyle></Style>
	<ExtendedData><SchemaData schemaUrl="#WG_ESA_2024_GA">
		<SimpleData name="esa_category">whole_village</SimpleData>
		<SimpleData name="area_km2">7.639</SimpleData>
	</SchemaData></ExtendedData>
      <MultiGeometry><Polygon><outerBoundaryIs><LinearRing><coordinates>74.10226,15.62293 74.10261,15.62256 74.1038,15.62194 74.10488,15.62171 74.10562,15.62152 74.10615,15.62174 74.10682,15.62236 74.10744,15.62231 74.10871,15.62173 74.10978,15.62127 74.1103,15.62105 74.11117,15.62032 74.11177,15.61982 74.11194,15.61974 74.11223,15.61972 74.11295,15.61964 74.11392,15.61963 74.11454,15.61964 74.11469,15.61958 74.11499,15.61895 74.11527,15.61836 74.11542,15.61829 74.11607,15.61831 74.11699,15.61832 74.11753,15.61824 74.11821,15.61825 74.11853,15.61823 74.11917,15.61722 74.11965,15.61641 74.12002,15.61549 74.12016,15.61506 74.12033,15.614 74.12037,15.61367 74.12022,15.61313 74.1201,15.61248 74.11996,15.61171 74.11985,15.61103 74.1199,15.61036 74.11985,15.61009 74.11973,15.60981 74.11928,15.60928 74.1187,15.60855 74.11802,15.60787 74.11758,15.60743 74.11747,15.60731 74.11691,15.60675 74.11628,15.60629 74.11502,15.6053 74.11414,15.60469 74.11365,15.60434 74.11344,15.60422 74.11254,15.60335 74.11175,15.60257 74.11112,15.60189 74.11099,15.60167 74.11057,15.6009 74.1101,15.60018 74.10971,15.5995 74.10924,15.59873 74.10904,15.59834 74.10903,15.59787 74.10922,15.5973 74.10929,15.5968 74.10941,15.59572 74.1094,15.59503 74.10747,15.59424 74.10723,15.5941 74.10698,15.59337 74.10667,15.59289 74.1061,15.59236 74.10552,15.59225 74.10474,15.5922 74.10423,15.59218 74.10379,15.59229 74.10283,15.59255 74.10219,15.5926 74.10098,15.59258 74.1005,15.59278 74.10007,15.59303 74.0996,15.59325 74.09858,15.59419 74.09803,15.59456 74.09696,15.59536 74.0968,15.59563 74.09651,15.59648 74.09577,15.5976 74.09466,15.59913 74.094,15.59978 74.09344,15.60068 74.09307,15.6013 74.09282,15.60191 74.09258,15.60246 74.0923,15.60337 74.09201,15.60398 74.0917,15.60429 74.09096,15.60483 74.08948,15.60579 74.08904,15.6061 74.08873,15.60632 74.08871,15.60671 74.08882,15.60771 74.08884,15.60785 74.08897,15.6085 74.08913,15.60948 74.08904,15.61039 74.08954,15.6109 74.09004,15.61144 74.09041,15.61181 74.09028,15.61208 74.09007,15.61258 74.08975,15.6133 74.08931,15.6139 74.08877,15.61477 74.08821,15.61576 74.08801,15.61609 74.08794,15.6162 74.0884,15.61645 74.08911,15.61674 74.08926,15.61711 74.08953,15.61788 74.08981,15.61826 74.09022,15.61846 74.09055,15.6182 74.09119,15.61779 74.09159,15.61756 74.09188,15.61753 74.09226,15.61747 74.09252,15.61742 74.09296,15.61745 74.09348,15.61759 74.09391,15.61775 74.0945,15.61812 74.09489,15.6185 74.09522,15.6189 74.0955,15.6194 74.09532,15.61976 74.09492,15.62019 74.09483,15.62044 74.09467,15.62081 74.09465,15.62141 74.09471,15.62168 74.09514,15.62235 74.09532,15.62258 74.09583,15.62296 74.09628,15.62316 74.0965,15.62329 74.09689,15.62371 74.09733,15.62422 74.09826,15.62414 74.099,15.62431 74.10041,15.62469 74.10097,15.62427 74.10226,15.62293</coordinates></LinearRing></outerBoundaryIs></Polygon></MultiGeometry>
  </Placemark>
  <Placemark id="WG_ESA_2024_GA.31">
	<name>Ivrem - Buzruco</name>
	<Style><LineStyle><color>ff0000ff</color></LineStyle><PolyStyle><fill>0</fill></PolyStyle></Style>
	<ExtendedData><SchemaData schemaUrl="#WG_ESA_2024_GA">
		<SimpleData name="esa_category">whole_village</SimpleData>
		<SimpleData name="area_km2">4.855</SimpleData>
	</SchemaData></ExtendedData>
      <MultiGeometry><Polygon><outerBoundaryIs><LinearRing><coordinates>74.14745,15.64973 74.14749,15.64877 74.14722,15.64754 74.14769,15.64682 74.14832,15.64613 74.14867,15.6456 74.1487,15.64501 74.14841,15.64443 74.14772,15.64345 74.14725,15.64257 74.14703,15.64218 74.14676,15.64144 74.14682,15.6408 74.14709,15.64014 74.14765,15.63918 74.14803,15.63797 74.1483,15.6369 74.14843,15.63635 74.14796,15.63504 74.14767,15.63437 74.14774,15.63375 74.14796,15.63318 74.14837,15.63181 74.14855,15.63048 74.14884,15.62921 74.14807,15.62865 74.14724,15.62802 74.14689,15.62747 74.14659,15.62685 74.14656,15.62664 74.14656,15.62638 74.14655,15.62612 74.14645,15.62587 74.1448,15.62216 74.14234,15.62047 74.14084,15.61959 74.13915,15.61875 74.13835,15.62021 74.13796,15.62039 74.13698,15.62056 74.13528,15.62172 74.13474,15.62254 74.13408,15.62346 74.13398,15.62403 74.1344,15.62472 74.13364,15.62561 74.13342,15.62615 74.13286,15.62761 74.13195,15.62896 74.13181,15.6296 74.1319,15.63078 74.13203,15.63114 74.13311,15.63241 74.13308,15.63252 74.13168,15.63455 74.13113,15.63586 74.13108,15.63663 74.13162,15.63899 74.13187,15.63968 74.13236,15.64078 74.13311,15.64201 74.13401,15.6431 74.13612,15.64461 74.13673,15.64568 74.13554,15.64837 74.13651,15.64872 74.1376,15.64964 74.13803,15.64995 74.13813,15.65001 74.13977,15.65072 74.14046,15.65091 74.14112,15.6511 74.14174,15.65115 74.1426,15.65122 74.14388,15.65117 74.14535,15.65117 74.14605,15.65127 74.14651,15.65133 74.14687,15.65142 74.1472,15.6515 74.14745,15.64973</coordinates></LinearRing></outerBoundaryIs></Polygon></MultiGeometry>
  </Placemark>
  <Placemark id="WG_ESA_2024_GA.32">
	<name>Ivrem - Curdo</name>
	<Style><LineStyle><color>ff0000ff</color></LineStyle><PolyStyle><fill>0</fill></PolyStyle></Style>
	<ExtendedData><SchemaData schemaUrl="#WG_ESA_2024_GA">
		<SimpleData name="esa_category">whole_village</SimpleData>
		<SimpleData name="area_km2">3.638</SimpleData>
	</SchemaData></ExtendedData>
      <MultiGeometry><Polygon><outerBoundaryIs><LinearRing><coordinates>74.1518,15.62005 74.15166,15.62037 74.15015,15.62147 74.14623,15.62092 74.14547,15.62171 74.1448,15.62216 74.14645,15.62587 74.14655,15.62612 74.14656,15.62638 74.14656,15.62664 74.14659,15.62685 74.14689,15.62747 74.14724,15.62802 74.14807,15.62865 74.14884,15.62921 74.14855,15.63048 74.14837,15.63181 74.14796,15.63318 74.14774,15.63375 74.14767,15.63437 74.14796,15.63504 74.14843,15.63635 74.1483,15.6369 74.14803,15.63797 74.14765,15.63918 74.14709,15.64014 74.14682,15.6408 74.14676,15.64144 74.14703,15.64218 74.14725,15.64257 74.14772,15.64345 74.14841,15.64443 74.1487,15.64501 74.14867,15.6456 74.14832,15.64613 74.14769,15.64682 74.14722,15.64754 74.14749,15.64877 74.14745,15.64973 74.1472,15.6515 74.14726,15.65152 74.14783,15.65166 74.14909,15.65197 74.14989,15.65201 74.15009,15.65202 74.15032,15.65198 74.15109,15.65186 74.15214,15.65143 74.15279,15.65104 74.15289,15.65097 74.15307,15.65084 74.15435,15.6499 74.15621,15.64769 74.15683,15.64706 74.15782,15.64566 74.15867,15.64471 74.15934,15.64394 74.15981,15.643 74.16019,15.64177 74.16068,15.64073 74.16173,15.63993 74.16221,15.63949 74.16254,15.639 74.16249,15.63854 74.16218,15.63792 74.16204,15.63765 74.16058,15.63735 74.1601,15.63725 74.15983,15.6371 74.15972,15.63695 74.15966,15.63679 74.15962,15.63632 74.15924,15.63576 74.15882,15.63527 74.1587,15.63448 74.15887,15.63316 74.1588,15.6324 74.15878,15.63204 74.15843,15.6315 74.15811,15.63119 74.15785,15.62994 74.15746,15.62864 74.1571,15.628 74.15657,15.62752 74.15628,15.62712 74.15595,15.62614 74.1518,15.62005</coordinates></LinearRing></outerBoundaryIs></Polygon></MultiGeometry>
  </Placemark>
  <Placemark id="WG_ESA_2024_GA.33">
	<name>Maloli</name>
	<Style><LineStyle><color>ff0000ff</color></LineStyle><PolyStyle><fill>0</fill></PolyStyle></Style>
	<ExtendedData><SchemaData schemaUrl="#WG_ESA_2024_GA">
		<SimpleData name="esa_category">whole_village</SimpleData>
		<SimpleData name="area_km2">5.508</SimpleData>
	</SchemaData></ExtendedData>
      <MultiGeometry><Polygon><outerBoundaryIs><LinearRing><coordinates>74.19198,15.59065 74.19185,15.59042 74.19164,15.58994 74.19141,15.58957 74.19116,15.58896 74.19089,15.58812 74.1906,15.58726 74.19027,15.58649 74.18992,15.58574 74.18965,15.58519 74.18952,15.58479 74.19084,15.58374 74.19088,15.58368 74.19126,15.58321 74.19127,15.58315 74.19132,15.5831 74.19138,15.58295 74.19169,15.58243 74.19186,15.58218 74.19244,15.58128 74.19259,15.58114 74.19275,15.58102 74.19292,15.58096 74.19302,15.58094 74.19307,15.5809 74.19334,15.58087 74.19357,15.58087 74.19385,15.58092 74.19429,15.58107 74.19446,15.58112 74.19548,15.58124 74.1962,15.58135 74.19667,15.58137 74.19679,15.58135 74.19705,15.58119 74.19709,15.58115 74.19725,15.58092 74.19743,15.58069 74.19769,15.58048 74.19781,15.58043 74.19785,15.5804 74.19817,15.58034 74.19822,15.58032 74.19826,15.58031 74.19916,15.57981 74.19926,15.57969 74.19945,15.5794 74.19971,15.57938 74.19973,15.57936 74.1997,15.57917 74.19971,15.57903 74.19964,15.57873 74.19961,15.57859 74.1996,15.57798 74.19967,15.5776 74.19976,15.57735 74.19983,15.57723 74.1999,15.57717 74.19994,15.57706 74.20018,15.57671 74.20066,15.57621 74.2016,15.57539 74.2019,15.57522 74.20318,15.57387 74.20395,15.57263 74.2024,15.57205 74.20075,15.57122 74.2003,15.57114 74.19958,15.57103 74.19956,15.57101 74.19954,15.57096 74.19947,15.5709 74.19943,15.57083 74.19924,15.57059 74.19902,15.57018 74.19895,15.57002 74.19893,15.56998 74.1989,15.56987 74.19872,15.56958 74.19845,15.56924 74.19833,15.56913 74.19809,15.56895 74.19768,15.56876 74.19743,15.56855 74.19713,15.56866 74.19683,15.56869 74.19659,15.56875 74.1962,15.56877 74.19555,15.56876 74.19529,15.56871 74.19499,15.56859 74.19474,15.56843 74.19454,15.56837 74.19446,15.56835 74.19429,15.56836 74.1941,15.56839 74.19395,15.56844 74.19368,15.56845 74.19359,15.56844 74.19285,15.56812 74.19191,15.56739 74.19127,15.567 74.19022,15.56675 74.18865,15.56645 74.18715,15.56588 74.1861,15.5653 74.18458,15.5643 74.18337,15.56323 74.18313,15.56305 74.18276,15.56296 74.182,15.56298 74.18092,15.56296 74.18054,15.56372 74.18039,15.56419 74.18032,15.56483 74.18077,15.5656 74.18115,15.56646 74.18092,15.56712 74.18076,15.56775 74.18038,15.56879 74.18025,15.56989 74.1796,15.57114 74.17893,15.57289 74.17864,15.57333 74.17754,15.57414 74.17654,15.57465 74.17616,15.57512 74.17629,15.57625 74.17647,15.57711 74.17689,15.57767 74.17745,15.57817 74.17815,15.57879 74.17788,15.58008 74.17734,15.58187 74.17676,15.58319 74.17662,15.58406 74.17655,15.58428 74.17686,15.587 74.17699,15.58817 74.17859,15.58834 74.17919,15.58908 74.17994,15.59104 74.18179,15.59322 74.18412,15.59314 74.18468,15.59209 74.18578,15.59197 74.18695,15.59219 74.18964,15.59364 74.19057,15.59394 74.19125,15.59291 74.19194,15.5911 74.19198,15.59065</coordinates></LinearRing></outerBoundaryIs></Polygon></MultiGeometry>
  </Placemark>
  <Placemark id="WG_ESA_2024_GA.34">
	<name>Malpona</name>
	<Style><LineStyle><color>ff0000ff</color></LineStyle><PolyStyle><fill>0</fill></PolyStyle></Style>
	<ExtendedData><SchemaData schemaUrl="#WG_ESA_2024_GA">
		<SimpleData name="esa_category">whole_village</SimpleData>
		<SimpleData name="area_km2">4.019</SimpleData>
	</SchemaData></ExtendedData>
      <MultiGeometry><Polygon><outerBoundaryIs><LinearRing><coordinates>74.17904,15.45443 74.18063,15.45454 74.18153,15.45472 74.18235,15.45472 74.18308,15.45462 74.18377,15.45431 74.18472,15.45361 74.18528,15.45346 74.18579,15.45352 74.18637,15.45367 74.18785,15.45471 74.18893,15.45518 74.18939,15.45538 74.18933,15.45495 74.18935,15.45484 74.18941,15.45463 74.1895,15.45425 74.18962,15.45377 74.18953,15.4515 74.18916,15.4501 74.18898,15.44945 74.18851,15.44841 74.18866,15.44783 74.18868,15.44777 74.1889,15.44699 74.18803,15.44565 74.18762,15.44496 74.18753,15.44481 74.18736,15.44451 74.18728,15.44438 74.18672,15.44377 74.18615,15.44348 74.18543,15.44312 74.18372,15.44258 74.1834,15.44249 74.18293,15.44235 74.18271,15.44224 74.18233,15.44206 74.18167,15.4414 74.18166,15.44139 74.18074,15.44046 74.18063,15.44035 74.18027,15.43981 74.18012,15.43958 74.17992,15.43923 74.17918,15.43787 74.17913,15.43778 74.17893,15.43756 74.17892,15.43754 74.17889,15.43751 74.17869,15.43728 74.17867,15.43723 74.17867,15.43721 74.17867,15.4372 74.17603,15.43803 74.17387,15.43867 74.17217,15.43913 74.17082,15.43942 74.17059,15.43947 74.17041,15.43952 74.17034,15.43953 74.17009,15.43977 74.17008,15.43982 74.17,15.44008 74.16983,15.44046 74.16963,15.44091 74.16948,15.44139 74.16936,15.44175 74.16932,15.44186 74.16921,15.4421 74.16913,15.44228 74.16901,15.44251 74.16897,15.44258 74.16892,15.44263 74.16889,15.44266 74.16873,15.44289 74.16849,15.44312 74.16845,15.44317 74.16842,15.4432 74.16841,15.4432 74.16829,15.44346 74.16753,15.44506 74.16611,15.4471 74.1654,15.44907 74.16488,15.45022 74.16427,15.4514 74.16368,15.45231 74.16403,15.45272 74.16472,15.45381 74.16534,15.45528 74.16613,15.45613 74.16708,15.4569 74.16774,15.45722 74.16842,15.4573 74.16966,15.45783 74.17046,15.45851 74.1714,15.45943 74.17204,15.46003 74.17207,15.45915 74.17266,15.45814 74.17338,15.45724 74.17436,15.45595 74.17483,15.45561 74.17562,15.45528 74.17645,15.45472 74.17701,15.45464 74.17781,15.45459 74.17904,15.45443</coordinates></LinearRing></outerBoundaryIs></Polygon></MultiGeometry>
  </Placemark>
  <Placemark id="WG_ESA_2024_GA.35">
	<name>Mauxi</name>
	<Style><LineStyle><color>ff0000ff</color></LineStyle><PolyStyle><fill>0</fill></PolyStyle></Style>
	<ExtendedData><SchemaData schemaUrl="#WG_ESA_2024_GA">
		<SimpleData name="esa_category">whole_village</SimpleData>
		<SimpleData name="area_km2">6.239</SimpleData>
	</SchemaData></ExtendedData>
      <MultiGeometry><Polygon><outerBoundaryIs><LinearRing><coordinates>74.12517,15.55326 74.12592,15.55258 74.12745,15.55144 74.12837,15.55085 74.12868,15.55057 74.12879,15.54988 74.12881,15.54982 74.12882,15.54962 74.12877,15.54941 74.12876,15.54919 74.12869,15.54882 74.1287,15.54882 74.12873,15.54881 74.12897,15.54841 74.12901,15.54839 74.12909,15.54808 74.12917,15.54795 74.12939,15.5477 74.12952,15.54765 74.12953,15.54739 74.12949,15.54715 74.12949,15.54691 74.12953,15.54683 74.12954,15.54677 74.13009,15.54595 74.1304,15.54514 74.13041,15.54501 74.13047,15.54491 74.13055,15.54482 74.13062,15.54461 74.13064,15.54447 74.13073,15.54417 74.13078,15.54401 74.13088,15.54374 74.13109,15.54331 74.13115,15.54286 74.13105,15.54263 74.13101,15.5426 74.13084,15.54257 74.1308,15.54253 74.13075,15.5424 74.13075,15.54233 74.13079,15.54228 74.13086,15.54225 74.13092,15.5422 74.13101,15.54216 74.1313,15.54198 74.13132,15.5419 74.13139,15.54178 74.13138,15.54169 74.13143,15.54148 74.13171,15.54112 74.13169,15.54101 74.13159,15.54094 74.13154,15.54086 74.13155,15.54079 74.13168,15.5405 74.13173,15.5401 74.13178,15.54 74.13178,15.5399 74.13167,15.53952 74.13164,15.53932 74.13165,15.53915 74.1317,15.53904 74.13178,15.53895 74.13209,15.53883 74.13217,15.53874 74.13221,15.53873 74.13236,15.53863 74.1325,15.53846 74.13215,15.5383 74.13041,15.53659 74.12956,15.53589 74.12803,15.53462 74.12409,15.53119 74.12244,15.53361 74.12224,15.53423 74.12104,15.53496 74.12039,15.53542 74.11948,15.53602 74.11877,15.53659 74.11823,15.53699 74.11748,15.53737 74.11656,15.53776 74.11626,15.53788 74.11586,15.53794 74.11535,15.53788 74.11498,15.53798 74.11416,15.53817 74.11331,15.53865 74.11285,15.53888 74.11149,15.53918 74.11055,15.53943 74.10932,15.53996 74.1086,15.54015 74.10791,15.54032 74.10713,15.54053 74.1064,15.54078 74.10575,15.54112 74.10544,15.54076 74.10524,15.54039 74.10462,15.53953 74.10444,15.53927 74.10373,15.53837 74.1032,15.53763 74.10269,15.53697 74.1023,15.53745 74.10214,15.53777 74.10185,15.53818 74.10154,15.53896 74.10152,15.5396 74.10157,15.54012 74.10159,15.54091 74.10127,15.54167 74.10093,15.54218 74.10057,15.54259 74.10034,15.54275 74.09983,15.54346 74.09947,15.54409 74.09947,15.5441 74.09899,15.54476 74.09819,15.54553 74.09751,15.5463 74.09726,15.54669 74.09716,15.54701 74.09709,15.54724 74.09689,15.54764 74.09643,15.54817 74.09594,15.5488 74.0957,15.54912 74.09513,15.54986 74.09512,15.54988 74.09622,15.55034 74.09661,15.55049 74.09699,15.55064 74.09734,15.5508 74.09807,15.55098 74.09865,15.55123 74.0992,15.55152 74.09981,15.55192 74.10047,15.55232 74.10064,15.55242 74.1011,15.55255 74.10134,15.5526 74.10157,15.55265 74.1023,15.55279 74.10272,15.55286 74.10313,15.5531 74.10359,15.55343 74.10395,15.55355 74.1044,15.55371 74.10463,15.55368 74.1053,15.55354 74.10614,15.55339 74.10641,15.55338 74.10705,15.55347 74.10732,15.55348 74.10756,15.55341 74.10813,15.55346 74.10865,15.55361 74.10906,15.55376 74.10951,15.55393 74.10977,15.5541 74.11047,15.55448 74.11075,15.55464 74.11092,15.55471 74.11124,15.55481 74.11206,15.55489 74.11272,15.555 74.11294,15.5551 74.11321,15.55514 74.11386,15.55528 74.1142,15.55539 74.11443,15.5555 74.11494,15.55564 74.11531,15.55577 74.11551,15.55579 74.11578,15.55584 74.11642,15.55594 74.1167,15.55606 74.11704,15.55618 74.11759,15.55652 74.11769,15.5566 74.11813,15.55695 74.11926,15.55769 74.11956,15.55783 74.12003,15.55734 74.1204,15.55695 74.12086,15.55661 74.12106,15.5565 74.12149,15.55581 74.12198,15.55521 74.12241,15.55485 74.12299,15.55445 74.12348,15.55419 74.12389,15.55399 74.12408,15.55388 74.12517,15.55326</coordinates></LinearRing></outerBoundaryIs></Polygon></MultiGeometry>
  </Placemark>
  <Placemark id="WG_ESA_2024_GA.36">
	<name>Melauli</name>
	<Style><LineStyle><color>ff0000ff</color></LineStyle><PolyStyle><fill>0</fill></PolyStyle></Style>
	<ExtendedData><SchemaData schemaUrl="#WG_ESA_2024_GA">
		<SimpleData name="esa_category">whole_village</SimpleData>
		<SimpleData name="area_km2">16.197</SimpleData>
	</SchemaData></ExtendedData>
      <MultiGeometry><Polygon><outerBoundaryIs><LinearRing><coordinates>74.16313,15.47716 74.16425,15.47626 74.16504,15.47494 74.16532,15.47352 74.16543,15.47259 74.1646,15.47207 74.16346,15.47174 74.16292,15.4716 74.16241,15.47122 74.16204,15.47066 74.16127,15.46899 74.16116,15.46899 74.16034,15.46881 74.1589,15.4685 74.15723,15.46813 74.15641,15.46786 74.15508,15.46734 74.15597,15.46619 74.15684,15.46505 74.15738,15.46426 74.15804,15.46311 74.15843,15.46193 74.159,15.4603 74.15987,15.45815 74.16044,15.45648 74.16081,15.4554 74.16131,15.45418 74.16188,15.45361 74.16285,15.45296 74.16368,15.45231 74.16427,15.4514 74.16488,15.45022 74.1654,15.44907 74.16611,15.4471 74.16753,15.44506 74.16829,15.44346 74.16841,15.4432 74.16839,15.4432 74.1681,15.44316 74.16774,15.44312 74.16746,15.443 74.16707,15.44293 74.16636,15.44251 74.1645,15.44186 74.16379,15.44159 74.16371,15.44155 74.16347,15.44143 74.16319,15.44126 74.16318,15.44125 74.16317,15.44125 74.16283,15.44152 74.16241,15.44186 74.16228,15.44196 74.16225,15.44199 74.16095,15.44224 74.16094,15.44224 74.16023,15.44209 74.15932,15.44139 74.15925,15.44133 74.15874,15.44118 74.15799,15.44128 74.15774,15.44132 74.15773,15.44132 74.15735,15.44118 74.15735,15.44117 74.15695,15.44053 74.15631,15.4402 74.15545,15.43969 74.15526,15.43976 74.15493,15.43988 74.15478,15.43991 74.15442,15.43999 74.15438,15.44 74.15431,15.44001 74.15391,15.44045 74.15377,15.44055 74.15375,15.44057 74.15349,15.44074 74.15334,15.44085 74.15326,15.44133 74.153,15.44175 74.15288,15.44194 74.15286,15.44198 74.15285,15.44198 74.15153,15.4418 74.15161,15.44093 74.15129,15.44044 74.15128,15.44012 74.15128,15.43996 74.15097,15.43956 74.15027,15.43934 74.14921,15.43921 74.14853,15.43889 74.14797,15.43849 74.14797,15.43848 74.14789,15.4385 74.14745,15.43863 74.14721,15.43869 74.14653,15.43874 74.14652,15.43874 74.14642,15.43877 74.14572,15.43897 74.14549,15.43904 74.14548,15.43904 74.1448,15.43891 74.14479,15.4389 74.14469,15.43893 74.14456,15.43896 74.14413,15.43905 74.14383,15.43911 74.14382,15.43911 74.1428,15.43887 74.14168,15.43862 74.14159,15.4386 74.14022,15.43834 74.14014,15.43833 74.14013,15.43833 74.13902,15.4385 74.13901,15.4385 74.13828,15.43884 74.13821,15.43887 74.1382,15.43887 74.13809,15.43882 74.13788,15.4387 74.1378,15.43801 74.13775,15.43792 74.13705,15.43663 74.1369,15.43636 74.13651,15.4362 74.13544,15.43567 74.13469,15.43543 74.13431,15.43516 74.13388,15.43496 74.13348,15.43474 74.13301,15.43465 74.13275,15.43465 74.13246,15.43465 74.13245,15.43465 74.13199,15.43483 74.13191,15.43486 74.13144,15.43519 74.13081,15.43555 74.13046,15.4358 74.13043,15.43582 74.12986,15.43595 74.12915,15.43605 74.12816,15.43622 74.12748,15.43633 74.12743,15.43633 74.12697,15.43674 74.12634,15.43716 74.12587,15.43749 74.12563,15.43762 74.12542,15.43775 74.12537,15.43778 74.12512,15.43783 74.12492,15.43781 74.12442,15.43781 74.12417,15.4378 74.12382,15.43865 74.12343,15.43893 74.12327,15.43921 74.12291,15.43962 74.12228,15.44047 74.1221,15.4409 74.12208,15.44167 74.12158,15.44258 74.12174,15.44288 74.12235,15.44349 74.12242,15.44384 74.12256,15.44457 74.12268,15.44536 74.12291,15.44672 74.12292,15.447 74.12293,15.44733 74.123,15.44801 74.12304,15.4485 74.12312,15.44933 74.12311,15.45038 74.12293,15.45053 74.12296,15.45108 74.12253,15.45141 74.12219,15.45199 74.12176,15.45258 74.12063,15.45373 74.12023,15.45385 74.12013,15.4539 74.12003,15.45398 74.11996,15.45411 74.1199,15.45415 74.11974,15.45425 74.11964,15.45439 74.1196,15.45454 74.1195,15.45513 74.11947,15.45575 74.11935,15.45694 74.11923,15.45751 74.11897,15.45792 74.11845,15.45837 74.11841,15.45844 74.11802,15.45853 74.11719,15.45872 74.11694,15.45891 74.1166,15.45924 74.1164,15.45954 74.11619,15.46005 74.11602,15.46041 74.11594,15.46087 74.11587,15.46127 74.11583,15.46174 74.11583,15.46209 74.11549,15.46268 74.11531,15.46299 74.11493,15.46361 74.11491,15.46389 74.11482,15.46423 74.11506,15.46465 74.11533,15.46467 74.11597,15.46465 74.11651,15.46462 74.11703,15.4646 74.11763,15.46456 74.11833,15.46448 74.11897,15.46442 74.11933,15.4644 74.11986,15.46446 74.12038,15.46474 74.12044,15.46486 74.12045,15.46499 74.12379,15.46607 74.12503,15.46695 74.12562,15.46786 74.12646,15.46846 74.12741,15.46853 74.12908,15.46864 74.13,15.46875 74.13204,15.46949 74.13401,15.47097 74.13455,15.47107 74.13524,15.47104 74.13634,15.47105 74.13706,15.47131 74.13778,15.4717 74.1381,15.47184 74.14007,15.4713 74.14137,15.47107 74.1421,15.47115 74.1439,15.47172 74.14584,15.47254 74.14691,15.47303 74.14769,15.47356 74.14808,15.47373 74.14874,15.47382 74.14969,15.47371 74.15085,15.47343 74.1514,15.47333 74.1525,15.47337 74.15329,15.47353 74.15398,15.47373 74.15451,15.47391 74.15541,15.47465 74.15649,15.47565 74.15725,15.47648 74.15829,15.47722 74.15902,15.47779 74.15954,15.47802 74.16027,15.47791 74.16065,15.47791 74.16105,15.47801 74.16141,15.47825 74.16182,15.47874 74.16195,15.47893 74.1624,15.47803 74.16313,15.47716</coordinates></LinearRing></outerBoundaryIs></Polygon></MultiGeometry>
  </Placemark>
  <Placemark id="WG_ESA_2024_GA.37">
	<name>Nagargao</name>
	<Style><LineStyle><color>ff0000ff</color></LineStyle><PolyStyle><fill>0</fill></PolyStyle></Style>
	<ExtendedData><SchemaData schemaUrl="#WG_ESA_2024_GA">
		<SimpleData name="esa_category">bifurcated_village</SimpleData>
		<SimpleData name="area_km2">1.886</SimpleData>
	</SchemaData></ExtendedData>
      <MultiGeometry><Polygon><outerBoundaryIs><LinearRing><coordinates>74.16984,15.56384 74.16887,15.56416 74.16777,15.56411 74.16695,15.56381 74.16624,15.56315 74.16567,15.56224 74.16463,15.56044 74.16389,15.55931 74.16315,15.55907 74.16253,15.55843 74.16098,15.5569 74.16036,15.55592 74.15983,15.55489 74.15934,15.55405 74.15847,15.55289 74.15674,15.55129 74.15571,15.55104 74.15487,15.55288 74.15465,15.55366 74.15462,15.55407 74.15464,15.55433 74.15485,15.55485 74.15504,15.5559 74.155,15.55636 74.15475,15.55708 74.15453,15.55772 74.15389,15.55921 74.15349,15.55999 74.15303,15.5603 74.15234,15.56098 74.15179,15.56152 74.15178,15.56193 74.15155,15.56363 74.15151,15.56406 74.15137,15.56557 74.15102,15.56719 74.15077,15.56842 74.15076,15.56843 74.15089,15.56866 74.15182,15.56885 74.15237,15.56894 74.1535,15.56891 74.15405,15.56886 74.15425,15.56879 74.15463,15.56852 74.15468,15.56846 74.15473,15.56844 74.15501,15.56839 74.15521,15.56834 74.15557,15.5683 74.15573,15.56827 74.1561,15.56824 74.15627,15.5682 74.15648,15.56811 74.15662,15.5681 74.1569,15.56804 74.15709,15.56803 74.15726,15.56804 74.15736,15.56807 74.15756,15.56815 74.15782,15.56823 74.15875,15.56891 74.1593,15.56925 74.15949,15.56932 74.1597,15.56937 74.15989,15.56938 74.16024,15.56891 74.16038,15.56851 74.16039,15.56783 74.16094,15.56634 74.16139,15.56564 74.16181,15.56527 74.16219,15.56493 74.16255,15.56484 74.16576,15.56555 74.16818,15.56608 74.16843,15.56607 74.16862,15.56601 74.16883,15.56575 74.16903,15.56548 74.16922,15.56511 74.16962,15.56448 74.1708,15.56337 74.17065,15.56312 74.17064,15.56312 74.16984,15.56384</coordinates></LinearRing></outerBoundaryIs></Polygon></MultiGeometry>
  </Placemark>
  <Placemark id="WG_ESA_2024_GA.38">
	<name>Naguem</name>
	<Style><LineStyle><color>ff0000ff</color></LineStyle><PolyStyle><fill>0</fill></PolyStyle></Style>
	<ExtendedData><SchemaData schemaUrl="#WG_ESA_2024_GA">
		<SimpleData name="esa_category">whole_village</SimpleData>
		<SimpleData name="area_km2">3.329</SimpleData>
	</SchemaData></ExtendedData>
      <MultiGeometry><Polygon><outerBoundaryIs><LinearRing><coordinates>74.12418,15.53107 74.12429,15.53081 74.12474,15.53029 74.12521,15.52985 74.12568,15.52931 74.1259,15.52913 74.12631,15.5288 74.12667,15.5283 74.12692,15.5278 74.12709,15.52752 74.12768,15.5261 74.12353,15.52432 74.12226,15.52353 74.12179,15.52325 74.121,15.52277 74.12069,15.52262 74.11958,15.52225 74.11907,15.52206 74.11906,15.52206 74.11809,15.52176 74.11723,15.52146 74.11648,15.52174 74.1154,15.52219 74.11506,15.52219 74.11452,15.52216 74.11451,15.52216 74.11359,15.52193 74.11302,15.52186 74.11295,15.52192 74.11265,15.52221 74.11214,15.52261 74.11172,15.52286 74.11071,15.52336 74.11018,15.52361 74.10933,15.52426 74.10896,15.52468 74.10815,15.52543 74.10732,15.52621 74.1071,15.52631 74.10709,15.52631 74.10689,15.52736 74.10685,15.52846 74.10686,15.52962 74.10687,15.53079 74.10685,15.53108 74.10658,15.53148 74.10615,15.53211 74.10546,15.53316 74.10505,15.53355 74.10471,15.53366 74.10429,15.53366 74.10356,15.53445 74.10295,15.53517 74.10286,15.53535 74.10292,15.53586 74.10299,15.53654 74.10269,15.53697 74.1032,15.53763 74.10373,15.53837 74.10444,15.53927 74.10462,15.53953 74.10524,15.54039 74.10544,15.54076 74.10575,15.54112 74.1064,15.54078 74.10713,15.54053 74.10791,15.54032 74.1086,15.54015 74.10932,15.53996 74.11055,15.53943 74.11149,15.53918 74.11285,15.53888 74.11331,15.53865 74.11416,15.53817 74.11498,15.53798 74.11535,15.53788 74.11586,15.53794 74.11626,15.53788 74.11656,15.53776 74.11748,15.53737 74.11823,15.53699 74.11877,15.53659 74.11948,15.53602 74.12039,15.53542 74.12104,15.53496 74.12224,15.53423 74.12244,15.53361 74.12409,15.53119 74.12418,15.53107</coordinates></LinearRing></outerBoundaryIs></Polygon></MultiGeometry>
  </Placemark>
  <Placemark id="WG_ESA_2024_GA.39">
	<name>Naneli</name>
	<Style><LineStyle><color>ff0000ff</color></LineStyle><PolyStyle><fill>0</fill></PolyStyle></Style>
	<ExtendedData><SchemaData schemaUrl="#WG_ESA_2024_GA">
		<SimpleData name="esa_category">whole_village</SimpleData>
		<SimpleData name="area_km2">5.988</SimpleData>
	</SchemaData></ExtendedData>
      <MultiGeometry><Polygon><outerBoundaryIs><LinearRing><coordinates>74.13742,15.57036 74.13249,15.57288 74.1291,15.57463 74.12409,15.57713 74.12367,15.57757 74.1227,15.57806 74.12139,15.57874 74.12011,15.57924 74.11913,15.57978 74.11848,15.58032 74.11864,15.58162 74.11862,15.5825 74.11866,15.58257 74.11983,15.58313 74.12054,15.58307 74.12117,15.58301 74.12217,15.58293 74.1226,15.58287 74.12358,15.58258 74.12408,15.58206 74.12446,15.58189 74.12491,15.58183 74.12521,15.58184 74.12552,15.58182 74.12574,15.58178 74.12606,15.58165 74.12665,15.58186 74.12714,15.58197 74.12748,15.58204 74.12784,15.58196 74.12864,15.58155 74.12936,15.58125 74.12947,15.5812 74.12941,15.58092 74.12939,15.58067 74.12941,15.58039 74.12953,15.58022 74.12984,15.58009 74.13024,15.5801 74.13071,15.58004 74.13126,15.58 74.132,15.58012 74.13337,15.58064 74.13439,15.58103 74.13552,15.5811 74.13608,15.58137 74.13668,15.58166 74.13752,15.58201 74.13803,15.58221 74.13843,15.58227 74.13889,15.58215 74.13946,15.58198 74.13995,15.58178 74.14022,15.58173 74.14038,15.5819 74.14045,15.58202 74.14046,15.5822 74.14046,15.58226 74.14036,15.58248 74.14006,15.58275 74.13987,15.58288 74.13949,15.58313 74.13906,15.58343 74.13885,15.58365 74.13871,15.58387 74.13871,15.58406 74.13848,15.58419 74.13832,15.58458 74.1383,15.58472 74.13858,15.5856 74.13863,15.58588 74.13862,15.58647 74.13859,15.58654 74.13861,15.58665 74.13861,15.58676 74.13868,15.58698 74.1387,15.5873 74.13867,15.58751 74.1386,15.588 74.1386,15.58825 74.1386,15.58827 74.13857,15.58833 74.13876,15.58867 74.13891,15.58901 74.13894,15.58907 74.13918,15.58951 74.13952,15.59065 74.13956,15.59095 74.1424,15.59095 74.14728,15.59044 74.14777,15.5905 74.1489,15.59131 74.15157,15.5928 74.15185,15.59281 74.15397,15.59272 74.15455,15.59229 74.15549,15.59168 74.15751,15.59075 74.15853,15.59019 74.159,15.58978 74.15899,15.58935 74.159,15.58928 74.15902,15.58924 74.1588,15.58878 74.15878,15.58873 74.16004,15.58822 74.16303,15.58722 74.16517,15.58596 74.16644,15.58503 74.16773,15.58419 74.16778,15.58416 74.16711,15.58384 74.16591,15.58365 74.16558,15.58355 74.1655,15.58351 74.16521,15.5833 74.16498,15.58308 74.16492,15.58304 74.16461,15.58296 74.16425,15.58282 74.16422,15.58278 74.16364,15.5826 74.16359,15.58257 74.16351,15.58257 74.16326,15.58253 74.16317,15.58253 74.16308,15.5825 74.16297,15.58248 74.16272,15.58242 74.16257,15.58245 74.16249,15.58243 74.16233,15.58244 74.16177,15.58229 74.16169,15.58226 74.1616,15.58225 74.16147,15.58221 74.16137,15.5822 74.16117,15.58211 74.16096,15.58193 74.16091,15.58191 74.16086,15.58185 74.16073,15.58174 74.16067,15.58165 74.16051,15.58152 74.16036,15.58147 74.16022,15.58147 74.15999,15.58163 74.15984,15.58176 74.15969,15.58185 74.15963,15.58193 74.15959,15.58203 74.15916,15.58192 74.15889,15.58179 74.15876,15.58177 74.15835,15.58176 74.15821,15.58172 74.15808,15.58161 74.15801,15.58151 74.1579,15.5814 74.15765,15.58123 74.15725,15.58107 74.15691,15.58097 74.15673,15.58094 74.15665,15.58089 74.15656,15.58086 74.15638,15.58056 74.15509,15.5787 74.15485,15.57817 74.15401,15.57703 74.15353,15.57635 74.15333,15.57586 74.1531,15.57492 74.1527,15.57415 74.15231,15.57332 74.15187,15.57284 74.1515,15.57226 74.15112,15.57202 74.15102,15.57191 74.15074,15.57202 74.15024,15.57237 74.1491,15.57275 74.14801,15.57307 74.14758,15.5732 74.1474,15.57327 74.147,15.57334 74.1467,15.57326 74.14652,15.57314 74.1461,15.57303 74.14576,15.57305 74.14557,15.57304 74.14533,15.57306 74.14522,15.5731 74.14474,15.57322 74.14449,15.57334 74.14421,15.57335 74.14399,15.5733 74.14393,15.57325 74.14381,15.57321 74.14375,15.57314 74.14367,15.5731 74.14355,15.57295 74.1431,15.57251 74.14286,15.57226 74.14285,15.57225 74.14263,15.57178 74.14259,15.57164 74.14245,15.57151 74.14243,15.57139 74.1423,15.5713 74.14224,15.57124 74.14205,15.57057 74.14187,15.57026 74.14168,15.57006 74.1415,15.56993 74.14131,15.56984 74.14102,15.56976 74.14087,15.56975 74.14041,15.56984 74.14012,15.56987 74.14006,15.56989 74.13998,15.56998 74.13984,15.56998 74.13971,15.57003 74.13957,15.57006 74.13936,15.57012 74.13864,15.57025 74.13841,15.57027 74.13812,15.57031 74.13804,15.57031 74.13777,15.57019 74.13742,15.57036</coordinates></LinearRing></outerBoundaryIs></Polygon></MultiGeometry>
  </Placemark>
  <Placemark id="WG_ESA_2024_GA.40">
	<name>Nanorem</name>
	<Style><LineStyle><color>ff0000ff</color></LineStyle><PolyStyle><fill>0</fill></PolyStyle></Style>
	<ExtendedData><SchemaData schemaUrl="#WG_ESA_2024_GA">
		<SimpleData name="esa_category">whole_village</SimpleData>
		<SimpleData name="area_km2">3.636</SimpleData>
	</SchemaData></ExtendedData>
      <MultiGeometry><Polygon><outerBoundaryIs><LinearRing><coordinates>74.21657,15.58796 74.21752,15.58715 74.2184,15.58625 74.21907,15.58553 74.21958,15.58514 74.2199,15.58404 74.21973,15.58388 74.21886,15.58351 74.21789,15.58311 74.21786,15.5831 74.21705,15.58255 74.21642,15.58206 74.21579,15.58138 74.21493,15.58064 74.21435,15.58019 74.2139,15.57969 74.2134,15.57915 74.21277,15.57852 74.2115,15.57762 74.21055,15.57725 74.20982,15.5772 74.20886,15.57727 74.20786,15.57717 74.20754,15.57703 74.20731,15.57694 74.20714,15.57645 74.20723,15.5761 74.20746,15.57575 74.20811,15.57549 74.20907,15.57523 74.21072,15.57499 74.21164,15.57492 74.21305,15.5748 74.21402,15.57455 74.21448,15.57433 74.21499,15.57377 74.21537,15.57284 74.21534,15.57173 74.21513,15.57035 74.21473,15.56942 74.2146,15.56888 74.21458,15.56882 74.21422,15.56898 74.21343,15.56888 74.21222,15.56893 74.21091,15.56911 74.20983,15.56922 74.20899,15.56954 74.20836,15.5697 74.20696,15.56995 74.20686,15.57014 74.2065,15.57069 74.20631,15.57099 74.20572,15.57144 74.20522,15.5718 74.20479,15.57206 74.20395,15.57263 74.20318,15.57387 74.2019,15.57522 74.2016,15.57539 74.20066,15.57621 74.20018,15.57671 74.19994,15.57706 74.1999,15.57717 74.19983,15.57723 74.19976,15.57735 74.19967,15.5776 74.1996,15.57798 74.19961,15.57859 74.19964,15.57873 74.19971,15.57903 74.1997,15.57917 74.19973,15.57936 74.19971,15.57938 74.19945,15.5794 74.19926,15.57969 74.19916,15.57981 74.19826,15.58031 74.19822,15.58032 74.19817,15.58034 74.19785,15.5804 74.19781,15.58043 74.19769,15.58048 74.19743,15.58069 74.19725,15.58092 74.19709,15.58115 74.19705,15.58119 74.19679,15.58135 74.19667,15.58137 74.1962,15.58135 74.19548,15.58124 74.19446,15.58112 74.19429,15.58107 74.19385,15.58092 74.19357,15.58087 74.19334,15.58087 74.19307,15.5809 74.19302,15.58094 74.19292,15.58096 74.19275,15.58102 74.19259,15.58114 74.19244,15.58128 74.19186,15.58218 74.19169,15.58243 74.19138,15.58295 74.19132,15.5831 74.19127,15.58315 74.19126,15.58321 74.19088,15.58368 74.19084,15.58374 74.18952,15.58479 74.18965,15.58519 74.18992,15.58574 74.19027,15.58649 74.1906,15.58726 74.19089,15.58812 74.19116,15.58896 74.19141,15.58957 74.19164,15.58994 74.19185,15.59042 74.19198,15.59065 74.19194,15.5911 74.19329,15.59065 74.19666,15.5901 74.1972,15.59077 74.20043,15.59033 74.20077,15.59003 74.20095,15.58925 74.20192,15.58802 74.20269,15.58704 74.20329,15.5866 74.20333,15.58565 74.20372,15.5851 74.20411,15.58482 74.20535,15.58475 74.20615,15.58471 74.2067,15.58457 74.2093,15.58467 74.20958,15.58487 74.21128,15.58583 74.21346,15.58692 74.2147,15.58818 74.21569,15.58892 74.21657,15.58796</coordinates></LinearRing></outerBoundaryIs></Polygon></MultiGeometry>
  </Placemark>
  <Placemark id="WG_ESA_2024_GA.41">
	<name>Pale</name>
	<Style><LineStyle><color>ff0000ff</color></LineStyle><PolyStyle><fill>0</fill></PolyStyle></Style>
	<ExtendedData><SchemaData schemaUrl="#WG_ESA_2024_GA">
		<SimpleData name="esa_category">whole_village</SimpleData>
		<SimpleData name="area_km2">7.968</SimpleData>
	</SchemaData></ExtendedData>
      <MultiGeometry><Polygon><outerBoundaryIs><LinearRing><coordinates>74.13861,15.59951 74.13889,15.59926 74.13896,15.59921 74.13925,15.5991 74.1393,15.59904 74.13938,15.59897 74.13995,15.5987 74.14037,15.59842 74.14108,15.59786 74.14115,15.59727 74.14119,15.59712 74.14125,15.59676 74.14128,15.59669 74.14128,15.59662 74.14116,15.59634 74.14113,15.59608 74.14112,15.59585 74.14115,15.59538 74.14113,15.59529 74.14092,15.59487 74.14044,15.59427 74.13999,15.59354 74.13969,15.5932 74.13954,15.59291 74.13949,15.59284 74.13948,15.59253 74.1395,15.5924 74.1395,15.59217 74.13956,15.5921 74.13962,15.59144 74.13962,15.59133 74.13956,15.59095 74.13952,15.59065 74.13918,15.58951 74.13894,15.58907 74.13891,15.58901 74.13876,15.58867 74.13857,15.58833 74.1386,15.58827 74.1386,15.58825 74.1386,15.588 74.13867,15.58751 74.1387,15.5873 74.13868,15.58698 74.13861,15.58676 74.13861,15.58665 74.13859,15.58654 74.13862,15.58647 74.13863,15.58588 74.13858,15.5856 74.1383,15.58472 74.13832,15.58458 74.13848,15.58419 74.13871,15.58406 74.13871,15.58387 74.13885,15.58365 74.13906,15.58343 74.13949,15.58313 74.13987,15.58288 74.14006,15.58275 74.14036,15.58248 74.14046,15.58226 74.14046,15.5822 74.14045,15.58202 74.14038,15.5819 74.14022,15.58173 74.13995,15.58178 74.13946,15.58198 74.13889,15.58215 74.13843,15.58227 74.13803,15.58221 74.13752,15.58201 74.13668,15.58166 74.13608,15.58137 74.13552,15.5811 74.13439,15.58103 74.13337,15.58064 74.132,15.58012 74.13126,15.58 74.13071,15.58004 74.13024,15.5801 74.12984,15.58009 74.12953,15.58022 74.12941,15.58039 74.12939,15.58067 74.12941,15.58092 74.12947,15.5812 74.12936,15.58125 74.12864,15.58155 74.12784,15.58196 74.12748,15.58204 74.12714,15.58197 74.12665,15.58186 74.12606,15.58165 74.12574,15.58178 74.12552,15.58182 74.12521,15.58184 74.12491,15.58183 74.12446,15.58189 74.12408,15.58206 74.12358,15.58258 74.1226,15.58287 74.12217,15.58293 74.12117,15.58301 74.12054,15.58307 74.11983,15.58313 74.11866,15.58257 74.11862,15.5825 74.11864,15.58162 74.11848,15.58032 74.11822,15.58058 74.118,15.58085 74.11739,15.58167 74.11707,15.58204 74.11641,15.58267 74.11574,15.58336 74.11545,15.58356 74.11519,15.58375 74.11472,15.5841 74.11399,15.58466 74.11315,15.58558 74.11274,15.58606 74.11222,15.58696 74.11193,15.5875 74.11146,15.58835 74.11108,15.58884 74.1105,15.58963 74.10998,15.59016 74.10966,15.59054 74.10859,15.59137 74.10775,15.59214 74.10667,15.59289 74.10698,15.59337 74.10723,15.5941 74.10747,15.59424 74.1094,15.59503 74.10941,15.59572 74.10929,15.5968 74.10922,15.5973 74.10903,15.59787 74.10904,15.59834 74.10924,15.59873 74.10971,15.5995 74.1101,15.60018 74.11057,15.6009 74.11099,15.60167 74.11112,15.60189 74.11175,15.60257 74.11254,15.60335 74.11344,15.60422 74.11365,15.60434 74.11414,15.60469 74.11502,15.6053 74.11628,15.60629 74.11691,15.60675 74.11747,15.60731 74.11924,15.60667 74.12093,15.60639 74.12243,15.60597 74.12408,15.60575 74.12415,15.60581 74.12483,15.60617 74.12558,15.60658 74.1257,15.60669 74.12747,15.60764 74.12758,15.60772 74.12784,15.60778 74.12791,15.60783 74.12826,15.60796 74.12859,15.60801 74.12874,15.60807 74.12902,15.60807 74.12936,15.60803 74.12963,15.60798 74.12987,15.60795 74.13002,15.60795 74.13036,15.60806 74.13051,15.60816 74.13054,15.60819 74.13084,15.60834 74.13112,15.60843 74.13131,15.60843 74.1314,15.60841 74.13151,15.60841 74.1319,15.60833 74.13196,15.60834 74.13214,15.60827 74.13225,15.60826 74.13233,15.60826 74.13246,15.60834 74.1325,15.60842 74.13252,15.60877 74.13254,15.60881 74.13263,15.60886 74.13279,15.60885 74.13294,15.60878 74.13305,15.6087 74.1331,15.60867 74.1334,15.60833 74.13341,15.60828 74.13346,15.60821 74.13348,15.60805 74.13348,15.60792 74.13345,15.60787 74.13336,15.60779 74.13313,15.60767 74.13299,15.6075 74.13293,15.60748 74.13305,15.60733 74.13314,15.60728 74.13325,15.60727 74.13343,15.60718 74.13359,15.60701 74.13367,15.60685 74.13375,15.60665 74.13374,15.60641 74.13369,15.60621 74.1337,15.60612 74.13383,15.60602 74.13402,15.60593 74.13409,15.60589 74.13415,15.60583 74.13425,15.60561 74.13427,15.60535 74.13432,15.60527 74.13435,15.60518 74.13439,15.60511 74.13442,15.60472 74.13463,15.60392 74.13465,15.60375 74.13469,15.60361 74.13471,15.60345 74.13469,15.60324 74.13475,15.60289 74.1349,15.60247 74.13492,15.60238 74.13496,15.60228 74.13501,15.60223 74.13503,15.60211 74.13508,15.60204 74.13539,15.60177 74.13586,15.60156 74.13619,15.60145 74.1363,15.60144 74.13652,15.60133 74.13667,15.60124 74.13676,15.60115 74.13681,15.60109 74.13689,15.60102 74.13711,15.6006 74.13721,15.60045 74.13735,15.6003 74.13751,15.60017 74.13764,15.6001 74.13826,15.59989 74.13838,15.59978 74.13861,15.59951</coordinates></LinearRing></outerBoundaryIs></Polygon></MultiGeometry>
  </Placemark>
  <Placemark id="WG_ESA_2024_GA.42">
	<name>Pendral</name>
	<Style><LineStyle><color>ff0000ff</color></LineStyle><PolyStyle><fill>0</fill></PolyStyle></Style>
	<ExtendedData><SchemaData schemaUrl="#WG_ESA_2024_GA">
		<SimpleData name="esa_category">whole_village</SimpleData>
		<SimpleData name="area_km2">16.768</SimpleData>
	</SchemaData></ExtendedData>
      <MultiGeometry><Polygon><outerBoundaryIs><LinearRing><coordinates>74.23995,15.552 74.24217,15.55208 74.24237,15.55186 74.24239,15.55104 74.24239,15.55058 74.24259,15.54997 74.24288,15.54915 74.24331,15.54836 74.24427,15.54682 74.24481,15.54616 74.24556,15.5447 74.24547,15.54403 74.24579,15.54348 74.24624,15.54303 74.24656,15.54291 74.2473,15.54266 74.24805,15.54153 74.24905,15.54079 74.24993,15.54067 74.25189,15.54077 74.25275,15.54079 74.25332,15.54077 74.25444,15.54086 74.25561,15.54085 74.2564,15.54078 74.25692,15.54061 74.25769,15.53998 74.25816,15.53934 74.25843,15.53871 74.25856,15.5385 74.2589,15.53837 74.25919,15.53837 74.25978,15.53836 74.26017,15.53846 74.26071,15.53856 74.2612,15.53852 74.26158,15.53843 74.26183,15.53818 74.26205,15.5378 74.26242,15.53702 74.26346,15.53599 74.26528,15.53437 74.26837,15.53147 74.26953,15.5304 74.27114,15.52888 74.27297,15.5272 74.27513,15.52516 74.27815,15.52285 74.27815,15.52281 74.27817,15.52208 74.27817,15.52203 74.2782,15.52165 74.27821,15.52147 74.27823,15.52119 74.27843,15.51861 74.27843,15.5186 74.27847,15.51748 74.27847,15.51747 74.27825,15.51719 74.27664,15.51511 74.27647,15.51489 74.27586,15.51413 74.27554,15.51374 74.27552,15.51372 74.27546,15.51364 74.27509,15.51326 74.2749,15.51306 74.27441,15.51267 74.27387,15.51225 74.27232,15.51135 74.27148,15.51085 74.271,15.51061 74.2708,15.51051 74.27035,15.51028 74.26983,15.51006 74.26802,15.50931 74.26712,15.50892 74.26559,15.50826 74.26532,15.50814 74.26483,15.50793 74.2643,15.50773 74.26362,15.50747 74.26329,15.50734 74.26314,15.50728 74.2631,15.50727 74.26292,15.50722 74.2603,15.50646 74.25967,15.5061 74.25966,15.50609 74.25881,15.50559 74.25836,15.50532 74.25704,15.50453 74.257,15.50449 74.25517,15.50308 74.25517,15.50307 74.25481,15.50272 74.25303,15.50489 74.25215,15.5058 74.25026,15.50776 74.24903,15.509 74.24519,15.51292 74.2358,15.52229 74.23468,15.5246 74.23414,15.52539 74.23378,15.52593 74.23288,15.52708 74.23212,15.52786 74.23158,15.52834 74.23125,15.52895 74.23099,15.52955 74.23095,15.5301 74.23113,15.53077 74.23143,15.53157 74.23142,15.53234 74.23113,15.53297 74.23055,15.53373 74.22995,15.53433 74.22935,15.53477 74.22893,15.53508 74.22814,15.53553 74.22847,15.53633 74.22917,15.53811 74.2252,15.54065 74.225,15.54086 74.22499,15.54165 74.22485,15.54254 74.22503,15.54358 74.22524,15.54416 74.22564,15.54468 74.22601,15.5453 74.2265,15.54601 74.22684,15.54668 74.22696,15.54711 74.22702,15.54734 74.22711,15.54763 74.22726,15.54806 74.22694,15.54812 74.22619,15.54823 74.22562,15.54856 74.22489,15.54898 74.22435,15.5494 74.22384,15.54994 74.22342,15.55045 74.22269,15.55138 74.22202,15.55202 74.22157,15.55265 74.22118,15.55335 74.22054,15.55456 74.21999,15.55537 74.22436,15.55585 74.22987,15.5542 74.23425,15.55292 74.23995,15.552</coordinates></LinearRing></outerBoundaryIs></Polygon></MultiGeometry>
  </Placemark>
  <Placemark id="WG_ESA_2024_GA.43">
	<name>Ponocem</name>
	<Style><LineStyle><color>ff0000ff</color></LineStyle><PolyStyle><fill>0</fill></PolyStyle></Style>
	<ExtendedData><SchemaData schemaUrl="#WG_ESA_2024_GA">
		<SimpleData name="esa_category">whole_village</SimpleData>
		<SimpleData name="area_km2">2.81</SimpleData>
	</SchemaData></ExtendedData>
      <MultiGeometry><Polygon><outerBoundaryIs><LinearRing><coordinates>74.08365,15.48872 74.08385,15.48883 74.08387,15.48888 74.084,15.48878 74.08402,15.4886 74.08403,15.48841 74.08394,15.488 74.08389,15.48793 74.08371,15.48773 74.08373,15.48754 74.08378,15.48735 74.08383,15.4871 74.08398,15.48631 74.08407,15.48567 74.08422,15.48505 74.08427,15.48481 74.08451,15.48426 74.0846,15.48398 74.08474,15.4837 74.08496,15.48357 74.08513,15.4834 74.08514,15.48299 74.08472,15.48227 74.08425,15.48192 74.08405,15.48181 74.08391,15.48179 74.08305,15.48146 74.08282,15.48135 74.08242,15.48123 74.08208,15.48119 74.08153,15.48112 74.08038,15.48123 74.07868,15.48218 74.07757,15.48287 74.07695,15.48323 74.07658,15.48365 74.07602,15.48404 74.07552,15.48425 74.07426,15.48467 74.07362,15.48502 74.07332,15.48524 74.07323,15.48531 74.07272,15.48593 74.07257,15.48646 74.07209,15.4874 74.07177,15.48786 74.07132,15.48858 74.07103,15.48913 74.0709,15.48939 74.07075,15.4897 74.07053,15.49 74.07028,15.49033 74.07,15.49067 74.06978,15.49117 74.06974,15.49129 74.06956,15.49169 74.06951,15.49181 74.06933,15.49212 74.06926,15.49232 74.06915,15.49261 74.06908,15.49314 74.06909,15.49337 74.0691,15.49368 74.06913,15.49406 74.06918,15.49456 74.06918,15.49507 74.06917,15.49534 74.06918,15.4955 74.0692,15.49564 74.06933,15.49577 74.06958,15.49601 74.06987,15.4964 74.07018,15.49683 74.07034,15.49727 74.07043,15.49742 74.07049,15.49754 74.07045,15.49773 74.07046,15.49835 74.07047,15.49864 74.07048,15.49872 74.07037,15.49909 74.0703,15.49931 74.07026,15.4994 74.07002,15.49984 74.06969,15.50026 74.06929,15.5006 74.06927,15.50062 74.06926,15.50064 74.06918,15.50086 74.06845,15.50184 74.06776,15.5027 74.06796,15.50287 74.06839,15.50328 74.06901,15.50346 74.06976,15.50373 74.06986,15.50377 74.0712,15.50428 74.07137,15.50409 74.07176,15.50384 74.07222,15.50352 74.07338,15.50293 74.07378,15.50273 74.07416,15.50253 74.07483,15.50247 74.07494,15.50246 74.07541,15.5024 74.07638,15.50208 74.07719,15.50191 74.07725,15.50186 74.07801,15.50134 74.07869,15.50069 74.0797,15.49934 74.0804,15.49838 74.08125,15.49723 74.08215,15.49591 74.08335,15.49426 74.08397,15.49359 74.08417,15.49334 74.08444,15.49291 74.08445,15.49277 74.08447,15.49265 74.08444,15.49247 74.08438,15.49231 74.0843,15.49228 74.08403,15.49198 74.08393,15.49178 74.08375,15.49156 74.08336,15.49111 74.08316,15.49084 74.08311,15.49058 74.08301,15.49035 74.08296,15.48964 74.08309,15.48937 74.08331,15.489 74.08349,15.48879 74.08365,15.48872</coordinates></LinearRing></outerBoundaryIs></Polygon></MultiGeometry>
  </Placemark>
  <Placemark id="WG_ESA_2024_GA.44">
	<name>Ponsuli</name>
	<Style><LineStyle><color>ff0000ff</color></LineStyle><PolyStyle><fill>0</fill></PolyStyle></Style>
	<ExtendedData><SchemaData schemaUrl="#WG_ESA_2024_GA">
		<SimpleData name="esa_category">bifurcated_village</SimpleData>
		<SimpleData name="area_km2">3.537</SimpleData>
	</SchemaData></ExtendedData>
      <MultiGeometry><Polygon><outerBoundaryIs><LinearRing><coordinates>74.12163,15.6224 74.12039,15.62232 74.1197,15.62227 74.11949,15.6219 74.11931,15.62142 74.11935,15.62053 74.11949,15.61966 74.1194,15.61937 74.11918,15.61891 74.11888,15.61852 74.11853,15.61823 74.11821,15.61825 74.11753,15.61824 74.11699,15.61832 74.11607,15.61831 74.11542,15.61829 74.11527,15.61836 74.11499,15.61895 74.11469,15.61958 74.11454,15.61964 74.11392,15.61963 74.11295,15.61964 74.11223,15.61972 74.11194,15.61974 74.11177,15.61982 74.11117,15.62032 74.1103,15.62105 74.10978,15.62127 74.10871,15.62173 74.10744,15.62231 74.10682,15.62236 74.10615,15.62174 74.10562,15.62152 74.10488,15.62171 74.1038,15.62194 74.10261,15.62256 74.10226,15.62293 74.10097,15.62427 74.10041,15.62469 74.10038,15.62519 74.10026,15.62571 74.102,15.62742 74.1031,15.62897 74.10315,15.63038 74.10363,15.63088 74.10503,15.63184 74.10541,15.6326 74.1065,15.63428 74.1076,15.63633 74.10893,15.63773 74.11135,15.63943 74.11288,15.64091 74.11431,15.64226 74.11515,15.64067 74.11674,15.63928 74.11989,15.63635 74.11985,15.63431 74.11962,15.6335 74.11945,15.63227 74.11904,15.63093 74.11945,15.63032 74.1201,15.62889 74.12046,15.62752 74.1208,15.62632 74.12104,15.62518 74.12176,15.62429 74.12203,15.62388 74.12343,15.62262 74.1222,15.62249 74.12163,15.6224</coordinates></LinearRing></outerBoundaryIs></Polygon></MultiGeometry>
  </Placemark>
  <Placemark id="WG_ESA_2024_GA.45">
	<name>Quelaudem</name>
	<Style><LineStyle><color>ff0000ff</color></LineStyle><PolyStyle><fill>0</fill></PolyStyle></Style>
	<ExtendedData><SchemaData schemaUrl="#WG_ESA_2024_GA">
		<SimpleData name="esa_category">whole_village</SimpleData>
		<SimpleData name="area_km2">3.65</SimpleData>
	</SchemaData></ExtendedData>
      <MultiGeometry><Polygon><outerBoundaryIs><LinearRing><coordinates>74.11389,15.64613 74.11405,15.64333 74.11431,15.64226 74.11288,15.64091 74.11135,15.63943 74.10893,15.63773 74.1076,15.63633 74.1065,15.63428 74.10541,15.6326 74.10503,15.63184 74.10363,15.63088 74.10315,15.63038 74.1031,15.62897 74.102,15.62742 74.10026,15.62571 74.10038,15.62519 74.10041,15.62469 74.099,15.62431 74.09826,15.62414 74.09733,15.62422 74.09689,15.62371 74.0965,15.62329 74.09628,15.62316 74.09583,15.62296 74.09532,15.62258 74.09514,15.62235 74.09471,15.62168 74.09465,15.62141 74.09467,15.62081 74.09483,15.62044 74.09492,15.62019 74.09532,15.61976 74.0955,15.6194 74.09522,15.6189 74.09489,15.6185 74.0945,15.61812 74.09391,15.61775 74.09348,15.61759 74.09296,15.61745 74.09252,15.61742 74.09226,15.61747 74.09188,15.61753 74.09159,15.61756 74.09119,15.61779 74.09055,15.6182 74.09022,15.61846 74.09064,15.61895 74.09098,15.61937 74.09128,15.61973 74.09161,15.62017 74.092,15.62061 74.09213,15.62083 74.09242,15.62137 74.09258,15.62183 74.0928,15.62242 74.09294,15.62277 74.09323,15.62332 74.0933,15.62352 74.09321,15.62373 74.0931,15.62388 74.09296,15.62405 74.0928,15.62428 74.09281,15.62449 74.09287,15.62476 74.0929,15.62537 74.09287,15.62559 74.09275,15.62571 74.09231,15.62617 74.09215,15.62656 74.09223,15.62733 74.0923,15.6279 74.09223,15.62836 74.09207,15.6289 74.09186,15.62958 74.09161,15.63033 74.09146,15.63113 74.09151,15.63167 74.09159,15.63254 74.09172,15.63349 74.09174,15.6342 74.09183,15.63436 74.09209,15.6346 74.09258,15.6352 74.09283,15.63562 74.09296,15.63613 74.09302,15.63661 74.09296,15.63702 74.09274,15.63763 74.09249,15.6381 74.09147,15.64026 74.09233,15.64086 74.09344,15.64166 74.09425,15.64233 74.09429,15.64237 74.09465,15.64222 74.09558,15.64184 74.09691,15.64135 74.09727,15.64116 74.09753,15.64102 74.09777,15.64112 74.09879,15.64154 74.10035,15.64231 74.10074,15.64251 74.10108,15.6427 74.10174,15.64263 74.10175,15.64265 74.10236,15.64364 74.10296,15.6446 74.10311,15.64484 74.10351,15.645 74.10382,15.64512 74.10518,15.64567 74.10705,15.64644 74.10706,15.64645 74.10778,15.64634 74.10781,15.64633 74.10875,15.64619 74.10962,15.64666 74.11008,15.64691 74.11015,15.6469 74.1103,15.64688 74.11035,15.64687 74.11146,15.64671 74.11211,15.64655 74.11256,15.64645 74.11311,15.64631 74.11389,15.64613</coordinates></LinearRing></outerBoundaryIs></Polygon></MultiGeometry>
  </Placemark>
  <Placemark id="WG_ESA_2024_GA.46">
	<name>Rivem</name>
	<Style><LineStyle><color>ff0000ff</color></LineStyle><PolyStyle><fill>0</fill></PolyStyle></Style>
	<ExtendedData><SchemaData schemaUrl="#WG_ESA_2024_GA">
		<SimpleData name="esa_category">whole_village</SimpleData>
		<SimpleData name="area_km2">8.673</SimpleData>
	</SchemaData></ExtendedData>
      <MultiGeometry><Polygon><outerBoundaryIs><LinearRing><coordinates>74.18441,15.63612 74.18434,15.63568 74.18448,15.63515 74.18475,15.63471 74.18513,15.63418 74.18574,15.63397 74.18656,15.63321 74.18724,15.63251 74.18807,15.63172 74.18894,15.6311 74.18982,15.63014 74.19006,15.62893 74.19041,15.6278 74.19073,15.62733 74.19113,15.62659 74.1932,15.62368 74.19232,15.62255 74.19187,15.62181 74.19137,15.6213 74.1897,15.61982 74.18851,15.61916 74.18819,15.61878 74.18792,15.61843 74.18781,15.61743 74.18762,15.61656 74.18733,15.61611 74.18699,15.61548 74.18645,15.61503 74.18562,15.61452 74.1842,15.61384 74.18305,15.61309 74.18223,15.6123 74.18166,15.6115 74.18104,15.61054 74.18098,15.6103 74.18095,15.60985 74.18094,15.60946 74.18088,15.60916 74.18061,15.60832 74.1804,15.60741 74.18039,15.60705 74.18064,15.60565 74.17989,15.60585 74.17946,15.60611 74.17898,15.60621 74.17792,15.6062 74.17741,15.60626 74.17666,15.60666 74.1758,15.60736 74.17504,15.60762 74.17419,15.60774 74.17333,15.60776 74.17198,15.60766 74.17078,15.60763 74.16961,15.60767 74.16923,15.60764 74.16799,15.60828 74.167,15.60893 74.16576,15.60961 74.16432,15.61037 74.16334,15.61059 74.16176,15.61027 74.16111,15.60999 74.16062,15.61058 74.16024,15.61089 74.15867,15.61158 74.1574,15.61164 74.15698,15.61185 74.15633,15.61271 74.15668,15.61269 74.15722,15.61261 74.15731,15.61264 74.15738,15.61263 74.15743,15.61265 74.15749,15.61261 74.15766,15.6126 74.15773,15.61263 74.15782,15.61274 74.15789,15.61285 74.15797,15.61319 74.15802,15.61362 74.15814,15.61406 74.15818,15.61439 74.15817,15.61464 74.15815,15.6148 74.15801,15.61539 74.15798,15.61571 74.15798,15.61586 74.15796,15.61595 74.15798,15.61605 74.15798,15.61614 74.15802,15.61628 74.15807,15.61703 74.15808,15.61722 74.15797,15.61793 74.15795,15.61795 74.15795,15.61802 74.15792,15.6181 74.15777,15.61899 74.15766,15.61928 74.1615,15.62516 74.16239,15.6271 74.16301,15.62793 74.1631,15.62823 74.16328,15.62896 74.16367,15.62957 74.16455,15.62998 74.16524,15.6305 74.16556,15.63093 74.16604,15.63156 74.167,15.63219 74.16754,15.63263 74.16789,15.63295 74.16837,15.63337 74.16855,15.63359 74.16871,15.63399 74.16885,15.6344 74.16904,15.63502 74.1691,15.63581 74.16995,15.63603 74.17112,15.6363 74.17228,15.63667 74.17288,15.63709 74.17354,15.63759 74.17413,15.63799 74.17437,15.63801 74.17471,15.63808 74.17492,15.63809 74.17528,15.63817 74.17565,15.6382 74.17604,15.63826 74.17645,15.63819 74.17708,15.63824 74.17765,15.6378 74.17802,15.63765 74.17874,15.63757 74.17988,15.63753 74.18055,15.63737 74.18122,15.63706 74.18186,15.63679 74.18251,15.63661 74.18314,15.6366 74.18351,15.63663 74.18416,15.63688 74.18489,15.63713 74.18441,15.63612</coordinates></LinearRing></outerBoundaryIs></Polygon></MultiGeometry>
  </Placemark>
  <Placemark id="WG_ESA_2024_GA.47">
	<name>Sanvordem</name>
	<Style><LineStyle><color>ff0000ff</color></LineStyle><PolyStyle><fill>0</fill></PolyStyle></Style>
	<ExtendedData><SchemaData schemaUrl="#WG_ESA_2024_GA">
		<SimpleData name="esa_category">whole_village</SimpleData>
		<SimpleData name="area_km2">3.055</SimpleData>
	</SchemaData></ExtendedData>
      <MultiGeometry><Polygon><outerBoundaryIs><LinearRing><coordinates>74.18133,15.52003 74.18089,15.52003 74.1802,15.51983 74.17957,15.51934 74.179,15.51857 74.17845,15.51803 74.17758,15.51724 74.17656,15.51655 74.17584,15.51638 74.17546,15.51622 74.17479,15.51631 74.17432,15.51636 74.17363,15.51635 74.17313,15.51634 74.17261,15.51633 74.17177,15.51659 74.17102,15.51672 74.17066,15.5169 74.16984,15.51764 74.1682,15.51662 74.16718,15.51594 74.16675,15.51537 74.16486,15.51411 74.16421,15.5135 74.16405,15.51358 74.16396,15.51371 74.16393,15.51397 74.16394,15.51408 74.16401,15.51423 74.16404,15.51435 74.16405,15.51453 74.16402,15.51467 74.16399,15.51474 74.16368,15.51508 74.16354,15.51519 74.16351,15.51523 74.16318,15.51528 74.16267,15.51527 74.1625,15.51529 74.16235,15.51532 74.16211,15.51544 74.16193,15.51548 74.16185,15.51547 74.16171,15.51565 74.16164,15.51577 74.16138,15.51607 74.16136,15.51614 74.16132,15.51618 74.16129,15.5163 74.16123,15.51638 74.16121,15.51648 74.16121,15.51676 74.16119,15.51698 74.16116,15.51706 74.1611,15.51714 74.16114,15.51729 74.16112,15.51754 74.16164,15.51823 74.16182,15.5189 74.16181,15.51948 74.16173,15.51997 74.16151,15.52114 74.16147,15.5219 74.16146,15.52242 74.16154,15.52287 74.16176,15.52331 74.16189,15.52354 74.16234,15.52381 74.16296,15.52398 74.16341,15.52407 74.16392,15.52423 74.16425,15.5243 74.16472,15.52431 74.16556,15.52417 74.16662,15.52393 74.16765,15.52385 74.16814,15.52401 74.16846,15.52449 74.16865,15.52509 74.16854,15.52587 74.16853,15.52651 74.16843,15.52731 74.1681,15.52859 74.16802,15.52948 74.16775,15.53033 74.16757,15.53124 74.1674,15.53205 74.16879,15.53265 74.16975,15.5326 74.17046,15.53246 74.17149,15.5324 74.17226,15.53257 74.17278,15.53269 74.17349,15.53263 74.1745,15.53234 74.1751,15.53214 74.17608,15.53229 74.17683,15.53241 74.17735,15.53268 74.17788,15.53283 74.17852,15.53286 74.17913,15.53291 74.18007,15.53349 74.18044,15.53365 74.18041,15.53324 74.18082,15.53182 74.18089,15.53024 74.18055,15.52951 74.18025,15.52844 74.18021,15.52783 74.181,15.52488 74.18128,15.52445 74.18146,15.52378 74.18197,15.52307 74.18267,15.52257 74.18332,15.52217 74.18396,15.52135 74.18426,15.5203 74.1837,15.52019 74.18315,15.51999 74.18217,15.51988 74.18133,15.52003</coordinates></LinearRing></outerBoundaryIs></Polygon></MultiGeometry>
  </Placemark>
  <Placemark id="WG_ESA_2024_GA.48">
	<name>Satorem</name>
	<Style><LineStyle><color>ff0000ff</color></LineStyle><PolyStyle><fill>0</fill></PolyStyle></Style>
	<ExtendedData><SchemaData schemaUrl="#WG_ESA_2024_GA">
		<SimpleData name="esa_category">bifurcated_village</SimpleData>
		<SimpleData name="area_km2">1.834</SimpleData>
	</SchemaData></ExtendedData>
      <MultiGeometry><Polygon><outerBoundaryIs><LinearRing><coordinates>74.14687,15.56141 74.14913,15.56329 74.15151,15.56406 74.15155,15.56363 74.15178,15.56193 74.15179,15.56152 74.15234,15.56098 74.15303,15.5603 74.15349,15.55999 74.15389,15.55921 74.15453,15.55772 74.15475,15.55708 74.155,15.55636 74.15504,15.5559 74.15485,15.55485 74.15464,15.55433 74.15462,15.55407 74.15465,15.55366 74.15487,15.55288 74.15571,15.55104 74.15538,15.55115 74.15469,15.55135 74.15409,15.55145 74.15361,15.55147 74.15224,15.55122 74.15135,15.55083 74.15081,15.55083 74.14914,15.55101 74.14821,15.55108 74.14738,15.55107 74.14666,15.55085 74.14601,15.55055 74.14508,15.55034 74.14327,15.5502 74.14112,15.55002 74.13669,15.54982 74.13591,15.54975 74.13656,15.55062 74.13713,15.55205 74.13739,15.55287 74.13801,15.55374 74.13844,15.55456 74.13888,15.55529 74.13953,15.55579 74.14036,15.55615 74.14087,15.5564 74.14139,15.5569 74.1416,15.55713 74.14192,15.55742 74.14234,15.55766 74.14272,15.55784 74.14311,15.55805 74.14364,15.55858 74.14407,15.55931 74.14687,15.56141</coordinates></LinearRing></outerBoundaryIs></Polygon></MultiGeometry>
  </Placemark>
  <Placemark id="WG_ESA_2024_GA.49">
	<name>Satrem</name>
	<Style><LineStyle><color>ff0000ff</color></LineStyle><PolyStyle><fill>0</fill></PolyStyle></Style>
	<ExtendedData><SchemaData schemaUrl="#WG_ESA_2024_GA">
		<SimpleData name="esa_category">whole_village</SimpleData>
		<SimpleData name="area_km2">22.289</SimpleData>
	</SchemaData></ExtendedData>
      <MultiGeometry><Polygon><outerBoundaryIs><LinearRing><coordinates>74.22841,15.66444 74.22936,15.66577 74.22979,15.66638 74.23149,15.66619 74.23276,15.66759 74.23311,15.66782 74.23335,15.66797 74.2339,15.6681 74.23436,15.66815 74.23488,15.66821 74.23532,15.66834 74.23597,15.66849 74.23636,15.66858 74.23637,15.66854 74.23664,15.66775 74.2368,15.66724 74.23685,15.66708 74.23687,15.66702 74.23691,15.66689 74.23692,15.66688 74.23693,15.66683 74.23697,15.66671 74.23701,15.66658 74.2371,15.66628 74.23729,15.66614 74.23912,15.66482 74.2394,15.66461 74.23928,15.66451 74.2388,15.66413 74.23817,15.66362 74.23833,15.66352 74.23859,15.66336 74.23922,15.66322 74.23974,15.66312 74.24112,15.66283 74.24299,15.66244 74.24485,15.6582 74.24856,15.65749 74.24896,15.6575 74.24909,15.65749 74.24924,15.65748 74.24933,15.65747 74.24986,15.65741 74.25011,15.65734 74.25022,15.65731 74.25044,15.65726 74.25049,15.65716 74.25037,15.65667 74.25019,15.65615 74.25021,15.65611 74.25036,15.65587 74.25092,15.65532 74.25103,15.65522 74.25174,15.65458 74.25193,15.65437 74.25198,15.65431 74.25186,15.65394 74.25179,15.65371 74.25163,15.65322 74.25141,15.65258 74.25129,15.65225 74.25114,15.6517 74.25098,15.65111 74.25085,15.65074 74.25055,15.64989 74.25031,15.64906 74.25024,15.64882 74.25011,15.64842 74.25005,15.64825 74.24998,15.64803 74.24963,15.64677 74.2495,15.64627 74.24943,15.64599 74.24922,15.64547 74.24861,15.64336 74.24769,15.64022 74.24707,15.63766 74.24564,15.63181 74.24416,15.62611 74.24491,15.62552 74.24826,15.6229 74.24496,15.62146 74.24301,15.62059 74.23785,15.61879 74.23525,15.618 74.23463,15.61751 74.23199,15.61525 74.23049,15.6143 74.22906,15.6136 74.22804,15.61341 74.22726,15.61346 74.2263,15.61314 74.22534,15.61297 74.22265,15.613 74.22002,15.61143 74.21735,15.61089 74.21527,15.61004 74.21486,15.61039 74.21391,15.61084 74.21344,15.61136 74.21301,15.61237 74.21273,15.61345 74.2127,15.6141 74.21248,15.61507 74.21185,15.61603 74.21164,15.61646 74.21163,15.61756 74.21153,15.61802 74.20884,15.6208 74.20856,15.62126 74.20837,15.622 74.20834,15.62261 74.20825,15.62302 74.2074,15.62367 74.20601,15.62426 74.2057,15.62451 74.20504,15.6247 74.20438,15.62484 74.20426,15.62488 74.20409,15.62496 74.20383,15.62505 74.20349,15.62531 74.20333,15.62553 74.20358,15.62607 74.20384,15.62704 74.20382,15.62754 74.20364,15.62797 74.20343,15.62842 74.20302,15.62894 74.20308,15.62994 74.20358,15.63014 74.20331,15.63229 74.20414,15.63304 74.20443,15.63342 74.20465,15.63394 74.20469,15.63444 74.20495,15.63533 74.205,15.63601 74.2051,15.63792 74.2052,15.63929 74.2053,15.6416 74.20543,15.64245 74.20563,15.64338 74.20558,15.64377 74.20521,15.64447 74.20483,15.64527 74.20457,15.64617 74.20435,15.64699 74.20443,15.64726 74.20471,15.64763 74.20514,15.64824 74.2054,15.64881 74.20513,15.65103 74.20543,15.65108 74.20555,15.6511 74.20693,15.65133 74.20996,15.65182 74.21408,15.65249 74.21409,15.65249 74.21586,15.65304 74.2163,15.65296 74.21745,15.65274 74.21991,15.65426 74.221,15.65493 74.22216,15.65564 74.22217,15.65575 74.22222,15.65685 74.22149,15.65712 74.22051,15.65748 74.21941,15.65773 74.21894,15.65784 74.21884,15.65788 74.2182,15.65816 74.21798,15.65826 74.21796,15.65827 74.21772,15.65836 74.21679,15.65983 74.21646,15.66036 74.21586,15.66151 74.2155,15.6622 74.21515,15.66287 74.21765,15.6623 74.21802,15.66434 74.21802,15.66435 74.22157,15.66717 74.22378,15.66898 74.2242,15.66893 74.22458,15.6682 74.22457,15.66793 74.22457,15.66792 74.22456,15.66763 74.22454,15.66668 74.22457,15.66647 74.2246,15.66626 74.22512,15.6662 74.22576,15.66613 74.22607,15.66604 74.22654,15.66592 74.22734,15.6655 74.22779,15.66505 74.22841,15.66444</coordinates></LinearRing></outerBoundaryIs></Polygon></MultiGeometry>
  </Placemark>
  <Placemark id="WG_ESA_2024_GA.50">
	<name>Sigonem</name>
	<Style><LineStyle><color>ff0000ff</color></LineStyle><PolyStyle><fill>0</fill></PolyStyle></Style>
	<ExtendedData><SchemaData schemaUrl="#WG_ESA_2024_GA">
		<SimpleData name="esa_category">whole_village</SimpleData>
		<SimpleData name="area_km2">3.396</SimpleData>
	</SchemaData></ExtendedData>
      <MultiGeometry><Polygon><outerBoundaryIs><LinearRing><coordinates>74.18081,15.60507 74.18109,15.6045 74.18134,15.60405 74.18152,15.60374 74.18166,15.60277 74.1816,15.60225 74.18086,15.60161 74.18072,15.60114 74.18059,15.60059 74.17983,15.59955 74.17956,15.59899 74.17948,15.59861 74.17943,15.59757 74.1794,15.5963 74.18005,15.59549 74.18025,15.59516 74.18111,15.59416 74.18176,15.59332 74.18179,15.59322 74.17994,15.59104 74.17919,15.58908 74.17859,15.58834 74.17699,15.58817 74.17686,15.587 74.17539,15.58766 74.17406,15.588 74.17236,15.5902 74.1716,15.59082 74.17031,15.59149 74.16904,15.59184 74.16744,15.59256 74.16693,15.59287 74.16595,15.59403 74.16522,15.59528 74.16455,15.59541 74.16394,15.5954 74.16212,15.59571 74.16193,15.59641 74.1598,15.59631 74.15922,15.59664 74.15861,15.59711 74.15857,15.59768 74.15871,15.59902 74.15879,15.60118 74.15906,15.60222 74.15971,15.60215 74.16052,15.60187 74.1618,15.60167 74.16255,15.60178 74.16394,15.60226 74.16467,15.60249 74.16577,15.60263 74.16576,15.60322 74.16544,15.60406 74.16519,15.60478 74.16692,15.6056 74.16761,15.60584 74.16827,15.60613 74.16868,15.60661 74.16898,15.60722 74.16923,15.60764 74.16961,15.60767 74.17078,15.60763 74.17198,15.60766 74.17333,15.60776 74.17419,15.60774 74.17504,15.60762 74.1758,15.60736 74.17666,15.60666 74.17741,15.60626 74.17792,15.6062 74.17898,15.60621 74.17946,15.60611 74.17989,15.60585 74.18064,15.60565 74.18081,15.60507</coordinates></LinearRing></outerBoundaryIs></Polygon></MultiGeometry>
  </Placemark>
  <Placemark id="WG_ESA_2024_GA.51">
	<name>Siranguli</name>
	<Style><LineStyle><color>ff0000ff</color></LineStyle><PolyStyle><fill>0</fill></PolyStyle></Style>
	<ExtendedData><SchemaData schemaUrl="#WG_ESA_2024_GA">
		<SimpleData name="esa_category">bifurcated_village</SimpleData>
		<SimpleData name="area_km2">3.035</SimpleData>
	</SchemaData></ExtendedData>
      <MultiGeometry><Polygon><outerBoundaryIs><LinearRing><coordinates>74.1767,15.48594 74.17556,15.49016 74.17461,15.49364 74.1709,15.49928 74.17136,15.49941 74.1719,15.49955 74.17208,15.49959 74.17217,15.50002 74.1724,15.5007 74.17273,15.50125 74.17331,15.50169 74.17331,15.5018 74.17302,15.50326 74.17399,15.50357 74.17484,15.50411 74.17548,15.50459 74.1758,15.50445 74.17727,15.50343 74.17851,15.50244 74.1792,15.50195 74.17955,15.50176 74.18016,15.50069 74.18031,15.49996 74.18079,15.49967 74.18143,15.49937 74.18177,15.49927 74.18199,15.49916 74.1823,15.49873 74.18273,15.49817 74.18316,15.49792 74.18379,15.49749 74.18469,15.49705 74.18512,15.49685 74.1855,15.49683 74.18567,15.49704 74.18584,15.4973 74.18605,15.49746 74.18698,15.49776 74.18757,15.4979 74.18846,15.4981 74.18959,15.49815 74.19015,15.49807 74.19067,15.49795 74.19127,15.49768 74.19199,15.49752 74.19261,15.49737 74.19344,15.49727 74.19444,15.49731 74.19516,15.4975 74.19562,15.49771 74.19605,15.49774 74.19664,15.49764 74.19705,15.4977 74.19754,15.49794 74.19797,15.49799 74.19843,15.49797 74.19899,15.49775 74.19949,15.49763 74.20067,15.49756 74.20129,15.49754 74.20154,15.49745 74.20127,15.49701 74.20078,15.49656 74.20001,15.49609 74.19909,15.49567 74.19819,15.49542 74.197,15.49515 74.19643,15.49491 74.1959,15.49431 74.19546,15.49391 74.19516,15.49352 74.19506,15.49308 74.19488,15.49264 74.19454,15.4923 74.19379,15.49203 74.19323,15.49177 74.19268,15.49144 74.19208,15.4912 74.19146,15.49101 74.19058,15.49092 74.18991,15.49091 74.18927,15.49088 74.18809,15.49073 74.18717,15.49049 74.18633,15.49009 74.18539,15.48954 74.18485,15.48926 74.18437,15.4888 74.18399,15.48849 74.18394,15.48842 74.18393,15.48838 74.18388,15.4882 74.18381,15.48778 74.18379,15.48721 74.18378,15.48715 74.18376,15.4871 74.18373,15.48705 74.1836,15.48689 74.18345,15.48665 74.18334,15.48654 74.18321,15.48643 74.18305,15.48627 74.18288,15.48612 74.18276,15.48604 74.18269,15.48595 74.18257,15.48588 74.18254,15.48584 74.1825,15.48577 74.18245,15.48571 74.18236,15.48558 74.18232,15.48544 74.18228,15.4854 74.18227,15.48533 74.18223,15.48527 74.18217,15.48523 74.18213,15.48517 74.18205,15.48501 74.18179,15.48462 74.1817,15.4845 74.18146,15.48426 74.18135,15.48413 74.18096,15.48374 74.18076,15.48361 74.18069,15.48358 74.18067,15.48357 74.18062,15.48354 74.18055,15.48346 74.18047,15.48342 74.18039,15.48333 74.18035,15.48329 74.18003,15.48307 74.17974,15.48293 74.17963,15.48287 74.17941,15.48269 74.1793,15.48262 74.17926,15.48253 74.17912,15.48238 74.17889,15.48207 74.17883,15.48196 74.17874,15.48174 74.17859,15.48131 74.1785,15.481 74.17842,15.48077 74.1783,15.48057 74.17821,15.48047 74.17813,15.48031 74.17809,15.48001 74.1767,15.48594</coordinates></LinearRing></outerBoundaryIs></Polygon></MultiGeometry>
  </Placemark>
  <Placemark id="WG_ESA_2024_GA.52">
	<name>Siroli</name>
	<Style><LineStyle><color>ff0000ff</color></LineStyle><PolyStyle><fill>0</fill></PolyStyle></Style>
	<ExtendedData><SchemaData schemaUrl="#WG_ESA_2024_GA">
		<SimpleData name="esa_category">whole_village</SimpleData>
		<SimpleData name="area_km2">3.566</SimpleData>
	</SchemaData></ExtendedData>
      <MultiGeometry><Polygon><outerBoundaryIs><LinearRing><coordinates>74.07851,15.63172 74.07933,15.63008 74.07941,15.62924 74.07928,15.62827 74.07932,15.62743 74.07936,15.62688 74.07977,15.62632 74.08032,15.62571 74.08084,15.62528 74.08149,15.62485 74.08181,15.62459 74.08193,15.62235 74.081,15.62181 74.07996,15.62114 74.07934,15.62077 74.07853,15.6203 74.07798,15.61999 74.07743,15.61972 74.07656,15.61922 74.07529,15.61869 74.07372,15.61868 74.07268,15.61871 74.07178,15.61873 74.07129,15.61838 74.07084,15.61809 74.0698,15.61772 74.06936,15.61756 74.06867,15.61732 74.06803,15.61725 74.06742,15.61717 74.06683,15.6171 74.06579,15.61688 74.06468,15.61655 74.06352,15.61615 74.0621,15.61675 74.06054,15.61731 74.05962,15.61755 74.05945,15.61756 74.05873,15.61863 74.0583,15.61875 74.05714,15.61904 74.057,15.6192 74.05663,15.61942 74.05625,15.61941 74.05546,15.6194 74.05482,15.61947 74.05431,15.61987 74.05361,15.61976 74.05327,15.61983 74.05273,15.62037 74.05254,15.62042 74.05219,15.62024 74.05159,15.61984 74.05107,15.6197 74.05074,15.61978 74.05046,15.62012 74.05018,15.62046 74.04931,15.62136 74.04938,15.62205 74.04961,15.62274 74.04959,15.62474 74.04959,15.62481 74.05032,15.62487 74.05039,15.62487 74.0506,15.62487 74.05069,15.62489 74.05086,15.62496 74.05105,15.62503 74.05112,15.62506 74.0512,15.62508 74.05177,15.62525 74.05234,15.6254 74.0529,15.62556 74.053,15.62559 74.05331,15.62566 74.05403,15.62584 74.05428,15.6259 74.05477,15.62604 74.05489,15.62607 74.05524,15.62618 74.05577,15.62635 74.05629,15.62649 74.057,15.62664 74.05742,15.62675 74.05848,15.62699 74.05855,15.627 74.05987,15.62731 74.0599,15.62732 74.06022,15.62757 74.06026,15.62759 74.06054,15.62783 74.06093,15.62814 74.06094,15.62815 74.06105,15.62825 74.0611,15.62828 74.06157,15.62851 74.06161,15.62853 74.06181,15.62819 74.06184,15.62815 74.06184,15.62811 74.06184,15.62693 74.06184,15.62668 74.06182,15.6266 74.06202,15.62657 74.06317,15.62638 74.06342,15.62645 74.06346,15.62654 74.06372,15.62707 74.06427,15.62822 74.0645,15.62869 74.06473,15.62848 74.06474,15.62848 74.0648,15.62842 74.06505,15.62864 74.06507,15.62866 74.06553,15.62906 74.06561,15.62913 74.06564,15.62952 74.06564,15.6296 74.0657,15.62964 74.06577,15.62968 74.06748,15.63 74.06957,15.63 74.06989,15.6295 74.07011,15.62916 74.07152,15.62973 74.07326,15.63045 74.0741,15.6308 74.07438,15.63092 74.0776,15.63221 74.07849,15.63176 74.07851,15.63172</coordinates></LinearRing></outerBoundaryIs></Polygon></MultiGeometry>
  </Placemark>
  <Placemark id="WG_ESA_2024_GA.53">
	<name>Sirsodem</name>
	<Style><LineStyle><color>ff0000ff</color></LineStyle><PolyStyle><fill>0</fill></PolyStyle></Style>
	<ExtendedData><SchemaData schemaUrl="#WG_ESA_2024_GA">
		<SimpleData name="esa_category">whole_village</SimpleData>
		<SimpleData name="area_km2">2.991</SimpleData>
	</SchemaData></ExtendedData>
      <MultiGeometry><Polygon><outerBoundaryIs><LinearRing><coordinates>74.20345,15.48414 74.20239,15.48388 74.20121,15.48309 74.20012,15.4825 74.19959,15.48173 74.19881,15.48133 74.19839,15.4808 74.19818,15.48011 74.19785,15.47952 74.19736,15.47957 74.19632,15.48025 74.19568,15.48078 74.19522,15.48091 74.1947,15.48094 74.1935,15.48054 74.19294,15.48037 74.19194,15.48045 74.1907,15.48081 74.19042,15.48087 74.1904,15.48088 74.19033,15.481 74.19029,15.48115 74.19028,15.48119 74.19021,15.48128 74.19013,15.4813 74.19001,15.48136 74.18964,15.48151 74.18954,15.48156 74.18947,15.48158 74.18935,15.4816 74.1893,15.48162 74.18902,15.48156 74.18878,15.48148 74.18857,15.48142 74.18846,15.48138 74.1883,15.48136 74.18813,15.48136 74.18794,15.48139 74.18786,15.48142 74.18781,15.48143 74.18764,15.48143 74.18745,15.48141 74.18734,15.48137 74.18696,15.48119 74.18676,15.48112 74.18666,15.48109 74.18649,15.48109 74.18629,15.48111 74.18605,15.48116 74.18595,15.48118 74.18565,15.48125 74.18546,15.48127 74.18531,15.48127 74.18492,15.48127 74.18461,15.48122 74.18454,15.48119 74.18433,15.48105 74.18416,15.48092 74.18407,15.48083 74.18394,15.48066 74.18377,15.48047 74.18367,15.48038 74.18345,15.48019 74.1833,15.48015 74.18321,15.48014 74.18295,15.48012 74.18252,15.48008 74.18242,15.48006 74.18239,15.48005 74.18237,15.48003 74.1823,15.47999 74.18225,15.47996 74.1822,15.47994 74.1821,15.47988 74.1817,15.47958 74.18158,15.47948 74.18139,15.47935 74.18122,15.47921 74.1812,15.47919 74.18103,15.47907 74.18097,15.47904 74.18085,15.479 74.18072,15.47899 74.1804,15.47893 74.18018,15.47892 74.17993,15.47892 74.1798,15.47891 74.17936,15.47889 74.1792,15.47889 74.179,15.4789 74.17874,15.47905 74.17865,15.4791 74.17842,15.4792 74.17831,15.47923 74.17816,15.47929 74.17799,15.47941 74.1779,15.47949 74.17781,15.47954 74.17782,15.47955 74.17799,15.47977 74.17805,15.47987 74.17807,15.47992 74.17809,15.48001 74.17813,15.48031 74.17821,15.48047 74.1783,15.48057 74.17842,15.48077 74.1785,15.481 74.17859,15.48131 74.17874,15.48174 74.17883,15.48196 74.17889,15.48207 74.17912,15.48238 74.17926,15.48253 74.1793,15.48262 74.17941,15.48269 74.17963,15.48287 74.17974,15.48293 74.18003,15.48307 74.18035,15.48329 74.18039,15.48333 74.18047,15.48342 74.18055,15.48346 74.18062,15.48354 74.18067,15.48357 74.18069,15.48358 74.18076,15.48361 74.18096,15.48374 74.18135,15.48413 74.18146,15.48426 74.1817,15.4845 74.18179,15.48462 74.18205,15.48501 74.18213,15.48517 74.18217,15.48523 74.18223,15.48527 74.18227,15.48533 74.18228,15.4854 74.18232,15.48544 74.18236,15.48558 74.18245,15.48571 74.1825,15.48577 74.18254,15.48584 74.18257,15.48588 74.18269,15.48595 74.18276,15.48604 74.18288,15.48612 74.18305,15.48627 74.18321,15.48643 74.18334,15.48654 74.18345,15.48665 74.1836,15.48689 74.18373,15.48705 74.18376,15.4871 74.18378,15.48715 74.18379,15.48721 74.18381,15.48778 74.18388,15.4882 74.18393,15.48838 74.18394,15.48842 74.18399,15.48849 74.18437,15.4888 74.18485,15.48926 74.18539,15.48954 74.18633,15.49009 74.18717,15.49049 74.18809,15.49073 74.18927,15.49088 74.18991,15.49091 74.19058,15.49092 74.19146,15.49101 74.19208,15.4912 74.19268,15.49144 74.19323,15.49177 74.19379,15.49203 74.19454,15.4923 74.19488,15.49264 74.19506,15.49308 74.19516,15.49352 74.19546,15.49391 74.1959,15.49431 74.19643,15.49491 74.197,15.49515 74.19819,15.49542 74.19909,15.49567 74.20001,15.49609 74.20078,15.49656 74.20127,15.49701 74.20154,15.49745 74.20197,15.49664 74.20246,15.49573 74.20266,15.49488 74.20272,15.49344 74.20282,15.4924 74.2031,15.49131 74.20362,15.49035 74.20435,15.48941 74.20468,15.48901 74.20483,15.48821 74.20508,15.48762 74.20537,15.48702 74.20536,15.48664 74.20468,15.4858 74.20443,15.48521 74.20445,15.48488 74.20472,15.48424 74.20345,15.48414</coordinates></LinearRing></outerBoundaryIs></Polygon></MultiGeometry>
  </Placemark>
  <Placemark id="WG_ESA_2024_GA.54">
	<name>Sonal</name>
	<Style><LineStyle><color>ff0000ff</color></LineStyle><PolyStyle><fill>0</fill></PolyStyle></Style>
	<ExtendedData><SchemaData schemaUrl="#WG_ESA_2024_GA">
		<SimpleData name="esa_category">whole_village</SimpleData>
		<SimpleData name="area_km2">2.837</SimpleData>
	</SchemaData></ExtendedData>
      <MultiGeometry><Polygon><outerBoundaryIs><LinearRing><coordinates>74.19811,15.54725 74.19729,15.54692 74.19661,15.54667 74.19617,15.54615 74.19579,15.54564 74.19535,15.54472 74.19511,15.54383 74.195,15.54323 74.19497,15.54263 74.19535,15.54153 74.19573,15.54032 74.19579,15.53963 74.19559,15.53882 74.19538,15.53791 74.19498,15.5369 74.19463,15.5361 74.1943,15.53557 74.19402,15.53554 74.19349,15.5356 74.19301,15.53573 74.19209,15.536 74.19127,15.53608 74.19045,15.53598 74.18989,15.53557 74.1895,15.53501 74.18846,15.53325 74.18796,15.53273 74.18739,15.53257 74.18655,15.53253 74.18483,15.53293 74.18329,15.53342 74.1819,15.53378 74.18082,15.5338 74.18046,15.53365 74.18025,15.5345 74.17984,15.53603 74.17939,15.53817 74.17921,15.53916 74.17994,15.54065 74.18006,15.54168 74.17974,15.54323 74.17961,15.54406 74.18022,15.54469 74.18166,15.54611 74.1826,15.54666 74.18328,15.5471 74.1848,15.5476 74.18607,15.54773 74.18665,15.548 74.18717,15.54852 74.18766,15.54872 74.18807,15.54907 74.18947,15.55006 74.19057,15.55096 74.19158,15.5521 74.19193,15.55238 74.19246,15.55254 74.19375,15.55278 74.19423,15.55303 74.195,15.55234 74.19673,15.55071 74.19758,15.54968 74.19838,15.54838 74.19886,15.54748 74.19811,15.54725</coordinates></LinearRing></outerBoundaryIs></Polygon></MultiGeometry>
  </Placemark>
  <Placemark id="WG_ESA_2024_GA.55">
	<name>Surla</name>
	<Style><LineStyle><color>ff0000ff</color></LineStyle><PolyStyle><fill>0</fill></PolyStyle></Style>
	<ExtendedData><SchemaData schemaUrl="#WG_ESA_2024_GA">
		<SimpleData name="esa_category">whole_village</SimpleData>
		<SimpleData name="area_km2">14.611</SimpleData>
	</SchemaData></ExtendedData>
      <MultiGeometry><Polygon><outerBoundaryIs><LinearRing><coordinates>74.18623,15.681 74.18664,15.68102 74.18708,15.68101 74.1875,15.68098 74.18796,15.68097 74.18835,15.68089 74.18873,15.68093 74.18949,15.68063 74.18954,15.68061 74.19027,15.68033 74.19055,15.67965 74.19084,15.67895 74.19092,15.6764 74.1898,15.67544 74.18611,15.6745 74.1861,15.6745 74.1864,15.6712 74.18667,15.66913 74.18679,15.66814 74.18684,15.66745 74.18728,15.66733 74.19068,15.66637 74.19312,15.66569 74.19767,15.66447 74.19785,15.66442 74.20259,15.66314 74.20315,15.66322 74.20333,15.66324 74.20406,15.66368 74.20376,15.66275 74.20347,15.66187 74.20286,15.65997 74.2028,15.6598 74.20227,15.65817 74.20201,15.65726 74.20175,15.65634 74.20197,15.65595 74.20212,15.65569 74.20237,15.65525 74.20326,15.65369 74.20513,15.65103 74.2054,15.64881 74.20514,15.64824 74.20471,15.64763 74.20443,15.64726 74.20435,15.64699 74.20457,15.64617 74.20483,15.64527 74.20521,15.64447 74.20558,15.64377 74.20563,15.64338 74.20543,15.64245 74.2053,15.6416 74.2052,15.63929 74.2051,15.63792 74.205,15.63601 74.20495,15.63533 74.20469,15.63444 74.20465,15.63394 74.20443,15.63342 74.20414,15.63304 74.20331,15.63229 74.20358,15.63014 74.20308,15.62994 74.20302,15.62894 74.20343,15.62842 74.20364,15.62797 74.20382,15.62754 74.20384,15.62704 74.20358,15.62607 74.20333,15.62553 74.20083,15.62653 74.19347,15.62379 74.1932,15.62368 74.19113,15.62659 74.19073,15.62733 74.19041,15.6278 74.19006,15.62893 74.18982,15.63014 74.18894,15.6311 74.18807,15.63172 74.18724,15.63251 74.18656,15.63321 74.18574,15.63397 74.18513,15.63418 74.18475,15.63471 74.18448,15.63515 74.18434,15.63568 74.18441,15.63612 74.18489,15.63713 74.18505,15.63753 74.18506,15.63807 74.18493,15.63905 74.18473,15.64027 74.1844,15.64077 74.18429,15.64111 74.18386,15.64188 74.18384,15.64236 74.18343,15.64338 74.18294,15.64408 74.18252,15.64482 74.1822,15.64557 74.18198,15.64636 74.18146,15.648 74.1812,15.64887 74.18064,15.65071 74.17987,15.65128 74.17935,15.65146 74.17818,15.65206 74.17722,15.65265 74.1766,15.65336 74.17572,15.65407 74.17507,15.65489 74.17423,15.65556 74.17339,15.65595 74.17218,15.65592 74.1708,15.6558 74.16935,15.65568 74.1681,15.65545 74.16786,15.65552 74.16518,15.65626 74.16517,15.65626 74.16511,15.6569 74.16509,15.65714 74.16507,15.65731 74.16502,15.6579 74.16501,15.65791 74.1651,15.65869 74.16519,15.65947 74.16524,15.65993 74.16536,15.66117 74.16548,15.66256 74.16558,15.66371 74.16568,15.6649 74.16603,15.66647 74.16652,15.6687 74.16665,15.66913 74.16672,15.66939 74.16685,15.66981 74.16723,15.67061 74.16735,15.67076 74.16765,15.67115 74.1678,15.6712 74.16783,15.67121 74.16742,15.67199 74.1674,15.67202 74.16751,15.67211 74.16783,15.67237 74.16798,15.6725 74.16813,15.6726 74.16877,15.67309 74.16878,15.6731 74.16889,15.6731 74.16944,15.67312 74.17018,15.67316 74.17021,15.67316 74.17069,15.67338 74.17074,15.6734 74.17104,15.67354 74.17139,15.67369 74.1719,15.67391 74.17208,15.674 74.17366,15.67539 74.17419,15.67643 74.17464,15.67711 74.17478,15.67791 74.1759,15.67903 74.17809,15.68039 74.17911,15.68091 74.17971,15.68149 74.17977,15.68155 74.17978,15.68155 74.18048,15.68193 74.18153,15.68214 74.18156,15.68215 74.18193,15.68221 74.18329,15.68202 74.18411,15.68176 74.18454,15.6815 74.18474,15.68137 74.185,15.68124 74.18507,15.68121 74.18528,15.68113 74.18538,15.68111 74.1858,15.68102 74.18601,15.68101 74.18623,15.681</coordinates></LinearRing></outerBoundaryIs></Polygon></MultiGeometry>
  </Placemark>
  <Placemark id="WG_ESA_2024_GA.56">
	<name>Ustem</name>
	<Style><LineStyle><color>ff0000ff</color></LineStyle><PolyStyle><fill>0</fill></PolyStyle></Style>
	<ExtendedData><SchemaData schemaUrl="#WG_ESA_2024_GA">
		<SimpleData name="esa_category">whole_village</SimpleData>
		<SimpleData name="area_km2">4.372</SimpleData>
	</SchemaData></ExtendedData>
      <MultiGeometry><Polygon><outerBoundaryIs><LinearRing><coordinates>74.21443,15.56822 74.21417,15.56715 74.21328,15.56558 74.21275,15.56416 74.21218,15.56282 74.21214,15.56272 74.21183,15.56181 74.20991,15.56172 74.20754,15.56162 74.20688,15.56137 74.20645,15.56114 74.20638,15.56096 74.20617,15.56012 74.20615,15.55943 74.20613,15.5583 74.20631,15.55693 74.20616,15.55588 74.20585,15.5551 74.20523,15.55436 74.20336,15.55252 74.20246,15.55149 74.2021,15.55092 74.20202,15.55036 74.20251,15.54979 74.20325,15.54931 74.20432,15.5488 74.20495,15.54823 74.20524,15.54768 74.20541,15.54682 74.20524,15.5461 74.20476,15.54577 74.20435,15.54556 74.20364,15.54559 74.20332,15.54575 74.20261,15.54607 74.20167,15.54639 74.20026,15.54703 74.19941,15.54731 74.19886,15.54748 74.19838,15.54838 74.19758,15.54968 74.19673,15.55071 74.195,15.55234 74.19423,15.55303 74.19379,15.55403 74.19317,15.5548 74.19262,15.55551 74.19191,15.55626 74.19102,15.55734 74.19059,15.55776 74.19043,15.55827 74.19049,15.559 74.19058,15.55953 74.19056,15.55967 74.19017,15.55995 74.18964,15.56028 74.18934,15.56041 74.18822,15.56011 74.18672,15.56221 74.1859,15.56299 74.18496,15.56382 74.18458,15.5643 74.1861,15.5653 74.18715,15.56588 74.18865,15.56645 74.19022,15.56675 74.19127,15.567 74.19191,15.56739 74.19285,15.56812 74.19359,15.56844 74.19368,15.56845 74.19395,15.56844 74.1941,15.56839 74.19429,15.56836 74.19446,15.56835 74.19454,15.56837 74.19474,15.56843 74.19499,15.56859 74.19529,15.56871 74.19555,15.56876 74.1962,15.56877 74.19659,15.56875 74.19683,15.56869 74.19713,15.56866 74.19743,15.56855 74.19768,15.56876 74.19809,15.56895 74.19833,15.56913 74.19845,15.56924 74.19872,15.56958 74.1989,15.56987 74.19893,15.56998 74.19895,15.57002 74.19902,15.57018 74.19924,15.57059 74.19943,15.57083 74.19947,15.5709 74.19954,15.57096 74.19956,15.57101 74.19958,15.57103 74.2003,15.57114 74.20075,15.57122 74.2024,15.57205 74.20395,15.57263 74.20479,15.57206 74.20522,15.5718 74.20572,15.57144 74.20631,15.57099 74.2065,15.57069 74.20686,15.57014 74.20696,15.56995 74.20836,15.5697 74.20899,15.56954 74.20983,15.56922 74.21091,15.56911 74.21222,15.56893 74.21343,15.56888 74.21422,15.56898 74.21458,15.56882 74.21443,15.56822</coordinates></LinearRing></outerBoundaryIs></Polygon></MultiGeometry>
  </Placemark>
  <Placemark id="WG_ESA_2024_GA.57">
	<name>Vainguinim</name>
	<Style><LineStyle><color>ff0000ff</color></LineStyle><PolyStyle><fill>0</fill></PolyStyle></Style>
	<ExtendedData><SchemaData schemaUrl="#WG_ESA_2024_GA">
		<SimpleData name="esa_category">whole_village</SimpleData>
		<SimpleData name="area_km2">8.728</SimpleData>
	</SchemaData></ExtendedData>
      <MultiGeometry><Polygon><outerBoundaryIs><LinearRing><coordinates>74.26001,15.5983 74.25993,15.59813 74.2599,15.59807 74.25979,15.59784 74.25969,15.59741 74.25959,15.59632 74.25984,15.595 74.25993,15.59459 74.26011,15.59376 74.26022,15.59309 74.26025,15.59293 74.26025,15.59287 74.26025,15.59263 74.25985,15.59215 74.25969,15.59197 74.25732,15.58951 74.25558,15.58758 74.25452,15.58641 74.25338,15.58515 74.25169,15.58347 74.24974,15.58141 74.24924,15.58089 74.24875,15.58039 74.24874,15.58038 74.24876,15.58035 74.24885,15.58017 74.24907,15.57974 74.24923,15.57944 74.24941,15.57916 74.2505,15.57741 74.25053,15.57737 74.25039,15.57716 74.25,15.57661 74.24991,15.57648 74.24991,15.57647 74.24942,15.57548 74.24922,15.57507 74.24901,15.57471 74.24863,15.57397 74.24826,15.57325 74.24616,15.56901 74.24531,15.5672 74.24523,15.56682 74.24522,15.56676 74.24521,15.56668 74.24519,15.5666 74.24536,15.56665 74.2448,15.56616 74.24383,15.56636 74.24275,15.56661 74.24206,15.56704 74.24123,15.56767 74.24061,15.56812 74.23997,15.56856 74.23897,15.56898 74.2382,15.5692 74.23748,15.56951 74.23696,15.56978 74.23575,15.57022 74.23561,15.57027 74.23563,15.57048 74.2353,15.57177 74.23496,15.57233 74.23484,15.57252 74.23443,15.57315 74.23393,15.57407 74.23302,15.57527 74.23204,15.57628 74.23096,15.57722 74.23025,15.57758 74.22903,15.57756 74.2283,15.57746 74.22734,15.57717 74.22575,15.57654 74.2231,15.57593 74.22277,15.57627 74.22242,15.57689 74.22226,15.57706 74.22221,15.57718 74.22198,15.57749 74.22181,15.57782 74.22148,15.57833 74.22118,15.57884 74.22098,15.57929 74.22075,15.57965 74.22053,15.57994 74.22043,15.58001 74.22042,15.58004 74.22022,15.58022 74.22015,15.5803 74.21922,15.5809 74.21857,15.582 74.21786,15.5831 74.21789,15.58311 74.21886,15.58351 74.21973,15.58388 74.2199,15.58404 74.21958,15.58514 74.21907,15.58553 74.2184,15.58625 74.21752,15.58715 74.21657,15.58796 74.21756,15.58833 74.21825,15.58852 74.21899,15.58881 74.22039,15.58998 74.22148,15.59071 74.22231,15.5911 74.22336,15.59125 74.22483,15.59097 74.22594,15.59069 74.22655,15.59092 74.22884,15.59264 74.22982,15.5937 74.23111,15.59444 74.23202,15.59458 74.23222,15.59462 74.23249,15.59471 74.23283,15.59475 74.23329,15.59478 74.23337,15.59481 74.23349,15.5948 74.23368,15.59485 74.23385,15.59485 74.2339,15.59487 74.2341,15.59486 74.23437,15.59489 74.23458,15.59488 74.23469,15.5949 74.23512,15.59489 74.23537,15.59493 74.23547,15.59493 74.23612,15.5951 74.23673,15.59527 74.23706,15.59534 74.23725,15.59537 74.23744,15.59542 74.23765,15.59549 74.23792,15.59553 74.23808,15.59558 74.23862,15.59565 74.2387,15.59563 74.23906,15.59568 74.23933,15.59549 74.24017,15.59531 74.24167,15.59499 74.24318,15.59445 74.24415,15.59402 74.24557,15.59448 74.24741,15.5947 74.24859,15.59627 74.24905,15.59719 74.24942,15.59735 74.25005,15.59791 74.25082,15.5985 74.25121,15.59838 74.25152,15.59823 74.25185,15.59815 74.25207,15.59811 74.25238,15.59812 74.2527,15.59822 74.2533,15.5985 74.25369,15.59858 74.25422,15.59849 74.25458,15.59842 74.25493,15.59856 74.25534,15.59873 74.25559,15.59889 74.25603,15.59892 74.25698,15.59887 74.2577,15.59887 74.25971,15.59925 74.2608,15.60066 74.26075,15.60041 74.26061,15.59972 74.26043,15.59915 74.26001,15.5983</coordinates></LinearRing></outerBoundaryIs></Polygon></MultiGeometry>
  </Placemark>
  <Placemark id="WG_ESA_2024_GA.58">
	<name>Velguem</name>
	<Style><LineStyle><color>ff0000ff</color></LineStyle><PolyStyle><fill>0</fill></PolyStyle></Style>
	<ExtendedData><SchemaData schemaUrl="#WG_ESA_2024_GA">
		<SimpleData name="esa_category">whole_village</SimpleData>
		<SimpleData name="area_km2">6.612</SimpleData>
	</SchemaData></ExtendedData>
      <MultiGeometry><Polygon><outerBoundaryIs><LinearRing><coordinates>74.16114,15.51729 74.1611,15.51714 74.16116,15.51706 74.16119,15.51698 74.16121,15.51676 74.16121,15.51648 74.16123,15.51638 74.16129,15.5163 74.16132,15.51618 74.16136,15.51614 74.16138,15.51607 74.16164,15.51577 74.16171,15.51565 74.16185,15.51547 74.16193,15.51548 74.16211,15.51544 74.16235,15.51532 74.1625,15.51529 74.16267,15.51527 74.16318,15.51528 74.16351,15.51523 74.16354,15.51519 74.16368,15.51508 74.16399,15.51474 74.16402,15.51467 74.16405,15.51453 74.16404,15.51435 74.16401,15.51423 74.16394,15.51408 74.16393,15.51397 74.16396,15.51371 74.16405,15.51358 74.16421,15.5135 74.16436,15.51343 74.1646,15.5133 74.16479,15.51316 74.16496,15.51295 74.16508,15.51273 74.1653,15.51242 74.16549,15.51224 74.16551,15.51219 74.16559,15.51213 74.16593,15.51209 74.16595,15.51139 74.16596,15.51078 74.16599,15.50995 74.16601,15.50929 74.16602,15.50899 74.16592,15.50871 74.16571,15.50843 74.1653,15.50817 74.16532,15.50785 74.16566,15.50718 74.16569,15.50683 74.16599,15.50626 74.16632,15.5058 74.16658,15.50507 74.16702,15.50471 74.16763,15.50446 74.16803,15.50442 74.16923,15.50442 74.1697,15.50424 74.1707,15.50385 74.17192,15.50351 74.17298,15.50327 74.17302,15.50326 74.17331,15.5018 74.17331,15.50169 74.17273,15.50125 74.1724,15.5007 74.17217,15.50002 74.17208,15.49959 74.1719,15.49955 74.17136,15.49941 74.1709,15.49928 74.1704,15.49894 74.17006,15.49857 74.16983,15.49807 74.16968,15.49754 74.16952,15.49711 74.16919,15.49689 74.16898,15.49671 74.16875,15.49649 74.1687,15.49644 74.16841,15.49603 74.16812,15.49555 74.16764,15.49508 74.16738,15.49487 74.16713,15.4946 74.16697,15.49444 74.16676,15.49425 74.16667,15.49415 74.16662,15.49406 74.16653,15.49392 74.16647,15.49385 74.16643,15.49379 74.16622,15.49354 74.1661,15.4935 74.16601,15.49348 74.16592,15.49348 74.16586,15.49349 74.16578,15.49351 74.16561,15.49363 74.16556,15.49367 74.16548,15.49382 74.16547,15.49386 74.16547,15.4939 74.16546,15.49392 74.16542,15.49393 74.16529,15.49401 74.16526,15.49402 74.16519,15.49402 74.16511,15.494 74.16498,15.49395 74.16473,15.49384 74.16436,15.49371 74.16418,15.49368 74.16411,15.49368 74.16398,15.49371 74.16382,15.49371 74.16379,15.49372 74.16373,15.49372 74.16365,15.49371 74.16354,15.49368 74.16329,15.49357 74.1631,15.4935 74.16273,15.49343 74.16252,15.49336 74.1624,15.49331 74.16231,15.49325 74.16227,15.49322 74.16224,15.4932 74.16217,15.49313 74.1621,15.49311 74.16207,15.49308 74.16204,15.49302 74.16203,15.493 74.16197,15.49297 74.16189,15.49289 74.16178,15.49268 74.16176,15.49267 74.16172,15.49265 74.16169,15.49262 74.16167,15.49261 74.16142,15.49252 74.16065,15.49213 74.15994,15.49149 74.15885,15.49052 74.15835,15.48994 74.15824,15.48947 74.15833,15.48851 74.15772,15.48815 74.15652,15.48756 74.15607,15.48808 74.15595,15.48844 74.15575,15.48902 74.15558,15.48929 74.15512,15.48963 74.15487,15.48983 74.15437,15.49023 74.15387,15.49056 74.15338,15.49104 74.15296,15.49146 74.15275,15.49163 74.15232,15.49183 74.15198,15.49192 74.15193,15.49184 74.15186,15.49175 74.15179,15.4917 74.15168,15.49166 74.15154,15.49164 74.15145,15.49164 74.15128,15.49169 74.15108,15.49178 74.15101,15.49182 74.15096,15.49186 74.15083,15.49201 74.15074,15.49207 74.15046,15.49216 74.1502,15.49222 74.1501,15.49226 74.15002,15.4923 74.14982,15.49243 74.14973,15.4925 74.14928,15.49291 74.14912,15.49304 74.14903,15.49309 74.14882,15.49327 74.14881,15.49327 74.14877,15.4933 74.14871,15.49335 74.14853,15.49343 74.14891,15.49482 74.14901,15.4952 74.14921,15.49642 74.14936,15.49689 74.14975,15.49762 74.15004,15.49806 74.15026,15.49897 74.15033,15.4997 74.15064,15.50073 74.15058,15.50112 74.15025,15.50154 74.14997,15.50185 74.14939,15.50253 74.14868,15.5031 74.14821,15.50346 74.14821,15.50377 74.14883,15.50528 74.14877,15.50589 74.14871,15.50639 74.14848,15.50712 74.14818,15.50761 74.14806,15.50803 74.148,15.50858 74.14791,15.50945 74.14763,15.51179 74.14728,15.51307 74.14683,15.51412 74.14607,15.51411 74.14543,15.51689 74.14509,15.51704 74.14515,15.51706 74.14584,15.51734 74.14642,15.51782 74.14676,15.51828 74.14731,15.51914 74.14768,15.5196 74.14864,15.52046 74.14903,15.52087 74.14929,15.52128 74.14935,15.52155 74.14937,15.52188 74.14937,15.52193 74.14944,15.52229 74.14957,15.52253 74.1499,15.52282 74.15032,15.52326 74.15072,15.52377 74.15114,15.52448 74.15144,15.52526 74.15164,15.52582 74.15166,15.52653 74.15173,15.52664 74.15182,15.52679 74.15197,15.52695 74.15223,15.52714 74.15255,15.52734 74.15294,15.52765 74.15355,15.52815 74.15389,15.52837 74.1541,15.52846 74.15443,15.52862 74.15455,15.5287 74.15474,15.52882 74.15491,15.52889 74.15508,15.52891 74.1554,15.52883 74.15563,15.5287 74.15582,15.52863 74.15623,15.52855 74.15672,15.52831 74.15701,15.52803 74.15717,15.52775 74.15718,15.52733 74.15703,15.52651 74.15687,15.52584 74.15672,15.52535 74.15664,15.52491 74.1565,15.52454 74.15635,15.52418 74.15603,15.52372 74.15583,15.52337 74.15578,15.52308 74.15578,15.52269 74.15584,15.52241 74.15605,15.5219 74.15598,15.52143 74.15597,15.52099 74.15599,15.52067 74.15605,15.52025 74.15614,15.51973 74.15649,15.51952 74.15726,15.51916 74.15817,15.51863 74.15892,15.51833 74.16011,15.51796 74.16101,15.51764 74.16112,15.51754 74.16114,15.51729</coordinates></LinearRing></outerBoundaryIs></Polygon></MultiGeometry>
  </Placemark>
  <Placemark id="WG_ESA_2024_GA.59">
	<name>Xelopo - Buzruco</name>
	<Style><LineStyle><color>ff0000ff</color></LineStyle><PolyStyle><fill>0</fill></PolyStyle></Style>
	<ExtendedData><SchemaData schemaUrl="#WG_ESA_2024_GA">
		<SimpleData name="esa_category">whole_village</SimpleData>
		<SimpleData name="area_km2">1.689</SimpleData>
	</SchemaData></ExtendedData>
      <MultiGeometry><Polygon><outerBoundaryIs><LinearRing><coordinates>74.17655,15.58428 74.17392,15.58449 74.1725,15.58434 74.17216,15.58435 74.16938,15.58427 74.16778,15.58416 74.16773,15.58419 74.16644,15.58503 74.16517,15.58596 74.16303,15.58722 74.16004,15.58822 74.15878,15.58873 74.1588,15.58878 74.15902,15.58924 74.159,15.58928 74.15899,15.58935 74.159,15.58978 74.15853,15.59019 74.15751,15.59075 74.15549,15.59168 74.15455,15.59229 74.15397,15.59272 74.15185,15.59281 74.15157,15.5928 74.15258,15.59343 74.15414,15.59439 74.15455,15.59436 74.1559,15.59414 74.15662,15.59439 74.15681,15.59474 74.157,15.59516 74.15771,15.59578 74.15833,15.59611 74.15855,15.5965 74.15861,15.59711 74.15922,15.59664 74.1598,15.59631 74.16193,15.59641 74.16212,15.59571 74.16394,15.5954 74.16455,15.59541 74.16522,15.59528 74.16595,15.59403 74.16693,15.59287 74.16744,15.59256 74.16904,15.59184 74.17031,15.59149 74.1716,15.59082 74.17236,15.5902 74.17406,15.588 74.17539,15.58766 74.17686,15.587 74.17655,15.58428</coordinates></LinearRing></outerBoundaryIs></Polygon></MultiGeometry>
  </Placemark>
  <Placemark id="WG_ESA_2024_GA.60">
	<name>Xelopo - Curdo</name>
	<Style><LineStyle><color>ff0000ff</color></LineStyle><PolyStyle><fill>0</fill></PolyStyle></Style>
	<ExtendedData><SchemaData schemaUrl="#WG_ESA_2024_GA">
		<SimpleData name="esa_category">whole_village</SimpleData>
		<SimpleData name="area_km2">4.363</SimpleData>
	</SchemaData></ExtendedData>
      <MultiGeometry><Polygon><outerBoundaryIs><LinearRing><coordinates>74.17807,15.47992 74.17805,15.47987 74.17799,15.47977 74.17782,15.47955 74.17781,15.47954 74.17779,15.47956 74.17773,15.47958 74.17824,15.47788 74.17857,15.47734 74.17891,15.47685 74.17874,15.47626 74.17815,15.47573 74.17745,15.47534 74.1774,15.47509 74.17735,15.47422 74.17716,15.47298 74.17692,15.4729 74.17632,15.47261 74.17464,15.47219 74.17247,15.47153 74.17119,15.47117 74.17038,15.47089 74.16972,15.4705 74.16954,15.4703 74.1694,15.46996 74.16933,15.46935 74.16842,15.47 74.16738,15.47069 74.16658,15.47124 74.1657,15.47204 74.16543,15.47259 74.16532,15.47352 74.16504,15.47494 74.16425,15.47626 74.16313,15.47716 74.1624,15.47803 74.16195,15.47893 74.162,15.47962 74.16207,15.4803 74.16206,15.48062 74.16167,15.48115 74.16101,15.48195 74.16052,15.48231 74.15995,15.48273 74.1592,15.48358 74.15879,15.48406 74.15823,15.48484 74.15748,15.48613 74.15696,15.48689 74.15652,15.48756 74.15772,15.48815 74.15833,15.48851 74.15824,15.48947 74.15835,15.48994 74.15885,15.49052 74.15994,15.49149 74.16065,15.49213 74.16142,15.49252 74.16167,15.49261 74.16169,15.49262 74.16172,15.49265 74.16176,15.49267 74.16178,15.49268 74.16189,15.49289 74.16197,15.49297 74.16203,15.493 74.16204,15.49302 74.16207,15.49308 74.1621,15.49311 74.16217,15.49313 74.16224,15.4932 74.16227,15.49322 74.16231,15.49325 74.1624,15.49331 74.16252,15.49336 74.16273,15.49343 74.1631,15.4935 74.16329,15.49357 74.16354,15.49368 74.16365,15.49371 74.16373,15.49372 74.16379,15.49372 74.16382,15.49371 74.16398,15.49371 74.16411,15.49368 74.16418,15.49368 74.16436,15.49371 74.16473,15.49384 74.16498,15.49395 74.16511,15.494 74.16519,15.49402 74.16526,15.49402 74.16529,15.49401 74.16542,15.49393 74.16546,15.49392 74.16547,15.4939 74.16547,15.49386 74.16548,15.49382 74.16556,15.49367 74.16561,15.49363 74.16578,15.49351 74.16586,15.49349 74.16592,15.49348 74.16601,15.49348 74.1661,15.4935 74.16622,15.49354 74.16643,15.49379 74.16647,15.49385 74.16653,15.49392 74.16662,15.49406 74.16667,15.49415 74.16676,15.49425 74.16697,15.49444 74.16713,15.4946 74.16738,15.49487 74.16764,15.49508 74.16812,15.49555 74.16841,15.49603 74.1687,15.49644 74.16875,15.49649 74.16898,15.49671 74.16919,15.49689 74.16952,15.49711 74.16968,15.49754 74.16983,15.49807 74.17006,15.49857 74.1704,15.49894 74.1709,15.49928 74.17461,15.49364 74.17556,15.49016 74.1767,15.48594 74.17809,15.48001 74.17807,15.47992</coordinates></LinearRing></outerBoundaryIs></Polygon></MultiGeometry>
  </Placemark>
  <Placemark id="WG_ESA_2024_GA.61">
	<name>Zarani</name>
	<Style><LineStyle><color>ff0000ff</color></LineStyle><PolyStyle><fill>0</fill></PolyStyle></Style>
	<ExtendedData><SchemaData schemaUrl="#WG_ESA_2024_GA">
		<SimpleData name="esa_category">whole_village</SimpleData>
		<SimpleData name="area_km2">8.684</SimpleData>
	</SchemaData></ExtendedData>
      <MultiGeometry><Polygon><outerBoundaryIs><LinearRing><coordinates>74.22221,15.57718 74.22226,15.57706 74.22242,15.57689 74.22277,15.57627 74.2231,15.57593 74.22575,15.57654 74.22734,15.57717 74.2283,15.57746 74.22903,15.57756 74.23025,15.57758 74.23096,15.57722 74.23204,15.57628 74.23302,15.57527 74.23393,15.57407 74.23443,15.57315 74.23484,15.57252 74.23496,15.57233 74.2353,15.57177 74.23563,15.57048 74.23561,15.57027 74.23575,15.57022 74.23696,15.56978 74.23748,15.56951 74.2382,15.5692 74.23897,15.56898 74.23997,15.56856 74.24061,15.56812 74.24123,15.56767 74.24206,15.56704 74.24275,15.56661 74.24383,15.56636 74.2448,15.56616 74.24536,15.56665 74.24539,15.56666 74.24638,15.56695 74.2467,15.56705 74.24922,15.56779 74.24942,15.56773 74.24955,15.56769 74.24967,15.56765 74.24981,15.56757 74.2503,15.56729 74.25152,15.56622 74.25277,15.56528 74.2531,15.565 74.25311,15.56499 74.25423,15.56404 74.25519,15.56322 74.25651,15.5624 74.25652,15.5624 74.25668,15.5623 74.2571,15.56206 74.2574,15.56192 74.25755,15.56185 74.25782,15.56179 74.25791,15.56177 74.25833,15.56169 74.25841,15.56169 74.25858,15.56168 74.25884,15.56173 74.25903,15.56176 74.25939,15.56193 74.25965,15.56223 74.25957,15.562 74.25924,15.56163 74.25887,15.56145 74.25782,15.56069 74.25613,15.55965 74.2558,15.55944 74.25552,15.55927 74.25427,15.55855 74.25358,15.55807 74.253,15.55745 74.25277,15.55715 74.25214,15.55693 74.25087,15.55671 74.24984,15.55661 74.2493,15.5564 74.24906,15.55625 74.24863,15.55583 74.24829,15.55569 74.24774,15.55564 74.24724,15.55556 74.24671,15.55534 74.24665,15.55531 74.24641,15.5548 74.24614,15.55422 74.2459,15.55366 74.24534,15.55292 74.24464,15.55229 74.2437,15.55201 74.24268,15.55195 74.24217,15.55208 74.23995,15.552 74.23425,15.55292 74.22987,15.5542 74.22436,15.55585 74.21999,15.55537 74.21935,15.55631 74.21896,15.55713 74.21885,15.55783 74.21839,15.55889 74.21801,15.55956 74.21781,15.56004 74.21784,15.5605 74.21737,15.56204 74.2161,15.56194 74.21519,15.56192 74.21437,15.56203 74.21318,15.56177 74.21183,15.56181 74.21214,15.56272 74.21218,15.56282 74.21275,15.56416 74.21328,15.56558 74.21417,15.56715 74.21443,15.56822 74.21458,15.56882 74.2146,15.56888 74.21473,15.56942 74.21513,15.57035 74.21534,15.57173 74.21537,15.57284 74.21499,15.57377 74.21448,15.57433 74.21402,15.57455 74.21305,15.5748 74.21164,15.57492 74.21072,15.57499 74.20907,15.57523 74.20811,15.57549 74.20746,15.57575 74.20723,15.5761 74.20714,15.57645 74.20731,15.57694 74.20754,15.57703 74.20786,15.57717 74.20886,15.57727 74.20982,15.5772 74.21055,15.57725 74.2115,15.57762 74.21277,15.57852 74.2134,15.57915 74.2139,15.57969 74.21435,15.58019 74.21493,15.58064 74.21579,15.58138 74.21642,15.58206 74.21705,15.58255 74.21786,15.5831 74.21857,15.582 74.21922,15.5809 74.22015,15.5803 74.22022,15.58022 74.22042,15.58004 74.22043,15.58001 74.22053,15.57994 74.22075,15.57965 74.22098,15.57929 74.22118,15.57884 74.22148,15.57833 74.22181,15.57782 74.22198,15.57749 74.22221,15.57718</coordinates></LinearRing></outerBoundaryIs></Polygon></MultiGeometry>
  </Placemark>
  <Placemark id="WG_ESA_2024_GA.62">
	<name>Zormen</name>
	<Style><LineStyle><color>ff0000ff</color></LineStyle><PolyStyle><fill>0</fill></PolyStyle></Style>
	<ExtendedData><SchemaData schemaUrl="#WG_ESA_2024_GA">
		<SimpleData name="esa_category">whole_village</SimpleData>
		<SimpleData name="area_km2">7.271</SimpleData>
	</SchemaData></ExtendedData>
      <MultiGeometry><Polygon><outerBoundaryIs><LinearRing><coordinates>74.10775,15.59214 74.10859,15.59137 74.10966,15.59054 74.10998,15.59016 74.1105,15.58963 74.11108,15.58884 74.11146,15.58835 74.11193,15.5875 74.11222,15.58696 74.11274,15.58606 74.11315,15.58558 74.11399,15.58466 74.11472,15.5841 74.11519,15.58375 74.11487,15.58339 74.11462,15.58302 74.11413,15.58238 74.11391,15.58214 74.11354,15.58157 74.11314,15.58106 74.11284,15.58068 74.11233,15.58049 74.11177,15.58022 74.11118,15.58012 74.11086,15.58005 74.11022,15.58002 74.10993,15.57993 74.10955,15.57978 74.10943,15.57966 74.10928,15.57942 74.10912,15.57913 74.10876,15.57868 74.10853,15.57838 74.10835,15.57804 74.10832,15.57769 74.10815,15.57713 74.10809,15.57672 74.10811,15.57655 74.10822,15.57619 74.1085,15.57561 74.10861,15.57544 74.10897,15.57466 74.10944,15.57369 74.10961,15.57342 74.10992,15.57271 74.11015,15.57189 74.11024,15.57174 74.1104,15.57125 74.11065,15.57069 74.11085,15.57043 74.11114,15.56992 74.10927,15.56934 74.10762,15.56877 74.1064,15.56857 74.10598,15.56813 74.1052,15.56657 74.10426,15.5657 74.10366,15.56543 74.10306,15.56519 74.10243,15.56472 74.10152,15.56397 74.09984,15.56306 74.09917,15.56249 74.09858,15.56154 74.09816,15.56107 74.09693,15.56043 74.09556,15.55938 74.09524,15.55906 74.09472,15.55854 74.09396,15.55798 74.09369,15.55828 74.0936,15.55853 74.09357,15.55895 74.09359,15.55952 74.09365,15.55974 74.09373,15.56027 74.09379,15.56068 74.09365,15.56133 74.09355,15.56159 74.09322,15.56197 74.09309,15.56225 74.0928,15.56293 74.09275,15.56344 74.09271,15.56412 74.09248,15.56465 74.09232,15.5648 74.09205,15.56492 74.09164,15.56504 74.0913,15.56522 74.09115,15.56548 74.09097,15.56574 74.09066,15.56642 74.09024,15.56707 74.08995,15.56746 74.08985,15.5676 74.08937,15.56806 74.08897,15.56858 74.08886,15.56869 74.08862,15.56916 74.08836,15.56972 74.08804,15.57026 74.08796,15.57039 74.08758,15.57087 74.0874,15.57109 74.08708,15.57148 74.08694,15.57163 74.08652,15.57207 74.08634,15.57229 74.08601,15.57267 74.08577,15.57289 74.08544,15.57326 74.08532,15.57349 74.08517,15.57386 74.08506,15.57419 74.08495,15.57461 74.08482,15.57479 74.08475,15.57493 74.08459,15.57526 74.08445,15.57548 74.08408,15.5759 74.08375,15.57627 74.08364,15.57649 74.08352,15.57715 74.08344,15.57779 74.08343,15.57824 74.08331,15.57881 74.08377,15.57952 74.08414,15.58014 74.08438,15.58046 74.08576,15.58078 74.08693,15.58105 74.08727,15.5811 74.08803,15.5812 74.08833,15.58126 74.08877,15.58143 74.08934,15.58224 74.08963,15.58254 74.0903,15.58331 74.09032,15.58379 74.09027,15.58453 74.09022,15.58532 74.09014,15.58614 74.09055,15.58682 74.09118,15.58739 74.09135,15.58754 74.09174,15.58804 74.09275,15.58904 74.09318,15.58951 74.09351,15.59021 74.09387,15.59078 74.09446,15.59121 74.09501,15.59169 74.09515,15.59185 74.09539,15.59241 74.09599,15.59264 74.09655,15.59273 74.0971,15.59278 74.09769,15.59277 74.09853,15.59268 74.09896,15.59263 74.10056,15.59257 74.10098,15.59258 74.10219,15.5926 74.10283,15.59255 74.10379,15.59229 74.10423,15.59218 74.10474,15.5922 74.10552,15.59225 74.1061,15.59236 74.10667,15.59289 74.10775,15.59214</coordinates></LinearRing></outerBoundaryIs></Polygon></MultiGeometry>
  </Placemark>
  <Placemark id="WG_ESA_2024_GA.63">
	<name>Gangem</name>
	<Style><LineStyle><color>ff0000ff</color></LineStyle><PolyStyle><fill>0</fill></PolyStyle></Style>
	<ExtendedData><SchemaData schemaUrl="#WG_ESA_2024_GA">
		<SimpleData name="esa_category">bifurcated_village</SimpleData>
		<SimpleData name="area_km2">5.262</SimpleData>
	</SchemaData></ExtendedData>
      <MultiGeometry><Polygon><outerBoundaryIs><LinearRing><coordinates>74.09617,15.46088 74.09755,15.45752 74.09785,15.45433 74.0986,15.45099 74.09875,15.45027 74.10026,15.44606 74.10288,15.44227 74.10387,15.44083 74.10436,15.44054 74.10434,15.44042 74.10436,15.44021 74.10451,15.43987 74.10453,15.43983 74.10471,15.43968 74.10485,15.43941 74.10493,15.43918 74.10476,15.43887 74.10444,15.43879 74.10401,15.43855 74.10374,15.43834 74.10353,15.43774 74.10338,15.4371 74.10329,15.43662 74.10298,15.43619 74.10284,15.43598 74.10249,15.43576 74.10165,15.43583 74.1012,15.4358 74.10091,15.43557 74.10025,15.43535 74.09962,15.4354 74.09838,15.43511 74.09769,15.43487 74.09734,15.43469 74.09669,15.43418 74.09612,15.43396 74.09596,15.43392 74.09575,15.43382 74.09555,15.43378 74.09549,15.43376 74.09541,15.4338 74.09531,15.43391 74.09529,15.43401 74.09527,15.43411 74.09533,15.43416 74.0955,15.43415 74.09566,15.43415 74.09576,15.43417 74.09572,15.43424 74.09564,15.43432 74.09558,15.43438 74.0955,15.43443 74.09532,15.43466 74.09516,15.43485 74.09487,15.43532 74.09473,15.43564 74.09427,15.436 74.09367,15.43651 74.09354,15.43682 74.09344,15.43724 74.09337,15.43758 74.09325,15.43795 74.09312,15.43848 74.09302,15.43879 74.09305,15.43916 74.09319,15.43937 74.09346,15.43984 74.09368,15.44009 74.09393,15.4404 74.09408,15.44069 74.0941,15.44088 74.09408,15.44103 74.09403,15.44121 74.09385,15.44145 74.09346,15.4422 74.09321,15.44278 74.0929,15.44377 74.0924,15.44438 74.09201,15.44493 74.09169,15.44544 74.09133,15.4459 74.09116,15.44624 74.09088,15.44674 74.09074,15.4471 74.09043,15.44733 74.09023,15.44744 74.0901,15.44752 74.08986,15.44763 74.08962,15.44768 74.08926,15.44779 74.08904,15.44785 74.08872,15.44792 74.0885,15.44794 74.08829,15.44788 74.08793,15.44779 74.08761,15.44779 74.08734,15.44773 74.08695,15.44772 74.08694,15.44772 74.08681,15.44772 74.08652,15.44804 74.08636,15.44827 74.08628,15.44856 74.08607,15.44903 74.08597,15.44963 74.08592,15.44999 74.08588,15.45018 74.08556,15.45064 74.08517,15.45089 74.08457,15.45122 74.08384,15.4515 74.0833,15.45174 74.08236,15.45225 74.08176,15.45259 74.08043,15.45328 74.07947,15.45363 74.07913,15.45374 74.07885,15.4538 74.07861,15.45385 74.0783,15.454 74.07807,15.45445 74.07789,15.45497 74.07774,15.45556 74.07755,15.45608 74.07709,15.45669 74.07666,15.4572 74.0763,15.45761 74.07589,15.4582 74.07577,15.45874 74.0758,15.45926 74.07583,15.45976 74.07587,15.46012 74.07572,15.46066 74.0757,15.46093 74.07573,15.46108 74.07573,15.46122 74.07585,15.46131 74.07593,15.46136 74.07615,15.46113 74.07639,15.46101 74.07665,15.46094 74.07685,15.46094 74.07698,15.46096 74.07715,15.46112 74.07721,15.46118 74.07761,15.46149 74.0781,15.46198 74.07829,15.46216 74.07849,15.46233 74.07884,15.46266 74.07929,15.46315 74.07977,15.46368 74.0802,15.46423 74.08054,15.4648 74.08085,15.46523 74.08127,15.46561 74.08174,15.46592 74.0824,15.46627 74.08311,15.4664 74.08428,15.46665 74.08509,15.46673 74.08624,15.46681 74.08707,15.46692 74.08813,15.46722 74.08976,15.46775 74.09008,15.46783 74.09043,15.46794 74.09308,15.46863 74.09333,15.46783 74.09345,15.46753 74.09443,15.46514 74.09473,15.46439 74.09617,15.46088</coordinates></LinearRing></outerBoundaryIs></Polygon></MultiGeometry>
  </Placemark>
  <Placemark id="WG_ESA_2024_GA.64">
	<name>Cola</name>
	<Style><LineStyle><color>ff0000ff</color></LineStyle><PolyStyle><fill>0</fill></PolyStyle></Style>
	<ExtendedData><SchemaData schemaUrl="#WG_ESA_2024_GA">
		<SimpleData name="esa_category">whole_village</SimpleData>
		<SimpleData name="area_km2">32.546</SimpleData>
	</SchemaData></ExtendedData>
      <MultiGeometry><Polygon><outerBoundaryIs><LinearRing><coordinates>73.94179,15.11187 73.94291,15.11024 73.94329,15.10982 73.94386,15.10931 73.94429,15.10891 73.94589,15.10774 73.94747,15.10661 73.94781,15.10579 73.9482,15.10486 73.94845,15.10418 73.94867,15.10371 73.94975,15.10143 73.95046,15.09971 73.95162,15.09744 73.95209,15.09628 73.95274,15.09527 73.95276,15.09525 73.95367,15.09445 73.9541,15.09413 73.95477,15.09387 73.95539,15.09283 73.9554,15.09283 73.95563,15.09222 73.9559,15.09168 73.95629,15.0912 73.95788,15.08925 73.95824,15.08875 73.95891,15.08875 73.9596,15.08905 73.96188,15.09035 73.96473,15.0919 73.97157,15.0954 73.97462,15.09661 73.97585,15.09696 73.97653,15.09721 73.98041,15.09893 73.98104,15.09879 73.98172,15.09873 73.98359,15.09849 73.98395,15.09843 73.98419,15.09827 73.98538,15.09774 73.98594,15.09745 73.98671,15.09728 73.98794,15.09743 73.9892,15.0977 73.99044,15.09813 73.99148,15.09653 73.99288,15.09785 73.9955,15.09803 73.99608,15.09823 73.99829,15.09963 73.99908,15.09921 73.99954,15.09855 74.00041,15.09821 74.0009,15.09818 74.0013,15.09828 74.00137,15.09831 74.00156,15.09836 74.00218,15.09858 74.00275,15.09874 74.00345,15.09894 74.00382,15.09906 74.00533,15.09905 74.00452,15.09824 74.00428,15.09794 74.00398,15.09757 74.00362,15.09669 74.0033,15.09566 74.00304,15.09499 74.00286,15.09424 74.00277,15.09372 74.00299,15.09245 74.00299,15.09138 74.00293,15.09002 74.00274,15.08947 74.00244,15.08817 74.00234,15.08705 74.00244,15.08631 74.0027,15.08518 74.00281,15.08477 74.00308,15.08473 74.00327,15.0846 74.00346,15.08447 74.00381,15.08408 74.00387,15.0836 74.00392,15.08316 74.00401,15.08214 74.00434,15.08133 74.0048,15.08077 74.00483,15.08073 74.00657,15.07823 74.00746,15.07711 74.0088,15.07688 74.01181,15.07492 74.01222,15.07404 74.01235,15.07375 74.01269,15.07342 74.01353,15.07261 74.01627,15.07176 74.01583,15.07105 74.01443,15.06879 74.01353,15.06733 74.01173,15.06706 74.01055,15.0664 74.01053,15.06583 74.01027,15.06499 74.00946,15.06501 74.00972,15.06461 74.00946,15.06454 74.00871,15.06496 74.00782,15.06589 74.00713,15.06635 74.00641,15.06652 74.00586,15.06627 74.00575,15.06595 74.00582,15.06566 74.00618,15.06525 74.00612,15.06497 74.00562,15.06493 74.00511,15.06485 74.00474,15.06454 74.00438,15.06385 74.00418,15.06329 74.00379,15.0632 74.00338,15.06346 74.00268,15.06401 74.00211,15.06437 74.00162,15.06452 74.00116,15.0645 74.00057,15.06421 73.9997,15.06333 73.99913,15.06271 73.99878,15.06225 73.99833,15.06206 73.99763,15.06194 73.9975,15.062 73.99726,15.06222 73.99723,15.06228 73.99719,15.06258 73.9972,15.06316 73.99715,15.06342 73.99704,15.06353 73.99694,15.06372 73.99668,15.06383 73.99635,15.06394 73.99612,15.06398 73.9956,15.06402 73.99522,15.06401 73.99446,15.06393 73.99414,15.06393 73.99384,15.06395 73.99349,15.06403 73.99314,15.06419 73.99287,15.06429 73.99278,15.06431 73.99258,15.0643 73.9923,15.06418 73.99203,15.06397 73.99152,15.06331 73.99124,15.06306 73.99095,15.06285 73.99047,15.06255 73.98973,15.06213 73.98951,15.06195 73.98941,15.06181 73.98928,15.06156 73.98908,15.06092 73.98895,15.06062 73.9889,15.06047 73.98884,15.06019 73.98879,15.0598 73.98874,15.05931 73.98863,15.05851 73.98856,15.0582 73.98837,15.05752 73.98824,15.0572 73.98805,15.05673 73.98788,15.05639 73.98781,15.0563 73.9876,15.05623 73.98725,15.05615 73.98709,15.05609 73.98689,15.05604 73.98673,15.05604 73.98661,15.05602 73.98647,15.05603 73.98621,15.056 73.98588,15.05591 73.9856,15.05576 73.98535,15.05566 73.98506,15.05558 73.98491,15.05552 73.98475,15.0555 73.98428,15.05535 73.98419,15.0553 73.98413,15.05524 73.98403,15.05521 73.98375,15.05489 73.98344,15.05447 73.98323,15.05426 73.98292,15.05405 73.98284,15.05401 73.98275,15.05402 73.98252,15.05399 73.98227,15.054 73.98226,15.054 73.98205,15.05409 73.982,15.05411 73.9815,15.05427 73.98142,15.0543 73.98101,15.05469 73.98085,15.05488 73.98079,15.05499 73.98068,15.0551 73.98064,15.05517 73.9804,15.05541 73.98012,15.05559 73.98004,15.05566 73.97986,15.05573 73.97969,15.05573 73.97961,15.05569 73.97956,15.05562 73.9795,15.05548 73.97947,15.05534 73.97951,15.05498 73.97957,15.0547 73.97959,15.05454 73.97963,15.05434 73.9797,15.05417 73.97987,15.05399 73.97992,15.05384 73.97992,15.05362 73.97987,15.05345 73.97981,15.05337 73.97981,15.05336 73.97975,15.05332 73.97962,15.05324 73.97905,15.05307 73.97866,15.05296 73.97842,15.05286 73.97814,15.05272 73.97802,15.05264 73.9778,15.05247 73.97768,15.05239 73.97757,15.05229 73.97754,15.05226 73.9775,15.05222 73.97739,15.05214 73.97733,15.05209 73.97727,15.05205 73.97716,15.05197 73.97712,15.05193 73.97708,15.0519 73.97706,15.05187 73.97704,15.05183 73.97701,15.0518 73.97698,15.05175 73.97694,15.05171 73.9769,15.05166 73.97687,15.05163 73.97685,15.05161 73.97681,15.05158 73.97676,15.05157 73.97671,15.05157 73.97664,15.05156 73.97653,15.05159 73.97644,15.05162 73.9764,15.05163 73.97634,15.05164 73.97631,15.05164 73.97628,15.05163 73.97626,15.05161 73.97604,15.0514 73.97598,15.05135 73.97593,15.0513 73.97589,15.05125 73.97586,15.0512 73.97585,15.05115 73.97584,15.05113 73.97584,15.05112 73.97584,15.05106 73.97583,15.05101 73.97581,15.05095 73.97579,15.05091 73.9757,15.05087 73.97568,15.05085 73.97565,15.05084 73.97562,15.05082 73.97559,15.05079 73.97546,15.05067 73.97541,15.05062 73.97534,15.05059 73.97524,15.05058 73.97511,15.0506 73.97496,15.05063 73.97485,15.05068 73.97477,15.05076 73.97471,15.05085 73.9747,15.05088 73.97459,15.05108 73.97455,15.05111 73.9745,15.05118 73.97445,15.05128 73.97445,15.05131 73.97446,15.05138 73.97452,15.05146 73.97455,15.05155 73.97456,15.05161 73.97453,15.05171 73.97449,15.05177 73.97444,15.05181 73.97436,15.05188 73.97432,15.05191 73.97426,15.05194 73.97417,15.05197 73.97413,15.05197 73.97407,15.05196 73.97405,15.05194 73.97403,15.05192 73.97401,15.05189 73.974,15.05182 73.97398,15.05179 73.97394,15.05176 73.97388,15.05175 73.97385,15.05175 73.97381,15.05176 73.97372,15.0518 73.97365,15.05182 73.9736,15.05183 73.97355,15.05183 73.9735,15.05182 73.97348,15.05181 73.97337,15.05179 73.97325,15.05178 73.97317,15.05178 73.97312,15.05179 73.9731,15.0518 73.97305,15.05184 73.97304,15.05186 73.97302,15.0519 73.97302,15.05196 73.97302,15.05203 73.97303,15.05204 73.97303,15.05207 73.97303,15.05209 73.97303,15.05211 73.97301,15.05214 73.97299,15.05216 73.97296,15.05217 73.97295,15.05217 73.97292,15.05218 73.97287,15.05217 73.97271,15.05219 73.97246,15.05225 73.97231,15.05229 73.97223,15.05232 73.97204,15.05244 73.97203,15.05246 73.97187,15.05255 73.97178,15.05261 73.97168,15.05265 73.97158,15.05272 73.97147,15.05284 73.97145,15.05288 73.97142,15.05297 73.97138,15.05325 73.97137,15.05338 73.97137,15.0535 73.97141,15.05369 73.97147,15.05383 73.97149,15.05386 73.97161,15.05406 73.97183,15.05438 73.97188,15.05445 73.97191,15.05451 73.97194,15.05458 73.97195,15.0547 73.97196,15.05485 73.97196,15.05488 73.97196,15.055 73.97192,15.05525 73.97192,15.05528 73.97189,15.05536 73.97187,15.05539 73.97185,15.05543 73.97178,15.0555 73.97172,15.05555 73.9717,15.05558 73.97171,15.05563 73.97171,15.05565 73.97171,15.05567 73.97171,15.05568 73.9717,15.0557 73.97166,15.05576 73.97166,15.05577 73.97166,15.05578 73.97167,15.0558 73.97167,15.05581 73.97167,15.05582 73.97167,15.05583 73.97162,15.05587 73.97161,15.05588 73.97161,15.05589 73.97161,15.0559 73.97162,15.05591 73.97165,15.05595 73.97168,15.056 73.97171,15.05607 73.97172,15.0561 73.97172,15.05613 73.97172,15.05617 73.97168,15.05631 73.97156,15.0566 73.97149,15.05675 73.97138,15.05692 73.97118,15.05719 73.97089,15.05762 73.97062,15.05801 73.97049,15.05818 73.97045,15.05823 73.9704,15.05832 73.97036,15.05842 73.97032,15.05858 73.97032,15.05868 73.97033,15.05878 73.97033,15.05886 73.97032,15.0589 73.97029,15.05905 73.97025,15.05914 73.97015,15.0593 73.97011,15.0594 73.97007,15.05959 73.97005,15.05975 73.97,15.05985 73.96985,15.06007 73.96966,15.06035 73.96954,15.06049 73.96942,15.06065 73.9693,15.06084 73.96923,15.06097 73.96916,15.06117 73.96898,15.06147 73.96888,15.06167 73.96875,15.06186 73.96861,15.062 73.96857,15.06205 73.96848,15.06212 73.96847,15.06213 73.96838,15.0622 73.96836,15.06223 73.9683,15.06229 73.96829,15.06231 73.96826,15.06235 73.96821,15.06239 73.96819,15.0624 73.96812,15.06244 73.96808,15.06249 73.96806,15.0625 73.96801,15.06251 73.96799,15.06251 73.96795,15.0625 73.9679,15.06248 73.96781,15.06247 73.96776,15.06249 73.96774,15.06251 73.96773,15.06253 73.9677,15.06256 73.96765,15.06257 73.96761,15.06258 73.96758,15.06258 73.96752,15.06258 73.96749,15.06259 73.96741,15.0626 73.96734,15.06261 73.96733,15.0626 73.96727,15.06261 73.96721,15.06262 73.96713,15.06266 73.96709,15.0627 73.96701,15.06276 73.96697,15.06282 73.96696,15.06287 73.9669,15.063 73.96687,15.06307 73.96685,15.06311 73.96685,15.06313 73.96687,15.06318 73.9669,15.06322 73.96695,15.06326 73.96697,15.06327 73.96703,15.06333 73.9671,15.06341 73.96712,15.06344 73.96716,15.06346 73.96736,15.06365 73.96744,15.06373 73.96754,15.06381 73.96766,15.06389 73.96775,15.06399 73.96776,15.06401 73.96781,15.06411 73.96785,15.06427 73.96787,15.06441 73.96785,15.06461 73.9678,15.06487 73.96774,15.0651 73.96763,15.06536 73.96755,15.06553 73.96745,15.06566 73.96733,15.0658 73.96715,15.06598 73.96699,15.0661 73.96675,15.06626 73.96653,15.06639 73.96637,15.06648 73.96617,15.06655 73.96602,15.06659 73.96597,15.06659 73.9659,15.06657 73.96585,15.06656 73.96576,15.06657 73.96571,15.06658 73.96569,15.06659 73.96566,15.06661 73.96558,15.06665 73.96554,15.06667 73.96547,15.06669 73.9654,15.0667 73.96536,15.06671 73.96532,15.06671 73.96525,15.0667 73.96522,15.0667 73.96518,15.06668 73.96503,15.0666 73.96484,15.06646 73.96474,15.0664 73.96468,15.06637 73.96457,15.06634 73.96445,15.06632 73.96437,15.06632 73.96427,15.06633 73.96405,15.06639 73.964,15.0664 73.96396,15.0664 73.96391,15.0664 73.96387,15.0664 73.96385,15.0664 73.96382,15.0664 73.96377,15.06641 73.96365,15.06646 73.96357,15.0665 73.96352,15.06652 73.96349,15.06653 73.96346,15.06654 73.96345,15.06654 73.96344,15.06654 73.96343,15.06654 73.96341,15.06654 73.96336,15.06653 73.96335,15.06653 73.96334,15.06654 73.96334,15.06655 73.96334,15.06656 73.96333,15.06656 73.96333,15.06657 73.96333,15.06658 73.96332,15.06659 73.96331,15.06659 73.9633,15.0666 73.96328,15.06659 73.96326,15.06659 73.96324,15.0666 73.9632,15.06661 73.96319,15.06661 73.96318,15.06662 73.96317,15.06663 73.96313,15.06669 73.96313,15.06671 73.96313,15.06672 73.96313,15.06674 73.96314,15.06676 73.96315,15.06678 73.96315,15.06679 73.96316,15.06681 73.96315,15.06683 73.96314,15.06686 73.96313,15.06687 73.96309,15.06693 73.96307,15.06697 73.96306,15.06701 73.96306,15.06704 73.96306,15.06705 73.96307,15.06706 73.96308,15.06706 73.96309,15.06706 73.96312,15.06705 73.96316,15.06704 73.96321,15.06703 73.96334,15.06703 73.96337,15.06703 73.96338,15.06703 73.96341,15.06704 73.96344,15.06707 73.96345,15.06707 73.96347,15.0671 73.9635,15.06717 73.9635,15.06719 73.9635,15.06722 73.96342,15.06739 73.96334,15.06752 73.96329,15.06762 73.96328,15.06764 73.96323,15.0677 73.9632,15.06773 73.96316,15.06775 73.96314,15.06776 73.9631,15.06777 73.96306,15.06779 73.9629,15.06787 73.96284,15.06789 73.96277,15.06791 73.96275,15.06791 73.96266,15.06791 73.96259,15.0679 73.96251,15.06789 73.96246,15.06787 73.96232,15.06783 73.96227,15.06782 73.96221,15.06782 73.96209,15.06782 73.96199,15.0678 73.96194,15.0678 73.96189,15.06781 73.96187,15.06781 73.96186,15.06782 73.96183,15.06783 73.96182,15.06784 73.9618,15.06786 73.9618,15.06788 73.9618,15.0679 73.96181,15.06791 73.96182,15.06792 73.96184,15.06794 73.96186,15.06794 73.96188,15.06795 73.96192,15.06796 73.96206,15.068 73.96209,15.068 73.96214,15.068 73.96215,15.068 73.96217,15.06801 73.96218,15.06801 73.96219,15.06802 73.96219,15.06804 73.96218,15.06806 73.96214,15.06808 73.96212,15.06808 73.96211,15.0681 73.9621,15.06813 73.96211,15.06816 73.96214,15.06819 73.96215,15.06821 73.96216,15.06824 73.96216,15.06827 73.96215,15.06831 73.96214,15.06834 73.96208,15.06843 73.96206,15.06845 73.9619,15.06856 73.96178,15.06862 73.96158,15.0687 73.9613,15.06878 73.9612,15.06881 73.96118,15.06881 73.96116,15.06881 73.96114,15.06881 73.96113,15.06879 73.96111,15.06878 73.96109,15.06876 73.96107,15.06874 73.96105,15.06873 73.96102,15.06872 73.961,15.06871 73.96098,15.06871 73.96096,15.06872 73.96088,15.06877 73.96085,15.06878 73.96084,15.06878 73.96081,15.06879 73.96076,15.06879 73.96074,15.06879 73.96072,15.0688 73.96069,15.06881 73.96067,15.06881 73.96066,15.06881 73.96064,15.0688 73.96062,15.0688 73.96054,15.06877 73.96048,15.06877 73.96036,15.06879 73.96021,15.06885 73.96002,15.06894 73.95992,15.06899 73.95985,15.06902 73.95979,15.06901 73.95975,15.06899 73.95972,15.06893 73.9597,15.06891 73.95966,15.06891 73.95965,15.06891 73.95961,15.06893 73.95959,15.06895 73.95958,15.06896 73.95959,15.06899 73.95963,15.06902 73.95966,15.06905 73.95967,15.06908 73.95967,15.06914 73.95964,15.06919 73.95961,15.06926 73.95961,15.06929 73.95964,15.06929 73.95968,15.06927 73.95973,15.06927 73.95978,15.06929 73.95981,15.06932 73.95983,15.06944 73.9598,15.0696 73.95976,15.06976 73.9597,15.06988 73.95963,15.06994 73.95952,15.07005 73.95926,15.07014 73.95882,15.07022 73.95824,15.07031 73.95773,15.07037 73.95743,15.07038 73.9569,15.07048 73.95679,15.07051 73.95676,15.07049 73.95667,15.07041 73.95662,15.07042 73.95659,15.07051 73.95653,15.07052 73.95644,15.07049 73.95636,15.07046 73.95628,15.07041 73.95616,15.07038 73.95613,15.07042 73.95616,15.07047 73.95618,15.0705 73.95618,15.07055 73.95612,15.07059 73.95592,15.07067 73.9557,15.07068 73.95557,15.07076 73.95552,15.07082 73.95549,15.07088 73.95548,15.07089 73.95544,15.07093 73.95536,15.07098 73.95528,15.07101 73.95516,15.07106 73.95507,15.07113 73.95506,15.07118 73.95507,15.07124 73.95505,15.07128 73.955,15.07133 73.95491,15.07135 73.95486,15.07136 73.95481,15.07134 73.95478,15.07129 73.95472,15.07121 73.95467,15.07117 73.95459,15.07113 73.95449,15.0711 73.95442,15.07106 73.95438,15.071 73.95436,15.07093 73.95432,15.07088 73.9543,15.07087 73.95424,15.07086 73.9542,15.07086 73.95409,15.07086 73.954,15.07083 73.95378,15.07064 73.95375,15.07065 73.95373,15.07067 73.95369,15.07073 73.95369,15.07076 73.95369,15.0708 73.95368,15.07083 73.95366,15.07085 73.95362,15.07089 73.95361,15.07093 73.95363,15.07099 73.95367,15.07104 73.95381,15.07113 73.95392,15.0712 73.954,15.07127 73.95413,15.07135 73.95419,15.0714 73.9542,15.07145 73.95419,15.07149 73.95421,15.07157 73.95422,15.07159 73.95425,15.07164 73.95437,15.07179 73.95439,15.07183 73.95444,15.0719 73.95447,15.07193 73.95453,15.07197 73.95456,15.07197 73.9546,15.07198 73.95463,15.07196 73.95464,15.07195 73.95466,15.07194 73.95469,15.07193 73.9547,15.07192 73.95473,15.07192 73.95474,15.07192 73.95476,15.07195 73.95476,15.07196 73.95477,15.07198 73.95477,15.07203 73.95483,15.0724 73.95483,15.07242 73.95485,15.07259 73.95486,15.07271 73.95487,15.07277 73.95491,15.07304 73.95489,15.07313 73.95487,15.07319 73.95485,15.07324 73.95482,15.0733 73.95471,15.07347 73.95467,15.07351 73.95461,15.07355 73.95448,15.07371 73.95435,15.07384 73.95432,15.07389 73.95428,15.07393 73.95424,15.07395 73.95416,15.07397 73.95407,15.074 73.95394,15.07401 73.95386,15.07397 73.95377,15.07394 73.95367,15.07394 73.95331,15.07392 73.95326,15.07391 73.95314,15.07388 73.95303,15.07387 73.95295,15.07388 73.95289,15.07389 73.95284,15.07388 73.95277,15.07384 73.95271,15.07382 73.95265,15.07382 73.9526,15.07384 73.95252,15.07393 73.95246,15.07402 73.9524,15.07406 73.95232,15.07406 73.95207,15.07389 73.95201,15.07385 73.95197,15.07384 73.95191,15.07384 73.95183,15.07386 73.95179,15.07388 73.95174,15.07389 73.95173,15.07389 73.9517,15.07389 73.95165,15.07392 73.95163,15.07395 73.95161,15.07396 73.9516,15.07396 73.95158,15.07396 73.95152,15.07395 73.95148,15.07396 73.95146,15.074 73.95146,15.07401 73.95143,15.07405 73.95137,15.0741 73.95136,15.0741 73.95132,15.07412 73.95127,15.07412 73.95126,15.07412 73.95119,15.07411 73.95116,15.07411 73.9511,15.07412 73.95106,15.07414 73.95103,15.07417 73.95098,15.07418 73.95093,15.07419 73.95092,15.0742 73.95089,15.07423 73.95088,15.07426 73.95086,15.0743 73.95087,15.07432 73.95088,15.07434 73.95092,15.07436 73.95099,15.07438 73.95106,15.07439 73.9512,15.07436 73.95125,15.07436 73.95129,15.07439 73.95133,15.07442 73.95133,15.07446 73.9513,15.0745 73.95127,15.07452 73.95123,15.07453 73.95118,15.07453 73.95111,15.07453 73.95098,15.07452 73.9509,15.07452 73.95084,15.07454 73.95081,15.07459 73.95077,15.07463 73.95071,15.07467 73.95066,15.07471 73.95067,15.07475 73.95069,15.07479 73.95073,15.07483 73.95074,15.07487 73.9507,15.07491 73.95066,15.07493 73.9506,15.07494 73.95055,15.07497 73.9505,15.07499 73.9504,15.07502 73.95033,15.07504 73.95029,15.07505 73.95022,15.07505 73.9501,15.07502 73.94999,15.07502 73.94992,15.07501 73.94987,15.07501 73.94982,15.07503 73.94974,15.07506 73.94968,15.07513 73.94963,15.07523 73.94957,15.07543 73.94956,15.07546 73.94952,15.07552 73.94951,15.07554 73.94949,15.07556 73.94949,15.07557 73.94929,15.07569 73.94924,15.0757 73.94919,15.07569 73.94912,15.07562 73.94907,15.0756 73.94905,15.07561 73.94904,15.07563 73.94903,15.07567 73.94903,15.07571 73.94904,15.07577 73.94904,15.07583 73.94902,15.07589 73.94899,15.07591 73.94895,15.07592 73.9489,15.07591 73.94885,15.07589 73.94882,15.07584 73.94881,15.07579 73.94881,15.07572 73.94876,15.07568 73.94872,15.07567 73.94867,15.07567 73.94858,15.07565 73.94852,15.07561 73.9485,15.07556 73.94849,15.0755 73.94846,15.07547 73.94839,15.07545 73.94832,15.07542 73.94824,15.07541 73.9482,15.07542 73.94817,15.07544 73.94813,15.07544 73.94808,15.07541 73.948,15.07539 73.94796,15.07539 73.94792,15.07539 73.94788,15.0754 73.94785,15.07544 73.94781,15.07548 73.94781,15.07552 73.94785,15.07553 73.94789,15.07554 73.9479,15.07557 73.9479,15.07563 73.94786,15.07568 73.94782,15.07573 73.94775,15.07577 73.9477,15.07582 73.94765,15.07586 73.94759,15.07588 73.94753,15.07587 73.94741,15.07587 73.94738,15.07591 73.9473,15.07593 73.94722,15.07591 73.94717,15.07591 73.94709,15.07591 73.94705,15.07586 73.94703,15.0758 73.94697,15.07577 73.94693,15.07576 73.94686,15.07575 73.94679,15.07572 73.94673,15.07566 73.94657,15.07561 73.94649,15.07561 73.94644,15.07563 73.94636,15.07566 73.94633,15.07563 73.94636,15.07555 73.9464,15.0755 73.94638,15.07542 73.94629,15.07539 73.94618,15.07538 73.94613,15.07538 73.94611,15.07544 73.94604,15.07545 73.946,15.0755 73.94591,15.0755 73.94584,15.07541 73.9458,15.07535 73.94571,15.0753 73.94563,15.07527 73.94556,15.07525 73.94551,15.07524 73.94545,15.07521 73.9455,15.07516 73.94551,15.07512 73.94546,15.07509 73.94537,15.07507 73.94529,15.07505 73.9452,15.07503 73.94512,15.07505 73.94501,15.07505 73.94492,15.07512 73.9448,15.07513 73.94467,15.07509 73.94453,15.07506 73.94442,15.07507 73.9444,15.07507 73.94429,15.07508 73.94424,15.0751 73.94423,15.07511 73.94414,15.07518 73.94404,15.07525 73.94391,15.07532 73.94373,15.07539 73.94362,15.07537 73.94346,15.07531 73.94339,15.07533 73.94335,15.07535 73.94328,15.07541 73.94321,15.07543 73.94314,15.07541 73.94308,15.07533 73.94301,15.0753 73.94277,15.07526 73.94266,15.07522 73.94262,15.07519 73.94255,15.07513 73.94247,15.07511 73.94228,15.07509 73.94211,15.07505 73.94195,15.07509 73.94165,15.0751 73.94158,15.07511 73.94155,15.07514 73.94153,15.07515 73.94151,15.0752 73.94148,15.07523 73.94146,15.07525 73.94145,15.07525 73.94142,15.07528 73.94139,15.07535 73.94137,15.07538 73.94132,15.07549 73.94127,15.07556 73.94125,15.07559 73.94124,15.07563 73.94123,15.07565 73.94125,15.07568 73.94129,15.07571 73.94133,15.07575 73.94134,15.07578 73.94135,15.07583 73.94137,15.07588 73.94137,15.07592 73.94135,15.07596 73.94134,15.07599 73.94128,15.07603 73.94125,15.07604 73.94121,15.076 73.94118,15.07596 73.94114,15.07592 73.94111,15.07588 73.94109,15.07585 73.94107,15.07583 73.94102,15.07582 73.94099,15.07582 73.94094,15.07584 73.94092,15.07585 73.94088,15.07587 73.94079,15.07591 73.94072,15.07593 73.94067,15.07591 73.94066,15.07586 73.94068,15.0758 73.94068,15.07577 73.94066,15.07575 73.94064,15.07575 73.94057,15.07578 73.94052,15.07579 73.94049,15.07578 73.94047,15.07575 73.94047,15.07571 73.94046,15.07568 73.94044,15.07566 73.9404,15.07566 73.94032,15.07568 73.9403,15.07568 73.94023,15.07566 73.94022,15.07566 73.94017,15.07564 73.94014,15.07562 73.94011,15.07561 73.94008,15.07561 73.94002,15.0756 73.93997,15.07561 73.93993,15.07561 73.93989,15.0756 73.93984,15.07562 73.93979,15.07564 73.93973,15.07571 73.9397,15.07573 73.93969,15.07578 73.93968,15.07583 73.93965,15.07587 73.93961,15.07589 73.93958,15.07589 73.93957,15.07588 73.93954,15.07586 73.93953,15.07584 73.93952,15.07583 73.93948,15.07582 73.93945,15.07584 73.93944,15.07586 73.93941,15.07588 73.93937,15.0759 73.93932,15.07589 73.93926,15.07591 73.93922,15.07593 73.93919,15.07597 73.93919,15.07601 73.93919,15.07608 73.93917,15.0761 73.93913,15.07612 73.93909,15.07613 73.93904,15.0762 73.93898,15.07626 73.9389,15.0763 73.93875,15.0764 73.93871,15.07642 73.93868,15.07641 73.9387,15.07635 73.93869,15.07633 73.93867,15.07632 73.93864,15.07634 73.93859,15.0764 73.9385,15.0765 73.93842,15.07654 73.93836,15.07654 73.9383,15.07653 73.93825,15.07653 73.93822,15.07656 73.93819,15.07662 73.93816,15.07672 73.93814,15.07676 73.93815,15.07681 73.93814,15.07685 73.93806,15.07692 73.93799,15.07699 73.93797,15.07704 73.93795,15.07707 73.93789,15.0771 73.93782,15.07715 73.93776,15.07721 73.9377,15.07729 73.93761,15.07738 73.93753,15.07746 73.93748,15.07753 73.93746,15.07755 73.93738,15.0776 73.93731,15.07762 73.93726,15.07761 73.93724,15.07759 73.93719,15.07756 73.93715,15.07753 73.93713,15.07747 73.93709,15.07745 73.93704,15.07744 73.93706,15.0774 73.93711,15.07734 73.93716,15.07728 73.93717,15.07727 73.93718,15.07723 73.93719,15.07718 73.93721,15.07711 73.93723,15.07709 73.93724,15.07706 73.93725,15.07704 73.93724,15.07703 73.93722,15.07701 73.93716,15.07702 73.93715,15.07702 73.9371,15.07702 73.93706,15.07699 73.93701,15.07699 73.93695,15.07702 73.93692,15.07706 73.93691,15.07709 73.93688,15.07712 73.93684,15.07715 73.9368,15.07717 73.9368,15.07719 73.93682,15.07721 73.93683,15.07721 73.93686,15.07721 73.9369,15.07721 73.9369,15.07723 73.93686,15.07726 73.93682,15.07725 73.93678,15.07731 73.93678,15.07735 73.93675,15.0774 73.9367,15.07739 73.9367,15.07733 73.93667,15.07727 73.93663,15.07722 73.9366,15.0772 73.93643,15.07711 73.93638,15.07708 73.93637,15.07707 73.93639,15.077 73.9364,15.07693 73.93641,15.07687 73.93639,15.07684 73.93634,15.07685 73.93629,15.07685 73.93624,15.07683 73.93621,15.07681 73.93617,15.07678 73.93614,15.07677 73.9361,15.07676 73.93607,15.07677 73.93603,15.07679 73.93602,15.07681 73.93602,15.07684 73.93602,15.07686 73.93601,15.07689 73.93598,15.0769 73.93593,15.07692 73.93589,15.07695 73.93585,15.07698 73.93582,15.07701 73.93579,15.07702 73.93579,15.07705 73.93582,15.07708 73.93587,15.0771 73.9359,15.07713 73.93592,15.07714 73.93592,15.07718 73.9359,15.07723 73.93586,15.07727 73.93586,15.07731 73.93585,15.07733 73.93586,15.07735 73.93589,15.07734 73.9359,15.07733 73.93591,15.07732 73.93593,15.0773 73.93597,15.07728 73.93598,15.07726 73.93601,15.07723 73.93604,15.07722 73.93606,15.07722 73.9361,15.0772 73.93614,15.07718 73.93619,15.07716 73.93624,15.07713 73.93626,15.07713 73.93627,15.07714 73.93627,15.07715 73.93625,15.07717 73.93622,15.0772 73.93618,15.07726 73.93616,15.07727 73.93614,15.0773 73.93614,15.07732 73.93616,15.07735 73.93617,15.07739 73.93619,15.07744 73.9362,15.07746 73.9362,15.07749 73.93622,15.07763 73.93623,15.07772 73.93624,15.07774 73.93624,15.07778 73.93623,15.07781 73.9362,15.07784 73.93618,15.07787 73.93615,15.07791 73.93614,15.07792 73.93613,15.07794 73.93613,15.07796 73.93613,15.07798 73.93612,15.07802 73.93613,15.07807 73.93613,15.07809 73.93612,15.07812 73.93611,15.07812 73.93606,15.07811 73.93602,15.07809 73.93598,15.07808 73.93593,15.07806 73.93589,15.07802 73.93586,15.07797 73.93583,15.07793 73.93579,15.07785 73.93577,15.07782 73.93575,15.07781 73.93572,15.0778 73.93568,15.0778 73.93565,15.07781 73.93561,15.07784 73.93556,15.07788 73.93555,15.0779 73.93553,15.07794 73.93551,15.078 73.9355,15.07814 73.93548,15.07819 73.93535,15.07825 73.93531,15.07825 73.93526,15.07828 73.93521,15.07832 73.93516,15.07837 73.93513,15.07844 73.93511,15.07848 73.93508,15.0785 73.93503,15.07851 73.93497,15.07851 73.93493,15.07851 73.93487,15.07851 73.93481,15.07853 73.93478,15.07858 73.93476,15.07861 73.93471,15.07862 73.93459,15.07859 73.9345,15.0786 73.93444,15.07864 73.93439,15.07866 73.93435,15.07866 73.93435,15.07862 73.93437,15.07859 73.9344,15.07856 73.93441,15.07854 73.9344,15.07849 73.93437,15.07846 73.93433,15.07844 73.93426,15.07844 73.93422,15.07847 73.93419,15.07849 73.93415,15.07852 73.93409,15.07854 73.93405,15.07855 73.93399,15.07856 73.93392,15.07856 73.93386,15.07858 73.9338,15.07859 73.93376,15.07861 73.93373,15.07861 73.93372,15.07858 73.93371,15.07852 73.93371,15.07849 73.93369,15.07846 73.93366,15.07843 73.9336,15.0784 73.93353,15.07837 73.93346,15.07836 73.9334,15.07836 73.93334,15.07836 73.93322,15.07839 73.93317,15.07842 73.93311,15.07842 73.93305,15.07843 73.93299,15.07843 73.93295,15.07844 73.93294,15.07845 73.93291,15.07847 73.9329,15.07848 73.93289,15.0785 73.93288,15.07852 73.93287,15.07852 73.93286,15.07851 73.93285,15.07851 73.93284,15.0785 73.93283,15.07849 73.93281,15.07849 73.9328,15.07849 73.93279,15.07849 73.93277,15.0785 73.93276,15.07852 73.93275,15.07854 73.93274,15.07857 73.93274,15.0786 73.93273,15.07863 73.93273,15.07866 73.93272,15.07867 73.9327,15.07869 73.93269,15.07871 73.93267,15.07874 73.93264,15.07876 73.9326,15.07879 73.93257,15.07879 73.93256,15.07878 73.93254,15.0787 73.93254,15.07867 73.93252,15.07865 73.93251,15.07864 73.93251,15.07863 73.93249,15.07862 73.93248,15.07862 73.93246,15.07862 73.93243,15.07862 73.93241,15.07861 73.93239,15.07859 73.93238,15.07858 73.93236,15.07857 73.93236,15.07856 73.93234,15.07856 73.93233,15.07857 73.93231,15.07857 73.9323,15.07859 73.93229,15.07859 73.93228,15.0786 73.93226,15.07861 73.93225,15.07861 73.93224,15.07861 73.93223,15.07861 73.93222,15.07861 73.93221,15.07861 73.93219,15.07862 73.93217,15.07862 73.93215,15.07864 73.93213,15.07866 73.93212,15.07867 73.9321,15.07872 73.9321,15.07874 73.9321,15.07878 73.9321,15.07881 73.93208,15.07883 73.93204,15.07887 73.93203,15.07888 73.93199,15.07891 73.93196,15.07891 73.93192,15.07891 73.93187,15.07895 73.93185,15.07898 73.93181,15.079 73.93175,15.07903 73.93171,15.07909 73.93168,15.07909 73.93165,15.07909 73.93162,15.07907 73.93157,15.07907 73.93153,15.0791 73.93151,15.07913 73.9315,15.07915 73.93149,15.0792 73.93146,15.07926 73.93145,15.07929 73.93144,15.07931 73.93142,15.07933 73.93138,15.07941 73.93136,15.07945 73.93135,15.07948 73.93135,15.07951 73.93134,15.07957 73.93135,15.07958 73.93137,15.07959 73.9314,15.07958 73.93142,15.07958 73.93144,15.07958 73.93149,15.07955 73.93151,15.07954 73.93154,15.07954 73.9316,15.07951 73.93162,15.07949 73.93165,15.07947 73.93167,15.07947 73.9317,15.07947 73.93174,15.0795 73.93177,15.07954 73.93177,15.07956 73.93176,15.07959 73.93177,15.07961 73.93177,15.07963 73.93181,15.07965 73.93182,15.07965 73.93185,15.07964 73.93187,15.07965 73.93188,15.07966 73.93189,15.07967 73.93188,15.07974 73.93186,15.0798 73.93182,15.07982 73.93176,15.07982 73.93164,15.07985 73.93156,15.07986 73.93148,15.07987 73.93144,15.07987 73.93135,15.07986 73.93133,15.07985 73.93128,15.07985 73.93127,15.07985 73.93121,15.07986 73.93111,15.07989 73.93107,15.0799 73.93104,15.07993 73.93102,15.07998 73.93098,15.08003 73.93093,15.08007 73.93092,15.08009 73.9309,15.08013 73.93089,15.08018 73.93087,15.08023 73.93084,15.08027 73.93082,15.0803 73.93078,15.08038 73.93075,15.08041 73.93072,15.08043 73.93069,15.08045 73.93067,15.08045 73.93064,15.08044 73.93062,15.08043 73.93062,15.08041 73.93063,15.08038 73.93063,15.08035 73.93062,15.08033 73.93056,15.08031 73.93054,15.08032 73.93045,15.08032 73.93034,15.08033 73.93011,15.08041 73.9301,15.08041 73.92998,15.08047 73.92995,15.08047 73.92991,15.0805 73.9299,15.08054 73.92992,15.08058 73.92995,15.0806 73.92998,15.0806 73.93002,15.08059 73.93009,15.08058 73.93012,15.0806 73.9301,15.08063 73.93004,15.08066 73.92999,15.0807 73.93,15.08075 73.93002,15.08077 73.93003,15.0808 73.93006,15.08081 73.93009,15.08081 73.93013,15.08077 73.93018,15.08073 73.9302,15.08071 73.93025,15.08073 73.93027,15.08076 73.93028,15.08083 73.93031,15.08085 73.93037,15.08089 73.93038,15.08092 73.93037,15.08095 73.93032,15.08098 73.9303,15.08099 73.93024,15.08102 73.93021,15.08105 73.93022,15.08109 73.93024,15.08112 73.93028,15.08115 73.9303,15.08117 73.93031,15.08124 73.93032,15.08129 73.93033,15.08132 73.93037,15.08133 73.93042,15.08133 73.93047,15.08134 73.9305,15.08137 73.93052,15.08142 73.9305,15.08146 73.93047,15.08149 73.93044,15.0815 73.9304,15.08151 73.93032,15.08151 73.93025,15.08152 73.9302,15.08152 73.93016,15.08154 73.93013,15.08156 73.93012,15.0816 73.93009,15.0816 73.93005,15.08158 73.93004,15.08156 73.93001,15.08154 73.92997,15.08155 73.92991,15.08159 73.92986,15.08164 73.92983,15.08168 73.9298,15.08171 73.92979,15.08175 73.9298,15.08178 73.92983,15.08181 73.92989,15.08184 73.92994,15.08187 73.93,15.08189 73.93004,15.08191 73.9301,15.08191 73.93015,15.08193 73.93018,15.08197 73.9302,15.08201 73.9302,15.08207 73.9302,15.08212 73.93019,15.08212 73.93015,15.08212 73.93013,15.08211 73.93009,15.08209 73.93004,15.08208 73.92999,15.08206 73.92995,15.08206 73.9299,15.08206 73.92989,15.08209 73.92993,15.08211 73.92999,15.08214 73.93006,15.08219 73.93017,15.08226 73.93024,15.08232 73.93027,15.08234 73.93029,15.08238 73.93029,15.08241 73.93026,15.08243 73.93022,15.08243 73.93022,15.08247 73.93021,15.0825 73.93018,15.08251 73.93014,15.08249 73.93013,15.08246 73.93013,15.08244 73.93011,15.08243 73.93008,15.08246 73.93008,15.0825 73.9301,15.08254 73.93014,15.08256 73.9302,15.08257 73.93021,15.08257 73.93024,15.08261 73.93028,15.08266 73.93029,15.0827 73.93028,15.08276 73.93027,15.08279 73.93023,15.08282 73.93022,15.08285 73.93021,15.08289 73.93024,15.08295 73.93024,15.08299 73.93026,15.08307 73.93026,15.08313 73.93024,15.08314 73.9302,15.08316 73.93016,15.08316 73.93007,15.08316 73.93006,15.08316 73.93004,15.08318 73.93003,15.0832 73.93008,15.08323 73.93014,15.08325 73.93019,15.08328 73.93026,15.08336 73.93025,15.08347 73.93022,15.08353 73.93015,15.08353 73.93006,15.08351 73.93005,15.08352 73.93005,15.08356 73.93011,15.08359 73.93016,15.08361 73.9302,15.08362 73.93022,15.08364 73.93023,15.08367 73.93022,15.08374 73.93019,15.08382 73.93012,15.08394 73.93005,15.08401 73.93001,15.08404 73.92998,15.08405 73.92991,15.08406 73.92989,15.08406 73.92988,15.08405 73.92986,15.08402 73.92986,15.084 73.92984,15.08393 73.92983,15.08391 73.92979,15.08387 73.92973,15.08383 73.92967,15.08377 73.92957,15.08371 73.92953,15.0837 73.92949,15.0837 73.92946,15.08371 73.92944,15.08372 73.92943,15.08376 73.92942,15.08378 73.92941,15.08382 73.92938,15.08386 73.92932,15.08391 73.92927,15.08393 73.92924,15.08394 73.9292,15.08394 73.92913,15.08392 73.92908,15.0839 73.92907,15.08391 73.92906,15.08391 73.92906,15.08392 73.92906,15.08394 73.92907,15.08396 73.92908,15.08397 73.9291,15.084 73.92914,15.08402 73.92921,15.08405 73.92927,15.08406 73.92936,15.08409 73.92938,15.08411 73.92938,15.08417 73.92938,15.08422 73.92937,15.08429 73.92933,15.08436 73.92928,15.08442 73.92915,15.08451 73.92908,15.08453 73.92899,15.08455 73.9289,15.08456 73.92883,15.08457 73.92873,15.08455 73.92855,15.08446 73.92842,15.08442 73.92839,15.08442 73.92827,15.08444 73.92824,15.08446 73.92814,15.08449 73.92805,15.08451 73.92797,15.08454 73.92798,15.0846 73.92788,15.08466 73.9278,15.08466 73.92773,15.08466 73.92767,15.08467 73.92763,15.08469 73.92759,15.08471 73.92756,15.08471 73.92753,15.08469 73.92749,15.08466 73.92747,15.08465 73.92745,15.08466 73.92744,15.08468 73.92744,15.08471 73.92745,15.08476 73.92747,15.08481 73.92746,15.08485 73.92744,15.08487 73.9274,15.08489 73.92735,15.08489 73.92729,15.08491 73.92726,15.08493 73.92721,15.08496 73.92715,15.08504 73.92712,15.08508 73.92707,15.08513 73.92701,15.08516 73.92697,15.08517 73.92691,15.08516 73.92687,15.08514 73.9268,15.08513 73.9267,15.08519 73.92668,15.08528 73.92668,15.08535 73.92666,15.08549 73.92664,15.08558 73.92663,15.08562 73.92659,15.08569 73.92654,15.08578 73.9265,15.08588 73.92649,15.08591 73.92648,15.08594 73.92645,15.08597 73.92641,15.08597 73.92637,15.08597 73.92633,15.08598 73.92627,15.08601 73.9262,15.08604 73.92614,15.08605 73.92608,15.08606 73.92603,15.08608 73.92602,15.08611 73.926,15.08614 73.92597,15.08616 73.92595,15.08616 73.92594,15.08616 73.92588,15.08612 73.92584,15.0861 73.9258,15.0861 73.92576,15.0861 73.92573,15.08611 73.92558,15.08614 73.92548,15.08621 73.92539,15.08626 73.9253,15.08631 73.92519,15.08632 73.92506,15.0863 73.925,15.08624 73.92496,15.08622 73.92482,15.08621 73.92472,15.08622 73.92469,15.08623 73.92464,15.08628 73.92462,15.08633 73.92459,15.08637 73.92444,15.0864 73.92437,15.08639 73.92425,15.08635 73.92416,15.08634 73.92403,15.08634 73.92393,15.08636 73.92383,15.0864 73.92375,15.08648 73.92367,15.08656 73.92359,15.08658 73.92353,15.08663 73.92347,15.08672 73.9234,15.08677 73.92334,15.08675 73.9233,15.0867 73.92326,15.08667 73.92322,15.08668 73.92317,15.08671 73.92312,15.08676 73.92306,15.08677 73.92295,15.08674 73.92286,15.0867 73.92277,15.08664 73.92266,15.08658 73.92256,15.08652 73.9225,15.08651 73.92244,15.08651 73.92238,15.08652 73.92231,15.08654 73.92224,15.08656 73.92221,15.08659 73.92218,15.08663 73.92213,15.08666 73.92209,15.08667 73.92203,15.08667 73.92199,15.08666 73.92195,15.08665 73.92186,15.0866 73.92181,15.08659 73.92177,15.08656 73.92174,15.08652 73.92171,15.08645 73.9217,15.08643 73.92164,15.08633 73.92163,15.08632 73.9216,15.08627 73.92158,15.08622 73.92158,15.0862 73.92158,15.08615 73.92158,15.08614 73.92156,15.08612 73.92153,15.08611 73.9215,15.08611 73.92147,15.08612 73.92141,15.08614 73.92139,15.08614 73.92137,15.08615 73.92134,15.08617 73.92133,15.08618 73.9213,15.08619 73.92124,15.0862 73.92115,15.08619 73.92108,15.08617 73.92104,15.08615 73.92099,15.08611 73.92092,15.08605 73.92085,15.08597 73.92082,15.08588 73.92078,15.08582 73.92072,15.08577 73.92065,15.08573 73.92056,15.08569 73.92049,15.08563 73.92028,15.08541 73.92015,15.08524 73.92012,15.0852 73.92009,15.08516 73.92005,15.08514 73.92002,15.08513 73.91997,15.08513 73.91989,15.08514 73.91976,15.0851 73.91969,15.08507 73.91946,15.08491 73.91921,15.08476 73.9192,15.08476 73.91896,15.08462 73.91863,15.08448 73.91847,15.08439 73.91818,15.08414 73.9181,15.08397 73.91807,15.08392 73.91806,15.08388 73.91802,15.08379 73.91799,15.08376 73.91796,15.08373 73.91791,15.0837 73.91788,15.0837 73.91785,15.0837 73.91781,15.08373 73.91772,15.08378 73.91768,15.08383 73.91767,15.08384 73.91764,15.08386 73.91763,15.08386 73.9176,15.08385 73.91759,15.08385 73.91755,15.08383 73.9175,15.08382 73.91742,15.08381 73.91738,15.08383 73.91736,15.08385 73.91736,15.08388 73.91737,15.08394 73.91739,15.08396 73.91742,15.08398 73.91746,15.084 73.91754,15.08402 73.91758,15.08403 73.91761,15.08405 73.91764,15.08407 73.91765,15.08409 73.91766,15.08414 73.91766,15.08421 73.91765,15.08427 73.9176,15.08445 73.91752,15.0846 73.91741,15.08473 73.91737,15.08477 73.91734,15.08478 73.91732,15.08478 73.91731,15.08479 73.91727,15.08477 73.91727,15.08476 73.91724,15.08472 73.91721,15.08471 73.91718,15.08472 73.91714,15.08474 73.91707,15.08482 73.91696,15.08501 73.91688,15.08515 73.91676,15.08529 73.91672,15.08535 73.91668,15.0854 73.91658,15.08553 73.91655,15.08556 73.91652,15.08559 73.91644,15.08564 73.91636,15.08567 73.91629,15.08568 73.9162,15.08569 73.91608,15.08566 73.91601,15.08564 73.91597,15.08561 73.91594,15.08558 73.91589,15.08549 73.91589,15.08545 73.91594,15.0854 73.91596,15.08537 73.91595,15.08534 73.91587,15.08526 73.91577,15.08521 73.91576,15.08521 73.91569,15.08522 73.91567,15.08523 73.91561,15.08529 73.91552,15.08533 73.91549,15.08533 73.9154,15.08533 73.91536,15.08532 73.9153,15.08528 73.91529,15.08524 73.91529,15.0852 73.91534,15.08516 73.91546,15.08509 73.91547,15.08507 73.9155,15.08504 73.91551,15.085 73.91549,15.08496 73.91542,15.08491 73.91511,15.08478 73.915,15.08476 73.91488,15.08477 73.91477,15.08476 73.91469,15.08476 73.9146,15.08479 73.91453,15.08483 73.9144,15.08498 73.91436,15.08503 73.91434,15.08504 73.9143,15.08506 73.91428,15.08505 73.91425,15.08504 73.91423,15.08505 73.91421,15.08508 73.9142,15.08512 73.91418,15.08513 73.91416,15.08513 73.91414,15.08511 73.9141,15.08507 73.91408,15.08501 73.91407,15.08497 73.91407,15.08494 73.91407,15.08487 73.91406,15.08487 73.91403,15.08483 73.914,15.08481 73.91397,15.08482 73.91395,15.08483 73.91394,15.08485 73.91393,15.08488 73.9139,15.08496 73.9139,15.08499 73.91386,15.08503 73.91382,15.08504 73.91378,15.08504 73.91363,15.08497 73.9136,15.08493 73.91358,15.08486 73.91359,15.08478 73.91359,15.08476 73.91358,15.08469 73.91357,15.08466 73.91356,15.08464 73.91354,15.08463 73.91351,15.08463 73.91347,15.08466 73.91345,15.08469 73.91345,15.08471 73.91344,15.08476 73.91341,15.08486 73.91337,15.08491 73.91332,15.08493 73.91329,15.08491 73.91327,15.08482 73.91327,15.08476 73.91327,15.08473 73.91325,15.08471 73.91322,15.0847 73.91313,15.08469 73.91293,15.08471 73.9127,15.08478 73.91259,15.08483 73.91257,15.08486 73.91249,15.08497 73.91245,15.085 73.91241,15.085 73.91239,15.08499 73.91239,15.08494 73.91238,15.08487 73.91237,15.08485 73.91238,15.08482 73.91244,15.08478 73.91253,15.08471 73.91258,15.08466 73.91259,15.08462 73.91258,15.08461 73.91256,15.0846 73.91253,15.08458 73.91249,15.08458 73.91245,15.08458 73.91236,15.0846 73.91222,15.08463 73.91219,15.08466 73.91215,15.0847 73.91212,15.08476 73.91211,15.08481 73.91211,15.08487 73.91212,15.0849 73.91214,15.08493 73.91218,15.08496 73.91223,15.08505 73.91224,15.08509 73.91224,15.08514 73.91227,15.08521 73.91228,15.08523 73.91233,15.08532 73.91235,15.08536 73.91236,15.08543 73.91237,15.08549 73.91237,15.08553 73.91236,15.08556 73.91235,15.0856 73.91235,15.08563 73.91233,15.08566 73.91231,15.08569 73.91228,15.08571 73.91218,15.08579 73.91217,15.08581 73.91217,15.08582 73.91217,15.08584 73.91218,15.08585 73.91221,15.08587 73.91224,15.08588 73.91229,15.0859 73.91234,15.08591 73.91242,15.0859 73.91244,15.0859 73.91249,15.08589 73.91259,15.0859 73.91273,15.08592 73.91283,15.08593 73.9129,15.08595 73.91297,15.08598 73.91299,15.08599 73.91302,15.08599 73.91308,15.08596 73.91315,15.08594 73.91317,15.08593 73.91326,15.08593 73.91331,15.08594 73.9134,15.08596 73.91348,15.08599 73.91358,15.08602 73.91368,15.08605 73.91376,15.08606 73.91387,15.08606 73.91396,15.08605 73.91406,15.08603 73.91414,15.08604 73.91419,15.08606 73.91421,15.08611 73.91422,15.08616 73.91422,15.08622 73.91418,15.0863 73.91415,15.08633 73.91414,15.08636 73.91415,15.0864 73.91418,15.08642 73.91422,15.08643 73.91425,15.0864 73.9143,15.08636 73.91433,15.08635 73.91437,15.08635 73.91441,15.08635 73.91444,15.08635 73.91447,15.08636 73.9145,15.08638 73.91454,15.0864 73.91459,15.08639 73.91461,15.08635 73.91465,15.08629 73.91466,15.08625 73.91469,15.08625 73.9147,15.08627 73.9147,15.08632 73.91471,15.08635 73.91471,15.08637 73.91472,15.08641 73.91472,15.08642 73.91474,15.08645 73.91475,15.08648 73.91478,15.08651 73.91489,15.08656 73.91496,15.08657 73.91501,15.08657 73.91505,15.08657 73.91509,15.08655 73.91512,15.08653 73.91516,15.08651 73.9152,15.08651 73.91526,15.08651 73.91533,15.08653 73.91538,15.08653 73.91548,15.08652 73.91553,15.08651 73.91558,15.08648 73.91563,15.08649 73.91566,15.08649 73.91567,15.08649 73.91571,15.08651 73.91576,15.08654 73.91579,15.08658 73.91579,15.08662 73.91577,15.08669 73.91573,15.08674 73.9156,15.08681 73.91557,15.08684 73.91557,15.08686 73.91558,15.08689 73.9156,15.08691 73.91564,15.08694 73.91567,15.08696 73.91584,15.08708 73.91599,15.08722 73.91613,15.08732 73.91615,15.08733 73.91621,15.08737 73.91623,15.08739 73.91627,15.08744 73.91631,15.08747 73.91634,15.08749 73.9164,15.08749 73.91641,15.08749 73.91646,15.08746 73.9165,15.08745 73.91654,15.08744 73.91659,15.08744 73.91662,15.08745 73.91664,15.08746 73.91666,15.08748 73.91668,15.08752 73.91669,15.08757 73.9167,15.08761 73.9167,15.08764 73.91668,15.08769 73.91665,15.08772 73.91661,15.08776 73.91644,15.08789 73.91631,15.08798 73.91629,15.088 73.91626,15.08803 73.91624,15.08807 73.91623,15.08811 73.91624,15.08816 73.91628,15.08822 73.91632,15.08827 73.91639,15.08834 73.9165,15.08842 73.91659,15.08846 73.91664,15.08848 73.91673,15.08848 73.91679,15.08847 73.91693,15.08843 73.91703,15.08843 73.9171,15.08845 73.91733,15.08851 73.91743,15.08855 73.91761,15.08871 73.91774,15.08887 73.91795,15.08907 73.91816,15.08916 73.91858,15.08939 73.9187,15.08948 73.91877,15.08954 73.91888,15.08963 73.91899,15.0897 73.91936,15.08988 73.91947,15.08995 73.91972,15.09015 73.91988,15.0903 73.9199,15.09032 73.91998,15.09037 73.92013,15.09046 73.92022,15.09049 73.92027,15.0905 73.92033,15.09049 73.92034,15.09048 73.92037,15.09043 73.92039,15.09036 73.92042,15.09031 73.92045,15.09027 73.9205,15.09024 73.92053,15.09023 73.92057,15.09023 73.92062,15.09023 73.92067,15.09024 73.92072,15.09027 73.92075,15.09029 73.92079,15.0903 73.92083,15.09029 73.92086,15.0903 73.92087,15.09031 73.92089,15.09033 73.92091,15.09037 73.92092,15.09038 73.92093,15.09038 73.92094,15.09039 73.92096,15.09038 73.92099,15.09033 73.921,15.09032 73.92101,15.0903 73.92103,15.09027 73.92104,15.09023 73.92105,15.09021 73.92105,15.09015 73.92105,15.09011 73.92105,15.09006 73.92106,15.09004 73.92108,15.09001 73.9211,15.09 73.92113,15.09 73.92116,15.09 73.92134,15.09008 73.92138,15.0901 73.92142,15.09011 73.92146,15.09013 73.92151,15.09016 73.92155,15.0902 73.92159,15.09025 73.92162,15.09033 73.92163,15.09039 73.92162,15.09053 73.92162,15.09061 73.92164,15.0907 73.92167,15.09075 73.9217,15.0908 73.92175,15.09086 73.92181,15.09092 73.92198,15.09102 73.92204,15.09105 73.92211,15.09109 73.92217,15.09112 73.92222,15.09116 73.92225,15.09119 73.92227,15.09122 73.9223,15.09127 73.9223,15.09128 73.9223,15.09132 73.92231,15.09136 73.92235,15.09143 73.92236,15.09143 73.92239,15.09144 73.92242,15.09143 73.92246,15.09143 73.92249,15.09144 73.92251,15.09146 73.92253,15.09148 73.92256,15.09154 73.92259,15.0916 73.92263,15.09165 73.92265,15.09167 73.92267,15.09167 73.92268,15.09167 73.9227,15.09166 73.92272,15.09166 73.92275,15.09167 73.92279,15.09171 73.92281,15.09172 73.92291,15.0918 73.92295,15.09182 73.92298,15.09183 73.92302,15.09183 73.92311,15.09182 73.92321,15.09181 73.92343,15.09184 73.92355,15.09185 73.92358,15.09187 73.92363,15.0919 73.92368,15.09194 73.92374,15.09204 73.92379,15.09217 73.92388,15.09227 73.9239,15.09229 73.92393,15.09229 73.92398,15.0923 73.924,15.0923 73.92401,15.09232 73.92402,15.09234 73.92402,15.09235 73.92401,15.09239 73.924,15.09242 73.92394,15.09252 73.92391,15.09258 73.9239,15.0926 73.9239,15.09263 73.92391,15.09264 73.92393,15.09267 73.92398,15.09273 73.92408,15.09286 73.92413,15.09295 73.92442,15.09344 73.92446,15.09352 73.92455,15.09384 73.92456,15.09398 73.92456,15.09405 73.92454,15.0941 73.9245,15.09414 73.92446,15.09417 73.92442,15.09421 73.92439,15.09428 73.92437,15.09434 73.92437,15.09442 73.92434,15.09466 73.92435,15.09475 73.92438,15.09482 73.92439,15.09485 73.92447,15.09495 73.92457,15.09503 73.9247,15.09509 73.92496,15.09518 73.92518,15.09525 73.92531,15.0953 73.92556,15.09544 73.92572,15.09556 73.92588,15.09572 73.9261,15.09593 73.92631,15.09616 73.92646,15.09638 73.92653,15.09656 73.92657,15.09678 73.92657,15.09691 73.92657,15.09703 73.92656,15.09716 73.92652,15.09733 73.92649,15.09742 73.92648,15.09748 73.92646,15.09769 73.92647,15.09793 73.92653,15.09839 73.92653,15.09864 73.92652,15.09873 73.9265,15.0989 73.92646,15.09906 73.92639,15.09918 73.92638,15.0992 73.92633,15.09934 73.92631,15.09945 73.92631,15.09959 73.92633,15.09976 73.92632,15.09988 73.92632,15.09989 73.92632,15.10022 73.92627,15.10042 73.92618,15.10066 73.92617,15.1007 73.926,15.10115 73.92591,15.10143 73.9258,15.10164 73.92573,15.10185 73.92568,15.10203 73.92563,15.10213 73.9256,15.10231 73.9256,15.10244 73.92562,15.10252 73.92565,15.1026 73.92569,15.10278 73.92568,15.10289 73.92566,15.1031 73.92563,15.10322 73.92562,15.10333 73.92557,15.10343 73.92549,15.10356 73.92534,15.10381 73.92532,15.10385 73.92528,15.10392 73.92522,15.10405 73.92512,15.10422 73.92502,15.10441 73.92494,15.10454 73.92485,15.10468 73.9248,15.10476 73.92471,15.10488 73.92464,15.10498 73.9246,15.10507 73.92453,15.10518 73.92445,15.10526 73.9244,15.10529 73.92428,15.10534 73.92421,15.10535 73.92415,15.10534 73.92411,15.10535 73.92409,15.10536 73.92398,15.10538 73.9239,15.10538 73.92385,15.10537 73.92377,15.10538 73.92373,15.10539 73.9237,15.10541 73.92366,15.10541 73.92352,15.10547 73.92346,15.10549 73.92344,15.10549 73.92338,15.10549 73.92328,15.1055 73.92325,15.10552 73.9232,15.10557 73.92316,15.10562 73.92311,15.10566 73.92305,15.10573 73.923,15.10578 73.92299,15.10578 73.92293,15.10581 73.92287,15.10584 73.92283,15.10586 73.92278,15.10587 73.92276,15.10586 73.92271,15.10587 73.92266,15.10589 73.92264,15.1059 73.92257,15.10595 73.92252,15.10596 73.92247,15.10594 73.92246,15.10594 73.9224,15.10591 73.92234,15.10591 73.9223,15.10592 73.92222,15.10592 73.92217,15.10592 73.92209,15.1059 73.92205,15.10588 73.92199,15.10587 73.92193,15.10586 73.9219,15.10586 73.92189,15.10588 73.92189,15.10591 73.92189,15.10593 73.9219,15.10595 73.92192,15.10597 73.92195,15.10598 73.92196,15.10598 73.92199,15.10599 73.922,15.106 73.92201,15.10603 73.922,15.10606 73.92198,15.10609 73.92196,15.10613 73.92193,15.10621 73.92191,15.10623 73.92188,15.10625 73.92186,15.10626 73.92183,15.10628 73.92183,15.1063 73.92183,15.10633 73.92188,15.10636 73.92194,15.10639 73.92202,15.10641 73.92206,15.10643 73.92215,15.10649 73.9222,15.10651 73.92224,15.10656 73.92225,15.10662 73.92224,15.10683 73.92223,15.10691 73.92223,15.107 73.92221,15.10715 73.92222,15.10718 73.92223,15.10734 73.92223,15.10745 73.92225,15.10767 73.92225,15.10774 73.92224,15.10778 73.92224,15.10782 73.92222,15.10788 73.9222,15.1079 73.92218,15.10793 73.92217,15.10794 73.92215,15.10795 73.92213,15.10795 73.92209,15.10795 73.92204,15.10797 73.92201,15.10798 73.92199,15.108 73.92194,15.10803 73.92188,15.10804 73.92184,15.10805 73.92175,15.10805 73.92168,15.10805 73.9216,15.10802 73.92145,15.10797 73.92136,15.10792 73.92121,15.10786 73.92112,15.10784 73.92099,15.10782 73.92084,15.10782 73.92074,15.1078 73.92068,15.1078 73.92053,15.10782 73.9205,15.10783 73.92048,15.10785 73.92045,15.10786 73.92041,15.10787 73.92037,15.10787 73.92035,15.10786 73.92032,15.10785 73.92029,15.10784 73.92019,15.10782 73.92008,15.10779 73.91966,15.1077 73.91939,15.10762 73.91937,15.10761 73.91926,15.10759 73.91919,15.10758 73.91911,15.10759 73.91905,15.10759 73.91896,15.10761 73.91893,15.10761 73.91876,15.1076 73.91873,15.10759 73.91869,15.10758 73.91863,15.10758 73.91858,15.10758 73.91855,15.10757 73.91849,15.10757 73.91841,15.10758 73.91836,15.10759 73.91831,15.1076 73.91823,15.10761 73.91821,15.10762 73.91818,15.10763 73.91817,15.10764 73.91816,15.10765 73.91815,15.10767 73.91815,15.10768 73.91815,15.1077 73.91815,15.10773 73.91816,15.10775 73.91816,15.10777 73.91816,15.10778 73.91813,15.10781 73.91811,15.10783 73.91809,15.10785 73.91804,15.10787 73.91803,15.10789 73.91802,15.1079 73.91801,15.10791 73.91802,15.10793 73.91803,15.10795 73.91804,15.10795 73.91805,15.10796 73.91807,15.10796 73.91813,15.10795 73.91819,15.10794 73.91822,15.10793 73.91828,15.10791 73.91833,15.10788 73.91836,15.10786 73.91838,15.10785 73.91841,15.10784 73.91849,15.10784 73.91855,15.10786 73.91882,15.10792 73.91895,15.10795 73.91896,15.10795 73.91899,15.10797 73.91901,15.10798 73.91902,15.10799 73.91903,15.10801 73.91903,15.10803 73.91904,15.10807 73.91904,15.10808 73.91904,15.10809 73.91905,15.10811 73.91906,15.10812 73.91909,15.10813 73.91911,15.10814 73.91913,15.10814 73.91914,15.10815 73.91915,15.10816 73.91915,15.10817 73.91916,15.10818 73.91917,15.10819 73.91918,15.10819 73.91919,15.10819 73.91921,15.10819 73.91922,15.10818 73.91923,15.10817 73.91925,15.10816 73.91927,15.10814 73.91928,15.10812 73.9193,15.1081 73.91932,15.10809 73.91935,15.10809 73.91938,15.10809 73.91942,15.1081 73.91947,15.10812 73.91967,15.10818 73.91969,15.10819 73.9198,15.10823 73.92002,15.1083 73.92011,15.10832 73.92013,15.10832 73.92026,15.10835 73.92034,15.10838 73.92051,15.10843 73.92067,15.10846 73.92073,15.10848 73.92076,15.10849 73.92081,15.10849 73.92085,15.10848 73.92088,15.10845 73.9209,15.10844 73.92093,15.10842 73.92096,15.1084 73.921,15.10839 73.92103,15.10839 73.9211,15.10839 73.92117,15.10841 73.92121,15.10842 73.92132,15.10847 73.92146,15.10854 73.92153,15.10859 73.92159,15.10863 73.92162,15.10868 73.92166,15.10872 73.9217,15.10875 73.92173,15.10875 73.92175,15.10875 73.92177,15.10874 73.92178,15.10873 73.9218,15.10873 73.92182,15.10873 73.92184,15.10874 73.92186,15.10878 73.92188,15.1088 73.92189,15.10881 73.92193,15.10883 73.92197,15.10884 73.92204,15.10886 73.92222,15.10887 73.92238,15.10887 73.92247,15.10889 73.92252,15.10891 73.92255,15.10893 73.92259,15.10895 73.9227,15.10899 73.92285,15.10904 73.92294,15.10909 73.923,15.10914 73.92303,15.10917 73.92305,15.1092 73.92306,15.10922 73.92307,15.10925 73.92307,15.10928 73.92307,15.1093 73.92307,15.10931 73.92307,15.10933 73.92307,15.10935 73.92307,15.10937 73.92307,15.10939 73.92307,15.10941 73.92311,15.10944 73.92313,15.10945 73.92315,15.10945 73.92319,15.10946 73.92322,15.10946 73.92326,15.10945 73.92332,15.10942 73.92344,15.10938 73.92361,15.10936 73.92364,15.10935 73.92375,15.10937 73.9239,15.10941 73.92405,15.10948 73.92417,15.10953 73.92458,15.10976 73.9247,15.10981 73.92486,15.10986 73.92502,15.10988 73.92524,15.1099 73.9258,15.11 73.92596,15.11003 73.92609,15.11006 73.92617,15.1101 73.92632,15.11019 73.92648,15.11026 73.92668,15.11033 73.92693,15.11038 73.92713,15.1104 73.9273,15.11042 73.92741,15.11047 73.92754,15.11057 73.92782,15.11078 73.92808,15.11098 73.92834,15.11113 73.92849,15.11119 73.92875,15.11131 73.92915,15.11141 73.92934,15.1115 73.92954,15.11156 73.92981,15.11162 73.93002,15.11165 73.93026,15.11172 73.93046,15.11181 73.93067,15.11194 73.93085,15.11204 73.93103,15.11211 73.93141,15.11225 73.9319,15.11243 73.93202,15.1125 73.93212,15.1126 73.93218,15.11268 73.93222,15.11277 73.93224,15.11288 73.93227,15.11296 73.93232,15.11303 73.93236,15.11308 73.9324,15.1131 73.93247,15.11313 73.93254,15.11314 73.93264,15.11315 73.93266,15.11316 73.93269,15.11319 73.93272,15.11322 73.93275,15.11325 73.93279,15.11327 73.93284,15.1133 73.93294,15.11335 73.93297,15.11336 73.93302,15.11337 73.93305,15.11337 73.93307,15.11336 73.93311,15.11331 73.93314,15.11328 73.93336,15.113 73.9334,15.11296 73.93346,15.11289 73.93351,15.11283 73.93355,15.11277 73.9336,15.11275 73.93363,15.11275 73.93367,15.11279 73.93372,15.11283 73.93379,15.11288 73.93385,15.11291 73.93389,15.11292 73.9339,15.11292 73.93392,15.11292 73.93393,15.11292 73.93393,15.11291 73.93394,15.1129 73.93395,15.11288 73.93395,15.11287 73.93396,15.11286 73.93396,15.11284 73.93396,15.11278 73.93396,15.11276 73.93397,15.1127 73.93397,15.11259 73.93397,15.11257 73.93398,15.11256 73.93398,15.11255 73.93399,15.11255 73.93401,15.11253 73.93404,15.11251 73.93407,15.11247 73.93408,15.11246 73.93408,15.11244 73.93408,15.11243 73.93408,15.11242 73.93408,15.11241 73.93408,15.1124 73.93408,15.11239 73.93409,15.11237 73.9341,15.11236 73.93414,15.11234 73.93417,15.1123 73.93421,15.11225 73.93421,15.11222 73.93421,15.11219 73.9342,15.11217 73.9342,15.11216 73.93418,15.11213 73.93417,15.11209 73.93417,15.11207 73.93418,15.11205 73.93419,15.11203 73.93424,15.112 73.93427,15.11197 73.9343,15.11196 73.93433,15.11197 73.93436,15.112 73.93441,15.11202 73.93444,15.11201 73.93446,15.11201 73.9345,15.11198 73.93452,15.11197 73.93455,15.11195 73.93456,15.11193 73.9346,15.1119 73.93463,15.11188 73.93473,15.11181 73.93482,15.11173 73.93487,15.11171 73.93493,15.11169 73.93499,15.11168 73.93506,15.11168 73.93523,15.11169 73.93535,15.11171 73.9354,15.11173 73.93554,15.1118 73.9356,15.11183 73.93565,15.11186 73.93569,15.11191 73.93572,15.11197 73.93573,15.11199 73.93573,15.11202 73.93573,15.11203 73.93572,15.11204 73.93571,15.11207 73.9357,15.11209 73.93568,15.11211 73.93567,15.11215 73.93567,15.11217 73.93567,15.11219 73.93571,15.11225 73.93572,15.11226 73.93571,15.11227 73.93571,15.11228 73.9357,15.11229 73.93569,15.11229 73.93567,15.11229 73.93565,15.11229 73.93562,15.1123 73.93554,15.11229 73.93551,15.11229 73.93548,15.11229 73.93544,15.1123 73.93543,15.11231 73.93541,15.11232 73.93539,15.11235 73.93539,15.11238 73.93539,15.1124 73.9354,15.11241 73.93542,15.11242 73.93544,15.11243 73.93547,15.11243 73.93552,15.11243 73.93554,15.11242 73.93559,15.11242 73.93564,15.11243 73.93567,15.11243 73.93571,15.11244 73.93575,15.11246 73.93578,15.11247 73.93583,15.11248 73.93586,15.11248 73.93592,15.11247 73.93596,15.11245 73.93599,15.11244 73.93602,15.11242 73.93605,15.11242 73.93609,15.11243 73.93612,15.11244 73.93615,15.11247 73.93619,15.11249 73.93621,15.11253 73.93624,15.11257 73.93626,15.1126 73.93627,15.11264 73.93626,15.11267 73.93624,15.11271 73.93618,15.11277 73.9361,15.11288 73.93606,15.11301 73.93603,15.11322 73.93601,15.11334 73.936,15.1134 73.93601,15.11344 73.93606,15.11355 73.93624,15.11376 73.9363,15.11382 73.93633,15.11386 73.93639,15.11392 73.93643,15.11401 73.93644,15.11411 73.93643,15.11423 73.93643,15.11443 73.93645,15.11478 73.93654,15.11529 73.93658,15.11551 73.93664,15.11567 73.9367,15.11576 73.93676,15.11585 73.93679,15.11593 73.93679,15.11602 73.93681,15.11619 73.93685,15.1163 73.9369,15.11643 73.937,15.11659 73.93719,15.11683 73.93733,15.11699 73.93751,15.11721 73.93758,15.11732 73.93762,15.11742 73.93767,15.11763 73.93772,15.11777 73.9378,15.11799 73.93782,15.11793 73.93823,15.117 73.93829,15.1169 73.93881,15.11603 73.93942,15.11473 73.9397,15.11436 73.93985,15.11418 73.94032,15.11363 73.94179,15.11187</coordinates></LinearRing></outerBoundaryIs></Polygon></MultiGeometry>
  </Placemark>
  <Placemark id="WG_ESA_2024_GA.65">
	<name>Cotigao</name>
	<Style><LineStyle><color>ff0000ff</color></LineStyle><PolyStyle><fill>0</fill></PolyStyle></Style>
	<ExtendedData><SchemaData schemaUrl="#WG_ESA_2024_GA">
		<SimpleData name="esa_category">whole_village</SimpleData>
		<SimpleData name="area_km2">110.639</SimpleData>
	</SchemaData></ExtendedData>
      <MultiGeometry><Polygon><outerBoundaryIs><LinearRing><coordinates>74.21792,15.04347 74.2192,15.04231 74.22145,15.04094 74.22304,15.04021 74.22405,15.03942 74.22517,15.03868 74.22659,15.03786 74.22727,15.03733 74.22761,15.03711 74.22788,15.03684 74.22821,15.03684 74.22852,15.03673 74.22921,15.03613 74.22985,15.0355 74.23051,15.03448 74.23064,15.03428 74.23073,15.03417 74.23102,15.0338 74.23101,15.03373 74.23096,15.03346 74.23073,15.03256 74.23068,15.0313 74.23061,15.03062 74.2306,15.03047 74.23062,15.02994 74.23059,15.02933 74.23073,15.02832 74.23091,15.02641 74.23122,15.02413 74.23191,15.0211 74.23193,15.02097 74.23262,15.01807 74.23357,15.01501 74.23377,15.01447 74.23381,15.0144 74.23386,15.01423 74.23387,15.01412 74.23423,15.01342 74.23455,15.01245 74.2351,15.01132 74.23568,15.01051 74.23577,15.01038 74.23674,15.00938 74.23727,15.00872 74.2377,15.00821 74.23801,15.00788 74.23905,15.00631 74.24043,15.00477 74.24179,15.00332 74.24277,15.00313 74.24356,15.00304 74.24462,15.00289 74.24526,15.00276 74.24596,15.00264 74.24649,15.00253 74.24682,15.00252 74.24719,15.00243 74.24767,15.0023 74.24804,15.00219 74.24842,15.00211 74.24898,15.00214 74.24908,15.00214 74.25056,15.00069 74.25089,15.00037 74.25152,14.99994 74.2536,14.99815 74.2536,14.99814 74.25351,14.99789 74.25349,14.99785 74.25342,14.99767 74.25286,14.99622 74.25265,14.99567 74.25217,14.99462 74.25193,14.99394 74.25191,14.99382 74.25186,14.99362 74.25186,14.99343 74.25193,14.99313 74.25199,14.993 74.2521,14.99273 74.25212,14.99268 74.25239,14.99223 74.25241,14.99219 74.25242,14.99217 74.2525,14.99205 74.25313,14.99132 74.25359,14.99083 74.25428,14.99009 74.2546,14.98978 74.25499,14.98939 74.25515,14.98927 74.25546,14.98904 74.25554,14.98901 74.25557,14.989 74.25602,14.98883 74.25694,14.98859 74.25742,14.98846 74.2577,14.98823 74.25818,14.98764 74.26345,14.97981 74.26428,14.97858 74.26432,14.97852 74.26413,14.97841 74.26404,14.97835 74.2624,14.97734 74.26194,14.97706 74.26126,14.97664 74.26099,14.97647 74.25935,14.97089 74.2591,14.97006 74.25783,14.97018 74.25527,14.97042 74.25484,14.96941 74.25455,14.96876 74.25426,14.96739 74.25346,14.96366 74.25356,14.96275 74.2536,14.96239 74.25375,14.96112 74.25274,14.95936 74.25266,14.95921 74.2526,14.95909 74.25172,14.95964 74.251,14.95978 74.25089,14.9598 74.25021,14.95986 74.24964,14.9596 74.24953,14.95954 74.24942,14.95917 74.24941,14.95917 74.24926,14.95906 74.24923,14.95904 74.24805,14.96132 74.24755,14.96192 74.2471,14.96196 74.24652,14.96202 74.24613,14.96186 74.24595,14.96179 74.24566,14.96186 74.24559,14.96188 74.24531,14.96213 74.24509,14.96232 74.24428,14.96334 74.24314,14.96383 74.24218,14.9641 74.24179,14.96421 74.2414,14.96432 74.24078,14.96532 74.24052,14.96575 74.24,14.96622 74.2399,14.96631 74.23976,14.96638 74.23914,14.96673 74.23873,14.96682 74.23815,14.96661 74.2381,14.96656 74.23808,14.96654 74.23739,14.96712 74.23693,14.96694 74.2367,14.96685 74.2364,14.96659 74.23609,14.96633 74.23603,14.96629 74.23534,14.96501 74.23496,14.9646 74.23422,14.96416 74.23384,14.96406 74.23298,14.96411 74.23298,14.96412 74.23286,14.96412 74.23278,14.9638 74.23277,14.96375 74.23252,14.96225 74.23243,14.96174 74.23236,14.96097 74.23231,14.96064 74.23222,14.95993 74.23205,14.95937 74.23188,14.95901 74.23174,14.95872 74.23145,14.9581 74.23142,14.95713 74.23141,14.95687 74.23138,14.95617 74.23145,14.95468 74.23174,14.95342 74.23175,14.95337 74.23124,14.95243 74.23092,14.95185 74.23089,14.95182 74.23029,14.95109 74.2298,14.9505 74.22928,14.95035 74.22897,14.95027 74.22815,14.95004 74.2273,14.9498 74.22705,14.94993 74.22596,14.95046 74.22554,14.95012 74.22456,14.94935 74.22442,14.94924 74.22406,14.94896 74.22396,14.94888 74.22,14.94802 74.21956,14.94765 74.21818,14.94649 74.21755,14.94595 74.21453,14.9473 74.21366,14.94769 74.21303,14.94639 74.21276,14.94584 74.21164,14.94354 74.21263,14.94027 74.20947,14.93828 74.20913,14.93806 74.20898,14.93745 74.20885,14.93692 74.20884,14.93692 74.20819,14.93609 74.20748,14.93518 74.20629,14.93303 74.20624,14.93269 74.20617,14.93228 74.20586,14.93121 74.20559,14.93092 74.2055,14.93083 74.20484,14.93012 74.20478,14.92995 74.20422,14.92834 74.20218,14.92634 74.20154,14.92572 74.20059,14.92615 74.2,14.92641 74.19952,14.92679 74.19445,14.93082 74.19265,14.93225 74.19166,14.93304 74.19168,14.93307 74.19209,14.93363 74.19349,14.93551 74.19466,14.93709 74.19478,14.93757 74.19495,14.93829 74.19481,14.93947 74.19476,14.93994 74.19473,14.94 74.194,14.94141 74.19331,14.94274 74.19303,14.94306 74.19173,14.94455 74.19135,14.94492 74.19126,14.94501 74.18811,14.94652 74.18704,14.94683 74.18599,14.94713 74.18565,14.94721 74.18528,14.9473 74.18493,14.94747 74.18492,14.94748 74.18413,14.94788 74.18409,14.94791 74.18358,14.94832 74.18357,14.94837 74.18349,14.94881 74.18347,14.94881 74.18269,14.94899 74.18218,14.94911 74.18184,14.94976 74.18148,14.95047 74.18146,14.95052 74.18145,14.95052 74.18036,14.9507 74.18003,14.95075 74.17972,14.9508 74.17973,14.95086 74.17977,14.95108 74.17977,14.9511 74.1798,14.95126 74.17987,14.95166 74.17983,14.9517 74.17968,14.9519 74.17905,14.95275 74.17836,14.95367 74.17837,14.95369 74.17907,14.95585 74.17946,14.95705 74.17941,14.95706 74.17924,14.9571 74.17767,14.95744 74.17726,14.95755 74.17705,14.95761 74.17681,14.95775 74.17656,14.95789 74.17638,14.958 74.17621,14.95809 74.17557,14.95809 74.17493,14.95844 74.17476,14.95853 74.17388,14.95858 74.17314,14.95812 74.1723,14.95807 74.17138,14.95719 74.17035,14.95796 74.16977,14.95771 74.16964,14.95765 74.16883,14.95769 74.1678,14.95825 74.16749,14.95834 74.16689,14.95853 74.16628,14.95839 74.1659,14.95818 74.16556,14.95835 74.16513,14.95857 74.16434,14.95852 74.16361,14.95848 74.16293,14.9575 74.16274,14.95723 74.16273,14.9572 74.16229,14.95686 74.16216,14.95682 74.16132,14.9566 74.16131,14.9566 74.16131,14.95658 74.16116,14.9562 74.16101,14.95581 74.16088,14.95568 74.16077,14.95555 74.16064,14.95554 74.16037,14.95553 74.15963,14.95606 74.15934,14.95593 74.15915,14.95585 74.15914,14.95577 74.15913,14.95566 74.15912,14.95564 74.15925,14.95544 74.15943,14.95515 74.15946,14.95511 74.15946,14.95483 74.15929,14.95458 74.15891,14.95425 74.15895,14.95392 74.15896,14.95388 74.15877,14.95358 74.15811,14.95308 74.1581,14.95307 74.15833,14.95272 74.15864,14.95224 74.15868,14.95218 74.15872,14.95212 74.15858,14.95199 74.15782,14.95129 74.15781,14.95128 74.15799,14.95093 74.15828,14.95034 74.15831,14.95028 74.15831,14.94991 74.15833,14.94931 74.15794,14.94896 74.15786,14.94889 74.15786,14.94888 74.15752,14.94824 74.15745,14.9481 74.15739,14.94803 74.15702,14.94761 74.15683,14.94741 74.15583,14.94686 74.15581,14.94685 74.1558,14.94684 74.15553,14.94663 74.15533,14.94648 74.15527,14.94636 74.15507,14.94599 74.15506,14.94566 74.15504,14.94529 74.15504,14.94488 74.15504,14.9448 74.15504,14.9446 74.15502,14.94409 74.15449,14.94368 74.15434,14.94357 74.15416,14.94343 74.15416,14.94324 74.15418,14.9432 74.1543,14.94287 74.15433,14.9428 74.15436,14.94278 74.15473,14.94259 74.15495,14.94248 74.15514,14.94237 74.15516,14.94236 74.15542,14.94222 74.15547,14.9422 74.15516,14.94147 74.15509,14.94129 74.15502,14.94113 74.15478,14.94101 74.15466,14.94095 74.15424,14.94072 74.15419,14.9403 74.1542,14.94021 74.15426,14.93984 74.15428,14.93979 74.15445,14.93944 74.15456,14.93941 74.15479,14.93933 74.15621,14.93888 74.15624,14.93887 74.15621,14.93825 74.15619,14.93778 74.1562,14.93765 74.15621,14.93748 74.15623,14.93723 74.15665,14.93621 74.15675,14.93595 74.15695,14.93547 74.15694,14.93545 74.15693,14.93542 74.15676,14.93496 74.15676,14.93486 74.15678,14.93463 74.15678,14.93457 74.15734,14.93441 74.15752,14.93436 74.15766,14.9341 74.15769,14.93403 74.15763,14.9338 74.15753,14.93337 74.15752,14.93334 74.15778,14.9331 74.1579,14.933 74.15809,14.93283 74.15812,14.93281 74.15814,14.93245 74.15814,14.93232 74.15817,14.93183 74.15818,14.93169 74.15819,14.93151 74.15841,14.93072 74.15854,14.93026 74.15855,14.93023 74.15877,14.92992 74.15878,14.9299 74.15914,14.92965 74.15935,14.92938 74.15938,14.92934 74.15938,14.92897 74.15944,14.92868 74.15949,14.92848 74.1595,14.92842 74.16045,14.92828 74.16098,14.92802 74.16125,14.92765 74.16127,14.92763 74.16155,14.9273 74.16257,14.92689 74.16258,14.92689 74.16267,14.92665 74.16284,14.9262 74.16286,14.92614 74.16318,14.92576 74.16319,14.92575 74.16326,14.92558 74.16342,14.92515 74.1636,14.92468 74.16361,14.92459 74.16363,14.92446 74.16364,14.92433 74.1636,14.92392 74.16355,14.92352 74.16355,14.92349 74.16416,14.92283 74.16419,14.9228 74.16419,14.92236 74.16424,14.92195 74.16424,14.92191 74.16483,14.92132 74.16484,14.92131 74.16503,14.92082 74.16507,14.92021 74.16507,14.92012 74.16508,14.92011 74.16531,14.91967 74.16541,14.91948 74.16557,14.91919 74.16588,14.91865 74.16591,14.91859 74.16595,14.9181 74.16595,14.91806 74.16596,14.91798 74.16596,14.91796 74.166,14.9177 74.1661,14.91712 74.16619,14.91655 74.1634,14.9135 74.16305,14.91312 74.16286,14.91292 74.16253,14.91258 74.16215,14.91218 74.16212,14.91214 74.15661,14.91494 74.15538,14.91546 74.15342,14.91629 74.15342,14.91634 74.15342,14.91712 74.15342,14.91713 74.15342,14.91714 74.1534,14.91714 74.15339,14.91715 74.15217,14.91743 74.15174,14.91753 74.14572,14.91895 74.14432,14.92071 74.14372,14.92145 74.14239,14.92211 74.14015,14.92323 74.13983,14.92316 74.13896,14.92296 74.13504,14.92209 74.12983,14.92547 74.12886,14.92548 74.12844,14.92549 74.12737,14.92527 74.12689,14.92517 74.1256,14.92523 74.12487,14.92526 74.12429,14.92532 74.12423,14.92532 74.12422,14.92532 74.12395,14.92493 74.12393,14.9249 74.12198,14.92749 74.12014,14.9298 74.11977,14.93046 74.11964,14.93085 74.12007,14.93135 74.12005,14.93157 74.11929,14.93295 74.11856,14.93389 74.11838,14.93453 74.11831,14.93485 74.11774,14.93544 74.11753,14.9359 74.11797,14.93647 74.11826,14.93686 74.11828,14.93733 74.11817,14.93774 74.118,14.93803 74.11767,14.9382 74.11718,14.93818 74.11687,14.93817 74.11645,14.93797 74.11614,14.93744 74.11575,14.93682 74.1154,14.93649 74.115,14.9363 74.11455,14.93629 74.11408,14.93649 74.11341,14.93689 74.11312,14.93721 74.11304,14.93772 74.11293,14.93883 74.11253,14.93914 74.11212,14.93932 74.1113,14.93954 74.11093,14.93999 74.11021,14.94078 74.10942,14.94229 74.10901,14.94251 74.10839,14.94257 74.10688,14.94237 74.10641,14.94224 74.10601,14.94205 74.10584,14.94197 74.10552,14.94193 74.10499,14.94206 74.10437,14.94248 74.10346,14.94261 74.10273,14.94293 74.10201,14.94347 74.10123,14.94449 74.10052,14.94526 74.09968,14.94568 74.09923,14.94603 74.09893,14.94736 74.09896,14.94807 74.09904,14.94855 74.09907,14.94882 74.09883,14.949 74.09843,14.94902 74.09821,14.94911 74.0979,14.94946 74.09765,14.94995 74.09773,14.95088 74.09796,14.95164 74.09747,14.95296 74.0972,14.95388 74.09718,14.95444 74.09737,14.95487 74.09856,14.95615 74.09963,14.95718 74.10055,14.95797 74.10116,14.95818 74.10194,14.95818 74.1024,14.95818 74.10326,14.9577 74.10377,14.95747 74.10409,14.95698 74.10431,14.95632 74.1051,14.95634 74.10522,14.95653 74.10522,14.95695 74.10527,14.95752 74.10548,14.95773 74.106,14.95774 74.10645,14.95984 74.10435,14.96014 74.10473,14.96154 74.10486,14.96239 74.10485,14.96401 74.10503,14.96443 74.10559,14.96514 74.1063,14.96577 74.1069,14.96597 74.10725,14.96596 74.10783,14.96581 74.10867,14.96546 74.10916,14.96525 74.10959,14.96521 74.11002,14.9652 74.1104,14.96482 74.11044,14.96644 74.11085,14.96733 74.11138,14.96788 74.11203,14.96865 74.11177,14.96986 74.11286,14.97026 74.1135,14.97071 74.1138,14.97114 74.11359,14.97213 74.11301,14.97189 74.11295,14.97218 74.11287,14.97315 74.11282,14.97448 74.11376,14.97363 74.11405,14.97345 74.11524,14.97364 74.11566,14.9737 74.11637,14.9735 74.11734,14.9729 74.11831,14.97303 74.11914,14.97319 74.11938,14.97341 74.11998,14.97435 74.12019,14.97457 74.12058,14.97464 74.12099,14.97445 74.12125,14.97415 74.12128,14.97392 74.12128,14.97294 74.12105,14.97216 74.12158,14.97058 74.1241,14.97284 74.12508,14.97351 74.12842,14.97552 74.12986,14.97635 74.13154,14.97751 74.13295,14.97814 74.13377,14.97808 74.13523,14.97761 74.13604,14.9776 74.13695,14.97763 74.13752,14.97747 74.13891,14.97675 74.1395,14.97659 74.14073,14.97709 74.14198,14.97779 74.14237,14.97761 74.14398,14.97694 74.1446,14.9773 74.14517,14.97756 74.14554,14.97758 74.14593,14.97746 74.14662,14.97711 74.14724,14.97683 74.14787,14.97663 74.14858,14.97662 74.14916,14.97686 74.14953,14.97631 74.15181,14.97691 74.15304,14.97732 74.15325,14.97701 74.15371,14.9768 74.15449,14.97683 74.15542,14.97696 74.15589,14.97702 74.15646,14.97684 74.1572,14.97653 74.15799,14.97598 74.15846,14.97572 74.15906,14.97574 74.15939,14.97604 74.15963,14.97666 74.15966,14.97763 74.15958,14.97855 74.15974,14.97911 74.16036,14.97989 74.1609,14.98037 74.16118,14.98049 74.16159,14.98061 74.16263,14.98042 74.16339,14.98044 74.16451,14.98075 74.16513,14.98064 74.16557,14.9803 74.16619,14.97938 74.16677,14.97879 74.16737,14.9786 74.168,14.97857 74.16863,14.97869 74.16887,14.97891 74.16906,14.97967 74.16879,14.98153 74.16892,14.9821 74.16897,14.98232 74.16955,14.98261 74.17044,14.98279 74.1712,14.98279 74.17201,14.98273 74.17247,14.98277 74.17352,14.98298 74.17399,14.98286 74.17424,14.98266 74.17451,14.98243 74.1747,14.98201 74.17469,14.98134 74.17462,14.98088 74.17477,14.98054 74.17526,14.98026 74.17634,14.97983 74.17697,14.97981 74.17739,14.98026 74.1776,14.98134 74.17739,14.98276 74.17721,14.98421 74.17725,14.98491 74.17753,14.9858 74.17793,14.9866 74.17795,14.98711 74.17766,14.98827 74.17714,14.98969 74.17706,14.99011 74.17709,14.99031 74.17723,14.99062 74.17799,14.99098 74.17904,14.99114 74.1792,14.99124 74.17948,14.99181 74.17948,14.99242 74.17934,14.99269 74.17934,14.99281 74.17944,14.99295 74.17967,14.99299 74.17962,14.99317 74.17957,14.99332 74.17963,14.99359 74.17955,14.9938 74.17902,14.99401 74.17863,14.99414 74.17843,14.99443 74.17817,14.99503 74.17803,14.99523 74.17782,14.99533 74.17758,14.99531 74.17736,14.99516 74.17705,14.99486 74.17687,14.99476 74.17644,14.99466 74.1757,14.99472 74.1753,14.99491 74.17505,14.99521 74.1748,14.9958 74.17438,14.99706 74.17425,14.99742 74.1743,14.99767 74.17456,14.99789 74.17478,14.99803 74.1752,14.99817 74.17552,14.99823 74.17587,14.99815 74.17614,14.99815 74.1764,14.99816 74.17651,14.99826 74.17654,14.99855 74.17648,14.99886 74.17623,14.99927 74.17585,14.99952 74.17536,14.99953 74.17507,14.99969 74.17494,15.00005 74.17451,15.00075 74.17442,15.00089 74.17427,15.00097 74.17409,15.00104 74.1737,15.0011 74.17347,15.00111 74.17327,15.00113 74.1731,15.00116 74.17287,15.00121 74.17268,15.00133 74.17253,15.00144 74.17248,15.00154 74.17246,15.00168 74.17246,15.00182 74.17253,15.00197 74.17265,15.00218 74.17284,15.00242 74.17306,15.0026 74.17326,15.00277 74.17335,15.00285 74.17344,15.00291 74.17353,15.003 74.1736,15.00312 74.17362,15.00329 74.17359,15.00352 74.17352,15.00373 74.1735,15.00408 74.17354,15.00433 74.1736,15.0045 74.1736,15.00465 74.1736,15.00477 74.1736,15.0049 74.17358,15.00504 74.17353,15.00516 74.17347,15.00526 74.1734,15.00539 74.17321,15.00558 74.17313,15.00566 74.17293,15.00581 74.17276,15.00592 74.17261,15.00594 74.17247,15.00603 74.17224,15.00613 74.1721,15.00623 74.17198,15.00633 74.17189,15.00643 74.17175,15.00665 74.17169,15.00683 74.17156,15.00706 74.17141,15.00725 74.17129,15.00732 74.17109,15.00737 74.17095,15.00739 74.17081,15.00741 74.17064,15.00741 74.1705,15.00741 74.17036,15.00741 74.17022,15.00743 74.17003,15.00745 74.16996,15.0075 74.16983,15.00758 74.16979,15.00765 74.16979,15.00774 74.16981,15.00785 74.16985,15.00793 74.16993,15.00801 74.17008,15.00816 74.17023,15.0083 74.17044,15.00844 74.17085,15.00882 74.17109,15.00902 74.17128,15.00926 74.17134,15.00927 74.17158,15.00923 74.17182,15.00914 74.17214,15.00908 74.17239,15.00904 74.17261,15.00903 74.17287,15.00904 74.17305,15.00915 74.17312,15.00931 74.17313,15.00966 74.17309,15.0099 74.17313,15.0101 74.17321,15.01026 74.17343,15.01042 74.17387,15.01069 74.17421,15.01087 74.17439,15.01097 74.17456,15.01109 74.17472,15.01122 74.17485,15.01136 74.17492,15.01147 74.175,15.01161 74.17501,15.01171 74.17507,15.01191 74.17509,15.01207 74.17508,15.01224 74.17512,15.01262 74.1752,15.01281 74.17545,15.01305 74.17562,15.01319 74.17582,15.01337 74.1759,15.01349 74.17601,15.01365 74.1762,15.01386 74.1765,15.01399 74.17676,15.01407 74.17706,15.0141 74.17742,15.01407 74.17769,15.01407 74.17792,15.01404 74.17821,15.01404 74.17842,15.01411 74.17862,15.01425 74.17883,15.01451 74.17909,15.01495 74.17928,15.01515 74.17944,15.01542 74.17965,15.01568 74.17976,15.01583 74.17985,15.01599 74.17997,15.01614 74.18022,15.0164 74.18038,15.01654 74.18076,15.01674 74.18111,15.01688 74.18131,15.01696 74.1815,15.01702 74.18169,15.0171 74.18187,15.0172 74.182,15.01734 74.18204,15.01746 74.18205,15.01767 74.18204,15.01772 74.18191,15.01785 74.18183,15.01805 74.18177,15.01821 74.18175,15.01848 74.18175,15.01872 74.18168,15.01892 74.18162,15.01903 74.18151,15.0192 74.18135,15.01948 74.18122,15.01978 74.1811,15.02005 74.18105,15.0209 74.18105,15.02102 74.18107,15.02116 74.18117,15.02142 74.1812,15.02169 74.18127,15.02193 74.18132,15.02213 74.18137,15.0223 74.18138,15.02262 74.18136,15.02287 74.18134,15.02307 74.18126,15.02329 74.18118,15.02341 74.18104,15.02359 74.1809,15.02378 74.18075,15.02392 74.18056,15.02416 74.1805,15.02429 74.18042,15.02443 74.18035,15.02463 74.18034,15.02478 74.18034,15.02493 74.18035,15.02508 74.1804,15.02521 74.18046,15.02536 74.18058,15.02551 74.18064,15.02561 74.18072,15.02571 74.18075,15.02575 74.18086,15.02587 74.18097,15.02603 74.18108,15.02621 74.18121,15.02637 74.18133,15.0265 74.1815,15.02667 74.18166,15.02675 74.1819,15.02697 74.18211,15.02715 74.18231,15.02734 74.18251,15.02753 74.18278,15.02773 74.183,15.02792 74.18335,15.02822 74.1838,15.02851 74.18405,15.02874 74.18418,15.02887 74.18428,15.029 74.18437,15.02911 74.18452,15.02936 74.18456,15.02949 74.1846,15.0297 74.18466,15.03009 74.18471,15.03033 74.18475,15.0305 74.18481,15.0307 74.18481,15.03073 74.1849,15.03103 74.18511,15.03125 74.18533,15.03154 74.1856,15.03181 74.1858,15.03197 74.18603,15.03211 74.18619,15.03223 74.18633,15.03233 74.18652,15.03244 74.18689,15.03265 74.18717,15.03283 74.18738,15.03298 74.18759,15.03315 74.18777,15.03338 74.1879,15.0336 74.18797,15.03389 74.18808,15.03409 74.18829,15.0344 74.18853,15.03464 74.18866,15.03481 74.1889,15.03513 74.18913,15.03538 74.18926,15.03553 74.18927,15.03555 74.18927,15.03556 74.18936,15.0359 74.1895,15.0362 74.18962,15.03655 74.18971,15.03695 74.18974,15.03718 74.18976,15.03736 74.19003,15.03748 74.19016,15.0376 74.19042,15.03793 74.19068,15.03823 74.19112,15.03898 74.19127,15.03934 74.19138,15.03973 74.19147,15.03987 74.19157,15.04008 74.19163,15.04019 74.19175,15.04037 74.1919,15.04059 74.19205,15.04076 74.19213,15.04122 74.19217,15.04131 74.19245,15.04195 74.19248,15.04203 74.19285,15.04242 74.19415,15.04275 74.19484,15.04263 74.19593,15.04269 74.19822,15.04278 74.20145,15.04292 74.20316,15.0431 74.20417,15.04318 74.20427,15.04317 74.20535,15.04321 74.20561,15.04322 74.20748,15.0433 74.20934,15.04366 74.21117,15.0441 74.21235,15.04444 74.21363,15.04474 74.21484,15.04503 74.21551,15.04523 74.21595,15.04535 74.21654,15.04513 74.21703,15.04454 74.21742,15.04409 74.21792,15.04347</coordinates></LinearRing></outerBoundaryIs></Polygon></MultiGeometry>
  </Placemark>
  <Placemark id="WG_ESA_2024_GA.66">
	<name>Gaodongrem</name>
	<Style><LineStyle><color>ff0000ff</color></LineStyle><PolyStyle><fill>0</fill></PolyStyle></Style>
	<ExtendedData><SchemaData schemaUrl="#WG_ESA_2024_GA">
		<SimpleData name="esa_category">whole_village</SimpleData>
		<SimpleData name="area_km2">68.015</SimpleData>
	</SchemaData></ExtendedData>
      <MultiGeometry><Polygon><outerBoundaryIs><LinearRing><coordinates>74.14072,15.06706 74.14182,15.06656 74.14238,15.06599 74.14277,15.06539 74.14333,15.0657 74.14385,15.06604 74.1452,15.06642 74.14688,15.06685 74.14724,15.06694 74.14905,15.06745 74.14956,15.06745 74.15022,15.06727 74.15154,15.0667 74.15283,15.06643 74.15428,15.06643 74.15481,15.06639 74.1561,15.06605 74.15663,15.06596 74.15718,15.06591 74.15782,15.06613 74.15849,15.0664 74.15906,15.06675 74.15938,15.0668 74.15966,15.0668 74.16012,15.06666 74.16036,15.0665 74.16039,15.06648 74.16077,15.06628 74.16117,15.06628 74.16149,15.06628 74.16169,15.06628 74.16188,15.06628 74.1623,15.06591 74.16317,15.06496 74.16408,15.06424 74.16434,15.06393 74.16504,15.06316 74.16518,15.06283 74.16603,15.06286 74.16646,15.06249 74.16737,15.06123 74.16854,15.06037 74.1693,15.06014 74.16967,15.06001 74.1697,15.05989 74.16972,15.05975 74.16982,15.05914 74.16987,15.05882 74.17001,15.05822 74.16957,15.05789 74.16947,15.05778 74.16931,15.05756 74.169,15.05713 74.16874,15.05675 74.16816,15.05574 74.16751,15.05415 74.16713,15.0534 74.16668,15.05301 74.16431,15.05271 74.16365,15.05263 74.16301,15.05209 74.16184,15.05101 74.1612,15.04996 74.16092,15.04939 74.16092,15.04918 74.16134,15.04879 74.16161,15.04845 74.16166,15.04842 74.16197,15.04819 74.16248,15.04796 74.16308,15.04796 74.16402,15.048 74.16466,15.0481 74.16542,15.04824 74.16539,15.0473 74.16537,15.04704 74.16527,15.04577 74.16599,15.045 74.16631,15.04466 74.16887,15.04493 74.16988,15.04463 74.17107,15.04385 74.17285,15.0436 74.17412,15.04316 74.17492,15.04241 74.17557,15.0414 74.17557,15.04139 74.17562,15.04134 74.17588,15.0411 74.17632,15.04092 74.17703,15.04078 74.17876,15.04045 74.17993,15.0411 74.18092,15.04186 74.18127,15.04162 74.18187,15.04135 74.18233,15.04124 74.18235,15.04123 74.18268,15.04123 74.18303,15.04128 74.18361,15.04141 74.18401,15.04157 74.18456,15.0418 74.1859,15.04193 74.18644,15.04205 74.18766,15.04219 74.18835,15.0424 74.18924,15.04234 74.18987,15.04242 74.19021,15.04232 74.19162,15.04238 74.19285,15.04242 74.19248,15.04203 74.19245,15.04195 74.19217,15.04131 74.19213,15.04122 74.19205,15.04076 74.1919,15.04059 74.19175,15.04037 74.19163,15.04019 74.19157,15.04008 74.19147,15.03987 74.19138,15.03973 74.19127,15.03934 74.19112,15.03898 74.19068,15.03823 74.19042,15.03793 74.19016,15.0376 74.19003,15.03748 74.18976,15.03736 74.18974,15.03718 74.18971,15.03695 74.18962,15.03655 74.1895,15.0362 74.18936,15.0359 74.18927,15.03556 74.18927,15.03555 74.18926,15.03553 74.18913,15.03538 74.1889,15.03513 74.18866,15.03481 74.18853,15.03464 74.18829,15.0344 74.18808,15.03409 74.18797,15.03389 74.1879,15.0336 74.18777,15.03338 74.18759,15.03315 74.18738,15.03298 74.18717,15.03283 74.18689,15.03265 74.18652,15.03244 74.18633,15.03233 74.18619,15.03223 74.18603,15.03211 74.1858,15.03197 74.1856,15.03181 74.18533,15.03154 74.18511,15.03125 74.1849,15.03103 74.18481,15.03073 74.18481,15.0307 74.18475,15.0305 74.18471,15.03033 74.18466,15.03009 74.1846,15.0297 74.18456,15.02949 74.18452,15.02936 74.18437,15.02911 74.18428,15.029 74.18418,15.02887 74.18405,15.02874 74.1838,15.02851 74.18335,15.02822 74.183,15.02792 74.18278,15.02773 74.18251,15.02753 74.18231,15.02734 74.18211,15.02715 74.1819,15.02697 74.18166,15.02675 74.1815,15.02667 74.18133,15.0265 74.18121,15.02637 74.18108,15.02621 74.18097,15.02603 74.18086,15.02587 74.18075,15.02575 74.18072,15.02571 74.18064,15.02561 74.18058,15.02551 74.18046,15.02536 74.1804,15.02521 74.18035,15.02508 74.18034,15.02493 74.18034,15.02478 74.18035,15.02463 74.18042,15.02443 74.1805,15.02429 74.18056,15.02416 74.18075,15.02392 74.1809,15.02378 74.18104,15.02359 74.18118,15.02341 74.18126,15.02329 74.18134,15.02307 74.18136,15.02287 74.18138,15.02262 74.18137,15.0223 74.18132,15.02213 74.18127,15.02193 74.1812,15.02169 74.18117,15.02142 74.18107,15.02116 74.18105,15.02102 74.18105,15.0209 74.1811,15.02005 74.18122,15.01978 74.18135,15.01948 74.18151,15.0192 74.18162,15.01903 74.18168,15.01892 74.18175,15.01872 74.18175,15.01848 74.18177,15.01821 74.18183,15.01805 74.18191,15.01785 74.18204,15.01772 74.18205,15.01767 74.18204,15.01746 74.182,15.01734 74.18187,15.0172 74.18169,15.0171 74.1815,15.01702 74.18131,15.01696 74.18111,15.01688 74.18076,15.01674 74.18038,15.01654 74.18022,15.0164 74.17997,15.01614 74.17985,15.01599 74.17976,15.01583 74.17965,15.01568 74.17944,15.01542 74.17928,15.01515 74.17909,15.01495 74.17883,15.01451 74.17862,15.01425 74.17842,15.01411 74.17821,15.01404 74.17792,15.01404 74.17769,15.01407 74.17742,15.01407 74.17706,15.0141 74.17676,15.01407 74.1765,15.01399 74.1762,15.01386 74.17601,15.01365 74.1759,15.01349 74.17582,15.01337 74.17562,15.01319 74.17545,15.01305 74.1752,15.01281 74.17512,15.01262 74.17508,15.01224 74.17509,15.01207 74.17507,15.01191 74.17501,15.01171 74.175,15.01161 74.17492,15.01147 74.17485,15.01136 74.17472,15.01122 74.17456,15.01109 74.17439,15.01097 74.17421,15.01087 74.17387,15.01069 74.17343,15.01042 74.17321,15.01026 74.17313,15.0101 74.17309,15.0099 74.17313,15.00966 74.17312,15.00931 74.17305,15.00915 74.17287,15.00904 74.17261,15.00903 74.17239,15.00904 74.17214,15.00908 74.17182,15.00914 74.17158,15.00923 74.17134,15.00927 74.17128,15.00926 74.17109,15.00902 74.17085,15.00882 74.17044,15.00844 74.17023,15.0083 74.17008,15.00816 74.16993,15.00801 74.16985,15.00793 74.16981,15.00785 74.16979,15.00774 74.16979,15.00765 74.16983,15.00758 74.16996,15.0075 74.17003,15.00745 74.17022,15.00743 74.17036,15.00741 74.1705,15.00741 74.17064,15.00741 74.17081,15.00741 74.17095,15.00739 74.17109,15.00737 74.17129,15.00732 74.17141,15.00725 74.17156,15.00706 74.17169,15.00683 74.17175,15.00665 74.17189,15.00643 74.17198,15.00633 74.1721,15.00623 74.17224,15.00613 74.17247,15.00603 74.17261,15.00594 74.17276,15.00592 74.17293,15.00581 74.17313,15.00566 74.17321,15.00558 74.1734,15.00539 74.17347,15.00526 74.17353,15.00516 74.17358,15.00504 74.1736,15.0049 74.1736,15.00477 74.1736,15.00465 74.1736,15.0045 74.17354,15.00433 74.1735,15.00408 74.17352,15.00373 74.17359,15.00352 74.17362,15.00329 74.1736,15.00312 74.17353,15.003 74.17344,15.00291 74.17335,15.00285 74.17326,15.00277 74.17306,15.0026 74.17284,15.00242 74.17265,15.00218 74.17253,15.00197 74.17246,15.00182 74.17246,15.00168 74.17248,15.00154 74.17253,15.00144 74.17268,15.00133 74.17287,15.00121 74.1731,15.00116 74.17327,15.00113 74.17347,15.00111 74.1737,15.0011 74.17409,15.00104 74.17427,15.00097 74.17442,15.00089 74.17451,15.00075 74.17494,15.00005 74.17507,14.99969 74.17536,14.99953 74.17585,14.99952 74.17623,14.99927 74.17648,14.99886 74.17654,14.99855 74.17651,14.99826 74.1764,14.99816 74.17614,14.99815 74.17587,14.99815 74.17552,14.99823 74.1752,14.99817 74.17478,14.99803 74.17456,14.99789 74.1743,14.99767 74.17425,14.99742 74.17438,14.99706 74.1748,14.9958 74.17505,14.99521 74.1753,14.99491 74.1757,14.99472 74.17644,14.99466 74.17687,14.99476 74.17705,14.99486 74.17736,14.99516 74.17758,14.99531 74.17782,14.99533 74.17803,14.99523 74.17817,14.99503 74.17843,14.99443 74.17863,14.99414 74.17902,14.99401 74.17955,14.9938 74.17963,14.99359 74.17957,14.99332 74.17962,14.99317 74.17967,14.99299 74.17944,14.99295 74.17934,14.99281 74.17934,14.99269 74.17948,14.99242 74.17948,14.99181 74.1792,14.99124 74.17904,14.99114 74.17799,14.99098 74.17723,14.99062 74.17709,14.99031 74.17706,14.99011 74.17714,14.98969 74.17766,14.98827 74.17795,14.98711 74.17793,14.9866 74.17753,14.9858 74.17725,14.98491 74.17721,14.98421 74.17739,14.98276 74.1776,14.98134 74.17739,14.98026 74.17697,14.97981 74.17634,14.97983 74.17526,14.98026 74.17477,14.98054 74.17462,14.98088 74.17469,14.98134 74.1747,14.98201 74.17451,14.98243 74.17424,14.98266 74.17399,14.98286 74.17352,14.98298 74.17247,14.98277 74.17201,14.98273 74.1712,14.98279 74.17044,14.98279 74.16955,14.98261 74.16897,14.98232 74.16892,14.9821 74.16879,14.98153 74.16906,14.97967 74.16887,14.97891 74.16863,14.97869 74.168,14.97857 74.16737,14.9786 74.16677,14.97879 74.16619,14.97938 74.16557,14.9803 74.16513,14.98064 74.16451,14.98075 74.16339,14.98044 74.16263,14.98042 74.16159,14.98061 74.16118,14.98049 74.1609,14.98037 74.16036,14.97989 74.15974,14.97911 74.15958,14.97855 74.15966,14.97763 74.15963,14.97666 74.15939,14.97604 74.15906,14.97574 74.15846,14.97572 74.15799,14.97598 74.1572,14.97653 74.15646,14.97684 74.15589,14.97702 74.15542,14.97696 74.15449,14.97683 74.15371,14.9768 74.15325,14.97701 74.15304,14.97732 74.15307,14.97743 74.15307,14.97768 74.15331,14.97826 74.1536,14.97875 74.15404,14.97918 74.1547,14.9797 74.15596,14.9803 74.15625,14.98057 74.15639,14.98098 74.1563,14.98135 74.15614,14.98239 74.15569,14.98318 74.15503,14.98374 74.15418,14.98416 74.15332,14.98437 74.15227,14.98445 74.15157,14.98475 74.15107,14.98517 74.15064,14.98566 74.1506,14.98601 74.15078,14.98645 74.1511,14.98678 74.15143,14.987 74.15148,14.98746 74.1512,14.98789 74.1507,14.98809 74.1498,14.98803 74.14847,14.98828 74.1478,14.98876 74.14759,14.98911 74.14744,14.98975 74.14747,14.99099 74.14746,14.99238 74.1472,14.99378 74.14692,14.99445 74.14651,14.99465 74.14598,14.99459 74.1456,14.99448 74.14532,14.99416 74.14525,14.99389 74.14504,14.99338 74.14425,14.99306 74.14343,14.993 74.14267,14.99322 74.14189,14.99363 74.14121,14.99411 74.14086,14.99418 74.14056,14.99402 74.14026,14.99365 74.14007,14.99304 74.13999,14.99207 74.13973,14.99126 74.13924,14.99088 74.13856,14.99101 74.13681,14.9908 74.13621,14.99112 74.13588,14.99158 74.13537,14.99195 74.13488,14.99233 74.13471,14.99266 74.13471,14.99301 74.13479,14.99332 74.13507,14.99364 74.13549,14.99414 74.13601,14.99501 74.13614,14.99547 74.13634,14.99635 74.13639,14.99717 74.13622,14.99761 74.1359,14.99796 74.13543,14.99825 74.13488,14.99842 74.13403,14.99848 74.13341,14.99866 74.1331,14.99898 74.1331,14.99958 74.1335,15.0002 74.13398,15.00088 74.13437,15.00163 74.13439,15.00186 74.13438,15.00217 74.13383,15.00278 74.13342,15.00316 74.13314,15.0034 74.13268,15.00345 74.13241,15.00332 74.13208,15.00321 74.13183,15.00299 74.13168,15.00237 74.13154,15.00149 74.13142,15.00097 74.13062,14.99982 74.13015,14.99797 74.12963,14.99718 74.12922,14.99694 74.12876,14.99679 74.12817,14.99697 74.12781,14.99725 74.12731,14.9984 74.12701,14.99884 74.12639,14.99909 74.12576,14.99895 74.12539,14.99843 74.12408,14.99686 74.12245,14.99557 74.12209,14.99497 74.12188,14.99435 74.12172,14.99394 74.12147,14.99375 74.12135,14.99374 74.12095,14.99378 74.11942,14.99492 74.11889,14.99527 74.1183,14.99538 74.11799,14.99519 74.11763,14.99477 74.11771,14.99378 74.11805,14.992 74.11801,14.99106 74.11782,14.99041 74.11736,14.99017 74.1165,14.9903 74.11531,14.99067 74.11483,14.99086 74.11393,14.99211 74.11344,14.99246 74.1132,14.99248 74.11295,14.99217 74.1128,14.99099 74.11261,14.99023 74.11234,14.99004 74.112,14.9898 74.11141,14.98992 74.11109,14.99026 74.11101,14.99117 74.11113,14.99232 74.11088,14.99289 74.11073,14.99298 74.10982,14.9933 74.10886,14.99322 74.10819,14.99333 74.10779,14.99355 74.10737,14.99428 74.10741,14.99486 74.10755,14.99601 74.10809,14.99745 74.10821,14.99824 74.10823,14.99865 74.10784,14.99906 74.10733,14.99919 74.10698,14.99922 74.10649,14.99933 74.10581,14.99976 74.1049,15.00016 74.104,15.00076 74.10291,15.00177 74.10188,15.00263 74.10116,15.00319 74.10022,15.0036 74.09935,15.00394 74.09902,15.00421 74.09878,15.00462 74.09892,15.00503 74.09905,15.00542 74.09907,15.00573 74.0989,15.00615 74.09864,15.00643 74.0984,15.00647 74.09818,15.00648 74.09786,15.00637 74.09719,15.00594 74.09641,15.00509 74.09521,15.00399 74.09434,15.00316 74.09365,15.00442 74.09454,15.00701 74.09409,15.00702 74.09337,15.00751 74.09011,15.00765 74.09008,15.00869 74.09066,15.00894 74.09156,15.00896 74.09368,15.00958 74.09402,15.01005 74.09408,15.01123 74.09442,15.0116 74.09466,15.0124 74.09548,15.01277 74.09623,15.01293 74.09692,15.01327 74.09735,15.01363 74.09738,15.01368 74.09739,15.0137 74.09738,15.01374 74.09733,15.01377 74.09727,15.01378 74.09716,15.01377 74.09604,15.0135 74.09486,15.01353 74.09414,15.01351 74.09317,15.0135 74.09238,15.01351 74.09172,15.01373 74.08998,15.01419 74.0902,15.01505 74.09103,15.01622 74.09147,15.01733 74.09176,15.0185 74.09183,15.01902 74.09204,15.01959 74.09277,15.02077 74.09335,15.02171 74.09394,15.02347 74.09395,15.02414 74.09376,15.02459 74.09335,15.02516 74.09319,15.02543 74.09453,15.02646 74.09559,15.02712 74.09686,15.02798 74.09881,15.02923 74.09842,15.02948 74.09807,15.02975 74.09786,15.02997 74.09768,15.03022 74.09761,15.0304 74.09749,15.03059 74.09729,15.0309 74.09712,15.03112 74.09702,15.03125 74.09684,15.03143 74.09662,15.03168 74.09643,15.03188 74.0963,15.03202 74.09621,15.03222 74.0961,15.03248 74.09605,15.03268 74.09603,15.03284 74.09602,15.03303 74.09603,15.03326 74.09603,15.03344 74.09606,15.03355 74.09611,15.0338 74.09614,15.03402 74.09619,15.03422 74.09625,15.03449 74.09634,15.03472 74.09644,15.035 74.09656,15.03521 74.09669,15.0355 74.09675,15.03574 74.09675,15.03589 74.09675,15.03609 74.09677,15.0363 74.09685,15.03653 74.09691,15.03671 74.09694,15.03695 74.09692,15.03712 74.09689,15.03729 74.09687,15.03745 74.09689,15.03764 74.09689,15.03779 74.09694,15.03791 74.09699,15.03803 74.09705,15.03818 74.09708,15.0383 74.09712,15.03839 74.09716,15.03852 74.09722,15.03871 74.09729,15.03906 74.09739,15.0394 74.0974,15.03964 74.09741,15.03984 74.09741,15.04007 74.09738,15.04036 74.09738,15.04038 74.0974,15.04039 74.09758,15.04061 74.09816,15.04124 74.09834,15.04145 74.09861,15.04174 74.09853,15.04178 74.09753,15.04228 74.10441,15.05498 74.10476,15.05549 74.1049,15.05556 74.10497,15.05561 74.10623,15.05669 74.10759,15.0578 74.11005,15.05968 74.11122,15.06056 74.11257,15.0607 74.1179,15.0626 74.12041,15.06331 74.12439,15.06457 74.12686,15.06604 74.12748,15.0663 74.12759,15.06632 74.12826,15.06626 74.12891,15.06609 74.12952,15.06609 74.13029,15.06656 74.13101,15.06699 74.13204,15.06716 74.13274,15.0671 74.13324,15.06718 74.13433,15.06766 74.13544,15.06798 74.13629,15.06803 74.13735,15.06792 74.13821,15.06756 74.13924,15.06755 74.13991,15.06753 74.14072,15.06706</coordinates></LinearRing></outerBoundaryIs></Polygon></MultiGeometry>
  </Placemark>
  <Placemark id="WG_ESA_2024_GA.67">
	<name>Loliem</name>
	<Style><LineStyle><color>ff0000ff</color></LineStyle><PolyStyle><fill>0</fill></PolyStyle></Style>
	<ExtendedData><SchemaData schemaUrl="#WG_ESA_2024_GA">
		<SimpleData name="esa_category">whole_village</SimpleData>
		<SimpleData name="area_km2">41.459</SimpleData>
	</SchemaData></ExtendedData>
      <MultiGeometry><Polygon><outerBoundaryIs><LinearRing><coordinates>74.07309,14.96798 74.07333,14.96802 74.07369,14.96813 74.07378,14.96817 74.07437,14.96848 74.07489,14.96852 74.07574,14.96857 74.07624,14.9686 74.0769,14.96859 74.0773,14.96853 74.07739,14.96843 74.07752,14.9683 74.0775,14.96821 74.07732,14.96813 74.07698,14.96809 74.0764,14.968 74.0762,14.96789 74.07616,14.96781 74.07613,14.96773 74.07612,14.96768 74.07615,14.96758 74.07625,14.96749 74.07643,14.96747 74.07661,14.96744 74.07697,14.96742 74.07753,14.96728 74.07806,14.96721 74.07825,14.96729 74.07831,14.96733 74.07836,14.96737 74.07849,14.9677 74.07855,14.96785 74.07869,14.96786 74.07889,14.96781 74.07922,14.96756 74.07964,14.96728 74.0802,14.9671 74.08048,14.96712 74.08063,14.96722 74.08123,14.96756 74.0816,14.9678 74.08206,14.96798 74.08247,14.96804 74.08277,14.96799 74.08315,14.96783 74.08373,14.96753 74.08415,14.96739 74.08472,14.96722 74.08539,14.96708 74.0857,14.9668 74.08601,14.96666 74.08644,14.96653 74.08671,14.96636 74.08679,14.96614 74.08689,14.96589 74.08697,14.96571 74.087,14.96562 74.08725,14.96542 74.08757,14.96523 74.08823,14.96483 74.08835,14.96479 74.08848,14.9648 74.08867,14.96484 74.08891,14.96498 74.08906,14.96489 74.08946,14.96464 74.08971,14.96449 74.09009,14.96439 74.09047,14.96436 74.0906,14.96435 74.09132,14.96432 74.09171,14.96414 74.0922,14.96396 74.09262,14.96378 74.09329,14.96345 74.09359,14.96313 74.09385,14.96284 74.09396,14.96271 74.09429,14.96253 74.09453,14.96227 74.09478,14.96163 74.09494,14.96139 74.0951,14.96125 74.09525,14.96128 74.0955,14.9615 74.09566,14.96176 74.09586,14.96194 74.09621,14.96226 74.09656,14.96233 74.09682,14.96218 74.09709,14.96202 74.09742,14.96173 74.09761,14.96152 74.09764,14.96122 74.09765,14.96113 74.09772,14.9605 74.09785,14.96019 74.09813,14.95993 74.09842,14.95982 74.09855,14.9598 74.09869,14.95984 74.09892,14.95993 74.09918,14.96013 74.09941,14.96035 74.09961,14.96054 74.10017,14.96114 74.10049,14.96123 74.10097,14.96129 74.10128,14.96121 74.10135,14.96094 74.10135,14.96067 74.10104,14.96009 74.10082,14.95971 74.10071,14.95954 74.10092,14.95915 74.10138,14.95886 74.10175,14.95861 74.1024,14.95818 74.10194,14.95818 74.10116,14.95818 74.10055,14.95797 74.09963,14.95718 74.09856,14.95615 74.09737,14.95487 74.09718,14.95444 74.0972,14.95388 74.09747,14.95296 74.09796,14.95164 74.09773,14.95088 74.09765,14.94995 74.0979,14.94946 74.09821,14.94911 74.09843,14.94902 74.09883,14.949 74.09907,14.94882 74.09904,14.94855 74.09896,14.94807 74.09893,14.94736 74.09923,14.94603 74.09968,14.94568 74.10052,14.94526 74.10123,14.94449 74.10201,14.94347 74.10273,14.94293 74.10346,14.94261 74.10437,14.94248 74.10499,14.94206 74.10552,14.94193 74.10584,14.94197 74.10601,14.94205 74.10641,14.94224 74.10688,14.94237 74.10839,14.94257 74.10901,14.94251 74.10942,14.94229 74.11021,14.94078 74.11093,14.93999 74.1113,14.93954 74.11212,14.93932 74.11253,14.93914 74.11293,14.93883 74.11304,14.93772 74.11312,14.93721 74.11341,14.93689 74.11408,14.93649 74.11455,14.93629 74.115,14.9363 74.1154,14.93649 74.11575,14.93682 74.11614,14.93744 74.11645,14.93797 74.11687,14.93817 74.11718,14.93818 74.11767,14.9382 74.118,14.93803 74.11817,14.93774 74.11828,14.93733 74.11826,14.93686 74.11797,14.93647 74.11753,14.9359 74.11774,14.93544 74.11831,14.93485 74.11838,14.93453 74.11856,14.93389 74.11929,14.93295 74.12005,14.93157 74.12007,14.93135 74.11964,14.93085 74.11977,14.93046 74.12014,14.9298 74.12198,14.92749 74.12393,14.9249 74.12342,14.92416 74.12203,14.92215 74.12189,14.92195 74.12044,14.91986 74.12043,14.91985 74.12087,14.91915 74.12114,14.91871 74.12156,14.91803 74.1216,14.91797 74.12135,14.91781 74.12017,14.91703 74.11998,14.9169 74.1195,14.91706 74.1194,14.91709 74.11794,14.91758 74.11638,14.9181 74.11598,14.91816 74.11542,14.91824 74.11461,14.91836 74.11398,14.9177 74.11359,14.91729 74.11358,14.91729 74.11276,14.91773 74.11266,14.91771 74.11167,14.91747 74.11094,14.91729 74.11071,14.91724 74.10962,14.91697 74.10957,14.91683 74.10886,14.9149 74.10861,14.91421 74.10851,14.91394 74.10732,14.91417 74.10712,14.91407 74.10641,14.91371 74.10614,14.91358 74.10613,14.91357 74.10605,14.91353 74.10554,14.91328 74.10542,14.91322 74.1053,14.91315 74.1048,14.9129 74.10341,14.9145 74.1034,14.91452 74.10339,14.91452 74.10332,14.91458 74.10163,14.91579 74.09603,14.91196 74.09582,14.91183 74.09453,14.91099 74.09452,14.91098 74.09363,14.90926 74.09336,14.90875 74.09327,14.90857 74.0931,14.90824 74.09284,14.90773 74.0926,14.90733 74.09211,14.9065 74.09143,14.90535 74.09081,14.9043 74.09057,14.9039 74.09028,14.90341 74.08876,14.90342 74.08819,14.90343 74.08777,14.90287 74.08757,14.90261 74.08673,14.9015 74.08658,14.90129 74.08657,14.90128 74.08632,14.90116 74.08617,14.90109 74.08597,14.90099 74.08586,14.90094 74.08582,14.90092 74.08578,14.9009 74.08567,14.90075 74.08556,14.90059 74.08549,14.9005 74.08537,14.90032 74.08533,14.90026 74.08527,14.90018 74.08523,14.90012 74.0852,14.90008 74.08506,14.89989 74.08504,14.89989 74.085,14.89991 74.08503,14.89996 74.08512,14.90008 74.08507,14.90012 74.08505,14.90014 74.08503,14.90015 74.08498,14.90015 74.08496,14.90016 74.08495,14.90016 74.08492,14.90017 74.0849,14.90019 74.08487,14.90024 74.08487,14.90025 74.08486,14.90027 74.08486,14.90029 74.08487,14.90031 74.08489,14.90034 74.08489,14.90035 74.0849,14.90037 74.08491,14.90039 74.08492,14.90042 74.08492,14.90044 74.08491,14.90047 74.08488,14.90051 74.08488,14.90052 74.08484,14.90058 74.08482,14.90063 74.0848,14.90067 74.08479,14.90079 74.08478,14.90082 74.08479,14.90093 74.08479,14.90095 74.08479,14.90098 74.0848,14.90113 74.0848,14.9012 74.08481,14.90126 74.08483,14.9013 74.08485,14.90136 74.08487,14.90139 74.08487,14.90141 74.08487,14.90142 74.08487,14.90144 74.08486,14.90146 74.08486,14.90147 74.08484,14.90148 74.08478,14.90153 74.0847,14.90159 74.08461,14.90168 74.08449,14.90179 74.08446,14.90184 74.08442,14.90189 74.0844,14.90191 74.08438,14.90192 74.08436,14.90193 74.08435,14.90194 74.08434,14.90194 74.08433,14.90193 74.0843,14.9019 74.08426,14.90187 74.08422,14.90184 74.08419,14.90181 74.08417,14.9018 74.08414,14.90179 74.0841,14.90179 74.08407,14.9018 74.08406,14.9018 74.08403,14.90182 74.08397,14.90188 74.08395,14.9019 74.08394,14.90193 74.08392,14.90198 74.08391,14.90202 74.08387,14.90207 74.08386,14.90209 74.08379,14.90214 74.08372,14.90218 74.08364,14.9022 74.08361,14.90221 74.08355,14.90221 74.08353,14.90221 74.08349,14.9022 74.0834,14.90216 74.0833,14.90213 74.08326,14.90212 74.08324,14.90212 74.08322,14.90213 74.08321,14.90215 74.0832,14.90216 74.08318,14.90223 74.08315,14.90243 74.08313,14.90253 74.08312,14.90263 74.08312,14.90267 74.08313,14.90272 74.08315,14.90275 74.08318,14.9028 74.08321,14.90288 74.08322,14.90295 74.08322,14.90298 74.08321,14.90303 74.0832,14.90307 74.08319,14.90309 74.08318,14.90311 74.08318,14.90312 74.08319,14.90313 74.08321,14.90315 74.08324,14.90319 74.08326,14.90321 74.08329,14.90322 74.08332,14.90324 74.08336,14.90325 74.08338,14.90326 74.08341,14.90327 74.08343,14.90329 74.08348,14.90335 74.08351,14.9034 74.08355,14.90348 74.08357,14.90355 74.08359,14.90358 74.0836,14.90362 74.0836,14.90365 74.0836,14.90367 74.08359,14.90371 74.08356,14.90376 74.08354,14.90377 74.08353,14.90378 74.08352,14.90378 74.0835,14.90379 74.08349,14.90379 74.08348,14.90379 74.08347,14.90378 74.08342,14.90377 74.08333,14.90374 74.08326,14.90372 74.08325,14.90372 74.08322,14.90372 74.08319,14.90372 74.08317,14.90373 74.08316,14.90374 74.08315,14.90375 74.08314,14.90377 74.08313,14.90381 74.08311,14.90391 74.08308,14.90397 74.08306,14.904 74.08305,14.90402 74.08302,14.90405 74.08301,14.90408 74.083,14.90411 74.08301,14.90414 74.08302,14.90415 74.08303,14.90415 74.08308,14.90417 74.08316,14.90418 74.08324,14.9042 74.08325,14.90421 74.08325,14.90422 74.08324,14.90423 74.08322,14.90424 74.08319,14.90424 74.08312,14.90424 74.08308,14.90424 74.08303,14.90425 74.083,14.90426 74.08298,14.90427 74.08297,14.90429 74.08296,14.9043 74.08295,14.90431 74.08295,14.90433 74.08294,14.90434 74.08295,14.90436 74.08295,14.90437 74.08296,14.90438 74.08297,14.90439 74.08304,14.90444 74.08308,14.90448 74.08314,14.90455 74.08323,14.9047 74.08325,14.90472 74.08335,14.90498 74.08344,14.90526 74.0835,14.9054 74.08353,14.90546 74.08355,14.90551 74.08357,14.90561 74.08357,14.90566 74.08356,14.90576 74.08354,14.90584 74.08348,14.906 74.08314,14.90663 74.08268,14.90724 74.08219,14.90789 74.08145,14.9087 74.0809,14.90914 74.08054,14.90943 74.07996,14.90984 74.07974,14.91001 74.0797,14.91005 74.07965,14.91008 74.07962,14.9101 74.07957,14.91013 74.07952,14.91014 74.07949,14.91016 74.07946,14.91016 74.07943,14.91015 74.0794,14.91013 74.07936,14.91011 74.07933,14.91008 74.07929,14.91005 74.07923,14.91001 74.07918,14.90999 74.07914,14.90997 74.07908,14.90995 74.07903,14.90994 74.07898,14.90993 74.07888,14.90992 74.07885,14.90992 74.07879,14.90993 74.07874,14.90995 74.0787,14.90997 74.07866,14.91 74.07846,14.91016 74.07835,14.91026 74.07817,14.91042 74.07809,14.91046 74.07802,14.91049 74.07781,14.91054 74.07768,14.91057 74.07756,14.91058 74.07749,14.91057 74.07741,14.91056 74.07732,14.91053 74.07719,14.91049 74.07709,14.91047 74.07699,14.91043 74.07691,14.91039 74.07688,14.91037 74.0768,14.91031 74.07673,14.91025 74.07662,14.91019 74.07648,14.91014 74.07637,14.91012 74.07634,14.91012 74.07628,14.9101 74.0762,14.91006 74.0761,14.90999 74.07595,14.90991 74.07586,14.90988 74.07579,14.90984 74.0757,14.90979 74.07562,14.90973 74.0756,14.90972 74.07558,14.90971 74.07556,14.9097 74.07555,14.9097 74.07553,14.9097 74.07549,14.90971 74.07546,14.90972 74.07545,14.90973 74.07542,14.90975 74.07533,14.90979 74.0753,14.9098 74.07527,14.9098 74.07524,14.9098 74.07518,14.9098 74.07515,14.90979 74.07513,14.90978 74.07508,14.90974 74.07506,14.90973 74.07503,14.90972 74.075,14.90971 74.07494,14.90971 74.07469,14.90972 74.07456,14.90973 74.07442,14.90974 74.07435,14.90975 74.07428,14.90974 74.07421,14.90972 74.07416,14.9097 74.07412,14.90967 74.07405,14.9096 74.07394,14.90947 74.07388,14.9094 74.07386,14.90938 74.07384,14.90936 74.07382,14.90934 74.0738,14.90929 74.07379,14.90928 74.07378,14.90924 74.07378,14.90922 74.07377,14.90919 74.07374,14.9091 74.07372,14.90907 74.0737,14.90904 74.07364,14.909 74.07358,14.90897 74.07351,14.90895 74.07342,14.90891 74.07332,14.90888 74.0733,14.90887 74.07329,14.90887 74.07323,14.90888 74.07318,14.9089 74.07314,14.9089 74.0731,14.90891 74.07306,14.90892 74.07303,14.90891 74.07302,14.9089 74.07301,14.90888 74.07301,14.90883 74.073,14.9088 74.073,14.90879 74.07299,14.90878 74.07297,14.90877 74.07296,14.90877 74.07293,14.90877 74.07292,14.90877 74.07276,14.90879 74.07273,14.90879 74.07268,14.90879 74.07261,14.90878 74.07257,14.90878 74.07242,14.90874 74.07228,14.90871 74.07212,14.90867 74.07206,14.90865 74.07198,14.90861 74.07192,14.90858 74.07187,14.90854 74.07185,14.90852 74.07182,14.90848 74.07179,14.90844 74.07178,14.90844 74.07177,14.90841 74.07175,14.90836 74.07174,14.90833 74.07172,14.90828 74.07168,14.90822 74.07166,14.90819 74.0716,14.90814 74.07155,14.9081 74.07152,14.90809 74.0714,14.90802 74.0712,14.90793 74.07107,14.90787 74.071,14.90782 74.07094,14.90777 74.07081,14.90765 74.07074,14.90755 74.07068,14.90749 74.07063,14.90747 74.07057,14.90746 74.07047,14.9075 74.07025,14.9076 74.07017,14.90764 74.07005,14.9077 74.07002,14.90773 74.06996,14.90777 74.06994,14.90779 74.06991,14.90782 74.06988,14.90786 74.06986,14.9079 74.06986,14.90792 74.06985,14.90794 74.06984,14.90798 74.06982,14.908 74.06979,14.90804 74.06977,14.90807 74.06974,14.90808 74.06972,14.9081 74.06969,14.90811 74.06968,14.90812 74.06966,14.90815 74.06963,14.90818 74.06962,14.9082 74.06959,14.90827 74.06956,14.90835 74.06953,14.90843 74.06952,14.90845 74.06952,14.90847 74.06953,14.90849 74.06954,14.90852 74.06954,14.90853 74.06955,14.90853 74.06955,14.90854 74.06956,14.90853 74.06957,14.90853 74.0696,14.90853 74.06961,14.90853 74.06962,14.90854 74.06964,14.90856 74.06964,14.90857 74.06965,14.90862 74.06966,14.90865 74.06966,14.90869 74.06967,14.90875 74.06968,14.9088 74.06969,14.90885 74.06969,14.90892 74.06968,14.90895 74.06966,14.90898 74.06964,14.909 74.0696,14.90901 74.06957,14.90902 74.06955,14.90902 74.06954,14.90902 74.06951,14.90903 74.06949,14.90904 74.06945,14.90907 74.06943,14.90909 74.06942,14.90912 74.06941,14.90915 74.06939,14.9092 74.06937,14.90925 74.06935,14.90928 74.0693,14.90932 74.06928,14.90933 74.06925,14.90934 74.06922,14.90935 74.06909,14.90934 74.06874,14.90931 74.0686,14.90931 74.06859,14.90931 74.0685,14.90931 74.06849,14.90931 74.06836,14.90927 74.06802,14.9092 74.06773,14.90911 74.06747,14.90901 74.06732,14.90893 74.06727,14.90887 74.06723,14.9088 74.06723,14.90875 74.06723,14.90868 74.06724,14.90858 74.06724,14.90849 74.06723,14.90841 74.06722,14.90837 74.06719,14.90829 74.06716,14.90826 74.06712,14.90823 74.06709,14.90821 74.06704,14.90819 74.06698,14.90816 74.06693,14.90813 74.06688,14.90808 74.06681,14.908 74.0668,14.90796 74.06679,14.90791 74.06679,14.90785 74.0668,14.90782 74.06682,14.90777 74.06684,14.90772 74.06691,14.90759 74.06693,14.90755 74.06696,14.90752 74.06698,14.9075 74.067,14.90749 74.06701,14.90747 74.06702,14.90746 74.06702,14.90745 74.06702,14.90743 74.06702,14.90742 74.06702,14.90741 74.067,14.90739 74.06698,14.90738 74.06697,14.90737 74.06695,14.90737 74.06694,14.90737 74.06693,14.90738 74.06692,14.90738 74.06689,14.9074 74.06688,14.90741 74.06687,14.90741 74.06686,14.90742 74.06684,14.90742 74.06683,14.90742 74.06682,14.90741 74.06681,14.9074 74.0668,14.9074 74.0668,14.90739 74.06679,14.90737 74.06679,14.90735 74.06679,14.90733 74.0668,14.90733 74.06682,14.90729 74.06683,14.90728 74.06685,14.90726 74.06686,14.90725 74.06687,14.90724 74.06688,14.90723 74.06689,14.9072 74.06689,14.90719 74.06689,14.90717 74.06689,14.90716 74.06688,14.90715 74.06686,14.90713 74.06685,14.90712 74.06684,14.90711 74.0668,14.9071 74.06675,14.90707 74.06668,14.90705 74.06665,14.90705 74.06664,14.90705 74.06661,14.90706 74.06658,14.90708 74.06655,14.90711 74.06653,14.90713 74.0665,14.90717 74.06646,14.90725 74.06644,14.90734 74.06641,14.90746 74.06638,14.90754 74.06634,14.90761 74.06628,14.90767 74.06625,14.90771 74.06622,14.90775 74.06619,14.9078 74.06615,14.90788 74.06614,14.90791 74.06613,14.90795 74.06613,14.90797 74.06614,14.90799 74.06616,14.90803 74.0662,14.90807 74.06621,14.90809 74.06624,14.90814 74.06625,14.90816 74.06627,14.90821 74.06627,14.90823 74.06628,14.90826 74.06627,14.9083 74.06626,14.90832 74.06623,14.90835 74.0662,14.90838 74.06615,14.90841 74.06608,14.90844 74.06599,14.90847 74.06592,14.90848 74.06576,14.9085 74.06572,14.9085 74.06554,14.90851 74.06538,14.90855 74.06536,14.90855 74.06534,14.90856 74.0653,14.90857 74.06529,14.90857 74.06528,14.90858 74.06527,14.90858 74.06525,14.90859 74.06523,14.90859 74.06522,14.90859 74.06521,14.90858 74.0652,14.90857 74.06518,14.90855 74.06517,14.90854 74.06517,14.90852 74.06517,14.90851 74.06518,14.90848 74.06524,14.90834 74.06529,14.90824 74.0653,14.90822 74.06533,14.90817 74.06537,14.90809 74.06539,14.90803 74.06538,14.908 74.06537,14.90797 74.06535,14.90795 74.06532,14.90794 74.0653,14.90794 74.06526,14.90794 74.06522,14.90795 74.06519,14.90797 74.0652,14.90798 74.0652,14.90799 74.06522,14.90801 74.06524,14.90802 74.06524,14.90804 74.06524,14.90806 74.06521,14.9081 74.06517,14.90811 74.06511,14.90812 74.0651,14.90812 74.06506,14.90812 74.06503,14.90814 74.065,14.90816 74.06498,14.90819 74.06498,14.9082 74.06498,14.90823 74.06497,14.90827 74.06497,14.9083 74.06497,14.90833 74.06497,14.90835 74.06498,14.90837 74.06499,14.90839 74.065,14.90842 74.06499,14.90846 74.06498,14.9085 74.06498,14.90852 74.06496,14.90854 74.06493,14.90855 74.06491,14.90855 74.06487,14.90857 74.06486,14.9086 74.06482,14.90869 74.06481,14.9087 74.06481,14.90872 74.06481,14.90873 74.06483,14.90874 74.06484,14.90874 74.06486,14.90874 74.0649,14.90872 74.06492,14.90871 74.06494,14.9087 74.06496,14.90869 74.06498,14.90868 74.06499,14.90868 74.06499,14.90867 74.06501,14.90867 74.06503,14.90867 74.06504,14.90868 74.06506,14.9087 74.06508,14.90874 74.06509,14.90875 74.06509,14.90876 74.06509,14.90877 74.06508,14.90879 74.06507,14.90881 74.06506,14.90883 74.06504,14.90885 74.065,14.9089 74.06485,14.90903 74.06482,14.90906 74.06481,14.90908 74.06481,14.90909 74.0648,14.90911 74.0648,14.90914 74.0648,14.90917 74.0648,14.90919 74.06481,14.90923 74.06483,14.9093 74.06483,14.90932 74.06482,14.90934 74.06478,14.90936 74.06476,14.90937 74.06473,14.90937 74.06469,14.90939 74.06463,14.90943 74.0646,14.90944 74.06455,14.90944 74.06448,14.90943 74.06445,14.90943 74.06443,14.90943 74.06441,14.90943 74.06439,14.90944 74.06435,14.90946 74.06431,14.90948 74.06427,14.9095 74.06422,14.90955 74.06408,14.90966 74.064,14.90972 74.06396,14.90975 74.06394,14.90977 74.06392,14.90979 74.06391,14.90982 74.0639,14.90984 74.0639,14.90986 74.0639,14.90989 74.06391,14.9099 74.06391,14.90992 74.0639,14.90994 74.0639,14.90995 74.06387,14.90999 74.06378,14.91007 74.06323,14.91051 74.06294,14.91077 74.06286,14.91082 74.06278,14.91085 74.06271,14.91086 74.06253,14.91083 74.06212,14.91074 74.06182,14.91071 74.06136,14.91073 74.06114,14.91068 74.06108,14.91064 74.06103,14.91055 74.061,14.91048 74.06098,14.91032 74.06098,14.91031 74.06096,14.91022 74.06095,14.91021 74.06095,14.9102 74.06094,14.91019 74.06093,14.91019 74.06092,14.91018 74.06091,14.91018 74.06087,14.9102 74.06086,14.91021 74.06085,14.91022 74.06084,14.91022 74.06083,14.91023 74.06081,14.91023 74.06079,14.91023 74.06078,14.91023 74.06076,14.91022 74.06075,14.91022 74.06074,14.91021 74.06073,14.91021 74.06072,14.91021 74.06072,14.91022 74.06071,14.91022 74.06071,14.91023 74.0607,14.91024 74.06068,14.91029 74.06065,14.91032 74.06063,14.91033 74.06061,14.91034 74.06058,14.91035 74.06055,14.91034 74.06053,14.91034 74.0605,14.91031 74.06047,14.91029 74.06045,14.91027 74.06043,14.91025 74.06041,14.91024 74.06038,14.91024 74.06035,14.91024 74.06034,14.91024 74.06031,14.91026 74.06021,14.91034 74.06009,14.91043 74.06007,14.91045 74.05998,14.91053 74.05995,14.91056 74.05994,14.91058 74.05993,14.91061 74.05993,14.91063 74.05993,14.91065 74.05993,14.91066 74.05993,14.91067 74.05994,14.91068 74.05996,14.9107 74.05999,14.91075 74.05999,14.91076 74.05999,14.9108 74.05995,14.91083 74.05988,14.91089 74.05981,14.91098 74.05978,14.91109 74.05972,14.91121 74.05969,14.91128 74.05957,14.91142 74.05948,14.91153 74.05939,14.91167 74.05938,14.91174 74.05941,14.91181 74.05947,14.91184 74.05954,14.91184 74.0596,14.91182 74.05965,14.91179 74.05971,14.91173 74.05976,14.91165 74.05978,14.91159 74.0598,14.91154 74.05982,14.91153 74.05984,14.91153 74.05993,14.91158 74.06004,14.9117 74.06007,14.91173 74.06014,14.91186 74.06016,14.91193 74.06016,14.91197 74.06016,14.91206 74.06015,14.91211 74.06014,14.91213 74.06013,14.91216 74.0601,14.91218 74.06004,14.91223 74.05988,14.91233 74.05966,14.91247 74.05963,14.91249 74.05961,14.9125 74.05959,14.91251 74.05958,14.91251 74.05956,14.91251 74.05953,14.91251 74.05948,14.91249 74.05945,14.91248 74.05944,14.91248 74.05941,14.91248 74.05939,14.91249 74.05937,14.9125 74.05935,14.91252 74.05934,14.91253 74.05934,14.91255 74.05934,14.91258 74.05935,14.9126 74.05936,14.91262 74.05937,14.91262 74.05939,14.91263 74.0594,14.91264 74.05943,14.91264 74.05946,14.91265 74.05949,14.91266 74.05954,14.91268 74.0596,14.91272 74.05963,14.91274 74.05965,14.91276 74.05965,14.91278 74.05964,14.91281 74.05962,14.91286 74.0596,14.9129 74.05952,14.91303 74.05947,14.91309 74.05937,14.91317 74.05921,14.91329 74.05874,14.91357 74.05855,14.91365 74.0581,14.91381 74.05789,14.91385 74.0576,14.91386 74.05752,14.91387 74.05748,14.91389 74.05737,14.91398 74.05732,14.91404 74.05728,14.91411 74.05722,14.91419 74.05716,14.91424 74.05699,14.91434 74.05685,14.91444 74.05682,14.91446 74.05667,14.91459 74.05653,14.91464 74.05621,14.91468 74.05596,14.91475 74.05574,14.91479 74.05493,14.91482 74.05431,14.91473 74.05424,14.91472 74.05419,14.9147 74.05416,14.91469 74.05413,14.91465 74.05409,14.91461 74.05403,14.91457 74.05399,14.91455 74.05398,14.91455 74.05394,14.91453 74.05393,14.91453 74.05391,14.91451 74.0539,14.91451 74.05389,14.91451 74.05389,14.91452 74.05388,14.91454 74.05387,14.91455 74.05387,14.91456 74.05386,14.91457 74.05384,14.91458 74.05383,14.91458 74.05381,14.91458 74.0538,14.91458 74.05379,14.91458 74.05379,14.91457 74.05378,14.91456 74.05377,14.91454 74.05377,14.91453 74.05377,14.91452 74.05376,14.91451 74.05375,14.91451 74.05374,14.91451 74.05372,14.91452 74.0537,14.91453 74.05369,14.91454 74.05368,14.91455 74.05365,14.91457 74.05363,14.91457 74.0536,14.91457 74.05357,14.91457 74.05354,14.91455 74.0535,14.91454 74.05348,14.91453 74.05347,14.91452 74.05345,14.91452 74.05343,14.91452 74.05341,14.91454 74.05339,14.91455 74.05335,14.91457 74.05334,14.91458 74.05332,14.91459 74.0533,14.91461 74.05327,14.91461 74.05322,14.91462 74.0532,14.91462 74.05318,14.91462 74.05316,14.91461 74.05315,14.91461 74.05313,14.91459 74.05312,14.91458 74.05311,14.91457 74.05309,14.91457 74.05308,14.91456 74.05306,14.91456 74.05305,14.91456 74.05301,14.91457 74.05298,14.91457 74.05295,14.91459 74.05287,14.91462 74.05283,14.91462 74.05275,14.91464 74.05271,14.91464 74.05267,14.91465 74.05263,14.91465 74.05261,14.91464 74.0526,14.91461 74.05259,14.91459 74.0526,14.91456 74.05261,14.91454 74.05266,14.9145 74.05266,14.91447 74.05264,14.91444 74.05263,14.91443 74.05259,14.91443 74.05255,14.91443 74.05252,14.91444 74.05248,14.91445 74.05245,14.91447 74.05244,14.91449 74.05244,14.91452 74.05243,14.91453 74.05243,14.91455 74.05242,14.91455 74.05241,14.91454 74.0524,14.91453 74.05239,14.91451 74.05236,14.91446 74.05234,14.91445 74.05232,14.91445 74.0523,14.91446 74.05228,14.91447 74.05226,14.91449 74.05225,14.9145 74.05224,14.91453 74.05223,14.91454 74.05221,14.91455 74.0522,14.91454 74.05217,14.91451 74.05215,14.91448 74.05213,14.91447 74.05212,14.91447 74.0521,14.91448 74.05209,14.9145 74.05209,14.91452 74.05211,14.91454 74.05212,14.91455 74.05212,14.91457 74.05212,14.91458 74.05211,14.91459 74.05207,14.9146 74.05203,14.91463 74.05201,14.91464 74.05195,14.91466 74.05191,14.91466 74.05185,14.91467 74.05178,14.9147 74.05174,14.91474 74.05158,14.9149 74.05152,14.91494 74.05142,14.91497 74.05134,14.91498 74.05126,14.91499 74.05063,14.91507 74.05057,14.91508 74.05054,14.9151 74.05053,14.91511 74.05048,14.91515 74.05044,14.91516 74.05043,14.91517 74.05042,14.91518 74.05041,14.91519 74.0504,14.9152 74.0504,14.91521 74.05039,14.91524 74.05039,14.91525 74.0504,14.91525 74.0504,14.91526 74.05041,14.91526 74.05042,14.91527 74.05043,14.91528 74.05046,14.91529 74.05048,14.9153 74.05051,14.91531 74.05054,14.91531 74.05058,14.91532 74.05064,14.91533 74.05066,14.91533 74.05067,14.91534 74.05068,14.91536 74.05069,14.91538 74.05069,14.91539 74.05068,14.91541 74.05067,14.91543 74.05065,14.91544 74.05062,14.91545 74.05057,14.91546 74.0505,14.91547 74.05049,14.91546 74.0504,14.91544 74.05035,14.91544 74.05034,14.91544 74.05033,14.91546 74.05032,14.91547 74.05032,14.91548 74.05033,14.9155 74.05033,14.91551 74.05033,14.91552 74.0503,14.91554 74.05029,14.91554 74.05028,14.91554 74.05025,14.91554 74.0502,14.91554 74.05004,14.91553 74.04995,14.91554 74.04989,14.91555 74.04984,14.91556 74.0498,14.91557 74.04968,14.91562 74.04962,14.91566 74.04959,14.91568 74.04958,14.91569 74.04958,14.9157 74.04958,14.91571 74.04958,14.91572 74.04959,14.91572 74.0496,14.91573 74.0496,14.91574 74.04961,14.91575 74.04961,14.91576 74.0496,14.91577 74.04959,14.91578 74.04958,14.91579 74.04954,14.91582 74.0495,14.91584 74.04947,14.91585 74.04945,14.91585 74.04944,14.91585 74.04944,14.91584 74.04944,14.91582 74.04945,14.91578 74.04944,14.91577 74.04944,14.91576 74.04944,14.91575 74.04943,14.91575 74.04942,14.91575 74.04942,14.91574 74.04938,14.91574 74.04936,14.91574 74.04918,14.91577 74.04861,14.9159 74.04847,14.91595 74.0483,14.91605 74.04821,14.91609 74.04814,14.9161 74.04806,14.91611 74.04801,14.9161 74.04798,14.91608 74.04795,14.91605 74.04793,14.916 74.04791,14.91595 74.04787,14.9159 74.0478,14.91585 74.04775,14.91577 74.04772,14.9157 74.04766,14.91558 74.04758,14.91551 74.04749,14.91547 74.04743,14.91545 74.04736,14.91544 74.04727,14.91545 74.04721,14.91547 74.04716,14.9155 74.04714,14.91553 74.04715,14.9156 74.04712,14.91565 74.04707,14.91568 74.04701,14.91574 74.04698,14.91579 74.04695,14.91583 74.04695,14.91587 74.04697,14.91588 74.04698,14.9159 74.04697,14.91593 74.04692,14.91599 74.0469,14.91603 74.04687,14.91613 74.04686,14.91616 74.04687,14.91619 74.04687,14.9162 74.04688,14.91622 74.04691,14.91625 74.04693,14.91625 74.04697,14.91626 74.047,14.91626 74.04707,14.91628 74.04707,14.91629 74.04708,14.91629 74.04708,14.9163 74.04708,14.91631 74.04707,14.91633 74.04706,14.91634 74.04705,14.91635 74.04699,14.91636 74.04694,14.91637 74.0469,14.91637 74.04688,14.91638 74.04686,14.91639 74.04684,14.9164 74.04683,14.91641 74.04681,14.91643 74.0468,14.91644 74.04679,14.91646 74.04677,14.91648 74.04676,14.9165 74.04675,14.91651 74.04674,14.91655 74.04671,14.91664 74.0467,14.91665 74.0467,14.91667 74.04669,14.9167 74.04668,14.91672 74.04667,14.91673 74.04666,14.91674 74.04665,14.91674 74.04662,14.91674 74.0466,14.91674 74.04656,14.91674 74.04654,14.91674 74.04652,14.91675 74.04649,14.91677 74.04646,14.91679 74.04643,14.91681 74.04638,14.91685 74.04636,14.91686 74.04632,14.91688 74.0463,14.91688 74.04625,14.91688 74.04624,14.91688 74.04622,14.91688 74.04619,14.91688 74.04618,14.91687 74.04615,14.91687 74.04611,14.91687 74.0461,14.91687 74.04609,14.91688 74.04608,14.91688 74.04608,14.91689 74.04607,14.91691 74.04607,14.91692 74.04606,14.91694 74.04604,14.917 74.04601,14.91712 74.04599,14.91715 74.04598,14.91717 74.04597,14.91719 74.04595,14.91721 74.04587,14.91727 74.04585,14.91728 74.0458,14.91729 74.04577,14.91729 74.04574,14.91728 74.04571,14.91727 74.04566,14.91726 74.04564,14.91726 74.04563,14.91726 74.04561,14.91726 74.04559,14.91726 74.04558,14.91727 74.04557,14.91729 74.04556,14.91729 74.04555,14.91731 74.04554,14.91733 74.04553,14.91736 74.04552,14.91739 74.04551,14.91742 74.04549,14.91744 74.04548,14.91745 74.04545,14.91748 74.04544,14.91749 74.04542,14.91749 74.04534,14.91752 74.04529,14.91754 74.04521,14.91757 74.04518,14.91758 74.04503,14.91761 74.04478,14.91762 74.04434,14.9177 74.04429,14.91768 74.04427,14.91768 74.04426,14.91767 74.04425,14.91766 74.04425,14.91765 74.04424,14.91765 74.04423,14.91764 74.04422,14.91764 74.04421,14.91764 74.0442,14.91764 74.04418,14.91765 74.04417,14.91766 74.04414,14.91768 74.04413,14.91768 74.04411,14.9177 74.0441,14.91771 74.04407,14.91774 74.04401,14.9178 74.04399,14.91782 74.04398,14.91783 74.04395,14.91784 74.04393,14.91785 74.04391,14.91786 74.0439,14.91788 74.04388,14.91789 74.04386,14.91793 74.04386,14.91794 74.04386,14.91795 74.04386,14.91797 74.04386,14.91799 74.04387,14.918 74.04388,14.91802 74.04394,14.91812 74.04395,14.91814 74.04399,14.91819 74.04406,14.9183 74.04407,14.91833 74.04408,14.91839 74.04409,14.91843 74.04408,14.91844 74.04408,14.91845 74.04408,14.91848 74.04406,14.9185 74.04405,14.91852 74.04402,14.91854 74.044,14.91855 74.04396,14.91855 74.04389,14.91855 74.04386,14.91854 74.04382,14.91853 74.04378,14.9185 74.04376,14.91848 74.04373,14.91846 74.04371,14.91844 74.0437,14.91842 74.04368,14.91841 74.04366,14.91839 74.04364,14.91839 74.04361,14.9184 74.0436,14.9184 74.04358,14.91841 74.04356,14.91842 74.04351,14.91844 74.0435,14.91844 74.04348,14.91844 74.04346,14.91843 74.04344,14.91842 74.04343,14.91842 74.04341,14.91841 74.04339,14.9184 74.04336,14.91841 74.04335,14.91842 74.04335,14.91844 74.04336,14.91845 74.04336,14.91846 74.04337,14.91847 74.04336,14.91848 74.04335,14.9185 74.04332,14.91854 74.04331,14.91855 74.04331,14.91856 74.04328,14.91858 74.04328,14.9186 74.04328,14.91862 74.04328,14.91863 74.04329,14.91866 74.0433,14.91869 74.04333,14.91873 74.04335,14.91876 74.04337,14.9188 74.04338,14.91884 74.04339,14.91886 74.04346,14.91899 74.04354,14.91914 74.04359,14.91921 74.04364,14.91926 74.04368,14.9193 74.04371,14.91932 74.04372,14.91935 74.04373,14.91937 74.04373,14.91939 74.04372,14.91942 74.04371,14.91945 74.0437,14.91947 74.04368,14.9195 74.04365,14.91952 74.04359,14.91954 74.04354,14.91955 74.0434,14.91953 74.04335,14.91953 74.04334,14.91953 74.04332,14.91954 74.04329,14.91955 74.04328,14.91956 74.04327,14.91957 74.04326,14.91959 74.04325,14.91961 74.04325,14.91963 74.04322,14.91972 74.04318,14.91986 74.04312,14.92 74.04281,14.92066 74.04276,14.92079 74.04276,14.92083 74.04276,14.92089 74.04278,14.92091 74.04281,14.92094 74.04284,14.92095 74.04288,14.92098 74.0429,14.921 74.04291,14.92103 74.04292,14.92108 74.04292,14.92112 74.04291,14.92115 74.04289,14.92118 74.04288,14.92119 74.04285,14.92121 74.0428,14.92123 74.04274,14.92125 74.04271,14.92125 74.0427,14.92125 74.04266,14.92126 74.04258,14.92129 74.04246,14.92133 74.04236,14.9214 74.04226,14.92147 74.04223,14.9215 74.04222,14.92152 74.04222,14.92155 74.04222,14.92162 74.04221,14.92169 74.04219,14.92173 74.04214,14.92183 74.04213,14.92186 74.04212,14.92187 74.04213,14.9219 74.04216,14.92199 74.04218,14.92205 74.04218,14.92209 74.04218,14.92211 74.04217,14.92214 74.04217,14.92215 74.0422,14.92217 74.04221,14.92218 74.04222,14.92218 74.04223,14.92218 74.04223,14.92217 74.04225,14.92215 74.04226,14.92215 74.04228,14.92213 74.04231,14.92211 74.04232,14.9221 74.04233,14.92211 74.04234,14.92212 74.04235,14.92212 74.04235,14.92213 74.04236,14.92214 74.04236,14.92216 74.04237,14.92217 74.04237,14.92219 74.04238,14.92221 74.04238,14.92223 74.04238,14.92225 74.04238,14.92227 74.04238,14.9223 74.04238,14.92232 74.04238,14.92235 74.04237,14.92236 74.04237,14.92238 74.04235,14.92246 74.04233,14.92254 74.04232,14.92258 74.04226,14.92277 74.04225,14.92281 74.04225,14.92282 74.04225,14.92288 74.04226,14.92293 74.04228,14.92298 74.04231,14.92304 74.04234,14.92308 74.04238,14.92312 74.0424,14.92313 74.04241,14.92315 74.04259,14.92327 74.04269,14.92334 74.04272,14.92336 74.04274,14.92339 74.04275,14.92341 74.04276,14.92343 74.04275,14.9235 74.04276,14.92351 74.04277,14.92353 74.04278,14.92353 74.04279,14.92354 74.04282,14.92356 74.04284,14.92356 74.04287,14.92356 74.04289,14.92357 74.04293,14.92356 74.04296,14.92357 74.04297,14.92357 74.04298,14.92359 74.04304,14.92369 74.04306,14.9237 74.04307,14.92371 74.04309,14.92372 74.04317,14.92372 74.04319,14.92372 74.0432,14.92371 74.04321,14.92371 74.04323,14.9237 74.04324,14.92369 74.04326,14.92369 74.04327,14.92369 74.04329,14.9237 74.04331,14.92371 74.04332,14.92372 74.04339,14.92378 74.0435,14.92386 74.04355,14.92392 74.04357,14.92395 74.04359,14.924 74.04359,14.92402 74.04363,14.9242 74.04367,14.92432 74.0437,14.92435 74.04374,14.92438 74.04379,14.9244 74.04382,14.9244 74.04389,14.92441 74.04393,14.92442 74.04395,14.92443 74.04399,14.92446 74.04403,14.92451 74.04403,14.92452 74.04405,14.92454 74.04407,14.92455 74.04409,14.92456 74.04411,14.92456 74.04413,14.92456 74.04415,14.92455 74.04421,14.92452 74.04425,14.92449 74.04442,14.92433 74.0445,14.92427 74.04455,14.92425 74.04464,14.92423 74.0447,14.92423 74.04483,14.92428 74.04503,14.92437 74.04519,14.92446 74.04521,14.92448 74.04546,14.92464 74.04553,14.92467 74.04561,14.92472 74.04566,14.92476 74.04569,14.92479 74.04572,14.92483 74.04574,14.92488 74.04578,14.92496 74.04578,14.92499 74.04579,14.92505 74.04579,14.92508 74.04579,14.92513 74.04571,14.92528 74.04568,14.92533 74.04564,14.92543 74.04562,14.92548 74.0456,14.92554 74.04558,14.9256 74.04555,14.92563 74.04549,14.92565 74.04548,14.92567 74.04546,14.92569 74.04546,14.92571 74.04546,14.92574 74.04547,14.92577 74.04548,14.92579 74.04549,14.92582 74.04549,14.92585 74.04549,14.92589 74.04548,14.92593 74.04548,14.92595 74.04544,14.92601 74.04541,14.92602 74.04537,14.92604 74.04535,14.92605 74.0453,14.92606 74.04526,14.92608 74.04523,14.9261 74.0452,14.92613 74.04519,14.92615 74.04517,14.92617 74.04515,14.92618 74.04515,14.92619 74.04513,14.9262 74.04511,14.9262 74.0451,14.9262 74.04509,14.92619 74.04507,14.92617 74.04506,14.92616 74.04505,14.92615 74.04504,14.92615 74.04502,14.92615 74.04502,14.92616 74.04496,14.9262 74.04494,14.92621 74.04493,14.92623 74.04489,14.92626 74.04486,14.92629 74.04484,14.92631 74.04482,14.92634 74.04481,14.92634 74.0448,14.92636 74.04477,14.92639 74.04476,14.92643 74.04476,14.92644 74.04477,14.92646 74.04477,14.92649 74.04478,14.92651 74.04478,14.92653 74.04478,14.92654 74.04477,14.92656 74.04474,14.92659 74.04472,14.9266 74.04471,14.92662 74.0447,14.92663 74.0447,14.92665 74.0447,14.92667 74.04469,14.92669 74.04469,14.92671 74.04468,14.92674 74.04467,14.92676 74.04466,14.92678 74.04465,14.9268 74.04462,14.92688 74.0446,14.92699 74.04459,14.92707 74.0446,14.92709 74.0446,14.92712 74.0446,14.92713 74.04462,14.92715 74.04463,14.92716 74.04465,14.92717 74.04466,14.92717 74.04467,14.92717 74.04469,14.92715 74.0447,14.92715 74.04473,14.92713 74.04475,14.92713 74.04476,14.92712 74.04478,14.92711 74.04479,14.9271 74.0448,14.92709 74.04481,14.92708 74.04482,14.92707 74.04483,14.92707 74.04484,14.92708 74.04484,14.92709 74.04484,14.92712 74.04483,14.92715 74.04482,14.92716 74.0448,14.92718 74.04477,14.92722 74.04475,14.92723 74.04474,14.92724 74.04474,14.92725 74.04474,14.92726 74.04475,14.92727 74.04476,14.92727 74.04477,14.92728 74.04478,14.92727 74.04484,14.92727 74.04486,14.92727 74.04488,14.92728 74.04489,14.92729 74.0449,14.9273 74.04491,14.92731 74.04491,14.92733 74.04491,14.92736 74.04489,14.92739 74.04489,14.92741 74.04489,14.92745 74.0449,14.92748 74.04491,14.92751 74.04492,14.92756 74.04491,14.92759 74.0449,14.92763 74.04489,14.92767 74.04485,14.92773 74.04483,14.92779 74.04481,14.92785 74.04481,14.9279 74.04482,14.92794 74.04485,14.92799 74.04486,14.92799 74.04489,14.92801 74.04493,14.92802 74.04499,14.928 74.04514,14.92795 74.04518,14.92795 74.04523,14.92796 74.04526,14.92797 74.04526,14.92798 74.04527,14.92801 74.04527,14.92805 74.04526,14.92809 74.04524,14.92811 74.04521,14.92813 74.04511,14.92816 74.04505,14.92819 74.04503,14.9282 74.04501,14.92822 74.04498,14.92823 74.04495,14.92825 74.04491,14.92826 74.04486,14.9283 74.04485,14.92831 74.04484,14.92833 74.04484,14.92836 74.04485,14.92838 74.04484,14.9284 74.04483,14.92841 74.04482,14.92841 74.04479,14.92841 74.04477,14.9284 74.04472,14.92839 74.04469,14.92839 74.04466,14.92838 74.04465,14.92838 74.04463,14.92837 74.04461,14.92837 74.04458,14.92837 74.04456,14.92837 74.04455,14.92837 74.04454,14.92838 74.04453,14.92838 74.04453,14.92839 74.04453,14.9284 74.04454,14.92842 74.04455,14.92844 74.04455,14.92846 74.04455,14.92848 74.04454,14.9285 74.04453,14.92852 74.04452,14.92852 74.04452,14.92853 74.04449,14.92854 74.04448,14.92855 74.04447,14.92857 74.04447,14.92859 74.04447,14.9286 74.04447,14.92861 74.04448,14.92862 74.04449,14.92863 74.0445,14.92863 74.04451,14.92863 74.04453,14.92863 74.04454,14.92863 74.04455,14.92863 74.04455,14.92864 74.04456,14.92864 74.04456,14.92865 74.04456,14.92866 74.04455,14.92868 74.04454,14.92869 74.04448,14.92874 74.04447,14.92875 74.04447,14.92876 74.04447,14.92877 74.04447,14.92878 74.04448,14.92878 74.04453,14.92885 74.04454,14.92887 74.04455,14.92888 74.04455,14.9289 74.04455,14.92891 74.04455,14.92893 74.04455,14.92894 74.04453,14.92897 74.04452,14.92898 74.0445,14.929 74.04448,14.92901 74.04447,14.92902 74.04443,14.92903 74.0444,14.92904 74.04436,14.92904 74.04433,14.92904 74.04429,14.92904 74.04423,14.92905 74.04414,14.92907 74.0441,14.92909 74.04402,14.92913 74.04398,14.92916 74.04392,14.92921 74.04389,14.92923 74.04385,14.92928 74.04378,14.92936 74.04367,14.92952 74.04364,14.92956 74.04361,14.92959 74.0436,14.92962 74.04359,14.92965 74.04358,14.92968 74.04358,14.92971 74.04358,14.92973 74.04359,14.92975 74.0436,14.92977 74.04362,14.9298 74.04364,14.92981 74.0437,14.92984 74.04373,14.92984 74.04375,14.92985 74.04378,14.92985 74.0438,14.92984 74.04386,14.92983 74.04388,14.92982 74.04394,14.92979 74.04397,14.92977 74.04398,14.92977 74.044,14.92976 74.04402,14.92975 74.04404,14.92975 74.04405,14.92975 74.04406,14.92975 74.04407,14.92976 74.04407,14.92977 74.04407,14.92978 74.04407,14.9298 74.04406,14.92984 74.04406,14.92989 74.04405,14.92998 74.04405,14.93003 74.04406,14.93006 74.04407,14.93011 74.04412,14.93023 74.04413,14.93026 74.04415,14.93029 74.04417,14.93031 74.04422,14.93034 74.04429,14.93036 74.04433,14.93036 74.04436,14.93036 74.04441,14.93035 74.04446,14.93034 74.04459,14.93031 74.04463,14.9303 74.0447,14.93024 74.04472,14.93022 74.04475,14.93019 74.04476,14.93018 74.04479,14.93016 74.04483,14.93015 74.04487,14.93015 74.04534,14.93022 74.04543,14.93022 74.04564,14.93022 74.04576,14.93022 74.04585,14.93023 74.0459,14.93025 74.04597,14.93029 74.04601,14.93035 74.04601,14.93037 74.04603,14.93042 74.04608,14.93048 74.04615,14.93053 74.04618,14.93054 74.04633,14.93061 74.04638,14.93064 74.04641,14.93067 74.04644,14.9307 74.04646,14.93073 74.04649,14.93079 74.04656,14.93098 74.04657,14.93102 74.04657,14.93107 74.04657,14.93112 74.04656,14.93115 74.04654,14.93119 74.04652,14.93125 74.04652,14.93129 74.04652,14.93134 74.04652,14.93138 74.04651,14.93141 74.0465,14.93144 74.04648,14.93147 74.04645,14.9315 74.0464,14.93153 74.04602,14.9318 74.04593,14.93189 74.04592,14.93191 74.04591,14.93193 74.04591,14.93194 74.04592,14.93197 74.04593,14.93198 74.04603,14.93211 74.04607,14.93216 74.04609,14.93217 74.0461,14.93218 74.04612,14.93217 74.04617,14.93216 74.04624,14.93214 74.04627,14.93213 74.04628,14.93214 74.04629,14.93215 74.04629,14.93216 74.04629,14.9322 74.04628,14.93222 74.04628,14.93223 74.04626,14.93224 74.0462,14.9323 74.0461,14.93238 74.04608,14.93241 74.04605,14.93245 74.04604,14.93247 74.04603,14.93249 74.04602,14.93249 74.04602,14.9325 74.04603,14.9325 74.04603,14.93251 74.04605,14.93252 74.04606,14.93252 74.04607,14.93252 74.04608,14.93251 74.04609,14.93251 74.0461,14.9325 74.04613,14.93249 74.04616,14.93247 74.0462,14.93247 74.04622,14.93247 74.04625,14.93247 74.04628,14.93246 74.04629,14.93245 74.04632,14.93244 74.04635,14.93242 74.04637,14.93241 74.04638,14.93241 74.04639,14.93241 74.0464,14.93241 74.04643,14.93243 74.04643,14.93244 74.04643,14.93245 74.04643,14.93247 74.04641,14.93249 74.04639,14.93251 74.04636,14.93255 74.04633,14.93259 74.04629,14.93261 74.04624,14.93263 74.04619,14.93265 74.04618,14.93266 74.04616,14.93267 74.04616,14.93268 74.04616,14.9327 74.04616,14.93271 74.04616,14.93273 74.04617,14.93274 74.04618,14.93275 74.04623,14.93278 74.04625,14.93278 74.04626,14.93278 74.04632,14.93278 74.04635,14.93278 74.04636,14.93278 74.04637,14.93279 74.04638,14.9328 74.04639,14.93282 74.04639,14.93284 74.04638,14.93286 74.04636,14.93291 74.04634,14.93294 74.0463,14.93306 74.04626,14.9332 74.04625,14.93326 74.04624,14.93334 74.04626,14.93339 74.04629,14.93344 74.04637,14.93353 74.04653,14.9337 74.04661,14.93378 74.04668,14.93384 74.04673,14.93386 74.04689,14.93398 74.04694,14.93402 74.04698,14.93406 74.04701,14.9341 74.04701,14.93411 74.04703,14.93414 74.04703,14.93418 74.04704,14.93421 74.04704,14.93427 74.04702,14.93435 74.04699,14.93458 74.04698,14.93467 74.04698,14.9347 74.04694,14.93483 74.04693,14.93485 74.04692,14.93487 74.04679,14.93492 74.04675,14.93492 74.04671,14.93492 74.04669,14.93492 74.04665,14.93493 74.04664,14.93493 74.04663,14.93494 74.04661,14.93496 74.04661,14.93497 74.0466,14.93498 74.04661,14.935 74.04662,14.93501 74.04662,14.93502 74.04664,14.93503 74.04664,14.93504 74.04666,14.93505 74.04666,14.93506 74.04667,14.93508 74.04667,14.9351 74.04666,14.93512 74.04665,14.93514 74.04664,14.93517 74.04663,14.9352 74.04663,14.93523 74.04662,14.93527 74.04661,14.93529 74.0466,14.93532 74.04658,14.93534 74.04657,14.93536 74.04656,14.93539 74.04654,14.93543 74.04653,14.93547 74.0465,14.93552 74.04647,14.93555 74.04644,14.93557 74.04642,14.9356 74.04641,14.93561 74.0464,14.93567 74.04639,14.93569 74.04638,14.9357 74.04637,14.93571 74.04635,14.93573 74.04635,14.93574 74.04635,14.93575 74.04636,14.93576 74.04637,14.93576 74.04638,14.93576 74.04641,14.93576 74.04643,14.93576 74.04646,14.93577 74.04648,14.93578 74.04649,14.93579 74.04651,14.93581 74.04652,14.93584 74.04654,14.93588 74.04656,14.9359 74.04658,14.93592 74.0466,14.93593 74.04661,14.93594 74.04663,14.93595 74.04665,14.93597 74.04666,14.93599 74.04666,14.936 74.04665,14.93605 74.04664,14.93612 74.04658,14.9363 74.04647,14.93668 74.04624,14.93717 74.04613,14.93737 74.04609,14.9375 74.04605,14.93762 74.04602,14.93774 74.04597,14.9379 74.04593,14.93806 74.04591,14.93813 74.04576,14.93897 74.04567,14.93927 74.04562,14.9394 74.04555,14.93953 74.04548,14.93962 74.04543,14.93968 74.04527,14.93989 74.04524,14.93992 74.04514,14.9401 74.0451,14.94022 74.04508,14.94036 74.04506,14.94043 74.04503,14.94047 74.045,14.94051 74.04496,14.94052 74.04492,14.94052 74.04485,14.9405 74.0447,14.94045 74.04451,14.9404 74.04434,14.94037 74.04426,14.94038 74.04421,14.9404 74.04419,14.94041 74.04416,14.94046 74.04415,14.94047 74.04414,14.94048 74.04413,14.94051 74.04413,14.94053 74.04413,14.94055 74.04413,14.94058 74.04414,14.94061 74.04415,14.94063 74.04417,14.94065 74.0442,14.94067 74.04423,14.94069 74.0443,14.94071 74.04436,14.94072 74.04445,14.94073 74.04448,14.94073 74.04458,14.94074 74.04463,14.94074 74.04468,14.94074 74.04471,14.94074 74.04472,14.94074 74.04477,14.94075 74.04479,14.94076 74.04481,14.9408 74.04481,14.94081 74.04481,14.94082 74.04483,14.94106 74.04485,14.94123 74.04486,14.94129 74.04486,14.94132 74.04486,14.94134 74.04485,14.94135 74.04484,14.94136 74.04482,14.94137 74.04476,14.94137 74.04472,14.94137 74.0447,14.94137 74.04464,14.94134 74.04462,14.94133 74.0445,14.94129 74.04449,14.94129 74.04447,14.94129 74.04441,14.94128 74.04438,14.94129 74.04436,14.9413 74.04434,14.9413 74.04431,14.94132 74.04428,14.94134 74.04426,14.94136 74.04424,14.94138 74.04424,14.94139 74.04423,14.94141 74.04423,14.94142 74.04424,14.94144 74.04426,14.94146 74.04428,14.94148 74.04429,14.94149 74.0443,14.94149 74.04434,14.94151 74.04444,14.94153 74.04454,14.94157 74.04459,14.94159 74.04462,14.94162 74.04464,14.94167 74.04465,14.94173 74.04464,14.94188 74.04464,14.9419 74.04462,14.94204 74.04463,14.94239 74.04462,14.94252 74.04458,14.94261 74.04455,14.94268 74.04451,14.94275 74.0444,14.94287 74.04423,14.94303 74.04413,14.9431 74.04409,14.94312 74.04404,14.94314 74.044,14.94314 74.04398,14.94314 74.04396,14.94314 74.04394,14.94313 74.04392,14.94313 74.04389,14.94315 74.04386,14.94318 74.04384,14.9432 74.04383,14.94322 74.04388,14.94332 74.04392,14.94336 74.04393,14.94337 74.04399,14.94339 74.04401,14.9434 74.04402,14.94343 74.04403,14.94346 74.04402,14.9435 74.04402,14.94352 74.04401,14.94353 74.044,14.94355 74.04399,14.94359 74.04399,14.94362 74.044,14.94364 74.04401,14.94369 74.04403,14.94375 74.04407,14.94383 74.04426,14.94405 74.04475,14.94449 74.04483,14.94455 74.04493,14.94463 74.04502,14.94474 74.04509,14.94484 74.04514,14.94494 74.04517,14.94501 74.04524,14.94519 74.04526,14.94526 74.04527,14.94538 74.04526,14.94542 74.04523,14.94552 74.04521,14.94558 74.04516,14.94571 74.04507,14.94607 74.04496,14.94646 74.04493,14.94651 74.04488,14.94658 74.04484,14.94662 74.04479,14.94666 74.04475,14.94668 74.04471,14.94671 74.04468,14.94676 74.04466,14.94682 74.04463,14.94686 74.04462,14.94687 74.04458,14.9469 74.04454,14.94691 74.04448,14.9469 74.0444,14.94687 74.04434,14.94686 74.04429,14.94686 74.04422,14.94688 74.04419,14.94689 74.04409,14.94697 74.04403,14.94703 74.04399,14.94709 74.04392,14.94722 74.04383,14.94749 74.04381,14.94755 74.04378,14.94765 74.04377,14.94774 74.04378,14.94783 74.0438,14.94787 74.04389,14.94799 74.04406,14.94814 74.04423,14.94825 74.04432,14.94833 74.04436,14.94839 74.04438,14.94845 74.04439,14.94851 74.0444,14.94862 74.0444,14.94866 74.04437,14.94874 74.04432,14.94884 74.04427,14.94889 74.04425,14.94891 74.04418,14.94895 74.04408,14.94898 74.04384,14.94903 74.04368,14.94905 74.04355,14.94909 74.04349,14.94911 74.04348,14.94912 74.04347,14.94915 74.04346,14.94918 74.04346,14.94921 74.04347,14.94923 74.04351,14.94926 74.04366,14.9493 74.04413,14.94939 74.04433,14.94947 74.0449,14.94964 74.04574,14.94976 74.04621,14.94986 74.0467,14.94992 74.04701,14.95001 74.04705,14.95003 74.04728,14.95014 74.0475,14.95022 74.04764,14.95028 74.04774,14.95033 74.04783,14.9504 74.04784,14.95041 74.04785,14.95043 74.0479,14.95051 74.04793,14.95057 74.04795,14.95062 74.04795,14.95069 74.04792,14.95075 74.04791,14.95078 74.04789,14.95079 74.04787,14.95082 74.04777,14.9509 74.04766,14.95096 74.0474,14.9512 74.0472,14.95136 74.04714,14.9514 74.04709,14.95145 74.04706,14.95152 74.04704,14.95159 74.04704,14.95171 74.04711,14.95186 74.04715,14.9519 74.04721,14.95194 74.04722,14.95195 74.04725,14.952 74.04727,14.95205 74.04727,14.95212 74.04725,14.95215 74.04721,14.9522 74.04718,14.95222 74.04709,14.95226 74.04707,14.95226 74.04694,14.95228 74.04681,14.95229 74.04675,14.95231 74.04673,14.95233 74.04673,14.95234 74.04673,14.95238 74.04673,14.95239 74.04675,14.95243 74.04677,14.95245 74.04681,14.95247 74.0469,14.9525 74.04713,14.95256 74.04725,14.95261 74.04735,14.95265 74.04741,14.9527 74.04746,14.95277 74.04749,14.95282 74.04757,14.95297 74.04759,14.95303 74.04761,14.95317 74.0476,14.95326 74.04756,14.95338 74.04756,14.95352 74.0476,14.9537 74.04768,14.95387 74.0477,14.95412 74.04769,14.95428 74.04771,14.95455 74.04772,14.95464 74.04772,14.95472 74.04772,14.95481 74.0477,14.95488 74.0477,14.95496 74.04771,14.955 74.04773,14.95504 74.04776,14.95509 74.04787,14.9552 74.04794,14.9553 74.0482,14.95572 74.04844,14.95596 74.04855,14.95606 74.04869,14.95619 74.04882,14.95637 74.04889,14.95649 74.04891,14.95656 74.04897,14.95668 74.04907,14.95683 74.04922,14.95697 74.04936,14.9571 74.04944,14.95723 74.04945,14.95731 74.04942,14.95742 74.04968,14.95753 74.04983,14.95759 74.04998,14.95769 74.0504,14.95794 74.05101,14.95848 74.05123,14.95884 74.05121,14.95905 74.0512,14.95907 74.05108,14.95922 74.0508,14.95951 74.05052,14.95962 74.05018,14.95964 74.04979,14.95968 74.04965,14.95988 74.0496,14.96011 74.04971,14.96052 74.04999,14.96112 74.05039,14.96174 74.05173,14.96266 74.05317,14.96352 74.05469,14.96472 74.05615,14.96595 74.05695,14.96669 74.05776,14.96725 74.05826,14.96763 74.05933,14.96838 74.05959,14.96863 74.05971,14.96879 74.05972,14.96903 74.05962,14.96942 74.05984,14.96982 74.06077,14.97055 74.06169,14.97102 74.06229,14.97146 74.06276,14.97169 74.06404,14.97204 74.06473,14.97229 74.0655,14.97222 74.0662,14.97204 74.06689,14.97156 74.06747,14.9711 74.06827,14.97056 74.06863,14.97034 74.06968,14.96977 74.07031,14.96943 74.07104,14.96903 74.07142,14.96877 74.07155,14.96868 74.0722,14.9683 74.07262,14.9681 74.07309,14.96798</coordinates></LinearRing></outerBoundaryIs></Polygon></MultiGeometry>
  </Placemark>
  <Placemark id="WG_ESA_2024_GA.68">
	<name>Poinguinim</name>
	<Style><LineStyle><color>ff0000ff</color></LineStyle><PolyStyle><fill>0</fill></PolyStyle></Style>
	<ExtendedData><SchemaData schemaUrl="#WG_ESA_2024_GA">
		<SimpleData name="esa_category">whole_village</SimpleData>
		<SimpleData name="area_km2">34.299</SimpleData>
	</SchemaData></ExtendedData>
      <MultiGeometry><Polygon><outerBoundaryIs><LinearRing><coordinates>74.10809,14.99745 74.10755,14.99601 74.10741,14.99486 74.10737,14.99428 74.10779,14.99355 74.10819,14.99333 74.10886,14.99322 74.10982,14.9933 74.11073,14.99298 74.11088,14.99289 74.11113,14.99232 74.11101,14.99117 74.11109,14.99026 74.11141,14.98992 74.112,14.9898 74.11234,14.99004 74.11261,14.99023 74.1128,14.99099 74.11295,14.99217 74.1132,14.99248 74.11344,14.99246 74.11393,14.99211 74.11483,14.99086 74.11531,14.99067 74.1165,14.9903 74.11736,14.99017 74.11782,14.99041 74.11801,14.99106 74.11805,14.992 74.11771,14.99378 74.11763,14.99477 74.11799,14.99519 74.1183,14.99538 74.11889,14.99527 74.11942,14.99492 74.12095,14.99378 74.12135,14.99374 74.12147,14.99375 74.12172,14.99394 74.12188,14.99435 74.12209,14.99497 74.12245,14.99557 74.12408,14.99686 74.12539,14.99843 74.12576,14.99895 74.12639,14.99909 74.12701,14.99884 74.12731,14.9984 74.12781,14.99725 74.12817,14.99697 74.12876,14.99679 74.12922,14.99694 74.12963,14.99718 74.13015,14.99797 74.13062,14.99982 74.13142,15.00097 74.13154,15.00149 74.13168,15.00237 74.13183,15.00299 74.13208,15.00321 74.13241,15.00332 74.13268,15.00345 74.13314,15.0034 74.13342,15.00316 74.13383,15.00278 74.13438,15.00217 74.13439,15.00186 74.13437,15.00163 74.13398,15.00088 74.1335,15.0002 74.1331,14.99958 74.1331,14.99898 74.13341,14.99866 74.13403,14.99848 74.13488,14.99842 74.13543,14.99825 74.1359,14.99796 74.13622,14.99761 74.13639,14.99717 74.13634,14.99635 74.13614,14.99547 74.13601,14.99501 74.13549,14.99414 74.13507,14.99364 74.13479,14.99332 74.13471,14.99301 74.13471,14.99266 74.13488,14.99233 74.13537,14.99195 74.13588,14.99158 74.13621,14.99112 74.13681,14.9908 74.13856,14.99101 74.13924,14.99088 74.13973,14.99126 74.13999,14.99207 74.14007,14.99304 74.14026,14.99365 74.14056,14.99402 74.14086,14.99418 74.14121,14.99411 74.14189,14.99363 74.14267,14.99322 74.14343,14.993 74.14425,14.99306 74.14504,14.99338 74.14525,14.99389 74.14532,14.99416 74.1456,14.99448 74.14598,14.99459 74.14651,14.99465 74.14692,14.99445 74.1472,14.99378 74.14746,14.99238 74.14747,14.99099 74.14744,14.98975 74.14759,14.98911 74.1478,14.98876 74.14847,14.98828 74.1498,14.98803 74.1507,14.98809 74.1512,14.98789 74.15148,14.98746 74.15143,14.987 74.1511,14.98678 74.15078,14.98645 74.1506,14.98601 74.15064,14.98566 74.15107,14.98517 74.15157,14.98475 74.15227,14.98445 74.15332,14.98437 74.15418,14.98416 74.15503,14.98374 74.15569,14.98318 74.15614,14.98239 74.1563,14.98135 74.15639,14.98098 74.15625,14.98057 74.15596,14.9803 74.1547,14.9797 74.15404,14.97918 74.1536,14.97875 74.15331,14.97826 74.15307,14.97768 74.15307,14.97743 74.15304,14.97732 74.15181,14.97691 74.14953,14.97631 74.14916,14.97686 74.14858,14.97662 74.14787,14.97663 74.14724,14.97683 74.14662,14.97711 74.14593,14.97746 74.14554,14.97758 74.14517,14.97756 74.1446,14.9773 74.14398,14.97694 74.14237,14.97761 74.14198,14.97779 74.14073,14.97709 74.1395,14.97659 74.13891,14.97675 74.13752,14.97747 74.13695,14.97763 74.13604,14.9776 74.13523,14.97761 74.13377,14.97808 74.13295,14.97814 74.13154,14.97751 74.12986,14.97635 74.12842,14.97552 74.12508,14.97351 74.1241,14.97284 74.12158,14.97058 74.12105,14.97216 74.12128,14.97294 74.12128,14.97392 74.12125,14.97415 74.12099,14.97445 74.12058,14.97464 74.12019,14.97457 74.11998,14.97435 74.11938,14.97341 74.11914,14.97319 74.11831,14.97303 74.11734,14.9729 74.11637,14.9735 74.11566,14.9737 74.11524,14.97364 74.11405,14.97345 74.11376,14.97363 74.11282,14.97448 74.11287,14.97315 74.11295,14.97218 74.11301,14.97189 74.11359,14.97213 74.1138,14.97114 74.1135,14.97071 74.11286,14.97026 74.11177,14.96986 74.11203,14.96865 74.11138,14.96788 74.11085,14.96733 74.11044,14.96644 74.1104,14.96482 74.11002,14.9652 74.10959,14.96521 74.10916,14.96525 74.10867,14.96546 74.10783,14.96581 74.10725,14.96596 74.1069,14.96597 74.1063,14.96577 74.10559,14.96514 74.10503,14.96443 74.10485,14.96401 74.10486,14.96239 74.10473,14.96154 74.10435,14.96014 74.10645,14.95984 74.106,14.95774 74.10548,14.95773 74.10527,14.95752 74.10522,14.95695 74.10522,14.95653 74.1051,14.95634 74.10431,14.95632 74.10409,14.95698 74.10377,14.95747 74.10326,14.9577 74.1024,14.95818 74.10175,14.95861 74.10138,14.95886 74.10092,14.95915 74.10071,14.95954 74.10082,14.95971 74.10104,14.96009 74.10135,14.96067 74.10135,14.96094 74.10128,14.96121 74.10097,14.96129 74.10049,14.96123 74.10017,14.96114 74.09961,14.96054 74.09941,14.96035 74.09918,14.96013 74.09892,14.95993 74.09869,14.95984 74.09855,14.9598 74.09842,14.95982 74.09813,14.95993 74.09785,14.96019 74.09772,14.9605 74.09765,14.96113 74.09764,14.96122 74.09761,14.96152 74.09742,14.96173 74.09709,14.96202 74.09682,14.96218 74.09656,14.96233 74.09621,14.96226 74.09586,14.96194 74.09566,14.96176 74.0955,14.9615 74.09525,14.96128 74.0951,14.96125 74.09494,14.96139 74.09478,14.96163 74.09453,14.96227 74.09429,14.96253 74.09396,14.96271 74.09385,14.96284 74.09359,14.96313 74.09329,14.96345 74.09262,14.96378 74.0922,14.96396 74.09171,14.96414 74.09132,14.96432 74.0906,14.96435 74.09047,14.96436 74.09009,14.96439 74.08971,14.96449 74.08946,14.96464 74.08906,14.96489 74.08891,14.96498 74.08867,14.96484 74.08848,14.9648 74.08835,14.96479 74.08823,14.96483 74.08757,14.96523 74.08725,14.96542 74.087,14.96562 74.08697,14.96571 74.08689,14.96589 74.08679,14.96614 74.08671,14.96636 74.08644,14.96653 74.08601,14.96666 74.0857,14.9668 74.08539,14.96708 74.08472,14.96722 74.08415,14.96739 74.08373,14.96753 74.08315,14.96783 74.08277,14.96799 74.08247,14.96804 74.08206,14.96798 74.0816,14.9678 74.08123,14.96756 74.08063,14.96722 74.08048,14.96712 74.0802,14.9671 74.07964,14.96728 74.07922,14.96756 74.07889,14.96781 74.07869,14.96786 74.07855,14.96785 74.07849,14.9677 74.07836,14.96737 74.07831,14.96733 74.07825,14.96729 74.07806,14.96721 74.07753,14.96728 74.07697,14.96742 74.07661,14.96744 74.07643,14.96747 74.07625,14.96749 74.07615,14.96758 74.07612,14.96768 74.07613,14.96773 74.07616,14.96781 74.0762,14.96789 74.0764,14.968 74.07698,14.96809 74.07732,14.96813 74.0775,14.96821 74.07752,14.9683 74.07739,14.96843 74.0773,14.96853 74.0769,14.96859 74.07624,14.9686 74.07574,14.96857 74.07489,14.96852 74.07437,14.96848 74.07378,14.96817 74.07369,14.96813 74.07333,14.96802 74.07309,14.96798 74.07262,14.9681 74.0722,14.9683 74.07155,14.96868 74.07142,14.96877 74.07104,14.96903 74.07031,14.96943 74.06968,14.96977 74.06863,14.97034 74.06827,14.97056 74.06747,14.9711 74.06689,14.97156 74.0662,14.97204 74.0655,14.97222 74.06473,14.97229 74.06404,14.97204 74.06276,14.97169 74.06229,14.97146 74.06169,14.97102 74.06077,14.97055 74.05984,14.96982 74.05962,14.96942 74.05972,14.96903 74.05971,14.96879 74.05959,14.96863 74.05933,14.96838 74.05826,14.96763 74.05776,14.96725 74.05695,14.96669 74.05615,14.96595 74.05469,14.96472 74.05317,14.96352 74.05173,14.96266 74.05039,14.96174 74.04999,14.96112 74.04971,14.96052 74.0496,14.96011 74.04965,14.95988 74.04979,14.95968 74.05018,14.95964 74.05052,14.95962 74.0508,14.95951 74.05108,14.95922 74.0512,14.95907 74.05121,14.95905 74.05123,14.95884 74.05101,14.95848 74.0504,14.95794 74.04998,14.95769 74.04983,14.95759 74.04968,14.95753 74.04942,14.95742 74.04936,14.95763 74.04915,14.95834 74.0491,14.95844 74.04907,14.95856 74.04905,14.95863 74.04904,14.95872 74.04904,14.9588 74.04905,14.95893 74.04904,14.95937 74.04902,14.95994 74.049,14.96004 74.04894,14.96039 74.04847,14.96147 74.0477,14.96312 74.04764,14.96325 74.04764,14.96326 74.04639,14.96572 74.04551,14.96791 74.04442,14.97033 74.04421,14.97095 74.04406,14.9714 74.044,14.97156 74.04388,14.97181 74.04371,14.97219 74.04369,14.97224 74.0436,14.97247 74.04346,14.97274 74.04339,14.97288 74.04335,14.97293 74.04331,14.97297 74.04325,14.97301 74.0432,14.97303 74.04314,14.97304 74.04307,14.97304 74.04303,14.97303 74.04286,14.97303 74.04278,14.97304 74.04274,14.97305 74.04272,14.97306 74.0427,14.97306 74.04269,14.97309 74.04268,14.97312 74.04269,14.97313 74.0427,14.97315 74.04271,14.97316 74.04273,14.97318 74.04275,14.97321 74.04277,14.97322 74.04281,14.97325 74.04285,14.9733 74.04333,14.9736 74.04335,14.97363 74.04335,14.97368 74.04332,14.97416 74.04327,14.97433 74.04325,14.97445 74.04316,14.97468 74.04282,14.97557 74.04276,14.97574 74.04226,14.97715 74.04218,14.97736 74.0417,14.9784 74.04155,14.9787 74.04155,14.97871 74.0414,14.979 74.04091,14.98005 74.04063,14.98051 74.04033,14.98092 74.04019,14.98114 74.03996,14.9815 74.03988,14.98163 74.03983,14.98172 74.03978,14.98182 74.03969,14.98194 74.03964,14.982 74.0396,14.98203 74.03952,14.98208 74.03943,14.98211 74.03936,14.98214 74.03931,14.98216 74.03927,14.98218 74.03923,14.98221 74.03919,14.98224 74.03914,14.98228 74.03911,14.98231 74.03908,14.98235 74.03904,14.9824 74.039,14.98244 74.03895,14.98248 74.03883,14.98257 74.03878,14.9826 74.03862,14.98267 74.03859,14.98268 74.03846,14.98271 74.0384,14.98272 74.03809,14.98271 74.03789,14.98269 74.03773,14.98271 74.0375,14.98275 74.03713,14.98277 74.037,14.98277 74.03691,14.98279 74.03676,14.98287 74.03663,14.98297 74.03657,14.98301 74.03637,14.98309 74.03631,14.98312 74.03626,14.98313 74.03621,14.98313 74.03615,14.98313 74.03597,14.9831 74.03585,14.98306 74.03574,14.98302 74.03563,14.98299 74.03548,14.98296 74.03515,14.98293 74.03491,14.98293 74.03484,14.98295 74.03478,14.98298 74.03472,14.98305 74.0347,14.98308 74.03468,14.98315 74.03468,14.98322 74.03472,14.98336 74.03475,14.98342 74.03478,14.98347 74.03492,14.98361 74.03495,14.98364 74.03503,14.98368 74.0351,14.9837 74.03521,14.98371 74.03533,14.98372 74.03545,14.98374 74.03558,14.98377 74.03568,14.9838 74.03593,14.98387 74.036,14.98389 74.03621,14.98397 74.03632,14.984 74.03649,14.98407 74.03659,14.98414 74.03668,14.98418 74.03678,14.9842 74.03689,14.98422 74.03706,14.98427 74.03724,14.98435 74.03739,14.98444 74.03748,14.98448 74.03752,14.98449 74.03755,14.9845 74.03758,14.98449 74.03764,14.98447 74.03768,14.98445 74.03783,14.98436 74.03804,14.98425 74.03819,14.98413 74.03844,14.98397 74.03864,14.98388 74.03868,14.98386 74.03884,14.98376 74.03898,14.98367 74.039,14.98366 74.03901,14.98366 74.03902,14.98365 74.03903,14.98365 74.03905,14.98365 74.03906,14.98365 74.03908,14.98365 74.03909,14.98366 74.0391,14.98367 74.03911,14.98368 74.03912,14.98371 74.03913,14.98373 74.03913,14.98375 74.03913,14.9838 74.03913,14.98381 74.03978,14.98373 74.04014,14.98402 74.04022,14.98426 74.03999,14.98485 74.03973,14.98567 74.03986,14.98641 74.04024,14.98713 74.04102,14.98788 74.04191,14.98864 74.04262,14.98905 74.04464,14.98916 74.04572,14.98923 74.04663,14.98901 74.04845,14.98747 74.04981,14.98632 74.05131,14.98562 74.0526,14.98502 74.05337,14.98506 74.05395,14.98541 74.05471,14.98597 74.05538,14.98667 74.05585,14.98693 74.05644,14.98754 74.05717,14.98922 74.05748,14.98981 74.0579,14.99073 74.05787,14.99125 74.0577,14.99226 74.05787,14.99323 74.05827,14.99405 74.05887,14.99459 74.05952,14.99485 74.06018,14.99496 74.06098,14.99513 74.06121,14.99542 74.06157,14.99622 74.06231,14.99701 74.06324,14.99762 74.06411,14.99777 74.06636,14.99825 74.06705,14.99832 74.06756,14.99862 74.06824,14.99938 74.06863,15.00074 74.06864,15.00149 74.06882,15.00239 74.06898,15.00281 74.06919,15.00295 74.06969,15.00296 74.07013,15.00285 74.07046,15.00254 74.07094,15.00145 74.07104,15.0009 74.07111,15.00073 74.07145,15.00012 74.07175,14.9996 74.07224,14.99923 74.07298,14.99906 74.07349,14.9991 74.07391,14.99929 74.07438,14.99968 74.07467,15.00005 74.07518,15.00013 74.07562,15.00002 74.07636,14.99993 74.07687,14.99995 74.0779,15.00032 74.0784,15.00073 74.07895,15.0012 74.07931,15.00124 74.07956,15.00113 74.07993,15.00077 74.08006,15.00063 74.08047,15.00021 74.08081,14.99997 74.08131,14.99956 74.08186,14.99919 74.08236,14.99913 74.08294,14.99937 74.08377,14.99946 74.08418,14.99954 74.0846,14.99938 74.08504,14.9991 74.08585,14.9981 74.08614,14.9975 74.08653,14.99579 74.08687,14.99514 74.08716,14.99487 74.08763,14.99472 74.08794,14.99478 74.08829,14.99497 74.08856,14.99534 74.08862,14.99584 74.08871,14.99629 74.08882,14.9968 74.08903,14.99743 74.08949,14.99789 74.08991,14.99809 74.09034,14.99817 74.09075,14.99826 74.09137,14.99822 74.09207,14.99805 74.09271,14.99796 74.09308,14.99801 74.09336,14.99811 74.09348,14.99827 74.09358,14.99858 74.09358,14.99917 74.09326,14.99978 74.09248,15.00075 74.09209,15.00198 74.09207,15.00241 74.09226,15.00253 74.09249,15.00253 74.09307,15.00253 74.0935,15.00264 74.09393,15.00283 74.09434,15.00316 74.09521,15.00399 74.09641,15.00509 74.09719,15.00594 74.09786,15.00637 74.09818,15.00648 74.0984,15.00647 74.09864,15.00643 74.0989,15.00615 74.09907,15.00573 74.09905,15.00542 74.09892,15.00503 74.09878,15.00462 74.09902,15.00421 74.09935,15.00394 74.10022,15.0036 74.10116,15.00319 74.10188,15.00263 74.10291,15.00177 74.104,15.00076 74.1049,15.00016 74.10581,14.99976 74.10649,14.99933 74.10698,14.99922 74.10733,14.99919 74.10784,14.99906 74.10823,14.99865 74.10821,14.99824 74.10809,14.99745</coordinates></LinearRing></outerBoundaryIs></Polygon></MultiGeometry>
  </Placemark>
  <Placemark id="WG_ESA_2024_GA.69">
	<name>Algote</name>
	<Style><LineStyle><color>ff0000ff</color></LineStyle><PolyStyle><fill>0</fill></PolyStyle></Style>
	<ExtendedData><SchemaData schemaUrl="#WG_ESA_2024_GA">
		<SimpleData name="esa_category">whole_village</SimpleData>
		<SimpleData name="area_km2">16.462</SimpleData>
	</SchemaData></ExtendedData>
      <MultiGeometry><Polygon><outerBoundaryIs><LinearRing><coordinates>74.19553,15.4357 74.19599,15.43463 74.19581,15.43405 74.19576,15.43308 74.19533,15.43224 74.1946,15.43146 74.19425,15.43117 74.19419,15.4309 74.19421,15.43067 74.19422,15.43046 74.1942,15.43035 74.19416,15.4302 74.19408,15.43002 74.19401,15.4298 74.19398,15.42963 74.19394,15.42954 74.19377,15.42926 74.19361,15.42903 74.19353,15.42888 74.19336,15.42864 74.19308,15.42829 74.19274,15.42792 74.19255,15.42774 74.19238,15.42764 74.19231,15.42759 74.19214,15.42743 74.1919,15.42726 74.19184,15.4272 74.1917,15.4271 74.19142,15.42687 74.19127,15.42678 74.19114,15.42676 74.19106,15.42673 74.19095,15.42667 74.19081,15.42664 74.19051,15.42637 74.19047,15.42632 74.19046,15.42629 74.19048,15.42598 74.19051,15.42585 74.19067,15.42542 74.19075,15.42523 74.19086,15.42505 74.19101,15.42488 74.19106,15.4248 74.19113,15.42463 74.1912,15.42448 74.19139,15.42393 74.19143,15.42377 74.19148,15.42331 74.19147,15.42309 74.19148,15.42298 74.19158,15.42249 74.1917,15.42229 74.19178,15.42217 74.19191,15.42203 74.19205,15.4219 74.19215,15.42184 74.19236,15.42171 74.19263,15.42154 74.19263,15.42153 74.19272,15.42149 74.19282,15.42146 74.19283,15.42144 74.19291,15.42142 74.19298,15.42138 74.19308,15.42135 74.19336,15.42116 74.19361,15.4209 74.19373,15.42067 74.19375,15.42064 74.19376,15.42058 74.19384,15.42036 74.19393,15.41999 74.19401,15.41973 74.19412,15.41948 74.19414,15.41943 74.19439,15.41855 74.19446,15.41817 74.1945,15.41798 74.19452,15.41792 74.19459,15.41753 74.19461,15.41732 74.19467,15.41711 74.19473,15.41685 74.19482,15.41662 74.19498,15.41626 74.1951,15.41586 74.19518,15.41564 74.19524,15.41544 74.19526,15.4153 74.19527,15.41506 74.19528,15.41493 74.19516,15.41408 74.19489,15.41337 74.19446,15.41238 74.19329,15.4105 74.19314,15.4098 74.19314,15.4085 74.19312,15.40733 74.1923,15.40623 74.1919,15.40606 74.19141,15.40643 74.19078,15.40695 74.19018,15.40697 74.18906,15.40648 74.18832,15.4066 74.1881,15.40691 74.18736,15.4079 74.18656,15.4082 74.18477,15.40824 74.18409,15.40796 74.18393,15.40729 74.18296,15.40737 74.18096,15.40792 74.17933,15.40838 74.17861,15.40877 74.1779,15.40951 74.17737,15.40962 74.17699,15.41005 74.17648,15.41155 74.17625,15.4124 74.17546,15.41347 74.17579,15.41387 74.17561,15.41402 74.17542,15.41419 74.17521,15.41445 74.17511,15.4146 74.17487,15.41503 74.17474,15.41532 74.17464,15.41559 74.17457,15.41585 74.17444,15.41626 74.17439,15.41648 74.17433,15.41667 74.17427,15.41691 74.17425,15.41716 74.17426,15.41746 74.17429,15.4176 74.17435,15.41777 74.17448,15.41827 74.17453,15.41851 74.17461,15.41893 74.17463,15.41921 74.17464,15.41959 74.17462,15.41973 74.17462,15.41981 74.17461,15.41989 74.17445,15.42032 74.17435,15.42045 74.17416,15.4206 74.17388,15.42084 74.17381,15.42087 74.17354,15.42097 74.17346,15.42098 74.17324,15.421 74.17305,15.42103 74.17285,15.42108 74.1726,15.42117 74.1725,15.42121 74.17209,15.42136 74.17189,15.42146 74.17146,15.42172 74.17139,15.42177 74.17128,15.42188 74.17114,15.42204 74.17082,15.42242 74.17043,15.42279 74.17009,15.42308 74.16982,15.42327 74.16974,15.42331 74.16941,15.42343 74.16922,15.42347 74.16911,15.4235 74.16899,15.4235 74.16889,15.42349 74.16885,15.42347 74.1688,15.42344 74.16874,15.42337 74.16859,15.42316 74.16854,15.42306 74.16841,15.42271 74.16835,15.42249 74.16832,15.42233 74.1683,15.42214 74.16823,15.42172 74.16821,15.42141 74.16814,15.42103 74.16812,15.42081 74.1681,15.4204 74.16797,15.41984 74.16789,15.41937 74.16782,15.41911 74.16776,15.41876 74.16774,15.4184 74.16769,15.41806 74.16766,15.41772 74.16765,15.41754 74.16756,15.41695 74.16753,15.4165 74.16729,15.41552 74.16723,15.41523 74.16719,15.415 74.16714,15.41479 74.16708,15.4146 74.16703,15.41436 74.16701,15.4142 74.16699,15.41411 74.16698,15.41386 74.16693,15.41342 74.1669,15.41305 74.16684,15.41274 74.16682,15.41242 74.1667,15.41185 74.16662,15.41158 74.16649,15.4113 74.16635,15.41108 74.16629,15.41102 74.16619,15.41091 74.16613,15.41086 74.16603,15.41081 74.16594,15.41077 74.16583,15.41074 74.16568,15.41072 74.16555,15.41073 74.16532,15.4108 74.16502,15.41092 74.16497,15.41096 74.16478,15.41115 74.16452,15.41137 74.16443,15.41142 74.16419,15.41153 74.16408,15.41157 74.16379,15.41161 74.16355,15.41168 74.16312,15.41185 74.16284,15.41197 74.16247,15.41218 74.16225,15.41232 74.1622,15.41236 74.16209,15.41243 74.16165,15.4127 74.16144,15.41286 74.16139,15.41291 74.16135,15.41292 74.16131,15.41302 74.16115,15.41325 74.16102,15.41353 74.16095,15.41375 74.16084,15.41393 74.16061,15.41412 74.16026,15.41422 74.15972,15.41419 74.1586,15.41387 74.15727,15.41365 74.15631,15.41367 74.15597,15.41382 74.15535,15.41433 74.15467,15.41512 74.15391,15.4157 74.15368,15.41601 74.15345,15.41651 74.15288,15.41742 74.15241,15.41757 74.15199,15.41752 74.15136,15.41711 74.15089,15.41698 74.15045,15.417 74.15016,15.41711 74.1494,15.4179 74.14833,15.41874 74.14698,15.41954 74.14547,15.42029 74.14421,15.42051 74.14389,15.42076 74.14358,15.42094 74.1432,15.42158 74.14306,15.42234 74.14298,15.42312 74.14311,15.42409 74.14313,15.42511 74.14326,15.4256 74.14371,15.42598 74.14434,15.42633 74.14466,15.42678 74.14464,15.42726 74.14445,15.42757 74.14372,15.42789 74.14245,15.42834 74.14126,15.4287 74.14035,15.42891 74.14002,15.42922 74.13957,15.43008 74.13953,15.43083 74.13967,15.43187 74.14001,15.43279 74.14048,15.43392 74.14053,15.43468 74.14044,15.43508 74.1396,15.43546 74.1386,15.43577 74.1381,15.43602 74.13773,15.43645 74.13756,15.43715 74.1378,15.4377 74.1378,15.43788 74.1378,15.43801 74.13788,15.4387 74.13809,15.43882 74.1382,15.43887 74.13821,15.43887 74.13828,15.43884 74.13901,15.4385 74.13902,15.4385 74.14013,15.43833 74.14014,15.43833 74.14022,15.43834 74.14159,15.4386 74.14168,15.43862 74.1428,15.43887 74.14382,15.43911 74.14383,15.43911 74.14413,15.43905 74.14456,15.43896 74.14469,15.43893 74.14479,15.4389 74.1448,15.43891 74.14548,15.43904 74.14549,15.43904 74.14572,15.43897 74.14642,15.43877 74.14652,15.43874 74.14653,15.43874 74.14721,15.43869 74.14745,15.43863 74.14789,15.4385 74.14797,15.43848 74.14797,15.43849 74.14853,15.43889 74.14921,15.43921 74.15027,15.43934 74.15097,15.43956 74.15128,15.43996 74.15128,15.44012 74.15129,15.44044 74.15161,15.44093 74.15153,15.4418 74.15285,15.44198 74.15286,15.44198 74.15288,15.44194 74.153,15.44175 74.15326,15.44133 74.15334,15.44085 74.15349,15.44074 74.15375,15.44057 74.15377,15.44055 74.15391,15.44045 74.15431,15.44001 74.15438,15.44 74.15442,15.43999 74.15478,15.43991 74.15493,15.43988 74.15526,15.43976 74.15545,15.43969 74.15631,15.4402 74.15695,15.44053 74.15735,15.44117 74.15735,15.44118 74.15773,15.44132 74.15774,15.44132 74.15799,15.44128 74.15874,15.44118 74.15925,15.44133 74.15932,15.44139 74.16023,15.44209 74.16094,15.44224 74.16095,15.44224 74.16225,15.44199 74.16228,15.44196 74.16241,15.44186 74.16283,15.44152 74.16317,15.44125 74.16318,15.44125 74.16319,15.44126 74.16347,15.44143 74.16371,15.44155 74.16379,15.44159 74.1645,15.44186 74.16636,15.44251 74.16707,15.44293 74.16746,15.443 74.16774,15.44312 74.1681,15.44316 74.16839,15.4432 74.16841,15.4432 74.16842,15.4432 74.16845,15.44317 74.16849,15.44312 74.16873,15.44289 74.16889,15.44266 74.16892,15.44263 74.16897,15.44258 74.16901,15.44251 74.16913,15.44228 74.16921,15.4421 74.16932,15.44186 74.16936,15.44175 74.16948,15.44139 74.16963,15.44091 74.16983,15.44046 74.17,15.44008 74.17008,15.43982 74.17009,15.43977 74.17034,15.43953 74.17041,15.43952 74.17059,15.43947 74.17082,15.43942 74.17217,15.43913 74.17387,15.43867 74.17603,15.43803 74.17867,15.4372 74.17867,15.43721 74.17867,15.43723 74.17869,15.43728 74.17889,15.43751 74.17892,15.43754 74.17893,15.43756 74.17913,15.43778 74.17918,15.43787 74.17992,15.43923 74.18012,15.43958 74.18027,15.43981 74.18063,15.44035 74.18074,15.44046 74.18166,15.44139 74.18167,15.4414 74.18233,15.44206 74.18271,15.44224 74.18293,15.44235 74.1834,15.44249 74.18372,15.44258 74.18543,15.44312 74.18615,15.44348 74.18672,15.44377 74.18728,15.44438 74.18736,15.44451 74.18753,15.44481 74.18762,15.44496 74.18766,15.44493 74.19194,15.44147 74.19333,15.44013 74.19445,15.43912 74.19488,15.43852 74.19539,15.43741 74.19553,15.4357</coordinates></LinearRing></outerBoundaryIs></Polygon></MultiGeometry>
  </Placemark>
  <Placemark id="WG_ESA_2024_GA.70">
	<name>Camarconda</name>
	<Style><LineStyle><color>ff0000ff</color></LineStyle><PolyStyle><fill>0</fill></PolyStyle></Style>
	<ExtendedData><SchemaData schemaUrl="#WG_ESA_2024_GA">
		<SimpleData name="esa_category">whole_village</SimpleData>
		<SimpleData name="area_km2">8.036</SimpleData>
	</SchemaData></ExtendedData>
      <MultiGeometry><Polygon><outerBoundaryIs><LinearRing><coordinates>74.10104,15.33144 74.1016,15.33124 74.10209,15.33101 74.1025,15.33096 74.10335,15.33047 74.10377,15.33006 74.1043,15.32947 74.10453,15.32904 74.10491,15.32835 74.10531,15.32797 74.10617,15.32739 74.10658,15.32735 74.10711,15.32735 74.10763,15.32747 74.10808,15.3277 74.10842,15.32804 74.10895,15.32842 74.10943,15.32842 74.11001,15.32831 74.11054,15.32835 74.11089,15.32835 74.11163,15.32844 74.1119,15.32844 74.11215,15.32812 74.11225,15.32793 74.11218,15.32719 74.11225,15.32666 74.11227,15.32597 74.11218,15.32508 74.11215,15.32432 74.11227,15.32351 74.11237,15.32282 74.11249,15.32245 74.11251,15.32201 74.11246,15.32152 74.11205,15.32068 74.11172,15.32002 74.11142,15.31884 74.11128,15.31801 74.1112,15.31738 74.11131,15.31681 74.11193,15.31582 74.11242,15.31544 74.11304,15.31491 74.11356,15.31448 74.11387,15.3141 74.11433,15.31335 74.11474,15.31264 74.11537,15.31179 74.11613,15.31079 74.11692,15.31044 74.11808,15.30997 74.11687,15.30983 74.11602,15.30973 74.11454,15.30964 74.11366,15.30955 74.11245,15.30913 74.11087,15.30865 74.10998,15.30843 74.10894,15.30788 74.10807,15.30764 74.10653,15.30723 74.10591,15.30714 74.1053,15.30704 74.10482,15.30691 74.1042,15.30674 74.10353,15.30661 74.10264,15.30654 74.10189,15.3065 74.1012,15.30632 74.10074,15.30611 74.09987,15.30576 74.09926,15.30543 74.09814,15.30499 74.09703,15.30444 74.09612,15.304 74.09528,15.30379 74.0937,15.30347 74.09308,15.30338 74.09278,15.30344 74.09193,15.30379 74.09135,15.30396 74.09045,15.30416 74.09045,15.30417 74.09046,15.3042 74.09051,15.30441 74.09051,15.30442 74.09044,15.30466 74.09023,15.30494 74.08975,15.30574 74.08945,15.30614 74.08847,15.30742 74.08783,15.30856 74.0875,15.30914 74.08711,15.31034 74.08696,15.3105 74.08654,15.31094 74.08652,15.31103 74.08642,15.31145 74.08669,15.3117 74.08676,15.31177 74.08702,15.31202 74.0871,15.31217 74.08715,15.31229 74.08714,15.31231 74.08694,15.31298 74.08676,15.31354 74.08658,15.31408 74.08637,15.31494 74.08644,15.31525 74.08654,15.31567 74.0868,15.31606 74.08704,15.31643 74.08748,15.31691 74.08765,15.3171 74.08764,15.31712 74.08743,15.31736 74.08696,15.3178 74.08687,15.31785 74.08681,15.31788 74.08673,15.31791 74.08653,15.31797 74.08652,15.31797 74.08651,15.31797 74.08649,15.31798 74.08647,15.31797 74.08644,15.31796 74.0863,15.31796 74.08613,15.31796 74.08601,15.31797 74.08599,15.31797 74.08588,15.318 74.08585,15.31801 74.08577,15.31805 74.08572,15.31808 74.08571,15.31809 74.08569,15.31811 74.08564,15.31815 74.08557,15.31819 74.08554,15.31821 74.08551,15.31823 74.0853,15.31829 74.08524,15.3183 74.08513,15.31832 74.08512,15.31832 74.08503,15.31832 74.08492,15.3183 74.08483,15.31828 74.08478,15.31828 74.08475,15.31829 74.08472,15.3183 74.08469,15.3183 74.08462,15.31836 74.08459,15.31841 74.08458,15.31848 74.08458,15.31852 74.08459,15.31859 74.0846,15.3186 74.08469,15.31873 74.08472,15.31881 74.08472,15.31884 74.08473,15.31889 74.08473,15.31891 74.08473,15.31893 74.08472,15.319 74.08471,15.31902 74.08467,15.31909 74.08465,15.31911 74.08458,15.31919 74.08452,15.31928 74.08449,15.31931 74.08447,15.31934 74.08428,15.3195 74.08427,15.3195 74.08414,15.31962 74.08401,15.31976 74.08399,15.31978 74.08392,15.31989 74.08388,15.31998 74.08387,15.31999 74.08386,15.31999 74.0838,15.3201 74.08372,15.32024 74.08368,15.32031 74.08367,15.32033 74.08365,15.32036 74.08362,15.32039 74.08349,15.32046 74.08344,15.32051 74.08329,15.32059 74.08322,15.32065 74.08317,15.32074 74.08317,15.32075 74.08315,15.32085 74.08315,15.32097 74.08315,15.32099 74.08319,15.32126 74.08318,15.32138 74.08317,15.32143 74.08316,15.32149 74.08315,15.32152 74.08314,15.32156 74.08303,15.32172 74.08298,15.32178 74.08281,15.32199 74.08272,15.32215 74.08271,15.32215 74.08268,15.32231 74.08266,15.32243 74.08266,15.32254 74.08264,15.32264 74.08264,15.32275 74.08262,15.32283 74.0826,15.32287 74.0826,15.32291 74.08258,15.32303 74.08257,15.3231 74.08257,15.32311 74.08257,15.32312 74.08258,15.32316 74.08272,15.32338 74.08276,15.32345 74.08278,15.32348 74.0828,15.32355 74.0828,15.32363 74.08284,15.3238 74.08284,15.32385 74.08284,15.32387 74.08283,15.32394 74.08276,15.32412 74.0827,15.32426 74.08268,15.3243 74.08267,15.32434 74.08268,15.32438 74.08268,15.3244 74.08282,15.32458 74.08286,15.32463 74.08291,15.32468 74.08305,15.32484 74.08309,15.32491 74.08312,15.32494 74.08315,15.32496 74.08317,15.32497 74.08322,15.32508 74.08326,15.32514 74.08327,15.32516 74.08333,15.32531 74.08333,15.32533 74.08335,15.32539 74.08335,15.32544 74.0833,15.32553 74.0833,15.32555 74.0833,15.32557 74.08333,15.3256 74.08333,15.32562 74.08334,15.32564 74.08334,15.32568 74.08338,15.32573 74.08339,15.32577 74.0834,15.3258 74.0834,15.32581 74.08342,15.32583 74.08344,15.32585 74.08349,15.32594 74.0835,15.32596 74.08353,15.326 74.08356,15.32606 74.08358,15.32611 74.08358,15.32619 74.08362,15.32628 74.08363,15.32637 74.08363,15.32638 74.08363,15.3264 74.08362,15.32653 74.0836,15.32664 74.08359,15.32672 74.08356,15.32698 74.08354,15.32712 74.08354,15.32714 74.08354,15.32734 74.08356,15.32741 74.08357,15.32743 74.08364,15.32754 74.08375,15.32766 74.08378,15.32768 74.08382,15.3277 74.0839,15.32776 74.08397,15.32782 74.08414,15.32796 74.08427,15.32805 74.08433,15.3281 74.08438,15.32812 74.08444,15.32815 74.0846,15.32821 74.08464,15.32821 74.08487,15.32813 74.08489,15.32812 74.08497,15.32808 74.085,15.32806 74.08507,15.32804 74.08507,15.32803 74.0851,15.32803 74.08515,15.32802 74.08519,15.32803 74.08522,15.32804 74.08528,15.32807 74.0853,15.32808 74.08546,15.32818 74.08555,15.32824 74.08556,15.32825 74.08559,15.32828 74.08562,15.32833 74.08564,15.32837 74.08566,15.3284 74.0857,15.32845 74.08592,15.32861 74.086,15.32868 74.08602,15.3287 74.08628,15.32898 74.0865,15.32924 74.08659,15.32936 74.08667,15.32946 74.08673,15.32954 74.08681,15.32963 74.08682,15.32964 74.08684,15.32966 74.08694,15.32978 74.08695,15.32979 74.08696,15.3298 74.08697,15.32981 74.08704,15.32983 74.08713,15.32988 74.08717,15.3299 74.08737,15.32997 74.08757,15.33006 74.08781,15.33019 74.08794,15.33029 74.08805,15.33039 74.08821,15.33059 74.08836,15.33077 74.08874,15.33118 74.08905,15.33142 74.08909,15.33144 74.08918,15.33148 74.08923,15.3315 74.08928,15.33151 74.08931,15.33151 74.08933,15.33152 74.08935,15.33152 74.08936,15.33152 74.08942,15.3315 74.08945,15.33148 74.08955,15.33142 74.08957,15.33142 74.08958,15.33142 74.08964,15.33142 74.0897,15.33142 74.08974,15.33142 74.08979,15.33143 74.08982,15.33145 74.08993,15.33147 74.08998,15.3315 74.09007,15.33154 74.09019,15.33157 74.09028,15.33159 74.09044,15.33158 74.09059,15.33162 74.09068,15.33166 74.09073,15.33169 74.09084,15.33179 74.0909,15.33187 74.0909,15.33188 74.09095,15.33191 74.091,15.33202 74.0911,15.33221 74.09115,15.33233 74.09123,15.33251 74.09131,15.33267 74.09131,15.33268 74.09137,15.33286 74.09139,15.3329 74.09141,15.33295 74.0915,15.3331 74.09153,15.33315 74.09155,15.33319 74.09157,15.33322 74.09158,15.33323 74.09168,15.33331 74.09169,15.33332 74.0918,15.33339 74.09182,15.33341 74.09197,15.3335 74.0922,15.33357 74.09221,15.33358 74.09226,15.3336 74.09261,15.33377 74.09277,15.33386 74.09282,15.33391 74.09282,15.33392 74.09294,15.33413 74.09295,15.33415 74.09304,15.3344 74.09312,15.33465 74.09318,15.33484 74.09321,15.33504 74.0932,15.33514 74.09319,15.33527 74.09307,15.33554 74.09301,15.33571 74.093,15.33576 74.093,15.33578 74.093,15.33583 74.09302,15.33586 74.09303,15.33588 74.09314,15.33595 74.09321,15.33598 74.09325,15.336 74.09327,15.33601 74.09336,15.33603 74.09356,15.33605 74.09358,15.33606 74.09359,15.33607 74.09357,15.33608 74.09356,15.33609 74.09359,15.33614 74.09362,15.33623 74.09365,15.33634 74.09366,15.33638 74.09369,15.33654 74.09371,15.33673 74.09373,15.33679 74.09384,15.33702 74.09387,15.33706 74.09398,15.33714 74.09403,15.33716 74.09421,15.33724 74.09435,15.33728 74.09448,15.33729 74.09463,15.33734 74.09485,15.33743 74.09502,15.33756 74.0951,15.33764 74.09512,15.3377 74.09514,15.33773 74.09518,15.33782 74.0952,15.33779 74.0957,15.33697 74.09614,15.33624 74.09649,15.33561 74.09722,15.33514 74.09724,15.33495 74.09725,15.33446 74.09739,15.33373 74.09791,15.33322 74.09812,15.33291 74.09838,15.33274 74.09918,15.33212 74.10104,15.33144</coordinates></LinearRing></outerBoundaryIs></Polygon></MultiGeometry>
  </Placemark>
  <Placemark id="WG_ESA_2024_GA.71">
	<name>Caranzol</name>
	<Style><LineStyle><color>ff0000ff</color></LineStyle><PolyStyle><fill>0</fill></PolyStyle></Style>
	<ExtendedData><SchemaData schemaUrl="#WG_ESA_2024_GA">
		<SimpleData name="esa_category">whole_village</SimpleData>
		<SimpleData name="area_km2">25.396</SimpleData>
	</SchemaData></ExtendedData>
      <MultiGeometry><Polygon><outerBoundaryIs><LinearRing><coordinates>74.29871,15.38194 74.29948,15.38127 74.29979,15.381 74.30009,15.38074 74.30023,15.38061 74.30032,15.38053 74.30046,15.38039 74.30055,15.38032 74.30159,15.3796 74.30161,15.37958 74.30183,15.37942 74.30715,15.37554 74.30812,15.37481 74.30839,15.37461 74.3086,15.37445 74.30977,15.37382 74.31205,15.3728 74.31387,15.37199 74.31708,15.37053 74.31716,15.37049 74.32097,15.36875 74.32118,15.36865 74.32119,15.36865 74.3213,15.36859 74.32133,15.36858 74.32206,15.36823 74.32249,15.36802 74.32313,15.36771 74.3232,15.36768 74.32244,15.36717 74.32226,15.36704 74.32159,15.36659 74.31973,15.36534 74.31967,15.3653 74.31962,15.36527 74.31626,15.363 74.31628,15.36252 74.31628,15.36251 74.31627,15.36241 74.31624,15.36205 74.31604,15.35997 74.31639,15.3589 74.31671,15.35792 74.31687,15.35742 74.31702,15.35697 74.31749,15.35552 74.31772,15.35478 74.31773,15.35476 74.31774,15.35475 74.31775,15.3547 74.31786,15.3544 74.31813,15.35366 74.31919,15.35069 74.31936,15.35021 74.32015,15.34803 74.32017,15.34797 74.32019,15.34791 74.32048,15.34717 74.32182,15.34366 74.32184,15.3436 74.32106,15.34201 74.32095,15.34184 74.3206,15.3413 74.3198,15.34007 74.31961,15.3397 74.3192,15.33893 74.31897,15.3385 74.31726,15.33524 74.31722,15.33518 74.31722,15.33517 74.31528,15.3352 74.31468,15.33516 74.31401,15.33519 74.31342,15.33537 74.31302,15.33548 74.31244,15.33578 74.3119,15.33611 74.31141,15.33653 74.31087,15.33702 74.31054,15.33747 74.31017,15.33789 74.30992,15.33815 74.30959,15.33834 74.30929,15.3384 74.30874,15.33848 74.30777,15.33844 74.30737,15.33844 74.307,15.3385 74.30665,15.33872 74.3064,15.33899 74.30619,15.33931 74.3058,15.3399 74.30539,15.34051 74.30512,15.34078 74.30495,15.34087 74.30475,15.34092 74.30463,15.34086 74.30452,15.34065 74.30448,15.3403 74.30442,15.33989 74.30442,15.3393 74.30443,15.33865 74.3043,15.33802 74.30416,15.3376 74.30402,15.33748 74.30386,15.33753 74.30339,15.33768 74.3026,15.33794 74.30212,15.33814 74.30176,15.33841 74.30144,15.33862 74.30122,15.33871 74.30098,15.33879 74.30077,15.33876 74.30054,15.33858 74.30032,15.33827 74.3002,15.33806 74.30009,15.33799 74.29969,15.33786 74.29918,15.33775 74.29862,15.33775 74.29831,15.33784 74.2979,15.33806 74.29783,15.33832 74.29754,15.33858 74.29729,15.33863 74.29696,15.33863 74.29668,15.3385 74.29624,15.33826 74.29594,15.33801 74.29574,15.33766 74.29551,15.33738 74.29473,15.33765 74.29402,15.33783 74.29355,15.33792 74.29312,15.33798 74.29221,15.33801 74.29121,15.33805 74.29037,15.33799 74.28956,15.33802 74.28886,15.33796 74.28826,15.33783 74.28752,15.33762 74.28679,15.33725 74.28624,15.33691 74.28582,15.33729 74.28537,15.33777 74.285,15.338 74.28484,15.33808 74.28457,15.33849 74.28433,15.33874 74.28414,15.33886 74.28377,15.33889 74.28353,15.33886 74.28322,15.33863 74.28295,15.33858 74.28235,15.33856 74.28214,15.33837 74.28196,15.33799 74.28189,15.33762 74.28152,15.3366 74.28104,15.33574 74.28048,15.33517 74.28006,15.33487 74.27995,15.33473 74.27978,15.33462 74.27947,15.33415 74.27886,15.33411 74.27839,15.33373 74.27804,15.33381 74.27764,15.33381 74.27666,15.33342 74.27626,15.33333 74.27561,15.33284 74.27538,15.33315 74.27524,15.33354 74.27514,15.33384 74.27479,15.33477 74.27446,15.33546 74.27396,15.33657 74.27369,15.3373 74.27328,15.33821 74.27301,15.33885 74.27285,15.33952 74.27265,15.34002 74.27225,15.34076 74.27212,15.34122 74.27218,15.34151 74.27233,15.3419 74.27254,15.34249 74.27269,15.3429 74.27277,15.34328 74.2728,15.3438 74.27275,15.34467 74.27263,15.34531 74.27255,15.34581 74.27231,15.3465 74.27211,15.34679 74.27162,15.3472 74.27126,15.34753 74.27088,15.34781 74.27043,15.34805 74.26998,15.34824 74.26955,15.34841 74.26904,15.34851 74.26849,15.34858 74.2679,15.34853 74.26756,15.3484 74.26694,15.34813 74.26607,15.34776 74.26572,15.34755 74.26538,15.34732 74.26485,15.34705 74.26444,15.34693 74.26402,15.34683 74.26372,15.34684 74.26347,15.34688 74.26324,15.34701 74.26321,15.34704 74.2631,15.3473 74.26299,15.34769 74.26296,15.348 74.26278,15.34837 74.26259,15.34874 74.26234,15.34918 74.26231,15.34942 74.26238,15.34994 74.26246,15.35021 74.26254,15.35036 74.26284,15.35073 74.26324,15.35126 74.26364,15.35196 74.26374,15.35221 74.26376,15.35253 74.26371,15.35276 74.26357,15.35308 74.26358,15.35349 74.26398,15.35388 74.26423,15.35461 74.26466,15.35524 74.26457,15.3553 74.26489,15.35554 74.26526,15.35581 74.26568,15.35616 74.26596,15.3564 74.2661,15.35661 74.26599,15.3567 74.26583,15.35677 74.26553,15.35699 74.26516,15.35717 74.26493,15.35738 74.26472,15.35768 74.26458,15.35791 74.26464,15.35838 74.26472,15.35877 74.26478,15.35914 74.26487,15.35984 74.26492,15.36039 74.26494,15.3608 74.26492,15.36116 74.26484,15.36152 74.26474,15.36166 74.26438,15.36198 74.26407,15.36229 74.26395,15.36245 74.26415,15.36324 74.26456,15.36424 74.26474,15.36472 74.26478,15.36513 74.26479,15.36531 74.26462,15.36554 74.26436,15.36597 74.26425,15.36624 74.26412,15.36652 74.26394,15.367 74.26361,15.36745 74.26339,15.36758 74.26272,15.36814 74.26247,15.36839 74.26235,15.3686 74.26228,15.36905 74.26223,15.36999 74.26217,15.3705 74.26204,15.37065 74.26175,15.37054 74.26158,15.37061 74.26121,15.37074 74.2609,15.3709 74.26069,15.37128 74.26049,15.37174 74.26034,15.37235 74.26012,15.3731 74.2599,15.37374 74.25992,15.37387 74.26029,15.37389 74.26048,15.37367 74.26091,15.37318 74.26122,15.37266 74.26173,15.37211 74.26221,15.37153 74.26252,15.37137 74.26283,15.37133 74.2632,15.37139 74.26336,15.37149 74.26364,15.37173 74.26405,15.37209 74.2643,15.37211 74.26466,15.37224 74.26511,15.37234 74.26565,15.37255 74.26624,15.37288 74.26676,15.37325 74.26724,15.3736 74.26755,15.37372 74.26813,15.37402 74.26865,15.37435 74.26915,15.37475 74.2697,15.37523 74.27011,15.37567 74.27103,15.37643 74.27209,15.37717 74.27272,15.37775 74.27354,15.37844 74.27413,15.37883 74.27564,15.37947 74.27708,15.38027 74.27818,15.3809 74.27898,15.38134 74.27932,15.38186 74.27974,15.38195 74.28033,15.38204 74.28087,15.38248 74.28207,15.38398 74.28299,15.38294 74.28387,15.3829 74.28389,15.38289 74.28431,15.38287 74.28621,15.38277 74.28622,15.38277 74.28628,15.38277 74.28637,15.38276 74.28658,15.38275 74.28698,15.38273 74.2891,15.38258 74.29066,15.38248 74.29871,15.38194</coordinates></LinearRing></outerBoundaryIs></Polygon></MultiGeometry>
  </Placemark>
  <Placemark id="WG_ESA_2024_GA.72">
	<name>Colem</name>
	<Style><LineStyle><color>ff0000ff</color></LineStyle><PolyStyle><fill>0</fill></PolyStyle></Style>
	<ExtendedData><SchemaData schemaUrl="#WG_ESA_2024_GA">
		<SimpleData name="esa_category">whole_village</SimpleData>
		<SimpleData name="area_km2">30.412</SimpleData>
	</SchemaData></ExtendedData>
      <MultiGeometry><Polygon><outerBoundaryIs><LinearRing><coordinates>74.26175,15.37054 74.26204,15.37065 74.26217,15.3705 74.26223,15.36999 74.26228,15.36905 74.26235,15.3686 74.26247,15.36839 74.26272,15.36814 74.26339,15.36758 74.26361,15.36745 74.26394,15.367 74.26412,15.36652 74.26425,15.36624 74.26436,15.36597 74.26462,15.36554 74.26479,15.36531 74.26478,15.36513 74.26474,15.36472 74.26456,15.36424 74.26415,15.36324 74.26395,15.36245 74.26407,15.36229 74.26438,15.36198 74.26474,15.36166 74.26484,15.36152 74.26492,15.36116 74.26494,15.3608 74.26492,15.36039 74.26487,15.35984 74.26478,15.35914 74.26472,15.35877 74.26464,15.35838 74.26458,15.35791 74.26472,15.35768 74.26493,15.35738 74.26516,15.35717 74.26553,15.35699 74.26583,15.35677 74.26599,15.3567 74.2661,15.35661 74.26596,15.3564 74.26568,15.35616 74.26526,15.35581 74.26489,15.35554 74.26457,15.3553 74.26466,15.35524 74.26423,15.35461 74.26398,15.35388 74.26358,15.35349 74.26357,15.35308 74.26371,15.35276 74.26376,15.35253 74.26374,15.35221 74.26364,15.35196 74.26324,15.35126 74.26284,15.35073 74.26254,15.35036 74.26246,15.35021 74.26238,15.34994 74.26231,15.34942 74.26234,15.34918 74.26259,15.34874 74.26278,15.34837 74.26296,15.348 74.26299,15.34769 74.2631,15.3473 74.26321,15.34704 74.26324,15.34701 74.26347,15.34688 74.26372,15.34684 74.26402,15.34683 74.26444,15.34693 74.26485,15.34705 74.26538,15.34732 74.26572,15.34755 74.26607,15.34776 74.26694,15.34813 74.26756,15.3484 74.2679,15.34853 74.26849,15.34858 74.26904,15.34851 74.26955,15.34841 74.26998,15.34824 74.27043,15.34805 74.27088,15.34781 74.27126,15.34753 74.27162,15.3472 74.27211,15.34679 74.27231,15.3465 74.27255,15.34581 74.27263,15.34531 74.27275,15.34467 74.2728,15.3438 74.27277,15.34328 74.27269,15.3429 74.27254,15.34249 74.27233,15.3419 74.27218,15.34151 74.27212,15.34122 74.27225,15.34076 74.27265,15.34002 74.27285,15.33952 74.27301,15.33885 74.27328,15.33821 74.27369,15.3373 74.27396,15.33657 74.27446,15.33546 74.27479,15.33477 74.27514,15.33384 74.27524,15.33354 74.27538,15.33315 74.27561,15.33284 74.27507,15.33244 74.27514,15.33224 74.27529,15.3318 74.27544,15.33121 74.27549,15.33066 74.27511,15.3295 74.27469,15.32851 74.27435,15.32779 74.27402,15.32709 74.27336,15.32593 74.27305,15.32537 74.27266,15.32466 74.27239,15.32416 74.27222,15.32379 74.27214,15.32357 74.27217,15.32338 74.27242,15.323 74.27275,15.3225 74.27292,15.32222 74.27312,15.32181 74.27341,15.32095 74.27356,15.3207 74.27366,15.32029 74.27372,15.31942 74.27383,15.31834 74.27388,15.31782 74.27394,15.31752 74.27398,15.31691 74.2741,15.31691 74.27465,15.31698 74.27495,15.31699 74.27515,15.31673 74.27545,15.31644 74.2757,15.31616 74.2759,15.31582 74.27649,15.31507 74.27698,15.31421 74.27718,15.31369 74.27668,15.31243 74.27634,15.31167 74.27569,15.31067 74.27517,15.31014 74.27496,15.30984 74.27455,15.30926 74.27439,15.30828 74.27416,15.30757 74.2739,15.30696 74.27346,15.30612 74.27305,15.30551 74.2723,15.30502 74.27215,15.30497 74.2717,15.30486 74.27121,15.30483 74.27074,15.30489 74.27025,15.30502 74.26973,15.3052 74.26887,15.30526 74.26798,15.30525 74.26749,15.3052 74.26672,15.30502 74.2657,15.30477 74.26492,15.30454 74.26419,15.30429 74.2639,15.30417 74.26348,15.30393 74.26298,15.30362 74.26261,15.30339 74.26215,15.30298 74.26179,15.30264 74.2617,15.30256 74.26162,15.30246 74.26159,15.30286 74.26158,15.30301 74.26139,15.30335 74.26099,15.30379 74.26053,15.30424 74.26015,15.30455 74.25976,15.30482 74.25939,15.30494 74.25901,15.305 74.25867,15.30499 74.2584,15.30491 74.25822,15.30484 74.25783,15.30461 74.25763,15.30441 74.25739,15.30409 74.25718,15.30366 74.25702,15.30335 74.25686,15.30306 74.25668,15.30277 74.25659,15.30262 74.25643,15.30248 74.25625,15.3024 74.25614,15.30233 74.25596,15.30245 74.25567,15.30271 74.2553,15.30292 74.25498,15.30311 74.25452,15.30336 74.25414,15.30364 74.25394,15.30371 74.25354,15.30381 74.25314,15.30396 74.25302,15.30401 74.25273,15.30412 74.25226,15.30423 74.25182,15.30434 74.25161,15.30439 74.25114,15.30451 74.25076,15.30459 74.2502,15.3047 74.25007,15.30472 74.24957,15.3048 74.24925,15.30865 74.24914,15.30866 74.24886,15.30949 74.24883,15.31119 74.2488,15.31126 74.24875,15.31133 74.24874,15.31138 74.24871,15.31142 74.24871,15.31154 74.24872,15.31188 74.24872,15.31216 74.24871,15.31255 74.2487,15.3126 74.24865,15.31271 74.24855,15.31293 74.24845,15.31317 74.24843,15.31325 74.24841,15.31331 74.24839,15.31343 74.24839,15.31353 74.24834,15.31366 74.24834,15.3137 74.24832,15.31373 74.24831,15.31381 74.24816,15.31404 74.2481,15.31411 74.24805,15.31415 74.24794,15.31421 74.24776,15.31429 74.24742,15.31437 74.24708,15.3144 74.24685,15.31446 74.2467,15.31449 74.24638,15.31458 74.24603,15.3147 74.24574,15.31479 74.2457,15.31482 74.24563,15.31483 74.24559,15.31486 74.24547,15.31488 74.24524,15.31495 74.24513,15.31495 74.24485,15.31493 74.2447,15.31491 74.24459,15.31487 74.24447,15.31481 74.24435,15.31478 74.244,15.31479 74.24378,15.31476 74.24365,15.31477 74.24358,15.31475 74.24337,15.31476 74.24327,15.31474 74.24311,15.31481 74.24305,15.31483 74.24291,15.31483 74.24273,15.31482 74.24265,15.3148 74.24235,15.31471 74.24218,15.31469 74.24205,15.3147 74.24191,15.31474 74.24181,15.31479 74.24172,15.31485 74.24167,15.31489 74.24163,15.31491 74.24162,15.3149 74.2416,15.31492 74.24154,15.31498 74.24134,15.31522 74.2413,15.3153 74.24121,15.31544 74.24103,15.31575 74.24088,15.31595 74.24085,15.316 74.24079,15.31607 74.24065,15.31622 74.24056,15.31631 74.24037,15.31645 74.23995,15.31696 74.2396,15.31731 74.23946,15.31748 74.23941,15.31754 74.23936,15.31759 74.23913,15.31774 74.23891,15.31791 74.2387,15.31812 74.23863,15.31816 74.23859,15.3182 74.23848,15.31825 74.23837,15.31826 74.2382,15.31827 74.23811,15.31829 74.23807,15.31829 74.23789,15.31834 74.23778,15.31839 74.23771,15.31845 74.23764,15.31852 74.23759,15.31862 74.23753,15.31877 74.23752,15.31886 74.23744,15.31918 74.2374,15.31935 74.23733,15.31953 74.23718,15.32016 74.23716,15.32024 74.23711,15.32038 74.23708,15.32044 74.23701,15.32059 74.23684,15.32085 74.23681,15.32088 74.23679,15.32092 74.23678,15.32093 74.23677,15.32105 74.23675,15.32107 74.23674,15.32109 74.2367,15.32113 74.23667,15.32118 74.23664,15.32127 74.2366,15.32148 74.23657,15.32155 74.23656,15.32162 74.23653,15.32168 74.23654,15.32171 74.23657,15.32196 74.23659,15.32203 74.23673,15.32233 74.2368,15.32248 74.23685,15.32255 74.23691,15.32263 74.23695,15.32271 74.23701,15.32276 74.23703,15.32282 74.23703,15.32285 74.23704,15.32288 74.23704,15.32303 74.23702,15.32312 74.237,15.32314 74.23693,15.32319 74.23685,15.32324 74.23681,15.32325 74.23649,15.32321 74.23634,15.3232 74.23625,15.32322 74.23616,15.32327 74.23598,15.3234 74.23589,15.3235 74.23583,15.32355 74.23537,15.32399 74.23512,15.32421 74.23501,15.3243 74.23469,15.3245 74.23468,15.32451 74.23462,15.32454 74.23457,15.32455 74.23429,15.32454 74.23424,15.32453 74.23416,15.32449 74.23407,15.32439 74.234,15.32436 74.23385,15.32436 74.23381,15.32437 74.2336,15.3245 74.23345,15.32456 74.23335,15.32457 74.2331,15.32458 74.23296,15.32459 74.23285,15.32463 74.2328,15.32465 74.23269,15.32471 74.23259,15.32477 74.23235,15.32499 74.23233,15.325 74.23232,15.32501 74.23227,15.32507 74.23223,15.32514 74.23217,15.32529 74.23213,15.32549 74.23213,15.32561 74.23215,15.32568 74.23224,15.32594 74.23228,15.32603 74.23228,15.32609 74.23227,15.32614 74.23225,15.32618 74.23218,15.32622 74.23213,15.32624 74.23199,15.32624 74.23184,15.32618 74.2317,15.3261 74.23155,15.32599 74.23126,15.32571 74.23113,15.32564 74.23106,15.32562 74.2309,15.32563 74.23085,15.32565 74.23076,15.3257 74.23071,15.32574 74.2307,15.32581 74.23066,15.32585 74.23064,15.32593 74.23061,15.32598 74.2306,15.32605 74.23058,15.32607 74.23057,15.32618 74.23044,15.32636 74.23053,15.32643 74.23057,15.32646 74.23091,15.32679 74.23098,15.32688 74.23108,15.32702 74.23113,15.32707 74.23127,15.32747 74.23134,15.32769 74.23141,15.32803 74.23141,15.32815 74.23141,15.32837 74.23137,15.32853 74.23131,15.32867 74.2313,15.32876 74.2313,15.32881 74.23208,15.32892 74.2323,15.32899 74.23269,15.32908 74.23339,15.3294 74.2348,15.32998 74.2354,15.33004 74.23541,15.33032 74.23521,15.33039 74.235,15.33053 74.23494,15.33058 74.23485,15.33062 74.2347,15.33063 74.23462,15.33066 74.23434,15.33064 74.23432,15.33064 74.23418,15.33064 74.23392,15.33064 74.23375,15.33067 74.23369,15.33069 74.23366,15.33071 74.23348,15.33077 74.23344,15.33077 74.23334,15.33081 74.23332,15.33083 74.2332,15.33099 74.23313,15.3311 74.23312,15.3316 74.23309,15.33166 74.23308,15.33175 74.23306,15.3318 74.23303,15.33195 74.23299,15.33209 74.23292,15.33249 74.2329,15.33254 74.23281,15.33269 74.2328,15.33288 74.23231,15.33311 74.23133,15.33312 74.23058,15.33346 74.23024,15.33389 74.23033,15.33414 74.2306,15.33455 74.23113,15.33504 74.23163,15.33554 74.2317,15.33579 74.23154,15.33611 74.23099,15.33665 74.23073,15.33714 74.23076,15.33783 74.23091,15.33866 74.23083,15.33878 74.22984,15.3398 74.22939,15.34069 74.22887,15.34273 74.22855,15.34322 74.22741,15.34535 74.22602,15.34778 74.22503,15.34939 74.22465,15.3503 74.22436,15.35058 74.22282,15.35127 74.22197,15.35179 74.22091,15.35226 74.22022,15.35214 74.21936,15.35198 74.21804,15.35103 74.21722,15.35123 74.21599,15.35143 74.21551,15.35123 74.21486,15.35059 74.21396,15.35043 74.21331,15.35042 74.21213,15.3507 74.21009,15.35059 74.20854,15.35039 74.20799,15.35069 74.20707,15.35156 74.20675,15.35283 74.20628,15.3533 74.20609,15.35338 74.20499,15.35283 74.2046,15.3531 74.2041,15.3536 74.20336,15.35468 74.20289,15.35498 74.20285,15.35498 74.20276,15.355 74.20264,15.355 74.20257,15.35498 74.20231,15.35498 74.20215,15.35495 74.20197,15.35489 74.20178,15.35481 74.20163,15.35473 74.20141,15.35464 74.20123,15.35461 74.20099,15.35461 74.20063,15.35464 74.20029,15.35471 74.19993,15.35479 74.19966,15.35475 74.19954,15.3547 74.19936,15.35463 74.19933,15.3546 74.19927,15.35457 74.19904,15.35434 74.19899,15.35434 74.19874,15.35434 74.19863,15.35432 74.19838,15.35426 74.19824,15.35424 74.19785,15.35412 74.19763,15.35409 74.19759,15.35407 74.19753,15.35402 74.19741,15.354 74.19702,15.35388 74.19699,15.35387 74.19644,15.35529 74.19506,15.35777 74.19773,15.36057 74.19935,15.36126 74.20127,15.36192 74.20246,15.36209 74.20295,15.36228 74.20495,15.36472 74.2053,15.36478 74.20568,15.36454 74.20623,15.36411 74.20695,15.3629 74.20745,15.36229 74.20759,15.36168 74.2072,15.35993 74.20713,15.35933 74.20738,15.35893 74.20793,15.35829 74.20915,15.35808 74.20982,15.35804 74.21053,15.35836 74.21108,15.35872 74.21167,15.35877 74.21213,15.35865 74.21316,15.35784 74.21381,15.35721 74.21429,15.35705 74.21482,15.357 74.21557,15.35701 74.21668,15.35682 74.21706,15.35665 74.21769,15.35608 74.21797,15.35588 74.21884,15.35581 74.21933,15.35579 74.21998,15.35525 74.22032,15.35527 74.22116,15.35564 74.22156,15.35574 74.22203,15.35577 74.22235,15.35577 74.2226,15.35589 74.22279,15.35627 74.22328,15.35655 74.22418,15.35652 74.2253,15.35637 74.22581,15.35645 74.22627,15.35666 74.22687,15.35747 74.22814,15.35927 74.22879,15.3604 74.22887,15.36119 74.22886,15.36254 74.229,15.36306 74.22941,15.36348 74.22955,15.3637 74.22984,15.36379 74.23009,15.36392 74.23027,15.364 74.23062,15.36419 74.23076,15.36424 74.23115,15.36441 74.23122,15.36446 74.23129,15.3645 74.23142,15.3645 74.23152,15.36454 74.23177,15.36458 74.23193,15.36463 74.23209,15.36465 74.23221,15.36471 74.23235,15.36473 74.23247,15.36477 74.2327,15.36488 74.23276,15.36487 74.2328,15.36487 74.23283,15.36488 74.23286,15.36491 74.23293,15.36501 74.233,15.36515 74.23305,15.36528 74.23318,15.36547 74.23324,15.36551 74.23348,15.36562 74.23354,15.36566 74.2336,15.36571 74.23368,15.3658 74.23376,15.36593 74.23396,15.36613 74.23413,15.36632 74.23422,15.36641 74.23453,15.36677 74.23455,15.36678 74.23475,15.36684 74.23482,15.36685 74.23501,15.36692 74.23517,15.36701 74.23519,15.36704 74.23526,15.3671 74.2353,15.36716 74.23533,15.36724 74.23536,15.36741 74.23536,15.36755 74.23538,15.3678 74.23542,15.36794 74.23545,15.36801 74.23549,15.36813 74.23558,15.36827 74.23573,15.36841 74.23584,15.3685 74.236,15.36866 74.23608,15.36872 74.23674,15.36909 74.2373,15.36941 74.238,15.36943 74.23898,15.36932 74.23965,15.36944 74.24024,15.36955 74.24084,15.36941 74.24135,15.36936 74.2421,15.369 74.24271,15.36873 74.24316,15.36867 74.24359,15.36875 74.24422,15.36949 74.24538,15.37068 74.24629,15.3716 74.24701,15.37218 74.24769,15.37224 74.24922,15.37042 74.25026,15.36936 74.24995,15.36672 74.25046,15.36656 74.25112,15.36633 74.25158,15.36615 74.25212,15.36589 74.25231,15.36583 74.25267,15.36587 74.25322,15.36601 74.25354,15.36624 74.25419,15.36709 74.25459,15.36809 74.25482,15.36853 74.25522,15.36893 74.25554,15.3693 74.25579,15.36971 74.25608,15.3702 74.2565,15.37106 74.25676,15.37169 74.25709,15.3721 74.25741,15.37244 74.25776,15.37295 74.25823,15.37356 74.25873,15.37395 74.2589,15.37401 74.25924,15.37394 74.25962,15.37378 74.2599,15.37374 74.26012,15.3731 74.26034,15.37235 74.26049,15.37174 74.26069,15.37128 74.2609,15.3709 74.26121,15.37074 74.26158,15.37061 74.26175,15.37054</coordinates></LinearRing></outerBoundaryIs></Polygon></MultiGeometry>
  </Placemark>
  <Placemark id="WG_ESA_2024_GA.73">
	<name>Darbandora</name>
	<Style><LineStyle><color>ff0000ff</color></LineStyle><PolyStyle><fill>0</fill></PolyStyle></Style>
	<ExtendedData><SchemaData schemaUrl="#WG_ESA_2024_GA">
		<SimpleData name="esa_category">whole_village</SimpleData>
		<SimpleData name="area_km2">40.699</SimpleData>
	</SchemaData></ExtendedData>
      <MultiGeometry><Polygon><outerBoundaryIs><LinearRing><coordinates>74.14048,15.43392 74.14001,15.43279 74.13967,15.43187 74.13953,15.43083 74.13957,15.43008 74.14002,15.42922 74.14035,15.42891 74.14126,15.4287 74.14245,15.42834 74.14372,15.42789 74.14445,15.42757 74.14464,15.42726 74.14466,15.42678 74.14434,15.42633 74.14371,15.42598 74.14326,15.4256 74.14313,15.42511 74.14311,15.42409 74.14298,15.42312 74.14306,15.42234 74.1432,15.42158 74.14358,15.42094 74.14389,15.42076 74.14309,15.41972 74.14316,15.41937 74.14382,15.41875 74.14399,15.4179 74.1441,15.41651 74.14399,15.41472 74.14375,15.41424 74.14356,15.41367 74.14367,15.41302 74.14413,15.41217 74.14471,15.4115 74.14547,15.41105 74.14674,15.41044 74.14764,15.41005 74.14873,15.40937 74.14991,15.40811 74.15094,15.40707 74.15174,15.4062 74.15234,15.40551 74.15338,15.4043 74.15489,15.40211 74.15509,15.40146 74.15529,15.40047 74.15547,15.4004 74.15691,15.39987 74.15887,15.39834 74.16045,15.39715 74.16106,15.39653 74.16166,15.3956 74.16304,15.39394 74.16449,15.39258 74.16391,15.39189 74.16329,15.39125 74.16267,15.39071 74.16212,15.39054 74.16097,15.39047 74.16006,15.3904 74.15957,15.39012 74.15917,15.38991 74.15889,15.38935 74.15876,15.38872 74.15899,15.3881 74.15944,15.38761 74.15998,15.38747 74.16108,15.38728 74.16123,15.38719 74.16268,15.38545 74.1644,15.38377 74.16345,15.38132 74.16292,15.38065 74.16285,15.37897 74.16255,15.37696 74.16241,15.37645 74.16201,15.37588 74.16137,15.3746 74.16072,15.3734 74.16057,15.37227 74.16037,15.37167 74.15963,15.37003 74.15908,15.36825 74.1587,15.36706 74.15796,15.36599 74.15738,15.36449 74.15647,15.36266 74.15583,15.36186 74.15495,15.36119 74.15319,15.36025 74.15234,15.35966 74.15189,15.35885 74.15165,15.35811 74.15123,15.35761 74.15115,15.35764 74.15063,15.35792 74.15033,15.35805 74.15025,15.3581 74.14984,15.35825 74.14977,15.35827 74.14967,15.35831 74.14957,15.35833 74.14942,15.35835 74.1491,15.3583 74.14891,15.35831 74.14841,15.35839 74.14821,15.35839 74.14806,15.35837 74.14801,15.35837 74.14793,15.35835 74.14769,15.35824 74.14724,15.3581 74.14689,15.35802 74.14675,15.35797 74.14663,15.35793 74.14653,15.35784 74.14647,15.35776 74.14646,15.35768 74.14645,15.35726 74.14637,15.35678 74.14633,15.35629 74.1463,15.35606 74.14628,15.35576 74.14623,15.35558 74.14619,15.35551 74.1461,15.3554 74.14597,15.35526 74.14592,15.35524 74.14586,15.35521 74.14568,15.35518 74.14549,15.35518 74.14533,15.35518 74.14528,15.35517 74.14495,15.35503 74.14486,15.35514 74.14425,15.35575 74.14306,15.3563 74.14191,15.35684 74.14142,15.35691 74.14062,15.35673 74.13925,15.35644 74.13856,15.35661 74.138,15.35701 74.13755,15.35729 74.13721,15.35742 74.1365,15.35761 74.13558,15.35753 74.13513,15.35722 74.13456,15.3564 74.13416,15.35612 74.13362,15.35608 74.13325,15.35613 74.13268,15.35631 74.13219,15.35641 74.13175,15.35633 74.13156,15.35614 74.1314,15.35559 74.1314,15.35476 74.13133,15.35406 74.1312,15.35381 74.13097,15.35357 74.13041,15.35316 74.12961,15.35266 74.12892,15.35228 74.12835,15.35213 74.1278,15.35211 74.12745,15.35216 74.12717,15.35238 74.12686,15.35286 74.12648,15.35369 74.1263,15.35457 74.12634,15.35504 74.12655,15.35536 74.12744,15.35616 74.12756,15.3564 74.12755,15.35655 74.12729,15.35681 74.12644,15.35756 74.12569,15.35804 74.1249,15.35822 74.12408,15.35838 74.12369,15.35835 74.12318,15.35798 74.12265,15.35761 74.12211,15.35716 74.1218,15.35682 74.12118,15.35649 74.12058,15.35639 74.12007,15.35643 74.11974,15.3566 74.11938,15.35708 74.11932,15.35772 74.11946,15.35854 74.11993,15.35955 74.12068,15.361 74.12066,15.36142 74.12019,15.36186 74.11968,15.36265 74.1191,15.3633 74.11879,15.36363 74.11815,15.36375 74.11775,15.36341 74.11739,15.36317 74.11715,15.36326 74.11662,15.36358 74.11586,15.36401 74.11537,15.36427 74.11482,15.36462 74.11424,15.3652 74.11344,15.36543 74.11295,15.36565 74.1125,15.36554 74.11215,15.3652 74.11199,15.3647 74.11179,15.36287 74.11162,15.36175 74.11064,15.36084 74.11017,15.36022 74.10968,15.35988 74.10913,15.3597 74.10779,15.36041 74.10726,15.36115 74.10689,15.36173 74.10631,15.36199 74.10586,15.36214 74.10539,15.36229 74.10473,15.36268 74.10434,15.36277 74.10432,15.36286 74.10429,15.36303 74.10429,15.36306 74.10429,15.36311 74.10427,15.36342 74.10429,15.36371 74.10431,15.36383 74.10434,15.36398 74.10437,15.36422 74.10439,15.36434 74.10433,15.36487 74.10424,15.36502 74.10415,15.36516 74.10394,15.36526 74.10384,15.36531 74.10377,15.36534 74.10341,15.3654 74.1034,15.3654 74.10268,15.36533 74.10224,15.36526 74.10217,15.36525 74.10175,15.3654 74.10167,15.36543 74.10153,15.3656 74.10143,15.36573 74.10131,15.36599 74.10133,15.36658 74.10156,15.36731 74.10163,15.36756 74.10175,15.36796 74.10195,15.36858 74.10196,15.36873 74.10201,15.36914 74.10194,15.36939 74.10149,15.37002 74.10096,15.37059 74.10076,15.37089 74.10073,15.37097 74.10063,15.3713 74.10058,15.37166 74.10066,15.37201 74.1007,15.37223 74.10079,15.37285 74.10075,15.37332 74.10095,15.37368 74.10287,15.37717 74.10843,15.38723 74.10943,15.39563 74.1101,15.40209 74.11177,15.41306 74.10982,15.41894 74.10956,15.42088 74.11007,15.4228 74.11005,15.42398 74.11003,15.42466 74.11019,15.42516 74.11068,15.42675 74.11068,15.42724 74.11068,15.42783 74.11171,15.42867 74.11229,15.42915 74.11362,15.43023 74.11526,15.43077 74.11657,15.43134 74.11696,15.4315 74.11828,15.43159 74.11905,15.43224 74.11943,15.43284 74.11944,15.43284 74.12032,15.43434 74.12202,15.43578 74.1229,15.43637 74.12339,15.43687 74.12383,15.43731 74.1241,15.4378 74.12417,15.4378 74.12442,15.43781 74.12492,15.43781 74.12512,15.43783 74.12537,15.43778 74.12542,15.43775 74.12563,15.43762 74.12587,15.43749 74.12634,15.43716 74.12697,15.43674 74.12743,15.43633 74.12748,15.43633 74.12816,15.43622 74.12915,15.43605 74.12986,15.43595 74.13043,15.43582 74.13046,15.4358 74.13081,15.43555 74.13144,15.43519 74.13191,15.43486 74.13199,15.43483 74.13245,15.43465 74.13246,15.43465 74.13275,15.43465 74.13301,15.43465 74.13348,15.43474 74.13388,15.43496 74.13431,15.43516 74.13469,15.43543 74.13544,15.43567 74.13651,15.4362 74.1369,15.43636 74.13705,15.43663 74.13775,15.43792 74.1378,15.43801 74.1378,15.43788 74.1378,15.4377 74.13756,15.43715 74.13773,15.43645 74.1381,15.43602 74.1386,15.43577 74.1396,15.43546 74.14044,15.43508 74.14053,15.43468 74.14048,15.43392</coordinates></LinearRing></outerBoundaryIs></Polygon></MultiGeometry>
  </Placemark>
  <Placemark id="WG_ESA_2024_GA.74">
	<name>Moissal</name>
	<Style><LineStyle><color>ff0000ff</color></LineStyle><PolyStyle><fill>0</fill></PolyStyle></Style>
	<ExtendedData><SchemaData schemaUrl="#WG_ESA_2024_GA">
		<SimpleData name="esa_category">whole_village</SimpleData>
		<SimpleData name="area_km2">2.87</SimpleData>
	</SchemaData></ExtendedData>
      <MultiGeometry><Polygon><outerBoundaryIs><LinearRing><coordinates>74.11017,15.30308 74.10985,15.30276 74.10942,15.30185 74.10906,15.30125 74.10861,15.30075 74.10858,15.30036 74.1086,15.29922 74.10861,15.29819 74.10848,15.29765 74.10825,15.29737 74.10773,15.29681 74.10756,15.29649 74.10729,15.29602 74.10679,15.29492 74.10666,15.29481 74.10614,15.29435 74.1059,15.29407 74.10574,15.29378 74.10542,15.2935 74.10507,15.29318 74.10467,15.29276 74.10431,15.29254 74.10424,15.2925 74.10402,15.29228 74.10309,15.29151 74.10289,15.29098 74.10285,15.29094 74.10257,15.29068 74.10209,15.29037 74.10208,15.29037 74.10187,15.29016 74.10186,15.29015 74.1018,15.29008 74.10172,15.29012 74.09978,15.29123 74.09856,15.29252 74.09855,15.29253 74.09853,15.29253 74.09845,15.29256 74.09827,15.2926 74.09825,15.2926 74.09805,15.29269 74.09804,15.2927 74.09803,15.29271 74.09796,15.29276 74.09791,15.2928 74.09788,15.29282 74.09787,15.29284 74.0978,15.29292 74.09776,15.29296 74.09771,15.29301 74.0977,15.29303 74.09768,15.29306 74.09752,15.29323 74.09733,15.29349 74.09725,15.29357 74.09704,15.29373 74.09685,15.29383 74.0968,15.29386 74.09673,15.29387 74.09672,15.29388 74.09658,15.29394 74.0965,15.29399 74.09647,15.29402 74.09645,15.29404 74.09642,15.29406 74.09641,15.29407 74.09639,15.2941 74.09633,15.2942 74.09633,15.29422 74.0963,15.29434 74.09629,15.29441 74.09628,15.29443 74.09625,15.2945 74.09618,15.29462 74.09616,15.29465 74.09611,15.2947 74.09605,15.29476 74.09602,15.29478 74.09601,15.29478 74.096,15.29481 74.09593,15.29485 74.09584,15.29493 74.0958,15.29498 74.09561,15.29522 74.09551,15.29536 74.09551,15.29537 74.0955,15.2954 74.09545,15.29544 74.09544,15.29546 74.09539,15.29555 74.09527,15.29572 74.09524,15.29573 74.09523,15.29574 74.09522,15.29575 74.09511,15.29579 74.09494,15.29585 74.09478,15.29588 74.09477,15.29588 74.09459,15.29588 74.09454,15.29589 74.09451,15.2959 74.09448,15.29592 74.09445,15.29593 74.0944,15.29596 74.09412,15.29607 74.09411,15.29608 74.0927,15.29574 74.09266,15.29573 74.09265,15.29573 74.09187,15.2967 74.09184,15.29674 74.0915,15.29672 74.09121,15.2967 74.09115,15.2967 74.09113,15.2967 74.09105,15.29727 74.09101,15.29818 74.09098,15.29871 74.09061,15.29895 74.09048,15.29904 74.09045,15.29906 74.08974,15.29926 74.08803,15.29974 74.08795,15.29977 74.08829,15.30165 74.08835,15.30244 74.08836,15.30249 74.08842,15.30259 74.08862,15.30288 74.08887,15.30324 74.08966,15.30361 74.08985,15.30375 74.09045,15.30416 74.09135,15.30396 74.09193,15.30379 74.09278,15.30344 74.09308,15.30338 74.0937,15.30347 74.09528,15.30379 74.09612,15.304 74.09703,15.30444 74.09814,15.30499 74.09926,15.30543 74.09987,15.30576 74.10074,15.30611 74.1012,15.30632 74.10189,15.3065 74.10264,15.30654 74.10353,15.30661 74.1042,15.30674 74.10482,15.30691 74.1053,15.30704 74.10591,15.30714 74.10653,15.30723 74.10807,15.30764 74.10894,15.30788 74.10998,15.30843 74.11087,15.30865 74.11245,15.30913 74.11366,15.30955 74.11454,15.30964 74.11602,15.30973 74.11687,15.30983 74.11808,15.30997 74.11782,15.30979 74.11695,15.30947 74.11635,15.30904 74.11562,15.30831 74.11473,15.30777 74.1135,15.30708 74.11279,15.30663 74.11187,15.30577 74.11181,15.30528 74.11156,15.30477 74.11127,15.30415 74.11091,15.3037 74.11017,15.30308</coordinates></LinearRing></outerBoundaryIs></Polygon></MultiGeometry>
  </Placemark>
  <Placemark id="WG_ESA_2024_GA.75">
	<name>Molem</name>
	<Style><LineStyle><color>ff0000ff</color></LineStyle><PolyStyle><fill>0</fill></PolyStyle></Style>
	<ExtendedData><SchemaData schemaUrl="#WG_ESA_2024_GA">
		<SimpleData name="esa_category">whole_village</SimpleData>
		<SimpleData name="area_km2">37.268</SimpleData>
	</SchemaData></ExtendedData>
      <MultiGeometry><Polygon><outerBoundaryIs><LinearRing><coordinates>74.2605,15.42134 74.26124,15.42093 74.26194,15.4204 74.26269,15.42013 74.26337,15.41956 74.26397,15.4192 74.26441,15.41919 74.26519,15.41915 74.26551,15.41912 74.26604,15.41857 74.2663,15.41833 74.26878,15.4191 74.26879,15.41908 74.26915,15.4184 74.26937,15.41797 74.27041,15.41596 74.27046,15.41593 74.27137,15.41538 74.27217,15.41489 74.27227,15.41483 74.27432,15.41358 74.27447,15.41337 74.27447,15.41336 74.2745,15.41331 74.27472,15.41297 74.27473,15.41296 74.27475,15.41289 74.27497,15.41213 74.27498,15.4121 74.27499,15.41207 74.27508,15.41178 74.2755,15.41032 74.27556,15.41017 74.27618,15.40853 74.27622,15.40843 74.27624,15.40839 74.27636,15.4082 74.27664,15.40774 74.2768,15.40748 74.27773,15.40644 74.2778,15.40636 74.27791,15.40621 74.27827,15.40573 74.2783,15.40569 74.2782,15.40519 74.2781,15.40467 74.27785,15.40332 74.27782,15.40314 74.27771,15.40258 74.2777,15.40251 74.27766,15.4023 74.27736,15.40051 74.27713,15.39918 74.27681,15.39723 74.27677,15.39702 74.2767,15.39659 74.27669,15.39652 74.27605,15.39264 74.27601,15.39242 74.27599,15.3923 74.27595,15.39203 74.27593,15.39194 74.27588,15.39162 74.27587,15.39159 74.27623,15.39113 74.27632,15.39103 74.27652,15.39077 74.2782,15.38866 74.27929,15.38728 74.27983,15.38662 74.27983,15.38661 74.28032,15.38599 74.28052,15.38574 74.28207,15.38398 74.28087,15.38248 74.28033,15.38204 74.27974,15.38195 74.27932,15.38186 74.27898,15.38134 74.27818,15.3809 74.27708,15.38027 74.27564,15.37947 74.27413,15.37883 74.27354,15.37844 74.27272,15.37775 74.27209,15.37717 74.27103,15.37643 74.27011,15.37567 74.2697,15.37523 74.26915,15.37475 74.26865,15.37435 74.26813,15.37402 74.26755,15.37372 74.26724,15.3736 74.26676,15.37325 74.26624,15.37288 74.26565,15.37255 74.26511,15.37234 74.26466,15.37224 74.2643,15.37211 74.26405,15.37209 74.26364,15.37173 74.26336,15.37149 74.2632,15.37139 74.26283,15.37133 74.26252,15.37137 74.26221,15.37153 74.26173,15.37211 74.26122,15.37266 74.26091,15.37318 74.26048,15.37367 74.26029,15.37389 74.25992,15.37387 74.2599,15.37374 74.25962,15.37378 74.25924,15.37394 74.2589,15.37401 74.25873,15.37395 74.25823,15.37356 74.25776,15.37295 74.25741,15.37244 74.25709,15.3721 74.25676,15.37169 74.2565,15.37106 74.25608,15.3702 74.25579,15.36971 74.25554,15.3693 74.25522,15.36893 74.25482,15.36853 74.25459,15.36809 74.25419,15.36709 74.25354,15.36624 74.25322,15.36601 74.25267,15.36587 74.25231,15.36583 74.25212,15.36589 74.25158,15.36615 74.25112,15.36633 74.25046,15.36656 74.24995,15.36672 74.25026,15.36936 74.24922,15.37042 74.24769,15.37224 74.24701,15.37218 74.24629,15.3716 74.24538,15.37068 74.24422,15.36949 74.24359,15.36875 74.24316,15.36867 74.24271,15.36873 74.2421,15.369 74.24135,15.36936 74.24084,15.36941 74.24024,15.36955 74.23965,15.36944 74.23898,15.36932 74.238,15.36943 74.2373,15.36941 74.23674,15.36909 74.23608,15.36872 74.236,15.36866 74.23584,15.3685 74.23573,15.36841 74.23558,15.36827 74.23549,15.36813 74.23545,15.36801 74.23542,15.36794 74.23538,15.3678 74.23536,15.36755 74.23536,15.36741 74.23533,15.36724 74.2353,15.36716 74.23526,15.3671 74.23519,15.36704 74.23517,15.36701 74.23501,15.36692 74.23482,15.36685 74.23475,15.36684 74.23455,15.36678 74.23453,15.36677 74.23422,15.36641 74.23413,15.36632 74.23396,15.36613 74.23376,15.36593 74.23368,15.3658 74.2336,15.36571 74.23354,15.36566 74.23348,15.36562 74.23324,15.36551 74.23318,15.36547 74.23305,15.36528 74.233,15.36515 74.23293,15.36501 74.23286,15.36491 74.23283,15.36488 74.2328,15.36487 74.23276,15.36487 74.2327,15.36488 74.23247,15.36477 74.23235,15.36473 74.23221,15.36471 74.23209,15.36465 74.23193,15.36463 74.23177,15.36458 74.23152,15.36454 74.23142,15.3645 74.23129,15.3645 74.23122,15.36446 74.23115,15.36441 74.23076,15.36424 74.23062,15.36419 74.23027,15.364 74.23009,15.36392 74.22984,15.36379 74.22955,15.3637 74.22941,15.36348 74.229,15.36306 74.22886,15.36254 74.22887,15.36119 74.22879,15.3604 74.22814,15.35927 74.22687,15.35747 74.22627,15.35666 74.22581,15.35645 74.2253,15.35637 74.22418,15.35652 74.22328,15.35655 74.22279,15.35627 74.2226,15.35589 74.22235,15.35577 74.22203,15.35577 74.22156,15.35574 74.22116,15.35564 74.22032,15.35527 74.21998,15.35525 74.21933,15.35579 74.21884,15.35581 74.21797,15.35588 74.21769,15.35608 74.21706,15.35665 74.21668,15.35682 74.21557,15.35701 74.21482,15.357 74.21429,15.35705 74.21381,15.35721 74.21316,15.35784 74.21213,15.35865 74.21167,15.35877 74.21108,15.35872 74.21053,15.35836 74.20982,15.35804 74.20915,15.35808 74.20793,15.35829 74.20738,15.35893 74.20713,15.35933 74.2072,15.35993 74.20759,15.36168 74.20745,15.36229 74.20695,15.3629 74.20623,15.36411 74.20568,15.36454 74.2053,15.36478 74.20495,15.36472 74.20295,15.36228 74.20246,15.36209 74.20127,15.36192 74.19935,15.36126 74.19773,15.36057 74.19722,15.36379 74.1971,15.36467 74.19693,15.36567 74.19615,15.36658 74.19539,15.36706 74.19445,15.36739 74.19385,15.36794 74.19294,15.36898 74.19394,15.37085 74.19433,15.37119 74.19484,15.3713 74.19537,15.37158 74.19584,15.37202 74.1959,15.37225 74.19578,15.37264 74.19566,15.37303 74.19543,15.37407 74.1954,15.37462 74.19605,15.3755 74.19676,15.37589 74.19683,15.37651 74.19703,15.37695 74.19756,15.37788 74.1984,15.3789 74.19947,15.37959 74.20035,15.38009 74.20134,15.38044 74.20256,15.38092 74.20366,15.38152 74.20402,15.38202 74.20426,15.38263 74.20442,15.38303 74.20477,15.38329 74.20629,15.38351 74.20675,15.38351 74.20751,15.38407 74.20881,15.38505 74.21001,15.3856 74.21195,15.38619 74.21288,15.38655 74.21339,15.38683 74.21383,15.38759 74.21418,15.38851 74.21449,15.38897 74.21492,15.38919 74.21681,15.3895 74.21707,15.38971 74.2173,15.39044 74.21735,15.39053 74.21709,15.39073 74.21698,15.3908 74.2169,15.39087 74.21664,15.39105 74.21647,15.39121 74.21639,15.3913 74.21631,15.39139 74.21601,15.39173 74.21597,15.39176 74.21593,15.39179 74.21581,15.39203 74.21576,15.39223 74.21576,15.3923 74.21584,15.3929 74.21584,15.39307 74.21581,15.3933 74.21575,15.39354 74.21565,15.39382 74.21552,15.39409 74.21544,15.3942 74.21535,15.39435 74.2151,15.39468 74.21501,15.39478 74.2149,15.39488 74.21465,15.39506 74.21458,15.39509 74.21486,15.3957 74.21609,15.39615 74.21787,15.39644 74.21944,15.39661 74.22037,15.39691 74.22212,15.39926 74.2226,15.39985 74.22368,15.4002 74.22512,15.40119 74.2257,15.4016 74.22743,15.40172 74.22826,15.40178 74.22962,15.40232 74.23047,15.4031 74.23126,15.40444 74.23173,15.40598 74.23304,15.40821 74.23457,15.41 74.23604,15.41237 74.23685,15.41331 74.23943,15.41508 74.24127,15.41579 74.24246,15.41579 74.24397,15.41575 74.24463,15.41602 74.24556,15.41688 74.24729,15.41766 74.2482,15.4172 74.24905,15.41658 74.24947,15.41591 74.24998,15.41617 74.2514,15.41903 74.25315,15.42034 74.25447,15.42104 74.25587,15.42157 74.25676,15.42193 74.25719,15.42211 74.2575,15.42202 74.25775,15.42191 74.25833,15.42162 74.25861,15.42161 74.25906,15.42191 74.25922,15.42208 74.25941,15.4222 74.25998,15.42182 74.2605,15.42134</coordinates></LinearRing></outerBoundaryIs></Polygon></MultiGeometry>
  </Placemark>
  <Placemark id="WG_ESA_2024_GA.76">
	<name>Piliem</name>
	<Style><LineStyle><color>ff0000ff</color></LineStyle><PolyStyle><fill>0</fill></PolyStyle></Style>
	<ExtendedData><SchemaData schemaUrl="#WG_ESA_2024_GA">
		<SimpleData name="esa_category">bifurcated_village</SimpleData>
		<SimpleData name="area_km2">15.173</SimpleData>
	</SchemaData></ExtendedData>
      <MultiGeometry><Polygon><outerBoundaryIs><LinearRing><coordinates>74.10854,15.42018 74.1093,15.41886 74.10931,15.41886 74.10936,15.41887 74.10982,15.41894 74.11177,15.41306 74.1101,15.40209 74.10943,15.39563 74.10843,15.38723 74.10287,15.37717 74.10095,15.37368 74.10075,15.37332 74.1006,15.37356 74.10054,15.37365 74.10034,15.37376 74.10029,15.37379 74.10016,15.37382 74.10003,15.37385 74.10002,15.37385 74.09969,15.37387 74.09926,15.37389 74.09877,15.37389 74.09835,15.37389 74.09834,15.37389 74.09801,15.37398 74.098,15.37398 74.09794,15.374 74.09788,15.37404 74.09767,15.3742 74.09753,15.3747 74.09736,15.3752 74.09713,15.37543 74.09658,15.37564 74.09651,15.37566 74.09605,15.3758 74.09569,15.37586 74.09568,15.37586 74.09521,15.3758 74.09482,15.37558 74.09464,15.37537 74.09447,15.37517 74.09442,15.37509 74.09413,15.3746 74.09403,15.37441 74.09397,15.3743 74.0939,15.37418 74.09375,15.374 74.09374,15.374 74.09366,15.37401 74.09353,15.37404 74.09346,15.37406 74.09335,15.37425 74.09332,15.37429 74.09326,15.3745 74.09322,15.37462 74.09322,15.37472 74.09316,15.37549 74.09318,15.3757 74.09319,15.3759 74.09327,15.37613 74.09337,15.3763 74.09343,15.37642 74.09357,15.37672 74.09358,15.37684 74.09359,15.377 74.09361,15.37747 74.09374,15.37773 74.09384,15.37786 74.09397,15.37804 74.09426,15.37874 74.09428,15.37878 74.09429,15.37882 74.0944,15.37923 74.09462,15.37953 74.09464,15.37956 74.09471,15.37958 74.09496,15.37964 74.09497,15.37964 74.09517,15.37956 74.09527,15.37952 74.09547,15.37938 74.0955,15.37937 74.0958,15.37894 74.09584,15.37887 74.09603,15.37854 74.09647,15.378 74.09655,15.37789 74.09662,15.37784 74.09694,15.37759 74.097,15.37758 74.09708,15.37756 74.09751,15.37748 74.09752,15.37748 74.09757,15.37748 74.09789,15.3775 74.09835,15.37779 74.09844,15.37801 74.0985,15.37814 74.09853,15.37822 74.09853,15.37853 74.09844,15.37875 74.09834,15.37887 74.09825,15.37899 74.09806,15.37926 74.09773,15.37971 74.09749,15.38002 74.09718,15.38041 74.09693,15.38072 74.09661,15.38136 74.09659,15.3814 74.09646,15.38178 74.09633,15.38209 74.09608,15.38243 74.096,15.38248 74.09584,15.38258 74.09576,15.38263 74.09574,15.38264 74.09498,15.3829 74.09494,15.38292 74.09493,15.38292 74.09416,15.38329 74.0941,15.38331 74.09342,15.38349 74.09326,15.38353 74.09246,15.38361 74.09195,15.38364 74.09183,15.38362 74.09173,15.3836 74.09162,15.38358 74.09161,15.38358 74.0915,15.38345 74.09151,15.38305 74.09153,15.38245 74.09146,15.38227 74.09139,15.38209 74.09138,15.38208 74.09112,15.38174 74.09099,15.3817 74.09081,15.38165 74.0908,15.38165 74.09059,15.38173 74.09058,15.38173 74.09051,15.38176 74.09028,15.38218 74.09025,15.38238 74.09021,15.38262 74.09016,15.38282 74.09016,15.38284 74.09014,15.38289 74.0901,15.38307 74.08998,15.38332 74.08979,15.3837 74.08954,15.3844 74.08937,15.38513 74.08932,15.38535 74.0893,15.38595 74.08928,15.38644 74.08926,15.38665 74.08916,15.3869 74.089,15.3873 74.08891,15.38764 74.08891,15.3877 74.0889,15.38808 74.0889,15.3883 74.08889,15.38853 74.08879,15.38901 74.08866,15.38932 74.08861,15.38942 74.08853,15.3899 74.08847,15.39029 74.08841,15.39051 74.08829,15.39091 74.08787,15.3914 74.08748,15.39156 74.08747,15.39156 74.08737,15.39156 74.08714,15.39158 74.08692,15.3915 74.08678,15.39145 74.08635,15.39117 74.086,15.39078 74.08573,15.39046 74.0853,15.39009 74.08492,15.38992 74.08454,15.38975 74.08408,15.38977 74.08405,15.38978 74.08404,15.38978 74.08374,15.38999 74.08367,15.39011 74.08355,15.39031 74.08343,15.39075 74.08337,15.39096 74.08303,15.3915 74.08263,15.39193 74.08237,15.39219 74.08132,15.39301 74.08084,15.39362 74.08077,15.39407 74.08073,15.39428 74.08069,15.39466 74.08066,15.395 74.08045,15.39544 74.08043,15.39547 74.08033,15.39549 74.0802,15.39551 74.08018,15.39551 74.08001,15.39545 74.07989,15.3954 74.07981,15.39531 74.07964,15.39514 74.07952,15.39491 74.07939,15.39465 74.07938,15.3946 74.07912,15.39386 74.07876,15.39298 74.0786,15.39266 74.0784,15.39227 74.07831,15.39209 74.07769,15.39156 74.07765,15.39153 74.07693,15.39118 74.07667,15.39119 74.07648,15.3912 74.07644,15.3912 74.07643,15.3912 74.07611,15.39151 74.07603,15.39168 74.07588,15.39199 74.07554,15.39307 74.07534,15.39391 74.07511,15.39486 74.07498,15.3957 74.07498,15.39572 74.075,15.39609 74.07516,15.39662 74.07545,15.39708 74.07588,15.39767 74.07599,15.39783 74.07606,15.39789 74.07665,15.39853 74.07672,15.39866 74.07699,15.39915 74.07708,15.39942 74.07708,15.39943 74.07686,15.4 74.07643,15.40052 74.07634,15.40056 74.07631,15.40057 74.07622,15.40061 74.07599,15.40062 74.07575,15.40063 74.07532,15.40058 74.07498,15.40055 74.07455,15.40065 74.07441,15.40068 74.07435,15.4007 74.07392,15.40107 74.07351,15.40167 74.07332,15.40228 74.07327,15.40242 74.07319,15.40259 74.07294,15.40292 74.07287,15.403 74.07269,15.40321 74.07219,15.40377 74.07165,15.40458 74.07181,15.40533 74.07229,15.40605 74.07345,15.40763 74.0742,15.40863 74.07438,15.40939 74.07425,15.40977 74.07414,15.41008 74.07394,15.41031 74.07358,15.41072 74.07193,15.41202 74.0713,15.41252 74.07129,15.41253 74.07136,15.41254 74.07149,15.41255 74.07166,15.41272 74.07167,15.41273 74.07197,15.41296 74.07205,15.413 74.07226,15.41311 74.07266,15.41326 74.07307,15.41347 74.07386,15.41385 74.07402,15.41393 74.0742,15.414 74.07521,15.4144 74.07624,15.41485 74.07673,15.41506 74.07766,15.41548 74.07799,15.41563 74.07815,15.4157 74.07861,15.41591 74.07944,15.41628 74.08011,15.41664 74.08058,15.41687 74.08252,15.41768 74.08274,15.41798 74.08286,15.41813 74.08335,15.41879 74.0835,15.41902 74.08379,15.41944 74.08422,15.42002 74.08423,15.42002 74.08434,15.42013 74.08446,15.42021 74.08459,15.42025 74.0847,15.42028 74.08493,15.42036 74.08533,15.42036 74.0858,15.42038 74.0862,15.4204 74.08648,15.42043 74.08734,15.42055 74.08783,15.42069 74.08817,15.42078 74.09046,15.42167 74.0905,15.42168 74.09114,15.42186 74.09175,15.42219 74.09177,15.4222 74.09182,15.42222 74.09224,15.42236 74.09575,15.42361 74.09835,15.4247 74.10067,15.42585 74.10321,15.42713 74.10349,15.42727 74.1035,15.42727 74.10354,15.42725 74.10379,15.42717 74.1038,15.42716 74.10491,15.42558 74.1064,15.42347 74.10821,15.42078 74.10854,15.42018</coordinates></LinearRing></outerBoundaryIs></Polygon></MultiGeometry>
  </Placemark>
  <Placemark id="WG_ESA_2024_GA.77">
	<name>Sancordem</name>
	<Style><LineStyle><color>ff0000ff</color></LineStyle><PolyStyle><fill>0</fill></PolyStyle></Style>
	<ExtendedData><SchemaData schemaUrl="#WG_ESA_2024_GA">
		<SimpleData name="esa_category">whole_village</SimpleData>
		<SimpleData name="area_km2">21.609</SimpleData>
	</SchemaData></ExtendedData>
      <MultiGeometry><Polygon><outerBoundaryIs><LinearRing><coordinates>74.17699,15.41005 74.17737,15.40962 74.1779,15.40951 74.17861,15.40877 74.17933,15.40838 74.18096,15.40792 74.18296,15.40737 74.18393,15.40729 74.18409,15.40796 74.18477,15.40824 74.18656,15.4082 74.18736,15.4079 74.1881,15.40691 74.18832,15.4066 74.18906,15.40648 74.19018,15.40697 74.19078,15.40695 74.19141,15.40643 74.1919,15.40606 74.1923,15.40623 74.19312,15.40733 74.19314,15.4085 74.19314,15.4098 74.19329,15.4105 74.19446,15.41238 74.19489,15.41337 74.19516,15.41408 74.19539,15.41403 74.19547,15.41401 74.19576,15.41388 74.19592,15.4138 74.19599,15.41376 74.19624,15.41362 74.19633,15.41355 74.19649,15.41338 74.19655,15.41334 74.19658,15.41331 74.19666,15.41313 74.19672,15.41289 74.19679,15.41238 74.19681,15.41216 74.1968,15.41214 74.19681,15.41186 74.19682,15.41176 74.19681,15.41163 74.19682,15.4115 74.19684,15.41144 74.19689,15.41139 74.19696,15.41129 74.19697,15.41128 74.19705,15.41118 74.19715,15.41106 74.19745,15.41078 74.19762,15.41062 74.19798,15.41026 74.19803,15.41017 74.19807,15.41012 74.19831,15.40993 74.19852,15.40968 74.19863,15.40959 74.19867,15.40955 74.19878,15.40949 74.19885,15.40942 74.19895,15.40936 74.19902,15.40927 74.19907,15.40924 74.19916,15.40919 74.19927,15.40918 74.19948,15.40916 74.19961,15.40916 74.19989,15.40913 74.20003,15.40913 74.20018,15.40915 74.20062,15.40916 74.2009,15.4091 74.20097,15.40907 74.20127,15.40892 74.20129,15.40889 74.20141,15.40868 74.20158,15.40832 74.20166,15.40807 74.20172,15.40775 74.20179,15.40743 74.20182,15.40721 74.20185,15.40694 74.20191,15.40667 74.202,15.40647 74.20214,15.40631 74.20217,15.40624 74.2022,15.40621 74.20252,15.40599 74.20263,15.40593 74.2028,15.40587 74.20346,15.40569 74.20396,15.40559 74.20411,15.40554 74.20436,15.40543 74.20445,15.40537 74.20472,15.40512 74.20485,15.40502 74.20537,15.40482 74.2056,15.40469 74.20568,15.40464 74.20579,15.40455 74.20587,15.40446 74.20595,15.40423 74.20598,15.40413 74.20599,15.404 74.206,15.40395 74.20601,15.40388 74.20603,15.40381 74.20606,15.40363 74.20611,15.4034 74.20615,15.40328 74.20635,15.40289 74.20645,15.40275 74.20656,15.40261 74.20662,15.40255 74.20682,15.40241 74.20697,15.40232 74.20727,15.40217 74.20777,15.40186 74.20786,15.40177 74.20788,15.40177 74.20796,15.4017 74.20822,15.4014 74.20823,15.40137 74.20829,15.40118 74.2083,15.40114 74.2083,15.401 74.20827,15.40063 74.20826,15.40053 74.20824,15.40048 74.20823,15.40045 74.20814,15.4001 74.20804,15.39981 74.20801,15.39967 74.20797,15.39933 74.20797,15.39924 74.20806,15.39881 74.20809,15.39873 74.20812,15.39857 74.20817,15.39841 74.20818,15.39832 74.20819,15.3981 74.20823,15.39774 74.20823,15.39756 74.20823,15.39741 74.20826,15.39717 74.20826,15.39707 74.20828,15.39693 74.20836,15.39658 74.20838,15.39651 74.20844,15.39644 74.20852,15.39629 74.20861,15.39616 74.20908,15.3955 74.20926,15.39519 74.20942,15.39499 74.20965,15.39477 74.20979,15.39468 74.21007,15.39455 74.21017,15.39451 74.21029,15.39447 74.21055,15.39442 74.21075,15.39441 74.21088,15.3944 74.21097,15.3944 74.21126,15.39445 74.21139,15.39448 74.21152,15.39456 74.21176,15.39475 74.2119,15.39486 74.21207,15.39498 74.2123,15.39509 74.21248,15.39519 74.21259,15.39523 74.21291,15.39533 74.21306,15.39537 74.21333,15.39539 74.21354,15.39539 74.21375,15.39536 74.21385,15.39534 74.21397,15.39529 74.21415,15.39518 74.21458,15.39509 74.21465,15.39506 74.2149,15.39488 74.21501,15.39478 74.2151,15.39468 74.21535,15.39435 74.21544,15.3942 74.21552,15.39409 74.21565,15.39382 74.21575,15.39354 74.21581,15.3933 74.21584,15.39307 74.21584,15.3929 74.21576,15.3923 74.21576,15.39223 74.21581,15.39203 74.21593,15.39179 74.21597,15.39176 74.21601,15.39173 74.21631,15.39139 74.21639,15.3913 74.21647,15.39121 74.21664,15.39105 74.2169,15.39087 74.21698,15.3908 74.21709,15.39073 74.21735,15.39053 74.2173,15.39044 74.21707,15.38971 74.21681,15.3895 74.21492,15.38919 74.21449,15.38897 74.21418,15.38851 74.21383,15.38759 74.21339,15.38683 74.21288,15.38655 74.21195,15.38619 74.21001,15.3856 74.20881,15.38505 74.20751,15.38407 74.20675,15.38351 74.20629,15.38351 74.20477,15.38329 74.20442,15.38303 74.20426,15.38263 74.20402,15.38202 74.20366,15.38152 74.20256,15.38092 74.20134,15.38044 74.20035,15.38009 74.19947,15.37959 74.1984,15.3789 74.19756,15.37788 74.19703,15.37695 74.19683,15.37651 74.19676,15.37589 74.19605,15.3755 74.1954,15.37462 74.19543,15.37407 74.19566,15.37303 74.19578,15.37264 74.1959,15.37225 74.19584,15.37202 74.19537,15.37158 74.19484,15.3713 74.19433,15.37119 74.19394,15.37085 74.19294,15.36898 74.19239,15.36883 74.19166,15.36873 74.19116,15.36874 74.19044,15.36912 74.19017,15.36914 74.18955,15.36919 74.18902,15.36897 74.18817,15.36907 74.18736,15.36943 74.18702,15.37001 74.18664,15.37184 74.18595,15.37348 74.18228,15.37409 74.18193,15.37423 74.17887,15.37546 74.17815,15.37589 74.17656,15.37669 74.1745,15.37754 74.17403,15.37779 74.17323,15.37737 74.17157,15.37698 74.17053,15.3768 74.1693,15.37779 74.16807,15.37867 74.16747,15.38121 74.16679,15.38211 74.16603,15.38312 74.16507,15.38391 74.1644,15.38377 74.16268,15.38545 74.16123,15.38719 74.16108,15.38728 74.15998,15.38747 74.15944,15.38761 74.15899,15.3881 74.15876,15.38872 74.15889,15.38935 74.15917,15.38991 74.15957,15.39012 74.16006,15.3904 74.16097,15.39047 74.16212,15.39054 74.16267,15.39071 74.16329,15.39125 74.16391,15.39189 74.16449,15.39258 74.16304,15.39394 74.16166,15.3956 74.16106,15.39653 74.16045,15.39715 74.15887,15.39834 74.15691,15.39987 74.15547,15.4004 74.15529,15.40047 74.15509,15.40146 74.15489,15.40211 74.15338,15.4043 74.15234,15.40551 74.15174,15.4062 74.15094,15.40707 74.14991,15.40811 74.14873,15.40937 74.14764,15.41005 74.14674,15.41044 74.14547,15.41105 74.14471,15.4115 74.14413,15.41217 74.14367,15.41302 74.14356,15.41367 74.14375,15.41424 74.14399,15.41472 74.1441,15.41651 74.14399,15.4179 74.14382,15.41875 74.14316,15.41937 74.14309,15.41972 74.14389,15.42076 74.14421,15.42051 74.14547,15.42029 74.14698,15.41954 74.14833,15.41874 74.1494,15.4179 74.15016,15.41711 74.15045,15.417 74.15089,15.41698 74.15136,15.41711 74.15199,15.41752 74.15241,15.41757 74.15288,15.41742 74.15345,15.41651 74.15368,15.41601 74.15391,15.4157 74.15467,15.41512 74.15535,15.41433 74.15597,15.41382 74.15631,15.41367 74.15727,15.41365 74.1586,15.41387 74.15972,15.41419 74.16026,15.41422 74.16061,15.41412 74.16084,15.41393 74.16095,15.41375 74.16102,15.41353 74.16115,15.41325 74.16131,15.41302 74.16135,15.41292 74.16139,15.41291 74.16144,15.41286 74.16165,15.4127 74.16209,15.41243 74.1622,15.41236 74.16225,15.41232 74.16247,15.41218 74.16284,15.41197 74.16312,15.41185 74.16355,15.41168 74.16379,15.41161 74.16408,15.41157 74.16419,15.41153 74.16443,15.41142 74.16452,15.41137 74.16478,15.41115 74.16497,15.41096 74.16502,15.41092 74.16532,15.4108 74.16555,15.41073 74.16568,15.41072 74.16583,15.41074 74.16594,15.41077 74.16603,15.41081 74.16613,15.41086 74.16619,15.41091 74.16629,15.41102 74.16635,15.41108 74.16649,15.4113 74.16662,15.41158 74.1667,15.41185 74.16682,15.41242 74.16684,15.41274 74.1669,15.41305 74.16693,15.41342 74.16698,15.41386 74.16699,15.41411 74.16701,15.4142 74.16703,15.41436 74.16708,15.4146 74.16714,15.41479 74.16719,15.415 74.16723,15.41523 74.16729,15.41552 74.16753,15.4165 74.16756,15.41695 74.16765,15.41754 74.16766,15.41772 74.16769,15.41806 74.16774,15.4184 74.16776,15.41876 74.16782,15.41911 74.16789,15.41937 74.16797,15.41984 74.1681,15.4204 74.16812,15.42081 74.16814,15.42103 74.16821,15.42141 74.16823,15.42172 74.1683,15.42214 74.16832,15.42233 74.16835,15.42249 74.16841,15.42271 74.16854,15.42306 74.16859,15.42316 74.16874,15.42337 74.1688,15.42344 74.16885,15.42347 74.16889,15.42349 74.16899,15.4235 74.16911,15.4235 74.16922,15.42347 74.16941,15.42343 74.16974,15.42331 74.16982,15.42327 74.17009,15.42308 74.17043,15.42279 74.17082,15.42242 74.17114,15.42204 74.17128,15.42188 74.17139,15.42177 74.17146,15.42172 74.17189,15.42146 74.17209,15.42136 74.1725,15.42121 74.1726,15.42117 74.17285,15.42108 74.17305,15.42103 74.17324,15.421 74.17346,15.42098 74.17354,15.42097 74.17381,15.42087 74.17388,15.42084 74.17416,15.4206 74.17435,15.42045 74.17445,15.42032 74.17461,15.41989 74.17462,15.41981 74.17462,15.41973 74.17464,15.41959 74.17463,15.41921 74.17461,15.41893 74.17453,15.41851 74.17448,15.41827 74.17435,15.41777 74.17429,15.4176 74.17426,15.41746 74.17425,15.41716 74.17427,15.41691 74.17433,15.41667 74.17439,15.41648 74.17444,15.41626 74.17457,15.41585 74.17464,15.41559 74.17474,15.41532 74.17487,15.41503 74.17511,15.4146 74.17521,15.41445 74.17542,15.41419 74.17561,15.41402 74.17579,15.41387 74.17546,15.41347 74.17625,15.4124 74.17648,15.41155 74.17699,15.41005</coordinates></LinearRing></outerBoundaryIs></Polygon></MultiGeometry>
  </Placemark>
  <Placemark id="WG_ESA_2024_GA.78">
	<name>Sangod</name>
	<Style><LineStyle><color>ff0000ff</color></LineStyle><PolyStyle><fill>0</fill></PolyStyle></Style>
	<ExtendedData><SchemaData schemaUrl="#WG_ESA_2024_GA">
		<SimpleData name="esa_category">whole_village</SimpleData>
		<SimpleData name="area_km2">15.918</SimpleData>
	</SchemaData></ExtendedData>
      <MultiGeometry><Polygon><outerBoundaryIs><LinearRing><coordinates>74.17053,15.3768 74.17157,15.37698 74.17323,15.37737 74.17403,15.37779 74.1745,15.37754 74.17656,15.37669 74.17815,15.37589 74.17887,15.37546 74.18193,15.37423 74.18228,15.37409 74.18595,15.37348 74.18664,15.37184 74.18702,15.37001 74.18736,15.36943 74.18817,15.36907 74.18902,15.36897 74.18955,15.36919 74.19017,15.36914 74.19044,15.36912 74.19116,15.36874 74.19166,15.36873 74.19239,15.36883 74.19294,15.36898 74.19385,15.36794 74.19445,15.36739 74.19539,15.36706 74.19615,15.36658 74.19693,15.36567 74.1971,15.36467 74.19722,15.36379 74.19773,15.36057 74.19506,15.35777 74.19644,15.35529 74.19699,15.35387 74.19679,15.35378 74.19664,15.35369 74.19662,15.35367 74.19654,15.35362 74.19647,15.35356 74.19629,15.35334 74.19614,15.3532 74.19596,15.353 74.19576,15.35287 74.1956,15.35281 74.19554,15.35281 74.19542,15.35279 74.1952,15.35277 74.19487,15.35278 74.19478,15.35277 74.19465,15.35274 74.19436,15.35265 74.19403,15.35248 74.19389,15.3524 74.19379,15.35232 74.1937,15.3522 74.19363,15.35206 74.19349,15.35191 74.19344,15.35185 74.19337,15.35173 74.19322,15.3516 74.19309,15.35146 74.19305,15.35143 74.19295,15.35139 74.19289,15.35134 74.19281,15.35131 74.1927,15.35124 74.19262,15.3512 74.19248,15.35115 74.19223,15.35109 74.19202,15.35106 74.19173,15.35105 74.19152,15.35106 74.19136,15.35109 74.19127,15.35112 74.19115,15.35118 74.19103,15.35126 74.19095,15.3513 74.19057,15.35141 74.19046,15.35148 74.19034,15.3516 74.1902,15.35171 74.19018,15.35174 74.19015,15.35182 74.18999,15.35185 74.18995,15.35187 74.18982,15.3519 74.18972,15.35191 74.1897,15.35189 74.1896,15.35188 74.18957,15.35186 74.18954,15.35184 74.18948,15.35182 74.18945,15.35179 74.18931,15.35173 74.189,15.35158 74.18884,15.35147 74.18841,15.35125 74.18822,15.35114 74.18793,15.35096 74.18783,15.35093 74.1877,15.3509 74.18759,15.35089 74.18749,15.35092 74.18745,15.35095 74.1874,15.351 74.18731,15.35107 74.18728,15.35111 74.18719,15.35121 74.18718,15.35122 74.1871,15.35131 74.18688,15.35159 74.18681,15.35166 74.18677,15.35169 74.18669,15.35172 74.18656,15.35176 74.18646,15.35175 74.1864,15.35173 74.18636,15.35169 74.18627,15.35153 74.18614,15.35141 74.18608,15.35137 74.18602,15.35135 74.18596,15.35133 74.18591,15.35133 74.18585,15.35135 74.18555,15.35148 74.18537,15.35154 74.18518,15.35157 74.18492,15.3505 74.18471,15.34986 74.18423,15.3491 74.18346,15.34835 74.18289,15.34729 74.18299,15.34688 74.18346,15.34621 74.18427,15.34418 74.18416,15.34373 74.1838,15.34291 74.18291,15.3431 74.1822,15.34352 74.18195,15.34359 74.18117,15.34339 74.17908,15.34257 74.179,15.34307 74.17828,15.34341 74.17661,15.34335 74.1753,15.34309 74.17499,15.3428 74.17398,15.34113 74.17391,15.34101 74.17325,15.34027 74.17249,15.3399 74.17203,15.33982 74.17157,15.33985 74.1711,15.33988 74.17101,15.33988 74.17053,15.33998 74.1703,15.34013 74.17011,15.34031 74.17009,15.34034 74.17005,15.34053 74.17015,15.34071 74.17068,15.34114 74.17106,15.34151 74.17108,15.34166 74.17108,15.34176 74.17107,15.34183 74.17103,15.3419 74.17083,15.34207 74.17069,15.34216 74.17058,15.3422 74.17048,15.34221 74.17026,15.34219 74.16967,15.34162 74.16899,15.34091 74.16842,15.34071 74.16784,15.34049 74.16749,15.34014 74.16735,15.34 74.16622,15.33989 74.16513,15.33975 74.16458,15.33939 74.16437,15.33878 74.16399,15.3373 74.16376,15.33673 74.16365,15.33657 74.16348,15.33658 74.16321,15.3367 74.16295,15.33684 74.16225,15.33718 74.16173,15.33726 74.1615,15.33728 74.16106,15.33738 74.16081,15.3375 74.16038,15.3377 74.15992,15.33779 74.15979,15.3379 74.1595,15.33832 74.15929,15.33854 74.1588,15.33867 74.15839,15.33852 74.15807,15.33818 74.15768,15.33761 74.1574,15.33738 74.15695,15.3373 74.15651,15.3373 74.15632,15.33743 74.15629,15.33766 74.15633,15.33791 74.15638,15.33837 74.15643,15.33882 74.15647,15.33931 74.15647,15.33981 74.1565,15.34029 74.15651,15.34031 74.15656,15.34056 74.15662,15.3408 74.15682,15.34105 74.15724,15.3413 74.15802,15.34159 74.15834,15.34171 74.15848,15.34196 74.15847,15.34206 74.15846,15.34227 74.1583,15.34256 74.1582,15.34268 74.1578,15.34293 74.15758,15.34307 74.15735,15.34313 74.15723,15.3431 74.15709,15.34295 74.15678,15.34249 74.15655,15.34218 74.15625,15.34194 74.15562,15.34149 74.15501,15.34103 74.15444,15.34058 74.15436,15.34052 74.15378,15.34007 74.15327,15.33998 74.15291,15.33996 74.15254,15.34005 74.15221,15.34012 74.15181,15.34037 74.1515,15.34052 74.15114,15.34079 74.15103,15.34085 74.15032,15.34158 74.14983,15.34247 74.14978,15.34348 74.14996,15.3444 74.15017,15.34533 74.15039,15.34633 74.1506,15.34679 74.15068,15.34744 74.15068,15.34781 74.1505,15.34814 74.1502,15.34831 74.14974,15.3484 74.14892,15.34858 74.1484,15.34893 74.14819,15.34933 74.14813,15.34966 74.14819,15.35019 74.14829,15.35063 74.14822,15.3509 74.14801,15.35112 74.14775,15.3512 74.14735,15.35123 74.14705,15.35116 74.14676,15.35081 74.1464,15.35019 74.14608,15.34992 74.14565,15.34975 74.14518,15.34959 74.14475,15.34958 74.14425,15.3497 74.14368,15.3499 74.14308,15.35019 74.14282,15.35051 74.14271,15.35105 74.14279,15.35157 74.14293,15.3518 74.14321,15.35186 74.1437,15.35175 74.14452,15.35162 74.14489,15.35166 74.14511,15.35188 74.14522,15.35213 74.14512,15.35279 74.14502,15.35365 74.14504,15.35418 74.14495,15.35503 74.14528,15.35517 74.14533,15.35518 74.14549,15.35518 74.14568,15.35518 74.14586,15.35521 74.14592,15.35524 74.14597,15.35526 74.1461,15.3554 74.14619,15.35551 74.14623,15.35558 74.14628,15.35576 74.1463,15.35606 74.14633,15.35629 74.14637,15.35678 74.14645,15.35726 74.14646,15.35768 74.14647,15.35776 74.14653,15.35784 74.14663,15.35793 74.14675,15.35797 74.14689,15.35802 74.14724,15.3581 74.14769,15.35824 74.14793,15.35835 74.14801,15.35837 74.14806,15.35837 74.14821,15.35839 74.14841,15.35839 74.14891,15.35831 74.1491,15.3583 74.14942,15.35835 74.14957,15.35833 74.14967,15.35831 74.14977,15.35827 74.14984,15.35825 74.15025,15.3581 74.15033,15.35805 74.15063,15.35792 74.15115,15.35764 74.15123,15.35761 74.15165,15.35811 74.15189,15.35885 74.15234,15.35966 74.15319,15.36025 74.15495,15.36119 74.15583,15.36186 74.15647,15.36266 74.15738,15.36449 74.15796,15.36599 74.1587,15.36706 74.15908,15.36825 74.15963,15.37003 74.16037,15.37167 74.16057,15.37227 74.16072,15.3734 74.16137,15.3746 74.16201,15.37588 74.16241,15.37645 74.16255,15.37696 74.16285,15.37897 74.16292,15.38065 74.16345,15.38132 74.1644,15.38377 74.16507,15.38391 74.16603,15.38312 74.16679,15.38211 74.16747,15.38121 74.16807,15.37867 74.1693,15.37779 74.17053,15.3768</coordinates></LinearRing></outerBoundaryIs></Polygon></MultiGeometry>
  </Placemark>
  <Placemark id="WG_ESA_2024_GA.79">
	<name>Sigao</name>
	<Style><LineStyle><color>ff0000ff</color></LineStyle><PolyStyle><fill>0</fill></PolyStyle></Style>
	<ExtendedData><SchemaData schemaUrl="#WG_ESA_2024_GA">
		<SimpleData name="esa_category">whole_village</SimpleData>
		<SimpleData name="area_km2">21.994</SimpleData>
	</SchemaData></ExtendedData>
      <MultiGeometry><Polygon><outerBoundaryIs><LinearRing><coordinates>74.2041,15.3536 74.2046,15.3531 74.20499,15.35283 74.20609,15.35338 74.20628,15.3533 74.20675,15.35283 74.20707,15.35156 74.20799,15.35069 74.20854,15.35039 74.21009,15.35059 74.21213,15.3507 74.21331,15.35042 74.21396,15.35043 74.21486,15.35059 74.21551,15.35123 74.21599,15.35143 74.21722,15.35123 74.21804,15.35103 74.21936,15.35198 74.22022,15.35214 74.22091,15.35226 74.22197,15.35179 74.22282,15.35127 74.22436,15.35058 74.22465,15.3503 74.22503,15.34939 74.22602,15.34778 74.22741,15.34535 74.22855,15.34322 74.22887,15.34273 74.22939,15.34069 74.22984,15.3398 74.23083,15.33878 74.23091,15.33866 74.23076,15.33783 74.23073,15.33714 74.23099,15.33665 74.23154,15.33611 74.2317,15.33579 74.23163,15.33554 74.23113,15.33504 74.2306,15.33455 74.23033,15.33414 74.23024,15.33389 74.23058,15.33346 74.23133,15.33312 74.23231,15.33311 74.2328,15.33288 74.23281,15.33269 74.2329,15.33254 74.23292,15.33249 74.23299,15.33209 74.23303,15.33195 74.23306,15.3318 74.23308,15.33175 74.23309,15.33166 74.23312,15.3316 74.23313,15.3311 74.2332,15.33099 74.23332,15.33083 74.23334,15.33081 74.23344,15.33077 74.23348,15.33077 74.23366,15.33071 74.23369,15.33069 74.23375,15.33067 74.23392,15.33064 74.23418,15.33064 74.23432,15.33064 74.23434,15.33064 74.23462,15.33066 74.2347,15.33063 74.23485,15.33062 74.23494,15.33058 74.235,15.33053 74.23521,15.33039 74.23541,15.33032 74.2354,15.33004 74.2348,15.32998 74.23339,15.3294 74.23269,15.32908 74.2323,15.32899 74.23208,15.32892 74.2313,15.32881 74.2313,15.32876 74.23131,15.32867 74.23137,15.32853 74.23141,15.32837 74.23141,15.32815 74.23141,15.32803 74.23134,15.32769 74.23127,15.32747 74.23113,15.32707 74.23108,15.32702 74.23098,15.32688 74.23091,15.32679 74.23057,15.32646 74.23053,15.32643 74.23044,15.32636 74.23039,15.32637 74.23032,15.32637 74.23023,15.32635 74.23009,15.3262 74.23007,15.32618 74.23006,15.32602 74.23009,15.32578 74.23009,15.32571 74.23005,15.32551 74.23004,15.32533 74.23004,15.3251 74.23006,15.32489 74.23005,15.32462 74.23004,15.32451 74.22999,15.32433 74.2299,15.32421 74.22979,15.32407 74.22942,15.32371 74.22921,15.32345 74.22905,15.32319 74.22891,15.32289 74.22888,15.32286 74.22888,15.32283 74.22886,15.32281 74.22885,15.32279 74.22883,15.32277 74.22883,15.32274 74.22878,15.32267 74.22868,15.32252 74.22852,15.32228 74.22847,15.32219 74.22844,15.32207 74.22845,15.32183 74.22848,15.32166 74.22847,15.32163 74.22838,15.3215 74.22836,15.32148 74.2283,15.32143 74.22822,15.32139 74.22813,15.32133 74.2281,15.32132 74.22802,15.32134 74.22783,15.32141 74.22769,15.32155 74.22764,15.32157 74.22763,15.32157 74.22759,15.3216 74.22753,15.32163 74.22745,15.32163 74.22724,15.32163 74.22718,15.32161 74.22696,15.32153 74.22694,15.3215 74.22684,15.32146 74.22682,15.32143 74.22674,15.32141 74.22665,15.32134 74.22663,15.32131 74.22656,15.3212 74.22648,15.32101 74.22641,15.32091 74.22635,15.32081 74.22622,15.32065 74.22612,15.32046 74.22605,15.32039 74.226,15.3203 74.22595,15.32017 74.22595,15.32011 74.22593,15.32003 74.22578,15.31968 74.22576,15.31959 74.22573,15.31957 74.22572,15.31953 74.2257,15.3195 74.22561,15.31934 74.22554,15.31929 74.22549,15.31924 74.22538,15.31916 74.22533,15.31912 74.22516,15.31899 74.22498,15.31887 74.22483,15.31882 74.22474,15.31878 74.2246,15.31868 74.22451,15.31864 74.22439,15.31853 74.22422,15.31833 74.22395,15.31806 74.22368,15.31773 74.22356,15.3176 74.22352,15.31757 74.22348,15.31753 74.22337,15.31744 74.22306,15.31715 74.22304,15.31712 74.22304,15.3171 74.22302,15.31707 74.22296,15.31702 74.22286,15.31691 74.22269,15.31675 74.22254,15.31664 74.22243,15.31658 74.22225,15.31648 74.22221,15.31644 74.22218,15.3164 74.2221,15.31637 74.22196,15.31628 74.2219,15.31625 74.22185,15.31624 74.2215,15.31604 74.22131,15.31592 74.22121,15.31584 74.22085,15.3155 74.22071,15.3154 74.22056,15.31531 74.2202,15.31515 74.21972,15.31495 74.21964,15.31491 74.21962,15.31489 74.21801,15.31472 74.21717,15.31447 74.21451,15.3128 74.21322,15.31229 74.21184,15.31158 74.211,15.31133 74.21065,15.31135 74.20888,15.31197 74.20742,15.31038 74.20665,15.3096 74.20574,15.30934 74.20482,15.30927 74.20334,15.30946 74.20099,15.31036 74.1977,15.31114 74.19702,15.31139 74.19628,15.3114 74.19574,15.31118 74.19507,15.31091 74.19382,15.31087 74.19086,15.31111 74.19008,15.31118 74.18917,15.31162 74.18769,15.31194 74.18669,15.31188 74.1858,15.31171 74.18527,15.31161 74.18483,15.31461 74.18497,15.31617 74.18512,15.31718 74.1847,15.31788 74.18428,15.31856 74.18387,15.31922 74.18277,15.32065 74.18248,15.32103 74.18194,15.32159 74.18313,15.32244 74.18377,15.32292 74.18381,15.32306 74.18386,15.32326 74.18391,15.32357 74.18367,15.32395 74.18311,15.32409 74.18099,15.32565 74.1798,15.32652 74.17786,15.32917 74.17742,15.32969 74.17695,15.33023 74.17627,15.33168 74.1761,15.33315 74.17591,15.33432 74.176,15.33464 74.17736,15.33564 74.17838,15.33644 74.17853,15.33677 74.17839,15.33731 74.17829,15.33766 74.17852,15.33842 74.17898,15.33899 74.17904,15.33928 74.17898,15.33954 74.17898,15.33955 74.17894,15.33973 74.17885,15.34021 74.1788,15.34024 74.17825,15.34061 74.17809,15.34126 74.17853,15.342 74.17889,15.34237 74.17908,15.34257 74.18117,15.34339 74.18195,15.34359 74.1822,15.34352 74.18291,15.3431 74.1838,15.34291 74.18416,15.34373 74.18427,15.34418 74.18346,15.34621 74.18299,15.34688 74.18289,15.34729 74.18346,15.34835 74.18423,15.3491 74.18471,15.34986 74.18492,15.3505 74.18518,15.35157 74.18537,15.35154 74.18555,15.35148 74.18585,15.35135 74.18591,15.35133 74.18596,15.35133 74.18602,15.35135 74.18608,15.35137 74.18614,15.35141 74.18627,15.35153 74.18636,15.35169 74.1864,15.35173 74.18646,15.35175 74.18656,15.35176 74.18669,15.35172 74.18677,15.35169 74.18681,15.35166 74.18688,15.35159 74.1871,15.35131 74.18718,15.35122 74.18719,15.35121 74.18728,15.35111 74.18731,15.35107 74.1874,15.351 74.18745,15.35095 74.18749,15.35092 74.18759,15.35089 74.1877,15.3509 74.18783,15.35093 74.18793,15.35096 74.18822,15.35114 74.18841,15.35125 74.18884,15.35147 74.189,15.35158 74.18931,15.35173 74.18945,15.35179 74.18948,15.35182 74.18954,15.35184 74.18957,15.35186 74.1896,15.35188 74.1897,15.35189 74.18972,15.35191 74.18982,15.3519 74.18995,15.35187 74.18999,15.35185 74.19015,15.35182 74.19018,15.35174 74.1902,15.35171 74.19034,15.3516 74.19046,15.35148 74.19057,15.35141 74.19095,15.3513 74.19103,15.35126 74.19115,15.35118 74.19127,15.35112 74.19136,15.35109 74.19152,15.35106 74.19173,15.35105 74.19202,15.35106 74.19223,15.35109 74.19248,15.35115 74.19262,15.3512 74.1927,15.35124 74.19281,15.35131 74.19289,15.35134 74.19295,15.35139 74.19305,15.35143 74.19309,15.35146 74.19322,15.3516 74.19337,15.35173 74.19344,15.35185 74.19349,15.35191 74.19363,15.35206 74.1937,15.3522 74.19379,15.35232 74.19389,15.3524 74.19403,15.35248 74.19436,15.35265 74.19465,15.35274 74.19478,15.35277 74.19487,15.35278 74.1952,15.35277 74.19542,15.35279 74.19554,15.35281 74.1956,15.35281 74.19576,15.35287 74.19596,15.353 74.19614,15.3532 74.19629,15.35334 74.19647,15.35356 74.19654,15.35362 74.19662,15.35367 74.19664,15.35369 74.19679,15.35378 74.19699,15.35387 74.19702,15.35388 74.19741,15.354 74.19753,15.35402 74.19759,15.35407 74.19763,15.35409 74.19785,15.35412 74.19824,15.35424 74.19838,15.35426 74.19863,15.35432 74.19874,15.35434 74.19899,15.35434 74.19904,15.35434 74.19927,15.35457 74.19933,15.3546 74.19936,15.35463 74.19954,15.3547 74.19966,15.35475 74.19993,15.35479 74.20029,15.35471 74.20063,15.35464 74.20099,15.35461 74.20123,15.35461 74.20141,15.35464 74.20163,15.35473 74.20178,15.35481 74.20197,15.35489 74.20215,15.35495 74.20231,15.35498 74.20257,15.35498 74.20264,15.355 74.20276,15.355 74.20285,15.35498 74.20289,15.35498 74.20336,15.35468 74.2041,15.3536</coordinates></LinearRing></outerBoundaryIs></Polygon></MultiGeometry>
  </Placemark>
  <Placemark id="WG_ESA_2024_GA.80">
	<name>Sonauli</name>
	<Style><LineStyle><color>ff0000ff</color></LineStyle><PolyStyle><fill>0</fill></PolyStyle></Style>
	<ExtendedData><SchemaData schemaUrl="#WG_ESA_2024_GA">
		<SimpleData name="esa_category">whole_village</SimpleData>
		<SimpleData name="area_km2">27.124</SimpleData>
	</SchemaData></ExtendedData>
      <MultiGeometry><Polygon><outerBoundaryIs><LinearRing><coordinates>74.30737,15.33844 74.30777,15.33844 74.30874,15.33848 74.30929,15.3384 74.30959,15.33834 74.30992,15.33815 74.31017,15.33789 74.31054,15.33747 74.31087,15.33702 74.31141,15.33653 74.3119,15.33611 74.31244,15.33578 74.31302,15.33548 74.31342,15.33537 74.31401,15.33519 74.31468,15.33516 74.31528,15.3352 74.31722,15.33517 74.31767,15.334 74.31768,15.33397 74.3177,15.33391 74.31765,15.33376 74.31667,15.33068 74.31695,15.3296 74.31698,15.32949 74.31704,15.32925 74.31718,15.3287 74.31806,15.32532 74.31813,15.32503 74.31838,15.3241 74.31852,15.32356 74.32066,15.31529 74.32074,15.31497 74.32318,15.31159 74.32395,15.30992 74.33172,15.3005 74.33188,15.30031 74.33587,15.29546 74.33536,15.29481 74.33017,15.28823 74.32735,15.28516 74.32716,15.28496 74.32701,15.28478 74.32624,15.28395 74.32557,15.28403 74.32136,15.28457 74.32135,15.28457 74.32055,15.28468 74.31986,15.28476 74.31981,15.28442 74.31968,15.28351 74.31287,15.28418 74.30822,15.2835 74.30602,15.28439 74.30577,15.2845 74.30407,15.28518 74.30406,15.28518 74.2949,15.28889 74.29485,15.28891 74.29432,15.28912 74.29432,15.28913 74.29433,15.28919 74.29177,15.29095 74.29076,15.29172 74.28967,15.29243 74.2882,15.29337 74.28683,15.29443 74.28551,15.2955 74.28524,15.29571 74.28505,15.29586 74.28488,15.29601 74.28454,15.29647 74.28451,15.29655 74.2843,15.29698 74.28413,15.29742 74.28385,15.29759 74.28343,15.29766 74.28242,15.29791 74.28198,15.29809 74.28163,15.29831 74.28141,15.29841 74.28128,15.29847 74.28099,15.29866 74.2809,15.29894 74.2807,15.29946 74.28079,15.30018 74.28078,15.30119 74.28065,15.30194 74.28063,15.30224 74.28066,15.30297 74.28078,15.30353 74.28088,15.30401 74.28103,15.30446 74.28128,15.30573 74.28136,15.30612 74.28138,15.30654 74.28139,15.30669 74.28123,15.30726 74.28119,15.30738 74.28106,15.30783 74.28101,15.30796 74.28093,15.30814 74.28082,15.30844 74.28067,15.30866 74.28031,15.30899 74.27987,15.30929 74.27971,15.30937 74.27919,15.30964 74.27895,15.30983 74.27842,15.31023 74.27829,15.31042 74.27824,15.3107 74.27822,15.31116 74.27812,15.31216 74.27802,15.3125 74.27799,15.3126 74.27779,15.31297 74.27751,15.31331 74.27718,15.31369 74.27698,15.31421 74.27649,15.31507 74.2759,15.31582 74.2757,15.31616 74.27545,15.31644 74.27515,15.31673 74.27495,15.31699 74.27465,15.31698 74.2741,15.31691 74.27398,15.31691 74.27394,15.31752 74.27388,15.31782 74.27383,15.31834 74.27372,15.31942 74.27366,15.32029 74.27356,15.3207 74.27341,15.32095 74.27312,15.32181 74.27292,15.32222 74.27275,15.3225 74.27242,15.323 74.27217,15.32338 74.27214,15.32357 74.27222,15.32379 74.27239,15.32416 74.27266,15.32466 74.27305,15.32537 74.27336,15.32593 74.27402,15.32709 74.27435,15.32779 74.27469,15.32851 74.27511,15.3295 74.27549,15.33066 74.27544,15.33121 74.27529,15.3318 74.27514,15.33224 74.27507,15.33244 74.27561,15.33284 74.27626,15.33333 74.27666,15.33342 74.27764,15.33381 74.27804,15.33381 74.27839,15.33373 74.27886,15.33411 74.27947,15.33415 74.27978,15.33462 74.27995,15.33473 74.28006,15.33487 74.28048,15.33517 74.28104,15.33574 74.28152,15.3366 74.28189,15.33762 74.28196,15.33799 74.28214,15.33837 74.28235,15.33856 74.28295,15.33858 74.28322,15.33863 74.28353,15.33886 74.28377,15.33889 74.28414,15.33886 74.28433,15.33874 74.28457,15.33849 74.28484,15.33808 74.285,15.338 74.28537,15.33777 74.28582,15.33729 74.28624,15.33691 74.28679,15.33725 74.28752,15.33762 74.28826,15.33783 74.28886,15.33796 74.28956,15.33802 74.29037,15.33799 74.29121,15.33805 74.29221,15.33801 74.29312,15.33798 74.29355,15.33792 74.29402,15.33783 74.29473,15.33765 74.29551,15.33738 74.29574,15.33766 74.29594,15.33801 74.29624,15.33826 74.29668,15.3385 74.29696,15.33863 74.29729,15.33863 74.29754,15.33858 74.29783,15.33832 74.2979,15.33806 74.29831,15.33784 74.29862,15.33775 74.29918,15.33775 74.29969,15.33786 74.30009,15.33799 74.3002,15.33806 74.30032,15.33827 74.30054,15.33858 74.30077,15.33876 74.30098,15.33879 74.30122,15.33871 74.30144,15.33862 74.30176,15.33841 74.30212,15.33814 74.3026,15.33794 74.30339,15.33768 74.30386,15.33753 74.30402,15.33748 74.30416,15.3376 74.3043,15.33802 74.30443,15.33865 74.30442,15.3393 74.30442,15.33989 74.30448,15.3403 74.30452,15.34065 74.30463,15.34086 74.30475,15.34092 74.30495,15.34087 74.30512,15.34078 74.30539,15.34051 74.3058,15.3399 74.30619,15.33931 74.3064,15.33899 74.30665,15.33872 74.307,15.3385 74.30737,15.33844</coordinates></LinearRing></outerBoundaryIs></Polygon></MultiGeometry>
  </Placemark>
  <Placemark id="WG_ESA_2024_GA.81">
	<name>Surla</name>
	<Style><LineStyle><color>ff0000ff</color></LineStyle><PolyStyle><fill>0</fill></PolyStyle></Style>
	<ExtendedData><SchemaData schemaUrl="#WG_ESA_2024_GA">
		<SimpleData name="esa_category">whole_village</SimpleData>
		<SimpleData name="area_km2">62.866</SimpleData>
	</SchemaData></ExtendedData>
      <MultiGeometry><Polygon><outerBoundaryIs><LinearRing><coordinates>74.25154,15.49077 74.25344,15.48826 74.25447,15.4869 74.25601,15.48495 74.25702,15.48367 74.25803,15.4824 74.2582,15.48217 74.25829,15.48206 74.259,15.4808 74.25974,15.47949 74.26032,15.47846 74.2608,15.4776 74.26085,15.47752 74.26088,15.47747 74.26096,15.47734 74.26104,15.47721 74.26166,15.47618 74.26237,15.47501 74.26248,15.47484 74.26298,15.47401 74.26328,15.47352 74.26328,15.47351 74.26398,15.47236 74.26426,15.47185 74.26454,15.47132 74.26465,15.47105 74.26501,15.47015 74.2655,15.46891 74.2658,15.46814 74.26587,15.46796 74.26608,15.46745 74.2661,15.4674 74.26616,15.46725 74.26622,15.46712 74.26652,15.46637 74.26669,15.46598 74.26672,15.46588 74.26695,15.46533 74.26698,15.46527 74.26698,15.46525 74.26703,15.46515 74.26748,15.46417 74.2675,15.46414 74.26794,15.46335 74.2682,15.46289 74.26835,15.46263 74.26837,15.4626 74.26846,15.46244 74.26872,15.462 74.26904,15.46145 74.26908,15.46138 74.26925,15.46109 74.26958,15.46053 74.2706,15.4588 74.27071,15.45862 74.27076,15.45854 74.27174,15.45677 74.27191,15.45646 74.27206,15.4562 74.27206,15.45619 74.27315,15.45371 74.2739,15.4522 74.27482,15.45037 74.27512,15.44981 74.2752,15.44966 74.27543,15.44922 74.27545,15.44919 74.27545,15.44918 74.27548,15.44883 74.27549,15.44872 74.27551,15.44844 74.27552,15.44831 74.27555,15.44791 74.27562,15.44704 74.27567,15.44678 74.27567,15.44677 74.27567,15.44676 74.27611,15.44407 74.27629,15.44294 74.2763,15.44292 74.27642,15.44264 74.27646,15.44254 74.27682,15.44172 74.27683,15.4417 74.27714,15.44101 74.27734,15.44055 74.27737,15.44049 74.27736,15.44048 74.27735,15.44044 74.2772,15.43965 74.27686,15.43795 74.27576,15.43703 74.2751,15.43648 74.27506,15.43646 74.27506,15.43645 74.27589,15.4359 74.2762,15.43568 74.27626,15.43564 74.27647,15.4355 74.27677,15.4353 74.27685,15.43524 74.27689,15.43521 74.27676,15.43503 74.27652,15.4347 74.27642,15.43456 74.27635,15.43447 74.27605,15.43406 74.27545,15.43323 74.27507,15.43271 74.27499,15.43261 74.27496,15.43256 74.27403,15.43136 74.27225,15.42908 74.27208,15.42887 74.2711,15.42761 74.26992,15.42605 74.26992,15.42604 74.26988,15.42582 74.26987,15.42577 74.26973,15.425 74.26934,15.42279 74.26932,15.42268 74.26902,15.42097 74.26879,15.41912 74.26878,15.4191 74.2663,15.41833 74.26604,15.41857 74.26551,15.41912 74.26519,15.41915 74.26441,15.41919 74.26397,15.4192 74.26337,15.41956 74.26269,15.42013 74.26194,15.4204 74.26124,15.42093 74.2605,15.42134 74.25998,15.42182 74.25941,15.4222 74.25922,15.42208 74.25906,15.42191 74.25861,15.42161 74.25833,15.42162 74.25775,15.42191 74.2575,15.42202 74.25719,15.42211 74.25676,15.42193 74.25587,15.42157 74.25447,15.42104 74.25315,15.42034 74.2514,15.41903 74.24998,15.41617 74.24947,15.41591 74.24905,15.41658 74.2482,15.4172 74.24729,15.41766 74.24556,15.41688 74.24463,15.41602 74.24397,15.41575 74.24246,15.41579 74.24127,15.41579 74.23943,15.41508 74.23685,15.41331 74.23604,15.41237 74.23457,15.41 74.23304,15.40821 74.23173,15.40598 74.23126,15.40444 74.23047,15.4031 74.22962,15.40232 74.22826,15.40178 74.22743,15.40172 74.2257,15.4016 74.22512,15.40119 74.22368,15.4002 74.2226,15.39985 74.22212,15.39926 74.22037,15.39691 74.21944,15.39661 74.21787,15.39644 74.21609,15.39615 74.21486,15.3957 74.21458,15.39509 74.21415,15.39518 74.21397,15.39529 74.21385,15.39534 74.21375,15.39536 74.21354,15.39539 74.21333,15.39539 74.21306,15.39537 74.21291,15.39533 74.21259,15.39523 74.21248,15.39519 74.2123,15.39509 74.21207,15.39498 74.2119,15.39486 74.21176,15.39475 74.21152,15.39456 74.21139,15.39448 74.21126,15.39445 74.21097,15.3944 74.21088,15.3944 74.21075,15.39441 74.21055,15.39442 74.21029,15.39447 74.21017,15.39451 74.21007,15.39455 74.20979,15.39468 74.20965,15.39477 74.20942,15.39499 74.20926,15.39519 74.20908,15.3955 74.20861,15.39616 74.20852,15.39629 74.20844,15.39644 74.20838,15.39651 74.20836,15.39658 74.20828,15.39693 74.20826,15.39707 74.20826,15.39717 74.20823,15.39741 74.20823,15.39756 74.20823,15.39774 74.20819,15.3981 74.20818,15.39832 74.20817,15.39841 74.20812,15.39857 74.20809,15.39873 74.20806,15.39881 74.20797,15.39924 74.20797,15.39933 74.20801,15.39967 74.20804,15.39981 74.20814,15.4001 74.20823,15.40045 74.20824,15.40048 74.20826,15.40053 74.20827,15.40063 74.2083,15.401 74.2083,15.40114 74.20829,15.40118 74.20823,15.40137 74.20822,15.4014 74.20796,15.4017 74.20788,15.40177 74.20786,15.40177 74.20777,15.40186 74.20727,15.40217 74.20697,15.40232 74.20682,15.40241 74.20662,15.40255 74.20656,15.40261 74.20645,15.40275 74.20635,15.40289 74.20615,15.40328 74.20611,15.4034 74.20606,15.40363 74.20603,15.40381 74.20601,15.40388 74.206,15.40395 74.20599,15.404 74.20598,15.40413 74.20595,15.40423 74.20587,15.40446 74.20579,15.40455 74.20568,15.40464 74.2056,15.40469 74.20537,15.40482 74.20485,15.40502 74.20472,15.40512 74.20445,15.40537 74.20436,15.40543 74.20411,15.40554 74.20396,15.40559 74.20346,15.40569 74.2028,15.40587 74.20263,15.40593 74.20252,15.40599 74.2022,15.40621 74.20217,15.40624 74.20214,15.40631 74.202,15.40647 74.20191,15.40667 74.20185,15.40694 74.20182,15.40721 74.20179,15.40743 74.20172,15.40775 74.20166,15.40807 74.20158,15.40832 74.20141,15.40868 74.20129,15.40889 74.20127,15.40892 74.20097,15.40907 74.2009,15.4091 74.20062,15.40916 74.20018,15.40915 74.20003,15.40913 74.19989,15.40913 74.19961,15.40916 74.19948,15.40916 74.19927,15.40918 74.19916,15.40919 74.19907,15.40924 74.19902,15.40927 74.19895,15.40936 74.19885,15.40942 74.19878,15.40949 74.19867,15.40955 74.19863,15.40959 74.19852,15.40968 74.19831,15.40993 74.19807,15.41012 74.19803,15.41017 74.19798,15.41026 74.19762,15.41062 74.19745,15.41078 74.19715,15.41106 74.19705,15.41118 74.19697,15.41128 74.19696,15.41129 74.19689,15.41139 74.19684,15.41144 74.19682,15.4115 74.19681,15.41163 74.19682,15.41176 74.19681,15.41186 74.1968,15.41214 74.19681,15.41216 74.19679,15.41238 74.19672,15.41289 74.19666,15.41313 74.19658,15.41331 74.19655,15.41334 74.19649,15.41338 74.19633,15.41355 74.19624,15.41362 74.19599,15.41376 74.19592,15.4138 74.19576,15.41388 74.19547,15.41401 74.19539,15.41403 74.19516,15.41408 74.19528,15.41493 74.19527,15.41506 74.19526,15.4153 74.19524,15.41544 74.19518,15.41564 74.1951,15.41586 74.19498,15.41626 74.19482,15.41662 74.19473,15.41685 74.19467,15.41711 74.19461,15.41732 74.19459,15.41753 74.19452,15.41792 74.1945,15.41798 74.19446,15.41817 74.19439,15.41855 74.19414,15.41943 74.19412,15.41948 74.19401,15.41973 74.19393,15.41999 74.19384,15.42036 74.19376,15.42058 74.19375,15.42064 74.19373,15.42067 74.19361,15.4209 74.19336,15.42116 74.19308,15.42135 74.19298,15.42138 74.19291,15.42142 74.19283,15.42144 74.19282,15.42146 74.19272,15.42149 74.19263,15.42153 74.19263,15.42154 74.19236,15.42171 74.19215,15.42184 74.19205,15.4219 74.19191,15.42203 74.19178,15.42217 74.1917,15.42229 74.19158,15.42249 74.19148,15.42298 74.19147,15.42309 74.19148,15.42331 74.19143,15.42377 74.19139,15.42393 74.1912,15.42448 74.19113,15.42463 74.19106,15.4248 74.19101,15.42488 74.19086,15.42505 74.19075,15.42523 74.19067,15.42542 74.19051,15.42585 74.19048,15.42598 74.19046,15.42629 74.19047,15.42632 74.19051,15.42637 74.19081,15.42664 74.19095,15.42667 74.19106,15.42673 74.19114,15.42676 74.19127,15.42678 74.19142,15.42687 74.1917,15.4271 74.19184,15.4272 74.1919,15.42726 74.19214,15.42743 74.19231,15.42759 74.19238,15.42764 74.19255,15.42774 74.19274,15.42792 74.19308,15.42829 74.19336,15.42864 74.19353,15.42888 74.19361,15.42903 74.19377,15.42926 74.19394,15.42954 74.19398,15.42963 74.19401,15.4298 74.19408,15.43002 74.19416,15.4302 74.1942,15.43035 74.19422,15.43046 74.19421,15.43067 74.19419,15.4309 74.19425,15.43117 74.1946,15.43146 74.19533,15.43224 74.19576,15.43308 74.19581,15.43405 74.19599,15.43463 74.19553,15.4357 74.19539,15.43741 74.19488,15.43852 74.19445,15.43912 74.19333,15.44013 74.19194,15.44147 74.18766,15.44493 74.18762,15.44496 74.18803,15.44565 74.1889,15.44699 74.18868,15.44777 74.18866,15.44783 74.18851,15.44841 74.18898,15.44945 74.18916,15.4501 74.18953,15.4515 74.18962,15.45377 74.1895,15.45425 74.18941,15.45463 74.18935,15.45484 74.18933,15.45495 74.18939,15.45538 74.1894,15.45546 74.18982,15.45581 74.19034,15.45625 74.19163,15.45714 74.19315,15.45894 74.19317,15.45901 74.19376,15.46037 74.19513,15.46256 74.19526,15.4627 74.19594,15.46344 74.19658,15.46369 74.19785,15.46423 74.19863,15.46497 74.19907,15.46555 74.19912,15.46568 74.19943,15.46651 74.19955,15.46659 74.20016,15.46701 74.20134,15.46737 74.20161,15.4675 74.20162,15.4675 74.20236,15.46785 74.20301,15.46813 74.20353,15.4685 74.2044,15.46917 74.20499,15.46953 74.20547,15.46986 74.20612,15.46999 74.20664,15.47007 74.20729,15.47009 74.20839,15.47034 74.20883,15.47047 74.20923,15.47067 74.20995,15.47102 74.21027,15.47118 74.21028,15.47118 74.21071,15.47111 74.21104,15.47103 74.21105,15.47103 74.21132,15.47103 74.2116,15.47113 74.21185,15.47147 74.21194,15.47159 74.21209,15.47195 74.21226,15.47207 74.21231,15.47211 74.21251,15.47218 74.21276,15.47224 74.21278,15.47224 74.21312,15.4722 74.2135,15.47216 74.21373,15.47222 74.21393,15.4723 74.21407,15.47251 74.21406,15.47263 74.21405,15.47277 74.2143,15.47296 74.21445,15.47308 74.21451,15.47312 74.21452,15.47313 74.21485,15.47321 74.2153,15.47333 74.21581,15.47352 74.21633,15.47368 74.21698,15.47391 74.21756,15.47418 74.21763,15.47421 74.21798,15.47424 74.21825,15.47427 74.21906,15.47427 74.21937,15.47433 74.21945,15.47436 74.21991,15.47454 74.22027,15.4747 74.2205,15.4748 74.22114,15.47514 74.22139,15.47523 74.2216,15.47531 74.22178,15.47542 74.22207,15.47558 74.22269,15.47621 74.2231,15.47663 74.22403,15.47775 74.22427,15.47819 74.22433,15.47829 74.22437,15.47833 74.22447,15.47846 74.22463,15.47865 74.22472,15.47875 74.22482,15.47886 74.22504,15.47907 74.22516,15.47919 74.22542,15.47957 74.22579,15.48009 74.22591,15.48018 74.22683,15.48089 74.22688,15.48093 74.22736,15.48126 74.22811,15.48167 74.22819,15.48171 74.2284,15.48182 74.2286,15.48193 74.22875,15.48202 74.22888,15.48211 74.22901,15.48213 74.22902,15.48212 74.22906,15.48209 74.22912,15.48203 74.22917,15.48199 74.22928,15.48188 74.22935,15.4818 74.22948,15.48166 74.22953,15.48161 74.22975,15.48124 74.22996,15.4809 74.23009,15.48076 74.2301,15.48076 74.2301,15.48077 74.23012,15.48078 74.23022,15.48082 74.23026,15.48095 74.23028,15.48105 74.23028,15.4811 74.23028,15.48111 74.23026,15.48128 74.23026,15.48135 74.23026,15.48145 74.23016,15.48179 74.23012,15.48189 74.23004,15.48228 74.23006,15.48243 74.23007,15.48268 74.2301,15.48277 74.23013,15.48286 74.23023,15.48299 74.23033,15.48318 74.23063,15.48353 74.23065,15.48355 74.23078,15.48364 74.23121,15.48397 74.23176,15.4842 74.23234,15.48446 74.23321,15.48477 74.23433,15.48529 74.23522,15.48579 74.23525,15.48581 74.23546,15.48588 74.23621,15.48616 74.23643,15.48619 74.23714,15.48629 74.23747,15.48635 74.23781,15.48641 74.23829,15.48669 74.2387,15.48692 74.23888,15.48703 74.23987,15.48755 74.24035,15.4878 74.24095,15.48799 74.24133,15.48812 74.24176,15.48825 74.24181,15.48827 74.24207,15.48833 74.24296,15.48852 74.24414,15.48863 74.24471,15.48843 74.24515,15.4883 74.24516,15.4883 74.24531,15.48836 74.24542,15.4884 74.24554,15.48866 74.2457,15.48899 74.24603,15.48978 74.24608,15.48989 74.24645,15.49043 74.24668,15.49076 74.24691,15.49095 74.24725,15.49123 74.24745,15.49129 74.2477,15.49137 74.24771,15.49137 74.24821,15.49122 74.24823,15.49122 74.24901,15.49116 74.25091,15.49159 74.25096,15.49152 74.25113,15.4913 74.25154,15.49077</coordinates></LinearRing></outerBoundaryIs></Polygon></MultiGeometry>
  </Placemark>
  <Placemark id="WG_ESA_2024_GA.82">
	<name>Bati</name>
	<Style><LineStyle><color>ff0000ff</color></LineStyle><PolyStyle><fill>0</fill></PolyStyle></Style>
	<ExtendedData><SchemaData schemaUrl="#WG_ESA_2024_GA">
		<SimpleData name="esa_category">whole_village</SimpleData>
		<SimpleData name="area_km2">31.058</SimpleData>
	</SchemaData></ExtendedData>
      <MultiGeometry><Polygon><outerBoundaryIs><LinearRing><coordinates>74.30361,15.21679 74.30423,15.21681 74.30452,15.21672 74.30473,15.21643 74.30485,15.21616 74.30487,15.2161 74.30487,15.21571 74.30487,15.21568 74.30483,15.21542 74.30482,15.21537 74.30438,15.2146 74.30429,15.21414 74.30427,15.21403 74.3043,15.21385 74.3043,15.21384 74.3043,15.21383 74.30431,15.21381 74.30437,15.21345 74.30438,15.21342 74.30443,15.21333 74.30453,15.21317 74.3047,15.21311 74.30489,15.21305 74.30489,15.21304 74.3049,15.21304 74.30494,15.21304 74.30525,15.21301 74.30537,15.2129 74.3054,15.21287 74.30541,15.21287 74.30549,15.21261 74.30525,15.21221 74.30524,15.21221 74.30517,15.21186 74.30517,15.21177 74.30517,15.21176 74.30517,15.21173 74.30517,15.21166 74.30517,15.21162 74.30534,15.21143 74.30539,15.21138 74.30541,15.21136 74.30542,15.21135 74.30546,15.2113 74.30566,15.2111 74.30572,15.21104 74.30575,15.21101 74.30575,15.21089 74.30575,15.21062 74.30575,15.21061 74.30573,15.21056 74.30572,15.21053 74.30565,15.21022 74.30565,15.2102 74.30564,15.21016 74.30561,15.20993 74.3056,15.20981 74.30563,15.20974 74.30573,15.20946 74.30575,15.2094 74.30612,15.20898 74.30623,15.20894 74.30623,15.20893 74.30642,15.20885 74.30703,15.2087 74.30712,15.20868 74.30716,15.20867 74.30734,15.20861 74.30736,15.2086 74.30745,15.20857 74.30747,15.20856 74.30749,15.20856 74.30777,15.20849 74.30789,15.20846 74.308,15.20835 74.30803,15.20831 74.30813,15.20822 74.30872,15.20729 74.30889,15.20692 74.3089,15.2069 74.3089,15.20688 74.30892,15.20684 74.30903,15.20672 74.30904,15.20672 74.30931,15.20668 74.30945,15.20665 74.30946,15.20665 74.30981,15.20653 74.31003,15.2063 74.31005,15.20629 74.31012,15.20593 74.31006,15.20568 74.31004,15.20559 74.30996,15.20529 74.30994,15.20519 74.30956,15.20439 74.30945,15.20416 74.3094,15.20406 74.30918,15.2036 74.30898,15.20318 74.30886,15.2028 74.30871,15.20228 74.30867,15.20206 74.30863,15.20186 74.30862,15.20179 74.30871,15.20123 74.30878,15.20079 74.309,15.19997 74.30905,15.19936 74.30906,15.19925 74.30907,15.19905 74.30908,15.19895 74.30909,15.19889 74.30911,15.19872 74.30911,15.1987 74.30916,15.19841 74.30928,15.19802 74.30928,15.19801 74.30932,15.1979 74.30933,15.19787 74.30934,15.19784 74.30937,15.19778 74.30967,15.1973 74.30968,15.19727 74.30993,15.19687 74.30995,15.19684 74.30996,15.19682 74.30996,15.19681 74.31011,15.19619 74.31013,15.19608 74.31016,15.19598 74.31028,15.19544 74.3103,15.19533 74.31031,15.19524 74.31034,15.19502 74.31039,15.1947 74.31039,15.19468 74.31091,15.1936 74.31096,15.19351 74.31105,15.19331 74.31121,15.19303 74.3114,15.19273 74.30868,15.19306 74.30617,15.1941 74.30425,15.19499 74.30193,15.19592 74.30156,15.19515 74.30116,15.19453 74.29871,15.19177 74.29749,15.19044 74.29649,15.1894 74.29577,15.18873 74.29503,15.18823 74.29269,15.18671 74.2907,15.18504 74.29027,15.18461 74.29,15.18428 74.28959,15.18402 74.28926,15.18393 74.28873,15.1839 74.2881,15.1837 74.28756,15.18343 74.2871,15.18307 74.2864,15.18271 74.28557,15.18243 74.28492,15.18221 74.2843,15.18207 74.28359,15.18193 74.28289,15.18182 74.28166,15.18165 74.28033,15.18157 74.27878,15.1816 74.27762,15.18173 74.27607,15.18183 74.27435,15.18187 74.27293,15.18192 74.27142,15.18207 74.26937,15.18253 74.26735,15.18276 74.26593,15.18286 74.26489,15.183 74.26375,15.18315 74.26244,15.18318 74.26137,15.18305 74.25984,15.18293 74.25912,15.18268 74.25827,15.18248 74.2575,15.1823 74.25686,15.18206 74.25618,15.18178 74.25561,15.18152 74.25508,15.18121 74.25458,15.18089 74.25401,15.18039 74.25338,15.17978 74.25261,15.17908 74.25185,15.17822 74.25124,15.17775 74.25091,15.17745 74.25078,15.17727 74.24999,15.17679 74.24938,15.17651 74.24907,15.17642 74.24876,15.17642 74.24802,15.1764 74.24769,15.17643 74.24732,15.17643 74.24705,15.17647 74.24643,15.17665 74.24596,15.17685 74.24571,15.17696 74.24487,15.17709 74.24447,15.17712 74.24373,15.17715 74.24332,15.17713 74.24284,15.17718 74.24216,15.17714 74.24157,15.17675 74.24091,15.17635 74.24007,15.17573 74.23965,15.17547 74.23935,15.17511 74.23912,15.1746 74.23892,15.17405 74.23874,15.17354 74.23849,15.17315 74.23804,15.17275 74.23753,15.17242 74.23702,15.17287 74.23651,15.17336 74.23588,15.17328 74.23478,15.17313 74.23443,15.1731 74.23384,15.17301 74.23327,15.17295 74.2327,15.17288 74.23218,15.1728 74.23183,15.17267 74.23178,15.17205 74.2318,15.17167 74.23185,15.17112 74.23169,15.17098 74.23143,15.17091 74.23102,15.17084 74.23066,15.1708 74.23009,15.1708 74.23004,15.17074 74.22986,15.17028 74.22957,15.16962 74.22936,15.16908 74.2292,15.16853 74.22916,15.16807 74.22919,15.16785 74.22952,15.16732 74.2297,15.16707 74.23005,15.16637 74.23015,15.16616 74.23034,15.16584 74.23055,15.16556 74.23078,15.16536 74.231,15.16526 74.23136,15.16511 74.23201,15.16488 74.23225,15.16473 74.23182,15.16447 74.23126,15.16421 74.23074,15.164 74.23016,15.16385 74.22949,15.16362 74.22907,15.16349 74.22869,15.16339 74.22849,15.16349 74.22827,15.16357 74.22798,15.16362 74.2278,15.1636 74.22758,15.1635 74.22714,15.16328 74.22675,15.1631 74.22662,15.16301 74.22656,15.16265 74.22653,15.16245 74.22648,15.16207 74.22624,15.16184 74.22592,15.16166 74.22569,15.16164 74.2253,15.16168 74.22504,15.16173 74.22457,15.16181 74.22413,15.16191 74.22387,15.16196 74.22361,15.16196 74.22269,15.16212 74.22224,15.16218 74.22164,15.16227 74.22132,15.16233 74.22112,15.16237 74.22105,15.16238 74.22079,15.16218 74.22043,15.1618 74.22027,15.16162 74.22005,15.16139 74.2199,15.16129 74.21968,15.16124 74.21923,15.16122 74.21887,15.16121 74.21863,15.16125 74.21832,15.16133 74.2175,15.16158 74.21711,15.16173 74.21685,15.16181 74.21686,15.16204 74.2169,15.16235 74.21697,15.16315 74.21703,15.16347 74.21708,15.16377 74.21717,15.16428 74.2172,15.16465 74.21719,15.16489 74.21715,15.16511 74.21701,15.16532 74.21666,15.16571 74.21638,15.16607 74.21628,15.1662 74.21614,15.16629 74.21596,15.16632 74.21569,15.16636 74.21546,15.16642 74.21519,15.16651 74.21484,15.16665 74.21458,15.1668 74.21445,15.16692 74.21427,15.16708 74.2141,15.16727 74.21374,15.16777 74.2136,15.16799 74.2134,15.16825 74.21325,15.16849 74.21297,15.16882 74.21276,15.16906 74.21253,15.16934 74.21227,15.16968 74.21215,15.16988 74.21202,15.17005 74.21189,15.17026 74.21175,15.17048 74.21119,15.17066 74.21074,15.17079 74.21048,15.17091 74.21034,15.17109 74.21031,15.17116 74.21029,15.17131 74.21029,15.17146 74.21036,15.17163 74.21045,15.17175 74.21085,15.17217 74.21117,15.17245 74.21189,15.17307 74.21213,15.17329 74.21242,15.17363 74.21293,15.17416 74.21308,15.17437 74.21322,15.17483 74.21327,15.17522 74.21334,15.17633 74.21332,15.1766 74.21334,15.17736 74.21338,15.17848 74.21338,15.17901 74.21343,15.17962 74.2134,15.18029 74.21299,15.18089 74.21265,15.18135 74.21227,15.18183 74.21207,15.18219 74.21204,15.18228 74.21203,15.18246 74.21215,15.18302 74.2123,15.18334 74.21246,15.18399 74.2126,15.1843 74.21282,15.18505 74.21293,15.18544 74.2132,15.18633 74.21346,15.18737 74.21357,15.18772 74.21377,15.18862 74.21388,15.18918 74.21402,15.18983 74.21414,15.1903 74.21419,15.19078 74.21423,15.19119 74.21437,15.19169 74.21447,15.19225 74.21458,15.19264 74.21472,15.19346 74.2148,15.19396 74.21482,15.19421 74.21466,15.19459 74.2142,15.19564 74.21371,15.19671 74.21345,15.19728 74.21314,15.19789 74.2129,15.19834 74.21246,15.19901 74.21227,15.19929 74.21172,15.2001 74.21141,15.20048 74.21106,15.20089 74.21082,15.2012 74.21087,15.20209 74.21087,15.20248 74.21082,15.20308 74.21075,15.20333 74.21065,15.20352 74.21048,15.20383 74.2103,15.20398 74.21013,15.20417 74.21002,15.20441 74.20997,15.2046 74.20991,15.20488 74.20982,15.20508 74.20957,15.20541 74.20938,15.2056 74.20906,15.20584 74.20868,15.20619 74.20833,15.20633 74.20811,15.20641 74.20772,15.20658 74.2074,15.20684 74.20707,15.20718 74.20677,15.20757 74.20653,15.20809 74.20635,15.20849 74.20621,15.20876 74.20607,15.20903 74.20588,15.2094 74.20575,15.20954 74.20561,15.20967 74.20542,15.20992 74.20509,15.21014 74.20476,15.21036 74.20439,15.21064 74.20406,15.21089 74.20376,15.21121 74.20351,15.2115 74.20328,15.21176 74.20245,15.21261 74.20272,15.21253 74.203,15.2125 74.20357,15.21252 74.20423,15.21256 74.20469,15.2126 74.20495,15.21245 74.20527,15.21231 74.20568,15.21218 74.20623,15.21204 74.20679,15.21198 74.2073,15.21196 74.20775,15.21206 74.20814,15.21217 74.20857,15.2123 74.20884,15.21238 74.20927,15.21246 74.20974,15.21255 74.21035,15.21258 74.21083,15.21259 74.21112,15.21255 74.2114,15.21244 74.21168,15.21235 74.21197,15.21225 74.21219,15.21212 74.21242,15.21188 74.2129,15.21162 74.21335,15.21146 74.21369,15.21138 74.21405,15.2113 74.21448,15.21116 74.21496,15.21104 74.21517,15.21123 74.2153,15.21139 74.21568,15.21181 74.21646,15.21257 74.21689,15.21298 74.21737,15.21334 74.21762,15.21358 74.21779,15.21381 74.21801,15.2141 74.21814,15.21441 74.21818,15.21446 74.21842,15.21456 74.21867,15.21466 74.21917,15.21479 74.22002,15.21494 74.22054,15.21501 74.2209,15.21503 74.2213,15.21517 74.22172,15.2154 74.22204,15.21554 74.22212,15.21538 74.22231,15.21527 74.22251,15.21526 74.22291,15.2153 74.22336,15.21533 74.22372,15.21534 74.22402,15.21534 74.22419,15.2153 74.22434,15.2152 74.22447,15.21508 74.22455,15.21493 74.22461,15.21469 74.2247,15.21427 74.22484,15.21371 74.22495,15.21335 74.22498,15.21318 74.22505,15.21303 74.2252,15.21284 74.22533,15.21274 74.22556,15.21258 74.22584,15.21246 74.22621,15.21234 74.22652,15.21228 74.22671,15.21222 74.22716,15.21219 74.22773,15.2122 74.22807,15.21224 74.22822,15.21219 74.22837,15.21206 74.22846,15.21188 74.22855,15.21165 74.22862,15.21135 74.22864,15.21112 74.22866,15.21077 74.2287,15.21056 74.22878,15.21042 74.22891,15.21023 74.22906,15.21007 74.22929,15.20992 74.22951,15.20984 74.22974,15.2098 74.23002,15.20977 74.23021,15.20969 74.23045,15.20953 74.23061,15.20942 74.23077,15.20919 74.23088,15.20898 74.23091,15.20879 74.23088,15.20848 74.23093,15.20833 74.23106,15.20809 74.23112,15.2079 74.23113,15.20771 74.23112,15.20756 74.23108,15.20746 74.23095,15.2073 74.2308,15.20718 74.23066,15.2071 74.23043,15.20702 74.23022,15.20697 74.23004,15.2069 74.22992,15.20683 74.22987,15.20676 74.22985,15.20665 74.22994,15.2065 74.23014,15.2062 74.23033,15.20588 74.23053,15.20559 74.2308,15.20525 74.23114,15.20492 74.23141,15.20469 74.2316,15.20484 74.23196,15.20499 74.23235,15.20507 74.23275,15.20507 74.23297,15.20501 74.23316,15.20488 74.23345,15.20491 74.23374,15.20488 74.23412,15.20482 74.23425,15.20477 74.23445,15.2046 74.23456,15.20446 74.23468,15.20421 74.23474,15.20398 74.23479,15.20379 74.23483,15.20356 74.2349,15.20318 74.23496,15.20279 74.235,15.20254 74.23509,15.20233 74.23518,15.20219 74.23528,15.20207 74.23541,15.20197 74.23555,15.20191 74.23578,15.20186 74.23601,15.20184 74.23615,15.2018 74.23626,15.20176 74.23642,15.20166 74.23665,15.20148 74.23693,15.20125 74.23715,15.20108 74.23726,15.201 74.23741,15.20094 74.23773,15.20091 74.23812,15.20083 74.23851,15.20081 74.23897,15.20081 74.23937,15.20083 74.23989,15.20088 74.24025,15.20094 74.24054,15.20103 74.2407,15.20114 74.24087,15.20135 74.24102,15.20152 74.24115,15.2017 74.24133,15.20186 74.24145,15.20194 74.24162,15.20197 74.24182,15.20197 74.24199,15.20192 74.24217,15.20185 74.24238,15.20171 74.24252,15.2016 74.24269,15.20144 74.24282,15.20123 74.24289,15.20107 74.24296,15.20087 74.24305,15.20056 74.24314,15.20029 74.24316,15.20006 74.24319,15.19968 74.24324,15.19928 74.24325,15.19907 74.2433,15.19888 74.2434,15.19872 74.24352,15.19855 74.24367,15.19841 74.2438,15.19832 74.244,15.1982 74.24426,15.19809 74.24454,15.19798 74.24479,15.19791 74.24509,15.19786 74.24553,15.19785 74.24588,15.19786 74.24614,15.19789 74.2464,15.19796 74.24682,15.19813 74.24722,15.19831 74.24764,15.19852 74.24776,15.1986 74.24791,15.1987 74.24804,15.19887 74.24819,15.19907 74.24832,15.19923 74.2485,15.19938 74.24867,15.19947 74.24883,15.19954 74.24889,15.19955 74.24906,15.19955 74.24943,15.19955 74.24952,15.19957 74.24979,15.19961 74.25007,15.19966 74.25039,15.19975 74.25052,15.19977 74.25062,15.19979 74.2509,15.19989 74.25108,15.19995 74.25118,15.2 74.25124,15.20005 74.25143,15.20016 74.25159,15.20028 74.25175,15.20041 74.25187,15.20054 74.25199,15.20071 74.25211,15.20091 74.25216,15.20102 74.25218,15.20113 74.25221,15.20121 74.25231,15.2015 74.25243,15.20181 74.25253,15.202 74.25259,15.20211 74.25275,15.20233 74.25301,15.20258 74.25328,15.20276 74.25344,15.20284 74.25351,15.20286 74.2536,15.20286 74.25385,15.20282 74.25406,15.20278 74.25441,15.20265 74.25447,15.20263 74.25453,15.20258 74.25458,15.20257 74.25467,15.20252 74.25476,15.20245 74.25518,15.20223 74.25542,15.20216 74.25575,15.20205 74.25589,15.20201 74.25599,15.20198 74.2562,15.20192 74.2564,15.2019 74.25694,15.2018 74.25723,15.20176 74.25737,15.20176 74.25752,15.20179 74.25801,15.20182 74.25811,15.20184 74.25833,15.20188 74.25861,15.20196 74.25866,15.20197 74.25879,15.20201 74.25898,15.2021 74.25916,15.2022 74.25958,15.20243 74.26003,15.20275 74.26048,15.20313 74.26064,15.2033 74.26079,15.20353 74.26087,15.20361 74.26099,15.20367 74.26111,15.20368 74.26115,15.20367 74.26122,15.20362 74.26126,15.20358 74.26129,15.20354 74.26139,15.20335 74.26152,15.20312 74.26153,15.20305 74.26158,15.20287 74.26161,15.20262 74.26164,15.20248 74.26168,15.20231 74.26173,15.2022 74.26178,15.2021 74.26182,15.20198 74.26186,15.20187 74.26193,15.20176 74.26199,15.20169 74.26207,15.20164 74.26232,15.20154 74.2625,15.20148 74.26287,15.20142 74.26406,15.19953 74.26492,15.19819 74.26516,15.19754 74.26518,15.19751 74.2653,15.19721 74.26539,15.19707 74.26544,15.19699 74.26561,15.19666 74.26584,15.19639 74.2659,15.19635 74.26595,15.19632 74.26603,15.19625 74.26608,15.19624 74.26629,15.19614 74.26647,15.19609 74.26667,15.19607 74.26673,15.19608 74.26751,15.19625 74.26963,15.19686 74.27119,15.19739 74.27198,15.19783 74.27287,15.19842 74.27323,15.19875 74.27388,15.19966 74.27497,15.20093 74.27586,15.20199 74.27693,15.20376 74.27783,15.20523 74.27858,15.20641 74.27921,15.20808 74.27977,15.20894 74.28019,15.20966 74.28109,15.20934 74.28203,15.20906 74.28337,15.2086 74.28468,15.20822 74.28616,15.20781 74.28723,15.20764 74.28795,15.20758 74.2888,15.20765 74.2897,15.20791 74.29056,15.20817 74.29122,15.20847 74.29202,15.20896 74.29281,15.20948 74.29393,15.21011 74.29444,15.21047 74.29477,15.21056 74.2955,15.21072 74.29644,15.21078 74.29786,15.21089 74.29867,15.21098 74.29938,15.21112 74.29983,15.21126 74.29997,15.21141 74.30005,15.21154 74.30084,15.21292 74.30114,15.21402 74.30141,15.21531 74.30144,15.21705 74.30144,15.21706 74.30148,15.21727 74.30153,15.21755 74.30185,15.21792 74.30221,15.21801 74.30264,15.2179 74.30293,15.21767 74.30295,15.21766 74.30306,15.2175 74.30307,15.21749 74.30307,15.21748 74.30319,15.21709 74.3032,15.21706 74.30321,15.21704 74.30329,15.21695 74.30334,15.21688 74.30335,15.21687 74.30336,15.21686 74.30361,15.21679</coordinates></LinearRing></outerBoundaryIs></Polygon></MultiGeometry>
  </Placemark>
  <Placemark id="WG_ESA_2024_GA.83">
	<name>Boma</name>
	<Style><LineStyle><color>ff0000ff</color></LineStyle><PolyStyle><fill>0</fill></PolyStyle></Style>
	<ExtendedData><SchemaData schemaUrl="#WG_ESA_2024_GA">
		<SimpleData name="esa_category">whole_village</SimpleData>
		<SimpleData name="area_km2">6.974</SimpleData>
	</SchemaData></ExtendedData>
      <MultiGeometry><Polygon><outerBoundaryIs><LinearRing><coordinates>74.28103,15.30446 74.28088,15.30401 74.28078,15.30353 74.28066,15.30297 74.28063,15.30224 74.28065,15.30194 74.28078,15.30119 74.28079,15.30018 74.2807,15.29946 74.2809,15.29894 74.28099,15.29866 74.28128,15.29847 74.28141,15.29841 74.28163,15.29831 74.28198,15.29809 74.28242,15.29791 74.28343,15.29766 74.28385,15.29759 74.28413,15.29742 74.2843,15.29698 74.28451,15.29655 74.28454,15.29647 74.28488,15.29601 74.28505,15.29586 74.28524,15.29571 74.28551,15.2955 74.28683,15.29443 74.2882,15.29337 74.28967,15.29243 74.29076,15.29172 74.29177,15.29095 74.29433,15.28919 74.29432,15.28913 74.29428,15.28914 74.29418,15.28869 74.29339,15.28493 74.29338,15.28486 74.29331,15.28453 74.29262,15.28443 74.2926,15.28443 74.29173,15.2843 74.28874,15.28385 74.28866,15.28383 74.28721,15.28362 74.28208,15.28025 74.28104,15.28082 74.28043,15.28115 74.28036,15.28119 74.27637,15.28337 74.27359,15.28217 74.27358,15.28217 74.27286,15.28185 74.27279,15.28183 74.27142,15.28123 74.27141,15.2812 74.27008,15.28254 74.26991,15.28297 74.26952,15.28384 74.26897,15.28461 74.26859,15.2851 74.26815,15.28548 74.26756,15.28574 74.2667,15.28577 74.26618,15.28578 74.26579,15.286 74.26538,15.28625 74.26503,15.28664 74.26423,15.28763 74.26339,15.2886 74.26291,15.28919 74.2636,15.28923 74.26404,15.28927 74.26399,15.28981 74.26352,15.29039 74.26287,15.29095 74.262,15.29179 74.26132,15.29258 74.26083,15.29334 74.26038,15.29414 74.26014,15.2947 74.25979,15.29554 74.25928,15.29655 74.25911,15.29715 74.25899,15.29782 74.25899,15.29819 74.25919,15.29898 74.25951,15.29952 74.25997,15.30036 74.26048,15.30095 74.26069,15.30123 74.26117,15.30187 74.26139,15.30215 74.26162,15.30246 74.2617,15.30256 74.26179,15.30264 74.26215,15.30298 74.26261,15.30339 74.26298,15.30362 74.26348,15.30393 74.2639,15.30417 74.26419,15.30429 74.26492,15.30454 74.2657,15.30477 74.26672,15.30502 74.26749,15.3052 74.26798,15.30525 74.26887,15.30526 74.26973,15.3052 74.27025,15.30502 74.27074,15.30489 74.27121,15.30483 74.2717,15.30486 74.27215,15.30497 74.2723,15.30502 74.27305,15.30551 74.27346,15.30612 74.2739,15.30696 74.27416,15.30757 74.27439,15.30828 74.27455,15.30926 74.27496,15.30984 74.27517,15.31014 74.27569,15.31067 74.27634,15.31167 74.27668,15.31243 74.27718,15.31369 74.27751,15.31331 74.27779,15.31297 74.27799,15.3126 74.27802,15.3125 74.27812,15.31216 74.27822,15.31116 74.27824,15.3107 74.27829,15.31042 74.27842,15.31023 74.27895,15.30983 74.27919,15.30964 74.27971,15.30937 74.27987,15.30929 74.28031,15.30899 74.28067,15.30866 74.28082,15.30844 74.28093,15.30814 74.28101,15.30796 74.28106,15.30783 74.28119,15.30738 74.28123,15.30726 74.28139,15.30669 74.28138,15.30654 74.28136,15.30612 74.28128,15.30573 74.28103,15.30446</coordinates></LinearRing></outerBoundaryIs></Polygon></MultiGeometry>
  </Placemark>
  <Placemark id="WG_ESA_2024_GA.84">
	<name>Calem</name>
	<Style><LineStyle><color>ff0000ff</color></LineStyle><PolyStyle><fill>0</fill></PolyStyle></Style>
	<ExtendedData><SchemaData schemaUrl="#WG_ESA_2024_GA">
		<SimpleData name="esa_category">whole_village</SimpleData>
		<SimpleData name="area_km2">34.861</SimpleData>
	</SchemaData></ExtendedData>
      <MultiGeometry><Polygon><outerBoundaryIs><LinearRing><coordinates>74.17894,15.33973 74.17898,15.33955 74.17898,15.33954 74.17904,15.33928 74.17898,15.33899 74.17852,15.33842 74.17829,15.33766 74.17839,15.33731 74.17853,15.33677 74.17838,15.33644 74.17736,15.33564 74.176,15.33464 74.17591,15.33432 74.1761,15.33315 74.17627,15.33168 74.17695,15.33023 74.17742,15.32969 74.17786,15.32917 74.1798,15.32652 74.18099,15.32565 74.18311,15.32409 74.18367,15.32395 74.18391,15.32357 74.18386,15.32326 74.18381,15.32306 74.18377,15.32292 74.18313,15.32244 74.18194,15.32159 74.18248,15.32103 74.18277,15.32065 74.18387,15.31922 74.18428,15.31856 74.1847,15.31788 74.18512,15.31718 74.18497,15.31617 74.18483,15.31461 74.18527,15.31161 74.1858,15.31171 74.18669,15.31188 74.18769,15.31194 74.18917,15.31162 74.19008,15.31118 74.19086,15.31111 74.19382,15.31087 74.19507,15.31091 74.19574,15.31118 74.19628,15.3114 74.19702,15.31139 74.1977,15.31114 74.20099,15.31036 74.20334,15.30946 74.20482,15.30927 74.20574,15.30934 74.20665,15.3096 74.20742,15.31038 74.20888,15.31197 74.21065,15.31135 74.211,15.31133 74.21184,15.31158 74.21322,15.31229 74.21451,15.3128 74.21717,15.31447 74.21801,15.31472 74.21962,15.31489 74.21964,15.31491 74.21972,15.31495 74.2202,15.31515 74.22056,15.31531 74.22071,15.3154 74.22085,15.3155 74.22121,15.31584 74.22131,15.31592 74.2215,15.31604 74.22185,15.31624 74.2219,15.31625 74.22196,15.31628 74.2221,15.31637 74.22218,15.3164 74.22221,15.31644 74.22225,15.31648 74.22243,15.31658 74.22254,15.31664 74.22269,15.31675 74.22286,15.31691 74.22296,15.31702 74.22302,15.31707 74.22304,15.3171 74.22304,15.31712 74.22306,15.31715 74.22337,15.31744 74.22348,15.31753 74.22352,15.31757 74.22356,15.3176 74.22368,15.31773 74.22395,15.31806 74.22422,15.31833 74.22439,15.31853 74.22451,15.31864 74.2246,15.31868 74.22474,15.31878 74.22483,15.31882 74.22498,15.31887 74.22516,15.31899 74.22533,15.31912 74.22538,15.31916 74.22549,15.31924 74.22554,15.31929 74.22561,15.31934 74.2257,15.3195 74.22572,15.31953 74.22573,15.31957 74.22576,15.31959 74.22578,15.31968 74.22593,15.32003 74.22595,15.32011 74.22595,15.32017 74.226,15.3203 74.22605,15.32039 74.22612,15.32046 74.22622,15.32065 74.22635,15.32081 74.22641,15.32091 74.22648,15.32101 74.22656,15.3212 74.22663,15.32131 74.22665,15.32134 74.22674,15.32141 74.22682,15.32143 74.22684,15.32146 74.22694,15.3215 74.22696,15.32153 74.22718,15.32161 74.22724,15.32163 74.22745,15.32163 74.22753,15.32163 74.22759,15.3216 74.22763,15.32157 74.22764,15.32157 74.22769,15.32155 74.22783,15.32141 74.22802,15.32134 74.2281,15.32132 74.22813,15.32133 74.22822,15.32139 74.2283,15.32143 74.22836,15.32148 74.22838,15.3215 74.22847,15.32163 74.22848,15.32166 74.22845,15.32183 74.22844,15.32207 74.22847,15.32219 74.22852,15.32228 74.22868,15.32252 74.22878,15.32267 74.22883,15.32274 74.22883,15.32277 74.22885,15.32279 74.22886,15.32281 74.22888,15.32283 74.22888,15.32286 74.22891,15.32289 74.22905,15.32319 74.22921,15.32345 74.22942,15.32371 74.22979,15.32407 74.2299,15.32421 74.22999,15.32433 74.23004,15.32451 74.23005,15.32462 74.23006,15.32489 74.23004,15.3251 74.23004,15.32533 74.23005,15.32551 74.23009,15.32571 74.23009,15.32578 74.23006,15.32602 74.23007,15.32618 74.23009,15.3262 74.23023,15.32635 74.23032,15.32637 74.23039,15.32637 74.23044,15.32636 74.23057,15.32618 74.23058,15.32607 74.2306,15.32605 74.23061,15.32598 74.23064,15.32593 74.23066,15.32585 74.2307,15.32581 74.23071,15.32574 74.23076,15.3257 74.23085,15.32565 74.2309,15.32563 74.23106,15.32562 74.23113,15.32564 74.23126,15.32571 74.23155,15.32599 74.2317,15.3261 74.23184,15.32618 74.23199,15.32624 74.23213,15.32624 74.23218,15.32622 74.23225,15.32618 74.23227,15.32614 74.23228,15.32609 74.23228,15.32603 74.23224,15.32594 74.23215,15.32568 74.23213,15.32561 74.23213,15.32549 74.23217,15.32529 74.23223,15.32514 74.23227,15.32507 74.23232,15.32501 74.23233,15.325 74.23235,15.32499 74.23259,15.32477 74.23269,15.32471 74.2328,15.32465 74.23285,15.32463 74.23296,15.32459 74.2331,15.32458 74.23335,15.32457 74.23345,15.32456 74.2336,15.3245 74.23381,15.32437 74.23385,15.32436 74.234,15.32436 74.23407,15.32439 74.23416,15.32449 74.23424,15.32453 74.23429,15.32454 74.23457,15.32455 74.23462,15.32454 74.23468,15.32451 74.23469,15.3245 74.23501,15.3243 74.23512,15.32421 74.23537,15.32399 74.23583,15.32355 74.23589,15.3235 74.23598,15.3234 74.23616,15.32327 74.23625,15.32322 74.23634,15.3232 74.23649,15.32321 74.23681,15.32325 74.23685,15.32324 74.23693,15.32319 74.237,15.32314 74.23702,15.32312 74.23704,15.32303 74.23704,15.32288 74.23703,15.32285 74.23703,15.32282 74.23701,15.32276 74.23695,15.32271 74.23691,15.32263 74.23685,15.32255 74.2368,15.32248 74.23673,15.32233 74.23659,15.32203 74.23657,15.32196 74.23654,15.32171 74.23653,15.32168 74.23656,15.32162 74.23657,15.32155 74.2366,15.32148 74.23664,15.32127 74.23667,15.32118 74.2367,15.32113 74.23674,15.32109 74.23675,15.32107 74.23677,15.32105 74.23678,15.32093 74.23679,15.32092 74.23681,15.32088 74.23684,15.32085 74.23701,15.32059 74.23708,15.32044 74.23711,15.32038 74.23716,15.32024 74.23718,15.32016 74.23733,15.31953 74.2374,15.31935 74.23744,15.31918 74.23752,15.31886 74.23753,15.31877 74.23759,15.31862 74.23764,15.31852 74.23771,15.31845 74.23778,15.31839 74.23789,15.31834 74.23807,15.31829 74.23811,15.31829 74.2382,15.31827 74.23837,15.31826 74.23848,15.31825 74.23859,15.3182 74.23863,15.31816 74.2387,15.31812 74.23891,15.31791 74.23913,15.31774 74.23936,15.31759 74.23941,15.31754 74.23946,15.31748 74.2396,15.31731 74.23995,15.31696 74.24037,15.31645 74.24056,15.31631 74.24065,15.31622 74.24079,15.31607 74.24085,15.316 74.24088,15.31595 74.24103,15.31575 74.24121,15.31544 74.2413,15.3153 74.24134,15.31522 74.24154,15.31498 74.2416,15.31492 74.24162,15.3149 74.24163,15.31491 74.24167,15.31489 74.24172,15.31485 74.24181,15.31479 74.24191,15.31474 74.24205,15.3147 74.24218,15.31469 74.24235,15.31471 74.24265,15.3148 74.24273,15.31482 74.24291,15.31483 74.24305,15.31483 74.24311,15.31481 74.24327,15.31474 74.24337,15.31476 74.24358,15.31475 74.24365,15.31477 74.24378,15.31476 74.244,15.31479 74.24435,15.31478 74.24447,15.31481 74.24459,15.31487 74.2447,15.31491 74.24485,15.31493 74.24513,15.31495 74.24524,15.31495 74.24547,15.31488 74.24559,15.31486 74.24563,15.31483 74.2457,15.31482 74.24574,15.31479 74.24603,15.3147 74.24638,15.31458 74.2467,15.31449 74.24685,15.31446 74.24708,15.3144 74.24742,15.31437 74.24776,15.31429 74.24794,15.31421 74.24805,15.31415 74.2481,15.31411 74.24816,15.31404 74.24831,15.31381 74.24832,15.31373 74.24834,15.3137 74.24834,15.31366 74.24839,15.31353 74.24839,15.31343 74.24841,15.31331 74.24843,15.31325 74.24845,15.31317 74.24855,15.31293 74.24865,15.31271 74.2487,15.3126 74.24871,15.31255 74.24872,15.31216 74.24872,15.31188 74.24871,15.31154 74.24871,15.31142 74.24874,15.31138 74.24875,15.31133 74.2488,15.31126 74.24883,15.31119 74.24886,15.30949 74.24914,15.30866 74.24925,15.30865 74.24957,15.3048 74.25007,15.30472 74.2502,15.3047 74.25076,15.30459 74.25114,15.30451 74.25161,15.30439 74.25182,15.30434 74.25226,15.30423 74.25273,15.30412 74.25302,15.30401 74.25314,15.30396 74.25354,15.30381 74.25394,15.30371 74.25414,15.30364 74.25452,15.30336 74.25498,15.30311 74.2553,15.30292 74.25567,15.30271 74.25596,15.30245 74.25614,15.30233 74.25625,15.3024 74.25643,15.30248 74.25659,15.30262 74.25668,15.30277 74.25686,15.30306 74.25702,15.30335 74.25718,15.30366 74.25739,15.30409 74.25763,15.30441 74.25783,15.30461 74.25822,15.30484 74.2584,15.30491 74.25867,15.30499 74.25901,15.305 74.25939,15.30494 74.25976,15.30482 74.26015,15.30455 74.26053,15.30424 74.26099,15.30379 74.26139,15.30335 74.26158,15.30301 74.26159,15.30286 74.26162,15.30246 74.26139,15.30215 74.26117,15.30187 74.26069,15.30123 74.26048,15.30095 74.25997,15.30036 74.25951,15.29952 74.25919,15.29898 74.25899,15.29819 74.25899,15.29782 74.25911,15.29715 74.25928,15.29655 74.25979,15.29554 74.26014,15.2947 74.26038,15.29414 74.26083,15.29334 74.26132,15.29258 74.262,15.29179 74.26287,15.29095 74.26352,15.29039 74.26399,15.28981 74.26404,15.28927 74.2636,15.28923 74.26291,15.28919 74.26291,15.2892 74.26244,15.28942 74.26185,15.28976 74.26135,15.28999 74.26096,15.29016 74.26049,15.29044 74.25995,15.29072 74.25924,15.29116 74.25882,15.29154 74.25738,15.2925 74.25662,15.29311 74.2558,15.29372 74.25487,15.29439 74.25384,15.29546 74.25327,15.29592 74.25237,15.29663 74.25213,15.29677 74.25195,15.29674 74.25168,15.29656 74.25129,15.296 74.25066,15.29514 74.2503,15.2945 74.24978,15.29378 74.24896,15.29379 74.24807,15.29421 74.24505,15.29654 74.24403,15.29655 74.24294,15.29644 74.24196,15.29645 74.24134,15.29628 74.24069,15.29582 74.23999,15.29516 74.23968,15.29474 74.23952,15.29425 74.23852,15.29382 74.23766,15.29333 74.23702,15.29251 74.23636,15.2914 74.23606,15.29062 74.23567,15.28989 74.23431,15.28967 74.23319,15.28948 74.23308,15.28937 74.2329,15.28908 74.23301,15.28853 74.23354,15.28697 74.23432,15.28444 74.23445,15.28343 74.23439,15.28306 74.23398,15.28247 74.23385,15.28223 74.23385,15.282 74.23448,15.28058 74.23479,15.28009 74.23538,15.2795 74.23562,15.27949 74.23625,15.27949 74.23661,15.27934 74.23699,15.27896 74.23718,15.27826 74.23627,15.27727 74.23561,15.2768 74.2351,15.27647 74.23478,15.27624 74.23455,15.27615 74.23417,15.27623 74.23362,15.27655 74.2329,15.27694 74.23256,15.27713 74.23192,15.2775 74.23153,15.27798 74.23121,15.27846 74.23086,15.2789 74.23015,15.27966 74.22997,15.2799 74.22942,15.28043 74.22878,15.28097 74.22789,15.28186 74.22761,15.28224 74.2272,15.28284 74.22695,15.28277 74.22647,15.28365 74.22634,15.28456 74.22619,15.28513 74.226,15.2856 74.22571,15.28616 74.22526,15.28684 74.22496,15.28724 74.22476,15.28736 74.22452,15.28737 74.22429,15.28727 74.22383,15.28699 74.22317,15.2868 74.22246,15.28642 74.22158,15.28598 74.22101,15.28577 74.22098,15.28578 74.22073,15.28575 74.22065,15.28575 74.2205,15.28578 74.22041,15.28583 74.22024,15.28597 74.22023,15.286 74.22009,15.28613 74.21968,15.28659 74.21965,15.2866 74.2196,15.28664 74.21951,15.2867 74.2195,15.28671 74.21942,15.28675 74.21932,15.28678 74.21922,15.28681 74.2191,15.28683 74.21892,15.28683 74.21865,15.2868 74.21833,15.28671 74.21821,15.28669 74.21805,15.28669 74.21798,15.28671 74.21797,15.28673 74.21782,15.28679 74.21769,15.28687 74.21743,15.28706 74.21718,15.28725 74.21686,15.2874 74.2168,15.28749 74.21673,15.28755 74.21664,15.28765 74.21662,15.2877 74.21656,15.28778 74.21649,15.28795 74.21644,15.28803 74.21635,15.2881 74.21629,15.28813 74.21621,15.28817 74.21607,15.2882 74.21596,15.28821 74.21558,15.28813 74.21549,15.28812 74.21538,15.28812 74.2151,15.28818 74.215,15.28824 74.21493,15.28826 74.2146,15.28834 74.2145,15.28841 74.21436,15.2885 74.21421,15.28863 74.21413,15.28871 74.21394,15.28886 74.21385,15.28889 74.21354,15.28895 74.21338,15.28899 74.21322,15.28905 74.21305,15.28914 74.21296,15.2892 74.21292,15.28928 74.21288,15.28932 74.21284,15.28942 74.21268,15.28959 74.21264,15.28963 74.21258,15.2897 74.21242,15.28985 74.21225,15.29004 74.21213,15.29014 74.21207,15.29018 74.21198,15.29021 74.21188,15.29029 74.21179,15.29023 74.21153,15.29013 74.21126,15.28998 74.21113,15.28988 74.21094,15.28975 74.21077,15.28962 74.21062,15.28949 74.21046,15.28933 74.2104,15.28925 74.21029,15.28908 74.21014,15.28884 74.20996,15.28847 74.20976,15.28814 74.20964,15.28791 74.20953,15.28764 74.20942,15.28746 74.20934,15.28733 74.20925,15.28715 74.20899,15.28677 74.20877,15.2864 74.2085,15.28602 74.20834,15.28582 74.20811,15.28561 74.20804,15.28556 74.20783,15.28548 74.20771,15.28547 74.20759,15.28547 74.20753,15.28548 74.20744,15.28554 74.20722,15.28572 74.20719,15.28574 74.20699,15.28591 74.20692,15.28596 74.20658,15.28624 74.20635,15.28647 74.20632,15.28651 74.20597,15.28688 74.20585,15.28698 74.20576,15.28703 74.20558,15.28711 74.20533,15.2872 74.20493,15.28728 74.2048,15.2873 74.2046,15.28731 74.20451,15.2873 74.20433,15.28722 74.20408,15.28714 74.20402,15.2871 74.20396,15.28702 74.2039,15.28698 74.20369,15.28685 74.2036,15.28677 74.2035,15.28668 74.20327,15.28649 74.20301,15.28621 74.20281,15.28601 74.20258,15.28575 74.20226,15.28536 74.20223,15.28533 74.20215,15.28527 74.20205,15.28522 74.20194,15.28519 74.20186,15.28519 74.20174,15.28521 74.20147,15.28535 74.20121,15.28555 74.20109,15.28562 74.20108,15.28563 74.20091,15.28571 74.20083,15.28573 74.20074,15.28571 74.20066,15.28568 74.20063,15.28565 74.20054,15.28551 74.20049,15.28545 74.20034,15.28521 74.20015,15.28488 74.20003,15.28471 74.20002,15.2847 74.19993,15.28459 74.19973,15.28441 74.19962,15.28432 74.19954,15.28428 74.19929,15.28422 74.1992,15.28421 74.19912,15.28422 74.19892,15.28425 74.19874,15.28434 74.19871,15.28434 74.19868,15.28436 74.19828,15.28484 74.19807,15.28511 74.19802,15.28518 74.198,15.28523 74.19797,15.28527 74.19787,15.28535 74.19776,15.2854 74.19759,15.28543 74.19748,15.28542 74.19737,15.28537 74.19732,15.28534 74.19714,15.2852 74.19707,15.28513 74.19698,15.285 74.19694,15.2849 74.19691,15.28473 74.19692,15.2846 74.19698,15.2843 74.19703,15.28418 74.19719,15.28382 74.19724,15.28371 74.19731,15.28348 74.19735,15.28325 74.19733,15.28307 74.1973,15.28298 74.19727,15.28293 74.19723,15.28288 74.19717,15.28284 74.19679,15.28276 74.19674,15.28275 74.19672,15.28275 74.19636,15.28278 74.19607,15.28278 74.19589,15.28279 74.19582,15.28281 74.19568,15.28287 74.19559,15.28294 74.1955,15.283 74.19547,15.28305 74.19523,15.28357 74.19518,15.28367 74.19502,15.28405 74.19486,15.28431 74.19467,15.28455 74.19444,15.28477 74.19431,15.28486 74.194,15.2851 74.19392,15.28515 74.19374,15.28528 74.19369,15.2853 74.19357,15.28531 74.19349,15.2853 74.19333,15.28523 74.19314,15.28511 74.19306,15.28506 74.19302,15.28501 74.1929,15.28479 74.1929,15.28477 74.19288,15.28474 74.19282,15.28461 74.19278,15.28443 74.19278,15.28431 74.1928,15.28419 74.19286,15.28398 74.19298,15.28373 74.19319,15.28334 74.19321,15.28327 74.19323,15.28305 74.19323,15.28299 74.1932,15.28291 74.19314,15.28281 74.19308,15.28275 74.19287,15.28256 74.19283,15.28251 74.19268,15.28242 74.19247,15.28232 74.19233,15.28224 74.19227,15.28222 74.1922,15.28221 74.1921,15.28221 74.19198,15.28222 74.19178,15.28231 74.19164,15.28238 74.19163,15.28239 74.19156,15.28243 74.19092,15.28286 74.19068,15.28302 74.19055,15.28313 74.19042,15.28326 74.19038,15.28332 74.19037,15.28336 74.19035,15.28339 74.19026,15.28349 74.19007,15.28376 74.1899,15.28407 74.18984,15.28421 74.1898,15.28434 74.18978,15.2845 74.18977,15.28465 74.1898,15.28471 74.18982,15.28476 74.18983,15.28476 74.18989,15.28487 74.18992,15.28492 74.19013,15.28508 74.19025,15.28524 74.19032,15.28531 74.19042,15.28544 74.19047,15.28553 74.19049,15.28559 74.1905,15.28569 74.19049,15.28586 74.19048,15.28593 74.19046,15.28597 74.19036,15.28611 74.19031,15.28615 74.19017,15.28625 74.19011,15.28628 74.18988,15.28632 74.18966,15.28634 74.18909,15.28635 74.18881,15.2864 74.1886,15.28643 74.18839,15.28649 74.18828,15.28654 74.18822,15.28658 74.18782,15.28689 74.18775,15.28693 74.18747,15.28703 74.18737,15.28705 74.18722,15.28703 74.18712,15.287 74.18691,15.28693 74.18667,15.28681 74.18643,15.28663 74.18619,15.28643 74.18605,15.28633 74.18596,15.28625 74.18549,15.2858 74.18531,15.28565 74.18516,15.28555 74.18508,15.28551 74.18506,15.28549 74.18503,15.28547 74.18471,15.2854 74.18454,15.28538 74.18441,15.28538 74.18428,15.28535 74.18417,15.28529 74.18386,15.28506 74.18357,15.28489 74.18326,15.28472 74.18317,15.28472 74.18301,15.28474 74.18291,15.28476 74.18279,15.28481 74.18271,15.28482 74.18262,15.28482 74.18251,15.28482 74.18244,15.28481 74.18242,15.28479 74.18236,15.28474 74.18231,15.28464 74.18229,15.28455 74.18225,15.28434 74.18225,15.28405 74.18221,15.28392 74.18213,15.28377 74.182,15.28369 74.18183,15.28363 74.18172,15.2836 74.1812,15.28361 74.18091,15.28364 74.18042,15.28371 74.18032,15.28374 74.18001,15.28378 74.17991,15.28379 74.17971,15.28378 74.17933,15.28374 74.17876,15.28362 74.17864,15.28358 74.17829,15.28349 74.17805,15.28339 74.17782,15.28325 74.17769,15.28312 74.17756,15.28301 74.17723,15.28263 74.17714,15.28251 74.177,15.28227 74.17685,15.28192 74.17677,15.28176 74.17665,15.28161 74.17659,15.28157 74.17653,15.28154 74.17637,15.2815 74.1763,15.2815 74.17627,15.2815 74.1762,15.28154 74.17615,15.28155 74.176,15.28156 74.17587,15.28158 74.1755,15.28157 74.17528,15.28156 74.17472,15.28148 74.17459,15.28147 74.17448,15.28145 74.17431,15.28144 74.17419,15.28145 74.17403,15.28147 74.1737,15.28155 74.17369,15.28156 74.17357,15.28158 74.17341,15.2816 74.17313,15.28161 74.17295,15.28159 74.17282,15.28156 74.17237,15.28142 74.17205,15.28127 74.17196,15.28121 74.17181,15.28106 74.17132,15.28058 74.17125,15.28054 74.17112,15.28047 74.171,15.28043 74.1709,15.28041 74.17086,15.28041 74.17071,15.28045 74.17058,15.28052 74.17034,15.28067 74.1701,15.28086 74.16995,15.28092 74.1698,15.281 74.16959,15.28103 74.16945,15.28103 74.16929,15.28103 74.16866,15.28096 74.16843,15.28091 74.16825,15.28086 74.16813,15.28084 74.16783,15.28073 74.16758,15.28059 74.16756,15.28057 74.1675,15.28053 74.16744,15.28047 74.16737,15.28037 74.16725,15.28025 74.16715,15.28019 74.167,15.28012 74.16656,15.27999 74.16623,15.27986 74.16607,15.27975 74.16591,15.27961 74.16581,15.27954 74.16552,15.27943 74.16537,15.27943 74.16529,15.27944 74.16524,15.27945 74.16517,15.27949 74.16508,15.27956 74.165,15.27963 74.16475,15.27989 74.16458,15.28009 74.16456,15.28012 74.16455,15.28013 74.16446,15.28026 74.16441,15.28036 74.16432,15.28063 74.1643,15.2807 74.16422,15.28096 74.16422,15.28147 74.16424,15.2816 74.16428,15.28176 74.16429,15.28184 74.16434,15.28207 74.16437,15.28217 74.16438,15.28233 74.16438,15.28252 74.16437,15.28271 74.16428,15.28308 74.16425,15.28331 74.16424,15.28345 74.16423,15.28352 74.1642,15.28379 74.16418,15.28413 74.16414,15.28436 74.16413,15.2845 74.16409,15.28514 74.164,15.28565 74.16394,15.28584 74.16383,15.2861 74.16376,15.28621 74.16375,15.28622 74.16373,15.28627 74.16368,15.28633 74.16361,15.28641 74.16336,15.28662 74.16313,15.28684 74.16298,15.28701 74.16288,15.28714 74.16284,15.28723 74.16277,15.28753 74.16274,15.28774 74.16274,15.28779 74.16272,15.28787 74.16263,15.28813 74.16258,15.28822 74.16255,15.28831 74.16248,15.28866 74.16242,15.28901 74.1623,15.28935 74.16221,15.28975 74.16219,15.28993 74.16214,15.2901 74.16211,15.29021 74.1621,15.29035 74.1621,15.29071 74.16211,15.29088 74.16218,15.29126 74.16218,15.29142 74.16217,15.29148 74.16217,15.29157 74.16207,15.29197 74.16195,15.29227 74.16182,15.29248 74.16163,15.29275 74.1613,15.29317 74.16112,15.29334 74.16102,15.29346 74.16091,15.29364 74.16087,15.29375 74.16083,15.29388 74.16083,15.29396 74.16083,15.29418 74.16094,15.29431 74.16104,15.29442 74.1611,15.29447 74.16125,15.29453 74.16152,15.29462 74.16213,15.29472 74.16226,15.29476 74.16239,15.2948 74.16246,15.29483 74.1625,15.29486 74.16269,15.29509 74.16278,15.2953 74.16285,15.29551 74.16291,15.29578 74.16292,15.29585 74.16297,15.2962 74.16296,15.29639 74.16289,15.29664 74.16276,15.29693 74.16272,15.29699 74.16254,15.29712 74.16239,15.29727 74.16213,15.29744 74.16197,15.29754 74.16188,15.29758 74.16175,15.29759 74.16167,15.29759 74.1616,15.29758 74.16145,15.29751 74.1613,15.29745 74.16121,15.29743 74.16103,15.2974 74.16079,15.2974 74.16073,15.29741 74.16063,15.29746 74.16041,15.2976 74.16028,15.29782 74.16017,15.29796 74.16005,15.29815 74.16004,15.29815 74.15997,15.29829 74.15991,15.29847 74.15986,15.2986 74.15978,15.29884 74.15975,15.29895 74.15974,15.29906 74.15973,15.29973 74.15975,15.2999 74.15979,15.30011 74.15978,15.30035 74.1598,15.30045 74.15987,15.30068 74.15996,15.30083 74.16004,15.30093 74.16007,15.30095 74.16014,15.30104 74.16021,15.30115 74.16022,15.30115 74.16032,15.30133 74.16035,15.30136 74.16049,15.30162 74.1605,15.30162 74.16063,15.30185 74.16064,15.30185 74.16079,15.30208 74.16088,15.30219 74.16116,15.30266 74.16129,15.30295 74.16138,15.30317 74.16146,15.30335 74.1615,15.3035 74.16159,15.30378 74.1616,15.30384 74.16158,15.30404 74.16158,15.30408 74.16157,15.30411 74.16153,15.30415 74.16135,15.30427 74.16125,15.30433 74.16115,15.3044 74.16094,15.30452 74.1604,15.30478 74.16014,15.30493 74.16004,15.30498 74.15989,15.30508 74.15967,15.30525 74.15956,15.30533 74.15947,15.30542 74.15933,15.30561 74.15932,15.30566 74.15932,15.30574 74.1593,15.30581 74.1593,15.30588 74.15932,15.30594 74.15941,15.3061 74.15956,15.30628 74.15987,15.30665 74.16006,15.30692 74.16019,15.30705 74.16024,15.30711 74.16043,15.30742 74.16046,15.30745 74.16046,15.30746 74.16051,15.30752 74.16073,15.30788 74.16098,15.30822 74.16122,15.30849 74.16136,15.3087 74.16146,15.309 74.16149,15.30913 74.16157,15.30942 74.16167,15.30969 74.16172,15.3099 74.1618,15.31016 74.16186,15.31036 74.16187,15.31047 74.16185,15.31052 74.16174,15.31063 74.16171,15.31065 74.16144,15.31074 74.16127,15.31078 74.16111,15.31084 74.16104,15.31088 74.16087,15.31098 74.16075,15.31108 74.16069,15.31118 74.16064,15.31124 74.16058,15.31133 74.16056,15.3114 74.16053,15.31145 74.16045,15.3117 74.16039,15.31204 74.16039,15.31207 74.16042,15.31206 74.16051,15.31204 74.1608,15.31199 74.16083,15.312 74.16092,15.31204 74.16098,15.31206 74.16102,15.31209 74.16104,15.31209 74.16107,15.31213 74.16113,15.31215 74.16116,15.31219 74.16127,15.31223 74.16149,15.31231 74.16181,15.3124 74.16183,15.31241 74.16184,15.31243 74.16197,15.31251 74.162,15.31254 74.16203,15.31261 74.16203,15.31267 74.162,15.31281 74.16195,15.3129 74.16185,15.31307 74.1618,15.31313 74.16178,15.3132 74.16178,15.31325 74.16183,15.31337 74.16185,15.31341 74.16191,15.31346 74.16193,15.31347 74.16203,15.31347 74.16219,15.31345 74.16228,15.31341 74.16246,15.31329 74.16252,15.31322 74.16266,15.31319 74.16278,15.31319 74.16281,15.3132 74.16286,15.31323 74.16288,15.31328 74.163,15.31342 74.16306,15.31352 74.16309,15.31354 74.16314,15.31354 74.16329,15.3135 74.16332,15.31345 74.16335,15.31343 74.1634,15.31318 74.16343,15.31311 74.16344,15.31306 74.16347,15.31298 74.16348,15.31293 74.16355,15.31288 74.1636,15.31282 74.16365,15.3128 74.16374,15.31272 74.16399,15.31258 74.16419,15.31249 74.16422,15.31246 74.16427,15.31244 74.16431,15.31237 74.16436,15.31231 74.16439,15.31224 74.16444,15.31216 74.16446,15.31209 74.16448,15.31201 74.16448,15.31166 74.16448,15.31161 74.16448,15.31141 74.16471,15.31153 74.1652,15.31181 74.16712,15.31285 74.16895,15.31384 74.16914,15.31394 74.16906,15.31424 74.16881,15.31514 74.1688,15.31523 74.16867,15.31597 74.16831,15.31795 74.16834,15.31808 74.16848,15.31872 74.16899,15.3207 74.16925,15.32169 74.16952,15.32278 74.16812,15.3227 74.1675,15.32285 74.16733,15.32289 74.16724,15.32295 74.16691,15.32315 74.16657,15.32386 74.16649,15.32418 74.16658,15.32626 74.16665,15.3277 74.16668,15.32835 74.16673,15.32939 74.16677,15.33053 74.1667,15.33188 74.16664,15.33386 74.16667,15.33404 74.16711,15.33665 74.16735,15.34 74.16749,15.34014 74.16784,15.34049 74.16842,15.34071 74.16899,15.34091 74.16967,15.34162 74.17026,15.34219 74.17048,15.34221 74.17058,15.3422 74.17069,15.34216 74.17083,15.34207 74.17103,15.3419 74.17107,15.34183 74.17108,15.34176 74.17108,15.34166 74.17106,15.34151 74.17068,15.34114 74.17015,15.34071 74.17005,15.34053 74.17009,15.34034 74.17011,15.34031 74.1703,15.34013 74.17053,15.33998 74.17101,15.33988 74.1711,15.33988 74.17157,15.33985 74.17203,15.33982 74.17249,15.3399 74.17325,15.34027 74.17391,15.34101 74.17398,15.34113 74.17499,15.3428 74.1753,15.34309 74.17661,15.34335 74.17828,15.34341 74.179,15.34307 74.17908,15.34257 74.17889,15.34237 74.17853,15.342 74.17809,15.34126 74.17825,15.34061 74.1788,15.34024 74.17885,15.34021 74.17894,15.33973</coordinates></LinearRing></outerBoundaryIs></Polygon></MultiGeometry>
  </Placemark>
  <Placemark id="WG_ESA_2024_GA.85">
	<name>Colomba</name>
	<Style><LineStyle><color>ff0000ff</color></LineStyle><PolyStyle><fill>0</fill></PolyStyle></Style>
	<ExtendedData><SchemaData schemaUrl="#WG_ESA_2024_GA">
		<SimpleData name="esa_category">whole_village</SimpleData>
		<SimpleData name="area_km2">17.682</SimpleData>
	</SchemaData></ExtendedData>
      <MultiGeometry><Polygon><outerBoundaryIs><LinearRing><coordinates>74.14805,15.16745 74.14857,15.16764 74.149,15.16779 74.14946,15.16799 74.15065,15.16852 74.15116,15.16874 74.15176,15.16899 74.15239,15.16926 74.15296,15.16954 74.15348,15.1698 74.15375,15.16994 74.15393,15.17005 74.15432,15.17032 74.15484,15.16973 74.15512,15.1694 74.15517,15.16934 74.15542,15.16894 74.15546,15.16865 74.15543,15.1682 74.15531,15.16759 74.15532,15.16731 74.15538,15.16695 74.15541,15.16636 74.15553,15.16506 74.15562,15.16376 74.1558,15.16256 74.15607,15.16148 74.15629,15.16045 74.15656,15.15945 74.15694,15.15838 74.15703,15.15816 74.15692,15.15785 74.15684,15.15764 74.15669,15.15727 74.15655,15.15702 74.15636,15.15669 74.15624,15.15637 74.15599,15.15588 74.15578,15.15532 74.15546,15.15468 74.15521,15.15415 74.15493,15.1537 74.15478,15.15336 74.15473,15.15322 74.15478,15.15308 74.15508,15.15269 74.15537,15.1523 74.15557,15.15195 74.15569,15.15172 74.15572,15.15162 74.15578,15.15128 74.15588,15.15084 74.15597,15.15048 74.15612,15.14964 74.15618,15.1492 74.15627,15.14846 74.1563,15.14802 74.15621,15.14759 74.15618,15.14711 74.15602,15.14648 74.15594,15.146 74.15589,15.14563 74.15594,15.14553 74.15611,15.14538 74.15654,15.14511 74.15695,15.14488 74.1574,15.14456 74.15748,15.14445 74.15734,15.1434 74.15725,15.1431 74.15715,15.14283 74.15724,15.14223 74.15729,15.14195 74.15731,15.14159 74.15721,15.14112 74.15653,15.14011 74.1559,15.13916 74.15554,15.13866 74.15516,15.13812 74.15494,15.13774 74.15484,15.13741 74.1548,15.13712 74.15462,15.13604 74.15453,15.13557 74.15454,15.13507 74.15454,15.13465 74.15468,15.13386 74.15478,15.1334 74.15487,15.13288 74.15447,15.13256 74.15392,15.13213 74.15341,15.13181 74.15301,15.1315 74.15264,15.13124 74.15243,15.13105 74.15201,15.13068 74.15236,15.13043 74.15348,15.12951 74.15366,15.12934 74.15407,15.12901 74.15457,15.12852 74.15472,15.12803 74.15486,15.12752 74.15486,15.12731 74.1549,15.12659 74.15465,15.12652 74.15403,15.12644 74.15398,15.12619 74.15365,15.12565 74.15358,15.12527 74.15386,15.12446 74.15399,15.12345 74.15407,15.12206 74.1539,15.12203 74.15348,15.12187 74.15322,15.12179 74.15302,15.1216 74.15277,15.12134 74.15199,15.12043 74.15039,15.11878 74.14844,15.11815 74.14764,15.1174 74.14548,15.11625 74.14362,15.1153 74.14328,15.11507 74.14316,15.11503 74.14292,15.11474 74.14276,15.11472 74.14248,15.11452 74.14223,15.1144 74.14185,15.11442 74.14168,15.11441 74.14133,15.11447 74.14113,15.11452 74.14106,15.11453 74.14085,15.11458 74.14062,15.11468 74.1402,15.11487 74.13974,15.11497 74.13934,15.11488 74.13872,15.11474 74.13811,15.11472 74.1375,15.1149 74.13698,15.11514 74.13641,15.11544 74.13593,15.11586 74.13553,15.11621 74.13492,15.11671 74.13452,15.11698 74.13427,15.11715 74.13382,15.11772 74.13385,15.11796 74.1338,15.11816 74.13374,15.11854 74.13383,15.11886 74.13374,15.1189 74.13377,15.119 74.13377,15.11912 74.13377,15.11913 74.13387,15.11934 74.13384,15.11974 74.13371,15.12001 74.13347,15.12007 74.13309,15.12017 74.13275,15.12028 74.13254,15.12031 74.13209,15.12027 74.13146,15.12024 74.1311,15.12028 74.13054,15.12039 74.13001,15.12079 74.13,15.12079 74.12983,15.12097 74.12964,15.12122 74.12954,15.12127 74.12949,15.12145 74.12941,15.12165 74.12931,15.12185 74.12914,15.12206 74.12904,15.12226 74.12889,15.12254 74.12872,15.12278 74.12867,15.12285 74.12853,15.12306 74.12838,15.12333 74.12829,15.12357 74.12823,15.12379 74.12819,15.12396 74.12818,15.12405 74.12816,15.12425 74.12816,15.12426 74.12816,15.12468 74.12813,15.12488 74.12813,15.12502 74.12815,15.12516 74.12816,15.12537 74.12817,15.12565 74.12819,15.12611 74.12835,15.12655 74.12854,15.12713 74.12865,15.12764 74.12874,15.12811 74.12877,15.12849 74.12878,15.12872 74.12883,15.12888 74.12889,15.12899 74.12901,15.12906 74.1292,15.12908 74.12946,15.12899 74.12987,15.12879 74.13014,15.12866 74.13034,15.12858 74.13057,15.12855 74.13085,15.12858 74.13113,15.12867 74.13146,15.12899 74.13186,15.12947 74.13226,15.13007 74.1325,15.13051 74.13262,15.1308 74.13265,15.13104 74.13266,15.13126 74.13261,15.1315 74.13257,15.13165 74.13246,15.13184 74.13225,15.13203 74.13205,15.13217 74.13176,15.13229 74.13152,15.13233 74.13126,15.13234 74.13105,15.13236 74.13091,15.13241 74.13085,15.13249 74.13084,15.13263 74.13085,15.13278 74.13093,15.13291 74.1311,15.13314 74.13125,15.13332 74.13131,15.13345 74.13127,15.13386 74.13124,15.13432 74.13124,15.13487 74.13129,15.13536 74.13139,15.13556 74.13154,15.13586 74.1317,15.13613 74.13181,15.1364 74.13193,15.13667 74.13197,15.13695 74.13198,15.13742 74.13197,15.1381 74.13194,15.13847 74.13192,15.1387 74.13187,15.13886 74.13178,15.13898 74.1317,15.13907 74.13152,15.13913 74.13133,15.13915 74.13096,15.13915 74.13069,15.13916 74.13047,15.13915 74.1302,15.13915 74.12985,15.13918 74.12962,15.13922 74.12936,15.13931 74.12914,15.13943 74.12897,15.13956 74.1289,15.1397 74.12887,15.13986 74.1289,15.14021 74.12893,15.14039 74.12906,15.14078 74.12918,15.1412 74.12921,15.14151 74.12921,15.14171 74.12919,15.1419 74.1291,15.14211 74.12895,15.14233 74.12873,15.14254 74.12854,15.14271 74.1284,15.14281 74.12824,15.14291 74.12807,15.14295 74.12783,15.14299 74.12759,15.14302 74.12733,15.143 74.1271,15.14299 74.12687,15.14294 74.1267,15.14286 74.12649,15.14274 74.12623,15.14264 74.12601,15.14247 74.12587,15.1424 74.12574,15.14237 74.12561,15.14237 74.12551,15.1424 74.12539,15.14248 74.12518,15.14276 74.12494,15.14318 74.12477,15.14343 74.12456,15.14375 74.12441,15.14396 74.12422,15.14421 74.12411,15.14442 74.12408,15.14445 74.12404,15.14461 74.12402,15.14523 74.124,15.14578 74.12389,15.1462 74.12374,15.14676 74.12368,15.14724 74.12353,15.14743 74.12333,15.14763 74.12324,15.14781 74.12322,15.14805 74.12327,15.14835 74.12334,15.14871 74.12341,15.14907 74.12336,15.14932 74.12313,15.14964 74.12287,15.14986 74.12264,15.14997 74.12221,15.14996 74.122,15.14995 74.1215,15.1499 74.12116,15.14985 74.12078,15.14992 74.12035,15.15002 74.12,15.15001 74.11973,15.14993 74.11951,15.14987 74.1194,15.14993 74.11932,15.1501 74.11931,15.15029 74.11931,15.15056 74.1194,15.15119 74.11942,15.15147 74.11935,15.15176 74.11927,15.15204 74.1191,15.15239 74.11894,15.15263 74.11869,15.15292 74.11841,15.15317 74.11823,15.15338 74.118,15.15355 74.11779,15.15364 74.11758,15.15372 74.11734,15.15375 74.1172,15.15379 74.11696,15.15384 74.11668,15.15399 74.11645,15.15421 74.11627,15.15437 74.11741,15.155 74.11799,15.15527 74.11857,15.15553 74.11907,15.15576 74.11968,15.15604 74.12061,15.15653 74.12132,15.15694 74.12185,15.15726 74.12256,15.1578 74.12261,15.15783 74.1227,15.15863 74.12274,15.15898 74.12273,15.15964 74.12275,15.16083 74.12275,15.16104 74.12266,15.16216 74.12362,15.16274 74.12368,15.16315 74.12372,15.16388 74.12377,15.16427 74.1241,15.16423 74.12439,15.16422 74.12468,15.16417 74.12497,15.16408 74.12516,15.16403 74.12542,15.16399 74.12564,15.16401 74.1259,15.16415 74.12618,15.16431 74.1264,15.16447 74.12675,15.16479 74.127,15.16506 74.12724,15.16553 74.12752,15.16603 74.12786,15.16686 74.12801,15.16716 74.1284,15.16815 74.12877,15.16916 74.12866,15.16931 74.12855,15.16945 74.12816,15.16995 74.12798,15.1702 74.12789,15.17032 74.12813,15.17044 74.12858,15.17084 74.12932,15.1715 74.13017,15.17225 74.13065,15.17246 74.13279,15.17183 74.13575,15.17105 74.13745,15.17047 74.13911,15.17001 74.14041,15.16957 74.14145,15.16941 74.14296,15.16917 74.14348,15.1691 74.14361,15.16908 74.14478,15.16879 74.14585,15.16836 74.14701,15.16783 74.14805,15.16745</coordinates></LinearRing></outerBoundaryIs></Polygon></MultiGeometry>
  </Placemark>
  <Placemark id="WG_ESA_2024_GA.86">
	<name>Cumbari</name>
	<Style><LineStyle><color>ff0000ff</color></LineStyle><PolyStyle><fill>0</fill></PolyStyle></Style>
	<ExtendedData><SchemaData schemaUrl="#WG_ESA_2024_GA">
		<SimpleData name="esa_category">whole_village</SimpleData>
		<SimpleData name="area_km2">25.528</SimpleData>
	</SchemaData></ExtendedData>
      <MultiGeometry><Polygon><outerBoundaryIs><LinearRing><coordinates>74.3115,15.19255 74.31172,15.19219 74.31197,15.19176 74.31219,15.19143 74.31234,15.1912 74.31242,15.19109 74.3127,15.1907 74.31303,15.19024 74.31306,15.19021 74.31306,15.1902 74.31313,15.19015 74.31333,15.19 74.31336,15.18999 74.31345,15.18995 74.3138,15.18982 74.31385,15.1898 74.31388,15.18978 74.31414,15.18968 74.31419,15.18963 74.31445,15.1894 74.31446,15.18939 74.31448,15.18936 74.31457,15.18923 74.31467,15.1891 74.31469,15.18908 74.31478,15.189 74.31492,15.18886 74.31495,15.18883 74.31499,15.18881 74.31532,15.18857 74.3156,15.18836 74.31566,15.18829 74.31584,15.1881 74.31608,15.18784 74.3166,15.18689 74.31676,15.18661 74.31692,15.18633 74.31693,15.18631 74.31694,15.18629 74.31696,15.18626 74.31699,15.18606 74.317,15.18602 74.31703,15.18587 74.31705,15.18573 74.31705,15.18572 74.31704,15.18544 74.31704,15.18526 74.31704,15.18502 74.31703,15.18477 74.31703,15.18471 74.31701,15.18449 74.31703,15.1844 74.31704,15.18438 74.31704,15.18435 74.31705,15.18432 74.31716,15.18421 74.31724,15.18412 74.3173,15.184 74.31733,15.18393 74.31735,15.18389 74.31736,15.18383 74.31738,15.18375 74.31731,15.18364 74.31697,15.18331 74.31519,15.18155 74.31484,15.1812 74.31452,15.18088 74.31417,15.18054 74.31411,15.18045 74.3141,15.18043 74.31333,15.17921 74.31156,15.17534 74.31138,15.17503 74.31097,15.17434 74.31068,15.17384 74.3103,15.17318 74.31001,15.17269 74.30989,15.17247 74.30944,15.17172 74.30886,15.17074 74.30866,15.1704 74.30851,15.17015 74.30828,15.16975 74.30779,15.16893 74.30749,15.16843 74.30718,15.1679 74.30621,15.16626 74.30552,15.16509 74.30547,15.165 74.30464,15.16361 74.30446,15.16333 74.3044,15.16325 74.30158,15.15904 74.30155,15.15901 74.30149,15.15892 74.29927,15.15657 74.29919,15.15648 74.29777,15.15437 74.29656,15.15258 74.29567,15.15124 74.2956,15.15119 74.29132,15.14794 74.29071,15.14748 74.28828,15.14945 74.28823,15.14945 74.28698,15.14928 74.28545,15.14908 74.28528,15.14905 74.28514,15.14903 74.28513,15.14903 74.28513,15.14897 74.28503,15.14833 74.28476,15.14647 74.28468,15.14594 74.28462,15.14551 74.28461,15.14542 74.28456,15.14541 74.28363,15.1453 74.28362,15.1453 74.28362,15.14485 74.28358,15.14311 74.28358,15.14294 74.28358,15.14288 74.28358,15.14287 74.28368,15.14261 74.2837,15.14256 74.28435,15.14082 74.2848,15.13963 74.28484,15.13953 74.28489,15.13941 74.28491,15.13935 74.28312,15.13841 74.28266,15.13839 74.28228,15.13839 74.28083,15.13799 74.27922,15.13763 74.27736,15.13713 74.27579,15.13699 74.27486,15.13693 74.27445,15.13694 74.27379,15.13732 74.27112,15.13902 74.27004,15.13978 74.26886,15.1406 74.26783,15.14132 74.26714,15.14183 74.26663,15.14226 74.26642,15.14263 74.26604,15.14318 74.26568,15.14393 74.26543,15.14445 74.26519,15.14536 74.26508,15.14612 74.26497,15.14675 74.26475,15.14728 74.26448,15.14796 74.26413,15.14865 74.26372,15.14942 74.26329,15.15022 74.26261,15.15136 74.26232,15.15203 74.26224,15.15243 74.26183,15.15336 74.26156,15.15424 74.26126,15.15474 74.26092,15.15541 74.26049,15.15635 74.26033,15.15637 74.26019,15.15636 74.26008,15.15637 74.25994,15.15639 74.2599,15.15641 74.25989,15.15643 74.25958,15.1563 74.25943,15.15619 74.25941,15.15617 74.25933,15.15612 74.25893,15.15581 74.2588,15.1557 74.25861,15.15548 74.25835,15.15523 74.25828,15.15517 74.25817,15.15507 74.25799,15.15496 74.25779,15.15486 74.25776,15.15483 74.25773,15.15482 74.25761,15.15478 74.25746,15.15471 74.25733,15.15467 74.25692,15.15449 74.25641,15.15432 74.25616,15.15421 74.25604,15.15418 74.25589,15.15416 74.25561,15.15413 74.2556,15.15414 74.25543,15.15422 74.25521,15.1543 74.25506,15.15433 74.25491,15.15433 74.25475,15.15431 74.25462,15.15428 74.25454,15.15423 74.25442,15.15415 74.25427,15.154 74.25392,15.15371 74.25379,15.15364 74.25364,15.15358 74.25346,15.15353 74.25335,15.15351 74.25321,15.15351 74.25309,15.15354 74.25288,15.15366 74.2526,15.15385 74.2523,15.15409 74.25184,15.1547 74.25165,15.15508 74.25154,15.15562 74.2515,15.15624 74.2514,15.15682 74.25118,15.15742 74.25083,15.15814 74.25045,15.15956 74.25074,15.16253 74.2489,15.16318 74.2489,15.1651 74.25085,15.16489 74.25086,15.16915 74.24952,15.1693 74.2497,15.17164 74.24995,15.17286 74.25014,15.17404 74.2503,15.17506 74.25041,15.17601 74.25054,15.17677 74.25078,15.17727 74.25091,15.17745 74.25124,15.17775 74.25185,15.17822 74.25261,15.17908 74.25338,15.17978 74.25401,15.18039 74.25458,15.18089 74.25508,15.18121 74.25561,15.18152 74.25618,15.18178 74.25686,15.18206 74.2575,15.1823 74.25827,15.18248 74.25912,15.18268 74.25984,15.18293 74.26137,15.18305 74.26244,15.18318 74.26375,15.18315 74.26489,15.183 74.26593,15.18286 74.26735,15.18276 74.26937,15.18253 74.27142,15.18207 74.27293,15.18192 74.27435,15.18187 74.27607,15.18183 74.27762,15.18173 74.27878,15.1816 74.28033,15.18157 74.28166,15.18165 74.28289,15.18182 74.28359,15.18193 74.2843,15.18207 74.28492,15.18221 74.28557,15.18243 74.2864,15.18271 74.2871,15.18307 74.28756,15.18343 74.2881,15.1837 74.28873,15.1839 74.28926,15.18393 74.28959,15.18402 74.29,15.18428 74.29027,15.18461 74.2907,15.18504 74.29269,15.18671 74.29503,15.18823 74.29577,15.18873 74.29649,15.1894 74.29749,15.19044 74.29871,15.19177 74.30116,15.19453 74.30156,15.19515 74.30193,15.19592 74.30425,15.19499 74.30617,15.1941 74.30868,15.19306 74.3114,15.19273 74.3115,15.19255</coordinates></LinearRing></outerBoundaryIs></Polygon></MultiGeometry>
  </Placemark>
  <Placemark id="WG_ESA_2024_GA.87">
	<name>Curdem</name>
	<Style><LineStyle><color>ff0000ff</color></LineStyle><PolyStyle><fill>0</fill></PolyStyle></Style>
	<ExtendedData><SchemaData schemaUrl="#WG_ESA_2024_GA">
		<SimpleData name="esa_category">whole_village</SimpleData>
		<SimpleData name="area_km2">10.68</SimpleData>
	</SchemaData></ExtendedData>
      <MultiGeometry><Polygon><outerBoundaryIs><LinearRing><coordinates>74.15947,15.14796 74.15963,15.14767 74.1599,15.1473 74.16027,15.14698 74.16067,15.14682 74.16083,15.1467 74.16096,15.14639 74.16108,15.14609 74.1612,15.14581 74.16135,15.14528 74.16147,15.14482 74.16172,15.14409 74.16188,15.14358 74.16207,15.14332 74.16245,15.14285 74.16284,15.14253 74.16357,15.142 74.16404,15.14173 74.16433,15.14156 74.16495,15.14123 74.16541,15.14106 74.16594,15.14086 74.16637,15.1407 74.16674,15.14063 74.16746,15.14059 74.16849,15.14053 74.16914,15.14051 74.17057,15.14042 74.17169,15.14031 74.17243,15.14027 74.17334,15.14023 74.17383,15.14014 74.17474,15.13991 74.17543,15.13952 74.17607,15.13921 74.17668,15.13891 74.1771,15.13874 74.17809,15.13839 74.17874,15.13807 74.17979,15.13753 74.18025,15.13728 74.18113,15.13682 74.18195,15.13634 74.18247,15.13604 74.18295,15.13574 74.18334,15.13547 74.18376,15.13528 74.18422,15.13516 74.18456,15.13508 74.18496,15.13503 74.18559,15.13499 74.18587,15.13504 74.18611,15.13516 74.18647,15.13549 74.18693,15.13587 74.1872,15.13603 74.18753,15.13617 74.18772,15.13621 74.18805,15.13626 74.18838,15.13632 74.18856,15.13636 74.1888,15.13647 74.18898,15.13666 74.18911,15.13686 74.18921,15.13711 74.18936,15.13729 74.18941,15.13678 74.18939,15.13658 74.18939,15.13637 74.1894,15.13617 74.18949,15.13589 74.18953,15.13565 74.18954,15.13538 74.18951,15.13514 74.18947,15.13485 74.18944,15.13461 74.1894,15.13441 74.18944,15.13425 74.18951,15.13415 74.18975,15.13393 74.19007,15.13369 74.19042,15.13345 74.19085,15.13321 74.19097,15.13307 74.19103,15.13282 74.191,15.13271 74.19093,15.13256 74.19078,15.13234 74.19062,15.13215 74.19036,15.13189 74.19012,15.13171 74.18982,15.13153 74.18962,15.13143 74.18934,15.13122 74.18919,15.13107 74.18908,15.13092 74.18901,15.13078 74.18893,15.13055 74.18883,15.13031 74.1887,15.13004 74.18862,15.12992 74.18849,15.12975 74.18838,15.12959 74.18824,15.12934 74.18819,15.1291 74.18822,15.12886 74.1883,15.12865 74.18847,15.12845 74.18863,15.12834 74.18883,15.12828 74.18909,15.12822 74.18929,15.12824 74.18951,15.12829 74.18978,15.12842 74.19031,15.12882 74.19071,15.12913 74.19092,15.12924 74.19114,15.12932 74.19142,15.12934 74.19162,15.12928 74.19179,15.12913 74.19188,15.12897 74.1919,15.1288 74.19185,15.12867 74.19177,15.12849 74.19162,15.12835 74.1914,15.12809 74.19105,15.12781 74.19082,15.12764 74.1906,15.12744 74.19036,15.12725 74.19011,15.12708 74.19003,15.12697 74.18997,15.12687 74.18992,15.12666 74.19016,15.1264 74.19055,15.12608 74.1917,15.12582 74.19221,15.12561 74.19298,15.12496 74.19493,15.12446 74.19561,15.12402 74.19583,15.12317 74.19554,15.12277 74.19507,15.12266 74.19416,15.12272 74.19352,15.12271 74.19308,15.12243 74.19277,15.12215 74.19279,15.12176 74.19303,15.12134 74.19347,15.12102 74.19379,15.12082 74.1943,15.1207 74.19481,15.12056 74.19529,15.12016 74.1955,15.11971 74.19589,15.1188 74.19633,15.11756 74.1968,15.11706 74.19742,15.11674 74.19811,15.11645 74.1979,15.11551 74.19608,15.11463 74.19508,15.11477 74.19228,15.11531 74.19092,15.11567 74.19046,15.11555 74.18974,15.11519 74.18894,15.11429 74.18663,15.11169 74.18477,15.11061 74.18432,15.11043 74.18151,15.10931 74.17959,15.10831 74.17809,15.10822 74.17773,15.10847 74.17763,15.10863 74.17709,15.10904 74.17643,15.10991 74.17575,15.11092 74.17463,15.11217 74.17419,15.1124 74.17382,15.11259 74.17349,15.11338 74.1735,15.11364 74.17351,15.11386 74.17346,15.11434 74.1729,15.1147 74.17255,15.11471 74.17089,15.11424 74.17078,15.11421 74.17014,15.11455 74.17022,15.11566 74.17039,15.11602 74.1705,15.11624 74.17062,15.11686 74.17041,15.11761 74.17038,15.11772 74.16934,15.11919 74.16812,15.12036 74.16614,15.1198 74.16562,15.11966 74.16545,15.12082 74.16541,15.12112 74.16521,15.12165 74.16491,15.12183 74.16447,15.12196 74.16311,15.1223 74.16093,15.12305 74.16047,15.1229 74.1597,15.1229 74.15861,15.12339 74.15785,15.12253 74.15684,15.12335 74.15633,15.12351 74.15562,15.12243 74.1551,15.12224 74.15407,15.12206 74.15399,15.12345 74.15386,15.12446 74.15358,15.12527 74.15365,15.12565 74.15398,15.12619 74.15403,15.12644 74.15465,15.12652 74.1549,15.12659 74.15486,15.12731 74.15486,15.12752 74.15472,15.12803 74.15457,15.12852 74.15407,15.12901 74.15366,15.12934 74.15348,15.12951 74.15236,15.13043 74.15201,15.13068 74.15243,15.13105 74.15264,15.13124 74.15301,15.1315 74.15341,15.13181 74.15392,15.13213 74.15447,15.13256 74.15487,15.13288 74.15478,15.1334 74.15468,15.13386 74.15454,15.13465 74.15454,15.13507 74.15453,15.13557 74.15462,15.13604 74.1548,15.13712 74.15484,15.13741 74.15494,15.13774 74.15516,15.13812 74.15554,15.13866 74.1559,15.13916 74.15653,15.14011 74.15721,15.14112 74.15731,15.14159 74.15729,15.14195 74.15724,15.14223 74.15715,15.14283 74.15725,15.1431 74.15734,15.1434 74.15748,15.14445 74.1574,15.14456 74.15695,15.14488 74.15654,15.14511 74.15611,15.14538 74.15594,15.14553 74.15589,15.14563 74.15594,15.146 74.15602,15.14648 74.15618,15.14711 74.15621,15.14759 74.1563,15.14802 74.15756,15.14805 74.15811,15.14802 74.15843,15.14804 74.15894,15.14814 74.1591,15.14817 74.15928,15.14814 74.15947,15.14796</coordinates></LinearRing></outerBoundaryIs></Polygon></MultiGeometry>
  </Placemark>
  <Placemark id="WG_ESA_2024_GA.88">
	<name>Dongor</name>
	<Style><LineStyle><color>ff0000ff</color></LineStyle><PolyStyle><fill>0</fill></PolyStyle></Style>
	<ExtendedData><SchemaData schemaUrl="#WG_ESA_2024_GA">
		<SimpleData name="esa_category">whole_village</SimpleData>
		<SimpleData name="area_km2">7.842</SimpleData>
	</SchemaData></ExtendedData>
      <MultiGeometry><Polygon><outerBoundaryIs><LinearRing><coordinates>74.25083,15.15814 74.25118,15.15742 74.2514,15.15682 74.2515,15.15624 74.25154,15.15562 74.25165,15.15508 74.25184,15.1547 74.2523,15.15409 74.2526,15.15385 74.25288,15.15366 74.25309,15.15354 74.25321,15.15351 74.25335,15.15351 74.25346,15.15353 74.25364,15.15358 74.25379,15.15364 74.25392,15.15371 74.25427,15.154 74.25442,15.15415 74.25454,15.15423 74.25462,15.15428 74.25475,15.15431 74.25491,15.15433 74.25506,15.15433 74.25521,15.1543 74.25543,15.15422 74.2556,15.15414 74.25561,15.15413 74.25589,15.15416 74.25604,15.15418 74.25616,15.15421 74.25641,15.15432 74.25692,15.15449 74.25733,15.15467 74.25746,15.15471 74.25761,15.15478 74.25773,15.15482 74.25776,15.15483 74.25779,15.15486 74.25799,15.15496 74.25817,15.15507 74.25828,15.15517 74.25835,15.15523 74.25861,15.15548 74.2588,15.1557 74.25893,15.15581 74.25933,15.15612 74.25941,15.15617 74.25943,15.15619 74.25958,15.1563 74.25989,15.15643 74.2599,15.15641 74.25994,15.15639 74.26008,15.15637 74.26019,15.15636 74.26033,15.15637 74.26049,15.15635 74.26092,15.15541 74.26126,15.15474 74.26156,15.15424 74.26183,15.15336 74.26224,15.15243 74.26232,15.15203 74.26261,15.15136 74.26329,15.15022 74.26372,15.14942 74.26413,15.14865 74.26448,15.14796 74.26475,15.14728 74.26497,15.14675 74.26508,15.14612 74.26519,15.14536 74.26543,15.14445 74.26568,15.14393 74.26604,15.14318 74.26642,15.14263 74.26663,15.14226 74.26656,15.14158 74.26634,15.1408 74.26621,15.13984 74.2661,15.13951 74.26595,15.13931 74.26572,15.13918 74.26536,15.13905 74.26488,15.1389 74.26431,15.13879 74.26338,15.13864 74.2627,15.1385 74.26203,15.13843 74.26158,15.13836 74.26112,15.13815 74.26071,15.13791 74.26015,15.13749 74.25958,15.13709 74.25889,15.13664 74.2583,15.13625 74.2579,15.13599 74.25755,15.13559 74.25714,15.13511 74.25678,15.13461 74.25647,15.13394 74.2559,15.13304 74.25549,15.13235 74.25454,15.13264 74.25296,15.13311 74.25193,15.13348 74.251,15.13374 74.25015,15.1339 74.24907,15.13407 74.24882,15.13433 74.24836,15.1346 74.24811,15.13469 74.24774,15.13489 74.24744,15.135 74.2474,15.13518 74.2473,15.13542 74.24717,15.13568 74.24704,15.13597 74.24696,15.13625 74.24685,15.1365 74.24657,15.13692 74.24631,15.13737 74.24595,15.13772 74.24562,15.13806 74.24528,15.13836 74.24505,15.13852 74.24471,15.13869 74.24392,15.13898 74.24359,15.1391 74.24236,15.13951 74.24204,15.13958 74.24143,15.1397 74.24082,15.13978 74.24027,15.13976 74.23946,15.1397 74.23911,15.13969 74.23784,15.13948 74.23737,15.13944 74.23645,15.13928 74.23618,15.13925 74.23579,15.13917 74.23533,15.13911 74.23498,15.13907 74.23468,15.13904 74.23444,15.13906 74.2335,15.13928 74.23308,15.13945 74.23249,15.13962 74.23198,15.13973 74.2316,15.1398 74.23142,15.13976 74.23114,15.13962 74.23081,15.13953 74.23037,15.13941 74.22985,15.1393 74.22881,15.14 74.22852,15.14021 74.22814,15.14047 74.22775,15.14072 74.22745,15.14091 74.22718,15.14104 74.22695,15.14111 74.22702,15.1418 74.22714,15.14237 74.22716,15.14266 74.22717,15.14287 74.22706,15.14324 74.22699,15.1435 74.22689,15.14379 74.22685,15.14409 74.22697,15.14438 74.22708,15.14468 74.22724,15.14509 74.22741,15.14551 74.22748,15.14575 74.22747,15.14598 74.22741,15.14625 74.22736,15.14665 74.22733,15.14683 74.22718,15.14738 74.22708,15.1477 74.22706,15.14789 74.22694,15.14844 74.22688,15.1489 74.22691,15.14931 74.22692,15.14955 74.22702,15.14999 74.22721,15.1506 74.22729,15.15095 74.22736,15.15124 74.22801,15.15184 74.22822,15.15164 74.22841,15.15149 74.22862,15.15142 74.22877,15.15139 74.22903,15.15142 74.22933,15.15147 74.22975,15.15152 74.23006,15.15172 74.23025,15.15182 74.2304,15.15189 74.23057,15.15192 74.23075,15.15193 74.23094,15.15192 74.23121,15.15212 74.23176,15.1526 74.23245,15.15311 74.23291,15.15341 74.2333,15.15366 74.23433,15.1543 74.23488,15.15465 74.23523,15.15493 74.2355,15.15512 74.2356,15.15562 74.23562,15.15604 74.23571,15.15628 74.23583,15.15645 74.23603,15.15658 74.23627,15.1566 74.23737,15.15664 74.23853,15.15672 74.23994,15.15674 74.24186,15.15676 74.24203,15.15679 74.24222,15.15692 74.24237,15.15695 74.24251,15.15692 74.24261,15.15686 74.24271,15.15676 74.24288,15.15652 74.24303,15.15638 74.24314,15.15637 74.24338,15.15646 74.24359,15.15661 74.24389,15.1567 74.24432,15.1568 74.24471,15.15685 74.245,15.15687 74.24527,15.15691 74.24542,15.15694 74.24561,15.15704 74.24584,15.15725 74.24612,15.15752 74.24635,15.15772 74.2467,15.15797 74.2471,15.15818 74.24749,15.15837 74.24814,15.15867 74.24847,15.15884 74.24868,15.15907 74.24875,15.1593 74.24902,15.15952 74.25045,15.15956 74.25083,15.15814</coordinates></LinearRing></outerBoundaryIs></Polygon></MultiGeometry>
  </Placemark>
  <Placemark id="WG_ESA_2024_GA.89">
	<name>Dongurli</name>
	<Style><LineStyle><color>ff0000ff</color></LineStyle><PolyStyle><fill>0</fill></PolyStyle></Style>
	<ExtendedData><SchemaData schemaUrl="#WG_ESA_2024_GA">
		<SimpleData name="esa_category">whole_village</SimpleData>
		<SimpleData name="area_km2">10.532</SimpleData>
	</SchemaData></ExtendedData>
      <MultiGeometry><Polygon><outerBoundaryIs><LinearRing><coordinates>74.21549,15.28812 74.21558,15.28813 74.21596,15.28821 74.21607,15.2882 74.21621,15.28817 74.21629,15.28813 74.21635,15.2881 74.21644,15.28803 74.21649,15.28795 74.21656,15.28778 74.21662,15.2877 74.21664,15.28765 74.21673,15.28755 74.2168,15.28749 74.21686,15.2874 74.21718,15.28725 74.21743,15.28706 74.21769,15.28687 74.21782,15.28679 74.21797,15.28673 74.21798,15.28671 74.21805,15.28669 74.21821,15.28669 74.21833,15.28671 74.21865,15.2868 74.21892,15.28683 74.2191,15.28683 74.21922,15.28681 74.21932,15.28678 74.21942,15.28675 74.2195,15.28671 74.21951,15.2867 74.2196,15.28664 74.21965,15.2866 74.21968,15.28659 74.22009,15.28613 74.22023,15.286 74.22024,15.28597 74.22041,15.28583 74.2205,15.28578 74.22065,15.28575 74.22073,15.28575 74.22098,15.28578 74.22101,15.28577 74.22158,15.28598 74.22246,15.28642 74.22317,15.2868 74.22383,15.28699 74.22429,15.28727 74.22452,15.28737 74.22476,15.28736 74.22496,15.28724 74.22526,15.28684 74.22571,15.28616 74.226,15.2856 74.22619,15.28513 74.22634,15.28456 74.22647,15.28365 74.22695,15.28277 74.2272,15.28284 74.22761,15.28224 74.22789,15.28186 74.22878,15.28097 74.22942,15.28043 74.22997,15.2799 74.23015,15.27966 74.23086,15.2789 74.23121,15.27846 74.23153,15.27798 74.23192,15.2775 74.23256,15.27713 74.2329,15.27694 74.23362,15.27655 74.23417,15.27623 74.23455,15.27615 74.23478,15.27624 74.2351,15.27647 74.23561,15.2768 74.23627,15.27727 74.23718,15.27826 74.23764,15.27793 74.2378,15.27775 74.23805,15.27715 74.23831,15.27657 74.23899,15.27578 74.23947,15.27541 74.23992,15.27531 74.24173,15.27525 74.24211,15.27412 74.24303,15.2728 74.24347,15.27241 74.24482,15.2719 74.24593,15.27163 74.24683,15.27159 74.24744,15.27167 74.2482,15.2714 74.24922,15.2706 74.24973,15.27032 74.25061,15.26992 74.25102,15.27058 74.25134,15.27109 74.25161,15.27173 74.25186,15.27211 74.25223,15.27227 74.25271,15.27238 74.25312,15.27246 74.25345,15.27265 74.25368,15.27297 74.25392,15.27315 74.25413,15.27315 74.25432,15.27308 74.25452,15.27275 74.25474,15.27252 74.25619,15.27191 74.25726,15.2714 74.25819,15.27102 74.25999,15.27019 74.26079,15.26986 74.26174,15.26945 74.26266,15.2691 74.26305,15.26873 74.26469,15.26773 74.26468,15.2677 74.26425,15.26664 74.26418,15.26647 74.26261,15.26261 74.26222,15.26212 74.26147,15.26119 74.26133,15.26101 74.26093,15.26051 74.25669,15.25976 74.25652,15.25972 74.25543,15.25953 74.25321,15.25914 74.25317,15.25913 74.25117,15.25877 74.25116,15.25879 74.25112,15.25884 74.25111,15.25885 74.24907,15.25825 74.24777,15.25793 74.2469,15.25802 74.24558,15.25831 74.24479,15.25855 74.24341,15.25883 74.24241,15.25917 74.24153,15.25957 74.24076,15.25997 74.24049,15.26045 74.24021,15.26207 74.23983,15.26332 74.23929,15.2647 74.23923,15.26522 74.23895,15.26593 74.23859,15.26622 74.2377,15.26669 74.23587,15.26685 74.23519,15.26701 74.23442,15.26732 74.23284,15.26803 74.23226,15.26823 74.23171,15.26832 74.23124,15.26809 74.23051,15.26775 74.22996,15.26714 74.22947,15.26659 74.22895,15.26617 74.22835,15.26581 74.22796,15.26592 74.22738,15.26666 74.22684,15.26703 74.22646,15.26686 74.22611,15.26662 74.22512,15.26621 74.22463,15.26605 74.22414,15.26587 74.22325,15.26643 74.2222,15.26691 74.2214,15.26722 74.22044,15.26739 74.21987,15.2676 74.21935,15.26777 74.21879,15.26761 74.21813,15.26749 74.21657,15.26756 74.21555,15.26761 74.21472,15.26812 74.21389,15.26875 74.21314,15.26917 74.21246,15.26942 74.21158,15.26951 74.21068,15.26971 74.21009,15.26997 74.20912,15.27071 74.20827,15.27112 74.20765,15.27126 74.20672,15.27172 74.20525,15.27272 74.20375,15.27379 74.20413,15.27465 74.2045,15.27546 74.20453,15.27608 74.2042,15.2767 74.20363,15.27736 74.20252,15.27844 74.20168,15.27895 74.20013,15.27932 74.19903,15.2795 74.19786,15.27961 74.19674,15.28275 74.19679,15.28276 74.19717,15.28284 74.19723,15.28288 74.19727,15.28293 74.1973,15.28298 74.19733,15.28307 74.19735,15.28325 74.19731,15.28348 74.19724,15.28371 74.19719,15.28382 74.19703,15.28418 74.19698,15.2843 74.19692,15.2846 74.19691,15.28473 74.19694,15.2849 74.19698,15.285 74.19707,15.28513 74.19714,15.2852 74.19732,15.28534 74.19737,15.28537 74.19748,15.28542 74.19759,15.28543 74.19776,15.2854 74.19787,15.28535 74.19797,15.28527 74.198,15.28523 74.19802,15.28518 74.19807,15.28511 74.19828,15.28484 74.19868,15.28436 74.19871,15.28434 74.19874,15.28434 74.19892,15.28425 74.19912,15.28422 74.1992,15.28421 74.19929,15.28422 74.19954,15.28428 74.19962,15.28432 74.19973,15.28441 74.19993,15.28459 74.20002,15.2847 74.20003,15.28471 74.20015,15.28488 74.20034,15.28521 74.20049,15.28545 74.20054,15.28551 74.20063,15.28565 74.20066,15.28568 74.20074,15.28571 74.20083,15.28573 74.20091,15.28571 74.20108,15.28563 74.20109,15.28562 74.20121,15.28555 74.20147,15.28535 74.20174,15.28521 74.20186,15.28519 74.20194,15.28519 74.20205,15.28522 74.20215,15.28527 74.20223,15.28533 74.20226,15.28536 74.20258,15.28575 74.20281,15.28601 74.20301,15.28621 74.20327,15.28649 74.2035,15.28668 74.2036,15.28677 74.20369,15.28685 74.2039,15.28698 74.20396,15.28702 74.20402,15.2871 74.20408,15.28714 74.20433,15.28722 74.20451,15.2873 74.2046,15.28731 74.2048,15.2873 74.20493,15.28728 74.20533,15.2872 74.20558,15.28711 74.20576,15.28703 74.20585,15.28698 74.20597,15.28688 74.20632,15.28651 74.20635,15.28647 74.20658,15.28624 74.20692,15.28596 74.20699,15.28591 74.20719,15.28574 74.20722,15.28572 74.20744,15.28554 74.20753,15.28548 74.20759,15.28547 74.20771,15.28547 74.20783,15.28548 74.20804,15.28556 74.20811,15.28561 74.20834,15.28582 74.2085,15.28602 74.20877,15.2864 74.20899,15.28677 74.20925,15.28715 74.20934,15.28733 74.20942,15.28746 74.20953,15.28764 74.20964,15.28791 74.20976,15.28814 74.20996,15.28847 74.21014,15.28884 74.21029,15.28908 74.2104,15.28925 74.21046,15.28933 74.21062,15.28949 74.21077,15.28962 74.21094,15.28975 74.21113,15.28988 74.21126,15.28998 74.21153,15.29013 74.21179,15.29023 74.21188,15.29029 74.21198,15.29021 74.21207,15.29018 74.21213,15.29014 74.21225,15.29004 74.21242,15.28985 74.21258,15.2897 74.21264,15.28963 74.21268,15.28959 74.21284,15.28942 74.21288,15.28932 74.21292,15.28928 74.21296,15.2892 74.21305,15.28914 74.21322,15.28905 74.21338,15.28899 74.21354,15.28895 74.21385,15.28889 74.21394,15.28886 74.21413,15.28871 74.21421,15.28863 74.21436,15.2885 74.2145,15.28841 74.2146,15.28834 74.21493,15.28826 74.215,15.28824 74.2151,15.28818 74.21538,15.28812 74.21549,15.28812</coordinates></LinearRing></outerBoundaryIs></Polygon></MultiGeometry>
  </Placemark>
  <Placemark id="WG_ESA_2024_GA.90">
	<name>Dudal</name>
	<Style><LineStyle><color>ff0000ff</color></LineStyle><PolyStyle><fill>0</fill></PolyStyle></Style>
	<ExtendedData><SchemaData schemaUrl="#WG_ESA_2024_GA">
		<SimpleData name="esa_category">whole_village</SimpleData>
		<SimpleData name="area_km2">7.436</SimpleData>
	</SchemaData></ExtendedData>
      <MultiGeometry><Polygon><outerBoundaryIs><LinearRing><coordinates>74.19786,15.27961 74.19903,15.2795 74.20013,15.27932 74.20168,15.27895 74.20252,15.27844 74.20363,15.27736 74.2042,15.2767 74.20453,15.27608 74.2045,15.27546 74.20413,15.27465 74.20375,15.27379 74.20239,15.27278 74.20125,15.27189 74.19976,15.27041 74.1988,15.26867 74.19856,15.26812 74.19791,15.26721 74.19681,15.26601 74.19579,15.26483 74.19521,15.26447 74.19448,15.26447 74.19338,15.2645 74.19286,15.26444 74.19228,15.26422 74.19176,15.2638 74.19067,15.26295 74.18994,15.26247 74.18962,15.26217 74.1894,15.26192 74.18922,15.26157 74.18899,15.2607 74.18877,15.25974 74.18864,15.25904 74.18828,15.25858 74.18789,15.25838 74.18767,15.25906 74.18742,15.25934 74.18649,15.25964 74.18458,15.26043 74.18345,15.26099 74.1823,15.26172 74.18047,15.26354 74.17949,15.26448 74.17922,15.26485 74.17842,15.26545 74.17634,15.26715 74.17587,15.26758 74.17564,15.26809 74.17511,15.2701 74.17424,15.27274 74.17404,15.27297 74.17363,15.2734 74.17224,15.27457 74.17092,15.27528 74.16987,15.27548 74.16805,15.27553 74.1669,15.27542 74.16558,15.27474 74.16385,15.27385 74.16186,15.27299 74.16053,15.27268 74.15824,15.27263 74.15606,15.27283 74.15465,15.27564 74.15535,15.27602 74.15664,15.27722 74.15723,15.27765 74.15809,15.2781 74.15896,15.27853 74.1596,15.27849 74.16049,15.27855 74.1613,15.27887 74.16205,15.27913 74.16331,15.2799 74.1643,15.2807 74.16432,15.28063 74.16441,15.28036 74.16446,15.28026 74.16455,15.28013 74.16456,15.28012 74.16458,15.28009 74.16475,15.27989 74.165,15.27963 74.16508,15.27956 74.16517,15.27949 74.16524,15.27945 74.16529,15.27944 74.16537,15.27943 74.16552,15.27943 74.16581,15.27954 74.16591,15.27961 74.16607,15.27975 74.16623,15.27986 74.16656,15.27999 74.167,15.28012 74.16715,15.28019 74.16725,15.28025 74.16737,15.28037 74.16744,15.28047 74.1675,15.28053 74.16756,15.28057 74.16758,15.28059 74.16783,15.28073 74.16813,15.28084 74.16825,15.28086 74.16843,15.28091 74.16866,15.28096 74.16929,15.28103 74.16945,15.28103 74.16959,15.28103 74.1698,15.281 74.16995,15.28092 74.1701,15.28086 74.17034,15.28067 74.17058,15.28052 74.17071,15.28045 74.17086,15.28041 74.1709,15.28041 74.171,15.28043 74.17112,15.28047 74.17125,15.28054 74.17132,15.28058 74.17181,15.28106 74.17196,15.28121 74.17205,15.28127 74.17237,15.28142 74.17282,15.28156 74.17295,15.28159 74.17313,15.28161 74.17341,15.2816 74.17357,15.28158 74.17369,15.28156 74.1737,15.28155 74.17403,15.28147 74.17419,15.28145 74.17431,15.28144 74.17448,15.28145 74.17459,15.28147 74.17472,15.28148 74.17528,15.28156 74.1755,15.28157 74.17587,15.28158 74.176,15.28156 74.17615,15.28155 74.1762,15.28154 74.17627,15.2815 74.1763,15.2815 74.17637,15.2815 74.17653,15.28154 74.17659,15.28157 74.17665,15.28161 74.17677,15.28176 74.17685,15.28192 74.177,15.28227 74.17714,15.28251 74.17723,15.28263 74.17756,15.28301 74.17769,15.28312 74.17782,15.28325 74.17805,15.28339 74.17829,15.28349 74.17864,15.28358 74.17876,15.28362 74.17933,15.28374 74.17971,15.28378 74.17991,15.28379 74.18001,15.28378 74.18032,15.28374 74.18042,15.28371 74.18091,15.28364 74.1812,15.28361 74.18172,15.2836 74.18183,15.28363 74.182,15.28369 74.18213,15.28377 74.18221,15.28392 74.18225,15.28405 74.18225,15.28434 74.18229,15.28455 74.18231,15.28464 74.18236,15.28474 74.18242,15.28479 74.18244,15.28481 74.18251,15.28482 74.18262,15.28482 74.18271,15.28482 74.18279,15.28481 74.18291,15.28476 74.18301,15.28474 74.18317,15.28472 74.18326,15.28472 74.18357,15.28489 74.18386,15.28506 74.18417,15.28529 74.18428,15.28535 74.18441,15.28538 74.18454,15.28538 74.18471,15.2854 74.18503,15.28547 74.18506,15.28549 74.18508,15.28551 74.18516,15.28555 74.18531,15.28565 74.18549,15.2858 74.18596,15.28625 74.18605,15.28633 74.18619,15.28643 74.18643,15.28663 74.18667,15.28681 74.18691,15.28693 74.18712,15.287 74.18722,15.28703 74.18737,15.28705 74.18747,15.28703 74.18775,15.28693 74.18782,15.28689 74.18822,15.28658 74.18828,15.28654 74.18839,15.28649 74.1886,15.28643 74.18881,15.2864 74.18909,15.28635 74.18966,15.28634 74.18988,15.28632 74.19011,15.28628 74.19017,15.28625 74.19031,15.28615 74.19036,15.28611 74.19046,15.28597 74.19048,15.28593 74.19049,15.28586 74.1905,15.28569 74.19049,15.28559 74.19047,15.28553 74.19042,15.28544 74.19032,15.28531 74.19025,15.28524 74.19013,15.28508 74.18992,15.28492 74.18989,15.28487 74.18983,15.28476 74.18982,15.28476 74.1898,15.28471 74.18977,15.28465 74.18978,15.2845 74.1898,15.28434 74.18984,15.28421 74.1899,15.28407 74.19007,15.28376 74.19026,15.28349 74.19035,15.28339 74.19037,15.28336 74.19038,15.28332 74.19042,15.28326 74.19055,15.28313 74.19068,15.28302 74.19092,15.28286 74.19156,15.28243 74.19163,15.28239 74.19164,15.28238 74.19178,15.28231 74.19198,15.28222 74.1921,15.28221 74.1922,15.28221 74.19227,15.28222 74.19233,15.28224 74.19247,15.28232 74.19268,15.28242 74.19283,15.28251 74.19287,15.28256 74.19308,15.28275 74.19314,15.28281 74.1932,15.28291 74.19323,15.28299 74.19323,15.28305 74.19321,15.28327 74.19319,15.28334 74.19298,15.28373 74.19286,15.28398 74.1928,15.28419 74.19278,15.28431 74.19278,15.28443 74.19282,15.28461 74.19288,15.28474 74.1929,15.28477 74.1929,15.28479 74.19302,15.28501 74.19306,15.28506 74.19314,15.28511 74.19333,15.28523 74.19349,15.2853 74.19357,15.28531 74.19369,15.2853 74.19374,15.28528 74.19392,15.28515 74.194,15.2851 74.19431,15.28486 74.19444,15.28477 74.19467,15.28455 74.19486,15.28431 74.19502,15.28405 74.19518,15.28367 74.19523,15.28357 74.19547,15.28305 74.1955,15.283 74.19559,15.28294 74.19568,15.28287 74.19582,15.28281 74.19589,15.28279 74.19607,15.28278 74.19636,15.28278 74.19672,15.28275 74.19674,15.28275 74.19786,15.27961</coordinates></LinearRing></outerBoundaryIs></Polygon></MultiGeometry>
  </Placemark>
  <Placemark id="WG_ESA_2024_GA.91">
	<name>Maulinguem</name>
	<Style><LineStyle><color>ff0000ff</color></LineStyle><PolyStyle><fill>0</fill></PolyStyle></Style>
	<ExtendedData><SchemaData schemaUrl="#WG_ESA_2024_GA">
		<SimpleData name="esa_category">whole_village</SimpleData>
		<SimpleData name="area_km2">5.19</SimpleData>
	</SchemaData></ExtendedData>
      <MultiGeometry><Polygon><outerBoundaryIs><LinearRing><coordinates>74.22394,15.26371 74.2235,15.26199 74.22238,15.26145 74.22157,15.26092 74.22059,15.26023 74.21973,15.25937 74.21828,15.25801 74.2174,15.25734 74.21659,15.25638 74.21569,15.25522 74.21505,15.25468 74.21404,15.25443 74.21304,15.25412 74.21157,15.25365 74.21025,15.25327 74.20948,15.2531 74.20763,15.25291 74.20735,15.25287 74.20501,15.25281 74.20348,15.25303 74.20192,15.25366 74.20075,15.25431 74.19979,15.25491 74.19837,15.25554 74.19705,15.25598 74.19575,15.256 74.19481,15.25591 74.19359,15.25559 74.19254,15.25543 74.19109,15.25585 74.18908,15.2566 74.18859,15.25687 74.1881,15.25738 74.18789,15.25838 74.18828,15.25858 74.18864,15.25904 74.18877,15.25974 74.18899,15.2607 74.18922,15.26157 74.1894,15.26192 74.18962,15.26217 74.18994,15.26247 74.19067,15.26295 74.19176,15.2638 74.19228,15.26422 74.19286,15.26444 74.19338,15.2645 74.19448,15.26447 74.19521,15.26447 74.19579,15.26483 74.19681,15.26601 74.19791,15.26721 74.19856,15.26812 74.1988,15.26867 74.19976,15.27041 74.20125,15.27189 74.20239,15.27278 74.20375,15.27379 74.20525,15.27272 74.20672,15.27172 74.20765,15.27126 74.20827,15.27112 74.20912,15.27071 74.21009,15.26997 74.21068,15.26971 74.21158,15.26951 74.21246,15.26942 74.21314,15.26917 74.21389,15.26875 74.21472,15.26812 74.21555,15.26761 74.21657,15.26756 74.21813,15.26749 74.21879,15.26761 74.21935,15.26777 74.21987,15.2676 74.22044,15.26739 74.2214,15.26722 74.2222,15.26691 74.22325,15.26643 74.22414,15.26587 74.22394,15.26371</coordinates></LinearRing></outerBoundaryIs></Polygon></MultiGeometry>
  </Placemark>
  <Placemark id="WG_ESA_2024_GA.92">
	<name>Naiquinim</name>
	<Style><LineStyle><color>ff0000ff</color></LineStyle><PolyStyle><fill>0</fill></PolyStyle></Style>
	<ExtendedData><SchemaData schemaUrl="#WG_ESA_2024_GA">
		<SimpleData name="esa_category">whole_village</SimpleData>
		<SimpleData name="area_km2">5.744</SimpleData>
	</SchemaData></ExtendedData>
      <MultiGeometry><Polygon><outerBoundaryIs><LinearRing><coordinates>74.22952,15.13895 74.22923,15.13915 74.22885,15.13942 74.22846,15.13967 74.22815,15.13985 74.22789,15.13998 74.22766,15.14006 74.22724,15.13994 74.22657,15.1398 74.22592,15.13961 74.22529,15.13939 74.22497,15.13905 74.22481,15.13868 74.22478,15.13825 74.22405,15.13874 74.22356,15.13917 74.22299,15.1397 74.22275,15.13992 74.22238,15.14024 74.22194,15.14068 74.22166,15.14097 74.22135,15.14125 74.22115,15.14141 74.22104,15.14144 74.22088,15.14142 74.22041,15.14128 74.21979,15.1411 74.21893,15.14085 74.21794,15.14062 74.21732,15.1405 74.21675,15.14048 74.21618,15.14035 74.21573,15.14029 74.21537,15.14025 74.21486,15.14018 74.21421,15.14007 74.21375,15.13993 74.2129,15.13976 74.21241,15.13966 74.212,15.1396 74.21137,15.13956 74.21102,15.1395 74.21064,15.13954 74.21039,15.1396 74.21013,15.13972 74.21,15.13982 74.20987,15.13996 74.20953,15.14105 74.20941,15.14136 74.2093,15.14159 74.20916,15.14214 74.20909,15.14246 74.20902,15.14292 74.20891,15.14317 74.20876,15.14348 74.20865,15.14371 74.20848,15.14398 74.20814,15.14438 74.20775,15.14478 74.20736,15.14523 74.2071,15.14563 74.2069,15.14595 74.20666,15.14641 74.20644,15.14671 74.20623,15.14691 74.20597,15.14692 74.20564,15.14684 74.20514,15.14677 74.20467,15.14678 74.20422,15.14689 74.20397,15.14698 74.20368,15.14718 74.20352,15.14733 74.20333,15.14758 74.20309,15.14791 74.20289,15.14816 74.20259,15.14845 74.20238,15.14861 74.20168,15.14966 74.202,15.15005 74.20208,15.1501 74.20236,15.15034 74.20275,15.15053 74.20313,15.1508 74.20326,15.15091 74.20336,15.15099 74.20358,15.1512 74.20385,15.1514 74.20405,15.15151 74.20432,15.15165 74.2047,15.15173 74.20506,15.15182 74.20537,15.15191 74.20567,15.152 74.20618,15.1522 74.20674,15.15239 74.20722,15.15253 74.20763,15.15265 74.20811,15.15274 74.20838,15.15276 74.20856,15.15282 74.20873,15.15291 74.20886,15.15307 74.20897,15.15323 74.20902,15.15335 74.20905,15.15351 74.20909,15.15367 74.20915,15.15381 74.20934,15.15407 74.20953,15.15424 74.20993,15.15464 74.21015,15.15489 74.21026,15.1551 74.21036,15.15531 74.21047,15.15542 74.21059,15.15548 74.2109,15.15561 74.21122,15.15571 74.2115,15.15583 74.21195,15.15613 74.21225,15.15639 74.21249,15.15663 74.21274,15.15688 74.21322,15.15751 74.2136,15.158 74.21394,15.15846 74.21414,15.15864 74.21456,15.15893 74.21488,15.15912 74.21509,15.15935 74.21514,15.15954 74.21525,15.15983 74.21544,15.16016 74.21575,15.16063 74.21606,15.16104 74.21649,15.16149 74.21685,15.16181 74.21711,15.16173 74.2175,15.16158 74.21832,15.16133 74.21863,15.16125 74.21887,15.16121 74.21923,15.16122 74.21968,15.16124 74.2199,15.16129 74.22005,15.16139 74.22027,15.16162 74.22043,15.1618 74.22079,15.16218 74.22105,15.16238 74.22112,15.16237 74.22132,15.16233 74.22164,15.16227 74.22224,15.16218 74.22269,15.16212 74.22361,15.16196 74.22387,15.16196 74.22413,15.16191 74.22457,15.16181 74.22504,15.16173 74.2253,15.16168 74.22569,15.16164 74.22592,15.16166 74.22624,15.16184 74.22648,15.16207 74.22653,15.16245 74.22656,15.16265 74.22662,15.16301 74.22675,15.1631 74.22714,15.16328 74.22758,15.1635 74.2278,15.1636 74.22798,15.16362 74.22827,15.16357 74.22849,15.16349 74.22869,15.16339 74.22907,15.16349 74.22949,15.16362 74.23016,15.16385 74.23074,15.164 74.23126,15.16421 74.23182,15.16447 74.23225,15.16473 74.23242,15.16463 74.23268,15.1645 74.23284,15.16438 74.23312,15.16412 74.23338,15.16385 74.23368,15.16355 74.23395,15.16334 74.23399,15.16315 74.23397,15.16289 74.23392,15.16252 74.23398,15.16231 74.23416,15.16187 74.23429,15.16142 74.23443,15.1611 74.23462,15.16083 74.23478,15.16063 74.23501,15.16038 74.23534,15.16004 74.2356,15.15988 74.2358,15.15972 74.23606,15.15954 74.23619,15.15933 74.23627,15.15914 74.23631,15.15887 74.23636,15.15834 74.23636,15.15781 74.23634,15.15751 74.23627,15.1566 74.23603,15.15658 74.23583,15.15645 74.23571,15.15628 74.23562,15.15604 74.2356,15.15562 74.2355,15.15512 74.23523,15.15493 74.23488,15.15465 74.23433,15.1543 74.2333,15.15366 74.23291,15.15341 74.23245,15.15311 74.23176,15.1526 74.23121,15.15212 74.23094,15.15192 74.23075,15.15193 74.23057,15.15192 74.2304,15.15189 74.23025,15.15182 74.23006,15.15172 74.22975,15.15152 74.22933,15.15147 74.22903,15.15142 74.22877,15.15139 74.22862,15.15142 74.22841,15.15149 74.22822,15.15164 74.22801,15.15184 74.22736,15.15124 74.22729,15.15095 74.22721,15.1506 74.22702,15.14999 74.22692,15.14955 74.22691,15.14931 74.22688,15.1489 74.22694,15.14844 74.22706,15.14789 74.22708,15.1477 74.22718,15.14738 74.22733,15.14683 74.22736,15.14665 74.22741,15.14625 74.22747,15.14598 74.22748,15.14575 74.22741,15.14551 74.22724,15.14509 74.22708,15.14468 74.22697,15.14438 74.22685,15.14409 74.22689,15.14379 74.22699,15.1435 74.22706,15.14324 74.22717,15.14287 74.22716,15.14266 74.22714,15.14237 74.22702,15.1418 74.22695,15.14111 74.22718,15.14104 74.22745,15.14091 74.22775,15.14072 74.22814,15.14047 74.22852,15.14021 74.22881,15.14 74.22985,15.1393 74.22991,15.13869 74.22952,15.13895</coordinates></LinearRing></outerBoundaryIs></Polygon></MultiGeometry>
  </Placemark>
  <Placemark id="WG_ESA_2024_GA.93">
	<name>Neturlim</name>
	<Style><LineStyle><color>ff0000ff</color></LineStyle><PolyStyle><fill>0</fill></PolyStyle></Style>
	<ExtendedData><SchemaData schemaUrl="#WG_ESA_2024_GA">
		<SimpleData name="esa_category">whole_village</SimpleData>
		<SimpleData name="area_km2">40.163</SimpleData>
	</SchemaData></ExtendedData>
      <MultiGeometry><Polygon><outerBoundaryIs><LinearRing><coordinates>74.23563,15.11482 74.23737,15.11504 74.23808,15.11501 74.23875,15.11448 74.23987,15.11308 74.24028,15.11228 74.24076,15.11096 74.24099,15.10967 74.24116,15.10893 74.24124,15.10785 74.24233,15.10704 74.24303,15.10573 74.24442,15.1052 74.24562,15.10435 74.2469,15.10374 74.24741,15.10366 74.24831,15.10366 74.24906,15.10405 74.25024,15.10446 74.25083,15.10414 74.25119,15.10396 74.25165,15.10386 74.25198,15.10373 74.25237,15.10347 74.25285,15.10304 74.25322,15.10269 74.2537,15.10233 74.25428,15.10202 74.25461,15.10187 74.25528,15.10155 74.25621,15.10122 74.25818,15.10143 74.27453,15.10328 74.27429,15.10252 74.27405,15.1018 74.27358,15.10037 74.27337,15.09972 74.27266,15.09754 74.27265,15.0975 74.27277,15.09743 74.27308,15.09727 74.27308,15.09726 74.27105,15.09486 74.26937,15.09361 74.26829,15.09289 74.26563,15.09117 74.26356,15.08973 74.26403,15.08672 74.26425,15.08459 74.2646,15.08335 74.26476,15.0824 74.26494,15.08083 74.26523,15.07884 74.26557,15.07749 74.26571,15.07674 74.26585,15.07591 74.26618,15.07548 74.26651,15.07497 74.26682,15.07446 74.26672,15.07416 74.26621,15.07389 74.26385,15.07247 74.26294,15.07177 74.26089,15.06991 74.26022,15.06938 74.25942,15.06878 74.259,15.0685 74.25853,15.0676 74.25809,15.06696 74.25752,15.06609 74.25685,15.06533 74.25646,15.06488 74.25602,15.06453 74.25547,15.06424 74.25492,15.06395 74.25421,15.06343 74.2533,15.06265 74.25244,15.06188 74.25192,15.06148 74.25119,15.06098 74.25069,15.0606 74.25018,15.06053 74.24943,15.06043 74.249,15.06073 74.24875,15.06094 74.24856,15.06121 74.24782,15.06111 74.24723,15.06095 74.24689,15.06079 74.24674,15.06063 74.24639,15.06022 74.24622,15.06012 74.24583,15.06003 74.24555,15.05992 74.24548,15.05982 74.24545,15.05936 74.24527,15.05859 74.24481,15.05743 74.24461,15.05716 74.24442,15.05707 74.24411,15.05699 74.24377,15.05687 74.24341,15.05681 74.24293,15.05673 74.24241,15.05657 74.24186,15.05635 74.24103,15.05602 74.23942,15.05525 74.23611,15.05392 74.23125,15.0518 74.22722,15.05006 74.22383,15.04818 74.22203,15.04755 74.21965,15.04576 74.21827,15.04499 74.21742,15.04409 74.21735,15.0443 74.21692,15.04608 74.21646,15.04756 74.21556,15.04958 74.21502,15.05114 74.21375,15.05517 74.21329,15.05702 74.21227,15.06033 74.21197,15.06065 74.21081,15.0615 74.20961,15.06259 74.20791,15.06426 74.20679,15.06571 74.20539,15.06714 74.20277,15.06959 74.20237,15.06971 74.20143,15.06967 74.20083,15.06973 74.19999,15.06998 74.19933,15.0704 74.19845,15.07096 74.19865,15.07153 74.19853,15.07266 74.19797,15.07387 74.19773,15.0744 74.19623,15.07614 74.19517,15.07762 74.19479,15.07813 74.19463,15.07836 74.19411,15.07873 74.19309,15.07947 74.19164,15.08067 74.19018,15.0814 74.18855,15.08172 74.18871,15.08197 74.18964,15.08302 74.19084,15.08415 74.19299,15.08614 74.1948,15.08782 74.19617,15.08918 74.19791,15.09095 74.20151,15.09255 74.20443,15.09544 74.20579,15.09715 74.20644,15.09866 74.20666,15.09983 74.20736,15.10226 74.21008,15.10571 74.20963,15.10598 74.20949,15.10645 74.20955,15.10686 74.21023,15.10774 74.2105,15.10826 74.21042,15.1085 74.21017,15.10881 74.20945,15.10931 74.20883,15.10955 74.20841,15.10974 74.20776,15.11031 74.20767,15.11061 74.20772,15.11093 74.20802,15.1112 74.20851,15.11148 74.20989,15.11246 74.20998,15.11275 74.20968,15.11301 74.21075,15.11404 74.2117,15.11468 74.21243,15.11488 74.21376,15.11491 74.2152,15.11486 74.21669,15.11459 74.21794,15.11408 74.21839,15.11471 74.21834,15.11482 74.22066,15.11494 74.22203,15.11488 74.22419,15.11521 74.22529,15.11586 74.22802,15.11858 74.22973,15.12041 74.2305,15.12018 74.23146,15.11956 74.23196,15.11869 74.23237,15.11754 74.23293,15.11681 74.23344,15.11632 74.2342,15.11597 74.23563,15.11482</coordinates></LinearRing></outerBoundaryIs></Polygon></MultiGeometry>
  </Placemark>
  <Placemark id="WG_ESA_2024_GA.94">
	<name>Nundem</name>
	<Style><LineStyle><color>ff0000ff</color></LineStyle><PolyStyle><fill>0</fill></PolyStyle></Style>
	<ExtendedData><SchemaData schemaUrl="#WG_ESA_2024_GA">
		<SimpleData name="esa_category">whole_village</SimpleData>
		<SimpleData name="area_km2">7.412</SimpleData>
	</SchemaData></ExtendedData>
      <MultiGeometry><Polygon><outerBoundaryIs><LinearRing><coordinates>74.20143,15.06967 74.20237,15.06971 74.20277,15.06959 74.20539,15.06714 74.20679,15.06571 74.20791,15.06426 74.20961,15.06259 74.21081,15.0615 74.21197,15.06065 74.21227,15.06033 74.21329,15.05702 74.21375,15.05517 74.21502,15.05114 74.21556,15.04958 74.21646,15.04756 74.21692,15.04608 74.21735,15.0443 74.21742,15.04409 74.21703,15.04454 74.21654,15.04513 74.21595,15.04535 74.21551,15.04523 74.21484,15.04503 74.21363,15.04474 74.21235,15.04444 74.21117,15.0441 74.20934,15.04366 74.20748,15.0433 74.20561,15.04322 74.20535,15.04321 74.20427,15.04317 74.20417,15.04318 74.20316,15.0431 74.20145,15.04292 74.19822,15.04278 74.19593,15.04269 74.19484,15.04263 74.19415,15.04275 74.19285,15.04242 74.19162,15.04238 74.19021,15.04232 74.18987,15.04242 74.18924,15.04234 74.18835,15.0424 74.18766,15.04219 74.18644,15.04205 74.1859,15.04193 74.18456,15.0418 74.18401,15.04157 74.18361,15.04141 74.18303,15.04128 74.18268,15.04123 74.18235,15.04123 74.18233,15.04124 74.1827,15.04157 74.18316,15.04233 74.18324,15.04253 74.18343,15.04279 74.18365,15.04298 74.18386,15.04316 74.18408,15.04332 74.1843,15.04347 74.18455,15.0437 74.18467,15.04382 74.18477,15.04399 74.18488,15.04425 74.18498,15.04449 74.1851,15.04479 74.18526,15.04513 74.18536,15.04534 74.18541,15.0455 74.18546,15.04562 74.18551,15.0459 74.18551,15.04617 74.18548,15.04646 74.18546,15.04674 74.18541,15.0471 74.18546,15.04753 74.18548,15.04776 74.18562,15.04794 74.18574,15.04809 74.18592,15.04829 74.18621,15.04863 74.18636,15.04899 74.18645,15.04922 74.1865,15.04938 74.18641,15.05046 74.18635,15.05118 74.18662,15.05252 74.18688,15.05321 74.18752,15.0543 74.18819,15.0551 74.18856,15.05569 74.18909,15.05609 74.18976,15.05626 74.19073,15.05685 74.19115,15.05735 74.19144,15.05795 74.19143,15.05849 74.19119,15.05911 74.19125,15.05933 74.19134,15.05961 74.1916,15.06004 74.19205,15.06061 74.1922,15.06108 74.19248,15.06169 74.19267,15.06258 74.19281,15.0632 74.19281,15.06333 74.19281,15.06347 74.19251,15.0639 74.19221,15.06432 74.19172,15.06468 74.19145,15.06482 74.19115,15.06493 74.19065,15.06509 74.19042,15.06516 74.19015,15.06526 74.19014,15.06527 74.18993,15.06537 74.1898,15.06548 74.1896,15.06564 74.18944,15.06581 74.18937,15.06593 74.18943,15.06629 74.18945,15.06655 74.18953,15.06689 74.18958,15.0671 74.18958,15.06711 74.18965,15.06732 74.18972,15.06751 74.18978,15.06775 74.18983,15.06806 74.18983,15.06815 74.18983,15.0682 74.18982,15.06829 74.18976,15.06836 74.18966,15.06842 74.18959,15.06845 74.18949,15.06844 74.18938,15.0684 74.18936,15.0684 74.18926,15.06835 74.18915,15.06829 74.18906,15.06822 74.18888,15.06817 74.18876,15.06815 74.18866,15.06815 74.18854,15.06817 74.18843,15.06821 74.18832,15.06823 74.18819,15.06828 74.1881,15.06836 74.18801,15.06843 74.18801,15.06844 74.18796,15.06854 74.18788,15.06881 74.18922,15.06923 74.1901,15.06966 74.19069,15.06963 74.19185,15.06979 74.19337,15.0699 74.19537,15.07022 74.19759,15.07037 74.19845,15.07096 74.19933,15.0704 74.19999,15.06998 74.20083,15.06973 74.20143,15.06967</coordinates></LinearRing></outerBoundaryIs></Polygon></MultiGeometry>
  </Placemark>
  <Placemark id="WG_ESA_2024_GA.95">
	<name>Odxel</name>
	<Style><LineStyle><color>ff0000ff</color></LineStyle><PolyStyle><fill>0</fill></PolyStyle></Style>
	<ExtendedData><SchemaData schemaUrl="#WG_ESA_2024_GA">
		<SimpleData name="esa_category">whole_village</SimpleData>
		<SimpleData name="area_km2">8.306</SimpleData>
	</SchemaData></ExtendedData>
      <MultiGeometry><Polygon><outerBoundaryIs><LinearRing><coordinates>74.2558,15.29372 74.25662,15.29311 74.25738,15.2925 74.25882,15.29154 74.25924,15.29116 74.25995,15.29072 74.26049,15.29044 74.26096,15.29016 74.26135,15.28999 74.26185,15.28976 74.26244,15.28942 74.26291,15.2892 74.26291,15.28919 74.26339,15.2886 74.26423,15.28763 74.26503,15.28664 74.26538,15.28625 74.26579,15.286 74.26618,15.28578 74.2667,15.28577 74.26756,15.28574 74.26815,15.28548 74.26859,15.2851 74.26897,15.28461 74.26952,15.28384 74.26991,15.28297 74.27008,15.28254 74.27141,15.2812 74.27129,15.28055 74.27128,15.28051 74.27128,15.28049 74.2708,15.27807 74.27079,15.27799 74.27076,15.27784 74.27057,15.27687 74.26675,15.27123 74.26663,15.27106 74.26518,15.26892 74.26507,15.26865 74.26506,15.26864 74.26469,15.26773 74.26305,15.26873 74.26266,15.2691 74.26174,15.26945 74.26079,15.26986 74.25999,15.27019 74.25819,15.27102 74.25726,15.2714 74.25619,15.27191 74.25474,15.27252 74.25452,15.27275 74.25432,15.27308 74.25413,15.27315 74.25392,15.27315 74.25368,15.27297 74.25345,15.27265 74.25312,15.27246 74.25271,15.27238 74.25223,15.27227 74.25186,15.27211 74.25161,15.27173 74.25134,15.27109 74.25102,15.27058 74.25061,15.26992 74.24973,15.27032 74.24922,15.2706 74.2482,15.2714 74.24744,15.27167 74.24683,15.27159 74.24593,15.27163 74.24482,15.2719 74.24347,15.27241 74.24303,15.2728 74.24211,15.27412 74.24173,15.27525 74.23992,15.27531 74.23947,15.27541 74.23899,15.27578 74.23831,15.27657 74.23805,15.27715 74.2378,15.27775 74.23764,15.27793 74.23718,15.27826 74.23699,15.27896 74.23661,15.27934 74.23625,15.27949 74.23562,15.27949 74.23538,15.2795 74.23479,15.28009 74.23448,15.28058 74.23385,15.282 74.23385,15.28223 74.23398,15.28247 74.23439,15.28306 74.23445,15.28343 74.23432,15.28444 74.23354,15.28697 74.23301,15.28853 74.2329,15.28908 74.23308,15.28937 74.23319,15.28948 74.23431,15.28967 74.23567,15.28989 74.23606,15.29062 74.23636,15.2914 74.23702,15.29251 74.23766,15.29333 74.23852,15.29382 74.23952,15.29425 74.23968,15.29474 74.23999,15.29516 74.24069,15.29582 74.24134,15.29628 74.24196,15.29645 74.24294,15.29644 74.24403,15.29655 74.24505,15.29654 74.24807,15.29421 74.24896,15.29379 74.24978,15.29378 74.2503,15.2945 74.25066,15.29514 74.25129,15.296 74.25168,15.29656 74.25195,15.29674 74.25213,15.29677 74.25237,15.29663 74.25327,15.29592 74.25384,15.29546 74.25487,15.29439 74.2558,15.29372</coordinates></LinearRing></outerBoundaryIs></Polygon></MultiGeometry>
  </Placemark>
  <Placemark id="WG_ESA_2024_GA.96">
	<name>Patiem</name>
	<Style><LineStyle><color>ff0000ff</color></LineStyle><PolyStyle><fill>0</fill></PolyStyle></Style>
	<ExtendedData><SchemaData schemaUrl="#WG_ESA_2024_GA">
		<SimpleData name="esa_category">whole_village</SimpleData>
		<SimpleData name="area_km2">12.144</SimpleData>
	</SchemaData></ExtendedData>
      <MultiGeometry><Polygon><outerBoundaryIs><LinearRing><coordinates>74.23923,15.26522 74.23929,15.2647 74.23983,15.26332 74.24021,15.26207 74.24049,15.26045 74.24076,15.25997 74.24153,15.25957 74.24241,15.25917 74.24341,15.25883 74.24479,15.25855 74.24558,15.25831 74.2469,15.25802 74.24777,15.25793 74.24907,15.25825 74.25111,15.25885 74.25112,15.25884 74.25116,15.25879 74.25117,15.25877 74.25129,15.25773 74.25131,15.25757 74.25209,15.25103 74.25227,15.25095 74.25251,15.25068 74.25307,15.25004 74.25419,15.24877 74.25465,15.24825 74.25497,15.24789 74.25529,15.24752 74.2553,15.24751 74.25554,15.2465 74.2556,15.24624 74.25577,15.24554 74.25587,15.24513 74.25588,15.24507 74.25427,15.2438 74.25409,15.24387 74.25378,15.24412 74.25355,15.24454 74.25315,15.24483 74.25281,15.24485 74.25245,15.24463 74.25209,15.24426 74.25131,15.2439 74.25029,15.24373 74.24975,15.24353 74.24907,15.24328 74.24876,15.24292 74.24848,15.24276 74.24826,15.2427 74.24791,15.24244 74.24755,15.24228 74.24732,15.24207 74.24711,15.24196 74.24695,15.24189 74.24669,15.24186 74.2463,15.24184 74.24595,15.24181 74.24562,15.24176 74.24521,15.24162 74.24466,15.2415 74.24422,15.24138 74.24401,15.24125 74.24369,15.24116 74.24334,15.24103 74.24302,15.24097 74.24291,15.24097 74.24256,15.24089 74.24206,15.2408 74.2416,15.24074 74.24087,15.24072 74.24079,15.24072 74.24054,15.24077 74.24011,15.24079 74.23982,15.24085 74.23949,15.24098 74.23926,15.2411 74.23892,15.24134 74.23859,15.24153 74.23818,15.24198 74.23792,15.24214 74.23755,15.24235 74.2372,15.24252 74.23712,15.2426 74.23695,15.24266 74.23654,15.24266 74.2361,15.24266 74.23577,15.24216 74.23546,15.24155 74.23527,15.24112 74.23517,15.24085 74.23495,15.24066 74.23476,15.24058 74.23457,15.24051 74.23428,15.24045 74.2339,15.24042 74.23365,15.24036 74.23347,15.24025 74.2332,15.24004 74.23297,15.23977 74.23271,15.2396 74.23253,15.23951 74.23224,15.23941 74.23195,15.23934 74.23154,15.23938 74.2313,15.23945 74.23089,15.23964 74.23069,15.23983 74.23047,15.24022 74.23033,15.24054 74.23021,15.24068 74.23,15.24078 74.22982,15.24081 74.22962,15.24077 74.22949,15.24068 74.22937,15.24056 74.22926,15.24022 74.2292,15.23998 74.22905,15.23981 74.22876,15.23965 74.22846,15.23963 74.22815,15.23983 74.22794,15.24004 74.22779,15.24032 74.22755,15.24057 74.22745,15.24062 74.22702,15.24063 74.22661,15.24057 74.22613,15.24052 74.22543,15.24041 74.22502,15.2403 74.22487,15.2403 74.22403,15.24012 74.22325,15.23993 74.22282,15.23986 74.2226,15.2398 74.22165,15.23959 74.22098,15.23943 74.22041,15.23936 74.21961,15.2391 74.21903,15.23895 74.21854,15.23883 74.21833,15.23877 74.21819,15.23874 74.21747,15.23855 74.21762,15.23809 74.21772,15.23789 74.21815,15.23703 74.21715,15.23455 74.21529,15.23661 74.21487,15.23689 74.2144,15.23691 74.21404,15.23688 74.2139,15.23687 74.21382,15.23717 74.21367,15.23761 74.2135,15.23774 74.21319,15.238 74.2125,15.23773 74.21198,15.23742 74.21179,15.23728 74.21156,15.23714 74.21127,15.23688 74.21099,15.23648 74.21078,15.23635 74.21045,15.23616 74.21023,15.23608 74.20989,15.23599 74.2095,15.23595 74.20909,15.23591 74.20876,15.23591 74.20818,15.23591 74.20753,15.23587 74.20726,15.23585 74.20672,15.23576 74.20626,15.23572 74.20579,15.2358 74.20555,15.23581 74.20525,15.2358 74.20516,15.23582 74.20506,15.23589 74.20496,15.23603 74.20483,15.23629 74.2048,15.23649 74.20467,15.23665 74.20445,15.23681 74.20399,15.23715 74.20355,15.23744 74.20295,15.23778 74.20264,15.23797 74.20206,15.23843 74.20169,15.23874 74.20132,15.23901 74.20095,15.23917 74.20063,15.23934 74.20033,15.23953 74.20015,15.23965 74.1999,15.23981 74.19951,15.24019 74.1991,15.24053 74.19864,15.24095 74.19824,15.24112 74.19768,15.24136 74.19775,15.2416 74.19796,15.24195 74.19827,15.24238 74.19879,15.24299 74.19946,15.2439 74.19961,15.24405 74.20048,15.24517 74.20121,15.24614 74.20193,15.24696 74.20226,15.24736 74.20272,15.24781 74.20321,15.24837 74.20414,15.24933 74.20486,15.25018 74.20523,15.25054 74.2054,15.25072 74.20606,15.25145 74.20668,15.25225 74.20735,15.25287 74.20763,15.25291 74.20948,15.2531 74.21025,15.25327 74.21157,15.25365 74.21304,15.25412 74.21404,15.25443 74.21505,15.25468 74.21569,15.25522 74.21659,15.25638 74.2174,15.25734 74.21828,15.25801 74.21973,15.25937 74.22059,15.26023 74.22157,15.26092 74.22238,15.26145 74.2235,15.26199 74.22394,15.26371 74.22414,15.26587 74.22463,15.26605 74.22512,15.26621 74.22611,15.26662 74.22646,15.26686 74.22684,15.26703 74.22738,15.26666 74.22796,15.26592 74.22835,15.26581 74.22895,15.26617 74.22947,15.26659 74.22996,15.26714 74.23051,15.26775 74.23124,15.26809 74.23171,15.26832 74.23226,15.26823 74.23284,15.26803 74.23442,15.26732 74.23519,15.26701 74.23587,15.26685 74.2377,15.26669 74.23859,15.26622 74.23895,15.26593 74.23923,15.26522</coordinates></LinearRing></outerBoundaryIs></Polygon></MultiGeometry>
  </Placemark>
  <Placemark id="WG_ESA_2024_GA.97">
	<name>Porteem</name>
	<Style><LineStyle><color>ff0000ff</color></LineStyle><PolyStyle><fill>0</fill></PolyStyle></Style>
	<ExtendedData><SchemaData schemaUrl="#WG_ESA_2024_GA">
		<SimpleData name="esa_category">whole_village</SimpleData>
		<SimpleData name="area_km2">12.853</SimpleData>
	</SchemaData></ExtendedData>
      <MultiGeometry><Polygon><outerBoundaryIs><LinearRing><coordinates>74.20238,15.14861 74.20259,15.14845 74.20289,15.14816 74.20309,15.14791 74.20333,15.14758 74.20352,15.14733 74.20368,15.14718 74.20397,15.14698 74.20422,15.14689 74.20467,15.14678 74.20514,15.14677 74.20564,15.14684 74.20597,15.14692 74.20623,15.14691 74.20644,15.14671 74.20666,15.14641 74.2069,15.14595 74.2071,15.14563 74.20736,15.14523 74.20775,15.14478 74.20814,15.14438 74.20848,15.14398 74.20865,15.14371 74.20876,15.14348 74.20891,15.14317 74.20902,15.14292 74.20909,15.14246 74.20916,15.14214 74.2093,15.14159 74.20941,15.14136 74.20953,15.14105 74.20987,15.13996 74.21,15.13982 74.21013,15.13972 74.21039,15.1396 74.21064,15.13954 74.21102,15.1395 74.21137,15.13956 74.212,15.1396 74.21241,15.13966 74.2129,15.13976 74.21375,15.13993 74.21421,15.14007 74.21486,15.14018 74.21537,15.14025 74.21573,15.14029 74.21618,15.14035 74.21675,15.14048 74.21732,15.1405 74.21794,15.14062 74.21893,15.14085 74.21979,15.1411 74.22041,15.14128 74.22088,15.14142 74.22104,15.14144 74.22115,15.14141 74.22135,15.14125 74.22166,15.14097 74.22194,15.14068 74.22238,15.14024 74.22275,15.13992 74.22299,15.1397 74.22356,15.13917 74.22405,15.13874 74.22478,15.13825 74.22481,15.13868 74.22497,15.13905 74.22529,15.13939 74.22592,15.13961 74.22657,15.1398 74.22724,15.13994 74.22766,15.14006 74.22789,15.13998 74.22815,15.13985 74.22846,15.13967 74.22885,15.13942 74.22923,15.13915 74.22952,15.13895 74.22991,15.13869 74.22991,15.13862 74.22998,15.13826 74.23001,15.13793 74.23011,15.13711 74.23016,15.1367 74.23027,15.1356 74.2303,15.13478 74.23026,15.13434 74.23018,15.13324 74.23007,15.13236 74.23003,15.13215 74.22992,15.1319 74.22978,15.13163 74.22975,15.13146 74.22973,15.13117 74.22968,15.13081 74.22964,15.13033 74.22961,15.13007 74.22946,15.12976 74.22934,15.1296 74.22929,15.12928 74.22924,15.12879 74.22909,15.12797 74.229,15.12769 74.2288,15.12721 74.22871,15.12688 74.22862,15.1267 74.22845,15.12644 74.22832,15.12618 74.22823,15.12599 74.2279,15.12557 74.22728,15.12363 74.22704,15.12198 74.22655,15.12098 74.22615,15.12027 74.22802,15.11858 74.22529,15.11586 74.22419,15.11521 74.22203,15.11488 74.22066,15.11494 74.21834,15.11482 74.21839,15.11471 74.21794,15.11408 74.21669,15.11459 74.2152,15.11486 74.21376,15.11491 74.21243,15.11488 74.2117,15.11468 74.21075,15.11404 74.20968,15.11301 74.20913,15.1131 74.20839,15.11319 74.20784,15.11323 74.20751,15.11316 74.20706,15.11285 74.20678,15.11264 74.20636,15.11254 74.20529,15.11289 74.20475,15.11304 74.2044,15.1132 74.20409,15.11354 74.20397,15.11423 74.20393,15.11474 74.20377,15.11501 74.20342,15.11517 74.20295,15.11511 74.2027,15.1147 74.20253,15.11445 74.20229,15.11416 74.20201,15.11411 74.20135,15.11435 74.19996,15.11504 74.19936,15.11534 74.19873,15.11584 74.19811,15.11645 74.19742,15.11674 74.1968,15.11706 74.19633,15.11756 74.19589,15.1188 74.1955,15.11971 74.19529,15.12016 74.19481,15.12056 74.1943,15.1207 74.19379,15.12082 74.19347,15.12102 74.19303,15.12134 74.19279,15.12176 74.19277,15.12215 74.19308,15.12243 74.19352,15.12271 74.19416,15.12272 74.19507,15.12266 74.19554,15.12277 74.19583,15.12317 74.19561,15.12402 74.19493,15.12446 74.19298,15.12496 74.19221,15.12561 74.1917,15.12582 74.19055,15.12608 74.19016,15.1264 74.18992,15.12666 74.18997,15.12687 74.19003,15.12697 74.19011,15.12708 74.19036,15.12725 74.1906,15.12744 74.19082,15.12764 74.19105,15.12781 74.1914,15.12809 74.19162,15.12835 74.19177,15.12849 74.19185,15.12867 74.1919,15.1288 74.19188,15.12897 74.19179,15.12913 74.19162,15.12928 74.19142,15.12934 74.19114,15.12932 74.19092,15.12924 74.19071,15.12913 74.19031,15.12882 74.18978,15.12842 74.18951,15.12829 74.18929,15.12824 74.18909,15.12822 74.18883,15.12828 74.18863,15.12834 74.18847,15.12845 74.1883,15.12865 74.18822,15.12886 74.18819,15.1291 74.18824,15.12934 74.18838,15.12959 74.18849,15.12975 74.18862,15.12992 74.1887,15.13004 74.18883,15.13031 74.18893,15.13055 74.18901,15.13078 74.18908,15.13092 74.18919,15.13107 74.18934,15.13122 74.18962,15.13143 74.18982,15.13153 74.19012,15.13171 74.19036,15.13189 74.19062,15.13215 74.19078,15.13234 74.19093,15.13256 74.191,15.13271 74.19103,15.13282 74.19097,15.13307 74.19085,15.13321 74.19042,15.13345 74.19007,15.13369 74.18975,15.13393 74.18951,15.13415 74.18944,15.13425 74.1894,15.13441 74.18944,15.13461 74.18947,15.13485 74.18951,15.13514 74.18954,15.13538 74.18953,15.13565 74.18949,15.13589 74.1894,15.13617 74.18939,15.13637 74.18939,15.13658 74.18941,15.13678 74.18936,15.13729 74.18934,15.1375 74.18931,15.13788 74.18923,15.13805 74.18915,15.13829 74.18902,15.13849 74.18883,15.13868 74.18867,15.13878 74.18838,15.13888 74.18809,15.13896 74.18774,15.13899 74.18699,15.13897 74.18656,15.13897 74.18615,15.13891 74.1858,15.13889 74.18549,15.13892 74.18526,15.13898 74.18513,15.13909 74.18493,15.13925 74.18479,15.13945 74.18477,15.13958 74.18482,15.13969 74.18487,15.13977 74.18497,15.13982 74.18513,15.13988 74.18539,15.13994 74.18567,15.13999 74.18596,15.14006 74.18621,15.14009 74.18663,15.14014 74.18691,15.14017 74.18712,15.1402 74.18732,15.14022 74.18768,15.14023 74.18817,15.14032 74.18847,15.14033 74.18874,15.14037 74.18907,15.14044 74.18925,15.14051 74.18952,15.14071 74.18979,15.14096 74.18996,15.14111 74.19012,15.1413 74.1903,15.14148 74.19055,15.14171 74.19063,15.14183 74.19071,15.14199 74.19076,15.14213 74.19079,15.14226 74.1908,15.14239 74.1907,15.14259 74.19062,15.14279 74.19049,15.14298 74.19034,15.14311 74.19015,15.14332 74.18996,15.1435 74.18975,15.14377 74.18964,15.14396 74.18956,15.14422 74.18958,15.1448 74.18964,15.14505 74.18969,15.14537 74.18974,15.14559 74.18984,15.14583 74.1899,15.14611 74.18998,15.14648 74.19009,15.14701 74.19016,15.14743 74.19022,15.14782 74.19025,15.14809 74.19024,15.14828 74.19018,15.14835 74.1901,15.14845 74.18998,15.14852 74.18989,15.14855 74.18977,15.14853 74.18964,15.14842 74.18946,15.14824 74.1893,15.14806 74.18899,15.14773 74.18868,15.14737 74.18852,15.14726 74.18839,15.14724 74.18827,15.14727 74.18817,15.14735 74.18811,15.14751 74.18809,15.14771 74.18809,15.14785 74.18811,15.14815 74.18814,15.1484 74.18819,15.14854 74.18825,15.14867 74.18836,15.14879 74.18844,15.14889 74.18858,15.14904 74.18874,15.14917 74.18893,15.14925 74.18914,15.14932 74.18931,15.14939 74.18944,15.14947 74.18959,15.14961 74.18978,15.1498 74.19002,15.15006 74.19025,15.15024 74.19033,15.15031 74.19042,15.15037 74.1905,15.15038 74.19059,15.15034 74.19081,15.15014 74.19096,15.14995 74.19123,15.14965 74.19146,15.1494 74.19193,15.14901 74.19219,15.14881 74.19247,15.14859 74.19267,15.14847 74.19288,15.1484 74.19307,15.14837 74.19322,15.1484 74.19328,15.14845 74.1934,15.14869 74.19345,15.14889 74.19346,15.14924 74.19351,15.1496 74.19361,15.14993 74.1938,15.15038 74.19401,15.15067 74.19421,15.15089 74.1944,15.15108 74.1947,15.15126 74.19502,15.15137 74.19521,15.15144 74.19545,15.15149 74.19575,15.15147 74.19615,15.15136 74.19637,15.1513 74.19671,15.1512 74.19699,15.15108 74.19724,15.15093 74.1974,15.15078 74.19774,15.15034 74.19798,15.15006 74.19821,15.14973 74.19843,15.14941 74.19872,15.14918 74.19891,15.14909 74.19907,15.14905 74.19922,15.14903 74.19948,15.14909 74.20004,15.14926 74.20029,15.14936 74.20058,15.14943 74.20105,15.14956 74.2014,15.14965 74.20168,15.14966 74.20238,15.14861</coordinates></LinearRing></outerBoundaryIs></Polygon></MultiGeometry>
  </Placemark>
  <Placemark id="WG_ESA_2024_GA.98">
	<name>Potrem</name>
	<Style><LineStyle><color>ff0000ff</color></LineStyle><PolyStyle><fill>0</fill></PolyStyle></Style>
	<ExtendedData><SchemaData schemaUrl="#WG_ESA_2024_GA">
		<SimpleData name="esa_category">whole_village</SimpleData>
		<SimpleData name="area_km2">21.31</SimpleData>
	</SchemaData></ExtendedData>
      <MultiGeometry><Polygon><outerBoundaryIs><LinearRing><coordinates>74.2867,15.23281 74.28677,15.23282 74.29027,15.23356 74.2915,15.23381 74.29162,15.23363 74.29194,15.23311 74.29287,15.23207 74.29337,15.23161 74.29428,15.23077 74.2957,15.22971 74.29602,15.22944 74.2965,15.22885 74.29671,15.22852 74.29677,15.22843 74.29701,15.22809 74.29773,15.22757 74.29876,15.22684 74.29917,15.22656 74.30092,15.2248 74.30157,15.22437 74.30161,15.22434 74.30139,15.22401 74.3012,15.22372 74.30073,15.22302 74.30071,15.22288 74.30067,15.22264 74.30062,15.2221 74.3006,15.22192 74.30036,15.22142 74.30034,15.22137 74.30033,15.22136 74.30004,15.22095 74.29987,15.22071 74.2998,15.22049 74.29986,15.21995 74.29986,15.21993 74.30029,15.21915 74.30036,15.2191 74.30047,15.21903 74.30123,15.21749 74.30125,15.21745 74.30144,15.21706 74.30144,15.21705 74.30141,15.21531 74.30114,15.21402 74.30084,15.21292 74.30005,15.21154 74.29997,15.21141 74.29983,15.21126 74.29938,15.21112 74.29867,15.21098 74.29786,15.21089 74.29644,15.21078 74.2955,15.21072 74.29477,15.21056 74.29444,15.21047 74.29393,15.21011 74.29281,15.20948 74.29202,15.20896 74.29122,15.20847 74.29056,15.20817 74.2897,15.20791 74.2888,15.20765 74.28795,15.20758 74.28723,15.20764 74.28616,15.20781 74.28468,15.20822 74.28337,15.2086 74.28203,15.20906 74.28109,15.20934 74.28019,15.20966 74.27977,15.20894 74.27921,15.20808 74.27858,15.20641 74.27783,15.20523 74.27693,15.20376 74.27586,15.20199 74.27497,15.20093 74.27388,15.19966 74.27323,15.19875 74.27287,15.19842 74.27198,15.19783 74.27119,15.19739 74.26963,15.19686 74.26751,15.19625 74.26673,15.19608 74.26667,15.19607 74.26647,15.19609 74.26629,15.19614 74.26608,15.19624 74.26603,15.19625 74.26595,15.19632 74.2659,15.19635 74.26584,15.19639 74.26561,15.19666 74.26544,15.19699 74.26539,15.19707 74.2653,15.19721 74.26518,15.19751 74.26516,15.19754 74.26492,15.19819 74.26406,15.19953 74.26287,15.20142 74.2625,15.20148 74.26232,15.20154 74.26207,15.20164 74.26199,15.20169 74.26193,15.20176 74.26186,15.20187 74.26182,15.20198 74.26178,15.2021 74.26173,15.2022 74.26168,15.20231 74.26164,15.20248 74.26161,15.20262 74.26158,15.20287 74.26153,15.20305 74.26152,15.20312 74.26139,15.20335 74.26129,15.20354 74.26126,15.20358 74.26122,15.20362 74.26115,15.20367 74.26111,15.20368 74.26099,15.20367 74.26087,15.20361 74.26079,15.20353 74.26064,15.2033 74.26048,15.20313 74.26003,15.20275 74.25958,15.20243 74.25916,15.2022 74.25898,15.2021 74.25879,15.20201 74.25866,15.20197 74.25861,15.20196 74.25833,15.20188 74.25811,15.20184 74.25801,15.20182 74.25752,15.20179 74.25737,15.20176 74.25723,15.20176 74.25694,15.2018 74.2564,15.2019 74.2562,15.20192 74.25599,15.20198 74.25589,15.20201 74.25575,15.20205 74.25542,15.20216 74.25518,15.20223 74.25476,15.20245 74.25467,15.20252 74.25458,15.20257 74.25453,15.20258 74.25447,15.20263 74.25441,15.20265 74.25406,15.20278 74.25385,15.20282 74.2536,15.20286 74.25351,15.20286 74.25344,15.20284 74.25328,15.20276 74.25301,15.20258 74.25275,15.20233 74.25259,15.20211 74.25253,15.202 74.25243,15.20181 74.25231,15.2015 74.25221,15.20121 74.25218,15.20113 74.25216,15.20102 74.25211,15.20091 74.25199,15.20071 74.25187,15.20054 74.25175,15.20041 74.25159,15.20028 74.25143,15.20016 74.25124,15.20005 74.25118,15.2 74.25108,15.19995 74.2509,15.19989 74.25062,15.19979 74.25052,15.19977 74.25039,15.19975 74.25007,15.19966 74.24979,15.19961 74.24952,15.19957 74.24943,15.19955 74.24906,15.19955 74.24889,15.19955 74.24883,15.19954 74.24867,15.19947 74.2485,15.19938 74.24832,15.19923 74.24819,15.19907 74.24804,15.19887 74.24791,15.1987 74.24776,15.1986 74.24764,15.19852 74.24722,15.19831 74.24682,15.19813 74.2464,15.19796 74.24614,15.19789 74.24588,15.19786 74.24553,15.19785 74.24509,15.19786 74.24479,15.19791 74.24454,15.19798 74.24426,15.19809 74.244,15.1982 74.2438,15.19832 74.24367,15.19841 74.24352,15.19855 74.2434,15.19872 74.2433,15.19888 74.24325,15.19907 74.24324,15.19928 74.24319,15.19968 74.24316,15.20006 74.24314,15.20029 74.24305,15.20056 74.24296,15.20087 74.24289,15.20107 74.24282,15.20123 74.24269,15.20144 74.24252,15.2016 74.24238,15.20171 74.24217,15.20185 74.24199,15.20192 74.24182,15.20197 74.24162,15.20197 74.24145,15.20194 74.24133,15.20186 74.24115,15.2017 74.24102,15.20152 74.24087,15.20135 74.2407,15.20114 74.24054,15.20103 74.24025,15.20094 74.23989,15.20088 74.23937,15.20083 74.23897,15.20081 74.23851,15.20081 74.23812,15.20083 74.23773,15.20091 74.23741,15.20094 74.23726,15.201 74.23715,15.20108 74.23693,15.20125 74.23665,15.20148 74.23642,15.20166 74.23626,15.20176 74.23615,15.2018 74.23601,15.20184 74.23578,15.20186 74.23555,15.20191 74.23541,15.20197 74.23528,15.20207 74.23518,15.20219 74.23509,15.20233 74.235,15.20254 74.23496,15.20279 74.2349,15.20318 74.23483,15.20356 74.23479,15.20379 74.23474,15.20398 74.23468,15.20421 74.23456,15.20446 74.23445,15.2046 74.23425,15.20477 74.23461,15.20555 74.23478,15.2061 74.23505,15.20699 74.23542,15.20827 74.23551,15.20851 74.23565,15.20873 74.23596,15.209 74.23652,15.20935 74.23677,15.20953 74.23702,15.20984 74.23727,15.21025 74.23762,15.21086 74.2381,15.2115 74.23846,15.21217 74.23862,15.21249 74.23917,15.21363 74.23933,15.21402 74.23949,15.21473 74.23962,15.21519 74.23976,15.21543 74.24019,15.2158 74.24096,15.21628 74.24146,15.21678 74.24169,15.2171 74.24205,15.21764 74.24216,15.21797 74.24233,15.21855 74.24303,15.21862 74.24393,15.2188 74.24434,15.21896 74.24493,15.21923 74.24523,15.21972 74.24562,15.22043 74.24614,15.22135 74.24642,15.22189 74.24676,15.22227 74.24701,15.2224 74.24745,15.22249 74.24784,15.22289 74.24806,15.22335 74.24827,15.22359 74.24897,15.22488 74.24925,15.22565 74.25,15.2269 74.25039,15.22748 74.2507,15.22819 74.25146,15.22903 74.25249,15.22988 74.25292,15.23046 74.25329,15.23124 74.25381,15.23217 74.25464,15.23327 74.25562,15.23444 74.25613,15.23584 74.25653,15.23705 74.25735,15.2387 74.25955,15.24102 74.25974,15.24098 74.26136,15.24059 74.26498,15.23973 74.2686,15.23887 74.27239,15.23808 74.27586,15.23736 74.28107,15.23628 74.28114,15.23626 74.28342,15.23484 74.28365,15.23471 74.28669,15.23282 74.2867,15.23281</coordinates></LinearRing></outerBoundaryIs></Polygon></MultiGeometry>
  </Placemark>
  <Placemark id="WG_ESA_2024_GA.99">
	<name>Rivona</name>
	<Style><LineStyle><color>ff0000ff</color></LineStyle><PolyStyle><fill>0</fill></PolyStyle></Style>
	<ExtendedData><SchemaData schemaUrl="#WG_ESA_2024_GA">
		<SimpleData name="esa_category">whole_village</SimpleData>
		<SimpleData name="area_km2">35.805</SimpleData>
	</SchemaData></ExtendedData>
      <MultiGeometry><Polygon><outerBoundaryIs><LinearRing><coordinates>74.10621,15.18813 74.10714,15.1865 74.10781,15.18544 74.10851,15.18426 74.10871,15.18403 74.10984,15.18281 74.11034,15.18196 74.11041,15.18186 74.11047,15.18182 74.11106,15.18151 74.11157,15.1812 74.11222,15.1811 74.11297,15.18085 74.11337,15.18027 74.11347,15.17986 74.11351,15.1797 74.11375,15.17885 74.11393,15.17762 74.11408,15.177 74.1147,15.17624 74.11479,15.17613 74.11532,15.17583 74.11619,15.175 74.11709,15.17438 74.11818,15.1739 74.1185,15.17301 74.11862,15.17268 74.11947,15.17107 74.11974,15.17082 74.12049,15.17012 74.12184,15.16934 74.12275,15.16899 74.12373,15.16883 74.12401,15.16943 74.12483,15.16991 74.12591,15.17074 74.12656,15.17063 74.12699,15.17046 74.12786,15.17031 74.12789,15.17032 74.12798,15.1702 74.12816,15.16995 74.12855,15.16945 74.12866,15.16931 74.12877,15.16916 74.1284,15.16815 74.12801,15.16716 74.12786,15.16686 74.12752,15.16603 74.12724,15.16553 74.127,15.16506 74.12675,15.16479 74.1264,15.16447 74.12618,15.16431 74.1259,15.16415 74.12564,15.16401 74.12542,15.16399 74.12516,15.16403 74.12497,15.16408 74.12468,15.16417 74.12439,15.16422 74.1241,15.16423 74.12377,15.16427 74.12372,15.16388 74.12368,15.16315 74.12362,15.16274 74.12266,15.16216 74.12275,15.16104 74.12275,15.16083 74.12273,15.15964 74.12274,15.15898 74.1227,15.15863 74.12261,15.15783 74.12256,15.1578 74.12185,15.15726 74.12132,15.15694 74.12061,15.15653 74.11968,15.15604 74.11907,15.15576 74.11857,15.15553 74.11799,15.15527 74.11741,15.155 74.11627,15.15437 74.11645,15.15421 74.11668,15.15399 74.11696,15.15384 74.1172,15.15379 74.11734,15.15375 74.11758,15.15372 74.11779,15.15364 74.118,15.15355 74.11823,15.15338 74.11841,15.15317 74.11869,15.15292 74.11894,15.15263 74.1191,15.15239 74.11927,15.15204 74.11935,15.15176 74.11942,15.15147 74.1194,15.15119 74.11931,15.15056 74.11931,15.15029 74.11932,15.1501 74.1194,15.14993 74.11951,15.14987 74.11973,15.14993 74.12,15.15001 74.12035,15.15002 74.12078,15.14992 74.12116,15.14985 74.1215,15.1499 74.122,15.14995 74.12221,15.14996 74.12264,15.14997 74.12287,15.14986 74.12313,15.14964 74.12336,15.14932 74.12341,15.14907 74.12334,15.14871 74.12327,15.14835 74.12322,15.14805 74.12324,15.14781 74.12333,15.14763 74.12353,15.14743 74.12368,15.14724 74.12374,15.14676 74.12389,15.1462 74.124,15.14578 74.12402,15.14523 74.12404,15.14461 74.12408,15.14445 74.12411,15.14442 74.12422,15.14421 74.12441,15.14396 74.12456,15.14375 74.12477,15.14343 74.12494,15.14318 74.12518,15.14276 74.12539,15.14248 74.12551,15.1424 74.12561,15.14237 74.12574,15.14237 74.12587,15.1424 74.12601,15.14247 74.12623,15.14264 74.12649,15.14274 74.1267,15.14286 74.12687,15.14294 74.1271,15.14299 74.12733,15.143 74.12759,15.14302 74.12783,15.14299 74.12807,15.14295 74.12824,15.14291 74.1284,15.14281 74.12854,15.14271 74.12873,15.14254 74.12895,15.14233 74.1291,15.14211 74.12919,15.1419 74.12921,15.14171 74.12921,15.14151 74.12918,15.1412 74.12906,15.14078 74.12893,15.14039 74.1289,15.14021 74.12887,15.13986 74.1289,15.1397 74.12897,15.13956 74.12914,15.13943 74.12936,15.13931 74.12962,15.13922 74.12985,15.13918 74.1302,15.13915 74.13047,15.13915 74.13069,15.13916 74.13096,15.13915 74.13133,15.13915 74.13152,15.13913 74.1317,15.13907 74.13178,15.13898 74.13187,15.13886 74.13192,15.1387 74.13194,15.13847 74.13197,15.1381 74.13198,15.13742 74.13197,15.13695 74.13193,15.13667 74.13181,15.1364 74.1317,15.13613 74.13154,15.13586 74.13139,15.13556 74.13129,15.13536 74.13124,15.13487 74.13124,15.13432 74.13127,15.13386 74.13131,15.13345 74.13125,15.13332 74.1311,15.13314 74.13093,15.13291 74.13085,15.13278 74.13084,15.13263 74.13085,15.13249 74.13091,15.13241 74.13105,15.13236 74.13126,15.13234 74.13152,15.13233 74.13176,15.13229 74.13205,15.13217 74.13225,15.13203 74.13246,15.13184 74.13257,15.13165 74.13261,15.1315 74.13266,15.13126 74.13265,15.13104 74.13262,15.1308 74.1325,15.13051 74.13226,15.13007 74.13186,15.12947 74.13146,15.12899 74.13113,15.12867 74.13085,15.12858 74.13057,15.12855 74.13034,15.12858 74.13014,15.12866 74.12987,15.12879 74.12946,15.12899 74.1292,15.12908 74.12901,15.12906 74.12889,15.12899 74.12883,15.12888 74.12878,15.12872 74.12877,15.12849 74.12874,15.12811 74.12865,15.12764 74.12854,15.12713 74.12835,15.12655 74.12819,15.12611 74.12817,15.12565 74.12816,15.12537 74.12815,15.12516 74.12813,15.12502 74.12813,15.12488 74.12816,15.12468 74.12816,15.12426 74.12816,15.12425 74.12802,15.12396 74.12784,15.12371 74.12763,15.12349 74.12729,15.12317 74.127,15.12299 74.12677,15.12283 74.12645,15.12268 74.12617,15.12253 74.12595,15.12241 74.12583,15.12233 74.12574,15.12224 74.12568,15.12214 74.12564,15.12203 74.12565,15.12183 74.12565,15.12177 74.1257,15.12165 74.12574,15.12159 74.12583,15.12153 74.1259,15.1215 74.12605,15.12148 74.1262,15.12148 74.12643,15.12147 74.12666,15.1214 74.12671,15.12139 74.1268,15.12138 74.12694,15.12127 74.12699,15.12118 74.1271,15.12096 74.12707,15.1208 74.12702,15.12059 74.12694,15.12042 74.12688,15.12029 74.12676,15.12006 74.12665,15.11986 74.12661,15.11982 74.12654,15.11974 74.12634,15.11953 74.12623,15.11932 74.12608,15.11914 74.12584,15.1189 74.1255,15.1186 74.12518,15.11832 74.12491,15.11805 74.12456,15.11772 74.12425,15.11743 74.12399,15.11717 74.12392,15.11697 74.12379,15.11673 74.12372,15.11646 74.12366,15.11631 74.1236,15.11616 74.1235,15.11602 74.12341,15.11592 74.12324,15.11581 74.12307,15.1158 74.12294,15.11582 74.12267,15.11588 74.12258,15.11588 74.12237,15.11588 74.12213,15.11582 74.12172,15.11575 74.12139,15.11565 74.12102,15.1156 74.12079,15.11554 74.12048,15.11543 74.11981,15.11543 74.11902,15.11563 74.11793,15.11598 74.11753,15.11612 74.11695,15.11637 74.1165,15.11661 74.11635,15.11667 74.11526,15.11658 74.11404,15.11639 74.11228,15.11597 74.11082,15.11572 74.11046,15.11568 74.10969,15.11533 74.1096,15.11499 74.10966,15.1149 74.10943,15.1139 74.10868,15.11298 74.10846,15.11174 74.10776,15.11178 74.10714,15.11111 74.10712,15.10995 74.10625,15.10809 74.10624,15.10806 74.10458,15.10726 74.10277,15.10743 74.10261,15.10762 74.10205,15.10824 74.10192,15.10839 74.10192,15.11053 74.10219,15.11257 74.1022,15.11267 74.10171,15.11333 74.10096,15.11436 74.10184,15.1148 74.10116,15.11747 74.10093,15.11804 74.10092,15.11807 74.10091,15.11808 74.10058,15.1185 74.10038,15.11883 74.10036,15.11897 74.10024,15.11909 74.10018,15.11922 74.10012,15.11933 74.10006,15.11942 74.10001,15.11969 74.09998,15.1198 74.09988,15.11998 74.09973,15.1201 74.09972,15.12011 74.09956,15.12028 74.09935,15.12045 74.09922,15.12062 74.09908,15.12085 74.09904,15.12104 74.09905,15.12147 74.099,15.12198 74.09895,15.12227 74.09895,15.12259 74.09894,15.12289 74.09904,15.1233 74.09916,15.12356 74.09935,15.12377 74.09954,15.12393 74.09972,15.12408 74.0999,15.12423 74.10004,15.12438 74.10007,15.12442 74.10011,15.12461 74.1001,15.12479 74.10001,15.12499 74.09996,15.12503 74.09985,15.1251 74.09967,15.12521 74.09948,15.12534 74.09927,15.1255 74.09908,15.1256 74.09905,15.12564 74.09905,15.12566 74.09912,15.12575 74.09924,15.12594 74.09927,15.12605 74.09931,15.12627 74.09937,15.12657 74.09943,15.12673 74.0995,15.12686 74.09954,15.12697 74.09956,15.12714 74.09956,15.1273 74.09948,15.12767 74.09944,15.12785 74.09939,15.1282 74.09928,15.12846 74.09921,15.12857 74.0991,15.12869 74.09903,15.12873 74.09897,15.12873 74.09857,15.1287 74.09817,15.12865 74.0981,15.12866 74.09806,15.12867 74.098,15.12869 74.09771,15.12881 74.09757,15.12889 74.09752,15.12893 74.09745,15.12901 74.09739,15.12914 74.09735,15.12926 74.09731,15.12945 74.09731,15.12955 74.09734,15.12966 74.09744,15.1299 74.09753,15.13007 74.09764,15.13027 74.09767,15.13033 74.09768,15.13036 74.09771,15.13059 74.09771,15.13073 74.09768,15.13079 74.09764,15.13083 74.09731,15.13115 74.09724,15.1312 74.09718,15.13124 74.09705,15.13133 74.09696,15.1314 74.09688,15.13148 74.09673,15.13167 74.09667,15.13178 74.09654,15.13212 74.09645,15.13247 74.09641,15.13266 74.09641,15.13286 74.09642,15.13318 74.09642,15.13341 74.09641,15.13358 74.0964,15.13368 74.09632,15.13401 74.09631,15.13404 74.09627,15.13415 74.09624,15.13427 74.09624,15.13462 74.09626,15.13478 74.09632,15.13498 74.09632,15.135 74.09634,15.13504 74.09542,15.13511 74.09463,15.13523 74.09272,15.13575 74.09074,15.13608 74.08898,15.13617 74.0865,15.13531 74.08608,15.13522 74.08516,15.13551 74.085,15.13564 74.0848,15.13581 74.08454,15.13606 74.08441,15.1362 74.0842,15.13643 74.08352,15.13705 74.08236,15.13852 74.08188,15.13885 74.08157,15.1392 74.08148,15.13934 74.08125,15.13969 74.08084,15.14015 74.08078,15.14048 74.08071,15.14082 74.08071,15.14112 74.08071,15.14125 74.08071,15.14188 74.08067,15.14198 74.0802,15.14219 74.0802,15.1422 74.07965,15.14254 74.0795,15.14333 74.07929,15.14423 74.07931,15.14521 74.07933,15.14593 74.07899,15.14782 74.07987,15.14848 74.07872,15.15141 74.07856,15.15219 74.07867,15.15311 74.07839,15.15399 74.07817,15.15467 74.07737,15.1553 74.07731,15.15535 74.07711,15.15568 74.0765,15.15664 74.07646,15.15672 74.07599,15.15687 74.07568,15.15687 74.07522,15.15687 74.07452,15.15699 74.07416,15.15709 74.07354,15.15716 74.07287,15.15727 74.07209,15.1571 74.07136,15.15693 74.07036,15.15686 74.06985,15.15714 74.0694,15.15741 74.06783,15.15857 74.06661,15.15928 74.06576,15.15986 74.06548,15.16005 74.06467,15.16069 74.06424,15.16091 74.06382,15.16112 74.06335,15.16149 74.06392,15.16277 74.0654,15.16459 74.06665,15.16633 74.06723,15.16706 74.06744,15.16766 74.06751,15.16815 74.06734,15.16916 74.06709,15.17057 74.06696,15.17105 74.06653,15.17202 74.06633,15.17299 74.06631,15.17343 74.06614,15.17422 74.06589,15.17522 74.06561,15.1765 74.06536,15.17719 74.0684,15.17856 74.07087,15.17735 74.0729,15.17792 74.07456,15.17943 74.07722,15.18023 74.07881,15.18243 74.08152,15.18197 74.08316,15.18254 74.08469,15.18314 74.08593,15.18303 74.08687,15.183 74.08694,15.18364 74.08668,15.18399 74.08665,15.18463 74.0865,15.1855 74.08765,15.18615 74.08908,15.18642 74.09097,15.18891 74.09243,15.18963 74.09288,15.18972 74.0951,15.19025 74.0959,15.19053 74.09623,15.18974 74.09641,15.18942 74.09673,15.18886 74.09686,15.18885 74.09959,15.18858 74.1006,15.18922 74.10142,15.18981 74.10254,15.1899 74.10452,15.19041 74.10613,15.19079 74.10566,15.18947 74.1056,15.18932 74.10621,15.18813</coordinates></LinearRing></outerBoundaryIs></Polygon></MultiGeometry>
  </Placemark>
  <Placemark id="WG_ESA_2024_GA.100">
	<name>Rumbrem</name>
	<Style><LineStyle><color>ff0000ff</color></LineStyle><PolyStyle><fill>0</fill></PolyStyle></Style>
	<ExtendedData><SchemaData schemaUrl="#WG_ESA_2024_GA">
		<SimpleData name="esa_category">whole_village</SimpleData>
		<SimpleData name="area_km2">3.743</SimpleData>
	</SchemaData></ExtendedData>
      <MultiGeometry><Polygon><outerBoundaryIs><LinearRing><coordinates>74.1105,15.29466 74.11146,15.29455 74.11208,15.29447 74.11281,15.29447 74.11394,15.29457 74.11508,15.29444 74.11543,15.29468 74.11617,15.29468 74.11746,15.29466 74.11831,15.29468 74.11896,15.29442 74.11954,15.29421 74.12039,15.29377 74.1206,15.29367 74.12118,15.29348 74.12172,15.29348 74.12247,15.29333 74.12312,15.29315 74.12369,15.29306 74.12407,15.29294 74.1253,15.29297 74.12603,15.2929 74.12664,15.29306 74.12735,15.29274 74.12786,15.29239 74.12833,15.29163 74.12838,15.29147 74.12859,15.29074 74.12878,15.2896 74.12873,15.28915 74.12934,15.28938 74.12937,15.28939 74.13021,15.28986 74.13095,15.2904 74.13195,15.2916 74.13236,15.29192 74.13328,15.29208 74.13346,15.29213 74.13464,15.2925 74.1352,15.29264 74.1355,15.29272 74.13596,15.29253 74.1361,15.29225 74.13629,15.29158 74.13625,15.29036 74.13646,15.28972 74.1371,15.28782 74.13716,15.28719 74.13671,15.28716 74.13568,15.28706 74.13376,15.28682 74.133,15.2866 74.13255,15.28624 74.13149,15.28489 74.13094,15.2841 74.13022,15.28351 74.1299,15.2833 74.12796,15.28341 74.12632,15.28358 74.12408,15.28382 74.12303,15.28379 74.12214,15.28339 74.12178,15.28299 74.12129,15.28302 74.12081,15.28293 74.12014,15.28277 74.1194,15.28265 74.11849,15.2823 74.11781,15.28211 74.11689,15.28189 74.11579,15.28119 74.11503,15.28058 74.11469,15.28011 74.11429,15.28031 74.11349,15.28097 74.11281,15.28124 74.11216,15.28177 74.11172,15.28234 74.11142,15.28281 74.11119,15.28314 74.11089,15.28351 74.11047,15.28368 74.10981,15.28382 74.10889,15.28388 74.10815,15.28388 74.1076,15.2838 74.10718,15.28368 74.10659,15.28364 74.10575,15.28362 74.10564,15.28361 74.10537,15.28348 74.10533,15.28355 74.10447,15.28505 74.10513,15.28717 74.10378,15.28806 74.10213,15.28989 74.1018,15.29008 74.10186,15.29015 74.10187,15.29016 74.10208,15.29037 74.10209,15.29037 74.10257,15.29068 74.10285,15.29094 74.10289,15.29098 74.10309,15.29151 74.10402,15.29228 74.10424,15.2925 74.10431,15.29254 74.10467,15.29276 74.10507,15.29318 74.10542,15.2935 74.10574,15.29378 74.1059,15.29407 74.10614,15.29435 74.10666,15.29481 74.10679,15.29492 74.10729,15.29485 74.10759,15.29488 74.10804,15.29501 74.10811,15.29501 74.10867,15.29501 74.10939,15.295 74.1105,15.29466</coordinates></LinearRing></outerBoundaryIs></Polygon></MultiGeometry>
  </Placemark>
  <Placemark id="WG_ESA_2024_GA.101">
	<name>Salauli</name>
	<Style><LineStyle><color>ff0000ff</color></LineStyle><PolyStyle><fill>0</fill></PolyStyle></Style>
	<ExtendedData><SchemaData schemaUrl="#WG_ESA_2024_GA">
		<SimpleData name="esa_category">whole_village</SimpleData>
		<SimpleData name="area_km2">10.09</SimpleData>
	</SchemaData></ExtendedData>
      <MultiGeometry><Polygon><outerBoundaryIs><LinearRing><coordinates>74.19267,15.21402 74.19316,15.21407 74.19368,15.21411 74.19401,15.21413 74.19418,15.21411 74.19427,15.21405 74.19441,15.21395 74.1947,15.21368 74.19495,15.21351 74.19538,15.21346 74.19556,15.21352 74.19581,15.21365 74.19633,15.21397 74.19656,15.21398 74.19713,15.21406 74.19737,15.21407 74.19789,15.21398 74.19815,15.21394 74.19824,15.2138 74.1984,15.21345 74.19859,15.21344 74.19899,15.21344 74.19953,15.21349 74.19987,15.21349 74.19994,15.21381 74.20025,15.21384 74.20071,15.21378 74.20072,15.2136 74.20079,15.21331 74.201,15.21333 74.20128,15.21338 74.20163,15.21345 74.20182,15.21348 74.20193,15.21343 74.20199,15.21331 74.20215,15.21297 74.20245,15.21261 74.20328,15.21176 74.20351,15.2115 74.20376,15.21121 74.20406,15.21089 74.20439,15.21064 74.20476,15.21036 74.20509,15.21014 74.20542,15.20992 74.20561,15.20967 74.20575,15.20954 74.20588,15.2094 74.20607,15.20903 74.20621,15.20876 74.20635,15.20849 74.20653,15.20809 74.20677,15.20757 74.20707,15.20718 74.2074,15.20684 74.20772,15.20658 74.20811,15.20641 74.20833,15.20633 74.20868,15.20619 74.20906,15.20584 74.20938,15.2056 74.20957,15.20541 74.20982,15.20508 74.20991,15.20488 74.20997,15.2046 74.21002,15.20441 74.21013,15.20417 74.2103,15.20398 74.21048,15.20383 74.21065,15.20352 74.21075,15.20333 74.21082,15.20308 74.21087,15.20248 74.21087,15.20209 74.21082,15.2012 74.21058,15.20118 74.20975,15.20107 74.20948,15.20101 74.20876,15.20084 74.20806,15.20055 74.20737,15.20041 74.20677,15.20038 74.20614,15.20038 74.20536,15.20036 74.20514,15.19918 74.20501,15.1986 74.20492,15.19818 74.20488,15.19786 74.20482,15.19729 74.20476,15.19661 74.20466,15.19606 74.20466,15.19554 74.20463,15.19495 74.20466,15.19418 74.20454,15.19388 74.20432,15.1933 74.20415,15.19286 74.20398,15.19258 74.20376,15.19188 74.20357,15.19115 74.20323,15.19108 74.20271,15.19098 74.20218,15.1909 74.20168,15.19089 74.20102,15.19082 74.20059,15.1908 74.20004,15.19082 74.19961,15.19087 74.19913,15.19091 74.19862,15.19088 74.19816,15.1909 74.19774,15.19086 74.19751,15.19086 74.19733,15.19093 74.19716,15.19102 74.19693,15.19116 74.19667,15.1913 74.19645,15.19138 74.19618,15.19147 74.19601,15.19147 74.19591,15.19145 74.19571,15.19137 74.19554,15.19126 74.19543,15.19117 74.19519,15.19098 74.19495,15.19075 74.19483,15.1905 74.1948,15.19013 74.19485,15.18958 74.19489,15.18943 74.19498,15.1891 74.19491,15.18889 74.19476,15.18873 74.19463,15.18854 74.19454,15.18841 74.19454,15.18833 74.19456,15.18822 74.19466,15.18814 74.19475,15.1881 74.19494,15.18812 74.19503,15.18808 74.19517,15.18801 74.19522,15.18788 74.19526,15.18771 74.19523,15.18761 74.19514,15.18751 74.19498,15.18743 74.19475,15.18738 74.19464,15.18728 74.19461,15.18717 74.19466,15.18706 74.1947,15.18701 74.19482,15.18695 74.19498,15.18689 74.19523,15.18687 74.19534,15.18682 74.19543,15.18669 74.19551,15.18649 74.19553,15.1863 74.19548,15.18612 74.19544,15.18597 74.19532,15.18574 74.19521,15.18553 74.19499,15.18512 74.19487,15.1849 74.19479,15.1847 74.1948,15.18448 74.19482,15.18419 74.19479,15.18403 74.19465,15.18386 74.19446,15.18371 74.1941,15.18341 74.19362,15.18307 74.19342,15.183 74.19325,15.183 74.19314,15.18304 74.19301,15.18312 74.19286,15.18313 74.19262,15.18306 74.19248,15.18297 74.19232,15.18284 74.19223,15.18266 74.19221,15.18251 74.19224,15.18236 74.19231,15.18217 74.19235,15.18194 74.19231,15.18175 74.1922,15.18159 74.19206,15.18147 74.19189,15.18143 74.19177,15.18131 74.19164,15.18097 74.19161,15.18077 74.19158,15.18044 74.19156,15.18029 74.19151,15.18016 74.19145,15.18009 74.19135,15.18006 74.19127,15.1801 74.19121,15.18015 74.19105,15.18039 74.19094,15.18055 74.19083,15.18066 74.19066,15.18091 74.19051,15.1811 74.19041,15.18117 74.19031,15.18119 74.19022,15.18105 74.19013,15.18088 74.19003,15.18077 74.18992,15.18075 74.1898,15.18078 74.18967,15.18086 74.18953,15.18093 74.18937,15.18094 74.18916,15.18085 74.18903,15.18066 74.189,15.18055 74.18893,15.18041 74.18884,15.18029 74.18868,15.18018 74.18851,15.18015 74.1883,15.18014 74.18805,15.18015 74.18773,15.18017 74.18746,15.18018 74.18715,15.18019 74.18683,15.1801 74.18672,15.18005 74.18659,15.17993 74.18647,15.1798 74.18637,15.17964 74.1862,15.17922 74.18608,15.17902 74.18598,15.17885 74.18577,15.1787 74.18559,15.17862 74.18535,15.17855 74.1852,15.17856 74.18508,15.17859 74.18492,15.17868 74.18483,15.17876 74.18471,15.17891 74.18465,15.17904 74.18454,15.1793 74.18441,15.17958 74.18431,15.17982 74.18422,15.18002 74.18412,15.18018 74.18399,15.18033 74.18385,15.18047 74.18367,15.18061 74.18346,15.18075 74.18324,15.18088 74.18294,15.18094 74.18265,15.18101 74.18237,15.1811 74.18215,15.18119 74.18196,15.18132 74.18186,15.18141 74.18179,15.18158 74.18173,15.18178 74.1817,15.18198 74.1817,15.18212 74.18172,15.1823 74.18179,15.18259 74.18186,15.18287 74.18189,15.18305 74.1819,15.18327 74.18188,15.18345 74.18182,15.1837 74.18175,15.18393 74.18163,15.18418 74.18145,15.1844 74.18127,15.18456 74.18101,15.18475 74.18082,15.18492 74.18057,15.18501 74.18019,15.18512 74.17993,15.18511 74.17956,15.18508 74.17932,15.18509 74.17912,15.18514 74.17885,15.18529 74.17861,15.18546 74.17835,15.18561 74.17788,15.18568 74.17737,15.18581 74.17715,15.18587 74.1767,15.18589 74.17637,15.18593 74.17596,15.186 74.1755,15.18602 74.17542,15.18603 74.17481,15.18608 74.1748,15.18626 74.1748,15.18687 74.1748,15.18688 74.1748,15.18744 74.17474,15.1878 74.17474,15.18784 74.17474,15.18786 74.17456,15.18796 74.17434,15.18796 74.17416,15.18794 74.1739,15.18788 74.17354,15.18788 74.17332,15.18796 74.17324,15.18805 74.17299,15.18833 74.17296,15.18839 74.17271,15.18879 74.17267,15.18886 74.17243,15.1893 74.17242,15.18931 74.17251,15.1894 74.17255,15.18944 74.17272,15.18959 74.1729,15.18973 74.17311,15.18993 74.17329,15.19014 74.17346,15.19038 74.17356,15.19069 74.17367,15.19103 74.17376,15.19134 74.17384,15.19163 74.1739,15.19196 74.17395,15.19218 74.17399,15.19238 74.174,15.19264 74.174,15.19274 74.1739,15.1929 74.17381,15.19301 74.17369,15.19307 74.17347,15.19319 74.17318,15.19332 74.17306,15.19345 74.17297,15.1936 74.17294,15.19372 74.17293,15.19391 74.17293,15.19422 74.17293,15.19448 74.17287,15.19465 74.17277,15.19493 74.17255,15.19529 74.17247,15.19551 74.17249,15.19567 74.17255,15.19578 74.17278,15.19587 74.17298,15.19587 74.17327,15.19595 74.17351,15.19599 74.17369,15.19609 74.17384,15.19618 74.17401,15.19633 74.17418,15.19647 74.17429,15.19659 74.17436,15.19676 74.17441,15.19702 74.17444,15.19731 74.17445,15.19758 74.17441,15.19782 74.17431,15.19801 74.17415,15.19821 74.17398,15.1984 74.17383,15.19851 74.17351,15.1986 74.17323,15.1987 74.17293,15.19885 74.17285,15.19895 74.17278,15.19917 74.17273,15.19937 74.17273,15.19955 74.17278,15.19966 74.17289,15.19977 74.17304,15.19991 74.17331,15.20019 74.17349,15.20037 74.17378,15.20061 74.17401,15.20077 74.17421,15.20089 74.17436,15.20097 74.17454,15.201 74.17471,15.20104 74.17483,15.20107 74.17502,15.20118 74.17529,15.20128 74.17554,15.20138 74.17581,15.20151 74.17596,15.20162 74.17608,15.2018 74.17622,15.20207 74.1763,15.20223 74.17642,15.20238 74.17651,15.20248 74.17666,15.20256 74.17678,15.2026 74.17701,15.20267 74.17717,15.20276 74.17733,15.20287 74.17749,15.20301 74.1776,15.20315 74.17764,15.20331 74.17762,15.2036 74.17756,15.20386 74.17749,15.20411 74.17728,15.20468 74.17714,15.20509 74.17695,15.20553 74.17689,15.20578 74.1769,15.20606 74.177,15.20622 74.17715,15.20655 74.17732,15.20688 74.17749,15.20712 74.17773,15.20744 74.17794,15.20772 74.17822,15.20804 74.17854,15.20838 74.17871,15.20863 74.17879,15.20884 74.17882,15.20913 74.1788,15.20935 74.17865,15.20962 74.17846,15.20988 74.17825,15.21023 74.17819,15.21041 74.17821,15.2106 74.17831,15.21071 74.17852,15.21087 74.17876,15.21099 74.17879,15.21123 74.17852,15.2115 74.17859,15.2116 74.17863,15.21163 74.17901,15.21209 74.17957,15.21266 74.18001,15.21252 74.18051,15.21227 74.18112,15.21205 74.18189,15.21177 74.18217,15.21168 74.18265,15.21151 74.1831,15.21137 74.18339,15.21134 74.18398,15.21195 74.18445,15.21239 74.18478,15.21265 74.18509,15.21294 74.18554,15.21333 74.18577,15.2136 74.1858,15.2137 74.18583,15.21383 74.1858,15.2141 74.18579,15.21437 74.18584,15.21461 74.18594,15.21488 74.18606,15.21507 74.1862,15.21522 74.18636,15.21539 74.18662,15.21555 74.18684,15.21566 74.18704,15.21573 74.18734,15.21583 74.18757,15.21588 74.18782,15.21589 74.18808,15.21591 74.18832,15.21583 74.18856,15.21571 74.1888,15.21559 74.18914,15.2154 74.18952,15.21508 74.19005,15.21464 74.1904,15.21445 74.19071,15.21435 74.19101,15.21426 74.19141,15.21414 74.1917,15.21407 74.19218,15.21404 74.19267,15.21402</coordinates></LinearRing></outerBoundaryIs></Polygon></MultiGeometry>
  </Placemark>
  <Placemark id="WG_ESA_2024_GA.102">
	<name>Sigonem</name>
	<Style><LineStyle><color>ff0000ff</color></LineStyle><PolyStyle><fill>0</fill></PolyStyle></Style>
	<ExtendedData><SchemaData schemaUrl="#WG_ESA_2024_GA">
		<SimpleData name="esa_category">whole_village</SimpleData>
		<SimpleData name="area_km2">20.334</SimpleData>
	</SchemaData></ExtendedData>
      <MultiGeometry><Polygon><outerBoundaryIs><LinearRing><coordinates>74.27486,15.13693 74.27579,15.13699 74.27736,15.13713 74.27922,15.13763 74.28083,15.13799 74.28228,15.13839 74.28266,15.13839 74.28312,15.13841 74.28491,15.13935 74.28491,15.13934 74.28501,15.13839 74.28508,15.13777 74.2851,15.13757 74.28517,15.13691 74.28519,15.13672 74.28517,15.13666 74.28509,15.13576 74.28498,15.13455 74.28434,15.13339 74.28434,15.13338 74.28427,15.13325 74.2829,15.13074 74.28445,15.12888 74.28495,15.12828 74.28445,15.12606 74.28549,15.12432 74.28659,15.12246 74.28657,15.12115 74.28499,15.11994 74.28454,15.1196 74.28454,15.11959 74.28413,15.11928 74.28389,15.11571 74.2838,15.11551 74.28272,15.11318 74.28242,15.10669 74.28242,15.10656 74.27965,15.10489 74.27654,15.10536 74.27653,15.10536 74.2765,15.10532 74.27622,15.10504 74.27483,15.1036 74.27454,15.10329 74.27453,15.10328 74.25818,15.10143 74.25621,15.10122 74.25528,15.10155 74.25461,15.10187 74.25428,15.10202 74.2537,15.10233 74.25322,15.10269 74.25285,15.10304 74.25237,15.10347 74.25198,15.10373 74.25165,15.10386 74.25119,15.10396 74.25083,15.10414 74.25024,15.10446 74.24906,15.10405 74.24831,15.10366 74.24741,15.10366 74.2469,15.10374 74.24562,15.10435 74.24442,15.1052 74.24303,15.10573 74.24233,15.10704 74.24124,15.10785 74.24116,15.10893 74.24099,15.10967 74.24076,15.11096 74.24028,15.11228 74.23987,15.11308 74.23875,15.11448 74.23808,15.11501 74.23737,15.11504 74.23563,15.11482 74.2342,15.11597 74.23344,15.11632 74.23293,15.11681 74.23237,15.11754 74.23196,15.11869 74.23146,15.11956 74.2305,15.12018 74.22973,15.12041 74.22802,15.11858 74.22615,15.12027 74.22655,15.12098 74.22704,15.12198 74.22728,15.12363 74.2279,15.12557 74.22823,15.12599 74.22832,15.12618 74.22845,15.12644 74.22862,15.1267 74.22871,15.12688 74.2288,15.12721 74.229,15.12769 74.22909,15.12797 74.22924,15.12879 74.22929,15.12928 74.22934,15.1296 74.22946,15.12976 74.22961,15.13007 74.22964,15.13033 74.22968,15.13081 74.22973,15.13117 74.22975,15.13146 74.22978,15.13163 74.22992,15.1319 74.23003,15.13215 74.23007,15.13236 74.23018,15.13324 74.23026,15.13434 74.2303,15.13478 74.23027,15.1356 74.23016,15.1367 74.23011,15.13711 74.23001,15.13793 74.22998,15.13826 74.22991,15.13862 74.22991,15.13869 74.22985,15.1393 74.23037,15.13941 74.23081,15.13953 74.23114,15.13962 74.23142,15.13976 74.2316,15.1398 74.23198,15.13973 74.23249,15.13962 74.23308,15.13945 74.2335,15.13928 74.23444,15.13906 74.23468,15.13904 74.23498,15.13907 74.23533,15.13911 74.23579,15.13917 74.23618,15.13925 74.23645,15.13928 74.23737,15.13944 74.23784,15.13948 74.23911,15.13969 74.23946,15.1397 74.24027,15.13976 74.24082,15.13978 74.24143,15.1397 74.24204,15.13958 74.24236,15.13951 74.24359,15.1391 74.24392,15.13898 74.24471,15.13869 74.24505,15.13852 74.24528,15.13836 74.24562,15.13806 74.24595,15.13772 74.24631,15.13737 74.24657,15.13692 74.24685,15.1365 74.24696,15.13625 74.24704,15.13597 74.24717,15.13568 74.2473,15.13542 74.2474,15.13518 74.24744,15.135 74.24774,15.13489 74.24811,15.13469 74.24836,15.1346 74.24882,15.13433 74.24907,15.13407 74.25015,15.1339 74.251,15.13374 74.25193,15.13348 74.25296,15.13311 74.25454,15.13264 74.25549,15.13235 74.2559,15.13304 74.25647,15.13394 74.25678,15.13461 74.25714,15.13511 74.25755,15.13559 74.2579,15.13599 74.2583,15.13625 74.25889,15.13664 74.25958,15.13709 74.26015,15.13749 74.26071,15.13791 74.26112,15.13815 74.26158,15.13836 74.26203,15.13843 74.2627,15.1385 74.26338,15.13864 74.26431,15.13879 74.26488,15.1389 74.26536,15.13905 74.26572,15.13918 74.26595,15.13931 74.2661,15.13951 74.26621,15.13984 74.26634,15.1408 74.26656,15.14158 74.26663,15.14226 74.26714,15.14183 74.26783,15.14132 74.26886,15.1406 74.27004,15.13978 74.27112,15.13902 74.27379,15.13732 74.27445,15.13694 74.27486,15.13693</coordinates></LinearRing></outerBoundaryIs></Polygon></MultiGeometry>
  </Placemark>
  <Placemark id="WG_ESA_2024_GA.103">
	<name>Todou</name>
	<Style><LineStyle><color>ff0000ff</color></LineStyle><PolyStyle><fill>0</fill></PolyStyle></Style>
	<ExtendedData><SchemaData schemaUrl="#WG_ESA_2024_GA">
		<SimpleData name="esa_category">whole_village</SimpleData>
		<SimpleData name="area_km2">12.587</SimpleData>
	</SchemaData></ExtendedData>
      <MultiGeometry><Polygon><outerBoundaryIs><LinearRing><coordinates>74.25838,15.24231 74.25955,15.24102 74.25735,15.2387 74.25653,15.23705 74.25613,15.23584 74.25562,15.23444 74.25464,15.23327 74.25381,15.23217 74.25329,15.23124 74.25292,15.23046 74.25249,15.22988 74.25146,15.22903 74.2507,15.22819 74.25039,15.22748 74.25,15.2269 74.24925,15.22565 74.24897,15.22488 74.24827,15.22359 74.24806,15.22335 74.24784,15.22289 74.24745,15.22249 74.24701,15.2224 74.24676,15.22227 74.24642,15.22189 74.24614,15.22135 74.24562,15.22043 74.24523,15.21972 74.24493,15.21923 74.24434,15.21896 74.24393,15.2188 74.24303,15.21862 74.24233,15.21855 74.24216,15.21797 74.24205,15.21764 74.24169,15.2171 74.24146,15.21678 74.24096,15.21628 74.24019,15.2158 74.23976,15.21543 74.23962,15.21519 74.23949,15.21473 74.23933,15.21402 74.23917,15.21363 74.23862,15.21249 74.23846,15.21217 74.2381,15.2115 74.23762,15.21086 74.23727,15.21025 74.23702,15.20984 74.23677,15.20953 74.23652,15.20935 74.23596,15.209 74.23565,15.20873 74.23551,15.20851 74.23542,15.20827 74.23505,15.20699 74.23478,15.2061 74.23461,15.20555 74.23425,15.20477 74.23412,15.20482 74.23374,15.20488 74.23345,15.20491 74.23316,15.20488 74.23297,15.20501 74.23275,15.20507 74.23235,15.20507 74.23196,15.20499 74.2316,15.20484 74.23141,15.20469 74.23114,15.20492 74.2308,15.20525 74.23053,15.20559 74.23033,15.20588 74.23014,15.2062 74.22994,15.2065 74.22985,15.20665 74.22987,15.20676 74.22992,15.20683 74.23004,15.2069 74.23022,15.20697 74.23043,15.20702 74.23066,15.2071 74.2308,15.20718 74.23095,15.2073 74.23108,15.20746 74.23112,15.20756 74.23113,15.20771 74.23112,15.2079 74.23106,15.20809 74.23093,15.20833 74.23088,15.20848 74.23091,15.20879 74.23088,15.20898 74.23077,15.20919 74.23061,15.20942 74.23045,15.20953 74.23021,15.20969 74.23002,15.20977 74.22974,15.2098 74.22951,15.20984 74.22929,15.20992 74.22906,15.21007 74.22891,15.21023 74.22878,15.21042 74.2287,15.21056 74.22866,15.21077 74.22864,15.21112 74.22862,15.21135 74.22855,15.21165 74.22846,15.21188 74.22837,15.21206 74.22822,15.21219 74.22807,15.21224 74.22773,15.2122 74.22716,15.21219 74.22671,15.21222 74.22652,15.21228 74.22621,15.21234 74.22584,15.21246 74.22556,15.21258 74.22533,15.21274 74.2252,15.21284 74.22505,15.21303 74.22498,15.21318 74.22495,15.21335 74.22484,15.21371 74.2247,15.21427 74.22461,15.21469 74.22455,15.21493 74.22447,15.21508 74.22434,15.2152 74.22419,15.2153 74.22402,15.21534 74.22372,15.21534 74.22336,15.21533 74.22291,15.2153 74.22251,15.21526 74.22231,15.21527 74.22212,15.21538 74.22204,15.21554 74.22203,15.21599 74.22204,15.21634 74.22204,15.21672 74.222,15.21695 74.22196,15.2171 74.22189,15.21732 74.22182,15.2176 74.2218,15.21784 74.22182,15.21808 74.22186,15.21838 74.22191,15.21859 74.22194,15.21881 74.22194,15.21901 74.22191,15.21912 74.22187,15.21922 74.22175,15.2194 74.22159,15.21965 74.22141,15.21985 74.2212,15.22013 74.22102,15.2203 74.22086,15.22047 74.22068,15.22069 74.2206,15.22088 74.22052,15.22111 74.22046,15.22127 74.22044,15.22138 74.22041,15.2216 74.22041,15.22185 74.22044,15.22218 74.22045,15.22245 74.22036,15.22266 74.22022,15.22284 74.22007,15.22298 74.21993,15.22308 74.21968,15.22318 74.2194,15.22327 74.21905,15.22345 74.21866,15.22365 74.21828,15.22385 74.21807,15.22394 74.21784,15.22407 74.2176,15.22418 74.21748,15.22427 74.21737,15.22442 74.21728,15.22466 74.21725,15.22484 74.21725,15.22505 74.21726,15.22529 74.21722,15.22545 74.21717,15.22562 74.21709,15.22574 74.21695,15.22587 74.21684,15.22592 74.21648,15.22593 74.21604,15.22591 74.21559,15.22588 74.21541,15.22586 74.21525,15.22574 74.21513,15.22562 74.21501,15.22542 74.21486,15.22517 74.21478,15.2249 74.21471,15.2246 74.21458,15.22432 74.21432,15.22391 74.21409,15.22353 74.21386,15.22319 74.2135,15.22273 74.2132,15.22246 74.21281,15.22218 74.21259,15.22213 74.2125,15.22213 74.21225,15.22222 74.21206,15.22236 74.21178,15.22258 74.21137,15.22292 74.21081,15.22341 74.21055,15.22362 74.2103,15.22374 74.20999,15.22384 74.20964,15.2239 74.20938,15.22393 74.20918,15.224 74.20882,15.22416 74.20849,15.22423 74.20801,15.22421 74.20764,15.22416 74.20721,15.22419 74.20671,15.22416 74.20642,15.22402 74.20605,15.22379 74.20581,15.22372 74.20566,15.22376 74.20556,15.22376 74.20546,15.22383 74.20537,15.22395 74.20533,15.22411 74.20533,15.22426 74.20537,15.22447 74.20541,15.22475 74.20547,15.22503 74.20555,15.22529 74.20561,15.22548 74.20569,15.22571 74.20579,15.22595 74.20587,15.22613 74.20592,15.22632 74.20598,15.22651 74.20602,15.22673 74.20602,15.22707 74.20604,15.2272 74.20614,15.22738 74.20626,15.22761 74.20632,15.22778 74.2064,15.22802 74.2064,15.22815 74.20644,15.22843 74.20644,15.22868 74.20641,15.22893 74.20633,15.22919 74.20624,15.22939 74.20618,15.22962 74.20605,15.22986 74.20592,15.23002 74.20569,15.23023 74.20548,15.23043 74.20536,15.23062 74.20503,15.23093 74.2048,15.23118 74.20456,15.23133 74.20436,15.23145 74.20414,15.23154 74.20389,15.23174 74.20363,15.23206 74.2035,15.23224 74.20353,15.2324 74.20364,15.23281 74.20384,15.23324 74.20394,15.23347 74.204,15.23367 74.20409,15.23387 74.20423,15.23404 74.20465,15.2344 74.20534,15.23497 74.20626,15.23572 74.20672,15.23576 74.20726,15.23585 74.20753,15.23587 74.20818,15.23591 74.20876,15.23591 74.20909,15.23591 74.2095,15.23595 74.20989,15.23599 74.21023,15.23608 74.21045,15.23616 74.21078,15.23635 74.21099,15.23648 74.21127,15.23688 74.21156,15.23714 74.21179,15.23728 74.21198,15.23742 74.2125,15.23773 74.21319,15.238 74.2135,15.23774 74.21367,15.23761 74.21382,15.23717 74.2139,15.23687 74.21404,15.23688 74.2144,15.23691 74.21487,15.23689 74.21529,15.23661 74.21715,15.23455 74.21815,15.23703 74.21772,15.23789 74.21762,15.23809 74.21747,15.23855 74.21819,15.23874 74.21833,15.23877 74.21854,15.23883 74.21903,15.23895 74.21961,15.2391 74.22041,15.23936 74.22098,15.23943 74.22165,15.23959 74.2226,15.2398 74.22282,15.23986 74.22325,15.23993 74.22403,15.24012 74.22487,15.2403 74.22502,15.2403 74.22543,15.24041 74.22613,15.24052 74.22661,15.24057 74.22702,15.24063 74.22745,15.24062 74.22755,15.24057 74.22779,15.24032 74.22794,15.24004 74.22815,15.23983 74.22846,15.23963 74.22876,15.23965 74.22905,15.23981 74.2292,15.23998 74.22926,15.24022 74.22937,15.24056 74.22949,15.24068 74.22962,15.24077 74.22982,15.24081 74.23,15.24078 74.23021,15.24068 74.23033,15.24054 74.23047,15.24022 74.23069,15.23983 74.23089,15.23964 74.2313,15.23945 74.23154,15.23938 74.23195,15.23934 74.23224,15.23941 74.23253,15.23951 74.23271,15.2396 74.23297,15.23977 74.2332,15.24004 74.23347,15.24025 74.23365,15.24036 74.2339,15.24042 74.23428,15.24045 74.23457,15.24051 74.23476,15.24058 74.23495,15.24066 74.23517,15.24085 74.23527,15.24112 74.23546,15.24155 74.23577,15.24216 74.2361,15.24266 74.23654,15.24266 74.23695,15.24266 74.23712,15.2426 74.2372,15.24252 74.23755,15.24235 74.23792,15.24214 74.23818,15.24198 74.23859,15.24153 74.23892,15.24134 74.23926,15.2411 74.23949,15.24098 74.23982,15.24085 74.24011,15.24079 74.24054,15.24077 74.24079,15.24072 74.24087,15.24072 74.2416,15.24074 74.24206,15.2408 74.24256,15.24089 74.24291,15.24097 74.24302,15.24097 74.24334,15.24103 74.24369,15.24116 74.24401,15.24125 74.24422,15.24138 74.24466,15.2415 74.24521,15.24162 74.24562,15.24176 74.24595,15.24181 74.2463,15.24184 74.24669,15.24186 74.24695,15.24189 74.24711,15.24196 74.24732,15.24207 74.24755,15.24228 74.24791,15.24244 74.24826,15.2427 74.24848,15.24276 74.24876,15.24292 74.24907,15.24328 74.24975,15.24353 74.25029,15.24373 74.25131,15.2439 74.25209,15.24426 74.25245,15.24463 74.25281,15.24485 74.25315,15.24483 74.25355,15.24454 74.25378,15.24412 74.25409,15.24387 74.25427,15.2438 74.25588,15.24507 74.25619,15.24472 74.25683,15.24402 74.25697,15.24387 74.25838,15.24231</coordinates></LinearRing></outerBoundaryIs></Polygon></MultiGeometry>
  </Placemark>
  <Placemark id="WG_ESA_2024_GA.104">
	<name>Uguem</name>
	<Style><LineStyle><color>ff0000ff</color></LineStyle><PolyStyle><fill>0</fill></PolyStyle></Style>
	<ExtendedData><SchemaData schemaUrl="#WG_ESA_2024_GA">
		<SimpleData name="esa_category">whole_village</SimpleData>
		<SimpleData name="area_km2">17.894</SimpleData>
	</SchemaData></ExtendedData>
      <MultiGeometry><Polygon><outerBoundaryIs><LinearRing><coordinates>74.20668,15.25225 74.20606,15.25145 74.2054,15.25072 74.20523,15.25054 74.20486,15.25018 74.20414,15.24933 74.20321,15.24837 74.20272,15.24781 74.20226,15.24736 74.20193,15.24696 74.20121,15.24614 74.20048,15.24517 74.19961,15.24405 74.19946,15.2439 74.19879,15.24299 74.19827,15.24238 74.19796,15.24195 74.19775,15.2416 74.19768,15.24136 74.19824,15.24112 74.19864,15.24095 74.1991,15.24053 74.19951,15.24019 74.1999,15.23981 74.20015,15.23965 74.20033,15.23953 74.20063,15.23934 74.20095,15.23917 74.20132,15.23901 74.20169,15.23874 74.20206,15.23843 74.20264,15.23797 74.20295,15.23778 74.20355,15.23744 74.20399,15.23715 74.20445,15.23681 74.20467,15.23665 74.2048,15.23649 74.20483,15.23629 74.20496,15.23603 74.20506,15.23589 74.20516,15.23582 74.20525,15.2358 74.20555,15.23581 74.20579,15.2358 74.20626,15.23572 74.20534,15.23497 74.20465,15.2344 74.20423,15.23404 74.20409,15.23387 74.204,15.23367 74.20394,15.23347 74.20384,15.23324 74.20364,15.23281 74.20353,15.2324 74.2035,15.23224 74.20363,15.23206 74.20389,15.23174 74.20414,15.23154 74.20436,15.23145 74.20456,15.23133 74.2048,15.23118 74.20503,15.23093 74.20536,15.23062 74.20548,15.23043 74.20569,15.23023 74.20592,15.23002 74.20605,15.22986 74.20618,15.22962 74.20624,15.22939 74.20633,15.22919 74.20641,15.22893 74.20644,15.22868 74.20644,15.22843 74.2064,15.22815 74.2064,15.22802 74.20632,15.22778 74.20626,15.22761 74.20614,15.22738 74.20604,15.2272 74.20602,15.22707 74.20602,15.22673 74.20598,15.22651 74.20592,15.22632 74.20587,15.22613 74.20579,15.22595 74.20569,15.22571 74.20561,15.22548 74.20555,15.22529 74.20547,15.22503 74.20541,15.22475 74.20537,15.22447 74.20533,15.22426 74.20533,15.22411 74.20537,15.22395 74.20546,15.22383 74.20556,15.22376 74.20566,15.22376 74.20581,15.22372 74.20605,15.22379 74.20642,15.22402 74.20671,15.22416 74.20721,15.22419 74.20764,15.22416 74.20801,15.22421 74.20849,15.22423 74.20882,15.22416 74.20918,15.224 74.20938,15.22393 74.20964,15.2239 74.20999,15.22384 74.2103,15.22374 74.21055,15.22362 74.21081,15.22341 74.21137,15.22292 74.21178,15.22258 74.21206,15.22236 74.21225,15.22222 74.2125,15.22213 74.21259,15.22213 74.21281,15.22218 74.2132,15.22246 74.2135,15.22273 74.21386,15.22319 74.21409,15.22353 74.21432,15.22391 74.21458,15.22432 74.21471,15.2246 74.21478,15.2249 74.21486,15.22517 74.21501,15.22542 74.21513,15.22562 74.21525,15.22574 74.21541,15.22586 74.21559,15.22588 74.21604,15.22591 74.21648,15.22593 74.21684,15.22592 74.21695,15.22587 74.21709,15.22574 74.21717,15.22562 74.21722,15.22545 74.21726,15.22529 74.21725,15.22505 74.21725,15.22484 74.21728,15.22466 74.21737,15.22442 74.21748,15.22427 74.2176,15.22418 74.21784,15.22407 74.21807,15.22394 74.21828,15.22385 74.21866,15.22365 74.21905,15.22345 74.2194,15.22327 74.21968,15.22318 74.21993,15.22308 74.22007,15.22298 74.22022,15.22284 74.22036,15.22266 74.22045,15.22245 74.22044,15.22218 74.22041,15.22185 74.22041,15.2216 74.22044,15.22138 74.22046,15.22127 74.22052,15.22111 74.2206,15.22088 74.22068,15.22069 74.22086,15.22047 74.22102,15.2203 74.2212,15.22013 74.22141,15.21985 74.22159,15.21965 74.22175,15.2194 74.22187,15.21922 74.22191,15.21912 74.22194,15.21901 74.22194,15.21881 74.22191,15.21859 74.22186,15.21838 74.22182,15.21808 74.2218,15.21784 74.22182,15.2176 74.22189,15.21732 74.22196,15.2171 74.222,15.21695 74.22204,15.21672 74.22204,15.21634 74.22203,15.21599 74.22204,15.21554 74.22172,15.2154 74.2213,15.21517 74.2209,15.21503 74.22054,15.21501 74.22002,15.21494 74.21917,15.21479 74.21867,15.21466 74.21842,15.21456 74.21818,15.21446 74.21814,15.21441 74.21801,15.2141 74.21779,15.21381 74.21762,15.21358 74.21737,15.21334 74.21689,15.21298 74.21646,15.21257 74.21568,15.21181 74.2153,15.21139 74.21517,15.21123 74.21496,15.21104 74.21448,15.21116 74.21405,15.2113 74.21369,15.21138 74.21335,15.21146 74.2129,15.21162 74.21242,15.21188 74.21219,15.21212 74.21197,15.21225 74.21168,15.21235 74.2114,15.21244 74.21112,15.21255 74.21083,15.21259 74.21035,15.21258 74.20974,15.21255 74.20927,15.21246 74.20884,15.21238 74.20857,15.2123 74.20814,15.21217 74.20775,15.21206 74.2073,15.21196 74.20679,15.21198 74.20623,15.21204 74.20568,15.21218 74.20527,15.21231 74.20495,15.21245 74.20469,15.2126 74.20423,15.21256 74.20357,15.21252 74.203,15.2125 74.20272,15.21253 74.20245,15.21261 74.20215,15.21297 74.20199,15.21331 74.20193,15.21343 74.20182,15.21348 74.20163,15.21345 74.20128,15.21338 74.201,15.21333 74.20079,15.21331 74.20072,15.2136 74.20071,15.21378 74.20025,15.21384 74.19994,15.21381 74.19987,15.21349 74.19953,15.21349 74.19899,15.21344 74.19859,15.21344 74.1984,15.21345 74.19824,15.2138 74.19815,15.21394 74.19789,15.21398 74.19737,15.21407 74.19713,15.21406 74.19656,15.21398 74.19633,15.21397 74.19581,15.21365 74.19556,15.21352 74.19538,15.21346 74.19495,15.21351 74.1947,15.21368 74.19441,15.21395 74.19427,15.21405 74.19418,15.21411 74.19401,15.21413 74.19368,15.21411 74.19316,15.21407 74.19267,15.21402 74.19218,15.21404 74.1917,15.21407 74.19141,15.21414 74.19101,15.21426 74.19071,15.21435 74.1904,15.21445 74.19005,15.21464 74.18952,15.21508 74.18914,15.2154 74.1888,15.21559 74.18856,15.21571 74.18832,15.21583 74.18808,15.21591 74.18782,15.21589 74.18757,15.21588 74.18734,15.21583 74.18704,15.21573 74.18684,15.21566 74.18662,15.21555 74.18636,15.21539 74.1862,15.21522 74.18606,15.21507 74.18594,15.21488 74.18584,15.21461 74.18579,15.21437 74.1858,15.2141 74.18583,15.21383 74.1858,15.2137 74.18577,15.2136 74.18554,15.21333 74.18509,15.21294 74.18478,15.21265 74.18445,15.21239 74.18398,15.21195 74.18339,15.21134 74.1831,15.21137 74.18265,15.21151 74.18217,15.21168 74.18189,15.21177 74.18112,15.21205 74.18051,15.21227 74.18001,15.21252 74.17957,15.21266 74.17901,15.21209 74.17863,15.21163 74.17818,15.21182 74.17779,15.21191 74.17748,15.21199 74.1772,15.21207 74.17701,15.21217 74.17678,15.21234 74.1766,15.21258 74.1764,15.21297 74.17634,15.21325 74.17629,15.21367 74.17623,15.21407 74.17621,15.21431 74.17612,15.21463 74.17599,15.21489 74.17587,15.21507 74.17574,15.21514 74.17558,15.21516 74.17539,15.21512 74.17524,15.21503 74.17501,15.21481 74.17483,15.21463 74.17452,15.21431 74.17426,15.21404 74.17413,15.21394 74.17394,15.21375 74.17379,15.21368 74.17364,15.21364 74.1734,15.21364 74.1732,15.21368 74.17288,15.21372 74.17261,15.21381 74.17237,15.21395 74.17187,15.21419 74.17161,15.21431 74.17133,15.21447 74.17111,15.21452 74.17081,15.21455 74.17049,15.21458 74.17018,15.21464 74.17002,15.21467 74.16976,15.21473 74.16961,15.21481 74.1695,15.21494 74.16944,15.21512 74.1694,15.21532 74.1694,15.21553 74.16952,15.21598 74.16964,15.21637 74.16998,15.21677 74.17013,15.21703 74.17032,15.21727 74.17038,15.21744 74.17035,15.21758 74.17029,15.21767 74.17012,15.21784 74.1699,15.21806 74.1697,15.21817 74.16947,15.2182 74.1692,15.21817 74.1689,15.21815 74.16863,15.21808 74.16836,15.21795 74.168,15.21775 74.16769,15.21758 74.16738,15.21746 74.1671,15.21729 74.16691,15.21724 74.16673,15.21719 74.16652,15.21721 74.16628,15.21725 74.16602,15.21727 74.1658,15.21733 74.16567,15.21735 74.16551,15.21733 74.1653,15.21729 74.16509,15.21718 74.16474,15.21698 74.1644,15.21687 74.16415,15.21681 74.16341,15.21652 74.16312,15.21641 74.16295,15.21634 74.16261,15.21627 74.16243,15.21624 74.16228,15.21623 74.16208,15.21627 74.16195,15.21637 74.1618,15.21649 74.16173,15.21666 74.16165,15.21696 74.16153,15.21738 74.16142,15.2177 74.16132,15.21804 74.16126,15.21826 74.16128,15.21848 74.1614,15.21878 74.16154,15.21915 74.16164,15.21962 74.16169,15.21993 74.16172,15.2203 74.16172,15.22047 74.16168,15.22066 74.16158,15.22077 74.16143,15.22083 74.16186,15.22099 74.16217,15.22096 74.1628,15.22085 74.16344,15.22079 74.16406,15.22097 74.16487,15.2213 74.16563,15.22158 74.16592,15.22168 74.16657,15.22195 74.16657,15.22316 74.16668,15.22378 74.16679,15.22409 74.16686,15.22439 74.16687,15.22469 74.16675,15.22497 74.1666,15.22533 74.167,15.22556 74.16716,15.22574 74.16728,15.22617 74.16736,15.22657 74.16749,15.22682 74.1678,15.22705 74.16824,15.22731 74.16867,15.22751 74.16882,15.22765 74.16906,15.22798 74.16925,15.22838 74.16961,15.22887 74.16978,15.22935 74.16996,15.22988 74.17006,15.23024 74.1702,15.23047 74.17036,15.23061 74.17053,15.23071 74.17076,15.23075 74.17107,15.23071 74.17141,15.23065 74.17161,15.23059 74.17198,15.23053 74.17194,15.23106 74.17189,15.2316 74.17184,15.23217 74.17182,15.23265 74.17175,15.23322 74.17177,15.23372 74.1718,15.23427 74.17192,15.23448 74.17201,15.23487 74.17212,15.23537 74.17221,15.23558 74.17239,15.23595 74.17292,15.23712 74.17309,15.23755 74.17321,15.23794 74.17334,15.23845 74.17353,15.2391 74.17379,15.23964 74.174,15.24026 74.17414,15.24069 74.17424,15.24101 74.17423,15.24141 74.1743,15.24192 74.17436,15.24252 74.17438,15.24299 74.17441,15.24386 74.17439,15.2441 74.17435,15.24492 74.17435,15.24533 74.17434,15.24554 74.17445,15.24577 74.17467,15.24623 74.17495,15.24657 74.1752,15.24692 74.17529,15.24709 74.1754,15.24737 74.17541,15.24766 74.17543,15.24843 74.17544,15.24869 74.17535,15.24909 74.17534,15.24932 74.17541,15.24956 74.17552,15.24985 74.1757,15.25011 74.17588,15.25026 74.17611,15.25044 74.17626,15.25055 74.17638,15.25072 74.17666,15.251 74.17695,15.25111 74.1777,15.25119 74.17874,15.25121 74.1798,15.25111 74.18031,15.25126 74.18094,15.25175 74.18201,15.25272 74.18284,15.25407 74.18368,15.2552 74.18468,15.25633 74.18576,15.25729 74.18716,15.25811 74.18789,15.25838 74.1881,15.25738 74.18859,15.25687 74.18908,15.2566 74.19109,15.25585 74.19254,15.25543 74.19359,15.25559 74.19481,15.25591 74.19575,15.256 74.19705,15.25598 74.19837,15.25554 74.19979,15.25491 74.20075,15.25431 74.20192,15.25366 74.20348,15.25303 74.20501,15.25281 74.20735,15.25287 74.20668,15.25225</coordinates></LinearRing></outerBoundaryIs></Polygon></MultiGeometry>
  </Placemark>
  <Placemark id="WG_ESA_2024_GA.105">
	<name>Verlem</name>
	<Style><LineStyle><color>ff0000ff</color></LineStyle><PolyStyle><fill>0</fill></PolyStyle></Style>
	<ExtendedData><SchemaData schemaUrl="#WG_ESA_2024_GA">
		<SimpleData name="esa_category">whole_village</SimpleData>
		<SimpleData name="area_km2">43.394</SimpleData>
	</SchemaData></ExtendedData>
      <MultiGeometry><Polygon><outerBoundaryIs><LinearRing><coordinates>74.27632,15.09562 74.27848,15.09607 74.27882,15.0954 74.27841,15.09107 74.27835,15.09046 74.27832,15.09015 74.27962,15.08803 74.27943,15.0844 74.27983,15.08207 74.28027,15.08085 74.28004,15.07975 74.2801,15.0791 74.2804,15.07843 74.28041,15.07842 74.28106,15.07695 74.28107,15.0766 74.28079,15.07609 74.28039,15.07523 74.28038,15.0752 74.28038,15.07496 74.28039,15.07483 74.28041,15.07462 74.28044,15.07432 74.28056,15.07299 74.28056,15.07247 74.28065,15.0718 74.28068,15.07163 74.28071,15.07112 74.28071,15.07099 74.28076,15.0707 74.28079,15.0705 74.28079,15.07047 74.28076,15.06976 74.28074,15.06926 74.28073,15.06886 74.28073,15.06882 74.28099,15.06858 74.28131,15.0683 74.28252,15.06722 74.28322,15.06659 74.2834,15.06643 74.28373,15.06614 74.28411,15.06597 74.28438,15.06592 74.28459,15.06588 74.2856,15.06595 74.28608,15.06595 74.28718,15.06559 74.28929,15.0649 74.28945,15.06484 74.28949,15.06483 74.28951,15.06482 74.28955,15.06461 74.28975,15.06354 74.28999,15.06222 74.29014,15.06142 74.29011,15.06119 74.2901,15.06111 74.29007,15.06082 74.29006,15.06067 74.28984,15.05858 74.28982,15.05845 74.28981,15.05837 74.28975,15.058 74.28976,15.05795 74.28984,15.05708 74.28988,15.05662 74.28991,15.05633 74.28996,15.05578 74.28999,15.05546 74.29,15.05543 74.29017,15.0542 74.29025,15.05365 74.29025,15.05361 74.29053,15.05325 74.29069,15.05303 74.29188,15.05145 74.29269,15.05037 74.29289,15.0501 74.29291,15.05008 74.29323,15.04991 74.29347,15.04978 74.29392,15.04954 74.29413,15.04943 74.2946,15.04918 74.29461,15.04917 74.29463,15.0491 74.29478,15.04842 74.29488,15.04793 74.29503,15.04725 74.29509,15.047 74.29509,15.04696 74.29517,15.04645 74.29533,15.04544 74.29538,15.0453 74.29547,15.04507 74.29586,15.04406 74.29597,15.04381 74.29597,15.0438 74.29602,15.04369 74.29603,15.04367 74.29612,15.04255 74.29612,15.04254 74.29625,15.04213 74.29639,15.04167 74.29643,15.04152 74.29647,15.04131 74.29649,15.04122 74.29649,15.04121 74.29611,15.04093 74.29507,15.04016 74.29465,15.03986 74.2939,15.03931 74.29388,15.0393 74.29364,15.03914 74.29356,15.0391 74.2912,15.03805 74.28882,15.037 74.28865,15.03692 74.28824,15.03674 74.28801,15.03612 74.28798,15.03602 74.28787,15.03592 74.28784,15.03589 74.28768,15.03575 74.28767,15.03574 74.28702,15.03525 74.28587,15.03438 74.28522,15.0339 74.28426,15.03276 74.28326,15.03157 74.28362,15.02397 74.28341,15.02353 74.27695,15.018 74.27422,15.01568 74.27402,15.01551 74.27279,15.01451 74.2726,15.01436 74.27245,15.01425 74.27209,15.01374 74.27085,15.01201 74.26996,15.01073 74.26996,15.01072 74.26961,15.01007 74.2692,15.0093 74.2691,15.00912 74.26796,15.00815 74.26748,15.00775 74.26647,15.00689 74.26655,15.00555 74.26664,15.00415 74.26664,15.00412 74.26692,15.00373 74.26714,15.00347 74.26738,15.00318 74.268,15.00244 74.26802,15.00241 74.26807,15.00201 74.26783,15.00193 74.26781,15.00193 74.26756,15.00185 74.26486,15.001 74.26446,15.00078 74.26442,15.00076 74.26338,15.00054 74.26287,15.00043 74.26256,15.00037 74.26246,15.00035 74.26234,15.00033 74.26191,15.00024 74.26159,15.00021 74.26116,15.00016 74.26095,15.00013 74.2595,15.00051 74.2589,15.00028 74.25767,14.99976 74.25657,14.9993 74.25646,14.99926 74.25631,14.9992 74.25361,14.99815 74.2536,14.99815 74.25152,14.99994 74.25089,15.00037 74.25056,15.00069 74.24908,15.00214 74.24898,15.00214 74.24842,15.00211 74.24804,15.00219 74.24767,15.0023 74.24719,15.00243 74.24682,15.00252 74.24649,15.00253 74.24596,15.00264 74.24526,15.00276 74.24462,15.00289 74.24356,15.00304 74.24277,15.00313 74.24179,15.00332 74.24043,15.00477 74.23905,15.00631 74.23801,15.00788 74.2377,15.00821 74.23727,15.00872 74.23674,15.00938 74.23577,15.01038 74.23568,15.01051 74.2351,15.01132 74.23455,15.01245 74.23423,15.01342 74.23387,15.01412 74.23386,15.01423 74.23381,15.0144 74.23377,15.01447 74.23357,15.01501 74.23262,15.01807 74.23193,15.02097 74.23191,15.0211 74.23122,15.02413 74.23091,15.02641 74.23073,15.02832 74.23059,15.02933 74.23062,15.02994 74.2306,15.03047 74.23061,15.03062 74.23068,15.0313 74.23073,15.03256 74.23096,15.03346 74.23101,15.03373 74.23102,15.0338 74.23073,15.03417 74.23064,15.03428 74.23051,15.03448 74.22985,15.0355 74.22921,15.03613 74.22852,15.03673 74.22821,15.03684 74.22788,15.03684 74.22761,15.03711 74.22727,15.03733 74.22659,15.03786 74.22517,15.03868 74.22405,15.03942 74.22304,15.04021 74.22145,15.04094 74.2192,15.04231 74.21792,15.04347 74.21742,15.04409 74.21827,15.04499 74.21965,15.04576 74.22203,15.04755 74.22383,15.04818 74.22722,15.05006 74.23125,15.0518 74.23611,15.05392 74.23942,15.05525 74.24103,15.05602 74.24186,15.05635 74.24241,15.05657 74.24293,15.05673 74.24341,15.05681 74.24377,15.05687 74.24411,15.05699 74.24442,15.05707 74.24461,15.05716 74.24481,15.05743 74.24527,15.05859 74.24545,15.05936 74.24548,15.05982 74.24555,15.05992 74.24583,15.06003 74.24622,15.06012 74.24639,15.06022 74.24674,15.06063 74.24689,15.06079 74.24723,15.06095 74.24782,15.06111 74.24856,15.06121 74.24875,15.06094 74.249,15.06073 74.24943,15.06043 74.25018,15.06053 74.25069,15.0606 74.25119,15.06098 74.25192,15.06148 74.25244,15.06188 74.2533,15.06265 74.25421,15.06343 74.25492,15.06395 74.25547,15.06424 74.25602,15.06453 74.25646,15.06488 74.25685,15.06533 74.25752,15.06609 74.25809,15.06696 74.25853,15.0676 74.259,15.0685 74.25942,15.06878 74.26022,15.06938 74.26089,15.06991 74.26294,15.07177 74.26385,15.07247 74.26621,15.07389 74.26672,15.07416 74.26682,15.07446 74.26651,15.07497 74.26618,15.07548 74.26585,15.07591 74.26571,15.07674 74.26557,15.07749 74.26523,15.07884 74.26494,15.08083 74.26476,15.0824 74.2646,15.08335 74.26425,15.08459 74.26403,15.08672 74.26356,15.08973 74.26563,15.09117 74.26829,15.09289 74.26937,15.09361 74.27105,15.09486 74.27308,15.09726 74.27308,15.09727 74.27309,15.09727 74.27353,15.09705 74.27428,15.09666 74.27502,15.09628 74.27632,15.09562</coordinates></LinearRing></outerBoundaryIs></Polygon></MultiGeometry>
  </Placemark>
  <Placemark id="WG_ESA_2024_GA.106">
	<name>Vichundrem</name>
	<Style><LineStyle><color>ff0000ff</color></LineStyle><PolyStyle><fill>0</fill></PolyStyle></Style>
	<ExtendedData><SchemaData schemaUrl="#WG_ESA_2024_GA">
		<SimpleData name="esa_category">whole_village</SimpleData>
		<SimpleData name="area_km2">10.059</SimpleData>
	</SchemaData></ExtendedData>
      <MultiGeometry><Polygon><outerBoundaryIs><LinearRing><coordinates>74.20135,15.11435 74.20201,15.11411 74.20229,15.11416 74.20253,15.11445 74.2027,15.1147 74.20295,15.11511 74.20342,15.11517 74.20377,15.11501 74.20393,15.11474 74.20397,15.11423 74.20409,15.11354 74.2044,15.1132 74.20475,15.11304 74.20529,15.11289 74.20636,15.11254 74.20678,15.11264 74.20706,15.11285 74.20751,15.11316 74.20784,15.11323 74.20839,15.11319 74.20913,15.1131 74.20968,15.11301 74.20998,15.11275 74.20989,15.11246 74.20851,15.11148 74.20802,15.1112 74.20772,15.11093 74.20767,15.11061 74.20776,15.11031 74.20841,15.10974 74.20883,15.10955 74.20945,15.10931 74.21017,15.10881 74.21042,15.1085 74.2105,15.10826 74.21023,15.10774 74.20955,15.10686 74.20949,15.10645 74.20963,15.10598 74.21008,15.10571 74.20736,15.10226 74.20666,15.09983 74.20644,15.09866 74.20579,15.09715 74.20443,15.09544 74.20151,15.09255 74.19791,15.09095 74.19617,15.08918 74.1948,15.08782 74.19299,15.08614 74.19084,15.08415 74.18964,15.08302 74.18871,15.08197 74.18855,15.08172 74.18757,15.08148 74.18647,15.08084 74.18564,15.08078 74.18483,15.08103 74.18355,15.08144 74.18255,15.0818 74.18166,15.08208 74.18123,15.08226 74.18062,15.08226 74.17951,15.08245 74.17926,15.08248 74.17856,15.08257 74.1772,15.08269 74.17638,15.0828 74.17585,15.08244 74.17484,15.08255 74.17468,15.08256 74.17447,15.08259 74.17398,15.08341 74.174,15.0835 74.17396,15.08356 74.174,15.08367 74.17399,15.08382 74.17401,15.08412 74.17401,15.08422 74.174,15.08434 74.17402,15.08471 74.17399,15.08491 74.17395,15.08499 74.17386,15.08512 74.17383,15.08514 74.17361,15.08524 74.17348,15.08526 74.17333,15.08528 74.17321,15.08528 74.17309,15.08526 74.17301,15.08524 74.17265,15.08515 74.17255,15.08522 74.17233,15.08537 74.17193,15.08577 74.17168,15.0859 74.17162,15.08597 74.17159,15.086 74.17184,15.08624 74.17227,15.08722 74.17236,15.08765 74.17151,15.08895 74.17081,15.08999 74.17078,15.09027 74.17089,15.09047 74.17269,15.08991 74.17342,15.09007 74.17422,15.09062 74.17453,15.09095 74.17453,15.09132 74.1746,15.09165 74.1746,15.09203 74.17451,15.09271 74.17466,15.09388 74.17502,15.09562 74.17535,15.09744 74.17562,15.09919 74.1758,15.10057 74.17604,15.10189 74.17612,15.10267 74.17634,15.10388 74.17656,15.10482 74.17672,15.10534 74.17684,15.10577 74.17679,15.10612 74.17732,15.10734 74.17778,15.10781 74.17792,15.10788 74.17814,15.108 74.17809,15.10822 74.17959,15.10831 74.18151,15.10931 74.18432,15.11043 74.18477,15.11061 74.18663,15.11169 74.18894,15.11429 74.18974,15.11519 74.19046,15.11555 74.19092,15.11567 74.19228,15.11531 74.19508,15.11477 74.19608,15.11463 74.1979,15.11551 74.19811,15.11645 74.19873,15.11584 74.19936,15.11534 74.19996,15.11504 74.20135,15.11435</coordinates></LinearRing></outerBoundaryIs></Polygon></MultiGeometry>
  </Placemark>
  <Placemark id="WG_ESA_2024_GA.107">
	<name>Viliena</name>
	<Style><LineStyle><color>ff0000ff</color></LineStyle><PolyStyle><fill>0</fill></PolyStyle></Style>
	<ExtendedData><SchemaData schemaUrl="#WG_ESA_2024_GA">
		<SimpleData name="esa_category">whole_village</SimpleData>
		<SimpleData name="area_km2">3.719</SimpleData>
	</SchemaData></ExtendedData>
      <MultiGeometry><Polygon><outerBoundaryIs><LinearRing><coordinates>74.25054,15.17677 74.25041,15.17601 74.2503,15.17506 74.25014,15.17404 74.24995,15.17286 74.2497,15.17164 74.24952,15.1693 74.25086,15.16915 74.25085,15.16489 74.2489,15.1651 74.2489,15.16318 74.25074,15.16253 74.25045,15.15956 74.24902,15.15952 74.24875,15.1593 74.24868,15.15907 74.24847,15.15884 74.24814,15.15867 74.24749,15.15837 74.2471,15.15818 74.2467,15.15797 74.24635,15.15772 74.24612,15.15752 74.24584,15.15725 74.24561,15.15704 74.24542,15.15694 74.24527,15.15691 74.245,15.15687 74.24471,15.15685 74.24432,15.1568 74.24389,15.1567 74.24359,15.15661 74.24338,15.15646 74.24314,15.15637 74.24303,15.15638 74.24288,15.15652 74.24271,15.15676 74.24261,15.15686 74.24251,15.15692 74.24237,15.15695 74.24222,15.15692 74.24203,15.15679 74.24186,15.15676 74.23994,15.15674 74.23853,15.15672 74.23737,15.15664 74.23627,15.1566 74.23634,15.15751 74.23636,15.15781 74.23636,15.15834 74.23631,15.15887 74.23627,15.15914 74.23619,15.15933 74.23606,15.15954 74.2358,15.15972 74.2356,15.15988 74.23534,15.16004 74.23501,15.16038 74.23478,15.16063 74.23462,15.16083 74.23443,15.1611 74.23429,15.16142 74.23416,15.16187 74.23398,15.16231 74.23392,15.16252 74.23397,15.16289 74.23399,15.16315 74.23395,15.16334 74.23368,15.16355 74.23338,15.16385 74.23312,15.16412 74.23284,15.16438 74.23268,15.1645 74.23242,15.16463 74.23225,15.16473 74.23201,15.16488 74.23136,15.16511 74.231,15.16526 74.23078,15.16536 74.23055,15.16556 74.23034,15.16584 74.23015,15.16616 74.23005,15.16637 74.2297,15.16707 74.22952,15.16732 74.22919,15.16785 74.22916,15.16807 74.2292,15.16853 74.22936,15.16908 74.22957,15.16962 74.22986,15.17028 74.23004,15.17074 74.23009,15.1708 74.23066,15.1708 74.23102,15.17084 74.23143,15.17091 74.23169,15.17098 74.23185,15.17112 74.2318,15.17167 74.23178,15.17205 74.23183,15.17267 74.23218,15.1728 74.2327,15.17288 74.23327,15.17295 74.23384,15.17301 74.23443,15.1731 74.23478,15.17313 74.23588,15.17328 74.23651,15.17336 74.23702,15.17287 74.23753,15.17242 74.23804,15.17275 74.23849,15.17315 74.23874,15.17354 74.23892,15.17405 74.23912,15.1746 74.23935,15.17511 74.23965,15.17547 74.24007,15.17573 74.24091,15.17635 74.24157,15.17675 74.24216,15.17714 74.24284,15.17718 74.24332,15.17713 74.24373,15.17715 74.24447,15.17712 74.24487,15.17709 74.24571,15.17696 74.24596,15.17685 74.24643,15.17665 74.24705,15.17647 74.24732,15.17643 74.24769,15.17643 74.24802,15.1764 74.24876,15.17642 74.24907,15.17642 74.24938,15.17651 74.24999,15.17679 74.25078,15.17727 74.25054,15.17677</coordinates></LinearRing></outerBoundaryIs></Polygon></MultiGeometry>
  </Placemark>
</Folder>
</Document></kml>
