gz_state,gz_district,gz_taluka,gz_village,gz_village_raw,gz_sno,esa_category,bifurcated,notified_forest,cen_village,cen_subdistrict,cen_district,censuscode,lgd_villagecode,score,scope,area_km2
MAHARASHTRA,Ahmadnagar,Akole,Abit Khind,Abit Khind,1,whole_village,False,False,Abit Khind,Akole,Ahilyanagar,557293,557293,100.0,dist+tal,4.707
MAHARASHTRA,Ahmadnagar,Akole,Ambevangan,Ambevangan,2,whole_village,False,False,Ambevangan,Akole,Ahilyanagar,557140,557140,100.0,dist+tal,6.799
MAHARASHTRA,Ahmadnagar,Akole,Ambhol,Ambhol,3,whole_village,False,False,Ambhol,Akole,Ahilyanagar,557282,557282,100.0,dist+tal,7.864
MAHARASHTRA,Ahmadnagar,Akole,Ambit,Ambit,4,whole_village,False,False,Ambit,Akole,Ahilyanagar,557190,557190,100.0,dist+tal,8.072
MAHARASHTRA,Ahmadnagar,Akole,Bari,Bari,5,whole_village,False,False,Bari,Akole,Ahilyanagar,557127,557127,100.0,dist+tal,6.061
MAHARASHTRA,Ahmadnagar,Akole,Bitaka,Bitaka,6,whole_village,False,False,Bitaka,Akole,Ahilyanagar,557200,557200,100.0,dist+tal,5.53
MAHARASHTRA,Ahmadnagar,Akole,Brmhanwada,Brmhanwada,7,whole_village,False,False,Bramhanwada,Akole,Ahilyanagar,557309,557309,95.2,dist+tal,28.694
MAHARASHTRA,Ahmadnagar,Akole,Dhamanvan,Dhamanvan,8,whole_village,False,False,Dhamanvan,Akole,Ahilyanagar,557175,557175,100.0,dist+tal,6.005
MAHARASHTRA,Ahmadnagar,Akole,Esarthav,Esarthav,9,whole_village,False,False,Esarthav,Akole,Ahilyanagar,557300,557300,100.0,dist+tal,4.89
MAHARASHTRA,Ahmadnagar,Akole,Garwadi,Garwadi,10,whole_village,False,False,Garwadi,Akole,Ahilyanagar,557304,557304,100.0,dist+tal,6.458
MAHARASHTRA,Ahmadnagar,Akole,Ghatghar,Ghatghar,11,whole_village,False,False,Ghatghar,Akole,Ahilyanagar,557148,557148,100.0,dist+tal,23.625
MAHARASHTRA,Ahmadnagar,Akole,Godewadi,Godewadi,12,whole_village,False,False,Godewadi,Akole,Ahilyanagar,557303,557303,100.0,dist+tal,4.902
MAHARASHTRA,Ahmadnagar,Akole,Jahagirdarwadi,Jahagirdarwadi,13,whole_village,False,False,Jahagirdarwadi,Akole,Ahilyanagar,557128,557128,100.0,dist+tal,4.473
MAHARASHTRA,Ahmadnagar,Akole,Keli Kotul,Keli Kotul,14,whole_village,False,False,Keli Kotul,Akole,Ahilyanagar,557302,557302,100.0,dist+tal,6.255
MAHARASHTRA,Ahmadnagar,Akole,Keli Otur,Keli Otur,15,whole_village,False,False,Keli Otur,Akole,Ahilyanagar,557301,557301,100.0,dist+tal,5.945
MAHARASHTRA,Ahmadnagar,Akole,Khetewadi,Khetewadi,16,whole_village,False,False,Khetewadi,Akole,Ahilyanagar,557299,557299,100.0,dist+tal,2.692
MAHARASHTRA,Ahmadnagar,Akole,Koltembhe,Koltembhe,17,whole_village,False,False,Koltembhe,Akole,Ahilyanagar,557177,557177,100.0,dist+tal,12.721
MAHARASHTRA,Ahmadnagar,Akole,Kothale,Kothale,18,whole_village,False,False,Kothale,Akole,Ahilyanagar,557275,557275,100.0,dist+tal,8.112
MAHARASHTRA,Ahmadnagar,Akole,Kotul,Kotul,19,whole_village,False,False,Kotul,Akole,Ahilyanagar,557268,557268,100.0,dist+tal,20.906
MAHARASHTRA,Ahmadnagar,Akole,Kumshet,Kumshet,20,whole_village,False,False,Kumshet,Akole,Ahilyanagar,557178,557178,100.0,dist+tal,29.157
MAHARASHTRA,Ahmadnagar,Akole,Lavhali Kotul,Lavhali Kotul,21,whole_village,False,False,Lavhali Kotul,Akole,Ahilyanagar,557273,557273,100.0,dist+tal,11.002
MAHARASHTRA,Ahmadnagar,Akole,Lavhali Otur,Lavhali Otur,22,whole_village,False,False,Lavhali Otur,Akole,Ahilyanagar,557274,557274,100.0,dist+tal,4.241
MAHARASHTRA,Ahmadnagar,Akole,Mahadeowadi,Mahadeowadi,23,whole_village,False,False,Mahadeowadi,Akole,Ahilyanagar,557283,557283,100.0,dist+tal,4.791
MAHARASHTRA,Ahmadnagar,Akole,Murshet,Murshet,24,whole_village,False,False,Murshet,Akole,Ahilyanagar,557151,557151,100.0,dist+tal,7.756
MAHARASHTRA,Ahmadnagar,Akole,Mutkhel,Mutkhel,25,whole_village,False,False,Mutkhel,Akole,Ahilyanagar,557163,557163,100.0,dist+tal,13.663
MAHARASHTRA,Ahmadnagar,Akole,Pachanai,Pachanai,26,whole_village,False,False,Pachanai,Akole,Ahilyanagar,557191,557191,100.0,dist+tal,24.852
MAHARASHTRA,Ahmadnagar,Akole,Paithan,Paithan,27,whole_village,False,False,Paithan,Akole,Ahilyanagar,557269,557269,100.0,dist+tal,8.414
MAHARASHTRA,Ahmadnagar,Akole,Palsunde,Palsunde,28,whole_village,False,False,Palsunde,Akole,Ahilyanagar,557294,557294,100.0,dist+tal,8.56
MAHARASHTRA,Ahmadnagar,Akole,Panjare,Panjare,29,whole_village,False,False,Panjare,Akole,Ahilyanagar,557145,557145,100.0,dist+tal,14.428
MAHARASHTRA,Ahmadnagar,Akole,Phophasandi,Phophasandi,30,whole_village,False,False,Phophasandi,Akole,Ahilyanagar,557295,557295,100.0,dist+tal,15.175
MAHARASHTRA,Ahmadnagar,Akole,Ratanwadi,Ratanwadi,31,whole_village,False,False,Ratanwadi,Akole,Ahilyanagar,557150,557150,100.0,dist+tal,10.781
MAHARASHTRA,Ahmadnagar,Akole,Samrad,Samrad,32,whole_village,False,False,Samrad,Akole,Ahilyanagar,557149,557149,100.0,dist+tal,17.641
MAHARASHTRA,Ahmadnagar,Akole,Satewadi,Satewadi,33,whole_village,False,False,Satewadi,Akole,Ahilyanagar,557297,557297,100.0,dist+tal,7.985
MAHARASHTRA,Ahmadnagar,Akole,Senit Kh.,Senit Kh.,34,whole_village,False,False,Senit Kh,Akole,Ahilyanagar,557131,557131,100.0,dist+tal,9.459
MAHARASHTRA,Ahmadnagar,Akole,Shelad,Shelad,35,whole_village,False,False,Shelad,Akole,Ahilyanagar,557257,557257,100.0,dist+tal,7.384
MAHARASHTRA,Ahmadnagar,Akole,Shenit,Shenit,36,whole_village,False,False,Shenit,Akole,Ahilyanagar,557130,557130,100.0,dist+tal,5.25
MAHARASHTRA,Ahmadnagar,Akole,Shilvandi,Shilvandi,37,whole_village,False,False,Shilvandi,Akole,Ahilyanagar,557281,557281,100.0,dist+tal,2.857
MAHARASHTRA,Ahmadnagar,Akole,Shinde,Shinde,38,whole_village,False,False,Shinde,Akole,Ahilyanagar,557277,557277,100.0,dist+tal,1.378
MAHARASHTRA,Ahmadnagar,Akole,Shinganwadi,Shinganwadi,39,whole_village,False,False,Shinganwadi,Akole,Ahilyanagar,557147,557147,100.0,dist+tal,7.46
MAHARASHTRA,Ahmadnagar,Akole,Shirpunje Bk.,Shirpunje Bk.,40,whole_village,False,False,Shirpunje Bk,Akole,Ahilyanagar,557176,557176,100.0,dist+tal,11.192
MAHARASHTRA,Ahmadnagar,Akole,Shirpunje Kh.,Shirpunje Kh.,41,whole_village,False,False,Shirpunje Kh,Akole,Ahilyanagar,557179,557179,100.0,dist+tal,10.201
MAHARASHTRA,Ahmadnagar,Akole,Shiswad,Shiswad,42,whole_village,False,False,Shiswad,Akole,Ahilyanagar,557189,557189,100.0,dist+tal,5.968
MAHARASHTRA,Ahmadnagar,Akole,Somalwadi,Somalwadi,43,whole_village,False,False,Somalwadi,Akole,Ahilyanagar,557280,557280,100.0,dist+tal,4.091
MAHARASHTRA,Ahmadnagar,Akole,Tale,Tale,44,whole_village,False,False,Tale,Akole,Ahilyanagar,557276,557276,100.0,dist+tal,7.79
MAHARASHTRA,Ahmadnagar,Akole,Udadawane,Udadawane,45,whole_village,False,False,Udadawane,Akole,Ahilyanagar,557146,557146,100.0,dist+tal,16.439
MAHARASHTRA,Ahmadnagar,Akole,Umbarwadi,Umbarwadi,46,whole_village,False,False,Umbarwadi,Akole,Ahilyanagar,557296,557296,100.0,dist+tal,2.313
MAHARASHTRA,Ahmadnagar,Akole,Vihir,Vihir,47,whole_village,False,False,Vihir,Akole,Ahilyanagar,557278,557278,100.0,dist+tal,4.808
MAHARASHTRA,Ahmadnagar,Akole,Waranghushi,Waranghushi,48,whole_village,False,False,Waranghushi,Akole,Ahilyanagar,557129,557129,100.0,dist+tal,16.187
MAHARASHTRA,Dhule,Sakri,Chawadipada,Chawadipada*,49,bifurcated_village,True,False,Chhavadi,Sakri,Dhule,526305,526305,75.0,dist+tal,15.369
MAHARASHTRA,Dhule,Sakri,Dhamandhar,Dhamandhar,50,whole_village,False,False,Dhamandhar,Sakri,Dhule,526437,526437,100.0,dist+tal,11.399
MAHARASHTRA,Dhule,Sakri,Kalgaon,Kalgaon,51,whole_village,False,False,Kalgaon,Sakri,Dhule,526456,526456,100.0,dist+tal,16.375
MAHARASHTRA,Dhule,Sakri,Mavchipada,Mavchipada*,52,bifurcated_village,True,False,Mavajipada,Sakri,Dhule,526259,526259,80.0,dist+tal,3.281
MAHARASHTRA,Dhule,Sakri,Mohagaon,Mohagaon,53,whole_village,False,False,Mohagaon,Sakri,Dhule,526409,526409,100.0,dist+tal,5.115
MAHARASHTRA,Dhule,Sakri,Shenwad,Shenwad,54,whole_village,False,False,Shenwad,Sakri,Dhule,526410,526410,100.0,dist+tal,15.535
MAHARASHTRA,Dhule,Sakri,Vardadi,Vardadi,55,whole_village,False,False,Vardadi,Sakri,Dhule,526416,526416,100.0,dist+tal,6.91
MAHARASHTRA,Kolhapur,Ajra,Ambade,Ambade,56,whole_village,False,False,Ambade,Ajra,Kolhapur,567925,567925,100.0,dist+tal,7.965
MAHARASHTRA,Kolhapur,Ajra,Awandi,Awandi,57,whole_village,False,False,Awandi,Ajra,Kolhapur,567920,567920,100.0,dist+tal,12.688
MAHARASHTRA,Kolhapur,Ajra,Bhavewadi,Bhavewadi*,58,bifurcated_village,True,False,Bhavewadi,Ajra,Kolhapur,567963,567963,100.0,dist+tal,5.763
MAHARASHTRA,Kolhapur,Ajra,Chafavade,Chafavade,59,whole_village,False,False,Chafavade,Ajra,Kolhapur,567961,567961,100.0,dist+tal,4.991
MAHARASHTRA,Kolhapur,Ajra,Chitale,Chitale,60,whole_village,False,False,Chitale,Ajra,Kolhapur,567962,567962,100.0,dist+tal,3.417
MAHARASHTRA,Kolhapur,Ajra,Dardewadi,Dardewadi,61,whole_village,False,False,Dardewadi,Ajra,Kolhapur,567911,567911,100.0,dist+tal,2.919
MAHARASHTRA,Kolhapur,Ajra,Erandol,Erandol,62,whole_village,False,False,Erandol,Ajra,Kolhapur,567917,567917,100.0,dist+tal,6.618
MAHARASHTRA,Kolhapur,Ajra,Gavase,Gavase,63,whole_village,False,False,Gavase,Ajra,Kolhapur,567921,567921,100.0,dist+tal,8.827
MAHARASHTRA,Kolhapur,Ajra,Hajgoli Kh.,Hajgoli Kh.,64,whole_village,False,False,Hajgoli Kh,Ajra,Kolhapur,567899,567899,100.0,dist+tal,2.318
MAHARASHTRA,Kolhapur,Ajra,Haloli,Haloli,65,whole_village,False,False,Haloli,Ajra,Kolhapur,567912,567912,100.0,dist+tal,2.945
MAHARASHTRA,Kolhapur,Ajra,Jeur,Jeur,66,whole_village,False,False,Jeur,Ajra,Kolhapur,567960,567960,100.0,dist+tal,1.896
MAHARASHTRA,Kolhapur,Ajra,Kerakbol,Kerakbol,67,whole_village,False,False,Kerakbol,Ajra,Kolhapur,567954,567954,100.0,dist+tal,1.237
MAHARASHTRA,Kolhapur,Ajra,Kitvade,Kitvade,68,whole_village,False,False,Kitvade,Ajra,Kolhapur,567926,567926,100.0,dist+tal,31.835
MAHARASHTRA,Kolhapur,Ajra,Latagaon,Latagaon,69,whole_village,False,False,Latagaon,Ajra,Kolhapur,567919,567919,100.0,dist+tal,16.171
MAHARASHTRA,Kolhapur,Ajra,Medhewadi,Medhewadi,70,whole_village,False,False,Medhewadi,Ajra,Kolhapur,567906,567906,100.0,dist+tal,5.071
MAHARASHTRA,Kolhapur,Ajra,Parpoli,Parpoli,71,whole_village,False,False,Parpoli,Ajra,Kolhapur,567923,567923,100.0,dist+tal,13.663
MAHARASHTRA,Kolhapur,Ajra,Polgaon,Polgaon,72,whole_village,False,False,Polgaon,Ajra,Kolhapur,567959,567959,100.0,dist+tal,4.88
MAHARASHTRA,Kolhapur,Ajra,Satewadi,Satewadi,73,whole_village,False,False,Satewadi,Ajra,Kolhapur,567918,567918,100.0,dist+tal,4.491
MAHARASHTRA,Kolhapur,Ajra,Suleran,Suleran,74,whole_village,False,False,Suleran,Ajra,Kolhapur,567924,567924,100.0,dist+tal,31.131
MAHARASHTRA,Kolhapur,Ajra,Uchangi,Uchangi,75,whole_village,False,False,Uchangi,Ajra,Kolhapur,567955,567955,100.0,dist+tal,7.104
MAHARASHTRA,Kolhapur,Ajra,Velawatti,Velawatti,76,whole_village,False,False,Velawatti,Ajra,Kolhapur,567904,567904,100.0,dist+tal,4.643
MAHARASHTRA,Kolhapur,Ajra,Vinayakwadi,Vinayakwadi,77,whole_village,False,False,Vinayakwadi,Ajra,Kolhapur,567908,567908,100.0,dist+tal,2.867
MAHARASHTRA,Kolhapur,Bhudargad,Anap Kh.,Anap Kh.,78,whole_village,False,False,Anap Kh,Bhudargad,Kolhapur,567850,567850,100.0,dist+tal,3.54
MAHARASHTRA,Kolhapur,Bhudargad,Antivade,Antivade,79,whole_village,False,False,Antivade,Bhudargad,Kolhapur,567852,567852,100.0,dist+tal,7.725
MAHARASHTRA,Kolhapur,Bhudargad,Anturli,Anturli,80,whole_village,False,False,Anturli,Bhudargad,Kolhapur,567848,567848,100.0,dist+tal,10.361
MAHARASHTRA,Kolhapur,Bhudargad,Bediv,Bediv,81,whole_village,False,False,Bediv,Bhudargad,Kolhapur,567792,567792,100.0,dist+tal,10.513
MAHARASHTRA,Kolhapur,Bhudargad,Bidri,Bidri,82,whole_village,False,False,Bidri,Bhudargad,Kolhapur,567813,567813,100.0,dist+tal,2.573
MAHARASHTRA,Kolhapur,Bhudargad,Chandanwadi,Chandanwadi,83,whole_village,False,False,Chandanwadi,Bhudargad,Kolhapur,567847,567847,100.0,dist+tal,5.001
MAHARASHTRA,Kolhapur,Bhudargad,Chikkewadi,Chikkewadi,84,whole_village,False,False,Chikkewadi,Bhudargad,Kolhapur,567863,567863,100.0,dist+tal,6.425
MAHARASHTRA,Kolhapur,Bhudargad,Chivale,Chivale,85,whole_village,False,False,Chivale,Bhudargad,Kolhapur,567854,567854,100.0,dist+tal,12.675
MAHARASHTRA,Kolhapur,Bhudargad,Dele,Dele,86,whole_village,False,False,Dele,Bhudargad,Kolhapur,567853,567853,100.0,dist+tal,15.851
MAHARASHTRA,Kolhapur,Bhudargad,Devakewadi,Devakewadi,87,whole_village,False,False,Devakewadi,Bhudargad,Kolhapur,567801,567801,100.0,dist+tal,1.875
MAHARASHTRA,Kolhapur,Bhudargad,Devarde,Devarde,88,whole_village,False,False,Devarde,Bhudargad,Kolhapur,567839,567839,100.0,dist+tal,5.606
MAHARASHTRA,Kolhapur,Bhudargad,Girgaon,Girgaon,89,whole_village,False,False,Girgaon,Bhudargad,Kolhapur,567800,567800,100.0,dist+tal,6.799
MAHARASHTRA,Kolhapur,Bhudargad,Hanamante,Hanamante,90,whole_village,False,False,Hanamante,Bhudargad,Kolhapur,567864,567864,100.0,dist+tal,2.624
MAHARASHTRA,Kolhapur,Bhudargad,Hanbarwadi,Hanbarwadi,91,whole_village,False,False,Hanbarwadi,Bhudargad,Kolhapur,567773,567773,100.0,dist+tal,2.378
MAHARASHTRA,Kolhapur,Bhudargad,Karivade,Karivade,92,whole_village,False,False,Karivade,Bhudargad,Kolhapur,567840,567840,100.0,dist+tal,10.289
MAHARASHTRA,Kolhapur,Bhudargad,Khedge,Khedge,93,whole_village,False,False,Khedge,Bhudargad,Kolhapur,567817,567817,100.0,dist+tal,3.787
MAHARASHTRA,Kolhapur,Bhudargad,Kudtarwadi,Kudtarwadi,94,whole_village,False,False,Kudtarwadi,Bhudargad,Kolhapur,567836,567836,100.0,dist+tal,1.733
MAHARASHTRA,Kolhapur,Bhudargad,Mani,Mani,95,whole_village,False,False,Mani,Bhudargad,Kolhapur,567856,567856,100.0,dist+tal,13.468
MAHARASHTRA,Kolhapur,Bhudargad,Manope,Manope,96,whole_village,False,False,Manope,Bhudargad,Kolhapur,567860,567860,100.0,dist+tal,5.735
MAHARASHTRA,Kolhapur,Bhudargad,Mathagaon,Mathagaon,97,whole_village,False,False,Mathagaon,Bhudargad,Kolhapur,567855,567855,100.0,dist+tal,24.184
MAHARASHTRA,Kolhapur,Bhudargad,Megholi,Megholi,98,whole_village,False,False,Megholi,Bhudargad,Kolhapur,567828,567828,100.0,dist+tal,11.845
MAHARASHTRA,Kolhapur,Bhudargad,Mhasarang,Mhasarang,99,whole_village,False,False,Mhasarang,Bhudargad,Kolhapur,567842,567842,100.0,dist+tal,6.345
MAHARASHTRA,Kolhapur,Bhudargad,Murukate,Murukate,100,whole_village,False,False,Murukate,Bhudargad,Kolhapur,567787,567787,100.0,dist+tal,4.477
MAHARASHTRA,Kolhapur,Bhudargad,Navale,Navale,101,whole_village,False,False,Navale,Bhudargad,Kolhapur,567829,567829,100.0,dist+tal,5.023
MAHARASHTRA,Kolhapur,Bhudargad,Padkhambe,Padkhambe,102,whole_village,False,False,Padkhambe,Bhudargad,Kolhapur,567824,567824,100.0,dist+tal,8.599
MAHARASHTRA,Kolhapur,Bhudargad,Palyachahuda,Palyachahuda,103,whole_village,False,False,Palyachahuda,Bhudargad,Kolhapur,567851,567851,100.0,dist+tal,12.925
MAHARASHTRA,Kolhapur,Bhudargad,Patgaon,Patgaon,104,whole_village,False,False,Patgaon,Bhudargad,Kolhapur,567861,567861,100.0,dist+tal,35.76
MAHARASHTRA,Kolhapur,Bhudargad,Phanaswadi,Phanaswadi,105,whole_village,False,False,Phanaswadi,Bhudargad,Kolhapur,567803,567803,100.0,dist+tal,2.975
MAHARASHTRA,Kolhapur,Bhudargad,Phaye,Phaye,106,whole_village,False,False,Phaye,Bhudargad,Kolhapur,567809,567809,100.0,dist+tal,12.061
MAHARASHTRA,Kolhapur,Bhudargad,Shivdav Bk.,Shivdav Bk.,107,whole_village,False,False,Shivdav,Bhudargad,Kolhapur,567857,567857,100.0,dist+tal,17.348
MAHARASHTRA,Kolhapur,Bhudargad,Shivdav Kh.,Shivdav Kh.,108,whole_village,False,False,Shivdav Kh,Bhudargad,Kolhapur,567859,567859,100.0,dist+tal,4.162
MAHARASHTRA,Kolhapur,Bhudargad,Sonurli,Sonurli,110,whole_village,False,False,Sonurli,Bhudargad,Kolhapur,567827,567827,100.0,dist+tal,3.174
MAHARASHTRA,Kolhapur,Bhudargad,Tambale,Tambale,111,whole_village,False,False,Tambale,Bhudargad,Kolhapur,567849,567849,100.0,dist+tal,5.013
MAHARASHTRA,Kolhapur,Bhudargad,Tambyachiwadi,Tambyachiwadi,112,whole_village,False,False,Tambyachiwadi,Bhudargad,Kolhapur,567862,567862,100.0,dist+tal,7.861
MAHARASHTRA,Kolhapur,Bhudargad,Vasnoli,Vasnoli,113,whole_village,False,False,Vasnoli,Bhudargad,Kolhapur,567833,567833,100.0,dist+tal,8.109
MAHARASHTRA,Kolhapur,Bhudargad,Vesarde,Vesarde,114,whole_village,False,False,Vesarde,Bhudargad,Kolhapur,567841,567841,100.0,dist+tal,5.385
MAHARASHTRA,Kolhapur,Bhudargad,Vinjole,Vinjole,115,whole_village,False,False,Vinjole,Bhudargad,Kolhapur,567858,567858,100.0,dist+tal,4.223
MAHARASHTRA,Kolhapur,Bhudargad,Yerandpe,Yerandpe,116,whole_village,False,False,Yerandpe,Bhudargad,Kolhapur,567818,567818,100.0,dist+tal,5.808
MAHARASHTRA,Kolhapur,Chandgad,Bhogoli,Bhogoli,117,whole_village,False,False,Bhogoli,Chandgad,Kolhapur,568091,568091,100.0,dist+tal,16.961
MAHARASHTRA,Kolhapur,Chandgad,Dhamapur,Dhamapur,118,whole_village,False,False,Dhamapur,Chandgad,Kolhapur,568058,568058,100.0,dist+tal,9.978
MAHARASHTRA,Kolhapur,Chandgad,Gudawale Khalsa,Gudawale Khalsa,119,whole_village,False,False,Gudavale Khalsa,Chandgad,Kolhapur,568204,568204,100.0,dist+tal,19.355
MAHARASHTRA,Kolhapur,Chandgad,Hajagoli,Hajagoli,120,whole_village,False,False,Hajagoli,Chandgad,Kolhapur,568177,568177,100.0,dist+tal,18.731
MAHARASHTRA,Kolhapur,Chandgad,Isapur,Isapur,121,whole_village,False,False,Esapur,Chandgad,Kolhapur,568201,568201,100.0,dist+tal,19.605
MAHARASHTRA,Kolhapur,Chandgad,Jambre,Jambre,122,whole_village,False,False,Jambare,Chandgad,Kolhapur,568200,568200,100.0,dist+tal,15.25
MAHARASHTRA,Kolhapur,Chandgad,Jelugade,Jelugade,123,whole_village,False,False,Jelugade,Chandgad,Kolhapur,568210,568210,100.0,dist+tal,10.538
MAHARASHTRA,Kolhapur,Chandgad,Kalasgade,Kalasgade,124,whole_village,False,False,Kalasgade,Chandgad,Kolhapur,568212,568212,100.0,dist+tal,23.599
MAHARASHTRA,Kolhapur,Chandgad,Kanur Kh.,Kanur Kh.,125,whole_village,False,False,Kanur Kh,Chandgad,Kolhapur,568088,568088,100.0,dist+tal,17.149
MAHARASHTRA,Kolhapur,Chandgad,Khalsa Mhalunge,Khalsa Mhalunge,126,whole_village,False,False,Mhalunge Khalasa,Chandgad,Kolhapur,568180,568180,100.0,dist+tal,21.65
MAHARASHTRA,Kolhapur,Chandgad,Kitvade,Kitvade,127,whole_village,False,False,Kitvade,Chandgad,Kolhapur,568211,568211,100.0,dist+tal,14.79
MAHARASHTRA,Kolhapur,Chandgad,Kodali,Kodali,128,whole_village,False,False,Kodali,Chandgad,Kolhapur,568213,568213,100.0,dist+tal,29.92
MAHARASHTRA,Kolhapur,Chandgad,Kokare,Kokare,129,whole_village,False,False,Kokare,Chandgad,Kolhapur,568182,568182,100.0,dist+tal,5.676
MAHARASHTRA,Kolhapur,Chandgad,Kolik,Kolik,130,whole_village,False,False,Kolik,Chandgad,Kolhapur,568181,568181,100.0,dist+tal,25.1
MAHARASHTRA,Kolhapur,Chandgad,Mirwel,Mirwel,131,whole_village,False,False,Mirvel,Chandgad,Kolhapur,568202,568202,100.0,dist+tal,9.159
MAHARASHTRA,Kolhapur,Chandgad,Nagave,Nagave,132,whole_village,False,False,Nagave,Chandgad,Kolhapur,568197,568197,100.0,dist+tal,7.162
MAHARASHTRA,Kolhapur,Chandgad,Nhaveli,Nhaveli,133,whole_village,False,False,Nhaveli,Chandgad,Kolhapur,568198,568198,100.0,dist+tal,3.692
MAHARASHTRA,Kolhapur,Chandgad,Pilani,Pilani,134,whole_village,False,False,Pilani,Chandgad,Kolhapur,568090,568090,100.0,dist+tal,18.627
MAHARASHTRA,Kolhapur,Chandgad,Pundra,Pundra,135,whole_village,False,False,Pundra,Chandgad,Kolhapur,568087,568087,100.0,dist+tal,6.062
MAHARASHTRA,Kolhapur,Chandgad,Sadegudwale,Sadegudwale,136,whole_village,False,False,Sadegudwale,Chandgad,Kolhapur,568089,568089,100.0,dist+tal,14.314
MAHARASHTRA,Kolhapur,Chandgad,Umagaon,Umagaon,137,whole_village,False,False,Umgaon,Chandgad,Kolhapur,568199,568199,100.0,dist+tal,18.43
MAHARASHTRA,Kolhapur,Chandgad,Waghotre,Waghotre,138,whole_village,False,False,Waghotre,Chandgad,Kolhapur,568203,568203,100.0,dist+tal,14.609
MAHARASHTRA,Kolhapur,Gagan-Bawda,Andur,Andur,139,whole_village,False,False,Andur,Gaganbawada,Kolhapur,567529,567529,100.0,dist+tal,12.094
MAHARASHTRA,Kolhapur,Gagan-Bawda,Asalaj,Asalaj,140,whole_village,False,False,Asalaj,Gaganbawada,Kolhapur,567527,567527,100.0,dist+tal,13.359
MAHARASHTRA,Kolhapur,Gagan-Bawda,Asandoli,Asandoli,141,whole_village,False,False,Asandoli,Gaganbawada,Kolhapur,567509,567509,100.0,dist+tal,8.431
MAHARASHTRA,Kolhapur,Gagan-Bawda,Baveli,Baveli,142,whole_village,False,False,Baveli,Gaganbawada,Kolhapur,567541,567541,100.0,dist+tal,9.525
MAHARASHTRA,Kolhapur,Gagan-Bawda,Borbet,Borbet,143,whole_village,False,False,Borbet,Gaganbawada,Kolhapur,567543,567543,100.0,dist+tal,15.699
MAHARASHTRA,Kolhapur,Gagan-Bawda,Dhundavade,Dhundavade,144,whole_village,False,False,Dhundavade,Gaganbawada,Kolhapur,567530,567530,100.0,dist+tal,8.174
MAHARASHTRA,Kolhapur,Gagan-Bawda,Gagan Bavda,Gagan Bavda,145,whole_village,False,False,Gagan Bavda,Gaganbawada,Kolhapur,567546,567546,100.0,dist+tal,6.426
MAHARASHTRA,Kolhapur,Gagan-Bawda,Garivade,Garivade,146,whole_village,False,False,Garivade,Gaganbawada,Kolhapur,567542,567542,100.0,dist+tal,4.605
MAHARASHTRA,Kolhapur,Gagan-Bawda,Jargi,Jargi,147,whole_village,False,False,Jargi,Gaganbawada,Kolhapur,567539,567539,100.0,dist+tal,9.496
MAHARASHTRA,Kolhapur,Gagan-Bawda,Kadave,Kadave,148,whole_village,False,False,Kadave,Gaganbawada,Kolhapur,567540,567540,100.0,dist+tal,3.558
MAHARASHTRA,Kolhapur,Gagan-Bawda,Katali,Katali,149,whole_village,False,False,Katali,Gaganbawada,Kolhapur,567545,567545,100.0,dist+tal,4.06
MAHARASHTRA,Kolhapur,Gagan-Bawda,Kherivade,Kherivade,150,whole_village,False,False,Kherivade,Gaganbawada,Kolhapur,567532,567532,100.0,dist+tal,3.802
MAHARASHTRA,Kolhapur,Gagan-Bawda,Khokurle,Khokurle,151,whole_village,False,False,Khokurle,Gaganbawada,Kolhapur,567528,567528,100.0,dist+tal,7.605
MAHARASHTRA,Kolhapur,Gagan-Bawda,Kode Bk.,Kode Bk.,152,whole_village,False,False,Kode Bk,Gaganbawada,Kolhapur,567505,567505,100.0,dist+tal,21.138
MAHARASHTRA,Kolhapur,Gagan-Bawda,Kode Kh.,Kode Kh.,153,whole_village,False,False,Kode Kh,Gaganbawada,Kolhapur,567506,567506,100.0,dist+tal,6.42
MAHARASHTRA,Kolhapur,Gagan-Bawda,Lakhamapur,Lakhamapur,154,whole_village,False,False,Lakhamapur,Gaganbawada,Kolhapur,567544,567544,100.0,dist+tal,7.184
MAHARASHTRA,Kolhapur,Gagan-Bawda,Mandukali,Mandukali,155,whole_village,False,False,Mandukali,Gaganbawada,Kolhapur,567525,567525,100.0,dist+tal,9.395
MAHARASHTRA,Kolhapur,Gagan-Bawda,Mandur,Mandur,156,whole_village,False,False,Mandur,Gaganbawada,Kolhapur,567523,567523,100.0,dist+tal,3.056
MAHARASHTRA,Kolhapur,Gagan-Bawda,Narveli,Narveli,157,whole_village,False,False,Narveli,Gaganbawada,Kolhapur,567548,567548,100.0,dist+tal,6.747
MAHARASHTRA,Kolhapur,Gagan-Bawda,Nivade,Nivade,158,whole_village,False,False,Nivade,Gaganbawada,Kolhapur,567512,567512,100.0,dist+tal,2.815
MAHARASHTRA,Kolhapur,Gagan-Bawda,Palsambe,Palsambe,159,whole_village,False,False,Palsambe,Gaganbawada,Kolhapur,567534,567534,100.0,dist+tal,8.932
MAHARASHTRA,Kolhapur,Gagan-Bawda,Saitavade,Saitavade,160,whole_village,False,False,Saitavade,Gaganbawada,Kolhapur,567537,567537,100.0,dist+tal,12.776
MAHARASHTRA,Kolhapur,Gagan-Bawda,Sangashi,Sangashi,161,whole_village,False,False,Sangashi,Gaganbawada,Kolhapur,567536,567536,100.0,dist+tal,6.692
MAHARASHTRA,Kolhapur,Gagan-Bawda,Sheloshi,Sheloshi,162,whole_village,False,False,Sheloshi,Gaganbawada,Kolhapur,567533,567533,100.0,dist+tal,4.54
MAHARASHTRA,Kolhapur,Gagan-Bawda,Shenavade,Shenavade,163,whole_village,False,False,Shenavade,Gaganbawada,Kolhapur,567508,567508,100.0,dist+tal,3.994
MAHARASHTRA,Kolhapur,Gagan-Bawda,Taliye Bk.,Taliye Bk.,164,whole_village,False,False,Taliye Bk,Gaganbawada,Kolhapur,567507,567507,100.0,dist+tal,8.706
MAHARASHTRA,Kolhapur,Gagan-Bawda,Taliye Kh.,Taliye Kh.,165,whole_village,False,False,Taliye Kh,Gaganbawada,Kolhapur,567549,567549,100.0,dist+tal,8.629
MAHARASHTRA,Kolhapur,Gagan-Bawda,Vesaraf,Vesaraf,166,whole_village,False,False,Vesaraf,Gaganbawada,Kolhapur,567535,567535,100.0,dist+tal,9.531
MAHARASHTRA,Kolhapur,Gagan-Bawda,Vesarde,Vesarde,167,whole_village,False,False,Vesarde,Gaganbawada,Kolhapur,567511,567511,100.0,dist+tal,4.624
MAHARASHTRA,Kolhapur,Panhala,Gothane,Gothane,168,whole_village,False,False,Gothane,Panhala,Kolhapur,567224,567224,100.0,dist+tal,10.112
MAHARASHTRA,Kolhapur,Panhala,Harpavade,Harpavade,169,whole_village,False,False,Harpavade,Panhala,Kolhapur,567257,567257,100.0,dist+tal,4.11
MAHARASHTRA,Kolhapur,Panhala,Kaljawade,Kaljawade,170,whole_village,False,False,Kaljawade,Panhala,Kolhapur,567226,567226,100.0,dist+tal,12.152
MAHARASHTRA,Kolhapur,Panhala,Kaurwadi,Kaurwadi,171,whole_village,False,False,Kaurwadi,Panhala,Kolhapur,567216,567216,100.0,dist+tal,3.112
MAHARASHTRA,Kolhapur,Panhala,Kisrul,Kisrul,172,whole_village,False,False,Kisrul,Panhala,Kolhapur,567217,567217,100.0,dist+tal,3.763
MAHARASHTRA,Kolhapur,Panhala,Kolik,Kolik,173,whole_village,False,False,Kolik,Panhala,Kolhapur,567223,567223,100.0,dist+tal,15.419
MAHARASHTRA,Kolhapur,Panhala,Manwad,Manwad,174,whole_village,False,False,Manwad,Panhala,Kolhapur,567220,567220,100.0,dist+tal,13.021
MAHARASHTRA,Kolhapur,Panhala,Mugadewadi,Mugadewadi,175,whole_village,False,False,Mugadewadi,Panhala,Kolhapur,567218,567218,100.0,dist+tal,2.509
MAHARASHTRA,Kolhapur,Panhala,Padasali,Padasali,176,whole_village,False,False,Padasali,Panhala,Kolhapur,567222,567222,100.0,dist+tal,16.896
MAHARASHTRA,Kolhapur,Panhala,Panore,Panore,177,whole_village,False,False,Panore,Panhala,Kolhapur,567259,567259,100.0,dist+tal,9.802
MAHARASHTRA,Kolhapur,Panhala,Patpanhala,Patpanhala,178,whole_village,False,False,Patpanhala,Panhala,Kolhapur,567197,567197,100.0,dist+tal,9.479
MAHARASHTRA,Kolhapur,Panhala,Pisatri,Pisatri,179,whole_village,False,False,Pisatri,Panhala,Kolhapur,567219,567219,100.0,dist+tal,6.196
MAHARASHTRA,Kolhapur,Panhala,Pohalwadi,Pohalwadi,180,whole_village,False,False,Pohalwadi,Panhala,Kolhapur,567227,567227,100.0,dist+tal,9.178
MAHARASHTRA,Kolhapur,Panhala,Pombre,Pombre,181,whole_village,False,False,Pombre,Panhala,Kolhapur,567225,567225,100.0,dist+tal,12.33
MAHARASHTRA,Kolhapur,Panhala,Washi,Washi,182,whole_village,False,False,Washi,Panhala,Kolhapur,567221,567221,100.0,dist+tal,13.607
MAHARASHTRA,Kolhapur,Radhanagari,Adoli,Adoli,183,whole_village,False,False,Adoli,Radhanagari,Kolhapur,567644,567644,100.0,dist+tal,6.108
MAHARASHTRA,Kolhapur,Radhanagari,Aini,Aini,184,whole_village,False,False,Aini,Radhanagari,Kolhapur,567663,567663,100.0,dist+tal,24.568
MAHARASHTRA,Kolhapur,Radhanagari,Banachiwadi,Banachiwadi,185,whole_village,False,False,Banachiwadi,Radhanagari,Kolhapur,567631,567631,100.0,dist+tal,9.201
MAHARASHTRA,Kolhapur,Radhanagari,Chafodi Tarf Ainghol,Chafodi Tarf Ainghol,186,whole_village,False,False,Chafodi Tarf Ainghol,Radhanagari,Kolhapur,567641,567641,100.0,dist+tal,8.519
MAHARASHTRA,Kolhapur,Radhanagari,Dubalewadi,Dubalewadi,187,whole_village,False,False,Dubalewadi,Radhanagari,Kolhapur,567645,567645,100.0,dist+tal,15.244
MAHARASHTRA,Kolhapur,Radhanagari,Farale,Farale,188,whole_village,False,False,Farale,Radhanagari,Kolhapur,567637,567637,100.0,dist+tal,6.552
MAHARASHTRA,Kolhapur,Radhanagari,Gawathanwadi,Gawathanwadi,189,whole_village,False,False,Gawathanwadi,Radhanagari,Kolhapur,567642,567642,100.0,dist+tal,4.764
MAHARASHTRA,Kolhapur,Radhanagari,Kandalgaon,Kandalgaon,190,whole_village,False,False,Kandalgaon,Radhanagari,Kolhapur,567609,567609,100.0,dist+tal,4.409
MAHARASHTRA,Kolhapur,Radhanagari,Karanjphen,Karanjphen,191,whole_village,False,False,Karanjphen,Radhanagari,Kolhapur,567624,567624,100.0,dist+tal,2.204
MAHARASHTRA,Kolhapur,Radhanagari,Konoli Tarf Asandoli,Konoli Tarf Asandoli,192,whole_village,False,False,Konoli Tarf Asandoli,Radhanagari,Kolhapur,567558,567558,100.0,dist+tal,10.402
MAHARASHTRA,Kolhapur,Radhanagari,Lingachiwadi,Lingachiwadi,193,whole_village,False,False,Lingachiwadi,Radhanagari,Kolhapur,567638,567638,100.0,dist+tal,1.827
MAHARASHTRA,Kolhapur,Radhanagari,Manbet,Manbet,194,whole_village,False,False,Manbet,Radhanagari,Kolhapur,567610,567610,100.0,dist+tal,29.294
MAHARASHTRA,Kolhapur,Radhanagari,New Karanje,New Karanje,195,whole_village,False,False,New Karanje,Radhanagari,Kolhapur,567634,567634,100.0,dist+tal,8.487
MAHARASHTRA,Kolhapur,Radhanagari,Olavan,Olavan,196,whole_village,False,False,Olavan,Radhanagari,Kolhapur,567633,567633,100.0,dist+tal,27.283
MAHARASHTRA,Kolhapur,Radhanagari,Padali,Padali,197,whole_village,False,False,Padali,Radhanagari,Kolhapur,567629,567629,100.0,dist+tal,10.871
MAHARASHTRA,Kolhapur,Radhanagari,Padasali,Padasali,198,whole_village,False,False,Padasali,Radhanagari,Kolhapur,567611,567611,100.0,dist+tal,19.117
MAHARASHTRA,Kolhapur,Radhanagari,Patpanhala,Patpanhala,199,whole_village,False,False,Patpanhala,Radhanagari,Kolhapur,567636,567636,100.0,dist+tal,9.963
MAHARASHTRA,Kolhapur,Radhanagari,Phejiwade,Phejiwade,200,whole_village,False,False,Phejiwade,Radhanagari,Kolhapur,567632,567632,100.0,dist+tal,93.732
MAHARASHTRA,Kolhapur,Radhanagari,Piral,Piral,201,whole_village,False,False,Piral,Radhanagari,Kolhapur,567627,567627,100.0,dist+tal,7.075
MAHARASHTRA,Kolhapur,Radhanagari,Radhanagari,Radhanagari,202,whole_village,False,False,Radhanagari,Radhanagari,Kolhapur,567630,567630,100.0,dist+tal,8.209
MAHARASHTRA,Kolhapur,Radhanagari,Rai,Rai,203,whole_village,False,False,Rai,Radhanagari,Kolhapur,567608,567608,100.0,dist+tal,5.77
MAHARASHTRA,Kolhapur,Radhanagari,Rajapur,Rajapur,204,whole_village,False,False,Rajapur,Radhanagari,Kolhapur,567639,567639,100.0,dist+tal,9.312
MAHARASHTRA,Kolhapur,Radhanagari,Ramanwadi,Ramanwadi,205,whole_village,False,False,Ramanwadi,Radhanagari,Kolhapur,567635,567635,100.0,dist+tal,10.701
MAHARASHTRA,Kolhapur,Radhanagari,Savarde,Savarde,206,whole_village,False,False,Savarde,Radhanagari,Kolhapur,567640,567640,100.0,dist+tal,39.448
MAHARASHTRA,Kolhapur,Radhanagari,Savardhan,Savardhan,207,whole_village,False,False,Savardhan,Radhanagari,Kolhapur,567628,567628,100.0,dist+tal,2.331
MAHARASHTRA,Kolhapur,Radhanagari,Shiroli,Shiroli,208,whole_village,False,False,Shiroli,Radhanagari,Kolhapur,567626,567626,100.0,dist+tal,3.562
MAHARASHTRA,Kolhapur,Radhanagari,Wadachiwadi,Wadachiwadi,209,whole_village,False,False,Wadachiwadi,Radhanagari,Kolhapur,567643,567643,100.0,dist+tal,4.838
MAHARASHTRA,Kolhapur,Shahuwadi,Ainwadi,Ainwadi,210,whole_village,False,False,Ainwadi,Shahuwadi,Kolhapur,567037,567037,100.0,dist+tal,6.671
MAHARASHTRA,Kolhapur,Shahuwadi,Amba,Amba,211,whole_village,False,False,Amba,Shahuwadi,Kolhapur,567026,567026,100.0,dist+tal,8.757
MAHARASHTRA,Kolhapur,Shahuwadi,Amboli,Amboli,212,whole_village,False,False,Amboli,Shahuwadi,Kolhapur,566994,566994,100.0,dist+tal,2.61
MAHARASHTRA,Kolhapur,Shahuwadi,Anuskura,Anuskura,213,whole_village,False,False,Anuskura,Shahuwadi,Kolhapur,567119,567119,100.0,dist+tal,13.88
MAHARASHTRA,Kolhapur,Shahuwadi,Barki,Barki,214,whole_village,False,False,Barki,Shahuwadi,Kolhapur,567120,567120,100.0,dist+tal,19.213
MAHARASHTRA,Kolhapur,Shahuwadi,Bhendavade,Bhendavade,216,whole_village,False,False,Bhendavade,Shahuwadi,Kolhapur,567017,567017,100.0,dist+tal,5.056
MAHARASHTRA,Kolhapur,Shahuwadi,Burambal,Burambal,217,whole_village,False,False,Burambal,Shahuwadi,Kolhapur,567115,567115,100.0,dist+tal,11.028
MAHARASHTRA,Kolhapur,Shahuwadi,Chalanwadi,Chalanwadi,218,whole_village,False,False,Chalanwadi,Shahuwadi,Kolhapur,567027,567027,100.0,dist+tal,2.194
MAHARASHTRA,Kolhapur,Shahuwadi,Chandel,Chandel,219,whole_village,False,False,Chandel,Shahuwadi,Kolhapur,566986,566986,100.0,dist+tal,21.158
MAHARASHTRA,Kolhapur,Shahuwadi,Dhakale,Dhakale,220,whole_village,False,False,Dhakale,Shahuwadi,Kolhapur,566987,566987,100.0,dist+tal,14.765
MAHARASHTRA,Kolhapur,Shahuwadi,Dhanagarwadi,Dhanagarwadi,221,whole_village,False,False,Dhanagarwadi,Shahuwadi,Kolhapur,567038,567038,100.0,dist+tal,5.852
MAHARASHTRA,Kolhapur,Shahuwadi,Durgawadi,Durgawadi,222,whole_village,False,False,Durgawadi,Shahuwadi,Kolhapur,566989,566989,100.0,dist+tal,7.993
MAHARASHTRA,Kolhapur,Shahuwadi,Gajapur,Gajapur,223,whole_village,False,False,Gajapur,Shahuwadi,Kolhapur,567041,567041,100.0,dist+tal,28.151
MAHARASHTRA,Kolhapur,Shahuwadi,Gavadi,Gavadi,224,whole_village,False,False,Gavadi,Shahuwadi,Kolhapur,567074,567074,100.0,dist+tal,14.035
MAHARASHTRA,Kolhapur,Shahuwadi,Gelavade,Gelavade,225,whole_village,False,False,Gelavade,Shahuwadi,Kolhapur,567042,567042,100.0,dist+tal,12.568
MAHARASHTRA,Kolhapur,Shahuwadi,Gholasvade,Gholasvade,226,whole_village,False,False,Gholasvade,Shahuwadi,Kolhapur,567030,567030,100.0,dist+tal,5.281
MAHARASHTRA,Kolhapur,Shahuwadi,Girgaon,Girgaon,227,whole_village,False,False,Girgaon,Shahuwadi,Kolhapur,567071,567071,100.0,dist+tal,13.957
MAHARASHTRA,Kolhapur,Shahuwadi,Golivane,Golivane,228,whole_village,False,False,Golivane,Shahuwadi,Kolhapur,567016,567016,100.0,dist+tal,24.268
MAHARASHTRA,Kolhapur,Shahuwadi,Humbavali,Humbavali,229,whole_village,False,False,Humbavali,Shahuwadi,Kolhapur,567029,567029,100.0,dist+tal,3.953
MAHARASHTRA,Kolhapur,Shahuwadi,Injoli,Injoli,230,whole_village,False,False,Injoli,Shahuwadi,Kolhapur,567129,567129,100.0,dist+tal,12.355
MAHARASHTRA,Kolhapur,Shahuwadi,Jambur,Jambur,231,whole_village,False,False,Jambur,Shahuwadi,Kolhapur,567003,567003,100.0,dist+tal,7.71
MAHARASHTRA,Kolhapur,Shahuwadi,Jawali,Jawali,232,whole_village,False,False,Jawali,Shahuwadi,Kolhapur,567031,567031,100.0,dist+tal,5.972
MAHARASHTRA,Kolhapur,Shahuwadi,Kandavan,Kandavan,233,whole_village,False,False,Kandavan,Shahuwadi,Kolhapur,566998,566998,100.0,dist+tal,14.918
MAHARASHTRA,Kolhapur,Shahuwadi,Kante,Kante,234,whole_village,False,False,Kante,Shahuwadi,Kolhapur,567116,567116,100.0,dist+tal,10.031
MAHARASHTRA,Kolhapur,Shahuwadi,Karde,Karde,235,whole_village,False,False,Karde,Shahuwadi,Kolhapur,566991,566991,100.0,dist+tal,7.329
MAHARASHTRA,Kolhapur,Shahuwadi,Kasarde,Kasarde,236,whole_village,False,False,Kasarde,Shahuwadi,Kolhapur,567036,567036,100.0,dist+tal,8.283
MAHARASHTRA,Kolhapur,Shahuwadi,Kumbhavde,Kumbhavde,237,whole_village,False,False,Kumbhavde,Shahuwadi,Kolhapur,567118,567118,100.0,dist+tal,11.7
MAHARASHTRA,Kolhapur,Shahuwadi,Malgaon,Malgaon,238,whole_village,False,False,Malgaon,Shahuwadi,Kolhapur,566999,566999,100.0,dist+tal,5.669
MAHARASHTRA,Kolhapur,Shahuwadi,Manjare,Manjare,239,whole_village,False,False,Manjare,Shahuwadi,Kolhapur,567072,567072,100.0,dist+tal,9.405
MAHARASHTRA,Kolhapur,Shahuwadi,Manoli,Manoli,240,whole_village,False,False,Manoli Correct Name,Shahuwadi,Kolhapur,567028,567028,92.3,dist+tal,13.71
MAHARASHTRA,Kolhapur,Shahuwadi,Mhalasvade,Mhalasvade,241,whole_village,False,False,Mhalasvade,Shahuwadi,Kolhapur,567069,567069,100.0,dist+tal,10.433
MAHARASHTRA,Kolhapur,Shahuwadi,Mosum,Mosum,242,whole_village,False,False,Mosum,Shahuwadi,Kolhapur,567117,567117,100.0,dist+tal,9.453
MAHARASHTRA,Kolhapur,Shahuwadi,Nivale,Nivale,243,whole_village,False,False,Nivale,Shahuwadi,Kolhapur,567014,567014,100.0,dist+tal,13.624
MAHARASHTRA,Kolhapur,Shahuwadi,Palasavade,Palasavade,244,whole_village,False,False,Palasavade,Shahuwadi,Kolhapur,567004,567004,100.0,dist+tal,4.041
MAHARASHTRA,Kolhapur,Shahuwadi,Panundre,Panundre,245,whole_village,False,False,Panundre,Shahuwadi,Kolhapur,567068,567068,100.0,dist+tal,15.209
MAHARASHTRA,Kolhapur,Shahuwadi,Paraleninai,Paraleninai,246,whole_village,False,False,Paraleninai,Shahuwadi,Kolhapur,567018,567018,100.0,dist+tal,7.163
MAHARASHTRA,Kolhapur,Shahuwadi,Parivane,Parivane,247,whole_village,False,False,Parivane,Shahuwadi,Kolhapur,567043,567043,100.0,dist+tal,5.702
MAHARASHTRA,Kolhapur,Shahuwadi,Pusarle,Pusarle,249,whole_village,False,False,Pusarle,Shahuwadi,Kolhapur,567019,567019,100.0,dist+tal,5.77
MAHARASHTRA,Kolhapur,Shahuwadi,Savardi,Savardi,250,whole_village,False,False,Savardi,Shahuwadi,Kolhapur,567128,567128,100.0,dist+tal,5.763
MAHARASHTRA,Kolhapur,Shahuwadi,Shembavane,Shembavane,251,whole_village,False,False,Shembavane,Shahuwadi,Kolhapur,567073,567073,100.0,dist+tal,18.323
MAHARASHTRA,Kolhapur,Shahuwadi,Shirale Tarf Malkapur,Shirale Tarf Malkapur,252,whole_village,False,False,Shirale Tarf Malkapur,Shahuwadi,Kolhapur,567067,567067,100.0,dist+tal,8.77
MAHARASHTRA,Kolhapur,Shahuwadi,Shirale Tarf Warun,Shirale Tarf Warun,253,whole_village,False,False,Shirale Tarf Warun,Shahuwadi,Kolhapur,566997,566997,100.0,dist+tal,8.531
MAHARASHTRA,Kolhapur,Shahuwadi,Sonarli,Sonarli,254,whole_village,False,False,Sonarli,Shahuwadi,Kolhapur,566988,566988,100.0,dist+tal,9.849
MAHARASHTRA,Kolhapur,Shahuwadi,Sonurle,Sonurle,255,whole_village,False,False,Sonurle,Shahuwadi,Kolhapur,567113,567113,100.0,dist+tal,17.289
MAHARASHTRA,Kolhapur,Shahuwadi,Talavade,Talavade,256,whole_village,False,False,Talavade,Shahuwadi,Kolhapur,567025,567025,100.0,dist+tal,3.829
MAHARASHTRA,Kolhapur,Shahuwadi,Tambave,Tambave,257,whole_village,False,False,Tambave,Shahuwadi,Kolhapur,566993,566993,100.0,dist+tal,7.057
MAHARASHTRA,Kolhapur,Shahuwadi,Tanali,Tanali,258,whole_village,False,False,Tanali,Shahuwadi,Kolhapur,566992,566992,100.0,dist+tal,7.606
MAHARASHTRA,Kolhapur,Shahuwadi,Udgiri,Udgiri,259,whole_village,False,False,Udgiri,Shahuwadi,Kolhapur,567015,567015,100.0,dist+tal,23.51
MAHARASHTRA,Kolhapur,Shahuwadi,Ukhalu,Ukhalu,260,whole_village,False,False,Ukhalu,Shahuwadi,Kolhapur,566995,566995,100.0,dist+tal,12.311
MAHARASHTRA,Kolhapur,Shahuwadi,Virale,Virale,261,whole_village,False,False,Virale,Shahuwadi,Kolhapur,567005,567005,100.0,dist+tal,7.618
MAHARASHTRA,Kolhapur,Shahuwadi,Vishalgad,Vishalgad,262,whole_village,False,False,Vishalgad,Shahuwadi,Kolhapur,567040,567040,100.0,dist+tal,1.653
MAHARASHTRA,Kolhapur,Shahuwadi,Wadi Hudumb,Wadi Hudumb,263,whole_village,False,False,Wadi Hudumb,Shahuwadi,Kolhapur,566990,566990,100.0,dist+tal,2.535
MAHARASHTRA,Kolhapur,Shahuwadi,Wadi Kalkavane,Wadi Kalkavane,264,whole_village,False,False,Wadi Kalkavane,Shahuwadi,Kolhapur,567039,567039,100.0,dist+tal,1.202
MAHARASHTRA,Kolhapur,Shahuwadi,Wakoli,Wakoli,265,whole_village,False,False,Wakoli,Shahuwadi,Kolhapur,567022,567022,100.0,dist+tal,5.689
MAHARASHTRA,Kolhapur,Shahuwadi,Yelan J.Gai,Yelan J.Gai,266,whole_village,False,False,Yelvan Jugai Correct Name,Shahuwadi,Kolhapur,567070,567070,100.0,dist+tal,30.201
MAHARASHTRA,Kolhapur,Shahuwadi,Yelvadi,Yelvadi,267,whole_village,False,False,Yelvadi,Shahuwadi,Kolhapur,567114,567114,100.0,dist+tal,9.546
MAHARASHTRA,Nandurbar,Nawapur,Kareghat,Kareghat,268,whole_village,False,False,Kareghat,Nawapur,Nandurbar,525791,525791,100.0,dist+tal,5.362
MAHARASHTRA,Nandurbar,Nawapur,Khekada,Khekada,269,whole_village,False,False,Khekada,Nawapur,Nandurbar,525792,525792,100.0,dist+tal,14.091
MAHARASHTRA,Nashik,Baglan,Ajande,Ajande,270,whole_village,False,False,Ajande,Baglan,Nashik,550013,550013,100.0,dist+tal,2.865
MAHARASHTRA,Nashik,Baglan,Bhawade,Bhawade,271,whole_village,False,False,Bhawade,Baglan,Nashik,550104,550104,100.0,dist+tal,16.385
MAHARASHTRA,Nashik,Baglan,Bhimkhet,Bhimkhet,272,whole_village,False,False,Bhimkhet,Baglan,Nashik,550019,550019,100.0,dist+tal,9.029
MAHARASHTRA,Nashik,Baglan,Bhimnagar,Bhimnagar,273,whole_village,False,False,Bhimnagar,Baglan,Nashik,549988,549988,100.0,dist+tal,17.304
MAHARASHTRA,Nashik,Baglan,Bordaiwat,Bordaiwat,274,whole_village,False,False,Bordaiwat,Baglan,Nashik,550014,550014,100.0,dist+tal,9.618
MAHARASHTRA,Nashik,Baglan,Gandhinagar,Gandhinagar,275,whole_village,False,False,Gandhinagar,Baglan,Nashik,550099,550099,100.0,dist+tal,3.34
MAHARASHTRA,Nashik,Baglan,Golwad,Golwad,276,whole_village,False,False,Golwad,Baglan,Nashik,549986,549986,100.0,dist+tal,13.175
MAHARASHTRA,Nashik,Baglan,Jad,Jad,277,whole_village,False,False,Jad,Baglan,Nashik,550009,550009,100.0,dist+tal,4.024
MAHARASHTRA,Nashik,Baglan,Jakhod,Jakhod,278,whole_village,False,False,Jakhod,Baglan,Nashik,550077,550077,100.0,dist+tal,6.757
MAHARASHTRA,Nashik,Baglan,Kadyachamala,Kadyachamala,279,whole_village,False,False,Kadyachamala,Baglan,Nashik,550015,550015,100.0,dist+tal,1.101
MAHARASHTRA,Nashik,Baglan,Kelzar,Kelzar,280,whole_village,False,False,Kelzar,Baglan,Nashik,550109,550109,100.0,dist+tal,11.986
MAHARASHTRA,Nashik,Baglan,Malgaon Kh.,Malgaon Kh.,281,whole_village,False,False,Malgaon Kh,Baglan,Nashik,550105,550105,100.0,dist+tal,5.557
MAHARASHTRA,Nashik,Baglan,Manur,Manur,282,whole_village,False,False,Manur,Baglan,Nashik,550021,550021,100.0,dist+tal,30.574
MAHARASHTRA,Nashik,Baglan,Narkol,Narkol,283,whole_village,False,False,Narkol,Baglan,Nashik,550078,550078,100.0,dist+tal,6.659
MAHARASHTRA,Nashik,Baglan,Salher,Salher,284,whole_village,False,False,Salher,Baglan,Nashik,550020,550020,100.0,dist+tal,23.286
MAHARASHTRA,Nashik,Baglan,Salwan,Salwan,285,whole_village,False,False,Salwan,Baglan,Nashik,550101,550101,100.0,dist+tal,4.898
MAHARASHTRA,Nashik,Baglan,Tatani,Tatani,286,whole_village,False,False,Tatani,Baglan,Nashik,550110,550110,100.0,dist+tal,7.977
MAHARASHTRA,Nashik,Baglan,Vathode,Vathode,287,whole_village,False,False,Vathode,Baglan,Nashik,550098,550098,100.0,dist+tal,8.64
MAHARASHTRA,Nashik,Baglan,Wadi Chaulher,Wadi Chaulher,288,whole_village,False,False,Wadi Chaulher,Baglan,Nashik,550131,550131,100.0,dist+tal,5.387
MAHARASHTRA,Nashik,Baglan,Waghambe,Waghambe,289,whole_village,False,False,Waghambe,Baglan,Nashik,550018,550018,100.0,dist+tal,7.702
MAHARASHTRA,Nashik,Dindori,Dehare,Dehare,290,whole_village,False,False,Dehare,Dindori,Nashik,550518,550518,100.0,dist+tal,5.454
MAHARASHTRA,Nashik,Dindori,Deosane,Deosane,291,whole_village,False,False,Deosane,Dindori,Nashik,550577,550577,100.0,dist+tal,6.767
MAHARASHTRA,Nashik,Dindori,Goldari,Goldari,292,whole_village,False,False,Goldari,Dindori,Nashik,550617,550617,100.0,dist+tal,2.629
MAHARASHTRA,Nashik,Dindori,Mokhnal,Mokhnal,293,whole_village,False,False,Mokhnal,Dindori,Nashik,550517,550517,100.0,dist+tal,4.93
MAHARASHTRA,Nashik,Dindori,Palasvihir,Palasvihir,294,whole_village,False,False,Palasvihir,Dindori,Nashik,550593,550593,100.0,dist+tal,13.952
MAHARASHTRA,Nashik,Igatpuri,Bhandardarawadi,Bhandardarawadi,295,whole_village,False,False,Bhandardarawadi,Igatpuri,Nashik,551116,551116,100.0,dist+tal,10.789
MAHARASHTRA,Nashik,Igatpuri,Chinchale Khair,Chinchale Khair,296,whole_village,False,False,Chinchale Khair,Igatpuri,Nashik,551083,551083,100.0,dist+tal,16.325
MAHARASHTRA,Nashik,Igatpuri,Dhargaon,Dhargaon,297,whole_village,False,False,Dhargaon,Igatpuri,Nashik,551033,551033,100.0,dist+tal,18.136
MAHARASHTRA,Nashik,Igatpuri,Jamunde,Jamunde,298,whole_village,False,False,Jamunde,Igatpuri,Nashik,551104,551104,100.0,dist+tal,5.794
MAHARASHTRA,Nashik,Igatpuri,Kurungwadi,Kurungwadi,299,whole_village,False,False,Kurungwadi,Igatpuri,Nashik,551105,551105,100.0,dist+tal,15.057
MAHARASHTRA,Nashik,Igatpuri,Manjargaon,Manjargaon,300,whole_village,False,False,Manjargaon,Igatpuri,Nashik,551101,551101,100.0,dist+tal,6.522
MAHARASHTRA,Nashik,Igatpuri,Tringalwadi,Tringalwadi,301,whole_village,False,False,Tringalwadi,Igatpuri,Nashik,551078,551078,100.0,dist+tal,12.474
MAHARASHTRA,Nashik,Igatpuri,Walvihir,Walvihir,302,whole_village,False,False,Walvihir,Igatpuri,Nashik,551034,551034,100.0,dist+tal,17.297
MAHARASHTRA,Nashik,Kalwan,Amdar,Amdar,303,whole_village,False,False,Amdar,Kalwan,Nashik,549862,549862,100.0,dist+tal,4.874
MAHARASHTRA,Nashik,Kalwan,Bhandane (Hatgad),Bhandane (Hatgad),304,whole_village,False,False,Bhandane,Kalwan,Nashik,549801,549801,100.0,dist+tal,8.967
MAHARASHTRA,Nashik,Kalwan,Bhusani,Bhusani,305,whole_village,False,False,Bhusani,Kalwan,Nashik,549921,549921,100.0,dist+tal,6.453
MAHARASHTRA,Nashik,Kalwan,Chaphapada,Chaphapada,306,whole_village,False,False,Chaphapada,Kalwan,Nashik,549797,549797,100.0,dist+tal,5.154
MAHARASHTRA,Nashik,Kalwan,Dahyane (Otur),Dahyane (Otur),307,whole_village,False,False,Dahyane,Kalwan,Nashik,549920,549920,100.0,dist+tal,6.318
MAHARASHTRA,Nashik,Kalwan,Dare Bhanagi,Dare Bhanagi,308,whole_village,False,False,Dare Bhanagi,Kalwan,Nashik,549840,549840,100.0,dist+tal,13.156
MAHARASHTRA,Nashik,Kalwan,Daregaon Hatgad,Daregaon Hatgad,309,whole_village,False,False,Daregaon Hatgad,Kalwan,Nashik,549824,549824,100.0,dist+tal,3.139
MAHARASHTRA,Nashik,Kalwan,Daregaonwani,Daregaonwani,310,whole_village,False,False,Daregaonwani,Kalwan,Nashik,549905,549905,100.0,dist+tal,5.873
MAHARASHTRA,Nashik,Kalwan,Dhanoli,Dhanoli,311,whole_village,False,False,Dhanoli,Kalwan,Nashik,549798,549798,100.0,dist+tal,9.783
MAHARASHTRA,Nashik,Kalwan,Dharde Digar,Dharde Digar,312,whole_village,False,False,Dharde Digar,Kalwan,Nashik,549852,549852,100.0,dist+tal,6.715
MAHARASHTRA,Nashik,Kalwan,Inshi,Inshi,313,whole_village,False,False,Inshi,Kalwan,Nashik,549855,549855,100.0,dist+tal,7.815
MAHARASHTRA,Nashik,Kalwan,Jamle Pale,Jamle Pale,314,whole_village,False,False,Jamle Pale,Kalwan,Nashik,549806,549806,100.0,dist+tal,4.984
MAHARASHTRA,Nashik,Kalwan,Jamshet,Jamshet,315,whole_village,False,False,Jamshet,Kalwan,Nashik,549898,549898,100.0,dist+tal,4.158
MAHARASHTRA,Nashik,Kalwan,Karambhel Hatgad,Karambhel Hatgad,316,whole_village,False,False,Karambhel Hatgad,Kalwan,Nashik,549818,549818,100.0,dist+tal,1.569
MAHARASHTRA,Nashik,Kalwan,Kharde Digar,Kharde Digar,317,whole_village,False,False,Kharde Digar,Kalwan,Nashik,549785,549785,100.0,dist+tal,16.573
MAHARASHTRA,Nashik,Kalwan,Kosurde,Kosurde,318,whole_village,False,False,Kosurde,Kalwan,Nashik,549821,549821,100.0,dist+tal,3.719
MAHARASHTRA,Nashik,Kalwan,Koswan,Koswan,319,whole_village,False,False,Koswan,Kalwan,Nashik,549790,549790,100.0,dist+tal,17.52
MAHARASHTRA,Nashik,Kalwan,Kurdane (Otur),Kurdane (Otur),320,whole_village,False,False,Kurdane,Kalwan,Nashik,549927,549927,100.0,dist+tal,9.921
MAHARASHTRA,Nashik,Kalwan,Machidhodap,Machidhodap,321,whole_village,False,False,Machidhodap,Kalwan,Nashik,549933,549933,100.0,dist+tal,9.95
MAHARASHTRA,Nashik,Kalwan,Malagaon Bk.,Malagaon Bk.,322,whole_village,False,False,Malagaon Kh,Kalwan,Nashik,549836,549836,100.0,dist+tal,6.009
MAHARASHTRA,Nashik,Kalwan,Mehadar,Mehadar,323,whole_village,False,False,Mehadar,Kalwan,Nashik,549932,549932,100.0,dist+tal,6.086
MAHARASHTRA,Nashik,Kalwan,Mohobari,Mohobari,324,whole_village,False,False,Mohobari,Kalwan,Nashik,549854,549854,100.0,dist+tal,5.22
MAHARASHTRA,Nashik,Kalwan,Padgan,Padgan,325,whole_village,False,False,Padgan,Kalwan,Nashik,549851,549851,100.0,dist+tal,3.429
MAHARASHTRA,Nashik,Kalwan,Pimpri Markanda,Pimpri Markanda,326,whole_village,False,False,Pimpri Markanda,Kalwan,Nashik,549925,549925,100.0,dist+tal,9.106
MAHARASHTRA,Nashik,Kalwan,Punad Nagar,Punad Nagar,327,whole_village,False,False,Punad Nagar,Kalwan,Nashik,549784,549784,100.0,dist+tal,20.867
MAHARASHTRA,Nashik,Kalwan,Saptashrungagad,Saptashrungagad,328,whole_village,False,False,Saptashrungagad,Kalwan,Nashik,549906,549906,100.0,dist+tal,5.159
MAHARASHTRA,Nashik,Kalwan,Shiv-Bhandane,Shiv-Bhandane,329,whole_village,False,False,Shiv Bhandane,Kalwan,Nashik,549805,549805,100.0,dist+tal,1.328
MAHARASHTRA,Nashik,Kalwan,Shrungarwadi,Shrungarwadi,330,whole_village,False,False,Shrungarwadi,Kalwan,Nashik,549827,549827,100.0,dist+tal,4.087
MAHARASHTRA,Nashik,Kalwan,Sidharthanagar,Sidharthanagar,331,whole_village,False,False,Sidharthanagar,Kalwan,Nashik,549830,549830,100.0,dist+tal,1.45
MAHARASHTRA,Nashik,Kalwan,Supale Digar,Supale Digar,332,whole_village,False,False,Supale Digar,Kalwan,Nashik,549787,549787,100.0,dist+tal,7.992
MAHARASHTRA,Nashik,Kalwan,Umbardhe,Umbardhe,333,whole_village,False,False,Umbardhe,Kalwan,Nashik,549786,549786,100.0,dist+tal,7.403
MAHARASHTRA,Nashik,Kalwan,Virshet,Virshet,334,whole_village,False,False,Virshet,Kalwan,Nashik,549796,549796,100.0,dist+tal,6.658
MAHARASHTRA,Nashik,Kalwan,Wadale[Wani],Wadale[Wani],335,whole_village,False,False,Wadale Wani,Kalwan,Nashik,549931,549931,100.0,dist+tal,9.035
MAHARASHTRA,Nashik,Peth,Abasa,Abasa,336,whole_village,False,False,Abasa,Peth,Nashik,550694,550694,100.0,dist+tal,1.09
MAHARASHTRA,Nashik,Peth,Ambapani,Ambapani,337,whole_village,False,False,Ambapani,Peth,Nashik,550751,550751,100.0,dist+tal,2.574
MAHARASHTRA,Nashik,Peth,Amdongra,Amdongra,338,whole_village,False,False,Amdongra,Peth,Nashik,550683,550683,100.0,dist+tal,1.634
MAHARASHTRA,Nashik,Peth,Andhrute,Andhrute,339,whole_village,False,False,Andhrute,Peth,Nashik,550742,550742,100.0,dist+tal,5.224
MAHARASHTRA,Nashik,Peth,Belpada,Belpada,340,whole_village,False,False,Belpada,Peth,Nashik,550744,550744,100.0,dist+tal,2.094
MAHARASHTRA,Nashik,Peth,Bhoradha,Bhoradha,341,whole_village,False,False,Bhoradha,Peth,Nashik,550695,550695,100.0,dist+tal,1.704
MAHARASHTRA,Nashik,Peth,Borichibari,Borichibari,342,whole_village,False,False,Borichibari,Peth,Nashik,550722,550722,100.0,dist+tal,6.643
MAHARASHTRA,Nashik,Peth,Borpada,Borpada,343,whole_village,False,False,Borpada,Peth,Nashik,550763,550763,100.0,dist+tal,2.139
MAHARASHTRA,Nashik,Peth,Chafyachapada,Chafyachapada,344,whole_village,False,False,Chafyachapada,Peth,Nashik,550752,550752,100.0,dist+tal,5.229
MAHARASHTRA,Nashik,Peth,Chikadi,Chikadi,345,whole_village,False,False,Chikadi,Peth,Nashik,550792,550792,100.0,dist+tal,2.664
MAHARASHTRA,Nashik,Peth,Dabhadi,Dabhadi,346,whole_village,False,False,Dabhadi,Peth,Nashik,550692,550692,100.0,dist+tal,2.225
MAHARASHTRA,Nashik,Peth,Derapada,Derapada,347,whole_village,False,False,Derapada,Peth,Nashik,550721,550721,100.0,dist+tal,1.436
MAHARASHTRA,Nashik,Peth,Devivchamal,Devivchamal,348,whole_village,False,False,Devivchamal,Peth,Nashik,550790,550790,100.0,dist+tal,1.901
MAHARASHTRA,Nashik,Peth,Gandole,Gandole,349,whole_village,False,False,Gandole,Peth,Nashik,550675,550675,100.0,dist+tal,12.141
MAHARASHTRA,Nashik,Peth,Garmal,Garmal,350,whole_village,False,False,Garmal,Peth,Nashik,550743,550743,100.0,dist+tal,2.866
MAHARASHTRA,Nashik,Peth,Homepada,Homepada,351,whole_village,False,False,Homepada,Peth,Nashik,550794,550794,100.0,dist+tal,1.964
MAHARASHTRA,Nashik,Peth,Jambhulmal,Jambhulmal,352,whole_village,False,False,Jambhulmal,Peth,Nashik,550754,550754,100.0,dist+tal,3.682
MAHARASHTRA,Nashik,Peth,Kahandolpada,Kahandolpada,353,whole_village,False,False,Kahandolpada,Peth,Nashik,550758,550758,100.0,dist+tal,3.654
MAHARASHTRA,Nashik,Peth,Kapurne,Kapurne,354,whole_village,False,False,Kapurne,Peth,Nashik,550685,550685,100.0,dist+tal,3.563
MAHARASHTRA,Nashik,Peth,Kasatvihir,Kasatvihir,355,whole_village,False,False,Kasatvihir,Peth,Nashik,550753,550753,100.0,dist+tal,3.074
MAHARASHTRA,Nashik,Peth,Kayare,Kayare,356,whole_village,False,False,Kayare,Peth,Nashik,550716,550716,100.0,dist+tal,17.39
MAHARASHTRA,Nashik,Peth,Kel Vihir,Kel Vihir,357,whole_village,False,False,Kelvihir,Peth,Nashik,550723,550723,100.0,dist+tal,0.987
MAHARASHTRA,Nashik,Peth,Khadki,Khadki,358,whole_village,False,False,Khadki,Peth,Nashik,550760,550760,100.0,dist+tal,4.393
MAHARASHTRA,Nashik,Peth,Kumbhale,Kumbhale,359,whole_village,False,False,Kumbhale,Peth,Nashik,550720,550720,100.0,dist+tal,8.627
MAHARASHTRA,Nashik,Peth,Lavhali,Lavhali,360,whole_village,False,False,Lavhali,Peth,Nashik,550726,550726,100.0,dist+tal,1.899
MAHARASHTRA,Nashik,Peth,Murmuti,Murmuti,361,whole_village,False,False,Murmuti,Peth,Nashik,550807,550807,100.0,dist+tal,1.555
MAHARASHTRA,Nashik,Peth,Nachlondhi,Nachlondhi,362,whole_village,False,False,Nachlondhi,Peth,Nashik,550788,550788,100.0,dist+tal,2.762
MAHARASHTRA,Nashik,Peth,Patharpada,Patharpada,363,whole_village,False,False,Patharpada,Peth,Nashik,550791,550791,100.0,dist+tal,1.332
MAHARASHTRA,Nashik,Peth,Sadapada,Sadapada,364,whole_village,False,False,Sadadpada,Peth,Nashik,550693,550693,94.1,dist+tal,15.826
MAHARASHTRA,Nashik,Peth,Sadadpada,Sadadpada,365,whole_village,False,False,Sadadpada,Peth,Nashik,550725,550725,100.0,dist+tal,1.427
MAHARASHTRA,Nashik,Peth,Sawarna,Sawarna,366,whole_village,False,False,Sawarna,Peth,Nashik,550717,550717,100.0,dist+tal,1.715
MAHARASHTRA,Nashik,Peth,Tondawal,Tondawal,367,whole_village,False,False,Tondawal,Peth,Nashik,550741,550741,100.0,dist+tal,2.598
MAHARASHTRA,Nashik,Peth,Umbrad,Umbrad,368,whole_village,False,False,Umbrad,Peth,Nashik,550759,550759,100.0,dist+tal,6.554
MAHARASHTRA,Nashik,Peth,Wadpada,Wadpada,369,whole_village,False,False,Wadpada,Peth,Nashik,550793,550793,100.0,dist+tal,5.19
MAHARASHTRA,Nashik,Peth,Wazvad,Wazvad,370,whole_village,False,False,Wazvad,Peth,Nashik,550789,550789,100.0,dist+tal,3.232
MAHARASHTRA,Nashik,Sinnar,Gulvanch,Gulvanch,371,whole_village,False,False,Gulvanch,Sinnar,Nashik,551174,551174,100.0,dist+tal,32.891
MAHARASHTRA,Nashik,Sinnar,Kedarpur,Kedarpur,372,whole_village,False,False,Kedarpur,Sinnar,Nashik,551156,551156,100.0,dist+tal,2.738
MAHARASHTRA,Nashik,Sinnar,Khopadi Bk.,Khopadi Bk.,373,whole_village,False,False,Khopadi Kh,Sinnar,Nashik,551191,551191,100.0,dist+tal,7.456
MAHARASHTRA,Nashik,Sinnar,Khopadi Kh.,Khopadi Kh.,374,whole_village,False,False,Khopadi Bk,Sinnar,Nashik,551188,551188,100.0,dist+tal,8.141
MAHARASHTRA,Nashik,Sinnar,Shahapur,Shahapur,375,whole_village,False,False,Shahapur,Sinnar,Nashik,551157,551157,100.0,dist+tal,2.618
MAHARASHTRA,Nashik,Surgana,Amzar,Amzar,376,whole_village,False,False,Amzar,Surgana,Nashik,549625,549625,100.0,dist+tal,5.108
MAHARASHTRA,Nashik,Surgana,Bendwal,Bendwal,377,whole_village,False,False,Bendwal,Surgana,Nashik,549721,549721,100.0,dist+tal,2.82
MAHARASHTRA,Nashik,Surgana,Bhati,Bhati,378,whole_village,False,False,Bhati,Surgana,Nashik,549760,549760,100.0,dist+tal,1.162
MAHARASHTRA,Nashik,Surgana,Bhawada,Bhawada,379,whole_village,False,False,Bhawada,Surgana,Nashik,549722,549722,100.0,dist+tal,2.299
MAHARASHTRA,Nashik,Surgana,Bhenshet,Bhenshet,380,whole_village,False,False,Bhenshet,Surgana,Nashik,549757,549757,100.0,dist+tal,3.485
MAHARASHTRA,Nashik,Surgana,Dangrale,Dangrale,381,whole_village,False,False,Dangrale,Surgana,Nashik,549715,549715,100.0,dist+tal,14.088
MAHARASHTRA,Nashik,Surgana,Deogaon,Deogaon,382,whole_village,False,False,Deogaon,Surgana,Nashik,549603,549603,100.0,dist+tal,1.669
MAHARASHTRA,Nashik,Surgana,Dolhare,Dolhare,383,whole_village,False,False,Dolhare,Surgana,Nashik,549624,549624,100.0,dist+tal,5.475
MAHARASHTRA,Nashik,Surgana,Galbari,Galbari,384,whole_village,False,False,Galbari,Surgana,Nashik,549611,549611,100.0,dist+tal,3.315
MAHARASHTRA,Nashik,Surgana,Gondune,Gondune,385,whole_village,False,False,Gondune,Surgana,Nashik,549597,549597,100.0,dist+tal,3.424
MAHARASHTRA,Nashik,Surgana,Gopalnagar,Gopalnagar,386,whole_village,False,False,Gopalnagar,Surgana,Nashik,549630,549630,100.0,dist+tal,3.965
MAHARASHTRA,Nashik,Surgana,Guhijambhulpada,Guhijambhulpada,387,whole_village,False,False,Guhijambhulpada,Surgana,Nashik,549618,549618,100.0,dist+tal,10.015
MAHARASHTRA,Nashik,Surgana,Kahandolpada,Kahandolpada,388,whole_village,False,False,Kahandolpada,Surgana,Nashik,549759,549759,100.0,dist+tal,0.921
MAHARASHTRA,Nashik,Surgana,Karanjul,Karanjul,389,whole_village,False,False,Karanjulkelwan,Surgana,Nashik,549612,549612,100.0,dist+tal,9.134
MAHARASHTRA,Nashik,Surgana,Karanjul (Kelwan),Karanjul (Kelwan),390,whole_village,False,False,Karanjul,Surgana,Nashik,549724,549724,100.0,dist+tal,5.697
MAHARASHTRA,Nashik,Surgana,Karanjul Surgana,Karanjul Surgana,391,whole_village,False,False,Karanjul Surgana,Surgana,Nashik,549637,549637,100.0,dist+tal,5.501
MAHARASHTRA,Nashik,Surgana,Karwande,Karwande,392,whole_village,False,False,Karwande,Surgana,Nashik,549654,549654,100.0,dist+tal,3.782
MAHARASHTRA,Nashik,Surgana,Kathipada,Kathipada,393,whole_village,False,False,Kathipada,Surgana,Nashik,549631,549631,100.0,dist+tal,11.099
MAHARASHTRA,Nashik,Surgana,Khirdi,Khirdi,394,whole_village,False,False,Khirdi,Surgana,Nashik,549761,549761,100.0,dist+tal,12.493
MAHARASHTRA,Nashik,Surgana,Khobale Digar,Khobale Digar,395,whole_village,False,False,Khobale Digar,Surgana,Nashik,549758,549758,100.0,dist+tal,5.837
MAHARASHTRA,Nashik,Surgana,Khokarvihir,Khokarvihir,396,whole_village,False,False,Khokarvihir,Surgana,Nashik,549762,549762,100.0,dist+tal,13.953
MAHARASHTRA,Nashik,Surgana,Khuntavihir,Khuntavihir,397,whole_village,False,False,Khuntavihir,Surgana,Nashik,549608,549608,100.0,dist+tal,4.116
MAHARASHTRA,Nashik,Surgana,Kotamba,Kotamba,398,whole_village,False,False,Kotamba,Surgana,Nashik,549765,549765,100.0,dist+tal,2.597
MAHARASHTRA,Nashik,Surgana,Kothule,Kothule,399,whole_village,False,False,Kothule,Surgana,Nashik,549628,549628,100.0,dist+tal,8.047
MAHARASHTRA,Nashik,Surgana,Malgonde,Malgonde,401,whole_village,False,False,Malgonde,Surgana,Nashik,549607,549607,100.0,dist+tal,1.677
MAHARASHTRA,Nashik,Surgana,Merdand,Merdand,402,whole_village,False,False,Merdand,Surgana,Nashik,549679,549679,100.0,dist+tal,5.032
MAHARASHTRA,Nashik,Surgana,Mohapada,Mohapada,403,whole_village,False,False,Mohapada,Surgana,Nashik,549609,549609,100.0,dist+tal,2.661
MAHARASHTRA,Nashik,Surgana,Mothamal,Mothamal,404,whole_village,False,False,Mothamal,Surgana,Nashik,549686,549686,100.0,dist+tal,3.968
MAHARASHTRA,Nashik,Surgana,Murumdari,Murumdari,405,whole_village,False,False,Murumdari,Surgana,Nashik,549738,549738,100.0,dist+tal,4.435
MAHARASHTRA,Nashik,Surgana,Nimbarpada,Nimbarpada,406,whole_village,False,False,Nimbarpada,Surgana,Nashik,549621,549621,100.0,dist+tal,3.022
MAHARASHTRA,Nashik,Surgana,Pangarne,Pangarne,407,whole_village,False,False,Pangarne,Surgana,Nashik,549604,549604,100.0,dist+tal,1.807
MAHARASHTRA,Nashik,Surgana,Patali,Patali,408,whole_village,False,False,Patali,Surgana,Nashik,549667,549667,100.0,dist+tal,0.675
MAHARASHTRA,Nashik,Surgana,Pilukpada,Pilukpada,409,whole_village,False,False,Pilukpada,Surgana,Nashik,549713,549713,100.0,dist+tal,6.522
MAHARASHTRA,Nashik,Surgana,Pimpalsond,Pimpalsond,410,whole_village,False,False,Pimpalsond,Surgana,Nashik,549606,549606,100.0,dist+tal,13.683
MAHARASHTRA,Nashik,Surgana,Rakshasbhuvan,Rakshasbhuvan,411,whole_village,False,False,Rakshasbhuvan,Surgana,Nashik,549723,549723,100.0,dist+tal,4.787
MAHARASHTRA,Nashik,Surgana,Ranjune,Ranjune,412,whole_village,False,False,Ranjune,Surgana,Nashik,549598,549598,100.0,dist+tal,1.149
MAHARASHTRA,Nashik,Surgana,Ranvihir,Ranvihir,413,whole_village,False,False,Ranvihir,Surgana,Nashik,549610,549610,100.0,dist+tal,1.484
MAHARASHTRA,Nashik,Surgana,Rasha,Rasha,414,whole_village,False,False,Rasha,Surgana,Nashik,549619,549619,100.0,dist+tal,6.42
MAHARASHTRA,Nashik,Surgana,Shribhuvan,Shribhuvan,415,whole_village,False,False,Shribhuvan,Surgana,Nashik,549685,549685,100.0,dist+tal,18.351
MAHARASHTRA,Nashik,Surgana,Shrirampur,Shrirampur,416,whole_village,False,False,Shrirampur,Surgana,Nashik,549639,549639,100.0,dist+tal,3.616
MAHARASHTRA,Nashik,Surgana,Sundarban,Sundarban,417,whole_village,False,False,Sundarban,Surgana,Nashik,549614,549614,100.0,dist+tal,5.871
MAHARASHTRA,Nashik,Surgana,Udaldari,Udaldari,418,whole_village,False,False,Udaldari,Surgana,Nashik,549636,549636,100.0,dist+tal,6.168
MAHARASHTRA,Nashik,Surgana,Umbarde,Umbarde,419,whole_village,False,False,Umbarde M,Surgana,Nashik,549684,549684,100.0,dist+tal,5.56
MAHARASHTRA,Nashik,Surgana,Undohal,Undohal,420,whole_village,False,False,Undohal,Surgana,Nashik,549754,549754,100.0,dist+tal,6.486
MAHARASHTRA,Nashik,Surgana,Vijaynagar,Vijaynagar,421,whole_village,False,False,Vijaynagar,Surgana,Nashik,549638,549638,100.0,dist+tal,3.578
MAHARASHTRA,Nashik,Surgana,Waghadi,Waghadi,422,whole_village,False,False,Waghadi,Surgana,Nashik,549729,549729,100.0,dist+tal,2.26
MAHARASHTRA,Nashik,Surgana,Walutzira,Walutzira,423,whole_village,False,False,Walutzira,Surgana,Nashik,549641,549641,100.0,dist+tal,4.817
MAHARASHTRA,Nashik,Surgana,Wangan,Wangan,424,whole_village,False,False,Wangan,Surgana,Nashik,549605,549605,100.0,dist+tal,6.128
MAHARASHTRA,Nashik,Surgana,Wangan Sule,Wangan Sule,425,whole_village,False,False,Wangan Sule,Surgana,Nashik,549718,549718,100.0,dist+tal,6.515
MAHARASHTRA,Nashik,Surgana,Warambhe,Warambhe,426,whole_village,False,False,Warambhe,Surgana,Nashik,549782,549782,100.0,dist+tal,5.531
MAHARASHTRA,Nashik,Trimbakeshwar,Ambai,Ambai,427,whole_village,False,False,Ambai,Trimbakeshwar,Nashik,550906,550906,100.0,dist+tal,11.263
MAHARASHTRA,Nashik,Trimbakeshwar,Behedpada,Behedpada,428,whole_village,False,False,Behedpada,Trimbakeshwar,Nashik,550828,550828,100.0,dist+tal,3.426
MAHARASHTRA,Nashik,Trimbakeshwar,Belpali,Belpali,429,whole_village,False,False,Belpali,Trimbakeshwar,Nashik,550845,550845,100.0,dist+tal,2.084
MAHARASHTRA,Nashik,Trimbakeshwar,Berwal,Berwal,430,whole_village,False,False,Berwal,Trimbakeshwar,Nashik,550855,550855,100.0,dist+tal,7.771
MAHARASHTRA,Nashik,Trimbakeshwar,Boripada,Boripada,431,whole_village,False,False,Boripada,Trimbakeshwar,Nashik,550827,550827,100.0,dist+tal,1.187
MAHARASHTRA,Nashik,Trimbakeshwar,Chinch Ohol,Chinch Ohol,432,whole_village,False,False,Chinch Ohol,Trimbakeshwar,Nashik,550824,550824,100.0,dist+tal,5.14
MAHARASHTRA,Nashik,Trimbakeshwar,Chinchwad,Chinchwad,433,whole_village,False,False,Chinchwad,Trimbakeshwar,Nashik,550843,550843,100.0,dist+tal,5.345
MAHARASHTRA,Nashik,Trimbakeshwar,Chokore,Chokore,434,whole_village,False,False,Chokore,Trimbakeshwar,Nashik,550912,550912,100.0,dist+tal,7.058
MAHARASHTRA,Nashik,Trimbakeshwar,Chourapada,Chourapada,435,whole_village,False,False,Chourapada,Trimbakeshwar,Nashik,550862,550862,100.0,dist+tal,4.737
MAHARASHTRA,Nashik,Trimbakeshwar,Dahalewadi,Dahalewadi,436,whole_village,False,False,Dahalewadi,Trimbakeshwar,Nashik,550926,550926,100.0,dist+tal,2.998
MAHARASHTRA,Nashik,Trimbakeshwar,Deola,Deola,437,whole_village,False,False,Deola,Trimbakeshwar,Nashik,550875,550875,100.0,dist+tal,7.255
MAHARASHTRA,Nashik,Trimbakeshwar,Dol Ohol,Dol Ohol,438,whole_village,False,False,Dol Ohol,Trimbakeshwar,Nashik,550825,550825,100.0,dist+tal,11.517
MAHARASHTRA,Nashik,Trimbakeshwar,Garmal,Garmal,439,whole_village,False,False,Garmal,Trimbakeshwar,Nashik,550856,550856,100.0,dist+tal,4.456
MAHARASHTRA,Nashik,Trimbakeshwar,Ghytipada,Ghytipada,440,whole_village,False,False,Ghytipada,Trimbakeshwar,Nashik,550858,550858,100.0,dist+tal,7.179
MAHARASHTRA,Nashik,Trimbakeshwar,Harshewadi,Harshewadi,441,whole_village,False,False,Harshewadi,Trimbakeshwar,Nashik,550921,550921,100.0,dist+tal,4.318
MAHARASHTRA,Nashik,Trimbakeshwar,Hatlondhi,Hatlondhi,442,whole_village,False,False,Hatlondhi,Trimbakeshwar,Nashik,550849,550849,100.0,dist+tal,3.743
MAHARASHTRA,Nashik,Trimbakeshwar,Jategaon Bk.,Jategaon Bk.,443,whole_village,False,False,Jategaon Bk,Trimbakeshwar,Nashik,550841,550841,100.0,dist+tal,8.108
MAHARASHTRA,Nashik,Trimbakeshwar,Kacharpada,Kacharpada,444,whole_village,False,False,Kacharpada,Trimbakeshwar,Nashik,550876,550876,100.0,dist+tal,3.533
MAHARASHTRA,Nashik,Trimbakeshwar,Kachurli,Kachurli,445,whole_village,False,False,Kachurli,Trimbakeshwar,Nashik,550907,550907,100.0,dist+tal,7.848
MAHARASHTRA,Nashik,Trimbakeshwar,Kadegahan,Kadegahan,446,whole_village,False,False,Kadegahan,Trimbakeshwar,Nashik,550853,550853,100.0,dist+tal,0.524
MAHARASHTRA,Nashik,Trimbakeshwar,Kalmuste,Kalmuste,447,whole_village,False,False,Kalmuste,Trimbakeshwar,Nashik,550919,550919,100.0,dist+tal,11.049
MAHARASHTRA,Nashik,Trimbakeshwar,Karanj Jali,Karanj Jali,448,whole_village,False,False,Karanjali,Dindori,Nashik,550589,550589,100.0,dist,6.311
MAHARASHTRA,Nashik,Trimbakeshwar,Khadakohol,Khadakohol,449,whole_village,False,False,Khadakohol,Trimbakeshwar,Nashik,550852,550852,100.0,dist+tal,10.338
MAHARASHTRA,Nashik,Trimbakeshwar,Koriwaz,Koriwaz,450,whole_village,False,False,Khoripada,Trimbakeshwar,Nashik,550842,550842,100.0,dist+tal,3.965
MAHARASHTRA,Nashik,Trimbakeshwar,Koulpondha,Koulpondha,451,whole_village,False,False,Koulpondha,Trimbakeshwar,Nashik,550857,550857,100.0,dist+tal,6.452
MAHARASHTRA,Nashik,Trimbakeshwar,Mahadeo Nagar,Mahadeo Nagar,452,whole_village,False,False,Mahadeo Nagar,Trimbakeshwar,Nashik,550878,550878,100.0,dist+tal,5.442
MAHARASHTRA,Nashik,Trimbakeshwar,Met Yelyachi,Met Yelyachi,453,whole_village,False,False,Met Yelyachi,Trimbakeshwar,Nashik,550944,550944,100.0,dist+tal,0.827
MAHARASHTRA,Nashik,Trimbakeshwar,Metghar Killa,Metghar Killa,454,whole_village,False,False,Metghar Killa,Trimbakeshwar,Nashik,550917,550917,100.0,dist+tal,8.775
MAHARASHTRA,Nashik,Trimbakeshwar,Metkawara,Metkawara,455,whole_village,False,False,Metkawara,Trimbakeshwar,Nashik,550892,550892,100.0,dist+tal,1.218
MAHARASHTRA,Nashik,Trimbakeshwar,Mulvad,Mulvad,456,whole_village,False,False,Mulvad,Trimbakeshwar,Nashik,550859,550859,100.0,dist+tal,7.383
MAHARASHTRA,Nashik,Trimbakeshwar,Nandgaon,Nandgaon,457,whole_village,False,False,Nandgaon,Trimbakeshwar,Nashik,550890,550890,100.0,dist+tal,13.11
MAHARASHTRA,Nashik,Trimbakeshwar,Ozar Khed,Ozar Khed,458,whole_village,False,False,Ozar Khed,Trimbakeshwar,Nashik,550854,550854,100.0,dist+tal,13.086
MAHARASHTRA,Nashik,Trimbakeshwar,Pahine,Pahine,459,whole_village,False,False,Pahine,Trimbakeshwar,Nashik,550931,550931,100.0,dist+tal,9.667
MAHARASHTRA,Nashik,Trimbakeshwar,Rajivnagar,Rajivnagar,460,whole_village,False,False,Rajivnagar,Trimbakeshwar,Nashik,550850,550850,100.0,dist+tal,3.16
MAHARASHTRA,Nashik,Trimbakeshwar,Rautmal,Rautmal,461,whole_village,False,False,Rautmal,Trimbakeshwar,Nashik,550870,550870,100.0,dist+tal,3.889
MAHARASHTRA,Nashik,Trimbakeshwar,Rayate,Rayate,462,whole_village,False,False,Rayate,Trimbakeshwar,Nashik,550864,550864,100.0,dist+tal,11.846
MAHARASHTRA,Nashik,Trimbakeshwar,Sawarpada,Sawarpada,463,whole_village,False,False,Sawarpada,Trimbakeshwar,Nashik,550830,550830,100.0,dist+tal,2.583
MAHARASHTRA,Nashik,Trimbakeshwar,Shindpada,Shindpada,464,whole_village,False,False,Shindpada,Trimbakeshwar,Nashik,550826,550826,100.0,dist+tal,4.501
MAHARASHTRA,Nashik,Trimbakeshwar,Take Deogaon,Take Deogaon,465,whole_village,False,False,Take Deogaon,Trimbakeshwar,Nashik,550943,550943,100.0,dist+tal,20.005
MAHARASHTRA,Nashik,Trimbakeshwar,Take Harsha,Take Harsha,466,whole_village,False,False,Take Harsha,Trimbakeshwar,Nashik,550925,550925,100.0,dist+tal,12.57
MAHARASHTRA,Nashik,Trimbakeshwar,Umbharande,Umbharande,467,whole_village,False,False,Umbharande,Trimbakeshwar,Nashik,550920,550920,100.0,dist+tal,5.634
MAHARASHTRA,Nashik,Trimbakeshwar,Varasvihir,Varasvihir,468,whole_village,False,False,Varasvihir,Trimbakeshwar,Nashik,550889,550889,100.0,dist+tal,9.155
MAHARASHTRA,Nashik,Trimbakeshwar,Vatakapada,Vatakapada,469,whole_village,False,False,Vatakapada,Trimbakeshwar,Nashik,550874,550874,100.0,dist+tal,8.618
MAHARASHTRA,Nashik,Trimbakeshwar,Walan,Walan,470,whole_village,False,False,Walan,Trimbakeshwar,Nashik,550861,550861,100.0,dist+tal,2.806
MAHARASHTRA,Nashik,Trimbakeshwar,Waygholpada,Waygholpada,471,whole_village,False,False,Waygholpada,Trimbakeshwar,Nashik,550844,550844,100.0,dist+tal,5.597
MAHARASHTRA,Nashik,Trimbakeshwar,Welunje,Welunje,472,whole_village,False,False,Welunje,Trimbakeshwar,Nashik,550893,550893,100.0,dist+tal,18.882
MAHARASHTRA,Palghar,Jawhar,Aine,Aine,473,whole_village,False,False,Aine,Jawhar,Palghar,551951,551951,100.0,dist+tal,8.344
MAHARASHTRA,Palghar,Jawhar,Akare,Akare,474,whole_village,False,False,Vp Aakare,Jawhar,Palghar,551893,551893,100.0,dist+tal,13.52
MAHARASHTRA,Palghar,Jawhar,Alyachimet,Alyachimet,475,whole_village,False,False,Alyachimet,Jawhar,Palghar,551889,551889,100.0,dist+tal,3.225
MAHARASHTRA,Palghar,Jawhar,Bopdari,Bopdari,476,whole_village,False,False,Bopdari,Jawhar,Palghar,551846,551846,100.0,dist+tal,10.914
MAHARASHTRA,Palghar,Jawhar,Chambharshet,Chambharshet,477,whole_village,False,False,Chambharshet,Jawhar,Palghar,551874,551874,100.0,dist+tal,7.812
MAHARASHTRA,Palghar,Jawhar,Chauk,Chauk,478,whole_village,False,False,Chauk,Jawhar,Palghar,551948,551948,100.0,dist+tal,9.39
MAHARASHTRA,Palghar,Jawhar,Dadhari,Dadhari,479,whole_village,False,False,Dhadhari,Jawhar,Palghar,551860,551860,100.0,dist+tal,3.496
MAHARASHTRA,Palghar,Jawhar,Dahul,Dahul,480,whole_village,False,False,Dahul,Jawhar,Palghar,551849,551849,100.0,dist+tal,3.228
MAHARASHTRA,Palghar,Jawhar,Dengachimet,Dengachimet,481,whole_village,False,False,Dengachimet,Jawhar,Palghar,551911,551911,100.0,dist+tal,6.121
MAHARASHTRA,Palghar,Jawhar,Dongarwadi,Dongarwadi,482,whole_village,False,False,Dongarwadi,Jawhar,Palghar,551946,551946,100.0,dist+tal,10.009
MAHARASHTRA,Palghar,Jawhar,Garadwadi,Garadwadi,483,whole_village,False,False,Garadwadi,Jawhar,Palghar,551916,551916,100.0,dist+tal,7.913
MAHARASHTRA,Palghar,Jawhar,Hade,Hade,484,whole_village,False,False,Hade,Jawhar,Palghar,551908,551908,100.0,dist+tal,7.288
MAHARASHTRA,Palghar,Jawhar,Hateri,Hateri,485,whole_village,False,False,Hateri,Jawhar,Palghar,551885,551885,100.0,dist+tal,12.033
MAHARASHTRA,Palghar,Jawhar,Jambhulmaya,Jambhulmaya,486,whole_village,False,False,Vp Jambhulmatha,Jawhar,Palghar,551861,551861,100.0,dist+tal,1.749
MAHARASHTRA,Palghar,Jawhar,Juni Jawhar,Juni Jawhar,487,whole_village,False,False,Juni Jawhar,Jawhar,Palghar,551931,551931,100.0,dist+tal,6.679
MAHARASHTRA,Palghar,Jawhar,Kadachimet,Kadachimet,488,whole_village,False,False,Kadachimet,Jawhar,Palghar,551936,551936,100.0,dist+tal,3.84
MAHARASHTRA,Palghar,Jawhar,Kardhan,Kardhan,489,whole_village,False,False,Kardhan,Jawhar,Palghar,551909,551909,100.0,dist+tal,1.772
MAHARASHTRA,Palghar,Jawhar,Kaulale,Kaulale,490,whole_village,False,False,Kaulale,Jawhar,Palghar,551939,551939,100.0,dist+tal,6.678
MAHARASHTRA,Palghar,Jawhar,Kharonda,Kharonda,491,whole_village,False,False,Kharonda,Jawhar,Palghar,551872,551872,100.0,dist+tal,15.889
MAHARASHTRA,Palghar,Jawhar,Khidse,Khidse,492,whole_village,False,False,Khidse,Jawhar,Palghar,551950,551950,100.0,dist+tal,5.431
MAHARASHTRA,Palghar,Jawhar,Kogade,Kogade,493,whole_village,False,False,Vp Kogada,Jawhar,Palghar,551890,551890,100.0,dist+tal,2.776
MAHARASHTRA,Palghar,Jawhar,Malghar,Malghar,494,whole_village,False,False,Malghar,Jawhar,Palghar,551863,551863,100.0,dist+tal,1.374
MAHARASHTRA,Palghar,Jawhar,Manmohadi,Manmohadi,495,whole_village,False,False,Manmohadi,Jawhar,Palghar,551952,551952,100.0,dist+tal,1.907
MAHARASHTRA,Palghar,Jawhar,Medhe,Medhe,496,whole_village,False,False,Medhe,Jawhar,Palghar,551949,551949,100.0,dist+tal,4.572
MAHARASHTRA,Palghar,Jawhar,Morchachapada,Morchachapada,497,whole_village,False,False,Morchachapada,Jawhar,Palghar,551870,551870,100.0,dist+tal,1.432
MAHARASHTRA,Palghar,Jawhar,Nandgaon,Nandgaon,498,whole_village,False,False,Nandgaon,Jawhar,Palghar,551942,551942,100.0,dist+tal,8.076
MAHARASHTRA,Palghar,Jawhar,Ozar,Ozar,499,whole_village,False,False,Ozar,Jawhar,Palghar,551855,551855,100.0,dist+tal,9.378
MAHARASHTRA,Palghar,Jawhar,Palshin,Palshin,500,whole_village,False,False,Palshin,Jawhar,Palghar,551876,551876,100.0,dist+tal,7.069
MAHARASHTRA,Palghar,Jawhar,Pimpalshet,Pimpalshet,501,whole_village,False,False,Pimpalshet,Jawhar,Palghar,551875,551875,100.0,dist+tal,5.72
MAHARASHTRA,Palghar,Jawhar,Tilonde,Tilonde,502,whole_village,False,False,Tilonde,Jawhar,Palghar,551873,551873,100.0,dist+tal,11.778
MAHARASHTRA,Palghar,Jawhar,Tuljapur (N.V.),Tuljapur (N.V.),503,whole_village,False,False,Tuljapur,Jawhar,Palghar,551910,551910,100.0,dist+tal,1.761
MAHARASHTRA,Palghar,Jawhar,Vangani,Vangani,504,whole_village,False,False,Vangani,Jawhar,Palghar,551862,551862,100.0,dist+tal,4.684
MAHARASHTRA,Palghar,Jawhar,Vavar,Vavar,505,whole_village,False,False,Vavar,Jawhar,Palghar,551847,551847,100.0,dist+tal,11.954
MAHARASHTRA,Palghar,Jawhar,Zap,Zap,506,whole_village,False,False,Zap,Jawhar,Palghar,551944,551944,100.0,dist+tal,14.725
MAHARASHTRA,Palghar,Mokhada,Amale,Amale,507,whole_village,False,False,Amale,Mokhada,Palghar,552004,552004,100.0,dist+tal,6.005
MAHARASHTRA,Palghar,Mokhada,Ase,Ase,508,whole_village,False,False,Ase,Mokhada,Palghar,551955,551955,100.0,dist+tal,22.852
MAHARASHTRA,Palghar,Mokhada,Botoshi,Botoshi,509,whole_village,False,False,Botoshi,Mokhada,Palghar,551992,551992,100.0,dist+tal,13.321
MAHARASHTRA,Palghar,Mokhada,Dandwal,Dandwal,510,whole_village,False,False,Dandwal,Mokhada,Palghar,551962,551962,100.0,dist+tal,6.418
MAHARASHTRA,Palghar,Mokhada,Dhamani,Dhamani,511,whole_village,False,False,Dhamani,Mokhada,Palghar,551954,551954,100.0,dist+tal,2.789
MAHARASHTRA,Palghar,Mokhada,Dhondmaryachimet,Dhondmaryachimet,512,whole_village,False,False,Vp Dhondmaryachi Met,Mokhada,Palghar,551979,551979,100.0,dist+tal,2.789
MAHARASHTRA,Palghar,Mokhada,Dhudgaon,Dhudgaon,513,whole_village,False,False,Vp Dudhgaon,Mokhada,Palghar,551996,551996,100.0,dist+tal,8.712
MAHARASHTRA,Palghar,Mokhada,Dolhare,Dolhare,514,whole_village,False,False,Dolhare,Mokhada,Palghar,551987,551987,100.0,dist+tal,9.253
MAHARASHTRA,Palghar,Mokhada,Gomghar,Gomghar,515,whole_village,False,False,Gomghar,Mokhada,Palghar,551997,551997,100.0,dist+tal,5.986
MAHARASHTRA,Palghar,Mokhada,Kaduchiwadi,Kaduchiwadi,516,whole_village,False,False,Kaduchiwadi,Mokhada,Palghar,552009,552009,100.0,dist+tal,2.225
MAHARASHTRA,Palghar,Mokhada,Karegaon,Karegaon,517,whole_village,False,False,Karegaon,Mokhada,Palghar,552010,552010,100.0,dist+tal,9.279
MAHARASHTRA,Palghar,Mokhada,Karol,Karol,518,whole_village,False,False,Karol,Mokhada,Palghar,552012,552012,100.0,dist+tal,8.549
MAHARASHTRA,Palghar,Mokhada,Kashti,Kashti,519,whole_village,False,False,Kashti,Mokhada,Palghar,552006,552006,100.0,dist+tal,11.024
MAHARASHTRA,Palghar,Mokhada,Kevanale,Kevanale,520,whole_village,False,False,Kevanale,Mokhada,Palghar,551994,551994,100.0,dist+tal,9.338
MAHARASHTRA,Palghar,Mokhada,Khoch,Khoch,521,whole_village,False,False,Khoch,Mokhada,Palghar,551977,551977,100.0,dist+tal,5.945
MAHARASHTRA,Palghar,Mokhada,Kiniste,Kiniste,522,whole_village,False,False,Kiniste,Mokhada,Palghar,552007,552007,100.0,dist+tal,6.023
MAHARASHTRA,Palghar,Mokhada,Kochale,Kochale,523,whole_village,False,False,Kochale,Mokhada,Palghar,552008,552008,100.0,dist+tal,10.709
MAHARASHTRA,Palghar,Mokhada,Kurlod,Kurlod,524,whole_village,False,False,Kurlod,Mokhada,Palghar,551993,551993,100.0,dist+tal,10.443
MAHARASHTRA,Palghar,Mokhada,Nashera,Nashera,525,whole_village,False,False,Nashera,Mokhada,Palghar,551988,551988,100.0,dist+tal,11.583
MAHARASHTRA,Palghar,Mokhada,Pachaghar,Pachaghar,526,whole_village,False,False,Vp Pachghar,Mokhada,Palghar,552011,552011,100.0,dist+tal,6.548
MAHARASHTRA,Palghar,Mokhada,Sawarde,Sawarde,527,whole_village,False,False,Sawarde,Mokhada,Palghar,552005,552005,100.0,dist+tal,16.364
MAHARASHTRA,Palghar,Mokhada,Sayade,Sayade,528,whole_village,False,False,Sayade,Mokhada,Palghar,552000,552000,100.0,dist+tal,11.812
MAHARASHTRA,Palghar,Mokhada,Shastrinagar,Shastrinagar,529,whole_village,False,False,Shastrinagar,Mokhada,Palghar,551957,551957,100.0,dist+tal,3.648
MAHARASHTRA,Palghar,Mokhada,Shirson,Shirson,530,whole_village,False,False,Shirson,Mokhada,Palghar,551978,551978,100.0,dist+tal,9.311
MAHARASHTRA,Palghar,Mokhada,Suryamal,Suryamal,531,whole_village,False,False,Suryamal,Mokhada,Palghar,551995,551995,100.0,dist+tal,15.239
MAHARASHTRA,Palghar,Mokhada,Swaminagar,Swaminagar,532,whole_village,False,False,Swaminagar,Mokhada,Palghar,551956,551956,100.0,dist+tal,11.957
MAHARASHTRA,Palghar,Mokhada,Vashind,Vashind,533,whole_village,False,False,Vashind,Mokhada,Palghar,552003,552003,100.0,dist+tal,5.965
MAHARASHTRA,Palghar,Mokhada,Wakadpada,Wakadpada,534,whole_village,False,False,Wakadpada,Mokhada,Palghar,552001,552001,100.0,dist+tal,3.262
MAHARASHTRA,Palghar,Vada,Abitghar,Abitghar,535,whole_village,False,False,Abitghar,Wada,Palghar,552160,552160,100.0,dist,6.846
MAHARASHTRA,Palghar,Vada,Akhada,Akhada,536,whole_village,False,False,Akhada,Wada,Palghar,552118,552118,100.0,dist,7.034
MAHARASHTRA,Palghar,Vada,Ambarbhui,Ambarbhui,537,whole_village,False,False,Ambarbhui,Wada,Palghar,552094,552094,100.0,dist,14.284
MAHARASHTRA,Palghar,Vada,Ambhai,Ambhai,538,whole_village,False,False,Ambhai,Wada,Palghar,552015,552015,100.0,dist,4.759
MAHARASHTRA,Palghar,Vada,Amgaon,Amgaon,539,whole_village,False,False,Amgaon,Wada,Palghar,552014,552014,100.0,dist,3.369
MAHARASHTRA,Palghar,Vada,Asnas,Asnas,540,whole_village,False,False,Asnas,Wada,Palghar,552053,552053,100.0,dist,8.823
MAHARASHTRA,Palghar,Vada,Avandhe,Avandhe,541,whole_village,False,False,Avandhe,Wada,Palghar,552042,552042,100.0,dist,7.391
MAHARASHTRA,Palghar,Vada,Balivali,Balivali,542,whole_village,False,False,Balivali,Wada,Palghar,552145,552145,100.0,dist,3.128
MAHARASHTRA,Palghar,Vada,Bilavali,Bilavali,543,whole_village,False,False,Bilavali,Wada,Palghar,552089,552089,100.0,dist,2.633
MAHARASHTRA,Palghar,Vada,Bilghar,Bilghar,544,whole_village,False,False,Bilghar,Wada,Palghar,552155,552155,100.0,dist,2.614
MAHARASHTRA,Palghar,Vada,Budhavali,Budhavali,545,whole_village,False,False,Budhavali,Wada,Palghar,552090,552090,100.0,dist,1.757
MAHARASHTRA,Palghar,Vada,Chendavali,Chendavali,546,whole_village,False,False,Chendavali,Wada,Palghar,552179,552179,100.0,dist,2.713
MAHARASHTRA,Palghar,Vada,Chikhale,Chikhale,547,whole_village,False,False,Chikhale,Dahanu,Palghar,551585,551585,100.0,dist,7.321
MAHARASHTRA,Palghar,Vada,Dabhon,Dabhon,548,whole_village,False,False,Dabhon,Dahanu,Palghar,551701,551701,100.0,dist,17.268
MAHARASHTRA,Palghar,Vada,Dahivali Kumbhiste,Dahivali Kumbhiste,549,whole_village,False,False,Dahivali Kumbhiste,Wada,Palghar,552132,552132,100.0,dist,6.314
MAHARASHTRA,Palghar,Vada,Devali,Devali,550,whole_village,False,False,Devali,Wada,Palghar,552130,552130,100.0,dist,3.104
MAHARASHTRA,Palghar,Vada,Devgaon,Devgaon,551,whole_village,False,False,Devgaon,Dahanu,Palghar,551671,551671,100.0,dist,2.806
MAHARASHTRA,Palghar,Vada,Devghar,Devghar,552,whole_village,False,False,Devghar,Wada,Palghar,552055,552055,100.0,dist,4.949
MAHARASHTRA,Palghar,Vada,Dhadhare,Dhadhare,553,whole_village,False,False,Dhadhare,Wada,Palghar,552140,552140,100.0,dist,7.126
MAHARASHTRA,Palghar,Vada,Dhapad,Dhapad,554,whole_village,False,False,Dhapad,Wada,Palghar,552143,552143,100.0,dist,2.266
MAHARASHTRA,Palghar,Vada,Dongaste,Dongaste,555,whole_village,False,False,Dongaste,Wada,Palghar,552088,552088,100.0,dist,1.789
MAHARASHTRA,Palghar,Vada,Galtare,Galtare,556,whole_village,False,False,Galtare,Wada,Palghar,552030,552030,100.0,dist,7.305
MAHARASHTRA,Palghar,Vada,Gaurapur,Gaurapur,557,whole_village,False,False,Gaurapur,Wada,Palghar,552051,552051,100.0,dist,6.047
MAHARASHTRA,Palghar,Vada,Goleghar,Goleghar,558,whole_village,False,False,Goleghar,Wada,Palghar,552168,552168,100.0,dist,1.589
MAHARASHTRA,Palghar,Vada,Guhir,Guhir,559,whole_village,False,False,Guhir,Wada,Palghar,552028,552028,100.0,dist,1.75
MAHARASHTRA,Palghar,Vada,Gunj,Gunj,560,whole_village,False,False,Gunj,Wada,Palghar,552091,552091,100.0,dist,8.093
MAHARASHTRA,Palghar,Vada,Harosale,Harosale,561,whole_village,False,False,Harosale,Wada,Palghar,552064,552064,100.0,dist,1.933
MAHARASHTRA,Palghar,Vada,Kalambhai,Kalambhai,562,whole_village,False,False,Kalambhai,Wada,Palghar,552054,552054,100.0,dist,4.214
MAHARASHTRA,Palghar,Vada,Kalambhe,Kalambhe,563,whole_village,False,False,Kalambhe,Wada,Palghar,552152,552152,100.0,dist,10.935
MAHARASHTRA,Palghar,Vada,Kanchad,Kanchad,564,whole_village,False,False,Kanchad,Wada,Palghar,552024,552024,100.0,dist,3.375
MAHARASHTRA,Palghar,Vada,Karanjpada,Karanjpada,565,whole_village,False,False,Karanjpada,Wada,Palghar,552027,552027,100.0,dist,2.388
MAHARASHTRA,Palghar,Vada,Kati,Kati,566,whole_village,False,False,Kati,Wada,Palghar,552092,552092,100.0,dist,1.612
MAHARASHTRA,Palghar,Vada,Khaire Ambivali,Khaire Ambivali,567,whole_village,False,False,Khaire Ambivali,Wada,Palghar,552177,552177,100.0,dist,3.453
MAHARASHTRA,Palghar,Vada,Khodade,Khodade,568,whole_village,False,False,Khodade,Wada,Palghar,552138,552138,100.0,dist,8.142
MAHARASHTRA,Palghar,Vada,Kolim Sarovar,Kolim Sarovar,569,whole_village,False,False,Kolim Sarovar,Wada,Palghar,552141,552141,100.0,dist,4.342
MAHARASHTRA,Palghar,Vada,Kumdal,Kumdal,570,whole_village,False,False,Kumdal,Wada,Palghar,552016,552016,100.0,dist,3.632
MAHARASHTRA,Palghar,Vada,Mandava,Mandava,571,whole_village,False,False,Mandava,Wada,Palghar,552134,552134,100.0,dist,14.299
MAHARASHTRA,Palghar,Vada,Moj,Moj,572,whole_village,False,False,Moj,Wada,Palghar,552156,552156,100.0,dist,6.659
MAHARASHTRA,Palghar,Vada,Nane,Nane,573,whole_village,False,False,Nane,Wada,Palghar,552031,552031,100.0,dist,8.707
MAHARASHTRA,Palghar,Vada,Nishet,Nishet,574,whole_village,False,False,Nishet,Wada,Palghar,552153,552153,100.0,dist,2.103
MAHARASHTRA,Palghar,Vada,Ogada,Ogada,575,whole_village,False,False,Ogada,Wada,Palghar,552136,552136,100.0,dist,11.023
MAHARASHTRA,Palghar,Vada,Pachghar,Pachghar,576,whole_village,False,False,Pachghar,Wada,Palghar,552120,552120,100.0,dist,13.61
MAHARASHTRA,Palghar,Vada,Parali,Parali,577,whole_village,False,False,Parali,Wada,Palghar,552135,552135,100.0,dist,14.99
MAHARASHTRA,Palghar,Vada,Pik,Pik,578,whole_village,False,False,Pik,Wada,Palghar,552124,552124,100.0,dist,5.86
MAHARASHTRA,Palghar,Vada,Pimparoli,Pimparoli,579,whole_village,False,False,Pimparoli,Wada,Palghar,552070,552070,100.0,dist,4.711
MAHARASHTRA,Palghar,Vada,Pinjal,Pinjal,580,whole_village,False,False,Pinjal,Wada,Palghar,552113,552113,100.0,dist,5.34
MAHARASHTRA,Palghar,Vada,Posheri,Posheri,581,whole_village,False,False,Poshera,Mokhada,Palghar,551972,551972,100.0,dist+tal,18.243
MAHARASHTRA,Palghar,Vada,Sange,Sange,582,whole_village,False,False,Sange,Wada,Palghar,552041,552041,100.0,dist,6.837
MAHARASHTRA,Palghar,Vada,Satronde,Satronde,583,whole_village,False,False,Satronde,Wada,Palghar,552119,552119,100.0,dist,3.636
MAHARASHTRA,Palghar,Vada,Savarkhand,Savarkhand,584,whole_village,False,False,Sawarkhand,Palghar,Palghar,552352,552352,100.0,dist,2.593
MAHARASHTRA,Palghar,Vada,Shele,Shele,585,whole_village,False,False,Shele,Wada,Palghar,552142,552142,100.0,dist,4.12
MAHARASHTRA,Palghar,Vada,Shilottar,Shilottar,586,whole_village,False,False,Shilottar,Wada,Palghar,552123,552123,100.0,dist,3.032
MAHARASHTRA,Palghar,Vada,Sonale Bk.,Sonale Bk.,587,whole_village,False,False,Sonale Bk,Wada,Palghar,552154,552154,100.0,dist,8.589
MAHARASHTRA,Palghar,Vada,Sonale Kh.,Sonale Kh.,588,whole_village,False,False,Sonale,Dahanu,Palghar,551681,551681,100.0,dist,3.597
MAHARASHTRA,Palghar,Vada,Tilmal,Tilmal,589,whole_village,False,False,Tilmal,Wada,Palghar,552139,552139,100.0,dist,8.502
MAHARASHTRA,Palghar,Vada,Tuse,Tuse,590,whole_village,False,False,Tuse,Wada,Palghar,552071,552071,100.0,dist,10.031
MAHARASHTRA,Palghar,Vada,Ujjaini,Ujjaini,591,whole_village,False,False,Ujjaini,Wada,Palghar,552116,552116,100.0,dist,17.305
MAHARASHTRA,Palghar,Vada,Vadavali Tarf Gaon,Vadavali Tarf Gaon,592,whole_village,False,False,Vadavali Tarf Gaon,Wada,Palghar,552117,552117,100.0,dist,3.008
MAHARASHTRA,Palghar,Vada,Vaghote,Vaghote,593,whole_village,False,False,Vaghote,Wada,Palghar,552025,552025,100.0,dist,2.339
MAHARASHTRA,Palghar,Vada,Varai Bk.,Varai Bk.,594,whole_village,False,False,Varai Bk,Wada,Palghar,552157,552157,100.0,dist,2.354
MAHARASHTRA,Palghar,Vada,Varai Kh.,Varai Kh.,595,whole_village,False,False,Warai,Palghar,Palghar,552381,552381,100.0,dist,1.471
MAHARASHTRA,Palghar,Vada,Varnol,Varnol,596,whole_village,False,False,Varnol,Wada,Palghar,552175,552175,100.0,dist,2.288
MAHARASHTRA,Palghar,Vada,Vaveghar,Vaveghar,597,whole_village,False,False,Vaveghar,Wada,Palghar,552023,552023,100.0,dist,1.241
MAHARASHTRA,Palghar,Vada,Virhe,Virhe,598,whole_village,False,False,Virhe,Wada,Palghar,552115,552115,100.0,dist,3.526
MAHARASHTRA,Pune,Ambegaon,Adivare,Adivare,599,whole_village,False,False,Adivare,Ambegaon,Pune,555422,555422,100.0,dist+tal,2.009
MAHARASHTRA,Pune,Ambegaon,Aghane,Aghane,600,whole_village,False,False,Aghane,Ambegaon,Pune,555416,555416,100.0,dist+tal,3.598
MAHARASHTRA,Pune,Ambegaon,Ahupe,Ahupe,601,whole_village,False,False,Ahupe,Ambegaon,Pune,555414,555414,100.0,dist+tal,26.496
MAHARASHTRA,Pune,Ambegaon,Amade,Amade,602,whole_village,False,False,Amade,Ambegaon,Pune,555428,555428,100.0,dist+tal,1.763
MAHARASHTRA,Pune,Ambegaon,Ambegaon,Ambegaon,603,whole_village,False,False,Ambegaon,Ambegaon,Pune,555437,555437,100.0,dist+tal,4.448
MAHARASHTRA,Pune,Ambegaon,Amondi,Amondi,604,whole_village,False,False,Amondi,Ambegaon,Pune,555466,555466,100.0,dist+tal,12.209
MAHARASHTRA,Pune,Ambegaon,Apati,Apati,605,whole_village,False,False,Apati,Ambegaon,Pune,555464,555464,100.0,dist+tal,2.113
MAHARASHTRA,Pune,Ambegaon,Asane,Asane,606,whole_village,False,False,Asane,Ambegaon,Pune,555419,555419,100.0,dist+tal,7.455
MAHARASHTRA,Pune,Ambegaon,Chaptewadi Kanas,Chaptewadi Kanas,607,whole_village,False,False,Chaptewadi Kanas,Ambegaon,Pune,555474,555474,100.0,dist+tal,3.909
MAHARASHTRA,Pune,Ambegaon,Chikhali,Chikhali,608,whole_village,False,False,Chikhali,Ambegaon,Pune,555456,555456,100.0,dist+tal,6.205
MAHARASHTRA,Pune,Ambegaon,Dhakale,Dhakale,609,whole_village,False,False,Dhakale,Ambegaon,Pune,555489,555489,100.0,dist+tal,8.343
MAHARASHTRA,Pune,Ambegaon,Digad,Digad,610,whole_village,False,False,Digad,Ambegaon,Pune,555435,555435,100.0,dist+tal,2.301
MAHARASHTRA,Pune,Ambegaon,Dimbhe Bk.,Dimbhe Bk.,611,whole_village,False,False,Dimbhe Bk,Ambegaon,Pune,555440,555440,100.0,dist+tal,3.247
MAHARASHTRA,Pune,Ambegaon,Dimbhe Kh.,Dimbhe Kh.,612,whole_village,False,False,Dimbhe Kh,Ambegaon,Pune,555462,555462,100.0,dist+tal,1.333
MAHARASHTRA,Pune,Ambegaon,Don,Don,613,whole_village,False,False,Don,Ambegaon,Pune,555417,555417,100.0,dist+tal,7.362
MAHARASHTRA,Pune,Ambegaon,Gadewadi,Gadewadi,614,whole_village,False,False,Gadewadi,Ambegaon,Pune,555453,555453,100.0,dist+tal,3.984
MAHARASHTRA,Pune,Ambegaon,Gohe Bk.,Gohe Bk.,615,whole_village,False,False,Gohe Bk,Ambegaon,Pune,555461,555461,100.0,dist+tal,12.426
MAHARASHTRA,Pune,Ambegaon,Gohe Kh.,Gohe Kh.,616,whole_village,False,False,Gohe Kh,Ambegaon,Pune,555459,555459,100.0,dist+tal,7.222
MAHARASHTRA,Pune,Ambegaon,Jambhori,Jambhori,617,whole_village,False,False,Jambhori,Ambegaon,Pune,555443,555443,100.0,dist+tal,11.649
MAHARASHTRA,Pune,Ambegaon,Kalambai,Kalambai,618,whole_village,False,False,Kalamb,Ambegaon,Pune,555502,555502,100.0,dist+tal,16.203
MAHARASHTRA,Pune,Ambegaon,Kondhare,Kondhare,619,whole_village,False,False,Kondhare,Ambegaon,Pune,555427,555427,100.0,dist+tal,2.667
MAHARASHTRA,Pune,Ambegaon,Kondhaval,Kondhaval,620,whole_village,False,False,Kondhaval,Ambegaon,Pune,555448,555448,100.0,dist+tal,31.091
MAHARASHTRA,Pune,Ambegaon,Kotlavade,Kotlavade,621,whole_village,False,False,Kolavadi,Bhor,Pune,556698,556698,93.3,dist,1.018
MAHARASHTRA,Pune,Ambegaon,Kushire Bk.,Kushire Bk.,622,whole_village,False,False,Kushire Kh,Ambegaon,Pune,555434,555434,100.0,dist+tal,3.304
MAHARASHTRA,Pune,Ambegaon,Kushire Kh.,Kushire Kh.,623,whole_village,False,False,Kushire Bk,Ambegaon,Pune,555433,555433,100.0,dist+tal,3.173
MAHARASHTRA,Pune,Ambegaon,Magholi,Magholi,624,whole_village,False,False,Megholi,Ambegaon,Pune,555445,555445,100.0,dist+tal,1.648
MAHARASHTRA,Pune,Ambegaon,Mahalunge Tarf Ambegaon,Mahalunge Tarf Ambegaon,625,whole_village,False,False,Mahalunge Tarf Ambegaon,Ambegaon,Pune,555432,555432,100.0,dist+tal,0.666
MAHARASHTRA,Pune,Ambegaon,Mahalunge Tarf Ghoda,Mahalunge Tarf Ghoda,626,whole_village,False,False,Mahalunge Tarf Ghoda,Ambegaon,Pune,555439,555439,100.0,dist+tal,1.418
MAHARASHTRA,Pune,Ambegaon,Malin,Malin,627,whole_village,False,False,Malin,Ambegaon,Pune,555421,555421,100.0,dist+tal,6.902
MAHARASHTRA,Pune,Ambegaon,Mapoli,Mapoli,628,whole_village,False,False,Mapoli,Ambegaon,Pune,555460,555460,100.0,dist+tal,1.563
MAHARASHTRA,Pune,Ambegaon,Menubarwadi,Menubarwadi,629,whole_village,False,False,Menubarwadi,Ambegaon,Pune,555420,555420,100.0,dist+tal,2.717
MAHARASHTRA,Pune,Ambegaon,Nanavade,Nanavade,630,whole_village,False,False,Nanavade,Ambegaon,Pune,555429,555429,100.0,dist+tal,6.216
MAHARASHTRA,Pune,Ambegaon,Nandurkichi Wadi,Nandurkichi Wadi,631,whole_village,False,False,Nandurkichi Wadi,Ambegaon,Pune,555444,555444,100.0,dist+tal,4.616
MAHARASHTRA,Pune,Ambegaon,Nhaved,Nhaved,632,whole_village,False,False,Nhaved,Ambegaon,Pune,555430,555430,100.0,dist+tal,7.854
MAHARASHTRA,Pune,Ambegaon,Nigdale,Nigdale,633,whole_village,False,False,Nigdale,Ambegaon,Pune,555449,555449,100.0,dist+tal,16.687
MAHARASHTRA,Pune,Ambegaon,Panchale Bk.,Panchale Bk.,634,whole_village,False,False,Panchale Bk,Ambegaon,Pune,555425,555425,100.0,dist+tal,2.77
MAHARASHTRA,Pune,Ambegaon,Panchale Kh.,Panchale Kh.,635,whole_village,False,False,Panchale Kh,Ambegaon,Pune,555426,555426,100.0,dist+tal,1.44
MAHARASHTRA,Pune,Ambegaon,Patan,Patan,636,whole_village,False,False,Patan,Ambegaon,Pune,555431,555431,100.0,dist+tal,4.813
MAHARASHTRA,Pune,Ambegaon,Phalode,Phalode,637,whole_village,False,False,Phalode,Ambegaon,Pune,555454,555454,100.0,dist+tal,5.665
MAHARASHTRA,Pune,Ambegaon,Phulvade,Phulvade,638,whole_village,False,False,Phulawade,Ambegaon,Pune,555438,555438,100.0,dist+tal,15.639
MAHARASHTRA,Pune,Ambegaon,Pimpargane,Pimpargane,639,whole_village,False,False,Pimpargane,Ambegaon,Pune,555415,555415,100.0,dist+tal,7.435
MAHARASHTRA,Pune,Ambegaon,Pimpari,Pimpari,640,whole_village,False,False,Pimpari,Ambegaon,Pune,555451,555451,100.0,dist+tal,5.936
MAHARASHTRA,Pune,Ambegaon,Pokhari,Pokhari,641,whole_village,False,False,Pokhari,Ambegaon,Pune,555457,555457,100.0,dist+tal,10.374
MAHARASHTRA,Pune,Ambegaon,Rajewadi,Rajewadi,642,whole_village,False,False,Rajewadi,Ambegaon,Pune,555458,555458,100.0,dist+tal,4.727
MAHARASHTRA,Pune,Ambegaon,Rajpur,Rajpur,643,whole_village,False,False,Rajpur,Ambegaon,Pune,555452,555452,100.0,dist+tal,6.72
MAHARASHTRA,Pune,Ambegaon,Sakeri,Sakeri,644,whole_village,False,False,Sakeri,Ambegaon,Pune,555447,555447,100.0,dist+tal,12.048
MAHARASHTRA,Pune,Ambegaon,Savarli,Savarli,645,whole_village,False,False,Savarli,Ambegaon,Pune,555446,555446,100.0,dist+tal,3.243
MAHARASHTRA,Pune,Ambegaon,Supedhar,Supedhar,646,whole_village,False,False,Supedhar,Ambegaon,Pune,555463,555463,100.0,dist+tal,1.814
MAHARASHTRA,Pune,Ambegaon,Tale Ghar,Tale Ghar,647,whole_village,False,False,Taleghar,Ambegaon,Pune,555455,555455,100.0,dist+tal,7.293
MAHARASHTRA,Pune,Ambegaon,Terungan,Terungan,648,whole_village,False,False,Terungan,Ambegaon,Pune,555450,555450,100.0,dist+tal,4.845
MAHARASHTRA,Pune,Ambegaon,Tirpad,Tirpad,649,whole_village,False,False,Tirpad,Ambegaon,Pune,555418,555418,100.0,dist+tal,6.805
MAHARASHTRA,Pune,Ambegaon,Vachape,Vachape,650,whole_village,False,False,Vachape,Ambegaon,Pune,555436,555436,100.0,dist+tal,4.342
MAHARASHTRA,Pune,Bhor,Abhepuri,Abhepuri,651,whole_village,False,False,Abhepuri,Bhor,Pune,556810,556810,100.0,dist+tal,2.824
MAHARASHTRA,Pune,Bhor,Ambade,Ambade,652,whole_village,False,False,Aambade,Bhor,Pune,556866,556866,100.0,dist+tal,5.988
MAHARASHTRA,Pune,Bhor,Ashimpi,Ashimpi,653,whole_village,False,False,Ashimpi,Bhor,Pune,556807,556807,100.0,dist+tal,3.059
MAHARASHTRA,Pune,Bhor,Balawadi,Balawadi,654,whole_village,False,False,Balawadi,Bhor,Pune,556861,556861,100.0,dist+tal,3.894
MAHARASHTRA,Pune,Bhor,Bhandravali,Bhandravali,655,whole_village,False,False,Bhandravali,Bhor,Pune,556743,556743,100.0,dist+tal,2.601
MAHARASHTRA,Pune,Bhor,Bhutonde,Bhutonde,656,whole_village,False,False,Bhutonde,Bhor,Pune,556741,556741,100.0,dist+tal,5.519
MAHARASHTRA,Pune,Bhor,Bope,Bope,657,whole_village,False,False,Bope,Bhor,Pune,556760,556760,100.0,dist+tal,8.128
MAHARASHTRA,Pune,Bhor,Brahmanghar,Brahmanghar,658,whole_village,False,False,Brahmanghar,Bhor,Pune,556786,556786,100.0,dist+tal,1.751
MAHARASHTRA,Pune,Bhor,Chandavane,Chandavane,659,whole_village,False,False,Chandavane,Bhor,Pune,556759,556759,100.0,dist+tal,2.258
MAHARASHTRA,Pune,Bhor,Chikhalavade,Chikhalavade,660,whole_village,False,False,Chikhalavade Kh,Bhor,Pune,556831,556831,100.0,dist+tal,1.711
MAHARASHTRA,Pune,Bhor,Dapakeghar,Dapakeghar,661,whole_village,False,False,Dapakeghar,Bhor,Pune,556818,556818,100.0,dist+tal,6.568
MAHARASHTRA,Pune,Bhor,Dehen,Dehen,662,whole_village,False,False,Dehen,Bhor,Pune,556765,556765,100.0,dist+tal,5.446
MAHARASHTRA,Pune,Bhor,Dere,Dere,663,whole_village,False,False,Dere,Bhor,Pune,556742,556742,100.0,dist+tal,7.334
MAHARASHTRA,Pune,Bhor,Devghar,Devghar,664,whole_village,False,False,Devghar,Bhor,Pune,556802,556802,100.0,dist+tal,3.262
MAHARASHTRA,Pune,Bhor,Dhamunashi,Dhamunashi,665,whole_village,False,False,Dhamunashi,Bhor,Pune,556792,556792,100.0,dist+tal,4.816
MAHARASHTRA,Pune,Bhor,Dhanivali,Dhanivali,666,whole_village,False,False,Dhanivali,Bhor,Pune,556820,556820,100.0,dist+tal,1.574
MAHARASHTRA,Pune,Bhor,Durgadi,Durgadi,667,whole_village,False,False,Durgadi,Bhor,Pune,556811,556811,100.0,dist+tal,5.474
MAHARASHTRA,Pune,Bhor,Gudhe,Gudhe,668,whole_village,False,False,Gudhe,Bhor,Pune,556822,556822,100.0,dist+tal,6.435
MAHARASHTRA,Pune,Bhor,Guhini,Guhini,669,whole_village,False,False,Guhini,Bhor,Pune,556739,556739,100.0,dist+tal,5.081
MAHARASHTRA,Pune,Bhor,Hirdoshi,Hirdoshi,670,whole_village,False,False,Hirdoshi,Bhor,Pune,556804,556804,100.0,dist+tal,4.487
MAHARASHTRA,Pune,Bhor,Jayatpad,Jayatpad,671,whole_village,False,False,Jayatpad,Bhor,Pune,556767,556767,100.0,dist+tal,9.236
MAHARASHTRA,Pune,Bhor,Karanjgaon,Karanjgaon,672,whole_village,False,False,Karanjgaon,Bhor,Pune,556796,556796,100.0,dist+tal,4.311
MAHARASHTRA,Pune,Bhor,Karungan,Karungan,673,whole_village,False,False,Karungan,Bhor,Pune,556806,556806,100.0,dist+tal,3.098
MAHARASHTRA,Pune,Bhor,Ketkavane (Nimme),Ketkavane (Nimme),674,whole_village,False,False,Ketkavane,Bhor,Pune,556692,556692,100.0,dist+tal,0.98
MAHARASHTRA,Pune,Bhor,Khulshi,Khulshi,675,whole_village,False,False,Khulshi,Bhor,Pune,556740,556740,100.0,dist+tal,4.713
MAHARASHTRA,Pune,Bhor,Kikavi,Kikavi,676,whole_village,False,False,Kikvi,Bhor,Pune,556717,556717,100.0,dist+tal,3.438
MAHARASHTRA,Pune,Bhor,Kondgaon,Kondgaon,677,whole_village,False,False,Kondgaon,Bhor,Pune,556763,556763,100.0,dist+tal,9.241
MAHARASHTRA,Pune,Bhor,Kondhari,Kondhari,678,whole_village,False,False,Kondhari,Bhor,Pune,556793,556793,100.0,dist+tal,4.805
MAHARASHTRA,Pune,Bhor,Korle,Korle,679,whole_village,False,False,Korle,Bhor,Pune,556846,556846,100.0,dist+tal,4.277
MAHARASHTRA,Pune,Bhor,Kudali Bk.,Kudali Bk.,680,whole_village,False,False,Kudali Kh,Bhor,Pune,556823,556823,100.0,dist+tal,4.427
MAHARASHTRA,Pune,Bhor,Kudali Kh.,Kudali Kh.,681,whole_village,False,False,Kudali Bk,Bhor,Pune,556824,556824,100.0,dist+tal,6.866
MAHARASHTRA,Pune,Bhor,Kumbale,Kumbale,682,whole_village,False,False,Kumbale,Bhor,Pune,556758,556758,100.0,dist+tal,3.198
MAHARASHTRA,Pune,Bhor,Kund,Kund,683,whole_village,False,False,Kund,Bhor,Pune,556789,556789,100.0,dist+tal,2.176
MAHARASHTRA,Pune,Bhor,Kurungvadi,Kurungvadi,684,whole_village,False,False,Kurungvadi,Bhor,Pune,556686,556686,100.0,dist+tal,9.078
MAHARASHTRA,Pune,Bhor,Mazari,Mazari,685,whole_village,False,False,Mazeri,Bhor,Pune,556813,556813,100.0,dist+tal,2.816
MAHARASHTRA,Pune,Bhor,Mhasar Bk.,Mhasar Bk.,686,whole_village,False,False,Mhasar Kh,Bhor,Pune,556795,556795,100.0,dist+tal,7.909
MAHARASHTRA,Pune,Bhor,Mhasar Kh.,Mhasar Kh.,687,whole_village,False,False,Mhasar Bk,Bhor,Pune,556794,556794,100.0,dist+tal,9.652
MAHARASHTRA,Pune,Bhor,Nanavale,Nanavale,688,whole_village,False,False,Nanavale,Bhor,Pune,556764,556764,100.0,dist+tal,3.874
MAHARASHTRA,Pune,Bhor,Nandghur,Nandghur,689,whole_village,False,False,Nandghur,Bhor,Pune,556768,556768,100.0,dist+tal,6.145
MAHARASHTRA,Pune,Bhor,Nigudaghar,Nigudaghar,690,whole_village,False,False,Nigudghar,Bhor,Pune,556801,556801,100.0,dist+tal,2.931
MAHARASHTRA,Pune,Bhor,Nivangan,Nivangan,691,whole_village,False,False,Nivangan,Bhor,Pune,556821,556821,100.0,dist+tal,4.729
MAHARASHTRA,Pune,Bhor,Pangari,Pangari,692,whole_village,False,False,Pangari,Bhor,Pune,556766,556766,100.0,dist+tal,3.792
MAHARASHTRA,Pune,Bhor,Panvhal,Panvhal,693,whole_village,False,False,Panvhal,Bhor,Pune,556833,556833,100.0,dist+tal,2.181
MAHARASHTRA,Pune,Bhor,Pavhar Bk.,Pavhar Bk.,694,whole_village,False,False,Parhar Kh,Bhor,Pune,556819,556819,100.0,dist+tal,3.502
MAHARASHTRA,Pune,Bhor,Pavhar Kh.,Pavhar Kh.,695,whole_village,False,False,Parhar Bk,Bhor,Pune,556814,556814,100.0,dist+tal,5.719
MAHARASHTRA,Pune,Bhor,Rajivadi,Rajivadi,696,whole_village,False,False,Rajivadi,Bhor,Pune,556790,556790,100.0,dist+tal,3.463
MAHARASHTRA,Pune,Bhor,Ravadi,Ravadi,697,whole_village,False,False,Ravdi,Bhor,Pune,556849,556849,100.0,dist+tal,3.071
MAHARASHTRA,Pune,Bhor,Rayari,Rayari,698,whole_village,False,False,Rayari,Bhor,Pune,556817,556817,100.0,dist+tal,17.161
MAHARASHTRA,Pune,Bhor,Salungan,Salungan,699,whole_village,False,False,Salungan,Bhor,Pune,556762,556762,100.0,dist+tal,4.123
MAHARASHTRA,Pune,Bhor,Sangvi (Velavade Khore),Sangvi (Velavade Khore),700,whole_village,False,False,Sangvi Velavade Khore,Bhor,Pune,556761,556761,100.0,dist+tal,8.133
MAHARASHTRA,Pune,Bhor,Sarole,Sarole,701,whole_village,False,False,Sarole,Bhor,Pune,556720,556720,100.0,dist+tal,4.775
MAHARASHTRA,Pune,Bhor,Shilimb,Shilimb,702,whole_village,False,False,Shilimb,Bhor,Pune,556791,556791,100.0,dist+tal,5.101
MAHARASHTRA,Pune,Bhor,Shirgaon,Shirgaon,703,whole_village,False,False,Shirgaon,Bhor,Pune,556809,556809,100.0,dist+tal,8.406
MAHARASHTRA,Pune,Bhor,Shirvali (Hirdas Maval),Shirvali (Hirdas Maval),704,whole_village,False,False,Shirvali,Bhor,Pune,556812,556812,100.0,dist+tal,6.545
MAHARASHTRA,Pune,Bhor,Umbarde,Umbarde,705,whole_village,False,False,Umbarde,Bhor,Pune,556808,556808,100.0,dist+tal,5.397
MAHARASHTRA,Pune,Bhor,Umbargani,Umbargani,706,whole_village,False,False,Umbare,Bhor,Pune,556708,556708,76.9,dist+tal,3.87
MAHARASHTRA,Pune,Bhor,Varavand,Varavand,707,whole_village,False,False,Varavand,Bhor,Pune,556805,556805,100.0,dist+tal,4.975
MAHARASHTRA,Pune,Bhor,"Varodi (included V Bk., V Dy., V Kh.)","Varodi (included V Bk., V Dy., V Kh.)",708,whole_village,False,False,Varodi Kh,Bhor,Pune,556863,556863,100.0,dist+tal,2.284
MAHARASHTRA,Pune,Bhor,Velvand,Velvand,709,whole_village,False,False,Velvand,Bhor,Pune,556769,556769,100.0,dist+tal,7.492
MAHARASHTRA,Pune,Bhor,Venupuri,Venupuri,710,whole_village,False,False,Venupuri,Bhor,Pune,556803,556803,100.0,dist+tal,3.254
MAHARASHTRA,Pune,Haveli,Bhagatwadi,Bhagatwadi,711,whole_village,False,False,Bhagatwadi,Haveli,Pune,556270,556270,100.0,dist+tal,4.238
MAHARASHTRA,Pune,Haveli,Ghera Sinhagad,Ghera Sinhagad,712,whole_village,False,False,Ghera Sinhagad,Haveli,Pune,556267,556267,100.0,dist+tal,13.765
MAHARASHTRA,Pune,Haveli,Khamgaon Mawal,Khamgaon Mawal,713,whole_village,False,False,Khamgaon Mawal,Haveli,Pune,556275,556275,100.0,dist+tal,3.586
MAHARASHTRA,Pune,Haveli,Mogarwadi,Mogarwadi,714,whole_village,False,False,Mogarwadi,Haveli,Pune,556276,556276,100.0,dist+tal,5.816
MAHARASHTRA,Pune,Haveli,Mordhari,Mordhari,715,whole_village,False,False,Mordhari,Haveli,Pune,556268,556268,100.0,dist+tal,11.054
MAHARASHTRA,Pune,Haveli,Sambrewadi,Sambrewadi,716,whole_village,False,False,Sambarewadi,Haveli,Pune,556266,556266,95.2,dist+tal,8.374
MAHARASHTRA,Pune,Junnar,Ahinavewadi,Ahinavewadi,717,whole_village,False,False,Ahinavewadi,Junnar,Pune,555257,555257,100.0,dist+tal,8.518
MAHARASHTRA,Pune,Junnar,Ajanawale,Ajanawale,718,whole_village,False,False,Ajanawale,Junnar,Pune,555281,555281,100.0,dist+tal,21.713
MAHARASHTRA,Pune,Junnar,Alu,Alu,719,whole_village,False,False,Ale,Junnar,Pune,555275,555275,100.0,dist+tal,16.701
MAHARASHTRA,Pune,Junnar,Ambe,Ambe,720,whole_village,False,False,Ambe,Junnar,Pune,555328,555328,100.0,dist+tal,7.897
MAHARASHTRA,Pune,Junnar,Ambe Gavhan,Ambe Gavhan,721,whole_village,False,False,Ambe Gavhan,Junnar,Pune,555255,555255,100.0,dist+tal,15.036
MAHARASHTRA,Pune,Junnar,Amboli,Amboli,722,whole_village,False,False,Amboli,Junnar,Pune,555313,555313,100.0,dist+tal,6.749
MAHARASHTRA,Pune,Junnar,Bhivade Bk.,Bhivade Bk.,723,whole_village,False,False,Bhivade Bk,Junnar,Pune,555325,555325,100.0,dist+tal,10.731
MAHARASHTRA,Pune,Junnar,Bhivade Kh.,Bhivade Kh.,724,whole_village,False,False,Bhivade Kh,Junnar,Pune,555326,555326,100.0,dist+tal,2.722
MAHARASHTRA,Pune,Junnar,Chilhewadi,Chilhewadi,725,whole_village,False,False,Chilhewadi,Junnar,Pune,555254,555254,100.0,dist+tal,4.201
MAHARASHTRA,Pune,Junnar,Devale,Devale,726,whole_village,False,False,Devale,Junnar,Pune,555283,555283,100.0,dist+tal,9.905
MAHARASHTRA,Pune,Junnar,Ghatghar,Ghatghar,727,whole_village,False,False,Ghatghar,Junnar,Pune,555280,555280,100.0,dist+tal,10.818
MAHARASHTRA,Pune,Junnar,Godre,Godre,728,whole_village,False,False,Godre,Junnar,Pune,555293,555293,100.0,dist+tal,11.867
MAHARASHTRA,Pune,Junnar,Hatvij,Hatvij,729,whole_village,False,False,Hatvij,Junnar,Pune,555327,555327,100.0,dist+tal,8.135
MAHARASHTRA,Pune,Junnar,Jambhulshi,Jambhulshi,730,whole_village,False,False,Jambhulshi,Junnar,Pune,555234,555234,100.0,dist+tal,4.125
MAHARASHTRA,Pune,Junnar,Khireshwar,Khireshwar,731,whole_village,False,False,Khireshwar,Junnar,Pune,555231,555231,100.0,dist+tal,15.065
MAHARASHTRA,Pune,Junnar,Kolhewadi,Kolhewadi,732,whole_village,False,False,Kolhewadi,Junnar,Pune,555232,555232,100.0,dist+tal,7.176
MAHARASHTRA,Pune,Junnar,Kolwadi,Kolwadi,733,whole_village,False,False,Kolwadi,Junnar,Pune,555274,555274,100.0,dist+tal,7.947
MAHARASHTRA,Pune,Junnar,Kopare,Kopare,734,whole_village,False,False,Kopare,Junnar,Pune,555233,555233,100.0,dist+tal,11.484
MAHARASHTRA,Pune,Junnar,Mandarne,Mandarne,735,whole_village,False,False,Mandarne,Junnar,Pune,555238,555238,100.0,dist+tal,4.956
MAHARASHTRA,Pune,Junnar,Mandave,Mandave,736,whole_village,False,False,Mandave,Junnar,Pune,555235,555235,100.0,dist+tal,8.029
MAHARASHTRA,Pune,Junnar,Muthalne,Muthalne,737,whole_village,False,False,Muthalne,Junnar,Pune,555236,555236,100.0,dist+tal,6.226
MAHARASHTRA,Pune,Junnar,Nimgiri,Nimgiri,738,whole_village,False,False,Nimgiri,Junnar,Pune,555282,555282,100.0,dist+tal,11.182
MAHARASHTRA,Pune,Junnar,Pachgharwadi,Pachgharwadi,739,whole_village,False,False,Pachgharwadi,Junnar,Pune,555256,555256,100.0,dist+tal,5.121
MAHARASHTRA,Pune,Junnar,Pargaon Tarf Madh,Pargaon Tarf Madh,740,whole_village,False,False,Pargaon Tarf Madh,Junnar,Pune,555245,555245,100.0,dist+tal,3.587
MAHARASHTRA,Pune,Junnar,Phagul Gavhan,Phagul Gavhan,741,whole_village,False,False,Phagul Gavhan,Junnar,Pune,555288,555288,100.0,dist+tal,6.575
MAHARASHTRA,Pune,Junnar,Pimpalgaon Joga,Pimpalgaon Joga,742,whole_village,False,False,Pimpalgaon Joga,Junnar,Pune,555239,555239,100.0,dist+tal,13.506
MAHARASHTRA,Pune,Junnar,Pimparwadi,Pimparwadi,743,whole_village,False,False,Pimparwadi,Junnar,Pune,555342,555342,100.0,dist+tal,2.219
MAHARASHTRA,Pune,Junnar,Pur,Pur,744,whole_village,False,False,Pur,Junnar,Pune,555310,555310,100.0,dist+tal,3.646
MAHARASHTRA,Pune,Junnar,Rohkadi,Rohkadi,745,whole_village,False,False,Rohkadi,Junnar,Pune,555258,555258,100.0,dist+tal,3.846
MAHARASHTRA,Pune,Junnar,Sanganore,Sanganore,746,whole_village,False,False,Sanganore,Junnar,Pune,555241,555241,100.0,dist+tal,11.761
MAHARASHTRA,Pune,Junnar,Sukalwedhe,Sukalwedhe,747,whole_village,False,False,Sukalwedhe,Junnar,Pune,555343,555343,100.0,dist+tal,8.112
MAHARASHTRA,Pune,Junnar,Taleran,Taleran,748,whole_village,False,False,Taleran,Junnar,Pune,555244,555244,100.0,dist+tal,13.944
MAHARASHTRA,Pune,Junnar,Uchhil,Uchhil,749,whole_village,False,False,Uchhil,Junnar,Pune,555314,555314,100.0,dist+tal,4.797
MAHARASHTRA,Pune,Khed,Adhe,Adhe,750,whole_village,False,False,Adhe,Khed,Pune,555719,555719,100.0,dist+tal,3.002
MAHARASHTRA,Pune,Khed,Ambhu,Ambhu,751,whole_village,False,False,Ambhu,Khed,Pune,555722,555722,100.0,dist+tal,3.871
MAHARASHTRA,Pune,Khed,Awhat,Awhat,752,whole_village,False,False,Awhat,Khed,Pune,555681,555681,100.0,dist+tal,9.039
MAHARASHTRA,Pune,Khed,Bhalavadi,Bhalavadi,753,whole_village,False,False,Bhalavadi,Khed,Pune,555720,555720,100.0,dist+tal,3.312
MAHARASHTRA,Pune,Khed,Bhimashankarwadi,Bhimashankarwadi*,754,bifurcated_village,True,False,Medankarwadi,Khed,Pune,555865,555865,72.0,dist+tal,7.573
MAHARASHTRA,Pune,Khed,Bhivegaon,Bhivegaon,755,whole_village,False,False,Bhivegaon,Khed,Pune,555676,555676,100.0,dist+tal,8.207
MAHARASHTRA,Pune,Khed,Bhomale,Bhomale,756,whole_village,False,False,Bhomale,Khed,Pune,555702,555702,100.0,dist+tal,21.539
MAHARASHTRA,Pune,Khed,Bhorgiri,Bhorgiri,757,whole_village,False,False,Bhorgiri,Khed,Pune,555675,555675,100.0,dist+tal,12.311
MAHARASHTRA,Pune,Khed,Bursewadi,Bursewadi,758,whole_village,False,False,Bursewadi,Khed,Pune,555772,555772,100.0,dist+tal,5.29
MAHARASHTRA,Pune,Khed,Darakwadi,Darakwadi,759,whole_village,False,False,Darakwadi,Khed,Pune,555684,555684,100.0,dist+tal,5.527
MAHARASHTRA,Pune,Khed,Gadad,Gadad,760,whole_village,False,False,Gadad,Khed,Pune,555733,555733,100.0,dist+tal,6.953
MAHARASHTRA,Pune,Khed,Karkudi,Karkudi,761,whole_village,False,False,Karkudi,Khed,Pune,555677,555677,100.0,dist+tal,5.587
MAHARASHTRA,Pune,Khed,Kharawali,Kharawali,762,whole_village,False,False,Kharawali,Khed,Pune,555727,555727,100.0,dist+tal,1.213
MAHARASHTRA,Pune,Khed,Kharpud,Kharpud,763,whole_village,False,False,Kharpudi Kh,Khed,Pune,555800,555800,100.0,dist+tal,3.932
MAHARASHTRA,Pune,Khed,Mandoshi,Mandoshi,764,whole_village,False,False,Mandoshi,Khed,Pune,555678,555678,100.0,dist+tal,6.845
MAHARASHTRA,Pune,Khed,Naiphad,Naiphad,765,whole_village,False,False,Nayphad,Khed,Pune,555679,555679,100.0,dist+tal,13.933
MAHARASHTRA,Pune,Khed,Pabhe,Pabhe,766,whole_village,False,False,Pabhe,Khed,Pune,555703,555703,100.0,dist+tal,2.529
MAHARASHTRA,Pune,Khed,Palu,Palu,767,whole_village,False,False,Palu,Khed,Pune,555738,555738,100.0,dist+tal,10.01
MAHARASHTRA,Pune,Khed,Shirgaon,Shirgaon,768,whole_village,False,False,Shirgaon,Khed,Pune,555700,555700,100.0,dist+tal,1.627
MAHARASHTRA,Pune,Khed,Tiphanwadi,Tiphanwadi,769,whole_village,False,False,Tifanwwadi,Khed,Pune,555689,555689,100.0,dist+tal,1.785
MAHARASHTRA,Pune,Khed,Tokavade,Tokavade,770,whole_village,False,False,Tokavade,Khed,Pune,555701,555701,100.0,dist+tal,6.752
MAHARASHTRA,Pune,Khed,Torne Kh,Torne Kh,771,whole_village,False,False,Torne Bk,Khed,Pune,555740,555740,100.0,dist+tal,5.325
MAHARASHTRA,Pune,Khed,Valad,Valad,772,whole_village,False,False,Walad,Khed,Pune,555682,555682,100.0,dist+tal,9.774
MAHARASHTRA,Pune,Khed,Velhavale,Velhavale,773,whole_village,False,False,Velhavale,Khed,Pune,555728,555728,100.0,dist+tal,4.393
MAHARASHTRA,Pune,Khed,Virham,Virham,774,whole_village,False,False,Virham,Khed,Pune,555721,555721,100.0,dist+tal,16.516
MAHARASHTRA,Pune,Khed,Wada,Wada,775,whole_village,False,False,Wada,Khed,Pune,555683,555683,100.0,dist+tal,15.697
MAHARASHTRA,Pune,Khed,Wandre,Wandre,776,whole_village,False,False,Wandre,Khed,Pune,555716,555716,100.0,dist+tal,10.896
MAHARASHTRA,Pune,Mawal,Ajivali,Ajivali,777,whole_village,False,False,Ajivali,Mawal,Pune,556027,556027,100.0,dist+tal,4.874
MAHARASHTRA,Pune,Mawal,Apati,Apati,778,whole_village,False,False,Apati,Mawal,Pune,555980,555980,100.0,dist+tal,7.45
MAHARASHTRA,Pune,Mawal,Atvan,Atvan,779,whole_village,False,False,Atvan,Mawal,Pune,555982,555982,100.0,dist+tal,5.021
MAHARASHTRA,Pune,Mawal,Aundhe Kh.,Aundhe Kh.,780,whole_village,False,False,Aundhe Kh,Mawal,Pune,555975,555975,100.0,dist+tal,4.03
MAHARASHTRA,Pune,Mawal,Aundholi,Aundholi,781,whole_village,False,False,Aundholi,Mawal,Pune,555974,555974,100.0,dist+tal,2.541
MAHARASHTRA,Pune,Mawal,Bhaje,Bhaje,782,whole_village,False,False,Bhaje,Mawal,Pune,555972,555972,100.0,dist+tal,3.181
MAHARASHTRA,Pune,Mawal,Bhudhele,Bhudhele,783,whole_village,False,False,Budhele,Mawal,Pune,555943,555943,93.3,dist+tal,1.626
MAHARASHTRA,Pune,Mawal,Bhushi,Bhushi,784,whole_village,False,False,Bhuse,Niphad,Nashik,551394,551394,100.0,state,4.545
MAHARASHTRA,Pune,Mawal,Boraj,Boraj,785,whole_village,False,False,Boraj,Mawal,Pune,555969,555969,100.0,dist+tal,2.068
MAHARASHTRA,Pune,Mawal,Borivali,Borivali,786,whole_village,False,False,Borivali,Mawal,Pune,555903,555903,100.0,dist+tal,6.343
MAHARASHTRA,Pune,Mawal,Brahmanwadi,Brahmanwadi,787,whole_village,False,False,Brahmanwadi,Mawal,Pune,555995,555995,100.0,dist+tal,4.201
MAHARASHTRA,Pune,Mawal,Chavsar,Chavsar,788,whole_village,False,False,Chavsar,Mawal,Pune,556022,556022,100.0,dist+tal,7.084
MAHARASHTRA,Pune,Mawal,Dahuli,Dahuli,789,whole_village,False,False,Dahuli,Mawal,Pune,555901,555901,100.0,dist+tal,5.856
MAHARASHTRA,Pune,Mawal,Devale,Devale,790,whole_village,False,False,Devale,Mawal,Pune,555973,555973,100.0,dist+tal,5.2
MAHARASHTRA,Pune,Mawal,Divad,Divad,791,whole_village,False,False,Divad,Mawal,Pune,556049,556049,100.0,dist+tal,6.84
MAHARASHTRA,Pune,Mawal,Dongargaon,Dongargaon,792,whole_village,False,False,Dongargaon,Mawal,Pune,555949,555949,100.0,dist+tal,3.143
MAHARASHTRA,Pune,Mawal,Dudhivare,Dudhivare,793,whole_village,False,False,Dudhivare,Mawal,Pune,555976,555976,100.0,dist+tal,3.591
MAHARASHTRA,Pune,Mawal,Gevhande Apati,Gevhande Apati,794,whole_village,False,False,Gevhande Apati,Mawal,Pune,555981,555981,100.0,dist+tal,12.548
MAHARASHTRA,Pune,Mawal,Inglun,Inglun,795,whole_village,False,False,Inglun,Mawal,Pune,555871,555871,100.0,dist+tal,18.453
MAHARASHTRA,Pune,Mawal,Jambhavali,Jambhavali,796,whole_village,False,False,Jambhavali,Mawal,Pune,555922,555922,100.0,dist+tal,9.092
MAHARASHTRA,Pune,Mawal,Jevare,Jevare,797,whole_village,False,False,Jevare,Mawal,Pune,555942,555942,100.0,dist+tal,3.292
MAHARASHTRA,Pune,Mawal,Jovan,Jovan,798,whole_village,False,False,Jovan,Mawal,Pune,556026,556026,100.0,dist+tal,2.615
MAHARASHTRA,Pune,Mawal,Kadav,Kadav,799,whole_village,False,False,Kadav,Mawal,Pune,556021,556021,100.0,dist+tal,1.957
MAHARASHTRA,Pune,Mawal,Kalhat,Kalhat,800,whole_village,False,False,Kalhat,Mawal,Pune,555875,555875,100.0,dist+tal,12.388
MAHARASHTRA,Pune,Mawal,Kambare Andar Mawal,Kambare Andar Mawal,801,whole_village,False,False,Kambare Andar Mawal,Mawal,Pune,555902,555902,100.0,dist+tal,4.365
MAHARASHTRA,Pune,Mawal,Karandoli,Karandoli,802,whole_village,False,False,Karandoli,Mawal,Pune,555944,555944,100.0,dist+tal,3.444
MAHARASHTRA,Pune,Mawal,Karanjgaon,Karanjgaon,803,whole_village,False,False,Karanjgaon,Mawal,Pune,555926,555926,100.0,dist+tal,3.012
MAHARASHTRA,Pune,Mawal,Kashal,Kashal,804,whole_village,False,False,Kashal,Mawal,Pune,555873,555873,100.0,dist+tal,10.755
MAHARASHTRA,Pune,Mawal,Keware,Keware,805,whole_village,False,False,Keware,Mawal,Pune,556013,556013,100.0,dist+tal,1.92
MAHARASHTRA,Pune,Mawal,Khand,Khand,806,whole_village,False,False,Khand,Mawal,Pune,555899,555899,100.0,dist+tal,12.926
MAHARASHTRA,Pune,Mawal,Khandashi,Khandashi,807,whole_village,False,False,Khandashi,Mawal,Pune,555954,555954,100.0,dist+tal,29.497
MAHARASHTRA,Pune,Mawal,Kivale,Kivale,808,whole_village,False,False,Kivale,Mawal,Pune,555872,555872,100.0,dist+tal,11.981
MAHARASHTRA,Pune,Mawal,Kolechafesar,Kolechafesar,809,whole_village,False,False,Kolechafesar,Mawal,Pune,556010,556010,100.0,dist+tal,5.985
MAHARASHTRA,Pune,Mawal,Kune Ansute,Kune Ansute,810,whole_village,False,False,Kune Ansute,Mawal,Pune,555870,555870,100.0,dist+tal,4.53
MAHARASHTRA,Pune,Mawal,Kune N.M.,Kune N.M.,811,whole_village,False,False,Kune N M,Mawal,Pune,555940,555940,100.0,dist+tal,27.732
MAHARASHTRA,Pune,Mawal,Kurvande,Kurvande,812,whole_village,False,False,Kurvande,Mawal,Pune,555948,555948,100.0,dist+tal,25.193
MAHARASHTRA,Pune,Mawal,Kusur,Kusur,813,whole_village,False,False,Kusur,Mawal,Pune,555900,555900,100.0,dist+tal,16.379
MAHARASHTRA,Pune,Mawal,Lohagad,Lohagad,814,whole_village,False,False,Lohagad,Mawal,Pune,555979,555979,100.0,dist+tal,4.305
MAHARASHTRA,Pune,Mawal,Majgaon,Majgaon,815,whole_village,False,False,Majgaon,Mawal,Pune,556012,556012,100.0,dist+tal,2.139
MAHARASHTRA,Pune,Mawal,Malavandi Thule,Malavandi Thule,816,whole_village,False,False,Malavandi Thule,Mawal,Pune,556016,556016,100.0,dist+tal,5.025
MAHARASHTRA,Pune,Mawal,Malegaon Bk.,Malegaon Bk.,817,whole_village,False,False,Malegaon Bk,Mawal,Pune,555867,555867,100.0,dist+tal,8.145
MAHARASHTRA,Pune,Mawal,Malegaon Kh.,Malegaon Kh.,818,whole_village,False,False,Malegaon Kh,Mawal,Pune,555869,555869,100.0,dist+tal,5.121
MAHARASHTRA,Pune,Mawal,Malewadi,Malewadi,819,whole_village,False,False,Malewadi,Mawal,Pune,555978,555978,100.0,dist+tal,4.085
MAHARASHTRA,Pune,Mawal,Moramarwadi,Moramarwadi,821,whole_village,False,False,Moramarwadi,Mawal,Pune,555927,555927,100.0,dist+tal,5.412
MAHARASHTRA,Pune,Mawal,Morave,Morave,822,whole_village,False,False,Morave,Mawal,Pune,556023,556023,100.0,dist+tal,8.633
MAHARASHTRA,Pune,Mawal,Nandgaon,Nandgaon,823,whole_village,False,False,Nandgaon,Mawal,Pune,555939,555939,100.0,dist+tal,8.301
MAHARASHTRA,Pune,Mawal,Nigade,Nigade,824,whole_village,False,False,Nigade,Mawal,Pune,555876,555876,100.0,dist+tal,15.729
MAHARASHTRA,Pune,Mawal,Ovale,Ovale,825,whole_village,False,False,Ovale,Mawal,Pune,556048,556048,100.0,dist+tal,7.924
MAHARASHTRA,Pune,Mawal,Pale Nane Mawal,Pale Nane Mawal,826,whole_village,False,False,Pale Nane Mawal,Mawal,Pune,555917,555917,100.0,dist+tal,3.11
MAHARASHTRA,Pune,Mawal,Pale Pawan Mawal,Pale Pawan Mawal,827,whole_village,False,False,Pale Pawan Mawal,Mawal,Pune,555983,555983,100.0,dist+tal,2.57
MAHARASHTRA,Pune,Mawal,Pangaloli,Pangaloli,828,whole_village,False,False,Pangaloli,Mawal,Pune,555941,555941,100.0,dist+tal,5.696
MAHARASHTRA,Pune,Mawal,Pansoli,Pansoli,829,whole_village,False,False,Pansoli,Mawal,Pune,556009,556009,100.0,dist+tal,0.563
MAHARASHTRA,Pune,Mawal,Patan,Patan,830,whole_village,False,False,Patan,Mawal,Pune,555968,555968,100.0,dist+tal,4.387
MAHARASHTRA,Pune,Mawal,Pimpaloli,Pimpaloli,831,whole_village,False,False,Pimpaloli,Mawal,Pune,555970,555970,100.0,dist+tal,4.285
MAHARASHTRA,Pune,Mawal,Pimpari,Pimpari,832,whole_village,False,False,Pimpari,Mawal,Pune,555868,555868,100.0,dist+tal,17.161
MAHARASHTRA,Pune,Mawal,Pusane,Pusane,833,whole_village,False,False,Pusane,Mawal,Pune,556050,556050,100.0,dist+tal,7.494
MAHARASHTRA,Pune,Mawal,Rakaswadi,Rakaswadi,834,whole_village,False,False,Rakaswadi,Mawal,Pune,555920,555920,100.0,dist+tal,3.632
MAHARASHTRA,Pune,Mawal,Sadapur,Sadapur,835,whole_village,False,False,Sadapur,Mawal,Pune,555950,555950,100.0,dist+tal,1.569
MAHARASHTRA,Pune,Mawal,Sawale,Sawale,836,whole_village,False,False,Sawale,Mawal,Pune,555866,555866,100.0,dist+tal,12.375
MAHARASHTRA,Pune,Mawal,Shilimb,Shilimb,837,whole_village,False,False,Shilimb,Mawal,Pune,556024,556024,100.0,dist+tal,12.105
MAHARASHTRA,Pune,Mawal,Shindgaon,Shindgaon,838,whole_village,False,False,Shindgaon,Mawal,Pune,555984,555984,100.0,dist+tal,1.678
MAHARASHTRA,Pune,Mawal,Shirdhe,Shirdhe,839,whole_village,False,False,Shirdhe,Mawal,Pune,555919,555919,100.0,dist+tal,5.401
MAHARASHTRA,Pune,Mawal,Somavadi,Somavadi,840,whole_village,False,False,Somavadi,Mawal,Pune,555923,555923,100.0,dist+tal,3.193
MAHARASHTRA,Pune,Mawal,Thoran,Thoran,841,whole_village,False,False,Thoran,Mawal,Pune,555921,555921,100.0,dist+tal,9.45
MAHARASHTRA,Pune,Mawal,Tikona,Tikona,842,whole_village,False,False,Tikona,Mawal,Pune,556019,556019,100.0,dist+tal,8.578
MAHARASHTRA,Pune,Mawal,Tung,Tung,843,whole_village,False,False,Tung,Mawal,Pune,556011,556011,100.0,dist+tal,8.442
MAHARASHTRA,Pune,Mawal,Udhewadi,Udhewadi,845,whole_village,False,False,Udhewadi,Mawal,Pune,555938,555938,100.0,dist+tal,24.968
MAHARASHTRA,Pune,Mawal,Ukasan,Ukasan,846,whole_village,False,False,Ukasan,Mawal,Pune,555918,555918,100.0,dist+tal,9.411
MAHARASHTRA,Pune,Mawal,Vagheshwar,Vagheshwar,847,whole_village,False,False,Vagheshwar,Mawal,Pune,556025,556025,100.0,dist+tal,2.023
MAHARASHTRA,Pune,Mawal,Valavanti,Valavanti,848,whole_village,False,False,Valavanti,Mawal,Pune,555924,555924,100.0,dist+tal,3.372
MAHARASHTRA,Pune,Mawal,Varsoli,Varsoli,850,whole_village,False,False,Warsoli,Mawal,Pune,555947,555947,100.0,dist+tal,2.329
MAHARASHTRA,Pune,Mawal,Vaund,Vaund,851,whole_village,False,False,Vaund,Mawal,Pune,555915,555915,100.0,dist+tal,3.119
MAHARASHTRA,Pune,Mawal,Vehergaon,Vehergaon,852,whole_village,False,False,Vehergaon,Mawal,Pune,555965,555965,100.0,dist+tal,3.503
MAHARASHTRA,Pune,Mawal,Waksai,Waksai,853,whole_village,False,False,Waksai,Mawal,Pune,555946,555946,100.0,dist+tal,3.96
MAHARASHTRA,Pune,Mulshi,Adgaon,Adgaon,854,whole_village,False,False,Adgaon,Mulshi,Pune,556074,556074,100.0,dist+tal,8.671
MAHARASHTRA,Pune,Mulshi,Admal,Admal,855,whole_village,False,False,Admal,Mulshi,Pune,556192,556192,100.0,dist+tal,5.1
MAHARASHTRA,Pune,Mulshi,Ambavane,Ambavane,856,whole_village,False,False,Ambavane,Mulshi,Pune,556059,556059,100.0,dist+tal,12.611
MAHARASHTRA,Pune,Mulshi,Andhale,Andhale,857,whole_village,False,False,Andhale,Mulshi,Pune,556090,556090,100.0,dist+tal,5.113
MAHARASHTRA,Pune,Mulshi,Barpe Bk.,Barpe Bk.,858,whole_village,False,False,Barpe Bk,Mulshi,Pune,556067,556067,100.0,dist+tal,6.742
MAHARASHTRA,Pune,Mulshi,Bembatmal,Bembatmal,859,whole_village,False,False,Bembatmal,Mulshi,Pune,556194,556194,100.0,dist+tal,1.601
MAHARASHTRA,Pune,Mulshi,Bhadas Bk.,Bhadas Bk.,860,whole_village,False,False,Bhadas Bk,Mulshi,Pune,556143,556143,100.0,dist+tal,3.883
MAHARASHTRA,Pune,Mulshi,Bhalgudi,Bhalgudi,861,whole_village,False,False,Bhalgudi,Mulshi,Pune,556108,556108,100.0,dist+tal,5.554
MAHARASHTRA,Pune,Mulshi,Bhambarde,Bhambarde,862,whole_village,False,False,Bhambarde,Mulshi,Pune,556071,556071,100.0,dist+tal,9.894
MAHARASHTRA,Pune,Mulshi,Bhode,Bhode,863,whole_village,False,False,Bhode,Mulshi,Pune,556179,556179,100.0,dist+tal,12.148
MAHARASHTRA,Pune,Mulshi,Bhoini,Bhoini,864,whole_village,False,False,Bhoini,Mulshi,Pune,556185,556185,100.0,dist+tal,6.527
MAHARASHTRA,Pune,Mulshi,Chandivali,Chandivali,865,whole_village,False,False,Chandivali,Mulshi,Pune,556063,556063,100.0,dist+tal,2.996
MAHARASHTRA,Pune,Mulshi,Chinchwad,Chinchwad,866,whole_village,False,False,Chinchwad,Mulshi,Pune,556156,556156,100.0,dist+tal,2.396
MAHARASHTRA,Pune,Mulshi,Dasave,Dasave,867,whole_village,False,False,Dasave,Mulshi,Pune,556186,556186,100.0,dist+tal,10.181
MAHARASHTRA,Pune,Mulshi,Devghar,Devghar,868,whole_village,False,False,Devghar,Mulshi,Pune,556056,556056,100.0,dist+tal,10.22
MAHARASHTRA,Pune,Mulshi,Dhadawali,Dhadawali,869,whole_village,False,False,Dhadawali,Mulshi,Pune,556197,556197,100.0,dist+tal,3.249
MAHARASHTRA,Pune,Mulshi,Dhamanohol,Dhamanohol,870,whole_village,False,False,Dhamanohol,Mulshi,Pune,556182,556182,100.0,dist+tal,17.243
MAHARASHTRA,Pune,Mulshi,Disali,Disali,871,whole_village,False,False,Disali,Mulshi,Pune,556078,556078,100.0,dist+tal,0.883
MAHARASHTRA,Pune,Mulshi,Dongargaon,Dongargaon,872,whole_village,False,False,Dongargaon,Mulshi,Pune,556115,556115,100.0,dist+tal,6.196
MAHARASHTRA,Pune,Mulshi,Ekole,Ekole,873,whole_village,False,False,Ekole,Mulshi,Pune,556072,556072,100.0,dist+tal,7.567
MAHARASHTRA,Pune,Mulshi,Gadale,Gadale,874,whole_village,False,False,Gadale,Mulshi,Pune,556189,556189,100.0,dist+tal,10.187
MAHARASHTRA,Pune,Mulshi,Gavadewadi,Gavadewadi,875,whole_village,False,False,Gavadewadi,Mulshi,Pune,556142,556142,100.0,dist+tal,2.332
MAHARASHTRA,Pune,Mulshi,Ghutake,Ghutake,876,whole_village,False,False,Ghutake,Mulshi,Pune,556073,556073,100.0,dist+tal,8.417
MAHARASHTRA,Pune,Mulshi,Hadashi,Hadashi,877,whole_village,False,False,Hadashi,Mulshi,Pune,556112,556112,100.0,dist+tal,7.381
MAHARASHTRA,Pune,Mulshi,Hotale,Hotale,878,whole_village,False,False,Hotale,Mulshi,Pune,556116,556116,100.0,dist+tal,2.415
MAHARASHTRA,Pune,Mulshi,Jambulne,Jambulne,879,whole_village,False,False,Jambhul,Mawal,Pune,555893,555893,85.7,dist,6.646
MAHARASHTRA,Pune,Mulshi,Jamgaon,Jamgaon,880,whole_village,False,False,Jamgaon,Mulshi,Pune,556079,556079,100.0,dist+tal,3.368
MAHARASHTRA,Pune,Mulshi,Jawal,Jawal,881,whole_village,False,False,Jawal,Mulshi,Pune,556104,556104,100.0,dist+tal,6.695
MAHARASHTRA,Pune,Mulshi,Kashig,Kashig,882,whole_village,False,False,Kashig,Mulshi,Pune,556106,556106,100.0,dist+tal,4.318
MAHARASHTRA,Pune,Mulshi,Kemasewadi,Kemasewadi,883,whole_village,False,False,Kemasewadi,Mulshi,Pune,556105,556105,100.0,dist+tal,2.423
MAHARASHTRA,Pune,Mulshi,Kolavade,Kolavade,884,whole_village,False,False,Kolavade,Mulshi,Pune,556166,556166,100.0,dist+tal,7.136
MAHARASHTRA,Pune,Mulshi,Kolawali,Kolawali,885,whole_village,False,False,Kolawali,Mulshi,Pune,556062,556062,100.0,dist+tal,3.452
MAHARASHTRA,Pune,Mulshi,Koloshi,Koloshi,886,whole_village,False,False,Koloshi,Mulshi,Pune,556183,556183,100.0,dist+tal,1.735
MAHARASHTRA,Pune,Mulshi,Kolwan,Kolwan,887,whole_village,False,False,Kolwan,Mulshi,Pune,556113,556113,100.0,dist+tal,3.005
MAHARASHTRA,Pune,Mulshi,Kondhawale,Kondhawale,888,whole_village,False,False,Kondhawale,Mulshi,Pune,556151,556151,100.0,dist+tal,5.279
MAHARASHTRA,Pune,Mulshi,Kondhur,Kondhur,889,whole_village,False,False,Kondhur,Mulshi,Pune,556174,556174,100.0,dist+tal,7.682
MAHARASHTRA,Pune,Mulshi,Kumbhori,Kumbhori,890,whole_village,False,False,Kumbheri,Mulshi,Pune,556061,556061,100.0,dist+tal,4.55
MAHARASHTRA,Pune,Mulshi,Lavharde,Lavharde,891,whole_village,False,False,Lavharde,Mulshi,Pune,556165,556165,100.0,dist+tal,7.303
MAHARASHTRA,Pune,Mulshi,Maded,Maded,892,whole_village,False,False,Mandede,Mulshi,Pune,556154,556154,100.0,dist+tal,8.941
MAHARASHTRA,Pune,Mulshi,Majgaon,Majgaon,893,whole_village,False,False,Majgaon,Mulshi,Pune,556060,556060,100.0,dist+tal,6.212
MAHARASHTRA,Pune,Mulshi,Male,Male,894,whole_village,False,False,Male,Mulshi,Pune,556080,556080,100.0,dist+tal,11.348
MAHARASHTRA,Pune,Mulshi,Mose Kh.,Mose Kh.,895,whole_village,False,False,Mose Kh,Mulshi,Pune,556198,556198,100.0,dist+tal,3.018
MAHARASHTRA,Pune,Mulshi,Mugaon,Mugaon,896,whole_village,False,False,Mugaon,Mulshi,Pune,556184,556184,100.0,dist+tal,10.679
MAHARASHTRA,Pune,Mulshi,Mulshi Kh.,Mulshi Kh.,897,whole_village,False,False,Mulshi Kh,Mulshi,Pune,556086,556086,100.0,dist+tal,5.777
MAHARASHTRA,Pune,Mulshi,Nandivali,Nandivali,898,whole_village,False,False,Nandivali,Mulshi,Pune,556069,556069,100.0,dist+tal,6.447
MAHARASHTRA,Pune,Mulshi,Nive,Nive,899,whole_village,False,False,Nive,Mulshi,Pune,556085,556085,100.0,dist+tal,17.133
MAHARASHTRA,Pune,Mulshi,Padalghar,Padalghar,900,whole_village,False,False,Padalghar,Mulshi,Pune,556187,556187,100.0,dist+tal,2.201
MAHARASHTRA,Pune,Mulshi,Padalgharwadi,Padalgharwadi,901,whole_village,False,False,Padalgharwadi,Mulshi,Pune,556103,556103,100.0,dist+tal,4.493
MAHARASHTRA,Pune,Mulshi,Palase,Palase,902,whole_village,False,False,Palase,Mulshi,Pune,556193,556193,100.0,dist+tal,3.864
MAHARASHTRA,Pune,Mulshi,Patharshet,Patharshet,903,whole_village,False,False,Patharshet,Mulshi,Pune,556195,556195,100.0,dist+tal,2.575
MAHARASHTRA,Pune,Mulshi,Peth Shahapur,Peth Shahapur,904,whole_village,False,False,Peth Shahapur,Mulshi,Pune,556058,556058,100.0,dist+tal,13.68
MAHARASHTRA,Pune,Mulshi,Pimpaloli,Pimpaloli,905,whole_village,False,False,Pimpaloli,Mulshi,Pune,556093,556093,100.0,dist+tal,4.793
MAHARASHTRA,Pune,Mulshi,Pimpri,Pimpri,906,whole_village,False,False,Pimpri,Mulshi,Pune,556075,556075,100.0,dist+tal,24.459
MAHARASHTRA,Pune,Mulshi,Pomgaon,Pomgaon,907,whole_village,False,False,Pomgaon,Mulshi,Pune,556064,556064,100.0,dist+tal,14.67
MAHARASHTRA,Pune,Mulshi,Saiv Kh,Saiv Kh,908,whole_village,False,False,Saiv Kh,Mulshi,Pune,556199,556199,100.0,dist+tal,3.737
MAHARASHTRA,Pune,Mulshi,Sakhari,Sakhari,909,whole_village,False,False,Sakhari,Mulshi,Pune,556190,556190,100.0,dist+tal,3.062
MAHARASHTRA,Pune,Mulshi,Saltar,Saltar,910,whole_village,False,False,Saltar,Mulshi,Pune,556065,556065,100.0,dist+tal,7.64
MAHARASHTRA,Pune,Mulshi,Sambhave,Sambhave,911,whole_village,False,False,Sambhave,Mulshi,Pune,556077,556077,100.0,dist+tal,2.691
MAHARASHTRA,Pune,Mulshi,Share,Share,912,whole_village,False,False,Shere,Mulshi,Pune,556153,556153,100.0,dist+tal,7.086
MAHARASHTRA,Pune,Mulshi,Shedani,Shedani,913,whole_village,False,False,Shedani,Mulshi,Pune,556070,556070,100.0,dist+tal,6.856
MAHARASHTRA,Pune,Mulshi,Shirvali,Shirvali,914,whole_village,False,False,Shirvali,Mulshi,Pune,556068,556068,100.0,dist+tal,3.874
MAHARASHTRA,Pune,Mulshi,Tail Baila,Tail Baila,915,whole_village,False,False,Tail Baila,Mulshi,Pune,556066,556066,100.0,dist+tal,10.52
MAHARASHTRA,Pune,Mulshi,Tamhini Bk.,Tamhini Bk.,916,whole_village,False,False,Tamhini Bk,Mulshi,Pune,556088,556088,100.0,dist+tal,31.511
MAHARASHTRA,Pune,Mulshi,Tata Talav,Tata Talav,917,whole_village,False,False,Tata Talav,Mulshi,Pune,556082,556082,100.0,dist+tal,5.447
MAHARASHTRA,Pune,Mulshi,Tav,Tav,918,whole_village,False,False,Tav,Mulshi,Pune,556196,556196,100.0,dist+tal,16.497
MAHARASHTRA,Pune,Mulshi,Temghar,Temghar,919,whole_village,False,False,Temghar,Mulshi,Pune,556181,556181,100.0,dist+tal,9.204
MAHARASHTRA,Pune,Mulshi,Ugavali,Ugavali,920,whole_village,False,False,Ugavali,Mulshi,Pune,556188,556188,100.0,dist+tal,0.712
MAHARASHTRA,Pune,Mulshi,Vadgaon,Vadgaon,921,whole_village,False,False,Vadgaon,Mulshi,Pune,556083,556083,100.0,dist+tal,3.017
MAHARASHTRA,Pune,Mulshi,Valane,Valane,922,whole_village,False,False,Valane,Mulshi,Pune,556076,556076,100.0,dist+tal,5.214
MAHARASHTRA,Pune,Mulshi,Vandre,Vandre,923,whole_village,False,False,Vandre,Mulshi,Pune,556084,556084,100.0,dist+tal,10.21
MAHARASHTRA,Pune,Mulshi,Vede,Vede,924,whole_village,False,False,Vede,Mulshi,Pune,556180,556180,100.0,dist+tal,3.565
MAHARASHTRA,Pune,Mulshi,Vegre,Vegre,925,whole_village,False,False,Wegare,Mulshi,Pune,556164,556164,100.0,dist+tal,21.58
MAHARASHTRA,Pune,Mulshi,Visakhar,Visakhar,926,whole_village,False,False,Visakhar,Mulshi,Pune,556057,556057,100.0,dist+tal,7.845
MAHARASHTRA,Pune,Mulshi,Vitthalwadi,Vitthalwadi,927,whole_village,False,False,Vitthalwadi,Mulshi,Pune,556150,556150,100.0,dist+tal,3.546
MAHARASHTRA,Pune,Mulshi,Wadavali,Wadavali,928,whole_village,False,False,Wadavali,Mulshi,Pune,556191,556191,100.0,dist+tal,4.954
MAHARASHTRA,Pune,Mulshi,Walen,Walen,929,whole_village,False,False,Walen,Mulshi,Pune,556114,556114,100.0,dist+tal,6.928
MAHARASHTRA,Pune,Mulshi,Warak,Warak,930,whole_village,False,False,Warak,Mulshi,Pune,556087,556087,100.0,dist+tal,12.285
MAHARASHTRA,Pune,Mulshi,Watunde,Watunde,931,whole_village,False,False,Watunde,Mulshi,Pune,556177,556177,100.0,dist+tal,5.038
MAHARASHTRA,Pune,Purandhar,Bandhalwadi,Bandhalwadi,932,whole_village,False,False,Bandhalwadi,Purandhar,Pune,556506,556506,100.0,dist+tal,2.364
MAHARASHTRA,Pune,Purandhar,Bhairavwadi,Bhairavwadi,933,whole_village,False,False,Bhairavwadi,Purandhar,Pune,556507,556507,100.0,dist+tal,2.883
MAHARASHTRA,Pune,Purandhar,Chivhewadi,Chivhewadi,934,whole_village,False,False,Chivhewadi,Purandhar,Pune,556495,556495,100.0,dist+tal,1.477
MAHARASHTRA,Pune,Purandhar,Dawanewadi,Dawanewadi,935,whole_village,False,False,Dawanewadi,Purandhar,Pune,556505,556505,100.0,dist+tal,5.209
MAHARASHTRA,Pune,Purandhar,Gherapurandhar,Gherapurandhar,936,whole_village,False,False,Gherapurandhar,Purandhar,Pune,556508,556508,100.0,dist+tal,14.032
MAHARASHTRA,Pune,Purandhar,Ketkawale,Ketkawale,937,whole_village,False,False,Ketkawale,Purandhar,Pune,556510,556510,100.0,dist+tal,4.658
MAHARASHTRA,Pune,Purandhar,Kumbhoshi,Kumbhoshi,938,whole_village,False,False,Kumbhoshi,Purandhar,Pune,556511,556511,100.0,dist+tal,5.678
MAHARASHTRA,Pune,Purandhar,Misalwadi,Misalwadi,939,whole_village,False,False,Misalawadi,Purandhar,Pune,556509,556509,94.7,dist+tal,1.095
MAHARASHTRA,Pune,Purandhar,Panvadi,Panvadi,940,whole_village,False,False,Panvadi,Purandhar,Pune,556496,556496,100.0,dist+tal,6.66
MAHARASHTRA,Pune,Purandhar,Pingori,Pingori,941,whole_village,False,False,Pingori,Purandhar,Pune,556524,556524,100.0,dist+tal,16.58
MAHARASHTRA,Pune,Purandhar,Satalwadi,Satalwadi,942,whole_village,False,False,Satalwadi,Purandhar,Pune,556503,556503,100.0,dist+tal,14.67
MAHARASHTRA,Pune,Velhe,Ambegaon Bk.,Ambegaon Bk.,943,whole_village,False,False,Ambegaon Kh,Velhe,Pune,556552,556552,100.0,dist+tal,5.425
MAHARASHTRA,Pune,Velhe,Ambegaon Kh.,Ambegaon Kh.,944,whole_village,False,False,Ambegaon Bk,Velhe,Pune,556572,556572,100.0,dist+tal,5.458
MAHARASHTRA,Pune,Velhe,Antroli,Antroli,945,whole_village,False,False,Antroli,Velhe,Pune,556628,556628,100.0,dist+tal,10.147
MAHARASHTRA,Pune,Velhe,Asani Manjai,Asani Manjai,946,whole_village,False,False,Asani Manjai,Velhe,Pune,556670,556670,100.0,dist+tal,2.719
MAHARASHTRA,Pune,Velhe,Balvadi,Balvadi,947,whole_village,False,False,Balvadi,Velhe,Pune,556548,556548,100.0,dist+tal,2.623
MAHARASHTRA,Pune,Velhe,Barshicha Mal,Barshicha Mal,948,whole_village,False,False,Barshicha Mal,Velhe,Pune,556611,556611,100.0,dist+tal,2.241
MAHARASHTRA,Pune,Velhe,Bhalvadi,Bhalvadi,949,whole_village,False,False,Bhalvadi,Velhe,Pune,556618,556618,100.0,dist+tal,5.827
MAHARASHTRA,Pune,Velhe,Bhatti Wagdra,Bhatti Wagdra,950,whole_village,False,False,Bhatti Wagdra,Velhe,Pune,556600,556600,100.0,dist+tal,5.999
MAHARASHTRA,Pune,Velhe,Bhordi,Bhordi,951,whole_village,False,False,Bhordi,Velhe,Pune,556609,556609,100.0,dist+tal,10.482
MAHARASHTRA,Pune,Velhe,Bopalghar,Bopalghar,952,whole_village,False,False,Bopalghar,Velhe,Pune,556587,556587,100.0,dist+tal,1.034
MAHARASHTRA,Pune,Velhe,Brahmanghar,Brahmanghar,953,whole_village,False,False,Brahmanghar,Velhe,Pune,556597,556597,100.0,dist+tal,0.907
MAHARASHTRA,Pune,Velhe,Chandar,Chandar,954,whole_village,False,False,Chandar,Velhe,Pune,556582,556582,100.0,dist+tal,7.467
MAHARASHTRA,Pune,Velhe,Chapet,Chapet,955,whole_village,False,False,Chapet,Velhe,Pune,556588,556588,100.0,dist+tal,1.348
MAHARASHTRA,Pune,Velhe,Charhat Wadi,Charhat Wadi,956,whole_village,False,False,Charhat Wadi,Velhe,Pune,556601,556601,100.0,dist+tal,1.745
MAHARASHTRA,Pune,Velhe,Chikali Kh.,Chikali Kh.,957,whole_village,False,False,Chikhali Kh,Velhe,Pune,556547,556547,94.7,dist+tal,1.433
MAHARASHTRA,Pune,Velhe,Dadvadi,Dadvadi,958,whole_village,False,False,Dadvadi,Velhe,Pune,556650,556650,100.0,dist+tal,1.449
MAHARASHTRA,Pune,Velhe,Dapsare,Dapsare,959,whole_village,False,False,Dapsare,Velhe,Pune,556542,556542,100.0,dist+tal,7.653
MAHARASHTRA,Pune,Velhe,Dhindali,Dhindali,960,whole_village,False,False,Dhindali,Velhe,Pune,556570,556570,100.0,dist+tal,1.783
MAHARASHTRA,Pune,Velhe,Ekalgaon,Ekalgaon,961,whole_village,False,False,Ekalgaon,Mahad,Raigad,556608,556608,100.0,state,3.324
MAHARASHTRA,Pune,Velhe,Gevhande,Gevhande,962,whole_village,False,False,Gevhande,Velhe,Pune,556602,556602,100.0,dist+tal,3.881
MAHARASHTRA,Pune,Velhe,Ghisar,Ghisar,963,whole_village,False,False,Ghisar,Velhe,Pune,556584,556584,100.0,dist+tal,10.307
MAHARASHTRA,Pune,Velhe,Ghodkhal,Ghodkhal,964,whole_village,False,False,Ghodkhal,Velhe,Pune,556545,556545,100.0,dist+tal,3.664
MAHARASHTRA,Pune,Velhe,Ghodshet,Ghodshet,965,whole_village,False,False,Ghodshet,Velhe,Pune,556575,556575,100.0,dist+tal,1.422
MAHARASHTRA,Pune,Velhe,Ghol,Ghol,966,whole_village,False,False,Ghol,Velhe,Pune,556580,556580,100.0,dist+tal,7.907
MAHARASHTRA,Pune,Velhe,Gholapghar,Gholapghar,967,whole_village,False,False,Gholapghar,Velhe,Pune,556551,556551,100.0,dist+tal,1.647
MAHARASHTRA,Pune,Velhe,Givashi,Givashi,968,whole_village,False,False,Givashi,Velhe,Pune,556573,556573,100.0,dist+tal,4.113
MAHARASHTRA,Pune,Velhe,Gondekhal,Gondekhal,969,whole_village,False,False,Gondekhal,Velhe,Pune,556544,556544,100.0,dist+tal,4.793
MAHARASHTRA,Pune,Velhe,Gugulshi,Gugulshi,970,whole_village,False,False,Gugulshi,Velhe,Pune,556625,556625,100.0,dist+tal,3.393
MAHARASHTRA,Pune,Velhe,Gunjavane,Gunjavane,971,whole_village,False,False,Gunjavane,Velhe,Pune,556671,556671,100.0,dist+tal,15.42
MAHARASHTRA,Pune,Velhe,Harpud,Harpud,972,whole_village,False,False,Harpud,Velhe,Pune,556606,556606,100.0,dist+tal,5.16
MAHARASHTRA,Pune,Velhe,Jadhavwadi,Jadhavwadi,973,whole_village,False,False,Jadhavwadi,Velhe,Pune,556603,556603,100.0,dist+tal,2.812
MAHARASHTRA,Pune,Velhe,Kadhve,Kadhve,974,whole_village,False,False,Kadave,Velhe,Pune,556568,556568,100.0,dist+tal,8.674
MAHARASHTRA,Pune,Velhe,Kambegi,Kambegi,975,whole_village,False,False,Kambegi,Velhe,Pune,556550,556550,100.0,dist+tal,1.424
MAHARASHTRA,Pune,Velhe,Kanand,Kanand,976,whole_village,False,False,Kanand,Velhe,Pune,556586,556586,100.0,dist+tal,7.361
MAHARASHTRA,Pune,Velhe,Karnavadi,Karnavadi,977,whole_village,False,False,Karnavadi,Velhe,Pune,556627,556627,100.0,dist+tal,5.053
MAHARASHTRA,Pune,Velhe,Kasedi,Kasedi,978,whole_village,False,False,Kasedi,Velhe,Pune,556546,556546,100.0,dist+tal,2.172
MAHARASHTRA,Pune,Velhe,Kelad,Kelad,979,whole_village,False,False,Kelad,Velhe,Pune,556623,556623,100.0,dist+tal,7.27
MAHARASHTRA,Pune,Velhe,Khanu,Khanu,980,whole_village,False,False,Khanu,Velhe,Pune,556581,556581,100.0,dist+tal,6.911
MAHARASHTRA,Pune,Velhe,Khodad,Khodad,981,whole_village,False,False,Khodad,Velhe,Pune,556596,556596,100.0,dist+tal,1.095
MAHARASHTRA,Pune,Velhe,Khopde Wadi,Khopde Wadi,982,whole_village,False,False,Khopde Wadi,Velhe,Pune,556617,556617,100.0,dist+tal,2.97
MAHARASHTRA,Pune,Velhe,Kolambi,Kolambi,983,whole_village,False,False,Kolambi,Velhe,Pune,556604,556604,100.0,dist+tal,8.387
MAHARASHTRA,Pune,Velhe,Kondgaon,Kondgaon,984,whole_village,False,False,Kondgaon,Velhe,Pune,556563,556563,100.0,dist+tal,3.237
MAHARASHTRA,Pune,Velhe,Koshimghar,Koshimghar,985,whole_village,False,False,Koshimghar,Velhe,Pune,556549,556549,100.0,dist+tal,1.859
MAHARASHTRA,Pune,Velhe,Kuravati,Kuravati,986,whole_village,False,False,Kurvadi,Velhe,Pune,556553,556553,100.0,dist+tal,1.701
MAHARASHTRA,Pune,Velhe,Kurtavadi,Kurtavadi,987,whole_village,False,False,Kurtavadi,Velhe,Pune,556543,556543,100.0,dist+tal,5.455
MAHARASHTRA,Pune,Velhe,Lavhi Kh.,Lavhi Kh.,988,whole_village,False,False,Lavhi Kh,Velhe,Pune,556651,556651,100.0,dist+tal,0.932
MAHARASHTRA,Pune,Velhe,Majgaon,Majgaon,989,whole_village,False,False,Majgaon,Velhe,Pune,556621,556621,100.0,dist+tal,3.021
MAHARASHTRA,Pune,Velhe,Mangaon,Mangaon,990,whole_village,False,False,Mangaon,Velhe,Pune,556578,556578,100.0,dist+tal,11.052
MAHARASHTRA,Pune,Velhe,Metpilaware,Metpilaware,991,whole_village,False,False,Metpilaware,Velhe,Pune,556612,556612,100.0,dist+tal,6.531
MAHARASHTRA,Pune,Velhe,Mohari,Mohari,992,whole_village,False,False,Mohari,Velhe,Pune,556583,556583,100.0,dist+tal,4.788
MAHARASHTRA,Pune,Velhe,Mose Bk.,Mose Bk.,993,whole_village,False,False,Mose Bk,Velhe,Pune,556554,556554,100.0,dist+tal,8.941
MAHARASHTRA,Pune,Velhe,Nigde Kh.,Nigde Kh.,994,whole_village,False,False,Nigde Kh,Velhe,Pune,556622,556622,100.0,dist+tal,7.797
MAHARASHTRA,Pune,Velhe,Nivi,Nivi,995,whole_village,False,False,Nivi,Velhe,Pune,556585,556585,100.0,dist+tal,5.482
MAHARASHTRA,Pune,Velhe,Pal Kh.,Pal Kh.,996,whole_village,False,False,Pal Kh,Velhe,Pune,556616,556616,100.0,dist+tal,3.497
MAHARASHTRA,Pune,Velhe,Pangari,Pangari,997,whole_village,False,False,Pangari,Velhe,Pune,556626,556626,100.0,dist+tal,2.274
MAHARASHTRA,Pune,Velhe,Pasali,Pasali,998,whole_village,False,False,Pasali,Velhe,Pune,556620,556620,100.0,dist+tal,2.84
MAHARASHTRA,Pune,Velhe,Pimpri,Pimpri,999,whole_village,False,False,Pimpri,Velhe,Pune,556649,556649,100.0,dist+tal,1.537
MAHARASHTRA,Pune,Velhe,Pishawi,Pishawi,1000,whole_village,False,False,Pishawi,Velhe,Pune,556624,556624,100.0,dist+tal,2.488
MAHARASHTRA,Pune,Velhe,Pole,Pole,1001,whole_village,False,False,Pole,Velhe,Pune,556577,556577,100.0,dist+tal,7.673
MAHARASHTRA,Pune,Velhe,Ranjane,Ranjane,1002,whole_village,False,False,Ranjane,Velhe,Pune,556564,556564,100.0,dist+tal,7.394
MAHARASHTRA,Pune,Velhe,Shenavadi,Shenavadi,1003,whole_village,False,False,Shenvad,Velhe,Pune,556619,556619,100.0,dist+tal,2.584
MAHARASHTRA,Pune,Velhe,Shirkoli,Shirkoli,1004,whole_village,False,False,Shirkoli,Velhe,Pune,556574,556574,100.0,dist+tal,13.437
MAHARASHTRA,Pune,Velhe,Singapur,Singapur,1005,whole_village,False,False,Singapur,Velhe,Pune,556607,556607,100.0,dist+tal,3.314
MAHARASHTRA,Pune,Velhe,Tekpole,Tekpole,1006,whole_village,False,False,Tekpole,Velhe,Pune,556579,556579,100.0,dist+tal,12.767
MAHARASHTRA,Pune,Velhe,Thangaon,Thangaon,1007,whole_village,False,False,Thangaon,Velhe,Pune,556576,556576,100.0,dist+tal,3.17
MAHARASHTRA,Pune,Velhe,Vadghar,Vadghar,1008,whole_village,False,False,Vadghar,Velhe,Pune,556571,556571,100.0,dist+tal,4.74
MAHARASHTRA,Pune,Velhe,Varoti Bk.,Varoti Bk.,1009,whole_village,False,False,Varoti Bk,Velhe,Pune,556605,556605,100.0,dist+tal,8.261
MAHARASHTRA,Pune,Velhe,Varoti Kh.,Varoti Kh.,1010,whole_village,False,False,Varoti Kh,Velhe,Pune,556610,556610,100.0,dist+tal,2.628
MAHARASHTRA,Pune,Velhe,Velhe Bk.,Velhe Bk.,1011,whole_village,False,False,Velhe Bk,Velhe,Pune,556599,556599,100.0,dist+tal,5.325
MAHARASHTRA,Pune,Velhe,Velhe Bk. Ghera,Velhe Bk. Ghera,1012,whole_village,False,False,Velhe Kh Ghera,Velhe,Pune,556613,556613,100.0,dist+tal,1.82
MAHARASHTRA,Raigad,Karjat,Ambherpada,Ambherpada,1013,whole_village,False,False,Ambherpada,Karjat,Raigad,553579,553579,100.0,dist+tal,12.383
MAHARASHTRA,Raigad,Karjat,Baliware,Baliware,1014,whole_village,False,False,Baliware,Karjat,Raigad,553566,553566,100.0,dist+tal,8.024
MAHARASHTRA,Raigad,Karjat,Bamnoli,Bamnoli,1015,whole_village,False,False,Bamnoli,Karjat,Raigad,553662,553662,100.0,dist+tal,0.228
MAHARASHTRA,Raigad,Karjat,Bhivpuri (Camp),Bhivpuri (Camp),1016,whole_village,False,False,Bhivpuri,Karjat,Raigad,553630,553630,100.0,dist+tal,1.692
MAHARASHTRA,Raigad,Karjat,Borgaon,Borgaon,1017,whole_village,False,False,Borgaon,Karjat,Raigad,553562,553562,100.0,dist+tal,10.909
MAHARASHTRA,Raigad,Karjat,Chafewadi,Chafewadi,1018,whole_village,False,False,Chafewadi,Karjat,Raigad,553569,553569,100.0,dist+tal,4.487
MAHARASHTRA,Raigad,Karjat,Chai,Chai,1019,whole_village,False,False,Chai,Karjat,Raigad,553564,553564,100.0,dist+tal,3.494
MAHARASHTRA,Raigad,Karjat,Chevane,Chevane,1020,whole_village,False,False,Chevane,Karjat,Raigad,553568,553568,100.0,dist+tal,5.014
MAHARASHTRA,Raigad,Karjat,Chinchwadi,Chinchwadi*,1021,bifurcated_village,True,False,Chinchwad,Devgad,Sindhudurg,566253,566253,100.0,state,1.658
MAHARASHTRA,Raigad,Karjat,Chochi,Chochi,1022,whole_village,False,False,Chochi,Karjat,Raigad,553694,553694,100.0,dist+tal,7.571
MAHARASHTRA,Raigad,Karjat,Deopada,Deopada,1023,whole_village,False,False,Deopada,Karjat,Raigad,553574,553574,100.0,dist+tal,7.141
MAHARASHTRA,Raigad,Karjat,Dhak,Dhak,1024,whole_village,False,False,Dhak,Karjat,Raigad,553649,553649,100.0,dist+tal,18.713
MAHARASHTRA,Raigad,Karjat,Dhamni,Dhamni,1025,whole_village,False,False,Dhamni,Karjat,Raigad,553602,553602,100.0,dist+tal,10.769
MAHARASHTRA,Raigad,Karjat,Dhotre,Dhotre,1026,whole_village,False,False,Dhotre,Karjat,Raigad,553583,553583,100.0,dist+tal,4.08
MAHARASHTRA,Raigad,Karjat,Dongarpada,Dongarpada*,1027,bifurcated_village,True,False,Dongarpada,Sakri,Dhule,526390,526390,100.0,state,3.113
MAHARASHTRA,Raigad,Karjat,Gudhavan,Gudhavan,1028,whole_village,False,False,Gudhavan,Karjat,Raigad,553591,553591,100.0,dist+tal,4.858
MAHARASHTRA,Raigad,Karjat,Hedawali,Hedawali,1029,whole_village,False,False,Hedawali,Karjat,Raigad,553612,553612,100.0,dist+tal,5.371
MAHARASHTRA,Raigad,Karjat,Humgaon,Humgaon,1030,whole_village,False,False,Humgaon,Karjat,Raigad,553631,553631,100.0,dist+tal,6.125
MAHARASHTRA,Raigad,Karjat,Jambhiwali,Jambhiwali,1031,whole_village,False,False,Jambhiwali,Karjat,Raigad,553638,553638,100.0,dist+tal,2.088
MAHARASHTRA,Raigad,Karjat,Jambrung,Jambrung,1032,whole_village,False,False,Jambrung,Karjat,Raigad,553600,553600,100.0,dist+tal,13.65
MAHARASHTRA,Raigad,Karjat,Khandas,Khandas,1034,whole_village,False,False,Khandas,Karjat,Raigad,553577,553577,100.0,dist+tal,14.583
MAHARASHTRA,Raigad,Karjat,Kharwandi,Kharwandi,1035,whole_village,False,False,Kharwandi,Karjat,Raigad,553684,553684,100.0,dist+tal,2.205
MAHARASHTRA,Raigad,Karjat,Kondhane,Kondhane,1036,whole_village,False,False,Kondhane,Karjat,Raigad,553693,553693,100.0,dist+tal,3.007
MAHARASHTRA,Raigad,Karjat,Kurung,Kurung,1037,whole_village,False,False,Kurung,Karjat,Raigad,553570,553570,100.0,dist+tal,5.202
MAHARASHTRA,Raigad,Karjat,Kushiwali,Kushiwali,1038,whole_village,False,False,Kushiwali,Karjat,Raigad,553648,553648,100.0,dist+tal,2.981
MAHARASHTRA,Raigad,Karjat,Malegaon T. Kothal Khalati,Malegaon T. Kothal Khalati,1039,whole_village,False,False,Malegaon T Kothal Khalati,Karjat,Raigad,553605,553605,100.0,dist+tal,3.435
MAHARASHTRA,Raigad,Karjat,Mandawane,Mandawane,1040,whole_village,False,False,Mandawane,Karjat,Raigad,553613,553613,100.0,dist+tal,6.417
MAHARASHTRA,Raigad,Karjat,Mangaon T. Wasare,Mangaon T. Wasare,1041,whole_village,False,False,Mangaon T Wasare,Karjat,Raigad,553681,553681,100.0,dist+tal,2.37
MAHARASHTRA,Raigad,Karjat,Margachiwadi,Margachiwadi,1042,whole_village,False,False,Margachiwadi,Karjat,Raigad,553586,553586,100.0,dist+tal,1.627
MAHARASHTRA,Raigad,Karjat,Mugape,Mugape,1044,whole_village,False,False,Mugape,Karjat,Raigad,553692,553692,100.0,dist+tal,2.632
MAHARASHTRA,Raigad,Karjat,Nagewadi,Nagewadi*,1045,bifurcated_village,True,False,Nagewadi,Wai,Satara,563123,563123,100.0,state,4.48
MAHARASHTRA,Raigad,Karjat,Nandgaon,Nandgaon,1046,whole_village,False,False,Nandgaon,Karjat,Raigad,553567,553567,100.0,dist+tal,8.314
MAHARASHTRA,Raigad,Karjat,Olman,Olman,1048,whole_village,False,False,Olman,Karjat,Raigad,553563,553563,100.0,dist+tal,9.582
MAHARASHTRA,Raigad,Karjat,Palasdari,Palasdari,1050,whole_village,False,False,Palasdari,Karjat,Raigad,553689,553689,100.0,dist+tal,5.063
MAHARASHTRA,Raigad,Karjat,Pali T. Kothal Khalathi,Pali T. Kothal Khalathi,1051,whole_village,False,False,Pali T Kothal Khalathi,Karjat,Raigad,553633,553633,100.0,dist+tal,4.232
MAHARASHTRA,Raigad,Karjat,Pashane,Pashane,1052,whole_village,False,False,Pashane,Karjat,Raigad,553522,553522,100.0,dist+tal,7.391
MAHARASHTRA,Raigad,Karjat,Pathraj,Pathraj,1053,whole_village,False,False,Pathraj,Karjat,Raigad,553587,553587,100.0,dist+tal,12.107
MAHARASHTRA,Raigad,Karjat,Peth,Peth,1054,whole_village,False,False,Peth,Karjat,Raigad,553601,553601,100.0,dist+tal,4.556
MAHARASHTRA,Raigad,Karjat,Pimpalpada,Pimpalpada,1055,whole_village,False,False,Pimpalpada,Karjat,Raigad,553604,553604,100.0,dist+tal,2.698
MAHARASHTRA,Raigad,Karjat,Potal,Potal,1056,whole_village,False,False,Potal,Karjat,Raigad,553634,553634,100.0,dist+tal,3.18
MAHARASHTRA,Raigad,Karjat,Rajape,Rajape,1057,whole_village,False,False,Rajape,Karjat,Raigad,553580,553580,100.0,dist+tal,6.772
MAHARASHTRA,Raigad,Karjat,Saidongar,Saidongar,1058,whole_village,False,False,Saidongar,Karjat,Raigad,553632,553632,100.0,dist+tal,2.435
MAHARASHTRA,Raigad,Karjat,Salpe,Salpe,1059,whole_village,False,False,Salpe,Karjat,Raigad,553683,553683,100.0,dist+tal,7.113
MAHARASHTRA,Raigad,Karjat,Sandashi,Sandashi,1060,whole_village,False,False,Sandashi,Karjat,Raigad,553682,553682,100.0,dist+tal,2.537
MAHARASHTRA,Raigad,Karjat,Shilar,Shilar,1061,whole_village,False,False,Shilar,Karjat,Raigad,553584,553584,100.0,dist+tal,4.252
MAHARASHTRA,Raigad,Karjat,Shilarwadi,Shilarwadi*,1062,bifurcated_village,True,False,Bhoirwadi,Karjat,Raigad,553625,553625,73.7,dist+tal,1.215
MAHARASHTRA,Raigad,Karjat,Shingdhol,Shingdhol,1063,whole_village,False,False,Shingdhol,Karjat,Raigad,553582,553582,100.0,dist+tal,3.57
MAHARASHTRA,Raigad,Karjat,Sugave,Sugave,1064,whole_village,False,False,Sugave,Karjat,Raigad,553588,553588,100.0,dist+tal,5.612
MAHARASHTRA,Raigad,Karjat,Tadawali,Tadawali,1065,whole_village,False,False,Tadavale,Phaltan,Satara,563259,563259,100.0,state,5.673
MAHARASHTRA,Raigad,Karjat,Talawali,Talawali,1066,whole_village,False,False,Talawali,Karjat,Raigad,553690,553690,100.0,dist+tal,3.03
MAHARASHTRA,Raigad,Karjat,Tiwane,Tiwane,1067,whole_village,False,False,Tiwane,Karjat,Raigad,553680,553680,100.0,dist+tal,1.107
MAHARASHTRA,Raigad,Karjat,Tungi (N. V.),Tungi (N. V.),1068,whole_village,False,False,Tungi,Karjat,Raigad,553578,553578,100.0,dist+tal,4.043
MAHARASHTRA,Raigad,Karjat,Vengaon,Vengaon,1069,whole_village,False,False,Vengaon,Karjat,Raigad,553669,553669,100.0,dist+tal,4.322
MAHARASHTRA,Raigad,Karjat,Ware,Ware,1070,whole_village,False,False,Ware,Karjat,Raigad,553575,553575,100.0,dist+tal,9.581
MAHARASHTRA,Raigad,Karjat,Zugarewadi,Zugarewadi,1071,whole_village,False,False,Zugarewadi,Karjat,Raigad,553565,553565,100.0,dist+tal,2.533
MAHARASHTRA,Raigad,Khalapur,Adoshi,Adoshi,1072,whole_village,False,False,Adoshi,Khalapur,Raigad,553769,553769,100.0,dist+tal,7.82
MAHARASHTRA,Raigad,Khalapur,Adoshi-2,Adoshi-2*,1073,bifurcated_village,True,False,Amdoshi,Mangaon,Raigad,554635,554635,85.7,dist,4.177
MAHARASHTRA,Raigad,Khalapur,Borgaon Kh.,Borgaon Kh.,1074,whole_village,False,False,Borgaon Bk,Khalapur,Raigad,553704,553704,100.0,dist+tal,1.124
MAHARASHTRA,Raigad,Khalapur,Chavani,Chavani,1075,whole_village,False,False,Chavani,Khalapur,Raigad,553816,553816,100.0,dist+tal,17.981
MAHARASHTRA,Raigad,Khalapur,Ghodivali,Ghodivali,1076,whole_village,False,False,Ghodivali,Khalapur,Raigad,553749,553749,100.0,dist+tal,5.085
MAHARASHTRA,Raigad,Khalapur,Gohe,Gohe,1077,whole_village,False,False,Gohe,Khalapur,Raigad,553808,553808,100.0,dist+tal,3.476
MAHARASHTRA,Raigad,Khalapur,Jambarung,Jambarung,1078,whole_village,False,False,Jambarung,Khalapur,Raigad,553757,553757,100.0,dist+tal,4.637
MAHARASHTRA,Raigad,Khalapur,Kalote Mokashi,Kalote Mokashi,1079,whole_village,False,False,Kalote Mokashi,Khalapur,Raigad,553731,553731,100.0,dist+tal,9.102
MAHARASHTRA,Raigad,Khalapur,Kalote Rayati,Kalote Rayati,1080,whole_village,False,False,Kalote Rayati,Khalapur,Raigad,553733,553733,100.0,dist+tal,4.44
MAHARASHTRA,Raigad,Khalapur,Karambeli,Karambeli,1081,whole_village,False,False,Karambeli,Khalapur,Raigad,553809,553809,100.0,dist+tal,4.189
MAHARASHTRA,Raigad,Khalapur,Khambewadi,Khambewadi,1082,whole_village,False,False,Khambewadi,Khalapur,Raigad,553811,553811,100.0,dist+tal,3.158
MAHARASHTRA,Raigad,Khalapur,Matheran (MCI),Matheran (MCI),1083,whole_village,False,False,Matheran,Karjat,Raigad,802797,251497,100.0,dist,7.643
MAHARASHTRA,Raigad,Khalapur,Nadhal,Nadhal,1084,whole_village,False,False,Nadhal,Khalapur,Raigad,553699,553699,100.0,dist+tal,6.777
MAHARASHTRA,Raigad,Khalapur,Nigdoli,Nigdoli,1085,whole_village,False,False,Nigdoli,Khalapur,Raigad,553743,553743,100.0,dist+tal,3.666
MAHARASHTRA,Raigad,Khalapur,Parkhande,Parkhande,1086,whole_village,False,False,Parkhande,Khalapur,Raigad,553784,553784,100.0,dist+tal,4.093
MAHARASHTRA,Raigad,Khalapur,Sondewadi,Sondewadi,1087,whole_village,False,False,Sondewadi,Khalapur,Raigad,553706,553706,100.0,dist+tal,10.889
MAHARASHTRA,Raigad,Khalapur,Talashi,Talashi,1088,whole_village,False,False,Talashi,Khalapur,Raigad,553786,553786,100.0,dist+tal,2.629
MAHARASHTRA,Raigad,Khalapur,Talavali,Talavali,1089,whole_village,False,False,Talavali,Khalapur,Raigad,553739,553739,100.0,dist+tal,5.364
MAHARASHTRA,Raigad,Khalapur,Tondali,Tondali,1090,whole_village,False,False,Tondali,Khalapur,Raigad,553803,553803,100.0,dist+tal,1.266
MAHARASHTRA,Raigad,Khalapur,Tuksai,Tuksai,1091,whole_village,False,False,Tuksai,Khalapur,Raigad,553815,553815,100.0,dist+tal,4.185
MAHARASHTRA,Raigad,Khalapur,Ujloli,Ujloli,1092,whole_village,False,False,Ujloli,Khalapur,Raigad,553810,553810,100.0,dist+tal,2.766
MAHARASHTRA,Raigad,Khalapur,Umbarvira,Umbarvira,1093,whole_village,False,False,Umbarvira,Khalapur,Raigad,553756,553756,100.0,dist+tal,2.552
MAHARASHTRA,Raigad,Khalapur,Warose Tarf Wankhal,Warose Tarf Wankhal,1094,whole_village,False,False,Warose Tarf Wankhal,Khalapur,Raigad,553703,553703,100.0,dist+tal,22.496
MAHARASHTRA,Raigad,Mahad,Adrai,Adrai,1095,whole_village,False,False,Adrai,Mahad,Raigad,555007,555007,100.0,dist+tal,4.62
MAHARASHTRA,Raigad,Mahad,Ambavali Kh.,Ambavali Kh.,1096,whole_village,False,False,Ambavali Bk,Mahad,Raigad,555114,555114,100.0,dist+tal,4.082
MAHARASHTRA,Raigad,Mahad,Ambe Shivtar,Ambe Shivtar,1097,whole_village,False,False,Ambeshivthar,Mahad,Raigad,555010,555010,100.0,dist+tal,11.121
MAHARASHTRA,Raigad,Mahad,Bavale,Bavale,1098,whole_village,False,False,Bavale,Mahad,Raigad,554967,554967,100.0,dist+tal,5.843
MAHARASHTRA,Raigad,Mahad,Bebalghar,Bebalghar,1099,whole_village,False,False,Bebalghar,Mahad,Raigad,555099,555099,100.0,dist+tal,2.162
MAHARASHTRA,Raigad,Mahad,Chafe Tarf Govele,Chafe Tarf Govele,1100,whole_village,False,False,Sape Tarf Govele,Mahad,Raigad,555081,555081,82.8,dist+tal,2.389
MAHARASHTRA,Raigad,Mahad,Chapgaon,Chapgaon,1101,whole_village,False,False,Chapgaon,Mahad,Raigad,554983,554983,100.0,dist+tal,2.872
MAHARASHTRA,Raigad,Mahad,Dabhekar Kond,Dabhekar Kond,1102,whole_village,False,False,Dabhekar Kond,Mahad,Raigad,554987,554987,100.0,dist+tal,2.819
MAHARASHTRA,Raigad,Mahad,Dabhol,Dabhol,1103,whole_village,False,False,Dabhol,Mahad,Raigad,555082,555082,100.0,dist+tal,8.319
MAHARASHTRA,Raigad,Mahad,Dapoli,Dapoli,1104,whole_village,False,False,Dapoli,Mahad,Raigad,554971,554971,100.0,dist+tal,10.528
MAHARASHTRA,Raigad,Mahad,Dasgaon,Dasgaon,1105,whole_village,False,False,Dasgaon,Mahad,Raigad,555050,555050,100.0,dist+tal,10.23
MAHARASHTRA,Raigad,Mahad,Devghar,Devghar,1106,whole_village,False,False,Devghar,Mahad,Raigad,555004,555004,100.0,dist+tal,3.622
MAHARASHTRA,Raigad,Mahad,Dongroli,Dongroli,1107,whole_village,False,False,Dongroli,Mahad,Raigad,555048,555048,100.0,dist+tal,2.662
MAHARASHTRA,Raigad,Mahad,Fauji Ambavade,Fauji Ambavade,1108,whole_village,False,False,Fauji Ambavade,Mahad,Raigad,555129,555129,100.0,dist+tal,9.511
MAHARASHTRA,Raigad,Mahad,Ghavre Kond,Ghavre Kond,1109,whole_village,False,False,Ghavarekond,Mahad,Raigad,555128,555128,100.0,dist+tal,3.008
MAHARASHTRA,Raigad,Mahad,Gherakilla Raigad(Raigadwadi),Gherakilla Raigad(Raigadwadi),1110,whole_village,False,False,Gherakilla Raigad,Mahad,Raigad,554974,554974,100.0,dist+tal,10.04
MAHARASHTRA,Raigad,Mahad,Ghurupacha Kond,Ghurupacha Kond,1111,whole_village,False,False,Ghurupkond,Mahad,Raigad,554996,554996,100.0,dist+tal,2.79
MAHARASHTRA,Raigad,Mahad,Gothe Kh.,Gothe Kh.,1112,whole_village,False,False,Gothe Bk,Mahad,Raigad,555091,555091,100.0,dist+tal,1.984
MAHARASHTRA,Raigad,Mahad,Gothvali,Gothvali,1113,whole_village,False,False,Gothvali,Mahad,Raigad,555035,555035,100.0,dist+tal,4.634
MAHARASHTRA,Raigad,Mahad,Kadsari Lingana,Kadsari Lingana,1114,whole_village,False,False,Kadsar Lingana,Mahad,Raigad,554970,554970,100.0,dist+tal,0.641
MAHARASHTRA,Raigad,Mahad,Karmar,Karmar,1115,whole_village,False,False,Karmar,Mahad,Raigad,554961,554961,100.0,dist+tal,2.295
MAHARASHTRA,Raigad,Mahad,Kasabe Shivtar,Kasabe Shivtar,1116,whole_village,False,False,Kasabeshivthar,Mahad,Raigad,555011,555011,100.0,dist+tal,7.791
MAHARASHTRA,Raigad,Mahad,Kawale Tarf Nate,Kawale Tarf Nate,1117,whole_village,False,False,Kawale Tarf Nate,Mahad,Raigad,554962,554962,100.0,dist+tal,8.164
MAHARASHTRA,Raigad,Mahad,Kawale Tarf Vinhere,Kawale Tarf Vinhere,1118,whole_village,False,False,Kawale Tarf Vinhere,Mahad,Raigad,555132,555132,100.0,dist+tal,3.72
MAHARASHTRA,Raigad,Mahad,Ketakicha Kond,Ketakicha Kond,1119,whole_village,False,False,Ketakicha Kond,Mahad,Raigad,555005,555005,100.0,dist+tal,4.314
MAHARASHTRA,Raigad,Mahad,Khardi Kh.,Khardi Kh.,1120,whole_village,False,False,Khardi,Mahad,Raigad,554979,554979,100.0,dist+tal,7.819
MAHARASHTRA,Raigad,Mahad,Kinjaloli Bk.,Kinjaloli Bk.,1121,whole_village,False,False,Kinjaloli Kh,Mahad,Raigad,554997,554997,100.0,dist+tal,4.892
MAHARASHTRA,Raigad,Mahad,Kinjaloli Kh.,Kinjaloli Kh.,1122,whole_village,False,False,Kinjaloli Bk,Mahad,Raigad,554995,554995,100.0,dist+tal,2.512
MAHARASHTRA,Raigad,Mahad,Kiye,Kiye,1123,whole_village,False,False,Kiye,Mahad,Raigad,555034,555034,100.0,dist+tal,13.928
MAHARASHTRA,Raigad,Mahad,Kokare Tarf Govele,Kokare Tarf Govele,1124,whole_village,False,False,Kokare Tarf Govele,Mahad,Raigad,555083,555083,100.0,dist+tal,3.7
MAHARASHTRA,Raigad,Mahad,Kolose,Kolose,1125,whole_village,False,False,Kolose,Mahad,Raigad,554988,554988,100.0,dist+tal,5.396
MAHARASHTRA,Raigad,Mahad,Kondmalusare,Kondmalusare,1126,whole_village,False,False,Kondmalusare,Mahad,Raigad,555124,555124,100.0,dist+tal,4.815
MAHARASHTRA,Raigad,Mahad,Kumbhe Shivtar,Kumbhe Shivtar,1127,whole_village,False,False,Kumbheshivthar,Mahad,Raigad,555012,555012,100.0,dist+tal,6.761
MAHARASHTRA,Raigad,Mahad,Kusgaon,Kusgaon,1128,whole_village,False,False,Kusgaon,Mahad,Raigad,555059,555059,100.0,dist+tal,6.251
MAHARASHTRA,Raigad,Mahad,Mandle,Mandle,1129,whole_village,False,False,Mandle,Mahad,Raigad,554985,554985,100.0,dist+tal,11.774
MAHARASHTRA,Raigad,Mahad,Mangharun,Mangharun,1130,whole_village,False,False,Mangharun,Mahad,Raigad,555002,555002,100.0,dist+tal,5.152
MAHARASHTRA,Raigad,Mahad,Nadgaon Tarf Tudil,Nadgaon Tarf Tudil,1131,whole_village,False,False,Nadgaon Tarf Tudil,Mahad,Raigad,555108,555108,100.0,dist+tal,1.926
MAHARASHTRA,Raigad,Mahad,Nandgaon Kh.,Nandgaon Kh.,1132,whole_village,False,False,Nandgaon Kh,Mahad,Raigad,554989,554989,100.0,dist+tal,3.301
MAHARASHTRA,Raigad,Mahad,Nerav,Nerav,1133,whole_village,False,False,Nerav,Mahad,Raigad,554976,554976,100.0,dist+tal,5.355
MAHARASHTRA,Raigad,Mahad,Padavi,Padavi,1134,whole_village,False,False,Padavi,Mahad,Raigad,555020,555020,100.0,dist+tal,9.163
MAHARASHTRA,Raigad,Mahad,Panderi,Panderi,1135,whole_village,False,False,Panderi,Mahad,Raigad,555003,555003,100.0,dist+tal,10.175
MAHARASHTRA,Raigad,Mahad,Pane,Pane,1136,whole_village,False,False,Pane,Mahad,Raigad,554969,554969,100.0,dist+tal,11.55
MAHARASHTRA,Raigad,Mahad,Pangari,Pangari,1137,whole_village,False,False,Pangari,Mahad,Raigad,555134,555134,100.0,dist+tal,5.067
MAHARASHTRA,Raigad,Mahad,Parmachi,Parmachi,1138,whole_village,False,False,Parmachi,Mahad,Raigad,555022,555022,100.0,dist+tal,4.124
MAHARASHTRA,Raigad,Mahad,Parwadi,Parwadi,1139,whole_village,False,False,Parwadi,Mahad,Raigad,554986,554986,100.0,dist+tal,4.291
MAHARASHTRA,Raigad,Mahad,Phalakewadi,Phalakewadi,1140,whole_village,False,False,Phalakewadi,Mahad,Raigad,555141,555141,100.0,dist+tal,1.7
MAHARASHTRA,Raigad,Mahad,Pimpalkond,Pimpalkond,1141,whole_village,False,False,Pimpalkond,Mahad,Raigad,555123,555123,100.0,dist+tal,3.403
MAHARASHTRA,Raigad,Mahad,Pimpalwadi,Pimpalwadi,1142,whole_village,False,False,Pimpalwadi,Mahad,Raigad,555036,555036,100.0,dist+tal,9.154
MAHARASHTRA,Raigad,Mahad,Punade Tarf Nate,Punade Tarf Nate,1143,whole_village,False,False,Punade Tarf Nate,Mahad,Raigad,554965,554965,100.0,dist+tal,8.506
MAHARASHTRA,Raigad,Mahad,Ranjwadi Kh.,Ranjwadi Kh.,1144,whole_village,False,False,Ranavadi Kh,Mahad,Raigad,555009,555009,94.7,dist+tal,3.193
MAHARASHTRA,Raigad,Mahad,Ravtali,Ravtali,1145,whole_village,False,False,Ravtali,Mahad,Raigad,555136,555136,100.0,dist+tal,0.591
MAHARASHTRA,Raigad,Mahad,Sandoshi,Sandoshi,1146,whole_village,False,False,Sandoshi,Mahad,Raigad,554963,554963,100.0,dist+tal,10.429
MAHARASHTRA,Raigad,Mahad,Savarat,Savarat,1147,whole_village,False,False,Savarat,Mahad,Raigad,554964,554964,100.0,dist+tal,1.149
MAHARASHTRA,Raigad,Mahad,Shevate,Shevate,1148,whole_village,False,False,Shevate,Mahad,Raigad,555008,555008,100.0,dist+tal,3.003
MAHARASHTRA,Raigad,Mahad,Shingar Kond,Shingar Kond,1149,whole_village,False,False,Shingar Kond,Mahad,Raigad,555135,555135,100.0,dist+tal,1.958
MAHARASHTRA,Raigad,Mahad,Solamkond,Solamkond,1150,whole_village,False,False,Solamkond,Mahad,Raigad,555018,555018,100.0,dist+tal,0.895
MAHARASHTRA,Raigad,Mahad,Sutarkond,Sutarkond,1151,whole_village,False,False,Sutarkond,Mahad,Raigad,555102,555102,100.0,dist+tal,1.708
MAHARASHTRA,Raigad,Mahad,Taliye,Taliye,1152,whole_village,False,False,Taliye,Mahad,Raigad,555033,555033,100.0,dist+tal,9.576
MAHARASHTRA,Raigad,Mahad,Taloshi,Taloshi,1153,whole_village,False,False,Taloshi,Mahad,Raigad,554984,554984,100.0,dist+tal,3.219
MAHARASHTRA,Raigad,Mahad,Tamhane,Tamhane,1154,whole_village,False,False,Tamhane,Mahad,Raigad,555140,555140,100.0,dist+tal,5.424
MAHARASHTRA,Raigad,Mahad,Telange Mohalla,Telange Mohalla,1155,whole_village,False,False,Telange Mohalla,Mahad,Raigad,555098,555098,100.0,dist+tal,1.451
MAHARASHTRA,Raigad,Mahad,Vadghar Kh.,Vadghar Kh.,1156,whole_village,False,False,Vadghar Kh,Mahad,Raigad,555045,555045,100.0,dist+tal,1.466
MAHARASHTRA,Raigad,Mahad,Vagheri,Vagheri,1157,whole_village,False,False,Vagheri,Mahad,Raigad,554972,554972,100.0,dist+tal,5.174
MAHARASHTRA,Raigad,Mahad,Vasap,Vasap,1158,whole_village,False,False,Vasap,Mahad,Raigad,555137,555137,100.0,dist+tal,5.584
MAHARASHTRA,Raigad,Mahad,Veer,Veer,1159,whole_village,False,False,Veer,Mahad,Raigad,555049,555049,100.0,dist+tal,7.109
MAHARASHTRA,Raigad,Mahad,Vinhere,Vinhere,1160,whole_village,False,False,Vinhere,Mahad,Raigad,555139,555139,100.0,dist+tal,6.863
MAHARASHTRA,Raigad,Mahad,Wagholi,Wagholi,1161,whole_village,False,False,Wagholi,Mahad,Raigad,555001,555001,100.0,dist+tal,12.684
MAHARASHTRA,Raigad,Mahad,Wahoor,Wahoor,1162,whole_village,False,False,Wahoor,Mahad,Raigad,555051,555051,100.0,dist+tal,5.334
MAHARASHTRA,Raigad,Mahad,Waki Bk.,Waki Bk.,1163,whole_village,False,False,Waki Bk,Mahad,Raigad,555015,555015,100.0,dist+tal,14.835
MAHARASHTRA,Raigad,Mahad,Waki Kh.,Waki Kh.,1164,whole_village,False,False,Waki Kh,Mahad,Raigad,555014,555014,100.0,dist+tal,2.945
MAHARASHTRA,Raigad,Mahad,Walan Bk.,Walan Bk.,1165,whole_village,False,False,Walan Kh,Mahad,Raigad,555006,555006,100.0,dist+tal,9.099
MAHARASHTRA,Raigad,Mahad,Walan Kh.,Walan Kh.,1166,whole_village,False,False,Walan Bk,Mahad,Raigad,555017,555017,100.0,dist+tal,7.343
MAHARASHTRA,Raigad,Mahad,Walsure,Walsure,1167,whole_village,False,False,Valsure,Mahad,Raigad,554978,554978,100.0,dist+tal,6.065
MAHARASHTRA,Raigad,Mahad,Warandoli,Warandoli,1168,whole_village,False,False,Warandoli,Mahad,Raigad,554980,554980,100.0,dist+tal,4.725
MAHARASHTRA,Raigad,Mahad,Warangi,Warangi,1169,whole_village,False,False,Warangi,Mahad,Raigad,554968,554968,100.0,dist+tal,12.64
MAHARASHTRA,Raigad,Mangaon,Alsunde,Alsunde,1170,whole_village,False,False,Alsunde,Mangaon,Raigad,554705,554705,100.0,dist+tal,2.594
MAHARASHTRA,Raigad,Mangaon,Bahirichiwadi,Bahirichiwadi*,1171,bifurcated_village,True,False,Varchiwadi,Mangaon,Raigad,554554,554554,78.3,dist+tal,4.254
MAHARASHTRA,Raigad,Mangaon,Bedgaon,Bedgaon,1172,whole_village,False,False,Bedgaon,Mangaon,Raigad,554552,554552,100.0,dist+tal,4.127
MAHARASHTRA,Raigad,Mangaon,Bhagad,Bhagad,1173,whole_village,False,False,Bhagad,Mangaon,Raigad,554555,554555,100.0,dist+tal,6.916
MAHARASHTRA,Raigad,Mangaon,Bhuvan,Bhuvan,1174,whole_village,False,False,Bhuvan,Mangaon,Raigad,554608,554608,100.0,dist+tal,5.564
MAHARASHTRA,Raigad,Mangaon,Bondshet,Bondshet,1175,whole_village,False,False,Bondshet,Mangaon,Raigad,554565,554565,100.0,dist+tal,4.681
MAHARASHTRA,Raigad,Mangaon,Borawali,Borawali,1176,whole_village,False,False,Borawali,Mangaon,Raigad,554575,554575,100.0,dist+tal,6.86
MAHARASHTRA,Raigad,Mangaon,Borghar Tarf Kharavali,Borghar Tarf Kharavali,1177,whole_village,False,False,Borghar Tarf Kharavali,Mangaon,Raigad,554634,554634,100.0,dist+tal,3.525
MAHARASHTRA,Raigad,Mangaon,Chapadi,Chapadi,1178,whole_village,False,False,Chapadi,Mangaon,Raigad,554673,554673,100.0,dist+tal,1.991
MAHARASHTRA,Raigad,Mangaon,Dongroli,Dongroli,1179,whole_village,False,False,Dongroli,Mangaon,Raigad,554663,554663,100.0,dist+tal,7.898
MAHARASHTRA,Raigad,Mangaon,Gharoshi,Gharoshi,1180,whole_village,False,False,Gharoshi,Mangaon,Raigad,554607,554607,100.0,dist+tal,3.618
MAHARASHTRA,Raigad,Mangaon,Govele,Govele,1181,whole_village,False,False,Govele,Mangaon,Raigad,554703,554703,100.0,dist+tal,11.899
MAHARASHTRA,Raigad,Mangaon,Govele Kond,Govele Kond,1182,whole_village,False,False,Govele Kond,Mangaon,Raigad,554702,554702,100.0,dist+tal,1.101
MAHARASHTRA,Raigad,Mangaon,Harkol,Harkol,1183,whole_village,False,False,Harkol,Mangaon,Raigad,554723,554723,100.0,dist+tal,1.484
MAHARASHTRA,Raigad,Mangaon,Harkol Kond,Harkol Kond,1184,whole_village,False,False,Harkol Kond,Mangaon,Raigad,554722,554722,100.0,dist+tal,1.354
MAHARASHTRA,Raigad,Mangaon,Jite,Jite,1185,whole_village,False,False,Jite,Mangaon,Raigad,554559,554559,100.0,dist+tal,6.044
MAHARASHTRA,Raigad,Mangaon,Jor,Jor,1186,whole_village,False,False,Jor,Mangaon,Raigad,554600,554600,100.0,dist+tal,3.885
MAHARASHTRA,Raigad,Mangaon,Kadapur,Kadapur,1187,whole_village,False,False,Kadapur,Mangaon,Raigad,554602,554602,100.0,dist+tal,3.14
MAHARASHTRA,Raigad,Mangaon,Kandalgaon Kh.,Kandalgaon Kh.,1188,whole_village,False,False,Kandalgaon Bk,Mangaon,Raigad,554569,554569,100.0,dist+tal,4.674
MAHARASHTRA,Raigad,Mangaon,Karambeli,Karambeli,1189,whole_village,False,False,Karambeli,Mangaon,Raigad,554599,554599,100.0,dist+tal,5.445
MAHARASHTRA,Raigad,Mangaon,Kavilvahal Kh.,Kavilvahal Kh.,1190,whole_village,False,False,Kavilvahal Kh,Mangaon,Raigad,554690,554690,100.0,dist+tal,1.227
MAHARASHTRA,Raigad,Mangaon,Kumbharte,Kumbharte,1191,whole_village,False,False,Kumbharte,Mangaon,Raigad,554568,554568,100.0,dist+tal,5.094
MAHARASHTRA,Raigad,Mangaon,Kumbhe,Kumbhe,1192,whole_village,False,False,Kumbhe,Mangaon,Raigad,554577,554577,100.0,dist+tal,12.718
MAHARASHTRA,Raigad,Mangaon,Kumshet,Kumshet,1193,whole_village,False,False,Kumshet,Mangaon,Raigad,554678,554678,100.0,dist+tal,3.385
MAHARASHTRA,Raigad,Mangaon,Kushede Tarf Govele,Kushede Tarf Govele,1194,whole_village,False,False,Kushede Tarf Govele,Mangaon,Raigad,554706,554706,100.0,dist+tal,1.866
MAHARASHTRA,Raigad,Mangaon,Lakhapale,Lakhapale,1195,whole_village,False,False,Lakhapale,Mangaon,Raigad,554716,554716,100.0,dist+tal,1.902
MAHARASHTRA,Raigad,Mangaon,Maluste,Maluste,1196,whole_village,False,False,Maluste,Mangaon,Raigad,554573,554573,100.0,dist+tal,6.0
MAHARASHTRA,Raigad,Mangaon,Manjarwane,Manjarwane,1197,whole_village,False,False,Manjarwane,Mangaon,Raigad,554677,554677,100.0,dist+tal,2.538
MAHARASHTRA,Raigad,Mangaon,Manjurne,Manjurne,1198,whole_village,False,False,Manjurne,Mangaon,Raigad,554580,554580,100.0,dist+tal,3.102
MAHARASHTRA,Raigad,Mangaon,Mashidwadi,Mashidwadi,1199,whole_village,False,False,Mashidwadi,Mangaon,Raigad,554581,554581,100.0,dist+tal,1.814
MAHARASHTRA,Raigad,Mangaon,Nagroli,Nagroli,1200,whole_village,False,False,Nagroli,Mangaon,Raigad,554617,554617,100.0,dist+tal,2.471
MAHARASHTRA,Raigad,Mangaon,Nivi,Nivi,1201,whole_village,False,False,Nivi,Mangaon,Raigad,554618,554618,100.0,dist+tal,2.719
MAHARASHTRA,Raigad,Mangaon,Palasgaon Kh.,Palasgaon Kh.,1202,whole_village,False,False,Palasgaon Bk,Mangaon,Raigad,554606,554606,100.0,dist+tal,5.936
MAHARASHTRA,Raigad,Mangaon,Panhalghar Kh,Panhalghar Kh,1203,whole_village,False,False,Panhalghar Bk,Mangaon,Raigad,554710,554710,100.0,dist+tal,2.887
MAHARASHTRA,Raigad,Mangaon,Patnus,Patnus,1204,whole_village,False,False,Patnus,Mangaon,Raigad,554551,554551,100.0,dist+tal,24.084
MAHARASHTRA,Raigad,Mangaon,Phalani,Phalani,1205,whole_village,False,False,Falani,Mangaon,Raigad,554732,554732,100.0,dist+tal,2.995
MAHARASHTRA,Raigad,Mangaon,Saje,Saje,1206,whole_village,False,False,Saje,Mangaon,Raigad,554549,554549,100.0,dist+tal,7.956
MAHARASHTRA,Raigad,Mangaon,Sakhalewadi,Sakhalewadi,1207,whole_village,False,False,Sakhalewadi,Mangaon,Raigad,554576,554576,100.0,dist+tal,5.431
MAHARASHTRA,Raigad,Mangaon,Sangi,Sangi,1208,whole_village,False,False,Sangi,Mangaon,Raigad,554557,554557,100.0,dist+tal,3.149
MAHARASHTRA,Raigad,Mangaon,Shilim,Shilim,1209,whole_village,False,False,Shilim,Mangaon,Raigad,554699,554699,100.0,dist+tal,2.839
MAHARASHTRA,Raigad,Mangaon,Shirsad,Shirsad,1210,whole_village,False,False,Shirsad,Mangaon,Raigad,554570,554570,100.0,dist+tal,6.673
MAHARASHTRA,Raigad,Mangaon,Tasgaon,Tasgaon,1211,whole_village,False,False,Tasgaon,Mangaon,Raigad,554563,554563,100.0,dist+tal,6.924
MAHARASHTRA,Raigad,Mangaon,Titave,Titave,1212,whole_village,False,False,Titave,Mangaon,Raigad,554574,554574,100.0,dist+tal,3.237
MAHARASHTRA,Raigad,Mangaon,Umbardi,Umbardi,1213,whole_village,False,False,Umbardi,Mangaon,Raigad,554558,554558,100.0,dist+tal,12.425
MAHARASHTRA,Raigad,Mangaon,Wadpale,Wadpale,1214,whole_village,False,False,Wadpale,Mangaon,Raigad,554717,554717,100.0,dist+tal,2.0
MAHARASHTRA,Raigad,Mangaon,Waghose,Waghose,1215,whole_village,False,False,Waghose,Mangaon,Raigad,554692,554692,100.0,dist+tal,3.154
MAHARASHTRA,Raigad,Mangaon,Wave Diwali,Wave Diwali,1216,whole_village,False,False,Wave Diwali,Mangaon,Raigad,554612,554612,100.0,dist+tal,6.727
MAHARASHTRA,Raigad,Mangaon,Yelwade,Yelwade,1217,whole_village,False,False,Yelwade,Mangaon,Raigad,554556,554556,100.0,dist+tal,6.41
MAHARASHTRA,Raigad,Poladpur,Adavale Bk.,Adavale Bk.,1218,whole_village,False,False,Adavale Kh,Poladpur,Raigad,555157,555157,100.0,dist+tal,3.174
MAHARASHTRA,Raigad,Poladpur,Borghar,Borghar,1219,whole_village,False,False,Borghar,Poladpur,Raigad,555163,555163,100.0,dist+tal,3.761
MAHARASHTRA,Raigad,Poladpur,Chandake,Chandake,1220,whole_village,False,False,Chandake,Poladpur,Raigad,555180,555180,100.0,dist+tal,1.899
MAHARASHTRA,Raigad,Poladpur,Chandale,Chandale,1221,whole_village,False,False,Chandale,Poladpur,Raigad,555162,555162,100.0,dist+tal,1.73
MAHARASHTRA,Raigad,Poladpur,Chikhali,Chikhali,1222,whole_village,False,False,Chikhali,Poladpur,Raigad,555166,555166,100.0,dist+tal,2.511
MAHARASHTRA,Raigad,Poladpur,Dabhil,Dabhil,1223,whole_village,False,False,Dabhil,Poladpur,Raigad,555189,555189,100.0,dist+tal,2.84
MAHARASHTRA,Raigad,Poladpur,Dharwali,Dharwali,1224,whole_village,False,False,Dharwali,Poladpur,Raigad,555148,555148,100.0,dist+tal,1.636
MAHARASHTRA,Raigad,Poladpur,Dhawale,Dhawale,1225,whole_village,False,False,Dhawale,Poladpur,Raigad,555178,555178,100.0,dist+tal,18.045
MAHARASHTRA,Raigad,Poladpur,Golegani,Golegani,1226,whole_village,False,False,Golegani,Poladpur,Raigad,555212,555212,100.0,dist+tal,4.497
MAHARASHTRA,Raigad,Poladpur,Haldule,Haldule,1227,whole_village,False,False,Haldule,Poladpur,Raigad,555190,555190,100.0,dist+tal,2.903
MAHARASHTRA,Raigad,Poladpur,Kamthe,Kamthe,1228,whole_village,False,False,Kamthe,Poladpur,Raigad,555161,555161,100.0,dist+tal,14.469
MAHARASHTRA,Raigad,Poladpur,Karanje,Karanje,1229,whole_village,False,False,Karanje,Poladpur,Raigad,555187,555187,100.0,dist+tal,9.648
MAHARASHTRA,Raigad,Poladpur,Khandaj,Khandaj,1230,whole_village,False,False,Khandaj,Poladpur,Raigad,555177,555177,100.0,dist+tal,4.423
MAHARASHTRA,Raigad,Poladpur,Khopad,Khopad,1231,whole_village,False,False,Khopad,Poladpur,Raigad,555179,555179,100.0,dist+tal,3.755
MAHARASHTRA,Raigad,Poladpur,Kotwal Bk.,Kotwal Bk.,1232,whole_village,False,False,Kotwal Bk,Poladpur,Raigad,555227,555227,100.0,dist+tal,7.868
MAHARASHTRA,Raigad,Poladpur,Kotwal Kh.,Kotwal Kh.,1233,whole_village,False,False,Kotwal Kh,Poladpur,Raigad,555225,555225,100.0,dist+tal,8.017
MAHARASHTRA,Raigad,Poladpur,Kshetrapal,Kshetrapal,1234,whole_village,False,False,Kshetrapal,Poladpur,Raigad,555210,555210,100.0,dist+tal,1.994
MAHARASHTRA,Raigad,Poladpur,Kudpan Bk.,Kudpan Bk.,1235,whole_village,False,False,Kudpan Bk,Poladpur,Raigad,555228,555228,100.0,dist+tal,6.258
MAHARASHTRA,Raigad,Poladpur,Kudpan Kh.,Kudpan Kh.,1236,whole_village,False,False,Kudpan Kh,Poladpur,Raigad,555229,555229,100.0,dist+tal,5.411
MAHARASHTRA,Raigad,Poladpur,Lahulase,Lahulase,1237,whole_village,False,False,Lahulase,Poladpur,Raigad,555188,555188,100.0,dist+tal,7.719
MAHARASHTRA,Raigad,Poladpur,Mahargul,Mahargul,1238,whole_village,False,False,Mahargul,Poladpur,Raigad,555223,555223,100.0,dist+tal,4.965
MAHARASHTRA,Raigad,Poladpur,Matwan,Matwan,1239,whole_village,False,False,Matwan,Poladpur,Raigad,555144,555144,100.0,dist+tal,3.838
MAHARASHTRA,Raigad,Poladpur,Nawale,Nawale,1240,whole_village,False,False,Nawale,Poladpur,Raigad,555164,555164,100.0,dist+tal,2.223
MAHARASHTRA,Raigad,Poladpur,Palchil,Palchil,1241,whole_village,False,False,Palchil,Poladpur,Raigad,555220,555220,100.0,dist+tal,7.861
MAHARASHTRA,Raigad,Poladpur,Pangaloli,Pangaloli,1242,whole_village,False,False,Pangaloli,Poladpur,Raigad,555214,555214,100.0,dist+tal,2.025
MAHARASHTRA,Raigad,Poladpur,Parsule,Parsule,1243,whole_village,False,False,Parsule,Poladpur,Raigad,555226,555226,100.0,dist+tal,4.762
MAHARASHTRA,Raigad,Poladpur,Ranawadi Bk.,Ranawadi Bk.,1244,whole_village,False,False,Ranawadi Bk,Poladpur,Raigad,555183,555183,100.0,dist+tal,4.892
MAHARASHTRA,Raigad,Poladpur,Rankadsari,Rankadsari,1245,whole_village,False,False,Rankadsari,Poladpur,Raigad,555191,555191,100.0,dist+tal,6.066
MAHARASHTRA,Raigad,Poladpur,Sade,Sade,1246,whole_village,False,False,Sade,Poladpur,Raigad,555159,555159,100.0,dist+tal,3.734
MAHARASHTRA,Raigad,Poladpur,Salvikond,Salvikond,1247,whole_village,False,False,Salvikond,Poladpur,Raigad,555176,555176,100.0,dist+tal,1.408
MAHARASHTRA,Raigad,Poladpur,Turbhe Bk.,Turbhe Bk.,1248,whole_village,False,False,Turbhe Bk,Poladpur,Raigad,555155,555155,100.0,dist+tal,3.721
MAHARASHTRA,Raigad,Poladpur,Turbhekond,Turbhekond,1249,whole_village,False,False,Turbhekond,Poladpur,Raigad,555156,555156,100.0,dist+tal,5.358
MAHARASHTRA,Raigad,Poladpur,Tutawali,Tutawali,1250,whole_village,False,False,Tutawali,Poladpur,Raigad,555211,555211,100.0,dist+tal,4.501
MAHARASHTRA,Raigad,Poladpur,Wadghar Bk.,Wadghar Bk.,1251,whole_village,False,False,Wadghar Bk,Poladpur,Raigad,555160,555160,100.0,dist+tal,3.068
MAHARASHTRA,Raigad,Poladpur,Wave,Wave,1252,whole_village,False,False,Wave,Poladpur,Raigad,555147,555147,100.0,dist+tal,1.762
MAHARASHTRA,Raigad,Poladpur,Wazarwadi,Wazarwadi,1253,whole_village,False,False,Wazarwadi,Poladpur,Raigad,555168,555168,100.0,dist+tal,3.47
MAHARASHTRA,Raigad,Roha,Adiwasiwadi (Dhankane),Adiwasiwadi (Dhankane),1254,whole_village,False,False,Adiwasiwadi Dhankanhe,Roha,Raigad,554385,554385,97.4,dist+tal,1.701
MAHARASHTRA,Raigad,Roha,Adiwasiwadi (Kolad),Adiwasiwadi (Kolad),1255,whole_village,False,False,Adiwasiwadi Kolad,Roha,Raigad,554389,554389,100.0,dist+tal,1.439
MAHARASHTRA,Raigad,Roha,Ainghar,Ainghar,1256,whole_village,False,False,Ainghar,Roha,Raigad,554341,554341,100.0,dist+tal,1.237
MAHARASHTRA,Raigad,Roha,Ainwahal,Ainwahal,1257,whole_village,False,False,Ainwahal,Roha,Raigad,554379,554379,100.0,dist+tal,3.614
MAHARASHTRA,Raigad,Roha,Are Bk.,Are Bk.,1258,whole_village,False,False,Are Kh,Roha,Raigad,554291,554291,100.0,dist+tal,2.201
MAHARASHTRA,Raigad,Roha,Balhe,Balhe,1259,whole_village,False,False,Balhe,Sudhagad,Raigad,554540,554540,100.0,dist,0.555
MAHARASHTRA,Raigad,Roha,Balsai,Balsai,1260,whole_village,False,False,Balsai,Roha,Raigad,554344,554344,100.0,dist+tal,2.71
MAHARASHTRA,Raigad,Roha,Barshet,Barshet,1261,whole_village,False,False,Barshet,Roha,Raigad,554423,554423,100.0,dist+tal,3.246
MAHARASHTRA,Raigad,Roha,Bhalagaon,Bhalagaon,1262,whole_village,False,False,Bhalagaon,Roha,Raigad,554444,554444,100.0,dist+tal,15.483
MAHARASHTRA,Raigad,Roha,Bhatsai,Bhatsai,1263,whole_village,False,False,Bhatsai,Roha,Raigad,554287,554287,100.0,dist+tal,5.626
MAHARASHTRA,Raigad,Roha,Bhise,Bhise,1264,whole_village,False,False,Bhise,Roha,Raigad,554348,554348,100.0,dist+tal,5.62
MAHARASHTRA,Raigad,Roha,Bhuwaneshwar,Bhuwaneshwar,1265,whole_village,False,False,Bhuwaneshwar,Roha,Raigad,554447,554447,100.0,dist+tal,1.661
MAHARASHTRA,Raigad,Roha,Bobadghar,Bobadghar,1266,whole_village,False,False,Bobadghar,Roha,Raigad,554321,554321,100.0,dist+tal,1.192
MAHARASHTRA,Raigad,Roha,Chandgaon,Chandgaon,1267,whole_village,False,False,Chandgaon,Roha,Raigad,554302,554302,100.0,dist+tal,2.556
MAHARASHTRA,Raigad,Roha,Chikani,Chikani,1269,whole_village,False,False,Chikani,Roha,Raigad,554336,554336,100.0,dist+tal,2.27
MAHARASHTRA,Raigad,Roha,Chilhe,Chilhe,1270,whole_village,False,False,Chilhe,Roha,Raigad,554369,554369,100.0,dist+tal,2.57
MAHARASHTRA,Raigad,Roha,Chinchawali Tarf Atone,Chinchawali Tarf Atone,1271,whole_village,False,False,Chinchawali Tarf Atone,Roha,Raigad,554377,554377,100.0,dist+tal,6.476
MAHARASHTRA,Raigad,Roha,Dapoli,Dapoli,1272,whole_village,False,False,Dapoli,Roha,Raigad,554280,554280,100.0,dist+tal,8.852
MAHARASHTRA,Raigad,Roha,Devakanhe,Devakanhe,1273,whole_village,False,False,Devakanhe,Roha,Raigad,554367,554367,100.0,dist+tal,4.319
MAHARASHTRA,Raigad,Roha,Dhamansai,Dhamansai,1274,whole_village,False,False,Dhamansai,Roha,Raigad,554356,554356,100.0,dist+tal,5.865
MAHARASHTRA,Raigad,Roha,Dhankanhe,Dhankanhe,1275,whole_village,False,False,Dhankanhe,Roha,Raigad,554368,554368,100.0,dist+tal,1.583
MAHARASHTRA,Raigad,Roha,Dhatav (Ct),Dhatav (Ct),1276,whole_village,False,False,Dhatav,Roha,Raigad,554448,554448,100.0,dist+tal,5.785
MAHARASHTRA,Raigad,Roha,Dolavahal,Dolavahal,1277,whole_village,False,False,Dolavahal,Roha,Raigad,554380,554380,100.0,dist+tal,2.312
MAHARASHTRA,Raigad,Roha,Dongari,Dongari,1278,whole_village,False,False,Dongari,Roha,Raigad,554285,554285,100.0,dist+tal,4.01
MAHARASHTRA,Raigad,Roha,Dongarwadi,Dongarwadi*,1279,bifurcated_village,True,False,Dongarwadi,Parner,Ahilyanagar,558266,558266,100.0,state,12.019
MAHARASHTRA,Raigad,Roha,Gherasurgad,Gherasurgad,1281,whole_village,False,False,Gherasurgad,Roha,Raigad,554374,554374,100.0,dist+tal,5.806
MAHARASHTRA,Raigad,Roha,Ghosale,Ghosale,1282,whole_village,False,False,Ghosale,Roha,Raigad,554430,554430,100.0,dist+tal,10.044
MAHARASHTRA,Raigad,Roha,Godasai,Godasai,1283,whole_village,False,False,Godasai,Roha,Raigad,554343,554343,100.0,dist+tal,2.025
MAHARASHTRA,Raigad,Roha,Gopalwat,Gopalwat,1284,whole_village,False,False,Gopalwat,Roha,Raigad,554433,554433,100.0,dist+tal,3.161
MAHARASHTRA,Raigad,Roha,Gophan,Gophan,1285,whole_village,False,False,Gophan,Roha,Raigad,554294,554294,100.0,dist+tal,2.741
MAHARASHTRA,Raigad,Roha,Hedawali,Hedawali,1287,whole_village,False,False,Hedawali,Roha,Raigad,554340,554340,100.0,dist+tal,8.578
MAHARASHTRA,Raigad,Roha,Jadhavwadi,Jadhavwadi,1288,whole_village,False,False,Jadhavwadi,Roha,Raigad,554439,554439,100.0,dist+tal,1.157
MAHARASHTRA,Raigad,Roha,Kadsure,Kadsure,1289,whole_village,False,False,Kadsure,Roha,Raigad,554333,554333,100.0,dist+tal,3.278
MAHARASHTRA,Raigad,Roha,Kamath,Kamath,1291,whole_village,False,False,Kamath,Roha,Raigad,554392,554392,100.0,dist+tal,3.126
MAHARASHTRA,Raigad,Roha,Kandale,Kandale,1292,whole_village,False,False,Kandale,Roha,Raigad,554376,554376,100.0,dist+tal,4.705
MAHARASHTRA,Raigad,Roha,Kandane Bk.,Kandane Bk.,1293,whole_village,False,False,Kandane Bk,Roha,Raigad,554442,554442,100.0,dist+tal,2.093
MAHARASHTRA,Raigad,Roha,Kandane Kh.,Kandane Kh.,1294,whole_village,False,False,Kandane Kh,Roha,Raigad,554443,554443,100.0,dist+tal,2.457
MAHARASHTRA,Raigad,Roha,Kansai,Kansai,1295,whole_village,False,False,Kansai,Roha,Raigad,554342,554342,100.0,dist+tal,2.21
MAHARASHTRA,Raigad,Roha,Kanti,Kanti,1296,whole_village,False,False,Kanti,Roha,Raigad,554432,554432,100.0,dist+tal,4.99
MAHARASHTRA,Raigad,Roha,Karanjvira,Karanjvira,1297,whole_village,False,False,Karanjvira,Roha,Raigad,554296,554296,100.0,dist+tal,0.099
MAHARASHTRA,Raigad,Roha,Karivane,Karivane,1298,whole_village,False,False,Karivane,Roha,Raigad,554420,554420,100.0,dist+tal,3.086
MAHARASHTRA,Raigad,Roha,Katlawadi,Katlawadi*,1299,bifurcated_village,True,False,Katavadi,Mulshi,Pune,556172,556172,93.3,state,2.183
MAHARASHTRA,Raigad,Roha,Kawalthe,Kawalthe,1300,whole_village,False,False,Kawalthe,Roha,Raigad,554429,554429,100.0,dist+tal,2.775
MAHARASHTRA,Raigad,Roha,Kelghar,Kelghar,1301,whole_village,False,False,Kelghar,Roha,Raigad,554431,554431,100.0,dist+tal,3.749
MAHARASHTRA,Raigad,Roha,Khairale,Khairale,1302,whole_village,False,False,Khairale,Roha,Raigad,554317,554317,100.0,dist+tal,3.13
MAHARASHTRA,Raigad,Roha,Khajaniwadi,Khajaniwadi,1303,whole_village,False,False,Khajaniwadi,Roha,Raigad,554445,554445,100.0,dist+tal,1.753
MAHARASHTRA,Raigad,Roha,Khamb,Khamb,1304,whole_village,False,False,Khamb,Roha,Raigad,554372,554372,100.0,dist+tal,4.933
MAHARASHTRA,Raigad,Roha,Khambere,Khambere,1305,whole_village,False,False,Khambere,Roha,Raigad,554323,554323,100.0,dist+tal,6.227
MAHARASHTRA,Raigad,Roha,Khandar,Khandar,1306,whole_village,False,False,Khandar,Roha,Raigad,554320,554320,100.0,dist+tal,5.575
MAHARASHTRA,Raigad,Roha,Kharbachiwadi,Kharbachiwadi*,1307,bifurcated_village,True,False,Kharbachiwadi,Mangaon,Raigad,554603,554603,100.0,dist,1.617
MAHARASHTRA,Raigad,Roha,Khope,Khope,1308,whole_village,False,False,Khope,Roha,Raigad,554316,554316,100.0,dist+tal,2.257
MAHARASHTRA,Raigad,Roha,Kokban,Kokban,1310,whole_village,False,False,Kokban,Roha,Raigad,554314,554314,100.0,dist+tal,3.474
MAHARASHTRA,Raigad,Roha,Kolad,Kolad,1311,whole_village,False,False,Kolad,Roha,Raigad,554398,554398,100.0,dist+tal,7.699
MAHARASHTRA,Raigad,Roha,Kondgaon,Kondgaon,1313,whole_village,False,False,Kondgaon,Roha,Raigad,554329,554329,100.0,dist+tal,18.357
MAHARASHTRA,Raigad,Roha,Kumbhoshi,Kumbhoshi,1314,whole_village,False,False,Kumbhoshi,Roha,Raigad,554293,554293,100.0,dist+tal,1.169
MAHARASHTRA,Raigad,Roha,Madhali Kh.,Madhali Kh.,1315,whole_village,False,False,Madhali Bk,Roha,Raigad,554381,554381,100.0,dist+tal,0.985
MAHARASHTRA,Raigad,Roha,Mahalunge,Mahalunge,1316,whole_village,False,False,Mahalunge,Roha,Raigad,554301,554301,100.0,dist+tal,3.626
MAHARASHTRA,Raigad,Roha,Malsai,Malsai,1317,whole_village,False,False,Malsai,Roha,Raigad,554358,554358,100.0,dist+tal,1.496
MAHARASHTRA,Raigad,Roha,Mhasadi,Mhasadi,1318,whole_village,False,False,Mhasadi,Roha,Raigad,554325,554325,100.0,dist+tal,7.241
MAHARASHTRA,Raigad,Roha,Muchane,Muchane,1319,whole_village,False,False,Muchane,Roha,Raigad,554434,554434,100.0,dist+tal,3.776
MAHARASHTRA,Raigad,Roha,Muthavali Kh,Muthavali Kh,1320,whole_village,False,False,Muthavali Bk,Roha,Raigad,554383,554383,100.0,dist+tal,1.476
MAHARASHTRA,Raigad,Roha,Nadawali,Nadawali,1321,whole_village,False,False,Nadawali,Roha,Raigad,554371,554371,100.0,dist+tal,3.436
MAHARASHTRA,Raigad,Roha,Nagothana (Ct),Nagothana (Ct),1322,whole_village,False,False,Nagothane,Roha,Raigad,554446,554446,100.0,dist+tal,7.868
MAHARASHTRA,Raigad,Roha,Neharunagar,Neharunagar,1324,whole_village,False,False,Neharunagar,Roha,Raigad,554390,554390,100.0,dist+tal,4.2
MAHARASHTRA,Raigad,Roha,Palas,Palas,1325,whole_village,False,False,Palas,Roha,Raigad,554328,554328,100.0,dist+tal,5.876
MAHARASHTRA,Raigad,Roha,Pale Tarf Ashtami,Pale Tarf Ashtami,1326,whole_village,False,False,Pale Tarf Ashtami,Roha,Raigad,554349,554349,100.0,dist+tal,3.512
MAHARASHTRA,Raigad,Roha,Pangaloli,Pangaloli,1327,whole_village,False,False,Pangaloli,Roha,Raigad,554306,554306,100.0,dist+tal,2.88
MAHARASHTRA,Raigad,Roha,Patansai,Patansai,1328,whole_village,False,False,Patansai,Roha,Raigad,554337,554337,100.0,dist+tal,5.497
MAHARASHTRA,Raigad,Roha,Pimpalgaon,Pimpalgaon*,1329,bifurcated_village,True,False,Pimpalgaon,Pen,Raigad,553921,553921,100.0,dist,1.698
MAHARASHTRA,Raigad,Roha,Pingalsai,Pingalsai,1330,whole_village,False,False,Pingalsai,Roha,Raigad,554359,554359,100.0,dist+tal,4.085
MAHARASHTRA,Raigad,Roha,Revoli,Revoli,1332,whole_village,False,False,Revoli,Roha,Raigad,554347,554347,100.0,dist+tal,5.081
MAHARASHTRA,Raigad,Roha,Roha (Gaulwadi),Roha (Gaulwadi),1333,whole_village,False,False,Roha,Roha,Raigad,554413,554413,100.0,dist+tal,3.154
MAHARASHTRA,Raigad,Roha,Sanegaon,Sanegaon,1334,whole_village,False,False,Sanegaon,Roha,Raigad,554282,554282,100.0,dist+tal,10.706
MAHARASHTRA,Raigad,Roha,Sarsali,Sarsali,1335,whole_village,False,False,Sarsali,Roha,Raigad,554318,554318,100.0,dist+tal,2.472
MAHARASHTRA,Raigad,Roha,Sawane,Sawane,1336,whole_village,False,False,Sawane,Roha,Raigad,554425,554425,100.0,dist+tal,3.714
MAHARASHTRA,Raigad,Roha,Shedsai,Shedsai,1337,whole_village,False,False,Shedsai,Roha,Raigad,554295,554295,100.0,dist+tal,4.593
MAHARASHTRA,Raigad,Roha,Shenvai,Shenvai,1338,whole_village,False,False,Shenvai,Roha,Raigad,554286,554286,100.0,dist+tal,7.371
MAHARASHTRA,Raigad,Roha,Shiloshi,Shiloshi,1340,whole_village,False,False,Shiloshi,Roha,Raigad,554315,554315,100.0,dist+tal,2.659
MAHARASHTRA,Raigad,Roha,Songaon,Songaon,1341,whole_village,False,False,Songaon,Roha,Raigad,554355,554355,100.0,dist+tal,1.845
MAHARASHTRA,Raigad,Roha,Sudakoli,Sudakoli,1342,whole_village,False,False,Sudakoli,Roha,Raigad,554319,554319,100.0,dist+tal,4.782
MAHARASHTRA,Raigad,Roha,Sukeli,Sukeli,1343,whole_village,False,False,Sukeli,Roha,Raigad,554357,554357,100.0,dist+tal,7.886
MAHARASHTRA,Raigad,Roha,Talavade,Talavade,1345,whole_village,False,False,Talavade,Roha,Raigad,554303,554303,100.0,dist+tal,3.259
MAHARASHTRA,Raigad,Roha,Talawali Tarf Ashtami,Talawali Tarf Ashtami,1346,whole_village,False,False,Talawali Tarf Ashtami,Roha,Raigad,554370,554370,100.0,dist+tal,1.835
MAHARASHTRA,Raigad,Roha,Talawali Tarf Ghosale,Talawali Tarf Ghosale,1347,whole_village,False,False,Talawali Tarf Ghosale,Roha,Raigad,554304,554304,100.0,dist+tal,3.545
MAHARASHTRA,Raigad,Roha,Tambadi,Tambadi,1348,whole_village,False,False,Tambadi,Roha,Raigad,554428,554428,100.0,dist+tal,4.82
MAHARASHTRA,Raigad,Roha,Tambadiwadi,Tambadiwadi,1349,whole_village,False,False,Tambadiwadi,Roha,Raigad,554427,554427,100.0,dist+tal,4.416
MAHARASHTRA,Raigad,Roha,Tambaiwadi,Tambaiwadi*,1350,bifurcated_village,True,False,Ambewadi,Roha,Raigad,554399,554399,77.8,dist+tal,0.928
MAHARASHTRA,Raigad,Roha,Tamhanshet,Tamhanshet,1351,whole_village,False,False,Tamhanshet,Roha,Raigad,554426,554426,100.0,dist+tal,4.822
MAHARASHTRA,Raigad,Roha,Tamsoli,Tamsoli,1352,whole_village,False,False,Tamsoli,Roha,Raigad,554339,554339,100.0,dist+tal,2.427
MAHARASHTRA,Raigad,Roha,Tareghar,Tareghar,1353,whole_village,False,False,Tareghar,Roha,Raigad,554410,554410,100.0,dist+tal,1.881
MAHARASHTRA,Raigad,Roha,Temghar,Temghar,1354,whole_village,False,False,Temghar,Roha,Raigad,554324,554324,100.0,dist+tal,7.015
MAHARASHTRA,Raigad,Roha,Uchel,Uchel,1356,whole_village,False,False,Uchel,Roha,Raigad,554435,554435,100.0,dist+tal,4.594
MAHARASHTRA,Raigad,Roha,Usar,Usar,1357,whole_village,False,False,Usar,Roha,Raigad,554305,554305,100.0,dist+tal,7.412
MAHARASHTRA,Raigad,Roha,Vaijnath,Vaijnath,1358,whole_village,False,False,Vaijnath,Roha,Raigad,554373,554373,100.0,dist+tal,0.691
MAHARASHTRA,Raigad,Roha,Vitthalwadi,Vitthalwadi,1359,whole_village,False,False,Vitthalwadi,Roha,Raigad,554375,554375,100.0,dist+tal,6.849
MAHARASHTRA,Raigad,Roha,Waghli,Waghli*,1360,bifurcated_village,True,False,Wagholi,Alibag,Raigad,554064,554064,92.3,dist,1.696
MAHARASHTRA,Raigad,Roha,Wali,Wali,1361,whole_village,False,False,Wali,Roha,Raigad,554438,554438,100.0,dist+tal,3.294
MAHARASHTRA,Raigad,Roha,Wandoli,Wandoli,1362,whole_village,False,False,Wardoli,Panvel,Raigad,553430,553430,85.7,dist,5.296
MAHARASHTRA,Raigad,Roha,Wandoli Bu. (Adiwasiwadi),Wandoli Bu. (Adiwasiwadi)*,1363,bifurcated_village,True,False,Wandoli,Roha,Raigad,554354,554354,100.0,dist+tal,1.447
MAHARASHTRA,Raigad,Roha,Wangani,Wangani,1364,whole_village,False,False,Wangani,Roha,Raigad,554345,554345,100.0,dist+tal,4.811
MAHARASHTRA,Raigad,Roha,Wani,Wani,1365,whole_village,False,False,Wani,Roha,Raigad,554334,554334,100.0,dist+tal,11.193
MAHARASHTRA,Raigad,Roha,Warathi,Warathi,1366,whole_village,False,False,Warathi,Roha,Raigad,554412,554412,100.0,dist+tal,3.55
MAHARASHTRA,Raigad,Roha,Waravade,Waravade,1367,whole_village,False,False,Waravade,Roha,Raigad,554350,554350,100.0,dist+tal,1.418
MAHARASHTRA,Raigad,Roha,Wasgaon,Wasgaon,1368,whole_village,False,False,Wasgaon,Roha,Raigad,554330,554330,100.0,dist+tal,6.81
MAHARASHTRA,Raigad,Roha,Wavekhar,Wavekhar,1369,whole_village,False,False,Wavekhar,Roha,Raigad,554283,554283,100.0,dist+tal,0.879
MAHARASHTRA,Raigad,Roha,Wavepotge,Wavepotge,1370,whole_village,False,False,Wavepotge,Roha,Raigad,554284,554284,100.0,dist+tal,3.727
MAHARASHTRA,Raigad,Roha,Wazaroli,Wazaroli,1371,whole_village,False,False,Wazaroli,Roha,Raigad,554338,554338,100.0,dist+tal,1.444
MAHARASHTRA,Raigad,Roha,Yashwantkhar,Yashwantkhar,1372,whole_village,False,False,Yashwantkhar,Roha,Raigad,554281,554281,100.0,dist+tal,4.641
MAHARASHTRA,Raigad,Sudhagad,Adulse,Adulse,1373,whole_village,False,False,Adulse,Sudhagad,Raigad,554526,554526,100.0,dist+tal,8.623
MAHARASHTRA,Raigad,Sudhagad,Ambivali,Ambivali,1374,whole_village,False,False,Ambivali,Sudhagad,Raigad,554529,554529,100.0,dist+tal,3.04
MAHARASHTRA,Raigad,Sudhagad,Ambole,Ambole,1375,whole_village,False,False,Ambole,Sudhagad,Raigad,554509,554509,100.0,dist+tal,0.893
MAHARASHTRA,Raigad,Sudhagad,Apatwane,Apatwane,1376,whole_village,False,False,Apatwane,Sudhagad,Raigad,554519,554519,100.0,dist+tal,8.055
MAHARASHTRA,Raigad,Sudhagad,Asare,Asare,1377,whole_village,False,False,Asare,Sudhagad,Raigad,554488,554488,100.0,dist+tal,1.874
MAHARASHTRA,Raigad,Sudhagad,Atone,Atone,1378,whole_village,False,False,Atone,Sudhagad,Raigad,554543,554543,100.0,dist+tal,6.724
MAHARASHTRA,Raigad,Sudhagad,Balap,Balap,1379,whole_village,False,False,Balap,Sudhagad,Raigad,554504,554504,100.0,dist+tal,1.446
MAHARASHTRA,Raigad,Sudhagad,Bharje,Bharje,1380,whole_village,False,False,Bharje,Sudhagad,Raigad,554528,554528,100.0,dist+tal,5.718
MAHARASHTRA,Raigad,Sudhagad,Bheliv,Bheliv,1382,whole_village,False,False,Bheliv,Sudhagad,Raigad,554457,554457,100.0,dist+tal,11.151
MAHARASHTRA,Raigad,Sudhagad,Bhilpada (Khuravale),Bhilpada (Khuravale),1383,whole_village,False,False,Bhilpada,Sudhagad,Raigad,554493,554493,100.0,dist+tal,2.717
MAHARASHTRA,Raigad,Sudhagad,Burmali,Burmali,1384,whole_village,False,False,Burmali,Sudhagad,Raigad,554506,554506,100.0,dist+tal,0.178
MAHARASHTRA,Raigad,Sudhagad,Chikhalgaon,Chikhalgaon,1385,whole_village,False,False,Chikhalgaon,Sudhagad,Raigad,554501,554501,100.0,dist+tal,7.791
MAHARASHTRA,Raigad,Sudhagad,Chive,Chive,1386,whole_village,False,False,Chive,Sudhagad,Raigad,554494,554494,100.0,dist+tal,2.556
MAHARASHTRA,Raigad,Sudhagad,Dapode,Dapode,1387,whole_village,False,False,Dapode,Sudhagad,Raigad,554508,554508,100.0,dist+tal,0.815
MAHARASHTRA,Raigad,Sudhagad,Daryagaon,Daryagaon,1388,whole_village,False,False,Daryagaon,Sudhagad,Raigad,554533,554533,100.0,dist+tal,2.516
MAHARASHTRA,Raigad,Sudhagad,Dhondse,Dhondse,1389,whole_village,False,False,Dhondse,Sudhagad,Raigad,554525,554525,100.0,dist+tal,3.708
MAHARASHTRA,Raigad,Sudhagad,Dighewadi,Dighewadi,1390,whole_village,False,False,Dighewadi,Sudhagad,Raigad,554539,554539,100.0,dist+tal,2.39
MAHARASHTRA,Raigad,Sudhagad,Falyan,Falyan,1391,whole_village,False,False,Falyan,Sudhagad,Raigad,554456,554456,100.0,dist+tal,4.117
MAHARASHTRA,Raigad,Sudhagad,Ghera Sarasgad,Ghera Sarasgad,1392,whole_village,False,False,Ghera Sarasgad,Sudhagad,Raigad,554510,554510,100.0,dist+tal,1.051
MAHARASHTRA,Raigad,Sudhagad,Ghera Sudhagad,Ghera Sudhagad,1393,whole_village,False,False,Ghera Sudhagad,Sudhagad,Raigad,554524,554524,100.0,dist+tal,37.943
MAHARASHTRA,Raigad,Sudhagad,Gomashi,Gomashi,1394,whole_village,False,False,Gomashi,Sudhagad,Raigad,554541,554541,100.0,dist+tal,6.811
MAHARASHTRA,Raigad,Sudhagad,Gondale,Gondale,1395,whole_village,False,False,Gondale,Sudhagad,Raigad,554530,554530,100.0,dist+tal,4.74
MAHARASHTRA,Raigad,Sudhagad,Gondav,Gondav,1396,whole_village,False,False,Gondav,Sudhagad,Raigad,554450,554450,100.0,dist+tal,7.323
MAHARASHTRA,Raigad,Sudhagad,Harneri,Harneri,1397,whole_village,False,False,Harneri,Sudhagad,Raigad,554479,554479,100.0,dist+tal,2.083
MAHARASHTRA,Raigad,Sudhagad,Hatond,Hatond,1398,whole_village,False,False,Hatond,Sudhagad,Raigad,554449,554449,100.0,dist+tal,5.454
MAHARASHTRA,Raigad,Sudhagad,Kalamb,Kalamb,1399,whole_village,False,False,Kalamb,Sudhagad,Raigad,554481,554481,100.0,dist+tal,13.675
MAHARASHTRA,Raigad,Sudhagad,Karanjghar,Karanjghar,1400,whole_village,False,False,Karanjghar,Sudhagad,Raigad,554498,554498,100.0,dist+tal,0.846
MAHARASHTRA,Raigad,Sudhagad,Kasarwadi (Asare),Kasarwadi (Asare),1401,whole_village,False,False,Kasarwadi,Sudhagad,Raigad,554487,554487,100.0,dist+tal,2.449
MAHARASHTRA,Raigad,Sudhagad,Kavele,Kavele,1402,whole_village,False,False,Kavele,Sudhagad,Raigad,554472,554472,100.0,dist+tal,5.337
MAHARASHTRA,Raigad,Sudhagad,Khad Sambale,Khad Sambale,1403,whole_village,False,False,Khad Sambale,Sudhagad,Raigad,554535,554535,100.0,dist+tal,2.022
MAHARASHTRA,Raigad,Sudhagad,Khandpoli,Khandpoli,1404,whole_village,False,False,Khandpoli,Sudhagad,Raigad,554467,554467,100.0,dist+tal,9.996
MAHARASHTRA,Raigad,Sudhagad,Khandsai,Khandsai,1405,whole_village,False,False,Khandsai,Sudhagad,Raigad,554522,554522,100.0,dist+tal,3.569
MAHARASHTRA,Raigad,Sudhagad,Koshimbale,Koshimbale,1406,whole_village,False,False,Koshimbale,Sudhagad,Raigad,554546,554546,100.0,dist+tal,5.307
MAHARASHTRA,Raigad,Sudhagad,Kumbharghar,Kumbharghar,1407,whole_village,False,False,Kumbharghar,Sudhagad,Raigad,554473,554473,100.0,dist+tal,1.862
MAHARASHTRA,Raigad,Sudhagad,Kumbharshet,Kumbharshet,1408,whole_village,False,False,Kumbharshet,Sudhagad,Raigad,554502,554502,100.0,dist+tal,3.675
MAHARASHTRA,Raigad,Sudhagad,Madhali,Madhali,1409,whole_village,False,False,Madhali,Sudhagad,Raigad,554516,554516,100.0,dist+tal,2.232
MAHARASHTRA,Raigad,Sudhagad,Mahagaon,Mahagaon,1410,whole_village,False,False,Mahagaon,Sudhagad,Raigad,554469,554469,100.0,dist+tal,17.442
MAHARASHTRA,Raigad,Sudhagad,Mangaon Bk.,Mangaon Bk.,1411,whole_village,False,False,Mangaon Bk,Sudhagad,Raigad,554455,554455,100.0,dist+tal,3.232
MAHARASHTRA,Raigad,Sudhagad,Mangaon Kh.,Mangaon Kh.,1412,whole_village,False,False,Mangaon Kh,Sudhagad,Raigad,554458,554458,100.0,dist+tal,4.775
MAHARASHTRA,Raigad,Sudhagad,Mulashi,Mulashi,1413,whole_village,False,False,Mulashi,Sudhagad,Raigad,554480,554480,100.0,dist+tal,3.552
MAHARASHTRA,Raigad,Sudhagad,Nadsur,Nadsur,1414,whole_village,False,False,Nadsur,Sudhagad,Raigad,554523,554523,100.0,dist+tal,9.349
MAHARASHTRA,Raigad,Sudhagad,Nagaon,Nagaon,1415,whole_village,False,False,Nagaon,Sudhagad,Raigad,554544,554544,100.0,dist+tal,2.621
MAHARASHTRA,Raigad,Sudhagad,Nagshet,Nagshet,1416,whole_village,False,False,Nagshet,Sudhagad,Raigad,554545,554545,100.0,dist+tal,8.127
MAHARASHTRA,Raigad,Sudhagad,Nandgaon,Nandgaon,1417,whole_village,False,False,Nandgaon,Sudhagad,Raigad,554538,554538,100.0,dist+tal,3.674
MAHARASHTRA,Raigad,Sudhagad,Navghar,Navghar,1418,whole_village,False,False,Navghar,Sudhagad,Raigad,554514,554514,100.0,dist+tal,4.101
MAHARASHTRA,Raigad,Sudhagad,Nenavali,Nenavali,1419,whole_village,False,False,Nenavali,Sudhagad,Raigad,554536,554536,100.0,dist+tal,4.889
MAHARASHTRA,Raigad,Sudhagad,Nere,Nere,1420,whole_village,False,False,Nere,Sudhagad,Raigad,554452,554452,100.0,dist+tal,1.859
MAHARASHTRA,Raigad,Sudhagad,Pachhapur,Pachhapur,1421,whole_village,False,False,Pachhapur,Sudhagad,Raigad,554532,554532,100.0,dist+tal,5.641
MAHARASHTRA,Raigad,Sudhagad,Padsare,Padsare,1422,whole_village,False,False,Padsare,Sudhagad,Raigad,554471,554471,100.0,dist+tal,4.108
MAHARASHTRA,Raigad,Sudhagad,Pawasalawadi,Pawasalawadi,1423,whole_village,False,False,Pawasalawadi,Sudhagad,Raigad,554460,554460,100.0,dist+tal,4.444
MAHARASHTRA,Raigad,Sudhagad,Pilosari,Pilosari,1424,whole_village,False,False,Pilosari,Sudhagad,Raigad,554499,554499,100.0,dist+tal,3.963
MAHARASHTRA,Raigad,Sudhagad,Pimploli,Pimploli,1425,whole_village,False,False,Pimploli,Sudhagad,Raigad,554537,554537,100.0,dist+tal,2.558
MAHARASHTRA,Raigad,Sudhagad,Potlaj Bk.,Potlaj Bk.,1426,whole_village,False,False,Potlaj Kh,Sudhagad,Raigad,554531,554531,100.0,dist+tal,6.191
MAHARASHTRA,Raigad,Sudhagad,Potlaj Kh.,Potlaj Kh.,1427,whole_village,False,False,Potlaj Bk,Sudhagad,Raigad,554534,554534,100.0,dist+tal,2.583
MAHARASHTRA,Raigad,Sudhagad,Pui,Pui,1428,whole_village,False,False,Pui,Sudhagad,Raigad,554527,554527,100.0,dist+tal,1.684
MAHARASHTRA,Raigad,Sudhagad,Rabgaon,Rabgaon,1429,whole_village,False,False,Rabgaon,Sudhagad,Raigad,554503,554503,100.0,dist+tal,9.584
MAHARASHTRA,Raigad,Sudhagad,Rasal,Rasal,1430,whole_village,False,False,Rasal,Sudhagad,Raigad,554511,554511,100.0,dist+tal,6.844
MAHARASHTRA,Raigad,Sudhagad,Shiloshi,Shiloshi,1432,whole_village,False,False,Shiloshi,Sudhagad,Raigad,554515,554515,100.0,dist+tal,5.17
MAHARASHTRA,Raigad,Sudhagad,Siddheshwar Bk.,Siddheshwar Bk.,1433,whole_village,False,False,Siddheshwar Bk,Sudhagad,Raigad,554521,554521,100.0,dist+tal,3.457
MAHARASHTRA,Raigad,Sudhagad,Siddheshwar Kh.,Siddheshwar Kh.,1434,whole_village,False,False,Siddheshwar Kh,Sudhagad,Raigad,554518,554518,100.0,dist+tal,1.742
MAHARASHTRA,Raigad,Sudhagad,Tadgaon,Tadgaon,1435,whole_village,False,False,Tadgaon,Sudhagad,Raigad,554470,554470,100.0,dist+tal,14.125
MAHARASHTRA,Raigad,Sudhagad,Tivare,Tivare,1436,whole_village,False,False,Tivare,Sudhagad,Raigad,554492,554492,100.0,dist+tal,1.394
MAHARASHTRA,Raigad,Sudhagad,Uddhar,Uddhar,1437,whole_village,False,False,Uddhar,Sudhagad,Raigad,554482,554482,100.0,dist+tal,11.755
MAHARASHTRA,Raigad,Sudhagad,Unhere Bk.,Unhere Bk.,1438,whole_village,False,False,Unhere Bk,Sudhagad,Raigad,554500,554500,100.0,dist+tal,2.738
MAHARASHTRA,Raigad,Sudhagad,Unhere Kh.,Unhere Kh.,1439,whole_village,False,False,Unhere Kh,Sudhagad,Raigad,554505,554505,100.0,dist+tal,0.399
MAHARASHTRA,Raigad,Sudhagad,Usale,Usale,1440,whole_village,False,False,Usale,Sudhagad,Raigad,554512,554512,100.0,dist+tal,0.782
MAHARASHTRA,Raigad,Sudhagad,Usar,Usar,1441,whole_village,False,False,Usar,Sudhagad,Raigad,554517,554517,100.0,dist+tal,3.71
MAHARASHTRA,Raigad,Sudhagad,Varhadjambhulpada,Varhadjambhulpada,1442,whole_village,False,False,Varhadjambhulpada,Sudhagad,Raigad,554478,554478,100.0,dist+tal,8.193
MAHARASHTRA,Raigad,Sudhagad,Vasunde,Vasunde,1443,whole_village,False,False,Vasunde,Sudhagad,Raigad,554459,554459,100.0,dist+tal,6.304
MAHARASHTRA,Raigad,Sudhagad,Waghoshi,Waghoshi,1444,whole_village,False,False,Waghoshi,Sudhagad,Raigad,554474,554474,100.0,dist+tal,4.401
MAHARASHTRA,Raigad,Sudhagad,Wandroshi,Wandroshi,1446,whole_village,False,False,Wandroshi,Sudhagad,Raigad,554513,554513,100.0,dist+tal,2.501
MAHARASHTRA,Raigad,Sudhagad,Wave T. Asare,Wave T. Asare,1447,whole_village,False,False,Wave T Asare,Sudhagad,Raigad,554454,554454,100.0,dist+tal,2.744
MAHARASHTRA,Raigad,Sudhagad,Wavloli,Wavloli,1448,whole_village,False,False,Wavloli,Sudhagad,Raigad,554520,554520,100.0,dist+tal,2.48
MAHARASHTRA,Raigad,Sudhagad,Zap,Zap,1449,whole_village,False,False,Zap,Sudhagad,Raigad,554507,554507,100.0,dist+tal,2.552
MAHARASHTRA,Ratnagiri,Chiplun,Adare,Adare,1450,whole_village,False,False,Adare,Chiplun,Ratnagiri,565259,565259,100.0,dist+tal,9.506
MAHARASHTRA,Ratnagiri,Chiplun,Akuskhan Nagar,Akuskhan Nagar,1451,whole_village,False,False,Akuskhan Nagar,Chiplun,Ratnagiri,565269,565269,100.0,dist+tal,1.094
MAHARASHTRA,Ratnagiri,Chiplun,Anari,Anari,1452,whole_village,False,False,Anari,Chiplun,Ratnagiri,565261,565261,100.0,dist+tal,7.688
MAHARASHTRA,Ratnagiri,Chiplun,Bamnoli,Bamnoli,1453,whole_village,False,False,Bamnoli,Chiplun,Ratnagiri,565187,565187,100.0,dist+tal,7.973
MAHARASHTRA,Ratnagiri,Chiplun,Dervan,Dervan,1454,whole_village,False,False,Dervan Kh,Chiplun,Ratnagiri,565335,565335,100.0,dist+tal,0.85
MAHARASHTRA,Ratnagiri,Chiplun,Dhakmoli,Dhakmoli,1455,whole_village,False,False,Dhakmoli,Chiplun,Ratnagiri,565310,565310,100.0,dist+tal,9.311
MAHARASHTRA,Ratnagiri,Chiplun,Durgwadi,Durgwadi,1456,whole_village,False,False,Durgwadi Kh,Chiplun,Ratnagiri,565344,565344,100.0,dist+tal,7.966
MAHARASHTRA,Ratnagiri,Chiplun,Durgwadi Kh.,Durgwadi Kh.,1457,whole_village,False,False,Durgwadi,Chiplun,Ratnagiri,565345,565345,100.0,dist+tal,13.982
MAHARASHTRA,Ratnagiri,Chiplun,Gane,Gane,1458,whole_village,False,False,Gane,Chiplun,Ratnagiri,565244,565244,100.0,dist+tal,3.345
MAHARASHTRA,Ratnagiri,Chiplun,Ganeshpur,Ganeshpur,1459,whole_village,False,False,Ganeshpur,Chiplun,Ratnagiri,565250,565250,100.0,dist+tal,3.816
MAHARASHTRA,Ratnagiri,Chiplun,Kadwad,Kadwad,1460,whole_village,False,False,Kadwad,Chiplun,Ratnagiri,565241,565241,100.0,dist+tal,10.404
MAHARASHTRA,Ratnagiri,Chiplun,Kalkavane,Kalkavane,1461,whole_village,False,False,Kalkavane,Chiplun,Ratnagiri,565243,565243,100.0,dist+tal,8.672
MAHARASHTRA,Ratnagiri,Chiplun,Kamathe Kh.,Kamathe Kh.,1462,whole_village,False,False,Kamathe Kh,Chiplun,Ratnagiri,565282,565282,100.0,dist+tal,4.61
MAHARASHTRA,Ratnagiri,Chiplun,Kharavate,Kharavate,1463,whole_village,False,False,Kharavate,Chiplun,Ratnagiri,565281,565281,100.0,dist+tal,12.798
MAHARASHTRA,Ratnagiri,Chiplun,Khopad,Khopad,1464,whole_village,False,False,Khopad,Chiplun,Ratnagiri,565196,565196,100.0,dist+tal,4.502
MAHARASHTRA,Ratnagiri,Chiplun,Kolkewadi,Kolkewadi,1465,whole_village,False,False,Kolkewadi,Chiplun,Ratnagiri,565266,565266,100.0,dist+tal,33.37
MAHARASHTRA,Ratnagiri,Chiplun,Kond Fansavane,Kond Fansavane,1466,whole_village,False,False,Kond Fansavane,Chiplun,Ratnagiri,565270,565270,100.0,dist+tal,11.069
MAHARASHTRA,Ratnagiri,Chiplun,Kondmala,Kondmala,1467,whole_village,False,False,Kondmala,Chiplun,Ratnagiri,565324,565324,100.0,dist+tal,7.539
MAHARASHTRA,Ratnagiri,Chiplun,Kudap,Kudap,1468,whole_village,False,False,Kudap,Chiplun,Ratnagiri,565327,565327,100.0,dist+tal,6.795
MAHARASHTRA,Ratnagiri,Chiplun,Kumbharli,Kumbharli,1469,whole_village,False,False,Kumbharli,Chiplun,Ratnagiri,565267,565267,100.0,dist+tal,6.575
MAHARASHTRA,Ratnagiri,Chiplun,Kutare,Kutare,1470,whole_village,False,False,Kutare,Chiplun,Ratnagiri,565350,565350,100.0,dist+tal,12.958
MAHARASHTRA,Ratnagiri,Chiplun,Majare (Goval),Majare (Goval),1471,whole_village,False,False,Majare,Chiplun,Ratnagiri,565348,565348,100.0,dist+tal,3.57
MAHARASHTRA,Ratnagiri,Chiplun,Manjutri,Manjutri,1472,whole_village,False,False,Manjutri,Chiplun,Ratnagiri,565346,565346,100.0,dist+tal,2.669
MAHARASHTRA,Ratnagiri,Chiplun,Moravane,Moravane,1473,whole_village,False,False,Moravane Bk,Chiplun,Ratnagiri,565233,565233,100.0,dist+tal,6.139
MAHARASHTRA,Ratnagiri,Chiplun,Mundhe Tarf Chiplun,Mundhe Tarf Chiplun,1474,whole_village,False,False,Mundhe Tarf Chiplun,Chiplun,Ratnagiri,565263,565263,100.0,dist+tal,8.141
MAHARASHTRA,Ratnagiri,Chiplun,Mundhe Tarf Savarda,Mundhe Tarf Savarda,1475,whole_village,False,False,Mundhe Tarf Savarda,Chiplun,Ratnagiri,565337,565337,100.0,dist+tal,16.43
MAHARASHTRA,Ratnagiri,Chiplun,Nandivase,Nandivase,1476,whole_village,False,False,Nandivase,Chiplun,Ratnagiri,565251,565251,100.0,dist+tal,22.666
MAHARASHTRA,Ratnagiri,Chiplun,Owali,Owali,1477,whole_village,False,False,Owali,Chiplun,Ratnagiri,565249,565249,100.0,dist+tal,17.471
MAHARASHTRA,Ratnagiri,Chiplun,Pathe,Pathe,1478,whole_village,False,False,Pathe,Chiplun,Ratnagiri,565347,565347,100.0,dist+tal,3.397
MAHARASHTRA,Ratnagiri,Chiplun,Pedhambe,Pedhambe,1479,whole_village,False,False,Pedhambe,Chiplun,Ratnagiri,565248,565248,100.0,dist+tal,15.173
MAHARASHTRA,Ratnagiri,Chiplun,Phurus,Phurus,1481,whole_village,False,False,Phurus,Chiplun,Ratnagiri,565343,565343,100.0,dist+tal,10.808
MAHARASHTRA,Ratnagiri,Chiplun,Pophali,Pophali,1482,whole_village,False,False,Pophali Bk,Chiplun,Ratnagiri,565271,565271,100.0,dist+tal,10.576
MAHARASHTRA,Ratnagiri,Chiplun,Pophali Bk.,Pophali Bk.,1483,whole_village,False,False,Pophali,Chiplun,Ratnagiri,565272,565272,100.0,dist+tal,12.286
MAHARASHTRA,Ratnagiri,Chiplun,Riktoli,Riktoli,1484,whole_village,False,False,Riktoli,Chiplun,Ratnagiri,565237,565237,100.0,dist+tal,5.092
MAHARASHTRA,Ratnagiri,Chiplun,Shirgaon,Shirgaon,1485,whole_village,False,False,Shirgaon,Chiplun,Ratnagiri,565268,565268,100.0,dist+tal,12.297
MAHARASHTRA,Ratnagiri,Chiplun,Swayamdev,Swayamdev,1486,whole_village,False,False,Swayamdev,Chiplun,Ratnagiri,565239,565239,100.0,dist+tal,2.916
MAHARASHTRA,Ratnagiri,Chiplun,Talavade,Talavade,1487,whole_village,False,False,Talavade,Chiplun,Ratnagiri,565349,565349,100.0,dist+tal,7.961
MAHARASHTRA,Ratnagiri,Chiplun,Talsar,Talsar,1488,whole_village,False,False,Talsar,Chiplun,Ratnagiri,565262,565262,100.0,dist+tal,15.237
MAHARASHTRA,Ratnagiri,Chiplun,Terav Bk.,Terav Bk.,1489,whole_village,False,False,Terav Bk,Chiplun,Ratnagiri,565258,565258,100.0,dist+tal,3.84
MAHARASHTRA,Ratnagiri,Chiplun,Tivadi,Tivadi,1490,whole_village,False,False,Tivadi,Chiplun,Ratnagiri,565238,565238,100.0,dist+tal,9.207
MAHARASHTRA,Ratnagiri,Chiplun,Tiware,Tiware,1491,whole_village,False,False,Tiware,Chiplun,Ratnagiri,565236,565236,100.0,dist+tal,26.698
MAHARASHTRA,Ratnagiri,Chiplun,Turambao,Turambao,1492,whole_village,False,False,Turambao,Chiplun,Ratnagiri,565305,565305,100.0,dist+tal,8.228
MAHARASHTRA,Ratnagiri,Chiplun,Ubhale,Ubhale,1493,whole_village,False,False,Ubhale,Chiplun,Ratnagiri,565291,565291,100.0,dist+tal,6.433
MAHARASHTRA,Ratnagiri,Khed,Aini,Aini,1494,whole_village,False,False,Aini,Khed,Ratnagiri,564980,564980,100.0,dist+tal,4.959
MAHARASHTRA,Ratnagiri,Khed,Ambadas,Ambadas,1495,whole_village,False,False,Ambadas,Khed,Ratnagiri,565151,565151,100.0,dist+tal,3.566
MAHARASHTRA,Ratnagiri,Khed,Ambavali,Ambavali,1496,whole_village,False,False,Ambavali,Khed,Ratnagiri,565057,565057,100.0,dist+tal,10.053
MAHARASHTRA,Ratnagiri,Khed,Ashti Mohalla,Ashti Mohalla,1497,whole_village,False,False,Ashti Mohalla,Khed,Ratnagiri,565120,565120,100.0,dist+tal,0.403
MAHARASHTRA,Ratnagiri,Khed,Astan,Astan,1498,whole_village,False,False,Astan,Khed,Ratnagiri,565046,565046,100.0,dist+tal,13.042
MAHARASHTRA,Ratnagiri,Khed,Bajrang Nagar,Bajrang Nagar,1499,whole_village,False,False,Bajrang Nagar,Khed,Ratnagiri,565138,565138,100.0,dist+tal,0.276
MAHARASHTRA,Ratnagiri,Khed,Bhelsai Budhawadi,Bhelsai Budhawadi,1500,whole_village,False,False,Bhelsai Budhawadi,Khed,Ratnagiri,565155,565155,100.0,dist+tal,0.188
MAHARASHTRA,Ratnagiri,Khed,Bhelsai Chauthai,Bhelsai Chauthai,1501,whole_village,False,False,Bhelsai Chauthai,Khed,Ratnagiri,565156,565156,100.0,dist+tal,0.386
MAHARASHTRA,Ratnagiri,Khed,Biramani,Biramani,1502,whole_village,False,False,Biramani,Khed,Ratnagiri,565039,565039,100.0,dist+tal,7.257
MAHARASHTRA,Ratnagiri,Khed,Chatao,Chatao,1503,whole_village,False,False,Chatao,Khed,Ratnagiri,565047,565047,100.0,dist+tal,2.442
MAHARASHTRA,Ratnagiri,Khed,Chinchwadi,Chinchwadi,1504,whole_village,False,False,Chinchwadi,Khed,Ratnagiri,565029,565029,100.0,dist+tal,4.122
MAHARASHTRA,Ratnagiri,Khed,Choravane,Choravane,1505,whole_village,False,False,Choravane,Khed,Ratnagiri,565164,565164,100.0,dist+tal,21.117
MAHARASHTRA,Ratnagiri,Khed,Choravane Utekarwadi,Choravane Utekarwadi,1506,whole_village,False,False,Choravane Utekarwadi,Khed,Ratnagiri,565165,565165,100.0,dist+tal,0.433
MAHARASHTRA,Ratnagiri,Khed,Dahivali,Dahivali,1507,whole_village,False,False,Dahivali,Khed,Ratnagiri,565009,565009,100.0,dist+tal,7.022
MAHARASHTRA,Ratnagiri,Khed,Devghar,Devghar,1508,whole_village,False,False,Devghar,Khed,Ratnagiri,565052,565052,100.0,dist+tal,11.39
MAHARASHTRA,Ratnagiri,Khed,Dhamanand,Dhamanand,1509,whole_village,False,False,Dhamanand,Khed,Ratnagiri,565160,565160,100.0,dist+tal,11.818
MAHARASHTRA,Ratnagiri,Khed,Dhamanand Gaonthan,Dhamanand Gaonthan,1510,whole_village,False,False,Dhamanand Gaonthan,Khed,Ratnagiri,565171,565171,100.0,dist+tal,1.057
MAHARASHTRA,Ratnagiri,Khed,Dhavade,Dhavade,1511,whole_village,False,False,Dhavade,Khed,Ratnagiri,565045,565045,100.0,dist+tal,5.851
MAHARASHTRA,Ratnagiri,Khed,Divan-Khavati,Divan-Khavati,1512,whole_village,False,False,Divan Khavati,Khed,Ratnagiri,565002,565002,100.0,dist+tal,5.865
MAHARASHTRA,Ratnagiri,Khed,Gherapalgad,Gherapalgad,1513,whole_village,False,False,Gherapalgad,Khed,Ratnagiri,564975,564975,100.0,dist+tal,7.317
MAHARASHTRA,Ratnagiri,Khed,Ghera-Rasalgad,Ghera-Rasalgad,1514,whole_village,False,False,Ghera Rasalgad,Khed,Ratnagiri,565049,565049,100.0,dist+tal,11.371
MAHARASHTRA,Ratnagiri,Khed,Ghera-Sumargad,Ghera-Sumargad,1515,whole_village,False,False,Ghera Sumargad,Khed,Ratnagiri,565022,565022,100.0,dist+tal,7.445
MAHARASHTRA,Ratnagiri,Khed,Ghogare,Ghogare,1516,whole_village,False,False,Ghogare,Khed,Ratnagiri,565008,565008,100.0,dist+tal,5.744
MAHARASHTRA,Ratnagiri,Khed,Humbari,Humbari,1517,whole_village,False,False,Humbari,Khed,Ratnagiri,565054,565054,100.0,dist+tal,3.348
MAHARASHTRA,Ratnagiri,Khed,Jamage,Jamage,1518,whole_village,False,False,Jamage,Khed,Ratnagiri,564974,564974,100.0,dist+tal,5.186
MAHARASHTRA,Ratnagiri,Khed,Javli Gaonthan,Javli Gaonthan,1519,whole_village,False,False,Javli Gaonthan,Khed,Ratnagiri,565184,565184,100.0,dist+tal,0.279
MAHARASHTRA,Ratnagiri,Khed,Kalambani Bk.,Kalambani Bk.,1520,whole_village,False,False,Kalambani Kh,Khed,Ratnagiri,565038,565038,100.0,dist+tal,12.821
MAHARASHTRA,Ratnagiri,Khed,Kalambani Kh.,Kalambani Kh.,1521,whole_village,False,False,Kalambani Bk,Khed,Ratnagiri,565016,565016,100.0,dist+tal,7.452
MAHARASHTRA,Ratnagiri,Khed,Kandoshi,Kandoshi,1522,whole_village,False,False,Kandoshi,Khed,Ratnagiri,565040,565040,100.0,dist+tal,9.208
MAHARASHTRA,Ratnagiri,Khed,Kartel,Kartel,1523,whole_village,False,False,Kartel,Khed,Ratnagiri,565028,565028,100.0,dist+tal,4.73
MAHARASHTRA,Ratnagiri,Khed,Kasaba Natu,Kasaba Natu,1524,whole_village,False,False,Kasaba Natu,Khed,Ratnagiri,565004,565004,100.0,dist+tal,6.6
MAHARASHTRA,Ratnagiri,Khed,Kasai,Kasai,1525,whole_village,False,False,Kasai,Khed,Ratnagiri,565157,565157,100.0,dist+tal,8.22
MAHARASHTRA,Ratnagiri,Khed,Kavale,Kavale,1526,whole_village,False,False,Kavale,Khed,Ratnagiri,565158,565158,100.0,dist+tal,4.238
MAHARASHTRA,Ratnagiri,Khed,Kelane,Kelane,1527,whole_village,False,False,Kelane,Khed,Ratnagiri,565172,565172,100.0,dist+tal,11.132
MAHARASHTRA,Ratnagiri,Khed,Khalachi(Humbari),Khalachi(Humbari),1528,whole_village,False,False,Khalachi,Khed,Ratnagiri,565053,565053,100.0,dist+tal,3.071
MAHARASHTRA,Ratnagiri,Khed,Khopi,Khopi,1529,whole_village,False,False,Khopi,Khed,Ratnagiri,565137,565137,100.0,dist+tal,20.435
MAHARASHTRA,Ratnagiri,Khed,Khopi Tambadwadi,Khopi Tambadwadi,1530,whole_village,False,False,Khopi Tambadwadi,Khed,Ratnagiri,565136,565136,100.0,dist+tal,0.446
MAHARASHTRA,Ratnagiri,Khed,Kinjale Tarf Khed,Kinjale Tarf Khed,1531,whole_village,False,False,Kinjale Tarf Khed,Khed,Ratnagiri,565041,565041,100.0,dist+tal,2.43
MAHARASHTRA,Ratnagiri,Khed,Kinjale Tarf Natu,Kinjale Tarf Natu,1532,whole_village,False,False,Kinjale Tarf Natu,Khed,Ratnagiri,565007,565007,100.0,dist+tal,4.667
MAHARASHTRA,Ratnagiri,Khed,Kondwadi,Kondwadi,1533,whole_village,False,False,Kondwadi,Khed,Ratnagiri,564972,564972,100.0,dist+tal,3.341
MAHARASHTRA,Ratnagiri,Khed,Kumbhad,Kumbhad,1534,whole_village,False,False,Kumbhad,Khed,Ratnagiri,565068,565068,100.0,dist+tal,12.479
MAHARASHTRA,Ratnagiri,Khed,Kumbhavali,Kumbhavali,1535,whole_village,False,False,Kumbhavali,Khed,Ratnagiri,565176,565176,100.0,dist+tal,1.482
MAHARASHTRA,Ratnagiri,Khed,Kuraval Gaothan,Kuraval Gaothan,1536,whole_village,False,False,Kuraval Gaothan,Khed,Ratnagiri,565185,565185,100.0,dist+tal,0.468
MAHARASHTRA,Ratnagiri,Khed,Mirle,Mirle,1537,whole_village,False,False,Mirle,Khed,Ratnagiri,565132,565132,100.0,dist+tal,4.952
MAHARASHTRA,Ratnagiri,Khed,Morvande Kh.,Morvande Kh.,1538,whole_village,False,False,Morvande Kh,Khed,Ratnagiri,565078,565078,100.0,dist+tal,0.046
MAHARASHTRA,Ratnagiri,Khed,Nandgaon,Nandgaon,1539,whole_village,False,False,Nandgaon,Khed,Ratnagiri,565074,565074,100.0,dist+tal,6.578
MAHARASHTRA,Ratnagiri,Khed,Nandivali,Nandivali,1540,whole_village,False,False,Nandivali,Khed,Ratnagiri,565044,565044,100.0,dist+tal,8.568
MAHARASHTRA,Ratnagiri,Khed,Nawanagar,Nawanagar,1541,whole_village,False,False,Nawanagar,Khed,Ratnagiri,565060,565060,100.0,dist+tal,0.895
MAHARASHTRA,Ratnagiri,Khed,Nive,Nive,1542,whole_village,False,False,Nive,Khed,Ratnagiri,565163,565163,100.0,dist+tal,9.924
MAHARASHTRA,Ratnagiri,Khed,Pakharwadi,Pakharwadi,1543,whole_village,False,False,Pakharwadi,Khed,Ratnagiri,565001,565001,100.0,dist+tal,0.394
MAHARASHTRA,Ratnagiri,Khed,Posare Bk.,Posare Bk.,1544,whole_village,False,False,Posare Bk,Khed,Ratnagiri,565169,565169,100.0,dist+tal,5.156
MAHARASHTRA,Ratnagiri,Khed,Posare Kh.,Posare Kh.,1545,whole_village,False,False,Posare Kh,Khed,Ratnagiri,565168,565168,100.0,dist+tal,2.473
MAHARASHTRA,Ratnagiri,Khed,Poyanar Kh.,Poyanar Kh.,1546,whole_village,False,False,Poyanar Kh,Khed,Ratnagiri,564977,564977,100.0,dist+tal,0.759
MAHARASHTRA,Ratnagiri,Khed,Prabhuwadi,Prabhuwadi,1547,whole_village,False,False,Prabhuwadi,Khed,Ratnagiri,564984,564984,100.0,dist+tal,0.732
MAHARASHTRA,Ratnagiri,Khed,Pure Kh.,Pure Kh.,1548,whole_village,False,False,Pure Kh,Khed,Ratnagiri,565012,565012,100.0,dist+tal,1.867
MAHARASHTRA,Ratnagiri,Khed,Sakhar,Sakhar,1549,whole_village,False,False,Sakhar,Khed,Ratnagiri,565167,565167,100.0,dist+tal,8.573
MAHARASHTRA,Ratnagiri,Khed,Sakharoli,Sakharoli,1550,whole_village,False,False,Sakharoli,Khed,Ratnagiri,564987,564987,100.0,dist+tal,7.735
MAHARASHTRA,Ratnagiri,Khed,Sakharoli Kh.,Sakharoli Kh.,1551,whole_village,False,False,Sakharoli Kh,Khed,Ratnagiri,564979,564979,100.0,dist+tal,0.374
MAHARASHTRA,Ratnagiri,Khed,Sanaghar,Sanaghar,1552,whole_village,False,False,Sanaghar,Khed,Ratnagiri,565055,565055,100.0,dist+tal,2.781
MAHARASHTRA,Ratnagiri,Khed,Sanglot,Sanglot,1553,whole_village,False,False,Sanglat,Khed,Ratnagiri,565090,565090,100.0,dist+tal,5.632
MAHARASHTRA,Ratnagiri,Khed,Sapirli,Sapirli,1554,whole_village,False,False,Sapirli,Khed,Ratnagiri,565166,565166,100.0,dist+tal,11.764
MAHARASHTRA,Ratnagiri,Khed,Shingri,Shingri,1555,whole_village,False,False,Shingri,Khed,Ratnagiri,565011,565011,100.0,dist+tal,3.273
MAHARASHTRA,Ratnagiri,Khed,Shirgaon,Shirgaon,1556,whole_village,False,False,Shirgaon,Khed,Ratnagiri,565139,565139,100.0,dist+tal,17.422
MAHARASHTRA,Ratnagiri,Khed,Shirgaon Kh.,Shirgaon Kh.,1557,whole_village,False,False,Shirgaon Kh,Khed,Ratnagiri,565140,565140,100.0,dist+tal,3.221
MAHARASHTRA,Ratnagiri,Khed,Shiv Kh.,Shiv Kh.,1558,whole_village,False,False,Shiv Kh,Khed,Ratnagiri,565116,565116,100.0,dist+tal,4.238
MAHARASHTRA,Ratnagiri,Khed,Shivtar,Shivtar,1559,whole_village,False,False,Shivtar,Khed,Ratnagiri,564971,564971,100.0,dist+tal,10.125
MAHARASHTRA,Ratnagiri,Khed,Talvat Javali,Talvat Javali,1560,whole_village,False,False,Talvat Javali,Khed,Ratnagiri,565161,565161,100.0,dist+tal,6.415
MAHARASHTRA,Ratnagiri,Khed,Talvat Khed,Talvat Khed,1561,whole_village,False,False,Talvat Khed,Khed,Ratnagiri,565162,565162,100.0,dist+tal,7.308
MAHARASHTRA,Ratnagiri,Khed,Talvat Pal,Talvat Pal,1562,whole_village,False,False,Talvat Pal,Khed,Ratnagiri,565159,565159,100.0,dist+tal,6.371
MAHARASHTRA,Ratnagiri,Khed,Tisangi,Tisangi,1563,whole_village,False,False,Tisangi,Khed,Ratnagiri,565059,565059,100.0,dist+tal,11.968
MAHARASHTRA,Ratnagiri,Khed,Tise Kh.,Tise Kh.,1564,whole_village,False,False,Tise Kh,Khed,Ratnagiri,564981,564981,100.0,dist+tal,0.442
MAHARASHTRA,Ratnagiri,Khed,Tulashi Bk.,Tulashi Bk.,1565,whole_village,False,False,Tulashi Kh,Khed,Ratnagiri,564999,564999,100.0,dist+tal,4.504
MAHARASHTRA,Ratnagiri,Khed,Tulashi Kh.,Tulashi Kh.,1566,whole_village,False,False,Tulashi Bk,Khed,Ratnagiri,564998,564998,100.0,dist+tal,5.9
MAHARASHTRA,Ratnagiri,Khed,Varovali,Varovali,1567,whole_village,False,False,Varovali,Khed,Ratnagiri,565056,565056,100.0,dist+tal,6.149
MAHARASHTRA,Ratnagiri,Khed,Vihali,Vihali,1568,whole_village,False,False,Vihali,Khed,Ratnagiri,565042,565042,100.0,dist+tal,5.058
MAHARASHTRA,Ratnagiri,Khed,Wadgaon Bk.,Wadgaon Bk.,1569,whole_village,False,False,Wadgaon Bk,Khed,Ratnagiri,565037,565037,100.0,dist+tal,13.173
MAHARASHTRA,Ratnagiri,Khed,Wadgaon Kh.,Wadgaon Kh.,1570,whole_village,False,False,Wadgaon Kh,Khed,Ratnagiri,565036,565036,100.0,dist+tal,9.002
MAHARASHTRA,Ratnagiri,Khed,Wadi Bid,Wadi Bid,1571,whole_village,False,False,Wadi Bid,Khed,Ratnagiri,565048,565048,100.0,dist+tal,3.605
MAHARASHTRA,Ratnagiri,Khed,Wadi Malde,Wadi Malde,1572,whole_village,False,False,Wadi Malde,Khed,Ratnagiri,565043,565043,100.0,dist+tal,1.8
MAHARASHTRA,Ratnagiri,Khed,Wadi-Beldar,Wadi-Beldar,1573,whole_village,False,False,Wadi Beldar,Khed,Ratnagiri,565010,565010,100.0,dist+tal,9.353
MAHARASHTRA,Ratnagiri,Khed,Wave Chinchatwadi,Wave Chinchatwadi,1574,whole_village,False,False,Wave Chinchatwadi,Khed,Ratnagiri,565170,565170,100.0,dist+tal,0.641
MAHARASHTRA,Ratnagiri,Khed,Wave Jambhulwadi,Wave Jambhulwadi,1575,whole_village,False,False,Wave Jambhulwadi,Khed,Ratnagiri,565181,565181,100.0,dist+tal,0.484
MAHARASHTRA,Ratnagiri,Khed,Wave Tarf Khed,Wave Tarf Khed,1576,whole_village,False,False,Wave Tarf Khed,Khed,Ratnagiri,565182,565182,100.0,dist+tal,6.036
MAHARASHTRA,Ratnagiri,Khed,Wave Tarf Khed Gaonthan,Wave Tarf Khed Gaonthan,1577,whole_village,False,False,Wave Tarf Khed Gaonthan,Khed,Ratnagiri,565183,565183,100.0,dist+tal,0.791
MAHARASHTRA,Ratnagiri,Khed,Zagdewadi,Zagdewadi,1578,whole_village,False,False,Zagdewadi,Khed,Ratnagiri,565175,565175,100.0,dist+tal,0.435
MAHARASHTRA,Ratnagiri,Lanja,Agargaon,Agargaon,1579,whole_village,False,False,Agargaon,Lanja,Ratnagiri,565920,565920,100.0,dist+tal,0.983
MAHARASHTRA,Ratnagiri,Lanja,Argaon,Argaon,1580,whole_village,False,False,Argaon,Lanja,Ratnagiri,565988,565988,100.0,dist+tal,9.374
MAHARASHTRA,Ratnagiri,Lanja,Bankhor,Bankhor,1581,whole_village,False,False,Bankhor,Lanja,Ratnagiri,565975,565975,100.0,dist+tal,0.65
MAHARASHTRA,Ratnagiri,Lanja,Bapere,Bapere,1582,whole_village,False,False,Bapere,Lanja,Ratnagiri,565944,565944,100.0,dist+tal,7.961
MAHARASHTRA,Ratnagiri,Lanja,Bhade,Bhade,1583,whole_village,False,False,Bhade,Lanja,Ratnagiri,565949,565949,100.0,dist+tal,15.912
MAHARASHTRA,Ratnagiri,Lanja,Bhambed,Bhambed,1584,whole_village,False,False,Bhambed,Lanja,Ratnagiri,565978,565978,100.0,dist+tal,16.544
MAHARASHTRA,Ratnagiri,Lanja,Borthade,Borthade,1585,whole_village,False,False,Borthade,Lanja,Ratnagiri,565956,565956,100.0,dist+tal,3.872
MAHARASHTRA,Ratnagiri,Lanja,Buddhawadi T.Veravali Bk.,Buddhawadi T.Veravali Bk.,1586,whole_village,False,False,Vervali Bd,Lanja,Ratnagiri,565928,565928,100.0,dist+tal,5.421
MAHARASHTRA,Ratnagiri,Lanja,Chafet,Chafet,1587,whole_village,False,False,Chafet,Lanja,Ratnagiri,565881,565881,100.0,dist+tal,1.598
MAHARASHTRA,Ratnagiri,Lanja,Chinchurti,Chinchurti,1588,whole_village,False,False,Chinchurti,Lanja,Ratnagiri,565966,565966,100.0,dist+tal,5.342
MAHARASHTRA,Ratnagiri,Lanja,Daphale,Daphale,1589,whole_village,False,False,Daphale,Lanja,Ratnagiri,565963,565963,100.0,dist+tal,4.05
MAHARASHTRA,Ratnagiri,Lanja,Guravwadi,Guravwadi,1590,whole_village,False,False,Guravwadi,Lanja,Ratnagiri,565915,565915,100.0,dist+tal,1.971
MAHARASHTRA,Ratnagiri,Lanja,Harche,Harche,1591,whole_village,False,False,Harche,Lanja,Ratnagiri,565960,565960,100.0,dist+tal,12.966
MAHARASHTRA,Ratnagiri,Lanja,Hardkhale,Hardkhale,1592,whole_village,False,False,Hardkhale,Lanja,Ratnagiri,565979,565979,100.0,dist+tal,20.053
MAHARASHTRA,Ratnagiri,Lanja,Hasol,Hasol,1593,whole_village,False,False,Hasol,Lanja,Ratnagiri,565912,565912,100.0,dist+tal,5.712
MAHARASHTRA,Ratnagiri,Lanja,Isavali,Isavali,1594,whole_village,False,False,Isavali,Lanja,Ratnagiri,565946,565946,100.0,dist+tal,10.531
MAHARASHTRA,Ratnagiri,Lanja,Javade,Javade,1595,whole_village,False,False,Javade,Lanja,Ratnagiri,565937,565937,100.0,dist+tal,5.322
MAHARASHTRA,Ratnagiri,Lanja,Kangavali,Kangavali,1596,whole_village,False,False,Kangavali,Lanja,Ratnagiri,565907,565907,100.0,dist+tal,5.444
MAHARASHTRA,Ratnagiri,Lanja,Kante,Kante,1597,whole_village,False,False,Kante,Lanja,Ratnagiri,565905,565905,100.0,dist+tal,3.532
MAHARASHTRA,Ratnagiri,Lanja,Katalgaon,Katalgaon,1598,whole_village,False,False,Katalgaon,Lanja,Ratnagiri,565936,565936,100.0,dist+tal,3.291
MAHARASHTRA,Ratnagiri,Lanja,Khanavali,Khanavali,1599,whole_village,False,False,Khanavali,Lanja,Ratnagiri,565947,565947,100.0,dist+tal,18.394
MAHARASHTRA,Ratnagiri,Lanja,Khorgaon,Khorgaon,1600,whole_village,False,False,Khorgaon,Lanja,Ratnagiri,565990,565990,100.0,dist+tal,1.413
MAHARASHTRA,Ratnagiri,Lanja,Khorninko,Khorninko,1601,whole_village,False,False,Khorninko,Lanja,Ratnagiri,565976,565976,100.0,dist+tal,33.372
MAHARASHTRA,Ratnagiri,Lanja,Kochari,Kochari,1602,whole_village,False,False,Kochari,Lanja,Ratnagiri,565964,565964,100.0,dist+tal,12.458
MAHARASHTRA,Ratnagiri,Lanja,Kondage,Kondage,1603,whole_village,False,False,Kondage,Lanja,Ratnagiri,565992,565992,100.0,dist+tal,10.808
MAHARASHTRA,Ratnagiri,Lanja,Kondgaon,Kondgaon,1604,whole_village,False,False,Kondgaon,Lanja,Ratnagiri,565989,565989,100.0,dist+tal,2.017
MAHARASHTRA,Ratnagiri,Lanja,Kudewadi,Kudewadi,1605,whole_village,False,False,Kudewadi,Lanja,Ratnagiri,565980,565980,100.0,dist+tal,4.003
MAHARASHTRA,Ratnagiri,Lanja,Kumbhargaon,Kumbhargaon,1606,whole_village,False,False,Kumbhargaon,Lanja,Ratnagiri,565900,565900,100.0,dist+tal,3.638
MAHARASHTRA,Ratnagiri,Lanja,Kurang,Kurang,1607,whole_village,False,False,Kurang,Lanja,Ratnagiri,565994,565994,100.0,dist+tal,15.476
MAHARASHTRA,Ratnagiri,Lanja,Kurchumb,Kurchumb,1608,whole_village,False,False,Kurchumb,Lanja,Ratnagiri,565909,565909,100.0,dist+tal,5.005
MAHARASHTRA,Ratnagiri,Lanja,Machal,Machal,1609,whole_village,False,False,Machal,Lanja,Ratnagiri,565965,565965,100.0,dist+tal,7.011
MAHARASHTRA,Ratnagiri,Lanja,Majal,Majal,1610,whole_village,False,False,Majal,Lanja,Ratnagiri,565922,565922,100.0,dist+tal,7.81
MAHARASHTRA,Ratnagiri,Lanja,Name,Name,1611,whole_village,False,False,Name,Lanja,Ratnagiri,565973,565973,100.0,dist+tal,1.227
MAHARASHTRA,Ratnagiri,Lanja,Nivoshi,Nivoshi,1612,whole_village,False,False,Nivoshi,Lanja,Ratnagiri,565943,565943,100.0,dist+tal,2.469
MAHARASHTRA,Ratnagiri,Lanja,Palu,Palu,1613,whole_village,False,False,Palu,Lanja,Ratnagiri,565974,565974,100.0,dist+tal,12.687
MAHARASHTRA,Ratnagiri,Lanja,Panore,Panore,1614,whole_village,False,False,Panore,Lanja,Ratnagiri,565950,565950,100.0,dist+tal,4.769
MAHARASHTRA,Ratnagiri,Lanja,Patilgaon,Patilgaon,1615,whole_village,False,False,Patilgaon,Lanja,Ratnagiri,565991,565991,100.0,dist+tal,1.775
MAHARASHTRA,Ratnagiri,Lanja,Prabhanvalli,Prabhanvalli,1616,whole_village,False,False,Prabhanvalli,Lanja,Ratnagiri,565977,565977,100.0,dist+tal,23.375
MAHARASHTRA,Ratnagiri,Lanja,Puragaon,Puragaon,1617,whole_village,False,False,Puragaon,Lanja,Ratnagiri,565939,565939,100.0,dist+tal,1.346
MAHARASHTRA,Ratnagiri,Lanja,Ramgaon,Ramgaon,1618,whole_village,False,False,Ramgaon,Lanja,Ratnagiri,565932,565932,100.0,dist+tal,0.809
MAHARASHTRA,Ratnagiri,Lanja,Ravari,Ravari,1619,whole_village,False,False,Ravari,Lanja,Ratnagiri,565945,565945,100.0,dist+tal,0.962
MAHARASHTRA,Ratnagiri,Lanja,Ringane,Ringane,1620,whole_village,False,False,Ringane,Lanja,Ratnagiri,565993,565993,100.0,dist+tal,9.271
MAHARASHTRA,Ratnagiri,Lanja,Roon,Roon,1621,whole_village,False,False,Roon,Lanja,Ratnagiri,565951,565951,100.0,dist+tal,7.844
MAHARASHTRA,Ratnagiri,Lanja,Salpe,Salpe,1622,whole_village,False,False,Salpe,Lanja,Ratnagiri,565967,565967,100.0,dist+tal,4.123
MAHARASHTRA,Ratnagiri,Lanja,Shirambavali,Shirambavali,1623,whole_village,False,False,Shirambavali,Lanja,Ratnagiri,565875,565875,100.0,dist+tal,2.385
MAHARASHTRA,Ratnagiri,Lanja,Veral,Veral,1624,whole_village,False,False,Veral,Lanja,Ratnagiri,565886,565886,100.0,dist+tal,4.743
MAHARASHTRA,Ratnagiri,Lanja,Vesurle,Vesurle,1625,whole_village,False,False,Vesurle,Lanja,Ratnagiri,565880,565880,100.0,dist+tal,0.776
MAHARASHTRA,Ratnagiri,Lanja,Vilavade,Vilavade,1626,whole_village,False,False,Vilavade,Lanja,Ratnagiri,565982,565982,100.0,dist+tal,10.44
MAHARASHTRA,Ratnagiri,Lanja,Waghrat,Waghrat,1627,whole_village,False,False,Waghrat,Lanja,Ratnagiri,565904,565904,100.0,dist+tal,8.638
MAHARASHTRA,Ratnagiri,Lanja,Waked,Waked,1628,whole_village,False,False,Waked,Lanja,Ratnagiri,565955,565955,100.0,dist+tal,9.804
MAHARASHTRA,Ratnagiri,Rajapur,Agarewadi,Agarewadi,1629,whole_village,False,False,Agarewadi,Rajapur,Ratnagiri,566130,566130,100.0,dist+tal,2.846
MAHARASHTRA,Ratnagiri,Rajapur,Bag Kazi Husen,Bag Kazi Husen,1630,whole_village,False,False,Bag Kazi Husen,Rajapur,Ratnagiri,566149,566149,100.0,dist+tal,0.078
MAHARASHTRA,Ratnagiri,Rajapur,Bandiwade,Bandiwade,1631,whole_village,False,False,Bandiwade,Rajapur,Ratnagiri,566118,566118,100.0,dist+tal,1.615
MAHARASHTRA,Ratnagiri,Rajapur,Bharade,Bharade,1632,whole_village,False,False,Bharade,Rajapur,Ratnagiri,566014,566014,100.0,dist+tal,2.339
MAHARASHTRA,Ratnagiri,Rajapur,Chikhale,Chikhale,1633,whole_village,False,False,Chikhale,Rajapur,Ratnagiri,566123,566123,100.0,dist+tal,3.661
MAHARASHTRA,Ratnagiri,Rajapur,Dhamanpe,Dhamanpe,1634,whole_village,False,False,Dhamanpe,Rajapur,Ratnagiri,566208,566208,100.0,dist+tal,4.126
MAHARASHTRA,Ratnagiri,Rajapur,Dongar,Dongar,1635,whole_village,False,False,Dongar,Rajapur,Ratnagiri,566087,566087,100.0,dist+tal,4.974
MAHARASHTRA,Ratnagiri,Rajapur,Gothane Doniwade,Gothane Doniwade,1636,whole_village,False,False,Gothane Doniwade,Rajapur,Ratnagiri,566189,566189,100.0,dist+tal,5.714
MAHARASHTRA,Ratnagiri,Rajapur,Haral,Haral,1637,whole_village,False,False,Haral,Rajapur,Ratnagiri,566207,566207,100.0,dist+tal,6.933
MAHARASHTRA,Ratnagiri,Rajapur,Hardi,Hardi,1638,whole_village,False,False,Hardi,Rajapur,Ratnagiri,566141,566141,100.0,dist+tal,3.084
MAHARASHTRA,Ratnagiri,Rajapur,Hasol Tarf Saundal,Hasol Tarf Saundal,1639,whole_village,False,False,Hasol Tarf Saundal,Rajapur,Ratnagiri,566103,566103,100.0,dist+tal,7.272
MAHARASHTRA,Ratnagiri,Rajapur,Hatade,Hatade,1640,whole_village,False,False,Hatade,Rajapur,Ratnagiri,566231,566231,100.0,dist+tal,6.891
MAHARASHTRA,Ratnagiri,Rajapur,Jambhavali,Jambhavali,1641,whole_village,False,False,Jambhavali,Rajapur,Ratnagiri,566196,566196,100.0,dist+tal,5.815
MAHARASHTRA,Ratnagiri,Rajapur,Kajirda,Kajirda,1642,whole_village,False,False,Kajirda,Rajapur,Ratnagiri,566224,566224,100.0,dist+tal,16.032
MAHARASHTRA,Ratnagiri,Rajapur,Karak,Karak,1643,whole_village,False,False,Karak,Rajapur,Ratnagiri,566203,566203,100.0,dist+tal,20.083
MAHARASHTRA,Ratnagiri,Rajapur,Karavali,Karavali,1644,whole_village,False,False,Karavali,Rajapur,Ratnagiri,566204,566204,100.0,dist+tal,9.416
MAHARASHTRA,Ratnagiri,Rajapur,Kelavade,Kelavade,1645,whole_village,False,False,Kelavade,Rajapur,Ratnagiri,566134,566134,100.0,dist+tal,3.957
MAHARASHTRA,Ratnagiri,Rajapur,Khingini,Khingini,1646,whole_village,False,False,Khingini,Rajapur,Ratnagiri,566124,566124,100.0,dist+tal,2.843
MAHARASHTRA,Ratnagiri,Rajapur,Kolamb,Kolamb,1647,whole_village,False,False,Kolamb,Rajapur,Ratnagiri,566227,566227,100.0,dist+tal,7.861
MAHARASHTRA,Ratnagiri,Rajapur,Kolwankhadi,Kolwankhadi,1648,whole_village,False,False,Kolwankhadi,Rajapur,Ratnagiri,566172,566172,100.0,dist+tal,7.81
MAHARASHTRA,Ratnagiri,Rajapur,Kond Dasur,Kond Dasur,1649,whole_village,False,False,Kond Dasur,Rajapur,Ratnagiri,566122,566122,100.0,dist+tal,0.888
MAHARASHTRA,Ratnagiri,Rajapur,Kondsar Kh.,Kondsar Kh.,1650,whole_village,False,False,Kondsar Kh,Rajapur,Ratnagiri,565999,565999,100.0,dist+tal,3.325
MAHARASHTRA,Ratnagiri,Rajapur,Kotapur,Kotapur,1651,whole_village,False,False,Kotapur,Rajapur,Ratnagiri,566128,566128,100.0,dist+tal,4.225
MAHARASHTRA,Ratnagiri,Rajapur,Kumbhavade,Kumbhavade,1652,whole_village,False,False,Kumbhavade,Rajapur,Ratnagiri,566074,566074,100.0,dist+tal,5.421
MAHARASHTRA,Ratnagiri,Rajapur,Mahalunge,Mahalunge,1653,whole_village,False,False,Mahalunge,Rajapur,Ratnagiri,566099,566099,100.0,dist+tal,7.925
MAHARASHTRA,Ratnagiri,Rajapur,Miland,Miland,1654,whole_village,False,False,Miland,Rajapur,Ratnagiri,566228,566228,100.0,dist+tal,8.643
MAHARASHTRA,Ratnagiri,Rajapur,Mosam,Mosam,1655,whole_village,False,False,Mosam,Rajapur,Ratnagiri,566110,566110,100.0,dist+tal,10.838
MAHARASHTRA,Ratnagiri,Rajapur,Oshiwale,Oshiwale,1656,whole_village,False,False,Oshiwale,Rajapur,Ratnagiri,566217,566217,100.0,dist+tal,6.417
MAHARASHTRA,Ratnagiri,Rajapur,Pachal,Pachal,1657,whole_village,False,False,Pachal,Rajapur,Ratnagiri,566210,566210,100.0,dist+tal,13.374
MAHARASHTRA,Ratnagiri,Rajapur,Pahiliwadi (Tamhane),Pahiliwadi (Tamhane),1658,whole_village,False,False,Pahiliwadi,Rajapur,Ratnagiri,566229,566229,100.0,dist+tal,6.255
MAHARASHTRA,Ratnagiri,Rajapur,Palye,Palye,1659,whole_village,False,False,Palye,Rajapur,Ratnagiri,566078,566078,100.0,dist+tal,1.325
MAHARASHTRA,Ratnagiri,Rajapur,Pangari Bk.,Pangari Bk.,1660,whole_village,False,False,Pangari Kh,Rajapur,Ratnagiri,566202,566202,100.0,dist+tal,10.376
MAHARASHTRA,Ratnagiri,Rajapur,Pangari Kh.,Pangari Kh.,1661,whole_village,False,False,Pangari Bk,Rajapur,Ratnagiri,566098,566098,100.0,dist+tal,7.35
MAHARASHTRA,Ratnagiri,Rajapur,Panhale Tarf Saundal,Panhale Tarf Saundal,1662,whole_village,False,False,Panhale Tarf Saundal,Rajapur,Ratnagiri,566114,566114,100.0,dist+tal,5.738
MAHARASHTRA,Ratnagiri,Rajapur,Parule,Parule,1663,whole_village,False,False,Parule,Rajapur,Ratnagiri,566199,566199,100.0,dist+tal,12.459
MAHARASHTRA,Ratnagiri,Rajapur,Patharde,Patharde,1664,whole_village,False,False,Patharde,Rajapur,Ratnagiri,566137,566137,100.0,dist+tal,6.445
MAHARASHTRA,Ratnagiri,Rajapur,Patkarwadi,Patkarwadi,1665,whole_village,False,False,Patkarwadi,Rajapur,Ratnagiri,566205,566205,100.0,dist+tal,1.412
MAHARASHTRA,Ratnagiri,Rajapur,Phupere,Phupere,1666,whole_village,False,False,Phupere,Rajapur,Ratnagiri,566095,566095,100.0,dist+tal,6.608
MAHARASHTRA,Ratnagiri,Rajapur,Prindrawan,Prindrawan,1667,whole_village,False,False,Prindrawan,Rajapur,Ratnagiri,566119,566119,100.0,dist+tal,8.564
MAHARASHTRA,Ratnagiri,Rajapur,Kondet Rajapur (MCI),Kondet Rajapur (MCI),1668,whole_village,False,False,Kondhe Tarf Rajapur,Rajapur,Ratnagiri,566148,566148,86.7,dist+tal,5.594
MAHARASHTRA,Ratnagiri,Rajapur,Saundal,Saundal,1669,whole_village,False,False,Saundal,Rajapur,Ratnagiri,566185,566185,100.0,dist+tal,8.775
MAHARASHTRA,Ratnagiri,Rajapur,Savadav,Savadav,1670,whole_village,False,False,Savadav,Rajapur,Ratnagiri,566230,566230,100.0,dist+tal,4.023
MAHARASHTRA,Ratnagiri,Rajapur,Shejavali,Shejavali,1671,whole_village,False,False,Shejavali,Rajapur,Ratnagiri,566116,566116,100.0,dist+tal,5.341
MAHARASHTRA,Ratnagiri,Rajapur,Tiware,Tiware,1672,whole_village,False,False,Tiware,Rajapur,Ratnagiri,566168,566168,100.0,dist+tal,4.837
MAHARASHTRA,Ratnagiri,Rajapur,Valye,Valye,1673,whole_village,False,False,Valye,Rajapur,Ratnagiri,566117,566117,100.0,dist+tal,8.753
MAHARASHTRA,Ratnagiri,Rajapur,Varchi Guravwadi,Varchi Guravwadi,1674,whole_village,False,False,Varchi Guravwadi,Rajapur,Ratnagiri,566001,566001,100.0,dist+tal,3.915
MAHARASHTRA,Ratnagiri,Rajapur,Varchiwadi,Varchiwadi,1675,whole_village,False,False,Varchiwadi,Rajapur,Ratnagiri,566226,566226,100.0,dist+tal,3.713
MAHARASHTRA,Ratnagiri,Rajapur,Walwad,Walwad,1676,whole_village,False,False,Walwad,Rajapur,Ratnagiri,566223,566223,100.0,dist+tal,9.541
MAHARASHTRA,Ratnagiri,Rajapur,Watul,Watul,1677,whole_village,False,False,Watul,Rajapur,Ratnagiri,566166,566166,100.0,dist+tal,13.084
MAHARASHTRA,Ratnagiri,Rajapur,Yeradav,Yeradav,1678,whole_village,False,False,Yeradav,Rajapur,Ratnagiri,566201,566201,100.0,dist+tal,8.556
MAHARASHTRA,Ratnagiri,Rajapur,Zarye,Zarye,1679,whole_village,False,False,Zarye,Rajapur,Ratnagiri,566200,566200,100.0,dist+tal,7.462
MAHARASHTRA,Ratnagiri,Sangmeshwar,Agarewadi,Agarewadi,1680,whole_village,False,False,Agarewadi,Sangameshwar,Ratnagiri,565809,565809,100.0,dist+tal,1.818
MAHARASHTRA,Ratnagiri,Sangmeshwar,Ambet,Ambet,1681,whole_village,False,False,Ambet,Sangameshwar,Ratnagiri,565687,565687,100.0,dist+tal,0.455
MAHARASHTRA,Ratnagiri,Sangmeshwar,Anderi,Anderi,1682,whole_village,False,False,Anderi,Sangameshwar,Ratnagiri,565718,565718,100.0,dist+tal,5.149
MAHARASHTRA,Ratnagiri,Sangmeshwar,Angavali,Angavali,1683,whole_village,False,False,Angavali,Sangameshwar,Ratnagiri,565831,565831,100.0,dist+tal,8.191
MAHARASHTRA,Ratnagiri,Sangmeshwar,Asave,Asave,1684,whole_village,False,False,Asave,Sangameshwar,Ratnagiri,565684,565684,100.0,dist+tal,1.831
MAHARASHTRA,Ratnagiri,Sangmeshwar,Asurde,Asurde,1685,whole_village,False,False,Asurde,Sangameshwar,Ratnagiri,565732,565732,100.0,dist+tal,4.717
MAHARASHTRA,Ratnagiri,Sangmeshwar,Bamnoli,Bamnoli,1686,whole_village,False,False,Bamnoli,Sangameshwar,Ratnagiri,565828,565828,100.0,dist+tal,25.146
MAHARASHTRA,Ratnagiri,Sangmeshwar,Belari Bk.,Belari Bk.,1687,whole_village,False,False,Belari Kh,Sangameshwar,Ratnagiri,565822,565822,100.0,dist+tal,4.213
MAHARASHTRA,Ratnagiri,Sangmeshwar,Belari Kh.,Belari Kh.,1688,whole_village,False,False,Belari Bk,Sangameshwar,Ratnagiri,565823,565823,100.0,dist+tal,1.398
MAHARASHTRA,Ratnagiri,Sangmeshwar,Belariwadi,Belariwadi,1689,whole_village,False,False,Belariwadi,Sangameshwar,Ratnagiri,565819,565819,100.0,dist+tal,4.765
MAHARASHTRA,Ratnagiri,Sangmeshwar,Bhadkambe,Bhadkambe,1690,whole_village,False,False,Bhadakamba,Sangameshwar,Ratnagiri,565854,565854,100.0,dist+tal,8.565
MAHARASHTRA,Ratnagiri,Sangmeshwar,Bhovade,Bhovade,1691,whole_village,False,False,Bhovade,Sangameshwar,Ratnagiri,565869,565869,100.0,dist+tal,8.799
MAHARASHTRA,Ratnagiri,Sangmeshwar,Bondye,Bondye,1692,whole_village,False,False,Bondye,Sangameshwar,Ratnagiri,565841,565841,100.0,dist+tal,7.229
MAHARASHTRA,Ratnagiri,Sangmeshwar,Chandivane,Chandivane,1693,whole_village,False,False,Chandivane,Sangameshwar,Ratnagiri,565806,565806,100.0,dist+tal,2.384
MAHARASHTRA,Ratnagiri,Sangmeshwar,Chaphavali,Chaphavali,1694,whole_village,False,False,Chaphavali,Sangameshwar,Ratnagiri,565860,565860,100.0,dist+tal,12.596
MAHARASHTRA,Ratnagiri,Sangmeshwar,Dakhin,Dakhin,1695,whole_village,False,False,Dakhin,Sangameshwar,Ratnagiri,565846,565846,100.0,dist+tal,6.771
MAHARASHTRA,Ratnagiri,Sangmeshwar,Devade,Devade,1696,whole_village,False,False,Devade,Sangameshwar,Ratnagiri,565870,565870,100.0,dist+tal,16.218
MAHARASHTRA,Ratnagiri,Sangmeshwar,Devale Ghera Prachitgad,Devale Ghera Prachitgad,1697,whole_village,False,False,Devale Ghera Prachitgad,Sangameshwar,Ratnagiri,565773,565773,100.0,dist+tal,12.04
MAHARASHTRA,Ratnagiri,Sangmeshwar,Devghar,Devghar,1698,whole_village,False,False,Devghar,Sangameshwar,Ratnagiri,565813,565813,100.0,dist+tal,3.108
MAHARASHTRA,Ratnagiri,Sangmeshwar,Dhamani,Dhamani,1699,whole_village,False,False,Dhamani,Sangameshwar,Ratnagiri,565712,565712,100.0,dist+tal,10.193
MAHARASHTRA,Ratnagiri,Sangmeshwar,Dingni,Dingni,1700,whole_village,False,False,Dingni,Sangameshwar,Ratnagiri,565745,565745,100.0,dist+tal,12.923
MAHARASHTRA,Ratnagiri,Sangmeshwar,Golavali,Golavali,1701,whole_village,False,False,Golavali,Sangameshwar,Ratnagiri,565711,565711,100.0,dist+tal,10.379
MAHARASHTRA,Ratnagiri,Sangmeshwar,Gothane,Gothane,1702,whole_village,False,False,Gothane,Sangameshwar,Ratnagiri,565826,565826,100.0,dist+tal,23.714
MAHARASHTRA,Ratnagiri,Sangmeshwar,Hativ,Hativ,1703,whole_village,False,False,Hativ,Sangameshwar,Ratnagiri,565833,565833,100.0,dist+tal,7.473
MAHARASHTRA,Ratnagiri,Sangmeshwar,Hedali,Hedali,1704,whole_village,False,False,Hedali,Sangameshwar,Ratnagiri,565717,565717,100.0,dist+tal,3.617
MAHARASHTRA,Ratnagiri,Sangmeshwar,Karandewadi,Karandewadi,1705,whole_village,False,False,Karandewadi,Sangameshwar,Ratnagiri,565827,565827,100.0,dist+tal,1.371
MAHARASHTRA,Ratnagiri,Sangmeshwar,Kase,Kase,1706,whole_village,False,False,Kase,Sangameshwar,Ratnagiri,565681,565681,100.0,dist+tal,4.577
MAHARASHTRA,Ratnagiri,Sangmeshwar,Katavali,Katavali,1707,whole_village,False,False,Katavali,Sangameshwar,Ratnagiri,565785,565785,100.0,dist+tal,13.795
MAHARASHTRA,Ratnagiri,Sangmeshwar,Katurdi Kond,Katurdi Kond,1708,whole_village,False,False,Katurdi Kond,Sangameshwar,Ratnagiri,565720,565720,100.0,dist+tal,5.518
MAHARASHTRA,Ratnagiri,Sangmeshwar,Khadi Kolvan,Khadi Kolvan,1709,whole_village,False,False,Khadi Kolvan,Sangameshwar,Ratnagiri,565843,565843,100.0,dist+tal,18.83
MAHARASHTRA,Ratnagiri,Sangmeshwar,Kinjale,Kinjale,1710,whole_village,False,False,Kinjale,Sangameshwar,Ratnagiri,565772,565772,100.0,dist+tal,7.624
MAHARASHTRA,Ratnagiri,Sangmeshwar,Kirbet,Kirbet,1711,whole_village,False,False,Kirbet,Sangameshwar,Ratnagiri,565868,565868,100.0,dist+tal,11.169
MAHARASHTRA,Ratnagiri,Sangmeshwar,Kond Ambed,Kond Ambed,1712,whole_village,False,False,Kond Ambed,Sangameshwar,Ratnagiri,565730,565730,100.0,dist+tal,1.001
MAHARASHTRA,Ratnagiri,Sangmeshwar,Kond Bhairav,Kond Bhairav,1713,whole_village,False,False,Kond Bhairav,Sangameshwar,Ratnagiri,565700,565700,100.0,dist+tal,1.977
MAHARASHTRA,Ratnagiri,Sangmeshwar,Kond Ozare,Kond Ozare,1714,whole_village,False,False,Kond Ozare,Sangameshwar,Ratnagiri,565786,565786,100.0,dist+tal,0.721
MAHARASHTRA,Ratnagiri,Sangmeshwar,Kondran,Kondran,1715,whole_village,False,False,Kondran,Sangameshwar,Ratnagiri,565814,565814,100.0,dist+tal,0.789
MAHARASHTRA,Ratnagiri,Sangmeshwar,Kuchambe,Kuchambe,1716,whole_village,False,False,Kuchambe,Sangameshwar,Ratnagiri,565695,565695,100.0,dist+tal,6.199
MAHARASHTRA,Ratnagiri,Sangmeshwar,Kule,Kule,1717,whole_village,False,False,Kule,Sangameshwar,Ratnagiri,565774,565774,100.0,dist+tal,7.318
MAHARASHTRA,Ratnagiri,Sangmeshwar,Kumbhar Khani Bk.,Kumbhar Khani Bk.,1718,whole_village,False,False,Kumbhar Khani Bk,Sangameshwar,Ratnagiri,565694,565694,100.0,dist+tal,10.551
MAHARASHTRA,Ratnagiri,Sangmeshwar,Kumbhar khani Kh.,Kumbhar khani Kh.,1719,whole_village,False,False,Kumbharkhani Kh,Sangameshwar,Ratnagiri,565713,565713,100.0,dist+tal,5.906
MAHARASHTRA,Ratnagiri,Sangmeshwar,Kundi,Kundi,1720,whole_village,False,False,Kundi,Sangameshwar,Ratnagiri,565821,565821,100.0,dist+tal,15.497
MAHARASHTRA,Ratnagiri,Sangmeshwar,Kurdhunda,Kurdhunda,1721,whole_village,False,False,Kurdhunda,Sangameshwar,Ratnagiri,565751,565751,100.0,dist+tal,2.333
MAHARASHTRA,Ratnagiri,Sangmeshwar,Kutgiri,Kutgiri,1722,whole_village,False,False,Kutgiri,Sangameshwar,Ratnagiri,565698,565698,100.0,dist+tal,5.367
MAHARASHTRA,Ratnagiri,Sangmeshwar,Maladewadi,Maladewadi,1723,whole_village,False,False,Maladewadi,Sangameshwar,Ratnagiri,565727,565727,100.0,dist+tal,3.274
MAHARASHTRA,Ratnagiri,Sangmeshwar,Manjare,Manjare,1724,whole_village,False,False,Manjare,Sangameshwar,Ratnagiri,565743,565743,100.0,dist+tal,8.681
MAHARASHTRA,Ratnagiri,Sangmeshwar,Maral,Maral,1725,whole_village,False,False,Maral,Sangameshwar,Ratnagiri,565829,565829,100.0,dist+tal,14.238
MAHARASHTRA,Ratnagiri,Sangmeshwar,Masarang,Masarang,1726,whole_village,False,False,Masarang,Sangameshwar,Ratnagiri,565707,565707,100.0,dist+tal,5.629
MAHARASHTRA,Ratnagiri,Sangmeshwar,Math Dhamapur,Math Dhamapur,1727,whole_village,False,False,Math Dhamapur,Sangameshwar,Ratnagiri,565792,565792,100.0,dist+tal,1.107
MAHARASHTRA,Ratnagiri,Sangmeshwar,Mavalange,Mavalange,1728,whole_village,False,False,Mavalange,Sangameshwar,Ratnagiri,565688,565688,100.0,dist+tal,4.092
MAHARASHTRA,Ratnagiri,Sangmeshwar,Murshi,Murshi,1729,whole_village,False,False,Murshi,Sangameshwar,Ratnagiri,565853,565853,100.0,dist+tal,13.342
MAHARASHTRA,Ratnagiri,Sangmeshwar,Nayari,Nayari,1730,whole_village,False,False,Nayari,Sangameshwar,Ratnagiri,565722,565722,100.0,dist+tal,11.95
MAHARASHTRA,Ratnagiri,Sangmeshwar,Nigudwadi,Nigudwadi,1731,whole_village,False,False,Nigudwadi,Sangameshwar,Ratnagiri,565825,565825,100.0,dist+tal,8.954
MAHARASHTRA,Ratnagiri,Sangmeshwar,Ninave,Ninave,1732,whole_village,False,False,Ninave,Sangameshwar,Ratnagiri,565845,565845,100.0,dist+tal,4.401
MAHARASHTRA,Ratnagiri,Sangmeshwar,Nivali,Nivali,1733,whole_village,False,False,Nivali,Sangameshwar,Ratnagiri,565719,565719,100.0,dist+tal,7.074
MAHARASHTRA,Ratnagiri,Sangmeshwar,Nivdhe,Nivdhe,1734,whole_village,False,False,Nivdhe,Sangameshwar,Ratnagiri,565842,565842,100.0,dist+tal,5.022
MAHARASHTRA,Ratnagiri,Sangmeshwar,Ozare Bk.,Ozare Bk.,1735,whole_village,False,False,Ozare Kh,Sangameshwar,Ratnagiri,565787,565787,100.0,dist+tal,8.683
MAHARASHTRA,Ratnagiri,Sangmeshwar,Pachambe,Pachambe,1736,whole_village,False,False,Pachambe,Sangameshwar,Ratnagiri,565699,565699,100.0,dist+tal,13.063
MAHARASHTRA,Ratnagiri,Sangmeshwar,Phansavale,Phansavale,1737,whole_village,False,False,Phansavale,Sangameshwar,Ratnagiri,565784,565784,100.0,dist+tal,12.511
MAHARASHTRA,Ratnagiri,Sangmeshwar,Pirandavane,Pirandavane,1738,whole_village,False,False,Pirandavane,Sangameshwar,Ratnagiri,565744,565744,100.0,dist+tal,5.295
MAHARASHTRA,Ratnagiri,Sangmeshwar,Rajivali,Rajivali,1739,whole_village,False,False,Rajivali,Sangameshwar,Ratnagiri,565696,565696,100.0,dist+tal,8.965
MAHARASHTRA,Ratnagiri,Sangmeshwar,Rangav,Rangav,1740,whole_village,False,False,Rangav,Sangameshwar,Ratnagiri,565702,565702,100.0,dist+tal,5.765
MAHARASHTRA,Ratnagiri,Sangmeshwar,Ratambi,Ratambi,1741,whole_village,False,False,Ratambi,Sangameshwar,Ratnagiri,565697,565697,100.0,dist+tal,6.062
MAHARASHTRA,Ratnagiri,Sangmeshwar,Sangameshwar,Sangameshwar,1742,whole_village,False,False,Kasba Sangameshwar,Sangameshwar,Ratnagiri,565729,565729,100.0,dist+tal,6.596
MAHARASHTRA,Ratnagiri,Sangmeshwar,Sayale,Sayale,1743,whole_village,False,False,Sayale,Sangameshwar,Ratnagiri,565783,565783,100.0,dist+tal,5.777
MAHARASHTRA,Ratnagiri,Sangmeshwar,Shembavane,Shembavane,1744,whole_village,False,False,Shembavane,Sangameshwar,Ratnagiri,565709,565709,100.0,dist+tal,6.343
MAHARASHTRA,Ratnagiri,Sangmeshwar,Shenavade,Shenavade,1745,whole_village,False,False,Shenavade,Sangameshwar,Ratnagiri,565701,565701,100.0,dist+tal,4.236
MAHARASHTRA,Ratnagiri,Sangmeshwar,Shinde Amberi,Shinde Amberi,1746,whole_village,False,False,Shinde Amberi,Sangameshwar,Ratnagiri,565692,565692,100.0,dist+tal,1.687
MAHARASHTRA,Ratnagiri,Sangmeshwar,Shirambe,Shirambe,1747,whole_village,False,False,Shirambe,Sangameshwar,Ratnagiri,565674,565674,100.0,dist+tal,9.071
MAHARASHTRA,Ratnagiri,Sangmeshwar,Shringapur,Shringapur,1748,whole_village,False,False,Shringapur,Sangameshwar,Ratnagiri,565721,565721,100.0,dist+tal,13.405
MAHARASHTRA,Ratnagiri,Sangmeshwar,Sonarwadi,Sonarwadi,1749,whole_village,False,False,Sonarwadi,Sangameshwar,Ratnagiri,565830,565830,100.0,dist+tal,4.193
MAHARASHTRA,Ratnagiri,Sangmeshwar,Talavade Tarf Devrukh,Talavade Tarf Devrukh,1750,whole_village,False,False,Talavade Tarf Devrukh,Sangameshwar,Ratnagiri,565788,565788,100.0,dist+tal,5.977
MAHARASHTRA,Ratnagiri,Sangmeshwar,Tambedi,Tambedi,1751,whole_village,False,False,Tambedi,Sangameshwar,Ratnagiri,565708,565708,100.0,dist+tal,7.121
MAHARASHTRA,Ratnagiri,Sangmeshwar,Tamnale,Tamnale,1752,whole_village,False,False,Tamnale,Sangameshwar,Ratnagiri,565820,565820,100.0,dist+tal,4.196
MAHARASHTRA,Ratnagiri,Sangmeshwar,Tivare Ghera Prachitgad,Tivare Ghera Prachitgad,1754,whole_village,False,False,Tivare Ghera Prachitgad,Sangameshwar,Ratnagiri,565723,565723,100.0,dist+tal,12.443
MAHARASHTRA,Ratnagiri,Sangmeshwar,Tural,Tural,1755,whole_village,False,False,Tural,Sangameshwar,Ratnagiri,565705,565705,100.0,dist+tal,11.012
MAHARASHTRA,Ratnagiri,Sangmeshwar,Umare,Umare,1756,whole_village,False,False,Umare,Sangameshwar,Ratnagiri,565726,565726,100.0,dist+tal,6.922
MAHARASHTRA,Ratnagiri,Sangmeshwar,Upale,Upale,1757,whole_village,False,False,Upale,Sangameshwar,Ratnagiri,565757,565757,100.0,dist+tal,3.37
MAHARASHTRA,Ratnagiri,Sangmeshwar,Vikas Nagar,Vikas Nagar,1758,whole_village,False,False,Vikas Nagar,Sangameshwar,Ratnagiri,565693,565693,100.0,dist+tal,3.968
MAHARASHTRA,Ratnagiri,Sangmeshwar,Wadi Adhishti,Wadi Adhishti,1759,whole_village,False,False,Wadi Adhishti,Sangameshwar,Ratnagiri,565871,565871,100.0,dist+tal,5.332
MAHARASHTRA,Ratnagiri,Sangmeshwar,Washi Tarf Sangameshwar,Washi Tarf Sangameshwar,1760,whole_village,False,False,Washi Tarf Sangameshwar,Sangameshwar,Ratnagiri,565771,565771,100.0,dist+tal,8.726
MAHARASHTRA,Sangli,Shirala,Charan,Charan,1761,whole_village,False,False,Charan,Shirala,Sangli,568235,568235,100.0,dist+tal,8.516
MAHARASHTRA,Sangli,Shirala,Gudhe,Gudhe,1762,whole_village,False,False,Gudhe,Shirala,Sangli,568223,568223,100.0,dist+tal,7.114
MAHARASHTRA,Sangli,Shirala,Khundalapur,Khundalapur,1763,whole_village,False,False,Khundalapur,Shirala,Sangli,568216,568216,100.0,dist+tal,7.032
MAHARASHTRA,Sangli,Shirala,Manadur,Manadur,1764,whole_village,False,False,Kandur,Shirala,Sangli,568302,568302,76.9,dist+tal,4.769
MAHARASHTRA,Sangli,Shirala,Manadur (Ct),Manadur (Ct),1765,whole_village,False,False,Manadur,Shirala,Sangli,568217,568217,100.0,dist+tal,16.922
MAHARASHTRA,Sangli,Shirala,Manewadi,Manewadi,1766,whole_village,False,False,Manewadi,Shirala,Sangli,568224,568224,100.0,dist+tal,2.509
MAHARASHTRA,Sangli,Shirala,Meni,Meni,1767,whole_village,False,False,Meni,Shirala,Sangli,568242,568242,100.0,dist+tal,4.356
MAHARASHTRA,Sangli,Shirala,Nathavade,Nathavade,1768,whole_village,False,False,Nathavade,Shirala,Sangli,568237,568237,100.0,dist+tal,2.612
MAHARASHTRA,Sangli,Shirala,Panchagani,Panchagani,1769,whole_village,False,False,Panchagani,Shirala,Sangli,568225,568225,100.0,dist+tal,3.392
MAHARASHTRA,Sangli,Shirala,Panumbre Tarf Warun,Panumbre Tarf Warun,1770,whole_village,False,False,Panumbre Tarf Warun,Shirala,Sangli,568234,568234,100.0,dist+tal,13.416
MAHARASHTRA,Sangli,Shirala,Shendgewadi,Shendgewadi,1771,whole_village,False,False,Shendgewadi,Shirala,Sangli,568238,568238,100.0,dist+tal,1.932
MAHARASHTRA,Sangli,Shirala,Vashi,Vashi,1772,whole_village,False,False,Vashi,Walwa,Sangli,568363,568363,100.0,dist,8.676
MAHARASHTRA,Sangli,Shirala,Zolambi,Zolambi,1773,whole_village,False,False,Zolambi,Shirala,Sangli,568215,568215,100.0,dist+tal,17.193
MAHARASHTRA,Satara,Jaoli,Adoshi,Adoshi,1774,whole_village,False,False,Adoshi,Jaoli,Satara,564047,564047,100.0,dist+tal,8.207
MAHARASHTRA,Satara,Jaoli,Agalavewadi,Agalavewadi,1775,whole_village,False,False,Agalavewadi,Jaoli,Satara,564081,564081,100.0,dist+tal,1.275
MAHARASHTRA,Satara,Jaoli,Andhari,Andhari,1776,whole_village,False,False,Andhari,Jaoli,Satara,564053,564053,100.0,dist+tal,3.043
MAHARASHTRA,Satara,Jaoli,Apti,Apti,1777,whole_village,False,False,Apti,Jaoli,Satara,564039,564039,100.0,dist+tal,3.857
MAHARASHTRA,Satara,Jaoli,Belawade,Belawade,1778,whole_village,False,False,Belawade,Jaoli,Satara,564107,564107,100.0,dist+tal,3.519
MAHARASHTRA,Satara,Jaoli,Bhaleghar,Bhaleghar,1779,whole_village,False,False,Bhaleghar,Jaoli,Satara,564016,564016,100.0,dist+tal,1.774
MAHARASHTRA,Satara,Jaoli,Bhogavali T. Medha,Bhogavali T. Medha,1780,whole_village,False,False,Bhogavali T Medha,Jaoli,Satara,563981,563981,100.0,dist+tal,3.39
MAHARASHTRA,Satara,Jaoli,Bhuteghar,Bhuteghar,1781,whole_village,False,False,Bhuteghar,Jaoli,Satara,563962,563962,100.0,dist+tal,3.443
MAHARASHTRA,Satara,Jaoli,Bondarwadi,Bondarwadi,1782,whole_village,False,False,Bondarwadi,Jaoli,Satara,563961,563961,100.0,dist+tal,0.869
MAHARASHTRA,Satara,Jaoli,Dare Bk.,Dare Bk.,1783,whole_village,False,False,Dare Kh,Jaoli,Satara,564118,564118,100.0,dist+tal,3.694
MAHARASHTRA,Satara,Jaoli,Deur,Deur,1784,whole_village,False,False,Deur,Jaoli,Satara,564067,564067,100.0,dist+tal,20.444
MAHARASHTRA,Satara,Jaoli,Dhanakwadi,Dhanakwadi,1785,whole_village,False,False,Dhanakwadi,Jaoli,Satara,564094,564094,100.0,dist+tal,1.771
MAHARASHTRA,Satara,Jaoli,Divdev,Divdev,1786,whole_village,False,False,Divdev,Jaoli,Satara,563985,563985,100.0,dist+tal,1.569
MAHARASHTRA,Satara,Jaoli,Dund,Dund,1787,whole_village,False,False,Dund,Jaoli,Satara,564086,564086,100.0,dist+tal,2.923
MAHARASHTRA,Satara,Jaoli,Furus,Furus,1788,whole_village,False,False,Furus,Jaoli,Satara,564038,564038,100.0,dist+tal,1.76
MAHARASHTRA,Satara,Jaoli,Galdev,Galdev,1789,whole_village,False,False,Galdev,Jaoli,Satara,563982,563982,100.0,dist+tal,2.451
MAHARASHTRA,Satara,Jaoli,Ganje,Ganje,1790,whole_village,False,False,Ganje,Jaoli,Satara,564075,564075,100.0,dist+tal,8.406
MAHARASHTRA,Satara,Jaoli,Gondemal,Gondemal,1791,whole_village,False,False,Gondemal,Jaoli,Satara,563990,563990,100.0,dist+tal,2.278
MAHARASHTRA,Satara,Jaoli,Hateghar,Hateghar,1792,whole_village,False,False,Hateghar,Jaoli,Satara,564014,564014,100.0,dist+tal,3.576
MAHARASHTRA,Satara,Jaoli,Jambruk,Jambruk,1793,whole_village,False,False,Jambruk,Jaoli,Satara,564072,564072,100.0,dist+tal,5.105
MAHARASHTRA,Satara,Jaoli,Jarewadi,Jarewadi,1794,whole_village,False,False,Jarewadi,Jaoli,Satara,564021,564021,100.0,dist+tal,3.577
MAHARASHTRA,Satara,Jaoli,Jumgti,Jumgti,1795,whole_village,False,False,Jungti,Jaoli,Satara,564069,564069,83.3,dist+tal,14.416
MAHARASHTRA,Satara,Jaoli,Kaloshi,Kaloshi,1796,whole_village,False,False,Kaloshi,Jaoli,Satara,564084,564084,100.0,dist+tal,2.421
MAHARASHTRA,Satara,Jaoli,Karandi T.Medha,Karandi T.Medha,1797,whole_village,False,False,Karandi T Medha,Jaoli,Satara,564087,564087,100.0,dist+tal,1.81
MAHARASHTRA,Satara,Jaoli,Kargaon,Kargaon,1798,whole_village,False,False,Kargaon,Jaoli,Satara,564059,564059,100.0,dist+tal,25.734
MAHARASHTRA,Satara,Jaoli,Kas,Kas,1799,whole_village,False,False,Kas,Jaoli,Satara,564054,564054,100.0,dist+tal,7.589
MAHARASHTRA,Satara,Jaoli,Kasbe Bamnoli,Kasbe Bamnoli,1800,whole_village,False,False,Kasbe Bamnoli,Jaoli,Satara,564045,564045,100.0,dist+tal,5.016
MAHARASHTRA,Satara,Jaoli,Kelghar T. Solshi,Kelghar T. Solshi,1801,whole_village,False,False,Kelghar T Solshi,Jaoli,Satara,564041,564041,100.0,dist+tal,2.064
MAHARASHTRA,Satara,Jaoli,Khirkhandi,Khirkhandi,1802,whole_village,False,False,Khirkhandi,Jaoli,Satara,564057,564057,100.0,dist+tal,4.792
MAHARASHTRA,Satara,Jaoli,Kolghar,Kolghar,1803,whole_village,False,False,Kolghar,Jaoli,Satara,564043,564043,100.0,dist+tal,1.765
MAHARASHTRA,Satara,Jaoli,Kumbhargani,Kumbhargani,1804,whole_village,False,False,Kumbhargani,Jaoli,Satara,564090,564090,100.0,dist+tal,0.79
MAHARASHTRA,Satara,Jaoli,Kuraloshi,Kuraloshi,1805,whole_village,False,False,Kuraloshi,Jaoli,Satara,563972,563972,100.0,dist+tal,4.737
MAHARASHTRA,Satara,Jaoli,Kusapur,Kusapur,1806,whole_village,False,False,Kusapur,Jaoli,Satara,564049,564049,100.0,dist+tal,4.765
MAHARASHTRA,Satara,Jaoli,Kusawade,Kusawade,1807,whole_village,False,False,Kusawade,Jaoli,Satara,564064,564064,100.0,dist+tal,7.812
MAHARASHTRA,Satara,Jaoli,Kusumbi,Kusumbi,1808,whole_village,False,False,Kusumbi,Jaoli,Satara,564078,564078,100.0,dist+tal,8.511
MAHARASHTRA,Satara,Jaoli,Madoshi,Madoshi,1809,whole_village,False,False,Madoshi,Jaoli,Satara,564048,564048,100.0,dist+tal,4.959
MAHARASHTRA,Satara,Jaoli,Majare Shevandi,Majare Shevandi,1810,whole_village,False,False,Majare Shevandi,Jaoli,Satara,564051,564051,100.0,dist+tal,2.233
MAHARASHTRA,Satara,Jaoli,Malchoundi,Malchoundi,1811,whole_village,False,False,Malchoundi,Jaoli,Satara,564088,564088,100.0,dist+tal,0.64
MAHARASHTRA,Satara,Jaoli,Maldev,Maldev,1812,whole_village,False,False,Maldev,Jaoli,Satara,564063,564063,100.0,dist+tal,6.864
MAHARASHTRA,Satara,Jaoli,Maleshwar,Maleshwar,1813,whole_village,False,False,Maleshwar,Jaoli,Satara,564085,564085,100.0,dist+tal,0.36
MAHARASHTRA,Satara,Jaoli,Mamurdi,Mamurdi,1814,whole_village,False,False,Mamurdi,Jaoli,Satara,563987,563987,100.0,dist+tal,2.556
MAHARASHTRA,Satara,Jaoli,Maradmure,Maradmure,1815,whole_village,False,False,Maradmure,Jaoli,Satara,564108,564108,100.0,dist+tal,2.077
MAHARASHTRA,Satara,Jaoli,Mauje Shevandi,Mauje Shevandi,1816,whole_village,False,False,Mauje Shevandi,Jaoli,Satara,564050,564050,100.0,dist+tal,1.105
MAHARASHTRA,Satara,Jaoli,Met Indawli,Met Indawli,1817,whole_village,False,False,Met Indawli,Jaoli,Satara,564058,564058,100.0,dist+tal,11.744
MAHARASHTRA,Satara,Jaoli,Met Shindi,Met Shindi,1818,whole_village,False,False,Met Shindi,Jaoli,Satara,564035,564035,100.0,dist+tal,1.364
MAHARASHTRA,Satara,Jaoli,Mhamulkarwadi,Mhamulkarwadi,1819,whole_village,False,False,Mhamulkarwadi,Jaoli,Satara,564120,564120,100.0,dist+tal,3.109
MAHARASHTRA,Satara,Jaoli,Mhate Kh.,Mhate Kh.,1820,whole_village,False,False,Mhate Kh,Jaoli,Satara,563991,563991,100.0,dist+tal,3.72
MAHARASHTRA,Satara,Jaoli,Mhavshi,Mhavshi,1821,whole_village,False,False,Mhavshi,Jaoli,Satara,564052,564052,100.0,dist+tal,3.039
MAHARASHTRA,Satara,Jaoli,Mohat,Mohat,1822,whole_village,False,False,Mohat,Jaoli,Satara,563992,563992,100.0,dist+tal,4.179
MAHARASHTRA,Satara,Jaoli,Morawale,Morawale,1823,whole_village,False,False,Morawale,Jaoli,Satara,564098,564098,100.0,dist+tal,2.146
MAHARASHTRA,Satara,Jaoli,Morghar,Morghar,1824,whole_village,False,False,Morghar,Jaoli,Satara,564116,564116,100.0,dist+tal,3.685
MAHARASHTRA,Satara,Jaoli,Munawale,Munawale,1825,whole_village,False,False,Munawale,Jaoli,Satara,564060,564060,100.0,dist+tal,10.376
MAHARASHTRA,Satara,Jaoli,Narfdev,Narfdev,1826,whole_village,False,False,Narfdev,Jaoli,Satara,564117,564117,100.0,dist+tal,2.318
MAHARASHTRA,Satara,Jaoli,Nipani,Nipani,1827,whole_village,False,False,Nipani,Jaoli,Satara,564037,564037,100.0,dist+tal,3.519
MAHARASHTRA,Satara,Jaoli,Nizare,Nizare,1828,whole_village,False,False,Nizare,Jaoli,Satara,564092,564092,100.0,dist+tal,3.827
MAHARASHTRA,Satara,Jaoli,Okhavadi,Okhavadi,1829,whole_village,False,False,Okhavadi,Jaoli,Satara,563977,563977,100.0,dist+tal,1.743
MAHARASHTRA,Satara,Jaoli,Pali T Tamb,Pali T Tamb,1830,whole_village,False,False,Pali T Tamb,Jaoli,Satara,564068,564068,100.0,dist+tal,12.272
MAHARASHTRA,Satara,Jaoli,Phalani,Phalani,1831,whole_village,False,False,Phalani,Jaoli,Satara,564055,564055,100.0,dist+tal,2.943
MAHARASHTRA,Satara,Jaoli,Pimpri T. Medha,Pimpri T. Medha,1832,whole_village,False,False,Pimpri T Medha,Jaoli,Satara,564074,564074,100.0,dist+tal,1.468
MAHARASHTRA,Satara,Jaoli,Rangeghar,Rangeghar,1833,whole_village,False,False,Rangeghar,Jaoli,Satara,564027,564027,100.0,dist+tal,3.306
MAHARASHTRA,Satara,Jaoli,Ravandi,Ravandi,1834,whole_village,False,False,Ravandi,Jaoli,Satara,564046,564046,100.0,dist+tal,2.63
MAHARASHTRA,Satara,Jaoli,Sahyadrinagar,Sahyadrinagar,1835,whole_village,False,False,Sahyadrinagar,Jaoli,Satara,564077,564077,100.0,dist+tal,1.614
MAHARASHTRA,Satara,Jaoli,Sangvi T. Medha,Sangvi T. Medha,1836,whole_village,False,False,Sangvi T Medha,Jaoli,Satara,564076,564076,100.0,dist+tal,1.043
MAHARASHTRA,Satara,Jaoli,Sawari,Sawari,1837,whole_village,False,False,Sawari,Jaoli,Satara,564044,564044,100.0,dist+tal,2.194
MAHARASHTRA,Satara,Jaoli,Sawrat,Sawrat,1838,whole_village,False,False,Sawrat,Jaoli,Satara,564070,564070,100.0,dist+tal,2.987
MAHARASHTRA,Satara,Jaoli,Sayali,Sayali,1839,whole_village,False,False,Sayali,Jaoli,Satara,564099,564099,100.0,dist+tal,1.588
MAHARASHTRA,Satara,Jaoli,Sayghar,Sayghar,1840,whole_village,False,False,Sayghar,Jaoli,Satara,564015,564015,100.0,dist+tal,1.237
MAHARASHTRA,Satara,Jaoli,Songaon,Songaon,1841,whole_village,False,False,Songaon,Jaoli,Satara,564105,564105,100.0,dist+tal,3.854
MAHARASHTRA,Satara,Jaoli,Takawli,Takawli,1842,whole_village,False,False,Takawli,Jaoli,Satara,564066,564066,100.0,dist+tal,11.866
MAHARASHTRA,Satara,Jaoli,Tambi,Tambi,1843,whole_village,False,False,Tambi,Jaoli,Satara,564062,564062,100.0,dist+tal,8.331
MAHARASHTRA,Satara,Jaoli,Tambi T. Medha,Tambi T. Medha,1844,whole_village,False,False,Tambi T Medha,Jaoli,Satara,564079,564079,100.0,dist+tal,1.72
MAHARASHTRA,Satara,Jaoli,Tetli,Tetli,1845,whole_village,False,False,Tetli,Jaoli,Satara,564042,564042,100.0,dist+tal,5.133
MAHARASHTRA,Satara,Jaoli,Umbarewadi,Umbarewadi,1846,whole_village,False,False,Umbarewadi,Jaoli,Satara,564061,564061,100.0,dist+tal,5.899
MAHARASHTRA,Satara,Jaoli,Vadgare,Vadgare,1847,whole_village,False,False,Vadgare,Jaoli,Satara,563989,563989,100.0,dist+tal,1.906
MAHARASHTRA,Satara,Jaoli,Vagheshwar,Vagheshwar,1848,whole_village,False,False,Vagheshwar,Jaoli,Satara,564095,564095,100.0,dist+tal,2.147
MAHARASHTRA,Satara,Jaoli,Vahite,Vahite,1849,whole_village,False,False,Vahite,Jaoli,Satara,563963,563963,100.0,dist+tal,0.801
MAHARASHTRA,Satara,Jaoli,Valanjwadi,Valanjwadi,1850,whole_village,False,False,Valanjwadi,Jaoli,Satara,563967,563967,100.0,dist+tal,0.727
MAHARASHTRA,Satara,Jaoli,Vasota,Vasota,1851,whole_village,False,False,Vasota,Jaoli,Satara,564065,564065,100.0,dist+tal,3.7
MAHARASHTRA,Satara,Jaoli,Vele,Vele,1852,whole_village,False,False,Vele,Jaoli,Satara,564071,564071,100.0,dist+tal,20.232
MAHARASHTRA,Satara,Jaoli,Waghali,Waghali,1853,whole_village,False,False,Waghali,Jaoli,Satara,564056,564056,100.0,dist+tal,2.94
MAHARASHTRA,Satara,Jaoli,Waki,Waki,1854,whole_village,False,False,Waki,Jaoli,Satara,564036,564036,100.0,dist+tal,2.883
MAHARASHTRA,Satara,Jaoli,Yekiv,Yekiv,1855,whole_village,False,False,Yekiv,Jaoli,Satara,564093,564093,100.0,dist+tal,6.052
MAHARASHTRA,Satara,Koregaon,Gujarwadi,Gujarwadi,1856,whole_village,False,False,Gujarwadi,Koregaon,Satara,563730,563730,100.0,dist+tal,2.687
MAHARASHTRA,Satara,Koregaon,Rautwadi,Rautwadi,1857,whole_village,False,False,Rautwadi,Koregaon,Satara,563622,563622,100.0,dist+tal,8.967
MAHARASHTRA,Satara,Mahabaleshwar,Achali,Achali,1858,whole_village,False,False,Achali,Mahabaleshwar,Satara,562989,562989,100.0,dist+tal,0.556
MAHARASHTRA,Satara,Mahabaleshwar,Ahire,Ahire,1859,whole_village,False,False,Ahire,Mahabaleshwar,Satara,563017,563017,100.0,dist+tal,6.192
MAHARASHTRA,Satara,Mahabaleshwar,Akalpe,Akalpe,1860,whole_village,False,False,Akalpe,Mahabaleshwar,Satara,563035,563035,100.0,dist+tal,11.723
MAHARASHTRA,Satara,Mahabaleshwar,Amshi,Amshi,1861,whole_village,False,False,Amshi,Mahabaleshwar,Satara,562998,562998,100.0,dist+tal,3.44
MAHARASHTRA,Satara,Mahabaleshwar,Araw,Araw,1862,whole_village,False,False,Araw,Mahabaleshwar,Satara,563031,563031,100.0,dist+tal,6.32
MAHARASHTRA,Satara,Mahabaleshwar,Avakali,Avakali,1863,whole_village,False,False,Avakali,Mahabaleshwar,Satara,562930,562930,100.0,dist+tal,4.652
MAHARASHTRA,Satara,Mahabaleshwar,Awalan,Awalan,1864,whole_village,False,False,Awalan,Mahabaleshwar,Satara,563005,563005,100.0,dist+tal,3.13
MAHARASHTRA,Satara,Mahabaleshwar,Bhekavali,Bhekavali,1865,whole_village,False,False,Bhekavali,Mahabaleshwar,Satara,562955,562955,100.0,dist+tal,3.758
MAHARASHTRA,Satara,Mahabaleshwar,Birmani,Birmani,1866,whole_village,False,False,Birmani,Mahabaleshwar,Satara,562943,562943,100.0,dist+tal,10.842
MAHARASHTRA,Satara,Mahabaleshwar,Birwadi,Birwadi,1867,whole_village,False,False,Birwadi,Mahabaleshwar,Satara,562945,562945,100.0,dist+tal,11.4
MAHARASHTRA,Satara,Mahabaleshwar,Chakdev,Chakdev,1868,whole_village,False,False,Chakdev,Mahabaleshwar,Satara,563029,563029,100.0,dist+tal,1.591
MAHARASHTRA,Satara,Mahabaleshwar,Chaturbet,Chaturbet,1869,whole_village,False,False,Chaturbet,Mahabaleshwar,Satara,562950,562950,100.0,dist+tal,7.608
MAHARASHTRA,Satara,Mahabaleshwar,Chikhali,Chikhali,1870,whole_village,False,False,Chikhali,Mahabaleshwar,Satara,562975,562975,100.0,dist+tal,7.97
MAHARASHTRA,Satara,Mahabaleshwar,Dabhe Dabhekar,Dabhe Dabhekar,1871,whole_village,False,False,Dabhe Dabhekar,Mahabaleshwar,Satara,562984,562984,100.0,dist+tal,8.348
MAHARASHTRA,Satara,Mahabaleshwar,Dabhe Mohan,Dabhe Mohan,1872,whole_village,False,False,Dabhe Mohan,Mahabaleshwar,Satara,562983,562983,100.0,dist+tal,6.897
MAHARASHTRA,Satara,Mahabaleshwar,Dabhe Turuk,Dabhe Turuk,1873,whole_village,False,False,Dabhe Turuk,Mahabaleshwar,Satara,563960,563960,100.0,dist+tal,1.134
MAHARASHTRA,Satara,Mahabaleshwar,Dare,Dare,1874,whole_village,False,False,Dare,Mahabaleshwar,Satara,562932,562932,100.0,dist+tal,4.823
MAHARASHTRA,Satara,Mahabaleshwar,Devali,Devali,1875,whole_village,False,False,Devali,Mahabaleshwar,Satara,562953,562953,100.0,dist+tal,6.047
MAHARASHTRA,Satara,Mahabaleshwar,Devasare,Devasare,1876,whole_village,False,False,Devasare,Mahabaleshwar,Satara,562990,562990,100.0,dist+tal,2.635
MAHARASHTRA,Satara,Mahabaleshwar,Dhardev,Dhardev,1877,whole_village,False,False,Dhardev,Mahabaleshwar,Satara,562980,562980,100.0,dist+tal,1.126
MAHARASHTRA,Satara,Mahabaleshwar,Dodani,Dodani,1878,whole_village,False,False,Dodani,Mahabaleshwar,Satara,563024,563024,100.0,dist+tal,1.553
MAHARASHTRA,Satara,Mahabaleshwar,Dudhgaon,Dudhgaon,1879,whole_village,False,False,Dudhgaon,Mahabaleshwar,Satara,562949,562949,100.0,dist+tal,4.263
MAHARASHTRA,Satara,Mahabaleshwar,Dudhoshi,Dudhoshi,1880,whole_village,False,False,Dudhoshi,Mahabaleshwar,Satara,562940,562940,100.0,dist+tal,4.068
MAHARASHTRA,Satara,Mahabaleshwar,Gadhavali,Gadhavali,1881,whole_village,False,False,Gadhavali,Mahabaleshwar,Satara,563018,563018,100.0,dist+tal,2.201
MAHARASHTRA,Satara,Mahabaleshwar,Gavadhoshi,Gavadhoshi,1882,whole_village,False,False,Gavadhoshi,Mahabaleshwar,Satara,563004,563004,100.0,dist+tal,4.484
MAHARASHTRA,Satara,Mahabaleshwar,Ghavari,Ghavari,1883,whole_village,False,False,Ghavari,Mahabaleshwar,Satara,562977,562977,100.0,dist+tal,3.274
MAHARASHTRA,Satara,Mahabaleshwar,Ghonaspur,Ghonaspur,1884,whole_village,False,False,Ghonaspur,Mahabaleshwar,Satara,562951,562951,100.0,dist+tal,2.562
MAHARASHTRA,Satara,Mahabaleshwar,Goroshi,Goroshi,1885,whole_village,False,False,Goroshi,Mahabaleshwar,Satara,562948,562948,100.0,dist+tal,2.159
MAHARASHTRA,Satara,Mahabaleshwar,Harchandi,Harchandi,1886,whole_village,False,False,Harchandi,Mahabaleshwar,Satara,563003,563003,100.0,dist+tal,3.569
MAHARASHTRA,Satara,Mahabaleshwar,Haroshi,Haroshi,1887,whole_village,False,False,Haroshi,Mahabaleshwar,Satara,562938,562938,100.0,dist+tal,4.826
MAHARASHTRA,Satara,Mahabaleshwar,Hatlot,Hatlot,1888,whole_village,False,False,Hatlot,Mahabaleshwar,Satara,562947,562947,100.0,dist+tal,10.386
MAHARASHTRA,Satara,Mahabaleshwar,Jaoli,Jaoli,1889,whole_village,False,False,Jaoli,Mahabaleshwar,Satara,562933,562933,100.0,dist+tal,5.536
MAHARASHTRA,Satara,Mahabaleshwar,Kalamgaon,Kalamgaon,1890,whole_village,False,False,Kalamgaon,Mahabaleshwar,Satara,562954,562954,100.0,dist+tal,4.048
MAHARASHTRA,Satara,Mahabaleshwar,Kalamgaon Kalamkar,Kalamgaon Kalamkar,1891,whole_village,False,False,Kalamgaon Kalamkar,Mahabaleshwar,Satara,562986,562986,100.0,dist+tal,3.994
MAHARASHTRA,Satara,Mahabaleshwar,Kandat,Kandat,1892,whole_village,False,False,Kandat,Mahabaleshwar,Satara,563022,563022,100.0,dist+tal,14.037
MAHARASHTRA,Satara,Mahabaleshwar,Khambil Chorge,Khambil Chorge,1893,whole_village,False,False,Khambil Chorge,Mahabaleshwar,Satara,563002,563002,100.0,dist+tal,2.686
MAHARASHTRA,Satara,Mahabaleshwar,Khambil Pokale,Khambil Pokale,1894,whole_village,False,False,Khambil Pokale,Mahabaleshwar,Satara,562999,562999,100.0,dist+tal,2.217
MAHARASHTRA,Satara,Mahabaleshwar,Kharoshi,Kharoshi,1895,whole_village,False,False,Kharoshi,Mahabaleshwar,Satara,562995,562995,100.0,dist+tal,9.272
MAHARASHTRA,Satara,Mahabaleshwar,Kotroshi,Kotroshi,1896,whole_village,False,False,Kotroshi,Mahabaleshwar,Satara,562994,562994,100.0,dist+tal,4.991
MAHARASHTRA,Satara,Mahabaleshwar,Kshetra Mahabaleshwar,Kshetra Mahabaleshwar,1897,whole_village,False,False,Kshetra Mahabaleshwar,Mahabaleshwar,Satara,562928,562928,100.0,dist+tal,17.024
MAHARASHTRA,Satara,Mahabaleshwar,Kumbharoshi,Kumbharoshi,1898,whole_village,False,False,Kumbharoshi,Mahabaleshwar,Satara,562934,562934,100.0,dist+tal,4.839
MAHARASHTRA,Satara,Mahabaleshwar,Kumthe,Kumthe,1899,whole_village,False,False,Kumthe,Mahabaleshwar,Satara,562942,562942,100.0,dist+tal,8.248
MAHARASHTRA,Satara,Mahabaleshwar,Kuroshi,Kuroshi,1900,whole_village,False,False,Kuroshi,Mahabaleshwar,Satara,563000,563000,100.0,dist+tal,4.946
MAHARASHTRA,Satara,Mahabaleshwar,Lakhwad,Lakhwad,1901,whole_village,False,False,Lakhwad,Mahabaleshwar,Satara,563001,563001,100.0,dist+tal,3.481
MAHARASHTRA,Satara,Mahabaleshwar,Lamaj,Lamaj,1902,whole_village,False,False,Lamaj,Mahabaleshwar,Satara,563032,563032,100.0,dist+tal,9.132
MAHARASHTRA,Satara,Mahabaleshwar,Mahabaleshwar (MCl),Mahabaleshwar (MCl),1903,whole_village,False,False,Mahabaleshwar,Mahabaleshwar,Satara,802863,251584,100.0,dist+tal,9.033
MAHARASHTRA,Satara,Mahabaleshwar,Majarewadi,Majarewadi,1904,whole_village,False,False,Majarewadi,Mahabaleshwar,Satara,562991,562991,100.0,dist+tal,1.81
MAHARASHTRA,Satara,Mahabaleshwar,Malusar,Malusar,1905,whole_village,False,False,Malusar,Mahabaleshwar,Satara,562968,562968,100.0,dist+tal,2.516
MAHARASHTRA,Satara,Mahabaleshwar,Manghar,Manghar,1906,whole_village,False,False,Manghar,Mahabaleshwar,Satara,562967,562967,100.0,dist+tal,1.941
MAHARASHTRA,Satara,Mahabaleshwar,Met Taliye,Met Taliye,1907,whole_village,False,False,Met Taliye,Mahabaleshwar,Satara,562939,562939,100.0,dist+tal,1.739
MAHARASHTRA,Satara,Mahabaleshwar,Metgutad,Metgutad,1908,whole_village,False,False,Metgutad,Mahabaleshwar,Satara,562931,562931,100.0,dist+tal,1.673
MAHARASHTRA,Satara,Mahabaleshwar,Mhalunge,Mhalunge,1909,whole_village,False,False,Mhalunge,Mahabaleshwar,Satara,563037,563037,100.0,dist+tal,8.111
MAHARASHTRA,Satara,Mahabaleshwar,Morni,Morni,1910,whole_village,False,False,Morni,Mahabaleshwar,Satara,563036,563036,100.0,dist+tal,2.861
MAHARASHTRA,Satara,Mahabaleshwar,Nakinda,Nakinda,1911,whole_village,False,False,Nakinda,Mahabaleshwar,Satara,562929,562929,100.0,dist+tal,3.642
MAHARASHTRA,Satara,Mahabaleshwar,Navali,Navali,1912,whole_village,False,False,Navali,Mahabaleshwar,Satara,562969,562969,100.0,dist+tal,2.11
MAHARASHTRA,Satara,Mahabaleshwar,Nivali,Nivali,1913,whole_village,False,False,Nivali,Mahabaleshwar,Satara,563033,563033,100.0,dist+tal,7.073
MAHARASHTRA,Satara,Mahabaleshwar,Pali T. Ategaon,Pali T. Ategaon,1914,whole_village,False,False,Pali T Ategaon,Mahabaleshwar,Satara,563012,563012,100.0,dist+tal,1.405
MAHARASHTRA,Satara,Mahabaleshwar,Parpar,Parpar,1915,whole_village,False,False,Parpar,Mahabaleshwar,Satara,562941,562941,100.0,dist+tal,5.385
MAHARASHTRA,Satara,Mahabaleshwar,Parsond,Parsond,1916,whole_village,False,False,Parsond,Mahabaleshwar,Satara,562936,562936,100.0,dist+tal,2.477
MAHARASHTRA,Satara,Mahabaleshwar,Parut,Parut,1917,whole_village,False,False,Parut,Mahabaleshwar,Satara,562976,562976,100.0,dist+tal,3.245
MAHARASHTRA,Satara,Mahabaleshwar,Parwat T. Wagawale,Parwat T. Wagawale,1918,whole_village,False,False,Parwat T Wagawale,Mahabaleshwar,Satara,563027,563027,100.0,dist+tal,3.931
MAHARASHTRA,Satara,Mahabaleshwar,Petpar,Petpar,1919,whole_village,False,False,Petpar,Mahabaleshwar,Satara,562937,562937,100.0,dist+tal,0.203
MAHARASHTRA,Satara,Mahabaleshwar,Pimpri T. Tamb,Pimpri T. Tamb,1920,whole_village,False,False,Pimpri T Tamb,Mahabaleshwar,Satara,563038,563038,100.0,dist+tal,11.746
MAHARASHTRA,Satara,Mahabaleshwar,Ran Adva Gaund,Ran Adva Gaund,1921,whole_village,False,False,Ran Adva Gaund,Mahabaleshwar,Satara,562935,562935,100.0,dist+tal,1.79
MAHARASHTRA,Satara,Mahabaleshwar,Renoshi,Renoshi,1922,whole_village,False,False,Renoshi,Mahabaleshwar,Satara,562996,562996,100.0,dist+tal,6.047
MAHARASHTRA,Satara,Mahabaleshwar,Rule,Rule,1923,whole_village,False,False,Rule,Mahabaleshwar,Satara,562997,562997,100.0,dist+tal,4.838
MAHARASHTRA,Satara,Mahabaleshwar,Saloshi,Saloshi,1924,whole_village,False,False,Saloshi,Mahabaleshwar,Satara,563025,563025,100.0,dist+tal,2.393
MAHARASHTRA,Satara,Mahabaleshwar,Shindi,Shindi,1925,whole_village,False,False,Shindi,Mahabaleshwar,Satara,563030,563030,100.0,dist+tal,6.478
MAHARASHTRA,Satara,Mahabaleshwar,Shindola,Shindola,1926,whole_village,False,False,Shindola,Mahabaleshwar,Satara,562966,562966,100.0,dist+tal,4.48
MAHARASHTRA,Satara,Mahabaleshwar,Shiravali,Shiravali,1927,whole_village,False,False,Shiravali,Mahabaleshwar,Satara,562944,562944,100.0,dist+tal,3.294
MAHARASHTRA,Satara,Mahabaleshwar,Shirnar,Shirnar,1928,whole_village,False,False,Shirnar,Mahabaleshwar,Satara,562985,562985,100.0,dist+tal,2.629
MAHARASHTRA,Satara,Mahabaleshwar,Sonat,Sonat,1929,whole_village,False,False,Sonat,Mahabaleshwar,Satara,562993,562993,100.0,dist+tal,3.419
MAHARASHTRA,Satara,Mahabaleshwar,Soundari,Soundari,1930,whole_village,False,False,Soundari,Mahabaleshwar,Satara,562992,562992,100.0,dist+tal,4.534
MAHARASHTRA,Satara,Mahabaleshwar,Taldev,Taldev,1931,whole_village,False,False,Taldev,Mahabaleshwar,Satara,562982,562982,100.0,dist+tal,3.864
MAHARASHTRA,Satara,Mahabaleshwar,Tekavali,Tekavali,1932,whole_village,False,False,Tekavali,Mahabaleshwar,Satara,562974,562974,100.0,dist+tal,1.997
MAHARASHTRA,Satara,Mahabaleshwar,Uchat,Uchat,1933,whole_village,False,False,Uchat,Mahabaleshwar,Satara,563026,563026,100.0,dist+tal,12.715
MAHARASHTRA,Satara,Mahabaleshwar,Umbari,Umbari,1934,whole_village,False,False,Umbari,Mahabaleshwar,Satara,563020,563020,100.0,dist+tal,2.171
MAHARASHTRA,Satara,Mahabaleshwar,Valawan,Valawan,1935,whole_village,False,False,Valawan,Mahabaleshwar,Satara,563028,563028,100.0,dist+tal,12.584
MAHARASHTRA,Satara,Mahabaleshwar,Varsoli Koli,Varsoli Koli,1936,whole_village,False,False,Varsoli Koli,Mahabaleshwar,Satara,563009,563009,100.0,dist+tal,1.714
MAHARASHTRA,Satara,Mahabaleshwar,Vengale,Vengale,1937,whole_village,False,False,Vengale,Mahabaleshwar,Satara,563007,563007,100.0,dist+tal,4.46
MAHARASHTRA,Satara,Mahabaleshwar,Vivar,Vivar,1938,whole_village,False,False,Vivar,Mahabaleshwar,Satara,562981,562981,100.0,dist+tal,2.602
MAHARASHTRA,Satara,Mahabaleshwar,Walne,Walne,1939,whole_village,False,False,Walne,Mahabaleshwar,Satara,563013,563013,100.0,dist+tal,7.94
MAHARASHTRA,Satara,Mahabaleshwar,Yerandal,Yerandal,1940,whole_village,False,False,Yerandal,Mahabaleshwar,Satara,562978,562978,100.0,dist+tal,1.161
MAHARASHTRA,Satara,Mahabaleshwar,Yerne Bk.,Yerne Bk.,1941,whole_village,False,False,Yerne Bk,Mahabaleshwar,Satara,562987,562987,100.0,dist+tal,1.585
MAHARASHTRA,Satara,Mahabaleshwar,Yerne Kh.,Yerne Kh.,1942,whole_village,False,False,Yerne Kh,Mahabaleshwar,Satara,562988,562988,100.0,dist+tal,1.686
MAHARASHTRA,Satara,Mahabaleshwar,Zadani,Zadani,1943,whole_village,False,False,Zadani,Mahabaleshwar,Satara,563023,563023,100.0,dist+tal,2.893
MAHARASHTRA,Satara,Mahabaleshwar,Zanzwad,Zanzwad,1944,whole_village,False,False,Zanzwad,Mahabaleshwar,Satara,562952,562952,100.0,dist+tal,3.634
MAHARASHTRA,Satara,Patan,Ambavane,Ambavane,1945,whole_village,False,False,Ambavane,Patan,Satara,564249,564249,100.0,dist+tal,2.656
MAHARASHTRA,Satara,Patan,Ambrag,Ambrag,1946,whole_village,False,False,Ambrag,Patan,Satara,564355,564355,100.0,dist+tal,4.382
MAHARASHTRA,Satara,Patan,Aral,Aral,1947,whole_village,False,False,Aral,Patan,Satara,564124,564124,100.0,dist+tal,11.061
MAHARASHTRA,Satara,Patan,Asawalewadi,Asawalewadi,1948,whole_village,False,False,Asawalewadi,Patan,Satara,564322,564322,100.0,dist+tal,2.79
MAHARASHTRA,Satara,Patan,Atoli,Atoli,1949,whole_village,False,False,Atoli,Patan,Satara,564326,564326,100.0,dist+tal,16.791
MAHARASHTRA,Satara,Patan,Bahe,Bahe,1950,whole_village,False,False,Bahe,Patan,Satara,564329,564329,100.0,dist+tal,3.257
MAHARASHTRA,Satara,Patan,Baje,Baje,1951,whole_village,False,False,Baje,Patan,Satara,564144,564144,100.0,dist+tal,2.983
MAHARASHTRA,Satara,Patan,Bhambe,Bhambe,1952,whole_village,False,False,Bhambe,Patan,Satara,564188,564188,100.0,dist+tal,4.103
MAHARASHTRA,Satara,Patan,Bharsakhale,Bharsakhale,1953,whole_village,False,False,Bharsakhale,Patan,Satara,564232,564232,100.0,dist+tal,11.059
MAHARASHTRA,Satara,Patan,Bondri,Bondri,1954,whole_village,False,False,Bondri,Patan,Satara,564255,564255,100.0,dist+tal,0.942
MAHARASHTRA,Satara,Patan,Bopoli,Bopoli,1955,whole_village,False,False,Bopoli,Patan,Satara,564152,564152,100.0,dist+tal,1.76
MAHARASHTRA,Satara,Patan,Chafer,Chafer,1956,whole_village,False,False,Chafer,Patan,Satara,564177,564177,100.0,dist+tal,6.748
MAHARASHTRA,Satara,Patan,Chafoli,Chafoli,1957,whole_village,False,False,Chafoli,Patan,Satara,564236,564236,100.0,dist+tal,1.917
MAHARASHTRA,Satara,Patan,Dhayati,Dhayati,1958,whole_village,False,False,Dhayati,Patan,Satara,564284,564284,100.0,dist+tal,3.439
MAHARASHTRA,Satara,Patan,Dhokawale,Dhokawale,1959,whole_village,False,False,Dhokawale,Patan,Satara,564126,564126,100.0,dist+tal,6.09
MAHARASHTRA,Satara,Patan,Dhoroshi,Dhoroshi,1960,whole_village,False,False,Dhoroshi,Patan,Satara,564212,564212,100.0,dist+tal,5.031
MAHARASHTRA,Satara,Patan,Dhuilwadi,Dhuilwadi,1961,whole_village,False,False,Dhuilwadi,Patan,Satara,564132,564132,100.0,dist+tal,1.572
MAHARASHTRA,Satara,Patan,Dicholi,Dicholi,1962,whole_village,False,False,Dicholi,Patan,Satara,564127,564127,100.0,dist+tal,8.526
MAHARASHTRA,Satara,Patan,Divashi Kh,Divashi Kh,1963,whole_village,False,False,Divashi Bk,Patan,Satara,564321,564321,100.0,dist+tal,8.647
MAHARASHTRA,Satara,Patan,Donichawada,Donichawada,1964,whole_village,False,False,Donichawada,Patan,Satara,564160,564160,100.0,dist+tal,1.197
MAHARASHTRA,Satara,Patan,Gadhav Khop,Gadhav Khop,1965,whole_village,False,False,Gadhav Khop,Patan,Satara,564142,564142,100.0,dist+tal,3.477
MAHARASHTRA,Satara,Patan,Gawdewadi,Gawdewadi,1966,whole_village,False,False,Gawdewadi,Patan,Satara,564133,564133,100.0,dist+tal,5.668
MAHARASHTRA,Satara,Patan,Ghanav,Ghanav,1967,whole_village,False,False,Ghanav,Patan,Satara,564245,564245,100.0,dist+tal,2.811
MAHARASHTRA,Satara,Patan,Ghanbi,Ghanbi,1968,whole_village,False,False,Ghanbi,Patan,Satara,564247,564247,100.0,dist+tal,9.745
MAHARASHTRA,Satara,Patan,Ghatmatha,Ghatmatha,1969,whole_village,False,False,Ghatmatha,Patan,Satara,564149,564149,100.0,dist+tal,1.918
MAHARASHTRA,Satara,Patan,Gheradategad,Gheradategad,1970,whole_village,False,False,Gheradategad,Patan,Satara,564258,564258,100.0,dist+tal,3.305
MAHARASHTRA,Satara,Patan,Ghotil,Ghotil,1971,whole_village,False,False,Ghotil,Patan,Satara,564412,564412,100.0,dist+tal,8.963
MAHARASHTRA,Satara,Patan,Gojegaon,Gojegaon,1972,whole_village,False,False,Gojegaon,Patan,Satara,564131,564131,100.0,dist+tal,15.304
MAHARASHTRA,Satara,Patan,Gokul Tarf Helwak,Gokul Tarf Helwak,1973,whole_village,False,False,Gokul Tarf Helwak,Patan,Satara,564147,564147,100.0,dist+tal,6.543
MAHARASHTRA,Satara,Patan,Goshatwadi,Goshatwadi,1974,whole_village,False,False,Goshatwadi,Patan,Satara,564158,564158,100.0,dist+tal,5.495
MAHARASHTRA,Satara,Patan,Gothane,Gothane,1975,whole_village,False,False,Gothane,Patan,Satara,564185,564185,100.0,dist+tal,11.233
MAHARASHTRA,Satara,Patan,Govare,Govare,1976,whole_village,False,False,Govare,Patan,Satara,564179,564179,100.0,dist+tal,5.529
MAHARASHTRA,Satara,Patan,Helwak,Helwak,1977,whole_village,False,False,Helwak,Patan,Satara,564155,564155,100.0,dist+tal,0.623
MAHARASHTRA,Satara,Patan,Humbarli,Humbarli,1978,whole_village,False,False,Humbarli,Patan,Satara,564140,564140,100.0,dist+tal,5.815
MAHARASHTRA,Satara,Patan,Humbarne,Humbarne,1979,whole_village,False,False,Humbarne,Patan,Satara,564351,564351,100.0,dist+tal,11.239
MAHARASHTRA,Satara,Patan,Humbarwadi,Humbarwadi,1980,whole_village,False,False,Humbarwadi,Patan,Satara,564371,564371,100.0,dist+tal,1.394
MAHARASHTRA,Satara,Patan,Jungati,Jungati,1981,whole_village,False,False,Jungati,Patan,Satara,564238,564238,100.0,dist+tal,3.559
MAHARASHTRA,Satara,Patan,Kadoli,Kadoli,1982,whole_village,False,False,Kadoli,Patan,Satara,564178,564178,100.0,dist+tal,4.856
MAHARASHTRA,Satara,Patan,Kahir,Kahir,1983,whole_village,False,False,Kahir,Patan,Satara,564352,564352,100.0,dist+tal,6.165
MAHARASHTRA,Satara,Patan,Kalkewadi,Kalkewadi,1984,whole_village,False,False,Kalkewadi,Patan,Satara,564359,564359,100.0,dist+tal,1.188
MAHARASHTRA,Satara,Patan,Kamargaon,Kamargaon,1985,whole_village,False,False,Kamargaon,Patan,Satara,564139,564139,100.0,dist+tal,2.82
MAHARASHTRA,Satara,Patan,Karale,Karale,1986,whole_village,False,False,Karale,Patan,Satara,564395,564395,100.0,dist+tal,6.505
MAHARASHTRA,Satara,Patan,Karvat,Karvat,1987,whole_village,False,False,Karvat,Patan,Satara,564257,564257,100.0,dist+tal,8.122
MAHARASHTRA,Satara,Patan,Kasani,Kasani,1988,whole_village,False,False,Kasani,Patan,Satara,564413,564413,100.0,dist+tal,9.255
MAHARASHTRA,Satara,Patan,Kathi,Kathi,1989,whole_village,False,False,Kathi,Patan,Satara,564125,564125,100.0,dist+tal,3.654
MAHARASHTRA,Satara,Patan,Kemase,Kemase,1990,whole_village,False,False,Kemase,Patan,Satara,564150,564150,100.0,dist+tal,4.26
MAHARASHTRA,Satara,Patan,Ker,Ker,1991,whole_village,False,False,Ker,Patan,Satara,564263,564263,100.0,dist+tal,2.559
MAHARASHTRA,Satara,Patan,Kharadwadi,Kharadwadi,1992,whole_village,False,False,Kharadwadi,Patan,Satara,564289,564289,100.0,dist+tal,1.571
MAHARASHTRA,Satara,Patan,Khivashi,Khivashi,1993,whole_village,False,False,Khivashi,Patan,Satara,564246,564246,100.0,dist+tal,3.776
MAHARASHTRA,Satara,Patan,Kisrule,Kisrule,1994,whole_village,False,False,Kisrule,Patan,Satara,564134,564134,100.0,dist+tal,10.182
MAHARASHTRA,Satara,Patan,Kodal,Kodal,1995,whole_village,False,False,Kodal,Patan,Satara,564350,564350,100.0,dist+tal,1.6
MAHARASHTRA,Satara,Patan,Kolane,Kolane,1996,whole_village,False,False,Kolane,Patan,Satara,564183,564183,100.0,dist+tal,4.632
MAHARASHTRA,Satara,Patan,Kondhavale,Kondhavale,1997,whole_village,False,False,Kondhavale,Patan,Satara,564157,564157,100.0,dist+tal,8.116
MAHARASHTRA,Satara,Patan,Kusavade,Kusavade,1998,whole_village,False,False,Kusavade,Patan,Satara,564122,564122,100.0,dist+tal,20.983
MAHARASHTRA,Satara,Patan,Kushi,Kushi,1999,whole_village,False,False,Kushi,Patan,Satara,564187,564187,100.0,dist+tal,7.044
MAHARASHTRA,Satara,Patan,Mala,Mala,2000,whole_village,False,False,Mala,Patan,Satara,564182,564182,100.0,dist+tal,15.898
MAHARASHTRA,Satara,Patan,Maloshi,Maloshi,2001,whole_village,False,False,Maloshi,Patan,Satara,564197,564197,100.0,dist+tal,2.443
MAHARASHTRA,Satara,Patan,Mandure,Mandure,2002,whole_village,False,False,Mandure,Patan,Satara,564235,564235,100.0,dist+tal,7.027
MAHARASHTRA,Satara,Patan,Maneri,Maneri,2003,whole_village,False,False,Maneri,Patan,Satara,564175,564175,100.0,dist+tal,5.776
MAHARASHTRA,Satara,Patan,Marathwadi,Marathwadi,2004,whole_village,False,False,Marathwadi,Patan,Satara,564409,564409,100.0,dist+tal,1.303
MAHARASHTRA,Satara,Patan,Marloshi,Marloshi,2005,whole_village,False,False,Marloshi,Patan,Satara,564209,564209,100.0,dist+tal,3.052
MAHARASHTRA,Satara,Patan,Marul Tarf Patan,Marul Tarf Patan,2006,whole_village,False,False,Marul Tarf Patan,Patan,Satara,564162,564162,100.0,dist+tal,9.48
MAHARASHTRA,Satara,Patan,Mastewadi,Mastewadi,2007,whole_village,False,False,Mastewadi,Patan,Satara,564261,564261,100.0,dist+tal,0.825
MAHARASHTRA,Satara,Patan,Maulinagar,Maulinagar,2008,whole_village,False,False,Maulinagar,Patan,Satara,564243,564243,100.0,dist+tal,5.893
MAHARASHTRA,Satara,Patan,Mendheghar,Mendheghar,2009,whole_village,False,False,Mendheghar,Patan,Satara,564156,564156,100.0,dist+tal,3.638
MAHARASHTRA,Satara,Patan,Mendhoshi,Mendhoshi,2010,whole_village,False,False,Mendhoshi,Patan,Satara,564242,564242,100.0,dist+tal,1.769
MAHARASHTRA,Satara,Patan,Mharwand,Mharwand,2011,whole_village,False,False,Mharwand,Patan,Satara,564234,564234,100.0,dist+tal,4.544
MAHARASHTRA,Satara,Patan,Mirgaon,Mirgaon,2012,whole_village,False,False,Mirgaon,Patan,Satara,564138,564138,100.0,dist+tal,5.477
MAHARASHTRA,Satara,Patan,Nahimbe,Nahimbe,2013,whole_village,False,False,Nahimbe,Patan,Satara,564137,564137,100.0,dist+tal,6.514
MAHARASHTRA,Satara,Patan,Nanel,Nanel,2014,whole_village,False,False,Nanel,Patan,Satara,564145,564145,100.0,dist+tal,3.18
MAHARASHTRA,Satara,Patan,Natoshi,Natoshi,2015,whole_village,False,False,Natoshi,Patan,Satara,564356,564356,100.0,dist+tal,8.747
MAHARASHTRA,Satara,Patan,Nav,Nav,2016,whole_village,False,False,Nav,Patan,Satara,564184,564184,100.0,dist+tal,4.251
MAHARASHTRA,Satara,Patan,Nawaja,Nawaja,2017,whole_village,False,False,Nawaja,Patan,Satara,564135,564135,100.0,dist+tal,18.263
MAHARASHTRA,Satara,Patan,Nechal,Nechal,2018,whole_village,False,False,Nechal,Patan,Satara,564153,564153,100.0,dist+tal,7.104
MAHARASHTRA,Satara,Patan,Nivade,Nivade,2019,whole_village,False,False,Nivade,Patan,Satara,564191,564191,100.0,dist+tal,5.469
MAHARASHTRA,Satara,Patan,Nivakane,Nivakane,2020,whole_village,False,False,Nivakane,Patan,Satara,564233,564233,100.0,dist+tal,2.377
MAHARASHTRA,Satara,Patan,Nivi,Nivi,2021,whole_village,False,False,Nivi,Patan,Satara,564414,564414,100.0,dist+tal,6.3
MAHARASHTRA,Satara,Patan,Pachgani,Pachgani,2022,whole_village,False,False,Pachgani,Patan,Satara,564327,564327,100.0,dist+tal,7.33
MAHARASHTRA,Satara,Patan,Padloshi,Padloshi,2023,whole_village,False,False,Padloshi,Patan,Satara,564283,564283,100.0,dist+tal,4.333
MAHARASHTRA,Satara,Patan,Palashi,Palashi,2024,whole_village,False,False,Palashi,Patan,Satara,564376,564376,100.0,dist+tal,8.832
MAHARASHTRA,Satara,Patan,Paneri,Paneri,2025,whole_village,False,False,Paneri,Patan,Satara,564374,564374,100.0,dist+tal,10.355
MAHARASHTRA,Satara,Patan,Patharpunj,Patharpunj,2026,whole_village,False,False,Patharpunj,Patan,Satara,564181,564181,100.0,dist+tal,9.26
MAHARASHTRA,Satara,Patan,Punvali,Punvali,2027,whole_village,False,False,Punvali,Patan,Satara,564130,564130,100.0,dist+tal,3.859
MAHARASHTRA,Satara,Patan,Rasati,Rasati,2028,whole_village,False,False,Rasati,Patan,Satara,564146,564146,100.0,dist+tal,7.667
MAHARASHTRA,Satara,Patan,Risawad,Risawad,2029,whole_village,False,False,Risawad,Patan,Satara,564186,564186,100.0,dist+tal,7.575
MAHARASHTRA,Satara,Patan,Ruvale,Ruvale,2030,whole_village,False,False,Ruvale,Patan,Satara,564396,564396,100.0,dist+tal,4.233
MAHARASHTRA,Satara,Patan,Satar,Satar,2031,whole_village,False,False,Satar,Patan,Satara,564405,564405,100.0,dist+tal,8.539
MAHARASHTRA,Satara,Patan,Sawarghar,Sawarghar,2032,whole_village,False,False,Sawarghar,Patan,Satara,564190,564190,100.0,dist+tal,5.972
MAHARASHTRA,Satara,Patan,Shirshinge,Shirshinge,2033,whole_village,False,False,Shirshinge,Patan,Satara,564128,564128,100.0,dist+tal,18.637
MAHARASHTRA,Satara,Patan,Shivandeshwar,Shivandeshwar,2034,whole_village,False,False,Shivandeshwar,Patan,Satara,564154,564154,100.0,dist+tal,5.171
MAHARASHTRA,Satara,Patan,Taliye,Taliye,2035,whole_village,False,False,Taliye,Patan,Satara,564176,564176,100.0,dist+tal,3.57
MAHARASHTRA,Satara,Patan,Thankal,Thankal,2036,whole_village,False,False,Thankal,Patan,Satara,564151,564151,100.0,dist+tal,4.61
MAHARASHTRA,Satara,Patan,Tondoshi,Tondoshi,2037,whole_village,False,False,Tondoshi,Patan,Satara,564193,564193,100.0,dist+tal,2.537
MAHARASHTRA,Satara,Patan,Torane,Torane,2038,whole_village,False,False,Torane,Patan,Satara,564148,564148,100.0,dist+tal,9.997
MAHARASHTRA,Satara,Patan,Vajegaon,Vajegaon,2039,whole_village,False,False,Vajegaon,Patan,Satara,564163,564163,100.0,dist+tal,3.399
MAHARASHTRA,Satara,Patan,Valvane,Valvane,2040,whole_village,False,False,Valvane,Patan,Satara,,0,100.0,dist+tal,2.798
MAHARASHTRA,Satara,Patan,Van,Van,2041,whole_village,False,False,Van,Patan,Satara,564123,564123,100.0,dist+tal,9.298
MAHARASHTRA,Satara,Patan,Vanzole,Vanzole,2042,whole_village,False,False,Vanzole,Patan,Satara,564159,564159,100.0,dist+tal,2.877
MAHARASHTRA,Satara,Patan,Vatole,Vatole,2043,whole_village,False,False,Vatole,Patan,Satara,564248,564248,100.0,dist+tal,9.048
MAHARASHTRA,Satara,Patan,Waghane,Waghane,2044,whole_village,False,False,Waghane,Patan,Satara,564180,564180,100.0,dist+tal,5.025
MAHARASHTRA,Satara,Patan,Zadoli,Zadoli,2045,whole_village,False,False,Zadoli,Patan,Satara,564129,564129,100.0,dist+tal,3.282
MAHARASHTRA,Satara,Patan,Zakade,Zakade,2046,whole_village,False,False,Zakade,Patan,Satara,564173,564173,100.0,dist+tal,5.28
MAHARASHTRA,Satara,Satara,Agudewadi,Agudewadi,2047,whole_village,False,False,Agudewadi,Satara,Satara,563749,563749,100.0,dist+tal,3.769
MAHARASHTRA,Satara,Satara,Akale,Akale,2048,whole_village,False,False,Akale,Satara,Satara,563755,563755,100.0,dist+tal,2.853
MAHARASHTRA,Satara,Satara,Alawadi,Alawadi,2049,whole_village,False,False,Alawadi,Satara,Satara,563833,563833,100.0,dist+tal,1.781
MAHARASHTRA,Satara,Satara,Atali,Atali,2050,whole_village,False,False,Atali,Satara,Satara,563813,563813,100.0,dist+tal,2.784
MAHARASHTRA,Satara,Satara,Bhambavali,Bhambavali,2051,whole_village,False,False,Bhambavali,Satara,Satara,563811,563811,100.0,dist+tal,2.777
MAHARASHTRA,Satara,Satara,Boposhi,Boposhi,2052,whole_village,False,False,Boposhi,Satara,Satara,563861,563861,100.0,dist+tal,4.692
MAHARASHTRA,Satara,Satara,Chalkewadi,Chalkewadi,2053,whole_village,False,False,Chalkewadi,Satara,Satara,563859,563859,100.0,dist+tal,12.907
MAHARASHTRA,Satara,Satara,Chikheli,Chikheli,2054,whole_village,False,False,Chikhali,Satara,Satara,563860,563860,87.5,dist+tal,8.317
MAHARASHTRA,Satara,Satara,Chinchani,Chinchani,2055,whole_village,False,False,Chinchani,Satara,Satara,563750,563750,100.0,dist+tal,5.183
MAHARASHTRA,Satara,Satara,Dhavali,Dhavali,2056,whole_village,False,False,Dhavali,Satara,Satara,563834,563834,100.0,dist+tal,4.138
MAHARASHTRA,Satara,Satara,Didhavale,Didhavale,2057,whole_village,False,False,Didhavale,Satara,Satara,563841,563841,100.0,dist+tal,1.724
MAHARASHTRA,Satara,Satara,Gogavalewadi,Gogavalewadi,2058,whole_village,False,False,Gogavalewadi,Satara,Satara,563751,563751,100.0,dist+tal,2.497
MAHARASHTRA,Satara,Satara,Jambhe,Jambhe,2059,whole_village,False,False,Jambhe,Satara,Satara,563863,563863,100.0,dist+tal,5.298
MAHARASHTRA,Satara,Satara,Jotibachiwadi,Jotibachiwadi,2060,whole_village,False,False,Jotibachiwadi,Satara,Satara,563748,563748,100.0,dist+tal,1.028
MAHARASHTRA,Satara,Satara,Kamathi T. Satara,Kamathi T. Satara,2061,whole_village,False,False,Kamathi T Satara,Satara,Satara,563746,563746,100.0,dist+tal,7.922
MAHARASHTRA,Satara,Satara,Katavadi Kh.,Katavadi Kh.,2062,whole_village,False,False,Katavadi Bk,Satara,Satara,563843,563843,100.0,dist+tal,2.551
MAHARASHTRA,Satara,Satara,Kelavali,Kelavali,2063,whole_village,False,False,Kelavali,Satara,Satara,563837,563837,100.0,dist+tal,5.56
MAHARASHTRA,Satara,Satara,Khadegaon,Khadegaon,2064,whole_village,False,False,Khadegaon,Satara,Satara,563851,563851,100.0,dist+tal,4.031
MAHARASHTRA,Satara,Satara,Kurulbaji,Kurulbaji,2065,whole_village,False,False,Kurulbaji,Satara,Satara,563817,563817,100.0,dist+tal,1.754
MAHARASHTRA,Satara,Satara,Kus Kh.,Kus Kh.,2066,whole_village,False,False,Kus Kh,Satara,Satara,563850,563850,100.0,dist+tal,0.821
MAHARASHTRA,Satara,Satara,Navali,Navali,2067,whole_village,False,False,Navali,Satara,Satara,563835,563835,100.0,dist+tal,4.266
MAHARASHTRA,Satara,Satara,Nigudamal,Nigudamal,2068,whole_village,False,False,Nigudamal,Satara,Satara,563838,563838,100.0,dist+tal,0.918
MAHARASHTRA,Satara,Satara,Nitral,Nitral,2069,whole_village,False,False,Nitral,Satara,Satara,563839,563839,100.0,dist+tal,4.712
MAHARASHTRA,Satara,Satara,Parambe,Parambe,2070,whole_village,False,False,Parambe,Satara,Satara,563745,563745,100.0,dist+tal,3.021
MAHARASHTRA,Satara,Satara,Pateghar,Pateghar,2071,whole_village,False,False,Pateghar,Satara,Satara,563832,563832,100.0,dist+tal,5.224
MAHARASHTRA,Satara,Satara,Raighar,Raighar,2072,whole_village,False,False,Raighar,Satara,Satara,563874,563874,100.0,dist+tal,0.956
MAHARASHTRA,Satara,Satara,Sandavali,Sandavali,2073,whole_village,False,False,Sandavali,Satara,Satara,563842,563842,100.0,dist+tal,5.527
MAHARASHTRA,Satara,Satara,Savali,Savali,2074,whole_village,False,False,Savali,Satara,Satara,563815,563815,100.0,dist+tal,2.584
MAHARASHTRA,Satara,Satara,Takawali,Takawali,2075,whole_village,False,False,Takawali,Satara,Satara,563840,563840,100.0,dist+tal,2.679
MAHARASHTRA,Satara,Satara,Thoseghar,Thoseghar,2076,whole_village,False,False,Thoseghar,Satara,Satara,563858,563858,100.0,dist+tal,14.496
MAHARASHTRA,Satara,Satara,Vele,Vele,2077,whole_village,False,False,Vele,Satara,Satara,563747,563747,100.0,dist+tal,2.424
MAHARASHTRA,Satara,Satara,Venekhol,Venekhol,2078,whole_village,False,False,Venekhol,Satara,Satara,563836,563836,100.0,dist+tal,2.426
MAHARASHTRA,Satara,Satara,Yavateshwar,Yavateshwar,2079,whole_village,False,False,Yavateshwar,Satara,Satara,563808,563808,100.0,dist+tal,3.003
MAHARASHTRA,Satara,Wai,Abhepuri,Abhepuri,2080,whole_village,False,False,Abhepuri,Wai,Satara,563048,563048,100.0,dist+tal,3.247
MAHARASHTRA,Satara,Wai,Akoshi,Akoshi,2081,whole_village,False,False,Akoshi,Wai,Satara,563109,563109,100.0,dist+tal,4.536
MAHARASHTRA,Satara,Wai,Asagaon,Asagaon,2082,whole_village,False,False,Asagaon,Wai,Satara,563062,563062,100.0,dist+tal,3.554
MAHARASHTRA,Satara,Wai,Balakavadi,Balakavadi,2083,whole_village,False,False,Balakavadi,Wai,Satara,563100,563100,100.0,dist+tal,2.157
MAHARASHTRA,Satara,Wai,Bhivadi,Bhivadi,2084,whole_village,False,False,Bhivadi R H V,Wai,Satara,563155,563155,100.0,dist+tal,0.046
MAHARASHTRA,Satara,Wai,Chorachiwadi,Chorachiwadi,2085,whole_village,False,False,Chorachiwadi,Wai,Satara,563078,563078,100.0,dist+tal,1.056
MAHARASHTRA,Satara,Wai,Duichivadi,Duichivadi,2086,whole_village,False,False,Duichivadi,Wai,Satara,563043,563043,100.0,dist+tal,0.825
MAHARASHTRA,Satara,Wai,Gadhavewadi,Gadhavewadi,2087,whole_village,False,False,Gadhavewadi,Wai,Satara,563047,563047,100.0,dist+tal,4.46
MAHARASHTRA,Satara,Wai,Gherakelanja,Gherakelanja,2088,whole_village,False,False,Gherakelanja,Wai,Satara,563040,563040,100.0,dist+tal,4.734
MAHARASHTRA,Satara,Wai,Golegaon,Golegaon,2089,whole_village,False,False,Golegaon,Wai,Satara,563097,563097,100.0,dist+tal,3.791
MAHARASHTRA,Satara,Wai,Gove,Gove,2090,whole_village,False,False,Gove,Wai,Satara,563061,563061,100.0,dist+tal,2.541
MAHARASHTRA,Satara,Wai,Jambhali,Jambhali,2091,whole_village,False,False,Jambhali,Wai,Satara,563039,563039,100.0,dist+tal,21.887
MAHARASHTRA,Satara,Wai,Jambhulane,Jambhulane,2092,whole_village,False,False,Jambhulane,Wai,Satara,563129,563129,100.0,dist+tal,0.81
MAHARASHTRA,Satara,Wai,Jor,Jor,2093,whole_village,False,False,Jor,Wai,Satara,563096,563096,100.0,dist+tal,22.833
MAHARASHTRA,Satara,Wai,Khavali,Khavali,2094,whole_village,False,False,Khavali,Wai,Satara,563054,563054,100.0,dist+tal,3.583
MAHARASHTRA,Satara,Wai,Kironde,Kironde,2095,whole_village,False,False,Kironde,Wai,Satara,563057,563057,100.0,dist+tal,2.697
MAHARASHTRA,Satara,Wai,Kochalewadi,Kochalewadi,2096,whole_village,False,False,Kochalewadi,Wai,Satara,563046,563046,100.0,dist+tal,1.54
MAHARASHTRA,Satara,Wai,Kondhavale,Kondhavale,2097,whole_village,False,False,Kondhavale,Wai,Satara,563058,563058,100.0,dist+tal,10.622
MAHARASHTRA,Satara,Wai,Kondhavali Bk.,Kondhavali Bk.,2098,whole_village,False,False,Kondhavali Bk,Wai,Satara,563108,563108,100.0,dist+tal,4.614
MAHARASHTRA,Satara,Wai,Kondhavali Kh.,Kondhavali Kh.,2099,whole_village,False,False,Kondhavali Kh,Wai,Satara,563110,563110,100.0,dist+tal,2.177
MAHARASHTRA,Satara,Wai,Nandgane,Nandgane,2100,whole_village,False,False,Nandgane,Wai,Satara,563101,563101,100.0,dist+tal,2.472
MAHARASHTRA,Satara,Wai,Oholi,Oholi,2101,whole_village,False,False,Oholi,Wai,Satara,563041,563041,100.0,dist+tal,1.286
MAHARASHTRA,Satara,Wai,Panchputewadi,Panchputewadi,2102,whole_village,False,False,Pachputewadi,Wai,Satara,563050,563050,96.0,dist+tal,2.74
MAHARASHTRA,Satara,Wai,Paratavadi,Paratavadi,2103,whole_village,False,False,Paratavadi,Wai,Satara,563104,563104,100.0,dist+tal,2.834
MAHARASHTRA,Satara,Wai,Ulumb,Ulumb,2104,whole_village,False,False,Balkawadi,Wai,Satara,563099,563099,100.0,dist+tal,3.932
MAHARASHTRA,Satara,Wai,Vadoli,Vadoli,2105,whole_village,False,False,Vadoli,Wai,Satara,563055,563055,100.0,dist+tal,2.357
MAHARASHTRA,Satara,Wai,Vasole,Vasole,2106,whole_village,False,False,Vasole,Wai,Satara,563059,563059,100.0,dist+tal,9.621
MAHARASHTRA,Satara,Wai,Wadachiwadi,Wadachiwadi,2107,whole_village,False,False,Wadachiwadi,Wai,Satara,563049,563049,100.0,dist+tal,1.844
MAHARASHTRA,Satara,Wai,Washivali,Washivali,2108,whole_village,False,False,Washivali,Wai,Satara,563056,563056,100.0,dist+tal,3.437
MAHARASHTRA,Satara,Wai,Yeruli,Yeruli,2109,whole_village,False,False,Yeruli,Wai,Satara,563044,563044,100.0,dist+tal,5.413
MAHARASHTRA,Sindhudurg,Devgad,Are,Are,2110,whole_village,False,False,Aare,Devgad,Sindhudurg,566307,566307,100.0,dist+tal,21.384
MAHARASHTRA,Sindhudurg,Devgad,Chafed,Chafed,2111,whole_village,False,False,Chafed,Devgad,Sindhudurg,566303,566303,100.0,dist+tal,5.368
MAHARASHTRA,Sindhudurg,Devgad,Dhalavali,Dhalavali,2112,whole_village,False,False,Dhalavali,Devgad,Sindhudurg,566264,566264,100.0,dist+tal,5.126
MAHARASHTRA,Sindhudurg,Devgad,Gadhitamhane,Gadhitamhane,2113,whole_village,False,False,Gadhitamhane,Devgad,Sindhudurg,566290,566290,100.0,dist+tal,11.315
MAHARASHTRA,Sindhudurg,Devgad,Hadpid,Hadpid,2114,whole_village,False,False,Hadpid,Devgad,Sindhudurg,566294,566294,100.0,dist+tal,7.828
MAHARASHTRA,Sindhudurg,Devgad,Khudi,Khudi,2115,whole_village,False,False,Khudi,Devgad,Sindhudurg,566310,566310,100.0,dist+tal,16.374
MAHARASHTRA,Sindhudurg,Devgad,Kuvale,Kuvale,2116,whole_village,False,False,Kuvale,Devgad,Sindhudurg,566304,566304,100.0,dist+tal,13.691
MAHARASHTRA,Sindhudurg,Devgad,Lingdal,Lingdal,2117,whole_village,False,False,Lingdal,Devgad,Sindhudurg,566315,566315,100.0,dist+tal,3.771
MAHARASHTRA,Sindhudurg,Devgad,Mahalunge,Mahalunge,2118,whole_village,False,False,Mahalunge,Devgad,Sindhudurg,566281,566281,100.0,dist+tal,13.968
MAHARASHTRA,Sindhudurg,Devgad,Nad,Nad,2119,whole_village,False,False,Nad,Devgad,Sindhudurg,566282,566282,100.0,dist+tal,10.562
MAHARASHTRA,Sindhudurg,Devgad,Nimatwadi,Nimatwadi,2120,whole_village,False,False,Nimatwadi,Devgad,Sindhudurg,566295,566295,100.0,dist+tal,5.17
MAHARASHTRA,Sindhudurg,Devgad,Phanasgaon,Phanasgaon,2121,whole_village,False,False,Phanasgaon,Devgad,Sindhudurg,566268,566268,100.0,dist+tal,13.715
MAHARASHTRA,Sindhudurg,Devgad,Pombhurle,Pombhurle,2122,whole_village,False,False,Pombhurle,Devgad,Sindhudurg,566263,566263,100.0,dist+tal,9.015
MAHARASHTRA,Sindhudurg,Devgad,Rembavali,Rembavali,2123,whole_village,False,False,Rembavali,Devgad,Sindhudurg,566306,566306,100.0,dist+tal,4.4
MAHARASHTRA,Sindhudurg,Devgad,Salashi,Salashi,2124,whole_village,False,False,Salashi,Devgad,Sindhudurg,566302,566302,100.0,dist+tal,15.233
MAHARASHTRA,Sindhudurg,Devgad,Sherighera Kamte,Sherighera Kamte,2125,whole_village,False,False,Sherighera Kamte,Devgad,Sindhudurg,566308,566308,100.0,dist+tal,0.214
MAHARASHTRA,Sindhudurg,Devgad,Shevare,Shevare,2126,whole_village,False,False,Shevare,Devgad,Sindhudurg,566292,566292,100.0,dist+tal,4.712
MAHARASHTRA,Sindhudurg,Devgad,Shiravali,Shiravali,2127,whole_village,False,False,Shiravali,Devgad,Sindhudurg,566284,566284,100.0,dist+tal,7.965
MAHARASHTRA,Sindhudurg,Devgad,Tambaldeg,Tambaldeg,2128,whole_village,False,False,Tambaldeg,Devgad,Sindhudurg,566322,566322,100.0,dist+tal,1.046
MAHARASHTRA,Sindhudurg,Devgad,Waghivare,Waghivare,2129,whole_village,False,False,Waghivare,Devgad,Sindhudurg,566280,566280,100.0,dist+tal,6.237
MAHARASHTRA,Sindhudurg,Devgad,Welgave,Welgave,2130,whole_village,False,False,Welgave,Devgad,Sindhudurg,566279,566279,100.0,dist+tal,4.705
MAHARASHTRA,Sindhudurg,Kankavli,Ayanal,Ayanal,2131,whole_village,False,False,Ayanal,Kankavli,Sindhudurg,566420,566420,100.0,dist+tal,12.189
MAHARASHTRA,Sindhudurg,Kankavli,Bhairavgaon,Bhairavgaon,2132,whole_village,False,False,Bhairavgaon,Kankavli,Sindhudurg,566492,566492,100.0,dist+tal,1.571
MAHARASHTRA,Sindhudurg,Kankavli,Bharni,Bharni,2133,whole_village,False,False,Bharni,Kankavli,Sindhudurg,566449,566449,100.0,dist+tal,5.071
MAHARASHTRA,Sindhudurg,Kankavli,Bhiravande,Bhiravande,2134,whole_village,False,False,Bhiravande,Kankavli,Sindhudurg,566476,566476,100.0,dist+tal,3.618
MAHARASHTRA,Sindhudurg,Kankavli,Damare,Damare,2135,whole_village,False,False,Damare,Kankavli,Sindhudurg,566436,566436,100.0,dist+tal,7.138
MAHARASHTRA,Sindhudurg,Kankavli,Dariste,Dariste,2136,whole_village,False,False,Dariste,Kankavli,Sindhudurg,566486,566486,100.0,dist+tal,9.471
MAHARASHTRA,Sindhudurg,Kankavli,Darum,Darum,2137,whole_village,False,False,Darum,Kankavli,Sindhudurg,566407,566407,100.0,dist+tal,9.67
MAHARASHTRA,Sindhudurg,Kankavli,Dhareshwar,Dhareshwar,2138,whole_village,False,False,Dhareshwar,Kankavli,Sindhudurg,566409,566409,100.0,dist+tal,5.018
MAHARASHTRA,Sindhudurg,Kankavli,Digavale,Digavale,2139,whole_village,False,False,Digavale,Kankavli,Sindhudurg,566489,566489,100.0,dist+tal,12.589
MAHARASHTRA,Sindhudurg,Kankavli,Gandhinagar,Gandhinagar,2140,whole_village,False,False,Gandhinagar,Kankavli,Sindhudurg,566474,566474,100.0,dist+tal,4.667
MAHARASHTRA,Sindhudurg,Kankavli,Ghonsari,Ghonsari,2141,whole_village,False,False,Ghonsari,Kankavli,Sindhudurg,566432,566432,100.0,dist+tal,15.447
MAHARASHTRA,Sindhudurg,Kankavli,Harkul Kh.,Harkul Kh.,2142,whole_village,False,False,Harkul Budruk,Kankavli,Sindhudurg,566478,566478,100.0,dist+tal,16.663
MAHARASHTRA,Sindhudurg,Kankavli,Humbarane,Humbarane,2143,whole_village,False,False,Humbarane,Kankavli,Sindhudurg,566450,566450,100.0,dist+tal,5.358
MAHARASHTRA,Sindhudurg,Kankavli,Jambhalgaon,Jambhalgaon,2144,whole_village,False,False,Jambhalgaon,Kankavli,Sindhudurg,566494,566494,100.0,dist+tal,10.667
MAHARASHTRA,Sindhudurg,Kankavli,Jambhalnagar,Jambhalnagar,2145,whole_village,False,False,Jambhulnagar,Kankavli,Sindhudurg,566408,566408,100.0,dist+tal,6.033
MAHARASHTRA,Sindhudurg,Kankavli,Kalasuli,Kalasuli,2146,whole_village,False,False,Kalsuli,Kankavli,Sindhudurg,566469,566469,100.0,dist+tal,4.478
MAHARASHTRA,Sindhudurg,Kankavli,Kasavan,Kasavan,2147,whole_village,False,False,Kasavan,Kankavli,Sindhudurg,566465,566465,100.0,dist+tal,6.407
MAHARASHTRA,Sindhudurg,Kankavli,Koloshi,Koloshi,2148,whole_village,False,False,Koloshi,Kankavli,Sindhudurg,566419,566419,100.0,dist+tal,7.981
MAHARASHTRA,Sindhudurg,Kankavli,Kondye,Kondye,2149,whole_village,False,False,Kondye,Kankavli,Sindhudurg,566439,566439,100.0,dist+tal,7.207
MAHARASHTRA,Sindhudurg,Kankavli,Kumbhavade,Kumbhavade,2150,whole_village,False,False,Kumbhavade,Kankavli,Sindhudurg,566488,566488,100.0,dist+tal,24.975
MAHARASHTRA,Sindhudurg,Kankavli,Main,Main,2151,whole_village,False,False,Main,Kankavli,Sindhudurg,566424,566424,100.0,dist+tal,7.435
MAHARASHTRA,Sindhudurg,Kankavli,Nagsawantwadi,Nagsawantwadi,2152,whole_village,False,False,Nagsawantwadi,Kankavli,Sindhudurg,566414,566414,100.0,dist+tal,4.769
MAHARASHTRA,Sindhudurg,Kankavli,Nardave,Nardave,2153,whole_village,False,False,Nardave,Kankavli,Sindhudurg,566491,566491,100.0,dist+tal,17.024
MAHARASHTRA,Sindhudurg,Kankavli,Natal,Natal,2154,whole_village,False,False,Natal,Kankavli,Sindhudurg,566487,566487,100.0,dist+tal,25.376
MAHARASHTRA,Sindhudurg,Kankavli,Osargaon,Osargaon,2155,whole_village,False,False,Osargaon,Kankavli,Sindhudurg,566466,566466,100.0,dist+tal,17.595
MAHARASHTRA,Sindhudurg,Kankavli,Ozaram,Ozaram,2156,whole_village,False,False,Ozaram,Kankavli,Sindhudurg,566413,566413,100.0,dist+tal,12.129
MAHARASHTRA,Sindhudurg,Kankavli,Phondaghat,Phondaghat,2157,whole_village,False,False,Phondaghat,Kankavli,Sindhudurg,566433,566433,100.0,dist+tal,35.91
MAHARASHTRA,Sindhudurg,Kankavli,Pimpalgaon,Pimpalgaon,2158,whole_village,False,False,Pimpalgaon,Kankavli,Sindhudurg,566493,566493,100.0,dist+tal,3.632
MAHARASHTRA,Sindhudurg,Kankavli,Pise Kamate,Pise Kamate,2159,whole_village,False,False,Pisekamate,Kankavli,Sindhudurg,566452,566452,100.0,dist+tal,7.25
MAHARASHTRA,Sindhudurg,Kankavli,Rameshwarnagar,Rameshwarnagar,2160,whole_village,False,False,Rameshwarnagar,Kankavli,Sindhudurg,566475,566475,100.0,dist+tal,3.716
MAHARASHTRA,Sindhudurg,Kankavli,Ranjangaon,Ranjangaon,2161,whole_village,False,False,Ranjangaon,Kankavli,Sindhudurg,566490,566490,100.0,dist+tal,11.469
MAHARASHTRA,Sindhudurg,Kankavli,Savdav,Savdav,2162,whole_village,False,False,Savdav,Kankavli,Sindhudurg,566425,566425,100.0,dist+tal,15.422
MAHARASHTRA,Sindhudurg,Kankavli,Sherpe,Sherpe,2163,whole_village,False,False,Sherpe,Kankavli,Sindhudurg,566399,566399,100.0,dist+tal,6.707
MAHARASHTRA,Sindhudurg,Kankavli,Shiraval,Shiraval,2164,whole_village,False,False,Shiraval,Kankavli,Sindhudurg,566460,566460,100.0,dist+tal,10.948
MAHARASHTRA,Sindhudurg,Kankavli,Tarandale,Tarandale,2165,whole_village,False,False,Tarandale,Kankavli,Sindhudurg,566453,566453,100.0,dist+tal,13.748
MAHARASHTRA,Sindhudurg,Kankavli,Uttar Bajar Peth,Uttar Bajar Peth,2166,whole_village,False,False,Uttar Bazarpeth,Kankavli,Sindhudurg,566437,566437,100.0,dist+tal,0.3
MAHARASHTRA,Sindhudurg,Kankavli,Varavade,Varavade,2167,whole_village,False,False,Varavade,Kankavli,Sindhudurg,566454,566454,100.0,dist+tal,10.251
MAHARASHTRA,Sindhudurg,Kankavli,Waingani,Waingani,2168,whole_village,False,False,Vayangani,Kankavli,Sindhudurg,566391,566391,100.0,dist+tal,3.831
MAHARASHTRA,Sindhudurg,Kankavli,Yevteshwargaon,Yevteshwargaon,2169,whole_village,False,False,Yevteshwargaon,Kankavli,Sindhudurg,566495,566495,100.0,dist+tal,5.323
MAHARASHTRA,Sindhudurg,Kudal,Akeri,Akeri,2170,whole_village,False,False,Akeri,Kudal,Sindhudurg,566810,566810,100.0,dist+tal,9.115
MAHARASHTRA,Sindhudurg,Kudal,Amberi,Amberi,2171,whole_village,False,False,Amberi,Kudal,Sindhudurg,566770,566770,100.0,dist+tal,6.761
MAHARASHTRA,Sindhudurg,Kudal,Anjivade,Anjivade,2172,whole_village,False,False,Anjivade,Kudal,Sindhudurg,566763,566763,100.0,dist+tal,11.349
MAHARASHTRA,Sindhudurg,Kudal,Avalegaon,Avalegaon,2173,whole_village,False,False,Avalegaon,Kudal,Sindhudurg,566745,566745,100.0,dist+tal,5.71
MAHARASHTRA,Sindhudurg,Kudal,Bhadgaon Bk.,Bhadgaon Bk.,2174,whole_village,False,False,Bhadgaon Kh,Kudal,Sindhudurg,566738,566738,100.0,dist+tal,7.203
MAHARASHTRA,Sindhudurg,Kudal,Bhadgaon Kh.,Bhadgaon Kh.,2175,whole_village,False,False,Bhadgaon Bk,Kudal,Sindhudurg,566739,566739,100.0,dist+tal,9.87
MAHARASHTRA,Sindhudurg,Kudal,Bharani,Bharani,2176,whole_village,False,False,Bharani,Kudal,Sindhudurg,566736,566736,100.0,dist+tal,8.21
MAHARASHTRA,Sindhudurg,Kudal,Bhattgaon,Bhattgaon,2177,whole_village,False,False,Bhattgaon,Kudal,Sindhudurg,566786,566786,100.0,dist+tal,5.65
MAHARASHTRA,Sindhudurg,Kudal,Bhutvad,Bhutvad,2178,whole_village,False,False,Bhutvad,Kudal,Sindhudurg,566737,566737,100.0,dist+tal,10.054
MAHARASHTRA,Sindhudurg,Kudal,Chafeli,Chafeli,2179,whole_village,False,False,Chafeli,Kudal,Sindhudurg,566761,566761,100.0,dist+tal,6.999
MAHARASHTRA,Sindhudurg,Kudal,Durganagar,Durganagar,2180,whole_village,False,False,Durganagar,Kudal,Sindhudurg,566732,566732,100.0,dist+tal,8.064
MAHARASHTRA,Sindhudurg,Kudal,Gandhigram,Gandhigram,2181,whole_village,False,False,Gandhigram,Kudal,Sindhudurg,566821,566821,100.0,dist+tal,2.343
MAHARASHTRA,Sindhudurg,Kudal,Gavalgaon,Gavalgaon,2182,whole_village,False,False,Gavalgaon,Kudal,Sindhudurg,566729,566729,100.0,dist+tal,4.669
MAHARASHTRA,Sindhudurg,Kudal,Ghadigaon,Ghadigaon,2183,whole_village,False,False,Ghadigaon,Kudal,Sindhudurg,566734,566734,100.0,dist+tal,2.517
MAHARASHTRA,Sindhudurg,Kudal,Ghotage,Ghotage,2184,whole_village,False,False,Ghotage,Kudal,Sindhudurg,566735,566735,100.0,dist+tal,17.475
MAHARASHTRA,Sindhudurg,Kudal,Girgaon,Girgaon,2185,whole_village,False,False,Girgaon,Kudal,Sindhudurg,566751,566751,100.0,dist+tal,9.568
MAHARASHTRA,Sindhudurg,Kudal,Gothos,Gothos,2186,whole_village,False,False,Gothos,Kudal,Sindhudurg,566758,566758,100.0,dist+tal,11.894
MAHARASHTRA,Sindhudurg,Kudal,Hirlok,Hirlok,2187,whole_village,False,False,Hirlok,Kudal,Sindhudurg,566752,566752,100.0,dist+tal,10.422
MAHARASHTRA,Sindhudurg,Kudal,Jambhavade,Jambhavade,2188,whole_village,False,False,Jambhavade,Kudal,Sindhudurg,566731,566731,100.0,dist+tal,5.844
MAHARASHTRA,Sindhudurg,Kudal,Kadawal,Kadawal,2189,whole_village,False,False,Kadawal,Kudal,Sindhudurg,566742,566742,100.0,dist+tal,8.894
MAHARASHTRA,Sindhudurg,Kudal,Kaleli,Kaleli,2190,whole_village,False,False,Kaleli,Kudal,Sindhudurg,566777,566777,100.0,dist+tal,9.638
MAHARASHTRA,Sindhudurg,Kudal,Kanduli,Kanduli,2191,whole_village,False,False,Kanduli,Kudal,Sindhudurg,566775,566775,100.0,dist+tal,3.269
MAHARASHTRA,Sindhudurg,Kudal,Keravade K.Narur,Keravade K.Narur,2192,whole_village,False,False,Keravade K Narur,Kudal,Sindhudurg,566760,566760,100.0,dist+tal,12.838
MAHARASHTRA,Sindhudurg,Kudal,Kinlos,Kinlos,2193,whole_village,False,False,Kinlos,Kudal,Sindhudurg,566750,566750,100.0,dist+tal,5.629
MAHARASHTRA,Sindhudurg,Kudal,Kupavade,Kupavade,2194,whole_village,False,False,Kupavade,Kudal,Sindhudurg,566730,566730,100.0,dist+tal,7.211
MAHARASHTRA,Sindhudurg,Kudal,Kusagaon,Kusagaon,2195,whole_village,False,False,Kusagaon,Kudal,Sindhudurg,566744,566744,100.0,dist+tal,7.524
MAHARASHTRA,Sindhudurg,Kudal,Madgaon,Madgaon,2196,whole_village,False,False,Madgaon,Kudal,Sindhudurg,566828,566828,100.0,dist+tal,3.116
MAHARASHTRA,Sindhudurg,Kudal,More,More,2197,whole_village,False,False,More,Kudal,Sindhudurg,566776,566776,100.0,dist+tal,9.541
MAHARASHTRA,Sindhudurg,Kudal,Mudyacha Kond,Mudyacha Kond,2198,whole_village,False,False,Mudyacha Kond,Kudal,Sindhudurg,566823,566823,100.0,dist+tal,3.063
MAHARASHTRA,Sindhudurg,Kudal,Munagi,Munagi,2199,whole_village,False,False,Munagi,Kudal,Sindhudurg,566833,566833,100.0,dist+tal,2.529
MAHARASHTRA,Sindhudurg,Kudal,Narur,Narur,2200,whole_village,False,False,Narur,Kudal,Sindhudurg,566754,566754,100.0,dist+tal,13.619
MAHARASHTRA,Sindhudurg,Kudal,Nerur K.Narur,Nerur K.Narur,2201,whole_village,False,False,Nerur K Narur,Kudal,Sindhudurg,566762,566762,100.0,dist+tal,32.285
MAHARASHTRA,Sindhudurg,Kudal,Nileli,Nileli,2202,whole_village,False,False,Nileli,Kudal,Sindhudurg,566759,566759,100.0,dist+tal,8.107
MAHARASHTRA,Sindhudurg,Kudal,Nirukhe,Nirukhe,2203,whole_village,False,False,Nirukhe,Kudal,Sindhudurg,566740,566740,100.0,dist+tal,11.049
MAHARASHTRA,Sindhudurg,Kudal,Nivaje,Nivaje,2204,whole_village,False,False,Nivaje,Kudal,Sindhudurg,566757,566757,100.0,dist+tal,10.205
MAHARASHTRA,Sindhudurg,Kudal,Padave,Padave,2205,whole_village,False,False,Padave,Kudal,Sindhudurg,566716,566716,100.0,dist+tal,5.3
MAHARASHTRA,Sindhudurg,Kudal,Pandur,Pandur,2206,whole_village,False,False,Pandur,Kudal,Sindhudurg,566727,566727,100.0,dist+tal,4.411
MAHARASHTRA,Sindhudurg,Kudal,Pangrad,Pangrad,2207,whole_village,False,False,Pangrad,Kudal,Sindhudurg,566743,566743,100.0,dist+tal,18.475
MAHARASHTRA,Sindhudurg,Kudal,Pulas,Pulas,2208,whole_village,False,False,Pulas,Kudal,Sindhudurg,566768,566768,100.0,dist+tal,12.595
MAHARASHTRA,Sindhudurg,Kudal,Rumadgaon,Rumadgaon,2209,whole_village,False,False,Rumadgaon,Kudal,Sindhudurg,566747,566747,100.0,dist+tal,2.642
MAHARASHTRA,Sindhudurg,Kudal,Sakirde,Sakirde,2210,whole_village,False,False,Sakirde,Kudal,Sindhudurg,566766,566766,100.0,dist+tal,2.723
MAHARASHTRA,Sindhudurg,Kudal,Shivapur,Shivapur,2211,whole_village,False,False,Shivapur,Kudal,Sindhudurg,566764,566764,100.0,dist+tal,22.511
MAHARASHTRA,Sindhudurg,Kudal,Sonavade Tarf Kalsuli,Sonavade Tarf Kalsuli,2212,whole_village,False,False,Sonavade Tarf Kalsuli,Kudal,Sindhudurg,566733,566733,100.0,dist+tal,3.521
MAHARASHTRA,Sindhudurg,Kudal,Taligaon,Taligaon,2213,whole_village,False,False,Taligaon,Kudal,Sindhudurg,566778,566778,100.0,dist+tal,3.009
MAHARASHTRA,Sindhudurg,Kudal,Tendoli,Tendoli,2214,whole_village,False,False,Tendoli,Kudal,Sindhudurg,566837,566837,100.0,dist+tal,23.326
MAHARASHTRA,Sindhudurg,Kudal,Upavade,Upavade,2215,whole_village,False,False,Upavade,Kudal,Sindhudurg,566767,566767,100.0,dist+tal,12.077
MAHARASHTRA,Sindhudurg,Kudal,Wados,Wados,2216,whole_village,False,False,Wados,Kudal,Sindhudurg,566769,566769,100.0,dist+tal,6.549
MAHARASHTRA,Sindhudurg,Kudal,Walawal,Walawal,2217,whole_village,False,False,Walawal,Kudal,Sindhudurg,566818,566818,100.0,dist+tal,1.131
MAHARASHTRA,Sindhudurg,Kudal,Warde,Warde,2218,whole_village,False,False,Warde,Kudal,Sindhudurg,566741,566741,100.0,dist+tal,9.936
MAHARASHTRA,Sindhudurg,Kudal,Wasoli,Wasoli,2219,whole_village,False,False,Wasoli,Kudal,Sindhudurg,566765,566765,100.0,dist+tal,13.667
MAHARASHTRA,Sindhudurg,Sawantwadi,Ambegaon,Ambegaon,2220,whole_village,False,False,Ambegaon,Sawantwadi,Sindhudurg,566844,566844,100.0,dist+tal,11.32
MAHARASHTRA,Sindhudurg,Sawantwadi,Amboli,Amboli,2221,whole_village,False,False,Amboli,Sawantwadi,Sindhudurg,566855,566855,100.0,dist+tal,54.64
MAHARASHTRA,Sindhudurg,Sawantwadi,Aros,Aros,2222,whole_village,False,False,Aros,Sawantwadi,Sindhudurg,566883,566883,100.0,dist+tal,8.213
MAHARASHTRA,Sindhudurg,Sawantwadi,Asniye,Asniye,2223,whole_village,False,False,Asniye,Sawantwadi,Sindhudurg,566898,566898,100.0,dist+tal,7.682
MAHARASHTRA,Sindhudurg,Sawantwadi,Banda,Banda,2224,whole_village,False,False,Banda,Sawantwadi,Sindhudurg,566923,566923,100.0,dist+tal,10.161
MAHARASHTRA,Sindhudurg,Sawantwadi,Bavlat,Bavlat,2225,whole_village,False,False,Bavlat,Sawantwadi,Sindhudurg,566861,566861,100.0,dist+tal,5.377
MAHARASHTRA,Sindhudurg,Sawantwadi,Bhom,Bhom,2226,whole_village,False,False,Bhom,Sawantwadi,Sindhudurg,566841,566841,100.0,dist+tal,4.92
MAHARASHTRA,Sindhudurg,Sawantwadi,Brahmanpat,Brahmanpat,2227,whole_village,False,False,Brahmanpat,Sawantwadi,Sindhudurg,566847,566847,100.0,dist+tal,7.238
MAHARASHTRA,Sindhudurg,Sawantwadi,Charathe,Charathe,2228,whole_village,False,False,Charathe,Sawantwadi,Sindhudurg,566846,566846,100.0,dist+tal,8.869
MAHARASHTRA,Sindhudurg,Sawantwadi,Chaukul,Chaukul,2229,whole_village,False,False,Chaukul,Sawantwadi,Sindhudurg,566871,566871,100.0,dist+tal,15.7
MAHARASHTRA,Sindhudurg,Sawantwadi,Dabhil,Dabhil,2230,whole_village,False,False,Dabhil,Sawantwadi,Sindhudurg,566894,566894,100.0,dist+tal,7.754
MAHARASHTRA,Sindhudurg,Sawantwadi,Dandeli,Dandeli,2231,whole_village,False,False,Dandeli,Sawantwadi,Sindhudurg,566882,566882,100.0,dist+tal,7.428
MAHARASHTRA,Sindhudurg,Sawantwadi,Danoli,Danoli,2232,whole_village,False,False,Danoli,Sawantwadi,Sindhudurg,566865,566865,100.0,dist+tal,5.073
MAHARASHTRA,Sindhudurg,Sawantwadi,Degave,Degave,2233,whole_village,False,False,Degave,Sawantwadi,Sindhudurg,566906,566906,100.0,dist+tal,11.475
MAHARASHTRA,Sindhudurg,Sawantwadi,Devsu,Devsu,2234,whole_village,False,False,Devsu,Sawantwadi,Sindhudurg,566863,566863,100.0,dist+tal,6.163
MAHARASHTRA,Sindhudurg,Sawantwadi,Dingne,Dingne,2235,whole_village,False,False,Dingne,Sawantwadi,Sindhudurg,566910,566910,100.0,dist+tal,9.712
MAHARASHTRA,Sindhudurg,Sawantwadi,Dongarpal,Dongarpal,2236,whole_village,False,False,Dongarpal,Sawantwadi,Sindhudurg,566911,566911,100.0,dist+tal,4.07
MAHARASHTRA,Sindhudurg,Sawantwadi,Fansavade,Fansavade,2237,whole_village,False,False,Fansavade,Sawantwadi,Sindhudurg,566867,566867,100.0,dist+tal,9.151
MAHARASHTRA,Sindhudurg,Sawantwadi,Galel,Galel,2238,whole_village,False,False,Galel,Sawantwadi,Sindhudurg,566913,566913,100.0,dist+tal,2.594
MAHARASHTRA,Sindhudurg,Sawantwadi,Gele,Gele,2239,whole_village,False,False,Gele,Sawantwadi,Sindhudurg,566854,566854,100.0,dist+tal,8.195
MAHARASHTRA,Sindhudurg,Sawantwadi,Gharap,Gharap,2240,whole_village,False,False,Gharap,Sawantwadi,Sindhudurg,566896,566896,100.0,dist+tal,14.514
MAHARASHTRA,Sindhudurg,Sawantwadi,Gulduve,Gulduve,2241,whole_village,False,False,Gulduve,Sawantwadi,Sindhudurg,566885,566885,100.0,dist+tal,3.576
MAHARASHTRA,Sindhudurg,Sawantwadi,Kalambist,Kalambist,2242,whole_village,False,False,Kalambist,Sawantwadi,Sindhudurg,566857,566857,100.0,dist+tal,11.112
MAHARASHTRA,Sindhudurg,Sawantwadi,Kariwade,Kariwade,2243,whole_village,False,False,Kariwade,Sawantwadi,Sindhudurg,566860,566860,100.0,dist+tal,14.086
MAHARASHTRA,Sindhudurg,Sawantwadi,Kegad,Kegad,2244,whole_village,False,False,Kegad,Sawantwadi,Sindhudurg,566868,566868,100.0,dist+tal,25.644
MAHARASHTRA,Sindhudurg,Sawantwadi,Kesari,Kesari,2245,whole_village,False,False,Kesari,Sawantwadi,Sindhudurg,566866,566866,100.0,dist+tal,16.395
MAHARASHTRA,Sindhudurg,Sawantwadi,Konas,Konas,2246,whole_village,False,False,Konas,Sawantwadi,Sindhudurg,566897,566897,100.0,dist+tal,7.102
MAHARASHTRA,Sindhudurg,Sawantwadi,Kondure,Kondure,2247,whole_village,False,False,Kondure,Sawantwadi,Sindhudurg,566881,566881,100.0,dist+tal,1.474
MAHARASHTRA,Sindhudurg,Sawantwadi,Kumbhavade,Kumbhavade,2248,whole_village,False,False,Kumbhavade,Sawantwadi,Sindhudurg,566924,566924,100.0,dist+tal,15.145
MAHARASHTRA,Sindhudurg,Sawantwadi,Kunkeri,Kunkeri,2249,whole_village,False,False,Kunkeri,Sawantwadi,Sindhudurg,566843,566843,100.0,dist+tal,12.753
MAHARASHTRA,Sindhudurg,Sawantwadi,Madkhol,Madkhol,2250,whole_village,False,False,Madkhol,Sawantwadi,Sindhudurg,566859,566859,100.0,dist+tal,19.237
MAHARASHTRA,Sindhudurg,Sawantwadi,Madura,Madura,2251,whole_village,False,False,Madura,Sawantwadi,Sindhudurg,566916,566916,100.0,dist+tal,9.542
MAHARASHTRA,Sindhudurg,Sawantwadi,Majgaon,Majgaon,2252,whole_village,False,False,Majgaon,Sawantwadi,Sindhudurg,566922,566922,100.0,dist+tal,8.962
MAHARASHTRA,Sindhudurg,Sawantwadi,Masure,Masure,2253,whole_village,False,False,Masure,Sawantwadi,Sindhudurg,566870,566870,100.0,dist+tal,29.811
MAHARASHTRA,Sindhudurg,Sawantwadi,Nene,Nene,2254,whole_village,False,False,Nene,Sawantwadi,Sindhudurg,566869,566869,100.0,dist+tal,20.798
MAHARASHTRA,Sindhudurg,Sawantwadi,Nirukhe,Nirukhe,2255,whole_village,False,False,Nirukhe,Sawantwadi,Sindhudurg,566845,566845,100.0,dist+tal,5.261
MAHARASHTRA,Sindhudurg,Sawantwadi,Ovaliye,Ovaliye,2256,whole_village,False,False,Ovaliye,Sawantwadi,Sindhudurg,566858,566858,100.0,dist+tal,9.262
MAHARASHTRA,Sindhudurg,Sawantwadi,Padve,Padve,2257,whole_village,False,False,Padve,Sawantwadi,Sindhudurg,566909,566909,100.0,dist+tal,3.571
MAHARASHTRA,Sindhudurg,Sawantwadi,Padve Majgaon,Padve Majgaon,2258,whole_village,False,False,Padve Majgaon,Sawantwadi,Sindhudurg,566908,566908,100.0,dist+tal,5.014
MAHARASHTRA,Sindhudurg,Sawantwadi,Parpoli,Parpoli,2259,whole_village,False,False,Parpoli,Sawantwadi,Sindhudurg,566864,566864,100.0,dist+tal,18.794
MAHARASHTRA,Sindhudurg,Sawantwadi,Ronapal,Ronapal,2260,whole_village,False,False,Ronapal,Sawantwadi,Sindhudurg,566904,566904,100.0,dist+tal,5.758
MAHARASHTRA,Sindhudurg,Sawantwadi,Sangeli,Sangeli,2261,whole_village,False,False,Sangeli,Sawantwadi,Sindhudurg,566851,566851,100.0,dist+tal,29.619
MAHARASHTRA,Sindhudurg,Sawantwadi,Sarmale,Sarmale,2262,whole_village,False,False,Sarmale,Sawantwadi,Sindhudurg,566893,566893,100.0,dist+tal,11.708
MAHARASHTRA,Sindhudurg,Sawantwadi,Satarda,Satarda,2263,whole_village,False,False,Satarda,Sawantwadi,Sindhudurg,566919,566919,100.0,dist+tal,12.762
MAHARASHTRA,Sindhudurg,Sawantwadi,Sateli Tarf Satarda,Sateli Tarf Satarda,2264,whole_village,False,False,Sateli Tarf Satarda,Sawantwadi,Sindhudurg,566920,566920,100.0,dist+tal,5.511
MAHARASHTRA,Sindhudurg,Sawantwadi,Sawantwadi (MCl),Sawantwadi (MCl),2265,whole_village,False,False,Sawantwadi,Sawantwadi,Sindhudurg,802880,251613,100.0,dist+tal,3.342
MAHARASHTRA,Sindhudurg,Sawantwadi,Sawarwad,Sawarwad,2266,whole_village,False,False,Sawarwad,Sawantwadi,Sindhudurg,566852,566852,100.0,dist+tal,6.24
MAHARASHTRA,Sindhudurg,Sawantwadi,Shirshinge,Shirshinge,2267,whole_village,False,False,Shirshinge,Sawantwadi,Sindhudurg,566853,566853,100.0,dist+tal,30.701
MAHARASHTRA,Sindhudurg,Sawantwadi,Tamboli,Tamboli,2268,whole_village,False,False,Tamboli,Sawantwadi,Sindhudurg,566907,566907,100.0,dist+tal,9.875
MAHARASHTRA,Sindhudurg,Sawantwadi,Udeli,Udeli,2269,whole_village,False,False,Udeli,Sawantwadi,Sindhudurg,566895,566895,100.0,dist+tal,7.63
MAHARASHTRA,Sindhudurg,Sawantwadi,Verle,Verle,2270,whole_village,False,False,Verle,Sawantwadi,Sindhudurg,566856,566856,100.0,dist+tal,24.759
MAHARASHTRA,Sindhudurg,Vaibhavwadi,Achirne,Achirne,2271,whole_village,False,False,Achirne,Vaibhavvadi,Sindhudurg,566386,566386,100.0,dist+tal,12.605
MAHARASHTRA,Sindhudurg,Vaibhavwadi,Ainari,Ainari,2272,whole_village,False,False,Ainari,Vaibhavvadi,Sindhudurg,566342,566342,100.0,dist+tal,9.4
MAHARASHTRA,Sindhudurg,Vaibhavwadi,Akhavane,Akhavane,2273,whole_village,False,False,Akhavane,Vaibhavvadi,Sindhudurg,566336,566336,100.0,dist+tal,7.381
MAHARASHTRA,Sindhudurg,Vaibhavwadi,Arule,Arule,2274,whole_village,False,False,Arule,Vaibhavvadi,Sindhudurg,566383,566383,100.0,dist+tal,2.52
MAHARASHTRA,Sindhudurg,Vaibhavwadi,Bhattiwadi,Bhattiwadi,2275,whole_village,False,False,Bhattiwadi,Vaibhavvadi,Sindhudurg,566371,566371,100.0,dist+tal,2.527
MAHARASHTRA,Sindhudurg,Vaibhavwadi,Bhom,Bhom,2276,whole_village,False,False,Bhom,Vaibhavvadi,Sindhudurg,566340,566340,100.0,dist+tal,4.655
MAHARASHTRA,Sindhudurg,Vaibhavwadi,Bhui Bawada,Bhui Bawada,2277,whole_village,False,False,Bhuibawada,Vaibhavvadi,Sindhudurg,566355,566355,100.0,dist+tal,10.361
MAHARASHTRA,Sindhudurg,Vaibhavwadi,Bhuyadewadi,Bhuyadewadi,2278,whole_village,False,False,Bhuyadewadi,Vaibhavvadi,Sindhudurg,566370,566370,100.0,dist+tal,2.09
MAHARASHTRA,Sindhudurg,Vaibhavwadi,Jambhavade,Jambhavade,2279,whole_village,False,False,Jambhavade,Vaibhavvadi,Sindhudurg,566335,566335,100.0,dist+tal,10.363
MAHARASHTRA,Sindhudurg,Vaibhavwadi,Jamdarwadi,Jamdarwadi,2280,whole_village,False,False,Jamdarwadi,Vaibhavvadi,Sindhudurg,566373,566373,100.0,dist+tal,1.557
MAHARASHTRA,Sindhudurg,Vaibhavwadi,Karul,Karul,2281,whole_village,False,False,Karul,Vaibhavvadi,Sindhudurg,566372,566372,100.0,dist+tal,15.252
MAHARASHTRA,Sindhudurg,Vaibhavwadi,Khambale,Khambale,2282,whole_village,False,False,Khambale,Vaibhavvadi,Sindhudurg,566378,566378,100.0,dist+tal,5.815
MAHARASHTRA,Sindhudurg,Vaibhavwadi,Kumbhari,Kumbhari,2283,whole_village,False,False,Kumbhari,Vaibhavvadi,Sindhudurg,566357,566357,100.0,dist+tal,1.947
MAHARASHTRA,Sindhudurg,Vaibhavwadi,Kumbharwadi,Kumbharwadi,2284,whole_village,False,False,Kumbharwadi,Vaibhavvadi,Sindhudurg,566351,566351,100.0,dist+tal,4.327
MAHARASHTRA,Sindhudurg,Vaibhavwadi,Kumbhavade,Kumbhavade,2285,whole_village,False,False,Kumbhavade,Vaibhavvadi,Sindhudurg,566369,566369,100.0,dist+tal,7.27
MAHARASHTRA,Sindhudurg,Vaibhavwadi,Kurli,Kurli,2286,whole_village,False,False,Kurli,Vaibhavvadi,Sindhudurg,566389,566389,100.0,dist+tal,23.083
MAHARASHTRA,Sindhudurg,Vaibhavwadi,Madhaliwadi,Madhaliwadi,2287,whole_village,False,False,Madhaliwadi,Vaibhavvadi,Sindhudurg,566353,566353,100.0,dist+tal,5.037
MAHARASHTRA,Sindhudurg,Vaibhavwadi,Mandavkarwadi,Mandavkarwadi,2288,whole_village,False,False,Mandavkarwadi,Vaibhavvadi,Sindhudurg,566338,566338,100.0,dist+tal,3.338
MAHARASHTRA,Sindhudurg,Vaibhavwadi,Mohitewadi,Mohitewadi,2289,whole_village,False,False,Mohitewadi,Vaibhavvadi,Sindhudurg,566379,566379,100.0,dist+tal,3.307
MAHARASHTRA,Sindhudurg,Vaibhavwadi,Mounde,Mounde,2290,whole_village,False,False,Mounde,Vaibhavvadi,Sindhudurg,566341,566341,100.0,dist+tal,11.444
MAHARASHTRA,Sindhudurg,Vaibhavwadi,Narkarwadi,Narkarwadi,2291,whole_village,False,False,Narkarwadi,Vaibhavvadi,Sindhudurg,566367,566367,100.0,dist+tal,3.81
MAHARASHTRA,Sindhudurg,Vaibhavwadi,Navale,Navale,2292,whole_village,False,False,Navale,Vaibhavvadi,Sindhudurg,566381,566381,100.0,dist+tal,15.398
MAHARASHTRA,Sindhudurg,Vaibhavwadi,Nerle,Nerle,2293,whole_village,False,False,Nerle,Vaibhavvadi,Sindhudurg,566332,566332,100.0,dist+tal,6.343
MAHARASHTRA,Sindhudurg,Vaibhavwadi,Nim Arule,Nim Arule,2294,whole_village,False,False,Nimarule,Vaibhavvadi,Sindhudurg,566385,566385,100.0,dist+tal,2.455
MAHARASHTRA,Sindhudurg,Vaibhavwadi,Palandewadi,Palandewadi,2295,whole_village,False,False,Palandewadi,Vaibhavvadi,Sindhudurg,566334,566334,100.0,dist+tal,7.654
MAHARASHTRA,Sindhudurg,Vaibhavwadi,Pimpalwadi,Pimpalwadi,2296,whole_village,False,False,Pimpalwadi,Vaibhavvadi,Sindhudurg,566358,566358,100.0,dist+tal,4.244
MAHARASHTRA,Sindhudurg,Vaibhavwadi,Ringewadi,Ringewadi,2297,whole_village,False,False,Ringewadi,Vaibhavvadi,Sindhudurg,566356,566356,100.0,dist+tal,4.869
MAHARASHTRA,Sindhudurg,Vaibhavwadi,Sadure,Sadure,2298,whole_village,False,False,Sadure,Vaibhavvadi,Sindhudurg,566384,566384,100.0,dist+tal,10.596
MAHARASHTRA,Sindhudurg,Vaibhavwadi,Sangulwadi,Sangulwadi,2299,whole_village,False,False,Sangulwadi,Vaibhavvadi,Sindhudurg,566380,566380,100.0,dist+tal,7.204
MAHARASHTRA,Sindhudurg,Vaibhavwadi,Shirale,Shirale,2300,whole_village,False,False,Shirale,Vaibhavvadi,Sindhudurg,566382,566382,100.0,dist+tal,13.011
MAHARASHTRA,Sindhudurg,Vaibhavwadi,Tembewadi,Tembewadi,2301,whole_village,False,False,Tembwadi,Vaibhavvadi,Sindhudurg,566377,566377,100.0,dist+tal,2.483
MAHARASHTRA,Sindhudurg,Vaibhavwadi,Tiravade Tarf Kharepatan,Tiravade Tarf Kharepatan,2302,whole_village,False,False,Tiravade Tarf Kharepatan,Vaibhavvadi,Sindhudurg,566354,566354,100.0,dist+tal,6.843
MAHARASHTRA,Sindhudurg,Vaibhavwadi,Tiravade Tarf Soundal,Tiravade Tarf Soundal,2303,whole_village,False,False,Tiravade Tarf Soundal,Vaibhavvadi,Sindhudurg,566333,566333,100.0,dist+tal,6.798
MAHARASHTRA,Sindhudurg,Vaibhavwadi,Upale,Upale,2304,whole_village,False,False,Upale,Vaibhavvadi,Sindhudurg,566337,566337,100.0,dist+tal,4.338
MAHARASHTRA,Sindhudurg,Vaibhavwadi,Vabhave,Vabhave,2305,whole_village,False,False,Vabhave Vaibhavwadi Nagar Panchayat,Vaibhavvadi,Sindhudurg,566375,263834,100.0,dist+tal,5.878
MAHARASHTRA,Sindhudurg,Vaibhavwadi,Vayamboshi,Vayamboshi,2306,whole_village,False,False,Vayamboshi,Vaibhavvadi,Sindhudurg,566374,566374,100.0,dist+tal,2.865
MAHARASHTRA,Sindhudurg,Vaibhavwadi,Yedgaon,Yedgaon,2307,whole_village,False,False,Yedgaon,Vaibhavvadi,Sindhudurg,566368,566368,100.0,dist+tal,8.313
MAHARASHTRA,Thane,Murbad,Agashi,Agashi,2308,whole_village,False,False,Agashi,Murbad,Thane,553289,553289,100.0,dist+tal,4.577
MAHARASHTRA,Thane,Murbad,Alawe,Alawe,2309,whole_village,False,False,Alawe,Murbad,Thane,553189,553189,100.0,dist+tal,2.166
MAHARASHTRA,Thane,Murbad,Ambe Tembhe,Ambe Tembhe,2310,whole_village,False,False,Ambetembhe,Murbad,Thane,553287,553287,100.0,dist+tal,1.479
MAHARASHTRA,Thane,Murbad,Ambele Kh.,Ambele Kh.,2311,whole_village,False,False,Ambele Bk,Murbad,Thane,553116,553116,100.0,dist+tal,3.924
MAHARASHTRA,Thane,Murbad,Asose,Asose,2312,whole_village,False,False,Asose,Murbad,Thane,553085,553085,100.0,dist+tal,7.097
MAHARASHTRA,Thane,Murbad,Awalegaon,Awalegaon,2313,whole_village,False,False,Awalegaon,Murbad,Thane,553225,553225,100.0,dist+tal,1.055
MAHARASHTRA,Thane,Murbad,Bhorande,Bhorande,2314,whole_village,False,False,Bhorande,Murbad,Thane,553233,553233,100.0,dist+tal,6.657
MAHARASHTRA,Thane,Murbad,Chandrapur,Chandrapur,2315,whole_village,False,False,Chandrapur,Murbad,Thane,553275,553275,100.0,dist+tal,2.71
MAHARASHTRA,Thane,Murbad,Chirad,Chirad,2316,whole_village,False,False,Chirad,Murbad,Thane,553282,553282,100.0,dist+tal,2.568
MAHARASHTRA,Thane,Murbad,Dehari,Dehari,2317,whole_village,False,False,Dehari,Murbad,Thane,553267,553267,100.0,dist+tal,3.359
MAHARASHTRA,Thane,Murbad,Deoghar,Deoghar,2318,whole_village,False,False,Devghar,Murbad,Thane,553181,553181,100.0,dist+tal,0.73
MAHARASHTRA,Thane,Murbad,Diwanpada,Diwanpada,2319,whole_village,False,False,Diwanpada,Murbad,Thane,553228,553228,100.0,dist+tal,1.57
MAHARASHTRA,Thane,Murbad,Dongar Nhave,Dongar Nhave,2320,whole_village,False,False,Dongarenhawe,Murbad,Thane,553288,553288,100.0,dist+tal,14.163
MAHARASHTRA,Thane,Murbad,Dudhanoli,Dudhanoli,2321,whole_village,False,False,Dudhanoli,Murbad,Thane,553250,553250,100.0,dist+tal,4.821
MAHARASHTRA,Thane,Murbad,Eklahare,Eklahare,2322,whole_village,False,False,Eklahare,Murbad,Thane,553177,553177,100.0,dist+tal,1.59
MAHARASHTRA,Thane,Murbad,Fangaloshi,Fangaloshi,2323,whole_village,False,False,Fangaloshi,Murbad,Thane,553200,553200,100.0,dist+tal,8.254
MAHARASHTRA,Thane,Murbad,Fangane,Fangane,2324,whole_village,False,False,Fangane,Murbad,Thane,553224,553224,100.0,dist+tal,4.967
MAHARASHTRA,Thane,Murbad,Fangulgavhan,Fangulgavhan,2325,whole_village,False,False,Fangulgavhan,Murbad,Thane,553231,553231,100.0,dist+tal,6.952
MAHARASHTRA,Thane,Murbad,Ganeshpur,Ganeshpur,2326,whole_village,False,False,Ganeshpur,Murbad,Thane,553232,553232,100.0,dist+tal,1.907
MAHARASHTRA,Thane,Murbad,Ghorale,Ghorale,2327,whole_village,False,False,Ghorale,Murbad,Thane,553107,553107,100.0,dist+tal,3.076
MAHARASHTRA,Thane,Murbad,Gorakhgad,Gorakhgad,2328,whole_village,False,False,Gorakhagad,Murbad,Thane,553266,553266,100.0,dist+tal,0.893
MAHARASHTRA,Thane,Murbad,Goregaon,Goregaon,2329,whole_village,False,False,Goregaon,Murbad,Thane,553178,553178,100.0,dist+tal,2.085
MAHARASHTRA,Thane,Murbad,Hireghar,Hireghar,2330,whole_village,False,False,Hireghar,Murbad,Thane,553084,553084,100.0,dist+tal,2.746
MAHARASHTRA,Thane,Murbad,Inde,Inde,2331,whole_village,False,False,Inde,Murbad,Thane,553157,553157,100.0,dist+tal,4.047
MAHARASHTRA,Thane,Murbad,Jambhurde,Jambhurde,2332,whole_village,False,False,Jambhurde,Murbad,Thane,553281,553281,100.0,dist+tal,3.568
MAHARASHTRA,Thane,Murbad,Kachakoli,Kachakoli,2333,whole_village,False,False,Kachkoli,Murbad,Thane,553273,553273,100.0,dist+tal,7.482
MAHARASHTRA,Thane,Murbad,Kalambad Mu,Kalambad Mu,2334,whole_village,False,False,Kalambad Mu,Murbad,Thane,553254,553254,100.0,dist+tal,1.49
MAHARASHTRA,Thane,Murbad,Kalambhe,Kalambhe,2335,whole_village,False,False,Kalambhe,Murbad,Thane,553253,553253,100.0,dist+tal,6.192
MAHARASHTRA,Thane,Murbad,Kanhol,Kanhol,2336,whole_village,False,False,Kanhol,Murbad,Thane,553272,553272,100.0,dist+tal,3.841
MAHARASHTRA,Thane,Murbad,Karavale,Karavale,2337,whole_village,False,False,Karvele,Murbad,Thane,553090,553090,100.0,dist+tal,6.093
MAHARASHTRA,Thane,Murbad,Khanivare,Khanivare,2338,whole_village,False,False,Khanivare,Murbad,Thane,553278,553278,100.0,dist+tal,4.899
MAHARASHTRA,Thane,Murbad,Kharshet Umbroli,Kharshet Umbroli,2339,whole_village,False,False,Kharshet Umbroli,Murbad,Thane,553199,553199,100.0,dist+tal,18.539
MAHARASHTRA,Thane,Murbad,Kheware,Kheware,2340,whole_village,False,False,Kheware,Murbad,Thane,553245,553245,100.0,dist+tal,2.777
MAHARASHTRA,Thane,Murbad,Khopivali,Khopivali,2341,whole_village,False,False,Khopivali,Murbad,Thane,553262,553262,100.0,dist+tal,4.518
MAHARASHTRA,Thane,Murbad,Khutal Bangla,Khutal Bangla,2342,whole_village,False,False,Khutal Bangla,Murbad,Thane,553153,553153,100.0,dist+tal,2.618
MAHARASHTRA,Thane,Murbad,Khutal Bargaon,Khutal Bargaon,2343,whole_village,False,False,Khutal Baragaon,Murbad,Thane,553211,553211,96.3,dist+tal,11.445
MAHARASHTRA,Thane,Murbad,Khutarwadigaon,Khutarwadigaon,2344,whole_village,False,False,Khutarwadigaon,Murbad,Thane,553252,553252,100.0,dist+tal,1.667
MAHARASHTRA,Thane,Murbad,Kochare Bk.,Kochare Bk.,2345,whole_village,False,False,Kochare Bk,Murbad,Thane,553205,553205,100.0,dist+tal,3.654
MAHARASHTRA,Thane,Murbad,Kole,Kole,2346,whole_village,False,False,Kole,Murbad,Thane,553123,553123,100.0,dist+tal,7.031
MAHARASHTRA,Thane,Murbad,Koloshi,Koloshi,2347,whole_village,False,False,Koloshi,Murbad,Thane,553251,553251,100.0,dist+tal,3.18
MAHARASHTRA,Thane,Murbad,Madh,Madh,2348,whole_village,False,False,Madh,Murbad,Thane,553247,553247,100.0,dist+tal,5.647
MAHARASHTRA,Thane,Murbad,Malegaon,Malegaon,2349,whole_village,False,False,Malegaon,Murbad,Thane,553284,553284,100.0,dist+tal,5.697
MAHARASHTRA,Thane,Murbad,Mangaon,Mangaon,2350,whole_village,False,False,Mangaon,Murbad,Thane,553283,553283,100.0,dist+tal,3.395
MAHARASHTRA,Thane,Murbad,Merdi,Merdi,2351,whole_village,False,False,Merdi,Murbad,Thane,553207,553207,100.0,dist+tal,14.593
MAHARASHTRA,Thane,Murbad,Milhe,Milhe,2352,whole_village,False,False,Milhe,Murbad,Thane,553263,553263,100.0,dist+tal,7.886
MAHARASHTRA,Thane,Murbad,Mohaghar,Mohaghar,2353,whole_village,False,False,Mohaghar,Murbad,Thane,553274,553274,100.0,dist+tal,9.443
MAHARASHTRA,Thane,Murbad,Mohghar,Mohghar,2354,whole_village,False,False,Mohghar,Murbad,Thane,553286,553286,100.0,dist+tal,1.14
MAHARASHTRA,Thane,Murbad,Morgaon,Morgaon,2355,whole_village,False,False,Morgaon,Baramati,Pune,556878,556878,100.0,state,22.466
MAHARASHTRA,Thane,Murbad,Moroshi,Moroshi,2356,whole_village,False,False,Moroshi,Murbad,Thane,553226,553226,100.0,dist+tal,1.54
MAHARASHTRA,Thane,Murbad,Nandgaon,Nandgaon,2357,whole_village,False,False,Nandgaon,Murbad,Thane,553159,553159,100.0,dist+tal,2.308
MAHARASHTRA,Thane,Murbad,Nyahadi,Nyahadi,2358,whole_village,False,False,Nyahadi,Murbad,Thane,553210,553210,100.0,dist+tal,9.528
MAHARASHTRA,Thane,Murbad,Padale,Padale,2359,whole_village,False,False,Padale,Murbad,Thane,553242,553242,100.0,dist+tal,3.063
MAHARASHTRA,Thane,Murbad,Palu,Palu,2360,whole_village,False,False,Palu,Murbad,Thane,553182,553182,100.0,dist+tal,3.804
MAHARASHTRA,Thane,Murbad,Patgaon,Patgaon,2361,whole_village,False,False,Patgaon,Murbad,Thane,553285,553285,100.0,dist+tal,2.29
MAHARASHTRA,Thane,Murbad,Pawale,Pawale,2362,whole_village,False,False,Pawale,Murbad,Thane,553099,553099,100.0,dist+tal,6.594
MAHARASHTRA,Thane,Murbad,Pendhari,Pendhari,2363,whole_village,False,False,Pendhari,Murbad,Thane,553237,553237,100.0,dist+tal,6.089
MAHARASHTRA,Thane,Murbad,Pimpalgaon,Pimpalgaon,2364,whole_village,False,False,Pimpalgaon,Murbad,Thane,553095,553095,100.0,dist+tal,7.145
MAHARASHTRA,Thane,Murbad,Rampur,Rampur,2365,whole_village,False,False,Rampur,Murbad,Thane,553184,553184,100.0,dist+tal,9.247
MAHARASHTRA,Thane,Murbad,Rao,Rao,2366,whole_village,False,False,Rao,Murbad,Thane,553258,553258,100.0,dist+tal,3.989
MAHARASHTRA,Thane,Murbad,Sajai,Sajai,2367,whole_village,False,False,Sajai,Murbad,Thane,553119,553119,100.0,dist+tal,4.969
MAHARASHTRA,Thane,Murbad,Sajgaon,Sajgaon,2368,whole_village,False,False,Sajgaon,Murbad,Thane,553155,553155,100.0,dist+tal,1.994
MAHARASHTRA,Thane,Murbad,Sawarne,Sawarne,2369,whole_village,False,False,Sawarne,Murbad,Thane,553230,553230,100.0,dist+tal,7.12
MAHARASHTRA,Thane,Murbad,Shai,Shai,2370,whole_village,False,False,Shai,Murbad,Thane,553193,553193,100.0,dist+tal,1.473
MAHARASHTRA,Thane,Murbad,Shiravali,Shiravali,2371,whole_village,False,False,Shirvali,Murbad,Thane,553133,553133,100.0,dist+tal,7.764
MAHARASHTRA,Thane,Murbad,Shiroshi,Shiroshi,2372,whole_village,False,False,Shiroshi,Murbad,Thane,553196,553196,100.0,dist+tal,9.28
MAHARASHTRA,Thane,Murbad,Sidhgad,Sidhgad,2373,whole_village,False,False,Sidhagad,Murbad,Thane,553280,553280,100.0,dist+tal,14.166
MAHARASHTRA,Thane,Murbad,Sonavale,Sonavale,2374,whole_village,False,False,Sonawale,Murbad,Thane,553183,553183,100.0,dist+tal,4.273
MAHARASHTRA,Thane,Murbad,Songaon,Songaon,2375,whole_village,False,False,Songaon,Murbad,Thane,553185,553185,100.0,dist+tal,2.801
MAHARASHTRA,Thane,Murbad,Talegaon,Talegaon,2376,whole_village,False,False,Talegaon,Murbad,Thane,553201,553201,100.0,dist+tal,2.7
MAHARASHTRA,Thane,Murbad,Talekhal,Talekhal,2377,whole_village,False,False,Talekhal,Murbad,Thane,553261,553261,100.0,dist+tal,0.942
MAHARASHTRA,Thane,Murbad,Tembhare Bk.,Tembhare Bk.,2378,whole_village,False,False,Tembhare Bk,Murbad,Thane,553113,553113,100.0,dist+tal,5.424
MAHARASHTRA,Thane,Murbad,Thitabi Tarf Vaishakhare,Thitabi Tarf Vaishakhare,2379,whole_village,False,False,Thitabi Tarf Vaishakhare,Murbad,Thane,553229,553229,100.0,dist+tal,11.782
MAHARASHTRA,Thane,Murbad,Uchale,Uchale,2380,whole_village,False,False,Uchale,Murbad,Thane,553279,553279,100.0,dist+tal,5.309
MAHARASHTRA,Thane,Murbad,Udaldon,Udaldon,2381,whole_village,False,False,Udaldon,Murbad,Thane,553234,553234,100.0,dist+tal,0.607
MAHARASHTRA,Thane,Murbad,Umbroli Kh.,Umbroli Kh.,2382,whole_village,False,False,Umbroli Kh,Murbad,Thane,553264,553264,100.0,dist+tal,6.711
MAHARASHTRA,Thane,Murbad,Vaishakhare,Vaishakhare,2383,whole_village,False,False,Vaishakhare,Murbad,Thane,553235,553235,100.0,dist+tal,7.109
MAHARASHTRA,Thane,Murbad,Vidhe,Vidhe,2384,whole_village,False,False,Vidhe,Murbad,Thane,553239,553239,100.0,dist+tal,6.637
MAHARASHTRA,Thane,Murbad,Vidhyanagar,Vidhyanagar,2385,whole_village,False,False,Vidhyanagar,Murbad,Thane,553186,553186,100.0,dist+tal,6.424
MAHARASHTRA,Thane,Murbad,Walhivale,Walhivale,2386,whole_village,False,False,Walhivare,Murbad,Thane,553227,553227,100.0,dist+tal,28.681
MAHARASHTRA,Thane,Murbad,Zadghar,Zadghar,2387,whole_village,False,False,Zadghar,Murbad,Thane,553223,553223,100.0,dist+tal,7.698
MAHARASHTRA,Thane,Shahapur,Adivali,Adivali,2388,whole_village,False,False,Adivali,Shahapur,Thane,552807,552807,100.0,dist+tal,6.755
MAHARASHTRA,Thane,Shahapur,Aghai,Aghai,2389,whole_village,False,False,Aghai,Shahapur,Thane,552690,552690,100.0,dist+tal,13.116
MAHARASHTRA,Thane,Shahapur,Ajnup,Ajnup,2390,whole_village,False,False,Ajnup,Shahapur,Thane,552746,552746,100.0,dist+tal,42.783
MAHARASHTRA,Thane,Shahapur,Ambekhor,Ambekhor,2391,whole_village,False,False,Ambekhor,Shahapur,Thane,552806,552806,100.0,dist+tal,7.325
MAHARASHTRA,Thane,Shahapur,Ambivali,Ambivali,2392,whole_village,False,False,Ambivali,Shahapur,Thane,552892,552892,100.0,dist+tal,2.641
MAHARASHTRA,Thane,Shahapur,Ambivali So.,Ambivali So.,2393,whole_village,False,False,Vl Kharagan,Shahapur,Thane,552863,552863,100.0,dist+tal,1.454
MAHARASHTRA,Thane,Shahapur,Asangaon,Asangaon,2394,whole_village,False,False,Asangaon,Shahapur,Thane,552918,552918,100.0,dist+tal,7.419
MAHARASHTRA,Thane,Shahapur,Atgaon,Atgaon,2395,whole_village,False,False,Atgaon,Shahapur,Thane,552705,552705,100.0,dist+tal,6.714
MAHARASHTRA,Thane,Shahapur,Awale,Awale,2396,whole_village,False,False,Vl Avale,Shahapur,Thane,552719,552719,100.0,dist+tal,5.021
MAHARASHTRA,Thane,Shahapur,Babare,Babare,2397,whole_village,False,False,Babare,Shahapur,Thane,552796,552796,100.0,dist+tal,1.781
MAHARASHTRA,Thane,Shahapur,Balwandi,Balwandi,2398,whole_village,False,False,Balwandi,Shahapur,Thane,552736,552736,100.0,dist+tal,5.389
MAHARASHTRA,Thane,Shahapur,Bedisgaon,Bedisgaon,2399,whole_village,False,False,Bedisgaon,Shahapur,Thane,552833,552833,100.0,dist+tal,4.443
MAHARASHTRA,Thane,Shahapur,Belwad,Belwad,2400,whole_village,False,False,Belwad,Shahapur,Thane,552735,552735,100.0,dist+tal,8.89
MAHARASHTRA,Thane,Shahapur,Bendekon,Bendekon,2401,whole_village,False,False,Bendekon,Shahapur,Thane,552742,552742,100.0,dist+tal,2.632
MAHARASHTRA,Thane,Shahapur,Bhagdal,Bhagdal,2402,whole_village,False,False,Bhagdal,Shahapur,Thane,552912,552912,100.0,dist+tal,4.859
MAHARASHTRA,Thane,Shahapur,Bhavse,Bhavse,2403,whole_village,False,False,Bhavse,Shahapur,Thane,552693,552693,100.0,dist+tal,6.048
MAHARASHTRA,Thane,Shahapur,Bhinar,Bhinar,2404,whole_village,False,False,Bhinar,Shahapur,Thane,552800,552800,100.0,dist+tal,0.695
MAHARASHTRA,Thane,Shahapur,Bhorande,Bhorande,2405,whole_village,False,False,Bhorande,Shahapur,Thane,552716,552716,100.0,dist+tal,2.014
MAHARASHTRA,Thane,Shahapur,Birwadi,Birwadi,2406,whole_village,False,False,Birwadi,Shahapur,Thane,552700,552700,100.0,dist+tal,15.946
MAHARASHTRA,Thane,Shahapur,Borsheti Kh,Borsheti Kh,2407,whole_village,False,False,Borsheti Kh,Shahapur,Thane,552881,552881,100.0,dist+tal,3.064
MAHARASHTRA,Thane,Shahapur,Chande,Chande,2408,whole_village,False,False,Chande,Shahapur,Thane,552764,552764,100.0,dist+tal,2.011
MAHARASHTRA,Thane,Shahapur,Chandroti,Chandroti,2409,whole_village,False,False,Chandroti,Shahapur,Thane,552721,552721,100.0,dist+tal,4.859
MAHARASHTRA,Thane,Shahapur,Chariv,Chariv,2410,whole_village,False,False,Chariv,Shahapur,Thane,552830,552830,100.0,dist+tal,5.078
MAHARASHTRA,Thane,Shahapur,Chikhalegaon,Chikhalegaon,2411,whole_village,False,False,Chikhalgaon,Shahapur,Thane,552848,552848,95.7,dist+tal,7.985
MAHARASHTRA,Thane,Shahapur,Chilhar,Chilhar,2412,whole_village,False,False,Vl Chilharvadi,Shahapur,Thane,552793,552793,100.0,dist+tal,5.022
MAHARASHTRA,Thane,Shahapur,Chondhe Bk.,Chondhe Bk.,2413,whole_village,False,False,Chondhe Kh,Shahapur,Thane,552782,552782,100.0,dist+tal,4.444
MAHARASHTRA,Thane,Shahapur,Chondhe Kh.,Chondhe Kh.,2414,whole_village,False,False,Chondhe Bk,Shahapur,Thane,552784,552784,100.0,dist+tal,13.388
MAHARASHTRA,Thane,Shahapur,Dahagaon,Dahagaon,2415,whole_village,False,False,Dahagaon,Shahapur,Thane,552865,552865,100.0,dist+tal,8.109
MAHARASHTRA,Thane,Shahapur,Dahigaon,Dahigaon,2416,whole_village,False,False,Dahigaon,Shahapur,Thane,552739,552739,100.0,dist+tal,13.67
MAHARASHTRA,Thane,Shahapur,Dalkhan,Dalkhan,2417,whole_village,False,False,Dalkhan,Shahapur,Thane,552765,552765,100.0,dist+tal,6.986
MAHARASHTRA,Thane,Shahapur,Dand,Dand,2418,whole_village,False,False,Dand,Shahapur,Thane,552753,552753,100.0,dist+tal,10.222
MAHARASHTRA,Thane,Shahapur,Dapur,Dapur,2419,whole_village,False,False,Dapur,Shahapur,Thane,552747,552747,100.0,dist+tal,19.841
MAHARASHTRA,Thane,Shahapur,Dehene,Dehene,2420,whole_village,False,False,Dehene,Shahapur,Thane,552788,552788,100.0,dist+tal,27.863
MAHARASHTRA,Thane,Shahapur,Dhakane,Dhakane,2421,whole_village,False,False,Dhakane,Shahapur,Thane,552770,552770,100.0,dist+tal,10.989
MAHARASHTRA,Thane,Shahapur,Dhamani,Dhamani,2422,whole_village,False,False,Dhamani,Shahapur,Thane,552760,552760,100.0,dist+tal,11.058
MAHARASHTRA,Thane,Shahapur,Dimbhe,Dimbhe,2423,whole_village,False,False,Dimbhe,Shahapur,Thane,552709,552709,100.0,dist+tal,2.251
MAHARASHTRA,Thane,Shahapur,Dolkhamb,Dolkhamb,2424,whole_village,False,False,Dolkhamb,Shahapur,Thane,552792,552792,100.0,dist+tal,3.506
MAHARASHTRA,Thane,Shahapur,Dughar,Dughar,2425,whole_village,False,False,Dughar,Shahapur,Thane,552741,552741,100.0,dist+tal,0.489
MAHARASHTRA,Thane,Shahapur,Fugale,Fugale,2426,whole_village,False,False,Fugale,Shahapur,Thane,552755,552755,100.0,dist+tal,9.145
MAHARASHTRA,Thane,Shahapur,Gandulwad,Gandulwad,2427,whole_village,False,False,Gandulwad,Shahapur,Thane,552783,552783,100.0,dist+tal,7.007
MAHARASHTRA,Thane,Shahapur,Ghanepada,Ghanepada,2428,whole_village,False,False,Ghanepada,Shahapur,Thane,552743,552743,100.0,dist+tal,2.141
MAHARASHTRA,Thane,Shahapur,Golbhan,Golbhan,2429,whole_village,False,False,Golbhan,Shahapur,Thane,552761,552761,100.0,dist+tal,2.348
MAHARASHTRA,Thane,Shahapur,Gunde,Gunde,2430,whole_village,False,False,Gunde,Shahapur,Thane,552787,552787,100.0,dist+tal,14.753
MAHARASHTRA,Thane,Shahapur,Hedvali,Hedvali,2431,whole_village,False,False,Hedvali,Shahapur,Thane,552791,552791,100.0,dist+tal,4.662
MAHARASHTRA,Thane,Shahapur,Hinglud,Hinglud,2432,whole_village,False,False,Hinglud,Shahapur,Thane,552781,552781,100.0,dist+tal,12.646
MAHARASHTRA,Thane,Shahapur,Jambhulwad,Jambhulwad,2433,whole_village,False,False,Jambhulwad,Shahapur,Thane,552778,552778,100.0,dist+tal,7.673
MAHARASHTRA,Thane,Shahapur,Jarandi,Jarandi,2434,whole_village,False,False,Jarandi,Shahapur,Thane,552759,552759,100.0,dist+tal,3.242
MAHARASHTRA,Thane,Shahapur,Julawani,Julawani,2435,whole_village,False,False,Julawani,Shahapur,Thane,552776,552776,100.0,dist+tal,8.41
MAHARASHTRA,Thane,Shahapur,Kalamgaon,Kalamgaon,2436,whole_village,False,False,Kalamgaon,Shahapur,Thane,552697,552697,100.0,dist+tal,9.511
MAHARASHTRA,Thane,Shahapur,Kalbhonde,Kalbhonde,2437,whole_village,False,False,Kalbhonde,Shahapur,Thane,552772,552772,100.0,dist+tal,17.992
MAHARASHTRA,Thane,Shahapur,Kanvinde,Kanvinde,2438,whole_village,False,False,Kanvinde,Shahapur,Thane,552703,552703,100.0,dist+tal,3.207
MAHARASHTRA,Thane,Shahapur,Kashti,Kashti,2439,whole_village,False,False,Kashti,Shahapur,Thane,552766,552766,100.0,dist+tal,3.258
MAHARASHTRA,Thane,Shahapur,Katbao,Katbao,2440,whole_village,False,False,Katbao,Shahapur,Thane,552864,552864,100.0,dist+tal,6.628
MAHARASHTRA,Thane,Shahapur,Kharade,Kharade,2441,whole_village,False,False,Kharade,Shahapur,Thane,552798,552798,100.0,dist+tal,8.703
MAHARASHTRA,Thane,Shahapur,Khardi,Khardi,2442,whole_village,False,False,Khardi,Shahapur,Thane,552916,552916,100.0,dist+tal,7.441
MAHARASHTRA,Thane,Shahapur,Kharivali,Kharivali,2443,whole_village,False,False,Kharivali,Shahapur,Thane,552859,552859,100.0,dist+tal,3.894
MAHARASHTRA,Thane,Shahapur,Khativali,Khativali,2444,whole_village,False,False,Khativali,Shahapur,Thane,552870,552870,100.0,dist+tal,7.77
MAHARASHTRA,Thane,Shahapur,Khor,Khor,2445,whole_village,False,False,Khor,Shahapur,Thane,552717,552717,100.0,dist+tal,7.987
MAHARASHTRA,Thane,Shahapur,Khoste,Khoste,2446,whole_village,False,False,Khoste,Shahapur,Thane,552707,552707,100.0,dist+tal,5.511
MAHARASHTRA,Thane,Shahapur,Khutadi,Khutadi,2447,whole_village,False,False,Khutadi,Shahapur,Thane,552734,552734,100.0,dist+tal,3.095
MAHARASHTRA,Thane,Shahapur,Kinaishet,Kinaishet,2448,whole_village,False,False,Kinaishet,Shahapur,Thane,552706,552706,100.0,dist+tal,6.266
MAHARASHTRA,Thane,Shahapur,Koshimbade,Koshimbade,2449,whole_village,False,False,Koshimbade,Shahapur,Thane,552713,552713,100.0,dist+tal,5.982
MAHARASHTRA,Thane,Shahapur,Kothale,Kothale,2450,whole_village,False,False,Kothale,Shahapur,Thane,552771,552771,100.0,dist+tal,17.258
MAHARASHTRA,Thane,Shahapur,Kothare,Kothare,2451,whole_village,False,False,Kothare,Shahapur,Thane,552775,552775,100.0,dist+tal,21.99
MAHARASHTRA,Thane,Shahapur,Kudshet,Kudshet,2452,whole_village,False,False,Kudshet,Shahapur,Thane,552826,552826,100.0,dist+tal,8.263
MAHARASHTRA,Thane,Shahapur,Kukambhe,Kukambhe,2453,whole_village,False,False,Kukambhe,Shahapur,Thane,552699,552699,100.0,dist+tal,7.79
MAHARASHTRA,Thane,Shahapur,Kulhe,Kulhe,2454,whole_village,False,False,Kulhe,Shahapur,Thane,552817,552817,100.0,dist+tal,1.412
MAHARASHTRA,Thane,Shahapur,Lahe,Lahe,2455,whole_village,False,False,Lahe,Shahapur,Thane,552698,552698,100.0,dist+tal,7.531
MAHARASHTRA,Thane,Shahapur,Lavale,Lavale,2456,whole_village,False,False,Lavale,Shahapur,Thane,552831,552831,100.0,dist+tal,3.801
MAHARASHTRA,Thane,Shahapur,Lenad Bk.,Lenad Bk.,2457,whole_village,False,False,Lenad Kh,Shahapur,Thane,552887,552887,100.0,dist+tal,3.112
MAHARASHTRA,Thane,Shahapur,Lingayate,Lingayate,2458,whole_village,False,False,Lingayate,Shahapur,Thane,552816,552816,100.0,dist+tal,2.849
MAHARASHTRA,Thane,Shahapur,Mahuli,Mahuli,2459,whole_village,False,False,Mahuli,Shahapur,Thane,552718,552718,100.0,dist+tal,15.411
MAHARASHTRA,Thane,Shahapur,Mal,Mal,2460,whole_village,False,False,Mal,Shahapur,Thane,552750,552750,100.0,dist+tal,14.694
MAHARASHTRA,Thane,Shahapur,Malegaon,Malegaon,2461,whole_village,False,False,Malegaon,Shahapur,Thane,552828,552828,100.0,dist+tal,3.385
MAHARASHTRA,Thane,Shahapur,Mamnoli,Mamnoli,2462,whole_village,False,False,Mamnoli,Shahapur,Thane,552722,552722,100.0,dist+tal,2.764
MAHARASHTRA,Thane,Shahapur,Mohili,Mohili,2463,whole_village,False,False,Mohili,Shahapur,Thane,552692,552692,100.0,dist+tal,1.406
MAHARASHTRA,Thane,Shahapur,Mokhavane,Mokhavane,2464,whole_village,False,False,Mokhavane,Shahapur,Thane,552749,552749,100.0,dist+tal,16.621
MAHARASHTRA,Thane,Shahapur,Nadgaon,Nadgaon,2465,whole_village,False,False,Nadgaon,Shahapur,Thane,552861,552861,100.0,dist+tal,3.026
MAHARASHTRA,Thane,Shahapur,Nandgaon,Nandgaon,2466,whole_village,False,False,Nandgaon,Shahapur,Thane,552845,552845,100.0,dist+tal,1.094
MAHARASHTRA,Thane,Shahapur,Narayangaon,Narayangaon,2467,whole_village,False,False,Narayangaon,Shahapur,Thane,552827,552827,100.0,dist+tal,4.722
MAHARASHTRA,Thane,Shahapur,Nevare,Nevare,2468,whole_village,False,False,Nevare,Shahapur,Thane,552689,552689,100.0,dist+tal,3.175
MAHARASHTRA,Thane,Shahapur,Pachiware,Pachiware,2469,whole_village,False,False,Pachiware,Shahapur,Thane,552774,552774,100.0,dist+tal,6.896
MAHARASHTRA,Thane,Shahapur,Palheri,Palheri,2470,whole_village,False,False,Palheri,Shahapur,Thane,552773,552773,100.0,dist+tal,10.061
MAHARASHTRA,Thane,Shahapur,Palshin,Palshin,2471,whole_village,False,False,Palshin,Shahapur,Thane,552740,552740,100.0,dist+tal,5.478
MAHARASHTRA,Thane,Shahapur,Palsoli,Palsoli,2472,whole_village,False,False,Palsoli,Shahapur,Thane,552860,552860,100.0,dist+tal,2.368
MAHARASHTRA,Thane,Shahapur,Panchghar,Panchghar,2473,whole_village,False,False,Panchghar,Shahapur,Thane,552785,552785,100.0,dist+tal,2.751
MAHARASHTRA,Thane,Shahapur,Pashane,Pashane,2474,whole_village,False,False,Pashane,Shahapur,Thane,552872,552872,100.0,dist+tal,6.008
MAHARASHTRA,Thane,Shahapur,Patol,Patol,2475,whole_village,False,False,Patol,Shahapur,Thane,552767,552767,100.0,dist+tal,12.957
MAHARASHTRA,Thane,Shahapur,Pendharghol,Pendharghol,2476,whole_village,False,False,Pendharghol,Shahapur,Thane,552724,552724,100.0,dist+tal,6.998
MAHARASHTRA,Thane,Shahapur,Pendhari,Pendhari,2477,whole_village,False,False,Pendhari,Shahapur,Thane,552696,552696,100.0,dist+tal,2.417
MAHARASHTRA,Thane,Shahapur,Pimpalpada,Pimpalpada,2478,whole_village,False,False,Pimpalpada,Shahapur,Thane,552744,552744,100.0,dist+tal,1.272
MAHARASHTRA,Thane,Shahapur,Pingalwadi,Pingalwadi,2479,whole_village,False,False,Pingalwadi,Shahapur,Thane,552769,552769,100.0,dist+tal,11.519
MAHARASHTRA,Thane,Shahapur,Piwali,Piwali,2480,whole_village,False,False,Vl Pivali,Shahapur,Thane,552714,552714,100.0,dist+tal,5.769
MAHARASHTRA,Thane,Shahapur,Pundhe,Pundhe,2481,whole_village,False,False,Pundhe,Shahapur,Thane,552725,552725,100.0,dist+tal,3.504
MAHARASHTRA,Thane,Shahapur,Ranvihir,Ranvihir,2482,whole_village,False,False,Ranvihir,Shahapur,Thane,552794,552794,100.0,dist+tal,10.819
MAHARASHTRA,Thane,Shahapur,Ratandhale,Ratandhale,2483,whole_village,False,False,Ratandhale,Shahapur,Thane,552763,552763,100.0,dist+tal,2.614
MAHARASHTRA,Thane,Shahapur,Roadvahal,Roadvahal,2484,whole_village,False,False,Roadvahal,Shahapur,Thane,552779,552779,100.0,dist+tal,11.158
MAHARASHTRA,Thane,Shahapur,Sajivali,Sajivali,2485,whole_village,False,False,Sajivali,Shahapur,Thane,552701,552701,100.0,dist+tal,8.59
MAHARASHTRA,Thane,Shahapur,Sakadbav,Sakadbav,2486,whole_village,False,False,Sakadbav,Shahapur,Thane,552777,552777,100.0,dist+tal,11.16
MAHARASHTRA,Thane,Shahapur,Sakharoli,Sakharoli,2487,whole_village,False,False,Sakharoli,Shahapur,Thane,552704,552704,100.0,dist+tal,3.83
MAHARASHTRA,Thane,Shahapur,Sakurli,Sakurli,2488,whole_village,False,False,Sakurli,Shahapur,Thane,552801,552801,100.0,dist+tal,17.785
MAHARASHTRA,Thane,Shahapur,Sane,Sane,2489,whole_village,False,False,Sane,Shahapur,Thane,552868,552868,100.0,dist+tal,1.963
MAHARASHTRA,Thane,Shahapur,Saralambe,Saralambe,2490,whole_village,False,False,Saralambe,Shahapur,Thane,552733,552733,100.0,dist+tal,4.816
MAHARASHTRA,Thane,Shahapur,Savaroli Bk.,Savaroli Bk.,2491,whole_village,False,False,Savaroli Bk,Shahapur,Thane,552723,552723,100.0,dist+tal,9.43
MAHARASHTRA,Thane,Shahapur,Savaroli Kh.,Savaroli Kh.,2492,whole_village,False,False,Savaroli Kh,Shahapur,Thane,552712,552712,100.0,dist+tal,3.126
MAHARASHTRA,Thane,Shahapur,Shende,Shende,2493,whole_village,False,False,Shende,Shahapur,Thane,552702,552702,100.0,dist+tal,5.763
MAHARASHTRA,Thane,Shahapur,Shirol,Shirol,2494,whole_village,False,False,Shirol,Shahapur,Thane,552748,552748,100.0,dist+tal,38.825
MAHARASHTRA,Thane,Shahapur,Susarwadi,Susarwadi,2495,whole_village,False,False,Susarwadi,Shahapur,Thane,552768,552768,100.0,dist+tal,5.119
MAHARASHTRA,Thane,Shahapur,Taharpur,Taharpur,2496,whole_village,False,False,Taharpur,Shahapur,Thane,552708,552708,100.0,dist+tal,5.536
MAHARASHTRA,Thane,Shahapur,Talwade,Talwade,2497,whole_village,False,False,Talwade,Shahapur,Thane,552780,552780,100.0,dist+tal,6.107
MAHARASHTRA,Thane,Shahapur,Tanasa,Tanasa,2498,whole_village,False,False,Tanasa,Shahapur,Thane,552694,552694,100.0,dist+tal,92.589
MAHARASHTRA,Thane,Shahapur,Tembhe,Tembhe,2499,whole_village,False,False,Tembhe,Shahapur,Thane,552737,552737,100.0,dist+tal,11.111
MAHARASHTRA,Thane,Shahapur,Thune Bk.,Thune Bk.,2500,whole_village,False,False,Thune,Shahapur,Thane,552832,552832,100.0,dist+tal,4.116
MAHARASHTRA,Thane,Shahapur,Umbarkhand,Umbarkhand,2501,whole_village,False,False,Umbarkhand,Shahapur,Thane,552762,552762,100.0,dist+tal,3.835
MAHARASHTRA,Thane,Shahapur,Umbhrai,Umbhrai,2502,whole_village,False,False,Umbhrai,Shahapur,Thane,552834,552834,100.0,dist+tal,3.866
MAHARASHTRA,Thane,Shahapur,Umbravane,Umbravane,2503,whole_village,False,False,Umbravane,Shahapur,Thane,552754,552754,100.0,dist+tal,11.316
MAHARASHTRA,Thane,Shahapur,Vaghivali,Vaghivali,2504,whole_village,False,False,Vaghivali,Shahapur,Thane,552688,552688,100.0,dist+tal,4.775
MAHARASHTRA,Thane,Shahapur,Vandre,Vandre,2505,whole_village,False,False,Vandre,Shahapur,Thane,552715,552715,100.0,dist+tal,8.483
MAHARASHTRA,Thane,Shahapur,Varaskol,Varaskol,2506,whole_village,False,False,Varaskol,Shahapur,Thane,552745,552745,100.0,dist+tal,4.368
MAHARASHTRA,Thane,Shahapur,Vashala Bk.,Vashala Bk.,2507,whole_village,False,False,Vashala Bk,Shahapur,Thane,552756,552756,100.0,dist+tal,22.147
MAHARASHTRA,Thane,Shahapur,Vashala Kh.,Vashala Kh.,2508,whole_village,False,False,Vashala Kh,Shahapur,Thane,552757,552757,100.0,dist+tal,4.196
MAHARASHTRA,Thane,Shahapur,Vaveghar,Vaveghar,2509,whole_village,False,False,Vaveghar,Shahapur,Thane,552691,552691,100.0,dist+tal,0.215
MAHARASHTRA,Thane,Shahapur,Vedvahal,Vedvahal,2510,whole_village,False,False,Vedvahal,Shahapur,Thane,552710,552710,100.0,dist+tal,3.035
MAHARASHTRA,Thane,Shahapur,Vehloli Bk.,Vehloli Bk.,2511,whole_village,False,False,Vehloli Kh,Shahapur,Thane,552847,552847,100.0,dist+tal,3.109
MAHARASHTRA,Thane,Shahapur,Vehlonde,Vehlonde,2512,whole_village,False,False,Vl Vehalonde,Shahapur,Thane,552711,552711,100.0,dist+tal,7.049
MAHARASHTRA,Thane,Shahapur,Veluk,Veluk,2513,whole_village,False,False,Veluk,Shahapur,Thane,552758,552758,100.0,dist+tal,23.715
MAHARASHTRA,Thane,Shahapur,Vihigaon,Vihigaon,2514,whole_village,False,False,Vihigaon,Shahapur,Thane,552751,552751,100.0,dist+tal,15.337
MAHARASHTRA,Thane,Shahapur,Walshet,Walshet,2515,whole_village,False,False,Vl Valshet,Shahapur,Thane,552786,552786,100.0,dist+tal,4.0
