{
"type": "FeatureCollection",
"name": "corridors",
"crs": { "type": "name", "properties": { "name": "urn:ogc:def:crs:OGC:1.3:CRS84" } },
"features": [
{ "type": "Feature", "properties": { "newname": null }, "geometry": { "type": "Polygon", "coordinates": [ [ [ 74.70322, 13.8685 ], [ 74.70004, 13.86977 ], [ 74.69984, 13.87192 ], [ 74.70319, 13.87327 ], [ 74.70539, 13.86942 ], [ 74.70322, 13.8685 ] ] ] } },
{ "type": "Feature", "properties": { "newname": null }, "geometry": { "type": "Polygon", "coordinates": [ [ [ 75.08548, 13.4984 ], [ 75.09451, 13.48015 ], [ 75.10462, 13.46716 ], [ 75.10811, 13.45572 ], [ 75.11888, 13.44814 ], [ 75.15239, 13.43746 ], [ 75.15092, 13.43479 ], [ 75.15435, 13.43128 ], [ 75.15533, 13.42895 ], [ 75.15154, 13.42559 ], [ 75.15086, 13.42003 ], [ 75.14925, 13.41762 ], [ 75.14657, 13.4163 ], [ 75.14449, 13.40998 ], [ 75.13992, 13.413 ], [ 75.10641, 13.42368 ], [ 75.09491, 13.43119 ], [ 75.08648, 13.43787 ], [ 75.08413, 13.44058 ], [ 75.08258, 13.44379 ], [ 75.07974, 13.45442 ], [ 75.07096, 13.46556 ], [ 75.06207, 13.48333 ], [ 75.05891, 13.486 ], [ 75.06039, 13.48578 ], [ 75.07308, 13.49152 ], [ 75.07558, 13.49043 ], [ 75.07827, 13.49052 ], [ 75.0778, 13.49349 ], [ 75.08105, 13.49934 ], [ 75.08147, 13.50288 ], [ 75.08548, 13.4984 ] ] ] } },
{ "type": "Feature", "properties": { "newname": null }, "geometry": { "type": "Polygon", "coordinates": [ [ [ 74.94923, 13.50736 ], [ 74.95614, 13.50029 ], [ 74.9591, 13.50283 ], [ 74.96344, 13.5028 ], [ 74.96188, 13.49839 ], [ 74.96454, 13.49842 ], [ 74.96572, 13.49543 ], [ 74.96349, 13.49104 ], [ 74.96304, 13.4876 ], [ 74.96635, 13.48322 ], [ 74.97195, 13.48104 ], [ 74.97543, 13.48212 ], [ 74.97736, 13.48081 ], [ 74.97942, 13.48144 ], [ 74.98162, 13.47933 ], [ 74.98506, 13.4791 ], [ 74.98653, 13.48059 ], [ 74.98962, 13.47948 ], [ 74.98702, 13.47167 ], [ 74.99224, 13.46632 ], [ 74.99269, 13.45853 ], [ 74.98894, 13.45786 ], [ 74.98475, 13.46016 ], [ 74.96973, 13.45836 ], [ 74.96633, 13.45604 ], [ 74.9595, 13.45617 ], [ 74.96021, 13.45831 ], [ 74.94802, 13.47003 ], [ 74.94603, 13.47321 ], [ 74.94203, 13.47648 ], [ 74.94027, 13.47909 ], [ 74.93684, 13.47774 ], [ 74.933, 13.48152 ], [ 74.93208, 13.485 ], [ 74.92805, 13.48827 ], [ 74.92994, 13.49036 ], [ 74.93053, 13.49315 ], [ 74.9327, 13.49659 ], [ 74.93474, 13.49846 ], [ 74.93492, 13.50195 ], [ 74.93931, 13.50641 ], [ 74.94024, 13.51008 ], [ 74.94692, 13.51124 ], [ 74.94938, 13.51067 ], [ 74.94923, 13.50736 ] ] ] } },
{ "type": "Feature", "properties": { "newname": null }, "geometry": { "type": "Polygon", "coordinates": [ [ [ 74.98194, 13.58736 ], [ 74.98024, 13.58649 ], [ 74.98049, 13.58947 ], [ 74.98194, 13.58736 ] ] ] } },
{ "type": "Feature", "properties": { "newname": null }, "geometry": { "type": "Polygon", "coordinates": [ [ [ 75.05807, 13.60931 ], [ 75.06197, 13.60313 ], [ 75.06261, 13.59442 ], [ 75.06091, 13.58928 ], [ 75.05907, 13.58844 ], [ 75.05685, 13.58424 ], [ 75.05331, 13.58227 ], [ 75.04742, 13.58371 ], [ 75.04482, 13.58211 ], [ 75.03767, 13.57563 ], [ 75.03534, 13.57443 ], [ 75.03465, 13.57228 ], [ 75.03632, 13.56566 ], [ 75.04135, 13.56111 ], [ 75.04362, 13.56032 ], [ 75.04417, 13.55634 ], [ 75.05128, 13.55282 ], [ 75.0505, 13.54785 ], [ 75.05187, 13.54616 ], [ 75.05189, 13.54385 ], [ 75.0501, 13.5361 ], [ 75.06373, 13.52847 ], [ 75.06461, 13.52648 ], [ 75.06413, 13.52444 ], [ 75.06083, 13.5209 ], [ 75.06057, 13.51868 ], [ 75.0623, 13.51711 ], [ 75.06419, 13.51791 ], [ 75.06547, 13.52117 ], [ 75.06711, 13.52253 ], [ 75.06969, 13.52234 ], [ 75.07195, 13.52083 ], [ 75.07845, 13.51336 ], [ 75.08154, 13.50159 ], [ 75.07947, 13.49549 ], [ 75.0778, 13.49349 ], [ 75.07827, 13.49052 ], [ 75.07558, 13.49043 ], [ 75.07308, 13.49152 ], [ 75.06039, 13.48578 ], [ 75.05713, 13.48627 ], [ 75.05495, 13.48531 ], [ 75.05288, 13.48216 ], [ 75.05022, 13.48059 ], [ 75.04791, 13.47684 ], [ 75.04735, 13.47413 ], [ 75.04526, 13.47343 ], [ 75.04158, 13.47351 ], [ 75.03758, 13.47209 ], [ 75.03403, 13.47477 ], [ 75.03011, 13.47523 ], [ 75.02474, 13.47412 ], [ 75.02033, 13.47494 ], [ 75.01869, 13.47626 ], [ 75.01512, 13.4756 ], [ 75.00697, 13.47091 ], [ 75.00661, 13.47321 ], [ 75.00749, 13.47653 ], [ 75.00691, 13.47972 ], [ 75.01524, 13.48964 ], [ 75.01743, 13.49119 ], [ 75.02014, 13.49139 ], [ 75.02007, 13.49525 ], [ 75.02263, 13.49762 ], [ 75.02031, 13.49975 ], [ 75.02253, 13.50145 ], [ 75.01913, 13.50214 ], [ 75.0169, 13.50005 ], [ 75.01257, 13.50115 ], [ 75.00918, 13.50291 ], [ 75.01282, 13.50775 ], [ 75.01269, 13.51012 ], [ 75.00449, 13.5093 ], [ 75.00267, 13.51115 ], [ 75.00068, 13.51177 ], [ 75.00063, 13.51393 ], [ 75.00339, 13.51657 ], [ 74.99865, 13.51806 ], [ 75.00005, 13.52585 ], [ 75.00913, 13.53285 ], [ 75.00696, 13.53705 ], [ 75.01162, 13.54336 ], [ 75.01109, 13.54628 ], [ 75.00801, 13.54794 ], [ 75.00307, 13.54665 ], [ 75.00037, 13.54756 ], [ 75.00071, 13.54965 ], [ 75.00291, 13.55231 ], [ 75.00368, 13.5547 ], [ 75.00179, 13.55556 ], [ 74.9967, 13.55225 ], [ 74.99526, 13.55417 ], [ 74.99416, 13.56248 ], [ 74.99235, 13.56633 ], [ 74.98159, 13.56463 ], [ 74.97881, 13.56505 ], [ 74.97957, 13.56718 ], [ 74.97815, 13.57229 ], [ 74.98313, 13.57757 ], [ 74.98367, 13.58001 ], [ 74.98151, 13.58863 ], [ 74.97978, 13.59004 ], [ 74.98072, 13.59201 ], [ 74.98442, 13.58969 ], [ 74.99081, 13.59213 ], [ 74.99199, 13.5898 ], [ 74.99612, 13.5907 ], [ 74.99775, 13.58945 ], [ 75.0007, 13.59345 ], [ 75.00654, 13.59585 ], [ 75.01171, 13.59621 ], [ 75.01389, 13.59881 ], [ 75.01805, 13.59723 ], [ 75.02052, 13.59727 ], [ 75.02856, 13.59515 ], [ 75.03126, 13.59517 ], [ 75.03319, 13.59628 ], [ 75.03535, 13.59558 ], [ 75.0425, 13.59649 ], [ 75.04691, 13.59563 ], [ 75.05144, 13.59581 ], [ 75.05311, 13.59721 ], [ 75.05437, 13.602 ], [ 75.053, 13.60952 ], [ 75.05807, 13.60931 ] ] ] } },
{ "type": "Feature", "properties": { "newname": null }, "geometry": { "type": "Polygon", "coordinates": [ [ [ 74.86381, 13.70496 ], [ 74.86034, 13.70667 ], [ 74.85629, 13.71029 ], [ 74.86034, 13.71252 ], [ 74.86342, 13.71062 ], [ 74.86381, 13.70496 ] ] ] } },
{ "type": "Feature", "properties": { "newname": null }, "geometry": { "type": "Polygon", "coordinates": [ [ [ 74.78783, 13.78782 ], [ 74.78642, 13.78342 ], [ 74.78181, 13.78511 ], [ 74.77812, 13.79052 ], [ 74.77927, 13.79303 ], [ 74.7812, 13.79237 ], [ 74.78307, 13.79336 ], [ 74.78537, 13.792 ], [ 74.78783, 13.78782 ] ] ] } },
{ "type": "Feature", "properties": { "newname": null }, "geometry": { "type": "Polygon", "coordinates": [ [ [ 74.82896, 13.74139 ], [ 74.83098, 13.74401 ], [ 74.83221, 13.73812 ], [ 74.82896, 13.74139 ] ] ] } },
{ "type": "Feature", "properties": { "newname": null }, "geometry": { "type": "Polygon", "coordinates": [ [ [ 74.81689, 13.77845 ], [ 74.81483, 13.77538 ], [ 74.81765, 13.77345 ], [ 74.81389, 13.77177 ], [ 74.81225, 13.76769 ], [ 74.81327, 13.76563 ], [ 74.82065, 13.76407 ], [ 74.82105, 13.76153 ], [ 74.82474, 13.75903 ], [ 74.82788, 13.75835 ], [ 74.82598, 13.75541 ], [ 74.82159, 13.75787 ], [ 74.81958, 13.75753 ], [ 74.8179, 13.75579 ], [ 74.81823, 13.75324 ], [ 74.81487, 13.74724 ], [ 74.81169, 13.74868 ], [ 74.8082, 13.75342 ], [ 74.80556, 13.75395 ], [ 74.80371, 13.75559 ], [ 74.80024, 13.75235 ], [ 74.7985, 13.74938 ], [ 74.7966, 13.74865 ], [ 74.78245, 13.74866 ], [ 74.78978, 13.75511 ], [ 74.79097, 13.75711 ], [ 74.79418, 13.75883 ], [ 74.79575, 13.7574 ], [ 74.79762, 13.75899 ], [ 74.79861, 13.76082 ], [ 74.79865, 13.76337 ], [ 74.80304, 13.76344 ], [ 74.80471, 13.76484 ], [ 74.80545, 13.7677 ], [ 74.8048, 13.77066 ], [ 74.80693, 13.77369 ], [ 74.80675, 13.77738 ], [ 74.81358, 13.78053 ], [ 74.81589, 13.78046 ], [ 74.81689, 13.77845 ] ] ] } },
{ "type": "Feature", "properties": { "newname": null }, "geometry": { "type": "Polygon", "coordinates": [ [ [ 74.79051, 13.77316 ], [ 74.79025, 13.76886 ], [ 74.79218, 13.7677 ], [ 74.7959, 13.7675 ], [ 74.79382, 13.76454 ], [ 74.79572, 13.76067 ], [ 74.79418, 13.75883 ], [ 74.78895, 13.76602 ], [ 74.78629, 13.76736 ], [ 74.78111, 13.76313 ], [ 74.77684, 13.76232 ], [ 74.7793, 13.75935 ], [ 74.77885, 13.75483 ], [ 74.78081, 13.75376 ], [ 74.78081, 13.75162 ], [ 74.78245, 13.74866 ], [ 74.76109, 13.74868 ], [ 74.76207, 13.75694 ], [ 74.76443, 13.75678 ], [ 74.76534, 13.75938 ], [ 74.76746, 13.75899 ], [ 74.77205, 13.76111 ], [ 74.77438, 13.76706 ], [ 74.77878, 13.76729 ], [ 74.78396, 13.77767 ], [ 74.78642, 13.77402 ], [ 74.79051, 13.77316 ] ] ] } },
{ "type": "Feature", "properties": { "newname": null }, "geometry": { "type": "Polygon", "coordinates": [ [ [ 74.79418, 13.75883 ], [ 74.79097, 13.75711 ], [ 74.78978, 13.75511 ], [ 74.78245, 13.74866 ], [ 74.78081, 13.75162 ], [ 74.78081, 13.75376 ], [ 74.77885, 13.75483 ], [ 74.7793, 13.75935 ], [ 74.77684, 13.76232 ], [ 74.78111, 13.76313 ], [ 74.78629, 13.76736 ], [ 74.78895, 13.76602 ], [ 74.79418, 13.75883 ] ] ] } },
{ "type": "Feature", "properties": { "newname": null }, "geometry": { "type": "Polygon", "coordinates": [ [ [ 74.80868, 13.71916 ], [ 74.80773, 13.71573 ], [ 74.80389, 13.72017 ], [ 74.80573, 13.72269 ], [ 74.80933, 13.72404 ], [ 74.80868, 13.71916 ] ] ] } },
{ "type": "Feature", "properties": { "newname": null }, "geometry": { "type": "Polygon", "coordinates": [ [ [ 74.81156, 13.72773 ], [ 74.80933, 13.72404 ], [ 74.80791, 13.72597 ], [ 74.80937, 13.73122 ], [ 74.81327, 13.73005 ], [ 74.81156, 13.72773 ] ] ] } },
{ "type": "Feature", "properties": { "newname": null }, "geometry": { "type": "Polygon", "coordinates": [ [ [ 74.81274, 13.73451 ], [ 74.81166, 13.7366 ], [ 74.8129, 13.73869 ], [ 74.81673, 13.74065 ], [ 74.81274, 13.73451 ] ] ] } },
{ "type": "Feature", "properties": { "newname": null }, "geometry": { "type": "Polygon", "coordinates": [ [ [ 74.82161, 13.73163 ], [ 74.82096, 13.72903 ], [ 74.81885, 13.72725 ], [ 74.81707, 13.73282 ], [ 74.82116, 13.73698 ], [ 74.82325, 13.73809 ], [ 74.82428, 13.73609 ], [ 74.82161, 13.73163 ] ] ] } },
{ "type": "Feature", "properties": { "newname": null }, "geometry": { "type": "Polygon", "coordinates": [ [ [ 74.84242, 13.71954 ], [ 74.84618, 13.72188 ], [ 74.84644, 13.71902 ], [ 74.84242, 13.71954 ] ] ] } },
{ "type": "Feature", "properties": { "newname": null }, "geometry": { "type": "Polygon", "coordinates": [ [ [ 74.853, 13.73123 ], [ 74.85123, 13.72913 ], [ 74.84672, 13.72687 ], [ 74.84556, 13.73096 ], [ 74.84758, 13.73121 ], [ 74.84811, 13.73562 ], [ 74.85064, 13.73236 ], [ 74.853, 13.73123 ] ] ] } },
{ "type": "Feature", "properties": { "newname": null }, "geometry": { "type": "Polygon", "coordinates": [ [ [ 74.8387, 13.73034 ], [ 74.83829, 13.72788 ], [ 74.83583, 13.72971 ], [ 74.83471, 13.73163 ], [ 74.83672, 13.73443 ], [ 74.8387, 13.73034 ] ] ] } },
{ "type": "Feature", "properties": { "newname": null }, "geometry": { "type": "Polygon", "coordinates": [ [ [ 74.83453, 13.73531 ], [ 74.83639, 13.73861 ], [ 74.83672, 13.73443 ], [ 74.83453, 13.73531 ] ] ] } },
{ "type": "Feature", "properties": { "newname": null }, "geometry": { "type": "Polygon", "coordinates": [ [ [ 74.84703, 13.74432 ], [ 74.8418, 13.74595 ], [ 74.84055, 13.74405 ], [ 74.84044, 13.7396 ], [ 74.83874, 13.73834 ], [ 74.83639, 13.73861 ], [ 74.83759, 13.74152 ], [ 74.83646, 13.74866 ], [ 74.84796, 13.74739 ], [ 74.84703, 13.74432 ] ] ] } },
{ "type": "Feature", "properties": { "newname": null }, "geometry": { "type": "Polygon", "coordinates": [ [ [ 74.87751, 13.7661 ], [ 74.88041, 13.76404 ], [ 74.88315, 13.76483 ], [ 74.88322, 13.75749 ], [ 74.88002, 13.75399 ], [ 74.87566, 13.75882 ], [ 74.8736, 13.75873 ], [ 74.86864, 13.76205 ], [ 74.86648, 13.76214 ], [ 74.86314, 13.76509 ], [ 74.86639, 13.76709 ], [ 74.86736, 13.76483 ], [ 74.87751, 13.7661 ] ] ] } },
{ "type": "Feature", "properties": { "newname": null }, "geometry": { "type": "Polygon", "coordinates": [ [ [ 74.89219, 13.768 ], [ 74.89439, 13.76701 ], [ 74.89645, 13.76751 ], [ 74.89814, 13.76536 ], [ 74.89851, 13.76283 ], [ 74.89715, 13.76092 ], [ 74.89725, 13.75835 ], [ 74.89578, 13.75652 ], [ 74.89117, 13.75463 ], [ 74.88911, 13.75174 ], [ 74.87489, 13.74233 ], [ 74.87966, 13.74988 ], [ 74.87885, 13.7518 ], [ 74.88002, 13.75399 ], [ 74.88243, 13.7516 ], [ 74.8877, 13.75499 ], [ 74.88931, 13.75806 ], [ 74.88937, 13.76099 ], [ 74.8877, 13.76401 ], [ 74.88602, 13.76522 ], [ 74.88528, 13.76754 ], [ 74.8879, 13.77008 ], [ 74.89005, 13.7709 ], [ 74.89238, 13.77059 ], [ 74.89219, 13.768 ] ] ] } },
{ "type": "Feature", "properties": { "newname": null }, "geometry": { "type": "Polygon", "coordinates": [ [ [ 74.86084, 13.80975 ], [ 74.86327, 13.80981 ], [ 74.86652, 13.80845 ], [ 74.86644, 13.80391 ], [ 74.87041, 13.8032 ], [ 74.8707, 13.79814 ], [ 74.86806, 13.79603 ], [ 74.86246, 13.79456 ], [ 74.86041, 13.79328 ], [ 74.85906, 13.79552 ], [ 74.85696, 13.79644 ], [ 74.8569, 13.79896 ], [ 74.85427, 13.80454 ], [ 74.85548, 13.80677 ], [ 74.8558, 13.81025 ], [ 74.85397, 13.81229 ], [ 74.85618, 13.81405 ], [ 74.85492, 13.81764 ], [ 74.85809, 13.81691 ], [ 74.86084, 13.80975 ] ] ] } },
{ "type": "Feature", "properties": { "newname": null }, "geometry": { "type": "Polygon", "coordinates": [ [ [ 74.87918, 13.79263 ], [ 74.88344, 13.78845 ], [ 74.87846, 13.7872 ], [ 74.86845, 13.78715 ], [ 74.87263, 13.79215 ], [ 74.87457, 13.79288 ], [ 74.87563, 13.79109 ], [ 74.87918, 13.79263 ] ] ] } },
{ "type": "Feature", "properties": { "newname": null }, "geometry": { "type": "Polygon", "coordinates": [ [ [ 74.87524, 13.77656 ], [ 74.87288, 13.77654 ], [ 74.87418, 13.77446 ], [ 74.87082, 13.77332 ], [ 74.86983, 13.7688 ], [ 74.86639, 13.76709 ], [ 74.86362, 13.76858 ], [ 74.86243, 13.77284 ], [ 74.85977, 13.77482 ], [ 74.86248, 13.77675 ], [ 74.86069, 13.78048 ], [ 74.865, 13.78335 ], [ 74.86845, 13.78715 ], [ 74.86961, 13.78311 ], [ 74.87524, 13.77656 ] ] ] } },
{ "type": "Feature", "properties": { "newname": null }, "geometry": { "type": "Polygon", "coordinates": [ [ [ 74.84328, 13.81402 ], [ 74.84521, 13.81648 ], [ 74.84892, 13.81781 ], [ 74.8509, 13.816 ], [ 74.85007, 13.81041 ], [ 74.85044, 13.80504 ], [ 74.84928, 13.8033 ], [ 74.84908, 13.80115 ], [ 74.85257, 13.7946 ], [ 74.84645, 13.79317 ], [ 74.84432, 13.79121 ], [ 74.84217, 13.79044 ], [ 74.84164, 13.78821 ], [ 74.83837, 13.78473 ], [ 74.83428, 13.78311 ], [ 74.83215, 13.78139 ], [ 74.83087, 13.77762 ], [ 74.82867, 13.77667 ], [ 74.82323, 13.78033 ], [ 74.825, 13.78545 ], [ 74.82734, 13.7857 ], [ 74.82882, 13.78419 ], [ 74.83358, 13.78516 ], [ 74.83658, 13.78918 ], [ 74.83138, 13.79503 ], [ 74.83636, 13.79612 ], [ 74.84113, 13.79464 ], [ 74.84563, 13.79692 ], [ 74.84061, 13.801 ], [ 74.83547, 13.80229 ], [ 74.83765, 13.80695 ], [ 74.83992, 13.80886 ], [ 74.84224, 13.80911 ], [ 74.83968, 13.81259 ], [ 74.83008, 13.81032 ], [ 74.82996, 13.81348 ], [ 74.83392, 13.81593 ], [ 74.8374, 13.81556 ], [ 74.83564, 13.81808 ], [ 74.83837, 13.8191 ], [ 74.84328, 13.81402 ] ] ] } },
{ "type": "Feature", "properties": { "newname": null }, "geometry": { "type": "Polygon", "coordinates": [ [ [ 74.87329, 13.8189 ], [ 74.87211, 13.81616 ], [ 74.86603, 13.81627 ], [ 74.86536, 13.8187 ], [ 74.85925, 13.82086 ], [ 74.86048, 13.82312 ], [ 74.86008, 13.82842 ], [ 74.857, 13.82961 ], [ 74.85863, 13.83171 ], [ 74.86395, 13.8333 ], [ 74.86758, 13.8318 ], [ 74.87329, 13.8189 ] ] ] } },
{ "type": "Feature", "properties": { "newname": null }, "geometry": { "type": "Polygon", "coordinates": [ [ [ 74.80056, 13.88431 ], [ 74.80427, 13.88396 ], [ 74.80641, 13.88264 ], [ 74.80549, 13.88032 ], [ 74.80141, 13.88121 ], [ 74.79932, 13.88074 ], [ 74.79662, 13.88309 ], [ 74.79292, 13.88343 ], [ 74.79402, 13.88602 ], [ 74.80056, 13.88431 ] ] ] } },
{ "type": "Feature", "properties": { "newname": null }, "geometry": { "type": "Polygon", "coordinates": [ [ [ 74.82385, 13.87499 ], [ 74.82169, 13.87401 ], [ 74.8198, 13.87478 ], [ 74.81998, 13.87691 ], [ 74.82179, 13.87831 ], [ 74.83043, 13.88083 ], [ 74.83158, 13.8758 ], [ 74.82385, 13.87499 ] ] ] } },
{ "type": "Feature", "properties": { "newname": null }, "geometry": { "type": "Polygon", "coordinates": [ [ [ 74.81477, 13.86963 ], [ 74.81789, 13.86469 ], [ 74.81921, 13.863 ], [ 74.82154, 13.86263 ], [ 74.82156, 13.85841 ], [ 74.82325, 13.85623 ], [ 74.82826, 13.85338 ], [ 74.82977, 13.85086 ], [ 74.82835, 13.84905 ], [ 74.83004, 13.84754 ], [ 74.84073, 13.84269 ], [ 74.83748, 13.84021 ], [ 74.83491, 13.842 ], [ 74.83272, 13.8419 ], [ 74.83086, 13.84033 ], [ 74.83, 13.83769 ], [ 74.82677, 13.83976 ], [ 74.8267, 13.84423 ], [ 74.82417, 13.84684 ], [ 74.82573, 13.85002 ], [ 74.82269, 13.8523 ], [ 74.8168, 13.85444 ], [ 74.81486, 13.85646 ], [ 74.81166, 13.85638 ], [ 74.80952, 13.85974 ], [ 74.80406, 13.86263 ], [ 74.80283, 13.8646 ], [ 74.80438, 13.86646 ], [ 74.80647, 13.86584 ], [ 74.80705, 13.86385 ], [ 74.81134, 13.86577 ], [ 74.81073, 13.86924 ], [ 74.81216, 13.87317 ], [ 74.8154, 13.87168 ], [ 74.81477, 13.86963 ] ] ] } },
{ "type": "Feature", "properties": { "newname": null }, "geometry": { "type": "Polygon", "coordinates": [ [ [ 74.67281, 13.97225 ], [ 74.67501, 13.96775 ], [ 74.67655, 13.96635 ], [ 74.68301, 13.9633 ], [ 74.68745, 13.95511 ], [ 74.69582, 13.95185 ], [ 74.69936, 13.9484 ], [ 74.70125, 13.9432 ], [ 74.69979, 13.93692 ], [ 74.69775, 13.93499 ], [ 74.6951, 13.9349 ], [ 74.69266, 13.93381 ], [ 74.69157, 13.93089 ], [ 74.69523, 13.92702 ], [ 74.69809, 13.92546 ], [ 74.70501, 13.9242 ], [ 74.7087, 13.92435 ], [ 74.71069, 13.91814 ], [ 74.71454, 13.91401 ], [ 74.71287, 13.90333 ], [ 74.72431, 13.90565 ], [ 74.73292, 13.91015 ], [ 74.73422, 13.91172 ], [ 74.74133, 13.91303 ], [ 74.74435, 13.91331 ], [ 74.75547, 13.90732 ], [ 74.75653, 13.90964 ], [ 74.76315, 13.91425 ], [ 74.76422, 13.91248 ], [ 74.77784, 13.91342 ], [ 74.78308, 13.91162 ], [ 74.78745, 13.91159 ], [ 74.78961, 13.91036 ], [ 74.79343, 13.9058 ], [ 74.79437, 13.90818 ], [ 74.79661, 13.90869 ], [ 74.80161, 13.90826 ], [ 74.80765, 13.90426 ], [ 74.81111, 13.90384 ], [ 74.81622, 13.90392 ], [ 74.82022, 13.90587 ], [ 74.82499, 13.90301 ], [ 74.83037, 13.90138 ], [ 74.8371, 13.89572 ], [ 74.8392, 13.89596 ], [ 74.85518, 13.87942 ], [ 74.85767, 13.87517 ], [ 74.85837, 13.86812 ], [ 74.86501, 13.85693 ], [ 74.87114, 13.85558 ], [ 74.87508, 13.8582 ], [ 74.87632, 13.8599 ], [ 74.87643, 13.86208 ], [ 74.87917, 13.86584 ], [ 74.88195, 13.86618 ], [ 74.89152, 13.8645 ], [ 74.90018, 13.86088 ], [ 74.90752, 13.85928 ], [ 74.91106, 13.85592 ], [ 74.91369, 13.8509 ], [ 74.91301, 13.84269 ], [ 74.91486, 13.83989 ], [ 74.91492, 13.83527 ], [ 74.91608, 13.83358 ], [ 74.91686, 13.82245 ], [ 74.91879, 13.81766 ], [ 74.92285, 13.81376 ], [ 74.92415, 13.81053 ], [ 74.92413, 13.80754 ], [ 74.92593, 13.80176 ], [ 74.92519, 13.79425 ], [ 74.93232, 13.79016 ], [ 74.93359, 13.78833 ], [ 74.93388, 13.78554 ], [ 74.93063, 13.78218 ], [ 74.93068, 13.7801 ], [ 74.93211, 13.77854 ], [ 74.93209, 13.77626 ], [ 74.92993, 13.77009 ], [ 74.92817, 13.76904 ], [ 74.9286, 13.76696 ], [ 74.9311, 13.76597 ], [ 74.92973, 13.76229 ], [ 74.92621, 13.76572 ], [ 74.92307, 13.765 ], [ 74.92024, 13.76647 ], [ 74.91821, 13.76318 ], [ 74.91361, 13.76434 ], [ 74.91265, 13.76255 ], [ 74.91307, 13.75847 ], [ 74.90956, 13.75798 ], [ 74.9111, 13.76482 ], [ 74.9075, 13.76603 ], [ 74.90585, 13.76332 ], [ 74.90534, 13.76008 ], [ 74.9122, 13.75212 ], [ 74.91342, 13.74268 ], [ 74.90887, 13.74092 ], [ 74.90668, 13.74147 ], [ 74.90451, 13.74033 ], [ 74.90304, 13.73298 ], [ 74.89901, 13.73239 ], [ 74.89427, 13.73331 ], [ 74.89074, 13.72978 ], [ 74.88188, 13.72934 ], [ 74.87667, 13.72799 ], [ 74.87429, 13.72641 ], [ 74.87184, 13.72845 ], [ 74.86937, 13.72781 ], [ 74.86913, 13.7248 ], [ 74.87197, 13.71934 ], [ 74.87231, 13.7171 ], [ 74.86697, 13.71374 ], [ 74.86651, 13.71093 ], [ 74.86789, 13.70863 ], [ 74.86529, 13.7032 ], [ 74.86381, 13.70496 ], [ 74.86045, 13.70301 ], [ 74.86193, 13.70146 ], [ 74.86266, 13.69851 ], [ 74.862, 13.69609 ], [ 74.85977, 13.69474 ], [ 74.8572, 13.69514 ], [ 74.85584, 13.69109 ], [ 74.85292, 13.69411 ], [ 74.85087, 13.69509 ], [ 74.84865, 13.69289 ], [ 74.84609, 13.69362 ], [ 74.84494, 13.69658 ], [ 74.84237, 13.69698 ], [ 74.83842, 13.6944 ], [ 74.83663, 13.69575 ], [ 74.8359, 13.69774 ], [ 74.83352, 13.69746 ], [ 74.83186, 13.69581 ], [ 74.83189, 13.69127 ], [ 74.82967, 13.69065 ], [ 74.82479, 13.69293 ], [ 74.82047, 13.69711 ], [ 74.818, 13.69765 ], [ 74.81773, 13.70008 ], [ 74.81918, 13.70234 ], [ 74.81909, 13.70457 ], [ 74.81666, 13.70506 ], [ 74.81701, 13.70768 ], [ 74.81378, 13.70755 ], [ 74.81114, 13.70636 ], [ 74.81274, 13.70345 ], [ 74.8111, 13.69595 ], [ 74.8046, 13.69897 ], [ 74.80393, 13.70123 ], [ 74.80408, 13.70644 ], [ 74.80608, 13.71019 ], [ 74.80909, 13.71223 ], [ 74.80934, 13.71451 ], [ 74.80773, 13.71573 ], [ 74.80379, 13.71489 ], [ 74.80241, 13.70945 ], [ 74.79714, 13.70927 ], [ 74.79475, 13.71022 ], [ 74.79171, 13.70513 ], [ 74.78712, 13.70494 ], [ 74.7851, 13.70335 ], [ 74.78597, 13.70073 ], [ 74.78419, 13.69918 ], [ 74.78223, 13.70211 ], [ 74.78268, 13.70745 ], [ 74.77821, 13.70564 ], [ 74.78014, 13.7037 ], [ 74.77489, 13.70093 ], [ 74.77392, 13.69914 ], [ 74.77161, 13.69899 ], [ 74.76967, 13.70168 ], [ 74.76603, 13.70088 ], [ 74.76382, 13.70126 ], [ 74.76237, 13.70332 ], [ 74.76191, 13.71418 ], [ 74.76448, 13.72655 ], [ 74.76698, 13.72895 ], [ 74.76342, 13.73027 ], [ 74.75806, 13.73071 ], [ 74.75624, 13.73328 ], [ 74.76003, 13.73449 ], [ 74.75896, 13.74015 ], [ 74.75559, 13.74074 ], [ 74.75645, 13.74304 ], [ 74.75607, 13.74501 ], [ 74.75306, 13.74996 ], [ 74.75158, 13.74652 ], [ 74.74794, 13.74718 ], [ 74.74815, 13.74349 ], [ 74.7464, 13.74172 ], [ 74.74842, 13.74045 ], [ 74.74984, 13.73546 ], [ 74.74644, 13.73749 ], [ 74.74638, 13.73406 ], [ 74.74865, 13.73091 ], [ 74.74517, 13.72868 ], [ 74.74198, 13.73125 ], [ 74.73949, 13.73138 ], [ 74.7365, 13.72808 ], [ 74.73412, 13.72801 ], [ 74.73421, 13.73496 ], [ 74.73642, 13.73541 ], [ 74.73801, 13.73769 ], [ 74.74157, 13.73988 ], [ 74.74248, 13.74509 ], [ 74.74145, 13.7474 ], [ 74.7437, 13.75346 ], [ 74.73959, 13.75353 ], [ 74.73855, 13.75621 ], [ 74.7437, 13.75974 ], [ 74.74533, 13.75796 ], [ 74.74683, 13.76078 ], [ 74.74622, 13.76334 ], [ 74.75013, 13.76531 ], [ 74.75385, 13.76343 ], [ 74.75626, 13.75995 ], [ 74.75884, 13.76212 ], [ 74.76091, 13.76144 ], [ 74.76613, 13.76296 ], [ 74.76466, 13.76778 ], [ 74.76554, 13.77359 ], [ 74.77155, 13.77865 ], [ 74.76939, 13.78145 ], [ 74.77175, 13.78265 ], [ 74.77397, 13.77982 ], [ 74.77632, 13.78118 ], [ 74.77518, 13.78615 ], [ 74.7729, 13.78853 ], [ 74.7731, 13.79479 ], [ 74.77422, 13.79688 ], [ 74.77708, 13.80055 ], [ 74.78151, 13.8004 ], [ 74.7814, 13.80319 ], [ 74.78014, 13.80492 ], [ 74.7817, 13.80705 ], [ 74.78539, 13.80502 ], [ 74.78694, 13.80203 ], [ 74.79028, 13.8036 ], [ 74.79144, 13.80631 ], [ 74.79788, 13.80742 ], [ 74.7952, 13.81176 ], [ 74.79863, 13.81117 ], [ 74.80029, 13.80993 ], [ 74.80218, 13.81081 ], [ 74.80296, 13.81284 ], [ 74.80186, 13.81467 ], [ 74.80392, 13.81531 ], [ 74.80827, 13.81437 ], [ 74.80643, 13.81893 ], [ 74.81094, 13.82171 ], [ 74.81272, 13.82459 ], [ 74.81006, 13.82585 ], [ 74.8116, 13.82829 ], [ 74.81369, 13.82921 ], [ 74.81606, 13.833 ], [ 74.81084, 13.83556 ], [ 74.80969, 13.83852 ], [ 74.80926, 13.8483 ], [ 74.81091, 13.85178 ], [ 74.80783, 13.8544 ], [ 74.80068, 13.85499 ], [ 74.80061, 13.85297 ], [ 74.79866, 13.85108 ], [ 74.79872, 13.84904 ], [ 74.80146, 13.84388 ], [ 74.80331, 13.84201 ], [ 74.80173, 13.84011 ], [ 74.79828, 13.84027 ], [ 74.79832, 13.8379 ], [ 74.80025, 13.83683 ], [ 74.80275, 13.83669 ], [ 74.80122, 13.83445 ], [ 74.79906, 13.83445 ], [ 74.79699, 13.83562 ], [ 74.79503, 13.83376 ], [ 74.79487, 13.82959 ], [ 74.79699, 13.82456 ], [ 74.7948, 13.82436 ], [ 74.79305, 13.81973 ], [ 74.7896, 13.82154 ], [ 74.78682, 13.82124 ], [ 74.78479, 13.82021 ], [ 74.785, 13.81794 ], [ 74.78394, 13.81622 ], [ 74.78177, 13.81744 ], [ 74.78212, 13.82231 ], [ 74.77915, 13.82533 ], [ 74.77686, 13.82481 ], [ 74.77348, 13.82204 ], [ 74.77133, 13.82297 ], [ 74.7694, 13.82201 ], [ 74.76805, 13.81995 ], [ 74.76575, 13.82066 ], [ 74.7674, 13.82487 ], [ 74.7646, 13.82862 ], [ 74.76298, 13.83345 ], [ 74.76215, 13.8441 ], [ 74.75712, 13.8466 ], [ 74.75582, 13.85137 ], [ 74.75256, 13.85517 ], [ 74.74683, 13.85545 ], [ 74.74424, 13.85423 ], [ 74.74303, 13.85248 ], [ 74.74291, 13.84973 ], [ 74.74306, 13.84749 ], [ 74.74487, 13.84354 ], [ 74.74427, 13.8412 ], [ 74.74194, 13.84062 ], [ 74.74066, 13.84295 ], [ 74.73667, 13.84472 ], [ 74.72884, 13.84271 ], [ 74.7267, 13.84383 ], [ 74.72541, 13.84775 ], [ 74.72401, 13.84929 ], [ 74.72409, 13.85131 ], [ 74.72269, 13.8531 ], [ 74.71876, 13.85447 ], [ 74.71436, 13.85438 ], [ 74.71235, 13.85828 ], [ 74.71024, 13.85916 ], [ 74.70496, 13.85842 ], [ 74.70178, 13.85537 ], [ 74.69993, 13.85649 ], [ 74.6986, 13.86066 ], [ 74.70139, 13.86058 ], [ 74.70284, 13.86258 ], [ 74.70236, 13.86454 ], [ 74.69804, 13.86685 ], [ 74.69578, 13.87057 ], [ 74.69684, 13.87244 ], [ 74.69695, 13.8751 ], [ 74.70217, 13.88276 ], [ 74.69973, 13.886 ], [ 74.69708, 13.89199 ], [ 74.69431, 13.89424 ], [ 74.69514, 13.89666 ], [ 74.69444, 13.89871 ], [ 74.69063, 13.89756 ], [ 74.69029, 13.89978 ], [ 74.69041, 13.9019 ], [ 74.69207, 13.90312 ], [ 74.6947, 13.9032 ], [ 74.69808, 13.8969 ], [ 74.70016, 13.89625 ], [ 74.70161, 13.89771 ], [ 74.70143, 13.89986 ], [ 74.69974, 13.90127 ], [ 74.69891, 13.90345 ], [ 74.69965, 13.90874 ], [ 74.6957, 13.90785 ], [ 74.69527, 13.90987 ], [ 74.69725, 13.91365 ], [ 74.69685, 13.9157 ], [ 74.69466, 13.91721 ], [ 74.68826, 13.91574 ], [ 74.68537, 13.91714 ], [ 74.67898, 13.92282 ], [ 74.67721, 13.92132 ], [ 74.67157, 13.92163 ], [ 74.66856, 13.92234 ], [ 74.66649, 13.92549 ], [ 74.67311, 13.92772 ], [ 74.67542, 13.92754 ], [ 74.67751, 13.92569 ], [ 74.67984, 13.92533 ], [ 74.68095, 13.92768 ], [ 74.68015, 13.93036 ], [ 74.67609, 13.93169 ], [ 74.67553, 13.93393 ], [ 74.67164, 13.93887 ], [ 74.67263, 13.94062 ], [ 74.67986, 13.94073 ], [ 74.68308, 13.94344 ], [ 74.68212, 13.94558 ], [ 74.68094, 13.94779 ], [ 74.6748, 13.94528 ], [ 74.67339, 13.9472 ], [ 74.67544, 13.95104 ], [ 74.67565, 13.95306 ], [ 74.66832, 13.95431 ], [ 74.66679, 13.95582 ], [ 74.66051, 13.95385 ], [ 74.65919, 13.95232 ], [ 74.65909, 13.95001 ], [ 74.65664, 13.94743 ], [ 74.65467, 13.94662 ], [ 74.65311, 13.94829 ], [ 74.655, 13.94953 ], [ 74.65629, 13.95116 ], [ 74.65608, 13.95315 ], [ 74.66132, 13.9579 ], [ 74.66228, 13.9599 ], [ 74.65806, 13.96173 ], [ 74.65747, 13.96638 ], [ 74.65415, 13.96797 ], [ 74.65743, 13.97348 ], [ 74.66547, 13.97994 ], [ 74.67281, 13.97225 ] ], [ [ 74.86342, 13.71062 ], [ 74.86034, 13.71252 ], [ 74.85629, 13.71029 ], [ 74.86034, 13.70667 ], [ 74.86381, 13.70496 ], [ 74.86342, 13.71062 ] ], [ [ 74.80846, 13.72117 ], [ 74.80933, 13.72404 ], [ 74.80573, 13.72269 ], [ 74.80389, 13.72017 ], [ 74.80773, 13.71573 ], [ 74.80846, 13.72117 ] ], [ [ 74.81327, 13.73005 ], [ 74.80937, 13.73122 ], [ 74.80791, 13.72597 ], [ 74.80933, 13.72404 ], [ 74.81327, 13.73005 ] ], [ [ 74.77155, 13.8707 ], [ 74.76718, 13.87141 ], [ 74.76994, 13.8687 ], [ 74.77155, 13.8707 ] ], [ [ 74.84644, 13.71902 ], [ 74.84618, 13.72188 ], [ 74.84242, 13.71954 ], [ 74.84644, 13.71902 ] ], [ [ 74.83221, 13.73812 ], [ 74.83098, 13.74401 ], [ 74.82896, 13.74139 ], [ 74.83221, 13.73812 ] ], [ [ 74.81497, 13.73733 ], [ 74.81673, 13.74065 ], [ 74.8129, 13.73869 ], [ 74.81166, 13.7366 ], [ 74.81274, 13.73451 ], [ 74.81497, 13.73733 ] ], [ [ 74.75436, 13.88649 ], [ 74.75684, 13.88528 ], [ 74.75793, 13.88809 ], [ 74.75667, 13.89029 ], [ 74.75439, 13.8896 ], [ 74.75436, 13.88649 ] ], [ [ 74.77873, 13.88176 ], [ 74.77838, 13.88414 ], [ 74.77555, 13.88448 ], [ 74.77399, 13.88311 ], [ 74.77484, 13.88112 ], [ 74.7769, 13.88051 ], [ 74.77873, 13.88176 ] ], [ [ 74.70004, 13.86977 ], [ 74.70322, 13.8685 ], [ 74.70539, 13.86942 ], [ 74.70319, 13.87327 ], [ 74.69984, 13.87192 ], [ 74.70004, 13.86977 ] ], [ [ 74.84556, 13.73096 ], [ 74.84672, 13.72687 ], [ 74.85123, 13.72913 ], [ 74.853, 13.73123 ], [ 74.85064, 13.73236 ], [ 74.84811, 13.73562 ], [ 74.84758, 13.73121 ], [ 74.84556, 13.73096 ] ], [ [ 74.82096, 13.72903 ], [ 74.82161, 13.73163 ], [ 74.82428, 13.73609 ], [ 74.82325, 13.73809 ], [ 74.82116, 13.73698 ], [ 74.81707, 13.73282 ], [ 74.81885, 13.72725 ], [ 74.82096, 13.72903 ] ], [ [ 74.79662, 13.88309 ], [ 74.79932, 13.88074 ], [ 74.80141, 13.88121 ], [ 74.80549, 13.88032 ], [ 74.80641, 13.88264 ], [ 74.80427, 13.88396 ], [ 74.79402, 13.88602 ], [ 74.79292, 13.88343 ], [ 74.79662, 13.88309 ] ], [ [ 74.82179, 13.87831 ], [ 74.81998, 13.87691 ], [ 74.8198, 13.87478 ], [ 74.82169, 13.87401 ], [ 74.82385, 13.87499 ], [ 74.83158, 13.8758 ], [ 74.83043, 13.88083 ], [ 74.82179, 13.87831 ] ], [ [ 74.78783, 13.78782 ], [ 74.78537, 13.792 ], [ 74.78307, 13.79336 ], [ 74.7812, 13.79237 ], [ 74.77927, 13.79303 ], [ 74.77812, 13.79052 ], [ 74.78036, 13.78656 ], [ 74.78181, 13.78511 ], [ 74.78642, 13.78342 ], [ 74.78783, 13.78782 ] ], [ [ 74.78252, 13.85519 ], [ 74.77938, 13.84849 ], [ 74.78204, 13.84795 ], [ 74.78981, 13.85016 ], [ 74.79131, 13.85223 ], [ 74.79088, 13.85462 ], [ 74.78648, 13.85619 ], [ 74.78252, 13.85519 ] ], [ [ 74.83874, 13.73834 ], [ 74.84044, 13.7396 ], [ 74.84055, 13.74405 ], [ 74.8418, 13.74595 ], [ 74.84703, 13.74432 ], [ 74.84796, 13.74739 ], [ 74.83646, 13.74866 ], [ 74.83759, 13.74152 ], [ 74.83453, 13.73531 ], [ 74.83672, 13.73443 ], [ 74.83639, 13.73861 ], [ 74.83874, 13.73834 ] ], [ [ 74.83471, 13.73163 ], [ 74.83583, 13.72971 ], [ 74.83829, 13.72788 ], [ 74.8387, 13.73034 ], [ 74.83672, 13.73443 ], [ 74.83471, 13.73163 ] ], [ [ 74.857, 13.82961 ], [ 74.86008, 13.82842 ], [ 74.86048, 13.82312 ], [ 74.85925, 13.82086 ], [ 74.86536, 13.8187 ], [ 74.86603, 13.81627 ], [ 74.87211, 13.81616 ], [ 74.87329, 13.8189 ], [ 74.86758, 13.8318 ], [ 74.86395, 13.8333 ], [ 74.85863, 13.83171 ], [ 74.857, 13.82961 ] ], [ [ 74.85492, 13.81764 ], [ 74.85618, 13.81405 ], [ 74.85397, 13.81229 ], [ 74.8558, 13.81025 ], [ 74.85548, 13.80677 ], [ 74.85427, 13.80454 ], [ 74.8569, 13.79896 ], [ 74.85696, 13.79644 ], [ 74.85906, 13.79552 ], [ 74.86041, 13.79328 ], [ 74.86246, 13.79456 ], [ 74.86806, 13.79603 ], [ 74.8707, 13.79814 ], [ 74.87041, 13.8032 ], [ 74.86644, 13.80391 ], [ 74.86652, 13.80845 ], [ 74.86327, 13.80981 ], [ 74.86084, 13.80975 ], [ 74.85809, 13.81691 ], [ 74.85492, 13.81764 ] ], [ [ 74.81073, 13.86924 ], [ 74.81134, 13.86577 ], [ 74.80705, 13.86385 ], [ 74.80647, 13.86584 ], [ 74.80438, 13.86646 ], [ 74.80283, 13.8646 ], [ 74.80406, 13.86263 ], [ 74.80952, 13.85974 ], [ 74.81166, 13.85638 ], [ 74.81486, 13.85646 ], [ 74.8168, 13.85444 ], [ 74.82269, 13.8523 ], [ 74.82573, 13.85002 ], [ 74.82417, 13.84684 ], [ 74.8267, 13.84423 ], [ 74.82677, 13.83976 ], [ 74.83, 13.83769 ], [ 74.83086, 13.84033 ], [ 74.83272, 13.8419 ], [ 74.83491, 13.842 ], [ 74.83748, 13.84021 ], [ 74.84073, 13.84269 ], [ 74.83004, 13.84754 ], [ 74.82835, 13.84905 ], [ 74.82977, 13.85086 ], [ 74.82826, 13.85338 ], [ 74.82325, 13.85623 ], [ 74.82156, 13.85841 ], [ 74.82154, 13.86263 ], [ 74.81921, 13.863 ], [ 74.81789, 13.86469 ], [ 74.81477, 13.86963 ], [ 74.8154, 13.87168 ], [ 74.81216, 13.87317 ], [ 74.81073, 13.86924 ] ], [ [ 74.85257, 13.7946 ], [ 74.84908, 13.80115 ], [ 74.84928, 13.8033 ], [ 74.85044, 13.80504 ], [ 74.85007, 13.81041 ], [ 74.8509, 13.816 ], [ 74.84892, 13.81781 ], [ 74.84521, 13.81648 ], [ 74.84328, 13.81402 ], [ 74.83837, 13.8191 ], [ 74.83564, 13.81808 ], [ 74.8374, 13.81556 ], [ 74.83392, 13.81593 ], [ 74.82996, 13.81348 ], [ 74.83008, 13.81032 ], [ 74.83968, 13.81259 ], [ 74.84224, 13.80911 ], [ 74.83992, 13.80886 ], [ 74.83765, 13.80695 ], [ 74.83547, 13.80229 ], [ 74.84061, 13.801 ], [ 74.84563, 13.79692 ], [ 74.84113, 13.79464 ], [ 74.83636, 13.79612 ], [ 74.83138, 13.79503 ], [ 74.83658, 13.78918 ], [ 74.83547, 13.78705 ], [ 74.83358, 13.78516 ], [ 74.82882, 13.78419 ], [ 74.82734, 13.7857 ], [ 74.825, 13.78545 ], [ 74.82323, 13.78033 ], [ 74.82867, 13.77667 ], [ 74.83087, 13.77762 ], [ 74.83215, 13.78139 ], [ 74.83428, 13.78311 ], [ 74.83837, 13.78473 ], [ 74.84164, 13.78821 ], [ 74.84217, 13.79044 ], [ 74.84432, 13.79121 ], [ 74.84645, 13.79317 ], [ 74.85257, 13.7946 ] ], [ [ 74.86314, 13.76509 ], [ 74.86648, 13.76214 ], [ 74.86864, 13.76205 ], [ 74.8736, 13.75873 ], [ 74.87566, 13.75882 ], [ 74.88002, 13.75399 ], [ 74.88322, 13.75749 ], [ 74.88315, 13.76483 ], [ 74.88041, 13.76404 ], [ 74.87751, 13.7661 ], [ 74.86736, 13.76483 ], [ 74.86639, 13.76709 ], [ 74.86314, 13.76509 ] ], [ [ 74.87885, 13.7518 ], [ 74.87966, 13.74988 ], [ 74.87489, 13.74233 ], [ 74.88911, 13.75174 ], [ 74.89288, 13.75579 ], [ 74.89578, 13.75652 ], [ 74.89725, 13.75835 ], [ 74.89715, 13.76092 ], [ 74.89851, 13.76283 ], [ 74.89814, 13.76536 ], [ 74.89645, 13.76751 ], [ 74.89439, 13.76701 ], [ 74.89219, 13.768 ], [ 74.89238, 13.77059 ], [ 74.89005, 13.7709 ], [ 74.8879, 13.77008 ], [ 74.88528, 13.76754 ], [ 74.88602, 13.76522 ], [ 74.8877, 13.76401 ], [ 74.88937, 13.76099 ], [ 74.88931, 13.75806 ], [ 74.8877, 13.75499 ], [ 74.88243, 13.7516 ], [ 74.88002, 13.75399 ], [ 74.87885, 13.7518 ] ], [ [ 74.86983, 13.7688 ], [ 74.87082, 13.77332 ], [ 74.87418, 13.77446 ], [ 74.87288, 13.77654 ], [ 74.87524, 13.77656 ], [ 74.86961, 13.78311 ], [ 74.86845, 13.78715 ], [ 74.87846, 13.7872 ], [ 74.88344, 13.78845 ], [ 74.87918, 13.79263 ], [ 74.87563, 13.79109 ], [ 74.87457, 13.79288 ], [ 74.87263, 13.79215 ], [ 74.865, 13.78335 ], [ 74.86069, 13.78048 ], [ 74.86248, 13.77675 ], [ 74.85977, 13.77482 ], [ 74.86243, 13.77284 ], [ 74.86362, 13.76858 ], [ 74.86639, 13.76709 ], [ 74.86983, 13.7688 ] ], [ [ 74.81823, 13.75324 ], [ 74.8179, 13.75579 ], [ 74.81958, 13.75753 ], [ 74.82159, 13.75787 ], [ 74.82598, 13.75541 ], [ 74.82788, 13.75835 ], [ 74.82474, 13.75903 ], [ 74.82105, 13.76153 ], [ 74.82065, 13.76407 ], [ 74.81327, 13.76563 ], [ 74.81225, 13.76769 ], [ 74.81389, 13.77177 ], [ 74.81765, 13.77345 ], [ 74.81483, 13.77538 ], [ 74.81689, 13.77845 ], [ 74.81589, 13.78046 ], [ 74.81358, 13.78053 ], [ 74.80675, 13.77738 ], [ 74.80693, 13.77369 ], [ 74.8048, 13.77066 ], [ 74.80545, 13.7677 ], [ 74.80471, 13.76484 ], [ 74.80304, 13.76344 ], [ 74.79865, 13.76337 ], [ 74.79861, 13.76082 ], [ 74.79575, 13.7574 ], [ 74.79418, 13.75883 ], [ 74.79572, 13.76067 ], [ 74.79382, 13.76454 ], [ 74.7959, 13.7675 ], [ 74.79218, 13.7677 ], [ 74.79025, 13.76886 ], [ 74.79051, 13.77316 ], [ 74.78642, 13.77402 ], [ 74.78396, 13.77767 ], [ 74.77878, 13.76729 ], [ 74.77438, 13.76706 ], [ 74.77205, 13.76111 ], [ 74.76746, 13.75899 ], [ 74.76534, 13.75938 ], [ 74.76443, 13.75678 ], [ 74.76207, 13.75694 ], [ 74.76109, 13.74868 ], [ 74.7966, 13.74865 ], [ 74.7985, 13.74938 ], [ 74.80024, 13.75235 ], [ 74.80371, 13.75559 ], [ 74.80556, 13.75395 ], [ 74.8082, 13.75342 ], [ 74.81169, 13.74868 ], [ 74.81487, 13.74724 ], [ 74.81823, 13.75324 ] ] ] } },
{ "type": "Feature", "properties": { "newname": null }, "geometry": { "type": "Polygon", "coordinates": [ [ [ 74.79088, 13.85462 ], [ 74.79131, 13.85223 ], [ 74.78981, 13.85016 ], [ 74.78204, 13.84795 ], [ 74.77938, 13.84849 ], [ 74.78252, 13.85519 ], [ 74.78648, 13.85619 ], [ 74.79088, 13.85462 ] ] ] } },
{ "type": "Feature", "properties": { "newname": null }, "geometry": { "type": "Polygon", "coordinates": [ [ [ 74.76994, 13.8687 ], [ 74.76718, 13.87141 ], [ 74.77155, 13.8707 ], [ 74.76994, 13.8687 ] ] ] } },
{ "type": "Feature", "properties": { "newname": null }, "geometry": { "type": "Polygon", "coordinates": [ [ [ 74.75684, 13.88528 ], [ 74.75436, 13.88649 ], [ 74.75439, 13.8896 ], [ 74.75667, 13.89029 ], [ 74.75793, 13.88809 ], [ 74.75684, 13.88528 ] ] ] } },
{ "type": "Feature", "properties": { "newname": null }, "geometry": { "type": "Polygon", "coordinates": [ [ [ 74.77873, 13.88176 ], [ 74.7769, 13.88051 ], [ 74.77484, 13.88112 ], [ 74.77399, 13.88311 ], [ 74.77555, 13.88448 ], [ 74.77838, 13.88414 ], [ 74.77873, 13.88176 ] ] ] } },
{ "type": "Feature", "properties": { "newname": null }, "geometry": { "type": "Polygon", "coordinates": [ [ [ 74.75861, 14.1848 ], [ 74.76189, 14.18161 ], [ 74.76103, 14.18578 ], [ 74.76192, 14.188 ], [ 74.76556, 14.18926 ], [ 74.76771, 14.18848 ], [ 74.76889, 14.19045 ], [ 74.77112, 14.18671 ], [ 74.77356, 14.18792 ], [ 74.77561, 14.18439 ], [ 74.77318, 14.18267 ], [ 74.77448, 14.17886 ], [ 74.77656, 14.17928 ], [ 74.77863, 14.17783 ], [ 74.77824, 14.17543 ], [ 74.78065, 14.17548 ], [ 74.78056, 14.17228 ], [ 74.78283, 14.17176 ], [ 74.78337, 14.16965 ], [ 74.78235, 14.16708 ], [ 74.78547, 14.1677 ], [ 74.78677, 14.17016 ], [ 74.78698, 14.17345 ], [ 74.78954, 14.17325 ], [ 74.78983, 14.16839 ], [ 74.79283, 14.16859 ], [ 74.79581, 14.16163 ], [ 74.80672, 14.16533 ], [ 74.80999, 14.17 ], [ 74.81394, 14.17336 ], [ 74.81687, 14.17381 ], [ 74.81706, 14.16863 ], [ 74.82024, 14.16868 ], [ 74.82175, 14.16604 ], [ 74.82472, 14.16664 ], [ 74.83015, 14.17058 ], [ 74.83224, 14.17018 ], [ 74.8344, 14.1675 ], [ 74.83881, 14.16873 ], [ 74.84078, 14.17085 ], [ 74.84306, 14.17576 ], [ 74.84475, 14.17347 ], [ 74.85115, 14.17583 ], [ 74.855, 14.18267 ], [ 74.85674, 14.18068 ], [ 74.86035, 14.18606 ], [ 74.86715, 14.18527 ], [ 74.86939, 14.18334 ], [ 74.86861, 14.18071 ], [ 74.86651, 14.18064 ], [ 74.8649, 14.17931 ], [ 74.86537, 14.17682 ], [ 74.86812, 14.17789 ], [ 74.86936, 14.17446 ], [ 74.87179, 14.17605 ], [ 74.87392, 14.176 ], [ 74.87351, 14.17345 ], [ 74.87943, 14.17209 ], [ 74.87991, 14.17481 ], [ 74.88223, 14.17415 ], [ 74.88473, 14.17508 ], [ 74.88483, 14.17708 ], [ 74.88786, 14.17725 ], [ 74.88875, 14.17213 ], [ 74.8874, 14.16964 ], [ 74.88713, 14.16552 ], [ 74.88805, 14.16005 ], [ 74.88548, 14.15992 ], [ 74.88532, 14.1548 ], [ 74.89077, 14.15758 ], [ 74.89091, 14.15497 ], [ 74.89337, 14.15592 ], [ 74.89481, 14.15117 ], [ 74.8971, 14.15024 ], [ 74.89954, 14.15139 ], [ 74.90582, 14.15133 ], [ 74.90872, 14.1527 ], [ 74.90928, 14.15006 ], [ 74.91186, 14.1497 ], [ 74.913, 14.14661 ], [ 74.90987, 14.14541 ], [ 74.9118, 14.14384 ], [ 74.91619, 14.1455 ], [ 74.91723, 14.14361 ], [ 74.91624, 14.14133 ], [ 74.92091, 14.14154 ], [ 74.91928, 14.13927 ], [ 74.9212, 14.13819 ], [ 74.92329, 14.13915 ], [ 74.9254, 14.13777 ], [ 74.92035, 14.13572 ], [ 74.91664, 14.13213 ], [ 74.917, 14.13008 ], [ 74.91858, 14.12798 ], [ 74.925, 14.12661 ], [ 74.92847, 14.12792 ], [ 74.93266, 14.12786 ], [ 74.93398, 14.13146 ], [ 74.93755, 14.13189 ], [ 74.9375, 14.12929 ], [ 74.93285, 14.12396 ], [ 74.93461, 14.12258 ], [ 74.93924, 14.12127 ], [ 74.94054, 14.1234 ], [ 74.94234, 14.12135 ], [ 74.94694, 14.12597 ], [ 74.94781, 14.12365 ], [ 74.95025, 14.12343 ], [ 74.9548, 14.1249 ], [ 74.95805, 14.12407 ], [ 74.95656, 14.12217 ], [ 74.95562, 14.11764 ], [ 74.9576, 14.11518 ], [ 74.95643, 14.11104 ], [ 74.95764, 14.10921 ], [ 74.96148, 14.10884 ], [ 74.96352, 14.10279 ], [ 74.96557, 14.10233 ], [ 74.96575, 14.10001 ], [ 74.96407, 14.09783 ], [ 74.96528, 14.09589 ], [ 74.96523, 14.09327 ], [ 74.97784, 14.08794 ], [ 74.98586, 14.08802 ], [ 74.98898, 14.08566 ], [ 74.99139, 14.08145 ], [ 74.98694, 14.0814 ], [ 74.98032, 14.07842 ], [ 74.97501, 14.06303 ], [ 74.96014, 14.06601 ], [ 74.9573, 14.06591 ], [ 74.95299, 14.0635 ], [ 74.94572, 14.06565 ], [ 74.94364, 14.06541 ], [ 74.93588, 14.06702 ], [ 74.93076, 14.06192 ], [ 74.93027, 14.05907 ], [ 74.92509, 14.04879 ], [ 74.92567, 14.04533 ], [ 74.91556, 14.03525 ], [ 74.91548, 14.03311 ], [ 74.91659, 14.03123 ], [ 74.91136, 14.02606 ], [ 74.91048, 14.02052 ], [ 74.90068, 14.01763 ], [ 74.88644, 14.0119 ], [ 74.88381, 14.01213 ], [ 74.88142, 14.00984 ], [ 74.87449, 14.0108 ], [ 74.86996, 14.01676 ], [ 74.86593, 14.02034 ], [ 74.86414, 14.0242 ], [ 74.85987, 14.02893 ], [ 74.85658, 14.0303 ], [ 74.85371, 14.03269 ], [ 74.85072, 14.03878 ], [ 74.85127, 14.04874 ], [ 74.8481, 14.05605 ], [ 74.84594, 14.05763 ], [ 74.8457, 14.06109 ], [ 74.84682, 14.06276 ], [ 74.84538, 14.06506 ], [ 74.84446, 14.06949 ], [ 74.83942, 14.07642 ], [ 74.83765, 14.07539 ], [ 74.8399, 14.07199 ], [ 74.83698, 14.06935 ], [ 74.8362, 14.0675 ], [ 74.83327, 14.06602 ], [ 74.8271, 14.06669 ], [ 74.82044, 14.06278 ], [ 74.81801, 14.06401 ], [ 74.81722, 14.06587 ], [ 74.81496, 14.06654 ], [ 74.81371, 14.06409 ], [ 74.81117, 14.06692 ], [ 74.80788, 14.06689 ], [ 74.80854, 14.06998 ], [ 74.8052, 14.0724 ], [ 74.808, 14.07662 ], [ 74.80483, 14.07627 ], [ 74.80222, 14.07817 ], [ 74.80096, 14.08056 ], [ 74.80201, 14.0855 ], [ 74.7997, 14.08808 ], [ 74.79618, 14.08603 ], [ 74.79527, 14.08913 ], [ 74.79726, 14.09088 ], [ 74.79659, 14.09284 ], [ 74.79711, 14.09507 ], [ 74.79903, 14.09799 ], [ 74.79829, 14.10094 ], [ 74.80061, 14.10655 ], [ 74.79661, 14.10626 ], [ 74.79473, 14.10089 ], [ 74.79214, 14.0991 ], [ 74.78813, 14.09914 ], [ 74.7836, 14.09768 ], [ 74.78006, 14.10153 ], [ 74.77917, 14.10614 ], [ 74.77629, 14.11073 ], [ 74.76944, 14.11238 ], [ 74.76501, 14.11124 ], [ 74.76273, 14.108 ], [ 74.75983, 14.10743 ], [ 74.75885, 14.10509 ], [ 74.75698, 14.10402 ], [ 74.75401, 14.10468 ], [ 74.75188, 14.10357 ], [ 74.74923, 14.09848 ], [ 74.74838, 14.08928 ], [ 74.74416, 14.0834 ], [ 74.74034, 14.08147 ], [ 74.73867, 14.07773 ], [ 74.7364, 14.07685 ], [ 74.73581, 14.07418 ], [ 74.74149, 14.06899 ], [ 74.73911, 14.06809 ], [ 74.74073, 14.0643 ], [ 74.74365, 14.06246 ], [ 74.7407, 14.05909 ], [ 74.7354, 14.05683 ], [ 74.72804, 14.04664 ], [ 74.72401, 14.04312 ], [ 74.71084, 14.03437 ], [ 74.70093, 14.03211 ], [ 74.69332, 14.02021 ], [ 74.68807, 14.00904 ], [ 74.67889, 14.00423 ], [ 74.67967, 14.00223 ], [ 74.68405, 13.99999 ], [ 74.69201, 13.99014 ], [ 74.69658, 13.99185 ], [ 74.71868, 13.98396 ], [ 74.72107, 13.98382 ], [ 74.72858, 13.96512 ], [ 74.70118, 13.96261 ], [ 74.70444, 13.95507 ], [ 74.71791, 13.95257 ], [ 74.72785, 13.95459 ], [ 74.73215, 13.9436 ], [ 74.72984, 13.94049 ], [ 74.72933, 13.93285 ], [ 74.75858, 13.92018 ], [ 74.76168, 13.93022 ], [ 74.77203, 13.92492 ], [ 74.77429, 13.91336 ], [ 74.76422, 13.91248 ], [ 74.76315, 13.91425 ], [ 74.75653, 13.90964 ], [ 74.75547, 13.90732 ], [ 74.74435, 13.91331 ], [ 74.73689, 13.91235 ], [ 74.73422, 13.91172 ], [ 74.73292, 13.91015 ], [ 74.72431, 13.90565 ], [ 74.71287, 13.90333 ], [ 74.71454, 13.91401 ], [ 74.71069, 13.91814 ], [ 74.7087, 13.92435 ], [ 74.70501, 13.9242 ], [ 74.69809, 13.92546 ], [ 74.69523, 13.92702 ], [ 74.69157, 13.93089 ], [ 74.69266, 13.93381 ], [ 74.6951, 13.9349 ], [ 74.69775, 13.93499 ], [ 74.69979, 13.93692 ], [ 74.70125, 13.9432 ], [ 74.69936, 13.9484 ], [ 74.69582, 13.95185 ], [ 74.68745, 13.95511 ], [ 74.68301, 13.9633 ], [ 74.67501, 13.96775 ], [ 74.67281, 13.97225 ], [ 74.66547, 13.97994 ], [ 74.66613, 13.98192 ], [ 74.66444, 13.99134 ], [ 74.67085, 14.00564 ], [ 74.67002, 14.00812 ], [ 74.67844, 14.03362 ], [ 74.65593, 14.03792 ], [ 74.65475, 14.04223 ], [ 74.65806, 14.05172 ], [ 74.66121, 14.05636 ], [ 74.65952, 14.06209 ], [ 74.6567, 14.06878 ], [ 74.65321, 14.07424 ], [ 74.63805, 14.09305 ], [ 74.65595, 14.11174 ], [ 74.64798, 14.1127 ], [ 74.64658, 14.11615 ], [ 74.6435, 14.13479 ], [ 74.64513, 14.14044 ], [ 74.62946, 14.14287 ], [ 74.6258, 14.16111 ], [ 74.65121, 14.16899 ], [ 74.66582, 14.18305 ], [ 74.69103, 14.16485 ], [ 74.69792, 14.17162 ], [ 74.70845, 14.16843 ], [ 74.72395, 14.15116 ], [ 74.74338, 14.14795 ], [ 74.74831, 14.14166 ], [ 74.75009, 14.17066 ], [ 74.74516, 14.17172 ], [ 74.74119, 14.17402 ], [ 74.7467, 14.18023 ], [ 74.74681, 14.18518 ], [ 74.74983, 14.18972 ], [ 74.75204, 14.19135 ], [ 74.75497, 14.192 ], [ 74.75669, 14.19094 ], [ 74.75861, 14.1848 ] ] ] } },
{ "type": "Feature", "properties": { "newname": null }, "geometry": { "type": "Polygon", "coordinates": [ [ [ 74.90267, 14.15455 ], [ 74.89954, 14.15139 ], [ 74.89871, 14.15401 ], [ 74.89926, 14.15666 ], [ 74.90153, 14.15658 ], [ 74.90267, 14.15455 ] ] ] } },
{ "type": "Feature", "properties": { "newname": null }, "geometry": { "type": "Polygon", "coordinates": [ [ [ 75.07885, 13.87007 ], [ 75.12951, 13.84541 ], [ 75.14842, 13.82909 ], [ 75.1564, 13.82788 ], [ 75.16024, 13.82904 ], [ 75.17448, 13.84048 ], [ 75.17939, 13.84274 ], [ 75.22497, 13.84574 ], [ 75.23508, 13.84893 ], [ 75.2356, 13.84499 ], [ 75.23505, 13.84279 ], [ 75.23265, 13.83972 ], [ 75.22597, 13.83509 ], [ 75.22508, 13.83318 ], [ 75.22736, 13.83012 ], [ 75.23283, 13.82591 ], [ 75.23647, 13.82075 ], [ 75.22911, 13.81871 ], [ 75.18822, 13.81628 ], [ 75.17293, 13.80451 ], [ 75.16081, 13.80073 ], [ 75.15538, 13.80047 ], [ 75.13915, 13.80297 ], [ 75.13573, 13.80417 ], [ 75.11516, 13.82197 ], [ 75.07053, 13.84369 ], [ 75.01078, 13.83365 ], [ 74.98718, 13.81491 ], [ 74.94866, 13.79433 ], [ 74.9421, 13.7924 ], [ 74.94728, 13.78338 ], [ 74.94962, 13.7661 ], [ 74.94919, 13.75985 ], [ 74.95182, 13.75612 ], [ 74.97118, 13.75333 ], [ 74.9755, 13.75197 ], [ 74.9924, 13.7378 ], [ 74.99564, 13.73353 ], [ 74.99689, 13.72927 ], [ 74.99833, 13.71375 ], [ 74.99613, 13.70343 ], [ 74.9968, 13.68574 ], [ 74.99542, 13.68151 ], [ 74.98525, 13.66244 ], [ 74.99058, 13.64935 ], [ 75.01074, 13.63679 ], [ 75.01892, 13.62467 ], [ 75.02045, 13.6205 ], [ 75.02034, 13.60365 ], [ 75.01806, 13.59723 ], [ 75.01389, 13.59881 ], [ 75.01171, 13.59621 ], [ 75.00654, 13.59585 ], [ 75.0007, 13.59345 ], [ 74.99914, 13.59179 ], [ 74.99132, 13.59112 ], [ 74.99081, 13.59213 ], [ 74.98442, 13.58969 ], [ 74.98117, 13.59177 ], [ 74.99266, 13.60913 ], [ 74.99276, 13.61423 ], [ 74.99073, 13.61736 ], [ 74.97145, 13.62891 ], [ 74.96819, 13.63199 ], [ 74.95614, 13.66164 ], [ 74.95719, 13.66861 ], [ 74.96893, 13.69072 ], [ 74.9682, 13.70491 ], [ 74.97033, 13.71494 ], [ 74.96972, 13.7211 ], [ 74.96298, 13.72699 ], [ 74.94088, 13.7302 ], [ 74.93666, 13.73183 ], [ 74.93263, 13.73539 ], [ 74.92229, 13.75032 ], [ 74.92096, 13.75547 ], [ 74.92162, 13.76575 ], [ 74.92307, 13.765 ], [ 74.92621, 13.76572 ], [ 74.92973, 13.76229 ], [ 74.9311, 13.76597 ], [ 74.9286, 13.76696 ], [ 74.92817, 13.76904 ], [ 74.92993, 13.77009 ], [ 74.93209, 13.77626 ], [ 74.93211, 13.77854 ], [ 74.93068, 13.7801 ], [ 74.93063, 13.78218 ], [ 74.93388, 13.78554 ], [ 74.93359, 13.78833 ], [ 74.93232, 13.79016 ], [ 74.92519, 13.79425 ], [ 74.92593, 13.80176 ], [ 74.92413, 13.80754 ], [ 74.92415, 13.81053 ], [ 74.92285, 13.81376 ], [ 74.91879, 13.81766 ], [ 74.91664, 13.82418 ], [ 74.92435, 13.81662 ], [ 74.93713, 13.81921 ], [ 74.97181, 13.8377 ], [ 74.99599, 13.85702 ], [ 74.99968, 13.85914 ], [ 75.07378, 13.87145 ], [ 75.07885, 13.87007 ] ] ] } },
{ "type": "Feature", "properties": { "newname": null }, "geometry": { "type": "Polygon", "coordinates": [ [ [ 75.24253, 13.81758 ], [ 75.24411, 13.82117 ], [ 75.24596, 13.81944 ], [ 75.24253, 13.81758 ] ] ] } },
{ "type": "Feature", "properties": { "newname": null }, "geometry": { "type": "Polygon", "coordinates": [ [ [ 75.24357, 13.82482 ], [ 75.25173, 13.82804 ], [ 75.24411, 13.82117 ], [ 75.24357, 13.82482 ] ] ] } },
{ "type": "Feature", "properties": { "newname": null }, "geometry": { "type": "Polygon", "coordinates": [ [ [ 75.38616, 13.81938 ], [ 75.38755, 13.82152 ], [ 75.3894, 13.81777 ], [ 75.38616, 13.81938 ] ] ] } },
{ "type": "Feature", "properties": { "newname": null }, "geometry": { "type": "Polygon", "coordinates": [ [ [ 75.38415, 13.81884 ], [ 75.38216, 13.8177 ], [ 75.37968, 13.81803 ], [ 75.37993, 13.82139 ], [ 75.38415, 13.81884 ] ] ] } },
{ "type": "Feature", "properties": { "newname": null }, "geometry": { "type": "Polygon", "coordinates": [ [ [ 75.31203, 13.82355 ], [ 75.31335, 13.82543 ], [ 75.31464, 13.82305 ], [ 75.31203, 13.82355 ] ] ] } },
{ "type": "Feature", "properties": { "newname": null }, "geometry": { "type": "Polygon", "coordinates": [ [ [ 75.29539, 13.81983 ], [ 75.29308, 13.81944 ], [ 75.29418, 13.82296 ], [ 75.29826, 13.82275 ], [ 75.29539, 13.81983 ] ] ] } },
{ "type": "Feature", "properties": { "newname": null }, "geometry": { "type": "Polygon", "coordinates": [ [ [ 75.29311, 13.81311 ], [ 75.2878, 13.81609 ], [ 75.29308, 13.81944 ], [ 75.29311, 13.81311 ] ] ] } },
{ "type": "Feature", "properties": { "newname": null }, "geometry": { "type": "Polygon", "coordinates": [ [ [ 75.28341, 13.83009 ], [ 75.28488, 13.83497 ], [ 75.28771, 13.83353 ], [ 75.28341, 13.83009 ] ] ] } },
{ "type": "Feature", "properties": { "newname": null }, "geometry": { "type": "Polygon", "coordinates": [ [ [ 75.301, 13.83902 ], [ 75.30348, 13.83906 ], [ 75.30099, 13.83535 ], [ 75.301, 13.83902 ] ] ] } },
{ "type": "Feature", "properties": { "newname": null }, "geometry": { "type": "Polygon", "coordinates": [ [ [ 75.29297, 13.84733 ], [ 75.29548, 13.84891 ], [ 75.29605, 13.84662 ], [ 75.29297, 13.84733 ] ] ] } },
{ "type": "Feature", "properties": { "newname": null }, "geometry": { "type": "Polygon", "coordinates": [ [ [ 75.29055, 13.85025 ], [ 75.29445, 13.85137 ], [ 75.29548, 13.84891 ], [ 75.29055, 13.85025 ] ] ] } },
{ "type": "Feature", "properties": { "newname": null }, "geometry": { "type": "Polygon", "coordinates": [ [ [ 75.28941, 13.84315 ], [ 75.287, 13.84151 ], [ 75.2857, 13.8436 ], [ 75.28172, 13.8448 ], [ 75.28407, 13.84653 ], [ 75.28656, 13.8463 ], [ 75.28941, 13.84315 ] ] ] } },
{ "type": "Feature", "properties": { "newname": null }, "geometry": { "type": "Polygon", "coordinates": [ [ [ 75.28583, 13.8535 ], [ 75.28657, 13.85586 ], [ 75.28922, 13.85645 ], [ 75.28864, 13.85384 ], [ 75.28583, 13.8535 ] ] ] } },
{ "type": "Feature", "properties": { "newname": null }, "geometry": { "type": "Polygon", "coordinates": [ [ [ 75.29477, 13.87234 ], [ 75.29156, 13.87308 ], [ 75.29478, 13.87951 ], [ 75.29603, 13.87715 ], [ 75.29477, 13.87234 ] ] ] } },
{ "type": "Feature", "properties": { "newname": null }, "geometry": { "type": "Polygon", "coordinates": [ [ [ 75.30251, 13.86799 ], [ 75.30027, 13.86665 ], [ 75.29641, 13.86194 ], [ 75.29395, 13.86127 ], [ 75.29005, 13.86803 ], [ 75.29419, 13.86771 ], [ 75.29477, 13.87234 ], [ 75.2973, 13.87222 ], [ 75.30251, 13.86799 ] ] ] } },
{ "type": "Feature", "properties": { "newname": null }, "geometry": { "type": "Polygon", "coordinates": [ [ [ 75.30618, 13.85733 ], [ 75.30577, 13.86124 ], [ 75.30833, 13.85889 ], [ 75.30618, 13.85733 ] ] ] } },
{ "type": "Feature", "properties": { "newname": null }, "geometry": { "type": "Polygon", "coordinates": [ [ [ 75.31416, 13.86757 ], [ 75.3136, 13.86534 ], [ 75.31184, 13.8635 ], [ 75.30937, 13.8651 ], [ 75.30997, 13.86807 ], [ 75.31416, 13.86757 ] ] ] } },
{ "type": "Feature", "properties": { "newname": null }, "geometry": { "type": "Polygon", "coordinates": [ [ [ 75.36127, 13.8477 ], [ 75.3635, 13.84637 ], [ 75.36111, 13.84502 ], [ 75.359, 13.84647 ], [ 75.35709, 13.84415 ], [ 75.35512, 13.84647 ], [ 75.35565, 13.85246 ], [ 75.35804, 13.85162 ], [ 75.3605, 13.853 ], [ 75.3619, 13.85069 ], [ 75.36127, 13.8477 ] ] ] } },
{ "type": "Feature", "properties": { "newname": null }, "geometry": { "type": "Polygon", "coordinates": [ [ [ 75.36516, 13.86532 ], [ 75.3644, 13.86773 ], [ 75.36598, 13.8696 ], [ 75.36671, 13.86706 ], [ 75.36516, 13.86532 ] ] ] } },
{ "type": "Feature", "properties": { "newname": null }, "geometry": { "type": "Polygon", "coordinates": [ [ [ 75.23727, 13.84661 ], [ 75.23489, 13.84771 ], [ 75.23547, 13.8516 ], [ 75.23934, 13.85868 ], [ 75.23919, 13.86247 ], [ 75.23523, 13.87137 ], [ 75.23682, 13.88639 ], [ 75.24019, 13.89215 ], [ 75.24095, 13.90267 ], [ 75.24204, 13.90522 ], [ 75.24368, 13.90722 ], [ 75.24963, 13.91082 ], [ 75.25569, 13.916 ], [ 75.26085, 13.92875 ], [ 75.26302, 13.92905 ], [ 75.26765, 13.93206 ], [ 75.26973, 13.93475 ], [ 75.27227, 13.941 ], [ 75.27232, 13.94411 ], [ 75.26933, 13.95096 ], [ 75.27193, 13.9511 ], [ 75.2737, 13.95356 ], [ 75.27271, 13.96568 ], [ 75.26921, 13.9699 ], [ 75.27222, 13.9741 ], [ 75.27149, 13.97608 ], [ 75.27206, 13.97849 ], [ 75.27077, 13.98671 ], [ 75.26802, 13.98909 ], [ 75.26928, 13.99602 ], [ 75.27141, 13.9991 ], [ 75.27166, 14.00113 ], [ 75.28341, 14.00048 ], [ 75.28668, 13.99502 ], [ 75.28812, 13.99663 ], [ 75.28842, 14.00045 ], [ 75.29716, 13.99767 ], [ 75.29936, 13.99823 ], [ 75.30138, 13.99698 ], [ 75.29893, 13.99555 ], [ 75.30048, 13.99265 ], [ 75.30273, 13.99272 ], [ 75.3027, 13.99059 ], [ 75.29857, 13.98807 ], [ 75.30577, 13.98552 ], [ 75.30927, 13.99108 ], [ 75.31089, 13.98963 ], [ 75.3144, 13.99248 ], [ 75.31683, 13.99275 ], [ 75.31758, 13.99553 ], [ 75.3121, 13.99588 ], [ 75.31058, 13.99372 ], [ 75.30856, 13.99347 ], [ 75.30698, 13.99602 ], [ 75.30404, 13.99725 ], [ 75.30314, 14.0004 ], [ 75.30855, 13.99842 ], [ 75.31882, 13.99919 ], [ 75.32111, 13.99824 ], [ 75.32467, 13.99995 ], [ 75.32862, 14.00346 ], [ 75.33714, 14.00883 ], [ 75.33984, 14.00816 ], [ 75.34298, 14.0088 ], [ 75.34712, 14.00834 ], [ 75.34914, 14.00865 ], [ 75.35149, 14.0103 ], [ 75.35479, 14.01036 ], [ 75.35223, 14.00439 ], [ 75.35455, 14.00362 ], [ 75.35456, 14.00071 ], [ 75.35216, 14.00055 ], [ 75.35227, 13.99525 ], [ 75.35552, 13.99589 ], [ 75.3582, 13.99875 ], [ 75.36221, 13.99547 ], [ 75.36522, 13.99441 ], [ 75.377, 13.99637 ], [ 75.37972, 13.99293 ], [ 75.38045, 13.98878 ], [ 75.38283, 13.98899 ], [ 75.38489, 13.99061 ], [ 75.38696, 13.99063 ], [ 75.3906, 13.98836 ], [ 75.39161, 13.99052 ], [ 75.39159, 13.9928 ], [ 75.3951, 13.99324 ], [ 75.39234, 13.99801 ], [ 75.39273, 14.00177 ], [ 75.4043, 14.00236 ], [ 75.40798, 13.9923 ], [ 75.39764, 13.97983 ], [ 75.38829, 13.98327 ], [ 75.3849, 13.98046 ], [ 75.38312, 13.98152 ], [ 75.3729, 13.97706 ], [ 75.37708, 13.97361 ], [ 75.37811, 13.97137 ], [ 75.37574, 13.9703 ], [ 75.374, 13.96603 ], [ 75.37392, 13.96391 ], [ 75.3764, 13.96451 ], [ 75.38106, 13.96223 ], [ 75.38065, 13.95836 ], [ 75.37895, 13.95696 ], [ 75.3772, 13.95246 ], [ 75.37878, 13.95066 ], [ 75.38137, 13.95022 ], [ 75.38078, 13.94805 ], [ 75.38483, 13.94844 ], [ 75.38603, 13.94649 ], [ 75.39021, 13.94795 ], [ 75.39269, 13.9478 ], [ 75.39511, 13.9457 ], [ 75.39655, 13.94736 ], [ 75.39514, 13.94931 ], [ 75.39936, 13.95273 ], [ 75.39691, 13.95419 ], [ 75.39413, 13.95831 ], [ 75.39215, 13.9575 ], [ 75.38969, 13.95821 ], [ 75.38853, 13.96009 ], [ 75.39227, 13.96214 ], [ 75.39225, 13.9647 ], [ 75.39541, 13.96544 ], [ 75.39832, 13.96354 ], [ 75.40072, 13.96411 ], [ 75.4034, 13.96305 ], [ 75.40289, 13.96063 ], [ 75.40372, 13.95476 ], [ 75.40543, 13.95224 ], [ 75.40817, 13.95051 ], [ 75.41078, 13.95377 ], [ 75.41419, 13.95394 ], [ 75.41628, 13.9534 ], [ 75.42151, 13.94911 ], [ 75.42344, 13.95259 ], [ 75.42561, 13.9536 ], [ 75.42857, 13.95014 ], [ 75.43089, 13.95004 ], [ 75.43341, 13.95101 ], [ 75.43475, 13.95278 ], [ 75.43689, 13.95306 ], [ 75.43822, 13.95567 ], [ 75.44104, 13.95676 ], [ 75.44071, 13.95964 ], [ 75.44195, 13.96608 ], [ 75.4458, 13.97065 ], [ 75.44784, 13.97597 ], [ 75.4519, 13.97598 ], [ 75.45737, 13.98052 ], [ 75.45646, 13.98286 ], [ 75.45984, 13.98592 ], [ 75.45734, 13.98814 ], [ 75.461, 13.99498 ], [ 75.46301, 13.99611 ], [ 75.47118, 13.99264 ], [ 75.49394, 13.97359 ], [ 75.50079, 13.96916 ], [ 75.50084, 13.96574 ], [ 75.50338, 13.96324 ], [ 75.50297, 13.95801 ], [ 75.50072, 13.95769 ], [ 75.49883, 13.95446 ], [ 75.49813, 13.95238 ], [ 75.49867, 13.94956 ], [ 75.51774, 13.95104 ], [ 75.52086, 13.94697 ], [ 75.5259, 13.94899 ], [ 75.52806, 13.94896 ], [ 75.52882, 13.94605 ], [ 75.53136, 13.94631 ], [ 75.53322, 13.94538 ], [ 75.53389, 13.9403 ], [ 75.53011, 13.9415 ], [ 75.53029, 13.93645 ], [ 75.52779, 13.93582 ], [ 75.52682, 13.94232 ], [ 75.52188, 13.94188 ], [ 75.51866, 13.93864 ], [ 75.51997, 13.9368 ], [ 75.52244, 13.9378 ], [ 75.52244, 13.93524 ], [ 75.5247, 13.93415 ], [ 75.52585, 13.93161 ], [ 75.52178, 13.93077 ], [ 75.51944, 13.93147 ], [ 75.51801, 13.92972 ], [ 75.52196, 13.9267 ], [ 75.5219, 13.91964 ], [ 75.5258, 13.9173 ], [ 75.52814, 13.91702 ], [ 75.52753, 13.91384 ], [ 75.51947, 13.91335 ], [ 75.51141, 13.90835 ], [ 75.5158, 13.90596 ], [ 75.51969, 13.90584 ], [ 75.51823, 13.90284 ], [ 75.51608, 13.90218 ], [ 75.51558, 13.89877 ], [ 75.51039, 13.8945 ], [ 75.50777, 13.89093 ], [ 75.50571, 13.89204 ], [ 75.5022, 13.88896 ], [ 75.50093, 13.88466 ], [ 75.50694, 13.88415 ], [ 75.50874, 13.88239 ], [ 75.51315, 13.88688 ], [ 75.51698, 13.88645 ], [ 75.51888, 13.88421 ], [ 75.52219, 13.88356 ], [ 75.5251, 13.88413 ], [ 75.52722, 13.88037 ], [ 75.52436, 13.87894 ], [ 75.52271, 13.87675 ], [ 75.52592, 13.87591 ], [ 75.52857, 13.87416 ], [ 75.52879, 13.87034 ], [ 75.53388, 13.86578 ], [ 75.53153, 13.86177 ], [ 75.53417, 13.85836 ], [ 75.53719, 13.85748 ], [ 75.53843, 13.85356 ], [ 75.53311, 13.85298 ], [ 75.5207, 13.85656 ], [ 75.52383, 13.84497 ], [ 75.52126, 13.84401 ], [ 75.51885, 13.84527 ], [ 75.51289, 13.84444 ], [ 75.5095, 13.83399 ], [ 75.51038, 13.82397 ], [ 75.51511, 13.82199 ], [ 75.51517, 13.818 ], [ 75.50914, 13.81533 ], [ 75.5043, 13.8109 ], [ 75.50156, 13.80059 ], [ 75.49766, 13.7977 ], [ 75.49359, 13.79989 ], [ 75.49174, 13.79876 ], [ 75.49121, 13.79668 ], [ 75.48714, 13.79127 ], [ 75.48281, 13.79024 ], [ 75.47665, 13.78668 ], [ 75.47388, 13.77718 ], [ 75.4757, 13.77119 ], [ 75.47565, 13.7617 ], [ 75.47071, 13.75842 ], [ 75.46987, 13.75363 ], [ 75.46758, 13.74996 ], [ 75.46106, 13.74274 ], [ 75.45891, 13.73489 ], [ 75.45934, 13.73264 ], [ 75.45782, 13.72815 ], [ 75.45475, 13.72422 ], [ 75.44918, 13.7232 ], [ 75.44402, 13.7234 ], [ 75.4377, 13.71996 ], [ 75.43134, 13.71798 ], [ 75.42889, 13.72346 ], [ 75.42801, 13.72754 ], [ 75.43113, 13.72618 ], [ 75.44847, 13.72921 ], [ 75.43538, 13.7326 ], [ 75.43339, 13.73176 ], [ 75.42284, 13.73239 ], [ 75.42139, 13.74714 ], [ 75.42203, 13.75008 ], [ 75.4239, 13.75288 ], [ 75.42231, 13.76764 ], [ 75.42379, 13.78246 ], [ 75.42052, 13.79166 ], [ 75.42517, 13.79208 ], [ 75.42776, 13.80144 ], [ 75.42651, 13.81138 ], [ 75.43085, 13.81557 ], [ 75.42457, 13.82266 ], [ 75.41232, 13.82626 ], [ 75.40908, 13.82825 ], [ 75.40371, 13.82857 ], [ 75.40201, 13.82684 ], [ 75.39931, 13.82771 ], [ 75.39835, 13.82155 ], [ 75.396, 13.81548 ], [ 75.39164, 13.81286 ], [ 75.39267, 13.81064 ], [ 75.39055, 13.80957 ], [ 75.38665, 13.81309 ], [ 75.3809, 13.81396 ], [ 75.37595, 13.8177 ], [ 75.37348, 13.8229 ], [ 75.36993, 13.82197 ], [ 75.36739, 13.82486 ], [ 75.36296, 13.82327 ], [ 75.35845, 13.82391 ], [ 75.35493, 13.82135 ], [ 75.35251, 13.82575 ], [ 75.35032, 13.82625 ], [ 75.34342, 13.83252 ], [ 75.34298, 13.8365 ], [ 75.34402, 13.84053 ], [ 75.33927, 13.84469 ], [ 75.34261, 13.84699 ], [ 75.34468, 13.85024 ], [ 75.34467, 13.85265 ], [ 75.34238, 13.85304 ], [ 75.33506, 13.86016 ], [ 75.32821, 13.86142 ], [ 75.3213, 13.85997 ], [ 75.31966, 13.85434 ], [ 75.31953, 13.84717 ], [ 75.32172, 13.84317 ], [ 75.3221, 13.84044 ], [ 75.32579, 13.84172 ], [ 75.3276, 13.84429 ], [ 75.33579, 13.83817 ], [ 75.32934, 13.83481 ], [ 75.32717, 13.83243 ], [ 75.32681, 13.83558 ], [ 75.32433, 13.83613 ], [ 75.32177, 13.83448 ], [ 75.32186, 13.82888 ], [ 75.32034, 13.81824 ], [ 75.31808, 13.81902 ], [ 75.31661, 13.81307 ], [ 75.31404, 13.81355 ], [ 75.30416, 13.8117 ], [ 75.29579, 13.80805 ], [ 75.29252, 13.80973 ], [ 75.28795, 13.81033 ], [ 75.28551, 13.81438 ], [ 75.2795, 13.81361 ], [ 75.27879, 13.81154 ], [ 75.27102, 13.81078 ], [ 75.27183, 13.81559 ], [ 75.26617, 13.81451 ], [ 75.26397, 13.81826 ], [ 75.26549, 13.82147 ], [ 75.26315, 13.82217 ], [ 75.26228, 13.82722 ], [ 75.26009, 13.82627 ], [ 75.25819, 13.82744 ], [ 75.25444, 13.83508 ], [ 75.25871, 13.83733 ], [ 75.25513, 13.83812 ], [ 75.25388, 13.84117 ], [ 75.25577, 13.8451 ], [ 75.25842, 13.84797 ], [ 75.2578, 13.8499 ], [ 75.26018, 13.8533 ], [ 75.25881, 13.85496 ], [ 75.25694, 13.85338 ], [ 75.25458, 13.85297 ], [ 75.25497, 13.85067 ], [ 75.25132, 13.84559 ], [ 75.24961, 13.84355 ], [ 75.24732, 13.84322 ], [ 75.24396, 13.84679 ], [ 75.23727, 13.84661 ] ], [ [ 75.24396, 13.84679 ], [ 75.24722, 13.84803 ], [ 75.24785, 13.8505 ], [ 75.24876, 13.85804 ], [ 75.24639, 13.85786 ], [ 75.24612, 13.85522 ], [ 75.24485, 13.85322 ], [ 75.24539, 13.85092 ], [ 75.24325, 13.84957 ], [ 75.24396, 13.84679 ] ], [ [ 75.28487, 13.99398 ], [ 75.28542, 13.99161 ], [ 75.28795, 13.99208 ], [ 75.28668, 13.99502 ], [ 75.28487, 13.99398 ] ], [ [ 75.29677, 13.98942 ], [ 75.29514, 13.98807 ], [ 75.29656, 13.98652 ], [ 75.29857, 13.98807 ], [ 75.29677, 13.98942 ] ], [ [ 75.34818, 13.99036 ], [ 75.34676, 13.98741 ], [ 75.34658, 13.98487 ], [ 75.34169, 13.98452 ], [ 75.3428, 13.98231 ], [ 75.34972, 13.98153 ], [ 75.35092, 13.98373 ], [ 75.35593, 13.98405 ], [ 75.3567, 13.98604 ], [ 75.3545, 13.98718 ], [ 75.35239, 13.99194 ], [ 75.35227, 13.99525 ], [ 75.34818, 13.99036 ] ], [ [ 75.44271, 13.95463 ], [ 75.4436, 13.95733 ], [ 75.44104, 13.95676 ], [ 75.44271, 13.95463 ] ], [ [ 75.25986, 13.8338 ], [ 75.26387, 13.8379 ], [ 75.26624, 13.83729 ], [ 75.26633, 13.84113 ], [ 75.2641, 13.8407 ], [ 75.25871, 13.83733 ], [ 75.25986, 13.8338 ] ], [ [ 75.31464, 13.82305 ], [ 75.31335, 13.82543 ], [ 75.31203, 13.82355 ], [ 75.31464, 13.82305 ] ], [ [ 75.34519, 13.90497 ], [ 75.34297, 13.90586 ], [ 75.34253, 13.90195 ], [ 75.34519, 13.90497 ] ], [ [ 75.30618, 13.85733 ], [ 75.30833, 13.85889 ], [ 75.30577, 13.86124 ], [ 75.30618, 13.85733 ] ], [ [ 75.30099, 13.83535 ], [ 75.30348, 13.83906 ], [ 75.301, 13.83902 ], [ 75.30099, 13.83535 ] ], [ [ 75.3894, 13.81777 ], [ 75.38755, 13.82152 ], [ 75.38616, 13.81938 ], [ 75.3894, 13.81777 ] ], [ [ 75.27592, 13.85804 ], [ 75.27849, 13.8597 ], [ 75.27625, 13.86196 ], [ 75.27592, 13.85804 ] ], [ [ 75.35181, 13.9035 ], [ 75.35215, 13.90588 ], [ 75.34764, 13.90494 ], [ 75.35181, 13.9035 ] ], [ [ 75.36516, 13.86532 ], [ 75.36671, 13.86706 ], [ 75.36598, 13.8696 ], [ 75.3644, 13.86773 ], [ 75.36516, 13.86532 ] ], [ [ 75.24248, 13.87543 ], [ 75.2398, 13.87636 ], [ 75.23977, 13.8724 ], [ 75.24248, 13.87543 ] ], [ [ 75.2887, 13.96712 ], [ 75.28566, 13.96615 ], [ 75.28764, 13.96321 ], [ 75.2887, 13.96712 ] ], [ [ 75.30505, 13.92547 ], [ 75.30405, 13.92743 ], [ 75.30173, 13.92469 ], [ 75.30425, 13.92363 ], [ 75.30505, 13.92547 ] ], [ [ 75.28583, 13.8535 ], [ 75.28864, 13.85384 ], [ 75.28922, 13.85645 ], [ 75.28657, 13.85586 ], [ 75.28583, 13.8535 ] ], [ [ 75.39736, 13.89501 ], [ 75.397, 13.89712 ], [ 75.39491, 13.89869 ], [ 75.39471, 13.89465 ], [ 75.39736, 13.89501 ] ], [ [ 75.40599, 13.85285 ], [ 75.40738, 13.85588 ], [ 75.40504, 13.85656 ], [ 75.40324, 13.8554 ], [ 75.40599, 13.85285 ] ], [ [ 75.28771, 13.83353 ], [ 75.28488, 13.83497 ], [ 75.28341, 13.83009 ], [ 75.28771, 13.83353 ] ], [ [ 75.29548, 13.84891 ], [ 75.29445, 13.85137 ], [ 75.29055, 13.85025 ], [ 75.29548, 13.84891 ] ], [ [ 75.29297, 13.84733 ], [ 75.29605, 13.84662 ], [ 75.29548, 13.84891 ], [ 75.29297, 13.84733 ] ], [ [ 75.39858, 13.88314 ], [ 75.40102, 13.88698 ], [ 75.39711, 13.88723 ], [ 75.39858, 13.88314 ] ], [ [ 75.38415, 13.81884 ], [ 75.37993, 13.82139 ], [ 75.37968, 13.81803 ], [ 75.38216, 13.8177 ], [ 75.38415, 13.81884 ] ], [ [ 75.39224, 13.91796 ], [ 75.395, 13.91708 ], [ 75.39613, 13.91886 ], [ 75.39272, 13.92151 ], [ 75.39224, 13.91796 ] ], [ [ 75.39616, 13.85326 ], [ 75.39523, 13.85142 ], [ 75.39778, 13.85038 ], [ 75.40065, 13.85134 ], [ 75.39902, 13.85319 ], [ 75.39616, 13.85326 ] ], [ [ 75.25095, 13.90221 ], [ 75.25096, 13.90442 ], [ 75.24625, 13.90284 ], [ 75.24553, 13.90046 ], [ 75.25095, 13.90221 ] ], [ [ 75.2906, 13.94332 ], [ 75.29453, 13.94384 ], [ 75.29261, 13.947 ], [ 75.28992, 13.9473 ], [ 75.2906, 13.94332 ] ], [ [ 75.31184, 13.8635 ], [ 75.3136, 13.86534 ], [ 75.31416, 13.86757 ], [ 75.30997, 13.86807 ], [ 75.30937, 13.8651 ], [ 75.31184, 13.8635 ] ], [ [ 75.29462, 13.93044 ], [ 75.29184, 13.93126 ], [ 75.29162, 13.92919 ], [ 75.29376, 13.92804 ], [ 75.29713, 13.92772 ], [ 75.2971, 13.9312 ], [ 75.29462, 13.93044 ] ], [ [ 75.28523, 13.97355 ], [ 75.28448, 13.97683 ], [ 75.28228, 13.976 ], [ 75.28523, 13.97355 ] ], [ [ 75.28854, 13.96982 ], [ 75.28998, 13.97194 ], [ 75.28938, 13.97432 ], [ 75.28523, 13.97355 ], [ 75.28854, 13.96982 ] ], [ [ 75.2857, 13.8436 ], [ 75.287, 13.84151 ], [ 75.28941, 13.84315 ], [ 75.28656, 13.8463 ], [ 75.28407, 13.84653 ], [ 75.28172, 13.8448 ], [ 75.2857, 13.8436 ] ], [ [ 75.45824, 13.77814 ], [ 75.4603, 13.77785 ], [ 75.46124, 13.78211 ], [ 75.45842, 13.78535 ], [ 75.45761, 13.78233 ], [ 75.45824, 13.77814 ] ], [ [ 75.36288, 13.91116 ], [ 75.36262, 13.90846 ], [ 75.36559, 13.90935 ], [ 75.36583, 13.91174 ], [ 75.36283, 13.91727 ], [ 75.36288, 13.91116 ] ], [ [ 75.45131, 13.82524 ], [ 75.44927, 13.82494 ], [ 75.45008, 13.82238 ], [ 75.45352, 13.8227 ], [ 75.45416, 13.82508 ], [ 75.45351, 13.82735 ], [ 75.45033, 13.82917 ], [ 75.45131, 13.82524 ] ], [ [ 75.36041, 13.90389 ], [ 75.35814, 13.90295 ], [ 75.36121, 13.89788 ], [ 75.36349, 13.90218 ], [ 75.36272, 13.90617 ], [ 75.36041, 13.90389 ] ], [ [ 75.33163, 13.97389 ], [ 75.32957, 13.97129 ], [ 75.32992, 13.96902 ], [ 75.33437, 13.97229 ], [ 75.33668, 13.97592 ], [ 75.33144, 13.97598 ], [ 75.33163, 13.97389 ] ], [ [ 75.2757, 13.83144 ], [ 75.27545, 13.83438 ], [ 75.26555, 13.83125 ], [ 75.26437, 13.82748 ], [ 75.26867, 13.82851 ], [ 75.26859, 13.8318 ], [ 75.2757, 13.83144 ] ], [ [ 75.39736, 13.90838 ], [ 75.40289, 13.90398 ], [ 75.40437, 13.90561 ], [ 75.40121, 13.90929 ], [ 75.40054, 13.91137 ], [ 75.39767, 13.91119 ], [ 75.39736, 13.90838 ] ], [ [ 75.44918, 13.80867 ], [ 75.44918, 13.81154 ], [ 75.44711, 13.81157 ], [ 75.44659, 13.80806 ], [ 75.44918, 13.80867 ] ], [ [ 75.45389, 13.81161 ], [ 75.45205, 13.81584 ], [ 75.44918, 13.81154 ], [ 75.45389, 13.81161 ] ], [ [ 75.44313, 13.8044 ], [ 75.44564, 13.8034 ], [ 75.44724, 13.80475 ], [ 75.44659, 13.80806 ], [ 75.44313, 13.8044 ] ], [ [ 75.29308, 13.81944 ], [ 75.2878, 13.81609 ], [ 75.29311, 13.81311 ], [ 75.29308, 13.81944 ] ], [ [ 75.29539, 13.81983 ], [ 75.29826, 13.82275 ], [ 75.29418, 13.82296 ], [ 75.29308, 13.81944 ], [ 75.29539, 13.81983 ] ], [ [ 75.45197, 13.79642 ], [ 75.45314, 13.79451 ], [ 75.45528, 13.79444 ], [ 75.45635, 13.79671 ], [ 75.46264, 13.80086 ], [ 75.45763, 13.80066 ], [ 75.45197, 13.79642 ] ], [ [ 75.46452, 13.79313 ], [ 75.46703, 13.79578 ], [ 75.46636, 13.7977 ], [ 75.46264, 13.80086 ], [ 75.46452, 13.79313 ] ], [ [ 75.3516, 13.95213 ], [ 75.35402, 13.95181 ], [ 75.35747, 13.94717 ], [ 75.36092, 13.94745 ], [ 75.35695, 13.95148 ], [ 75.35629, 13.95374 ], [ 75.35288, 13.9564 ], [ 75.35136, 13.9544 ], [ 75.3516, 13.95213 ] ], [ [ 75.36073, 13.94096 ], [ 75.36311, 13.94341 ], [ 75.36092, 13.94745 ], [ 75.36073, 13.94096 ] ], [ [ 75.26022, 13.88317 ], [ 75.25611, 13.88327 ], [ 75.25428, 13.88436 ], [ 75.25194, 13.88053 ], [ 75.25451, 13.87997 ], [ 75.26022, 13.88317 ] ], [ [ 75.26344, 13.88181 ], [ 75.26521, 13.88467 ], [ 75.26541, 13.88708 ], [ 75.26308, 13.88875 ], [ 75.26022, 13.88317 ], [ 75.26344, 13.88181 ] ], [ [ 75.26124, 13.87788 ], [ 75.26373, 13.87819 ], [ 75.26474, 13.88002 ], [ 75.26344, 13.88181 ], [ 75.26124, 13.87788 ] ], [ [ 75.26768, 13.88682 ], [ 75.26849, 13.89069 ], [ 75.26588, 13.89024 ], [ 75.26541, 13.88708 ], [ 75.26768, 13.88682 ] ], [ [ 75.40534, 13.84882 ], [ 75.40215, 13.84508 ], [ 75.40282, 13.84318 ], [ 75.40246, 13.84111 ], [ 75.40516, 13.8413 ], [ 75.40682, 13.84274 ], [ 75.40668, 13.84566 ], [ 75.41186, 13.84579 ], [ 75.41351, 13.84778 ], [ 75.40981, 13.8498 ], [ 75.40512, 13.85095 ], [ 75.40534, 13.84882 ] ], [ [ 75.32654, 13.93686 ], [ 75.32366, 13.94105 ], [ 75.32255, 13.93741 ], [ 75.32654, 13.93686 ] ], [ [ 75.32863, 13.92952 ], [ 75.33069, 13.92912 ], [ 75.32932, 13.9241 ], [ 75.33162, 13.924 ], [ 75.33473, 13.92697 ], [ 75.33459, 13.92903 ], [ 75.33131, 13.93371 ], [ 75.33129, 13.93615 ], [ 75.32915, 13.93502 ], [ 75.32654, 13.93686 ], [ 75.32863, 13.92952 ] ], [ [ 75.36003, 13.93606 ], [ 75.36041, 13.93407 ], [ 75.35902, 13.93192 ], [ 75.36172, 13.93144 ], [ 75.36107, 13.92311 ], [ 75.36383, 13.91914 ], [ 75.36489, 13.92675 ], [ 75.36472, 13.93185 ], [ 75.36137, 13.93897 ], [ 75.35783, 13.93745 ], [ 75.36003, 13.93606 ] ], [ [ 75.32949, 13.88457 ], [ 75.33321, 13.88185 ], [ 75.33427, 13.87819 ], [ 75.34174, 13.87385 ], [ 75.33978, 13.8778 ], [ 75.33808, 13.87919 ], [ 75.33868, 13.88187 ], [ 75.33713, 13.88423 ], [ 75.33492, 13.88481 ], [ 75.33162, 13.88808 ], [ 75.32941, 13.88743 ], [ 75.32949, 13.88457 ] ], [ [ 75.4689, 13.82072 ], [ 75.46548, 13.82323 ], [ 75.46333, 13.82132 ], [ 75.46623, 13.81526 ], [ 75.46598, 13.81246 ], [ 75.46921, 13.81413 ], [ 75.47292, 13.81486 ], [ 75.47119, 13.81911 ], [ 75.4728, 13.82533 ], [ 75.47057, 13.82597 ], [ 75.4689, 13.82072 ] ], [ [ 75.43376, 13.82865 ], [ 75.43816, 13.81694 ], [ 75.44012, 13.81553 ], [ 75.44093, 13.81791 ], [ 75.44061, 13.82385 ], [ 75.44176, 13.8256 ], [ 75.44529, 13.82621 ], [ 75.44392, 13.82823 ], [ 75.44092, 13.83 ], [ 75.44036, 13.82782 ], [ 75.43376, 13.82865 ] ], [ [ 75.43216, 13.87731 ], [ 75.4352, 13.87672 ], [ 75.43675, 13.87954 ], [ 75.43569, 13.88182 ], [ 75.43308, 13.88196 ], [ 75.43127, 13.88023 ], [ 75.43216, 13.87731 ] ], [ [ 75.43699, 13.87296 ], [ 75.43463, 13.87206 ], [ 75.43281, 13.8676 ], [ 75.43423, 13.86363 ], [ 75.43813, 13.86718 ], [ 75.43884, 13.872 ], [ 75.44101, 13.87374 ], [ 75.44104, 13.87601 ], [ 75.4352, 13.87672 ], [ 75.43699, 13.87296 ] ], [ [ 75.2534, 13.87018 ], [ 75.25058, 13.87141 ], [ 75.25139, 13.8681 ], [ 75.2534, 13.87018 ] ], [ [ 75.25689, 13.86767 ], [ 75.25987, 13.86775 ], [ 75.25985, 13.86563 ], [ 75.25748, 13.86191 ], [ 75.25919, 13.86039 ], [ 75.26311, 13.86076 ], [ 75.26376, 13.86343 ], [ 75.26453, 13.86581 ], [ 75.26418, 13.86837 ], [ 75.26713, 13.87408 ], [ 75.26222, 13.87248 ], [ 75.26104, 13.86998 ], [ 75.2534, 13.87018 ], [ 75.25689, 13.86767 ] ], [ [ 75.27095, 13.86274 ], [ 75.26911, 13.865 ], [ 75.26376, 13.86343 ], [ 75.27095, 13.86274 ] ], [ [ 75.28448, 13.89488 ], [ 75.28054, 13.89802 ], [ 75.27853, 13.89865 ], [ 75.27582, 13.8981 ], [ 75.27191, 13.89541 ], [ 75.27444, 13.89362 ], [ 75.27589, 13.88682 ], [ 75.28133, 13.88877 ], [ 75.28506, 13.88922 ], [ 75.28114, 13.89137 ], [ 75.28149, 13.89377 ], [ 75.28448, 13.89488 ] ], [ [ 75.29477, 13.87234 ], [ 75.29603, 13.87715 ], [ 75.29478, 13.87951 ], [ 75.29156, 13.87308 ], [ 75.29477, 13.87234 ] ], [ [ 75.29419, 13.86771 ], [ 75.29005, 13.86803 ], [ 75.29395, 13.86127 ], [ 75.29641, 13.86194 ], [ 75.30027, 13.86665 ], [ 75.30251, 13.86799 ], [ 75.2973, 13.87222 ], [ 75.29477, 13.87234 ], [ 75.29419, 13.86771 ] ], [ [ 75.26472, 13.89265 ], [ 75.26545, 13.89995 ], [ 75.26685, 13.90284 ], [ 75.26869, 13.90395 ], [ 75.27475, 13.90215 ], [ 75.27409, 13.90465 ], [ 75.27058, 13.9067 ], [ 75.26785, 13.90996 ], [ 75.2664, 13.90772 ], [ 75.26428, 13.91168 ], [ 75.26192, 13.90838 ], [ 75.26393, 13.9027 ], [ 75.26344, 13.90061 ], [ 75.26099, 13.89764 ], [ 75.26144, 13.89528 ], [ 75.25874, 13.8933 ], [ 75.26472, 13.89265 ] ], [ [ 75.4334, 13.94171 ], [ 75.43237, 13.93681 ], [ 75.43079, 13.935 ], [ 75.43074, 13.93293 ], [ 75.43188, 13.9307 ], [ 75.43133, 13.92506 ], [ 75.43332, 13.92175 ], [ 75.43747, 13.9266 ], [ 75.43616, 13.92973 ], [ 75.43947, 13.93338 ], [ 75.43865, 13.93649 ], [ 75.43678, 13.93919 ], [ 75.43847, 13.94048 ], [ 75.44114, 13.9409 ], [ 75.44028, 13.94307 ], [ 75.43565, 13.94536 ], [ 75.43301, 13.94441 ], [ 75.4334, 13.94171 ] ], [ [ 75.4344, 13.78446 ], [ 75.43096, 13.78338 ], [ 75.43427, 13.78142 ], [ 75.4344, 13.78446 ] ], [ [ 75.44199, 13.78358 ], [ 75.44404, 13.77853 ], [ 75.44852, 13.77895 ], [ 75.44711, 13.77396 ], [ 75.45203, 13.77339 ], [ 75.45595, 13.77214 ], [ 75.45392, 13.77587 ], [ 75.45085, 13.78055 ], [ 75.44629, 13.78383 ], [ 75.44536, 13.78563 ], [ 75.44121, 13.78658 ], [ 75.4344, 13.78446 ], [ 75.44199, 13.78358 ] ], [ [ 75.44991, 13.77052 ], [ 75.45499, 13.76936 ], [ 75.45203, 13.77339 ], [ 75.44991, 13.77052 ] ], [ [ 75.45326, 13.7661 ], [ 75.45098, 13.76549 ], [ 75.44762, 13.7661 ], [ 75.44596, 13.76421 ], [ 75.44838, 13.76255 ], [ 75.45079, 13.76258 ], [ 75.45763, 13.76537 ], [ 75.45654, 13.76726 ], [ 75.45499, 13.76936 ], [ 75.45326, 13.7661 ] ], [ [ 75.29847, 13.90845 ], [ 75.29739, 13.91267 ], [ 75.29502, 13.91193 ], [ 75.29847, 13.90845 ] ], [ [ 75.29457, 13.90868 ], [ 75.29447, 13.90164 ], [ 75.29728, 13.89942 ], [ 75.29774, 13.90224 ], [ 75.3011, 13.90118 ], [ 75.3027, 13.89956 ], [ 75.30496, 13.89497 ], [ 75.307, 13.8945 ], [ 75.30677, 13.8978 ], [ 75.30804, 13.9 ], [ 75.30876, 13.90537 ], [ 75.30389, 13.90549 ], [ 75.30241, 13.90703 ], [ 75.3046, 13.90837 ], [ 75.30717, 13.91153 ], [ 75.30414, 13.91289 ], [ 75.30196, 13.91262 ], [ 75.29847, 13.90845 ], [ 75.29457, 13.90868 ] ], [ [ 75.35149, 13.87049 ], [ 75.34606, 13.86941 ], [ 75.34837, 13.86191 ], [ 75.34678, 13.85797 ], [ 75.35178, 13.85614 ], [ 75.35192, 13.85385 ], [ 75.35565, 13.85246 ], [ 75.35522, 13.85489 ], [ 75.35716, 13.85781 ], [ 75.35401, 13.85894 ], [ 75.35149, 13.87049 ] ], [ [ 75.35512, 13.84647 ], [ 75.35709, 13.84415 ], [ 75.359, 13.84647 ], [ 75.36111, 13.84502 ], [ 75.3635, 13.84637 ], [ 75.36127, 13.8477 ], [ 75.3619, 13.85069 ], [ 75.3605, 13.853 ], [ 75.35804, 13.85162 ], [ 75.35565, 13.85246 ], [ 75.35512, 13.84647 ] ], [ [ 75.34557, 13.91928 ], [ 75.34009, 13.91935 ], [ 75.34211, 13.9171 ], [ 75.34557, 13.91928 ] ], [ [ 75.34843, 13.91662 ], [ 75.34698, 13.91096 ], [ 75.34934, 13.91253 ], [ 75.35027, 13.90779 ], [ 75.35463, 13.90968 ], [ 75.35301, 13.91223 ], [ 75.35291, 13.91524 ], [ 75.35201, 13.91711 ], [ 75.35127, 13.92956 ], [ 75.35184, 13.93274 ], [ 75.35012, 13.93466 ], [ 75.34891, 13.93149 ], [ 75.34939, 13.92682 ], [ 75.34729, 13.92106 ], [ 75.34504, 13.92156 ], [ 75.34557, 13.91928 ], [ 75.34843, 13.91662 ] ], [ [ 75.3511, 13.93981 ], [ 75.35313, 13.94078 ], [ 75.35219, 13.94282 ], [ 75.35242, 13.94487 ], [ 75.35017, 13.9482 ], [ 75.34781, 13.94724 ], [ 75.34853, 13.94386 ], [ 75.3465, 13.93878 ], [ 75.34848, 13.93795 ], [ 75.34769, 13.93584 ], [ 75.35012, 13.93466 ], [ 75.3511, 13.93981 ] ], [ [ 75.29736, 13.97647 ], [ 75.30022, 13.97827 ], [ 75.29633, 13.97888 ], [ 75.29736, 13.97647 ] ], [ [ 75.29263, 13.97242 ], [ 75.29144, 13.96998 ], [ 75.29217, 13.96733 ], [ 75.29424, 13.96677 ], [ 75.29864, 13.9599 ], [ 75.30104, 13.959 ], [ 75.30496, 13.9606 ], [ 75.308, 13.95698 ], [ 75.31528, 13.95391 ], [ 75.31092, 13.96158 ], [ 75.30691, 13.96468 ], [ 75.30663, 13.96713 ], [ 75.30401, 13.96528 ], [ 75.30127, 13.96836 ], [ 75.29868, 13.96789 ], [ 75.29664, 13.97249 ], [ 75.29932, 13.97328 ], [ 75.29736, 13.97647 ], [ 75.29263, 13.97242 ] ], [ [ 75.49426, 13.93192 ], [ 75.49249, 13.93091 ], [ 75.49012, 13.93131 ], [ 75.48865, 13.93325 ], [ 75.48636, 13.93431 ], [ 75.48678, 13.93165 ], [ 75.48856, 13.9296 ], [ 75.4899, 13.92514 ], [ 75.48421, 13.92176 ], [ 75.48468, 13.91934 ], [ 75.48666, 13.91981 ], [ 75.49133, 13.91925 ], [ 75.50085, 13.92238 ], [ 75.50044, 13.93275 ], [ 75.49744, 13.93651 ], [ 75.49426, 13.93192 ] ], [ [ 75.4337, 13.76116 ], [ 75.43789, 13.75596 ], [ 75.44063, 13.75507 ], [ 75.43804, 13.76152 ], [ 75.4337, 13.76116 ] ], [ [ 75.43877, 13.75312 ], [ 75.43653, 13.74858 ], [ 75.43406, 13.74068 ], [ 75.4364, 13.74024 ], [ 75.43835, 13.74162 ], [ 75.44075, 13.74189 ], [ 75.44433, 13.74429 ], [ 75.44556, 13.74608 ], [ 75.44518, 13.74861 ], [ 75.44635, 13.75185 ], [ 75.44063, 13.75507 ], [ 75.43877, 13.75312 ] ], [ [ 75.44959, 13.7436 ], [ 75.4519, 13.74329 ], [ 75.4524, 13.74789 ], [ 75.44972, 13.74864 ], [ 75.44556, 13.74608 ], [ 75.44959, 13.7436 ] ], [ [ 75.44035, 13.76351 ], [ 75.44378, 13.76467 ], [ 75.44025, 13.76833 ], [ 75.43623, 13.76544 ], [ 75.43804, 13.76152 ], [ 75.44035, 13.76351 ] ], [ [ 75.36466, 13.97985 ], [ 75.36223, 13.98729 ], [ 75.36311, 13.9927 ], [ 75.35981, 13.99169 ], [ 75.3597, 13.9882 ], [ 75.36126, 13.98259 ], [ 75.36466, 13.97985 ] ], [ [ 75.36166, 13.97825 ], [ 75.35952, 13.9793 ], [ 75.35332, 13.97 ], [ 75.3532, 13.96745 ], [ 75.34749, 13.96188 ], [ 75.33759, 13.96323 ], [ 75.33704, 13.95854 ], [ 75.33851, 13.95713 ], [ 75.3427, 13.95682 ], [ 75.34375, 13.95874 ], [ 75.3485, 13.95929 ], [ 75.35094, 13.95823 ], [ 75.35104, 13.96234 ], [ 75.35453, 13.96555 ], [ 75.36312, 13.97046 ], [ 75.36398, 13.97275 ], [ 75.36209, 13.97442 ], [ 75.36269, 13.97646 ], [ 75.36646, 13.97671 ], [ 75.36466, 13.97985 ], [ 75.36166, 13.97825 ] ], [ [ 75.2655, 13.91805 ], [ 75.26134, 13.91941 ], [ 75.261, 13.91697 ], [ 75.2655, 13.91805 ] ], [ [ 75.2649, 13.91378 ], [ 75.26963, 13.91416 ], [ 75.27146, 13.91855 ], [ 75.27634, 13.92259 ], [ 75.28039, 13.92114 ], [ 75.27773, 13.91875 ], [ 75.2794, 13.91627 ], [ 75.28397, 13.91568 ], [ 75.287, 13.91715 ], [ 75.28547, 13.92157 ], [ 75.28359, 13.92244 ], [ 75.2842, 13.92481 ], [ 75.27991, 13.92583 ], [ 75.27532, 13.93041 ], [ 75.27516, 13.93545 ], [ 75.2718, 13.93354 ], [ 75.2716, 13.93103 ], [ 75.27328, 13.92927 ], [ 75.27267, 13.92719 ], [ 75.27059, 13.92613 ], [ 75.27073, 13.92372 ], [ 75.26563, 13.92293 ], [ 75.2655, 13.91805 ], [ 75.2649, 13.91378 ] ], [ [ 75.28271, 13.93664 ], [ 75.28825, 13.935 ], [ 75.29031, 13.93591 ], [ 75.28311, 13.94132 ], [ 75.28663, 13.94124 ], [ 75.28813, 13.94345 ], [ 75.28584, 13.94696 ], [ 75.28076, 13.94651 ], [ 75.28072, 13.95048 ], [ 75.27663, 13.95139 ], [ 75.27754, 13.94609 ], [ 75.2794, 13.94467 ], [ 75.28041, 13.94139 ], [ 75.28004, 13.93865 ], [ 75.27861, 13.93625 ], [ 75.28066, 13.93375 ], [ 75.28271, 13.93664 ] ], [ [ 75.29081, 13.95131 ], [ 75.28928, 13.95329 ], [ 75.29159, 13.95364 ], [ 75.29213, 13.9563 ], [ 75.29516, 13.95771 ], [ 75.29251, 13.96066 ], [ 75.28983, 13.9581 ], [ 75.28766, 13.95715 ], [ 75.28125, 13.95972 ], [ 75.27845, 13.95797 ], [ 75.28395, 13.95652 ], [ 75.28383, 13.95394 ], [ 75.28278, 13.9518 ], [ 75.28584, 13.94696 ], [ 75.29081, 13.95131 ] ], [ [ 75.29445, 13.96191 ], [ 75.29381, 13.96388 ], [ 75.29124, 13.96338 ], [ 75.29251, 13.96066 ], [ 75.29445, 13.96191 ] ] ] } },
{ "type": "Feature", "properties": { "newname": null }, "geometry": { "type": "Polygon", "coordinates": [ [ [ 75.35401, 13.85894 ], [ 75.35716, 13.85781 ], [ 75.35522, 13.85489 ], [ 75.35565, 13.85246 ], [ 75.35192, 13.85385 ], [ 75.35178, 13.85614 ], [ 75.34678, 13.85797 ], [ 75.34837, 13.86191 ], [ 75.34606, 13.86941 ], [ 75.35149, 13.87049 ], [ 75.35401, 13.85894 ] ] ] } },
{ "type": "Feature", "properties": { "newname": null }, "geometry": { "type": "Polygon", "coordinates": [ [ [ 75.33713, 13.88423 ], [ 75.33868, 13.88187 ], [ 75.33808, 13.87919 ], [ 75.33978, 13.8778 ], [ 75.34174, 13.87385 ], [ 75.33427, 13.87819 ], [ 75.33321, 13.88185 ], [ 75.32949, 13.88457 ], [ 75.32941, 13.88743 ], [ 75.33162, 13.88808 ], [ 75.33492, 13.88481 ], [ 75.33713, 13.88423 ] ] ] } },
{ "type": "Feature", "properties": { "newname": null }, "geometry": { "type": "Polygon", "coordinates": [ [ [ 75.34253, 13.90195 ], [ 75.34297, 13.90586 ], [ 75.34519, 13.90497 ], [ 75.34253, 13.90195 ] ] ] } },
{ "type": "Feature", "properties": { "newname": null }, "geometry": { "type": "Polygon", "coordinates": [ [ [ 75.34764, 13.90494 ], [ 75.35215, 13.90588 ], [ 75.35181, 13.9035 ], [ 75.34764, 13.90494 ] ] ] } },
{ "type": "Feature", "properties": { "newname": null }, "geometry": { "type": "Polygon", "coordinates": [ [ [ 75.36121, 13.89788 ], [ 75.35814, 13.90295 ], [ 75.36041, 13.90389 ], [ 75.36272, 13.90617 ], [ 75.36349, 13.90218 ], [ 75.36121, 13.89788 ] ] ] } },
{ "type": "Feature", "properties": { "newname": null }, "geometry": { "type": "Polygon", "coordinates": [ [ [ 75.36583, 13.91174 ], [ 75.36559, 13.90935 ], [ 75.36262, 13.90846 ], [ 75.36283, 13.91727 ], [ 75.36583, 13.91174 ] ] ] } },
{ "type": "Feature", "properties": { "newname": null }, "geometry": { "type": "Polygon", "coordinates": [ [ [ 75.36472, 13.93185 ], [ 75.36489, 13.92675 ], [ 75.36383, 13.91914 ], [ 75.36107, 13.92311 ], [ 75.36172, 13.93144 ], [ 75.35902, 13.93192 ], [ 75.36041, 13.93407 ], [ 75.36003, 13.93606 ], [ 75.35783, 13.93745 ], [ 75.36137, 13.93897 ], [ 75.36472, 13.93185 ] ] ] } },
{ "type": "Feature", "properties": { "newname": null }, "geometry": { "type": "Polygon", "coordinates": [ [ [ 75.35127, 13.92956 ], [ 75.35201, 13.91711 ], [ 75.35291, 13.91524 ], [ 75.35301, 13.91223 ], [ 75.35463, 13.90968 ], [ 75.35027, 13.90779 ], [ 75.34934, 13.91253 ], [ 75.34698, 13.91096 ], [ 75.34843, 13.91662 ], [ 75.34557, 13.91928 ], [ 75.34504, 13.92156 ], [ 75.34729, 13.92106 ], [ 75.34879, 13.92487 ], [ 75.34939, 13.92682 ], [ 75.34891, 13.93149 ], [ 75.35012, 13.93466 ], [ 75.35184, 13.93274 ], [ 75.35127, 13.92956 ] ] ] } },
{ "type": "Feature", "properties": { "newname": null }, "geometry": { "type": "Polygon", "coordinates": [ [ [ 75.34211, 13.9171 ], [ 75.34009, 13.91935 ], [ 75.34557, 13.91928 ], [ 75.34211, 13.9171 ] ] ] } },
{ "type": "Feature", "properties": { "newname": null }, "geometry": { "type": "Polygon", "coordinates": [ [ [ 75.33129, 13.93615 ], [ 75.33131, 13.93371 ], [ 75.33459, 13.92903 ], [ 75.33473, 13.92697 ], [ 75.33162, 13.924 ], [ 75.32932, 13.9241 ], [ 75.33069, 13.92912 ], [ 75.32863, 13.92952 ], [ 75.32654, 13.93686 ], [ 75.32915, 13.93502 ], [ 75.33129, 13.93615 ] ] ] } },
{ "type": "Feature", "properties": { "newname": null }, "geometry": { "type": "Polygon", "coordinates": [ [ [ 75.32255, 13.93741 ], [ 75.32366, 13.94105 ], [ 75.32654, 13.93686 ], [ 75.32255, 13.93741 ] ] ] } },
{ "type": "Feature", "properties": { "newname": null }, "geometry": { "type": "Polygon", "coordinates": [ [ [ 75.29502, 13.91193 ], [ 75.29739, 13.91267 ], [ 75.29847, 13.90845 ], [ 75.29502, 13.91193 ] ] ] } },
{ "type": "Feature", "properties": { "newname": null }, "geometry": { "type": "Polygon", "coordinates": [ [ [ 75.3046, 13.90837 ], [ 75.30241, 13.90703 ], [ 75.30389, 13.90549 ], [ 75.30876, 13.90537 ], [ 75.30804, 13.9 ], [ 75.30677, 13.8978 ], [ 75.307, 13.8945 ], [ 75.30496, 13.89497 ], [ 75.3027, 13.89956 ], [ 75.3011, 13.90118 ], [ 75.29774, 13.90224 ], [ 75.29728, 13.89942 ], [ 75.29447, 13.90164 ], [ 75.29457, 13.90868 ], [ 75.29847, 13.90845 ], [ 75.30196, 13.91262 ], [ 75.30414, 13.91289 ], [ 75.30717, 13.91153 ], [ 75.3046, 13.90837 ] ] ] } },
{ "type": "Feature", "properties": { "newname": null }, "geometry": { "type": "Polygon", "coordinates": [ [ [ 75.28448, 13.89488 ], [ 75.28149, 13.89377 ], [ 75.28114, 13.89137 ], [ 75.28506, 13.88922 ], [ 75.28133, 13.88877 ], [ 75.27589, 13.88682 ], [ 75.27444, 13.89362 ], [ 75.27191, 13.89541 ], [ 75.27582, 13.8981 ], [ 75.27853, 13.89865 ], [ 75.28054, 13.89802 ], [ 75.28448, 13.89488 ] ] ] } },
{ "type": "Feature", "properties": { "newname": null }, "geometry": { "type": "Polygon", "coordinates": [ [ [ 75.30425, 13.92363 ], [ 75.30173, 13.92469 ], [ 75.30405, 13.92743 ], [ 75.30505, 13.92547 ], [ 75.30425, 13.92363 ] ] ] } },
{ "type": "Feature", "properties": { "newname": null }, "geometry": { "type": "Polygon", "coordinates": [ [ [ 75.2971, 13.9312 ], [ 75.29713, 13.92772 ], [ 75.29376, 13.92804 ], [ 75.29162, 13.92919 ], [ 75.29184, 13.93126 ], [ 75.29462, 13.93044 ], [ 75.2971, 13.9312 ] ] ] } },
{ "type": "Feature", "properties": { "newname": null }, "geometry": { "type": "Polygon", "coordinates": [ [ [ 75.27991, 13.92583 ], [ 75.2842, 13.92481 ], [ 75.28359, 13.92244 ], [ 75.28547, 13.92157 ], [ 75.287, 13.91715 ], [ 75.28397, 13.91568 ], [ 75.2794, 13.91627 ], [ 75.27773, 13.91875 ], [ 75.28039, 13.92114 ], [ 75.27634, 13.92259 ], [ 75.27146, 13.91855 ], [ 75.26963, 13.91416 ], [ 75.2649, 13.91378 ], [ 75.26563, 13.92293 ], [ 75.27073, 13.92372 ], [ 75.27059, 13.92613 ], [ 75.27267, 13.92719 ], [ 75.27328, 13.92927 ], [ 75.2716, 13.93103 ], [ 75.2718, 13.93354 ], [ 75.27516, 13.93545 ], [ 75.27532, 13.93041 ], [ 75.27991, 13.92583 ] ] ] } },
{ "type": "Feature", "properties": { "newname": null }, "geometry": { "type": "Polygon", "coordinates": [ [ [ 75.261, 13.91697 ], [ 75.26134, 13.91941 ], [ 75.2655, 13.91805 ], [ 75.261, 13.91697 ] ] ] } },
{ "type": "Feature", "properties": { "newname": null }, "geometry": { "type": "Polygon", "coordinates": [ [ [ 75.24553, 13.90046 ], [ 75.24625, 13.90284 ], [ 75.24883, 13.90392 ], [ 75.25096, 13.90442 ], [ 75.25095, 13.90221 ], [ 75.24553, 13.90046 ] ] ] } },
{ "type": "Feature", "properties": { "newname": null }, "geometry": { "type": "Polygon", "coordinates": [ [ [ 75.26521, 13.88467 ], [ 75.26344, 13.88181 ], [ 75.26022, 13.88317 ], [ 75.26308, 13.88875 ], [ 75.26541, 13.88708 ], [ 75.26521, 13.88467 ] ] ] } },
{ "type": "Feature", "properties": { "newname": null }, "geometry": { "type": "Polygon", "coordinates": [ [ [ 75.26785, 13.90996 ], [ 75.27058, 13.9067 ], [ 75.27409, 13.90465 ], [ 75.27475, 13.90215 ], [ 75.26869, 13.90395 ], [ 75.26685, 13.90284 ], [ 75.26545, 13.89995 ], [ 75.26472, 13.89265 ], [ 75.25874, 13.8933 ], [ 75.26144, 13.89528 ], [ 75.26099, 13.89764 ], [ 75.26344, 13.90061 ], [ 75.26393, 13.9027 ], [ 75.26192, 13.90838 ], [ 75.26428, 13.91168 ], [ 75.2664, 13.90772 ], [ 75.26785, 13.90996 ] ] ] } },
{ "type": "Feature", "properties": { "newname": null }, "geometry": { "type": "Polygon", "coordinates": [ [ [ 75.26541, 13.88708 ], [ 75.26588, 13.89024 ], [ 75.26849, 13.89069 ], [ 75.26768, 13.88682 ], [ 75.26541, 13.88708 ] ] ] } },
{ "type": "Feature", "properties": { "newname": null }, "geometry": { "type": "Polygon", "coordinates": [ [ [ 75.26373, 13.87819 ], [ 75.26124, 13.87788 ], [ 75.26344, 13.88181 ], [ 75.26474, 13.88002 ], [ 75.26373, 13.87819 ] ] ] } },
{ "type": "Feature", "properties": { "newname": null }, "geometry": { "type": "Polygon", "coordinates": [ [ [ 75.26022, 13.88317 ], [ 75.25451, 13.87997 ], [ 75.25194, 13.88053 ], [ 75.25428, 13.88436 ], [ 75.25611, 13.88327 ], [ 75.26022, 13.88317 ] ] ] } },
{ "type": "Feature", "properties": { "newname": null }, "geometry": { "type": "Polygon", "coordinates": [ [ [ 75.25139, 13.8681 ], [ 75.25058, 13.87141 ], [ 75.2534, 13.87018 ], [ 75.25139, 13.8681 ] ] ] } },
{ "type": "Feature", "properties": { "newname": null }, "geometry": { "type": "Polygon", "coordinates": [ [ [ 75.26453, 13.86581 ], [ 75.26311, 13.86076 ], [ 75.25919, 13.86039 ], [ 75.25748, 13.86191 ], [ 75.25985, 13.86563 ], [ 75.25987, 13.86775 ], [ 75.25689, 13.86767 ], [ 75.2534, 13.87018 ], [ 75.26104, 13.86998 ], [ 75.26222, 13.87248 ], [ 75.26713, 13.87408 ], [ 75.26418, 13.86837 ], [ 75.26453, 13.86581 ] ] ] } },
{ "type": "Feature", "properties": { "newname": null }, "geometry": { "type": "Polygon", "coordinates": [ [ [ 75.26376, 13.86343 ], [ 75.26911, 13.865 ], [ 75.27095, 13.86274 ], [ 75.26376, 13.86343 ] ] ] } },
{ "type": "Feature", "properties": { "newname": null }, "geometry": { "type": "Polygon", "coordinates": [ [ [ 75.27592, 13.85804 ], [ 75.27625, 13.86196 ], [ 75.27849, 13.8597 ], [ 75.27592, 13.85804 ] ] ] } },
{ "type": "Feature", "properties": { "newname": null }, "geometry": { "type": "Polygon", "coordinates": [ [ [ 75.26859, 13.8318 ], [ 75.27545, 13.83438 ], [ 75.2757, 13.83144 ], [ 75.26859, 13.8318 ] ] ] } },
{ "type": "Feature", "properties": { "newname": null }, "geometry": { "type": "Polygon", "coordinates": [ [ [ 75.26674, 13.82776 ], [ 75.26437, 13.82748 ], [ 75.26555, 13.83125 ], [ 75.26859, 13.8318 ], [ 75.26867, 13.82851 ], [ 75.26674, 13.82776 ] ] ] } },
{ "type": "Feature", "properties": { "newname": null }, "geometry": { "type": "Polygon", "coordinates": [ [ [ 75.26387, 13.8379 ], [ 75.25986, 13.8338 ], [ 75.25871, 13.83733 ], [ 75.2641, 13.8407 ], [ 75.26633, 13.84113 ], [ 75.26624, 13.83729 ], [ 75.26387, 13.8379 ] ] ] } },
{ "type": "Feature", "properties": { "newname": null }, "geometry": { "type": "Polygon", "coordinates": [ [ [ 75.2578, 13.8499 ], [ 75.25842, 13.84797 ], [ 75.25577, 13.8451 ], [ 75.25388, 13.84117 ], [ 75.25513, 13.83812 ], [ 75.25871, 13.83733 ], [ 75.25444, 13.83508 ], [ 75.25819, 13.82744 ], [ 75.26009, 13.82627 ], [ 75.26228, 13.82722 ], [ 75.26315, 13.82217 ], [ 75.26549, 13.82147 ], [ 75.26397, 13.81826 ], [ 75.26617, 13.81451 ], [ 75.27183, 13.81559 ], [ 75.27102, 13.81078 ], [ 75.26537, 13.81028 ], [ 75.26324, 13.81433 ], [ 75.26103, 13.81443 ], [ 75.25913, 13.81316 ], [ 75.25764, 13.81069 ], [ 75.25643, 13.81341 ], [ 75.26121, 13.81869 ], [ 75.25932, 13.82102 ], [ 75.25619, 13.81798 ], [ 75.25485, 13.81986 ], [ 75.25755, 13.8232 ], [ 75.25678, 13.82549 ], [ 75.25173, 13.82804 ], [ 75.25206, 13.83316 ], [ 75.25052, 13.83607 ], [ 75.24661, 13.83362 ], [ 75.2425, 13.82959 ], [ 75.23702, 13.8303 ], [ 75.23504, 13.83131 ], [ 75.23532, 13.83388 ], [ 75.23778, 13.83366 ], [ 75.24177, 13.83496 ], [ 75.24392, 13.83451 ], [ 75.24933, 13.83785 ], [ 75.24732, 13.84322 ], [ 75.24961, 13.84355 ], [ 75.25132, 13.84559 ], [ 75.25497, 13.85067 ], [ 75.25458, 13.85297 ], [ 75.25694, 13.85338 ], [ 75.25881, 13.85496 ], [ 75.26018, 13.8533 ], [ 75.2578, 13.8499 ] ] ] } },
{ "type": "Feature", "properties": { "newname": null }, "geometry": { "type": "Polygon", "coordinates": [ [ [ 75.24722, 13.84803 ], [ 75.24396, 13.84679 ], [ 75.24325, 13.84957 ], [ 75.24539, 13.85092 ], [ 75.24485, 13.85322 ], [ 75.24612, 13.85522 ], [ 75.24639, 13.85786 ], [ 75.24876, 13.85804 ], [ 75.24722, 13.84803 ] ] ] } },
{ "type": "Feature", "properties": { "newname": null }, "geometry": { "type": "Polygon", "coordinates": [ [ [ 75.2438, 13.84138 ], [ 75.24732, 13.84322 ], [ 75.24933, 13.83785 ], [ 75.24392, 13.83451 ], [ 75.24177, 13.83496 ], [ 75.23778, 13.83366 ], [ 75.23532, 13.83388 ], [ 75.23504, 13.83131 ], [ 75.23702, 13.8303 ], [ 75.2425, 13.82959 ], [ 75.24661, 13.83362 ], [ 75.25052, 13.83607 ], [ 75.25206, 13.83316 ], [ 75.25173, 13.82804 ], [ 75.25678, 13.82549 ], [ 75.25755, 13.8232 ], [ 75.25485, 13.81986 ], [ 75.25619, 13.81798 ], [ 75.25932, 13.82102 ], [ 75.26121, 13.81869 ], [ 75.25643, 13.81341 ], [ 75.25764, 13.81069 ], [ 75.25913, 13.81316 ], [ 75.26103, 13.81443 ], [ 75.26324, 13.81433 ], [ 75.26537, 13.81028 ], [ 75.27102, 13.81078 ], [ 75.27114, 13.80831 ], [ 75.26892, 13.8071 ], [ 75.26572, 13.80818 ], [ 75.25018, 13.80545 ], [ 75.24768, 13.80939 ], [ 75.23722, 13.81969 ], [ 75.23283, 13.82591 ], [ 75.22736, 13.83012 ], [ 75.22508, 13.83318 ], [ 75.22597, 13.83509 ], [ 75.23265, 13.83972 ], [ 75.23505, 13.84279 ], [ 75.2356, 13.84499 ], [ 75.2438, 13.84138 ] ], [ [ 75.24357, 13.82482 ], [ 75.24411, 13.82117 ], [ 75.25173, 13.82804 ], [ 75.24357, 13.82482 ] ], [ [ 75.24253, 13.81758 ], [ 75.24596, 13.81944 ], [ 75.24411, 13.82117 ], [ 75.24253, 13.81758 ] ] ] } },
{ "type": "Feature", "properties": { "newname": null }, "geometry": { "type": "Polygon", "coordinates": [ [ [ 75.23977, 13.8724 ], [ 75.2398, 13.87636 ], [ 75.24248, 13.87543 ], [ 75.23977, 13.8724 ] ] ] } },
{ "type": "Feature", "properties": { "newname": null }, "geometry": { "type": "Polygon", "coordinates": [ [ [ 75.33437, 13.97229 ], [ 75.32992, 13.96902 ], [ 75.32957, 13.97129 ], [ 75.33163, 13.97389 ], [ 75.33144, 13.97598 ], [ 75.33668, 13.97592 ], [ 75.33437, 13.97229 ] ] ] } },
{ "type": "Feature", "properties": { "newname": null }, "geometry": { "type": "Polygon", "coordinates": [ [ [ 75.29656, 13.98652 ], [ 75.29514, 13.98807 ], [ 75.29677, 13.98942 ], [ 75.29857, 13.98807 ], [ 75.29656, 13.98652 ] ] ] } },
{ "type": "Feature", "properties": { "newname": null }, "geometry": { "type": "Polygon", "coordinates": [ [ [ 75.28542, 13.99161 ], [ 75.28487, 13.99398 ], [ 75.28668, 13.99502 ], [ 75.28795, 13.99208 ], [ 75.28542, 13.99161 ] ] ] } },
{ "type": "Feature", "properties": { "newname": null }, "geometry": { "type": "Polygon", "coordinates": [ [ [ 75.28228, 13.976 ], [ 75.28448, 13.97683 ], [ 75.28523, 13.97355 ], [ 75.28228, 13.976 ] ] ] } },
{ "type": "Feature", "properties": { "newname": null }, "geometry": { "type": "Polygon", "coordinates": [ [ [ 75.28854, 13.96982 ], [ 75.28523, 13.97355 ], [ 75.28938, 13.97432 ], [ 75.28998, 13.97194 ], [ 75.28854, 13.96982 ] ] ] } },
{ "type": "Feature", "properties": { "newname": null }, "geometry": { "type": "Polygon", "coordinates": [ [ [ 75.29736, 13.97647 ], [ 75.29633, 13.97888 ], [ 75.30022, 13.97827 ], [ 75.29736, 13.97647 ] ] ] } },
{ "type": "Feature", "properties": { "newname": null }, "geometry": { "type": "Polygon", "coordinates": [ [ [ 75.29664, 13.97249 ], [ 75.29868, 13.96789 ], [ 75.30127, 13.96836 ], [ 75.30401, 13.96528 ], [ 75.30663, 13.96713 ], [ 75.30691, 13.96468 ], [ 75.31092, 13.96158 ], [ 75.31528, 13.95391 ], [ 75.308, 13.95698 ], [ 75.30496, 13.9606 ], [ 75.30104, 13.959 ], [ 75.29864, 13.9599 ], [ 75.29424, 13.96677 ], [ 75.29217, 13.96733 ], [ 75.29144, 13.96998 ], [ 75.29263, 13.97242 ], [ 75.29552, 13.97537 ], [ 75.29736, 13.97647 ], [ 75.29932, 13.97328 ], [ 75.29664, 13.97249 ] ] ] } },
{ "type": "Feature", "properties": { "newname": null }, "geometry": { "type": "Polygon", "coordinates": [ [ [ 75.29251, 13.96066 ], [ 75.29124, 13.96338 ], [ 75.29381, 13.96388 ], [ 75.29445, 13.96191 ], [ 75.29251, 13.96066 ] ] ] } },
{ "type": "Feature", "properties": { "newname": null }, "geometry": { "type": "Polygon", "coordinates": [ [ [ 75.28566, 13.96615 ], [ 75.2887, 13.96712 ], [ 75.28764, 13.96321 ], [ 75.28566, 13.96615 ] ] ] } },
{ "type": "Feature", "properties": { "newname": null }, "geometry": { "type": "Polygon", "coordinates": [ [ [ 75.29213, 13.9563 ], [ 75.29159, 13.95364 ], [ 75.28928, 13.95329 ], [ 75.29081, 13.95131 ], [ 75.28584, 13.94696 ], [ 75.28278, 13.9518 ], [ 75.28383, 13.95394 ], [ 75.28395, 13.95652 ], [ 75.27845, 13.95797 ], [ 75.28125, 13.95972 ], [ 75.28766, 13.95715 ], [ 75.28983, 13.9581 ], [ 75.29251, 13.96066 ], [ 75.29516, 13.95771 ], [ 75.29213, 13.9563 ] ] ] } },
{ "type": "Feature", "properties": { "newname": null }, "geometry": { "type": "Polygon", "coordinates": [ [ [ 75.28076, 13.94651 ], [ 75.28584, 13.94696 ], [ 75.28813, 13.94345 ], [ 75.28663, 13.94124 ], [ 75.28311, 13.94132 ], [ 75.29031, 13.93591 ], [ 75.28825, 13.935 ], [ 75.28271, 13.93664 ], [ 75.28066, 13.93375 ], [ 75.27861, 13.93625 ], [ 75.28004, 13.93865 ], [ 75.28041, 13.94139 ], [ 75.2794, 13.94467 ], [ 75.27754, 13.94609 ], [ 75.27663, 13.95139 ], [ 75.28072, 13.95048 ], [ 75.28076, 13.94651 ] ] ] } },
{ "type": "Feature", "properties": { "newname": null }, "geometry": { "type": "Polygon", "coordinates": [ [ [ 75.29453, 13.94384 ], [ 75.2906, 13.94332 ], [ 75.28992, 13.9473 ], [ 75.29261, 13.947 ], [ 75.29453, 13.94384 ] ] ] } },
{ "type": "Feature", "properties": { "newname": null }, "geometry": { "type": "Polygon", "coordinates": [ [ [ 75.35242, 13.94487 ], [ 75.35219, 13.94282 ], [ 75.35313, 13.94078 ], [ 75.3511, 13.93981 ], [ 75.35012, 13.93466 ], [ 75.34769, 13.93584 ], [ 75.34848, 13.93795 ], [ 75.3465, 13.93878 ], [ 75.34853, 13.94386 ], [ 75.34781, 13.94724 ], [ 75.35017, 13.9482 ], [ 75.35242, 13.94487 ] ] ] } },
{ "type": "Feature", "properties": { "newname": null }, "geometry": { "type": "Polygon", "coordinates": [ [ [ 75.35695, 13.95148 ], [ 75.36092, 13.94745 ], [ 75.35747, 13.94717 ], [ 75.35402, 13.95181 ], [ 75.3516, 13.95213 ], [ 75.35136, 13.9544 ], [ 75.35288, 13.9564 ], [ 75.35629, 13.95374 ], [ 75.35695, 13.95148 ] ] ] } },
{ "type": "Feature", "properties": { "newname": null }, "geometry": { "type": "Polygon", "coordinates": [ [ [ 75.36269, 13.97646 ], [ 75.36209, 13.97442 ], [ 75.36398, 13.97275 ], [ 75.36312, 13.97046 ], [ 75.35453, 13.96555 ], [ 75.35104, 13.96234 ], [ 75.35094, 13.95823 ], [ 75.3485, 13.95929 ], [ 75.34375, 13.95874 ], [ 75.3427, 13.95682 ], [ 75.33851, 13.95713 ], [ 75.33704, 13.95854 ], [ 75.33759, 13.96323 ], [ 75.34267, 13.963 ], [ 75.3451, 13.9618 ], [ 75.34749, 13.96188 ], [ 75.3493, 13.96343 ], [ 75.3532, 13.96745 ], [ 75.35332, 13.97 ], [ 75.35952, 13.9793 ], [ 75.36166, 13.97825 ], [ 75.36466, 13.97985 ], [ 75.36646, 13.97671 ], [ 75.36269, 13.97646 ] ] ] } },
{ "type": "Feature", "properties": { "newname": null }, "geometry": { "type": "Polygon", "coordinates": [ [ [ 75.3545, 13.98718 ], [ 75.3567, 13.98604 ], [ 75.35593, 13.98405 ], [ 75.35092, 13.98373 ], [ 75.34972, 13.98153 ], [ 75.3428, 13.98231 ], [ 75.34169, 13.98452 ], [ 75.34658, 13.98487 ], [ 75.34676, 13.98741 ], [ 75.34818, 13.99036 ], [ 75.35227, 13.99525 ], [ 75.35239, 13.99194 ], [ 75.3545, 13.98718 ] ] ] } },
{ "type": "Feature", "properties": { "newname": null }, "geometry": { "type": "Polygon", "coordinates": [ [ [ 75.36304, 13.98451 ], [ 75.36466, 13.97985 ], [ 75.36126, 13.98259 ], [ 75.3597, 13.9882 ], [ 75.35981, 13.99169 ], [ 75.36311, 13.9927 ], [ 75.36223, 13.98729 ], [ 75.36304, 13.98451 ] ] ] } },
{ "type": "Feature", "properties": { "newname": null }, "geometry": { "type": "Polygon", "coordinates": [ [ [ 75.36073, 13.94096 ], [ 75.36092, 13.94745 ], [ 75.36311, 13.94341 ], [ 75.36073, 13.94096 ] ] ] } },
{ "type": "Feature", "properties": { "newname": null }, "geometry": { "type": "Polygon", "coordinates": [ [ [ 75.44104, 13.95676 ], [ 75.4436, 13.95733 ], [ 75.44271, 13.95463 ], [ 75.44104, 13.95676 ] ] ] } },
{ "type": "Feature", "properties": { "newname": null }, "geometry": { "type": "Polygon", "coordinates": [ [ [ 75.45592, 13.99336 ], [ 75.45616, 13.99029 ], [ 75.45222, 13.9896 ], [ 75.45032, 13.98802 ], [ 75.44776, 13.98948 ], [ 75.44653, 13.99386 ], [ 75.44772, 13.99593 ], [ 75.45178, 13.99816 ], [ 75.45592, 13.99336 ] ] ] } },
{ "type": "Feature", "properties": { "newname": null }, "geometry": { "type": "Polygon", "coordinates": [ [ [ 75.50088, 13.93059 ], [ 75.50085, 13.92238 ], [ 75.49133, 13.91925 ], [ 75.48666, 13.91981 ], [ 75.48468, 13.91934 ], [ 75.48421, 13.92176 ], [ 75.4899, 13.92514 ], [ 75.48856, 13.9296 ], [ 75.48678, 13.93165 ], [ 75.48636, 13.93431 ], [ 75.48865, 13.93325 ], [ 75.49012, 13.93131 ], [ 75.49249, 13.93091 ], [ 75.49426, 13.93192 ], [ 75.49744, 13.93651 ], [ 75.49918, 13.93472 ], [ 75.50088, 13.93059 ] ] ] } },
{ "type": "Feature", "properties": { "newname": null }, "geometry": { "type": "Polygon", "coordinates": [ [ [ 75.44028, 13.94307 ], [ 75.44114, 13.9409 ], [ 75.43847, 13.94048 ], [ 75.43678, 13.93919 ], [ 75.43865, 13.93649 ], [ 75.43947, 13.93338 ], [ 75.43616, 13.92973 ], [ 75.43747, 13.9266 ], [ 75.43332, 13.92175 ], [ 75.43133, 13.92506 ], [ 75.43188, 13.9307 ], [ 75.43074, 13.93293 ], [ 75.43079, 13.935 ], [ 75.43237, 13.93681 ], [ 75.4334, 13.94171 ], [ 75.43301, 13.94441 ], [ 75.43565, 13.94536 ], [ 75.44028, 13.94307 ] ] ] } },
{ "type": "Feature", "properties": { "newname": null }, "geometry": { "type": "Polygon", "coordinates": [ [ [ 75.395, 13.91708 ], [ 75.39224, 13.91796 ], [ 75.39272, 13.92151 ], [ 75.39613, 13.91886 ], [ 75.395, 13.91708 ] ] ] } },
{ "type": "Feature", "properties": { "newname": null }, "geometry": { "type": "Polygon", "coordinates": [ [ [ 75.40437, 13.90561 ], [ 75.40289, 13.90398 ], [ 75.39736, 13.90838 ], [ 75.39767, 13.91119 ], [ 75.40054, 13.91137 ], [ 75.40121, 13.90929 ], [ 75.40437, 13.90561 ] ] ] } },
{ "type": "Feature", "properties": { "newname": null }, "geometry": { "type": "Polygon", "coordinates": [ [ [ 75.39736, 13.89501 ], [ 75.39471, 13.89465 ], [ 75.39491, 13.89869 ], [ 75.397, 13.89712 ], [ 75.39736, 13.89501 ] ] ] } },
{ "type": "Feature", "properties": { "newname": null }, "geometry": { "type": "Polygon", "coordinates": [ [ [ 75.40016, 13.88488 ], [ 75.39858, 13.88314 ], [ 75.39711, 13.88723 ], [ 75.40102, 13.88698 ], [ 75.40016, 13.88488 ] ] ] } },
{ "type": "Feature", "properties": { "newname": null }, "geometry": { "type": "Polygon", "coordinates": [ [ [ 75.43675, 13.87954 ], [ 75.4352, 13.87672 ], [ 75.43216, 13.87731 ], [ 75.43127, 13.88023 ], [ 75.43308, 13.88196 ], [ 75.43569, 13.88182 ], [ 75.43675, 13.87954 ] ] ] } },
{ "type": "Feature", "properties": { "newname": null }, "geometry": { "type": "Polygon", "coordinates": [ [ [ 75.44101, 13.87374 ], [ 75.43884, 13.872 ], [ 75.43813, 13.86718 ], [ 75.43423, 13.86363 ], [ 75.43281, 13.8676 ], [ 75.43463, 13.87206 ], [ 75.43699, 13.87296 ], [ 75.4352, 13.87672 ], [ 75.44104, 13.87601 ], [ 75.44101, 13.87374 ] ] ] } },
{ "type": "Feature", "properties": { "newname": null }, "geometry": { "type": "Polygon", "coordinates": [ [ [ 75.40599, 13.85285 ], [ 75.40324, 13.8554 ], [ 75.40504, 13.85656 ], [ 75.40738, 13.85588 ], [ 75.40599, 13.85285 ] ] ] } },
{ "type": "Feature", "properties": { "newname": null }, "geometry": { "type": "Polygon", "coordinates": [ [ [ 75.41351, 13.84778 ], [ 75.41186, 13.84579 ], [ 75.40668, 13.84566 ], [ 75.40682, 13.84274 ], [ 75.40516, 13.8413 ], [ 75.40246, 13.84111 ], [ 75.40282, 13.84318 ], [ 75.40215, 13.84508 ], [ 75.40534, 13.84882 ], [ 75.40512, 13.85095 ], [ 75.40981, 13.8498 ], [ 75.41351, 13.84778 ] ] ] } },
{ "type": "Feature", "properties": { "newname": null }, "geometry": { "type": "Polygon", "coordinates": [ [ [ 75.40065, 13.85134 ], [ 75.39778, 13.85038 ], [ 75.39523, 13.85142 ], [ 75.39616, 13.85326 ], [ 75.39902, 13.85319 ], [ 75.40065, 13.85134 ] ] ] } },
{ "type": "Feature", "properties": { "newname": null }, "geometry": { "type": "Polygon", "coordinates": [ [ [ 75.45416, 13.82508 ], [ 75.45352, 13.8227 ], [ 75.45008, 13.82238 ], [ 75.44927, 13.82494 ], [ 75.45131, 13.82524 ], [ 75.45033, 13.82917 ], [ 75.45351, 13.82735 ], [ 75.45416, 13.82508 ] ] ] } },
{ "type": "Feature", "properties": { "newname": null }, "geometry": { "type": "Polygon", "coordinates": [ [ [ 75.4603, 13.77785 ], [ 75.45824, 13.77814 ], [ 75.45761, 13.78233 ], [ 75.45842, 13.78535 ], [ 75.46124, 13.78211 ], [ 75.4603, 13.77785 ] ] ] } },
{ "type": "Feature", "properties": { "newname": null }, "geometry": { "type": "Polygon", "coordinates": [ [ [ 75.44991, 13.77052 ], [ 75.45203, 13.77339 ], [ 75.45499, 13.76936 ], [ 75.44991, 13.77052 ] ] ] } },
{ "type": "Feature", "properties": { "newname": null }, "geometry": { "type": "Polygon", "coordinates": [ [ [ 75.44629, 13.78383 ], [ 75.45085, 13.78055 ], [ 75.45595, 13.77214 ], [ 75.44987, 13.77413 ], [ 75.44711, 13.77396 ], [ 75.44852, 13.77895 ], [ 75.44404, 13.77853 ], [ 75.44199, 13.78358 ], [ 75.4344, 13.78446 ], [ 75.44121, 13.78658 ], [ 75.44536, 13.78563 ], [ 75.44629, 13.78383 ] ] ] } },
{ "type": "Feature", "properties": { "newname": null }, "geometry": { "type": "Polygon", "coordinates": [ [ [ 75.44564, 13.8034 ], [ 75.44313, 13.8044 ], [ 75.44659, 13.80806 ], [ 75.44724, 13.80475 ], [ 75.44564, 13.8034 ] ] ] } },
{ "type": "Feature", "properties": { "newname": null }, "geometry": { "type": "Polygon", "coordinates": [ [ [ 75.44918, 13.80867 ], [ 75.44659, 13.80806 ], [ 75.44711, 13.81157 ], [ 75.44918, 13.81154 ], [ 75.44918, 13.80867 ] ] ] } },
{ "type": "Feature", "properties": { "newname": null }, "geometry": { "type": "Polygon", "coordinates": [ [ [ 75.45528, 13.79444 ], [ 75.45314, 13.79451 ], [ 75.45197, 13.79642 ], [ 75.45763, 13.80066 ], [ 75.46264, 13.80086 ], [ 75.45635, 13.79671 ], [ 75.45528, 13.79444 ] ] ] } },
{ "type": "Feature", "properties": { "newname": null }, "geometry": { "type": "Polygon", "coordinates": [ [ [ 75.46703, 13.79578 ], [ 75.46452, 13.79313 ], [ 75.46264, 13.80086 ], [ 75.46636, 13.7977 ], [ 75.46703, 13.79578 ] ] ] } },
{ "type": "Feature", "properties": { "newname": null }, "geometry": { "type": "Polygon", "coordinates": [ [ [ 75.47119, 13.81911 ], [ 75.47292, 13.81486 ], [ 75.46921, 13.81413 ], [ 75.46598, 13.81246 ], [ 75.46623, 13.81526 ], [ 75.46333, 13.82132 ], [ 75.46548, 13.82323 ], [ 75.4689, 13.82072 ], [ 75.47057, 13.82597 ], [ 75.4728, 13.82533 ], [ 75.47119, 13.81911 ] ] ] } },
{ "type": "Feature", "properties": { "newname": null }, "geometry": { "type": "Polygon", "coordinates": [ [ [ 75.44918, 13.81154 ], [ 75.45205, 13.81584 ], [ 75.45389, 13.81161 ], [ 75.44918, 13.81154 ] ] ] } },
{ "type": "Feature", "properties": { "newname": null }, "geometry": { "type": "Polygon", "coordinates": [ [ [ 75.44529, 13.82621 ], [ 75.44176, 13.8256 ], [ 75.44061, 13.82385 ], [ 75.44093, 13.81791 ], [ 75.44012, 13.81553 ], [ 75.43816, 13.81694 ], [ 75.43376, 13.82865 ], [ 75.44036, 13.82782 ], [ 75.44092, 13.83 ], [ 75.44392, 13.82823 ], [ 75.44529, 13.82621 ] ] ] } },
{ "type": "Feature", "properties": { "newname": null }, "geometry": { "type": "Polygon", "coordinates": [ [ [ 75.43096, 13.78338 ], [ 75.4344, 13.78446 ], [ 75.43427, 13.78142 ], [ 75.43096, 13.78338 ] ] ] } },
{ "type": "Feature", "properties": { "newname": null }, "geometry": { "type": "Polygon", "coordinates": [ [ [ 75.44378, 13.76467 ], [ 75.44035, 13.76351 ], [ 75.43804, 13.76152 ], [ 75.43623, 13.76544 ], [ 75.44025, 13.76833 ], [ 75.44378, 13.76467 ] ] ] } },
{ "type": "Feature", "properties": { "newname": null }, "geometry": { "type": "Polygon", "coordinates": [ [ [ 75.44063, 13.75507 ], [ 75.43789, 13.75596 ], [ 75.4337, 13.76116 ], [ 75.43804, 13.76152 ], [ 75.44063, 13.75507 ] ] ] } },
{ "type": "Feature", "properties": { "newname": null }, "geometry": { "type": "Polygon", "coordinates": [ [ [ 75.44635, 13.75185 ], [ 75.44518, 13.74861 ], [ 75.44556, 13.74608 ], [ 75.44433, 13.74429 ], [ 75.44075, 13.74189 ], [ 75.43835, 13.74162 ], [ 75.4364, 13.74024 ], [ 75.43406, 13.74068 ], [ 75.43533, 13.74583 ], [ 75.43877, 13.75312 ], [ 75.44063, 13.75507 ], [ 75.44635, 13.75185 ] ] ] } },
{ "type": "Feature", "properties": { "newname": null }, "geometry": { "type": "Polygon", "coordinates": [ [ [ 75.4519, 13.74329 ], [ 75.44959, 13.7436 ], [ 75.44556, 13.74608 ], [ 75.44972, 13.74864 ], [ 75.4524, 13.74789 ], [ 75.4519, 13.74329 ] ] ] } },
{ "type": "Feature", "properties": { "newname": null }, "geometry": { "type": "Polygon", "coordinates": [ [ [ 75.45763, 13.76537 ], [ 75.45079, 13.76258 ], [ 75.44838, 13.76255 ], [ 75.44596, 13.76421 ], [ 75.44762, 13.7661 ], [ 75.45098, 13.76549 ], [ 75.45326, 13.7661 ], [ 75.45499, 13.76936 ], [ 75.45763, 13.76537 ] ] ] } },
{ "type": "Feature", "properties": { "newname": null }, "geometry": { "type": "Polygon", "coordinates": [ [ [ 75.51262, 13.79527 ], [ 75.53525, 13.77764 ], [ 75.54346, 13.77692 ], [ 75.54778, 13.77555 ], [ 75.55779, 13.76985 ], [ 75.56082, 13.76655 ], [ 75.56145, 13.76429 ], [ 75.55257, 13.76369 ], [ 75.54116, 13.76542 ], [ 75.52869, 13.7608 ], [ 75.52779, 13.76252 ], [ 75.52721, 13.76191 ], [ 75.52657, 13.7639 ], [ 75.52339, 13.75926 ], [ 75.52193, 13.75352 ], [ 75.48983, 13.77759 ], [ 75.47597, 13.78434 ], [ 75.47665, 13.78668 ], [ 75.48021, 13.789 ], [ 75.48714, 13.79127 ], [ 75.49121, 13.79668 ], [ 75.49174, 13.79876 ], [ 75.49359, 13.79989 ], [ 75.49766, 13.7977 ], [ 75.50156, 13.80059 ], [ 75.50208, 13.80208 ], [ 75.51262, 13.79527 ] ] ] } },
{ "type": "Feature", "properties": { "newname": null }, "geometry": { "type": "Polygon", "coordinates": [ [ [ 75.55643, 13.77014 ], [ 75.56231, 13.76546 ], [ 75.56325, 13.76112 ], [ 75.56268, 13.75621 ], [ 75.56512, 13.75467 ], [ 75.56629, 13.74922 ], [ 75.56557, 13.74447 ], [ 75.56602, 13.7421 ], [ 75.57468, 13.74389 ], [ 75.58153, 13.74284 ], [ 75.59322, 13.74467 ], [ 75.60224, 13.74369 ], [ 75.60166, 13.7467 ], [ 75.60362, 13.75 ], [ 75.6039, 13.75199 ], [ 75.60218, 13.7578 ], [ 75.60442, 13.7594 ], [ 75.60829, 13.76022 ], [ 75.61197, 13.76438 ], [ 75.62353, 13.76557 ], [ 75.63262, 13.75001 ], [ 75.63657, 13.74096 ], [ 75.63703, 13.73728 ], [ 75.63457, 13.72862 ], [ 75.63502, 13.71829 ], [ 75.63598, 13.71482 ], [ 75.64325, 13.70003 ], [ 75.64828, 13.69164 ], [ 75.65337, 13.68791 ], [ 75.65737, 13.68673 ], [ 75.66307, 13.68343 ], [ 75.67229, 13.67438 ], [ 75.67933, 13.67495 ], [ 75.69028, 13.67246 ], [ 75.69801, 13.66943 ], [ 75.70477, 13.66059 ], [ 75.7083, 13.65429 ], [ 75.71176, 13.64037 ], [ 75.71532, 13.63685 ], [ 75.71977, 13.62827 ], [ 75.71988, 13.651 ], [ 75.72534, 13.64641 ], [ 75.72578, 13.64319 ], [ 75.73528, 13.63274 ], [ 75.74351, 13.61791 ], [ 75.74369, 13.61151 ], [ 75.73897, 13.60491 ], [ 75.73875, 13.59975 ], [ 75.74077, 13.59365 ], [ 75.73167, 13.58956 ], [ 75.71489, 13.58976 ], [ 75.70752, 13.58723 ], [ 75.70197, 13.58788 ], [ 75.70011, 13.57955 ], [ 75.69327, 13.57846 ], [ 75.68547, 13.57834 ], [ 75.67648, 13.58535 ], [ 75.67455, 13.58213 ], [ 75.66998, 13.58305 ], [ 75.65115, 13.58312 ], [ 75.64917, 13.57856 ], [ 75.64478, 13.57603 ], [ 75.64268, 13.57265 ], [ 75.63811, 13.5712 ], [ 75.63584, 13.57355 ], [ 75.63287, 13.57427 ], [ 75.62689, 13.57373 ], [ 75.62378, 13.57223 ], [ 75.62486, 13.5678 ], [ 75.61668, 13.55986 ], [ 75.61395, 13.56424 ], [ 75.60924, 13.55704 ], [ 75.60409, 13.55112 ], [ 75.60088, 13.54227 ], [ 75.59728, 13.53916 ], [ 75.59492, 13.53351 ], [ 75.59335, 13.52697 ], [ 75.60087, 13.53087 ], [ 75.61015, 13.52969 ], [ 75.61341, 13.53065 ], [ 75.61412, 13.53281 ], [ 75.61343, 13.53682 ], [ 75.61456, 13.53913 ], [ 75.62661, 13.54414 ], [ 75.63374, 13.54532 ], [ 75.65572, 13.55185 ], [ 75.67663, 13.55256 ], [ 75.67817, 13.55021 ], [ 75.68845, 13.55151 ], [ 75.69549, 13.54826 ], [ 75.69505, 13.54229 ], [ 75.69621, 13.5371 ], [ 75.69872, 13.53345 ], [ 75.69875, 13.53137 ], [ 75.70171, 13.53142 ], [ 75.70512, 13.52838 ], [ 75.70458, 13.52546 ], [ 75.70676, 13.52009 ], [ 75.70162, 13.52025 ], [ 75.69999, 13.51583 ], [ 75.7052, 13.50914 ], [ 75.7076, 13.5078 ], [ 75.70967, 13.50359 ], [ 75.70858, 13.49873 ], [ 75.68995, 13.49705 ], [ 75.68375, 13.49465 ], [ 75.68249, 13.4917 ], [ 75.68182, 13.48518 ], [ 75.68282, 13.47761 ], [ 75.68743, 13.47259 ], [ 75.68986, 13.46231 ], [ 75.69078, 13.46014 ], [ 75.6925, 13.45899 ], [ 75.6909, 13.44476 ], [ 75.69151, 13.44175 ], [ 75.69298, 13.43869 ], [ 75.69704, 13.43428 ], [ 75.69437, 13.42955 ], [ 75.69407, 13.42757 ], [ 75.69204, 13.42757 ], [ 75.68935, 13.4295 ], [ 75.68896, 13.43314 ], [ 75.68622, 13.43768 ], [ 75.68807, 13.4412 ], [ 75.68552, 13.44382 ], [ 75.68361, 13.44536 ], [ 75.67555, 13.44857 ], [ 75.67357, 13.45108 ], [ 75.67044, 13.45173 ], [ 75.66642, 13.44569 ], [ 75.6663, 13.44344 ], [ 75.6648, 13.44126 ], [ 75.65736, 13.44031 ], [ 75.65643, 13.43839 ], [ 75.65863, 13.43593 ], [ 75.65874, 13.42426 ], [ 75.65576, 13.41962 ], [ 75.65384, 13.41455 ], [ 75.65304, 13.39933 ], [ 75.65182, 13.39693 ], [ 75.64666, 13.39272 ], [ 75.646, 13.40076 ], [ 75.64664, 13.40427 ], [ 75.64585, 13.40667 ], [ 75.64333, 13.40813 ], [ 75.64224, 13.41094 ], [ 75.64375, 13.4129 ], [ 75.64438, 13.41895 ], [ 75.64278, 13.42352 ], [ 75.64291, 13.42599 ], [ 75.64423, 13.42782 ], [ 75.64224, 13.43256 ], [ 75.63922, 13.43223 ], [ 75.63801, 13.4297 ], [ 75.63098, 13.43046 ], [ 75.626, 13.42923 ], [ 75.62417, 13.43017 ], [ 75.62221, 13.4321 ], [ 75.62144, 13.43496 ], [ 75.61862, 13.43906 ], [ 75.6159, 13.44539 ], [ 75.61498, 13.44901 ], [ 75.61663, 13.45321 ], [ 75.6079, 13.45465 ], [ 75.60147, 13.4578 ], [ 75.59931, 13.46229 ], [ 75.59993, 13.46798 ], [ 75.6022, 13.46907 ], [ 75.60115, 13.47124 ], [ 75.59679, 13.4758 ], [ 75.59588, 13.47797 ], [ 75.59624, 13.48102 ], [ 75.59377, 13.48129 ], [ 75.5865, 13.47665 ], [ 75.58554, 13.47984 ], [ 75.5856, 13.48654 ], [ 75.58318, 13.48741 ], [ 75.57874, 13.48207 ], [ 75.57677, 13.47668 ], [ 75.57941, 13.47518 ], [ 75.57902, 13.47288 ], [ 75.57255, 13.46792 ], [ 75.56048, 13.45613 ], [ 75.55567, 13.4503 ], [ 75.55364, 13.44971 ], [ 75.55135, 13.45588 ], [ 75.54956, 13.45457 ], [ 75.54307, 13.44677 ], [ 75.54487, 13.4444 ], [ 75.54544, 13.44217 ], [ 75.5364, 13.43552 ], [ 75.52737, 13.42699 ], [ 75.52595, 13.42479 ], [ 75.52483, 13.42051 ], [ 75.5231, 13.40875 ], [ 75.52956, 13.4067 ], [ 75.53066, 13.40062 ], [ 75.535, 13.39102 ], [ 75.5374, 13.38949 ], [ 75.54255, 13.38884 ], [ 75.54819, 13.38974 ], [ 75.54944, 13.39314 ], [ 75.54813, 13.39912 ], [ 75.54856, 13.40189 ], [ 75.55379, 13.40433 ], [ 75.55639, 13.40666 ], [ 75.55759, 13.41089 ], [ 75.56167, 13.41845 ], [ 75.5658, 13.42898 ], [ 75.5677, 13.44482 ], [ 75.57166, 13.44349 ], [ 75.57744, 13.44456 ], [ 75.58471, 13.44152 ], [ 75.58713, 13.43897 ], [ 75.58904, 13.43366 ], [ 75.58971, 13.42769 ], [ 75.5891, 13.42447 ], [ 75.59076, 13.42149 ], [ 75.59039, 13.41624 ], [ 75.5889, 13.41119 ], [ 75.58455, 13.40632 ], [ 75.57688, 13.40334 ], [ 75.57453, 13.40139 ], [ 75.57252, 13.39576 ], [ 75.5722, 13.39066 ], [ 75.57069, 13.38828 ], [ 75.5633, 13.39319 ], [ 75.55899, 13.39285 ], [ 75.55701, 13.3919 ], [ 75.55573, 13.38663 ], [ 75.54945, 13.38292 ], [ 75.54277, 13.38091 ], [ 75.5384, 13.38099 ], [ 75.5374, 13.37886 ], [ 75.53539, 13.37965 ], [ 75.53349, 13.37876 ], [ 75.53301, 13.3768 ], [ 75.52794, 13.37697 ], [ 75.52211, 13.37976 ], [ 75.52007, 13.37985 ], [ 75.51846, 13.37525 ], [ 75.51626, 13.37395 ], [ 75.5125, 13.37611 ], [ 75.50772, 13.376 ], [ 75.50623, 13.37754 ], [ 75.49876, 13.37799 ], [ 75.49461, 13.37959 ], [ 75.49309, 13.37815 ], [ 75.49097, 13.37872 ], [ 75.49026, 13.38074 ], [ 75.49112, 13.38324 ], [ 75.49091, 13.38598 ], [ 75.48991, 13.3879 ], [ 75.48812, 13.38938 ], [ 75.48592, 13.38903 ], [ 75.48438, 13.38741 ], [ 75.48231, 13.38813 ], [ 75.4803, 13.38967 ], [ 75.47558, 13.39079 ], [ 75.47576, 13.39328 ], [ 75.47865, 13.39736 ], [ 75.48283, 13.40022 ], [ 75.50127, 13.39659 ], [ 75.5059, 13.403 ], [ 75.5088, 13.40856 ], [ 75.50813, 13.41141 ], [ 75.50587, 13.41231 ], [ 75.50573, 13.41481 ], [ 75.50216, 13.41815 ], [ 75.49992, 13.41853 ], [ 75.49863, 13.42006 ], [ 75.49897, 13.42209 ], [ 75.50363, 13.42293 ], [ 75.50452, 13.42521 ], [ 75.5, 13.43175 ], [ 75.50188, 13.43343 ], [ 75.51053, 13.43498 ], [ 75.5125, 13.43663 ], [ 75.51259, 13.43872 ], [ 75.5107, 13.44314 ], [ 75.51057, 13.44517 ], [ 75.51164, 13.44782 ], [ 75.51514, 13.45047 ], [ 75.52402, 13.45138 ], [ 75.52547, 13.45562 ], [ 75.52526, 13.4588 ], [ 75.52369, 13.46267 ], [ 75.52488, 13.46475 ], [ 75.53149, 13.46975 ], [ 75.53119, 13.47219 ], [ 75.52756, 13.47556 ], [ 75.53, 13.47975 ], [ 75.52834, 13.48379 ], [ 75.52816, 13.48847 ], [ 75.53223, 13.48988 ], [ 75.53194, 13.49261 ], [ 75.53518, 13.49729 ], [ 75.53979, 13.49904 ], [ 75.54031, 13.50414 ], [ 75.53845, 13.50702 ], [ 75.54109, 13.5082 ], [ 75.5434, 13.51348 ], [ 75.54969, 13.51686 ], [ 75.55391, 13.52181 ], [ 75.5532, 13.52829 ], [ 75.55746, 13.53409 ], [ 75.56017, 13.54609 ], [ 75.56621, 13.54763 ], [ 75.57698, 13.55719 ], [ 75.5866, 13.57215 ], [ 75.58652, 13.57471 ], [ 75.57093, 13.60535 ], [ 75.56693, 13.6209 ], [ 75.563, 13.64632 ], [ 75.55993, 13.68177 ], [ 75.55975, 13.69401 ], [ 75.56158, 13.70851 ], [ 75.56757, 13.72341 ], [ 75.56623, 13.73007 ], [ 75.56686, 13.73773 ], [ 75.56545, 13.73984 ], [ 75.56248, 13.73913 ], [ 75.55627, 13.73347 ], [ 75.54707, 13.73045 ], [ 75.54311, 13.72718 ], [ 75.53413, 13.72936 ], [ 75.53137, 13.7324 ], [ 75.5285, 13.73801 ], [ 75.53739, 13.74199 ], [ 75.54078, 13.7406 ], [ 75.55061, 13.74384 ], [ 75.54985, 13.74639 ], [ 75.54543, 13.75337 ], [ 75.5433, 13.75401 ], [ 75.53986, 13.75314 ], [ 75.54036, 13.75961 ], [ 75.5388, 13.77065 ], [ 75.54408, 13.77108 ], [ 75.55643, 13.77014 ] ] ] } },
{ "type": "Feature", "properties": { "newname": null }, "geometry": { "type": "Polygon", "coordinates": [ [ [ 75.42284, 13.73239 ], [ 75.43339, 13.73176 ], [ 75.43538, 13.7326 ], [ 75.44847, 13.72921 ], [ 75.43113, 13.72618 ], [ 75.42801, 13.72754 ], [ 75.42889, 13.72346 ], [ 75.43134, 13.71798 ], [ 75.4377, 13.71996 ], [ 75.44402, 13.7234 ], [ 75.45161, 13.72354 ], [ 75.45977, 13.65782 ], [ 75.45456, 13.59395 ], [ 75.44891, 13.56894 ], [ 75.43155, 13.5139 ], [ 75.43799, 13.48859 ], [ 75.4722, 13.48029 ], [ 75.47353, 13.47566 ], [ 75.47084, 13.47427 ], [ 75.46782, 13.47087 ], [ 75.45071, 13.46424 ], [ 75.45175, 13.45706 ], [ 75.42179, 13.46463 ], [ 75.41589, 13.46865 ], [ 75.41302, 13.47414 ], [ 75.40331, 13.51277 ], [ 75.40376, 13.51806 ], [ 75.42208, 13.57618 ], [ 75.42715, 13.59876 ], [ 75.42913, 13.62941 ], [ 75.43193, 13.65612 ], [ 75.42394, 13.72043 ], [ 75.42065, 13.73442 ], [ 75.42072, 13.73797 ], [ 75.42198, 13.74189 ], [ 75.42284, 13.73239 ] ] ] } },
{ "type": "Feature", "properties": { "newname": null }, "geometry": { "type": "Polygon", "coordinates": [ [ [ 75.4769, 13.42082 ], [ 75.46489, 13.4095 ], [ 75.467, 13.40794 ], [ 75.46492, 13.39434 ], [ 75.458, 13.3948 ], [ 75.43978, 13.39106 ], [ 75.41672, 13.38192 ], [ 75.4122, 13.38185 ], [ 75.40081, 13.38408 ], [ 75.39561, 13.38064 ], [ 75.37798, 13.35724 ], [ 75.37385, 13.35381 ], [ 75.36868, 13.3522 ], [ 75.36328, 13.35265 ], [ 75.35847, 13.35508 ], [ 75.3549, 13.35926 ], [ 75.34129, 13.34573 ], [ 75.31421, 13.31471 ], [ 75.31025, 13.32189 ], [ 75.28801, 13.32213 ], [ 75.28463, 13.32933 ], [ 75.29077, 13.32988 ], [ 75.32074, 13.36404 ], [ 75.34571, 13.38816 ], [ 75.34899, 13.38968 ], [ 75.35347, 13.39032 ], [ 75.36652, 13.38783 ], [ 75.37688, 13.40097 ], [ 75.39362, 13.41149 ], [ 75.399, 13.41208 ], [ 75.41281, 13.40946 ], [ 75.4314, 13.41706 ], [ 75.45794, 13.42207 ], [ 75.4769, 13.42082 ] ] ] } },
{ "type": "Feature", "properties": { "newname": null }, "geometry": { "type": "Polygon", "coordinates": [ [ [ 75.16173, 13.48485 ], [ 75.16294, 13.48226 ], [ 75.16435, 13.4801 ], [ 75.1683, 13.477 ], [ 75.16959, 13.47474 ], [ 75.17, 13.46951 ], [ 75.17522, 13.45853 ], [ 75.1802, 13.45896 ], [ 75.18851, 13.46271 ], [ 75.18716, 13.45162 ], [ 75.17692, 13.45411 ], [ 75.16893, 13.44971 ], [ 75.16726, 13.44846 ], [ 75.17025, 13.44507 ], [ 75.16801, 13.44246 ], [ 75.16531, 13.44234 ], [ 75.16386, 13.43727 ], [ 75.16559, 13.43197 ], [ 75.16953, 13.42856 ], [ 75.17142, 13.42354 ], [ 75.17203, 13.40775 ], [ 75.1711, 13.40143 ], [ 75.17337, 13.38449 ], [ 75.17131, 13.38256 ], [ 75.17142, 13.38 ], [ 75.17315, 13.37749 ], [ 75.175, 13.37605 ], [ 75.18208, 13.37712 ], [ 75.18442, 13.37626 ], [ 75.19055, 13.37622 ], [ 75.19577, 13.36185 ], [ 75.20473, 13.34854 ], [ 75.21692, 13.35013 ], [ 75.22162, 13.35188 ], [ 75.20799, 13.36042 ], [ 75.20897, 13.36246 ], [ 75.21156, 13.36161 ], [ 75.21484, 13.36388 ], [ 75.21706, 13.36327 ], [ 75.21672, 13.36096 ], [ 75.22052, 13.36143 ], [ 75.23023, 13.35363 ], [ 75.23479, 13.34268 ], [ 75.2403, 13.34024 ], [ 75.2506, 13.33801 ], [ 75.25619, 13.32487 ], [ 75.26311, 13.32911 ], [ 75.26602, 13.33811 ], [ 75.27751, 13.35256 ], [ 75.2881, 13.34447 ], [ 75.28226, 13.33435 ], [ 75.28801, 13.32213 ], [ 75.31025, 13.32189 ], [ 75.31435, 13.31449 ], [ 75.3195, 13.31733 ], [ 75.32159, 13.31521 ], [ 75.32484, 13.30576 ], [ 75.33025, 13.29932 ], [ 75.34992, 13.29582 ], [ 75.34811, 13.29255 ], [ 75.34585, 13.29165 ], [ 75.34134, 13.29416 ], [ 75.33498, 13.28741 ], [ 75.33244, 13.2871 ], [ 75.32735, 13.28952 ], [ 75.32262, 13.29297 ], [ 75.31973, 13.29413 ], [ 75.31771, 13.29397 ], [ 75.31462, 13.28913 ], [ 75.31058, 13.28612 ], [ 75.30478, 13.2847 ], [ 75.29613, 13.28584 ], [ 75.29365, 13.28749 ], [ 75.28589, 13.29679 ], [ 75.27757, 13.29116 ], [ 75.27853, 13.2872 ], [ 75.28585, 13.27077 ], [ 75.29515, 13.26862 ], [ 75.29813, 13.25778 ], [ 75.2996, 13.25584 ], [ 75.30479, 13.25173 ], [ 75.31416, 13.25303 ], [ 75.31441, 13.2484 ], [ 75.31306, 13.24622 ], [ 75.3042, 13.23736 ], [ 75.30177, 13.23826 ], [ 75.30053, 13.24336 ], [ 75.29804, 13.24335 ], [ 75.29343, 13.23999 ], [ 75.29181, 13.24127 ], [ 75.29052, 13.24326 ], [ 75.28935, 13.24883 ], [ 75.29011, 13.2558 ], [ 75.27743, 13.25974 ], [ 75.27447, 13.25725 ], [ 75.28157, 13.23966 ], [ 75.28677, 13.2371 ], [ 75.29571, 13.22324 ], [ 75.30274, 13.21656 ], [ 75.30405, 13.21052 ], [ 75.30698, 13.2056 ], [ 75.31398, 13.19884 ], [ 75.31179, 13.19756 ], [ 75.30911, 13.19811 ], [ 75.30442, 13.20059 ], [ 75.30082, 13.19629 ], [ 75.30202, 13.19369 ], [ 75.30499, 13.19079 ], [ 75.30405, 13.18789 ], [ 75.29718, 13.18128 ], [ 75.29288, 13.18053 ], [ 75.28854, 13.1823 ], [ 75.28671, 13.18098 ], [ 75.28589, 13.17911 ], [ 75.28622, 13.17453 ], [ 75.29185, 13.17419 ], [ 75.29461, 13.17264 ], [ 75.29955, 13.16574 ], [ 75.3032, 13.16252 ], [ 75.30358, 13.15335 ], [ 75.3051, 13.15179 ], [ 75.3073, 13.15169 ], [ 75.32251, 13.15537 ], [ 75.3231, 13.15737 ], [ 75.32608, 13.16083 ], [ 75.32901, 13.16857 ], [ 75.33082, 13.16961 ], [ 75.33289, 13.16879 ], [ 75.33571, 13.17298 ], [ 75.34397, 13.18064 ], [ 75.34854, 13.17987 ], [ 75.35271, 13.18277 ], [ 75.35729, 13.18174 ], [ 75.35955, 13.18201 ], [ 75.36446, 13.17908 ], [ 75.36699, 13.17928 ], [ 75.36872, 13.18117 ], [ 75.37067, 13.18163 ], [ 75.37729, 13.18074 ], [ 75.38355, 13.17754 ], [ 75.39142, 13.1674 ], [ 75.40002, 13.16307 ], [ 75.40116, 13.16099 ], [ 75.40517, 13.15731 ], [ 75.41066, 13.14569 ], [ 75.40904, 13.13466 ], [ 75.41156, 13.1237 ], [ 75.41149, 13.11694 ], [ 75.40809, 13.11097 ], [ 75.41151, 13.1097 ], [ 75.41503, 13.10587 ], [ 75.42082, 13.1067 ], [ 75.42302, 13.10629 ], [ 75.41864, 13.09669 ], [ 75.41776, 13.09175 ], [ 75.41824, 13.08876 ], [ 75.4136, 13.0852 ], [ 75.40577, 13.08488 ], [ 75.40285, 13.08394 ], [ 75.39809, 13.08451 ], [ 75.39766, 13.08786 ], [ 75.39619, 13.08941 ], [ 75.39297, 13.09059 ], [ 75.39032, 13.09632 ], [ 75.38793, 13.0953 ], [ 75.38499, 13.09812 ], [ 75.38492, 13.10022 ], [ 75.38641, 13.1022 ], [ 75.38541, 13.10577 ], [ 75.38171, 13.10662 ], [ 75.38335, 13.1115 ], [ 75.38647, 13.11058 ], [ 75.38866, 13.1112 ], [ 75.38801, 13.11413 ], [ 75.39664, 13.11368 ], [ 75.39947, 13.11824 ], [ 75.39983, 13.12112 ], [ 75.39883, 13.12302 ], [ 75.39658, 13.12204 ], [ 75.39601, 13.11952 ], [ 75.39148, 13.12037 ], [ 75.38609, 13.12322 ], [ 75.38455, 13.11471 ], [ 75.378, 13.11464 ], [ 75.37774, 13.13101 ], [ 75.37841, 13.13306 ], [ 75.38053, 13.13323 ], [ 75.38269, 13.1313 ], [ 75.39103, 13.12909 ], [ 75.39198, 13.13091 ], [ 75.3911, 13.13413 ], [ 75.39241, 13.1367 ], [ 75.39075, 13.13977 ], [ 75.39091, 13.14221 ], [ 75.39216, 13.14384 ], [ 75.39035, 13.14618 ], [ 75.38676, 13.14797 ], [ 75.38437, 13.14656 ], [ 75.38214, 13.14649 ], [ 75.38161, 13.15139 ], [ 75.38354, 13.1521 ], [ 75.38746, 13.15651 ], [ 75.38058, 13.15797 ], [ 75.3765, 13.15476 ], [ 75.37352, 13.15464 ], [ 75.37096, 13.16184 ], [ 75.36487, 13.16484 ], [ 75.36485, 13.16089 ], [ 75.36579, 13.15911 ], [ 75.36399, 13.15704 ], [ 75.36556, 13.15443 ], [ 75.36573, 13.14289 ], [ 75.36494, 13.14005 ], [ 75.36539, 13.13776 ], [ 75.3673, 13.13532 ], [ 75.36334, 13.13162 ], [ 75.36024, 13.12063 ], [ 75.35368, 13.11805 ], [ 75.35414, 13.11406 ], [ 75.35194, 13.11535 ], [ 75.35084, 13.11302 ], [ 75.35203, 13.10968 ], [ 75.34614, 13.10617 ], [ 75.34492, 13.10387 ], [ 75.34768, 13.09876 ], [ 75.34978, 13.09649 ], [ 75.35107, 13.08762 ], [ 75.351, 13.0856 ], [ 75.34811, 13.08555 ], [ 75.34595, 13.08449 ], [ 75.34825, 13.07823 ], [ 75.34679, 13.07437 ], [ 75.3439, 13.07188 ], [ 75.33607, 13.07186 ], [ 75.32668, 13.07041 ], [ 75.32027, 13.07473 ], [ 75.31372, 13.07437 ], [ 75.30779, 13.07221 ], [ 75.30409, 13.07783 ], [ 75.30209, 13.07734 ], [ 75.30275, 13.06987 ], [ 75.29892, 13.06536 ], [ 75.29749, 13.0595 ], [ 75.30229, 13.05746 ], [ 75.30369, 13.05503 ], [ 75.29672, 13.05003 ], [ 75.29973, 13.03938 ], [ 75.29902, 13.03704 ], [ 75.30047, 13.02869 ], [ 75.29987, 13.02591 ], [ 75.29895, 13.02382 ], [ 75.29703, 13.02207 ], [ 75.29204, 13.02183 ], [ 75.2885, 13.02744 ], [ 75.29332, 13.03257 ], [ 75.2939, 13.03604 ], [ 75.28983, 13.03528 ], [ 75.28379, 13.03622 ], [ 75.28441, 13.02598 ], [ 75.28311, 13.0192 ], [ 75.28147, 13.01768 ], [ 75.27782, 13.02027 ], [ 75.27547, 13.02322 ], [ 75.2724, 13.02333 ], [ 75.27206, 13.02716 ], [ 75.27525, 13.02947 ], [ 75.27557, 13.03168 ], [ 75.28082, 13.03053 ], [ 75.28086, 13.03257 ], [ 75.27519, 13.03634 ], [ 75.27463, 13.0395 ], [ 75.27488, 13.04156 ], [ 75.27695, 13.04173 ], [ 75.27792, 13.04625 ], [ 75.28191, 13.04921 ], [ 75.28163, 13.05348 ], [ 75.27973, 13.05942 ], [ 75.27776, 13.06014 ], [ 75.27622, 13.05814 ], [ 75.27402, 13.05127 ], [ 75.27261, 13.04908 ], [ 75.27071, 13.0503 ], [ 75.27047, 13.0529 ], [ 75.27474, 13.0637 ], [ 75.27271, 13.06426 ], [ 75.27083, 13.06322 ], [ 75.27004, 13.06084 ], [ 75.26706, 13.05722 ], [ 75.26501, 13.06145 ], [ 75.26085, 13.06111 ], [ 75.25986, 13.0633 ], [ 75.25836, 13.06167 ], [ 75.25873, 13.05908 ], [ 75.26112, 13.05874 ], [ 75.26239, 13.05718 ], [ 75.26077, 13.05105 ], [ 75.2543, 13.05219 ], [ 75.25577, 13.05616 ], [ 75.25626, 13.06049 ], [ 75.25426, 13.06181 ], [ 75.24947, 13.05809 ], [ 75.24415, 13.07097 ], [ 75.23878, 13.07139 ], [ 75.23773, 13.0694 ], [ 75.23608, 13.07097 ], [ 75.23478, 13.07261 ], [ 75.23589, 13.07723 ], [ 75.23561, 13.08185 ], [ 75.23363, 13.0826 ], [ 75.23232, 13.08079 ], [ 75.23032, 13.0805 ], [ 75.23018, 13.07594 ], [ 75.22809, 13.07539 ], [ 75.22545, 13.07946 ], [ 75.22354, 13.08031 ], [ 75.21912, 13.07962 ], [ 75.21757, 13.08091 ], [ 75.21695, 13.08284 ], [ 75.21494, 13.08435 ], [ 75.21378, 13.08267 ], [ 75.21367, 13.07321 ], [ 75.21128, 13.07279 ], [ 75.20922, 13.0733 ], [ 75.20648, 13.07732 ], [ 75.20795, 13.08176 ], [ 75.20697, 13.08352 ], [ 75.205, 13.08396 ], [ 75.20556, 13.08848 ], [ 75.20461, 13.09044 ], [ 75.20252, 13.08983 ], [ 75.20145, 13.08786 ], [ 75.19953, 13.08703 ], [ 75.1973, 13.08791 ], [ 75.19068, 13.08826 ], [ 75.1897, 13.09002 ], [ 75.19463, 13.09777 ], [ 75.19091, 13.10019 ], [ 75.18924, 13.09866 ], [ 75.1873, 13.09987 ], [ 75.18053, 13.11222 ], [ 75.17361, 13.11504 ], [ 75.17148, 13.11449 ], [ 75.16946, 13.11631 ], [ 75.16798, 13.12387 ], [ 75.16412, 13.12657 ], [ 75.16318, 13.12849 ], [ 75.16322, 13.13083 ], [ 75.16592, 13.1361 ], [ 75.17057, 13.13489 ], [ 75.1713, 13.13704 ], [ 75.16879, 13.14367 ], [ 75.16779, 13.14882 ], [ 75.1705, 13.14941 ], [ 75.16982, 13.15643 ], [ 75.16367, 13.15478 ], [ 75.16008, 13.1609 ], [ 75.15769, 13.16057 ], [ 75.15437, 13.15876 ], [ 75.14956, 13.16591 ], [ 75.15193, 13.16944 ], [ 75.15186, 13.17146 ], [ 75.1506, 13.17325 ], [ 75.14507, 13.172 ], [ 75.14393, 13.17405 ], [ 75.14174, 13.17404 ], [ 75.1402, 13.17185 ], [ 75.13896, 13.16675 ], [ 75.13463, 13.16784 ], [ 75.13456, 13.16995 ], [ 75.13303, 13.17302 ], [ 75.13082, 13.17414 ], [ 75.12785, 13.17422 ], [ 75.12862, 13.17172 ], [ 75.12357, 13.16946 ], [ 75.11877, 13.16926 ], [ 75.11981, 13.16595 ], [ 75.11765, 13.16506 ], [ 75.11195, 13.16507 ], [ 75.10974, 13.16584 ], [ 75.10809, 13.16914 ], [ 75.1081, 13.17145 ], [ 75.11217, 13.17523 ], [ 75.11526, 13.17467 ], [ 75.11662, 13.17902 ], [ 75.11494, 13.18097 ], [ 75.11714, 13.18231 ], [ 75.11949, 13.18247 ], [ 75.12484, 13.17584 ], [ 75.12675, 13.17991 ], [ 75.12872, 13.18068 ], [ 75.1285, 13.18358 ], [ 75.12988, 13.18831 ], [ 75.13238, 13.19187 ], [ 75.1322, 13.1948 ], [ 75.12991, 13.19565 ], [ 75.12889, 13.19783 ], [ 75.12904, 13.2002 ], [ 75.12787, 13.20197 ], [ 75.12315, 13.20283 ], [ 75.12549, 13.20727 ], [ 75.12557, 13.21037 ], [ 75.12372, 13.21468 ], [ 75.12414, 13.21821 ], [ 75.12882, 13.21892 ], [ 75.13436, 13.22136 ], [ 75.13872, 13.22157 ], [ 75.14207, 13.22297 ], [ 75.14037, 13.2267 ], [ 75.13783, 13.22675 ], [ 75.13609, 13.22544 ], [ 75.13417, 13.22654 ], [ 75.13471, 13.22863 ], [ 75.13374, 13.23043 ], [ 75.13531, 13.2317 ], [ 75.13383, 13.23571 ], [ 75.13358, 13.24223 ], [ 75.13193, 13.24352 ], [ 75.12862, 13.2405 ], [ 75.12429, 13.23969 ], [ 75.11763, 13.24117 ], [ 75.11597, 13.24243 ], [ 75.116, 13.24467 ], [ 75.12051, 13.24663 ], [ 75.11907, 13.24848 ], [ 75.11704, 13.24816 ], [ 75.11484, 13.24926 ], [ 75.10838, 13.24787 ], [ 75.09966, 13.24824 ], [ 75.09656, 13.24955 ], [ 75.09398, 13.24894 ], [ 75.09219, 13.25004 ], [ 75.09013, 13.25474 ], [ 75.09296, 13.25833 ], [ 75.0927, 13.26395 ], [ 75.08628, 13.2681 ], [ 75.08533, 13.27015 ], [ 75.08619, 13.27449 ], [ 75.08369, 13.28302 ], [ 75.08108, 13.28696 ], [ 75.08398, 13.29469 ], [ 75.0841, 13.2969 ], [ 75.08244, 13.29892 ], [ 75.08027, 13.29929 ], [ 75.07808, 13.29858 ], [ 75.07704, 13.29345 ], [ 75.07572, 13.2919 ], [ 75.06953, 13.29833 ], [ 75.06982, 13.30819 ], [ 75.06762, 13.30935 ], [ 75.06361, 13.30853 ], [ 75.061, 13.31075 ], [ 75.05583, 13.3196 ], [ 75.05627, 13.32396 ], [ 75.05508, 13.32851 ], [ 75.05737, 13.329 ], [ 75.05856, 13.33078 ], [ 75.05845, 13.33283 ], [ 75.04882, 13.33266 ], [ 75.04646, 13.33195 ], [ 75.04581, 13.33384 ], [ 75.04594, 13.33941 ], [ 75.04388, 13.34392 ], [ 75.03913, 13.34311 ], [ 75.03504, 13.34024 ], [ 75.03214, 13.33991 ], [ 75.01911, 13.34107 ], [ 75.01707, 13.34191 ], [ 75.01703, 13.34394 ], [ 75.01804, 13.34599 ], [ 75.01627, 13.34716 ], [ 75.01907, 13.35296 ], [ 75.02348, 13.35216 ], [ 75.02754, 13.35326 ], [ 75.02756, 13.35541 ], [ 75.02868, 13.35747 ], [ 75.03457, 13.36171 ], [ 75.03367, 13.36626 ], [ 75.03172, 13.36745 ], [ 75.02708, 13.36724 ], [ 75.02496, 13.36868 ], [ 75.02515, 13.37299 ], [ 75.02271, 13.37386 ], [ 75.02247, 13.3761 ], [ 75.02463, 13.3771 ], [ 75.02935, 13.37668 ], [ 75.03089, 13.37801 ], [ 75.03428, 13.38578 ], [ 75.03419, 13.38803 ], [ 75.03236, 13.3926 ], [ 75.03264, 13.39498 ], [ 75.03044, 13.39569 ], [ 75.0232, 13.39588 ], [ 75.0263, 13.40197 ], [ 75.02856, 13.40283 ], [ 75.03072, 13.40197 ], [ 75.0364, 13.39744 ], [ 75.04317, 13.39928 ], [ 75.04713, 13.39835 ], [ 75.04953, 13.39446 ], [ 75.05314, 13.39149 ], [ 75.0553, 13.39258 ], [ 75.06202, 13.39308 ], [ 75.06408, 13.39433 ], [ 75.06606, 13.39374 ], [ 75.06918, 13.39736 ], [ 75.07149, 13.39787 ], [ 75.07356, 13.3965 ], [ 75.07275, 13.39118 ], [ 75.06878, 13.38775 ], [ 75.07018, 13.3848 ], [ 75.07751, 13.37636 ], [ 75.08598, 13.36928 ], [ 75.0873, 13.36536 ], [ 75.09085, 13.36002 ], [ 75.09782, 13.35638 ], [ 75.10028, 13.35623 ], [ 75.10215, 13.35824 ], [ 75.1046, 13.35873 ], [ 75.10812, 13.35827 ], [ 75.11042, 13.35716 ], [ 75.11165, 13.35557 ], [ 75.11435, 13.35542 ], [ 75.11607, 13.35655 ], [ 75.11711, 13.35911 ], [ 75.12135, 13.36146 ], [ 75.12434, 13.36434 ], [ 75.1279, 13.36467 ], [ 75.12879, 13.36758 ], [ 75.12839, 13.37023 ], [ 75.13023, 13.37674 ], [ 75.12799, 13.38387 ], [ 75.13274, 13.39014 ], [ 75.1393, 13.38592 ], [ 75.14154, 13.38659 ], [ 75.1432, 13.38836 ], [ 75.1441, 13.39089 ], [ 75.14616, 13.3916 ], [ 75.14748, 13.39418 ], [ 75.14295, 13.40092 ], [ 75.14144, 13.40483 ], [ 75.14393, 13.40709 ], [ 75.14657, 13.4163 ], [ 75.14925, 13.41762 ], [ 75.15086, 13.42003 ], [ 75.15154, 13.42559 ], [ 75.15533, 13.42895 ], [ 75.15435, 13.43128 ], [ 75.15092, 13.43479 ], [ 75.1516, 13.43692 ], [ 75.1536, 13.43829 ], [ 75.15535, 13.45169 ], [ 75.14951, 13.45391 ], [ 75.14725, 13.45373 ], [ 75.1437, 13.45655 ], [ 75.14252, 13.45846 ], [ 75.14281, 13.46053 ], [ 75.14004, 13.46473 ], [ 75.13837, 13.47149 ], [ 75.14745, 13.47618 ], [ 75.15195, 13.48198 ], [ 75.15314, 13.48575 ], [ 75.15474, 13.48749 ], [ 75.16056, 13.49139 ], [ 75.16177, 13.48823 ], [ 75.16173, 13.48485 ] ] ] } },
{ "type": "Feature", "properties": { "newname": null }, "geometry": { "type": "Polygon", "coordinates": [ [ [ 75.38492, 13.10022 ], [ 75.38499, 13.09812 ], [ 75.38793, 13.0953 ], [ 75.39032, 13.09632 ], [ 75.39297, 13.09059 ], [ 75.39619, 13.08941 ], [ 75.39766, 13.08786 ], [ 75.39809, 13.08451 ], [ 75.40285, 13.08394 ], [ 75.40577, 13.08488 ], [ 75.4136, 13.0852 ], [ 75.41824, 13.08876 ], [ 75.41776, 13.09175 ], [ 75.41864, 13.09669 ], [ 75.4217, 13.10339 ], [ 75.42511, 13.1018 ], [ 75.43754, 13.1016 ], [ 75.44322, 13.09895 ], [ 75.44671, 13.0949 ], [ 75.45508, 13.07777 ], [ 75.45548, 13.07424 ], [ 75.45446, 13.05677 ], [ 75.45932, 13.05367 ], [ 75.48058, 13.0541 ], [ 75.48496, 13.05301 ], [ 75.48806, 13.05118 ], [ 75.49108, 13.04789 ], [ 75.49262, 13.04468 ], [ 75.49547, 13.0301 ], [ 75.50773, 13.02195 ], [ 75.53124, 12.99659 ], [ 75.54227, 12.9867 ], [ 75.54424, 12.98177 ], [ 75.5477, 12.95898 ], [ 75.56433, 12.94964 ], [ 75.56683, 12.94709 ], [ 75.56888, 12.94314 ], [ 75.58076, 12.85572 ], [ 75.58968, 12.80682 ], [ 75.60405, 12.79144 ], [ 75.61514, 12.77283 ], [ 75.62527, 12.72437 ], [ 75.62566, 12.71661 ], [ 75.6298, 12.70555 ], [ 75.64109, 12.70555 ], [ 75.67414, 12.7024 ], [ 75.67752, 12.70165 ], [ 75.68123, 12.69964 ], [ 75.67529, 12.6993 ], [ 75.66907, 12.69615 ], [ 75.66696, 12.69581 ], [ 75.65519, 12.67694 ], [ 75.63953, 12.67843 ], [ 75.62577, 12.67831 ], [ 75.61273, 12.68276 ], [ 75.60796, 12.68677 ], [ 75.5985, 12.71074 ], [ 75.59788, 12.72036 ], [ 75.58915, 12.76298 ], [ 75.58034, 12.77674 ], [ 75.5691, 12.78399 ], [ 75.53423, 12.80127 ], [ 75.48627, 12.81857 ], [ 75.48284, 12.82144 ], [ 75.46909, 12.83904 ], [ 75.43725, 12.83689 ], [ 75.43037, 12.83884 ], [ 75.42586, 12.84314 ], [ 75.41009, 12.86825 ], [ 75.40624, 12.87101 ], [ 75.40047, 12.87749 ], [ 75.3983, 12.88419 ], [ 75.39642, 12.92873 ], [ 75.38515, 12.96868 ], [ 75.37235, 13.0509 ], [ 75.37624, 13.07552 ], [ 75.38373, 13.09175 ], [ 75.38417, 13.10033 ], [ 75.38569, 13.10477 ], [ 75.38641, 13.1022 ], [ 75.38492, 13.10022 ] ], [ [ 75.40022, 13.05147 ], [ 75.41234, 12.97395 ], [ 75.42381, 12.93327 ], [ 75.42571, 12.89173 ], [ 75.43101, 12.88748 ], [ 75.44489, 12.86458 ], [ 75.47457, 12.86663 ], [ 75.48108, 12.86553 ], [ 75.48612, 12.86184 ], [ 75.50193, 12.84161 ], [ 75.54443, 12.82652 ], [ 75.55942, 12.8192 ], [ 75.55336, 12.85188 ], [ 75.5429, 12.93049 ], [ 75.52709, 12.93924 ], [ 75.52288, 12.94383 ], [ 75.52138, 12.948 ], [ 75.51768, 12.97229 ], [ 75.51163, 12.97737 ], [ 75.48931, 13.00153 ], [ 75.47233, 13.0132 ], [ 75.46972, 13.01784 ], [ 75.46794, 13.0267 ], [ 75.45511, 13.0264 ], [ 75.45067, 13.0272 ], [ 75.43261, 13.03828 ], [ 75.42957, 13.04091 ], [ 75.42726, 13.04471 ], [ 75.42639, 13.04816 ], [ 75.42758, 13.07167 ], [ 75.42607, 13.07464 ], [ 75.41824, 13.07512 ], [ 75.40847, 13.07946 ], [ 75.40293, 13.06774 ], [ 75.40022, 13.05147 ] ] ] } },
{ "type": "Feature", "properties": { "newname": null }, "geometry": { "type": "Polygon", "coordinates": [ [ [ 75.42001, 13.07474 ], [ 75.42607, 13.07464 ], [ 75.42758, 13.07167 ], [ 75.42632, 13.04904 ], [ 75.42726, 13.04471 ], [ 75.42957, 13.04091 ], [ 75.43261, 13.03828 ], [ 75.45067, 13.0272 ], [ 75.45511, 13.0264 ], [ 75.46794, 13.0267 ], [ 75.46972, 13.01784 ], [ 75.47233, 13.0132 ], [ 75.48931, 13.00153 ], [ 75.51163, 12.97737 ], [ 75.51768, 12.97229 ], [ 75.52138, 12.948 ], [ 75.52386, 12.94233 ], [ 75.52785, 12.93876 ], [ 75.5429, 12.93049 ], [ 75.55336, 12.85188 ], [ 75.55942, 12.8192 ], [ 75.54443, 12.82652 ], [ 75.50193, 12.84161 ], [ 75.48612, 12.86184 ], [ 75.48108, 12.86553 ], [ 75.47457, 12.86663 ], [ 75.44489, 12.86458 ], [ 75.43101, 12.88748 ], [ 75.42571, 12.89173 ], [ 75.42381, 12.93327 ], [ 75.41234, 12.97395 ], [ 75.40022, 13.05147 ], [ 75.40293, 13.06774 ], [ 75.40847, 13.07946 ], [ 75.42001, 13.07474 ] ] ] } },
{ "type": "Feature", "properties": { "newname": null }, "geometry": { "type": "Polygon", "coordinates": [ [ [ 75.64393, 12.50537 ], [ 75.65527, 12.49485 ], [ 75.65838, 12.49441 ], [ 75.65776, 12.49273 ], [ 75.65531, 12.48903 ], [ 75.65255, 12.48675 ], [ 75.63936, 12.48006 ], [ 75.63426, 12.47626 ], [ 75.62826, 12.47393 ], [ 75.62673, 12.46831 ], [ 75.62266, 12.46363 ], [ 75.6195, 12.46192 ], [ 75.61511, 12.46101 ], [ 75.59765, 12.46344 ], [ 75.59154, 12.46212 ], [ 75.58471, 12.45594 ], [ 75.5788, 12.45388 ], [ 75.55378, 12.45563 ], [ 75.54398, 12.44642 ], [ 75.52291, 12.42432 ], [ 75.51753, 12.42117 ], [ 75.51308, 12.42053 ], [ 75.50866, 12.42134 ], [ 75.49461, 12.42902 ], [ 75.49139, 12.4321 ], [ 75.48409, 12.44353 ], [ 75.47509, 12.44272 ], [ 75.46152, 12.44408 ], [ 75.45629, 12.44167 ], [ 75.4472, 12.44364 ], [ 75.44418, 12.44303 ], [ 75.44247, 12.44124 ], [ 75.43428, 12.43994 ], [ 75.43227, 12.43862 ], [ 75.43166, 12.43627 ], [ 75.42677, 12.43393 ], [ 75.42614, 12.43104 ], [ 75.42352, 12.43006 ], [ 75.42361, 12.42776 ], [ 75.42058, 12.43341 ], [ 75.42025, 12.44042 ], [ 75.42311, 12.45193 ], [ 75.42589, 12.45647 ], [ 75.43022, 12.45961 ], [ 75.45496, 12.47088 ], [ 75.45941, 12.47151 ], [ 75.47537, 12.46991 ], [ 75.48789, 12.47107 ], [ 75.49231, 12.47027 ], [ 75.50453, 12.46234 ], [ 75.51138, 12.45188 ], [ 75.52461, 12.46573 ], [ 75.53917, 12.47943 ], [ 75.54285, 12.48191 ], [ 75.54898, 12.48319 ], [ 75.57211, 12.48137 ], [ 75.57653, 12.48544 ], [ 75.58053, 12.48744 ], [ 75.59571, 12.49071 ], [ 75.60235, 12.49017 ], [ 75.6047, 12.4931 ], [ 75.60841, 12.4956 ], [ 75.62067, 12.50008 ], [ 75.62512, 12.50336 ], [ 75.63927, 12.51046 ], [ 75.64083, 12.51106 ], [ 75.64233, 12.51014 ], [ 75.64393, 12.50537 ] ] ] } },
{ "type": "Feature", "properties": { "newname": null }, "geometry": { "type": "Polygon", "coordinates": [ [ [ 75.46209, 12.44038 ], [ 75.46045, 12.43539 ], [ 75.46306, 12.43448 ], [ 75.46613, 12.43504 ], [ 75.46877, 12.43331 ], [ 75.47144, 12.43324 ], [ 75.48127, 12.42945 ], [ 75.48322, 12.42733 ], [ 75.48228, 12.42555 ], [ 75.48878, 12.42273 ], [ 75.48939, 12.41997 ], [ 75.49474, 12.41711 ], [ 75.49761, 12.41707 ], [ 75.5004, 12.41536 ], [ 75.49965, 12.41272 ], [ 75.50051, 12.40913 ], [ 75.49888, 12.40792 ], [ 75.49834, 12.4039 ], [ 75.49219, 12.39377 ], [ 75.49186, 12.38945 ], [ 75.49086, 12.38751 ], [ 75.49075, 12.38488 ], [ 75.49337, 12.37629 ], [ 75.4928, 12.36352 ], [ 75.49337, 12.36148 ], [ 75.50699, 12.35464 ], [ 75.5098, 12.3553 ], [ 75.51202, 12.35429 ], [ 75.52667, 12.34471 ], [ 75.52831, 12.34108 ], [ 75.52975, 12.33209 ], [ 75.53274, 12.32909 ], [ 75.53875, 12.32743 ], [ 75.54753, 12.31484 ], [ 75.5518, 12.30648 ], [ 75.55381, 12.30553 ], [ 75.54686, 12.29849 ], [ 75.53936, 12.29484 ], [ 75.5365, 12.29182 ], [ 75.53387, 12.29038 ], [ 75.52682, 12.2925 ], [ 75.52347, 12.29063 ], [ 75.51849, 12.28987 ], [ 75.51428, 12.29077 ], [ 75.50891, 12.28825 ], [ 75.50452, 12.28759 ], [ 75.50005, 12.2902 ], [ 75.49104, 12.29298 ], [ 75.49244, 12.30047 ], [ 75.49209, 12.30245 ], [ 75.48843, 12.30217 ], [ 75.48682, 12.30545 ], [ 75.48711, 12.30966 ], [ 75.48638, 12.31305 ], [ 75.48025, 12.31848 ], [ 75.47791, 12.31829 ], [ 75.47124, 12.32313 ], [ 75.46862, 12.32332 ], [ 75.46671, 12.32446 ], [ 75.46371, 12.32424 ], [ 75.46288, 12.32219 ], [ 75.45856, 12.32054 ], [ 75.45534, 12.31801 ], [ 75.452, 12.31964 ], [ 75.44762, 12.31945 ], [ 75.44587, 12.32097 ], [ 75.44659, 12.32328 ], [ 75.44511, 12.32655 ], [ 75.44629, 12.33121 ], [ 75.44442, 12.33377 ], [ 75.44384, 12.33651 ], [ 75.44534, 12.33793 ], [ 75.4437, 12.3402 ], [ 75.44692, 12.34343 ], [ 75.44631, 12.3458 ], [ 75.4436, 12.34942 ], [ 75.44133, 12.34992 ], [ 75.4374, 12.35258 ], [ 75.43806, 12.35763 ], [ 75.43621, 12.36217 ], [ 75.43315, 12.36096 ], [ 75.4315, 12.36239 ], [ 75.43194, 12.36438 ], [ 75.43587, 12.36642 ], [ 75.43504, 12.3708 ], [ 75.43618, 12.3726 ], [ 75.44315, 12.37598 ], [ 75.44604, 12.37579 ], [ 75.44897, 12.37686 ], [ 75.45001, 12.37936 ], [ 75.45044, 12.39057 ], [ 75.44263, 12.40258 ], [ 75.4405, 12.41335 ], [ 75.43405, 12.41697 ], [ 75.42823, 12.42209 ], [ 75.42363, 12.42712 ], [ 75.42352, 12.43006 ], [ 75.42614, 12.43104 ], [ 75.42677, 12.43393 ], [ 75.43166, 12.43627 ], [ 75.43227, 12.43862 ], [ 75.43428, 12.43994 ], [ 75.44033, 12.44055 ], [ 75.44247, 12.44124 ], [ 75.44418, 12.44303 ], [ 75.4472, 12.44364 ], [ 75.46209, 12.44038 ] ] ] } },
{ "type": "Feature", "properties": { "newname": null }, "geometry": { "type": "Polygon", "coordinates": [ [ [ 77.27398, 8.57355 ], [ 77.27775, 8.57247 ], [ 77.28079, 8.56887 ], [ 77.28317, 8.56881 ], [ 77.28818, 8.5652 ], [ 77.28826, 8.56737 ], [ 77.28968, 8.56877 ], [ 77.29014, 8.56767 ], [ 77.29376, 8.56609 ], [ 77.30211, 8.56485 ], [ 77.30362, 8.56325 ], [ 77.30571, 8.56284 ], [ 77.30722, 8.56061 ], [ 77.31247, 8.55785 ], [ 77.31481, 8.55791 ], [ 77.3175, 8.55929 ], [ 77.32109, 8.55682 ], [ 77.3254, 8.55695 ], [ 77.32703, 8.55427 ], [ 77.33834, 8.55109 ], [ 77.34205, 8.54683 ], [ 77.34746, 8.54348 ], [ 77.34999, 8.54359 ], [ 77.35184, 8.54504 ], [ 77.35262, 8.54357 ], [ 77.35098, 8.54113 ], [ 77.35273, 8.54013 ], [ 77.3541, 8.53805 ], [ 77.35612, 8.53818 ], [ 77.35854, 8.5363 ], [ 77.35911, 8.53908 ], [ 77.36164, 8.539 ], [ 77.36394, 8.53596 ], [ 77.36442, 8.53335 ], [ 77.36324, 8.52996 ], [ 77.36729, 8.52817 ], [ 77.36954, 8.52598 ], [ 77.36855, 8.52204 ], [ 77.37215, 8.51968 ], [ 77.37639, 8.51517 ], [ 77.3794, 8.52109 ], [ 77.38326, 8.5185 ], [ 77.39099, 8.52107 ], [ 77.39512, 8.519 ], [ 77.40026, 8.51829 ], [ 77.40542, 8.5141 ], [ 77.40904, 8.51344 ], [ 77.41406, 8.5141 ], [ 77.42141, 8.5123 ], [ 77.42838, 8.50919 ], [ 77.43026, 8.50923 ], [ 77.43502, 8.50327 ], [ 77.44047, 8.50403 ], [ 77.44201, 8.50076 ], [ 77.44593, 8.49905 ], [ 77.44741, 8.4964 ], [ 77.4469, 8.48974 ], [ 77.44833, 8.48919 ], [ 77.44974, 8.4854 ], [ 77.44631, 8.48327 ], [ 77.44623, 8.47367 ], [ 77.44757, 8.47177 ], [ 77.45215, 8.47154 ], [ 77.45836, 8.46644 ], [ 77.46403, 8.46613 ], [ 77.46765, 8.46739 ], [ 77.46885, 8.46444 ], [ 77.46479, 8.46221 ], [ 77.46464, 8.46136 ], [ 77.46931, 8.45638 ], [ 77.47281, 8.45402 ], [ 77.47352, 8.45002 ], [ 77.46906, 8.44667 ], [ 77.46553, 8.44153 ], [ 77.46431, 8.43503 ], [ 77.46503, 8.43171 ], [ 77.46435, 8.42925 ], [ 77.46492, 8.42586 ], [ 77.46685, 8.42258 ], [ 77.46685, 8.42015 ], [ 77.46949, 8.41676 ], [ 77.4696, 8.41369 ], [ 77.4737, 8.41483 ], [ 77.47312, 8.4015 ], [ 77.47474, 8.39729 ], [ 77.47781, 8.39491 ], [ 77.48049, 8.39476 ], [ 77.48976, 8.38749 ], [ 77.49003, 8.38136 ], [ 77.49165, 8.379 ], [ 77.50198, 8.37983 ], [ 77.506, 8.38354 ], [ 77.50879, 8.38504 ], [ 77.51445, 8.38254 ], [ 77.5228, 8.38278 ], [ 77.52466, 8.38385 ], [ 77.52532, 8.38649 ], [ 77.53287, 8.39154 ], [ 77.53582, 8.38918 ], [ 77.53774, 8.38621 ], [ 77.53986, 8.38509 ], [ 77.54162, 8.38026 ], [ 77.54357, 8.37776 ], [ 77.53758, 8.37305 ], [ 77.53513, 8.36594 ], [ 77.53604, 8.3592 ], [ 77.53787, 8.35796 ], [ 77.53639, 8.35601 ], [ 77.53753, 8.35175 ], [ 77.53694, 8.35042 ], [ 77.53815, 8.34918 ], [ 77.53963, 8.34909 ], [ 77.53944, 8.34835 ], [ 77.54113, 8.34671 ], [ 77.53906, 8.33993 ], [ 77.54041, 8.33945 ], [ 77.54134, 8.33543 ], [ 77.54267, 8.33543 ], [ 77.54308, 8.3345 ], [ 77.5416, 8.33265 ], [ 77.53984, 8.33362 ], [ 77.53496, 8.33396 ], [ 77.53568, 8.33034 ], [ 77.53323, 8.32667 ], [ 77.53332, 8.32544 ], [ 77.53494, 8.32503 ], [ 77.53573, 8.32382 ], [ 77.53228, 8.31849 ], [ 77.54291, 8.31071 ], [ 77.54681, 8.306 ], [ 77.54819, 8.30052 ], [ 77.54762, 8.29938 ], [ 77.54917, 8.29888 ], [ 77.54991, 8.29714 ], [ 77.54938, 8.29607 ], [ 77.55257, 8.29367 ], [ 77.55574, 8.28944 ], [ 77.55781, 8.28922 ], [ 77.5574, 8.28827 ], [ 77.55862, 8.28782 ], [ 77.55964, 8.28503 ], [ 77.55924, 8.28344 ], [ 77.56066, 8.28284 ], [ 77.56568, 8.27685 ], [ 77.56349, 8.27611 ], [ 77.55926, 8.27836 ], [ 77.55864, 8.27941 ], [ 77.55401, 8.28021 ], [ 77.55489, 8.27848 ], [ 77.55296, 8.27766 ], [ 77.55236, 8.27625 ], [ 77.55365, 8.27477 ], [ 77.55388, 8.26828 ], [ 77.55222, 8.26831 ], [ 77.54961, 8.26671 ], [ 77.54895, 8.26534 ], [ 77.54477, 8.26524 ], [ 77.53829, 8.26953 ], [ 77.53688, 8.27166 ], [ 77.53566, 8.26995 ], [ 77.53729, 8.26666 ], [ 77.53421, 8.26563 ], [ 77.53197, 8.26742 ], [ 77.5294, 8.26769 ], [ 77.52658, 8.26957 ], [ 77.5253, 8.26957 ], [ 77.52525, 8.26869 ], [ 77.5239, 8.26932 ], [ 77.52235, 8.2685 ], [ 77.52064, 8.26904 ], [ 77.51997, 8.27104 ], [ 77.52144, 8.27224 ], [ 77.52243, 8.27517 ], [ 77.52049, 8.27401 ], [ 77.51902, 8.27408 ], [ 77.51837, 8.27248 ], [ 77.51527, 8.26991 ], [ 77.51438, 8.26999 ], [ 77.5147, 8.27273 ], [ 77.51143, 8.27401 ], [ 77.50987, 8.27785 ], [ 77.50889, 8.288 ], [ 77.5024, 8.28015 ], [ 77.4949, 8.27402 ], [ 77.4923, 8.27353 ], [ 77.47964, 8.27696 ], [ 77.47412, 8.27342 ], [ 77.47033, 8.28036 ], [ 77.46001, 8.28465 ], [ 77.45971, 8.28556 ], [ 77.46226, 8.2879 ], [ 77.46795, 8.2896 ], [ 77.47031, 8.28859 ], [ 77.47292, 8.28611 ], [ 77.47395, 8.28617 ], [ 77.47604, 8.28763 ], [ 77.47614, 8.28894 ], [ 77.47443, 8.29223 ], [ 77.47693, 8.29269 ], [ 77.47825, 8.29483 ], [ 77.48025, 8.29494 ], [ 77.48096, 8.29323 ], [ 77.4836, 8.29265 ], [ 77.48789, 8.29633 ], [ 77.49203, 8.29772 ], [ 77.49424, 8.30243 ], [ 77.49478, 8.30557 ], [ 77.49317, 8.30925 ], [ 77.48575, 8.31018 ], [ 77.48425, 8.30932 ], [ 77.48332, 8.31236 ], [ 77.47718, 8.3125 ], [ 77.47183, 8.31439 ], [ 77.47179, 8.31568 ], [ 77.46915, 8.31678 ], [ 77.46754, 8.32274 ], [ 77.46094, 8.32335 ], [ 77.46098, 8.32635 ], [ 77.45876, 8.32863 ], [ 77.45662, 8.32742 ], [ 77.45348, 8.32917 ], [ 77.44563, 8.32999 ], [ 77.43621, 8.32852 ], [ 77.43578, 8.32417 ], [ 77.43221, 8.3231 ], [ 77.43174, 8.32039 ], [ 77.42882, 8.31982 ], [ 77.42735, 8.32082 ], [ 77.42493, 8.31949 ], [ 77.42296, 8.32049 ], [ 77.42075, 8.32492 ], [ 77.42054, 8.33149 ], [ 77.41968, 8.33331 ], [ 77.4185, 8.33341 ], [ 77.41326, 8.33013 ], [ 77.41208, 8.33017 ], [ 77.4089, 8.33259 ], [ 77.40583, 8.33241 ], [ 77.4033, 8.33463 ], [ 77.40194, 8.33713 ], [ 77.3952, 8.3367 ], [ 77.39141, 8.33912 ], [ 77.38492, 8.33991 ], [ 77.3827, 8.34241 ], [ 77.37492, 8.34259 ], [ 77.36714, 8.34555 ], [ 77.36025, 8.34623 ], [ 77.35765, 8.34862 ], [ 77.35019, 8.35083 ], [ 77.34944, 8.35244 ], [ 77.35079, 8.35487 ], [ 77.34901, 8.35908 ], [ 77.34705, 8.3605 ], [ 77.34226, 8.36161 ], [ 77.3383, 8.36511 ], [ 77.33598, 8.36857 ], [ 77.33555, 8.37061 ], [ 77.33163, 8.3695 ], [ 77.32203, 8.37207 ], [ 77.31764, 8.37546 ], [ 77.31221, 8.37778 ], [ 77.30793, 8.38517 ], [ 77.30361, 8.38881 ], [ 77.30382, 8.39263 ], [ 77.30475, 8.39313 ], [ 77.30868, 8.39191 ], [ 77.3095, 8.39077 ], [ 77.30843, 8.38931 ], [ 77.30864, 8.38831 ], [ 77.31071, 8.38763 ], [ 77.31482, 8.3892 ], [ 77.3145, 8.39131 ], [ 77.31511, 8.3922 ], [ 77.32016, 8.39233 ], [ 77.32166, 8.3908 ], [ 77.32305, 8.39654 ], [ 77.32415, 8.39547 ], [ 77.32483, 8.39629 ], [ 77.32351, 8.39804 ], [ 77.32148, 8.39715 ], [ 77.32062, 8.39751 ], [ 77.32051, 8.39901 ], [ 77.32183, 8.40026 ], [ 77.32126, 8.40161 ], [ 77.31894, 8.40076 ], [ 77.31295, 8.40486 ], [ 77.31163, 8.4039 ], [ 77.31305, 8.4014 ], [ 77.30888, 8.40136 ], [ 77.30824, 8.39883 ], [ 77.30677, 8.39933 ], [ 77.30599, 8.40093 ], [ 77.30331, 8.40286 ], [ 77.30392, 8.406 ], [ 77.30288, 8.40793 ], [ 77.30352, 8.40943 ], [ 77.30984, 8.41428 ], [ 77.31314, 8.41474 ], [ 77.31672, 8.41124 ], [ 77.31862, 8.41086 ], [ 77.32015, 8.41257 ], [ 77.32053, 8.4181 ], [ 77.31063, 8.42856 ], [ 77.30758, 8.43313 ], [ 77.30758, 8.43637 ], [ 77.30911, 8.44018 ], [ 77.31234, 8.44322 ], [ 77.31234, 8.44532 ], [ 77.3072, 8.44627 ], [ 77.29749, 8.45236 ], [ 77.29178, 8.44303 ], [ 77.28874, 8.44265 ], [ 77.28265, 8.44703 ], [ 77.27522, 8.45084 ], [ 77.26913, 8.45217 ], [ 77.25589, 8.45767 ], [ 77.25052, 8.46154 ], [ 77.25095, 8.46618 ], [ 77.24588, 8.47221 ], [ 77.2335, 8.47546 ], [ 77.22482, 8.47956 ], [ 77.21793, 8.48545 ], [ 77.2044, 8.50142 ], [ 77.21125, 8.50528 ], [ 77.21507, 8.51118 ], [ 77.22178, 8.51116 ], [ 77.23074, 8.50747 ], [ 77.24049, 8.49529 ], [ 77.24511, 8.49618 ], [ 77.24732, 8.50071 ], [ 77.25223, 8.50389 ], [ 77.25674, 8.50357 ], [ 77.25859, 8.50547 ], [ 77.26122, 8.50456 ], [ 77.26341, 8.50534 ], [ 77.26659, 8.51128 ], [ 77.2675, 8.51724 ], [ 77.27222, 8.52841 ], [ 77.27528, 8.53248 ], [ 77.27555, 8.53604 ], [ 77.28473, 8.54505 ], [ 77.28332, 8.54906 ], [ 77.27837, 8.55369 ], [ 77.27527, 8.55803 ], [ 77.27591, 8.5641 ], [ 77.27148, 8.57063 ], [ 77.27009, 8.5771 ], [ 77.2708, 8.57772 ], [ 77.27398, 8.57355 ] ] ] } },
{ "type": "Feature", "properties": { "newname": null }, "geometry": { "type": "Polygon", "coordinates": [ [ [ 77.24567, 8.61718 ], [ 77.24517, 8.60082 ], [ 77.24628, 8.59811 ], [ 77.24763, 8.59663 ], [ 77.25523, 8.5926 ], [ 77.25931, 8.58775 ], [ 77.26461, 8.58339 ], [ 77.26668, 8.57894 ], [ 77.27304, 8.57144 ], [ 77.27488, 8.55656 ], [ 77.2832, 8.54726 ], [ 77.28408, 8.54454 ], [ 77.27688, 8.53719 ], [ 77.27189, 8.53011 ], [ 77.26847, 8.52115 ], [ 77.26511, 8.50628 ], [ 77.26317, 8.50497 ], [ 77.26128, 8.5039 ], [ 77.25321, 8.50326 ], [ 77.24486, 8.49681 ], [ 77.23944, 8.49605 ], [ 77.23298, 8.49879 ], [ 77.22837, 8.50434 ], [ 77.22472, 8.50734 ], [ 77.22163, 8.5093 ], [ 77.21779, 8.51031 ], [ 77.21398, 8.50916 ], [ 77.20861, 8.50492 ], [ 77.20356, 8.49809 ], [ 77.19963, 8.49989 ], [ 77.1947, 8.50527 ], [ 77.19321, 8.50442 ], [ 77.19224, 8.5082 ], [ 77.19058, 8.50978 ], [ 77.18994, 8.51262 ], [ 77.18471, 8.51825 ], [ 77.18535, 8.52067 ], [ 77.18317, 8.52475 ], [ 77.17901, 8.52621 ], [ 77.17825, 8.52467 ], [ 77.17285, 8.53033 ], [ 77.17117, 8.53049 ], [ 77.17045, 8.52713 ], [ 77.1719, 8.52441 ], [ 77.17484, 8.52188 ], [ 77.1749, 8.52093 ], [ 77.17395, 8.52074 ], [ 77.17107, 8.52287 ], [ 77.16636, 8.5296 ], [ 77.16339, 8.53045 ], [ 77.15972, 8.53353 ], [ 77.15884, 8.53341 ], [ 77.16585, 8.52739 ], [ 77.16601, 8.52374 ], [ 77.17174, 8.51808 ], [ 77.172, 8.51727 ], [ 77.17105, 8.51694 ], [ 77.16452, 8.52309 ], [ 77.16389, 8.52721 ], [ 77.16197, 8.52993 ], [ 77.16115, 8.52947 ], [ 77.1612, 8.52785 ], [ 77.16032, 8.52779 ], [ 77.15833, 8.53072 ], [ 77.15686, 8.53154 ], [ 77.15643, 8.52953 ], [ 77.15408, 8.53036 ], [ 77.15372, 8.52848 ], [ 77.15263, 8.52822 ], [ 77.14969, 8.53028 ], [ 77.15012, 8.5321 ], [ 77.14859, 8.5338 ], [ 77.14471, 8.53347 ], [ 77.14279, 8.53606 ], [ 77.13997, 8.53717 ], [ 77.14058, 8.53811 ], [ 77.1455, 8.5369 ], [ 77.14672, 8.5379 ], [ 77.1464, 8.53925 ], [ 77.14418, 8.54002 ], [ 77.14386, 8.54138 ], [ 77.13955, 8.54266 ], [ 77.14009, 8.54492 ], [ 77.13946, 8.55091 ], [ 77.14153, 8.55299 ], [ 77.14471, 8.55422 ], [ 77.14972, 8.54994 ], [ 77.15502, 8.55136 ], [ 77.1549, 8.55326 ], [ 77.1529, 8.55645 ], [ 77.15333, 8.55721 ], [ 77.15459, 8.55727 ], [ 77.15349, 8.55925 ], [ 77.15742, 8.56589 ], [ 77.1607, 8.56909 ], [ 77.17224, 8.56965 ], [ 77.19146, 8.57631 ], [ 77.19724, 8.57737 ], [ 77.2005, 8.57916 ], [ 77.20164, 8.58055 ], [ 77.20285, 8.58687 ], [ 77.20473, 8.59106 ], [ 77.2124, 8.59674 ], [ 77.21348, 8.60502 ], [ 77.21589, 8.61171 ], [ 77.21861, 8.61533 ], [ 77.23263, 8.62479 ], [ 77.23455, 8.62546 ], [ 77.23603, 8.62302 ], [ 77.24567, 8.61718 ] ] ] } },
{ "type": "Feature", "properties": { "newname": null }, "geometry": { "type": "Polygon", "coordinates": [ [ [ 77.18153, 8.68318 ], [ 77.1887, 8.68211 ], [ 77.20102, 8.67732 ], [ 77.20558, 8.67728 ], [ 77.20163, 8.66909 ], [ 77.2016, 8.66616 ], [ 77.20882, 8.65977 ], [ 77.21448, 8.64627 ], [ 77.22265, 8.63896 ], [ 77.23118, 8.63565 ], [ 77.23235, 8.63417 ], [ 77.23455, 8.62546 ], [ 77.21861, 8.61533 ], [ 77.21589, 8.61171 ], [ 77.21348, 8.60502 ], [ 77.2124, 8.59674 ], [ 77.20473, 8.59106 ], [ 77.20285, 8.58687 ], [ 77.20164, 8.58055 ], [ 77.2005, 8.57916 ], [ 77.19724, 8.57737 ], [ 77.19146, 8.57631 ], [ 77.18608, 8.57399 ], [ 77.17017, 8.59715 ], [ 77.16697, 8.60001 ], [ 77.15075, 8.60892 ], [ 77.14517, 8.61292 ], [ 77.14001, 8.61692 ], [ 77.13414, 8.62326 ], [ 77.13077, 8.62387 ], [ 77.13092, 8.62499 ], [ 77.13305, 8.62665 ], [ 77.13306, 8.62764 ], [ 77.12668, 8.63531 ], [ 77.1227, 8.64309 ], [ 77.11941, 8.65087 ], [ 77.11905, 8.65565 ], [ 77.12064, 8.65929 ], [ 77.12292, 8.66179 ], [ 77.12884, 8.66257 ], [ 77.13403, 8.6611 ], [ 77.13856, 8.66111 ], [ 77.14236, 8.66279 ], [ 77.14205, 8.67208 ], [ 77.14268, 8.67714 ], [ 77.1441, 8.67839 ], [ 77.14636, 8.67864 ], [ 77.14733, 8.6775 ], [ 77.14841, 8.67411 ], [ 77.14834, 8.66807 ], [ 77.15507, 8.66644 ], [ 77.15665, 8.66867 ], [ 77.15877, 8.66949 ], [ 77.16143, 8.66833 ], [ 77.16852, 8.66136 ], [ 77.17021, 8.66162 ], [ 77.17051, 8.66274 ], [ 77.16955, 8.66486 ], [ 77.17384, 8.67029 ], [ 77.17503, 8.67534 ], [ 77.1763, 8.67603 ], [ 77.1776, 8.67841 ], [ 77.17663, 8.68563 ], [ 77.18153, 8.68318 ] ] ] } },
{ "type": "Feature", "properties": { "newname": null }, "geometry": { "type": "Polygon", "coordinates": [ [ [ 76.41499, 10.47857 ], [ 76.42275, 10.4676 ], [ 76.42793, 10.46492 ], [ 76.42435, 10.46253 ], [ 76.42016, 10.46138 ], [ 76.42517, 10.45688 ], [ 76.43768, 10.4417 ], [ 76.43423, 10.44303 ], [ 76.43184, 10.44561 ], [ 76.42927, 10.44612 ], [ 76.42652, 10.44423 ], [ 76.42089, 10.4438 ], [ 76.41959, 10.44286 ], [ 76.41958, 10.4419 ], [ 76.42438, 10.43961 ], [ 76.44467, 10.43321 ], [ 76.46694, 10.41595 ], [ 76.47251, 10.40883 ], [ 76.49087, 10.39263 ], [ 76.51028, 10.39312 ], [ 76.5101, 10.39002 ], [ 76.50761, 10.38271 ], [ 76.50596, 10.38123 ], [ 76.5026, 10.38009 ], [ 76.5091, 10.37844 ], [ 76.51339, 10.37858 ], [ 76.5161, 10.37481 ], [ 76.52062, 10.37253 ], [ 76.52826, 10.37207 ], [ 76.53379, 10.36781 ], [ 76.51584, 10.36634 ], [ 76.48618, 10.36559 ], [ 76.48031, 10.36675 ], [ 76.47679, 10.369 ], [ 76.45317, 10.38984 ], [ 76.44794, 10.3965 ], [ 76.42733, 10.41189 ], [ 76.40495, 10.43883 ], [ 76.39014, 10.45162 ], [ 76.3879, 10.4554 ], [ 76.38396, 10.4661 ], [ 76.38368, 10.47306 ], [ 76.38696, 10.47923 ], [ 76.40079, 10.48894 ], [ 76.41499, 10.47857 ] ] ] } },
{ "type": "Feature", "properties": { "newname": null }, "geometry": { "type": "Polygon", "coordinates": [ [ [ 76.49472, 10.48921 ], [ 76.50094, 10.48835 ], [ 76.50442, 10.48652 ], [ 76.51092, 10.48026 ], [ 76.51613, 10.47998 ], [ 76.52125, 10.47867 ], [ 76.52507, 10.47638 ], [ 76.53076, 10.46811 ], [ 76.53768, 10.45569 ], [ 76.54083, 10.45408 ], [ 76.55293, 10.45295 ], [ 76.55699, 10.45211 ], [ 76.55868, 10.45086 ], [ 76.55885, 10.44568 ], [ 76.55939, 10.44354 ], [ 76.56052, 10.44308 ], [ 76.55787, 10.43741 ], [ 76.55494, 10.43424 ], [ 76.54234, 10.42798 ], [ 76.53892, 10.4245 ], [ 76.53138, 10.41067 ], [ 76.52799, 10.40943 ], [ 76.52445, 10.40931 ], [ 76.51339, 10.4123 ], [ 76.50664, 10.41205 ], [ 76.49944, 10.415 ], [ 76.49062, 10.41701 ], [ 76.47894, 10.42209 ], [ 76.42438, 10.43961 ], [ 76.41958, 10.4419 ], [ 76.41959, 10.44286 ], [ 76.42089, 10.4438 ], [ 76.42652, 10.44423 ], [ 76.42927, 10.44612 ], [ 76.43184, 10.44561 ], [ 76.43423, 10.44303 ], [ 76.43807, 10.44155 ], [ 76.44611, 10.44163 ], [ 76.45187, 10.43949 ], [ 76.46135, 10.43924 ], [ 76.46281, 10.44034 ], [ 76.46321, 10.44801 ], [ 76.46066, 10.44995 ], [ 76.45471, 10.44937 ], [ 76.44717, 10.45121 ], [ 76.43736, 10.45067 ], [ 76.43561, 10.45213 ], [ 76.4325, 10.46287 ], [ 76.42275, 10.4676 ], [ 76.42021, 10.47051 ], [ 76.417, 10.47654 ], [ 76.42853, 10.47761 ], [ 76.43047, 10.47939 ], [ 76.43176, 10.48366 ], [ 76.43371, 10.48589 ], [ 76.43677, 10.48664 ], [ 76.44296, 10.48354 ], [ 76.44794, 10.48304 ], [ 76.45067, 10.48414 ], [ 76.45616, 10.48971 ], [ 76.45817, 10.49037 ], [ 76.46372, 10.48998 ], [ 76.47075, 10.49159 ], [ 76.47839, 10.49646 ], [ 76.48517, 10.49628 ], [ 76.49472, 10.48921 ] ] ] } },
{ "type": "Feature", "properties": { "newname": null }, "geometry": { "type": "Polygon", "coordinates": [ [ [ 76.27512, 9.98794 ], [ 76.27405, 9.98667 ], [ 76.27321, 9.9879 ], [ 76.27488, 9.98878 ], [ 76.27512, 9.98794 ] ] ] } },
{ "type": "Feature", "properties": { "newname": null }, "geometry": { "type": "Polygon", "coordinates": [ [ [ 76.7423, 10.15247 ], [ 76.74582, 10.15311 ], [ 76.74759, 10.15005 ], [ 76.75044, 10.14907 ], [ 76.76255, 10.13059 ], [ 76.76531, 10.12449 ], [ 76.76518, 10.12314 ], [ 76.75852, 10.12411 ], [ 76.7575, 10.12367 ], [ 76.74944, 10.11596 ], [ 76.74377, 10.11433 ], [ 76.73729, 10.11114 ], [ 76.72994, 10.10132 ], [ 76.72371, 10.09982 ], [ 76.72162, 10.09811 ], [ 76.71542, 10.10585 ], [ 76.69934, 10.11879 ], [ 76.69052, 10.128 ], [ 76.67954, 10.13768 ], [ 76.67485, 10.1436 ], [ 76.68123, 10.14571 ], [ 76.70024, 10.1473 ], [ 76.70763, 10.15082 ], [ 76.72102, 10.14967 ], [ 76.72534, 10.15232 ], [ 76.73034, 10.15396 ], [ 76.7423, 10.15247 ] ] ] } },
{ "type": "Feature", "properties": { "newname": null }, "geometry": { "type": "Polygon", "coordinates": [ [ [ 76.83171, 10.51069 ], [ 76.83069, 10.4997 ], [ 76.83009, 10.47402 ], [ 76.82693, 10.45449 ], [ 76.82235, 10.43995 ], [ 76.81786, 10.43259 ], [ 76.82497, 10.42653 ], [ 76.82448, 10.42396 ], [ 76.82726, 10.41895 ], [ 76.83277, 10.41905 ], [ 76.83522, 10.41421 ], [ 76.83537, 10.41238 ], [ 76.83452, 10.41122 ], [ 76.82708, 10.40417 ], [ 76.8279, 10.40233 ], [ 76.83226, 10.40361 ], [ 76.83899, 10.40768 ], [ 76.84083, 10.40783 ], [ 76.84115, 10.40716 ], [ 76.83879, 10.40486 ], [ 76.8351, 10.40358 ], [ 76.83256, 10.40078 ], [ 76.83105, 10.4008 ], [ 76.83087, 10.39931 ], [ 76.83481, 10.39328 ], [ 76.83648, 10.3931 ], [ 76.83713, 10.3916 ], [ 76.83979, 10.3904 ], [ 76.8401, 10.38841 ], [ 76.84142, 10.38739 ], [ 76.84607, 10.38468 ], [ 76.85008, 10.3853 ], [ 76.85003, 10.38115 ], [ 76.84918, 10.37917 ], [ 76.84766, 10.37835 ], [ 76.84909, 10.37406 ], [ 76.84653, 10.3691 ], [ 76.84798, 10.36444 ], [ 76.8441, 10.36133 ], [ 76.84321, 10.35652 ], [ 76.83781, 10.35177 ], [ 76.83727, 10.34895 ], [ 76.83786, 10.34246 ], [ 76.83447, 10.34185 ], [ 76.83086, 10.34234 ], [ 76.82615, 10.34599 ], [ 76.82191, 10.35122 ], [ 76.81922, 10.3535 ], [ 76.81809, 10.35351 ], [ 76.81422, 10.35108 ], [ 76.8106, 10.35157 ], [ 76.80946, 10.35091 ], [ 76.80853, 10.34867 ], [ 76.80893, 10.34417 ], [ 76.80754, 10.34148 ], [ 76.80371, 10.34287 ], [ 76.79236, 10.33963 ], [ 76.78764, 10.34193 ], [ 76.78383, 10.34557 ], [ 76.78135, 10.34605 ], [ 76.77908, 10.34585 ], [ 76.77474, 10.34163 ], [ 76.75844, 10.34136 ], [ 76.7535, 10.34456 ], [ 76.75425, 10.35063 ], [ 76.75495, 10.3522 ], [ 76.75768, 10.35374 ], [ 76.76381, 10.3557 ], [ 76.76753, 10.36421 ], [ 76.76749, 10.36561 ], [ 76.76706, 10.36742 ], [ 76.76346, 10.36904 ], [ 76.75894, 10.36976 ], [ 76.754, 10.37342 ], [ 76.7481, 10.37213 ], [ 76.74449, 10.37262 ], [ 76.74044, 10.37492 ], [ 76.7224, 10.38007 ], [ 76.71335, 10.38084 ], [ 76.70792, 10.38023 ], [ 76.70563, 10.378 ], [ 76.704, 10.37397 ], [ 76.70147, 10.37085 ], [ 76.69488, 10.36822 ], [ 76.69104, 10.36826 ], [ 76.68629, 10.36877 ], [ 76.68449, 10.36991 ], [ 76.68362, 10.37307 ], [ 76.68034, 10.37357 ], [ 76.67427, 10.37746 ], [ 76.6676, 10.38766 ], [ 76.66489, 10.38859 ], [ 76.66104, 10.38818 ], [ 76.65624, 10.38374 ], [ 76.65041, 10.38897 ], [ 76.6477, 10.389 ], [ 76.64474, 10.38791 ], [ 76.64199, 10.38501 ], [ 76.63815, 10.38506 ], [ 76.63768, 10.38394 ], [ 76.63633, 10.38395 ], [ 76.63116, 10.38716 ], [ 76.62957, 10.38718 ], [ 76.62524, 10.38452 ], [ 76.62366, 10.38454 ], [ 76.62074, 10.38637 ], [ 76.62123, 10.39019 ], [ 76.61924, 10.39381 ], [ 76.61254, 10.40221 ], [ 76.60913, 10.40846 ], [ 76.60556, 10.41232 ], [ 76.60339, 10.42134 ], [ 76.59936, 10.42521 ], [ 76.5909, 10.43835 ], [ 76.59025, 10.44084 ], [ 76.59095, 10.44263 ], [ 76.59438, 10.44597 ], [ 76.6003, 10.44807 ], [ 76.60259, 10.45086 ], [ 76.60654, 10.45003 ], [ 76.61583, 10.45072 ], [ 76.62046, 10.44999 ], [ 76.62602, 10.45117 ], [ 76.63506, 10.44995 ], [ 76.64482, 10.45243 ], [ 76.65084, 10.44775 ], [ 76.66386, 10.44794 ], [ 76.66645, 10.44713 ], [ 76.66846, 10.44463 ], [ 76.67085, 10.44562 ], [ 76.67314, 10.44795 ], [ 76.67407, 10.45098 ], [ 76.6733, 10.46224 ], [ 76.67377, 10.46426 ], [ 76.67593, 10.46525 ], [ 76.68035, 10.46554 ], [ 76.68418, 10.46426 ], [ 76.68744, 10.46175 ], [ 76.68932, 10.45768 ], [ 76.68971, 10.45272 ], [ 76.68888, 10.43923 ], [ 76.69, 10.43798 ], [ 76.69555, 10.43814 ], [ 76.69812, 10.4452 ], [ 76.69923, 10.44644 ], [ 76.70646, 10.44602 ], [ 76.70761, 10.44703 ], [ 76.70832, 10.45005 ], [ 76.70806, 10.45703 ], [ 76.717, 10.45727 ], [ 76.71962, 10.45803 ], [ 76.72089, 10.46072 ], [ 76.72198, 10.4769 ], [ 76.72359, 10.47869 ], [ 76.73569, 10.47707 ], [ 76.73568, 10.47572 ], [ 76.73247, 10.47215 ], [ 76.73242, 10.46855 ], [ 76.72991, 10.46588 ], [ 76.73057, 10.4643 ], [ 76.74026, 10.46127 ], [ 76.74263, 10.46114 ], [ 76.74383, 10.46404 ], [ 76.751, 10.46866 ], [ 76.75348, 10.47361 ], [ 76.75524, 10.47426 ], [ 76.75991, 10.47412 ], [ 76.76104, 10.46996 ], [ 76.76354, 10.47001 ], [ 76.76509, 10.47348 ], [ 76.76753, 10.47553 ], [ 76.76706, 10.47761 ], [ 76.77033, 10.4789 ], [ 76.77119, 10.48089 ], [ 76.77447, 10.48268 ], [ 76.78404, 10.49043 ], [ 76.78744, 10.4952 ], [ 76.79334, 10.49995 ], [ 76.80122, 10.50202 ], [ 76.80291, 10.504 ], [ 76.80415, 10.51483 ], [ 76.80227, 10.518 ], [ 76.80362, 10.51981 ], [ 76.80326, 10.52463 ], [ 76.81122, 10.52645 ], [ 76.81325, 10.52834 ], [ 76.81491, 10.53313 ], [ 76.81609, 10.53386 ], [ 76.81936, 10.53482 ], [ 76.82512, 10.53467 ], [ 76.82752, 10.53198 ], [ 76.84206, 10.54339 ], [ 76.84023, 10.53541 ], [ 76.83171, 10.51069 ] ] ] } },
{ "type": "Feature", "properties": { "newname": null }, "geometry": { "type": "Polygon", "coordinates": [ [ [ 76.84828, 10.48978 ], [ 76.85037, 10.48562 ], [ 76.85339, 10.47441 ], [ 76.85802, 10.47041 ], [ 76.85828, 10.46846 ], [ 76.85673, 10.46231 ], [ 76.8553, 10.46203 ], [ 76.85444, 10.46365 ], [ 76.85242, 10.46326 ], [ 76.84581, 10.45597 ], [ 76.84363, 10.45006 ], [ 76.841, 10.44911 ], [ 76.84015, 10.44646 ], [ 76.83936, 10.44617 ], [ 76.84145, 10.48916 ], [ 76.84398, 10.49085 ], [ 76.84673, 10.49098 ], [ 76.84828, 10.48978 ] ] ] } },
{ "type": "Feature", "properties": { "newname": null }, "geometry": { "type": "Polygon", "coordinates": [ [ [ 77.09548, 10.31572 ], [ 77.09723, 10.31334 ], [ 77.10313, 10.31485 ], [ 77.10517, 10.3146 ], [ 77.10874, 10.31095 ], [ 77.11325, 10.31 ], [ 77.11801, 10.31016 ], [ 77.11933, 10.30745 ], [ 77.11921, 10.29778 ], [ 77.11501, 10.28804 ], [ 77.11429, 10.28423 ], [ 77.11085, 10.28044 ], [ 77.1083, 10.27553 ], [ 77.09908, 10.26236 ], [ 77.09788, 10.25675 ], [ 77.09893, 10.25044 ], [ 77.10138, 10.24681 ], [ 77.11488, 10.24169 ], [ 77.12799, 10.23177 ], [ 77.12591, 10.22126 ], [ 77.12158, 10.20961 ], [ 77.11928, 10.20683 ], [ 77.11336, 10.20364 ], [ 77.11092, 10.19861 ], [ 77.10104, 10.19021 ], [ 77.09705, 10.18722 ], [ 77.09387, 10.18647 ], [ 77.09296, 10.18547 ], [ 77.0914, 10.17874 ], [ 77.08677, 10.17868 ], [ 77.08135, 10.17065 ], [ 77.07615, 10.16694 ], [ 77.06238, 10.15991 ], [ 77.05839, 10.15692 ], [ 77.05415, 10.15213 ], [ 77.04914, 10.14994 ], [ 77.04383, 10.14978 ], [ 77.03571, 10.15157 ], [ 77.03096, 10.1514 ], [ 77.03073, 10.15413 ], [ 77.03155, 10.15625 ], [ 77.03418, 10.15859 ], [ 77.03657, 10.16024 ], [ 77.0429, 10.15994 ], [ 77.04962, 10.16391 ], [ 77.05033, 10.16627 ], [ 77.04592, 10.16677 ], [ 77.02574, 10.16218 ], [ 77.02384, 10.164 ], [ 77.02548, 10.16848 ], [ 77.02829, 10.16676 ], [ 77.03147, 10.16874 ], [ 77.03174, 10.17189 ], [ 77.02972, 10.17315 ], [ 77.02442, 10.17434 ], [ 77.01967, 10.17406 ], [ 77.01678, 10.16926 ], [ 77.01361, 10.16873 ], [ 77.0108, 10.17045 ], [ 77.00989, 10.16956 ], [ 77.00728, 10.16915 ], [ 77.00349, 10.16447 ], [ 77.00145, 10.16348 ], [ 77.0001, 10.16428 ], [ 76.99881, 10.16958 ], [ 76.99998, 10.17272 ], [ 77.00294, 10.17493 ], [ 77.00611, 10.17479 ], [ 77.00884, 10.17667 ], [ 77.01405, 10.17728 ], [ 77.01522, 10.18041 ], [ 77.02149, 10.18405 ], [ 77.02674, 10.17685 ], [ 77.02831, 10.17593 ], [ 77.03986, 10.17725 ], [ 77.05394, 10.18158 ], [ 77.05652, 10.18031 ], [ 77.0603, 10.17543 ], [ 77.06234, 10.17552 ], [ 77.06652, 10.17929 ], [ 77.07271, 10.17708 ], [ 77.07384, 10.17752 ], [ 77.07467, 10.18032 ], [ 77.07603, 10.18075 ], [ 77.07882, 10.17768 ], [ 77.08085, 10.1771 ], [ 77.0883, 10.18522 ], [ 77.08832, 10.18645 ], [ 77.08282, 10.1899 ], [ 77.08107, 10.19498 ], [ 77.07736, 10.19615 ], [ 77.07626, 10.19909 ], [ 77.07503, 10.19978 ], [ 77.06926, 10.19962 ], [ 77.0671, 10.19864 ], [ 77.06474, 10.20002 ], [ 77.06491, 10.20638 ], [ 77.06698, 10.20917 ], [ 77.06711, 10.21051 ], [ 77.06511, 10.21313 ], [ 77.05508, 10.21651 ], [ 77.05267, 10.21339 ], [ 77.05074, 10.21319 ], [ 77.04765, 10.20996 ], [ 77.04606, 10.20942 ], [ 77.04212, 10.21048 ], [ 77.03925, 10.20714 ], [ 77.03252, 10.21161 ], [ 77.02054, 10.21729 ], [ 77.01832, 10.22136 ], [ 77.0163, 10.22218 ], [ 77.01241, 10.22796 ], [ 77.01506, 10.23175 ], [ 77.04079, 10.23606 ], [ 77.05103, 10.23543 ], [ 77.06058, 10.23993 ], [ 77.0615, 10.24149 ], [ 77.06206, 10.24947 ], [ 77.0614, 10.25128 ], [ 77.05027, 10.26547 ], [ 77.05167, 10.27713 ], [ 77.05087, 10.27996 ], [ 77.04561, 10.2865 ], [ 77.04564, 10.2885 ], [ 77.06026, 10.29596 ], [ 77.06372, 10.3005 ], [ 77.0748, 10.30501 ], [ 77.0834, 10.31122 ], [ 77.08892, 10.31215 ], [ 77.08997, 10.31579 ], [ 77.09199, 10.31693 ], [ 77.09548, 10.31572 ] ] ] } },
{ "type": "Feature", "properties": { "newname": null }, "geometry": { "type": "Polygon", "coordinates": [ [ [ 76.84726, 10.55455 ], [ 76.84997, 10.55339 ], [ 76.85461, 10.55587 ], [ 76.85693, 10.55433 ], [ 76.85635, 10.54592 ], [ 76.85846, 10.53635 ], [ 76.86058, 10.53138 ], [ 76.86212, 10.51741 ], [ 76.86016, 10.50039 ], [ 76.85842, 10.4939 ], [ 76.85919, 10.49275 ], [ 76.86228, 10.49274 ], [ 76.86576, 10.48968 ], [ 76.86518, 10.48585 ], [ 76.86711, 10.48298 ], [ 76.86768, 10.47361 ], [ 76.87367, 10.47092 ], [ 76.87811, 10.46766 ], [ 76.88043, 10.46899 ], [ 76.88063, 10.47549 ], [ 76.88314, 10.47759 ], [ 76.88837, 10.47624 ], [ 76.89379, 10.4814 ], [ 76.89997, 10.48196 ], [ 76.90074, 10.48139 ], [ 76.90694, 10.48348 ], [ 76.90984, 10.48252 ], [ 76.91061, 10.48022 ], [ 76.91273, 10.47926 ], [ 76.92259, 10.48115 ], [ 76.928, 10.48133 ], [ 76.92993, 10.47846 ], [ 76.92955, 10.47693 ], [ 76.92529, 10.47216 ], [ 76.92471, 10.47044 ], [ 76.92567, 10.46871 ], [ 76.93456, 10.46755 ], [ 76.94782, 10.47409 ], [ 76.95808, 10.46935 ], [ 76.96549, 10.46692 ], [ 76.96859, 10.46749 ], [ 76.97129, 10.4648 ], [ 76.9767, 10.46403 ], [ 76.97903, 10.46231 ], [ 76.9823, 10.45809 ], [ 76.98907, 10.45846 ], [ 76.99391, 10.45635 ], [ 76.99777, 10.45596 ], [ 76.9999, 10.45691 ], [ 76.99719, 10.45978 ], [ 76.98754, 10.46515 ], [ 76.98619, 10.47147 ], [ 76.98426, 10.47262 ], [ 76.98233, 10.47568 ], [ 76.98369, 10.47912 ], [ 76.98834, 10.48217 ], [ 76.98911, 10.48523 ], [ 76.99047, 10.4858 ], [ 76.9922, 10.48503 ], [ 76.9951, 10.48178 ], [ 76.99703, 10.48177 ], [ 76.99897, 10.48387 ], [ 76.99781, 10.48617 ], [ 76.9953, 10.48732 ], [ 76.99646, 10.49057 ], [ 76.99376, 10.49306 ], [ 76.99377, 10.49573 ], [ 76.99938, 10.50394 ], [ 77.00655, 10.50928 ], [ 77.02396, 10.5125 ], [ 77.03421, 10.51649 ], [ 77.03905, 10.5161 ], [ 77.04832, 10.51359 ], [ 77.0578, 10.5153 ], [ 77.06224, 10.51414 ], [ 77.0663, 10.51107 ], [ 77.07112, 10.50495 ], [ 77.07131, 10.50342 ], [ 77.06143, 10.48719 ], [ 77.0589, 10.48031 ], [ 77.0587, 10.47649 ], [ 77.05985, 10.47018 ], [ 77.06312, 10.45889 ], [ 77.06563, 10.45793 ], [ 77.06776, 10.45946 ], [ 77.06912, 10.46175 ], [ 77.06874, 10.46653 ], [ 77.07087, 10.4692 ], [ 77.07745, 10.47397 ], [ 77.08055, 10.47339 ], [ 77.08306, 10.47396 ], [ 77.08752, 10.47816 ], [ 77.0908, 10.47911 ], [ 77.09352, 10.48254 ], [ 77.09738, 10.48521 ], [ 77.09971, 10.48788 ], [ 77.10301, 10.49494 ], [ 77.10436, 10.49685 ], [ 77.10591, 10.49742 ], [ 77.10978, 10.49608 ], [ 77.11228, 10.49091 ], [ 77.1177, 10.493 ], [ 77.12099, 10.49262 ], [ 77.12215, 10.49146 ], [ 77.12195, 10.48917 ], [ 77.12098, 10.48803 ], [ 77.1173, 10.48593 ], [ 77.11672, 10.48307 ], [ 77.11748, 10.47638 ], [ 77.11572, 10.4674 ], [ 77.11611, 10.46491 ], [ 77.12074, 10.46203 ], [ 77.13312, 10.46507 ], [ 77.14182, 10.46964 ], [ 77.14743, 10.46944 ], [ 77.1594, 10.45795 ], [ 77.16326, 10.45756 ], [ 77.165, 10.45832 ], [ 77.17121, 10.46633 ], [ 77.17084, 10.47188 ], [ 77.17684, 10.47645 ], [ 77.17877, 10.47607 ], [ 77.18128, 10.47377 ], [ 77.18243, 10.47071 ], [ 77.19054, 10.46248 ], [ 77.19285, 10.46113 ], [ 77.19943, 10.46017 ], [ 77.20136, 10.46054 ], [ 77.20291, 10.46532 ], [ 77.20466, 10.46723 ], [ 77.2064, 10.4655 ], [ 77.20947, 10.459 ], [ 77.21044, 10.459 ], [ 77.21411, 10.45613 ], [ 77.21913, 10.45497 ], [ 77.23461, 10.45647 ], [ 77.23885, 10.45264 ], [ 77.23884, 10.44882 ], [ 77.24077, 10.4471 ], [ 77.24542, 10.45053 ], [ 77.24851, 10.45071 ], [ 77.25044, 10.44899 ], [ 77.25371, 10.44229 ], [ 77.26027, 10.43502 ], [ 77.25832, 10.42643 ], [ 77.25599, 10.42261 ], [ 77.26005, 10.42031 ], [ 77.2614, 10.42088 ], [ 77.26467, 10.41342 ], [ 77.26679, 10.41151 ], [ 77.2695, 10.4115 ], [ 77.27898, 10.41684 ], [ 77.284, 10.41377 ], [ 77.2954, 10.41299 ], [ 77.30159, 10.41432 ], [ 77.30295, 10.41527 ], [ 77.30276, 10.4189 ], [ 77.30412, 10.42061 ], [ 77.32075, 10.42192 ], [ 77.3221, 10.42135 ], [ 77.32268, 10.41944 ], [ 77.32034, 10.41428 ], [ 77.32129, 10.40702 ], [ 77.31973, 10.40225 ], [ 77.31991, 10.39614 ], [ 77.3168, 10.38621 ], [ 77.31754, 10.37398 ], [ 77.31462, 10.36768 ], [ 77.31442, 10.36214 ], [ 77.3173, 10.35411 ], [ 77.32038, 10.35143 ], [ 77.32812, 10.35219 ], [ 77.33565, 10.35045 ], [ 77.33662, 10.34892 ], [ 77.33681, 10.3472 ], [ 77.33311, 10.33785 ], [ 77.3329, 10.33422 ], [ 77.33444, 10.32715 ], [ 77.33074, 10.31914 ], [ 77.33151, 10.31684 ], [ 77.33093, 10.31608 ], [ 77.334, 10.30652 ], [ 77.33978, 10.30193 ], [ 77.34249, 10.29772 ], [ 77.34341, 10.29246 ], [ 77.34921, 10.28663 ], [ 77.35153, 10.28205 ], [ 77.35092, 10.2746 ], [ 77.35208, 10.26963 ], [ 77.35148, 10.26218 ], [ 77.34934, 10.25855 ], [ 77.342, 10.25914 ], [ 77.33781, 10.2638 ], [ 77.32811, 10.26852 ], [ 77.32617, 10.26604 ], [ 77.325, 10.26069 ], [ 77.31589, 10.2479 ], [ 77.31241, 10.24562 ], [ 77.30062, 10.24162 ], [ 77.29545, 10.23904 ], [ 77.29228, 10.23399 ], [ 77.28667, 10.23018 ], [ 77.28417, 10.2319 ], [ 77.2776, 10.23248 ], [ 77.27219, 10.23402 ], [ 77.26367, 10.22849 ], [ 77.26136, 10.22925 ], [ 77.26122, 10.23064 ], [ 77.25831, 10.22963 ], [ 77.25603, 10.25838 ], [ 77.26146, 10.26264 ], [ 77.26067, 10.26708 ], [ 77.2441, 10.28832 ], [ 77.24179, 10.29348 ], [ 77.23948, 10.29654 ], [ 77.23641, 10.30457 ], [ 77.23197, 10.30878 ], [ 77.22948, 10.31738 ], [ 77.23142, 10.32215 ], [ 77.23201, 10.32884 ], [ 77.23802, 10.34049 ], [ 77.23727, 10.34469 ], [ 77.23534, 10.34794 ], [ 77.22684, 10.35025 ], [ 77.20925, 10.35104 ], [ 77.20693, 10.35334 ], [ 77.20327, 10.35506 ], [ 77.20037, 10.35488 ], [ 77.19554, 10.35316 ], [ 77.19167, 10.35317 ], [ 77.1822, 10.3551 ], [ 77.17969, 10.35415 ], [ 77.17639, 10.35052 ], [ 77.17581, 10.35148 ], [ 77.17388, 10.35167 ], [ 77.17002, 10.34977 ], [ 77.1646, 10.34576 ], [ 77.15763, 10.33966 ], [ 77.15434, 10.33565 ], [ 77.14814, 10.33069 ], [ 77.13518, 10.32517 ], [ 77.12744, 10.3183 ], [ 77.11893, 10.31526 ], [ 77.11119, 10.31393 ], [ 77.10095, 10.3086 ], [ 77.08934, 10.30689 ], [ 77.07639, 10.29774 ], [ 77.06923, 10.29526 ], [ 77.06516, 10.29278 ], [ 77.06497, 10.28915 ], [ 77.06245, 10.28629 ], [ 77.05762, 10.28381 ], [ 77.04853, 10.28191 ], [ 77.04717, 10.28 ], [ 77.04737, 10.27905 ], [ 77.05489, 10.26986 ], [ 77.05488, 10.26623 ], [ 77.05216, 10.25878 ], [ 77.0454, 10.2542 ], [ 77.03495, 10.24924 ], [ 77.0307, 10.24925 ], [ 77.02529, 10.24773 ], [ 77.01678, 10.24334 ], [ 77.01388, 10.24067 ], [ 77.0104, 10.23972 ], [ 77.0073, 10.23781 ], [ 77.00498, 10.23361 ], [ 77.00073, 10.22922 ], [ 76.99292, 10.22799 ], [ 76.99052, 10.22575 ], [ 76.98656, 10.21875 ], [ 76.98077, 10.2224 ], [ 76.97753, 10.22332 ], [ 76.97328, 10.22658 ], [ 76.96363, 10.22869 ], [ 76.95996, 10.23175 ], [ 76.95687, 10.23195 ], [ 76.94972, 10.22909 ], [ 76.94354, 10.23541 ], [ 76.93601, 10.23561 ], [ 76.92345, 10.23065 ], [ 76.91494, 10.23372 ], [ 76.90916, 10.23737 ], [ 76.90511, 10.24349 ], [ 76.9053, 10.24521 ], [ 76.90588, 10.24559 ], [ 76.90936, 10.24406 ], [ 76.91689, 10.24003 ], [ 76.92385, 10.2406 ], [ 76.94106, 10.25797 ], [ 76.94802, 10.26389 ], [ 76.95054, 10.26542 ], [ 76.95557, 10.26541 ], [ 76.9575, 10.26617 ], [ 76.95712, 10.27114 ], [ 76.9577, 10.27229 ], [ 76.96968, 10.2717 ], [ 76.97412, 10.27246 ], [ 76.97528, 10.27399 ], [ 76.97491, 10.27896 ], [ 76.97588, 10.28125 ], [ 76.98168, 10.2908 ], [ 76.98691, 10.29596 ], [ 76.99137, 10.30322 ], [ 76.99581, 10.30684 ], [ 77.0049, 10.30836 ], [ 77.00742, 10.31141 ], [ 77.01399, 10.31236 ], [ 77.02019, 10.32171 ], [ 77.01861, 10.33215 ], [ 77.01387, 10.3394 ], [ 77.00939, 10.33894 ], [ 77.00649, 10.34143 ], [ 77.00399, 10.34659 ], [ 76.99781, 10.35483 ], [ 76.99204, 10.36841 ], [ 76.98335, 10.37148 ], [ 76.97987, 10.37053 ], [ 76.97251, 10.36672 ], [ 76.96748, 10.36252 ], [ 76.96168, 10.36043 ], [ 76.96052, 10.36101 ], [ 76.96072, 10.36253 ], [ 76.96962, 10.37227 ], [ 76.96981, 10.37418 ], [ 76.96789, 10.37667 ], [ 76.9677, 10.38088 ], [ 76.96577, 10.38202 ], [ 76.96035, 10.37974 ], [ 76.95687, 10.37593 ], [ 76.95416, 10.37535 ], [ 76.95049, 10.37842 ], [ 76.94335, 10.38225 ], [ 76.94123, 10.38455 ], [ 76.93833, 10.38513 ], [ 76.93543, 10.38418 ], [ 76.92266, 10.37675 ], [ 76.91976, 10.37388 ], [ 76.91917, 10.36719 ], [ 76.92206, 10.36126 ], [ 76.92186, 10.35954 ], [ 76.92669, 10.35475 ], [ 76.92707, 10.35207 ], [ 76.91876, 10.34692 ], [ 76.91799, 10.34711 ], [ 76.9176, 10.34788 ], [ 76.91953, 10.35266 ], [ 76.91915, 10.35514 ], [ 76.9176, 10.35553 ], [ 76.9149, 10.35438 ], [ 76.91122, 10.34999 ], [ 76.9062, 10.34694 ], [ 76.90445, 10.34905 ], [ 76.90465, 10.35115 ], [ 76.90698, 10.35249 ], [ 76.9093, 10.35592 ], [ 76.91336, 10.35917 ], [ 76.91452, 10.3607 ], [ 76.91471, 10.36299 ], [ 76.91278, 10.36433 ], [ 76.90486, 10.36052 ], [ 76.90042, 10.36321 ], [ 76.89829, 10.36302 ], [ 76.89364, 10.35691 ], [ 76.89364, 10.35595 ], [ 76.89518, 10.34754 ], [ 76.89943, 10.34676 ], [ 76.8971, 10.34447 ], [ 76.88957, 10.34257 ], [ 76.88686, 10.34066 ], [ 76.88124, 10.33206 ], [ 76.87776, 10.32366 ], [ 76.87389, 10.31927 ], [ 76.8681, 10.3231 ], [ 76.86481, 10.32425 ], [ 76.85418, 10.32312 ], [ 76.8424, 10.33079 ], [ 76.83873, 10.33232 ], [ 76.83969, 10.33519 ], [ 76.83757, 10.33864 ], [ 76.83893, 10.34361 ], [ 76.84029, 10.34648 ], [ 76.84435, 10.34934 ], [ 76.84764, 10.35354 ], [ 76.84745, 10.36024 ], [ 76.85035, 10.36501 ], [ 76.85017, 10.36597 ], [ 76.8465, 10.37248 ], [ 76.84051, 10.37707 ], [ 76.83395, 10.38474 ], [ 76.82777, 10.39049 ], [ 76.82565, 10.39393 ], [ 76.83532, 10.40309 ], [ 76.83571, 10.40768 ], [ 76.8245, 10.40789 ], [ 76.8216, 10.4167 ], [ 76.82006, 10.41862 ], [ 76.81774, 10.41958 ], [ 76.81736, 10.4213 ], [ 76.82646, 10.43983 ], [ 76.82859, 10.44652 ], [ 76.82976, 10.45283 ], [ 76.83016, 10.46756 ], [ 76.83113, 10.47444 ], [ 76.83057, 10.48974 ], [ 76.83193, 10.50198 ], [ 76.83775, 10.51746 ], [ 76.84008, 10.52893 ], [ 76.8428, 10.53753 ], [ 76.83642, 10.54328 ], [ 76.83527, 10.54616 ], [ 76.83605, 10.55189 ], [ 76.83682, 10.554 ], [ 76.83914, 10.55628 ], [ 76.84533, 10.55704 ], [ 76.84726, 10.55455 ] ] ] } },
{ "type": "Feature", "properties": { "newname": null }, "geometry": { "type": "Polygon", "coordinates": [ [ [ 77.08287, 10.34686 ], [ 77.08798, 10.34678 ], [ 77.09615, 10.34346 ], [ 77.09876, 10.34364 ], [ 77.10137, 10.33858 ], [ 77.10448, 10.33916 ], [ 77.11176, 10.3349 ], [ 77.11552, 10.33532 ], [ 77.11808, 10.33465 ], [ 77.10322, 10.32171 ], [ 77.09821, 10.32034 ], [ 77.09548, 10.31572 ], [ 77.09199, 10.31693 ], [ 77.08997, 10.31579 ], [ 77.08892, 10.31215 ], [ 77.0834, 10.31122 ], [ 77.08083, 10.30955 ], [ 77.07349, 10.31049 ], [ 77.0472, 10.31858 ], [ 77.0279, 10.32312 ], [ 77.02073, 10.32724 ], [ 77.01918, 10.32916 ], [ 77.01711, 10.3372 ], [ 77.01596, 10.33912 ], [ 77.01377, 10.33978 ], [ 77.01477, 10.34058 ], [ 77.02759, 10.34346 ], [ 77.07214, 10.34936 ], [ 77.07722, 10.34908 ], [ 77.08287, 10.34686 ] ] ] } },
{ "type": "Feature", "properties": { "newname": null }, "geometry": { "type": "Polygon", "coordinates": [ [ [ 77.19006, 10.35794 ], [ 77.2034, 10.35677 ], [ 77.21778, 10.35726 ], [ 77.23146, 10.35642 ], [ 77.23713, 10.35568 ], [ 77.23812, 10.35467 ], [ 77.23833, 10.34504 ], [ 77.23289, 10.3378 ], [ 77.22981, 10.33219 ], [ 77.22841, 10.3269 ], [ 77.22862, 10.31726 ], [ 77.22956, 10.31293 ], [ 77.23322, 10.31189 ], [ 77.23487, 10.31021 ], [ 77.23616, 10.30654 ], [ 77.24012, 10.30316 ], [ 77.23975, 10.30051 ], [ 77.24069, 10.29552 ], [ 77.24566, 10.29246 ], [ 77.24892, 10.28645 ], [ 77.26249, 10.27054 ], [ 77.26278, 10.26688 ], [ 77.25415, 10.25894 ], [ 77.24879, 10.25529 ], [ 77.24471, 10.25456 ], [ 77.23827, 10.2552 ], [ 77.21422, 10.26298 ], [ 77.21062, 10.26482 ], [ 77.21031, 10.26662 ], [ 77.211, 10.26797 ], [ 77.21747, 10.26946 ], [ 77.2184, 10.27147 ], [ 77.21689, 10.27678 ], [ 77.21202, 10.28517 ], [ 77.21295, 10.29629 ], [ 77.21152, 10.29912 ], [ 77.20802, 10.29995 ], [ 77.20088, 10.29914 ], [ 77.19813, 10.29614 ], [ 77.19728, 10.29131 ], [ 77.19886, 10.28274 ], [ 77.19484, 10.27762 ], [ 77.19275, 10.27348 ], [ 77.19075, 10.27643 ], [ 77.18856, 10.28496 ], [ 77.18918, 10.28934 ], [ 77.18877, 10.29238 ], [ 77.18788, 10.29351 ], [ 77.18896, 10.29845 ], [ 77.18842, 10.30048 ], [ 77.18764, 10.30128 ], [ 77.18672, 10.30073 ], [ 77.18327, 10.29605 ], [ 77.17907, 10.29452 ], [ 77.17183, 10.2945 ], [ 77.16856, 10.29533 ], [ 77.16732, 10.29613 ], [ 77.16772, 10.30512 ], [ 77.16686, 10.30918 ], [ 77.15976, 10.31096 ], [ 77.1579, 10.31638 ], [ 77.15678, 10.31719 ], [ 77.1527, 10.316 ], [ 77.14742, 10.31944 ], [ 77.14546, 10.31631 ], [ 77.14215, 10.31377 ], [ 77.1193, 10.30497 ], [ 77.11933, 10.30745 ], [ 77.11801, 10.31016 ], [ 77.11325, 10.31 ], [ 77.10874, 10.31095 ], [ 77.10517, 10.3146 ], [ 77.10313, 10.31485 ], [ 77.09723, 10.31334 ], [ 77.09633, 10.31381 ], [ 77.09548, 10.31572 ], [ 77.09669, 10.3187 ], [ 77.10056, 10.32147 ], [ 77.11694, 10.3221 ], [ 77.12029, 10.32289 ], [ 77.12735, 10.32679 ], [ 77.13889, 10.3352 ], [ 77.14702, 10.33622 ], [ 77.1531, 10.34179 ], [ 77.16094, 10.35365 ], [ 77.17339, 10.36113 ], [ 77.1774, 10.36108 ], [ 77.19006, 10.35794 ] ] ] } },
{ "type": "Feature", "properties": { "newname": null }, "geometry": { "type": "Polygon", "coordinates": [ [ [ 77.33041, 10.3135 ], [ 77.32943, 10.31004 ], [ 77.32986, 10.30855 ], [ 77.34029, 10.3011 ], [ 77.34096, 10.29978 ], [ 77.34019, 10.29595 ], [ 77.34609, 10.28933 ], [ 77.34679, 10.28116 ], [ 77.34925, 10.27686 ], [ 77.34643, 10.26358 ], [ 77.34418, 10.26387 ], [ 77.34004, 10.26248 ], [ 77.33621, 10.26526 ], [ 77.33146, 10.26733 ], [ 77.32777, 10.27037 ], [ 77.326, 10.27083 ], [ 77.32332, 10.27008 ], [ 77.32313, 10.26488 ], [ 77.30945, 10.24671 ], [ 77.3037, 10.24427 ], [ 77.29601, 10.24328 ], [ 77.29547, 10.24427 ], [ 77.2943, 10.24267 ], [ 77.29234, 10.24341 ], [ 77.28923, 10.23444 ], [ 77.28755, 10.23246 ], [ 77.28626, 10.23179 ], [ 77.28444, 10.23221 ], [ 77.28006, 10.23578 ], [ 77.27838, 10.23476 ], [ 77.27618, 10.23532 ], [ 77.27484, 10.23423 ], [ 77.26995, 10.23467 ], [ 77.26844, 10.23605 ], [ 77.26691, 10.23416 ], [ 77.26342, 10.23406 ], [ 77.26292, 10.23128 ], [ 77.26122, 10.23064 ], [ 77.26156, 10.23346 ], [ 77.25907, 10.24511 ], [ 77.26065, 10.25696 ], [ 77.26182, 10.2604 ], [ 77.26146, 10.26264 ], [ 77.26804, 10.27032 ], [ 77.2711, 10.27636 ], [ 77.2724, 10.27749 ], [ 77.27251, 10.27999 ], [ 77.27126, 10.28301 ], [ 77.27299, 10.28645 ], [ 77.27357, 10.29061 ], [ 77.27139, 10.29593 ], [ 77.28805, 10.30378 ], [ 77.3012, 10.31345 ], [ 77.31054, 10.3167 ], [ 77.31486, 10.31627 ], [ 77.32172, 10.31922 ], [ 77.32633, 10.3194 ], [ 77.33041, 10.3135 ] ] ] } },
{ "type": "Feature", "properties": { "newname": null }, "geometry": { "type": "Polygon", "coordinates": [ [ [ 77.26048, 10.22869 ], [ 77.26504, 10.23082 ], [ 77.26547, 10.2331 ], [ 77.26789, 10.23353 ], [ 77.26931, 10.23296 ], [ 77.27017, 10.2351 ], [ 77.27259, 10.23339 ], [ 77.27515, 10.23325 ], [ 77.27786, 10.23325 ], [ 77.27829, 10.23439 ], [ 77.28099, 10.23382 ], [ 77.28242, 10.23467 ], [ 77.28712, 10.23082 ], [ 77.28954, 10.22997 ], [ 77.29652, 10.21615 ], [ 77.29467, 10.21331 ], [ 77.29097, 10.21302 ], [ 77.28983, 10.21217 ], [ 77.28826, 10.21003 ], [ 77.2884, 10.20818 ], [ 77.28427, 10.20661 ], [ 77.28698, 10.20234 ], [ 77.28498, 10.1965 ], [ 77.28228, 10.19365 ], [ 77.28071, 10.19379 ], [ 77.27971, 10.19237 ], [ 77.279, 10.18738 ], [ 77.27615, 10.18254 ], [ 77.27587, 10.18026 ], [ 77.27672, 10.17542 ], [ 77.27758, 10.17428 ], [ 77.27629, 10.17413 ], [ 77.27558, 10.17299 ], [ 77.27558, 10.1663 ], [ 77.27416, 10.16545 ], [ 77.27359, 10.16274 ], [ 77.27459, 10.16032 ], [ 77.27402, 10.15946 ], [ 77.27202, 10.15946 ], [ 77.26718, 10.15733 ], [ 77.25949, 10.15761 ], [ 77.25821, 10.15847 ], [ 77.25806, 10.16131 ], [ 77.25692, 10.16245 ], [ 77.25593, 10.15961 ], [ 77.25379, 10.15747 ], [ 77.24539, 10.15291 ], [ 77.24425, 10.16231 ], [ 77.23955, 10.16473 ], [ 77.23371, 10.17029 ], [ 77.23727, 10.17983 ], [ 77.23912, 10.18311 ], [ 77.24339, 10.18781 ], [ 77.24396, 10.19279 ], [ 77.24239, 10.19578 ], [ 77.24482, 10.20006 ], [ 77.24311, 10.20405 ], [ 77.23841, 10.20775 ], [ 77.23826, 10.2096 ], [ 77.23969, 10.21345 ], [ 77.2394, 10.21601 ], [ 77.23613, 10.22142 ], [ 77.24097, 10.23025 ], [ 77.23969, 10.23866 ], [ 77.23955, 10.24564 ], [ 77.23841, 10.24735 ], [ 77.23912, 10.24934 ], [ 77.23784, 10.25304 ], [ 77.24866, 10.25077 ], [ 77.25749, 10.25732 ], [ 77.26048, 10.22869 ] ] ] } },
{ "type": "Feature", "properties": { "newname": null }, "geometry": { "type": "Polygon", "coordinates": [ [ [ 77.23934, 10.24539 ], [ 77.24076, 10.23034 ], [ 77.23633, 10.22139 ], [ 77.23683, 10.2191 ], [ 77.23947, 10.21552 ], [ 77.23833, 10.20914 ], [ 77.23868, 10.2073 ], [ 77.24248, 10.20478 ], [ 77.24474, 10.20027 ], [ 77.24209, 10.19591 ], [ 77.24376, 10.19269 ], [ 77.24359, 10.18865 ], [ 77.23787, 10.18173 ], [ 77.23366, 10.17047 ], [ 77.23209, 10.17095 ], [ 77.22965, 10.17346 ], [ 77.22502, 10.17536 ], [ 77.21733, 10.1767 ], [ 77.21336, 10.1812 ], [ 77.21169, 10.18465 ], [ 77.20161, 10.18879 ], [ 77.19925, 10.18421 ], [ 77.19235, 10.17708 ], [ 77.18704, 10.17366 ], [ 77.18124, 10.17225 ], [ 77.17938, 10.17003 ], [ 77.17334, 10.16626 ], [ 77.17241, 10.16925 ], [ 77.17017, 10.16991 ], [ 77.16534, 10.17625 ], [ 77.16189, 10.18802 ], [ 77.15642, 10.18789 ], [ 77.15737, 10.19501 ], [ 77.18988, 10.20432 ], [ 77.1904, 10.20262 ], [ 77.19154, 10.20188 ], [ 77.19136, 10.19834 ], [ 77.19496, 10.1949 ], [ 77.19949, 10.19406 ], [ 77.20388, 10.19605 ], [ 77.20802, 10.19938 ], [ 77.22351, 10.22463 ], [ 77.22133, 10.23433 ], [ 77.2369, 10.24814 ], [ 77.23934, 10.24539 ] ] ] } },
{ "type": "Feature", "properties": { "newname": null }, "geometry": { "type": "Polygon", "coordinates": [ [ [ 77.21733, 10.1767 ], [ 77.2231, 10.17595 ], [ 77.22965, 10.17346 ], [ 77.23955, 10.16473 ], [ 77.24425, 10.16231 ], [ 77.24577, 10.14922 ], [ 77.24599, 10.13836 ], [ 77.2392, 10.13908 ], [ 77.2297, 10.13657 ], [ 77.22441, 10.13674 ], [ 77.21962, 10.13887 ], [ 77.21049, 10.14619 ], [ 77.208, 10.1527 ], [ 77.20896, 10.16149 ], [ 77.21038, 10.16564 ], [ 77.21256, 10.16863 ], [ 77.21591, 10.17844 ], [ 77.21733, 10.1767 ] ] ] } },
{ "type": "Feature", "properties": { "newname": null }, "geometry": { "type": "Polygon", "coordinates": [ [ [ 77.25777, 10.15828 ], [ 77.26265, 10.15738 ], [ 77.26794, 10.15784 ], [ 77.2734, 10.15956 ], [ 77.27402, 10.15365 ], [ 77.27241, 10.1457 ], [ 77.2762, 10.14134 ], [ 77.27516, 10.13869 ], [ 77.2763, 10.13668 ], [ 77.27341, 10.13273 ], [ 77.26988, 10.13062 ], [ 77.2668, 10.12583 ], [ 77.26122, 10.12617 ], [ 77.25674, 10.12789 ], [ 77.24797, 10.13414 ], [ 77.24587, 10.13456 ], [ 77.24534, 10.15307 ], [ 77.2532, 10.15771 ], [ 77.25525, 10.15972 ], [ 77.25623, 10.16222 ], [ 77.25714, 10.16248 ], [ 77.25777, 10.15828 ] ] ] } },
{ "type": "Feature", "properties": { "newname": null }, "geometry": { "type": "Polygon", "coordinates": [ [ [ 77.25674, 10.12789 ], [ 77.26463, 10.1257 ], [ 77.2668, 10.12583 ], [ 77.26988, 10.13062 ], [ 77.27404, 10.13346 ], [ 77.27372, 10.1296 ], [ 77.27001, 10.11811 ], [ 77.26759, 10.10155 ], [ 77.26321, 10.0942 ], [ 77.26247, 10.09059 ], [ 77.26256, 10.08881 ], [ 77.26676, 10.08234 ], [ 77.26791, 10.07811 ], [ 77.26489, 10.05956 ], [ 77.26271, 10.05478 ], [ 77.25135, 10.04203 ], [ 77.2617, 10.03306 ], [ 77.26389, 10.02828 ], [ 77.26418, 10.02391 ], [ 77.26221, 10.01813 ], [ 77.25621, 10.01035 ], [ 77.25481, 10.01394 ], [ 77.25484, 10.0161 ], [ 77.25585, 10.01805 ], [ 77.25383, 10.01839 ], [ 77.25063, 10.01453 ], [ 77.24919, 10.01796 ], [ 77.24708, 10.0176 ], [ 77.24551, 10.01891 ], [ 77.24066, 10.01418 ], [ 77.23985, 10.01191 ], [ 77.23838, 10.01154 ], [ 77.23908, 10.01013 ], [ 77.2363, 10.00974 ], [ 77.2357, 10.00838 ], [ 77.23448, 10.00871 ], [ 77.23378, 10.007 ], [ 77.2313, 10.01066 ], [ 77.23016, 10.01489 ], [ 77.23044, 10.01925 ], [ 77.23196, 10.02303 ], [ 77.22518, 10.02645 ], [ 77.22112, 10.03103 ], [ 77.21958, 10.03605 ], [ 77.21964, 10.04481 ], [ 77.22044, 10.04823 ], [ 77.22264, 10.05203 ], [ 77.23906, 10.06876 ], [ 77.24004, 10.07383 ], [ 77.23601, 10.08129 ], [ 77.23545, 10.09378 ], [ 77.23779, 10.10435 ], [ 77.24184, 10.11082 ], [ 77.24366, 10.12473 ], [ 77.24681, 10.13437 ], [ 77.25674, 10.12789 ] ] ] } },
{ "type": "Feature", "properties": { "newname": null }, "geometry": { "type": "Polygon", "coordinates": [ [ [ 77.27298, 9.9802 ], [ 77.2764, 9.97513 ], [ 77.27727, 9.97084 ], [ 77.27757, 9.96101 ], [ 77.277, 9.95755 ], [ 77.27451, 9.95292 ], [ 77.25159, 9.92857 ], [ 77.25201, 9.91536 ], [ 77.25143, 9.9119 ], [ 77.24949, 9.90797 ], [ 77.24347, 9.90142 ], [ 77.24829, 9.75227 ], [ 77.24541, 9.74594 ], [ 77.23123, 9.73085 ], [ 77.231, 9.72397 ], [ 77.22883, 9.7192 ], [ 77.21412, 9.70341 ], [ 77.21498, 9.67058 ], [ 77.21264, 9.66495 ], [ 77.20664, 9.65841 ], [ 77.20718, 9.6427 ], [ 77.21415, 9.63588 ], [ 77.21651, 9.63025 ], [ 77.21724, 9.60888 ], [ 77.21644, 9.60547 ], [ 77.21441, 9.60189 ], [ 77.21319, 9.60221 ], [ 77.21231, 9.60416 ], [ 77.21274, 9.60959 ], [ 77.21143, 9.61219 ], [ 77.20465, 9.6137 ], [ 77.19951, 9.613 ], [ 77.19793, 9.60919 ], [ 77.19324, 9.60834 ], [ 77.1908, 9.60647 ], [ 77.18985, 9.62204 ], [ 77.18288, 9.62886 ], [ 77.18052, 9.63448 ], [ 77.17959, 9.66567 ], [ 77.18193, 9.6713 ], [ 77.18793, 9.67785 ], [ 77.18689, 9.70893 ], [ 77.18808, 9.71404 ], [ 77.19052, 9.71767 ], [ 77.20411, 9.73211 ], [ 77.20434, 9.73898 ], [ 77.20651, 9.74375 ], [ 77.22122, 9.75954 ], [ 77.21621, 9.90607 ], [ 77.21678, 9.91041 ], [ 77.21873, 9.91434 ], [ 77.22474, 9.92089 ], [ 77.22437, 9.93498 ], [ 77.22683, 9.94149 ], [ 77.25029, 9.96655 ], [ 77.25051, 9.97335 ], [ 77.25567, 9.97381 ], [ 77.25716, 9.97451 ], [ 77.25686, 9.97576 ], [ 77.26088, 9.9765 ], [ 77.2626, 9.96979 ], [ 77.26335, 9.96929 ], [ 77.26755, 9.97541 ], [ 77.27069, 9.97594 ], [ 77.26997, 9.97858 ], [ 77.26681, 9.98347 ], [ 77.27298, 9.9802 ] ] ] } },
{ "type": "Feature", "properties": { "newname": null }, "geometry": { "type": "Polygon", "coordinates": [ [ [ 77.24708, 10.0176 ], [ 77.24919, 10.01796 ], [ 77.25063, 10.01453 ], [ 77.25383, 10.01839 ], [ 77.25585, 10.01805 ], [ 77.25484, 10.0161 ], [ 77.25545, 10.01144 ], [ 77.25791, 10.00792 ], [ 77.26211, 10.00517 ], [ 77.26255, 10.00348 ], [ 77.26118, 9.99509 ], [ 77.26153, 9.99409 ], [ 77.26469, 9.9926 ], [ 77.26623, 9.98443 ], [ 77.26997, 9.97858 ], [ 77.27069, 9.97594 ], [ 77.26755, 9.97541 ], [ 77.26369, 9.96937 ], [ 77.2626, 9.96979 ], [ 77.26088, 9.9765 ], [ 77.25686, 9.97576 ], [ 77.25716, 9.97451 ], [ 77.25567, 9.97381 ], [ 77.24871, 9.97325 ], [ 77.24461, 9.97384 ], [ 77.23862, 9.97604 ], [ 77.23868, 9.97734 ], [ 77.23006, 9.97798 ], [ 77.2296, 9.97827 ], [ 77.23129, 9.97932 ], [ 77.23306, 9.98294 ], [ 77.232, 9.987 ], [ 77.23038, 9.98828 ], [ 77.231, 9.9897 ], [ 77.22618, 9.98886 ], [ 77.22481, 9.99027 ], [ 77.22524, 9.99126 ], [ 77.23081, 9.99239 ], [ 77.23094, 9.99878 ], [ 77.22506, 9.99873 ], [ 77.22306, 9.99784 ], [ 77.22204, 9.99837 ], [ 77.22259, 10.00043 ], [ 77.22556, 10.00323 ], [ 77.22884, 10.00394 ], [ 77.22907, 10.00471 ], [ 77.23058, 10.00451 ], [ 77.23203, 10.00659 ], [ 77.2329, 10.00624 ], [ 77.23395, 10.00713 ], [ 77.23448, 10.00871 ], [ 77.2357, 10.00838 ], [ 77.2363, 10.00974 ], [ 77.23908, 10.01013 ], [ 77.23838, 10.01154 ], [ 77.23985, 10.01191 ], [ 77.24066, 10.01418 ], [ 77.24448, 10.01839 ], [ 77.24578, 10.01889 ], [ 77.24708, 10.0176 ] ] ] } },
{ "type": "Feature", "properties": { "newname": null }, "geometry": { "type": "Polygon", "coordinates": [ [ [ 76.97423, 9.84709 ], [ 76.98005, 9.84707 ], [ 76.98024, 9.84587 ], [ 76.97881, 9.84434 ], [ 76.9787, 9.84294 ], [ 76.98628, 9.83742 ], [ 76.98901, 9.83474 ], [ 76.99128, 9.83053 ], [ 76.99565, 9.82663 ], [ 77.00115, 9.82456 ], [ 77.00504, 9.81797 ], [ 77.0108, 9.81507 ], [ 77.01392, 9.81163 ], [ 77.01752, 9.81054 ], [ 77.02474, 9.80383 ], [ 77.02983, 9.80167 ], [ 77.03166, 9.79945 ], [ 77.03389, 9.79941 ], [ 77.03569, 9.79819 ], [ 77.04109, 9.79703 ], [ 77.04006, 9.79439 ], [ 77.04227, 9.79096 ], [ 77.04497, 9.79023 ], [ 77.04786, 9.78716 ], [ 77.04926, 9.78664 ], [ 77.05223, 9.78716 ], [ 77.05432, 9.78583 ], [ 77.05288, 9.78305 ], [ 77.05772, 9.78044 ], [ 77.0579, 9.77959 ], [ 77.05609, 9.77891 ], [ 77.05598, 9.77791 ], [ 77.0605, 9.77645 ], [ 77.06702, 9.77632 ], [ 77.07036, 9.77418 ], [ 77.07401, 9.77318 ], [ 77.07503, 9.77057 ], [ 77.07087, 9.77092 ], [ 77.06903, 9.76764 ], [ 77.06682, 9.76797 ], [ 77.06386, 9.7716 ], [ 77.063, 9.77156 ], [ 77.06481, 9.76761 ], [ 77.062, 9.75945 ], [ 77.06146, 9.76065 ], [ 77.0621, 9.76325 ], [ 77.05941, 9.76453 ], [ 77.05944, 9.76658 ], [ 77.0585, 9.76819 ], [ 77.05517, 9.76213 ], [ 77.05191, 9.76292 ], [ 77.05315, 9.76506 ], [ 77.05261, 9.76621 ], [ 77.04769, 9.76237 ], [ 77.04356, 9.76132 ], [ 77.04435, 9.76436 ], [ 77.04351, 9.76557 ], [ 77.04814, 9.77105 ], [ 77.04782, 9.77316 ], [ 77.05037, 9.77268 ], [ 77.05114, 9.77407 ], [ 77.04868, 9.7778 ], [ 77.03897, 9.77981 ], [ 77.03869, 9.78222 ], [ 77.03578, 9.7858 ], [ 77.03455, 9.78401 ], [ 77.03754, 9.77446 ], [ 77.03721, 9.77151 ], [ 77.03645, 9.77154 ], [ 77.03588, 9.7741 ], [ 77.03368, 9.77547 ], [ 77.03301, 9.77753 ], [ 77.03181, 9.77785 ], [ 77.02926, 9.77513 ], [ 77.02656, 9.76983 ], [ 77.0248, 9.76935 ], [ 77.02224, 9.76988 ], [ 77.01774, 9.76724 ], [ 77.01845, 9.76313 ], [ 77.01737, 9.76114 ], [ 77.01739, 9.75845 ], [ 77.02065, 9.75416 ], [ 77.01953, 9.75292 ], [ 77.01819, 9.75419 ], [ 77.01558, 9.75392 ], [ 77.01426, 9.74874 ], [ 77.00393, 9.74668 ], [ 76.9773, 9.74836 ], [ 76.96501, 9.74739 ], [ 76.95336, 9.74777 ], [ 76.91992, 9.7509 ], [ 76.91405, 9.75245 ], [ 76.9111, 9.75422 ], [ 76.90798, 9.75839 ], [ 76.90583, 9.76327 ], [ 76.90464, 9.76399 ], [ 76.90569, 9.76847 ], [ 76.90291, 9.77081 ], [ 76.90175, 9.77422 ], [ 76.90416, 9.77699 ], [ 76.9021, 9.78066 ], [ 76.90236, 9.78146 ], [ 76.91057, 9.77742 ], [ 76.91187, 9.77781 ], [ 76.91235, 9.77935 ], [ 76.9132, 9.77954 ], [ 76.91627, 9.77626 ], [ 76.92671, 9.77198 ], [ 76.93087, 9.77119 ], [ 76.93173, 9.77203 ], [ 76.9253, 9.77975 ], [ 76.92255, 9.78048 ], [ 76.91871, 9.77858 ], [ 76.91552, 9.78011 ], [ 76.91539, 9.78171 ], [ 76.91599, 9.78206 ], [ 76.91455, 9.78363 ], [ 76.91488, 9.78577 ], [ 76.91834, 9.78578 ], [ 76.91837, 9.78778 ], [ 76.91227, 9.79068 ], [ 76.91139, 9.78919 ], [ 76.91029, 9.789 ], [ 76.90937, 9.79176 ], [ 76.90724, 9.79443 ], [ 76.90706, 9.79614 ], [ 76.90486, 9.79666 ], [ 76.90414, 9.7981 ], [ 76.9005, 9.80044 ], [ 76.89963, 9.7985 ], [ 76.89802, 9.79872 ], [ 76.89689, 9.80028 ], [ 76.89726, 9.80233 ], [ 76.89617, 9.80289 ], [ 76.89504, 9.8007 ], [ 76.89105, 9.7987 ], [ 76.88767, 9.80174 ], [ 76.88699, 9.8037 ], [ 76.89069, 9.80655 ], [ 76.89386, 9.80557 ], [ 76.89527, 9.806 ], [ 76.89518, 9.80695 ], [ 76.89265, 9.80943 ], [ 76.89338, 9.81172 ], [ 76.89483, 9.81141 ], [ 76.89681, 9.80873 ], [ 76.89756, 9.80877 ], [ 76.90111, 9.81218 ], [ 76.90232, 9.81242 ], [ 76.90189, 9.81017 ], [ 76.90318, 9.80856 ], [ 76.90186, 9.80698 ], [ 76.90181, 9.80298 ], [ 76.90373, 9.80025 ], [ 76.91768, 9.79344 ], [ 76.9247, 9.79256 ], [ 76.92742, 9.79362 ], [ 76.92858, 9.79456 ], [ 76.928, 9.79612 ], [ 76.92245, 9.79748 ], [ 76.91868, 9.79738 ], [ 76.9157, 9.80011 ], [ 76.91323, 9.80299 ], [ 76.91332, 9.80674 ], [ 76.91508, 9.80677 ], [ 76.91586, 9.80382 ], [ 76.91774, 9.80179 ], [ 76.92105, 9.80131 ], [ 76.92117, 9.803 ], [ 76.92222, 9.80274 ], [ 76.92245, 9.80104 ], [ 76.92573, 9.7984 ], [ 76.92744, 9.79838 ], [ 76.92872, 9.80087 ], [ 76.93227, 9.80353 ], [ 76.933, 9.80617 ], [ 76.92982, 9.80878 ], [ 76.92249, 9.81282 ], [ 76.91843, 9.81277 ], [ 76.91824, 9.81432 ], [ 76.91971, 9.81535 ], [ 76.92212, 9.81552 ], [ 76.92334, 9.82051 ], [ 76.9244, 9.82144 ], [ 76.92547, 9.81883 ], [ 76.93004, 9.81483 ], [ 76.92973, 9.81393 ], [ 76.92883, 9.81384 ], [ 76.92658, 9.81492 ], [ 76.92692, 9.81377 ], [ 76.93079, 9.81217 ], [ 76.9373, 9.8074 ], [ 76.93774, 9.81009 ], [ 76.94063, 9.80856 ], [ 76.94219, 9.80884 ], [ 76.94304, 9.81268 ], [ 76.94226, 9.81479 ], [ 76.94528, 9.81565 ], [ 76.94572, 9.81855 ], [ 76.94478, 9.81981 ], [ 76.94126, 9.81915 ], [ 76.93933, 9.82151 ], [ 76.94511, 9.82679 ], [ 76.94729, 9.82456 ], [ 76.94942, 9.82614 ], [ 76.94725, 9.82966 ], [ 76.94539, 9.82934 ], [ 76.94513, 9.83239 ], [ 76.94303, 9.83304 ], [ 76.93753, 9.83901 ], [ 76.93874, 9.83975 ], [ 76.94201, 9.83566 ], [ 76.94296, 9.83549 ], [ 76.94219, 9.8387 ], [ 76.94052, 9.84157 ], [ 76.93778, 9.84331 ], [ 76.93779, 9.84456 ], [ 76.94214, 9.84275 ], [ 76.94224, 9.84088 ], [ 76.94547, 9.83844 ], [ 76.95041, 9.83163 ], [ 76.95196, 9.83126 ], [ 76.95358, 9.83205 ], [ 76.954, 9.83369 ], [ 76.95104, 9.84271 ], [ 76.9519, 9.8429 ], [ 76.95433, 9.84022 ], [ 76.9555, 9.84201 ], [ 76.95518, 9.84441 ], [ 76.95307, 9.84864 ], [ 76.95688, 9.84687 ], [ 76.95807, 9.8414 ], [ 76.96209, 9.83771 ], [ 76.96445, 9.83753 ], [ 76.96626, 9.83786 ], [ 76.96678, 9.84523 ], [ 76.96811, 9.84776 ], [ 76.96943, 9.849 ], [ 76.97239, 9.84856 ], [ 76.97423, 9.84709 ] ] ] } },
{ "type": "Feature", "properties": { "newname": null }, "geometry": { "type": "Polygon", "coordinates": [ [ [ 77.43746, 9.77929 ], [ 77.43625, 9.77614 ], [ 77.4379, 9.77488 ], [ 77.43408, 9.76557 ], [ 77.43187, 9.74938 ], [ 77.43048, 9.7454 ], [ 77.427, 9.73989 ], [ 77.42114, 9.73481 ], [ 77.42155, 9.73076 ], [ 77.41769, 9.72273 ], [ 77.40823, 9.71426 ], [ 77.40308, 9.70557 ], [ 77.3982, 9.70266 ], [ 77.39654, 9.69751 ], [ 77.39404, 9.69602 ], [ 77.39, 9.69531 ], [ 77.39214, 9.68871 ], [ 77.3905, 9.68371 ], [ 77.38768, 9.68204 ], [ 77.38366, 9.68169 ], [ 77.38066, 9.68044 ], [ 77.37153, 9.67354 ], [ 77.37004, 9.67026 ], [ 77.37343, 9.66432 ], [ 77.3711, 9.66299 ], [ 77.36935, 9.66361 ], [ 77.36816, 9.66308 ], [ 77.36994, 9.66058 ], [ 77.3664, 9.65508 ], [ 77.36542, 9.65511 ], [ 77.36251, 9.65243 ], [ 77.36269, 9.65154 ], [ 77.36429, 9.65071 ], [ 77.36319, 9.64856 ], [ 77.36185, 9.64746 ], [ 77.36087, 9.64873 ], [ 77.35966, 9.64845 ], [ 77.35849, 9.64942 ], [ 77.35737, 9.64709 ], [ 77.35304, 9.64783 ], [ 77.35216, 9.64209 ], [ 77.34766, 9.638 ], [ 77.34874, 9.6361 ], [ 77.34862, 9.63414 ], [ 77.34621, 9.63236 ], [ 77.34526, 9.62734 ], [ 77.3376, 9.62346 ], [ 77.33615, 9.6216 ], [ 77.33505, 9.62168 ], [ 77.33363, 9.61785 ], [ 77.33034, 9.61699 ], [ 77.32937, 9.62175 ], [ 77.33025, 9.62422 ], [ 77.32734, 9.62463 ], [ 77.32611, 9.62348 ], [ 77.32803, 9.62187 ], [ 77.32634, 9.62061 ], [ 77.32504, 9.62063 ], [ 77.32249, 9.62246 ], [ 77.31547, 9.62175 ], [ 77.31397, 9.62015 ], [ 77.30959, 9.61823 ], [ 77.30876, 9.61915 ], [ 77.30417, 9.61694 ], [ 77.30257, 9.61696 ], [ 77.30086, 9.6129 ], [ 77.29798, 9.61064 ], [ 77.29865, 9.60945 ], [ 77.30067, 9.61047 ], [ 77.29908, 9.60778 ], [ 77.29889, 9.60326 ], [ 77.29679, 9.60255 ], [ 77.2951, 9.60062 ], [ 77.2932, 9.60071 ], [ 77.29051, 9.59676 ], [ 77.29187, 9.59353 ], [ 77.29382, 9.59231 ], [ 77.2937, 9.59426 ], [ 77.2956, 9.59519 ], [ 77.2956, 9.59783 ], [ 77.29662, 9.59838 ], [ 77.29881, 9.59653 ], [ 77.29908, 9.59498 ], [ 77.30145, 9.59417 ], [ 77.30042, 9.5921 ], [ 77.29581, 9.58796 ], [ 77.29139, 9.58739 ], [ 77.2915, 9.58346 ], [ 77.28157, 9.57825 ], [ 77.27861, 9.57493 ], [ 77.27315, 9.57522 ], [ 77.27083, 9.57154 ], [ 77.26462, 9.57261 ], [ 77.26251, 9.57572 ], [ 77.25934, 9.57529 ], [ 77.25859, 9.57739 ], [ 77.25463, 9.58146 ], [ 77.24458, 9.58375 ], [ 77.23842, 9.5797 ], [ 77.23614, 9.57991 ], [ 77.2241, 9.59077 ], [ 77.22315, 9.59256 ], [ 77.22319, 9.59618 ], [ 77.2216, 9.59796 ], [ 77.21829, 9.60015 ], [ 77.21551, 9.59922 ], [ 77.21087, 9.60377 ], [ 77.21058, 9.60636 ], [ 77.21144, 9.61019 ], [ 77.20999, 9.61186 ], [ 77.2083, 9.6115 ], [ 77.20416, 9.61295 ], [ 77.19938, 9.61264 ], [ 77.19802, 9.60924 ], [ 77.19171, 9.60755 ], [ 77.18924, 9.6046 ], [ 77.18755, 9.60467 ], [ 77.18265, 9.6076 ], [ 77.17656, 9.60872 ], [ 77.17556, 9.60964 ], [ 77.17104, 9.60822 ], [ 77.17311, 9.61157 ], [ 77.1749, 9.61148 ], [ 77.17775, 9.6152 ], [ 77.1779, 9.61827 ], [ 77.1804, 9.61627 ], [ 77.18189, 9.61606 ], [ 77.18709, 9.62368 ], [ 77.1898, 9.62576 ], [ 77.19135, 9.6254 ], [ 77.19393, 9.62963 ], [ 77.19621, 9.63106 ], [ 77.19607, 9.62749 ], [ 77.19866, 9.62341 ], [ 77.19911, 9.62398 ], [ 77.2011, 9.62338 ], [ 77.20351, 9.62472 ], [ 77.20589, 9.62433 ], [ 77.20791, 9.62523 ], [ 77.20872, 9.62674 ], [ 77.21006, 9.62529 ], [ 77.21371, 9.62552 ], [ 77.21493, 9.62484 ], [ 77.21556, 9.62198 ], [ 77.22011, 9.62151 ], [ 77.22014, 9.61978 ], [ 77.22377, 9.62047 ], [ 77.22451, 9.61601 ], [ 77.22731, 9.6155 ], [ 77.23013, 9.61654 ], [ 77.23019, 9.61256 ], [ 77.23439, 9.6114 ], [ 77.23635, 9.61571 ], [ 77.23584, 9.61633 ], [ 77.23373, 9.61621 ], [ 77.23352, 9.6194 ], [ 77.23736, 9.61919 ], [ 77.23766, 9.62047 ], [ 77.23721, 9.62127 ], [ 77.23444, 9.62139 ], [ 77.23441, 9.62276 ], [ 77.23596, 9.6243 ], [ 77.23685, 9.62326 ], [ 77.23751, 9.62424 ], [ 77.23935, 9.62412 ], [ 77.23939, 9.62694 ], [ 77.23778, 9.63069 ], [ 77.2366, 9.63133 ], [ 77.23621, 9.6334 ], [ 77.23339, 9.63293 ], [ 77.23236, 9.63536 ], [ 77.23421, 9.63925 ], [ 77.23718, 9.64104 ], [ 77.24628, 9.63322 ], [ 77.24424, 9.6218 ], [ 77.24506, 9.62019 ], [ 77.24606, 9.62187 ], [ 77.24699, 9.62094 ], [ 77.2477, 9.62237 ], [ 77.25056, 9.62223 ], [ 77.25269, 9.62699 ], [ 77.25864, 9.62845 ], [ 77.26426, 9.63398 ], [ 77.26482, 9.63514 ], [ 77.2647, 9.6446 ], [ 77.26991, 9.64305 ], [ 77.27003, 9.64213 ], [ 77.26875, 9.64201 ], [ 77.26881, 9.64067 ], [ 77.27351, 9.63966 ], [ 77.27378, 9.63787 ], [ 77.27511, 9.63719 ], [ 77.27378, 9.62868 ], [ 77.27848, 9.62755 ], [ 77.27916, 9.62889 ], [ 77.27845, 9.63062 ], [ 77.27892, 9.63175 ], [ 77.28172, 9.63436 ], [ 77.28454, 9.63398 ], [ 77.28541, 9.63532 ], [ 77.2877, 9.63597 ], [ 77.28764, 9.63987 ], [ 77.29025, 9.64254 ], [ 77.29002, 9.64326 ], [ 77.28671, 9.64427 ], [ 77.28671, 9.64525 ], [ 77.28606, 9.64537 ], [ 77.28564, 9.64421 ], [ 77.28341, 9.64376 ], [ 77.28306, 9.64231 ], [ 77.2805, 9.64299 ], [ 77.28169, 9.65063 ], [ 77.28386, 9.65301 ], [ 77.28392, 9.65736 ], [ 77.28829, 9.65822 ], [ 77.28903, 9.66241 ], [ 77.29082, 9.66351 ], [ 77.29257, 9.66277 ], [ 77.29299, 9.66423 ], [ 77.2968, 9.6642 ], [ 77.29683, 9.66191 ], [ 77.29962, 9.66384 ], [ 77.30141, 9.66217 ], [ 77.30602, 9.66161 ], [ 77.30724, 9.66449 ], [ 77.30524, 9.66723 ], [ 77.30495, 9.66991 ], [ 77.30295, 9.66964 ], [ 77.30242, 9.67056 ], [ 77.30126, 9.67059 ], [ 77.30304, 9.67279 ], [ 77.30513, 9.67279 ], [ 77.30614, 9.67419 ], [ 77.30745, 9.6816 ], [ 77.30977, 9.68175 ], [ 77.31033, 9.68317 ], [ 77.31173, 9.68329 ], [ 77.312, 9.68412 ], [ 77.31589, 9.68305 ], [ 77.31762, 9.68311 ], [ 77.31803, 9.68395 ], [ 77.31982, 9.68255 ], [ 77.32205, 9.68293 ], [ 77.32255, 9.68207 ], [ 77.32398, 9.68228 ], [ 77.32479, 9.68151 ], [ 77.32621, 9.68255 ], [ 77.32928, 9.68061 ], [ 77.32987, 9.68059 ], [ 77.32984, 9.68195 ], [ 77.33091, 9.68053 ], [ 77.33201, 9.68035 ], [ 77.33198, 9.68335 ], [ 77.33097, 9.68588 ], [ 77.33276, 9.69007 ], [ 77.33463, 9.69031 ], [ 77.33802, 9.6876 ], [ 77.3393, 9.6882 ], [ 77.34275, 9.6879 ], [ 77.34338, 9.68969 ], [ 77.34263, 9.69296 ], [ 77.34361, 9.69406 ], [ 77.3451, 9.69391 ], [ 77.34567, 9.69459 ], [ 77.34474, 9.69555 ], [ 77.34537, 9.69641 ], [ 77.34489, 9.69727 ], [ 77.34106, 9.69611 ], [ 77.34037, 9.69456 ], [ 77.33942, 9.69531 ], [ 77.33814, 9.69525 ], [ 77.33761, 9.69442 ], [ 77.33543, 9.6948 ], [ 77.33984, 9.69959 ], [ 77.34076, 9.70161 ], [ 77.34126, 9.70634 ], [ 77.34019, 9.70747 ], [ 77.34114, 9.70783 ], [ 77.34147, 9.71018 ], [ 77.3396, 9.71187 ], [ 77.34201, 9.71199 ], [ 77.34355, 9.70976 ], [ 77.34513, 9.71057 ], [ 77.34668, 9.71666 ], [ 77.35144, 9.72493 ], [ 77.35498, 9.72463 ], [ 77.35682, 9.72193 ], [ 77.3608, 9.72398 ], [ 77.36241, 9.72267 ], [ 77.3673, 9.72198 ], [ 77.37209, 9.72762 ], [ 77.3718, 9.72841 ], [ 77.36945, 9.72798 ], [ 77.36966, 9.73076 ], [ 77.3688, 9.73198 ], [ 77.36752, 9.73233 ], [ 77.36552, 9.73034 ], [ 77.36388, 9.73019 ], [ 77.35581, 9.73475 ], [ 77.35503, 9.73629 ], [ 77.35518, 9.73876 ], [ 77.35762, 9.7451 ], [ 77.35605, 9.74867 ], [ 77.35649, 9.75152 ], [ 77.35771, 9.75233 ], [ 77.35987, 9.75022 ], [ 77.36378, 9.75037 ], [ 77.36385, 9.75382 ], [ 77.36644, 9.75488 ], [ 77.36572, 9.75551 ], [ 77.36404, 9.75492 ], [ 77.36351, 9.75978 ], [ 77.36718, 9.76509 ], [ 77.37278, 9.76455 ], [ 77.37598, 9.76056 ], [ 77.37751, 9.75254 ], [ 77.38536, 9.75232 ], [ 77.39086, 9.75346 ], [ 77.3925, 9.75304 ], [ 77.39493, 9.75011 ], [ 77.39753, 9.75201 ], [ 77.40802, 9.75599 ], [ 77.41306, 9.7593 ], [ 77.41681, 9.76577 ], [ 77.42241, 9.76139 ], [ 77.42334, 9.75839 ], [ 77.4249, 9.75844 ], [ 77.42809, 9.76238 ], [ 77.43241, 9.76537 ], [ 77.43054, 9.76724 ], [ 77.43004, 9.76889 ], [ 77.43054, 9.76984 ], [ 77.43232, 9.76921 ], [ 77.43285, 9.76979 ], [ 77.43172, 9.77188 ], [ 77.43148, 9.776 ], [ 77.43241, 9.78016 ], [ 77.43333, 9.78166 ], [ 77.43746, 9.77929 ] ] ] } },
{ "type": "Feature", "properties": { "newname": null }, "geometry": { "type": "Polygon", "coordinates": [ [ [ 77.3652, 9.45324 ], [ 77.36519, 9.44912 ], [ 77.36587, 9.44766 ], [ 77.3695, 9.44799 ], [ 77.3703, 9.45136 ], [ 77.37141, 9.44845 ], [ 77.37026, 9.44562 ], [ 77.36768, 9.44558 ], [ 77.3673, 9.44359 ], [ 77.36507, 9.44277 ], [ 77.36282, 9.44358 ], [ 77.36076, 9.44821 ], [ 77.36136, 9.45218 ], [ 77.3643, 9.45447 ], [ 77.3652, 9.45324 ] ] ] } },
{ "type": "Feature", "properties": { "newname": null }, "geometry": { "type": "Polygon", "coordinates": [ [ [ 77.20436, 9.53687 ], [ 77.20247, 9.53499 ], [ 77.19994, 9.53635 ], [ 77.20192, 9.53862 ], [ 77.20436, 9.53687 ] ] ] } },
{ "type": "Feature", "properties": { "newname": null }, "geometry": { "type": "Polygon", "coordinates": [ [ [ 77.18434, 9.55333 ], [ 77.18626, 9.54943 ], [ 77.18588, 9.5472 ], [ 77.18896, 9.54823 ], [ 77.18998, 9.54634 ], [ 77.19286, 9.54591 ], [ 77.19605, 9.53953 ], [ 77.1956, 9.53824 ], [ 77.19433, 9.53839 ], [ 77.19332, 9.54083 ], [ 77.19261, 9.53968 ], [ 77.19157, 9.54006 ], [ 77.19121, 9.54119 ], [ 77.19204, 9.54348 ], [ 77.1898, 9.54478 ], [ 77.18852, 9.54448 ], [ 77.19032, 9.54189 ], [ 77.18906, 9.53923 ], [ 77.18719, 9.5395 ], [ 77.18614, 9.54242 ], [ 77.18529, 9.53986 ], [ 77.17921, 9.54199 ], [ 77.1787, 9.54742 ], [ 77.18016, 9.54825 ], [ 77.18232, 9.54695 ], [ 77.18098, 9.54906 ], [ 77.18434, 9.54999 ], [ 77.18419, 9.55114 ], [ 77.18216, 9.55044 ], [ 77.18134, 9.55134 ], [ 77.17829, 9.55145 ], [ 77.17654, 9.55298 ], [ 77.17929, 9.55479 ], [ 77.18434, 9.55333 ] ] ] } },
{ "type": "Feature", "properties": { "newname": null }, "geometry": { "type": "Polygon", "coordinates": [ [ [ 77.16334, 9.54307 ], [ 77.16462, 9.54405 ], [ 77.16741, 9.54192 ], [ 77.17247, 9.54141 ], [ 77.17244, 9.53955 ], [ 77.17388, 9.54013 ], [ 77.17413, 9.54172 ], [ 77.17524, 9.54207 ], [ 77.17539, 9.53973 ], [ 77.17631, 9.54089 ], [ 77.17913, 9.54071 ], [ 77.18178, 9.53991 ], [ 77.18321, 9.53777 ], [ 77.18488, 9.53885 ], [ 77.18687, 9.53698 ], [ 77.19033, 9.5374 ], [ 77.19189, 9.53622 ], [ 77.19355, 9.53738 ], [ 77.19391, 9.5358 ], [ 77.19314, 9.53476 ], [ 77.19471, 9.53483 ], [ 77.19596, 9.53601 ], [ 77.19632, 9.53356 ], [ 77.19552, 9.53184 ], [ 77.19725, 9.53205 ], [ 77.19701, 9.53375 ], [ 77.19833, 9.53403 ], [ 77.20009, 9.53005 ], [ 77.19689, 9.52899 ], [ 77.19379, 9.52986 ], [ 77.19209, 9.53197 ], [ 77.19134, 9.53167 ], [ 77.19127, 9.53023 ], [ 77.18996, 9.53143 ], [ 77.18829, 9.53059 ], [ 77.18668, 9.5312 ], [ 77.18678, 9.52912 ], [ 77.18465, 9.53164 ], [ 77.1838, 9.53056 ], [ 77.18479, 9.52939 ], [ 77.18431, 9.52858 ], [ 77.18308, 9.52808 ], [ 77.18177, 9.52881 ], [ 77.1804, 9.52811 ], [ 77.1791, 9.52871 ], [ 77.17828, 9.52781 ], [ 77.17616, 9.53009 ], [ 77.17465, 9.52942 ], [ 77.17317, 9.52999 ], [ 77.17211, 9.52925 ], [ 77.17146, 9.53298 ], [ 77.16961, 9.53217 ], [ 77.16752, 9.53332 ], [ 77.16889, 9.52925 ], [ 77.16742, 9.53143 ], [ 77.16622, 9.531 ], [ 77.16574, 9.53221 ], [ 77.16426, 9.531 ], [ 77.16354, 9.53214 ], [ 77.16474, 9.53348 ], [ 77.16402, 9.53463 ], [ 77.16447, 9.53617 ], [ 77.15974, 9.5401 ], [ 77.15861, 9.54289 ], [ 77.15936, 9.54433 ], [ 77.15732, 9.54563 ], [ 77.15868, 9.54733 ], [ 77.16334, 9.54307 ] ] ] } },
{ "type": "Feature", "properties": { "newname": null }, "geometry": { "type": "Polygon", "coordinates": [ [ [ 77.22567, 9.52412 ], [ 77.22583, 9.52312 ], [ 77.22209, 9.5221 ], [ 77.22206, 9.52362 ], [ 77.22567, 9.52412 ] ] ] } },
{ "type": "Feature", "properties": { "newname": null }, "geometry": { "type": "Polygon", "coordinates": [ [ [ 77.36489, 9.59999 ], [ 77.36571, 9.59817 ], [ 77.3686, 9.59757 ], [ 77.36925, 9.5937 ], [ 77.36691, 9.59281 ], [ 77.36325, 9.59531 ], [ 77.36065, 9.59277 ], [ 77.36045, 9.58974 ], [ 77.35876, 9.5851 ], [ 77.36287, 9.58002 ], [ 77.36345, 9.57772 ], [ 77.36267, 9.5744 ], [ 77.36057, 9.57227 ], [ 77.35612, 9.57041 ], [ 77.3537, 9.56468 ], [ 77.35473, 9.56105 ], [ 77.35588, 9.56 ], [ 77.35621, 9.5573 ], [ 77.35847, 9.55605 ], [ 77.36522, 9.55524 ], [ 77.36851, 9.55028 ], [ 77.36884, 9.54787 ], [ 77.36793, 9.54585 ], [ 77.36847, 9.53383 ], [ 77.36966, 9.53274 ], [ 77.37304, 9.53189 ], [ 77.37588, 9.52798 ], [ 77.37645, 9.52512 ], [ 77.37752, 9.52391 ], [ 77.37991, 9.52245 ], [ 77.38312, 9.52326 ], [ 77.38621, 9.5204 ], [ 77.38781, 9.51733 ], [ 77.39123, 9.51709 ], [ 77.39399, 9.51814 ], [ 77.40107, 9.52213 ], [ 77.40304, 9.52508 ], [ 77.40403, 9.5252 ], [ 77.4058, 9.5233 ], [ 77.40708, 9.51979 ], [ 77.40435, 9.5171 ], [ 77.40435, 9.51577 ], [ 77.40801, 9.51363 ], [ 77.41114, 9.51306 ], [ 77.41587, 9.50854 ], [ 77.41596, 9.50637 ], [ 77.41493, 9.50467 ], [ 77.40575, 9.49862 ], [ 77.40196, 9.49337 ], [ 77.40151, 9.48878 ], [ 77.40271, 9.48256 ], [ 77.40157, 9.47948 ], [ 77.40491, 9.477 ], [ 77.405, 9.47564 ], [ 77.40047, 9.46932 ], [ 77.39451, 9.46691 ], [ 77.39567, 9.46218 ], [ 77.39444, 9.45965 ], [ 77.3957, 9.45806 ], [ 77.3945, 9.45657 ], [ 77.38919, 9.45298 ], [ 77.38418, 9.45317 ], [ 77.37993, 9.45089 ], [ 77.37708, 9.45152 ], [ 77.37524, 9.45517 ], [ 77.36795, 9.45771 ], [ 77.36404, 9.45441 ], [ 77.36057, 9.45003 ], [ 77.35866, 9.44495 ], [ 77.35228, 9.4395 ], [ 77.35047, 9.4302 ], [ 77.3482, 9.42623 ], [ 77.34801, 9.4228 ], [ 77.34214, 9.41807 ], [ 77.33907, 9.41014 ], [ 77.34033, 9.40735 ], [ 77.34525, 9.40201 ], [ 77.34648, 9.399 ], [ 77.34293, 9.39157 ], [ 77.34395, 9.38931 ], [ 77.34373, 9.38754 ], [ 77.34171, 9.38541 ], [ 77.33954, 9.38534 ], [ 77.33716, 9.37791 ], [ 77.33716, 9.37699 ], [ 77.34005, 9.37415 ], [ 77.33867, 9.37054 ], [ 77.34005, 9.36877 ], [ 77.34048, 9.36608 ], [ 77.33824, 9.36261 ], [ 77.33853, 9.35921 ], [ 77.33744, 9.35652 ], [ 77.33492, 9.35355 ], [ 77.33448, 9.35157 ], [ 77.33203, 9.34909 ], [ 77.3289, 9.34401 ], [ 77.32804, 9.33601 ], [ 77.32307, 9.33592 ], [ 77.31962, 9.33318 ], [ 77.31628, 9.33328 ], [ 77.31152, 9.33562 ], [ 77.30761, 9.33636 ], [ 77.30376, 9.33587 ], [ 77.3026, 9.33413 ], [ 77.30351, 9.32841 ], [ 77.30072, 9.32886 ], [ 77.29956, 9.32752 ], [ 77.30468, 9.3228 ], [ 77.30538, 9.31694 ], [ 77.30204, 9.31168 ], [ 77.30179, 9.30894 ], [ 77.29547, 9.30321 ], [ 77.29245, 9.30222 ], [ 77.2915, 9.30086 ], [ 77.28898, 9.3003 ], [ 77.2879, 9.29912 ], [ 77.28538, 9.29888 ], [ 77.28399, 9.29708 ], [ 77.28639, 9.29306 ], [ 77.28601, 9.28898 ], [ 77.28841, 9.2862 ], [ 77.28765, 9.28428 ], [ 77.28803, 9.28286 ], [ 77.29106, 9.27946 ], [ 77.29005, 9.27717 ], [ 77.2903, 9.27234 ], [ 77.28582, 9.27111 ], [ 77.28065, 9.2721 ], [ 77.27503, 9.27773 ], [ 77.2679, 9.27964 ], [ 77.26317, 9.28001 ], [ 77.25838, 9.28453 ], [ 77.2561, 9.28478 ], [ 77.25106, 9.28756 ], [ 77.24746, 9.28744 ], [ 77.24639, 9.28236 ], [ 77.24128, 9.28286 ], [ 77.24039, 9.28094 ], [ 77.23964, 9.28107 ], [ 77.23983, 9.28298 ], [ 77.23699, 9.29244 ], [ 77.23225, 9.29473 ], [ 77.22695, 9.2951 ], [ 77.22689, 9.29844 ], [ 77.22853, 9.30333 ], [ 77.22651, 9.30927 ], [ 77.2303, 9.31465 ], [ 77.23042, 9.31675 ], [ 77.23213, 9.31786 ], [ 77.23414, 9.32104 ], [ 77.23588, 9.32136 ], [ 77.23687, 9.3229 ], [ 77.23721, 9.32542 ], [ 77.23339, 9.32929 ], [ 77.23479, 9.33231 ], [ 77.24051, 9.33703 ], [ 77.24146, 9.33869 ], [ 77.23902, 9.34252 ], [ 77.2374, 9.34773 ], [ 77.23972, 9.35145 ], [ 77.24159, 9.35682 ], [ 77.24379, 9.35843 ], [ 77.24413, 9.36136 ], [ 77.24345, 9.36447 ], [ 77.24503, 9.36979 ], [ 77.25046, 9.37461 ], [ 77.25063, 9.37943 ], [ 77.24931, 9.38522 ], [ 77.24791, 9.38791 ], [ 77.24463, 9.39007 ], [ 77.24203, 9.39705 ], [ 77.23982, 9.39949 ], [ 77.23479, 9.40253 ], [ 77.23406, 9.40536 ], [ 77.23123, 9.40891 ], [ 77.23315, 9.41406 ], [ 77.23287, 9.4165 ], [ 77.23095, 9.41822 ], [ 77.22654, 9.41783 ], [ 77.22337, 9.41944 ], [ 77.22399, 9.42099 ], [ 77.22546, 9.42198 ], [ 77.22354, 9.42431 ], [ 77.22619, 9.42779 ], [ 77.22676, 9.43255 ], [ 77.22808, 9.43246 ], [ 77.22896, 9.43385 ], [ 77.23288, 9.4357 ], [ 77.23613, 9.43862 ], [ 77.23714, 9.44133 ], [ 77.24032, 9.44465 ], [ 77.24248, 9.45021 ], [ 77.24478, 9.45207 ], [ 77.2458, 9.45704 ], [ 77.24336, 9.46048 ], [ 77.24269, 9.46386 ], [ 77.24431, 9.46711 ], [ 77.24573, 9.46764 ], [ 77.24667, 9.47075 ], [ 77.24438, 9.47347 ], [ 77.24458, 9.47559 ], [ 77.24762, 9.47758 ], [ 77.24985, 9.47798 ], [ 77.26252, 9.47722 ], [ 77.26492, 9.47799 ], [ 77.2664, 9.47669 ], [ 77.2663, 9.47789 ], [ 77.26726, 9.47821 ], [ 77.26689, 9.48164 ], [ 77.26829, 9.48232 ], [ 77.26424, 9.48371 ], [ 77.26706, 9.48609 ], [ 77.26782, 9.48814 ], [ 77.26566, 9.49256 ], [ 77.265, 9.49845 ], [ 77.26645, 9.50321 ], [ 77.26625, 9.50992 ], [ 77.2669, 9.51049 ], [ 77.26571, 9.51115 ], [ 77.26575, 9.51354 ], [ 77.26672, 9.51391 ], [ 77.26589, 9.51542 ], [ 77.26722, 9.51714 ], [ 77.26689, 9.51906 ], [ 77.2686, 9.52 ], [ 77.26893, 9.52143 ], [ 77.26559, 9.52229 ], [ 77.26985, 9.52364 ], [ 77.26659, 9.52466 ], [ 77.2658, 9.52821 ], [ 77.27072, 9.52956 ], [ 77.27152, 9.53075 ], [ 77.27502, 9.53095 ], [ 77.27439, 9.53181 ], [ 77.27252, 9.5321 ], [ 77.26868, 9.53013 ], [ 77.26697, 9.53005 ], [ 77.26576, 9.53238 ], [ 77.26618, 9.53966 ], [ 77.26697, 9.54056 ], [ 77.26679, 9.54597 ], [ 77.26542, 9.54921 ], [ 77.26589, 9.55431 ], [ 77.26722, 9.55729 ], [ 77.26602, 9.56032 ], [ 77.26688, 9.56365 ], [ 77.26619, 9.56832 ], [ 77.26683, 9.57123 ], [ 77.27208, 9.57092 ], [ 77.27371, 9.57179 ], [ 77.27534, 9.5744 ], [ 77.28009, 9.57403 ], [ 77.28283, 9.57728 ], [ 77.28954, 9.5814 ], [ 77.29248, 9.58148 ], [ 77.29397, 9.58669 ], [ 77.2964, 9.58675 ], [ 77.29877, 9.58801 ], [ 77.30643, 9.59664 ], [ 77.31441, 9.59835 ], [ 77.3181, 9.59832 ], [ 77.32104, 9.60043 ], [ 77.32616, 9.59556 ], [ 77.32902, 9.59553 ], [ 77.33245, 9.59715 ], [ 77.32865, 9.59287 ], [ 77.32773, 9.58989 ], [ 77.3293, 9.58653 ], [ 77.32776, 9.58359 ], [ 77.3283, 9.57861 ], [ 77.32917, 9.5778 ], [ 77.33583, 9.57639 ], [ 77.34081, 9.57336 ], [ 77.34283, 9.57046 ], [ 77.34538, 9.57461 ], [ 77.34662, 9.58103 ], [ 77.34937, 9.58442 ], [ 77.34991, 9.58825 ], [ 77.35234, 9.59075 ], [ 77.35283, 9.59333 ], [ 77.3558, 9.59765 ], [ 77.3567, 9.60039 ], [ 77.35909, 9.60148 ], [ 77.36489, 9.59999 ] ] ] } },
{ "type": "Feature", "properties": { "newname": null }, "geometry": { "type": "Polygon", "coordinates": [ [ [ 77.35897, 9.4291 ], [ 77.35825, 9.42447 ], [ 77.35504, 9.42669 ], [ 77.34985, 9.42544 ], [ 77.34947, 9.42745 ], [ 77.35126, 9.42973 ], [ 77.35669, 9.42997 ], [ 77.35897, 9.4291 ] ] ] } },
{ "type": "Feature", "properties": { "newname": null }, "geometry": { "type": "Polygon", "coordinates": [ [ [ 77.35931, 9.44164 ], [ 77.35948, 9.44057 ], [ 77.36453, 9.44074 ], [ 77.36564, 9.4374 ], [ 77.36543, 9.43668 ], [ 77.36327, 9.43604 ], [ 77.36085, 9.43704 ], [ 77.36111, 9.43555 ], [ 77.35832, 9.43157 ], [ 77.35586, 9.43315 ], [ 77.35323, 9.43895 ], [ 77.35831, 9.44182 ], [ 77.35931, 9.44164 ] ] ] } },
{ "type": "Feature", "properties": { "newname": null }, "geometry": { "type": "Polygon", "coordinates": [ [ [ 77.25007, 9.28836 ], [ 77.25298, 9.28604 ], [ 77.25871, 9.28413 ], [ 77.26273, 9.27987 ], [ 77.26766, 9.27967 ], [ 77.25142, 9.26309 ], [ 77.24265, 9.24677 ], [ 77.23976, 9.24348 ], [ 77.19758, 9.21316 ], [ 77.18267, 9.2066 ], [ 77.17853, 9.19512 ], [ 77.17231, 9.16455 ], [ 77.1631, 9.15009 ], [ 77.1592, 9.12983 ], [ 77.14922, 9.09185 ], [ 77.15828, 9.06269 ], [ 77.15857, 9.05834 ], [ 77.15741, 9.0527 ], [ 77.15873, 9.0485 ], [ 77.16405, 9.04941 ], [ 77.16995, 9.04784 ], [ 77.17402, 9.04454 ], [ 77.17673, 9.03909 ], [ 77.17691, 9.03387 ], [ 77.1731, 9.01661 ], [ 77.17486, 9.0036 ], [ 77.17843, 9.00151 ], [ 77.18084, 8.99897 ], [ 77.1833, 8.99249 ], [ 77.18302, 8.98814 ], [ 77.17961, 8.97811 ], [ 77.18091, 8.96656 ], [ 77.18697, 8.94308 ], [ 77.18428, 8.92672 ], [ 77.15862, 8.93553 ], [ 77.15978, 8.94132 ], [ 77.15437, 8.9619 ], [ 77.15245, 8.97918 ], [ 77.15301, 8.9835 ], [ 77.1509, 8.9864 ], [ 77.14948, 8.99053 ], [ 77.14604, 9.01584 ], [ 77.14647, 9.02085 ], [ 77.13859, 9.02728 ], [ 77.13555, 9.03247 ], [ 77.13021, 9.04993 ], [ 77.13009, 9.05342 ], [ 77.13125, 9.05906 ], [ 77.12211, 9.08847 ], [ 77.12193, 9.09369 ], [ 77.13293, 9.13579 ], [ 77.13747, 9.1591 ], [ 77.14699, 9.17443 ], [ 77.1526, 9.20255 ], [ 77.16049, 9.22364 ], [ 77.16558, 9.22839 ], [ 77.18374, 9.23623 ], [ 77.22076, 9.26286 ], [ 77.22945, 9.27886 ], [ 77.237, 9.28679 ], [ 77.23822, 9.28105 ], [ 77.24078, 9.28369 ], [ 77.24375, 9.28206 ], [ 77.24512, 9.28348 ], [ 77.24518, 9.28691 ], [ 77.24599, 9.28854 ], [ 77.25007, 9.28836 ] ] ] } },
{ "type": "Feature", "properties": { "newname": null }, "geometry": { "type": "Polygon", "coordinates": [ [ [ 77.16252, 9.53506 ], [ 77.16135, 9.53291 ], [ 77.16187, 9.53154 ], [ 77.16125, 9.52989 ], [ 77.15847, 9.53251 ], [ 77.15707, 9.52962 ], [ 77.15734, 9.52861 ], [ 77.15655, 9.52828 ], [ 77.15546, 9.52868 ], [ 77.1559, 9.52952 ], [ 77.15333, 9.52992 ], [ 77.15244, 9.53224 ], [ 77.15409, 9.53641 ], [ 77.15566, 9.53684 ], [ 77.15673, 9.53607 ], [ 77.15703, 9.53899 ], [ 77.15799, 9.5396 ], [ 77.16252, 9.53506 ] ] ] } },
{ "type": "Feature", "properties": { "newname": null }, "geometry": { "type": "Polygon", "coordinates": [ [ [ 77.20779, 9.61165 ], [ 77.2119, 9.61169 ], [ 77.21293, 9.6092 ], [ 77.2122, 9.60636 ], [ 77.21246, 9.60323 ], [ 77.21415, 9.60215 ], [ 77.21613, 9.59905 ], [ 77.21786, 9.5988 ], [ 77.21955, 9.59988 ], [ 77.22373, 9.59682 ], [ 77.22491, 9.5912 ], [ 77.22983, 9.58548 ], [ 77.23649, 9.57979 ], [ 77.24035, 9.57957 ], [ 77.24561, 9.5836 ], [ 77.24715, 9.58357 ], [ 77.25607, 9.58084 ], [ 77.25956, 9.57628 ], [ 77.26159, 9.57507 ], [ 77.26465, 9.57504 ], [ 77.26714, 9.57168 ], [ 77.26619, 9.56845 ], [ 77.26688, 9.56365 ], [ 77.26602, 9.56032 ], [ 77.26722, 9.55729 ], [ 77.26589, 9.55431 ], [ 77.26542, 9.54946 ], [ 77.26666, 9.5466 ], [ 77.26696, 9.54332 ], [ 77.26568, 9.53324 ], [ 77.26609, 9.53087 ], [ 77.26672, 9.53009 ], [ 77.26868, 9.53013 ], [ 77.27252, 9.5321 ], [ 77.27498, 9.5312 ], [ 77.27464, 9.53062 ], [ 77.27152, 9.53075 ], [ 77.27072, 9.52956 ], [ 77.2658, 9.52821 ], [ 77.26659, 9.52466 ], [ 77.26985, 9.52364 ], [ 77.26559, 9.52229 ], [ 77.26893, 9.52143 ], [ 77.2686, 9.52 ], [ 77.26689, 9.51906 ], [ 77.26722, 9.51714 ], [ 77.26589, 9.51542 ], [ 77.26672, 9.51391 ], [ 77.26575, 9.51354 ], [ 77.26571, 9.51115 ], [ 77.2669, 9.51049 ], [ 77.26625, 9.50992 ], [ 77.26645, 9.50321 ], [ 77.265, 9.49845 ], [ 77.26566, 9.49256 ], [ 77.26782, 9.48814 ], [ 77.26706, 9.48609 ], [ 77.26424, 9.48371 ], [ 77.26829, 9.48232 ], [ 77.26689, 9.48164 ], [ 77.26726, 9.47821 ], [ 77.2663, 9.47789 ], [ 77.2664, 9.47669 ], [ 77.26492, 9.47799 ], [ 77.26252, 9.47722 ], [ 77.24985, 9.47798 ], [ 77.24762, 9.47758 ], [ 77.24458, 9.47559 ], [ 77.24438, 9.47347 ], [ 77.24667, 9.47009 ], [ 77.24269, 9.46347 ], [ 77.24336, 9.46048 ], [ 77.2458, 9.45704 ], [ 77.24539, 9.45386 ], [ 77.24438, 9.45127 ], [ 77.24248, 9.45021 ], [ 77.23958, 9.44345 ], [ 77.23714, 9.44133 ], [ 77.23464, 9.43703 ], [ 77.23005, 9.43464 ], [ 77.22808, 9.43246 ], [ 77.22694, 9.43246 ], [ 77.2246, 9.43424 ], [ 77.21797, 9.43569 ], [ 77.21649, 9.43728 ], [ 77.21452, 9.44208 ], [ 77.21345, 9.44227 ], [ 77.21056, 9.43936 ], [ 77.20989, 9.44192 ], [ 77.21196, 9.44388 ], [ 77.21234, 9.44552 ], [ 77.20915, 9.4489 ], [ 77.20721, 9.44863 ], [ 77.20554, 9.44971 ], [ 77.20306, 9.44747 ], [ 77.19983, 9.4503 ], [ 77.19328, 9.44776 ], [ 77.19242, 9.44837 ], [ 77.19161, 9.45259 ], [ 77.1904, 9.45423 ], [ 77.18506, 9.4527 ], [ 77.18442, 9.45478 ], [ 77.18698, 9.46065 ], [ 77.18636, 9.4626 ], [ 77.18436, 9.46413 ], [ 77.1846, 9.46971 ], [ 77.18352, 9.47072 ], [ 77.18142, 9.47017 ], [ 77.17534, 9.4637 ], [ 77.17457, 9.46181 ], [ 77.1717, 9.46026 ], [ 77.17092, 9.46097 ], [ 77.17212, 9.46399 ], [ 77.1711, 9.46467 ], [ 77.16917, 9.46366 ], [ 77.16994, 9.46618 ], [ 77.16921, 9.46761 ], [ 77.1567, 9.46904 ], [ 77.15374, 9.46614 ], [ 77.1504, 9.46462 ], [ 77.14354, 9.45815 ], [ 77.14028, 9.45883 ], [ 77.13865, 9.45715 ], [ 77.13694, 9.45681 ], [ 77.13403, 9.45864 ], [ 77.13193, 9.45826 ], [ 77.12901, 9.45385 ], [ 77.12858, 9.45171 ], [ 77.12271, 9.4436 ], [ 77.1222, 9.44108 ], [ 77.11611, 9.44015 ], [ 77.11444, 9.43872 ], [ 77.11397, 9.43583 ], [ 77.11191, 9.4357 ], [ 77.11046, 9.43436 ], [ 77.10244, 9.43318 ], [ 77.09918, 9.42801 ], [ 77.09726, 9.42696 ], [ 77.0952, 9.42705 ], [ 77.09376, 9.42435 ], [ 77.0915, 9.42233 ], [ 77.08851, 9.42197 ], [ 77.08722, 9.42065 ], [ 77.08775, 9.41932 ], [ 77.08634, 9.41949 ], [ 77.08471, 9.42092 ], [ 77.08158, 9.41774 ], [ 77.07949, 9.41902 ], [ 77.07707, 9.41578 ], [ 77.07476, 9.4149 ], [ 77.07481, 9.41263 ], [ 77.07268, 9.41121 ], [ 77.0674, 9.41436 ], [ 77.06157, 9.41409 ], [ 77.05565, 9.41597 ], [ 77.05249, 9.41464 ], [ 77.04781, 9.4111 ], [ 77.03936, 9.41064 ], [ 77.03752, 9.40757 ], [ 77.03389, 9.40726 ], [ 77.03163, 9.4048 ], [ 77.02938, 9.40467 ], [ 77.02619, 9.4071 ], [ 77.02549, 9.40478 ], [ 77.02131, 9.40398 ], [ 77.01046, 9.40677 ], [ 77.01012, 9.4082 ], [ 77.01119, 9.41238 ], [ 77.0128, 9.41525 ], [ 77.01193, 9.41765 ], [ 77.01052, 9.41818 ], [ 77.00876, 9.41708 ], [ 77.00583, 9.41696 ], [ 77.00221, 9.41752 ], [ 76.9991, 9.42163 ], [ 76.99744, 9.42113 ], [ 76.9963, 9.41951 ], [ 76.99496, 9.41945 ], [ 76.99102, 9.41951 ], [ 76.98683, 9.42107 ], [ 76.98162, 9.42057 ], [ 76.97844, 9.42132 ], [ 76.97786, 9.4182 ], [ 76.9771, 9.4182 ], [ 76.97361, 9.41914 ], [ 76.97151, 9.42151 ], [ 76.97043, 9.42169 ], [ 76.9663, 9.41964 ], [ 76.96388, 9.41982 ], [ 76.96185, 9.41689 ], [ 76.95447, 9.41802 ], [ 76.95079, 9.41596 ], [ 76.94468, 9.41534 ], [ 76.94189, 9.41627 ], [ 76.94087, 9.41777 ], [ 76.94214, 9.4197 ], [ 76.94011, 9.4288 ], [ 76.94176, 9.43123 ], [ 76.94526, 9.43266 ], [ 76.94615, 9.43447 ], [ 76.94093, 9.44263 ], [ 76.95231, 9.44774 ], [ 76.95485, 9.45166 ], [ 76.95524, 9.45434 ], [ 76.95937, 9.45683 ], [ 76.95958, 9.45926 ], [ 76.96538, 9.4632 ], [ 76.96837, 9.46224 ], [ 76.97113, 9.46259 ], [ 76.97394, 9.46547 ], [ 76.97871, 9.46481 ], [ 76.98152, 9.46613 ], [ 76.98326, 9.46495 ], [ 76.98513, 9.46495 ], [ 76.98736, 9.4708 ], [ 76.99182, 9.46927 ], [ 76.9916, 9.47299 ], [ 76.99267, 9.47465 ], [ 76.99896, 9.47482 ], [ 77.00052, 9.47635 ], [ 77.00221, 9.47679 ], [ 77.00413, 9.47954 ], [ 77.00841, 9.4788 ], [ 77.01091, 9.48081 ], [ 77.01362, 9.48115 ], [ 77.0171, 9.48443 ], [ 77.01964, 9.4853 ], [ 77.02071, 9.48866 ], [ 77.02504, 9.48674 ], [ 77.02709, 9.49037 ], [ 77.02986, 9.48989 ], [ 77.0316, 9.49164 ], [ 77.03316, 9.49164 ], [ 77.03342, 9.49269 ], [ 77.03253, 9.494 ], [ 77.03476, 9.49553 ], [ 77.03556, 9.49798 ], [ 77.04261, 9.50121 ], [ 77.04488, 9.50208 ], [ 77.04635, 9.5013 ], [ 77.04997, 9.50427 ], [ 77.05504, 9.506 ], [ 77.05758, 9.50596 ], [ 77.05932, 9.50714 ], [ 77.0624, 9.50714 ], [ 77.06342, 9.50814 ], [ 77.06637, 9.50783 ], [ 77.06868, 9.50963 ], [ 77.07292, 9.51059 ], [ 77.07684, 9.5067 ], [ 77.08358, 9.50696 ], [ 77.085, 9.50788 ], [ 77.0863, 9.51116 ], [ 77.08768, 9.51234 ], [ 77.09044, 9.51325 ], [ 77.09481, 9.51321 ], [ 77.10478, 9.51983 ], [ 77.10625, 9.51992 ], [ 77.11165, 9.52311 ], [ 77.11223, 9.52491 ], [ 77.11076, 9.52643 ], [ 77.11129, 9.52849 ], [ 77.10804, 9.5326 ], [ 77.10367, 9.53487 ], [ 77.10108, 9.53719 ], [ 77.09792, 9.53824 ], [ 77.09546, 9.54047 ], [ 77.09533, 9.54239 ], [ 77.09738, 9.54763 ], [ 77.09916, 9.54899 ], [ 77.10345, 9.55013 ], [ 77.10741, 9.5503 ], [ 77.10938, 9.54956 ], [ 77.1104, 9.54602 ], [ 77.11834, 9.54632 ], [ 77.1215, 9.54794 ], [ 77.12208, 9.55161 ], [ 77.11871, 9.55318 ], [ 77.1138, 9.55821 ], [ 77.11728, 9.56193 ], [ 77.12174, 9.56162 ], [ 77.12187, 9.56271 ], [ 77.12022, 9.56485 ], [ 77.1204, 9.56673 ], [ 77.12348, 9.56922 ], [ 77.1262, 9.57027 ], [ 77.12834, 9.57285 ], [ 77.13084, 9.57272 ], [ 77.13396, 9.57709 ], [ 77.1353, 9.57779 ], [ 77.13476, 9.57919 ], [ 77.13271, 9.5798 ], [ 77.13409, 9.58212 ], [ 77.13422, 9.58426 ], [ 77.13333, 9.58535 ], [ 77.13385, 9.58653 ], [ 77.13662, 9.58723 ], [ 77.13943, 9.58583 ], [ 77.14197, 9.58749 ], [ 77.14692, 9.58395 ], [ 77.14866, 9.58426 ], [ 77.14687, 9.59003 ], [ 77.14866, 9.59094 ], [ 77.14981, 9.58941 ], [ 77.15124, 9.58902 ], [ 77.15619, 9.59344 ], [ 77.15717, 9.59339 ], [ 77.15722, 9.59663 ], [ 77.15503, 9.60152 ], [ 77.16105, 9.60563 ], [ 77.16226, 9.60843 ], [ 77.16368, 9.60825 ], [ 77.16551, 9.60463 ], [ 77.16582, 9.59763 ], [ 77.16689, 9.59628 ], [ 77.16667, 9.59934 ], [ 77.16926, 9.60157 ], [ 77.17082, 9.60126 ], [ 77.17376, 9.59733 ], [ 77.17586, 9.60082 ], [ 77.17742, 9.60808 ], [ 77.17862, 9.60882 ], [ 77.18405, 9.60788 ], [ 77.19045, 9.6043 ], [ 77.19416, 9.6083 ], [ 77.19938, 9.60891 ], [ 77.20059, 9.61252 ], [ 77.20166, 9.61291 ], [ 77.20779, 9.61165 ] ], [ [ 77.17654, 9.55298 ], [ 77.17855, 9.55134 ], [ 77.18134, 9.55134 ], [ 77.18216, 9.55044 ], [ 77.18419, 9.55114 ], [ 77.18434, 9.55024 ], [ 77.18414, 9.54946 ], [ 77.18098, 9.54906 ], [ 77.18232, 9.54695 ], [ 77.18016, 9.54825 ], [ 77.1787, 9.54742 ], [ 77.17921, 9.54199 ], [ 77.18529, 9.53986 ], [ 77.18614, 9.54242 ], [ 77.18719, 9.5395 ], [ 77.18906, 9.53923 ], [ 77.19032, 9.54189 ], [ 77.18852, 9.54448 ], [ 77.1898, 9.54478 ], [ 77.19204, 9.54348 ], [ 77.19121, 9.54119 ], [ 77.19157, 9.54006 ], [ 77.19261, 9.53968 ], [ 77.19332, 9.54083 ], [ 77.19433, 9.53839 ], [ 77.1956, 9.53824 ], [ 77.19605, 9.53953 ], [ 77.19286, 9.54591 ], [ 77.18998, 9.54634 ], [ 77.18896, 9.54823 ], [ 77.18588, 9.5472 ], [ 77.18626, 9.54943 ], [ 77.18434, 9.55333 ], [ 77.1789, 9.55484 ], [ 77.17654, 9.55298 ] ], [ [ 77.19994, 9.53635 ], [ 77.20247, 9.53499 ], [ 77.20436, 9.53687 ], [ 77.20175, 9.53867 ], [ 77.19994, 9.53635 ] ], [ [ 77.19591, 9.53613 ], [ 77.19471, 9.53483 ], [ 77.19314, 9.53476 ], [ 77.19391, 9.5358 ], [ 77.19355, 9.53738 ], [ 77.19189, 9.53622 ], [ 77.19033, 9.5374 ], [ 77.18687, 9.53698 ], [ 77.18488, 9.53885 ], [ 77.18321, 9.53777 ], [ 77.18178, 9.53991 ], [ 77.17942, 9.54066 ], [ 77.17631, 9.54089 ], [ 77.17539, 9.53973 ], [ 77.17524, 9.54207 ], [ 77.17413, 9.54172 ], [ 77.17388, 9.54013 ], [ 77.17244, 9.53955 ], [ 77.17247, 9.54141 ], [ 77.16741, 9.54192 ], [ 77.16462, 9.54405 ], [ 77.16334, 9.54307 ], [ 77.15857, 9.54738 ], [ 77.15732, 9.54574 ], [ 77.15936, 9.54433 ], [ 77.15861, 9.54289 ], [ 77.15974, 9.5401 ], [ 77.16447, 9.53617 ], [ 77.16402, 9.53463 ], [ 77.16474, 9.53348 ], [ 77.16361, 9.53174 ], [ 77.1644, 9.53096 ], [ 77.1656, 9.53224 ], [ 77.16622, 9.531 ], [ 77.16742, 9.53143 ], [ 77.16875, 9.52925 ], [ 77.16875, 9.5311 ], [ 77.16752, 9.53332 ], [ 77.16961, 9.53217 ], [ 77.17146, 9.53298 ], [ 77.17252, 9.52895 ], [ 77.17317, 9.52999 ], [ 77.17465, 9.52942 ], [ 77.17616, 9.53009 ], [ 77.17828, 9.52781 ], [ 77.1791, 9.52871 ], [ 77.1804, 9.52811 ], [ 77.18177, 9.52881 ], [ 77.18308, 9.52808 ], [ 77.18431, 9.52858 ], [ 77.18479, 9.52939 ], [ 77.1838, 9.53056 ], [ 77.18465, 9.53164 ], [ 77.18678, 9.52912 ], [ 77.18668, 9.5312 ], [ 77.18829, 9.53059 ], [ 77.18996, 9.53143 ], [ 77.19127, 9.53023 ], [ 77.19134, 9.53167 ], [ 77.19209, 9.53197 ], [ 77.19379, 9.52986 ], [ 77.19689, 9.52899 ], [ 77.19999, 9.52993 ], [ 77.19833, 9.53403 ], [ 77.19701, 9.53375 ], [ 77.19725, 9.53205 ], [ 77.19552, 9.53184 ], [ 77.19632, 9.53356 ], [ 77.19591, 9.53613 ] ], [ [ 77.15847, 9.53251 ], [ 77.16125, 9.52989 ], [ 77.16187, 9.53154 ], [ 77.16135, 9.53291 ], [ 77.16252, 9.53506 ], [ 77.15786, 9.5397 ], [ 77.15703, 9.53899 ], [ 77.15673, 9.53607 ], [ 77.15566, 9.53684 ], [ 77.15409, 9.53641 ], [ 77.15244, 9.53224 ], [ 77.15333, 9.52992 ], [ 77.1559, 9.52952 ], [ 77.15556, 9.52855 ], [ 77.15703, 9.52828 ], [ 77.15847, 9.53251 ] ], [ [ 77.22196, 9.52334 ], [ 77.2226, 9.52185 ], [ 77.22583, 9.52312 ], [ 77.22555, 9.52418 ], [ 77.22304, 9.52424 ], [ 77.22196, 9.52334 ] ] ] } },
{ "type": "Feature", "properties": { "newname": null }, "geometry": { "type": "Polygon", "coordinates": [ [ [ 77.08682, 8.95758 ], [ 77.08948, 8.95845 ], [ 77.09165, 8.96266 ], [ 77.09295, 8.96363 ], [ 77.09453, 8.96353 ], [ 77.10282, 8.95621 ], [ 77.10762, 8.95313 ], [ 77.12765, 8.94503 ], [ 77.16609, 8.93324 ], [ 77.1856, 8.9263 ], [ 77.19729, 8.92497 ], [ 77.20132, 8.91705 ], [ 77.20286, 8.91584 ], [ 77.20369, 8.91583 ], [ 77.20388, 8.91683 ], [ 77.20382, 8.92672 ], [ 77.20458, 8.929 ], [ 77.20654, 8.93145 ], [ 77.20885, 8.9327 ], [ 77.21151, 8.93276 ], [ 77.21613, 8.92813 ], [ 77.22443, 8.92266 ], [ 77.22439, 8.91973 ], [ 77.22327, 8.91846 ], [ 77.21867, 8.91651 ], [ 77.21753, 8.91377 ], [ 77.21854, 8.9068 ], [ 77.22157, 8.89981 ], [ 77.22999, 8.89806 ], [ 77.23916, 8.89398 ], [ 77.24042, 8.8925 ], [ 77.23958, 8.88354 ], [ 77.24007, 8.87914 ], [ 77.24224, 8.87692 ], [ 77.25194, 8.87515 ], [ 77.25394, 8.87403 ], [ 77.25791, 8.86885 ], [ 77.25897, 8.86554 ], [ 77.25894, 8.86316 ], [ 77.25632, 8.85862 ], [ 77.25629, 8.85679 ], [ 77.26119, 8.85215 ], [ 77.2606, 8.84923 ], [ 77.25874, 8.84705 ], [ 77.26139, 8.83951 ], [ 77.26131, 8.8361 ], [ 77.25296, 8.82796 ], [ 77.25146, 8.82505 ], [ 77.24894, 8.81409 ], [ 77.24744, 8.81155 ], [ 77.23688, 8.80307 ], [ 77.23409, 8.79981 ], [ 77.21741, 8.80792 ], [ 77.21558, 8.81385 ], [ 77.21202, 8.81942 ], [ 77.20739, 8.82127 ], [ 77.19214, 8.82241 ], [ 77.18606, 8.8242 ], [ 77.17944, 8.82866 ], [ 77.17588, 8.83423 ], [ 77.16977, 8.84936 ], [ 77.16534, 8.85253 ], [ 77.15734, 8.85358 ], [ 77.14734, 8.85849 ], [ 77.15413, 8.86869 ], [ 77.15417, 8.87202 ], [ 77.15314, 8.8749 ], [ 77.15092, 8.87855 ], [ 77.14554, 8.88451 ], [ 77.13222, 8.89616 ], [ 77.10815, 8.91073 ], [ 77.0903, 8.91535 ], [ 77.08465, 8.92047 ], [ 77.07893, 8.92235 ], [ 77.07231, 8.92606 ], [ 77.0651, 8.92725 ], [ 77.06133, 8.9288 ], [ 77.05119, 8.93481 ], [ 77.04922, 8.94038 ], [ 77.04962, 8.94249 ], [ 77.05719, 8.95942 ], [ 77.05963, 8.96145 ], [ 77.06753, 8.96408 ], [ 77.07252, 8.96402 ], [ 77.08682, 8.95758 ] ] ] } },
{ "type": "Feature", "properties": { "newname": null }, "geometry": { "type": "Polygon", "coordinates": [ [ [ 77.24786, 8.77554 ], [ 77.25652, 8.76401 ], [ 77.26205, 8.76118 ], [ 77.26936, 8.75569 ], [ 77.27434, 8.75405 ], [ 77.2852, 8.75389 ], [ 77.28828, 8.75285 ], [ 77.29052, 8.75052 ], [ 77.28972, 8.73972 ], [ 77.28815, 8.73235 ], [ 77.28474, 8.72349 ], [ 77.28456, 8.71983 ], [ 77.28883, 8.70673 ], [ 77.29647, 8.69395 ], [ 77.29478, 8.69399 ], [ 77.29408, 8.69543 ], [ 77.29295, 8.6944 ], [ 77.27733, 8.70354 ], [ 77.27731, 8.7069 ], [ 77.27641, 8.7079 ], [ 77.27725, 8.71101 ], [ 77.27438, 8.71712 ], [ 77.2748, 8.71896 ], [ 77.27631, 8.71989 ], [ 77.27676, 8.72302 ], [ 77.27621, 8.72307 ], [ 77.27578, 8.7199 ], [ 77.27485, 8.71979 ], [ 77.27472, 8.72445 ], [ 77.27126, 8.72797 ], [ 77.26864, 8.72847 ], [ 77.26482, 8.7311 ], [ 77.2667, 8.72799 ], [ 77.26708, 8.72856 ], [ 77.27112, 8.72738 ], [ 77.27445, 8.7239 ], [ 77.27387, 8.71665 ], [ 77.27667, 8.71108 ], [ 77.2759, 8.70898 ], [ 77.27387, 8.71032 ], [ 77.27392, 8.71214 ], [ 77.27304, 8.71315 ], [ 77.27329, 8.71121 ], [ 77.27103, 8.7109 ], [ 77.26793, 8.71176 ], [ 77.26541, 8.71043 ], [ 77.25945, 8.71339 ], [ 77.256, 8.71392 ], [ 77.25284, 8.71683 ], [ 77.25172, 8.72036 ], [ 77.24525, 8.72415 ], [ 77.24533, 8.72629 ], [ 77.24307, 8.72729 ], [ 77.23994, 8.73106 ], [ 77.2392, 8.73158 ], [ 77.23799, 8.73155 ], [ 77.23571, 8.73038 ], [ 77.23861, 8.7314 ], [ 77.23987, 8.73076 ], [ 77.24264, 8.72728 ], [ 77.24492, 8.72592 ], [ 77.24474, 8.72381 ], [ 77.25121, 8.71999 ], [ 77.25249, 8.71629 ], [ 77.2554, 8.71349 ], [ 77.25992, 8.71261 ], [ 77.26481, 8.70975 ], [ 77.26729, 8.71108 ], [ 77.27083, 8.71015 ], [ 77.27251, 8.7108 ], [ 77.27656, 8.70679 ], [ 77.276, 8.70284 ], [ 77.27677, 8.70173 ], [ 77.27583, 8.70048 ], [ 77.27807, 8.70213 ], [ 77.28184, 8.69841 ], [ 77.2841, 8.69772 ], [ 77.28796, 8.69458 ], [ 77.29037, 8.6941 ], [ 77.29105, 8.69326 ], [ 77.29002, 8.6926 ], [ 77.29953, 8.68979 ], [ 77.30135, 8.68745 ], [ 77.30112, 8.68658 ], [ 77.29819, 8.68649 ], [ 77.30075, 8.68427 ], [ 77.30205, 8.68428 ], [ 77.30438, 8.68263 ], [ 77.30428, 8.68475 ], [ 77.30772, 8.68249 ], [ 77.31851, 8.68279 ], [ 77.32612, 8.68176 ], [ 77.33179, 8.67989 ], [ 77.33769, 8.67532 ], [ 77.34419, 8.67428 ], [ 77.33952, 8.66675 ], [ 77.33727, 8.65856 ], [ 77.33632, 8.65737 ], [ 77.32545, 8.65398 ], [ 77.3233, 8.65481 ], [ 77.31842, 8.65382 ], [ 77.31624, 8.65236 ], [ 77.31348, 8.65225 ], [ 77.31085, 8.6485 ], [ 77.30932, 8.64799 ], [ 77.30491, 8.65053 ], [ 77.30479, 8.65367 ], [ 77.30272, 8.6528 ], [ 77.30235, 8.65553 ], [ 77.30008, 8.65639 ], [ 77.2987, 8.65867 ], [ 77.29571, 8.65819 ], [ 77.29198, 8.66034 ], [ 77.29045, 8.66257 ], [ 77.28632, 8.66478 ], [ 77.28342, 8.66595 ], [ 77.28037, 8.66609 ], [ 77.27776, 8.66848 ], [ 77.27427, 8.67023 ], [ 77.26881, 8.67647 ], [ 77.26425, 8.67583 ], [ 77.25752, 8.67061 ], [ 77.25524, 8.66559 ], [ 77.25394, 8.66001 ], [ 77.25977, 8.65572 ], [ 77.26686, 8.65231 ], [ 77.27659, 8.64488 ], [ 77.27956, 8.64348 ], [ 77.28582, 8.63803 ], [ 77.28868, 8.6372 ], [ 77.29192, 8.63243 ], [ 77.30215, 8.6286 ], [ 77.30866, 8.62824 ], [ 77.31017, 8.6259 ], [ 77.30534, 8.62531 ], [ 77.30143, 8.62247 ], [ 77.29818, 8.62237 ], [ 77.29392, 8.62344 ], [ 77.29219, 8.62115 ], [ 77.28918, 8.62265 ], [ 77.28658, 8.61977 ], [ 77.28288, 8.62129 ], [ 77.28061, 8.61858 ], [ 77.27888, 8.61812 ], [ 77.27261, 8.62113 ], [ 77.27023, 8.62366 ], [ 77.26777, 8.62474 ], [ 77.26497, 8.6286 ], [ 77.26249, 8.62975 ], [ 77.25565, 8.62885 ], [ 77.2479, 8.63518 ], [ 77.2462, 8.63572 ], [ 77.24571, 8.63753 ], [ 77.24712, 8.64094 ], [ 77.24483, 8.64259 ], [ 77.24429, 8.64419 ], [ 77.24268, 8.64511 ], [ 77.24409, 8.64415 ], [ 77.24461, 8.64237 ], [ 77.2467, 8.641 ], [ 77.24522, 8.63744 ], [ 77.24598, 8.63536 ], [ 77.24767, 8.63479 ], [ 77.25549, 8.62855 ], [ 77.26278, 8.62929 ], [ 77.26572, 8.62741 ], [ 77.2673, 8.62465 ], [ 77.27029, 8.62292 ], [ 77.27238, 8.62044 ], [ 77.27579, 8.6195 ], [ 77.27899, 8.61756 ], [ 77.28078, 8.61807 ], [ 77.28342, 8.62066 ], [ 77.28587, 8.61911 ], [ 77.28832, 8.61945 ], [ 77.2897, 8.62213 ], [ 77.29241, 8.6206 ], [ 77.29446, 8.62275 ], [ 77.30029, 8.62169 ], [ 77.30608, 8.62505 ], [ 77.31136, 8.62448 ], [ 77.31326, 8.61982 ], [ 77.31133, 8.61297 ], [ 77.3111, 8.60307 ], [ 77.30764, 8.60259 ], [ 77.30476, 8.59828 ], [ 77.30415, 8.59568 ], [ 77.30798, 8.60231 ], [ 77.31033, 8.602 ], [ 77.31141, 8.60266 ], [ 77.31159, 8.61061 ], [ 77.31384, 8.61981 ], [ 77.31516, 8.62149 ], [ 77.31468, 8.6221 ], [ 77.32444, 8.62156 ], [ 77.33186, 8.62226 ], [ 77.33869, 8.61567 ], [ 77.36257, 8.60284 ], [ 77.3643, 8.59855 ], [ 77.37132, 8.59311 ], [ 77.36546, 8.5921 ], [ 77.34669, 8.59175 ], [ 77.33935, 8.5898 ], [ 77.33777, 8.58826 ], [ 77.32861, 8.5858 ], [ 77.32439, 8.58406 ], [ 77.32282, 8.58252 ], [ 77.32276, 8.57697 ], [ 77.32446, 8.5692 ], [ 77.32571, 8.56631 ], [ 77.32938, 8.56507 ], [ 77.3343, 8.56086 ], [ 77.33646, 8.55783 ], [ 77.33835, 8.55241 ], [ 77.33812, 8.54638 ], [ 77.33326, 8.54643 ], [ 77.33037, 8.54806 ], [ 77.32859, 8.5479 ], [ 77.32587, 8.55108 ], [ 77.32149, 8.55118 ], [ 77.31859, 8.55355 ], [ 77.31733, 8.55354 ], [ 77.31573, 8.55228 ], [ 77.3139, 8.55246 ], [ 77.30096, 8.55967 ], [ 77.29666, 8.55977 ], [ 77.28934, 8.56225 ], [ 77.2887, 8.56001 ], [ 77.28452, 8.5632 ], [ 77.28084, 8.56469 ], [ 77.27806, 8.56717 ], [ 77.27206, 8.57033 ], [ 77.27081, 8.57772 ], [ 77.26887, 8.57741 ], [ 77.2677, 8.57888 ], [ 77.26729, 8.58386 ], [ 77.26411, 8.58682 ], [ 77.26247, 8.58649 ], [ 77.25819, 8.58916 ], [ 77.2577, 8.5932 ], [ 77.25631, 8.59564 ], [ 77.25117, 8.59751 ], [ 77.2499, 8.5996 ], [ 77.24671, 8.60191 ], [ 77.24754, 8.60359 ], [ 77.24677, 8.60729 ], [ 77.24735, 8.61044 ], [ 77.24665, 8.61522 ], [ 77.24704, 8.6192 ], [ 77.24229, 8.62271 ], [ 77.2369, 8.62445 ], [ 77.2347, 8.62599 ], [ 77.23479, 8.62881 ], [ 77.23282, 8.63462 ], [ 77.23093, 8.63609 ], [ 77.23071, 8.63841 ], [ 77.2301, 8.63891 ], [ 77.22784, 8.63761 ], [ 77.22522, 8.63808 ], [ 77.22169, 8.64248 ], [ 77.21535, 8.6474 ], [ 77.213, 8.65245 ], [ 77.21326, 8.65587 ], [ 77.20898, 8.65953 ], [ 77.20934, 8.66216 ], [ 77.20216, 8.66726 ], [ 77.20554, 8.67531 ], [ 77.2081, 8.67877 ], [ 77.20901, 8.67855 ], [ 77.20773, 8.68395 ], [ 77.2052, 8.68748 ], [ 77.20324, 8.69249 ], [ 77.1992, 8.6979 ], [ 77.19694, 8.70253 ], [ 77.19622, 8.70595 ], [ 77.19196, 8.7101 ], [ 77.18926, 8.71029 ], [ 77.18694, 8.71166 ], [ 77.18558, 8.71528 ], [ 77.18349, 8.7157 ], [ 77.18217, 8.71704 ], [ 77.18159, 8.71965 ], [ 77.17862, 8.7241 ], [ 77.17962, 8.7269 ], [ 77.17982, 8.73119 ], [ 77.17737, 8.73279 ], [ 77.17564, 8.73642 ], [ 77.1712, 8.74056 ], [ 77.17175, 8.74535 ], [ 77.17375, 8.74884 ], [ 77.17531, 8.74504 ], [ 77.1792, 8.74261 ], [ 77.18455, 8.74068 ], [ 77.18927, 8.74187 ], [ 77.19277, 8.74091 ], [ 77.19468, 8.74589 ], [ 77.19856, 8.74877 ], [ 77.19842, 8.7507 ], [ 77.19939, 8.75204 ], [ 77.19907, 8.75389 ], [ 77.20089, 8.76149 ], [ 77.20041, 8.76331 ], [ 77.19801, 8.76582 ], [ 77.19833, 8.76814 ], [ 77.19975, 8.76882 ], [ 77.20542, 8.76809 ], [ 77.21024, 8.76399 ], [ 77.21529, 8.76542 ], [ 77.21687, 8.76697 ], [ 77.2189, 8.76675 ], [ 77.2198, 8.76814 ], [ 77.2196, 8.76946 ], [ 77.21807, 8.77199 ], [ 77.21578, 8.77343 ], [ 77.21412, 8.77762 ], [ 77.21571, 8.77858 ], [ 77.22079, 8.77767 ], [ 77.22556, 8.78276 ], [ 77.23064, 8.78326 ], [ 77.23228, 8.78982 ], [ 77.23147, 8.79609 ], [ 77.23352, 8.79854 ], [ 77.23416, 8.80145 ], [ 77.24786, 8.77554 ] ] ] } },
{ "type": "Feature", "properties": { "newname": null }, "geometry": { "type": "Polygon", "coordinates": [ [ [ 77.89044, 8.73983 ], [ 77.8882, 8.73399 ], [ 77.88738, 8.73359 ], [ 77.88613, 8.73437 ], [ 77.88571, 8.73625 ], [ 77.88071, 8.74039 ], [ 77.88271, 8.74286 ], [ 77.89044, 8.73983 ] ] ] } },
{ "type": "Feature", "properties": { "newname": null }, "geometry": { "type": "Polygon", "coordinates": [ [ [ 77.88084, 8.73149 ], [ 77.88632, 8.72773 ], [ 77.89442, 8.71671 ], [ 77.90127, 8.71053 ], [ 77.90583, 8.70407 ], [ 77.90721, 8.704 ], [ 77.90709, 8.70262 ], [ 77.90801, 8.70204 ], [ 77.90954, 8.6971 ], [ 77.90496, 8.69615 ], [ 77.8969, 8.69964 ], [ 77.89437, 8.69718 ], [ 77.89533, 8.69098 ], [ 77.90008, 8.68911 ], [ 77.90052, 8.68382 ], [ 77.89987, 8.67309 ], [ 77.89906, 8.67148 ], [ 77.89723, 8.67074 ], [ 77.89424, 8.66577 ], [ 77.89298, 8.66101 ], [ 77.88558, 8.66122 ], [ 77.88284, 8.66233 ], [ 77.87502, 8.66904 ], [ 77.87346, 8.66819 ], [ 77.8714, 8.66895 ], [ 77.86991, 8.66862 ], [ 77.86575, 8.67323 ], [ 77.86518, 8.67554 ], [ 77.86531, 8.68145 ], [ 77.8671, 8.68563 ], [ 77.86591, 8.68719 ], [ 77.86682, 8.68948 ], [ 77.87432, 8.69012 ], [ 77.875, 8.68754 ], [ 77.87786, 8.687 ], [ 77.88049, 8.68366 ], [ 77.88192, 8.68359 ], [ 77.88182, 8.6886 ], [ 77.87863, 8.68944 ], [ 77.8775, 8.69803 ], [ 77.87887, 8.69894 ], [ 77.87893, 8.70135 ], [ 77.88071, 8.7018 ], [ 77.8794, 8.70543 ], [ 77.8778, 8.70653 ], [ 77.8761, 8.71119 ], [ 77.87548, 8.71608 ], [ 77.87589, 8.72055 ], [ 77.87429, 8.72223 ], [ 77.87345, 8.72562 ], [ 77.87156, 8.72649 ], [ 77.87226, 8.73011 ], [ 77.8765, 8.73284 ], [ 77.88084, 8.73149 ] ] ] } },
{ "type": "Feature", "properties": { "newname": null }, "geometry": { "type": "Polygon", "coordinates": [ [ [ 78.23499, 8.83427 ], [ 78.23178, 8.83356 ], [ 78.18609, 8.8382 ], [ 78.18538, 8.84177 ], [ 78.22892, 8.96705 ], [ 78.27104, 8.97276 ], [ 78.27675, 8.97276 ], [ 78.27746, 8.97026 ], [ 78.23499, 8.83427 ] ] ] } },
{ "type": "Feature", "properties": { "newname": null }, "geometry": { "type": "Polygon", "coordinates": [ [ [ 77.53158, 9.48914 ], [ 77.53072, 9.48719 ], [ 77.53098, 9.48567 ], [ 77.52993, 9.48466 ], [ 77.5289, 9.48131 ], [ 77.52154, 9.47423 ], [ 77.51701, 9.47513 ], [ 77.51668, 9.47617 ], [ 77.51817, 9.47731 ], [ 77.51762, 9.48008 ], [ 77.51973, 9.48394 ], [ 77.52614, 9.48946 ], [ 77.52871, 9.49039 ], [ 77.53158, 9.48914 ] ] ] } },
{ "type": "Feature", "properties": { "newname": null }, "geometry": { "type": "Polygon", "coordinates": [ [ [ 77.5726, 9.46508 ], [ 77.57561, 9.46232 ], [ 77.57944, 9.46258 ], [ 77.58082, 9.46174 ], [ 77.58002, 9.46044 ], [ 77.57572, 9.46004 ], [ 77.57368, 9.45701 ], [ 77.57441, 9.4563 ], [ 77.57359, 9.45389 ], [ 77.57423, 9.45343 ], [ 77.57413, 9.44342 ], [ 77.5729, 9.4392 ], [ 77.57167, 9.43865 ], [ 77.57133, 9.43731 ], [ 77.56794, 9.43658 ], [ 77.56545, 9.44343 ], [ 77.56657, 9.44508 ], [ 77.56541, 9.44592 ], [ 77.56703, 9.44734 ], [ 77.56782, 9.45222 ], [ 77.56641, 9.45431 ], [ 77.56478, 9.46134 ], [ 77.56638, 9.46389 ], [ 77.56992, 9.46566 ], [ 77.5726, 9.46508 ] ] ] } },
{ "type": "Feature", "properties": { "newname": null }, "geometry": { "type": "Polygon", "coordinates": [ [ [ 77.56742, 9.51968 ], [ 77.56152, 9.51515 ], [ 77.55795, 9.50947 ], [ 77.55604, 9.5091 ], [ 77.55413, 9.50598 ], [ 77.55199, 9.50525 ], [ 77.54794, 9.50065 ], [ 77.54511, 9.49869 ], [ 77.54477, 9.49524 ], [ 77.53809, 9.49491 ], [ 77.53744, 9.49538 ], [ 77.53797, 9.49641 ], [ 77.53481, 9.49717 ], [ 77.53397, 9.49927 ], [ 77.53471, 9.5027 ], [ 77.53999, 9.50833 ], [ 77.54132, 9.51074 ], [ 77.54662, 9.51429 ], [ 77.54768, 9.5182 ], [ 77.55332, 9.51983 ], [ 77.55485, 9.5195 ], [ 77.55795, 9.52103 ], [ 77.56718, 9.52233 ], [ 77.56742, 9.51968 ] ] ] } },
{ "type": "Feature", "properties": { "newname": null }, "geometry": { "type": "Polygon", "coordinates": [ [ [ 77.64395, 9.83337 ], [ 77.64269, 9.83205 ], [ 77.64333, 9.83106 ], [ 77.64201, 9.83088 ], [ 77.6429, 9.83016 ], [ 77.64172, 9.82999 ], [ 77.64222, 9.82815 ], [ 77.64038, 9.82715 ], [ 77.64053, 9.82576 ], [ 77.63934, 9.82523 ], [ 77.63983, 9.82422 ], [ 77.63699, 9.8222 ], [ 77.6378, 9.82108 ], [ 77.63634, 9.8201 ], [ 77.63571, 9.81771 ], [ 77.63619, 9.81691 ], [ 77.63484, 9.81634 ], [ 77.6347, 9.81481 ], [ 77.63379, 9.81474 ], [ 77.63345, 9.81261 ], [ 77.63173, 9.81113 ], [ 77.63135, 9.80875 ], [ 77.63032, 9.80864 ], [ 77.63071, 9.80764 ], [ 77.62943, 9.80631 ], [ 77.63018, 9.80401 ], [ 77.6276, 9.80439 ], [ 77.62668, 9.80252 ], [ 77.62474, 9.80345 ], [ 77.62435, 9.80265 ], [ 77.62576, 9.80201 ], [ 77.62555, 9.80125 ], [ 77.62462, 9.80109 ], [ 77.62409, 9.79992 ], [ 77.62208, 9.80029 ], [ 77.62128, 9.7996 ], [ 77.62452, 9.79826 ], [ 77.623, 9.7959 ], [ 77.62148, 9.79653 ], [ 77.62001, 9.79863 ], [ 77.6188, 9.7983 ], [ 77.6196, 9.79523 ], [ 77.62193, 9.79276 ], [ 77.61981, 9.78962 ], [ 77.62221, 9.78939 ], [ 77.61946, 9.7838 ], [ 77.617, 9.78192 ], [ 77.61665, 9.77751 ], [ 77.61791, 9.77764 ], [ 77.6187, 9.77672 ], [ 77.6207, 9.77773 ], [ 77.62357, 9.7849 ], [ 77.62794, 9.78847 ], [ 77.62801, 9.79046 ], [ 77.62923, 9.78944 ], [ 77.63044, 9.79297 ], [ 77.63189, 9.79304 ], [ 77.63309, 9.79417 ], [ 77.63205, 9.79513 ], [ 77.6331, 9.79669 ], [ 77.64215, 9.7959 ], [ 77.64058, 9.7864 ], [ 77.64095, 9.78314 ], [ 77.6418, 9.78287 ], [ 77.64143, 9.77937 ], [ 77.64774, 9.77868 ], [ 77.6485, 9.77721 ], [ 77.65105, 9.77717 ], [ 77.6519, 9.77789 ], [ 77.65222, 9.77624 ], [ 77.65886, 9.77742 ], [ 77.65898, 9.77922 ], [ 77.66451, 9.77876 ], [ 77.66507, 9.77663 ], [ 77.66206, 9.77359 ], [ 77.66157, 9.77142 ], [ 77.66827, 9.76969 ], [ 77.66964, 9.76856 ], [ 77.66935, 9.76436 ], [ 77.67113, 9.76392 ], [ 77.67271, 9.76549 ], [ 77.67233, 9.76365 ], [ 77.67357, 9.76254 ], [ 77.67788, 9.76642 ], [ 77.68106, 9.76665 ], [ 77.68134, 9.76579 ], [ 77.68742, 9.7624 ], [ 77.68699, 9.76009 ], [ 77.68886, 9.76006 ], [ 77.68901, 9.75916 ], [ 77.69045, 9.75972 ], [ 77.69018, 9.75697 ], [ 77.69186, 9.75523 ], [ 77.69428, 9.75374 ], [ 77.69875, 9.75352 ], [ 77.69959, 9.75053 ], [ 77.70103, 9.75207 ], [ 77.70643, 9.74871 ], [ 77.70747, 9.74652 ], [ 77.70627, 9.74328 ], [ 77.70725, 9.74112 ], [ 77.71746, 9.73885 ], [ 77.726, 9.74407 ], [ 77.72816, 9.7467 ], [ 77.73307, 9.74705 ], [ 77.7395, 9.74491 ], [ 77.742, 9.74583 ], [ 77.75076, 9.74523 ], [ 77.7523, 9.74717 ], [ 77.7551, 9.7476 ], [ 77.75896, 9.75004 ], [ 77.75884, 9.75187 ], [ 77.7625, 9.75376 ], [ 77.76257, 9.75649 ], [ 77.76446, 9.76172 ], [ 77.76686, 9.76246 ], [ 77.77036, 9.76508 ], [ 77.77491, 9.76631 ], [ 77.7747, 9.76971 ], [ 77.77596, 9.77121 ], [ 77.78226, 9.77238 ], [ 77.78699, 9.77155 ], [ 77.78633, 9.77289 ], [ 77.78683, 9.77402 ], [ 77.78981, 9.77404 ], [ 77.79072, 9.77365 ], [ 77.79081, 9.77245 ], [ 77.78818, 9.77183 ], [ 77.78902, 9.76909 ], [ 77.78171, 9.76204 ], [ 77.78112, 9.75759 ], [ 77.78141, 9.7538 ], [ 77.78407, 9.75158 ], [ 77.78401, 9.75007 ], [ 77.78172, 9.74981 ], [ 77.78168, 9.74815 ], [ 77.78954, 9.7481 ], [ 77.79114, 9.74149 ], [ 77.79057, 9.73891 ], [ 77.78754, 9.73957 ], [ 77.78674, 9.73853 ], [ 77.78004, 9.73676 ], [ 77.77354, 9.7393 ], [ 77.77041, 9.73778 ], [ 77.76749, 9.72948 ], [ 77.76619, 9.72843 ], [ 77.76922, 9.72208 ], [ 77.76696, 9.71663 ], [ 77.76395, 9.71663 ], [ 77.76004, 9.71933 ], [ 77.75067, 9.71473 ], [ 77.7413, 9.71331 ], [ 77.73743, 9.71757 ], [ 77.73576, 9.729 ], [ 77.73141, 9.72929 ], [ 77.73055, 9.7262 ], [ 77.73126, 9.72524 ], [ 77.73078, 9.72351 ], [ 77.72945, 9.72182 ], [ 77.72728, 9.7216 ], [ 77.72337, 9.71899 ], [ 77.72124, 9.71659 ], [ 77.71722, 9.70932 ], [ 77.71418, 9.70072 ], [ 77.71101, 9.7042 ], [ 77.71147, 9.6937 ], [ 77.70879, 9.68953 ], [ 77.70305, 9.68907 ], [ 77.70055, 9.69086 ], [ 77.70007, 9.69331 ], [ 77.70103, 9.6967 ], [ 77.69867, 9.69794 ], [ 77.69839, 9.69662 ], [ 77.69474, 9.69613 ], [ 77.69413, 9.69243 ], [ 77.69515, 9.69144 ], [ 77.69224, 9.68804 ], [ 77.69125, 9.68891 ], [ 77.68537, 9.6827 ], [ 77.6862, 9.67872 ], [ 77.68551, 9.6787 ], [ 77.6857, 9.67789 ], [ 77.68438, 9.67629 ], [ 77.68343, 9.67689 ], [ 77.68222, 9.67521 ], [ 77.68016, 9.67696 ], [ 77.67905, 9.67968 ], [ 77.67981, 9.6806 ], [ 77.67874, 9.68143 ], [ 77.67787, 9.68062 ], [ 77.67623, 9.68093 ], [ 77.6723, 9.67747 ], [ 77.66984, 9.67718 ], [ 77.66939, 9.67589 ], [ 77.66102, 9.68026 ], [ 77.6594, 9.67829 ], [ 77.6581, 9.67823 ], [ 77.65675, 9.68101 ], [ 77.65435, 9.68088 ], [ 77.6542, 9.68169 ], [ 77.65185, 9.68185 ], [ 77.65146, 9.68415 ], [ 77.65317, 9.68596 ], [ 77.65312, 9.68709 ], [ 77.65226, 9.68711 ], [ 77.65182, 9.68977 ], [ 77.65065, 9.69047 ], [ 77.65154, 9.69158 ], [ 77.65124, 9.69406 ], [ 77.65023, 9.69512 ], [ 77.65028, 9.69736 ], [ 77.64757, 9.69545 ], [ 77.64621, 9.69664 ], [ 77.64818, 9.69943 ], [ 77.64578, 9.69933 ], [ 77.64458, 9.70391 ], [ 77.64503, 9.7052 ], [ 77.64317, 9.70512 ], [ 77.64182, 9.70314 ], [ 77.64078, 9.70332 ], [ 77.6394, 9.70134 ], [ 77.63808, 9.70084 ], [ 77.63425, 9.70086 ], [ 77.6343, 9.70199 ], [ 77.63358, 9.7021 ], [ 77.63313, 9.69957 ], [ 77.63183, 9.69956 ], [ 77.63232, 9.70249 ], [ 77.62983, 9.70163 ], [ 77.63022, 9.70329 ], [ 77.62969, 9.70337 ], [ 77.62641, 9.70073 ], [ 77.62445, 9.70116 ], [ 77.62428, 9.69993 ], [ 77.61684, 9.69737 ], [ 77.61748, 9.69426 ], [ 77.6133, 9.69637 ], [ 77.60995, 9.69569 ], [ 77.60647, 9.69386 ], [ 77.60212, 9.69017 ], [ 77.60295, 9.68509 ], [ 77.59911, 9.68483 ], [ 77.5912, 9.67736 ], [ 77.58701, 9.66562 ], [ 77.5806, 9.66583 ], [ 77.57711, 9.66767 ], [ 77.57612, 9.66331 ], [ 77.57016, 9.66133 ], [ 77.56492, 9.65827 ], [ 77.5636, 9.65831 ], [ 77.55937, 9.65048 ], [ 77.55368, 9.64516 ], [ 77.55282, 9.64305 ], [ 77.55216, 9.6445 ], [ 77.54424, 9.64391 ], [ 77.54442, 9.6493 ], [ 77.54558, 9.64931 ], [ 77.54565, 9.65273 ], [ 77.54669, 9.65249 ], [ 77.54843, 9.65745 ], [ 77.54428, 9.65972 ], [ 77.54179, 9.65833 ], [ 77.53826, 9.6585 ], [ 77.53673, 9.65352 ], [ 77.53358, 9.65301 ], [ 77.52926, 9.64931 ], [ 77.52794, 9.64343 ], [ 77.52459, 9.64157 ], [ 77.52439, 9.63903 ], [ 77.5231, 9.63691 ], [ 77.52137, 9.63681 ], [ 77.52001, 9.63331 ], [ 77.52083, 9.63132 ], [ 77.52785, 9.63326 ], [ 77.52785, 9.63249 ], [ 77.52936, 9.63217 ], [ 77.53421, 9.62634 ], [ 77.53768, 9.63056 ], [ 77.54052, 9.63703 ], [ 77.54264, 9.63893 ], [ 77.54593, 9.6379 ], [ 77.54664, 9.63607 ], [ 77.54601, 9.6336 ], [ 77.54422, 9.63274 ], [ 77.54539, 9.6307 ], [ 77.54546, 9.62837 ], [ 77.54432, 9.62701 ], [ 77.54428, 9.62463 ], [ 77.53986, 9.61939 ], [ 77.53967, 9.61624 ], [ 77.53719, 9.61328 ], [ 77.53542, 9.60479 ], [ 77.53845, 9.6048 ], [ 77.54095, 9.60342 ], [ 77.54243, 9.60442 ], [ 77.54546, 9.60466 ], [ 77.5535, 9.60782 ], [ 77.55542, 9.6111 ], [ 77.56074, 9.61153 ], [ 77.56432, 9.61268 ], [ 77.56429, 9.61387 ], [ 77.56522, 9.61428 ], [ 77.56568, 9.61585 ], [ 77.56851, 9.61703 ], [ 77.57378, 9.61505 ], [ 77.57725, 9.61558 ], [ 77.57755, 9.61362 ], [ 77.57929, 9.61285 ], [ 77.58096, 9.61455 ], [ 77.58303, 9.61501 ], [ 77.58385, 9.61677 ], [ 77.58604, 9.61715 ], [ 77.58694, 9.61864 ], [ 77.59095, 9.61862 ], [ 77.59113, 9.61939 ], [ 77.59538, 9.62138 ], [ 77.60111, 9.62282 ], [ 77.6009, 9.62031 ], [ 77.60287, 9.61506 ], [ 77.60476, 9.614 ], [ 77.6049, 9.61219 ], [ 77.60773, 9.61034 ], [ 77.60639, 9.60602 ], [ 77.60531, 9.60591 ], [ 77.60268, 9.60091 ], [ 77.60154, 9.60113 ], [ 77.60089, 9.59884 ], [ 77.60262, 9.59887 ], [ 77.60462, 9.59567 ], [ 77.60717, 9.59548 ], [ 77.6077, 9.59361 ], [ 77.61081, 9.59455 ], [ 77.61282, 9.59775 ], [ 77.61446, 9.59681 ], [ 77.638, 9.59169 ], [ 77.64271, 9.5915 ], [ 77.6453, 9.59273 ], [ 77.64832, 9.59697 ], [ 77.65015, 9.59655 ], [ 77.65076, 9.59722 ], [ 77.65668, 9.59264 ], [ 77.66277, 9.59318 ], [ 77.66399, 9.59107 ], [ 77.66314, 9.58826 ], [ 77.66968, 9.5862 ], [ 77.6695, 9.58403 ], [ 77.67279, 9.58188 ], [ 77.67645, 9.58308 ], [ 77.67758, 9.58251 ], [ 77.68016, 9.58458 ], [ 77.68354, 9.58547 ], [ 77.68419, 9.58336 ], [ 77.68304, 9.58073 ], [ 77.67332, 9.57104 ], [ 77.67314, 9.56637 ], [ 77.67581, 9.56436 ], [ 77.67654, 9.56465 ], [ 77.67596, 9.55834 ], [ 77.6765, 9.5535 ], [ 77.67177, 9.55127 ], [ 77.66122, 9.55478 ], [ 77.66148, 9.56357 ], [ 77.66296, 9.56924 ], [ 77.66003, 9.57158 ], [ 77.65915, 9.57166 ], [ 77.65688, 9.56677 ], [ 77.65504, 9.56559 ], [ 77.65199, 9.56519 ], [ 77.64645, 9.56903 ], [ 77.6388, 9.57116 ], [ 77.63461, 9.57363 ], [ 77.63335, 9.5713 ], [ 77.63553, 9.56635 ], [ 77.63455, 9.56307 ], [ 77.63132, 9.56164 ], [ 77.62724, 9.56421 ], [ 77.62418, 9.56471 ], [ 77.62448, 9.56246 ], [ 77.62313, 9.5602 ], [ 77.62077, 9.55801 ], [ 77.61753, 9.55859 ], [ 77.61639, 9.55615 ], [ 77.61347, 9.55763 ], [ 77.61228, 9.55692 ], [ 77.60716, 9.56094 ], [ 77.60678, 9.56282 ], [ 77.6056, 9.56405 ], [ 77.60601, 9.56517 ], [ 77.60511, 9.56578 ], [ 77.60532, 9.56682 ], [ 77.60437, 9.56658 ], [ 77.60445, 9.56913 ], [ 77.60346, 9.56707 ], [ 77.60004, 9.56889 ], [ 77.59775, 9.56823 ], [ 77.59759, 9.56563 ], [ 77.59682, 9.56547 ], [ 77.59608, 9.56654 ], [ 77.59549, 9.56606 ], [ 77.59741, 9.56384 ], [ 77.59612, 9.56175 ], [ 77.59338, 9.56099 ], [ 77.5936, 9.55853 ], [ 77.59212, 9.55504 ], [ 77.59084, 9.55335 ], [ 77.5878, 9.55293 ], [ 77.58521, 9.54995 ], [ 77.58405, 9.54991 ], [ 77.58386, 9.54728 ], [ 77.58102, 9.54718 ], [ 77.58044, 9.54797 ], [ 77.57513, 9.54739 ], [ 77.57253, 9.54456 ], [ 77.57123, 9.54509 ], [ 77.56866, 9.54404 ], [ 77.56678, 9.54155 ], [ 77.56465, 9.53999 ], [ 77.56338, 9.53995 ], [ 77.56273, 9.53888 ], [ 77.56187, 9.53929 ], [ 77.56222, 9.54106 ], [ 77.55817, 9.5434 ], [ 77.55634, 9.54719 ], [ 77.55703, 9.54865 ], [ 77.55835, 9.548 ], [ 77.56009, 9.55261 ], [ 77.5628, 9.55448 ], [ 77.562, 9.55548 ], [ 77.56212, 9.55704 ], [ 77.55854, 9.55703 ], [ 77.55846, 9.55472 ], [ 77.55672, 9.55477 ], [ 77.55487, 9.55123 ], [ 77.55043, 9.55036 ], [ 77.54871, 9.54804 ], [ 77.55206, 9.54499 ], [ 77.55273, 9.54255 ], [ 77.55062, 9.54106 ], [ 77.54962, 9.53898 ], [ 77.55251, 9.53739 ], [ 77.55208, 9.53592 ], [ 77.55288, 9.53478 ], [ 77.55177, 9.52816 ], [ 77.55047, 9.52695 ], [ 77.54884, 9.52751 ], [ 77.54809, 9.5268 ], [ 77.54476, 9.52949 ], [ 77.54191, 9.53005 ], [ 77.54097, 9.52919 ], [ 77.54124, 9.52778 ], [ 77.54052, 9.52666 ], [ 77.53822, 9.52749 ], [ 77.53459, 9.52444 ], [ 77.53333, 9.527 ], [ 77.53078, 9.52802 ], [ 77.5294, 9.52784 ], [ 77.52808, 9.52644 ], [ 77.52605, 9.52692 ], [ 77.52474, 9.52557 ], [ 77.52026, 9.52694 ], [ 77.51798, 9.52579 ], [ 77.5172, 9.52281 ], [ 77.51575, 9.5232 ], [ 77.51482, 9.52468 ], [ 77.51326, 9.52428 ], [ 77.51148, 9.52062 ], [ 77.5116, 9.51904 ], [ 77.50884, 9.5191 ], [ 77.50728, 9.5179 ], [ 77.50559, 9.51905 ], [ 77.50465, 9.51684 ], [ 77.5018, 9.51397 ], [ 77.49979, 9.50797 ], [ 77.49443, 9.50778 ], [ 77.49485, 9.50513 ], [ 77.49396, 9.50264 ], [ 77.49109, 9.50253 ], [ 77.49036, 9.50481 ], [ 77.48893, 9.50528 ], [ 77.48791, 9.50752 ], [ 77.48527, 9.50745 ], [ 77.48499, 9.50645 ], [ 77.48341, 9.50672 ], [ 77.48235, 9.50566 ], [ 77.48016, 9.50713 ], [ 77.48151, 9.51031 ], [ 77.47907, 9.51108 ], [ 77.47749, 9.51029 ], [ 77.47229, 9.5126 ], [ 77.46993, 9.51112 ], [ 77.46829, 9.51173 ], [ 77.46455, 9.51048 ], [ 77.46365, 9.50889 ], [ 77.45978, 9.50802 ], [ 77.46029, 9.50704 ], [ 77.45664, 9.50852 ], [ 77.45574, 9.50747 ], [ 77.45621, 9.50656 ], [ 77.4549, 9.50647 ], [ 77.45378, 9.50388 ], [ 77.45605, 9.50324 ], [ 77.4557, 9.50446 ], [ 77.45639, 9.50457 ], [ 77.4577, 9.50331 ], [ 77.45795, 9.50142 ], [ 77.45906, 9.50076 ], [ 77.46313, 9.50027 ], [ 77.46711, 9.49765 ], [ 77.47082, 9.49672 ], [ 77.47247, 9.4949 ], [ 77.47226, 9.49276 ], [ 77.46896, 9.49399 ], [ 77.4641, 9.49326 ], [ 77.46439, 9.49218 ], [ 77.46809, 9.49074 ], [ 77.46852, 9.48669 ], [ 77.46575, 9.48528 ], [ 77.46266, 9.48626 ], [ 77.46067, 9.48491 ], [ 77.45805, 9.48645 ], [ 77.45613, 9.48421 ], [ 77.45493, 9.48568 ], [ 77.45572, 9.48788 ], [ 77.44968, 9.49077 ], [ 77.44659, 9.48516 ], [ 77.44733, 9.48369 ], [ 77.44919, 9.48313 ], [ 77.44651, 9.47659 ], [ 77.44971, 9.47502 ], [ 77.45201, 9.47224 ], [ 77.45508, 9.47363 ], [ 77.45552, 9.47539 ], [ 77.46069, 9.47451 ], [ 77.46127, 9.4756 ], [ 77.46422, 9.47686 ], [ 77.46133, 9.47735 ], [ 77.46083, 9.47872 ], [ 77.46151, 9.48134 ], [ 77.46292, 9.48121 ], [ 77.46507, 9.47886 ], [ 77.46449, 9.48184 ], [ 77.46526, 9.48253 ], [ 77.46829, 9.48177 ], [ 77.47118, 9.48449 ], [ 77.47438, 9.48504 ], [ 77.47287, 9.48121 ], [ 77.47069, 9.48054 ], [ 77.4663, 9.47477 ], [ 77.47432, 9.47302 ], [ 77.47482, 9.47136 ], [ 77.47427, 9.47029 ], [ 77.47091, 9.46737 ], [ 77.47453, 9.46736 ], [ 77.47813, 9.46859 ], [ 77.48009, 9.46725 ], [ 77.48383, 9.46663 ], [ 77.48324, 9.46825 ], [ 77.48384, 9.46982 ], [ 77.48479, 9.46991 ], [ 77.48602, 9.46835 ], [ 77.48721, 9.47156 ], [ 77.48947, 9.47333 ], [ 77.49202, 9.47073 ], [ 77.48989, 9.46615 ], [ 77.48372, 9.46381 ], [ 77.48502, 9.46217 ], [ 77.49021, 9.46359 ], [ 77.4959, 9.46144 ], [ 77.49641, 9.45844 ], [ 77.49403, 9.45606 ], [ 77.49393, 9.45412 ], [ 77.49222, 9.45284 ], [ 77.48782, 9.45256 ], [ 77.4855, 9.44784 ], [ 77.48339, 9.44829 ], [ 77.47916, 9.45097 ], [ 77.47826, 9.45055 ], [ 77.47935, 9.44923 ], [ 77.47845, 9.44924 ], [ 77.47179, 9.45293 ], [ 77.47216, 9.45454 ], [ 77.47032, 9.4543 ], [ 77.46982, 9.45517 ], [ 77.46892, 9.45331 ], [ 77.46368, 9.45271 ], [ 77.45949, 9.4556 ], [ 77.46027, 9.45708 ], [ 77.46233, 9.45839 ], [ 77.46209, 9.45901 ], [ 77.45867, 9.45864 ], [ 77.45548, 9.45588 ], [ 77.45312, 9.45691 ], [ 77.45211, 9.45549 ], [ 77.45123, 9.45693 ], [ 77.44823, 9.45763 ], [ 77.44534, 9.46553 ], [ 77.4443, 9.46581 ], [ 77.44294, 9.45602 ], [ 77.44563, 9.45233 ], [ 77.44518, 9.45064 ], [ 77.44357, 9.44902 ], [ 77.44446, 9.44773 ], [ 77.44459, 9.44436 ], [ 77.44659, 9.44224 ], [ 77.44461, 9.4419 ], [ 77.44552, 9.43976 ], [ 77.44232, 9.44036 ], [ 77.4373, 9.42929 ], [ 77.43578, 9.42825 ], [ 77.43202, 9.42974 ], [ 77.43094, 9.43162 ], [ 77.4278, 9.429 ], [ 77.42506, 9.42366 ], [ 77.42191, 9.42062 ], [ 77.41293, 9.42018 ], [ 77.41082, 9.41769 ], [ 77.40709, 9.41657 ], [ 77.40541, 9.41367 ], [ 77.40335, 9.41492 ], [ 77.40154, 9.41356 ], [ 77.39917, 9.41338 ], [ 77.39397, 9.40473 ], [ 77.39538, 9.40151 ], [ 77.39536, 9.39875 ], [ 77.39347, 9.39555 ], [ 77.39051, 9.39371 ], [ 77.38405, 9.39485 ], [ 77.38266, 9.39793 ], [ 77.37952, 9.40042 ], [ 77.3774, 9.39997 ], [ 77.37339, 9.40091 ], [ 77.37033, 9.40474 ], [ 77.36134, 9.40941 ], [ 77.35508, 9.40994 ], [ 77.35108, 9.41122 ], [ 77.35342, 9.41211 ], [ 77.35481, 9.41486 ], [ 77.35705, 9.41692 ], [ 77.35683, 9.42057 ], [ 77.35497, 9.42297 ], [ 77.35134, 9.42473 ], [ 77.34865, 9.42396 ], [ 77.34656, 9.42288 ], [ 77.34491, 9.42085 ], [ 77.34279, 9.42018 ], [ 77.34169, 9.4186 ], [ 77.34251, 9.41766 ], [ 77.34128, 9.41801 ], [ 77.34051, 9.41904 ], [ 77.34457, 9.42151 ], [ 77.34544, 9.42297 ], [ 77.34672, 9.42896 ], [ 77.34938, 9.43342 ], [ 77.34935, 9.43691 ], [ 77.35027, 9.43957 ], [ 77.35342, 9.44345 ], [ 77.35677, 9.44604 ], [ 77.35934, 9.45186 ], [ 77.36216, 9.45505 ], [ 77.36752, 9.45838 ], [ 77.37329, 9.45563 ], [ 77.37644, 9.45125 ], [ 77.37795, 9.45116 ], [ 77.38221, 9.45373 ], [ 77.38483, 9.45293 ], [ 77.38763, 9.45398 ], [ 77.3902, 9.45069 ], [ 77.395, 9.45374 ], [ 77.39443, 9.45491 ], [ 77.39272, 9.45512 ], [ 77.39184, 9.45664 ], [ 77.39362, 9.45807 ], [ 77.39253, 9.46005 ], [ 77.39295, 9.46135 ], [ 77.39497, 9.46086 ], [ 77.40176, 9.46263 ], [ 77.40381, 9.4672 ], [ 77.40171, 9.46698 ], [ 77.40157, 9.46933 ], [ 77.39947, 9.47147 ], [ 77.40298, 9.4757 ], [ 77.40231, 9.47734 ], [ 77.39995, 9.47927 ], [ 77.40543, 9.48118 ], [ 77.40588, 9.48472 ], [ 77.40437, 9.488 ], [ 77.40517, 9.48898 ], [ 77.40466, 9.49011 ], [ 77.40551, 9.4909 ], [ 77.40453, 9.49419 ], [ 77.40672, 9.49597 ], [ 77.40745, 9.49873 ], [ 77.40721, 9.49961 ], [ 77.40447, 9.50016 ], [ 77.4087, 9.50369 ], [ 77.41105, 9.50413 ], [ 77.41339, 9.50737 ], [ 77.41272, 9.51004 ], [ 77.41071, 9.51067 ], [ 77.40919, 9.5132 ], [ 77.4062, 9.5136 ], [ 77.40468, 9.5153 ], [ 77.40142, 9.51623 ], [ 77.40436, 9.52098 ], [ 77.40354, 9.52362 ], [ 77.41155, 9.52991 ], [ 77.4147, 9.53466 ], [ 77.41871, 9.53577 ], [ 77.42422, 9.5386 ], [ 77.42597, 9.54272 ], [ 77.42979, 9.54534 ], [ 77.43726, 9.54444 ], [ 77.44259, 9.54494 ], [ 77.44649, 9.54224 ], [ 77.44879, 9.54398 ], [ 77.45021, 9.54405 ], [ 77.45585, 9.54186 ], [ 77.45733, 9.53992 ], [ 77.46204, 9.54233 ], [ 77.46399, 9.54491 ], [ 77.47371, 9.54702 ], [ 77.47817, 9.55043 ], [ 77.47881, 9.55339 ], [ 77.47658, 9.55585 ], [ 77.47672, 9.56157 ], [ 77.47508, 9.5688 ], [ 77.4733, 9.57096 ], [ 77.46704, 9.57465 ], [ 77.46587, 9.57922 ], [ 77.47613, 9.59566 ], [ 77.48605, 9.60458 ], [ 77.48714, 9.60721 ], [ 77.48737, 9.61261 ], [ 77.48816, 9.61461 ], [ 77.4945, 9.62032 ], [ 77.50067, 9.62974 ], [ 77.50684, 9.6364 ], [ 77.50726, 9.63869 ], [ 77.50498, 9.64381 ], [ 77.50478, 9.6488 ], [ 77.51328, 9.65197 ], [ 77.51713, 9.65663 ], [ 77.52007, 9.65881 ], [ 77.52486, 9.65975 ], [ 77.52864, 9.66348 ], [ 77.52908, 9.66786 ], [ 77.53591, 9.67416 ], [ 77.5407, 9.68879 ], [ 77.54158, 9.69408 ], [ 77.54497, 9.69249 ], [ 77.54763, 9.69602 ], [ 77.54706, 9.70083 ], [ 77.54794, 9.70396 ], [ 77.55423, 9.71223 ], [ 77.55503, 9.71496 ], [ 77.55446, 9.71896 ], [ 77.55502, 9.72185 ], [ 77.55929, 9.72659 ], [ 77.55984, 9.73228 ], [ 77.56549, 9.7397 ], [ 77.56555, 9.74379 ], [ 77.57007, 9.7493 ], [ 77.57387, 9.75107 ], [ 77.58202, 9.7571 ], [ 77.58953, 9.76757 ], [ 77.59715, 9.77183 ], [ 77.59969, 9.77443 ], [ 77.60163, 9.77844 ], [ 77.60197, 9.78413 ], [ 77.60427, 9.78922 ], [ 77.60721, 9.79152 ], [ 77.60847, 9.79384 ], [ 77.61028, 9.79517 ], [ 77.61103, 9.79424 ], [ 77.61282, 9.79652 ], [ 77.6197, 9.80913 ], [ 77.6245, 9.82031 ], [ 77.62508, 9.83014 ], [ 77.62663, 9.83313 ], [ 77.6292, 9.83435 ], [ 77.64207, 9.83443 ], [ 77.64395, 9.83337 ] ], [ [ 77.37004, 9.45104 ], [ 77.369, 9.44758 ], [ 77.36703, 9.44815 ], [ 77.36617, 9.44754 ], [ 77.36519, 9.44912 ], [ 77.36486, 9.45386 ], [ 77.36421, 9.45469 ], [ 77.36201, 9.45294 ], [ 77.36079, 9.45092 ], [ 77.36076, 9.44821 ], [ 77.36307, 9.4433 ], [ 77.36617, 9.44299 ], [ 77.36748, 9.44378 ], [ 77.36768, 9.44558 ], [ 77.37026, 9.44562 ], [ 77.37141, 9.44804 ], [ 77.37099, 9.45079 ], [ 77.37004, 9.45104 ] ], [ [ 77.35325, 9.43863 ], [ 77.35586, 9.43315 ], [ 77.35832, 9.43157 ], [ 77.36111, 9.43555 ], [ 77.36085, 9.43704 ], [ 77.36327, 9.43604 ], [ 77.36543, 9.43668 ], [ 77.36564, 9.4374 ], [ 77.36453, 9.44074 ], [ 77.35948, 9.44057 ], [ 77.35931, 9.44164 ], [ 77.3578, 9.44173 ], [ 77.35325, 9.43863 ] ], [ [ 77.35126, 9.42973 ], [ 77.34947, 9.42745 ], [ 77.34991, 9.42536 ], [ 77.35504, 9.42669 ], [ 77.35825, 9.42447 ], [ 77.35897, 9.4291 ], [ 77.35547, 9.43008 ], [ 77.35126, 9.42973 ] ] ] } },
{ "type": "Feature", "properties": { "newname": null }, "geometry": { "type": "Polygon", "coordinates": [ [ [ 77.63006, 9.94381 ], [ 77.63927, 9.94323 ], [ 77.63916, 9.94177 ], [ 77.6368, 9.93774 ], [ 77.63641, 9.93367 ], [ 77.63995, 9.92703 ], [ 77.64412, 9.92175 ], [ 77.65165, 9.91736 ], [ 77.65501, 9.91704 ], [ 77.65815, 9.91846 ], [ 77.66111, 9.91604 ], [ 77.66539, 9.91532 ], [ 77.66864, 9.9114 ], [ 77.67157, 9.91718 ], [ 77.67532, 9.92118 ], [ 77.6806, 9.93229 ], [ 77.68168, 9.93046 ], [ 77.69171, 9.92486 ], [ 77.69331, 9.92503 ], [ 77.6957, 9.92814 ], [ 77.70052, 9.9311 ], [ 77.70409, 9.93171 ], [ 77.70641, 9.93049 ], [ 77.71783, 9.92892 ], [ 77.72215, 9.92725 ], [ 77.72615, 9.92728 ], [ 77.72707, 9.91903 ], [ 77.74549, 9.90993 ], [ 77.74584, 9.90647 ], [ 77.73797, 9.9044 ], [ 77.71948, 9.90752 ], [ 77.71145, 9.89997 ], [ 77.70925, 9.90252 ], [ 77.70261, 9.90398 ], [ 77.69931, 9.9059 ], [ 77.69207, 9.9059 ], [ 77.69022, 9.90776 ], [ 77.68394, 9.90916 ], [ 77.68325, 9.90721 ], [ 77.68101, 9.90705 ], [ 77.67803, 9.90312 ], [ 77.6796, 9.90055 ], [ 77.67808, 9.89674 ], [ 77.67561, 9.89432 ], [ 77.67325, 9.89427 ], [ 77.6698, 9.89094 ], [ 77.66697, 9.89153 ], [ 77.66511, 9.88751 ], [ 77.66235, 9.8852 ], [ 77.66193, 9.88168 ], [ 77.65736, 9.87614 ], [ 77.65569, 9.87602 ], [ 77.6551, 9.87904 ], [ 77.65088, 9.87964 ], [ 77.64841, 9.87711 ], [ 77.64779, 9.87538 ], [ 77.64482, 9.87423 ], [ 77.64282, 9.86702 ], [ 77.64488, 9.86469 ], [ 77.6425, 9.85761 ], [ 77.64413, 9.85653 ], [ 77.64803, 9.85777 ], [ 77.64974, 9.85634 ], [ 77.64743, 9.85398 ], [ 77.64684, 9.85042 ], [ 77.6441, 9.8478 ], [ 77.64277, 9.84456 ], [ 77.64237, 9.83942 ], [ 77.64379, 9.83826 ], [ 77.64463, 9.83516 ], [ 77.64354, 9.83416 ], [ 77.6417, 9.83498 ], [ 77.63328, 9.83512 ], [ 77.62692, 9.83334 ], [ 77.62523, 9.82956 ], [ 77.62478, 9.82057 ], [ 77.62019, 9.80931 ], [ 77.61645, 9.80365 ], [ 77.61293, 9.7962 ], [ 77.61184, 9.79723 ], [ 77.61338, 9.80376 ], [ 77.6112, 9.80486 ], [ 77.61113, 9.80576 ], [ 77.6117, 9.80651 ], [ 77.61395, 9.80604 ], [ 77.61445, 9.80701 ], [ 77.61463, 9.811 ], [ 77.61384, 9.81268 ], [ 77.6147, 9.81393 ], [ 77.61324, 9.81629 ], [ 77.61377, 9.81853 ], [ 77.61559, 9.82025 ], [ 77.61516, 9.82132 ], [ 77.61434, 9.82143 ], [ 77.6127, 9.81786 ], [ 77.60842, 9.81297 ], [ 77.60817, 9.81157 ], [ 77.60895, 9.81111 ], [ 77.61131, 9.81375 ], [ 77.61231, 9.81265 ], [ 77.60835, 9.80779 ], [ 77.60635, 9.80219 ], [ 77.60424, 9.8008 ], [ 77.60246, 9.80072 ], [ 77.60142, 9.80119 ], [ 77.60078, 9.80333 ], [ 77.6021, 9.80915 ], [ 77.60835, 9.818 ], [ 77.61399, 9.82367 ], [ 77.61159, 9.82728 ], [ 77.61363, 9.83078 ], [ 77.61067, 9.8362 ], [ 77.61202, 9.83784 ], [ 77.61395, 9.83841 ], [ 77.61224, 9.84109 ], [ 77.6132, 9.84177 ], [ 77.61317, 9.84502 ], [ 77.61495, 9.84705 ], [ 77.6116, 9.84866 ], [ 77.61096, 9.84795 ], [ 77.6121, 9.84702 ], [ 77.61167, 9.84459 ], [ 77.61024, 9.84395 ], [ 77.60581, 9.84448 ], [ 77.60385, 9.83638 ], [ 77.60121, 9.83303 ], [ 77.59746, 9.83042 ], [ 77.59817, 9.82817 ], [ 77.60132, 9.82692 ], [ 77.60239, 9.82332 ], [ 77.59853, 9.81354 ], [ 77.5965, 9.81425 ], [ 77.59668, 9.81211 ], [ 77.59575, 9.81075 ], [ 77.5869, 9.80351 ], [ 77.57801, 9.8014 ], [ 77.57469, 9.7993 ], [ 77.57526, 9.79844 ], [ 77.58054, 9.79869 ], [ 77.58193, 9.80119 ], [ 77.5864, 9.80165 ], [ 77.58636, 9.80037 ], [ 77.58504, 9.79887 ], [ 77.57747, 9.79587 ], [ 77.57226, 9.79569 ], [ 77.55941, 9.79144 ], [ 77.55763, 9.79266 ], [ 77.55813, 9.79459 ], [ 77.56437, 9.79669 ], [ 77.57287, 9.79758 ], [ 77.57408, 9.79937 ], [ 77.57233, 9.7998 ], [ 77.56016, 9.79637 ], [ 77.55691, 9.79651 ], [ 77.55763, 9.79773 ], [ 77.57337, 9.80297 ], [ 77.57779, 9.80304 ], [ 77.57937, 9.80397 ], [ 77.58293, 9.80422 ], [ 77.59264, 9.822 ], [ 77.59097, 9.82139 ], [ 77.5829, 9.81461 ], [ 77.58069, 9.815 ], [ 77.57904, 9.81407 ], [ 77.57201, 9.81482 ], [ 77.55966, 9.81193 ], [ 77.55306, 9.80629 ], [ 77.54753, 9.80272 ], [ 77.54467, 9.80204 ], [ 77.5416, 9.80262 ], [ 77.54057, 9.80005 ], [ 77.53343, 9.79266 ], [ 77.52208, 9.78759 ], [ 77.52097, 9.78638 ], [ 77.5174, 9.78573 ], [ 77.5159, 9.78713 ], [ 77.51644, 9.78877 ], [ 77.51862, 9.79027 ], [ 77.5214, 9.78937 ], [ 77.52322, 9.79002 ], [ 77.52686, 9.79312 ], [ 77.53018, 9.79819 ], [ 77.52883, 9.79869 ], [ 77.52593, 9.79716 ], [ 77.52376, 9.80047 ], [ 77.51955, 9.80233 ], [ 77.51926, 9.80436 ], [ 77.52129, 9.80693 ], [ 77.52108, 9.8079 ], [ 77.5179, 9.8079 ], [ 77.51326, 9.80651 ], [ 77.51284, 9.80779 ], [ 77.51358, 9.81193 ], [ 77.5168, 9.81261 ], [ 77.51937, 9.80908 ], [ 77.52115, 9.80893 ], [ 77.52444, 9.8165 ], [ 77.52993, 9.81871 ], [ 77.52897, 9.82132 ], [ 77.53361, 9.82571 ], [ 77.53604, 9.82535 ], [ 77.541, 9.83081 ], [ 77.54578, 9.8327 ], [ 77.54917, 9.8367 ], [ 77.55063, 9.83988 ], [ 77.55317, 9.84181 ], [ 77.54628, 9.84045 ], [ 77.53657, 9.8361 ], [ 77.53539, 9.8331 ], [ 77.53268, 9.83092 ], [ 77.53272, 9.82896 ], [ 77.52936, 9.82521 ], [ 77.52872, 9.82628 ], [ 77.53192, 9.83014 ], [ 77.53167, 9.83068 ], [ 77.52957, 9.82968 ], [ 77.52943, 9.831 ], [ 77.53189, 9.83286 ], [ 77.53342, 9.83614 ], [ 77.53271, 9.83735 ], [ 77.53146, 9.83728 ], [ 77.52868, 9.83328 ], [ 77.52764, 9.83485 ], [ 77.531, 9.83792 ], [ 77.53103, 9.84035 ], [ 77.53296, 9.84346 ], [ 77.53175, 9.8441 ], [ 77.52311, 9.83625 ], [ 77.5189, 9.83396 ], [ 77.51779, 9.83068 ], [ 77.51543, 9.82922 ], [ 77.51261, 9.82957 ], [ 77.5119, 9.82279 ], [ 77.51401, 9.8204 ], [ 77.51251, 9.81815 ], [ 77.51015, 9.81908 ], [ 77.50894, 9.82129 ], [ 77.5098, 9.82715 ], [ 77.50905, 9.82707 ], [ 77.50601, 9.82179 ], [ 77.50309, 9.82165 ], [ 77.50109, 9.82383 ], [ 77.50226, 9.82657 ], [ 77.51247, 9.84007 ], [ 77.51222, 9.84064 ], [ 77.5104, 9.84028 ], [ 77.51026, 9.84171 ], [ 77.50833, 9.83957 ], [ 77.50633, 9.83985 ], [ 77.50423, 9.83707 ], [ 77.50016, 9.83846 ], [ 77.49969, 9.84057 ], [ 77.50223, 9.84506 ], [ 77.50491, 9.84624 ], [ 77.50658, 9.84863 ], [ 77.50869, 9.84992 ], [ 77.51112, 9.85502 ], [ 77.51429, 9.85905 ], [ 77.51422, 9.8613 ], [ 77.51097, 9.86584 ], [ 77.51083, 9.87201 ], [ 77.51165, 9.87408 ], [ 77.51469, 9.87465 ], [ 77.51576, 9.87936 ], [ 77.51836, 9.88183 ], [ 77.51676, 9.8835 ], [ 77.51697, 9.88486 ], [ 77.52036, 9.88486 ], [ 77.52079, 9.88711 ], [ 77.52293, 9.88779 ], [ 77.52382, 9.88971 ], [ 77.52147, 9.89671 ], [ 77.52254, 9.89739 ], [ 77.52493, 9.89621 ], [ 77.52653, 9.89667 ], [ 77.52846, 9.89607 ], [ 77.52889, 9.89739 ], [ 77.53068, 9.89774 ], [ 77.53203, 9.89453 ], [ 77.53471, 9.89514 ], [ 77.53831, 9.89325 ], [ 77.53935, 9.89403 ], [ 77.5402, 9.89799 ], [ 77.54078, 9.89625 ], [ 77.54306, 9.89699 ], [ 77.54413, 9.89446 ], [ 77.5426, 9.89164 ], [ 77.54349, 9.88989 ], [ 77.55209, 9.88265 ], [ 77.56187, 9.88068 ], [ 77.56282, 9.8778 ], [ 77.5676, 9.87871 ], [ 77.56817, 9.8817 ], [ 77.57248, 9.88432 ], [ 77.57536, 9.88722 ], [ 77.58397, 9.8868 ], [ 77.58466, 9.88484 ], [ 77.58326, 9.87587 ], [ 77.57957, 9.87123 ], [ 77.58254, 9.86985 ], [ 77.58578, 9.87283 ], [ 77.58607, 9.86869 ], [ 77.58064, 9.86538 ], [ 77.57284, 9.85843 ], [ 77.5776, 9.86005 ], [ 77.58152, 9.85969 ], [ 77.58243, 9.85662 ], [ 77.58031, 9.85398 ], [ 77.58078, 9.85298 ], [ 77.59004, 9.85796 ], [ 77.59487, 9.85922 ], [ 77.59906, 9.85884 ], [ 77.60032, 9.85748 ], [ 77.60284, 9.85667 ], [ 77.60267, 9.85465 ], [ 77.60448, 9.85334 ], [ 77.60591, 9.85567 ], [ 77.60524, 9.86469 ], [ 77.6047, 9.86474 ], [ 77.60406, 9.85896 ], [ 77.60194, 9.85817 ], [ 77.60106, 9.86638 ], [ 77.59754, 9.87347 ], [ 77.59511, 9.88258 ], [ 77.59518, 9.89141 ], [ 77.59627, 9.89405 ], [ 77.60091, 9.89574 ], [ 77.60263, 9.89558 ], [ 77.60679, 9.89222 ], [ 77.60867, 9.89213 ], [ 77.61483, 9.88953 ], [ 77.62104, 9.88482 ], [ 77.6219, 9.88263 ], [ 77.6209, 9.8802 ], [ 77.61657, 9.87866 ], [ 77.61869, 9.87445 ], [ 77.61524, 9.87154 ], [ 77.61552, 9.87069 ], [ 77.61683, 9.8705 ], [ 77.61924, 9.86631 ], [ 77.62157, 9.87028 ], [ 77.62459, 9.87316 ], [ 77.6264, 9.87699 ], [ 77.62754, 9.87742 ], [ 77.62837, 9.8764 ], [ 77.62932, 9.87694 ], [ 77.63016, 9.87549 ], [ 77.63149, 9.87559 ], [ 77.63496, 9.88047 ], [ 77.63644, 9.88113 ], [ 77.63894, 9.88727 ], [ 77.63994, 9.88813 ], [ 77.63965, 9.88934 ], [ 77.64087, 9.89053 ], [ 77.64136, 9.89284 ], [ 77.64077, 9.89455 ], [ 77.63899, 9.89677 ], [ 77.63461, 9.89293 ], [ 77.63258, 9.89396 ], [ 77.63018, 9.89389 ], [ 77.63006, 9.89474 ], [ 77.63244, 9.89869 ], [ 77.63501, 9.89865 ], [ 77.63563, 9.89781 ], [ 77.64072, 9.90262 ], [ 77.64075, 9.90379 ], [ 77.63901, 9.90486 ], [ 77.63868, 9.90624 ], [ 77.6436, 9.90638 ], [ 77.64612, 9.90885 ], [ 77.64603, 9.90995 ], [ 77.64432, 9.91042 ], [ 77.64479, 9.91416 ], [ 77.6383, 9.91578 ], [ 77.63435, 9.91951 ], [ 77.63373, 9.92106 ], [ 77.6308, 9.92251 ], [ 77.62878, 9.92656 ], [ 77.62173, 9.92218 ], [ 77.62143, 9.92101 ], [ 77.62257, 9.91947 ], [ 77.62021, 9.91799 ], [ 77.61712, 9.91842 ], [ 77.61709, 9.92087 ], [ 77.61398, 9.92175 ], [ 77.61452, 9.92351 ], [ 77.61757, 9.92696 ], [ 77.61272, 9.92434 ], [ 77.61036, 9.92461 ], [ 77.6101, 9.92641 ], [ 77.61291, 9.92882 ], [ 77.61353, 9.93108 ], [ 77.6106, 9.93098 ], [ 77.61117, 9.93536 ], [ 77.61507, 9.93527 ], [ 77.6155, 9.93886 ], [ 77.61866, 9.93981 ], [ 77.61933, 9.94245 ], [ 77.62071, 9.94409 ], [ 77.62823, 9.94471 ], [ 77.63006, 9.94381 ] ] ] } },
{ "type": "Feature", "properties": { "newname": null }, "geometry": { "type": "Polygon", "coordinates": [ [ [ 77.77108, 8.48816 ], [ 77.76771, 8.48852 ], [ 77.76474, 8.48574 ], [ 77.76042, 8.48385 ], [ 77.75635, 8.48465 ], [ 77.75844, 8.48612 ], [ 77.75903, 8.48871 ], [ 77.76173, 8.49008 ], [ 77.76598, 8.48977 ], [ 77.77241, 8.49107 ], [ 77.77108, 8.48816 ] ] ] } },
{ "type": "Feature", "properties": { "newname": null }, "geometry": { "type": "Polygon", "coordinates": [ [ [ 77.75739, 8.50201 ], [ 77.75995, 8.50171 ], [ 77.75844, 8.49244 ], [ 77.75656, 8.49111 ], [ 77.75014, 8.49229 ], [ 77.75081, 8.49347 ], [ 77.7545, 8.49493 ], [ 77.75787, 8.49992 ], [ 77.75576, 8.50205 ], [ 77.75631, 8.50319 ], [ 77.75739, 8.50201 ] ] ] } },
{ "type": "Feature", "properties": { "newname": null }, "geometry": { "type": "Polygon", "coordinates": [ [ [ 77.54106, 8.59515 ], [ 77.54567, 8.59232 ], [ 77.54859, 8.59163 ], [ 77.54951, 8.58941 ], [ 77.54927, 8.58665 ], [ 77.55051, 8.58367 ], [ 77.54933, 8.57301 ], [ 77.55405, 8.56936 ], [ 77.55939, 8.56993 ], [ 77.5614, 8.56857 ], [ 77.56208, 8.56454 ], [ 77.55937, 8.56067 ], [ 77.5593, 8.55647 ], [ 77.55796, 8.55434 ], [ 77.55643, 8.55305 ], [ 77.55398, 8.55312 ], [ 77.55225, 8.55208 ], [ 77.54651, 8.55312 ], [ 77.54381, 8.55269 ], [ 77.54041, 8.5541 ], [ 77.53584, 8.55309 ], [ 77.52732, 8.55565 ], [ 77.52083, 8.55634 ], [ 77.51173, 8.55953 ], [ 77.50582, 8.55881 ], [ 77.50062, 8.5604 ], [ 77.49962, 8.55961 ], [ 77.49861, 8.56249 ], [ 77.4965, 8.5618 ], [ 77.49621, 8.55842 ], [ 77.49548, 8.55783 ], [ 77.49722, 8.55277 ], [ 77.50092, 8.55051 ], [ 77.49928, 8.54949 ], [ 77.50084, 8.54631 ], [ 77.49914, 8.54266 ], [ 77.501, 8.53854 ], [ 77.50514, 8.53427 ], [ 77.50565, 8.5308 ], [ 77.505, 8.52538 ], [ 77.50836, 8.52667 ], [ 77.51078, 8.52504 ], [ 77.51382, 8.52703 ], [ 77.51565, 8.52612 ], [ 77.51467, 8.52201 ], [ 77.51114, 8.51825 ], [ 77.51263, 8.51328 ], [ 77.51425, 8.51206 ], [ 77.51436, 8.50957 ], [ 77.51658, 8.5069 ], [ 77.51645, 8.50513 ], [ 77.51898, 8.50235 ], [ 77.51916, 8.49848 ], [ 77.52377, 8.49171 ], [ 77.52834, 8.48685 ], [ 77.52825, 8.48527 ], [ 77.53049, 8.48451 ], [ 77.53419, 8.47491 ], [ 77.53857, 8.47621 ], [ 77.53889, 8.47492 ], [ 77.53603, 8.47308 ], [ 77.53486, 8.47157 ], [ 77.53475, 8.46976 ], [ 77.53913, 8.47119 ], [ 77.54153, 8.47312 ], [ 77.54495, 8.46939 ], [ 77.54658, 8.46979 ], [ 77.54852, 8.46627 ], [ 77.5507, 8.46553 ], [ 77.55083, 8.46402 ], [ 77.54932, 8.4632 ], [ 77.54449, 8.46529 ], [ 77.54388, 8.46301 ], [ 77.54555, 8.46098 ], [ 77.55519, 8.45493 ], [ 77.55498, 8.45344 ], [ 77.55225, 8.45199 ], [ 77.54854, 8.45382 ], [ 77.54568, 8.45411 ], [ 77.54585, 8.45548 ], [ 77.54714, 8.45531 ], [ 77.54686, 8.45701 ], [ 77.54536, 8.45826 ], [ 77.54318, 8.45773 ], [ 77.54309, 8.4545 ], [ 77.54054, 8.45246 ], [ 77.541, 8.45014 ], [ 77.53639, 8.44951 ], [ 77.53602, 8.44877 ], [ 77.53548, 8.44708 ], [ 77.53718, 8.44447 ], [ 77.53613, 8.44372 ], [ 77.53226, 8.44415 ], [ 77.52887, 8.44204 ], [ 77.52415, 8.44289 ], [ 77.52323, 8.44081 ], [ 77.52451, 8.43497 ], [ 77.53089, 8.43282 ], [ 77.53443, 8.43013 ], [ 77.53445, 8.42912 ], [ 77.53278, 8.42903 ], [ 77.5316, 8.42986 ], [ 77.53002, 8.42883 ], [ 77.52897, 8.42645 ], [ 77.52796, 8.42655 ], [ 77.52442, 8.42423 ], [ 77.51947, 8.42307 ], [ 77.51579, 8.42325 ], [ 77.51542, 8.42198 ], [ 77.5139, 8.42201 ], [ 77.51256, 8.41787 ], [ 77.51284, 8.41526 ], [ 77.51392, 8.41489 ], [ 77.51682, 8.41596 ], [ 77.52333, 8.41083 ], [ 77.5266, 8.40985 ], [ 77.52705, 8.41075 ], [ 77.52628, 8.41097 ], [ 77.52351, 8.4209 ], [ 77.52625, 8.42244 ], [ 77.53454, 8.42234 ], [ 77.53939, 8.41569 ], [ 77.54011, 8.41194 ], [ 77.53961, 8.40847 ], [ 77.54084, 8.40704 ], [ 77.54343, 8.4056 ], [ 77.54437, 8.40691 ], [ 77.54972, 8.40564 ], [ 77.55357, 8.40349 ], [ 77.55348, 8.40219 ], [ 77.55903, 8.39978 ], [ 77.55994, 8.39744 ], [ 77.55845, 8.39403 ], [ 77.55305, 8.39434 ], [ 77.55219, 8.3929 ], [ 77.54713, 8.3929 ], [ 77.54532, 8.39108 ], [ 77.54589, 8.38503 ], [ 77.54425, 8.37886 ], [ 77.54593, 8.37754 ], [ 77.54425, 8.37707 ], [ 77.54374, 8.37375 ], [ 77.54183, 8.37257 ], [ 77.54226, 8.36765 ], [ 77.54043, 8.3656 ], [ 77.53983, 8.36245 ], [ 77.53853, 8.36043 ], [ 77.53741, 8.36026 ], [ 77.53727, 8.3591 ], [ 77.53592, 8.35875 ], [ 77.53471, 8.36617 ], [ 77.53751, 8.37188 ], [ 77.54257, 8.37661 ], [ 77.53889, 8.38341 ], [ 77.53665, 8.38539 ], [ 77.53375, 8.38992 ], [ 77.53206, 8.39055 ], [ 77.52742, 8.38851 ], [ 77.52455, 8.38822 ], [ 77.5246, 8.38441 ], [ 77.52088, 8.38037 ], [ 77.51123, 8.38234 ], [ 77.50858, 8.38471 ], [ 77.50591, 8.38324 ], [ 77.50346, 8.3802 ], [ 77.49139, 8.3789 ], [ 77.48998, 8.38188 ], [ 77.48957, 8.38762 ], [ 77.48816, 8.38804 ], [ 77.4808, 8.39448 ], [ 77.47778, 8.39475 ], [ 77.47488, 8.39702 ], [ 77.47323, 8.40049 ], [ 77.47348, 8.41474 ], [ 77.46944, 8.41338 ], [ 77.46951, 8.4164 ], [ 77.46696, 8.41971 ], [ 77.46672, 8.42235 ], [ 77.46429, 8.42858 ], [ 77.4651, 8.44046 ], [ 77.46896, 8.44672 ], [ 77.47341, 8.44988 ], [ 77.47269, 8.45432 ], [ 77.46897, 8.45644 ], [ 77.46467, 8.4615 ], [ 77.46493, 8.46233 ], [ 77.46883, 8.46412 ], [ 77.46769, 8.46719 ], [ 77.46413, 8.46586 ], [ 77.45816, 8.46627 ], [ 77.45203, 8.47129 ], [ 77.44761, 8.47162 ], [ 77.44665, 8.47264 ], [ 77.4464, 8.48272 ], [ 77.44894, 8.48408 ], [ 77.44962, 8.48536 ], [ 77.4483, 8.48904 ], [ 77.44677, 8.48979 ], [ 77.44746, 8.49623 ], [ 77.4463, 8.49856 ], [ 77.44208, 8.50075 ], [ 77.44034, 8.50408 ], [ 77.43535, 8.50332 ], [ 77.43018, 8.50919 ], [ 77.42701, 8.50951 ], [ 77.42198, 8.51215 ], [ 77.41399, 8.51418 ], [ 77.40917, 8.51337 ], [ 77.40686, 8.51388 ], [ 77.40463, 8.51466 ], [ 77.40053, 8.51817 ], [ 77.39507, 8.51911 ], [ 77.39054, 8.52121 ], [ 77.3839, 8.51841 ], [ 77.37949, 8.52107 ], [ 77.37713, 8.51547 ], [ 77.37605, 8.51528 ], [ 77.37122, 8.52052 ], [ 77.36867, 8.5218 ], [ 77.36939, 8.52537 ], [ 77.36716, 8.52799 ], [ 77.36501, 8.52871 ], [ 77.37529, 8.53992 ], [ 77.37998, 8.5465 ], [ 77.38273, 8.54846 ], [ 77.39118, 8.54953 ], [ 77.40379, 8.54931 ], [ 77.40643, 8.54676 ], [ 77.40929, 8.54199 ], [ 77.41028, 8.5417 ], [ 77.41296, 8.54368 ], [ 77.42683, 8.55814 ], [ 77.43062, 8.56534 ], [ 77.43393, 8.5689 ], [ 77.4372, 8.57817 ], [ 77.43747, 8.58482 ], [ 77.43849, 8.58758 ], [ 77.44448, 8.58365 ], [ 77.44624, 8.58405 ], [ 77.45042, 8.58116 ], [ 77.45576, 8.57592 ], [ 77.46129, 8.57255 ], [ 77.4641, 8.56923 ], [ 77.46655, 8.57142 ], [ 77.46852, 8.57656 ], [ 77.47221, 8.57829 ], [ 77.47664, 8.58295 ], [ 77.48389, 8.58361 ], [ 77.48896, 8.58572 ], [ 77.49725, 8.58579 ], [ 77.50051, 8.588 ], [ 77.50178, 8.58598 ], [ 77.5066, 8.58593 ], [ 77.51092, 8.58779 ], [ 77.51835, 8.59315 ], [ 77.52231, 8.59468 ], [ 77.52428, 8.59523 ], [ 77.52999, 8.59349 ], [ 77.53382, 8.59546 ], [ 77.54106, 8.59515 ] ] ] } },
{ "type": "Feature", "properties": { "newname": null }, "geometry": { "type": "Polygon", "coordinates": [ [ [ 77.38834, 8.32229 ], [ 77.39295, 8.32001 ], [ 77.40037, 8.31444 ], [ 77.40123, 8.31251 ], [ 77.40294, 8.31269 ], [ 77.40519, 8.31058 ], [ 77.41499, 8.30554 ], [ 77.4182, 8.29864 ], [ 77.42212, 8.29583 ], [ 77.42233, 8.2928 ], [ 77.41923, 8.28705 ], [ 77.41855, 8.28418 ], [ 77.41562, 8.28127 ], [ 77.41158, 8.28194 ], [ 77.40317, 8.28702 ], [ 77.40104, 8.28605 ], [ 77.41101, 8.27868 ], [ 77.41092, 8.27762 ], [ 77.4092, 8.27716 ], [ 77.40762, 8.27478 ], [ 77.40235, 8.2744 ], [ 77.40258, 8.27739 ], [ 77.40167, 8.27832 ], [ 77.39822, 8.27724 ], [ 77.39236, 8.27746 ], [ 77.39424, 8.28226 ], [ 77.38965, 8.2858 ], [ 77.39103, 8.2863 ], [ 77.39219, 8.28578 ], [ 77.39289, 8.28811 ], [ 77.39042, 8.28938 ], [ 77.388, 8.2933 ], [ 77.38931, 8.29829 ], [ 77.37889, 8.3037 ], [ 77.38024, 8.31216 ], [ 77.38156, 8.31455 ], [ 77.38149, 8.32301 ], [ 77.38274, 8.32386 ], [ 77.38834, 8.32229 ] ] ] } },
{ "type": "Feature", "properties": { "newname": null }, "geometry": { "type": "Polygon", "coordinates": [ [ [ 77.5306, 8.2406 ], [ 77.53224, 8.23873 ], [ 77.53167, 8.23751 ], [ 77.53281, 8.23435 ], [ 77.53409, 8.2342 ], [ 77.53879, 8.23074 ], [ 77.541, 8.23041 ], [ 77.54248, 8.2319 ], [ 77.54571, 8.22874 ], [ 77.54716, 8.22514 ], [ 77.54578, 8.22272 ], [ 77.54243, 8.22279 ], [ 77.54205, 8.21993 ], [ 77.54907, 8.22112 ], [ 77.55188, 8.21846 ], [ 77.55026, 8.21731 ], [ 77.55026, 8.21555 ], [ 77.54657, 8.21479 ], [ 77.54624, 8.21382 ], [ 77.54704, 8.21229 ], [ 77.54552, 8.20894 ], [ 77.54476, 8.20911 ], [ 77.5445, 8.20494 ], [ 77.55145, 8.20373 ], [ 77.5518, 8.20042 ], [ 77.54945, 8.20016 ], [ 77.54702, 8.19856 ], [ 77.54702, 8.19445 ], [ 77.54969, 8.19231 ], [ 77.55078, 8.19312 ], [ 77.55345, 8.19214 ], [ 77.55414, 8.19066 ], [ 77.55373, 8.18802 ], [ 77.5485, 8.18721 ], [ 77.54821, 8.18595 ], [ 77.54664, 8.18586 ], [ 77.54674, 8.18419 ], [ 77.54533, 8.18436 ], [ 77.54324, 8.18315 ], [ 77.54481, 8.18081 ], [ 77.54676, 8.18105 ], [ 77.54833, 8.17824 ], [ 77.54433, 8.17425 ], [ 77.54045, 8.17308 ], [ 77.53881, 8.16884 ], [ 77.53884, 8.16589 ], [ 77.53572, 8.16472 ], [ 77.53475, 8.1664 ], [ 77.53382, 8.16581 ], [ 77.53085, 8.16634 ], [ 77.53125, 8.16472 ], [ 77.52796, 8.16506 ], [ 77.52805, 8.16407 ], [ 77.53022, 8.16346 ], [ 77.5311, 8.16196 ], [ 77.52428, 8.1615 ], [ 77.52474, 8.15812 ], [ 77.524, 8.15743 ], [ 77.5189, 8.15979 ], [ 77.51832, 8.16247 ], [ 77.52268, 8.16543 ], [ 77.52396, 8.16518 ], [ 77.52518, 8.16699 ], [ 77.52649, 8.1667 ], [ 77.52651, 8.16866 ], [ 77.52798, 8.16889 ], [ 77.5266, 8.17112 ], [ 77.52775, 8.17195 ], [ 77.52687, 8.1731 ], [ 77.5326, 8.1743 ], [ 77.5345, 8.17557 ], [ 77.53614, 8.17795 ], [ 77.53492, 8.1798 ], [ 77.53565, 8.18244 ], [ 77.53843, 8.18298 ], [ 77.5414, 8.18231 ], [ 77.54134, 8.18378 ], [ 77.53824, 8.18568 ], [ 77.53631, 8.18555 ], [ 77.53496, 8.18652 ], [ 77.53342, 8.19259 ], [ 77.53142, 8.19358 ], [ 77.53015, 8.19691 ], [ 77.52727, 8.19889 ], [ 77.52554, 8.19784 ], [ 77.52314, 8.19883 ], [ 77.52244, 8.19801 ], [ 77.52127, 8.19809 ], [ 77.5208, 8.19984 ], [ 77.5172, 8.20234 ], [ 77.51669, 8.20414 ], [ 77.51416, 8.20607 ], [ 77.51284, 8.20409 ], [ 77.50905, 8.20523 ], [ 77.50264, 8.20551 ], [ 77.50087, 8.20694 ], [ 77.49423, 8.20923 ], [ 77.4935, 8.21157 ], [ 77.4963, 8.2133 ], [ 77.49649, 8.21467 ], [ 77.49815, 8.21629 ], [ 77.50464, 8.21994 ], [ 77.50757, 8.22386 ], [ 77.50991, 8.22267 ], [ 77.51699, 8.22204 ], [ 77.51798, 8.22112 ], [ 77.52175, 8.22225 ], [ 77.52305, 8.22166 ], [ 77.53245, 8.22584 ], [ 77.53214, 8.22965 ], [ 77.52864, 8.23081 ], [ 77.52877, 8.23353 ], [ 77.52619, 8.2339 ], [ 77.52506, 8.23597 ], [ 77.52733, 8.23974 ], [ 77.5306, 8.2406 ] ] ] } },
{ "type": "Feature", "properties": { "newname": null }, "geometry": { "type": "Polygon", "coordinates": [ [ [ 77.58855, 12.84066 ], [ 77.5939, 12.83927 ], [ 77.59319, 12.83335 ], [ 77.58508, 12.83129 ], [ 77.58529, 12.82865 ], [ 77.58028, 12.82875 ], [ 77.57995, 12.82443 ], [ 77.5782, 12.82152 ], [ 77.57564, 12.8134 ], [ 77.57467, 12.8055 ], [ 77.57291, 12.80313 ], [ 77.57472, 12.80198 ], [ 77.57702, 12.80245 ], [ 77.57658, 12.80018 ], [ 77.57456, 12.79945 ], [ 77.57313, 12.79707 ], [ 77.56565, 12.79398 ], [ 77.56529, 12.79189 ], [ 77.57668, 12.79041 ], [ 77.5801, 12.7866 ], [ 77.58471, 12.79175 ], [ 77.59338, 12.78677 ], [ 77.59817, 12.78876 ], [ 77.59337, 12.77759 ], [ 77.59368, 12.77543 ], [ 77.59658, 12.77089 ], [ 77.5966, 12.76859 ], [ 77.59872, 12.76416 ], [ 77.59933, 12.76002 ], [ 77.59931, 12.75778 ], [ 77.59586, 12.75075 ], [ 77.6038, 12.74931 ], [ 77.60072, 12.74184 ], [ 77.5987, 12.72968 ], [ 77.59457, 12.73097 ], [ 77.58215, 12.74032 ], [ 77.58647, 12.74409 ], [ 77.58638, 12.74768 ], [ 77.58411, 12.74774 ], [ 77.58376, 12.75006 ], [ 77.58046, 12.75058 ], [ 77.57629, 12.7498 ], [ 77.57581, 12.74725 ], [ 77.57075, 12.73879 ], [ 77.56924, 12.73341 ], [ 77.57359, 12.73166 ], [ 77.57263, 12.72933 ], [ 77.56811, 12.7312 ], [ 77.55907, 12.73077 ], [ 77.55843, 12.72457 ], [ 77.56054, 12.71291 ], [ 77.5655, 12.70125 ], [ 77.56857, 12.69874 ], [ 77.57636, 12.70166 ], [ 77.58604, 12.71115 ], [ 77.59649, 12.71896 ], [ 77.61707, 12.70877 ], [ 77.61682, 12.71177 ], [ 77.61821, 12.71342 ], [ 77.62265, 12.71177 ], [ 77.62714, 12.70916 ], [ 77.63024, 12.70615 ], [ 77.63245, 12.69157 ], [ 77.639, 12.67592 ], [ 77.62799, 12.67393 ], [ 77.60001, 12.66631 ], [ 77.59897, 12.66397 ], [ 77.59709, 12.65164 ], [ 77.59779, 12.64639 ], [ 77.59369, 12.64467 ], [ 77.58984, 12.64461 ], [ 77.58825, 12.64118 ], [ 77.58624, 12.63232 ], [ 77.58329, 12.63183 ], [ 77.58363, 12.63394 ], [ 77.57941, 12.63463 ], [ 77.57841, 12.63116 ], [ 77.57503, 12.63179 ], [ 77.57487, 12.63516 ], [ 77.57874, 12.64593 ], [ 77.58064, 12.65552 ], [ 77.58513, 12.65494 ], [ 77.58704, 12.65563 ], [ 77.58964, 12.66875 ], [ 77.58755, 12.67005 ], [ 77.58891, 12.67325 ], [ 77.58738, 12.67463 ], [ 77.58575, 12.67811 ], [ 77.5804, 12.67851 ], [ 77.57153, 12.68184 ], [ 77.57569, 12.68843 ], [ 77.57846, 12.69095 ], [ 77.5761, 12.69201 ], [ 77.57014, 12.69396 ], [ 77.56078, 12.6921 ], [ 77.55234, 12.68535 ], [ 77.53367, 12.69133 ], [ 77.52542, 12.6967 ], [ 77.525, 12.70295 ], [ 77.52584, 12.70556 ], [ 77.53419, 12.72142 ], [ 77.53257, 12.72467 ], [ 77.52646, 12.72515 ], [ 77.52235, 12.73182 ], [ 77.52791, 12.74203 ], [ 77.53364, 12.74856 ], [ 77.53363, 12.75114 ], [ 77.53611, 12.755 ], [ 77.53976, 12.75033 ], [ 77.54176, 12.75024 ], [ 77.5473, 12.76864 ], [ 77.54936, 12.76985 ], [ 77.55245, 12.77001 ], [ 77.55296, 12.77204 ], [ 77.54832, 12.77298 ], [ 77.5462, 12.77433 ], [ 77.54565, 12.77678 ], [ 77.54947, 12.78341 ], [ 77.54869, 12.78737 ], [ 77.54498, 12.79241 ], [ 77.54448, 12.79463 ], [ 77.54479, 12.79669 ], [ 77.54667, 12.7979 ], [ 77.55235, 12.79912 ], [ 77.55707, 12.79892 ], [ 77.5588, 12.80109 ], [ 77.56149, 12.80142 ], [ 77.5607, 12.80357 ], [ 77.56063, 12.80978 ], [ 77.5545, 12.81169 ], [ 77.55499, 12.8146 ], [ 77.55306, 12.81574 ], [ 77.55385, 12.81834 ], [ 77.56651, 12.8091 ], [ 77.58173, 12.83652 ], [ 77.57948, 12.83729 ], [ 77.58189, 12.84134 ], [ 77.58448, 12.84267 ], [ 77.58604, 12.84033 ], [ 77.58855, 12.84066 ] ] ] } },
{ "type": "Feature", "properties": { "newname": null }, "geometry": { "type": "Polygon", "coordinates": [ [ [ 77.60502, 12.63738 ], [ 77.60484, 12.6325 ], [ 77.60643, 12.63013 ], [ 77.60664, 12.62752 ], [ 77.60461, 12.62558 ], [ 77.59398, 12.61919 ], [ 77.59196, 12.61415 ], [ 77.59204, 12.61003 ], [ 77.58734, 12.61404 ], [ 77.60054, 12.63696 ], [ 77.60014, 12.6418 ], [ 77.60502, 12.63738 ] ] ] } },
{ "type": "Feature", "properties": { "newname": null }, "geometry": { "type": "Polygon", "coordinates": [ [ [ 77.60502, 12.63738 ], [ 77.60484, 12.6325 ], [ 77.60643, 12.63013 ], [ 77.60664, 12.62752 ], [ 77.60461, 12.62558 ], [ 77.59398, 12.61919 ], [ 77.59196, 12.61415 ], [ 77.59204, 12.61003 ], [ 77.58734, 12.61404 ], [ 77.60054, 12.63696 ], [ 77.60014, 12.6418 ], [ 77.60502, 12.63738 ] ] ] } },
{ "type": "Feature", "properties": { "newname": null }, "geometry": { "type": "Polygon", "coordinates": [ [ [ 77.58038, 12.58739 ], [ 77.58315, 12.5873 ], [ 77.58802, 12.5844 ], [ 77.5847, 12.57475 ], [ 77.58119, 12.5722 ], [ 77.58106, 12.56893 ], [ 77.57761, 12.57064 ], [ 77.57509, 12.57406 ], [ 77.56899, 12.57633 ], [ 77.5672, 12.57858 ], [ 77.55494, 12.58211 ], [ 77.5683, 12.59045 ], [ 77.56973, 12.58884 ], [ 77.57156, 12.58989 ], [ 77.57198, 12.59459 ], [ 77.57042, 12.59956 ], [ 77.57673, 12.5955 ], [ 77.58038, 12.58739 ] ] ] } },
{ "type": "Feature", "properties": { "newname": null }, "geometry": { "type": "Polygon", "coordinates": [ [ [ 77.63803, 12.64584 ], [ 77.63604, 12.64188 ], [ 77.61664, 12.62139 ], [ 77.60929, 12.58435 ], [ 77.6065, 12.57883 ], [ 77.60152, 12.57509 ], [ 77.57285, 12.56577 ], [ 77.55871, 12.55938 ], [ 77.55827, 12.55063 ], [ 77.56135, 12.54055 ], [ 77.57979, 12.52953 ], [ 77.61096, 12.52662 ], [ 77.61746, 12.52371 ], [ 77.62087, 12.51962 ], [ 77.63753, 12.48681 ], [ 77.65163, 12.42727 ], [ 77.67808, 12.35499 ], [ 77.68459, 12.33017 ], [ 77.68625, 12.31246 ], [ 77.68636, 12.27653 ], [ 77.6923, 12.2342 ], [ 77.68338, 12.20578 ], [ 77.68018, 12.1909 ], [ 77.67128, 12.194 ], [ 77.66647, 12.1969 ], [ 77.65718, 12.19822 ], [ 77.65314, 12.19743 ], [ 77.65694, 12.21341 ], [ 77.66448, 12.23599 ], [ 77.65887, 12.27415 ], [ 77.65869, 12.3114 ], [ 77.65736, 12.32567 ], [ 77.65192, 12.3464 ], [ 77.62517, 12.41952 ], [ 77.61125, 12.47823 ], [ 77.59981, 12.50044 ], [ 77.57045, 12.50364 ], [ 77.54088, 12.52119 ], [ 77.53672, 12.5269 ], [ 77.53063, 12.54765 ], [ 77.53159, 12.5696 ], [ 77.53411, 12.57617 ], [ 77.53883, 12.58023 ], [ 77.56211, 12.59078 ], [ 77.57193, 12.59402 ], [ 77.57156, 12.58989 ], [ 77.56973, 12.58884 ], [ 77.5683, 12.59045 ], [ 77.55494, 12.58211 ], [ 77.5672, 12.57858 ], [ 77.56899, 12.57633 ], [ 77.57509, 12.57406 ], [ 77.57761, 12.57064 ], [ 77.58106, 12.56893 ], [ 77.58119, 12.5722 ], [ 77.5847, 12.57475 ], [ 77.58802, 12.5844 ], [ 77.58315, 12.5873 ], [ 77.58038, 12.58739 ], [ 77.57666, 12.59555 ], [ 77.58383, 12.59786 ], [ 77.59028, 12.6304 ], [ 77.59166, 12.63422 ], [ 77.61101, 12.65517 ], [ 77.61102, 12.66888 ], [ 77.62799, 12.67393 ], [ 77.63866, 12.67586 ], [ 77.63864, 12.64979 ], [ 77.63803, 12.64584 ] ], [ [ 77.58734, 12.61404 ], [ 77.59204, 12.61003 ], [ 77.59196, 12.61415 ], [ 77.59398, 12.61919 ], [ 77.60461, 12.62558 ], [ 77.60664, 12.62752 ], [ 77.60643, 12.63013 ], [ 77.60484, 12.6325 ], [ 77.60502, 12.63738 ], [ 77.60014, 12.6418 ], [ 77.60054, 12.63696 ], [ 77.58734, 12.61404 ] ] ] } },
{ "type": "Feature", "properties": { "newname": null }, "geometry": { "type": "Polygon", "coordinates": [ [ [ 77.63136, 11.97261 ], [ 77.63377, 11.9659 ], [ 77.63387, 11.96348 ], [ 77.6352, 11.96169 ], [ 77.63946, 11.95899 ], [ 77.64067, 11.95732 ], [ 77.64745, 11.95761 ], [ 77.65006, 11.95597 ], [ 77.63895, 11.94351 ], [ 77.63439, 11.94073 ], [ 77.59744, 11.9294 ], [ 77.55953, 11.92994 ], [ 77.5307, 11.92126 ], [ 77.5083, 11.92481 ], [ 77.50313, 11.89952 ], [ 77.51136, 11.88508 ], [ 77.51251, 11.87817 ], [ 77.50084, 11.81722 ], [ 77.49241, 11.79552 ], [ 77.48968, 11.79203 ], [ 77.48596, 11.78958 ], [ 77.47304, 11.78513 ], [ 77.46896, 11.78456 ], [ 77.46933, 11.77856 ], [ 77.46546, 11.75915 ], [ 77.45266, 11.72996 ], [ 77.44815, 11.72455 ], [ 77.43652, 11.71934 ], [ 77.43642, 11.72153 ], [ 77.43529, 11.7233 ], [ 77.43562, 11.72857 ], [ 77.43636, 11.72994 ], [ 77.43571, 11.7308 ], [ 77.42733, 11.73302 ], [ 77.42554, 11.7308 ], [ 77.42311, 11.73009 ], [ 77.41948, 11.73501 ], [ 77.41826, 11.73561 ], [ 77.41561, 11.73424 ], [ 77.4074, 11.7323 ], [ 77.40882, 11.74105 ], [ 77.40784, 11.74153 ], [ 77.41888, 11.74134 ], [ 77.42978, 11.7459 ], [ 77.43939, 11.76786 ], [ 77.44122, 11.77755 ], [ 77.43801, 11.78318 ], [ 77.4376, 11.78931 ], [ 77.4464, 11.81045 ], [ 77.45109, 11.8145 ], [ 77.45622, 11.81603 ], [ 77.46068, 11.81574 ], [ 77.46977, 11.81264 ], [ 77.47419, 11.824 ], [ 77.4844, 11.87716 ], [ 77.47619, 11.89157 ], [ 77.47503, 11.89848 ], [ 77.47953, 11.92257 ], [ 77.48358, 11.93952 ], [ 77.48693, 11.94566 ], [ 77.49213, 11.94907 ], [ 77.50523, 11.95231 ], [ 77.52925, 11.9487 ], [ 77.55613, 11.95698 ], [ 77.59408, 11.95644 ], [ 77.62172, 11.96514 ], [ 77.63139, 11.97609 ], [ 77.63136, 11.97261 ] ] ] } },
{ "type": "Feature", "properties": { "newname": null }, "geometry": { "type": "Polygon", "coordinates": [ [ [ 77.64322, 12.14935 ], [ 77.64578, 12.14432 ], [ 77.64998, 12.13971 ], [ 77.65335, 12.13336 ], [ 77.66476, 12.12101 ], [ 77.66572, 12.11955 ], [ 77.66614, 12.11547 ], [ 77.66871, 12.10985 ], [ 77.66877, 12.10797 ], [ 77.66691, 12.10535 ], [ 77.66638, 12.10309 ], [ 77.66116, 12.09467 ], [ 77.65965, 12.08777 ], [ 77.65437, 12.08175 ], [ 77.65495, 12.07927 ], [ 77.65448, 12.0749 ], [ 77.65024, 12.06976 ], [ 77.64866, 12.06365 ], [ 77.64613, 12.06075 ], [ 77.64648, 12.05667 ], [ 77.64553, 12.05398 ], [ 77.64881, 12.04894 ], [ 77.6461, 12.04695 ], [ 77.64509, 12.0451 ], [ 77.64306, 12.04493 ], [ 77.64268, 12.04384 ], [ 77.64375, 12.04165 ], [ 77.64203, 12.03996 ], [ 77.63864, 12.03779 ], [ 77.63368, 12.03815 ], [ 77.62909, 12.03301 ], [ 77.63051, 12.03052 ], [ 77.63488, 12.028 ], [ 77.63508, 12.02557 ], [ 77.64102, 12.02379 ], [ 77.63955, 12.01805 ], [ 77.63951, 12.01002 ], [ 77.63852, 12.00813 ], [ 77.63569, 12.00657 ], [ 77.63413, 12.00459 ], [ 77.63281, 11.99295 ], [ 77.63095, 11.98699 ], [ 77.63092, 11.98112 ], [ 77.63247, 11.97968 ], [ 77.63157, 11.97881 ], [ 77.63128, 11.97668 ], [ 77.63121, 11.97312 ], [ 77.63247, 11.97048 ], [ 77.63213, 11.96868 ], [ 77.63335, 11.96761 ], [ 77.63403, 11.96285 ], [ 77.63731, 11.95997 ], [ 77.64021, 11.95857 ], [ 77.64067, 11.95732 ], [ 77.64781, 11.95761 ], [ 77.64987, 11.9564 ], [ 77.65144, 11.95313 ], [ 77.64977, 11.95234 ], [ 77.64806, 11.94921 ], [ 77.64362, 11.94878 ], [ 77.64032, 11.94681 ], [ 77.63526, 11.94663 ], [ 77.63158, 11.94545 ], [ 77.62472, 11.94604 ], [ 77.62134, 11.94381 ], [ 77.61364, 11.9413 ], [ 77.60757, 11.94059 ], [ 77.60541, 11.93677 ], [ 77.60442, 11.93649 ], [ 77.59602, 11.93888 ], [ 77.59307, 11.93897 ], [ 77.58928, 11.93797 ], [ 77.58697, 11.93564 ], [ 77.57656, 11.93524 ], [ 77.56918, 11.93715 ], [ 77.56268, 11.94053 ], [ 77.5605, 11.94051 ], [ 77.54371, 11.93697 ], [ 77.53906, 11.93119 ], [ 77.53479, 11.93253 ], [ 77.52976, 11.93245 ], [ 77.52397, 11.93558 ], [ 77.51962, 11.93685 ], [ 77.51344, 11.93656 ], [ 77.5053, 11.94004 ], [ 77.50124, 11.93877 ], [ 77.49738, 11.94243 ], [ 77.49513, 11.94217 ], [ 77.4938, 11.93883 ], [ 77.49417, 11.93 ], [ 77.49282, 11.91996 ], [ 77.48952, 11.91077 ], [ 77.4898, 11.90981 ], [ 77.49177, 11.90889 ], [ 77.49148, 11.90708 ], [ 77.4885, 11.90269 ], [ 77.48515, 11.90035 ], [ 77.48429, 11.89858 ], [ 77.48603, 11.89317 ], [ 77.48674, 11.88639 ], [ 77.48544, 11.88675 ], [ 77.48227, 11.89214 ], [ 77.48029, 11.89202 ], [ 77.47912, 11.88943 ], [ 77.47753, 11.88996 ], [ 77.47555, 11.8926 ], [ 77.47601, 11.89675 ], [ 77.47438, 11.8984 ], [ 77.46409, 11.89968 ], [ 77.46262, 11.89873 ], [ 77.46503, 11.89275 ], [ 77.46329, 11.88717 ], [ 77.46415, 11.88286 ], [ 77.46203, 11.88111 ], [ 77.46167, 11.8796 ], [ 77.46629, 11.87414 ], [ 77.46679, 11.8724 ], [ 77.46381, 11.86342 ], [ 77.46152, 11.8629 ], [ 77.46091, 11.86206 ], [ 77.46419, 11.85754 ], [ 77.46243, 11.85217 ], [ 77.46726, 11.84869 ], [ 77.46747, 11.84528 ], [ 77.46521, 11.84224 ], [ 77.46138, 11.83052 ], [ 77.45815, 11.82807 ], [ 77.45761, 11.82674 ], [ 77.45329, 11.81273 ], [ 77.45393, 11.80678 ], [ 77.45215, 11.80376 ], [ 77.45204, 11.80126 ], [ 77.45088, 11.79934 ], [ 77.45136, 11.79729 ], [ 77.45036, 11.79398 ], [ 77.44754, 11.789 ], [ 77.44137, 11.78741 ], [ 77.44076, 11.78427 ], [ 77.44316, 11.78182 ], [ 77.44014, 11.7807 ], [ 77.43491, 11.77674 ], [ 77.4296, 11.76571 ], [ 77.43015, 11.76218 ], [ 77.4292, 11.75975 ], [ 77.42382, 11.76062 ], [ 77.42325, 11.77104 ], [ 77.41615, 11.77382 ], [ 77.41461, 11.77351 ], [ 77.39727, 11.78441 ], [ 77.3955, 11.78638 ], [ 77.38892, 11.78727 ], [ 77.37086, 11.78539 ], [ 77.36994, 11.7883 ], [ 77.36576, 11.78891 ], [ 77.36094, 11.77843 ], [ 77.34945, 11.77373 ], [ 77.33575, 11.77011 ], [ 77.32859, 11.77427 ], [ 77.31355, 11.79233 ], [ 77.2944, 11.80794 ], [ 77.29158, 11.8018 ], [ 77.28853, 11.7991 ], [ 77.27566, 11.80156 ], [ 77.27409, 11.80394 ], [ 77.26244, 11.80912 ], [ 77.25079, 11.81151 ], [ 77.25052, 11.80334 ], [ 77.24864, 11.80207 ], [ 77.24682, 11.79886 ], [ 77.23965, 11.79362 ], [ 77.23257, 11.79445 ], [ 77.23169, 11.80007 ], [ 77.23589, 11.80168 ], [ 77.23779, 11.80555 ], [ 77.23951, 11.81325 ], [ 77.24162, 11.8176 ], [ 77.2481, 11.82364 ], [ 77.25145, 11.83015 ], [ 77.25465, 11.84014 ], [ 77.25456, 11.84913 ], [ 77.25639, 11.85547 ], [ 77.26064, 11.8614 ], [ 77.2631, 11.87745 ], [ 77.26211, 11.88122 ], [ 77.25991, 11.88356 ], [ 77.26196, 11.88459 ], [ 77.26387, 11.89336 ], [ 77.26228, 11.89901 ], [ 77.26357, 11.90316 ], [ 77.26234, 11.90962 ], [ 77.25968, 11.91372 ], [ 77.26041, 11.91975 ], [ 77.25967, 11.92042 ], [ 77.25975, 11.92909 ], [ 77.26155, 11.93077 ], [ 77.25827, 11.93876 ], [ 77.25982, 11.94163 ], [ 77.25903, 11.94423 ], [ 77.25968, 11.94657 ], [ 77.25937, 11.9504 ], [ 77.26522, 11.95262 ], [ 77.26233, 11.95355 ], [ 77.25703, 11.9576 ], [ 77.25673, 11.95855 ], [ 77.25744, 11.96518 ], [ 77.25551, 11.97051 ], [ 77.25438, 11.98317 ], [ 77.25591, 11.98312 ], [ 77.25405, 11.99118 ], [ 77.2545, 11.99453 ], [ 77.25638, 11.99938 ], [ 77.26307, 12.00126 ], [ 77.26451, 11.99825 ], [ 77.2659, 11.991 ], [ 77.27847, 11.99207 ], [ 77.27021, 12.01285 ], [ 77.27116, 12.01879 ], [ 77.27473, 12.02916 ], [ 77.29676, 12.0593 ], [ 77.30255, 12.05957 ], [ 77.31284, 12.07905 ], [ 77.3196, 12.07998 ], [ 77.33054, 12.09222 ], [ 77.33492, 12.09476 ], [ 77.33786, 12.09751 ], [ 77.34006, 12.10088 ], [ 77.34765, 12.10117 ], [ 77.3622, 12.09698 ], [ 77.35737, 12.0876 ], [ 77.3548, 12.07869 ], [ 77.35301, 12.07183 ], [ 77.35333, 12.0642 ], [ 77.34174, 12.04988 ], [ 77.33456, 12.0375 ], [ 77.33235, 12.0222 ], [ 77.33445, 12.00789 ], [ 77.33005, 11.9986 ], [ 77.33503, 11.98928 ], [ 77.36458, 11.98444 ], [ 77.38093, 11.98862 ], [ 77.38444, 11.98408 ], [ 77.39456, 11.9823 ], [ 77.41143, 11.98917 ], [ 77.42139, 11.99714 ], [ 77.42228, 12.00159 ], [ 77.42448, 12.0069 ], [ 77.42637, 12.02015 ], [ 77.43929, 12.02798 ], [ 77.44474, 12.04011 ], [ 77.45253, 12.05093 ], [ 77.45609, 12.05778 ], [ 77.45843, 12.06432 ], [ 77.46019, 12.07852 ], [ 77.46775, 12.07959 ], [ 77.47375, 12.08235 ], [ 77.48403, 12.08184 ], [ 77.49662, 12.08536 ], [ 77.50029, 12.0857 ], [ 77.51493, 12.09652 ], [ 77.51311, 12.10608 ], [ 77.51212, 12.10798 ], [ 77.5075, 12.11155 ], [ 77.50386, 12.12631 ], [ 77.49772, 12.13658 ], [ 77.49551, 12.14261 ], [ 77.49677, 12.14574 ], [ 77.49469, 12.14901 ], [ 77.49591, 12.14761 ], [ 77.49879, 12.14666 ], [ 77.50337, 12.14773 ], [ 77.5055, 12.14641 ], [ 77.51391, 12.14507 ], [ 77.51523, 12.14136 ], [ 77.51396, 12.13788 ], [ 77.51836, 12.13256 ], [ 77.5205, 12.13212 ], [ 77.52472, 12.13348 ], [ 77.52729, 12.13187 ], [ 77.53084, 12.13193 ], [ 77.5329, 12.12996 ], [ 77.5334, 12.12792 ], [ 77.53701, 12.12638 ], [ 77.54093, 12.12615 ], [ 77.54836, 12.12227 ], [ 77.5494, 12.12284 ], [ 77.55082, 12.12603 ], [ 77.55562, 12.12725 ], [ 77.55837, 12.13138 ], [ 77.55948, 12.13144 ], [ 77.5619, 12.13668 ], [ 77.56553, 12.13754 ], [ 77.57078, 12.13621 ], [ 77.57325, 12.14282 ], [ 77.57675, 12.14754 ], [ 77.57749, 12.14681 ], [ 77.57872, 12.14025 ], [ 77.57788, 12.13538 ], [ 77.57854, 12.13355 ], [ 77.57823, 12.1305 ], [ 77.57941, 12.12998 ], [ 77.58154, 12.12692 ], [ 77.58271, 12.12349 ], [ 77.58195, 12.11832 ], [ 77.58322, 12.11774 ], [ 77.58721, 12.12041 ], [ 77.59024, 12.11916 ], [ 77.59277, 12.12257 ], [ 77.59685, 12.12433 ], [ 77.60028, 12.12937 ], [ 77.60214, 12.13606 ], [ 77.60486, 12.13727 ], [ 77.61305, 12.13697 ], [ 77.61886, 12.13498 ], [ 77.62175, 12.13299 ], [ 77.62994, 12.14301 ], [ 77.6317, 12.15501 ], [ 77.6343, 12.15747 ], [ 77.64322, 12.14935 ] ] ] } },
{ "type": "Feature", "properties": { "newname": null }, "geometry": { "type": "Polygon", "coordinates": [ [ [ 77.31485, 12.35172 ], [ 77.31767, 12.35137 ], [ 77.32236, 12.3494 ], [ 77.32616, 12.34949 ], [ 77.32939, 12.34779 ], [ 77.33183, 12.34794 ], [ 77.33242, 12.35021 ], [ 77.33865, 12.34917 ], [ 77.3391, 12.34701 ], [ 77.34888, 12.34759 ], [ 77.35085, 12.34914 ], [ 77.35627, 12.35029 ], [ 77.3634, 12.34775 ], [ 77.36459, 12.34564 ], [ 77.36907, 12.34554 ], [ 77.37218, 12.34425 ], [ 77.3717, 12.34207 ], [ 77.37491, 12.34072 ], [ 77.37447, 12.33824 ], [ 77.37159, 12.33771 ], [ 77.36974, 12.33602 ], [ 77.36501, 12.33415 ], [ 77.36436, 12.32943 ], [ 77.36621, 12.32831 ], [ 77.363, 12.32516 ], [ 77.36161, 12.31009 ], [ 77.36234, 12.30751 ], [ 77.36068, 12.3055 ], [ 77.36792, 12.28771 ], [ 77.36818, 12.28515 ], [ 77.37327, 12.28188 ], [ 77.37656, 12.28071 ], [ 77.39257, 12.27886 ], [ 77.40657, 12.27995 ], [ 77.41174, 12.28242 ], [ 77.42066, 12.28942 ], [ 77.42535, 12.28979 ], [ 77.43481, 12.2868 ], [ 77.43697, 12.28925 ], [ 77.44153, 12.29169 ], [ 77.44313, 12.29578 ], [ 77.44832, 12.29691 ], [ 77.45036, 12.29453 ], [ 77.45444, 12.29567 ], [ 77.45702, 12.29445 ], [ 77.45909, 12.29172 ], [ 77.461, 12.2907 ], [ 77.4635, 12.2915 ], [ 77.47168, 12.2911 ], [ 77.47546, 12.28935 ], [ 77.47586, 12.29169 ], [ 77.47775, 12.29265 ], [ 77.48149, 12.29091 ], [ 77.48505, 12.28798 ], [ 77.48262, 12.28728 ], [ 77.4826, 12.28067 ], [ 77.48437, 12.27906 ], [ 77.4842, 12.27243 ], [ 77.48056, 12.26998 ], [ 77.47861, 12.26296 ], [ 77.47941, 12.25768 ], [ 77.47507, 12.25434 ], [ 77.47277, 12.24233 ], [ 77.47973, 12.23866 ], [ 77.4836, 12.23184 ], [ 77.48395, 12.22842 ], [ 77.47358, 12.20824 ], [ 77.47485, 12.20548 ], [ 77.47758, 12.20408 ], [ 77.48635, 12.20305 ], [ 77.48822, 12.20214 ], [ 77.49129, 12.19956 ], [ 77.49227, 12.19744 ], [ 77.49477, 12.1959 ], [ 77.49866, 12.19627 ], [ 77.50407, 12.19466 ], [ 77.52008, 12.19319 ], [ 77.52393, 12.19601 ], [ 77.53009, 12.19776 ], [ 77.53745, 12.19749 ], [ 77.54083, 12.20075 ], [ 77.5472, 12.20341 ], [ 77.56131, 12.19769 ], [ 77.56443, 12.19535 ], [ 77.56663, 12.19499 ], [ 77.57065, 12.19852 ], [ 77.57537, 12.19963 ], [ 77.58184, 12.19672 ], [ 77.58856, 12.19801 ], [ 77.59646, 12.19763 ], [ 77.60063, 12.19904 ], [ 77.60642, 12.20423 ], [ 77.61318, 12.20486 ], [ 77.61801, 12.20033 ], [ 77.62186, 12.19869 ], [ 77.62556, 12.19908 ], [ 77.62917, 12.20078 ], [ 77.63339, 12.19919 ], [ 77.63645, 12.19613 ], [ 77.64109, 12.19513 ], [ 77.64677, 12.19703 ], [ 77.65718, 12.19822 ], [ 77.66647, 12.1969 ], [ 77.67128, 12.194 ], [ 77.70291, 12.18299 ], [ 77.71313, 12.1811 ], [ 77.72173, 12.18177 ], [ 77.73274, 12.17873 ], [ 77.73601, 12.17451 ], [ 77.73695, 12.16827 ], [ 77.74025, 12.16457 ], [ 77.74403, 12.16184 ], [ 77.7476, 12.15621 ], [ 77.74879, 12.1531 ], [ 77.74837, 12.14295 ], [ 77.75202, 12.1353 ], [ 77.75835, 12.12878 ], [ 77.77418, 12.11977 ], [ 77.77705, 12.11613 ], [ 77.77794, 12.11135 ], [ 77.77651, 12.10863 ], [ 77.77336, 12.10644 ], [ 77.77029, 12.10556 ], [ 77.76572, 12.0995 ], [ 77.7634, 12.09241 ], [ 77.75709, 12.07814 ], [ 77.74429, 12.06872 ], [ 77.73025, 12.06168 ], [ 77.72836, 12.06006 ], [ 77.71656, 12.04129 ], [ 77.71034, 12.03462 ], [ 77.70563, 12.02574 ], [ 77.69692, 12.01267 ], [ 77.6765, 11.96611 ], [ 77.67514, 11.96212 ], [ 77.67566, 11.95058 ], [ 77.67316, 11.95061 ], [ 77.67152, 11.94893 ], [ 77.66604, 11.94836 ], [ 77.66241, 11.94941 ], [ 77.65887, 11.94866 ], [ 77.65777, 11.9519 ], [ 77.65488, 11.95356 ], [ 77.65197, 11.95365 ], [ 77.64936, 11.95695 ], [ 77.64745, 11.95761 ], [ 77.64067, 11.95732 ], [ 77.63387, 11.96348 ], [ 77.63377, 11.9659 ], [ 77.63136, 11.97261 ], [ 77.63131, 11.97755 ], [ 77.63247, 11.97968 ], [ 77.63092, 11.98112 ], [ 77.63085, 11.98607 ], [ 77.63281, 11.99309 ], [ 77.63413, 12.00459 ], [ 77.63918, 12.00942 ], [ 77.63983, 12.01885 ], [ 77.64104, 12.02333 ], [ 77.63655, 12.02538 ], [ 77.63373, 12.02871 ], [ 77.62952, 12.03144 ], [ 77.62931, 12.03353 ], [ 77.63415, 12.03831 ], [ 77.63914, 12.03795 ], [ 77.6439, 12.04245 ], [ 77.64272, 12.04428 ], [ 77.645, 12.04504 ], [ 77.64751, 12.04789 ], [ 77.65144, 12.05049 ], [ 77.64703, 12.05285 ], [ 77.64764, 12.05754 ], [ 77.65189, 12.06138 ], [ 77.65572, 12.06358 ], [ 77.65928, 12.06434 ], [ 77.66251, 12.06366 ], [ 77.66384, 12.06738 ], [ 77.66972, 12.07255 ], [ 77.67114, 12.07713 ], [ 77.67306, 12.07835 ], [ 77.67385, 12.08045 ], [ 77.67699, 12.08174 ], [ 77.68271, 12.08187 ], [ 77.68196, 12.08416 ], [ 77.6823, 12.09055 ], [ 77.69097, 12.0917 ], [ 77.69821, 12.09666 ], [ 77.69692, 12.10014 ], [ 77.69901, 12.10611 ], [ 77.69703, 12.10807 ], [ 77.69185, 12.11022 ], [ 77.68686, 12.1096 ], [ 77.68399, 12.11112 ], [ 77.6804, 12.11621 ], [ 77.67627, 12.11275 ], [ 77.67354, 12.11275 ], [ 77.67159, 12.11094 ], [ 77.66964, 12.11165 ], [ 77.66511, 12.12225 ], [ 77.6571, 12.1292 ], [ 77.65233, 12.1349 ], [ 77.64925, 12.14066 ], [ 77.64578, 12.14432 ], [ 77.64322, 12.14935 ], [ 77.6343, 12.15747 ], [ 77.63267, 12.15617 ], [ 77.63132, 12.15341 ], [ 77.6301, 12.14395 ], [ 77.62347, 12.13496 ], [ 77.62125, 12.1349 ], [ 77.61297, 12.13799 ], [ 77.60476, 12.1381 ], [ 77.60275, 12.13742 ], [ 77.60149, 12.13556 ], [ 77.59968, 12.12822 ], [ 77.59757, 12.12651 ], [ 77.59645, 12.1243 ], [ 77.59277, 12.12257 ], [ 77.59024, 12.11916 ], [ 77.58788, 12.12048 ], [ 77.58387, 12.11795 ], [ 77.58188, 12.11993 ], [ 77.58257, 12.124 ], [ 77.57823, 12.13173 ], [ 77.57882, 12.13848 ], [ 77.5776, 12.14605 ], [ 77.57422, 12.14398 ], [ 77.57295, 12.14217 ], [ 77.57078, 12.13621 ], [ 77.5665, 12.13746 ], [ 77.5619, 12.13668 ], [ 77.55988, 12.13254 ], [ 77.55495, 12.12667 ], [ 77.55266, 12.12653 ], [ 77.55037, 12.12531 ], [ 77.5494, 12.12284 ], [ 77.54718, 12.12286 ], [ 77.54128, 12.12599 ], [ 77.53702, 12.12638 ], [ 77.53311, 12.1288 ], [ 77.53238, 12.13069 ], [ 77.5301, 12.13208 ], [ 77.52729, 12.13187 ], [ 77.5256, 12.13318 ], [ 77.52265, 12.13312 ], [ 77.5205, 12.13212 ], [ 77.51836, 12.13256 ], [ 77.51395, 12.13788 ], [ 77.51516, 12.14281 ], [ 77.51431, 12.14472 ], [ 77.51229, 12.14566 ], [ 77.5055, 12.14641 ], [ 77.50337, 12.14773 ], [ 77.49798, 12.14695 ], [ 77.49591, 12.14761 ], [ 77.49129, 12.15226 ], [ 77.48798, 12.15919 ], [ 77.48453, 12.16233 ], [ 77.47698, 12.16694 ], [ 77.46824, 12.16951 ], [ 77.45732, 12.17035 ], [ 77.45559, 12.17164 ], [ 77.45223, 12.17754 ], [ 77.42965, 12.18504 ], [ 77.42673, 12.18826 ], [ 77.42649, 12.19097 ], [ 77.41107, 12.22758 ], [ 77.4073, 12.22772 ], [ 77.39901, 12.2254 ], [ 77.39513, 12.22764 ], [ 77.39236, 12.22604 ], [ 77.3897, 12.22186 ], [ 77.38602, 12.22515 ], [ 77.38287, 12.23109 ], [ 77.37607, 12.23549 ], [ 77.36523, 12.23899 ], [ 77.35777, 12.24494 ], [ 77.34887, 12.24694 ], [ 77.34081, 12.24216 ], [ 77.33906, 12.24336 ], [ 77.33948, 12.24533 ], [ 77.34435, 12.25437 ], [ 77.34381, 12.25682 ], [ 77.3425, 12.25839 ], [ 77.3334, 12.2493 ], [ 77.33097, 12.24788 ], [ 77.33012, 12.24598 ], [ 77.32639, 12.24422 ], [ 77.32277, 12.23858 ], [ 77.31979, 12.23764 ], [ 77.31798, 12.23594 ], [ 77.31478, 12.23214 ], [ 77.31374, 12.2297 ], [ 77.30901, 12.22967 ], [ 77.30112, 12.23612 ], [ 77.29887, 12.24057 ], [ 77.28763, 12.25617 ], [ 77.28676, 12.25864 ], [ 77.28716, 12.26642 ], [ 77.28629, 12.2705 ], [ 77.28428, 12.26989 ], [ 77.28203, 12.2715 ], [ 77.28193, 12.26905 ], [ 77.27937, 12.26521 ], [ 77.27898, 12.26299 ], [ 77.28099, 12.26113 ], [ 77.28098, 12.25903 ], [ 77.27927, 12.25448 ], [ 77.27267, 12.25153 ], [ 77.27104, 12.25354 ], [ 77.26958, 12.2636 ], [ 77.27052, 12.27868 ], [ 77.26894, 12.28539 ], [ 77.26856, 12.29169 ], [ 77.26456, 12.29525 ], [ 77.26388, 12.2994 ], [ 77.26089, 12.30295 ], [ 77.26141, 12.30857 ], [ 77.2607, 12.31127 ], [ 77.26274, 12.31232 ], [ 77.26662, 12.32009 ], [ 77.26661, 12.32626 ], [ 77.25835, 12.33425 ], [ 77.2567, 12.3395 ], [ 77.25467, 12.34179 ], [ 77.25391, 12.34784 ], [ 77.25811, 12.34969 ], [ 77.26794, 12.35099 ], [ 77.28038, 12.35559 ], [ 77.29015, 12.35765 ], [ 77.28944, 12.35472 ], [ 77.29044, 12.35293 ], [ 77.29348, 12.35275 ], [ 77.29646, 12.35441 ], [ 77.29649, 12.35721 ], [ 77.29861, 12.3555 ], [ 77.3029, 12.35649 ], [ 77.30512, 12.35398 ], [ 77.30589, 12.35686 ], [ 77.30757, 12.35799 ], [ 77.31485, 12.35172 ] ] ] } },
{ "type": "Feature", "properties": { "newname": null }, "geometry": { "type": "Polygon", "coordinates": [ [ [ 77.23647, 11.92933 ], [ 77.23376, 11.93056 ], [ 77.23385, 11.93298 ], [ 77.23704, 11.93305 ], [ 77.23832, 11.93095 ], [ 77.23647, 11.92933 ] ] ] } },
{ "type": "Feature", "properties": { "newname": null }, "geometry": { "type": "Polygon", "coordinates": [ [ [ 77.18365, 11.88988 ], [ 77.18157, 11.88709 ], [ 77.18024, 11.88223 ], [ 77.18115, 11.87721 ], [ 77.18326, 11.87632 ], [ 77.1861, 11.86819 ], [ 77.18572, 11.84317 ], [ 77.17799, 11.85239 ], [ 77.17258, 11.86059 ], [ 77.17402, 11.86643 ], [ 77.17242, 11.87005 ], [ 77.1745, 11.87197 ], [ 77.17527, 11.87479 ], [ 77.17435, 11.87784 ], [ 77.17526, 11.88235 ], [ 77.17757, 11.88139 ], [ 77.17927, 11.88979 ], [ 77.17954, 11.89743 ], [ 77.17851, 11.89969 ], [ 77.18141, 11.90239 ], [ 77.18329, 11.89913 ], [ 77.18365, 11.88988 ] ] ] } },
{ "type": "Feature", "properties": { "newname": null }, "geometry": { "type": "Polygon", "coordinates": [ [ [ 77.19404, 11.89467 ], [ 77.19077, 11.89314 ], [ 77.1888, 11.903 ], [ 77.19164, 11.90515 ], [ 77.19342, 11.90374 ], [ 77.19404, 11.89467 ] ] ] } },
{ "type": "Feature", "properties": { "newname": null }, "geometry": { "type": "Polygon", "coordinates": [ [ [ 77.12209, 12.06837 ], [ 77.12177, 12.07159 ], [ 77.12321, 12.0736 ], [ 77.12682, 12.06891 ], [ 77.12209, 12.06837 ] ] ] } },
{ "type": "Feature", "properties": { "newname": null }, "geometry": { "type": "Polygon", "coordinates": [ [ [ 77.16368, 12.00102 ], [ 77.16083, 11.99991 ], [ 77.15551, 11.98697 ], [ 77.14655, 11.98143 ], [ 77.1445, 11.98339 ], [ 77.14445, 11.98561 ], [ 77.14306, 11.98715 ], [ 77.13705, 11.98971 ], [ 77.13728, 11.99596 ], [ 77.14005, 12.00001 ], [ 77.1403, 12.00232 ], [ 77.14394, 12.00195 ], [ 77.14697, 11.99999 ], [ 77.15674, 12.00151 ], [ 77.15678, 12.00607 ], [ 77.16291, 12.00825 ], [ 77.16368, 12.00102 ] ] ] } },
{ "type": "Feature", "properties": { "newname": null }, "geometry": { "type": "Polygon", "coordinates": [ [ [ 77.04984, 11.81857 ], [ 77.05103, 11.81111 ], [ 77.04984, 11.80042 ], [ 77.05273, 11.79866 ], [ 77.05435, 11.79573 ], [ 77.05699, 11.79384 ], [ 77.05904, 11.79578 ], [ 77.06468, 11.79289 ], [ 77.0638, 11.79032 ], [ 77.05991, 11.78807 ], [ 77.05174, 11.7882 ], [ 77.04723, 11.78579 ], [ 77.04537, 11.78216 ], [ 77.04051, 11.77783 ], [ 77.03639, 11.76865 ], [ 77.03033, 11.7728 ], [ 77.02991, 11.77492 ], [ 77.03635, 11.78275 ], [ 77.03986, 11.7926 ], [ 77.03567, 11.79327 ], [ 77.03411, 11.796 ], [ 77.03551, 11.79837 ], [ 77.03199, 11.80062 ], [ 77.03093, 11.80328 ], [ 77.01846, 11.80971 ], [ 77.01625, 11.80498 ], [ 77.01422, 11.81343 ], [ 77.01007, 11.81268 ], [ 77.01485, 11.83297 ], [ 77.02233, 11.84817 ], [ 77.02458, 11.8472 ], [ 77.02647, 11.84891 ], [ 77.02833, 11.84751 ], [ 77.0304, 11.84848 ], [ 77.03159, 11.85207 ], [ 77.03412, 11.85182 ], [ 77.03509, 11.8536 ], [ 77.0345, 11.85581 ], [ 77.03748, 11.86755 ], [ 77.03333, 11.86825 ], [ 77.03217, 11.87524 ], [ 77.02956, 11.87718 ], [ 77.02901, 11.88331 ], [ 77.02644, 11.88495 ], [ 77.0301, 11.88574 ], [ 77.03914, 11.88274 ], [ 77.03623, 11.88994 ], [ 77.04601, 11.8937 ], [ 77.05758, 11.89174 ], [ 77.0585, 11.89413 ], [ 77.0574, 11.8981 ], [ 77.06222, 11.89553 ], [ 77.07295, 11.89767 ], [ 77.07664, 11.90121 ], [ 77.07917, 11.90856 ], [ 77.08231, 11.91203 ], [ 77.08787, 11.9157 ], [ 77.09098, 11.92005 ], [ 77.09061, 11.9281 ], [ 77.0915, 11.9306 ], [ 77.09375, 11.93337 ], [ 77.09883, 11.93602 ], [ 77.10211, 11.93653 ], [ 77.1171, 11.94226 ], [ 77.12391, 11.94379 ], [ 77.11773, 11.95323 ], [ 77.11962, 11.963 ], [ 77.11587, 11.97811 ], [ 77.10903, 11.98107 ], [ 77.1057, 11.98571 ], [ 77.10854, 11.99549 ], [ 77.11002, 11.99138 ], [ 77.11337, 11.99142 ], [ 77.11488, 11.9997 ], [ 77.13299, 12.03428 ], [ 77.13734, 12.03094 ], [ 77.13892, 12.03315 ], [ 77.1348, 12.03728 ], [ 77.13799, 12.04274 ], [ 77.12887, 12.04709 ], [ 77.14926, 12.04942 ], [ 77.15163, 12.055 ], [ 77.1499, 12.06263 ], [ 77.13411, 12.06829 ], [ 77.12682, 12.06891 ], [ 77.13393, 12.07335 ], [ 77.14119, 12.06907 ], [ 77.15321, 12.06737 ], [ 77.15499, 12.06352 ], [ 77.15831, 12.06298 ], [ 77.15964, 12.07153 ], [ 77.1545, 12.07254 ], [ 77.14957, 12.07493 ], [ 77.14458, 12.07539 ], [ 77.13744, 12.07874 ], [ 77.13494, 12.08234 ], [ 77.13436, 12.08807 ], [ 77.13586, 12.0911 ], [ 77.13945, 12.0918 ], [ 77.13757, 12.09465 ], [ 77.13853, 12.09778 ], [ 77.15691, 12.09661 ], [ 77.15733, 12.10011 ], [ 77.15376, 12.10164 ], [ 77.14362, 12.10969 ], [ 77.15137, 12.11853 ], [ 77.15107, 12.12861 ], [ 77.15293, 12.13563 ], [ 77.15686, 12.13509 ], [ 77.16203, 12.13701 ], [ 77.16437, 12.13554 ], [ 77.16665, 12.14161 ], [ 77.16923, 12.14424 ], [ 77.17188, 12.14487 ], [ 77.17592, 12.14375 ], [ 77.17745, 12.13979 ], [ 77.18618, 12.12562 ], [ 77.18768, 12.11788 ], [ 77.18999, 12.11432 ], [ 77.19036, 12.11127 ], [ 77.18848, 12.10774 ], [ 77.18964, 12.10429 ], [ 77.1893, 12.10179 ], [ 77.19219, 12.09866 ], [ 77.19169, 12.09662 ], [ 77.19695, 12.0829 ], [ 77.19827, 12.06534 ], [ 77.19738, 12.06263 ], [ 77.19624, 12.04988 ], [ 77.20081, 12.04452 ], [ 77.20103, 12.04952 ], [ 77.2044, 12.05936 ], [ 77.20304, 12.06942 ], [ 77.20525, 12.07542 ], [ 77.20345, 12.07905 ], [ 77.20341, 12.08402 ], [ 77.20554, 12.09007 ], [ 77.20425, 12.09715 ], [ 77.20602, 12.09823 ], [ 77.20831, 12.09632 ], [ 77.20795, 12.09078 ], [ 77.21336, 12.08791 ], [ 77.21604, 12.08755 ], [ 77.2179, 12.08426 ], [ 77.22017, 12.08377 ], [ 77.22137, 12.07874 ], [ 77.22462, 12.08075 ], [ 77.22882, 12.07937 ], [ 77.22784, 12.07048 ], [ 77.22166, 12.0689 ], [ 77.2252, 12.0576 ], [ 77.2283, 12.05137 ], [ 77.22286, 12.03821 ], [ 77.22289, 12.03498 ], [ 77.22413, 12.03037 ], [ 77.23216, 12.03465 ], [ 77.2348, 12.03378 ], [ 77.24133, 12.02479 ], [ 77.24168, 12.01696 ], [ 77.24314, 12.01175 ], [ 77.24326, 12.00115 ], [ 77.24871, 11.98763 ], [ 77.24785, 11.98576 ], [ 77.24751, 11.97881 ], [ 77.24673, 11.97653 ], [ 77.24908, 11.97433 ], [ 77.24785, 11.97255 ], [ 77.25015, 11.9719 ], [ 77.2526, 11.96673 ], [ 77.24969, 11.95838 ], [ 77.24942, 11.95337 ], [ 77.25028, 11.95113 ], [ 77.24963, 11.94876 ], [ 77.25131, 11.94525 ], [ 77.25423, 11.94569 ], [ 77.25344, 11.94105 ], [ 77.25926, 11.93375 ], [ 77.25642, 11.9296 ], [ 77.25642, 11.92742 ], [ 77.25861, 11.92166 ], [ 77.2596, 11.91393 ], [ 77.2618, 11.90984 ], [ 77.26229, 11.90574 ], [ 77.25452, 11.89848 ], [ 77.24267, 11.9 ], [ 77.24014, 11.90157 ], [ 77.23943, 11.89431 ], [ 77.23685, 11.89186 ], [ 77.23632, 11.8896 ], [ 77.23945, 11.88771 ], [ 77.23844, 11.88399 ], [ 77.234, 11.87602 ], [ 77.2304, 11.87341 ], [ 77.22847, 11.87038 ], [ 77.22821, 11.86492 ], [ 77.2299, 11.85915 ], [ 77.22804, 11.85362 ], [ 77.22866, 11.8504 ], [ 77.22717, 11.84819 ], [ 77.22444, 11.84882 ], [ 77.22182, 11.83957 ], [ 77.22244, 11.83391 ], [ 77.2202, 11.82648 ], [ 77.2244, 11.82556 ], [ 77.22566, 11.82737 ], [ 77.23078, 11.82881 ], [ 77.2322, 11.83059 ], [ 77.23031, 11.83208 ], [ 77.23301, 11.83562 ], [ 77.23819, 11.8355 ], [ 77.23862, 11.83784 ], [ 77.24078, 11.84046 ], [ 77.24186, 11.84397 ], [ 77.24174, 11.85009 ], [ 77.24273, 11.85231 ], [ 77.24634, 11.85617 ], [ 77.24822, 11.84838 ], [ 77.25403, 11.84515 ], [ 77.25187, 11.83481 ], [ 77.24654, 11.82448 ], [ 77.24445, 11.82234 ], [ 77.24129, 11.82309 ], [ 77.23905, 11.81856 ], [ 77.23854, 11.81146 ], [ 77.23647, 11.80542 ], [ 77.23415, 11.80326 ], [ 77.22987, 11.8017 ], [ 77.23055, 11.79503 ], [ 77.19035, 11.79119 ], [ 77.18321, 11.78508 ], [ 77.14826, 11.7804 ], [ 77.13929, 11.77116 ], [ 77.13234, 11.77216 ], [ 77.12788, 11.77127 ], [ 77.12576, 11.77285 ], [ 77.12704, 11.77753 ], [ 77.12947, 11.78015 ], [ 77.12871, 11.78205 ], [ 77.12623, 11.78329 ], [ 77.12369, 11.78013 ], [ 77.12077, 11.77886 ], [ 77.12029, 11.78231 ], [ 77.11737, 11.78295 ], [ 77.11297, 11.78554 ], [ 77.10709, 11.78692 ], [ 77.10341, 11.78279 ], [ 77.09978, 11.77229 ], [ 77.10179, 11.76417 ], [ 77.10696, 11.76034 ], [ 77.11217, 11.76017 ], [ 77.11358, 11.75603 ], [ 77.11029, 11.75283 ], [ 77.10979, 11.75055 ], [ 77.11171, 11.74916 ], [ 77.11265, 11.74158 ], [ 77.11559, 11.73807 ], [ 77.11516, 11.73329 ], [ 77.11826, 11.73048 ], [ 77.11662, 11.72817 ], [ 77.11804, 11.72661 ], [ 77.11877, 11.72152 ], [ 77.11637, 11.72022 ], [ 77.10619, 11.73143 ], [ 77.08199, 11.73454 ], [ 77.08366, 11.73826 ], [ 77.06889, 11.7542 ], [ 77.07037, 11.75755 ], [ 77.07312, 11.7596 ], [ 77.07671, 11.75568 ], [ 77.07675, 11.75306 ], [ 77.08013, 11.75322 ], [ 77.08533, 11.76397 ], [ 77.08806, 11.77326 ], [ 77.09, 11.78374 ], [ 77.081, 11.78415 ], [ 77.08064, 11.78651 ], [ 77.07838, 11.78922 ], [ 77.07298, 11.78884 ], [ 77.06887, 11.7915 ], [ 77.06899, 11.79393 ], [ 77.07052, 11.79544 ], [ 77.07117, 11.7979 ], [ 77.07002, 11.80047 ], [ 77.07336, 11.80414 ], [ 77.0723, 11.8066 ], [ 77.06691, 11.80775 ], [ 77.0674, 11.81305 ], [ 77.0638, 11.81442 ], [ 77.06244, 11.81631 ], [ 77.05994, 11.81771 ], [ 77.05681, 11.81613 ], [ 77.05464, 11.81871 ], [ 77.04984, 11.81857 ] ], [ [ 77.0623, 11.82531 ], [ 77.06347, 11.82857 ], [ 77.06564, 11.8286 ], [ 77.06595, 11.83119 ], [ 77.06453, 11.83502 ], [ 77.06015, 11.83963 ], [ 77.05565, 11.82857 ], [ 77.05464, 11.81871 ], [ 77.0623, 11.82531 ] ], [ [ 77.23376, 11.93056 ], [ 77.23647, 11.92933 ], [ 77.23832, 11.93095 ], [ 77.23704, 11.93305 ], [ 77.23385, 11.93298 ], [ 77.23376, 11.93056 ] ], [ [ 77.19021, 11.89797 ], [ 77.19077, 11.89314 ], [ 77.19404, 11.89467 ], [ 77.19409, 11.90124 ], [ 77.19342, 11.90374 ], [ 77.19164, 11.90515 ], [ 77.1888, 11.903 ], [ 77.19021, 11.89797 ] ], [ [ 77.17641, 11.8482 ], [ 77.17344, 11.84128 ], [ 77.17241, 11.83662 ], [ 77.16957, 11.83485 ], [ 77.16675, 11.83571 ], [ 77.16637, 11.83798 ], [ 77.16761, 11.8435 ], [ 77.16643, 11.84844 ], [ 77.16061, 11.84804 ], [ 77.15876, 11.84144 ], [ 77.15916, 11.83945 ], [ 77.16149, 11.83807 ], [ 77.16585, 11.83094 ], [ 77.17164, 11.82605 ], [ 77.17358, 11.82812 ], [ 77.17296, 11.83193 ], [ 77.17542, 11.83607 ], [ 77.17628, 11.84003 ], [ 77.17901, 11.84225 ], [ 77.17685, 11.84331 ], [ 77.17641, 11.8482 ] ], [ [ 77.15674, 12.00151 ], [ 77.14697, 11.99999 ], [ 77.14394, 12.00195 ], [ 77.1403, 12.00232 ], [ 77.14005, 12.00001 ], [ 77.13728, 11.99596 ], [ 77.13705, 11.98971 ], [ 77.14306, 11.98715 ], [ 77.14445, 11.98561 ], [ 77.1445, 11.98339 ], [ 77.14655, 11.98143 ], [ 77.15551, 11.98697 ], [ 77.16083, 11.99991 ], [ 77.16368, 12.00102 ], [ 77.16291, 12.00825 ], [ 77.15678, 12.00607 ], [ 77.15674, 12.00151 ] ], [ [ 77.18329, 11.89913 ], [ 77.18141, 11.90239 ], [ 77.17851, 11.89969 ], [ 77.17954, 11.89743 ], [ 77.17927, 11.88979 ], [ 77.17757, 11.88139 ], [ 77.17526, 11.88235 ], [ 77.17435, 11.87784 ], [ 77.17527, 11.87479 ], [ 77.1745, 11.87197 ], [ 77.17242, 11.87005 ], [ 77.17402, 11.86643 ], [ 77.17258, 11.86059 ], [ 77.17799, 11.85239 ], [ 77.18572, 11.84317 ], [ 77.1861, 11.86819 ], [ 77.18326, 11.87632 ], [ 77.18115, 11.87721 ], [ 77.18024, 11.88223 ], [ 77.18157, 11.88709 ], [ 77.18365, 11.88988 ], [ 77.18329, 11.89913 ] ] ] } },
{ "type": "Feature", "properties": { "newname": null }, "geometry": { "type": "Polygon", "coordinates": [ [ [ 76.43813, 11.94863 ], [ 76.43549, 11.9378 ], [ 76.43586, 11.92281 ], [ 76.43348, 11.92188 ], [ 76.43317, 11.91946 ], [ 76.43475, 11.91733 ], [ 76.4344, 11.91409 ], [ 76.4316, 11.91436 ], [ 76.43243, 11.91175 ], [ 76.43126, 11.90744 ], [ 76.4296, 11.90537 ], [ 76.43043, 11.89644 ], [ 76.42854, 11.89466 ], [ 76.42723, 11.89114 ], [ 76.42442, 11.89054 ], [ 76.41306, 11.88492 ], [ 76.41014, 11.87191 ], [ 76.41396, 11.86904 ], [ 76.41029, 11.85357 ], [ 76.40782, 11.84838 ], [ 76.41009, 11.83593 ], [ 76.42223, 11.83364 ], [ 76.42177, 11.83122 ], [ 76.4233, 11.82871 ], [ 76.42802, 11.82517 ], [ 76.44226, 11.81905 ], [ 76.44822, 11.81946 ], [ 76.43902, 11.85261 ], [ 76.44652, 11.85975 ], [ 76.45255, 11.86312 ], [ 76.46101, 11.86983 ], [ 76.46467, 11.87144 ], [ 76.46847, 11.87528 ], [ 76.47522, 11.87789 ], [ 76.48388, 11.87608 ], [ 76.4902, 11.88817 ], [ 76.50187, 11.89718 ], [ 76.50485, 11.91845 ], [ 76.50226, 11.92648 ], [ 76.50078, 11.92791 ], [ 76.50919, 11.93541 ], [ 76.51652, 11.92397 ], [ 76.51704, 11.91945 ], [ 76.51875, 11.91486 ], [ 76.51967, 11.90437 ], [ 76.52112, 11.90047 ], [ 76.52206, 11.89049 ], [ 76.5351, 11.88827 ], [ 76.54597, 11.89985 ], [ 76.54478, 11.91773 ], [ 76.56309, 11.91315 ], [ 76.57689, 11.92065 ], [ 76.57134, 11.90679 ], [ 76.5631, 11.90291 ], [ 76.55797, 11.89345 ], [ 76.55458, 11.85852 ], [ 76.55865, 11.85152 ], [ 76.56759, 11.84662 ], [ 76.56682, 11.83846 ], [ 76.56653, 11.81368 ], [ 76.56515, 11.80742 ], [ 76.56917, 11.80279 ], [ 76.56843, 11.79873 ], [ 76.56669, 11.79714 ], [ 76.55786, 11.79335 ], [ 76.55279, 11.78755 ], [ 76.54217, 11.78838 ], [ 76.54248, 11.78628 ], [ 76.54523, 11.77962 ], [ 76.55019, 11.77776 ], [ 76.55206, 11.77069 ], [ 76.54838, 11.7684 ], [ 76.55483, 11.74998 ], [ 76.56152, 11.74864 ], [ 76.57314, 11.74916 ], [ 76.59531, 11.73005 ], [ 76.59155, 11.72373 ], [ 76.61051, 11.72698 ], [ 76.60201, 11.71076 ], [ 76.61161, 11.70885 ], [ 76.61279, 11.70605 ], [ 76.64298, 11.68965 ], [ 76.64574, 11.68782 ], [ 76.65147, 11.67844 ], [ 76.65624, 11.67675 ], [ 76.65994, 11.67649 ], [ 76.66566, 11.67719 ], [ 76.66946, 11.68015 ], [ 76.67409, 11.67398 ], [ 76.67551, 11.67183 ], [ 76.67648, 11.66398 ], [ 76.68051, 11.66349 ], [ 76.68223, 11.65921 ], [ 76.67783, 11.65815 ], [ 76.67108, 11.66298 ], [ 76.64991, 11.66637 ], [ 76.64228, 11.65781 ], [ 76.64477, 11.65254 ], [ 76.64736, 11.65054 ], [ 76.64825, 11.64838 ], [ 76.64365, 11.64242 ], [ 76.64303, 11.64026 ], [ 76.64474, 11.63893 ], [ 76.65013, 11.64089 ], [ 76.65814, 11.64077 ], [ 76.65787, 11.63182 ], [ 76.68248, 11.61915 ], [ 76.68435, 11.61989 ], [ 76.68314, 11.62487 ], [ 76.68487, 11.62751 ], [ 76.69495, 11.63626 ], [ 76.69718, 11.63675 ], [ 76.7213, 11.63596 ], [ 76.72169, 11.64149 ], [ 76.73487, 11.64628 ], [ 76.73758, 11.64918 ], [ 76.73876, 11.65566 ], [ 76.74113, 11.65973 ], [ 76.75292, 11.66817 ], [ 76.75727, 11.66874 ], [ 76.76351, 11.67086 ], [ 76.76659, 11.6755 ], [ 76.77486, 11.67774 ], [ 76.79465, 11.6731 ], [ 76.80098, 11.67501 ], [ 76.80816, 11.67591 ], [ 76.80669, 11.68155 ], [ 76.811, 11.68718 ], [ 76.81655, 11.68866 ], [ 76.82761, 11.69394 ], [ 76.82999, 11.6976 ], [ 76.83578, 11.70133 ], [ 76.8383, 11.70146 ], [ 76.84503, 11.70427 ], [ 76.8462, 11.70698 ], [ 76.85081, 11.71026 ], [ 76.85596, 11.71694 ], [ 76.86098, 11.7174 ], [ 76.86904, 11.71624 ], [ 76.86365, 11.70977 ], [ 76.86217, 11.70618 ], [ 76.86393, 11.70456 ], [ 76.85684, 11.69608 ], [ 76.85336, 11.69025 ], [ 76.85075, 11.68481 ], [ 76.85035, 11.68053 ], [ 76.84637, 11.67178 ], [ 76.84455, 11.67067 ], [ 76.84448, 11.66782 ], [ 76.84233, 11.66433 ], [ 76.84231, 11.65987 ], [ 76.83951, 11.65909 ], [ 76.83881, 11.65555 ], [ 76.83574, 11.65423 ], [ 76.83698, 11.65248 ], [ 76.83509, 11.64905 ], [ 76.83496, 11.64598 ], [ 76.83635, 11.64327 ], [ 76.83822, 11.64188 ], [ 76.83562, 11.63861 ], [ 76.83729, 11.63566 ], [ 76.84505, 11.63126 ], [ 76.84599, 11.62935 ], [ 76.84586, 11.62699 ], [ 76.84776, 11.62328 ], [ 76.85036, 11.62304 ], [ 76.85171, 11.61885 ], [ 76.8513, 11.61477 ], [ 76.85686, 11.61427 ], [ 76.85889, 11.61258 ], [ 76.85696, 11.60746 ], [ 76.85789, 11.60464 ], [ 76.85717, 11.59776 ], [ 76.85381, 11.59513 ], [ 76.84901, 11.5943 ], [ 76.84765, 11.59276 ], [ 76.84546, 11.59445 ], [ 76.84042, 11.59522 ], [ 76.83565, 11.59786 ], [ 76.82908, 11.60213 ], [ 76.82479, 11.60627 ], [ 76.81955, 11.60311 ], [ 76.81018, 11.60691 ], [ 76.80293, 11.60597 ], [ 76.7993, 11.60677 ], [ 76.79567, 11.6079 ], [ 76.79342, 11.61075 ], [ 76.78732, 11.61023 ], [ 76.7758, 11.61083 ], [ 76.77242, 11.61347 ], [ 76.76822, 11.61236 ], [ 76.7635, 11.61342 ], [ 76.76024, 11.61602 ], [ 76.75687, 11.61653 ], [ 76.75422, 11.61493 ], [ 76.75181, 11.61483 ], [ 76.74891, 11.61297 ], [ 76.74243, 11.61299 ], [ 76.73691, 11.61433 ], [ 76.73262, 11.61344 ], [ 76.72622, 11.61463 ], [ 76.7224, 11.61366 ], [ 76.71732, 11.6136 ], [ 76.70689, 11.61379 ], [ 76.70454, 11.61467 ], [ 76.69329, 11.61341 ], [ 76.69095, 11.61406 ], [ 76.68604, 11.61288 ], [ 76.67217, 11.61493 ], [ 76.66938, 11.61429 ], [ 76.66174, 11.61447 ], [ 76.65079, 11.61244 ], [ 76.63749, 11.61304 ], [ 76.63424, 11.612 ], [ 76.63116, 11.61273 ], [ 76.61513, 11.60651 ], [ 76.61337, 11.60875 ], [ 76.61038, 11.60934 ], [ 76.60509, 11.6099 ], [ 76.59875, 11.60936 ], [ 76.59779, 11.61489 ], [ 76.59474, 11.61571 ], [ 76.59315, 11.61741 ], [ 76.5842, 11.6126 ], [ 76.58171, 11.6132 ], [ 76.58022, 11.61454 ], [ 76.57843, 11.61339 ], [ 76.57652, 11.61554 ], [ 76.57642, 11.6179 ], [ 76.56855, 11.6175 ], [ 76.56363, 11.62193 ], [ 76.5614, 11.62171 ], [ 76.56067, 11.62386 ], [ 76.56296, 11.62792 ], [ 76.55727, 11.64204 ], [ 76.55512, 11.64495 ], [ 76.55459, 11.64694 ], [ 76.5562, 11.65129 ], [ 76.5542, 11.65668 ], [ 76.55133, 11.66001 ], [ 76.5505, 11.66396 ], [ 76.55207, 11.66661 ], [ 76.55255, 11.6714 ], [ 76.54009, 11.68818 ], [ 76.53152, 11.69407 ], [ 76.51255, 11.70397 ], [ 76.51068, 11.70298 ], [ 76.50597, 11.69803 ], [ 76.50384, 11.69827 ], [ 76.49768, 11.69365 ], [ 76.48941, 11.69048 ], [ 76.48395, 11.69216 ], [ 76.48337, 11.68519 ], [ 76.47518, 11.68022 ], [ 76.45911, 11.66342 ], [ 76.45007, 11.66465 ], [ 76.44451, 11.6626 ], [ 76.43828, 11.66458 ], [ 76.43627, 11.66378 ], [ 76.43421, 11.66589 ], [ 76.43207, 11.66547 ], [ 76.42897, 11.66914 ], [ 76.42606, 11.67026 ], [ 76.42364, 11.67023 ], [ 76.4218, 11.67156 ], [ 76.42032, 11.66998 ], [ 76.41671, 11.67192 ], [ 76.4139, 11.68499 ], [ 76.41196, 11.68577 ], [ 76.40923, 11.68841 ], [ 76.4109, 11.68962 ], [ 76.41058, 11.69162 ], [ 76.41293, 11.69367 ], [ 76.41227, 11.69653 ], [ 76.41037, 11.69761 ], [ 76.40949, 11.70508 ], [ 76.40728, 11.70488 ], [ 76.40405, 11.70676 ], [ 76.40411, 11.70881 ], [ 76.40782, 11.71267 ], [ 76.41207, 11.71466 ], [ 76.41338, 11.71156 ], [ 76.41589, 11.71098 ], [ 76.41736, 11.71651 ], [ 76.42529, 11.71935 ], [ 76.42734, 11.7239 ], [ 76.42631, 11.72979 ], [ 76.42331, 11.73645 ], [ 76.42007, 11.73899 ], [ 76.41914, 11.74107 ], [ 76.41454, 11.73903 ], [ 76.41116, 11.74082 ], [ 76.41321, 11.7426 ], [ 76.41309, 11.74996 ], [ 76.41427, 11.75285 ], [ 76.41638, 11.75495 ], [ 76.41531, 11.75794 ], [ 76.41192, 11.75815 ], [ 76.40658, 11.75569 ], [ 76.40116, 11.75087 ], [ 76.39875, 11.75029 ], [ 76.3947, 11.75434 ], [ 76.39203, 11.75389 ], [ 76.38714, 11.74783 ], [ 76.38438, 11.74588 ], [ 76.38207, 11.74559 ], [ 76.37773, 11.74323 ], [ 76.36991, 11.74645 ], [ 76.3644, 11.74673 ], [ 76.35817, 11.74246 ], [ 76.35293, 11.73695 ], [ 76.3512, 11.73847 ], [ 76.34054, 11.73772 ], [ 76.33512, 11.74361 ], [ 76.32937, 11.74714 ], [ 76.32124, 11.74886 ], [ 76.31789, 11.75169 ], [ 76.3157, 11.75554 ], [ 76.3152, 11.76106 ], [ 76.31181, 11.76631 ], [ 76.30871, 11.78301 ], [ 76.30673, 11.78459 ], [ 76.30224, 11.7844 ], [ 76.29557, 11.79017 ], [ 76.29061, 11.79215 ], [ 76.2865, 11.79791 ], [ 76.28131, 11.81017 ], [ 76.27821, 11.81093 ], [ 76.26965, 11.80817 ], [ 76.25955, 11.80694 ], [ 76.25, 11.80218 ], [ 76.24738, 11.8017 ], [ 76.24261, 11.80282 ], [ 76.24062, 11.80222 ], [ 76.23714, 11.80271 ], [ 76.22781, 11.80507 ], [ 76.22482, 11.80696 ], [ 76.2193, 11.81319 ], [ 76.21811, 11.82035 ], [ 76.21227, 11.8254 ], [ 76.21091, 11.82779 ], [ 76.21189, 11.83087 ], [ 76.2114, 11.83319 ], [ 76.21379, 11.84046 ], [ 76.21138, 11.84408 ], [ 76.21107, 11.85123 ], [ 76.20943, 11.85608 ], [ 76.20896, 11.86095 ], [ 76.21241, 11.85974 ], [ 76.21066, 11.8639 ], [ 76.21255, 11.8672 ], [ 76.2085, 11.87273 ], [ 76.21552, 11.87478 ], [ 76.21847, 11.87718 ], [ 76.22418, 11.87738 ], [ 76.22325, 11.87978 ], [ 76.2204, 11.88201 ], [ 76.2225, 11.8841 ], [ 76.21818, 11.88463 ], [ 76.21736, 11.88652 ], [ 76.21027, 11.88845 ], [ 76.21124, 11.89209 ], [ 76.21034, 11.89479 ], [ 76.21425, 11.89714 ], [ 76.21476, 11.89959 ], [ 76.21681, 11.90254 ], [ 76.21678, 11.90649 ], [ 76.21193, 11.90964 ], [ 76.20944, 11.91335 ], [ 76.21243, 11.9146 ], [ 76.21456, 11.91445 ], [ 76.21832, 11.91186 ], [ 76.21951, 11.90894 ], [ 76.22153, 11.90858 ], [ 76.22408, 11.90637 ], [ 76.22965, 11.90467 ], [ 76.23396, 11.90454 ], [ 76.23254, 11.90684 ], [ 76.24023, 11.90758 ], [ 76.24294, 11.90698 ], [ 76.25006, 11.90827 ], [ 76.25267, 11.90763 ], [ 76.2549, 11.90552 ], [ 76.25878, 11.90561 ], [ 76.26865, 11.90279 ], [ 76.27044, 11.89978 ], [ 76.28318, 11.90341 ], [ 76.29031, 11.9014 ], [ 76.30309, 11.89976 ], [ 76.31068, 11.90037 ], [ 76.31053, 11.91264 ], [ 76.31361, 11.91395 ], [ 76.32013, 11.92836 ], [ 76.31518, 11.93172 ], [ 76.31554, 11.93411 ], [ 76.31752, 11.9345 ], [ 76.32263, 11.93347 ], [ 76.32539, 11.9222 ], [ 76.337, 11.92216 ], [ 76.35479, 11.91239 ], [ 76.34956, 11.89944 ], [ 76.33869, 11.88465 ], [ 76.34401, 11.87618 ], [ 76.34541, 11.86028 ], [ 76.34708, 11.8579 ], [ 76.35073, 11.85592 ], [ 76.36014, 11.85507 ], [ 76.35944, 11.85086 ], [ 76.36731, 11.85271 ], [ 76.37205, 11.85473 ], [ 76.38087, 11.85514 ], [ 76.3873, 11.85927 ], [ 76.39176, 11.86611 ], [ 76.39229, 11.87022 ], [ 76.39055, 11.88815 ], [ 76.40222, 11.90001 ], [ 76.40334, 11.90601 ], [ 76.38981, 11.90491 ], [ 76.38094, 11.91792 ], [ 76.40285, 11.91873 ], [ 76.40863, 11.92577 ], [ 76.41264, 11.92685 ], [ 76.42209, 11.93922 ], [ 76.42181, 11.94926 ], [ 76.42619, 11.9458 ], [ 76.43813, 11.94863 ] ], [ [ 76.32353, 11.9118 ], [ 76.32073, 11.91082 ], [ 76.31946, 11.90883 ], [ 76.32072, 11.90652 ], [ 76.32403, 11.90472 ], [ 76.32696, 11.90834 ], [ 76.32353, 11.9118 ] ], [ [ 76.3343, 11.91449 ], [ 76.33099, 11.9162 ], [ 76.32881, 11.9123 ], [ 76.33202, 11.91079 ], [ 76.3343, 11.91449 ] ] ] } },
{ "type": "Feature", "properties": { "newname": null }, "geometry": { "type": "Polygon", "coordinates": [ [ [ 76.7396, 11.61178 ], [ 76.74391, 11.61265 ], [ 76.7475, 11.61142 ], [ 76.75599, 11.6115 ], [ 76.75575, 11.60455 ], [ 76.75218, 11.59941 ], [ 76.74977, 11.59956 ], [ 76.74676, 11.60167 ], [ 76.74189, 11.60057 ], [ 76.73935, 11.60204 ], [ 76.73733, 11.60144 ], [ 76.73312, 11.59722 ], [ 76.72922, 11.5961 ], [ 76.7277, 11.59718 ], [ 76.72727, 11.60061 ], [ 76.724, 11.60109 ], [ 76.72112, 11.59777 ], [ 76.72314, 11.5948 ], [ 76.72268, 11.58917 ], [ 76.71575, 11.58836 ], [ 76.71647, 11.58311 ], [ 76.71433, 11.57978 ], [ 76.71092, 11.5805 ], [ 76.70893, 11.57665 ], [ 76.70958, 11.57347 ], [ 76.71287, 11.57243 ], [ 76.71377, 11.57136 ], [ 76.71338, 11.57053 ], [ 76.71057, 11.57178 ], [ 76.70496, 11.56891 ], [ 76.70437, 11.57189 ], [ 76.70292, 11.573 ], [ 76.69835, 11.57139 ], [ 76.69382, 11.57235 ], [ 76.68551, 11.56228 ], [ 76.69008, 11.55252 ], [ 76.68607, 11.55149 ], [ 76.6833, 11.55239 ], [ 76.67352, 11.55017 ], [ 76.66942, 11.54541 ], [ 76.66833, 11.53775 ], [ 76.66615, 11.53788 ], [ 76.66532, 11.53935 ], [ 76.66237, 11.54124 ], [ 76.6582, 11.5422 ], [ 76.65393, 11.5446 ], [ 76.64733, 11.54543 ], [ 76.64082, 11.54489 ], [ 76.64832, 11.55457 ], [ 76.64893, 11.55986 ], [ 76.64988, 11.56091 ], [ 76.65099, 11.56088 ], [ 76.65334, 11.56359 ], [ 76.65772, 11.56563 ], [ 76.65785, 11.56783 ], [ 76.6605, 11.56972 ], [ 76.66092, 11.57118 ], [ 76.66102, 11.57221 ], [ 76.65858, 11.57196 ], [ 76.65545, 11.57371 ], [ 76.65534, 11.57212 ], [ 76.64777, 11.57328 ], [ 76.64658, 11.57408 ], [ 76.64458, 11.57388 ], [ 76.64445, 11.57574 ], [ 76.64167, 11.57194 ], [ 76.63962, 11.57164 ], [ 76.63943, 11.57035 ], [ 76.6384, 11.56995 ], [ 76.63608, 11.56621 ], [ 76.62928, 11.56502 ], [ 76.62403, 11.56224 ], [ 76.62109, 11.55966 ], [ 76.61716, 11.5594 ], [ 76.61418, 11.56049 ], [ 76.60832, 11.55624 ], [ 76.60057, 11.54834 ], [ 76.60099, 11.54421 ], [ 76.59935, 11.5404 ], [ 76.59361, 11.54125 ], [ 76.59122, 11.54009 ], [ 76.58449, 11.53947 ], [ 76.58346, 11.53877 ], [ 76.58191, 11.53947 ], [ 76.57687, 11.53926 ], [ 76.57561, 11.53815 ], [ 76.57373, 11.53795 ], [ 76.56981, 11.53881 ], [ 76.56565, 11.53681 ], [ 76.56094, 11.53943 ], [ 76.56012, 11.53744 ], [ 76.56165, 11.53491 ], [ 76.5604, 11.53469 ], [ 76.55471, 11.53688 ], [ 76.55415, 11.53555 ], [ 76.55466, 11.5331 ], [ 76.55124, 11.5301 ], [ 76.54913, 11.53201 ], [ 76.54632, 11.53159 ], [ 76.54549, 11.53015 ], [ 76.54314, 11.53213 ], [ 76.54074, 11.53207 ], [ 76.53951, 11.53371 ], [ 76.53744, 11.5346 ], [ 76.53537, 11.53183 ], [ 76.53048, 11.52946 ], [ 76.52975, 11.52927 ], [ 76.52894, 11.53173 ], [ 76.52683, 11.52904 ], [ 76.5242, 11.52912 ], [ 76.52431, 11.52744 ], [ 76.52307, 11.52678 ], [ 76.52022, 11.52797 ], [ 76.51897, 11.53137 ], [ 76.51764, 11.53267 ], [ 76.51704, 11.53059 ], [ 76.51553, 11.53046 ], [ 76.5153, 11.52866 ], [ 76.51383, 11.52685 ], [ 76.51079, 11.5274 ], [ 76.50975, 11.53038 ], [ 76.50527, 11.53161 ], [ 76.50664, 11.53559 ], [ 76.50607, 11.54038 ], [ 76.50497, 11.54252 ], [ 76.50525, 11.5482 ], [ 76.50357, 11.54887 ], [ 76.49956, 11.54799 ], [ 76.49895, 11.5487 ], [ 76.49863, 11.55341 ], [ 76.49756, 11.55453 ], [ 76.49814, 11.55914 ], [ 76.50106, 11.55947 ], [ 76.50554, 11.56251 ], [ 76.50931, 11.562 ], [ 76.51328, 11.56506 ], [ 76.50826, 11.56908 ], [ 76.5019, 11.58123 ], [ 76.50171, 11.5939 ], [ 76.50858, 11.60297 ], [ 76.51438, 11.60235 ], [ 76.52153, 11.59823 ], [ 76.52688, 11.59943 ], [ 76.53147, 11.5988 ], [ 76.53329, 11.59992 ], [ 76.53626, 11.60395 ], [ 76.53951, 11.60539 ], [ 76.5428, 11.60865 ], [ 76.54874, 11.60989 ], [ 76.55142, 11.61139 ], [ 76.5569, 11.60801 ], [ 76.56297, 11.60799 ], [ 76.56565, 11.60916 ], [ 76.57076, 11.60534 ], [ 76.57883, 11.60414 ], [ 76.58414, 11.60426 ], [ 76.58324, 11.60259 ], [ 76.58474, 11.59698 ], [ 76.58464, 11.58975 ], [ 76.58216, 11.5847 ], [ 76.58335, 11.5821 ], [ 76.58336, 11.57469 ], [ 76.5863, 11.57424 ], [ 76.58806, 11.57496 ], [ 76.58784, 11.5768 ], [ 76.58957, 11.57931 ], [ 76.59172, 11.57964 ], [ 76.5938, 11.57846 ], [ 76.59475, 11.57872 ], [ 76.59686, 11.57963 ], [ 76.6004, 11.58284 ], [ 76.60386, 11.58397 ], [ 76.60737, 11.59163 ], [ 76.61062, 11.59212 ], [ 76.61259, 11.59366 ], [ 76.61639, 11.59382 ], [ 76.61675, 11.59465 ], [ 76.61554, 11.59681 ], [ 76.6157, 11.60082 ], [ 76.61789, 11.60067 ], [ 76.6192, 11.60156 ], [ 76.61914, 11.60471 ], [ 76.63208, 11.6102 ], [ 76.63598, 11.60957 ], [ 76.63948, 11.61051 ], [ 76.64483, 11.60977 ], [ 76.65239, 11.61019 ], [ 76.66621, 11.61231 ], [ 76.67351, 11.61204 ], [ 76.67529, 11.61278 ], [ 76.68872, 11.6107 ], [ 76.69408, 11.61223 ], [ 76.69693, 11.61166 ], [ 76.70717, 11.61285 ], [ 76.71119, 11.61195 ], [ 76.72419, 11.61162 ], [ 76.72882, 11.61192 ], [ 76.73115, 11.61296 ], [ 76.7396, 11.61178 ] ] ] } },
{ "type": "Feature", "properties": { "newname": null }, "geometry": { "type": "Polygon", "coordinates": [ [ [ 76.55, 11.50815 ], [ 76.55059, 11.5096 ], [ 76.55062, 11.50856 ], [ 76.55, 11.50815 ] ] ] } },
{ "type": "Feature", "properties": { "newname": null }, "geometry": { "type": "Polygon", "coordinates": [ [ [ 76.86907, 11.69843 ], [ 76.86566, 11.67167 ], [ 76.86955, 11.63809 ], [ 76.87685, 11.6342 ], [ 76.89729, 11.64004 ], [ 76.91237, 11.64831 ], [ 76.91967, 11.6561 ], [ 76.92453, 11.65464 ], [ 76.92891, 11.64977 ], [ 76.94302, 11.64831 ], [ 76.94984, 11.64053 ], [ 76.95568, 11.63955 ], [ 76.95908, 11.64442 ], [ 76.96687, 11.64442 ], [ 76.97903, 11.64247 ], [ 76.98438, 11.63663 ], [ 76.99022, 11.63323 ], [ 76.98487, 11.62301 ], [ 76.98049, 11.60306 ], [ 76.99314, 11.60501 ], [ 76.99217, 11.60063 ], [ 76.9873, 11.59187 ], [ 76.98974, 11.58311 ], [ 76.99606, 11.57922 ], [ 77.04618, 11.57192 ], [ 77.12549, 11.56657 ], [ 77.13035, 11.56851 ], [ 77.1289, 11.58554 ], [ 77.12354, 11.58944 ], [ 77.12208, 11.59625 ], [ 77.12646, 11.59868 ], [ 77.12354, 11.61231 ], [ 77.12646, 11.62204 ], [ 77.13084, 11.62252 ], [ 77.13717, 11.63128 ], [ 77.14203, 11.63128 ], [ 77.14203, 11.62593 ], [ 77.14836, 11.62398 ], [ 77.15176, 11.62155 ], [ 77.15809, 11.62155 ], [ 77.1615, 11.62447 ], [ 77.17025, 11.62447 ], [ 77.17707, 11.62106 ], [ 77.18339, 11.62204 ], [ 77.18728, 11.62544 ], [ 77.19118, 11.63274 ], [ 77.19653, 11.64004 ], [ 77.19993, 11.64004 ], [ 77.2194, 11.63323 ], [ 77.22572, 11.63177 ], [ 77.23108, 11.62544 ], [ 77.23497, 11.63226 ], [ 77.23935, 11.63371 ], [ 77.24519, 11.62496 ], [ 77.27243, 11.61085 ], [ 77.28217, 11.59722 ], [ 77.28314, 11.58506 ], [ 77.30017, 11.58506 ], [ 77.30211, 11.58749 ], [ 77.30601, 11.59965 ], [ 77.31477, 11.60695 ], [ 77.33763, 11.61912 ], [ 77.3425, 11.62593 ], [ 77.34153, 11.63663 ], [ 77.34299, 11.64296 ], [ 77.34688, 11.64831 ], [ 77.36002, 11.64588 ], [ 77.40089, 11.64101 ], [ 77.43738, 11.6342 ], [ 77.44176, 11.62982 ], [ 77.44857, 11.61182 ], [ 77.45976, 11.60355 ], [ 77.45198, 11.59284 ], [ 77.45295, 11.57873 ], [ 77.44565, 11.5583 ], [ 77.433, 11.5471 ], [ 77.43106, 11.53737 ], [ 77.42132, 11.53251 ], [ 77.39602, 11.52424 ], [ 77.36829, 11.52716 ], [ 77.36732, 11.53397 ], [ 77.36829, 11.54613 ], [ 77.37364, 11.56219 ], [ 77.37121, 11.56365 ], [ 77.36391, 11.56316 ], [ 77.3498, 11.53737 ], [ 77.34639, 11.5291 ], [ 77.34104, 11.52083 ], [ 77.32742, 11.52229 ], [ 77.31574, 11.52764 ], [ 77.30795, 11.53591 ], [ 77.31331, 11.54516 ], [ 77.31428, 11.55684 ], [ 77.31282, 11.56268 ], [ 77.30698, 11.56949 ], [ 77.28995, 11.55927 ], [ 77.28946, 11.55246 ], [ 77.28703, 11.54516 ], [ 77.28022, 11.53883 ], [ 77.26659, 11.53835 ], [ 77.26611, 11.54467 ], [ 77.26319, 11.55246 ], [ 77.26027, 11.55294 ], [ 77.24956, 11.54954 ], [ 77.23351, 11.55051 ], [ 77.21988, 11.55392 ], [ 77.21745, 11.55781 ], [ 77.21745, 11.56219 ], [ 77.21405, 11.56365 ], [ 77.21161, 11.58068 ], [ 77.20918, 11.58311 ], [ 77.20091, 11.58603 ], [ 77.19507, 11.57873 ], [ 77.19166, 11.57922 ], [ 77.17561, 11.55927 ], [ 77.16587, 11.54078 ], [ 77.15468, 11.54419 ], [ 77.15079, 11.54078 ], [ 77.13668, 11.54029 ], [ 77.13376, 11.5364 ], [ 77.11673, 11.53689 ], [ 77.11381, 11.53348 ], [ 77.107, 11.53299 ], [ 77.10457, 11.53007 ], [ 77.107, 11.52424 ], [ 77.107, 11.51986 ], [ 77.10895, 11.51353 ], [ 77.10749, 11.50575 ], [ 77.11186, 11.50234 ], [ 77.12014, 11.50234 ], [ 77.13522, 11.50575 ], [ 77.13814, 11.50283 ], [ 77.13765, 11.4965 ], [ 77.13425, 11.4931 ], [ 77.12403, 11.4931 ], [ 77.11916, 11.49553 ], [ 77.11673, 11.49212 ], [ 77.1143, 11.48482 ], [ 77.10895, 11.48531 ], [ 77.10797, 11.48872 ], [ 77.10554, 11.49164 ], [ 77.09629, 11.49164 ], [ 77.09581, 11.48872 ], [ 77.08705, 11.48969 ], [ 77.06661, 11.49991 ], [ 77.05883, 11.49601 ], [ 77.06078, 11.49018 ], [ 77.06078, 11.48093 ], [ 77.05737, 11.48385 ], [ 77.05348, 11.4892 ], [ 77.04958, 11.49212 ], [ 77.0452, 11.49115 ], [ 77.04326, 11.49358 ], [ 77.04715, 11.50088 ], [ 77.04569, 11.50088 ], [ 77.03985, 11.50429 ], [ 77.03547, 11.50526 ], [ 77.03304, 11.50867 ], [ 77.02866, 11.50915 ], [ 77.0238, 11.50769 ], [ 77.02185, 11.50964 ], [ 77.02331, 11.5145 ], [ 77.02234, 11.52034 ], [ 77.01747, 11.51596 ], [ 77.01017, 11.52229 ], [ 77.00482, 11.52034 ], [ 77.00287, 11.52326 ], [ 77.00531, 11.52764 ], [ 77.00093, 11.53543 ], [ 77.00336, 11.54224 ], [ 76.99995, 11.54321 ], [ 76.99363, 11.54321 ], [ 76.99022, 11.54224 ], [ 76.98584, 11.54856 ], [ 76.97854, 11.55246 ], [ 76.97368, 11.55002 ], [ 76.96979, 11.55197 ], [ 76.97027, 11.55538 ], [ 76.96833, 11.56316 ], [ 76.96638, 11.56219 ], [ 76.96151, 11.56268 ], [ 76.95519, 11.56949 ], [ 76.95373, 11.56754 ], [ 76.95032, 11.56657 ], [ 76.9474, 11.57095 ], [ 76.93913, 11.57046 ], [ 76.93621, 11.57581 ], [ 76.93232, 11.5763 ], [ 76.92599, 11.57289 ], [ 76.92064, 11.57338 ], [ 76.9148, 11.5763 ], [ 76.9114, 11.56122 ], [ 76.90459, 11.57581 ], [ 76.90069, 11.57776 ], [ 76.88804, 11.57095 ], [ 76.87928, 11.56949 ], [ 76.87247, 11.57241 ], [ 76.86761, 11.57825 ], [ 76.86225, 11.5763 ], [ 76.84863, 11.57387 ], [ 76.84328, 11.5763 ], [ 76.84036, 11.58214 ], [ 76.84133, 11.59382 ], [ 76.84766, 11.59528 ], [ 76.85204, 11.59965 ], [ 76.85106, 11.60306 ], [ 76.85106, 11.61279 ], [ 76.84474, 11.61328 ], [ 76.8423, 11.62204 ], [ 76.83744, 11.62447 ], [ 76.83938, 11.62788 ], [ 76.83647, 11.63128 ], [ 76.8316, 11.63274 ], [ 76.82917, 11.63615 ], [ 76.82917, 11.64053 ], [ 76.82722, 11.64685 ], [ 76.82868, 11.64929 ], [ 76.82868, 11.65269 ], [ 76.83306, 11.65756 ], [ 76.83647, 11.65999 ], [ 76.83501, 11.66534 ], [ 76.8423, 11.67751 ], [ 76.84474, 11.68626 ], [ 76.85009, 11.696 ], [ 76.85641, 11.70329 ], [ 76.85447, 11.70767 ], [ 76.85885, 11.714 ], [ 76.87101, 11.72422 ], [ 76.86907, 11.69843 ] ] ] } },
{ "type": "Feature", "properties": { "newname": null }, "geometry": { "type": "Polygon", "coordinates": [ [ [ 77.06585, 11.78938 ], [ 77.06887, 11.7915 ], [ 77.06806, 11.78805 ], [ 77.06585, 11.78938 ] ] ] } },
{ "type": "Feature", "properties": { "newname": null }, "geometry": { "type": "Polygon", "coordinates": [ [ [ 77.06595, 11.83119 ], [ 77.06564, 11.8286 ], [ 77.06347, 11.82857 ], [ 77.0623, 11.82531 ], [ 77.05464, 11.81871 ], [ 77.05565, 11.82857 ], [ 77.06015, 11.83963 ], [ 77.06453, 11.83502 ], [ 77.06595, 11.83119 ] ] ] } },
{ "type": "Feature", "properties": { "newname": null }, "geometry": { "type": "Polygon", "coordinates": [ [ [ 77.16761, 11.8435 ], [ 77.16637, 11.83798 ], [ 77.16675, 11.83571 ], [ 77.16957, 11.83485 ], [ 77.17241, 11.83662 ], [ 77.17344, 11.84128 ], [ 77.17641, 11.8482 ], [ 77.17685, 11.84331 ], [ 77.17901, 11.84225 ], [ 77.17628, 11.84003 ], [ 77.17542, 11.83607 ], [ 77.17296, 11.83193 ], [ 77.17358, 11.82812 ], [ 77.17164, 11.82605 ], [ 77.16585, 11.83094 ], [ 77.16149, 11.83807 ], [ 77.15916, 11.83945 ], [ 77.15876, 11.84144 ], [ 77.16061, 11.84804 ], [ 77.16643, 11.84844 ], [ 77.16761, 11.8435 ] ] ] } },
{ "type": "Feature", "properties": { "newname": null }, "geometry": { "type": "Polygon", "coordinates": [ [ [ 77.22852, 11.83526 ], [ 77.22536, 11.83582 ], [ 77.2272, 11.83862 ], [ 77.23301, 11.83562 ], [ 77.22852, 11.83526 ] ] ] } },
{ "type": "Feature", "properties": { "newname": null }, "geometry": { "type": "Polygon", "coordinates": [ [ [ 76.53045, 11.52734 ], [ 76.5305, 11.52248 ], [ 76.5336, 11.51885 ], [ 76.53508, 11.51437 ], [ 76.53836, 11.51154 ], [ 76.5413, 11.50723 ], [ 76.54608, 11.50624 ], [ 76.52727, 11.49793 ], [ 76.52237, 11.48794 ], [ 76.52151, 11.47601 ], [ 76.5231, 11.46888 ], [ 76.5223, 11.46134 ], [ 76.51404, 11.43103 ], [ 76.51012, 11.41955 ], [ 76.50766, 11.41588 ], [ 76.50113, 11.41018 ], [ 76.49465, 11.40768 ], [ 76.4905, 11.40708 ], [ 76.49253, 11.3981 ], [ 76.49136, 11.39208 ], [ 76.4869, 11.38665 ], [ 76.48512, 11.38558 ], [ 76.47997, 11.38492 ], [ 76.47655, 11.38168 ], [ 76.48116, 11.38053 ], [ 76.47914, 11.37716 ], [ 76.47444, 11.3724 ], [ 76.46807, 11.36069 ], [ 76.46734, 11.35795 ], [ 76.47328, 11.34948 ], [ 76.48853, 11.35056 ], [ 76.52216, 11.35014 ], [ 76.52806, 11.3482 ], [ 76.53257, 11.34384 ], [ 76.54866, 11.34749 ], [ 76.54927, 11.33926 ], [ 76.55078, 11.33476 ], [ 76.55067, 11.33003 ], [ 76.5415, 11.31815 ], [ 76.52836, 11.31527 ], [ 76.52479, 11.31536 ], [ 76.52056, 11.31675 ], [ 76.51701, 11.31941 ], [ 76.51398, 11.32326 ], [ 76.4888, 11.32354 ], [ 76.47524, 11.32254 ], [ 76.47891, 11.31811 ], [ 76.4804, 11.31491 ], [ 76.48101, 11.31143 ], [ 76.48045, 11.30707 ], [ 76.46352, 11.27936 ], [ 76.45861, 11.27559 ], [ 76.42299, 11.26008 ], [ 76.40428, 11.2413 ], [ 76.40017, 11.22625 ], [ 76.39769, 11.22159 ], [ 76.39279, 11.21782 ], [ 76.38485, 11.21571 ], [ 76.40391, 11.20149 ], [ 76.40874, 11.19916 ], [ 76.40801, 11.19611 ], [ 76.40649, 11.19417 ], [ 76.4082, 11.19083 ], [ 76.40767, 11.19001 ], [ 76.40239, 11.18804 ], [ 76.40158, 11.18618 ], [ 76.40285, 11.18436 ], [ 76.41059, 11.18172 ], [ 76.41082, 11.17985 ], [ 76.40944, 11.17724 ], [ 76.41265, 11.17207 ], [ 76.40823, 11.17116 ], [ 76.40296, 11.17198 ], [ 76.38884, 11.17891 ], [ 76.35782, 11.20247 ], [ 76.35503, 11.20795 ], [ 76.35231, 11.22281 ], [ 76.35294, 11.22985 ], [ 76.35572, 11.23434 ], [ 76.35924, 11.23705 ], [ 76.37598, 11.24139 ], [ 76.37889, 11.25206 ], [ 76.38083, 11.25602 ], [ 76.40633, 11.28177 ], [ 76.44332, 11.29845 ], [ 76.45027, 11.30976 ], [ 76.44138, 11.32076 ], [ 76.43459, 11.33888 ], [ 76.43485, 11.34327 ], [ 76.43906, 11.35377 ], [ 76.43925, 11.35868 ], [ 76.44239, 11.37033 ], [ 76.45095, 11.38694 ], [ 76.45507, 11.39149 ], [ 76.45519, 11.39516 ], [ 76.45659, 11.39934 ], [ 76.46256, 11.40574 ], [ 76.46172, 11.4102 ], [ 76.46204, 11.41371 ], [ 76.46695, 11.42361 ], [ 76.47009, 11.42675 ], [ 76.47769, 11.43177 ], [ 76.48283, 11.43422 ], [ 76.48655, 11.43506 ], [ 76.49544, 11.46757 ], [ 76.49398, 11.47505 ], [ 76.49555, 11.49465 ], [ 76.50288, 11.50962 ], [ 76.5077, 11.51476 ], [ 76.51914, 11.51979 ], [ 76.53162, 11.52912 ], [ 76.53045, 11.52734 ] ] ] } },
{ "type": "Feature", "properties": { "newname": null }, "geometry": { "type": "Polygon", "coordinates": [ [ [ 76.55138, 11.37145 ], [ 76.55734, 11.29492 ], [ 76.55819, 11.28921 ], [ 76.56364, 11.28755 ], [ 76.56297, 11.28544 ], [ 76.56354, 11.28248 ], [ 76.56011, 11.27807 ], [ 76.55683, 11.27662 ], [ 76.55626, 11.27521 ], [ 76.55512, 11.27497 ], [ 76.55456, 11.27699 ], [ 76.55379, 11.27707 ], [ 76.54604, 11.27308 ], [ 76.54459, 11.27123 ], [ 76.54506, 11.268 ], [ 76.54354, 11.26744 ], [ 76.54019, 11.26377 ], [ 76.54173, 11.26288 ], [ 76.54048, 11.2607 ], [ 76.54165, 11.2604 ], [ 76.54182, 11.25957 ], [ 76.53754, 11.25887 ], [ 76.5374, 11.26137 ], [ 76.53633, 11.26119 ], [ 76.53478, 11.26547 ], [ 76.53364, 11.26566 ], [ 76.53416, 11.26275 ], [ 76.5352, 11.26196 ], [ 76.53446, 11.25945 ], [ 76.52978, 11.25937 ], [ 76.52883, 11.26097 ], [ 76.52751, 11.26097 ], [ 76.52712, 11.25865 ], [ 76.5279, 11.25724 ], [ 76.54228, 11.25654 ], [ 76.54321, 11.25467 ], [ 76.54446, 11.25544 ], [ 76.54757, 11.25488 ], [ 76.54679, 11.25294 ], [ 76.54916, 11.25305 ], [ 76.54939, 11.25381 ], [ 76.5502, 11.25247 ], [ 76.5468, 11.24907 ], [ 76.54488, 11.25118 ], [ 76.54465, 11.25265 ], [ 76.54265, 11.25049 ], [ 76.54137, 11.25108 ], [ 76.54192, 11.25286 ], [ 76.53755, 11.2529 ], [ 76.5416, 11.24952 ], [ 76.54045, 11.24615 ], [ 76.53755, 11.24286 ], [ 76.5361, 11.24272 ], [ 76.53707, 11.24174 ], [ 76.53634, 11.2406 ], [ 76.53437, 11.24132 ], [ 76.53226, 11.23996 ], [ 76.53179, 11.24123 ], [ 76.52922, 11.24181 ], [ 76.52973, 11.23722 ], [ 76.52835, 11.2371 ], [ 76.52735, 11.23193 ], [ 76.52432, 11.23554 ], [ 76.52559, 11.23045 ], [ 76.52426, 11.22862 ], [ 76.52162, 11.22965 ], [ 76.51981, 11.22636 ], [ 76.52078, 11.2251 ], [ 76.52127, 11.22154 ], [ 76.51555, 11.21915 ], [ 76.5154, 11.21747 ], [ 76.5142, 11.2185 ], [ 76.51248, 11.21571 ], [ 76.50794, 11.21403 ], [ 76.504, 11.21056 ], [ 76.48287, 11.20917 ], [ 76.47303, 11.20714 ], [ 76.47423, 11.19333 ], [ 76.46692, 11.19215 ], [ 76.46022, 11.18724 ], [ 76.46316, 11.18563 ], [ 76.46406, 11.1836 ], [ 76.46379, 11.16973 ], [ 76.47367, 11.17019 ], [ 76.47613, 11.1683 ], [ 76.47788, 11.16391 ], [ 76.47408, 11.16223 ], [ 76.47151, 11.15952 ], [ 76.47127, 11.15793 ], [ 76.47259, 11.15545 ], [ 76.47006, 11.15097 ], [ 76.46707, 11.14787 ], [ 76.46839, 11.14539 ], [ 76.46667, 11.14126 ], [ 76.46752, 11.13775 ], [ 76.46851, 11.13626 ], [ 76.46945, 11.13616 ], [ 76.4858, 11.13924 ], [ 76.4866, 11.13793 ], [ 76.48617, 11.13588 ], [ 76.48208, 11.13154 ], [ 76.4803, 11.12394 ], [ 76.47883, 11.12203 ], [ 76.47986, 11.1189 ], [ 76.47923, 11.11582 ], [ 76.48168, 11.10708 ], [ 76.4794, 11.10362 ], [ 76.47944, 11.10079 ], [ 76.47811, 11.1001 ], [ 76.47492, 11.10113 ], [ 76.47274, 11.10071 ], [ 76.46719, 11.1016 ], [ 76.46376, 11.09992 ], [ 76.4602, 11.09551 ], [ 76.45904, 11.09553 ], [ 76.44611, 11.09637 ], [ 76.43863, 11.09782 ], [ 76.42106, 11.10388 ], [ 76.40651, 11.11186 ], [ 76.40779, 11.11244 ], [ 76.40904, 11.11917 ], [ 76.40811, 11.1229 ], [ 76.4045, 11.12561 ], [ 76.40503, 11.12862 ], [ 76.41198, 11.13324 ], [ 76.41509, 11.14062 ], [ 76.41221, 11.14638 ], [ 76.41022, 11.14858 ], [ 76.40566, 11.15143 ], [ 76.40677, 11.15577 ], [ 76.41158, 11.15948 ], [ 76.41164, 11.16396 ], [ 76.41374, 11.16741 ], [ 76.41332, 11.17087 ], [ 76.40944, 11.17724 ], [ 76.41082, 11.17985 ], [ 76.41059, 11.18172 ], [ 76.40286, 11.18436 ], [ 76.40158, 11.18618 ], [ 76.40239, 11.18805 ], [ 76.40767, 11.19001 ], [ 76.40862, 11.19183 ], [ 76.40861, 11.20254 ], [ 76.40666, 11.20399 ], [ 76.40544, 11.20632 ], [ 76.40634, 11.20744 ], [ 76.40924, 11.20726 ], [ 76.41475, 11.20964 ], [ 76.42286, 11.20815 ], [ 76.4231, 11.20694 ], [ 76.4259, 11.20502 ], [ 76.42851, 11.20666 ], [ 76.42983, 11.20656 ], [ 76.4315, 11.20447 ], [ 76.43719, 11.20381 ], [ 76.44051, 11.2018 ], [ 76.44935, 11.20409 ], [ 76.45006, 11.20484 ], [ 76.45418, 11.23786 ], [ 76.46572, 11.24257 ], [ 76.48731, 11.25594 ], [ 76.50569, 11.26433 ], [ 76.52336, 11.27062 ], [ 76.52777, 11.28689 ], [ 76.54682, 11.29899 ], [ 76.54047, 11.30324 ], [ 76.53826, 11.31323 ], [ 76.54307, 11.32076 ], [ 76.55068, 11.33003 ], [ 76.55078, 11.33476 ], [ 76.54862, 11.34444 ], [ 76.54898, 11.35724 ], [ 76.51092, 11.35369 ], [ 76.51596, 11.35806 ], [ 76.51882, 11.36788 ], [ 76.51864, 11.36971 ], [ 76.51196, 11.37225 ], [ 76.47655, 11.38168 ], [ 76.47997, 11.38492 ], [ 76.49363, 11.38631 ], [ 76.52826, 11.38834 ], [ 76.55138, 11.37145 ] ] ] } },
{ "type": "Feature", "properties": { "newname": null }, "geometry": { "type": "Polygon", "coordinates": [ [ [ 76.42836, 11.21716 ], [ 76.43301, 11.21217 ], [ 76.43554, 11.2113 ], [ 76.43903, 11.21192 ], [ 76.44284, 11.21134 ], [ 76.44364, 11.20767 ], [ 76.44514, 11.20683 ], [ 76.45651, 11.20538 ], [ 76.45751, 11.20438 ], [ 76.4603, 11.19887 ], [ 76.46621, 11.19464 ], [ 76.46583, 11.18701 ], [ 76.46684, 11.18451 ], [ 76.46978, 11.18257 ], [ 76.47568, 11.1806 ], [ 76.4792, 11.17777 ], [ 76.47857, 11.17431 ], [ 76.47662, 11.17169 ], [ 76.47613, 11.16788 ], [ 76.47121, 11.16397 ], [ 76.47045, 11.16221 ], [ 76.46886, 11.15195 ], [ 76.46928, 11.14974 ], [ 76.47045, 11.14797 ], [ 76.47325, 11.1475 ], [ 76.48422, 11.149 ], [ 76.48718, 11.14912 ], [ 76.48851, 11.14837 ], [ 76.48833, 11.14587 ], [ 76.48217, 11.13772 ], [ 76.48229, 11.13493 ], [ 76.48064, 11.13245 ], [ 76.48048, 11.13128 ], [ 76.48357, 11.12948 ], [ 76.48313, 11.11627 ], [ 76.48015, 11.11439 ], [ 76.47614, 11.11376 ], [ 76.46543, 11.10859 ], [ 76.46363, 11.10655 ], [ 76.4612, 11.10085 ], [ 76.45235, 11.09007 ], [ 76.44567, 11.08719 ], [ 76.44011, 11.08578 ], [ 76.4371, 11.08831 ], [ 76.43474, 11.0887 ], [ 76.4325, 11.08674 ], [ 76.42953, 11.07957 ], [ 76.42693, 11.07857 ], [ 76.42103, 11.07996 ], [ 76.42023, 11.08158 ], [ 76.421, 11.08443 ], [ 76.42287, 11.08581 ], [ 76.42901, 11.08604 ], [ 76.42968, 11.08662 ], [ 76.42963, 11.08897 ], [ 76.43083, 11.09028 ], [ 76.42667, 11.09568 ], [ 76.42605, 11.10334 ], [ 76.42678, 11.10869 ], [ 76.42354, 11.11034 ], [ 76.41999, 11.11045 ], [ 76.41553, 11.10925 ], [ 76.41199, 11.11009 ], [ 76.40014, 11.10126 ], [ 76.39575, 11.09925 ], [ 76.39266, 11.10089 ], [ 76.39202, 11.10736 ], [ 76.38928, 11.11783 ], [ 76.39062, 11.11996 ], [ 76.39251, 11.12059 ], [ 76.40485, 11.12196 ], [ 76.40749, 11.12296 ], [ 76.4109, 11.12461 ], [ 76.4129, 11.12739 ], [ 76.41446, 11.13222 ], [ 76.4145, 11.13642 ], [ 76.4181, 11.14475 ], [ 76.4188, 11.14847 ], [ 76.41735, 11.15362 ], [ 76.41383, 11.1594 ], [ 76.41634, 11.16572 ], [ 76.41641, 11.17188 ], [ 76.41861, 11.17587 ], [ 76.41779, 11.17868 ], [ 76.41073, 11.18638 ], [ 76.40649, 11.19417 ], [ 76.40925, 11.19797 ], [ 76.41034, 11.20243 ], [ 76.40992, 11.2072 ], [ 76.40791, 11.21429 ], [ 76.4081, 11.21494 ], [ 76.41716, 11.21681 ], [ 76.42836, 11.21716 ] ] ] } },
{ "type": "Feature", "properties": { "newname": null }, "geometry": { "type": "Polygon", "coordinates": [ [ [ 76.48056, 10.7312 ], [ 76.48193, 10.73023 ], [ 76.4844, 10.73103 ], [ 76.49163, 10.72937 ], [ 76.4928, 10.72693 ], [ 76.49197, 10.7257 ], [ 76.48943, 10.7252 ], [ 76.48506, 10.7276 ], [ 76.48016, 10.7266 ], [ 76.48023, 10.72587 ], [ 76.4835, 10.72496 ], [ 76.48343, 10.72373 ], [ 76.4821, 10.72276 ], [ 76.48253, 10.72136 ], [ 76.47886, 10.7197 ], [ 76.47749, 10.72236 ], [ 76.47636, 10.71843 ], [ 76.47519, 10.71769 ], [ 76.47489, 10.71916 ], [ 76.47236, 10.7202 ], [ 76.47556, 10.7229 ], [ 76.47466, 10.72353 ], [ 76.47529, 10.7249 ], [ 76.47419, 10.72443 ], [ 76.47389, 10.7233 ], [ 76.47232, 10.72476 ], [ 76.47309, 10.7224 ], [ 76.47066, 10.72156 ], [ 76.46956, 10.72226 ], [ 76.47099, 10.71823 ], [ 76.47032, 10.71586 ], [ 76.47326, 10.71466 ], [ 76.47309, 10.71343 ], [ 76.47419, 10.71289 ], [ 76.47346, 10.71089 ], [ 76.47279, 10.71133 ], [ 76.47182, 10.71036 ], [ 76.46932, 10.71156 ], [ 76.46786, 10.71529 ], [ 76.46585, 10.71246 ], [ 76.46495, 10.71339 ], [ 76.46212, 10.71356 ], [ 76.46272, 10.71649 ], [ 76.45939, 10.71509 ], [ 76.45842, 10.71566 ], [ 76.45878, 10.71723 ], [ 76.45788, 10.71833 ], [ 76.46155, 10.71953 ], [ 76.46292, 10.72413 ], [ 76.46452, 10.7246 ], [ 76.46605, 10.72376 ], [ 76.46856, 10.72376 ], [ 76.46869, 10.72446 ], [ 76.46709, 10.72567 ], [ 76.46736, 10.7271 ], [ 76.46525, 10.72807 ], [ 76.46502, 10.7295 ], [ 76.46682, 10.7291 ], [ 76.46806, 10.72977 ], [ 76.46996, 10.729 ], [ 76.47282, 10.73053 ], [ 76.48056, 10.7312 ] ] ] } },
{ "type": "Feature", "properties": { "newname": null }, "geometry": { "type": "Polygon", "coordinates": [ [ [ 76.33925, 10.66581 ], [ 76.34418, 10.66109 ], [ 76.34698, 10.65939 ], [ 76.35091, 10.6586 ], [ 76.35244, 10.65177 ], [ 76.35423, 10.649 ], [ 76.36543, 10.64189 ], [ 76.36975, 10.64176 ], [ 76.37234, 10.63865 ], [ 76.37487, 10.63779 ], [ 76.37389, 10.6335 ], [ 76.37842, 10.62702 ], [ 76.38656, 10.62165 ], [ 76.39106, 10.62057 ], [ 76.39076, 10.61871 ], [ 76.38792, 10.61697 ], [ 76.38772, 10.61491 ], [ 76.38836, 10.61398 ], [ 76.3941, 10.61448 ], [ 76.39686, 10.61856 ], [ 76.39968, 10.61825 ], [ 76.40012, 10.61535 ], [ 76.40227, 10.61449 ], [ 76.40252, 10.61178 ], [ 76.4007, 10.60797 ], [ 76.40125, 10.60647 ], [ 76.40329, 10.6044 ], [ 76.40557, 10.60397 ], [ 76.40788, 10.60003 ], [ 76.4094, 10.59246 ], [ 76.40917, 10.589 ], [ 76.40371, 10.58574 ], [ 76.40303, 10.58295 ], [ 76.40353, 10.57706 ], [ 76.40575, 10.57387 ], [ 76.4057, 10.56892 ], [ 76.40681, 10.56742 ], [ 76.41226, 10.56565 ], [ 76.41458, 10.5631 ], [ 76.41578, 10.56169 ], [ 76.41574, 10.55777 ], [ 76.41844, 10.55495 ], [ 76.41926, 10.5526 ], [ 76.42269, 10.54893 ], [ 76.42372, 10.54873 ], [ 76.42557, 10.55469 ], [ 76.42766, 10.55681 ], [ 76.42711, 10.55822 ], [ 76.42561, 10.55833 ], [ 76.42564, 10.5614 ], [ 76.42856, 10.56259 ], [ 76.43037, 10.5649 ], [ 76.4315, 10.56517 ], [ 76.43365, 10.56356 ], [ 76.43833, 10.56277 ], [ 76.43869, 10.56109 ], [ 76.43484, 10.55235 ], [ 76.43388, 10.5481 ], [ 76.43504, 10.54165 ], [ 76.44051, 10.53581 ], [ 76.44152, 10.533 ], [ 76.44459, 10.53045 ], [ 76.45376, 10.52774 ], [ 76.4612, 10.51949 ], [ 76.4634, 10.51433 ], [ 76.46777, 10.51009 ], [ 76.47023, 10.50363 ], [ 76.47201, 10.50267 ], [ 76.47475, 10.49824 ], [ 76.47839, 10.49646 ], [ 76.47075, 10.49159 ], [ 76.46372, 10.48998 ], [ 76.45817, 10.49037 ], [ 76.45616, 10.48971 ], [ 76.45067, 10.48414 ], [ 76.44794, 10.48304 ], [ 76.44296, 10.48354 ], [ 76.43677, 10.48664 ], [ 76.43371, 10.48589 ], [ 76.43176, 10.48366 ], [ 76.43047, 10.47939 ], [ 76.42853, 10.47761 ], [ 76.4266, 10.47707 ], [ 76.417, 10.47654 ], [ 76.40959, 10.48292 ], [ 76.39785, 10.49125 ], [ 76.38747, 10.50939 ], [ 76.38094, 10.51393 ], [ 76.38003, 10.51674 ], [ 76.38065, 10.52177 ], [ 76.3801, 10.52346 ], [ 76.37467, 10.52482 ], [ 76.37355, 10.52576 ], [ 76.37101, 10.53363 ], [ 76.37162, 10.53866 ], [ 76.37563, 10.54534 ], [ 76.37997, 10.54679 ], [ 76.37871, 10.55192 ], [ 76.37876, 10.55715 ], [ 76.38277, 10.56327 ], [ 76.38317, 10.5655 ], [ 76.38197, 10.5769 ], [ 76.38236, 10.58595 ], [ 76.37602, 10.59105 ], [ 76.37005, 10.59466 ], [ 76.36219, 10.59735 ], [ 76.35544, 10.59816 ], [ 76.34942, 10.59766 ], [ 76.33342, 10.59372 ], [ 76.33136, 10.5943 ], [ 76.33007, 10.59655 ], [ 76.32577, 10.61895 ], [ 76.32355, 10.62214 ], [ 76.32075, 10.62404 ], [ 76.31926, 10.62442 ], [ 76.31737, 10.6237 ], [ 76.31456, 10.62447 ], [ 76.30766, 10.62976 ], [ 76.30727, 10.64638 ], [ 76.30957, 10.65083 ], [ 76.31018, 10.65531 ], [ 76.31265, 10.65902 ], [ 76.31651, 10.6685 ], [ 76.32873, 10.66912 ], [ 76.3348, 10.67164 ], [ 76.33752, 10.67152 ], [ 76.33925, 10.66581 ] ] ] } },
{ "type": "Feature", "properties": { "newname": null }, "geometry": { "type": "Polygon", "coordinates": [ [ [ 75.8339, 11.12953 ], [ 75.8332, 11.12926 ], [ 75.83337, 11.13019 ], [ 75.8339, 11.12953 ] ] ] } },
{ "type": "Feature", "properties": { "newname": null }, "geometry": { "type": "Polygon", "coordinates": [ [ [ 75.83364, 11.12509 ], [ 75.83122, 11.12557 ], [ 75.83138, 11.12728 ], [ 75.83393, 11.12809 ], [ 75.83364, 11.12509 ] ] ] } },
{ "type": "Feature", "properties": { "newname": null }, "geometry": { "type": "Polygon", "coordinates": [ [ [ 75.84092, 11.12626 ], [ 75.83862, 11.1253 ], [ 75.84008, 11.12929 ], [ 75.84103, 11.1299 ], [ 75.84092, 11.12626 ] ] ] } },
{ "type": "Feature", "properties": { "newname": null }, "geometry": { "type": "Polygon", "coordinates": [ [ [ 75.83665, 11.12484 ], [ 75.83546, 11.12439 ], [ 75.83772, 11.12647 ], [ 75.8383, 11.1264 ], [ 75.83665, 11.12484 ] ] ] } },
{ "type": "Feature", "properties": { "newname": null }, "geometry": { "type": "Polygon", "coordinates": [ [ [ 75.83452, 11.13026 ], [ 75.83402, 11.13033 ], [ 75.83396, 11.1309 ], [ 75.83617, 11.13172 ], [ 75.83452, 11.13026 ] ] ] } },
{ "type": "Feature", "properties": { "newname": null }, "geometry": { "type": "Polygon", "coordinates": [ [ [ 75.83936, 11.13176 ], [ 75.83449, 11.12853 ], [ 75.837, 11.13125 ], [ 75.83936, 11.13176 ] ] ] } },
{ "type": "Feature", "properties": { "newname": null }, "geometry": { "type": "Polygon", "coordinates": [ [ [ 75.83777, 11.12723 ], [ 75.83569, 11.12592 ], [ 75.83479, 11.12612 ], [ 75.83714, 11.1297 ], [ 75.84042, 11.13175 ], [ 75.83777, 11.12723 ] ] ] } },
{ "type": "Feature", "properties": { "newname": null }, "geometry": { "type": "Polygon", "coordinates": [ [ [ 75.809, 11.61137 ], [ 75.80937, 11.61177 ], [ 75.80911, 11.61141 ], [ 75.809, 11.61137 ] ] ] } },
{ "type": "Feature", "properties": { "newname": null }, "geometry": { "type": "Polygon", "coordinates": [ [ [ 75.90148, 11.62842 ], [ 75.89938, 11.62295 ], [ 75.89999, 11.62009 ], [ 75.90316, 11.61695 ], [ 75.90328, 11.61408 ], [ 75.90431, 11.61297 ], [ 75.90607, 11.61266 ], [ 75.90605, 11.61102 ], [ 75.90715, 11.6103 ], [ 75.90871, 11.60373 ], [ 75.91099, 11.59835 ], [ 75.91616, 11.59828 ], [ 75.91998, 11.59345 ], [ 75.92631, 11.5915 ], [ 75.92723, 11.59279 ], [ 75.93015, 11.5883 ], [ 75.93393, 11.58904 ], [ 75.9366, 11.5881 ], [ 75.93813, 11.58874 ], [ 75.94124, 11.58233 ], [ 75.9436, 11.58186 ], [ 75.94574, 11.57974 ], [ 75.94709, 11.57999 ], [ 75.94841, 11.57889 ], [ 75.95256, 11.57974 ], [ 75.95366, 11.57921 ], [ 75.95666, 11.5752 ], [ 75.95948, 11.5732 ], [ 75.95831, 11.57085 ], [ 75.95985, 11.56909 ], [ 75.95818, 11.56719 ], [ 75.9603, 11.56555 ], [ 75.95974, 11.56485 ], [ 75.96071, 11.56057 ], [ 75.95954, 11.5584 ], [ 75.966, 11.5555 ], [ 75.9679, 11.55213 ], [ 75.97386, 11.54738 ], [ 75.97477, 11.54425 ], [ 75.97624, 11.54421 ], [ 75.98241, 11.53909 ], [ 75.9388, 11.49976 ], [ 75.93775, 11.50154 ], [ 75.93419, 11.50255 ], [ 75.93067, 11.50509 ], [ 75.92797, 11.50459 ], [ 75.92381, 11.50826 ], [ 75.91809, 11.50984 ], [ 75.91742, 11.52077 ], [ 75.91561, 11.52636 ], [ 75.91537, 11.52971 ], [ 75.91771, 11.53183 ], [ 75.91946, 11.53191 ], [ 75.9264, 11.53604 ], [ 75.92625, 11.5394 ], [ 75.92756, 11.54503 ], [ 75.92588, 11.54775 ], [ 75.92535, 11.54648 ], [ 75.92345, 11.54774 ], [ 75.9242, 11.54845 ], [ 75.92402, 11.55017 ], [ 75.92285, 11.55031 ], [ 75.92016, 11.55385 ], [ 75.91744, 11.55585 ], [ 75.91523, 11.55518 ], [ 75.91141, 11.5554 ], [ 75.9105, 11.55844 ], [ 75.90879, 11.55961 ], [ 75.90627, 11.55941 ], [ 75.90513, 11.5609 ], [ 75.90047, 11.5582 ], [ 75.89619, 11.55138 ], [ 75.89323, 11.54991 ], [ 75.89055, 11.54672 ], [ 75.88793, 11.54632 ], [ 75.88386, 11.54807 ], [ 75.88291, 11.54966 ], [ 75.88029, 11.54945 ], [ 75.8784, 11.54812 ], [ 75.87621, 11.54909 ], [ 75.87417, 11.549 ], [ 75.87227, 11.54767 ], [ 75.86953, 11.54794 ], [ 75.86955, 11.54976 ], [ 75.86863, 11.55078 ], [ 75.86323, 11.55161 ], [ 75.86046, 11.55466 ], [ 75.86173, 11.55471 ], [ 75.86242, 11.55676 ], [ 75.86141, 11.55749 ], [ 75.86237, 11.56003 ], [ 75.86147, 11.56047 ], [ 75.86083, 11.564 ], [ 75.86184, 11.56769 ], [ 75.86138, 11.57142 ], [ 75.8622, 11.57271 ], [ 75.86576, 11.57152 ], [ 75.86562, 11.57036 ], [ 75.86792, 11.57122 ], [ 75.87069, 11.56817 ], [ 75.8734, 11.56858 ], [ 75.87588, 11.56762 ], [ 75.87891, 11.56304 ], [ 75.88088, 11.56265 ], [ 75.8824, 11.56348 ], [ 75.88283, 11.56696 ], [ 75.88816, 11.5744 ], [ 75.88474, 11.57675 ], [ 75.88278, 11.58147 ], [ 75.88102, 11.58361 ], [ 75.87213, 11.584 ], [ 75.86984, 11.58525 ], [ 75.86707, 11.59926 ], [ 75.8703, 11.60565 ], [ 75.87198, 11.60745 ], [ 75.8676, 11.60928 ], [ 75.86372, 11.61334 ], [ 75.85994, 11.6127 ], [ 75.84856, 11.61654 ], [ 75.84664, 11.61578 ], [ 75.84564, 11.6141 ], [ 75.84409, 11.61394 ], [ 75.84194, 11.61192 ], [ 75.84129, 11.60901 ], [ 75.83899, 11.60805 ], [ 75.83591, 11.60484 ], [ 75.83217, 11.60554 ], [ 75.83054, 11.60499 ], [ 75.82865, 11.60376 ], [ 75.82702, 11.6009 ], [ 75.82483, 11.59955 ], [ 75.8226, 11.59946 ], [ 75.81602, 11.60263 ], [ 75.81242, 11.60248 ], [ 75.81253, 11.60652 ], [ 75.80873, 11.61087 ], [ 75.81652, 11.61333 ], [ 75.8121, 11.62044 ], [ 75.81346, 11.62069 ], [ 75.81855, 11.61812 ], [ 75.8204, 11.61811 ], [ 75.82378, 11.62316 ], [ 75.82606, 11.62239 ], [ 75.82828, 11.62287 ], [ 75.83002, 11.62112 ], [ 75.83385, 11.62273 ], [ 75.8372, 11.62191 ], [ 75.83661, 11.62419 ], [ 75.83796, 11.62454 ], [ 75.84047, 11.62734 ], [ 75.84429, 11.62712 ], [ 75.84572, 11.63007 ], [ 75.84732, 11.63129 ], [ 75.85289, 11.63326 ], [ 75.85724, 11.63402 ], [ 75.86231, 11.63193 ], [ 75.86504, 11.63417 ], [ 75.86885, 11.63404 ], [ 75.88334, 11.63062 ], [ 75.88558, 11.62841 ], [ 75.88925, 11.62924 ], [ 75.89309, 11.62854 ], [ 75.89629, 11.63108 ], [ 75.90006, 11.63634 ], [ 75.90109, 11.63504 ], [ 75.90148, 11.62842 ] ] ] } },
{ "type": "Feature", "properties": { "newname": null }, "geometry": { "type": "Polygon", "coordinates": [ [ [ 76.53189, 11.69193 ], [ 76.53899, 11.687 ], [ 76.55212, 11.66971 ], [ 76.55163, 11.66479 ], [ 76.54996, 11.66148 ], [ 76.55036, 11.65855 ], [ 76.55339, 11.65467 ], [ 76.5533, 11.65307 ], [ 76.55493, 11.65183 ], [ 76.55538, 11.64931 ], [ 76.55423, 11.64691 ], [ 76.55411, 11.64236 ], [ 76.55898, 11.63422 ], [ 76.55984, 11.62945 ], [ 76.56138, 11.62807 ], [ 76.56179, 11.62479 ], [ 76.55984, 11.62107 ], [ 76.56029, 11.61876 ], [ 76.56306, 11.61888 ], [ 76.56486, 11.6164 ], [ 76.5676, 11.61525 ], [ 76.56775, 11.61443 ], [ 76.56997, 11.61397 ], [ 76.57061, 11.61509 ], [ 76.57603, 11.61482 ], [ 76.5759, 11.6131 ], [ 76.57713, 11.61044 ], [ 76.57985, 11.61172 ], [ 76.58155, 11.6101 ], [ 76.5848, 11.60991 ], [ 76.59261, 11.61469 ], [ 76.59385, 11.61446 ], [ 76.59481, 11.61309 ], [ 76.59756, 11.6125 ], [ 76.59878, 11.60662 ], [ 76.60127, 11.60725 ], [ 76.603, 11.60654 ], [ 76.60568, 11.60734 ], [ 76.61212, 11.60682 ], [ 76.61355, 11.60649 ], [ 76.61595, 11.60387 ], [ 76.61749, 11.60492 ], [ 76.61914, 11.60471 ], [ 76.6192, 11.60156 ], [ 76.61789, 11.60067 ], [ 76.6157, 11.60082 ], [ 76.61554, 11.59681 ], [ 76.61675, 11.59465 ], [ 76.61639, 11.59382 ], [ 76.61259, 11.59366 ], [ 76.61062, 11.59212 ], [ 76.60737, 11.59163 ], [ 76.60386, 11.58397 ], [ 76.6004, 11.58284 ], [ 76.59686, 11.57963 ], [ 76.59475, 11.57872 ], [ 76.5938, 11.57846 ], [ 76.59172, 11.57964 ], [ 76.58957, 11.57931 ], [ 76.58784, 11.5768 ], [ 76.58806, 11.57496 ], [ 76.5863, 11.57424 ], [ 76.58336, 11.57469 ], [ 76.58335, 11.5821 ], [ 76.58216, 11.5847 ], [ 76.58464, 11.58975 ], [ 76.58474, 11.59698 ], [ 76.58324, 11.60259 ], [ 76.58414, 11.60426 ], [ 76.57883, 11.60414 ], [ 76.57076, 11.60534 ], [ 76.56565, 11.60916 ], [ 76.56297, 11.60799 ], [ 76.5569, 11.60801 ], [ 76.55142, 11.61139 ], [ 76.54874, 11.60989 ], [ 76.5428, 11.60865 ], [ 76.53951, 11.60539 ], [ 76.53626, 11.60395 ], [ 76.53329, 11.59992 ], [ 76.53147, 11.5988 ], [ 76.52688, 11.59943 ], [ 76.52153, 11.59823 ], [ 76.51438, 11.60235 ], [ 76.50858, 11.60297 ], [ 76.50171, 11.5939 ], [ 76.5019, 11.58123 ], [ 76.50826, 11.56908 ], [ 76.51328, 11.56506 ], [ 76.50931, 11.562 ], [ 76.50554, 11.56251 ], [ 76.50003, 11.55927 ], [ 76.49814, 11.55914 ], [ 76.49721, 11.56081 ], [ 76.49479, 11.56249 ], [ 76.48811, 11.56467 ], [ 76.4846, 11.56501 ], [ 76.48266, 11.56661 ], [ 76.47272, 11.56771 ], [ 76.46631, 11.56948 ], [ 76.46213, 11.57498 ], [ 76.45741, 11.57563 ], [ 76.45381, 11.57431 ], [ 76.45102, 11.57452 ], [ 76.44069, 11.57034 ], [ 76.43714, 11.57127 ], [ 76.43182, 11.57069 ], [ 76.4284, 11.5713 ], [ 76.42465, 11.56893 ], [ 76.41987, 11.56777 ], [ 76.41504, 11.5623 ], [ 76.41063, 11.56346 ], [ 76.40853, 11.56272 ], [ 76.40911, 11.55737 ], [ 76.40638, 11.55791 ], [ 76.40515, 11.55977 ], [ 76.40066, 11.55966 ], [ 76.39967, 11.5611 ], [ 76.39725, 11.56115 ], [ 76.39571, 11.55966 ], [ 76.39443, 11.55986 ], [ 76.38978, 11.56392 ], [ 76.38659, 11.56382 ], [ 76.38196, 11.56501 ], [ 76.37988, 11.56409 ], [ 76.37913, 11.5646 ], [ 76.38242, 11.5671 ], [ 76.38307, 11.56984 ], [ 76.38132, 11.57102 ], [ 76.37922, 11.56862 ], [ 76.3783, 11.56856 ], [ 76.37853, 11.57176 ], [ 76.37625, 11.57363 ], [ 76.36917, 11.57321 ], [ 76.36521, 11.57486 ], [ 76.36129, 11.5724 ], [ 76.35436, 11.57094 ], [ 76.35362, 11.57167 ], [ 76.35009, 11.58035 ], [ 76.35936, 11.5866 ], [ 76.36686, 11.58871 ], [ 76.37088, 11.59081 ], [ 76.37133, 11.5973 ], [ 76.37699, 11.60125 ], [ 76.37678, 11.61318 ], [ 76.38191, 11.61958 ], [ 76.40095, 11.62527 ], [ 76.42197, 11.62542 ], [ 76.42517, 11.62304 ], [ 76.42678, 11.62283 ], [ 76.4284, 11.62415 ], [ 76.42993, 11.62787 ], [ 76.43631, 11.6326 ], [ 76.4397, 11.63757 ], [ 76.43978, 11.64148 ], [ 76.43722, 11.64424 ], [ 76.43216, 11.64691 ], [ 76.4318, 11.64921 ], [ 76.43019, 11.6509 ], [ 76.42874, 11.65903 ], [ 76.43051, 11.65952 ], [ 76.43231, 11.65769 ], [ 76.4344, 11.65862 ], [ 76.43574, 11.65795 ], [ 76.43689, 11.65897 ], [ 76.43752, 11.65752 ], [ 76.44024, 11.65703 ], [ 76.44286, 11.65831 ], [ 76.4449, 11.65796 ], [ 76.44583, 11.65926 ], [ 76.44727, 11.65789 ], [ 76.45014, 11.65842 ], [ 76.45198, 11.65967 ], [ 76.45486, 11.65832 ], [ 76.4558, 11.66013 ], [ 76.4621, 11.66488 ], [ 76.46641, 11.67064 ], [ 76.47297, 11.67636 ], [ 76.48116, 11.68119 ], [ 76.48227, 11.68487 ], [ 76.48172, 11.68764 ], [ 76.48835, 11.68713 ], [ 76.4932, 11.68895 ], [ 76.49759, 11.69128 ], [ 76.49883, 11.69313 ], [ 76.50125, 11.69417 ], [ 76.50214, 11.6954 ], [ 76.50521, 11.69552 ], [ 76.51123, 11.70125 ], [ 76.51384, 11.70109 ], [ 76.53189, 11.69193 ] ] ] } },
{ "type": "Feature", "properties": { "newname": null }, "geometry": { "type": "Polygon", "coordinates": [ [ [ 76.21792, 11.81546 ], [ 76.22166, 11.81271 ], [ 76.23201, 11.80908 ], [ 76.2376, 11.80853 ], [ 76.24342, 11.80958 ], [ 76.24568, 11.81187 ], [ 76.25555, 11.81695 ], [ 76.26839, 11.81823 ], [ 76.27218, 11.82041 ], [ 76.27533, 11.81988 ], [ 76.28345, 11.80382 ], [ 76.29196, 11.79931 ], [ 76.29456, 11.79526 ], [ 76.29689, 11.79413 ], [ 76.30207, 11.79337 ], [ 76.3033, 11.79078 ], [ 76.30721, 11.77463 ], [ 76.30881, 11.7718 ], [ 76.30969, 11.76609 ], [ 76.31232, 11.76415 ], [ 76.31259, 11.76122 ], [ 76.3146, 11.75829 ], [ 76.32748, 11.75363 ], [ 76.33392, 11.74691 ], [ 76.33779, 11.74678 ], [ 76.3488, 11.74838 ], [ 76.35687, 11.75615 ], [ 76.36327, 11.75478 ], [ 76.37075, 11.75088 ], [ 76.37198, 11.75097 ], [ 76.37456, 11.75397 ], [ 76.37908, 11.75556 ], [ 76.3793, 11.75657 ], [ 76.38496, 11.76205 ], [ 76.38852, 11.76262 ], [ 76.39347, 11.75925 ], [ 76.40313, 11.76761 ], [ 76.40639, 11.76798 ], [ 76.40739, 11.76706 ], [ 76.40758, 11.76535 ], [ 76.40579, 11.75826 ], [ 76.40696, 11.75342 ], [ 76.40592, 11.75081 ], [ 76.40723, 11.74949 ], [ 76.40967, 11.74936 ], [ 76.41182, 11.75025 ], [ 76.41184, 11.75206 ], [ 76.41245, 11.75236 ], [ 76.41713, 11.75231 ], [ 76.41751, 11.74989 ], [ 76.41495, 11.7482 ], [ 76.41473, 11.7471 ], [ 76.41808, 11.74535 ], [ 76.42227, 11.73495 ], [ 76.41944, 11.72889 ], [ 76.41697, 11.727 ], [ 76.41238, 11.72554 ], [ 76.40874, 11.71792 ], [ 76.40599, 11.71755 ], [ 76.40624, 11.72188 ], [ 76.40391, 11.72291 ], [ 76.40196, 11.72142 ], [ 76.40123, 11.71951 ], [ 76.39918, 11.71822 ], [ 76.39885, 11.71661 ], [ 76.40006, 11.71549 ], [ 76.40372, 11.71465 ], [ 76.40421, 11.71333 ], [ 76.40476, 11.70631 ], [ 76.40605, 11.70358 ], [ 76.40538, 11.69794 ], [ 76.40689, 11.69642 ], [ 76.40714, 11.69087 ], [ 76.40836, 11.68727 ], [ 76.41006, 11.68433 ], [ 76.41278, 11.68209 ], [ 76.4151, 11.68055 ], [ 76.42139, 11.67858 ], [ 76.42753, 11.67197 ], [ 76.43129, 11.66156 ], [ 76.43402, 11.66032 ], [ 76.43885, 11.65513 ], [ 76.43695, 11.65045 ], [ 76.42895, 11.64398 ], [ 76.42564, 11.63878 ], [ 76.42058, 11.64185 ], [ 76.41488, 11.64121 ], [ 76.40018, 11.64184 ], [ 76.38315, 11.63779 ], [ 76.37841, 11.63219 ], [ 76.3785, 11.62031 ], [ 76.37354, 11.61667 ], [ 76.37225, 11.60994 ], [ 76.36723, 11.60646 ], [ 76.36357, 11.607 ], [ 76.36031, 11.60623 ], [ 76.35579, 11.60174 ], [ 76.35003, 11.59816 ], [ 76.34689, 11.5993 ], [ 76.34464, 11.59832 ], [ 76.3417, 11.59885 ], [ 76.33659, 11.59719 ], [ 76.33297, 11.60115 ], [ 76.33332, 11.60437 ], [ 76.3322, 11.60529 ], [ 76.32411, 11.59912 ], [ 76.32373, 11.60098 ], [ 76.32566, 11.60405 ], [ 76.3255, 11.61011 ], [ 76.32641, 11.6122 ], [ 76.3258, 11.61793 ], [ 76.32816, 11.62044 ], [ 76.32751, 11.62221 ], [ 76.32825, 11.62302 ], [ 76.32796, 11.62434 ], [ 76.32497, 11.62657 ], [ 76.32042, 11.62717 ], [ 76.31722, 11.62995 ], [ 76.31332, 11.62988 ], [ 76.31246, 11.63275 ], [ 76.30781, 11.63479 ], [ 76.30574, 11.63954 ], [ 76.30387, 11.64121 ], [ 76.31597, 11.64542 ], [ 76.3223, 11.64425 ], [ 76.33123, 11.64681 ], [ 76.33256, 11.64603 ], [ 76.3322, 11.64372 ], [ 76.32895, 11.64165 ], [ 76.32861, 11.64067 ], [ 76.33022, 11.63558 ], [ 76.3303, 11.63205 ], [ 76.33296, 11.6306 ], [ 76.3346, 11.62826 ], [ 76.33749, 11.62791 ], [ 76.33806, 11.62889 ], [ 76.33265, 11.63335 ], [ 76.33288, 11.63445 ], [ 76.33533, 11.63432 ], [ 76.33634, 11.63508 ], [ 76.33335, 11.6361 ], [ 76.33373, 11.64117 ], [ 76.33607, 11.64158 ], [ 76.33686, 11.64268 ], [ 76.33797, 11.64189 ], [ 76.34211, 11.64406 ], [ 76.34464, 11.64128 ], [ 76.34523, 11.64447 ], [ 76.34969, 11.64492 ], [ 76.35037, 11.64568 ], [ 76.35072, 11.648 ], [ 76.34929, 11.649 ], [ 76.34128, 11.64963 ], [ 76.33787, 11.6533 ], [ 76.32967, 11.65735 ], [ 76.32991, 11.65878 ], [ 76.33503, 11.65851 ], [ 76.33516, 11.66104 ], [ 76.3365, 11.66125 ], [ 76.33786, 11.66311 ], [ 76.34164, 11.66296 ], [ 76.34121, 11.66462 ], [ 76.3391, 11.66475 ], [ 76.33845, 11.6663 ], [ 76.33982, 11.66781 ], [ 76.3416, 11.6678 ], [ 76.34206, 11.66955 ], [ 76.33918, 11.67024 ], [ 76.33719, 11.67225 ], [ 76.33339, 11.67074 ], [ 76.33186, 11.67274 ], [ 76.33329, 11.6822 ], [ 76.33712, 11.68701 ], [ 76.33743, 11.69516 ], [ 76.33946, 11.69757 ], [ 76.33635, 11.69892 ], [ 76.33233, 11.6972 ], [ 76.33057, 11.69942 ], [ 76.32946, 11.69965 ], [ 76.32879, 11.69944 ], [ 76.32845, 11.6957 ], [ 76.32755, 11.69461 ], [ 76.32622, 11.69462 ], [ 76.32534, 11.69595 ], [ 76.32537, 11.69948 ], [ 76.3245, 11.70125 ], [ 76.32477, 11.70521 ], [ 76.3232, 11.70457 ], [ 76.32251, 11.70215 ], [ 76.31767, 11.70837 ], [ 76.31654, 11.70662 ], [ 76.31719, 11.70441 ], [ 76.32683, 11.68933 ], [ 76.32654, 11.68272 ], [ 76.32361, 11.67944 ], [ 76.32227, 11.67901 ], [ 76.32006, 11.6808 ], [ 76.31295, 11.68175 ], [ 76.30734, 11.67762 ], [ 76.30601, 11.67785 ], [ 76.30182, 11.68186 ], [ 76.29894, 11.68321 ], [ 76.29159, 11.68306 ], [ 76.28982, 11.68396 ], [ 76.28939, 11.68617 ], [ 76.29453, 11.68788 ], [ 76.29457, 11.69163 ], [ 76.29126, 11.69519 ], [ 76.29038, 11.69541 ], [ 76.28857, 11.69345 ], [ 76.28746, 11.69346 ], [ 76.28614, 11.69457 ], [ 76.28549, 11.69701 ], [ 76.28283, 11.69769 ], [ 76.28217, 11.69858 ], [ 76.28288, 11.70298 ], [ 76.28584, 11.70912 ], [ 76.28498, 11.71222 ], [ 76.28342, 11.71289 ], [ 76.28195, 11.71015 ], [ 76.28006, 11.71039 ], [ 76.27899, 11.70912 ], [ 76.27687, 11.70914 ], [ 76.27706, 11.71685 ], [ 76.27607, 11.71774 ], [ 76.27526, 11.71499 ], [ 76.27403, 11.71423 ], [ 76.27411, 11.71115 ], [ 76.26869, 11.71451 ], [ 76.26702, 11.71452 ], [ 76.26547, 11.71619 ], [ 76.26435, 11.71488 ], [ 76.26376, 11.71158 ], [ 76.25912, 11.71493 ], [ 76.25697, 11.71209 ], [ 76.25284, 11.70014 ], [ 76.25593, 11.69713 ], [ 76.25613, 11.69559 ], [ 76.25491, 11.69538 ], [ 76.25047, 11.6973 ], [ 76.24945, 11.69543 ], [ 76.24861, 11.6896 ], [ 76.24923, 11.68453 ], [ 76.25055, 11.68253 ], [ 76.25465, 11.68029 ], [ 76.25739, 11.67684 ], [ 76.25004, 11.67658 ], [ 76.2395, 11.67941 ], [ 76.23528, 11.68122 ], [ 76.23396, 11.68255 ], [ 76.23085, 11.68258 ], [ 76.22797, 11.68503 ], [ 76.22889, 11.68789 ], [ 76.22823, 11.68856 ], [ 76.22509, 11.6855 ], [ 76.2191, 11.68776 ], [ 76.21801, 11.69042 ], [ 76.21916, 11.6946 ], [ 76.21874, 11.69724 ], [ 76.22676, 11.69717 ], [ 76.22834, 11.69958 ], [ 76.22791, 11.70112 ], [ 76.22459, 11.70292 ], [ 76.22148, 11.70772 ], [ 76.21794, 11.71007 ], [ 76.21764, 11.71349 ], [ 76.22013, 11.71743 ], [ 76.22147, 11.71808 ], [ 76.22603, 11.71793 ], [ 76.22726, 11.71869 ], [ 76.22806, 11.72067 ], [ 76.22535, 11.72752 ], [ 76.22553, 11.73446 ], [ 76.21818, 11.74603 ], [ 76.21808, 11.7479 ], [ 76.22014, 11.75413 ], [ 76.21995, 11.75732 ], [ 76.22416, 11.76555 ], [ 76.22451, 11.76797 ], [ 76.22388, 11.77172 ], [ 76.21982, 11.77738 ], [ 76.21963, 11.78058 ], [ 76.21744, 11.78423 ], [ 76.21594, 11.79096 ], [ 76.21574, 11.80451 ], [ 76.21324, 11.81026 ], [ 76.21239, 11.81512 ], [ 76.21341, 11.82175 ], [ 76.21792, 11.81546 ] ] ] } },
{ "type": "Feature", "properties": { "newname": null }, "geometry": { "type": "Polygon", "coordinates": [ [ [ 76.10847, 11.96483 ], [ 76.10841, 11.93282 ], [ 76.10962, 11.89941 ], [ 76.10861, 11.89035 ], [ 76.11064, 11.87864 ], [ 76.11021, 11.8655 ], [ 76.1108, 11.86378 ], [ 76.11749, 11.85989 ], [ 76.11674, 11.85592 ], [ 76.10957, 11.85094 ], [ 76.09035, 11.84367 ], [ 76.08862, 11.84198 ], [ 76.0859, 11.84238 ], [ 76.08535, 11.8436 ], [ 76.08651, 11.84756 ], [ 76.08387, 11.8521 ], [ 76.0833, 11.85034 ], [ 76.08394, 11.84758 ], [ 76.08016, 11.84795 ], [ 76.07915, 11.84663 ], [ 76.08024, 11.84442 ], [ 76.08335, 11.84384 ], [ 76.08368, 11.84296 ], [ 76.07929, 11.8387 ], [ 76.0804, 11.83726 ], [ 76.08049, 11.83516 ], [ 76.07902, 11.83319 ], [ 76.07434, 11.83257 ], [ 76.07086, 11.82985 ], [ 76.0683, 11.83009 ], [ 76.0679, 11.8356 ], [ 76.06858, 11.83648 ], [ 76.07326, 11.83699 ], [ 76.07641, 11.84027 ], [ 76.07656, 11.84379 ], [ 76.07482, 11.84833 ], [ 76.07315, 11.84878 ], [ 76.07303, 11.84746 ], [ 76.07457, 11.84579 ], [ 76.07421, 11.84326 ], [ 76.07197, 11.84108 ], [ 76.07149, 11.83844 ], [ 76.07004, 11.83812 ], [ 76.06951, 11.84055 ], [ 76.07042, 11.84241 ], [ 76.06965, 11.84352 ], [ 76.06754, 11.8442 ], [ 76.06778, 11.84574 ], [ 76.06646, 11.84829 ], [ 76.06704, 11.85016 ], [ 76.0646, 11.85139 ], [ 76.06449, 11.85227 ], [ 76.06639, 11.85281 ], [ 76.06652, 11.85435 ], [ 76.07007, 11.85322 ], [ 76.07309, 11.85363 ], [ 76.07375, 11.85567 ], [ 76.0816, 11.86111 ], [ 76.08175, 11.86496 ], [ 76.08367, 11.86759 ], [ 76.07933, 11.86862 ], [ 76.0781, 11.86797 ], [ 76.07689, 11.86953 ], [ 76.073, 11.87066 ], [ 76.06953, 11.86882 ], [ 76.06872, 11.86475 ], [ 76.06593, 11.86477 ], [ 76.06425, 11.8638 ], [ 76.06326, 11.86458 ], [ 76.06086, 11.87044 ], [ 76.06256, 11.87417 ], [ 76.06134, 11.87462 ], [ 76.05942, 11.87167 ], [ 76.05632, 11.87346 ], [ 76.05509, 11.87259 ], [ 76.05388, 11.87414 ], [ 76.05413, 11.87799 ], [ 76.05313, 11.88138 ], [ 76.04956, 11.88097 ], [ 76.04434, 11.88289 ], [ 76.04301, 11.88412 ], [ 76.04361, 11.88808 ], [ 76.04251, 11.8904 ], [ 76.04264, 11.89216 ], [ 76.04502, 11.89644 ], [ 76.03714, 11.89959 ], [ 76.03584, 11.90324 ], [ 76.03652, 11.90478 ], [ 76.03624, 11.90881 ], [ 76.0398, 11.90856 ], [ 76.03953, 11.91506 ], [ 76.04288, 11.91581 ], [ 76.044, 11.91701 ], [ 76.04881, 11.91906 ], [ 76.0507, 11.9186 ], [ 76.05115, 11.91926 ], [ 76.05129, 11.92168 ], [ 76.04883, 11.92126 ], [ 76.04642, 11.9247 ], [ 76.04824, 11.92942 ], [ 76.04728, 11.93373 ], [ 76.04951, 11.93371 ], [ 76.0493, 11.9358 ], [ 76.04986, 11.93613 ], [ 76.05353, 11.93522 ], [ 76.06071, 11.93832 ], [ 76.0614, 11.9414 ], [ 76.06033, 11.94537 ], [ 76.06124, 11.94801 ], [ 76.06017, 11.95221 ], [ 76.06086, 11.95529 ], [ 76.05797, 11.96331 ], [ 76.06547, 11.96989 ], [ 76.07532, 11.97168 ], [ 76.08407, 11.97069 ], [ 76.08918, 11.97186 ], [ 76.10384, 11.9814 ], [ 76.10619, 11.98198 ], [ 76.10751, 11.98146 ], [ 76.10847, 11.96483 ] ] ] } },
{ "type": "Feature", "properties": { "newname": null }, "geometry": { "type": "Polygon", "coordinates": [ [ [ 76.07696, 12.01114 ], [ 76.07823, 12.01547 ], [ 76.0791, 12.01111 ], [ 76.07696, 12.01114 ] ] ] } },
{ "type": "Feature", "properties": { "newname": null }, "geometry": { "type": "Polygon", "coordinates": [ [ [ 76.06892, 12.06378 ], [ 76.07153, 12.06733 ], [ 76.07215, 12.06462 ], [ 76.06892, 12.06378 ] ] ] } },
{ "type": "Feature", "properties": { "newname": null }, "geometry": { "type": "Polygon", "coordinates": [ [ [ 76.06734, 12.0702 ], [ 76.06841, 12.07268 ], [ 76.07158, 12.07387 ], [ 76.07053, 12.07014 ], [ 76.06734, 12.0702 ] ] ] } },
{ "type": "Feature", "properties": { "newname": null }, "geometry": { "type": "Polygon", "coordinates": [ [ [ 76.07717, 12.08257 ], [ 76.07451, 12.08533 ], [ 76.07758, 12.08515 ], [ 76.07717, 12.08257 ] ] ] } },
{ "type": "Feature", "properties": { "newname": null }, "geometry": { "type": "Polygon", "coordinates": [ [ [ 76.0806, 12.07376 ], [ 76.08352, 12.07419 ], [ 76.08265, 12.07104 ], [ 76.0806, 12.07376 ] ] ] } },
{ "type": "Feature", "properties": { "newname": null }, "geometry": { "type": "Polygon", "coordinates": [ [ [ 76.08446, 12.064 ], [ 76.08411, 12.06675 ], [ 76.08685, 12.06556 ], [ 76.08446, 12.064 ] ] ] } },
{ "type": "Feature", "properties": { "newname": null }, "geometry": { "type": "Polygon", "coordinates": [ [ [ 76.07109, 12.25036 ], [ 76.0733, 12.25328 ], [ 76.08398, 12.25686 ], [ 76.08653, 12.25627 ], [ 76.09006, 12.2592 ], [ 76.09334, 12.26047 ], [ 76.09481, 12.25709 ], [ 76.09511, 12.25298 ], [ 76.09703, 12.25024 ], [ 76.09465, 12.24171 ], [ 76.09547, 12.23944 ], [ 76.10671, 12.23627 ], [ 76.10905, 12.23363 ], [ 76.11192, 12.22766 ], [ 76.11691, 12.22512 ], [ 76.12041, 12.22138 ], [ 76.12541, 12.21357 ], [ 76.126, 12.21141 ], [ 76.11759, 12.20872 ], [ 76.12442, 12.20299 ], [ 76.13136, 12.19872 ], [ 76.13492, 12.19192 ], [ 76.13679, 12.18262 ], [ 76.13872, 12.18116 ], [ 76.14102, 12.18138 ], [ 76.14767, 12.1843 ], [ 76.15094, 12.18366 ], [ 76.15321, 12.18432 ], [ 76.15514, 12.18285 ], [ 76.15736, 12.18273 ], [ 76.15926, 12.18095 ], [ 76.16456, 12.18383 ], [ 76.17076, 12.18453 ], [ 76.17543, 12.18392 ], [ 76.18243, 12.18483 ], [ 76.18439, 12.18393 ], [ 76.18613, 12.18088 ], [ 76.18925, 12.17999 ], [ 76.19517, 12.1742 ], [ 76.19286, 12.17186 ], [ 76.19846, 12.1687 ], [ 76.19976, 12.17043 ], [ 76.2025, 12.17155 ], [ 76.20533, 12.17415 ], [ 76.20583, 12.17635 ], [ 76.2076, 12.17865 ], [ 76.21037, 12.18 ], [ 76.21143, 12.18274 ], [ 76.22071, 12.18686 ], [ 76.22333, 12.19004 ], [ 76.22422, 12.19247 ], [ 76.20145, 12.20881 ], [ 76.20776, 12.21846 ], [ 76.2135, 12.21201 ], [ 76.22603, 12.21415 ], [ 76.23199, 12.21342 ], [ 76.23657, 12.22048 ], [ 76.24352, 12.21823 ], [ 76.24098, 12.2165 ], [ 76.23834, 12.21182 ], [ 76.24089, 12.20994 ], [ 76.24354, 12.20192 ], [ 76.24521, 12.20078 ], [ 76.24757, 12.20065 ], [ 76.25541, 12.20418 ], [ 76.26079, 12.19904 ], [ 76.26869, 12.19441 ], [ 76.26981, 12.19256 ], [ 76.27188, 12.19221 ], [ 76.27645, 12.18791 ], [ 76.26932, 12.18619 ], [ 76.25891, 12.18097 ], [ 76.25768, 12.16362 ], [ 76.25534, 12.16263 ], [ 76.2543, 12.15963 ], [ 76.25974, 12.15291 ], [ 76.25822, 12.14788 ], [ 76.25875, 12.14496 ], [ 76.25528, 12.14092 ], [ 76.24999, 12.14114 ], [ 76.2457, 12.13867 ], [ 76.2429, 12.13862 ], [ 76.24057, 12.13906 ], [ 76.23604, 12.14262 ], [ 76.22887, 12.14266 ], [ 76.2248, 12.1438 ], [ 76.21914, 12.14283 ], [ 76.21734, 12.13447 ], [ 76.21424, 12.12771 ], [ 76.22543, 12.09827 ], [ 76.23106, 12.08904 ], [ 76.23116, 12.08541 ], [ 76.23805, 12.08027 ], [ 76.24313, 12.085 ], [ 76.24615, 12.08986 ], [ 76.24553, 12.09448 ], [ 76.24997, 12.09657 ], [ 76.25294, 12.09602 ], [ 76.26015, 12.09761 ], [ 76.26333, 12.09662 ], [ 76.26831, 12.09753 ], [ 76.27305, 12.08424 ], [ 76.26779, 12.07738 ], [ 76.25393, 12.0767 ], [ 76.25494, 12.07362 ], [ 76.25497, 12.0686 ], [ 76.25673, 12.05806 ], [ 76.25558, 12.05039 ], [ 76.24607, 12.05106 ], [ 76.24892, 12.04656 ], [ 76.25551, 12.04125 ], [ 76.25704, 12.03806 ], [ 76.25998, 12.03758 ], [ 76.25872, 12.03531 ], [ 76.25889, 12.03283 ], [ 76.26673, 12.02951 ], [ 76.2591, 12.01561 ], [ 76.26519, 12.01485 ], [ 76.27016, 12.01317 ], [ 76.28284, 12.01378 ], [ 76.28603, 12.01214 ], [ 76.29263, 12.00587 ], [ 76.29228, 12.00269 ], [ 76.29019, 12.00033 ], [ 76.28582, 12.00189 ], [ 76.28528, 11.99985 ], [ 76.28056, 11.99926 ], [ 76.28085, 11.99461 ], [ 76.2837, 11.99688 ], [ 76.28617, 11.99538 ], [ 76.27915, 11.98293 ], [ 76.27559, 11.98254 ], [ 76.27223, 11.98424 ], [ 76.26971, 11.98019 ], [ 76.26855, 11.97632 ], [ 76.26855, 11.968 ], [ 76.26595, 11.96401 ], [ 76.26585, 11.96068 ], [ 76.26459, 11.95744 ], [ 76.26465, 11.95395 ], [ 76.26603, 11.95011 ], [ 76.26463, 11.94677 ], [ 76.26479, 11.94456 ], [ 76.25595, 11.94335 ], [ 76.25062, 11.94648 ], [ 76.24818, 11.9468 ], [ 76.24612, 11.94572 ], [ 76.24222, 11.94854 ], [ 76.23858, 11.94855 ], [ 76.23654, 11.93263 ], [ 76.23412, 11.93194 ], [ 76.2326, 11.93024 ], [ 76.22957, 11.93085 ], [ 76.2285, 11.92488 ], [ 76.231, 11.92177 ], [ 76.23146, 11.91846 ], [ 76.23087, 11.91565 ], [ 76.22863, 11.91595 ], [ 76.22842, 11.91392 ], [ 76.22648, 11.91302 ], [ 76.22478, 11.91419 ], [ 76.22401, 11.91689 ], [ 76.22239, 11.91885 ], [ 76.22313, 11.92244 ], [ 76.22129, 11.92418 ], [ 76.22077, 11.92141 ], [ 76.21574, 11.91823 ], [ 76.21339, 11.91859 ], [ 76.2123, 11.92124 ], [ 76.20907, 11.91985 ], [ 76.20664, 11.9242 ], [ 76.20479, 11.93038 ], [ 76.2002, 11.93123 ], [ 76.20255, 11.92348 ], [ 76.201, 11.92153 ], [ 76.20359, 11.91898 ], [ 76.20415, 11.91574 ], [ 76.20241, 11.91222 ], [ 76.20364, 11.91054 ], [ 76.21019, 11.90603 ], [ 76.21085, 11.90282 ], [ 76.20955, 11.90096 ], [ 76.20545, 11.899 ], [ 76.20422, 11.89651 ], [ 76.20173, 11.89514 ], [ 76.20453, 11.88891 ], [ 76.20438, 11.88468 ], [ 76.20689, 11.88299 ], [ 76.21362, 11.88213 ], [ 76.21445, 11.87902 ], [ 76.21294, 11.87759 ], [ 76.20571, 11.87521 ], [ 76.20344, 11.8764 ], [ 76.20295, 11.87414 ], [ 76.2039, 11.87108 ], [ 76.20816, 11.8677 ], [ 76.21066, 11.8639 ], [ 76.20728, 11.86255 ], [ 76.20502, 11.86176 ], [ 76.20271, 11.86255 ], [ 76.20101, 11.86522 ], [ 76.18909, 11.87154 ], [ 76.18792, 11.87523 ], [ 76.18216, 11.87096 ], [ 76.17704, 11.87388 ], [ 76.17562, 11.87111 ], [ 76.17179, 11.87039 ], [ 76.17021, 11.87482 ], [ 76.16869, 11.87624 ], [ 76.16442, 11.86763 ], [ 76.15914, 11.86968 ], [ 76.15574, 11.86911 ], [ 76.15639, 11.87162 ], [ 76.15526, 11.87377 ], [ 76.14874, 11.87448 ], [ 76.14295, 11.87222 ], [ 76.14391, 11.86798 ], [ 76.14681, 11.86624 ], [ 76.14149, 11.86012 ], [ 76.13712, 11.85736 ], [ 76.13335, 11.85291 ], [ 76.12766, 11.85197 ], [ 76.12193, 11.84953 ], [ 76.11816, 11.85318 ], [ 76.11623, 11.85721 ], [ 76.11411, 11.85748 ], [ 76.11549, 11.86737 ], [ 76.11263, 11.88502 ], [ 76.1143, 11.89671 ], [ 76.11333, 11.97739 ], [ 76.10593, 11.97454 ], [ 76.0957, 11.96756 ], [ 76.09204, 11.96674 ], [ 76.08368, 11.97667 ], [ 76.07717, 11.98122 ], [ 76.07419, 11.98204 ], [ 76.06863, 11.98093 ], [ 76.06574, 11.98291 ], [ 76.0655, 11.98511 ], [ 76.06684, 11.98677 ], [ 76.06792, 11.99205 ], [ 76.06973, 11.99367 ], [ 76.06858, 11.99787 ], [ 76.07083, 12.00012 ], [ 76.07307, 12.00019 ], [ 76.07115, 12.01183 ], [ 76.06953, 12.01353 ], [ 76.06077, 12.01601 ], [ 76.05504, 12.0231 ], [ 76.04951, 12.025 ], [ 76.04751, 12.02837 ], [ 76.04435, 12.02725 ], [ 76.04626, 12.03509 ], [ 76.0481, 12.03654 ], [ 76.04919, 12.04048 ], [ 76.05339, 12.04317 ], [ 76.05367, 12.05559 ], [ 76.05296, 12.05907 ], [ 76.04735, 12.06009 ], [ 76.04308, 12.05931 ], [ 76.03979, 12.06399 ], [ 76.0457, 12.06426 ], [ 76.04728, 12.06695 ], [ 76.04758, 12.0705 ], [ 76.05093, 12.0722 ], [ 76.05436, 12.07154 ], [ 76.05663, 12.07204 ], [ 76.05866, 12.07695 ], [ 76.05888, 12.08035 ], [ 76.05692, 12.08445 ], [ 76.05229, 12.08932 ], [ 76.05077, 12.09789 ], [ 76.05281, 12.09789 ], [ 76.05773, 12.09605 ], [ 76.06564, 12.09198 ], [ 76.07195, 12.09841 ], [ 76.07363, 12.10078 ], [ 76.07372, 12.10345 ], [ 76.07549, 12.10498 ], [ 76.07883, 12.10114 ], [ 76.0783, 12.10656 ], [ 76.08128, 12.10894 ], [ 76.08218, 12.11145 ], [ 76.08126, 12.11464 ], [ 76.08416, 12.12312 ], [ 76.08544, 12.13661 ], [ 76.08721, 12.13898 ], [ 76.08836, 12.14584 ], [ 76.09287, 12.15073 ], [ 76.09926, 12.16335 ], [ 76.0992, 12.16544 ], [ 76.0979, 12.16727 ], [ 76.09512, 12.16688 ], [ 76.08451, 12.16915 ], [ 76.07607, 12.16249 ], [ 76.07454, 12.16442 ], [ 76.07552, 12.16906 ], [ 76.07303, 12.16841 ], [ 76.07114, 12.1704 ], [ 76.07048, 12.17283 ], [ 76.0655, 12.17458 ], [ 76.06399, 12.17737 ], [ 76.06213, 12.1761 ], [ 76.05854, 12.17872 ], [ 76.05656, 12.17502 ], [ 76.05253, 12.17785 ], [ 76.04818, 12.17195 ], [ 76.04544, 12.17279 ], [ 76.04726, 12.17681 ], [ 76.0423, 12.18142 ], [ 76.04683, 12.1854 ], [ 76.04734, 12.18957 ], [ 76.03989, 12.1832 ], [ 76.03668, 12.17926 ], [ 76.03468, 12.17867 ], [ 76.03269, 12.18166 ], [ 76.03245, 12.18873 ], [ 76.02998, 12.18419 ], [ 76.02762, 12.18374 ], [ 76.02683, 12.18586 ], [ 76.02732, 12.18885 ], [ 76.02673, 12.19147 ], [ 76.02912, 12.1973 ], [ 76.02536, 12.19722 ], [ 76.02206, 12.2012 ], [ 76.01894, 12.20229 ], [ 76.01471, 12.20666 ], [ 76.01234, 12.20752 ], [ 76.01273, 12.21038 ], [ 76.00762, 12.21132 ], [ 76.00223, 12.20987 ], [ 76.00208, 12.2147 ], [ 76.00076, 12.21686 ], [ 76.00335, 12.22093 ], [ 76.00736, 12.2228 ], [ 76.01218, 12.21898 ], [ 76.01316, 12.21694 ], [ 76.0182, 12.21752 ], [ 76.02016, 12.21488 ], [ 76.02333, 12.21378 ], [ 76.02618, 12.21778 ], [ 76.02245, 12.21906 ], [ 76.02373, 12.22335 ], [ 76.0232, 12.22719 ], [ 76.02886, 12.2302 ], [ 76.03706, 12.23136 ], [ 76.0476, 12.23703 ], [ 76.06268, 12.24747 ], [ 76.07109, 12.25036 ] ], [ [ 76.0615, 12.24165 ], [ 76.05899, 12.2357 ], [ 76.06121, 12.23559 ], [ 76.06527, 12.24207 ], [ 76.0649, 12.24419 ], [ 76.06268, 12.24747 ], [ 76.0615, 12.24165 ] ], [ [ 76.02931, 12.20789 ], [ 76.02915, 12.2104 ], [ 76.02719, 12.20894 ], [ 76.02931, 12.20789 ] ], [ [ 76.08446, 12.064 ], [ 76.08685, 12.06556 ], [ 76.08411, 12.06675 ], [ 76.08446, 12.064 ] ], [ [ 76.07717, 12.08257 ], [ 76.07758, 12.08515 ], [ 76.07451, 12.08533 ], [ 76.07717, 12.08257 ] ], [ [ 76.08265, 12.07104 ], [ 76.08352, 12.07419 ], [ 76.0806, 12.07376 ], [ 76.08265, 12.07104 ] ], [ [ 76.07215, 12.06462 ], [ 76.07153, 12.06733 ], [ 76.06892, 12.06378 ], [ 76.07215, 12.06462 ] ], [ [ 76.0791, 12.01111 ], [ 76.07823, 12.01547 ], [ 76.07696, 12.01114 ], [ 76.0791, 12.01111 ] ], [ [ 76.07158, 12.07387 ], [ 76.06841, 12.07268 ], [ 76.06734, 12.0702 ], [ 76.07053, 12.07014 ], [ 76.07158, 12.07387 ] ], [ [ 76.15938, 12.12155 ], [ 76.16131, 12.12034 ], [ 76.16377, 12.12053 ], [ 76.16531, 12.12198 ], [ 76.16559, 12.12406 ], [ 76.1608, 12.12388 ], [ 76.15938, 12.12155 ] ] ] } },
{ "type": "Feature", "properties": { "newname": null }, "geometry": { "type": "Polygon", "coordinates": [ [ [ 76.32696, 11.90834 ], [ 76.32403, 11.90472 ], [ 76.32072, 11.90652 ], [ 76.31946, 11.90883 ], [ 76.32073, 11.91082 ], [ 76.32353, 11.9118 ], [ 76.32696, 11.90834 ] ] ] } },
{ "type": "Feature", "properties": { "newname": null }, "geometry": { "type": "Polygon", "coordinates": [ [ [ 76.33202, 11.91079 ], [ 76.32881, 11.9123 ], [ 76.33099, 11.9162 ], [ 76.3343, 11.91449 ], [ 76.33202, 11.91079 ] ] ] } },
{ "type": "Feature", "properties": { "newname": null }, "geometry": { "type": "Polygon", "coordinates": [ [ [ 76.46447, 11.94492 ], [ 76.47539, 11.94377 ], [ 76.47552, 11.94021 ], [ 76.47287, 11.93454 ], [ 76.47251, 11.93058 ], [ 76.47314, 11.92005 ], [ 76.47701, 11.9047 ], [ 76.47698, 11.90121 ], [ 76.47535, 11.8987 ], [ 76.46886, 11.90268 ], [ 76.46577, 11.89207 ], [ 76.46066, 11.89693 ], [ 76.45677, 11.89784 ], [ 76.45481, 11.8973 ], [ 76.4522, 11.8952 ], [ 76.45242, 11.88346 ], [ 76.44543, 11.88036 ], [ 76.43044, 11.88797 ], [ 76.4361, 11.89485 ], [ 76.4381, 11.90046 ], [ 76.44871, 11.91912 ], [ 76.45607, 11.92157 ], [ 76.46154, 11.92584 ], [ 76.45715, 11.93713 ], [ 76.45802, 11.94771 ], [ 76.46447, 11.94492 ] ] ] } },
{ "type": "Feature", "properties": { "newname": null }, "geometry": { "type": "Polygon", "coordinates": [ [ [ 76.43382, 12.32928 ], [ 76.43337, 12.32582 ], [ 76.43528, 12.32503 ], [ 76.436, 12.31345 ], [ 76.43845, 12.30867 ], [ 76.43165, 12.30866 ], [ 76.42738, 12.3119 ], [ 76.41584, 12.30482 ], [ 76.41228, 12.30482 ], [ 76.40727, 12.30161 ], [ 76.39311, 12.30698 ], [ 76.38947, 12.3061 ], [ 76.39167, 12.31126 ], [ 76.38634, 12.32143 ], [ 76.38729, 12.32356 ], [ 76.3921, 12.32729 ], [ 76.40037, 12.33276 ], [ 76.40864, 12.33597 ], [ 76.40961, 12.33952 ], [ 76.41698, 12.34069 ], [ 76.43065, 12.34484 ], [ 76.4312, 12.33798 ], [ 76.43382, 12.32928 ] ] ] } },
{ "type": "Feature", "properties": { "newname": null }, "geometry": { "type": "Polygon", "coordinates": [ [ [ 76.27445, 12.23065 ], [ 76.27672, 12.22392 ], [ 76.26797, 12.22402 ], [ 76.26068, 12.21982 ], [ 76.25468, 12.21228 ], [ 76.2513, 12.21537 ], [ 76.24893, 12.21467 ], [ 76.24352, 12.21823 ], [ 76.24623, 12.21995 ], [ 76.25036, 12.22021 ], [ 76.2517, 12.22248 ], [ 76.26495, 12.23197 ], [ 76.27445, 12.23065 ] ] ] } },
{ "type": "Feature", "properties": { "newname": null }, "geometry": { "type": "Polygon", "coordinates": [ [ [ 76.16377, 12.12053 ], [ 76.16131, 12.12034 ], [ 76.15938, 12.12155 ], [ 76.1608, 12.12388 ], [ 76.16559, 12.12406 ], [ 76.16531, 12.12198 ], [ 76.16377, 12.12053 ] ] ] } },
{ "type": "Feature", "properties": { "newname": null }, "geometry": { "type": "Polygon", "coordinates": [ [ [ 76.06449, 12.17267 ], [ 76.06917, 12.16885 ], [ 76.07055, 12.16694 ], [ 76.07031, 12.16228 ], [ 76.06509, 12.16399 ], [ 76.06457, 12.16155 ], [ 76.06174, 12.16275 ], [ 76.05859, 12.16289 ], [ 76.05885, 12.16628 ], [ 76.0607, 12.1713 ], [ 76.05885, 12.17235 ], [ 76.05746, 12.17 ], [ 76.05394, 12.17097 ], [ 76.05656, 12.17502 ], [ 76.06449, 12.17267 ] ] ] } },
{ "type": "Feature", "properties": { "newname": null }, "geometry": { "type": "Polygon", "coordinates": [ [ [ 76.06527, 12.24207 ], [ 76.06399, 12.23921 ], [ 76.06121, 12.23559 ], [ 76.05899, 12.2357 ], [ 76.0615, 12.24165 ], [ 76.06268, 12.24747 ], [ 76.0649, 12.24419 ], [ 76.06527, 12.24207 ] ] ] } },
{ "type": "Feature", "properties": { "newname": null }, "geometry": { "type": "Polygon", "coordinates": [ [ [ 76.02719, 12.20894 ], [ 76.02915, 12.2104 ], [ 76.02931, 12.20789 ], [ 76.02719, 12.20894 ] ] ] } },
{ "type": "Feature", "properties": { "newname": null }, "geometry": { "type": "Polygon", "coordinates": [ [ [ 76.02095, 12.19671 ], [ 76.02312, 12.18678 ], [ 76.02053, 12.1868 ], [ 76.01842, 12.18904 ], [ 76.01458, 12.19016 ], [ 76.01509, 12.18646 ], [ 76.01298, 12.18575 ], [ 76.01046, 12.18869 ], [ 76.01046, 12.19146 ], [ 76.00891, 12.19406 ], [ 76.00944, 12.19663 ], [ 76.01149, 12.19863 ], [ 76.01276, 12.20168 ], [ 76.01894, 12.20229 ], [ 76.0191, 12.19905 ], [ 76.02095, 12.19671 ] ] ] } },
{ "type": "Feature", "properties": { "newname": null }, "geometry": { "type": "Polygon", "coordinates": [ [ [ 76.06483, 11.97382 ], [ 76.07017, 11.97105 ], [ 76.06547, 11.96989 ], [ 76.05797, 11.96331 ], [ 76.06086, 11.95529 ], [ 76.06017, 11.95221 ], [ 76.06124, 11.94801 ], [ 76.06088, 11.94662 ], [ 76.05876, 11.94618 ], [ 76.05561, 11.94173 ], [ 76.05024, 11.9386 ], [ 76.04401, 11.93814 ], [ 76.03897, 11.93995 ], [ 76.03762, 11.94088 ], [ 76.03988, 11.94381 ], [ 76.0435, 11.94499 ], [ 76.04609, 11.94932 ], [ 76.05315, 11.95192 ], [ 76.04819, 11.9528 ], [ 76.04547, 11.95213 ], [ 76.04458, 11.95693 ], [ 76.04015, 11.94995 ], [ 76.03318, 11.94696 ], [ 76.03239, 11.95094 ], [ 76.03266, 11.95496 ], [ 76.03459, 11.96065 ], [ 76.03829, 11.96505 ], [ 76.04368, 11.96956 ], [ 76.05516, 11.97435 ], [ 76.0605, 11.97492 ], [ 76.06483, 11.97382 ] ] ] } },
{ "type": "Feature", "properties": { "newname": null }, "geometry": { "type": "Polygon", "coordinates": [ [ [ 75.93159, 11.91547 ], [ 75.93383, 11.91184 ], [ 75.93697, 11.91012 ], [ 75.93808, 11.9085 ], [ 75.93862, 11.90352 ], [ 75.94092, 11.90156 ], [ 75.93807, 11.89836 ], [ 75.93808, 11.889 ], [ 75.93408, 11.88235 ], [ 75.93214, 11.88054 ], [ 75.92782, 11.87939 ], [ 75.92632, 11.87817 ], [ 75.92032, 11.87824 ], [ 75.91896, 11.87652 ], [ 75.91419, 11.87413 ], [ 75.91307, 11.87274 ], [ 75.91378, 11.87155 ], [ 75.91568, 11.87118 ], [ 75.91918, 11.86864 ], [ 75.92126, 11.86866 ], [ 75.9234, 11.86741 ], [ 75.9275, 11.86162 ], [ 75.92988, 11.86069 ], [ 75.933, 11.8564 ], [ 75.93088, 11.85567 ], [ 75.92901, 11.85232 ], [ 75.92739, 11.84628 ], [ 75.92335, 11.84765 ], [ 75.92193, 11.849 ], [ 75.92004, 11.84892 ], [ 75.91591, 11.85407 ], [ 75.91277, 11.85586 ], [ 75.90831, 11.85528 ], [ 75.90518, 11.85669 ], [ 75.9037, 11.85926 ], [ 75.9005, 11.86098 ], [ 75.89874, 11.8611 ], [ 75.89775, 11.86298 ], [ 75.89283, 11.86367 ], [ 75.89162, 11.86599 ], [ 75.886, 11.86793 ], [ 75.8871, 11.87118 ], [ 75.88834, 11.87104 ], [ 75.8899, 11.87258 ], [ 75.88945, 11.87404 ], [ 75.88701, 11.87323 ], [ 75.8856, 11.87413 ], [ 75.88629, 11.8791 ], [ 75.8826, 11.88009 ], [ 75.87812, 11.87977 ], [ 75.87655, 11.87567 ], [ 75.87411, 11.87768 ], [ 75.87259, 11.87684 ], [ 75.87174, 11.87822 ], [ 75.872, 11.87977 ], [ 75.87524, 11.88459 ], [ 75.88391, 11.88438 ], [ 75.88895, 11.88518 ], [ 75.8917, 11.88645 ], [ 75.89333, 11.89075 ], [ 75.89457, 11.90267 ], [ 75.89558, 11.9047 ], [ 75.89948, 11.90782 ], [ 75.90309, 11.91477 ], [ 75.90615, 11.91766 ], [ 75.90915, 11.91759 ], [ 75.91193, 11.91649 ], [ 75.92732, 11.91779 ], [ 75.93159, 11.91547 ] ] ] } },
{ "type": "Feature", "properties": { "newname": null }, "geometry": { "type": "Polygon", "coordinates": [ [ [ 75.82403, 11.98062 ], [ 75.82993, 11.97999 ], [ 75.8365, 11.98491 ], [ 75.84107, 11.98407 ], [ 75.84496, 11.98504 ], [ 75.84779, 11.9825 ], [ 75.84877, 11.97846 ], [ 75.8523, 11.9735 ], [ 75.85237, 11.97017 ], [ 75.85591, 11.96712 ], [ 75.85681, 11.9649 ], [ 75.85846, 11.96343 ], [ 75.86171, 11.96259 ], [ 75.869, 11.95679 ], [ 75.87511, 11.95644 ], [ 75.87977, 11.95398 ], [ 75.8816, 11.95427 ], [ 75.88335, 11.95597 ], [ 75.88508, 11.95565 ], [ 75.88762, 11.95473 ], [ 75.89466, 11.9498 ], [ 75.90221, 11.95075 ], [ 75.91208, 11.94986 ], [ 75.91706, 11.94811 ], [ 75.92347, 11.94765 ], [ 75.92844, 11.94418 ], [ 75.93476, 11.94423 ], [ 75.93444, 11.94071 ], [ 75.93295, 11.93926 ], [ 75.92556, 11.93787 ], [ 75.92377, 11.93584 ], [ 75.92336, 11.92486 ], [ 75.92423, 11.92252 ], [ 75.92746, 11.92074 ], [ 75.9298, 11.9178 ], [ 75.93244, 11.91602 ], [ 75.9356, 11.90607 ], [ 75.93349, 11.90142 ], [ 75.93254, 11.89442 ], [ 75.93014, 11.88981 ], [ 75.92193, 11.89632 ], [ 75.92019, 11.89983 ], [ 75.91489, 11.90221 ], [ 75.90481, 11.89704 ], [ 75.90068, 11.89708 ], [ 75.89716, 11.90003 ], [ 75.89008, 11.90067 ], [ 75.88711, 11.89894 ], [ 75.88238, 11.8984 ], [ 75.87829, 11.90252 ], [ 75.87717, 11.90954 ], [ 75.87368, 11.91599 ], [ 75.8761, 11.92239 ], [ 75.87967, 11.92645 ], [ 75.87911, 11.92996 ], [ 75.8744, 11.93116 ], [ 75.86611, 11.9289 ], [ 75.86198, 11.92893 ], [ 75.85965, 11.93303 ], [ 75.84431, 11.93491 ], [ 75.83901, 11.93671 ], [ 75.83429, 11.93675 ], [ 75.82955, 11.93562 ], [ 75.8254, 11.93331 ], [ 75.82127, 11.93335 ], [ 75.81598, 11.93631 ], [ 75.80477, 11.93815 ], [ 75.80121, 11.93643 ], [ 75.79762, 11.93004 ], [ 75.78994, 11.92951 ], [ 75.78694, 11.92487 ], [ 75.78042, 11.92141 ], [ 75.7757, 11.92204 ], [ 75.774, 11.93022 ], [ 75.77463, 11.93547 ], [ 75.77407, 11.93898 ], [ 75.76937, 11.94252 ], [ 75.7688, 11.94428 ], [ 75.77534, 11.95006 ], [ 75.77595, 11.95181 ], [ 75.7742, 11.95533 ], [ 75.7671, 11.95305 ], [ 75.76239, 11.95484 ], [ 75.76419, 11.95891 ], [ 75.76543, 11.96532 ], [ 75.7684, 11.96764 ], [ 75.77314, 11.96935 ], [ 75.78385, 11.97861 ], [ 75.80517, 11.98603 ], [ 75.80872, 11.986 ], [ 75.82403, 11.98062 ] ] ] } },
{ "type": "Feature", "properties": { "newname": null }, "geometry": { "type": "Polygon", "coordinates": [ [ [ 75.82515, 12.13534 ], [ 75.82224, 12.13252 ], [ 75.82687, 12.1224 ], [ 75.83139, 12.12375 ], [ 75.83275, 12.12037 ], [ 75.83499, 12.11391 ], [ 75.83578, 12.101 ], [ 75.8372, 12.09672 ], [ 75.83817, 12.08952 ], [ 75.84502, 12.08689 ], [ 75.84745, 12.08691 ], [ 75.84912, 12.08288 ], [ 75.85305, 12.07958 ], [ 75.85297, 12.07682 ], [ 75.85787, 12.07532 ], [ 75.86073, 12.0757 ], [ 75.86038, 12.0801 ], [ 75.86138, 12.0823 ], [ 75.86726, 12.08127 ], [ 75.87021, 12.08362 ], [ 75.87418, 12.07986 ], [ 75.87689, 12.0795 ], [ 75.87953, 12.07586 ], [ 75.88045, 12.07277 ], [ 75.88673, 12.07407 ], [ 75.888, 12.07722 ], [ 75.88788, 12.0821 ], [ 75.89162, 12.08393 ], [ 75.89483, 12.07528 ], [ 75.8971, 12.07648 ], [ 75.90142, 12.07555 ], [ 75.90384, 12.07615 ], [ 75.90671, 12.07166 ], [ 75.90427, 12.06839 ], [ 75.89799, 12.06397 ], [ 75.89455, 12.05999 ], [ 75.89465, 12.05234 ], [ 75.89559, 12.04744 ], [ 75.88715, 12.04901 ], [ 75.88362, 12.04744 ], [ 75.88132, 12.04739 ], [ 75.87486, 12.05276 ], [ 75.87206, 12.0533 ], [ 75.86815, 12.05255 ], [ 75.85738, 12.05994 ], [ 75.85344, 12.05862 ], [ 75.85138, 12.05705 ], [ 75.84908, 12.05699 ], [ 75.84726, 12.05557 ], [ 75.84108, 12.05689 ], [ 75.83903, 12.05968 ], [ 75.83475, 12.05902 ], [ 75.83237, 12.05976 ], [ 75.82829, 12.05947 ], [ 75.82442, 12.05568 ], [ 75.82462, 12.05276 ], [ 75.8261, 12.04957 ], [ 75.82919, 12.04607 ], [ 75.83499, 12.04251 ], [ 75.83549, 12.04031 ], [ 75.83767, 12.0397 ], [ 75.84056, 12.03706 ], [ 75.84209, 12.03102 ], [ 75.84725, 12.03033 ], [ 75.8506, 12.03263 ], [ 75.85342, 12.0319 ], [ 75.85453, 12.02998 ], [ 75.85268, 12.02788 ], [ 75.85539, 12.02147 ], [ 75.85794, 12.02098 ], [ 75.85076, 12.01226 ], [ 75.85249, 12.00424 ], [ 75.8564, 12.00411 ], [ 75.86591, 12.0093 ], [ 75.87048, 12.00816 ], [ 75.873, 11.99849 ], [ 75.87484, 11.99754 ], [ 75.87347, 11.99386 ], [ 75.87552, 11.98886 ], [ 75.88677, 11.98824 ], [ 75.89206, 11.98618 ], [ 75.8933, 11.98419 ], [ 75.8962, 11.98302 ], [ 75.89891, 11.98433 ], [ 75.90421, 11.98152 ], [ 75.91109, 11.98282 ], [ 75.91879, 11.98721 ], [ 75.92062, 11.98916 ], [ 75.92371, 11.9899 ], [ 75.92498, 11.99161 ], [ 75.92459, 11.99851 ], [ 75.92641, 12.00006 ], [ 75.92814, 11.99888 ], [ 75.93011, 11.99505 ], [ 75.93269, 11.9943 ], [ 75.93414, 11.98908 ], [ 75.93851, 11.98017 ], [ 75.93889, 11.97736 ], [ 75.94344, 11.98168 ], [ 75.95432, 11.98763 ], [ 75.96242, 11.98802 ], [ 75.96873, 11.98376 ], [ 75.97152, 11.98306 ], [ 75.97217, 11.98025 ], [ 75.97211, 11.97163 ], [ 75.97398, 11.96966 ], [ 75.97922, 11.96921 ], [ 75.98168, 11.96794 ], [ 75.98412, 11.96535 ], [ 75.99013, 11.96683 ], [ 75.99475, 11.96696 ], [ 75.9973, 11.96435 ], [ 75.99603, 11.96241 ], [ 75.99549, 11.95829 ], [ 75.99786, 11.95681 ], [ 75.99796, 11.95347 ], [ 76.00178, 11.94918 ], [ 76.00169, 11.94655 ], [ 76.00553, 11.94752 ], [ 76.00971, 11.94468 ], [ 76.0155, 11.94684 ], [ 76.01861, 11.94881 ], [ 76.01949, 11.95541 ], [ 76.02282, 11.95525 ], [ 76.0261, 11.94851 ], [ 76.03094, 11.94636 ], [ 76.04015, 11.94995 ], [ 76.04458, 11.95693 ], [ 76.04547, 11.95213 ], [ 76.04819, 11.9528 ], [ 76.05315, 11.95192 ], [ 76.04609, 11.94932 ], [ 76.0435, 11.94499 ], [ 76.03988, 11.94381 ], [ 76.03794, 11.94108 ], [ 76.03423, 11.93883 ], [ 76.03078, 11.93904 ], [ 76.02831, 11.94133 ], [ 76.02341, 11.94267 ], [ 76.02103, 11.94118 ], [ 76.01605, 11.93987 ], [ 76.01191, 11.93973 ], [ 76.008, 11.93755 ], [ 76.00459, 11.9307 ], [ 76.00021, 11.93007 ], [ 75.99277, 11.93325 ], [ 75.98956, 11.93339 ], [ 75.98643, 11.93222 ], [ 75.98199, 11.93338 ], [ 75.97804, 11.93286 ], [ 75.95669, 11.94083 ], [ 75.95299, 11.93963 ], [ 75.94994, 11.94066 ], [ 75.93187, 11.93877 ], [ 75.93037, 11.94079 ], [ 75.92681, 11.94265 ], [ 75.91938, 11.94361 ], [ 75.91586, 11.94514 ], [ 75.91032, 11.94618 ], [ 75.9049, 11.94494 ], [ 75.89963, 11.94531 ], [ 75.88739, 11.95063 ], [ 75.88171, 11.94895 ], [ 75.87347, 11.95186 ], [ 75.871, 11.95193 ], [ 75.86759, 11.95628 ], [ 75.85981, 11.95872 ], [ 75.85558, 11.9629 ], [ 75.8541, 11.96973 ], [ 75.8491, 11.97451 ], [ 75.85046, 11.97697 ], [ 75.84845, 11.97896 ], [ 75.8456, 11.98059 ], [ 75.84364, 11.97961 ], [ 75.83791, 11.97993 ], [ 75.83031, 11.983 ], [ 75.82695, 11.98832 ], [ 75.82598, 11.99297 ], [ 75.82632, 11.99987 ], [ 75.82444, 12.00091 ], [ 75.82132, 12.0011 ], [ 75.82412, 12.00773 ], [ 75.82416, 12.01013 ], [ 75.81762, 12.01798 ], [ 75.81569, 12.0194 ], [ 75.81251, 12.01996 ], [ 75.81084, 12.02172 ], [ 75.81179, 12.02706 ], [ 75.80204, 12.03549 ], [ 75.80199, 12.04108 ], [ 75.80027, 12.04678 ], [ 75.79865, 12.04996 ], [ 75.79495, 12.0534 ], [ 75.79805, 12.05414 ], [ 75.79955, 12.06153 ], [ 75.80323, 12.07168 ], [ 75.80476, 12.07353 ], [ 75.80345, 12.07623 ], [ 75.79837, 12.07857 ], [ 75.7968, 12.08056 ], [ 75.79398, 12.08125 ], [ 75.7918, 12.0808 ], [ 75.78613, 12.08333 ], [ 75.78146, 12.08152 ], [ 75.7744, 12.08165 ], [ 75.7676, 12.08354 ], [ 75.76381, 12.08217 ], [ 75.75685, 12.0823 ], [ 75.75475, 12.08318 ], [ 75.75272, 12.08277 ], [ 75.74979, 12.07799 ], [ 75.74052, 12.07959 ], [ 75.7563, 12.09056 ], [ 75.75649, 12.09306 ], [ 75.7552, 12.09624 ], [ 75.75658, 12.09783 ], [ 75.76276, 12.10005 ], [ 75.7659, 12.10262 ], [ 75.77077, 12.10196 ], [ 75.77313, 12.10049 ], [ 75.78078, 12.10299 ], [ 75.78127, 12.10514 ], [ 75.77953, 12.107 ], [ 75.78265, 12.10784 ], [ 75.78342, 12.10991 ], [ 75.78989, 12.11265 ], [ 75.79011, 12.11689 ], [ 75.7869, 12.11974 ], [ 75.78606, 12.12399 ], [ 75.79299, 12.12669 ], [ 75.79682, 12.12906 ], [ 75.79908, 12.12919 ], [ 75.79975, 12.1311 ], [ 75.79921, 12.13385 ], [ 75.79439, 12.13697 ], [ 75.79628, 12.14142 ], [ 75.80425, 12.14273 ], [ 75.81431, 12.14682 ], [ 75.81682, 12.14614 ], [ 75.82515, 12.13534 ] ] ] } },
{ "type": "Feature", "properties": { "newname": null }, "geometry": { "type": "Polygon", "coordinates": [ [ [ 75.55115, 12.27919 ], [ 75.54867, 12.25106 ], [ 75.55848, 12.2415 ], [ 75.5828, 12.22885 ], [ 75.58529, 12.2263 ], [ 75.58732, 12.22237 ], [ 75.58792, 12.21712 ], [ 75.58598, 12.21127 ], [ 75.57405, 12.19951 ], [ 75.57676, 12.19719 ], [ 75.58775, 12.19381 ], [ 75.60602, 12.19574 ], [ 75.62122, 12.1916 ], [ 75.62527, 12.1897 ], [ 75.62945, 12.18512 ], [ 75.63244, 12.1763 ], [ 75.68025, 12.13963 ], [ 75.68314, 12.13517 ], [ 75.68549, 12.12751 ], [ 75.73332, 12.13247 ], [ 75.78996, 12.11396 ], [ 75.78989, 12.11265 ], [ 75.78342, 12.10991 ], [ 75.78265, 12.10784 ], [ 75.77953, 12.107 ], [ 75.78127, 12.10514 ], [ 75.78078, 12.10299 ], [ 75.77313, 12.10049 ], [ 75.77077, 12.10196 ], [ 75.7659, 12.10262 ], [ 75.76276, 12.10005 ], [ 75.75658, 12.09783 ], [ 75.75563, 12.09674 ], [ 75.72976, 12.10528 ], [ 75.67708, 12.09928 ], [ 75.67173, 12.09974 ], [ 75.66697, 12.10217 ], [ 75.66351, 12.10621 ], [ 75.65838, 12.12223 ], [ 75.61121, 12.15827 ], [ 75.60844, 12.16173 ], [ 75.60634, 12.1676 ], [ 75.60297, 12.16854 ], [ 75.58452, 12.16659 ], [ 75.56578, 12.17218 ], [ 75.56201, 12.174 ], [ 75.54595, 12.18776 ], [ 75.54251, 12.1939 ], [ 75.54211, 12.19741 ], [ 75.54292, 12.20175 ], [ 75.55072, 12.21495 ], [ 75.54169, 12.21983 ], [ 75.5247, 12.23628 ], [ 75.52192, 12.24015 ], [ 75.5207, 12.2444 ], [ 75.52346, 12.27886 ], [ 75.51991, 12.29009 ], [ 75.52347, 12.29063 ], [ 75.52682, 12.2925 ], [ 75.53387, 12.29038 ], [ 75.5365, 12.29182 ], [ 75.53936, 12.29484 ], [ 75.5462, 12.29823 ], [ 75.55058, 12.28435 ], [ 75.55115, 12.27919 ] ] ] } },
{ "type": "Feature", "properties": { "newname": null }, "geometry": { "type": "Polygon", "coordinates": [ [ [ 75.71436, 12.56103 ], [ 75.71744, 12.5592 ], [ 75.72924, 12.54666 ], [ 75.74383, 12.53548 ], [ 75.74663, 12.53199 ], [ 75.7748, 12.51465 ], [ 75.79963, 12.49312 ], [ 75.80176, 12.49027 ], [ 75.81132, 12.4701 ], [ 75.81791, 12.45833 ], [ 75.84271, 12.42381 ], [ 75.8631, 12.40418 ], [ 75.93497, 12.32646 ], [ 75.95864, 12.30857 ], [ 75.95921, 12.3067 ], [ 75.95853, 12.30412 ], [ 75.95517, 12.30319 ], [ 75.9543, 12.2963 ], [ 75.95346, 12.29524 ], [ 75.95211, 12.29537 ], [ 75.94797, 12.29312 ], [ 75.94815, 12.29127 ], [ 75.94609, 12.28978 ], [ 75.94514, 12.28698 ], [ 75.9434, 12.2862 ], [ 75.93925, 12.28732 ], [ 75.93174, 12.29305 ], [ 75.86469, 12.36818 ], [ 75.84463, 12.38403 ], [ 75.82175, 12.40613 ], [ 75.79451, 12.44394 ], [ 75.7865, 12.45824 ], [ 75.77836, 12.47546 ], [ 75.7586, 12.49263 ], [ 75.72895, 12.51089 ], [ 75.72425, 12.51603 ], [ 75.71028, 12.52692 ], [ 75.71303, 12.53247 ], [ 75.71374, 12.53753 ], [ 75.71648, 12.54025 ], [ 75.71828, 12.54378 ], [ 75.71653, 12.5463 ], [ 75.71205, 12.54816 ], [ 75.71087, 12.55034 ], [ 75.70838, 12.55194 ], [ 75.70616, 12.55165 ], [ 75.70478, 12.55362 ], [ 75.70453, 12.55723 ], [ 75.70285, 12.56084 ], [ 75.71, 12.56212 ], [ 75.71436, 12.56103 ] ] ] } },
{ "type": "Feature", "properties": { "newname": null }, "geometry": { "type": "Polygon", "coordinates": [ [ [ 75.6982, 12.68738 ], [ 75.70035, 12.68147 ], [ 75.7004, 12.67912 ], [ 75.69777, 12.67595 ], [ 75.69772, 12.67389 ], [ 75.70359, 12.66825 ], [ 75.70596, 12.66822 ], [ 75.70851, 12.66597 ], [ 75.7047, 12.65864 ], [ 75.70447, 12.65542 ], [ 75.70599, 12.64837 ], [ 75.70439, 12.64451 ], [ 75.70392, 12.63628 ], [ 75.70028, 12.62775 ], [ 75.69792, 12.62676 ], [ 75.6976, 12.62434 ], [ 75.70181, 12.62297 ], [ 75.70296, 12.6206 ], [ 75.70092, 12.61823 ], [ 75.7009, 12.61224 ], [ 75.70209, 12.6044 ], [ 75.70165, 12.59958 ], [ 75.69987, 12.59809 ], [ 75.70045, 12.59441 ], [ 75.69973, 12.59098 ], [ 75.70107, 12.58849 ], [ 75.70081, 12.58347 ], [ 75.69969, 12.58158 ], [ 75.70554, 12.57616 ], [ 75.70697, 12.57178 ], [ 75.70634, 12.56956 ], [ 75.70757, 12.56493 ], [ 75.70273, 12.56111 ], [ 75.70453, 12.55723 ], [ 75.70478, 12.55362 ], [ 75.70616, 12.55165 ], [ 75.70838, 12.55194 ], [ 75.71087, 12.55034 ], [ 75.71205, 12.54816 ], [ 75.71653, 12.5463 ], [ 75.71828, 12.54378 ], [ 75.71648, 12.54025 ], [ 75.71374, 12.53753 ], [ 75.71303, 12.53247 ], [ 75.71105, 12.52788 ], [ 75.70403, 12.51819 ], [ 75.70015, 12.51517 ], [ 75.69785, 12.51165 ], [ 75.6971, 12.50838 ], [ 75.69478, 12.50602 ], [ 75.6946, 12.504 ], [ 75.68535, 12.49906 ], [ 75.68402, 12.49641 ], [ 75.68194, 12.49597 ], [ 75.68107, 12.4937 ], [ 75.67809, 12.49284 ], [ 75.67688, 12.49099 ], [ 75.66849, 12.48816 ], [ 75.66637, 12.4889 ], [ 75.6587, 12.49436 ], [ 75.65527, 12.49485 ], [ 75.64393, 12.50537 ], [ 75.64233, 12.51014 ], [ 75.6403, 12.51138 ], [ 75.63901, 12.51499 ], [ 75.63374, 12.52382 ], [ 75.63413, 12.5259 ], [ 75.63844, 12.52836 ], [ 75.64169, 12.53474 ], [ 75.64499, 12.53734 ], [ 75.65222, 12.53908 ], [ 75.65443, 12.53872 ], [ 75.65777, 12.54115 ], [ 75.6683, 12.54515 ], [ 75.67155, 12.54897 ], [ 75.67147, 12.55615 ], [ 75.66961, 12.56301 ], [ 75.66515, 12.56698 ], [ 75.66818, 12.5692 ], [ 75.66919, 12.57093 ], [ 75.66625, 12.57403 ], [ 75.66415, 12.57416 ], [ 75.6632, 12.57617 ], [ 75.66272, 12.57903 ], [ 75.66478, 12.58356 ], [ 75.66264, 12.59493 ], [ 75.65719, 12.60216 ], [ 75.6548, 12.60903 ], [ 75.65477, 12.61803 ], [ 75.64693, 12.6218 ], [ 75.6433, 12.62484 ], [ 75.64293, 12.63314 ], [ 75.64467, 12.63753 ], [ 75.64416, 12.64399 ], [ 75.64606, 12.6512 ], [ 75.64611, 12.65612 ], [ 75.64851, 12.66094 ], [ 75.64928, 12.66579 ], [ 75.65369, 12.6712 ], [ 75.65483, 12.6765 ], [ 75.66696, 12.69581 ], [ 75.66907, 12.69615 ], [ 75.67529, 12.6993 ], [ 75.68991, 12.70026 ], [ 75.6917, 12.69915 ], [ 75.6982, 12.68738 ] ] ] } },
{ "type": "Feature", "properties": { "newname": null }, "geometry": { "type": "Polygon", "coordinates": [ [ [ 76.66461, 12.42672 ], [ 76.66442, 12.4214 ], [ 76.64951, 12.42177 ], [ 76.6493, 12.43616 ], [ 76.65559, 12.43648 ], [ 76.66461, 12.42672 ] ] ] } },
{ "type": "Feature", "properties": { "newname": null }, "geometry": { "type": "Polygon", "coordinates": [ [ [ 76.68843, 12.64337 ], [ 76.68171, 12.6447 ], [ 76.68037, 12.6513 ], [ 76.68441, 12.65526 ], [ 76.68711, 12.65384 ], [ 76.68843, 12.64337 ] ] ] } },
{ "type": "Feature", "properties": { "newname": null }, "geometry": { "type": "Polygon", "coordinates": [ [ [ 77.10258, 12.51453 ], [ 77.10319, 12.50292 ], [ 77.09739, 12.50318 ], [ 77.08805, 12.50132 ], [ 77.08565, 12.50039 ], [ 77.08491, 12.49917 ], [ 77.0852, 12.49718 ], [ 77.08462, 12.49756 ], [ 77.08189, 12.50276 ], [ 77.08029, 12.51174 ], [ 77.08407, 12.51238 ], [ 77.08478, 12.5119 ], [ 77.08853, 12.51354 ], [ 77.09257, 12.51315 ], [ 77.09257, 12.51408 ], [ 77.09485, 12.51341 ], [ 77.09806, 12.51482 ], [ 77.10258, 12.51453 ] ] ] } },
{ "type": "Feature", "properties": { "newname": null }, "geometry": { "type": "Polygon", "coordinates": [ [ [ 77.31405, 12.76302 ], [ 77.31235, 12.75582 ], [ 77.31415, 12.74603 ], [ 77.30783, 12.7447 ], [ 77.29948, 12.74624 ], [ 77.29611, 12.74167 ], [ 77.29272, 12.73991 ], [ 77.29364, 12.74497 ], [ 77.29633, 12.74869 ], [ 77.29821, 12.74982 ], [ 77.29888, 12.75805 ], [ 77.29814, 12.75931 ], [ 77.30635, 12.76333 ], [ 77.31405, 12.76302 ] ] ] } },
{ "type": "Feature", "properties": { "newname": null }, "geometry": { "type": "Polygon", "coordinates": [ [ [ 76.74238, 13.0208 ], [ 76.73295, 13.01866 ], [ 76.73291, 13.02444 ], [ 76.73563, 13.02585 ], [ 76.7367, 13.02834 ], [ 76.73906, 13.02814 ], [ 76.74238, 13.0208 ] ] ] } },
{ "type": "Feature", "properties": { "newname": null }, "geometry": { "type": "Polygon", "coordinates": [ [ [ 77.32278, 13.74906 ], [ 77.31739, 13.7434 ], [ 77.31867, 13.74207 ], [ 77.31918, 13.74255 ], [ 77.31871, 13.74049 ], [ 77.3157, 13.74137 ], [ 77.31613, 13.74528 ], [ 77.31891, 13.74743 ], [ 77.31828, 13.74807 ], [ 77.32102, 13.75097 ], [ 77.32278, 13.74906 ] ] ] } },
{ "type": "Feature", "properties": { "newname": null }, "geometry": { "type": "Polygon", "coordinates": [ [ [ 77.3328, 13.75679 ], [ 77.33862, 13.75516 ], [ 77.3397, 13.75759 ], [ 77.34304, 13.75638 ], [ 77.33708, 13.74109 ], [ 77.33781, 13.73955 ], [ 77.33532, 13.73259 ], [ 77.32855, 13.73373 ], [ 77.32785, 13.73986 ], [ 77.32724, 13.73983 ], [ 77.32704, 13.73601 ], [ 77.31892, 13.73664 ], [ 77.31933, 13.74272 ], [ 77.32079, 13.74413 ], [ 77.32167, 13.74733 ], [ 77.32316, 13.74864 ], [ 77.32257, 13.7479 ], [ 77.32473, 13.74551 ], [ 77.32781, 13.74917 ], [ 77.32775, 13.75241 ], [ 77.32838, 13.7529 ], [ 77.32991, 13.7512 ], [ 77.33189, 13.75324 ], [ 77.33053, 13.75475 ], [ 77.33343, 13.75845 ], [ 77.3328, 13.75679 ] ] ] } },
{ "type": "Feature", "properties": { "newname": null }, "geometry": { "type": "Polygon", "coordinates": [ [ [ 76.07369, 13.68085 ], [ 76.078, 13.68046 ], [ 76.07795, 13.67914 ], [ 76.0794, 13.67907 ], [ 76.07952, 13.67593 ], [ 76.08233, 13.67574 ], [ 76.0829, 13.66922 ], [ 76.08206, 13.6601 ], [ 76.08056, 13.66048 ], [ 76.08004, 13.65696 ], [ 76.07895, 13.65731 ], [ 76.07759, 13.65019 ], [ 76.07853, 13.64987 ], [ 76.08392, 13.63955 ], [ 76.08399, 13.63536 ], [ 76.07953, 13.63388 ], [ 76.07931, 13.63294 ], [ 76.07646, 13.63375 ], [ 76.07535, 13.63293 ], [ 76.07299, 13.63413 ], [ 76.07164, 13.63109 ], [ 76.07194, 13.62965 ], [ 76.07104, 13.62958 ], [ 76.06688, 13.6323 ], [ 76.06645, 13.63346 ], [ 76.06683, 13.63621 ], [ 76.06981, 13.63722 ], [ 76.06953, 13.64281 ], [ 76.06526, 13.64252 ], [ 76.06439, 13.64561 ], [ 76.06355, 13.64527 ], [ 76.06332, 13.6461 ], [ 76.06274, 13.64589 ], [ 76.06398, 13.6423 ], [ 76.05942, 13.64208 ], [ 76.05931, 13.6472 ], [ 76.06037, 13.64721 ], [ 76.0604, 13.64906 ], [ 76.06164, 13.64907 ], [ 76.06214, 13.65713 ], [ 76.06541, 13.65787 ], [ 76.0665, 13.65713 ], [ 76.07051, 13.66087 ], [ 76.07424, 13.66644 ], [ 76.0734, 13.6671 ], [ 76.07021, 13.67581 ], [ 76.06956, 13.68099 ], [ 76.0729, 13.68081 ], [ 76.07377, 13.68161 ], [ 76.07369, 13.68085 ] ] ] } },
{ "type": "Feature", "properties": { "newname": null }, "geometry": { "type": "Polygon", "coordinates": [ [ [ 75.72958, 14.61944 ], [ 75.72988, 14.62198 ], [ 75.73309, 14.62259 ], [ 75.73204, 14.61903 ], [ 75.72958, 14.61944 ] ] ] } },
{ "type": "Feature", "properties": { "newname": null }, "geometry": { "type": "Polygon", "coordinates": [ [ [ 75.73585, 14.62095 ], [ 75.73631, 14.6185 ], [ 75.73536, 14.61252 ], [ 75.7327, 14.61215 ], [ 75.73091, 14.60881 ], [ 75.72708, 14.60762 ], [ 75.72775, 14.60456 ], [ 75.72979, 14.60291 ], [ 75.73531, 14.60266 ], [ 75.73896, 14.6117 ], [ 75.74146, 14.61252 ], [ 75.75005, 14.61322 ], [ 75.76723, 14.61302 ], [ 75.77833, 14.61052 ], [ 75.77225, 14.60243 ], [ 75.78848, 14.60273 ], [ 75.78334, 14.58262 ], [ 75.77628, 14.57965 ], [ 75.77293, 14.57605 ], [ 75.76859, 14.57312 ], [ 75.75081, 14.57992 ], [ 75.74899, 14.57839 ], [ 75.74623, 14.57855 ], [ 75.743, 14.57718 ], [ 75.73582, 14.58142 ], [ 75.72891, 14.58435 ], [ 75.72655, 14.58888 ], [ 75.7207, 14.59288 ], [ 75.71457, 14.5994 ], [ 75.70758, 14.59394 ], [ 75.69389, 14.60441 ], [ 75.69749, 14.6129 ], [ 75.70131, 14.61331 ], [ 75.70628, 14.61051 ], [ 75.71032, 14.60969 ], [ 75.71079, 14.61335 ], [ 75.70876, 14.62262 ], [ 75.71374, 14.62661 ], [ 75.71613, 14.63073 ], [ 75.72304, 14.6309 ], [ 75.72789, 14.62986 ], [ 75.73331, 14.63203 ], [ 75.73263, 14.62733 ], [ 75.73309, 14.62259 ], [ 75.73585, 14.62095 ] ], [ [ 75.73309, 14.62259 ], [ 75.72988, 14.62198 ], [ 75.72958, 14.61944 ], [ 75.73204, 14.61903 ], [ 75.73309, 14.62259 ] ] ] } },
{ "type": "Feature", "properties": { "newname": null }, "geometry": { "type": "Polygon", "coordinates": [ [ [ 75.69856, 14.71209 ], [ 75.69855, 14.70851 ], [ 75.70146, 14.70828 ], [ 75.70074, 14.71172 ], [ 75.70503, 14.71176 ], [ 75.70784, 14.71083 ], [ 75.71178, 14.70139 ], [ 75.7005, 14.6939 ], [ 75.69743, 14.69326 ], [ 75.69817, 14.68661 ], [ 75.70074, 14.68303 ], [ 75.69939, 14.6655 ], [ 75.70146, 14.66568 ], [ 75.70164, 14.65178 ], [ 75.71226, 14.65431 ], [ 75.71316, 14.65163 ], [ 75.71241, 14.64921 ], [ 75.70808, 14.64789 ], [ 75.71278, 14.64511 ], [ 75.71111, 14.64203 ], [ 75.70543, 14.63795 ], [ 75.70204, 14.64023 ], [ 75.70074, 14.63543 ], [ 75.69624, 14.6343 ], [ 75.696, 14.63196 ], [ 75.68416, 14.6338 ], [ 75.68221, 14.63006 ], [ 75.69371, 14.62113 ], [ 75.69208, 14.61613 ], [ 75.69669, 14.61492 ], [ 75.69749, 14.6129 ], [ 75.69262, 14.60991 ], [ 75.68969, 14.61099 ], [ 75.68911, 14.61506 ], [ 75.68581, 14.61631 ], [ 75.68731, 14.62177 ], [ 75.68013, 14.6245 ], [ 75.67348, 14.62266 ], [ 75.67142, 14.62331 ], [ 75.67034, 14.61965 ], [ 75.66374, 14.61946 ], [ 75.6638, 14.62216 ], [ 75.66955, 14.62661 ], [ 75.66771, 14.6284 ], [ 75.66806, 14.63065 ], [ 75.67323, 14.63095 ], [ 75.67387, 14.6336 ], [ 75.67659, 14.63825 ], [ 75.67591, 14.64158 ], [ 75.68047, 14.6457 ], [ 75.67574, 14.64902 ], [ 75.66114, 14.64857 ], [ 75.64361, 14.64629 ], [ 75.64107, 14.66027 ], [ 75.64159, 14.66362 ], [ 75.63914, 14.66533 ], [ 75.63936, 14.67174 ], [ 75.65017, 14.66703 ], [ 75.65121, 14.66526 ], [ 75.67067, 14.66628 ], [ 75.67158, 14.67075 ], [ 75.67807, 14.67067 ], [ 75.68145, 14.67167 ], [ 75.68268, 14.67425 ], [ 75.68121, 14.67631 ], [ 75.67516, 14.67669 ], [ 75.66828, 14.67899 ], [ 75.66282, 14.68266 ], [ 75.66487, 14.69191 ], [ 75.67527, 14.68967 ], [ 75.67766, 14.68948 ], [ 75.68114, 14.69061 ], [ 75.68002, 14.69521 ], [ 75.6804, 14.71057 ], [ 75.68275, 14.71036 ], [ 75.68958, 14.71348 ], [ 75.69138, 14.71509 ], [ 75.69415, 14.71556 ], [ 75.69516, 14.7127 ], [ 75.69856, 14.71209 ] ] ] } },
{ "type": "Feature", "properties": { "newname": null }, "geometry": { "type": "Polygon", "coordinates": [ [ [ 76.1579, 14.68213 ], [ 76.1557, 14.68073 ], [ 76.15509, 14.6651 ], [ 76.15869, 14.6673 ], [ 76.1601, 14.66608 ], [ 76.16229, 14.66748 ], [ 76.1665, 14.66608 ], [ 76.17108, 14.66809 ], [ 76.1709, 14.66229 ], [ 76.16827, 14.6615 ], [ 76.16852, 14.6593 ], [ 76.16412, 14.65472 ], [ 76.15613, 14.66071 ], [ 76.15289, 14.66193 ], [ 76.15271, 14.66272 ], [ 76.14648, 14.66608 ], [ 76.14551, 14.66687 ], [ 76.1449, 14.66968 ], [ 76.1391, 14.66968 ], [ 76.1391, 14.67169 ], [ 76.13751, 14.67169 ], [ 76.13232, 14.67468 ], [ 76.13647, 14.68512 ], [ 76.14313, 14.68347 ], [ 76.14331, 14.68408 ], [ 76.14929, 14.6839 ], [ 76.15369, 14.68689 ], [ 76.1579, 14.68213 ] ] ] } },
{ "type": "Feature", "properties": { "newname": null }, "geometry": { "type": "Polygon", "coordinates": [ [ [ 76.20111, 14.67969 ], [ 76.20508, 14.67731 ], [ 76.21832, 14.66168 ], [ 76.23071, 14.64948 ], [ 76.23273, 14.65271 ], [ 76.24249, 14.64911 ], [ 76.26031, 14.6441 ], [ 76.2605, 14.64252 ], [ 76.27008, 14.6347 ], [ 76.2713, 14.62512 ], [ 76.26593, 14.6239 ], [ 76.2663, 14.61853 ], [ 76.25653, 14.61688 ], [ 76.25769, 14.62292 ], [ 76.24628, 14.62311 ], [ 76.24548, 14.63013 ], [ 76.24353, 14.63531 ], [ 76.24548, 14.63831 ], [ 76.23309, 14.63709 ], [ 76.22131, 14.64349 ], [ 76.21649, 14.64392 ], [ 76.21448, 14.64252 ], [ 76.21368, 14.64752 ], [ 76.20728, 14.65613 ], [ 76.20929, 14.66211 ], [ 76.20508, 14.66248 ], [ 76.20129, 14.66589 ], [ 76.19952, 14.67108 ], [ 76.19592, 14.67011 ], [ 76.19513, 14.67151 ], [ 76.1925, 14.68073 ], [ 76.19049, 14.68408 ], [ 76.19128, 14.68591 ], [ 76.19348, 14.68671 ], [ 76.19391, 14.6817 ], [ 76.20111, 14.67969 ] ] ] } },
{ "type": "Feature", "properties": { "newname": null }, "geometry": { "type": "Polygon", "coordinates": [ [ [ 76.47675, 14.93484 ], [ 76.47115, 14.92395 ], [ 76.47394, 14.91306 ], [ 76.45216, 14.90702 ], [ 76.44595, 14.91307 ], [ 76.43475, 14.92124 ], [ 76.42916, 14.93485 ], [ 76.44315, 14.94029 ], [ 76.45435, 14.94301 ], [ 76.45995, 14.93756 ], [ 76.47675, 14.93484 ] ] ] } },
{ "type": "Feature", "properties": { "newname": null }, "geometry": { "type": "Polygon", "coordinates": [ [ [ 76.1853, 14.65631 ], [ 76.18689, 14.65668 ], [ 76.1889, 14.65552 ], [ 76.18872, 14.65393 ], [ 76.19373, 14.65369 ], [ 76.19513, 14.65192 ], [ 76.1947, 14.6499 ], [ 76.19348, 14.6485 ], [ 76.1925, 14.64868 ], [ 76.19208, 14.64709 ], [ 76.19427, 14.64569 ], [ 76.19489, 14.64349 ], [ 76.20032, 14.64191 ], [ 76.20068, 14.64288 ], [ 76.19812, 14.6441 ], [ 76.1983, 14.64807 ], [ 76.19849, 14.64893 ], [ 76.20129, 14.64893 ], [ 76.21307, 14.6377 ], [ 76.2157, 14.63788 ], [ 76.21771, 14.64148 ], [ 76.2251, 14.63831 ], [ 76.22449, 14.6347 ], [ 76.2265, 14.63409 ], [ 76.22632, 14.63092 ], [ 76.2287, 14.62988 ], [ 76.22931, 14.62567 ], [ 76.24091, 14.61829 ], [ 76.24048, 14.61292 ], [ 76.23889, 14.61151 ], [ 76.2373, 14.60809 ], [ 76.24048, 14.6051 ], [ 76.24548, 14.61047 ], [ 76.24908, 14.61029 ], [ 76.25311, 14.6037 ], [ 76.2533, 14.59991 ], [ 76.25549, 14.6001 ], [ 76.25769, 14.60107 ], [ 76.25488, 14.60968 ], [ 76.25751, 14.6095 ], [ 76.2597, 14.60809 ], [ 76.26068, 14.60968 ], [ 76.26007, 14.61353 ], [ 76.26727, 14.61353 ], [ 76.27008, 14.60632 ], [ 76.27051, 14.59113 ], [ 76.28247, 14.57428 ], [ 76.28412, 14.5639 ], [ 76.27948, 14.55573 ], [ 76.2757, 14.55151 ], [ 76.27368, 14.54712 ], [ 76.27051, 14.5473 ], [ 76.26593, 14.54492 ], [ 76.26471, 14.5495 ], [ 76.2605, 14.54852 ], [ 76.25952, 14.5481 ], [ 76.25952, 14.54633 ], [ 76.25751, 14.54572 ], [ 76.25751, 14.5415 ], [ 76.25067, 14.53888 ], [ 76.25049, 14.54132 ], [ 76.24969, 14.54187 ], [ 76.24847, 14.54089 ], [ 76.2467, 14.54108 ], [ 76.2467, 14.54352 ], [ 76.24469, 14.54468 ], [ 76.24609, 14.55151 ], [ 76.2439, 14.55133 ], [ 76.24329, 14.54932 ], [ 76.23907, 14.54907 ], [ 76.2373, 14.55231 ], [ 76.23669, 14.55768 ], [ 76.23529, 14.5575 ], [ 76.23352, 14.55029 ], [ 76.22827, 14.56689 ], [ 76.22607, 14.56927 ], [ 76.2243, 14.57428 ], [ 76.2243, 14.57507 ], [ 76.22729, 14.5755 ], [ 76.22748, 14.57727 ], [ 76.23248, 14.57709 ], [ 76.23108, 14.58368 ], [ 76.23071, 14.59088 ], [ 76.2251, 14.60272 ], [ 76.21729, 14.60052 ], [ 76.21552, 14.59912 ], [ 76.21307, 14.60571 ], [ 76.20911, 14.60608 ], [ 76.20428, 14.60913 ], [ 76.2019, 14.61169 ], [ 76.20007, 14.61011 ], [ 76.19788, 14.6123 ], [ 76.19891, 14.61371 ], [ 76.19189, 14.6203 ], [ 76.18927, 14.61987 ], [ 76.18469, 14.62091 ], [ 76.1781, 14.63391 ], [ 76.17749, 14.63531 ], [ 76.1795, 14.63593 ], [ 76.17828, 14.64111 ], [ 76.17572, 14.6449 ], [ 76.17731, 14.64911 ], [ 76.17908, 14.64929 ], [ 76.17987, 14.65271 ], [ 76.17609, 14.65308 ], [ 76.1723, 14.65668 ], [ 76.17407, 14.66052 ], [ 76.17609, 14.66089 ], [ 76.1795, 14.65991 ], [ 76.18011, 14.66089 ], [ 76.18408, 14.66071 ], [ 76.1853, 14.65631 ] ] ] } },
{ "type": "Feature", "properties": { "newname": null }, "geometry": { "type": "Polygon", "coordinates": [ [ [ 76.64434, 14.84421 ], [ 76.64541, 14.84295 ], [ 76.65094, 14.84313 ], [ 76.6537, 14.84044 ], [ 76.65318, 14.83629 ], [ 76.65737, 14.83607 ], [ 76.6591, 14.83822 ], [ 76.66222, 14.83768 ], [ 76.66322, 14.83192 ], [ 76.66472, 14.83135 ], [ 76.6718, 14.83029 ], [ 76.67307, 14.83083 ], [ 76.67584, 14.82924 ], [ 76.67701, 14.82934 ], [ 76.67737, 14.83269 ], [ 76.6787, 14.8336 ], [ 76.68039, 14.83348 ], [ 76.6932, 14.82517 ], [ 76.69983, 14.82399 ], [ 76.70566, 14.8168 ], [ 76.68386, 14.8073 ], [ 76.67743, 14.79588 ], [ 76.65684, 14.80721 ], [ 76.65577, 14.80542 ], [ 76.65408, 14.80501 ], [ 76.65278, 14.8033 ], [ 76.65141, 14.80359 ], [ 76.65044, 14.80422 ], [ 76.64934, 14.80789 ], [ 76.64342, 14.81021 ], [ 76.64027, 14.81233 ], [ 76.63458, 14.81158 ], [ 76.63422, 14.8142 ], [ 76.63507, 14.8173 ], [ 76.63823, 14.82049 ], [ 76.6413, 14.83141 ], [ 76.64361, 14.83536 ], [ 76.64053, 14.83612 ], [ 76.64, 14.83372 ], [ 76.63594, 14.83372 ], [ 76.63437, 14.83255 ], [ 76.63324, 14.83353 ], [ 76.63337, 14.83521 ], [ 76.63178, 14.83917 ], [ 76.63377, 14.84207 ], [ 76.63949, 14.84409 ], [ 76.64434, 14.84421 ] ] ] } },
{ "type": "Feature", "properties": { "newname": null }, "geometry": { "type": "Polygon", "coordinates": [ [ [ 76.65228, 14.90102 ], [ 76.65286, 14.89697 ], [ 76.65288, 14.89592 ], [ 76.64964, 14.89546 ], [ 76.64765, 14.89394 ], [ 76.65298, 14.8907 ], [ 76.65201, 14.88906 ], [ 76.6537, 14.88571 ], [ 76.65101, 14.87546 ], [ 76.67462, 14.8667 ], [ 76.66746, 14.86114 ], [ 76.66447, 14.86349 ], [ 76.66362, 14.86279 ], [ 76.6592, 14.86337 ], [ 76.65763, 14.86198 ], [ 76.65451, 14.86179 ], [ 76.65327, 14.85774 ], [ 76.65385, 14.8504 ], [ 76.65293, 14.84983 ], [ 76.65033, 14.84984 ], [ 76.64832, 14.85231 ], [ 76.64598, 14.85212 ], [ 76.64618, 14.85655 ], [ 76.64481, 14.85706 ], [ 76.64253, 14.85263 ], [ 76.6411, 14.85257 ], [ 76.63895, 14.85434 ], [ 76.63609, 14.85226 ], [ 76.63368, 14.85175 ], [ 76.63374, 14.84884 ], [ 76.63192, 14.84859 ], [ 76.62958, 14.8517 ], [ 76.62822, 14.851 ], [ 76.62873, 14.84948 ], [ 76.62737, 14.84955 ], [ 76.62653, 14.85271 ], [ 76.62555, 14.85183 ], [ 76.62626, 14.85088 ], [ 76.62542, 14.84917 ], [ 76.62262, 14.85019 ], [ 76.62177, 14.84905 ], [ 76.61839, 14.84949 ], [ 76.59884, 14.88039 ], [ 76.61186, 14.88006 ], [ 76.61732, 14.88151 ], [ 76.61947, 14.88252 ], [ 76.62097, 14.88454 ], [ 76.62417, 14.89707 ], [ 76.63575, 14.89636 ], [ 76.63608, 14.89756 ], [ 76.63445, 14.89756 ], [ 76.63445, 14.89832 ], [ 76.63712, 14.89863 ], [ 76.63881, 14.89692 ], [ 76.63966, 14.89781 ], [ 76.63842, 14.90021 ], [ 76.63999, 14.90027 ], [ 76.64187, 14.89837 ], [ 76.64285, 14.89945 ], [ 76.64181, 14.90053 ], [ 76.64383, 14.90217 ], [ 76.64597, 14.90039 ], [ 76.64721, 14.90077 ], [ 76.64812, 14.90242 ], [ 76.65228, 14.90102 ] ] ] } },
{ "type": "Feature", "properties": { "newname": null }, "geometry": { "type": "Polygon", "coordinates": [ [ [ 77.58333, 17.47696 ], [ 77.58592, 17.47482 ], [ 77.5856, 17.4727 ], [ 77.58733, 17.4677 ], [ 77.5871, 17.46593 ], [ 77.5833, 17.46314 ], [ 77.57416, 17.46325 ], [ 77.57684, 17.47009 ], [ 77.58387, 17.47144 ], [ 77.58406, 17.47208 ], [ 77.58369, 17.47562 ], [ 77.5739, 17.47516 ], [ 77.5742, 17.47907 ], [ 77.57917, 17.47901 ], [ 77.5815, 17.48007 ], [ 77.58333, 17.47696 ] ] ] } },
{ "type": "Feature", "properties": { "newname": null }, "geometry": { "type": "Polygon", "coordinates": [ [ [ 77.4563, 17.58157 ], [ 77.45994, 17.579 ], [ 77.46149, 17.58002 ], [ 77.46273, 17.57979 ], [ 77.4708, 17.57345 ], [ 77.47192, 17.57092 ], [ 77.47404, 17.57123 ], [ 77.47709, 17.57009 ], [ 77.47888, 17.56576 ], [ 77.49515, 17.56738 ], [ 77.49596, 17.56255 ], [ 77.49779, 17.5582 ], [ 77.49847, 17.55699 ], [ 77.50147, 17.55516 ], [ 77.50063, 17.55023 ], [ 77.50119, 17.54609 ], [ 77.50232, 17.54427 ], [ 77.50759, 17.54154 ], [ 77.51679, 17.55184 ], [ 77.51757, 17.55805 ], [ 77.52393, 17.56607 ], [ 77.52868, 17.56636 ], [ 77.531, 17.56745 ], [ 77.52968, 17.57 ], [ 77.52685, 17.57052 ], [ 77.52949, 17.57444 ], [ 77.53837, 17.57461 ], [ 77.54225, 17.56928 ], [ 77.53996, 17.5677 ], [ 77.53289, 17.56941 ], [ 77.53195, 17.56935 ], [ 77.53139, 17.56825 ], [ 77.53364, 17.56615 ], [ 77.53355, 17.56321 ], [ 77.5354, 17.56213 ], [ 77.53633, 17.56025 ], [ 77.53692, 17.55543 ], [ 77.54072, 17.55517 ], [ 77.54119, 17.55758 ], [ 77.54322, 17.5588 ], [ 77.54377, 17.55736 ], [ 77.54653, 17.55711 ], [ 77.54631, 17.55588 ], [ 77.54397, 17.55475 ], [ 77.54431, 17.55355 ], [ 77.54916, 17.55459 ], [ 77.55152, 17.55087 ], [ 77.54743, 17.5484 ], [ 77.53727, 17.54474 ], [ 77.53398, 17.54493 ], [ 77.52866, 17.54763 ], [ 77.52787, 17.54606 ], [ 77.52954, 17.54285 ], [ 77.52802, 17.54142 ], [ 77.52149, 17.54163 ], [ 77.51819, 17.5392 ], [ 77.51314, 17.54269 ], [ 77.50841, 17.54102 ], [ 77.51054, 17.53786 ], [ 77.52252, 17.52625 ], [ 77.52439, 17.52311 ], [ 77.52821, 17.52211 ], [ 77.53573, 17.51428 ], [ 77.53938, 17.51396 ], [ 77.54538, 17.51654 ], [ 77.55034, 17.51414 ], [ 77.55294, 17.51388 ], [ 77.55567, 17.5149 ], [ 77.56345, 17.52074 ], [ 77.57521, 17.52397 ], [ 77.57584, 17.5248 ], [ 77.5957, 17.52434 ], [ 77.59604, 17.53038 ], [ 77.59787, 17.53312 ], [ 77.60058, 17.5347 ], [ 77.60428, 17.53462 ], [ 77.60831, 17.53149 ], [ 77.60926, 17.52939 ], [ 77.60438, 17.51819 ], [ 77.6064, 17.51789 ], [ 77.60765, 17.5188 ], [ 77.61108, 17.52935 ], [ 77.61254, 17.5315 ], [ 77.6142, 17.53114 ], [ 77.61879, 17.52664 ], [ 77.62064, 17.52369 ], [ 77.62229, 17.52278 ], [ 77.62209, 17.52013 ], [ 77.62484, 17.51754 ], [ 77.62488, 17.51429 ], [ 77.62366, 17.51199 ], [ 77.62573, 17.50447 ], [ 77.62563, 17.50329 ], [ 77.62357, 17.50148 ], [ 77.62341, 17.5001 ], [ 77.62683, 17.49138 ], [ 77.62976, 17.48812 ], [ 77.6266, 17.48491 ], [ 77.62445, 17.48518 ], [ 77.61839, 17.48398 ], [ 77.61883, 17.48635 ], [ 77.62133, 17.48659 ], [ 77.62179, 17.48754 ], [ 77.62015, 17.48934 ], [ 77.61797, 17.48996 ], [ 77.61595, 17.48602 ], [ 77.61176, 17.48529 ], [ 77.61058, 17.48614 ], [ 77.61251, 17.49092 ], [ 77.61201, 17.49242 ], [ 77.60753, 17.49554 ], [ 77.60278, 17.49747 ], [ 77.60045, 17.49529 ], [ 77.59949, 17.48903 ], [ 77.58998, 17.48727 ], [ 77.58467, 17.4856 ], [ 77.57937, 17.48281 ], [ 77.55819, 17.48522 ], [ 77.54743, 17.48548 ], [ 77.53789, 17.48848 ], [ 77.53695, 17.48505 ], [ 77.53801, 17.48072 ], [ 77.53737, 17.46816 ], [ 77.5321, 17.46186 ], [ 77.53079, 17.45806 ], [ 77.53282, 17.45275 ], [ 77.53864, 17.44279 ], [ 77.53368, 17.44162 ], [ 77.51424, 17.42959 ], [ 77.51546, 17.41309 ], [ 77.5299, 17.40736 ], [ 77.53753, 17.4069 ], [ 77.53889, 17.40527 ], [ 77.53849, 17.40143 ], [ 77.53381, 17.39689 ], [ 77.5291, 17.39871 ], [ 77.52468, 17.39885 ], [ 77.52031, 17.40068 ], [ 77.51406, 17.4015 ], [ 77.51299, 17.40142 ], [ 77.51266, 17.39983 ], [ 77.51098, 17.39829 ], [ 77.50569, 17.39693 ], [ 77.50296, 17.3974 ], [ 77.49895, 17.40052 ], [ 77.49919, 17.40259 ], [ 77.50229, 17.40634 ], [ 77.50276, 17.41176 ], [ 77.49976, 17.41739 ], [ 77.49917, 17.42295 ], [ 77.49729, 17.42388 ], [ 77.494, 17.42393 ], [ 77.49141, 17.42656 ], [ 77.48868, 17.43649 ], [ 77.48562, 17.43911 ], [ 77.48719, 17.4457 ], [ 77.48648, 17.44757 ], [ 77.48784, 17.44844 ], [ 77.48668, 17.44964 ], [ 77.48576, 17.44924 ], [ 77.48167, 17.44505 ], [ 77.47882, 17.44472 ], [ 77.47823, 17.44279 ], [ 77.47587, 17.44159 ], [ 77.47457, 17.44394 ], [ 77.47626, 17.44789 ], [ 77.47874, 17.45005 ], [ 77.47819, 17.45176 ], [ 77.47585, 17.45015 ], [ 77.47346, 17.45064 ], [ 77.4724, 17.4533 ], [ 77.47106, 17.45419 ], [ 77.46871, 17.45283 ], [ 77.46763, 17.4531 ], [ 77.46526, 17.45501 ], [ 77.46452, 17.45699 ], [ 77.46953, 17.45926 ], [ 77.47124, 17.46247 ], [ 77.47358, 17.46125 ], [ 77.47522, 17.46356 ], [ 77.47412, 17.46467 ], [ 77.47664, 17.46967 ], [ 77.48197, 17.47723 ], [ 77.48654, 17.4797 ], [ 77.4879, 17.48451 ], [ 77.49064, 17.48781 ], [ 77.48947, 17.49391 ], [ 77.48631, 17.49949 ], [ 77.48086, 17.50064 ], [ 77.47771, 17.50032 ], [ 77.47683, 17.50161 ], [ 77.47601, 17.50557 ], [ 77.47773, 17.51124 ], [ 77.47757, 17.51422 ], [ 77.47573, 17.51627 ], [ 77.47452, 17.52556 ], [ 77.47232, 17.52616 ], [ 77.47227, 17.52983 ], [ 77.46652, 17.53009 ], [ 77.46467, 17.53186 ], [ 77.46457, 17.53374 ], [ 77.46806, 17.53413 ], [ 77.47207, 17.53589 ], [ 77.47312, 17.53773 ], [ 77.47706, 17.54019 ], [ 77.48288, 17.5397 ], [ 77.48654, 17.54044 ], [ 77.48751, 17.54182 ], [ 77.48628, 17.54305 ], [ 77.48103, 17.54335 ], [ 77.47596, 17.54879 ], [ 77.46154, 17.53893 ], [ 77.45557, 17.53665 ], [ 77.45283, 17.53399 ], [ 77.45095, 17.53344 ], [ 77.43925, 17.54513 ], [ 77.43553, 17.54709 ], [ 77.43448, 17.54974 ], [ 77.43704, 17.55227 ], [ 77.44399, 17.55154 ], [ 77.44469, 17.55203 ], [ 77.44359, 17.55309 ], [ 77.43324, 17.55361 ], [ 77.43305, 17.55582 ], [ 77.43222, 17.55613 ], [ 77.43335, 17.55845 ], [ 77.43073, 17.55828 ], [ 77.43161, 17.56012 ], [ 77.43351, 17.55956 ], [ 77.4351, 17.55616 ], [ 77.43684, 17.5554 ], [ 77.44065, 17.55551 ], [ 77.44073, 17.55784 ], [ 77.4463, 17.55798 ], [ 77.45126, 17.5567 ], [ 77.45168, 17.55732 ], [ 77.45579, 17.55727 ], [ 77.45751, 17.55828 ], [ 77.4568, 17.56089 ], [ 77.45781, 17.56292 ], [ 77.45761, 17.56476 ], [ 77.45556, 17.5651 ], [ 77.45835, 17.5683 ], [ 77.45823, 17.57001 ], [ 77.4521, 17.57057 ], [ 77.4495, 17.56541 ], [ 77.45034, 17.56264 ], [ 77.4483, 17.55953 ], [ 77.44724, 17.56013 ], [ 77.44794, 17.56544 ], [ 77.44722, 17.5662 ], [ 77.4483, 17.56853 ], [ 77.44645, 17.56939 ], [ 77.44571, 17.57077 ], [ 77.44478, 17.57071 ], [ 77.44392, 17.56934 ], [ 77.44113, 17.57017 ], [ 77.44084, 17.57445 ], [ 77.4429, 17.57845 ], [ 77.44462, 17.5783 ], [ 77.44723, 17.58241 ], [ 77.4563, 17.58157 ] ] ] } },
{ "type": "Feature", "properties": { "newname": null }, "geometry": { "type": "Polygon", "coordinates": [ [ [ 77.68259, 17.50757 ], [ 77.68519, 17.50734 ], [ 77.68686, 17.5081 ], [ 77.6885, 17.50756 ], [ 77.68753, 17.50477 ], [ 77.68481, 17.5033 ], [ 77.68509, 17.50042 ], [ 77.68706, 17.50067 ], [ 77.68879, 17.50208 ], [ 77.69066, 17.50138 ], [ 77.6926, 17.50251 ], [ 77.69359, 17.50088 ], [ 77.69335, 17.49546 ], [ 77.68911, 17.48832 ], [ 77.69075, 17.48216 ], [ 77.68982, 17.47436 ], [ 77.68724, 17.47446 ], [ 77.67807, 17.47753 ], [ 77.67066, 17.47711 ], [ 77.65835, 17.47991 ], [ 77.65676, 17.48193 ], [ 77.65367, 17.48176 ], [ 77.65386, 17.48357 ], [ 77.65782, 17.4838 ], [ 77.65948, 17.48256 ], [ 77.66, 17.48373 ], [ 77.66836, 17.48439 ], [ 77.67136, 17.48363 ], [ 77.6727, 17.48525 ], [ 77.67286, 17.48704 ], [ 77.68344, 17.48583 ], [ 77.68648, 17.48641 ], [ 77.68676, 17.48829 ], [ 77.68608, 17.48947 ], [ 77.6841, 17.49039 ], [ 77.68189, 17.48978 ], [ 77.68118, 17.4936 ], [ 77.67842, 17.49462 ], [ 77.6781, 17.49678 ], [ 77.67366, 17.49866 ], [ 77.67517, 17.50253 ], [ 77.67759, 17.50362 ], [ 77.67716, 17.50569 ], [ 77.67436, 17.50594 ], [ 77.67357, 17.50717 ], [ 77.67904, 17.50886 ], [ 77.68259, 17.50757 ] ] ] } },
{ "type": "Feature", "properties": { "newname": null }, "geometry": { "type": "Polygon", "coordinates": [ [ [ 77.64142, 17.52037 ], [ 77.64034, 17.50836 ], [ 77.64143, 17.50697 ], [ 77.64529, 17.50751 ], [ 77.64682, 17.5053 ], [ 77.64849, 17.50487 ], [ 77.64813, 17.49702 ], [ 77.64591, 17.497 ], [ 77.64452, 17.49403 ], [ 77.64309, 17.49564 ], [ 77.6362, 17.49667 ], [ 77.63484, 17.49854 ], [ 77.63341, 17.49882 ], [ 77.63176, 17.50276 ], [ 77.6323, 17.50685 ], [ 77.6295, 17.51272 ], [ 77.62962, 17.51501 ], [ 77.63032, 17.51799 ], [ 77.632, 17.51853 ], [ 77.63229, 17.51981 ], [ 77.64142, 17.52037 ] ] ] } },
{ "type": "Feature", "properties": { "newname": null }, "geometry": { "type": "Polygon", "coordinates": [ [ [ 77.93661, 17.74674 ], [ 77.93912, 17.74216 ], [ 77.94216, 17.73006 ], [ 77.94176, 17.7264 ], [ 77.94034, 17.72575 ], [ 77.94144, 17.72339 ], [ 77.94031, 17.72232 ], [ 77.94122, 17.72148 ], [ 77.93993, 17.72011 ], [ 77.94245, 17.71622 ], [ 77.94634, 17.71495 ], [ 77.94814, 17.7153 ], [ 77.95055, 17.71381 ], [ 77.95169, 17.71159 ], [ 77.95304, 17.71186 ], [ 77.95358, 17.71404 ], [ 77.9575, 17.71605 ], [ 77.95988, 17.7193 ], [ 77.96227, 17.72086 ], [ 77.96793, 17.72108 ], [ 77.97723, 17.72394 ], [ 77.98396, 17.72371 ], [ 77.99441, 17.72046 ], [ 77.9987, 17.71618 ], [ 77.99947, 17.71134 ], [ 77.99914, 17.701 ], [ 77.99976, 17.70008 ], [ 78.00079, 17.69959 ], [ 78.00391, 17.70031 ], [ 78.00655, 17.69779 ], [ 78.00763, 17.69787 ], [ 78.00833, 17.70077 ], [ 78.01037, 17.70202 ], [ 78.01051, 17.7045 ], [ 78.01123, 17.70488 ], [ 78.0119, 17.70393 ], [ 78.01496, 17.70286 ], [ 78.01285, 17.69817 ], [ 78.01379, 17.69676 ], [ 78.01983, 17.69469 ], [ 78.0233, 17.69622 ], [ 78.0252, 17.69946 ], [ 78.02608, 17.69912 ], [ 78.02751, 17.6956 ], [ 78.03207, 17.69812 ], [ 78.03296, 17.69472 ], [ 78.03494, 17.6932 ], [ 78.03468, 17.69118 ], [ 78.03615, 17.69045 ], [ 78.03744, 17.69152 ], [ 78.03838, 17.69533 ], [ 78.03725, 17.69812 ], [ 78.03779, 17.7001 ], [ 78.03931, 17.70063 ], [ 78.04184, 17.70414 ], [ 78.04404, 17.70494 ], [ 78.04308, 17.69979 ], [ 78.04497, 17.69678 ], [ 78.04359, 17.69468 ], [ 78.04404, 17.69186 ], [ 78.04276, 17.68652 ], [ 78.04295, 17.68423 ], [ 78.04091, 17.68289 ], [ 78.04172, 17.68068 ], [ 78.0411, 17.67832 ], [ 78.04371, 17.67603 ], [ 78.04924, 17.67579 ], [ 78.05128, 17.67732 ], [ 78.05518, 17.6714 ], [ 78.05521, 17.67045 ], [ 78.05295, 17.66755 ], [ 78.05437, 17.66526 ], [ 78.05682, 17.66347 ], [ 78.06075, 17.66282 ], [ 78.06339, 17.6685 ], [ 78.06292, 17.66926 ], [ 78.06129, 17.66942 ], [ 78.06004, 17.67186 ], [ 78.05801, 17.67319 ], [ 78.05714, 17.67819 ], [ 78.05315, 17.68148 ], [ 78.05349, 17.68357 ], [ 78.05711, 17.6841 ], [ 78.06115, 17.68594 ], [ 78.06274, 17.68578 ], [ 78.06512, 17.68387 ], [ 78.06485, 17.6809 ], [ 78.06571, 17.6791 ], [ 78.07005, 17.67929 ], [ 78.07323, 17.68368 ], [ 78.07778, 17.68448 ], [ 78.08102, 17.6868 ], [ 78.08537, 17.68684 ], [ 78.08568, 17.68142 ], [ 78.08505, 17.67799 ], [ 78.08076, 17.67521 ], [ 78.07882, 17.67093 ], [ 78.0787, 17.66678 ], [ 78.08144, 17.66643 ], [ 78.07825, 17.65587 ], [ 78.07443, 17.65152 ], [ 78.06825, 17.65488 ], [ 78.06352, 17.65107 ], [ 78.05608, 17.65641 ], [ 78.05385, 17.65649 ], [ 78.05407, 17.65416 ], [ 78.05267, 17.65397 ], [ 78.04597, 17.65687 ], [ 78.04548, 17.65905 ], [ 78.0478, 17.66095 ], [ 78.04594, 17.66214 ], [ 78.04449, 17.66466 ], [ 78.02939, 17.66787 ], [ 78.02524, 17.67127 ], [ 78.02175, 17.67295 ], [ 78.0216, 17.67382 ], [ 78.02413, 17.67737 ], [ 78.0229, 17.68111 ], [ 78.01872, 17.68237 ], [ 78.01711, 17.68516 ], [ 78.01396, 17.68462 ], [ 78.01322, 17.68115 ], [ 78.01029, 17.67906 ], [ 78.00432, 17.68242 ], [ 78.00108, 17.6807 ], [ 77.99899, 17.68269 ], [ 77.99722, 17.68616 ], [ 77.99747, 17.69192 ], [ 77.99323, 17.69413 ], [ 77.99233, 17.6962 ], [ 77.99185, 17.70074 ], [ 77.99276, 17.70974 ], [ 77.99148, 17.71329 ], [ 77.99021, 17.71436 ], [ 77.98413, 17.71566 ], [ 77.97337, 17.7136 ], [ 77.96999, 17.7141 ], [ 77.95918, 17.71296 ], [ 77.95797, 17.71067 ], [ 77.95444, 17.70751 ], [ 77.95214, 17.7085 ], [ 77.95134, 17.70801 ], [ 77.94717, 17.70873 ], [ 77.93912, 17.71263 ], [ 77.93668, 17.71694 ], [ 77.93652, 17.7261 ], [ 77.93726, 17.72801 ], [ 77.93672, 17.73137 ], [ 77.93511, 17.73377 ], [ 77.93349, 17.74014 ], [ 77.92944, 17.74617 ], [ 77.93225, 17.74957 ], [ 77.93408, 17.74903 ], [ 77.93661, 17.74674 ] ] ] } },
{ "type": "Feature", "properties": { "newname": null }, "geometry": { "type": "Polygon", "coordinates": [ [ [ 77.5224, 20.44297 ], [ 77.52478, 20.44277 ], [ 77.52564, 20.44176 ], [ 77.52798, 20.44123 ], [ 77.52773, 20.43624 ], [ 77.52986, 20.43481 ], [ 77.52952, 20.43234 ], [ 77.52453, 20.4321 ], [ 77.51884, 20.43514 ], [ 77.51509, 20.4354 ], [ 77.51323, 20.43305 ], [ 77.51121, 20.43209 ], [ 77.51224, 20.42951 ], [ 77.51009, 20.42744 ], [ 77.51121, 20.42413 ], [ 77.50935, 20.42164 ], [ 77.50865, 20.41712 ], [ 77.50405, 20.41458 ], [ 77.50163, 20.41149 ], [ 77.50068, 20.41137 ], [ 77.49938, 20.41258 ], [ 77.49836, 20.41762 ], [ 77.49454, 20.41798 ], [ 77.49294, 20.42037 ], [ 77.49204, 20.41947 ], [ 77.49193, 20.41736 ], [ 77.49373, 20.41397 ], [ 77.49203, 20.4131 ], [ 77.48985, 20.41797 ], [ 77.49027, 20.4225 ], [ 77.48937, 20.42321 ], [ 77.4806, 20.42267 ], [ 77.47804, 20.41959 ], [ 77.47653, 20.41922 ], [ 77.47548, 20.41976 ], [ 77.47504, 20.42184 ], [ 77.47275, 20.42335 ], [ 77.47272, 20.425 ], [ 77.47442, 20.42593 ], [ 77.47507, 20.42903 ], [ 77.4783, 20.42911 ], [ 77.47914, 20.42584 ], [ 77.4807, 20.42479 ], [ 77.48206, 20.42579 ], [ 77.48314, 20.43061 ], [ 77.48551, 20.43097 ], [ 77.48549, 20.42876 ], [ 77.49413, 20.4294 ], [ 77.49687, 20.43156 ], [ 77.50154, 20.43264 ], [ 77.50265, 20.43397 ], [ 77.50443, 20.43387 ], [ 77.50498, 20.43298 ], [ 77.5081, 20.43467 ], [ 77.51245, 20.43857 ], [ 77.51476, 20.43945 ], [ 77.51377, 20.44045 ], [ 77.50848, 20.4411 ], [ 77.50898, 20.44346 ], [ 77.51236, 20.44225 ], [ 77.51428, 20.44354 ], [ 77.5212, 20.44456 ], [ 77.5224, 20.44297 ] ] ] } },
{ "type": "Feature", "properties": { "newname": null }, "geometry": { "type": "Polygon", "coordinates": [ [ [ 77.60078, 20.45579 ], [ 77.60542, 20.4521 ], [ 77.60613, 20.45421 ], [ 77.60999, 20.45446 ], [ 77.61003, 20.45271 ], [ 77.61344, 20.45028 ], [ 77.61106, 20.44919 ], [ 77.61124, 20.44657 ], [ 77.6128, 20.44508 ], [ 77.61022, 20.44285 ], [ 77.61066, 20.4394 ], [ 77.61235, 20.43766 ], [ 77.61199, 20.4348 ], [ 77.61092, 20.43352 ], [ 77.60871, 20.43334 ], [ 77.60844, 20.43125 ], [ 77.60971, 20.43126 ], [ 77.6088, 20.42841 ], [ 77.60594, 20.42719 ], [ 77.6053, 20.42711 ], [ 77.60371, 20.43025 ], [ 77.59867, 20.43211 ], [ 77.60124, 20.43654 ], [ 77.60369, 20.43784 ], [ 77.60118, 20.43854 ], [ 77.6008, 20.43935 ], [ 77.60213, 20.44223 ], [ 77.60135, 20.4454 ], [ 77.60253, 20.44894 ], [ 77.60232, 20.45107 ], [ 77.59679, 20.45687 ], [ 77.59789, 20.45933 ], [ 77.59892, 20.45931 ], [ 77.60078, 20.45579 ] ] ] } },
{ "type": "Feature", "properties": { "newname": null }, "geometry": { "type": "Polygon", "coordinates": [ [ [ 77.53205, 20.45613 ], [ 77.53971, 20.45312 ], [ 77.54088, 20.45157 ], [ 77.55561, 20.44772 ], [ 77.56333, 20.44802 ], [ 77.56502, 20.45371 ], [ 77.56831, 20.45401 ], [ 77.56942, 20.45388 ], [ 77.56977, 20.45106 ], [ 77.57297, 20.44856 ], [ 77.57607, 20.44756 ], [ 77.57951, 20.44888 ], [ 77.58045, 20.45403 ], [ 77.58447, 20.45406 ], [ 77.58374, 20.44855 ], [ 77.58482, 20.44518 ], [ 77.58011, 20.44729 ], [ 77.57834, 20.44478 ], [ 77.57412, 20.44428 ], [ 77.56714, 20.44585 ], [ 77.56603, 20.44754 ], [ 77.56435, 20.44774 ], [ 77.56331, 20.4454 ], [ 77.56468, 20.44377 ], [ 77.56442, 20.44213 ], [ 77.5669, 20.44016 ], [ 77.56928, 20.43535 ], [ 77.57185, 20.4357 ], [ 77.57247, 20.43826 ], [ 77.57344, 20.43893 ], [ 77.57949, 20.43719 ], [ 77.58018, 20.43635 ], [ 77.57884, 20.43157 ], [ 77.58157, 20.42923 ], [ 77.58834, 20.42862 ], [ 77.58894, 20.4262 ], [ 77.59319, 20.4239 ], [ 77.5922, 20.42105 ], [ 77.59054, 20.42077 ], [ 77.58814, 20.42174 ], [ 77.5866, 20.42423 ], [ 77.5851, 20.42127 ], [ 77.58408, 20.42098 ], [ 77.57851, 20.42338 ], [ 77.56596, 20.4257 ], [ 77.5664, 20.42866 ], [ 77.56415, 20.42927 ], [ 77.56482, 20.43043 ], [ 77.564, 20.43102 ], [ 77.55828, 20.42922 ], [ 77.54509, 20.4311 ], [ 77.5435, 20.43373 ], [ 77.54491, 20.43731 ], [ 77.55166, 20.4373 ], [ 77.55323, 20.43892 ], [ 77.54911, 20.44072 ], [ 77.549, 20.44446 ], [ 77.54351, 20.44468 ], [ 77.54131, 20.44573 ], [ 77.53993, 20.44522 ], [ 77.53942, 20.4428 ], [ 77.53679, 20.4414 ], [ 77.53539, 20.43867 ], [ 77.5331, 20.43903 ], [ 77.53257, 20.44191 ], [ 77.53387, 20.44261 ], [ 77.53559, 20.44638 ], [ 77.53748, 20.44698 ], [ 77.53792, 20.44792 ], [ 77.53391, 20.45049 ], [ 77.52854, 20.45634 ], [ 77.52896, 20.45803 ], [ 77.53163, 20.45913 ], [ 77.53205, 20.45613 ] ] ] } },
{ "type": "Feature", "properties": { "newname": null }, "geometry": { "type": "Polygon", "coordinates": [ [ [ 78.19725, 18.29329 ], [ 78.19788, 18.29056 ], [ 78.20181, 18.28751 ], [ 78.19871, 18.28445 ], [ 78.19711, 18.2729 ], [ 78.21113, 18.23638 ], [ 78.21196, 18.23627 ], [ 78.21605, 18.23997 ], [ 78.22456, 18.24965 ], [ 78.22819, 18.25008 ], [ 78.22951, 18.24575 ], [ 78.23127, 18.24325 ], [ 78.23092, 18.23595 ], [ 78.22762, 18.23241 ], [ 78.22659, 18.22963 ], [ 78.22464, 18.22871 ], [ 78.22372, 18.22711 ], [ 78.22234, 18.22795 ], [ 78.22048, 18.22695 ], [ 78.21783, 18.22759 ], [ 78.21716, 18.22652 ], [ 78.21764, 18.22573 ], [ 78.22288, 18.22445 ], [ 78.22427, 18.2191 ], [ 78.23295, 18.22323 ], [ 78.23645, 18.22742 ], [ 78.24455, 18.22818 ], [ 78.24831, 18.22781 ], [ 78.25118, 18.22645 ], [ 78.25363, 18.22726 ], [ 78.25735, 18.22663 ], [ 78.26134, 18.22816 ], [ 78.26457, 18.22581 ], [ 78.26809, 18.22541 ], [ 78.27459, 18.22231 ], [ 78.2802, 18.22226 ], [ 78.2817, 18.22158 ], [ 78.28339, 18.21851 ], [ 78.28128, 18.21622 ], [ 78.28551, 18.21688 ], [ 78.28752, 18.21544 ], [ 78.28841, 18.21917 ], [ 78.2949, 18.22151 ], [ 78.29427, 18.21995 ], [ 78.29276, 18.21941 ], [ 78.29306, 18.21709 ], [ 78.29637, 18.21505 ], [ 78.29545, 18.2112 ], [ 78.29848, 18.21042 ], [ 78.30143, 18.21389 ], [ 78.30317, 18.21492 ], [ 78.30613, 18.2152 ], [ 78.30709, 18.21722 ], [ 78.30859, 18.21688 ], [ 78.30896, 18.22011 ], [ 78.30782, 18.22159 ], [ 78.30802, 18.22281 ], [ 78.30676, 18.22395 ], [ 78.30891, 18.22658 ], [ 78.30857, 18.22955 ], [ 78.31006, 18.22773 ], [ 78.31235, 18.22728 ], [ 78.31258, 18.22507 ], [ 78.31567, 18.22535 ], [ 78.31728, 18.2233 ], [ 78.32095, 18.22316 ], [ 78.31931, 18.21836 ], [ 78.32304, 18.2148 ], [ 78.32893, 18.21322 ], [ 78.33121, 18.2111 ], [ 78.32832, 18.20766 ], [ 78.3313, 18.2039 ], [ 78.33195, 18.20079 ], [ 78.33603, 18.20118 ], [ 78.33435, 18.19596 ], [ 78.33157, 18.19329 ], [ 78.32905, 18.19396 ], [ 78.33152, 18.18937 ], [ 78.33056, 18.18758 ], [ 78.32788, 18.18829 ], [ 78.32663, 18.19243 ], [ 78.32556, 18.19209 ], [ 78.32614, 18.18886 ], [ 78.32729, 18.18745 ], [ 78.32565, 18.18562 ], [ 78.32693, 18.18064 ], [ 78.32634, 18.17919 ], [ 78.32413, 18.18052 ], [ 78.32243, 18.17861 ], [ 78.3223, 18.17659 ], [ 78.32356, 18.17508 ], [ 78.32331, 18.17401 ], [ 78.32066, 18.1729 ], [ 78.32042, 18.17096 ], [ 78.32179, 18.16902 ], [ 78.32815, 18.16717 ], [ 78.32952, 18.16512 ], [ 78.33241, 18.16345 ], [ 78.33366, 18.16193 ], [ 78.33472, 18.15809 ], [ 78.33349, 18.15771 ], [ 78.32973, 18.1596 ], [ 78.32672, 18.1572 ], [ 78.32475, 18.15761 ], [ 78.32404, 18.15871 ], [ 78.32833, 18.16249 ], [ 78.32399, 18.16488 ], [ 78.31707, 18.16592 ], [ 78.31619, 18.16349 ], [ 78.31382, 18.16283 ], [ 78.31342, 18.16204 ], [ 78.31757, 18.16007 ], [ 78.31953, 18.15825 ], [ 78.31829, 18.15501 ], [ 78.319, 18.15296 ], [ 78.31871, 18.14945 ], [ 78.31624, 18.1453 ], [ 78.3131, 18.14259 ], [ 78.30889, 18.13692 ], [ 78.30759, 18.13919 ], [ 78.30577, 18.13881 ], [ 78.30428, 18.14067 ], [ 78.30441, 18.14345 ], [ 78.30638, 18.1438 ], [ 78.30614, 18.14471 ], [ 78.30465, 18.14535 ], [ 78.30143, 18.14249 ], [ 78.29975, 18.14636 ], [ 78.30217, 18.14827 ], [ 78.30525, 18.14813 ], [ 78.30692, 18.14946 ], [ 78.30724, 18.15011 ], [ 78.30542, 18.15079 ], [ 78.30249, 18.14911 ], [ 78.3017, 18.14956 ], [ 78.30191, 18.15242 ], [ 78.30523, 18.15144 ], [ 78.30662, 18.15235 ], [ 78.30516, 18.15479 ], [ 78.30335, 18.15638 ], [ 78.30235, 18.15375 ], [ 78.30096, 18.15325 ], [ 78.29787, 18.15849 ], [ 78.29536, 18.15735 ], [ 78.29276, 18.15841 ], [ 78.29176, 18.15559 ], [ 78.28696, 18.1509 ], [ 78.28918, 18.14314 ], [ 78.2883, 18.14196 ], [ 78.28557, 18.14097 ], [ 78.28555, 18.13671 ], [ 78.28373, 18.13621 ], [ 78.28449, 18.13017 ], [ 78.28318, 18.12781 ], [ 78.2812, 18.12727 ], [ 78.28188, 18.12932 ], [ 78.28104, 18.1297 ], [ 78.27914, 18.12719 ], [ 78.27573, 18.12729 ], [ 78.2758, 18.13079 ], [ 78.27227, 18.12904 ], [ 78.27018, 18.13116 ], [ 78.26797, 18.13199 ], [ 78.2673, 18.13401 ], [ 78.26576, 18.13412 ], [ 78.26342, 18.13316 ], [ 78.26144, 18.12977 ], [ 78.25618, 18.13098 ], [ 78.2534, 18.12812 ], [ 78.25048, 18.12321 ], [ 78.24598, 18.12431 ], [ 78.24078, 18.12734 ], [ 78.23873, 18.13106 ], [ 78.23901, 18.13763 ], [ 78.23666, 18.14412 ], [ 78.23059, 18.14814 ], [ 78.2267, 18.15181 ], [ 78.22723, 18.15349 ], [ 78.22988, 18.15566 ], [ 78.23138, 18.16338 ], [ 78.23614, 18.16582 ], [ 78.24504, 18.15836 ], [ 78.24812, 18.16604 ], [ 78.25111, 18.16286 ], [ 78.25301, 18.16271 ], [ 78.26014, 18.16562 ], [ 78.26104, 18.16437 ], [ 78.2592, 18.16037 ], [ 78.25967, 18.15786 ], [ 78.26773, 18.15815 ], [ 78.26836, 18.15697 ], [ 78.27045, 18.15656 ], [ 78.27256, 18.15839 ], [ 78.27412, 18.16425 ], [ 78.2769, 18.16426 ], [ 78.276, 18.16779 ], [ 78.28162, 18.16918 ], [ 78.28329, 18.17257 ], [ 78.29004, 18.16924 ], [ 78.29124, 18.17209 ], [ 78.28983, 18.17399 ], [ 78.28999, 18.17517 ], [ 78.2926, 18.1751 ], [ 78.29534, 18.17781 ], [ 78.3004, 18.17798 ], [ 78.30183, 18.17882 ], [ 78.30467, 18.17818 ], [ 78.30495, 18.18027 ], [ 78.3014, 18.18118 ], [ 78.30008, 18.18581 ], [ 78.29609, 18.18591 ], [ 78.29432, 18.18804 ], [ 78.29496, 18.19089 ], [ 78.29723, 18.19254 ], [ 78.29657, 18.19634 ], [ 78.29179, 18.19636 ], [ 78.28944, 18.19449 ], [ 78.28727, 18.1941 ], [ 78.28934, 18.1973 ], [ 78.28603, 18.19779 ], [ 78.28452, 18.19858 ], [ 78.28366, 18.20029 ], [ 78.2818, 18.20055 ], [ 78.27725, 18.19867 ], [ 78.27405, 18.19859 ], [ 78.27206, 18.19675 ], [ 78.27005, 18.19618 ], [ 78.26685, 18.19788 ], [ 78.26281, 18.1957 ], [ 78.25922, 18.19759 ], [ 78.25644, 18.19397 ], [ 78.25575, 18.19146 ], [ 78.26095, 18.17828 ], [ 78.25871, 18.17919 ], [ 78.25795, 18.18036 ], [ 78.25448, 18.18085 ], [ 78.25153, 18.1827 ], [ 78.25029, 18.18106 ], [ 78.24709, 18.18098 ], [ 78.24582, 18.18139 ], [ 78.24619, 18.18288 ], [ 78.24374, 18.18264 ], [ 78.24333, 18.18131 ], [ 78.23996, 18.17963 ], [ 78.24007, 18.17712 ], [ 78.23061, 18.17542 ], [ 78.22933, 18.17261 ], [ 78.2245, 18.17103 ], [ 78.22216, 18.16871 ], [ 78.21983, 18.17019 ], [ 78.21802, 18.17037 ], [ 78.21591, 18.16877 ], [ 78.21394, 18.16975 ], [ 78.21207, 18.16808 ], [ 78.20995, 18.17001 ], [ 78.2108, 18.17377 ], [ 78.21049, 18.17688 ], [ 78.20959, 18.17802 ], [ 78.21088, 18.18072 ], [ 78.21254, 18.18103 ], [ 78.21176, 18.18297 ], [ 78.20692, 18.18177 ], [ 78.19804, 18.17442 ], [ 78.19668, 18.17225 ], [ 78.19651, 18.16993 ], [ 78.19823, 18.16644 ], [ 78.19582, 18.16568 ], [ 78.18747, 18.16653 ], [ 78.18254, 18.1751 ], [ 78.18228, 18.17737 ], [ 78.17545, 18.18024 ], [ 78.17459, 18.18153 ], [ 78.17561, 18.18601 ], [ 78.1786, 18.1921 ], [ 78.18107, 18.20156 ], [ 78.18124, 18.20266 ], [ 78.17931, 18.20452 ], [ 78.17931, 18.20588 ], [ 78.18241, 18.20844 ], [ 78.18187, 18.21105 ], [ 78.18354, 18.2136 ], [ 78.18842, 18.21518 ], [ 78.19173, 18.21527 ], [ 78.1901, 18.21959 ], [ 78.19117, 18.2213 ], [ 78.19662, 18.22098 ], [ 78.20087, 18.22605 ], [ 78.19515, 18.22659 ], [ 78.19284, 18.22928 ], [ 78.19245, 18.2311 ], [ 78.18726, 18.23587 ], [ 78.18881, 18.23789 ], [ 78.1876, 18.23902 ], [ 78.18601, 18.23845 ], [ 78.18401, 18.23969 ], [ 78.1877, 18.24309 ], [ 78.186, 18.24357 ], [ 78.17725, 18.23883 ], [ 78.1741, 18.24178 ], [ 78.17005, 18.24416 ], [ 78.16982, 18.24545 ], [ 78.17192, 18.24709 ], [ 78.17017, 18.25065 ], [ 78.16463, 18.24938 ], [ 78.164, 18.25067 ], [ 78.1623, 18.25066 ], [ 78.16207, 18.25153 ], [ 78.16319, 18.25279 ], [ 78.16006, 18.25942 ], [ 78.15856, 18.2599 ], [ 78.15496, 18.2586 ], [ 78.1496, 18.25509 ], [ 78.14827, 18.25611 ], [ 78.14738, 18.2602 ], [ 78.15121, 18.26637 ], [ 78.15896, 18.26701 ], [ 78.15882, 18.2705 ], [ 78.16454, 18.2758 ], [ 78.16632, 18.27592 ], [ 78.16919, 18.28037 ], [ 78.17298, 18.28058 ], [ 78.17794, 18.27779 ], [ 78.18198, 18.27933 ], [ 78.1854, 18.27771 ], [ 78.18804, 18.28296 ], [ 78.19633, 18.28475 ], [ 78.19627, 18.28702 ], [ 78.19208, 18.29225 ], [ 78.19319, 18.29411 ], [ 78.19725, 18.29329 ] ] ] } },
{ "type": "Feature", "properties": { "newname": null }, "geometry": { "type": "Polygon", "coordinates": [ [ [ 78.20197, 18.12725 ], [ 78.20605, 18.12168 ], [ 78.20842, 18.12047 ], [ 78.22082, 18.12319 ], [ 78.22461, 18.12213 ], [ 78.22495, 18.1194 ], [ 78.22763, 18.11758 ], [ 78.23555, 18.1182 ], [ 78.23614, 18.11972 ], [ 78.2355, 18.12561 ], [ 78.23425, 18.12668 ], [ 78.23468, 18.12724 ], [ 78.23828, 18.1271 ], [ 78.24771, 18.12176 ], [ 78.2498, 18.12006 ], [ 78.25026, 18.11736 ], [ 78.24993, 18.10668 ], [ 78.24771, 18.09877 ], [ 78.24487, 18.09857 ], [ 78.24289, 18.09933 ], [ 78.24146, 18.10602 ], [ 78.22697, 18.10584 ], [ 78.22483, 18.10378 ], [ 78.21733, 18.09993 ], [ 78.2174, 18.0975 ], [ 78.21974, 18.09009 ], [ 78.21687, 18.08549 ], [ 78.20977, 18.08332 ], [ 78.20349, 18.08612 ], [ 78.20082, 18.08908 ], [ 78.20012, 18.09155 ], [ 78.20524, 18.09425 ], [ 78.20644, 18.0957 ], [ 78.21434, 18.10984 ], [ 78.21088, 18.11314 ], [ 78.20831, 18.11253 ], [ 78.20538, 18.1137 ], [ 78.20082, 18.11183 ], [ 78.19382, 18.11371 ], [ 78.19473, 18.11812 ], [ 78.19687, 18.11987 ], [ 78.19699, 18.12086 ], [ 78.19365, 18.12404 ], [ 78.19461, 18.12606 ], [ 78.19415, 18.12921 ], [ 78.19614, 18.13085 ], [ 78.19866, 18.12964 ], [ 78.19962, 18.13097 ], [ 78.20045, 18.13074 ], [ 78.20197, 18.12725 ] ] ] } },
{ "type": "Feature", "properties": { "newname": null }, "geometry": { "type": "Polygon", "coordinates": [ [ [ 78.0479, 19.68916 ], [ 78.05184, 19.67738 ], [ 78.05453, 19.67303 ], [ 78.0535, 19.66573 ], [ 78.05396, 19.66098 ], [ 78.05868, 19.65825 ], [ 78.06601, 19.65786 ], [ 78.07341, 19.65608 ], [ 78.07364, 19.65376 ], [ 78.07581, 19.65231 ], [ 78.07806, 19.64751 ], [ 78.08009, 19.63579 ], [ 78.08257, 19.63428 ], [ 78.09227, 19.63295 ], [ 78.09717, 19.6354 ], [ 78.10002, 19.63982 ], [ 78.09982, 19.64451 ], [ 78.10153, 19.64913 ], [ 78.10576, 19.65322 ], [ 78.11088, 19.65526 ], [ 78.11333, 19.65461 ], [ 78.11501, 19.6526 ], [ 78.11684, 19.64793 ], [ 78.11932, 19.64664 ], [ 78.12172, 19.64634 ], [ 78.12657, 19.64747 ], [ 78.12904, 19.64919 ], [ 78.13055, 19.65145 ], [ 78.13255, 19.66086 ], [ 78.13499, 19.66194 ], [ 78.15974, 19.65134 ], [ 78.17252, 19.64825 ], [ 78.17765, 19.65035 ], [ 78.17977, 19.64902 ], [ 78.18317, 19.63731 ], [ 78.18591, 19.63256 ], [ 78.18642, 19.62792 ], [ 78.19485, 19.61902 ], [ 78.19614, 19.61436 ], [ 78.19427, 19.60495 ], [ 78.18928, 19.59793 ], [ 78.18908, 19.59557 ], [ 78.19125, 19.58835 ], [ 78.19075, 19.58606 ], [ 78.18971, 19.58366 ], [ 78.18542, 19.57946 ], [ 78.18231, 19.57476 ], [ 78.18217, 19.5724 ], [ 78.18717, 19.56867 ], [ 78.18879, 19.56672 ], [ 78.18901, 19.56434 ], [ 78.18717, 19.55966 ], [ 78.18499, 19.55742 ], [ 78.17992, 19.55526 ], [ 78.17484, 19.55448 ], [ 78.16488, 19.55518 ], [ 78.16019, 19.54839 ], [ 78.15258, 19.5455 ], [ 78.1377, 19.55235 ], [ 78.13046, 19.5536 ], [ 78.12301, 19.5522 ], [ 78.12077, 19.55013 ], [ 78.11937, 19.54781 ], [ 78.11859, 19.54067 ], [ 78.12163, 19.53596 ], [ 78.12698, 19.53396 ], [ 78.13346, 19.52799 ], [ 78.13389, 19.52088 ], [ 78.13261, 19.51861 ], [ 78.12524, 19.51409 ], [ 78.12378, 19.51177 ], [ 78.12238, 19.50938 ], [ 78.12174, 19.50467 ], [ 78.11828, 19.49288 ], [ 78.1166, 19.49114 ], [ 78.11411, 19.49029 ], [ 78.11334, 19.48557 ], [ 78.11141, 19.4835 ], [ 78.10639, 19.48272 ], [ 78.1039, 19.48372 ], [ 78.09393, 19.48442 ], [ 78.09148, 19.48305 ], [ 78.08444, 19.47604 ], [ 78.07448, 19.46778 ], [ 78.06883, 19.46079 ], [ 78.06638, 19.45971 ], [ 78.0639, 19.46117 ], [ 78.05985, 19.46602 ], [ 78.04795, 19.47734 ], [ 78.04298, 19.48725 ], [ 78.04058, 19.48922 ], [ 78.03817, 19.49097 ], [ 78.03323, 19.49279 ], [ 78.0229, 19.49355 ], [ 78.01776, 19.49093 ], [ 78.01418, 19.48625 ], [ 78.01356, 19.48384 ], [ 78.01487, 19.4599 ], [ 78.01323, 19.45758 ], [ 78.01054, 19.45651 ], [ 78.0033, 19.45686 ], [ 77.99892, 19.45417 ], [ 77.99644, 19.45401 ], [ 77.99404, 19.4549 ], [ 77.99316, 19.4572 ], [ 77.99381, 19.4618 ], [ 77.99663, 19.46638 ], [ 77.99623, 19.46869 ], [ 77.99376, 19.46911 ], [ 77.99457, 19.47141 ], [ 77.99258, 19.47263 ], [ 77.99294, 19.47735 ], [ 77.99521, 19.48193 ], [ 77.99348, 19.48327 ], [ 77.98862, 19.48026 ], [ 77.98375, 19.48207 ], [ 77.98171, 19.48364 ], [ 77.97943, 19.49068 ], [ 77.97359, 19.49763 ], [ 77.97601, 19.51148 ], [ 77.97803, 19.51353 ], [ 77.98044, 19.51404 ], [ 77.98393, 19.50705 ], [ 77.98555, 19.5056 ], [ 77.99065, 19.50884 ], [ 77.99105, 19.51344 ], [ 77.993, 19.51544 ], [ 77.99375, 19.5178 ], [ 77.99865, 19.51908 ], [ 77.99982, 19.52132 ], [ 77.99802, 19.52312 ], [ 77.99081, 19.52513 ], [ 77.98986, 19.52749 ], [ 77.98801, 19.52912 ], [ 77.98922, 19.53607 ], [ 77.98547, 19.54059 ], [ 77.98057, 19.5393 ], [ 77.97564, 19.54118 ], [ 77.96839, 19.54019 ], [ 77.9672, 19.54193 ], [ 77.96752, 19.54428 ], [ 77.97314, 19.55092 ], [ 77.97348, 19.55552 ], [ 77.97738, 19.55877 ], [ 77.97722, 19.56108 ], [ 77.97886, 19.56273 ], [ 77.99635, 19.56169 ], [ 77.9983, 19.56398 ], [ 77.99906, 19.56857 ], [ 77.998, 19.57088 ], [ 77.98828, 19.5759 ], [ 77.9838, 19.58008 ], [ 77.97897, 19.5808 ], [ 77.97546, 19.58509 ], [ 77.97306, 19.58671 ], [ 77.96819, 19.58807 ], [ 77.96371, 19.59254 ], [ 77.96227, 19.59951 ], [ 77.95787, 19.6065 ], [ 77.95814, 19.6088 ], [ 77.96233, 19.61211 ], [ 77.96386, 19.61446 ], [ 77.96473, 19.61676 ], [ 77.96445, 19.61906 ], [ 77.96087, 19.62294 ], [ 77.95826, 19.62756 ], [ 77.96133, 19.63304 ], [ 77.96262, 19.62972 ], [ 77.96698, 19.62537 ], [ 77.9716, 19.62223 ], [ 77.97889, 19.62132 ], [ 77.98129, 19.62004 ], [ 77.98356, 19.61777 ], [ 77.98596, 19.61666 ], [ 77.98941, 19.61204 ], [ 77.99181, 19.61052 ], [ 77.99422, 19.61062 ], [ 77.99593, 19.61274 ], [ 77.99632, 19.61509 ], [ 77.99449, 19.61971 ], [ 77.99514, 19.62442 ], [ 77.99329, 19.62674 ], [ 77.98898, 19.6289 ], [ 77.98902, 19.64047 ], [ 77.99216, 19.6401 ], [ 77.99371, 19.63779 ], [ 77.99934, 19.63465 ], [ 78.00181, 19.63481 ], [ 78.00415, 19.63659 ], [ 78.00451, 19.64362 ], [ 78.00578, 19.64941 ], [ 78.01211, 19.65517 ], [ 78.0131, 19.66502 ], [ 78.01426, 19.66735 ], [ 78.01917, 19.67009 ], [ 78.01918, 19.6724 ], [ 78.01753, 19.67712 ], [ 78.01872, 19.68407 ], [ 78.02042, 19.68633 ], [ 78.02546, 19.68942 ], [ 78.03063, 19.69106 ], [ 78.03799, 19.69176 ], [ 78.0479, 19.68916 ] ] ] } },
{ "type": "Feature", "properties": { "newname": null }, "geometry": { "type": "Polygon", "coordinates": [ [ [ 75.92577, 18.33321 ], [ 75.93342, 18.32601 ], [ 75.93682, 18.31791 ], [ 75.93941, 18.31756 ], [ 75.94067, 18.31612 ], [ 75.94315, 18.3154 ], [ 75.94554, 18.31182 ], [ 75.94558, 18.31065 ], [ 75.94436, 18.31034 ], [ 75.94442, 18.30912 ], [ 75.94897, 18.3068 ], [ 75.94817, 18.30164 ], [ 75.95122, 18.30154 ], [ 75.95247, 18.30367 ], [ 75.95412, 18.30461 ], [ 75.95416, 18.30567 ], [ 75.95818, 18.30705 ], [ 75.95906, 18.30994 ], [ 75.95998, 18.3095 ], [ 75.95928, 18.30737 ], [ 75.9603, 18.30344 ], [ 75.96215, 18.30433 ], [ 75.96465, 18.3029 ], [ 75.96625, 18.30081 ], [ 75.97044, 18.30027 ], [ 75.97226, 18.2961 ], [ 75.97031, 18.29758 ], [ 75.96942, 18.2946 ], [ 75.97109, 18.29368 ], [ 75.97142, 18.29179 ], [ 75.96806, 18.29197 ], [ 75.96745, 18.28939 ], [ 75.97433, 18.28855 ], [ 75.97423, 18.28679 ], [ 75.97364, 18.28542 ], [ 75.96951, 18.28418 ], [ 75.96944, 18.28286 ], [ 75.97205, 18.28283 ], [ 75.9728, 18.27587 ], [ 75.96957, 18.27285 ], [ 75.96844, 18.27039 ], [ 75.95829, 18.26786 ], [ 75.95823, 18.26935 ], [ 75.96183, 18.27036 ], [ 75.95882, 18.27079 ], [ 75.95826, 18.27213 ], [ 75.95386, 18.27072 ], [ 75.95194, 18.27876 ], [ 75.94383, 18.27811 ], [ 75.94408, 18.27897 ], [ 75.94563, 18.27957 ], [ 75.94489, 18.28363 ], [ 75.94149, 18.28276 ], [ 75.94097, 18.27902 ], [ 75.93888, 18.27722 ], [ 75.93862, 18.27851 ], [ 75.9397, 18.28039 ], [ 75.93894, 18.28268 ], [ 75.94251, 18.28661 ], [ 75.94418, 18.29203 ], [ 75.94717, 18.29428 ], [ 75.94987, 18.29398 ], [ 75.95047, 18.29476 ], [ 75.94981, 18.29551 ], [ 75.9472, 18.29519 ], [ 75.94675, 18.29599 ], [ 75.9453, 18.29602 ], [ 75.94212, 18.29216 ], [ 75.94032, 18.28519 ], [ 75.93663, 18.2836 ], [ 75.93651, 18.27747 ], [ 75.93153, 18.27779 ], [ 75.93439, 18.28432 ], [ 75.92746, 18.28335 ], [ 75.92701, 18.28992 ], [ 75.92518, 18.29034 ], [ 75.92482, 18.29199 ], [ 75.92535, 18.29265 ], [ 75.92734, 18.29187 ], [ 75.92804, 18.29323 ], [ 75.92546, 18.29445 ], [ 75.92489, 18.29722 ], [ 75.92664, 18.29771 ], [ 75.92854, 18.29668 ], [ 75.92957, 18.29782 ], [ 75.93124, 18.29791 ], [ 75.93357, 18.29477 ], [ 75.93703, 18.29504 ], [ 75.93494, 18.29921 ], [ 75.93816, 18.30078 ], [ 75.93571, 18.30116 ], [ 75.92936, 18.30018 ], [ 75.92772, 18.30125 ], [ 75.9248, 18.29946 ], [ 75.92299, 18.30621 ], [ 75.91854, 18.31261 ], [ 75.90878, 18.32384 ], [ 75.90999, 18.32701 ], [ 75.91531, 18.33047 ], [ 75.91714, 18.33514 ], [ 75.91925, 18.33736 ], [ 75.92079, 18.33785 ], [ 75.92419, 18.33584 ], [ 75.92577, 18.33321 ] ] ] } },
{ "type": "Feature", "properties": { "newname": null }, "geometry": { "type": "Polygon", "coordinates": [ [ [ 76.35876, 20.63307 ], [ 76.35989, 20.62997 ], [ 76.36209, 20.62711 ], [ 76.36467, 20.6256 ], [ 76.36853, 20.62573 ], [ 76.36871, 20.62353 ], [ 76.37171, 20.62313 ], [ 76.37338, 20.62447 ], [ 76.37292, 20.6261 ], [ 76.37413, 20.62645 ], [ 76.37803, 20.61827 ], [ 76.38099, 20.61589 ], [ 76.38473, 20.61656 ], [ 76.38831, 20.61387 ], [ 76.38671, 20.61212 ], [ 76.3868, 20.6102 ], [ 76.38802, 20.60873 ], [ 76.38973, 20.60836 ], [ 76.39975, 20.5942 ], [ 76.40292, 20.59547 ], [ 76.40428, 20.59448 ], [ 76.40467, 20.59219 ], [ 76.40352, 20.59026 ], [ 76.40069, 20.58841 ], [ 76.39462, 20.58658 ], [ 76.39473, 20.58566 ], [ 76.39149, 20.58323 ], [ 76.397, 20.58188 ], [ 76.40777, 20.58374 ], [ 76.42292, 20.58979 ], [ 76.42511, 20.5927 ], [ 76.43121, 20.58946 ], [ 76.43268, 20.58789 ], [ 76.43468, 20.58806 ], [ 76.44086, 20.58503 ], [ 76.44415, 20.58592 ], [ 76.4452, 20.58511 ], [ 76.44483, 20.58051 ], [ 76.44021, 20.57765 ], [ 76.44032, 20.57665 ], [ 76.43909, 20.57551 ], [ 76.43934, 20.57447 ], [ 76.44522, 20.57186 ], [ 76.44411, 20.57001 ], [ 76.44483, 20.56829 ], [ 76.45015, 20.56831 ], [ 76.44445, 20.5649 ], [ 76.4318, 20.56207 ], [ 76.43139, 20.54941 ], [ 76.42861, 20.54806 ], [ 76.42331, 20.54879 ], [ 76.42059, 20.54602 ], [ 76.41909, 20.5404 ], [ 76.42208, 20.53735 ], [ 76.42258, 20.53568 ], [ 76.42551, 20.53574 ], [ 76.42709, 20.53338 ], [ 76.43272, 20.53136 ], [ 76.43408, 20.52867 ], [ 76.43384, 20.5276 ], [ 76.43232, 20.52717 ], [ 76.43323, 20.52412 ], [ 76.43449, 20.52268 ], [ 76.43801, 20.52191 ], [ 76.43781, 20.51904 ], [ 76.43555, 20.51074 ], [ 76.43333, 20.51062 ], [ 76.43354, 20.4999 ], [ 76.42811, 20.49868 ], [ 76.42126, 20.49134 ], [ 76.41901, 20.4881 ], [ 76.4133, 20.47227 ], [ 76.41257, 20.47149 ], [ 76.41079, 20.47302 ], [ 76.40839, 20.47249 ], [ 76.40964, 20.46881 ], [ 76.40024, 20.46887 ], [ 76.38761, 20.47282 ], [ 76.36863, 20.47648 ], [ 76.34946, 20.48522 ], [ 76.3483, 20.48487 ], [ 76.34491, 20.48597 ], [ 76.34208, 20.48831 ], [ 76.34061, 20.48834 ], [ 76.32461, 20.49809 ], [ 76.3206, 20.49925 ], [ 76.32062, 20.50012 ], [ 76.3224, 20.50054 ], [ 76.32495, 20.4997 ], [ 76.32626, 20.50055 ], [ 76.32766, 20.49982 ], [ 76.33399, 20.49969 ], [ 76.33485, 20.49652 ], [ 76.33736, 20.4978 ], [ 76.34053, 20.49669 ], [ 76.34069, 20.49785 ], [ 76.34149, 20.49809 ], [ 76.34229, 20.49624 ], [ 76.34497, 20.49685 ], [ 76.34444, 20.49944 ], [ 76.34238, 20.50039 ], [ 76.34103, 20.5032 ], [ 76.33628, 20.50293 ], [ 76.33614, 20.50077 ], [ 76.33504, 20.50083 ], [ 76.33449, 20.50213 ], [ 76.33285, 20.502 ], [ 76.33198, 20.50085 ], [ 76.3246, 20.5037 ], [ 76.32028, 20.50109 ], [ 76.32009, 20.50238 ], [ 76.32216, 20.50371 ], [ 76.32011, 20.50919 ], [ 76.31414, 20.51201 ], [ 76.31152, 20.50774 ], [ 76.309, 20.50787 ], [ 76.30909, 20.51007 ], [ 76.30004, 20.51179 ], [ 76.30242, 20.51311 ], [ 76.30412, 20.51179 ], [ 76.30874, 20.51224 ], [ 76.30716, 20.51485 ], [ 76.30363, 20.51579 ], [ 76.30412, 20.51761 ], [ 76.30251, 20.52117 ], [ 76.30711, 20.51875 ], [ 76.3117, 20.51999 ], [ 76.31453, 20.51939 ], [ 76.31461, 20.52097 ], [ 76.31196, 20.52356 ], [ 76.30897, 20.52254 ], [ 76.30981, 20.52094 ], [ 76.30599, 20.52019 ], [ 76.30563, 20.52431 ], [ 76.30455, 20.52524 ], [ 76.30609, 20.52683 ], [ 76.30505, 20.52802 ], [ 76.30266, 20.52578 ], [ 76.2983, 20.52724 ], [ 76.2971, 20.52539 ], [ 76.29319, 20.5268 ], [ 76.29208, 20.52624 ], [ 76.28743, 20.52662 ], [ 76.28696, 20.52522 ], [ 76.28608, 20.52586 ], [ 76.28451, 20.52494 ], [ 76.28366, 20.52853 ], [ 76.28171, 20.52865 ], [ 76.28178, 20.52989 ], [ 76.27737, 20.53061 ], [ 76.27629, 20.52614 ], [ 76.27382, 20.5264 ], [ 76.27372, 20.52819 ], [ 76.2725, 20.529 ], [ 76.27397, 20.53155 ], [ 76.27407, 20.53412 ], [ 76.27222, 20.53449 ], [ 76.26923, 20.52961 ], [ 76.26844, 20.52987 ], [ 76.26852, 20.53165 ], [ 76.2654, 20.53076 ], [ 76.26405, 20.53162 ], [ 76.26433, 20.53244 ], [ 76.26526, 20.53234 ], [ 76.26566, 20.53445 ], [ 76.26685, 20.53426 ], [ 76.26826, 20.53789 ], [ 76.26683, 20.53921 ], [ 76.26505, 20.53862 ], [ 76.26377, 20.53931 ], [ 76.26341, 20.54123 ], [ 76.26017, 20.54084 ], [ 76.25959, 20.53445 ], [ 76.25904, 20.5343 ], [ 76.25742, 20.53808 ], [ 76.25707, 20.54432 ], [ 76.25581, 20.54728 ], [ 76.2567, 20.54906 ], [ 76.25583, 20.55135 ], [ 76.25695, 20.55541 ], [ 76.25809, 20.55651 ], [ 76.2579, 20.55961 ], [ 76.25999, 20.56231 ], [ 76.26314, 20.56377 ], [ 76.26576, 20.56197 ], [ 76.27063, 20.56282 ], [ 76.27367, 20.56606 ], [ 76.2767, 20.56716 ], [ 76.27797, 20.56863 ], [ 76.28108, 20.56953 ], [ 76.2825, 20.57163 ], [ 76.28842, 20.57522 ], [ 76.29008, 20.57277 ], [ 76.29087, 20.57549 ], [ 76.29294, 20.57762 ], [ 76.29783, 20.57957 ], [ 76.30089, 20.58004 ], [ 76.30238, 20.57743 ], [ 76.30493, 20.57835 ], [ 76.30519, 20.58043 ], [ 76.30699, 20.58024 ], [ 76.30744, 20.57725 ], [ 76.31027, 20.57735 ], [ 76.31015, 20.5815 ], [ 76.3112, 20.5845 ], [ 76.3081, 20.58585 ], [ 76.3074, 20.58703 ], [ 76.30719, 20.59146 ], [ 76.30521, 20.59291 ], [ 76.30453, 20.59928 ], [ 76.30114, 20.60144 ], [ 76.29596, 20.59997 ], [ 76.29555, 20.60086 ], [ 76.29719, 20.60908 ], [ 76.29799, 20.61043 ], [ 76.30313, 20.61182 ], [ 76.31106, 20.62884 ], [ 76.31403, 20.62705 ], [ 76.33136, 20.63053 ], [ 76.33166, 20.63569 ], [ 76.33631, 20.63772 ], [ 76.33715, 20.63986 ], [ 76.33642, 20.64066 ], [ 76.33038, 20.64049 ], [ 76.33013, 20.64116 ], [ 76.33312, 20.64409 ], [ 76.33787, 20.64612 ], [ 76.34695, 20.64419 ], [ 76.35054, 20.6459 ], [ 76.35899, 20.64715 ], [ 76.35876, 20.63307 ] ] ] } },
{ "type": "Feature", "properties": { "newname": null }, "geometry": { "type": "Polygon", "coordinates": [ [ [ 76.51817, 19.98506 ], [ 76.51826, 19.97956 ], [ 76.51997, 19.97444 ], [ 76.52167, 19.9728 ], [ 76.52128, 19.96635 ], [ 76.52023, 19.96571 ], [ 76.51784, 19.96635 ], [ 76.51865, 19.96331 ], [ 76.51572, 19.96379 ], [ 76.51448, 19.96007 ], [ 76.51283, 19.96021 ], [ 76.51088, 19.96092 ], [ 76.51204, 19.96697 ], [ 76.5056, 19.96823 ], [ 76.50285, 19.97054 ], [ 76.49934, 19.96705 ], [ 76.49649, 19.97495 ], [ 76.49696, 19.98116 ], [ 76.49771, 19.98346 ], [ 76.50411, 19.98289 ], [ 76.50708, 19.98416 ], [ 76.51229, 19.98427 ], [ 76.51656, 19.9855 ], [ 76.51817, 19.98506 ] ] ] } },
{ "type": "Feature", "properties": { "newname": null }, "geometry": { "type": "Polygon", "coordinates": [ [ [ 77.14983, 20.48377 ], [ 77.15136, 20.48434 ], [ 77.16453, 20.4773 ], [ 77.16579, 20.47488 ], [ 77.17045, 20.4744 ], [ 77.17104, 20.47376 ], [ 77.17695, 20.47373 ], [ 77.17887, 20.47157 ], [ 77.17909, 20.46729 ], [ 77.17711, 20.46448 ], [ 77.17449, 20.46364 ], [ 77.17438, 20.45761 ], [ 77.1771, 20.45488 ], [ 77.18047, 20.45466 ], [ 77.181, 20.45352 ], [ 77.18109, 20.44825 ], [ 77.18424, 20.44358 ], [ 77.18314, 20.44055 ], [ 77.18443, 20.43975 ], [ 77.18391, 20.43197 ], [ 77.189, 20.4305 ], [ 77.19195, 20.42397 ], [ 77.19677, 20.42356 ], [ 77.20025, 20.41954 ], [ 77.19878, 20.41502 ], [ 77.20052, 20.41153 ], [ 77.20064, 20.41028 ], [ 77.19971, 20.40994 ], [ 77.20015, 20.40869 ], [ 77.19688, 20.4061 ], [ 77.19748, 20.40451 ], [ 77.19366, 20.40428 ], [ 77.1926, 20.40174 ], [ 77.19569, 20.40121 ], [ 77.19682, 20.39916 ], [ 77.1987, 20.39923 ], [ 77.20004, 20.40026 ], [ 77.20039, 20.39886 ], [ 77.19946, 20.39756 ], [ 77.20107, 20.39726 ], [ 77.20122, 20.3954 ], [ 77.20496, 20.3954 ], [ 77.20373, 20.39214 ], [ 77.20573, 20.39081 ], [ 77.19906, 20.38967 ], [ 77.19817, 20.38857 ], [ 77.20203, 20.38811 ], [ 77.20407, 20.3866 ], [ 77.19909, 20.38614 ], [ 77.19662, 20.38493 ], [ 77.1983, 20.38341 ], [ 77.19938, 20.38045 ], [ 77.20335, 20.37912 ], [ 77.20354, 20.37733 ], [ 77.19321, 20.37764 ], [ 77.19005, 20.37919 ], [ 77.18936, 20.37775 ], [ 77.18159, 20.37373 ], [ 77.18157, 20.37077 ], [ 77.17852, 20.37123 ], [ 77.17811, 20.37005 ], [ 77.17667, 20.37089 ], [ 77.17316, 20.36941 ], [ 77.1732, 20.36839 ], [ 77.17087, 20.36691 ], [ 77.17206, 20.36402 ], [ 77.17077, 20.36364 ], [ 77.17027, 20.36175 ], [ 77.16389, 20.36285 ], [ 77.15524, 20.36115 ], [ 77.15235, 20.36145 ], [ 77.14947, 20.36293 ], [ 77.14472, 20.3624 ], [ 77.14143, 20.36343 ], [ 77.14078, 20.36964 ], [ 77.13672, 20.36964 ], [ 77.13544, 20.37059 ], [ 77.13381, 20.3762 ], [ 77.13464, 20.38121 ], [ 77.13211, 20.38102 ], [ 77.13159, 20.38223 ], [ 77.1341, 20.38598 ], [ 77.13432, 20.38852 ], [ 77.13657, 20.38955 ], [ 77.13765, 20.38875 ], [ 77.13887, 20.38276 ], [ 77.14075, 20.37965 ], [ 77.14243, 20.37905 ], [ 77.14396, 20.3803 ], [ 77.14546, 20.38325 ], [ 77.14764, 20.38348 ], [ 77.14867, 20.38181 ], [ 77.14972, 20.38234 ], [ 77.14961, 20.3856 ], [ 77.15247, 20.38682 ], [ 77.15369, 20.39008 ], [ 77.15282, 20.39209 ], [ 77.15212, 20.39903 ], [ 77.14864, 20.40119 ], [ 77.1469, 20.40589 ], [ 77.14892, 20.40885 ], [ 77.14689, 20.41389 ], [ 77.1471, 20.41688 ], [ 77.14623, 20.41832 ], [ 77.14383, 20.41969 ], [ 77.1461, 20.42613 ], [ 77.14852, 20.42716 ], [ 77.14765, 20.42943 ], [ 77.14869, 20.43096 ], [ 77.14847, 20.43341 ], [ 77.15, 20.4338 ], [ 77.15114, 20.436 ], [ 77.14926, 20.43846 ], [ 77.15015, 20.4396 ], [ 77.14871, 20.44206 ], [ 77.14494, 20.44179 ], [ 77.14419, 20.44452 ], [ 77.14224, 20.44285 ], [ 77.1406, 20.44455 ], [ 77.14319, 20.44702 ], [ 77.14329, 20.45157 ], [ 77.145, 20.45506 ], [ 77.14489, 20.45794 ], [ 77.14667, 20.46048 ], [ 77.14616, 20.46336 ], [ 77.14735, 20.47023 ], [ 77.14575, 20.47045 ], [ 77.14429, 20.4689 ], [ 77.14176, 20.46817 ], [ 77.1401, 20.46559 ], [ 77.13692, 20.46513 ], [ 77.13577, 20.46566 ], [ 77.13493, 20.46793 ], [ 77.13562, 20.46979 ], [ 77.13463, 20.47138 ], [ 77.13693, 20.47449 ], [ 77.13677, 20.4762 ], [ 77.13863, 20.47722 ], [ 77.1392, 20.47882 ], [ 77.14282, 20.48019 ], [ 77.14323, 20.48269 ], [ 77.14613, 20.48293 ], [ 77.14807, 20.48456 ], [ 77.14983, 20.48377 ] ] ] } },
{ "type": "Feature", "properties": { "newname": null }, "geometry": { "type": "Polygon", "coordinates": [ [ [ 77.03323, 21.24229 ], [ 77.03348, 21.24166 ], [ 77.03893, 21.2403 ], [ 77.04295, 21.23758 ], [ 77.05013, 21.22888 ], [ 77.05145, 21.22796 ], [ 77.05541, 21.22804 ], [ 77.05215, 21.22679 ], [ 77.04833, 21.22353 ], [ 77.04716, 21.21842 ], [ 77.05445, 21.20836 ], [ 77.05482, 21.20581 ], [ 77.0528, 21.20365 ], [ 77.04482, 21.20298 ], [ 77.04369, 21.20041 ], [ 77.0416, 21.19827 ], [ 77.03748, 21.19944 ], [ 77.03545, 21.20184 ], [ 77.02306, 21.19614 ], [ 77.01775, 21.19613 ], [ 77.01081, 21.20005 ], [ 77.00787, 21.20377 ], [ 77.00592, 21.21034 ], [ 77.00526, 21.21827 ], [ 77.00763, 21.2233 ], [ 77.01357, 21.23089 ], [ 77.01752, 21.231 ], [ 77.02375, 21.23592 ], [ 77.02786, 21.24095 ], [ 77.03064, 21.2424 ], [ 77.03323, 21.24229 ] ] ] } },
{ "type": "Feature", "properties": { "newname": null }, "geometry": { "type": "Polygon", "coordinates": [ [ [ 77.31772, 21.69024 ], [ 77.31772, 21.68853 ], [ 77.31547, 21.6849 ], [ 77.31159, 21.68147 ], [ 77.31158, 21.67633 ], [ 77.31624, 21.66742 ], [ 77.32374, 21.65928 ], [ 77.32983, 21.65646 ], [ 77.33288, 21.65666 ], [ 77.34466, 21.65121 ], [ 77.35665, 21.65278 ], [ 77.3595, 21.65184 ], [ 77.37167, 21.64468 ], [ 77.37573, 21.64394 ], [ 77.3798, 21.64396 ], [ 77.38164, 21.64473 ], [ 77.38572, 21.65045 ], [ 77.38939, 21.65408 ], [ 77.39182, 21.65352 ], [ 77.39466, 21.64935 ], [ 77.40034, 21.6471 ], [ 77.40156, 21.6452 ], [ 77.39992, 21.64272 ], [ 77.40073, 21.64102 ], [ 77.40581, 21.63914 ], [ 77.4062, 21.63724 ], [ 77.40782, 21.63573 ], [ 77.40925, 21.6363 ], [ 77.41148, 21.63327 ], [ 77.41697, 21.63539 ], [ 77.41817, 21.63159 ], [ 77.41753, 21.62038 ], [ 77.41569, 21.61809 ], [ 77.41121, 21.61541 ], [ 77.41017, 21.61065 ], [ 77.40651, 21.60854 ], [ 77.4063, 21.60626 ], [ 77.41094, 21.59754 ], [ 77.41154, 21.59374 ], [ 77.40337, 21.58135 ], [ 77.40048, 21.56993 ], [ 77.39886, 21.56897 ], [ 77.3962, 21.56516 ], [ 77.39497, 21.56192 ], [ 77.39578, 21.55945 ], [ 77.40086, 21.55833 ], [ 77.40207, 21.55739 ], [ 77.40227, 21.55587 ], [ 77.39921, 21.55224 ], [ 77.39888, 21.54433 ], [ 77.39701, 21.54026 ], [ 77.39288, 21.54024 ], [ 77.3896, 21.53808 ], [ 77.38831, 21.52938 ], [ 77.38521, 21.52705 ], [ 77.38397, 21.52704 ], [ 77.37962, 21.5218 ], [ 77.37734, 21.51812 ], [ 77.37692, 21.51521 ], [ 77.37052, 21.5146 ], [ 77.36722, 21.51304 ], [ 77.35892, 21.49559 ], [ 77.35602, 21.49094 ], [ 77.35105, 21.48821 ], [ 77.3496, 21.48452 ], [ 77.35002, 21.46856 ], [ 77.35143, 21.46477 ], [ 77.35243, 21.45812 ], [ 77.35566, 21.45205 ], [ 77.3534, 21.44215 ], [ 77.35217, 21.43968 ], [ 77.35095, 21.4391 ], [ 77.34751, 21.43966 ], [ 77.33536, 21.4451 ], [ 77.3313, 21.44527 ], [ 77.32865, 21.44355 ], [ 77.32906, 21.44108 ], [ 77.33918, 21.43486 ], [ 77.33856, 21.43143 ], [ 77.33673, 21.4299 ], [ 77.32902, 21.42625 ], [ 77.32334, 21.42794 ], [ 77.31646, 21.43361 ], [ 77.31504, 21.43284 ], [ 77.31463, 21.43093 ], [ 77.31888, 21.4262 ], [ 77.316, 21.41459 ], [ 77.3158, 21.41098 ], [ 77.31457, 21.4085 ], [ 77.30605, 21.40371 ], [ 77.30257, 21.39323 ], [ 77.29951, 21.3877 ], [ 77.29749, 21.38579 ], [ 77.29282, 21.38311 ], [ 77.28795, 21.38213 ], [ 77.28389, 21.3785 ], [ 77.27638, 21.3758 ], [ 77.27212, 21.37293 ], [ 77.26482, 21.37175 ], [ 77.26259, 21.3706 ], [ 77.26157, 21.36926 ], [ 77.26157, 21.36774 ], [ 77.26318, 21.363 ], [ 77.26276, 21.35672 ], [ 77.25749, 21.35422 ], [ 77.25748, 21.35175 ], [ 77.2591, 21.34909 ], [ 77.2587, 21.34738 ], [ 77.25565, 21.34642 ], [ 77.2516, 21.3464 ], [ 77.24126, 21.3414 ], [ 77.23093, 21.34287 ], [ 77.21045, 21.33839 ], [ 77.20559, 21.33646 ], [ 77.20052, 21.33301 ], [ 77.19241, 21.33012 ], [ 77.18044, 21.31713 ], [ 77.17841, 21.31578 ], [ 77.17091, 21.31347 ], [ 77.16261, 21.31437 ], [ 77.15694, 21.31396 ], [ 77.14154, 21.30552 ], [ 77.13586, 21.30453 ], [ 77.13425, 21.30376 ], [ 77.1312, 21.29861 ], [ 77.12047, 21.2881 ], [ 77.099, 21.2762 ], [ 77.09515, 21.27123 ], [ 77.08928, 21.26968 ], [ 77.08523, 21.26757 ], [ 77.08442, 21.26623 ], [ 77.0836, 21.259 ], [ 77.08017, 21.25499 ], [ 77.07065, 21.25456 ], [ 77.06842, 21.25284 ], [ 77.06701, 21.2456 ], [ 77.07491, 21.23442 ], [ 77.07389, 21.23157 ], [ 77.07389, 21.22586 ], [ 77.07268, 21.22224 ], [ 77.06984, 21.22223 ], [ 77.0664, 21.22487 ], [ 77.06236, 21.2317 ], [ 77.05042, 21.23753 ], [ 77.04656, 21.24264 ], [ 77.03138, 21.24713 ], [ 77.02247, 21.25658 ], [ 77.01923, 21.25695 ], [ 77.01397, 21.25483 ], [ 76.99696, 21.25702 ], [ 76.99169, 21.25928 ], [ 76.98603, 21.25848 ], [ 76.97793, 21.26053 ], [ 76.967, 21.25819 ], [ 76.96375, 21.26141 ], [ 76.96112, 21.26196 ], [ 76.95789, 21.261 ], [ 76.95444, 21.2587 ], [ 76.95121, 21.25792 ], [ 76.94128, 21.25996 ], [ 76.93359, 21.26011 ], [ 76.93015, 21.2599 ], [ 76.92529, 21.25721 ], [ 76.91234, 21.25562 ], [ 76.89998, 21.26069 ], [ 76.89492, 21.26047 ], [ 76.8941, 21.26408 ], [ 76.89471, 21.26637 ], [ 76.90421, 21.27517 ], [ 76.90683, 21.28127 ], [ 76.90763, 21.2866 ], [ 76.906, 21.29192 ], [ 76.90295, 21.2938 ], [ 76.90031, 21.29816 ], [ 76.9003, 21.30653 ], [ 76.90211, 21.31187 ], [ 76.90332, 21.31321 ], [ 76.90331, 21.32139 ], [ 76.89864, 21.33163 ], [ 76.89863, 21.33335 ], [ 76.90004, 21.33411 ], [ 76.91017, 21.33512 ], [ 76.91322, 21.33665 ], [ 76.91726, 21.34086 ], [ 76.91847, 21.34125 ], [ 76.92252, 21.34907 ], [ 76.92251, 21.35059 ], [ 76.92027, 21.35343 ], [ 76.92371, 21.35611 ], [ 76.92493, 21.35859 ], [ 76.9235, 21.36353 ], [ 76.92593, 21.36544 ], [ 76.92999, 21.36604 ], [ 76.93787, 21.3714 ], [ 76.93909, 21.3735 ], [ 76.93868, 21.3754 ], [ 76.93665, 21.37824 ], [ 76.93867, 21.38054 ], [ 76.93827, 21.38396 ], [ 76.94191, 21.38664 ], [ 76.94617, 21.38666 ], [ 76.94759, 21.38762 ], [ 76.94759, 21.38876 ], [ 76.95325, 21.3983 ], [ 76.95568, 21.40078 ], [ 76.95507, 21.40458 ], [ 76.95364, 21.40724 ], [ 76.95364, 21.40876 ], [ 76.95485, 21.41048 ], [ 76.95831, 21.41107 ], [ 76.96317, 21.40995 ], [ 76.96621, 21.41263 ], [ 76.96824, 21.41321 ], [ 76.97696, 21.41078 ], [ 76.98081, 21.40738 ], [ 76.98405, 21.40568 ], [ 76.98872, 21.40114 ], [ 77.00352, 21.40597 ], [ 77.0163, 21.40813 ], [ 77.02441, 21.41406 ], [ 77.04367, 21.4231 ], [ 77.06496, 21.42606 ], [ 77.06861, 21.4295 ], [ 77.0749, 21.432 ], [ 77.08199, 21.43128 ], [ 77.08727, 21.43321 ], [ 77.09052, 21.43266 ], [ 77.10188, 21.42777 ], [ 77.11018, 21.42762 ], [ 77.11851, 21.43052 ], [ 77.13493, 21.43269 ], [ 77.14102, 21.43462 ], [ 77.14609, 21.43465 ], [ 77.15725, 21.43774 ], [ 77.16638, 21.44178 ], [ 77.17653, 21.44374 ], [ 77.17957, 21.44527 ], [ 77.18525, 21.45024 ], [ 77.19459, 21.45353 ], [ 77.19479, 21.45504 ], [ 77.18932, 21.46053 ], [ 77.18689, 21.46489 ], [ 77.18771, 21.46737 ], [ 77.18385, 21.47039 ], [ 77.17919, 21.47265 ], [ 77.18123, 21.47608 ], [ 77.18427, 21.47838 ], [ 77.18813, 21.47897 ], [ 77.19097, 21.48031 ], [ 77.193, 21.48356 ], [ 77.19098, 21.48944 ], [ 77.1918, 21.49172 ], [ 77.19139, 21.49267 ], [ 77.18591, 21.49531 ], [ 77.17902, 21.49699 ], [ 77.16928, 21.5053 ], [ 77.16055, 21.50735 ], [ 77.14858, 21.51148 ], [ 77.14452, 21.51431 ], [ 77.1366, 21.51465 ], [ 77.13275, 21.51672 ], [ 77.13133, 21.52071 ], [ 77.13844, 21.53082 ], [ 77.13987, 21.53387 ], [ 77.14027, 21.5392 ], [ 77.13744, 21.5428 ], [ 77.12424, 21.55319 ], [ 77.1149, 21.55676 ], [ 77.11388, 21.55789 ], [ 77.11369, 21.56398 ], [ 77.11735, 21.57103 ], [ 77.11999, 21.57314 ], [ 77.12771, 21.57678 ], [ 77.13035, 21.58193 ], [ 77.12954, 21.58459 ], [ 77.12467, 21.59198 ], [ 77.11411, 21.59612 ], [ 77.11147, 21.59914 ], [ 77.11045, 21.60313 ], [ 77.11249, 21.61588 ], [ 77.11514, 21.62065 ], [ 77.12001, 21.62391 ], [ 77.12205, 21.62677 ], [ 77.12327, 21.63153 ], [ 77.13384, 21.64394 ], [ 77.14605, 21.65217 ], [ 77.1607, 21.66593 ], [ 77.16517, 21.66785 ], [ 77.1674, 21.66577 ], [ 77.17024, 21.65742 ], [ 77.17471, 21.65516 ], [ 77.17573, 21.65554 ], [ 77.17654, 21.65745 ], [ 77.17492, 21.662 ], [ 77.17879, 21.6624 ], [ 77.18569, 21.65692 ], [ 77.18712, 21.65769 ], [ 77.19585, 21.65583 ], [ 77.2103, 21.65913 ], [ 77.22027, 21.66317 ], [ 77.22311, 21.66584 ], [ 77.23025, 21.67728 ], [ 77.23473, 21.6792 ], [ 77.24613, 21.69162 ], [ 77.26218, 21.68466 ], [ 77.26727, 21.68031 ], [ 77.28617, 21.67888 ], [ 77.28963, 21.68041 ], [ 77.29738, 21.68748 ], [ 77.30206, 21.68979 ], [ 77.31061, 21.6923 ], [ 77.3159, 21.69251 ], [ 77.31772, 21.69024 ] ] ] } },
{ "type": "Feature", "properties": { "newname": null }, "geometry": { "type": "Polygon", "coordinates": [ [ [ 77.3019, 21.45965 ], [ 77.29667, 21.45302 ], [ 77.29841, 21.4511 ], [ 77.29961, 21.44598 ], [ 77.29565, 21.44134 ], [ 77.29282, 21.4349 ], [ 77.29295, 21.43363 ], [ 77.29617, 21.43195 ], [ 77.299, 21.43179 ], [ 77.29861, 21.43081 ], [ 77.29729, 21.43042 ], [ 77.29721, 21.42911 ], [ 77.29872, 21.42247 ], [ 77.29624, 21.41592 ], [ 77.29218, 21.41402 ], [ 77.29219, 21.40483 ], [ 77.28974, 21.39827 ], [ 77.28381, 21.39068 ], [ 77.28239, 21.38983 ], [ 77.27151, 21.38741 ], [ 77.25838, 21.38206 ], [ 77.25207, 21.37467 ], [ 77.23359, 21.3625 ], [ 77.22628, 21.35534 ], [ 77.22482, 21.35455 ], [ 77.21651, 21.35397 ], [ 77.2076, 21.35215 ], [ 77.20651, 21.35093 ], [ 77.20775, 21.34693 ], [ 77.21119, 21.34404 ], [ 77.21367, 21.33895 ], [ 77.21329, 21.33389 ], [ 77.20084, 21.3288 ], [ 77.18038, 21.33049 ], [ 77.17177, 21.32251 ], [ 77.1687, 21.31862 ], [ 77.15913, 21.31276 ], [ 77.1552, 21.31475 ], [ 77.14585, 21.31626 ], [ 77.1323, 21.31132 ], [ 77.12429, 21.31647 ], [ 77.11733, 21.31522 ], [ 77.1086, 21.31491 ], [ 77.10729, 21.31446 ], [ 77.10444, 21.30646 ], [ 77.10157, 21.30525 ], [ 77.09463, 21.30546 ], [ 77.08967, 21.30111 ], [ 77.0843, 21.29876 ], [ 77.07193, 21.29753 ], [ 77.06708, 21.29297 ], [ 77.06432, 21.28902 ], [ 77.05476, 21.28718 ], [ 77.04787, 21.28687 ], [ 77.02953, 21.28778 ], [ 77.0242, 21.28443 ], [ 77.02203, 21.28195 ], [ 77.02047, 21.27931 ], [ 77.0202, 21.27398 ], [ 77.01928, 21.27299 ], [ 77.00703, 21.26781 ], [ 76.99599, 21.26675 ], [ 76.99382, 21.26918 ], [ 76.99181, 21.27556 ], [ 76.98782, 21.27859 ], [ 76.99104, 21.28762 ], [ 76.98769, 21.29052 ], [ 76.98372, 21.29086 ], [ 76.98255, 21.29188 ], [ 76.98175, 21.29725 ], [ 76.97579, 21.3014 ], [ 76.97537, 21.30763 ], [ 76.97366, 21.30979 ], [ 76.96452, 21.30847 ], [ 76.96174, 21.30717 ], [ 76.95988, 21.30479 ], [ 76.95969, 21.29718 ], [ 76.95645, 21.29335 ], [ 76.95623, 21.29228 ], [ 76.95715, 21.29114 ], [ 76.95657, 21.28983 ], [ 76.95408, 21.28829 ], [ 76.95366, 21.28554 ], [ 76.95574, 21.27396 ], [ 76.95502, 21.26984 ], [ 76.95367, 21.26735 ], [ 76.94662, 21.26344 ], [ 76.93743, 21.26443 ], [ 76.9351, 21.26686 ], [ 76.93272, 21.27317 ], [ 76.92287, 21.28699 ], [ 76.91605, 21.29846 ], [ 76.91387, 21.30033 ], [ 76.91394, 21.30498 ], [ 76.91539, 21.30629 ], [ 76.91932, 21.30624 ], [ 76.92185, 21.30711 ], [ 76.92975, 21.31276 ], [ 76.94196, 21.31487 ], [ 76.9446, 21.31666 ], [ 76.9493, 21.32182 ], [ 76.94884, 21.32434 ], [ 76.94993, 21.33102 ], [ 76.95138, 21.33336 ], [ 76.95403, 21.33545 ], [ 76.96198, 21.36039 ], [ 76.97455, 21.37705 ], [ 76.9716, 21.38087 ], [ 76.97189, 21.38486 ], [ 76.96823, 21.3913 ], [ 76.97272, 21.39433 ], [ 76.97663, 21.39498 ], [ 76.9789, 21.39709 ], [ 76.98247, 21.39476 ], [ 76.98298, 21.38968 ], [ 76.99022, 21.38084 ], [ 76.99771, 21.38037 ], [ 77.00072, 21.37708 ], [ 77.00477, 21.37517 ], [ 77.01535, 21.38115 ], [ 77.01665, 21.38221 ], [ 77.01685, 21.38361 ], [ 77.01591, 21.39144 ], [ 77.01175, 21.39775 ], [ 77.00806, 21.40104 ], [ 77.00754, 21.40355 ], [ 77.01076, 21.4069 ], [ 77.01355, 21.40683 ], [ 77.01757, 21.40483 ], [ 77.02339, 21.41379 ], [ 77.02435, 21.4087 ], [ 77.02636, 21.40615 ], [ 77.02787, 21.40149 ], [ 77.03185, 21.40156 ], [ 77.04142, 21.39742 ], [ 77.04662, 21.39806 ], [ 77.04754, 21.3971 ], [ 77.0479, 21.3958 ], [ 77.04566, 21.39062 ], [ 77.04433, 21.38974 ], [ 77.04482, 21.38829 ], [ 77.04778, 21.3846 ], [ 77.05631, 21.38025 ], [ 77.05641, 21.37615 ], [ 77.05215, 21.37287 ], [ 77.05443, 21.37176 ], [ 77.05943, 21.36598 ], [ 77.06332, 21.36803 ], [ 77.06475, 21.36781 ], [ 77.08086, 21.36211 ], [ 77.08745, 21.36686 ], [ 77.09262, 21.36935 ], [ 77.09595, 21.37304 ], [ 77.09988, 21.37508 ], [ 77.10247, 21.37416 ], [ 77.10863, 21.36873 ], [ 77.1137, 21.36755 ], [ 77.11601, 21.36948 ], [ 77.11979, 21.37597 ], [ 77.12495, 21.37585 ], [ 77.12654, 21.37785 ], [ 77.13049, 21.37987 ], [ 77.1292, 21.38655 ], [ 77.13319, 21.38887 ], [ 77.13356, 21.38994 ], [ 77.13113, 21.39175 ], [ 77.13052, 21.39299 ], [ 77.13165, 21.39547 ], [ 77.12927, 21.39732 ], [ 77.11941, 21.39683 ], [ 77.11997, 21.40314 ], [ 77.11514, 21.41182 ], [ 77.11494, 21.41689 ], [ 77.12306, 21.41735 ], [ 77.12862, 21.41556 ], [ 77.13527, 21.41681 ], [ 77.14326, 21.41306 ], [ 77.14906, 21.41402 ], [ 77.15341, 21.41568 ], [ 77.16322, 21.42176 ], [ 77.16513, 21.42922 ], [ 77.16721, 21.43172 ], [ 77.18774, 21.44105 ], [ 77.19363, 21.43482 ], [ 77.19447, 21.43238 ], [ 77.19876, 21.43005 ], [ 77.20272, 21.43292 ], [ 77.21101, 21.4328 ], [ 77.21358, 21.43485 ], [ 77.21261, 21.43748 ], [ 77.21291, 21.4388 ], [ 77.21678, 21.44075 ], [ 77.22363, 21.44042 ], [ 77.23037, 21.43854 ], [ 77.2434, 21.43884 ], [ 77.25254, 21.44403 ], [ 77.25913, 21.44579 ], [ 77.25992, 21.44702 ], [ 77.26043, 21.45883 ], [ 77.26287, 21.4607 ], [ 77.28276, 21.46621 ], [ 77.29982, 21.46734 ], [ 77.30083, 21.46624 ], [ 77.3019, 21.45965 ] ] ] } },
{ "type": "Feature", "properties": { "newname": null }, "geometry": { "type": "Polygon", "coordinates": [ [ [ 76.8652, 21.30678 ], [ 76.88327, 21.29996 ], [ 76.88409, 21.29897 ], [ 76.8831, 21.29639 ], [ 76.88345, 21.29518 ], [ 76.88477, 21.29451 ], [ 76.88877, 21.29324 ], [ 76.89383, 21.29452 ], [ 76.896, 21.28824 ], [ 76.89123, 21.28145 ], [ 76.8922, 21.27916 ], [ 76.89232, 21.27535 ], [ 76.89449, 21.27007 ], [ 76.89732, 21.26638 ], [ 76.90206, 21.26269 ], [ 76.90201, 21.26144 ], [ 76.8989, 21.25767 ], [ 76.89872, 21.25624 ], [ 76.89954, 21.25361 ], [ 76.90141, 21.25121 ], [ 76.9137, 21.25025 ], [ 76.92279, 21.25111 ], [ 76.92883, 21.24237 ], [ 76.93687, 21.23819 ], [ 76.94229, 21.23805 ], [ 76.94914, 21.23881 ], [ 76.95173, 21.2399 ], [ 76.95429, 21.24213 ], [ 76.9581, 21.24881 ], [ 76.96472, 21.25258 ], [ 76.97134, 21.2534 ], [ 76.97528, 21.25301 ], [ 76.9804, 21.25518 ], [ 76.98453, 21.25474 ], [ 76.99027, 21.25542 ], [ 76.99435, 21.25355 ], [ 76.99592, 21.25111 ], [ 76.99915, 21.24198 ], [ 77.01001, 21.23506 ], [ 77.01288, 21.23021 ], [ 77.00763, 21.2233 ], [ 77.00526, 21.21827 ], [ 77.00592, 21.21034 ], [ 77.0072, 21.20612 ], [ 77.00041, 21.20753 ], [ 76.99915, 21.20647 ], [ 76.98992, 21.20389 ], [ 76.97613, 21.21122 ], [ 76.97417, 21.2133 ], [ 76.96619, 21.21619 ], [ 76.96725, 21.22273 ], [ 76.96284, 21.22234 ], [ 76.95127, 21.21896 ], [ 76.94743, 21.2152 ], [ 76.94637, 21.21147 ], [ 76.94685, 21.19447 ], [ 76.94559, 21.19223 ], [ 76.93858, 21.19359 ], [ 76.936, 21.19737 ], [ 76.93184, 21.19967 ], [ 76.92939, 21.209 ], [ 76.93076, 21.21581 ], [ 76.93018, 21.21714 ], [ 76.92471, 21.2175 ], [ 76.92231, 21.2166 ], [ 76.92026, 21.21245 ], [ 76.91412, 21.20732 ], [ 76.90558, 21.20914 ], [ 76.90427, 21.20824 ], [ 76.90128, 21.20295 ], [ 76.89182, 21.19891 ], [ 76.88786, 21.19887 ], [ 76.87679, 21.19471 ], [ 76.87589, 21.19214 ], [ 76.8775, 21.18651 ], [ 76.87157, 21.18479 ], [ 76.86334, 21.18342 ], [ 76.85938, 21.18374 ], [ 76.85245, 21.18167 ], [ 76.85105, 21.18183 ], [ 76.84416, 21.18629 ], [ 76.83912, 21.18279 ], [ 76.82783, 21.18137 ], [ 76.82082, 21.17957 ], [ 76.81165, 21.17867 ], [ 76.80203, 21.17923 ], [ 76.79133, 21.17745 ], [ 76.78586, 21.18015 ], [ 76.7783, 21.18603 ], [ 76.7718, 21.18534 ], [ 76.7651, 21.18677 ], [ 76.76258, 21.18943 ], [ 76.75783, 21.21332 ], [ 76.75516, 21.2147 ], [ 76.74873, 21.21455 ], [ 76.74474, 21.21758 ], [ 76.74255, 21.22162 ], [ 76.74166, 21.22784 ], [ 76.73796, 21.23562 ], [ 76.73888, 21.23969 ], [ 76.74021, 21.23959 ], [ 76.74509, 21.24455 ], [ 76.74576, 21.24718 ], [ 76.74509, 21.24851 ], [ 76.74736, 21.25162 ], [ 76.74844, 21.25538 ], [ 76.75055, 21.25375 ], [ 76.75188, 21.25398 ], [ 76.75319, 21.25452 ], [ 76.75428, 21.25689 ], [ 76.75671, 21.25821 ], [ 76.75652, 21.26204 ], [ 76.75413, 21.26373 ], [ 76.76391, 21.26577 ], [ 76.76535, 21.26509 ], [ 76.76627, 21.26124 ], [ 76.76585, 21.25868 ], [ 76.7597, 21.24974 ], [ 76.76061, 21.24897 ], [ 76.77178, 21.25209 ], [ 76.77315, 21.25212 ], [ 76.77692, 21.24893 ], [ 76.78231, 21.24952 ], [ 76.78492, 21.25127 ], [ 76.7851, 21.25261 ], [ 76.78365, 21.26314 ], [ 76.78538, 21.26549 ], [ 76.78807, 21.26654 ], [ 76.79651, 21.26207 ], [ 76.80444, 21.25531 ], [ 76.80613, 21.25707 ], [ 76.80707, 21.26354 ], [ 76.81335, 21.26898 ], [ 76.81429, 21.27022 ], [ 76.81443, 21.27274 ], [ 76.81803, 21.27114 ], [ 76.81932, 21.27122 ], [ 76.82061, 21.27362 ], [ 76.82393, 21.27182 ], [ 76.82442, 21.27311 ], [ 76.82444, 21.27567 ], [ 76.82321, 21.27838 ], [ 76.82598, 21.27977 ], [ 76.82597, 21.28105 ], [ 76.81413, 21.29303 ], [ 76.81705, 21.2936 ], [ 76.82506, 21.29189 ], [ 76.83324, 21.29451 ], [ 76.83749, 21.2972 ], [ 76.84007, 21.29685 ], [ 76.84129, 21.29794 ], [ 76.84161, 21.30592 ], [ 76.85186, 21.30413 ], [ 76.86259, 21.30837 ], [ 76.86451, 21.3083 ], [ 76.8652, 21.30678 ] ] ] } },
{ "type": "Feature", "properties": { "newname": null }, "geometry": { "type": "Polygon", "coordinates": [ [ [ 76.69452, 21.28145 ], [ 76.71015, 21.2807 ], [ 76.71429, 21.27977 ], [ 76.71808, 21.28139 ], [ 76.71841, 21.28389 ], [ 76.72003, 21.28368 ], [ 76.72963, 21.27439 ], [ 76.73264, 21.25856 ], [ 76.74039, 21.25453 ], [ 76.74576, 21.24718 ], [ 76.74509, 21.24455 ], [ 76.74157, 21.24068 ], [ 76.74021, 21.23959 ], [ 76.73888, 21.23969 ], [ 76.73796, 21.23562 ], [ 76.74215, 21.22654 ], [ 76.74255, 21.22162 ], [ 76.74382, 21.21881 ], [ 76.74873, 21.21455 ], [ 76.75516, 21.2147 ], [ 76.75783, 21.21332 ], [ 76.76258, 21.18943 ], [ 76.7651, 21.18677 ], [ 76.7718, 21.18534 ], [ 76.7783, 21.18603 ], [ 76.78316, 21.18217 ], [ 76.78166, 21.17678 ], [ 76.77849, 21.17295 ], [ 76.76907, 21.17534 ], [ 76.762, 21.17481 ], [ 76.76155, 21.17213 ], [ 76.75915, 21.16804 ], [ 76.74206, 21.15695 ], [ 76.73701, 21.15047 ], [ 76.73151, 21.15192 ], [ 76.7241, 21.15927 ], [ 76.71579, 21.16274 ], [ 76.71274, 21.16311 ], [ 76.70998, 21.16233 ], [ 76.70153, 21.16309 ], [ 76.69576, 21.15984 ], [ 76.69554, 21.15732 ], [ 76.69025, 21.15068 ], [ 76.68359, 21.14587 ], [ 76.68005, 21.14191 ], [ 76.67882, 21.14165 ], [ 76.6748, 21.14441 ], [ 76.66819, 21.14647 ], [ 76.66487, 21.15028 ], [ 76.66284, 21.1552 ], [ 76.65902, 21.15805 ], [ 76.65787, 21.1633 ], [ 76.64955, 21.17194 ], [ 76.64886, 21.17454 ], [ 76.6498, 21.18113 ], [ 76.64938, 21.18523 ], [ 76.64822, 21.18786 ], [ 76.64265, 21.19068 ], [ 76.64033, 21.1931 ], [ 76.64014, 21.20216 ], [ 76.64516, 21.21138 ], [ 76.65006, 21.22635 ], [ 76.65273, 21.22828 ], [ 76.65675, 21.22915 ], [ 76.6594, 21.23124 ], [ 76.66204, 21.23682 ], [ 76.66129, 21.26815 ], [ 76.6638, 21.27705 ], [ 76.66392, 21.27629 ], [ 76.67342, 21.27833 ], [ 76.67868, 21.28088 ], [ 76.68092, 21.28305 ], [ 76.68908, 21.28436 ], [ 76.69452, 21.28145 ] ] ] } },
{ "type": "Feature", "properties": { "newname": null }, "geometry": { "type": "Polygon", "coordinates": [ [ [ 75.60846, 21.38779 ], [ 75.61072, 21.38973 ], [ 75.61732, 21.38748 ], [ 75.61697, 21.38332 ], [ 75.61806, 21.38036 ], [ 75.62064, 21.37823 ], [ 75.62079, 21.37542 ], [ 75.62197, 21.3747 ], [ 75.62424, 21.3761 ], [ 75.6246, 21.37396 ], [ 75.63087, 21.37417 ], [ 75.63837, 21.3763 ], [ 75.63993, 21.3755 ], [ 75.64014, 21.37391 ], [ 75.64336, 21.37395 ], [ 75.64816, 21.37801 ], [ 75.64968, 21.37588 ], [ 75.6541, 21.37733 ], [ 75.6561, 21.37664 ], [ 75.65836, 21.37767 ], [ 75.66037, 21.37551 ], [ 75.66256, 21.37512 ], [ 75.66687, 21.37615 ], [ 75.67164, 21.37346 ], [ 75.67529, 21.37617 ], [ 75.67785, 21.37605 ], [ 75.68169, 21.37817 ], [ 75.68519, 21.37832 ], [ 75.68819, 21.38264 ], [ 75.69082, 21.38253 ], [ 75.6926, 21.3836 ], [ 75.69391, 21.38207 ], [ 75.69552, 21.3839 ], [ 75.69808, 21.38402 ], [ 75.70261, 21.38646 ], [ 75.70469, 21.38668 ], [ 75.70952, 21.38465 ], [ 75.71226, 21.38589 ], [ 75.71652, 21.38612 ], [ 75.71743, 21.3838 ], [ 75.71992, 21.38297 ], [ 75.72973, 21.38741 ], [ 75.73233, 21.38692 ], [ 75.73295, 21.38585 ], [ 75.73705, 21.38688 ], [ 75.74772, 21.38331 ], [ 75.75153, 21.38339 ], [ 75.75506, 21.3783 ], [ 75.75677, 21.37785 ], [ 75.76671, 21.38024 ], [ 75.77448, 21.38093 ], [ 75.77829, 21.38332 ], [ 75.78304, 21.3826 ], [ 75.7869, 21.38306 ], [ 75.78862, 21.38162 ], [ 75.79057, 21.3831 ], [ 75.79515, 21.38359 ], [ 75.80178, 21.38257 ], [ 75.80421, 21.38379 ], [ 75.8129, 21.37798 ], [ 75.81445, 21.3779 ], [ 75.81537, 21.37877 ], [ 75.81965, 21.37722 ], [ 75.82101, 21.37042 ], [ 75.81533, 21.36605 ], [ 75.81653, 21.36035 ], [ 75.81844, 21.35879 ], [ 75.82246, 21.35951 ], [ 75.82463, 21.35666 ], [ 75.82431, 21.35465 ], [ 75.82939, 21.35313 ], [ 75.83001, 21.35173 ], [ 75.83443, 21.35279 ], [ 75.83436, 21.35116 ], [ 75.83574, 21.35044 ], [ 75.83315, 21.34956 ], [ 75.83363, 21.34804 ], [ 75.84245, 21.34668 ], [ 75.83685, 21.34447 ], [ 75.83877, 21.34223 ], [ 75.85009, 21.34447 ], [ 75.85448, 21.34341 ], [ 75.8596, 21.34486 ], [ 75.86109, 21.34714 ], [ 75.86443, 21.3463 ], [ 75.86775, 21.34949 ], [ 75.87347, 21.3523 ], [ 75.87566, 21.35459 ], [ 75.87749, 21.3544 ], [ 75.882, 21.3517 ], [ 75.88988, 21.35501 ], [ 75.89508, 21.35615 ], [ 75.89699, 21.35577 ], [ 75.90078, 21.34677 ], [ 75.9064, 21.34175 ], [ 75.90689, 21.33404 ], [ 75.91331, 21.32446 ], [ 75.91125, 21.31808 ], [ 75.90943, 21.31796 ], [ 75.90886, 21.31713 ], [ 75.91106, 21.30979 ], [ 75.90668, 21.30645 ], [ 75.90462, 21.29885 ], [ 75.9063, 21.29767 ], [ 75.90634, 21.29387 ], [ 75.90772, 21.29227 ], [ 75.91518, 21.29391 ], [ 75.91746, 21.29284 ], [ 75.91665, 21.28977 ], [ 75.91312, 21.28482 ], [ 75.91362, 21.28338 ], [ 75.91779, 21.28555 ], [ 75.92091, 21.28882 ], [ 75.92307, 21.28855 ], [ 75.92311, 21.28471 ], [ 75.92149, 21.28141 ], [ 75.9223, 21.27894 ], [ 75.93103, 21.2697 ], [ 75.93213, 21.2656 ], [ 75.9278, 21.26465 ], [ 75.91948, 21.26476 ], [ 75.91254, 21.26267 ], [ 75.90744, 21.26328 ], [ 75.90529, 21.26271 ], [ 75.90229, 21.26552 ], [ 75.90167, 21.26758 ], [ 75.9022, 21.26925 ], [ 75.89952, 21.27008 ], [ 75.89802, 21.27233 ], [ 75.89157, 21.27244 ], [ 75.88776, 21.27335 ], [ 75.88211, 21.2765 ], [ 75.88158, 21.27723 ], [ 75.88372, 21.28281 ], [ 75.88228, 21.29322 ], [ 75.88422, 21.29744 ], [ 75.88746, 21.30048 ], [ 75.8879, 21.30242 ], [ 75.88644, 21.30306 ], [ 75.87939, 21.2993 ], [ 75.87626, 21.29892 ], [ 75.8733, 21.30204 ], [ 75.87223, 21.30595 ], [ 75.87125, 21.30648 ], [ 75.86959, 21.30591 ], [ 75.86874, 21.30356 ], [ 75.86652, 21.3012 ], [ 75.86388, 21.30109 ], [ 75.85777, 21.29805 ], [ 75.85535, 21.30507 ], [ 75.85871, 21.30869 ], [ 75.86337, 21.31583 ], [ 75.86024, 21.31613 ], [ 75.85848, 21.31819 ], [ 75.8455, 21.31549 ], [ 75.83691, 21.31165 ], [ 75.8187, 21.3088 ], [ 75.81402, 21.31165 ], [ 75.80697, 21.31761 ], [ 75.80202, 21.31776 ], [ 75.80387, 21.32163 ], [ 75.80378, 21.32286 ], [ 75.80231, 21.32329 ], [ 75.79872, 21.32249 ], [ 75.78666, 21.31497 ], [ 75.7802, 21.3138 ], [ 75.77414, 21.31842 ], [ 75.76962, 21.31897 ], [ 75.76384, 21.31916 ], [ 75.75858, 21.31829 ], [ 75.75314, 21.31626 ], [ 75.75298, 21.32259 ], [ 75.7543, 21.32518 ], [ 75.75198, 21.32487 ], [ 75.74741, 21.32166 ], [ 75.74606, 21.32604 ], [ 75.743, 21.32739 ], [ 75.74603, 21.33189 ], [ 75.74662, 21.33319 ], [ 75.74609, 21.33399 ], [ 75.73934, 21.33812 ], [ 75.73442, 21.33867 ], [ 75.73308, 21.34027 ], [ 75.72112, 21.3375 ], [ 75.70267, 21.32973 ], [ 75.69822, 21.32998 ], [ 75.69724, 21.32911 ], [ 75.69597, 21.32961 ], [ 75.69538, 21.32776 ], [ 75.69218, 21.32807 ], [ 75.69038, 21.3293 ], [ 75.68886, 21.3285 ], [ 75.68593, 21.32895 ], [ 75.6836, 21.32821 ], [ 75.67944, 21.32519 ], [ 75.67624, 21.32562 ], [ 75.67525, 21.325 ], [ 75.6748, 21.32334 ], [ 75.67122, 21.32216 ], [ 75.66882, 21.32198 ], [ 75.66382, 21.32331 ], [ 75.66157, 21.32289 ], [ 75.6565, 21.32498 ], [ 75.6543, 21.32707 ], [ 75.64844, 21.32603 ], [ 75.64431, 21.32732 ], [ 75.63823, 21.33262 ], [ 75.63723, 21.33249 ], [ 75.63361, 21.33748 ], [ 75.62705, 21.34104 ], [ 75.62557, 21.344 ], [ 75.62424, 21.34492 ], [ 75.61954, 21.34159 ], [ 75.61318, 21.33919 ], [ 75.61387, 21.33598 ], [ 75.6119, 21.33228 ], [ 75.60846, 21.3313 ], [ 75.6002, 21.33191 ], [ 75.59686, 21.33395 ], [ 75.59637, 21.33666 ], [ 75.59357, 21.33727 ], [ 75.59155, 21.34079 ], [ 75.58833, 21.34226 ], [ 75.58746, 21.34399 ], [ 75.58559, 21.34417 ], [ 75.58431, 21.34627 ], [ 75.58179, 21.34701 ], [ 75.58156, 21.35021 ], [ 75.58041, 21.35193 ], [ 75.57822, 21.35138 ], [ 75.57628, 21.35347 ], [ 75.5713, 21.35193 ], [ 75.56708, 21.34787 ], [ 75.56486, 21.34312 ], [ 75.56232, 21.34423 ], [ 75.56026, 21.34355 ], [ 75.55823, 21.34041 ], [ 75.55602, 21.34164 ], [ 75.55418, 21.34084 ], [ 75.55153, 21.34248 ], [ 75.55155, 21.34446 ], [ 75.55425, 21.34667 ], [ 75.55495, 21.35135 ], [ 75.55157, 21.35651 ], [ 75.55175, 21.36122 ], [ 75.54998, 21.36697 ], [ 75.54828, 21.36809 ], [ 75.54723, 21.37165 ], [ 75.55306, 21.37445 ], [ 75.55584, 21.37787 ], [ 75.55755, 21.37864 ], [ 75.55935, 21.37802 ], [ 75.55749, 21.37325 ], [ 75.559, 21.37232 ], [ 75.56329, 21.37567 ], [ 75.56693, 21.37331 ], [ 75.58103, 21.37613 ], [ 75.58082, 21.37753 ], [ 75.57845, 21.37868 ], [ 75.57268, 21.3786 ], [ 75.57219, 21.38081 ], [ 75.57359, 21.38186 ], [ 75.57652, 21.38173 ], [ 75.58283, 21.38395 ], [ 75.58854, 21.3884 ], [ 75.59003, 21.38826 ], [ 75.59237, 21.38555 ], [ 75.5938, 21.38532 ], [ 75.59783, 21.38678 ], [ 75.60056, 21.38483 ], [ 75.6046, 21.3901 ], [ 75.6083, 21.39097 ], [ 75.60846, 21.38779 ] ] ] } },
{ "type": "Feature", "properties": { "newname": null }, "geometry": { "type": "Polygon", "coordinates": [ [ [ 75.00094, 21.39219 ], [ 75.00375, 21.38418 ], [ 75.00622, 21.38459 ], [ 75.0112, 21.38315 ], [ 75.01353, 21.38113 ], [ 75.01598, 21.38119 ], [ 75.02103, 21.37946 ], [ 75.03062, 21.37175 ], [ 75.04046, 21.36628 ], [ 75.04797, 21.36559 ], [ 75.05532, 21.36081 ], [ 75.06282, 21.3573 ], [ 75.08839, 21.34933 ], [ 75.09102, 21.34904 ], [ 75.09597, 21.35077 ], [ 75.10365, 21.35381 ], [ 75.1085, 21.35681 ], [ 75.11356, 21.35825 ], [ 75.11554, 21.35653 ], [ 75.11798, 21.35636 ], [ 75.12284, 21.3593 ], [ 75.13039, 21.35768 ], [ 75.14062, 21.35986 ], [ 75.14305, 21.35934 ], [ 75.15018, 21.35331 ], [ 75.15164, 21.35079 ], [ 75.15128, 21.34844 ], [ 75.14862, 21.34752 ], [ 75.14619, 21.34833 ], [ 75.14386, 21.35069 ], [ 75.13615, 21.3534 ], [ 75.13118, 21.35271 ], [ 75.12858, 21.35179 ], [ 75.12381, 21.34499 ], [ 75.12313, 21.34265 ], [ 75.12368, 21.34033 ], [ 75.12564, 21.33798 ], [ 75.12818, 21.33677 ], [ 75.13824, 21.33487 ], [ 75.15124, 21.3284 ], [ 75.15635, 21.32489 ], [ 75.15678, 21.32246 ], [ 75.15591, 21.32018 ], [ 75.15336, 21.31851 ], [ 75.14806, 21.31696 ], [ 75.12776, 21.31847 ], [ 75.11959, 21.31768 ], [ 75.10689, 21.30968 ], [ 75.09437, 21.30888 ], [ 75.0836, 21.31178 ], [ 75.07584, 21.3126 ], [ 75.06821, 21.31565 ], [ 75.06303, 21.31681 ], [ 75.05525, 21.31665 ], [ 75.04172, 21.31212 ], [ 75.03651, 21.31455 ], [ 75.03505, 21.31689 ], [ 75.03265, 21.31867 ], [ 75.02757, 21.31896 ], [ 75.02245, 21.31753 ], [ 75.01989, 21.3181 ], [ 75.01794, 21.32293 ], [ 75.01564, 21.32425 ], [ 75.00806, 21.32454 ], [ 75.00552, 21.32604 ], [ 74.99954, 21.32713 ], [ 74.99253, 21.33237 ], [ 74.98625, 21.33941 ], [ 74.98139, 21.34671 ], [ 74.9736, 21.36352 ], [ 74.9695, 21.38248 ], [ 74.96588, 21.38718 ], [ 74.96103, 21.3908 ], [ 74.95954, 21.39331 ], [ 74.96085, 21.39554 ], [ 74.96342, 21.39655 ], [ 74.96854, 21.39609 ], [ 74.9827, 21.38762 ], [ 74.98753, 21.38666 ], [ 74.99006, 21.38778 ], [ 74.99136, 21.39002 ], [ 74.99039, 21.39474 ], [ 74.99239, 21.3963 ], [ 74.99486, 21.39662 ], [ 74.99738, 21.39573 ], [ 75.00094, 21.39219 ] ] ] } },
{ "type": "Feature", "properties": { "newname": null }, "geometry": { "type": "Polygon", "coordinates": [ [ [ 75.23833, 20.43958 ], [ 75.23871, 20.43577 ], [ 75.23841, 20.4257 ], [ 75.24038, 20.41904 ], [ 75.24519, 20.41351 ], [ 75.24597, 20.41104 ], [ 75.2526, 20.4057 ], [ 75.25299, 20.40379 ], [ 75.25839, 20.39732 ], [ 75.25573, 20.39409 ], [ 75.246, 20.39107 ], [ 75.23932, 20.39014 ], [ 75.23528, 20.3911 ], [ 75.23366, 20.39034 ], [ 75.23242, 20.38826 ], [ 75.23135, 20.38103 ], [ 75.2289, 20.37819 ], [ 75.21286, 20.37005 ], [ 75.21043, 20.36949 ], [ 75.20902, 20.37025 ], [ 75.20702, 20.3733 ], [ 75.20361, 20.37578 ], [ 75.18944, 20.37277 ], [ 75.18781, 20.37183 ], [ 75.18658, 20.37031 ], [ 75.18916, 20.36345 ], [ 75.19255, 20.3585 ], [ 75.19618, 20.35811 ], [ 75.19658, 20.35716 ], [ 75.19328, 20.34918 ], [ 75.19327, 20.34747 ], [ 75.19447, 20.34671 ], [ 75.20619, 20.34668 ], [ 75.20928, 20.35314 ], [ 75.21111, 20.35427 ], [ 75.21576, 20.35445 ], [ 75.21694, 20.35122 ], [ 75.21551, 20.34894 ], [ 75.21525, 20.34229 ], [ 75.22052, 20.34379 ], [ 75.22476, 20.34378 ], [ 75.22885, 20.34929 ], [ 75.2297, 20.35385 ], [ 75.23093, 20.35575 ], [ 75.23498, 20.35669 ], [ 75.23532, 20.34965 ], [ 75.23612, 20.34794 ], [ 75.24461, 20.34906 ], [ 75.24801, 20.34411 ], [ 75.25182, 20.34068 ], [ 75.25344, 20.34163 ], [ 75.2549, 20.34638 ], [ 75.26119, 20.34921 ], [ 75.26319, 20.34731 ], [ 75.26275, 20.34294 ], [ 75.26517, 20.34217 ], [ 75.27184, 20.34254 ], [ 75.27304, 20.34158 ], [ 75.27442, 20.33778 ], [ 75.26876, 20.3376 ], [ 75.26532, 20.33647 ], [ 75.27114, 20.33246 ], [ 75.27174, 20.33132 ], [ 75.27657, 20.32903 ], [ 75.27635, 20.32751 ], [ 75.27493, 20.32656 ], [ 75.27287, 20.32276 ], [ 75.27286, 20.32086 ], [ 75.27385, 20.31915 ], [ 75.27848, 20.31743 ], [ 75.27949, 20.31629 ], [ 75.27926, 20.31381 ], [ 75.27803, 20.3123 ], [ 75.27621, 20.31173 ], [ 75.27278, 20.31288 ], [ 75.27013, 20.30927 ], [ 75.26911, 20.30908 ], [ 75.2659, 20.31118 ], [ 75.26592, 20.31422 ], [ 75.26173, 20.31975 ], [ 75.26073, 20.32013 ], [ 75.25707, 20.31824 ], [ 75.25623, 20.31348 ], [ 75.25279, 20.31406 ], [ 75.24899, 20.31749 ], [ 75.24564, 20.32834 ], [ 75.24345, 20.33157 ], [ 75.24082, 20.33139 ], [ 75.24001, 20.33063 ], [ 75.23878, 20.32835 ], [ 75.23708, 20.31999 ], [ 75.23366, 20.32095 ], [ 75.23084, 20.32286 ], [ 75.22984, 20.32267 ], [ 75.22663, 20.32591 ], [ 75.21851, 20.32155 ], [ 75.21527, 20.32099 ], [ 75.21103, 20.32138 ], [ 75.20299, 20.32577 ], [ 75.19592, 20.32636 ], [ 75.1945, 20.32522 ], [ 75.19467, 20.32218 ], [ 75.19868, 20.31874 ], [ 75.19888, 20.3176 ], [ 75.20853, 20.31283 ], [ 75.21195, 20.31035 ], [ 75.22082, 20.30748 ], [ 75.2293, 20.30841 ], [ 75.23656, 20.30649 ], [ 75.23794, 20.30231 ], [ 75.23772, 20.30041 ], [ 75.23931, 20.29698 ], [ 75.24258, 20.30192 ], [ 75.24541, 20.30172 ], [ 75.24983, 20.29905 ], [ 75.25363, 20.29505 ], [ 75.25199, 20.2922 ], [ 75.24915, 20.29107 ], [ 75.24573, 20.29202 ], [ 75.24287, 20.28918 ], [ 75.2368, 20.28729 ], [ 75.23176, 20.28882 ], [ 75.22694, 20.29206 ], [ 75.22389, 20.28979 ], [ 75.22307, 20.28789 ], [ 75.22606, 20.2837 ], [ 75.21919, 20.28295 ], [ 75.21718, 20.28448 ], [ 75.21474, 20.28296 ], [ 75.21407, 20.27479 ], [ 75.21729, 20.27402 ], [ 75.22174, 20.27496 ], [ 75.22267, 20.26545 ], [ 75.21903, 20.26508 ], [ 75.21561, 20.26604 ], [ 75.20104, 20.26302 ], [ 75.19135, 20.26247 ], [ 75.18935, 20.26457 ], [ 75.19325, 20.27293 ], [ 75.19266, 20.27464 ], [ 75.19145, 20.2754 ], [ 75.18379, 20.27637 ], [ 75.17548, 20.27296 ], [ 75.17123, 20.27221 ], [ 75.17043, 20.27373 ], [ 75.17271, 20.28057 ], [ 75.17252, 20.28191 ], [ 75.16445, 20.28325 ], [ 75.16345, 20.2844 ], [ 75.16696, 20.29409 ], [ 75.17086, 20.30131 ], [ 75.16646, 20.30569 ], [ 75.16647, 20.30759 ], [ 75.16106, 20.31369 ], [ 75.15904, 20.31388 ], [ 75.1562, 20.31199 ], [ 75.15496, 20.30933 ], [ 75.15391, 20.30268 ], [ 75.15268, 20.30135 ], [ 75.14986, 20.30249 ], [ 75.1483, 20.30915 ], [ 75.14368, 20.31354 ], [ 75.14065, 20.31259 ], [ 75.13979, 20.30632 ], [ 75.13857, 20.30499 ], [ 75.13534, 20.30538 ], [ 75.13295, 20.31033 ], [ 75.13013, 20.31034 ], [ 75.12708, 20.30825 ], [ 75.12299, 20.30274 ], [ 75.11913, 20.2999 ], [ 75.1157, 20.2999 ], [ 75.11188, 20.30238 ], [ 75.10986, 20.30201 ], [ 75.10378, 20.29879 ], [ 75.10355, 20.29688 ], [ 75.10614, 20.29079 ], [ 75.10067, 20.28852 ], [ 75.09808, 20.29423 ], [ 75.09466, 20.29481 ], [ 75.08882, 20.29806 ], [ 75.09328, 20.30014 ], [ 75.09752, 20.30032 ], [ 75.10181, 20.30735 ], [ 75.10872, 20.31228 ], [ 75.10934, 20.31437 ], [ 75.10857, 20.3197 ], [ 75.10925, 20.32978 ], [ 75.10806, 20.33226 ], [ 75.10685, 20.33245 ], [ 75.10462, 20.33208 ], [ 75.10034, 20.32619 ], [ 75.09872, 20.326 ], [ 75.09449, 20.32753 ], [ 75.09327, 20.32659 ], [ 75.09286, 20.32582 ], [ 75.09464, 20.32107 ], [ 75.09424, 20.32012 ], [ 75.09261, 20.31898 ], [ 75.0924, 20.31783 ], [ 75.0851, 20.31462 ], [ 75.08389, 20.31538 ], [ 75.08071, 20.32281 ], [ 75.08076, 20.32852 ], [ 75.0741, 20.32948 ], [ 75.0723, 20.33234 ], [ 75.07108, 20.33291 ], [ 75.06703, 20.33064 ], [ 75.06436, 20.32456 ], [ 75.06454, 20.32075 ], [ 75.06834, 20.31656 ], [ 75.0647, 20.31466 ], [ 75.06105, 20.31372 ], [ 75.05702, 20.31506 ], [ 75.05521, 20.31735 ], [ 75.05245, 20.32611 ], [ 75.05105, 20.32839 ], [ 75.04073, 20.32708 ], [ 75.03461, 20.31777 ], [ 75.03017, 20.31816 ], [ 75.02692, 20.31684 ], [ 75.02304, 20.30961 ], [ 75.02121, 20.3081 ], [ 75.01415, 20.31059 ], [ 75.00932, 20.31345 ], [ 75.0059, 20.31422 ], [ 75.00043, 20.31347 ], [ 74.99599, 20.31215 ], [ 74.99436, 20.31082 ], [ 74.9929, 20.30416 ], [ 74.99572, 20.30206 ], [ 74.99689, 20.2952 ], [ 74.99829, 20.29387 ], [ 75.02212, 20.29192 ], [ 75.03381, 20.28809 ], [ 75.04064, 20.28351 ], [ 75.04467, 20.28197 ], [ 75.04892, 20.28292 ], [ 75.05724, 20.28937 ], [ 75.05907, 20.28956 ], [ 75.06428, 20.28441 ], [ 75.06488, 20.28327 ], [ 75.06406, 20.28232 ], [ 75.05799, 20.28043 ], [ 75.05557, 20.28043 ], [ 75.04644, 20.27493 ], [ 75.04279, 20.2717 ], [ 75.03714, 20.27343 ], [ 75.02206, 20.28335 ], [ 75.01115, 20.283 ], [ 75.00046, 20.2853 ], [ 74.99281, 20.28817 ], [ 74.98773, 20.28514 ], [ 74.98611, 20.28495 ], [ 74.9837, 20.28533 ], [ 74.97706, 20.28992 ], [ 74.97382, 20.28935 ], [ 74.9726, 20.28821 ], [ 74.97259, 20.28555 ], [ 74.9744, 20.28383 ], [ 74.98044, 20.28134 ], [ 74.98244, 20.27944 ], [ 74.98244, 20.27829 ], [ 74.98163, 20.27753 ], [ 74.97195, 20.28022 ], [ 74.97093, 20.27889 ], [ 74.96907, 20.27147 ], [ 74.96602, 20.26748 ], [ 74.9646, 20.26672 ], [ 74.9545, 20.26579 ], [ 74.95329, 20.26579 ], [ 74.94806, 20.27018 ], [ 74.94524, 20.27132 ], [ 74.93958, 20.27114 ], [ 74.93372, 20.26944 ], [ 74.92362, 20.27041 ], [ 74.91739, 20.275 ], [ 74.91537, 20.27557 ], [ 74.91113, 20.27444 ], [ 74.90666, 20.27178 ], [ 74.89111, 20.27029 ], [ 74.88788, 20.27106 ], [ 74.88182, 20.27069 ], [ 74.8794, 20.27241 ], [ 74.85904, 20.27873 ], [ 74.85663, 20.28007 ], [ 74.85443, 20.28417 ], [ 74.85648, 20.2934 ], [ 74.86214, 20.29396 ], [ 74.86618, 20.29319 ], [ 74.86942, 20.29547 ], [ 74.86788, 20.30995 ], [ 74.86849, 20.31109 ], [ 74.87051, 20.31185 ], [ 74.87436, 20.31165 ], [ 74.88083, 20.31392 ], [ 74.88245, 20.31563 ], [ 74.88247, 20.31734 ], [ 74.89584, 20.32398 ], [ 74.90714, 20.32243 ], [ 74.91422, 20.32299 ], [ 74.91645, 20.32527 ], [ 74.91366, 20.33117 ], [ 74.91569, 20.33327 ], [ 74.92197, 20.33535 ], [ 74.93249, 20.33723 ], [ 74.94259, 20.33758 ], [ 74.94865, 20.33643 ], [ 74.96545, 20.34134 ], [ 74.99335, 20.34413 ], [ 74.99982, 20.34316 ], [ 75.00892, 20.3439 ], [ 75.02592, 20.34729 ], [ 75.034, 20.34803 ], [ 75.03624, 20.34955 ], [ 75.03605, 20.35202 ], [ 75.03203, 20.35432 ], [ 75.03204, 20.35584 ], [ 75.03387, 20.35831 ], [ 75.04706, 20.3657 ], [ 75.0531, 20.36245 ], [ 75.0553, 20.35845 ], [ 75.06094, 20.35501 ], [ 75.06214, 20.35501 ], [ 75.06655, 20.34948 ], [ 75.06957, 20.34681 ], [ 75.07299, 20.34509 ], [ 75.08086, 20.34278 ], [ 75.09158, 20.34352 ], [ 75.09908, 20.3475 ], [ 75.107, 20.35319 ], [ 75.11308, 20.35413 ], [ 75.12588, 20.36246 ], [ 75.12914, 20.36626 ], [ 75.13078, 20.36968 ], [ 75.13165, 20.37672 ], [ 75.13246, 20.37786 ], [ 75.13408, 20.37804 ], [ 75.13972, 20.37613 ], [ 75.14176, 20.37764 ], [ 75.13862, 20.36358 ], [ 75.13574, 20.35731 ], [ 75.13713, 20.35483 ], [ 75.14398, 20.35215 ], [ 75.14787, 20.35747 ], [ 75.15507, 20.37343 ], [ 75.15629, 20.3738 ], [ 75.16245, 20.38539 ], [ 75.16332, 20.39395 ], [ 75.16414, 20.39508 ], [ 75.16698, 20.39622 ], [ 75.17305, 20.39697 ], [ 75.18579, 20.39693 ], [ 75.19003, 20.39578 ], [ 75.1963, 20.39672 ], [ 75.2032, 20.39974 ], [ 75.20342, 20.40164 ], [ 75.20161, 20.40336 ], [ 75.19477, 20.4068 ], [ 75.19539, 20.40832 ], [ 75.19926, 20.41211 ], [ 75.19928, 20.41382 ], [ 75.19687, 20.41611 ], [ 75.19063, 20.41955 ], [ 75.18942, 20.41955 ], [ 75.18904, 20.42279 ], [ 75.19127, 20.42392 ], [ 75.19894, 20.42162 ], [ 75.20702, 20.42084 ], [ 75.20801, 20.41779 ], [ 75.20676, 20.41285 ], [ 75.20877, 20.4119 ], [ 75.21242, 20.41303 ], [ 75.21263, 20.41398 ], [ 75.22054, 20.41681 ], [ 75.22263, 20.42536 ], [ 75.22915, 20.4299 ], [ 75.23119, 20.43218 ], [ 75.2343, 20.44054 ], [ 75.23552, 20.4413 ], [ 75.23734, 20.44091 ], [ 75.23833, 20.43958 ] ] ] } },
{ "type": "Feature", "properties": { "newname": null }, "geometry": { "type": "Polygon", "coordinates": [ [ [ 75.14542, 20.42538 ], [ 75.14765, 20.42417 ], [ 75.14795, 20.42205 ], [ 75.14659, 20.41209 ], [ 75.14482, 20.41028 ], [ 75.1418, 20.41255 ], [ 75.14035, 20.41135 ], [ 75.13873, 20.40758 ], [ 75.13647, 20.40471 ], [ 75.13805, 20.40274 ], [ 75.13803, 20.40078 ], [ 75.13607, 20.3955 ], [ 75.12854, 20.39295 ], [ 75.11526, 20.39177 ], [ 75.11398, 20.39238 ], [ 75.10993, 20.40629 ], [ 75.10995, 20.40916 ], [ 75.1114, 20.41052 ], [ 75.11524, 20.41096 ], [ 75.12659, 20.40957 ], [ 75.13124, 20.41183 ], [ 75.13145, 20.41847 ], [ 75.12797, 20.42286 ], [ 75.12862, 20.42498 ], [ 75.13087, 20.42633 ], [ 75.13487, 20.42677 ], [ 75.14542, 20.42538 ] ] ] } },
{ "type": "Feature", "properties": { "newname": null }, "geometry": { "type": "Polygon", "coordinates": [ [ [ 74.07276, 19.87603 ], [ 74.08132, 19.87655 ], [ 74.08398, 19.87581 ], [ 74.08539, 19.87393 ], [ 74.08895, 19.87441 ], [ 74.09335, 19.87169 ], [ 74.09375, 19.86892 ], [ 74.09695, 19.86814 ], [ 74.10335, 19.87088 ], [ 74.10604, 19.86813 ], [ 74.10776, 19.86808 ], [ 74.11147, 19.87012 ], [ 74.11195, 19.86961 ], [ 74.11138, 19.86788 ], [ 74.11658, 19.86834 ], [ 74.11727, 19.86718 ], [ 74.11594, 19.86246 ], [ 74.11835, 19.86147 ], [ 74.11975, 19.85893 ], [ 74.12186, 19.85994 ], [ 74.12279, 19.85735 ], [ 74.1252, 19.85879 ], [ 74.12554, 19.86102 ], [ 74.12662, 19.86216 ], [ 74.1264, 19.8642 ], [ 74.12737, 19.86548 ], [ 74.13107, 19.86599 ], [ 74.13693, 19.86348 ], [ 74.1395, 19.86512 ], [ 74.14149, 19.86542 ], [ 74.14582, 19.86271 ], [ 74.14223, 19.86088 ], [ 74.14132, 19.85884 ], [ 74.13855, 19.85848 ], [ 74.13692, 19.857 ], [ 74.13694, 19.85141 ], [ 74.13855, 19.84896 ], [ 74.14224, 19.84952 ], [ 74.14469, 19.85318 ], [ 74.14231, 19.85648 ], [ 74.14574, 19.85736 ], [ 74.1462, 19.85926 ], [ 74.14753, 19.86059 ], [ 74.14896, 19.86013 ], [ 74.14893, 19.85786 ], [ 74.14672, 19.85271 ], [ 74.14477, 19.84194 ], [ 74.14252, 19.84031 ], [ 74.13433, 19.8397 ], [ 74.13096, 19.83673 ], [ 74.12383, 19.83355 ], [ 74.11858, 19.83549 ], [ 74.11768, 19.83349 ], [ 74.11655, 19.83348 ], [ 74.11154, 19.83756 ], [ 74.10964, 19.83806 ], [ 74.10539, 19.83533 ], [ 74.10293, 19.84149 ], [ 74.10497, 19.85024 ], [ 74.10423, 19.85089 ], [ 74.10207, 19.84835 ], [ 74.10313, 19.85197 ], [ 74.10244, 19.85277 ], [ 74.09533, 19.84639 ], [ 74.09208, 19.84588 ], [ 74.08711, 19.84021 ], [ 74.07411, 19.84077 ], [ 74.07257, 19.84546 ], [ 74.07368, 19.84776 ], [ 74.07024, 19.85298 ], [ 74.06812, 19.85449 ], [ 74.06786, 19.85641 ], [ 74.06631, 19.85755 ], [ 74.0659, 19.86321 ], [ 74.064, 19.86541 ], [ 74.06321, 19.86945 ], [ 74.06337, 19.87706 ], [ 74.06399, 19.8779 ], [ 74.06776, 19.87833 ], [ 74.07276, 19.87603 ] ] ] } },
{ "type": "Feature", "properties": { "newname": null }, "geometry": { "type": "Polygon", "coordinates": [ [ [ 73.71049, 20.97108 ], [ 73.7133, 20.97073 ], [ 73.71445, 20.96805 ], [ 73.71241, 20.96755 ], [ 73.71133, 20.96575 ], [ 73.7111, 20.95239 ], [ 73.70731, 20.95696 ], [ 73.7018, 20.95611 ], [ 73.70196, 20.95073 ], [ 73.70367, 20.94942 ], [ 73.70503, 20.94463 ], [ 73.7032, 20.94027 ], [ 73.69902, 20.94198 ], [ 73.69882, 20.92807 ], [ 73.6977, 20.92627 ], [ 73.69714, 20.92252 ], [ 73.69305, 20.91714 ], [ 73.68729, 20.91657 ], [ 73.68598, 20.91787 ], [ 73.68437, 20.92245 ], [ 73.67843, 20.92216 ], [ 73.67654, 20.91996 ], [ 73.67649, 20.91393 ], [ 73.67346, 20.90753 ], [ 73.67007, 20.90595 ], [ 73.66053, 20.9068 ], [ 73.65554, 20.90427 ], [ 73.6552, 20.91031 ], [ 73.65057, 20.91187 ], [ 73.64814, 20.91497 ], [ 73.64348, 20.91414 ], [ 73.63512, 20.9174 ], [ 73.62681, 20.9225 ], [ 73.62656, 20.92517 ], [ 73.62362, 20.92729 ], [ 73.62386, 20.9363 ], [ 73.6298, 20.94664 ], [ 73.63091, 20.94772 ], [ 73.6328, 20.94806 ], [ 73.63429, 20.95054 ], [ 73.63463, 20.95878 ], [ 73.63687, 20.96265 ], [ 73.63633, 20.96598 ], [ 73.63689, 20.9673 ], [ 73.63917, 20.96708 ], [ 73.64272, 20.96317 ], [ 73.64758, 20.96388 ], [ 73.65205, 20.96172 ], [ 73.6569, 20.96312 ], [ 73.65961, 20.96549 ], [ 73.66064, 20.96541 ], [ 73.6619, 20.96283 ], [ 73.66157, 20.95797 ], [ 73.67047, 20.9534 ], [ 73.67444, 20.95358 ], [ 73.6775, 20.95937 ], [ 73.6802, 20.96102 ], [ 73.68403, 20.95904 ], [ 73.6916, 20.96059 ], [ 73.69365, 20.95872 ], [ 73.6953, 20.96233 ], [ 73.69889, 20.96412 ], [ 73.70111, 20.96678 ], [ 73.70533, 20.9737 ], [ 73.70805, 20.97385 ], [ 73.71049, 20.97108 ] ] ] } },
{ "type": "Feature", "properties": { "newname": null }, "geometry": { "type": "Polygon", "coordinates": [ [ [ 73.45455, 20.80608 ], [ 73.45341, 20.80382 ], [ 73.45419, 20.79987 ], [ 73.45969, 20.79983 ], [ 73.46037, 20.80343 ], [ 73.46149, 20.80381 ], [ 73.46651, 20.80239 ], [ 73.47223, 20.79722 ], [ 73.47668, 20.79612 ], [ 73.47995, 20.79704 ], [ 73.48289, 20.79447 ], [ 73.48425, 20.78865 ], [ 73.48721, 20.7852 ], [ 73.48737, 20.78093 ], [ 73.48888, 20.77585 ], [ 73.48885, 20.77144 ], [ 73.49109, 20.76157 ], [ 73.49076, 20.75698 ], [ 73.48973, 20.75454 ], [ 73.48392, 20.74903 ], [ 73.48053, 20.74866 ], [ 73.47758, 20.75026 ], [ 73.4762, 20.7528 ], [ 73.47, 20.75736 ], [ 73.46651, 20.75615 ], [ 73.46582, 20.75725 ], [ 73.45996, 20.75709 ], [ 73.45857, 20.75826 ], [ 73.45308, 20.7563 ], [ 73.4526, 20.75731 ], [ 73.45486, 20.75836 ], [ 73.45441, 20.75891 ], [ 73.45182, 20.75853 ], [ 73.45045, 20.75676 ], [ 73.45042, 20.75513 ], [ 73.44836, 20.75405 ], [ 73.43552, 20.75367 ], [ 73.43515, 20.75628 ], [ 73.43729, 20.75717 ], [ 73.4386, 20.7594 ], [ 73.43771, 20.76218 ], [ 73.43903, 20.76203 ], [ 73.43929, 20.7638 ], [ 73.44101, 20.76433 ], [ 73.4416, 20.76661 ], [ 73.44336, 20.76778 ], [ 73.44229, 20.76834 ], [ 73.44212, 20.7703 ], [ 73.44029, 20.77217 ], [ 73.43898, 20.77215 ], [ 73.43729, 20.76994 ], [ 73.43811, 20.77385 ], [ 73.43728, 20.77605 ], [ 73.43864, 20.78169 ], [ 73.43773, 20.78584 ], [ 73.43987, 20.78751 ], [ 73.43883, 20.79105 ], [ 73.43779, 20.79182 ], [ 73.43889, 20.79623 ], [ 73.43605, 20.79823 ], [ 73.43555, 20.80012 ], [ 73.43764, 20.79889 ], [ 73.43909, 20.79901 ], [ 73.44125, 20.80098 ], [ 73.44288, 20.79938 ], [ 73.44334, 20.79765 ], [ 73.44646, 20.79772 ], [ 73.44692, 20.80712 ], [ 73.45306, 20.8075 ], [ 73.45455, 20.80608 ] ] ] } },
{ "type": "Feature", "properties": { "newname": null }, "geometry": { "type": "Polygon", "coordinates": [ [ [ 73.04346, 20.1845 ], [ 73.05288, 20.18121 ], [ 73.05947, 20.1845 ], [ 73.06135, 20.18309 ], [ 73.06135, 20.16756 ], [ 73.06238, 20.16567 ], [ 73.06214, 20.1638 ], [ 73.06523, 20.16041 ], [ 73.07215, 20.15691 ], [ 73.07622, 20.15732 ], [ 73.07765, 20.16607 ], [ 73.07967, 20.17074 ], [ 73.08112, 20.16944 ], [ 73.07877, 20.16426 ], [ 73.08018, 20.16097 ], [ 73.08724, 20.15532 ], [ 73.08677, 20.15155 ], [ 73.09054, 20.14308 ], [ 73.08442, 20.14214 ], [ 73.08065, 20.14308 ], [ 73.07641, 20.14025 ], [ 73.075, 20.13696 ], [ 73.07077, 20.13978 ], [ 73.06982, 20.14308 ], [ 73.07077, 20.1492 ], [ 73.06653, 20.15249 ], [ 73.0637, 20.15202 ], [ 73.06323, 20.14496 ], [ 73.06088, 20.15108 ], [ 73.05617, 20.15108 ], [ 73.05335, 20.14167 ], [ 73.05005, 20.1492 ], [ 73.05099, 20.15155 ], [ 73.05523, 20.15485 ], [ 73.05382, 20.15626 ], [ 73.0477, 20.15391 ], [ 73.04017, 20.16285 ], [ 73.03358, 20.1685 ], [ 73.02652, 20.17038 ], [ 73.02369, 20.17603 ], [ 73.02652, 20.18074 ], [ 73.03216, 20.18356 ], [ 73.03169, 20.19015 ], [ 73.0364, 20.18874 ], [ 73.04017, 20.19062 ], [ 73.0397, 20.19392 ], [ 73.04346, 20.19204 ], [ 73.04535, 20.19721 ], [ 73.04346, 20.1845 ] ] ] } },
{ "type": "Feature", "properties": { "newname": null }, "geometry": { "type": "Polygon", "coordinates": [ [ [ 73.01945, 20.15485 ], [ 73.02087, 20.14449 ], [ 73.02463, 20.1412 ], [ 73.02981, 20.13978 ], [ 73.03169, 20.1412 ], [ 73.03358, 20.14496 ], [ 73.03216, 20.15061 ], [ 73.0364, 20.15061 ], [ 73.04158, 20.14684 ], [ 73.04487, 20.14967 ], [ 73.04252, 20.14025 ], [ 73.04723, 20.13555 ], [ 73.05099, 20.1379 ], [ 73.04817, 20.14167 ], [ 73.04958, 20.14402 ], [ 73.05335, 20.14167 ], [ 73.05806, 20.14167 ], [ 73.06135, 20.13696 ], [ 73.05806, 20.13413 ], [ 73.05052, 20.13413 ], [ 73.04393, 20.1299 ], [ 73.05523, 20.11483 ], [ 73.05617, 20.11954 ], [ 73.05335, 20.12472 ], [ 73.0557, 20.12943 ], [ 73.05853, 20.12237 ], [ 73.06229, 20.12378 ], [ 73.06041, 20.1186 ], [ 73.06323, 20.1186 ], [ 73.06653, 20.12095 ], [ 73.06606, 20.11625 ], [ 73.067, 20.11295 ], [ 73.07077, 20.11295 ], [ 73.07265, 20.11013 ], [ 73.06841, 20.10589 ], [ 73.07077, 20.10354 ], [ 73.075, 20.10542 ], [ 73.07641, 20.10165 ], [ 73.07124, 20.10071 ], [ 73.0637, 20.10306 ], [ 73.05476, 20.10354 ], [ 73.05206, 20.09903 ], [ 73.05021, 20.09943 ], [ 73.04753, 20.0971 ], [ 73.04848, 20.07418 ], [ 73.0477, 20.07058 ], [ 73.04393, 20.06917 ], [ 73.03718, 20.07084 ], [ 73.03169, 20.07717 ], [ 73.02887, 20.08282 ], [ 73.03311, 20.08329 ], [ 73.03734, 20.08188 ], [ 73.03876, 20.07906 ], [ 73.04346, 20.08094 ], [ 73.04111, 20.08565 ], [ 73.03452, 20.09035 ], [ 73.03923, 20.09083 ], [ 73.04252, 20.09412 ], [ 73.04723, 20.10212 ], [ 73.05288, 20.10966 ], [ 73.04676, 20.11342 ], [ 73.04111, 20.11107 ], [ 73.03876, 20.11107 ], [ 73.04017, 20.11483 ], [ 73.0397, 20.12142 ], [ 73.03546, 20.1299 ], [ 73.03122, 20.13366 ], [ 73.02228, 20.13696 ], [ 73.01851, 20.13555 ], [ 73.01569, 20.13272 ], [ 73.01098, 20.13413 ], [ 73.0058, 20.14167 ], [ 73.00722, 20.14496 ], [ 73.01192, 20.14779 ], [ 73.01522, 20.15202 ], [ 73.01663, 20.15908 ], [ 73.0204, 20.15955 ], [ 73.02181, 20.15532 ], [ 73.01945, 20.15485 ] ] ] } },
{ "type": "Feature", "properties": { "newname": null }, "geometry": { "type": "Polygon", "coordinates": [ [ [ 72.99027, 20.25323 ], [ 72.98839, 20.24617 ], [ 72.98415, 20.24052 ], [ 72.98516, 20.23783 ], [ 72.97868, 20.23511 ], [ 72.97554, 20.23026 ], [ 72.97399, 20.22565 ], [ 72.97372, 20.22028 ], [ 72.97738, 20.2149 ], [ 72.98116, 20.21337 ], [ 72.99123, 20.21457 ], [ 72.99451, 20.21228 ], [ 73.00204, 20.20239 ], [ 73.01239, 20.20098 ], [ 73.01428, 20.19957 ], [ 73.01145, 20.19674 ], [ 73.0011, 20.1991 ], [ 72.99733, 20.19627 ], [ 72.99168, 20.19768 ], [ 72.99403, 20.19345 ], [ 73.00251, 20.18733 ], [ 73.00392, 20.18168 ], [ 73.01004, 20.18168 ], [ 73.01475, 20.18027 ], [ 73.01428, 20.17603 ], [ 73.01804, 20.16897 ], [ 73.01569, 20.1652 ], [ 73.01333, 20.1652 ], [ 73.01145, 20.17226 ], [ 73.0011, 20.1765 ], [ 72.99921, 20.17509 ], [ 73.0011, 20.17085 ], [ 72.99733, 20.16756 ], [ 72.98791, 20.16756 ], [ 72.98791, 20.16473 ], [ 72.99215, 20.15814 ], [ 72.9865, 20.15485 ], [ 72.98368, 20.14873 ], [ 72.97991, 20.15202 ], [ 72.98227, 20.15861 ], [ 72.97897, 20.15908 ], [ 72.97709, 20.15438 ], [ 72.96861, 20.14355 ], [ 72.96485, 20.13131 ], [ 72.96304, 20.13251 ], [ 72.97526, 20.15798 ], [ 72.97602, 20.17176 ], [ 72.97536, 20.177 ], [ 72.97421, 20.17741 ], [ 72.9752, 20.18074 ], [ 72.97426, 20.18356 ], [ 72.97568, 20.19627 ], [ 72.97803, 20.20239 ], [ 72.9752, 20.20522 ], [ 72.96814, 20.18827 ], [ 72.96528, 20.18827 ], [ 72.96432, 20.1938 ], [ 72.96673, 20.1958 ], [ 72.96297, 20.20004 ], [ 72.96626, 20.20333 ], [ 72.97191, 20.20333 ], [ 72.97379, 20.2071 ], [ 72.97426, 20.21228 ], [ 72.97003, 20.21651 ], [ 72.96391, 20.21463 ], [ 72.96626, 20.21887 ], [ 72.96532, 20.2264 ], [ 72.96108, 20.2344 ], [ 72.96532, 20.23629 ], [ 72.96297, 20.24052 ], [ 72.96626, 20.24335 ], [ 72.9672, 20.24947 ], [ 72.9752, 20.25841 ], [ 72.98321, 20.26453 ], [ 72.9898, 20.26124 ], [ 72.99027, 20.25323 ] ] ] } },
{ "type": "Feature", "properties": { "newname": null }, "geometry": { "type": "Polygon", "coordinates": [ [ [ 73.13055, 20.29984 ], [ 73.13432, 20.2956 ], [ 73.12773, 20.29183 ], [ 73.12678, 20.28666 ], [ 73.13055, 20.28666 ], [ 73.13573, 20.28477 ], [ 73.13573, 20.27971 ], [ 73.13281, 20.27478 ], [ 73.13196, 20.27489 ], [ 73.12961, 20.27206 ], [ 73.12208, 20.26029 ], [ 73.11737, 20.25935 ], [ 73.1136, 20.25982 ], [ 73.11172, 20.25841 ], [ 73.10654, 20.24853 ], [ 73.09666, 20.23958 ], [ 73.09713, 20.23534 ], [ 73.09572, 20.23066 ], [ 73.08984, 20.2299 ], [ 73.08442, 20.23252 ], [ 73.07739, 20.23426 ], [ 73.06841, 20.2344 ], [ 73.06606, 20.23017 ], [ 73.05853, 20.22169 ], [ 73.0557, 20.21322 ], [ 73.05241, 20.2071 ], [ 73.04582, 20.21134 ], [ 73.05052, 20.21699 ], [ 73.05664, 20.22734 ], [ 73.05947, 20.23487 ], [ 73.06512, 20.24288 ], [ 73.05758, 20.23723 ], [ 73.05241, 20.23534 ], [ 73.04676, 20.2377 ], [ 73.04393, 20.24099 ], [ 73.04817, 20.24429 ], [ 73.04252, 20.25182 ], [ 73.03593, 20.25512 ], [ 73.0364, 20.25841 ], [ 73.04111, 20.26218 ], [ 73.04064, 20.2763 ], [ 73.04487, 20.27395 ], [ 73.04723, 20.27112 ], [ 73.04487, 20.26736 ], [ 73.05241, 20.26029 ], [ 73.05288, 20.265 ], [ 73.05194, 20.27018 ], [ 73.05476, 20.27112 ], [ 73.05664, 20.26547 ], [ 73.059, 20.26218 ], [ 73.06512, 20.26265 ], [ 73.06841, 20.25888 ], [ 73.0703, 20.2537 ], [ 73.07359, 20.25653 ], [ 73.07736, 20.257 ], [ 73.07924, 20.25512 ], [ 73.08395, 20.25512 ], [ 73.08301, 20.25935 ], [ 73.07783, 20.26218 ], [ 73.08018, 20.265 ], [ 73.07547, 20.27442 ], [ 73.0783, 20.27771 ], [ 73.0783, 20.28148 ], [ 73.07312, 20.28101 ], [ 73.07218, 20.28195 ], [ 73.07547, 20.28383 ], [ 73.07689, 20.29089 ], [ 73.08065, 20.29089 ], [ 73.08065, 20.28666 ], [ 73.08253, 20.28289 ], [ 73.08677, 20.28336 ], [ 73.08912, 20.2876 ], [ 73.09336, 20.29183 ], [ 73.09948, 20.29466 ], [ 73.10419, 20.29183 ], [ 73.10843, 20.29419 ], [ 73.11313, 20.29513 ], [ 73.10937, 20.29089 ], [ 73.11455, 20.2876 ], [ 73.11737, 20.28948 ], [ 73.11737, 20.2956 ], [ 73.1282, 20.3036 ], [ 73.12961, 20.30313 ], [ 73.13055, 20.29984 ] ] ] } },
{ "type": "Feature", "properties": { "newname": null }, "geometry": { "type": "Polygon", "coordinates": [ [ [ 73.71735, 19.59326 ], [ 73.72462, 19.5911 ], [ 73.72532, 19.59122 ], [ 73.72761, 19.59618 ], [ 73.72931, 19.59753 ], [ 73.73621, 19.59773 ], [ 73.7363, 19.59692 ], [ 73.73283, 19.59382 ], [ 73.73811, 19.59252 ], [ 73.73744, 19.59069 ], [ 73.74167, 19.58683 ], [ 73.74558, 19.58634 ], [ 73.74952, 19.58833 ], [ 73.75078, 19.58581 ], [ 73.75012, 19.58488 ], [ 73.7448, 19.58322 ], [ 73.73763, 19.58255 ], [ 73.73296, 19.58079 ], [ 73.7388, 19.56911 ], [ 73.74192, 19.56586 ], [ 73.74287, 19.55853 ], [ 73.74445, 19.55376 ], [ 73.74448, 19.54961 ], [ 73.74083, 19.53481 ], [ 73.7402, 19.52849 ], [ 73.74087, 19.5276 ], [ 73.74315, 19.52895 ], [ 73.74599, 19.52608 ], [ 73.74584, 19.52442 ], [ 73.744, 19.52136 ], [ 73.74556, 19.51678 ], [ 73.74555, 19.51287 ], [ 73.74773, 19.50434 ], [ 73.7511, 19.49399 ], [ 73.75088, 19.48849 ], [ 73.74866, 19.48396 ], [ 73.7477, 19.47548 ], [ 73.74823, 19.47366 ], [ 73.7501, 19.4729 ], [ 73.75562, 19.4729 ], [ 73.75953, 19.47372 ], [ 73.76199, 19.47982 ], [ 73.76207, 19.48385 ], [ 73.76515, 19.48781 ], [ 73.77912, 19.49805 ], [ 73.78167, 19.4985 ], [ 73.78255, 19.49942 ], [ 73.78256, 19.5054 ], [ 73.77262, 19.51788 ], [ 73.77267, 19.523 ], [ 73.77538, 19.52054 ], [ 73.77798, 19.52018 ], [ 73.78064, 19.52141 ], [ 73.78141, 19.52458 ], [ 73.78257, 19.52533 ], [ 73.78404, 19.525 ], [ 73.78459, 19.52431 ], [ 73.78416, 19.52105 ], [ 73.7805, 19.51862 ], [ 73.78223, 19.51718 ], [ 73.78472, 19.51958 ], [ 73.78831, 19.51868 ], [ 73.78733, 19.52242 ], [ 73.78932, 19.52452 ], [ 73.79207, 19.5223 ], [ 73.79414, 19.52365 ], [ 73.79265, 19.5185 ], [ 73.797, 19.51634 ], [ 73.79554, 19.51574 ], [ 73.79122, 19.5167 ], [ 73.78976, 19.51616 ], [ 73.78943, 19.51188 ], [ 73.79027, 19.50852 ], [ 73.78881, 19.50806 ], [ 73.7877, 19.51003 ], [ 73.78884, 19.50623 ], [ 73.79903, 19.50445 ], [ 73.80109, 19.50497 ], [ 73.80206, 19.50706 ], [ 73.80459, 19.50648 ], [ 73.80546, 19.50788 ], [ 73.80756, 19.5076 ], [ 73.80832, 19.50857 ], [ 73.80921, 19.50767 ], [ 73.81064, 19.5086 ], [ 73.8153, 19.50831 ], [ 73.81719, 19.50641 ], [ 73.81612, 19.50314 ], [ 73.81176, 19.50048 ], [ 73.79875, 19.50109 ], [ 73.79741, 19.49883 ], [ 73.79845, 19.49462 ], [ 73.79548, 19.49347 ], [ 73.79475, 19.49217 ], [ 73.79658, 19.48664 ], [ 73.80015, 19.48142 ], [ 73.79897, 19.46614 ], [ 73.79667, 19.46244 ], [ 73.79625, 19.45875 ], [ 73.80025, 19.44011 ], [ 73.80302, 19.43657 ], [ 73.80555, 19.43524 ], [ 73.81007, 19.44029 ], [ 73.81204, 19.44029 ], [ 73.81497, 19.43674 ], [ 73.82383, 19.41953 ], [ 73.8258, 19.41807 ], [ 73.84676, 19.41502 ], [ 73.85325, 19.41498 ], [ 73.86878, 19.41774 ], [ 73.88324, 19.41673 ], [ 73.88825, 19.41494 ], [ 73.88947, 19.41099 ], [ 73.89784, 19.41041 ], [ 73.90345, 19.41146 ], [ 73.91032, 19.40709 ], [ 73.91098, 19.4054 ], [ 73.90772, 19.40712 ], [ 73.90687, 19.40651 ], [ 73.91331, 19.40386 ], [ 73.91496, 19.40185 ], [ 73.9172, 19.39636 ], [ 73.91923, 19.38404 ], [ 73.91776, 19.37532 ], [ 73.91333, 19.36601 ], [ 73.91117, 19.36335 ], [ 73.90708, 19.36319 ], [ 73.90282, 19.36725 ], [ 73.89639, 19.36822 ], [ 73.88528, 19.37643 ], [ 73.87973, 19.37697 ], [ 73.87581, 19.37312 ], [ 73.87033, 19.36378 ], [ 73.86111, 19.35994 ], [ 73.85148, 19.36021 ], [ 73.84651, 19.36266 ], [ 73.83916, 19.3686 ], [ 73.84012, 19.3724 ], [ 73.83755, 19.37686 ], [ 73.82598, 19.38222 ], [ 73.82092, 19.3873 ], [ 73.81377, 19.38687 ], [ 73.81071, 19.39007 ], [ 73.8028, 19.39371 ], [ 73.79627, 19.39125 ], [ 73.79029, 19.39121 ], [ 73.78097, 19.38663 ], [ 73.77149, 19.38524 ], [ 73.77084, 19.38627 ], [ 73.77133, 19.39037 ], [ 73.76912, 19.39308 ], [ 73.767, 19.39376 ], [ 73.75676, 19.39368 ], [ 73.75346, 19.39527 ], [ 73.75254, 19.39742 ], [ 73.75279, 19.40487 ], [ 73.75185, 19.40598 ], [ 73.7494, 19.40714 ], [ 73.73611, 19.41004 ], [ 73.73196, 19.41239 ], [ 73.73011, 19.4157 ], [ 73.72723, 19.41506 ], [ 73.72624, 19.41554 ], [ 73.72604, 19.41645 ], [ 73.72797, 19.41944 ], [ 73.73058, 19.42704 ], [ 73.73044, 19.42872 ], [ 73.72938, 19.42951 ], [ 73.72087, 19.42943 ], [ 73.71559, 19.43111 ], [ 73.70845, 19.42852 ], [ 73.70724, 19.42585 ], [ 73.70515, 19.42951 ], [ 73.70293, 19.43119 ], [ 73.69789, 19.43334 ], [ 73.6968, 19.4325 ], [ 73.69379, 19.4323 ], [ 73.68977, 19.43585 ], [ 73.6881, 19.438 ], [ 73.68796, 19.43979 ], [ 73.68367, 19.44441 ], [ 73.68394, 19.45127 ], [ 73.68246, 19.45515 ], [ 73.68105, 19.45588 ], [ 73.67564, 19.45613 ], [ 73.67393, 19.45762 ], [ 73.67389, 19.45855 ], [ 73.68336, 19.46453 ], [ 73.68881, 19.46538 ], [ 73.6937, 19.46825 ], [ 73.69539, 19.4716 ], [ 73.6956, 19.47653 ], [ 73.70469, 19.47698 ], [ 73.70694, 19.48203 ], [ 73.71149, 19.48203 ], [ 73.71169, 19.48268 ], [ 73.70756, 19.48785 ], [ 73.70631, 19.49266 ], [ 73.7046, 19.4944 ], [ 73.69761, 19.49508 ], [ 73.68629, 19.49771 ], [ 73.68645, 19.49901 ], [ 73.68994, 19.50159 ], [ 73.6903, 19.50305 ], [ 73.68559, 19.51222 ], [ 73.68243, 19.51356 ], [ 73.68016, 19.51683 ], [ 73.6795, 19.51647 ], [ 73.67982, 19.5121 ], [ 73.67606, 19.50761 ], [ 73.67511, 19.50762 ], [ 73.67261, 19.51044 ], [ 73.67058, 19.51133 ], [ 73.66571, 19.51024 ], [ 73.66438, 19.51655 ], [ 73.6573, 19.53587 ], [ 73.65011, 19.53692 ], [ 73.64718, 19.53579 ], [ 73.64577, 19.53684 ], [ 73.64143, 19.53737 ], [ 73.63744, 19.5313 ], [ 73.63522, 19.53118 ], [ 73.63429, 19.53959 ], [ 73.63327, 19.54003 ], [ 73.6311, 19.53919 ], [ 73.62904, 19.54114 ], [ 73.62479, 19.54178 ], [ 73.6253, 19.54437 ], [ 73.62394, 19.54762 ], [ 73.62755, 19.5517 ], [ 73.62886, 19.55533 ], [ 73.62591, 19.56452 ], [ 73.6288, 19.56734 ], [ 73.62753, 19.57162 ], [ 73.62002, 19.57956 ], [ 73.61843, 19.57934 ], [ 73.61634, 19.57541 ], [ 73.61574, 19.57534 ], [ 73.61549, 19.57675 ], [ 73.61677, 19.5789 ], [ 73.61681, 19.58297 ], [ 73.61778, 19.58504 ], [ 73.61929, 19.58504 ], [ 73.63248, 19.59348 ], [ 73.63649, 19.59356 ], [ 73.64326, 19.58845 ], [ 73.6469, 19.58753 ], [ 73.64927, 19.58814 ], [ 73.6599, 19.58374 ], [ 73.66281, 19.58362 ], [ 73.66509, 19.58504 ], [ 73.66936, 19.58968 ], [ 73.67947, 19.58801 ], [ 73.68393, 19.5898 ], [ 73.68462, 19.59192 ], [ 73.68586, 19.59302 ], [ 73.69583, 19.59366 ], [ 73.70447, 19.59737 ], [ 73.70702, 19.60066 ], [ 73.70831, 19.60098 ], [ 73.71735, 19.59326 ] ] ] } },
{ "type": "Feature", "properties": { "newname": null }, "geometry": { "type": "Polygon", "coordinates": [ [ [ 73.62117, 19.20907 ], [ 73.62098, 19.19683 ], [ 73.61748, 19.18476 ], [ 73.61584, 19.18246 ], [ 73.61091, 19.18269 ], [ 73.60747, 19.17797 ], [ 73.59035, 19.16638 ], [ 73.59023, 19.16408 ], [ 73.59203, 19.16188 ], [ 73.59444, 19.1617 ], [ 73.59595, 19.15962 ], [ 73.59848, 19.15921 ], [ 73.59902, 19.15685 ], [ 73.59715, 19.15211 ], [ 73.59775, 19.15015 ], [ 73.60016, 19.15101 ], [ 73.60257, 19.15049 ], [ 73.60341, 19.14338 ], [ 73.60545, 19.14298 ], [ 73.6151, 19.14931 ], [ 73.61902, 19.15387 ], [ 73.6215, 19.16103 ], [ 73.62211, 19.17061 ], [ 73.62355, 19.17298 ], [ 73.62849, 19.17586 ], [ 73.63097, 19.1747 ], [ 73.63216, 19.17227 ], [ 73.63204, 19.1699 ], [ 73.62673, 19.15802 ], [ 73.62727, 19.15063 ], [ 73.62649, 19.14595 ], [ 73.62456, 19.14405 ], [ 73.62274, 19.1392 ], [ 73.61792, 19.1321 ], [ 73.62003, 19.12973 ], [ 73.6187, 19.125 ], [ 73.61255, 19.12634 ], [ 73.60797, 19.12207 ], [ 73.6055, 19.12104 ], [ 73.60327, 19.12254 ], [ 73.59098, 19.1214 ], [ 73.58851, 19.12193 ], [ 73.58646, 19.12418 ], [ 73.58617, 19.12655 ], [ 73.58399, 19.12823 ], [ 73.5817, 19.12621 ], [ 73.58158, 19.11917 ], [ 73.57928, 19.1175 ], [ 73.57688, 19.11825 ], [ 73.57447, 19.11693 ], [ 73.57482, 19.11213 ], [ 73.57072, 19.10486 ], [ 73.57102, 19.10244 ], [ 73.57198, 19.10013 ], [ 73.57397, 19.09822 ], [ 73.57638, 19.09804 ], [ 73.57831, 19.09613 ], [ 73.58096, 19.0892 ], [ 73.58523, 19.08446 ], [ 73.58727, 19.07978 ], [ 73.58709, 19.07747 ], [ 73.57726, 19.07073 ], [ 73.57877, 19.06599 ], [ 73.57696, 19.06115 ], [ 73.58081, 19.0575 ], [ 73.58177, 19.05514 ], [ 73.5802, 19.05381 ], [ 73.58261, 19.04803 ], [ 73.58315, 19.03874 ], [ 73.58163, 19.03412 ], [ 73.575, 19.02905 ], [ 73.57561, 19.02668 ], [ 73.57512, 19.02437 ], [ 73.57343, 19.02201 ], [ 73.57096, 19.02085 ], [ 73.56849, 19.02126 ], [ 73.5653, 19.02519 ], [ 73.55807, 19.02278 ], [ 73.55566, 19.02065 ], [ 73.55589, 19.01354 ], [ 73.55125, 19.01193 ], [ 73.54397, 19.01593 ], [ 73.54282, 19.0183 ], [ 73.54403, 19.02551 ], [ 73.54186, 19.02783 ], [ 73.53946, 19.02945 ], [ 73.53458, 19.02899 ], [ 73.53277, 19.03026 ], [ 73.53349, 19.03257 ], [ 73.53584, 19.03476 ], [ 73.53669, 19.03944 ], [ 73.54248, 19.0463 ], [ 73.54098, 19.04821 ], [ 73.52055, 19.04466 ], [ 73.51561, 19.0449 ], [ 73.51543, 19.04721 ], [ 73.51785, 19.052 ], [ 73.51791, 19.05431 ], [ 73.51893, 19.05615 ], [ 73.52381, 19.0558 ], [ 73.52454, 19.05816 ], [ 73.52147, 19.06533 ], [ 73.52383, 19.07266 ], [ 73.52859, 19.07975 ], [ 73.52883, 19.08212 ], [ 73.52685, 19.08443 ], [ 73.52438, 19.0849 ], [ 73.51685, 19.08289 ], [ 73.51431, 19.08358 ], [ 73.51257, 19.0859 ], [ 73.51305, 19.09086 ], [ 73.51498, 19.09571 ], [ 73.51987, 19.09847 ], [ 73.52065, 19.10084 ], [ 73.51879, 19.10552 ], [ 73.51879, 19.10783 ], [ 73.52024, 19.11014 ], [ 73.5276, 19.11561 ], [ 73.52916, 19.11798 ], [ 73.52832, 19.123 ], [ 73.52405, 19.12791 ], [ 73.52158, 19.12821 ], [ 73.50115, 19.12558 ], [ 73.49856, 19.12685 ], [ 73.49447, 19.13119 ], [ 73.492, 19.13847 ], [ 73.48785, 19.14286 ], [ 73.48767, 19.1454 ], [ 73.48942, 19.14731 ], [ 73.49454, 19.15001 ], [ 73.49617, 19.15244 ], [ 73.5022, 19.17113 ], [ 73.50703, 19.17459 ], [ 73.50758, 19.17933 ], [ 73.50674, 19.18163 ], [ 73.50915, 19.18388 ], [ 73.52149, 19.17855 ], [ 73.52908, 19.17906 ], [ 73.53072, 19.18137 ], [ 73.53036, 19.18605 ], [ 73.52608, 19.19038 ], [ 73.52554, 19.19281 ], [ 73.53278, 19.19724 ], [ 73.53458, 19.20203 ], [ 73.53712, 19.20324 ], [ 73.54459, 19.20196 ], [ 73.54681, 19.19959 ], [ 73.54886, 19.19427 ], [ 73.55109, 19.19202 ], [ 73.55356, 19.19317 ], [ 73.55826, 19.19749 ], [ 73.56067, 19.19605 ], [ 73.56386, 19.19131 ], [ 73.56621, 19.18957 ], [ 73.56868, 19.19049 ], [ 73.56964, 19.19286 ], [ 73.57748, 19.18852 ], [ 73.59079, 19.18717 ], [ 73.5932, 19.18809 ], [ 73.59471, 19.19294 ], [ 73.59712, 19.19374 ], [ 73.60206, 19.19189 ], [ 73.60453, 19.19206 ], [ 73.607, 19.19344 ], [ 73.60892, 19.1954 ], [ 73.6132, 19.2094 ], [ 73.6172, 19.21138 ], [ 73.61961, 19.21126 ], [ 73.62117, 19.20907 ] ] ] } },
{ "type": "Feature", "properties": { "newname": null }, "geometry": { "type": "Polygon", "coordinates": [ [ [ 73.11606, 18.89707 ], [ 73.1244, 18.895 ], [ 73.12479, 18.89408 ], [ 73.12244, 18.88582 ], [ 73.12325, 18.8835 ], [ 73.12187, 18.88224 ], [ 73.12125, 18.87862 ], [ 73.12069, 18.87794 ], [ 73.11364, 18.87652 ], [ 73.11339, 18.87492 ], [ 73.10988, 18.87218 ], [ 73.10793, 18.86848 ], [ 73.10793, 18.86601 ], [ 73.10571, 18.86273 ], [ 73.10586, 18.86068 ], [ 73.10371, 18.85843 ], [ 73.10444, 18.85714 ], [ 73.10351, 18.85622 ], [ 73.10255, 18.85637 ], [ 73.10226, 18.85847 ], [ 73.10467, 18.8687 ], [ 73.10734, 18.87335 ], [ 73.10911, 18.87282 ], [ 73.10963, 18.87351 ], [ 73.11005, 18.87815 ], [ 73.10699, 18.87951 ], [ 73.11011, 18.88553 ], [ 73.10866, 18.88705 ], [ 73.10237, 18.88783 ], [ 73.10187, 18.89552 ], [ 73.10227, 18.89655 ], [ 73.10368, 18.89659 ], [ 73.10659, 18.90108 ], [ 73.11606, 18.89707 ] ] ] } },
{ "type": "Feature", "properties": { "newname": null }, "geometry": { "type": "Polygon", "coordinates": [ [ [ 73.31269, 19.77109 ], [ 73.31516, 19.77056 ], [ 73.32011, 19.77205 ], [ 73.32167, 19.76969 ], [ 73.32281, 19.76489 ], [ 73.32733, 19.76119 ], [ 73.33221, 19.75887 ], [ 73.33949, 19.75794 ], [ 73.34395, 19.7517 ], [ 73.34659, 19.74222 ], [ 73.34906, 19.74176 ], [ 73.35473, 19.74839 ], [ 73.35732, 19.74908 ], [ 73.36714, 19.74762 ], [ 73.36955, 19.7479 ], [ 73.3769, 19.75165 ], [ 73.3795, 19.75205 ], [ 73.38696, 19.74996 ], [ 73.39714, 19.74573 ], [ 73.40444, 19.74607 ], [ 73.40926, 19.74513 ], [ 73.41281, 19.73814 ], [ 73.41142, 19.73583 ], [ 73.40635, 19.73388 ], [ 73.40154, 19.73388 ], [ 73.39412, 19.73574 ], [ 73.39171, 19.73401 ], [ 73.3869, 19.73697 ], [ 73.38449, 19.73732 ], [ 73.38195, 19.73686 ], [ 73.37954, 19.7353 ], [ 73.37912, 19.73294 ], [ 73.38092, 19.72814 ], [ 73.3855, 19.72519 ], [ 73.3849, 19.72288 ], [ 73.38538, 19.72057 ], [ 73.38719, 19.7182 ], [ 73.38826, 19.71341 ], [ 73.38199, 19.70407 ], [ 73.3721, 19.6953 ], [ 73.37144, 19.69068 ], [ 73.37228, 19.68589 ], [ 73.37306, 19.68346 ], [ 73.37547, 19.68265 ], [ 73.37728, 19.68086 ], [ 73.37612, 19.67832 ], [ 73.37113, 19.67619 ], [ 73.36347, 19.67591 ], [ 73.36106, 19.67511 ], [ 73.35956, 19.67661 ], [ 73.36047, 19.68394 ], [ 73.36005, 19.68631 ], [ 73.35301, 19.69539 ], [ 73.35041, 19.69614 ], [ 73.34547, 19.69372 ], [ 73.34294, 19.69488 ], [ 73.34143, 19.69027 ], [ 73.33902, 19.68934 ], [ 73.33409, 19.69062 ], [ 73.33264, 19.68872 ], [ 73.33306, 19.68641 ], [ 73.3257, 19.68302 ], [ 73.32401, 19.68082 ], [ 73.32359, 19.67609 ], [ 73.3216, 19.67418 ], [ 73.31919, 19.67425 ], [ 73.31491, 19.67772 ], [ 73.30985, 19.67923 ], [ 73.30787, 19.68391 ], [ 73.30052, 19.68513 ], [ 73.29564, 19.68502 ], [ 73.29383, 19.68745 ], [ 73.29142, 19.68901 ], [ 73.28901, 19.68838 ], [ 73.28853, 19.68607 ], [ 73.29292, 19.68191 ], [ 73.29376, 19.67729 ], [ 73.29605, 19.67648 ], [ 73.29641, 19.67405 ], [ 73.29533, 19.67174 ], [ 73.2928, 19.67082 ], [ 73.28786, 19.67285 ], [ 73.28545, 19.67228 ], [ 73.28539, 19.66991 ], [ 73.28779, 19.66846 ], [ 73.29026, 19.66932 ], [ 73.29207, 19.66846 ], [ 73.29376, 19.66384 ], [ 73.29321, 19.66147 ], [ 73.29116, 19.65933 ], [ 73.28875, 19.65841 ], [ 73.28417, 19.66165 ], [ 73.28447, 19.65646 ], [ 73.27718, 19.6567 ], [ 73.27501, 19.65532 ], [ 73.27941, 19.65161 ], [ 73.28428, 19.64485 ], [ 73.28362, 19.64006 ], [ 73.2903, 19.63526 ], [ 73.29114, 19.63295 ], [ 73.28969, 19.62342 ], [ 73.2921, 19.62336 ], [ 73.29408, 19.62163 ], [ 73.29486, 19.61926 ], [ 73.29715, 19.61781 ], [ 73.29968, 19.61786 ], [ 73.30179, 19.61642 ], [ 73.3042, 19.61728 ], [ 73.30523, 19.61965 ], [ 73.3062, 19.62657 ], [ 73.31012, 19.63101 ], [ 73.31247, 19.63569 ], [ 73.31422, 19.63424 ], [ 73.31614, 19.62962 ], [ 73.31855, 19.62777 ], [ 73.32337, 19.62539 ], [ 73.32734, 19.62164 ], [ 73.32975, 19.62227 ], [ 73.33222, 19.62105 ], [ 73.33986, 19.60684 ], [ 73.34088, 19.60204 ], [ 73.34311, 19.60019 ], [ 73.34552, 19.60134 ], [ 73.34799, 19.60053 ], [ 73.34944, 19.59822 ], [ 73.35426, 19.59879 ], [ 73.35649, 19.59648 ], [ 73.3589, 19.59532 ], [ 73.3613, 19.59514 ], [ 73.36618, 19.59681 ], [ 73.371, 19.59426 ], [ 73.37221, 19.59195 ], [ 73.36817, 19.58849 ], [ 73.36617, 19.58382 ], [ 73.36611, 19.58151 ], [ 73.36774, 19.57919 ], [ 73.37255, 19.57532 ], [ 73.37291, 19.5729 ], [ 73.36917, 19.56828 ], [ 73.36146, 19.56518 ], [ 73.35971, 19.56275 ], [ 73.35748, 19.55306 ], [ 73.35519, 19.55075 ], [ 73.35024, 19.55266 ], [ 73.34524, 19.55076 ], [ 73.34036, 19.55164 ], [ 73.33795, 19.551 ], [ 73.33518, 19.54599 ], [ 73.33325, 19.54489 ], [ 73.33084, 19.54588 ], [ 73.32825, 19.54479 ], [ 73.32722, 19.53994 ], [ 73.32553, 19.5378 ], [ 73.32331, 19.53954 ], [ 73.32047, 19.54416 ], [ 73.31789, 19.54503 ], [ 73.31095, 19.53898 ], [ 73.30975, 19.5365 ], [ 73.30969, 19.53407 ], [ 73.31323, 19.5295 ], [ 73.31817, 19.52615 ], [ 73.32088, 19.52141 ], [ 73.31992, 19.51904 ], [ 73.31503, 19.51489 ], [ 73.31425, 19.51259 ], [ 73.31767, 19.50606 ], [ 73.31593, 19.50127 ], [ 73.31641, 19.49879 ], [ 73.32044, 19.49404 ], [ 73.32532, 19.49144 ], [ 73.32743, 19.48942 ], [ 73.32833, 19.48705 ], [ 73.32543, 19.4822 ], [ 73.32031, 19.4803 ], [ 73.31536, 19.47384 ], [ 73.30808, 19.47784 ], [ 73.30567, 19.47773 ], [ 73.30036, 19.48351 ], [ 73.29977, 19.48593 ], [ 73.29754, 19.48778 ], [ 73.29513, 19.48825 ], [ 73.29356, 19.48588 ], [ 73.2905, 19.48731 ], [ 73.29223, 19.48167 ], [ 73.29187, 19.47925 ], [ 73.28988, 19.47688 ], [ 73.28729, 19.47544 ], [ 73.28319, 19.47989 ], [ 73.28079, 19.48082 ], [ 73.2788, 19.4799 ], [ 73.27976, 19.47753 ], [ 73.28403, 19.47273 ], [ 73.28427, 19.47025 ], [ 73.27957, 19.46622 ], [ 73.27752, 19.46795 ], [ 73.27625, 19.47038 ], [ 73.27518, 19.47529 ], [ 73.27355, 19.47702 ], [ 73.27156, 19.47512 ], [ 73.27059, 19.47275 ], [ 73.27023, 19.4679 ], [ 73.27625, 19.45537 ], [ 73.28095, 19.45767 ], [ 73.28342, 19.45669 ], [ 73.28528, 19.45258 ], [ 73.29029, 19.45616 ], [ 73.2927, 19.4565 ], [ 73.2948, 19.45522 ], [ 73.29576, 19.45291 ], [ 73.29763, 19.45112 ], [ 73.29745, 19.44633 ], [ 73.29455, 19.43929 ], [ 73.29605, 19.43455 ], [ 73.29599, 19.43218 ], [ 73.29406, 19.42745 ], [ 73.28942, 19.42417 ], [ 73.28176, 19.42424 ], [ 73.27188, 19.42137 ], [ 73.26935, 19.42166 ], [ 73.26502, 19.42461 ], [ 73.26605, 19.4294 ], [ 73.26526, 19.43177 ], [ 73.26286, 19.43327 ], [ 73.26147, 19.43564 ], [ 73.26147, 19.43807 ], [ 73.26003, 19.44015 ], [ 73.25756, 19.44032 ], [ 73.25273, 19.43895 ], [ 73.25075, 19.43693 ], [ 73.24779, 19.4274 ], [ 73.24568, 19.42579 ], [ 73.2408, 19.4273 ], [ 73.23351, 19.42685 ], [ 73.2311, 19.42593 ], [ 73.22663, 19.42149 ], [ 73.22416, 19.42023 ], [ 73.2217, 19.42034 ], [ 73.21163, 19.42631 ], [ 73.20682, 19.43024 ], [ 73.20188, 19.43255 ], [ 73.18706, 19.43535 ], [ 73.18586, 19.43766 ], [ 73.1858, 19.44003 ], [ 73.18725, 19.44383 ], [ 73.19454, 19.444 ], [ 73.19683, 19.44567 ], [ 73.2002, 19.4504 ], [ 73.20274, 19.45207 ], [ 73.21274, 19.45361 ], [ 73.21515, 19.45482 ], [ 73.21558, 19.4595 ], [ 73.21401, 19.46152 ], [ 73.2116, 19.46135 ], [ 73.20919, 19.46245 ], [ 73.20546, 19.46633 ], [ 73.20323, 19.46506 ], [ 73.20076, 19.46599 ], [ 73.19666, 19.47009 ], [ 73.2027, 19.47949 ], [ 73.20638, 19.48359 ], [ 73.20915, 19.4766 ], [ 73.21396, 19.47434 ], [ 73.22379, 19.47733 ], [ 73.22873, 19.48015 ], [ 73.23036, 19.48488 ], [ 73.23019, 19.4947 ], [ 73.23217, 19.49689 ], [ 73.23977, 19.49913 ], [ 73.24182, 19.50068 ], [ 73.24098, 19.50542 ], [ 73.23616, 19.50883 ], [ 73.23134, 19.50884 ], [ 73.22911, 19.50417 ], [ 73.22663, 19.50186 ], [ 73.21935, 19.50002 ], [ 73.21477, 19.50269 ], [ 73.21146, 19.50731 ], [ 73.20917, 19.5091 ], [ 73.20748, 19.50772 ], [ 73.21006, 19.50067 ], [ 73.20807, 19.496 ], [ 73.20561, 19.49531 ], [ 73.19078, 19.49579 ], [ 73.18837, 19.49632 ], [ 73.18549, 19.501 ], [ 73.18314, 19.50273 ], [ 73.18037, 19.50753 ], [ 73.17964, 19.50984 ], [ 73.18007, 19.51215 ], [ 73.18978, 19.51877 ], [ 73.19417, 19.51634 ], [ 73.19676, 19.52096 ], [ 73.19917, 19.52142 ], [ 73.20574, 19.51708 ], [ 73.20725, 19.51904 ], [ 73.20604, 19.52141 ], [ 73.20364, 19.52286 ], [ 73.20255, 19.52771 ], [ 73.20382, 19.52955 ], [ 73.20864, 19.53174 ], [ 73.21406, 19.5248 ], [ 73.21647, 19.52486 ], [ 73.22009, 19.52947 ], [ 73.22256, 19.53039 ], [ 73.22509, 19.52958 ], [ 73.22997, 19.53165 ], [ 73.23214, 19.52986 ], [ 73.23418, 19.52292 ], [ 73.23756, 19.52708 ], [ 73.23997, 19.52725 ], [ 73.24105, 19.52488 ], [ 73.24359, 19.52395 ], [ 73.24599, 19.52452 ], [ 73.24792, 19.52654 ], [ 73.24822, 19.53134 ], [ 73.24949, 19.5337 ], [ 73.25202, 19.5341 ], [ 73.25263, 19.53647 ], [ 73.25118, 19.53895 ], [ 73.25106, 19.54138 ], [ 73.25348, 19.54357 ], [ 73.25559, 19.54206 ], [ 73.25582, 19.53964 ], [ 73.25733, 19.53738 ], [ 73.25974, 19.53755 ], [ 73.26686, 19.54268 ], [ 73.26938, 19.54256 ], [ 73.27161, 19.54112 ], [ 73.27438, 19.53632 ], [ 73.27685, 19.53614 ], [ 73.27938, 19.53649 ], [ 73.28197, 19.53792 ], [ 73.28427, 19.54283 ], [ 73.28674, 19.54363 ], [ 73.28824, 19.54178 ], [ 73.28872, 19.53705 ], [ 73.29131, 19.53768 ], [ 73.29625, 19.54119 ], [ 73.29872, 19.54027 ], [ 73.29981, 19.53784 ], [ 73.30252, 19.53662 ], [ 73.3074, 19.53869 ], [ 73.30915, 19.54083 ], [ 73.30891, 19.5432 ], [ 73.3077, 19.54556 ], [ 73.30139, 19.55221 ], [ 73.29898, 19.5521 ], [ 73.29656, 19.55009 ], [ 73.29409, 19.55095 ], [ 73.29162, 19.54986 ], [ 73.28915, 19.5505 ], [ 73.28723, 19.5576 ], [ 73.28481, 19.55668 ], [ 73.28349, 19.5594 ], [ 73.27898, 19.56218 ], [ 73.27922, 19.56455 ], [ 73.28266, 19.56916 ], [ 73.2826, 19.57147 ], [ 73.2776, 19.57356 ], [ 73.27603, 19.57564 ], [ 73.2711, 19.5753 ], [ 73.27164, 19.57818 ], [ 73.27405, 19.57956 ], [ 73.27893, 19.58008 ], [ 73.27918, 19.58216 ], [ 73.2717, 19.58361 ], [ 73.26978, 19.58488 ], [ 73.27237, 19.58627 ], [ 73.27737, 19.58695 ], [ 73.27882, 19.5888 ], [ 73.27725, 19.59122 ], [ 73.27864, 19.59584 ], [ 73.27768, 19.59815 ], [ 73.27515, 19.59896 ], [ 73.27371, 19.60318 ], [ 73.26865, 19.60428 ], [ 73.2637, 19.60296 ], [ 73.2619, 19.60089 ], [ 73.2619, 19.59841 ], [ 73.25961, 19.59835 ], [ 73.2581, 19.60061 ], [ 73.25315, 19.59727 ], [ 73.24822, 19.59842 ], [ 73.24629, 19.59693 ], [ 73.24707, 19.59456 ], [ 73.25141, 19.59051 ], [ 73.25122, 19.5882 ], [ 73.24399, 19.59075 ], [ 73.24357, 19.58833 ], [ 73.24947, 19.58185 ], [ 73.24928, 19.57948 ], [ 73.24796, 19.57481 ], [ 73.24434, 19.57343 ], [ 73.24193, 19.57355 ], [ 73.24229, 19.56882 ], [ 73.23988, 19.56755 ], [ 73.23657, 19.57223 ], [ 73.23199, 19.57351 ], [ 73.23145, 19.58309 ], [ 73.23074, 19.58546 ], [ 73.22899, 19.58679 ], [ 73.21887, 19.58207 ], [ 73.21646, 19.58317 ], [ 73.21428, 19.58185 ], [ 73.21519, 19.57948 ], [ 73.2138, 19.57717 ], [ 73.21046, 19.5754 ], [ 73.21042, 19.57158 ], [ 73.2115, 19.56909 ], [ 73.21204, 19.56447 ], [ 73.21366, 19.5621 ], [ 73.21607, 19.56215 ], [ 73.218, 19.56059 ], [ 73.21734, 19.55829 ], [ 73.2198, 19.55713 ], [ 73.22083, 19.55453 ], [ 73.22047, 19.5498 ], [ 73.22119, 19.54748 ], [ 73.22631, 19.54678 ], [ 73.22769, 19.54447 ], [ 73.22781, 19.5421 ], [ 73.22618, 19.5398 ], [ 73.22136, 19.54032 ], [ 73.21883, 19.53894 ], [ 73.21401, 19.53918 ], [ 73.21347, 19.54155 ], [ 73.21576, 19.54368 ], [ 73.21667, 19.5461 ], [ 73.21492, 19.55078 ], [ 73.21245, 19.55177 ], [ 73.21071, 19.55356 ], [ 73.21131, 19.55829 ], [ 73.20873, 19.56303 ], [ 73.20144, 19.57245 ], [ 73.20156, 19.57477 ], [ 73.2035, 19.57944 ], [ 73.19928, 19.58406 ], [ 73.19687, 19.58372 ], [ 73.19416, 19.58528 ], [ 73.19073, 19.58956 ], [ 73.18833, 19.59072 ], [ 73.1846, 19.60019 ], [ 73.18291, 19.60268 ], [ 73.18038, 19.60436 ], [ 73.17797, 19.60476 ], [ 73.17291, 19.60379 ], [ 73.16037, 19.597 ], [ 73.1579, 19.59642 ], [ 73.15724, 19.59873 ], [ 73.15882, 19.61311 ], [ 73.15991, 19.61536 ], [ 73.1649, 19.61292 ], [ 73.16738, 19.61321 ], [ 73.1699, 19.61505 ], [ 73.17105, 19.61736 ], [ 73.17334, 19.61926 ], [ 73.17575, 19.61868 ], [ 73.18196, 19.61175 ], [ 73.18394, 19.61336 ], [ 73.18443, 19.62058 ], [ 73.18678, 19.62785 ], [ 73.19118, 19.62449 ], [ 73.19359, 19.6257 ], [ 73.19516, 19.62801 ], [ 73.19372, 19.63269 ], [ 73.19516, 19.63505 ], [ 73.19763, 19.63614 ], [ 73.20252, 19.63273 ], [ 73.20396, 19.63036 ], [ 73.20124, 19.62563 ], [ 73.20925, 19.61644 ], [ 73.21105, 19.61736 ], [ 73.21287, 19.61967 ], [ 73.22286, 19.61971 ], [ 73.22895, 19.61803 ], [ 73.22943, 19.62039 ], [ 73.23197, 19.62155 ], [ 73.23811, 19.61813 ], [ 73.23583, 19.62518 ], [ 73.23607, 19.62881 ], [ 73.25066, 19.63618 ], [ 73.25247, 19.63832 ], [ 73.25247, 19.643 ], [ 73.25079, 19.64992 ], [ 73.25283, 19.65177 ], [ 73.25524, 19.6513 ], [ 73.25813, 19.64697 ], [ 73.26055, 19.64743 ], [ 73.25965, 19.65205 ], [ 73.2617, 19.65366 ], [ 73.2667, 19.65267 ], [ 73.26923, 19.65729 ], [ 73.27158, 19.65936 ], [ 73.27176, 19.66404 ], [ 73.27032, 19.66872 ], [ 73.26448, 19.67808 ], [ 73.2619, 19.67924 ], [ 73.25936, 19.6774 ], [ 73.25677, 19.67832 ], [ 73.25563, 19.68543 ], [ 73.25334, 19.68768 ], [ 73.25076, 19.68832 ], [ 73.24919, 19.68653 ], [ 73.25105, 19.68428 ], [ 73.25195, 19.6796 ], [ 73.25472, 19.67492 ], [ 73.25508, 19.67261 ], [ 73.25418, 19.6703 ], [ 73.2517, 19.66886 ], [ 73.24448, 19.67089 ], [ 73.24315, 19.6732 ], [ 73.23574, 19.67512 ], [ 73.23093, 19.67842 ], [ 73.22598, 19.67872 ], [ 73.22117, 19.68138 ], [ 73.21846, 19.68612 ], [ 73.21931, 19.69333 ], [ 73.22112, 19.69564 ], [ 73.22624, 19.69546 ], [ 73.22793, 19.69713 ], [ 73.22703, 19.70418 ], [ 73.22872, 19.70902 ], [ 73.23366, 19.71179 ], [ 73.23884, 19.71265 ], [ 73.24903, 19.71298 ], [ 73.25144, 19.71199 ], [ 73.25902, 19.70032 ], [ 73.26149, 19.70061 ], [ 73.26348, 19.69956 ], [ 73.26456, 19.69719 ], [ 73.26703, 19.69592 ], [ 73.26944, 19.69672 ], [ 73.27191, 19.70134 ], [ 73.27439, 19.70076 ], [ 73.27691, 19.70179 ], [ 73.27547, 19.70878 ], [ 73.27361, 19.71017 ], [ 73.27114, 19.70994 ], [ 73.26866, 19.71087 ], [ 73.26391, 19.71752 ], [ 73.26476, 19.71982 ], [ 73.27458, 19.7231 ], [ 73.28182, 19.72869 ], [ 73.28236, 19.73106 ], [ 73.2852, 19.73573 ], [ 73.28555, 19.74047 ], [ 73.28363, 19.74278 ], [ 73.27881, 19.74446 ], [ 73.27141, 19.75105 ], [ 73.27014, 19.75336 ], [ 73.27051, 19.76035 ], [ 73.27449, 19.76467 ], [ 73.27967, 19.76726 ], [ 73.28208, 19.76657 ], [ 73.28889, 19.76021 ], [ 73.29129, 19.75887 ], [ 73.29611, 19.7595 ], [ 73.30582, 19.7633 ], [ 73.30709, 19.7652 ], [ 73.30522, 19.76983 ], [ 73.30564, 19.77219 ], [ 73.30805, 19.77432 ], [ 73.31269, 19.77109 ] ] ] } },
{ "type": "Feature", "properties": { "newname": null }, "geometry": { "type": "Polygon", "coordinates": [ [ [ 73.33599, 19.67272 ], [ 73.34094, 19.67283 ], [ 73.34335, 19.67144 ], [ 73.34515, 19.66913 ], [ 73.34497, 19.66682 ], [ 73.34587, 19.66474 ], [ 73.35076, 19.66635 ], [ 73.35328, 19.66623 ], [ 73.35461, 19.66386 ], [ 73.35455, 19.66155 ], [ 73.3525, 19.65988 ], [ 73.34996, 19.65959 ], [ 73.34756, 19.66075 ], [ 73.34532, 19.65914 ], [ 73.35177, 19.65422 ], [ 73.35447, 19.64717 ], [ 73.357, 19.64607 ], [ 73.35971, 19.64746 ], [ 73.36152, 19.64595 ], [ 73.36212, 19.64127 ], [ 73.36381, 19.63896 ], [ 73.36616, 19.64363 ], [ 73.36634, 19.64837 ], [ 73.36888, 19.64911 ], [ 73.3714, 19.64438 ], [ 73.37381, 19.64472 ], [ 73.37888, 19.64823 ], [ 73.38129, 19.64904 ], [ 73.38339, 19.64759 ], [ 73.38381, 19.64528 ], [ 73.3817, 19.64355 ], [ 73.37911, 19.6431 ], [ 73.37791, 19.64113 ], [ 73.37673, 19.63865 ], [ 73.37802, 19.6349 ], [ 73.38543, 19.63339 ], [ 73.3841, 19.63085 ], [ 73.39163, 19.62737 ], [ 73.39646, 19.62638 ], [ 73.39838, 19.62886 ], [ 73.39851, 19.63354 ], [ 73.40044, 19.63492 ], [ 73.40525, 19.63255 ], [ 73.40664, 19.63024 ], [ 73.4032, 19.62551 ], [ 73.40362, 19.62071 ], [ 73.40066, 19.6161 ], [ 73.40012, 19.61373 ], [ 73.39813, 19.6123 ], [ 73.39554, 19.6123 ], [ 73.39301, 19.61126 ], [ 73.3912, 19.6123 ], [ 73.38988, 19.61947 ], [ 73.38754, 19.6242 ], [ 73.38494, 19.62502 ], [ 73.38115, 19.62929 ], [ 73.37594, 19.6322 ], [ 73.376, 19.62777 ], [ 73.37866, 19.62511 ], [ 73.3862, 19.62005 ], [ 73.38735, 19.61531 ], [ 73.38584, 19.61283 ], [ 73.38337, 19.61272 ], [ 73.37831, 19.6159 ], [ 73.37066, 19.6192 ], [ 73.35951, 19.61258 ], [ 73.35703, 19.6123 ], [ 73.35493, 19.61461 ], [ 73.35651, 19.62644 ], [ 73.35645, 19.62875 ], [ 73.35524, 19.63112 ], [ 73.3532, 19.63297 ], [ 73.35079, 19.63148 ], [ 73.34825, 19.63217 ], [ 73.34868, 19.63448 ], [ 73.34741, 19.63679 ], [ 73.34056, 19.64321 ], [ 73.3355, 19.64559 ], [ 73.33423, 19.64351 ], [ 73.33422, 19.63872 ], [ 73.33235, 19.63681 ], [ 73.33019, 19.63849 ], [ 73.32839, 19.64323 ], [ 73.32827, 19.65275 ], [ 73.32652, 19.65386 ], [ 73.32357, 19.6534 ], [ 73.32388, 19.65802 ], [ 73.31893, 19.66028 ], [ 73.319, 19.66501 ], [ 73.3143, 19.66796 ], [ 73.31442, 19.67027 ], [ 73.31744, 19.67142 ], [ 73.32347, 19.66933 ], [ 73.32828, 19.66996 ], [ 73.3319, 19.67521 ], [ 73.33431, 19.67504 ], [ 73.33599, 19.67272 ] ] ] } },
{ "type": "Feature", "properties": { "newname": null }, "geometry": { "type": "Polygon", "coordinates": [ [ [ 72.90758, 19.47418 ], [ 72.91196, 19.46885 ], [ 72.91063, 19.46409 ], [ 72.91272, 19.46067 ], [ 72.91272, 19.45876 ], [ 72.91634, 19.45876 ], [ 72.91976, 19.46067 ], [ 72.92071, 19.462 ], [ 72.92947, 19.46067 ], [ 72.93442, 19.46333 ], [ 72.93651, 19.46257 ], [ 72.93785, 19.45971 ], [ 72.93766, 19.45781 ], [ 72.93899, 19.45743 ], [ 72.94127, 19.44753 ], [ 72.9388, 19.4441 ], [ 72.92757, 19.43706 ], [ 72.92776, 19.43249 ], [ 72.92928, 19.42926 ], [ 72.93004, 19.42393 ], [ 72.93366, 19.41974 ], [ 72.93499, 19.41593 ], [ 72.93651, 19.41441 ], [ 72.94394, 19.41403 ], [ 72.94717, 19.41193 ], [ 72.94965, 19.41136 ], [ 72.95117, 19.40965 ], [ 72.95231, 19.4047 ], [ 72.95917, 19.39899 ], [ 72.95879, 19.39271 ], [ 72.96088, 19.38852 ], [ 72.95974, 19.38148 ], [ 72.96183, 19.37577 ], [ 72.96335, 19.37367 ], [ 72.96716, 19.37482 ], [ 72.97268, 19.37044 ], [ 72.97573, 19.36625 ], [ 72.97649, 19.36244 ], [ 72.97611, 19.36054 ], [ 72.97877, 19.35673 ], [ 72.98106, 19.35026 ], [ 72.99019, 19.34226 ], [ 72.99077, 19.34017 ], [ 72.9921, 19.3436 ], [ 73.00009, 19.3436 ], [ 73.00028, 19.34112 ], [ 72.99933, 19.34017 ], [ 73.00124, 19.33731 ], [ 73.00085, 19.33636 ], [ 73.00009, 19.33579 ], [ 72.998, 19.33617 ], [ 72.99895, 19.33408 ], [ 72.99629, 19.33427 ], [ 72.99629, 19.33313 ], [ 72.99857, 19.3316 ], [ 73.00238, 19.33256 ], [ 73.00219, 19.32913 ], [ 73.00047, 19.32627 ], [ 72.99971, 19.32132 ], [ 72.99762, 19.32056 ], [ 72.99952, 19.31504 ], [ 72.99743, 19.31238 ], [ 72.99838, 19.31105 ], [ 72.9999, 19.31066 ], [ 72.99838, 19.30762 ], [ 72.99629, 19.3061 ], [ 72.99552, 19.30667 ], [ 72.99591, 19.30857 ], [ 72.99533, 19.30933 ], [ 72.99172, 19.30781 ], [ 72.98867, 19.30438 ], [ 72.98753, 19.30153 ], [ 72.98486, 19.30077 ], [ 72.98125, 19.30115 ], [ 72.98011, 19.30629 ], [ 72.98049, 19.31219 ], [ 72.98163, 19.31314 ], [ 72.98163, 19.31504 ], [ 72.98372, 19.31638 ], [ 72.98563, 19.32152 ], [ 72.98448, 19.32342 ], [ 72.98639, 19.32665 ], [ 72.98544, 19.32913 ], [ 72.98715, 19.33218 ], [ 72.98601, 19.33693 ], [ 72.98639, 19.33941 ], [ 72.98296, 19.34341 ], [ 72.9822, 19.34664 ], [ 72.97953, 19.34512 ], [ 72.97858, 19.3436 ], [ 72.97973, 19.34074 ], [ 72.9763, 19.33979 ], [ 72.97725, 19.33865 ], [ 72.97649, 19.33789 ], [ 72.97706, 19.33636 ], [ 72.97363, 19.33674 ], [ 72.97059, 19.33541 ], [ 72.96849, 19.3297 ], [ 72.96393, 19.32589 ], [ 72.96202, 19.32818 ], [ 72.9624, 19.33522 ], [ 72.96431, 19.3356 ], [ 72.96659, 19.33884 ], [ 72.96792, 19.33731 ], [ 72.96907, 19.33922 ], [ 72.9683, 19.34188 ], [ 72.97611, 19.34531 ], [ 72.97516, 19.34645 ], [ 72.97649, 19.34721 ], [ 72.97763, 19.3495 ], [ 72.97478, 19.35311 ], [ 72.97306, 19.35692 ], [ 72.97135, 19.35673 ], [ 72.96488, 19.35178 ], [ 72.96354, 19.34417 ], [ 72.96202, 19.34245 ], [ 72.96126, 19.34379 ], [ 72.96012, 19.34379 ], [ 72.95574, 19.34036 ], [ 72.95479, 19.3377 ], [ 72.95365, 19.33693 ], [ 72.95193, 19.33731 ], [ 72.9506, 19.33617 ], [ 72.95136, 19.33503 ], [ 72.95041, 19.3337 ], [ 72.95098, 19.33046 ], [ 72.94946, 19.32418 ], [ 72.94717, 19.32152 ], [ 72.94679, 19.31771 ], [ 72.94584, 19.31657 ], [ 72.9407, 19.32152 ], [ 72.9407, 19.32456 ], [ 72.93442, 19.32875 ], [ 72.93613, 19.33046 ], [ 72.93804, 19.33465 ], [ 72.93423, 19.34721 ], [ 72.93556, 19.35178 ], [ 72.93099, 19.35959 ], [ 72.93137, 19.36263 ], [ 72.93309, 19.36396 ], [ 72.93385, 19.3632 ], [ 72.93575, 19.36358 ], [ 72.93461, 19.36682 ], [ 72.93271, 19.36644 ], [ 72.93214, 19.3731 ], [ 72.93004, 19.37462 ], [ 72.92966, 19.37615 ], [ 72.92833, 19.3771 ], [ 72.92719, 19.37672 ], [ 72.92738, 19.37006 ], [ 72.92928, 19.36606 ], [ 72.92776, 19.36568 ], [ 72.92509, 19.36891 ], [ 72.92452, 19.36644 ], [ 72.92224, 19.36606 ], [ 72.919, 19.36796 ], [ 72.91729, 19.36549 ], [ 72.91367, 19.36568 ], [ 72.91063, 19.36872 ], [ 72.91367, 19.37348 ], [ 72.90948, 19.37539 ], [ 72.90872, 19.37691 ], [ 72.90625, 19.37729 ], [ 72.90625, 19.37938 ], [ 72.90929, 19.37843 ], [ 72.90891, 19.37995 ], [ 72.90986, 19.3811 ], [ 72.91177, 19.38091 ], [ 72.91177, 19.38224 ], [ 72.90815, 19.38376 ], [ 72.90739, 19.3849 ], [ 72.91082, 19.38624 ], [ 72.90948, 19.39023 ], [ 72.90511, 19.39119 ], [ 72.90568, 19.39309 ], [ 72.90282, 19.39613 ], [ 72.90339, 19.39785 ], [ 72.90206, 19.39861 ], [ 72.89959, 19.39366 ], [ 72.90263, 19.38871 ], [ 72.89863, 19.387 ], [ 72.89768, 19.38452 ], [ 72.8933, 19.38414 ], [ 72.89311, 19.38072 ], [ 72.89102, 19.37995 ], [ 72.8914, 19.37843 ], [ 72.89311, 19.3771 ], [ 72.8933, 19.37558 ], [ 72.89483, 19.37462 ], [ 72.89768, 19.37063 ], [ 72.89502, 19.36777 ], [ 72.89635, 19.36606 ], [ 72.89521, 19.36549 ], [ 72.89197, 19.36625 ], [ 72.89064, 19.36777 ], [ 72.88379, 19.36968 ], [ 72.87941, 19.36663 ], [ 72.8716, 19.36891 ], [ 72.86913, 19.37101 ], [ 72.86856, 19.37615 ], [ 72.86608, 19.37672 ], [ 72.8657, 19.38072 ], [ 72.86418, 19.37786 ], [ 72.86247, 19.37653 ], [ 72.85885, 19.38072 ], [ 72.85733, 19.3811 ], [ 72.85675, 19.38357 ], [ 72.85257, 19.38605 ], [ 72.85314, 19.38795 ], [ 72.85542, 19.38776 ], [ 72.85942, 19.38452 ], [ 72.86608, 19.38376 ], [ 72.87179, 19.38433 ], [ 72.87827, 19.38205 ], [ 72.88664, 19.3849 ], [ 72.89026, 19.38909 ], [ 72.88702, 19.39442 ], [ 72.89007, 19.39994 ], [ 72.89502, 19.40127 ], [ 72.89521, 19.4028 ], [ 72.89178, 19.40622 ], [ 72.89083, 19.40946 ], [ 72.89597, 19.41631 ], [ 72.89863, 19.42317 ], [ 72.90472, 19.42716 ], [ 72.90511, 19.42811 ], [ 72.90092, 19.42811 ], [ 72.89502, 19.43078 ], [ 72.89159, 19.4344 ], [ 72.89026, 19.43706 ], [ 72.89426, 19.4422 ], [ 72.90092, 19.44277 ], [ 72.90111, 19.44753 ], [ 72.89959, 19.44677 ], [ 72.89882, 19.44391 ], [ 72.89445, 19.44449 ], [ 72.88645, 19.45191 ], [ 72.88588, 19.45476 ], [ 72.88645, 19.45648 ], [ 72.88778, 19.45705 ], [ 72.89273, 19.45362 ], [ 72.89406, 19.45381 ], [ 72.89273, 19.45553 ], [ 72.89445, 19.45572 ], [ 72.89406, 19.45705 ], [ 72.89216, 19.45667 ], [ 72.88931, 19.458 ], [ 72.88835, 19.46181 ], [ 72.89007, 19.46504 ], [ 72.89216, 19.46771 ], [ 72.89635, 19.46695 ], [ 72.89521, 19.47114 ], [ 72.89597, 19.47152 ], [ 72.9013, 19.46904 ], [ 72.90016, 19.47285 ], [ 72.9013, 19.4738 ], [ 72.90415, 19.47361 ], [ 72.90453, 19.47456 ], [ 72.90682, 19.47342 ], [ 72.90758, 19.47418 ] ] ] } },
{ "type": "Feature", "properties": { "newname": null }, "geometry": { "type": "Polygon", "coordinates": [ [ [ 72.91619, 19.33629 ], [ 72.92363, 19.33059 ], [ 72.9262, 19.324 ], [ 72.92821, 19.32404 ], [ 72.92873, 19.32976 ], [ 72.92998, 19.33068 ], [ 72.93122, 19.33072 ], [ 72.93219, 19.32973 ], [ 72.93428, 19.32585 ], [ 72.93472, 19.32299 ], [ 72.93629, 19.32078 ], [ 72.93874, 19.30644 ], [ 72.93874, 19.30145 ], [ 72.93733, 19.2979 ], [ 72.93777, 19.28966 ], [ 72.93291, 19.28934 ], [ 72.93191, 19.29251 ], [ 72.9303, 19.29304 ], [ 72.92126, 19.29019 ], [ 72.91905, 19.29217 ], [ 72.91737, 19.29045 ], [ 72.91355, 19.29059 ], [ 72.91097, 19.29184 ], [ 72.90672, 19.30163 ], [ 72.90016, 19.31203 ], [ 72.90025, 19.31451 ], [ 72.90266, 19.31658 ], [ 72.90482, 19.31551 ], [ 72.90776, 19.3106 ], [ 72.90893, 19.3106 ], [ 72.90941, 19.3116 ], [ 72.90623, 19.31948 ], [ 72.90318, 19.31898 ], [ 72.89996, 19.32031 ], [ 72.89855, 19.33022 ], [ 72.89903, 19.33324 ], [ 72.90136, 19.33469 ], [ 72.90811, 19.33212 ], [ 72.90929, 19.32867 ], [ 72.91045, 19.32751 ], [ 72.91057, 19.33113 ], [ 72.90763, 19.34203 ], [ 72.91009, 19.34398 ], [ 72.91261, 19.34449 ], [ 72.91619, 19.33629 ] ] ] } },
{ "type": "Feature", "properties": { "newname": null }, "geometry": { "type": "Polygon", "coordinates": [ [ [ 72.92937, 19.2854 ], [ 72.93179, 19.28278 ], [ 72.93439, 19.28523 ], [ 72.93789, 19.28379 ], [ 72.9389, 19.2865 ], [ 72.93982, 19.28658 ], [ 72.94131, 19.28509 ], [ 72.94484, 19.27732 ], [ 72.94701, 19.27592 ], [ 72.94576, 19.27011 ], [ 72.95246, 19.26472 ], [ 72.95255, 19.2582 ], [ 72.94981, 19.24618 ], [ 72.95053, 19.24522 ], [ 72.95406, 19.24371 ], [ 72.95719, 19.24113 ], [ 72.9596, 19.24037 ], [ 72.96077, 19.24079 ], [ 72.96073, 19.24312 ], [ 72.96217, 19.24446 ], [ 72.96157, 19.2469 ], [ 72.96322, 19.25022 ], [ 72.95985, 19.25452 ], [ 72.96137, 19.25456 ], [ 72.966, 19.2572 ], [ 72.9678, 19.25717 ], [ 72.96981, 19.25672 ], [ 72.97037, 19.25512 ], [ 72.96764, 19.24871 ], [ 72.96912, 19.24745 ], [ 72.97153, 19.24715 ], [ 72.97229, 19.25002 ], [ 72.97334, 19.25063 ], [ 72.97583, 19.24762 ], [ 72.97659, 19.24252 ], [ 72.97607, 19.24213 ], [ 72.97149, 19.24559 ], [ 72.96775, 19.24478 ], [ 72.9645, 19.23981 ], [ 72.9631, 19.2334 ], [ 72.96518, 19.23203 ], [ 72.96205, 19.22981 ], [ 72.95827, 19.22343 ], [ 72.95574, 19.2227 ], [ 72.95301, 19.21968 ], [ 72.95097, 19.22055 ], [ 72.94952, 19.21856 ], [ 72.94691, 19.21341 ], [ 72.94727, 19.20982 ], [ 72.94927, 19.20888 ], [ 72.9492, 19.20773 ], [ 72.95024, 19.20735 ], [ 72.95076, 19.20594 ], [ 72.95429, 19.20454 ], [ 72.95305, 19.20412 ], [ 72.94911, 19.2051 ], [ 72.94622, 19.20673 ], [ 72.9443, 19.20299 ], [ 72.94241, 19.20187 ], [ 72.94177, 19.19913 ], [ 72.94261, 19.19703 ], [ 72.94261, 19.19337 ], [ 72.94165, 19.18963 ], [ 72.94009, 19.18722 ], [ 72.94093, 19.18559 ], [ 72.93748, 19.18393 ], [ 72.93832, 19.18001 ], [ 72.93759, 19.1792 ], [ 72.93916, 19.17692 ], [ 72.93807, 19.17596 ], [ 72.93555, 19.17718 ], [ 72.93118, 19.17133 ], [ 72.93118, 19.16686 ], [ 72.92853, 19.16876 ], [ 72.92913, 19.17121 ], [ 72.92752, 19.17158 ], [ 72.92592, 19.16925 ], [ 72.92548, 19.17058 ], [ 72.92625, 19.17146 ], [ 72.92007, 19.17392 ], [ 72.91882, 19.17712 ], [ 72.9155, 19.17528 ], [ 72.91409, 19.17337 ], [ 72.91353, 19.17184 ], [ 72.91433, 19.17062 ], [ 72.91673, 19.17105 ], [ 72.91923, 19.16862 ], [ 72.91794, 19.16422 ], [ 72.91593, 19.16193 ], [ 72.91618, 19.16059 ], [ 72.91722, 19.16094 ], [ 72.92023, 19.1653 ], [ 72.92083, 19.16389 ], [ 72.92248, 19.16546 ], [ 72.92352, 19.16527 ], [ 72.92067, 19.15905 ], [ 72.92083, 19.15466 ], [ 72.92291, 19.15478 ], [ 72.92339, 19.15227 ], [ 72.92195, 19.14849 ], [ 72.92284, 19.14689 ], [ 72.92191, 19.14414 ], [ 72.9175, 19.14134 ], [ 72.91545, 19.14163 ], [ 72.91289, 19.1401 ], [ 72.90872, 19.13917 ], [ 72.90347, 19.13972 ], [ 72.90058, 19.13918 ], [ 72.89709, 19.14104 ], [ 72.89388, 19.14144 ], [ 72.89537, 19.14473 ], [ 72.89429, 19.15106 ], [ 72.8934, 19.15281 ], [ 72.88919, 19.15554 ], [ 72.89047, 19.16215 ], [ 72.88879, 19.16348 ], [ 72.88345, 19.16285 ], [ 72.88145, 19.16185 ], [ 72.8802, 19.15921 ], [ 72.87784, 19.15909 ], [ 72.87807, 19.16207 ], [ 72.88044, 19.16574 ], [ 72.8802, 19.16784 ], [ 72.87968, 19.16845 ], [ 72.87523, 19.16862 ], [ 72.87446, 19.16934 ], [ 72.87441, 19.17965 ], [ 72.86787, 19.17947 ], [ 72.86659, 19.18057 ], [ 72.86707, 19.18775 ], [ 72.86546, 19.18999 ], [ 72.86726, 19.19076 ], [ 72.86947, 19.19317 ], [ 72.87369, 19.19105 ], [ 72.8742, 19.19998 ], [ 72.87521, 19.20067 ], [ 72.88018, 19.19901 ], [ 72.88295, 19.1994 ], [ 72.88544, 19.2015 ], [ 72.88628, 19.20372 ], [ 72.87523, 19.21891 ], [ 72.87109, 19.22153 ], [ 72.8676, 19.22892 ], [ 72.86462, 19.23059 ], [ 72.86423, 19.23341 ], [ 72.86562, 19.2346 ], [ 72.86674, 19.2393 ], [ 72.86848, 19.23884 ], [ 72.86867, 19.24182 ], [ 72.87453, 19.2455 ], [ 72.87489, 19.24703 ], [ 72.87268, 19.24836 ], [ 72.8724, 19.25011 ], [ 72.87408, 19.25382 ], [ 72.87698, 19.25403 ], [ 72.87537, 19.2574 ], [ 72.87589, 19.25902 ], [ 72.87766, 19.26014 ], [ 72.87746, 19.26341 ], [ 72.87965, 19.261 ], [ 72.88089, 19.26067 ], [ 72.88184, 19.26155 ], [ 72.8822, 19.26441 ], [ 72.88374, 19.26762 ], [ 72.88551, 19.26712 ], [ 72.88764, 19.2678 ], [ 72.89004, 19.26324 ], [ 72.8951, 19.25931 ], [ 72.8968, 19.25709 ], [ 72.89834, 19.25892 ], [ 72.89928, 19.26194 ], [ 72.89848, 19.26684 ], [ 72.89941, 19.26863 ], [ 72.89932, 19.27085 ], [ 72.89687, 19.27508 ], [ 72.89426, 19.27585 ], [ 72.89316, 19.2779 ], [ 72.89352, 19.28625 ], [ 72.89731, 19.28561 ], [ 72.90009, 19.28138 ], [ 72.90082, 19.27884 ], [ 72.90455, 19.27447 ], [ 72.90585, 19.27457 ], [ 72.90821, 19.27291 ], [ 72.90885, 19.27349 ], [ 72.90926, 19.27822 ], [ 72.90873, 19.27925 ], [ 72.9058, 19.2808 ], [ 72.90595, 19.285 ], [ 72.90672, 19.28664 ], [ 72.91017, 19.28608 ], [ 72.91656, 19.28785 ], [ 72.92106, 19.28603 ], [ 72.92448, 19.28886 ], [ 72.92769, 19.28879 ], [ 72.92937, 19.2854 ] ] ] } },
{ "type": "Feature", "properties": { "newname": null }, "geometry": { "type": "Polygon", "coordinates": [ [ [ 72.95499, 18.35187 ], [ 72.96472, 18.35061 ], [ 72.97462, 18.34825 ], [ 72.97708, 18.34841 ], [ 72.97622, 18.34524 ], [ 72.97405, 18.34368 ], [ 72.96906, 18.344 ], [ 72.96647, 18.34233 ], [ 72.96478, 18.33997 ], [ 72.96446, 18.3376 ], [ 72.95957, 18.33478 ], [ 72.95712, 18.33566 ], [ 72.95726, 18.34035 ], [ 72.95608, 18.34267 ], [ 72.95783, 18.34492 ], [ 72.95706, 18.34723 ], [ 72.9546, 18.34672 ], [ 72.94989, 18.34316 ], [ 72.94858, 18.34525 ], [ 72.94807, 18.34999 ], [ 72.95048, 18.35224 ], [ 72.9502, 18.35461 ], [ 72.95177, 18.35611 ], [ 72.95499, 18.35187 ] ] ] } },
{ "type": "Feature", "properties": { "newname": null }, "geometry": { "type": "Polygon", "coordinates": [ [ [ 72.91774, 18.47953 ], [ 72.91747, 18.47484 ], [ 72.91983, 18.46778 ], [ 72.92818, 18.45622 ], [ 72.93059, 18.45645 ], [ 72.93405, 18.45175 ], [ 72.93891, 18.45155 ], [ 72.94511, 18.44232 ], [ 72.94751, 18.44174 ], [ 72.94998, 18.44277 ], [ 72.95047, 18.44508 ], [ 72.9494, 18.44751 ], [ 72.94714, 18.44983 ], [ 72.94811, 18.45214 ], [ 72.95032, 18.45017 ], [ 72.95466, 18.45246 ], [ 72.957, 18.45043 ], [ 72.95817, 18.44568 ], [ 72.95539, 18.43389 ], [ 72.95549, 18.42926 ], [ 72.9571, 18.42682 ], [ 72.95949, 18.42514 ], [ 72.9643, 18.42448 ], [ 72.96681, 18.42273 ], [ 72.97167, 18.42138 ], [ 72.97196, 18.41907 ], [ 72.96948, 18.4174 ], [ 72.96707, 18.41689 ], [ 72.95982, 18.41941 ], [ 72.95735, 18.41832 ], [ 72.95606, 18.41364 ], [ 72.95665, 18.41121 ], [ 72.95911, 18.41091 ], [ 72.96316, 18.41546 ], [ 72.96556, 18.41516 ], [ 72.97524, 18.40476 ], [ 72.97757, 18.4029 ], [ 72.97991, 18.4022 ], [ 72.98091, 18.40919 ], [ 72.97924, 18.4107 ], [ 72.97684, 18.41043 ], [ 72.97325, 18.41449 ], [ 72.97405, 18.4168 ], [ 72.97645, 18.41719 ], [ 72.98848, 18.40806 ], [ 72.99597, 18.40467 ], [ 73.00582, 18.4037 ], [ 73.01037, 18.40061 ], [ 73.01461, 18.39608 ], [ 73.02427, 18.39384 ], [ 73.02593, 18.38909 ], [ 73.02778, 18.3874 ], [ 73.02777, 18.38491 ], [ 73.03183, 18.38107 ], [ 73.03194, 18.37876 ], [ 73.0309, 18.37646 ], [ 73.03202, 18.37182 ], [ 73.03165, 18.36951 ], [ 73.02679, 18.3715 ], [ 73.02423, 18.3762 ], [ 73.02183, 18.37568 ], [ 73.021, 18.3776 ], [ 73.02179, 18.37991 ], [ 73.0212, 18.38222 ], [ 73.01695, 18.38548 ], [ 73.01445, 18.38983 ], [ 73.01246, 18.38799 ], [ 73.01005, 18.38719 ], [ 73.00749, 18.39189 ], [ 73.0051, 18.39265 ], [ 73.00572, 18.38553 ], [ 73.01223, 18.37874 ], [ 73.01203, 18.37642 ], [ 73.00883, 18.37239 ], [ 73.00775, 18.36297 ], [ 73.00586, 18.35818 ], [ 73.00754, 18.35707 ], [ 73.01253, 18.35745 ], [ 73.01396, 18.35519 ], [ 73.01315, 18.35039 ], [ 73.00874, 18.34596 ], [ 73.00627, 18.3451 ], [ 73.00436, 18.34702 ], [ 73.00347, 18.34933 ], [ 72.99854, 18.34918 ], [ 72.99339, 18.35181 ], [ 72.98857, 18.34934 ], [ 72.98616, 18.35016 ], [ 72.98177, 18.34845 ], [ 72.97943, 18.35008 ], [ 72.98053, 18.35251 ], [ 72.98234, 18.35377 ], [ 72.98487, 18.35353 ], [ 72.99181, 18.35922 ], [ 72.992, 18.36159 ], [ 72.99375, 18.36395 ], [ 72.99192, 18.36859 ], [ 72.98953, 18.37086 ], [ 72.98793, 18.37561 ], [ 72.99032, 18.38271 ], [ 72.98892, 18.38972 ], [ 72.98664, 18.39141 ], [ 72.98648, 18.39372 ], [ 72.98889, 18.39573 ], [ 72.9895, 18.3981 ], [ 72.98747, 18.39961 ], [ 72.98242, 18.40033 ], [ 72.9802, 18.39942 ], [ 72.97807, 18.39474 ], [ 72.97553, 18.39348 ], [ 72.97308, 18.39442 ], [ 72.97189, 18.39674 ], [ 72.96702, 18.39688 ], [ 72.96326, 18.40094 ], [ 72.96085, 18.39933 ], [ 72.95844, 18.39969 ], [ 72.95574, 18.39855 ], [ 72.95156, 18.39371 ], [ 72.94689, 18.39622 ], [ 72.94032, 18.39254 ], [ 72.93275, 18.39304 ], [ 72.93034, 18.39242 ], [ 72.92328, 18.39765 ], [ 72.92185, 18.39934 ], [ 72.92127, 18.40408 ], [ 72.9196, 18.4064 ], [ 72.91493, 18.40961 ], [ 72.91496, 18.41424 ], [ 72.9166, 18.4159 ], [ 72.91912, 18.41508 ], [ 72.92336, 18.41073 ], [ 72.92534, 18.41101 ], [ 72.92938, 18.41376 ], [ 72.92542, 18.42541 ], [ 72.92369, 18.42732 ], [ 72.92122, 18.42629 ], [ 72.91945, 18.4215 ], [ 72.91758, 18.42012 ], [ 72.91603, 18.4225 ], [ 72.91466, 18.42488 ], [ 72.91381, 18.43211 ], [ 72.91201, 18.43449 ], [ 72.91192, 18.43929 ], [ 72.90817, 18.44637 ], [ 72.90682, 18.45123 ], [ 72.90731, 18.4536 ], [ 72.90978, 18.45458 ], [ 72.91711, 18.45269 ], [ 72.91802, 18.45506 ], [ 72.91671, 18.45743 ], [ 72.91293, 18.45797 ], [ 72.91192, 18.46064 ], [ 72.91248, 18.46301 ], [ 72.91154, 18.46764 ], [ 72.91487, 18.47225 ], [ 72.91196, 18.47695 ], [ 72.91148, 18.48829 ], [ 72.91389, 18.48874 ], [ 72.91567, 18.48671 ], [ 72.91774, 18.47953 ] ] ] } },
{ "type": "Feature", "properties": { "newname": null }, "geometry": { "type": "Polygon", "coordinates": [ [ [ 74.38221, 18.38521 ], [ 74.38425, 18.38243 ], [ 74.38541, 18.37848 ], [ 74.38882, 18.37902 ], [ 74.39404, 18.37698 ], [ 74.39597, 18.37753 ], [ 74.39587, 18.37572 ], [ 74.38748, 18.37465 ], [ 74.38763, 18.37069 ], [ 74.38571, 18.36662 ], [ 74.38026, 18.36126 ], [ 74.37778, 18.35564 ], [ 74.37395, 18.35797 ], [ 74.37269, 18.34968 ], [ 74.37582, 18.34123 ], [ 74.37703, 18.34021 ], [ 74.3773, 18.33767 ], [ 74.38103, 18.33464 ], [ 74.38093, 18.33243 ], [ 74.37637, 18.33075 ], [ 74.37565, 18.32886 ], [ 74.37778, 18.32375 ], [ 74.3734, 18.31959 ], [ 74.36922, 18.31288 ], [ 74.36532, 18.31324 ], [ 74.36426, 18.32569 ], [ 74.35168, 18.32771 ], [ 74.3533, 18.34014 ], [ 74.34342, 18.34489 ], [ 74.34241, 18.3392 ], [ 74.3446, 18.33691 ], [ 74.33766, 18.33858 ], [ 74.33292, 18.3367 ], [ 74.33238, 18.32992 ], [ 74.33093, 18.32952 ], [ 74.32329, 18.33072 ], [ 74.32245, 18.32723 ], [ 74.32304, 18.32073 ], [ 74.31959, 18.32163 ], [ 74.31773, 18.32092 ], [ 74.32091, 18.32895 ], [ 74.31718, 18.33025 ], [ 74.31373, 18.33307 ], [ 74.31435, 18.33554 ], [ 74.31724, 18.33537 ], [ 74.32164, 18.33986 ], [ 74.32113, 18.344 ], [ 74.32381, 18.3439 ], [ 74.33178, 18.35069 ], [ 74.33235, 18.35391 ], [ 74.331, 18.35606 ], [ 74.32311, 18.35447 ], [ 74.32311, 18.3639 ], [ 74.328, 18.36413 ], [ 74.35254, 18.37268 ], [ 74.35461, 18.37545 ], [ 74.3651, 18.38186 ], [ 74.36638, 18.3836 ], [ 74.36672, 18.38763 ], [ 74.36859, 18.3903 ], [ 74.36834, 18.38832 ], [ 74.38221, 18.38521 ] ] ] } },
{ "type": "Feature", "properties": { "newname": null }, "geometry": { "type": "Polygon", "coordinates": [ [ [ 74.83036, 19.66261 ], [ 74.83515, 19.6612 ], [ 74.83987, 19.65743 ], [ 74.84936, 19.64586 ], [ 74.85176, 19.64498 ], [ 74.85673, 19.64588 ], [ 74.86673, 19.65101 ], [ 74.87161, 19.65076 ], [ 74.88149, 19.65376 ], [ 74.88388, 19.65323 ], [ 74.8861, 19.64844 ], [ 74.88606, 19.64152 ], [ 74.88709, 19.63919 ], [ 74.88965, 19.63825 ], [ 74.89453, 19.63984 ], [ 74.90198, 19.64453 ], [ 74.90943, 19.64743 ], [ 74.92438, 19.64642 ], [ 74.92675, 19.64503 ], [ 74.92902, 19.63798 ], [ 74.93109, 19.63637 ], [ 74.93356, 19.63641 ], [ 74.93608, 19.6379 ], [ 74.9429, 19.64404 ], [ 74.95027, 19.64384 ], [ 74.96016, 19.64546 ], [ 74.96762, 19.64461 ], [ 74.97251, 19.64256 ], [ 74.98205, 19.63635 ], [ 74.99118, 19.62876 ], [ 74.99375, 19.62782 ], [ 74.99725, 19.62369 ], [ 75.00458, 19.62201 ], [ 75.01464, 19.62146 ], [ 75.01995, 19.62125 ], [ 75.03273, 19.62306 ], [ 75.04027, 19.62153 ], [ 75.04262, 19.61454 ], [ 75.04618, 19.6099 ], [ 75.04847, 19.60762 ], [ 75.05625, 19.60494 ], [ 75.06391, 19.60508 ], [ 75.06632, 19.60634 ], [ 75.08151, 19.61011 ], [ 75.08935, 19.61059 ], [ 75.09176, 19.60962 ], [ 75.10359, 19.59985 ], [ 75.10612, 19.59911 ], [ 75.10865, 19.59992 ], [ 75.11335, 19.60378 ], [ 75.11842, 19.6015 ], [ 75.12813, 19.59372 ], [ 75.1359, 19.59231 ], [ 75.13838, 19.59065 ], [ 75.14085, 19.59014 ], [ 75.15345, 19.59012 ], [ 75.1584, 19.59226 ], [ 75.16834, 19.59865 ], [ 75.17346, 19.59849 ], [ 75.18335, 19.59462 ], [ 75.18824, 19.59578 ], [ 75.19071, 19.59515 ], [ 75.1956, 19.59207 ], [ 75.20042, 19.58738 ], [ 75.20181, 19.58503 ], [ 75.20162, 19.58262 ], [ 75.2044, 19.57546 ], [ 75.20513, 19.56605 ], [ 75.20597, 19.56376 ], [ 75.20833, 19.56136 ], [ 75.21321, 19.55839 ], [ 75.21852, 19.55152 ], [ 75.21882, 19.54917 ], [ 75.21726, 19.54687 ], [ 75.2099, 19.54301 ], [ 75.20098, 19.53433 ], [ 75.19947, 19.53197 ], [ 75.19882, 19.5225 ], [ 75.19683, 19.51785 ], [ 75.192, 19.51515 ], [ 75.187, 19.51398 ], [ 75.16698, 19.51209 ], [ 75.16204, 19.51099 ], [ 75.15215, 19.50598 ], [ 75.14751, 19.50246 ], [ 75.14372, 19.49804 ], [ 75.13775, 19.47663 ], [ 75.13799, 19.46974 ], [ 75.14144, 19.46282 ], [ 75.14041, 19.45811 ], [ 75.13059, 19.44426 ], [ 75.12613, 19.44012 ], [ 75.12522, 19.43771 ], [ 75.12559, 19.43036 ], [ 75.12414, 19.42566 ], [ 75.12222, 19.42101 ], [ 75.1186, 19.41641 ], [ 75.11312, 19.40458 ], [ 75.11511, 19.39047 ], [ 75.11391, 19.38571 ], [ 75.10932, 19.37629 ], [ 75.11168, 19.36919 ], [ 75.11029, 19.36454 ], [ 75.10523, 19.36212 ], [ 75.0725, 19.356 ], [ 75.06755, 19.35415 ], [ 75.06568, 19.3518 ], [ 75.06448, 19.34463 ], [ 75.06255, 19.33986 ], [ 75.06056, 19.3375 ], [ 75.0555, 19.33583 ], [ 75.05309, 19.33422 ], [ 75.05026, 19.32928 ], [ 75.04978, 19.31935 ], [ 75.04725, 19.30724 ], [ 75.04387, 19.30029 ], [ 75.03899, 19.29592 ], [ 75.03622, 19.29534 ], [ 75.03115, 19.29722 ], [ 75.02397, 19.30334 ], [ 75.01662, 19.30744 ], [ 75.01421, 19.30801 ], [ 74.99476, 19.30745 ], [ 74.99103, 19.31206 ], [ 74.9886, 19.31351 ], [ 74.98615, 19.31254 ], [ 74.98422, 19.31052 ], [ 74.98189, 19.30332 ], [ 74.98059, 19.29609 ], [ 74.98116, 19.28881 ], [ 74.98367, 19.28401 ], [ 74.98503, 19.27924 ], [ 74.98876, 19.27457 ], [ 74.98875, 19.27226 ], [ 74.98697, 19.26742 ], [ 74.98222, 19.26392 ], [ 74.98134, 19.25685 ], [ 74.98211, 19.24229 ], [ 74.98672, 19.23276 ], [ 74.98707, 19.23038 ], [ 74.98642, 19.22077 ], [ 74.98448, 19.21875 ], [ 74.98194, 19.21824 ], [ 74.9795, 19.2197 ], [ 74.97807, 19.22211 ], [ 74.97609, 19.22683 ], [ 74.97588, 19.23157 ], [ 74.97219, 19.24136 ], [ 74.97025, 19.24344 ], [ 74.96488, 19.24169 ], [ 74.96247, 19.2417 ], [ 74.96053, 19.24366 ], [ 74.95941, 19.24842 ], [ 74.96023, 19.25555 ], [ 74.95972, 19.26272 ], [ 74.956, 19.26738 ], [ 74.94877, 19.27001 ], [ 74.94629, 19.26996 ], [ 74.94135, 19.2682 ], [ 74.93666, 19.26113 ], [ 74.93424, 19.26079 ], [ 74.93179, 19.26167 ], [ 74.92448, 19.26142 ], [ 74.91966, 19.2638 ], [ 74.90497, 19.2674 ], [ 74.90299, 19.26976 ], [ 74.90387, 19.27914 ], [ 74.90511, 19.28395 ], [ 74.90428, 19.28864 ], [ 74.90213, 19.28951 ], [ 74.89561, 19.28353 ], [ 74.89312, 19.28296 ], [ 74.88564, 19.28531 ], [ 74.88419, 19.28726 ], [ 74.88342, 19.29195 ], [ 74.8821, 19.29429 ], [ 74.87968, 19.29581 ], [ 74.86479, 19.29889 ], [ 74.86225, 19.29873 ], [ 74.85718, 19.29663 ], [ 74.85512, 19.29437 ], [ 74.85296, 19.28504 ], [ 74.85114, 19.28278 ], [ 74.84863, 19.28164 ], [ 74.84375, 19.28201 ], [ 74.83887, 19.28631 ], [ 74.82928, 19.29264 ], [ 74.82194, 19.29348 ], [ 74.81439, 19.29543 ], [ 74.80702, 19.29927 ], [ 74.80213, 19.2997 ], [ 74.78994, 19.3057 ], [ 74.78317, 19.31161 ], [ 74.77835, 19.32385 ], [ 74.7736, 19.3267 ], [ 74.77096, 19.33139 ], [ 74.77079, 19.3337 ], [ 74.77213, 19.33597 ], [ 74.7797, 19.34095 ], [ 74.78202, 19.34584 ], [ 74.78409, 19.34815 ], [ 74.78543, 19.35047 ], [ 74.78743, 19.35907 ], [ 74.78684, 19.36145 ], [ 74.78053, 19.36827 ], [ 74.77831, 19.37294 ], [ 74.77835, 19.38015 ], [ 74.78208, 19.39169 ], [ 74.78217, 19.3989 ], [ 74.78109, 19.40135 ], [ 74.77874, 19.40333 ], [ 74.77149, 19.40544 ], [ 74.76952, 19.43202 ], [ 74.76817, 19.43939 ], [ 74.76892, 19.44641 ], [ 74.77275, 19.45333 ], [ 74.77527, 19.45487 ], [ 74.78012, 19.45347 ], [ 74.78263, 19.45472 ], [ 74.78454, 19.46182 ], [ 74.78457, 19.46891 ], [ 74.78588, 19.4762 ], [ 74.78691, 19.47848 ], [ 74.79199, 19.47856 ], [ 74.79404, 19.48052 ], [ 74.79419, 19.48755 ], [ 74.799, 19.49082 ], [ 74.80016, 19.49315 ], [ 74.80239, 19.49505 ], [ 74.80734, 19.49502 ], [ 74.80972, 19.49415 ], [ 74.81207, 19.49183 ], [ 74.81454, 19.49159 ], [ 74.81574, 19.49328 ], [ 74.81094, 19.5004 ], [ 74.81071, 19.50271 ], [ 74.81491, 19.512 ], [ 74.81977, 19.51312 ], [ 74.82484, 19.5128 ], [ 74.82739, 19.51331 ], [ 74.82997, 19.51497 ], [ 74.83029, 19.51726 ], [ 74.82742, 19.52432 ], [ 74.82247, 19.52452 ], [ 74.8223, 19.52683 ], [ 74.82479, 19.53138 ], [ 74.83445, 19.53728 ], [ 74.83934, 19.53927 ], [ 74.84434, 19.53878 ], [ 74.85407, 19.53533 ], [ 74.85547, 19.5376 ], [ 74.84915, 19.56644 ], [ 74.84616, 19.57356 ], [ 74.84268, 19.57834 ], [ 74.84271, 19.58318 ], [ 74.83913, 19.59044 ], [ 74.8383, 19.59525 ], [ 74.83914, 19.60722 ], [ 74.83875, 19.61207 ], [ 74.83587, 19.61683 ], [ 74.83421, 19.62166 ], [ 74.81996, 19.64578 ], [ 74.81935, 19.65779 ], [ 74.82112, 19.66247 ], [ 74.82311, 19.66455 ], [ 74.828, 19.66453 ], [ 74.83036, 19.66261 ] ] ] } },
{ "type": "Feature", "properties": { "newname": null }, "geometry": { "type": "Polygon", "coordinates": [ [ [ 75.15024, 19.65071 ], [ 75.1543, 19.64553 ], [ 75.15417, 19.62592 ], [ 75.15743, 19.62333 ], [ 75.16099, 19.62181 ], [ 75.16228, 19.62386 ], [ 75.1647, 19.62413 ], [ 75.16859, 19.62313 ], [ 75.17065, 19.62371 ], [ 75.17018, 19.62626 ], [ 75.16769, 19.62738 ], [ 75.16585, 19.62953 ], [ 75.16785, 19.6315 ], [ 75.17136, 19.63082 ], [ 75.17204, 19.63129 ], [ 75.17124, 19.63332 ], [ 75.16763, 19.63623 ], [ 75.16718, 19.63849 ], [ 75.16853, 19.63916 ], [ 75.17168, 19.63879 ], [ 75.17767, 19.63008 ], [ 75.17982, 19.62872 ], [ 75.18565, 19.63052 ], [ 75.1871, 19.62952 ], [ 75.18752, 19.62781 ], [ 75.18654, 19.62655 ], [ 75.18169, 19.62601 ], [ 75.18036, 19.62451 ], [ 75.18775, 19.62281 ], [ 75.19247, 19.62613 ], [ 75.19425, 19.62537 ], [ 75.19131, 19.62129 ], [ 75.19312, 19.61969 ], [ 75.19627, 19.6196 ], [ 75.19991, 19.6236 ], [ 75.20061, 19.62351 ], [ 75.20068, 19.62185 ], [ 75.2032, 19.62017 ], [ 75.20617, 19.62369 ], [ 75.20929, 19.62415 ], [ 75.20943, 19.6211 ], [ 75.20674, 19.61893 ], [ 75.20822, 19.61709 ], [ 75.20792, 19.61602 ], [ 75.20489, 19.61389 ], [ 75.20635, 19.61234 ], [ 75.21463, 19.61413 ], [ 75.21598, 19.61508 ], [ 75.21607, 19.6206 ], [ 75.21815, 19.62063 ], [ 75.21926, 19.61939 ], [ 75.22066, 19.61923 ], [ 75.22132, 19.61998 ], [ 75.21945, 19.62269 ], [ 75.21893, 19.62634 ], [ 75.22058, 19.62836 ], [ 75.22272, 19.62728 ], [ 75.22459, 19.62457 ], [ 75.22704, 19.62428 ], [ 75.22874, 19.62519 ], [ 75.23035, 19.62804 ], [ 75.23238, 19.62946 ], [ 75.2338, 19.62915 ], [ 75.23425, 19.62717 ], [ 75.23638, 19.62568 ], [ 75.23643, 19.62457 ], [ 75.23307, 19.62192 ], [ 75.23181, 19.61902 ], [ 75.23297, 19.61668 ], [ 75.23646, 19.61654 ], [ 75.243, 19.62573 ], [ 75.24285, 19.62879 ], [ 75.24103, 19.63066 ], [ 75.24059, 19.63237 ], [ 75.24336, 19.63288 ], [ 75.24761, 19.63127 ], [ 75.24944, 19.6294 ], [ 75.24883, 19.62753 ], [ 75.24361, 19.62013 ], [ 75.23992, 19.61697 ], [ 75.24144, 19.6143 ], [ 75.24468, 19.61199 ], [ 75.24474, 19.61087 ], [ 75.24271, 19.60945 ], [ 75.23685, 19.60821 ], [ 75.23869, 19.60606 ], [ 75.24153, 19.60489 ], [ 75.24606, 19.60492 ], [ 75.24935, 19.60297 ], [ 75.24699, 19.59961 ], [ 75.24233, 19.59949 ], [ 75.23282, 19.5942 ], [ 75.23052, 19.58874 ], [ 75.23103, 19.587 ], [ 75.23405, 19.58597 ], [ 75.23454, 19.58456 ], [ 75.2318, 19.57949 ], [ 75.22847, 19.5782 ], [ 75.22943, 19.57573 ], [ 75.23286, 19.57499 ], [ 75.23449, 19.57648 ], [ 75.237, 19.5772 ], [ 75.23837, 19.57535 ], [ 75.24037, 19.57781 ], [ 75.24136, 19.58376 ], [ 75.24471, 19.58506 ], [ 75.24646, 19.58384 ], [ 75.24702, 19.58074 ], [ 75.24595, 19.57648 ], [ 75.24686, 19.57503 ], [ 75.24906, 19.57343 ], [ 75.25493, 19.5751 ], [ 75.25668, 19.57388 ], [ 75.25771, 19.57005 ], [ 75.26189, 19.57158 ], [ 75.26363, 19.57071 ], [ 75.26369, 19.56935 ], [ 75.26131, 19.56559 ], [ 75.26269, 19.5634 ], [ 75.264, 19.56257 ], [ 75.26673, 19.55888 ], [ 75.26682, 19.55685 ], [ 75.26348, 19.55556 ], [ 75.26351, 19.55488 ], [ 75.26726, 19.54737 ], [ 75.26949, 19.54509 ], [ 75.27516, 19.55082 ], [ 75.27898, 19.55105 ], [ 75.28073, 19.54983 ], [ 75.27967, 19.54483 ], [ 75.28582, 19.54081 ], [ 75.28594, 19.5381 ], [ 75.28304, 19.53676 ], [ 75.28271, 19.53444 ], [ 75.28404, 19.53327 ], [ 75.28876, 19.53238 ], [ 75.29138, 19.53072 ], [ 75.29453, 19.52699 ], [ 75.30648, 19.52558 ], [ 75.30763, 19.52814 ], [ 75.3075, 19.53086 ], [ 75.30482, 19.53386 ], [ 75.30197, 19.54026 ], [ 75.30577, 19.54083 ], [ 75.30659, 19.54141 ], [ 75.3065, 19.54344 ], [ 75.30817, 19.54392 ], [ 75.31138, 19.53882 ], [ 75.31448, 19.5361 ], [ 75.31745, 19.53609 ], [ 75.31825, 19.53701 ], [ 75.31995, 19.53714 ], [ 75.32487, 19.53185 ], [ 75.32867, 19.53208 ], [ 75.32845, 19.53682 ], [ 75.33248, 19.5414 ], [ 75.33189, 19.54518 ], [ 75.32742, 19.54975 ], [ 75.32439, 19.55111 ], [ 75.32338, 19.5546 ], [ 75.32552, 19.55435 ], [ 75.32991, 19.55114 ], [ 75.33217, 19.54818 ], [ 75.33388, 19.54798 ], [ 75.33375, 19.55069 ], [ 75.33582, 19.55179 ], [ 75.33825, 19.5496 ], [ 75.33898, 19.54772 ], [ 75.33878, 19.54302 ], [ 75.34062, 19.53977 ], [ 75.34276, 19.53952 ], [ 75.34295, 19.54455 ], [ 75.3442, 19.54508 ], [ 75.34866, 19.54052 ], [ 75.35035, 19.54066 ], [ 75.35115, 19.54157 ], [ 75.34976, 19.54409 ], [ 75.35008, 19.54641 ], [ 75.35601, 19.54673 ], [ 75.35664, 19.55137 ], [ 75.35787, 19.55224 ], [ 75.36001, 19.55199 ], [ 75.36138, 19.5498 ], [ 75.36398, 19.55792 ], [ 75.36595, 19.56106 ], [ 75.36806, 19.56149 ], [ 75.36983, 19.55993 ], [ 75.37032, 19.55853 ], [ 75.36821, 19.5581 ], [ 75.3679, 19.55578 ], [ 75.36858, 19.55031 ], [ 75.36551, 19.54326 ], [ 75.36815, 19.54126 ], [ 75.37197, 19.54115 ], [ 75.37634, 19.53862 ], [ 75.37729, 19.53648 ], [ 75.37327, 19.53156 ], [ 75.37667, 19.5315 ], [ 75.38129, 19.53264 ], [ 75.38229, 19.52916 ], [ 75.38879, 19.52637 ], [ 75.38549, 19.5244 ], [ 75.38821, 19.52071 ], [ 75.38847, 19.52127 ], [ 75.38871, 19.51851 ], [ 75.38914, 19.51892 ], [ 75.3876, 19.51539 ], [ 75.39072, 19.51326 ], [ 75.39033, 19.51171 ], [ 75.39129, 19.50923 ], [ 75.39619, 19.50428 ], [ 75.3963, 19.50191 ], [ 75.39431, 19.49911 ], [ 75.39576, 19.49523 ], [ 75.39665, 19.48837 ], [ 75.39579, 19.48571 ], [ 75.39183, 19.48396 ], [ 75.38548, 19.47709 ], [ 75.38267, 19.47168 ], [ 75.38057, 19.46596 ], [ 75.38004, 19.45046 ], [ 75.37808, 19.44472 ], [ 75.37688, 19.44354 ], [ 75.37209, 19.4451 ], [ 75.36777, 19.44505 ], [ 75.36313, 19.44615 ], [ 75.36138, 19.44492 ], [ 75.36161, 19.44301 ], [ 75.36704, 19.43984 ], [ 75.36714, 19.43773 ], [ 75.35982, 19.43969 ], [ 75.35802, 19.43935 ], [ 75.35635, 19.43645 ], [ 75.35551, 19.43655 ], [ 75.35378, 19.44095 ], [ 75.3511, 19.44171 ], [ 75.35001, 19.44128 ], [ 75.34934, 19.43761 ], [ 75.3444, 19.43918 ], [ 75.33818, 19.43836 ], [ 75.33717, 19.43904 ], [ 75.337, 19.44281 ], [ 75.32887, 19.4442 ], [ 75.32835, 19.44614 ], [ 75.32989, 19.44905 ], [ 75.33249, 19.44996 ], [ 75.33611, 19.45296 ], [ 75.33574, 19.45488 ], [ 75.33413, 19.45662 ], [ 75.34228, 19.46085 ], [ 75.34762, 19.46563 ], [ 75.34486, 19.46816 ], [ 75.3372, 19.4684 ], [ 75.33197, 19.46714 ], [ 75.32983, 19.46827 ], [ 75.3303, 19.4702 ], [ 75.3345, 19.47258 ], [ 75.33408, 19.4755 ], [ 75.33671, 19.47895 ], [ 75.3462, 19.48424 ], [ 75.34499, 19.48615 ], [ 75.34346, 19.48632 ], [ 75.34103, 19.49058 ], [ 75.33829, 19.4898 ], [ 75.33703, 19.48697 ], [ 75.33433, 19.48519 ], [ 75.33391, 19.48226 ], [ 75.32956, 19.48012 ], [ 75.32873, 19.47701 ], [ 75.32736, 19.47651 ], [ 75.32191, 19.47715 ], [ 75.32018, 19.47548 ], [ 75.31435, 19.47803 ], [ 75.31083, 19.47613 ], [ 75.3086, 19.47606 ], [ 75.30619, 19.47712 ], [ 75.30339, 19.48042 ], [ 75.30223, 19.48443 ], [ 75.3005, 19.48584 ], [ 75.29869, 19.48572 ], [ 75.2973, 19.48269 ], [ 75.29459, 19.48124 ], [ 75.28802, 19.48477 ], [ 75.28693, 19.48434 ], [ 75.28793, 19.48103 ], [ 75.2859, 19.47972 ], [ 75.28568, 19.47842 ], [ 75.29124, 19.47556 ], [ 75.29231, 19.47344 ], [ 75.28922, 19.47127 ], [ 75.28353, 19.47381 ], [ 75.28062, 19.4736 ], [ 75.28008, 19.47024 ], [ 75.27563, 19.4701 ], [ 75.27318, 19.46918 ], [ 75.27225, 19.46796 ], [ 75.271, 19.46811 ], [ 75.2684, 19.47018 ], [ 75.26819, 19.47771 ], [ 75.2668, 19.48063 ], [ 75.26309, 19.4825 ], [ 75.25809, 19.47956 ], [ 75.25251, 19.47977 ], [ 75.25325, 19.47593 ], [ 75.24995, 19.4751 ], [ 75.2522, 19.47141 ], [ 75.25191, 19.46891 ], [ 75.25023, 19.46911 ], [ 75.24751, 19.47086 ], [ 75.2481, 19.45511 ], [ 75.24731, 19.4541 ], [ 75.24534, 19.45466 ], [ 75.24055, 19.45876 ], [ 75.2379, 19.45896 ], [ 75.23577, 19.457 ], [ 75.23032, 19.45753 ], [ 75.23101, 19.45458 ], [ 75.22559, 19.45146 ], [ 75.22479, 19.44471 ], [ 75.21924, 19.44448 ], [ 75.22076, 19.44761 ], [ 75.22044, 19.44875 ], [ 75.21847, 19.44921 ], [ 75.21579, 19.44687 ], [ 75.21417, 19.44286 ], [ 75.21195, 19.44268 ], [ 75.21046, 19.44496 ], [ 75.21045, 19.44816 ], [ 75.22049, 19.4535 ], [ 75.22594, 19.45882 ], [ 75.2393, 19.46774 ], [ 75.23936, 19.4695 ], [ 75.23792, 19.47044 ], [ 75.23475, 19.46993 ], [ 75.22208, 19.46126 ], [ 75.21958, 19.45802 ], [ 75.21755, 19.45682 ], [ 75.21698, 19.4602 ], [ 75.21512, 19.4613 ], [ 75.2131, 19.45977 ], [ 75.21317, 19.45535 ], [ 75.21197, 19.45427 ], [ 75.20931, 19.45458 ], [ 75.20869, 19.45587 ], [ 75.20901, 19.46091 ], [ 75.21037, 19.46473 ], [ 75.21684, 19.46927 ], [ 75.22281, 19.47541 ], [ 75.22577, 19.48048 ], [ 75.22653, 19.48503 ], [ 75.23735, 19.48872 ], [ 75.24004, 19.49084 ], [ 75.23996, 19.49239 ], [ 75.23574, 19.49344 ], [ 75.21741, 19.48378 ], [ 75.21381, 19.48343 ], [ 75.21389, 19.48772 ], [ 75.21954, 19.4949 ], [ 75.21907, 19.49595 ], [ 75.21564, 19.49801 ], [ 75.21611, 19.49983 ], [ 75.22181, 19.49982 ], [ 75.22494, 19.50144 ], [ 75.2244, 19.50382 ], [ 75.21983, 19.50646 ], [ 75.22087, 19.5081 ], [ 75.2254, 19.50934 ], [ 75.22502, 19.51148 ], [ 75.2224, 19.5141 ], [ 75.22219, 19.51556 ], [ 75.22957, 19.51547 ], [ 75.23199, 19.51431 ], [ 75.23618, 19.51381 ], [ 75.23852, 19.51442 ], [ 75.245, 19.51267 ], [ 75.24675, 19.5139 ], [ 75.24671, 19.51479 ], [ 75.24483, 19.51633 ], [ 75.23618, 19.51679 ], [ 75.23587, 19.51749 ], [ 75.23603, 19.52006 ], [ 75.24036, 19.52569 ], [ 75.23998, 19.52783 ], [ 75.23801, 19.52828 ], [ 75.23461, 19.52658 ], [ 75.23292, 19.52723 ], [ 75.23009, 19.53098 ], [ 75.22451, 19.53439 ], [ 75.22073, 19.53793 ], [ 75.21649, 19.53644 ], [ 75.21431, 19.53846 ], [ 75.21194, 19.53852 ], [ 75.21063, 19.53668 ], [ 75.20843, 19.53628 ], [ 75.20656, 19.53462 ], [ 75.20363, 19.53474 ], [ 75.2016, 19.53664 ], [ 75.20113, 19.53769 ], [ 75.20176, 19.53916 ], [ 75.20425, 19.53942 ], [ 75.20447, 19.54072 ], [ 75.20153, 19.54404 ], [ 75.20585, 19.54387 ], [ 75.20637, 19.54469 ], [ 75.20206, 19.54763 ], [ 75.20271, 19.54865 ], [ 75.2091, 19.54879 ], [ 75.21454, 19.5455 ], [ 75.21649, 19.54527 ], [ 75.21729, 19.54628 ], [ 75.21491, 19.54932 ], [ 75.21614, 19.54995 ], [ 75.21942, 19.54813 ], [ 75.2212, 19.54582 ], [ 75.22405, 19.54427 ], [ 75.22627, 19.54434 ], [ 75.22649, 19.54575 ], [ 75.22507, 19.54647 ], [ 75.22311, 19.54968 ], [ 75.2244, 19.55185 ], [ 75.22253, 19.55318 ], [ 75.22376, 19.55656 ], [ 75.22245, 19.55782 ], [ 75.22038, 19.55762 ], [ 75.21822, 19.55291 ], [ 75.217, 19.5525 ], [ 75.21139, 19.55338 ], [ 75.21024, 19.55704 ], [ 75.20744, 19.55759 ], [ 75.20638, 19.55651 ], [ 75.20557, 19.55285 ], [ 75.20328, 19.55124 ], [ 75.20144, 19.552 ], [ 75.20101, 19.55515 ], [ 75.20001, 19.5557 ], [ 75.19875, 19.55596 ], [ 75.19384, 19.55389 ], [ 75.18586, 19.55494 ], [ 75.18582, 19.55582 ], [ 75.19129, 19.55772 ], [ 75.19136, 19.55926 ], [ 75.18717, 19.55964 ], [ 75.18892, 19.56087 ], [ 75.18861, 19.56168 ], [ 75.18663, 19.56235 ], [ 75.17795, 19.56061 ], [ 75.17416, 19.56117 ], [ 75.17307, 19.56063 ], [ 75.17104, 19.55645 ], [ 75.16733, 19.55865 ], [ 75.16537, 19.5559 ], [ 75.1631, 19.55672 ], [ 75.16175, 19.55898 ], [ 75.1622, 19.56125 ], [ 75.17088, 19.56288 ], [ 75.18172, 19.569 ], [ 75.19252, 19.56718 ], [ 75.19402, 19.568 ], [ 75.1941, 19.56921 ], [ 75.19294, 19.57011 ], [ 75.1882, 19.57034 ], [ 75.18616, 19.57223 ], [ 75.18255, 19.57233 ], [ 75.18191, 19.57417 ], [ 75.18886, 19.57424 ], [ 75.18796, 19.57567 ], [ 75.18312, 19.578 ], [ 75.18459, 19.57926 ], [ 75.18817, 19.58006 ], [ 75.18872, 19.58265 ], [ 75.19379, 19.58183 ], [ 75.19251, 19.58529 ], [ 75.19492, 19.58733 ], [ 75.1969, 19.58665 ], [ 75.19739, 19.58516 ], [ 75.1972, 19.58032 ], [ 75.19859, 19.58016 ], [ 75.20182, 19.58265 ], [ 75.20261, 19.58367 ], [ 75.20091, 19.58718 ], [ 75.20076, 19.5904 ], [ 75.20142, 19.5912 ], [ 75.20045, 19.59419 ], [ 75.19782, 19.59383 ], [ 75.19662, 19.59265 ], [ 75.19468, 19.59266 ], [ 75.19238, 19.59403 ], [ 75.1834, 19.59574 ], [ 75.18121, 19.59512 ], [ 75.18076, 19.59285 ], [ 75.17969, 19.59187 ], [ 75.17802, 19.59185 ], [ 75.17653, 19.59401 ], [ 75.17855, 19.59543 ], [ 75.17834, 19.59678 ], [ 75.17735, 19.59734 ], [ 75.17446, 19.59668 ], [ 75.17116, 19.59884 ], [ 75.17027, 19.59706 ], [ 75.16705, 19.59744 ], [ 75.16724, 19.59632 ], [ 75.17028, 19.59386 ], [ 75.16992, 19.59247 ], [ 75.16758, 19.59197 ], [ 75.16316, 19.59436 ], [ 75.16162, 19.59455 ], [ 75.15919, 19.59295 ], [ 75.15629, 19.59252 ], [ 75.15115, 19.59544 ], [ 75.14193, 19.59619 ], [ 75.14104, 19.59453 ], [ 75.13639, 19.59563 ], [ 75.13487, 19.59536 ], [ 75.13355, 19.59386 ], [ 75.13228, 19.59434 ], [ 75.13091, 19.59693 ], [ 75.12716, 19.59682 ], [ 75.12223, 19.59806 ], [ 75.1229, 19.59567 ], [ 75.12199, 19.59422 ], [ 75.1189, 19.59481 ], [ 75.11788, 19.59879 ], [ 75.11222, 19.60387 ], [ 75.115, 19.6041 ], [ 75.12356, 19.60243 ], [ 75.12681, 19.60426 ], [ 75.12654, 19.60705 ], [ 75.12465, 19.60882 ], [ 75.12312, 19.609 ], [ 75.12181, 19.61302 ], [ 75.12005, 19.61499 ], [ 75.11736, 19.61597 ], [ 75.11292, 19.61594 ], [ 75.11064, 19.61388 ], [ 75.10814, 19.61385 ], [ 75.10477, 19.61446 ], [ 75.10287, 19.61645 ], [ 75.09954, 19.61629 ], [ 75.09914, 19.61888 ], [ 75.09756, 19.61995 ], [ 75.09277, 19.61841 ], [ 75.0903, 19.62057 ], [ 75.09132, 19.62278 ], [ 75.09686, 19.62312 ], [ 75.09538, 19.62506 ], [ 75.09269, 19.62604 ], [ 75.08949, 19.62597 ], [ 75.08488, 19.62353 ], [ 75.07594, 19.62425 ], [ 75.06992, 19.6191 ], [ 75.06712, 19.61954 ], [ 75.0653, 19.62285 ], [ 75.06304, 19.62344 ], [ 75.06154, 19.62583 ], [ 75.06013, 19.62621 ], [ 75.0589, 19.62592 ], [ 75.0576, 19.62386 ], [ 75.05494, 19.62417 ], [ 75.04787, 19.62081 ], [ 75.04504, 19.6218 ], [ 75.04429, 19.62288 ], [ 75.0452, 19.62432 ], [ 75.0523, 19.62724 ], [ 75.05179, 19.62918 ], [ 75.04951, 19.63022 ], [ 75.04549, 19.62992 ], [ 75.04468, 19.63255 ], [ 75.04284, 19.6331 ], [ 75.034, 19.62895 ], [ 75.03242, 19.62979 ], [ 75.03207, 19.63138 ], [ 75.0331, 19.63314 ], [ 75.03685, 19.63336 ], [ 75.03669, 19.6368 ], [ 75.03909, 19.63608 ], [ 75.04055, 19.63447 ], [ 75.04321, 19.63416 ], [ 75.04372, 19.63509 ], [ 75.04123, 19.63781 ], [ 75.04171, 19.63952 ], [ 75.0428, 19.63995 ], [ 75.04325, 19.64232 ], [ 75.03622, 19.64392 ], [ 75.02969, 19.64369 ], [ 75.02295, 19.64515 ], [ 75.02172, 19.64463 ], [ 75.02033, 19.64159 ], [ 75.0173, 19.63797 ], [ 75.01281, 19.63585 ], [ 75.00809, 19.63552 ], [ 75.00735, 19.63649 ], [ 75.00815, 19.63739 ], [ 75.01486, 19.63947 ], [ 75.0159, 19.64123 ], [ 75.01563, 19.64402 ], [ 75.0183, 19.64624 ], [ 75.01785, 19.64696 ], [ 75.01311, 19.64741 ], [ 75.00362, 19.65084 ], [ 75.00381, 19.6528 ], [ 75.00558, 19.6533 ], [ 75.01021, 19.6511 ], [ 75.01549, 19.64993 ], [ 75.02034, 19.65047 ], [ 75.03197, 19.64744 ], [ 75.03574, 19.64894 ], [ 75.03668, 19.65104 ], [ 75.04084, 19.65138 ], [ 75.04311, 19.64752 ], [ 75.04558, 19.64695 ], [ 75.04784, 19.64337 ], [ 75.05214, 19.64065 ], [ 75.04639, 19.6369 ], [ 75.04787, 19.63507 ], [ 75.05029, 19.63562 ], [ 75.05345, 19.63497 ], [ 75.05357, 19.63247 ], [ 75.05498, 19.63203 ], [ 75.05701, 19.63317 ], [ 75.05799, 19.63471 ], [ 75.05957, 19.63066 ], [ 75.06246, 19.62839 ], [ 75.06564, 19.62746 ], [ 75.06834, 19.62935 ], [ 75.06954, 19.63336 ], [ 75.07169, 19.63228 ], [ 75.07141, 19.63065 ], [ 75.07468, 19.62778 ], [ 75.07561, 19.63016 ], [ 75.07699, 19.63055 ], [ 75.07838, 19.63066 ], [ 75.08054, 19.62903 ], [ 75.08156, 19.62974 ], [ 75.08312, 19.63342 ], [ 75.08269, 19.63541 ], [ 75.07797, 19.63928 ], [ 75.07893, 19.6411 ], [ 75.07912, 19.64468 ], [ 75.07764, 19.64651 ], [ 75.07747, 19.65012 ], [ 75.08028, 19.64952 ], [ 75.08212, 19.64764 ], [ 75.08366, 19.64442 ], [ 75.08382, 19.64108 ], [ 75.08527, 19.63981 ], [ 75.08807, 19.63948 ], [ 75.08875, 19.63995 ], [ 75.08706, 19.64623 ], [ 75.08675, 19.6529 ], [ 75.08878, 19.65405 ], [ 75.09087, 19.65408 ], [ 75.09212, 19.64951 ], [ 75.09181, 19.64125 ], [ 75.09874, 19.6421 ], [ 75.09687, 19.63734 ], [ 75.09589, 19.63607 ], [ 75.09349, 19.63525 ], [ 75.09429, 19.63294 ], [ 75.1003, 19.63113 ], [ 75.10043, 19.62836 ], [ 75.102, 19.62458 ], [ 75.10481, 19.62397 ], [ 75.10497, 19.62698 ], [ 75.1078, 19.62694 ], [ 75.10882, 19.62765 ], [ 75.10893, 19.63261 ], [ 75.11106, 19.63298 ], [ 75.11288, 19.63021 ], [ 75.11204, 19.62589 ], [ 75.11246, 19.62418 ], [ 75.11423, 19.6237 ], [ 75.11556, 19.62492 ], [ 75.11662, 19.62452 ], [ 75.1171, 19.62198 ], [ 75.11888, 19.62094 ], [ 75.12086, 19.62347 ], [ 75.12324, 19.62457 ], [ 75.12201, 19.62859 ], [ 75.12337, 19.62926 ], [ 75.12621, 19.6281 ], [ 75.12538, 19.62349 ], [ 75.12964, 19.62189 ], [ 75.13015, 19.61823 ], [ 75.13281, 19.6135 ], [ 75.13874, 19.61191 ], [ 75.1387, 19.61419 ], [ 75.14005, 19.61514 ], [ 75.14, 19.61625 ], [ 75.14135, 19.6172 ], [ 75.14275, 19.61703 ], [ 75.15721, 19.60566 ], [ 75.16056, 19.60575 ], [ 75.15916, 19.60875 ], [ 75.16085, 19.60966 ], [ 75.16261, 19.60945 ], [ 75.16372, 19.60794 ], [ 75.16621, 19.60682 ], [ 75.16792, 19.60744 ], [ 75.16742, 19.61082 ], [ 75.16598, 19.61182 ], [ 75.16315, 19.61271 ], [ 75.15447, 19.61206 ], [ 75.1501, 19.61617 ], [ 75.14616, 19.61857 ], [ 75.1443, 19.621 ], [ 75.14967, 19.62534 ], [ 75.14871, 19.63098 ], [ 75.15132, 19.63482 ], [ 75.15118, 19.64535 ], [ 75.14661, 19.64616 ], [ 75.13937, 19.6448 ], [ 75.13786, 19.64718 ], [ 75.13314, 19.65133 ], [ 75.13483, 19.65252 ], [ 75.13692, 19.65255 ], [ 75.13908, 19.65091 ], [ 75.14059, 19.64825 ], [ 75.14339, 19.6482 ], [ 75.14365, 19.6501 ], [ 75.1403, 19.65464 ], [ 75.13977, 19.65857 ], [ 75.14148, 19.6592 ], [ 75.14289, 19.65876 ], [ 75.14349, 19.6609 ], [ 75.14554, 19.66176 ], [ 75.14816, 19.66219 ], [ 75.15024, 19.65071 ] ] ] } },
{ "type": "Feature", "properties": { "newname": null }, "geometry": { "type": "Polygon", "coordinates": [ [ [ 75.60795, 18.94732 ], [ 75.61014, 18.94617 ], [ 75.60863, 18.9439 ], [ 75.61047, 18.93912 ], [ 75.60586, 18.93763 ], [ 75.60334, 18.93596 ], [ 75.59453, 18.92449 ], [ 75.5923, 18.92235 ], [ 75.59016, 18.92154 ], [ 75.58962, 18.91925 ], [ 75.58707, 18.91845 ], [ 75.58646, 18.91599 ], [ 75.58408, 18.9149 ], [ 75.58147, 18.91635 ], [ 75.57644, 18.91291 ], [ 75.57456, 18.91053 ], [ 75.57663, 18.90921 ], [ 75.5816, 18.90821 ], [ 75.58273, 18.90588 ], [ 75.58234, 18.89631 ], [ 75.58441, 18.89539 ], [ 75.58693, 18.89706 ], [ 75.58711, 18.89936 ], [ 75.58569, 18.90413 ], [ 75.5869, 18.9064 ], [ 75.59178, 18.91072 ], [ 75.59505, 18.91541 ], [ 75.5968, 18.92004 ], [ 75.59645, 18.92236 ], [ 75.59882, 18.92322 ], [ 75.60105, 18.9212 ], [ 75.60345, 18.92125 ], [ 75.60497, 18.92352 ], [ 75.61246, 18.92892 ], [ 75.61495, 18.92966 ], [ 75.61938, 18.92481 ], [ 75.62034, 18.92242 ], [ 75.62003, 18.92001 ], [ 75.61763, 18.91822 ], [ 75.61283, 18.92077 ], [ 75.61086, 18.91909 ], [ 75.6118, 18.91446 ], [ 75.60966, 18.91324 ], [ 75.60455, 18.91522 ], [ 75.60197, 18.91339 ], [ 75.60208, 18.91108 ], [ 75.60406, 18.90918 ], [ 75.60914, 18.90968 ], [ 75.6111, 18.90876 ], [ 75.61121, 18.90645 ], [ 75.61024, 18.90411 ], [ 75.60538, 18.90043 ], [ 75.60719, 18.89843 ], [ 75.60682, 18.89607 ], [ 75.60445, 18.8914 ], [ 75.60258, 18.88914 ], [ 75.59729, 18.88715 ], [ 75.59512, 18.88502 ], [ 75.59713, 18.88358 ], [ 75.5985, 18.88129 ], [ 75.59884, 18.87627 ], [ 75.60053, 18.87461 ], [ 75.60309, 18.87546 ], [ 75.60567, 18.8796 ], [ 75.60803, 18.87793 ], [ 75.61194, 18.87771 ], [ 75.61327, 18.87589 ], [ 75.61187, 18.87131 ], [ 75.60801, 18.8668 ], [ 75.60413, 18.85975 ], [ 75.60125, 18.85988 ], [ 75.60176, 18.86696 ], [ 75.59991, 18.86949 ], [ 75.59287, 18.87602 ], [ 75.58068, 18.88286 ], [ 75.57822, 18.8831 ], [ 75.57294, 18.88174 ], [ 75.56805, 18.87915 ], [ 75.56499, 18.87497 ], [ 75.56253, 18.87526 ], [ 75.56155, 18.86831 ], [ 75.55969, 18.86686 ], [ 75.55759, 18.86899 ], [ 75.55301, 18.86657 ], [ 75.55241, 18.8689 ], [ 75.55437, 18.87819 ], [ 75.55198, 18.87871 ], [ 75.55041, 18.87656 ], [ 75.55058, 18.87425 ], [ 75.54601, 18.87212 ], [ 75.54564, 18.86982 ], [ 75.54374, 18.8686 ], [ 75.53914, 18.86971 ], [ 75.53831, 18.87204 ], [ 75.5362, 18.86996 ], [ 75.53379, 18.86996 ], [ 75.53338, 18.87228 ], [ 75.53156, 18.87371 ], [ 75.5291, 18.87395 ], [ 75.53389, 18.88357 ], [ 75.53602, 18.88444 ], [ 75.5384, 18.88351 ], [ 75.54026, 18.88542 ], [ 75.54055, 18.89136 ], [ 75.54369, 18.89405 ], [ 75.54631, 18.89069 ], [ 75.55116, 18.88987 ], [ 75.5521, 18.88511 ], [ 75.55447, 18.88395 ], [ 75.55662, 18.87905 ], [ 75.56174, 18.87949 ], [ 75.56331, 18.88141 ], [ 75.56205, 18.88556 ], [ 75.56582, 18.88717 ], [ 75.56667, 18.88951 ], [ 75.56902, 18.88755 ], [ 75.57127, 18.88836 ], [ 75.57153, 18.89319 ], [ 75.57394, 18.89325 ], [ 75.57592, 18.89516 ], [ 75.57671, 18.8975 ], [ 75.57594, 18.89983 ], [ 75.57093, 18.89736 ], [ 75.56836, 18.89795 ], [ 75.56677, 18.90318 ], [ 75.56707, 18.90525 ], [ 75.56561, 18.9069 ], [ 75.56815, 18.91145 ], [ 75.56872, 18.91836 ], [ 75.57085, 18.91923 ], [ 75.57571, 18.91904 ], [ 75.57805, 18.92065 ], [ 75.581, 18.92501 ], [ 75.5835, 18.9238 ], [ 75.58592, 18.9246 ], [ 75.59592, 18.93085 ], [ 75.59695, 18.93313 ], [ 75.59617, 18.93546 ], [ 75.59376, 18.93737 ], [ 75.59118, 18.93761 ], [ 75.58875, 18.93669 ], [ 75.5849, 18.9327 ], [ 75.58005, 18.93346 ], [ 75.57516, 18.9329 ], [ 75.56499, 18.92878 ], [ 75.55738, 18.928 ], [ 75.55227, 18.926 ], [ 75.54987, 18.92636 ], [ 75.54505, 18.93017 ], [ 75.53748, 18.93026 ], [ 75.53502, 18.92865 ], [ 75.53555, 18.92402 ], [ 75.53308, 18.92207 ], [ 75.52553, 18.92082 ], [ 75.51781, 18.91575 ], [ 75.52279, 18.91582 ], [ 75.53527, 18.91878 ], [ 75.53976, 18.92195 ], [ 75.54721, 18.9195 ], [ 75.54964, 18.9203 ], [ 75.55461, 18.92386 ], [ 75.55737, 18.92327 ], [ 75.55682, 18.92092 ], [ 75.55199, 18.91834 ], [ 75.54189, 18.91687 ], [ 75.5396, 18.91457 ], [ 75.53717, 18.91365 ], [ 75.53482, 18.91556 ], [ 75.53186, 18.90699 ], [ 75.5286, 18.90436 ], [ 75.52635, 18.90586 ], [ 75.52716, 18.91299 ], [ 75.52512, 18.91334 ], [ 75.5207, 18.90394 ], [ 75.51833, 18.90285 ], [ 75.51683, 18.90519 ], [ 75.51707, 18.90755 ], [ 75.51511, 18.90818 ], [ 75.51015, 18.90139 ], [ 75.50525, 18.90215 ], [ 75.50362, 18.90398 ], [ 75.5064, 18.90864 ], [ 75.50159, 18.90905 ], [ 75.49684, 18.9112 ], [ 75.48289, 18.92379 ], [ 75.47807, 18.92536 ], [ 75.47587, 18.92438 ], [ 75.47868, 18.91946 ], [ 75.48022, 18.91464 ], [ 75.48022, 18.90027 ], [ 75.48489, 18.89311 ], [ 75.48655, 18.88828 ], [ 75.48576, 18.88594 ], [ 75.47829, 18.88769 ], [ 75.47549, 18.88459 ], [ 75.47289, 18.88414 ], [ 75.47451, 18.88179 ], [ 75.47438, 18.87943 ], [ 75.47198, 18.87753 ], [ 75.46693, 18.87784 ], [ 75.46548, 18.87984 ], [ 75.46436, 18.88448 ], [ 75.46194, 18.88593 ], [ 75.45433, 18.88521 ], [ 75.44934, 18.88338 ], [ 75.44697, 18.88437 ], [ 75.44324, 18.88043 ], [ 75.44086, 18.88153 ], [ 75.43909, 18.88861 ], [ 75.43757, 18.89015 ], [ 75.43257, 18.89022 ], [ 75.43162, 18.89238 ], [ 75.43217, 18.89929 ], [ 75.42976, 18.89872 ], [ 75.42684, 18.90197 ], [ 75.42435, 18.90111 ], [ 75.42109, 18.89664 ], [ 75.41914, 18.89779 ], [ 75.41681, 18.90252 ], [ 75.41779, 18.90717 ], [ 75.4157, 18.90803 ], [ 75.41243, 18.9114 ], [ 75.41245, 18.91377 ], [ 75.42561, 18.91977 ], [ 75.42604, 18.92206 ], [ 75.42538, 18.92439 ], [ 75.43463, 18.92784 ], [ 75.43564, 18.92302 ], [ 75.43042, 18.9216 ], [ 75.42915, 18.91933 ], [ 75.43317, 18.91674 ], [ 75.43382, 18.91424 ], [ 75.43233, 18.91267 ], [ 75.42986, 18.91273 ], [ 75.4276, 18.91181 ], [ 75.42645, 18.90948 ], [ 75.42748, 18.90714 ], [ 75.42938, 18.90882 ], [ 75.43185, 18.90859 ], [ 75.43401, 18.90622 ], [ 75.43765, 18.8992 ], [ 75.43988, 18.8973 ], [ 75.44102, 18.89929 ], [ 75.43834, 18.90645 ], [ 75.43968, 18.91115 ], [ 75.44147, 18.91283 ], [ 75.44453, 18.90831 ], [ 75.4486, 18.91149 ], [ 75.4506, 18.91617 ], [ 75.45303, 18.91708 ], [ 75.45374, 18.91458 ], [ 75.45343, 18.91211 ], [ 75.45172, 18.90731 ], [ 75.45534, 18.90335 ], [ 75.45044, 18.90244 ], [ 75.44887, 18.90006 ], [ 75.44946, 18.89774 ], [ 75.45401, 18.89289 ], [ 75.45879, 18.88971 ], [ 75.47124, 18.88926 ], [ 75.47379, 18.88995 ], [ 75.47607, 18.89185 ], [ 75.47638, 18.89657 ], [ 75.47387, 18.90119 ], [ 75.47406, 18.90355 ], [ 75.47654, 18.90816 ], [ 75.47691, 18.91057 ], [ 75.4759, 18.9129 ], [ 75.47347, 18.91424 ], [ 75.47318, 18.91655 ], [ 75.47469, 18.92113 ], [ 75.4738, 18.92352 ], [ 75.46714, 18.92805 ], [ 75.46709, 18.93067 ], [ 75.46959, 18.93187 ], [ 75.46984, 18.93648 ], [ 75.47467, 18.9348 ], [ 75.48302, 18.92818 ], [ 75.4848, 18.92945 ], [ 75.4756, 18.93789 ], [ 75.47472, 18.94079 ], [ 75.47738, 18.94534 ], [ 75.48002, 18.94498 ], [ 75.48013, 18.94031 ], [ 75.49218, 18.92666 ], [ 75.49264, 18.92181 ], [ 75.49409, 18.91981 ], [ 75.49648, 18.91917 ], [ 75.50031, 18.91434 ], [ 75.50273, 18.913 ], [ 75.50837, 18.91435 ], [ 75.50781, 18.91795 ], [ 75.51521, 18.92208 ], [ 75.51678, 18.92434 ], [ 75.51923, 18.92583 ], [ 75.52171, 18.92606 ], [ 75.52315, 18.92793 ], [ 75.52125, 18.93311 ], [ 75.52431, 18.9328 ], [ 75.52788, 18.93126 ], [ 75.53046, 18.93131 ], [ 75.53312, 18.93153 ], [ 75.53521, 18.93314 ], [ 75.53763, 18.93354 ], [ 75.54521, 18.93351 ], [ 75.54771, 18.93495 ], [ 75.55072, 18.93072 ], [ 75.56332, 18.93546 ], [ 75.56692, 18.9394 ], [ 75.57469, 18.93752 ], [ 75.57976, 18.93803 ], [ 75.58226, 18.93923 ], [ 75.58311, 18.94151 ], [ 75.58514, 18.94319 ], [ 75.59037, 18.94513 ], [ 75.60034, 18.94873 ], [ 75.60306, 18.94901 ], [ 75.60548, 18.9475 ], [ 75.60795, 18.94732 ] ] ] } },
{ "type": "Feature", "properties": { "newname": null }, "geometry": { "type": "Polygon", "coordinates": [ [ [ 75.00817, 18.59548 ], [ 75.00966, 18.59185 ], [ 74.99558, 18.5862 ], [ 74.99122, 18.58363 ], [ 74.98788, 18.57351 ], [ 74.98424, 18.56639 ], [ 74.98233, 18.57091 ], [ 74.97965, 18.57082 ], [ 74.98387, 18.58322 ], [ 74.97838, 18.58757 ], [ 74.97874, 18.58195 ], [ 74.97224, 18.58215 ], [ 74.97263, 18.58618 ], [ 74.97461, 18.58621 ], [ 74.97462, 18.59378 ], [ 74.97981, 18.59402 ], [ 74.98576, 18.59268 ], [ 74.98522, 18.58961 ], [ 74.98833, 18.58887 ], [ 74.99071, 18.58971 ], [ 74.98961, 18.5932 ], [ 74.98585, 18.59302 ], [ 74.98659, 18.59715 ], [ 74.99083, 18.59739 ], [ 74.99339, 18.59246 ], [ 74.99606, 18.59367 ], [ 74.9963, 18.59794 ], [ 75.00175, 18.59951 ], [ 75.00817, 18.59548 ] ] ] } },
{ "type": "Feature", "properties": { "newname": null }, "geometry": { "type": "Polygon", "coordinates": [ [ [ 74.70553, 18.89357 ], [ 74.70813, 18.89262 ], [ 74.71536, 18.88713 ], [ 74.72037, 18.8865 ], [ 74.72517, 18.88333 ], [ 74.73541, 18.88166 ], [ 74.73773, 18.87956 ], [ 74.73711, 18.87214 ], [ 74.73432, 18.86249 ], [ 74.73205, 18.85761 ], [ 74.72798, 18.85273 ], [ 74.72032, 18.84728 ], [ 74.70842, 18.83592 ], [ 74.70293, 18.82428 ], [ 74.70264, 18.8195 ], [ 74.70772, 18.80722 ], [ 74.70897, 18.79512 ], [ 74.71002, 18.79278 ], [ 74.71243, 18.79143 ], [ 74.71748, 18.79022 ], [ 74.7271, 18.78453 ], [ 74.73183, 18.78287 ], [ 74.7343, 18.78337 ], [ 74.74177, 18.78802 ], [ 74.746, 18.7926 ], [ 74.75031, 18.79938 ], [ 74.76071, 18.81102 ], [ 74.77318, 18.82195 ], [ 74.78333, 18.82801 ], [ 74.78884, 18.83498 ], [ 74.80101, 18.84575 ], [ 74.81113, 18.85251 ], [ 74.82129, 18.85556 ], [ 74.83895, 18.85912 ], [ 74.84634, 18.85973 ], [ 74.8514, 18.85916 ], [ 74.85414, 18.85843 ], [ 74.85906, 18.85532 ], [ 74.87045, 18.84386 ], [ 74.87286, 18.84257 ], [ 74.87815, 18.84141 ], [ 74.88555, 18.8426 ], [ 74.89557, 18.84687 ], [ 74.90618, 18.84732 ], [ 74.9162, 18.84963 ], [ 74.92161, 18.84841 ], [ 74.92412, 18.84654 ], [ 74.92553, 18.84413 ], [ 74.92224, 18.83236 ], [ 74.92231, 18.82757 ], [ 74.92399, 18.82584 ], [ 74.94191, 18.82644 ], [ 74.94428, 18.8259 ], [ 74.95414, 18.82009 ], [ 74.95935, 18.81853 ], [ 74.96217, 18.81849 ], [ 74.96465, 18.81956 ], [ 74.96876, 18.8238 ], [ 74.97117, 18.82447 ], [ 74.9736, 18.82358 ], [ 74.97477, 18.82123 ], [ 74.97523, 18.81891 ], [ 74.97399, 18.81428 ], [ 74.97607, 18.80694 ], [ 74.98817, 18.7969 ], [ 74.99318, 18.79483 ], [ 74.99583, 18.79509 ], [ 74.99991, 18.7936 ], [ 75.00305, 18.79369 ], [ 75.00566, 18.79483 ], [ 75.0105, 18.79955 ], [ 75.01219, 18.79766 ], [ 75.01271, 18.79297 ], [ 75.01119, 18.78822 ], [ 75.00841, 18.78362 ], [ 75.00778, 18.7788 ], [ 75.01718, 18.76666 ], [ 75.02228, 18.76624 ], [ 75.02992, 18.76396 ], [ 75.03721, 18.76014 ], [ 75.03949, 18.75794 ], [ 75.04791, 18.74336 ], [ 75.05544, 18.74161 ], [ 75.05796, 18.73917 ], [ 75.06046, 18.73409 ], [ 75.0628, 18.73172 ], [ 75.06806, 18.7306 ], [ 75.07269, 18.72661 ], [ 75.07436, 18.71959 ], [ 75.07741, 18.71495 ], [ 75.08698, 18.70899 ], [ 75.08909, 18.70686 ], [ 75.09011, 18.70452 ], [ 75.09247, 18.70313 ], [ 75.09495, 18.70353 ], [ 75.0998, 18.70277 ], [ 75.10333, 18.69806 ], [ 75.10613, 18.69101 ], [ 75.11338, 18.68574 ], [ 75.1183, 18.68515 ], [ 75.12041, 18.68302 ], [ 75.1183, 18.67863 ], [ 75.1201, 18.67657 ], [ 75.12496, 18.67626 ], [ 75.12813, 18.6714 ], [ 75.14015, 18.6626 ], [ 75.14092, 18.66027 ], [ 75.14066, 18.6533 ], [ 75.1421, 18.65101 ], [ 75.14701, 18.65036 ], [ 75.15284, 18.64375 ], [ 75.15842, 18.64527 ], [ 75.16393, 18.6547 ], [ 75.1671, 18.6687 ], [ 75.16834, 18.67829 ], [ 75.1677, 18.68321 ], [ 75.16806, 18.69555 ], [ 75.16959, 18.7003 ], [ 75.1769, 18.70553 ], [ 75.17964, 18.71272 ], [ 75.17898, 18.71504 ], [ 75.17942, 18.71982 ], [ 75.17645, 18.72757 ], [ 75.17299, 18.73245 ], [ 75.1769, 18.73685 ], [ 75.17951, 18.7373 ], [ 75.19472, 18.73493 ], [ 75.20461, 18.7375 ], [ 75.20946, 18.7368 ], [ 75.21196, 18.73592 ], [ 75.22157, 18.72921 ], [ 75.23386, 18.72346 ], [ 75.24377, 18.72066 ], [ 75.25112, 18.71689 ], [ 75.25845, 18.72062 ], [ 75.26039, 18.72322 ], [ 75.26289, 18.72449 ], [ 75.26801, 18.72654 ], [ 75.27551, 18.72813 ], [ 75.28048, 18.73134 ], [ 75.28774, 18.74321 ], [ 75.29061, 18.75052 ], [ 75.30065, 18.7649 ], [ 75.30162, 18.76736 ], [ 75.30602, 18.77174 ], [ 75.3134, 18.78349 ], [ 75.3242, 18.79462 ], [ 75.33153, 18.80049 ], [ 75.33375, 18.79829 ], [ 75.33978, 18.78654 ], [ 75.34641, 18.78048 ], [ 75.34879, 18.77984 ], [ 75.35122, 18.78041 ], [ 75.36122, 18.78477 ], [ 75.36372, 18.78401 ], [ 75.36607, 18.78204 ], [ 75.3703, 18.77241 ], [ 75.37348, 18.76766 ], [ 75.38346, 18.77379 ], [ 75.38957, 18.78315 ], [ 75.39298, 18.79494 ], [ 75.39257, 18.79732 ], [ 75.39681, 18.82518 ], [ 75.39948, 18.83013 ], [ 75.4021, 18.83127 ], [ 75.4045, 18.83098 ], [ 75.40691, 18.82901 ], [ 75.41043, 18.822 ], [ 75.41539, 18.8229 ], [ 75.41894, 18.8186 ], [ 75.42073, 18.81388 ], [ 75.4227, 18.81146 ], [ 75.42751, 18.80689 ], [ 75.43483, 18.8022 ], [ 75.43933, 18.79782 ], [ 75.44248, 18.78816 ], [ 75.44677, 18.76394 ], [ 75.44839, 18.76147 ], [ 75.45117, 18.75153 ], [ 75.45266, 18.74907 ], [ 75.45502, 18.74757 ], [ 75.45755, 18.74756 ], [ 75.46276, 18.75065 ], [ 75.46541, 18.75104 ], [ 75.46786, 18.7504 ], [ 75.47235, 18.74359 ], [ 75.47453, 18.74169 ], [ 75.4772, 18.74248 ], [ 75.48202, 18.7408 ], [ 75.48752, 18.73131 ], [ 75.48986, 18.72906 ], [ 75.49485, 18.72691 ], [ 75.5044, 18.72019 ], [ 75.50686, 18.71961 ], [ 75.51418, 18.72299 ], [ 75.51917, 18.72321 ], [ 75.52161, 18.72407 ], [ 75.52745, 18.7306 ], [ 75.52916, 18.7376 ], [ 75.52668, 18.74949 ], [ 75.52753, 18.75177 ], [ 75.52999, 18.7517 ], [ 75.5371, 18.74552 ], [ 75.55195, 18.73711 ], [ 75.55392, 18.73227 ], [ 75.55377, 18.72293 ], [ 75.55255, 18.71823 ], [ 75.55276, 18.71113 ], [ 75.55437, 18.70636 ], [ 75.55899, 18.7041 ], [ 75.56067, 18.70175 ], [ 75.56312, 18.70111 ], [ 75.57321, 18.70263 ], [ 75.5791, 18.69602 ], [ 75.58351, 18.69457 ], [ 75.58293, 18.68507 ], [ 75.58048, 18.68375 ], [ 75.57017, 18.68281 ], [ 75.55017, 18.68403 ], [ 75.54757, 18.68381 ], [ 75.54512, 18.68221 ], [ 75.54103, 18.67793 ], [ 75.54017, 18.67559 ], [ 75.539, 18.66852 ], [ 75.53914, 18.65669 ], [ 75.53998, 18.65437 ], [ 75.54725, 18.65204 ], [ 75.54807, 18.64723 ], [ 75.54643, 18.64249 ], [ 75.54457, 18.64046 ], [ 75.53708, 18.63748 ], [ 75.53443, 18.63715 ], [ 75.52465, 18.63851 ], [ 75.52072, 18.63163 ], [ 75.51542, 18.62929 ], [ 75.51187, 18.62506 ], [ 75.50677, 18.62358 ], [ 75.50562, 18.6213 ], [ 75.50317, 18.61975 ], [ 75.50073, 18.6205 ], [ 75.49862, 18.62269 ], [ 75.49373, 18.62213 ], [ 75.48877, 18.62532 ], [ 75.48638, 18.62382 ], [ 75.48178, 18.61685 ], [ 75.4745, 18.61041 ], [ 75.4694, 18.60697 ], [ 75.46431, 18.60566 ], [ 75.46192, 18.60411 ], [ 75.46234, 18.60173 ], [ 75.46147, 18.59708 ], [ 75.4595, 18.59529 ], [ 75.45703, 18.59541 ], [ 75.45501, 18.59419 ], [ 75.45217, 18.58729 ], [ 75.44711, 18.585 ], [ 75.44414, 18.58041 ], [ 75.44111, 18.57339 ], [ 75.43714, 18.55706 ], [ 75.43479, 18.55239 ], [ 75.42565, 18.5445 ], [ 75.4196, 18.5352 ], [ 75.41715, 18.53359 ], [ 75.41216, 18.53153 ], [ 75.40971, 18.53217 ], [ 75.39256, 18.54278 ], [ 75.34296, 18.56041 ], [ 75.34053, 18.55978 ], [ 75.3392, 18.55745 ], [ 75.33984, 18.55034 ], [ 75.33929, 18.54804 ], [ 75.33724, 18.54591 ], [ 75.33475, 18.54499 ], [ 75.33178, 18.54022 ], [ 75.33147, 18.53781 ], [ 75.33409, 18.53071 ], [ 75.33408, 18.52609 ], [ 75.33191, 18.52413 ], [ 75.32948, 18.52333 ], [ 75.32694, 18.52305 ], [ 75.3197, 18.52422 ], [ 75.31661, 18.52338 ], [ 75.3142, 18.52125 ], [ 75.31166, 18.51659 ], [ 75.31157, 18.50955 ], [ 75.30221, 18.50415 ], [ 75.29791, 18.49693 ], [ 75.2968, 18.49206 ], [ 75.29727, 18.48963 ], [ 75.30148, 18.48519 ], [ 75.30284, 18.48037 ], [ 75.30317, 18.47511 ], [ 75.30184, 18.46049 ], [ 75.29978, 18.45801 ], [ 75.29566, 18.44872 ], [ 75.30273, 18.43925 ], [ 75.30374, 18.43455 ], [ 75.30221, 18.42974 ], [ 75.30052, 18.42748 ], [ 75.29022, 18.41696 ], [ 75.28708, 18.41232 ], [ 75.28447, 18.40535 ], [ 75.29054, 18.39861 ], [ 75.29783, 18.39698 ], [ 75.30031, 18.39541 ], [ 75.30528, 18.38836 ], [ 75.30772, 18.38749 ], [ 75.31031, 18.38771 ], [ 75.31526, 18.39017 ], [ 75.31767, 18.3904 ], [ 75.3225, 18.38872 ], [ 75.32929, 18.38236 ], [ 75.33324, 18.38566 ], [ 75.33548, 18.3841 ], [ 75.34216, 18.37395 ], [ 75.34464, 18.37198 ], [ 75.34971, 18.37069 ], [ 75.35366, 18.3658 ], [ 75.3561, 18.36487 ], [ 75.35869, 18.36498 ], [ 75.36036, 18.36026 ], [ 75.36228, 18.35784 ], [ 75.36358, 18.35314 ], [ 75.36833, 18.34897 ], [ 75.3758, 18.34514 ], [ 75.37779, 18.34296 ], [ 75.37947, 18.34084 ], [ 75.38179, 18.33368 ], [ 75.38496, 18.32887 ], [ 75.3921, 18.32418 ], [ 75.40245, 18.32206 ], [ 75.40382, 18.31735 ], [ 75.39906, 18.31338 ], [ 75.394, 18.31075 ], [ 75.39224, 18.30843 ], [ 75.39217, 18.30376 ], [ 75.39522, 18.29907 ], [ 75.39783, 18.29773 ], [ 75.39909, 18.29539 ], [ 75.39688, 18.28576 ], [ 75.39758, 18.28089 ], [ 75.40745, 18.27884 ], [ 75.40981, 18.2774 ], [ 75.41586, 18.27009 ], [ 75.41836, 18.26494 ], [ 75.4243, 18.25838 ], [ 75.42352, 18.25604 ], [ 75.41633, 18.25121 ], [ 75.41445, 18.24647 ], [ 75.41474, 18.24404 ], [ 75.41612, 18.24176 ], [ 75.42114, 18.23863 ], [ 75.42767, 18.22928 ], [ 75.42837, 18.2243 ], [ 75.42703, 18.21955 ], [ 75.42671, 18.21466 ], [ 75.43018, 18.20995 ], [ 75.43259, 18.2081 ], [ 75.43498, 18.20331 ], [ 75.4331, 18.19868 ], [ 75.42918, 18.19423 ], [ 75.42843, 18.18715 ], [ 75.42467, 18.17785 ], [ 75.42508, 18.17548 ], [ 75.42694, 18.17306 ], [ 75.43193, 18.17114 ], [ 75.43932, 18.17043 ], [ 75.45155, 18.16694 ], [ 75.46115, 18.15993 ], [ 75.46366, 18.15906 ], [ 75.46591, 18.1601 ], [ 75.46563, 18.16495 ], [ 75.46636, 18.1673 ], [ 75.46864, 18.16897 ], [ 75.47849, 18.17078 ], [ 75.48378, 18.17047 ], [ 75.48584, 18.16897 ], [ 75.48686, 18.16652 ], [ 75.48873, 18.1524 ], [ 75.48986, 18.15001 ], [ 75.4925, 18.14965 ], [ 75.49743, 18.15355 ], [ 75.49986, 18.15436 ], [ 75.50232, 18.15412 ], [ 75.50717, 18.15099 ], [ 75.52367, 18.13712 ], [ 75.53214, 18.1283 ], [ 75.53423, 18.12784 ], [ 75.5417, 18.13249 ], [ 75.54508, 18.13713 ], [ 75.54716, 18.14434 ], [ 75.54957, 18.14636 ], [ 75.55205, 18.14675 ], [ 75.5592, 18.14235 ], [ 75.5745, 18.14114 ], [ 75.57939, 18.13963 ], [ 75.58428, 18.13604 ], [ 75.58915, 18.13366 ], [ 75.59513, 18.1241 ], [ 75.61005, 18.11563 ], [ 75.62032, 18.11086 ], [ 75.6254, 18.1098 ], [ 75.63845, 18.10964 ], [ 75.6489, 18.11074 ], [ 75.65381, 18.11212 ], [ 75.65428, 18.10956 ], [ 75.65347, 18.10474 ], [ 75.64713, 18.09562 ], [ 75.64838, 18.09086 ], [ 75.64741, 18.08858 ], [ 75.64511, 18.08627 ], [ 75.64007, 18.08444 ], [ 75.63773, 18.08272 ], [ 75.63603, 18.07809 ], [ 75.6341, 18.07583 ], [ 75.62905, 18.07372 ], [ 75.62651, 18.07148 ], [ 75.62985, 18.06193 ], [ 75.61778, 18.04858 ], [ 75.61558, 18.03912 ], [ 75.61707, 18.03424 ], [ 75.62178, 18.02482 ], [ 75.62503, 18.02053 ], [ 75.63005, 18.02149 ], [ 75.63152, 18.02624 ], [ 75.63308, 18.02851 ], [ 75.63577, 18.02982 ], [ 75.64593, 18.03151 ], [ 75.65594, 18.03442 ], [ 75.66631, 18.04136 ], [ 75.67628, 18.04484 ], [ 75.67803, 18.04295 ], [ 75.67957, 18.03801 ], [ 75.68058, 18.02097 ], [ 75.68189, 18.01863 ], [ 75.70453, 18.01705 ], [ 75.70598, 18.01499 ], [ 75.70644, 18.01008 ], [ 75.70458, 18.00122 ], [ 75.70495, 17.9984 ], [ 75.70677, 17.99651 ], [ 75.70941, 17.99667 ], [ 75.71959, 18.00298 ], [ 75.72225, 18.00326 ], [ 75.72474, 18.00221 ], [ 75.73912, 17.98562 ], [ 75.74395, 17.9863 ], [ 75.75459, 17.9666 ], [ 75.75704, 17.96484 ], [ 75.7595, 17.96417 ], [ 75.76438, 17.96082 ], [ 75.76678, 17.96038 ], [ 75.77434, 17.96056 ], [ 75.78196, 17.95914 ], [ 75.79971, 17.95757 ], [ 75.80482, 17.95796 ], [ 75.81013, 17.95962 ], [ 75.81539, 17.95904 ], [ 75.81755, 17.95687 ], [ 75.81991, 17.95223 ], [ 75.82017, 17.94989 ], [ 75.82027, 17.9453 ], [ 75.81827, 17.93587 ], [ 75.81709, 17.93348 ], [ 75.81831, 17.93122 ], [ 75.82257, 17.92688 ], [ 75.8275, 17.9237 ], [ 75.84226, 17.92618 ], [ 75.84473, 17.92534 ], [ 75.84678, 17.92282 ], [ 75.84777, 17.91808 ], [ 75.83933, 17.8968 ], [ 75.83971, 17.8944 ], [ 75.84438, 17.88495 ], [ 75.84927, 17.87781 ], [ 75.85087, 17.8727 ], [ 75.85579, 17.86315 ], [ 75.86384, 17.8541 ], [ 75.86476, 17.85177 ], [ 75.87154, 17.84521 ], [ 75.87894, 17.84297 ], [ 75.88623, 17.84418 ], [ 75.88863, 17.84362 ], [ 75.89382, 17.84005 ], [ 75.90627, 17.8347 ], [ 75.91181, 17.83143 ], [ 75.91918, 17.83006 ], [ 75.92162, 17.83031 ], [ 75.92401, 17.83211 ], [ 75.92546, 17.83462 ], [ 75.92842, 17.84402 ], [ 75.93093, 17.84904 ], [ 75.93472, 17.8534 ], [ 75.9372, 17.85383 ], [ 75.94203, 17.8522 ], [ 75.94424, 17.85026 ], [ 75.94999, 17.83872 ], [ 75.95716, 17.82942 ], [ 75.96832, 17.81857 ], [ 75.97087, 17.81699 ], [ 75.97585, 17.81634 ], [ 75.97817, 17.81814 ], [ 75.97939, 17.82053 ], [ 75.97844, 17.82745 ], [ 75.97396, 17.83661 ], [ 75.97445, 17.84133 ], [ 75.97687, 17.8421 ], [ 75.98165, 17.84179 ], [ 75.99925, 17.83454 ], [ 76.00096, 17.83186 ], [ 76.00579, 17.82948 ], [ 76.01094, 17.82784 ], [ 76.01374, 17.82782 ], [ 76.0156, 17.82588 ], [ 76.01644, 17.82111 ], [ 76.0125, 17.81191 ], [ 76.00916, 17.80741 ], [ 76.00762, 17.80271 ], [ 76.01034, 17.79554 ], [ 76.01026, 17.78828 ], [ 76.0093, 17.78596 ], [ 76.0039, 17.78289 ], [ 76.00271, 17.77823 ], [ 76.00371, 17.76878 ], [ 76.00159, 17.75431 ], [ 76.00182, 17.75193 ], [ 76.00383, 17.74941 ], [ 76.01158, 17.75167 ], [ 76.01404, 17.75316 ], [ 76.02821, 17.76564 ], [ 76.03074, 17.76621 ], [ 76.04083, 17.76558 ], [ 76.05053, 17.76296 ], [ 76.05525, 17.75967 ], [ 76.05803, 17.76045 ], [ 76.06358, 17.76985 ], [ 76.0732, 17.76925 ], [ 76.07581, 17.77016 ], [ 76.08312, 17.77567 ], [ 76.08833, 17.77604 ], [ 76.09329, 17.7774 ], [ 76.09824, 17.77531 ], [ 76.10034, 17.77313 ], [ 76.10158, 17.7707 ], [ 76.10288, 17.76355 ], [ 76.1047, 17.76196 ], [ 76.10971, 17.76211 ], [ 76.1202, 17.76567 ], [ 76.12516, 17.76594 ], [ 76.12929, 17.76164 ], [ 76.13154, 17.75686 ], [ 76.13385, 17.75547 ], [ 76.13867, 17.75517 ], [ 76.14028, 17.75313 ], [ 76.1417, 17.74822 ], [ 76.14234, 17.73862 ], [ 76.14364, 17.73619 ], [ 76.14593, 17.7344 ], [ 76.15115, 17.73281 ], [ 76.17088, 17.72957 ], [ 76.1731, 17.72761 ], [ 76.17322, 17.72294 ], [ 76.17244, 17.72061 ], [ 76.16853, 17.71643 ], [ 76.16609, 17.7154 ], [ 76.16119, 17.71507 ], [ 76.14923, 17.7189 ], [ 76.14437, 17.71598 ], [ 76.14389, 17.71128 ], [ 76.14568, 17.70658 ], [ 76.14614, 17.6994 ], [ 76.14704, 17.69728 ], [ 76.15931, 17.6996 ], [ 76.16203, 17.69912 ], [ 76.16439, 17.69762 ], [ 76.16535, 17.69526 ], [ 76.16474, 17.69057 ], [ 76.16265, 17.68566 ], [ 76.15744, 17.67612 ], [ 76.15547, 17.67386 ], [ 76.14298, 17.67086 ], [ 76.13545, 17.66813 ], [ 76.12048, 17.66646 ], [ 76.11562, 17.66699 ], [ 76.11315, 17.66649 ], [ 76.10093, 17.6618 ], [ 76.09902, 17.65722 ], [ 76.09545, 17.64334 ], [ 76.09495, 17.63386 ], [ 76.09291, 17.62906 ], [ 76.09261, 17.62424 ], [ 76.09075, 17.61954 ], [ 76.0906, 17.6131 ], [ 76.09262, 17.61178 ], [ 76.0999, 17.61211 ], [ 76.1023, 17.6113 ], [ 76.10921, 17.60668 ], [ 76.12063, 17.59602 ], [ 76.12194, 17.59365 ], [ 76.12152, 17.59131 ], [ 76.1205, 17.58888 ], [ 76.11611, 17.58472 ], [ 76.11366, 17.58335 ], [ 76.10878, 17.58232 ], [ 76.10131, 17.5774 ], [ 76.1, 17.57274 ], [ 76.10069, 17.55604 ], [ 76.09422, 17.53487 ], [ 76.09059, 17.52791 ], [ 76.08886, 17.52569 ], [ 76.08121, 17.5206 ], [ 76.07131, 17.51684 ], [ 76.06126, 17.51152 ], [ 76.05442, 17.50501 ], [ 76.05132, 17.50038 ], [ 76.05071, 17.49787 ], [ 76.04354, 17.48365 ], [ 76.0411, 17.4768 ], [ 76.03958, 17.46691 ], [ 76.04029, 17.44491 ], [ 76.04699, 17.42722 ], [ 76.05818, 17.40965 ], [ 76.06481, 17.3975 ], [ 76.06709, 17.38753 ], [ 76.07071, 17.36308 ], [ 76.07599, 17.34541 ], [ 76.07993, 17.33513 ], [ 76.10095, 17.30063 ], [ 76.11043, 17.28119 ], [ 76.11633, 17.26389 ], [ 76.11584, 17.25913 ], [ 76.11303, 17.25443 ], [ 76.10286, 17.25466 ], [ 76.09548, 17.2571 ], [ 76.09303, 17.25694 ], [ 76.09069, 17.25787 ], [ 76.08854, 17.26005 ], [ 76.091, 17.26724 ], [ 76.10041, 17.28107 ], [ 76.10149, 17.28562 ], [ 76.10037, 17.29277 ], [ 76.09754, 17.29793 ], [ 76.09537, 17.29982 ], [ 76.07592, 17.30501 ], [ 76.07124, 17.30784 ], [ 76.06928, 17.3103 ], [ 76.06851, 17.3127 ], [ 76.07244, 17.32415 ], [ 76.07115, 17.33355 ], [ 76.06948, 17.3383 ], [ 76.06166, 17.35288 ], [ 76.05687, 17.35589 ], [ 76.04962, 17.35504 ], [ 76.03968, 17.35076 ], [ 76.03224, 17.3497 ], [ 76.0225, 17.35145 ], [ 76.01775, 17.354 ], [ 76.01283, 17.35327 ], [ 76.00834, 17.34946 ], [ 75.99965, 17.33825 ], [ 75.99413, 17.33364 ], [ 75.9831, 17.33209 ], [ 75.97504, 17.33408 ], [ 75.96261, 17.33334 ], [ 75.9551, 17.33167 ], [ 75.93769, 17.32164 ], [ 75.93279, 17.32028 ], [ 75.9253, 17.32314 ], [ 75.9208, 17.32765 ], [ 75.91801, 17.32923 ], [ 75.91124, 17.33878 ], [ 75.90638, 17.34322 ], [ 75.90368, 17.34389 ], [ 75.90106, 17.34581 ], [ 75.89331, 17.34918 ], [ 75.8915, 17.35142 ], [ 75.88997, 17.35631 ], [ 75.88967, 17.36136 ], [ 75.89061, 17.3758 ], [ 75.89219, 17.38533 ], [ 75.8907, 17.40452 ], [ 75.8871, 17.41411 ], [ 75.88534, 17.4167 ], [ 75.88285, 17.418 ], [ 75.88038, 17.41884 ], [ 75.87805, 17.41722 ], [ 75.87742, 17.41479 ], [ 75.8781, 17.4055 ], [ 75.87615, 17.39608 ], [ 75.87451, 17.39373 ], [ 75.86962, 17.39203 ], [ 75.86463, 17.38452 ], [ 75.8622, 17.38255 ], [ 75.85928, 17.38268 ], [ 75.85555, 17.38693 ], [ 75.85387, 17.40129 ], [ 75.85175, 17.40594 ], [ 75.84754, 17.41051 ], [ 75.84019, 17.41459 ], [ 75.83507, 17.41615 ], [ 75.83304, 17.41798 ], [ 75.82746, 17.42079 ], [ 75.82234, 17.41885 ], [ 75.82025, 17.4139 ], [ 75.8221, 17.40684 ], [ 75.82153, 17.40441 ], [ 75.81525, 17.39462 ], [ 75.81697, 17.37578 ], [ 75.81433, 17.37099 ], [ 75.8094, 17.36721 ], [ 75.80458, 17.36534 ], [ 75.78965, 17.36596 ], [ 75.78211, 17.37054 ], [ 75.77959, 17.3727 ], [ 75.77596, 17.37776 ], [ 75.77104, 17.39282 ], [ 75.76654, 17.40233 ], [ 75.76445, 17.40433 ], [ 75.75425, 17.40274 ], [ 75.75183, 17.40393 ], [ 75.74103, 17.41485 ], [ 75.73342, 17.41966 ], [ 75.73106, 17.41907 ], [ 75.72413, 17.41247 ], [ 75.71395, 17.40687 ], [ 75.70388, 17.40512 ], [ 75.69359, 17.40462 ], [ 75.69119, 17.40518 ], [ 75.68711, 17.40952 ], [ 75.68268, 17.41702 ], [ 75.67998, 17.4263 ], [ 75.67401, 17.43875 ], [ 75.67437, 17.44582 ], [ 75.67609, 17.45305 ], [ 75.67565, 17.45534 ], [ 75.67403, 17.45758 ], [ 75.67162, 17.45831 ], [ 75.6619, 17.4568 ], [ 75.65462, 17.46059 ], [ 75.65225, 17.46545 ], [ 75.64834, 17.46998 ], [ 75.64325, 17.47229 ], [ 75.6349, 17.47433 ], [ 75.63246, 17.47591 ], [ 75.62467, 17.48761 ], [ 75.6248, 17.49256 ], [ 75.62663, 17.49497 ], [ 75.63154, 17.49782 ], [ 75.63555, 17.50249 ], [ 75.63819, 17.51233 ], [ 75.64581, 17.51797 ], [ 75.65392, 17.52828 ], [ 75.6558, 17.53586 ], [ 75.65483, 17.53818 ], [ 75.65249, 17.54017 ], [ 75.64759, 17.54059 ], [ 75.63233, 17.53052 ], [ 75.62734, 17.52836 ], [ 75.62483, 17.52851 ], [ 75.61991, 17.53111 ], [ 75.61829, 17.53341 ], [ 75.61826, 17.543 ], [ 75.61675, 17.54531 ], [ 75.60406, 17.55215 ], [ 75.59683, 17.55777 ], [ 75.59443, 17.55672 ], [ 75.59241, 17.54959 ], [ 75.58911, 17.54478 ], [ 75.58677, 17.54367 ], [ 75.58184, 17.54312 ], [ 75.57944, 17.54379 ], [ 75.57331, 17.55037 ], [ 75.57051, 17.5574 ], [ 75.57041, 17.56234 ], [ 75.56803, 17.5672 ], [ 75.56576, 17.56914 ], [ 75.56333, 17.56878 ], [ 75.56131, 17.56165 ], [ 75.55862, 17.56019 ], [ 75.5535, 17.56169 ], [ 75.54916, 17.56505 ], [ 75.5463, 17.57203 ], [ 75.54554, 17.57666 ], [ 75.54562, 17.58148 ], [ 75.54722, 17.58866 ], [ 75.54579, 17.5955 ], [ 75.54849, 17.60535 ], [ 75.54881, 17.61719 ], [ 75.55035, 17.6243 ], [ 75.55007, 17.62912 ], [ 75.54822, 17.63613 ], [ 75.5482, 17.64347 ], [ 75.54679, 17.64814 ], [ 75.54226, 17.65529 ], [ 75.54064, 17.66247 ], [ 75.54042, 17.66723 ], [ 75.53829, 17.67188 ], [ 75.53481, 17.67642 ], [ 75.53239, 17.67743 ], [ 75.53001, 17.67724 ], [ 75.52551, 17.67986 ], [ 75.51578, 17.68208 ], [ 75.5083, 17.68661 ], [ 75.50421, 17.69102 ], [ 75.49476, 17.70439 ], [ 75.48979, 17.70675 ], [ 75.48497, 17.70654 ], [ 75.48004, 17.70783 ], [ 75.4771, 17.71221 ], [ 75.47613, 17.71948 ], [ 75.47648, 17.72667 ], [ 75.47434, 17.73361 ], [ 75.46964, 17.73679 ], [ 75.46476, 17.73824 ], [ 75.45747, 17.73899 ], [ 75.45246, 17.74084 ], [ 75.45049, 17.74279 ], [ 75.44952, 17.74505 ], [ 75.44959, 17.75683 ], [ 75.44687, 17.76157 ], [ 75.44256, 17.76557 ], [ 75.43758, 17.76661 ], [ 75.425, 17.76501 ], [ 75.42259, 17.76568 ], [ 75.40898, 17.78409 ], [ 75.40403, 17.78755 ], [ 75.40102, 17.79205 ], [ 75.39655, 17.79547 ], [ 75.39517, 17.79772 ], [ 75.3903, 17.80222 ], [ 75.38198, 17.81391 ], [ 75.37719, 17.818 ], [ 75.37284, 17.82487 ], [ 75.36302, 17.83323 ], [ 75.35558, 17.83501 ], [ 75.35028, 17.83301 ], [ 75.33555, 17.83174 ], [ 75.32829, 17.83501 ], [ 75.32607, 17.83701 ], [ 75.32538, 17.84158 ], [ 75.32752, 17.84877 ], [ 75.33363, 17.86521 ], [ 75.3408, 17.87693 ], [ 75.34101, 17.87923 ], [ 75.34393, 17.88633 ], [ 75.34271, 17.8906 ], [ 75.33763, 17.89285 ], [ 75.32318, 17.89222 ], [ 75.31498, 17.89294 ], [ 75.30986, 17.89462 ], [ 75.30266, 17.89973 ], [ 75.29427, 17.90796 ], [ 75.29276, 17.91033 ], [ 75.28788, 17.91356 ], [ 75.28545, 17.91337 ], [ 75.27574, 17.90962 ], [ 75.26117, 17.90192 ], [ 75.23855, 17.90127 ], [ 75.21646, 17.90425 ], [ 75.2142, 17.90578 ], [ 75.21317, 17.9081 ], [ 75.21326, 17.91075 ], [ 75.21536, 17.91541 ], [ 75.21559, 17.91771 ], [ 75.21507, 17.92241 ], [ 75.21352, 17.92402 ], [ 75.20163, 17.91963 ], [ 75.19925, 17.91973 ], [ 75.19822, 17.92182 ], [ 75.19866, 17.92648 ], [ 75.19802, 17.93106 ], [ 75.19501, 17.93556 ], [ 75.19652, 17.9402 ], [ 75.19621, 17.94248 ], [ 75.19482, 17.94474 ], [ 75.18997, 17.94694 ], [ 75.17764, 17.94523 ], [ 75.17266, 17.94639 ], [ 75.16756, 17.94899 ], [ 75.16303, 17.95585 ], [ 75.16335, 17.96057 ], [ 75.16177, 17.96517 ], [ 75.15627, 17.97425 ], [ 75.15129, 17.97518 ], [ 75.14153, 17.97143 ], [ 75.13421, 17.97114 ], [ 75.13197, 17.97578 ], [ 75.13201, 17.97808 ], [ 75.12881, 17.98963 ], [ 75.12423, 17.99638 ], [ 75.11933, 17.99869 ], [ 75.10965, 17.99758 ], [ 75.10855, 17.99514 ], [ 75.10626, 17.97847 ], [ 75.10391, 17.97363 ], [ 75.10154, 17.97338 ], [ 75.08867, 17.97866 ], [ 75.08356, 17.97999 ], [ 75.07836, 17.9804 ], [ 75.07109, 17.97856 ], [ 75.06695, 17.97424 ], [ 75.06304, 17.9597 ], [ 75.05881, 17.95268 ], [ 75.05496, 17.94831 ], [ 75.03749, 17.94908 ], [ 75.03506, 17.95032 ], [ 75.03246, 17.95495 ], [ 75.02522, 17.96098 ], [ 75.02345, 17.96557 ], [ 75.02307, 17.97498 ], [ 75.0267, 17.9821 ], [ 75.03164, 17.98921 ], [ 75.03852, 17.99551 ], [ 75.04486, 18.00975 ], [ 75.05213, 18.02167 ], [ 75.05956, 18.02707 ], [ 75.07466, 18.03319 ], [ 75.07976, 18.03652 ], [ 75.08504, 18.04855 ], [ 75.08519, 18.05368 ], [ 75.08665, 18.05842 ], [ 75.0921, 18.06578 ], [ 75.1024, 18.0703 ], [ 75.11568, 18.07173 ], [ 75.12596, 18.07141 ], [ 75.13107, 18.07364 ], [ 75.13434, 18.07828 ], [ 75.13619, 18.09006 ], [ 75.14351, 18.09563 ], [ 75.15574, 18.10229 ], [ 75.1582, 18.10441 ], [ 75.16111, 18.11126 ], [ 75.16173, 18.11592 ], [ 75.16066, 18.11848 ], [ 75.15558, 18.11971 ], [ 75.14802, 18.12026 ], [ 75.12219, 18.11984 ], [ 75.10407, 18.11743 ], [ 75.09617, 18.11874 ], [ 75.09126, 18.12192 ], [ 75.08949, 18.12699 ], [ 75.08983, 18.13454 ], [ 75.09223, 18.14445 ], [ 75.09422, 18.14924 ], [ 75.09455, 18.1542 ], [ 75.10763, 18.1756 ], [ 75.10884, 18.1781 ], [ 75.10954, 18.18322 ], [ 75.11166, 18.18801 ], [ 75.1116, 18.20047 ], [ 75.11038, 18.21013 ], [ 75.10986, 18.2128 ], [ 75.10781, 18.21511 ], [ 75.10066, 18.21714 ], [ 75.09295, 18.21503 ], [ 75.08009, 18.21324 ], [ 75.07752, 18.21204 ], [ 75.07541, 18.20979 ], [ 75.07305, 18.20512 ], [ 75.07083, 18.20304 ], [ 75.06054, 18.1991 ], [ 75.05034, 18.19389 ], [ 75.03765, 18.18979 ], [ 75.02508, 18.18822 ], [ 75.02263, 18.18874 ], [ 75.01772, 18.19147 ], [ 75.0132, 18.19562 ], [ 75.00681, 18.20542 ], [ 75.00634, 18.20786 ], [ 75.0072, 18.21256 ], [ 75.01221, 18.21941 ], [ 75.02526, 18.23332 ], [ 75.04569, 18.25343 ], [ 75.04643, 18.25813 ], [ 75.04438, 18.26015 ], [ 75.04187, 18.26056 ], [ 75.03429, 18.25857 ], [ 75.02921, 18.25553 ], [ 75.02745, 18.25321 ], [ 75.02249, 18.25 ], [ 75.01485, 18.24801 ], [ 75.00482, 18.24251 ], [ 74.99687, 18.24 ], [ 74.99401, 18.23808 ], [ 74.99008, 18.23844 ], [ 74.98278, 18.24227 ], [ 74.97535, 18.24362 ], [ 74.97022, 18.24581 ], [ 74.96308, 18.25222 ], [ 74.95593, 18.26181 ], [ 74.95104, 18.26393 ], [ 74.94858, 18.26385 ], [ 74.94086, 18.26036 ], [ 74.933, 18.25832 ], [ 74.92009, 18.2572 ], [ 74.8999, 18.25846 ], [ 74.89226, 18.25733 ], [ 74.88446, 18.2535 ], [ 74.87976, 18.24882 ], [ 74.87732, 18.24775 ], [ 74.87216, 18.2474 ], [ 74.86471, 18.24823 ], [ 74.84912, 18.24253 ], [ 74.84672, 18.24238 ], [ 74.83685, 18.246 ], [ 74.83195, 18.24963 ], [ 74.82324, 18.26423 ], [ 74.82104, 18.26632 ], [ 74.81861, 18.2686 ], [ 74.80866, 18.27337 ], [ 74.80152, 18.27812 ], [ 74.79762, 18.28292 ], [ 74.79695, 18.2879 ], [ 74.79814, 18.29282 ], [ 74.80262, 18.29757 ], [ 74.80994, 18.29802 ], [ 74.82025, 18.29674 ], [ 74.82263, 18.29614 ], [ 74.82987, 18.29117 ], [ 74.83238, 18.29097 ], [ 74.83998, 18.29446 ], [ 74.84533, 18.29843 ], [ 74.84655, 18.30081 ], [ 74.84444, 18.30556 ], [ 74.83204, 18.32241 ], [ 74.83048, 18.32737 ], [ 74.8299, 18.33465 ], [ 74.82726, 18.33965 ], [ 74.82507, 18.34203 ], [ 74.82269, 18.34257 ], [ 74.81504, 18.34133 ], [ 74.80984, 18.34139 ], [ 74.80475, 18.34318 ], [ 74.7978, 18.34814 ], [ 74.79681, 18.3506 ], [ 74.79656, 18.35534 ], [ 74.80023, 18.36265 ], [ 74.8084, 18.37206 ], [ 74.80988, 18.3768 ], [ 74.80897, 18.38162 ], [ 74.80579, 18.3864 ], [ 74.79426, 18.3974 ], [ 74.78447, 18.40512 ], [ 74.77925, 18.40662 ], [ 74.77409, 18.40604 ], [ 74.75557, 18.39525 ], [ 74.74995, 18.39377 ], [ 74.74475, 18.39406 ], [ 74.73499, 18.39745 ], [ 74.73045, 18.40095 ], [ 74.72676, 18.40822 ], [ 74.72585, 18.4131 ], [ 74.72455, 18.41545 ], [ 74.71987, 18.41872 ], [ 74.71828, 18.42108 ], [ 74.71731, 18.42579 ], [ 74.71787, 18.43344 ], [ 74.72163, 18.4381 ], [ 74.72519, 18.44755 ], [ 74.72545, 18.45481 ], [ 74.72727, 18.46415 ], [ 74.72708, 18.46912 ], [ 74.72798, 18.47399 ], [ 74.72755, 18.47891 ], [ 74.72569, 18.48387 ], [ 74.72085, 18.49119 ], [ 74.70796, 18.50431 ], [ 74.7032, 18.50655 ], [ 74.69823, 18.50678 ], [ 74.69312, 18.50268 ], [ 74.68925, 18.4982 ], [ 74.67653, 18.49223 ], [ 74.6593, 18.48924 ], [ 74.65608, 18.48444 ], [ 74.65525, 18.47421 ], [ 74.6573, 18.46941 ], [ 74.66206, 18.46527 ], [ 74.66409, 18.46514 ], [ 74.66686, 18.46026 ], [ 74.66725, 18.45777 ], [ 74.66656, 18.45525 ], [ 74.65897, 18.45384 ], [ 74.65357, 18.45004 ], [ 74.6486, 18.44842 ], [ 74.64097, 18.44937 ], [ 74.63384, 18.45278 ], [ 74.62181, 18.46271 ], [ 74.61691, 18.46489 ], [ 74.61199, 18.46639 ], [ 74.60213, 18.46678 ], [ 74.59973, 18.46813 ], [ 74.5948, 18.46928 ], [ 74.5848, 18.46939 ], [ 74.58007, 18.47266 ], [ 74.5758, 18.47719 ], [ 74.57338, 18.47831 ], [ 74.56675, 18.48545 ], [ 74.55936, 18.48807 ], [ 74.55697, 18.49 ], [ 74.5557, 18.49465 ], [ 74.55637, 18.50195 ], [ 74.54924, 18.50704 ], [ 74.54939, 18.50934 ], [ 74.55602, 18.5161 ], [ 74.56602, 18.52291 ], [ 74.56968, 18.52994 ], [ 74.57341, 18.53402 ], [ 74.57296, 18.54165 ], [ 74.57536, 18.54157 ], [ 74.57785, 18.54281 ], [ 74.57972, 18.54494 ], [ 74.57981, 18.54724 ], [ 74.57791, 18.5495 ], [ 74.57307, 18.54978 ], [ 74.5668, 18.55893 ], [ 74.55978, 18.56511 ], [ 74.55429, 18.57261 ], [ 74.54451, 18.58045 ], [ 74.54347, 18.58521 ], [ 74.54556, 18.58993 ], [ 74.5447, 18.59809 ], [ 74.54569, 18.60048 ], [ 74.55322, 18.60518 ], [ 74.55416, 18.60988 ], [ 74.5497, 18.61412 ], [ 74.53988, 18.61763 ], [ 74.52967, 18.61676 ], [ 74.51715, 18.61281 ], [ 74.51236, 18.61297 ], [ 74.50996, 18.61443 ], [ 74.50567, 18.62196 ], [ 74.50323, 18.62406 ], [ 74.50071, 18.62553 ], [ 74.49584, 18.62489 ], [ 74.48819, 18.62538 ], [ 74.47651, 18.63529 ], [ 74.47344, 18.64018 ], [ 74.47277, 18.64493 ], [ 74.47536, 18.64519 ], [ 74.48551, 18.64277 ], [ 74.48809, 18.64309 ], [ 74.4899, 18.64522 ], [ 74.48947, 18.6499 ], [ 74.49111, 18.65215 ], [ 74.50444, 18.65707 ], [ 74.5116, 18.66311 ], [ 74.51252, 18.66539 ], [ 74.51097, 18.67248 ], [ 74.50938, 18.67484 ], [ 74.50446, 18.67627 ], [ 74.50201, 18.6763 ], [ 74.48926, 18.67298 ], [ 74.48194, 18.67594 ], [ 74.47723, 18.67991 ], [ 74.4749, 18.68702 ], [ 74.47505, 18.68933 ], [ 74.47784, 18.69898 ], [ 74.48182, 18.70334 ], [ 74.48226, 18.70563 ], [ 74.4811, 18.71034 ], [ 74.47678, 18.72 ], [ 74.47237, 18.72413 ], [ 74.46212, 18.72212 ], [ 74.45446, 18.7188 ], [ 74.4469, 18.71831 ], [ 74.44456, 18.71971 ], [ 74.44251, 18.73132 ], [ 74.43981, 18.73625 ], [ 74.43491, 18.73994 ], [ 74.43004, 18.74097 ], [ 74.4282, 18.74334 ], [ 74.42511, 18.7439 ], [ 74.42273, 18.74427 ], [ 74.42025, 18.74349 ], [ 74.40528, 18.73644 ], [ 74.40032, 18.7369 ], [ 74.39858, 18.74169 ], [ 74.39675, 18.76822 ], [ 74.40066, 18.77224 ], [ 74.4011, 18.77465 ], [ 74.39999, 18.77699 ], [ 74.39531, 18.7801 ], [ 74.39134, 18.78467 ], [ 74.39075, 18.79167 ], [ 74.38725, 18.80119 ], [ 74.38777, 18.80596 ], [ 74.38864, 18.80841 ], [ 74.3936, 18.81182 ], [ 74.39852, 18.81863 ], [ 74.39949, 18.8209 ], [ 74.40071, 18.83009 ], [ 74.40717, 18.83685 ], [ 74.41201, 18.84009 ], [ 74.42459, 18.84018 ], [ 74.42978, 18.83798 ], [ 74.43217, 18.8379 ], [ 74.43952, 18.84284 ], [ 74.44956, 18.84562 ], [ 74.45206, 18.84524 ], [ 74.46071, 18.83584 ], [ 74.46372, 18.83118 ], [ 74.46617, 18.82908 ], [ 74.46862, 18.82928 ], [ 74.47869, 18.83298 ], [ 74.48619, 18.83699 ], [ 74.49359, 18.8432 ], [ 74.49851, 18.84523 ], [ 74.50095, 18.84474 ], [ 74.51295, 18.83863 ], [ 74.52043, 18.84368 ], [ 74.52552, 18.8506 ], [ 74.52754, 18.85543 ], [ 74.52972, 18.85766 ], [ 74.53477, 18.85836 ], [ 74.54208, 18.85678 ], [ 74.55441, 18.86023 ], [ 74.57335, 18.8574 ], [ 74.57582, 18.85604 ], [ 74.58582, 18.85444 ], [ 74.59074, 18.85485 ], [ 74.5961, 18.85755 ], [ 74.606, 18.86505 ], [ 74.61047, 18.86963 ], [ 74.61477, 18.87629 ], [ 74.61756, 18.87724 ], [ 74.63012, 18.87692 ], [ 74.64778, 18.87367 ], [ 74.65055, 18.87225 ], [ 74.66056, 18.87111 ], [ 74.66508, 18.87522 ], [ 74.66572, 18.87987 ], [ 74.66718, 18.88219 ], [ 74.66895, 18.88322 ], [ 74.67249, 18.89014 ], [ 74.67507, 18.89213 ], [ 74.68276, 18.89458 ], [ 74.6954, 18.89496 ], [ 74.70553, 18.89357 ] ] ] } },
{ "type": "Feature", "properties": { "newname": null }, "geometry": { "type": "Polygon", "coordinates": [ [ [ 74.282, 17.22528 ], [ 74.28198, 17.22048 ], [ 74.28492, 17.22025 ], [ 74.29225, 17.22269 ], [ 74.29435, 17.22155 ], [ 74.29315, 17.21951 ], [ 74.29051, 17.21976 ], [ 74.29224, 17.21079 ], [ 74.297, 17.21315 ], [ 74.2961, 17.20605 ], [ 74.29853, 17.20642 ], [ 74.30098, 17.20546 ], [ 74.30195, 17.20321 ], [ 74.29881, 17.19962 ], [ 74.29476, 17.19239 ], [ 74.30138, 17.18654 ], [ 74.30054, 17.18458 ], [ 74.29821, 17.18364 ], [ 74.29816, 17.18133 ], [ 74.3007, 17.18084 ], [ 74.30276, 17.17945 ], [ 74.30641, 17.17533 ], [ 74.30869, 17.17731 ], [ 74.31081, 17.17674 ], [ 74.31236, 17.17481 ], [ 74.31471, 17.17541 ], [ 74.31966, 17.17263 ], [ 74.3245, 17.17268 ], [ 74.3263, 17.17157 ], [ 74.32721, 17.16926 ], [ 74.32963, 17.16882 ], [ 74.33192, 17.17063 ], [ 74.33427, 17.17129 ], [ 74.33637, 17.17008 ], [ 74.33884, 17.17068 ], [ 74.33927, 17.16846 ], [ 74.33759, 17.16373 ], [ 74.34258, 17.16114 ], [ 74.34981, 17.16219 ], [ 74.35214, 17.16117 ], [ 74.35388, 17.15896 ], [ 74.35524, 17.1543 ], [ 74.35772, 17.15277 ], [ 74.3601, 17.15297 ], [ 74.36206, 17.1521 ], [ 74.36507, 17.14869 ], [ 74.36481, 17.14405 ], [ 74.36637, 17.14195 ], [ 74.37123, 17.14165 ], [ 74.37169, 17.14399 ], [ 74.37393, 17.14773 ], [ 74.37767, 17.14792 ], [ 74.37859, 17.14566 ], [ 74.381, 17.14528 ], [ 74.39073, 17.14746 ], [ 74.39288, 17.14637 ], [ 74.39278, 17.14406 ], [ 74.39117, 17.14206 ], [ 74.38874, 17.14163 ], [ 74.38819, 17.13686 ], [ 74.38892, 17.13459 ], [ 74.39133, 17.13421 ], [ 74.39314, 17.13298 ], [ 74.39162, 17.13128 ], [ 74.38914, 17.13177 ], [ 74.38845, 17.12942 ], [ 74.39058, 17.12775 ], [ 74.39391, 17.12708 ], [ 74.39216, 17.1253 ], [ 74.39385, 17.12395 ], [ 74.39637, 17.12387 ], [ 74.39675, 17.12152 ], [ 74.39917, 17.12103 ], [ 74.40417, 17.12224 ], [ 74.4065, 17.1214 ], [ 74.40622, 17.11907 ], [ 74.40219, 17.11641 ], [ 74.40463, 17.10956 ], [ 74.40317, 17.10797 ], [ 74.39837, 17.11434 ], [ 74.39339, 17.11671 ], [ 74.38943, 17.12087 ], [ 74.38436, 17.12381 ], [ 74.38309, 17.12605 ], [ 74.37596, 17.13141 ], [ 74.38069, 17.13527 ], [ 74.38187, 17.13765 ], [ 74.37766, 17.13902 ], [ 74.37504, 17.13789 ], [ 74.37312, 17.13899 ], [ 74.37225, 17.13651 ], [ 74.36975, 17.13625 ], [ 74.36726, 17.13195 ], [ 74.36479, 17.13319 ], [ 74.35985, 17.134 ], [ 74.35484, 17.14295 ], [ 74.35229, 17.1446 ], [ 74.35237, 17.14923 ], [ 74.34995, 17.14978 ], [ 74.3476, 17.14889 ], [ 74.34004, 17.1525 ], [ 74.33496, 17.15648 ], [ 74.33667, 17.15889 ], [ 74.33224, 17.16204 ], [ 74.3298, 17.1619 ], [ 74.32735, 17.16291 ], [ 74.32266, 17.1664 ], [ 74.32122, 17.1644 ], [ 74.31749, 17.16789 ], [ 74.31512, 17.1674 ], [ 74.3102, 17.16983 ], [ 74.30028, 17.17088 ], [ 74.29673, 17.17529 ], [ 74.28922, 17.18006 ], [ 74.28739, 17.18457 ], [ 74.28235, 17.18492 ], [ 74.28402, 17.19414 ], [ 74.28708, 17.19894 ], [ 74.28893, 17.20598 ], [ 74.2889, 17.21158 ], [ 74.28642, 17.21514 ], [ 74.2839, 17.21632 ], [ 74.27903, 17.21679 ], [ 74.2742, 17.2146 ], [ 74.27275, 17.21683 ], [ 74.2703, 17.21784 ], [ 74.26427, 17.21177 ], [ 74.26187, 17.21175 ], [ 74.26361, 17.21707 ], [ 74.26741, 17.22125 ], [ 74.27254, 17.2232 ], [ 74.27731, 17.22674 ], [ 74.27971, 17.22659 ], [ 74.282, 17.22528 ] ] ] } },
{ "type": "Feature", "properties": { "newname": null }, "geometry": { "type": "Polygon", "coordinates": [ [ [ 73.8896, 16.47643 ], [ 73.89606, 16.47409 ], [ 73.90065, 16.47592 ], [ 73.91093, 16.47809 ], [ 73.91309, 16.47691 ], [ 73.91283, 16.47065 ], [ 73.91593, 16.46651 ], [ 73.91553, 16.45905 ], [ 73.91797, 16.46071 ], [ 73.9207, 16.46505 ], [ 73.92342, 16.47193 ], [ 73.92616, 16.47493 ], [ 73.92906, 16.476 ], [ 73.93306, 16.47499 ], [ 73.92628, 16.45839 ], [ 73.91476, 16.44027 ], [ 73.90607, 16.43007 ], [ 73.9035, 16.42573 ], [ 73.90414, 16.42261 ], [ 73.91684, 16.42807 ], [ 73.92775, 16.42696 ], [ 73.93571, 16.42896 ], [ 73.93862, 16.43048 ], [ 73.94307, 16.43081 ], [ 73.95077, 16.42912 ], [ 73.97026, 16.4435 ], [ 73.98695, 16.45759 ], [ 73.98989, 16.45971 ], [ 73.99541, 16.46186 ], [ 73.99916, 16.46074 ], [ 74.00115, 16.45904 ], [ 74.00116, 16.45789 ], [ 74.00553, 16.45468 ], [ 74.00796, 16.44647 ], [ 74.01173, 16.44421 ], [ 74.01392, 16.44174 ], [ 74.02626, 16.4258 ], [ 74.02439, 16.40894 ], [ 74.02016, 16.39872 ], [ 74.01492, 16.38153 ], [ 74.01556, 16.37707 ], [ 74.01959, 16.37188 ], [ 74.02242, 16.36321 ], [ 74.02641, 16.36234 ], [ 74.0304, 16.36356 ], [ 74.03317, 16.36179 ], [ 74.0328, 16.34882 ], [ 74.03149, 16.33853 ], [ 74.03185, 16.33272 ], [ 74.03593, 16.31808 ], [ 74.03997, 16.312 ], [ 74.04138, 16.30799 ], [ 74.04317, 16.2916 ], [ 74.04613, 16.28536 ], [ 74.04808, 16.27161 ], [ 74.0489, 16.26476 ], [ 74.04786, 16.25893 ], [ 74.04227, 16.24742 ], [ 74.03912, 16.2383 ], [ 74.03899, 16.23362 ], [ 74.03611, 16.22883 ], [ 74.03078, 16.22343 ], [ 74.02332, 16.21637 ], [ 74.01797, 16.21261 ], [ 74.00925, 16.21061 ], [ 74.00096, 16.21204 ], [ 73.99424, 16.20887 ], [ 73.98936, 16.20451 ], [ 73.98711, 16.19958 ], [ 73.98267, 16.19701 ], [ 73.96489, 16.19689 ], [ 73.96175, 16.20626 ], [ 73.95584, 16.20994 ], [ 73.95062, 16.2108 ], [ 73.94143, 16.21014 ], [ 73.93291, 16.20114 ], [ 73.92556, 16.1999 ], [ 73.92341, 16.20063 ], [ 73.92553, 16.20332 ], [ 73.92673, 16.2075 ], [ 73.92757, 16.21779 ], [ 73.93076, 16.22109 ], [ 73.93397, 16.2229 ], [ 73.93563, 16.22679 ], [ 73.94155, 16.23473 ], [ 73.9426, 16.23771 ], [ 73.94106, 16.23949 ], [ 73.93584, 16.2396 ], [ 73.92468, 16.23401 ], [ 73.91597, 16.23097 ], [ 73.91214, 16.2302 ], [ 73.9043, 16.23208 ], [ 73.89177, 16.22648 ], [ 73.88915, 16.22765 ], [ 73.8951, 16.23291 ], [ 73.9113, 16.23973 ], [ 73.91602, 16.24319 ], [ 73.9154, 16.24512 ], [ 73.90601, 16.25012 ], [ 73.9066, 16.25191 ], [ 73.90842, 16.25356 ], [ 73.90658, 16.25519 ], [ 73.8969, 16.25676 ], [ 73.89114, 16.26789 ], [ 73.88088, 16.27785 ], [ 73.88924, 16.2879 ], [ 73.88962, 16.29848 ], [ 73.90214, 16.30557 ], [ 73.90253, 16.31347 ], [ 73.90173, 16.31948 ], [ 73.9026, 16.325 ], [ 73.90135, 16.32812 ], [ 73.89613, 16.32852 ], [ 73.88715, 16.32056 ], [ 73.88635, 16.32324 ], [ 73.8868, 16.32503 ], [ 73.86607, 16.30893 ], [ 73.86361, 16.30832 ], [ 73.85928, 16.31305 ], [ 73.85683, 16.31319 ], [ 73.85453, 16.31153 ], [ 73.84743, 16.29837 ], [ 73.84574, 16.29865 ], [ 73.84704, 16.30879 ], [ 73.84593, 16.31296 ], [ 73.84023, 16.31574 ], [ 73.84159, 16.31829 ], [ 73.84786, 16.32072 ], [ 73.84861, 16.3237 ], [ 73.84267, 16.33602 ], [ 73.83601, 16.34535 ], [ 73.83691, 16.34789 ], [ 73.83889, 16.34895 ], [ 73.84086, 16.35209 ], [ 73.84545, 16.35377 ], [ 73.85418, 16.35502 ], [ 73.85631, 16.35817 ], [ 73.85506, 16.36164 ], [ 73.85702, 16.36523 ], [ 73.86146, 16.36616 ], [ 73.86391, 16.36766 ], [ 73.8637, 16.37407 ], [ 73.86119, 16.38075 ], [ 73.85639, 16.38548 ], [ 73.8484, 16.38825 ], [ 73.84115, 16.39222 ], [ 73.83881, 16.39637 ], [ 73.838, 16.40173 ], [ 73.84118, 16.40717 ], [ 73.84774, 16.41228 ], [ 73.85198, 16.41872 ], [ 73.86055, 16.42221 ], [ 73.86663, 16.42911 ], [ 73.86827, 16.43643 ], [ 73.87132, 16.43928 ], [ 73.87791, 16.44067 ], [ 73.87849, 16.44366 ], [ 73.88628, 16.44899 ], [ 73.88803, 16.46136 ], [ 73.88641, 16.47148 ], [ 73.8842, 16.47862 ], [ 73.88557, 16.48176 ], [ 73.88741, 16.48133 ], [ 73.8896, 16.47643 ] ] ] } },
{ "type": "Feature", "properties": { "newname": null }, "geometry": { "type": "Polygon", "coordinates": [ [ [ 74.70921, 16.2443 ], [ 74.71396, 16.24626 ], [ 74.71838, 16.24413 ], [ 74.7206, 16.24395 ], [ 74.72613, 16.24041 ], [ 74.7295, 16.24142 ], [ 74.7284, 16.23787 ], [ 74.73122, 16.23835 ], [ 74.73168, 16.23571 ], [ 74.73383, 16.23444 ], [ 74.73565, 16.23147 ], [ 74.73926, 16.23359 ], [ 74.74149, 16.23326 ], [ 74.74301, 16.23063 ], [ 74.74534, 16.23142 ], [ 74.74653, 16.22957 ], [ 74.74902, 16.22921 ], [ 74.75089, 16.22708 ], [ 74.75394, 16.22821 ], [ 74.75563, 16.22689 ], [ 74.75408, 16.2224 ], [ 74.75878, 16.21908 ], [ 74.75594, 16.21597 ], [ 74.75835, 16.21377 ], [ 74.75642, 16.2122 ], [ 74.75315, 16.21153 ], [ 74.75265, 16.2094 ], [ 74.75383, 16.20586 ], [ 74.7593, 16.19979 ], [ 74.75462, 16.19878 ], [ 74.74944, 16.20476 ], [ 74.7478, 16.2113 ], [ 74.74567, 16.21218 ], [ 74.74473, 16.21659 ], [ 74.73813, 16.21916 ], [ 74.73183, 16.22518 ], [ 74.72934, 16.22632 ], [ 74.72891, 16.22847 ], [ 74.72659, 16.22896 ], [ 74.72073, 16.2355 ], [ 74.71603, 16.23718 ], [ 74.7138, 16.23665 ], [ 74.70959, 16.23777 ], [ 74.70735, 16.23751 ], [ 74.70446, 16.23593 ], [ 74.7025, 16.23893 ], [ 74.69885, 16.23768 ], [ 74.69598, 16.23541 ], [ 74.69307, 16.22803 ], [ 74.69426, 16.22549 ], [ 74.69216, 16.22185 ], [ 74.693, 16.21909 ], [ 74.69029, 16.21973 ], [ 74.68134, 16.2172 ], [ 74.68164, 16.22021 ], [ 74.6843, 16.22175 ], [ 74.68701, 16.22139 ], [ 74.68838, 16.22696 ], [ 74.68743, 16.22891 ], [ 74.69035, 16.232 ], [ 74.69096, 16.23392 ], [ 74.69091, 16.23678 ], [ 74.68822, 16.23891 ], [ 74.69196, 16.23965 ], [ 74.69291, 16.24144 ], [ 74.69487, 16.24078 ], [ 74.69753, 16.24305 ], [ 74.70103, 16.24443 ], [ 74.70332, 16.24422 ], [ 74.70629, 16.2468 ], [ 74.70688, 16.24457 ], [ 74.70921, 16.2443 ] ] ] } },
{ "type": "Feature", "properties": { "newname": null }, "geometry": { "type": "Polygon", "coordinates": [ [ [ 74.70483, 16.19867 ], [ 74.70369, 16.19351 ], [ 74.70183, 16.19044 ], [ 74.69624, 16.18715 ], [ 74.69254, 16.18355 ], [ 74.68977, 16.18501 ], [ 74.6914, 16.18806 ], [ 74.69531, 16.1892 ], [ 74.69871, 16.19375 ], [ 74.69991, 16.19748 ], [ 74.69999, 16.20264 ], [ 74.70141, 16.20609 ], [ 74.70399, 16.20316 ], [ 74.70483, 16.19867 ] ] ] } },
{ "type": "Feature", "properties": { "newname": null }, "geometry": { "type": "Polygon", "coordinates": [ [ [ 74.67628, 16.18007 ], [ 74.67329, 16.18128 ], [ 74.67669, 16.18363 ], [ 74.68341, 16.18463 ], [ 74.68142, 16.18223 ], [ 74.67628, 16.18007 ] ] ] } },
{ "type": "Feature", "properties": { "newname": null }, "geometry": { "type": "Polygon", "coordinates": [ [ [ 74.77206, 16.18948 ], [ 74.76933, 16.19342 ], [ 74.77359, 16.1934 ], [ 74.77206, 16.18948 ] ] ] } },
{ "type": "Feature", "properties": { "newname": null }, "geometry": { "type": "Polygon", "coordinates": [ [ [ 74.81142, 16.17326 ], [ 74.81491, 16.17455 ], [ 74.81365, 16.17188 ], [ 74.81142, 16.17326 ] ] ] } },
{ "type": "Feature", "properties": { "newname": null }, "geometry": { "type": "Polygon", "coordinates": [ [ [ 75.25401, 14.92619 ], [ 75.25608, 14.92342 ], [ 75.25438, 14.91964 ], [ 75.25333, 14.91867 ], [ 75.2511, 14.91844 ], [ 75.24916, 14.9192 ], [ 75.24806, 14.9225 ], [ 75.24969, 14.92605 ], [ 75.25149, 14.9267 ], [ 75.25401, 14.92619 ] ] ] } },
{ "type": "Feature", "properties": { "newname": null }, "geometry": { "type": "Polygon", "coordinates": [ [ [ 75.59501, 14.76705 ], [ 75.59607, 14.76462 ], [ 75.59312, 14.7516 ], [ 75.596, 14.75167 ], [ 75.59619, 14.73714 ], [ 75.60413, 14.73509 ], [ 75.60324, 14.7316 ], [ 75.6037, 14.72704 ], [ 75.58909, 14.72307 ], [ 75.58167, 14.72495 ], [ 75.58064, 14.72835 ], [ 75.57719, 14.72533 ], [ 75.57301, 14.72338 ], [ 75.56817, 14.72379 ], [ 75.56809, 14.71955 ], [ 75.56694, 14.71712 ], [ 75.56168, 14.71915 ], [ 75.56265, 14.71379 ], [ 75.55819, 14.71551 ], [ 75.55594, 14.71263 ], [ 75.55332, 14.71337 ], [ 75.54977, 14.70977 ], [ 75.5519, 14.70609 ], [ 75.55535, 14.70587 ], [ 75.55196, 14.6997 ], [ 75.55439, 14.69436 ], [ 75.54661, 14.69416 ], [ 75.54814, 14.70223 ], [ 75.54037, 14.70143 ], [ 75.53996, 14.70364 ], [ 75.53717, 14.70375 ], [ 75.53736, 14.70125 ], [ 75.52956, 14.70139 ], [ 75.52982, 14.70402 ], [ 75.52827, 14.70557 ], [ 75.52511, 14.70415 ], [ 75.52223, 14.70109 ], [ 75.51234, 14.70782 ], [ 75.51317, 14.70357 ], [ 75.51731, 14.69923 ], [ 75.51785, 14.69601 ], [ 75.51535, 14.69422 ], [ 75.51588, 14.69055 ], [ 75.51387, 14.68934 ], [ 75.51191, 14.692 ], [ 75.51181, 14.69431 ], [ 75.50744, 14.69803 ], [ 75.50176, 14.70617 ], [ 75.50063, 14.71177 ], [ 75.52614, 14.7162 ], [ 75.5346, 14.7162 ], [ 75.53443, 14.72202 ], [ 75.54124, 14.72216 ], [ 75.54127, 14.72691 ], [ 75.53996, 14.72925 ], [ 75.53982, 14.73189 ], [ 75.53559, 14.73124 ], [ 75.52562, 14.73146 ], [ 75.52596, 14.7344 ], [ 75.52477, 14.73694 ], [ 75.51558, 14.73773 ], [ 75.51251, 14.73662 ], [ 75.5107, 14.73811 ], [ 75.50816, 14.73711 ], [ 75.50649, 14.73871 ], [ 75.50246, 14.74921 ], [ 75.50185, 14.7556 ], [ 75.50791, 14.75531 ], [ 75.51567, 14.75186 ], [ 75.51462, 14.74768 ], [ 75.51947, 14.74587 ], [ 75.53143, 14.74337 ], [ 75.52917, 14.7402 ], [ 75.53439, 14.74003 ], [ 75.54262, 14.73788 ], [ 75.55407, 14.73726 ], [ 75.55875, 14.74182 ], [ 75.56955, 14.74037 ], [ 75.56944, 14.74589 ], [ 75.56231, 14.74886 ], [ 75.56399, 14.75232 ], [ 75.56192, 14.75442 ], [ 75.56584, 14.7578 ], [ 75.56575, 14.76158 ], [ 75.568, 14.76277 ], [ 75.57413, 14.76358 ], [ 75.57701, 14.76563 ], [ 75.57745, 14.7684 ], [ 75.59051, 14.76829 ], [ 75.59501, 14.76705 ] ] ] } },
{ "type": "Feature", "properties": { "newname": null }, "geometry": { "type": "Polygon", "coordinates": [ [ [ 75.02294, 14.4387 ], [ 75.02492, 14.43681 ], [ 75.02336, 14.43438 ], [ 75.01812, 14.4359 ], [ 75.0148, 14.43316 ], [ 75.01241, 14.43419 ], [ 75.01246, 14.43916 ], [ 75.0141, 14.44131 ], [ 75.01929, 14.44461 ], [ 75.022, 14.44137 ], [ 75.02294, 14.4387 ] ] ] } },
{ "type": "Feature", "properties": { "newname": null }, "geometry": { "type": "Polygon", "coordinates": [ [ [ 74.77731, 14.18166 ], [ 74.77561, 14.18439 ], [ 74.77974, 14.18549 ], [ 74.77955, 14.18207 ], [ 74.77731, 14.18166 ] ] ] } },
{ "type": "Feature", "properties": { "newname": null }, "geometry": { "type": "Polygon", "coordinates": [ [ [ 74.75231, 14.83062 ], [ 74.74837, 14.83088 ], [ 74.75093, 14.82862 ], [ 74.75313, 14.82115 ], [ 74.75269, 14.81414 ], [ 74.75404, 14.8114 ], [ 74.75368, 14.80821 ], [ 74.75512, 14.80309 ], [ 74.75435, 14.79775 ], [ 74.75539, 14.79669 ], [ 74.7598, 14.79645 ], [ 74.76181, 14.79519 ], [ 74.76123, 14.79114 ], [ 74.76253, 14.78708 ], [ 74.76041, 14.7836 ], [ 74.76022, 14.78177 ], [ 74.75601, 14.78474 ], [ 74.7548, 14.78338 ], [ 74.75044, 14.7876 ], [ 74.74933, 14.78719 ], [ 74.74792, 14.79048 ], [ 74.74518, 14.7938 ], [ 74.74395, 14.79391 ], [ 74.74478, 14.79953 ], [ 74.75067, 14.80085 ], [ 74.74868, 14.80332 ], [ 74.74455, 14.80287 ], [ 74.74237, 14.80436 ], [ 74.74205, 14.80671 ], [ 74.74023, 14.80883 ], [ 74.74163, 14.81225 ], [ 74.7382, 14.81139 ], [ 74.73694, 14.81179 ], [ 74.73721, 14.81351 ], [ 74.73648, 14.81614 ], [ 74.73593, 14.81601 ], [ 74.73685, 14.81893 ], [ 74.73587, 14.82189 ], [ 74.73437, 14.82321 ], [ 74.73399, 14.82118 ], [ 74.73198, 14.82358 ], [ 74.71525, 14.81864 ], [ 74.71439, 14.8141 ], [ 74.712, 14.81335 ], [ 74.71132, 14.8125 ], [ 74.71172, 14.8118 ], [ 74.7103, 14.81037 ], [ 74.71086, 14.8034 ], [ 74.7071, 14.80495 ], [ 74.70429, 14.79056 ], [ 74.7042, 14.78768 ], [ 74.70601, 14.786 ], [ 74.70493, 14.78426 ], [ 74.70557, 14.78429 ], [ 74.70652, 14.78093 ], [ 74.70585, 14.77698 ], [ 74.70878, 14.77558 ], [ 74.70714, 14.77074 ], [ 74.7058, 14.76972 ], [ 74.7033, 14.77001 ], [ 74.7004, 14.76803 ], [ 74.70071, 14.76919 ], [ 74.69942, 14.76946 ], [ 74.69843, 14.772 ], [ 74.69488, 14.77173 ], [ 74.69274, 14.77265 ], [ 74.69292, 14.76014 ], [ 74.69238, 14.75886 ], [ 74.69108, 14.7594 ], [ 74.68969, 14.75802 ], [ 74.6899, 14.75574 ], [ 74.6885, 14.75568 ], [ 74.68711, 14.75691 ], [ 74.68451, 14.75628 ], [ 74.68263, 14.74574 ], [ 74.68189, 14.74516 ], [ 74.68271, 14.74085 ], [ 74.67967, 14.74289 ], [ 74.67835, 14.74268 ], [ 74.67871, 14.74425 ], [ 74.67664, 14.7443 ], [ 74.67676, 14.74551 ], [ 74.67342, 14.74527 ], [ 74.67125, 14.75954 ], [ 74.67199, 14.76046 ], [ 74.67109, 14.7609 ], [ 74.66989, 14.76018 ], [ 74.67024, 14.7615 ], [ 74.67117, 14.76185 ], [ 74.67082, 14.76379 ], [ 74.66894, 14.7648 ], [ 74.66758, 14.7668 ], [ 74.66752, 14.76839 ], [ 74.67402, 14.77039 ], [ 74.67604, 14.7724 ], [ 74.6777, 14.7718 ], [ 74.67834, 14.7734 ], [ 74.68122, 14.77476 ], [ 74.68796, 14.77651 ], [ 74.68932, 14.77944 ], [ 74.68823, 14.78151 ], [ 74.68863, 14.78253 ], [ 74.68377, 14.78853 ], [ 74.68206, 14.79688 ], [ 74.68119, 14.80863 ], [ 74.69146, 14.81187 ], [ 74.69099, 14.8153 ], [ 74.68927, 14.81687 ], [ 74.68894, 14.81917 ], [ 74.687, 14.82071 ], [ 74.68795, 14.82176 ], [ 74.68938, 14.82191 ], [ 74.69361, 14.82092 ], [ 74.6935, 14.82774 ], [ 74.69214, 14.82919 ], [ 74.6936, 14.8358 ], [ 74.68597, 14.83323 ], [ 74.68603, 14.83921 ], [ 74.68707, 14.83951 ], [ 74.68704, 14.84072 ], [ 74.68883, 14.84257 ], [ 74.68866, 14.8441 ], [ 74.68973, 14.84456 ], [ 74.6887, 14.84531 ], [ 74.69002, 14.84609 ], [ 74.69031, 14.84838 ], [ 74.68826, 14.8486 ], [ 74.6906, 14.84946 ], [ 74.69393, 14.85616 ], [ 74.69063, 14.86156 ], [ 74.68922, 14.86578 ], [ 74.69539, 14.86683 ], [ 74.69602, 14.86855 ], [ 74.6979, 14.86866 ], [ 74.699, 14.86713 ], [ 74.69992, 14.86398 ], [ 74.69903, 14.86398 ], [ 74.69973, 14.86289 ], [ 74.70343, 14.86435 ], [ 74.70446, 14.86354 ], [ 74.70614, 14.85863 ], [ 74.70447, 14.85777 ], [ 74.70379, 14.85579 ], [ 74.70624, 14.85826 ], [ 74.70766, 14.85448 ], [ 74.71053, 14.85428 ], [ 74.71327, 14.85512 ], [ 74.7149, 14.85234 ], [ 74.71728, 14.85044 ], [ 74.73055, 14.84908 ], [ 74.73141, 14.84927 ], [ 74.7316, 14.85294 ], [ 74.73326, 14.85355 ], [ 74.73273, 14.85663 ], [ 74.73521, 14.8612 ], [ 74.73756, 14.86228 ], [ 74.74067, 14.86128 ], [ 74.7455, 14.85256 ], [ 74.74653, 14.85175 ], [ 74.74903, 14.85231 ], [ 74.75293, 14.8563 ], [ 74.75061, 14.86162 ], [ 74.75316, 14.86344 ], [ 74.75567, 14.86385 ], [ 74.76001, 14.86972 ], [ 74.7627, 14.87183 ], [ 74.76738, 14.87145 ], [ 74.771, 14.87295 ], [ 74.77416, 14.86761 ], [ 74.77526, 14.86409 ], [ 74.7771, 14.86384 ], [ 74.77737, 14.86205 ], [ 74.77974, 14.86145 ], [ 74.7794, 14.85989 ], [ 74.78198, 14.85915 ], [ 74.78113, 14.85769 ], [ 74.78232, 14.85682 ], [ 74.78193, 14.85376 ], [ 74.78104, 14.85336 ], [ 74.78066, 14.85409 ], [ 74.77786, 14.85454 ], [ 74.78091, 14.85286 ], [ 74.78015, 14.85218 ], [ 74.77781, 14.85274 ], [ 74.77806, 14.85052 ], [ 74.77509, 14.85073 ], [ 74.77649, 14.84988 ], [ 74.77384, 14.84652 ], [ 74.77527, 14.84683 ], [ 74.77705, 14.84929 ], [ 74.78111, 14.85096 ], [ 74.7819, 14.84614 ], [ 74.78042, 14.84356 ], [ 74.77943, 14.84349 ], [ 74.77907, 14.84227 ], [ 74.77816, 14.84236 ], [ 74.7787, 14.84148 ], [ 74.77811, 14.84092 ], [ 74.7816, 14.83939 ], [ 74.78136, 14.83611 ], [ 74.77811, 14.83395 ], [ 74.7802, 14.83448 ], [ 74.78181, 14.83394 ], [ 74.77939, 14.83003 ], [ 74.78098, 14.82902 ], [ 74.78028, 14.83061 ], [ 74.78302, 14.83497 ], [ 74.78534, 14.83262 ], [ 74.7844, 14.8312 ], [ 74.78527, 14.82713 ], [ 74.78397, 14.82447 ], [ 74.78486, 14.82296 ], [ 74.78173, 14.82459 ], [ 74.78323, 14.82771 ], [ 74.78468, 14.82864 ], [ 74.78309, 14.82813 ], [ 74.78071, 14.82486 ], [ 74.77828, 14.82348 ], [ 74.77536, 14.82536 ], [ 74.77267, 14.8254 ], [ 74.77177, 14.82411 ], [ 74.77114, 14.8248 ], [ 74.77245, 14.82775 ], [ 74.77358, 14.82754 ], [ 74.77383, 14.82918 ], [ 74.77304, 14.8303 ], [ 74.77621, 14.83013 ], [ 74.77383, 14.83145 ], [ 74.7722, 14.83045 ], [ 74.7705, 14.83083 ], [ 74.76959, 14.82963 ], [ 74.76934, 14.82765 ], [ 74.77024, 14.82513 ], [ 74.76059, 14.82924 ], [ 74.75823, 14.82637 ], [ 74.75573, 14.82564 ], [ 74.7541, 14.82653 ], [ 74.75654, 14.82611 ], [ 74.75407, 14.82657 ], [ 74.75231, 14.83062 ] ], [ [ 74.76739, 14.86304 ], [ 74.76787, 14.8619 ], [ 74.77136, 14.86485 ], [ 74.77124, 14.86739 ], [ 74.7695, 14.86644 ], [ 74.76739, 14.86304 ] ], [ [ 74.76937, 14.83711 ], [ 74.76592, 14.83647 ], [ 74.76688, 14.83492 ], [ 74.77128, 14.8341 ], [ 74.77294, 14.83748 ], [ 74.76937, 14.83711 ] ] ] } },
{ "type": "Feature", "properties": { "newname": null }, "geometry": { "type": "Polygon", "coordinates": [ [ [ 74.76688, 14.83492 ], [ 74.76592, 14.83647 ], [ 74.77294, 14.83748 ], [ 74.77128, 14.8341 ], [ 74.76688, 14.83492 ] ] ] } },
{ "type": "Feature", "properties": { "newname": null }, "geometry": { "type": "Polygon", "coordinates": [ [ [ 74.75605, 14.8262 ], [ 74.75654, 14.82611 ], [ 74.7557, 14.82579 ], [ 74.75407, 14.82657 ], [ 74.75605, 14.8262 ] ] ] } },
{ "type": "Feature", "properties": { "newname": null }, "geometry": { "type": "Polygon", "coordinates": [ [ [ 74.76177, 14.7959 ], [ 74.76151, 14.79076 ], [ 74.76287, 14.78746 ], [ 74.76031, 14.78297 ], [ 74.76093, 14.77538 ], [ 74.76502, 14.77558 ], [ 74.76812, 14.77714 ], [ 74.77046, 14.77407 ], [ 74.77335, 14.77521 ], [ 74.77452, 14.77031 ], [ 74.77895, 14.76943 ], [ 74.77791, 14.7651 ], [ 74.77821, 14.76313 ], [ 74.78047, 14.75859 ], [ 74.78402, 14.75581 ], [ 74.78602, 14.75186 ], [ 74.7915, 14.75361 ], [ 74.79182, 14.75535 ], [ 74.79283, 14.75603 ], [ 74.79514, 14.75391 ], [ 74.79679, 14.74927 ], [ 74.79823, 14.74965 ], [ 74.80218, 14.75311 ], [ 74.80313, 14.7526 ], [ 74.80367, 14.75 ], [ 74.80647, 14.75074 ], [ 74.80809, 14.75028 ], [ 74.81142, 14.74384 ], [ 74.8116, 14.74131 ], [ 74.81085, 14.7398 ], [ 74.81321, 14.73536 ], [ 74.81272, 14.7323 ], [ 74.81531, 14.73062 ], [ 74.81238, 14.72754 ], [ 74.81083, 14.72452 ], [ 74.81048, 14.72006 ], [ 74.80821, 14.71908 ], [ 74.81076, 14.71428 ], [ 74.80981, 14.71093 ], [ 74.80899, 14.71163 ], [ 74.8096, 14.71362 ], [ 74.80871, 14.71736 ], [ 74.80736, 14.71928 ], [ 74.80769, 14.71977 ], [ 74.80954, 14.72036 ], [ 74.80975, 14.72074 ], [ 74.8094, 14.72364 ], [ 74.81035, 14.7265 ], [ 74.81431, 14.73031 ], [ 74.81197, 14.73139 ], [ 74.81191, 14.73612 ], [ 74.8101, 14.73848 ], [ 74.81121, 14.74289 ], [ 74.80905, 14.74573 ], [ 74.80727, 14.75 ], [ 74.80345, 14.74951 ], [ 74.80212, 14.75219 ], [ 74.80043, 14.75044 ], [ 74.7967, 14.74889 ], [ 74.79572, 14.74976 ], [ 74.79441, 14.75381 ], [ 74.79278, 14.75533 ], [ 74.79131, 14.75279 ], [ 74.78553, 14.75108 ], [ 74.78333, 14.75562 ], [ 74.77939, 14.75875 ], [ 74.7774, 14.76316 ], [ 74.77715, 14.76569 ], [ 74.77799, 14.76899 ], [ 74.77352, 14.76997 ], [ 74.77286, 14.77458 ], [ 74.77002, 14.77327 ], [ 74.76881, 14.7761 ], [ 74.76804, 14.77636 ], [ 74.76482, 14.77495 ], [ 74.7608, 14.77453 ], [ 74.7598, 14.7766 ], [ 74.75922, 14.78202 ], [ 74.76179, 14.78644 ], [ 74.76194, 14.78831 ], [ 74.76074, 14.79129 ], [ 74.76084, 14.79527 ], [ 74.75813, 14.79613 ], [ 74.75948, 14.79689 ], [ 74.76177, 14.7959 ] ] ] } },
{ "type": "Feature", "properties": { "newname": null }, "geometry": { "type": "Polygon", "coordinates": [ [ [ 74.97955, 15.05362 ], [ 74.97402, 15.05128 ], [ 74.96846, 15.05432 ], [ 74.96765, 15.05739 ], [ 74.97872, 15.059 ], [ 74.9827, 15.05595 ], [ 74.97955, 15.05362 ] ] ] } },
{ "type": "Feature", "properties": { "newname": null }, "geometry": { "type": "Polygon", "coordinates": [ [ [ 74.77136, 14.86485 ], [ 74.76766, 14.86201 ], [ 74.76739, 14.86304 ], [ 74.76869, 14.86433 ], [ 74.76881, 14.86558 ], [ 74.77044, 14.86746 ], [ 74.77122, 14.86739 ], [ 74.77136, 14.86485 ] ] ] } },
{ "type": "Feature", "properties": { "newname": null }, "geometry": { "type": "Polygon", "coordinates": [ [ [ 74.56722, 15.17885 ], [ 74.56963, 15.17613 ], [ 74.57016, 15.17043 ], [ 74.57336, 15.16901 ], [ 74.57626, 15.16309 ], [ 74.58177, 15.15859 ], [ 74.58565, 15.15708 ], [ 74.59124, 15.15623 ], [ 74.59006, 15.15407 ], [ 74.59557, 15.15445 ], [ 74.59865, 15.15325 ], [ 74.59917, 15.14883 ], [ 74.59814, 15.14705 ], [ 74.59615, 15.14627 ], [ 74.5965, 15.14301 ], [ 74.59879, 15.14332 ], [ 74.60149, 15.14885 ], [ 74.60109, 15.15191 ], [ 74.60225, 15.15406 ], [ 74.6048, 15.1549 ], [ 74.60673, 15.15381 ], [ 74.60847, 15.1548 ], [ 74.61103, 15.15398 ], [ 74.60814, 15.15978 ], [ 74.61539, 15.15865 ], [ 74.61954, 15.15929 ], [ 74.62116, 15.16104 ], [ 74.62085, 15.16452 ], [ 74.62485, 15.16445 ], [ 74.62904, 15.16642 ], [ 74.63538, 15.16518 ], [ 74.64053, 15.16574 ], [ 74.64369, 15.16501 ], [ 74.64644, 15.16619 ], [ 74.65095, 15.16632 ], [ 74.65871, 15.16821 ], [ 74.66712, 15.16637 ], [ 74.67321, 15.1676 ], [ 74.67543, 15.16731 ], [ 74.68253, 15.16222 ], [ 74.68355, 15.16033 ], [ 74.69101, 15.15798 ], [ 74.70613, 15.15826 ], [ 74.70866, 15.16167 ], [ 74.71047, 15.15941 ], [ 74.71374, 15.15912 ], [ 74.71312, 15.15411 ], [ 74.71424, 15.1524 ], [ 74.71752, 15.15142 ], [ 74.72068, 15.15235 ], [ 74.71644, 15.14621 ], [ 74.71727, 15.14182 ], [ 74.72253, 15.12934 ], [ 74.72664, 15.12514 ], [ 74.72733, 15.12245 ], [ 74.72541, 15.11661 ], [ 74.72606, 15.11243 ], [ 74.72847, 15.10984 ], [ 74.72905, 15.10711 ], [ 74.72562, 15.10479 ], [ 74.7263, 15.10085 ], [ 74.7253, 15.09648 ], [ 74.73128, 15.09368 ], [ 74.73261, 15.09211 ], [ 74.73298, 15.08927 ], [ 74.73137, 15.08612 ], [ 74.73137, 15.08272 ], [ 74.7254, 15.08353 ], [ 74.72107, 15.08035 ], [ 74.71797, 15.08152 ], [ 74.71692, 15.08328 ], [ 74.71411, 15.08535 ], [ 74.71133, 15.09256 ], [ 74.70619, 15.09949 ], [ 74.70576, 15.103 ], [ 74.70396, 15.10413 ], [ 74.70036, 15.10431 ], [ 74.70181, 15.10037 ], [ 74.6964, 15.09046 ], [ 74.69485, 15.08439 ], [ 74.68501, 15.07652 ], [ 74.68185, 15.07129 ], [ 74.68179, 15.06883 ], [ 74.66268, 15.05718 ], [ 74.66023, 15.0575 ], [ 74.65996, 15.05425 ], [ 74.65812, 15.0516 ], [ 74.65449, 15.05095 ], [ 74.65387, 15.04548 ], [ 74.65211, 15.04093 ], [ 74.6539, 15.04004 ], [ 74.65598, 15.03741 ], [ 74.65561, 15.03429 ], [ 74.65071, 15.03331 ], [ 74.64892, 15.03165 ], [ 74.64542, 15.03255 ], [ 74.64073, 15.03215 ], [ 74.63905, 15.02928 ], [ 74.63673, 15.02943 ], [ 74.63606, 15.02585 ], [ 74.62929, 15.0253 ], [ 74.63049, 15.03003 ], [ 74.62775, 15.0303 ], [ 74.62408, 15.0294 ], [ 74.62213, 15.02664 ], [ 74.62373, 15.02223 ], [ 74.62094, 15.01829 ], [ 74.61462, 15.01361 ], [ 74.60951, 15.006 ], [ 74.6086, 15.00308 ], [ 74.60599, 15.00262 ], [ 74.60504, 14.99465 ], [ 74.59924, 14.98461 ], [ 74.5961, 14.98526 ], [ 74.59348, 14.98461 ], [ 74.58769, 14.98005 ], [ 74.58531, 14.97921 ], [ 74.58261, 14.98036 ], [ 74.57993, 14.97907 ], [ 74.57782, 14.97548 ], [ 74.57661, 14.97107 ], [ 74.57486, 14.97411 ], [ 74.56787, 14.97405 ], [ 74.56467, 14.97874 ], [ 74.56259, 14.97866 ], [ 74.56094, 14.98037 ], [ 74.5611, 14.98265 ], [ 74.55854, 14.98605 ], [ 74.55693, 14.99613 ], [ 74.55421, 14.99548 ], [ 74.55009, 14.99629 ], [ 74.55077, 14.99873 ], [ 74.55006, 15.00549 ], [ 74.54888, 15.00748 ], [ 74.54687, 15.00833 ], [ 74.54461, 15.01481 ], [ 74.54024, 15.01979 ], [ 74.54089, 15.02405 ], [ 74.53719, 15.03257 ], [ 74.53504, 15.03244 ], [ 74.53356, 15.03084 ], [ 74.52947, 15.02928 ], [ 74.52869, 15.02514 ], [ 74.52741, 15.02332 ], [ 74.52329, 15.02517 ], [ 74.51395, 15.02428 ], [ 74.51252, 15.02587 ], [ 74.50877, 15.03853 ], [ 74.50857, 15.04301 ], [ 74.50594, 15.04634 ], [ 74.50618, 15.0528 ], [ 74.50326, 15.05858 ], [ 74.50465, 15.06285 ], [ 74.50183, 15.069 ], [ 74.50154, 15.0736 ], [ 74.50265, 15.07558 ], [ 74.50929, 15.07642 ], [ 74.51131, 15.0775 ], [ 74.513, 15.07867 ], [ 74.51457, 15.08138 ], [ 74.51154, 15.08421 ], [ 74.50804, 15.0892 ], [ 74.50516, 15.09528 ], [ 74.50337, 15.10384 ], [ 74.50354, 15.11077 ], [ 74.50458, 15.11553 ], [ 74.51172, 15.12614 ], [ 74.50233, 15.13476 ], [ 74.5, 15.13604 ], [ 74.49546, 15.13653 ], [ 74.49873, 15.14899 ], [ 74.51794, 15.15177 ], [ 74.52042, 15.14994 ], [ 74.52282, 15.1501 ], [ 74.52859, 15.15425 ], [ 74.53608, 15.15354 ], [ 74.5407, 15.15502 ], [ 74.54403, 15.15742 ], [ 74.5481, 15.15744 ], [ 74.55445, 15.16011 ], [ 74.56046, 15.16686 ], [ 74.55888, 15.17128 ], [ 74.55772, 15.17824 ], [ 74.55774, 15.18453 ], [ 74.56, 15.18395 ], [ 74.56722, 15.17885 ] ], [ [ 74.61202, 15.15082 ], [ 74.6142, 15.15207 ], [ 74.61813, 15.1524 ], [ 74.61481, 15.15581 ], [ 74.61103, 15.15398 ], [ 74.61202, 15.15082 ] ], [ [ 74.5675, 15.03685 ], [ 74.56987, 15.03853 ], [ 74.56728, 15.03931 ], [ 74.5675, 15.03685 ] ], [ [ 74.54711, 15.05147 ], [ 74.54947, 15.05229 ], [ 74.54678, 15.05435 ], [ 74.54711, 15.05147 ] ], [ [ 74.5569, 15.02322 ], [ 74.5599, 15.02149 ], [ 74.55917, 15.02451 ], [ 74.5569, 15.02322 ] ], [ [ 74.61512, 15.12596 ], [ 74.615, 15.12992 ], [ 74.61302, 15.12815 ], [ 74.61512, 15.12596 ] ], [ [ 74.5526, 15.03173 ], [ 74.55098, 15.03362 ], [ 74.5489, 15.03057 ], [ 74.5526, 15.03173 ] ], [ [ 74.54568, 15.04725 ], [ 74.54263, 15.04594 ], [ 74.54407, 15.04327 ], [ 74.54568, 15.04725 ] ], [ [ 74.51714, 15.08062 ], [ 74.5204, 15.07913 ], [ 74.51939, 15.08333 ], [ 74.51714, 15.08062 ] ], [ [ 74.55643, 15.08218 ], [ 74.55839, 15.08385 ], [ 74.55488, 15.08452 ], [ 74.55418, 15.08219 ], [ 74.55643, 15.08218 ] ], [ [ 74.53017, 15.13098 ], [ 74.53235, 15.12921 ], [ 74.53487, 15.12932 ], [ 74.53494, 15.13171 ], [ 74.53017, 15.13098 ] ], [ [ 74.54768, 15.07698 ], [ 74.54359, 15.07778 ], [ 74.54575, 15.07498 ], [ 74.54768, 15.07698 ] ], [ [ 74.55173, 15.07473 ], [ 74.55009, 15.07819 ], [ 74.54768, 15.07698 ], [ 74.55173, 15.07473 ] ], [ [ 74.56155, 15.14364 ], [ 74.5666, 15.14556 ], [ 74.5666, 15.14777 ], [ 74.563, 15.14648 ], [ 74.56155, 15.14364 ] ], [ [ 74.52045, 15.12933 ], [ 74.52464, 15.13049 ], [ 74.52259, 15.13367 ], [ 74.52047, 15.13245 ], [ 74.52045, 15.12933 ] ], [ [ 74.57845, 15.0236 ], [ 74.5807, 15.0242 ], [ 74.57767, 15.02945 ], [ 74.57689, 15.02643 ], [ 74.57845, 15.0236 ] ], [ [ 74.51505, 15.10683 ], [ 74.51641, 15.10469 ], [ 74.52257, 15.1039 ], [ 74.5222, 15.10004 ], [ 74.52676, 15.10582 ], [ 74.52071, 15.10873 ], [ 74.51844, 15.10741 ], [ 74.51505, 15.10683 ] ], [ [ 74.55879, 15.0383 ], [ 74.55672, 15.04195 ], [ 74.55457, 15.04036 ], [ 74.55879, 15.0383 ] ], [ [ 74.55738, 15.03615 ], [ 74.56239, 15.03202 ], [ 74.563, 15.03458 ], [ 74.56106, 15.03879 ], [ 74.55879, 15.0383 ], [ 74.55738, 15.03615 ] ], [ [ 74.56367, 15.0277 ], [ 74.56707, 15.02841 ], [ 74.56679, 15.03171 ], [ 74.56239, 15.03202 ], [ 74.56367, 15.0277 ] ], [ [ 74.52017, 15.14736 ], [ 74.51938, 15.14457 ], [ 74.51687, 15.14694 ], [ 74.51505, 15.14384 ], [ 74.51709, 15.14048 ], [ 74.5186, 15.14233 ], [ 74.5202, 15.13948 ], [ 74.52271, 15.14025 ], [ 74.5239, 15.14189 ], [ 74.52673, 15.14353 ], [ 74.52535, 15.14788 ], [ 74.52017, 15.14736 ] ], [ [ 74.56783, 15.04642 ], [ 74.56052, 15.04779 ], [ 74.56391, 15.04333 ], [ 74.56783, 15.04642 ] ], [ [ 74.57075, 15.05031 ], [ 74.56597, 15.05078 ], [ 74.56783, 15.04642 ], [ 74.57075, 15.05031 ] ], [ [ 74.5736, 15.04927 ], [ 74.57508, 15.04684 ], [ 74.57687, 15.0506 ], [ 74.57481, 15.05183 ], [ 74.57354, 15.05397 ], [ 74.57075, 15.05031 ], [ 74.5736, 15.04927 ] ], [ [ 74.57976, 15.04325 ], [ 74.582, 15.04362 ], [ 74.58365, 15.0476 ], [ 74.58081, 15.04987 ], [ 74.57687, 15.0506 ], [ 74.57976, 15.04325 ] ], [ [ 74.55489, 15.06308 ], [ 74.55238, 15.06622 ], [ 74.54881, 15.06655 ], [ 74.55147, 15.06345 ], [ 74.55489, 15.06308 ] ], [ [ 74.5489, 15.05905 ], [ 74.55157, 15.058 ], [ 74.55952, 15.06288 ], [ 74.56548, 15.06317 ], [ 74.56754, 15.06837 ], [ 74.56229, 15.06735 ], [ 74.55489, 15.06308 ], [ 74.5489, 15.05905 ] ], [ [ 74.57033, 15.07174 ], [ 74.56796, 15.07227 ], [ 74.56754, 15.06837 ], [ 74.57033, 15.07174 ] ] ] } },
{ "type": "Feature", "properties": { "newname": null }, "geometry": { "type": "Polygon", "coordinates": [ [ [ 74.5489, 15.03057 ], [ 74.55098, 15.03362 ], [ 74.5526, 15.03173 ], [ 74.5489, 15.03057 ] ] ] } },
{ "type": "Feature", "properties": { "newname": null }, "geometry": { "type": "Polygon", "coordinates": [ [ [ 74.5807, 15.0242 ], [ 74.57845, 15.0236 ], [ 74.57689, 15.02643 ], [ 74.57767, 15.02945 ], [ 74.5807, 15.0242 ] ] ] } },
{ "type": "Feature", "properties": { "newname": null }, "geometry": { "type": "Polygon", "coordinates": [ [ [ 74.5569, 15.02322 ], [ 74.55917, 15.02451 ], [ 74.5599, 15.02149 ], [ 74.5569, 15.02322 ] ] ] } },
{ "type": "Feature", "properties": { "newname": null }, "geometry": { "type": "Polygon", "coordinates": [ [ [ 74.56707, 15.02841 ], [ 74.56367, 15.0277 ], [ 74.56239, 15.03202 ], [ 74.56679, 15.03171 ], [ 74.56707, 15.02841 ] ] ] } },
{ "type": "Feature", "properties": { "newname": null }, "geometry": { "type": "Polygon", "coordinates": [ [ [ 74.563, 15.03458 ], [ 74.56239, 15.03202 ], [ 74.55738, 15.03615 ], [ 74.55879, 15.0383 ], [ 74.56106, 15.03879 ], [ 74.563, 15.03458 ] ] ] } },
{ "type": "Feature", "properties": { "newname": null }, "geometry": { "type": "Polygon", "coordinates": [ [ [ 74.55457, 15.04036 ], [ 74.55672, 15.04195 ], [ 74.55879, 15.0383 ], [ 74.55457, 15.04036 ] ] ] } },
{ "type": "Feature", "properties": { "newname": null }, "geometry": { "type": "Polygon", "coordinates": [ [ [ 74.56783, 15.04642 ], [ 74.56391, 15.04333 ], [ 74.56052, 15.04779 ], [ 74.56783, 15.04642 ] ] ] } },
{ "type": "Feature", "properties": { "newname": null }, "geometry": { "type": "Polygon", "coordinates": [ [ [ 74.56548, 15.06317 ], [ 74.55952, 15.06288 ], [ 74.55157, 15.058 ], [ 74.5489, 15.05905 ], [ 74.56229, 15.06735 ], [ 74.56754, 15.06837 ], [ 74.56548, 15.06317 ] ] ] } },
{ "type": "Feature", "properties": { "newname": null }, "geometry": { "type": "Polygon", "coordinates": [ [ [ 74.58365, 15.0476 ], [ 74.582, 15.04362 ], [ 74.57976, 15.04325 ], [ 74.57687, 15.0506 ], [ 74.58081, 15.04987 ], [ 74.58365, 15.0476 ] ] ] } },
{ "type": "Feature", "properties": { "newname": null }, "geometry": { "type": "Polygon", "coordinates": [ [ [ 74.57687, 15.0506 ], [ 74.57508, 15.04684 ], [ 74.5736, 15.04927 ], [ 74.57075, 15.05031 ], [ 74.57354, 15.05397 ], [ 74.57481, 15.05183 ], [ 74.57687, 15.0506 ] ] ] } },
{ "type": "Feature", "properties": { "newname": null }, "geometry": { "type": "Polygon", "coordinates": [ [ [ 74.56783, 15.04642 ], [ 74.56597, 15.05078 ], [ 74.57075, 15.05031 ], [ 74.56783, 15.04642 ] ] ] } },
{ "type": "Feature", "properties": { "newname": null }, "geometry": { "type": "Polygon", "coordinates": [ [ [ 74.5675, 15.03685 ], [ 74.56728, 15.03931 ], [ 74.56987, 15.03853 ], [ 74.5675, 15.03685 ] ] ] } },
{ "type": "Feature", "properties": { "newname": null }, "geometry": { "type": "Polygon", "coordinates": [ [ [ 74.56754, 15.06837 ], [ 74.56796, 15.07227 ], [ 74.57033, 15.07174 ], [ 74.56754, 15.06837 ] ] ] } },
{ "type": "Feature", "properties": { "newname": null }, "geometry": { "type": "Polygon", "coordinates": [ [ [ 74.55643, 15.08218 ], [ 74.55418, 15.08219 ], [ 74.55488, 15.08452 ], [ 74.55839, 15.08385 ], [ 74.55643, 15.08218 ] ] ] } },
{ "type": "Feature", "properties": { "newname": null }, "geometry": { "type": "Polygon", "coordinates": [ [ [ 74.54575, 15.07498 ], [ 74.54359, 15.07778 ], [ 74.54768, 15.07698 ], [ 74.54575, 15.07498 ] ] ] } },
{ "type": "Feature", "properties": { "newname": null }, "geometry": { "type": "Polygon", "coordinates": [ [ [ 74.54768, 15.07698 ], [ 74.55009, 15.07819 ], [ 74.55173, 15.07473 ], [ 74.54768, 15.07698 ] ] ] } },
{ "type": "Feature", "properties": { "newname": null }, "geometry": { "type": "Polygon", "coordinates": [ [ [ 74.55489, 15.06308 ], [ 74.55147, 15.06345 ], [ 74.54881, 15.06655 ], [ 74.55238, 15.06622 ], [ 74.55489, 15.06308 ] ] ] } },
{ "type": "Feature", "properties": { "newname": null }, "geometry": { "type": "Polygon", "coordinates": [ [ [ 74.54711, 15.05147 ], [ 74.54678, 15.05435 ], [ 74.54947, 15.05229 ], [ 74.54711, 15.05147 ] ] ] } },
{ "type": "Feature", "properties": { "newname": null }, "geometry": { "type": "Polygon", "coordinates": [ [ [ 74.54263, 15.04594 ], [ 74.54568, 15.04725 ], [ 74.54407, 15.04327 ], [ 74.54263, 15.04594 ] ] ] } },
{ "type": "Feature", "properties": { "newname": null }, "geometry": { "type": "Polygon", "coordinates": [ [ [ 74.51714, 15.08062 ], [ 74.51939, 15.08333 ], [ 74.5204, 15.07913 ], [ 74.51714, 15.08062 ] ] ] } },
{ "type": "Feature", "properties": { "newname": null }, "geometry": { "type": "Polygon", "coordinates": [ [ [ 74.32618, 15.11771 ], [ 74.32804, 15.11519 ], [ 74.32852, 15.11304 ], [ 74.33121, 15.11078 ], [ 74.33356, 15.11069 ], [ 74.33584, 15.11518 ], [ 74.34093, 15.11928 ], [ 74.34393, 15.11871 ], [ 74.35051, 15.11387 ], [ 74.35544, 15.1124 ], [ 74.35745, 15.11329 ], [ 74.35912, 15.10913 ], [ 74.36708, 15.10682 ], [ 74.36989, 15.10841 ], [ 74.3737, 15.10598 ], [ 74.37585, 15.10582 ], [ 74.38243, 15.10298 ], [ 74.38181, 15.10094 ], [ 74.38496, 15.10036 ], [ 74.3858, 15.09847 ], [ 74.38914, 15.09779 ], [ 74.38934, 15.09468 ], [ 74.38847, 15.09202 ], [ 74.38991, 15.09015 ], [ 74.39259, 15.08935 ], [ 74.40393, 15.07598 ], [ 74.41006, 15.06672 ], [ 74.40926, 15.06487 ], [ 74.41296, 15.06138 ], [ 74.4152, 15.06079 ], [ 74.41825, 15.05767 ], [ 74.41957, 15.05414 ], [ 74.42522, 15.04719 ], [ 74.42631, 15.04232 ], [ 74.42868, 15.0413 ], [ 74.43025, 15.04747 ], [ 74.43239, 15.04799 ], [ 74.43674, 15.04318 ], [ 74.45109, 15.03392 ], [ 74.46014, 15.02931 ], [ 74.46473, 15.02449 ], [ 74.4677, 15.02371 ], [ 74.46877, 15.02077 ], [ 74.47343, 15.01999 ], [ 74.4797, 15.01691 ], [ 74.48937, 15.00963 ], [ 74.48945, 15.00365 ], [ 74.49129, 15.00204 ], [ 74.49133, 14.99979 ], [ 74.48591, 14.99563 ], [ 74.48306, 14.9948 ], [ 74.48074, 14.99067 ], [ 74.48228, 14.98728 ], [ 74.48116, 14.98521 ], [ 74.47434, 14.98569 ], [ 74.47565, 14.98079 ], [ 74.47492, 14.9781 ], [ 74.47666, 14.9757 ], [ 74.47672, 14.97205 ], [ 74.47919, 14.97073 ], [ 74.48153, 14.96617 ], [ 74.48087, 14.96348 ], [ 74.47908, 14.9611 ], [ 74.48106, 14.95457 ], [ 74.48602, 14.94577 ], [ 74.49001, 14.94101 ], [ 74.49059, 14.93876 ], [ 74.48898, 14.93696 ], [ 74.48817, 14.93278 ], [ 74.48505, 14.9329 ], [ 74.48195, 14.93427 ], [ 74.47276, 14.94084 ], [ 74.46229, 14.94601 ], [ 74.46047, 14.94816 ], [ 74.45768, 14.95699 ], [ 74.45383, 14.95926 ], [ 74.4531, 14.96221 ], [ 74.45025, 14.96398 ], [ 74.44946, 14.96656 ], [ 74.44474, 14.9707 ], [ 74.4443, 14.97285 ], [ 74.44614, 14.9779 ], [ 74.4435, 14.97997 ], [ 74.43898, 14.97677 ], [ 74.43717, 14.97808 ], [ 74.43465, 14.9774 ], [ 74.43379, 14.97553 ], [ 74.43306, 14.97329 ], [ 74.43416, 14.97056 ], [ 74.43263, 14.96667 ], [ 74.4319, 14.96185 ], [ 74.43519, 14.96037 ], [ 74.43359, 14.95589 ], [ 74.43593, 14.95442 ], [ 74.42999, 14.94107 ], [ 74.40525, 14.91652 ], [ 74.39907, 14.90166 ], [ 74.3932, 14.91485 ], [ 74.38843, 14.9317 ], [ 74.37104, 14.93444 ], [ 74.3619, 14.94631 ], [ 74.35945, 14.93029 ], [ 74.35491, 14.9281 ], [ 74.35467, 14.92543 ], [ 74.35074, 14.92138 ], [ 74.34734, 14.90698 ], [ 74.34592, 14.91004 ], [ 74.33884, 14.91418 ], [ 74.33639, 14.92078 ], [ 74.33373, 14.92281 ], [ 74.33245, 14.92619 ], [ 74.33006, 14.92674 ], [ 74.32678, 14.92611 ], [ 74.31641, 14.93288 ], [ 74.31498, 14.93646 ], [ 74.31121, 14.93671 ], [ 74.30859, 14.93954 ], [ 74.29889, 14.942 ], [ 74.29431, 14.94218 ], [ 74.29279, 14.94393 ], [ 74.29443, 14.94695 ], [ 74.29348, 14.95164 ], [ 74.28808, 14.95625 ], [ 74.28774, 14.95854 ], [ 74.28611, 14.96115 ], [ 74.28265, 14.96483 ], [ 74.27901, 14.96396 ], [ 74.27289, 14.96387 ], [ 74.26996, 14.96524 ], [ 74.26695, 14.96896 ], [ 74.26065, 14.9732 ], [ 74.26129, 14.97539 ], [ 74.26504, 14.97733 ], [ 74.25812, 14.98741 ], [ 74.25614, 14.98807 ], [ 74.25279, 14.99142 ], [ 74.25422, 14.99725 ], [ 74.26065, 14.99945 ], [ 74.26919, 15.00075 ], [ 74.2674, 15.00309 ], [ 74.26739, 15.00563 ], [ 74.27326, 15.01259 ], [ 74.28397, 15.02189 ], [ 74.28419, 15.03033 ], [ 74.28531, 15.03206 ], [ 74.28906, 15.03553 ], [ 74.29687, 15.03971 ], [ 74.29586, 15.04641 ], [ 74.29123, 15.05243 ], [ 74.29091, 15.06381 ], [ 74.28657, 15.0647 ], [ 74.28184, 15.0674 ], [ 74.28135, 15.07393 ], [ 74.28206, 15.07595 ], [ 74.28097, 15.07839 ], [ 74.28044, 15.08707 ], [ 74.27934, 15.08877 ], [ 74.27975, 15.09326 ], [ 74.27428, 15.09607 ], [ 74.28814, 15.10001 ], [ 74.29726, 15.10765 ], [ 74.29788, 15.11095 ], [ 74.30286, 15.11412 ], [ 74.30344, 15.11668 ], [ 74.30849, 15.11903 ], [ 74.31105, 15.1185 ], [ 74.31511, 15.1203 ], [ 74.32007, 15.12027 ], [ 74.32314, 15.12267 ], [ 74.32587, 15.12067 ], [ 74.32618, 15.11771 ] ] ] } },
{ "type": "Feature", "properties": { "newname": null }, "geometry": { "type": "Polygon", "coordinates": [ [ [ 74.5961, 14.95039 ], [ 74.59497, 14.94542 ], [ 74.58644, 14.92858 ], [ 74.58949, 14.90848 ], [ 74.61034, 14.836 ], [ 74.61085, 14.83215 ], [ 74.60551, 14.75982 ], [ 74.59178, 14.68033 ], [ 74.5813, 14.6051 ], [ 74.58645, 14.60394 ], [ 74.59096, 14.60093 ], [ 74.6134, 14.5712 ], [ 74.62302, 14.56289 ], [ 74.6252, 14.56003 ], [ 74.62697, 14.55408 ], [ 74.62681, 14.53996 ], [ 74.63445, 14.5146 ], [ 74.67389, 14.4656 ], [ 74.68332, 14.43142 ], [ 74.68281, 14.427 ], [ 74.67533, 14.40478 ], [ 74.66671, 14.38491 ], [ 74.64896, 14.35635 ], [ 74.63577, 14.3441 ], [ 74.63035, 14.34064 ], [ 74.63146, 14.33893 ], [ 74.64046, 14.33534 ], [ 74.65344, 14.32568 ], [ 74.66845, 14.30977 ], [ 74.67069, 14.30306 ], [ 74.66948, 14.29677 ], [ 74.67487, 14.28794 ], [ 74.67555, 14.28355 ], [ 74.67463, 14.27723 ], [ 74.67785, 14.27101 ], [ 74.67884, 14.26608 ], [ 74.67877, 14.25593 ], [ 74.67261, 14.22954 ], [ 74.67572, 14.2159 ], [ 74.67024, 14.1795 ], [ 74.66582, 14.18305 ], [ 74.65121, 14.16899 ], [ 74.63227, 14.16311 ], [ 74.63223, 14.16722 ], [ 74.63322, 14.17065 ], [ 74.64342, 14.18797 ], [ 74.64752, 14.21532 ], [ 74.64448, 14.22688 ], [ 74.64428, 14.23043 ], [ 74.65095, 14.25934 ], [ 74.65092, 14.26259 ], [ 74.64633, 14.27252 ], [ 74.64688, 14.28068 ], [ 74.63997, 14.29174 ], [ 74.63931, 14.29524 ], [ 74.63975, 14.29943 ], [ 74.63488, 14.30518 ], [ 74.6258, 14.31196 ], [ 74.61534, 14.31633 ], [ 74.6055, 14.32474 ], [ 74.60266, 14.32821 ], [ 74.60089, 14.33416 ], [ 74.60216, 14.3406 ], [ 74.60153, 14.34781 ], [ 74.60301, 14.35293 ], [ 74.60571, 14.35651 ], [ 74.60992, 14.36032 ], [ 74.61813, 14.36534 ], [ 74.62698, 14.37344 ], [ 74.64216, 14.39806 ], [ 74.64901, 14.41409 ], [ 74.65475, 14.43113 ], [ 74.64892, 14.45261 ], [ 74.62973, 14.47561 ], [ 74.6091, 14.50247 ], [ 74.59921, 14.53473 ], [ 74.59889, 14.54728 ], [ 74.59233, 14.55309 ], [ 74.57949, 14.57017 ], [ 74.57538, 14.56769 ], [ 74.57, 14.56671 ], [ 74.56551, 14.56749 ], [ 74.56081, 14.57021 ], [ 74.55754, 14.57448 ], [ 74.55596, 14.58064 ], [ 74.55024, 14.5814 ], [ 74.54599, 14.58302 ], [ 74.52977, 14.59642 ], [ 74.51783, 14.61526 ], [ 74.51405, 14.64395 ], [ 74.51742, 14.69034 ], [ 74.51679, 14.70107 ], [ 74.52097, 14.72428 ], [ 74.52203, 14.78657 ], [ 74.51887, 14.80595 ], [ 74.5001, 14.84016 ], [ 74.49897, 14.84355 ], [ 74.49821, 14.85045 ], [ 74.49934, 14.85566 ], [ 74.51513, 14.88702 ], [ 74.50145, 14.88515 ], [ 74.49526, 14.88663 ], [ 74.48985, 14.89136 ], [ 74.48557, 14.90126 ], [ 74.48731, 14.90428 ], [ 74.49004, 14.90465 ], [ 74.49251, 14.90737 ], [ 74.49374, 14.91129 ], [ 74.49373, 14.91519 ], [ 74.4967, 14.91816 ], [ 74.49971, 14.91948 ], [ 74.50922, 14.92011 ], [ 74.51558, 14.92291 ], [ 74.51987, 14.92323 ], [ 74.51797, 14.91496 ], [ 74.53394, 14.91434 ], [ 74.53911, 14.91257 ], [ 74.54199, 14.91036 ], [ 74.54461, 14.90671 ], [ 74.54724, 14.89725 ], [ 74.54758, 14.89303 ], [ 74.5465, 14.88876 ], [ 74.5272, 14.84875 ], [ 74.54539, 14.81543 ], [ 74.55001, 14.78914 ], [ 74.54896, 14.7219 ], [ 74.54488, 14.69928 ], [ 74.54546, 14.68937 ], [ 74.54214, 14.64414 ], [ 74.54469, 14.62415 ], [ 74.55058, 14.61492 ], [ 74.55399, 14.61206 ], [ 74.56404, 14.68433 ], [ 74.57768, 14.7634 ], [ 74.58264, 14.83093 ], [ 74.56211, 14.90227 ], [ 74.55776, 14.93283 ], [ 74.55924, 14.93796 ], [ 74.56415, 14.94639 ], [ 74.56672, 14.94831 ], [ 74.56841, 14.95372 ], [ 74.56724, 14.95973 ], [ 74.56773, 14.96511 ], [ 74.56715, 14.97043 ], [ 74.56534, 14.97921 ], [ 74.56779, 14.97995 ], [ 74.57061, 14.98229 ], [ 74.58212, 15.00091 ], [ 74.5842, 15.00156 ], [ 74.5961, 14.95039 ] ] ] } },
{ "type": "Feature", "properties": { "newname": null }, "geometry": { "type": "Polygon", "coordinates": [ [ [ 74.59353, 14.51982 ], [ 74.59108, 14.51977 ], [ 74.59124, 14.52052 ], [ 74.59381, 14.52075 ], [ 74.59353, 14.51982 ] ] ] } },
{ "type": "Feature", "properties": { "newname": null }, "geometry": { "type": "Polygon", "coordinates": [ [ [ 74.61008, 14.51442 ], [ 74.60969, 14.51402 ], [ 74.60915, 14.51449 ], [ 74.60974, 14.51632 ], [ 74.61008, 14.51442 ] ] ] } },
{ "type": "Feature", "properties": { "newname": null }, "geometry": { "type": "Polygon", "coordinates": [ [ [ 74.6103, 14.51357 ], [ 74.60982, 14.51132 ], [ 74.60777, 14.51408 ], [ 74.6103, 14.51357 ] ] ] } },
{ "type": "Feature", "properties": { "newname": null }, "geometry": { "type": "Polygon", "coordinates": [ [ [ 74.59849, 14.51418 ], [ 74.59685, 14.51344 ], [ 74.5956, 14.51511 ], [ 74.5973, 14.51599 ], [ 74.59849, 14.51418 ] ] ] } },
{ "type": "Feature", "properties": { "newname": null }, "geometry": { "type": "Polygon", "coordinates": [ [ [ 74.58874, 14.49438 ], [ 74.58858, 14.49166 ], [ 74.5906, 14.48951 ], [ 74.58552, 14.49013 ], [ 74.58718, 14.49135 ], [ 74.5873, 14.49444 ], [ 74.58874, 14.49438 ] ] ] } },
{ "type": "Feature", "properties": { "newname": null }, "geometry": { "type": "Polygon", "coordinates": [ [ [ 74.60285, 14.48586 ], [ 74.60429, 14.48506 ], [ 74.60254, 14.48535 ], [ 74.60228, 14.4841 ], [ 74.60219, 14.48506 ], [ 74.59946, 14.48637 ], [ 74.60307, 14.48703 ], [ 74.60285, 14.48586 ] ] ] } },
{ "type": "Feature", "properties": { "newname": null }, "geometry": { "type": "Polygon", "coordinates": [ [ [ 74.62729, 14.48067 ], [ 74.62727, 14.47757 ], [ 74.62824, 14.47749 ], [ 74.62732, 14.47476 ], [ 74.62654, 14.47467 ], [ 74.6267, 14.47823 ], [ 74.62539, 14.48089 ], [ 74.62587, 14.48168 ], [ 74.62729, 14.48067 ] ] ] } },
{ "type": "Feature", "properties": { "newname": null }, "geometry": { "type": "Polygon", "coordinates": [ [ [ 74.6129, 14.49607 ], [ 74.61264, 14.49427 ], [ 74.61023, 14.49722 ], [ 74.6129, 14.49607 ] ] ] } },
{ "type": "Feature", "properties": { "newname": null }, "geometry": { "type": "Polygon", "coordinates": [ [ [ 74.64249, 14.5287 ], [ 74.64209, 14.52755 ], [ 74.64351, 14.52673 ], [ 74.64306, 14.52593 ], [ 74.64518, 14.52557 ], [ 74.65534, 14.51796 ], [ 74.65789, 14.51712 ], [ 74.6606, 14.51377 ], [ 74.66313, 14.51286 ], [ 74.66507, 14.51602 ], [ 74.66652, 14.51519 ], [ 74.66526, 14.51359 ], [ 74.6673, 14.51199 ], [ 74.66531, 14.51063 ], [ 74.66502, 14.50838 ], [ 74.6616, 14.50421 ], [ 74.67204, 14.50283 ], [ 74.67707, 14.50674 ], [ 74.68783, 14.50812 ], [ 74.68416, 14.50585 ], [ 74.68145, 14.50242 ], [ 74.67926, 14.50201 ], [ 74.67922, 14.5008 ], [ 74.67785, 14.50148 ], [ 74.67809, 14.5007 ], [ 74.67164, 14.49671 ], [ 74.66975, 14.49891 ], [ 74.66858, 14.49673 ], [ 74.67043, 14.4961 ], [ 74.67106, 14.49449 ], [ 74.67539, 14.49316 ], [ 74.67654, 14.49336 ], [ 74.67881, 14.49634 ], [ 74.68087, 14.49751 ], [ 74.68493, 14.49445 ], [ 74.68506, 14.49359 ], [ 74.68689, 14.49407 ], [ 74.68934, 14.48632 ], [ 74.69163, 14.48289 ], [ 74.6904, 14.48211 ], [ 74.69302, 14.47946 ], [ 74.69693, 14.4729 ], [ 74.69683, 14.47179 ], [ 74.69036, 14.46304 ], [ 74.69337, 14.4623 ], [ 74.69315, 14.45675 ], [ 74.69254, 14.45615 ], [ 74.69395, 14.4539 ], [ 74.69366, 14.45744 ], [ 74.69594, 14.45704 ], [ 74.69793, 14.45811 ], [ 74.69788, 14.45723 ], [ 74.69936, 14.45575 ], [ 74.70007, 14.456 ], [ 74.70093, 14.45417 ], [ 74.69961, 14.45137 ], [ 74.69545, 14.45043 ], [ 74.69177, 14.45047 ], [ 74.69167, 14.45184 ], [ 74.68987, 14.45256 ], [ 74.68921, 14.45112 ], [ 74.68843, 14.45275 ], [ 74.68764, 14.45062 ], [ 74.68238, 14.44717 ], [ 74.67899, 14.44663 ], [ 74.6796, 14.44572 ], [ 74.68373, 14.4444 ], [ 74.68836, 14.43886 ], [ 74.68758, 14.43656 ], [ 74.68956, 14.43219 ], [ 74.68943, 14.43038 ], [ 74.69051, 14.42925 ], [ 74.68928, 14.42768 ], [ 74.69153, 14.42652 ], [ 74.6851, 14.42382 ], [ 74.6851, 14.42215 ], [ 74.68318, 14.42435 ], [ 74.68102, 14.42521 ], [ 74.68263, 14.42312 ], [ 74.68154, 14.42217 ], [ 74.68427, 14.42136 ], [ 74.68495, 14.42194 ], [ 74.68437, 14.42055 ], [ 74.68211, 14.41657 ], [ 74.68101, 14.41672 ], [ 74.68116, 14.41454 ], [ 74.6798, 14.41384 ], [ 74.67806, 14.41423 ], [ 74.67583, 14.41314 ], [ 74.67614, 14.41585 ], [ 74.67507, 14.41608 ], [ 74.67562, 14.41527 ], [ 74.675, 14.41225 ], [ 74.67591, 14.41144 ], [ 74.67672, 14.41291 ], [ 74.68338, 14.41372 ], [ 74.6859, 14.41145 ], [ 74.69325, 14.41 ], [ 74.69539, 14.41023 ], [ 74.69711, 14.40939 ], [ 74.69736, 14.40824 ], [ 74.70103, 14.41061 ], [ 74.70289, 14.40938 ], [ 74.70216, 14.41087 ], [ 74.70336, 14.41086 ], [ 74.70326, 14.4119 ], [ 74.70485, 14.41236 ], [ 74.70446, 14.41089 ], [ 74.70588, 14.40985 ], [ 74.70689, 14.40028 ], [ 74.71011, 14.40795 ], [ 74.70978, 14.40991 ], [ 74.71127, 14.41025 ], [ 74.7109, 14.41208 ], [ 74.70833, 14.41281 ], [ 74.70799, 14.41416 ], [ 74.70945, 14.41492 ], [ 74.71065, 14.41428 ], [ 74.71265, 14.41866 ], [ 74.71154, 14.42066 ], [ 74.71701, 14.42287 ], [ 74.71256, 14.41265 ], [ 74.71302, 14.41181 ], [ 74.71433, 14.41172 ], [ 74.71978, 14.41366 ], [ 74.71918, 14.41211 ], [ 74.71999, 14.41143 ], [ 74.71999, 14.41289 ], [ 74.72252, 14.41332 ], [ 74.72308, 14.40972 ], [ 74.72175, 14.40947 ], [ 74.72305, 14.40899 ], [ 74.72194, 14.40757 ], [ 74.72257, 14.40679 ], [ 74.72412, 14.40677 ], [ 74.72332, 14.40601 ], [ 74.72154, 14.40684 ], [ 74.7206, 14.40549 ], [ 74.71902, 14.4061 ], [ 74.72043, 14.40518 ], [ 74.71992, 14.4035 ], [ 74.72176, 14.40399 ], [ 74.72337, 14.40288 ], [ 74.72615, 14.40245 ], [ 74.7294, 14.40571 ], [ 74.72693, 14.40759 ], [ 74.7291, 14.4092 ], [ 74.73178, 14.4135 ], [ 74.73096, 14.40888 ], [ 74.73539, 14.40878 ], [ 74.73836, 14.41002 ], [ 74.7452, 14.40673 ], [ 74.74628, 14.40775 ], [ 74.74541, 14.40958 ], [ 74.7508, 14.41111 ], [ 74.75302, 14.41306 ], [ 74.75521, 14.41122 ], [ 74.75726, 14.40616 ], [ 74.75678, 14.40502 ], [ 74.75966, 14.4019 ], [ 74.75917, 14.39996 ], [ 74.75998, 14.40097 ], [ 74.76094, 14.40072 ], [ 74.76057, 14.39871 ], [ 74.76569, 14.39373 ], [ 74.76502, 14.39273 ], [ 74.76319, 14.3951 ], [ 74.7613, 14.39486 ], [ 74.76007, 14.39273 ], [ 74.75884, 14.38916 ], [ 74.75929, 14.38206 ], [ 74.75262, 14.38444 ], [ 74.75136, 14.38379 ], [ 74.75135, 14.38277 ], [ 74.74919, 14.38127 ], [ 74.74895, 14.38022 ], [ 74.74624, 14.38028 ], [ 74.74764, 14.37661 ], [ 74.74676, 14.37515 ], [ 74.74518, 14.37579 ], [ 74.74412, 14.37822 ], [ 74.74237, 14.37863 ], [ 74.74338, 14.38007 ], [ 74.74429, 14.37991 ], [ 74.74461, 14.38294 ], [ 74.74313, 14.38303 ], [ 74.74248, 14.38507 ], [ 74.741, 14.38556 ], [ 74.73616, 14.38435 ], [ 74.73669, 14.38274 ], [ 74.73492, 14.37963 ], [ 74.73347, 14.38037 ], [ 74.73074, 14.3799 ], [ 74.72828, 14.3805 ], [ 74.72727, 14.38325 ], [ 74.72835, 14.3842 ], [ 74.72807, 14.38599 ], [ 74.72357, 14.38647 ], [ 74.71974, 14.38414 ], [ 74.71867, 14.38446 ], [ 74.71799, 14.38332 ], [ 74.7184, 14.37947 ], [ 74.7203, 14.37931 ], [ 74.71917, 14.37618 ], [ 74.72089, 14.37658 ], [ 74.72192, 14.37589 ], [ 74.72056, 14.37837 ], [ 74.72122, 14.37876 ], [ 74.72099, 14.37989 ], [ 74.72185, 14.38022 ], [ 74.7269, 14.37597 ], [ 74.72365, 14.37625 ], [ 74.71994, 14.37499 ], [ 74.71805, 14.37549 ], [ 74.71865, 14.37475 ], [ 74.718, 14.37404 ], [ 74.7151, 14.37269 ], [ 74.71435, 14.37072 ], [ 74.71244, 14.3699 ], [ 74.71019, 14.37256 ], [ 74.71173, 14.375 ], [ 74.71047, 14.375 ], [ 74.71162, 14.37561 ], [ 74.71168, 14.37654 ], [ 74.70812, 14.37613 ], [ 74.7033, 14.37862 ], [ 74.70478, 14.38315 ], [ 74.69344, 14.3847 ], [ 74.69205, 14.38585 ], [ 74.69025, 14.38582 ], [ 74.69022, 14.3874 ], [ 74.68893, 14.38866 ], [ 74.68569, 14.38955 ], [ 74.68547, 14.38887 ], [ 74.68775, 14.38728 ], [ 74.68845, 14.38366 ], [ 74.69352, 14.38386 ], [ 74.69212, 14.38139 ], [ 74.68969, 14.38107 ], [ 74.68694, 14.37876 ], [ 74.68658, 14.37646 ], [ 74.68767, 14.37713 ], [ 74.68692, 14.37591 ], [ 74.68792, 14.375 ], [ 74.68958, 14.37655 ], [ 74.69162, 14.37711 ], [ 74.69174, 14.37565 ], [ 74.69433, 14.374 ], [ 74.69189, 14.373 ], [ 74.69088, 14.37486 ], [ 74.68912, 14.37378 ], [ 74.68626, 14.37504 ], [ 74.68077, 14.36806 ], [ 74.68121, 14.3649 ], [ 74.68823, 14.36281 ], [ 74.68836, 14.36168 ], [ 74.68642, 14.36017 ], [ 74.68718, 14.359 ], [ 74.68635, 14.35883 ], [ 74.68893, 14.3535 ], [ 74.68726, 14.34981 ], [ 74.68451, 14.34899 ], [ 74.68183, 14.34531 ], [ 74.68107, 14.34537 ], [ 74.67932, 14.33193 ], [ 74.67848, 14.3307 ], [ 74.67632, 14.33129 ], [ 74.66974, 14.33089 ], [ 74.66898, 14.33001 ], [ 74.66965, 14.32757 ], [ 74.66785, 14.32492 ], [ 74.65926, 14.32468 ], [ 74.64797, 14.3199 ], [ 74.63581, 14.32118 ], [ 74.62023, 14.33789 ], [ 74.64023, 14.35703 ], [ 74.63753, 14.35951 ], [ 74.63584, 14.36004 ], [ 74.63321, 14.35956 ], [ 74.62591, 14.35506 ], [ 74.60971, 14.3475 ], [ 74.60615, 14.34498 ], [ 74.60333, 14.34998 ], [ 74.58099, 14.35635 ], [ 74.57546, 14.365 ], [ 74.58344, 14.36645 ], [ 74.58652, 14.36797 ], [ 74.58729, 14.3687 ], [ 74.58777, 14.37303 ], [ 74.59757, 14.37331 ], [ 74.6162, 14.37169 ], [ 74.62901, 14.37304 ], [ 74.64061, 14.38187 ], [ 74.63825, 14.38295 ], [ 74.62453, 14.39578 ], [ 74.62942, 14.41278 ], [ 74.62501, 14.41566 ], [ 74.62414, 14.41994 ], [ 74.61096, 14.43139 ], [ 74.60123, 14.4284 ], [ 74.59444, 14.42978 ], [ 74.59003, 14.43317 ], [ 74.57938, 14.43366 ], [ 74.57586, 14.43284 ], [ 74.57812, 14.4387 ], [ 74.58231, 14.44356 ], [ 74.58628, 14.44632 ], [ 74.58339, 14.45322 ], [ 74.58112, 14.4689 ], [ 74.59015, 14.47057 ], [ 74.58818, 14.47829 ], [ 74.58137, 14.48229 ], [ 74.5746, 14.48951 ], [ 74.5702, 14.50642 ], [ 74.57235, 14.51907 ], [ 74.57487, 14.51848 ], [ 74.57792, 14.52043 ], [ 74.58667, 14.5219 ], [ 74.59375, 14.52226 ], [ 74.59349, 14.52156 ], [ 74.59469, 14.52113 ], [ 74.59468, 14.52234 ], [ 74.59763, 14.52315 ], [ 74.59776, 14.52217 ], [ 74.59477, 14.52014 ], [ 74.59619, 14.5179 ], [ 74.59835, 14.51831 ], [ 74.59952, 14.51949 ], [ 74.5991, 14.52045 ], [ 74.59751, 14.52048 ], [ 74.59693, 14.52122 ], [ 74.59979, 14.52256 ], [ 74.60004, 14.52417 ], [ 74.60623, 14.52521 ], [ 74.60886, 14.52493 ], [ 74.61036, 14.52387 ], [ 74.6169, 14.52556 ], [ 74.61902, 14.52499 ], [ 74.62193, 14.52568 ], [ 74.62546, 14.52537 ], [ 74.6292, 14.52775 ], [ 74.63304, 14.52905 ], [ 74.64249, 14.5287 ] ], [ [ 74.59353, 14.51982 ], [ 74.59397, 14.52065 ], [ 74.59124, 14.52052 ], [ 74.59108, 14.51977 ], [ 74.59353, 14.51982 ] ], [ [ 74.60915, 14.51449 ], [ 74.60969, 14.51402 ], [ 74.61008, 14.51442 ], [ 74.6095, 14.51648 ], [ 74.60915, 14.51449 ] ], [ [ 74.60777, 14.51408 ], [ 74.60982, 14.51132 ], [ 74.6103, 14.51357 ], [ 74.60777, 14.51408 ] ], [ [ 74.59849, 14.51418 ], [ 74.598, 14.51557 ], [ 74.59728, 14.51606 ], [ 74.5958, 14.51541 ], [ 74.59566, 14.51435 ], [ 74.59637, 14.51465 ], [ 74.59685, 14.51344 ], [ 74.59849, 14.51418 ] ], [ [ 74.61065, 14.49632 ], [ 74.61284, 14.4944 ], [ 74.6129, 14.49607 ], [ 74.61037, 14.49729 ], [ 74.61065, 14.49632 ] ], [ [ 74.5873, 14.49444 ], [ 74.58727, 14.49158 ], [ 74.58539, 14.49058 ], [ 74.58577, 14.48993 ], [ 74.5884, 14.49025 ], [ 74.58926, 14.48932 ], [ 74.5906, 14.48951 ], [ 74.58858, 14.49166 ], [ 74.58874, 14.49438 ], [ 74.5873, 14.49444 ] ], [ [ 74.60136, 14.48697 ], [ 74.60097, 14.4862 ], [ 74.59946, 14.48637 ], [ 74.60219, 14.48506 ], [ 74.60228, 14.4841 ], [ 74.60254, 14.48535 ], [ 74.60418, 14.48473 ], [ 74.60432, 14.48529 ], [ 74.60285, 14.48586 ], [ 74.60307, 14.48703 ], [ 74.60136, 14.48697 ] ], [ [ 74.6267, 14.47823 ], [ 74.62654, 14.47467 ], [ 74.62732, 14.47476 ], [ 74.62824, 14.47749 ], [ 74.62717, 14.47777 ], [ 74.62729, 14.48067 ], [ 74.62563, 14.48172 ], [ 74.6267, 14.47823 ] ], [ [ 74.68591, 14.39034 ], [ 74.68755, 14.3898 ], [ 74.68749, 14.39016 ], [ 74.68636, 14.39087 ], [ 74.68591, 14.39034 ] ], [ [ 74.66159, 14.38438 ], [ 74.66406, 14.38052 ], [ 74.66609, 14.38234 ], [ 74.66765, 14.38008 ], [ 74.66543, 14.38024 ], [ 74.66792, 14.37918 ], [ 74.66526, 14.37584 ], [ 74.66616, 14.37296 ], [ 74.6688, 14.37287 ], [ 74.67124, 14.37484 ], [ 74.6729, 14.37413 ], [ 74.67158, 14.36906 ], [ 74.67273, 14.36908 ], [ 74.67356, 14.37365 ], [ 74.67594, 14.3729 ], [ 74.67626, 14.37147 ], [ 74.6769, 14.37145 ], [ 74.68356, 14.37657 ], [ 74.68627, 14.37589 ], [ 74.68442, 14.37711 ], [ 74.68178, 14.37657 ], [ 74.68117, 14.37741 ], [ 74.68175, 14.37869 ], [ 74.68495, 14.37901 ], [ 74.68733, 14.38078 ], [ 74.68521, 14.37953 ], [ 74.68389, 14.37961 ], [ 74.68329, 14.38117 ], [ 74.68394, 14.383 ], [ 74.68236, 14.38326 ], [ 74.67879, 14.38205 ], [ 74.67258, 14.38436 ], [ 74.66947, 14.38677 ], [ 74.66658, 14.38647 ], [ 74.66505, 14.38811 ], [ 74.66159, 14.38438 ] ], [ [ 74.6664, 14.3708 ], [ 74.6664, 14.37267 ], [ 74.6653, 14.37138 ], [ 74.66593, 14.37028 ], [ 74.6664, 14.3708 ] ], [ [ 74.64289, 14.34438 ], [ 74.64211, 14.34457 ], [ 74.64319, 14.34324 ], [ 74.64428, 14.34452 ], [ 74.6462, 14.34372 ], [ 74.64813, 14.34509 ], [ 74.64491, 14.34458 ], [ 74.64424, 14.34611 ], [ 74.64289, 14.34438 ] ], [ [ 74.64924, 14.34451 ], [ 74.65004, 14.34479 ], [ 74.64933, 14.34584 ], [ 74.6486, 14.34536 ], [ 74.64924, 14.34451 ] ], [ [ 74.64343, 14.34114 ], [ 74.64212, 14.33931 ], [ 74.64267, 14.33503 ], [ 74.64374, 14.33471 ], [ 74.6395, 14.33267 ], [ 74.63963, 14.33179 ], [ 74.64433, 14.33431 ], [ 74.64566, 14.33363 ], [ 74.64535, 14.33043 ], [ 74.64389, 14.32964 ], [ 74.64428, 14.32886 ], [ 74.64663, 14.33052 ], [ 74.66384, 14.32783 ], [ 74.66405, 14.32957 ], [ 74.66703, 14.32982 ], [ 74.66358, 14.33157 ], [ 74.66251, 14.3308 ], [ 74.66142, 14.33125 ], [ 74.65804, 14.33306 ], [ 74.65709, 14.33443 ], [ 74.64676, 14.33465 ], [ 74.64552, 14.33557 ], [ 74.64612, 14.33686 ], [ 74.64493, 14.33805 ], [ 74.64544, 14.33969 ], [ 74.64343, 14.34114 ] ] ] } },
{ "type": "Feature", "properties": { "newname": null }, "geometry": { "type": "Polygon", "coordinates": [ [ [ 74.6664, 14.3708 ], [ 74.66564, 14.37009 ], [ 74.6653, 14.37138 ], [ 74.66634, 14.37234 ], [ 74.6664, 14.3708 ] ] ] } },
{ "type": "Feature", "properties": { "newname": null }, "geometry": { "type": "Polygon", "coordinates": [ [ [ 74.66658, 14.38647 ], [ 74.66999, 14.38657 ], [ 74.67258, 14.38436 ], [ 74.67879, 14.38205 ], [ 74.68236, 14.38326 ], [ 74.68394, 14.383 ], [ 74.68329, 14.38117 ], [ 74.68389, 14.37961 ], [ 74.68521, 14.37953 ], [ 74.68733, 14.38078 ], [ 74.68495, 14.37901 ], [ 74.68175, 14.37869 ], [ 74.68117, 14.37741 ], [ 74.68178, 14.37657 ], [ 74.68442, 14.37711 ], [ 74.68635, 14.37603 ], [ 74.68356, 14.37657 ], [ 74.6769, 14.37145 ], [ 74.67626, 14.37147 ], [ 74.67594, 14.3729 ], [ 74.67356, 14.37365 ], [ 74.67273, 14.36908 ], [ 74.67158, 14.36906 ], [ 74.6729, 14.37413 ], [ 74.67124, 14.37484 ], [ 74.6688, 14.37287 ], [ 74.66616, 14.37296 ], [ 74.66526, 14.37584 ], [ 74.66792, 14.37918 ], [ 74.66543, 14.38024 ], [ 74.66765, 14.38008 ], [ 74.66609, 14.38234 ], [ 74.66406, 14.38052 ], [ 74.66159, 14.38438 ], [ 74.66505, 14.38811 ], [ 74.66658, 14.38647 ] ] ] } },
{ "type": "Feature", "properties": { "newname": null }, "geometry": { "type": "Polygon", "coordinates": [ [ [ 74.6867, 14.39044 ], [ 74.68755, 14.3898 ], [ 74.68591, 14.39034 ], [ 74.6867, 14.39044 ] ] ] } },
{ "type": "Feature", "properties": { "newname": null }, "geometry": { "type": "Polygon", "coordinates": [ [ [ 74.64491, 14.34458 ], [ 74.64813, 14.34509 ], [ 74.6462, 14.34372 ], [ 74.64428, 14.34452 ], [ 74.64319, 14.34324 ], [ 74.6424, 14.34365 ], [ 74.64215, 14.3447 ], [ 74.64289, 14.34438 ], [ 74.64424, 14.34611 ], [ 74.64491, 14.34458 ] ] ] } },
{ "type": "Feature", "properties": { "newname": null }, "geometry": { "type": "Polygon", "coordinates": [ [ [ 74.65004, 14.34479 ], [ 74.64924, 14.34451 ], [ 74.6486, 14.34536 ], [ 74.64933, 14.34584 ], [ 74.65004, 14.34479 ] ] ] } },
{ "type": "Feature", "properties": { "newname": null }, "geometry": { "type": "Polygon", "coordinates": [ [ [ 74.64478, 14.33881 ], [ 74.64612, 14.33686 ], [ 74.64552, 14.33557 ], [ 74.64676, 14.33465 ], [ 74.65709, 14.33443 ], [ 74.65804, 14.33306 ], [ 74.66142, 14.33125 ], [ 74.66251, 14.3308 ], [ 74.66358, 14.33157 ], [ 74.66703, 14.32982 ], [ 74.66405, 14.32957 ], [ 74.66384, 14.32783 ], [ 74.64663, 14.33052 ], [ 74.64428, 14.32886 ], [ 74.64389, 14.32964 ], [ 74.64535, 14.33043 ], [ 74.64566, 14.33363 ], [ 74.64433, 14.33431 ], [ 74.63963, 14.33179 ], [ 74.6395, 14.33267 ], [ 74.64374, 14.33471 ], [ 74.64267, 14.33503 ], [ 74.64233, 14.34004 ], [ 74.64461, 14.34116 ], [ 74.64544, 14.33969 ], [ 74.64478, 14.33881 ] ] ] } },
{ "type": "Feature", "properties": { "newname": null }, "geometry": { "type": "Polygon", "coordinates": [ [ [ 74.21755, 15.04271 ], [ 74.22827, 15.03357 ], [ 74.22982, 15.02202 ], [ 74.23323, 15.01014 ], [ 74.23977, 15.00228 ], [ 74.24732, 15.00127 ], [ 74.2482, 14.99981 ], [ 74.25018, 14.99897 ], [ 74.25132, 14.9971 ], [ 74.25029, 14.99198 ], [ 74.25338, 14.98837 ], [ 74.25584, 14.98689 ], [ 74.2621, 14.9776 ], [ 74.25833, 14.97463 ], [ 74.25695, 14.96867 ], [ 74.25353, 14.96911 ], [ 74.25278, 14.96806 ], [ 74.25191, 14.96011 ], [ 74.25099, 14.95833 ], [ 74.24762, 14.9587 ], [ 74.24631, 14.96117 ], [ 74.2443, 14.96098 ], [ 74.24233, 14.96282 ], [ 74.24044, 14.96318 ], [ 74.23834, 14.96538 ], [ 74.23621, 14.96601 ], [ 74.23143, 14.96167 ], [ 74.22991, 14.95602 ], [ 74.23043, 14.95188 ], [ 74.22933, 14.94981 ], [ 74.22732, 14.94879 ], [ 74.22468, 14.94909 ], [ 74.22225, 14.94747 ], [ 74.21882, 14.9469 ], [ 74.21698, 14.94465 ], [ 74.21306, 14.94613 ], [ 74.21137, 14.94205 ], [ 74.2122, 14.93879 ], [ 74.20851, 14.93631 ], [ 74.20376, 14.92668 ], [ 74.20125, 14.92422 ], [ 74.19151, 14.93133 ], [ 74.19369, 14.93477 ], [ 74.19248, 14.94158 ], [ 74.19031, 14.94409 ], [ 74.17921, 14.94921 ], [ 74.17976, 14.9504 ], [ 74.17873, 14.95365 ], [ 74.17891, 14.95594 ], [ 74.17394, 14.95726 ], [ 74.16396, 14.95708 ], [ 74.16155, 14.95564 ], [ 74.16067, 14.95422 ], [ 74.1593, 14.95465 ], [ 74.15768, 14.94927 ], [ 74.1585, 14.94778 ], [ 74.15513, 14.94491 ], [ 74.15434, 14.93916 ], [ 74.15259, 14.93956 ], [ 74.15022, 14.93822 ], [ 74.14715, 14.93833 ], [ 74.14488, 14.93981 ], [ 74.14294, 14.943 ], [ 74.14104, 14.943 ], [ 74.1411, 14.94387 ], [ 74.13957, 14.94464 ], [ 74.13384, 14.94526 ], [ 74.13076, 14.94427 ], [ 74.12796, 14.94561 ], [ 74.12803, 14.94694 ], [ 74.12583, 14.94808 ], [ 74.12523, 14.94983 ], [ 74.1232, 14.94934 ], [ 74.12324, 14.95079 ], [ 74.12474, 14.95172 ], [ 74.12425, 14.95295 ], [ 74.1248, 14.95614 ], [ 74.12642, 14.95644 ], [ 74.1274, 14.95876 ], [ 74.12714, 14.96026 ], [ 74.12517, 14.96036 ], [ 74.12368, 14.96339 ], [ 74.12304, 14.96294 ], [ 74.12296, 14.96517 ], [ 74.12184, 14.96614 ], [ 74.12284, 14.96619 ], [ 74.12385, 14.96819 ], [ 74.12173, 14.97111 ], [ 74.123, 14.97695 ], [ 74.12506, 14.97768 ], [ 74.12869, 14.97623 ], [ 74.13299, 14.97756 ], [ 74.13895, 14.97615 ], [ 74.14146, 14.97721 ], [ 74.14378, 14.97563 ], [ 74.14526, 14.97647 ], [ 74.14706, 14.97535 ], [ 74.15024, 14.97497 ], [ 74.15233, 14.9763 ], [ 74.15868, 14.97476 ], [ 74.15989, 14.97592 ], [ 74.1599, 14.97763 ], [ 74.16159, 14.97925 ], [ 74.16486, 14.97916 ], [ 74.16608, 14.9776 ], [ 74.16753, 14.97739 ], [ 74.16905, 14.97902 ], [ 74.16833, 14.98046 ], [ 74.16883, 14.98152 ], [ 74.17292, 14.98224 ], [ 74.17451, 14.97939 ], [ 74.17651, 14.97851 ], [ 74.17734, 14.97998 ], [ 74.17558, 14.9841 ], [ 74.17774, 14.98642 ], [ 74.17618, 14.9891 ], [ 74.17911, 14.99023 ], [ 74.17969, 14.99131 ], [ 74.18257, 14.99285 ], [ 74.1857, 14.99273 ], [ 74.18622, 14.99138 ], [ 74.18728, 14.99102 ], [ 74.1897, 14.9919 ], [ 74.19127, 14.99043 ], [ 74.19305, 14.99308 ], [ 74.19411, 14.99308 ], [ 74.1947, 14.99401 ], [ 74.19675, 14.99396 ], [ 74.19789, 14.99652 ], [ 74.19777, 14.99862 ], [ 74.19845, 14.99932 ], [ 74.20056, 14.99895 ], [ 74.20299, 15.00363 ], [ 74.20789, 15.00607 ], [ 74.20837, 15.00774 ], [ 74.21531, 15.00934 ], [ 74.21324, 15.01431 ], [ 74.21153, 15.0154 ], [ 74.21152, 15.01659 ], [ 74.20833, 15.01728 ], [ 74.20645, 15.01576 ], [ 74.20609, 15.01433 ], [ 74.2067, 15.01034 ], [ 74.20613, 15.00692 ], [ 74.20147, 15.00417 ], [ 74.19958, 14.99995 ], [ 74.19793, 14.99931 ], [ 74.19498, 14.99722 ], [ 74.19405, 15.00076 ], [ 74.19565, 15.00163 ], [ 74.19564, 15.00321 ], [ 74.19342, 15.00555 ], [ 74.19378, 15.00457 ], [ 74.19026, 14.99927 ], [ 74.18873, 14.99909 ], [ 74.18398, 15.00104 ], [ 74.18417, 14.9973 ], [ 74.18214, 14.99604 ], [ 74.18231, 14.99508 ], [ 74.18149, 14.99468 ], [ 74.17895, 14.99589 ], [ 74.17753, 14.99858 ], [ 74.18096, 15.00179 ], [ 74.17534, 15.00498 ], [ 74.17382, 15.00847 ], [ 74.17454, 15.0091 ], [ 74.17321, 15.01042 ], [ 74.17481, 15.01329 ], [ 74.17733, 15.01371 ], [ 74.18044, 15.01739 ], [ 74.17943, 15.02062 ], [ 74.18, 15.02551 ], [ 74.18522, 15.02884 ], [ 74.18503, 15.03167 ], [ 74.18873, 15.03312 ], [ 74.19121, 15.03559 ], [ 74.19366, 15.04095 ], [ 74.20468, 15.04168 ], [ 74.21509, 15.04364 ], [ 74.21755, 15.04271 ] ] ] } },
{ "type": "Feature", "properties": { "newname": null }, "geometry": { "type": "Polygon", "coordinates": [ [ [ 73.86206, 15.51489 ], [ 73.86161, 15.51142 ], [ 73.86285, 15.50617 ], [ 73.8567, 15.50634 ], [ 73.84969, 15.50482 ], [ 73.84708, 15.50561 ], [ 73.84631, 15.50764 ], [ 73.84798, 15.51274 ], [ 73.85091, 15.51707 ], [ 73.85635, 15.51881 ], [ 73.86082, 15.51891 ], [ 73.86206, 15.51489 ] ] ] } },
{ "type": "Feature", "properties": { "newname": null }, "geometry": { "type": "Polygon", "coordinates": [ [ [ 74.10402, 15.44587 ], [ 74.11577, 15.44503 ], [ 74.12135, 15.44145 ], [ 74.11669, 15.42965 ], [ 74.11488, 15.40652 ], [ 74.10331, 15.41931 ], [ 74.10147, 15.42609 ], [ 74.09572, 15.4327 ], [ 74.09457, 15.44185 ], [ 74.09235, 15.44739 ], [ 74.0909, 15.44873 ], [ 74.10402, 15.44587 ] ] ] } },
{ "type": "Feature", "properties": { "newname": null }, "geometry": { "type": "Polygon", "coordinates": [ [ [ 74.26122, 15.47746 ], [ 74.26859, 15.46302 ], [ 74.27294, 15.45647 ], [ 74.27889, 15.43899 ], [ 74.27685, 15.43489 ], [ 74.27816, 15.4327 ], [ 74.2711, 15.42303 ], [ 74.27071, 15.41724 ], [ 74.26908, 15.41675 ], [ 74.26917, 15.4143 ], [ 74.26839, 15.41355 ], [ 74.26945, 15.41247 ], [ 74.268, 15.41101 ], [ 74.27023, 15.41102 ], [ 74.27332, 15.40662 ], [ 74.27258, 15.40651 ], [ 74.26932, 15.40965 ], [ 74.26479, 15.40926 ], [ 74.26524, 15.41323 ], [ 74.26411, 15.41498 ], [ 74.25748, 15.41332 ], [ 74.25544, 15.41124 ], [ 74.25459, 15.41128 ], [ 74.25389, 15.4127 ], [ 74.25154, 15.41009 ], [ 74.24827, 15.40994 ], [ 74.24725, 15.40839 ], [ 74.24573, 15.40898 ], [ 74.24413, 15.40687 ], [ 74.24128, 15.40899 ], [ 74.24232, 15.40584 ], [ 74.23843, 15.40706 ], [ 74.23771, 15.40485 ], [ 74.23827, 15.39989 ], [ 74.23772, 15.39755 ], [ 74.23941, 15.39176 ], [ 74.23752, 15.38843 ], [ 74.23755, 15.38301 ], [ 74.23244, 15.38198 ], [ 74.23168, 15.38342 ], [ 74.22665, 15.38311 ], [ 74.22518, 15.38429 ], [ 74.22601, 15.38551 ], [ 74.22533, 15.38605 ], [ 74.22559, 15.38767 ], [ 74.22611, 15.38852 ], [ 74.229, 15.38849 ], [ 74.229, 15.39011 ], [ 74.22184, 15.38981 ], [ 74.22045, 15.39185 ], [ 74.21801, 15.39111 ], [ 74.21553, 15.39382 ], [ 74.21671, 15.39489 ], [ 74.21375, 15.39808 ], [ 74.21013, 15.39929 ], [ 74.20651, 15.40392 ], [ 74.2084, 15.40537 ], [ 74.21163, 15.40396 ], [ 74.20837, 15.40603 ], [ 74.20632, 15.40461 ], [ 74.2038, 15.40511 ], [ 74.20193, 15.40818 ], [ 74.20371, 15.40816 ], [ 74.2077, 15.41 ], [ 74.20891, 15.41259 ], [ 74.21267, 15.4151 ], [ 74.22118, 15.41498 ], [ 74.22503, 15.4123 ], [ 74.22578, 15.41389 ], [ 74.22365, 15.41429 ], [ 74.21964, 15.41911 ], [ 74.21362, 15.41902 ], [ 74.21203, 15.41564 ], [ 74.20833, 15.41358 ], [ 74.20748, 15.4117 ], [ 74.20368, 15.40989 ], [ 74.20129, 15.41186 ], [ 74.20053, 15.41668 ], [ 74.19736, 15.41831 ], [ 74.19627, 15.42052 ], [ 74.1966, 15.42206 ], [ 74.19939, 15.42401 ], [ 74.19901, 15.42521 ], [ 74.19989, 15.42796 ], [ 74.19938, 15.43023 ], [ 74.20007, 15.43167 ], [ 74.20223, 15.43233 ], [ 74.20444, 15.43156 ], [ 74.20527, 15.43045 ], [ 74.20634, 15.43053 ], [ 74.20551, 15.43217 ], [ 74.2077, 15.43184 ], [ 74.20819, 15.43057 ], [ 74.20759, 15.42621 ], [ 74.2084, 15.42561 ], [ 74.2084, 15.42724 ], [ 74.21159, 15.43274 ], [ 74.21154, 15.43387 ], [ 74.21542, 15.43226 ], [ 74.22006, 15.43387 ], [ 74.22172, 15.43008 ], [ 74.22676, 15.42935 ], [ 74.22794, 15.42824 ], [ 74.22753, 15.43285 ], [ 74.2297, 15.43577 ], [ 74.23857, 15.4394 ], [ 74.24144, 15.43849 ], [ 74.24237, 15.43974 ], [ 74.2439, 15.43919 ], [ 74.24633, 15.44008 ], [ 74.25239, 15.43851 ], [ 74.25276, 15.43916 ], [ 74.25641, 15.43562 ], [ 74.25755, 15.43515 ], [ 74.25859, 15.43627 ], [ 74.25418, 15.44117 ], [ 74.25407, 15.4442 ], [ 74.25258, 15.44558 ], [ 74.24992, 15.44606 ], [ 74.24509, 15.4447 ], [ 74.24108, 15.44238 ], [ 74.23883, 15.4425 ], [ 74.23698, 15.44115 ], [ 74.23557, 15.44134 ], [ 74.23384, 15.44386 ], [ 74.23232, 15.44363 ], [ 74.23029, 15.44193 ], [ 74.22897, 15.43892 ], [ 74.22444, 15.43714 ], [ 74.22314, 15.43856 ], [ 74.22042, 15.43729 ], [ 74.2184, 15.43763 ], [ 74.21379, 15.43515 ], [ 74.21001, 15.43768 ], [ 74.21072, 15.43942 ], [ 74.20888, 15.44115 ], [ 74.20967, 15.44204 ], [ 74.20889, 15.4432 ], [ 74.21229, 15.44674 ], [ 74.20975, 15.45219 ], [ 74.21038, 15.45543 ], [ 74.20937, 15.45617 ], [ 74.20879, 15.45284 ], [ 74.20693, 15.4512 ], [ 74.20802, 15.4476 ], [ 74.20677, 15.44322 ], [ 74.20496, 15.44123 ], [ 74.20316, 15.44061 ], [ 74.20113, 15.44523 ], [ 74.20264, 15.43956 ], [ 74.20123, 15.43668 ], [ 74.19839, 15.43616 ], [ 74.1972, 15.43466 ], [ 74.19716, 15.43175 ], [ 74.19566, 15.43033 ], [ 74.19403, 15.43394 ], [ 74.19025, 15.43773 ], [ 74.18832, 15.44195 ], [ 74.18963, 15.44404 ], [ 74.19267, 15.4439 ], [ 74.19336, 15.4454 ], [ 74.19469, 15.44472 ], [ 74.19576, 15.44533 ], [ 74.19524, 15.44779 ], [ 74.19576, 15.45367 ], [ 74.19664, 15.45432 ], [ 74.19782, 15.45373 ], [ 74.19801, 15.45546 ], [ 74.19685, 15.45738 ], [ 74.1944, 15.45805 ], [ 74.19328, 15.45511 ], [ 74.19363, 15.4528 ], [ 74.19267, 15.4523 ], [ 74.19318, 15.45137 ], [ 74.19112, 15.45003 ], [ 74.18942, 15.4501 ], [ 74.18968, 15.453 ], [ 74.18816, 15.45446 ], [ 74.19267, 15.4576 ], [ 74.19604, 15.46329 ], [ 74.2007, 15.46666 ], [ 74.20644, 15.46961 ], [ 74.21203, 15.47082 ], [ 74.21665, 15.47323 ], [ 74.22343, 15.47535 ], [ 74.22946, 15.48148 ], [ 74.23131, 15.48013 ], [ 74.23157, 15.48248 ], [ 74.2333, 15.48389 ], [ 74.24232, 15.48716 ], [ 74.24663, 15.48734 ], [ 74.24846, 15.4902 ], [ 74.25208, 15.49042 ], [ 74.26122, 15.47746 ] ] ] } },
{ "type": "Feature", "properties": { "newname": null }, "geometry": { "type": "Polygon", "coordinates": [ [ [ 74.17957, 15.34174 ], [ 74.17787, 15.33995 ], [ 74.17938, 15.3385 ], [ 74.17795, 15.33662 ], [ 74.17844, 15.33523 ], [ 74.17699, 15.33148 ], [ 74.17815, 15.32775 ], [ 74.17921, 15.32722 ], [ 74.18023, 15.32479 ], [ 74.18246, 15.32416 ], [ 74.18459, 15.32194 ], [ 74.18548, 15.32227 ], [ 74.18851, 15.31999 ], [ 74.19522, 15.32006 ], [ 74.19707, 15.32205 ], [ 74.19968, 15.32319 ], [ 74.20093, 15.32545 ], [ 74.20239, 15.32381 ], [ 74.20357, 15.32387 ], [ 74.20118, 15.3261 ], [ 74.20261, 15.32715 ], [ 74.20343, 15.32666 ], [ 74.20819, 15.32728 ], [ 74.20879, 15.32577 ], [ 74.2113, 15.32425 ], [ 74.21085, 15.32183 ], [ 74.21284, 15.32297 ], [ 74.21439, 15.32206 ], [ 74.21198, 15.32385 ], [ 74.21156, 15.32558 ], [ 74.20944, 15.32647 ], [ 74.20979, 15.32787 ], [ 74.21687, 15.32622 ], [ 74.22347, 15.32148 ], [ 74.22713, 15.31979 ], [ 74.23171, 15.3265 ], [ 74.23216, 15.32596 ], [ 74.23101, 15.32425 ], [ 74.23143, 15.32379 ], [ 74.23306, 15.3243 ], [ 74.23278, 15.32329 ], [ 74.23659, 15.3218 ], [ 74.23961, 15.32482 ], [ 74.24284, 15.32655 ], [ 74.24466, 15.32565 ], [ 74.24813, 15.32706 ], [ 74.25031, 15.33091 ], [ 74.24954, 15.3326 ], [ 74.25002, 15.33287 ], [ 74.25266, 15.33079 ], [ 74.25512, 15.33012 ], [ 74.2561, 15.3245 ], [ 74.26304, 15.32281 ], [ 74.26386, 15.32106 ], [ 74.26233, 15.31782 ], [ 74.26118, 15.31166 ], [ 74.26241, 15.30993 ], [ 74.26624, 15.30889 ], [ 74.26749, 15.30595 ], [ 74.26423, 15.30491 ], [ 74.26344, 15.30156 ], [ 74.26192, 15.30013 ], [ 74.2576, 15.30015 ], [ 74.25461, 15.30177 ], [ 74.25341, 15.29753 ], [ 74.25144, 15.29777 ], [ 74.24681, 15.29441 ], [ 74.24191, 15.29409 ], [ 74.23711, 15.29062 ], [ 74.23555, 15.28779 ], [ 74.23375, 15.2874 ], [ 74.23662, 15.28474 ], [ 74.23948, 15.28716 ], [ 74.2411, 15.28577 ], [ 74.24338, 15.28585 ], [ 74.24641, 15.28176 ], [ 74.24688, 15.27308 ], [ 74.24387, 15.2689 ], [ 74.24136, 15.26699 ], [ 74.24037, 15.26423 ], [ 74.24364, 15.26315 ], [ 74.24718, 15.26545 ], [ 74.25148, 15.26538 ], [ 74.25169, 15.26382 ], [ 74.25343, 15.26259 ], [ 74.25285, 15.26144 ], [ 74.25436, 15.25941 ], [ 74.25704, 15.25816 ], [ 74.25185, 15.25729 ], [ 74.25357, 15.25418 ], [ 74.25179, 15.25256 ], [ 74.24892, 15.25191 ], [ 74.24669, 15.25403 ], [ 74.24364, 15.2551 ], [ 74.24191, 15.25476 ], [ 74.24065, 15.25704 ], [ 74.24155, 15.26003 ], [ 74.23842, 15.25943 ], [ 74.23772, 15.26039 ], [ 74.23569, 15.25809 ], [ 74.23425, 15.25888 ], [ 74.23331, 15.25848 ], [ 74.23358, 15.25662 ], [ 74.23194, 15.25595 ], [ 74.23114, 15.25401 ], [ 74.22717, 15.25473 ], [ 74.2259, 15.25429 ], [ 74.22322, 15.2511 ], [ 74.22041, 15.24971 ], [ 74.21853, 15.2464 ], [ 74.21696, 15.24586 ], [ 74.21473, 15.24602 ], [ 74.21069, 15.24948 ], [ 74.20628, 15.24973 ], [ 74.20234, 15.25212 ], [ 74.20024, 15.25649 ], [ 74.20184, 15.2597 ], [ 74.20185, 15.26148 ], [ 74.19985, 15.26537 ], [ 74.19529, 15.2708 ], [ 74.19142, 15.2738 ], [ 74.19064, 15.27707 ], [ 74.18651, 15.27829 ], [ 74.18251, 15.28449 ], [ 74.18436, 15.28962 ], [ 74.18159, 15.28998 ], [ 74.1786, 15.28743 ], [ 74.17406, 15.28807 ], [ 74.17194, 15.29193 ], [ 74.16887, 15.29406 ], [ 74.16848, 15.29541 ], [ 74.16996, 15.3014 ], [ 74.16499, 15.31386 ], [ 74.16321, 15.32359 ], [ 74.15766, 15.3307 ], [ 74.15771, 15.33255 ], [ 74.15977, 15.33474 ], [ 74.16111, 15.3355 ], [ 74.16373, 15.33482 ], [ 74.16459, 15.33732 ], [ 74.16793, 15.33854 ], [ 74.16946, 15.34133 ], [ 74.17057, 15.34128 ], [ 74.17088, 15.33903 ], [ 74.1727, 15.33853 ], [ 74.174, 15.33912 ], [ 74.1761, 15.34303 ], [ 74.17957, 15.34174 ] ] ] } },
{ "type": "Feature", "properties": { "newname": null }, "geometry": { "type": "Polygon", "coordinates": [ [ [ 74.26402, 15.24484 ], [ 74.27689, 15.24174 ], [ 74.286, 15.241 ], [ 74.29408, 15.23914 ], [ 74.29695, 15.23792 ], [ 74.29977, 15.23553 ], [ 74.30102, 15.23322 ], [ 74.30036, 15.22526 ], [ 74.30647, 15.22797 ], [ 74.30737, 15.22425 ], [ 74.30749, 15.21666 ], [ 74.31359, 15.20342 ], [ 74.31563, 15.19558 ], [ 74.31617, 15.18865 ], [ 74.31515, 15.1836 ], [ 74.30377, 15.16828 ], [ 74.30251, 15.16347 ], [ 74.3024, 15.16609 ], [ 74.29839, 15.15964 ], [ 74.28642, 15.15488 ], [ 74.28312, 15.15113 ], [ 74.2827, 15.14685 ], [ 74.28648, 15.14226 ], [ 74.28396, 15.13076 ], [ 74.28648, 15.12113 ], [ 74.28378, 15.11727 ], [ 74.27288, 15.10804 ], [ 74.27187, 15.1055 ], [ 74.27193, 15.10434 ], [ 74.28133, 15.09783 ], [ 74.27995, 15.07642 ], [ 74.28192, 15.07425 ], [ 74.28551, 15.07444 ], [ 74.28893, 15.07107 ], [ 74.29054, 15.06486 ], [ 74.29426, 15.05729 ], [ 74.29815, 15.05282 ], [ 74.29778, 15.04908 ], [ 74.29317, 15.0439 ], [ 74.29073, 15.04273 ], [ 74.28665, 15.04223 ], [ 74.28413, 15.0406 ], [ 74.28198, 15.03746 ], [ 74.28091, 15.03335 ], [ 74.28139, 15.03085 ], [ 74.2839, 15.02874 ], [ 74.28408, 15.02752 ], [ 74.27917, 15.02291 ], [ 74.27252, 15.01833 ], [ 74.27025, 15.01559 ], [ 74.26935, 15.01195 ], [ 74.27216, 15.00343 ], [ 74.27193, 15.00074 ], [ 74.26534, 15.00124 ], [ 74.25541, 14.99882 ], [ 74.24343, 15.00443 ], [ 74.23582, 15.00964 ], [ 74.23475, 15.0144 ], [ 74.2302, 15.01868 ], [ 74.22829, 15.02308 ], [ 74.2323, 15.02941 ], [ 74.23199, 15.03332 ], [ 74.22978, 15.03531 ], [ 74.22451, 15.03783 ], [ 74.21937, 15.04519 ], [ 74.21445, 15.04823 ], [ 74.21194, 15.04847 ], [ 74.20937, 15.04765 ], [ 74.20692, 15.04579 ], [ 74.20422, 15.04205 ], [ 74.19081, 15.04275 ], [ 74.18333, 15.04597 ], [ 74.17207, 15.04426 ], [ 74.16459, 15.0462 ], [ 74.16339, 15.04681 ], [ 74.16339, 15.04804 ], [ 74.16914, 15.05266 ], [ 74.16974, 15.0539 ], [ 74.1698, 15.05513 ], [ 74.16573, 15.05749 ], [ 74.16501, 15.05981 ], [ 74.16525, 15.06099 ], [ 74.16938, 15.06575 ], [ 74.16902, 15.06948 ], [ 74.16992, 15.07183 ], [ 74.17842, 15.07751 ], [ 74.18231, 15.0811 ], [ 74.18452, 15.08372 ], [ 74.18549, 15.08859 ], [ 74.18674, 15.08949 ], [ 74.19357, 15.08918 ], [ 74.19746, 15.0819 ], [ 74.19596, 15.07574 ], [ 74.19608, 15.07305 ], [ 74.19943, 15.07009 ], [ 74.20338, 15.07053 ], [ 74.20589, 15.07245 ], [ 74.20781, 15.07512 ], [ 74.20841, 15.08127 ], [ 74.20907, 15.08245 ], [ 74.21039, 15.08266 ], [ 74.21404, 15.08023 ], [ 74.21649, 15.0815 ], [ 74.21727, 15.08006 ], [ 74.21637, 15.0749 ], [ 74.21889, 15.07554 ], [ 74.22343, 15.07091 ], [ 74.22463, 15.07135 ], [ 74.22595, 15.075 ], [ 74.2187, 15.08202 ], [ 74.21649, 15.08577 ], [ 74.21674, 15.08694 ], [ 74.21912, 15.08886 ], [ 74.22433, 15.08845 ], [ 74.22877, 15.08224 ], [ 74.23248, 15.07882 ], [ 74.23631, 15.07891 ], [ 74.23846, 15.081 ], [ 74.23822, 15.08356 ], [ 74.23685, 15.08593 ], [ 74.23164, 15.09019 ], [ 74.22793, 15.09209 ], [ 74.22727, 15.09675 ], [ 74.22326, 15.09549 ], [ 74.22272, 15.09671 ], [ 74.22356, 15.09906 ], [ 74.22452, 15.11257 ], [ 74.222, 15.11229 ], [ 74.2208, 15.11296 ], [ 74.2199, 15.11411 ], [ 74.21954, 15.1176 ], [ 74.21577, 15.11705 ], [ 74.21344, 15.11916 ], [ 74.20811, 15.12161 ], [ 74.20177, 15.12597 ], [ 74.20027, 15.12827 ], [ 74.20213, 15.13071 ], [ 74.20135, 15.1332 ], [ 74.19764, 15.13411 ], [ 74.19662, 15.13532 ], [ 74.19746, 15.1365 ], [ 74.20518, 15.14094 ], [ 74.20985, 15.14986 ], [ 74.21104, 15.14965 ], [ 74.21194, 15.14605 ], [ 74.21452, 15.14523 ], [ 74.21529, 15.14391 ], [ 74.21452, 15.13782 ], [ 74.21703, 15.13735 ], [ 74.21949, 15.13863 ], [ 74.22416, 15.14381 ], [ 74.22385, 15.1497 ], [ 74.22961, 15.15409 ], [ 74.23003, 15.15766 ], [ 74.23128, 15.15874 ], [ 74.25115, 15.16537 ], [ 74.25241, 15.16627 ], [ 74.25224, 15.16872 ], [ 74.25445, 15.17058 ], [ 74.25816, 15.17008 ], [ 74.2657, 15.164 ], [ 74.26936, 15.16367 ], [ 74.26959, 15.1649 ], [ 74.2672, 15.16864 ], [ 74.2672, 15.17098 ], [ 74.27109, 15.17223 ], [ 74.27474, 15.17039 ], [ 74.27594, 15.17071 ], [ 74.27714, 15.17167 ], [ 74.27528, 15.17659 ], [ 74.26894, 15.17873 ], [ 74.26379, 15.17809 ], [ 74.25708, 15.17496 ], [ 74.25056, 15.17003 ], [ 74.24541, 15.16881 ], [ 74.24421, 15.16878 ], [ 74.24104, 15.1714 ], [ 74.23487, 15.17254 ], [ 74.23128, 15.16966 ], [ 74.22841, 15.16347 ], [ 74.22524, 15.15989 ], [ 74.22152, 15.15718 ], [ 74.21901, 15.15736 ], [ 74.21655, 15.1559 ], [ 74.21577, 15.15706 ], [ 74.2156, 15.16102 ], [ 74.21883, 15.16869 ], [ 74.21865, 15.16991 ], [ 74.21745, 15.17052 ], [ 74.2123, 15.16784 ], [ 74.20991, 15.16551 ], [ 74.20818, 15.15665 ], [ 74.20625, 15.15416 ], [ 74.1944, 15.1508 ], [ 74.19279, 15.1531 ], [ 74.1944, 15.16032 ], [ 74.19045, 15.16631 ], [ 74.18991, 15.16869 ], [ 74.19165, 15.17042 ], [ 74.19788, 15.16717 ], [ 74.1992, 15.16685 ], [ 74.19962, 15.16815 ], [ 74.1971, 15.17148 ], [ 74.19842, 15.17775 ], [ 74.19386, 15.18092 ], [ 74.1938, 15.18227 ], [ 74.1962, 15.18541 ], [ 74.19602, 15.18903 ], [ 74.19806, 15.19153 ], [ 74.19764, 15.19385 ], [ 74.19889, 15.1975 ], [ 74.19632, 15.19902 ], [ 74.19243, 15.19911 ], [ 74.19459, 15.19712 ], [ 74.19099, 15.1926 ], [ 74.19308, 15.19025 ], [ 74.19303, 15.18756 ], [ 74.1898, 15.18241 ], [ 74.18608, 15.18005 ], [ 74.1825, 15.18038 ], [ 74.18046, 15.18384 ], [ 74.17561, 15.18455 ], [ 74.17423, 15.18545 ], [ 74.17268, 15.18781 ], [ 74.17274, 15.18904 ], [ 74.1759, 15.19215 ], [ 74.17842, 15.19238 ], [ 74.18094, 15.19109 ], [ 74.18219, 15.19205 ], [ 74.18441, 15.20524 ], [ 74.18692, 15.21003 ], [ 74.19081, 15.21134 ], [ 74.19447, 15.20909 ], [ 74.19704, 15.2092 ], [ 74.20584, 15.21471 ], [ 74.20979, 15.21427 ], [ 74.21487, 15.21164 ], [ 74.22218, 15.20082 ], [ 74.22469, 15.19217 ], [ 74.22775, 15.18506 ], [ 74.23116, 15.18239 ], [ 74.23493, 15.18259 ], [ 74.23505, 15.18376 ], [ 74.23176, 15.18859 ], [ 74.23505, 15.19159 ], [ 74.23248, 15.1976 ], [ 74.23308, 15.19884 ], [ 74.23553, 15.20001 ], [ 74.23823, 15.20036 ], [ 74.23948, 15.19665 ], [ 74.24194, 15.19571 ], [ 74.24541, 15.19251 ], [ 74.24792, 15.19321 ], [ 74.24852, 15.19679 ], [ 74.24972, 15.19786 ], [ 74.26145, 15.20023 ], [ 74.26648, 15.19999 ], [ 74.26822, 15.1974 ], [ 74.26881, 15.18877 ], [ 74.27001, 15.18815 ], [ 74.27097, 15.19068 ], [ 74.27025, 15.19703 ], [ 74.27151, 15.20086 ], [ 74.26978, 15.20333 ], [ 74.26343, 15.20593 ], [ 74.26175, 15.21314 ], [ 74.26055, 15.21399 ], [ 74.25935, 15.21373 ], [ 74.25157, 15.20924 ], [ 74.23415, 15.21387 ], [ 74.2232, 15.21515 ], [ 74.22302, 15.21988 ], [ 74.22038, 15.22379 ], [ 74.21985, 15.22746 ], [ 74.21626, 15.23182 ], [ 74.21626, 15.23316 ], [ 74.21805, 15.23542 ], [ 74.2226, 15.23248 ], [ 74.22505, 15.23388 ], [ 74.23241, 15.24046 ], [ 74.23476, 15.2453 ], [ 74.23595, 15.2458 ], [ 74.25271, 15.24611 ], [ 74.25919, 15.2476 ], [ 74.26402, 15.24484 ] ] ] } },
{ "type": "Feature", "properties": { "newname": null }, "geometry": { "type": "Polygon", "coordinates": [ [ [ 74.52676, 15.10582 ], [ 74.5222, 15.10004 ], [ 74.52257, 15.1039 ], [ 74.51641, 15.10469 ], [ 74.51505, 15.10683 ], [ 74.51844, 15.10741 ], [ 74.52071, 15.10873 ], [ 74.52676, 15.10582 ] ] ] } },
{ "type": "Feature", "properties": { "newname": null }, "geometry": { "type": "Polygon", "coordinates": [ [ [ 74.53235, 15.12921 ], [ 74.53017, 15.13098 ], [ 74.53494, 15.13171 ], [ 74.53487, 15.12932 ], [ 74.53235, 15.12921 ] ] ] } },
{ "type": "Feature", "properties": { "newname": null }, "geometry": { "type": "Polygon", "coordinates": [ [ [ 74.5239, 15.14189 ], [ 74.52271, 15.14025 ], [ 74.5202, 15.13948 ], [ 74.5186, 15.14233 ], [ 74.51709, 15.14048 ], [ 74.51505, 15.14384 ], [ 74.51687, 15.14694 ], [ 74.51938, 15.14457 ], [ 74.52017, 15.14736 ], [ 74.52535, 15.14788 ], [ 74.52673, 15.14353 ], [ 74.5239, 15.14189 ] ] ] } },
{ "type": "Feature", "properties": { "newname": null }, "geometry": { "type": "Polygon", "coordinates": [ [ [ 74.52045, 15.12933 ], [ 74.52047, 15.13245 ], [ 74.52259, 15.13367 ], [ 74.52464, 15.13049 ], [ 74.52045, 15.12933 ] ] ] } },
{ "type": "Feature", "properties": { "newname": null }, "geometry": { "type": "Polygon", "coordinates": [ [ [ 74.5645, 15.14454 ], [ 74.56155, 15.14364 ], [ 74.563, 15.14648 ], [ 74.5666, 15.14777 ], [ 74.5666, 15.14556 ], [ 74.5645, 15.14454 ] ] ] } },
{ "type": "Feature", "properties": { "newname": null }, "geometry": { "type": "Polygon", "coordinates": [ [ [ 74.61302, 15.12815 ], [ 74.615, 15.12992 ], [ 74.61512, 15.12596 ], [ 74.61302, 15.12815 ] ] ] } },
{ "type": "Feature", "properties": { "newname": null }, "geometry": { "type": "Polygon", "coordinates": [ [ [ 74.61813, 15.1524 ], [ 74.6142, 15.15207 ], [ 74.61202, 15.15082 ], [ 74.61103, 15.15398 ], [ 74.61481, 15.15581 ], [ 74.61813, 15.1524 ] ] ] } },
{ "type": "Feature", "properties": { "newname": null }, "geometry": { "type": "Polygon", "coordinates": [ [ [ 74.58417, 15.2703 ], [ 74.5867, 15.26198 ], [ 74.58779, 15.26102 ], [ 74.58851, 15.26198 ], [ 74.59188, 15.25933 ], [ 74.59369, 15.25921 ], [ 74.59526, 15.25536 ], [ 74.60213, 15.2574 ], [ 74.6049, 15.25728 ], [ 74.61261, 15.25487 ], [ 74.62418, 15.24849 ], [ 74.62949, 15.25078 ], [ 74.63491, 15.24391 ], [ 74.63467, 15.23824 ], [ 74.63648, 15.2368 ], [ 74.64033, 15.23041 ], [ 74.6419, 15.22101 ], [ 74.64552, 15.2157 ], [ 74.64431, 15.20413 ], [ 74.64636, 15.19895 ], [ 74.64564, 15.19678 ], [ 74.64696, 15.19534 ], [ 74.64781, 15.19196 ], [ 74.64925, 15.19088 ], [ 74.65022, 15.18557 ], [ 74.65311, 15.18051 ], [ 74.65275, 15.1781 ], [ 74.65142, 15.17702 ], [ 74.65058, 15.16955 ], [ 74.6425, 15.16858 ], [ 74.63587, 15.16882 ], [ 74.63105, 15.17003 ], [ 74.63069, 15.16846 ], [ 74.62913, 15.16846 ], [ 74.62816, 15.17027 ], [ 74.62599, 15.16955 ], [ 74.62515, 15.16834 ], [ 74.62033, 15.16834 ], [ 74.61888, 15.16593 ], [ 74.61888, 15.16436 ], [ 74.61587, 15.16171 ], [ 74.61418, 15.16255 ], [ 74.61165, 15.16171 ], [ 74.61081, 15.1628 ], [ 74.60502, 15.16304 ], [ 74.60237, 15.16581 ], [ 74.60201, 15.17666 ], [ 74.60466, 15.17943 ], [ 74.60599, 15.19027 ], [ 74.60731, 15.19365 ], [ 74.60779, 15.20064 ], [ 74.61032, 15.20269 ], [ 74.60996, 15.20425 ], [ 74.61093, 15.20775 ], [ 74.60695, 15.21317 ], [ 74.60996, 15.21522 ], [ 74.60972, 15.21811 ], [ 74.60442, 15.22125 ], [ 74.59875, 15.2198 ], [ 74.59502, 15.22161 ], [ 74.59297, 15.22125 ], [ 74.5914, 15.21992 ], [ 74.58899, 15.21558 ], [ 74.57875, 15.23667 ], [ 74.5579, 15.22281 ], [ 74.55428, 15.23161 ], [ 74.53633, 15.24222 ], [ 74.535, 15.24475 ], [ 74.52885, 15.2468 ], [ 74.52054, 15.248 ], [ 74.51548, 15.25078 ], [ 74.51813, 15.2515 ], [ 74.51813, 15.25668 ], [ 74.52138, 15.2562 ], [ 74.5221, 15.25777 ], [ 74.51933, 15.25945 ], [ 74.52018, 15.26078 ], [ 74.52379, 15.25957 ], [ 74.52488, 15.26042 ], [ 74.52307, 15.26102 ], [ 74.52488, 15.26271 ], [ 74.52271, 15.26307 ], [ 74.52283, 15.26488 ], [ 74.52451, 15.26524 ], [ 74.52355, 15.26777 ], [ 74.52488, 15.26849 ], [ 74.52729, 15.27343 ], [ 74.53753, 15.27681 ], [ 74.53994, 15.2762 ], [ 74.54115, 15.27379 ], [ 74.54259, 15.27428 ], [ 74.54235, 15.27753 ], [ 74.54356, 15.28115 ], [ 74.54524, 15.28307 ], [ 74.55067, 15.27729 ], [ 74.55187, 15.27319 ], [ 74.55368, 15.27331 ], [ 74.55392, 15.27488 ], [ 74.55621, 15.27645 ], [ 74.56091, 15.27572 ], [ 74.56694, 15.2832 ], [ 74.57272, 15.28717 ], [ 74.58417, 15.2703 ] ] ] } },
{ "type": "Feature", "properties": { "newname": null }, "geometry": { "type": "Polygon", "coordinates": [ [ [ 74.27238, 15.41393 ], [ 74.27454, 15.41388 ], [ 74.27582, 15.41299 ], [ 74.27711, 15.40777 ], [ 74.27911, 15.40354 ], [ 74.27735, 15.38971 ], [ 74.28401, 15.38132 ], [ 74.30093, 15.379 ], [ 74.31236, 15.37052 ], [ 74.32381, 15.36476 ], [ 74.31762, 15.36006 ], [ 74.31724, 15.35638 ], [ 74.32224, 15.34066 ], [ 74.31819, 15.33284 ], [ 74.31738, 15.32717 ], [ 74.32373, 15.30816 ], [ 74.33533, 15.2926 ], [ 74.33162, 15.28723 ], [ 74.32533, 15.28148 ], [ 74.32079, 15.28221 ], [ 74.31863, 15.28133 ], [ 74.3075, 15.28149 ], [ 74.29642, 15.28688 ], [ 74.29459, 15.28699 ], [ 74.29322, 15.2826 ], [ 74.28802, 15.28184 ], [ 74.28253, 15.27867 ], [ 74.27673, 15.28109 ], [ 74.27256, 15.27873 ], [ 74.26145, 15.25918 ], [ 74.25704, 15.25816 ], [ 74.25436, 15.25941 ], [ 74.25285, 15.26144 ], [ 74.25343, 15.26259 ], [ 74.25169, 15.26382 ], [ 74.25114, 15.26557 ], [ 74.24718, 15.26545 ], [ 74.24364, 15.26315 ], [ 74.24037, 15.26423 ], [ 74.24136, 15.26699 ], [ 74.24387, 15.2689 ], [ 74.24688, 15.27308 ], [ 74.24641, 15.28176 ], [ 74.24338, 15.28585 ], [ 74.2411, 15.28577 ], [ 74.23948, 15.28716 ], [ 74.23662, 15.28474 ], [ 74.23375, 15.2874 ], [ 74.23555, 15.28779 ], [ 74.23711, 15.29062 ], [ 74.24191, 15.29409 ], [ 74.24681, 15.29441 ], [ 74.25144, 15.29777 ], [ 74.25341, 15.29753 ], [ 74.25461, 15.30177 ], [ 74.2576, 15.30015 ], [ 74.26263, 15.3005 ], [ 74.26423, 15.30491 ], [ 74.26766, 15.30619 ], [ 74.26566, 15.30936 ], [ 74.26241, 15.30993 ], [ 74.26145, 15.31093 ], [ 74.26169, 15.31539 ], [ 74.26376, 15.32168 ], [ 74.26304, 15.32281 ], [ 74.2561, 15.3245 ], [ 74.25512, 15.33012 ], [ 74.25323, 15.33079 ], [ 74.25507, 15.3323 ], [ 74.25344, 15.33503 ], [ 74.25479, 15.33581 ], [ 74.25138, 15.33766 ], [ 74.24835, 15.3363 ], [ 74.24744, 15.33677 ], [ 74.24812, 15.33821 ], [ 74.24794, 15.34325 ], [ 74.24565, 15.34935 ], [ 74.24635, 15.35155 ], [ 74.24564, 15.35229 ], [ 74.24867, 15.3547 ], [ 74.25255, 15.35529 ], [ 74.25291, 15.35846 ], [ 74.25208, 15.36125 ], [ 74.25143, 15.36174 ], [ 74.24922, 15.3609 ], [ 74.2486, 15.36327 ], [ 74.24668, 15.36409 ], [ 74.24012, 15.36221 ], [ 74.23816, 15.36431 ], [ 74.23528, 15.36574 ], [ 74.23019, 15.37559 ], [ 74.23119, 15.38077 ], [ 74.23312, 15.38227 ], [ 74.23755, 15.38301 ], [ 74.23752, 15.38843 ], [ 74.23941, 15.39176 ], [ 74.23772, 15.39755 ], [ 74.23827, 15.39989 ], [ 74.23752, 15.40311 ], [ 74.23843, 15.40706 ], [ 74.24232, 15.40584 ], [ 74.24128, 15.40899 ], [ 74.24413, 15.40687 ], [ 74.24573, 15.40898 ], [ 74.24725, 15.40839 ], [ 74.24827, 15.40994 ], [ 74.25154, 15.41009 ], [ 74.25389, 15.4127 ], [ 74.25459, 15.41128 ], [ 74.2559, 15.41136 ], [ 74.25748, 15.41332 ], [ 74.26129, 15.41399 ], [ 74.26256, 15.41508 ], [ 74.26513, 15.41406 ], [ 74.2654, 15.41073 ], [ 74.26479, 15.40926 ], [ 74.26932, 15.40965 ], [ 74.27258, 15.40651 ], [ 74.27332, 15.40662 ], [ 74.27023, 15.41102 ], [ 74.268, 15.41101 ], [ 74.26945, 15.41247 ], [ 74.26839, 15.41355 ], [ 74.26917, 15.4143 ], [ 74.26908, 15.41675 ], [ 74.27071, 15.41724 ], [ 74.27238, 15.41393 ] ] ] } },
{ "type": "Feature", "properties": { "newname": null }, "geometry": { "type": "Polygon", "coordinates": [ [ [ 74.26798, 15.6582 ], [ 74.27312, 15.65697 ], [ 74.27439, 15.65441 ], [ 74.2826, 15.64918 ], [ 74.28612, 15.64779 ], [ 74.29025, 15.64367 ], [ 74.29395, 15.64542 ], [ 74.29867, 15.6412 ], [ 74.30354, 15.63844 ], [ 74.30857, 15.63708 ], [ 74.31329, 15.63732 ], [ 74.3142, 15.63847 ], [ 74.32807, 15.63148 ], [ 74.32993, 15.62131 ], [ 74.31982, 15.61319 ], [ 74.31742, 15.61286 ], [ 74.31681, 15.6109 ], [ 74.31564, 15.60663 ], [ 74.31952, 15.60194 ], [ 74.33983, 15.61232 ], [ 74.34513, 15.62354 ], [ 74.34615, 15.62092 ], [ 74.3451, 15.62044 ], [ 74.34492, 15.61867 ], [ 74.3463, 15.6177 ], [ 74.34744, 15.62047 ], [ 74.34883, 15.61837 ], [ 74.35226, 15.61758 ], [ 74.35307, 15.61909 ], [ 74.35605, 15.61909 ], [ 74.35497, 15.6159 ], [ 74.35686, 15.61533 ], [ 74.36047, 15.61704 ], [ 74.3611, 15.61485 ], [ 74.35972, 15.61458 ], [ 74.35752, 15.61223 ], [ 74.3587, 15.6097 ], [ 74.35792, 15.60838 ], [ 74.35846, 15.6057 ], [ 74.35746, 15.60567 ], [ 74.3577, 15.60447 ], [ 74.35671, 15.60266 ], [ 74.35927, 15.60152 ], [ 74.36017, 15.60215 ], [ 74.35942, 15.60438 ], [ 74.36032, 15.60774 ], [ 74.36192, 15.60901 ], [ 74.36318, 15.6088 ], [ 74.36354, 15.61075 ], [ 74.36499, 15.61169 ], [ 74.36983, 15.61054 ], [ 74.37296, 15.60832 ], [ 74.37173, 15.61325 ], [ 74.37479, 15.61202 ], [ 74.37606, 15.61867 ], [ 74.37681, 15.61846 ], [ 74.37723, 15.61542 ], [ 74.38045, 15.61506 ], [ 74.38153, 15.61641 ], [ 74.38214, 15.61599 ], [ 74.38238, 15.61205 ], [ 74.38695, 15.61488 ], [ 74.388, 15.61289 ], [ 74.38406, 15.60774 ], [ 74.38039, 15.60787 ], [ 74.38156, 15.60549 ], [ 74.38141, 15.60323 ], [ 74.37823, 15.60122 ], [ 74.37826, 15.5989 ], [ 74.37558, 15.59791 ], [ 74.37486, 15.59586 ], [ 74.37847, 15.59297 ], [ 74.37618, 15.59156 ], [ 74.3772, 15.589 ], [ 74.37528, 15.58951 ], [ 74.37543, 15.5878 ], [ 74.37344, 15.58725 ], [ 74.37407, 15.58458 ], [ 74.37173, 15.58268 ], [ 74.37064, 15.58033 ], [ 74.38012, 15.57714 ], [ 74.3945, 15.58331 ], [ 74.40281, 15.58455 ], [ 74.41313, 15.5695 ], [ 74.4193, 15.56743 ], [ 74.42564, 15.54931 ], [ 74.42303, 15.54525 ], [ 74.40904, 15.54053 ], [ 74.40828, 15.52792 ], [ 74.42206, 15.51751 ], [ 74.42348, 15.513 ], [ 74.41665, 15.50978 ], [ 74.41117, 15.50517 ], [ 74.39998, 15.4981 ], [ 74.38719, 15.48408 ], [ 74.38169, 15.4814 ], [ 74.37558, 15.48071 ], [ 74.36044, 15.49597 ], [ 74.35343, 15.50695 ], [ 74.34416, 15.51525 ], [ 74.34293, 15.51974 ], [ 74.3275, 15.51838 ], [ 74.31031, 15.52109 ], [ 74.29307, 15.52485 ], [ 74.27893, 15.52398 ], [ 74.28254, 15.52795 ], [ 74.28299, 15.53084 ], [ 74.27914, 15.54561 ], [ 74.26605, 15.55843 ], [ 74.2647, 15.563 ], [ 74.26292, 15.56514 ], [ 74.25871, 15.56129 ], [ 74.25074, 15.56725 ], [ 74.24553, 15.5667 ], [ 74.25104, 15.57669 ], [ 74.24917, 15.57991 ], [ 74.26079, 15.59147 ], [ 74.26058, 15.60573 ], [ 74.26467, 15.61439 ], [ 74.2591, 15.61945 ], [ 74.25865, 15.62225 ], [ 74.25483, 15.6245 ], [ 74.25194, 15.62393 ], [ 74.24839, 15.62125 ], [ 74.24466, 15.62465 ], [ 74.25155, 15.65137 ], [ 74.25146, 15.65526 ], [ 74.25652, 15.65565 ], [ 74.25841, 15.65616 ], [ 74.26094, 15.65829 ], [ 74.26798, 15.6582 ] ] ] } },
{ "type": "Feature", "properties": { "newname": null }, "geometry": { "type": "Polygon", "coordinates": [ [ [ 74.18921, 15.67293 ], [ 74.18699, 15.67464 ], [ 74.18617, 15.67931 ], [ 74.18921, 15.67293 ] ] ] } },
{ "type": "Feature", "properties": { "newname": null }, "geometry": { "type": "Polygon", "coordinates": [ [ [ 74.18693, 15.69128 ], [ 74.18855, 15.68881 ], [ 74.1883, 15.68501 ], [ 74.18621, 15.67976 ], [ 74.18699, 15.67464 ], [ 74.18944, 15.67283 ], [ 74.19704, 15.67317 ], [ 74.20106, 15.67168 ], [ 74.20279, 15.66938 ], [ 74.20136, 15.66293 ], [ 74.20184, 15.66165 ], [ 74.20422, 15.65984 ], [ 74.20794, 15.6591 ], [ 74.2153, 15.66294 ], [ 74.21896, 15.666 ], [ 74.21883, 15.66956 ], [ 74.21758, 15.67029 ], [ 74.21632, 15.66997 ], [ 74.21548, 15.67136 ], [ 74.21542, 15.67252 ], [ 74.21776, 15.67474 ], [ 74.22147, 15.67493 ], [ 74.22662, 15.67318 ], [ 74.22901, 15.67382 ], [ 74.23314, 15.6784 ], [ 74.2344, 15.67884 ], [ 74.23692, 15.67779 ], [ 74.23829, 15.67256 ], [ 74.24128, 15.66918 ], [ 74.2438, 15.66778 ], [ 74.25008, 15.66686 ], [ 74.25044, 15.66302 ], [ 74.24912, 15.65277 ], [ 74.24721, 15.64531 ], [ 74.24416, 15.63882 ], [ 74.24428, 15.63363 ], [ 74.245, 15.63247 ], [ 74.24625, 15.6325 ], [ 74.25511, 15.63532 ], [ 74.25637, 15.63523 ], [ 74.25871, 15.63295 ], [ 74.26031, 15.62791 ], [ 74.26067, 15.62003 ], [ 74.26182, 15.61497 ], [ 74.26223, 15.60179 ], [ 74.25984, 15.59805 ], [ 74.2511, 15.59085 ], [ 74.25038, 15.58955 ], [ 74.2502, 15.5847 ], [ 74.24481, 15.57857 ], [ 74.24469, 15.57483 ], [ 74.24601, 15.57404 ], [ 74.24876, 15.57404 ], [ 74.25942, 15.57755 ], [ 74.26187, 15.57614 ], [ 74.26954, 15.56078 ], [ 74.27354, 15.55456 ], [ 74.27744, 15.55102 ], [ 74.28121, 15.5455 ], [ 74.28319, 15.54035 ], [ 74.2821, 15.53244 ], [ 74.27924, 15.52735 ], [ 74.27779, 15.52253 ], [ 74.27379, 15.52017 ], [ 74.26529, 15.51776 ], [ 74.25726, 15.51332 ], [ 74.25337, 15.50815 ], [ 74.25205, 15.50304 ], [ 74.25209, 15.49954 ], [ 74.23978, 15.49267 ], [ 74.22709, 15.48965 ], [ 74.22446, 15.48772 ], [ 74.22099, 15.48291 ], [ 74.21853, 15.48087 ], [ 74.21326, 15.47982 ], [ 74.20572, 15.47411 ], [ 74.19758, 15.47212 ], [ 74.18884, 15.46071 ], [ 74.18765, 15.45707 ], [ 74.18309, 15.45778 ], [ 74.1792, 15.45951 ], [ 74.17555, 15.46217 ], [ 74.17387, 15.4657 ], [ 74.17459, 15.46822 ], [ 74.17686, 15.47026 ], [ 74.18058, 15.46801 ], [ 74.18184, 15.46809 ], [ 74.18818, 15.47279 ], [ 74.19022, 15.47517 ], [ 74.19028, 15.47639 ], [ 74.18902, 15.47736 ], [ 74.18267, 15.47909 ], [ 74.17795, 15.48348 ], [ 74.17806, 15.48465 ], [ 74.18034, 15.48686 ], [ 74.18693, 15.48601 ], [ 74.19076, 15.48727 ], [ 74.19147, 15.49371 ], [ 74.18926, 15.49722 ], [ 74.188, 15.4983 ], [ 74.18674, 15.49827 ], [ 74.18315, 15.49568 ], [ 74.18178, 15.49203 ], [ 74.18058, 15.49136 ], [ 74.17806, 15.49236 ], [ 74.17651, 15.49898 ], [ 74.16819, 15.5068 ], [ 74.16705, 15.50917 ], [ 74.16669, 15.51412 ], [ 74.16777, 15.51648 ], [ 74.16908, 15.51669 ], [ 74.17705, 15.51371 ], [ 74.18082, 15.51356 ], [ 74.18423, 15.51031 ], [ 74.18956, 15.50867 ], [ 74.1992, 15.50807 ], [ 74.20171, 15.50888 ], [ 74.20267, 15.51013 ], [ 74.1986, 15.52184 ], [ 74.1965, 15.52547 ], [ 74.1953, 15.52573 ], [ 74.19285, 15.52463 ], [ 74.18998, 15.52585 ], [ 74.1895, 15.52701 ], [ 74.19303, 15.53077 ], [ 74.19177, 15.53453 ], [ 74.18938, 15.53623 ], [ 74.18842, 15.54117 ], [ 74.19297, 15.5456 ], [ 74.19357, 15.54806 ], [ 74.19309, 15.55161 ], [ 74.19513, 15.55429 ], [ 74.1977, 15.55563 ], [ 74.20296, 15.55475 ], [ 74.20422, 15.55519 ], [ 74.20213, 15.55736 ], [ 74.20237, 15.5597 ], [ 74.20668, 15.5664 ], [ 74.20794, 15.56718 ], [ 74.21039, 15.56683 ], [ 74.21177, 15.5682 ], [ 74.21345, 15.57204 ], [ 74.21326, 15.57466 ], [ 74.21117, 15.57619 ], [ 74.20022, 15.5735 ], [ 74.19537, 15.57491 ], [ 74.19321, 15.57685 ], [ 74.19303, 15.57929 ], [ 74.19417, 15.58171 ], [ 74.19399, 15.58294 ], [ 74.19273, 15.58355 ], [ 74.1889, 15.58358 ], [ 74.18639, 15.58224 ], [ 74.18477, 15.57964 ], [ 74.18429, 15.57577 ], [ 74.1831, 15.57504 ], [ 74.18159, 15.57723 ], [ 74.18208, 15.5811 ], [ 74.18088, 15.58195 ], [ 74.17831, 15.5813 ], [ 74.17454, 15.57807 ], [ 74.17303, 15.5778 ], [ 74.16496, 15.57943 ], [ 74.16358, 15.57987 ], [ 74.16441, 15.58363 ], [ 74.1637, 15.58612 ], [ 74.1625, 15.58703 ], [ 74.15873, 15.5873 ], [ 74.15771, 15.5885 ], [ 74.15813, 15.58968 ], [ 74.16196, 15.59122 ], [ 74.15825, 15.59704 ], [ 74.15939, 15.60185 ], [ 74.1625, 15.60537 ], [ 74.16909, 15.60779 ], [ 74.17938, 15.60463 ], [ 74.18184, 15.60521 ], [ 74.18285, 15.6064 ], [ 74.18352, 15.60927 ], [ 74.18214, 15.61176 ], [ 74.18232, 15.61293 ], [ 74.18369, 15.61553 ], [ 74.18938, 15.62167 ], [ 74.19028, 15.6242 ], [ 74.18819, 15.6304 ], [ 74.18746, 15.6378 ], [ 74.1834, 15.64262 ], [ 74.18405, 15.64865 ], [ 74.18154, 15.64999 ], [ 74.17501, 15.64997 ], [ 74.16867, 15.64761 ], [ 74.16472, 15.64501 ], [ 74.15969, 15.63748 ], [ 74.1543, 15.62294 ], [ 74.15083, 15.61988 ], [ 74.14449, 15.62074 ], [ 74.14239, 15.62548 ], [ 74.14317, 15.62789 ], [ 74.14449, 15.6285 ], [ 74.14688, 15.6271 ], [ 74.14807, 15.62806 ], [ 74.14742, 15.63423 ], [ 74.14813, 15.63804 ], [ 74.15113, 15.64296 ], [ 74.15347, 15.6454 ], [ 74.15591, 15.64622 ], [ 74.15562, 15.64738 ], [ 74.15035, 15.64872 ], [ 74.14143, 15.64765 ], [ 74.14024, 15.64669 ], [ 74.13694, 15.64048 ], [ 74.13574, 15.63987 ], [ 74.12897, 15.64083 ], [ 74.12527, 15.64309 ], [ 74.12281, 15.64344 ], [ 74.12192, 15.64214 ], [ 74.12257, 15.63982 ], [ 74.1273, 15.63478 ], [ 74.12928, 15.63114 ], [ 74.12964, 15.62023 ], [ 74.13239, 15.61936 ], [ 74.13754, 15.62029 ], [ 74.13957, 15.61812 ], [ 74.14005, 15.61556 ], [ 74.13886, 15.60835 ], [ 74.13646, 15.60631 ], [ 74.13401, 15.60742 ], [ 74.13293, 15.60617 ], [ 74.13275, 15.60488 ], [ 74.13515, 15.60143 ], [ 74.13371, 15.59434 ], [ 74.12922, 15.58542 ], [ 74.12802, 15.5844 ], [ 74.12676, 15.58525 ], [ 74.12556, 15.58452 ], [ 74.12605, 15.57706 ], [ 74.12365, 15.57513 ], [ 74.12491, 15.57026 ], [ 74.12353, 15.56772 ], [ 74.12233, 15.56716 ], [ 74.11778, 15.5715 ], [ 74.11719, 15.57388 ], [ 74.11599, 15.57508 ], [ 74.10623, 15.57615 ], [ 74.10384, 15.58492 ], [ 74.10036, 15.58928 ], [ 74.09773, 15.5891 ], [ 74.09582, 15.58649 ], [ 74.0957, 15.58515 ], [ 74.09995, 15.57852 ], [ 74.10329, 15.5713 ], [ 74.10336, 15.56891 ], [ 74.1021, 15.56765 ], [ 74.09959, 15.568 ], [ 74.09528, 15.57381 ], [ 74.08821, 15.57949 ], [ 74.08701, 15.58344 ], [ 74.09187, 15.60071 ], [ 74.08995, 15.60546 ], [ 74.08426, 15.611 ], [ 74.08306, 15.61459 ], [ 74.08522, 15.62714 ], [ 74.08659, 15.62769 ], [ 74.08947, 15.62554 ], [ 74.09372, 15.61956 ], [ 74.09851, 15.61517 ], [ 74.09971, 15.61531 ], [ 74.10168, 15.61786 ], [ 74.1012, 15.62416 ], [ 74.10186, 15.6254 ], [ 74.10719, 15.62529 ], [ 74.10695, 15.62785 ], [ 74.10438, 15.62984 ], [ 74.09809, 15.62894 ], [ 74.09719, 15.63026 ], [ 74.09743, 15.634 ], [ 74.09959, 15.64153 ], [ 74.09915, 15.64733 ], [ 74.11826, 15.65648 ], [ 74.13173, 15.65578 ], [ 74.13443, 15.65649 ], [ 74.13963, 15.65993 ], [ 74.14861, 15.65773 ], [ 74.16089, 15.66168 ], [ 74.16406, 15.66502 ], [ 74.16442, 15.67578 ], [ 74.16573, 15.6796 ], [ 74.17076, 15.6831 ], [ 74.1749, 15.68407 ], [ 74.17616, 15.68521 ], [ 74.17699, 15.6906 ], [ 74.17825, 15.69138 ], [ 74.18423, 15.69216 ], [ 74.18693, 15.69128 ] ] ] } },
{ "type": "Feature", "properties": { "newname": null }, "geometry": { "type": "Polygon", "coordinates": [ [ [ 73.96175, 16.20626 ], [ 73.96489, 16.19689 ], [ 73.98028, 16.19711 ], [ 73.93402, 16.14914 ], [ 73.90903, 16.12915 ], [ 73.90494, 16.12708 ], [ 73.86903, 16.11617 ], [ 73.86878, 16.09575 ], [ 73.94647, 16.09856 ], [ 74.00018, 16.09136 ], [ 74.00617, 16.08912 ], [ 74.01053, 16.08454 ], [ 74.01234, 16.07857 ], [ 74.01157, 16.07328 ], [ 74.00744, 16.06742 ], [ 73.94456, 16.01624 ], [ 73.89118, 15.99762 ], [ 73.88183, 15.98614 ], [ 73.89952, 15.96616 ], [ 73.92551, 15.97608 ], [ 73.94734, 15.97419 ], [ 73.95166, 15.97645 ], [ 73.95622, 15.97714 ], [ 73.95988, 15.97664 ], [ 73.96406, 15.97477 ], [ 73.9674, 15.97169 ], [ 73.97107, 15.96599 ], [ 73.98501, 15.93725 ], [ 73.9967, 15.92959 ], [ 74.00072, 15.92366 ], [ 74.00129, 15.91747 ], [ 73.99705, 15.90254 ], [ 73.9984, 15.89068 ], [ 74.00399, 15.86535 ], [ 74.00401, 15.86038 ], [ 74.0155, 15.8641 ], [ 74.02009, 15.86362 ], [ 74.02427, 15.86175 ], [ 74.0338, 15.85445 ], [ 74.05796, 15.83836 ], [ 74.07888, 15.8198 ], [ 74.10483, 15.8027 ], [ 74.10795, 15.79941 ], [ 74.11204, 15.79232 ], [ 74.1233, 15.78901 ], [ 74.16186, 15.79291 ], [ 74.16718, 15.79148 ], [ 74.17152, 15.78818 ], [ 74.17391, 15.78437 ], [ 74.18085, 15.76447 ], [ 74.18155, 15.75907 ], [ 74.1805, 15.75483 ], [ 74.16462, 15.718 ], [ 74.1665, 15.704 ], [ 74.17974, 15.69168 ], [ 74.17699, 15.6906 ], [ 74.17616, 15.68521 ], [ 74.1749, 15.68407 ], [ 74.17076, 15.6831 ], [ 74.16573, 15.6796 ], [ 74.16442, 15.67578 ], [ 74.16406, 15.66502 ], [ 74.16282, 15.66312 ], [ 74.157, 15.67506 ], [ 74.14335, 15.68754 ], [ 74.14039, 15.6916 ], [ 74.13911, 15.69576 ], [ 74.13609, 15.71823 ], [ 74.13678, 15.7244 ], [ 74.15237, 15.76062 ], [ 74.15104, 15.76445 ], [ 74.12092, 15.76145 ], [ 74.09608, 15.76862 ], [ 74.09116, 15.7726 ], [ 74.08538, 15.78243 ], [ 74.06137, 15.79826 ], [ 74.04042, 15.81684 ], [ 74.01396, 15.83474 ], [ 73.99268, 15.82667 ], [ 73.98627, 15.82693 ], [ 73.98134, 15.82933 ], [ 73.97731, 15.83417 ], [ 73.97021, 15.84852 ], [ 73.96928, 15.85198 ], [ 73.9703, 15.85899 ], [ 73.97496, 15.86585 ], [ 73.97052, 15.88594 ], [ 73.96863, 15.90222 ], [ 73.96884, 15.90649 ], [ 73.97085, 15.91348 ], [ 73.96527, 15.91711 ], [ 73.96215, 15.92039 ], [ 73.94889, 15.94649 ], [ 73.92934, 15.94851 ], [ 73.89991, 15.93669 ], [ 73.89536, 15.936 ], [ 73.89081, 15.93676 ], [ 73.88476, 15.94074 ], [ 73.85276, 15.97687 ], [ 73.85007, 15.98148 ], [ 73.84949, 15.98767 ], [ 73.8513, 15.99272 ], [ 73.87407, 16.02015 ], [ 73.87789, 16.02213 ], [ 73.92964, 16.03978 ], [ 73.96485, 16.06851 ], [ 73.94562, 16.07114 ], [ 73.85498, 16.06783 ], [ 73.84808, 16.06928 ], [ 73.8426, 16.074 ], [ 73.84038, 16.07984 ], [ 73.84082, 16.12642 ], [ 73.84194, 16.13159 ], [ 73.84504, 16.13602 ], [ 73.84966, 16.13895 ], [ 73.8936, 16.15235 ], [ 73.91434, 16.1689 ], [ 73.95416, 16.21022 ], [ 73.95584, 16.20994 ], [ 73.96175, 16.20626 ] ] ] } },
{ "type": "Feature", "properties": { "newname": null }, "geometry": { "type": "Polygon", "coordinates": [ [ [ 73.46665, 16.06631 ], [ 73.46521, 16.06363 ], [ 73.46319, 16.06211 ], [ 73.45877, 16.06127 ], [ 73.45873, 16.05511 ], [ 73.46703, 16.05372 ], [ 73.47084, 16.04979 ], [ 73.47115, 16.0461 ], [ 73.47794, 16.04337 ], [ 73.48355, 16.03753 ], [ 73.48804, 16.02748 ], [ 73.4892, 16.01565 ], [ 73.43341, 16.01641 ], [ 73.4332, 16.06637 ], [ 73.46665, 16.06631 ] ] ] } },
{ "type": "Feature", "properties": { "newname": null }, "geometry": { "type": "Polygon", "coordinates": [ [ [ 73.80054, 17.08749 ], [ 73.80455, 17.08565 ], [ 73.80706, 17.07903 ], [ 73.80443, 17.06158 ], [ 73.81301, 17.06335 ], [ 73.81828, 17.04946 ], [ 73.82735, 17.03904 ], [ 73.82574, 17.03653 ], [ 73.8306, 17.02821 ], [ 73.83227, 17.0198 ], [ 73.82915, 17.01522 ], [ 73.82829, 17.01074 ], [ 73.83387, 17.00265 ], [ 73.83033, 16.99712 ], [ 73.82391, 16.99362 ], [ 73.80357, 16.99022 ], [ 73.79803, 16.9918 ], [ 73.79445, 16.99137 ], [ 73.78682, 16.99219 ], [ 73.78464, 16.98964 ], [ 73.78325, 16.98945 ], [ 73.7846, 16.98507 ], [ 73.77751, 16.97438 ], [ 73.77694, 16.97023 ], [ 73.77769, 16.9692 ], [ 73.77991, 16.97104 ], [ 73.78, 16.96839 ], [ 73.79558, 16.94877 ], [ 73.80899, 16.92422 ], [ 73.81001, 16.91986 ], [ 73.80924, 16.91455 ], [ 73.80643, 16.90994 ], [ 73.80281, 16.90713 ], [ 73.75392, 16.8864 ], [ 73.75706, 16.88186 ], [ 73.7581, 16.8766 ], [ 73.75598, 16.85334 ], [ 73.7546, 16.84907 ], [ 73.7497, 16.84376 ], [ 73.72758, 16.83274 ], [ 73.72623, 16.83034 ], [ 73.74022, 16.81972 ], [ 73.75828, 16.8004 ], [ 73.7786, 16.78218 ], [ 73.79457, 16.78276 ], [ 73.79915, 16.782 ], [ 73.84927, 16.76438 ], [ 73.85365, 16.76109 ], [ 73.85639, 16.75644 ], [ 73.85991, 16.72549 ], [ 73.85968, 16.72137 ], [ 73.85801, 16.7172 ], [ 73.85573, 16.71437 ], [ 73.8455, 16.70874 ], [ 73.85296, 16.70456 ], [ 73.88007, 16.68108 ], [ 73.88312, 16.6766 ], [ 73.88412, 16.67045 ], [ 73.88264, 16.66529 ], [ 73.87266, 16.64674 ], [ 73.87701, 16.61479 ], [ 73.87661, 16.60945 ], [ 73.86143, 16.57707 ], [ 73.84475, 16.55951 ], [ 73.84433, 16.54545 ], [ 73.85448, 16.53685 ], [ 73.85785, 16.53154 ], [ 73.85857, 16.52712 ], [ 73.85718, 16.50986 ], [ 73.8724, 16.48564 ], [ 73.88473, 16.4769 ], [ 73.88641, 16.47148 ], [ 73.88803, 16.46136 ], [ 73.88628, 16.44899 ], [ 73.87849, 16.44366 ], [ 73.87791, 16.44067 ], [ 73.87356, 16.43973 ], [ 73.86621, 16.45601 ], [ 73.85038, 16.46794 ], [ 73.83029, 16.49977 ], [ 73.82846, 16.50574 ], [ 73.82962, 16.52144 ], [ 73.81918, 16.53042 ], [ 73.81676, 16.53423 ], [ 73.81583, 16.53769 ], [ 73.81651, 16.56612 ], [ 73.8176, 16.57046 ], [ 73.82007, 16.57424 ], [ 73.83721, 16.59177 ], [ 73.84827, 16.61521 ], [ 73.84379, 16.65022 ], [ 73.84487, 16.65457 ], [ 73.85224, 16.66835 ], [ 73.8359, 16.68251 ], [ 73.80609, 16.69863 ], [ 73.80294, 16.70191 ], [ 73.80132, 16.70513 ], [ 73.80062, 16.70865 ], [ 73.80111, 16.71309 ], [ 73.80484, 16.71921 ], [ 73.80853, 16.72174 ], [ 73.83061, 16.73224 ], [ 73.82959, 16.74218 ], [ 73.79224, 16.75524 ], [ 73.7722, 16.75458 ], [ 73.76602, 16.75643 ], [ 73.73798, 16.78115 ], [ 73.72034, 16.8 ], [ 73.69764, 16.81663 ], [ 73.69496, 16.82028 ], [ 73.69364, 16.82456 ], [ 73.69465, 16.8316 ], [ 73.70649, 16.85211 ], [ 73.7101, 16.85492 ], [ 73.72837, 16.86397 ], [ 73.72899, 16.8706 ], [ 73.71729, 16.87977 ], [ 73.71391, 16.88508 ], [ 73.71348, 16.89217 ], [ 73.71619, 16.89783 ], [ 73.72122, 16.90175 ], [ 73.75428, 16.91698 ], [ 73.77593, 16.92585 ], [ 73.77116, 16.93454 ], [ 73.75269, 16.95835 ], [ 73.75167, 16.96271 ], [ 73.75116, 16.98353 ], [ 73.75404, 16.99007 ], [ 73.76997, 17.00906 ], [ 73.77323, 17.0119 ], [ 73.77838, 17.01392 ], [ 73.80357, 17.01807 ], [ 73.80212, 17.02538 ], [ 73.79437, 17.03417 ], [ 73.79253, 17.03729 ], [ 73.77768, 17.07638 ], [ 73.78682, 17.08178 ], [ 73.78965, 17.08646 ], [ 73.79017, 17.08877 ], [ 73.79279, 17.0893 ], [ 73.80054, 17.08749 ] ] ] } },
{ "type": "Feature", "properties": { "newname": null }, "geometry": { "type": "Polygon", "coordinates": [ [ [ 73.69767, 17.3105 ], [ 73.70534, 17.31212 ], [ 73.71531, 17.31764 ], [ 73.71793, 17.31777 ], [ 73.7205, 17.31622 ], [ 73.72475, 17.31226 ], [ 73.72695, 17.31152 ], [ 73.73055, 17.30663 ], [ 73.73539, 17.30349 ], [ 73.73784, 17.30275 ], [ 73.74683, 17.29114 ], [ 73.74815, 17.28872 ], [ 73.74877, 17.28388 ], [ 73.75278, 17.26943 ], [ 73.75774, 17.26697 ], [ 73.7596, 17.26461 ], [ 73.75986, 17.25977 ], [ 73.76154, 17.25747 ], [ 73.76416, 17.25743 ], [ 73.769, 17.2537 ], [ 73.77717, 17.25131 ], [ 73.78803, 17.24669 ], [ 73.79929, 17.24518 ], [ 73.80804, 17.23444 ], [ 73.81589, 17.23666 ], [ 73.82126, 17.23444 ], [ 73.8261, 17.23002 ], [ 73.82861, 17.2287 ], [ 73.83618, 17.22747 ], [ 73.83863, 17.22575 ], [ 73.8459, 17.2139 ], [ 73.84994, 17.20452 ], [ 73.86709, 17.19289 ], [ 73.87595, 17.18428 ], [ 73.87719, 17.17466 ], [ 73.8824, 17.16794 ], [ 73.88286, 17.16062 ], [ 73.88364, 17.15831 ], [ 73.88598, 17.15653 ], [ 73.8843, 17.1469 ], [ 73.88493, 17.13964 ], [ 73.88104, 17.13235 ], [ 73.87666, 17.12755 ], [ 73.87435, 17.12662 ], [ 73.87112, 17.12776 ], [ 73.86849, 17.12031 ], [ 73.8644, 17.11625 ], [ 73.85174, 17.11263 ], [ 73.8412, 17.11235 ], [ 73.83597, 17.1114 ], [ 73.83142, 17.10493 ], [ 73.8289, 17.098 ], [ 73.82433, 17.09504 ], [ 73.81441, 17.09165 ], [ 73.81299, 17.0894 ], [ 73.81282, 17.08703 ], [ 73.81363, 17.07994 ], [ 73.8112, 17.07941 ], [ 73.80647, 17.08349 ], [ 73.79942, 17.0872 ], [ 73.79167, 17.08901 ], [ 73.78905, 17.08848 ], [ 73.78854, 17.08618 ], [ 73.7857, 17.08149 ], [ 73.77858, 17.07754 ], [ 73.7714, 17.07203 ], [ 73.77054, 17.06736 ], [ 73.76918, 17.06505 ], [ 73.7668, 17.06521 ], [ 73.76172, 17.06784 ], [ 73.75839, 17.06713 ], [ 73.75378, 17.07063 ], [ 73.75135, 17.07039 ], [ 73.74902, 17.07176 ], [ 73.7477, 17.07406 ], [ 73.74525, 17.07607 ], [ 73.74031, 17.07472 ], [ 73.73315, 17.07902 ], [ 73.72984, 17.08385 ], [ 73.73158, 17.09325 ], [ 73.73642, 17.10031 ], [ 73.73848, 17.10499 ], [ 73.73971, 17.10983 ], [ 73.73969, 17.11214 ], [ 73.73855, 17.1145 ], [ 73.73138, 17.11891 ], [ 73.72143, 17.12088 ], [ 73.71957, 17.12278 ], [ 73.71899, 17.12998 ], [ 73.71683, 17.13476 ], [ 73.71439, 17.13521 ], [ 73.70714, 17.13143 ], [ 73.70458, 17.1313 ], [ 73.70135, 17.13458 ], [ 73.69641, 17.13438 ], [ 73.69193, 17.13742 ], [ 73.69084, 17.13984 ], [ 73.68997, 17.14692 ], [ 73.68758, 17.14836 ], [ 73.68739, 17.15078 ], [ 73.68869, 17.15309 ], [ 73.6935, 17.1538 ], [ 73.70598, 17.15927 ], [ 73.70841, 17.16107 ], [ 73.70971, 17.1635 ], [ 73.70825, 17.16822 ], [ 73.70616, 17.16965 ], [ 73.6937, 17.17266 ], [ 73.69351, 17.17496 ], [ 73.70574, 17.18159 ], [ 73.70805, 17.18356 ], [ 73.70918, 17.18587 ], [ 73.71009, 17.19279 ], [ 73.71222, 17.19493 ], [ 73.71484, 17.19575 ], [ 73.71643, 17.19806 ], [ 73.71317, 17.20739 ], [ 73.70921, 17.21187 ], [ 73.70853, 17.21654 ], [ 73.70387, 17.22079 ], [ 73.69599, 17.22346 ], [ 73.69485, 17.22594 ], [ 73.69537, 17.22824 ], [ 73.69135, 17.2352 ], [ 73.69073, 17.23762 ], [ 73.69692, 17.24964 ], [ 73.69679, 17.25195 ], [ 73.69449, 17.25897 ], [ 73.69161, 17.26351 ], [ 73.6916, 17.26616 ], [ 73.68881, 17.27376 ], [ 73.68951, 17.27861 ], [ 73.68573, 17.28344 ], [ 73.68649, 17.28575 ], [ 73.68195, 17.28907 ], [ 73.6814, 17.29137 ], [ 73.67722, 17.29476 ], [ 73.68105, 17.30221 ], [ 73.6843, 17.31716 ], [ 73.68605, 17.31952 ], [ 73.69767, 17.3105 ] ] ] } },
{ "type": "Feature", "properties": { "newname": null }, "geometry": { "type": "Polygon", "coordinates": [ [ [ 73.7259, 17.33187 ], [ 73.72423, 17.3322 ], [ 73.72275, 17.33863 ], [ 73.72004, 17.33931 ], [ 73.71645, 17.34278 ], [ 73.72184, 17.34452 ], [ 73.72728, 17.3326 ], [ 73.7259, 17.33187 ] ] ] } },
{ "type": "Feature", "properties": { "newname": null }, "geometry": { "type": "Polygon", "coordinates": [ [ [ 73.65815, 17.37452 ], [ 73.65874, 17.37644 ], [ 73.6614, 17.37561 ], [ 73.67013, 17.37015 ], [ 73.67108, 17.37112 ], [ 73.67381, 17.36814 ], [ 73.67589, 17.36992 ], [ 73.67919, 17.36649 ], [ 73.67837, 17.36601 ], [ 73.68038, 17.36257 ], [ 73.67877, 17.36193 ], [ 73.68027, 17.36208 ], [ 73.68077, 17.36141 ], [ 73.67982, 17.36119 ], [ 73.68129, 17.35959 ], [ 73.68064, 17.35857 ], [ 73.68176, 17.35668 ], [ 73.68063, 17.35491 ], [ 73.68178, 17.35361 ], [ 73.68389, 17.35682 ], [ 73.68585, 17.35397 ], [ 73.67956, 17.34906 ], [ 73.67019, 17.35619 ], [ 73.66713, 17.3594 ], [ 73.65311, 17.38033 ], [ 73.65815, 17.37452 ] ] ] } },
{ "type": "Feature", "properties": { "newname": null }, "geometry": { "type": "Polygon", "coordinates": [ [ [ 73.68628, 17.34395 ], [ 73.68207, 17.34715 ], [ 73.68408, 17.34795 ], [ 73.68544, 17.34662 ], [ 73.68628, 17.34395 ] ] ] } },
{ "type": "Feature", "properties": { "newname": null }, "geometry": { "type": "Polygon", "coordinates": [ [ [ 73.70169, 17.42799 ], [ 73.70515, 17.42599 ], [ 73.70463, 17.42271 ], [ 73.70253, 17.4216 ], [ 73.70224, 17.41992 ], [ 73.69052, 17.42147 ], [ 73.68494, 17.41578 ], [ 73.68137, 17.41427 ], [ 73.67372, 17.40531 ], [ 73.67137, 17.39977 ], [ 73.67163, 17.39636 ], [ 73.66897, 17.39262 ], [ 73.66721, 17.39212 ], [ 73.66066, 17.39465 ], [ 73.65479, 17.38667 ], [ 73.65026, 17.39621 ], [ 73.64948, 17.3971 ], [ 73.64833, 17.39705 ], [ 73.6483, 17.41242 ], [ 73.64968, 17.41669 ], [ 73.65242, 17.42032 ], [ 73.65623, 17.4229 ], [ 73.65977, 17.42403 ], [ 73.69716, 17.42904 ], [ 73.70169, 17.42799 ] ] ] } },
{ "type": "Feature", "properties": { "newname": null }, "geometry": { "type": "Polygon", "coordinates": [ [ [ 73.6077, 17.75612 ], [ 73.61065, 17.75949 ], [ 73.61081, 17.75428 ], [ 73.61158, 17.75309 ], [ 73.6136, 17.7548 ], [ 73.61406, 17.75433 ], [ 73.61328, 17.75149 ], [ 73.61523, 17.7491 ], [ 73.62198, 17.74959 ], [ 73.62331, 17.74702 ], [ 73.6238, 17.74174 ], [ 73.62592, 17.74045 ], [ 73.64268, 17.73998 ], [ 73.64774, 17.73583 ], [ 73.65001, 17.73499 ], [ 73.65404, 17.73502 ], [ 73.65856, 17.7368 ], [ 73.65914, 17.73197 ], [ 73.66725, 17.72996 ], [ 73.67442, 17.72679 ], [ 73.67767, 17.72294 ], [ 73.68117, 17.72253 ], [ 73.68221, 17.71964 ], [ 73.69044, 17.71489 ], [ 73.69418, 17.7174 ], [ 73.69567, 17.71756 ], [ 73.6976, 17.7166 ], [ 73.70097, 17.71047 ], [ 73.70742, 17.71103 ], [ 73.71028, 17.71077 ], [ 73.71374, 17.70906 ], [ 73.71849, 17.7094 ], [ 73.71922, 17.70886 ], [ 73.71935, 17.70684 ], [ 73.71868, 17.69749 ], [ 73.71648, 17.68557 ], [ 73.72775, 17.6868 ], [ 73.73441, 17.68963 ], [ 73.73463, 17.69047 ], [ 73.73256, 17.69292 ], [ 73.73174, 17.69646 ], [ 73.73229, 17.70965 ], [ 73.73964, 17.71272 ], [ 73.74305, 17.71537 ], [ 73.74696, 17.71515 ], [ 73.75048, 17.71317 ], [ 73.75208, 17.71041 ], [ 73.75518, 17.6968 ], [ 73.75448, 17.68524 ], [ 73.75523, 17.68164 ], [ 73.75926, 17.67706 ], [ 73.76025, 17.67443 ], [ 73.75835, 17.67019 ], [ 73.75827, 17.667 ], [ 73.76115, 17.66407 ], [ 73.76323, 17.65985 ], [ 73.76082, 17.6536 ], [ 73.7584, 17.65028 ], [ 73.75277, 17.63519 ], [ 73.75247, 17.62668 ], [ 73.75343, 17.6223 ], [ 73.75809, 17.62199 ], [ 73.76287, 17.62337 ], [ 73.76421, 17.62672 ], [ 73.77391, 17.62753 ], [ 73.78641, 17.6349 ], [ 73.79882, 17.63493 ], [ 73.8082, 17.63606 ], [ 73.81128, 17.63332 ], [ 73.81501, 17.6277 ], [ 73.81508, 17.62595 ], [ 73.81272, 17.62412 ], [ 73.8112, 17.62149 ], [ 73.81084, 17.60829 ], [ 73.81156, 17.6017 ], [ 73.81776, 17.59232 ], [ 73.81831, 17.5845 ], [ 73.82216, 17.57758 ], [ 73.82293, 17.57073 ], [ 73.82787, 17.56684 ], [ 73.83279, 17.55742 ], [ 73.83511, 17.54845 ], [ 73.83728, 17.54371 ], [ 73.8408, 17.53979 ], [ 73.84569, 17.53069 ], [ 73.85127, 17.52692 ], [ 73.85161, 17.52307 ], [ 73.84889, 17.51689 ], [ 73.84305, 17.50833 ], [ 73.84247, 17.49977 ], [ 73.83958, 17.49715 ], [ 73.83297, 17.49366 ], [ 73.83015, 17.48956 ], [ 73.82576, 17.48825 ], [ 73.82127, 17.48799 ], [ 73.81294, 17.4915 ], [ 73.80621, 17.48975 ], [ 73.80822, 17.48591 ], [ 73.81701, 17.47635 ], [ 73.81876, 17.47648 ], [ 73.8208, 17.47803 ], [ 73.82577, 17.47493 ], [ 73.82745, 17.47486 ], [ 73.82983, 17.47613 ], [ 73.83329, 17.47963 ], [ 73.83568, 17.48037 ], [ 73.83707, 17.47983 ], [ 73.8372, 17.4772 ], [ 73.83576, 17.46216 ], [ 73.8321, 17.45163 ], [ 73.8318, 17.44807 ], [ 73.82948, 17.44511 ], [ 73.82388, 17.44125 ], [ 73.82009, 17.43984 ], [ 73.81688, 17.44179 ], [ 73.81176, 17.44267 ], [ 73.80187, 17.44187 ], [ 73.79546, 17.43549 ], [ 73.7913, 17.42937 ], [ 73.79167, 17.42738 ], [ 73.79782, 17.42266 ], [ 73.80171, 17.41512 ], [ 73.80472, 17.41377 ], [ 73.81131, 17.41377 ], [ 73.81502, 17.41262 ], [ 73.82246, 17.40847 ], [ 73.82, 17.40625 ], [ 73.81985, 17.40363 ], [ 73.82059, 17.39952 ], [ 73.82289, 17.39562 ], [ 73.82029, 17.39347 ], [ 73.81407, 17.39095 ], [ 73.81111, 17.38806 ], [ 73.8043, 17.38551 ], [ 73.79966, 17.38181 ], [ 73.79853, 17.38168 ], [ 73.79324, 17.38909 ], [ 73.788, 17.39259 ], [ 73.78526, 17.39226 ], [ 73.78115, 17.38974 ], [ 73.78002, 17.38779 ], [ 73.78014, 17.38368 ], [ 73.77181, 17.38665 ], [ 73.77401, 17.39116 ], [ 73.77451, 17.39513 ], [ 73.77435, 17.40408 ], [ 73.77318, 17.40825 ], [ 73.76575, 17.40921 ], [ 73.76036, 17.41103 ], [ 73.74964, 17.39697 ], [ 73.7462, 17.38947 ], [ 73.74387, 17.38625 ], [ 73.73663, 17.3806 ], [ 73.73373, 17.37663 ], [ 73.72338, 17.38973 ], [ 73.71619, 17.39587 ], [ 73.71012, 17.40233 ], [ 73.7079, 17.39867 ], [ 73.70418, 17.39759 ], [ 73.70373, 17.39255 ], [ 73.6902, 17.39297 ], [ 73.68124, 17.39425 ], [ 73.67976, 17.39378 ], [ 73.67757, 17.38941 ], [ 73.6716, 17.38868 ], [ 73.66698, 17.39097 ], [ 73.67841, 17.41239 ], [ 73.68222, 17.41629 ], [ 73.68725, 17.41982 ], [ 73.68874, 17.42312 ], [ 73.69329, 17.42331 ], [ 73.69447, 17.42102 ], [ 73.69524, 17.42089 ], [ 73.70128, 17.42129 ], [ 73.70318, 17.4233 ], [ 73.70535, 17.42377 ], [ 73.70502, 17.42633 ], [ 73.70863, 17.43272 ], [ 73.70371, 17.43942 ], [ 73.7078, 17.44393 ], [ 73.70523, 17.44824 ], [ 73.70517, 17.44999 ], [ 73.70132, 17.45302 ], [ 73.70435, 17.46092 ], [ 73.7066, 17.46402 ], [ 73.70661, 17.4657 ], [ 73.70375, 17.4694 ], [ 73.70272, 17.4731 ], [ 73.69577, 17.47846 ], [ 73.69664, 17.48418 ], [ 73.69434, 17.48782 ], [ 73.69673, 17.48943 ], [ 73.7041, 17.49144 ], [ 73.70886, 17.49595 ], [ 73.7095, 17.49904 ], [ 73.70274, 17.50618 ], [ 73.71481, 17.5176 ], [ 73.71853, 17.51731 ], [ 73.71922, 17.51788 ], [ 73.7182, 17.51966 ], [ 73.71935, 17.52426 ], [ 73.72569, 17.52202 ], [ 73.73635, 17.52911 ], [ 73.73861, 17.53179 ], [ 73.73859, 17.53699 ], [ 73.74004, 17.54444 ], [ 73.74335, 17.55229 ], [ 73.74341, 17.55398 ], [ 73.74213, 17.55603 ], [ 73.73443, 17.5611 ], [ 73.72947, 17.56245 ], [ 73.72385, 17.56643 ], [ 73.71531, 17.57054 ], [ 73.71388, 17.57226 ], [ 73.71443, 17.57641 ], [ 73.718, 17.58289 ], [ 73.72075, 17.58602 ], [ 73.72408, 17.58828 ], [ 73.7225, 17.59371 ], [ 73.72238, 17.59788 ], [ 73.72135, 17.59946 ], [ 73.71633, 17.60375 ], [ 73.71413, 17.60673 ], [ 73.71164, 17.60711 ], [ 73.71908, 17.61578 ], [ 73.718, 17.61971 ], [ 73.71479, 17.62272 ], [ 73.70746, 17.62582 ], [ 73.69323, 17.62519 ], [ 73.69035, 17.62591 ], [ 73.68848, 17.62758 ], [ 73.68816, 17.62993 ], [ 73.68891, 17.63225 ], [ 73.69701, 17.64123 ], [ 73.69728, 17.64818 ], [ 73.69434, 17.65098 ], [ 73.69682, 17.65444 ], [ 73.69808, 17.65961 ], [ 73.69701, 17.66178 ], [ 73.69323, 17.66291 ], [ 73.69449, 17.66614 ], [ 73.69016, 17.67008 ], [ 73.6889, 17.67453 ], [ 73.68665, 17.67621 ], [ 73.67948, 17.67892 ], [ 73.67931, 17.68361 ], [ 73.68215, 17.68569 ], [ 73.68543, 17.68685 ], [ 73.68507, 17.68809 ], [ 73.68239, 17.68867 ], [ 73.67842, 17.69124 ], [ 73.67166, 17.69147 ], [ 73.66861, 17.69317 ], [ 73.66571, 17.6935 ], [ 73.66144, 17.69796 ], [ 73.6559, 17.69621 ], [ 73.65289, 17.70103 ], [ 73.65216, 17.70534 ], [ 73.64977, 17.70846 ], [ 73.64007, 17.70206 ], [ 73.63483, 17.7001 ], [ 73.62315, 17.70657 ], [ 73.61556, 17.71215 ], [ 73.61151, 17.71238 ], [ 73.60966, 17.71151 ], [ 73.60324, 17.70412 ], [ 73.59444, 17.70102 ], [ 73.58946, 17.70166 ], [ 73.58488, 17.70606 ], [ 73.58038, 17.70695 ], [ 73.57999, 17.70735 ], [ 73.58167, 17.70913 ], [ 73.58125, 17.71252 ], [ 73.56876, 17.722 ], [ 73.57281, 17.72756 ], [ 73.57281, 17.73328 ], [ 73.5737, 17.73671 ], [ 73.57874, 17.74146 ], [ 73.58003, 17.74755 ], [ 73.58706, 17.76 ], [ 73.58977, 17.75993 ], [ 73.59917, 17.7543 ], [ 73.60261, 17.75955 ], [ 73.60381, 17.76291 ], [ 73.60438, 17.76003 ], [ 73.6077, 17.75612 ] ] ] } }
]
}
