{
"type": "FeatureCollection",
"name": "esz",
"crs": { "type": "name", "properties": { "name": "urn:ogc:def:crs:OGC:1.3:CRS84" } },
"features": [
{ "type": "Feature", "properties": { "Name": "Sharavati WLS Karnataka" }, "geometry": { "type": "Polygon", "coordinates": [ [ [ 74.77152, 13.9243 ], [ 74.76146, 13.93052 ], [ 74.75958, 13.92955 ], [ 74.75758, 13.9219 ], [ 74.75581, 13.92116 ], [ 74.72862, 13.93362 ], [ 74.72804, 13.93905 ], [ 74.73042, 13.94295 ], [ 74.73042, 13.94485 ], [ 74.72747, 13.95427 ], [ 74.72633, 13.95532 ], [ 74.71757, 13.9537 ], [ 74.71329, 13.9538 ], [ 74.70368, 13.9557 ], [ 74.70244, 13.95684 ], [ 74.70082, 13.96084 ], [ 74.70092, 13.96236 ], [ 74.70197, 13.96313 ], [ 74.72586, 13.96465 ], [ 74.72671, 13.96531 ], [ 74.72643, 13.96846 ], [ 74.72176, 13.98102 ], [ 74.71986, 13.98464 ], [ 74.71834, 13.9853 ], [ 74.696, 13.99305 ], [ 74.69264, 13.99184 ], [ 74.69007, 13.99234 ], [ 74.67944, 14.00355 ], [ 74.68029, 14.00547 ], [ 74.68743, 14.0099 ], [ 74.69486, 14.02419 ], [ 74.7017, 14.03311 ], [ 74.70988, 14.03475 ], [ 74.71583, 14.03847 ], [ 74.72699, 14.0465 ], [ 74.73193, 14.05246 ], [ 74.73439, 14.05709 ], [ 74.72839, 14.06177 ], [ 74.72811, 14.06428 ], [ 74.73555, 14.06828 ], [ 74.73698, 14.06952 ], [ 74.7386, 14.07304 ], [ 74.74088, 14.07399 ], [ 74.7621, 14.07532 ], [ 74.7641, 14.07608 ], [ 74.77372, 14.08597 ], [ 74.78126, 14.08677 ], [ 74.78189, 14.08757 ], [ 74.78075, 14.09043 ], [ 74.77395, 14.09545 ], [ 74.77389, 14.09711 ], [ 74.77669, 14.0982 ], [ 74.78263, 14.0978 ], [ 74.79057, 14.09871 ], [ 74.79457, 14.10111 ], [ 74.79634, 14.10613 ], [ 74.80096, 14.10785 ], [ 74.80091, 14.10625 ], [ 74.79839, 14.10373 ], [ 74.79771, 14.09854 ], [ 74.79605, 14.0958 ], [ 74.79577, 14.09186 ], [ 74.79417, 14.08957 ], [ 74.79411, 14.08774 ], [ 74.79514, 14.08586 ], [ 74.79737, 14.08757 ], [ 74.79971, 14.08712 ], [ 74.80056, 14.08557 ], [ 74.80077, 14.07925 ], [ 74.80245, 14.07662 ], [ 74.8057, 14.07612 ], [ 74.80399, 14.07293 ], [ 74.80477, 14.07114 ], [ 74.80934, 14.06964 ], [ 74.81113, 14.07021 ], [ 74.81462, 14.07464 ], [ 74.81598, 14.07485 ], [ 74.81741, 14.07335 ], [ 74.81884, 14.07342 ], [ 74.82804, 14.075 ], [ 74.8319, 14.07671 ], [ 74.83868, 14.07478 ], [ 74.84253, 14.069 ], [ 74.844, 14.06493 ], [ 74.84471, 14.05749 ], [ 74.84846, 14.05172 ], [ 74.84989, 14.04607 ], [ 74.8509, 14.04583 ], [ 74.85775, 14.05064 ], [ 74.86441, 14.05016 ], [ 74.86703, 14.05111 ], [ 74.86923, 14.05284 ], [ 74.87262, 14.05867 ], [ 74.87685, 14.06176 ], [ 74.87911, 14.06075 ], [ 74.88256, 14.05534 ], [ 74.88666, 14.05457 ], [ 74.88708, 14.05385 ], [ 74.88642, 14.05308 ], [ 74.88381, 14.05284 ], [ 74.8774, 14.05646 ], [ 74.87676, 14.05339 ], [ 74.8795, 14.05091 ], [ 74.88488, 14.04853 ], [ 74.88646, 14.04606 ], [ 74.88563, 14.04552 ], [ 74.88159, 14.04623 ], [ 74.88094, 14.04956 ], [ 74.87964, 14.04913 ], [ 74.87868, 14.04692 ], [ 74.87728, 14.04687 ], [ 74.87461, 14.04959 ], [ 74.87362, 14.04797 ], [ 74.87376, 14.04573 ], [ 74.87528, 14.04388 ], [ 74.87766, 14.04297 ], [ 74.87814, 14.04135 ], [ 74.87614, 14.0404 ], [ 74.87381, 14.04183 ], [ 74.87276, 14.0415 ], [ 74.87095, 14.03816 ], [ 74.86833, 14.03674 ], [ 74.86895, 14.03388 ], [ 74.8699, 14.03236 ], [ 74.87105, 14.03203 ], [ 74.87917, 14.0378 ], [ 74.88315, 14.03809 ], [ 74.8841, 14.03717 ], [ 74.88378, 14.03598 ], [ 74.8797, 14.03515 ], [ 74.87925, 14.03131 ], [ 74.88047, 14.03078 ], [ 74.88437, 14.03197 ], [ 74.88434, 14.02947 ], [ 74.88273, 14.02875 ], [ 74.8819, 14.02657 ], [ 74.8786, 14.02523 ], [ 74.88038, 14.02259 ], [ 74.87979, 14.02143 ], [ 74.87599, 14.02291 ], [ 74.8757, 14.02091 ], [ 74.87758, 14.01869 ], [ 74.87747, 14.01777 ], [ 74.87621, 14.01606 ], [ 74.87313, 14.0152 ], [ 74.87267, 14.01423 ], [ 74.87382, 14.01183 ], [ 74.87713, 14.01166 ], [ 74.8792, 14.01446 ], [ 74.88291, 14.01515 ], [ 74.88457, 14.02332 ], [ 74.88565, 14.02263 ], [ 74.886, 14.01658 ], [ 74.88685, 14.01452 ], [ 74.88794, 14.01378 ], [ 74.89005, 14.01538 ], [ 74.89166, 14.01999 ], [ 74.88884, 14.02523 ], [ 74.88973, 14.02567 ], [ 74.8922, 14.02451 ], [ 74.89294, 14.02701 ], [ 74.89003, 14.02889 ], [ 74.89011, 14.02969 ], [ 74.89178, 14.02993 ], [ 74.89199, 14.03061 ], [ 74.88979, 14.03305 ], [ 74.89065, 14.03353 ], [ 74.89226, 14.03251 ], [ 74.89351, 14.03397 ], [ 74.89565, 14.03436 ], [ 74.89591, 14.03567 ], [ 74.89348, 14.03793 ], [ 74.89467, 14.03879 ], [ 74.89672, 14.03909 ], [ 74.89901, 14.03713 ], [ 74.90147, 14.03666 ], [ 74.90085, 14.0355 ], [ 74.89971, 14.03523 ], [ 74.89873, 14.03312 ], [ 74.89417, 14.03157 ], [ 74.89451, 14.02969 ], [ 74.89588, 14.029 ], [ 74.89594, 14.02398 ], [ 74.89668, 14.02375 ], [ 74.89891, 14.02689 ], [ 74.90033, 14.02729 ], [ 74.90188, 14.0302 ], [ 74.9033, 14.03049 ], [ 74.90696, 14.03586 ], [ 74.90816, 14.03574 ], [ 74.90884, 14.03471 ], [ 74.90873, 14.03329 ], [ 74.90536, 14.0278 ], [ 74.90307, 14.02661 ], [ 74.89999, 14.02261 ], [ 74.89736, 14.02181 ], [ 74.89668, 14.02055 ], [ 74.89705, 14.01915 ], [ 74.89948, 14.01837 ], [ 74.90604, 14.02015 ], [ 74.90869, 14.02172 ], [ 74.91011, 14.02651 ], [ 74.91568, 14.03243 ], [ 74.92344, 14.04473 ], [ 74.93007, 14.06264 ], [ 74.93519, 14.06585 ], [ 74.94732, 14.06425 ], [ 74.95024, 14.06294 ], [ 74.95547, 14.0655 ], [ 74.95738, 14.06752 ], [ 74.95821, 14.0718 ], [ 74.96231, 14.07383 ], [ 74.96416, 14.07948 ], [ 74.96814, 14.0862 ], [ 74.96368, 14.09518 ], [ 74.96297, 14.09768 ], [ 74.96386, 14.10196 ], [ 74.96107, 14.10666 ], [ 74.96291, 14.11083 ], [ 74.96243, 14.11404 ], [ 74.96089, 14.11475 ], [ 74.95827, 14.10964 ], [ 74.95708, 14.10934 ], [ 74.95613, 14.11017 ], [ 74.95601, 14.12046 ], [ 74.95714, 14.1229 ], [ 74.95875, 14.12391 ], [ 74.95863, 14.12576 ], [ 74.95536, 14.12629 ], [ 74.95125, 14.12374 ], [ 74.94732, 14.12368 ], [ 74.94631, 14.12409 ], [ 74.94512, 14.12921 ], [ 74.94417, 14.12909 ], [ 74.94262, 14.12302 ], [ 74.9409, 14.12058 ], [ 74.9384, 14.12005 ], [ 74.93751, 14.1229 ], [ 74.93418, 14.12219 ], [ 74.93233, 14.12409 ], [ 74.93459, 14.12647 ], [ 74.93495, 14.12867 ], [ 74.93632, 14.12957 ], [ 74.93733, 14.13206 ], [ 74.93715, 14.13319 ], [ 74.93614, 14.13367 ], [ 74.93358, 14.13212 ], [ 74.93132, 14.12742 ], [ 74.92954, 14.12671 ], [ 74.9249, 14.12659 ], [ 74.91901, 14.12879 ], [ 74.91615, 14.13102 ], [ 74.91571, 14.13367 ], [ 74.9169, 14.1348 ], [ 74.92228, 14.13611 ], [ 74.92668, 14.13531 ], [ 74.92644, 14.13664 ], [ 74.92418, 14.1378 ], [ 74.92371, 14.14048 ], [ 74.92213, 14.14102 ], [ 74.91916, 14.14012 ], [ 74.9144, 14.13713 ], [ 74.91258, 14.13713 ], [ 74.91235, 14.139 ], [ 74.91642, 14.14221 ], [ 74.91702, 14.14665 ], [ 74.91583, 14.14662 ], [ 74.91398, 14.14468 ], [ 74.91071, 14.14331 ], [ 74.90907, 14.14546 ], [ 74.91175, 14.1487 ], [ 74.91065, 14.14977 ], [ 74.9044, 14.14638 ], [ 74.90426, 14.14843 ], [ 74.90672, 14.14986 ], [ 74.9075, 14.15134 ], [ 74.90696, 14.15227 ], [ 74.90214, 14.15018 ], [ 74.90155, 14.15078 ], [ 74.90214, 14.15256 ], [ 74.90435, 14.15447 ], [ 74.90363, 14.15613 ], [ 74.90006, 14.15643 ], [ 74.89929, 14.15595 ], [ 74.89846, 14.15203 ], [ 74.89762, 14.15131 ], [ 74.89524, 14.15143 ], [ 74.89423, 14.15405 ], [ 74.89524, 14.15578 ], [ 74.89893, 14.15774 ], [ 74.89923, 14.15958 ], [ 74.89608, 14.15946 ], [ 74.89203, 14.15476 ], [ 74.89108, 14.15465 ], [ 74.89007, 14.15679 ], [ 74.88739, 14.15816 ], [ 74.88626, 14.16886 ], [ 74.88739, 14.17755 ], [ 74.89477, 14.18385 ], [ 74.89715, 14.18231 ], [ 74.89786, 14.18266 ], [ 74.89976, 14.18588 ], [ 74.90018, 14.18843 ], [ 74.89792, 14.19278 ], [ 74.89863, 14.19415 ], [ 74.89971, 14.19492 ], [ 74.9028, 14.19468 ], [ 74.90316, 14.19093 ], [ 74.90631, 14.19159 ], [ 74.90899, 14.18933 ], [ 74.91, 14.18968 ], [ 74.9094, 14.19212 ], [ 74.90559, 14.19539 ], [ 74.90554, 14.19777 ], [ 74.90476, 14.19807 ], [ 74.90042, 14.19706 ], [ 74.89322, 14.19825 ], [ 74.89286, 14.19676 ], [ 74.89536, 14.19444 ], [ 74.89501, 14.18784 ], [ 74.8859, 14.179 ], [ 74.88465, 14.17442 ], [ 74.88286, 14.17276 ], [ 74.88042, 14.17413 ], [ 74.87852, 14.17234 ], [ 74.87745, 14.17234 ], [ 74.874, 14.17395 ], [ 74.87311, 14.17627 ], [ 74.87221, 14.17662 ], [ 74.86912, 14.1752 ], [ 74.8687, 14.1777 ], [ 74.86954, 14.18364 ], [ 74.86853, 14.18495 ], [ 74.86145, 14.18674 ], [ 74.8602, 14.18376 ], [ 74.85807, 14.18162 ], [ 74.85671, 14.18176 ], [ 74.85625, 14.18323 ], [ 74.85518, 14.18351 ], [ 74.85246, 14.17827 ], [ 74.84875, 14.17513 ], [ 74.84533, 14.17498 ], [ 74.83597, 14.17734 ], [ 74.82905, 14.18012 ], [ 74.82434, 14.18048 ], [ 74.81956, 14.18369 ], [ 74.81741, 14.18333 ], [ 74.81613, 14.18205 ], [ 74.81392, 14.1757 ], [ 74.80599, 14.16577 ], [ 74.80078, 14.16442 ], [ 74.79738, 14.16044 ], [ 74.7956, 14.16139 ], [ 74.79447, 14.16627 ], [ 74.78923, 14.16877 ], [ 74.78388, 14.16883 ], [ 74.78031, 14.18031 ], [ 74.77543, 14.18013 ], [ 74.77377, 14.18209 ], [ 74.7724, 14.18209 ], [ 74.76687, 14.17973 ], [ 74.76306, 14.18154 ], [ 74.76235, 14.17835 ], [ 74.76677, 14.17436 ], [ 74.76553, 14.1735 ], [ 74.76107, 14.17532 ], [ 74.75596, 14.18352 ], [ 74.75696, 14.19008 ], [ 74.75639, 14.19094 ], [ 74.75439, 14.19137 ], [ 74.75175, 14.19094 ], [ 74.74761, 14.18766 ], [ 74.74632, 14.18559 ], [ 74.74496, 14.17966 ], [ 74.74132, 14.17566 ], [ 74.74254, 14.17324 ], [ 74.75167, 14.16981 ], [ 74.75275, 14.16853 ], [ 74.75382, 14.16232 ], [ 74.75432, 14.1484 ], [ 74.75296, 14.1474 ], [ 74.7496, 14.14704 ], [ 74.74839, 14.14411 ], [ 74.74739, 14.1439 ], [ 74.74482, 14.14568 ], [ 74.74446, 14.1479 ], [ 74.74297, 14.14932 ], [ 74.72475, 14.15202 ], [ 74.70854, 14.16994 ], [ 74.70369, 14.1718 ], [ 74.69727, 14.17251 ], [ 74.69098, 14.16663 ], [ 74.66837, 14.18339 ], [ 74.66516, 14.18386 ], [ 74.6629, 14.18339 ], [ 74.64934, 14.1703 ], [ 74.62471, 14.1628 ], [ 74.62969, 14.14466 ], [ 74.64383, 14.14173 ], [ 74.6444, 14.14088 ], [ 74.64361, 14.1336 ], [ 74.64647, 14.11556 ], [ 74.64799, 14.1137 ], [ 74.65346, 14.11261 ], [ 74.65253, 14.11059 ], [ 74.63884, 14.09667 ], [ 74.63837, 14.09452 ], [ 74.63849, 14.09238 ], [ 74.64917, 14.07897 ], [ 74.65488, 14.0704 ], [ 74.65974, 14.05974 ], [ 74.65983, 14.05803 ], [ 74.6566, 14.05346 ], [ 74.65355, 14.04548 ], [ 74.65308, 14.04346 ], [ 74.65403, 14.03918 ], [ 74.65641, 14.03793 ], [ 74.67307, 14.03465 ], [ 74.67574, 14.03228 ], [ 74.66835, 14.00889 ], [ 74.66777, 14.0048 ], [ 74.66534, 14.00029 ], [ 74.65779, 14.00532 ], [ 74.65536, 14.00925 ], [ 74.64665, 14.0126 ], [ 74.64603, 14.01531 ], [ 74.64099, 14.01636 ], [ 74.63423, 14.02198 ], [ 74.6334, 14.02364 ], [ 74.63494, 14.03167 ], [ 74.63423, 14.0337 ], [ 74.62249, 14.04783 ], [ 74.62213, 14.0508 ], [ 74.62213, 14.05354 ], [ 74.62966, 14.06251 ], [ 74.62988, 14.06465 ], [ 74.62895, 14.06722 ], [ 74.62417, 14.07429 ], [ 74.62153, 14.0781 ], [ 74.62018, 14.07874 ], [ 74.61018, 14.07675 ], [ 74.60447, 14.07375 ], [ 74.6004, 14.07075 ], [ 74.59579, 14.0655 ], [ 74.59504, 14.06377 ], [ 74.59528, 14.05283 ], [ 74.58778, 14.04152 ], [ 74.58707, 14.03581 ], [ 74.58494, 14.03272 ], [ 74.58193, 14.03046 ], [ 74.57753, 14.02956 ], [ 74.57775, 14.02773 ], [ 74.58013, 14.02476 ], [ 74.57781, 14.02077 ], [ 74.57443, 14.01842 ], [ 74.56937, 14.01709 ], [ 74.56446, 14.01634 ], [ 74.56208, 14.01753 ], [ 74.55822, 14.03627 ], [ 74.5548, 14.04832 ], [ 74.53773, 14.06225 ], [ 74.53643, 14.06469 ], [ 74.53786, 14.06564 ], [ 74.54209, 14.06526 ], [ 74.54471, 14.06912 ], [ 74.54457, 14.0704 ], [ 74.53818, 14.08006 ], [ 74.53872, 14.08339 ], [ 74.54877, 14.09057 ], [ 74.54996, 14.09331 ], [ 74.54943, 14.10114 ], [ 74.54705, 14.10643 ], [ 74.54752, 14.10738 ], [ 74.55097, 14.10851 ], [ 74.55175, 14.10958 ], [ 74.54839, 14.13102 ], [ 74.5501, 14.13459 ], [ 74.55938, 14.13973 ], [ 74.56752, 14.14559 ], [ 74.57637, 14.14873 ], [ 74.57894, 14.15044 ], [ 74.59089, 14.16799 ], [ 74.59617, 14.17508 ], [ 74.59963, 14.17839 ], [ 74.62466, 14.19588 ], [ 74.65021, 14.2162 ], [ 74.65319, 14.21769 ], [ 74.66985, 14.2171 ], [ 74.67565, 14.2162 ], [ 74.67832, 14.21665 ], [ 74.68159, 14.22171 ], [ 74.68724, 14.22364 ], [ 74.69017, 14.22961 ], [ 74.69369, 14.23141 ], [ 74.6976, 14.23037 ], [ 74.70876, 14.22313 ], [ 74.7103, 14.22347 ], [ 74.7084, 14.23588 ], [ 74.70945, 14.23934 ], [ 74.71398, 14.24733 ], [ 74.71981, 14.26382 ], [ 74.72133, 14.26591 ], [ 74.72304, 14.26639 ], [ 74.7278, 14.26544 ], [ 74.73399, 14.26258 ], [ 74.74018, 14.2583 ], [ 74.76522, 14.23588 ], [ 74.77222, 14.23638 ], [ 74.775, 14.23545 ], [ 74.77543, 14.23424 ], [ 74.77078, 14.22435 ], [ 74.75914, 14.20489 ], [ 74.75825, 14.20192 ], [ 74.75891, 14.20085 ], [ 74.78206, 14.18899 ], [ 74.79486, 14.17699 ], [ 74.79643, 14.17678 ], [ 74.79821, 14.17771 ], [ 74.81038, 14.18975 ], [ 74.81502, 14.19275 ], [ 74.81931, 14.19361 ], [ 74.82173, 14.19275 ], [ 74.82316, 14.19154 ], [ 74.82416, 14.18804 ], [ 74.82602, 14.18833 ], [ 74.8263, 14.19118 ], [ 74.82188, 14.2036 ], [ 74.82623, 14.21467 ], [ 74.82311, 14.22433 ], [ 74.82409, 14.22559 ], [ 74.82926, 14.22715 ], [ 74.83109, 14.22708 ], [ 74.83608, 14.22383 ], [ 74.84033, 14.22015 ], [ 74.8428, 14.21606 ], [ 74.84556, 14.21535 ], [ 74.8517, 14.20578 ], [ 74.85499, 14.19886 ], [ 74.85584, 14.19814 ], [ 74.8644, 14.19789 ], [ 74.86611, 14.19704 ], [ 74.87687, 14.18723 ], [ 74.87963, 14.18809 ], [ 74.88115, 14.19903 ], [ 74.88715, 14.20551 ], [ 74.88972, 14.20655 ], [ 74.89962, 14.20455 ], [ 74.91533, 14.19892 ], [ 74.91794, 14.19606 ], [ 74.91985, 14.19202 ], [ 74.92009, 14.18726 ], [ 74.912, 14.1687 ], [ 74.91104, 14.16537 ], [ 74.91152, 14.16323 ], [ 74.92009, 14.15537 ], [ 74.92913, 14.15038 ], [ 74.95236, 14.13936 ], [ 74.95922, 14.13793 ], [ 74.96693, 14.1345 ], [ 74.97249, 14.13108 ], [ 74.97449, 14.12851 ], [ 74.97478, 14.12708 ], [ 74.97349, 14.12551 ], [ 74.97049, 14.12394 ], [ 74.97035, 14.1228 ], [ 74.97592, 14.10538 ], [ 74.97851, 14.09216 ], [ 74.9785, 14.08517 ], [ 74.97533, 14.07793 ], [ 74.97699, 14.07069 ], [ 74.97277, 14.05913 ], [ 74.97277, 14.05717 ], [ 74.97639, 14.05371 ], [ 74.98137, 14.05341 ], [ 74.98421, 14.05079 ], [ 74.98468, 14.04924 ], [ 74.98314, 14.04579 ], [ 74.98337, 14.04424 ], [ 74.98822, 14.03821 ], [ 74.98837, 14.03597 ], [ 74.98528, 14.03009 ], [ 74.98397, 14.02985 ], [ 74.98278, 14.03163 ], [ 74.97981, 14.03235 ], [ 74.97719, 14.0283 ], [ 74.96803, 14.02747 ], [ 74.96077, 14.02973 ], [ 74.95815, 14.03377 ], [ 74.95399, 14.03365 ], [ 74.9484, 14.03675 ], [ 74.94875, 14.03984 ], [ 74.95399, 14.04115 ], [ 74.95435, 14.0421 ], [ 74.95292, 14.04793 ], [ 74.95101, 14.05186 ], [ 74.94875, 14.05281 ], [ 74.9384, 14.05245 ], [ 74.93686, 14.05138 ], [ 74.93305, 14.03972 ], [ 74.929, 14.03473 ], [ 74.91692, 14.01609 ], [ 74.91305, 14.01252 ], [ 74.87407, 14.00158 ], [ 74.86548, 14.00519 ], [ 74.85809, 14.00203 ], [ 74.85326, 14.00595 ], [ 74.85296, 14.01454 ], [ 74.8513, 14.02027 ], [ 74.8507, 14.03022 ], [ 74.8495, 14.03399 ], [ 74.84193, 14.04005 ], [ 74.83546, 14.05166 ], [ 74.83432, 14.05242 ], [ 74.82689, 14.05185 ], [ 74.81623, 14.05994 ], [ 74.81338, 14.06004 ], [ 74.81224, 14.05852 ], [ 74.81205, 14.05518 ], [ 74.80938, 14.05423 ], [ 74.80881, 14.05319 ], [ 74.80862, 14.04824 ], [ 74.80729, 14.04576 ], [ 74.8031, 14.04557 ], [ 74.79739, 14.04881 ], [ 74.78587, 14.04681 ], [ 74.78416, 14.04433 ], [ 74.78264, 14.03967 ], [ 74.7834, 14.03786 ], [ 74.79356, 14.02738 ], [ 74.79442, 14.02324 ], [ 74.79242, 14.02095 ], [ 74.77529, 14.01167 ], [ 74.76771, 14.01045 ], [ 74.76319, 14.01343 ], [ 74.76277, 14.01473 ], [ 74.76503, 14.01789 ], [ 74.7642, 14.01896 ], [ 74.75444, 14.02223 ], [ 74.75278, 14.02205 ], [ 74.75171, 14.02092 ], [ 74.75034, 14.01604 ], [ 74.75171, 14.00873 ], [ 74.75165, 14.00629 ], [ 74.75076, 14.00486 ], [ 74.7454, 14.0048 ], [ 74.7429, 14.00397 ], [ 74.73904, 14.00147 ], [ 74.73874, 14.0004 ], [ 74.73945, 13.99861 ], [ 74.74951, 13.99736 ], [ 74.75171, 13.99683 ], [ 74.75201, 13.996 ], [ 74.74658, 13.98614 ], [ 74.74613, 13.98391 ], [ 74.75105, 13.97178 ], [ 74.74934, 13.96821 ], [ 74.74929, 13.96621 ], [ 74.75848, 13.96559 ], [ 74.76873, 13.95935 ], [ 74.77102, 13.95921 ], [ 74.77037, 13.96406 ], [ 74.77202, 13.97141 ], [ 74.77466, 13.97498 ], [ 74.7763, 13.97605 ], [ 74.77837, 13.9762 ], [ 74.78237, 13.97477 ], [ 74.78437, 13.96713 ], [ 74.7895, 13.96085 ], [ 74.79029, 13.95678 ], [ 74.79029, 13.94464 ], [ 74.79708, 13.93276 ], [ 74.78897, 13.92208 ], [ 74.79268, 13.90963 ], [ 74.78849, 13.90913 ], [ 74.78797, 13.90623 ], [ 74.78661, 13.90616 ], [ 74.78559, 13.91123 ], [ 74.7848, 13.91209 ], [ 74.77371, 13.91433 ], [ 74.77152, 13.9243 ] ] ] } },
{ "type": "Feature", "properties": { "Name": "Mookambika WLS, Karnataka" }, "geometry": { "type": "MultiPolygon", "coordinates": [ [ [ [ 74.88404, 13.9391 ], [ 74.886, 13.93767 ], [ 74.88493, 13.93511 ], [ 74.8879, 13.92845 ], [ 74.88784, 13.92684 ], [ 74.88612, 13.92488 ], [ 74.88671, 13.92375 ], [ 74.88874, 13.92197 ], [ 74.89677, 13.92101 ], [ 74.89938, 13.91917 ], [ 74.90093, 13.91643 ], [ 74.90176, 13.91364 ], [ 74.90147, 13.91025 ], [ 74.89919, 13.90571 ], [ 74.89967, 13.90152 ], [ 74.90138, 13.90038 ], [ 74.90804, 13.89924 ], [ 74.91147, 13.89714 ], [ 74.91633, 13.89134 ], [ 74.91747, 13.88829 ], [ 74.91594, 13.8783 ], [ 74.91766, 13.87068 ], [ 74.91956, 13.86992 ], [ 74.92822, 13.87059 ], [ 74.93184, 13.87278 ], [ 74.93403, 13.87297 ], [ 74.94421, 13.87019 ], [ 74.9461, 13.87053 ], [ 74.94701, 13.8723 ], [ 74.94707, 13.87664 ], [ 74.94987, 13.87955 ], [ 74.95466, 13.88058 ], [ 74.95635, 13.88405 ], [ 74.96813, 13.88792 ], [ 74.97693, 13.88483 ], [ 74.97682, 13.88263 ], [ 74.97289, 13.87691 ], [ 74.97955, 13.87418 ], [ 74.98326, 13.86474 ], [ 74.98457, 13.85665 ], [ 74.98417, 13.85133 ], [ 74.97966, 13.84824 ], [ 74.9816, 13.84522 ], [ 74.98234, 13.83614 ], [ 74.98308, 13.83596 ], [ 74.98954, 13.84145 ], [ 74.99633, 13.84527 ], [ 75.00153, 13.8507 ], [ 75.00347, 13.85064 ], [ 75.00336, 13.84841 ], [ 74.99285, 13.83602 ], [ 74.98777, 13.83145 ], [ 74.98851, 13.82985 ], [ 74.99273, 13.82894 ], [ 74.99279, 13.82671 ], [ 74.99091, 13.82574 ], [ 74.986, 13.82826 ], [ 74.98365, 13.83048 ], [ 74.98148, 13.83048 ], [ 74.97777, 13.825 ], [ 74.97809, 13.81915 ], [ 74.97937, 13.81601 ], [ 74.98494, 13.81087 ], [ 74.98664, 13.81111 ], [ 74.98795, 13.81004 ], [ 74.99045, 13.80588 ], [ 74.99342, 13.80481 ], [ 75.00151, 13.79553 ], [ 75.00151, 13.78684 ], [ 75.00758, 13.77816 ], [ 75.0077, 13.77019 ], [ 75.00925, 13.76876 ], [ 75.01722, 13.76578 ], [ 75.01906, 13.76348 ], [ 75.02037, 13.75884 ], [ 75.0243, 13.75337 ], [ 75.02561, 13.74456 ], [ 75.0268, 13.74183 ], [ 75.02858, 13.74004 ], [ 75.0293, 13.73386 ], [ 75.02739, 13.7291 ], [ 75.02263, 13.72422 ], [ 75.01395, 13.72077 ], [ 75.01258, 13.71582 ], [ 75.01377, 13.71464 ], [ 75.01571, 13.71449 ], [ 75.02061, 13.71062 ], [ 75.02359, 13.70601 ], [ 75.02983, 13.70095 ], [ 75.03296, 13.69947 ], [ 75.03474, 13.69724 ], [ 75.03489, 13.69515 ], [ 75.03311, 13.69322 ], [ 75.03147, 13.69248 ], [ 75.02329, 13.69367 ], [ 75.02014, 13.69655 ], [ 75.01626, 13.69752 ], [ 75.01272, 13.701 ], [ 75.01089, 13.70569 ], [ 75.0053, 13.70791 ], [ 74.99936, 13.70831 ], [ 74.99804, 13.71414 ], [ 74.99565, 13.71631 ], [ 74.99553, 13.71745 ], [ 74.99639, 13.71808 ], [ 75.0037, 13.72025 ], [ 75.00541, 13.72396 ], [ 75.00393, 13.72647 ], [ 75.0049, 13.72887 ], [ 75.00615, 13.72962 ], [ 75.01666, 13.73019 ], [ 75.01923, 13.73458 ], [ 75.019, 13.73613 ], [ 75.0166, 13.74201 ], [ 75.01626, 13.74909 ], [ 75.01523, 13.75012 ], [ 75.01084, 13.74458 ], [ 75.00924, 13.73864 ], [ 75.00632, 13.73681 ], [ 75.00433, 13.73721 ], [ 75.00238, 13.74104 ], [ 74.99816, 13.74167 ], [ 74.99879, 13.74766 ], [ 75.00084, 13.75069 ], [ 74.99902, 13.75292 ], [ 74.9973, 13.75217 ], [ 74.99445, 13.74578 ], [ 74.99348, 13.73864 ], [ 74.99153, 13.73852 ], [ 74.9875, 13.74168 ], [ 74.9875, 13.74511 ], [ 74.98883, 13.75044 ], [ 74.99207, 13.75462 ], [ 74.99349, 13.75834 ], [ 74.9934, 13.76814 ], [ 74.99759, 13.77357 ], [ 74.99778, 13.77518 ], [ 74.9915, 13.78575 ], [ 74.98836, 13.7965 ], [ 74.98731, 13.79745 ], [ 74.97998, 13.79936 ], [ 74.97655, 13.80602 ], [ 74.96856, 13.81487 ], [ 74.96827, 13.81935 ], [ 74.96504, 13.82487 ], [ 74.96475, 13.82744 ], [ 74.9658, 13.8302 ], [ 74.97143, 13.83406 ], [ 74.97322, 13.84015 ], [ 74.97203, 13.84194 ], [ 74.96727, 13.84462 ], [ 74.9634, 13.84566 ], [ 74.94911, 13.84171 ], [ 74.94826, 13.84357 ], [ 74.9544, 13.84978 ], [ 74.95504, 13.85149 ], [ 74.95276, 13.8542 ], [ 74.94262, 13.86056 ], [ 74.93884, 13.86206 ], [ 74.93177, 13.86163 ], [ 74.92799, 13.85977 ], [ 74.92235, 13.86113 ], [ 74.91614, 13.86027 ], [ 74.91449, 13.8607 ], [ 74.90814, 13.86627 ], [ 74.90778, 13.87391 ], [ 74.907, 13.87483 ], [ 74.90393, 13.87383 ], [ 74.90193, 13.87169 ], [ 74.8995, 13.87298 ], [ 74.89729, 13.87555 ], [ 74.89729, 13.87776 ], [ 74.90766, 13.88505 ], [ 74.90736, 13.88699 ], [ 74.90573, 13.88818 ], [ 74.90037, 13.88818 ], [ 74.88731, 13.88618 ], [ 74.88559, 13.88654 ], [ 74.88511, 13.88761 ], [ 74.88505, 13.89273 ], [ 74.88904, 13.896 ], [ 74.88993, 13.89766 ], [ 74.88839, 13.90391 ], [ 74.89124, 13.90992 ], [ 74.89172, 13.91206 ], [ 74.89094, 13.91283 ], [ 74.88749, 13.91248 ], [ 74.88375, 13.89796 ], [ 74.88267, 13.89725 ], [ 74.87024, 13.89731 ], [ 74.8684, 13.89802 ], [ 74.86322, 13.9032 ], [ 74.86043, 13.90171 ], [ 74.85828, 13.89528 ], [ 74.85715, 13.8941 ], [ 74.85549, 13.89499 ], [ 74.85495, 13.89647 ], [ 74.85852, 13.90468 ], [ 74.85787, 13.90724 ], [ 74.85668, 13.90819 ], [ 74.85364, 13.90837 ], [ 74.84532, 13.90379 ], [ 74.84282, 13.90129 ], [ 74.8408, 13.89659 ], [ 74.83764, 13.89576 ], [ 74.83485, 13.89749 ], [ 74.83229, 13.90117 ], [ 74.82729, 13.90213 ], [ 74.82271, 13.90587 ], [ 74.81968, 13.90599 ], [ 74.81575, 13.90415 ], [ 74.81064, 13.90433 ], [ 74.80878, 13.90461 ], [ 74.8007, 13.90923 ], [ 74.79592, 13.9092 ], [ 74.79411, 13.90854 ], [ 74.79336, 13.90539 ], [ 74.79222, 13.90511 ], [ 74.79008, 13.9102 ], [ 74.78833, 13.91205 ], [ 74.78183, 13.91256 ], [ 74.77741, 13.91393 ], [ 74.77344, 13.91376 ], [ 74.77212, 13.92268 ], [ 74.77262, 13.92524 ], [ 74.77498, 13.92946 ], [ 74.77712, 13.93147 ], [ 74.77918, 13.93209 ], [ 74.78439, 13.93064 ], [ 74.78971, 13.92793 ], [ 74.79513, 13.92902 ], [ 74.80402, 13.92697 ], [ 74.80592, 13.92566 ], [ 74.80747, 13.92185 ], [ 74.80818, 13.91662 ], [ 74.81116, 13.91614 ], [ 74.81413, 13.92055 ], [ 74.82076, 13.92266 ], [ 74.81833, 13.92548 ], [ 74.81879, 13.92658 ], [ 74.82776, 13.92524 ], [ 74.83139, 13.92066 ], [ 74.83508, 13.9137 ], [ 74.83764, 13.91286 ], [ 74.8443, 13.91394 ], [ 74.84965, 13.92197 ], [ 74.86131, 13.92238 ], [ 74.87089, 13.91858 ], [ 74.87678, 13.9203 ], [ 74.88273, 13.92095 ], [ 74.8832, 13.92762 ], [ 74.87987, 13.93618 ], [ 74.87565, 13.94314 ], [ 74.87559, 13.94433 ], [ 74.87886, 13.94856 ], [ 74.88445, 13.95195 ], [ 74.88576, 13.95201 ], [ 74.88743, 13.95016 ], [ 74.88719, 13.94879 ], [ 74.8813, 13.94118 ], [ 74.881, 13.93928 ], [ 74.88404, 13.9391 ] ] ], [ [ [ 74.56452, 13.94552 ], [ 74.56238, 13.94548 ], [ 74.56086, 13.95036 ], [ 74.56667, 13.95314 ], [ 74.56948, 13.95765 ], [ 74.57101, 13.96232 ], [ 74.57558, 13.9666 ], [ 74.58252, 13.96346 ], [ 74.5849, 13.96355 ], [ 74.58624, 13.96546 ], [ 74.58785, 13.96603 ], [ 74.5968, 13.96736 ], [ 74.60137, 13.97383 ], [ 74.60203, 13.9744 ], [ 74.60432, 13.97412 ], [ 74.60441, 13.97621 ], [ 74.60299, 13.97755 ], [ 74.60308, 13.97869 ], [ 74.60365, 13.97973 ], [ 74.6066, 13.98059 ], [ 74.60717, 13.98649 ], [ 74.60889, 13.98982 ], [ 74.61012, 13.99135 ], [ 74.61526, 13.99154 ], [ 74.61622, 13.9923 ], [ 74.61545, 13.99582 ], [ 74.61646, 13.99796 ], [ 74.62256, 14.00346 ], [ 74.63873, 14.0086 ], [ 74.64522, 14.01548 ], [ 74.64637, 14.01479 ], [ 74.64665, 14.0126 ], [ 74.65294, 14.01053 ], [ 74.65707, 14.00794 ], [ 74.65946, 14.00479 ], [ 74.6657, 14.00017 ], [ 74.6638, 13.99242 ], [ 74.66467, 13.98041 ], [ 74.66122, 13.97677 ], [ 74.65576, 13.97342 ], [ 74.65269, 13.96684 ], [ 74.65263, 13.96607 ], [ 74.65388, 13.96565 ], [ 74.65507, 13.9672 ], [ 74.65656, 13.96726 ], [ 74.65834, 13.96137 ], [ 74.66155, 13.96012 ], [ 74.66203, 13.95922 ], [ 74.65798, 13.95601 ], [ 74.65572, 13.95262 ], [ 74.65519, 13.95006 ], [ 74.65275, 13.9478 ], [ 74.65275, 13.94673 ], [ 74.65459, 13.94638 ], [ 74.65989, 13.94751 ], [ 74.65947, 13.95316 ], [ 74.66554, 13.95482 ], [ 74.67324, 13.95375 ], [ 74.67425, 13.95274 ], [ 74.67306, 13.94846 ], [ 74.6733, 13.94572 ], [ 74.67508, 13.94519 ], [ 74.6802, 13.94727 ], [ 74.68204, 13.9453 ], [ 74.68198, 13.94275 ], [ 74.67942, 13.94061 ], [ 74.67306, 13.94126 ], [ 74.67163, 13.93942 ], [ 74.67175, 13.93793 ], [ 74.67502, 13.93388 ], [ 74.67568, 13.93168 ], [ 74.67853, 13.93085 ], [ 74.6796, 13.9296 ], [ 74.67984, 13.92567 ], [ 74.67776, 13.92532 ], [ 74.67431, 13.92782 ], [ 74.66533, 13.92561 ], [ 74.66396, 13.92425 ], [ 74.66955, 13.92181 ], [ 74.67371, 13.92109 ], [ 74.67942, 13.92234 ], [ 74.68698, 13.91586 ], [ 74.68829, 13.91556 ], [ 74.69364, 13.91729 ], [ 74.69644, 13.91568 ], [ 74.69679, 13.91443 ], [ 74.69525, 13.90836 ], [ 74.69899, 13.90824 ], [ 74.69846, 13.90206 ], [ 74.70066, 13.90015 ], [ 74.70042, 13.89896 ], [ 74.69852, 13.8973 ], [ 74.69757, 13.89748 ], [ 74.69483, 13.90241 ], [ 74.69388, 13.90325 ], [ 74.69114, 13.90355 ], [ 74.68989, 13.9014 ], [ 74.68995, 13.89938 ], [ 74.69067, 13.89772 ], [ 74.69227, 13.89908 ], [ 74.69412, 13.89819 ], [ 74.69441, 13.89706 ], [ 74.69287, 13.89361 ], [ 74.69334, 13.89266 ], [ 74.69781, 13.89141 ], [ 74.69977, 13.88088 ], [ 74.69667, 13.87606 ], [ 74.6956, 13.87095 ], [ 74.69739, 13.86649 ], [ 74.70078, 13.86512 ], [ 74.70227, 13.86238 ], [ 74.7012, 13.86077 ], [ 74.6981, 13.86036 ], [ 74.69977, 13.85566 ], [ 74.70197, 13.8556 ], [ 74.70274, 13.85732 ], [ 74.70453, 13.85869 ], [ 74.70964, 13.85941 ], [ 74.71137, 13.85887 ], [ 74.71244, 13.85607 ], [ 74.71422, 13.85429 ], [ 74.72045, 13.85404 ], [ 74.72247, 13.85274 ], [ 74.72592, 13.84322 ], [ 74.7277, 13.84239 ], [ 74.73617, 13.8445 ], [ 74.7391, 13.84379 ], [ 74.74188, 13.84008 ], [ 74.74281, 13.83993 ], [ 74.74417, 13.84215 ], [ 74.74231, 13.84807 ], [ 74.74303, 13.85335 ], [ 74.74474, 13.85464 ], [ 74.74981, 13.85535 ], [ 74.75231, 13.85492 ], [ 74.75566, 13.85064 ], [ 74.75695, 13.846 ], [ 74.76023, 13.84536 ], [ 74.76159, 13.84415 ], [ 74.7623, 13.83394 ], [ 74.76401, 13.83215 ], [ 74.76416, 13.82837 ], [ 74.76508, 13.82651 ], [ 74.76665, 13.82566 ], [ 74.76594, 13.82137 ], [ 74.76644, 13.82045 ], [ 74.76758, 13.82045 ], [ 74.76972, 13.82266 ], [ 74.77372, 13.82223 ], [ 74.77638, 13.82441 ], [ 74.77866, 13.82505 ], [ 74.78166, 13.82184 ], [ 74.78145, 13.81548 ], [ 74.78202, 13.81449 ], [ 74.78294, 13.81456 ], [ 74.78459, 13.8197 ], [ 74.7863, 13.82098 ], [ 74.79008, 13.82041 ], [ 74.79108, 13.81827 ], [ 74.79194, 13.81827 ], [ 74.79308, 13.81941 ], [ 74.7938, 13.82384 ], [ 74.79879, 13.82391 ], [ 74.79986, 13.82448 ], [ 74.80108, 13.82691 ], [ 74.80279, 13.82755 ], [ 74.80572, 13.82755 ], [ 74.80779, 13.82919 ], [ 74.80886, 13.82855 ], [ 74.81064, 13.82491 ], [ 74.81071, 13.82391 ], [ 74.80921, 13.82284 ], [ 74.80486, 13.82162 ], [ 74.80429, 13.82062 ], [ 74.80422, 13.81855 ], [ 74.80714, 13.81606 ], [ 74.80686, 13.81456 ], [ 74.8055, 13.81406 ], [ 74.80215, 13.81563 ], [ 74.80093, 13.81541 ], [ 74.79986, 13.81177 ], [ 74.79437, 13.81213 ], [ 74.79429, 13.81106 ], [ 74.79601, 13.80992 ], [ 74.79587, 13.80877 ], [ 74.79051, 13.80713 ], [ 74.78816, 13.80413 ], [ 74.7868, 13.80342 ], [ 74.78523, 13.80392 ], [ 74.78123, 13.80813 ], [ 74.77859, 13.80749 ], [ 74.77927, 13.80196 ], [ 74.77861, 13.8012 ], [ 74.77394, 13.80043 ], [ 74.77052, 13.79168 ], [ 74.77042, 13.78625 ], [ 74.76947, 13.78463 ], [ 74.76395, 13.7833 ], [ 74.76148, 13.78102 ], [ 74.7611, 13.77969 ], [ 74.76224, 13.77835 ], [ 74.76319, 13.77359 ], [ 74.76309, 13.77198 ], [ 74.76186, 13.77064 ], [ 74.75862, 13.77045 ], [ 74.75415, 13.76788 ], [ 74.7512, 13.76712 ], [ 74.74663, 13.76798 ], [ 74.74358, 13.76703 ], [ 74.7432, 13.76446 ], [ 74.74187, 13.76236 ], [ 74.74149, 13.75798 ], [ 74.73949, 13.75703 ], [ 74.73863, 13.75551 ], [ 74.73949, 13.75294 ], [ 74.74282, 13.75227 ], [ 74.7432, 13.75094 ], [ 74.74149, 13.74866 ], [ 74.74196, 13.74456 ], [ 74.74054, 13.73876 ], [ 74.73768, 13.73724 ], [ 74.73445, 13.73295 ], [ 74.73397, 13.72896 ], [ 74.73511, 13.72772 ], [ 74.73635, 13.72772 ], [ 74.73749, 13.72962 ], [ 74.73987, 13.73076 ], [ 74.74634, 13.7281 ], [ 74.74701, 13.72686 ], [ 74.74406, 13.72153 ], [ 74.74511, 13.71782 ], [ 74.75272, 13.71534 ], [ 74.75938, 13.71487 ], [ 74.761, 13.71392 ], [ 74.76186, 13.7123 ], [ 74.7611, 13.7044 ], [ 74.76205, 13.70221 ], [ 74.765, 13.70059 ], [ 74.76985, 13.70031 ], [ 74.7715, 13.69802 ], [ 74.77287, 13.69779 ], [ 74.77572, 13.70136 ], [ 74.77763, 13.70165 ], [ 74.78167, 13.7004 ], [ 74.7831, 13.69838 ], [ 74.78542, 13.69814 ], [ 74.78607, 13.69886 ], [ 74.78637, 13.70332 ], [ 74.79184, 13.70451 ], [ 74.79303, 13.70629 ], [ 74.79494, 13.70701 ], [ 74.80148, 13.70481 ], [ 74.80428, 13.69921 ], [ 74.80767, 13.69553 ], [ 74.81403, 13.69707 ], [ 74.81915, 13.6966 ], [ 74.8248, 13.69136 ], [ 74.82896, 13.69035 ], [ 74.83146, 13.69083 ], [ 74.83253, 13.69309 ], [ 74.83568, 13.69166 ], [ 74.8408, 13.6944 ], [ 74.84241, 13.69612 ], [ 74.84336, 13.69594 ], [ 74.84657, 13.6916 ], [ 74.84794, 13.69172 ], [ 74.84978, 13.69374 ], [ 74.85079, 13.6938 ], [ 74.85317, 13.69106 ], [ 74.85442, 13.69065 ], [ 74.8574, 13.69386 ], [ 74.86187, 13.69387 ], [ 74.86292, 13.69453 ], [ 74.86269, 13.69843 ], [ 74.86674, 13.70026 ], [ 74.86663, 13.70317 ], [ 74.86749, 13.705 ], [ 74.87325, 13.70455 ], [ 74.87902, 13.70911 ], [ 74.88016, 13.70917 ], [ 74.88182, 13.70717 ], [ 74.88153, 13.70323 ], [ 74.8829, 13.70175 ], [ 74.88416, 13.70163 ], [ 74.88525, 13.7026 ], [ 74.88553, 13.70563 ], [ 74.8833, 13.71334 ], [ 74.88388, 13.71488 ], [ 74.8873, 13.71831 ], [ 74.88508, 13.72036 ], [ 74.88508, 13.72156 ], [ 74.88547, 13.72225 ], [ 74.89096, 13.72293 ], [ 74.89381, 13.72585 ], [ 74.89564, 13.72453 ], [ 74.89473, 13.72014 ], [ 74.89701, 13.71345 ], [ 74.89564, 13.70854 ], [ 74.89593, 13.70683 ], [ 74.89775, 13.70546 ], [ 74.90735, 13.7102 ], [ 74.91134, 13.71534 ], [ 74.91386, 13.7162 ], [ 74.91357, 13.72094 ], [ 74.91443, 13.72151 ], [ 74.91825, 13.72105 ], [ 74.91888, 13.72208 ], [ 74.91848, 13.72396 ], [ 74.91517, 13.72619 ], [ 74.91174, 13.72585 ], [ 74.91157, 13.72659 ], [ 74.91369, 13.72967 ], [ 74.9186, 13.73253 ], [ 74.91997, 13.7327 ], [ 74.92294, 13.73104 ], [ 74.92733, 13.73384 ], [ 74.93065, 13.73196 ], [ 74.93897, 13.7295 ], [ 74.94045, 13.72967 ], [ 74.94142, 13.73036 ], [ 74.94119, 13.73139 ], [ 74.93702, 13.73527 ], [ 74.93731, 13.73841 ], [ 74.94091, 13.73938 ], [ 74.94405, 13.73721 ], [ 74.94765, 13.74109 ], [ 74.95016, 13.74212 ], [ 74.95199, 13.74064 ], [ 74.95153, 13.73824 ], [ 74.94565, 13.72807 ], [ 74.94593, 13.72676 ], [ 74.94725, 13.72619 ], [ 74.95039, 13.72579 ], [ 74.95353, 13.72687 ], [ 74.95313, 13.73316 ], [ 74.95376, 13.73475 ], [ 74.95741, 13.7371 ], [ 74.95924, 13.73458 ], [ 74.96261, 13.7371 ], [ 74.96455, 13.73687 ], [ 74.96501, 13.73475 ], [ 74.96792, 13.73253 ], [ 74.96923, 13.7299 ], [ 74.97511, 13.73316 ], [ 74.97894, 13.73253 ], [ 74.98003, 13.72636 ], [ 74.98534, 13.72054 ], [ 74.98548, 13.71875 ], [ 74.98412, 13.71847 ], [ 74.9772, 13.72047 ], [ 74.97534, 13.71997 ], [ 74.97106, 13.71368 ], [ 74.97056, 13.71147 ], [ 74.97213, 13.70804 ], [ 74.97791, 13.70712 ], [ 74.97763, 13.70162 ], [ 74.97534, 13.69969 ], [ 74.97077, 13.69805 ], [ 74.96656, 13.69848 ], [ 74.96107, 13.69727 ], [ 74.96035, 13.69605 ], [ 74.96235, 13.69305 ], [ 74.96221, 13.6917 ], [ 74.95728, 13.68877 ], [ 74.95507, 13.6827 ], [ 74.95264, 13.68178 ], [ 74.95079, 13.67899 ], [ 74.944, 13.67778 ], [ 74.94308, 13.67556 ], [ 74.93608, 13.67407 ], [ 74.93472, 13.67285 ], [ 74.93187, 13.66379 ], [ 74.93166, 13.6585 ], [ 74.93265, 13.65665 ], [ 74.93451, 13.65551 ], [ 74.94247, 13.6522 ], [ 74.94228, 13.64011 ], [ 74.94123, 13.63887 ], [ 74.93057, 13.63783 ], [ 74.92476, 13.63554 ], [ 74.91962, 13.63621 ], [ 74.91753, 13.63783 ], [ 74.91105, 13.63985 ], [ 74.90819, 13.63909 ], [ 74.90442, 13.63638 ], [ 74.90337, 13.63728 ], [ 74.90269, 13.64134 ], [ 74.89605, 13.64269 ], [ 74.89765, 13.64423 ], [ 74.89907, 13.64777 ], [ 74.90244, 13.6488 ], [ 74.90164, 13.652 ], [ 74.90216, 13.65314 ], [ 74.90895, 13.65046 ], [ 74.91112, 13.65057 ], [ 74.91135, 13.65451 ], [ 74.9161, 13.66142 ], [ 74.9212, 13.67296 ], [ 74.92135, 13.67519 ], [ 74.9206, 13.67608 ], [ 74.91822, 13.67608 ], [ 74.91614, 13.67802 ], [ 74.9157, 13.68025 ], [ 74.91674, 13.68159 ], [ 74.91941, 13.68263 ], [ 74.92953, 13.68307 ], [ 74.93339, 13.68501 ], [ 74.93696, 13.68456 ], [ 74.94157, 13.68709 ], [ 74.94559, 13.68813 ], [ 74.94797, 13.68977 ], [ 74.9538, 13.70091 ], [ 74.95371, 13.70341 ], [ 74.95104, 13.70358 ], [ 74.9489, 13.70257 ], [ 74.94392, 13.70374 ], [ 74.9413, 13.70326 ], [ 74.93976, 13.70582 ], [ 74.93732, 13.70671 ], [ 74.93476, 13.70195 ], [ 74.9344, 13.69945 ], [ 74.92929, 13.69404 ], [ 74.92881, 13.68982 ], [ 74.92762, 13.68874 ], [ 74.9228, 13.68946 ], [ 74.92185, 13.69023 ], [ 74.92173, 13.6916 ], [ 74.92376, 13.69422 ], [ 74.92346, 13.69606 ], [ 74.91852, 13.69642 ], [ 74.91483, 13.69416 ], [ 74.91245, 13.68904 ], [ 74.91126, 13.68809 ], [ 74.90912, 13.68845 ], [ 74.90511, 13.69136 ], [ 74.89571, 13.6885 ], [ 74.89064, 13.68206 ], [ 74.8905, 13.68001 ], [ 74.89264, 13.67763 ], [ 74.89283, 13.67639 ], [ 74.8915, 13.67487 ], [ 74.88912, 13.67516 ], [ 74.88733, 13.67783 ], [ 74.88591, 13.67847 ], [ 74.88555, 13.67975 ], [ 74.88741, 13.68247 ], [ 74.88626, 13.68825 ], [ 74.88898, 13.69146 ], [ 74.88926, 13.69317 ], [ 74.88455, 13.69267 ], [ 74.87648, 13.69324 ], [ 74.86765, 13.68688 ], [ 74.85635, 13.68188 ], [ 74.83815, 13.68307 ], [ 74.83018, 13.68129 ], [ 74.82673, 13.68141 ], [ 74.82173, 13.68367 ], [ 74.80911, 13.68424 ], [ 74.80807, 13.68349 ], [ 74.80793, 13.6816 ], [ 74.81435, 13.67496 ], [ 74.81414, 13.67296 ], [ 74.81271, 13.67196 ], [ 74.80964, 13.67189 ], [ 74.80557, 13.67496 ], [ 74.802, 13.67482 ], [ 74.79586, 13.67233 ], [ 74.79135, 13.66822 ], [ 74.78246, 13.67029 ], [ 74.78103, 13.67278 ], [ 74.78103, 13.67826 ], [ 74.77924, 13.68159 ], [ 74.77175, 13.68789 ], [ 74.76473, 13.69123 ], [ 74.76111, 13.69158 ], [ 74.75683, 13.69368 ], [ 74.75359, 13.69748 ], [ 74.75131, 13.70396 ], [ 74.74969, 13.70567 ], [ 74.74236, 13.70871 ], [ 74.74072, 13.70711 ], [ 74.7383, 13.70739 ], [ 74.73694, 13.71596 ], [ 74.73515, 13.71767 ], [ 74.73244, 13.71788 ], [ 74.73123, 13.71617 ], [ 74.73094, 13.71396 ], [ 74.72916, 13.71367 ], [ 74.72566, 13.71453 ], [ 74.72559, 13.71967 ], [ 74.7238, 13.7206 ], [ 74.71685, 13.71695 ], [ 74.71462, 13.71673 ], [ 74.71393, 13.72015 ], [ 74.71599, 13.72381 ], [ 74.71742, 13.72483 ], [ 74.72039, 13.72438 ], [ 74.7232, 13.72807 ], [ 74.72425, 13.73445 ], [ 74.72339, 13.73654 ], [ 74.72187, 13.73721 ], [ 74.71949, 13.73597 ], [ 74.71787, 13.73607 ], [ 74.71502, 13.7374 ], [ 74.71178, 13.73607 ], [ 74.70674, 13.72969 ], [ 74.70569, 13.72455 ], [ 74.70464, 13.72293 ], [ 74.70188, 13.72169 ], [ 74.69931, 13.72236 ], [ 74.69579, 13.72617 ], [ 74.69608, 13.73055 ], [ 74.69912, 13.73359 ], [ 74.70226, 13.73378 ], [ 74.70331, 13.73454 ], [ 74.70436, 13.73787 ], [ 74.70845, 13.73949 ], [ 74.70902, 13.74111 ], [ 74.70864, 13.74444 ], [ 74.71397, 13.74596 ], [ 74.71711, 13.74349 ], [ 74.71902, 13.74301 ], [ 74.7214, 13.7452 ], [ 74.72358, 13.74606 ], [ 74.72739, 13.74673 ], [ 74.73053, 13.74539 ], [ 74.73148, 13.74587 ], [ 74.72854, 13.75806 ], [ 74.73056, 13.76776 ], [ 74.7245, 13.77305 ], [ 74.72361, 13.77126 ], [ 74.72154, 13.77091 ], [ 74.71954, 13.77112 ], [ 74.71847, 13.77283 ], [ 74.71718, 13.77326 ], [ 74.7129, 13.77233 ], [ 74.70933, 13.7667 ], [ 74.70674, 13.7653 ], [ 74.70555, 13.76518 ], [ 74.69818, 13.76861 ], [ 74.69458, 13.76661 ], [ 74.69064, 13.76729 ], [ 74.68522, 13.76627 ], [ 74.6843, 13.76667 ], [ 74.68384, 13.76947 ], [ 74.68002, 13.76907 ], [ 74.67716, 13.77021 ], [ 74.67208, 13.7661 ], [ 74.67094, 13.76216 ], [ 74.66294, 13.76096 ], [ 74.66112, 13.76193 ], [ 74.66094, 13.76638 ], [ 74.66449, 13.76781 ], [ 74.665, 13.76872 ], [ 74.66437, 13.77203 ], [ 74.67108, 13.77967 ], [ 74.67322, 13.78072 ], [ 74.67346, 13.78581 ], [ 74.6746, 13.78657 ], [ 74.67779, 13.78657 ], [ 74.67869, 13.78547 ], [ 74.67925, 13.77452 ], [ 74.6824, 13.77232 ], [ 74.69745, 13.77238 ], [ 74.70233, 13.77124 ], [ 74.70447, 13.77321 ], [ 74.70477, 13.77791 ], [ 74.7056, 13.77975 ], [ 74.72596, 13.7788 ], [ 74.72751, 13.77928 ], [ 74.73025, 13.7882 ], [ 74.72703, 13.78867 ], [ 74.72382, 13.78594 ], [ 74.72204, 13.78606 ], [ 74.72073, 13.78737 ], [ 74.72346, 13.79308 ], [ 74.72308, 13.79928 ], [ 74.72793, 13.80242 ], [ 74.7315, 13.80756 ], [ 74.72986, 13.80934 ], [ 74.72536, 13.80877 ], [ 74.7245, 13.80934 ], [ 74.72457, 13.81341 ], [ 74.72829, 13.81905 ], [ 74.73136, 13.81941 ], [ 74.73236, 13.81776 ], [ 74.73321, 13.81798 ], [ 74.73457, 13.82126 ], [ 74.74185, 13.8244 ], [ 74.74595, 13.82786 ], [ 74.74827, 13.82665 ], [ 74.75009, 13.8229 ], [ 74.75288, 13.82437 ], [ 74.75436, 13.82855 ], [ 74.75293, 13.83562 ], [ 74.75093, 13.83554 ], [ 74.74772, 13.83226 ], [ 74.74358, 13.83098 ], [ 74.7383, 13.8314 ], [ 74.7333, 13.8334 ], [ 74.72545, 13.83412 ], [ 74.72174, 13.83626 ], [ 74.71403, 13.84511 ], [ 74.70875, 13.84711 ], [ 74.70146, 13.84559 ], [ 74.68995, 13.84854 ], [ 74.68719, 13.84587 ], [ 74.68566, 13.84549 ], [ 74.68433, 13.84644 ], [ 74.68633, 13.84977 ], [ 74.68614, 13.85206 ], [ 74.68528, 13.85253 ], [ 74.67815, 13.84844 ], [ 74.67481, 13.84882 ], [ 74.67243, 13.85444 ], [ 74.67903, 13.86656 ], [ 74.68017, 13.8712 ], [ 74.67839, 13.87384 ], [ 74.67639, 13.87455 ], [ 74.67253, 13.87077 ], [ 74.6693, 13.87127 ], [ 74.66668, 13.87472 ], [ 74.66644, 13.87805 ], [ 74.6668, 13.88043 ], [ 74.66811, 13.88102 ], [ 74.67049, 13.88019 ], [ 74.67346, 13.88055 ], [ 74.67679, 13.88197 ], [ 74.68441, 13.88245 ], [ 74.68571, 13.88316 ], [ 74.68571, 13.88531 ], [ 74.68109, 13.89296 ], [ 74.68033, 13.90864 ], [ 74.67852, 13.9109 ], [ 74.67566, 13.91256 ], [ 74.66375, 13.91437 ], [ 74.6563, 13.91864 ], [ 74.65373, 13.92356 ], [ 74.65158, 13.92414 ], [ 74.6478, 13.92149 ], [ 74.63988, 13.92021 ], [ 74.63445, 13.9155 ], [ 74.6316, 13.91607 ], [ 74.62453, 13.91271 ], [ 74.61853, 13.91121 ], [ 74.61696, 13.9125 ], [ 74.61668, 13.914 ], [ 74.61725, 13.91878 ], [ 74.62296, 13.92264 ], [ 74.63031, 13.92235 ], [ 74.63352, 13.92371 ], [ 74.63488, 13.92735 ], [ 74.63966, 13.92942 ], [ 74.64038, 13.93049 ], [ 74.63938, 13.93177 ], [ 74.63238, 13.93292 ], [ 74.63017, 13.93591 ], [ 74.62974, 13.9402 ], [ 74.62781, 13.93977 ], [ 74.62667, 13.93706 ], [ 74.62382, 13.93406 ], [ 74.62253, 13.93434 ], [ 74.62132, 13.93584 ], [ 74.6211, 13.93848 ], [ 74.61939, 13.93977 ], [ 74.60751, 13.93918 ], [ 74.6026, 13.93524 ], [ 74.60003, 13.93102 ], [ 74.5974, 13.92999 ], [ 74.59638, 13.93176 ], [ 74.59612, 13.93754 ], [ 74.59499, 13.93826 ], [ 74.59297, 13.93148 ], [ 74.58464, 13.92553 ], [ 74.58422, 13.92749 ], [ 74.58607, 13.93011 ], [ 74.58613, 13.93207 ], [ 74.58559, 13.93296 ], [ 74.58172, 13.93332 ], [ 74.58053, 13.93636 ], [ 74.57833, 13.93766 ], [ 74.5781, 13.93879 ], [ 74.57851, 13.93986 ], [ 74.58297, 13.94183 ], [ 74.58321, 13.94332 ], [ 74.57584, 13.94345 ], [ 74.5739, 13.94676 ], [ 74.57773, 13.94785 ], [ 74.57813, 13.95076 ], [ 74.57538, 13.95316 ], [ 74.57447, 13.9531 ], [ 74.57373, 13.95082 ], [ 74.56945, 13.95065 ], [ 74.56452, 13.94552 ] ] ] ] } },
{ "type": "Feature", "properties": { "Name": "Gudavi Bird Sanctuary, Karnataka" }, "geometry": { "type": "Polygon", "coordinates": [ [ [ 75.00964, 14.46089 ], [ 75.01951, 14.46122 ], [ 75.03302, 14.45934 ], [ 75.03628, 14.45744 ], [ 75.03717, 14.4582 ], [ 75.04097, 14.45813 ], [ 75.03992, 14.44844 ], [ 75.03781, 14.44002 ], [ 75.04056, 14.43725 ], [ 75.04019, 14.43352 ], [ 75.0427, 14.43024 ], [ 75.03432, 14.42642 ], [ 75.03259, 14.42439 ], [ 75.03273, 14.4219 ], [ 75.03113, 14.41923 ], [ 75.02302, 14.42232 ], [ 75.01663, 14.41959 ], [ 75.01139, 14.42028 ], [ 75.00465, 14.42647 ], [ 75.00326, 14.4291 ], [ 75.00271, 14.43364 ], [ 74.99916, 14.43548 ], [ 74.99492, 14.43603 ], [ 74.99516, 14.43728 ], [ 74.99704, 14.4389 ], [ 74.9938, 14.443 ], [ 74.99297, 14.44626 ], [ 74.99345, 14.45115 ], [ 74.99668, 14.4549 ], [ 74.99752, 14.45294 ], [ 74.99924, 14.4529 ], [ 74.99951, 14.45457 ], [ 74.99845, 14.45819 ], [ 75.00006, 14.46137 ], [ 75.00821, 14.46256 ], [ 75.00964, 14.46089 ] ], [ [ 75.0188, 14.44467 ], [ 75.01948, 14.44257 ], [ 75.0184, 14.43991 ], [ 75.01706, 14.44002 ], [ 75.01742, 14.43751 ], [ 75.01389, 14.43912 ], [ 75.01249, 14.43789 ], [ 75.01205, 14.43664 ], [ 75.0134, 14.43455 ], [ 75.01297, 14.43265 ], [ 75.01227, 14.43315 ], [ 75.01195, 14.43256 ], [ 75.01469, 14.42943 ], [ 75.01648, 14.43019 ], [ 75.01632, 14.43139 ], [ 75.02466, 14.435 ], [ 75.02291, 14.43696 ], [ 75.02223, 14.44024 ], [ 75.0188, 14.44467 ] ] ] } },
{ "type": "Feature", "properties": { "Name": "Someshwara WLS Karnataka" }, "geometry": { "type": "MultiPolygon", "coordinates": [ [ [ [ 75.06657, 13.69548 ], [ 75.06083, 13.69337 ], [ 75.0622, 13.68914 ], [ 75.06717, 13.68503 ], [ 75.06787, 13.67905 ], [ 75.07001, 13.67604 ], [ 75.07364, 13.67325 ], [ 75.0734, 13.67108 ], [ 75.07111, 13.66971 ], [ 75.06849, 13.6712 ], [ 75.06407, 13.67182 ], [ 75.06491, 13.67521 ], [ 75.06409, 13.67838 ], [ 75.0615, 13.68073 ], [ 75.05862, 13.67966 ], [ 75.05725, 13.67612 ], [ 75.05543, 13.67603 ], [ 75.05401, 13.67689 ], [ 75.04322, 13.6728 ], [ 75.03911, 13.67251 ], [ 75.03769, 13.67052 ], [ 75.03729, 13.66184 ], [ 75.03272, 13.65544 ], [ 75.0294, 13.65201 ], [ 75.02489, 13.64956 ], [ 75.02432, 13.64796 ], [ 75.02706, 13.64019 ], [ 75.02712, 13.63671 ], [ 75.02786, 13.63551 ], [ 75.0342, 13.63265 ], [ 75.03906, 13.62494 ], [ 75.04305, 13.62466 ], [ 75.04328, 13.62197 ], [ 75.04454, 13.62055 ], [ 75.04671, 13.62117 ], [ 75.04821, 13.62299 ], [ 75.05458, 13.63475 ], [ 75.06153, 13.63561 ], [ 75.0662, 13.63437 ], [ 75.07138, 13.63018 ], [ 75.07376, 13.62528 ], [ 75.08019, 13.61686 ], [ 75.08599, 13.61771 ], [ 75.09018, 13.61686 ], [ 75.09247, 13.61567 ], [ 75.09456, 13.61324 ], [ 75.10317, 13.61176 ], [ 75.11007, 13.60515 ], [ 75.11797, 13.59573 ], [ 75.11783, 13.59101 ], [ 75.11607, 13.5863 ], [ 75.11607, 13.57969 ], [ 75.11117, 13.57074 ], [ 75.10731, 13.56684 ], [ 75.10517, 13.56218 ], [ 75.10884, 13.55323 ], [ 75.1086, 13.53319 ], [ 75.11412, 13.53158 ], [ 75.11226, 13.52815 ], [ 75.11045, 13.51939 ], [ 75.1056, 13.51221 ], [ 75.10641, 13.51159 ], [ 75.11026, 13.51264 ], [ 75.11674, 13.5124 ], [ 75.13263, 13.50797 ], [ 75.13991, 13.51054 ], [ 75.14348, 13.51011 ], [ 75.14924, 13.50626 ], [ 75.15695, 13.50683 ], [ 75.16572, 13.50418 ], [ 75.16905, 13.50109 ], [ 75.17012, 13.49776 ], [ 75.16988, 13.49323 ], [ 75.16863, 13.48903 ], [ 75.16389, 13.49319 ], [ 75.16143, 13.49273 ], [ 75.15994, 13.49136 ], [ 75.16101, 13.49608 ], [ 75.15602, 13.498 ], [ 75.15427, 13.49708 ], [ 75.14774, 13.48855 ], [ 75.14399, 13.48755 ], [ 75.14249, 13.49176 ], [ 75.1412, 13.5005 ], [ 75.1401, 13.50132 ], [ 75.13499, 13.49726 ], [ 75.1315, 13.49747 ], [ 75.12628, 13.50068 ], [ 75.12007, 13.50243 ], [ 75.11137, 13.50368 ], [ 75.10555, 13.49893 ], [ 75.10173, 13.49715 ], [ 75.09338, 13.49836 ], [ 75.08692, 13.49818 ], [ 75.0832, 13.50025 ], [ 75.08303, 13.50157 ], [ 75.0892, 13.51021 ], [ 75.08952, 13.52113 ], [ 75.09034, 13.52106 ], [ 75.09099, 13.51731 ], [ 75.09502, 13.51756 ], [ 75.09937, 13.52017 ], [ 75.10169, 13.52331 ], [ 75.10148, 13.52563 ], [ 75.10019, 13.52706 ], [ 75.0952, 13.52916 ], [ 75.09395, 13.53056 ], [ 75.09505, 13.53509 ], [ 75.09513, 13.54947 ], [ 75.09277, 13.55765 ], [ 75.09809, 13.56889 ], [ 75.09862, 13.57339 ], [ 75.10062, 13.57531 ], [ 75.10284, 13.57617 ], [ 75.10344, 13.57906 ], [ 75.10615, 13.58045 ], [ 75.10726, 13.5827 ], [ 75.10648, 13.58645 ], [ 75.1079, 13.59077 ], [ 75.10794, 13.59337 ], [ 75.09848, 13.60365 ], [ 75.09463, 13.60212 ], [ 75.09063, 13.60194 ], [ 75.08688, 13.60794 ], [ 75.0781, 13.60765 ], [ 75.07235, 13.6094 ], [ 75.06971, 13.616 ], [ 75.06686, 13.61907 ], [ 75.06382, 13.62471 ], [ 75.06122, 13.62614 ], [ 75.05965, 13.62567 ], [ 75.05465, 13.61397 ], [ 75.05048, 13.60708 ], [ 75.0488, 13.60665 ], [ 75.04397, 13.60826 ], [ 75.04069, 13.60833 ], [ 75.03926, 13.60897 ], [ 75.03655, 13.6125 ], [ 75.03661, 13.61576 ], [ 75.03198, 13.61895 ], [ 75.02792, 13.62541 ], [ 75.0229, 13.62601 ], [ 75.02144, 13.62901 ], [ 75.01843, 13.63005 ], [ 75.01605, 13.63249 ], [ 75.01778, 13.63642 ], [ 75.01799, 13.63927 ], [ 75.0151, 13.64329 ], [ 75.01362, 13.65102 ], [ 75.0146, 13.65379 ], [ 75.01299, 13.6562 ], [ 75.01305, 13.65756 ], [ 75.01677, 13.66241 ], [ 75.02304, 13.65982 ], [ 75.02447, 13.65988 ], [ 75.0289, 13.66675 ], [ 75.02789, 13.66916 ], [ 75.02587, 13.6705 ], [ 75.0179, 13.67285 ], [ 75.01603, 13.67615 ], [ 75.01266, 13.67615 ], [ 75.01234, 13.67859 ], [ 75.01344, 13.68558 ], [ 75.01106, 13.6887 ], [ 75.01118, 13.69025 ], [ 75.01614, 13.6918 ], [ 75.01974, 13.69595 ], [ 75.02994, 13.69464 ], [ 75.03354, 13.69527 ], [ 75.03462, 13.69607 ], [ 75.03582, 13.69921 ], [ 75.03885, 13.70035 ], [ 75.04651, 13.69642 ], [ 75.04896, 13.69716 ], [ 75.05467, 13.6967 ], [ 75.05696, 13.69762 ], [ 75.06084, 13.69596 ], [ 75.06284, 13.69665 ], [ 75.06457, 13.70019 ], [ 75.05848, 13.70589 ], [ 75.05676, 13.71401 ], [ 75.05789, 13.71752 ], [ 75.05956, 13.71829 ], [ 75.06366, 13.7177 ], [ 75.06655, 13.71455 ], [ 75.06898, 13.71324 ], [ 75.07472, 13.71184 ], [ 75.07469, 13.70961 ], [ 75.07035, 13.70197 ], [ 75.06898, 13.69747 ], [ 75.06657, 13.69548 ] ] ], [ [ [ 74.96109, 13.64392 ], [ 74.96151, 13.64276 ], [ 74.9649, 13.64157 ], [ 74.96695, 13.64154 ], [ 74.97014, 13.64476 ], [ 74.97397, 13.64514 ], [ 74.97501, 13.64461 ], [ 74.97534, 13.63738 ], [ 74.97055, 13.63732 ], [ 74.96963, 13.63658 ], [ 74.97537, 13.63188 ], [ 74.9787, 13.62664 ], [ 74.98292, 13.62212 ], [ 74.98801, 13.61122 ], [ 74.98943, 13.61088 ], [ 74.99263, 13.61356 ], [ 74.99332, 13.61853 ], [ 74.99412, 13.62019 ], [ 74.99589, 13.62041 ], [ 75.00126, 13.61373 ], [ 75.00485, 13.61122 ], [ 75.00671, 13.60871 ], [ 75.00619, 13.60764 ], [ 74.99905, 13.60504 ], [ 75.00135, 13.60046 ], [ 74.99872, 13.59818 ], [ 74.99513, 13.59903 ], [ 74.99227, 13.60269 ], [ 74.98843, 13.60343 ], [ 74.98682, 13.59828 ], [ 74.98379, 13.59724 ], [ 74.9818, 13.59448 ], [ 74.98233, 13.59275 ], [ 74.97909, 13.59109 ], [ 74.97918, 13.58966 ], [ 74.98094, 13.58808 ], [ 74.98296, 13.58196 ], [ 74.98292, 13.57808 ], [ 74.98054, 13.57456 ], [ 74.97764, 13.57234 ], [ 74.97864, 13.56906 ], [ 74.97778, 13.5633 ], [ 74.97897, 13.56287 ], [ 74.98183, 13.56416 ], [ 74.99177, 13.56549 ], [ 74.99353, 13.56192 ], [ 74.99515, 13.5515 ], [ 74.99672, 13.55164 ], [ 75.00258, 13.55478 ], [ 75.00324, 13.55302 ], [ 74.99948, 13.54864 ], [ 74.99948, 13.54702 ], [ 75.00262, 13.54588 ], [ 75.00705, 13.54745 ], [ 75.01005, 13.54583 ], [ 75.01081, 13.54265 ], [ 75.00696, 13.53641 ], [ 75.00862, 13.53351 ], [ 75.00848, 13.53213 ], [ 74.99963, 13.52528 ], [ 74.99867, 13.52375 ], [ 74.99801, 13.51833 ], [ 74.99739, 13.51785 ], [ 74.99382, 13.5188 ], [ 74.99177, 13.51619 ], [ 74.98916, 13.516 ], [ 74.98868, 13.51481 ], [ 74.99235, 13.51305 ], [ 74.99182, 13.51143 ], [ 74.98711, 13.51029 ], [ 74.98578, 13.50705 ], [ 74.98245, 13.50667 ], [ 74.98207, 13.50529 ], [ 74.98511, 13.50424 ], [ 74.99054, 13.50457 ], [ 74.99344, 13.50277 ], [ 74.9903, 13.50015 ], [ 74.98939, 13.49558 ], [ 74.98973, 13.49249 ], [ 74.99254, 13.48878 ], [ 74.99353, 13.48882 ], [ 74.99881, 13.49325 ], [ 75.0064, 13.49291 ], [ 75.01063, 13.49371 ], [ 75.0124, 13.49313 ], [ 75.0128, 13.49051 ], [ 75.01126, 13.48674 ], [ 75.01012, 13.48622 ], [ 75.00435, 13.48754 ], [ 75.00309, 13.48674 ], [ 75.00223, 13.4844 ], [ 75.00286, 13.48394 ], [ 75.00576, 13.48531 ], [ 75.00762, 13.48407 ], [ 75.00721, 13.48121 ], [ 75.00923, 13.47529 ], [ 75.00757, 13.47473 ], [ 75.00543, 13.47574 ], [ 75.00459, 13.47868 ], [ 75.00123, 13.47731 ], [ 74.99829, 13.47716 ], [ 74.99799, 13.47654 ], [ 74.99698, 13.47154 ], [ 74.99787, 13.46845 ], [ 75.00025, 13.46589 ], [ 74.99894, 13.45911 ], [ 74.99998, 13.45884 ], [ 75.00831, 13.46542 ], [ 75.00944, 13.4689 ], [ 75.01147, 13.47034 ], [ 75.01282, 13.47312 ], [ 75.01479, 13.47455 ], [ 75.01825, 13.47459 ], [ 75.01971, 13.47266 ], [ 75.01993, 13.47012 ], [ 75.01664, 13.46909 ], [ 75.01607, 13.4668 ], [ 75.01789, 13.46345 ], [ 75.0211, 13.46338 ], [ 75.02175, 13.46049 ], [ 75.0215, 13.45935 ], [ 75.01935, 13.45752 ], [ 75.0201, 13.45114 ], [ 75.019, 13.44878 ], [ 75.0211, 13.44671 ], [ 75.02549, 13.44475 ], [ 75.02712, 13.44207 ], [ 75.02614, 13.44102 ], [ 75.02424, 13.44139 ], [ 75.02138, 13.4401 ], [ 75.0199, 13.44143 ], [ 75.01948, 13.43964 ], [ 75.01532, 13.43923 ], [ 75.01271, 13.44143 ], [ 75.01023, 13.44589 ], [ 75.00943, 13.44806 ], [ 75.0095, 13.45372 ], [ 75.00458, 13.45076 ], [ 74.99741, 13.44985 ], [ 74.99289, 13.45193 ], [ 74.99045, 13.45443 ], [ 74.9889, 13.46228 ], [ 74.98799, 13.46294 ], [ 74.97968, 13.46174 ], [ 74.97736, 13.46222 ], [ 74.97208, 13.46561 ], [ 74.96516, 13.46593 ], [ 74.95848, 13.46397 ], [ 74.95652, 13.46165 ], [ 74.95552, 13.45815 ], [ 74.95323, 13.4558 ], [ 74.94999, 13.45428 ], [ 74.94338, 13.45408 ], [ 74.93971, 13.45612 ], [ 74.93433, 13.46203 ], [ 74.9277, 13.46049 ], [ 74.92559, 13.46106 ], [ 74.91982, 13.46483 ], [ 74.91285, 13.47288 ], [ 74.90874, 13.48242 ], [ 74.9084, 13.4879 ], [ 74.91046, 13.49167 ], [ 74.91474, 13.49464 ], [ 74.92148, 13.49704 ], [ 74.92462, 13.50115 ], [ 74.92673, 13.50646 ], [ 74.93261, 13.51617 ], [ 74.93484, 13.51782 ], [ 74.94657, 13.5203 ], [ 74.95253, 13.5193 ], [ 74.9551, 13.51725 ], [ 74.95933, 13.51164 ], [ 74.96709, 13.51045 ], [ 74.97189, 13.50783 ], [ 74.97484, 13.51306 ], [ 74.97813, 13.5152 ], [ 74.9796, 13.51716 ], [ 74.98024, 13.52406 ], [ 74.98181, 13.52713 ], [ 74.98606, 13.52987 ], [ 74.99216, 13.53141 ], [ 74.99487, 13.53376 ], [ 74.99709, 13.53751 ], [ 74.98986, 13.54332 ], [ 74.98715, 13.54741 ], [ 74.98524, 13.55534 ], [ 74.97928, 13.55337 ], [ 74.97347, 13.55405 ], [ 74.97007, 13.55666 ], [ 74.96815, 13.55958 ], [ 74.96772, 13.56362 ], [ 74.96875, 13.56876 ], [ 74.96858, 13.574 ], [ 74.971, 13.57886 ], [ 74.97332, 13.58107 ], [ 74.97289, 13.58321 ], [ 74.97015, 13.58671 ], [ 74.9695, 13.59142 ], [ 74.97043, 13.59517 ], [ 74.97336, 13.60059 ], [ 74.97316, 13.60169 ], [ 74.96893, 13.60356 ], [ 74.96583, 13.59892 ], [ 74.96375, 13.59798 ], [ 74.96258, 13.59984 ], [ 74.96568, 13.60506 ], [ 74.96405, 13.60912 ], [ 74.9624, 13.61009 ], [ 74.9557, 13.60841 ], [ 74.95387, 13.6108 ], [ 74.95305, 13.61291 ], [ 74.95547, 13.61301 ], [ 74.95639, 13.61378 ], [ 74.95667, 13.6231 ], [ 74.95821, 13.62687 ], [ 74.95651, 13.63029 ], [ 74.9544, 13.63057 ], [ 74.95164, 13.62778 ], [ 74.94926, 13.62839 ], [ 74.94743, 13.62732 ], [ 74.94403, 13.62916 ], [ 74.93917, 13.62795 ], [ 74.93649, 13.62555 ], [ 74.93386, 13.62624 ], [ 74.93381, 13.62858 ], [ 74.93684, 13.63466 ], [ 74.94062, 13.63802 ], [ 74.94282, 13.6373 ], [ 74.94472, 13.63275 ], [ 74.94558, 13.63246 ], [ 74.94939, 13.63385 ], [ 74.95269, 13.63329 ], [ 74.95343, 13.63439 ], [ 74.95317, 13.63837 ], [ 74.95165, 13.64087 ], [ 74.95117, 13.64516 ], [ 74.94508, 13.64191 ], [ 74.94323, 13.64227 ], [ 74.94234, 13.64548 ], [ 74.94359, 13.65554 ], [ 74.94882, 13.65738 ], [ 74.95959, 13.65911 ], [ 74.95952, 13.65662 ], [ 74.961, 13.65288 ], [ 74.96371, 13.65169 ], [ 74.96392, 13.65085 ], [ 74.96109, 13.64392 ] ], [ [ 74.94733, 13.51143 ], [ 74.94522, 13.50979 ], [ 74.94258, 13.5099 ], [ 74.93969, 13.50893 ], [ 74.94022, 13.5064 ], [ 74.9366, 13.5039 ], [ 74.93487, 13.49861 ], [ 74.93059, 13.49284 ], [ 74.92928, 13.48909 ], [ 74.92627, 13.48706 ], [ 74.92103, 13.48702 ], [ 74.91839, 13.48554 ], [ 74.91808, 13.48406 ], [ 74.92046, 13.47843 ], [ 74.92484, 13.47838 ], [ 74.92693, 13.47681 ], [ 74.92646, 13.47469 ], [ 74.92482, 13.47274 ], [ 74.92884, 13.47048 ], [ 74.92946, 13.47602 ], [ 74.93034, 13.47714 ], [ 74.93391, 13.47797 ], [ 74.93509, 13.47452 ], [ 74.93885, 13.47405 ], [ 74.94192, 13.47191 ], [ 74.94309, 13.46452 ], [ 74.9468, 13.463 ], [ 74.94756, 13.46352 ], [ 74.94733, 13.46504 ], [ 74.94437, 13.46947 ], [ 74.94066, 13.47885 ], [ 74.94376, 13.47908 ], [ 74.94533, 13.47751 ], [ 74.95172, 13.47847 ], [ 74.95207, 13.47754 ], [ 74.95111, 13.47707 ], [ 74.95104, 13.47604 ], [ 74.955, 13.47507 ], [ 74.95678, 13.47714 ], [ 74.95753, 13.47707 ], [ 74.95839, 13.47679 ], [ 74.95907, 13.47407 ], [ 74.96, 13.47358 ], [ 74.95971, 13.47757 ], [ 74.95614, 13.479 ], [ 74.95596, 13.47968 ], [ 74.95753, 13.48139 ], [ 74.95843, 13.48418 ], [ 74.9596, 13.48535 ], [ 74.96189, 13.48596 ], [ 74.96461, 13.48281 ], [ 74.96866, 13.48055 ], [ 74.96878, 13.47561 ], [ 74.97431, 13.47555 ], [ 74.97633, 13.47466 ], [ 74.97996, 13.47109 ], [ 74.98519, 13.47377 ], [ 74.98811, 13.47234 ], [ 74.9887, 13.47359 ], [ 74.99204, 13.47597 ], [ 74.99251, 13.47739 ], [ 74.99186, 13.48144 ], [ 74.99037, 13.4815 ], [ 74.98228, 13.47793 ], [ 74.98026, 13.47817 ], [ 74.97764, 13.47977 ], [ 74.97348, 13.48031 ], [ 74.97098, 13.48483 ], [ 74.96687, 13.48465 ], [ 74.96556, 13.48376 ], [ 74.96396, 13.48441 ], [ 74.96211, 13.48769 ], [ 74.96474, 13.4938 ], [ 74.96456, 13.49708 ], [ 74.96135, 13.49848 ], [ 74.96307, 13.50187 ], [ 74.96014, 13.50251 ], [ 74.95639, 13.50055 ], [ 74.95528, 13.50069 ], [ 74.94918, 13.50715 ], [ 74.94818, 13.51125 ], [ 74.94733, 13.51143 ] ] ] ] } },
{ "type": "Feature", "properties": { "Name": "Kudremukh WLS Karnatata" }, "geometry": { "type": "Polygon", "coordinates": [ [ [ 75.02246, 13.43305 ], [ 75.02389, 13.42955 ], [ 75.02867, 13.42277 ], [ 75.0281, 13.42077 ], [ 75.02303, 13.42049 ], [ 75.02217, 13.41892 ], [ 75.02653, 13.41449 ], [ 75.03103, 13.41228 ], [ 75.03231, 13.41006 ], [ 75.03117, 13.40742 ], [ 75.02403, 13.4 ], [ 75.02332, 13.39657 ], [ 75.02517, 13.3955 ], [ 75.0291, 13.39693 ], [ 75.03181, 13.39664 ], [ 75.03338, 13.38529 ], [ 75.03245, 13.38237 ], [ 75.02874, 13.37644 ], [ 75.02631, 13.37609 ], [ 75.02403, 13.37787 ], [ 75.02282, 13.3778 ], [ 75.02153, 13.37573 ], [ 75.02275, 13.37373 ], [ 75.02717, 13.37316 ], [ 75.03031, 13.37145 ], [ 75.03238, 13.3693 ], [ 75.03381, 13.36338 ], [ 75.0321, 13.36024 ], [ 75.02874, 13.35803 ], [ 75.0266, 13.35317 ], [ 75.02553, 13.35274 ], [ 75.0206, 13.35389 ], [ 75.01796, 13.35339 ], [ 75.01632, 13.34989 ], [ 75.01753, 13.34675 ], [ 75.01675, 13.34325 ], [ 75.01868, 13.34139 ], [ 75.03231, 13.34082 ], [ 75.03488, 13.34154 ], [ 75.03874, 13.34425 ], [ 75.04202, 13.34482 ], [ 75.04452, 13.34332 ], [ 75.04587, 13.33989 ], [ 75.0458, 13.33318 ], [ 75.05572, 13.33361 ], [ 75.05822, 13.33233 ], [ 75.05858, 13.33026 ], [ 75.05651, 13.32797 ], [ 75.05594, 13.3259 ], [ 75.05665, 13.31812 ], [ 75.06008, 13.31234 ], [ 75.06757, 13.30527 ], [ 75.07022, 13.29878 ], [ 75.07386, 13.29328 ], [ 75.076, 13.29299 ], [ 75.07707, 13.29399 ], [ 75.07707, 13.29692 ], [ 75.07857, 13.30042 ], [ 75.08164, 13.30063 ], [ 75.08278, 13.29985 ], [ 75.08335, 13.29835 ], [ 75.08128, 13.29064 ], [ 75.08128, 13.28736 ], [ 75.08428, 13.28243 ], [ 75.08571, 13.27001 ], [ 75.08671, 13.26858 ], [ 75.09106, 13.26594 ], [ 75.0927, 13.26294 ], [ 75.09292, 13.26109 ], [ 75.09035, 13.25516 ], [ 75.09234, 13.25009 ], [ 75.09363, 13.24938 ], [ 75.10819, 13.24909 ], [ 75.11397, 13.25009 ], [ 75.11847, 13.24981 ], [ 75.11954, 13.24852 ], [ 75.11633, 13.2451 ], [ 75.11633, 13.24267 ], [ 75.11861, 13.24146 ], [ 75.12429, 13.24074 ], [ 75.12676, 13.24112 ], [ 75.13152, 13.24502 ], [ 75.13333, 13.24531 ], [ 75.13419, 13.24369 ], [ 75.13314, 13.23227 ], [ 75.1339, 13.22732 ], [ 75.13447, 13.22646 ], [ 75.13571, 13.22656 ], [ 75.13847, 13.22846 ], [ 75.14009, 13.22846 ], [ 75.14114, 13.22751 ], [ 75.14325, 13.22149 ], [ 75.14211, 13.22006 ], [ 75.13651, 13.22217 ], [ 75.13228, 13.22183 ], [ 75.1256, 13.21938 ], [ 75.12338, 13.21715 ], [ 75.12309, 13.21549 ], [ 75.12509, 13.2103 ], [ 75.12326, 13.20384 ], [ 75.12823, 13.20247 ], [ 75.12943, 13.19779 ], [ 75.13103, 13.19556 ], [ 75.12754, 13.1834 ], [ 75.12869, 13.1782 ], [ 75.13451, 13.16964 ], [ 75.13691, 13.16809 ], [ 75.13937, 13.16912 ], [ 75.13994, 13.17318 ], [ 75.14165, 13.17518 ], [ 75.1465, 13.1734 ], [ 75.15078, 13.17426 ], [ 75.15251, 13.17098 ], [ 75.15376, 13.16117 ], [ 75.15869, 13.162 ], [ 75.16339, 13.15688 ], [ 75.17041, 13.15742 ], [ 75.17101, 13.1548 ], [ 75.16726, 13.14665 ], [ 75.16821, 13.1441 ], [ 75.1713, 13.13992 ], [ 75.17199, 13.13723 ], [ 75.17153, 13.13581 ], [ 75.17005, 13.13495 ], [ 75.16548, 13.13626 ], [ 75.16377, 13.12833 ], [ 75.16782, 13.12484 ], [ 75.17007, 13.11635 ], [ 75.17292, 13.11483 ], [ 75.17997, 13.11321 ], [ 75.1872, 13.10246 ], [ 75.19291, 13.10027 ], [ 75.19491, 13.09846 ], [ 75.19481, 13.09665 ], [ 75.19072, 13.09037 ], [ 75.19215, 13.08761 ], [ 75.19386, 13.08685 ], [ 75.19666, 13.08819 ], [ 75.19973, 13.08726 ], [ 75.20416, 13.09125 ], [ 75.20609, 13.09033 ], [ 75.20559, 13.08476 ], [ 75.20808, 13.08314 ], [ 75.20769, 13.07822 ], [ 75.20918, 13.07376 ], [ 75.21203, 13.07257 ], [ 75.21429, 13.07406 ], [ 75.21459, 13.08126 ], [ 75.21596, 13.08376 ], [ 75.21721, 13.08352 ], [ 75.21988, 13.08001 ], [ 75.22357, 13.08096 ], [ 75.22613, 13.08072 ], [ 75.22815, 13.07709 ], [ 75.22887, 13.07703 ], [ 75.2319, 13.08173 ], [ 75.23577, 13.08316 ], [ 75.23702, 13.08132 ], [ 75.23719, 13.06984 ], [ 75.23904, 13.07007 ], [ 75.24213, 13.07204 ], [ 75.24415, 13.07174 ], [ 75.24517, 13.07085 ], [ 75.24914, 13.06009 ], [ 75.25038, 13.05905 ], [ 75.25142, 13.05895 ], [ 75.25362, 13.06219 ], [ 75.25577, 13.0626 ], [ 75.25678, 13.06046 ], [ 75.25577, 13.05386 ], [ 75.25785, 13.05148 ], [ 75.26058, 13.05065 ], [ 75.26142, 13.05118 ], [ 75.26314, 13.05689 ], [ 75.26207, 13.05915 ], [ 75.25868, 13.06177 ], [ 75.25987, 13.06367 ], [ 75.26386, 13.06272 ], [ 75.2685, 13.05832 ], [ 75.26933, 13.05868 ], [ 75.27189, 13.06355 ], [ 75.27314, 13.06451 ], [ 75.2751, 13.06415 ], [ 75.27498, 13.06213 ], [ 75.27129, 13.05511 ], [ 75.27153, 13.05082 ], [ 75.27278, 13.04904 ], [ 75.27391, 13.04928 ], [ 75.27766, 13.05981 ], [ 75.27938, 13.0604 ], [ 75.28075, 13.05975 ], [ 75.28152, 13.0588 ], [ 75.28301, 13.05011 ], [ 75.28646, 13.04541 ], [ 75.28545, 13.0438 ], [ 75.28081, 13.04749 ], [ 75.27849, 13.0472 ], [ 75.27772, 13.04404 ], [ 75.27557, 13.04107 ], [ 75.27522, 13.03863 ], [ 75.2801, 13.03464 ], [ 75.28039, 13.03268 ], [ 75.27391, 13.02887 ], [ 75.27254, 13.02727 ], [ 75.27224, 13.02554 ], [ 75.27314, 13.02382 ], [ 75.27563, 13.02322 ], [ 75.27944, 13.01912 ], [ 75.28301, 13.01864 ], [ 75.28485, 13.02043 ], [ 75.28468, 13.0353 ], [ 75.28593, 13.03673 ], [ 75.29193, 13.03655 ], [ 75.29396, 13.0356 ], [ 75.29419, 13.03381 ], [ 75.29003, 13.02834 ], [ 75.28967, 13.02673 ], [ 75.29098, 13.02334 ], [ 75.2936, 13.02203 ], [ 75.29717, 13.02209 ], [ 75.30013, 13.02484 ], [ 75.30127, 13.02998 ], [ 75.29846, 13.04915 ], [ 75.29868, 13.05046 ], [ 75.30228, 13.05366 ], [ 75.30371, 13.05617 ], [ 75.30285, 13.05812 ], [ 75.29988, 13.0592 ], [ 75.29851, 13.06131 ], [ 75.29908, 13.06405 ], [ 75.30314, 13.07148 ], [ 75.30302, 13.07553 ], [ 75.30405, 13.07816 ], [ 75.30565, 13.07822 ], [ 75.30696, 13.0749 ], [ 75.30936, 13.07268 ], [ 75.31439, 13.07479 ], [ 75.31884, 13.07508 ], [ 75.32741, 13.07085 ], [ 75.32946, 13.07079 ], [ 75.33763, 13.07359 ], [ 75.34471, 13.07371 ], [ 75.34837, 13.07662 ], [ 75.34842, 13.07976 ], [ 75.34643, 13.08307 ], [ 75.3466, 13.08427 ], [ 75.35111, 13.08747 ], [ 75.35139, 13.09084 ], [ 75.35088, 13.09426 ], [ 75.34613, 13.10376 ], [ 75.34762, 13.1069 ], [ 75.35127, 13.10947 ], [ 75.35305, 13.11554 ], [ 75.35541, 13.1184 ], [ 75.36012, 13.12175 ], [ 75.36359, 13.13162 ], [ 75.36686, 13.13471 ], [ 75.36686, 13.13709 ], [ 75.36483, 13.13971 ], [ 75.36477, 13.14185 ], [ 75.36585, 13.15125 ], [ 75.36477, 13.16142 ], [ 75.36614, 13.16404 ], [ 75.3693, 13.16404 ], [ 75.37358, 13.15505 ], [ 75.3762, 13.1547 ], [ 75.38232, 13.15791 ], [ 75.38708, 13.1569 ], [ 75.38678, 13.15499 ], [ 75.38292, 13.15238 ], [ 75.38209, 13.15095 ], [ 75.38173, 13.14756 ], [ 75.38339, 13.14571 ], [ 75.38744, 13.1475 ], [ 75.38934, 13.1472 ], [ 75.39113, 13.14548 ], [ 75.39071, 13.14131 ], [ 75.39196, 13.1378 ], [ 75.39154, 13.13072 ], [ 75.38958, 13.12948 ], [ 75.38096, 13.1334 ], [ 75.37858, 13.13287 ], [ 75.37786, 13.13197 ], [ 75.37792, 13.12263 ], [ 75.37655, 13.1146 ], [ 75.37881, 13.11359 ], [ 75.38482, 13.11579 ], [ 75.38583, 13.1174 ], [ 75.3853, 13.12305 ], [ 75.38643, 13.1243 ], [ 75.39303, 13.1199 ], [ 75.39434, 13.1202 ], [ 75.3969, 13.12281 ], [ 75.39898, 13.12287 ], [ 75.39963, 13.12198 ], [ 75.3991, 13.11883 ], [ 75.39666, 13.11484 ], [ 75.38952, 13.11425 ], [ 75.38571, 13.11199 ], [ 75.38405, 13.10687 ], [ 75.38536, 13.10015 ], [ 75.38702, 13.09729 ], [ 75.39154, 13.09468 ], [ 75.3988, 13.08558 ], [ 75.4009, 13.08482 ], [ 75.40375, 13.08472 ], [ 75.40603, 13.08567 ], [ 75.41127, 13.09367 ], [ 75.41517, 13.10499 ], [ 75.4146, 13.10671 ], [ 75.40927, 13.11127 ], [ 75.40908, 13.11251 ], [ 75.41213, 13.11965 ], [ 75.41232, 13.12212 ], [ 75.40946, 13.13317 ], [ 75.41022, 13.14478 ], [ 75.40975, 13.14792 ], [ 75.40623, 13.15639 ], [ 75.40432, 13.15858 ], [ 75.39785, 13.16438 ], [ 75.39252, 13.16657 ], [ 75.38462, 13.17638 ], [ 75.379, 13.18009 ], [ 75.37615, 13.18104 ], [ 75.36996, 13.18104 ], [ 75.36511, 13.17885 ], [ 75.36301, 13.17952 ], [ 75.36016, 13.1818 ], [ 75.35683, 13.18266 ], [ 75.35359, 13.18228 ], [ 75.34883, 13.1799 ], [ 75.34455, 13.17952 ], [ 75.34303, 13.17723 ], [ 75.34141, 13.17 ], [ 75.34131, 13.16553 ], [ 75.33674, 13.15572 ], [ 75.33484, 13.15487 ], [ 75.33294, 13.15515 ], [ 75.33246, 13.15629 ], [ 75.33199, 13.16296 ], [ 75.33379, 13.16819 ], [ 75.33322, 13.16971 ], [ 75.33075, 13.17029 ], [ 75.32923, 13.16924 ], [ 75.32742, 13.16229 ], [ 75.3258, 13.15924 ], [ 75.32294, 13.15715 ], [ 75.31419, 13.1542 ], [ 75.30524, 13.15315 ], [ 75.30343, 13.15449 ], [ 75.3021, 13.16362 ], [ 75.29477, 13.17343 ], [ 75.29334, 13.17466 ], [ 75.28592, 13.17638 ], [ 75.28582, 13.18123 ], [ 75.28668, 13.18313 ], [ 75.28782, 13.18371 ], [ 75.29325, 13.18209 ], [ 75.29534, 13.18247 ], [ 75.2981, 13.1838 ], [ 75.30429, 13.18913 ], [ 75.30467, 13.1918 ], [ 75.30096, 13.19598 ], [ 75.30067, 13.19751 ], [ 75.30286, 13.20074 ], [ 75.30629, 13.20141 ], [ 75.30981, 13.19941 ], [ 75.31209, 13.19979 ], [ 75.31285, 13.20065 ], [ 75.31209, 13.20227 ], [ 75.30553, 13.20807 ], [ 75.30419, 13.21074 ], [ 75.30315, 13.21635 ], [ 75.29049, 13.23168 ], [ 75.28574, 13.23938 ], [ 75.28174, 13.24038 ], [ 75.27505, 13.25584 ], [ 75.27516, 13.26012 ], [ 75.27629, 13.26119 ], [ 75.27921, 13.26125 ], [ 75.28325, 13.25917 ], [ 75.28867, 13.25804 ], [ 75.28938, 13.24715 ], [ 75.29045, 13.24376 ], [ 75.2914, 13.24257 ], [ 75.29355, 13.24204 ], [ 75.29711, 13.2443 ], [ 75.29932, 13.24412 ], [ 75.30092, 13.24055 ], [ 75.30324, 13.23894 ], [ 75.30431, 13.23912 ], [ 75.3133, 13.2487 ], [ 75.31413, 13.25185 ], [ 75.31353, 13.25399 ], [ 75.31252, 13.25441 ], [ 75.30639, 13.25292 ], [ 75.30467, 13.25316 ], [ 75.29938, 13.25655 ], [ 75.29795, 13.25869 ], [ 75.29518, 13.2686 ], [ 75.29318, 13.26996 ], [ 75.28569, 13.27217 ], [ 75.28469, 13.27353 ], [ 75.27755, 13.28959 ], [ 75.2774, 13.29188 ], [ 75.27848, 13.29352 ], [ 75.28362, 13.29766 ], [ 75.28483, 13.29787 ], [ 75.29461, 13.28795 ], [ 75.29939, 13.28581 ], [ 75.30303, 13.28581 ], [ 75.30924, 13.28681 ], [ 75.31253, 13.28888 ], [ 75.31866, 13.29495 ], [ 75.32031, 13.29487 ], [ 75.32966, 13.28931 ], [ 75.33323, 13.28873 ], [ 75.33473, 13.28902 ], [ 75.34058, 13.29473 ], [ 75.34522, 13.29359 ], [ 75.34765, 13.2938 ], [ 75.34965, 13.2958 ], [ 75.3495, 13.2968 ], [ 75.34886, 13.2978 ], [ 75.34693, 13.2983 ], [ 75.33437, 13.29951 ], [ 75.32809, 13.30166 ], [ 75.32616, 13.30437 ], [ 75.32059, 13.31792 ], [ 75.31979, 13.31843 ], [ 75.3158, 13.31586 ], [ 75.3138, 13.31569 ], [ 75.30934, 13.32266 ], [ 75.28987, 13.32288 ], [ 75.28764, 13.32351 ], [ 75.2821, 13.33357 ], [ 75.28216, 13.33506 ], [ 75.28603, 13.34243 ], [ 75.28656, 13.34529 ], [ 75.28615, 13.34642 ], [ 75.27818, 13.35302 ], [ 75.27586, 13.35243 ], [ 75.26717, 13.34094 ], [ 75.26126, 13.32927 ], [ 75.25688, 13.32632 ], [ 75.25555, 13.32632 ], [ 75.25145, 13.3346 ], [ 75.25031, 13.33898 ], [ 75.23489, 13.34269 ], [ 75.22975, 13.3543 ], [ 75.22433, 13.35963 ], [ 75.2175, 13.36285 ], [ 75.21493, 13.36492 ], [ 75.21043, 13.36356 ], [ 75.20893, 13.36235 ], [ 75.20886, 13.36042 ], [ 75.21857, 13.35535 ], [ 75.22078, 13.35364 ], [ 75.22107, 13.35178 ], [ 75.21, 13.35 ], [ 75.20337, 13.35014 ], [ 75.19716, 13.35935 ], [ 75.19394, 13.36577 ], [ 75.19094, 13.37548 ], [ 75.19002, 13.37634 ], [ 75.18523, 13.37734 ], [ 75.17577, 13.37709 ], [ 75.17158, 13.3788 ], [ 75.17053, 13.3809 ], [ 75.17234, 13.38965 ], [ 75.17063, 13.40317 ], [ 75.17072, 13.42411 ], [ 75.16911, 13.42839 ], [ 75.16473, 13.43363 ], [ 75.16359, 13.43905 ], [ 75.16473, 13.44276 ], [ 75.16558, 13.44343 ], [ 75.1711, 13.44343 ], [ 75.17101, 13.44543 ], [ 75.16749, 13.44886 ], [ 75.16892, 13.45152 ], [ 75.17596, 13.45457 ], [ 75.17815, 13.45466 ], [ 75.18424, 13.45266 ], [ 75.18671, 13.45352 ], [ 75.18709, 13.45733 ], [ 75.189, 13.46313 ], [ 75.18843, 13.46408 ], [ 75.1869, 13.46408 ], [ 75.18243, 13.46113 ], [ 75.1772, 13.45923 ], [ 75.17406, 13.45999 ], [ 75.16968, 13.46941 ], [ 75.16863, 13.4757 ], [ 75.15658, 13.48828 ], [ 75.16143, 13.49273 ], [ 75.16303, 13.49331 ], [ 75.16521, 13.4926 ], [ 75.17381, 13.48335 ], [ 75.17496, 13.48353 ], [ 75.17606, 13.48546 ], [ 75.17728, 13.48585 ], [ 75.17721, 13.47993 ], [ 75.17863, 13.479 ], [ 75.18398, 13.47165 ], [ 75.18602, 13.47093 ], [ 75.18978, 13.47155 ], [ 75.19478, 13.47098 ], [ 75.19949, 13.46794 ], [ 75.20173, 13.46518 ], [ 75.20149, 13.46337 ], [ 75.19768, 13.45685 ], [ 75.19721, 13.45028 ], [ 75.19616, 13.44704 ], [ 75.19311, 13.44352 ], [ 75.18536, 13.44138 ], [ 75.17791, 13.43276 ], [ 75.18062, 13.43056 ], [ 75.18149, 13.41285 ], [ 75.18278, 13.40293 ], [ 75.18624, 13.39839 ], [ 75.18574, 13.39143 ], [ 75.18449, 13.38719 ], [ 75.19536, 13.38571 ], [ 75.19924, 13.37977 ], [ 75.20153, 13.3744 ], [ 75.20804, 13.376 ], [ 75.21158, 13.37332 ], [ 75.22155, 13.37112 ], [ 75.2292, 13.36674 ], [ 75.23444, 13.36579 ], [ 75.23866, 13.36382 ], [ 75.23967, 13.36097 ], [ 75.23961, 13.35674 ], [ 75.24062, 13.35448 ], [ 75.2455, 13.35312 ], [ 75.25204, 13.35252 ], [ 75.25609, 13.35044 ], [ 75.25764, 13.34467 ], [ 75.25936, 13.3436 ], [ 75.27333, 13.36027 ], [ 75.27548, 13.36041 ], [ 75.27926, 13.3577 ], [ 75.28054, 13.35763 ], [ 75.28297, 13.36191 ], [ 75.28747, 13.36206 ], [ 75.29023, 13.35445 ], [ 75.29707, 13.3479 ], [ 75.30007, 13.34762 ], [ 75.30032, 13.34687 ], [ 75.29547, 13.33995 ], [ 75.29432, 13.33538 ], [ 75.29532, 13.33131 ], [ 75.30546, 13.33195 ], [ 75.31353, 13.33031 ], [ 75.31959, 13.32696 ], [ 75.32495, 13.32603 ], [ 75.32745, 13.32453 ], [ 75.32887, 13.32203 ], [ 75.33423, 13.30883 ], [ 75.33865, 13.3119 ], [ 75.3408, 13.31511 ], [ 75.34422, 13.3114 ], [ 75.34651, 13.30733 ], [ 75.34872, 13.30797 ], [ 75.352, 13.31311 ], [ 75.35322, 13.3129 ], [ 75.35579, 13.3094 ], [ 75.35648, 13.30576 ], [ 75.36009, 13.30014 ], [ 75.36009, 13.29162 ], [ 75.36081, 13.28966 ], [ 75.36313, 13.28805 ], [ 75.36325, 13.2868 ], [ 75.36212, 13.28508 ], [ 75.35825, 13.28692 ], [ 75.35635, 13.28669 ], [ 75.35373, 13.28419 ], [ 75.35385, 13.27961 ], [ 75.35307, 13.27871 ], [ 75.35057, 13.27782 ], [ 75.34385, 13.2774 ], [ 75.34284, 13.2793 ], [ 75.34106, 13.27996 ], [ 75.33999, 13.27948 ], [ 75.33903, 13.27674 ], [ 75.33683, 13.27793 ], [ 75.32981, 13.27859 ], [ 75.32553, 13.28049 ], [ 75.31982, 13.28067 ], [ 75.31387, 13.27633 ], [ 75.31042, 13.27038 ], [ 75.31661, 13.26276 ], [ 75.32268, 13.25967 ], [ 75.32506, 13.25467 ], [ 75.32404, 13.24504 ], [ 75.32244, 13.24224 ], [ 75.31114, 13.23088 ], [ 75.3062, 13.22791 ], [ 75.30602, 13.22707 ], [ 75.31238, 13.21839 ], [ 75.31429, 13.2122 ], [ 75.31904, 13.20808 ], [ 75.32376, 13.20248 ], [ 75.32422, 13.20027 ], [ 75.32419, 13.19743 ], [ 75.32253, 13.19291 ], [ 75.31452, 13.1878 ], [ 75.30852, 13.17881 ], [ 75.30595, 13.1766 ], [ 75.30602, 13.17417 ], [ 75.31102, 13.16834 ], [ 75.31335, 13.16268 ], [ 75.31459, 13.16244 ], [ 75.31816, 13.16544 ], [ 75.3193, 13.16943 ], [ 75.32216, 13.17467 ], [ 75.32425, 13.17686 ], [ 75.32901, 13.17905 ], [ 75.33561, 13.18556 ], [ 75.34104, 13.18913 ], [ 75.35203, 13.19241 ], [ 75.35553, 13.19255 ], [ 75.35867, 13.19142 ], [ 75.36118, 13.19268 ], [ 75.36375, 13.19074 ], [ 75.37198, 13.19074 ], [ 75.3806, 13.18925 ], [ 75.38699, 13.18621 ], [ 75.39223, 13.18231 ], [ 75.39889, 13.17479 ], [ 75.40651, 13.16993 ], [ 75.4133, 13.16207 ], [ 75.41965, 13.15079 ], [ 75.42001, 13.14529 ], [ 75.41844, 13.13551 ], [ 75.42008, 13.13087 ], [ 75.42237, 13.13137 ], [ 75.42722, 13.13851 ], [ 75.42879, 13.13923 ], [ 75.43015, 13.1363 ], [ 75.43527, 13.13648 ], [ 75.44324, 13.13446 ], [ 75.44978, 13.12886 ], [ 75.4524, 13.12815 ], [ 75.45716, 13.12898 ], [ 75.46584, 13.12863 ], [ 75.47025, 13.12613 ], [ 75.47132, 13.12434 ], [ 75.47584, 13.12232 ], [ 75.49618, 13.12089 ], [ 75.49868, 13.11828 ], [ 75.49844, 13.11483 ], [ 75.49142, 13.11221 ], [ 75.48857, 13.1103 ], [ 75.47857, 13.08958 ], [ 75.46757, 13.07902 ], [ 75.464, 13.07694 ], [ 75.45076, 13.07471 ], [ 75.44288, 13.0698 ], [ 75.4405, 13.0698 ], [ 75.43415, 13.07352 ], [ 75.43001, 13.07409 ], [ 75.42701, 13.07337 ], [ 75.41545, 13.06566 ], [ 75.41031, 13.05767 ], [ 75.40331, 13.05796 ], [ 75.39989, 13.05539 ], [ 75.39746, 13.05153 ], [ 75.39503, 13.04025 ], [ 75.39303, 13.03711 ], [ 75.39203, 13.03683 ], [ 75.39032, 13.03711 ], [ 75.38775, 13.03968 ], [ 75.38632, 13.04254 ], [ 75.38618, 13.0471 ], [ 75.38841, 13.06841 ], [ 75.39018, 13.07149 ], [ 75.39149, 13.07886 ], [ 75.38915, 13.0804 ], [ 75.38372, 13.07914 ], [ 75.38184, 13.07954 ], [ 75.38093, 13.08251 ], [ 75.37841, 13.0816 ], [ 75.37662, 13.08228 ], [ 75.37334, 13.08656 ], [ 75.37114, 13.09697 ], [ 75.36859, 13.09976 ], [ 75.36389, 13.09971 ], [ 75.3624, 13.08918 ], [ 75.35788, 13.07549 ], [ 75.35562, 13.07014 ], [ 75.34896, 13.06407 ], [ 75.33087, 13.05884 ], [ 75.31541, 13.05957 ], [ 75.31352, 13.06088 ], [ 75.31153, 13.0642 ], [ 75.31135, 13.06254 ], [ 75.31352, 13.05723 ], [ 75.30976, 13.0425 ], [ 75.31106, 13.02905 ], [ 75.30809, 13.02013 ], [ 75.30238, 13.01263 ], [ 75.29822, 13.00086 ], [ 75.29584, 13.00002 ], [ 75.29453, 13.00157 ], [ 75.29048, 13.00169 ], [ 75.28977, 13.00395 ], [ 75.29286, 13.00835 ], [ 75.29167, 13.00918 ], [ 75.28703, 13.01002 ], [ 75.28168, 13.00906 ], [ 75.27918, 13.00954 ], [ 75.26859, 13.01525 ], [ 75.26443, 13.01941 ], [ 75.26324, 13.02215 ], [ 75.26336, 13.02977 ], [ 75.26145, 13.03678 ], [ 75.25955, 13.04024 ], [ 75.25824, 13.04166 ], [ 75.25027, 13.0444 ], [ 75.2438, 13.0506 ], [ 75.23623, 13.05145 ], [ 75.22952, 13.06573 ], [ 75.22624, 13.0683 ], [ 75.22424, 13.06916 ], [ 75.21796, 13.06502 ], [ 75.21582, 13.06445 ], [ 75.20754, 13.06459 ], [ 75.20483, 13.06544 ], [ 75.19906, 13.07244 ], [ 75.19299, 13.07387 ], [ 75.18664, 13.07651 ], [ 75.18614, 13.07722 ], [ 75.18707, 13.08051 ], [ 75.18464, 13.08165 ], [ 75.18243, 13.08772 ], [ 75.17871, 13.09064 ], [ 75.17808, 13.09493 ], [ 75.17701, 13.09696 ], [ 75.17118, 13.10493 ], [ 75.16666, 13.10707 ], [ 75.16369, 13.10981 ], [ 75.15476, 13.12599 ], [ 75.15429, 13.13122 ], [ 75.15536, 13.13824 ], [ 75.15821, 13.14383 ], [ 75.15869, 13.14776 ], [ 75.15548, 13.1499 ], [ 75.15084, 13.15073 ], [ 75.14441, 13.15692 ], [ 75.14251, 13.15787 ], [ 75.13525, 13.15835 ], [ 75.13075, 13.15974 ], [ 75.12532, 13.16538 ], [ 75.12168, 13.16631 ], [ 75.11419, 13.16509 ], [ 75.1119, 13.16545 ], [ 75.10912, 13.16788 ], [ 75.10955, 13.17345 ], [ 75.11083, 13.17437 ], [ 75.11476, 13.17416 ], [ 75.11597, 13.17502 ], [ 75.12034, 13.18604 ], [ 75.1196, 13.18924 ], [ 75.12074, 13.19323 ], [ 75.11623, 13.197 ], [ 75.1136, 13.20054 ], [ 75.11115, 13.20094 ], [ 75.11058, 13.20277 ], [ 75.11509, 13.20865 ], [ 75.11492, 13.21551 ], [ 75.11617, 13.22139 ], [ 75.1184, 13.22481 ], [ 75.12205, 13.22596 ], [ 75.12405, 13.2275 ], [ 75.12411, 13.2299 ], [ 75.1139, 13.23262 ], [ 75.11005, 13.23455 ], [ 75.10441, 13.23384 ], [ 75.10062, 13.23562 ], [ 75.09242, 13.23534 ], [ 75.08792, 13.23641 ], [ 75.08649, 13.23769 ], [ 75.08292, 13.24255 ], [ 75.08253, 13.24914 ], [ 75.08104, 13.25485 ], [ 75.08205, 13.25973 ], [ 75.07797, 13.26397 ], [ 75.06581, 13.28665 ], [ 75.06438, 13.28796 ], [ 75.05962, 13.28974 ], [ 75.05831, 13.29141 ], [ 75.0582, 13.29938 ], [ 75.05081, 13.30934 ], [ 75.04628, 13.31989 ], [ 75.03912, 13.32544 ], [ 75.03448, 13.33036 ], [ 75.03198, 13.33008 ], [ 75.02984, 13.32872 ], [ 75.01699, 13.32887 ], [ 75.01356, 13.33108 ], [ 75.01249, 13.33415 ], [ 75.00971, 13.33722 ], [ 75.00799, 13.34114 ], [ 75.00657, 13.34586 ], [ 75.00649, 13.35121 ], [ 75.00714, 13.35285 ], [ 75.01285, 13.36042 ], [ 75.01735, 13.36106 ], [ 75.01763, 13.36256 ], [ 75.01299, 13.37405 ], [ 75.0142, 13.37905 ], [ 75.01699, 13.38198 ], [ 75.01685, 13.3849 ], [ 75.0147, 13.38747 ], [ 75.01563, 13.39047 ], [ 75.01428, 13.39283 ], [ 75.01392, 13.39704 ], [ 75.01456, 13.39996 ], [ 75.01827, 13.40603 ], [ 75.01827, 13.40739 ], [ 75.01352, 13.41488 ], [ 75.01455, 13.42185 ], [ 75.01318, 13.42448 ], [ 75.01409, 13.42678 ], [ 75.01019, 13.43544 ], [ 75.00923, 13.4402 ], [ 75.00933, 13.44315 ], [ 75.01019, 13.44467 ], [ 75.0118, 13.44496 ], [ 75.02246, 13.43305 ] ] ] } },
{ "type": "Feature", "properties": { "Name": "Pushpagiri WLS Karnataka" }, "geometry": { "type": "Polygon", "coordinates": [ [ [ 75.67589, 12.70945 ], [ 75.68062, 12.70847 ], [ 75.69287, 12.7099 ], [ 75.69531, 12.71103 ], [ 75.69882, 12.71502 ], [ 75.69935, 12.72459 ], [ 75.70031, 12.72555 ], [ 75.70631, 12.72632 ], [ 75.71363, 12.71787 ], [ 75.72666, 12.70687 ], [ 75.7293, 12.70049 ], [ 75.73002, 12.69598 ], [ 75.7242, 12.69404 ], [ 75.72229, 12.69499 ], [ 75.71931, 12.6991 ], [ 75.7189, 12.70231 ], [ 75.71643, 12.70279 ], [ 75.71515, 12.70508 ], [ 75.71241, 12.70353 ], [ 75.70792, 12.70475 ], [ 75.70334, 12.70195 ], [ 75.70251, 12.70017 ], [ 75.70949, 12.6866 ], [ 75.71106, 12.68153 ], [ 75.71149, 12.67397 ], [ 75.71456, 12.67018 ], [ 75.71656, 12.6659 ], [ 75.71684, 12.65741 ], [ 75.71799, 12.65255 ], [ 75.71777, 12.64734 ], [ 75.71592, 12.64297 ], [ 75.71328, 12.63091 ], [ 75.70869, 12.61826 ], [ 75.70898, 12.6115 ], [ 75.7124, 12.60417 ], [ 75.71363, 12.59602 ], [ 75.71177, 12.59002 ], [ 75.70785, 12.58238 ], [ 75.71206, 12.57532 ], [ 75.71257, 12.57255 ], [ 75.71197, 12.56743 ], [ 75.71578, 12.55696 ], [ 75.71352, 12.54887 ], [ 75.71411, 12.54697 ], [ 75.72066, 12.54078 ], [ 75.72173, 12.53793 ], [ 75.72173, 12.53531 ], [ 75.71514, 12.51722 ], [ 75.70666, 12.50813 ], [ 75.70535, 12.49754 ], [ 75.70226, 12.49362 ], [ 75.69439, 12.49041 ], [ 75.68211, 12.48227 ], [ 75.67354, 12.47942 ], [ 75.66712, 12.47856 ], [ 75.66341, 12.4797 ], [ 75.65712, 12.48394 ], [ 75.6537, 12.48337 ], [ 75.64989, 12.48432 ], [ 75.64551, 12.48203 ], [ 75.64542, 12.48013 ], [ 75.64751, 12.47575 ], [ 75.66455, 12.46277 ], [ 75.65039, 12.44148 ], [ 75.64534, 12.44921 ], [ 75.64341, 12.44789 ], [ 75.64134, 12.44828 ], [ 75.63219, 12.4546 ], [ 75.63112, 12.45881 ], [ 75.62255, 12.45953 ], [ 75.61292, 12.46831 ], [ 75.60885, 12.47095 ], [ 75.59332, 12.47327 ], [ 75.58946, 12.47708 ], [ 75.58904, 12.48148 ], [ 75.58601, 12.48433 ], [ 75.58552, 12.48895 ], [ 75.58415, 12.49038 ], [ 75.56604, 12.49992 ], [ 75.5659, 12.50352 ], [ 75.56276, 12.50474 ], [ 75.56229, 12.5062 ], [ 75.56331, 12.50918 ], [ 75.56678, 12.51089 ], [ 75.56878, 12.50998 ], [ 75.5713, 12.51041 ], [ 75.57677, 12.51503 ], [ 75.5785, 12.51773 ], [ 75.58197, 12.51873 ], [ 75.5815, 12.52111 ], [ 75.58321, 12.52377 ], [ 75.58402, 12.5301 ], [ 75.59216, 12.53886 ], [ 75.59363, 12.53829 ], [ 75.59421, 12.53715 ], [ 75.5973, 12.52687 ], [ 75.60144, 12.52487 ], [ 75.60429, 12.52173 ], [ 75.60663, 12.52044 ], [ 75.60667, 12.51268 ], [ 75.60734, 12.5113 ], [ 75.61591, 12.50958 ], [ 75.62485, 12.51558 ], [ 75.62428, 12.52462 ], [ 75.62524, 12.52966 ], [ 75.62685, 12.533 ], [ 75.63028, 12.53556 ], [ 75.63121, 12.53744 ], [ 75.62883, 12.54268 ], [ 75.62985, 12.54387 ], [ 75.63407, 12.5431 ], [ 75.63508, 12.54327 ], [ 75.63534, 12.54421 ], [ 75.62997, 12.54912 ], [ 75.6259, 12.55597 ], [ 75.62747, 12.56004 ], [ 75.62633, 12.56361 ], [ 75.62462, 12.56597 ], [ 75.61962, 12.56868 ], [ 75.61876, 12.57096 ], [ 75.62105, 12.57642 ], [ 75.62398, 12.57767 ], [ 75.62101, 12.57942 ], [ 75.6203, 12.58074 ], [ 75.61983, 12.58288 ], [ 75.62066, 12.58649 ], [ 75.62701, 12.58588 ], [ 75.62787, 12.58863 ], [ 75.62651, 12.58992 ], [ 75.62362, 12.5907 ], [ 75.62017, 12.59611 ], [ 75.61487, 12.59826 ], [ 75.61434, 12.59974 ], [ 75.61499, 12.60301 ], [ 75.61612, 12.60462 ], [ 75.62005, 12.60813 ], [ 75.62088, 12.60992 ], [ 75.62255, 12.61051 ], [ 75.62635, 12.60986 ], [ 75.62957, 12.6073 ], [ 75.63242, 12.60409 ], [ 75.63349, 12.59832 ], [ 75.63569, 12.59826 ], [ 75.63724, 12.60349 ], [ 75.63653, 12.61176 ], [ 75.63421, 12.61676 ], [ 75.63058, 12.61699 ], [ 75.62915, 12.61848 ], [ 75.6298, 12.61967 ], [ 75.6332, 12.6205 ], [ 75.6329, 12.62205 ], [ 75.63171, 12.62229 ], [ 75.62493, 12.61997 ], [ 75.62487, 12.6158 ], [ 75.62308, 12.61461 ], [ 75.61999, 12.61503 ], [ 75.61773, 12.61801 ], [ 75.61803, 12.62027 ], [ 75.61886, 12.62098 ], [ 75.62701, 12.6255 ], [ 75.62771, 12.62854 ], [ 75.63028, 12.63185 ], [ 75.63011, 12.63271 ], [ 75.62685, 12.63374 ], [ 75.6268, 12.63453 ], [ 75.62954, 12.63648 ], [ 75.62982, 12.63922 ], [ 75.62885, 12.64076 ], [ 75.62514, 12.64104 ], [ 75.624, 12.63979 ], [ 75.62143, 12.63231 ], [ 75.61817, 12.62745 ], [ 75.61275, 12.62574 ], [ 75.61075, 12.62671 ], [ 75.60875, 12.62563 ], [ 75.60847, 12.6274 ], [ 75.60607, 12.63002 ], [ 75.60612, 12.63117 ], [ 75.60801, 12.63305 ], [ 75.61064, 12.63316 ], [ 75.61172, 12.63396 ], [ 75.61166, 12.63562 ], [ 75.60824, 12.63431 ], [ 75.60692, 12.63682 ], [ 75.6043, 12.63305 ], [ 75.60059, 12.63487 ], [ 75.5999, 12.63447 ], [ 75.5999, 12.63213 ], [ 75.59379, 12.63145 ], [ 75.58951, 12.63596 ], [ 75.58842, 12.6391 ], [ 75.59168, 12.64224 ], [ 75.59973, 12.63847 ], [ 75.60213, 12.63864 ], [ 75.60236, 12.64104 ], [ 75.59653, 12.64133 ], [ 75.59607, 12.64253 ], [ 75.59756, 12.64367 ], [ 75.6043, 12.64412 ], [ 75.60595, 12.64578 ], [ 75.60567, 12.64824 ], [ 75.59659, 12.64652 ], [ 75.59436, 12.6435 ], [ 75.59019, 12.64492 ], [ 75.58889, 12.64782 ], [ 75.591, 12.64879 ], [ 75.59124, 12.65108 ], [ 75.59317, 12.65436 ], [ 75.5956, 12.65574 ], [ 75.60095, 12.65293 ], [ 75.60264, 12.65093 ], [ 75.60419, 12.65091 ], [ 75.60347, 12.65381 ], [ 75.60417, 12.65565 ], [ 75.60724, 12.6565 ], [ 75.61241, 12.66107 ], [ 75.61699, 12.65824 ], [ 75.62056, 12.65211 ], [ 75.62074, 12.64819 ], [ 75.62169, 12.64747 ], [ 75.6224, 12.64801 ], [ 75.62301, 12.64877 ], [ 75.62265, 12.65282 ], [ 75.62366, 12.65567 ], [ 75.62194, 12.65823 ], [ 75.6186, 12.66067 ], [ 75.61979, 12.66572 ], [ 75.61419, 12.67882 ], [ 75.61448, 12.68081 ], [ 75.6171, 12.68316 ], [ 75.61813, 12.68738 ], [ 75.61905, 12.68801 ], [ 75.62578, 12.68784 ], [ 75.62927, 12.68875 ], [ 75.63298, 12.69121 ], [ 75.63322, 12.6935 ], [ 75.63075, 12.69826 ], [ 75.63013, 12.70169 ], [ 75.62827, 12.70407 ], [ 75.63389, 12.70516 ], [ 75.63848, 12.7106 ], [ 75.64825, 12.71379 ], [ 75.6519, 12.71631 ], [ 75.65333, 12.71888 ], [ 75.6539, 12.72744 ], [ 75.65642, 12.73178 ], [ 75.65721, 12.73224 ], [ 75.65847, 12.73098 ], [ 75.66081, 12.7207 ], [ 75.66487, 12.71745 ], [ 75.66881, 12.71077 ], [ 75.67052, 12.70934 ], [ 75.67589, 12.70945 ] ], [ [ 75.67624, 12.69857 ], [ 75.67067, 12.69564 ], [ 75.66758, 12.69506 ], [ 75.65579, 12.6764 ], [ 75.65396, 12.67001 ], [ 75.65013, 12.66572 ], [ 75.64876, 12.66007 ], [ 75.64654, 12.65602 ], [ 75.64482, 12.64334 ], [ 75.64528, 12.63757 ], [ 75.64311, 12.6294 ], [ 75.64425, 12.62375 ], [ 75.65291, 12.61988 ], [ 75.65498, 12.61784 ], [ 75.65553, 12.60834 ], [ 75.65803, 12.6007 ], [ 75.66231, 12.59606 ], [ 75.66267, 12.59271 ], [ 75.66445, 12.58928 ], [ 75.66529, 12.58312 ], [ 75.66358, 12.57916 ], [ 75.66411, 12.57473 ], [ 75.66486, 12.57394 ], [ 75.66765, 12.5738 ], [ 75.66972, 12.57134 ], [ 75.66915, 12.56977 ], [ 75.66529, 12.56791 ], [ 75.67052, 12.56356 ], [ 75.67207, 12.55642 ], [ 75.67207, 12.54999 ], [ 75.66808, 12.54532 ], [ 75.66481, 12.54479 ], [ 75.66309, 12.54306 ], [ 75.65851, 12.54223 ], [ 75.65512, 12.53949 ], [ 75.65089, 12.53961 ], [ 75.64524, 12.53789 ], [ 75.6425, 12.53616 ], [ 75.63911, 12.52968 ], [ 75.63414, 12.52587 ], [ 75.63371, 12.5248 ], [ 75.63393, 12.52173 ], [ 75.63907, 12.51431 ], [ 75.64279, 12.50457 ], [ 75.64607, 12.50314 ], [ 75.64791, 12.50071 ], [ 75.65017, 12.50005 ], [ 75.6535, 12.49357 ], [ 75.65499, 12.49351 ], [ 75.65636, 12.49482 ], [ 75.65868, 12.49452 ], [ 75.66863, 12.48783 ], [ 75.67748, 12.49021 ], [ 75.67824, 12.4923 ], [ 75.68119, 12.49287 ], [ 75.68268, 12.49531 ], [ 75.68607, 12.49591 ], [ 75.68666, 12.49858 ], [ 75.69026, 12.49912 ], [ 75.69059, 12.50131 ], [ 75.6924, 12.50207 ], [ 75.69492, 12.50059 ], [ 75.69611, 12.50116 ], [ 75.6963, 12.50197 ], [ 75.69264, 12.50878 ], [ 75.69778, 12.51254 ], [ 75.69835, 12.5153 ], [ 75.69954, 12.5167 ], [ 75.70316, 12.51879 ], [ 75.7052, 12.52236 ], [ 75.70706, 12.52322 ], [ 75.7115, 12.53602 ], [ 75.70626, 12.54009 ], [ 75.70508, 12.54294 ], [ 75.70244, 12.54548 ], [ 75.70332, 12.55006 ], [ 75.7015, 12.55309 ], [ 75.70571, 12.55616 ], [ 75.70196, 12.56281 ], [ 75.70184, 12.56798 ], [ 75.70267, 12.57173 ], [ 75.6947, 12.58321 ], [ 75.69518, 12.58761 ], [ 75.6969, 12.58975 ], [ 75.70136, 12.59094 ], [ 75.70327, 12.59552 ], [ 75.70244, 12.60296 ], [ 75.70017, 12.60659 ], [ 75.69845, 12.61664 ], [ 75.69893, 12.62045 ], [ 75.70452, 12.6358 ], [ 75.70571, 12.64424 ], [ 75.70797, 12.6493 ], [ 75.70767, 12.65323 ], [ 75.70594, 12.65769 ], [ 75.7069, 12.66298 ], [ 75.70547, 12.66625 ], [ 75.6991, 12.67173 ], [ 75.69839, 12.67345 ], [ 75.69858, 12.67465 ], [ 75.70101, 12.67744 ], [ 75.70108, 12.68058 ], [ 75.69951, 12.6849 ], [ 75.69551, 12.69143 ], [ 75.69387, 12.6965 ], [ 75.69016, 12.69878 ], [ 75.68373, 12.69942 ], [ 75.68245, 12.69864 ], [ 75.67624, 12.69857 ] ] ] } },
{ "type": "Feature", "properties": { "Name": "Talacauvery WLS Karnataka" }, "geometry": { "type": "Polygon", "coordinates": [ [ [ 75.59167, 12.46903 ], [ 75.59286, 12.46843 ], [ 75.59536, 12.4695 ], [ 75.59626, 12.47246 ], [ 75.59963, 12.471 ], [ 75.60847, 12.47073 ], [ 75.60999, 12.47005 ], [ 75.6099, 12.46773 ], [ 75.61303, 12.46745 ], [ 75.6137, 12.46503 ], [ 75.61722, 12.46373 ], [ 75.61798, 12.46132 ], [ 75.62026, 12.46114 ], [ 75.6214, 12.45854 ], [ 75.63205, 12.45854 ], [ 75.63219, 12.4546 ], [ 75.64134, 12.44828 ], [ 75.64341, 12.44789 ], [ 75.64491, 12.44928 ], [ 75.64573, 12.44882 ], [ 75.647, 12.44354 ], [ 75.64961, 12.43948 ], [ 75.64438, 12.4273 ], [ 75.63702, 12.41732 ], [ 75.63583, 12.41418 ], [ 75.62715, 12.40907 ], [ 75.62359, 12.40803 ], [ 75.61251, 12.4089 ], [ 75.60782, 12.40839 ], [ 75.60382, 12.40725 ], [ 75.59754, 12.40353 ], [ 75.5942, 12.40287 ], [ 75.58674, 12.40312 ], [ 75.5834, 12.40118 ], [ 75.57939, 12.40404 ], [ 75.57299, 12.4044 ], [ 75.57112, 12.40315 ], [ 75.56853, 12.40309 ], [ 75.55644, 12.40732 ], [ 75.54395, 12.40326 ], [ 75.54151, 12.4037 ], [ 75.5327, 12.40983 ], [ 75.51584, 12.41732 ], [ 75.51398, 12.41668 ], [ 75.5122, 12.40954 ], [ 75.50649, 12.39847 ], [ 75.50178, 12.39305 ], [ 75.50056, 12.38491 ], [ 75.50276, 12.37016 ], [ 75.50442, 12.36694 ], [ 75.51775, 12.36195 ], [ 75.53167, 12.3535 ], [ 75.53571, 12.34969 ], [ 75.53845, 12.33922 ], [ 75.53976, 12.33768 ], [ 75.54452, 12.33542 ], [ 75.54856, 12.33161 ], [ 75.55832, 12.31674 ], [ 75.56022, 12.31127 ], [ 75.556, 12.29225 ], [ 75.556, 12.28959 ], [ 75.558, 12.28711 ], [ 75.569, 12.28619 ], [ 75.57478, 12.28105 ], [ 75.57485, 12.27755 ], [ 75.57306, 12.27334 ], [ 75.57328, 12.2707 ], [ 75.5772, 12.26556 ], [ 75.57749, 12.26391 ], [ 75.57635, 12.26156 ], [ 75.57206, 12.2582 ], [ 75.56571, 12.25592 ], [ 75.559, 12.25499 ], [ 75.53894, 12.26399 ], [ 75.53452, 12.26677 ], [ 75.53202, 12.26684 ], [ 75.52766, 12.26591 ], [ 75.51346, 12.25881 ], [ 75.51236, 12.25901 ], [ 75.51109, 12.2613 ], [ 75.50705, 12.26421 ], [ 75.5074, 12.2663 ], [ 75.50598, 12.27152 ], [ 75.496, 12.27117 ], [ 75.49421, 12.27268 ], [ 75.49374, 12.27489 ], [ 75.48958, 12.27501 ], [ 75.48494, 12.27768 ], [ 75.48304, 12.28011 ], [ 75.48102, 12.28639 ], [ 75.47389, 12.29277 ], [ 75.44905, 12.29533 ], [ 75.44882, 12.29649 ], [ 75.44085, 12.29579 ], [ 75.43729, 12.29765 ], [ 75.43515, 12.29637 ], [ 75.43301, 12.29637 ], [ 75.43123, 12.298 ], [ 75.42814, 12.29695 ], [ 75.42766, 12.29509 ], [ 75.4241, 12.29463 ], [ 75.4216, 12.29068 ], [ 75.41613, 12.29068 ], [ 75.41566, 12.29161 ], [ 75.41744, 12.29358 ], [ 75.42148, 12.29521 ], [ 75.42231, 12.29776 ], [ 75.426, 12.29893 ], [ 75.42576, 12.30194 ], [ 75.42945, 12.30299 ], [ 75.43016, 12.30636 ], [ 75.43349, 12.30729 ], [ 75.43158, 12.31112 ], [ 75.42707, 12.31077 ], [ 75.42647, 12.31286 ], [ 75.42481, 12.31356 ], [ 75.42315, 12.31715 ], [ 75.42136, 12.31878 ], [ 75.42077, 12.32435 ], [ 75.41958, 12.32691 ], [ 75.41994, 12.32923 ], [ 75.4172, 12.32946 ], [ 75.41625, 12.34014 ], [ 75.41186, 12.34571 ], [ 75.41162, 12.34769 ], [ 75.41245, 12.34873 ], [ 75.41649, 12.34908 ], [ 75.41768, 12.35024 ], [ 75.42125, 12.35721 ], [ 75.42125, 12.36301 ], [ 75.42279, 12.37207 ], [ 75.41625, 12.37868 ], [ 75.41471, 12.37938 ], [ 75.40734, 12.37752 ], [ 75.4058, 12.37787 ], [ 75.40366, 12.3817 ], [ 75.40187, 12.38147 ], [ 75.40057, 12.38008 ], [ 75.39629, 12.3846 ], [ 75.39534, 12.38832 ], [ 75.3907, 12.39041 ], [ 75.3888, 12.39215 ], [ 75.38524, 12.39087 ], [ 75.38215, 12.39192 ], [ 75.37965, 12.39168 ], [ 75.37894, 12.39656 ], [ 75.37668, 12.39888 ], [ 75.37371, 12.39934 ], [ 75.37228, 12.40758 ], [ 75.36741, 12.41118 ], [ 75.36777, 12.41513 ], [ 75.36955, 12.41849 ], [ 75.36979, 12.42174 ], [ 75.37086, 12.42395 ], [ 75.3705, 12.42917 ], [ 75.37251, 12.42964 ], [ 75.37837, 12.43564 ], [ 75.38101, 12.43635 ], [ 75.38294, 12.43614 ], [ 75.38808, 12.42993 ], [ 75.38979, 12.42993 ], [ 75.39265, 12.43278 ], [ 75.39386, 12.43278 ], [ 75.39979, 12.42907 ], [ 75.4065, 12.4275 ], [ 75.41021, 12.43121 ], [ 75.41835, 12.43307 ], [ 75.42099, 12.43542 ], [ 75.42327, 12.43628 ], [ 75.42891, 12.43642 ], [ 75.43069, 12.43728 ], [ 75.43533, 12.44042 ], [ 75.43641, 12.44199 ], [ 75.43633, 12.44363 ], [ 75.42497, 12.46419 ], [ 75.42478, 12.46581 ], [ 75.42582, 12.468 ], [ 75.42763, 12.46923 ], [ 75.4421, 12.47057 ], [ 75.45028, 12.47694 ], [ 75.45885, 12.47618 ], [ 75.4638, 12.47342 ], [ 75.47332, 12.46533 ], [ 75.47541, 12.46457 ], [ 75.48122, 12.46495 ], [ 75.49016, 12.45943 ], [ 75.49483, 12.45829 ], [ 75.50092, 12.4522 ], [ 75.5032, 12.45115 ], [ 75.51002, 12.45279 ], [ 75.51459, 12.45181 ], [ 75.51773, 12.45987 ], [ 75.51898, 12.46124 ], [ 75.52058, 12.46169 ], [ 75.52433, 12.4588 ], [ 75.52826, 12.45838 ], [ 75.52945, 12.46147 ], [ 75.52487, 12.47081 ], [ 75.52582, 12.47272 ], [ 75.52737, 12.47313 ], [ 75.52897, 12.47224 ], [ 75.53076, 12.4676 ], [ 75.53206, 12.46754 ], [ 75.53676, 12.4704 ], [ 75.54563, 12.47141 ], [ 75.54848, 12.4742 ], [ 75.55443, 12.47563 ], [ 75.56038, 12.48289 ], [ 75.56264, 12.48408 ], [ 75.56734, 12.48414 ], [ 75.57579, 12.48188 ], [ 75.58864, 12.47337 ], [ 75.59167, 12.46903 ] ], [ [ 75.58214, 12.45704 ], [ 75.5789, 12.4589 ], [ 75.56333, 12.46425 ], [ 75.56864, 12.4563 ], [ 75.57377, 12.45518 ], [ 75.58005, 12.4511 ], [ 75.58423, 12.45054 ], [ 75.58537, 12.45184 ], [ 75.58214, 12.45704 ] ], [ [ 75.55951, 12.43309 ], [ 75.56179, 12.4342 ], [ 75.56179, 12.43903 ], [ 75.56274, 12.44033 ], [ 75.56464, 12.44033 ], [ 75.56845, 12.43792 ], [ 75.56959, 12.43792 ], [ 75.57035, 12.4394 ], [ 75.56997, 12.44126 ], [ 75.55748, 12.44656 ], [ 75.5559, 12.43736 ], [ 75.55723, 12.43457 ], [ 75.55951, 12.43309 ] ], [ [ 75.46114, 12.45234 ], [ 75.45334, 12.45257 ], [ 75.4522, 12.45224 ], [ 75.44927, 12.44727 ], [ 75.44591, 12.43783 ], [ 75.44834, 12.43441 ], [ 75.44655, 12.42979 ], [ 75.45181, 12.42346 ], [ 75.45215, 12.42084 ], [ 75.44991, 12.41382 ], [ 75.4549, 12.40495 ], [ 75.45489, 12.39915 ], [ 75.45297, 12.39627 ], [ 75.4513, 12.39592 ], [ 75.44852, 12.39703 ], [ 75.4474, 12.39611 ], [ 75.44999, 12.39025 ], [ 75.45013, 12.38435 ], [ 75.44842, 12.37693 ], [ 75.44161, 12.37545 ], [ 75.43576, 12.37203 ], [ 75.43566, 12.3666 ], [ 75.43205, 12.36379 ], [ 75.43224, 12.36194 ], [ 75.435, 12.36237 ], [ 75.43796, 12.35853 ], [ 75.43716, 12.35351 ], [ 75.4383, 12.35166 ], [ 75.44391, 12.34894 ], [ 75.44534, 12.34671 ], [ 75.4492, 12.34909 ], [ 75.45215, 12.3469 ], [ 75.45619, 12.34761 ], [ 75.45862, 12.34676 ], [ 75.45957, 12.34542 ], [ 75.45962, 12.34185 ], [ 75.46262, 12.33752 ], [ 75.46105, 12.33576 ], [ 75.45372, 12.33229 ], [ 75.45167, 12.33395 ], [ 75.44939, 12.33414 ], [ 75.44563, 12.33053 ], [ 75.44504, 12.32718 ], [ 75.44637, 12.31833 ], [ 75.45484, 12.30986 ], [ 75.46193, 12.29778 ], [ 75.4708, 12.30058 ], [ 75.47246, 12.30022 ], [ 75.47567, 12.29689 ], [ 75.48198, 12.29344 ], [ 75.48668, 12.2916 ], [ 75.49417, 12.29201 ], [ 75.50482, 12.28737 ], [ 75.51347, 12.29011 ], [ 75.52295, 12.29 ], [ 75.52741, 12.29177 ], [ 75.53363, 12.28977 ], [ 75.53551, 12.29051 ], [ 75.54105, 12.29525 ], [ 75.54437, 12.29668 ], [ 75.54711, 12.29965 ], [ 75.55059, 12.30593 ], [ 75.55122, 12.30844 ], [ 75.5507, 12.31062 ], [ 75.54072, 12.3259 ], [ 75.5387, 12.3278 ], [ 75.53204, 12.32995 ], [ 75.53061, 12.33149 ], [ 75.52859, 12.34172 ], [ 75.52716, 12.3447 ], [ 75.52466, 12.34696 ], [ 75.51283, 12.35405 ], [ 75.50707, 12.35565 ], [ 75.49393, 12.36119 ], [ 75.49285, 12.36485 ], [ 75.49267, 12.3797 ], [ 75.4909, 12.38649 ], [ 75.49273, 12.39477 ], [ 75.49799, 12.40265 ], [ 75.49884, 12.40751 ], [ 75.50313, 12.41196 ], [ 75.50484, 12.41504 ], [ 75.5049, 12.41899 ], [ 75.49913, 12.42801 ], [ 75.48689, 12.43378 ], [ 75.46904, 12.45015 ], [ 75.46114, 12.45234 ] ], [ [ 75.54677, 12.45277 ], [ 75.55057, 12.45388 ], [ 75.55057, 12.45574 ], [ 75.54515, 12.4594 ], [ 75.54373, 12.45741 ], [ 75.54373, 12.45556 ], [ 75.54525, 12.45314 ], [ 75.54677, 12.45277 ] ], [ [ 75.53707, 12.45426 ], [ 75.53441, 12.45574 ], [ 75.53251, 12.45296 ], [ 75.53403, 12.45091 ], [ 75.53422, 12.4485 ], [ 75.53857, 12.44813 ], [ 75.53707, 12.45426 ] ] ] } },
{ "type": "Feature", "properties": { "Name": "NELLAI WLS" }, "geometry": { "type": "Polygon", "coordinates": [ [ [ 77.35949, 9.21707 ], [ 77.36078, 9.20763 ], [ 77.36006, 9.2021 ], [ 77.35512, 9.19403 ], [ 77.35287, 9.18282 ], [ 77.35698, 9.1803 ], [ 77.36536, 9.17933 ], [ 77.37118, 9.17701 ], [ 77.381, 9.16712 ], [ 77.38229, 9.16451 ], [ 77.38344, 9.15809 ], [ 77.38194, 9.15026 ], [ 77.3799, 9.14675 ], [ 77.37083, 9.14188 ], [ 77.36388, 9.14013 ], [ 77.35633, 9.13964 ], [ 77.35348, 9.13701 ], [ 77.34832, 9.13441 ], [ 77.34488, 9.13123 ], [ 77.33136, 9.12232 ], [ 77.32435, 9.12098 ], [ 77.32026, 9.12211 ], [ 77.31437, 9.12178 ], [ 77.3114, 9.12282 ], [ 77.31079, 9.1172 ], [ 77.30875, 9.11369 ], [ 77.30481, 9.11124 ], [ 77.30029, 9.11106 ], [ 77.30633, 9.10239 ], [ 77.31526, 9.08598 ], [ 77.31507, 9.08025 ], [ 77.31361, 9.07773 ], [ 77.31091, 9.07552 ], [ 77.30524, 9.07384 ], [ 77.30069, 9.07378 ], [ 77.2927, 9.07765 ], [ 77.2881, 9.07893 ], [ 77.28733, 9.07588 ], [ 77.2857, 9.07347 ], [ 77.27913, 9.06917 ], [ 77.27451, 9.06871 ], [ 77.26816, 9.07119 ], [ 77.26408, 9.07143 ], [ 77.26, 9.06927 ], [ 77.25244, 9.06322 ], [ 77.24618, 9.06179 ], [ 77.2356, 9.06307 ], [ 77.23073, 9.06638 ], [ 77.22852, 9.06903 ], [ 77.22772, 9.06893 ], [ 77.22213, 9.06407 ], [ 77.21926, 9.0602 ], [ 77.22347, 9.05717 ], [ 77.226, 9.05395 ], [ 77.22768, 9.04848 ], [ 77.22688, 9.04303 ], [ 77.22437, 9.03917 ], [ 77.22407, 9.02704 ], [ 77.22134, 9.01852 ], [ 77.21817, 9.01514 ], [ 77.21387, 9.01333 ], [ 77.20706, 9.01268 ], [ 77.20087, 9.01433 ], [ 77.18723, 9.01469 ], [ 77.17338, 9.01923 ], [ 77.17631, 9.02372 ], [ 77.17917, 9.02575 ], [ 77.18868, 9.02349 ], [ 77.20202, 9.0233 ], [ 77.20793, 9.02156 ], [ 77.21342, 9.02271 ], [ 77.21546, 9.02957 ], [ 77.21536, 9.04218 ], [ 77.21847, 9.04616 ], [ 77.21871, 9.04876 ], [ 77.21734, 9.05065 ], [ 77.20922, 9.05038 ], [ 77.20655, 9.05223 ], [ 77.20641, 9.05642 ], [ 77.2114, 9.06274 ], [ 77.21047, 9.07079 ], [ 77.21098, 9.07501 ], [ 77.21513, 9.07741 ], [ 77.23039, 9.07825 ], [ 77.23261, 9.07994 ], [ 77.23641, 9.07328 ], [ 77.23876, 9.07142 ], [ 77.24529, 9.07067 ], [ 77.2482, 9.07109 ], [ 77.2491, 9.07338 ], [ 77.24926, 9.07824 ], [ 77.25274, 9.08127 ], [ 77.26767, 9.08209 ], [ 77.27596, 9.07752 ], [ 77.27915, 9.07956 ], [ 77.27497, 9.08751 ], [ 77.27815, 9.08988 ], [ 77.28237, 9.09002 ], [ 77.29617, 9.08595 ], [ 77.30214, 9.08259 ], [ 77.30667, 9.08339 ], [ 77.30463, 9.08591 ], [ 77.29871, 9.09767 ], [ 77.28875, 9.11319 ], [ 77.28791, 9.11866 ], [ 77.29357, 9.12467 ], [ 77.29785, 9.1232 ], [ 77.3022, 9.11978 ], [ 77.30243, 9.12238 ], [ 77.29969, 9.12649 ], [ 77.29857, 9.13098 ], [ 77.29842, 9.13518 ], [ 77.3026, 9.14664 ], [ 77.30521, 9.1464 ], [ 77.31117, 9.13366 ], [ 77.31583, 9.13058 ], [ 77.32329, 9.13115 ], [ 77.32464, 9.1299 ], [ 77.32819, 9.13067 ], [ 77.33965, 9.13848 ], [ 77.34312, 9.14183 ], [ 77.34824, 9.14427 ], [ 77.35203, 9.14795 ], [ 77.36241, 9.14893 ], [ 77.36822, 9.15042 ], [ 77.37335, 9.15285 ], [ 77.37447, 9.15839 ], [ 77.3737, 9.16192 ], [ 77.37002, 9.16503 ], [ 77.36695, 9.16914 ], [ 77.36332, 9.17064 ], [ 77.35351, 9.17193 ], [ 77.34257, 9.17772 ], [ 77.33856, 9.18082 ], [ 77.33744, 9.18532 ], [ 77.34344, 9.19069 ], [ 77.34135, 9.19483 ], [ 77.33777, 9.19503 ], [ 77.33132, 9.19288 ], [ 77.32709, 9.19306 ], [ 77.32527, 9.19883 ], [ 77.32514, 9.20271 ], [ 77.34266, 9.20458 ], [ 77.34436, 9.21207 ], [ 77.34199, 9.21491 ], [ 77.33198, 9.22202 ], [ 77.33113, 9.22814 ], [ 77.33429, 9.23083 ], [ 77.33786, 9.23127 ], [ 77.34573, 9.22959 ], [ 77.35581, 9.23025 ], [ 77.35668, 9.23351 ], [ 77.35603, 9.2432 ], [ 77.37133, 9.24337 ], [ 77.37489, 9.24414 ], [ 77.37808, 9.24618 ], [ 77.37992, 9.24948 ], [ 77.37949, 9.2527 ], [ 77.37653, 9.25357 ], [ 77.37202, 9.25213 ], [ 77.36616, 9.25194 ], [ 77.36513, 9.25353 ], [ 77.36431, 9.25868 ], [ 77.35738, 9.26136 ], [ 77.35728, 9.26427 ], [ 77.36918, 9.26887 ], [ 77.37039, 9.27182 ], [ 77.3706, 9.27539 ], [ 77.36823, 9.2779 ], [ 77.35869, 9.28082 ], [ 77.35325, 9.29747 ], [ 77.35313, 9.30103 ], [ 77.35766, 9.30215 ], [ 77.36649, 9.30114 ], [ 77.371, 9.30259 ], [ 77.38175, 9.31265 ], [ 77.38256, 9.31753 ], [ 77.38198, 9.32528 ], [ 77.3793, 9.33749 ], [ 77.37986, 9.3401 ], [ 77.38623, 9.34484 ], [ 77.38566, 9.35227 ], [ 77.38625, 9.35391 ], [ 77.39487, 9.35937 ], [ 77.39665, 9.36493 ], [ 77.39657, 9.36719 ], [ 77.39517, 9.37006 ], [ 77.38757, 9.37337 ], [ 77.38871, 9.37827 ], [ 77.38729, 9.38178 ], [ 77.38034, 9.3848 ], [ 77.37559, 9.39047 ], [ 77.37898, 9.39641 ], [ 77.37996, 9.40047 ], [ 77.37526, 9.40213 ], [ 77.37214, 9.40222 ], [ 77.36918, 9.4063 ], [ 77.36113, 9.41088 ], [ 77.35386, 9.41146 ], [ 77.3502, 9.4128 ], [ 77.34457, 9.41784 ], [ 77.3393, 9.42024 ], [ 77.34198, 9.42421 ], [ 77.34252, 9.42702 ], [ 77.34436, 9.42778 ], [ 77.34932, 9.42543 ], [ 77.35426, 9.42132 ], [ 77.36567, 9.41867 ], [ 77.37442, 9.41357 ], [ 77.37707, 9.41089 ], [ 77.38367, 9.40861 ], [ 77.38611, 9.40699 ], [ 77.38815, 9.40415 ], [ 77.38895, 9.40076 ], [ 77.38662, 9.39151 ], [ 77.39153, 9.38966 ], [ 77.39424, 9.38745 ], [ 77.39769, 9.37882 ], [ 77.40249, 9.37526 ], [ 77.40553, 9.36807 ], [ 77.40526, 9.36233 ], [ 77.40281, 9.35515 ], [ 77.39844, 9.34941 ], [ 77.39758, 9.34259 ], [ 77.39637, 9.34013 ], [ 77.39145, 9.33499 ], [ 77.39077, 9.32718 ], [ 77.39151, 9.31665 ], [ 77.38968, 9.30844 ], [ 77.37575, 9.295 ], [ 77.36853, 9.29245 ], [ 77.36474, 9.29237 ], [ 77.36628, 9.28759 ], [ 77.37298, 9.28548 ], [ 77.37853, 9.2796 ], [ 77.37954, 9.27626 ], [ 77.37926, 9.27037 ], [ 77.37737, 9.26518 ], [ 77.37541, 9.26243 ], [ 77.38266, 9.26106 ], [ 77.38644, 9.25837 ], [ 77.38836, 9.25415 ], [ 77.38853, 9.24689 ], [ 77.38464, 9.24008 ], [ 77.37913, 9.23626 ], [ 77.3728, 9.23456 ], [ 77.36561, 9.23446 ], [ 77.3645, 9.22796 ], [ 77.35949, 9.21707 ] ] ] } },
{ "type": "Feature", "properties": { "Name": "Mathikettan Sola WLS" }, "geometry": { "type": "Polygon", "coordinates": [ [ [ 77.26281, 10.02505 ], [ 77.26151, 10.02133 ], [ 77.26018, 10.01986 ], [ 77.25853, 10.01887 ], [ 77.25623, 10.01901 ], [ 77.25199, 10.01481 ], [ 77.25008, 10.01425 ], [ 77.24755, 10.01488 ], [ 77.24994, 10.01207 ], [ 77.24962, 10.01151 ], [ 77.24801, 10.01165 ], [ 77.24744, 10.01266 ], [ 77.24609, 10.0121 ], [ 77.2447, 10.01523 ], [ 77.24117, 10.01414 ], [ 77.23931, 10.01063 ], [ 77.23796, 10.01063 ], [ 77.23684, 10.00882 ], [ 77.23454, 10.00889 ], [ 77.23416, 10.00752 ], [ 77.2314, 10.00622 ], [ 77.23072, 10.00506 ], [ 77.22943, 10.00516 ], [ 77.22917, 10.00423 ], [ 77.22583, 10.00326 ], [ 77.22251, 9.99952 ], [ 77.22939, 10.00004 ], [ 77.23001, 9.9923 ], [ 77.22467, 9.99106 ], [ 77.22551, 9.98966 ], [ 77.22702, 9.98936 ], [ 77.23066, 9.98998 ], [ 77.23087, 9.98813 ], [ 77.23204, 9.98739 ], [ 77.23333, 9.98324 ], [ 77.23228, 9.98057 ], [ 77.2302, 9.97822 ], [ 77.23855, 9.97751 ], [ 77.23888, 9.97638 ], [ 77.24193, 9.97513 ], [ 77.25103, 9.97352 ], [ 77.25725, 9.97422 ], [ 77.25704, 9.97606 ], [ 77.25906, 9.97592 ], [ 77.26068, 9.97675 ], [ 77.26322, 9.96944 ], [ 77.2658, 9.97173 ], [ 77.26767, 9.97592 ], [ 77.27152, 9.97655 ], [ 77.2701, 9.97247 ], [ 77.27147, 9.97097 ], [ 77.27282, 9.96444 ], [ 77.26817, 9.96049 ], [ 77.26404, 9.95905 ], [ 77.25667, 9.96129 ], [ 77.2546, 9.96395 ], [ 77.25152, 9.96319 ], [ 77.24469, 9.96356 ], [ 77.23308, 9.96744 ], [ 77.22907, 9.9676 ], [ 77.22531, 9.96907 ], [ 77.22223, 9.97164 ], [ 77.22046, 9.9746 ], [ 77.22012, 9.98093 ], [ 77.21575, 9.98618 ], [ 77.21493, 9.99267 ], [ 77.21323, 9.99534 ], [ 77.21257, 9.99864 ], [ 77.21385, 10.00503 ], [ 77.22073, 10.01196 ], [ 77.2321, 10.01892 ], [ 77.23656, 10.02316 ], [ 77.24187, 10.0253 ], [ 77.24863, 10.02529 ], [ 77.25071, 10.02749 ], [ 77.25419, 10.02903 ], [ 77.25975, 10.0291 ], [ 77.26271, 10.02801 ], [ 77.26281, 10.02505 ] ] ] } },
{ "type": "Feature", "properties": { "Name": "Megamalai WLS" }, "geometry": { "type": "MultiPolygon", "coordinates": [ [ [ [ 77.70464, 9.9016 ], [ 77.70221, 9.90001 ], [ 77.69508, 9.90244 ], [ 77.69164, 9.90272 ], [ 77.68672, 9.90162 ], [ 77.68449, 9.89947 ], [ 77.68326, 9.89603 ], [ 77.68153, 9.8905 ], [ 77.68163, 9.8871 ], [ 77.67904, 9.88475 ], [ 77.67182, 9.88377 ], [ 77.66479, 9.87694 ], [ 77.66341, 9.87236 ], [ 77.66268, 9.86516 ], [ 77.65895, 9.85635 ], [ 77.65786, 9.85442 ], [ 77.65524, 9.85283 ], [ 77.65315, 9.85258 ], [ 77.6553, 9.85113 ], [ 77.65594, 9.84869 ], [ 77.655, 9.84242 ], [ 77.65171, 9.83779 ], [ 77.64798, 9.83503 ], [ 77.64533, 9.83438 ], [ 77.6411, 9.83557 ], [ 77.63729, 9.83862 ], [ 77.64057, 9.83902 ], [ 77.64085, 9.84942 ], [ 77.64316, 9.85217 ], [ 77.64592, 9.85968 ], [ 77.64588, 9.86117 ], [ 77.64347, 9.86139 ], [ 77.64424, 9.86558 ], [ 77.64623, 9.86891 ], [ 77.64672, 9.87249 ], [ 77.64311, 9.87297 ], [ 77.64097, 9.87439 ], [ 77.64088, 9.87706 ], [ 77.64852, 9.88205 ], [ 77.65122, 9.88213 ], [ 77.65367, 9.88043 ], [ 77.65862, 9.88504 ], [ 77.66291, 9.89171 ], [ 77.67523, 9.9004 ], [ 77.67749, 9.90493 ], [ 77.68752, 9.90999 ], [ 77.70045, 9.90771 ], [ 77.70472, 9.90538 ], [ 77.70464, 9.9016 ] ] ], [ [ [ 77.6412, 9.91159 ], [ 77.6367, 9.90811 ], [ 77.62933, 9.90034 ], [ 77.62833, 9.89837 ], [ 77.62837, 9.89714 ], [ 77.62999, 9.89614 ], [ 77.63647, 9.89862 ], [ 77.63827, 9.89762 ], [ 77.63925, 9.89467 ], [ 77.636, 9.89088 ], [ 77.63493, 9.88558 ], [ 77.63232, 9.88392 ], [ 77.62963, 9.87944 ], [ 77.62788, 9.87869 ], [ 77.62623, 9.88039 ], [ 77.62249, 9.87571 ], [ 77.6161, 9.87042 ], [ 77.61284, 9.87278 ], [ 77.61152, 9.87537 ], [ 77.61499, 9.87759 ], [ 77.61542, 9.88059 ], [ 77.61859, 9.88701 ], [ 77.61836, 9.88858 ], [ 77.61167, 9.89312 ], [ 77.60723, 9.89333 ], [ 77.604, 9.89481 ], [ 77.59925, 9.89941 ], [ 77.59676, 9.8995 ], [ 77.59417, 9.89749 ], [ 77.59247, 9.89516 ], [ 77.59224, 9.89111 ], [ 77.59665, 9.87509 ], [ 77.59802, 9.86512 ], [ 77.59895, 9.86374 ], [ 77.60145, 9.86312 ], [ 77.60239, 9.86157 ], [ 77.603, 9.85895 ], [ 77.60134, 9.85539 ], [ 77.59975, 9.85534 ], [ 77.5991, 9.85901 ], [ 77.59744, 9.86124 ], [ 77.59475, 9.86221 ], [ 77.58397, 9.86135 ], [ 77.58043, 9.85597 ], [ 77.57865, 9.85609 ], [ 77.57809, 9.85712 ], [ 77.57738, 9.86272 ], [ 77.56961, 9.86195 ], [ 77.5779, 9.86871 ], [ 77.58315, 9.87063 ], [ 77.58301, 9.87502 ], [ 77.57614, 9.87392 ], [ 77.57902, 9.87788 ], [ 77.58196, 9.88587 ], [ 77.58205, 9.88851 ], [ 77.58075, 9.8904 ], [ 77.57738, 9.89065 ], [ 77.57015, 9.88954 ], [ 77.5638, 9.8832 ], [ 77.55782, 9.88178 ], [ 77.55666, 9.88491 ], [ 77.5461, 9.88844 ], [ 77.54338, 9.89046 ], [ 77.54196, 9.89586 ], [ 77.53992, 9.89896 ], [ 77.5383, 9.89961 ], [ 77.53575, 9.89637 ], [ 77.53267, 9.89838 ], [ 77.51985, 9.90061 ], [ 77.51847, 9.89934 ], [ 77.52059, 9.89414 ], [ 77.52034, 9.89079 ], [ 77.51387, 9.8883 ], [ 77.51305, 9.88617 ], [ 77.51364, 9.88426 ], [ 77.5121, 9.88263 ], [ 77.50693, 9.87263 ], [ 77.50699, 9.8707 ], [ 77.50562, 9.87596 ], [ 77.50888, 9.88722 ], [ 77.51212, 9.89319 ], [ 77.51615, 9.90409 ], [ 77.51804, 9.91663 ], [ 77.5221, 9.92073 ], [ 77.54149, 9.9168 ], [ 77.54827, 9.91361 ], [ 77.55628, 9.91367 ], [ 77.56299, 9.91256 ], [ 77.57052, 9.90958 ], [ 77.57618, 9.90541 ], [ 77.58332, 9.90279 ], [ 77.59655, 9.90056 ], [ 77.60244, 9.90112 ], [ 77.60396, 9.90759 ], [ 77.60965, 9.90834 ], [ 77.61658, 9.90647 ], [ 77.61918, 9.90258 ], [ 77.61979, 9.89541 ], [ 77.62193, 9.88792 ], [ 77.62326, 9.88815 ], [ 77.62459, 9.89424 ], [ 77.62437, 9.90123 ], [ 77.62234, 9.90532 ], [ 77.62201, 9.90947 ], [ 77.62253, 9.91119 ], [ 77.62803, 9.91231 ], [ 77.6297, 9.91368 ], [ 77.62886, 9.91611 ], [ 77.62481, 9.91769 ], [ 77.61182, 9.91843 ], [ 77.60849, 9.92116 ], [ 77.6066, 9.92658 ], [ 77.60524, 9.9394 ], [ 77.60352, 9.94559 ], [ 77.60581, 9.94566 ], [ 77.60844, 9.94688 ], [ 77.61058, 9.95186 ], [ 77.61206, 9.95323 ], [ 77.6168, 9.95413 ], [ 77.62158, 9.95371 ], [ 77.62452, 9.95134 ], [ 77.62673, 9.94672 ], [ 77.6245, 9.94709 ], [ 77.62039, 9.94819 ], [ 77.61777, 9.94706 ], [ 77.61233, 9.93951 ], [ 77.60799, 9.93692 ], [ 77.61068, 9.93015 ], [ 77.61351, 9.93041 ], [ 77.61144, 9.92859 ], [ 77.61078, 9.92681 ], [ 77.61139, 9.92455 ], [ 77.61302, 9.92337 ], [ 77.6169, 9.92384 ], [ 77.61931, 9.9262 ], [ 77.62593, 9.92974 ], [ 77.63232, 9.92361 ], [ 77.63657, 9.91812 ], [ 77.64277, 9.91814 ], [ 77.64215, 9.91531 ], [ 77.64508, 9.91206 ], [ 77.6412, 9.91159 ] ] ], [ [ [ 77.56209, 9.7969 ], [ 77.56877, 9.79711 ], [ 77.57598, 9.79866 ], [ 77.58331, 9.80249 ], [ 77.58864, 9.80929 ], [ 77.59351, 9.81247 ], [ 77.59855, 9.8223 ], [ 77.59797, 9.82854 ], [ 77.59557, 9.83206 ], [ 77.60105, 9.84001 ], [ 77.60257, 9.8465 ], [ 77.60771, 9.84723 ], [ 77.60897, 9.84973 ], [ 77.61048, 9.85034 ], [ 77.60926, 9.84652 ], [ 77.61, 9.84123 ], [ 77.60794, 9.83965 ], [ 77.60944, 9.83477 ], [ 77.60951, 9.83231 ], [ 77.60841, 9.83094 ], [ 77.60982, 9.82871 ], [ 77.60989, 9.82625 ], [ 77.59798, 9.80996 ], [ 77.59758, 9.80464 ], [ 77.59858, 9.80315 ], [ 77.60146, 9.80286 ], [ 77.60367, 9.8054 ], [ 77.61189, 9.82366 ], [ 77.61121, 9.81492 ], [ 77.60842, 9.8063 ], [ 77.6074, 9.79623 ], [ 77.60508, 9.7993 ], [ 77.60199, 9.80053 ], [ 77.59055, 9.80074 ], [ 77.58599, 9.80022 ], [ 77.57773, 9.79638 ], [ 77.56801, 9.79645 ], [ 77.55435, 9.79382 ], [ 77.56209, 9.7969 ] ] ], [ [ [ 77.55097, 9.78685 ], [ 77.54945, 9.78075 ], [ 77.53875, 9.77569 ], [ 77.53353, 9.77212 ], [ 77.53078, 9.76883 ], [ 77.52977, 9.76482 ], [ 77.52731, 9.76418 ], [ 77.52014, 9.76811 ], [ 77.51611, 9.76893 ], [ 77.51377, 9.77056 ], [ 77.51488, 9.7893 ], [ 77.5012, 9.80607 ], [ 77.50274, 9.81141 ], [ 77.50164, 9.81591 ], [ 77.50095, 9.82553 ], [ 77.50244, 9.83069 ], [ 77.50323, 9.82808 ], [ 77.50486, 9.8269 ], [ 77.50889, 9.82826 ], [ 77.51253, 9.83048 ], [ 77.52437, 9.84227 ], [ 77.52939, 9.84612 ], [ 77.52695, 9.83937 ], [ 77.52507, 9.8372 ], [ 77.52514, 9.83492 ], [ 77.52767, 9.83324 ], [ 77.52796, 9.82974 ], [ 77.52985, 9.83173 ], [ 77.53218, 9.83637 ], [ 77.53545, 9.83928 ], [ 77.54628, 9.84384 ], [ 77.5521, 9.84455 ], [ 77.54616, 9.83646 ], [ 77.53767, 9.83057 ], [ 77.5307, 9.82719 ], [ 77.52735, 9.82129 ], [ 77.52302, 9.81835 ], [ 77.52036, 9.81282 ], [ 77.51667, 9.81183 ], [ 77.51269, 9.81451 ], [ 77.50988, 9.81389 ], [ 77.51074, 9.80918 ], [ 77.51257, 9.80748 ], [ 77.51602, 9.81022 ], [ 77.51778, 9.81046 ], [ 77.51781, 9.80414 ], [ 77.52411, 9.80065 ], [ 77.52492, 9.79769 ], [ 77.52359, 9.79501 ], [ 77.51963, 9.79155 ], [ 77.52352, 9.79167 ], [ 77.53123, 9.79402 ], [ 77.53589, 9.79768 ], [ 77.53858, 9.80216 ], [ 77.54082, 9.80416 ], [ 77.5447, 9.80446 ], [ 77.54872, 9.80616 ], [ 77.55854, 9.81472 ], [ 77.57504, 9.8191 ], [ 77.58234, 9.81775 ], [ 77.58905, 9.82393 ], [ 77.58122, 9.80858 ], [ 77.57651, 9.80615 ], [ 77.5635, 9.80346 ], [ 77.55707, 9.79975 ], [ 77.5531, 9.797 ], [ 77.54597, 9.78692 ], [ 77.54297, 9.78531 ], [ 77.54301, 9.79005 ], [ 77.54203, 9.79078 ], [ 77.53188, 9.77946 ], [ 77.52063, 9.77286 ], [ 77.5186, 9.77052 ], [ 77.51883, 9.76939 ], [ 77.53316, 9.77515 ], [ 77.53816, 9.78023 ], [ 77.54884, 9.78701 ], [ 77.55155, 9.79183 ], [ 77.55435, 9.79382 ], [ 77.55097, 9.78685 ] ] ], [ [ [ 77.43171, 9.76787 ], [ 77.42705, 9.76442 ], [ 77.42485, 9.76188 ], [ 77.4237, 9.75896 ], [ 77.42122, 9.75868 ], [ 77.41647, 9.76429 ], [ 77.41501, 9.76445 ], [ 77.41079, 9.7604 ], [ 77.40628, 9.75861 ], [ 77.40305, 9.75583 ], [ 77.39544, 9.75373 ], [ 77.39425, 9.75204 ], [ 77.39419, 9.74772 ], [ 77.39072, 9.75234 ], [ 77.38822, 9.75246 ], [ 77.38574, 9.75218 ], [ 77.38396, 9.74965 ], [ 77.37928, 9.74661 ], [ 77.37755, 9.74882 ], [ 77.37375, 9.75076 ], [ 77.37417, 9.76312 ], [ 77.37202, 9.76532 ], [ 77.36951, 9.76585 ], [ 77.36703, 9.76577 ], [ 77.36417, 9.76424 ], [ 77.36348, 9.7601 ], [ 77.36384, 9.75558 ], [ 77.36308, 9.75329 ], [ 77.36208, 9.75223 ], [ 77.35694, 9.75083 ], [ 77.35671, 9.74526 ], [ 77.35484, 9.73902 ], [ 77.35932, 9.72908 ], [ 77.36496, 9.72803 ], [ 77.36711, 9.72563 ], [ 77.36657, 9.72314 ], [ 77.36324, 9.72345 ], [ 77.35966, 9.72518 ], [ 77.35616, 9.72425 ], [ 77.35444, 9.72604 ], [ 77.35111, 9.72655 ], [ 77.34891, 9.7238 ], [ 77.3453, 9.71401 ], [ 77.34115, 9.71408 ], [ 77.33997, 9.71219 ], [ 77.33931, 9.70681 ], [ 77.33567, 9.69805 ], [ 77.3357, 9.69702 ], [ 77.33821, 9.69649 ], [ 77.34314, 9.69788 ], [ 77.34401, 9.69668 ], [ 77.34344, 9.69522 ], [ 77.34103, 9.69267 ], [ 77.34175, 9.68981 ], [ 77.33823, 9.68949 ], [ 77.33215, 9.69135 ], [ 77.33134, 9.69091 ], [ 77.33099, 9.68287 ], [ 77.32224, 9.68402 ], [ 77.31145, 9.68408 ], [ 77.30777, 9.68231 ], [ 77.3067, 9.67734 ], [ 77.30248, 9.67308 ], [ 77.30558, 9.66722 ], [ 77.30654, 9.66354 ], [ 77.30116, 9.66316 ], [ 77.29406, 9.66436 ], [ 77.29081, 9.66261 ], [ 77.28802, 9.65902 ], [ 77.28555, 9.65852 ], [ 77.28374, 9.65682 ], [ 77.28385, 9.65374 ], [ 77.28132, 9.64871 ], [ 77.28127, 9.64398 ], [ 77.28274, 9.64341 ], [ 77.28619, 9.64558 ], [ 77.28811, 9.644 ], [ 77.28624, 9.63797 ], [ 77.28116, 9.63513 ], [ 77.27936, 9.63301 ], [ 77.27886, 9.62949 ], [ 77.27411, 9.62872 ], [ 77.27469, 9.63615 ], [ 77.27397, 9.63921 ], [ 77.26819, 9.64457 ], [ 77.26447, 9.64404 ], [ 77.26409, 9.63703 ], [ 77.26055, 9.63135 ], [ 77.25792, 9.62941 ], [ 77.25318, 9.62864 ], [ 77.25184, 9.62509 ], [ 77.24983, 9.62338 ], [ 77.24676, 9.62225 ], [ 77.24571, 9.62242 ], [ 77.2456, 9.62571 ], [ 77.24639, 9.63294 ], [ 77.24197, 9.63485 ], [ 77.23664, 9.6394 ], [ 77.23418, 9.63849 ], [ 77.23368, 9.63477 ], [ 77.23772, 9.63182 ], [ 77.23913, 9.62693 ], [ 77.23837, 9.62505 ], [ 77.23453, 9.62204 ], [ 77.23424, 9.61833 ], [ 77.23543, 9.61405 ], [ 77.2342, 9.6136 ], [ 77.23249, 9.61498 ], [ 77.22684, 9.61664 ], [ 77.22414, 9.61655 ], [ 77.22224, 9.61772 ], [ 77.21963, 9.62113 ], [ 77.21544, 9.62243 ], [ 77.21537, 9.62449 ], [ 77.21409, 9.62568 ], [ 77.21014, 9.62596 ], [ 77.20665, 9.62501 ], [ 77.19917, 9.62538 ], [ 77.2011, 9.62938 ], [ 77.2033, 9.63201 ], [ 77.20541, 9.63322 ], [ 77.21417, 9.63238 ], [ 77.21475, 9.63652 ], [ 77.21648, 9.64013 ], [ 77.21894, 9.64362 ], [ 77.2209, 9.64497 ], [ 77.23432, 9.64599 ], [ 77.23782, 9.64838 ], [ 77.25412, 9.64921 ], [ 77.25939, 9.65421 ], [ 77.27375, 9.66123 ], [ 77.27599, 9.66287 ], [ 77.27697, 9.66773 ], [ 77.27993, 9.67203 ], [ 77.28196, 9.67885 ], [ 77.29171, 9.68142 ], [ 77.29865, 9.6863 ], [ 77.30059, 9.69147 ], [ 77.30849, 9.69053 ], [ 77.31119, 9.69107 ], [ 77.3137, 9.6931 ], [ 77.31497, 9.6957 ], [ 77.31361, 9.70015 ], [ 77.30834, 9.70388 ], [ 77.30767, 9.70596 ], [ 77.30885, 9.70675 ], [ 77.31249, 9.70657 ], [ 77.31833, 9.70391 ], [ 77.32133, 9.70911 ], [ 77.32281, 9.70991 ], [ 77.32706, 9.7096 ], [ 77.32792, 9.71098 ], [ 77.32503, 9.71614 ], [ 77.32676, 9.72295 ], [ 77.33067, 9.72383 ], [ 77.33706, 9.72269 ], [ 77.34143, 9.72313 ], [ 77.34846, 9.72546 ], [ 77.34856, 9.72712 ], [ 77.34468, 9.73464 ], [ 77.34585, 9.74489 ], [ 77.34357, 9.74992 ], [ 77.34135, 9.76185 ], [ 77.34632, 9.76246 ], [ 77.34941, 9.76512 ], [ 77.35052, 9.76816 ], [ 77.34995, 9.77174 ], [ 77.3513, 9.77223 ], [ 77.35482, 9.771 ], [ 77.35753, 9.77139 ], [ 77.36329, 9.77563 ], [ 77.38616, 9.77502 ], [ 77.39141, 9.78105 ], [ 77.39863, 9.78233 ], [ 77.40153, 9.78153 ], [ 77.40295, 9.77992 ], [ 77.40812, 9.77919 ], [ 77.4128, 9.77949 ], [ 77.41859, 9.78298 ], [ 77.42554, 9.7832 ], [ 77.42954, 9.78123 ], [ 77.43205, 9.77846 ], [ 77.43341, 9.774 ], [ 77.43171, 9.76787 ] ] ] ] } },
{ "type": "Feature", "properties": { "Name": "Kodaikanal WLS" }, "geometry": { "type": "MultiPolygon", "coordinates": [ [ [ [ 77.69237, 10.2056 ], [ 77.68957, 10.19924 ], [ 77.68682, 10.19645 ], [ 77.67419, 10.19304 ], [ 77.6693, 10.18856 ], [ 77.66068, 10.18483 ], [ 77.65825, 10.18194 ], [ 77.65619, 10.18145 ], [ 77.65337, 10.18429 ], [ 77.63989, 10.18539 ], [ 77.63546, 10.18742 ], [ 77.62813, 10.19456 ], [ 77.62604, 10.19514 ], [ 77.62501, 10.19652 ], [ 77.62521, 10.20053 ], [ 77.61141, 10.20498 ], [ 77.60791, 10.20844 ], [ 77.60512, 10.20684 ], [ 77.60441, 10.20498 ], [ 77.60484, 10.20174 ], [ 77.61012, 10.19714 ], [ 77.61434, 10.19511 ], [ 77.6165, 10.19268 ], [ 77.61725, 10.19039 ], [ 77.61133, 10.1928 ], [ 77.60508, 10.19371 ], [ 77.60337, 10.19649 ], [ 77.60078, 10.19751 ], [ 77.59819, 10.19691 ], [ 77.59481, 10.19779 ], [ 77.59184, 10.19545 ], [ 77.58993, 10.19498 ], [ 77.59029, 10.19761 ], [ 77.59219, 10.19966 ], [ 77.59077, 10.20136 ], [ 77.58488, 10.20288 ], [ 77.58482, 10.20381 ], [ 77.58542, 10.20539 ], [ 77.59392, 10.20907 ], [ 77.59956, 10.21305 ], [ 77.60253, 10.21276 ], [ 77.60616, 10.21428 ], [ 77.60919, 10.21796 ], [ 77.61127, 10.21872 ], [ 77.61311, 10.21223 ], [ 77.61447, 10.21077 ], [ 77.61857, 10.20937 ], [ 77.62065, 10.2072 ], [ 77.62582, 10.20598 ], [ 77.62969, 10.20311 ], [ 77.63236, 10.20358 ], [ 77.6389, 10.20001 ], [ 77.64026, 10.19884 ], [ 77.64151, 10.19498 ], [ 77.64413, 10.19498 ], [ 77.64585, 10.19264 ], [ 77.64977, 10.19299 ], [ 77.65126, 10.18948 ], [ 77.65203, 10.18925 ], [ 77.65405, 10.18989 ], [ 77.65839, 10.19603 ], [ 77.66421, 10.1972 ], [ 77.66984, 10.20178 ], [ 77.67197, 10.2018 ], [ 77.67734, 10.19726 ], [ 77.68024, 10.19863 ], [ 77.68142, 10.20157 ], [ 77.68284, 10.20139 ], [ 77.68364, 10.2072 ], [ 77.6878, 10.20767 ], [ 77.68852, 10.20884 ], [ 77.68804, 10.21363 ], [ 77.69244, 10.21246 ], [ 77.69291, 10.21657 ], [ 77.69381, 10.2155 ], [ 77.69398, 10.21051 ], [ 77.6954, 10.20753 ], [ 77.69237, 10.2056 ] ] ], [ [ [ 77.67217, 10.22536 ], [ 77.67039, 10.22368 ], [ 77.66426, 10.22114 ], [ 77.66008, 10.22065 ], [ 77.65829, 10.21933 ], [ 77.65616, 10.21167 ], [ 77.65509, 10.21073 ], [ 77.65111, 10.20971 ], [ 77.64415, 10.21022 ], [ 77.63618, 10.21395 ], [ 77.6329, 10.21982 ], [ 77.63336, 10.22255 ], [ 77.62886, 10.22621 ], [ 77.62919, 10.22748 ], [ 77.63617, 10.23186 ], [ 77.63615, 10.23258 ], [ 77.63137, 10.23352 ], [ 77.63061, 10.23458 ], [ 77.62968, 10.24071 ], [ 77.6282, 10.24138 ], [ 77.62742, 10.24299 ], [ 77.62791, 10.24499 ], [ 77.63179, 10.24945 ], [ 77.63546, 10.24884 ], [ 77.63716, 10.24709 ], [ 77.6382, 10.24278 ], [ 77.64009, 10.24084 ], [ 77.64207, 10.24181 ], [ 77.64314, 10.24835 ], [ 77.6451, 10.25004 ], [ 77.6482, 10.25014 ], [ 77.65817, 10.24682 ], [ 77.65824, 10.23869 ], [ 77.66356, 10.23776 ], [ 77.66584, 10.23494 ], [ 77.67192, 10.23331 ], [ 77.67288, 10.23172 ], [ 77.67217, 10.22536 ] ] ], [ [ [ 77.63594, 10.15809 ], [ 77.63313, 10.15357 ], [ 77.62581, 10.14642 ], [ 77.61977, 10.14396 ], [ 77.6156, 10.14123 ], [ 77.61257, 10.14038 ], [ 77.60915, 10.14114 ], [ 77.60523, 10.1408 ], [ 77.60145, 10.1396 ], [ 77.59322, 10.13372 ], [ 77.58847, 10.13195 ], [ 77.57706, 10.12997 ], [ 77.57321, 10.13093 ], [ 77.57052, 10.1328 ], [ 77.56268, 10.13547 ], [ 77.55508, 10.14097 ], [ 77.55422, 10.14387 ], [ 77.55604, 10.14858 ], [ 77.55991, 10.1539 ], [ 77.56067, 10.15739 ], [ 77.55899, 10.16567 ], [ 77.56129, 10.16899 ], [ 77.56922, 10.17389 ], [ 77.57272, 10.17725 ], [ 77.57437, 10.18357 ], [ 77.57039, 10.18328 ], [ 77.56748, 10.18179 ], [ 77.56394, 10.17814 ], [ 77.5621, 10.1734 ], [ 77.56029, 10.17261 ], [ 77.55541, 10.1729 ], [ 77.55256, 10.17495 ], [ 77.55036, 10.17933 ], [ 77.54941, 10.18536 ], [ 77.54769, 10.18483 ], [ 77.5462, 10.18314 ], [ 77.54086, 10.18255 ], [ 77.53717, 10.18104 ], [ 77.53651, 10.18203 ], [ 77.53895, 10.18475 ], [ 77.53631, 10.18788 ], [ 77.53572, 10.19115 ], [ 77.53673, 10.1925 ], [ 77.5413, 10.1922 ], [ 77.53768, 10.19905 ], [ 77.53857, 10.20191 ], [ 77.53904, 10.20267 ], [ 77.54059, 10.20261 ], [ 77.54154, 10.19998 ], [ 77.54231, 10.19969 ], [ 77.54629, 10.20139 ], [ 77.55491, 10.19782 ], [ 77.55936, 10.19086 ], [ 77.56002, 10.18115 ], [ 77.56222, 10.1815 ], [ 77.56501, 10.18741 ], [ 77.56638, 10.18846 ], [ 77.57624, 10.19291 ], [ 77.57933, 10.19583 ], [ 77.58034, 10.19565 ], [ 77.58142, 10.19372 ], [ 77.5845, 10.19326 ], [ 77.58575, 10.1918 ], [ 77.58572, 10.18818 ], [ 77.57928, 10.17948 ], [ 77.57968, 10.17863 ], [ 77.58443, 10.17791 ], [ 77.58548, 10.1761 ], [ 77.58515, 10.17461 ], [ 77.57607, 10.16668 ], [ 77.57602, 10.16052 ], [ 77.57471, 10.15875 ], [ 77.56687, 10.15481 ], [ 77.56439, 10.15449 ], [ 77.56143, 10.14996 ], [ 77.55609, 10.14585 ], [ 77.55615, 10.14376 ], [ 77.55755, 10.14281 ], [ 77.56367, 10.14609 ], [ 77.56883, 10.14415 ], [ 77.57388, 10.14554 ], [ 77.57721, 10.13862 ], [ 77.57883, 10.13867 ], [ 77.58893, 10.14157 ], [ 77.59683, 10.14749 ], [ 77.60704, 10.15101 ], [ 77.61278, 10.15057 ], [ 77.61635, 10.14772 ], [ 77.61933, 10.14794 ], [ 77.62044, 10.15204 ], [ 77.61948, 10.15509 ], [ 77.62, 10.15818 ], [ 77.62493, 10.15982 ], [ 77.62779, 10.15966 ], [ 77.63209, 10.15757 ], [ 77.6323, 10.15881 ], [ 77.63198, 10.16102 ], [ 77.62813, 10.16472 ], [ 77.62848, 10.16941 ], [ 77.62633, 10.17046 ], [ 77.61859, 10.17145 ], [ 77.61632, 10.17249 ], [ 77.61383, 10.17648 ], [ 77.60859, 10.17693 ], [ 77.6077, 10.17765 ], [ 77.60819, 10.18185 ], [ 77.61743, 10.1846 ], [ 77.61601, 10.18032 ], [ 77.61663, 10.17807 ], [ 77.61852, 10.17704 ], [ 77.62004, 10.17709 ], [ 77.62142, 10.17865 ], [ 77.62401, 10.1797 ], [ 77.62694, 10.18023 ], [ 77.63101, 10.16898 ], [ 77.63114, 10.16466 ], [ 77.63599, 10.16004 ], [ 77.63594, 10.15809 ] ] ], [ [ [ 77.6199, 10.2442 ], [ 77.61659, 10.23904 ], [ 77.61312, 10.23911 ], [ 77.61088, 10.24049 ], [ 77.6086, 10.24331 ], [ 77.60836, 10.24511 ], [ 77.61352, 10.24961 ], [ 77.61525, 10.25256 ], [ 77.61666, 10.26002 ], [ 77.61503, 10.25961 ], [ 77.61057, 10.25622 ], [ 77.6052, 10.25858 ], [ 77.59717, 10.25816 ], [ 77.59029, 10.26771 ], [ 77.58541, 10.27787 ], [ 77.58519, 10.29035 ], [ 77.58775, 10.29043 ], [ 77.59318, 10.28626 ], [ 77.59591, 10.2867 ], [ 77.60089, 10.29084 ], [ 77.60438, 10.29022 ], [ 77.60342, 10.29182 ], [ 77.60439, 10.29583 ], [ 77.60563, 10.29714 ], [ 77.612, 10.29787 ], [ 77.61356, 10.30064 ], [ 77.61848, 10.30079 ], [ 77.61924, 10.29412 ], [ 77.62225, 10.2915 ], [ 77.62336, 10.28502 ], [ 77.62728, 10.28242 ], [ 77.62757, 10.27899 ], [ 77.62628, 10.27353 ], [ 77.62881, 10.26854 ], [ 77.62569, 10.2632 ], [ 77.62597, 10.26031 ], [ 77.62729, 10.2589 ], [ 77.62913, 10.25842 ], [ 77.63055, 10.25376 ], [ 77.6199, 10.2442 ] ] ], [ [ [ 77.587, 10.23921 ], [ 77.58436, 10.24166 ], [ 77.58673, 10.24752 ], [ 77.58362, 10.25357 ], [ 77.58447, 10.25559 ], [ 77.59028, 10.26228 ], [ 77.59237, 10.26 ], [ 77.59299, 10.25748 ], [ 77.59156, 10.25093 ], [ 77.59334, 10.24664 ], [ 77.587, 10.23921 ] ] ], [ [ [ 77.57049, 10.21951 ], [ 77.57044, 10.21459 ], [ 77.56959, 10.21266 ], [ 77.5676, 10.21139 ], [ 77.56568, 10.21113 ], [ 77.55957, 10.21526 ], [ 77.55618, 10.21977 ], [ 77.55547, 10.22296 ], [ 77.55215, 10.22557 ], [ 77.55003, 10.2252 ], [ 77.54688, 10.22229 ], [ 77.54259, 10.21995 ], [ 77.53741, 10.22039 ], [ 77.53664, 10.22217 ], [ 77.53621, 10.22939 ], [ 77.52616, 10.2361 ], [ 77.52726, 10.24131 ], [ 77.52848, 10.24241 ], [ 77.52993, 10.24201 ], [ 77.537, 10.23621 ], [ 77.53973, 10.22929 ], [ 77.54322, 10.23223 ], [ 77.54218, 10.22546 ], [ 77.54336, 10.22515 ], [ 77.54811, 10.22751 ], [ 77.54689, 10.23217 ], [ 77.55381, 10.23416 ], [ 77.55927, 10.22289 ], [ 77.55867, 10.2219 ], [ 77.56303, 10.21734 ], [ 77.56754, 10.21597 ], [ 77.56825, 10.2191 ], [ 77.56632, 10.22347 ], [ 77.56744, 10.22767 ], [ 77.56402, 10.23093 ], [ 77.56363, 10.23482 ], [ 77.5601, 10.23622 ], [ 77.55683, 10.24055 ], [ 77.5492, 10.24687 ], [ 77.54593, 10.25094 ], [ 77.54536, 10.25388 ], [ 77.55571, 10.24426 ], [ 77.56527, 10.23994 ], [ 77.56799, 10.23741 ], [ 77.57205, 10.2278 ], [ 77.57222, 10.22549 ], [ 77.57049, 10.21951 ] ] ], [ [ [ 77.50508, 10.3679 ], [ 77.5073, 10.37062 ], [ 77.51418, 10.37649 ], [ 77.52083, 10.37868 ], [ 77.5229, 10.38193 ], [ 77.52973, 10.38506 ], [ 77.53206, 10.38502 ], [ 77.53305, 10.38121 ], [ 77.53112, 10.3825 ], [ 77.52648, 10.38061 ], [ 77.52527, 10.37956 ], [ 77.52442, 10.37696 ], [ 77.51878, 10.37577 ], [ 77.51636, 10.36995 ], [ 77.51227, 10.36842 ], [ 77.50765, 10.36539 ], [ 77.50415, 10.36461 ], [ 77.50508, 10.3679 ] ] ], [ [ [ 77.52945, 10.17016 ], [ 77.52437, 10.16848 ], [ 77.52092, 10.16372 ], [ 77.5113, 10.15356 ], [ 77.50646, 10.15114 ], [ 77.49698, 10.1504 ], [ 77.48715, 10.14013 ], [ 77.47477, 10.13757 ], [ 77.47039, 10.13451 ], [ 77.46807, 10.13437 ], [ 77.46386, 10.13097 ], [ 77.46129, 10.13075 ], [ 77.46391, 10.14143 ], [ 77.4666, 10.14204 ], [ 77.46945, 10.14598 ], [ 77.47561, 10.14693 ], [ 77.47458, 10.15064 ], [ 77.47629, 10.15327 ], [ 77.47875, 10.15299 ], [ 77.48131, 10.1485 ], [ 77.48257, 10.14783 ], [ 77.48804, 10.15339 ], [ 77.49169, 10.15973 ], [ 77.49392, 10.16041 ], [ 77.49882, 10.15967 ], [ 77.50538, 10.16114 ], [ 77.51063, 10.16529 ], [ 77.51708, 10.17471 ], [ 77.52107, 10.1778 ], [ 77.52698, 10.17755 ], [ 77.53072, 10.17161 ], [ 77.52945, 10.17016 ] ] ], [ [ [ 77.52295, 10.30946 ], [ 77.51742, 10.30818 ], [ 77.51609, 10.30987 ], [ 77.51384, 10.31059 ], [ 77.50755, 10.30787 ], [ 77.5035, 10.30995 ], [ 77.4944, 10.31076 ], [ 77.4905, 10.30827 ], [ 77.48514, 10.30668 ], [ 77.48446, 10.30288 ], [ 77.4812, 10.30025 ], [ 77.47566, 10.29929 ], [ 77.47366, 10.29717 ], [ 77.46919, 10.29734 ], [ 77.46445, 10.29625 ], [ 77.46027, 10.2979 ], [ 77.46515, 10.30076 ], [ 77.476, 10.30081 ], [ 77.47927, 10.30322 ], [ 77.48235, 10.30844 ], [ 77.48569, 10.31166 ], [ 77.49756, 10.31485 ], [ 77.49978, 10.31844 ], [ 77.50267, 10.31994 ], [ 77.50733, 10.32028 ], [ 77.51163, 10.31881 ], [ 77.51993, 10.31335 ], [ 77.52879, 10.31202 ], [ 77.52295, 10.30946 ] ] ], [ [ [ 77.46251, 10.24775 ], [ 77.46016, 10.24526 ], [ 77.45785, 10.24468 ], [ 77.4543, 10.2507 ], [ 77.44999, 10.25247 ], [ 77.44972, 10.25447 ], [ 77.44795, 10.25592 ], [ 77.43609, 10.26186 ], [ 77.4322, 10.25983 ], [ 77.42592, 10.25973 ], [ 77.42572, 10.25641 ], [ 77.42272, 10.25209 ], [ 77.41773, 10.24952 ], [ 77.41496, 10.25064 ], [ 77.41993, 10.25524 ], [ 77.42295, 10.26038 ], [ 77.42648, 10.26444 ], [ 77.43014, 10.26424 ], [ 77.43612, 10.26648 ], [ 77.44058, 10.26662 ], [ 77.44786, 10.26307 ], [ 77.45032, 10.26079 ], [ 77.45269, 10.25629 ], [ 77.46176, 10.25185 ], [ 77.46514, 10.24783 ], [ 77.46251, 10.24775 ] ] ], [ [ [ 77.4573, 10.36496 ], [ 77.44504, 10.3649 ], [ 77.43836, 10.36204 ], [ 77.43551, 10.3617 ], [ 77.43323, 10.36316 ], [ 77.43351, 10.36827 ], [ 77.43057, 10.37046 ], [ 77.43111, 10.37617 ], [ 77.43176, 10.37684 ], [ 77.43419, 10.37682 ], [ 77.43455, 10.37426 ], [ 77.43541, 10.37392 ], [ 77.43856, 10.37882 ], [ 77.44294, 10.37503 ], [ 77.44819, 10.37688 ], [ 77.44874, 10.37271 ], [ 77.44693, 10.36827 ], [ 77.45761, 10.36843 ], [ 77.45999, 10.36716 ], [ 77.4573, 10.36496 ] ] ], [ [ [ 77.45214, 10.16218 ], [ 77.44647, 10.15432 ], [ 77.43147, 10.14406 ], [ 77.42799, 10.1435 ], [ 77.42478, 10.14415 ], [ 77.41928, 10.14984 ], [ 77.41763, 10.15385 ], [ 77.41778, 10.15837 ], [ 77.41889, 10.16157 ], [ 77.42064, 10.16373 ], [ 77.42664, 10.16618 ], [ 77.42368, 10.16849 ], [ 77.42176, 10.17144 ], [ 77.42113, 10.17669 ], [ 77.42169, 10.17821 ], [ 77.44786, 10.18628 ], [ 77.45094, 10.18502 ], [ 77.45221, 10.18325 ], [ 77.45504, 10.17582 ], [ 77.45563, 10.17162 ], [ 77.45214, 10.16218 ] ] ], [ [ [ 77.43747, 10.29822 ], [ 77.43509, 10.29815 ], [ 77.43104, 10.30022 ], [ 77.42951, 10.30301 ], [ 77.4255, 10.30399 ], [ 77.42514, 10.30524 ], [ 77.42714, 10.30735 ], [ 77.42503, 10.30839 ], [ 77.4245, 10.31011 ], [ 77.41913, 10.31356 ], [ 77.41722, 10.31366 ], [ 77.41478, 10.315 ], [ 77.41439, 10.3172 ], [ 77.41077, 10.32087 ], [ 77.41136, 10.3223 ], [ 77.41784, 10.32377 ], [ 77.41924, 10.32492 ], [ 77.41997, 10.32668 ], [ 77.41926, 10.32918 ], [ 77.41247, 10.32707 ], [ 77.40831, 10.32788 ], [ 77.40658, 10.3272 ], [ 77.40239, 10.32375 ], [ 77.40265, 10.3206 ], [ 77.40078, 10.31944 ], [ 77.39485, 10.32051 ], [ 77.39013, 10.31878 ], [ 77.39296, 10.31508 ], [ 77.39177, 10.31252 ], [ 77.38832, 10.31083 ], [ 77.3823, 10.30985 ], [ 77.38171, 10.30368 ], [ 77.37875, 10.2968 ], [ 77.37878, 10.29128 ], [ 77.3774, 10.28461 ], [ 77.38161, 10.2827 ], [ 77.38351, 10.28292 ], [ 77.38577, 10.28189 ], [ 77.3904, 10.27699 ], [ 77.39606, 10.27418 ], [ 77.39862, 10.27379 ], [ 77.39609, 10.2685 ], [ 77.39286, 10.26509 ], [ 77.38992, 10.26736 ], [ 77.38767, 10.26791 ], [ 77.38692, 10.26647 ], [ 77.38762, 10.25987 ], [ 77.38579, 10.25744 ], [ 77.38266, 10.24919 ], [ 77.38184, 10.25559 ], [ 77.37998, 10.25674 ], [ 77.37596, 10.26474 ], [ 77.37323, 10.26767 ], [ 77.37317, 10.26947 ], [ 77.3763, 10.27902 ], [ 77.37563, 10.28392 ], [ 77.37661, 10.29098 ], [ 77.37489, 10.29705 ], [ 77.37844, 10.3032 ], [ 77.3797, 10.31097 ], [ 77.37888, 10.31446 ], [ 77.37306, 10.31538 ], [ 77.37625, 10.3203 ], [ 77.37566, 10.3227 ], [ 77.37391, 10.32344 ], [ 77.37474, 10.32588 ], [ 77.37445, 10.3317 ], [ 77.37715, 10.33279 ], [ 77.38655, 10.32777 ], [ 77.39082, 10.32761 ], [ 77.41028, 10.33115 ], [ 77.41539, 10.33624 ], [ 77.41681, 10.33628 ], [ 77.42022, 10.33147 ], [ 77.4229, 10.32995 ], [ 77.42256, 10.32492 ], [ 77.42154, 10.32207 ], [ 77.42143, 10.31604 ], [ 77.42255, 10.31286 ], [ 77.42994, 10.31028 ], [ 77.43258, 10.30716 ], [ 77.43714, 10.30429 ], [ 77.43968, 10.30085 ], [ 77.43747, 10.29822 ] ] ], [ [ [ 77.41642, 10.39692 ], [ 77.4143, 10.39543 ], [ 77.41443, 10.39168 ], [ 77.41322, 10.38986 ], [ 77.41449, 10.38419 ], [ 77.41364, 10.3772 ], [ 77.41468, 10.37035 ], [ 77.40924, 10.36789 ], [ 77.40639, 10.36802 ], [ 77.40932, 10.37532 ], [ 77.40884, 10.37792 ], [ 77.40428, 10.38 ], [ 77.40339, 10.38285 ], [ 77.40807, 10.39321 ], [ 77.40847, 10.39715 ], [ 77.40639, 10.40009 ], [ 77.40349, 10.4 ], [ 77.40246, 10.39892 ], [ 77.40177, 10.39589 ], [ 77.39382, 10.39641 ], [ 77.39234, 10.39728 ], [ 77.39011, 10.39656 ], [ 77.38289, 10.3869 ], [ 77.37466, 10.38414 ], [ 77.3728, 10.38265 ], [ 77.37797, 10.39264 ], [ 77.37922, 10.39857 ], [ 77.38494, 10.40554 ], [ 77.3887, 10.4062 ], [ 77.38825, 10.40351 ], [ 77.3915, 10.40344 ], [ 77.39396, 10.40548 ], [ 77.3947, 10.40479 ], [ 77.39886, 10.40439 ], [ 77.40088, 10.40874 ], [ 77.40611, 10.40891 ], [ 77.40974, 10.40813 ], [ 77.41267, 10.4068 ], [ 77.41674, 10.39818 ], [ 77.41642, 10.39692 ] ] ], [ [ [ 77.36925, 10.42735 ], [ 77.36649, 10.42887 ], [ 77.36361, 10.42877 ], [ 77.36369, 10.42628 ], [ 77.36534, 10.42544 ], [ 77.36598, 10.4226 ], [ 77.3696, 10.42218 ], [ 77.36795, 10.41213 ], [ 77.36616, 10.40636 ], [ 77.36922, 10.39247 ], [ 77.36743, 10.39477 ], [ 77.36464, 10.3952 ], [ 77.35776, 10.39132 ], [ 77.35088, 10.39135 ], [ 77.35044, 10.39278 ], [ 77.35159, 10.39792 ], [ 77.35481, 10.40444 ], [ 77.35873, 10.4098 ], [ 77.36035, 10.42478 ], [ 77.35487, 10.42631 ], [ 77.35091, 10.42618 ], [ 77.34895, 10.42533 ], [ 77.34296, 10.41872 ], [ 77.34145, 10.41238 ], [ 77.33659, 10.41157 ], [ 77.33603, 10.40854 ], [ 77.3346, 10.40771 ], [ 77.33051, 10.40731 ], [ 77.3269, 10.40457 ], [ 77.32231, 10.40338 ], [ 77.31702, 10.40317 ], [ 77.31524, 10.40091 ], [ 77.31401, 10.4014 ], [ 77.31246, 10.40397 ], [ 77.31187, 10.40596 ], [ 77.313, 10.40923 ], [ 77.31728, 10.41344 ], [ 77.3314, 10.41802 ], [ 77.33395, 10.42048 ], [ 77.33509, 10.42409 ], [ 77.33854, 10.42867 ], [ 77.34358, 10.43437 ], [ 77.34714, 10.43591 ], [ 77.35364, 10.43577 ], [ 77.35464, 10.43276 ], [ 77.35777, 10.43072 ], [ 77.362, 10.4339 ], [ 77.36431, 10.43469 ], [ 77.36615, 10.43368 ], [ 77.36992, 10.4288 ], [ 77.36925, 10.42735 ] ] ], [ [ [ 77.36916, 10.28489 ], [ 77.36649, 10.28084 ], [ 77.36726, 10.27592 ], [ 77.36304, 10.27647 ], [ 77.36033, 10.27975 ], [ 77.35723, 10.28579 ], [ 77.35695, 10.28806 ], [ 77.35858, 10.29039 ], [ 77.35738, 10.29322 ], [ 77.36057, 10.29669 ], [ 77.36296, 10.29697 ], [ 77.36504, 10.29129 ], [ 77.36915, 10.28826 ], [ 77.36916, 10.28489 ] ] ] ] } },
{ "type": "Feature", "properties": { "Name": "Vellode Bird Sanctuary" }, "geometry": { "type": "Polygon", "coordinates": [ [ [ 77.66064, 11.25807 ], [ 77.66249, 11.25596 ], [ 77.66303, 11.25235 ], [ 77.66123, 11.24831 ], [ 77.65601, 11.24509 ], [ 77.65132, 11.24351 ], [ 77.64596, 11.24317 ], [ 77.6416, 11.2448 ], [ 77.64028, 11.24707 ], [ 77.64038, 11.24972 ], [ 77.64576, 11.25836 ], [ 77.64896, 11.26017 ], [ 77.65598, 11.25996 ], [ 77.66064, 11.25807 ] ], [ [ 77.65274, 11.2551 ], [ 77.64917, 11.25536 ], [ 77.64857, 11.25285 ], [ 77.6467, 11.25199 ], [ 77.64691, 11.2498 ], [ 77.64535, 11.24963 ], [ 77.64571, 11.2482 ], [ 77.64472, 11.24808 ], [ 77.64672, 11.24761 ], [ 77.6478, 11.24855 ], [ 77.65059, 11.24795 ], [ 77.65791, 11.2514 ], [ 77.65822, 11.25426 ], [ 77.65413, 11.25575 ], [ 77.65274, 11.2551 ] ] ] } },
{ "type": "Feature", "properties": { "Name": "Gulf of Mannar Marine National Park" }, "geometry": { "type": "MultiPolygon", "coordinates": [ [ [ [ 79.2214, 9.25852 ], [ 79.2488, 9.26006 ], [ 79.25777, 9.25906 ], [ 79.26821, 9.25665 ], [ 79.26757, 9.21975 ], [ 79.26633, 9.21607 ], [ 79.26055, 9.20904 ], [ 79.20039, 9.18373 ], [ 79.20409, 9.16636 ], [ 79.2008, 9.1563 ], [ 79.19374, 9.15038 ], [ 79.18932, 9.14897 ], [ 78.88032, 9.14859 ], [ 78.86484, 9.13879 ], [ 78.75315, 9.10535 ], [ 78.69381, 9.10703 ], [ 78.68828, 9.1081 ], [ 78.64942, 9.15491 ], [ 78.64496, 9.16264 ], [ 78.64337, 9.17074 ], [ 78.64375, 9.17944 ], [ 78.64593, 9.18496 ], [ 78.65104, 9.18904 ], [ 78.66465, 9.196 ], [ 78.67924, 9.19744 ], [ 78.69213, 9.19624 ], [ 78.70525, 9.19384 ], [ 78.71692, 9.18952 ], [ 78.71741, 9.19024 ], [ 78.71644, 9.1984 ], [ 78.71887, 9.20416 ], [ 78.72519, 9.20848 ], [ 78.73394, 9.21232 ], [ 78.75072, 9.2164 ], [ 78.76409, 9.22168 ], [ 78.77406, 9.22408 ], [ 78.78889, 9.22911 ], [ 78.80299, 9.23535 ], [ 78.84918, 9.24927 ], [ 78.87082, 9.25743 ], [ 78.87787, 9.25719 ], [ 78.90291, 9.25167 ], [ 78.90753, 9.25191 ], [ 78.91117, 9.25479 ], [ 78.91871, 9.26367 ], [ 78.92454, 9.26727 ], [ 78.93427, 9.26991 ], [ 78.96679, 9.27406 ], [ 78.98788, 9.27464 ], [ 79.06364, 9.26204 ], [ 79.08949, 9.26116 ], [ 79.10524, 9.26438 ], [ 79.12514, 9.27142 ], [ 79.15099, 9.27816 ], [ 79.17892, 9.28197 ], [ 79.20385, 9.28335 ], [ 79.2217, 9.26526 ], [ 79.2214, 9.25852 ] ], [ [ 79.1778, 9.25077 ], [ 79.16577, 9.24244 ], [ 79.17792, 9.1947 ], [ 79.2475, 9.22334 ], [ 79.2485, 9.25014 ], [ 79.22761, 9.25225 ], [ 79.21847, 9.25157 ], [ 79.19908, 9.25473 ], [ 79.1778, 9.25077 ] ], [ [ 79.08456, 9.23524 ], [ 79.03405, 9.21904 ], [ 79.03414, 9.16701 ], [ 79.18358, 9.16602 ], [ 79.16474, 9.21767 ], [ 79.13818, 9.2237 ], [ 79.10337, 9.23512 ], [ 79.08456, 9.23524 ] ], [ [ 78.87555, 9.16765 ], [ 78.99398, 9.16718 ], [ 78.9943, 9.22325 ], [ 78.87429, 9.22419 ], [ 78.85842, 9.20616 ], [ 78.67355, 9.15548 ], [ 78.69558, 9.12619 ], [ 78.75455, 9.12503 ], [ 78.8575, 9.15664 ], [ 78.87555, 9.16765 ] ] ], [ [ [ 78.57907, 9.13282 ], [ 78.5865, 9.13751 ], [ 78.59185, 9.13722 ], [ 78.61832, 9.1274 ], [ 78.63478, 9.11921 ], [ 78.64057, 9.11076 ], [ 78.64075, 9.10319 ], [ 78.63723, 9.09104 ], [ 78.48035, 9.0245 ], [ 78.474, 9.02371 ], [ 78.46744, 9.02535 ], [ 78.46215, 9.03372 ], [ 78.42897, 9.11666 ], [ 78.44924, 9.1246 ], [ 78.46826, 9.12871 ], [ 78.484, 9.12959 ], [ 78.49797, 9.13252 ], [ 78.50866, 9.13604 ], [ 78.54342, 9.13868 ], [ 78.55828, 9.1381 ], [ 78.57076, 9.13546 ], [ 78.57907, 9.13282 ] ], [ [ 78.47665, 9.04266 ], [ 78.62189, 9.10577 ], [ 78.5783, 9.1224 ], [ 78.45606, 9.09365 ], [ 78.47665, 9.04266 ] ] ], [ [ [ 78.332, 8.92933 ], [ 78.30306, 8.87479 ], [ 78.25247, 8.80042 ], [ 78.16598, 8.80021 ], [ 78.16856, 8.80471 ], [ 78.16997, 8.80575 ], [ 78.17021, 8.80756 ], [ 78.17275, 8.80937 ], [ 78.17057, 8.81225 ], [ 78.17049, 8.81623 ], [ 78.17247, 8.82116 ], [ 78.17553, 8.82341 ], [ 78.17323, 8.82626 ], [ 78.17162, 8.83417 ], [ 78.17444, 8.84235 ], [ 78.17324, 8.85262 ], [ 78.17459, 8.85218 ], [ 78.17455, 8.85466 ], [ 78.17631, 8.85751 ], [ 78.17704, 8.86161 ], [ 78.17626, 8.87309 ], [ 78.17753, 8.88656 ], [ 78.18181, 8.89337 ], [ 78.18419, 8.89478 ], [ 78.18442, 8.90723 ], [ 78.18748, 8.91982 ], [ 78.19001, 8.92564 ], [ 78.19811, 8.9394 ], [ 78.20889, 8.95282 ], [ 78.20822, 8.95449 ], [ 78.22157, 8.96824 ], [ 78.25054, 8.99017 ], [ 78.26535, 8.99986 ], [ 78.26804, 9.00089 ], [ 78.332, 8.92933 ] ], [ [ 78.19737, 8.81695 ], [ 78.24553, 8.81723 ], [ 78.31214, 8.92593 ], [ 78.26717, 8.97572 ], [ 78.23787, 8.95173 ], [ 78.19737, 8.81695 ] ] ] ] } },
{ "type": "Feature", "properties": { "Name": "GRIZZLED SQUIRREL WILDLIFE  SANCTUARY" }, "geometry": { "type": "MultiPolygon", "coordinates": [ [ [ [ 77.78802, 9.76651 ], [ 77.79071, 9.76469 ], [ 77.79333, 9.76477 ], [ 77.793, 9.75979 ], [ 77.79526, 9.7563 ], [ 77.79371, 9.75223 ], [ 77.79087, 9.75143 ], [ 77.78894, 9.75185 ], [ 77.78882, 9.74 ], [ 77.78504, 9.73871 ], [ 77.78201, 9.73625 ], [ 77.77504, 9.72988 ], [ 77.77229, 9.72601 ], [ 77.76742, 9.72137 ], [ 77.75995, 9.71593 ], [ 77.75312, 9.71289 ], [ 77.73625, 9.70244 ], [ 77.72572, 9.69285 ], [ 77.72332, 9.69205 ], [ 77.7177, 9.68783 ], [ 77.71575, 9.68732 ], [ 77.71484, 9.67754 ], [ 77.71539, 9.66945 ], [ 77.71484, 9.66763 ], [ 77.71232, 9.66606 ], [ 77.69348, 9.66909 ], [ 77.68798, 9.66577 ], [ 77.68684, 9.66379 ], [ 77.68547, 9.66404 ], [ 77.68175, 9.66678 ], [ 77.6751, 9.66688 ], [ 77.67323, 9.66862 ], [ 77.66329, 9.67222 ], [ 77.66057, 9.67214 ], [ 77.64337, 9.67581 ], [ 77.62577, 9.68262 ], [ 77.62098, 9.68577 ], [ 77.61809, 9.68629 ], [ 77.61675, 9.68564 ], [ 77.61326, 9.68134 ], [ 77.61287, 9.67922 ], [ 77.60925, 9.67896 ], [ 77.6034, 9.67248 ], [ 77.60192, 9.66658 ], [ 77.59752, 9.66719 ], [ 77.58443, 9.66529 ], [ 77.5797, 9.65209 ], [ 77.5717, 9.65169 ], [ 77.57059, 9.6392 ], [ 77.57228, 9.63835 ], [ 77.58605, 9.63788 ], [ 77.58899, 9.63572 ], [ 77.58864, 9.63241 ], [ 77.58709, 9.62876 ], [ 77.59647, 9.62861 ], [ 77.59972, 9.62616 ], [ 77.60151, 9.62674 ], [ 77.60655, 9.63031 ], [ 77.60743, 9.63261 ], [ 77.60727, 9.63772 ], [ 77.60472, 9.63991 ], [ 77.6028, 9.64042 ], [ 77.60259, 9.64686 ], [ 77.60415, 9.65202 ], [ 77.60649, 9.65645 ], [ 77.60834, 9.66446 ], [ 77.6095, 9.66412 ], [ 77.6083, 9.65347 ], [ 77.60864, 9.64894 ], [ 77.6103, 9.64444 ], [ 77.61225, 9.64337 ], [ 77.61309, 9.64074 ], [ 77.61304, 9.63638 ], [ 77.61119, 9.62837 ], [ 77.61205, 9.62537 ], [ 77.6159, 9.62416 ], [ 77.61728, 9.62288 ], [ 77.61938, 9.62275 ], [ 77.61923, 9.62767 ], [ 77.63284, 9.63188 ], [ 77.63356, 9.62717 ], [ 77.63668, 9.62518 ], [ 77.63768, 9.6235 ], [ 77.63818, 9.61992 ], [ 77.63593, 9.61834 ], [ 77.6329, 9.61768 ], [ 77.63021, 9.61816 ], [ 77.62891, 9.61717 ], [ 77.62896, 9.61547 ], [ 77.63145, 9.61536 ], [ 77.63191, 9.61272 ], [ 77.63288, 9.61237 ], [ 77.63721, 9.61421 ], [ 77.63971, 9.61353 ], [ 77.63995, 9.61202 ], [ 77.64536, 9.60973 ], [ 77.64543, 9.60745 ], [ 77.65329, 9.60656 ], [ 77.65294, 9.60541 ], [ 77.65413, 9.60393 ], [ 77.65752, 9.60555 ], [ 77.65834, 9.60974 ], [ 77.65965, 9.61073 ], [ 77.66296, 9.60837 ], [ 77.67808, 9.59482 ], [ 77.6898, 9.57965 ], [ 77.69206, 9.56816 ], [ 77.68764, 9.56311 ], [ 77.68368, 9.56147 ], [ 77.6718, 9.55088 ], [ 77.66806, 9.5485 ], [ 77.65823, 9.55198 ], [ 77.64809, 9.55281 ], [ 77.6312, 9.55627 ], [ 77.63118, 9.55059 ], [ 77.62738, 9.55009 ], [ 77.62561, 9.54568 ], [ 77.62092, 9.54326 ], [ 77.61889, 9.54093 ], [ 77.60176, 9.55195 ], [ 77.59895, 9.55054 ], [ 77.59924, 9.54714 ], [ 77.58755, 9.53674 ], [ 77.58263, 9.52958 ], [ 77.57559, 9.52898 ], [ 77.56652, 9.52037 ], [ 77.56525, 9.51825 ], [ 77.55962, 9.51542 ], [ 77.55952, 9.51245 ], [ 77.55696, 9.51067 ], [ 77.55545, 9.50849 ], [ 77.55321, 9.507 ], [ 77.55164, 9.50695 ], [ 77.54855, 9.50075 ], [ 77.54541, 9.50065 ], [ 77.544, 9.49976 ], [ 77.54341, 9.49732 ], [ 77.53781, 9.49667 ], [ 77.53646, 9.49408 ], [ 77.53456, 9.49392 ], [ 77.53172, 9.49024 ], [ 77.53163, 9.4872 ], [ 77.52989, 9.48442 ], [ 77.5261, 9.48025 ], [ 77.52107, 9.47694 ], [ 77.51776, 9.46695 ], [ 77.51617, 9.46495 ], [ 77.51422, 9.45979 ], [ 77.51336, 9.45376 ], [ 77.50822, 9.45375 ], [ 77.50491, 9.44885 ], [ 77.50113, 9.44888 ], [ 77.50121, 9.44633 ], [ 77.49982, 9.44284 ], [ 77.4985, 9.4416 ], [ 77.49489, 9.44119 ], [ 77.48256, 9.43495 ], [ 77.47909, 9.43484 ], [ 77.47786, 9.43075 ], [ 77.47684, 9.42967 ], [ 77.47264, 9.42894 ], [ 77.4735, 9.42117 ], [ 77.47265, 9.41919 ], [ 77.47103, 9.41809 ], [ 77.46816, 9.418 ], [ 77.46706, 9.41482 ], [ 77.45987, 9.41309 ], [ 77.4532, 9.41408 ], [ 77.45164, 9.41553 ], [ 77.44952, 9.41591 ], [ 77.44819, 9.41481 ], [ 77.44071, 9.40363 ], [ 77.44375, 9.40298 ], [ 77.44455, 9.40151 ], [ 77.44429, 9.39566 ], [ 77.44296, 9.39471 ], [ 77.44286, 9.39306 ], [ 77.44643, 9.39003 ], [ 77.44694, 9.38825 ], [ 77.44652, 9.38284 ], [ 77.44534, 9.3819 ], [ 77.43907, 9.38455 ], [ 77.43711, 9.38437 ], [ 77.43638, 9.38676 ], [ 77.43422, 9.38829 ], [ 77.43445, 9.39053 ], [ 77.43072, 9.39192 ], [ 77.42595, 9.39501 ], [ 77.42321, 9.39385 ], [ 77.42072, 9.39636 ], [ 77.41967, 9.39938 ], [ 77.41549, 9.39884 ], [ 77.41472, 9.3973 ], [ 77.41084, 9.39769 ], [ 77.40875, 9.39443 ], [ 77.40657, 9.39444 ], [ 77.4059, 9.39363 ], [ 77.40307, 9.39452 ], [ 77.40271, 9.39628 ], [ 77.40011, 9.39584 ], [ 77.39936, 9.39497 ], [ 77.39851, 9.39606 ], [ 77.39709, 9.3963 ], [ 77.39361, 9.39393 ], [ 77.39603, 9.40127 ], [ 77.39433, 9.4067 ], [ 77.39562, 9.40807 ], [ 77.39531, 9.41006 ], [ 77.39773, 9.40984 ], [ 77.39812, 9.4118 ], [ 77.40082, 9.41219 ], [ 77.40056, 9.41548 ], [ 77.40392, 9.41454 ], [ 77.40431, 9.41635 ], [ 77.40704, 9.41584 ], [ 77.40666, 9.41823 ], [ 77.40827, 9.41978 ], [ 77.41145, 9.41943 ], [ 77.41125, 9.42092 ], [ 77.41294, 9.42023 ], [ 77.41685, 9.42051 ], [ 77.41788, 9.42144 ], [ 77.41798, 9.42294 ], [ 77.42177, 9.42246 ], [ 77.42399, 9.42373 ], [ 77.4255, 9.42843 ], [ 77.4287, 9.43213 ], [ 77.43539, 9.43055 ], [ 77.43845, 9.43394 ], [ 77.43828, 9.43933 ], [ 77.43993, 9.43954 ], [ 77.4415, 9.44243 ], [ 77.44513, 9.44195 ], [ 77.44454, 9.45108 ], [ 77.44591, 9.45517 ], [ 77.44389, 9.4569 ], [ 77.44404, 9.46635 ], [ 77.44509, 9.46638 ], [ 77.44727, 9.46451 ], [ 77.45019, 9.45815 ], [ 77.45308, 9.45765 ], [ 77.45518, 9.45816 ], [ 77.45809, 9.45676 ], [ 77.46597, 9.45581 ], [ 77.46863, 9.45754 ], [ 77.47091, 9.45717 ], [ 77.47111, 9.45552 ], [ 77.47273, 9.45375 ], [ 77.47848, 9.4528 ], [ 77.48558, 9.44976 ], [ 77.4864, 9.45107 ], [ 77.48577, 9.45289 ], [ 77.48901, 9.45441 ], [ 77.49584, 9.45974 ], [ 77.49716, 9.46319 ], [ 77.4921, 9.46502 ], [ 77.49077, 9.46625 ], [ 77.4917, 9.47295 ], [ 77.48982, 9.47346 ], [ 77.47753, 9.46881 ], [ 77.47369, 9.46826 ], [ 77.47166, 9.46905 ], [ 77.47318, 9.4708 ], [ 77.47418, 9.47538 ], [ 77.48077, 9.47928 ], [ 77.48039, 9.48225 ], [ 77.47925, 9.48207 ], [ 77.47731, 9.48002 ], [ 77.47323, 9.47804 ], [ 77.47244, 9.47603 ], [ 77.47031, 9.47568 ], [ 77.46656, 9.47655 ], [ 77.46679, 9.47812 ], [ 77.46933, 9.47934 ], [ 77.47455, 9.48589 ], [ 77.46995, 9.4866 ], [ 77.46806, 9.48313 ], [ 77.46603, 9.48406 ], [ 77.46326, 9.48142 ], [ 77.461, 9.48049 ], [ 77.46304, 9.47914 ], [ 77.4615, 9.4781 ], [ 77.46196, 9.47726 ], [ 77.46, 9.47606 ], [ 77.45668, 9.47695 ], [ 77.45487, 9.4741 ], [ 77.45318, 9.4731 ], [ 77.45182, 9.474 ], [ 77.45196, 9.47552 ], [ 77.44749, 9.47803 ], [ 77.44706, 9.47971 ], [ 77.44935, 9.48528 ], [ 77.44765, 9.48503 ], [ 77.44664, 9.48652 ], [ 77.44677, 9.4886 ], [ 77.44884, 9.48943 ], [ 77.45026, 9.4925 ], [ 77.45476, 9.48905 ], [ 77.45469, 9.48545 ], [ 77.45678, 9.48552 ], [ 77.45845, 9.48689 ], [ 77.46607, 9.48733 ], [ 77.46868, 9.48893 ], [ 77.46862, 9.49082 ], [ 77.46723, 9.49267 ], [ 77.46571, 9.49243 ], [ 77.46433, 9.49371 ], [ 77.46507, 9.49468 ], [ 77.4683, 9.49497 ], [ 77.47233, 9.49396 ], [ 77.47306, 9.49512 ], [ 77.473, 9.49701 ], [ 77.47084, 9.49903 ], [ 77.46892, 9.49916 ], [ 77.4635, 9.50182 ], [ 77.45891, 9.50224 ], [ 77.45687, 9.50615 ], [ 77.45759, 9.50769 ], [ 77.46043, 9.50816 ], [ 77.46092, 9.51083 ], [ 77.46411, 9.51244 ], [ 77.46867, 9.51278 ], [ 77.47168, 9.51491 ], [ 77.47348, 9.51452 ], [ 77.47638, 9.5121 ], [ 77.48085, 9.51224 ], [ 77.48011, 9.50748 ], [ 77.48444, 9.50733 ], [ 77.48558, 9.50869 ], [ 77.48962, 9.50823 ], [ 77.49063, 9.50456 ], [ 77.49171, 9.50342 ], [ 77.49395, 9.50334 ], [ 77.49403, 9.51 ], [ 77.50044, 9.51005 ], [ 77.50124, 9.51304 ], [ 77.50097, 9.51658 ], [ 77.50426, 9.51639 ], [ 77.50404, 9.51845 ], [ 77.50535, 9.51953 ], [ 77.51342, 9.51875 ], [ 77.51332, 9.522 ], [ 77.5121, 9.52285 ], [ 77.51199, 9.5261 ], [ 77.51361, 9.52674 ], [ 77.51496, 9.52634 ], [ 77.51593, 9.524 ], [ 77.51753, 9.52524 ], [ 77.51773, 9.5285 ], [ 77.52461, 9.52753 ], [ 77.52901, 9.52974 ], [ 77.53124, 9.52981 ], [ 77.5329, 9.52912 ], [ 77.53389, 9.52634 ], [ 77.53507, 9.52653 ], [ 77.53797, 9.52928 ], [ 77.54008, 9.52846 ], [ 77.54075, 9.5307 ], [ 77.54237, 9.53149 ], [ 77.54507, 9.53069 ], [ 77.54587, 9.52894 ], [ 77.54961, 9.52876 ], [ 77.55118, 9.53088 ], [ 77.55239, 9.5395 ], [ 77.55053, 9.54195 ], [ 77.55392, 9.54295 ], [ 77.55386, 9.54487 ], [ 77.55175, 9.54569 ], [ 77.54906, 9.55049 ], [ 77.54946, 9.55213 ], [ 77.55438, 9.55199 ], [ 77.55483, 9.55673 ], [ 77.55601, 9.55707 ], [ 77.56027, 9.55424 ], [ 77.55918, 9.5511 ], [ 77.55729, 9.54942 ], [ 77.55661, 9.54747 ], [ 77.55924, 9.54445 ], [ 77.56222, 9.54439 ], [ 77.56232, 9.54129 ], [ 77.56988, 9.54715 ], [ 77.57185, 9.54632 ], [ 77.57487, 9.54982 ], [ 77.57948, 9.54996 ], [ 77.58161, 9.54855 ], [ 77.58356, 9.54831 ], [ 77.58416, 9.55292 ], [ 77.58655, 9.55255 ], [ 77.58692, 9.55522 ], [ 77.59019, 9.55532 ], [ 77.59193, 9.56159 ], [ 77.59324, 9.56267 ], [ 77.59709, 9.56353 ], [ 77.59706, 9.56915 ], [ 77.59791, 9.5705 ], [ 77.60056, 9.57162 ], [ 77.60314, 9.57007 ], [ 77.60589, 9.56321 ], [ 77.61212, 9.55941 ], [ 77.6171, 9.55749 ], [ 77.62052, 9.55759 ], [ 77.62508, 9.55951 ], [ 77.62428, 9.56599 ], [ 77.62487, 9.56631 ], [ 77.62682, 9.56578 ], [ 77.62958, 9.56349 ], [ 77.63213, 9.56283 ], [ 77.63359, 9.56391 ], [ 77.63467, 9.56765 ], [ 77.63353, 9.57057 ], [ 77.63433, 9.57355 ], [ 77.63672, 9.57348 ], [ 77.64202, 9.57083 ], [ 77.64819, 9.56895 ], [ 77.64899, 9.5672 ], [ 77.65112, 9.56578 ], [ 77.65566, 9.56829 ], [ 77.65833, 9.5734 ], [ 77.6597, 9.57256 ], [ 77.66145, 9.56921 ], [ 77.65992, 9.56087 ], [ 77.66033, 9.55704 ], [ 77.67147, 9.55354 ], [ 77.67338, 9.55433 ], [ 77.67598, 9.55708 ], [ 77.67494, 9.56178 ], [ 77.67528, 9.56534 ], [ 77.67163, 9.56774 ], [ 77.67183, 9.57085 ], [ 77.67365, 9.57446 ], [ 77.67979, 9.57835 ], [ 77.68166, 9.58062 ], [ 77.68322, 9.58318 ], [ 77.68272, 9.58509 ], [ 77.67971, 9.58604 ], [ 77.67515, 9.58397 ], [ 77.67066, 9.58443 ], [ 77.66913, 9.58586 ], [ 77.66905, 9.58837 ], [ 77.66533, 9.58826 ], [ 77.66408, 9.59 ], [ 77.66336, 9.59412 ], [ 77.65784, 9.59395 ], [ 77.65357, 9.59249 ], [ 77.65146, 9.59316 ], [ 77.65117, 9.59774 ], [ 77.64994, 9.59903 ], [ 77.64845, 9.59884 ], [ 77.64354, 9.59366 ], [ 77.63895, 9.59263 ], [ 77.63401, 9.59337 ], [ 77.62977, 9.5956 ], [ 77.61897, 9.59764 ], [ 77.61581, 9.59872 ], [ 77.61425, 9.60075 ], [ 77.61246, 9.60084 ], [ 77.60875, 9.5954 ], [ 77.60736, 9.59713 ], [ 77.60468, 9.59705 ], [ 77.60349, 9.60175 ], [ 77.60048, 9.60239 ], [ 77.60044, 9.60372 ], [ 77.60602, 9.60656 ], [ 77.60713, 9.60926 ], [ 77.60732, 9.61252 ], [ 77.60456, 9.61495 ], [ 77.60001, 9.62206 ], [ 77.5967, 9.62314 ], [ 77.58664, 9.62075 ], [ 77.58595, 9.61881 ], [ 77.57817, 9.61502 ], [ 77.57677, 9.6169 ], [ 77.57481, 9.61743 ], [ 77.56631, 9.61746 ], [ 77.5644, 9.61681 ], [ 77.56035, 9.61283 ], [ 77.55588, 9.61254 ], [ 77.55359, 9.60966 ], [ 77.54491, 9.60599 ], [ 77.53972, 9.60508 ], [ 77.53583, 9.6054 ], [ 77.53512, 9.60893 ], [ 77.53611, 9.61547 ], [ 77.53853, 9.61895 ], [ 77.53906, 9.62119 ], [ 77.54193, 9.62468 ], [ 77.54483, 9.63203 ], [ 77.54533, 9.63974 ], [ 77.54437, 9.64178 ], [ 77.54153, 9.64198 ], [ 77.54051, 9.64107 ], [ 77.53846, 9.63538 ], [ 77.53492, 9.62949 ], [ 77.53331, 9.62826 ], [ 77.52934, 9.63124 ], [ 77.52701, 9.63413 ], [ 77.52122, 9.63335 ], [ 77.5208, 9.63734 ], [ 77.52417, 9.64366 ], [ 77.52641, 9.64358 ], [ 77.52854, 9.65179 ], [ 77.5335, 9.65505 ], [ 77.53572, 9.65571 ], [ 77.53708, 9.65516 ], [ 77.53765, 9.66066 ], [ 77.54302, 9.66068 ], [ 77.54487, 9.66325 ], [ 77.54521, 9.66667 ], [ 77.55057, 9.66713 ], [ 77.55148, 9.66657 ], [ 77.55184, 9.66466 ], [ 77.5491, 9.66176 ], [ 77.54657, 9.65679 ], [ 77.5441, 9.65021 ], [ 77.54389, 9.64739 ], [ 77.54528, 9.64595 ], [ 77.5538, 9.64518 ], [ 77.55331, 9.64665 ], [ 77.55735, 9.65092 ], [ 77.56477, 9.66151 ], [ 77.57168, 9.66468 ], [ 77.57465, 9.66492 ], [ 77.57617, 9.66882 ], [ 77.5823, 9.67301 ], [ 77.58239, 9.67479 ], [ 77.58482, 9.67353 ], [ 77.58629, 9.67417 ], [ 77.59516, 9.68155 ], [ 77.59945, 9.6873 ], [ 77.60678, 9.68679 ], [ 77.60732, 9.68858 ], [ 77.60634, 9.69107 ], [ 77.60639, 9.69433 ], [ 77.61072, 9.69431 ], [ 77.6108, 9.69165 ], [ 77.61539, 9.69247 ], [ 77.61543, 9.69602 ], [ 77.61857, 9.70026 ], [ 77.62033, 9.70135 ], [ 77.62409, 9.70029 ], [ 77.6258, 9.70285 ], [ 77.62978, 9.70461 ], [ 77.63122, 9.70139 ], [ 77.63349, 9.70043 ], [ 77.63662, 9.70052 ], [ 77.63939, 9.70253 ], [ 77.64079, 9.70539 ], [ 77.64363, 9.70533 ], [ 77.64347, 9.70103 ], [ 77.64455, 9.69988 ], [ 77.64386, 9.69793 ], [ 77.6448, 9.69663 ], [ 77.6482, 9.69762 ], [ 77.64939, 9.69751 ], [ 77.65063, 9.69622 ], [ 77.65074, 9.68793 ], [ 77.65224, 9.68768 ], [ 77.65037, 9.68526 ], [ 77.65106, 9.68232 ], [ 77.65691, 9.68131 ], [ 77.65773, 9.67882 ], [ 77.66025, 9.67949 ], [ 77.66339, 9.67914 ], [ 77.6648, 9.67696 ], [ 77.67075, 9.67759 ], [ 77.67146, 9.67865 ], [ 77.67558, 9.6804 ], [ 77.67903, 9.67991 ], [ 77.67968, 9.67801 ], [ 77.68105, 9.67731 ], [ 77.68474, 9.67846 ], [ 77.6854, 9.68114 ], [ 77.685, 9.68454 ], [ 77.6899, 9.69016 ], [ 77.69228, 9.69038 ], [ 77.69314, 9.69633 ], [ 77.69968, 9.69727 ], [ 77.70043, 9.69226 ], [ 77.70153, 9.69037 ], [ 77.70809, 9.69042 ], [ 77.71068, 9.69346 ], [ 77.71006, 9.70409 ], [ 77.71263, 9.70299 ], [ 77.71273, 9.70462 ], [ 77.71453, 9.70408 ], [ 77.7149, 9.70661 ], [ 77.71683, 9.70711 ], [ 77.71728, 9.71171 ], [ 77.71964, 9.71282 ], [ 77.72041, 9.72158 ], [ 77.72276, 9.72298 ], [ 77.72735, 9.72415 ], [ 77.73558, 9.72337 ], [ 77.73739, 9.71779 ], [ 77.74033, 9.71433 ], [ 77.74402, 9.71563 ], [ 77.74517, 9.71714 ], [ 77.74907, 9.71652 ], [ 77.75113, 9.71717 ], [ 77.75202, 9.71764 ], [ 77.75183, 9.71882 ], [ 77.75317, 9.71886 ], [ 77.75476, 9.72054 ], [ 77.75907, 9.72126 ], [ 77.76015, 9.72499 ], [ 77.76436, 9.72882 ], [ 77.76432, 9.73 ], [ 77.76299, 9.72981 ], [ 77.7598, 9.73164 ], [ 77.75802, 9.73618 ], [ 77.75542, 9.73832 ], [ 77.75773, 9.74076 ], [ 77.76068, 9.74203 ], [ 77.76264, 9.74608 ], [ 77.76824, 9.74862 ], [ 77.77143, 9.75168 ], [ 77.77205, 9.76073 ], [ 77.77523, 9.76408 ], [ 77.77576, 9.76631 ], [ 77.77835, 9.76935 ], [ 77.78253, 9.76948 ], [ 77.78569, 9.7726 ], [ 77.78714, 9.77193 ], [ 77.78802, 9.76651 ] ] ], [ [ [ 77.64621, 9.82366 ], [ 77.64857, 9.82462 ], [ 77.64923, 9.82257 ], [ 77.64582, 9.81684 ], [ 77.64984, 9.81252 ], [ 77.65122, 9.80664 ], [ 77.65596, 9.7982 ], [ 77.65699, 9.79378 ], [ 77.66094, 9.79154 ], [ 77.67053, 9.79064 ], [ 77.67285, 9.79279 ], [ 77.67449, 9.79758 ], [ 77.68253, 9.79841 ], [ 77.68427, 9.79995 ], [ 77.69284, 9.80287 ], [ 77.70505, 9.80383 ], [ 77.70711, 9.80479 ], [ 77.70792, 9.798 ], [ 77.70818, 9.77965 ], [ 77.71208, 9.77917 ], [ 77.71014, 9.7646 ], [ 77.71523, 9.76416 ], [ 77.72264, 9.76587 ], [ 77.73342, 9.76471 ], [ 77.74017, 9.76847 ], [ 77.74219, 9.7709 ], [ 77.74238, 9.7728 ], [ 77.74313, 9.77282 ], [ 77.74559, 9.77053 ], [ 77.74611, 9.76817 ], [ 77.74825, 9.76631 ], [ 77.7511, 9.76581 ], [ 77.75221, 9.76392 ], [ 77.75506, 9.76326 ], [ 77.75636, 9.76463 ], [ 77.75569, 9.76728 ], [ 77.75708, 9.77058 ], [ 77.76248, 9.76955 ], [ 77.76484, 9.77066 ], [ 77.76845, 9.77447 ], [ 77.77317, 9.77639 ], [ 77.77269, 9.77741 ], [ 77.76757, 9.77903 ], [ 77.76753, 9.78022 ], [ 77.76779, 9.78156 ], [ 77.76955, 9.78279 ], [ 77.77295, 9.78363 ], [ 77.77535, 9.78341 ], [ 77.77994, 9.7797 ], [ 77.78334, 9.77595 ], [ 77.78355, 9.77388 ], [ 77.78168, 9.77286 ], [ 77.77692, 9.77242 ], [ 77.77487, 9.77103 ], [ 77.77366, 9.7667 ], [ 77.77085, 9.76587 ], [ 77.76469, 9.76213 ], [ 77.76312, 9.75987 ], [ 77.76223, 9.75466 ], [ 77.75945, 9.75295 ], [ 77.75833, 9.75055 ], [ 77.75466, 9.74836 ], [ 77.75258, 9.74815 ], [ 77.75024, 9.74544 ], [ 77.74182, 9.74594 ], [ 77.74033, 9.74457 ], [ 77.73824, 9.74432 ], [ 77.73072, 9.74656 ], [ 77.72786, 9.74628 ], [ 77.71871, 9.73956 ], [ 77.70857, 9.74001 ], [ 77.70682, 9.7411 ], [ 77.70639, 9.74279 ], [ 77.70678, 9.74849 ], [ 77.69804, 9.75334 ], [ 77.69575, 9.75327 ], [ 77.69246, 9.7545 ], [ 77.68987, 9.75802 ], [ 77.69018, 9.7603 ], [ 77.6877, 9.76023 ], [ 77.68727, 9.76173 ], [ 77.68376, 9.76409 ], [ 77.68236, 9.76632 ], [ 77.68119, 9.76704 ], [ 77.67871, 9.76697 ], [ 77.67387, 9.76284 ], [ 77.67175, 9.76334 ], [ 77.66999, 9.76462 ], [ 77.66956, 9.76612 ], [ 77.66982, 9.77011 ], [ 77.66233, 9.7712 ], [ 77.66229, 9.77253 ], [ 77.66448, 9.77601 ], [ 77.66402, 9.77846 ], [ 77.66153, 9.77876 ], [ 77.65287, 9.77645 ], [ 77.65013, 9.77667 ], [ 77.64842, 9.77827 ], [ 77.64234, 9.77913 ], [ 77.64101, 9.78299 ], [ 77.64194, 9.79203 ], [ 77.64162, 9.79727 ], [ 77.633, 9.79716 ], [ 77.62831, 9.7874 ], [ 77.62296, 9.78439 ], [ 77.62075, 9.77756 ], [ 77.61698, 9.7773 ], [ 77.61725, 9.78286 ], [ 77.61949, 9.78383 ], [ 77.62203, 9.78976 ], [ 77.62097, 9.78988 ], [ 77.62188, 9.79456 ], [ 77.61974, 9.7954 ], [ 77.61952, 9.79764 ], [ 77.62219, 9.79937 ], [ 77.62506, 9.80306 ], [ 77.62907, 9.8046 ], [ 77.63067, 9.80679 ], [ 77.63152, 9.81037 ], [ 77.63315, 9.8116 ], [ 77.64286, 9.82907 ], [ 77.64253, 9.82681 ], [ 77.64621, 9.82366 ] ] ], [ [ [ 77.55474, 9.72098 ], [ 77.5555, 9.72408 ], [ 77.55576, 9.72416 ], [ 77.55474, 9.72098 ] ] ], [ [ [ 77.47031, 9.57299 ], [ 77.46594, 9.57543 ], [ 77.46594, 9.57667 ], [ 77.47094, 9.57302 ], [ 77.47031, 9.57299 ] ] ], [ [ [ 77.4018, 9.4789 ], [ 77.40116, 9.4791 ], [ 77.40135, 9.47918 ], [ 77.4018, 9.4789 ] ] ] ] } },
{ "type": "Feature", "properties": { "Name": "VALLANADU BLACK BUCK SANCTUARY" }, "geometry": { "type": "Polygon", "coordinates": [ [ [ 77.89112, 8.73047 ], [ 77.89679, 8.72144 ], [ 77.90499, 8.71354 ], [ 77.91105, 8.70558 ], [ 77.91182, 8.70122 ], [ 77.91361, 8.69815 ], [ 77.90897, 8.69399 ], [ 77.90325, 8.69262 ], [ 77.90453, 8.68537 ], [ 77.90325, 8.67338 ], [ 77.90068, 8.67125 ], [ 77.90045, 8.6692 ], [ 77.89721, 8.66585 ], [ 77.89204, 8.66266 ], [ 77.86723, 8.67255 ], [ 77.87253, 8.69307 ], [ 77.87195, 8.7007 ], [ 77.87316, 8.70052 ], [ 77.87317, 8.70257 ], [ 77.87429, 8.7031 ], [ 77.87455, 8.70417 ], [ 77.8718, 8.70791 ], [ 77.86981, 8.71273 ], [ 77.86982, 8.72207 ], [ 77.86869, 8.7243 ], [ 77.86644, 8.72593 ], [ 77.87198, 8.73324 ], [ 77.87436, 8.73465 ], [ 77.87842, 8.73428 ], [ 77.89112, 8.73047 ] ], [ [ 77.87053, 8.72794 ], [ 77.8722, 8.7274 ], [ 77.87393, 8.72308 ], [ 77.87483, 8.71656 ], [ 77.8742, 8.71383 ], [ 77.87706, 8.7072 ], [ 77.87789, 8.70716 ], [ 77.87902, 8.70519 ], [ 77.87897, 8.70289 ], [ 77.87778, 8.70286 ], [ 77.87782, 8.69979 ], [ 77.87645, 8.69993 ], [ 77.87742, 8.69111 ], [ 77.88069, 8.69056 ], [ 77.88112, 8.68827 ], [ 77.8804, 8.68436 ], [ 77.89283, 8.66663 ], [ 77.89573, 8.67005 ], [ 77.89647, 8.67215 ], [ 77.89869, 8.67405 ], [ 77.89984, 8.68474 ], [ 77.8989, 8.69118 ], [ 77.89399, 8.69217 ], [ 77.8938, 8.69867 ], [ 77.89601, 8.70086 ], [ 77.8992, 8.70024 ], [ 77.90445, 8.69761 ], [ 77.90884, 8.69807 ], [ 77.90697, 8.70207 ], [ 77.90655, 8.70507 ], [ 77.90556, 8.70508 ], [ 77.90219, 8.70973 ], [ 77.89643, 8.71551 ], [ 77.88532, 8.7307 ], [ 77.88224, 8.73066 ], [ 77.87842, 8.73333 ], [ 77.87531, 8.73423 ], [ 77.87185, 8.73243 ], [ 77.86989, 8.72945 ], [ 77.87053, 8.72794 ] ] ] } },
{ "type": "Feature", "properties": { "Name": "GANGAIKONDAN SPOTTED DEER SANCTUARY" }, "geometry": { "type": "Polygon", "coordinates": [ [ [ 77.78535, 8.83004 ], [ 77.76995, 8.81707 ], [ 77.76707, 8.81895 ], [ 77.76396, 8.81778 ], [ 77.76222, 8.81793 ], [ 77.75919, 8.82031 ], [ 77.75691, 8.81972 ], [ 77.75307, 8.82307 ], [ 77.75494, 8.8228 ], [ 77.75693, 8.82074 ], [ 77.75822, 8.82177 ], [ 77.76074, 8.82099 ], [ 77.76311, 8.81873 ], [ 77.76487, 8.81921 ], [ 77.76713, 8.82137 ], [ 77.76865, 8.81894 ], [ 77.77158, 8.81863 ], [ 77.77741, 8.82364 ], [ 77.7794, 8.82745 ], [ 77.77737, 8.82876 ], [ 77.77734, 8.82968 ], [ 77.76869, 8.83039 ], [ 77.76874, 8.83183 ], [ 77.76471, 8.83456 ], [ 77.76818, 8.83829 ], [ 77.78199, 8.83079 ], [ 77.78535, 8.83004 ] ] ] } },
{ "type": "Feature", "properties": { "Name": " KOONTHAKULAM BIRD SANCTUARY" }, "geometry": { "type": "Polygon", "coordinates": [ [ [ 77.77551, 8.50164 ], [ 77.77968, 8.49803 ], [ 77.78026, 8.49515 ], [ 77.77817, 8.48608 ], [ 77.78016, 8.48287 ], [ 77.77559, 8.48235 ], [ 77.77208, 8.48392 ], [ 77.77028, 8.4839 ], [ 77.76879, 8.47906 ], [ 77.76874, 8.47608 ], [ 77.75222, 8.47967 ], [ 77.75059, 8.48228 ], [ 77.73723, 8.49034 ], [ 77.73767, 8.49118 ], [ 77.7366, 8.49502 ], [ 77.73969, 8.49575 ], [ 77.74548, 8.50023 ], [ 77.74678, 8.50334 ], [ 77.749, 8.50338 ], [ 77.75113, 8.50182 ], [ 77.7536, 8.50443 ], [ 77.75743, 8.50566 ], [ 77.76256, 8.50537 ], [ 77.76588, 8.50798 ], [ 77.77551, 8.50164 ] ], [ [ 77.76742, 8.4918 ], [ 77.7604, 8.49155 ], [ 77.75824, 8.48901 ], [ 77.75763, 8.48917 ], [ 77.75728, 8.48782 ], [ 77.75646, 8.48811 ], [ 77.75592, 8.48591 ], [ 77.75789, 8.48533 ], [ 77.76186, 8.48665 ], [ 77.76708, 8.49027 ], [ 77.77058, 8.48928 ], [ 77.77201, 8.49134 ], [ 77.77209, 8.49353 ], [ 77.76853, 8.49399 ], [ 77.76742, 8.4918 ] ], [ [ 77.75792, 8.50051 ], [ 77.75638, 8.50049 ], [ 77.75474, 8.498 ], [ 77.75249, 8.49708 ], [ 77.75172, 8.49446 ], [ 77.74997, 8.49438 ], [ 77.74901, 8.49309 ], [ 77.75175, 8.49329 ], [ 77.755, 8.49238 ], [ 77.75791, 8.49294 ], [ 77.7598, 8.50007 ], [ 77.75973, 8.5023 ], [ 77.75831, 8.50241 ], [ 77.75792, 8.50051 ] ] ] } },
{ "type": "Feature", "properties": { "Name": "Kannyakumari WLS (ESZ)" }, "geometry": { "type": "MultiPolygon", "coordinates": [ [ [ [ 77.56381, 8.18126 ], [ 77.55081, 8.16674 ], [ 77.54381, 8.16405 ], [ 77.5372, 8.16031 ], [ 77.52874, 8.15898 ], [ 77.52546, 8.16206 ], [ 77.52604, 8.16596 ], [ 77.53013, 8.17103 ], [ 77.53062, 8.17775 ], [ 77.52934, 8.18476 ], [ 77.52056, 8.19331 ], [ 77.4999, 8.20818 ], [ 77.51713, 8.20639 ], [ 77.5212, 8.20464 ], [ 77.52488, 8.20052 ], [ 77.5289, 8.20018 ], [ 77.53606, 8.19781 ], [ 77.54159, 8.18717 ], [ 77.54194, 8.18365 ], [ 77.53992, 8.18053 ], [ 77.53909, 8.17674 ], [ 77.53472, 8.1733 ], [ 77.53299, 8.16831 ], [ 77.52929, 8.16584 ], [ 77.52843, 8.16322 ], [ 77.52943, 8.16137 ], [ 77.53132, 8.16143 ], [ 77.53457, 8.16318 ], [ 77.55067, 8.17663 ], [ 77.55359, 8.18119 ], [ 77.55086, 8.18534 ], [ 77.55917, 8.19148 ], [ 77.55216, 8.19644 ], [ 77.55188, 8.19808 ], [ 77.55321, 8.20071 ], [ 77.55598, 8.20268 ], [ 77.55545, 8.20454 ], [ 77.55141, 8.20536 ], [ 77.55032, 8.21003 ], [ 77.55045, 8.21309 ], [ 77.55178, 8.21596 ], [ 77.55502, 8.21818 ], [ 77.55423, 8.22051 ], [ 77.5478, 8.22219 ], [ 77.54752, 8.22382 ], [ 77.55022, 8.22791 ], [ 77.54872, 8.23045 ], [ 77.54349, 8.23146 ], [ 77.53942, 8.23322 ], [ 77.53617, 8.239 ], [ 77.53263, 8.23889 ], [ 77.53057, 8.2367 ], [ 77.53068, 8.23341 ], [ 77.53488, 8.22743 ], [ 77.52981, 8.2235 ], [ 77.52513, 8.22218 ], [ 77.50899, 8.22294 ], [ 77.51904, 8.22997 ], [ 77.5335, 8.24313 ], [ 77.54191, 8.24622 ], [ 77.55241, 8.23914 ], [ 77.55752, 8.23436 ], [ 77.5609, 8.22846 ], [ 77.56362, 8.22078 ], [ 77.56572, 8.19932 ], [ 77.56799, 8.19445 ], [ 77.56817, 8.18881 ], [ 77.56381, 8.18126 ] ] ], [ [ [ 77.5111, 8.26888 ], [ 77.5094, 8.26521 ], [ 77.50695, 8.26224 ], [ 77.50268, 8.25957 ], [ 77.49551, 8.25681 ], [ 77.49006, 8.257 ], [ 77.47069, 8.24988 ], [ 77.46401, 8.25539 ], [ 77.46283, 8.25889 ], [ 77.46541, 8.26674 ], [ 77.46565, 8.27028 ], [ 77.46075, 8.2793 ], [ 77.46026, 8.28352 ], [ 77.46403, 8.28752 ], [ 77.46405, 8.28413 ], [ 77.46597, 8.28173 ], [ 77.47304, 8.27909 ], [ 77.476, 8.27653 ], [ 77.47932, 8.27541 ], [ 77.48751, 8.27628 ], [ 77.49476, 8.27467 ], [ 77.49886, 8.2748 ], [ 77.50387, 8.27885 ], [ 77.50882, 8.28453 ], [ 77.5115, 8.28441 ], [ 77.51322, 8.28181 ], [ 77.51354, 8.27834 ], [ 77.51581, 8.27145 ], [ 77.5194, 8.27023 ], [ 77.5111, 8.26888 ] ] ], [ [ [ 77.51658, 8.35494 ], [ 77.50797, 8.35614 ], [ 77.5034, 8.36041 ], [ 77.50364, 8.36218 ], [ 77.51134, 8.36154 ], [ 77.51525, 8.3596 ], [ 77.51711, 8.35672 ], [ 77.51658, 8.35494 ] ] ], [ [ [ 77.51392, 8.34573 ], [ 77.51121, 8.34712 ], [ 77.51262, 8.34922 ], [ 77.51439, 8.34928 ], [ 77.51564, 8.34726 ], [ 77.51392, 8.34573 ] ] ], [ [ [ 77.50973, 8.36591 ], [ 77.50709, 8.36523 ], [ 77.50636, 8.36962 ], [ 77.50692, 8.37053 ], [ 77.50899, 8.3703 ], [ 77.51025, 8.36798 ], [ 77.50973, 8.36591 ] ] ], [ [ [ 77.49581, 8.29772 ], [ 77.49233, 8.29555 ], [ 77.48795, 8.29394 ], [ 77.48365, 8.29439 ], [ 77.48859, 8.29537 ], [ 77.49347, 8.298 ], [ 77.49468, 8.30439 ], [ 77.4893, 8.30634 ], [ 77.48039, 8.30782 ], [ 77.45789, 8.32405 ], [ 77.45392, 8.32604 ], [ 77.44895, 8.32624 ], [ 77.43992, 8.32029 ], [ 77.43429, 8.31905 ], [ 77.43704, 8.32438 ], [ 77.44166, 8.32776 ], [ 77.44902, 8.32859 ], [ 77.45436, 8.32788 ], [ 77.46184, 8.32488 ], [ 77.47429, 8.31439 ], [ 77.48181, 8.31022 ], [ 77.48719, 8.30833 ], [ 77.49253, 8.30762 ], [ 77.49524, 8.30623 ], [ 77.49617, 8.30479 ], [ 77.49581, 8.29772 ] ] ], [ [ [ 77.47698, 8.3731 ], [ 77.47543, 8.37541 ], [ 77.47501, 8.37922 ], [ 77.47584, 8.38101 ], [ 77.47818, 8.38168 ], [ 77.48029, 8.38057 ], [ 77.48439, 8.37246 ], [ 77.47698, 8.3731 ] ] ], [ [ [ 77.47205, 8.34292 ], [ 77.47078, 8.34553 ], [ 77.47221, 8.34705 ], [ 77.47428, 8.34682 ], [ 77.47528, 8.34332 ], [ 77.47205, 8.34292 ] ] ], [ [ [ 77.47371, 8.36446 ], [ 77.47164, 8.36469 ], [ 77.47125, 8.36762 ], [ 77.47392, 8.36712 ], [ 77.47371, 8.36446 ] ] ], [ [ [ 77.46574, 8.37333 ], [ 77.46224, 8.37204 ], [ 77.45313, 8.37028 ], [ 77.45286, 8.36056 ], [ 77.45636, 8.35272 ], [ 77.45621, 8.3483 ], [ 77.45363, 8.34586 ], [ 77.44798, 8.34686 ], [ 77.44611, 8.34974 ], [ 77.42931, 8.34861 ], [ 77.42704, 8.3456 ], [ 77.42712, 8.34324 ], [ 77.43232, 8.33782 ], [ 77.43393, 8.33375 ], [ 77.4268, 8.3347 ], [ 77.42121, 8.33422 ], [ 77.41742, 8.34146 ], [ 77.41405, 8.3543 ], [ 77.40952, 8.3571 ], [ 77.39381, 8.35865 ], [ 77.39048, 8.36089 ], [ 77.39013, 8.36265 ], [ 77.39067, 8.36414 ], [ 77.39269, 8.36567 ], [ 77.39739, 8.36671 ], [ 77.39882, 8.36793 ], [ 77.40017, 8.3721 ], [ 77.40252, 8.37247 ], [ 77.40522, 8.37108 ], [ 77.40744, 8.36674 ], [ 77.42015, 8.36656 ], [ 77.43046, 8.36778 ], [ 77.43525, 8.36588 ], [ 77.43765, 8.37361 ], [ 77.44015, 8.37869 ], [ 77.45172, 8.3773 ], [ 77.45621, 8.37568 ], [ 77.46863, 8.37549 ], [ 77.46574, 8.37333 ] ] ], [ [ [ 77.46247, 8.41061 ], [ 77.46018, 8.40818 ], [ 77.45831, 8.40194 ], [ 77.45547, 8.39861 ], [ 77.45307, 8.39942 ], [ 77.45519, 8.40714 ], [ 77.45957, 8.41788 ], [ 77.46225, 8.41738 ], [ 77.46407, 8.41596 ], [ 77.46414, 8.4139 ], [ 77.46247, 8.41061 ] ] ], [ [ [ 77.43911, 8.26907 ], [ 77.42465, 8.26684 ], [ 77.41416, 8.26261 ], [ 77.41005, 8.25824 ], [ 77.40871, 8.25573 ], [ 77.40007, 8.24909 ], [ 77.39653, 8.24898 ], [ 77.39007, 8.25124 ], [ 77.38249, 8.25558 ], [ 77.37995, 8.26821 ], [ 77.37581, 8.27549 ], [ 77.37569, 8.27901 ], [ 77.37842, 8.28228 ], [ 77.3794, 8.28478 ], [ 77.37958, 8.29009 ], [ 77.37734, 8.29354 ], [ 77.37262, 8.29692 ], [ 77.37213, 8.30114 ], [ 77.37188, 8.30855 ], [ 77.37713, 8.32143 ], [ 77.38242, 8.32231 ], [ 77.38128, 8.31733 ], [ 77.38146, 8.30291 ], [ 77.38304, 8.29973 ], [ 77.39144, 8.29588 ], [ 77.39191, 8.2906 ], [ 77.39768, 8.27667 ], [ 77.3995, 8.27525 ], [ 77.40096, 8.27589 ], [ 77.40452, 8.27542 ], [ 77.40995, 8.27177 ], [ 77.41707, 8.27118 ], [ 77.42729, 8.27292 ], [ 77.43754, 8.27361 ], [ 77.44008, 8.27192 ], [ 77.43911, 8.26907 ] ] ], [ [ [ 77.43025, 8.42842 ], [ 77.42636, 8.42093 ], [ 77.42103, 8.42105 ], [ 77.41742, 8.423 ], [ 77.41759, 8.42683 ], [ 77.4137, 8.42818 ], [ 77.40866, 8.4286 ], [ 77.40475, 8.43054 ], [ 77.39658, 8.43645 ], [ 77.3954, 8.45438 ], [ 77.39677, 8.45766 ], [ 77.39999, 8.45865 ], [ 77.39723, 8.4615 ], [ 77.39681, 8.46532 ], [ 77.4009, 8.46692 ], [ 77.40387, 8.46643 ], [ 77.40405, 8.46114 ], [ 77.40712, 8.4577 ], [ 77.41313, 8.45466 ], [ 77.41334, 8.44819 ], [ 77.41728, 8.44537 ], [ 77.42328, 8.44291 ], [ 77.4249, 8.43855 ], [ 77.42797, 8.43512 ], [ 77.43309, 8.43204 ], [ 77.43374, 8.4303 ], [ 77.43025, 8.42842 ] ] ], [ [ [ 77.40691, 8.40087 ], [ 77.4036, 8.40253 ], [ 77.40347, 8.40665 ], [ 77.40643, 8.40645 ], [ 77.408, 8.40356 ], [ 77.40691, 8.40087 ] ] ], [ [ [ 77.38865, 8.44356 ], [ 77.38892, 8.44445 ], [ 77.38491, 8.44962 ], [ 77.38715, 8.45322 ], [ 77.38737, 8.45559 ], [ 77.38601, 8.46114 ], [ 77.38645, 8.46557 ], [ 77.38965, 8.46715 ], [ 77.39221, 8.45221 ], [ 77.38865, 8.44356 ] ] ], [ [ [ 77.37835, 8.45117 ], [ 77.36533, 8.45133 ], [ 77.36377, 8.45393 ], [ 77.36605, 8.45636 ], [ 77.37165, 8.45714 ], [ 77.37592, 8.46199 ], [ 77.37802, 8.46117 ], [ 77.37915, 8.45385 ], [ 77.37835, 8.45117 ] ] ], [ [ [ 77.35667, 8.44487 ], [ 77.34338, 8.44443 ], [ 77.34067, 8.44581 ], [ 77.33994, 8.44991 ], [ 77.34166, 8.45173 ], [ 77.34409, 8.44975 ], [ 77.34477, 8.44712 ], [ 77.34831, 8.44724 ], [ 77.35199, 8.45237 ], [ 77.35647, 8.45104 ], [ 77.35832, 8.44875 ], [ 77.35843, 8.44551 ], [ 77.35667, 8.44487 ] ] ], [ [ [ 77.33362, 8.35038 ], [ 77.31601, 8.35721 ], [ 77.3077, 8.36188 ], [ 77.29704, 8.37318 ], [ 77.29433, 8.37981 ], [ 77.29415, 8.3851 ], [ 77.29683, 8.38978 ], [ 77.30096, 8.3938 ], [ 77.3018, 8.40054 ], [ 77.305, 8.39552 ], [ 77.30877, 8.39612 ], [ 77.31436, 8.39866 ], [ 77.31911, 8.39788 ], [ 77.32302, 8.39424 ], [ 77.32176, 8.38949 ], [ 77.31568, 8.3874 ], [ 77.3111, 8.38301 ], [ 77.30771, 8.38525 ], [ 77.30669, 8.38757 ], [ 77.3048, 8.38751 ], [ 77.30496, 8.38281 ], [ 77.30896, 8.37634 ], [ 77.31372, 8.37185 ], [ 77.32183, 8.368 ], [ 77.33586, 8.36375 ], [ 77.34742, 8.35383 ], [ 77.3529, 8.34631 ], [ 77.33362, 8.35038 ] ] ], [ [ [ 77.32308, 8.40649 ], [ 77.31727, 8.41053 ], [ 77.31491, 8.41046 ], [ 77.30692, 8.40878 ], [ 77.3023, 8.40657 ], [ 77.30059, 8.41534 ], [ 77.30462, 8.43279 ], [ 77.30367, 8.43982 ], [ 77.30185, 8.44118 ], [ 77.29665, 8.43747 ], [ 77.28877, 8.42908 ], [ 77.28314, 8.42783 ], [ 77.27809, 8.43014 ], [ 77.2751, 8.43463 ], [ 77.26465, 8.43958 ], [ 77.25773, 8.44465 ], [ 77.24469, 8.45234 ], [ 77.24156, 8.46107 ], [ 77.23752, 8.46517 ], [ 77.23144, 8.46638 ], [ 77.23774, 8.46688 ], [ 77.24056, 8.46605 ], [ 77.24413, 8.4634 ], [ 77.24752, 8.45912 ], [ 77.24859, 8.45477 ], [ 77.2508, 8.45138 ], [ 77.25591, 8.45109 ], [ 77.26269, 8.44947 ], [ 77.27654, 8.44462 ], [ 77.28056, 8.44244 ], [ 77.28129, 8.43461 ], [ 77.28456, 8.4338 ], [ 77.29033, 8.43468 ], [ 77.29392, 8.4385 ], [ 77.2947, 8.44291 ], [ 77.29645, 8.44597 ], [ 77.29872, 8.44744 ], [ 77.30196, 8.44754 ], [ 77.30666, 8.44585 ], [ 77.31346, 8.43961 ], [ 77.31354, 8.43726 ], [ 77.30945, 8.43241 ], [ 77.30952, 8.43006 ], [ 77.31162, 8.42401 ], [ 77.31557, 8.41896 ], [ 77.32327, 8.41497 ], [ 77.32527, 8.41174 ], [ 77.32538, 8.40845 ], [ 77.32308, 8.40649 ] ] ] ] } },
{ "type": "Feature", "properties": { "Name": "Cauvery-north WLS" }, "geometry": { "type": "MultiPolygon", "coordinates": [ [ [ [ 77.63324, 12.59329 ], [ 77.62698, 12.59025 ], [ 77.61666, 12.5881 ], [ 77.61184, 12.5889 ], [ 77.60965, 12.57352 ], [ 77.60635, 12.56541 ], [ 77.60642, 12.56326 ], [ 77.61094, 12.55885 ], [ 77.62055, 12.55555 ], [ 77.62781, 12.55124 ], [ 77.63147, 12.54691 ], [ 77.63276, 12.54369 ], [ 77.64371, 12.53428 ], [ 77.6469, 12.52982 ], [ 77.64821, 12.5265 ], [ 77.64888, 12.51879 ], [ 77.65709, 12.51795 ], [ 77.66046, 12.51664 ], [ 77.66534, 12.51238 ], [ 77.66748, 12.50693 ], [ 77.671, 12.50569 ], [ 77.67381, 12.50306 ], [ 77.67624, 12.49692 ], [ 77.67619, 12.48961 ], [ 77.67376, 12.48545 ], [ 77.66793, 12.48162 ], [ 77.67053, 12.47232 ], [ 77.67407, 12.46987 ], [ 77.67752, 12.46466 ], [ 77.67854, 12.45796 ], [ 77.6831, 12.45688 ], [ 77.69, 12.45175 ], [ 77.69515, 12.45147 ], [ 77.6984, 12.4501 ], [ 77.70517, 12.45697 ], [ 77.71024, 12.45874 ], [ 77.71568, 12.45728 ], [ 77.71942, 12.45272 ], [ 77.72638, 12.45293 ], [ 77.73051, 12.45151 ], [ 77.73295, 12.44922 ], [ 77.73444, 12.44598 ], [ 77.73674, 12.42447 ], [ 77.73969, 12.42576 ], [ 77.74502, 12.42658 ], [ 77.75371, 12.42506 ], [ 77.76469, 12.41856 ], [ 77.76717, 12.41563 ], [ 77.76971, 12.40821 ], [ 77.77239, 12.40453 ], [ 77.77366, 12.39639 ], [ 77.7793, 12.3987 ], [ 77.78529, 12.40793 ], [ 77.7893, 12.41878 ], [ 77.79487, 12.42705 ], [ 77.80268, 12.43201 ], [ 77.80871, 12.43291 ], [ 77.81229, 12.43236 ], [ 77.82004, 12.42771 ], [ 77.82759, 12.42093 ], [ 77.83196, 12.42066 ], [ 77.83995, 12.41738 ], [ 77.84348, 12.41711 ], [ 77.84679, 12.41767 ], [ 77.84876, 12.42327 ], [ 77.85424, 12.42826 ], [ 77.8553, 12.4304 ], [ 77.85573, 12.43968 ], [ 77.85235, 12.442 ], [ 77.85041, 12.44529 ], [ 77.85026, 12.45398 ], [ 77.84728, 12.45674 ], [ 77.84573, 12.46023 ], [ 77.84573, 12.46918 ], [ 77.84792, 12.47348 ], [ 77.85205, 12.47606 ], [ 77.87141, 12.47663 ], [ 77.87423, 12.47741 ], [ 77.86714, 12.47922 ], [ 77.86254, 12.48229 ], [ 77.86004, 12.48551 ], [ 77.85923, 12.48975 ], [ 77.85991, 12.4997 ], [ 77.86089, 12.50286 ], [ 77.86539, 12.50917 ], [ 77.87251, 12.51273 ], [ 77.87346, 12.51733 ], [ 77.8752, 12.52079 ], [ 77.87209, 12.52718 ], [ 77.87174, 12.53309 ], [ 77.87293, 12.53916 ], [ 77.87499, 12.54283 ], [ 77.87749, 12.54505 ], [ 77.88211, 12.54649 ], [ 77.89, 12.55254 ], [ 77.89398, 12.55363 ], [ 77.90226, 12.55245 ], [ 77.91481, 12.54589 ], [ 77.92245, 12.54911 ], [ 77.93079, 12.54904 ], [ 77.93471, 12.54681 ], [ 77.94141, 12.54923 ], [ 77.95571, 12.54842 ], [ 77.9586, 12.54728 ], [ 77.96579, 12.54216 ], [ 77.97059, 12.53444 ], [ 77.97279, 12.5289 ], [ 77.97935, 12.5239 ], [ 77.98162, 12.51852 ], [ 77.98197, 12.51548 ], [ 77.98059, 12.50951 ], [ 77.97802, 12.50418 ], [ 77.97317, 12.49905 ], [ 77.96721, 12.49678 ], [ 77.96372, 12.49631 ], [ 77.96428, 12.4889 ], [ 77.96158, 12.48301 ], [ 77.95848, 12.48033 ], [ 77.95454, 12.47923 ], [ 77.95182, 12.47454 ], [ 77.9459, 12.47138 ], [ 77.94751, 12.46754 ], [ 77.94786, 12.46377 ], [ 77.95372, 12.45373 ], [ 77.97152, 12.43617 ], [ 77.97428, 12.42694 ], [ 77.97963, 12.42026 ], [ 77.98112, 12.41529 ], [ 77.98129, 12.41051 ], [ 77.97961, 12.40582 ], [ 77.98001, 12.40237 ], [ 77.97928, 12.3966 ], [ 77.97564, 12.38943 ], [ 77.96937, 12.38412 ], [ 77.97134, 12.37872 ], [ 77.97061, 12.37216 ], [ 77.96887, 12.36876 ], [ 77.96448, 12.36479 ], [ 77.96587, 12.36026 ], [ 77.9652, 12.3521 ], [ 77.96246, 12.34734 ], [ 77.95938, 12.34472 ], [ 77.95802, 12.33802 ], [ 77.95608, 12.33472 ], [ 77.9501, 12.32973 ], [ 77.94231, 12.32655 ], [ 77.93897, 12.32162 ], [ 77.93502, 12.31923 ], [ 77.9282, 12.31814 ], [ 77.92118, 12.31905 ], [ 77.91512, 12.32096 ], [ 77.90281, 12.32214 ], [ 77.89743, 12.32496 ], [ 77.89127, 12.32664 ], [ 77.88041, 12.32768 ], [ 77.88167, 12.31853 ], [ 77.88378, 12.31245 ], [ 77.88408, 12.30245 ], [ 77.88333, 12.29108 ], [ 77.88204, 12.2853 ], [ 77.88034, 12.28235 ], [ 77.87905, 12.26838 ], [ 77.87332, 12.25498 ], [ 77.86922, 12.25098 ], [ 77.86565, 12.2495 ], [ 77.86178, 12.24961 ], [ 77.85686, 12.25112 ], [ 77.85093, 12.25518 ], [ 77.84459, 12.24528 ], [ 77.84136, 12.24157 ], [ 77.8378, 12.23954 ], [ 77.83368, 12.23925 ], [ 77.828, 12.24071 ], [ 77.82248, 12.24502 ], [ 77.81977, 12.25113 ], [ 77.81929, 12.25483 ], [ 77.81618, 12.25705 ], [ 77.81333, 12.26134 ], [ 77.81015, 12.27036 ], [ 77.80419, 12.27153 ], [ 77.79752, 12.27621 ], [ 77.79063, 12.27635 ], [ 77.78502, 12.2788 ], [ 77.77845, 12.27498 ], [ 77.74797, 12.27228 ], [ 77.74493, 12.27014 ], [ 77.73957, 12.26834 ], [ 77.73545, 12.26862 ], [ 77.73188, 12.27064 ], [ 77.72918, 12.27522 ], [ 77.72869, 12.28346 ], [ 77.72498, 12.28914 ], [ 77.72461, 12.2957 ], [ 77.72178, 12.29788 ], [ 77.72001, 12.30098 ], [ 77.71955, 12.30987 ], [ 77.72248, 12.31848 ], [ 77.72882, 12.32644 ], [ 77.72738, 12.34034 ], [ 77.72895, 12.3454 ], [ 77.73174, 12.34804 ], [ 77.73513, 12.34928 ], [ 77.73849, 12.34919 ], [ 77.74187, 12.34783 ], [ 77.74543, 12.34801 ], [ 77.74164, 12.35209 ], [ 77.74016, 12.35523 ], [ 77.73697, 12.35614 ], [ 77.73306, 12.35878 ], [ 77.72981, 12.36312 ], [ 77.72324, 12.36781 ], [ 77.72154, 12.37231 ], [ 77.72254, 12.37726 ], [ 77.71963, 12.38521 ], [ 77.71454, 12.39051 ], [ 77.7067, 12.38879 ], [ 77.70056, 12.3889 ], [ 77.69344, 12.39057 ], [ 77.67542, 12.40402 ], [ 77.67357, 12.40678 ], [ 77.67266, 12.41044 ], [ 77.66741, 12.4151 ], [ 77.66522, 12.41977 ], [ 77.65037, 12.43236 ], [ 77.64291, 12.44186 ], [ 77.64043, 12.45063 ], [ 77.64277, 12.46014 ], [ 77.64133, 12.4627 ], [ 77.63624, 12.46112 ], [ 77.63021, 12.46194 ], [ 77.62965, 12.46214 ], [ 77.63058, 12.46517 ], [ 77.62922, 12.46683 ], [ 77.63041, 12.46818 ], [ 77.63074, 12.47033 ], [ 77.63557, 12.47014 ], [ 77.64153, 12.47262 ], [ 77.64621, 12.47257 ], [ 77.65321, 12.46072 ], [ 77.65289, 12.45841 ], [ 77.65064, 12.45547 ], [ 77.6496, 12.45142 ], [ 77.65093, 12.4463 ], [ 77.65682, 12.43882 ], [ 77.66442, 12.43216 ], [ 77.67238, 12.42685 ], [ 77.67472, 12.4206 ], [ 77.68112, 12.41524 ], [ 77.68205, 12.4103 ], [ 77.69661, 12.39906 ], [ 77.70171, 12.39787 ], [ 77.70677, 12.39783 ], [ 77.71026, 12.39851 ], [ 77.71175, 12.40066 ], [ 77.71461, 12.40266 ], [ 77.71659, 12.40138 ], [ 77.72765, 12.39004 ], [ 77.73085, 12.38114 ], [ 77.73306, 12.37872 ], [ 77.73071, 12.3731 ], [ 77.73704, 12.36984 ], [ 77.73851, 12.36606 ], [ 77.7411, 12.36422 ], [ 77.74579, 12.36379 ], [ 77.7482, 12.36137 ], [ 77.7491, 12.35738 ], [ 77.75372, 12.35254 ], [ 77.75683, 12.34651 ], [ 77.7567, 12.3444 ], [ 77.75406, 12.34164 ], [ 77.74907, 12.3392 ], [ 77.73974, 12.33873 ], [ 77.73658, 12.34036 ], [ 77.73822, 12.32491 ], [ 77.73603, 12.32025 ], [ 77.73076, 12.31455 ], [ 77.72862, 12.30836 ], [ 77.72876, 12.30377 ], [ 77.73209, 12.30292 ], [ 77.73291, 12.3016 ], [ 77.73381, 12.29761 ], [ 77.7338, 12.29168 ], [ 77.73746, 12.28643 ], [ 77.73813, 12.27727 ], [ 77.74102, 12.27831 ], [ 77.74405, 12.28089 ], [ 77.77626, 12.28376 ], [ 77.78254, 12.28815 ], [ 77.78562, 12.2892 ], [ 77.79255, 12.28519 ], [ 77.8013, 12.28545 ], [ 77.80809, 12.27972 ], [ 77.81707, 12.27864 ], [ 77.82135, 12.26576 ], [ 77.82298, 12.26313 ], [ 77.82733, 12.26096 ], [ 77.82836, 12.25908 ], [ 77.82851, 12.25392 ], [ 77.82978, 12.25051 ], [ 77.83236, 12.24867 ], [ 77.8351, 12.24818 ], [ 77.8461, 12.26418 ], [ 77.84957, 12.26524 ], [ 77.85329, 12.26439 ], [ 77.86123, 12.25907 ], [ 77.86397, 12.25839 ], [ 77.8653, 12.25938 ], [ 77.87039, 12.27139 ], [ 77.8713, 12.28002 ], [ 77.87096, 12.28499 ], [ 77.87339, 12.28831 ], [ 77.87424, 12.29235 ], [ 77.87463, 12.31169 ], [ 77.87254, 12.3166 ], [ 77.87127, 12.3267 ], [ 77.8681, 12.32872 ], [ 77.86839, 12.33198 ], [ 77.87662, 12.33661 ], [ 77.88128, 12.33675 ], [ 77.89299, 12.33555 ], [ 77.90123, 12.3333 ], [ 77.905, 12.33092 ], [ 77.9169, 12.32992 ], [ 77.9226, 12.32798 ], [ 77.92807, 12.32718 ], [ 77.93233, 12.32788 ], [ 77.93383, 12.33002 ], [ 77.93428, 12.33444 ], [ 77.94164, 12.3356 ], [ 77.94529, 12.33743 ], [ 77.94927, 12.34079 ], [ 77.95021, 12.34885 ], [ 77.9502, 12.34885 ], [ 77.94186, 12.35434 ], [ 77.94101, 12.35661 ], [ 77.93765, 12.35843 ], [ 77.93296, 12.35925 ], [ 77.92913, 12.36374 ], [ 77.92902, 12.36737 ], [ 77.9409, 12.36713 ], [ 77.95149, 12.37107 ], [ 77.95444, 12.3704 ], [ 77.95849, 12.37167 ], [ 77.96172, 12.37444 ], [ 77.96221, 12.3777 ], [ 77.96039, 12.38014 ], [ 77.9597, 12.38356 ], [ 77.96129, 12.38935 ], [ 77.96833, 12.39491 ], [ 77.97053, 12.39937 ], [ 77.97029, 12.40778 ], [ 77.97213, 12.41128 ], [ 77.97206, 12.41377 ], [ 77.97161, 12.41586 ], [ 77.96535, 12.42353 ], [ 77.96376, 12.43133 ], [ 77.95978, 12.43428 ], [ 77.94632, 12.44826 ], [ 77.93874, 12.46125 ], [ 77.93862, 12.46526 ], [ 77.9355, 12.47207 ], [ 77.92959, 12.4807 ], [ 77.92832, 12.4843 ], [ 77.92986, 12.48492 ], [ 77.93476, 12.48391 ], [ 77.93874, 12.48096 ], [ 77.94364, 12.48014 ], [ 77.94556, 12.48116 ], [ 77.9481, 12.48754 ], [ 77.95411, 12.48829 ], [ 77.95522, 12.49043 ], [ 77.95493, 12.49367 ], [ 77.95327, 12.49707 ], [ 77.94849, 12.50057 ], [ 77.9484, 12.50363 ], [ 77.94951, 12.50577 ], [ 77.9512, 12.50812 ], [ 77.95571, 12.50709 ], [ 77.95966, 12.5051 ], [ 77.96452, 12.50543 ], [ 77.96857, 12.50688 ], [ 77.97191, 12.51253 ], [ 77.97279, 12.516 ], [ 77.97173, 12.51884 ], [ 77.96498, 12.52325 ], [ 77.96243, 12.53026 ], [ 77.95915, 12.53591 ], [ 77.95378, 12.53959 ], [ 77.94207, 12.54021 ], [ 77.9396, 12.53804 ], [ 77.93824, 12.5313 ], [ 77.93485, 12.53388 ], [ 77.93071, 12.53568 ], [ 77.91883, 12.53515 ], [ 77.90945, 12.53603 ], [ 77.90818, 12.53963 ], [ 77.89908, 12.54397 ], [ 77.89439, 12.5446 ], [ 77.88773, 12.53905 ], [ 77.88233, 12.53736 ], [ 77.88122, 12.53522 ], [ 77.881, 12.52947 ], [ 77.88615, 12.52005 ], [ 77.88222, 12.51457 ], [ 77.88138, 12.51015 ], [ 77.88171, 12.50556 ], [ 77.88063, 12.50266 ], [ 77.87615, 12.50253 ], [ 77.87397, 12.50381 ], [ 77.87148, 12.5024 ], [ 77.86906, 12.49869 ], [ 77.86842, 12.48925 ], [ 77.87081, 12.48752 ], [ 77.87701, 12.48606 ], [ 77.8827, 12.48508 ], [ 77.89169, 12.48517 ], [ 77.89326, 12.48833 ], [ 77.89635, 12.49104 ], [ 77.90109, 12.49395 ], [ 77.90426, 12.49388 ], [ 77.90566, 12.49147 ], [ 77.90494, 12.48784 ], [ 77.90323, 12.4837 ], [ 77.89955, 12.47836 ], [ 77.89532, 12.47513 ], [ 77.87273, 12.46761 ], [ 77.85476, 12.46742 ], [ 77.85475, 12.46202 ], [ 77.85866, 12.45919 ], [ 77.85959, 12.45611 ], [ 77.85916, 12.44808 ], [ 77.86485, 12.4471 ], [ 77.86638, 12.446 ], [ 77.86662, 12.44371 ], [ 77.86622, 12.44043 ], [ 77.86464, 12.43744 ], [ 77.86474, 12.42877 ], [ 77.86159, 12.42246 ], [ 77.85639, 12.41822 ], [ 77.85362, 12.41078 ], [ 77.84886, 12.40868 ], [ 77.84372, 12.40804 ], [ 77.83738, 12.40851 ], [ 77.82979, 12.41189 ], [ 77.82513, 12.41192 ], [ 77.81988, 12.41487 ], [ 77.81438, 12.4206 ], [ 77.80912, 12.42388 ], [ 77.80613, 12.42363 ], [ 77.80204, 12.42138 ], [ 77.79998, 12.41886 ], [ 77.79734, 12.41439 ], [ 77.7961, 12.4095 ], [ 77.79336, 12.40351 ], [ 77.786, 12.39177 ], [ 77.7784, 12.38837 ], [ 77.77061, 12.38602 ], [ 77.76676, 12.3859 ], [ 77.76422, 12.3881 ], [ 77.76453, 12.39826 ], [ 77.76382, 12.40127 ], [ 77.76082, 12.40346 ], [ 77.76054, 12.40754 ], [ 77.75904, 12.41144 ], [ 77.75179, 12.41623 ], [ 77.74543, 12.41755 ], [ 77.7419, 12.417 ], [ 77.73418, 12.41237 ], [ 77.72934, 12.41435 ], [ 77.72834, 12.41659 ], [ 77.72549, 12.44394 ], [ 77.71394, 12.44345 ], [ 77.71066, 12.44972 ], [ 77.70107, 12.43965 ], [ 77.69604, 12.43862 ], [ 77.69324, 12.44263 ], [ 77.69174, 12.44288 ], [ 77.68674, 12.44098 ], [ 77.68332, 12.44555 ], [ 77.67875, 12.44893 ], [ 77.67459, 12.4488 ], [ 77.67129, 12.44958 ], [ 77.66976, 12.451 ], [ 77.66915, 12.46092 ], [ 77.66728, 12.46379 ], [ 77.66092, 12.46711 ], [ 77.66138, 12.47151 ], [ 77.66033, 12.47645 ], [ 77.6559, 12.4848 ], [ 77.65612, 12.48744 ], [ 77.65903, 12.48958 ], [ 77.66555, 12.49036 ], [ 77.66729, 12.49187 ], [ 77.66718, 12.49538 ], [ 77.66621, 12.49798 ], [ 77.66234, 12.49787 ], [ 77.65769, 12.49422 ], [ 77.65525, 12.4959 ], [ 77.6567, 12.4974 ], [ 77.65834, 12.50184 ], [ 77.65788, 12.50709 ], [ 77.65544, 12.50907 ], [ 77.64023, 12.50978 ], [ 77.63915, 12.52496 ], [ 77.63728, 12.52783 ], [ 77.62839, 12.53575 ], [ 77.62387, 12.53737 ], [ 77.62372, 12.54204 ], [ 77.62156, 12.54461 ], [ 77.61859, 12.54423 ], [ 77.61462, 12.53796 ], [ 77.60401, 12.53442 ], [ 77.60281, 12.52531 ], [ 77.58815, 12.52362 ], [ 77.58848, 12.52668 ], [ 77.58661, 12.53026 ], [ 77.58544, 12.53685 ], [ 77.58638, 12.54578 ], [ 77.58231, 12.5498 ], [ 77.60063, 12.57528 ], [ 77.60398, 12.60113 ], [ 77.61025, 12.60074 ], [ 77.61572, 12.5971 ], [ 77.62401, 12.59882 ], [ 77.62754, 12.60039 ], [ 77.62882, 12.61653 ], [ 77.62631, 12.62055 ], [ 77.62671, 12.62671 ], [ 77.62814, 12.62851 ], [ 77.63079, 12.62946 ], [ 77.64147, 12.64062 ], [ 77.64533, 12.65039 ], [ 77.64971, 12.65345 ], [ 77.65063, 12.66197 ], [ 77.65205, 12.66436 ], [ 77.65766, 12.66599 ], [ 77.66056, 12.68367 ], [ 77.66949, 12.68086 ], [ 77.66669, 12.66422 ], [ 77.66517, 12.66076 ], [ 77.6625, 12.65829 ], [ 77.65924, 12.65705 ], [ 77.6581, 12.64974 ], [ 77.65637, 12.64721 ], [ 77.65223, 12.64364 ], [ 77.64925, 12.63578 ], [ 77.63613, 12.6221 ], [ 77.63783, 12.61832 ], [ 77.63813, 12.61304 ], [ 77.63613, 12.59716 ], [ 77.63324, 12.59329 ] ] ], [ [ [ 77.95475, 12.424 ], [ 77.95463, 12.421 ], [ 77.95391, 12.41799 ], [ 77.95214, 12.41594 ], [ 77.94464, 12.41553 ], [ 77.94171, 12.41165 ], [ 77.93909, 12.41078 ], [ 77.93559, 12.41248 ], [ 77.93301, 12.4172 ], [ 77.93599, 12.41948 ], [ 77.94004, 12.42678 ], [ 77.94718, 12.42578 ], [ 77.95013, 12.42906 ], [ 77.95475, 12.424 ] ] ], [ [ [ 77.94771, 12.38707 ], [ 77.94567, 12.38742 ], [ 77.9444, 12.38898 ], [ 77.9461, 12.39342 ], [ 77.94793, 12.39327 ], [ 77.95, 12.39193 ], [ 77.95045, 12.39035 ], [ 77.94989, 12.38873 ], [ 77.94771, 12.38707 ] ] ], [ [ [ 77.93952, 12.43774 ], [ 77.93886, 12.43932 ], [ 77.93879, 12.44191 ], [ 77.94018, 12.44295 ], [ 77.94144, 12.44159 ], [ 77.94153, 12.4386 ], [ 77.93952, 12.43774 ] ] ], [ [ [ 77.92901, 12.45681 ], [ 77.92694, 12.45795 ], [ 77.9273, 12.45955 ], [ 77.92892, 12.4598 ], [ 77.92958, 12.45802 ], [ 77.92901, 12.45681 ] ] ], [ [ [ 77.91778, 12.47925 ], [ 77.9169, 12.48162 ], [ 77.91684, 12.48361 ], [ 77.91883, 12.48507 ], [ 77.92066, 12.48512 ], [ 77.92093, 12.48273 ], [ 77.92019, 12.48031 ], [ 77.91778, 12.47925 ] ] ], [ [ [ 77.91468, 12.4536 ], [ 77.91199, 12.45532 ], [ 77.91007, 12.45826 ], [ 77.91102, 12.46069 ], [ 77.91337, 12.46335 ], [ 77.91581, 12.46342 ], [ 77.91791, 12.46128 ], [ 77.9167, 12.45406 ], [ 77.91468, 12.4536 ] ] ], [ [ [ 77.89796, 12.35273 ], [ 77.89349, 12.353 ], [ 77.88816, 12.35464 ], [ 77.88589, 12.35597 ], [ 77.88501, 12.35814 ], [ 77.87945, 12.36098 ], [ 77.88009, 12.36659 ], [ 77.87816, 12.37012 ], [ 77.87587, 12.37225 ], [ 77.87515, 12.38281 ], [ 77.88225, 12.3896 ], [ 77.88417, 12.39325 ], [ 77.89534, 12.38658 ], [ 77.9039, 12.38543 ], [ 77.90502, 12.38187 ], [ 77.91561, 12.37399 ], [ 77.91614, 12.36961 ], [ 77.91403, 12.36536 ], [ 77.90275, 12.35566 ], [ 77.89796, 12.35273 ] ] ], [ [ [ 77.9074, 12.39052 ], [ 77.90476, 12.39064 ], [ 77.90583, 12.39566 ], [ 77.90825, 12.39613 ], [ 77.9095, 12.39517 ], [ 77.90937, 12.39257 ], [ 77.9074, 12.39052 ] ] ], [ [ [ 77.90648, 12.46974 ], [ 77.90462, 12.47088 ], [ 77.90516, 12.4733 ], [ 77.90758, 12.47396 ], [ 77.90885, 12.472 ], [ 77.90891, 12.47021 ], [ 77.90648, 12.46974 ] ] ], [ [ [ 77.90303, 12.51944 ], [ 77.90178, 12.52007 ], [ 77.90125, 12.52259 ], [ 77.90235, 12.52339 ], [ 77.90428, 12.52256 ], [ 77.90509, 12.52182 ], [ 77.90469, 12.52015 ], [ 77.90303, 12.51944 ] ] ], [ [ [ 77.88568, 12.43141 ], [ 77.88397, 12.43436 ], [ 77.8833, 12.44312 ], [ 77.88382, 12.45292 ], [ 77.89112, 12.45333 ], [ 77.89565, 12.45146 ], [ 77.89876, 12.44916 ], [ 77.89786, 12.44534 ], [ 77.89591, 12.44269 ], [ 77.89481, 12.43188 ], [ 77.88568, 12.43141 ] ] ], [ [ [ 77.86549, 12.2885 ], [ 77.85588, 12.28957 ], [ 77.85182, 12.28811 ], [ 77.85033, 12.2921 ], [ 77.85061, 12.29577 ], [ 77.85168, 12.29907 ], [ 77.85396, 12.30144 ], [ 77.85671, 12.30768 ], [ 77.86588, 12.30832 ], [ 77.86865, 12.30725 ], [ 77.86989, 12.30498 ], [ 77.86996, 12.30267 ], [ 77.8667, 12.29411 ], [ 77.86549, 12.2885 ] ] ], [ [ [ 77.83969, 12.35324 ], [ 77.8368, 12.35476 ], [ 77.83573, 12.35672 ], [ 77.83608, 12.35853 ], [ 77.83885, 12.3608 ], [ 77.84001, 12.36283 ], [ 77.84141, 12.37046 ], [ 77.844, 12.37213 ], [ 77.84629, 12.37 ], [ 77.84677, 12.36762 ], [ 77.84585, 12.35781 ], [ 77.84397, 12.35277 ], [ 77.83969, 12.35324 ] ] ], [ [ [ 77.82463, 12.26847 ], [ 77.82207, 12.26936 ], [ 77.82042, 12.272 ], [ 77.82267, 12.28168 ], [ 77.82476, 12.28386 ], [ 77.82869, 12.28301 ], [ 77.82992, 12.28132 ], [ 77.82981, 12.27843 ], [ 77.82675, 12.26949 ], [ 77.82463, 12.26847 ] ] ], [ [ [ 77.80819, 12.32069 ], [ 77.81495, 12.32377 ], [ 77.82358, 12.32287 ], [ 77.82726, 12.32413 ], [ 77.82904, 12.32361 ], [ 77.82977, 12.31863 ], [ 77.82749, 12.31644 ], [ 77.82451, 12.31155 ], [ 77.81955, 12.30102 ], [ 77.81561, 12.29532 ], [ 77.81154, 12.3004 ], [ 77.80738, 12.3022 ], [ 77.79755, 12.30403 ], [ 77.79749, 12.30576 ], [ 77.79897, 12.30869 ], [ 77.79901, 12.31369 ], [ 77.79548, 12.3207 ], [ 77.79189, 12.32271 ], [ 77.79206, 12.32368 ], [ 77.7928, 12.32505 ], [ 77.79672, 12.32478 ], [ 77.80525, 12.3208 ], [ 77.80819, 12.32069 ] ] ], [ [ [ 77.82288, 12.3789 ], [ 77.82123, 12.37965 ], [ 77.82037, 12.38142 ], [ 77.81418, 12.38463 ], [ 77.8129, 12.38659 ], [ 77.81602, 12.39107 ], [ 77.82272, 12.39107 ], [ 77.82581, 12.38936 ], [ 77.82648, 12.38759 ], [ 77.82388, 12.37933 ], [ 77.82288, 12.3789 ] ] ], [ [ [ 77.61298, 12.64807 ], [ 77.60975, 12.64871 ], [ 77.60666, 12.65121 ], [ 77.60898, 12.65518 ], [ 77.61327, 12.65697 ], [ 77.61649, 12.65652 ], [ 77.61823, 12.65527 ], [ 77.61906, 12.6527 ], [ 77.61857, 12.65047 ], [ 77.61298, 12.64807 ] ] ], [ [ [ 77.59337, 12.47495 ], [ 77.58895, 12.47644 ], [ 77.58714, 12.47853 ], [ 77.58771, 12.48127 ], [ 77.58919, 12.48294 ], [ 77.59432, 12.48628 ], [ 77.6004, 12.49235 ], [ 77.60214, 12.48003 ], [ 77.60582, 12.47475 ], [ 77.59337, 12.47495 ] ] ] ] } },
{ "type": "Feature", "properties": { "Name": "Ramadevarabetta Vulture Sanctuary, Karnataka" }, "geometry": { "type": "Polygon", "coordinates": [ [ [ 77.31924, 12.75491 ], [ 77.31333, 12.74512 ], [ 77.28499, 12.73686 ], [ 77.30143, 12.77954 ], [ 77.31865, 12.77376 ], [ 77.31924, 12.75491 ] ], [ [ 77.29519, 12.74297 ], [ 77.29905, 12.74765 ], [ 77.30712, 12.74596 ], [ 77.31304, 12.74737 ], [ 77.31137, 12.75745 ], [ 77.3128, 12.76442 ], [ 77.30602, 12.76486 ], [ 77.29752, 12.76101 ], [ 77.29734, 12.75146 ], [ 77.29287, 12.74654 ], [ 77.29187, 12.74134 ], [ 77.29519, 12.74297 ] ] ] } },
{ "type": "Feature", "properties": { "Name": "Melukote WLS Karnataka" }, "geometry": { "type": "Polygon", "coordinates": [ [ [ 76.63547, 12.75776 ], [ 76.64542, 12.75572 ], [ 76.64813, 12.75629 ], [ 76.65294, 12.75919 ], [ 76.65713, 12.75986 ], [ 76.6586, 12.76124 ], [ 76.66793, 12.76086 ], [ 76.66898, 12.75358 ], [ 76.67307, 12.75134 ], [ 76.67259, 12.74553 ], [ 76.67388, 12.73801 ], [ 76.67373, 12.72657 ], [ 76.67784, 12.72258 ], [ 76.68099, 12.72193 ], [ 76.6851, 12.71961 ], [ 76.69187, 12.71865 ], [ 76.69407, 12.71746 ], [ 76.69472, 12.71223 ], [ 76.69389, 12.70538 ], [ 76.69561, 12.70378 ], [ 76.69912, 12.7033 ], [ 76.69984, 12.70205 ], [ 76.69966, 12.70003 ], [ 76.69683, 12.69283 ], [ 76.69207, 12.6924 ], [ 76.6805, 12.68379 ], [ 76.67638, 12.6767 ], [ 76.672, 12.67346 ], [ 76.66798, 12.66394 ], [ 76.66413, 12.66832 ], [ 76.66208, 12.67224 ], [ 76.65989, 12.6741 ], [ 76.65385, 12.67386 ], [ 76.65099, 12.67519 ], [ 76.64671, 12.67286 ], [ 76.64557, 12.66934 ], [ 76.64875, 12.66301 ], [ 76.64942, 12.65006 ], [ 76.64825, 12.6441 ], [ 76.64486, 12.63717 ], [ 76.64527, 12.63063 ], [ 76.6421, 12.61898 ], [ 76.64038, 12.61784 ], [ 76.63382, 12.61755 ], [ 76.6321, 12.61677 ], [ 76.6306, 12.60763 ], [ 76.62803, 12.6057 ], [ 76.6194, 12.60485 ], [ 76.61568, 12.59999 ], [ 76.61097, 12.60078 ], [ 76.60355, 12.5969 ], [ 76.59348, 12.59537 ], [ 76.59298, 12.59937 ], [ 76.59151, 12.60304 ], [ 76.58695, 12.60625 ], [ 76.57991, 12.60933 ], [ 76.57911, 12.61081 ], [ 76.57939, 12.61924 ], [ 76.58052, 12.6202 ], [ 76.58237, 12.61996 ], [ 76.58284, 12.62091 ], [ 76.58076, 12.62733 ], [ 76.581, 12.64316 ], [ 76.58028, 12.645 ], [ 76.57784, 12.64679 ], [ 76.57755, 12.65101 ], [ 76.5785, 12.65256 ], [ 76.58486, 12.65636 ], [ 76.5873, 12.65916 ], [ 76.58772, 12.66529 ], [ 76.58701, 12.66808 ], [ 76.58915, 12.67225 ], [ 76.58879, 12.67469 ], [ 76.58582, 12.67754 ], [ 76.5832, 12.67742 ], [ 76.57499, 12.67445 ], [ 76.57291, 12.67439 ], [ 76.57282, 12.68727 ], [ 76.57439, 12.69537 ], [ 76.5716, 12.69839 ], [ 76.56486, 12.69691 ], [ 76.55136, 12.69971 ], [ 76.54773, 12.71387 ], [ 76.54631, 12.71666 ], [ 76.54327, 12.71845 ], [ 76.54303, 12.72095 ], [ 76.54993, 12.7291 ], [ 76.55607, 12.73795 ], [ 76.55864, 12.74014 ], [ 76.57318, 12.74712 ], [ 76.57592, 12.75093 ], [ 76.58125, 12.75575 ], [ 76.58572, 12.7571 ], [ 76.58986, 12.75999 ], [ 76.60378, 12.76195 ], [ 76.60801, 12.75986 ], [ 76.61049, 12.76057 ], [ 76.61877, 12.76057 ], [ 76.62477, 12.76229 ], [ 76.62786, 12.76224 ], [ 76.63547, 12.75776 ] ], [ [ 76.67135, 12.692 ], [ 76.67214, 12.69464 ], [ 76.6761, 12.69762 ], [ 76.67027, 12.69861 ], [ 76.6633, 12.70384 ], [ 76.66009, 12.71583 ], [ 76.65527, 12.7149 ], [ 76.65554, 12.70631 ], [ 76.65654, 12.70338 ], [ 76.65383, 12.69289 ], [ 76.654, 12.68654 ], [ 76.65582, 12.68354 ], [ 76.65829, 12.68357 ], [ 76.67135, 12.692 ] ], [ [ 76.57505, 12.73782 ], [ 76.57597, 12.72483 ], [ 76.57154, 12.71969 ], [ 76.57184, 12.71558 ], [ 76.57579, 12.71506 ], [ 76.5797, 12.71761 ], [ 76.58053, 12.71442 ], [ 76.58522, 12.71347 ], [ 76.5826, 12.71168 ], [ 76.57782, 12.71221 ], [ 76.57808, 12.71028 ], [ 76.57963, 12.70864 ], [ 76.58328, 12.70771 ], [ 76.58597, 12.70602 ], [ 76.5902, 12.70995 ], [ 76.59044, 12.71204 ], [ 76.59146, 12.71218 ], [ 76.60229, 12.70619 ], [ 76.60388, 12.70205 ], [ 76.60222, 12.69734 ], [ 76.60205, 12.6922 ], [ 76.60348, 12.68996 ], [ 76.60617, 12.68853 ], [ 76.60695, 12.68132 ], [ 76.60553, 12.67286 ], [ 76.60136, 12.66076 ], [ 76.60006, 12.64929 ], [ 76.60086, 12.64459 ], [ 76.59857, 12.64352 ], [ 76.59658, 12.64415 ], [ 76.59515, 12.64548 ], [ 76.59449, 12.64837 ], [ 76.59348, 12.6489 ], [ 76.59128, 12.64884 ], [ 76.59006, 12.64697 ], [ 76.59217, 12.64367 ], [ 76.59382, 12.62688 ], [ 76.60338, 12.62752 ], [ 76.61152, 12.63105 ], [ 76.61217, 12.63289 ], [ 76.61452, 12.63298 ], [ 76.61509, 12.63736 ], [ 76.61733, 12.64051 ], [ 76.61866, 12.64696 ], [ 76.62064, 12.64527 ], [ 76.62012, 12.6413 ], [ 76.62616, 12.63951 ], [ 76.63168, 12.64235 ], [ 76.62987, 12.64675 ], [ 76.63139, 12.64884 ], [ 76.63558, 12.64975 ], [ 76.63772, 12.64534 ], [ 76.63898, 12.64561 ], [ 76.6402, 12.65152 ], [ 76.63967, 12.6608 ], [ 76.62442, 12.6646 ], [ 76.61962, 12.66244 ], [ 76.61842, 12.67842 ], [ 76.61913, 12.68042 ], [ 76.62175, 12.68256 ], [ 76.62237, 12.68398 ], [ 76.62093, 12.69497 ], [ 76.62145, 12.69811 ], [ 76.62274, 12.6993 ], [ 76.62773, 12.69939 ], [ 76.62953, 12.70928 ], [ 76.63435, 12.71397 ], [ 76.63737, 12.71442 ], [ 76.64035, 12.71623 ], [ 76.64558, 12.7172 ], [ 76.64834, 12.71694 ], [ 76.64751, 12.72027 ], [ 76.64875, 12.72594 ], [ 76.64885, 12.73103 ], [ 76.64718, 12.73279 ], [ 76.64533, 12.73093 ], [ 76.64219, 12.73032 ], [ 76.63895, 12.72819 ], [ 76.63173, 12.72794 ], [ 76.62944, 12.72565 ], [ 76.6268, 12.72482 ], [ 76.62581, 12.72669 ], [ 76.6243, 12.72672 ], [ 76.62106, 12.72428 ], [ 76.61807, 12.727 ], [ 76.6144, 12.72633 ], [ 76.61164, 12.72761 ], [ 76.60888, 12.72676 ], [ 76.60755, 12.72857 ], [ 76.60407, 12.72985 ], [ 76.60038, 12.73248 ], [ 76.59445, 12.73298 ], [ 76.58473, 12.74256 ], [ 76.57975, 12.74087 ], [ 76.57867, 12.73828 ], [ 76.57505, 12.73782 ] ] ] } },
{ "type": "Feature", "properties": { "Name": "Ranganittu WLS Karnataka" }, "geometry": { "type": "MultiPolygon", "coordinates": [ [ [ [ 76.81039, 12.38332 ], [ 76.80649, 12.37637 ], [ 76.80649, 12.37451 ], [ 76.8102, 12.36319 ], [ 76.81058, 12.35909 ], [ 76.81177, 12.35738 ], [ 76.81515, 12.35705 ], [ 76.82757, 12.35018 ], [ 76.82875, 12.34454 ], [ 76.82996, 12.3424 ], [ 76.83342, 12.34162 ], [ 76.8331, 12.33976 ], [ 76.83431, 12.33416 ], [ 76.8419, 12.32723 ], [ 76.84538, 12.32611 ], [ 76.8467, 12.32283 ], [ 76.84235, 12.32165 ], [ 76.83895, 12.3183 ], [ 76.83558, 12.32151 ], [ 76.83327, 12.32213 ], [ 76.83309, 12.3245 ], [ 76.82995, 12.3276 ], [ 76.83073, 12.33035 ], [ 76.82982, 12.33304 ], [ 76.82763, 12.33293 ], [ 76.82594, 12.33074 ], [ 76.82487, 12.33109 ], [ 76.82573, 12.3364 ], [ 76.82326, 12.33924 ], [ 76.82021, 12.34017 ], [ 76.81838, 12.34219 ], [ 76.81884, 12.34317 ], [ 76.82326, 12.34248 ], [ 76.81973, 12.34835 ], [ 76.81817, 12.34875 ], [ 76.81557, 12.35148 ], [ 76.80946, 12.35551 ], [ 76.8017, 12.35617 ], [ 76.79504, 12.36875 ], [ 76.79445, 12.37408 ], [ 76.79357, 12.37584 ], [ 76.78963, 12.38039 ], [ 76.78538, 12.38086 ], [ 76.78108, 12.3877 ], [ 76.7787, 12.39412 ], [ 76.77884, 12.39583 ], [ 76.78327, 12.39931 ], [ 76.7875, 12.40078 ], [ 76.79321, 12.39488 ], [ 76.80311, 12.39317 ], [ 76.80654, 12.3916 ], [ 76.80863, 12.38974 ], [ 76.81073, 12.38546 ], [ 76.81039, 12.38332 ] ], [ [ 76.79639, 12.37752 ], [ 76.79677, 12.37609 ], [ 76.79589, 12.37469 ], [ 76.79742, 12.36931 ], [ 76.80446, 12.36244 ], [ 76.80491, 12.36305 ], [ 76.8016, 12.37502 ], [ 76.79818, 12.37983 ], [ 76.7987, 12.38323 ], [ 76.79694, 12.3844 ], [ 76.79406, 12.38428 ], [ 76.79216, 12.38525 ], [ 76.79185, 12.38409 ], [ 76.79639, 12.37752 ] ] ], [ [ [ 76.67153, 12.42151 ], [ 76.67088, 12.41895 ], [ 76.6623, 12.41605 ], [ 76.65865, 12.41753 ], [ 76.65716, 12.41499 ], [ 76.65317, 12.41382 ], [ 76.65301, 12.41795 ], [ 76.65129, 12.41975 ], [ 76.64928, 12.41993 ], [ 76.64612, 12.41567 ], [ 76.64422, 12.41648 ], [ 76.6412, 12.41384 ], [ 76.6409, 12.40836 ], [ 76.6393, 12.40415 ], [ 76.63851, 12.40411 ], [ 76.63582, 12.40748 ], [ 76.63316, 12.40811 ], [ 76.62998, 12.42404 ], [ 76.63667, 12.42531 ], [ 76.64135, 12.42799 ], [ 76.64726, 12.42966 ], [ 76.64852, 12.43367 ], [ 76.65832, 12.43477 ], [ 76.65928, 12.44013 ], [ 76.66836, 12.43875 ], [ 76.6718, 12.43521 ], [ 76.67094, 12.43008 ], [ 76.67153, 12.42151 ] ], [ [ 76.65489, 12.42455 ], [ 76.65757, 12.42633 ], [ 76.65894, 12.42487 ], [ 76.66034, 12.42469 ], [ 76.66319, 12.42803 ], [ 76.66141, 12.42919 ], [ 76.65736, 12.42972 ], [ 76.65168, 12.42698 ], [ 76.65174, 12.426 ], [ 76.65489, 12.42455 ] ] ], [ [ [ 76.59722, 12.42646 ], [ 76.60039, 12.42841 ], [ 76.60267, 12.42605 ], [ 76.60411, 12.41023 ], [ 76.60159, 12.41018 ], [ 76.59919, 12.40873 ], [ 76.59687, 12.40969 ], [ 76.59455, 12.4084 ], [ 76.59045, 12.40804 ], [ 76.58534, 12.41539 ], [ 76.58437, 12.41639 ], [ 76.58172, 12.4168 ], [ 76.57772, 12.42232 ], [ 76.5813, 12.42633 ], [ 76.58256, 12.42973 ], [ 76.58349, 12.42961 ], [ 76.58425, 12.42821 ], [ 76.58624, 12.42794 ], [ 76.58659, 12.42579 ], [ 76.59067, 12.42598 ], [ 76.5926, 12.42859 ], [ 76.59189, 12.43135 ], [ 76.59302, 12.43175 ], [ 76.59627, 12.42901 ], [ 76.59642, 12.42673 ], [ 76.59722, 12.42646 ] ], [ [ 76.59305, 12.41746 ], [ 76.59472, 12.4195 ], [ 76.592, 12.42038 ], [ 76.58956, 12.41976 ], [ 76.58965, 12.41808 ], [ 76.59305, 12.41746 ] ] ] ] } },
{ "type": "Feature", "properties": { "Name": "Cauvery WLS Karnataka" }, "geometry": { "type": "Polygon", "coordinates": [ [ [ 77.48573, 12.33831 ], [ 77.48698, 12.33909 ], [ 77.48607, 12.34412 ], [ 77.48635, 12.34868 ], [ 77.4894, 12.36553 ], [ 77.48826, 12.36991 ], [ 77.48074, 12.38085 ], [ 77.47731, 12.38761 ], [ 77.47293, 12.39018 ], [ 77.4735, 12.39342 ], [ 77.47683, 12.39456 ], [ 77.47645, 12.3998 ], [ 77.47959, 12.40265 ], [ 77.48093, 12.40275 ], [ 77.48302, 12.40037 ], [ 77.48569, 12.3997 ], [ 77.48759, 12.40313 ], [ 77.49206, 12.40503 ], [ 77.49996, 12.40103 ], [ 77.50244, 12.40217 ], [ 77.50653, 12.40579 ], [ 77.5091, 12.40627 ], [ 77.51005, 12.4056 ], [ 77.51329, 12.4016 ], [ 77.51281, 12.39875 ], [ 77.50632, 12.39185 ], [ 77.50253, 12.38643 ], [ 77.49996, 12.38529 ], [ 77.49661, 12.38636 ], [ 77.49547, 12.386 ], [ 77.49482, 12.38493 ], [ 77.49518, 12.38293 ], [ 77.49961, 12.37772 ], [ 77.50068, 12.37743 ], [ 77.50603, 12.38079 ], [ 77.51067, 12.3815 ], [ 77.5156, 12.38058 ], [ 77.51864, 12.37868 ], [ 77.52899, 12.37166 ], [ 77.53292, 12.3656 ], [ 77.53518, 12.35834 ], [ 77.53803, 12.35763 ], [ 77.54349, 12.35863 ], [ 77.54682, 12.3571 ], [ 77.55491, 12.34797 ], [ 77.5551, 12.34559 ], [ 77.55577, 12.34511 ], [ 77.563, 12.34549 ], [ 77.56776, 12.3512 ], [ 77.57423, 12.35558 ], [ 77.57927, 12.36139 ], [ 77.59032, 12.36871 ], [ 77.59431, 12.36995 ], [ 77.59821, 12.36986 ], [ 77.60478, 12.37319 ], [ 77.61324, 12.37392 ], [ 77.61556, 12.37314 ], [ 77.61645, 12.37064 ], [ 77.61651, 12.3688 ], [ 77.613, 12.36118 ], [ 77.61188, 12.36266 ], [ 77.60766, 12.36385 ], [ 77.60522, 12.36313 ], [ 77.60248, 12.36111 ], [ 77.59487, 12.36093 ], [ 77.58815, 12.35576 ], [ 77.58304, 12.34931 ], [ 77.58013, 12.34143 ], [ 77.57682, 12.34131 ], [ 77.57648, 12.34531 ], [ 77.57528, 12.34594 ], [ 77.57116, 12.3412 ], [ 77.56785, 12.33378 ], [ 77.561, 12.33343 ], [ 77.55752, 12.33589 ], [ 77.54803, 12.33613 ], [ 77.54481, 12.33744 ], [ 77.54428, 12.34 ], [ 77.54594, 12.34149 ], [ 77.54636, 12.34321 ], [ 77.54499, 12.34422 ], [ 77.54261, 12.34446 ], [ 77.5413, 12.34791 ], [ 77.53087, 12.34791 ], [ 77.52853, 12.349 ], [ 77.52756, 12.35037 ], [ 77.52625, 12.3587 ], [ 77.52311, 12.36436 ], [ 77.51888, 12.36693 ], [ 77.51363, 12.37155 ], [ 77.51157, 12.37252 ], [ 77.50992, 12.37235 ], [ 77.5078, 12.37058 ], [ 77.50638, 12.36419 ], [ 77.50398, 12.36145 ], [ 77.50263, 12.35728 ], [ 77.49796, 12.35537 ], [ 77.49587, 12.35347 ], [ 77.49473, 12.34519 ], [ 77.49825, 12.34129 ], [ 77.4992, 12.33824 ], [ 77.4972, 12.33167 ], [ 77.49558, 12.33044 ], [ 77.49197, 12.32948 ], [ 77.47348, 12.32932 ], [ 77.47198, 12.32889 ], [ 77.46941, 12.32618 ], [ 77.46712, 12.32575 ], [ 77.46534, 12.32818 ], [ 77.46298, 12.32975 ], [ 77.45328, 12.33346 ], [ 77.45292, 12.33517 ], [ 77.45463, 12.34152 ], [ 77.45149, 12.35509 ], [ 77.44407, 12.36223 ], [ 77.43586, 12.37215 ], [ 77.43414, 12.37186 ], [ 77.43329, 12.36994 ], [ 77.43372, 12.36116 ], [ 77.43472, 12.35844 ], [ 77.43864, 12.35537 ], [ 77.44292, 12.34952 ], [ 77.444, 12.34102 ], [ 77.44678, 12.33467 ], [ 77.44578, 12.33224 ], [ 77.43443, 12.33196 ], [ 77.4295, 12.33274 ], [ 77.4208, 12.34067 ], [ 77.40837, 12.34467 ], [ 77.40313, 12.34762 ], [ 77.39557, 12.35684 ], [ 77.39086, 12.36642 ], [ 77.38915, 12.37492 ], [ 77.38358, 12.37884 ], [ 77.38351, 12.38534 ], [ 77.38186, 12.38591 ], [ 77.37694, 12.38491 ], [ 77.37508, 12.38691 ], [ 77.37266, 12.40233 ], [ 77.37187, 12.40426 ], [ 77.36894, 12.40633 ], [ 77.36602, 12.40711 ], [ 77.34417, 12.40683 ], [ 77.34196, 12.40561 ], [ 77.33725, 12.39997 ], [ 77.32676, 12.40016 ], [ 77.31516, 12.39344 ], [ 77.3076, 12.39023 ], [ 77.29988, 12.38922 ], [ 77.29194, 12.38945 ], [ 77.28702, 12.39148 ], [ 77.28428, 12.3944 ], [ 77.2833, 12.40044 ], [ 77.28051, 12.40204 ], [ 77.27772, 12.40074 ], [ 77.27597, 12.39582 ], [ 77.274, 12.39489 ], [ 77.26751, 12.39841 ], [ 77.25851, 12.39948 ], [ 77.25038, 12.40512 ], [ 77.24816, 12.4054 ], [ 77.24666, 12.4049 ], [ 77.24474, 12.4014 ], [ 77.23817, 12.39905 ], [ 77.23653, 12.39669 ], [ 77.23724, 12.39412 ], [ 77.23688, 12.38856 ], [ 77.23282, 12.37513 ], [ 77.23374, 12.37092 ], [ 77.23703, 12.36578 ], [ 77.23674, 12.36393 ], [ 77.22953, 12.3635 ], [ 77.22825, 12.364 ], [ 77.22639, 12.367 ], [ 77.224, 12.36839 ], [ 77.22167, 12.36625 ], [ 77.22469, 12.35583 ], [ 77.22926, 12.34912 ], [ 77.22983, 12.34698 ], [ 77.22805, 12.3387 ], [ 77.22519, 12.33334 ], [ 77.22419, 12.32763 ], [ 77.22098, 12.32713 ], [ 77.19592, 12.33577 ], [ 77.19435, 12.33727 ], [ 77.19307, 12.34127 ], [ 77.19478, 12.34719 ], [ 77.19214, 12.35062 ], [ 77.18971, 12.35076 ], [ 77.18336, 12.34533 ], [ 77.18108, 12.34491 ], [ 77.16894, 12.35469 ], [ 77.16744, 12.3549 ], [ 77.16616, 12.35411 ], [ 77.16459, 12.3519 ], [ 77.16373, 12.33627 ], [ 77.16916, 12.3312 ], [ 77.16951, 12.32799 ], [ 77.16858, 12.32156 ], [ 77.16644, 12.31864 ], [ 77.16109, 12.31821 ], [ 77.16052, 12.31742 ], [ 77.1608, 12.31443 ], [ 77.16252, 12.31307 ], [ 77.17729, 12.30843 ], [ 77.18814, 12.30629 ], [ 77.21529, 12.30618 ], [ 77.22022, 12.30275 ], [ 77.22271, 12.3019 ], [ 77.22543, 12.30283 ], [ 77.22878, 12.30882 ], [ 77.23035, 12.30989 ], [ 77.2397, 12.30932 ], [ 77.24085, 12.30747 ], [ 77.23897, 12.30183 ], [ 77.2415, 12.29632 ], [ 77.24201, 12.29174 ], [ 77.24412, 12.2848 ], [ 77.24397, 12.28148 ], [ 77.23387, 12.25661 ], [ 77.22706, 12.24331 ], [ 77.2242, 12.23998 ], [ 77.21802, 12.23579 ], [ 77.2163, 12.23379 ], [ 77.20707, 12.21818 ], [ 77.20345, 12.21685 ], [ 77.19384, 12.21752 ], [ 77.18556, 12.20714 ], [ 77.18423, 12.20457 ], [ 77.1847, 12.19972 ], [ 77.19003, 12.19382 ], [ 77.20003, 12.18877 ], [ 77.20317, 12.18782 ], [ 77.20659, 12.18811 ], [ 77.22078, 12.19639 ], [ 77.25152, 12.22822 ], [ 77.25399, 12.23156 ], [ 77.25704, 12.2405 ], [ 77.26132, 12.24783 ], [ 77.26361, 12.24954 ], [ 77.27113, 12.25088 ], [ 77.2769, 12.25415 ], [ 77.27886, 12.25922 ], [ 77.27707, 12.26204 ], [ 77.27704, 12.265 ], [ 77.2785, 12.2676 ], [ 77.28132, 12.2701 ], [ 77.28393, 12.26953 ], [ 77.28471, 12.26739 ], [ 77.28616, 12.2559 ], [ 77.30282, 12.23246 ], [ 77.3046, 12.23091 ], [ 77.31212, 12.22764 ], [ 77.31331, 12.22621 ], [ 77.31522, 12.22044 ], [ 77.31462, 12.21699 ], [ 77.29951, 12.19973 ], [ 77.29723, 12.19811 ], [ 77.29504, 12.19706 ], [ 77.28552, 12.19573 ], [ 77.26753, 12.1943 ], [ 77.26315, 12.19202 ], [ 77.25392, 12.18298 ], [ 77.24469, 12.18155 ], [ 77.23612, 12.17727 ], [ 77.23508, 12.17593 ], [ 77.23489, 12.1727 ], [ 77.23603, 12.16842 ], [ 77.23917, 12.16347 ], [ 77.24079, 12.16204 ], [ 77.24241, 12.16185 ], [ 77.24545, 12.16309 ], [ 77.25887, 12.17422 ], [ 77.26306, 12.17432 ], [ 77.26687, 12.17308 ], [ 77.26972, 12.16861 ], [ 77.27029, 12.16413 ], [ 77.26963, 12.15071 ], [ 77.2701, 12.14871 ], [ 77.27391, 12.14329 ], [ 77.27629, 12.14348 ], [ 77.27819, 12.14652 ], [ 77.28495, 12.14881 ], [ 77.2876, 12.15351 ], [ 77.29224, 12.16771 ], [ 77.29331, 12.16828 ], [ 77.30052, 12.16835 ], [ 77.3048, 12.16086 ], [ 77.3113, 12.16104 ], [ 77.31535, 12.16264 ], [ 77.31886, 12.1655 ], [ 77.32052, 12.16734 ], [ 77.32242, 12.17281 ], [ 77.32809, 12.17304 ], [ 77.34161, 12.18064 ], [ 77.35418, 12.18393 ], [ 77.36389, 12.18757 ], [ 77.38052, 12.19057 ], [ 77.38173, 12.19556 ], [ 77.38195, 12.20427 ], [ 77.38473, 12.2077 ], [ 77.3868, 12.21755 ], [ 77.3918, 12.22661 ], [ 77.39358, 12.22711 ], [ 77.39815, 12.22454 ], [ 77.40629, 12.22704 ], [ 77.40929, 12.22647 ], [ 77.41029, 12.2254 ], [ 77.41378, 12.21541 ], [ 77.42014, 12.20441 ], [ 77.42306, 12.19713 ], [ 77.42521, 12.19014 ], [ 77.42494, 12.18817 ], [ 77.42018, 12.18104 ], [ 77.41054, 12.1708 ], [ 77.40091, 12.15522 ], [ 77.39657, 12.14511 ], [ 77.39415, 12.1274 ], [ 77.38232, 12.10812 ], [ 77.38142, 12.10533 ], [ 77.37958, 12.09587 ], [ 77.38089, 12.09474 ], [ 77.38505, 12.09391 ], [ 77.38624, 12.09111 ], [ 77.3821, 12.08447 ], [ 77.38105, 12.07771 ], [ 77.37725, 12.07486 ], [ 77.37192, 12.07295 ], [ 77.36392, 12.06743 ], [ 77.36297, 12.06553 ], [ 77.36249, 12.0603 ], [ 77.36516, 12.05401 ], [ 77.36773, 12.05297 ], [ 77.37182, 12.05411 ], [ 77.38629, 12.05468 ], [ 77.39076, 12.05658 ], [ 77.3939, 12.05906 ], [ 77.39562, 12.06172 ], [ 77.39876, 12.074 ], [ 77.40513, 12.0799 ], [ 77.40666, 12.08047 ], [ 77.41741, 12.08019 ], [ 77.41875, 12.08124 ], [ 77.42055, 12.0858 ], [ 77.4217, 12.08647 ], [ 77.42322, 12.08676 ], [ 77.42674, 12.08457 ], [ 77.43463, 12.08321 ], [ 77.44091, 12.0805 ], [ 77.44477, 12.07964 ], [ 77.4462, 12.08007 ], [ 77.45148, 12.0855 ], [ 77.4589, 12.10106 ], [ 77.46119, 12.10962 ], [ 77.46718, 12.11705 ], [ 77.47147, 12.11919 ], [ 77.48546, 12.1219 ], [ 77.49988, 12.11448 ], [ 77.5053, 12.11248 ], [ 77.50937, 12.10964 ], [ 77.51104, 12.10744 ], [ 77.51318, 12.09917 ], [ 77.51271, 12.09614 ], [ 77.50039, 12.08746 ], [ 77.48612, 12.08299 ], [ 77.47113, 12.08246 ], [ 77.4666, 12.08038 ], [ 77.46006, 12.07877 ], [ 77.45709, 12.06172 ], [ 77.45293, 12.05304 ], [ 77.44924, 12.04864 ], [ 77.43877, 12.03008 ], [ 77.43698, 12.02722 ], [ 77.42651, 12.02103 ], [ 77.42461, 12.01877 ], [ 77.42383, 12.01153 ], [ 77.42297, 12.00975 ], [ 77.41919, 12.00718 ], [ 77.41547, 12.00646 ], [ 77.40812, 12.00689 ], [ 77.40391, 12.01082 ], [ 77.40084, 12.01246 ], [ 77.39927, 12.01503 ], [ 77.39898, 12.0171 ], [ 77.3995, 12.0225 ], [ 77.3973, 12.02684 ], [ 77.39926, 12.03077 ], [ 77.40699, 12.03523 ], [ 77.41138, 12.05373 ], [ 77.41031, 12.05773 ], [ 77.4091, 12.05916 ], [ 77.40631, 12.05937 ], [ 77.39418, 12.04781 ], [ 77.39089, 12.04552 ], [ 77.38832, 12.04481 ], [ 77.36705, 12.04438 ], [ 77.36377, 12.04509 ], [ 77.3612, 12.04666 ], [ 77.3552, 12.05295 ], [ 77.35398, 12.05603 ], [ 77.3537, 12.06117 ], [ 77.35503, 12.07002 ], [ 77.35303, 12.07602 ], [ 77.3551, 12.08452 ], [ 77.35986, 12.09627 ], [ 77.35972, 12.09812 ], [ 77.35786, 12.09941 ], [ 77.34059, 12.10112 ], [ 77.33959, 12.10183 ], [ 77.34016, 12.10526 ], [ 77.34216, 12.10683 ], [ 77.34587, 12.1084 ], [ 77.35101, 12.1124 ], [ 77.35415, 12.11254 ], [ 77.35644, 12.11425 ], [ 77.36015, 12.12425 ], [ 77.36457, 12.12725 ], [ 77.36586, 12.13024 ], [ 77.36814, 12.13224 ], [ 77.37604, 12.13558 ], [ 77.37615, 12.13731 ], [ 77.36885, 12.13558 ], [ 77.36492, 12.13819 ], [ 77.36172, 12.13881 ], [ 77.35886, 12.13824 ], [ 77.35408, 12.1348 ], [ 77.35134, 12.13407 ], [ 77.34752, 12.13413 ], [ 77.3413, 12.13653 ], [ 77.33316, 12.13396 ], [ 77.32702, 12.1331 ], [ 77.3176, 12.12725 ], [ 77.30789, 12.12882 ], [ 77.29419, 12.12825 ], [ 77.28719, 12.12625 ], [ 77.28024, 12.12596 ], [ 77.27577, 12.12701 ], [ 77.2732, 12.12511 ], [ 77.27254, 12.12044 ], [ 77.26958, 12.1153 ], [ 77.26854, 12.11169 ], [ 77.26749, 12.11045 ], [ 77.26559, 12.11035 ], [ 77.2614, 12.11207 ], [ 77.25353, 12.1178 ], [ 77.24825, 12.12279 ], [ 77.22369, 12.1375 ], [ 77.21384, 12.14606 ], [ 77.20784, 12.1492 ], [ 77.19685, 12.15177 ], [ 77.19542, 12.15277 ], [ 77.19399, 12.15806 ], [ 77.18657, 12.15991 ], [ 77.18471, 12.16105 ], [ 77.17915, 12.1729 ], [ 77.17358, 12.17604 ], [ 77.17286, 12.17804 ], [ 77.17315, 12.18661 ], [ 77.17001, 12.18932 ], [ 77.16687, 12.20217 ], [ 77.16373, 12.20888 ], [ 77.16416, 12.22244 ], [ 77.16587, 12.2283 ], [ 77.17158, 12.23758 ], [ 77.17187, 12.24029 ], [ 77.17087, 12.24229 ], [ 77.1673, 12.24557 ], [ 77.16658, 12.248 ], [ 77.16658, 12.26442 ], [ 77.16563, 12.26918 ], [ 77.15859, 12.28574 ], [ 77.1543, 12.28707 ], [ 77.14812, 12.28678 ], [ 77.14136, 12.28222 ], [ 77.13955, 12.28184 ], [ 77.13546, 12.28345 ], [ 77.12851, 12.28812 ], [ 77.12794, 12.29012 ], [ 77.12984, 12.29545 ], [ 77.12699, 12.30567 ], [ 77.12491, 12.30703 ], [ 77.11527, 12.30805 ], [ 77.11152, 12.31042 ], [ 77.10789, 12.31144 ], [ 77.10647, 12.31447 ], [ 77.10509, 12.324 ], [ 77.1061, 12.32781 ], [ 77.11799, 12.32822 ], [ 77.11895, 12.32912 ], [ 77.12085, 12.3331 ], [ 77.11947, 12.3359 ], [ 77.11975, 12.33797 ], [ 77.12418, 12.33932 ], [ 77.13953, 12.34089 ], [ 77.14345, 12.34289 ], [ 77.14524, 12.35995 ], [ 77.14345, 12.36481 ], [ 77.14395, 12.36895 ], [ 77.14474, 12.36988 ], [ 77.14739, 12.36974 ], [ 77.14948, 12.36631 ], [ 77.15291, 12.36436 ], [ 77.15762, 12.36388 ], [ 77.15881, 12.36479 ], [ 77.15548, 12.37007 ], [ 77.15658, 12.37497 ], [ 77.15462, 12.38243 ], [ 77.1563, 12.38432 ], [ 77.16062, 12.38514 ], [ 77.16552, 12.38327 ], [ 77.17561, 12.38303 ], [ 77.17846, 12.38013 ], [ 77.1787, 12.37684 ], [ 77.17975, 12.37561 ], [ 77.18372, 12.37202 ], [ 77.18729, 12.37137 ], [ 77.19199, 12.36804 ], [ 77.19342, 12.36881 ], [ 77.19342, 12.37297 ], [ 77.19556, 12.37393 ], [ 77.19888, 12.37332 ], [ 77.20259, 12.37032 ], [ 77.21787, 12.37246 ], [ 77.22315, 12.3786 ], [ 77.22401, 12.38131 ], [ 77.22272, 12.38688 ], [ 77.22187, 12.38788 ], [ 77.21801, 12.38888 ], [ 77.21715, 12.39002 ], [ 77.21673, 12.39488 ], [ 77.2193, 12.40273 ], [ 77.22115, 12.40573 ], [ 77.22658, 12.40873 ], [ 77.22758, 12.41058 ], [ 77.22772, 12.41715 ], [ 77.233, 12.42072 ], [ 77.24285, 12.42072 ], [ 77.24785, 12.42229 ], [ 77.2557, 12.42315 ], [ 77.25713, 12.42286 ], [ 77.25856, 12.41958 ], [ 77.26141, 12.41758 ], [ 77.27042, 12.41755 ], [ 77.27197, 12.42553 ], [ 77.27411, 12.42695 ], [ 77.27732, 12.42773 ], [ 77.28232, 12.42689 ], [ 77.28315, 12.42612 ], [ 77.28333, 12.4194 ], [ 77.28065, 12.41636 ], [ 77.28234, 12.41057 ], [ 77.28894, 12.40831 ], [ 77.29233, 12.40486 ], [ 77.29436, 12.39962 ], [ 77.29703, 12.39849 ], [ 77.30343, 12.399 ], [ 77.31012, 12.40123 ], [ 77.32336, 12.40911 ], [ 77.32589, 12.40985 ], [ 77.33392, 12.41 ], [ 77.33962, 12.4144 ], [ 77.34561, 12.41669 ], [ 77.36141, 12.41735 ], [ 77.37521, 12.41364 ], [ 77.3775, 12.41212 ], [ 77.37912, 12.40984 ], [ 77.38283, 12.39879 ], [ 77.38863, 12.39584 ], [ 77.39187, 12.39242 ], [ 77.39301, 12.39004 ], [ 77.39349, 12.38347 ], [ 77.39793, 12.37724 ], [ 77.39898, 12.37029 ], [ 77.40516, 12.35915 ], [ 77.40831, 12.35506 ], [ 77.41088, 12.35344 ], [ 77.42382, 12.34916 ], [ 77.42734, 12.34697 ], [ 77.43048, 12.34307 ], [ 77.43381, 12.3425 ], [ 77.43448, 12.34535 ], [ 77.434, 12.34707 ], [ 77.43239, 12.34916 ], [ 77.42744, 12.35278 ], [ 77.42544, 12.35706 ], [ 77.42401, 12.37419 ], [ 77.42487, 12.37771 ], [ 77.42896, 12.38143 ], [ 77.4341, 12.38171 ], [ 77.43772, 12.38095 ], [ 77.44619, 12.37438 ], [ 77.45466, 12.36629 ], [ 77.45837, 12.36134 ], [ 77.46218, 12.35135 ], [ 77.46389, 12.33983 ], [ 77.46475, 12.33841 ], [ 77.46827, 12.33755 ], [ 77.47322, 12.3385 ], [ 77.48573, 12.33831 ] ] ] } },
{ "type": "Feature", "properties": { "Name": "Malai Mahadeshwara WLS Karnataka" }, "geometry": { "type": "MultiPolygon", "coordinates": [ [ [ [ 77.36286, 11.99303 ], [ 77.37904, 11.99665 ], [ 77.38209, 11.99884 ], [ 77.38313, 12.00141 ], [ 77.38342, 12.00379 ], [ 77.38142, 12.00931 ], [ 77.38237, 12.01178 ], [ 77.39898, 12.0171 ], [ 77.39927, 12.01503 ], [ 77.40084, 12.01246 ], [ 77.40391, 12.01082 ], [ 77.40812, 12.00689 ], [ 77.41882, 12.00618 ], [ 77.42348, 12.00693 ], [ 77.42097, 11.99882 ], [ 77.41469, 11.99271 ], [ 77.40675, 11.98813 ], [ 77.39857, 11.98451 ], [ 77.39438, 11.98356 ], [ 77.38686, 11.9846 ], [ 77.38448, 11.98556 ], [ 77.38139, 11.98889 ], [ 77.37953, 11.98932 ], [ 77.36535, 11.98575 ], [ 77.34596, 11.98791 ], [ 77.33868, 11.98927 ], [ 77.33611, 11.99048 ], [ 77.33311, 11.99319 ], [ 77.33111, 11.99641 ], [ 77.33027, 12.00047 ], [ 77.33409, 12.00863 ], [ 77.33255, 12.02376 ], [ 77.33392, 12.03701 ], [ 77.33837, 12.04455 ], [ 77.3402, 12.04974 ], [ 77.34347, 12.05364 ], [ 77.34877, 12.04747 ], [ 77.34877, 12.04538 ], [ 77.34582, 12.03815 ], [ 77.34601, 12.03348 ], [ 77.35506, 12.02996 ], [ 77.35772, 12.02844 ], [ 77.35924, 12.02635 ], [ 77.36, 12.02025 ], [ 77.36172, 12.01702 ], [ 77.3582, 11.99598 ], [ 77.35886, 11.99446 ], [ 77.36286, 11.99303 ] ] ], [ [ [ 77.28242, 12.04165 ], [ 77.27221, 12.02499 ], [ 77.26661, 12.03143 ], [ 77.2807, 12.05172 ], [ 77.2807, 12.05292 ], [ 77.27853, 12.05292 ], [ 77.27419, 12.05035 ], [ 77.26951, 12.04944 ], [ 77.26654, 12.05086 ], [ 77.26779, 12.05326 ], [ 77.27145, 12.0568 ], [ 77.27967, 12.06 ], [ 77.28728, 12.06964 ], [ 77.30006, 12.07899 ], [ 77.32097, 12.09141 ], [ 77.32547, 12.09619 ], [ 77.32847, 12.10297 ], [ 77.33382, 12.10512 ], [ 77.34016, 12.10526 ], [ 77.34174, 12.10376 ], [ 77.33684, 12.09712 ], [ 77.32729, 12.08985 ], [ 77.32008, 12.08174 ], [ 77.31484, 12.08097 ], [ 77.31199, 12.07912 ], [ 77.30378, 12.06294 ], [ 77.30182, 12.06128 ], [ 77.2967, 12.06092 ], [ 77.28242, 12.04165 ] ] ] ] } },
{ "type": "Feature", "properties": { "Name": "Billingirangana WLS Karnataka" }, "geometry": { "type": "MultiPolygon", "coordinates": [ [ [ [ 77.2869, 11.92832 ], [ 77.29071, 11.92552 ], [ 77.29707, 11.91565 ], [ 77.29654, 11.91113 ], [ 77.29749, 11.90708 ], [ 77.29535, 11.9025 ], [ 77.29689, 11.88995 ], [ 77.29487, 11.87746 ], [ 77.29422, 11.87579 ], [ 77.28535, 11.86788 ], [ 77.28065, 11.85337 ], [ 77.27774, 11.83909 ], [ 77.26587, 11.82503 ], [ 77.25838, 11.81922 ], [ 77.25374, 11.8127 ], [ 77.24933, 11.80978 ], [ 77.24982, 11.80399 ], [ 77.2463, 11.7985 ], [ 77.23876, 11.79309 ], [ 77.23115, 11.79267 ], [ 77.22895, 11.79435 ], [ 77.22858, 11.79903 ], [ 77.23529, 11.80467 ], [ 77.23694, 11.80781 ], [ 77.23858, 11.81938 ], [ 77.24051, 11.8218 ], [ 77.24355, 11.82145 ], [ 77.2467, 11.82629 ], [ 77.25105, 11.83491 ], [ 77.25235, 11.84378 ], [ 77.25099, 11.84574 ], [ 77.24694, 11.8483 ], [ 77.24462, 11.85674 ], [ 77.24313, 11.85686 ], [ 77.23962, 11.85127 ], [ 77.23891, 11.84217 ], [ 77.23677, 11.83759 ], [ 77.23522, 11.83682 ], [ 77.22808, 11.83646 ], [ 77.22761, 11.83396 ], [ 77.22904, 11.83164 ], [ 77.22868, 11.83015 ], [ 77.22362, 11.82795 ], [ 77.22166, 11.82617 ], [ 77.21916, 11.82688 ], [ 77.2188, 11.82884 ], [ 77.2213, 11.84633 ], [ 77.22208, 11.84758 ], [ 77.22517, 11.84907 ], [ 77.22642, 11.85121 ], [ 77.22576, 11.85502 ], [ 77.22785, 11.85918 ], [ 77.22624, 11.86465 ], [ 77.22672, 11.87233 ], [ 77.23207, 11.87822 ], [ 77.23623, 11.88488 ], [ 77.23695, 11.88785 ], [ 77.23594, 11.89196 ], [ 77.23778, 11.89446 ], [ 77.23951, 11.89945 ], [ 77.25289, 11.89898 ], [ 77.25664, 11.90421 ], [ 77.26062, 11.90552 ], [ 77.2611, 11.9076 ], [ 77.2586, 11.91331 ], [ 77.25848, 11.91903 ], [ 77.26824, 11.92531 ], [ 77.27528, 11.9284 ], [ 77.28018, 11.92987 ], [ 77.28232, 11.92862 ], [ 77.2869, 11.92832 ] ] ], [ [ [ 77.17681, 12.15139 ], [ 77.18097, 12.1499 ], [ 77.18663, 12.14924 ], [ 77.18853, 12.14782 ], [ 77.1899, 12.14538 ], [ 77.19394, 12.14341 ], [ 77.1984, 12.13509 ], [ 77.21381, 12.11778 ], [ 77.22271, 12.10653 ], [ 77.22652, 12.09949 ], [ 77.23156, 12.08664 ], [ 77.23724, 12.08103 ], [ 77.23783, 12.07454 ], [ 77.23688, 12.06984 ], [ 77.23712, 12.05753 ], [ 77.23979, 12.05104 ], [ 77.24087, 12.04301 ], [ 77.2436, 12.0357 ], [ 77.24652, 12.03302 ], [ 77.25859, 12.03225 ], [ 77.26531, 12.03094 ], [ 77.27198, 12.02588 ], [ 77.27013, 12.01434 ], [ 77.27566, 11.99644 ], [ 77.27467, 11.99341 ], [ 77.27086, 11.99091 ], [ 77.26521, 11.99097 ], [ 77.26367, 11.99335 ], [ 77.26271, 11.9999 ], [ 77.2617, 12.00186 ], [ 77.25992, 12.00251 ], [ 77.25544, 11.99806 ], [ 77.25345, 11.99254 ], [ 77.25336, 11.98844 ], [ 77.25469, 11.9862 ], [ 77.25393, 11.98025 ], [ 77.25619, 11.96733 ], [ 77.25641, 11.95848 ], [ 77.26097, 11.95434 ], [ 77.2619, 11.95242 ], [ 77.26183, 11.95163 ], [ 77.2584, 11.95027 ], [ 77.25769, 11.94899 ], [ 77.25762, 11.93928 ], [ 77.25632, 11.93579 ], [ 77.25253, 11.93923 ], [ 77.25343, 11.94458 ], [ 77.25212, 11.9503 ], [ 77.25212, 11.9541 ], [ 77.2492, 11.95654 ], [ 77.25161, 11.96573 ], [ 77.25037, 11.97011 ], [ 77.24761, 11.97211 ], [ 77.24599, 11.97686 ], [ 77.24552, 11.98419 ], [ 77.24761, 11.98629 ], [ 77.24799, 11.98829 ], [ 77.24257, 12.00085 ], [ 77.24076, 12.02322 ], [ 77.23762, 12.0295 ], [ 77.23343, 12.03397 ], [ 77.23086, 12.03397 ], [ 77.22487, 12.03045 ], [ 77.22372, 12.03064 ], [ 77.22249, 12.03254 ], [ 77.2221, 12.0373 ], [ 77.22673, 12.04859 ], [ 77.22702, 12.05122 ], [ 77.22125, 12.06692 ], [ 77.22296, 12.06921 ], [ 77.22753, 12.07109 ], [ 77.22844, 12.07754 ], [ 77.22576, 12.07977 ], [ 77.22073, 12.07897 ], [ 77.2148, 12.08445 ], [ 77.20954, 12.08457 ], [ 77.20868, 12.08548 ], [ 77.20834, 12.09513 ], [ 77.20691, 12.09696 ], [ 77.20514, 12.09662 ], [ 77.204, 12.09411 ], [ 77.20486, 12.09005 ], [ 77.20337, 12.08314 ], [ 77.20446, 12.07457 ], [ 77.2024, 12.06818 ], [ 77.20326, 12.05796 ], [ 77.20109, 12.05196 ], [ 77.20075, 12.04516 ], [ 77.19892, 12.04505 ], [ 77.19555, 12.04985 ], [ 77.19743, 12.06629 ], [ 77.19615, 12.08143 ], [ 77.19448, 12.08842 ], [ 77.19139, 12.09532 ], [ 77.19115, 12.0988 ], [ 77.18873, 12.10156 ], [ 77.18801, 12.10803 ], [ 77.18944, 12.11036 ], [ 77.18973, 12.11341 ], [ 77.18877, 12.11683 ], [ 77.18706, 12.11845 ], [ 77.1863, 12.12459 ], [ 77.1755, 12.14334 ], [ 77.1704, 12.14458 ], [ 77.16693, 12.14353 ], [ 77.16617, 12.14172 ], [ 77.16588, 12.13549 ], [ 77.16436, 12.1353 ], [ 77.16103, 12.13673 ], [ 77.15703, 12.13497 ], [ 77.1527, 12.13511 ], [ 77.15046, 12.12638 ], [ 77.15099, 12.119 ], [ 77.14585, 12.11391 ], [ 77.14413, 12.1111 ], [ 77.14485, 12.1082 ], [ 77.15589, 12.10039 ], [ 77.15632, 12.09749 ], [ 77.15494, 12.09654 ], [ 77.13795, 12.09735 ], [ 77.13704, 12.09508 ], [ 77.13876, 12.09342 ], [ 77.13887, 12.09217 ], [ 77.1355, 12.09148 ], [ 77.13379, 12.08886 ], [ 77.13345, 12.08629 ], [ 77.13522, 12.08 ], [ 77.13744, 12.07801 ], [ 77.15846, 12.07127 ], [ 77.15886, 12.0691 ], [ 77.158, 12.06384 ], [ 77.15709, 12.0631 ], [ 77.15458, 12.06327 ], [ 77.15269, 12.06727 ], [ 77.1383, 12.06984 ], [ 77.13373, 12.07315 ], [ 77.13168, 12.07309 ], [ 77.12608, 12.06933 ], [ 77.12511, 12.06955 ], [ 77.12317, 12.07304 ], [ 77.12168, 12.07321 ], [ 77.121, 12.07138 ], [ 77.12151, 12.06841 ], [ 77.1238, 12.06733 ], [ 77.13013, 12.06761 ], [ 77.13093, 12.0667 ], [ 77.13016, 12.06079 ], [ 77.13088, 12.04895 ], [ 77.12879, 12.04681 ], [ 77.12076, 12.04651 ], [ 77.11731, 12.04485 ], [ 77.11142, 12.04604 ], [ 77.10827, 12.04282 ], [ 77.0959, 12.03557 ], [ 77.09031, 12.02759 ], [ 77.08989, 12.02569 ], [ 77.09048, 12.02462 ], [ 77.10083, 12.01814 ], [ 77.10149, 12.0157 ], [ 77.1006, 12.01391 ], [ 77.09822, 12.0135 ], [ 77.08906, 12.01599 ], [ 77.08412, 12.02063 ], [ 77.08233, 12.01903 ], [ 77.08204, 12.01605 ], [ 77.08287, 12.01439 ], [ 77.09435, 12.00814 ], [ 77.09257, 12.00451 ], [ 77.09489, 12.00041 ], [ 77.09483, 11.99803 ], [ 77.09334, 11.99559 ], [ 77.09328, 11.99387 ], [ 77.09501, 11.9922 ], [ 77.09834, 11.99077 ], [ 77.09917, 11.9894 ], [ 77.09697, 11.98382 ], [ 77.09786, 11.97501 ], [ 77.09849, 11.97409 ], [ 77.10003, 11.97382 ], [ 77.1045, 11.9787 ], [ 77.10604, 11.979 ], [ 77.1069, 11.97793 ], [ 77.1061, 11.97522 ], [ 77.10645, 11.97184 ], [ 77.11044, 11.96967 ], [ 77.11067, 11.96785 ], [ 77.10759, 11.96482 ], [ 77.10593, 11.96037 ], [ 77.10056, 11.95585 ], [ 77.10144, 11.95354 ], [ 77.10626, 11.94765 ], [ 77.10637, 11.94384 ], [ 77.1084, 11.94128 ], [ 77.1081, 11.93998 ], [ 77.10275, 11.93679 ], [ 77.09461, 11.93387 ], [ 77.09119, 11.93101 ], [ 77.08955, 11.92694 ], [ 77.0905, 11.92178 ], [ 77.08955, 11.91902 ], [ 77.0865, 11.91512 ], [ 77.08106, 11.91174 ], [ 77.0798, 11.9094 ], [ 77.07843, 11.90968 ], [ 77.07626, 11.91305 ], [ 77.07575, 11.91762 ], [ 77.07329, 11.91928 ], [ 77.07118, 11.91848 ], [ 77.07084, 11.9114 ], [ 77.06729, 11.90729 ], [ 77.06524, 11.90118 ], [ 77.06506, 11.8995 ], [ 77.06644, 11.89622 ], [ 77.06506, 11.89488 ], [ 77.06083, 11.89331 ], [ 77.05735, 11.88865 ], [ 77.05526, 11.88879 ], [ 77.05307, 11.89136 ], [ 77.05012, 11.89103 ], [ 77.04945, 11.89341 ], [ 77.04707, 11.89403 ], [ 77.0436, 11.89346 ], [ 77.04236, 11.89049 ], [ 77.03822, 11.8904 ], [ 77.03641, 11.88927 ], [ 77.03468, 11.88219 ], [ 77.03653, 11.87707 ], [ 77.03861, 11.87356 ], [ 77.04438, 11.87252 ], [ 77.04509, 11.86833 ], [ 77.04872, 11.86866 ], [ 77.04768, 11.86245 ], [ 77.04658, 11.86129 ], [ 77.03926, 11.85968 ], [ 77.03691, 11.86102 ], [ 77.03515, 11.86105 ], [ 77.03402, 11.85917 ], [ 77.03418, 11.85236 ], [ 77.03139, 11.8515 ], [ 77.0289, 11.84718 ], [ 77.02583, 11.8484 ], [ 77.02468, 11.84733 ], [ 77.02194, 11.84708 ], [ 77.01755, 11.83955 ], [ 77.01508, 11.83788 ], [ 77.01408, 11.83422 ], [ 77.01441, 11.83288 ], [ 77.01807, 11.83222 ], [ 77.01822, 11.83036 ], [ 77.01474, 11.82717 ], [ 77.01003, 11.82613 ], [ 77.00898, 11.82042 ], [ 77.0067, 11.81561 ], [ 77.007, 11.81307 ], [ 77.00179, 11.81015 ], [ 76.99382, 11.80878 ], [ 76.98156, 11.81124 ], [ 76.98042, 11.81306 ], [ 76.98069, 11.82511 ], [ 76.98302, 11.82659 ], [ 76.98654, 11.82521 ], [ 76.98678, 11.8278 ], [ 76.98969, 11.83156 ], [ 76.98844, 11.83322 ], [ 76.98855, 11.83551 ], [ 76.99112, 11.83842 ], [ 76.99872, 11.84139 ], [ 76.99969, 11.84259 ], [ 77.00053, 11.84696 ], [ 76.99939, 11.85285 ], [ 77.00122, 11.86147 ], [ 77.0019, 11.87106 ], [ 77.00807, 11.87312 ], [ 77.01058, 11.87506 ], [ 77.01229, 11.87517 ], [ 77.01406, 11.87449 ], [ 77.01372, 11.87032 ], [ 77.01623, 11.86912 ], [ 77.01515, 11.86632 ], [ 77.01892, 11.86495 ], [ 77.02263, 11.86792 ], [ 77.02212, 11.87158 ], [ 77.02349, 11.87266 ], [ 77.02571, 11.87683 ], [ 77.02564, 11.88323 ], [ 77.02641, 11.88531 ], [ 77.02379, 11.89566 ], [ 77.02492, 11.90435 ], [ 77.0257, 11.90548 ], [ 77.02891, 11.90679 ], [ 77.03301, 11.90566 ], [ 77.03414, 11.90809 ], [ 77.03896, 11.90792 ], [ 77.04211, 11.90601 ], [ 77.04907, 11.90476 ], [ 77.05151, 11.9009 ], [ 77.05478, 11.89923 ], [ 77.05609, 11.89965 ], [ 77.05401, 11.91024 ], [ 77.05157, 11.91583 ], [ 77.05169, 11.91942 ], [ 77.04775, 11.92119 ], [ 77.04553, 11.92793 ], [ 77.0465, 11.92987 ], [ 77.04798, 11.93084 ], [ 77.05386, 11.93267 ], [ 77.05449, 11.93353 ], [ 77.05493, 11.93525 ], [ 77.05286, 11.93764 ], [ 77.05311, 11.9395 ], [ 77.0544, 11.93943 ], [ 77.05565, 11.93736 ], [ 77.05793, 11.93593 ], [ 77.06332, 11.93707 ], [ 77.06839, 11.93568 ], [ 77.07299, 11.92865 ], [ 77.07959, 11.92467 ], [ 77.08084, 11.92526 ], [ 77.08143, 11.93115 ], [ 77.08708, 11.939 ], [ 77.0869, 11.94079 ], [ 77.07072, 11.95025 ], [ 77.06862, 11.95318 ], [ 77.06851, 11.95483 ], [ 77.06902, 11.95672 ], [ 77.07171, 11.95872 ], [ 77.07199, 11.96123 ], [ 77.07867, 11.9634 ], [ 77.08191, 11.96844 ], [ 77.08309, 11.96819 ], [ 77.08591, 11.96533 ], [ 77.08819, 11.96519 ], [ 77.0878, 11.96701 ], [ 77.08922, 11.97126 ], [ 77.0869, 11.97588 ], [ 77.08576, 11.98694 ], [ 77.08433, 11.98951 ], [ 77.08476, 11.99786 ], [ 77.08376, 12.00051 ], [ 77.08326, 12.00172 ], [ 77.07583, 12.00672 ], [ 77.07326, 12.01143 ], [ 77.07298, 12.01371 ], [ 77.07312, 12.02056 ], [ 77.07433, 12.02328 ], [ 77.07855, 12.02735 ], [ 77.08133, 12.02835 ], [ 77.08459, 12.03267 ], [ 77.08407, 12.03376 ], [ 77.07878, 12.03409 ], [ 77.07869, 12.03509 ], [ 77.08097, 12.03743 ], [ 77.08107, 12.03876 ], [ 77.0725, 12.04261 ], [ 77.07079, 12.04889 ], [ 77.07136, 12.05156 ], [ 77.07303, 12.05265 ], [ 77.07436, 12.05242 ], [ 77.07602, 12.04994 ], [ 77.07769, 12.05013 ], [ 77.07945, 12.0557 ], [ 77.07935, 12.05751 ], [ 77.07759, 12.06046 ], [ 77.07793, 12.06631 ], [ 77.07907, 12.06684 ], [ 77.08078, 12.06584 ], [ 77.0824, 12.06631 ], [ 77.08592, 12.07136 ], [ 77.08402, 12.07635 ], [ 77.08159, 12.07683 ], [ 77.07974, 12.07826 ], [ 77.07964, 12.08106 ], [ 77.0814, 12.0823 ], [ 77.08402, 12.08078 ], [ 77.08692, 12.08235 ], [ 77.08749, 12.08354 ], [ 77.08511, 12.08739 ], [ 77.07926, 12.08744 ], [ 77.0775, 12.08858 ], [ 77.07564, 12.09441 ], [ 77.07796, 12.09577 ], [ 77.07803, 12.1008 ], [ 77.07971, 12.10144 ], [ 77.08132, 12.10002 ], [ 77.08357, 12.09962 ], [ 77.08474, 12.09716 ], [ 77.08788, 12.0978 ], [ 77.08904, 12.09224 ], [ 77.09098, 12.0903 ], [ 77.09904, 12.0899 ], [ 77.10018, 12.09321 ], [ 77.09721, 12.0999 ], [ 77.09888, 12.10653 ], [ 77.10259, 12.10677 ], [ 77.10319, 12.10769 ], [ 77.10256, 12.11129 ], [ 77.10346, 12.116 ], [ 77.09994, 12.11886 ], [ 77.10223, 12.12328 ], [ 77.10451, 12.125 ], [ 77.10803, 12.12471 ], [ 77.10903, 12.12747 ], [ 77.11569, 12.12609 ], [ 77.11722, 12.12643 ], [ 77.11902, 12.12842 ], [ 77.1225, 12.12752 ], [ 77.13428, 12.12825 ], [ 77.13541, 12.13015 ], [ 77.13184, 12.13538 ], [ 77.13029, 12.14121 ], [ 77.13041, 12.14496 ], [ 77.1316, 12.14877 ], [ 77.1357, 12.1499 ], [ 77.13731, 12.15228 ], [ 77.14153, 12.15091 ], [ 77.14552, 12.15264 ], [ 77.15409, 12.15162 ], [ 77.17681, 12.15139 ] ] ], [ [ [ 77.18951, 11.89371 ], [ 77.18737, 11.90282 ], [ 77.1896, 11.90566 ], [ 77.19265, 11.9025 ], [ 77.19208, 11.89357 ], [ 77.18951, 11.89371 ] ] ], [ [ [ 77.18224, 11.84514 ], [ 77.17233, 11.85764 ], [ 77.17081, 11.86057 ], [ 77.17248, 11.86541 ], [ 77.17053, 11.87122 ], [ 77.17333, 11.87471 ], [ 77.17252, 11.88066 ], [ 77.17561, 11.88266 ], [ 77.17557, 11.88885 ], [ 77.17752, 11.89178 ], [ 77.17685, 11.90029 ], [ 77.17861, 11.90355 ], [ 77.18013, 11.90429 ], [ 77.18179, 11.89206 ], [ 77.17861, 11.88583 ], [ 77.17818, 11.88304 ], [ 77.17875, 11.87866 ], [ 77.18151, 11.8762 ], [ 77.18388, 11.86946 ], [ 77.18349, 11.8445 ], [ 77.18224, 11.84514 ] ] ], [ [ [ 77.17131, 11.83275 ], [ 77.17093, 11.82866 ], [ 77.16794, 11.82796 ], [ 77.16304, 11.83173 ], [ 77.16183, 11.83886 ], [ 77.15769, 11.83889 ], [ 77.15693, 11.84237 ], [ 77.15831, 11.84796 ], [ 77.16404, 11.84886 ], [ 77.16492, 11.8454 ], [ 77.16433, 11.83714 ], [ 77.16544, 11.83621 ], [ 77.16958, 11.83537 ], [ 77.17238, 11.8434 ], [ 77.17241, 11.84947 ], [ 77.17412, 11.84984 ], [ 77.17507, 11.8456 ], [ 77.17668, 11.84378 ], [ 77.17369, 11.83945 ], [ 77.1735, 11.83638 ], [ 77.17131, 11.83275 ] ] ], [ [ [ 77.15884, 12.00025 ], [ 77.1546, 11.9901 ], [ 77.15235, 11.98696 ], [ 77.14212, 11.98177 ], [ 77.13795, 11.98226 ], [ 77.13827, 11.98344 ], [ 77.14187, 11.98417 ], [ 77.14301, 11.9856 ], [ 77.13948, 11.98923 ], [ 77.13517, 11.99125 ], [ 77.13513, 11.99725 ], [ 77.13759, 12.00046 ], [ 77.13848, 12.00297 ], [ 77.14294, 12.003 ], [ 77.14422, 12.00255 ], [ 77.14529, 12.00091 ], [ 77.15396, 12.00084 ], [ 77.15499, 12.00154 ], [ 77.15538, 12.00698 ], [ 77.1603, 12.00876 ], [ 77.16173, 12.00796 ], [ 77.16194, 12.00632 ], [ 77.1618, 12.00217 ], [ 77.15884, 12.00025 ] ] ], [ [ [ 77.12075, 11.7808 ], [ 77.12354, 11.78394 ], [ 77.1271, 11.78225 ], [ 77.12271, 11.77457 ], [ 77.11677, 11.77312 ], [ 77.11645, 11.77079 ], [ 77.11205, 11.77206 ], [ 77.11196, 11.76106 ], [ 77.10436, 11.76055 ], [ 77.09965, 11.76432 ], [ 77.09869, 11.76554 ], [ 77.09773, 11.7705 ], [ 77.09823, 11.77736 ], [ 77.10072, 11.7833 ], [ 77.10417, 11.78743 ], [ 77.10643, 11.78795 ], [ 77.10874, 11.78667 ], [ 77.11243, 11.78615 ], [ 77.11445, 11.78429 ], [ 77.11748, 11.78324 ], [ 77.11873, 11.78056 ], [ 77.12075, 11.7808 ] ] ], [ [ [ 77.05467, 11.81697 ], [ 77.05838, 11.81779 ], [ 77.06189, 11.81482 ], [ 77.06385, 11.81438 ], [ 77.06471, 11.8088 ], [ 77.07054, 11.80685 ], [ 77.07051, 11.80458 ], [ 77.06813, 11.80179 ], [ 77.06846, 11.79807 ], [ 77.06664, 11.79321 ], [ 77.06305, 11.79036 ], [ 77.0613, 11.79092 ], [ 77.06156, 11.79455 ], [ 77.05734, 11.79711 ], [ 77.05461, 11.79531 ], [ 77.04845, 11.80152 ], [ 77.04802, 11.80404 ], [ 77.04959, 11.81095 ], [ 77.04859, 11.81632 ], [ 77.04931, 11.81779 ], [ 77.05159, 11.81876 ], [ 77.05467, 11.81697 ] ] ], [ [ [ 77.05225, 11.82008 ], [ 77.05172, 11.82155 ], [ 77.05384, 11.82937 ], [ 77.0584, 11.83979 ], [ 77.06218, 11.83686 ], [ 77.06266, 11.83307 ], [ 77.0638, 11.831 ], [ 77.06163, 11.82902 ], [ 77.0598, 11.82518 ], [ 77.05403, 11.8202 ], [ 77.05225, 11.82008 ] ] ] ] } },
{ "type": "Feature", "properties": { "Name": "Sathyamangalam Tiger Reserve" }, "geometry": { "type": "MultiPolygon", "coordinates": [ [ [ [ 77.3207, 11.5224 ], [ 77.31602, 11.52289 ], [ 77.31257, 11.52516 ], [ 77.3059, 11.53425 ], [ 77.30327, 11.54007 ], [ 77.30269, 11.54353 ], [ 77.30327, 11.54641 ], [ 77.30518, 11.55066 ], [ 77.30814, 11.55392 ], [ 77.30721, 11.56204 ], [ 77.30279, 11.55879 ], [ 77.30166, 11.54972 ], [ 77.29617, 11.5413 ], [ 77.28709, 11.53611 ], [ 77.27851, 11.53369 ], [ 77.27191, 11.53333 ], [ 77.26858, 11.53456 ], [ 77.26411, 11.53785 ], [ 77.26016, 11.54664 ], [ 77.24574, 11.54588 ], [ 77.23044, 11.54664 ], [ 77.21939, 11.55105 ], [ 77.21265, 11.55791 ], [ 77.21169, 11.56368 ], [ 77.20924, 11.56658 ], [ 77.20711, 11.57091 ], [ 77.20608, 11.57653 ], [ 77.20344, 11.57473 ], [ 77.2003, 11.57395 ], [ 77.18568, 11.55389 ], [ 77.17769, 11.53949 ], [ 77.17458, 11.53679 ], [ 77.17057, 11.53572 ], [ 77.14348, 11.53549 ], [ 77.13365, 11.53288 ], [ 77.12929, 11.53301 ], [ 77.12693, 11.53092 ], [ 77.124, 11.52975 ], [ 77.12545, 11.5172 ], [ 77.12919, 11.51566 ], [ 77.13193, 11.51259 ], [ 77.13399, 11.50128 ], [ 77.13219, 11.49157 ], [ 77.12913, 11.48561 ], [ 77.1267, 11.48304 ], [ 77.12287, 11.48147 ], [ 77.1134, 11.48053 ], [ 77.11006, 11.48176 ], [ 77.1074, 11.48424 ], [ 77.09515, 11.48395 ], [ 77.08569, 11.48608 ], [ 77.07754, 11.48942 ], [ 77.07691, 11.48666 ], [ 77.0789, 11.48568 ], [ 77.08104, 11.48149 ], [ 77.08151, 11.47683 ], [ 77.08817, 11.47054 ], [ 77.09054, 11.46519 ], [ 77.08959, 11.4603 ], [ 77.08674, 11.4547 ], [ 77.08341, 11.45051 ], [ 77.07961, 11.44888 ], [ 77.06654, 11.44981 ], [ 77.06739, 11.45092 ], [ 77.07398, 11.45137 ], [ 77.0739, 11.4582 ], [ 77.07598, 11.46089 ], [ 77.07579, 11.46234 ], [ 77.08226, 11.46255 ], [ 77.08226, 11.4648 ], [ 77.07449, 11.4648 ], [ 77.07478, 11.47016 ], [ 77.0696, 11.47016 ], [ 77.07083, 11.47669 ], [ 77.06896, 11.47921 ], [ 77.06771, 11.5033 ], [ 77.08833, 11.49471 ], [ 77.09661, 11.49285 ], [ 77.10484, 11.49289 ], [ 77.10568, 11.49626 ], [ 77.1149, 11.49562 ], [ 77.11487, 11.48942 ], [ 77.12137, 11.49035 ], [ 77.12363, 11.49472 ], [ 77.12486, 11.50097 ], [ 77.12388, 11.50833 ], [ 77.11444, 11.50848 ], [ 77.11632, 11.5169 ], [ 77.11461, 11.53115 ], [ 77.11223, 11.53703 ], [ 77.12209, 11.53856 ], [ 77.12388, 11.54268 ], [ 77.13214, 11.54177 ], [ 77.14221, 11.54449 ], [ 77.17026, 11.54473 ], [ 77.17799, 11.55883 ], [ 77.18703, 11.57034 ], [ 77.19553, 11.58327 ], [ 77.19966, 11.58294 ], [ 77.20311, 11.58806 ], [ 77.205, 11.58956 ], [ 77.21427, 11.58724 ], [ 77.21543, 11.57464 ], [ 77.217, 11.57135 ], [ 77.22179, 11.56555 ], [ 77.2207, 11.56217 ], [ 77.22421, 11.55871 ], [ 77.23133, 11.55561 ], [ 77.24563, 11.55489 ], [ 77.25675, 11.55502 ], [ 77.2668, 11.55822 ], [ 77.26962, 11.54662 ], [ 77.27117, 11.54357 ], [ 77.27339, 11.54222 ], [ 77.28444, 11.54473 ], [ 77.29036, 11.54826 ], [ 77.29311, 11.55289 ], [ 77.29377, 11.56197 ], [ 77.29678, 11.56589 ], [ 77.31003, 11.57491 ], [ 77.31531, 11.56888 ], [ 77.31746, 11.55536 ], [ 77.31692, 11.54985 ], [ 77.31294, 11.54591 ], [ 77.31182, 11.54324 ], [ 77.31366, 11.53901 ], [ 77.31924, 11.53132 ], [ 77.32382, 11.53171 ], [ 77.33023, 11.52611 ], [ 77.34113, 11.52578 ], [ 77.34376, 11.52634 ], [ 77.34696, 11.5317 ], [ 77.34986, 11.53873 ], [ 77.35362, 11.54373 ], [ 77.35413, 11.54579 ], [ 77.35832, 11.54945 ], [ 77.3653, 11.56689 ], [ 77.3745, 11.56496 ], [ 77.36813, 11.53478 ], [ 77.36873, 11.52929 ], [ 77.39506, 11.52838 ], [ 77.40357, 11.52925 ], [ 77.43076, 11.53851 ], [ 77.43225, 11.54825 ], [ 77.44419, 11.56068 ], [ 77.44697, 11.56471 ], [ 77.45059, 11.57256 ], [ 77.4519, 11.58287 ], [ 77.44967, 11.5955 ], [ 77.45859, 11.60671 ], [ 77.44498, 11.61846 ], [ 77.44059, 11.63361 ], [ 77.43845, 11.63593 ], [ 77.4398, 11.64002 ], [ 77.43759, 11.64512 ], [ 77.43795, 11.6468 ], [ 77.45082, 11.65742 ], [ 77.45399, 11.66615 ], [ 77.45152, 11.66688 ], [ 77.45027, 11.66901 ], [ 77.4417, 11.67184 ], [ 77.43967, 11.67381 ], [ 77.43976, 11.67712 ], [ 77.44195, 11.68168 ], [ 77.4405, 11.68452 ], [ 77.43983, 11.68944 ], [ 77.43558, 11.70284 ], [ 77.43709, 11.70684 ], [ 77.43822, 11.70623 ], [ 77.44157, 11.70701 ], [ 77.44174, 11.70761 ], [ 77.43914, 11.70893 ], [ 77.43902, 11.71058 ], [ 77.44306, 11.71316 ], [ 77.44315, 11.71666 ], [ 77.43941, 11.71871 ], [ 77.43873, 11.71801 ], [ 77.43846, 11.71433 ], [ 77.43435, 11.71533 ], [ 77.43523, 11.71702 ], [ 77.43518, 11.72312 ], [ 77.43365, 11.72518 ], [ 77.43467, 11.72741 ], [ 77.43502, 11.73157 ], [ 77.43033, 11.73265 ], [ 77.42929, 11.7318 ], [ 77.42674, 11.73319 ], [ 77.42592, 11.73162 ], [ 77.42393, 11.73049 ], [ 77.41647, 11.74121 ], [ 77.41933, 11.74381 ], [ 77.41952, 11.74661 ], [ 77.42142, 11.7494 ], [ 77.42503, 11.75033 ], [ 77.42655, 11.752 ], [ 77.42674, 11.75722 ], [ 77.42553, 11.76135 ], [ 77.42644, 11.76122 ], [ 77.42861, 11.76904 ], [ 77.43156, 11.76891 ], [ 77.43432, 11.76667 ], [ 77.436, 11.76357 ], [ 77.4359, 11.753 ], [ 77.43309, 11.74652 ], [ 77.43066, 11.7441 ], [ 77.42717, 11.74219 ], [ 77.43645, 11.74092 ], [ 77.44128, 11.73815 ], [ 77.44393, 11.73362 ], [ 77.44381, 11.72706 ], [ 77.44941, 11.72323 ], [ 77.45149, 11.72037 ], [ 77.45226, 11.71754 ], [ 77.45217, 11.71171 ], [ 77.4499, 11.70328 ], [ 77.44628, 11.69928 ], [ 77.45085, 11.68372 ], [ 77.45076, 11.67811 ], [ 77.45459, 11.67696 ], [ 77.46025, 11.67272 ], [ 77.46206, 11.67039 ], [ 77.46309, 11.66702 ], [ 77.46274, 11.66352 ], [ 77.45858, 11.65266 ], [ 77.44834, 11.64361 ], [ 77.44868, 11.63781 ], [ 77.45263, 11.62377 ], [ 77.46526, 11.61287 ], [ 77.46769, 11.60759 ], [ 77.46665, 11.60246 ], [ 77.45979, 11.5931 ], [ 77.4609, 11.57979 ], [ 77.45949, 11.57051 ], [ 77.45665, 11.56356 ], [ 77.45125, 11.55496 ], [ 77.44087, 11.54415 ], [ 77.4395, 11.53589 ], [ 77.437, 11.53193 ], [ 77.43213, 11.52929 ], [ 77.41304, 11.52246 ], [ 77.40506, 11.52036 ], [ 77.39536, 11.51938 ], [ 77.36666, 11.52051 ], [ 77.36294, 11.52232 ], [ 77.36041, 11.52557 ], [ 77.359, 11.53098 ], [ 77.35905, 11.53578 ], [ 77.35152, 11.52158 ], [ 77.34753, 11.51813 ], [ 77.34143, 11.51677 ], [ 77.32934, 11.51714 ], [ 77.32647, 11.5179 ], [ 77.32349, 11.51996 ], [ 77.3207, 11.5224 ] ], [ [ 77.32398, 11.52156 ], [ 77.32355, 11.5203 ], [ 77.32349, 11.51996 ], [ 77.32398, 11.52156 ] ] ], [ [ [ 77.0225, 11.75344 ], [ 77.01221, 11.75403 ], [ 77.00963, 11.75276 ], [ 76.99906, 11.74157 ], [ 76.99634, 11.73089 ], [ 76.98948, 11.72266 ], [ 76.97539, 11.7097 ], [ 76.93922, 11.66775 ], [ 76.92344, 11.6559 ], [ 76.90481, 11.64349 ], [ 76.8954, 11.64009 ], [ 76.89168, 11.63737 ], [ 76.88644, 11.63719 ], [ 76.87972, 11.63836 ], [ 76.87742, 11.67472 ], [ 76.87788, 11.70765 ], [ 76.87972, 11.72688 ], [ 76.88695, 11.7324 ], [ 76.88882, 11.7278 ], [ 76.88702, 11.70717 ], [ 76.88657, 11.67493 ], [ 76.88851, 11.64628 ], [ 76.89159, 11.64829 ], [ 76.90062, 11.65157 ], [ 76.9181, 11.66323 ], [ 76.93293, 11.67436 ], [ 76.9687, 11.71585 ], [ 76.98279, 11.72884 ], [ 76.98796, 11.73505 ], [ 76.99127, 11.74631 ], [ 77.00294, 11.75891 ], [ 77.01011, 11.7628 ], [ 77.01766, 11.76262 ], [ 77.0205, 11.76894 ], [ 77.01967, 11.77506 ], [ 77.02073, 11.77902 ], [ 77.02396, 11.78243 ], [ 77.02909, 11.7838 ], [ 77.03439, 11.78205 ], [ 77.02914, 11.77608 ], [ 77.02983, 11.76852 ], [ 77.02878, 11.76448 ], [ 77.0225, 11.75344 ] ] ], [ [ [ 76.94921, 11.72851 ], [ 76.94997, 11.72158 ], [ 76.94939, 11.71487 ], [ 76.94066, 11.6984 ], [ 76.93755, 11.69569 ], [ 76.92893, 11.6926 ], [ 76.92208, 11.69344 ], [ 76.91882, 11.69489 ], [ 76.91671, 11.69696 ], [ 76.91522, 11.70015 ], [ 76.91251, 11.72244 ], [ 76.91293, 11.73295 ], [ 76.91451, 11.73674 ], [ 76.91661, 11.73883 ], [ 76.91986, 11.74029 ], [ 76.93613, 11.74124 ], [ 76.93906, 11.74067 ], [ 76.94289, 11.73869 ], [ 76.9462, 11.73517 ], [ 76.94921, 11.72851 ] ], [ [ 76.92741, 11.70149 ], [ 76.93321, 11.70362 ], [ 76.94036, 11.71631 ], [ 76.94083, 11.72125 ], [ 76.94018, 11.72702 ], [ 76.93808, 11.73102 ], [ 76.93586, 11.73222 ], [ 76.92197, 11.73152 ], [ 76.92161, 11.72336 ], [ 76.92413, 11.70223 ], [ 76.92741, 11.70149 ] ] ] ] } },
{ "type": "Feature", "properties": { "Name": "MUDUMALAI TIGER RESERVE TAMILNADU" }, "geometry": { "type": "MultiPolygon", "coordinates": [ [ [ [ 76.99988, 11.51496 ], [ 77.0, 11.51687 ], [ 77.00261, 11.51963 ], [ 77.0057, 11.51993 ], [ 77.00619, 11.51708 ], [ 77.00567, 11.51535 ], [ 77.00299, 11.51449 ], [ 76.99988, 11.51496 ] ] ], [ [ [ 76.9525, 11.54772 ], [ 76.95182, 11.55037 ], [ 76.94926, 11.55162 ], [ 76.94918, 11.55371 ], [ 76.95029, 11.55509 ], [ 76.95143, 11.5557 ], [ 76.95592, 11.55471 ], [ 76.9556, 11.54745 ], [ 76.9525, 11.54772 ] ] ], [ [ [ 76.81022, 11.53608 ], [ 76.8073, 11.53329 ], [ 76.80402, 11.53227 ], [ 76.80327, 11.52807 ], [ 76.79383, 11.52981 ], [ 76.78858, 11.5326 ], [ 76.78545, 11.53547 ], [ 76.78478, 11.53724 ], [ 76.78614, 11.54116 ], [ 76.79102, 11.54015 ], [ 76.79197, 11.53899 ], [ 76.798, 11.53951 ], [ 76.80378, 11.53852 ], [ 76.80519, 11.54126 ], [ 76.80756, 11.54254 ], [ 76.80968, 11.54262 ], [ 76.81121, 11.54208 ], [ 76.81022, 11.53608 ] ] ], [ [ [ 76.76061, 11.5608 ], [ 76.76453, 11.56095 ], [ 76.76541, 11.55382 ], [ 76.76489, 11.55142 ], [ 76.75461, 11.55134 ], [ 76.75327, 11.55487 ], [ 76.74848, 11.5535 ], [ 76.7468, 11.55791 ], [ 76.74797, 11.55915 ], [ 76.75755, 11.56159 ], [ 76.76061, 11.5608 ] ] ], [ [ [ 76.6929, 11.54194 ], [ 76.69589, 11.53957 ], [ 76.70201, 11.53655 ], [ 76.70494, 11.53074 ], [ 76.70688, 11.53062 ], [ 76.70732, 11.5293 ], [ 76.70845, 11.52992 ], [ 76.71314, 11.52895 ], [ 76.7129, 11.52493 ], [ 76.70866, 11.52458 ], [ 76.70621, 11.52277 ], [ 76.7053, 11.52121 ], [ 76.70414, 11.51106 ], [ 76.70142, 11.51134 ], [ 76.69943, 11.50783 ], [ 76.69518, 11.50748 ], [ 76.69435, 11.50898 ], [ 76.70018, 11.51339 ], [ 76.70146, 11.51554 ], [ 76.70285, 11.52456 ], [ 76.70251, 11.52855 ], [ 76.69459, 11.52807 ], [ 76.69166, 11.52872 ], [ 76.68304, 11.54176 ], [ 76.67769, 11.54481 ], [ 76.67649, 11.54095 ], [ 76.67238, 11.54194 ], [ 76.67179, 11.53714 ], [ 76.66753, 11.53737 ], [ 76.66568, 11.54401 ], [ 76.66591, 11.55299 ], [ 76.66988, 11.55562 ], [ 76.68089, 11.55622 ], [ 76.68436, 11.55784 ], [ 76.68598, 11.5558 ], [ 76.68801, 11.54825 ], [ 76.69078, 11.54682 ], [ 76.6929, 11.54194 ] ] ], [ [ [ 76.70988, 11.59501 ], [ 76.69721, 11.59424 ], [ 76.69142, 11.59522 ], [ 76.6854, 11.5944 ], [ 76.68324, 11.59551 ], [ 76.68315, 11.5979 ], [ 76.68363, 11.6012 ], [ 76.68559, 11.60515 ], [ 76.68914, 11.60737 ], [ 76.69186, 11.60747 ], [ 76.69702, 11.60706 ], [ 76.70683, 11.60355 ], [ 76.71088, 11.60072 ], [ 76.71131, 11.59715 ], [ 76.70988, 11.59501 ] ] ], [ [ [ 76.64049, 11.54974 ], [ 76.64338, 11.55004 ], [ 76.65314, 11.54793 ], [ 76.66418, 11.54262 ], [ 76.66569, 11.53978 ], [ 76.66582, 11.53654 ], [ 76.66445, 11.52676 ], [ 76.65769, 11.52154 ], [ 76.65555, 11.52165 ], [ 76.65506, 11.5243 ], [ 76.65362, 11.52654 ], [ 76.6442, 11.52504 ], [ 76.63375, 11.52503 ], [ 76.63253, 11.52651 ], [ 76.63217, 11.53089 ], [ 76.63115, 11.53219 ], [ 76.63199, 11.53546 ], [ 76.63329, 11.53685 ], [ 76.63574, 11.5337 ], [ 76.63664, 11.53526 ], [ 76.63753, 11.53739 ], [ 76.63697, 11.54176 ], [ 76.63778, 11.54599 ], [ 76.63332, 11.5462 ], [ 76.62968, 11.54511 ], [ 76.62889, 11.54565 ], [ 76.63176, 11.55149 ], [ 76.63908, 11.55122 ], [ 76.64049, 11.54974 ] ] ], [ [ [ 76.65238, 11.57688 ], [ 76.65514, 11.57579 ], [ 76.65586, 11.57283 ], [ 76.65476, 11.57011 ], [ 76.64768, 11.56414 ], [ 76.64318, 11.55519 ], [ 76.64017, 11.55298 ], [ 76.63849, 11.55399 ], [ 76.63697, 11.55772 ], [ 76.63537, 11.55932 ], [ 76.6313, 11.55765 ], [ 76.62916, 11.55349 ], [ 76.62244, 11.55294 ], [ 76.62321, 11.54495 ], [ 76.62249, 11.53979 ], [ 76.62081, 11.53957 ], [ 76.62067, 11.53518 ], [ 76.61869, 11.53382 ], [ 76.61471, 11.53367 ], [ 76.6122, 11.53274 ], [ 76.61235, 11.53203 ], [ 76.60899, 11.53143 ], [ 76.60897, 11.52869 ], [ 76.60656, 11.5286 ], [ 76.60267, 11.52582 ], [ 76.60264, 11.52046 ], [ 76.60075, 11.51621 ], [ 76.60092, 11.51192 ], [ 76.60005, 11.51117 ], [ 76.59762, 11.51085 ], [ 76.59711, 11.51154 ], [ 76.59825, 11.5321 ], [ 76.60056, 11.53481 ], [ 76.60093, 11.53769 ], [ 76.58777, 11.53409 ], [ 76.58511, 11.53399 ], [ 76.58356, 11.53656 ], [ 76.57947, 11.53592 ], [ 76.57725, 11.53703 ], [ 76.57318, 11.53592 ], [ 76.57352, 11.54348 ], [ 76.57678, 11.5451 ], [ 76.58948, 11.54528 ], [ 76.60174, 11.54873 ], [ 76.6009, 11.55496 ], [ 76.60173, 11.55678 ], [ 76.60473, 11.55749 ], [ 76.60489, 11.56107 ], [ 76.60603, 11.56291 ], [ 76.60994, 11.56365 ], [ 76.61257, 11.56584 ], [ 76.61624, 11.56478 ], [ 76.62047, 11.56494 ], [ 76.62191, 11.56679 ], [ 76.62213, 11.56888 ], [ 76.62391, 11.56984 ], [ 76.63482, 11.56936 ], [ 76.63444, 11.57143 ], [ 76.63576, 11.57625 ], [ 76.63689, 11.57838 ], [ 76.63926, 11.57967 ], [ 76.6445, 11.57718 ], [ 76.65238, 11.57688 ] ] ], [ [ [ 76.53937, 11.51787 ], [ 76.53846, 11.52146 ], [ 76.53545, 11.52407 ], [ 76.53555, 11.52528 ], [ 76.53311, 11.52897 ], [ 76.53359, 11.53599 ], [ 76.54011, 11.53952 ], [ 76.54708, 11.53919 ], [ 76.54822, 11.53453 ], [ 76.54802, 11.52803 ], [ 76.54652, 11.52328 ], [ 76.54163, 11.51887 ], [ 76.53937, 11.51787 ] ] ], [ [ [ 76.36263, 11.58541 ], [ 76.36595, 11.58411 ], [ 76.37275, 11.58653 ], [ 76.37616, 11.58506 ], [ 76.38526, 11.58452 ], [ 76.38904, 11.58079 ], [ 76.38974, 11.57843 ], [ 76.38742, 11.57596 ], [ 76.39201, 11.57465 ], [ 76.39806, 11.57458 ], [ 76.39994, 11.57317 ], [ 76.40065, 11.57051 ], [ 76.40764, 11.56959 ], [ 76.41368, 11.56983 ], [ 76.41575, 11.5711 ], [ 76.41686, 11.57353 ], [ 76.41836, 11.57389 ], [ 76.41958, 11.57364 ], [ 76.42088, 11.5713 ], [ 76.42238, 11.57166 ], [ 76.42814, 11.57904 ], [ 76.43199, 11.58098 ], [ 76.43961, 11.57949 ], [ 76.44284, 11.582 ], [ 76.44748, 11.5795 ], [ 76.45043, 11.5814 ], [ 76.45581, 11.5831 ], [ 76.46275, 11.58337 ], [ 76.46704, 11.58205 ], [ 76.4683, 11.5809 ], [ 76.46901, 11.57824 ], [ 76.47145, 11.57774 ], [ 76.47548, 11.57521 ], [ 76.48558, 11.57232 ], [ 76.49378, 11.57145 ], [ 76.49627, 11.56975 ], [ 76.49961, 11.56929 ], [ 76.50209, 11.56789 ], [ 76.50132, 11.56428 ], [ 76.50203, 11.56162 ], [ 76.50423, 11.55962 ], [ 76.50311, 11.55749 ], [ 76.50326, 11.55362 ], [ 76.5066, 11.55315 ], [ 76.50894, 11.55533 ], [ 76.51018, 11.55448 ], [ 76.51006, 11.55 ], [ 76.51258, 11.54742 ], [ 76.51121, 11.54378 ], [ 76.51053, 11.53809 ], [ 76.51507, 11.53797 ], [ 76.51513, 11.53648 ], [ 76.51766, 11.53359 ], [ 76.51915, 11.53425 ], [ 76.51968, 11.53606 ], [ 76.52259, 11.53885 ], [ 76.52473, 11.53834 ], [ 76.52481, 11.53625 ], [ 76.52672, 11.53394 ], [ 76.52882, 11.53432 ], [ 76.53052, 11.53247 ], [ 76.53129, 11.52773 ], [ 76.52982, 11.52577 ], [ 76.52866, 11.52572 ], [ 76.52609, 11.52715 ], [ 76.51755, 11.52778 ], [ 76.50963, 11.52728 ], [ 76.50841, 11.52876 ], [ 76.50851, 11.53106 ], [ 76.50663, 11.53337 ], [ 76.50554, 11.53643 ], [ 76.50173, 11.54105 ], [ 76.4985, 11.54332 ], [ 76.49748, 11.55067 ], [ 76.4959, 11.55395 ], [ 76.49085, 11.55304 ], [ 76.48961, 11.55395 ], [ 76.48975, 11.56254 ], [ 76.4866, 11.56266 ], [ 76.48508, 11.56427 ], [ 76.4824, 11.56488 ], [ 76.47828, 11.56496 ], [ 76.4764, 11.56346 ], [ 76.47553, 11.56104 ], [ 76.47408, 11.56098 ], [ 76.47291, 11.56619 ], [ 76.47092, 11.56754 ], [ 76.4629, 11.56842 ], [ 76.4628, 11.57081 ], [ 76.46039, 11.57071 ], [ 76.4584, 11.57207 ], [ 76.45709, 11.5744 ], [ 76.45232, 11.57279 ], [ 76.45201, 11.56824 ], [ 76.45106, 11.56796 ], [ 76.44618, 11.56897 ], [ 76.44508, 11.57227 ], [ 76.44243, 11.57192 ], [ 76.44248, 11.57073 ], [ 76.44132, 11.56949 ], [ 76.43963, 11.56943 ], [ 76.43666, 11.57098 ], [ 76.43209, 11.57033 ], [ 76.43118, 11.56886 ], [ 76.42925, 11.56855 ], [ 76.42809, 11.56731 ], [ 76.42828, 11.56278 ], [ 76.42545, 11.56076 ], [ 76.41632, 11.55921 ], [ 76.41012, 11.56303 ], [ 76.40229, 11.56511 ], [ 76.40268, 11.56154 ], [ 76.40077, 11.56075 ], [ 76.39834, 11.56113 ], [ 76.39668, 11.56632 ], [ 76.39467, 11.56791 ], [ 76.38332, 11.56746 ], [ 76.38027, 11.57116 ], [ 76.38024, 11.57297 ], [ 76.37816, 11.57776 ], [ 76.37411, 11.57746 ], [ 76.37254, 11.57668 ], [ 76.37136, 11.57479 ], [ 76.37011, 11.5753 ], [ 76.36799, 11.57421 ], [ 76.36769, 11.57629 ], [ 76.36332, 11.57807 ], [ 76.36152, 11.57639 ], [ 76.35467, 11.57698 ], [ 76.35391, 11.5819 ], [ 76.35197, 11.58269 ], [ 76.34954, 11.58164 ], [ 76.3479, 11.58258 ], [ 76.34917, 11.58695 ], [ 76.34899, 11.59124 ], [ 76.35017, 11.592 ], [ 76.35381, 11.5919 ], [ 76.35485, 11.59004 ], [ 76.35679, 11.58987 ], [ 76.35756, 11.59492 ], [ 76.35873, 11.59592 ], [ 76.36223, 11.59542 ], [ 76.36091, 11.59215 ], [ 76.36263, 11.58541 ] ] ] ] } },
{ "type": "Feature", "properties": { "Name": "Bandipur National Park Karnataka" }, "geometry": { "type": "Polygon", "coordinates": [ [ [ 76.84553, 11.68641 ], [ 76.84385, 11.68623 ], [ 76.83493, 11.67727 ], [ 76.83061, 11.67913 ], [ 76.82772, 11.66935 ], [ 76.82529, 11.67242 ], [ 76.82105, 11.68216 ], [ 76.81876, 11.68502 ], [ 76.81723, 11.68534 ], [ 76.81466, 11.68373 ], [ 76.79205, 11.65497 ], [ 76.78479, 11.65262 ], [ 76.75756, 11.65133 ], [ 76.75214, 11.65024 ], [ 76.75009, 11.64824 ], [ 76.74933, 11.64543 ], [ 76.74824, 11.64548 ], [ 76.74514, 11.64834 ], [ 76.74433, 11.65033 ], [ 76.74115, 11.65 ], [ 76.74034, 11.65176 ], [ 76.73953, 11.65195 ], [ 76.73544, 11.648 ], [ 76.72346, 11.64324 ], [ 76.72236, 11.63806 ], [ 76.69687, 11.63866 ], [ 76.6944, 11.63742 ], [ 76.68555, 11.62952 ], [ 76.68479, 11.628 ], [ 76.68517, 11.6221 ], [ 76.68383, 11.62152 ], [ 76.68203, 11.622 ], [ 76.67298, 11.62609 ], [ 76.65899, 11.6339 ], [ 76.65861, 11.64208 ], [ 76.65062, 11.64237 ], [ 76.64529, 11.64094 ], [ 76.64405, 11.64132 ], [ 76.64376, 11.64246 ], [ 76.64386, 11.64453 ], [ 76.64826, 11.64905 ], [ 76.64886, 11.65059 ], [ 76.64814, 11.65226 ], [ 76.6441, 11.65595 ], [ 76.64338, 11.65999 ], [ 76.64993, 11.66713 ], [ 76.65302, 11.66773 ], [ 76.65861, 11.66725 ], [ 76.67146, 11.66451 ], [ 76.68015, 11.65904 ], [ 76.68181, 11.6594 ], [ 76.683, 11.66083 ], [ 76.68264, 11.66273 ], [ 76.68038, 11.66547 ], [ 76.67646, 11.66844 ], [ 76.67574, 11.67367 ], [ 76.67229, 11.67974 ], [ 76.67087, 11.68105 ], [ 76.66908, 11.68129 ], [ 76.66527, 11.67927 ], [ 76.66087, 11.67831 ], [ 76.65576, 11.67915 ], [ 76.65076, 11.682 ], [ 76.64659, 11.68878 ], [ 76.64216, 11.69188 ], [ 76.61355, 11.70729 ], [ 76.6126, 11.70865 ], [ 76.61248, 11.70961 ], [ 76.61379, 11.71056 ], [ 76.63074, 11.70669 ], [ 76.63431, 11.70669 ], [ 76.63693, 11.7083 ], [ 76.64365, 11.70937 ], [ 76.64442, 11.71199 ], [ 76.64423, 11.71854 ], [ 76.64304, 11.71959 ], [ 76.63638, 11.72126 ], [ 76.63181, 11.71945 ], [ 76.63029, 11.71973 ], [ 76.62915, 11.72464 ], [ 76.62977, 11.72583 ], [ 76.63195, 11.72692 ], [ 76.63195, 11.72878 ], [ 76.63105, 11.72911 ], [ 76.6223, 11.72782 ], [ 76.60596, 11.72775 ], [ 76.59297, 11.7259 ], [ 76.59204, 11.72633 ], [ 76.59204, 11.72718 ], [ 76.59454, 11.73175 ], [ 76.59411, 11.73275 ], [ 76.57398, 11.75017 ], [ 76.57212, 11.75074 ], [ 76.5552, 11.75024 ], [ 76.55413, 11.75095 ], [ 76.54821, 11.76766 ], [ 76.54828, 11.76951 ], [ 76.55056, 11.77223 ], [ 76.55071, 11.77629 ], [ 76.54999, 11.77822 ], [ 76.54342, 11.78172 ], [ 76.541, 11.78886 ], [ 76.54342, 11.78971 ], [ 76.55006, 11.78829 ], [ 76.55585, 11.79464 ], [ 76.56555, 11.79828 ], [ 76.56734, 11.80071 ], [ 76.56748, 11.80456 ], [ 76.56384, 11.80835 ], [ 76.5637, 11.80942 ], [ 76.56576, 11.82215 ], [ 76.56614, 11.85005 ], [ 76.56739, 11.85189 ], [ 76.57131, 11.85284 ], [ 76.57792, 11.85242 ], [ 76.57863, 11.85439 ], [ 76.57827, 11.85736 ], [ 76.58101, 11.86272 ], [ 76.58071, 11.86408 ], [ 76.57982, 11.86444 ], [ 76.57619, 11.86385 ], [ 76.57476, 11.86819 ], [ 76.57078, 11.86956 ], [ 76.57036, 11.8736 ], [ 76.57179, 11.87598 ], [ 76.57232, 11.87896 ], [ 76.5794, 11.88865 ], [ 76.58702, 11.89424 ], [ 76.58886, 11.89442 ], [ 76.58946, 11.8952 ], [ 76.5891, 11.90001 ], [ 76.58975, 11.90067 ], [ 76.59344, 11.90085 ], [ 76.59451, 11.90204 ], [ 76.59802, 11.90715 ], [ 76.5985, 11.91031 ], [ 76.60213, 11.91328 ], [ 76.60332, 11.91614 ], [ 76.60242, 11.91887 ], [ 76.59719, 11.92149 ], [ 76.59338, 11.91929 ], [ 76.59041, 11.9228 ], [ 76.5894, 11.92541 ], [ 76.59124, 11.93041 ], [ 76.59374, 11.9344 ], [ 76.59772, 11.93553 ], [ 76.59677, 11.94118 ], [ 76.59761, 11.9454 ], [ 76.60236, 11.94772 ], [ 76.6095, 11.94856 ], [ 76.61057, 11.94933 ], [ 76.61099, 11.95415 ], [ 76.60968, 11.96176 ], [ 76.6057, 11.96265 ], [ 76.60355, 11.967 ], [ 76.60028, 11.96884 ], [ 76.59796, 11.97181 ], [ 76.58928, 11.97479 ], [ 76.58678, 11.97461 ], [ 76.58565, 11.97265 ], [ 76.58339, 11.97289 ], [ 76.5803, 11.97717 ], [ 76.57637, 11.98008 ], [ 76.57423, 11.98038 ], [ 76.57185, 11.97943 ], [ 76.56676, 11.9663 ], [ 76.56304, 11.9627 ], [ 76.56244, 11.95659 ], [ 76.56308, 11.95399 ], [ 76.56429, 11.95306 ], [ 76.57025, 11.95231 ], [ 76.5688, 11.94877 ], [ 76.56977, 11.93857 ], [ 76.56887, 11.93217 ], [ 76.56962, 11.9295 ], [ 76.57436, 11.92396 ], [ 76.57386, 11.92281 ], [ 76.56116, 11.91596 ], [ 76.55552, 11.91546 ], [ 76.55181, 11.91696 ], [ 76.54338, 11.9176 ], [ 76.54395, 11.90069 ], [ 76.54195, 11.89783 ], [ 76.53375, 11.88983 ], [ 76.53246, 11.88926 ], [ 76.52953, 11.88962 ], [ 76.52068, 11.89083 ], [ 76.51997, 11.89169 ], [ 76.51918, 11.90168 ], [ 76.51833, 11.90354 ], [ 76.51669, 11.91625 ], [ 76.51504, 11.92117 ], [ 76.51205, 11.92153 ], [ 76.50298, 11.91725 ], [ 76.50078, 11.89826 ], [ 76.48834, 11.88718 ], [ 76.48257, 11.87707 ], [ 76.47495, 11.87845 ], [ 76.47185, 11.87785 ], [ 76.46733, 11.87559 ], [ 76.46293, 11.87155 ], [ 76.45436, 11.86667 ], [ 76.45079, 11.86322 ], [ 76.44438, 11.86033 ], [ 76.43886, 11.85509 ], [ 76.43786, 11.85266 ], [ 76.44386, 11.8302 ], [ 76.44686, 11.82235 ], [ 76.4469, 11.82121 ], [ 76.4459, 11.82021 ], [ 76.444, 11.81968 ], [ 76.44024, 11.82002 ], [ 76.42587, 11.82639 ], [ 76.42116, 11.82958 ], [ 76.41887, 11.83501 ], [ 76.40898, 11.83648 ], [ 76.40688, 11.84476 ], [ 76.4065, 11.84971 ], [ 76.4084, 11.85461 ], [ 76.41183, 11.86875 ], [ 76.40845, 11.87351 ], [ 76.4115, 11.8855 ], [ 76.41312, 11.88678 ], [ 76.42558, 11.89183 ], [ 76.42834, 11.89687 ], [ 76.42777, 11.90506 ], [ 76.43015, 11.9082 ], [ 76.43334, 11.90844 ], [ 76.43405, 11.90558 ], [ 76.43058, 11.89245 ], [ 76.43049, 11.88826 ], [ 76.44115, 11.88303 ], [ 76.44471, 11.88326 ], [ 76.44895, 11.88717 ], [ 76.44909, 11.89664 ], [ 76.45095, 11.89921 ], [ 76.4529, 11.90006 ], [ 76.45623, 11.89978 ], [ 76.46042, 11.89749 ], [ 76.4627, 11.8974 ], [ 76.46727, 11.90435 ], [ 76.47232, 11.90382 ], [ 76.47274, 11.90772 ], [ 76.47184, 11.91234 ], [ 76.46856, 11.91605 ], [ 76.4696, 11.91995 ], [ 76.46875, 11.92628 ], [ 76.46908, 11.93352 ], [ 76.47165, 11.94346 ], [ 76.47056, 11.94465 ], [ 76.46556, 11.94465 ], [ 76.45433, 11.94741 ], [ 76.45335, 11.94449 ], [ 76.44885, 11.94277 ], [ 76.44871, 11.94006 ], [ 76.45028, 11.93856 ], [ 76.45392, 11.93728 ], [ 76.45349, 11.93271 ], [ 76.44579, 11.92543 ], [ 76.44657, 11.92022 ], [ 76.44464, 11.91515 ], [ 76.44329, 11.91508 ], [ 76.44012, 11.91855 ], [ 76.43869, 11.91893 ], [ 76.43631, 11.91712 ], [ 76.43593, 11.9126 ], [ 76.43174, 11.91141 ], [ 76.42998, 11.91289 ], [ 76.42984, 11.91413 ], [ 76.43298, 11.91465 ], [ 76.43331, 11.91579 ], [ 76.43155, 11.92164 ], [ 76.43317, 11.92398 ], [ 76.43365, 11.94044 ], [ 76.43593, 11.94749 ], [ 76.43445, 11.94834 ], [ 76.42713, 11.94653 ], [ 76.42408, 11.94663 ], [ 76.41999, 11.94806 ], [ 76.41989, 11.94035 ], [ 76.41742, 11.93587 ], [ 76.41223, 11.92958 ], [ 76.40985, 11.92738 ], [ 76.40634, 11.92595 ], [ 76.40045, 11.9197 ], [ 76.38076, 11.91863 ], [ 76.38022, 11.91792 ], [ 76.38076, 11.91619 ], [ 76.38736, 11.90614 ], [ 76.39938, 11.90596 ], [ 76.40057, 11.90543 ], [ 76.40081, 11.90418 ], [ 76.40039, 11.9018 ], [ 76.39765, 11.89746 ], [ 76.38897, 11.88913 ], [ 76.39004, 11.86837 ], [ 76.38695, 11.86182 ], [ 76.38052, 11.85718 ], [ 76.37808, 11.85617 ], [ 76.37166, 11.85576 ], [ 76.3594, 11.85159 ], [ 76.35798, 11.85231 ], [ 76.35643, 11.85611 ], [ 76.34899, 11.85687 ], [ 76.34638, 11.85794 ], [ 76.34424, 11.86056 ], [ 76.34293, 11.86449 ], [ 76.34197, 11.87745 ], [ 76.33769, 11.88352 ], [ 76.33769, 11.88733 ], [ 76.34733, 11.90065 ], [ 76.35244, 11.91148 ], [ 76.35233, 11.91303 ], [ 76.35125, 11.9141 ], [ 76.33591, 11.92231 ], [ 76.334, 11.92266 ], [ 76.32615, 11.91874 ], [ 76.32225, 11.90477 ], [ 76.321, 11.90419 ], [ 76.30895, 11.90334 ], [ 76.30415, 11.90071 ], [ 76.28936, 11.9018 ], [ 76.28176, 11.90385 ], [ 76.27862, 11.90374 ], [ 76.26926, 11.90077 ], [ 76.26646, 11.903 ], [ 76.25624, 11.90619 ], [ 76.25201, 11.90665 ], [ 76.24232, 11.91465 ], [ 76.23696, 11.92059 ], [ 76.23426, 11.92605 ], [ 76.23478, 11.92662 ], [ 76.23946, 11.92651 ], [ 76.24426, 11.92143 ], [ 76.24797, 11.92 ], [ 76.24957, 11.91754 ], [ 76.2506, 11.91726 ], [ 76.25259, 11.9196 ], [ 76.25751, 11.92308 ], [ 76.26316, 11.92177 ], [ 76.26139, 11.92857 ], [ 76.2627, 11.92971 ], [ 76.26687, 11.93085 ], [ 76.27024, 11.93016 ], [ 76.27555, 11.92206 ], [ 76.27801, 11.92103 ], [ 76.27949, 11.92188 ], [ 76.27944, 11.92691 ], [ 76.28029, 11.92994 ], [ 76.2866, 11.92679 ], [ 76.29164, 11.92698 ], [ 76.29326, 11.92793 ], [ 76.29364, 11.93897 ], [ 76.2905, 11.94545 ], [ 76.29069, 11.94992 ], [ 76.28655, 11.9567 ], [ 76.28801, 11.95903 ], [ 76.28594, 11.96189 ], [ 76.2856, 11.96403 ], [ 76.28596, 11.97401 ], [ 76.2876, 11.97501 ], [ 76.28956, 11.97408 ], [ 76.29149, 11.9658 ], [ 76.29349, 11.96173 ], [ 76.29374, 11.95285 ], [ 76.29827, 11.94246 ], [ 76.30009, 11.94128 ], [ 76.3042, 11.94589 ], [ 76.31023, 11.9461 ], [ 76.31084, 11.94353 ], [ 76.30912, 11.93793 ], [ 76.30877, 11.9309 ], [ 76.31408, 11.92868 ], [ 76.31637, 11.92379 ], [ 76.31887, 11.92097 ], [ 76.32101, 11.92119 ], [ 76.32628, 11.92733 ], [ 76.33544, 11.93185 ], [ 76.34377, 11.93375 ], [ 76.34995, 11.93447 ], [ 76.35531, 11.93304 ], [ 76.3559, 11.93101 ], [ 76.35531, 11.92792 ], [ 76.35293, 11.92519 ], [ 76.35269, 11.9234 ], [ 76.35531, 11.92066 ], [ 76.35721, 11.92078 ], [ 76.36352, 11.92435 ], [ 76.37556, 11.92889 ], [ 76.3771, 11.9358 ], [ 76.3779, 11.9358 ], [ 76.38087, 11.93095 ], [ 76.38933, 11.93175 ], [ 76.39075, 11.93312 ], [ 76.39212, 11.93666 ], [ 76.39715, 11.93535 ], [ 76.40459, 11.93807 ], [ 76.40687, 11.93986 ], [ 76.40944, 11.94928 ], [ 76.41744, 11.96084 ], [ 76.41694, 11.96341 ], [ 76.41137, 11.9672 ], [ 76.40637, 11.97483 ], [ 76.40601, 11.97719 ], [ 76.4068, 11.98169 ], [ 76.41044, 11.98226 ], [ 76.41137, 11.98547 ], [ 76.41144, 11.99268 ], [ 76.41758, 11.99382 ], [ 76.43928, 11.99275 ], [ 76.45113, 11.99068 ], [ 76.45791, 11.98683 ], [ 76.46084, 11.98597 ], [ 76.47947, 11.98461 ], [ 76.48075, 11.98254 ], [ 76.47997, 11.97541 ], [ 76.47526, 11.96006 ], [ 76.47504, 11.94557 ], [ 76.48268, 11.94136 ], [ 76.48668, 11.94007 ], [ 76.51873, 11.93543 ], [ 76.53265, 11.93072 ], [ 76.54093, 11.92915 ], [ 76.54379, 11.94157 ], [ 76.53929, 11.95056 ], [ 76.53586, 11.97419 ], [ 76.53715, 11.97505 ], [ 76.54107, 11.96941 ], [ 76.54479, 11.96891 ], [ 76.5455, 11.96513 ], [ 76.54664, 11.9652 ], [ 76.54771, 11.96634 ], [ 76.548, 11.97441 ], [ 76.55142, 11.97769 ], [ 76.54921, 11.98369 ], [ 76.55199, 11.99061 ], [ 76.55378, 11.99297 ], [ 76.55556, 11.99389 ], [ 76.55806, 11.99354 ], [ 76.56042, 11.99232 ], [ 76.5617, 11.98975 ], [ 76.56299, 11.98897 ], [ 76.5687, 11.98733 ], [ 76.57334, 11.98711 ], [ 76.5844, 11.98847 ], [ 76.58669, 11.98376 ], [ 76.59133, 11.98504 ], [ 76.59468, 11.98369 ], [ 76.6056, 11.98961 ], [ 76.60796, 11.99004 ], [ 76.61474, 11.99018 ], [ 76.6176, 11.98904 ], [ 76.63594, 11.98083 ], [ 76.63701, 11.97869 ], [ 76.63994, 11.95892 ], [ 76.63302, 11.94949 ], [ 76.6328, 11.94542 ], [ 76.6338, 11.94171 ], [ 76.63287, 11.94107 ], [ 76.62224, 11.94207 ], [ 76.62024, 11.94128 ], [ 76.62131, 11.93636 ], [ 76.6181, 11.92822 ], [ 76.61538, 11.9153 ], [ 76.61924, 11.90681 ], [ 76.62309, 11.90181 ], [ 76.62259, 11.88304 ], [ 76.62167, 11.87818 ], [ 76.61674, 11.8764 ], [ 76.61367, 11.8734 ], [ 76.61303, 11.86198 ], [ 76.61353, 11.86083 ], [ 76.61788, 11.85926 ], [ 76.61867, 11.85827 ], [ 76.61952, 11.85063 ], [ 76.62088, 11.84891 ], [ 76.62816, 11.84642 ], [ 76.62923, 11.83828 ], [ 76.63393, 11.83358 ], [ 76.63679, 11.83215 ], [ 76.64783, 11.8312 ], [ 76.65182, 11.8352 ], [ 76.65344, 11.83615 ], [ 76.65611, 11.83625 ], [ 76.65877, 11.83368 ], [ 76.65887, 11.83215 ], [ 76.65554, 11.82559 ], [ 76.65392, 11.82454 ], [ 76.64668, 11.82635 ], [ 76.64326, 11.82625 ], [ 76.63983, 11.82511 ], [ 76.63336, 11.83206 ], [ 76.62641, 11.83482 ], [ 76.6247, 11.83453 ], [ 76.6208, 11.82863 ], [ 76.61927, 11.82749 ], [ 76.61718, 11.82682 ], [ 76.6108, 11.82911 ], [ 76.6089, 11.82854 ], [ 76.5989, 11.80931 ], [ 76.60757, 11.8055 ], [ 76.61071, 11.80284 ], [ 76.61156, 11.79989 ], [ 76.61118, 11.78885 ], [ 76.60899, 11.78437 ], [ 76.60252, 11.78333 ], [ 76.59618, 11.78335 ], [ 76.59214, 11.78227 ], [ 76.59, 11.77989 ], [ 76.58904, 11.77752 ], [ 76.58893, 11.77169 ], [ 76.59166, 11.76883 ], [ 76.59226, 11.76716 ], [ 76.59226, 11.76145 ], [ 76.59321, 11.75931 ], [ 76.60308, 11.75396 ], [ 76.60725, 11.75396 ], [ 76.61579, 11.75068 ], [ 76.61629, 11.74604 ], [ 76.61807, 11.74475 ], [ 76.62343, 11.74361 ], [ 76.62757, 11.74382 ], [ 76.63435, 11.74282 ], [ 76.63892, 11.74382 ], [ 76.6397, 11.74625 ], [ 76.63863, 11.7501 ], [ 76.63885, 11.7521 ], [ 76.64042, 11.7551 ], [ 76.65533, 11.75513 ], [ 76.65848, 11.75317 ], [ 76.65926, 11.75079 ], [ 76.65956, 11.74335 ], [ 76.65712, 11.738 ], [ 76.66003, 11.73491 ], [ 76.66134, 11.73086 ], [ 76.65866, 11.72676 ], [ 76.65854, 11.72479 ], [ 76.66539, 11.72277 ], [ 76.66776, 11.72301 ], [ 76.67556, 11.73051 ], [ 76.67663, 11.73051 ], [ 76.68014, 11.72759 ], [ 76.69709, 11.72593 ], [ 76.7006, 11.72652 ], [ 76.70256, 11.7289 ], [ 76.70429, 11.72943 ], [ 76.705, 11.72813 ], [ 76.70465, 11.71528 ], [ 76.70512, 11.71444 ], [ 76.71167, 11.71201 ], [ 76.71755, 11.71242 ], [ 76.7215, 11.71738 ], [ 76.72346, 11.71838 ], [ 76.72907, 11.71562 ], [ 76.73421, 11.71472 ], [ 76.7472, 11.71519 ], [ 76.75291, 11.7122 ], [ 76.75387, 11.71248 ], [ 76.7542, 11.71619 ], [ 76.75163, 11.71914 ], [ 76.75506, 11.72414 ], [ 76.75629, 11.72457 ], [ 76.76048, 11.72276 ], [ 76.76733, 11.72157 ], [ 76.76824, 11.72033 ], [ 76.76667, 11.70748 ], [ 76.76838, 11.69878 ], [ 76.77528, 11.69663 ], [ 76.78057, 11.69592 ], [ 76.78264, 11.69628 ], [ 76.79057, 11.70327 ], [ 76.79642, 11.70641 ], [ 76.80149, 11.71055 ], [ 76.80413, 11.71769 ], [ 76.80713, 11.72133 ], [ 76.8112, 11.72126 ], [ 76.81591, 11.71948 ], [ 76.82041, 11.7204 ], [ 76.8239, 11.71798 ], [ 76.82755, 11.72105 ], [ 76.83461, 11.71769 ], [ 76.83647, 11.71926 ], [ 76.8394, 11.72469 ], [ 76.84296, 11.72576 ], [ 76.84461, 11.73304 ], [ 76.84925, 11.73625 ], [ 76.85253, 11.73682 ], [ 76.85367, 11.73789 ], [ 76.85489, 11.74282 ], [ 76.85953, 11.7516 ], [ 76.86024, 11.75688 ], [ 76.86295, 11.76031 ], [ 76.86431, 11.76067 ], [ 76.87195, 11.75924 ], [ 76.87237, 11.76373 ], [ 76.87423, 11.76409 ], [ 76.8768, 11.76081 ], [ 76.8793, 11.75959 ], [ 76.89664, 11.7556 ], [ 76.897, 11.75181 ], [ 76.89556, 11.74157 ], [ 76.89156, 11.73281 ], [ 76.88851, 11.72977 ], [ 76.87747, 11.72577 ], [ 76.86853, 11.71701 ], [ 76.86529, 11.71244 ], [ 76.86262, 11.70388 ], [ 76.85444, 11.68998 ], [ 76.84911, 11.67742 ], [ 76.84644, 11.66695 ], [ 76.84553, 11.68641 ] ] ] } },
{ "type": "Feature", "properties": { "Name": "Nugu WLS Karnataka" }, "geometry": { "type": "Polygon", "coordinates": [ [ [ 76.47103, 11.99131 ], [ 76.46903, 11.98465 ], [ 76.47212, 11.98275 ], [ 76.48031, 11.98266 ], [ 76.48859, 11.98118 ], [ 76.49002, 11.98128 ], [ 76.49049, 11.98261 ], [ 76.48921, 11.98851 ], [ 76.48559, 11.99127 ], [ 76.48664, 11.99665 ], [ 76.48826, 11.99655 ], [ 76.48916, 11.99493 ], [ 76.48987, 11.99498 ], [ 76.4973, 11.99884 ], [ 76.49991, 11.99893 ], [ 76.50058, 11.99779 ], [ 76.49901, 11.98856 ], [ 76.50234, 11.97626 ], [ 76.50567, 11.97552 ], [ 76.50846, 11.97649 ], [ 76.50946, 11.97587 ], [ 76.51081, 11.97723 ], [ 76.50993, 11.9789 ], [ 76.51988, 11.97972 ], [ 76.52209, 11.97836 ], [ 76.52334, 11.97558 ], [ 76.5217, 11.97147 ], [ 76.52173, 11.96919 ], [ 76.5176, 11.96365 ], [ 76.512, 11.95018 ], [ 76.50093, 11.94966 ], [ 76.49142, 11.95059 ], [ 76.49113, 11.94956 ], [ 76.49277, 11.94587 ], [ 76.49123, 11.94642 ], [ 76.49006, 11.94426 ], [ 76.47999, 11.94311 ], [ 76.47689, 11.94188 ], [ 76.47645, 11.93766 ], [ 76.4736, 11.931 ], [ 76.47413, 11.91797 ], [ 76.47509, 11.91857 ], [ 76.48282, 11.93457 ], [ 76.49109, 11.93659 ], [ 76.49311, 11.93332 ], [ 76.49478, 11.91643 ], [ 76.50084, 11.91524 ], [ 76.50328, 11.9106 ], [ 76.50227, 11.8984 ], [ 76.49073, 11.88819 ], [ 76.48413, 11.87617 ], [ 76.47506, 11.87745 ], [ 76.46928, 11.87502 ], [ 76.44679, 11.85974 ], [ 76.43883, 11.85286 ], [ 76.44769, 11.82061 ], [ 76.44728, 11.81931 ], [ 76.44169, 11.81931 ], [ 76.44061, 11.82222 ], [ 76.43633, 11.82508 ], [ 76.43318, 11.82573 ], [ 76.433, 11.82865 ], [ 76.43068, 11.82906 ], [ 76.42884, 11.82579 ], [ 76.42675, 11.82763 ], [ 76.42443, 11.82763 ], [ 76.42336, 11.82847 ], [ 76.42319, 11.83299 ], [ 76.42217, 11.83596 ], [ 76.41849, 11.83816 ], [ 76.41486, 11.83816 ], [ 76.41069, 11.83519 ], [ 76.40998, 11.83549 ], [ 76.40808, 11.84738 ], [ 76.41385, 11.86779 ], [ 76.41367, 11.86933 ], [ 76.41075, 11.87094 ], [ 76.4101, 11.87213 ], [ 76.41311, 11.88554 ], [ 76.42096, 11.88946 ], [ 76.42689, 11.89082 ], [ 76.42797, 11.89411 ], [ 76.43028, 11.89693 ], [ 76.42925, 11.9048 ], [ 76.43222, 11.91061 ], [ 76.43079, 11.91435 ], [ 76.43176, 11.91489 ], [ 76.43396, 11.91428 ], [ 76.43471, 11.91548 ], [ 76.43471, 11.91702 ], [ 76.43299, 11.91971 ], [ 76.43545, 11.92393 ], [ 76.4353, 11.93807 ], [ 76.43665, 11.94352 ], [ 76.43648, 11.94598 ], [ 76.43505, 11.94735 ], [ 76.4261, 11.94607 ], [ 76.42264, 11.94882 ], [ 76.42171, 11.94867 ], [ 76.42187, 11.93936 ], [ 76.41973, 11.93626 ], [ 76.41295, 11.92728 ], [ 76.40873, 11.92633 ], [ 76.40284, 11.91913 ], [ 76.39957, 11.91842 ], [ 76.39647, 11.93139 ], [ 76.39624, 11.93543 ], [ 76.39118, 11.93983 ], [ 76.38913, 11.94944 ], [ 76.3858, 11.95503 ], [ 76.38591, 11.95723 ], [ 76.38722, 11.95753 ], [ 76.38815, 11.95902 ], [ 76.38864, 11.96339 ], [ 76.386, 11.96369 ], [ 76.38442, 11.96702 ], [ 76.38687, 11.97245 ], [ 76.38962, 11.97353 ], [ 76.39206, 11.97281 ], [ 76.39289, 11.97005 ], [ 76.39453, 11.96904 ], [ 76.397, 11.96892 ], [ 76.39765, 11.97005 ], [ 76.41047, 11.97337 ], [ 76.41056, 11.97901 ], [ 76.41306, 11.97956 ], [ 76.41511, 11.98115 ], [ 76.41608, 11.98612 ], [ 76.4138, 11.99001 ], [ 76.4114, 11.99041 ], [ 76.4114, 11.99395 ], [ 76.41334, 11.99406 ], [ 76.41483, 11.99526 ], [ 76.41717, 11.9948 ], [ 76.41734, 11.99852 ], [ 76.41825, 11.9992 ], [ 76.42111, 12.00023 ], [ 76.42591, 11.99874 ], [ 76.42682, 11.99772 ], [ 76.43116, 11.99732 ], [ 76.43733, 11.99994 ], [ 76.44942, 12.00203 ], [ 76.47103, 11.99131 ] ], [ [ 76.43162, 11.96393 ], [ 76.43476, 11.95858 ], [ 76.43381, 11.95522 ], [ 76.43897, 11.95306 ], [ 76.43652, 11.95084 ], [ 76.43352, 11.94951 ], [ 76.43305, 11.94832 ], [ 76.43657, 11.94708 ], [ 76.43852, 11.94428 ], [ 76.44851, 11.9192 ], [ 76.43795, 11.9003 ], [ 76.43585, 11.89513 ], [ 76.43071, 11.88753 ], [ 76.44588, 11.88042 ], [ 76.45177, 11.88324 ], [ 76.45194, 11.89419 ], [ 76.45438, 11.89681 ], [ 76.45658, 11.89767 ], [ 76.46089, 11.8966 ], [ 76.46511, 11.89237 ], [ 76.466, 11.89312 ], [ 76.469, 11.90164 ], [ 76.46987, 11.90182 ], [ 76.47486, 11.89875 ], [ 76.47698, 11.90092 ], [ 76.47352, 11.91813 ], [ 76.47281, 11.92927 ], [ 76.47324, 11.93474 ], [ 76.47567, 11.94102 ], [ 76.47548, 11.94321 ], [ 76.47443, 11.94407 ], [ 76.46624, 11.94443 ], [ 76.4621, 11.946 ], [ 76.45995, 11.94705 ], [ 76.45653, 11.95086 ], [ 76.45658, 11.95343 ], [ 76.46164, 11.95336 ], [ 76.46455, 11.95726 ], [ 76.46445, 11.96221 ], [ 76.46321, 11.96739 ], [ 76.46192, 11.96999 ], [ 76.45914, 11.97065 ], [ 76.45624, 11.96885 ], [ 76.45209, 11.96839 ], [ 76.45071, 11.96723 ], [ 76.45036, 11.96561 ], [ 76.44817, 11.96606 ], [ 76.44644, 11.97316 ], [ 76.44757, 11.9745 ], [ 76.44763, 11.97613 ], [ 76.4462, 11.97607 ], [ 76.44406, 11.97953 ], [ 76.44435, 11.98846 ], [ 76.44227, 11.98673 ], [ 76.439, 11.97927 ], [ 76.43781, 11.96897 ], [ 76.43162, 11.96393 ] ] ] } },
{ "type": "Feature", "properties": { "Name": "Brahmagiri WLS, Karnataka" }, "geometry": { "type": "Polygon", "coordinates": [ [ [ 76.04945, 11.95337 ], [ 76.0461, 11.95137 ], [ 76.04478, 11.95601 ], [ 76.0386, 11.94866 ], [ 76.03632, 11.94738 ], [ 76.03082, 11.94684 ], [ 76.02882, 11.94848 ], [ 76.02611, 11.94909 ], [ 76.024, 11.95448 ], [ 76.02272, 11.95551 ], [ 76.01968, 11.95548 ], [ 76.01833, 11.95341 ], [ 76.01826, 11.94809 ], [ 76.00962, 11.94495 ], [ 76.00491, 11.9477 ], [ 76.00191, 11.94713 ], [ 76.00091, 11.95041 ], [ 75.99795, 11.9533 ], [ 75.99877, 11.95584 ], [ 75.99495, 11.96005 ], [ 75.99698, 11.96412 ], [ 75.99706, 11.96636 ], [ 75.98999, 11.96715 ], [ 75.98499, 11.96604 ], [ 75.98289, 11.9679 ], [ 75.9735, 11.97282 ], [ 75.97211, 11.97479 ], [ 75.972, 11.98021 ], [ 75.97122, 11.9826 ], [ 75.96804, 11.98378 ], [ 75.96329, 11.9876 ], [ 75.9584, 11.9886 ], [ 75.95501, 11.9881 ], [ 75.95069, 11.98485 ], [ 75.94352, 11.98196 ], [ 75.94109, 11.97918 ], [ 75.94006, 11.97921 ], [ 75.93716, 11.9826 ], [ 75.93474, 11.98824 ], [ 75.93352, 11.99378 ], [ 75.93155, 11.99455 ], [ 75.92534, 12.00081 ], [ 75.92441, 11.99008 ], [ 75.9212, 11.98953 ], [ 75.91225, 11.98312 ], [ 75.90413, 11.9819 ], [ 75.89985, 11.98386 ], [ 75.8945, 11.98374 ], [ 75.89251, 11.98642 ], [ 75.8873, 11.98811 ], [ 75.87582, 11.98898 ], [ 75.87365, 11.99237 ], [ 75.87469, 11.99745 ], [ 75.87151, 12.00013 ], [ 75.87175, 12.00644 ], [ 75.87097, 12.00804 ], [ 75.8655, 12.0092 ], [ 75.86357, 12.00754 ], [ 75.85571, 12.00388 ], [ 75.85295, 12.00394 ], [ 75.85146, 12.0067 ], [ 75.85051, 12.01212 ], [ 75.8558, 12.01878 ], [ 75.85795, 12.01997 ], [ 75.85753, 12.02098 ], [ 75.85458, 12.02235 ], [ 75.85277, 12.02592 ], [ 75.85262, 12.0283 ], [ 75.85435, 12.02987 ], [ 75.85432, 12.03115 ], [ 75.85054, 12.03231 ], [ 75.8464, 12.02999 ], [ 75.84272, 12.02993 ], [ 75.84191, 12.03062 ], [ 75.84043, 12.03719 ], [ 75.83808, 12.03915 ], [ 75.83561, 12.03984 ], [ 75.83433, 12.04266 ], [ 75.82912, 12.0459 ], [ 75.82538, 12.05001 ], [ 75.82463, 12.05138 ], [ 75.82445, 12.05667 ], [ 75.82835, 12.05938 ], [ 75.83724, 12.05985 ], [ 75.83921, 12.0595 ], [ 75.84218, 12.05631 ], [ 75.84682, 12.05581 ], [ 75.8517, 12.05715 ], [ 75.85452, 12.0592 ], [ 75.85765, 12.05968 ], [ 75.86535, 12.05295 ], [ 75.87282, 12.05343 ], [ 75.87475, 12.05281 ], [ 75.88103, 12.0476 ], [ 75.88284, 12.0473 ], [ 75.88742, 12.04897 ], [ 75.89495, 12.04745 ], [ 75.89498, 12.0606 ], [ 75.90527, 12.06979 ], [ 75.90645, 12.0728 ], [ 75.90358, 12.07575 ], [ 75.90152, 12.07548 ], [ 75.89893, 12.07676 ], [ 75.89465, 12.07508 ], [ 75.89351, 12.07836 ], [ 75.89372, 12.0806 ], [ 75.89193, 12.08325 ], [ 75.88785, 12.08085 ], [ 75.88796, 12.07702 ], [ 75.88699, 12.0742 ], [ 75.88257, 12.07231 ], [ 75.8801, 12.07278 ], [ 75.87957, 12.07513 ], [ 75.87689, 12.07881 ], [ 75.87393, 12.07977 ], [ 75.87047, 12.08302 ], [ 75.86668, 12.08098 ], [ 75.8609, 12.08177 ], [ 75.86062, 12.07606 ], [ 75.85965, 12.07524 ], [ 75.85355, 12.0757 ], [ 75.85259, 12.07713 ], [ 75.85205, 12.08063 ], [ 75.84891, 12.08245 ], [ 75.8472, 12.08659 ], [ 75.84166, 12.08755 ], [ 75.84045, 12.0888 ], [ 75.83831, 12.11015 ], [ 75.84038, 12.11318 ], [ 75.84145, 12.1201 ], [ 75.83877, 12.12328 ], [ 75.83824, 12.12813 ], [ 75.83563, 12.1296 ], [ 75.83488, 12.13199 ], [ 75.8336, 12.13327 ], [ 75.83217, 12.13356 ], [ 75.83081, 12.12928 ], [ 75.8306, 12.12296 ], [ 75.82664, 12.1221 ], [ 75.82582, 12.12464 ], [ 75.8216, 12.13113 ], [ 75.82403, 12.13431 ], [ 75.82425, 12.13652 ], [ 75.82036, 12.13916 ], [ 75.81814, 12.14395 ], [ 75.81557, 12.14598 ], [ 75.81347, 12.14609 ], [ 75.80255, 12.14205 ], [ 75.79645, 12.14121 ], [ 75.79479, 12.13878 ], [ 75.79469, 12.13735 ], [ 75.79988, 12.1329 ], [ 75.80048, 12.13093 ], [ 75.7989, 12.12869 ], [ 75.79177, 12.12484 ], [ 75.7866, 12.12458 ], [ 75.78701, 12.12006 ], [ 75.79191, 12.11684 ], [ 75.79227, 12.11584 ], [ 75.78889, 12.1118 ], [ 75.78434, 12.10928 ], [ 75.78272, 12.10702 ], [ 75.78073, 12.10659 ], [ 75.78121, 12.10389 ], [ 75.7806, 12.10308 ], [ 75.77336, 12.0998 ], [ 75.7696, 12.10156 ], [ 75.76422, 12.10137 ], [ 75.75661, 12.09699 ], [ 75.75604, 12.09518 ], [ 75.75642, 12.09157 ], [ 75.75471, 12.0889 ], [ 75.7379, 12.07848 ], [ 75.72978, 12.07198 ], [ 75.7185, 12.06909 ], [ 75.71607, 12.06955 ], [ 75.71547, 12.07266 ], [ 75.71707, 12.0769 ], [ 75.71661, 12.08026 ], [ 75.71847, 12.08165 ], [ 75.71872, 12.0839 ], [ 75.71404, 12.08868 ], [ 75.7074, 12.09104 ], [ 75.70333, 12.09097 ], [ 75.70401, 12.10449 ], [ 75.70287, 12.10653 ], [ 75.69473, 12.10888 ], [ 75.68638, 12.10838 ], [ 75.68434, 12.10374 ], [ 75.67981, 12.1006 ], [ 75.67692, 12.09675 ], [ 75.67503, 12.09661 ], [ 75.67446, 12.10464 ], [ 75.67614, 12.1071 ], [ 75.67606, 12.1096 ], [ 75.67257, 12.11338 ], [ 75.67125, 12.12313 ], [ 75.66544, 12.13759 ], [ 75.66227, 12.14142 ], [ 75.66213, 12.14265 ], [ 75.66693, 12.14603 ], [ 75.66674, 12.15022 ], [ 75.67041, 12.1595 ], [ 75.67274, 12.16131 ], [ 75.67707, 12.16155 ], [ 75.68478, 12.16373 ], [ 75.68825, 12.16759 ], [ 75.68906, 12.1753 ], [ 75.69335, 12.17563 ], [ 75.69925, 12.17168 ], [ 75.70267, 12.1634 ], [ 75.70567, 12.16083 ], [ 75.70924, 12.14979 ], [ 75.70938, 12.14332 ], [ 75.71052, 12.14027 ], [ 75.71357, 12.14194 ], [ 75.71709, 12.13989 ], [ 75.71795, 12.14032 ], [ 75.71876, 12.1427 ], [ 75.72276, 12.14598 ], [ 75.72709, 12.14584 ], [ 75.73489, 12.15036 ], [ 75.73889, 12.15027 ], [ 75.74446, 12.14808 ], [ 75.75707, 12.13342 ], [ 75.75902, 12.13294 ], [ 75.76373, 12.13337 ], [ 75.77068, 12.13732 ], [ 75.77515, 12.13832 ], [ 75.78067, 12.14275 ], [ 75.78572, 12.14332 ], [ 75.78848, 12.14698 ], [ 75.79328, 12.15084 ], [ 75.80173, 12.15156 ], [ 75.81214, 12.15573 ], [ 75.81809, 12.15526 ], [ 75.8213, 12.15371 ], [ 75.82576, 12.15038 ], [ 75.82999, 12.14419 ], [ 75.83129, 12.14318 ], [ 75.83599, 12.14229 ], [ 75.8398, 12.14003 ], [ 75.84706, 12.13218 ], [ 75.84813, 12.12694 ], [ 75.85128, 12.11921 ], [ 75.84872, 12.10963 ], [ 75.84926, 12.09637 ], [ 75.85194, 12.09512 ], [ 75.8567, 12.09078 ], [ 75.87073, 12.09298 ], [ 75.87484, 12.09191 ], [ 75.87984, 12.08828 ], [ 75.88828, 12.0925 ], [ 75.89566, 12.0922 ], [ 75.9022, 12.08631 ], [ 75.90875, 12.08382 ], [ 75.91232, 12.08078 ], [ 75.91541, 12.07555 ], [ 75.91541, 12.06835 ], [ 75.91142, 12.0621 ], [ 75.90464, 12.05675 ], [ 75.90488, 12.0461 ], [ 75.90411, 12.04342 ], [ 75.90018, 12.03932 ], [ 75.89786, 12.03837 ], [ 75.88959, 12.03878 ], [ 75.88376, 12.03777 ], [ 75.88019, 12.03801 ], [ 75.87775, 12.03831 ], [ 75.87139, 12.04325 ], [ 75.86354, 12.04372 ], [ 75.8602, 12.04497 ], [ 75.8557, 12.04828 ], [ 75.84583, 12.04581 ], [ 75.84863, 12.04231 ], [ 75.85542, 12.04098 ], [ 75.8612, 12.03776 ], [ 75.86286, 12.03536 ], [ 75.86457, 12.02771 ], [ 75.86669, 12.02531 ], [ 75.86783, 12.01903 ], [ 75.87411, 12.0172 ], [ 75.87965, 12.01315 ], [ 75.8813, 12.00961 ], [ 75.88176, 12.00504 ], [ 75.8849, 11.99802 ], [ 75.88964, 11.99744 ], [ 75.90483, 11.99196 ], [ 75.90957, 11.99253 ], [ 75.91471, 11.99682 ], [ 75.91505, 12.00293 ], [ 75.91762, 12.00772 ], [ 75.92025, 12.00955 ], [ 75.92728, 12.01052 ], [ 75.93396, 12.00641 ], [ 75.94064, 12.00019 ], [ 75.94429, 11.99265 ], [ 75.95189, 11.99733 ], [ 75.96263, 11.9979 ], [ 75.97102, 11.99402 ], [ 75.97787, 11.98939 ], [ 75.9813, 11.98385 ], [ 75.9829, 11.97854 ], [ 75.98575, 11.97671 ], [ 76.00009, 11.97569 ], [ 76.00454, 11.97243 ], [ 76.00597, 11.96986 ], [ 76.00665, 11.96798 ], [ 76.0066, 11.96238 ], [ 76.00825, 11.95793 ], [ 76.01231, 11.9621 ], [ 76.01585, 11.96415 ], [ 76.02264, 11.96518 ], [ 76.02596, 11.96449 ], [ 76.02853, 11.96301 ], [ 76.03367, 11.9573 ], [ 76.03704, 11.96284 ], [ 76.04006, 11.96512 ], [ 76.04343, 11.96638 ], [ 76.04646, 11.96644 ], [ 76.05251, 11.96312 ], [ 76.05799, 11.96295 ], [ 76.06268, 11.9605 ], [ 76.06359, 11.95924 ], [ 76.05628, 11.9537 ], [ 76.04945, 11.95337 ] ] ] } },
{ "type": "Feature", "properties": { "Name": "Adinachunchunagiri WLS Karnataka" }, "geometry": { "type": "Polygon", "coordinates": [ [ [ 76.75478, 13.02896 ], [ 76.75604, 13.03013 ], [ 76.75739, 13.02864 ], [ 76.75764, 13.02967 ], [ 76.76369, 13.02596 ], [ 76.7658, 13.02227 ], [ 76.76681, 13.01393 ], [ 76.7662, 13.00792 ], [ 76.76438, 13.00431 ], [ 76.76176, 13.002 ], [ 76.75681, 13.00064 ], [ 76.75545, 12.99839 ], [ 76.75747, 12.99755 ], [ 76.75662, 12.997 ], [ 76.75662, 12.99577 ], [ 76.76027, 12.99482 ], [ 76.76084, 12.99187 ], [ 76.75756, 12.98938 ], [ 76.75814, 12.9906 ], [ 76.75633, 12.9903 ], [ 76.75613, 12.99253 ], [ 76.75548, 12.99258 ], [ 76.75512, 12.98956 ], [ 76.75201, 12.9874 ], [ 76.75192, 12.98969 ], [ 76.75324, 12.99208 ], [ 76.75051, 12.99084 ], [ 76.75078, 12.9925 ], [ 76.74965, 12.99263 ], [ 76.74902, 12.99438 ], [ 76.74828, 12.99409 ], [ 76.74998, 12.99487 ], [ 76.74823, 12.9965 ], [ 76.74877, 12.9991 ], [ 76.74797, 12.99957 ], [ 76.74901, 13.00076 ], [ 76.7446, 13.00255 ], [ 76.73792, 13.00928 ], [ 76.73655, 13.01472 ], [ 76.73409, 13.01826 ], [ 76.73338, 13.02209 ], [ 76.73484, 13.02882 ], [ 76.73719, 13.03146 ], [ 76.74043, 13.03299 ], [ 76.74749, 13.03363 ], [ 76.75026, 13.03253 ], [ 76.75361, 13.02917 ], [ 76.75478, 13.02896 ] ], [ [ 76.75301, 13.01064 ], [ 76.7569, 13.01001 ], [ 76.75725, 13.01412 ], [ 76.7565, 13.01985 ], [ 76.75298, 13.02003 ], [ 76.75286, 13.01815 ], [ 76.74832, 13.01674 ], [ 76.74927, 13.01484 ], [ 76.74625, 13.01404 ], [ 76.75015, 13.00991 ], [ 76.75301, 13.01064 ] ], [ [ 76.74551, 13.02297 ], [ 76.74508, 13.02469 ], [ 76.74303, 13.02415 ], [ 76.74291, 13.02176 ], [ 76.74464, 13.02172 ], [ 76.74551, 13.02297 ] ] ] } },
{ "type": "Feature", "properties": { "Name": "Thimlapura WLS Karnataka" }, "geometry": { "type": "Polygon", "coordinates": [ [ [ 77.20447, 13.65657 ], [ 77.21012, 13.65349 ], [ 77.21372, 13.64978 ], [ 77.21533, 13.64639 ], [ 77.21364, 13.63855 ], [ 77.21007, 13.63405 ], [ 77.21108, 13.63159 ], [ 77.20998, 13.63092 ], [ 77.20911, 13.62836 ], [ 77.20801, 13.62831 ], [ 77.20879, 13.62637 ], [ 77.20962, 13.62611 ], [ 77.20834, 13.626 ], [ 77.20935, 13.62481 ], [ 77.20857, 13.624 ], [ 77.20933, 13.62276 ], [ 77.2083, 13.62258 ], [ 77.20712, 13.62374 ], [ 77.20416, 13.62276 ], [ 77.21416, 13.62067 ], [ 77.22386, 13.61381 ], [ 77.22955, 13.61306 ], [ 77.23182, 13.61197 ], [ 77.23528, 13.60809 ], [ 77.23616, 13.6051 ], [ 77.23604, 13.59659 ], [ 77.23791, 13.59029 ], [ 77.2396, 13.579 ], [ 77.23945, 13.57657 ], [ 77.23694, 13.57219 ], [ 77.23326, 13.56993 ], [ 77.22774, 13.56968 ], [ 77.21886, 13.57364 ], [ 77.2166, 13.5754 ], [ 77.21038, 13.57633 ], [ 77.21096, 13.58052 ], [ 77.20864, 13.58742 ], [ 77.20219, 13.58695 ], [ 77.19745, 13.58803 ], [ 77.19505, 13.58273 ], [ 77.18793, 13.5779 ], [ 77.18495, 13.57255 ], [ 77.18256, 13.57005 ], [ 77.17792, 13.56648 ], [ 77.17574, 13.56588 ], [ 77.16982, 13.5662 ], [ 77.16394, 13.56928 ], [ 77.15754, 13.56695 ], [ 77.15159, 13.56738 ], [ 77.14445, 13.571 ], [ 77.14193, 13.57537 ], [ 77.13867, 13.57716 ], [ 77.13477, 13.57542 ], [ 77.12578, 13.57564 ], [ 77.12114, 13.57411 ], [ 77.11489, 13.56826 ], [ 77.10875, 13.56451 ], [ 77.10272, 13.56462 ], [ 77.09887, 13.56694 ], [ 77.0969, 13.56911 ], [ 77.09344, 13.57379 ], [ 77.08922, 13.58316 ], [ 77.08861, 13.5899 ], [ 77.09066, 13.60149 ], [ 77.09229, 13.60389 ], [ 77.09523, 13.60568 ], [ 77.10092, 13.60631 ], [ 77.10723, 13.61452 ], [ 77.11091, 13.61729 ], [ 77.11127, 13.62272 ], [ 77.11357, 13.62761 ], [ 77.11645, 13.63092 ], [ 77.11656, 13.63374 ], [ 77.11837, 13.63852 ], [ 77.12711, 13.64435 ], [ 77.13049, 13.64912 ], [ 77.13575, 13.65097 ], [ 77.13559, 13.65521 ], [ 77.13652, 13.65722 ], [ 77.14382, 13.65608 ], [ 77.15034, 13.64973 ], [ 77.15174, 13.64788 ], [ 77.15209, 13.64534 ], [ 77.15664, 13.64615 ], [ 77.15683, 13.64214 ], [ 77.16109, 13.64026 ], [ 77.16565, 13.63527 ], [ 77.17777, 13.63928 ], [ 77.17841, 13.64326 ], [ 77.18076, 13.64688 ], [ 77.18068, 13.64996 ], [ 77.18161, 13.65024 ], [ 77.18158, 13.65197 ], [ 77.18386, 13.65242 ], [ 77.18975, 13.65664 ], [ 77.19258, 13.65617 ], [ 77.19692, 13.65754 ], [ 77.19766, 13.65664 ], [ 77.20447, 13.65657 ] ], [ [ 77.15568, 13.62987 ], [ 77.15551, 13.63283 ], [ 77.14901, 13.63526 ], [ 77.14745, 13.63397 ], [ 77.13661, 13.64149 ], [ 77.13591, 13.63763 ], [ 77.12957, 13.63528 ], [ 77.12591, 13.63206 ], [ 77.1261, 13.62726 ], [ 77.12192, 13.6234 ], [ 77.11911, 13.60906 ], [ 77.117, 13.60821 ], [ 77.11438, 13.60866 ], [ 77.10975, 13.60336 ], [ 77.10637, 13.59736 ], [ 77.09867, 13.59676 ], [ 77.09876, 13.59152 ], [ 77.0977, 13.5901 ], [ 77.09882, 13.58457 ], [ 77.10254, 13.57672 ], [ 77.10475, 13.57413 ], [ 77.10692, 13.57366 ], [ 77.11428, 13.58071 ], [ 77.12049, 13.58412 ], [ 77.12976, 13.58509 ], [ 77.1321, 13.58444 ], [ 77.13647, 13.58799 ], [ 77.1425, 13.58979 ], [ 77.14513, 13.5914 ], [ 77.14598, 13.59115 ], [ 77.14944, 13.5854 ], [ 77.15101, 13.57752 ], [ 77.15508, 13.57587 ], [ 77.16407, 13.58058 ], [ 77.17128, 13.57534 ], [ 77.17358, 13.575 ], [ 77.17392, 13.5776 ], [ 77.17615, 13.57664 ], [ 77.17843, 13.57937 ], [ 77.17941, 13.5833 ], [ 77.18789, 13.58841 ], [ 77.18783, 13.59418 ], [ 77.1861, 13.59933 ], [ 77.18652, 13.60007 ], [ 77.20404, 13.59604 ], [ 77.22069, 13.59558 ], [ 77.22042, 13.59045 ], [ 77.21859, 13.5873 ], [ 77.21869, 13.5859 ], [ 77.22176, 13.58281 ], [ 77.23006, 13.5785 ], [ 77.22875, 13.58845 ], [ 77.2273, 13.58973 ], [ 77.2266, 13.60422 ], [ 77.21967, 13.60532 ], [ 77.21113, 13.6117 ], [ 77.209, 13.61252 ], [ 77.20752, 13.6114 ], [ 77.20456, 13.61143 ], [ 77.20245, 13.6104 ], [ 77.19645, 13.61143 ], [ 77.19634, 13.60802 ], [ 77.19458, 13.6069 ], [ 77.19226, 13.60756 ], [ 77.18552, 13.60671 ], [ 77.18276, 13.60763 ], [ 77.17963, 13.60713 ], [ 77.17238, 13.61061 ], [ 77.17357, 13.61326 ], [ 77.17702, 13.61459 ], [ 77.17916, 13.61688 ], [ 77.17787, 13.61968 ], [ 77.1745, 13.62139 ], [ 77.17162, 13.62026 ], [ 77.16874, 13.62029 ], [ 77.16108, 13.62285 ], [ 77.15548, 13.6174 ], [ 77.15469, 13.61817 ], [ 77.15536, 13.61945 ], [ 77.15361, 13.61891 ], [ 77.15295, 13.62062 ], [ 77.15299, 13.62644 ], [ 77.15424, 13.6293 ], [ 77.15568, 13.62987 ] ], [ [ 77.19347, 13.6369 ], [ 77.18979, 13.63784 ], [ 77.18745, 13.63732 ], [ 77.18859, 13.62888 ], [ 77.19391, 13.62903 ], [ 77.20541, 13.64268 ], [ 77.20589, 13.64558 ], [ 77.20111, 13.64835 ], [ 77.19209, 13.64644 ], [ 77.18749, 13.64006 ], [ 77.19369, 13.63799 ], [ 77.19347, 13.6369 ] ] ] } },
{ "type": "Feature", "properties": { "Name": "Rangayyanadurga WLS, Karnataka" }, "geometry": { "type": "Polygon", "coordinates": [ [ [ 76.15739, 14.70216 ], [ 76.15991, 14.69921 ], [ 76.1621, 14.69912 ], [ 76.16259, 14.70092 ], [ 76.16871, 14.69908 ], [ 76.17721, 14.701 ], [ 76.18349, 14.69786 ], [ 76.19384, 14.69628 ], [ 76.19491, 14.6967 ], [ 76.19658, 14.7011 ], [ 76.19783, 14.70241 ], [ 76.20536, 14.70235 ], [ 76.20559, 14.69993 ], [ 76.20696, 14.69921 ], [ 76.2087, 14.69631 ], [ 76.21123, 14.69541 ], [ 76.21851, 14.68922 ], [ 76.22174, 14.68841 ], [ 76.22284, 14.68651 ], [ 76.22422, 14.68604 ], [ 76.22475, 14.68273 ], [ 76.2271, 14.67994 ], [ 76.22758, 14.67816 ], [ 76.23067, 14.67703 ], [ 76.23257, 14.67274 ], [ 76.23971, 14.66792 ], [ 76.24396, 14.668 ], [ 76.24601, 14.66685 ], [ 76.24658, 14.6649 ], [ 76.25581, 14.66238 ], [ 76.2574, 14.65795 ], [ 76.26273, 14.65741 ], [ 76.26444, 14.66061 ], [ 76.26644, 14.66072 ], [ 76.26758, 14.65924 ], [ 76.26924, 14.65867 ], [ 76.27181, 14.65913 ], [ 76.27261, 14.65815 ], [ 76.27255, 14.65638 ], [ 76.27615, 14.65537 ], [ 76.27667, 14.65395 ], [ 76.27941, 14.65178 ], [ 76.28038, 14.64178 ], [ 76.28326, 14.62831 ], [ 76.28133, 14.62221 ], [ 76.2812, 14.61627 ], [ 76.28377, 14.61446 ], [ 76.28282, 14.61093 ], [ 76.2833, 14.60989 ], [ 76.28538, 14.61113 ], [ 76.28761, 14.61048 ], [ 76.29059, 14.60429 ], [ 76.2902, 14.60296 ], [ 76.29256, 14.6001 ], [ 76.29285, 14.59889 ], [ 76.29085, 14.59539 ], [ 76.29099, 14.5941 ], [ 76.29544, 14.58747 ], [ 76.29316, 14.58333 ], [ 76.29344, 14.58233 ], [ 76.30394, 14.56179 ], [ 76.30263, 14.55168 ], [ 76.2999, 14.55043 ], [ 76.29984, 14.54835 ], [ 76.29668, 14.5452 ], [ 76.29749, 14.54122 ], [ 76.29282, 14.53898 ], [ 76.29154, 14.5346 ], [ 76.28968, 14.53446 ], [ 76.28798, 14.53249 ], [ 76.28432, 14.53049 ], [ 76.27647, 14.53033 ], [ 76.27499, 14.52715 ], [ 76.26597, 14.52614 ], [ 76.25956, 14.52471 ], [ 76.25778, 14.52364 ], [ 76.257, 14.52657 ], [ 76.25531, 14.52551 ], [ 76.24981, 14.52536 ], [ 76.24839, 14.52291 ], [ 76.2444, 14.52005 ], [ 76.24096, 14.52196 ], [ 76.2381, 14.52553 ], [ 76.2342, 14.52819 ], [ 76.23263, 14.52843 ], [ 76.23073, 14.53347 ], [ 76.22995, 14.53913 ], [ 76.22892, 14.54016 ], [ 76.22435, 14.54056 ], [ 76.21938, 14.54267 ], [ 76.21304, 14.5409 ], [ 76.21293, 14.54307 ], [ 76.2151, 14.54998 ], [ 76.21373, 14.55443 ], [ 76.21122, 14.55535 ], [ 76.21291, 14.56159 ], [ 76.21282, 14.56435 ], [ 76.21066, 14.5781 ], [ 76.20787, 14.58827 ], [ 76.19645, 14.58821 ], [ 76.19351, 14.58982 ], [ 76.1924, 14.59264 ], [ 76.18819, 14.59314 ], [ 76.18748, 14.59442 ], [ 76.18687, 14.60163 ], [ 76.18448, 14.60306 ], [ 76.18394, 14.6087 ], [ 76.17884, 14.61341 ], [ 76.17734, 14.61901 ], [ 76.17352, 14.62058 ], [ 76.17245, 14.62283 ], [ 76.17113, 14.62347 ], [ 76.17156, 14.62801 ], [ 76.16963, 14.62769 ], [ 76.1677, 14.62901 ], [ 76.16381, 14.62604 ], [ 76.16242, 14.62633 ], [ 76.15889, 14.63697 ], [ 76.15243, 14.6395 ], [ 76.1515, 14.64146 ], [ 76.15011, 14.64061 ], [ 76.14879, 14.64086 ], [ 76.14792, 14.64173 ], [ 76.14735, 14.64523 ], [ 76.14375, 14.64675 ], [ 76.13905, 14.64684 ], [ 76.13602, 14.65231 ], [ 76.13476, 14.65294 ], [ 76.13174, 14.65265 ], [ 76.12779, 14.65653 ], [ 76.12585, 14.65711 ], [ 76.12408, 14.65962 ], [ 76.12054, 14.66137 ], [ 76.11701, 14.66601 ], [ 76.11494, 14.67054 ], [ 76.11475, 14.67556 ], [ 76.11387, 14.67794 ], [ 76.11525, 14.6812 ], [ 76.11489, 14.68318 ], [ 76.11668, 14.68531 ], [ 76.11635, 14.68643 ], [ 76.11758, 14.68737 ], [ 76.11698, 14.68987 ], [ 76.12055, 14.69159 ], [ 76.12192, 14.69575 ], [ 76.12489, 14.6979 ], [ 76.13287, 14.69839 ], [ 76.14004, 14.70085 ], [ 76.14375, 14.70128 ], [ 76.14593, 14.70331 ], [ 76.15739, 14.70216 ] ], [ [ 76.22557, 14.6369 ], [ 76.22159, 14.63928 ], [ 76.21897, 14.63988 ], [ 76.2179, 14.6397 ], [ 76.21564, 14.6369 ], [ 76.21439, 14.63673 ], [ 76.20159, 14.64762 ], [ 76.19978, 14.64757 ], [ 76.19931, 14.64424 ], [ 76.20102, 14.64119 ], [ 76.19669, 14.64234 ], [ 76.19336, 14.64657 ], [ 76.19579, 14.64905 ], [ 76.19602, 14.65076 ], [ 76.19483, 14.65223 ], [ 76.1905, 14.65333 ], [ 76.18889, 14.65528 ], [ 76.18641, 14.65604 ], [ 76.18446, 14.65947 ], [ 76.17523, 14.66028 ], [ 76.17299, 14.65795 ], [ 76.17332, 14.65557 ], [ 76.17551, 14.65366 ], [ 76.18042, 14.65214 ], [ 76.1807, 14.65024 ], [ 76.1778, 14.64733 ], [ 76.17713, 14.64376 ], [ 76.18018, 14.63805 ], [ 76.18018, 14.63563 ], [ 76.17894, 14.63482 ], [ 76.17937, 14.63363 ], [ 76.18628, 14.62155 ], [ 76.19109, 14.62007 ], [ 76.19304, 14.62031 ], [ 76.19937, 14.6145 ], [ 76.19984, 14.61141 ], [ 76.20079, 14.61036 ], [ 76.2036, 14.61117 ], [ 76.2047, 14.60941 ], [ 76.2113, 14.60506 ], [ 76.21471, 14.60456 ], [ 76.21653, 14.59959 ], [ 76.22558, 14.60166 ], [ 76.22659, 14.6013 ], [ 76.23135, 14.59089 ], [ 76.23325, 14.57994 ], [ 76.23308, 14.57703 ], [ 76.22923, 14.57706 ], [ 76.22828, 14.57536 ], [ 76.22576, 14.57456 ], [ 76.22576, 14.57356 ], [ 76.2288, 14.56752 ], [ 76.23431, 14.55267 ], [ 76.23488, 14.55238 ], [ 76.23545, 14.55367 ], [ 76.23645, 14.55757 ], [ 76.23745, 14.558 ], [ 76.23807, 14.55752 ], [ 76.2385, 14.552 ], [ 76.24031, 14.54915 ], [ 76.24406, 14.54927 ], [ 76.24514, 14.55132 ], [ 76.24697, 14.5511 ], [ 76.24572, 14.54419 ], [ 76.24772, 14.54269 ], [ 76.2485, 14.54098 ], [ 76.25086, 14.54105 ], [ 76.25129, 14.53891 ], [ 76.25214, 14.53862 ], [ 76.25835, 14.54105 ], [ 76.25885, 14.54455 ], [ 76.26028, 14.54655 ], [ 76.26292, 14.54783 ], [ 76.26585, 14.5474 ], [ 76.26727, 14.54433 ], [ 76.27484, 14.54633 ], [ 76.28385, 14.55957 ], [ 76.28481, 14.56176 ], [ 76.28471, 14.56576 ], [ 76.28328, 14.57309 ], [ 76.27272, 14.58774 ], [ 76.27177, 14.59088 ], [ 76.27131, 14.60392 ], [ 76.2688, 14.61077 ], [ 76.26172, 14.61106 ], [ 76.26114, 14.61066 ], [ 76.26189, 14.60952 ], [ 76.26177, 14.60695 ], [ 76.26103, 14.6054 ], [ 76.258, 14.60763 ], [ 76.25589, 14.60775 ], [ 76.25806, 14.60175 ], [ 76.25777, 14.59947 ], [ 76.25481, 14.60124 ], [ 76.25058, 14.60809 ], [ 76.24938, 14.60889 ], [ 76.2471, 14.60872 ], [ 76.24247, 14.60432 ], [ 76.24116, 14.60415 ], [ 76.23882, 14.60695 ], [ 76.2415, 14.61112 ], [ 76.24161, 14.6162 ], [ 76.23139, 14.62356 ], [ 76.22996, 14.62545 ], [ 76.22993, 14.62781 ], [ 76.22748, 14.62941 ], [ 76.22676, 14.63286 ], [ 76.22563, 14.63423 ], [ 76.22557, 14.6369 ] ], [ [ 76.19997, 14.66917 ], [ 76.2008, 14.66857 ], [ 76.20182, 14.66483 ], [ 76.20598, 14.66096 ], [ 76.20931, 14.66066 ], [ 76.20985, 14.65995 ], [ 76.20848, 14.65453 ], [ 76.21484, 14.64585 ], [ 76.21496, 14.64282 ], [ 76.21568, 14.64198 ], [ 76.22311, 14.64127 ], [ 76.23465, 14.63504 ], [ 76.24398, 14.63575 ], [ 76.24722, 14.62224 ], [ 76.24774, 14.62162 ], [ 76.25759, 14.62033 ], [ 76.25868, 14.61843 ], [ 76.25802, 14.6151 ], [ 76.26787, 14.61572 ], [ 76.26787, 14.62057 ], [ 76.27268, 14.62195 ], [ 76.27201, 14.63052 ], [ 76.27106, 14.63204 ], [ 76.26325, 14.63785 ], [ 76.26087, 14.64118 ], [ 76.23389, 14.65027 ], [ 76.23203, 14.64856 ], [ 76.22975, 14.64888 ], [ 76.21914, 14.6596 ], [ 76.20403, 14.6772 ], [ 76.19442, 14.68021 ], [ 76.1938, 14.68478 ], [ 76.19266, 14.68507 ], [ 76.19126, 14.68421 ], [ 76.19106, 14.68285 ], [ 76.19634, 14.66935 ], [ 76.19997, 14.66917 ] ], [ [ 76.14927, 14.68339 ], [ 76.14517, 14.68398 ], [ 76.13809, 14.68279 ], [ 76.13636, 14.68166 ], [ 76.13348, 14.67538 ], [ 76.13994, 14.67178 ], [ 76.14033, 14.67064 ], [ 76.14547, 14.66979 ], [ 76.1473, 14.66625 ], [ 76.15764, 14.66013 ], [ 76.16392, 14.65477 ], [ 76.16483, 14.65488 ], [ 76.16872, 14.65871 ], [ 76.16935, 14.66099 ], [ 76.17129, 14.66236 ], [ 76.17186, 14.66693 ], [ 76.17014, 14.66727 ], [ 76.16706, 14.66567 ], [ 76.1635, 14.66745 ], [ 76.15665, 14.66584 ], [ 76.15593, 14.66763 ], [ 76.15587, 14.67964 ], [ 76.15742, 14.68279 ], [ 76.15564, 14.68506 ], [ 76.15308, 14.68601 ], [ 76.14927, 14.68339 ] ] ] } },
{ "type": "Feature", "properties": { "Name": "Gudekote Sloth Bear Sanctuary" }, "geometry": { "type": "Polygon", "coordinates": [ [ [ 76.66945, 14.95355 ], [ 76.67113, 14.9398 ], [ 76.6815, 14.93769 ], [ 76.69722, 14.92766 ], [ 76.69446, 14.92524 ], [ 76.70627, 14.91843 ], [ 76.7087, 14.91297 ], [ 76.71056, 14.91226 ], [ 76.71399, 14.91288 ], [ 76.71213, 14.90716 ], [ 76.71254, 14.89559 ], [ 76.70754, 14.8958 ], [ 76.7054, 14.89388 ], [ 76.70169, 14.89359 ], [ 76.70215, 14.88988 ], [ 76.70326, 14.88931 ], [ 76.70872, 14.88949 ], [ 76.713, 14.89041 ], [ 76.71486, 14.88981 ], [ 76.71714, 14.88499 ], [ 76.72571, 14.87699 ], [ 76.73122, 14.86867 ], [ 76.73084, 14.86762 ], [ 76.72841, 14.86715 ], [ 76.71946, 14.86667 ], [ 76.71028, 14.86482 ], [ 76.70382, 14.86291 ], [ 76.70114, 14.86102 ], [ 76.69612, 14.86062 ], [ 76.69286, 14.85937 ], [ 76.68521, 14.86554 ], [ 76.68292, 14.86599 ], [ 76.6815, 14.86462 ], [ 76.68087, 14.85931 ], [ 76.67796, 14.85434 ], [ 76.67597, 14.85312 ], [ 76.66891, 14.8514 ], [ 76.66705, 14.84991 ], [ 76.66655, 14.84641 ], [ 76.67019, 14.84248 ], [ 76.67526, 14.84412 ], [ 76.67926, 14.84419 ], [ 76.68971, 14.84142 ], [ 76.70012, 14.83678 ], [ 76.71036, 14.82619 ], [ 76.71434, 14.82536 ], [ 76.71642, 14.82221 ], [ 76.71642, 14.82025 ], [ 76.71987, 14.81858 ], [ 76.72136, 14.8134 ], [ 76.71964, 14.80984 ], [ 76.71208, 14.81061 ], [ 76.69149, 14.80072 ], [ 76.69007, 14.79958 ], [ 76.6835, 14.7893 ], [ 76.6796, 14.78758 ], [ 76.67579, 14.7873 ], [ 76.66094, 14.7892 ], [ 76.65599, 14.79177 ], [ 76.64381, 14.79244 ], [ 76.63924, 14.79453 ], [ 76.63363, 14.7951 ], [ 76.62926, 14.79823 ], [ 76.62414, 14.80379 ], [ 76.62426, 14.80616 ], [ 76.62339, 14.80727 ], [ 76.61501, 14.81135 ], [ 76.6144, 14.81323 ], [ 76.62122, 14.8141 ], [ 76.62054, 14.81763 ], [ 76.62187, 14.82721 ], [ 76.62544, 14.82794 ], [ 76.62537, 14.8288 ], [ 76.62373, 14.83059 ], [ 76.6199, 14.83118 ], [ 76.61664, 14.83325 ], [ 76.61731, 14.83528 ], [ 76.61988, 14.83639 ], [ 76.62002, 14.83856 ], [ 76.61641, 14.8396 ], [ 76.61113, 14.83763 ], [ 76.60678, 14.84217 ], [ 76.59666, 14.8601 ], [ 76.58764, 14.87363 ], [ 76.58768, 14.87653 ], [ 76.58497, 14.88 ], [ 76.58373, 14.88395 ], [ 76.58373, 14.88486 ], [ 76.58825, 14.88814 ], [ 76.60153, 14.89076 ], [ 76.605, 14.89309 ], [ 76.61116, 14.89474 ], [ 76.61201, 14.89584 ], [ 76.61365, 14.90391 ], [ 76.6299, 14.90908 ], [ 76.63241, 14.91032 ], [ 76.63304, 14.91239 ], [ 76.63502, 14.91338 ], [ 76.63564, 14.91466 ], [ 76.63491, 14.91545 ], [ 76.6301, 14.91412 ], [ 76.62427, 14.91393 ], [ 76.60697, 14.91728 ], [ 76.60685, 14.91963 ], [ 76.60407, 14.91987 ], [ 76.60342, 14.92254 ], [ 76.60055, 14.92275 ], [ 76.60199, 14.92929 ], [ 76.61412, 14.92872 ], [ 76.614, 14.92432 ], [ 76.61475, 14.92369 ], [ 76.62388, 14.92361 ], [ 76.62971, 14.92759 ], [ 76.63617, 14.92716 ], [ 76.63931, 14.92391 ], [ 76.64447, 14.92226 ], [ 76.64765, 14.92208 ], [ 76.65286, 14.92373 ], [ 76.65262, 14.92656 ], [ 76.65611, 14.93258 ], [ 76.65358, 14.93611 ], [ 76.65097, 14.94606 ], [ 76.65992, 14.9535 ], [ 76.66135, 14.95419 ], [ 76.66945, 14.95355 ] ], [ [ 76.63743, 14.84545 ], [ 76.63287, 14.84357 ], [ 76.63077, 14.84095 ], [ 76.63287, 14.83377 ], [ 76.63513, 14.83522 ], [ 76.63858, 14.83531 ], [ 76.63972, 14.83762 ], [ 76.64215, 14.83626 ], [ 76.64063, 14.83384 ], [ 76.63715, 14.82214 ], [ 76.63358, 14.81804 ], [ 76.63326, 14.81365 ], [ 76.63426, 14.81315 ], [ 76.63847, 14.81376 ], [ 76.64759, 14.8094 ], [ 76.65029, 14.80494 ], [ 76.65166, 14.80492 ], [ 76.65492, 14.80755 ], [ 76.65682, 14.8081 ], [ 76.67748, 14.79667 ], [ 76.67862, 14.79746 ], [ 76.6839, 14.80712 ], [ 76.70525, 14.81649 ], [ 76.69866, 14.82542 ], [ 76.69233, 14.82637 ], [ 76.67955, 14.83459 ], [ 76.67743, 14.83487 ], [ 76.67626, 14.83411 ], [ 76.6764, 14.83125 ], [ 76.67539, 14.83057 ], [ 76.67251, 14.83199 ], [ 76.66315, 14.8327 ], [ 76.66181, 14.83415 ], [ 76.66124, 14.83898 ], [ 76.65856, 14.83965 ], [ 76.65629, 14.83763 ], [ 76.65293, 14.83757 ], [ 76.65228, 14.83795 ], [ 76.6526, 14.84186 ], [ 76.64992, 14.84441 ], [ 76.64424, 14.84433 ], [ 76.64295, 14.84524 ], [ 76.63743, 14.84545 ] ], [ [ 76.6457, 14.90155 ], [ 76.64254, 14.90284 ], [ 76.64132, 14.902 ], [ 76.64199, 14.90053 ], [ 76.64116, 14.89962 ], [ 76.63816, 14.90169 ], [ 76.63875, 14.89877 ], [ 76.63825, 14.89815 ], [ 76.63625, 14.89967 ], [ 76.6339, 14.89986 ], [ 76.63359, 14.89898 ], [ 76.63492, 14.89867 ], [ 76.63492, 14.8977 ], [ 76.62325, 14.898 ], [ 76.61994, 14.88534 ], [ 76.61561, 14.8823 ], [ 76.60995, 14.88139 ], [ 76.59872, 14.88182 ], [ 76.59886, 14.88025 ], [ 76.61733, 14.85119 ], [ 76.62049, 14.85018 ], [ 76.62198, 14.85118 ], [ 76.62449, 14.85036 ], [ 76.62529, 14.85143 ], [ 76.62482, 14.85318 ], [ 76.62583, 14.85378 ], [ 76.62699, 14.85041 ], [ 76.62797, 14.85074 ], [ 76.62749, 14.85238 ], [ 76.62818, 14.85288 ], [ 76.63216, 14.84985 ], [ 76.63317, 14.85288 ], [ 76.63746, 14.85517 ], [ 76.64156, 14.85369 ], [ 76.64448, 14.8583 ], [ 76.64516, 14.85797 ], [ 76.64513, 14.85342 ], [ 76.64763, 14.85321 ], [ 76.64968, 14.85092 ], [ 76.65191, 14.85092 ], [ 76.65266, 14.85211 ], [ 76.65278, 14.85984 ], [ 76.65358, 14.863 ], [ 76.6564, 14.8632 ], [ 76.6586, 14.86466 ], [ 76.66211, 14.86386 ], [ 76.66363, 14.86451 ], [ 76.66661, 14.86252 ], [ 76.67339, 14.86701 ], [ 76.67229, 14.86832 ], [ 76.65037, 14.87632 ], [ 76.65244, 14.88519 ], [ 76.65235, 14.88812 ], [ 76.65123, 14.89005 ], [ 76.65197, 14.89167 ], [ 76.64891, 14.8941 ], [ 76.64699, 14.89453 ], [ 76.64689, 14.89522 ], [ 76.64896, 14.89667 ], [ 76.65172, 14.8972 ], [ 76.65198, 14.89841 ], [ 76.65103, 14.90262 ], [ 76.64791, 14.90334 ], [ 76.6457, 14.90155 ] ] ] } },
{ "type": "Feature", "properties": { "Name": "Daroji Bear WLS Karnataka" }, "geometry": { "type": "Polygon", "coordinates": [ [ [ 76.57343, 15.36576 ], [ 76.57884, 15.36243 ], [ 76.58033, 15.34869 ], [ 76.58217, 15.34815 ], [ 76.58646, 15.3503 ], [ 76.58854, 15.35 ], [ 76.60757, 15.3243 ], [ 76.61442, 15.32406 ], [ 76.62215, 15.31829 ], [ 76.62697, 15.30907 ], [ 76.62828, 15.30378 ], [ 76.63494, 15.29866 ], [ 76.63875, 15.29426 ], [ 76.63982, 15.29158 ], [ 76.63845, 15.28962 ], [ 76.63851, 15.28801 ], [ 76.64344, 15.28504 ], [ 76.66397, 15.28099 ], [ 76.67462, 15.27576 ], [ 76.67598, 15.27368 ], [ 76.67652, 15.26856 ], [ 76.67581, 15.26582 ], [ 76.67444, 15.26416 ], [ 76.66789, 15.26059 ], [ 76.66581, 15.25214 ], [ 76.65219, 15.24738 ], [ 76.65171, 15.2453 ], [ 76.65284, 15.2409 ], [ 76.64957, 15.23311 ], [ 76.64731, 15.22906 ], [ 76.63779, 15.21764 ], [ 76.6366, 15.21699 ], [ 76.6325, 15.21776 ], [ 76.6187, 15.22192 ], [ 76.61585, 15.22311 ], [ 76.61245, 15.22603 ], [ 76.6093, 15.23025 ], [ 76.60436, 15.23138 ], [ 76.59431, 15.23007 ], [ 76.58848, 15.22561 ], [ 76.58521, 15.22186 ], [ 76.58378, 15.22163 ], [ 76.57545, 15.22371 ], [ 76.57181, 15.22589 ], [ 76.56712, 15.22704 ], [ 76.51906, 15.23198 ], [ 76.50645, 15.23602 ], [ 76.49913, 15.23614 ], [ 76.49461, 15.23424 ], [ 76.49009, 15.23382 ], [ 76.4754, 15.23572 ], [ 76.47046, 15.23549 ], [ 76.4635, 15.23299 ], [ 76.45838, 15.23501 ], [ 76.45255, 15.23917 ], [ 76.45196, 15.24036 ], [ 76.45237, 15.24685 ], [ 76.44268, 15.26797 ], [ 76.44309, 15.26999 ], [ 76.45535, 15.27338 ], [ 76.46626, 15.27766 ], [ 76.46766, 15.27751 ], [ 76.46879, 15.27516 ], [ 76.47153, 15.2754 ], [ 76.4726, 15.2779 ], [ 76.47664, 15.27522 ], [ 76.48218, 15.27609 ], [ 76.49574, 15.276 ], [ 76.50817, 15.28099 ], [ 76.51246, 15.28659 ], [ 76.5121, 15.29664 ], [ 76.51085, 15.30925 ], [ 76.50663, 15.31972 ], [ 76.50561, 15.32454 ], [ 76.50657, 15.32644 ], [ 76.50841, 15.32757 ], [ 76.51275, 15.32805 ], [ 76.51537, 15.33364 ], [ 76.52417, 15.34024 ], [ 76.52792, 15.34399 ], [ 76.53, 15.3475 ], [ 76.53149, 15.3525 ], [ 76.52988, 15.35946 ], [ 76.53096, 15.36576 ], [ 76.53232, 15.36886 ], [ 76.5444, 15.37873 ], [ 76.5469, 15.3795 ], [ 76.5701, 15.37879 ], [ 76.57159, 15.37659 ], [ 76.57343, 15.36576 ] ], [ [ 76.58312, 15.29022 ], [ 76.58216, 15.29004 ], [ 76.57211, 15.28183 ], [ 76.5683, 15.28243 ], [ 76.55617, 15.28796 ], [ 76.55373, 15.28754 ], [ 76.5498, 15.28273 ], [ 76.54332, 15.27933 ], [ 76.53987, 15.27523 ], [ 76.53095, 15.2713 ], [ 76.52922, 15.26625 ], [ 76.52111, 15.25505 ], [ 76.52077, 15.25025 ], [ 76.53185, 15.2466 ], [ 76.54213, 15.24591 ], [ 76.54641, 15.24728 ], [ 76.54932, 15.24734 ], [ 76.56543, 15.24437 ], [ 76.56674, 15.24471 ], [ 76.57638, 15.25648 ], [ 76.57873, 15.25755 ], [ 76.58102, 15.25303 ], [ 76.57552, 15.24452 ], [ 76.57281, 15.23875 ], [ 76.57474, 15.23867 ], [ 76.57929, 15.24126 ], [ 76.5815, 15.24158 ], [ 76.58339, 15.2392 ], [ 76.58434, 15.23618 ], [ 76.58525, 15.23614 ], [ 76.59163, 15.24189 ], [ 76.59729, 15.24536 ], [ 76.60491, 15.24884 ], [ 76.61038, 15.24993 ], [ 76.61328, 15.24769 ], [ 76.61604, 15.24674 ], [ 76.61699, 15.24398 ], [ 76.62485, 15.23708 ], [ 76.62861, 15.23042 ], [ 76.62937, 15.23028 ], [ 76.6346, 15.23213 ], [ 76.64098, 15.23665 ], [ 76.64188, 15.23865 ], [ 76.64188, 15.2466 ], [ 76.64112, 15.24836 ], [ 76.63751, 15.25136 ], [ 76.63241, 15.25188 ], [ 76.63237, 15.26021 ], [ 76.63827, 15.2623 ], [ 76.64331, 15.26292 ], [ 76.65012, 15.26031 ], [ 76.6534, 15.26121 ], [ 76.65516, 15.26073 ], [ 76.65659, 15.25921 ], [ 76.65768, 15.25969 ], [ 76.65523, 15.2732 ], [ 76.64458, 15.2757 ], [ 76.63827, 15.27365 ], [ 76.63721, 15.27631 ], [ 76.63493, 15.27838 ], [ 76.62679, 15.28374 ], [ 76.62486, 15.28352 ], [ 76.62108, 15.28138 ], [ 76.61052, 15.27967 ], [ 76.60859, 15.27174 ], [ 76.60002, 15.26594 ], [ 76.59278, 15.25934 ], [ 76.58924, 15.26001 ], [ 76.58496, 15.25759 ], [ 76.58485, 15.25909 ], [ 76.58607, 15.26098 ], [ 76.59931, 15.27875 ], [ 76.60156, 15.27986 ], [ 76.60114, 15.2838 ], [ 76.59936, 15.28641 ], [ 76.59727, 15.286 ], [ 76.59097, 15.28743 ], [ 76.58841, 15.28683 ], [ 76.58312, 15.29022 ] ], [ [ 76.54788, 15.35878 ], [ 76.54586, 15.35988 ], [ 76.54256, 15.36393 ], [ 76.54131, 15.36381 ], [ 76.53976, 15.36063 ], [ 76.54006, 15.35911 ], [ 76.54889, 15.35519 ], [ 76.54931, 15.35447 ], [ 76.54869, 15.35352 ], [ 76.54262, 15.35066 ], [ 76.5477, 15.34748 ], [ 76.54803, 15.34653 ], [ 76.53355, 15.32339 ], [ 76.53242, 15.3233 ], [ 76.52421, 15.32824 ], [ 76.5229, 15.32738 ], [ 76.52201, 15.30813 ], [ 76.52929, 15.30593 ], [ 76.54184, 15.30551 ], [ 76.54351, 15.30474 ], [ 76.55172, 15.30492 ], [ 76.55785, 15.30914 ], [ 76.56338, 15.30968 ], [ 76.57557, 15.3037 ], [ 76.59395, 15.30248 ], [ 76.60564, 15.30801 ], [ 76.60749, 15.30798 ], [ 76.61558, 15.30465 ], [ 76.61715, 15.30483 ], [ 76.61671, 15.31036 ], [ 76.61121, 15.3147 ], [ 76.60716, 15.31375 ], [ 76.60585, 15.31265 ], [ 76.60326, 15.31322 ], [ 76.60017, 15.31125 ], [ 76.59729, 15.31149 ], [ 76.59528, 15.3099 ], [ 76.59157, 15.30976 ], [ 76.59057, 15.3104 ], [ 76.58973, 15.32177 ], [ 76.57037, 15.34478 ], [ 76.56421, 15.34736 ], [ 76.56267, 15.36771 ], [ 76.5607, 15.36786 ], [ 76.55758, 15.36467 ], [ 76.55065, 15.3683 ], [ 76.54955, 15.36815 ], [ 76.54869, 15.36673 ], [ 76.54788, 15.35878 ] ], [ [ 76.49515, 15.24471 ], [ 76.50091, 15.24842 ], [ 76.50743, 15.24942 ], [ 76.50619, 15.25285 ], [ 76.50729, 15.2547 ], [ 76.50871, 15.25541 ], [ 76.51133, 15.25494 ], [ 76.51533, 15.25746 ], [ 76.52047, 15.25889 ], [ 76.52052, 15.26074 ], [ 76.51647, 15.26346 ], [ 76.51166, 15.26355 ], [ 76.50353, 15.26174 ], [ 76.50181, 15.26198 ], [ 76.49734, 15.2656 ], [ 76.49125, 15.26574 ], [ 76.49063, 15.26255 ], [ 76.48625, 15.26217 ], [ 76.48492, 15.26108 ], [ 76.48401, 15.24461 ], [ 76.4852, 15.24328 ], [ 76.49149, 15.24342 ], [ 76.49515, 15.24471 ] ] ] } },
{ "type": "Feature", "properties": { "Name": "Chincholi WLS Karnataka" }, "geometry": { "type": "MultiPolygon", "coordinates": [ [ [ [ 77.6832, 17.50047 ], [ 77.6832, 17.50282 ], [ 77.68588, 17.50484 ], [ 77.68599, 17.50754 ], [ 77.68444, 17.50841 ], [ 77.686, 17.51045 ], [ 77.68728, 17.51067 ], [ 77.68829, 17.50957 ], [ 77.6893, 17.50576 ], [ 77.69161, 17.50154 ], [ 77.6832, 17.50047 ] ] ], [ [ [ 77.6178, 17.52926 ], [ 77.62026, 17.52905 ], [ 77.62267, 17.52737 ], [ 77.62339, 17.52504 ], [ 77.62619, 17.52355 ], [ 77.62993, 17.52426 ], [ 77.63171, 17.52355 ], [ 77.63588, 17.52522 ], [ 77.63779, 17.52522 ], [ 77.64231, 17.52242 ], [ 77.64528, 17.52165 ], [ 77.66057, 17.52212 ], [ 77.66586, 17.51637 ], [ 77.66753, 17.51165 ], [ 77.67228, 17.50866 ], [ 77.67192, 17.50653 ], [ 77.67584, 17.50523 ], [ 77.67537, 17.50296 ], [ 77.67355, 17.50226 ], [ 77.67195, 17.49979 ], [ 77.67192, 17.49806 ], [ 77.67632, 17.49662 ], [ 77.67709, 17.4946 ], [ 77.68, 17.49282 ], [ 77.68048, 17.48959 ], [ 77.68231, 17.48993 ], [ 77.68395, 17.48925 ], [ 77.68475, 17.48853 ], [ 77.68473, 17.48701 ], [ 77.68376, 17.48597 ], [ 77.68181, 17.4856 ], [ 77.67247, 17.48674 ], [ 77.67147, 17.48628 ], [ 77.67059, 17.48395 ], [ 77.6694, 17.48352 ], [ 77.65859, 17.48331 ], [ 77.65742, 17.48261 ], [ 77.656, 17.48336 ], [ 77.65152, 17.48329 ], [ 77.65488, 17.50123 ], [ 77.65412, 17.50253 ], [ 77.65036, 17.49885 ], [ 77.64881, 17.49581 ], [ 77.6481, 17.48693 ], [ 77.64451, 17.47602 ], [ 77.63737, 17.47192 ], [ 77.61569, 17.4718 ], [ 77.61606, 17.4762 ], [ 77.61187, 17.48267 ], [ 77.6114, 17.48401 ], [ 77.61192, 17.4851 ], [ 77.61506, 17.4861 ], [ 77.61649, 17.48953 ], [ 77.61754, 17.48967 ], [ 77.61982, 17.48777 ], [ 77.61977, 17.48672 ], [ 77.61701, 17.48577 ], [ 77.61725, 17.48391 ], [ 77.62515, 17.48486 ], [ 77.62758, 17.48791 ], [ 77.62691, 17.48991 ], [ 77.62501, 17.49172 ], [ 77.62172, 17.49914 ], [ 77.62153, 17.5009 ], [ 77.62382, 17.50342 ], [ 77.6222, 17.51185 ], [ 77.62325, 17.5157 ], [ 77.62258, 17.51803 ], [ 77.62025, 17.5206 ], [ 77.62011, 17.52289 ], [ 77.61363, 17.52988 ], [ 77.61163, 17.53084 ], [ 77.6104, 17.53055 ], [ 77.60964, 17.52984 ], [ 77.60771, 17.52155 ], [ 77.60607, 17.51867 ], [ 77.6039, 17.51767 ], [ 77.60297, 17.51872 ], [ 77.60761, 17.52926 ], [ 77.60691, 17.5316 ], [ 77.61179, 17.53337 ], [ 77.6178, 17.52926 ] ], [ [ 77.6385, 17.49622 ], [ 77.64275, 17.49463 ], [ 77.64465, 17.4967 ], [ 77.64634, 17.49715 ], [ 77.64711, 17.49939 ], [ 77.64705, 17.50466 ], [ 77.6439, 17.5073 ], [ 77.64043, 17.5067 ], [ 77.63933, 17.50741 ], [ 77.63969, 17.51829 ], [ 77.63957, 17.51982 ], [ 77.63862, 17.52041 ], [ 77.6311, 17.51979 ], [ 77.62908, 17.51758 ], [ 77.62813, 17.5148 ], [ 77.62813, 17.51259 ], [ 77.63098, 17.50616 ], [ 77.6305, 17.50211 ], [ 77.63214, 17.4988 ], [ 77.63463, 17.49625 ], [ 77.6385, 17.49622 ] ] ], [ [ [ 77.6003, 17.48201 ], [ 77.59923, 17.47459 ], [ 77.60094, 17.47031 ], [ 77.60158, 17.46374 ], [ 77.60308, 17.46253 ], [ 77.60717, 17.46154 ], [ 77.60881, 17.46207 ], [ 77.60978, 17.46446 ], [ 77.61098, 17.46525 ], [ 77.61177, 17.46523 ], [ 77.61252, 17.46353 ], [ 77.61261, 17.45929 ], [ 77.60524, 17.45466 ], [ 77.6041, 17.45249 ], [ 77.59968, 17.45108 ], [ 77.5926, 17.45135 ], [ 77.59009, 17.44966 ], [ 77.58313, 17.45404 ], [ 77.57712, 17.45377 ], [ 77.56631, 17.45706 ], [ 77.55222, 17.45516 ], [ 77.54604, 17.45259 ], [ 77.54556, 17.44307 ], [ 77.54456, 17.44131 ], [ 77.53784, 17.44193 ], [ 77.53082, 17.45467 ], [ 77.53011, 17.45753 ], [ 77.53011, 17.45919 ], [ 77.53356, 17.46514 ], [ 77.53677, 17.46847 ], [ 77.53689, 17.48073 ], [ 77.5362, 17.48537 ], [ 77.53712, 17.4883 ], [ 77.5484, 17.48515 ], [ 77.57739, 17.48266 ], [ 77.58973, 17.48765 ], [ 77.59602, 17.48844 ], [ 77.59887, 17.48758 ], [ 77.6003, 17.48201 ] ], [ [ 77.58277, 17.47514 ], [ 77.58308, 17.47169 ], [ 77.58237, 17.47097 ], [ 77.57594, 17.46999 ], [ 77.57337, 17.46319 ], [ 77.58273, 17.46296 ], [ 77.58534, 17.46466 ], [ 77.5862, 17.46701 ], [ 77.5851, 17.4705 ], [ 77.58495, 17.47455 ], [ 77.58142, 17.4788 ], [ 77.57334, 17.47849 ], [ 77.57227, 17.47593 ], [ 77.5731, 17.47493 ], [ 77.58277, 17.47514 ] ] ], [ [ [ 77.6062, 17.46378 ], [ 77.60572, 17.46517 ], [ 77.60454, 17.47458 ], [ 77.60522, 17.47962 ], [ 77.60412, 17.48268 ], [ 77.60207, 17.48478 ], [ 77.59919, 17.49379 ], [ 77.59937, 17.49535 ], [ 77.60145, 17.49713 ], [ 77.60819, 17.49439 ], [ 77.61113, 17.4922 ], [ 77.61116, 17.49042 ], [ 77.60783, 17.48186 ], [ 77.60718, 17.47299 ], [ 77.60757, 17.46401 ], [ 77.6062, 17.46378 ] ] ], [ [ [ 77.60815, 17.49582 ], [ 77.60673, 17.49727 ], [ 77.60693, 17.49826 ], [ 77.60836, 17.49874 ], [ 77.61014, 17.49752 ], [ 77.61023, 17.49616 ], [ 77.60815, 17.49582 ] ] ], [ [ [ 77.60191, 17.5003 ], [ 77.6007, 17.50342 ], [ 77.60269, 17.50645 ], [ 77.60527, 17.5077 ], [ 77.60563, 17.50415 ], [ 77.60376, 17.50311 ], [ 77.60319, 17.50019 ], [ 77.60191, 17.5003 ] ] ], [ [ [ 77.54374, 17.5662 ], [ 77.55014, 17.55257 ], [ 77.55337, 17.55317 ], [ 77.56069, 17.55216 ], [ 77.56555, 17.55503 ], [ 77.57931, 17.55883 ], [ 77.58603, 17.55954 ], [ 77.58837, 17.56425 ], [ 77.59347, 17.56358 ], [ 77.59496, 17.56061 ], [ 77.59668, 17.55335 ], [ 77.59525, 17.54378 ], [ 77.59575, 17.53215 ], [ 77.5941, 17.52485 ], [ 77.59124, 17.52408 ], [ 77.58226, 17.52414 ], [ 77.58232, 17.52295 ], [ 77.5847, 17.52015 ], [ 77.5828, 17.51712 ], [ 77.58149, 17.5167 ], [ 77.57857, 17.51997 ], [ 77.57816, 17.5214 ], [ 77.57887, 17.52414 ], [ 77.57453, 17.52467 ], [ 77.56114, 17.52033 ], [ 77.55288, 17.51402 ], [ 77.55121, 17.51355 ], [ 77.54371, 17.5161 ], [ 77.53854, 17.51396 ], [ 77.53556, 17.51408 ], [ 77.53384, 17.51486 ], [ 77.527, 17.52199 ], [ 77.52361, 17.523 ], [ 77.522, 17.52586 ], [ 77.50772, 17.53978 ], [ 77.51361, 17.54269 ], [ 77.51492, 17.54228 ], [ 77.51802, 17.53889 ], [ 77.52028, 17.5418 ], [ 77.52777, 17.54156 ], [ 77.52801, 17.54733 ], [ 77.53051, 17.54728 ], [ 77.53687, 17.5446 ], [ 77.54877, 17.55043 ], [ 77.54919, 17.55162 ], [ 77.54835, 17.55418 ], [ 77.54282, 17.55382 ], [ 77.54294, 17.55483 ], [ 77.54526, 17.5565 ], [ 77.54264, 17.55739 ], [ 77.54151, 17.5587 ], [ 77.53955, 17.55679 ], [ 77.53925, 17.55542 ], [ 77.53684, 17.55491 ], [ 77.53541, 17.55577 ], [ 77.53408, 17.56205 ], [ 77.53284, 17.56329 ], [ 77.5317, 17.5669 ], [ 77.53027, 17.56814 ], [ 77.53103, 17.56957 ], [ 77.53703, 17.56766 ], [ 77.5411, 17.56961 ], [ 77.54374, 17.5662 ] ] ], [ [ [ 77.58708, 17.51696 ], [ 77.5861, 17.51761 ], [ 77.58645, 17.51988 ], [ 77.59231, 17.51945 ], [ 77.59228, 17.51818 ], [ 77.591, 17.5173 ], [ 77.58708, 17.51696 ] ] ], [ [ [ 77.58773, 17.51277 ], [ 77.58791, 17.50961 ], [ 77.58643, 17.50644 ], [ 77.5876, 17.50548 ], [ 77.58978, 17.50655 ], [ 77.59007, 17.50275 ], [ 77.588, 17.50261 ], [ 77.58583, 17.50373 ], [ 77.57963, 17.50346 ], [ 77.57853, 17.50316 ], [ 77.57687, 17.50072 ], [ 77.57499, 17.50074 ], [ 77.57442, 17.50266 ], [ 77.57492, 17.50416 ], [ 77.57682, 17.50616 ], [ 77.57881, 17.50652 ], [ 77.57931, 17.50733 ], [ 77.57772, 17.50854 ], [ 77.57534, 17.50582 ], [ 77.57408, 17.50577 ], [ 77.57282, 17.50858 ], [ 77.57335, 17.51391 ], [ 77.57572, 17.51683 ], [ 77.58038, 17.51302 ], [ 77.58773, 17.51277 ] ] ], [ [ [ 77.56226, 17.51732 ], [ 77.56223, 17.51851 ], [ 77.56458, 17.51987 ], [ 77.56658, 17.51981 ], [ 77.56629, 17.51773 ], [ 77.56518, 17.51692 ], [ 77.56226, 17.51732 ] ] ], [ [ [ 77.56294, 17.51239 ], [ 77.56215, 17.5143 ], [ 77.56565, 17.51304 ], [ 77.56625, 17.51246 ], [ 77.56586, 17.51148 ], [ 77.56294, 17.51239 ] ] ], [ [ [ 77.39872, 17.62616 ], [ 77.40182, 17.6267 ], [ 77.4064, 17.61997 ], [ 77.41282, 17.61712 ], [ 77.41312, 17.61611 ], [ 77.40985, 17.61194 ], [ 77.41157, 17.60713 ], [ 77.41104, 17.606 ], [ 77.40895, 17.60516 ], [ 77.40842, 17.60356 ], [ 77.40652, 17.60243 ], [ 77.40616, 17.60136 ], [ 77.40652, 17.59576 ], [ 77.40884, 17.59802 ], [ 77.41258, 17.59921 ], [ 77.41389, 17.60284 ], [ 77.41829, 17.6032 ], [ 77.42097, 17.60249 ], [ 77.42641, 17.59308 ], [ 77.42769, 17.59408 ], [ 77.42669, 17.59779 ], [ 77.43194, 17.59804 ], [ 77.43319, 17.60154 ], [ 77.43604, 17.6025 ], [ 77.43779, 17.60487 ], [ 77.44148, 17.60409 ], [ 77.44237, 17.60689 ], [ 77.44465, 17.60695 ], [ 77.44624, 17.60558 ], [ 77.44683, 17.596 ], [ 77.44517, 17.59208 ], [ 77.44588, 17.58423 ], [ 77.44673, 17.58335 ], [ 77.44498, 17.58018 ], [ 77.44013, 17.57533 ], [ 77.44048, 17.57118 ], [ 77.44255, 17.56954 ], [ 77.44458, 17.57088 ], [ 77.44711, 17.56883 ], [ 77.44654, 17.56122 ], [ 77.44758, 17.55998 ], [ 77.44925, 17.56231 ], [ 77.44887, 17.56597 ], [ 77.45101, 17.5703 ], [ 77.45196, 17.57078 ], [ 77.45705, 17.56983 ], [ 77.4572, 17.56888 ], [ 77.45524, 17.56602 ], [ 77.45658, 17.56407 ], [ 77.45596, 17.55855 ], [ 77.45348, 17.55727 ], [ 77.44087, 17.55803 ], [ 77.43949, 17.55536 ], [ 77.43554, 17.5556 ], [ 77.43178, 17.56007 ], [ 77.4285, 17.56179 ], [ 77.42612, 17.5595 ], [ 77.42769, 17.55836 ], [ 77.43183, 17.55807 ], [ 77.4324, 17.55408 ], [ 77.44354, 17.55246 ], [ 77.44335, 17.55174 ], [ 77.43621, 17.55246 ], [ 77.43373, 17.54979 ], [ 77.4355, 17.5467 ], [ 77.43768, 17.54584 ], [ 77.45011, 17.53389 ], [ 77.45154, 17.53377 ], [ 77.47438, 17.54849 ], [ 77.48045, 17.54361 ], [ 77.48509, 17.5432 ], [ 77.48688, 17.54201 ], [ 77.48527, 17.54016 ], [ 77.47664, 17.5404 ], [ 77.47081, 17.53588 ], [ 77.46433, 17.53421 ], [ 77.46362, 17.53338 ], [ 77.466, 17.52993 ], [ 77.47093, 17.52969 ], [ 77.47159, 17.5269 ], [ 77.47367, 17.52499 ], [ 77.4748, 17.51732 ], [ 77.47706, 17.5131 ], [ 77.47539, 17.50739 ], [ 77.47658, 17.50209 ], [ 77.47926, 17.50054 ], [ 77.48539, 17.50013 ], [ 77.48777, 17.49638 ], [ 77.48955, 17.49085 ], [ 77.4892, 17.48716 ], [ 77.48741, 17.48401 ], [ 77.48729, 17.48127 ], [ 77.48634, 17.47972 ], [ 77.48057, 17.47568 ], [ 77.47498, 17.46765 ], [ 77.47361, 17.46158 ], [ 77.47242, 17.46128 ], [ 77.47171, 17.46229 ], [ 77.47075, 17.46224 ], [ 77.46891, 17.45914 ], [ 77.4657, 17.45813 ], [ 77.46421, 17.45611 ], [ 77.46469, 17.45474 ], [ 77.46832, 17.45266 ], [ 77.47129, 17.45379 ], [ 77.47325, 17.45046 ], [ 77.47474, 17.44998 ], [ 77.47789, 17.45159 ], [ 77.47861, 17.45111 ], [ 77.47486, 17.44552 ], [ 77.47462, 17.44237 ], [ 77.47557, 17.44171 ], [ 77.47724, 17.44165 ], [ 77.47861, 17.44403 ], [ 77.48253, 17.44594 ], [ 77.48426, 17.44885 ], [ 77.48533, 17.44903 ], [ 77.48604, 17.44814 ], [ 77.4867, 17.44594 ], [ 77.4858, 17.4385 ], [ 77.48818, 17.43612 ], [ 77.49068, 17.4266 ], [ 77.49366, 17.42387 ], [ 77.4974, 17.42327 ], [ 77.49854, 17.42202 ], [ 77.49984, 17.41649 ], [ 77.50199, 17.41292 ], [ 77.50222, 17.40644 ], [ 77.49865, 17.40108 ], [ 77.49967, 17.39906 ], [ 77.50442, 17.39632 ], [ 77.50657, 17.39638 ], [ 77.51138, 17.39817 ], [ 77.51311, 17.40096 ], [ 77.51394, 17.40114 ], [ 77.51882, 17.40037 ], [ 77.52465, 17.39829 ], [ 77.52953, 17.39787 ], [ 77.53348, 17.3963 ], [ 77.52437, 17.38519 ], [ 77.52246, 17.38581 ], [ 77.52037, 17.38519 ], [ 77.5188, 17.387 ], [ 77.51528, 17.38847 ], [ 77.50643, 17.38995 ], [ 77.50043, 17.38957 ], [ 77.49891, 17.39128 ], [ 77.49629, 17.38938 ], [ 77.49439, 17.38938 ], [ 77.49096, 17.39309 ], [ 77.4891, 17.40513 ], [ 77.4822, 17.4086 ], [ 77.48044, 17.41036 ], [ 77.47959, 17.41374 ], [ 77.47716, 17.41636 ], [ 77.47678, 17.41865 ], [ 77.47806, 17.42122 ], [ 77.47759, 17.42545 ], [ 77.47521, 17.42707 ], [ 77.47592, 17.43449 ], [ 77.47449, 17.43882 ], [ 77.46959, 17.4413 ], [ 77.46916, 17.44339 ], [ 77.46693, 17.44468 ], [ 77.4636, 17.44506 ], [ 77.4626, 17.44682 ], [ 77.45731, 17.44591 ], [ 77.45217, 17.44615 ], [ 77.45408, 17.45248 ], [ 77.44989, 17.45557 ], [ 77.45003, 17.46357 ], [ 77.45408, 17.46471 ], [ 77.4547, 17.46633 ], [ 77.4577, 17.46709 ], [ 77.45916, 17.46839 ], [ 77.45752, 17.47224 ], [ 77.45809, 17.47424 ], [ 77.46201, 17.4751 ], [ 77.46401, 17.47781 ], [ 77.47079, 17.47895 ], [ 77.47151, 17.48309 ], [ 77.46944, 17.48338 ], [ 77.46815, 17.48438 ], [ 77.46801, 17.48552 ], [ 77.46944, 17.48702 ], [ 77.46987, 17.49023 ], [ 77.46254, 17.49513 ], [ 77.46251, 17.50415 ], [ 77.45659, 17.50622 ], [ 77.44859, 17.50636 ], [ 77.44652, 17.51058 ], [ 77.44267, 17.51422 ], [ 77.4411, 17.5185 ], [ 77.43432, 17.52071 ], [ 77.43268, 17.52221 ], [ 77.43175, 17.52385 ], [ 77.43041, 17.53324 ], [ 77.42773, 17.53707 ], [ 77.42479, 17.53891 ], [ 77.41818, 17.54049 ], [ 77.41633, 17.54206 ], [ 77.41583, 17.54348 ], [ 77.41811, 17.55061 ], [ 77.41669, 17.5567 ], [ 77.41554, 17.55842 ], [ 77.41545, 17.5608 ], [ 77.41638, 17.56324 ], [ 77.41923, 17.56341 ], [ 77.42203, 17.5671 ], [ 77.42322, 17.57269 ], [ 77.42167, 17.57591 ], [ 77.42042, 17.58192 ], [ 77.41786, 17.58388 ], [ 77.40835, 17.5837 ], [ 77.40531, 17.58453 ], [ 77.40258, 17.58352 ], [ 77.40174, 17.58013 ], [ 77.40002, 17.579 ], [ 77.40037, 17.57668 ], [ 77.40454, 17.57365 ], [ 77.40537, 17.57704 ], [ 77.40704, 17.57876 ], [ 77.40942, 17.57543 ], [ 77.40983, 17.57085 ], [ 77.409, 17.57037 ], [ 77.40763, 17.5718 ], [ 77.40626, 17.56889 ], [ 77.39811, 17.57341 ], [ 77.39621, 17.57763 ], [ 77.39532, 17.57781 ], [ 77.39056, 17.57662 ], [ 77.38104, 17.5765 ], [ 77.37938, 17.57091 ], [ 77.37842, 17.57037 ], [ 77.36938, 17.57014 ], [ 77.3645, 17.56758 ], [ 77.36367, 17.56776 ], [ 77.36337, 17.57353 ], [ 77.36082, 17.57668 ], [ 77.35903, 17.5771 ], [ 77.35278, 17.57525 ], [ 77.34933, 17.57728 ], [ 77.34606, 17.57769 ], [ 77.34374, 17.5815 ], [ 77.34243, 17.58828 ], [ 77.35314, 17.59958 ], [ 77.36022, 17.59988 ], [ 77.36528, 17.60369 ], [ 77.36783, 17.6047 ], [ 77.36831, 17.60678 ], [ 77.36766, 17.60857 ], [ 77.36902, 17.61005 ], [ 77.36923, 17.61194 ], [ 77.37126, 17.61201 ], [ 77.3723, 17.61372 ], [ 77.37954, 17.61411 ], [ 77.38051, 17.6155 ], [ 77.37901, 17.61768 ], [ 77.38183, 17.61836 ], [ 77.38796, 17.62688 ], [ 77.39182, 17.62806 ], [ 77.39872, 17.62616 ] ] ], [ [ [ 77.52957, 17.55939 ], [ 77.53021, 17.56207 ], [ 77.53074, 17.56248 ], [ 77.53342, 17.56085 ], [ 77.53331, 17.55949 ], [ 77.52957, 17.55939 ] ] ], [ [ [ 77.505, 17.506 ], [ 77.50711, 17.50982 ], [ 77.50904, 17.51112 ], [ 77.51085, 17.5105 ], [ 77.51094, 17.50656 ], [ 77.50648, 17.50563 ], [ 77.505, 17.506 ] ] ], [ [ [ 77.48804, 17.53209 ], [ 77.48899, 17.53325 ], [ 77.49053, 17.53345 ], [ 77.4905, 17.53065 ], [ 77.48902, 17.52835 ], [ 77.48596, 17.52725 ], [ 77.48447, 17.52762 ], [ 77.48575, 17.53019 ], [ 77.48349, 17.53067 ], [ 77.4826, 17.52909 ], [ 77.48031, 17.53107 ], [ 77.48043, 17.53232 ], [ 77.48462, 17.53371 ], [ 77.48804, 17.53209 ] ] ] ] } },
{ "type": "Feature", "properties": { "Name": "Manjeera WLS" }, "geometry": { "type": "Polygon", "coordinates": [ [ [ 77.99342, 17.67447 ], [ 77.98638, 17.68371 ], [ 77.98543, 17.69186 ], [ 77.98344, 17.69802 ], [ 77.98657, 17.70771 ], [ 77.98039, 17.70889 ], [ 77.97469, 17.70608 ], [ 77.96509, 17.70554 ], [ 77.95815, 17.69956 ], [ 77.95178, 17.69947 ], [ 77.94008, 17.7011 ], [ 77.93714, 17.70219 ], [ 77.93343, 17.70554 ], [ 77.92677, 17.71459 ], [ 77.92601, 17.71894 ], [ 77.92753, 17.73171 ], [ 77.92706, 17.73416 ], [ 77.92459, 17.73859 ], [ 77.92211, 17.73941 ], [ 77.92059, 17.74131 ], [ 77.91869, 17.74547 ], [ 77.91869, 17.75036 ], [ 77.91936, 17.75299 ], [ 77.92107, 17.75498 ], [ 77.9263, 17.75815 ], [ 77.93181, 17.75797 ], [ 77.93704, 17.75489 ], [ 77.94617, 17.74547 ], [ 77.95102, 17.73243 ], [ 77.95073, 17.72718 ], [ 77.9494, 17.72329 ], [ 77.95235, 17.7232 ], [ 77.96214, 17.72818 ], [ 77.96889, 17.72917 ], [ 77.97222, 17.72881 ], [ 77.97745, 17.73071 ], [ 77.98277, 17.73044 ], [ 77.98895, 17.72736 ], [ 77.99456, 17.72736 ], [ 77.99969, 17.72546 ], [ 78.00492, 17.72012 ], [ 78.00778, 17.71373 ], [ 78.01414, 17.71369 ], [ 78.02261, 17.70798 ], [ 78.0324, 17.70699 ], [ 78.03924, 17.71233 ], [ 78.04267, 17.71369 ], [ 78.0477, 17.71315 ], [ 78.05046, 17.71115 ], [ 78.05296, 17.70783 ], [ 78.05426, 17.69558 ], [ 78.05331, 17.69231 ], [ 78.05772, 17.69388 ], [ 78.06399, 17.69442 ], [ 78.0695, 17.69152 ], [ 78.07851, 17.69503 ], [ 78.08393, 17.69594 ], [ 78.09093, 17.69381 ], [ 78.0927, 17.69225 ], [ 78.09515, 17.6877 ], [ 78.09422, 17.67468 ], [ 78.09099, 17.66997 ], [ 78.09156, 17.6667 ], [ 78.08776, 17.65203 ], [ 78.08529, 17.64822 ], [ 78.07939, 17.64297 ], [ 78.07502, 17.64206 ], [ 78.06836, 17.64243 ], [ 78.06342, 17.64152 ], [ 78.05956, 17.64213 ], [ 78.05693, 17.64353 ], [ 78.05486, 17.64641 ], [ 78.04973, 17.64768 ], [ 78.04422, 17.65094 ], [ 78.04098, 17.6542 ], [ 78.0406, 17.65601 ], [ 78.02501, 17.65928 ], [ 78.01436, 17.66616 ], [ 78.01291, 17.66969 ], [ 78.00794, 17.66993 ], [ 78.00565, 17.67143 ], [ 78.00385, 17.67043 ], [ 77.99895, 17.67053 ], [ 77.99342, 17.67447 ] ], [ [ 77.95518, 17.70852 ], [ 77.95658, 17.70917 ], [ 77.95792, 17.71224 ], [ 77.96507, 17.71637 ], [ 77.97129, 17.71442 ], [ 77.97365, 17.71494 ], [ 77.97828, 17.71855 ], [ 77.98017, 17.71891 ], [ 77.99072, 17.71511 ], [ 77.99347, 17.71291 ], [ 77.9953, 17.70977 ], [ 77.99413, 17.69988 ], [ 77.99268, 17.69697 ], [ 77.994, 17.69504 ], [ 77.9969, 17.69315 ], [ 77.9965, 17.69071 ], [ 77.99439, 17.68747 ], [ 78.00126, 17.67948 ], [ 78.00342, 17.68151 ], [ 78.00723, 17.68085 ], [ 78.01045, 17.67897 ], [ 78.01386, 17.68118 ], [ 78.01361, 17.68421 ], [ 78.01802, 17.68478 ], [ 78.0197, 17.68149 ], [ 78.02302, 17.68128 ], [ 78.02491, 17.67633 ], [ 78.02201, 17.67292 ], [ 78.02252, 17.67142 ], [ 78.027, 17.66957 ], [ 78.02895, 17.6678 ], [ 78.04357, 17.66532 ], [ 78.04517, 17.66445 ], [ 78.04863, 17.6597 ], [ 78.05364, 17.65604 ], [ 78.05825, 17.65495 ], [ 78.06295, 17.65114 ], [ 78.06531, 17.65151 ], [ 78.06808, 17.65401 ], [ 78.0695, 17.65419 ], [ 78.07094, 17.65363 ], [ 78.07146, 17.65197 ], [ 78.0756, 17.65102 ], [ 78.07999, 17.65766 ], [ 78.0824, 17.66696 ], [ 78.0807, 17.66586 ], [ 78.07927, 17.66597 ], [ 78.07989, 17.6719 ], [ 78.082, 17.67544 ], [ 78.08573, 17.67766 ], [ 78.08676, 17.68557 ], [ 78.08263, 17.68637 ], [ 78.0734, 17.68309 ], [ 78.07201, 17.68184 ], [ 78.07192, 17.67972 ], [ 78.06705, 17.67868 ], [ 78.06435, 17.68451 ], [ 78.05975, 17.68485 ], [ 78.05773, 17.68358 ], [ 78.05396, 17.68302 ], [ 78.05322, 17.68134 ], [ 78.05373, 17.67999 ], [ 78.05627, 17.67945 ], [ 78.0581, 17.67662 ], [ 78.05917, 17.67225 ], [ 78.06163, 17.66914 ], [ 78.06355, 17.66858 ], [ 78.06105, 17.662 ], [ 78.05706, 17.66326 ], [ 78.05364, 17.6668 ], [ 78.05391, 17.66848 ], [ 78.0559, 17.67065 ], [ 78.05378, 17.67287 ], [ 78.05259, 17.67586 ], [ 78.04406, 17.67533 ], [ 78.04201, 17.67646 ], [ 78.04187, 17.68163 ], [ 78.04099, 17.68313 ], [ 78.04334, 17.68395 ], [ 78.04423, 17.69125 ], [ 78.04382, 17.69442 ], [ 78.04504, 17.69597 ], [ 78.0437, 17.69851 ], [ 78.04342, 17.70289 ], [ 78.04104, 17.70313 ], [ 78.03908, 17.6999 ], [ 78.03768, 17.6991 ], [ 78.03806, 17.69138 ], [ 78.03714, 17.6903 ], [ 78.03525, 17.69025 ], [ 78.03467, 17.69372 ], [ 78.0334, 17.69399 ], [ 78.03257, 17.69548 ], [ 78.03301, 17.69655 ], [ 78.03203, 17.69744 ], [ 78.02736, 17.69504 ], [ 78.02645, 17.69925 ], [ 78.02502, 17.69937 ], [ 78.02418, 17.69556 ], [ 78.02309, 17.69522 ], [ 78.01645, 17.69504 ], [ 78.01388, 17.69634 ], [ 78.01303, 17.69859 ], [ 78.01562, 17.70199 ], [ 78.01511, 17.70289 ], [ 78.01322, 17.70284 ], [ 78.01157, 17.70506 ], [ 78.01078, 17.70187 ], [ 78.00835, 17.70024 ], [ 78.00835, 17.6982 ], [ 78.00722, 17.69707 ], [ 78.00479, 17.69927 ], [ 77.99766, 17.69953 ], [ 77.99701, 17.70012 ], [ 77.99878, 17.70457 ], [ 77.99915, 17.71352 ], [ 77.9949, 17.7181 ], [ 77.9891, 17.71819 ], [ 77.97819, 17.72191 ], [ 77.97566, 17.72104 ], [ 77.97071, 17.71755 ], [ 77.96448, 17.71913 ], [ 77.96197, 17.71874 ], [ 77.95205, 17.71205 ], [ 77.95072, 17.71183 ], [ 77.9474, 17.71498 ], [ 77.94572, 17.71324 ], [ 77.94185, 17.71473 ], [ 77.9398, 17.72053 ], [ 77.94022, 17.72236 ], [ 77.93948, 17.72483 ], [ 77.94261, 17.72836 ], [ 77.94019, 17.73665 ], [ 77.93734, 17.73828 ], [ 77.93805, 17.742 ], [ 77.93629, 17.7424 ], [ 77.93332, 17.74672 ], [ 77.92914, 17.74888 ], [ 77.9279, 17.74808 ], [ 77.93123, 17.74588 ], [ 77.93402, 17.74264 ], [ 77.93703, 17.73483 ], [ 77.93748, 17.72977 ], [ 77.93655, 17.72041 ], [ 77.93892, 17.71308 ], [ 77.94118, 17.71132 ], [ 77.94757, 17.70922 ], [ 77.95518, 17.70852 ] ] ] } },
{ "type": "Feature", "properties": { "Name": "Painganga WLS" }, "geometry": { "type": "Polygon", "coordinates": [ [ [ 78.11818, 19.47422 ], [ 78.11046, 19.47202 ], [ 78.10725, 19.47191 ], [ 78.09869, 19.47404 ], [ 78.09685, 19.47336 ], [ 78.08936, 19.46602 ], [ 78.08192, 19.46047 ], [ 78.07593, 19.45374 ], [ 78.07194, 19.4515 ], [ 78.06899, 19.45105 ], [ 78.06462, 19.45132 ], [ 78.05088, 19.45935 ], [ 78.04717, 19.46326 ], [ 78.04055, 19.46702 ], [ 78.03422, 19.47267 ], [ 78.02737, 19.48065 ], [ 78.02611, 19.48098 ], [ 78.02556, 19.47422 ], [ 78.02685, 19.46619 ], [ 78.02677, 19.46131 ], [ 78.02506, 19.45457 ], [ 78.02265, 19.45011 ], [ 78.01794, 19.44614 ], [ 78.01185, 19.44439 ], [ 78.00052, 19.44524 ], [ 77.99596, 19.44723 ], [ 77.99306, 19.4511 ], [ 77.99259, 19.45584 ], [ 77.99531, 19.46214 ], [ 77.99957, 19.46787 ], [ 77.99694, 19.4751 ], [ 77.99538, 19.48669 ], [ 77.99323, 19.49358 ], [ 77.98342, 19.51276 ], [ 77.98303, 19.51573 ], [ 77.98386, 19.51912 ], [ 77.96706, 19.52011 ], [ 77.9519, 19.53041 ], [ 77.94689, 19.5318 ], [ 77.94157, 19.53939 ], [ 77.93528, 19.54248 ], [ 77.93008, 19.54778 ], [ 77.92996, 19.55652 ], [ 77.92948, 19.55813 ], [ 77.92705, 19.56021 ], [ 77.9261, 19.56766 ], [ 77.92238, 19.57106 ], [ 77.9195, 19.57505 ], [ 77.91095, 19.57583 ], [ 77.91059, 19.57152 ], [ 77.90839, 19.56755 ], [ 77.89924, 19.56072 ], [ 77.89657, 19.55971 ], [ 77.89064, 19.55915 ], [ 77.87999, 19.562 ], [ 77.87506, 19.56385 ], [ 77.87244, 19.56654 ], [ 77.87164, 19.56942 ], [ 77.87188, 19.57621 ], [ 77.8704, 19.58187 ], [ 77.86862, 19.58415 ], [ 77.86792, 19.58788 ], [ 77.87039, 19.59586 ], [ 77.86033, 19.59757 ], [ 77.85692, 19.60129 ], [ 77.85607, 19.60527 ], [ 77.85709, 19.60925 ], [ 77.85719, 19.61746 ], [ 77.85607, 19.62429 ], [ 77.85732, 19.62837 ], [ 77.8619, 19.63212 ], [ 77.86368, 19.63938 ], [ 77.86531, 19.64137 ], [ 77.87204, 19.64492 ], [ 77.87347, 19.64648 ], [ 77.87358, 19.65029 ], [ 77.87181, 19.65389 ], [ 77.86879, 19.66447 ], [ 77.86982, 19.6699 ], [ 77.87255, 19.67463 ], [ 77.87672, 19.67694 ], [ 77.89355, 19.67516 ], [ 77.89674, 19.67769 ], [ 77.90073, 19.67903 ], [ 77.91613, 19.67844 ], [ 77.92018, 19.67586 ], [ 77.92235, 19.67291 ], [ 77.9284, 19.66925 ], [ 77.92982, 19.66716 ], [ 77.93119, 19.66254 ], [ 77.94232, 19.66227 ], [ 77.94962, 19.66297 ], [ 77.95589, 19.66023 ], [ 77.96447, 19.65262 ], [ 77.97115, 19.65178 ], [ 77.9738, 19.65287 ], [ 77.97814, 19.65292 ], [ 77.98672, 19.64748 ], [ 77.99249, 19.64553 ], [ 77.99416, 19.649 ], [ 77.99404, 19.66195 ], [ 77.99001, 19.66313 ], [ 77.9855, 19.66684 ], [ 77.98367, 19.67065 ], [ 77.98362, 19.6728 ], [ 77.98544, 19.67634 ], [ 77.98917, 19.67994 ], [ 77.99903, 19.68184 ], [ 78.0073, 19.68899 ], [ 78.02007, 19.69694 ], [ 78.0283, 19.7002 ], [ 78.03754, 19.70073 ], [ 78.05116, 19.69812 ], [ 78.05536, 19.6955 ], [ 78.06071, 19.68795 ], [ 78.06381, 19.67781 ], [ 78.06438, 19.67244 ], [ 78.07194, 19.66999 ], [ 78.07825, 19.66626 ], [ 78.08242, 19.66082 ], [ 78.08716, 19.6492 ], [ 78.09147, 19.6581 ], [ 78.09571, 19.66304 ], [ 78.10059, 19.66673 ], [ 78.11001, 19.66727 ], [ 78.1124, 19.66673 ], [ 78.11814, 19.6632 ], [ 78.11956, 19.66784 ], [ 78.12256, 19.67176 ], [ 78.12872, 19.67432 ], [ 78.13347, 19.67448 ], [ 78.13871, 19.67361 ], [ 78.15111, 19.67009 ], [ 78.173, 19.66186 ], [ 78.18167, 19.66035 ], [ 78.1863, 19.65773 ], [ 78.19051, 19.65184 ], [ 78.19337, 19.64579 ], [ 78.19705, 19.63443 ], [ 78.205, 19.6221 ], [ 78.20655, 19.61716 ], [ 78.20494, 19.60882 ], [ 78.20138, 19.59988 ], [ 78.20134, 19.5929 ], [ 78.20215, 19.5885 ], [ 78.2012, 19.58346 ], [ 78.19972, 19.57905 ], [ 78.19705, 19.57551 ], [ 78.20021, 19.56723 ], [ 78.19886, 19.55657 ], [ 78.19599, 19.55156 ], [ 78.19211, 19.54907 ], [ 78.18474, 19.54697 ], [ 78.17984, 19.54679 ], [ 78.17138, 19.54383 ], [ 78.16662, 19.54088 ], [ 78.16, 19.53819 ], [ 78.14824, 19.53677 ], [ 78.14105, 19.53798 ], [ 78.1449, 19.53066 ], [ 78.14496, 19.52348 ], [ 78.14422, 19.51961 ], [ 78.14154, 19.51428 ], [ 78.13265, 19.50599 ], [ 78.13072, 19.49231 ], [ 78.12427, 19.48389 ], [ 78.12295, 19.47893 ], [ 78.11818, 19.47422 ] ], [ [ 78.04571, 19.47446 ], [ 78.05412, 19.47056 ], [ 78.05762, 19.46566 ], [ 78.06603, 19.46055 ], [ 78.06774, 19.46008 ], [ 78.0696, 19.46061 ], [ 78.07801, 19.46962 ], [ 78.08457, 19.4744 ], [ 78.09527, 19.48401 ], [ 78.09827, 19.48472 ], [ 78.10748, 19.48122 ], [ 78.11363, 19.48232 ], [ 78.11621, 19.48862 ], [ 78.12186, 19.49523 ], [ 78.12201, 19.50164 ], [ 78.12352, 19.51063 ], [ 78.13469, 19.51996 ], [ 78.13574, 19.5275 ], [ 78.13546, 19.52992 ], [ 78.13127, 19.53494 ], [ 78.12492, 19.53838 ], [ 78.12215, 19.54126 ], [ 78.11883, 19.54689 ], [ 78.11995, 19.54865 ], [ 78.12533, 19.55132 ], [ 78.12994, 19.55171 ], [ 78.14132, 19.54896 ], [ 78.1434, 19.54692 ], [ 78.1524, 19.5458 ], [ 78.1633, 19.54913 ], [ 78.16431, 19.55255 ], [ 78.16598, 19.55445 ], [ 78.16945, 19.55459 ], [ 78.17174, 19.55375 ], [ 78.17453, 19.55582 ], [ 78.1844, 19.5561 ], [ 78.18853, 19.55803 ], [ 78.19022, 19.56027 ], [ 78.19024, 19.56485 ], [ 78.19135, 19.56571 ], [ 78.19162, 19.568 ], [ 78.18811, 19.57312 ], [ 78.18582, 19.57844 ], [ 78.19206, 19.58499 ], [ 78.19274, 19.59037 ], [ 78.19084, 19.60041 ], [ 78.19414, 19.60596 ], [ 78.19693, 19.61582 ], [ 78.19399, 19.62238 ], [ 78.18621, 19.6357 ], [ 78.18056, 19.64941 ], [ 78.17857, 19.65185 ], [ 78.1696, 19.653 ], [ 78.14631, 19.6622 ], [ 78.13508, 19.66514 ], [ 78.12976, 19.66517 ], [ 78.12827, 19.66284 ], [ 78.12685, 19.65605 ], [ 78.12542, 19.6535 ], [ 78.12328, 19.65241 ], [ 78.11957, 19.65196 ], [ 78.11217, 19.65568 ], [ 78.10982, 19.65792 ], [ 78.10813, 19.65854 ], [ 78.1043, 19.6582 ], [ 78.10249, 19.65703 ], [ 78.0969, 19.64791 ], [ 78.09678, 19.64158 ], [ 78.09607, 19.6399 ], [ 78.09075, 19.6378 ], [ 78.08359, 19.63931 ], [ 78.07976, 19.64183 ], [ 78.07393, 19.65596 ], [ 78.07046, 19.66013 ], [ 78.06651, 19.66215 ], [ 78.05884, 19.66237 ], [ 78.05554, 19.66335 ], [ 78.05385, 19.66813 ], [ 78.05439, 19.67546 ], [ 78.05198, 19.68371 ], [ 78.0494, 19.68915 ], [ 78.03997, 19.69126 ], [ 78.03322, 19.69152 ], [ 78.02509, 19.68924 ], [ 78.01891, 19.68562 ], [ 78.00092, 19.67218 ], [ 77.99579, 19.67154 ], [ 78.00301, 19.66919 ], [ 78.00418, 19.66073 ], [ 78.00422, 19.64738 ], [ 78.00263, 19.64262 ], [ 78.00491, 19.64232 ], [ 78.01073, 19.63924 ], [ 78.00902, 19.63478 ], [ 78.01078, 19.63286 ], [ 78.01085, 19.62872 ], [ 78.00938, 19.62722 ], [ 78.00489, 19.62616 ], [ 77.99835, 19.63306 ], [ 77.98101, 19.63975 ], [ 77.97641, 19.64367 ], [ 77.97451, 19.64027 ], [ 77.97805, 19.6359 ], [ 77.97729, 19.63418 ], [ 77.97584, 19.63382 ], [ 77.97321, 19.63803 ], [ 77.96781, 19.64259 ], [ 77.96681, 19.64125 ], [ 77.96508, 19.64282 ], [ 77.95825, 19.6445 ], [ 77.95744, 19.64573 ], [ 77.95522, 19.64503 ], [ 77.95109, 19.64867 ], [ 77.95103, 19.65209 ], [ 77.94782, 19.65385 ], [ 77.94641, 19.65176 ], [ 77.94274, 19.65307 ], [ 77.93145, 19.65363 ], [ 77.92467, 19.65122 ], [ 77.9204, 19.65397 ], [ 77.91772, 19.6543 ], [ 77.91671, 19.65503 ], [ 77.91669, 19.65981 ], [ 77.91984, 19.663 ], [ 77.91724, 19.66332 ], [ 77.9133, 19.66945 ], [ 77.90261, 19.66968 ], [ 77.90164, 19.66209 ], [ 77.90033, 19.65801 ], [ 77.89943, 19.65746 ], [ 77.88956, 19.65753 ], [ 77.88859, 19.66666 ], [ 77.87968, 19.66723 ], [ 77.87858, 19.66485 ], [ 77.88084, 19.65791 ], [ 77.88373, 19.65374 ], [ 77.8839, 19.64589 ], [ 77.8835, 19.64433 ], [ 77.87667, 19.63574 ], [ 77.87218, 19.6352 ], [ 77.87129, 19.62819 ], [ 77.86634, 19.62345 ], [ 77.86728, 19.61416 ], [ 77.86579, 19.60647 ], [ 77.86739, 19.60728 ], [ 77.86836, 19.61104 ], [ 77.86973, 19.62334 ], [ 77.87266, 19.62417 ], [ 77.87557, 19.62769 ], [ 77.87539, 19.6306 ], [ 77.8783, 19.63097 ], [ 77.88264, 19.62601 ], [ 77.88543, 19.62708 ], [ 77.88864, 19.62632 ], [ 77.88944, 19.62845 ], [ 77.88816, 19.63192 ], [ 77.88873, 19.63614 ], [ 77.89253, 19.63629 ], [ 77.89358, 19.63956 ], [ 77.89873, 19.63896 ], [ 77.89797, 19.63496 ], [ 77.89986, 19.63348 ], [ 77.89911, 19.63193 ], [ 77.89547, 19.63022 ], [ 77.89497, 19.6271 ], [ 77.89572, 19.62626 ], [ 77.90018, 19.62606 ], [ 77.90296, 19.62414 ], [ 77.90399, 19.62579 ], [ 77.90653, 19.62575 ], [ 77.90777, 19.6268 ], [ 77.9082, 19.62972 ], [ 77.90956, 19.63052 ], [ 77.91391, 19.6223 ], [ 77.91255, 19.61817 ], [ 77.89758, 19.60526 ], [ 77.89395, 19.60369 ], [ 77.88341, 19.60369 ], [ 77.88204, 19.6028 ], [ 77.88201, 19.59431 ], [ 77.87963, 19.59325 ], [ 77.87776, 19.58866 ], [ 77.878, 19.5881 ], [ 77.88091, 19.58841 ], [ 77.88251, 19.58653 ], [ 77.88079, 19.58287 ], [ 77.88274, 19.57082 ], [ 77.88597, 19.57024 ], [ 77.88878, 19.57162 ], [ 77.88992, 19.57136 ], [ 77.89058, 19.56867 ], [ 77.89363, 19.56853 ], [ 77.89653, 19.56956 ], [ 77.89738, 19.57301 ], [ 77.90031, 19.57412 ], [ 77.90042, 19.57678 ], [ 77.89819, 19.57897 ], [ 77.89839, 19.58227 ], [ 77.89647, 19.58294 ], [ 77.89754, 19.59095 ], [ 77.89813, 19.59128 ], [ 77.90342, 19.59117 ], [ 77.90354, 19.5865 ], [ 77.90745, 19.58803 ], [ 77.90927, 19.58583 ], [ 77.91241, 19.58563 ], [ 77.91688, 19.58407 ], [ 77.92066, 19.59006 ], [ 77.92272, 19.58909 ], [ 77.92673, 19.58914 ], [ 77.9284, 19.58108 ], [ 77.93032, 19.57934 ], [ 77.92979, 19.57766 ], [ 77.93326, 19.57744 ], [ 77.9335, 19.57629 ], [ 77.93504, 19.5752 ], [ 77.93511, 19.56559 ], [ 77.93768, 19.56516 ], [ 77.93804, 19.56329 ], [ 77.9404, 19.56247 ], [ 77.94031, 19.55702 ], [ 77.93888, 19.5534 ], [ 77.93934, 19.5519 ], [ 77.9415, 19.54965 ], [ 77.94512, 19.54783 ], [ 77.94673, 19.55141 ], [ 77.94884, 19.55123 ], [ 77.94848, 19.54741 ], [ 77.9487, 19.54657 ], [ 77.95123, 19.54535 ], [ 77.95134, 19.53998 ], [ 77.95737, 19.538 ], [ 77.97075, 19.52867 ], [ 77.97805, 19.52724 ], [ 77.98278, 19.52895 ], [ 77.99266, 19.52535 ], [ 77.99505, 19.52614 ], [ 77.99543, 19.52435 ], [ 77.99817, 19.52395 ], [ 77.99903, 19.52435 ], [ 77.99946, 19.52629 ], [ 77.99933, 19.5272 ], [ 77.99724, 19.52874 ], [ 77.99764, 19.53634 ], [ 77.99602, 19.53912 ], [ 77.99595, 19.54103 ], [ 77.99707, 19.54193 ], [ 77.99743, 19.54541 ], [ 78.00123, 19.54568 ], [ 78.0013, 19.542 ], [ 78.005, 19.54127 ], [ 78.00481, 19.53313 ], [ 78.00701, 19.52921 ], [ 78.00936, 19.52699 ], [ 78.01678, 19.52648 ], [ 78.01678, 19.52225 ], [ 78.01521, 19.52011 ], [ 78.01085, 19.52092 ], [ 78.00937, 19.523 ], [ 78.00672, 19.523 ], [ 78.00463, 19.52185 ], [ 78.0019, 19.52227 ], [ 77.99963, 19.5217 ], [ 77.99652, 19.5193 ], [ 77.99291, 19.51501 ], [ 78.00493, 19.48965 ], [ 78.00638, 19.47715 ], [ 78.0097, 19.46958 ], [ 78.00913, 19.46343 ], [ 78.00311, 19.45725 ], [ 78.00359, 19.45412 ], [ 78.01083, 19.45352 ], [ 78.01341, 19.45425 ], [ 78.01527, 19.45605 ], [ 78.01713, 19.46226 ], [ 78.01661, 19.47706 ], [ 78.01733, 19.4854 ], [ 78.01852, 19.48809 ], [ 78.02358, 19.48999 ], [ 78.0272, 19.49014 ], [ 78.03085, 19.48933 ], [ 78.0344, 19.48703 ], [ 78.04571, 19.47446 ] ] ] } },
{ "type": "Feature", "properties": { "Name": "Pocharam WLS" }, "geometry": { "type": "Polygon", "coordinates": [ [ [ 78.14742, 18.18736 ], [ 78.15295, 18.18646 ], [ 78.1525, 18.19334 ], [ 78.1507, 18.1995 ], [ 78.15408, 18.2091 ], [ 78.15839, 18.20785 ], [ 78.1592, 18.22185 ], [ 78.15427, 18.22405 ], [ 78.15235, 18.22711 ], [ 78.1508, 18.23173 ], [ 78.14615, 18.23782 ], [ 78.14513, 18.24517 ], [ 78.14299, 18.249 ], [ 78.14009, 18.25067 ], [ 78.13317, 18.25107 ], [ 78.13376, 18.25885 ], [ 78.13228, 18.26095 ], [ 78.12373, 18.2615 ], [ 78.12146, 18.26261 ], [ 78.12057, 18.2653 ], [ 78.12089, 18.26822 ], [ 78.12595, 18.26894 ], [ 78.12362, 18.27955 ], [ 78.12868, 18.28027 ], [ 78.13391, 18.28215 ], [ 78.13946, 18.28696 ], [ 78.14413, 18.28708 ], [ 78.14842, 18.30059 ], [ 78.13836, 18.31396 ], [ 78.13878, 18.31717 ], [ 78.14035, 18.32002 ], [ 78.14141, 18.32164 ], [ 78.16128, 18.32702 ], [ 78.16901, 18.32742 ], [ 78.17447, 18.33149 ], [ 78.18345, 18.3317 ], [ 78.18505, 18.3334 ], [ 78.18305, 18.34043 ], [ 78.18423, 18.34291 ], [ 78.20109, 18.33713 ], [ 78.20561, 18.33469 ], [ 78.21796, 18.33157 ], [ 78.22205, 18.33088 ], [ 78.23143, 18.33248 ], [ 78.23379, 18.33199 ], [ 78.23918, 18.32919 ], [ 78.24006, 18.32678 ], [ 78.23755, 18.32257 ], [ 78.2366, 18.31634 ], [ 78.23478, 18.31375 ], [ 78.23192, 18.31245 ], [ 78.23032, 18.30916 ], [ 78.23046, 18.30804 ], [ 78.23311, 18.30723 ], [ 78.23935, 18.29863 ], [ 78.23749, 18.29202 ], [ 78.23275, 18.28685 ], [ 78.22897, 18.28403 ], [ 78.23246, 18.2682 ], [ 78.23241, 18.26296 ], [ 78.23982, 18.26684 ], [ 78.24479, 18.27065 ], [ 78.25749, 18.27428 ], [ 78.26811, 18.27241 ], [ 78.26725, 18.25957 ], [ 78.25858, 18.24984 ], [ 78.27186, 18.23969 ], [ 78.27712, 18.2406 ], [ 78.27758, 18.24624 ], [ 78.28024, 18.24554 ], [ 78.28196, 18.24927 ], [ 78.29598, 18.24923 ], [ 78.29997, 18.25072 ], [ 78.30412, 18.24894 ], [ 78.30776, 18.24623 ], [ 78.31558, 18.23724 ], [ 78.32434, 18.23752 ], [ 78.33518, 18.23488 ], [ 78.33818, 18.2367 ], [ 78.35246, 18.23472 ], [ 78.35272, 18.22502 ], [ 78.35607, 18.22122 ], [ 78.361, 18.21164 ], [ 78.37097, 18.19616 ], [ 78.37595, 18.19201 ], [ 78.37725, 18.18913 ], [ 78.37412, 18.18459 ], [ 78.37133, 18.18258 ], [ 78.37063, 18.17849 ], [ 78.36657, 18.17839 ], [ 78.36258, 18.17596 ], [ 78.36116, 18.17249 ], [ 78.36074, 18.16871 ], [ 78.36312, 18.16374 ], [ 78.36465, 18.15638 ], [ 78.36354, 18.14914 ], [ 78.36399, 18.14787 ], [ 78.3652, 18.14659 ], [ 78.37176, 18.14621 ], [ 78.37581, 18.14399 ], [ 78.37533, 18.13551 ], [ 78.37206, 18.13021 ], [ 78.37098, 18.12623 ], [ 78.36705, 18.1199 ], [ 78.36235, 18.10642 ], [ 78.35929, 18.10337 ], [ 78.34723, 18.10483 ], [ 78.32104, 18.10563 ], [ 78.30533, 18.09379 ], [ 78.29944, 18.08665 ], [ 78.28884, 18.08095 ], [ 78.28029, 18.07452 ], [ 78.27808, 18.07389 ], [ 78.26691, 18.07418 ], [ 78.26152, 18.07075 ], [ 78.25787, 18.07024 ], [ 78.25364, 18.0653 ], [ 78.2515, 18.06442 ], [ 78.24525, 18.0647 ], [ 78.23494, 18.06347 ], [ 78.23065, 18.05865 ], [ 78.22612, 18.05695 ], [ 78.21643, 18.06017 ], [ 78.2115, 18.06689 ], [ 78.20945, 18.06806 ], [ 78.20066, 18.07016 ], [ 78.17727, 18.07926 ], [ 78.16992, 18.08082 ], [ 78.16375, 18.08401 ], [ 78.16198, 18.08636 ], [ 78.16174, 18.08795 ], [ 78.16245, 18.08902 ], [ 78.16703, 18.09162 ], [ 78.1738, 18.09382 ], [ 78.17796, 18.09704 ], [ 78.17811, 18.09815 ], [ 78.16617, 18.11028 ], [ 78.16657, 18.117 ], [ 78.16572, 18.12008 ], [ 78.1554, 18.13173 ], [ 78.15027, 18.13171 ], [ 78.14498, 18.13369 ], [ 78.13945, 18.13676 ], [ 78.13898, 18.13781 ], [ 78.1391, 18.13951 ], [ 78.14409, 18.14504 ], [ 78.14751, 18.15742 ], [ 78.14834, 18.16838 ], [ 78.14531, 18.18661 ], [ 78.14742, 18.18736 ] ], [ [ 78.17502, 18.18238 ], [ 78.17691, 18.17954 ], [ 78.18059, 18.17784 ], [ 78.18274, 18.17341 ], [ 78.18713, 18.16732 ], [ 78.18843, 18.16642 ], [ 78.19457, 18.16598 ], [ 78.197, 18.16738 ], [ 78.19588, 18.17256 ], [ 78.19638, 18.17369 ], [ 78.20335, 18.18 ], [ 78.20802, 18.18281 ], [ 78.21024, 18.1821 ], [ 78.20888, 18.17975 ], [ 78.20886, 18.17198 ], [ 78.20943, 18.16986 ], [ 78.21057, 18.16913 ], [ 78.21846, 18.17094 ], [ 78.22105, 18.17042 ], [ 78.227, 18.17487 ], [ 78.23548, 18.17733 ], [ 78.23631, 18.1793 ], [ 78.23467, 18.18065 ], [ 78.23453, 18.18171 ], [ 78.2376, 18.18352 ], [ 78.23869, 18.18309 ], [ 78.23995, 18.18076 ], [ 78.24183, 18.1802 ], [ 78.24161, 18.18395 ], [ 78.2423, 18.18469 ], [ 78.24797, 18.18476 ], [ 78.25324, 18.18185 ], [ 78.25775, 18.18038 ], [ 78.2582, 18.18199 ], [ 78.25369, 18.19261 ], [ 78.25686, 18.19853 ], [ 78.26115, 18.19637 ], [ 78.26425, 18.19878 ], [ 78.26633, 18.19862 ], [ 78.26778, 18.19678 ], [ 78.2725, 18.19951 ], [ 78.27486, 18.19954 ], [ 78.27914, 18.20147 ], [ 78.28217, 18.20092 ], [ 78.28352, 18.19873 ], [ 78.28745, 18.19789 ], [ 78.28492, 18.19501 ], [ 78.28786, 18.19545 ], [ 78.28947, 18.19697 ], [ 78.29437, 18.19719 ], [ 78.29494, 18.19332 ], [ 78.29315, 18.19238 ], [ 78.29213, 18.18819 ], [ 78.29412, 18.18649 ], [ 78.29783, 18.18602 ], [ 78.29916, 18.18188 ], [ 78.30196, 18.18063 ], [ 78.3015, 18.17945 ], [ 78.29989, 18.17994 ], [ 78.29892, 18.17905 ], [ 78.29361, 18.17853 ], [ 78.29087, 18.17636 ], [ 78.28841, 18.17636 ], [ 78.28805, 18.17438 ], [ 78.28935, 18.17325 ], [ 78.28809, 18.16976 ], [ 78.2853, 18.17206 ], [ 78.28094, 18.17352 ], [ 78.27974, 18.1709 ], [ 78.27513, 18.16892 ], [ 78.27431, 18.16639 ], [ 78.27158, 18.16514 ], [ 78.26916, 18.15871 ], [ 78.26694, 18.15843 ], [ 78.26555, 18.15972 ], [ 78.25829, 18.15996 ], [ 78.25715, 18.16213 ], [ 78.25945, 18.16483 ], [ 78.25877, 18.16746 ], [ 78.25582, 18.16719 ], [ 78.25105, 18.16372 ], [ 78.24783, 18.16565 ], [ 78.24483, 18.16597 ], [ 78.24195, 18.16011 ], [ 78.24062, 18.15987 ], [ 78.23376, 18.16564 ], [ 78.23037, 18.16462 ], [ 78.22925, 18.16304 ], [ 78.22847, 18.15689 ], [ 78.22587, 18.15345 ], [ 78.22663, 18.15053 ], [ 78.23317, 18.14689 ], [ 78.23489, 18.14469 ], [ 78.23739, 18.13142 ], [ 78.23881, 18.12837 ], [ 78.2451, 18.12549 ], [ 78.24795, 18.12505 ], [ 78.24984, 18.12616 ], [ 78.25337, 18.13196 ], [ 78.25978, 18.13196 ], [ 78.26246, 18.13511 ], [ 78.26399, 18.13562 ], [ 78.26852, 18.1326 ], [ 78.27308, 18.13196 ], [ 78.27476, 18.12894 ], [ 78.27608, 18.12857 ], [ 78.27877, 18.13015 ], [ 78.28135, 18.12921 ], [ 78.28254, 18.13312 ], [ 78.28183, 18.13713 ], [ 78.2831, 18.1385 ], [ 78.28392, 18.14168 ], [ 78.28659, 18.14365 ], [ 78.28732, 18.14548 ], [ 78.28534, 18.15263 ], [ 78.28567, 18.15381 ], [ 78.29166, 18.15984 ], [ 78.29647, 18.15889 ], [ 78.29962, 18.15485 ], [ 78.30211, 18.15642 ], [ 78.30389, 18.15571 ], [ 78.30413, 18.1531 ], [ 78.30012, 18.15302 ], [ 78.2995, 18.15218 ], [ 78.30036, 18.15077 ], [ 78.30372, 18.1519 ], [ 78.3044, 18.15032 ], [ 78.29882, 18.14913 ], [ 78.29842, 18.14629 ], [ 78.29989, 18.1446 ], [ 78.30145, 18.14595 ], [ 78.30305, 18.14602 ], [ 78.30338, 18.14077 ], [ 78.30736, 18.13878 ], [ 78.31771, 18.15103 ], [ 78.31689, 18.1568 ], [ 78.31742, 18.15947 ], [ 78.31547, 18.1617 ], [ 78.31208, 18.1634 ], [ 78.31465, 18.16658 ], [ 78.31693, 18.16726 ], [ 78.32563, 18.16455 ], [ 78.32566, 18.16296 ], [ 78.32302, 18.16029 ], [ 78.32352, 18.15882 ], [ 78.32566, 18.1591 ], [ 78.32803, 18.16062 ], [ 78.3314, 18.15947 ], [ 78.33201, 18.15987 ], [ 78.33233, 18.16217 ], [ 78.33052, 18.16472 ], [ 78.32374, 18.16977 ], [ 78.32039, 18.17031 ], [ 78.31865, 18.17292 ], [ 78.32094, 18.17545 ], [ 78.32033, 18.17788 ], [ 78.32149, 18.18127 ], [ 78.32396, 18.18048 ], [ 78.32477, 18.18109 ], [ 78.32382, 18.185 ], [ 78.32463, 18.18825 ], [ 78.32441, 18.19206 ], [ 78.32639, 18.18926 ], [ 78.3285, 18.18897 ], [ 78.32888, 18.18985 ], [ 78.32757, 18.19468 ], [ 78.32998, 18.19455 ], [ 78.33238, 18.19683 ], [ 78.33371, 18.20112 ], [ 78.32993, 18.2011 ], [ 78.327, 18.2076 ], [ 78.329, 18.21119 ], [ 78.32696, 18.21385 ], [ 78.31987, 18.21577 ], [ 78.31778, 18.21877 ], [ 78.318, 18.22313 ], [ 78.31581, 18.22329 ], [ 78.30706, 18.22905 ], [ 78.30559, 18.22363 ], [ 78.30696, 18.22098 ], [ 78.30673, 18.21848 ], [ 78.30433, 18.21624 ], [ 78.29838, 18.21407 ], [ 78.29665, 18.21125 ], [ 78.29439, 18.21205 ], [ 78.29376, 18.21645 ], [ 78.29127, 18.21822 ], [ 78.2928, 18.22123 ], [ 78.29227, 18.22174 ], [ 78.28721, 18.22008 ], [ 78.28617, 18.21737 ], [ 78.28182, 18.21717 ], [ 78.28093, 18.21798 ], [ 78.28156, 18.2197 ], [ 78.28105, 18.2208 ], [ 78.27868, 18.2229 ], [ 78.27252, 18.2232 ], [ 78.26796, 18.22582 ], [ 78.26004, 18.22838 ], [ 78.24881, 18.22716 ], [ 78.24212, 18.228 ], [ 78.23394, 18.22767 ], [ 78.23241, 18.22726 ], [ 78.22831, 18.22259 ], [ 78.22124, 18.21878 ], [ 78.22007, 18.21893 ], [ 78.21879, 18.22059 ], [ 78.21908, 18.22513 ], [ 78.21501, 18.22587 ], [ 78.21583, 18.22676 ], [ 78.22143, 18.2272 ], [ 78.22414, 18.23001 ], [ 78.22774, 18.23599 ], [ 78.22781, 18.24287 ], [ 78.22631, 18.24724 ], [ 78.22792, 18.24951 ], [ 78.22767, 18.251 ], [ 78.22706, 18.25208 ], [ 78.22509, 18.25272 ], [ 78.21708, 18.24514 ], [ 78.21408, 18.24065 ], [ 78.20992, 18.23648 ], [ 78.20885, 18.23628 ], [ 78.19862, 18.24805 ], [ 78.20085, 18.25147 ], [ 78.20056, 18.25577 ], [ 78.19358, 18.26328 ], [ 78.18915, 18.26649 ], [ 78.18715, 18.26963 ], [ 78.18903, 18.27327 ], [ 78.19905, 18.2828 ], [ 78.20205, 18.28749 ], [ 78.20176, 18.2893 ], [ 78.19994, 18.2901 ], [ 78.19717, 18.29426 ], [ 78.19417, 18.29465 ], [ 78.19382, 18.29206 ], [ 78.19631, 18.28908 ], [ 78.1965, 18.28566 ], [ 78.18907, 18.28373 ], [ 78.18629, 18.27903 ], [ 78.18553, 18.27884 ], [ 78.18219, 18.27977 ], [ 78.17827, 18.27889 ], [ 78.17239, 18.28207 ], [ 78.17096, 18.28211 ], [ 78.16875, 18.28025 ], [ 78.16733, 18.27757 ], [ 78.16401, 18.27642 ], [ 78.16034, 18.27324 ], [ 78.15934, 18.26884 ], [ 78.15107, 18.26803 ], [ 78.14779, 18.26335 ], [ 78.14818, 18.26034 ], [ 78.14981, 18.25794 ], [ 78.15264, 18.25895 ], [ 78.15389, 18.26065 ], [ 78.15873, 18.26197 ], [ 78.15947, 18.26155 ], [ 78.16259, 18.25777 ], [ 78.16359, 18.25207 ], [ 78.17036, 18.25242 ], [ 78.17089, 18.24981 ], [ 78.16843, 18.24466 ], [ 78.16961, 18.2426 ], [ 78.17595, 18.23772 ], [ 78.17961, 18.2409 ], [ 78.18288, 18.24184 ], [ 78.18376, 18.24135 ], [ 78.18309, 18.23864 ], [ 78.18522, 18.23765 ], [ 78.18622, 18.23552 ], [ 78.18918, 18.23295 ], [ 78.19153, 18.2275 ], [ 78.1931, 18.22614 ], [ 78.19767, 18.2256 ], [ 78.19521, 18.22158 ], [ 78.18947, 18.22164 ], [ 78.18843, 18.21957 ], [ 78.189, 18.21524 ], [ 78.18412, 18.2147 ], [ 78.18123, 18.21304 ], [ 78.18048, 18.21175 ], [ 78.1803, 18.20806 ], [ 78.17856, 18.20575 ], [ 78.17802, 18.19357 ], [ 78.17428, 18.18517 ], [ 78.17502, 18.18238 ] ], [ [ 78.23368, 18.12886 ], [ 78.23379, 18.11975 ], [ 78.22591, 18.119 ], [ 78.22387, 18.12039 ], [ 78.22298, 18.12324 ], [ 78.22124, 18.12378 ], [ 78.21739, 18.12385 ], [ 78.21293, 18.12192 ], [ 78.20744, 18.12151 ], [ 78.2033, 18.12534 ], [ 78.20002, 18.13113 ], [ 78.19541, 18.13212 ], [ 78.19346, 18.1313 ], [ 78.19321, 18.12659 ], [ 78.19243, 18.12507 ], [ 78.19533, 18.12212 ], [ 78.19315, 18.11757 ], [ 78.19355, 18.11453 ], [ 78.20999, 18.11389 ], [ 78.21237, 18.11291 ], [ 78.21317, 18.1116 ], [ 78.21321, 18.10988 ], [ 78.21192, 18.10721 ], [ 78.20489, 18.09635 ], [ 78.20358, 18.09475 ], [ 78.19994, 18.0936 ], [ 78.19988, 18.09176 ], [ 78.20228, 18.08867 ], [ 78.20838, 18.08569 ], [ 78.21163, 18.08585 ], [ 78.21591, 18.08764 ], [ 78.21838, 18.0913 ], [ 78.21625, 18.09871 ], [ 78.21677, 18.10109 ], [ 78.22515, 18.10613 ], [ 78.23405, 18.10786 ], [ 78.2393, 18.10765 ], [ 78.24169, 18.10092 ], [ 78.24386, 18.09951 ], [ 78.24663, 18.10031 ], [ 78.24762, 18.10411 ], [ 78.2485, 18.11987 ], [ 78.24736, 18.12158 ], [ 78.23999, 18.12622 ], [ 78.23368, 18.12886 ] ] ] } },
{ "type": "Feature", "properties": { "Name": "Gangewadi WLS" }, "geometry": { "type": "Polygon", "coordinates": [ [ [ 76.02209, 17.82933 ], [ 76.02144, 17.82932 ], [ 76.01927, 17.82562 ], [ 76.02033, 17.8193 ], [ 76.01754, 17.81951 ], [ 76.01809, 17.81827 ], [ 76.01459, 17.81828 ], [ 76.0146, 17.81888 ], [ 76.01082, 17.81936 ], [ 76.00117, 17.81541 ], [ 76.00143, 17.81841 ], [ 75.99747, 17.81847 ], [ 75.99735, 17.81745 ], [ 75.99586, 17.81748 ], [ 75.99636, 17.82259 ], [ 75.99277, 17.82176 ], [ 75.99484, 17.82438 ], [ 75.99555, 17.82791 ], [ 75.99848, 17.8284 ], [ 76.00042, 17.83311 ], [ 75.99822, 17.83391 ], [ 75.9994, 17.83662 ], [ 76.00074, 17.83559 ], [ 76.00139, 17.8382 ], [ 76.00311, 17.83742 ], [ 76.00316, 17.8363 ], [ 76.00655, 17.83709 ], [ 76.00818, 17.83553 ], [ 76.00958, 17.83564 ], [ 76.0092, 17.83635 ], [ 76.01633, 17.83764 ], [ 76.01581, 17.8404 ], [ 76.01714, 17.83895 ], [ 76.02238, 17.83779 ], [ 76.02209, 17.82933 ] ], [ [ 76.00127, 17.82217 ], [ 76.01293, 17.82373 ], [ 76.01282, 17.82015 ], [ 76.01461, 17.81972 ], [ 76.0171, 17.82675 ], [ 76.01983, 17.82831 ], [ 76.02074, 17.83328 ], [ 76.01479, 17.832 ], [ 76.01057, 17.83374 ], [ 76.00302, 17.83465 ], [ 76.00282, 17.83379 ], [ 76.00179, 17.83481 ], [ 76.00104, 17.82872 ], [ 75.99896, 17.82861 ], [ 75.99774, 17.82301 ], [ 76.00127, 17.82217 ] ] ] } },
{ "type": "Feature", "properties": { "Name": "Yedshi Ramling Ghat WLS" }, "geometry": { "type": "MultiPolygon", "coordinates": [ [ [ [ 75.94907, 18.30793 ], [ 75.94816, 18.30415 ], [ 75.95092, 18.30397 ], [ 75.95133, 18.30579 ], [ 75.95351, 18.3079 ], [ 75.95633, 18.30863 ], [ 75.95825, 18.31194 ], [ 75.95979, 18.31238 ], [ 75.96074, 18.31159 ], [ 75.96038, 18.30748 ], [ 75.97246, 18.30435 ], [ 75.97336, 18.29687 ], [ 75.97583, 18.29749 ], [ 75.97611, 18.29129 ], [ 75.97715, 18.29053 ], [ 75.9798, 18.29092 ], [ 75.98115, 18.28799 ], [ 75.97921, 18.28673 ], [ 75.97916, 18.28307 ], [ 75.97582, 18.28572 ], [ 75.97505, 18.28555 ], [ 75.97386, 18.28163 ], [ 75.97396, 18.27114 ], [ 75.96994, 18.2703 ], [ 75.96906, 18.26904 ], [ 75.96565, 18.269 ], [ 75.96521, 18.26775 ], [ 75.96387, 18.26759 ], [ 75.96292, 18.26465 ], [ 75.96091, 18.26572 ], [ 75.96112, 18.26831 ], [ 75.95845, 18.26788 ], [ 75.9573, 18.26663 ], [ 75.95655, 18.26763 ], [ 75.95491, 18.26693 ], [ 75.95431, 18.26865 ], [ 75.95312, 18.26936 ], [ 75.95046, 18.26873 ], [ 75.94933, 18.27078 ], [ 75.94601, 18.27139 ], [ 75.94653, 18.27439 ], [ 75.94855, 18.27599 ], [ 75.94031, 18.27605 ], [ 75.93958, 18.27434 ], [ 75.93559, 18.27507 ], [ 75.93397, 18.27419 ], [ 75.92904, 18.274 ], [ 75.92887, 18.27821 ], [ 75.92685, 18.27819 ], [ 75.92589, 18.28193 ], [ 75.92451, 18.28147 ], [ 75.92285, 18.28326 ], [ 75.92409, 18.28588 ], [ 75.92053, 18.28459 ], [ 75.91925, 18.28545 ], [ 75.92258, 18.28705 ], [ 75.92195, 18.29313 ], [ 75.91874, 18.29324 ], [ 75.92067, 18.29445 ], [ 75.91848, 18.29649 ], [ 75.91613, 18.29623 ], [ 75.91509, 18.29486 ], [ 75.91296, 18.29536 ], [ 75.91326, 18.29705 ], [ 75.92061, 18.29779 ], [ 75.92035, 18.29974 ], [ 75.91682, 18.30002 ], [ 75.91489, 18.29845 ], [ 75.90836, 18.29789 ], [ 75.91662, 18.3025 ], [ 75.9169, 18.3038 ], [ 75.91481, 18.30321 ], [ 75.91409, 18.3042 ], [ 75.91458, 18.30599 ], [ 75.91337, 18.30534 ], [ 75.91259, 18.30288 ], [ 75.91028, 18.30113 ], [ 75.9097, 18.30113 ], [ 75.90945, 18.30344 ], [ 75.90794, 18.3041 ], [ 75.90675, 18.30183 ], [ 75.90355, 18.30069 ], [ 75.8996, 18.30053 ], [ 75.89911, 18.30174 ], [ 75.89821, 18.30177 ], [ 75.89776, 18.29936 ], [ 75.89588, 18.29881 ], [ 75.89473, 18.29976 ], [ 75.89495, 18.29698 ], [ 75.89357, 18.2968 ], [ 75.89358, 18.29835 ], [ 75.89226, 18.30014 ], [ 75.89013, 18.30098 ], [ 75.8902, 18.3039 ], [ 75.89729, 18.3026 ], [ 75.90158, 18.30498 ], [ 75.9042, 18.30525 ], [ 75.90467, 18.3091 ], [ 75.91064, 18.31002 ], [ 75.91211, 18.3116 ], [ 75.91129, 18.31202 ], [ 75.90917, 18.31077 ], [ 75.90826, 18.3117 ], [ 75.90633, 18.31074 ], [ 75.90562, 18.3117 ], [ 75.90575, 18.31466 ], [ 75.90677, 18.31582 ], [ 75.90887, 18.3155 ], [ 75.9092, 18.3174 ], [ 75.90426, 18.31608 ], [ 75.90362, 18.31746 ], [ 75.90806, 18.31908 ], [ 75.91132, 18.31913 ], [ 75.9084, 18.32228 ], [ 75.90505, 18.31948 ], [ 75.90348, 18.32043 ], [ 75.90218, 18.31996 ], [ 75.90175, 18.32118 ], [ 75.89871, 18.32022 ], [ 75.89745, 18.32123 ], [ 75.89726, 18.32295 ], [ 75.89197, 18.32054 ], [ 75.89074, 18.32148 ], [ 75.88599, 18.32107 ], [ 75.88604, 18.32181 ], [ 75.89529, 18.32353 ], [ 75.89158, 18.32713 ], [ 75.89233, 18.33283 ], [ 75.89634, 18.33594 ], [ 75.9006, 18.33527 ], [ 75.90359, 18.33293 ], [ 75.9048, 18.33093 ], [ 75.90494, 18.32762 ], [ 75.90856, 18.33107 ], [ 75.91348, 18.33191 ], [ 75.91682, 18.33641 ], [ 75.92185, 18.33958 ], [ 75.92556, 18.33899 ], [ 75.92671, 18.33444 ], [ 75.93602, 18.32106 ], [ 75.93738, 18.3197 ], [ 75.93988, 18.31979 ], [ 75.94061, 18.31898 ], [ 75.94377, 18.31927 ], [ 75.94475, 18.31502 ], [ 75.94907, 18.30793 ] ], [ [ 75.97262, 18.27823 ], [ 75.97096, 18.2813 ], [ 75.97167, 18.28399 ], [ 75.96877, 18.2845 ], [ 75.96995, 18.28594 ], [ 75.9719, 18.28591 ], [ 75.97271, 18.28461 ], [ 75.9736, 18.28758 ], [ 75.97592, 18.29005 ], [ 75.97483, 18.29051 ], [ 75.97138, 18.28936 ], [ 75.96765, 18.29114 ], [ 75.96699, 18.2934 ], [ 75.97028, 18.29315 ], [ 75.97075, 18.29377 ], [ 75.97072, 18.29516 ], [ 75.9686, 18.29582 ], [ 75.96882, 18.29851 ], [ 75.9701, 18.29871 ], [ 75.97124, 18.29759 ], [ 75.97134, 18.299 ], [ 75.96939, 18.30236 ], [ 75.96538, 18.30232 ], [ 75.96477, 18.30469 ], [ 75.96184, 18.30614 ], [ 75.95963, 18.30629 ], [ 75.95973, 18.31124 ], [ 75.95702, 18.30774 ], [ 75.95378, 18.30719 ], [ 75.95213, 18.30528 ], [ 75.9516, 18.30312 ], [ 75.94706, 18.3039 ], [ 75.94676, 18.30505 ], [ 75.94798, 18.30895 ], [ 75.94606, 18.3106 ], [ 75.94386, 18.31467 ], [ 75.94297, 18.31856 ], [ 75.94023, 18.31795 ], [ 75.93967, 18.31906 ], [ 75.93709, 18.31903 ], [ 75.93538, 18.32032 ], [ 75.93203, 18.32589 ], [ 75.92281, 18.33765 ], [ 75.91913, 18.33679 ], [ 75.91751, 18.33578 ], [ 75.91513, 18.33195 ], [ 75.91387, 18.33104 ], [ 75.90897, 18.33024 ], [ 75.90545, 18.32684 ], [ 75.92074, 18.31056 ], [ 75.92374, 18.30312 ], [ 75.92279, 18.30011 ], [ 75.92611, 18.3033 ], [ 75.92672, 18.30294 ], [ 75.92598, 18.30096 ], [ 75.92928, 18.30107 ], [ 75.93071, 18.30195 ], [ 75.93508, 18.30185 ], [ 75.93496, 18.30104 ], [ 75.93264, 18.301 ], [ 75.93514, 18.29857 ], [ 75.94002, 18.30141 ], [ 75.94099, 18.30121 ], [ 75.94101, 18.30017 ], [ 75.93935, 18.29834 ], [ 75.9374, 18.29868 ], [ 75.93209, 18.29668 ], [ 75.92949, 18.29942 ], [ 75.9278, 18.29816 ], [ 75.92626, 18.29902 ], [ 75.92294, 18.2988 ], [ 75.92478, 18.29507 ], [ 75.92725, 18.29476 ], [ 75.92773, 18.29397 ], [ 75.9248, 18.29311 ], [ 75.92472, 18.2914 ], [ 75.926, 18.2911 ], [ 75.92692, 18.28921 ], [ 75.92679, 18.28861 ], [ 75.92468, 18.28841 ], [ 75.92507, 18.28414 ], [ 75.93252, 18.28598 ], [ 75.93145, 18.28085 ], [ 75.93019, 18.27864 ], [ 75.93512, 18.27866 ], [ 75.93568, 18.28479 ], [ 75.93894, 18.28644 ], [ 75.94076, 18.29029 ], [ 75.94106, 18.29179 ], [ 75.94008, 18.2942 ], [ 75.94283, 18.29424 ], [ 75.94345, 18.29757 ], [ 75.94514, 18.29803 ], [ 75.94565, 18.29656 ], [ 75.94812, 18.29739 ], [ 75.94922, 18.29661 ], [ 75.94461, 18.29546 ], [ 75.94419, 18.29344 ], [ 75.94255, 18.29304 ], [ 75.9408, 18.28663 ], [ 75.93704, 18.28478 ], [ 75.93692, 18.28339 ], [ 75.93828, 18.28215 ], [ 75.93706, 18.27984 ], [ 75.93731, 18.27843 ], [ 75.93956, 18.279 ], [ 75.94045, 18.2848 ], [ 75.94408, 18.28572 ], [ 75.94463, 18.28091 ], [ 75.94281, 18.27929 ], [ 75.95024, 18.27968 ], [ 75.95185, 18.27246 ], [ 75.95706, 18.2731 ], [ 75.95635, 18.26942 ], [ 75.96604, 18.27103 ], [ 75.96964, 18.2728 ], [ 75.96971, 18.27579 ], [ 75.97262, 18.27823 ] ] ], [ [ [ 75.95215, 18.2893 ], [ 75.95518, 18.28962 ], [ 75.95552, 18.28516 ], [ 75.9534, 18.28513 ], [ 75.95215, 18.2893 ] ] ] ] } },
{ "type": "Feature", "properties": { "Name": "Lonar WLS" }, "geometry": { "type": "Polygon", "coordinates": [ [ [ 76.50309, 19.98715 ], [ 76.50665, 19.98821 ], [ 76.51681, 19.98736 ], [ 76.51898, 19.98246 ], [ 76.5179, 19.98116 ], [ 76.51906, 19.97703 ], [ 76.52156, 19.97498 ], [ 76.52367, 19.9747 ], [ 76.52042, 19.96607 ], [ 76.51885, 19.96573 ], [ 76.51921, 19.96274 ], [ 76.51628, 19.96373 ], [ 76.51549, 19.95939 ], [ 76.50529, 19.96357 ], [ 76.50577, 19.96581 ], [ 76.50099, 19.96714 ], [ 76.50015, 19.96546 ], [ 76.49777, 19.96404 ], [ 76.49408, 19.96666 ], [ 76.49454, 19.97653 ], [ 76.49359, 19.9764 ], [ 76.49365, 19.97995 ], [ 76.49479, 19.98712 ], [ 76.49776, 19.9876 ], [ 76.49801, 19.98895 ], [ 76.50127, 19.98839 ], [ 76.50309, 19.98715 ] ], [ [ 76.50614, 19.98506 ], [ 76.50253, 19.98368 ], [ 76.49703, 19.98448 ], [ 76.49623, 19.97687 ], [ 76.49816, 19.96808 ], [ 76.50173, 19.97227 ], [ 76.50452, 19.96962 ], [ 76.51077, 19.96877 ], [ 76.50939, 19.96282 ], [ 76.51299, 19.96182 ], [ 76.51414, 19.96572 ], [ 76.51691, 19.96484 ], [ 76.51593, 19.96824 ], [ 76.51875, 19.96742 ], [ 76.51958, 19.97409 ], [ 76.51683, 19.98065 ], [ 76.51624, 19.98613 ], [ 76.50614, 19.98506 ] ] ] } },
{ "type": "Feature", "properties": { "Name": "Katepurna WLS" }, "geometry": { "type": "Polygon", "coordinates": [ [ [ 77.1053, 20.49686 ], [ 77.10375, 20.49353 ], [ 77.10503, 20.48675 ], [ 77.10861, 20.49194 ], [ 77.10919, 20.49686 ], [ 77.11131, 20.49753 ], [ 77.11147, 20.49934 ], [ 77.11019, 20.50075 ], [ 77.10918, 20.50022 ], [ 77.10773, 20.50283 ], [ 77.10582, 20.50421 ], [ 77.10937, 20.50472 ], [ 77.10902, 20.50803 ], [ 77.11645, 20.5096 ], [ 77.11732, 20.50661 ], [ 77.11917, 20.50701 ], [ 77.11918, 20.50863 ], [ 77.12044, 20.50923 ], [ 77.13612, 20.50784 ], [ 77.13627, 20.50268 ], [ 77.13722, 20.50236 ], [ 77.1376, 20.50298 ], [ 77.13969, 20.50248 ], [ 77.13986, 20.50345 ], [ 77.14266, 20.50412 ], [ 77.14283, 20.50539 ], [ 77.14904, 20.5049 ], [ 77.15157, 20.50327 ], [ 77.14887, 20.50269 ], [ 77.14879, 20.50043 ], [ 77.15582, 20.50255 ], [ 77.15557, 20.50128 ], [ 77.14324, 20.49615 ], [ 77.14359, 20.49427 ], [ 77.1472, 20.49544 ], [ 77.14833, 20.4922 ], [ 77.15278, 20.49338 ], [ 77.15179, 20.49522 ], [ 77.15433, 20.49463 ], [ 77.15535, 20.49206 ], [ 77.15333, 20.49149 ], [ 77.15479, 20.48666 ], [ 77.15105, 20.48552 ], [ 77.16, 20.48221 ], [ 77.16065, 20.48484 ], [ 77.1652, 20.48336 ], [ 77.16571, 20.48162 ], [ 77.16973, 20.48231 ], [ 77.17071, 20.47599 ], [ 77.17378, 20.47602 ], [ 77.17426, 20.47665 ], [ 77.17907, 20.47199 ], [ 77.17928, 20.46758 ], [ 77.17631, 20.4581 ], [ 77.18188, 20.45722 ], [ 77.18231, 20.44827 ], [ 77.18413, 20.44302 ], [ 77.18638, 20.44043 ], [ 77.19013, 20.44005 ], [ 77.18897, 20.44476 ], [ 77.18945, 20.44816 ], [ 77.19197, 20.44964 ], [ 77.19427, 20.45444 ], [ 77.19654, 20.45571 ], [ 77.19652, 20.45423 ], [ 77.19757, 20.45412 ], [ 77.19825, 20.4521 ], [ 77.19711, 20.45044 ], [ 77.20123, 20.45043 ], [ 77.2004, 20.44652 ], [ 77.19926, 20.44691 ], [ 77.19684, 20.44535 ], [ 77.19749, 20.44417 ], [ 77.2007, 20.4442 ], [ 77.1998, 20.44029 ], [ 77.20287, 20.44024 ], [ 77.20305, 20.43517 ], [ 77.20238, 20.43515 ], [ 77.20183, 20.43279 ], [ 77.20337, 20.43257 ], [ 77.20423, 20.42942 ], [ 77.20696, 20.43078 ], [ 77.20534, 20.43807 ], [ 77.20728, 20.44455 ], [ 77.21408, 20.43672 ], [ 77.2122, 20.43521 ], [ 77.20914, 20.43482 ], [ 77.20925, 20.42951 ], [ 77.21434, 20.42946 ], [ 77.21709, 20.42383 ], [ 77.21382, 20.42276 ], [ 77.21422, 20.42171 ], [ 77.21294, 20.42118 ], [ 77.21218, 20.42214 ], [ 77.21075, 20.42133 ], [ 77.21113, 20.41746 ], [ 77.21296, 20.41746 ], [ 77.21448, 20.41545 ], [ 77.21764, 20.41445 ], [ 77.21841, 20.41323 ], [ 77.21579, 20.41396 ], [ 77.21489, 20.4118 ], [ 77.21047, 20.41398 ], [ 77.206, 20.41231 ], [ 77.19849, 20.41269 ], [ 77.2008, 20.40439 ], [ 77.21278, 20.40421 ], [ 77.21246, 20.39676 ], [ 77.20936, 20.39104 ], [ 77.20927, 20.37897 ], [ 77.20625, 20.37372 ], [ 77.21095, 20.37279 ], [ 77.21043, 20.37068 ], [ 77.20566, 20.36843 ], [ 77.2045, 20.36618 ], [ 77.21046, 20.3631 ], [ 77.20591, 20.36217 ], [ 77.20594, 20.36064 ], [ 77.20409, 20.36084 ], [ 77.2036, 20.36297 ], [ 77.2024, 20.36361 ], [ 77.20039, 20.36162 ], [ 77.19833, 20.36268 ], [ 77.18928, 20.36214 ], [ 77.18557, 20.3628 ], [ 77.18411, 20.36121 ], [ 77.17363, 20.36074 ], [ 77.17338, 20.35939 ], [ 77.17526, 20.35909 ], [ 77.17312, 20.3576 ], [ 77.16936, 20.35755 ], [ 77.16816, 20.35429 ], [ 77.16607, 20.3546 ], [ 77.16576, 20.35798 ], [ 77.16163, 20.35769 ], [ 77.16197, 20.35415 ], [ 77.15979, 20.35401 ], [ 77.15994, 20.35097 ], [ 77.15837, 20.35056 ], [ 77.15871, 20.34828 ], [ 77.15674, 20.34811 ], [ 77.1503, 20.35076 ], [ 77.14827, 20.35296 ], [ 77.14568, 20.35316 ], [ 77.14455, 20.3548 ], [ 77.14221, 20.35612 ], [ 77.1404, 20.35603 ], [ 77.13722, 20.35963 ], [ 77.13471, 20.36067 ], [ 77.13588, 20.36346 ], [ 77.13106, 20.37058 ], [ 77.13058, 20.37543 ], [ 77.12923, 20.37532 ], [ 77.12817, 20.38199 ], [ 77.12482, 20.38368 ], [ 77.12337, 20.38203 ], [ 77.12262, 20.38228 ], [ 77.12385, 20.38545 ], [ 77.12227, 20.38701 ], [ 77.1206, 20.38709 ], [ 77.11748, 20.38932 ], [ 77.11537, 20.39228 ], [ 77.11463, 20.39521 ], [ 77.11572, 20.39628 ], [ 77.11673, 20.39588 ], [ 77.12086, 20.38919 ], [ 77.12145, 20.39158 ], [ 77.121, 20.39489 ], [ 77.12196, 20.39508 ], [ 77.12239, 20.39648 ], [ 77.11602, 20.39875 ], [ 77.12469, 20.39875 ], [ 77.13084, 20.39982 ], [ 77.13653, 20.39885 ], [ 77.13505, 20.40036 ], [ 77.1402, 20.41923 ], [ 77.13876, 20.41967 ], [ 77.13876, 20.42207 ], [ 77.14012, 20.42163 ], [ 77.14047, 20.42411 ], [ 77.13967, 20.42414 ], [ 77.13955, 20.42678 ], [ 77.1409, 20.42687 ], [ 77.14097, 20.42872 ], [ 77.14178, 20.42879 ], [ 77.14158, 20.43041 ], [ 77.14302, 20.4304 ], [ 77.14454, 20.43384 ], [ 77.14432, 20.43574 ], [ 77.14281, 20.43809 ], [ 77.14288, 20.44226 ], [ 77.1404, 20.44239 ], [ 77.14036, 20.44352 ], [ 77.13426, 20.44261 ], [ 77.13398, 20.44606 ], [ 77.13182, 20.44564 ], [ 77.12828, 20.44637 ], [ 77.12876, 20.44759 ], [ 77.12761, 20.44812 ], [ 77.12849, 20.45069 ], [ 77.12651, 20.45154 ], [ 77.12808, 20.45378 ], [ 77.12788, 20.45497 ], [ 77.12588, 20.4608 ], [ 77.12432, 20.46065 ], [ 77.1242, 20.45939 ], [ 77.12228, 20.45712 ], [ 77.12041, 20.4572 ], [ 77.11902, 20.46066 ], [ 77.11692, 20.46016 ], [ 77.1159, 20.46144 ], [ 77.11823, 20.46268 ], [ 77.11837, 20.46359 ], [ 77.11702, 20.46436 ], [ 77.11976, 20.46576 ], [ 77.12137, 20.46935 ], [ 77.12267, 20.46971 ], [ 77.12392, 20.47941 ], [ 77.12143, 20.47968 ], [ 77.12123, 20.48049 ], [ 77.11138, 20.48097 ], [ 77.11045, 20.4794 ], [ 77.11009, 20.47761 ], [ 77.11093, 20.47722 ], [ 77.11085, 20.47613 ], [ 77.10926, 20.47159 ], [ 77.10625, 20.47018 ], [ 77.10348, 20.47233 ], [ 77.10483, 20.47751 ], [ 77.10238, 20.47966 ], [ 77.09611, 20.47895 ], [ 77.09639, 20.47687 ], [ 77.09367, 20.47697 ], [ 77.09195, 20.47776 ], [ 77.092, 20.47847 ], [ 77.08724, 20.47829 ], [ 77.08804, 20.47969 ], [ 77.08387, 20.47883 ], [ 77.08356, 20.4808 ], [ 77.08837, 20.48059 ], [ 77.08855, 20.4833 ], [ 77.08365, 20.48276 ], [ 77.08273, 20.4862 ], [ 77.09197, 20.48593 ], [ 77.09228, 20.48709 ], [ 77.09004, 20.48728 ], [ 77.08893, 20.49286 ], [ 77.09004, 20.49286 ], [ 77.09156, 20.49492 ], [ 77.08549, 20.4967 ], [ 77.08688, 20.49906 ], [ 77.0883, 20.49957 ], [ 77.08864, 20.50179 ], [ 77.08777, 20.50298 ], [ 77.09015, 20.50336 ], [ 77.09117, 20.50144 ], [ 77.09419, 20.49962 ], [ 77.09574, 20.504 ], [ 77.09887, 20.4998 ], [ 77.09896, 20.49854 ], [ 77.09728, 20.49851 ], [ 77.09636, 20.49604 ], [ 77.1053, 20.49686 ] ], [ [ 77.19748, 20.41576 ], [ 77.19841, 20.4216 ], [ 77.19564, 20.42518 ], [ 77.19025, 20.42518 ], [ 77.18739, 20.43141 ], [ 77.1819, 20.43395 ], [ 77.18237, 20.44435 ], [ 77.17965, 20.44827 ], [ 77.17893, 20.45474 ], [ 77.17425, 20.45663 ], [ 77.17293, 20.45833 ], [ 77.17329, 20.4649 ], [ 77.176, 20.46448 ], [ 77.17789, 20.46855 ], [ 77.17769, 20.47255 ], [ 77.17626, 20.47391 ], [ 77.17237, 20.47531 ], [ 77.17245, 20.47328 ], [ 77.16973, 20.47387 ], [ 77.16915, 20.4751 ], [ 77.16431, 20.47618 ], [ 77.1635, 20.477 ], [ 77.16386, 20.4786 ], [ 77.14971, 20.48553 ], [ 77.14599, 20.48547 ], [ 77.14146, 20.4834 ], [ 77.14185, 20.48084 ], [ 77.13958, 20.48055 ], [ 77.13389, 20.47728 ], [ 77.13249, 20.47289 ], [ 77.13246, 20.46899 ], [ 77.13463, 20.46686 ], [ 77.13761, 20.46747 ], [ 77.14309, 20.4716 ], [ 77.14301, 20.4638 ], [ 77.14075, 20.45029 ], [ 77.13907, 20.44538 ], [ 77.1422, 20.44497 ], [ 77.14275, 20.44307 ], [ 77.14701, 20.44287 ], [ 77.14808, 20.44155 ], [ 77.14719, 20.43954 ], [ 77.1493, 20.43769 ], [ 77.14807, 20.43528 ], [ 77.14652, 20.43495 ], [ 77.14571, 20.43102 ], [ 77.14657, 20.42868 ], [ 77.14602, 20.42753 ], [ 77.14421, 20.42781 ], [ 77.14209, 20.42193 ], [ 77.14219, 20.42069 ], [ 77.14461, 20.41845 ], [ 77.14479, 20.41513 ], [ 77.14707, 20.41006 ], [ 77.14505, 20.40802 ], [ 77.14685, 20.40147 ], [ 77.14383, 20.39895 ], [ 77.14762, 20.39184 ], [ 77.14572, 20.3915 ], [ 77.14655, 20.39 ], [ 77.14459, 20.38785 ], [ 77.14308, 20.38345 ], [ 77.13984, 20.38024 ], [ 77.13583, 20.38513 ], [ 77.13587, 20.38881 ], [ 77.13484, 20.39081 ], [ 77.13346, 20.39087 ], [ 77.13196, 20.38953 ], [ 77.13169, 20.38698 ], [ 77.12998, 20.3846 ], [ 77.12965, 20.38211 ], [ 77.1321, 20.38236 ], [ 77.1319, 20.37637 ], [ 77.13366, 20.37078 ], [ 77.1388, 20.371 ], [ 77.13923, 20.3643 ], [ 77.1481, 20.36385 ], [ 77.14921, 20.36468 ], [ 77.15084, 20.36275 ], [ 77.15241, 20.3623 ], [ 77.16066, 20.3642 ], [ 77.16523, 20.36379 ], [ 77.16837, 20.36304 ], [ 77.16821, 20.36078 ], [ 77.16942, 20.36059 ], [ 77.17403, 20.36232 ], [ 77.18189, 20.36325 ], [ 77.18154, 20.3664 ], [ 77.18081, 20.36683 ], [ 77.18068, 20.36875 ], [ 77.18161, 20.36957 ], [ 77.18067, 20.37055 ], [ 77.1809, 20.37265 ], [ 77.18663, 20.37289 ], [ 77.18688, 20.37103 ], [ 77.18852, 20.37035 ], [ 77.19036, 20.37081 ], [ 77.19014, 20.37701 ], [ 77.1887, 20.38024 ], [ 77.19232, 20.37804 ], [ 77.1942, 20.37404 ], [ 77.19588, 20.37375 ], [ 77.19557, 20.37244 ], [ 77.19625, 20.3719 ], [ 77.20518, 20.37337 ], [ 77.2065, 20.37663 ], [ 77.20548, 20.37677 ], [ 77.20391, 20.37531 ], [ 77.19818, 20.37479 ], [ 77.1972, 20.37876 ], [ 77.20147, 20.37834 ], [ 77.20114, 20.38064 ], [ 77.19738, 20.3821 ], [ 77.19466, 20.38608 ], [ 77.2037, 20.38789 ], [ 77.20368, 20.39173 ], [ 77.20181, 20.39371 ], [ 77.20277, 20.39701 ], [ 77.19942, 20.39679 ], [ 77.19893, 20.39886 ], [ 77.19731, 20.39881 ], [ 77.19817, 20.40172 ], [ 77.19709, 20.40163 ], [ 77.19712, 20.40084 ], [ 77.19497, 20.40066 ], [ 77.19268, 20.40279 ], [ 77.19063, 20.40323 ], [ 77.19162, 20.40563 ], [ 77.19539, 20.40558 ], [ 77.19453, 20.40787 ], [ 77.1977, 20.40967 ], [ 77.19849, 20.41269 ], [ 77.19748, 20.41576 ] ] ] } },
{ "type": "Feature", "properties": { "Name": " Dyanganga WLS" }, "geometry": { "type": "MultiPolygon", "coordinates": [ [ [ [ 76.38108, 20.672 ], [ 76.38721, 20.67362 ], [ 76.38855, 20.672 ], [ 76.39452, 20.66899 ], [ 76.39161, 20.66185 ], [ 76.39004, 20.65509 ], [ 76.39657, 20.65582 ], [ 76.40262, 20.65472 ], [ 76.40553, 20.65266 ], [ 76.41205, 20.65133 ], [ 76.4152, 20.64927 ], [ 76.41606, 20.64523 ], [ 76.41465, 20.64081 ], [ 76.41661, 20.62914 ], [ 76.41118, 20.62517 ], [ 76.40576, 20.61852 ], [ 76.42165, 20.61912 ], [ 76.42446, 20.62467 ], [ 76.42487, 20.62768 ], [ 76.42628, 20.62607 ], [ 76.43703, 20.62562 ], [ 76.43881, 20.62494 ], [ 76.43784, 20.62029 ], [ 76.43839, 20.61227 ], [ 76.43375, 20.60668 ], [ 76.43398, 20.60189 ], [ 76.45018, 20.60204 ], [ 76.45332, 20.60476 ], [ 76.45615, 20.60329 ], [ 76.45906, 20.59689 ], [ 76.46134, 20.58401 ], [ 76.46037, 20.57764 ], [ 76.46304, 20.57683 ], [ 76.46103, 20.57437 ], [ 76.4615, 20.57319 ], [ 76.46417, 20.57172 ], [ 76.46598, 20.57179 ], [ 76.46881, 20.57385 ], [ 76.46912, 20.57224 ], [ 76.4707, 20.57091 ], [ 76.46842, 20.56708 ], [ 76.47101, 20.56377 ], [ 76.47644, 20.56576 ], [ 76.47683, 20.56804 ], [ 76.47966, 20.57062 ], [ 76.48013, 20.57695 ], [ 76.4821, 20.57591 ], [ 76.48139, 20.57481 ], [ 76.48131, 20.5712 ], [ 76.48029, 20.56944 ], [ 76.48225, 20.56576 ], [ 76.48493, 20.56583 ], [ 76.48595, 20.56664 ], [ 76.48634, 20.56811 ], [ 76.49098, 20.5726 ], [ 76.49263, 20.57569 ], [ 76.49394, 20.5848 ], [ 76.4986, 20.58114 ], [ 76.50411, 20.57408 ], [ 76.51621, 20.56826 ], [ 76.5236, 20.56561 ], [ 76.51511, 20.55913 ], [ 76.51409, 20.55722 ], [ 76.51024, 20.5464 ], [ 76.51724, 20.5475 ], [ 76.51794, 20.54382 ], [ 76.51236, 20.53727 ], [ 76.50812, 20.53366 ], [ 76.50851, 20.53175 ], [ 76.5056, 20.5319 ], [ 76.50474, 20.53447 ], [ 76.50246, 20.53374 ], [ 76.50081, 20.53558 ], [ 76.49656, 20.53543 ], [ 76.49232, 20.53204 ], [ 76.49082, 20.52917 ], [ 76.48579, 20.52726 ], [ 76.48453, 20.49788 ], [ 76.49232, 20.49604 ], [ 76.49467, 20.49457 ], [ 76.49585, 20.49229 ], [ 76.4957, 20.49037 ], [ 76.49397, 20.48787 ], [ 76.49019, 20.48794 ], [ 76.4887, 20.48293 ], [ 76.47974, 20.47896 ], [ 76.47761, 20.4766 ], [ 76.47148, 20.47417 ], [ 76.4615, 20.47292 ], [ 76.46071, 20.47498 ], [ 76.4512, 20.47579 ], [ 76.44829, 20.4727 ], [ 76.44774, 20.46982 ], [ 76.44586, 20.4696 ], [ 76.44562, 20.46776 ], [ 76.43674, 20.47049 ], [ 76.43383, 20.47056 ], [ 76.43273, 20.46482 ], [ 76.43029, 20.45981 ], [ 76.42086, 20.44751 ], [ 76.42007, 20.44353 ], [ 76.41653, 20.4425 ], [ 76.41472, 20.44051 ], [ 76.40946, 20.438 ], [ 76.39995, 20.44154 ], [ 76.39539, 20.43837 ], [ 76.38583, 20.43876 ], [ 76.38547, 20.43725 ], [ 76.37548, 20.43821 ], [ 76.37272, 20.43184 ], [ 76.37078, 20.43612 ], [ 76.3698, 20.43608 ], [ 76.36856, 20.43318 ], [ 76.36378, 20.43565 ], [ 76.35128, 20.43661 ], [ 76.35089, 20.43778 ], [ 76.34561, 20.43845 ], [ 76.3472, 20.45414 ], [ 76.34885, 20.45443 ], [ 76.34876, 20.46027 ], [ 76.34337, 20.46006 ], [ 76.34231, 20.45344 ], [ 76.33108, 20.45539 ], [ 76.3303, 20.45495 ], [ 76.3303, 20.45383 ], [ 76.32649, 20.45401 ], [ 76.32537, 20.45306 ], [ 76.32232, 20.45251 ], [ 76.31988, 20.45364 ], [ 76.31113, 20.45468 ], [ 76.30671, 20.44773 ], [ 76.30341, 20.44714 ], [ 76.30168, 20.44942 ], [ 76.29404, 20.45258 ], [ 76.29112, 20.45562 ], [ 76.29, 20.46426 ], [ 76.29118, 20.47054 ], [ 76.27951, 20.47351 ], [ 76.26253, 20.47542 ], [ 76.263, 20.48713 ], [ 76.26135, 20.48816 ], [ 76.26119, 20.49236 ], [ 76.25113, 20.49383 ], [ 76.25019, 20.49457 ], [ 76.24068, 20.49472 ], [ 76.2391, 20.50274 ], [ 76.22401, 20.50605 ], [ 76.22134, 20.51231 ], [ 76.22315, 20.52365 ], [ 76.21835, 20.52225 ], [ 76.21128, 20.53057 ], [ 76.21104, 20.5422 ], [ 76.21615, 20.54331 ], [ 76.21741, 20.54765 ], [ 76.20664, 20.54736 ], [ 76.20475, 20.5489 ], [ 76.20421, 20.55815 ], [ 76.20775, 20.5599 ], [ 76.20844, 20.56233 ], [ 76.2123, 20.56326 ], [ 76.21293, 20.56443 ], [ 76.21313, 20.56623 ], [ 76.21091, 20.56777 ], [ 76.20829, 20.57432 ], [ 76.20931, 20.59269 ], [ 76.21992, 20.59608 ], [ 76.22047, 20.60035 ], [ 76.22433, 20.61249 ], [ 76.22425, 20.61499 ], [ 76.2215, 20.61882 ], [ 76.2237, 20.61757 ], [ 76.22716, 20.62117 ], [ 76.22889, 20.62169 ], [ 76.2417, 20.62227 ], [ 76.24201, 20.61771 ], [ 76.24111, 20.61504 ], [ 76.24324, 20.61065 ], [ 76.25226, 20.604 ], [ 76.26371, 20.61043 ], [ 76.2689, 20.61234 ], [ 76.2717, 20.6158 ], [ 76.271, 20.6186 ], [ 76.26863, 20.61974 ], [ 76.26942, 20.62495 ], [ 76.27378, 20.63452 ], [ 76.27335, 20.63777 ], [ 76.27505, 20.63879 ], [ 76.27537, 20.64139 ], [ 76.28058, 20.64145 ], [ 76.28357, 20.64252 ], [ 76.27766, 20.6487 ], [ 76.27785, 20.65116 ], [ 76.28404, 20.6513 ], [ 76.28344, 20.66104 ], [ 76.28606, 20.66117 ], [ 76.28714, 20.66222 ], [ 76.28981, 20.66046 ], [ 76.29484, 20.66134 ], [ 76.29775, 20.6592 ], [ 76.30254, 20.66031 ], [ 76.30671, 20.66016 ], [ 76.30768, 20.66089 ], [ 76.30788, 20.66743 ], [ 76.31063, 20.67022 ], [ 76.31104, 20.67377 ], [ 76.31402, 20.67472 ], [ 76.31536, 20.67627 ], [ 76.31622, 20.68068 ], [ 76.32346, 20.67936 ], [ 76.33022, 20.68237 ], [ 76.33501, 20.68259 ], [ 76.34696, 20.68039 ], [ 76.34861, 20.67811 ], [ 76.34885, 20.6698 ], [ 76.35073, 20.66825 ], [ 76.35215, 20.6681 ], [ 76.35372, 20.66899 ], [ 76.36237, 20.69319 ], [ 76.37234, 20.68977 ], [ 76.3792, 20.68172 ], [ 76.3744, 20.67708 ], [ 76.37259, 20.67237 ], [ 76.38108, 20.672 ] ], [ [ 76.34921, 20.64608 ], [ 76.3459, 20.64418 ], [ 76.33796, 20.64708 ], [ 76.33232, 20.64557 ], [ 76.32947, 20.641 ], [ 76.33576, 20.64109 ], [ 76.33618, 20.63841 ], [ 76.32889, 20.63678 ], [ 76.33037, 20.63369 ], [ 76.33057, 20.63134 ], [ 76.31322, 20.62644 ], [ 76.31027, 20.6289 ], [ 76.30372, 20.61343 ], [ 76.30105, 20.6124 ], [ 76.2951, 20.60188 ], [ 76.30073, 20.60529 ], [ 76.302, 20.60129 ], [ 76.30371, 20.59911 ], [ 76.30483, 20.59431 ], [ 76.30613, 20.59418 ], [ 76.30694, 20.59253 ], [ 76.30723, 20.58775 ], [ 76.31036, 20.58561 ], [ 76.3106, 20.58453 ], [ 76.30935, 20.5819 ], [ 76.31042, 20.57864 ], [ 76.30667, 20.57853 ], [ 76.30601, 20.58204 ], [ 76.30406, 20.58179 ], [ 76.3041, 20.58012 ], [ 76.30233, 20.57932 ], [ 76.30089, 20.57945 ], [ 76.30101, 20.5812 ], [ 76.29666, 20.58107 ], [ 76.29591, 20.57957 ], [ 76.29192, 20.5804 ], [ 76.28971, 20.57436 ], [ 76.29094, 20.56551 ], [ 76.29095, 20.55779 ], [ 76.28761, 20.55547 ], [ 76.28461, 20.55505 ], [ 76.28241, 20.5575 ], [ 76.28222, 20.56641 ], [ 76.28922, 20.57559 ], [ 76.28869, 20.57655 ], [ 76.28714, 20.57659 ], [ 76.28364, 20.5748 ], [ 76.28109, 20.57218 ], [ 76.27691, 20.57016 ], [ 76.27586, 20.56877 ], [ 76.27231, 20.56765 ], [ 76.26991, 20.56481 ], [ 76.26376, 20.56326 ], [ 76.26368, 20.56619 ], [ 76.25991, 20.56357 ], [ 76.25664, 20.55814 ], [ 76.25635, 20.54349 ], [ 76.25722, 20.54106 ], [ 76.25974, 20.54305 ], [ 76.25891, 20.54057 ], [ 76.25964, 20.53855 ], [ 76.25999, 20.54265 ], [ 76.26318, 20.54255 ], [ 76.26251, 20.54103 ], [ 76.26506, 20.53942 ], [ 76.26681, 20.53958 ], [ 76.26577, 20.53581 ], [ 76.26285, 20.53306 ], [ 76.26294, 20.53204 ], [ 76.26694, 20.53162 ], [ 76.26734, 20.53081 ], [ 76.27013, 20.53087 ], [ 76.27014, 20.53495 ], [ 76.27352, 20.53504 ], [ 76.27334, 20.53286 ], [ 76.27222, 20.53108 ], [ 76.27305, 20.52751 ], [ 76.27618, 20.527 ], [ 76.27677, 20.53188 ], [ 76.28134, 20.53085 ], [ 76.28126, 20.52971 ], [ 76.28287, 20.52954 ], [ 76.28293, 20.52835 ], [ 76.27989, 20.52729 ], [ 76.28, 20.5267 ], [ 76.28553, 20.52658 ], [ 76.28731, 20.5287 ], [ 76.2894, 20.52773 ], [ 76.29129, 20.52815 ], [ 76.29563, 20.5273 ], [ 76.29687, 20.52901 ], [ 76.301, 20.5278 ], [ 76.30267, 20.52952 ], [ 76.30424, 20.52895 ], [ 76.30322, 20.52647 ], [ 76.30498, 20.52558 ], [ 76.30382, 20.52195 ], [ 76.30092, 20.52312 ], [ 76.29957, 20.52284 ], [ 76.30279, 20.52004 ], [ 76.3008, 20.51766 ], [ 76.30542, 20.51651 ], [ 76.30588, 20.51478 ], [ 76.30108, 20.51408 ], [ 76.30083, 20.51492 ], [ 76.29796, 20.51391 ], [ 76.30789, 20.51118 ], [ 76.3075, 20.50958 ], [ 76.30905, 20.50854 ], [ 76.31076, 20.50997 ], [ 76.31232, 20.51334 ], [ 76.31384, 20.51323 ], [ 76.31812, 20.50995 ], [ 76.32029, 20.50695 ], [ 76.32039, 20.50552 ], [ 76.3183, 20.50422 ], [ 76.3191, 20.50086 ], [ 76.32287, 20.50058 ], [ 76.33049, 20.49693 ], [ 76.33453, 20.49318 ], [ 76.33422, 20.49208 ], [ 76.33624, 20.49192 ], [ 76.34001, 20.48956 ], [ 76.34031, 20.48838 ], [ 76.34247, 20.48808 ], [ 76.34199, 20.48739 ], [ 76.34271, 20.48683 ], [ 76.34401, 20.48713 ], [ 76.34501, 20.48634 ], [ 76.34637, 20.48703 ], [ 76.34608, 20.48517 ], [ 76.34784, 20.48118 ], [ 76.35203, 20.48386 ], [ 76.36113, 20.48046 ], [ 76.36589, 20.47984 ], [ 76.38188, 20.47359 ], [ 76.39365, 20.47137 ], [ 76.40694, 20.47029 ], [ 76.41141, 20.47544 ], [ 76.41161, 20.47755 ], [ 76.41445, 20.48369 ], [ 76.4271, 20.49752 ], [ 76.4319, 20.49914 ], [ 76.43144, 20.50308 ], [ 76.43248, 20.50516 ], [ 76.43173, 20.50751 ], [ 76.43214, 20.51052 ], [ 76.43129, 20.51143 ], [ 76.43432, 20.51168 ], [ 76.43512, 20.51738 ], [ 76.43626, 20.52049 ], [ 76.43754, 20.52138 ], [ 76.4335, 20.52318 ], [ 76.43049, 20.5256 ], [ 76.43068, 20.5279 ], [ 76.43215, 20.52836 ], [ 76.43104, 20.53132 ], [ 76.42919, 20.53039 ], [ 76.42839, 20.53245 ], [ 76.42573, 20.53301 ], [ 76.42614, 20.53388 ], [ 76.42457, 20.53352 ], [ 76.42324, 20.53673 ], [ 76.42028, 20.53594 ], [ 76.4176, 20.53697 ], [ 76.41794, 20.53953 ], [ 76.41708, 20.54086 ], [ 76.41968, 20.54837 ], [ 76.41928, 20.5514 ], [ 76.42106, 20.55095 ], [ 76.4217, 20.55151 ], [ 76.42348, 20.54916 ], [ 76.42449, 20.54987 ], [ 76.42376, 20.55188 ], [ 76.43017, 20.55159 ], [ 76.4324, 20.55441 ], [ 76.43866, 20.5554 ], [ 76.43786, 20.55831 ], [ 76.43845, 20.56397 ], [ 76.43883, 20.56466 ], [ 76.44352, 20.56517 ], [ 76.44536, 20.56838 ], [ 76.44297, 20.56837 ], [ 76.44315, 20.57292 ], [ 76.43982, 20.57372 ], [ 76.43982, 20.57496 ], [ 76.44026, 20.57622 ], [ 76.44603, 20.57961 ], [ 76.44601, 20.58278 ], [ 76.44715, 20.58259 ], [ 76.44812, 20.58565 ], [ 76.44403, 20.5863 ], [ 76.43928, 20.58483 ], [ 76.42513, 20.59271 ], [ 76.42041, 20.58929 ], [ 76.40849, 20.58597 ], [ 76.40257, 20.58335 ], [ 76.4027, 20.58252 ], [ 76.39819, 20.5822 ], [ 76.39807, 20.58341 ], [ 76.38947, 20.58379 ], [ 76.38949, 20.58469 ], [ 76.39241, 20.58578 ], [ 76.39314, 20.58806 ], [ 76.39412, 20.58757 ], [ 76.39849, 20.58851 ], [ 76.40428, 20.59345 ], [ 76.4019, 20.59701 ], [ 76.39637, 20.59555 ], [ 76.38657, 20.60692 ], [ 76.38503, 20.61074 ], [ 76.3836, 20.61112 ], [ 76.38382, 20.61261 ], [ 76.38603, 20.61505 ], [ 76.38119, 20.61698 ], [ 76.37843, 20.61565 ], [ 76.37498, 20.61869 ], [ 76.37358, 20.62599 ], [ 76.37125, 20.62465 ], [ 76.36094, 20.62387 ], [ 76.3587, 20.63236 ], [ 76.3576, 20.64722 ], [ 76.34921, 20.64608 ] ] ], [ [ [ 76.28331, 20.55627 ], [ 76.28289, 20.55666 ], [ 76.28327, 20.55642 ], [ 76.28331, 20.55627 ] ] ] ] } },
{ "type": "Feature", "properties": { "Name": "Gautala Autramghat Wildlife Sanctuary" }, "geometry": { "type": "Polygon", "coordinates": [ [ [ 75.14792, 20.44473 ], [ 75.14937, 20.44479 ], [ 75.14965, 20.44325 ], [ 75.1567, 20.44279 ], [ 75.16101, 20.43948 ], [ 75.16598, 20.43932 ], [ 75.16617, 20.43563 ], [ 75.16288, 20.43528 ], [ 75.16525, 20.42545 ], [ 75.16508, 20.42467 ], [ 75.16282, 20.42437 ], [ 75.16269, 20.423 ], [ 75.1642, 20.4217 ], [ 75.16365, 20.42031 ], [ 75.15991, 20.42073 ], [ 75.1584, 20.42202 ], [ 75.15771, 20.41926 ], [ 75.15934, 20.41564 ], [ 75.15713, 20.41047 ], [ 75.15434, 20.40839 ], [ 75.15421, 20.40702 ], [ 75.15042, 20.40431 ], [ 75.14876, 20.40443 ], [ 75.14778, 20.39952 ], [ 75.14409, 20.39896 ], [ 75.14195, 20.39633 ], [ 75.14141, 20.39065 ], [ 75.13999, 20.3902 ], [ 75.13974, 20.38707 ], [ 75.14447, 20.38748 ], [ 75.14499, 20.38536 ], [ 75.1481, 20.38531 ], [ 75.15351, 20.40056 ], [ 75.15564, 20.40338 ], [ 75.16236, 20.40934 ], [ 75.16397, 20.41818 ], [ 75.17137, 20.41891 ], [ 75.17483, 20.42005 ], [ 75.17629, 20.42362 ], [ 75.17323, 20.43088 ], [ 75.17202, 20.43843 ], [ 75.17361, 20.43967 ], [ 75.17526, 20.43974 ], [ 75.17573, 20.44269 ], [ 75.17495, 20.44577 ], [ 75.17681, 20.44586 ], [ 75.17879, 20.44341 ], [ 75.18087, 20.44312 ], [ 75.18211, 20.44317 ], [ 75.18241, 20.44533 ], [ 75.1886, 20.44561 ], [ 75.19159, 20.4438 ], [ 75.19302, 20.43997 ], [ 75.19488, 20.44006 ], [ 75.19482, 20.43713 ], [ 75.19814, 20.43689 ], [ 75.19869, 20.43438 ], [ 75.20205, 20.43337 ], [ 75.2053, 20.43429 ], [ 75.20562, 20.43217 ], [ 75.20811, 20.43208 ], [ 75.20818, 20.43053 ], [ 75.21128, 20.43067 ], [ 75.21141, 20.43204 ], [ 75.21301, 20.43309 ], [ 75.21288, 20.43581 ], [ 75.21633, 20.43694 ], [ 75.21885, 20.43627 ], [ 75.22102, 20.43832 ], [ 75.22785, 20.43805 ], [ 75.22884, 20.43887 ], [ 75.23245, 20.43709 ], [ 75.24108, 20.43806 ], [ 75.24308, 20.43523 ], [ 75.2474, 20.43172 ], [ 75.26197, 20.42965 ], [ 75.26183, 20.42419 ], [ 75.2596, 20.41941 ], [ 75.25683, 20.41695 ], [ 75.25701, 20.40936 ], [ 75.26014, 20.40872 ], [ 75.26277, 20.40163 ], [ 75.26714, 20.40105 ], [ 75.26706, 20.39851 ], [ 75.26066, 20.39842 ], [ 75.26109, 20.39415 ], [ 75.25867, 20.39287 ], [ 75.25845, 20.38916 ], [ 75.25627, 20.38731 ], [ 75.25398, 20.37941 ], [ 75.24897, 20.38055 ], [ 75.24856, 20.37235 ], [ 75.24725, 20.36547 ], [ 75.24403, 20.36377 ], [ 75.23647, 20.36226 ], [ 75.23596, 20.36009 ], [ 75.23437, 20.35885 ], [ 75.23291, 20.35917 ], [ 75.2319, 20.36263 ], [ 75.22912, 20.36446 ], [ 75.22581, 20.3647 ], [ 75.22352, 20.36089 ], [ 75.22428, 20.3582 ], [ 75.22677, 20.35792 ], [ 75.22707, 20.35618 ], [ 75.23082, 20.35557 ], [ 75.23467, 20.35692 ], [ 75.23697, 20.35643 ], [ 75.23701, 20.35157 ], [ 75.23928, 20.35167 ], [ 75.23985, 20.34858 ], [ 75.2422, 20.34712 ], [ 75.24448, 20.34684 ], [ 75.24503, 20.34823 ], [ 75.2481, 20.34876 ], [ 75.25002, 20.34767 ], [ 75.25035, 20.34516 ], [ 75.24856, 20.34391 ], [ 75.25049, 20.34243 ], [ 75.25503, 20.34245 ], [ 75.25473, 20.34438 ], [ 75.259, 20.34574 ], [ 75.25732, 20.34216 ], [ 75.25867, 20.34008 ], [ 75.26077, 20.33939 ], [ 75.26424, 20.34013 ], [ 75.267, 20.3387 ], [ 75.27362, 20.3425 ], [ 75.27678, 20.34128 ], [ 75.27898, 20.33866 ], [ 75.28175, 20.33703 ], [ 75.27979, 20.3348 ], [ 75.27462, 20.33495 ], [ 75.27456, 20.33612 ], [ 75.27001, 20.3363 ], [ 75.27291, 20.33215 ], [ 75.27115, 20.33012 ], [ 75.2664, 20.3301 ], [ 75.26617, 20.33457 ], [ 75.26456, 20.33391 ], [ 75.2643, 20.33078 ], [ 75.26549, 20.32772 ], [ 75.26775, 20.32802 ], [ 75.26802, 20.32667 ], [ 75.26663, 20.32563 ], [ 75.26709, 20.32468 ], [ 75.27105, 20.32388 ], [ 75.26926, 20.32263 ], [ 75.2687, 20.31735 ], [ 75.26983, 20.31545 ], [ 75.27417, 20.31545 ], [ 75.27485, 20.31412 ], [ 75.27099, 20.31297 ], [ 75.26516, 20.31387 ], [ 75.26505, 20.3201 ], [ 75.26338, 20.32042 ], [ 75.26089, 20.30433 ], [ 75.26164, 20.30183 ], [ 75.26482, 20.30022 ], [ 75.26519, 20.29693 ], [ 75.26293, 20.28864 ], [ 75.25902, 20.28418 ], [ 75.25457, 20.28242 ], [ 75.24747, 20.28405 ], [ 75.23884, 20.28327 ], [ 75.23255, 20.28413 ], [ 75.23153, 20.28109 ], [ 75.22751, 20.2809 ], [ 75.22407, 20.27877 ], [ 75.22526, 20.27426 ], [ 75.22664, 20.27264 ], [ 75.22556, 20.27168 ], [ 75.22544, 20.26757 ], [ 75.22327, 20.26595 ], [ 75.22342, 20.26291 ], [ 75.2253, 20.26087 ], [ 75.22102, 20.25626 ], [ 75.22119, 20.24348 ], [ 75.22175, 20.24198 ], [ 75.22386, 20.24162 ], [ 75.22505, 20.24046 ], [ 75.22352, 20.23567 ], [ 75.22075, 20.23631 ], [ 75.2169, 20.23902 ], [ 75.21195, 20.24443 ], [ 75.21065, 20.24452 ], [ 75.20255, 20.23898 ], [ 75.20084, 20.24088 ], [ 75.20263, 20.24385 ], [ 75.20604, 20.24644 ], [ 75.20434, 20.25139 ], [ 75.21131, 20.25369 ], [ 75.21484, 20.25735 ], [ 75.21318, 20.25818 ], [ 75.20997, 20.25789 ], [ 75.20628, 20.25437 ], [ 75.19969, 20.25072 ], [ 75.19689, 20.24572 ], [ 75.19355, 20.24481 ], [ 75.19119, 20.24668 ], [ 75.1901, 20.24602 ], [ 75.19103, 20.24363 ], [ 75.1888, 20.24307 ], [ 75.18871, 20.24474 ], [ 75.18719, 20.24604 ], [ 75.18542, 20.24596 ], [ 75.18138, 20.24304 ], [ 75.16872, 20.24778 ], [ 75.16055, 20.25624 ], [ 75.16002, 20.26337 ], [ 75.16327, 20.26595 ], [ 75.16108, 20.27087 ], [ 75.15944, 20.27141 ], [ 75.15904, 20.27291 ], [ 75.15216, 20.27503 ], [ 75.15031, 20.27966 ], [ 75.1537, 20.29215 ], [ 75.15153, 20.29342 ], [ 75.14453, 20.29477 ], [ 75.14461, 20.2931 ], [ 75.14109, 20.29263 ], [ 75.13653, 20.29334 ], [ 75.1354, 20.29039 ], [ 75.13538, 20.2875 ], [ 75.13145, 20.28549 ], [ 75.12979, 20.28328 ], [ 75.12628, 20.28267 ], [ 75.12481, 20.27986 ], [ 75.1185, 20.28337 ], [ 75.11524, 20.28094 ], [ 75.10946, 20.28661 ], [ 75.10643, 20.28586 ], [ 75.10806, 20.29492 ], [ 75.10451, 20.29186 ], [ 75.1029, 20.29179 ], [ 75.09533, 20.29463 ], [ 75.09414, 20.29579 ], [ 75.08882, 20.2957 ], [ 75.08733, 20.29639 ], [ 75.08709, 20.3011 ], [ 75.0927, 20.29862 ], [ 75.0957, 20.29998 ], [ 75.09366, 20.30802 ], [ 75.09062, 20.30998 ], [ 75.08758, 20.31034 ], [ 75.08291, 20.30839 ], [ 75.07941, 20.3105 ], [ 75.07738, 20.3108 ], [ 75.07569, 20.31007 ], [ 75.07331, 20.30701 ], [ 75.06141, 20.30463 ], [ 75.05369, 20.30427 ], [ 75.04952, 20.30681 ], [ 75.04397, 20.30808 ], [ 75.04142, 20.3043 ], [ 75.03526, 20.30493 ], [ 75.03433, 20.30108 ], [ 75.03663, 20.30028 ], [ 75.04224, 20.30099 ], [ 75.04676, 20.29786 ], [ 75.05005, 20.29664 ], [ 75.05504, 20.29702 ], [ 75.05685, 20.29939 ], [ 75.05946, 20.29571 ], [ 75.05916, 20.29219 ], [ 75.06053, 20.29058 ], [ 75.05605, 20.28687 ], [ 75.05458, 20.28422 ], [ 75.04777, 20.28177 ], [ 75.04793, 20.27249 ], [ 75.04457, 20.27188 ], [ 75.03665, 20.27531 ], [ 75.02652, 20.27484 ], [ 75.02339, 20.27591 ], [ 75.02064, 20.27304 ], [ 75.01408, 20.27198 ], [ 75.01369, 20.27028 ], [ 75.00644, 20.2701 ], [ 75.00472, 20.27215 ], [ 75.00288, 20.27039 ], [ 74.99821, 20.27017 ], [ 74.99685, 20.27147 ], [ 74.99087, 20.26556 ], [ 74.99006, 20.25959 ], [ 74.98087, 20.25946 ], [ 74.97562, 20.25206 ], [ 74.97651, 20.25956 ], [ 74.97819, 20.26435 ], [ 74.98488, 20.26604 ], [ 74.98601, 20.26914 ], [ 74.98443, 20.2715 ], [ 74.98426, 20.27469 ], [ 74.98207, 20.27656 ], [ 74.9803, 20.27633 ], [ 74.98022, 20.2748 ], [ 74.97862, 20.27457 ], [ 74.9784, 20.27274 ], [ 74.97615, 20.27248 ], [ 74.97593, 20.27049 ], [ 74.97368, 20.27038 ], [ 74.97359, 20.26901 ], [ 74.97103, 20.26858 ], [ 74.97144, 20.26708 ], [ 74.96917, 20.26728 ], [ 74.96926, 20.26561 ], [ 74.96668, 20.26549 ], [ 74.96777, 20.26021 ], [ 74.96339, 20.25148 ], [ 74.96145, 20.25169 ], [ 74.95967, 20.25481 ], [ 74.95467, 20.25472 ], [ 74.95451, 20.25776 ], [ 74.95709, 20.25788 ], [ 74.95752, 20.26186 ], [ 74.94931, 20.26162 ], [ 74.94399, 20.26457 ], [ 74.94174, 20.26446 ], [ 74.94181, 20.26614 ], [ 74.93705, 20.26774 ], [ 74.93641, 20.2706 ], [ 74.9338, 20.27413 ], [ 74.92736, 20.27991 ], [ 74.9223, 20.278 ], [ 74.9235, 20.27684 ], [ 74.92704, 20.27701 ], [ 74.9277, 20.27354 ], [ 74.9316, 20.27311 ], [ 74.93244, 20.27239 ], [ 74.93271, 20.27043 ], [ 74.92772, 20.27019 ], [ 74.92413, 20.27093 ], [ 74.92185, 20.27433 ], [ 74.91758, 20.2758 ], [ 74.91337, 20.27605 ], [ 74.91204, 20.27386 ], [ 74.91017, 20.27271 ], [ 74.90536, 20.27202 ], [ 74.90403, 20.27576 ], [ 74.89911, 20.28329 ], [ 74.89148, 20.29937 ], [ 74.89174, 20.30349 ], [ 74.89315, 20.30736 ], [ 74.8969, 20.31256 ], [ 74.89905, 20.32073 ], [ 74.89838, 20.3242 ], [ 74.89943, 20.32562 ], [ 74.90164, 20.32664 ], [ 74.90081, 20.32904 ], [ 74.90323, 20.33695 ], [ 74.90685, 20.34175 ], [ 74.91226, 20.342 ], [ 74.9128, 20.34641 ], [ 74.91742, 20.34688 ], [ 74.91878, 20.34548 ], [ 74.91863, 20.34352 ], [ 74.92972, 20.34868 ], [ 74.93313, 20.34762 ], [ 74.94286, 20.3493 ], [ 74.9466, 20.3468 ], [ 74.95056, 20.3463 ], [ 74.95088, 20.34787 ], [ 74.95358, 20.34761 ], [ 74.95432, 20.3494 ], [ 74.95941, 20.35081 ], [ 74.96665, 20.35057 ], [ 74.9678, 20.35218 ], [ 74.97175, 20.35178 ], [ 74.97268, 20.35377 ], [ 74.98866, 20.35238 ], [ 74.98858, 20.35394 ], [ 75.00722, 20.35306 ], [ 75.00751, 20.35541 ], [ 75.01677, 20.35604 ], [ 75.01739, 20.35996 ], [ 75.01945, 20.36006 ], [ 75.01835, 20.36527 ], [ 75.02208, 20.36505 ], [ 75.02199, 20.3668 ], [ 75.02469, 20.36654 ], [ 75.02522, 20.36812 ], [ 75.03039, 20.36817 ], [ 75.03019, 20.37186 ], [ 75.03495, 20.3717 ], [ 75.03544, 20.37425 ], [ 75.05165, 20.37637 ], [ 75.05217, 20.37445 ], [ 75.05542, 20.37538 ], [ 75.05611, 20.37404 ], [ 75.05775, 20.37432 ], [ 75.05908, 20.37262 ], [ 75.06095, 20.37252 ], [ 75.06161, 20.36768 ], [ 75.06255, 20.36558 ], [ 75.06498, 20.36647 ], [ 75.06494, 20.36335 ], [ 75.07325, 20.35847 ], [ 75.07824, 20.35793 ], [ 75.07956, 20.35623 ], [ 75.08188, 20.35537 ], [ 75.08194, 20.3542 ], [ 75.08432, 20.35217 ], [ 75.08652, 20.35753 ], [ 75.08959, 20.35806 ], [ 75.0907, 20.36065 ], [ 75.09456, 20.3618 ], [ 75.09543, 20.36496 ], [ 75.09848, 20.36588 ], [ 75.09882, 20.36336 ], [ 75.10868, 20.36849 ], [ 75.11458, 20.37013 ], [ 75.11831, 20.374 ], [ 75.12013, 20.38266 ], [ 75.11535, 20.38322 ], [ 75.1109, 20.38145 ], [ 75.10969, 20.38471 ], [ 75.10122, 20.38471 ], [ 75.10101, 20.38879 ], [ 75.09797, 20.39956 ], [ 75.09676, 20.40691 ], [ 75.09763, 20.41396 ], [ 75.09444, 20.41966 ], [ 75.09237, 20.42775 ], [ 75.09423, 20.42784 ], [ 75.09939, 20.41989 ], [ 75.10151, 20.41901 ], [ 75.10574, 20.42096 ], [ 75.11478, 20.42216 ], [ 75.11473, 20.43112 ], [ 75.1155, 20.43603 ], [ 75.11664, 20.43803 ], [ 75.11947, 20.43933 ], [ 75.13541, 20.44279 ], [ 75.13783, 20.44407 ], [ 75.135, 20.44667 ], [ 75.13534, 20.44824 ], [ 75.13796, 20.44953 ], [ 75.13829, 20.45111 ], [ 75.13752, 20.45399 ], [ 75.13458, 20.45483 ], [ 75.13614, 20.45666 ], [ 75.13609, 20.45763 ], [ 75.13959, 20.45798 ], [ 75.14274, 20.45696 ], [ 75.1459, 20.45184 ], [ 75.14662, 20.44584 ], [ 75.14792, 20.44473 ] ], [ [ 75.16031, 20.38439 ], [ 75.16416, 20.38472 ], [ 75.1645, 20.38123 ], [ 75.15646, 20.37751 ], [ 75.1532, 20.37508 ], [ 75.15055, 20.37009 ], [ 75.15188, 20.36315 ], [ 75.14835, 20.35964 ], [ 75.14873, 20.35524 ], [ 75.1431, 20.35498 ], [ 75.14289, 20.35284 ], [ 75.14154, 20.3508 ], [ 75.13596, 20.35572 ], [ 75.13648, 20.36122 ], [ 75.13825, 20.3613 ], [ 75.13897, 20.36301 ], [ 75.14069, 20.36415 ], [ 75.13973, 20.36716 ], [ 75.13964, 20.37202 ], [ 75.14078, 20.37497 ], [ 75.13578, 20.37474 ], [ 75.13508, 20.37577 ], [ 75.13563, 20.37762 ], [ 75.13224, 20.37762 ], [ 75.13007, 20.37295 ], [ 75.12986, 20.37066 ], [ 75.13268, 20.36927 ], [ 75.13275, 20.3679 ], [ 75.13152, 20.36663 ], [ 75.12863, 20.36634 ], [ 75.12766, 20.36325 ], [ 75.12187, 20.36283 ], [ 75.1215, 20.35764 ], [ 75.11809, 20.35794 ], [ 75.11747, 20.3605 ], [ 75.1155, 20.36117 ], [ 75.11469, 20.35809 ], [ 75.10768, 20.35639 ], [ 75.10653, 20.35375 ], [ 75.10255, 20.35266 ], [ 75.09947, 20.35282 ], [ 75.09617, 20.3481 ], [ 75.09123, 20.34376 ], [ 75.08807, 20.3424 ], [ 75.08084, 20.34176 ], [ 75.07348, 20.3437 ], [ 75.07113, 20.34542 ], [ 75.07076, 20.34951 ], [ 75.06655, 20.34962 ], [ 75.05227, 20.36052 ], [ 75.05187, 20.36492 ], [ 75.04995, 20.36468 ], [ 75.04714, 20.36592 ], [ 75.04348, 20.36498 ], [ 75.04116, 20.36305 ], [ 75.03812, 20.36245 ], [ 75.03381, 20.35844 ], [ 75.03252, 20.35534 ], [ 75.03705, 20.3522 ], [ 75.03428, 20.34964 ], [ 75.03004, 20.34731 ], [ 75.02372, 20.34777 ], [ 75.00682, 20.34394 ], [ 74.99557, 20.34296 ], [ 74.98538, 20.34339 ], [ 74.97446, 20.34227 ], [ 74.95148, 20.33738 ], [ 74.93403, 20.33777 ], [ 74.92557, 20.336 ], [ 74.91622, 20.33282 ], [ 74.91339, 20.33147 ], [ 74.91644, 20.32567 ], [ 74.91967, 20.31654 ], [ 74.92096, 20.3166 ], [ 74.92238, 20.31423 ], [ 74.92357, 20.31003 ], [ 74.92223, 20.30783 ], [ 74.91816, 20.30551 ], [ 74.91833, 20.30247 ], [ 74.91925, 20.30023 ], [ 74.93271, 20.29905 ], [ 74.93437, 20.29806 ], [ 74.93304, 20.29571 ], [ 74.9343, 20.29334 ], [ 74.93601, 20.29159 ], [ 74.94043, 20.29028 ], [ 74.9405, 20.28906 ], [ 74.93834, 20.28714 ], [ 74.93719, 20.28449 ], [ 74.94428, 20.27859 ], [ 74.94812, 20.27314 ], [ 74.95497, 20.27163 ], [ 74.96859, 20.27943 ], [ 74.97138, 20.28474 ], [ 74.97629, 20.28938 ], [ 74.98765, 20.28505 ], [ 74.99053, 20.28549 ], [ 74.99025, 20.28791 ], [ 74.99642, 20.28698 ], [ 75.00333, 20.28456 ], [ 75.003, 20.28166 ], [ 75.0058, 20.28042 ], [ 75.00918, 20.28073 ], [ 75.00932, 20.29017 ], [ 75.01059, 20.29069 ], [ 75.01241, 20.28666 ], [ 75.01461, 20.28479 ], [ 75.01681, 20.28581 ], [ 75.01607, 20.28775 ], [ 75.02082, 20.28934 ], [ 75.02415, 20.28737 ], [ 75.03152, 20.28528 ], [ 75.03654, 20.2849 ], [ 75.04115, 20.28923 ], [ 75.02282, 20.29126 ], [ 75.02001, 20.2925 ], [ 75.01891, 20.29504 ], [ 75.01459, 20.29438 ], [ 75.01465, 20.29621 ], [ 75.01377, 20.29769 ], [ 75.00763, 20.29481 ], [ 75.00063, 20.29296 ], [ 74.99987, 20.30115 ], [ 74.99862, 20.30352 ], [ 74.99525, 20.30321 ], [ 74.99444, 20.30622 ], [ 74.99783, 20.30927 ], [ 74.99984, 20.31393 ], [ 75.00439, 20.31643 ], [ 75.00462, 20.31507 ], [ 75.00694, 20.31396 ], [ 75.01106, 20.31552 ], [ 75.01324, 20.31684 ], [ 75.01294, 20.31957 ], [ 75.0159, 20.32153 ], [ 75.01802, 20.32117 ], [ 75.01982, 20.31761 ], [ 75.01975, 20.31273 ], [ 75.02287, 20.30862 ], [ 75.02448, 20.30869 ], [ 75.02329, 20.31305 ], [ 75.02382, 20.31825 ], [ 75.03077, 20.31797 ], [ 75.03515, 20.31452 ], [ 75.03497, 20.31801 ], [ 75.03365, 20.31856 ], [ 75.03358, 20.31977 ], [ 75.03583, 20.32003 ], [ 75.03562, 20.32093 ], [ 75.03744, 20.32315 ], [ 75.03704, 20.32465 ], [ 75.03786, 20.32743 ], [ 75.04088, 20.32833 ], [ 75.04132, 20.32607 ], [ 75.04424, 20.32575 ], [ 75.04918, 20.33009 ], [ 75.05083, 20.3294 ], [ 75.05503, 20.31697 ], [ 75.05964, 20.3152 ], [ 75.06336, 20.31507 ], [ 75.06555, 20.31624 ], [ 75.06511, 20.31865 ], [ 75.06301, 20.31855 ], [ 75.0628, 20.31946 ], [ 75.06482, 20.32412 ], [ 75.06308, 20.32647 ], [ 75.05943, 20.32843 ], [ 75.06115, 20.32958 ], [ 75.06648, 20.32937 ], [ 75.06519, 20.33251 ], [ 75.06558, 20.33435 ], [ 75.0694, 20.33529 ], [ 75.07188, 20.33419 ], [ 75.07266, 20.33164 ], [ 75.07299, 20.32221 ], [ 75.07563, 20.32097 ], [ 75.07913, 20.32204 ], [ 75.0826, 20.32038 ], [ 75.08976, 20.31934 ], [ 75.09531, 20.32112 ], [ 75.09604, 20.32267 ], [ 75.09041, 20.32531 ], [ 75.08972, 20.32634 ], [ 75.09178, 20.32689 ], [ 75.09246, 20.32936 ], [ 75.09728, 20.32973 ], [ 75.0972, 20.32821 ], [ 75.0984, 20.32689 ], [ 75.10096, 20.32732 ], [ 75.10315, 20.32863 ], [ 75.1075, 20.33508 ], [ 75.10898, 20.33454 ], [ 75.10804, 20.32764 ], [ 75.11097, 20.32717 ], [ 75.10508, 20.32263 ], [ 75.10598, 20.32085 ], [ 75.11028, 20.32181 ], [ 75.11047, 20.32121 ], [ 75.10617, 20.31705 ], [ 75.10749, 20.31651 ], [ 75.111, 20.31728 ], [ 75.11201, 20.31656 ], [ 75.10811, 20.3109 ], [ 75.10455, 20.30785 ], [ 75.10312, 20.30428 ], [ 75.11481, 20.30604 ], [ 75.12054, 20.30143 ], [ 75.1255, 20.30836 ], [ 75.13114, 20.31166 ], [ 75.13521, 20.30469 ], [ 75.13795, 20.30482 ], [ 75.14046, 20.30615 ], [ 75.14041, 20.3133 ], [ 75.14483, 20.31518 ], [ 75.14679, 20.31466 ], [ 75.14652, 20.3075 ], [ 75.14835, 20.30636 ], [ 75.15238, 20.30655 ], [ 75.15321, 20.31222 ], [ 75.15785, 20.31304 ], [ 75.15924, 20.31417 ], [ 75.16912, 20.31356 ], [ 75.17171, 20.31017 ], [ 75.16879, 20.30426 ], [ 75.17039, 20.30129 ], [ 75.17029, 20.30006 ], [ 75.16829, 20.2983 ], [ 75.16541, 20.29786 ], [ 75.16452, 20.2963 ], [ 75.1633, 20.28239 ], [ 75.17199, 20.28279 ], [ 75.17272, 20.28115 ], [ 75.17145, 20.27455 ], [ 75.1734, 20.27418 ], [ 75.17575, 20.27246 ], [ 75.17853, 20.27167 ], [ 75.1804, 20.27283 ], [ 75.18157, 20.27531 ], [ 75.18286, 20.27522 ], [ 75.18361, 20.27328 ], [ 75.18899, 20.2752 ], [ 75.19066, 20.27101 ], [ 75.18686, 20.26962 ], [ 75.18469, 20.26161 ], [ 75.17727, 20.26172 ], [ 75.1754, 20.26027 ], [ 75.17617, 20.25787 ], [ 75.17807, 20.25552 ], [ 75.18339, 20.25546 ], [ 75.18895, 20.25708 ], [ 75.2085, 20.26908 ], [ 75.21389, 20.271 ], [ 75.21512, 20.27517 ], [ 75.21269, 20.27536 ], [ 75.20985, 20.27417 ], [ 75.20756, 20.27178 ], [ 75.20527, 20.27229 ], [ 75.20473, 20.27333 ], [ 75.20185, 20.27289 ], [ 75.19581, 20.27429 ], [ 75.19152, 20.27622 ], [ 75.19283, 20.27902 ], [ 75.19339, 20.28377 ], [ 75.19509, 20.28521 ], [ 75.19525, 20.29161 ], [ 75.19772, 20.29371 ], [ 75.2093, 20.29454 ], [ 75.21384, 20.30022 ], [ 75.21895, 20.29817 ], [ 75.22444, 20.29812 ], [ 75.22668, 20.29852 ], [ 75.22885, 20.30014 ], [ 75.22898, 20.29771 ], [ 75.23149, 20.29585 ], [ 75.23824, 20.29631 ], [ 75.24061, 20.29413 ], [ 75.2462, 20.2953 ], [ 75.25117, 20.29263 ], [ 75.2545, 20.29385 ], [ 75.25451, 20.29674 ], [ 75.24871, 20.29663 ], [ 75.24702, 20.29823 ], [ 75.24804, 20.30025 ], [ 75.24711, 20.3028 ], [ 75.2442, 20.30282 ], [ 75.23997, 20.2973 ], [ 75.23612, 20.30306 ], [ 75.23822, 20.3062 ], [ 75.22551, 20.30547 ], [ 75.22459, 20.30787 ], [ 75.22184, 20.30789 ], [ 75.22015, 20.30629 ], [ 75.21738, 20.30678 ], [ 75.21729, 20.3086 ], [ 75.21556, 20.30776 ], [ 75.21087, 20.30785 ], [ 75.21, 20.30918 ], [ 75.20998, 20.31268 ], [ 75.20397, 20.31347 ], [ 75.20458, 20.31731 ], [ 75.2002, 20.31787 ], [ 75.19865, 20.31658 ], [ 75.19617, 20.31768 ], [ 75.19548, 20.32496 ], [ 75.19409, 20.32687 ], [ 75.19417, 20.3284 ], [ 75.19575, 20.32908 ], [ 75.19717, 20.32656 ], [ 75.19902, 20.32512 ], [ 75.20048, 20.32488 ], [ 75.20237, 20.32588 ], [ 75.20314, 20.32348 ], [ 75.20634, 20.32393 ], [ 75.20997, 20.31922 ], [ 75.21289, 20.3189 ], [ 75.21852, 20.31916 ], [ 75.21802, 20.32279 ], [ 75.2198, 20.32576 ], [ 75.22001, 20.32486 ], [ 75.22234, 20.32344 ], [ 75.22443, 20.32353 ], [ 75.22463, 20.32598 ], [ 75.2266, 20.32531 ], [ 75.22652, 20.32059 ], [ 75.23608, 20.323 ], [ 75.23904, 20.32496 ], [ 75.23944, 20.32985 ], [ 75.24154, 20.32979 ], [ 75.24217, 20.32693 ], [ 75.24513, 20.32584 ], [ 75.24481, 20.32263 ], [ 75.24677, 20.31587 ], [ 75.24962, 20.31372 ], [ 75.25186, 20.31412 ], [ 75.25015, 20.32226 ], [ 75.24892, 20.32434 ], [ 75.2504, 20.32684 ], [ 75.25043, 20.32943 ], [ 75.24828, 20.33055 ], [ 75.24613, 20.33472 ], [ 75.24381, 20.33583 ], [ 75.24094, 20.33524 ], [ 75.23701, 20.33324 ], [ 75.23458, 20.33328 ], [ 75.23402, 20.33173 ], [ 75.23245, 20.3309 ], [ 75.23128, 20.33161 ], [ 75.2297, 20.33093 ], [ 75.22789, 20.33161 ], [ 75.22749, 20.33326 ], [ 75.23012, 20.33856 ], [ 75.23028, 20.34176 ], [ 75.22902, 20.34429 ], [ 75.22699, 20.34298 ], [ 75.22443, 20.34256 ], [ 75.22212, 20.34352 ], [ 75.21964, 20.34158 ], [ 75.21606, 20.34218 ], [ 75.21448, 20.34454 ], [ 75.21715, 20.34923 ], [ 75.21565, 20.35023 ], [ 75.21289, 20.35056 ], [ 75.20984, 20.35012 ], [ 75.20268, 20.34507 ], [ 75.20035, 20.34634 ], [ 75.19925, 20.34887 ], [ 75.19627, 20.34722 ], [ 75.19385, 20.34726 ], [ 75.19219, 20.34825 ], [ 75.19209, 20.35007 ], [ 75.1948, 20.354 ], [ 75.20055, 20.35502 ], [ 75.20081, 20.35625 ], [ 75.19809, 20.35902 ], [ 75.19386, 20.35974 ], [ 75.19196, 20.35889 ], [ 75.18968, 20.35924 ], [ 75.18832, 20.36375 ], [ 75.18556, 20.36728 ], [ 75.1847, 20.3715 ], [ 75.1868, 20.37144 ], [ 75.18836, 20.37243 ], [ 75.18841, 20.37471 ], [ 75.19179, 20.37487 ], [ 75.19358, 20.37449 ], [ 75.19566, 20.37169 ], [ 75.1977, 20.373 ], [ 75.19787, 20.3759 ], [ 75.20157, 20.37622 ], [ 75.20734, 20.37375 ], [ 75.20841, 20.36862 ], [ 75.21069, 20.36827 ], [ 75.21612, 20.37247 ], [ 75.21934, 20.37262 ], [ 75.22535, 20.37517 ], [ 75.22557, 20.37716 ], [ 75.23042, 20.37693 ], [ 75.23037, 20.37799 ], [ 75.23263, 20.37794 ], [ 75.23562, 20.3732 ], [ 75.23758, 20.37268 ], [ 75.23715, 20.37799 ], [ 75.23611, 20.37932 ], [ 75.23387, 20.37906 ], [ 75.23235, 20.38021 ], [ 75.23183, 20.38414 ], [ 75.22863, 20.38354 ], [ 75.22666, 20.38421 ], [ 75.22704, 20.38621 ], [ 75.22842, 20.38764 ], [ 75.23183, 20.38734 ], [ 75.23217, 20.39025 ], [ 75.24761, 20.39125 ], [ 75.24924, 20.39741 ], [ 75.24811, 20.40056 ], [ 75.2448, 20.40528 ], [ 75.23762, 20.41318 ], [ 75.23657, 20.41785 ], [ 75.23087, 20.41881 ], [ 75.22966, 20.42043 ], [ 75.22841, 20.4228 ], [ 75.22838, 20.42646 ], [ 75.22495, 20.42721 ], [ 75.22125, 20.42689 ], [ 75.22203, 20.41795 ], [ 75.22404, 20.41667 ], [ 75.22544, 20.41445 ], [ 75.21488, 20.4158 ], [ 75.21187, 20.41459 ], [ 75.21006, 20.41208 ], [ 75.20702, 20.41163 ], [ 75.20529, 20.41384 ], [ 75.2048, 20.42021 ], [ 75.20213, 20.41872 ], [ 75.20019, 20.41893 ], [ 75.19876, 20.42161 ], [ 75.19469, 20.42218 ], [ 75.19036, 20.42473 ], [ 75.18899, 20.42619 ], [ 75.18904, 20.42847 ], [ 75.18709, 20.42869 ], [ 75.18747, 20.4182 ], [ 75.19504, 20.41855 ], [ 75.19782, 20.41776 ], [ 75.19783, 20.41137 ], [ 75.19461, 20.41122 ], [ 75.19349, 20.40782 ], [ 75.19805, 20.40392 ], [ 75.20452, 20.40056 ], [ 75.1985, 20.39831 ], [ 75.19522, 20.39618 ], [ 75.18834, 20.3948 ], [ 75.18331, 20.39853 ], [ 75.17908, 20.3991 ], [ 75.17699, 20.40524 ], [ 75.17559, 20.40746 ], [ 75.17324, 20.40903 ], [ 75.17341, 20.40584 ], [ 75.17711, 20.39672 ], [ 75.17231, 20.39574 ], [ 75.1642, 20.39659 ], [ 75.16171, 20.3916 ], [ 75.16031, 20.38439 ] ], [ [ 75.13104, 20.41805 ], [ 75.12156, 20.41664 ], [ 75.12101, 20.41223 ], [ 75.11168, 20.41277 ], [ 75.10738, 20.41111 ], [ 75.11036, 20.39347 ], [ 75.11397, 20.39364 ], [ 75.11722, 20.39573 ], [ 75.12041, 20.39393 ], [ 75.12419, 20.39581 ], [ 75.12854, 20.3965 ], [ 75.12849, 20.40259 ], [ 75.13074, 20.40391 ], [ 75.13087, 20.40635 ], [ 75.14019, 20.40605 ], [ 75.13255, 20.41398 ], [ 75.14533, 20.41651 ], [ 75.14523, 20.42357 ], [ 75.14987, 20.42865 ], [ 75.14938, 20.43326 ], [ 75.14654, 20.43313 ], [ 75.14234, 20.4344 ], [ 75.135, 20.43138 ], [ 75.12958, 20.43137 ], [ 75.12965, 20.42505 ], [ 75.13104, 20.41805 ] ] ] } },
{ "type": "Feature", "properties": { "Name": " Jaikawadi Bird Sanctuary" }, "geometry": { "type": "Polygon", "coordinates": [ [ [ 75.04272, 19.64007 ], [ 75.05381, 19.63831 ], [ 75.0569, 19.63678 ], [ 75.0595, 19.63342 ], [ 75.05465, 19.63309 ], [ 75.05405, 19.63404 ], [ 75.04239, 19.63608 ], [ 75.04272, 19.64007 ] ] ] } },
{ "type": "Feature", "properties": { "Name": " Jaikawadi Bird Sanctuary" }, "geometry": { "type": "MultiPolygon", "coordinates": [ [ [ [ 75.37628, 19.51713 ], [ 75.37613, 19.50779 ], [ 75.36895, 19.51194 ], [ 75.36527, 19.51976 ], [ 75.37114, 19.51856 ], [ 75.37028, 19.52433 ], [ 75.37115, 19.53013 ], [ 75.37301, 19.53376 ], [ 75.38084, 19.54096 ], [ 75.38462, 19.54857 ], [ 75.38809, 19.55009 ], [ 75.38822, 19.5455 ], [ 75.38507, 19.53855 ], [ 75.37771, 19.52966 ], [ 75.37512, 19.52409 ], [ 75.37628, 19.51713 ] ] ], [ [ [ 75.35447, 19.55647 ], [ 75.34886, 19.55656 ], [ 75.34936, 19.55895 ], [ 75.34822, 19.56532 ], [ 75.35028, 19.56931 ], [ 75.3496, 19.57472 ], [ 75.35059, 19.57964 ], [ 75.3543, 19.5835 ], [ 75.35038, 19.58391 ], [ 75.34554, 19.58622 ], [ 75.34355, 19.59041 ], [ 75.34574, 19.59081 ], [ 75.35675, 19.58979 ], [ 75.35846, 19.58509 ], [ 75.35846, 19.58267 ], [ 75.35803, 19.58106 ], [ 75.35509, 19.5775 ], [ 75.35447, 19.55647 ] ] ], [ [ [ 75.31483, 19.42565 ], [ 75.32292, 19.42796 ], [ 75.32625, 19.42811 ], [ 75.32889, 19.42653 ], [ 75.33034, 19.42319 ], [ 75.3335, 19.42162 ], [ 75.34834, 19.42229 ], [ 75.34841, 19.41695 ], [ 75.343, 19.41636 ], [ 75.32783, 19.4179 ], [ 75.32544, 19.42243 ], [ 75.32028, 19.42329 ], [ 75.31845, 19.42111 ], [ 75.3137, 19.42054 ], [ 75.31092, 19.42295 ], [ 75.30959, 19.42563 ], [ 75.30629, 19.42666 ], [ 75.30405, 19.42992 ], [ 75.30164, 19.43788 ], [ 75.30449, 19.43759 ], [ 75.30895, 19.43049 ], [ 75.31258, 19.42968 ], [ 75.31483, 19.42565 ] ] ], [ [ [ 75.33928, 19.57173 ], [ 75.33646, 19.57063 ], [ 75.33135, 19.57001 ], [ 75.32978, 19.56858 ], [ 75.32466, 19.56835 ], [ 75.32446, 19.55997 ], [ 75.32237, 19.55676 ], [ 75.31724, 19.55653 ], [ 75.31464, 19.55933 ], [ 75.3128, 19.56334 ], [ 75.30908, 19.56376 ], [ 75.31225, 19.56547 ], [ 75.31396, 19.5678 ], [ 75.31654, 19.56626 ], [ 75.31959, 19.56124 ], [ 75.31958, 19.56794 ], [ 75.32039, 19.57052 ], [ 75.3221, 19.57225 ], [ 75.32757, 19.57294 ], [ 75.32984, 19.57438 ], [ 75.33603, 19.57543 ], [ 75.33731, 19.57829 ], [ 75.34243, 19.57849 ], [ 75.34119, 19.57454 ], [ 75.33928, 19.57173 ] ] ], [ [ [ 75.2914, 19.46327 ], [ 75.29299, 19.46237 ], [ 75.29383, 19.46606 ], [ 75.29588, 19.46615 ], [ 75.29697, 19.46474 ], [ 75.30107, 19.47004 ], [ 75.30364, 19.46991 ], [ 75.30564, 19.46586 ], [ 75.30792, 19.46645 ], [ 75.31159, 19.47002 ], [ 75.31413, 19.47038 ], [ 75.3174, 19.46664 ], [ 75.31557, 19.46217 ], [ 75.32337, 19.46009 ], [ 75.3239, 19.44941 ], [ 75.32231, 19.44545 ], [ 75.3201, 19.4434 ], [ 75.31682, 19.44228 ], [ 75.31146, 19.4418 ], [ 75.30922, 19.44048 ], [ 75.3066, 19.44434 ], [ 75.31175, 19.44695 ], [ 75.31626, 19.44741 ], [ 75.31845, 19.452 ], [ 75.31807, 19.45642 ], [ 75.31259, 19.45856 ], [ 75.31076, 19.46169 ], [ 75.30517, 19.46073 ], [ 75.30274, 19.46219 ], [ 75.30103, 19.46096 ], [ 75.29723, 19.46016 ], [ 75.29477, 19.4581 ], [ 75.29155, 19.45799 ], [ 75.2876, 19.46043 ], [ 75.28448, 19.46621 ], [ 75.2814, 19.46709 ], [ 75.28103, 19.46585 ], [ 75.2866, 19.45723 ], [ 75.28716, 19.45475 ], [ 75.28529, 19.45145 ], [ 75.28149, 19.45052 ], [ 75.27961, 19.44705 ], [ 75.27668, 19.44557 ], [ 75.2712, 19.44569 ], [ 75.26725, 19.44348 ], [ 75.26479, 19.44386 ], [ 75.26181, 19.44569 ], [ 75.25774, 19.44197 ], [ 75.25479, 19.44123 ], [ 75.24952, 19.44351 ], [ 75.24659, 19.44948 ], [ 75.24523, 19.44404 ], [ 75.24141, 19.44206 ], [ 75.24097, 19.43989 ], [ 75.23954, 19.43818 ], [ 75.23575, 19.43682 ], [ 75.23574, 19.43516 ], [ 75.23722, 19.43294 ], [ 75.23734, 19.42938 ], [ 75.23247, 19.42605 ], [ 75.22552, 19.42673 ], [ 75.22321, 19.42365 ], [ 75.22058, 19.42205 ], [ 75.21872, 19.41855 ], [ 75.21484, 19.41925 ], [ 75.2168, 19.42728 ], [ 75.21999, 19.43011 ], [ 75.2225, 19.43119 ], [ 75.22994, 19.43105 ], [ 75.23088, 19.43279 ], [ 75.23095, 19.44155 ], [ 75.23329, 19.44093 ], [ 75.23658, 19.44181 ], [ 75.23648, 19.44375 ], [ 75.23867, 19.44604 ], [ 75.24145, 19.4469 ], [ 75.24036, 19.45317 ], [ 75.24058, 19.45902 ], [ 75.2493, 19.45382 ], [ 75.25029, 19.44949 ], [ 75.25169, 19.44712 ], [ 75.25509, 19.44582 ], [ 75.25756, 19.44787 ], [ 75.25943, 19.45136 ], [ 75.26148, 19.45146 ], [ 75.26678, 19.44805 ], [ 75.2685, 19.44959 ], [ 75.26814, 19.45663 ], [ 75.26968, 19.4567 ], [ 75.27261, 19.4544 ], [ 75.2743, 19.45155 ], [ 75.27665, 19.45069 ], [ 75.27321, 19.45783 ], [ 75.27316, 19.4588 ], [ 75.27567, 19.45989 ], [ 75.27804, 19.45878 ], [ 75.27976, 19.45521 ], [ 75.28233, 19.45508 ], [ 75.27649, 19.46406 ], [ 75.27583, 19.46695 ], [ 75.27966, 19.47247 ], [ 75.2822, 19.47283 ], [ 75.28304, 19.47141 ], [ 75.28747, 19.47015 ], [ 75.2914, 19.46327 ] ] ], [ [ [ 75.31006, 19.57955 ], [ 75.31171, 19.57665 ], [ 75.30706, 19.57534 ], [ 75.30528, 19.57818 ], [ 75.3041, 19.58514 ], [ 75.30106, 19.58442 ], [ 75.2999, 19.583 ], [ 75.30136, 19.56613 ], [ 75.30351, 19.5602 ], [ 75.30791, 19.55436 ], [ 75.30611, 19.53696 ], [ 75.30124, 19.53576 ], [ 75.29976, 19.54076 ], [ 75.29751, 19.54066 ], [ 75.29674, 19.53965 ], [ 75.29371, 19.53854 ], [ 75.29101, 19.53919 ], [ 75.28165, 19.54578 ], [ 75.28168, 19.54111 ], [ 75.2791, 19.53515 ], [ 75.27446, 19.53358 ], [ 75.2728, 19.53389 ], [ 75.27188, 19.5358 ], [ 75.27095, 19.54426 ], [ 75.2681, 19.54671 ], [ 75.26549, 19.5507 ], [ 75.264, 19.55489 ], [ 75.26474, 19.56557 ], [ 75.26228, 19.56667 ], [ 75.25746, 19.55733 ], [ 75.25475, 19.5569 ], [ 75.25196, 19.55815 ], [ 75.25535, 19.55996 ], [ 75.26163, 19.56695 ], [ 75.26505, 19.56829 ], [ 75.2669, 19.57058 ], [ 75.26919, 19.56843 ], [ 75.2689, 19.5555 ], [ 75.27186, 19.54968 ], [ 75.27532, 19.54624 ], [ 75.2764, 19.54105 ], [ 75.27721, 19.54762 ], [ 75.27876, 19.54947 ], [ 75.28088, 19.55031 ], [ 75.28406, 19.54976 ], [ 75.29313, 19.54342 ], [ 75.29675, 19.54519 ], [ 75.30223, 19.54471 ], [ 75.30301, 19.55296 ], [ 75.29918, 19.55813 ], [ 75.29664, 19.5651 ], [ 75.2951, 19.58361 ], [ 75.29802, 19.588 ], [ 75.30315, 19.58964 ], [ 75.30669, 19.58902 ], [ 75.30878, 19.58635 ], [ 75.31006, 19.57955 ] ] ], [ [ [ 75.23362, 19.58377 ], [ 75.2377, 19.58395 ], [ 75.24099, 19.5826 ], [ 75.24195, 19.57622 ], [ 75.24723, 19.57797 ], [ 75.25051, 19.57757 ], [ 75.25307, 19.57649 ], [ 75.25503, 19.57428 ], [ 75.25796, 19.57325 ], [ 75.25849, 19.57004 ], [ 75.25678, 19.56561 ], [ 75.25388, 19.56462 ], [ 75.25545, 19.56849 ], [ 75.25491, 19.56968 ], [ 75.25113, 19.5683 ], [ 75.24911, 19.57003 ], [ 75.2502, 19.57403 ], [ 75.24761, 19.57437 ], [ 75.24461, 19.57347 ], [ 75.24199, 19.57138 ], [ 75.24005, 19.57159 ], [ 75.23824, 19.57881 ], [ 75.23409, 19.57847 ], [ 75.23289, 19.57674 ], [ 75.23078, 19.57726 ], [ 75.22948, 19.58069 ], [ 75.22818, 19.58109 ], [ 75.22616, 19.57659 ], [ 75.22277, 19.57704 ], [ 75.22248, 19.58194 ], [ 75.22545, 19.58525 ], [ 75.2296, 19.58655 ], [ 75.23362, 19.58377 ] ] ], [ [ [ 75.22005, 19.58738 ], [ 75.21565, 19.58767 ], [ 75.21413, 19.58912 ], [ 75.21404, 19.59094 ], [ 75.21782, 19.59552 ], [ 75.21912, 19.60136 ], [ 75.22899, 19.60303 ], [ 75.23101, 19.60434 ], [ 75.23278, 19.61689 ], [ 75.23655, 19.63425 ], [ 75.23686, 19.64095 ], [ 75.23618, 19.64472 ], [ 75.23446, 19.64708 ], [ 75.23054, 19.64842 ], [ 75.22816, 19.65424 ], [ 75.22359, 19.65571 ], [ 75.22355, 19.65786 ], [ 75.21924, 19.65884 ], [ 75.21969, 19.66066 ], [ 75.2237, 19.66485 ], [ 75.22534, 19.66555 ], [ 75.2289, 19.66387 ], [ 75.23187, 19.65604 ], [ 75.2344, 19.65198 ], [ 75.23455, 19.64849 ], [ 75.23633, 19.64737 ], [ 75.24055, 19.64671 ], [ 75.2417, 19.64117 ], [ 75.2414, 19.63405 ], [ 75.23541, 19.60241 ], [ 75.23096, 19.59883 ], [ 75.22309, 19.59728 ], [ 75.22005, 19.58738 ] ] ], [ [ [ 75.17652, 19.57823 ], [ 75.17079, 19.5697 ], [ 75.17014, 19.56237 ], [ 75.16228, 19.56055 ], [ 75.15952, 19.5592 ], [ 75.16057, 19.5539 ], [ 75.17028, 19.55459 ], [ 75.17878, 19.55401 ], [ 75.1797, 19.55113 ], [ 75.175, 19.54775 ], [ 75.17657, 19.54709 ], [ 75.18014, 19.5475 ], [ 75.18051, 19.55043 ], [ 75.18276, 19.55151 ], [ 75.18597, 19.54898 ], [ 75.18778, 19.54882 ], [ 75.18792, 19.55102 ], [ 75.18938, 19.55254 ], [ 75.19246, 19.55269 ], [ 75.19514, 19.55038 ], [ 75.20058, 19.54941 ], [ 75.2072, 19.54533 ], [ 75.20884, 19.54346 ], [ 75.20795, 19.54074 ], [ 75.20573, 19.53894 ], [ 75.19605, 19.53752 ], [ 75.19163, 19.53367 ], [ 75.18703, 19.53321 ], [ 75.18689, 19.53102 ], [ 75.19075, 19.53071 ], [ 75.19246, 19.52738 ], [ 75.1954, 19.52508 ], [ 75.20034, 19.52385 ], [ 75.2093, 19.52426 ], [ 75.21502, 19.52282 ], [ 75.22042, 19.52258 ], [ 75.22602, 19.52356 ], [ 75.22835, 19.52318 ], [ 75.23387, 19.52051 ], [ 75.23319, 19.51878 ], [ 75.23547, 19.50915 ], [ 75.23021, 19.50672 ], [ 75.22661, 19.50169 ], [ 75.22647, 19.4995 ], [ 75.22401, 19.49744 ], [ 75.22004, 19.49482 ], [ 75.21562, 19.49584 ], [ 75.20883, 19.49309 ], [ 75.20165, 19.48303 ], [ 75.19388, 19.47951 ], [ 75.19329, 19.47584 ], [ 75.19385, 19.46492 ], [ 75.19426, 19.46201 ], [ 75.19659, 19.45653 ], [ 75.19587, 19.45041 ], [ 75.2026, 19.45437 ], [ 75.20274, 19.45146 ], [ 75.19853, 19.44859 ], [ 75.19456, 19.436 ], [ 75.19413, 19.42916 ], [ 75.19046, 19.42583 ], [ 75.1918, 19.42468 ], [ 75.19434, 19.42504 ], [ 75.19475, 19.42214 ], [ 75.19334, 19.41964 ], [ 75.18704, 19.41741 ], [ 75.18708, 19.41668 ], [ 75.193, 19.41622 ], [ 75.19503, 19.40658 ], [ 75.19488, 19.40438 ], [ 75.19221, 19.40159 ], [ 75.19188, 19.39792 ], [ 75.19412, 19.39924 ], [ 75.19452, 19.40145 ], [ 75.19606, 19.40152 ], [ 75.19746, 19.39915 ], [ 75.19457, 19.39537 ], [ 75.19363, 19.38876 ], [ 75.19565, 19.38934 ], [ 75.19741, 19.39501 ], [ 75.19869, 19.39507 ], [ 75.20004, 19.39367 ], [ 75.20042, 19.39126 ], [ 75.2018, 19.38938 ], [ 75.20283, 19.39429 ], [ 75.20549, 19.39757 ], [ 75.2103, 19.39706 ], [ 75.20739, 19.39238 ], [ 75.20592, 19.38697 ], [ 75.20247, 19.38483 ], [ 75.19875, 19.38581 ], [ 75.19295, 19.38421 ], [ 75.1895, 19.38636 ], [ 75.18872, 19.39008 ], [ 75.18938, 19.39399 ], [ 75.18756, 19.39585 ], [ 75.18673, 19.39899 ], [ 75.18777, 19.40342 ], [ 75.19014, 19.40625 ], [ 75.18887, 19.41193 ], [ 75.18442, 19.41284 ], [ 75.18229, 19.416 ], [ 75.18241, 19.41873 ], [ 75.18371, 19.42074 ], [ 75.18982, 19.42293 ], [ 75.18905, 19.42613 ], [ 75.18565, 19.42635 ], [ 75.18661, 19.42862 ], [ 75.18981, 19.43169 ], [ 75.18979, 19.43678 ], [ 75.19188, 19.44374 ], [ 75.19112, 19.44955 ], [ 75.19159, 19.45633 ], [ 75.18959, 19.4608 ], [ 75.18902, 19.4646 ], [ 75.18845, 19.47589 ], [ 75.18911, 19.4803 ], [ 75.19099, 19.4832 ], [ 75.19872, 19.4869 ], [ 75.19925, 19.49347 ], [ 75.2011, 19.49565 ], [ 75.20512, 19.49696 ], [ 75.2079, 19.49696 ], [ 75.2093, 19.49886 ], [ 75.21764, 19.50498 ], [ 75.22305, 19.50454 ], [ 75.22707, 19.50906 ], [ 75.22831, 19.51314 ], [ 75.22415, 19.51856 ], [ 75.2202, 19.51799 ], [ 75.21434, 19.51827 ], [ 75.20878, 19.51964 ], [ 75.19928, 19.51937 ], [ 75.19307, 19.52106 ], [ 75.18891, 19.52426 ], [ 75.18774, 19.52634 ], [ 75.18508, 19.52676 ], [ 75.18321, 19.52803 ], [ 75.18204, 19.53107 ], [ 75.18234, 19.53436 ], [ 75.18343, 19.53628 ], [ 75.1857, 19.53763 ], [ 75.18989, 19.53811 ], [ 75.19417, 19.54175 ], [ 75.20144, 19.5432 ], [ 75.19864, 19.54488 ], [ 75.19212, 19.54679 ], [ 75.18901, 19.54438 ], [ 75.18404, 19.54477 ], [ 75.18157, 19.54311 ], [ 75.17589, 19.54254 ], [ 75.17097, 19.5452 ], [ 75.17015, 19.54762 ], [ 75.17075, 19.54995 ], [ 75.16007, 19.54933 ], [ 75.15654, 19.55135 ], [ 75.15473, 19.55852 ], [ 75.15516, 19.56121 ], [ 75.15663, 19.56289 ], [ 75.16006, 19.56463 ], [ 75.16467, 19.56581 ], [ 75.16524, 19.57112 ], [ 75.16911, 19.57723 ], [ 75.17173, 19.57977 ], [ 75.17174, 19.58189 ], [ 75.16907, 19.58215 ], [ 75.16863, 19.58672 ], [ 75.17247, 19.58705 ], [ 75.17646, 19.58431 ], [ 75.17652, 19.57823 ] ] ], [ [ [ 75.22815, 19.39635 ], [ 75.22645, 19.39488 ], [ 75.22335, 19.3938 ], [ 75.22072, 19.39426 ], [ 75.21312, 19.40165 ], [ 75.20625, 19.40272 ], [ 75.20774, 19.40862 ], [ 75.20897, 19.40965 ], [ 75.21133, 19.40879 ], [ 75.21878, 19.40329 ], [ 75.22288, 19.39837 ], [ 75.22413, 19.39891 ], [ 75.21789, 19.41079 ], [ 75.21548, 19.41287 ], [ 75.21934, 19.41462 ], [ 75.22182, 19.41476 ], [ 75.22321, 19.41141 ], [ 75.22321, 19.40601 ], [ 75.22691, 19.40375 ], [ 75.22894, 19.3984 ], [ 75.22815, 19.39635 ] ] ], [ [ [ 75.19069, 19.64181 ], [ 75.18713, 19.63327 ], [ 75.18704, 19.62901 ], [ 75.19291, 19.64176 ], [ 75.1947, 19.64365 ], [ 75.19728, 19.64435 ], [ 75.19969, 19.64373 ], [ 75.20581, 19.63741 ], [ 75.20858, 19.64201 ], [ 75.21572, 19.64469 ], [ 75.21804, 19.65053 ], [ 75.22278, 19.64944 ], [ 75.21951, 19.64123 ], [ 75.21162, 19.63843 ], [ 75.21046, 19.6361 ], [ 75.21006, 19.63136 ], [ 75.20595, 19.62996 ], [ 75.20285, 19.63103 ], [ 75.20237, 19.63405 ], [ 75.19727, 19.63975 ], [ 75.19077, 19.62561 ], [ 75.18985, 19.61842 ], [ 75.18779, 19.61787 ], [ 75.18486, 19.61865 ], [ 75.18334, 19.62025 ], [ 75.18211, 19.62537 ], [ 75.1823, 19.6342 ], [ 75.18602, 19.64304 ], [ 75.18675, 19.64764 ], [ 75.18378, 19.64613 ], [ 75.18174, 19.64208 ], [ 75.17496, 19.63645 ], [ 75.17049, 19.6329 ], [ 75.16811, 19.63233 ], [ 75.16397, 19.63488 ], [ 75.15863, 19.6357 ], [ 75.15632, 19.63681 ], [ 75.15402, 19.64111 ], [ 75.15096, 19.64432 ], [ 75.1476, 19.64736 ], [ 75.14668, 19.6464 ], [ 75.14593, 19.65182 ], [ 75.14857, 19.65186 ], [ 75.1508, 19.6508 ], [ 75.15776, 19.64403 ], [ 75.15993, 19.64022 ], [ 75.1655, 19.63924 ], [ 75.16879, 19.63754 ], [ 75.17779, 19.64491 ], [ 75.17992, 19.64892 ], [ 75.18311, 19.65142 ], [ 75.18637, 19.65222 ], [ 75.18883, 19.65179 ], [ 75.19084, 19.65011 ], [ 75.1916, 19.64767 ], [ 75.19069, 19.64181 ] ] ], [ [ [ 75.13113, 19.58709 ], [ 75.13558, 19.58559 ], [ 75.13684, 19.58103 ], [ 75.13931, 19.58285 ], [ 75.14511, 19.57995 ], [ 75.14582, 19.5812 ], [ 75.14815, 19.58082 ], [ 75.14989, 19.58187 ], [ 75.15107, 19.58388 ], [ 75.15724, 19.58367 ], [ 75.16115, 19.58264 ], [ 75.16279, 19.58563 ], [ 75.16346, 19.5786 ], [ 75.16085, 19.57805 ], [ 75.15399, 19.57918 ], [ 75.15365, 19.57694 ], [ 75.15257, 19.57592 ], [ 75.14539, 19.57537 ], [ 75.14313, 19.57576 ], [ 75.14013, 19.57764 ], [ 75.13789, 19.57655 ], [ 75.1354, 19.57664 ], [ 75.1327, 19.57863 ], [ 75.13194, 19.58195 ], [ 75.12816, 19.58347 ], [ 75.12638, 19.58618 ], [ 75.12236, 19.58681 ], [ 75.1179, 19.59015 ], [ 75.11008, 19.58955 ], [ 75.10972, 19.59413 ], [ 75.11893, 19.5948 ], [ 75.12314, 19.59281 ], [ 75.12452, 19.59092 ], [ 75.13046, 19.59022 ], [ 75.13113, 19.58709 ] ] ], [ [ [ 75.14616, 19.62843 ], [ 75.1445, 19.62957 ], [ 75.14359, 19.63151 ], [ 75.14322, 19.64198 ], [ 75.13599, 19.65443 ], [ 75.14304, 19.65366 ], [ 75.14616, 19.63888 ], [ 75.15068, 19.63724 ], [ 75.1525, 19.62994 ], [ 75.15096, 19.62865 ], [ 75.14616, 19.62843 ] ] ], [ [ [ 75.12274, 19.67847 ], [ 75.12553, 19.67507 ], [ 75.12877, 19.6774 ], [ 75.12723, 19.68371 ], [ 75.12761, 19.68604 ], [ 75.12916, 19.68789 ], [ 75.13179, 19.68908 ], [ 75.1359, 19.68973 ], [ 75.13875, 19.6887 ], [ 75.14117, 19.68579 ], [ 75.14252, 19.68053 ], [ 75.14216, 19.67387 ], [ 75.14104, 19.67157 ], [ 75.13932, 19.65842 ], [ 75.13601, 19.65842 ], [ 75.13598, 19.67344 ], [ 75.13737, 19.67457 ], [ 75.13774, 19.67975 ], [ 75.13672, 19.68397 ], [ 75.1357, 19.68514 ], [ 75.13205, 19.68421 ], [ 75.13367, 19.67774 ], [ 75.13347, 19.6753 ], [ 75.12822, 19.67125 ], [ 75.12768, 19.66621 ], [ 75.1261, 19.66568 ], [ 75.12368, 19.66587 ], [ 75.122, 19.66747 ], [ 75.12087, 19.6738 ], [ 75.11783, 19.67655 ], [ 75.11794, 19.68066 ], [ 75.11671, 19.68593 ], [ 75.11196, 19.68769 ], [ 75.11021, 19.68746 ], [ 75.10921, 19.68498 ], [ 75.11048, 19.68214 ], [ 75.11332, 19.67999 ], [ 75.11236, 19.67371 ], [ 75.11043, 19.67073 ], [ 75.11444, 19.66149 ], [ 75.11404, 19.6598 ], [ 75.10756, 19.65478 ], [ 75.11158, 19.65147 ], [ 75.11859, 19.64951 ], [ 75.1237, 19.64686 ], [ 75.13336, 19.64016 ], [ 75.12903, 19.62749 ], [ 75.1291, 19.62308 ], [ 75.13178, 19.62092 ], [ 75.13268, 19.61594 ], [ 75.13095, 19.6151 ], [ 75.12803, 19.61588 ], [ 75.11861, 19.62412 ], [ 75.11868, 19.62899 ], [ 75.11543, 19.62975 ], [ 75.11495, 19.62668 ], [ 75.11063, 19.62648 ], [ 75.10877, 19.63142 ], [ 75.10194, 19.63612 ], [ 75.09898, 19.63446 ], [ 75.09165, 19.62712 ], [ 75.08947, 19.6258 ], [ 75.08786, 19.62603 ], [ 75.08301, 19.6328 ], [ 75.08214, 19.64037 ], [ 75.07931, 19.64526 ], [ 75.07479, 19.64885 ], [ 75.07109, 19.65841 ], [ 75.06886, 19.65496 ], [ 75.06953, 19.6451 ], [ 75.06683, 19.64452 ], [ 75.06116, 19.64867 ], [ 75.06099, 19.64562 ], [ 75.06376, 19.64179 ], [ 75.07105, 19.63742 ], [ 75.07118, 19.63195 ], [ 75.06472, 19.62648 ], [ 75.06755, 19.62448 ], [ 75.07147, 19.62314 ], [ 75.0743, 19.62114 ], [ 75.07454, 19.61963 ], [ 75.06807, 19.61751 ], [ 75.06279, 19.61726 ], [ 75.05759, 19.61839 ], [ 75.05493, 19.62328 ], [ 75.05526, 19.62833 ], [ 75.06027, 19.62831 ], [ 75.06659, 19.63466 ], [ 75.06049, 19.6384 ], [ 75.05693, 19.64311 ], [ 75.05616, 19.6453 ], [ 75.05646, 19.64981 ], [ 75.05755, 19.65174 ], [ 75.05963, 19.65303 ], [ 75.06193, 19.6532 ], [ 75.06418, 19.65226 ], [ 75.06458, 19.65713 ], [ 75.06761, 19.66161 ], [ 75.07051, 19.66297 ], [ 75.07316, 19.66256 ], [ 75.07527, 19.66073 ], [ 75.07921, 19.65133 ], [ 75.08318, 19.64803 ], [ 75.0865, 19.64236 ], [ 75.08777, 19.63454 ], [ 75.08992, 19.63203 ], [ 75.09624, 19.63825 ], [ 75.10024, 19.64042 ], [ 75.10291, 19.64062 ], [ 75.11297, 19.6337 ], [ 75.11602, 19.63431 ], [ 75.12158, 19.63267 ], [ 75.12327, 19.63047 ], [ 75.12349, 19.6261 ], [ 75.12422, 19.62547 ], [ 75.12434, 19.62863 ], [ 75.1277, 19.63839 ], [ 75.11672, 19.64525 ], [ 75.10876, 19.64774 ], [ 75.10388, 19.65179 ], [ 75.10271, 19.65465 ], [ 75.10382, 19.65771 ], [ 75.10923, 19.66203 ], [ 75.10563, 19.67005 ], [ 75.10584, 19.67223 ], [ 75.10841, 19.67783 ], [ 75.10625, 19.67991 ], [ 75.10338, 19.68667 ], [ 75.10412, 19.69059 ], [ 75.1065, 19.69199 ], [ 75.10991, 19.69269 ], [ 75.11878, 19.69008 ], [ 75.12116, 19.68776 ], [ 75.12274, 19.67847 ] ] ], [ [ [ 75.03097, 19.62209 ], [ 75.02807, 19.61855 ], [ 75.02313, 19.61491 ], [ 75.02249, 19.61245 ], [ 75.02331, 19.61151 ], [ 75.0285, 19.61541 ], [ 75.03276, 19.61731 ], [ 75.03658, 19.61798 ], [ 75.03819, 19.61659 ], [ 75.03756, 19.61388 ], [ 75.03814, 19.61269 ], [ 75.04228, 19.61216 ], [ 75.04291, 19.60975 ], [ 75.04125, 19.60724 ], [ 75.03598, 19.60481 ], [ 75.03556, 19.60308 ], [ 75.03639, 19.60191 ], [ 75.03972, 19.60206 ], [ 75.04904, 19.61053 ], [ 75.05291, 19.61022 ], [ 75.05356, 19.60758 ], [ 75.05739, 19.608 ], [ 75.05625, 19.60016 ], [ 75.05636, 19.59822 ], [ 75.05793, 19.59756 ], [ 75.06164, 19.60528 ], [ 75.06485, 19.60762 ], [ 75.0874, 19.60867 ], [ 75.09382, 19.60361 ], [ 75.10278, 19.59916 ], [ 75.10493, 19.59732 ], [ 75.10011, 19.59526 ], [ 75.09116, 19.59977 ], [ 75.08575, 19.60399 ], [ 75.0666, 19.6031 ], [ 75.06555, 19.60233 ], [ 75.06206, 19.59515 ], [ 75.06025, 19.59353 ], [ 75.05827, 19.59675 ], [ 75.0558, 19.59675 ], [ 75.05308, 19.59483 ], [ 75.05268, 19.59522 ], [ 75.05154, 19.59771 ], [ 75.05163, 19.60336 ], [ 75.04962, 19.6049 ], [ 75.04204, 19.59803 ], [ 75.03477, 19.59758 ], [ 75.03259, 19.59905 ], [ 75.03074, 19.60258 ], [ 75.0318, 19.60713 ], [ 75.0348, 19.60937 ], [ 75.033, 19.61234 ], [ 75.02379, 19.60694 ], [ 75.02049, 19.60778 ], [ 75.01793, 19.61087 ], [ 75.01768, 19.61304 ], [ 75.01895, 19.61724 ], [ 75.02586, 19.62334 ], [ 75.02398, 19.62417 ], [ 75.02182, 19.62396 ], [ 75.008, 19.61175 ], [ 75.00792, 19.61769 ], [ 75.01986, 19.62838 ], [ 75.02471, 19.62886 ], [ 75.03022, 19.62668 ], [ 75.03097, 19.62209 ] ] ], [ [ [ 74.97681, 19.65886 ], [ 74.98474, 19.65492 ], [ 74.98755, 19.65083 ], [ 74.99176, 19.64665 ], [ 75.0057, 19.64254 ], [ 75.00962, 19.64281 ], [ 75.01955, 19.64017 ], [ 75.02645, 19.64281 ], [ 75.02677, 19.63783 ], [ 75.0217, 19.63557 ], [ 75.01865, 19.63557 ], [ 75.00872, 19.6383 ], [ 75.00521, 19.63783 ], [ 74.99295, 19.64197 ], [ 74.98893, 19.64224 ], [ 74.98683, 19.64548 ], [ 74.98382, 19.64777 ], [ 74.98154, 19.65147 ], [ 74.97792, 19.65253 ], [ 74.97213, 19.65635 ], [ 74.97155, 19.66423 ], [ 74.95976, 19.66565 ], [ 74.95694, 19.66126 ], [ 74.95478, 19.65963 ], [ 74.95557, 19.66797 ], [ 74.95823, 19.67001 ], [ 74.96303, 19.67037 ], [ 74.97271, 19.66869 ], [ 74.97475, 19.66768 ], [ 74.97607, 19.66589 ], [ 74.97681, 19.65886 ] ] ], [ [ [ 74.89095, 19.67085 ], [ 74.89134, 19.6588 ], [ 74.89803, 19.66121 ], [ 74.90609, 19.6663 ], [ 74.90744, 19.67022 ], [ 74.91201, 19.67303 ], [ 74.91542, 19.67277 ], [ 74.91914, 19.66977 ], [ 74.92044, 19.67026 ], [ 74.91975, 19.66506 ], [ 74.91807, 19.66443 ], [ 74.91335, 19.66862 ], [ 74.91118, 19.6673 ], [ 74.91127, 19.66547 ], [ 74.90949, 19.6628 ], [ 74.90047, 19.6572 ], [ 74.89387, 19.6546 ], [ 74.88859, 19.65358 ], [ 74.8866, 19.65532 ], [ 74.8861, 19.67081 ], [ 74.89095, 19.67085 ] ] ], [ [ [ 74.88035, 19.67023 ], [ 74.86643, 19.66333 ], [ 74.86587, 19.66178 ], [ 74.86706, 19.66047 ], [ 74.87907, 19.66409 ], [ 74.88118, 19.66373 ], [ 74.88229, 19.6609 ], [ 74.88198, 19.65769 ], [ 74.87909, 19.65177 ], [ 74.87887, 19.64978 ], [ 74.88023, 19.64832 ], [ 74.88263, 19.64859 ], [ 74.88396, 19.64774 ], [ 74.88413, 19.64151 ], [ 74.88711, 19.64205 ], [ 74.88798, 19.64501 ], [ 74.89168, 19.64786 ], [ 74.90185, 19.64981 ], [ 74.90833, 19.65352 ], [ 74.91471, 19.65432 ], [ 74.9181, 19.6535 ], [ 74.92292, 19.64984 ], [ 74.92233, 19.6464 ], [ 74.92042, 19.64364 ], [ 74.92053, 19.64145 ], [ 74.92169, 19.63907 ], [ 74.92356, 19.6377 ], [ 74.92585, 19.63805 ], [ 74.92763, 19.64325 ], [ 74.93315, 19.6457 ], [ 74.93474, 19.64967 ], [ 74.93714, 19.65295 ], [ 74.95232, 19.65245 ], [ 74.96062, 19.6509 ], [ 74.97553, 19.64577 ], [ 74.9772, 19.64341 ], [ 74.97396, 19.64155 ], [ 74.97037, 19.64138 ], [ 74.97047, 19.63944 ], [ 74.97982, 19.63745 ], [ 74.98333, 19.63421 ], [ 74.98649, 19.6329 ], [ 74.99034, 19.63284 ], [ 75.00073, 19.62578 ], [ 75.00103, 19.61996 ], [ 74.99565, 19.6197 ], [ 74.98578, 19.62678 ], [ 74.97502, 19.62627 ], [ 74.95315, 19.62694 ], [ 74.95556, 19.60564 ], [ 74.9578, 19.60696 ], [ 74.95885, 19.61139 ], [ 74.95725, 19.62227 ], [ 74.96891, 19.62039 ], [ 74.97907, 19.62257 ], [ 74.98145, 19.62122 ], [ 74.98259, 19.61422 ], [ 74.98468, 19.61359 ], [ 74.98625, 19.6178 ], [ 74.98778, 19.61811 ], [ 74.99077, 19.61485 ], [ 74.99447, 19.61283 ], [ 74.99909, 19.61305 ], [ 75.00279, 19.61447 ], [ 75.00306, 19.60962 ], [ 74.99976, 19.6085 ], [ 74.99399, 19.60826 ], [ 74.98851, 19.61078 ], [ 74.98647, 19.60932 ], [ 74.98381, 19.60907 ], [ 74.97879, 19.61137 ], [ 74.9768, 19.61729 ], [ 74.9692, 19.6158 ], [ 74.96344, 19.61648 ], [ 74.96365, 19.6107 ], [ 74.96172, 19.60425 ], [ 74.95662, 19.60116 ], [ 74.95432, 19.6012 ], [ 74.95229, 19.60225 ], [ 74.95077, 19.60495 ], [ 74.94833, 19.62644 ], [ 74.94954, 19.63 ], [ 74.95163, 19.6313 ], [ 74.9545, 19.6316 ], [ 74.97976, 19.63109 ], [ 74.9773, 19.63337 ], [ 74.96735, 19.63593 ], [ 74.96568, 19.63876 ], [ 74.96619, 19.64371 ], [ 74.9595, 19.64756 ], [ 74.93885, 19.64698 ], [ 74.93656, 19.64244 ], [ 74.93155, 19.63992 ], [ 74.92926, 19.63479 ], [ 74.92424, 19.63315 ], [ 74.92107, 19.63376 ], [ 74.91746, 19.63683 ], [ 74.91704, 19.64016 ], [ 74.91807, 19.64916 ], [ 74.91544, 19.65018 ], [ 74.91143, 19.65018 ], [ 74.90365, 19.64554 ], [ 74.894, 19.64373 ], [ 74.89224, 19.64237 ], [ 74.89066, 19.63891 ], [ 74.88739, 19.63701 ], [ 74.88181, 19.63748 ], [ 74.87965, 19.63976 ], [ 74.87876, 19.64451 ], [ 74.87458, 19.64534 ], [ 74.87216, 19.64782 ], [ 74.8715, 19.65218 ], [ 74.8742, 19.65761 ], [ 74.86793, 19.65595 ], [ 74.86526, 19.6562 ], [ 74.86184, 19.65922 ], [ 74.86106, 19.66237 ], [ 74.86206, 19.66533 ], [ 74.86353, 19.66701 ], [ 74.87864, 19.67453 ], [ 74.88226, 19.67505 ], [ 74.88234, 19.67043 ], [ 74.88035, 19.67023 ] ] ], [ [ [ 74.92825, 19.67158 ], [ 74.93022, 19.67158 ], [ 74.93202, 19.67041 ], [ 74.93371, 19.66287 ], [ 74.93751, 19.6628 ], [ 74.93776, 19.65821 ], [ 74.93285, 19.65816 ], [ 74.92957, 19.65965 ], [ 74.92783, 19.66809 ], [ 74.92825, 19.67158 ] ] ], [ [ [ 74.94907, 19.65949 ], [ 74.94431, 19.6602 ], [ 74.94441, 19.66422 ], [ 74.94869, 19.6642 ], [ 74.94907, 19.65949 ] ] ] ] } },
{ "type": "Feature", "properties": { "Name": "Tungareshwar WLS" }, "geometry": { "type": "Polygon", "coordinates": [ [ [ 72.87031, 19.48646 ], [ 72.87061, 19.48782 ], [ 72.86922, 19.48919 ], [ 72.8694, 19.49043 ], [ 72.8679, 19.4931 ], [ 72.87043, 19.49514 ], [ 72.86994, 19.4927 ], [ 72.87488, 19.4876 ], [ 72.87602, 19.48538 ], [ 72.87566, 19.48459 ], [ 72.87193, 19.48737 ], [ 72.87031, 19.48567 ], [ 72.87446, 19.48141 ], [ 72.87554, 19.4813 ], [ 72.87247, 19.47909 ], [ 72.87404, 19.47171 ], [ 72.8762, 19.46988 ], [ 72.87663, 19.4712 ], [ 72.87777, 19.46989 ], [ 72.87945, 19.46984 ], [ 72.87945, 19.4712 ], [ 72.88048, 19.47142 ], [ 72.88084, 19.47279 ], [ 72.88251, 19.47325 ], [ 72.88216, 19.47476 ], [ 72.88073, 19.47555 ], [ 72.88127, 19.47594 ], [ 72.88263, 19.4746 ], [ 72.88289, 19.47188 ], [ 72.88668, 19.46933 ], [ 72.88824, 19.46933 ], [ 72.88812, 19.4713 ], [ 72.88605, 19.47156 ], [ 72.88647, 19.47285 ], [ 72.88761, 19.47273 ], [ 72.88963, 19.47022 ], [ 72.89464, 19.46955 ], [ 72.8919, 19.47241 ], [ 72.89612, 19.47404 ], [ 72.8982, 19.47353 ], [ 72.90272, 19.47835 ], [ 72.90266, 19.47644 ], [ 72.9083, 19.47577 ], [ 72.91294, 19.47006 ], [ 72.91187, 19.46832 ], [ 72.91353, 19.46715 ], [ 72.91312, 19.46474 ], [ 72.91377, 19.46401 ], [ 72.92345, 19.4653 ], [ 72.92892, 19.46322 ], [ 72.92886, 19.46647 ], [ 72.93261, 19.46681 ], [ 72.93523, 19.4658 ], [ 72.94009, 19.46025 ], [ 72.94021, 19.45689 ], [ 72.9395, 19.45633 ], [ 72.94069, 19.45161 ], [ 72.94298, 19.45169 ], [ 72.94229, 19.45017 ], [ 72.94241, 19.44703 ], [ 72.94587, 19.44712 ], [ 72.95412, 19.43252 ], [ 72.95596, 19.43269 ], [ 72.95697, 19.42815 ], [ 72.95655, 19.42664 ], [ 72.9635, 19.42042 ], [ 72.96499, 19.41997 ], [ 72.96695, 19.41638 ], [ 72.96826, 19.41694 ], [ 72.96814, 19.41845 ], [ 72.97087, 19.41873 ], [ 72.97509, 19.41767 ], [ 72.97842, 19.41554 ], [ 72.98109, 19.41173 ], [ 72.98258, 19.40612 ], [ 72.98703, 19.40293 ], [ 72.98585, 19.40074 ], [ 72.98299, 19.39817 ], [ 72.98317, 19.39755 ], [ 72.98424, 19.39766 ], [ 72.98525, 19.3957 ], [ 72.98442, 19.39234 ], [ 72.98305, 19.39155 ], [ 72.98317, 19.38982 ], [ 72.98894, 19.38819 ], [ 72.9906, 19.38987 ], [ 72.99155, 19.38668 ], [ 72.99012, 19.38371 ], [ 72.98234, 19.3813 ], [ 72.97943, 19.37894 ], [ 72.97931, 19.37261 ], [ 72.98287, 19.36773 ], [ 72.98489, 19.35887 ], [ 72.98769, 19.354 ], [ 72.98989, 19.35484 ], [ 72.98886, 19.35783 ], [ 72.9905, 19.35939 ], [ 72.98977, 19.36347 ], [ 72.99286, 19.36655 ], [ 72.99226, 19.36972 ], [ 72.99321, 19.36846 ], [ 72.99535, 19.36823 ], [ 72.99565, 19.36913 ], [ 73.00005, 19.36924 ], [ 73.00064, 19.3679 ], [ 72.99969, 19.36644 ], [ 73.00052, 19.36599 ], [ 72.99904, 19.3614 ], [ 72.9988, 19.35708 ], [ 72.99951, 19.35652 ], [ 73.00011, 19.3573 ], [ 73.00036, 19.36047 ], [ 73.00373, 19.361 ], [ 73.00594, 19.3543 ], [ 73.00171, 19.35422 ], [ 73.00124, 19.35063 ], [ 73.00195, 19.34861 ], [ 73.0009, 19.34526 ], [ 73.00147, 19.33942 ], [ 72.99988, 19.33886 ], [ 73.00161, 19.3372 ], [ 73.00151, 19.33407 ], [ 73.00007, 19.33408 ], [ 73.00012, 19.3334 ], [ 73.00368, 19.33235 ], [ 73.00387, 19.32954 ], [ 73.00075, 19.32409 ], [ 73.00061, 19.32009 ], [ 72.99881, 19.3194 ], [ 73.00081, 19.31407 ], [ 72.99784, 19.31096 ], [ 73.00091, 19.31105 ], [ 72.99983, 19.30729 ], [ 72.99665, 19.30427 ], [ 72.99451, 19.3056 ], [ 72.99513, 19.307 ], [ 72.99242, 19.30606 ], [ 72.98705, 19.29911 ], [ 72.98104, 19.30001 ], [ 72.97877, 19.30776 ], [ 72.97946, 19.31277 ], [ 72.97651, 19.31541 ], [ 72.97866, 19.32002 ], [ 72.98058, 19.31595 ], [ 72.98273, 19.31599 ], [ 72.98456, 19.32077 ], [ 72.98345, 19.32197 ], [ 72.98288, 19.32593 ], [ 72.98583, 19.32932 ], [ 72.98625, 19.33217 ], [ 72.98475, 19.33617 ], [ 72.98492, 19.33823 ], [ 72.98214, 19.33991 ], [ 72.98152, 19.34455 ], [ 72.98002, 19.34397 ], [ 72.9798, 19.34269 ], [ 72.98153, 19.33977 ], [ 72.97873, 19.33873 ], [ 72.97781, 19.33711 ], [ 72.97931, 19.33467 ], [ 72.97143, 19.33439 ], [ 72.9691, 19.32791 ], [ 72.96755, 19.32802 ], [ 72.9658, 19.32362 ], [ 72.96291, 19.32384 ], [ 72.96148, 19.32833 ], [ 72.95791, 19.32499 ], [ 72.95723, 19.32739 ], [ 72.95382, 19.33078 ], [ 72.95433, 19.33237 ], [ 72.95251, 19.33353 ], [ 72.95195, 19.33271 ], [ 72.95291, 19.33063 ], [ 72.9465, 19.31319 ], [ 72.94548, 19.31459 ], [ 72.9446, 19.31249 ], [ 72.94314, 19.31435 ], [ 72.94178, 19.31329 ], [ 72.9413, 19.3158 ], [ 72.93878, 19.31516 ], [ 72.93794, 19.31842 ], [ 72.93888, 19.31974 ], [ 72.93663, 19.32116 ], [ 72.93645, 19.32378 ], [ 72.93233, 19.33161 ], [ 72.93491, 19.32982 ], [ 72.93686, 19.3313 ], [ 72.93743, 19.33494 ], [ 72.93369, 19.34621 ], [ 72.93458, 19.35266 ], [ 72.93351, 19.35524 ], [ 72.93054, 19.35889 ], [ 72.93096, 19.36483 ], [ 72.92181, 19.35793 ], [ 72.92002, 19.35479 ], [ 72.91756, 19.35435 ], [ 72.91868, 19.35873 ], [ 72.91811, 19.36497 ], [ 72.91485, 19.36511 ], [ 72.90986, 19.36864 ], [ 72.91042, 19.37166 ], [ 72.90974, 19.37405 ], [ 72.90795, 19.37326 ], [ 72.90747, 19.37567 ], [ 72.90509, 19.37455 ], [ 72.90381, 19.37515 ], [ 72.90549, 19.37613 ], [ 72.90401, 19.3811 ], [ 72.9083, 19.38166 ], [ 72.90647, 19.38437 ], [ 72.90637, 19.38583 ], [ 72.90821, 19.3874 ], [ 72.90782, 19.38874 ], [ 72.90445, 19.39146 ], [ 72.90335, 19.391 ], [ 72.90286, 19.39223 ], [ 72.90421, 19.39339 ], [ 72.90266, 19.39505 ], [ 72.90153, 19.39508 ], [ 72.90015, 19.39285 ], [ 72.90451, 19.38902 ], [ 72.89979, 19.38601 ], [ 72.89981, 19.38416 ], [ 72.89848, 19.38271 ], [ 72.89862, 19.38058 ], [ 72.89781, 19.38043 ], [ 72.89754, 19.38285 ], [ 72.89656, 19.38367 ], [ 72.89274, 19.37947 ], [ 72.8963, 19.3745 ], [ 72.89794, 19.37401 ], [ 72.89783, 19.37556 ], [ 72.90149, 19.37462 ], [ 72.89993, 19.37199 ], [ 72.89782, 19.37033 ], [ 72.8911, 19.37888 ], [ 72.89119, 19.3799 ], [ 72.89275, 19.38051 ], [ 72.89425, 19.38471 ], [ 72.89825, 19.38461 ], [ 72.89786, 19.38646 ], [ 72.90012, 19.38824 ], [ 72.9025, 19.38852 ], [ 72.89915, 19.39346 ], [ 72.90176, 19.39969 ], [ 72.9029, 19.40012 ], [ 72.90317, 19.398 ], [ 72.90254, 19.39708 ], [ 72.90487, 19.39363 ], [ 72.90614, 19.39319 ], [ 72.90548, 19.39201 ], [ 72.90891, 19.39091 ], [ 72.91126, 19.38649 ], [ 72.90827, 19.38473 ], [ 72.91178, 19.3825 ], [ 72.9119, 19.38132 ], [ 72.91019, 19.38079 ], [ 72.90973, 19.37885 ], [ 72.90642, 19.38004 ], [ 72.90624, 19.37928 ], [ 72.90673, 19.37787 ], [ 72.90888, 19.37769 ], [ 72.91073, 19.37522 ], [ 72.91389, 19.37416 ], [ 72.91355, 19.3723 ], [ 72.91076, 19.37039 ], [ 72.91083, 19.36869 ], [ 72.91656, 19.3656 ], [ 72.91786, 19.36555 ], [ 72.91765, 19.3669 ], [ 72.9201, 19.36806 ], [ 72.92355, 19.36591 ], [ 72.92534, 19.36667 ], [ 72.92541, 19.36856 ], [ 72.92816, 19.36584 ], [ 72.92894, 19.36589 ], [ 72.92935, 19.36707 ], [ 72.92703, 19.37228 ], [ 72.9268, 19.37554 ], [ 72.92871, 19.37731 ], [ 72.93066, 19.37647 ], [ 72.93072, 19.37508 ], [ 72.93289, 19.37328 ], [ 72.93352, 19.36686 ], [ 72.93567, 19.3669 ], [ 72.93664, 19.36405 ], [ 72.9351, 19.36304 ], [ 72.9345, 19.36383 ], [ 72.9326, 19.3635 ], [ 72.93149, 19.35992 ], [ 72.93494, 19.35492 ], [ 72.93606, 19.35169 ], [ 72.93487, 19.34569 ], [ 72.93815, 19.33781 ], [ 72.9388, 19.33394 ], [ 72.93797, 19.3308 ], [ 72.93517, 19.32856 ], [ 72.94016, 19.32387 ], [ 72.94111, 19.32389 ], [ 72.9419, 19.32114 ], [ 72.94594, 19.31628 ], [ 72.94727, 19.31641 ], [ 72.94806, 19.32079 ], [ 72.95213, 19.32947 ], [ 72.95091, 19.33304 ], [ 72.95163, 19.33377 ], [ 72.95128, 19.33674 ], [ 72.95419, 19.33758 ], [ 72.95698, 19.34179 ], [ 72.95924, 19.34353 ], [ 72.95989, 19.34481 ], [ 72.95942, 19.3484 ], [ 72.9634, 19.34706 ], [ 72.96465, 19.35165 ], [ 72.96726, 19.35418 ], [ 72.97202, 19.35681 ], [ 72.97442, 19.35647 ], [ 72.9747, 19.35386 ], [ 72.97796, 19.34989 ], [ 72.97748, 19.34716 ], [ 72.97573, 19.34655 ], [ 72.97649, 19.34518 ], [ 72.96901, 19.34214 ], [ 72.96907, 19.33756 ], [ 72.96702, 19.33843 ], [ 72.96396, 19.33492 ], [ 72.96292, 19.33483 ], [ 72.96254, 19.32941 ], [ 72.96369, 19.32576 ], [ 72.96416, 19.32505 ], [ 72.96534, 19.32525 ], [ 72.96684, 19.32873 ], [ 72.96873, 19.33 ], [ 72.97137, 19.33528 ], [ 72.97388, 19.33601 ], [ 72.97794, 19.33584 ], [ 72.97708, 19.33687 ], [ 72.97784, 19.33878 ], [ 72.97665, 19.33919 ], [ 72.98053, 19.34031 ], [ 72.97911, 19.3421 ], [ 72.97893, 19.34402 ], [ 72.98247, 19.34638 ], [ 72.98429, 19.34162 ], [ 72.9866, 19.33908 ], [ 72.98593, 19.33635 ], [ 72.98765, 19.33246 ], [ 72.98616, 19.32854 ], [ 72.98651, 19.32648 ], [ 72.98482, 19.32336 ], [ 72.98579, 19.32084 ], [ 72.98396, 19.31666 ], [ 72.98219, 19.3151 ], [ 72.98192, 19.31166 ], [ 72.98047, 19.31137 ], [ 72.98016, 19.3078 ], [ 72.98163, 19.30147 ], [ 72.98639, 19.30076 ], [ 72.99064, 19.30596 ], [ 72.99486, 19.30909 ], [ 72.99597, 19.30904 ], [ 72.99611, 19.30613 ], [ 72.99911, 19.30751 ], [ 72.99945, 19.31004 ], [ 72.99731, 19.3106 ], [ 72.99714, 19.31194 ], [ 72.99935, 19.31445 ], [ 72.99966, 19.31566 ], [ 72.99847, 19.31979 ], [ 72.99981, 19.32153 ], [ 72.99993, 19.32422 ], [ 73.00262, 19.33074 ], [ 73.00238, 19.33158 ], [ 73.00093, 19.33187 ], [ 72.99807, 19.33129 ], [ 72.99615, 19.33409 ], [ 72.9994, 19.33399 ], [ 72.99763, 19.33541 ], [ 73.00069, 19.33564 ], [ 73.00072, 19.33691 ], [ 72.99917, 19.33921 ], [ 73.00066, 19.33969 ], [ 73.00058, 19.34119 ], [ 72.99798, 19.34324 ], [ 72.99614, 19.34336 ], [ 72.99281, 19.34319 ], [ 72.99204, 19.34117 ], [ 72.99002, 19.34067 ], [ 72.98877, 19.34285 ], [ 72.98568, 19.34308 ], [ 72.98206, 19.35328 ], [ 72.97606, 19.35945 ], [ 72.97511, 19.36606 ], [ 72.97225, 19.371 ], [ 72.95758, 19.38165 ], [ 72.96061, 19.38389 ], [ 72.96108, 19.38523 ], [ 72.96078, 19.38809 ], [ 72.95823, 19.39336 ], [ 72.95865, 19.39919 ], [ 72.94623, 19.40715 ], [ 72.94421, 19.41264 ], [ 72.93405, 19.41567 ], [ 72.93262, 19.42049 ], [ 72.92638, 19.43225 ], [ 72.92739, 19.43578 ], [ 72.93321, 19.43774 ], [ 72.9366, 19.44015 ], [ 72.93927, 19.4429 ], [ 72.94112, 19.44632 ], [ 72.93755, 19.45909 ], [ 72.93684, 19.45769 ], [ 72.93607, 19.45803 ], [ 72.93678, 19.46116 ], [ 72.93506, 19.46369 ], [ 72.92864, 19.46189 ], [ 72.92036, 19.46247 ], [ 72.91794, 19.46032 ], [ 72.91313, 19.4592 ], [ 72.91218, 19.45982 ], [ 72.91034, 19.46492 ], [ 72.91105, 19.46974 ], [ 72.90766, 19.47495 ], [ 72.90243, 19.47528 ], [ 72.89958, 19.47377 ], [ 72.9, 19.47046 ], [ 72.89453, 19.47237 ], [ 72.89602, 19.46845 ], [ 72.89364, 19.46811 ], [ 72.89098, 19.46936 ], [ 72.88742, 19.46135 ], [ 72.89099, 19.45791 ], [ 72.89426, 19.45752 ], [ 72.89451, 19.45631 ], [ 72.89242, 19.45543 ], [ 72.89349, 19.45456 ], [ 72.89301, 19.45376 ], [ 72.88906, 19.45705 ], [ 72.88641, 19.45695 ], [ 72.88551, 19.45478 ], [ 72.88674, 19.45165 ], [ 72.89335, 19.44537 ], [ 72.89879, 19.44543 ], [ 72.89886, 19.44797 ], [ 72.89964, 19.44865 ], [ 72.90121, 19.44846 ], [ 72.90168, 19.44705 ], [ 72.90079, 19.44428 ], [ 72.90325, 19.44043 ], [ 72.90049, 19.44049 ], [ 72.89768, 19.44241 ], [ 72.89502, 19.44245 ], [ 72.89234, 19.44104 ], [ 72.89232, 19.43946 ], [ 72.89063, 19.43726 ], [ 72.89064, 19.43723 ], [ 72.89348, 19.43422 ], [ 72.89799, 19.43266 ], [ 72.9048, 19.42825 ], [ 72.89944, 19.42456 ], [ 72.89595, 19.41581 ], [ 72.8913, 19.40922 ], [ 72.89622, 19.40175 ], [ 72.89142, 19.39966 ], [ 72.88883, 19.39736 ], [ 72.88855, 19.39254 ], [ 72.89187, 19.38821 ], [ 72.88812, 19.38492 ], [ 72.88472, 19.38419 ], [ 72.87851, 19.38114 ], [ 72.87494, 19.38307 ], [ 72.87111, 19.38371 ], [ 72.86941, 19.37464 ], [ 72.86967, 19.37093 ], [ 72.87296, 19.36808 ], [ 72.87195, 19.36671 ], [ 72.87295, 19.36644 ], [ 72.87236, 19.36552 ], [ 72.8733, 19.36441 ], [ 72.87555, 19.36497 ], [ 72.87581, 19.36679 ], [ 72.8799, 19.36701 ], [ 72.88345, 19.36944 ], [ 72.88752, 19.36886 ], [ 72.89053, 19.36758 ], [ 72.89225, 19.36572 ], [ 72.89567, 19.36517 ], [ 72.89492, 19.36409 ], [ 72.89035, 19.36497 ], [ 72.89014, 19.36642 ], [ 72.88305, 19.36813 ], [ 72.88066, 19.36555 ], [ 72.8739, 19.3624 ], [ 72.87126, 19.36497 ], [ 72.87107, 19.36768 ], [ 72.86791, 19.37187 ], [ 72.86781, 19.37606 ], [ 72.86655, 19.37685 ], [ 72.86575, 19.37953 ], [ 72.86217, 19.37775 ], [ 72.86135, 19.37982 ], [ 72.85725, 19.38368 ], [ 72.85809, 19.385 ], [ 72.85964, 19.3848 ], [ 72.86051, 19.38554 ], [ 72.86378, 19.38428 ], [ 72.86772, 19.3852 ], [ 72.86651, 19.38722 ], [ 72.86397, 19.38863 ], [ 72.86386, 19.38965 ], [ 72.86625, 19.39169 ], [ 72.86232, 19.39544 ], [ 72.86139, 19.39419 ], [ 72.86015, 19.39741 ], [ 72.86257, 19.40125 ], [ 72.86494, 19.40147 ], [ 72.86565, 19.39903 ], [ 72.8696, 19.39972 ], [ 72.87113, 19.40324 ], [ 72.87455, 19.4006 ], [ 72.87486, 19.40165 ], [ 72.88038, 19.40199 ], [ 72.88349, 19.40527 ], [ 72.88183, 19.40848 ], [ 72.88609, 19.41078 ], [ 72.88742, 19.40931 ], [ 72.88787, 19.40729 ], [ 72.88899, 19.40745 ], [ 72.88856, 19.40918 ], [ 72.88586, 19.41272 ], [ 72.88271, 19.41287 ], [ 72.88276, 19.41484 ], [ 72.88108, 19.41484 ], [ 72.8803, 19.41586 ], [ 72.87819, 19.4124 ], [ 72.87669, 19.41557 ], [ 72.87801, 19.41972 ], [ 72.87783, 19.42329 ], [ 72.87982, 19.42596 ], [ 72.88276, 19.42647 ], [ 72.88289, 19.42772 ], [ 72.88559, 19.42948 ], [ 72.88596, 19.43147 ], [ 72.88915, 19.43397 ], [ 72.88806, 19.43442 ], [ 72.89035, 19.43635 ], [ 72.88915, 19.43828 ], [ 72.89252, 19.44203 ], [ 72.89252, 19.44293 ], [ 72.89065, 19.44645 ], [ 72.8886, 19.44742 ], [ 72.8868, 19.44713 ], [ 72.8846, 19.45063 ], [ 72.88379, 19.45298 ], [ 72.88421, 19.45633 ], [ 72.88656, 19.46042 ], [ 72.88379, 19.46132 ], [ 72.88361, 19.46586 ], [ 72.88301, 19.46626 ], [ 72.87906, 19.46266 ], [ 72.8801, 19.45893 ], [ 72.88204, 19.45775 ], [ 72.88108, 19.45707 ], [ 72.8809, 19.45514 ], [ 72.87795, 19.45514 ], [ 72.87801, 19.45077 ], [ 72.8762, 19.45207 ], [ 72.875, 19.45026 ], [ 72.87338, 19.44992 ], [ 72.87253, 19.45094 ], [ 72.86736, 19.4464 ], [ 72.86724, 19.44299 ], [ 72.87181, 19.44055 ], [ 72.86904, 19.44032 ], [ 72.87103, 19.43675 ], [ 72.86778, 19.43879 ], [ 72.86519, 19.44214 ], [ 72.86217, 19.4492 ], [ 72.86344, 19.45179 ], [ 72.86338, 19.45366 ], [ 72.86501, 19.45605 ], [ 72.86043, 19.46149 ], [ 72.85653, 19.46479 ], [ 72.85438, 19.46473 ], [ 72.85234, 19.46858 ], [ 72.85742, 19.46802 ], [ 72.86477, 19.46354 ], [ 72.86675, 19.46399 ], [ 72.86591, 19.46683 ], [ 72.87043, 19.4662 ], [ 72.87031, 19.46688 ], [ 72.86687, 19.46796 ], [ 72.86059, 19.47298 ], [ 72.85616, 19.47823 ], [ 72.8567, 19.48187 ], [ 72.85574, 19.48663 ], [ 72.85279, 19.48714 ], [ 72.85237, 19.48953 ], [ 72.85008, 19.49117 ], [ 72.84864, 19.49452 ], [ 72.84569, 19.49514 ], [ 72.84593, 19.50019 ], [ 72.84358, 19.50422 ], [ 72.84743, 19.50224 ], [ 72.85333, 19.49628 ], [ 72.85658, 19.4956 ], [ 72.85965, 19.49055 ], [ 72.86224, 19.48992 ], [ 72.86272, 19.48822 ], [ 72.8688, 19.48612 ], [ 72.87031, 19.48646 ] ], [ [ 72.87705, 19.46513 ], [ 72.87539, 19.46562 ], [ 72.87337, 19.46473 ], [ 72.87487, 19.45859 ], [ 72.87865, 19.45876 ], [ 72.87812, 19.46391 ], [ 72.88094, 19.46549 ], [ 72.8808, 19.46912 ], [ 72.87824, 19.46896 ], [ 72.87693, 19.46654 ], [ 72.87705, 19.46513 ] ], [ [ 72.87225, 19.46652 ], [ 72.87414, 19.467 ], [ 72.87531, 19.46965 ], [ 72.87294, 19.47065 ], [ 72.87282, 19.47514 ], [ 72.8711, 19.47797 ], [ 72.86786, 19.47687 ], [ 72.87133, 19.4706 ], [ 72.87224, 19.47042 ], [ 72.87225, 19.46652 ] ] ] } },
{ "type": "Feature", "properties": { "Name": "Kalsubai Harishchandragad WLS" }, "geometry": { "type": "Polygon", "coordinates": [ [ [ 73.82384, 19.45756 ], [ 73.82672, 19.4537 ], [ 73.82584, 19.4529 ], [ 73.82324, 19.45662 ], [ 73.82115, 19.45801 ], [ 73.81984, 19.45797 ], [ 73.8207, 19.45475 ], [ 73.81672, 19.45491 ], [ 73.81602, 19.45123 ], [ 73.81306, 19.45194 ], [ 73.80956, 19.45074 ], [ 73.81507, 19.44941 ], [ 73.82016, 19.44404 ], [ 73.82586, 19.44185 ], [ 73.83436, 19.43051 ], [ 73.83836, 19.43224 ], [ 73.8419, 19.43281 ], [ 73.8451, 19.43236 ], [ 73.85095, 19.42765 ], [ 73.85504, 19.42788 ], [ 73.8606, 19.4258 ], [ 73.86135, 19.433 ], [ 73.86331, 19.43562 ], [ 73.86651, 19.4373 ], [ 73.87958, 19.43801 ], [ 73.88327, 19.43608 ], [ 73.88631, 19.43173 ], [ 73.89174, 19.43165 ], [ 73.90193, 19.42731 ], [ 73.90358, 19.42426 ], [ 73.90333, 19.4196 ], [ 73.90751, 19.42058 ], [ 73.91201, 19.42045 ], [ 73.91515, 19.41899 ], [ 73.91767, 19.41661 ], [ 73.92185, 19.41546 ], [ 73.92782, 19.41076 ], [ 73.93084, 19.40464 ], [ 73.94435, 19.39558 ], [ 73.94968, 19.38847 ], [ 73.95015, 19.37631 ], [ 73.95149, 19.36722 ], [ 73.95516, 19.3634 ], [ 73.95443, 19.36235 ], [ 73.95035, 19.36628 ], [ 73.94757, 19.36412 ], [ 73.94914, 19.35792 ], [ 73.95326, 19.35538 ], [ 73.95335, 19.35162 ], [ 73.95445, 19.35105 ], [ 73.95767, 19.35248 ], [ 73.95803, 19.35087 ], [ 73.96269, 19.35263 ], [ 73.96344, 19.35104 ], [ 73.95439, 19.34766 ], [ 73.95183, 19.34187 ], [ 73.94789, 19.33689 ], [ 73.94382, 19.33428 ], [ 73.94032, 19.33082 ], [ 73.92341, 19.33053 ], [ 73.92012, 19.33249 ], [ 73.9064, 19.35371 ], [ 73.90527, 19.34612 ], [ 73.9015, 19.34717 ], [ 73.90149, 19.35169 ], [ 73.89777, 19.35412 ], [ 73.8968, 19.35055 ], [ 73.8961, 19.35114 ], [ 73.89628, 19.35906 ], [ 73.89109, 19.36179 ], [ 73.89036, 19.35861 ], [ 73.8886, 19.35927 ], [ 73.88647, 19.36166 ], [ 73.88402, 19.35613 ], [ 73.87938, 19.35198 ], [ 73.87581, 19.35007 ], [ 73.87307, 19.34972 ], [ 73.87452, 19.34619 ], [ 73.88086, 19.34246 ], [ 73.8818, 19.3405 ], [ 73.8766, 19.34413 ], [ 73.87411, 19.34462 ], [ 73.87203, 19.3405 ], [ 73.87296, 19.33835 ], [ 73.8686, 19.33795 ], [ 73.86777, 19.33491 ], [ 73.86392, 19.3409 ], [ 73.85758, 19.33491 ], [ 73.85664, 19.34776 ], [ 73.85363, 19.34756 ], [ 73.85373, 19.34217 ], [ 73.85269, 19.33874 ], [ 73.85238, 19.33246 ], [ 73.85061, 19.3355 ], [ 73.8503, 19.33854 ], [ 73.85321, 19.34345 ], [ 73.85217, 19.34678 ], [ 73.84272, 19.35374 ], [ 73.83897, 19.35541 ], [ 73.83773, 19.35884 ], [ 73.83367, 19.36227 ], [ 73.83128, 19.37022 ], [ 73.82733, 19.36894 ], [ 73.82598, 19.36982 ], [ 73.82712, 19.37179 ], [ 73.81891, 19.37688 ], [ 73.81756, 19.37404 ], [ 73.81767, 19.37796 ], [ 73.81309, 19.37865 ], [ 73.80893, 19.38081 ], [ 73.80239, 19.38679 ], [ 73.79657, 19.37894 ], [ 73.79553, 19.37296 ], [ 73.79168, 19.36806 ], [ 73.79116, 19.36394 ], [ 73.79262, 19.36051 ], [ 73.79168, 19.36031 ], [ 73.78908, 19.36296 ], [ 73.78451, 19.37149 ], [ 73.78014, 19.36669 ], [ 73.77765, 19.35767 ], [ 73.77619, 19.3557 ], [ 73.7737, 19.35561 ], [ 73.77411, 19.36522 ], [ 73.7737, 19.36855 ], [ 73.77172, 19.37237 ], [ 73.76608, 19.37714 ], [ 73.76309, 19.37581 ], [ 73.75657, 19.37479 ], [ 73.75312, 19.376 ], [ 73.75114, 19.37855 ], [ 73.75395, 19.38169 ], [ 73.75301, 19.38532 ], [ 73.74574, 19.38394 ], [ 73.74252, 19.38443 ], [ 73.74137, 19.38571 ], [ 73.74106, 19.39002 ], [ 73.74511, 19.3912 ], [ 73.7421, 19.39728 ], [ 73.73992, 19.39718 ], [ 73.74106, 19.39277 ], [ 73.73888, 19.39326 ], [ 73.73857, 19.39679 ], [ 73.73628, 19.39934 ], [ 73.73378, 19.4013 ], [ 73.73046, 19.40032 ], [ 73.73243, 19.39738 ], [ 73.73285, 19.39198 ], [ 73.73181, 19.3913 ], [ 73.72391, 19.3913 ], [ 73.72349, 19.39767 ], [ 73.72848, 19.40189 ], [ 73.72381, 19.40797 ], [ 73.72214, 19.40885 ], [ 73.71736, 19.406 ], [ 73.71435, 19.40512 ], [ 73.71258, 19.40728 ], [ 73.71248, 19.41198 ], [ 73.71653, 19.41473 ], [ 73.71767, 19.42287 ], [ 73.71476, 19.4212 ], [ 73.71352, 19.41924 ], [ 73.71123, 19.41855 ], [ 73.70853, 19.41463 ], [ 73.70478, 19.41375 ], [ 73.70208, 19.41444 ], [ 73.70042, 19.41581 ], [ 73.69938, 19.41698 ], [ 73.69834, 19.4214 ], [ 73.69689, 19.42198 ], [ 73.69346, 19.4213 ], [ 73.6868, 19.42179 ], [ 73.68124, 19.42235 ], [ 73.6787, 19.42367 ], [ 73.67412, 19.43277 ], [ 73.66903, 19.43051 ], [ 73.66768, 19.431 ], [ 73.66643, 19.43433 ], [ 73.66913, 19.43708 ], [ 73.66882, 19.43826 ], [ 73.66539, 19.44061 ], [ 73.66456, 19.44237 ], [ 73.66206, 19.44286 ], [ 73.66103, 19.44649 ], [ 73.65718, 19.44502 ], [ 73.65583, 19.44551 ], [ 73.65479, 19.44747 ], [ 73.65146, 19.44776 ], [ 73.65354, 19.45178 ], [ 73.65776, 19.45604 ], [ 73.65489, 19.45864 ], [ 73.6593, 19.46421 ], [ 73.65577, 19.46728 ], [ 73.65541, 19.46893 ], [ 73.66155, 19.46972 ], [ 73.66342, 19.47226 ], [ 73.66342, 19.47373 ], [ 73.66841, 19.47589 ], [ 73.66986, 19.47932 ], [ 73.67319, 19.48196 ], [ 73.66789, 19.48265 ], [ 73.66113, 19.49029 ], [ 73.65895, 19.49078 ], [ 73.65863, 19.49794 ], [ 73.66144, 19.50058 ], [ 73.6552, 19.50078 ], [ 73.64814, 19.49911 ], [ 73.64814, 19.50293 ], [ 73.6497, 19.5045 ], [ 73.65011, 19.51107 ], [ 73.63868, 19.51224 ], [ 73.63753, 19.51978 ], [ 73.63213, 19.52184 ], [ 73.63036, 19.52458 ], [ 73.62776, 19.52596 ], [ 73.61612, 19.53007 ], [ 73.60802, 19.53134 ], [ 73.60116, 19.5288 ], [ 73.59804, 19.524 ], [ 73.59529, 19.52392 ], [ 73.59241, 19.52655 ], [ 73.59231, 19.5288 ], [ 73.59686, 19.52586 ], [ 73.59737, 19.52709 ], [ 73.59613, 19.52942 ], [ 73.59866, 19.52909 ], [ 73.59991, 19.52997 ], [ 73.60147, 19.5383 ], [ 73.60614, 19.54036 ], [ 73.60843, 19.54398 ], [ 73.60853, 19.54907 ], [ 73.60739, 19.55103 ], [ 73.60264, 19.55406 ], [ 73.60096, 19.55691 ], [ 73.6009, 19.55783 ], [ 73.60422, 19.56203 ], [ 73.59983, 19.56604 ], [ 73.60462, 19.56506 ], [ 73.61111, 19.56647 ], [ 73.6127, 19.56795 ], [ 73.61678, 19.56846 ], [ 73.61712, 19.57169 ], [ 73.61273, 19.57175 ], [ 73.60986, 19.57328 ], [ 73.60689, 19.57651 ], [ 73.60653, 19.58744 ], [ 73.60729, 19.59001 ], [ 73.61404, 19.59638 ], [ 73.60791, 19.59677 ], [ 73.60001, 19.6 ], [ 73.60001, 19.60744 ], [ 73.60074, 19.6092 ], [ 73.61827, 19.60808 ], [ 73.61893, 19.61165 ], [ 73.62049, 19.61449 ], [ 73.62257, 19.61488 ], [ 73.62714, 19.61772 ], [ 73.62963, 19.6143 ], [ 73.63234, 19.61332 ], [ 73.6366, 19.61322 ], [ 73.63937, 19.61339 ], [ 73.63927, 19.61505 ], [ 73.64408, 19.61772 ], [ 73.64608, 19.61592 ], [ 73.64642, 19.61316 ], [ 73.65084, 19.61278 ], [ 73.65562, 19.60862 ], [ 73.66092, 19.60832 ], [ 73.66196, 19.60646 ], [ 73.67152, 19.60734 ], [ 73.67475, 19.60627 ], [ 73.67724, 19.60646 ], [ 73.67859, 19.60597 ], [ 73.6789, 19.6047 ], [ 73.68046, 19.6049 ], [ 73.68483, 19.61106 ], [ 73.68306, 19.62252 ], [ 73.68587, 19.62321 ], [ 73.68743, 19.61792 ], [ 73.68982, 19.61911 ], [ 73.68738, 19.62967 ], [ 73.68892, 19.62704 ], [ 73.69124, 19.61825 ], [ 73.69278, 19.61847 ], [ 73.6929, 19.62592 ], [ 73.69379, 19.62603 ], [ 73.69439, 19.62121 ], [ 73.69665, 19.61724 ], [ 73.69581, 19.6272 ], [ 73.69665, 19.62726 ], [ 73.69742, 19.61735 ], [ 73.70211, 19.61696 ], [ 73.72166, 19.6041 ], [ 73.72922, 19.60742 ], [ 73.74747, 19.60941 ], [ 73.75279, 19.60603 ], [ 73.76141, 19.60205 ], [ 73.76618, 19.60077 ], [ 73.77289, 19.59475 ], [ 73.77559, 19.59065 ], [ 73.77525, 19.58618 ], [ 73.77326, 19.582 ], [ 73.76448, 19.57881 ], [ 73.75834, 19.57905 ], [ 73.74892, 19.5762 ], [ 73.74586, 19.57603 ], [ 73.74565, 19.57402 ], [ 73.75145, 19.5715 ], [ 73.75649, 19.56598 ], [ 73.76031, 19.56367 ], [ 73.76392, 19.55807 ], [ 73.76585, 19.55334 ], [ 73.76616, 19.54832 ], [ 73.77021, 19.54216 ], [ 73.77004, 19.53828 ], [ 73.76674, 19.53229 ], [ 73.76678, 19.52823 ], [ 73.76573, 19.52402 ], [ 73.76761, 19.5213 ], [ 73.77467, 19.5147 ], [ 73.77905, 19.51337 ], [ 73.78011, 19.51008 ], [ 73.78618, 19.50962 ], [ 73.79189, 19.50747 ], [ 73.79371, 19.50583 ], [ 73.79593, 19.49815 ], [ 73.80346, 19.48852 ], [ 73.80662, 19.48091 ], [ 73.81153, 19.47735 ], [ 73.81254, 19.47526 ], [ 73.81739, 19.47317 ], [ 73.82055, 19.4693 ], [ 73.8219, 19.46628 ], [ 73.82344, 19.4662 ], [ 73.82476, 19.46841 ], [ 73.82702, 19.46828 ], [ 73.8274, 19.46203 ], [ 73.82501, 19.46374 ], [ 73.82306, 19.46402 ], [ 73.82245, 19.46275 ], [ 73.82306, 19.46076 ], [ 73.82471, 19.45931 ], [ 73.82384, 19.45756 ] ], [ [ 73.7031, 19.59394 ], [ 73.69911, 19.59274 ], [ 73.68442, 19.59193 ], [ 73.68243, 19.59045 ], [ 73.67872, 19.58978 ], [ 73.67501, 19.58723 ], [ 73.67059, 19.58736 ], [ 73.66945, 19.59032 ], [ 73.6666, 19.5883 ], [ 73.66431, 19.5879 ], [ 73.64264, 19.59032 ], [ 73.63594, 19.59448 ], [ 73.63294, 19.59488 ], [ 73.63137, 19.59448 ], [ 73.62396, 19.58911 ], [ 73.61654, 19.58669 ], [ 73.61554, 19.57849 ], [ 73.6174, 19.58252 ], [ 73.61812, 19.58233 ], [ 73.62558, 19.5738 ], [ 73.62669, 19.57461 ], [ 73.62822, 19.5692 ], [ 73.62707, 19.56709 ], [ 73.62576, 19.5668 ], [ 73.62579, 19.56579 ], [ 73.6279, 19.55338 ], [ 73.62179, 19.54843 ], [ 73.6233, 19.54572 ], [ 73.62261, 19.54193 ], [ 73.62528, 19.54344 ], [ 73.62877, 19.54067 ], [ 73.63182, 19.54153 ], [ 73.63292, 19.53918 ], [ 73.63257, 19.53269 ], [ 73.63468, 19.53256 ], [ 73.63686, 19.53462 ], [ 73.63894, 19.53892 ], [ 73.64425, 19.53821 ], [ 73.64523, 19.5368 ], [ 73.64774, 19.53817 ], [ 73.65773, 19.53666 ], [ 73.65764, 19.53348 ], [ 73.66002, 19.52934 ], [ 73.6595, 19.52606 ], [ 73.66253, 19.52166 ], [ 73.66424, 19.51181 ], [ 73.66928, 19.51328 ], [ 73.672, 19.51175 ], [ 73.67384, 19.50945 ], [ 73.67518, 19.5093 ], [ 73.67724, 19.51213 ], [ 73.67878, 19.51296 ], [ 73.67899, 19.51878 ], [ 73.68004, 19.5185 ], [ 73.68235, 19.51511 ], [ 73.68612, 19.51444 ], [ 73.68628, 19.51064 ], [ 73.69049, 19.50539 ], [ 73.6865, 19.50073 ], [ 73.6877, 19.49907 ], [ 73.70225, 19.49866 ], [ 73.70744, 19.4964 ], [ 73.70738, 19.49261 ], [ 73.70838, 19.48992 ], [ 73.71375, 19.48416 ], [ 73.7074, 19.48423 ], [ 73.70571, 19.47934 ], [ 73.70144, 19.47919 ], [ 73.70099, 19.47836 ], [ 73.696, 19.47868 ], [ 73.69648, 19.47619 ], [ 73.69444, 19.46924 ], [ 73.68558, 19.46746 ], [ 73.67407, 19.46092 ], [ 73.67514, 19.45893 ], [ 73.6834, 19.4573 ], [ 73.68414, 19.44945 ], [ 73.68357, 19.44555 ], [ 73.69155, 19.43318 ], [ 73.6994, 19.43399 ], [ 73.7031, 19.43251 ], [ 73.70581, 19.427 ], [ 73.70653, 19.42726 ], [ 73.70681, 19.42982 ], [ 73.71423, 19.43184 ], [ 73.73077, 19.43049 ], [ 73.72849, 19.427 ], [ 73.72834, 19.42256 ], [ 73.72606, 19.41745 ], [ 73.72991, 19.41691 ], [ 73.73177, 19.41207 ], [ 73.74988, 19.40803 ], [ 73.75159, 19.404 ], [ 73.7523, 19.39714 ], [ 73.75615, 19.39539 ], [ 73.76856, 19.39445 ], [ 73.77013, 19.39324 ], [ 73.77084, 19.38624 ], [ 73.78525, 19.38947 ], [ 73.80279, 19.39525 ], [ 73.80935, 19.39297 ], [ 73.81248, 19.3888 ], [ 73.81448, 19.38745 ], [ 73.82175, 19.38772 ], [ 73.82888, 19.38059 ], [ 73.84001, 19.37588 ], [ 73.84272, 19.37198 ], [ 73.84314, 19.3701 ], [ 73.842, 19.36673 ], [ 73.85263, 19.35631 ], [ 73.86582, 19.3561 ], [ 73.87181, 19.35853 ], [ 73.87651, 19.36122 ], [ 73.88065, 19.36902 ], [ 73.88521, 19.37454 ], [ 73.89163, 19.37225 ], [ 73.89591, 19.36969 ], [ 73.90419, 19.36309 ], [ 73.91048, 19.36261 ], [ 73.91275, 19.36325 ], [ 73.91832, 19.3564 ], [ 73.91845, 19.35038 ], [ 73.92726, 19.33936 ], [ 73.93601, 19.3412 ], [ 73.94035, 19.34419 ], [ 73.93852, 19.34752 ], [ 73.92979, 19.35426 ], [ 73.92846, 19.35704 ], [ 73.92978, 19.36374 ], [ 73.93381, 19.36483 ], [ 73.94074, 19.37064 ], [ 73.93971, 19.38006 ], [ 73.94088, 19.38319 ], [ 73.94086, 19.38636 ], [ 73.9252, 19.39737 ], [ 73.92268, 19.40085 ], [ 73.92193, 19.40346 ], [ 73.92076, 19.40321 ], [ 73.91865, 19.40464 ], [ 73.91744, 19.40696 ], [ 73.90903, 19.41139 ], [ 73.90062, 19.41045 ], [ 73.89577, 19.41112 ], [ 73.89341, 19.41224 ], [ 73.89479, 19.42079 ], [ 73.88827, 19.42413 ], [ 73.88924, 19.42254 ], [ 73.88795, 19.42094 ], [ 73.87808, 19.42067 ], [ 73.87823, 19.42632 ], [ 73.87623, 19.43022 ], [ 73.87052, 19.43009 ], [ 73.87024, 19.42713 ], [ 73.87182, 19.42284 ], [ 73.87137, 19.41986 ], [ 73.87203, 19.4153 ], [ 73.86985, 19.41211 ], [ 73.8701, 19.40866 ], [ 73.87143, 19.40651 ], [ 73.87033, 19.40314 ], [ 73.87049, 19.40015 ], [ 73.86996, 19.4001 ], [ 73.86611, 19.40314 ], [ 73.86581, 19.40556 ], [ 73.86382, 19.40857 ], [ 73.85345, 19.41867 ], [ 73.85213, 19.41664 ], [ 73.84999, 19.41583 ], [ 73.84828, 19.4165 ], [ 73.84143, 19.42377 ], [ 73.83373, 19.42027 ], [ 73.82988, 19.42 ], [ 73.82743, 19.42234 ], [ 73.81969, 19.43498 ], [ 73.81841, 19.43314 ], [ 73.81568, 19.43385 ], [ 73.81399, 19.43832 ], [ 73.81086, 19.44129 ], [ 73.80885, 19.44145 ], [ 73.8073, 19.44063 ], [ 73.80514, 19.43643 ], [ 73.80253, 19.43725 ], [ 73.80077, 19.44014 ], [ 73.7982, 19.44241 ], [ 73.79637, 19.44986 ], [ 73.79908, 19.45187 ], [ 73.79965, 19.45322 ], [ 73.79894, 19.45819 ], [ 73.80507, 19.46182 ], [ 73.80849, 19.46035 ], [ 73.8122, 19.46317 ], [ 73.80421, 19.4664 ], [ 73.80282, 19.46902 ], [ 73.80366, 19.47168 ], [ 73.80163, 19.47165 ], [ 73.80128, 19.47354 ], [ 73.7987, 19.47616 ], [ 73.79397, 19.48625 ], [ 73.78844, 19.4935 ], [ 73.78682, 19.49964 ], [ 73.78107, 19.50069 ], [ 73.76172, 19.48603 ], [ 73.76, 19.47984 ], [ 73.76, 19.47581 ], [ 73.74717, 19.47581 ], [ 73.74831, 19.48844 ], [ 73.74817, 19.49759 ], [ 73.7446, 19.5113 ], [ 73.74715, 19.5169 ], [ 73.75039, 19.51696 ], [ 73.75121, 19.51841 ], [ 73.75144, 19.52015 ], [ 73.75059, 19.52057 ], [ 73.7486, 19.5281 ], [ 73.7576, 19.52917 ], [ 73.75779, 19.53397 ], [ 73.76014, 19.53811 ], [ 73.76026, 19.54151 ], [ 73.75711, 19.54241 ], [ 73.75467, 19.54768 ], [ 73.75734, 19.54751 ], [ 73.75601, 19.55242 ], [ 73.75373, 19.55605 ], [ 73.7466, 19.56398 ], [ 73.73833, 19.56761 ], [ 73.73319, 19.58118 ], [ 73.7369, 19.58226 ], [ 73.74004, 19.58212 ], [ 73.74532, 19.58494 ], [ 73.75444, 19.58709 ], [ 73.76471, 19.58736 ], [ 73.76571, 19.58857 ], [ 73.76114, 19.5926 ], [ 73.75672, 19.5926 ], [ 73.75279, 19.59388 ], [ 73.74983, 19.59726 ], [ 73.74805, 19.59784 ], [ 73.74662, 19.5972 ], [ 73.74466, 19.60073 ], [ 73.74032, 19.60053 ], [ 73.73519, 19.59824 ], [ 73.72977, 19.59797 ], [ 73.72763, 19.5969 ], [ 73.72434, 19.5918 ], [ 73.71788, 19.59418 ], [ 73.71438, 19.5979 ], [ 73.70915, 19.60149 ], [ 73.7031, 19.59394 ] ] ] } },
{ "type": "Feature", "properties": { "Name": "Bhimashankar WLS" }, "geometry": { "type": "Polygon", "coordinates": [ [ [ 73.70773, 19.26327 ], [ 73.70816, 19.26522 ], [ 73.71013, 19.2652 ], [ 73.71169, 19.26223 ], [ 73.70991, 19.26142 ], [ 73.71044, 19.26069 ], [ 73.71897, 19.26062 ], [ 73.72254, 19.26214 ], [ 73.72215, 19.25755 ], [ 73.71597, 19.25432 ], [ 73.71356, 19.25194 ], [ 73.71245, 19.24955 ], [ 73.71291, 19.24657 ], [ 73.71672, 19.23888 ], [ 73.71621, 19.23648 ], [ 73.71482, 19.23619 ], [ 73.71165, 19.24392 ], [ 73.70678, 19.24119 ], [ 73.70305, 19.24255 ], [ 73.69962, 19.24523 ], [ 73.69538, 19.24407 ], [ 73.68633, 19.23898 ], [ 73.69957, 19.22959 ], [ 73.70051, 19.22805 ], [ 73.69983, 19.22633 ], [ 73.69885, 19.22691 ], [ 73.69694, 19.22606 ], [ 73.69591, 19.22697 ], [ 73.69487, 19.2266 ], [ 73.69332, 19.22922 ], [ 73.69426, 19.23119 ], [ 73.69267, 19.23115 ], [ 73.69279, 19.22968 ], [ 73.68868, 19.22695 ], [ 73.68702, 19.22818 ], [ 73.68618, 19.22717 ], [ 73.68227, 19.22721 ], [ 73.68411, 19.23491 ], [ 73.68009, 19.23577 ], [ 73.67889, 19.23216 ], [ 73.67624, 19.22956 ], [ 73.67523, 19.2252 ], [ 73.67109, 19.22406 ], [ 73.67212, 19.2172 ], [ 73.67132, 19.21602 ], [ 73.66908, 19.2158 ], [ 73.6685, 19.21489 ], [ 73.66747, 19.21505 ], [ 73.66848, 19.21879 ], [ 73.6593, 19.22725 ], [ 73.65524, 19.22848 ], [ 73.65332, 19.22049 ], [ 73.65796, 19.2175 ], [ 73.6612, 19.21412 ], [ 73.6594, 19.21407 ], [ 73.65642, 19.21628 ], [ 73.64657, 19.21982 ], [ 73.64374, 19.21735 ], [ 73.63921, 19.2165 ], [ 73.63777, 19.21483 ], [ 73.63765, 19.21143 ], [ 73.63604, 19.2102 ], [ 73.63624, 19.20886 ], [ 73.63884, 19.20618 ], [ 73.64188, 19.2106 ], [ 73.64263, 19.2106 ], [ 73.64403, 19.2092 ], [ 73.6434, 19.20628 ], [ 73.64598, 19.20477 ], [ 73.64323, 19.20346 ], [ 73.64092, 19.20515 ], [ 73.63811, 19.20423 ], [ 73.63243, 19.20642 ], [ 73.63032, 19.19836 ], [ 73.62855, 19.20227 ], [ 73.62759, 19.20189 ], [ 73.62783, 19.19672 ], [ 73.62491, 19.19293 ], [ 73.62484, 19.1905 ], [ 73.62849, 19.1816 ], [ 73.62749, 19.18102 ], [ 73.62522, 19.18594 ], [ 73.62402, 19.18636 ], [ 73.62292, 19.18858 ], [ 73.6227, 19.18666 ], [ 73.61984, 19.18467 ], [ 73.61758, 19.18524 ], [ 73.61734, 19.18407 ], [ 73.61546, 19.18373 ], [ 73.61615, 19.18189 ], [ 73.61514, 19.18087 ], [ 73.61417, 19.1817 ], [ 73.61081, 19.18176 ], [ 73.60839, 19.18031 ], [ 73.60522, 19.17513 ], [ 73.60233, 19.17345 ], [ 73.60304, 19.17115 ], [ 73.60253, 19.17018 ], [ 73.60038, 19.16939 ], [ 73.60056, 19.16714 ], [ 73.60671, 19.16617 ], [ 73.60617, 19.16412 ], [ 73.60363, 19.16411 ], [ 73.60456, 19.16219 ], [ 73.60267, 19.16088 ], [ 73.60335, 19.15587 ], [ 73.60098, 19.15382 ], [ 73.60511, 19.15394 ], [ 73.6075, 19.15052 ], [ 73.6114, 19.15384 ], [ 73.61292, 19.15283 ], [ 73.61132, 19.15043 ], [ 73.61355, 19.14882 ], [ 73.62038, 19.15611 ], [ 73.62041, 19.15986 ], [ 73.61939, 19.16205 ], [ 73.62236, 19.16159 ], [ 73.62358, 19.16892 ], [ 73.62268, 19.16938 ], [ 73.62133, 19.16752 ], [ 73.61894, 19.16785 ], [ 73.61894, 19.16934 ], [ 73.62089, 19.16941 ], [ 73.6191, 19.17183 ], [ 73.61731, 19.17261 ], [ 73.61242, 19.16848 ], [ 73.60672, 19.16686 ], [ 73.6044, 19.17073 ], [ 73.61229, 19.17108 ], [ 73.61622, 19.1746 ], [ 73.61973, 19.17402 ], [ 73.62382, 19.17784 ], [ 73.62617, 19.17718 ], [ 73.63613, 19.17878 ], [ 73.6375, 19.17867 ], [ 73.63967, 19.1734 ], [ 73.63798, 19.1711 ], [ 73.63808, 19.16777 ], [ 73.63922, 19.16565 ], [ 73.6358, 19.16437 ], [ 73.63342, 19.15852 ], [ 73.63561, 19.15677 ], [ 73.63497, 19.15425 ], [ 73.63549, 19.15053 ], [ 73.63327, 19.14824 ], [ 73.63415, 19.14573 ], [ 73.63261, 19.14351 ], [ 73.63316, 19.1417 ], [ 73.63196, 19.14132 ], [ 73.63186, 19.13911 ], [ 73.63502, 19.13953 ], [ 73.63543, 19.13729 ], [ 73.63335, 19.13686 ], [ 73.62868, 19.13848 ], [ 73.62745, 19.13636 ], [ 73.62992, 19.13457 ], [ 73.6287, 19.134 ], [ 73.62721, 19.135 ], [ 73.62638, 19.13406 ], [ 73.62504, 19.13453 ], [ 73.62461, 19.13383 ], [ 73.62871, 19.13092 ], [ 73.62897, 19.12645 ], [ 73.62292, 19.12488 ], [ 73.62347, 19.12211 ], [ 73.62203, 19.12046 ], [ 73.62046, 19.12195 ], [ 73.61981, 19.12392 ], [ 73.61618, 19.12481 ], [ 73.61504, 19.12269 ], [ 73.61212, 19.1205 ], [ 73.60726, 19.12003 ], [ 73.60743, 19.11779 ], [ 73.60005, 19.11885 ], [ 73.59393, 19.12079 ], [ 73.58811, 19.11968 ], [ 73.59013, 19.11807 ], [ 73.59503, 19.11705 ], [ 73.59788, 19.11736 ], [ 73.59982, 19.11607 ], [ 73.60271, 19.11742 ], [ 73.60328, 19.11696 ], [ 73.60036, 19.11451 ], [ 73.59876, 19.11492 ], [ 73.59733, 19.10485 ], [ 73.59847, 19.09804 ], [ 73.60055, 19.09647 ], [ 73.60058, 19.094 ], [ 73.60226, 19.09135 ], [ 73.60178, 19.08928 ], [ 73.60079, 19.08803 ], [ 73.5976, 19.09237 ], [ 73.59488, 19.09252 ], [ 73.59429, 19.08719 ], [ 73.59494, 19.08205 ], [ 73.59403, 19.08027 ], [ 73.59421, 19.07777 ], [ 73.59344, 19.07695 ], [ 73.59199, 19.07767 ], [ 73.5871, 19.07361 ], [ 73.59023, 19.0725 ], [ 73.59421, 19.07357 ], [ 73.5948, 19.07588 ], [ 73.59535, 19.07341 ], [ 73.59715, 19.07312 ], [ 73.59736, 19.07217 ], [ 73.59713, 19.0701 ], [ 73.59402, 19.06773 ], [ 73.59475, 19.06576 ], [ 73.59589, 19.06575 ], [ 73.59936, 19.06803 ], [ 73.59947, 19.06953 ], [ 73.60101, 19.07088 ], [ 73.60042, 19.07296 ], [ 73.59873, 19.07386 ], [ 73.59926, 19.07717 ], [ 73.59668, 19.07887 ], [ 73.60173, 19.07765 ], [ 73.60278, 19.07664 ], [ 73.60372, 19.07208 ], [ 73.60402, 19.06822 ], [ 73.60327, 19.06611 ], [ 73.60466, 19.06338 ], [ 73.60467, 19.06145 ], [ 73.60249, 19.05871 ], [ 73.59976, 19.05961 ], [ 73.59729, 19.05385 ], [ 73.59824, 19.05262 ], [ 73.60143, 19.05439 ], [ 73.60075, 19.05132 ], [ 73.59544, 19.04516 ], [ 73.59248, 19.04582 ], [ 73.59091, 19.04787 ], [ 73.59142, 19.04873 ], [ 73.59352, 19.04778 ], [ 73.59658, 19.04816 ], [ 73.59527, 19.05107 ], [ 73.59234, 19.05298 ], [ 73.5913, 19.05243 ], [ 73.58981, 19.053 ], [ 73.58849, 19.0553 ], [ 73.58647, 19.05225 ], [ 73.58463, 19.05116 ], [ 73.58502, 19.04839 ], [ 73.5872, 19.04723 ], [ 73.58663, 19.04413 ], [ 73.58816, 19.04165 ], [ 73.58798, 19.0387 ], [ 73.58936, 19.03749 ], [ 73.58975, 19.03515 ], [ 73.59503, 19.03729 ], [ 73.59885, 19.03495 ], [ 73.59816, 19.03291 ], [ 73.60135, 19.03123 ], [ 73.60161, 19.02968 ], [ 73.59936, 19.02341 ], [ 73.59832, 19.02497 ], [ 73.59837, 19.02853 ], [ 73.59573, 19.02824 ], [ 73.59202, 19.03026 ], [ 73.59127, 19.02834 ], [ 73.58751, 19.02588 ], [ 73.58351, 19.02098 ], [ 73.58287, 19.01801 ], [ 73.58628, 19.01788 ], [ 73.58711, 19.01949 ], [ 73.58981, 19.01924 ], [ 73.59017, 19.01826 ], [ 73.58824, 19.01623 ], [ 73.58909, 19.01427 ], [ 73.59151, 19.01566 ], [ 73.59095, 19.01852 ], [ 73.59145, 19.01922 ], [ 73.59326, 19.01692 ], [ 73.59334, 19.01443 ], [ 73.59401, 19.01397 ], [ 73.59483, 19.01491 ], [ 73.59684, 19.01508 ], [ 73.59682, 19.01796 ], [ 73.5989, 19.01716 ], [ 73.60028, 19.01495 ], [ 73.60429, 19.01465 ], [ 73.606, 19.01621 ], [ 73.60755, 19.01609 ], [ 73.60627, 19.013 ], [ 73.60463, 19.01357 ], [ 73.60166, 19.01293 ], [ 73.59832, 19.00946 ], [ 73.59536, 19.01037 ], [ 73.59659, 19.00756 ], [ 73.59462, 19.00386 ], [ 73.59431, 19.00117 ], [ 73.58988, 18.99997 ], [ 73.58997, 18.99823 ], [ 73.59245, 18.99711 ], [ 73.59457, 18.99344 ], [ 73.59677, 18.99178 ], [ 73.59875, 18.99478 ], [ 73.60228, 18.99503 ], [ 73.6022, 18.99384 ], [ 73.60058, 18.99442 ], [ 73.59803, 18.99184 ], [ 73.5995, 18.98802 ], [ 73.60976, 18.98758 ], [ 73.60989, 18.98645 ], [ 73.60905, 18.98571 ], [ 73.60526, 18.98516 ], [ 73.60369, 18.98172 ], [ 73.60203, 18.98415 ], [ 73.59589, 18.98693 ], [ 73.58905, 18.99388 ], [ 73.58333, 18.99318 ], [ 73.57809, 18.99506 ], [ 73.56724, 18.99569 ], [ 73.56638, 18.99623 ], [ 73.56544, 18.9996 ], [ 73.56162, 19.00703 ], [ 73.55913, 19.00839 ], [ 73.54442, 19.0106 ], [ 73.53995, 19.01823 ], [ 73.53978, 19.02627 ], [ 73.53397, 19.0299 ], [ 73.53268, 19.03229 ], [ 73.53219, 19.03486 ], [ 73.53313, 19.03986 ], [ 73.53156, 19.04314 ], [ 73.52523, 19.04352 ], [ 73.52478, 19.04292 ], [ 73.52674, 19.04101 ], [ 73.52627, 19.03992 ], [ 73.52348, 19.03748 ], [ 73.51716, 19.03474 ], [ 73.51642, 19.03313 ], [ 73.51408, 19.03499 ], [ 73.51769, 19.03961 ], [ 73.50839, 19.03839 ], [ 73.50713, 19.03933 ], [ 73.50095, 19.03935 ], [ 73.49616, 19.03479 ], [ 73.48413, 19.03179 ], [ 73.47981, 19.03182 ], [ 73.47693, 19.03016 ], [ 73.46842, 19.03215 ], [ 73.46333, 19.02923 ], [ 73.46086, 19.03064 ], [ 73.45942, 19.03425 ], [ 73.45492, 19.03549 ], [ 73.4518, 19.03828 ], [ 73.44882, 19.03885 ], [ 73.45203, 19.04093 ], [ 73.4582, 19.04223 ], [ 73.47158, 19.03828 ], [ 73.47402, 19.04634 ], [ 73.4739, 19.04988 ], [ 73.46941, 19.0541 ], [ 73.46774, 19.05432 ], [ 73.4623, 19.05869 ], [ 73.46094, 19.06184 ], [ 73.46157, 19.06386 ], [ 73.4691, 19.06634 ], [ 73.47502, 19.06319 ], [ 73.47978, 19.05416 ], [ 73.48258, 19.05284 ], [ 73.48615, 19.05261 ], [ 73.49586, 19.05494 ], [ 73.50549, 19.05035 ], [ 73.50918, 19.05003 ], [ 73.51434, 19.05193 ], [ 73.51405, 19.06267 ], [ 73.51743, 19.06356 ], [ 73.51572, 19.07617 ], [ 73.5174, 19.08164 ], [ 73.5051, 19.08744 ], [ 73.49837, 19.0864 ], [ 73.4978, 19.08769 ], [ 73.50922, 19.09393 ], [ 73.51153, 19.09672 ], [ 73.51837, 19.10048 ], [ 73.52171, 19.11366 ], [ 73.5241, 19.11912 ], [ 73.52348, 19.12329 ], [ 73.52473, 19.12758 ], [ 73.51745, 19.12748 ], [ 73.51767, 19.12963 ], [ 73.51348, 19.13054 ], [ 73.51053, 19.13436 ], [ 73.5087, 19.13517 ], [ 73.50817, 19.13389 ], [ 73.50613, 19.13367 ], [ 73.50861, 19.13075 ], [ 73.51138, 19.12949 ], [ 73.5119, 19.12748 ], [ 73.51342, 19.12652 ], [ 73.51329, 19.12551 ], [ 73.50696, 19.12557 ], [ 73.49954, 19.12389 ], [ 73.49644, 19.12394 ], [ 73.49318, 19.12926 ], [ 73.49101, 19.13007 ], [ 73.49161, 19.13277 ], [ 73.48944, 19.1335 ], [ 73.48486, 19.1311 ], [ 73.48279, 19.12341 ], [ 73.47845, 19.12734 ], [ 73.4791, 19.13084 ], [ 73.47857, 19.13411 ], [ 73.48042, 19.13503 ], [ 73.4788, 19.1365 ], [ 73.47948, 19.14461 ], [ 73.48076, 19.14521 ], [ 73.48426, 19.14272 ], [ 73.48913, 19.14368 ], [ 73.49173, 19.14902 ], [ 73.49183, 19.15313 ], [ 73.49336, 19.15572 ], [ 73.49305, 19.15642 ], [ 73.49033, 19.15646 ], [ 73.49252, 19.15948 ], [ 73.491, 19.16215 ], [ 73.49283, 19.16326 ], [ 73.49584, 19.16321 ], [ 73.49567, 19.16429 ], [ 73.49281, 19.1657 ], [ 73.4951, 19.16595 ], [ 73.4964, 19.16729 ], [ 73.49478, 19.16902 ], [ 73.49487, 19.17089 ], [ 73.49667, 19.17043 ], [ 73.49784, 19.16854 ], [ 73.5002, 19.16873 ], [ 73.49969, 19.17754 ], [ 73.50264, 19.18105 ], [ 73.51198, 19.18075 ], [ 73.51237, 19.18246 ], [ 73.5137, 19.18197 ], [ 73.51671, 19.1829 ], [ 73.51811, 19.18101 ], [ 73.51948, 19.18059 ], [ 73.52203, 19.17651 ], [ 73.52377, 19.17863 ], [ 73.52112, 19.17982 ], [ 73.52145, 19.1808 ], [ 73.52556, 19.18082 ], [ 73.5267, 19.18162 ], [ 73.52313, 19.18437 ], [ 73.52206, 19.18684 ], [ 73.52465, 19.19804 ], [ 73.52692, 19.20085 ], [ 73.53208, 19.19905 ], [ 73.53148, 19.20348 ], [ 73.54324, 19.20246 ], [ 73.54891, 19.19461 ], [ 73.54932, 19.19075 ], [ 73.55526, 19.19512 ], [ 73.5582, 19.19546 ], [ 73.56275, 19.18927 ], [ 73.57332, 19.19289 ], [ 73.57456, 19.19248 ], [ 73.57509, 19.1912 ], [ 73.57752, 19.19118 ], [ 73.57965, 19.19013 ], [ 73.58452, 19.19072 ], [ 73.58558, 19.19397 ], [ 73.58682, 19.20567 ], [ 73.58467, 19.20751 ], [ 73.58499, 19.20928 ], [ 73.58989, 19.2075 ], [ 73.58967, 19.20876 ], [ 73.58675, 19.2103 ], [ 73.58784, 19.21174 ], [ 73.59347, 19.20901 ], [ 73.59369, 19.20965 ], [ 73.58786, 19.21325 ], [ 73.59151, 19.21525 ], [ 73.59196, 19.21222 ], [ 73.59397, 19.21073 ], [ 73.59707, 19.22106 ], [ 73.60099, 19.224 ], [ 73.61435, 19.22631 ], [ 73.61993, 19.22143 ], [ 73.62524, 19.22245 ], [ 73.62624, 19.22402 ], [ 73.63311, 19.22693 ], [ 73.63731, 19.22993 ], [ 73.64011, 19.23418 ], [ 73.64134, 19.23273 ], [ 73.6432, 19.2322 ], [ 73.64132, 19.23443 ], [ 73.64291, 19.23875 ], [ 73.64064, 19.2396 ], [ 73.64307, 19.24179 ], [ 73.64324, 19.24422 ], [ 73.64626, 19.24571 ], [ 73.65326, 19.25206 ], [ 73.65496, 19.25594 ], [ 73.66871, 19.25679 ], [ 73.67634, 19.25983 ], [ 73.67797, 19.26137 ], [ 73.67958, 19.26139 ], [ 73.68208, 19.2591 ], [ 73.69722, 19.25928 ], [ 73.70025, 19.2709 ], [ 73.70733, 19.27472 ], [ 73.7099, 19.27501 ], [ 73.70985, 19.2728 ], [ 73.70511, 19.26775 ], [ 73.70485, 19.26342 ], [ 73.70773, 19.26327 ] ], [ [ 73.61238, 19.20424 ], [ 73.61053, 19.19626 ], [ 73.60873, 19.19259 ], [ 73.60717, 19.1925 ], [ 73.60445, 19.19543 ], [ 73.60373, 19.19298 ], [ 73.60149, 19.19435 ], [ 73.59876, 19.19384 ], [ 73.59774, 19.19259 ], [ 73.59467, 19.19475 ], [ 73.59184, 19.19087 ], [ 73.58691, 19.19042 ], [ 73.58086, 19.18804 ], [ 73.5763, 19.1909 ], [ 73.5738, 19.19091 ], [ 73.57388, 19.1921 ], [ 73.56271, 19.18819 ], [ 73.55794, 19.19431 ], [ 73.55659, 19.19349 ], [ 73.55563, 19.19388 ], [ 73.54765, 19.18897 ], [ 73.54666, 19.19471 ], [ 73.54278, 19.20162 ], [ 73.53434, 19.20158 ], [ 73.53253, 19.19791 ], [ 73.5271, 19.19983 ], [ 73.52593, 19.19843 ], [ 73.5232, 19.18728 ], [ 73.52782, 19.181 ], [ 73.52468, 19.17874 ], [ 73.52237, 19.17564 ], [ 73.52385, 19.17201 ], [ 73.52276, 19.17194 ], [ 73.52027, 19.17433 ], [ 73.5091, 19.18023 ], [ 73.50204, 19.17819 ], [ 73.50112, 19.16803 ], [ 73.49816, 19.16786 ], [ 73.49746, 19.16648 ], [ 73.49723, 19.16038 ], [ 73.49805, 19.1573 ], [ 73.49442, 19.15531 ], [ 73.49312, 19.1536 ], [ 73.49284, 19.14824 ], [ 73.48994, 19.14465 ], [ 73.48886, 19.14192 ], [ 73.48531, 19.14127 ], [ 73.48566, 19.13817 ], [ 73.48802, 19.13548 ], [ 73.49105, 19.13461 ], [ 73.49528, 19.12698 ], [ 73.49778, 19.1246 ], [ 73.50168, 19.12482 ], [ 73.50764, 19.12695 ], [ 73.50727, 19.13034 ], [ 73.50397, 19.1355 ], [ 73.50499, 19.1366 ], [ 73.50886, 19.13727 ], [ 73.51199, 19.13477 ], [ 73.51404, 19.13192 ], [ 73.51709, 19.13076 ], [ 73.518, 19.13111 ], [ 73.51721, 19.13626 ], [ 73.52122, 19.13456 ], [ 73.52092, 19.13202 ], [ 73.51875, 19.12922 ], [ 73.5275, 19.12927 ], [ 73.52687, 19.12686 ], [ 73.52415, 19.12299 ], [ 73.52682, 19.12032 ], [ 73.52341, 19.11492 ], [ 73.52287, 19.11103 ], [ 73.52042, 19.10539 ], [ 73.5202, 19.10137 ], [ 73.52185, 19.09997 ], [ 73.51998, 19.09987 ], [ 73.51654, 19.09697 ], [ 73.51476, 19.09674 ], [ 73.51467, 19.09579 ], [ 73.51626, 19.08509 ], [ 73.51968, 19.08431 ], [ 73.53163, 19.08627 ], [ 73.52511, 19.07565 ], [ 73.52369, 19.07096 ], [ 73.52729, 19.05601 ], [ 73.52447, 19.05615 ], [ 73.52031, 19.05769 ], [ 73.52023, 19.04907 ], [ 73.51755, 19.04713 ], [ 73.51751, 19.0452 ], [ 73.52197, 19.04634 ], [ 73.54232, 19.04825 ], [ 73.54044, 19.04339 ], [ 73.53749, 19.02822 ], [ 73.54262, 19.02866 ], [ 73.54522, 19.02702 ], [ 73.54726, 19.02447 ], [ 73.54696, 19.02177 ], [ 73.54293, 19.01634 ], [ 73.55368, 19.01176 ], [ 73.55846, 19.01277 ], [ 73.56193, 19.01713 ], [ 73.56405, 19.01829 ], [ 73.56543, 19.01867 ], [ 73.56893, 19.01768 ], [ 73.56982, 19.02085 ], [ 73.58098, 19.02475 ], [ 73.58056, 19.02889 ], [ 73.58451, 19.03313 ], [ 73.58436, 19.03802 ], [ 73.58536, 19.03956 ], [ 73.58526, 19.04119 ], [ 73.58349, 19.04941 ], [ 73.58116, 19.05418 ], [ 73.57916, 19.071 ], [ 73.58812, 19.08013 ], [ 73.59252, 19.07979 ], [ 73.59218, 19.08512 ], [ 73.58623, 19.0879 ], [ 73.58274, 19.09112 ], [ 73.58229, 19.09585 ], [ 73.58321, 19.10076 ], [ 73.58182, 19.10511 ], [ 73.58381, 19.11035 ], [ 73.58242, 19.11353 ], [ 73.58246, 19.11799 ], [ 73.58383, 19.11852 ], [ 73.58364, 19.12148 ], [ 73.5847, 19.12451 ], [ 73.58412, 19.12766 ], [ 73.58759, 19.12858 ], [ 73.59008, 19.12631 ], [ 73.59104, 19.12407 ], [ 73.6011, 19.12155 ], [ 73.61213, 19.12248 ], [ 73.61595, 19.12582 ], [ 73.62132, 19.12454 ], [ 73.6235, 19.12699 ], [ 73.62608, 19.12729 ], [ 73.62751, 19.12939 ], [ 73.62693, 19.13126 ], [ 73.62378, 19.13205 ], [ 73.62323, 19.13449 ], [ 73.62826, 19.1405 ], [ 73.63013, 19.14046 ], [ 73.63093, 19.14273 ], [ 73.6325, 19.15263 ], [ 73.63204, 19.16204 ], [ 73.63385, 19.16635 ], [ 73.63401, 19.17201 ], [ 73.63752, 19.17178 ], [ 73.63645, 19.17629 ], [ 73.63118, 19.17618 ], [ 73.62611, 19.16951 ], [ 73.62273, 19.15769 ], [ 73.62269, 19.15531 ], [ 73.62083, 19.15167 ], [ 73.61899, 19.14916 ], [ 73.61271, 19.14616 ], [ 73.6108, 19.14204 ], [ 73.60389, 19.14321 ], [ 73.60468, 19.14524 ], [ 73.60623, 19.14658 ], [ 73.6041, 19.15176 ], [ 73.59722, 19.15167 ], [ 73.59712, 19.1533 ], [ 73.60238, 19.15606 ], [ 73.60137, 19.16102 ], [ 73.60046, 19.16136 ], [ 73.59692, 19.15949 ], [ 73.59655, 19.16165 ], [ 73.59313, 19.16338 ], [ 73.59199, 19.16652 ], [ 73.59351, 19.16945 ], [ 73.59561, 19.16931 ], [ 73.59796, 19.17081 ], [ 73.60089, 19.17551 ], [ 73.60736, 19.18196 ], [ 73.61247, 19.18525 ], [ 73.61726, 19.18682 ], [ 73.62263, 19.19148 ], [ 73.62385, 19.19613 ], [ 73.62467, 19.20523 ], [ 73.62463, 19.21831 ], [ 73.61113, 19.2116 ], [ 73.61238, 19.20424 ] ] ] } },
{ "type": "Feature", "properties": { "Name": "Sanjay Gandhi National Park" }, "geometry": { "type": "MultiPolygon", "coordinates": [ [ [ [ 72.91832, 19.35137 ], [ 72.92559, 19.34438 ], [ 72.93, 19.33814 ], [ 72.93073, 19.33309 ], [ 72.93455, 19.32955 ], [ 72.93506, 19.32422 ], [ 72.93756, 19.3227 ], [ 72.93998, 19.30316 ], [ 72.93785, 19.29921 ], [ 72.93861, 19.29092 ], [ 72.93488, 19.28696 ], [ 72.93439, 19.28407 ], [ 72.93983, 19.2849 ], [ 72.94057, 19.28805 ], [ 72.9425, 19.28743 ], [ 72.94486, 19.28553 ], [ 72.94507, 19.28244 ], [ 72.9458, 19.28191 ], [ 72.94473, 19.27613 ], [ 72.94994, 19.27661 ], [ 72.95121, 19.2731 ], [ 72.95345, 19.2743 ], [ 72.95201, 19.27143 ], [ 72.95446, 19.26823 ], [ 72.95576, 19.27068 ], [ 72.95706, 19.27052 ], [ 72.95777, 19.2677 ], [ 72.95687, 19.26577 ], [ 72.95444, 19.26611 ], [ 72.95383, 19.25725 ], [ 72.9547, 19.25714 ], [ 72.95482, 19.2605 ], [ 72.957, 19.26259 ], [ 72.96001, 19.2613 ], [ 72.96136, 19.25902 ], [ 72.96083, 19.25801 ], [ 72.9619, 19.25742 ], [ 72.96423, 19.25985 ], [ 72.97063, 19.25926 ], [ 72.97014, 19.25506 ], [ 72.96799, 19.25126 ], [ 72.96926, 19.25035 ], [ 72.97216, 19.25584 ], [ 72.9763, 19.25046 ], [ 72.97619, 19.24073 ], [ 72.97599, 19.23982 ], [ 72.97204, 19.23975 ], [ 72.96731, 19.23848 ], [ 72.96567, 19.23982 ], [ 72.9645, 19.23816 ], [ 72.96726, 19.23529 ], [ 72.96281, 19.23206 ], [ 72.9598, 19.22756 ], [ 72.95848, 19.22742 ], [ 72.95826, 19.22562 ], [ 72.9551, 19.22416 ], [ 72.95187, 19.22049 ], [ 72.95004, 19.22166 ], [ 72.94688, 19.2157 ], [ 72.94703, 19.21245 ], [ 72.94827, 19.21251 ], [ 72.94974, 19.20919 ], [ 72.95451, 19.20815 ], [ 72.95429, 19.20572 ], [ 72.94504, 19.20773 ], [ 72.9438, 19.20524 ], [ 72.94189, 19.20357 ], [ 72.9424, 19.19532 ], [ 72.9402, 19.1895 ], [ 72.94071, 19.18742 ], [ 72.93969, 19.18624 ], [ 72.93785, 19.18596 ], [ 72.93851, 19.18146 ], [ 72.93792, 19.18118 ], [ 72.93917, 19.17882 ], [ 72.93682, 19.17702 ], [ 72.93499, 19.17778 ], [ 72.93132, 19.17251 ], [ 72.93183, 19.1671 ], [ 72.93146, 19.1662 ], [ 72.92978, 19.16627 ], [ 72.92649, 19.15828 ], [ 72.92645, 19.15317 ], [ 72.92149, 19.14367 ], [ 72.91674, 19.14136 ], [ 72.90041, 19.13624 ], [ 72.89733, 19.13444 ], [ 72.89733, 19.1309 ], [ 72.88616, 19.12687 ], [ 72.88835, 19.13179 ], [ 72.88236, 19.13187 ], [ 72.88004, 19.13592 ], [ 72.87611, 19.12894 ], [ 72.8738, 19.1282 ], [ 72.87206, 19.13527 ], [ 72.87261, 19.13875 ], [ 72.85415, 19.1394 ], [ 72.8595, 19.16696 ], [ 72.88061, 19.16677 ], [ 72.88709, 19.16892 ], [ 72.88689, 19.18143 ], [ 72.87152, 19.18057 ], [ 72.86503, 19.17803 ], [ 72.86167, 19.17881 ], [ 72.86138, 19.18386 ], [ 72.86237, 19.18467 ], [ 72.86234, 19.18663 ], [ 72.86324, 19.18803 ], [ 72.86329, 19.19136 ], [ 72.86648, 19.19199 ], [ 72.86867, 19.18993 ], [ 72.87491, 19.19713 ], [ 72.87424, 19.19799 ], [ 72.87839, 19.20288 ], [ 72.87608, 19.20298 ], [ 72.87893, 19.20632 ], [ 72.87818, 19.2098 ], [ 72.87687, 19.20826 ], [ 72.8758, 19.21616 ], [ 72.86804, 19.22409 ], [ 72.86415, 19.22998 ], [ 72.86239, 19.23026 ], [ 72.86217, 19.23518 ], [ 72.86797, 19.23269 ], [ 72.87237, 19.23636 ], [ 72.87509, 19.24371 ], [ 72.87421, 19.2444 ], [ 72.87472, 19.24599 ], [ 72.87391, 19.24939 ], [ 72.87252, 19.24904 ], [ 72.87156, 19.25306 ], [ 72.87362, 19.25306 ], [ 72.87266, 19.25736 ], [ 72.87318, 19.26214 ], [ 72.87604, 19.26214 ], [ 72.87619, 19.26304 ], [ 72.87868, 19.26491 ], [ 72.87986, 19.26269 ], [ 72.88089, 19.26658 ], [ 72.88206, 19.26789 ], [ 72.88793, 19.26817 ], [ 72.89094, 19.26346 ], [ 72.89571, 19.25971 ], [ 72.89711, 19.26138 ], [ 72.89652, 19.26858 ], [ 72.89806, 19.27066 ], [ 72.89777, 19.27219 ], [ 72.89601, 19.27551 ], [ 72.89263, 19.276 ], [ 72.8916, 19.28071 ], [ 72.89058, 19.28147 ], [ 72.88874, 19.2884 ], [ 72.88962, 19.28951 ], [ 72.88962, 19.29478 ], [ 72.89403, 19.29214 ], [ 72.89513, 19.29055 ], [ 72.8952, 19.28861 ], [ 72.89858, 19.28515 ], [ 72.901, 19.28605 ], [ 72.90298, 19.28196 ], [ 72.90261, 19.2796 ], [ 72.90724, 19.27939 ], [ 72.9054, 19.28286 ], [ 72.9068, 19.28424 ], [ 72.90438, 19.28591 ], [ 72.90474, 19.2891 ], [ 72.91095, 19.28943 ], [ 72.91118, 19.29208 ], [ 72.90685, 19.29252 ], [ 72.90574, 19.29638 ], [ 72.90692, 19.2986 ], [ 72.89976, 19.31171 ], [ 72.89954, 19.31539 ], [ 72.90042, 19.31701 ], [ 72.89939, 19.31763 ], [ 72.89848, 19.32001 ], [ 72.89569, 19.31981 ], [ 72.89395, 19.32166 ], [ 72.89428, 19.32349 ], [ 72.89255, 19.32814 ], [ 72.89707, 19.32768 ], [ 72.89662, 19.3324 ], [ 72.8944, 19.33677 ], [ 72.89233, 19.34833 ], [ 72.89569, 19.34415 ], [ 72.89815, 19.34382 ], [ 72.89978, 19.33881 ], [ 72.90526, 19.33744 ], [ 72.90868, 19.34361 ], [ 72.90929, 19.34687 ], [ 72.90871, 19.35172 ], [ 72.91832, 19.35137 ] ], [ [ 72.96515, 19.24512 ], [ 72.96725, 19.24803 ], [ 72.97061, 19.2483 ], [ 72.97517, 19.24532 ], [ 72.97517, 19.24989 ], [ 72.97208, 19.25432 ], [ 72.96956, 19.24883 ], [ 72.96683, 19.25088 ], [ 72.96921, 19.25518 ], [ 72.96907, 19.25809 ], [ 72.96487, 19.25822 ], [ 72.96207, 19.25518 ], [ 72.96123, 19.24532 ], [ 72.96515, 19.24512 ] ], [ [ 72.92151, 19.2884 ], [ 72.91355, 19.28901 ], [ 72.91034, 19.28749 ], [ 72.90931, 19.28301 ], [ 72.91394, 19.27537 ], [ 72.91689, 19.27428 ], [ 72.9192, 19.27464 ], [ 72.92286, 19.27046 ], [ 72.92119, 19.26907 ], [ 72.92151, 19.26695 ], [ 72.91849, 19.26331 ], [ 72.91593, 19.26404 ], [ 72.91715, 19.26495 ], [ 72.91708, 19.2661 ], [ 72.91606, 19.26713 ], [ 72.91439, 19.26731 ], [ 72.91169, 19.27392 ], [ 72.90803, 19.27222 ], [ 72.90687, 19.27234 ], [ 72.90681, 19.27301 ], [ 72.90309, 19.27283 ], [ 72.90039, 19.2784 ], [ 72.89525, 19.2838 ], [ 72.89423, 19.28658 ], [ 72.89609, 19.28664 ], [ 72.89365, 19.28816 ], [ 72.89204, 19.29228 ], [ 72.89082, 19.29216 ], [ 72.89005, 19.28622 ], [ 72.89114, 19.28289 ], [ 72.89288, 19.28028 ], [ 72.89358, 19.27737 ], [ 72.89654, 19.27628 ], [ 72.89872, 19.27313 ], [ 72.89904, 19.26913 ], [ 72.89776, 19.26774 ], [ 72.89789, 19.26046 ], [ 72.89628, 19.25828 ], [ 72.89153, 19.26174 ], [ 72.88793, 19.26652 ], [ 72.88248, 19.26652 ], [ 72.88164, 19.26083 ], [ 72.87811, 19.2624 ], [ 72.87842, 19.26055 ], [ 72.88107, 19.25624 ], [ 72.88945, 19.25054 ], [ 72.87785, 19.25131 ], [ 72.8771, 19.24569 ], [ 72.8756, 19.24571 ], [ 72.87599, 19.24325 ], [ 72.87522, 19.24058 ], [ 72.87984, 19.24082 ], [ 72.8837, 19.24246 ], [ 72.88787, 19.23943 ], [ 72.89031, 19.2384 ], [ 72.89333, 19.23846 ], [ 72.89628, 19.23658 ], [ 72.8959, 19.22294 ], [ 72.88626, 19.21833 ], [ 72.88402, 19.22052 ], [ 72.87729, 19.21554 ], [ 72.88607, 19.20045 ], [ 72.89682, 19.20564 ], [ 72.89362, 19.1924 ], [ 72.88852, 19.19501 ], [ 72.87628, 19.19727 ], [ 72.87086, 19.18917 ], [ 72.86782, 19.18896 ], [ 72.86624, 19.1911 ], [ 72.86411, 19.19087 ], [ 72.86336, 19.18381 ], [ 72.86234, 19.18375 ], [ 72.86255, 19.17919 ], [ 72.86492, 19.17895 ], [ 72.86523, 19.18042 ], [ 72.86635, 19.18049 ], [ 72.86642, 19.17952 ], [ 72.87034, 19.18165 ], [ 72.88813, 19.18292 ], [ 72.88838, 19.16952 ], [ 72.89243, 19.17007 ], [ 72.89249, 19.16916 ], [ 72.89069, 19.16491 ], [ 72.89198, 19.16109 ], [ 72.88954, 19.15879 ], [ 72.88896, 19.15709 ], [ 72.89346, 19.15454 ], [ 72.89456, 19.15174 ], [ 72.89551, 19.14326 ], [ 72.89628, 19.14302 ], [ 72.89679, 19.14769 ], [ 72.89885, 19.14799 ], [ 72.89917, 19.1452 ], [ 72.90084, 19.14611 ], [ 72.9011, 19.15102 ], [ 72.89898, 19.15114 ], [ 72.89859, 19.15363 ], [ 72.90052, 19.15461 ], [ 72.90264, 19.15961 ], [ 72.90167, 19.16728 ], [ 72.90527, 19.16782 ], [ 72.907, 19.16946 ], [ 72.9106, 19.17613 ], [ 72.91137, 19.18201 ], [ 72.91946, 19.18098 ], [ 72.91779, 19.17571 ], [ 72.9237, 19.17364 ], [ 72.92755, 19.17346 ], [ 72.92896, 19.16819 ], [ 72.93018, 19.16885 ], [ 72.93057, 19.17286 ], [ 72.93455, 19.17837 ], [ 72.93666, 19.17771 ], [ 72.93833, 19.17898 ], [ 72.93647, 19.18747 ], [ 72.9391, 19.18874 ], [ 72.94148, 19.19444 ], [ 72.94077, 19.20172 ], [ 72.94129, 19.20366 ], [ 72.94495, 19.20821 ], [ 72.95355, 19.20657 ], [ 72.95361, 19.20718 ], [ 72.94809, 19.20972 ], [ 72.94809, 19.21172 ], [ 72.94604, 19.21172 ], [ 72.94578, 19.21591 ], [ 72.94931, 19.22146 ], [ 72.95085, 19.2223 ], [ 72.95188, 19.22136 ], [ 72.95355, 19.22427 ], [ 72.95772, 19.22694 ], [ 72.96403, 19.23511 ], [ 72.95739, 19.23685 ], [ 72.95941, 19.24271 ], [ 72.95085, 19.24864 ], [ 72.95689, 19.25634 ], [ 72.95657, 19.26046 ], [ 72.95599, 19.26028 ], [ 72.95548, 19.2564 ], [ 72.95304, 19.2544 ], [ 72.95035, 19.26047 ], [ 72.94617, 19.26434 ], [ 72.94212, 19.26464 ], [ 72.94084, 19.26355 ], [ 72.93864, 19.26549 ], [ 72.93826, 19.27401 ], [ 72.933, 19.27858 ], [ 72.92729, 19.28604 ], [ 72.92678, 19.28816 ], [ 72.92761, 19.28949 ], [ 72.92703, 19.29022 ], [ 72.92357, 19.28992 ], [ 72.92151, 19.2884 ] ], [ [ 72.909, 19.33993 ], [ 72.90882, 19.33869 ], [ 72.91108, 19.33393 ], [ 72.91245, 19.32692 ], [ 72.91149, 19.32675 ], [ 72.90912, 19.32832 ], [ 72.90799, 19.33242 ], [ 72.90347, 19.33422 ], [ 72.89872, 19.33387 ], [ 72.89997, 19.31997 ], [ 72.90537, 19.31778 ], [ 72.9093, 19.31778 ], [ 72.9087, 19.31694 ], [ 72.90971, 19.30971 ], [ 72.90716, 19.31144 ], [ 72.90475, 19.31605 ], [ 72.90157, 19.31498 ], [ 72.90104, 19.31363 ], [ 72.90835, 19.30174 ], [ 72.91104, 19.29336 ], [ 72.91375, 19.29221 ], [ 72.92064, 19.29173 ], [ 72.92308, 19.29321 ], [ 72.92978, 19.29296 ], [ 72.93291, 19.29098 ], [ 72.93698, 19.29102 ], [ 72.93592, 19.30034 ], [ 72.93924, 19.30421 ], [ 72.93746, 19.30959 ], [ 72.93728, 19.31632 ], [ 72.93621, 19.32103 ], [ 72.93431, 19.32384 ], [ 72.93318, 19.32967 ], [ 72.93157, 19.3312 ], [ 72.92958, 19.33106 ], [ 72.92868, 19.3303 ], [ 72.92793, 19.32414 ], [ 72.92659, 19.32412 ], [ 72.92344, 19.33134 ], [ 72.91764, 19.33557 ], [ 72.91399, 19.34116 ], [ 72.91161, 19.34167 ], [ 72.91108, 19.34038 ], [ 72.909, 19.33993 ] ], [ [ 72.91726, 19.14795 ], [ 72.91736, 19.14649 ], [ 72.91632, 19.14526 ], [ 72.91152, 19.14808 ], [ 72.91102, 19.14328 ], [ 72.90991, 19.14312 ], [ 72.90995, 19.14098 ], [ 72.90463, 19.14084 ], [ 72.90498, 19.1432 ], [ 72.90246, 19.14266 ], [ 72.89939, 19.13926 ], [ 72.90203, 19.13932 ], [ 72.90207, 19.13809 ], [ 72.90351, 19.13757 ], [ 72.90434, 19.14017 ], [ 72.90949, 19.14049 ], [ 72.92023, 19.14368 ], [ 72.92177, 19.14459 ], [ 72.92141, 19.15171 ], [ 72.91726, 19.14795 ] ] ], [ [ [ 72.95176, 19.23908 ], [ 72.95193, 19.2338 ], [ 72.94907, 19.23232 ], [ 72.94895, 19.23157 ], [ 72.9509, 19.22817 ], [ 72.95106, 19.22579 ], [ 72.94651, 19.22333 ], [ 72.94556, 19.2236 ], [ 72.94502, 19.2297 ], [ 72.94423, 19.23126 ], [ 72.93962, 19.23586 ], [ 72.93761, 19.23994 ], [ 72.94009, 19.24033 ], [ 72.94096, 19.24498 ], [ 72.94311, 19.24717 ], [ 72.94605, 19.24846 ], [ 72.94763, 19.24767 ], [ 72.94932, 19.24244 ], [ 72.95176, 19.23908 ] ] ], [ [ [ 72.92849, 19.28077 ], [ 72.92756, 19.27727 ], [ 72.9235, 19.2729 ], [ 72.92157, 19.27512 ], [ 72.92057, 19.27835 ], [ 72.91259, 19.27922 ], [ 72.90988, 19.28279 ], [ 72.91038, 19.28387 ], [ 72.91494, 19.28064 ], [ 72.91622, 19.28077 ], [ 72.919, 19.28306 ], [ 72.92228, 19.28111 ], [ 72.92321, 19.28279 ], [ 72.92143, 19.28494 ], [ 72.9215, 19.28669 ], [ 72.92542, 19.28198 ], [ 72.92849, 19.28077 ] ] ] ] } },
{ "type": "Feature", "properties": { "Name": "Phansad WLS" }, "geometry": { "type": "Polygon", "coordinates": [ [ [ 72.97413, 18.42231 ], [ 72.97549, 18.42219 ], [ 72.97605, 18.42819 ], [ 72.97935, 18.42765 ], [ 72.97768, 18.42683 ], [ 72.97679, 18.42342 ], [ 72.98033, 18.41796 ], [ 72.98872, 18.41141 ], [ 72.98963, 18.41216 ], [ 72.99045, 18.41156 ], [ 72.99152, 18.41271 ], [ 72.99156, 18.41426 ], [ 72.99358, 18.41543 ], [ 72.9948, 18.41403 ], [ 72.9947, 18.41012 ], [ 72.99622, 18.40715 ], [ 73.00263, 18.40411 ], [ 73.00478, 18.39942 ], [ 73.01212, 18.39597 ], [ 73.01568, 18.39527 ], [ 73.01545, 18.39414 ], [ 73.01694, 18.39321 ], [ 73.01485, 18.39146 ], [ 73.01533, 18.39086 ], [ 73.01895, 18.39001 ], [ 73.01979, 18.39012 ], [ 73.02007, 18.3914 ], [ 73.0225, 18.39004 ], [ 73.02294, 18.38751 ], [ 73.02734, 18.38849 ], [ 73.02663, 18.3831 ], [ 73.02767, 18.38137 ], [ 73.02815, 18.37731 ], [ 73.03143, 18.37756 ], [ 73.03347, 18.37685 ], [ 73.03317, 18.37596 ], [ 73.03538, 18.37405 ], [ 73.03523, 18.37258 ], [ 73.03791, 18.36983 ], [ 73.03827, 18.36632 ], [ 73.04068, 18.36608 ], [ 73.042, 18.36761 ], [ 73.04101, 18.36931 ], [ 73.04175, 18.37074 ], [ 73.04052, 18.37323 ], [ 73.04289, 18.3767 ], [ 73.04178, 18.37848 ], [ 73.04178, 18.38028 ], [ 73.04047, 18.38077 ], [ 73.04392, 18.38091 ], [ 73.04519, 18.37637 ], [ 73.04446, 18.37421 ], [ 73.04482, 18.37257 ], [ 73.0465, 18.37214 ], [ 73.04799, 18.37408 ], [ 73.04576, 18.37994 ], [ 73.04435, 18.38161 ], [ 73.04456, 18.38293 ], [ 73.05329, 18.3815 ], [ 73.05627, 18.37707 ], [ 73.05956, 18.37508 ], [ 73.05921, 18.37204 ], [ 73.06056, 18.37007 ], [ 73.06102, 18.36431 ], [ 73.06042, 18.36361 ], [ 73.06186, 18.35577 ], [ 73.06692, 18.34951 ], [ 73.06013, 18.34818 ], [ 73.05658, 18.34402 ], [ 73.05488, 18.34353 ], [ 73.05228, 18.34501 ], [ 73.04945, 18.34378 ], [ 73.04909, 18.34116 ], [ 73.04987, 18.33946 ], [ 73.03893, 18.33784 ], [ 73.03846, 18.33729 ], [ 73.04049, 18.33026 ], [ 73.03769, 18.3296 ], [ 73.03694, 18.33471 ], [ 73.03488, 18.33741 ], [ 73.03524, 18.34123 ], [ 73.03053, 18.34212 ], [ 73.02125, 18.35372 ], [ 73.02206, 18.35515 ], [ 73.02004, 18.36117 ], [ 73.02294, 18.36309 ], [ 73.01676, 18.36964 ], [ 73.01585, 18.37343 ], [ 73.01323, 18.37267 ], [ 73.01225, 18.37388 ], [ 73.01547, 18.37724 ], [ 73.01773, 18.38232 ], [ 73.01435, 18.38214 ], [ 73.01418, 18.38103 ], [ 73.01311, 18.38093 ], [ 73.00891, 18.38201 ], [ 73.00793, 18.38338 ], [ 73.0085, 18.37859 ], [ 73.01029, 18.37487 ], [ 73.00945, 18.37414 ], [ 73.00422, 18.37411 ], [ 73.00772, 18.36763 ], [ 73.00132, 18.35572 ], [ 72.99928, 18.35035 ], [ 73.00019, 18.34936 ], [ 73.00692, 18.35082 ], [ 73.00677, 18.34865 ], [ 73.01152, 18.34673 ], [ 73.0127, 18.3454 ], [ 73.01344, 18.3424 ], [ 73.01314, 18.33589 ], [ 73.00068, 18.33824 ], [ 72.99821, 18.33637 ], [ 72.99583, 18.34233 ], [ 72.99276, 18.34425 ], [ 72.99046, 18.34865 ], [ 72.98649, 18.34649 ], [ 72.98043, 18.34769 ], [ 72.97681, 18.34637 ], [ 72.97646, 18.34513 ], [ 72.9775, 18.34246 ], [ 72.96448, 18.34404 ], [ 72.96395, 18.34543 ], [ 72.96551, 18.34754 ], [ 72.96384, 18.34803 ], [ 72.961, 18.34599 ], [ 72.95963, 18.34639 ], [ 72.95839, 18.34432 ], [ 72.95505, 18.34403 ], [ 72.95397, 18.34261 ], [ 72.95361, 18.33976 ], [ 72.95664, 18.33684 ], [ 72.95592, 18.33447 ], [ 72.95397, 18.33409 ], [ 72.94896, 18.33757 ], [ 72.94812, 18.33987 ], [ 72.94671, 18.34114 ], [ 72.94686, 18.34255 ], [ 72.94496, 18.34498 ], [ 72.94419, 18.34847 ], [ 72.94565, 18.34956 ], [ 72.93937, 18.35118 ], [ 72.93814, 18.35414 ], [ 72.93928, 18.35602 ], [ 72.93691, 18.35833 ], [ 72.93371, 18.35849 ], [ 72.93309, 18.36016 ], [ 72.9361, 18.36089 ], [ 72.94066, 18.35786 ], [ 72.94193, 18.35806 ], [ 72.94253, 18.35875 ], [ 72.94227, 18.3637 ], [ 72.94639, 18.36128 ], [ 72.94861, 18.35741 ], [ 72.9505, 18.35787 ], [ 72.95201, 18.35681 ], [ 72.95773, 18.35583 ], [ 72.96159, 18.35423 ], [ 72.96244, 18.36111 ], [ 72.96359, 18.36003 ], [ 72.96539, 18.36172 ], [ 72.96737, 18.35942 ], [ 72.96393, 18.35403 ], [ 72.96252, 18.35356 ], [ 72.96349, 18.35223 ], [ 72.96959, 18.34965 ], [ 72.97173, 18.35131 ], [ 72.97068, 18.35293 ], [ 72.97198, 18.35521 ], [ 72.97489, 18.3533 ], [ 72.97619, 18.35462 ], [ 72.97917, 18.35552 ], [ 72.98081, 18.35777 ], [ 72.98377, 18.35797 ], [ 72.98421, 18.36118 ], [ 72.98668, 18.36459 ], [ 72.98609, 18.36757 ], [ 72.98236, 18.37163 ], [ 72.98466, 18.37373 ], [ 72.98237, 18.377 ], [ 72.98533, 18.37885 ], [ 72.98708, 18.38768 ], [ 72.98577, 18.38988 ], [ 72.97991, 18.39262 ], [ 72.97943, 18.39352 ], [ 72.98076, 18.39482 ], [ 72.98354, 18.39584 ], [ 72.98613, 18.39552 ], [ 72.98967, 18.39758 ], [ 72.98443, 18.40324 ], [ 72.98258, 18.40233 ], [ 72.9775, 18.40224 ], [ 72.97455, 18.39791 ], [ 72.9672, 18.39923 ], [ 72.96482, 18.4034 ], [ 72.95987, 18.40699 ], [ 72.95659, 18.4047 ], [ 72.95487, 18.40471 ], [ 72.95215, 18.4065 ], [ 72.94787, 18.40352 ], [ 72.94708, 18.40141 ], [ 72.9462, 18.40099 ], [ 72.94265, 18.40209 ], [ 72.94274, 18.40499 ], [ 72.94191, 18.40404 ], [ 72.93586, 18.4026 ], [ 72.93015, 18.40303 ], [ 72.92511, 18.40516 ], [ 72.92464, 18.40606 ], [ 72.92532, 18.40773 ], [ 72.92917, 18.40773 ], [ 72.93064, 18.40932 ], [ 72.92754, 18.4107 ], [ 72.92312, 18.40825 ], [ 72.92316, 18.40672 ], [ 72.92134, 18.40499 ], [ 72.91924, 18.40526 ], [ 72.91541, 18.40965 ], [ 72.91458, 18.4108 ], [ 72.91454, 18.41542 ], [ 72.91223, 18.41911 ], [ 72.91204, 18.42146 ], [ 72.90977, 18.42166 ], [ 72.90687, 18.42759 ], [ 72.90978, 18.42825 ], [ 72.91494, 18.42553 ], [ 72.91992, 18.42445 ], [ 72.92024, 18.42154 ], [ 72.92319, 18.42134 ], [ 72.92367, 18.42196 ], [ 72.92194, 18.4229 ], [ 72.9243, 18.42745 ], [ 72.92219, 18.42935 ], [ 72.92196, 18.43081 ], [ 72.92001, 18.43145 ], [ 72.91893, 18.43308 ], [ 72.91748, 18.43245 ], [ 72.91236, 18.43477 ], [ 72.9118, 18.44068 ], [ 72.91245, 18.44364 ], [ 72.90894, 18.44948 ], [ 72.90931, 18.45391 ], [ 72.90615, 18.45459 ], [ 72.90537, 18.45624 ], [ 72.90333, 18.45652 ], [ 72.90133, 18.45995 ], [ 72.8996, 18.45921 ], [ 72.8981, 18.4597 ], [ 72.89753, 18.46462 ], [ 72.90573, 18.46823 ], [ 72.91254, 18.46744 ], [ 72.91274, 18.47153 ], [ 72.90752, 18.47221 ], [ 72.90561, 18.47694 ], [ 72.90627, 18.48073 ], [ 72.90515, 18.48613 ], [ 72.90761, 18.49357 ], [ 72.90546, 18.49391 ], [ 72.90695, 18.49994 ], [ 72.91204, 18.50068 ], [ 72.91155, 18.49395 ], [ 72.91235, 18.48781 ], [ 72.91455, 18.48524 ], [ 72.91549, 18.48231 ], [ 72.91454, 18.48067 ], [ 72.91543, 18.47726 ], [ 72.91705, 18.47645 ], [ 72.92234, 18.47004 ], [ 72.93379, 18.46385 ], [ 72.93542, 18.46207 ], [ 72.93678, 18.45803 ], [ 72.93846, 18.45994 ], [ 72.93858, 18.45626 ], [ 72.94072, 18.45603 ], [ 72.94098, 18.46223 ], [ 72.93916, 18.46159 ], [ 72.93923, 18.4651 ], [ 72.9383, 18.46676 ], [ 72.93562, 18.47025 ], [ 72.93364, 18.47127 ], [ 72.93116, 18.46792 ], [ 72.92915, 18.46824 ], [ 72.92785, 18.47049 ], [ 72.9311, 18.47259 ], [ 72.92909, 18.47298 ], [ 72.92951, 18.47578 ], [ 72.92782, 18.47597 ], [ 72.92767, 18.47698 ], [ 72.93018, 18.47713 ], [ 72.92961, 18.48002 ], [ 72.92782, 18.48049 ], [ 72.92612, 18.47958 ], [ 72.92569, 18.48029 ], [ 72.9297, 18.48199 ], [ 72.93339, 18.47952 ], [ 72.93815, 18.47799 ], [ 72.93804, 18.47295 ], [ 72.94227, 18.46905 ], [ 72.9433, 18.46235 ], [ 72.9456, 18.46242 ], [ 72.94717, 18.46106 ], [ 72.94835, 18.46325 ], [ 72.94703, 18.46421 ], [ 72.94715, 18.46778 ], [ 72.95156, 18.46581 ], [ 72.95573, 18.46543 ], [ 72.95465, 18.46272 ], [ 72.95523, 18.4616 ], [ 72.95216, 18.45322 ], [ 72.95227, 18.44684 ], [ 72.95512, 18.44511 ], [ 72.95884, 18.44446 ], [ 72.96065, 18.44668 ], [ 72.96958, 18.44686 ], [ 72.97261, 18.4461 ], [ 72.97289, 18.4443 ], [ 72.97694, 18.44542 ], [ 72.97752, 18.44363 ], [ 72.97262, 18.44253 ], [ 72.97136, 18.4442 ], [ 72.96957, 18.44475 ], [ 72.96939, 18.44627 ], [ 72.96834, 18.44599 ], [ 72.9684, 18.44511 ], [ 72.96685, 18.44429 ], [ 72.96691, 18.44335 ], [ 72.96843, 18.44242 ], [ 72.96967, 18.43987 ], [ 72.9687, 18.44068 ], [ 72.96102, 18.44116 ], [ 72.95856, 18.44373 ], [ 72.95784, 18.44195 ], [ 72.95811, 18.43887 ], [ 72.96007, 18.43561 ], [ 72.96294, 18.43555 ], [ 72.96207, 18.43164 ], [ 72.96755, 18.43034 ], [ 72.96899, 18.43281 ], [ 72.97172, 18.43063 ], [ 72.97413, 18.42231 ] ], [ [ 72.91379, 18.46636 ], [ 72.90592, 18.46733 ], [ 72.90124, 18.46544 ], [ 72.90387, 18.46042 ], [ 72.91074, 18.45384 ], [ 72.90987, 18.4497 ], [ 72.91108, 18.44868 ], [ 72.91357, 18.44351 ], [ 72.91287, 18.44267 ], [ 72.9125, 18.43571 ], [ 72.9173, 18.43367 ], [ 72.91746, 18.43463 ], [ 72.91978, 18.43434 ], [ 72.92006, 18.43246 ], [ 72.92287, 18.43154 ], [ 72.92298, 18.42987 ], [ 72.92463, 18.42924 ], [ 72.92534, 18.42775 ], [ 72.92401, 18.4249 ], [ 72.92543, 18.42528 ], [ 72.92604, 18.42415 ], [ 72.92492, 18.42379 ], [ 72.92491, 18.42276 ], [ 72.92717, 18.42108 ], [ 72.92339, 18.42041 ], [ 72.91886, 18.42071 ], [ 72.91906, 18.42342 ], [ 72.90955, 18.42736 ], [ 72.90773, 18.42718 ], [ 72.91051, 18.42224 ], [ 72.91294, 18.42246 ], [ 72.91314, 18.41941 ], [ 72.91545, 18.41576 ], [ 72.91615, 18.41223 ], [ 72.91539, 18.41211 ], [ 72.91558, 18.41044 ], [ 72.91986, 18.40597 ], [ 72.92124, 18.40591 ], [ 72.9223, 18.40714 ], [ 72.92127, 18.4089 ], [ 72.92726, 18.41182 ], [ 72.93215, 18.40957 ], [ 72.92959, 18.40678 ], [ 72.9259, 18.40699 ], [ 72.92559, 18.40595 ], [ 72.93039, 18.40392 ], [ 72.93584, 18.40352 ], [ 72.94047, 18.40519 ], [ 72.94156, 18.40489 ], [ 72.94239, 18.40619 ], [ 72.9438, 18.40562 ], [ 72.94339, 18.40267 ], [ 72.94627, 18.4019 ], [ 72.94711, 18.40421 ], [ 72.95116, 18.40643 ], [ 72.95172, 18.40938 ], [ 72.95639, 18.40588 ], [ 72.95951, 18.4084 ], [ 72.96553, 18.40403 ], [ 72.96817, 18.40011 ], [ 72.97397, 18.399 ], [ 72.97668, 18.40311 ], [ 72.98247, 18.40325 ], [ 72.98432, 18.40423 ], [ 72.9858, 18.40381 ], [ 72.99096, 18.39749 ], [ 72.98626, 18.39458 ], [ 72.98364, 18.39493 ], [ 72.98038, 18.39342 ], [ 72.98646, 18.39058 ], [ 72.98809, 18.38783 ], [ 72.98621, 18.37824 ], [ 72.98333, 18.37689 ], [ 72.98591, 18.37369 ], [ 72.98377, 18.37138 ], [ 72.98698, 18.368 ], [ 72.98767, 18.36454 ], [ 72.985, 18.35993 ], [ 72.98464, 18.35728 ], [ 72.9817, 18.35673 ], [ 72.9797, 18.35471 ], [ 72.97663, 18.3538 ], [ 72.97499, 18.35202 ], [ 72.97281, 18.35378 ], [ 72.97164, 18.35291 ], [ 72.97306, 18.35117 ], [ 72.96972, 18.34856 ], [ 72.95668, 18.35513 ], [ 72.94949, 18.35629 ], [ 72.94634, 18.35777 ], [ 72.94577, 18.36058 ], [ 72.94365, 18.3614 ], [ 72.94347, 18.3584 ], [ 72.94241, 18.35717 ], [ 72.94119, 18.35709 ], [ 72.9391, 18.35412 ], [ 72.93974, 18.35248 ], [ 72.94569, 18.35044 ], [ 72.94748, 18.3488 ], [ 72.94514, 18.34836 ], [ 72.94589, 18.3452 ], [ 72.95043, 18.33782 ], [ 72.95437, 18.33493 ], [ 72.95534, 18.33521 ], [ 72.95543, 18.33733 ], [ 72.95278, 18.33928 ], [ 72.95221, 18.34209 ], [ 72.95464, 18.34567 ], [ 72.95796, 18.34514 ], [ 72.95881, 18.34724 ], [ 72.96128, 18.34688 ], [ 72.96273, 18.34923 ], [ 72.96849, 18.34754 ], [ 72.96981, 18.34616 ], [ 72.96829, 18.34483 ], [ 72.97592, 18.34376 ], [ 72.97541, 18.34687 ], [ 72.97613, 18.34757 ], [ 72.98041, 18.34863 ], [ 72.9863, 18.34739 ], [ 72.99095, 18.34979 ], [ 72.9935, 18.34484 ], [ 72.99676, 18.34285 ], [ 72.99832, 18.33784 ], [ 73.00375, 18.34225 ], [ 73.00594, 18.34946 ], [ 72.99983, 18.34836 ], [ 72.99818, 18.35016 ], [ 73.00045, 18.35613 ], [ 73.00678, 18.36782 ], [ 73.0031, 18.37248 ], [ 73.0028, 18.37465 ], [ 73.00935, 18.37505 ], [ 73.00733, 18.37778 ], [ 73.00559, 18.38547 ], [ 73.00785, 18.38481 ], [ 73.00826, 18.38666 ], [ 73.01068, 18.38257 ], [ 73.01316, 18.382 ], [ 73.0131, 18.38287 ], [ 73.01937, 18.38391 ], [ 73.01897, 18.38082 ], [ 73.02065, 18.37859 ], [ 73.01794, 18.37456 ], [ 73.0199, 18.36811 ], [ 73.02653, 18.36035 ], [ 73.02719, 18.35725 ], [ 73.02213, 18.3541 ], [ 73.03121, 18.34276 ], [ 73.03569, 18.34209 ], [ 73.03657, 18.3506 ], [ 73.03845, 18.35101 ], [ 73.03937, 18.35325 ], [ 73.04171, 18.35485 ], [ 73.04009, 18.36081 ], [ 73.03912, 18.36162 ], [ 73.03527, 18.36205 ], [ 73.03339, 18.3639 ], [ 73.0345, 18.36557 ], [ 73.03303, 18.36592 ], [ 73.03242, 18.36814 ], [ 73.02937, 18.37146 ], [ 73.02912, 18.37633 ], [ 73.02728, 18.37644 ], [ 73.02674, 18.38115 ], [ 73.02529, 18.38347 ], [ 73.02571, 18.38634 ], [ 73.02186, 18.38668 ], [ 73.01872, 18.38912 ], [ 73.01476, 18.39005 ], [ 73.011, 18.39602 ], [ 73.00403, 18.39872 ], [ 73.00195, 18.40347 ], [ 73.00009, 18.40375 ], [ 72.99632, 18.40624 ], [ 72.99616, 18.40367 ], [ 72.99001, 18.40921 ], [ 72.9899, 18.4108 ], [ 72.98859, 18.41032 ], [ 72.97958, 18.41737 ], [ 72.9774, 18.42115 ], [ 72.96972, 18.42196 ], [ 72.97477, 18.41164 ], [ 72.97914, 18.40527 ], [ 72.97691, 18.40353 ], [ 72.97379, 18.40758 ], [ 72.97345, 18.4114 ], [ 72.96522, 18.42041 ], [ 72.95837, 18.42262 ], [ 72.95823, 18.41974 ], [ 72.95153, 18.421 ], [ 72.95628, 18.43137 ], [ 72.96328, 18.42692 ], [ 72.96781, 18.42672 ], [ 72.96757, 18.4291 ], [ 72.96193, 18.42956 ], [ 72.96089, 18.43125 ], [ 72.95295, 18.43356 ], [ 72.95009, 18.43746 ], [ 72.94917, 18.44492 ], [ 72.95131, 18.44673 ], [ 72.95119, 18.45336 ], [ 72.95431, 18.46186 ], [ 72.94974, 18.46382 ], [ 72.94743, 18.45952 ], [ 72.94528, 18.46155 ], [ 72.94336, 18.46143 ], [ 72.94556, 18.45621 ], [ 72.94518, 18.45067 ], [ 72.93642, 18.45141 ], [ 72.93633, 18.45636 ], [ 72.93455, 18.46169 ], [ 72.92994, 18.4654 ], [ 72.92172, 18.4693 ], [ 72.91633, 18.47584 ], [ 72.91461, 18.47661 ], [ 72.91348, 18.48094 ], [ 72.91457, 18.48205 ], [ 72.91372, 18.48479 ], [ 72.91109, 18.48767 ], [ 72.91054, 18.49955 ], [ 72.90781, 18.49926 ], [ 72.90644, 18.49465 ], [ 72.90868, 18.49435 ], [ 72.90611, 18.48602 ], [ 72.90724, 18.48069 ], [ 72.90656, 18.47708 ], [ 72.90836, 18.47317 ], [ 72.91354, 18.47233 ], [ 72.9139, 18.46922 ], [ 72.91331, 18.46832 ], [ 72.91379, 18.46636 ] ] ] } },
{ "type": "Feature", "properties": { "Name": "Mayureshwar WLS" }, "geometry": { "type": "MultiPolygon", "coordinates": [ [ [ [ 74.37602, 18.35842 ], [ 74.37683, 18.35693 ], [ 74.38233, 18.35582 ], [ 74.37673, 18.35611 ], [ 74.37421, 18.3586 ], [ 74.36707, 18.3596 ], [ 74.36623, 18.35741 ], [ 74.3595, 18.3536 ], [ 74.34468, 18.35032 ], [ 74.34475, 18.34683 ], [ 74.34929, 18.34754 ], [ 74.34915, 18.34551 ], [ 74.34565, 18.34319 ], [ 74.34407, 18.34319 ], [ 74.34407, 18.34159 ], [ 74.34022, 18.33947 ], [ 74.34187, 18.33834 ], [ 74.34436, 18.33814 ], [ 74.34203, 18.335 ], [ 74.34465, 18.3348 ], [ 74.34492, 18.3382 ], [ 74.34958, 18.33794 ], [ 74.34988, 18.3406 ], [ 74.3523, 18.34129 ], [ 74.3559, 18.34076 ], [ 74.35464, 18.34163 ], [ 74.35601, 18.34437 ], [ 74.36052, 18.34335 ], [ 74.3608, 18.34511 ], [ 74.36315, 18.34256 ], [ 74.36009, 18.34186 ], [ 74.35934, 18.33726 ], [ 74.36605, 18.33674 ], [ 74.36619, 18.33246 ], [ 74.36862, 18.33243 ], [ 74.36863, 18.33162 ], [ 74.36552, 18.33163 ], [ 74.36533, 18.33613 ], [ 74.35857, 18.3367 ], [ 74.35932, 18.34286 ], [ 74.35656, 18.34374 ], [ 74.3556, 18.34197 ], [ 74.3567, 18.34105 ], [ 74.35635, 18.34007 ], [ 74.35072, 18.33999 ], [ 74.3504, 18.33741 ], [ 74.34547, 18.33738 ], [ 74.34546, 18.33389 ], [ 74.34136, 18.33393 ], [ 74.34258, 18.33696 ], [ 74.33943, 18.33875 ], [ 74.33965, 18.34057 ], [ 74.34169, 18.34079 ], [ 74.34322, 18.34198 ], [ 74.34356, 18.34383 ], [ 74.34538, 18.344 ], [ 74.34835, 18.34597 ], [ 74.34845, 18.34666 ], [ 74.34421, 18.34619 ], [ 74.34411, 18.35092 ], [ 74.35917, 18.35438 ], [ 74.36567, 18.35802 ], [ 74.36683, 18.36038 ], [ 74.37602, 18.35842 ] ] ], [ [ [ 74.38159, 18.35434 ], [ 74.37832, 18.3541 ], [ 74.37727, 18.35137 ], [ 74.37308, 18.34735 ], [ 74.36987, 18.34631 ], [ 74.36868, 18.34806 ], [ 74.36866, 18.34463 ], [ 74.37139, 18.34423 ], [ 74.3751, 18.34035 ], [ 74.37476, 18.33857 ], [ 74.37258, 18.33814 ], [ 74.37252, 18.33584 ], [ 74.37176, 18.3386 ], [ 74.37419, 18.33917 ], [ 74.37428, 18.34013 ], [ 74.37088, 18.34359 ], [ 74.36776, 18.3436 ], [ 74.36737, 18.34943 ], [ 74.3691, 18.34963 ], [ 74.37043, 18.34704 ], [ 74.37074, 18.34857 ], [ 74.37263, 18.34804 ], [ 74.37659, 18.35186 ], [ 74.37729, 18.35495 ], [ 74.38155, 18.35498 ], [ 74.38159, 18.35434 ] ] ] ] } },
{ "type": "Feature", "properties": { "Name": "Naygaon Peacock Sanctuary" }, "geometry": { "type": "MultiPolygon", "coordinates": [ [ [ [ 75.59789, 18.93095 ], [ 75.59564, 18.9266 ], [ 75.59407, 18.92579 ], [ 75.59375, 18.92282 ], [ 75.59027, 18.92054 ], [ 75.58846, 18.91664 ], [ 75.58642, 18.91462 ], [ 75.58399, 18.9162 ], [ 75.58086, 18.91519 ], [ 75.57617, 18.91082 ], [ 75.57532, 18.90756 ], [ 75.5761, 18.90745 ], [ 75.57827, 18.90972 ], [ 75.58061, 18.90993 ], [ 75.58114, 18.90564 ], [ 75.58297, 18.90265 ], [ 75.58624, 18.9029 ], [ 75.58651, 18.9046 ], [ 75.59001, 18.90922 ], [ 75.59204, 18.90939 ], [ 75.59322, 18.91033 ], [ 75.59325, 18.91219 ], [ 75.59616, 18.91833 ], [ 75.59559, 18.92143 ], [ 75.59897, 18.9233 ], [ 75.60095, 18.92105 ], [ 75.60173, 18.92116 ], [ 75.6076, 18.92396 ], [ 75.60867, 18.92591 ], [ 75.61352, 18.92854 ], [ 75.61551, 18.92704 ], [ 75.61597, 18.92311 ], [ 75.61966, 18.92157 ], [ 75.61981, 18.92041 ], [ 75.61386, 18.91687 ], [ 75.61021, 18.919 ], [ 75.60947, 18.91814 ], [ 75.60884, 18.91316 ], [ 75.60684, 18.91265 ], [ 75.60363, 18.9133 ], [ 75.6027, 18.91116 ], [ 75.60744, 18.90882 ], [ 75.60649, 18.90427 ], [ 75.60226, 18.9008 ], [ 75.5997, 18.90073 ], [ 75.60032, 18.899 ], [ 75.59476, 18.89537 ], [ 75.59288, 18.89214 ], [ 75.59748, 18.89488 ], [ 75.59928, 18.89274 ], [ 75.6017, 18.89452 ], [ 75.60184, 18.89732 ], [ 75.60445, 18.89876 ], [ 75.60688, 18.8989 ], [ 75.60736, 18.90216 ], [ 75.61027, 18.90269 ], [ 75.61294, 18.90581 ], [ 75.61476, 18.90576 ], [ 75.61572, 18.90463 ], [ 75.61669, 18.9059 ], [ 75.61874, 18.90556 ], [ 75.6198, 18.90767 ], [ 75.62276, 18.90986 ], [ 75.62586, 18.90818 ], [ 75.62568, 18.90595 ], [ 75.62422, 18.9043 ], [ 75.62465, 18.9012 ], [ 75.62201, 18.90086 ], [ 75.61865, 18.90214 ], [ 75.61722, 18.90169 ], [ 75.61527, 18.89899 ], [ 75.61268, 18.90085 ], [ 75.61223, 18.9 ], [ 75.61375, 18.89523 ], [ 75.61303, 18.89266 ], [ 75.61161, 18.89251 ], [ 75.61042, 18.89388 ], [ 75.60861, 18.89012 ], [ 75.60732, 18.88975 ], [ 75.60591, 18.89077 ], [ 75.60561, 18.8891 ], [ 75.60363, 18.88656 ], [ 75.6023, 18.88663 ], [ 75.60218, 18.88879 ], [ 75.60135, 18.88897 ], [ 75.60036, 18.88655 ], [ 75.60029, 18.88342 ], [ 75.60141, 18.88224 ], [ 75.60169, 18.8802 ], [ 75.60329, 18.87895 ], [ 75.60799, 18.87913 ], [ 75.60793, 18.88007 ], [ 75.60649, 18.881 ], [ 75.60706, 18.88223 ], [ 75.61019, 18.87807 ], [ 75.61282, 18.87712 ], [ 75.61232, 18.88016 ], [ 75.61456, 18.87959 ], [ 75.61568, 18.88013 ], [ 75.61637, 18.87885 ], [ 75.61987, 18.88044 ], [ 75.61902, 18.88117 ], [ 75.61917, 18.88263 ], [ 75.61602, 18.882 ], [ 75.61543, 18.88368 ], [ 75.60769, 18.88447 ], [ 75.60869, 18.88552 ], [ 75.60654, 18.88688 ], [ 75.60793, 18.88881 ], [ 75.60864, 18.88856 ], [ 75.60911, 18.88619 ], [ 75.61077, 18.88536 ], [ 75.61279, 18.88793 ], [ 75.61559, 18.88689 ], [ 75.61474, 18.89103 ], [ 75.61688, 18.89074 ], [ 75.61879, 18.88818 ], [ 75.61851, 18.88683 ], [ 75.62043, 18.88589 ], [ 75.62164, 18.88643 ], [ 75.62303, 18.88575 ], [ 75.62289, 18.88774 ], [ 75.62175, 18.88912 ], [ 75.62225, 18.8896 ], [ 75.62507, 18.88943 ], [ 75.62892, 18.88764 ], [ 75.62738, 18.88676 ], [ 75.62699, 18.88471 ], [ 75.62617, 18.88417 ], [ 75.62086, 18.88477 ], [ 75.61832, 18.88592 ], [ 75.61509, 18.88526 ], [ 75.61488, 18.88427 ], [ 75.61997, 18.88315 ], [ 75.62289, 18.88049 ], [ 75.61458, 18.87647 ], [ 75.61344, 18.87506 ], [ 75.6102, 18.87482 ], [ 75.60738, 18.87216 ], [ 75.60364, 18.87212 ], [ 75.60072, 18.87391 ], [ 75.59804, 18.87961 ], [ 75.59932, 18.88234 ], [ 75.5964, 18.88204 ], [ 75.58028, 18.88538 ], [ 75.58019, 18.88668 ], [ 75.58412, 18.88761 ], [ 75.58239, 18.89014 ], [ 75.58379, 18.89295 ], [ 75.58536, 18.89351 ], [ 75.58355, 18.8966 ], [ 75.58382, 18.89803 ], [ 75.58263, 18.89801 ], [ 75.58061, 18.89477 ], [ 75.57835, 18.89446 ], [ 75.57624, 18.89553 ], [ 75.57508, 18.89913 ], [ 75.57369, 18.89924 ], [ 75.5719, 18.89812 ], [ 75.56831, 18.89837 ], [ 75.5673, 18.90034 ], [ 75.56959, 18.90217 ], [ 75.56766, 18.90585 ], [ 75.56302, 18.90928 ], [ 75.56421, 18.91189 ], [ 75.56659, 18.91206 ], [ 75.56777, 18.91139 ], [ 75.56608, 18.91465 ], [ 75.56623, 18.91653 ], [ 75.56914, 18.91813 ], [ 75.57291, 18.9167 ], [ 75.57687, 18.9201 ], [ 75.57606, 18.92308 ], [ 75.58427, 18.9245 ], [ 75.5858, 18.92589 ], [ 75.58691, 18.93007 ], [ 75.59283, 18.93429 ], [ 75.59329, 18.93533 ], [ 75.59475, 18.93591 ], [ 75.59721, 18.93513 ], [ 75.59789, 18.93095 ] ], [ [ 75.61815, 18.90354 ], [ 75.62305, 18.9023 ], [ 75.62229, 18.90554 ], [ 75.62378, 18.90644 ], [ 75.624, 18.90767 ], [ 75.62286, 18.90815 ], [ 75.62153, 18.90736 ], [ 75.62053, 18.90646 ], [ 75.62019, 18.90435 ], [ 75.61724, 18.90442 ], [ 75.61558, 18.90334 ], [ 75.61361, 18.90442 ], [ 75.61207, 18.90257 ], [ 75.61263, 18.90209 ], [ 75.61413, 18.90309 ], [ 75.61492, 18.90117 ], [ 75.61815, 18.90354 ] ], [ [ 75.57812, 18.91761 ], [ 75.57989, 18.91939 ], [ 75.57987, 18.92225 ], [ 75.57727, 18.92241 ], [ 75.57871, 18.92103 ], [ 75.57549, 18.91691 ], [ 75.57285, 18.91535 ], [ 75.56896, 18.91642 ], [ 75.56732, 18.91493 ], [ 75.57032, 18.91071 ], [ 75.57074, 18.90804 ], [ 75.57199, 18.90723 ], [ 75.57338, 18.90371 ], [ 75.57561, 18.90079 ], [ 75.57644, 18.90057 ], [ 75.57846, 18.90228 ], [ 75.57924, 18.90192 ], [ 75.5775, 18.89769 ], [ 75.57779, 18.89623 ], [ 75.57955, 18.896 ], [ 75.58193, 18.89924 ], [ 75.58471, 18.89989 ], [ 75.58537, 18.89928 ], [ 75.58485, 18.89764 ], [ 75.58632, 18.89575 ], [ 75.5902, 18.89803 ], [ 75.59087, 18.90199 ], [ 75.59583, 18.90657 ], [ 75.59604, 18.91039 ], [ 75.59789, 18.91235 ], [ 75.59837, 18.91607 ], [ 75.60313, 18.91802 ], [ 75.60672, 18.92085 ], [ 75.60772, 18.92036 ], [ 75.60789, 18.91912 ], [ 75.61072, 18.92045 ], [ 75.61414, 18.91848 ], [ 75.61869, 18.92082 ], [ 75.61343, 18.92276 ], [ 75.61434, 18.92528 ], [ 75.61326, 18.92685 ], [ 75.60995, 18.9248 ], [ 75.60885, 18.92267 ], [ 75.60398, 18.92115 ], [ 75.60111, 18.91908 ], [ 75.59976, 18.91967 ], [ 75.59904, 18.92151 ], [ 75.59714, 18.92101 ], [ 75.59768, 18.91823 ], [ 75.59438, 18.91151 ], [ 75.59408, 18.90915 ], [ 75.59014, 18.90779 ], [ 75.59019, 18.90606 ], [ 75.5877, 18.90409 ], [ 75.58725, 18.90043 ], [ 75.5849, 18.90145 ], [ 75.58126, 18.90083 ], [ 75.58103, 18.90364 ], [ 75.57993, 18.90455 ], [ 75.57913, 18.90704 ], [ 75.57926, 18.90853 ], [ 75.57593, 18.90563 ], [ 75.57426, 18.90633 ], [ 75.57439, 18.91038 ], [ 75.57597, 18.91317 ], [ 75.57979, 18.91571 ], [ 75.57812, 18.91761 ] ], [ [ 75.5863, 18.8855 ], [ 75.59666, 18.8835 ], [ 75.60016, 18.89055 ], [ 75.60174, 18.89134 ], [ 75.60423, 18.88924 ], [ 75.60463, 18.89597 ], [ 75.60691, 18.89602 ], [ 75.60773, 18.89179 ], [ 75.60974, 18.89496 ], [ 75.61225, 18.89473 ], [ 75.61237, 18.89631 ], [ 75.61126, 18.89911 ], [ 75.60849, 18.9009 ], [ 75.60866, 18.89901 ], [ 75.61119, 18.89739 ], [ 75.61094, 18.89613 ], [ 75.60839, 18.8957 ], [ 75.60716, 18.89726 ], [ 75.60468, 18.89748 ], [ 75.60339, 18.89589 ], [ 75.60339, 18.8919 ], [ 75.60043, 18.89222 ], [ 75.59843, 18.8894 ], [ 75.59725, 18.89003 ], [ 75.59771, 18.89309 ], [ 75.59555, 18.8924 ], [ 75.5863, 18.8855 ] ], [ [ 75.60733, 18.91622 ], [ 75.60444, 18.91721 ], [ 75.60042, 18.91541 ], [ 75.60069, 18.91258 ], [ 75.59871, 18.91055 ], [ 75.59868, 18.90956 ], [ 75.60008, 18.9098 ], [ 75.60212, 18.90787 ], [ 75.60594, 18.90747 ], [ 75.60613, 18.90834 ], [ 75.60046, 18.91055 ], [ 75.60229, 18.91339 ], [ 75.60246, 18.91516 ], [ 75.60752, 18.91409 ], [ 75.60822, 18.91775 ], [ 75.60742, 18.91753 ], [ 75.60733, 18.91622 ] ], [ [ 75.60139, 18.90363 ], [ 75.59901, 18.90464 ], [ 75.59847, 18.9022 ], [ 75.59503, 18.90235 ], [ 75.59264, 18.90046 ], [ 75.59283, 18.89952 ], [ 75.59547, 18.89844 ], [ 75.5921, 18.89658 ], [ 75.59253, 18.8951 ], [ 75.59864, 18.89843 ], [ 75.59703, 18.90059 ], [ 75.60392, 18.90349 ], [ 75.6055, 18.90618 ], [ 75.60214, 18.90477 ], [ 75.60139, 18.90363 ] ], [ [ 75.59004, 18.92904 ], [ 75.59215, 18.93183 ], [ 75.59395, 18.93199 ], [ 75.59451, 18.93059 ], [ 75.59181, 18.92805 ], [ 75.59458, 18.92773 ], [ 75.59673, 18.9314 ], [ 75.59627, 18.93433 ], [ 75.59454, 18.93437 ], [ 75.58819, 18.92949 ], [ 75.58827, 18.92877 ], [ 75.59004, 18.92904 ] ], [ [ 75.59057, 18.92593 ], [ 75.59095, 18.92442 ], [ 75.5882, 18.9217 ], [ 75.59057, 18.92191 ], [ 75.59271, 18.9251 ], [ 75.59195, 18.92613 ], [ 75.59057, 18.92593 ] ], [ [ 75.58793, 18.89248 ], [ 75.58793, 18.892 ], [ 75.58964, 18.89136 ], [ 75.59247, 18.89368 ], [ 75.58793, 18.89248 ] ], [ [ 75.58848, 18.92003 ], [ 75.58846, 18.92088 ], [ 75.58755, 18.921 ], [ 75.58848, 18.92003 ] ], [ [ 75.58746, 18.92595 ], [ 75.58731, 18.92548 ], [ 75.58818, 18.92555 ], [ 75.58746, 18.92595 ] ], [ [ 75.58164, 18.9229 ], [ 75.583, 18.92195 ], [ 75.58386, 18.91898 ], [ 75.58072, 18.91677 ], [ 75.58447, 18.91778 ], [ 75.58738, 18.91677 ], [ 75.58537, 18.9191 ], [ 75.58542, 18.92218 ], [ 75.58627, 18.9229 ], [ 75.58578, 18.92356 ], [ 75.58164, 18.9229 ] ], [ [ 75.58609, 18.8886 ], [ 75.58581, 18.88813 ], [ 75.58628, 18.888 ], [ 75.58669, 18.88841 ], [ 75.58609, 18.8886 ] ], [ [ 75.58505, 18.89105 ], [ 75.58467, 18.89029 ], [ 75.58605, 18.89032 ], [ 75.58505, 18.89105 ] ], [ [ 75.57297, 18.90112 ], [ 75.57185, 18.90215 ], [ 75.57147, 18.90073 ], [ 75.56866, 18.89992 ], [ 75.57031, 18.89956 ], [ 75.57297, 18.90112 ] ], [ [ 75.56949, 18.90492 ], [ 75.56961, 18.90404 ], [ 75.57149, 18.903 ], [ 75.57046, 18.90519 ], [ 75.56949, 18.90492 ] ], [ [ 75.56497, 18.90919 ], [ 75.56824, 18.90736 ], [ 75.56594, 18.90872 ], [ 75.56682, 18.91017 ], [ 75.5655, 18.91087 ], [ 75.56497, 18.90919 ] ] ], [ [ [ 75.61441, 18.93998 ], [ 75.61655, 18.93695 ], [ 75.61611, 18.9354 ], [ 75.61046, 18.92905 ], [ 75.60791, 18.92773 ], [ 75.60695, 18.92529 ], [ 75.60449, 18.92509 ], [ 75.6033, 18.92742 ], [ 75.6052, 18.92981 ], [ 75.60547, 18.93301 ], [ 75.61143, 18.9366 ], [ 75.61034, 18.94209 ], [ 75.6148, 18.94426 ], [ 75.6156, 18.9442 ], [ 75.61587, 18.94308 ], [ 75.61441, 18.93998 ] ], [ [ 75.60673, 18.92806 ], [ 75.60749, 18.93011 ], [ 75.60972, 18.93051 ], [ 75.61531, 18.93626 ], [ 75.61324, 18.93898 ], [ 75.61333, 18.94101 ], [ 75.61432, 18.94245 ], [ 75.61149, 18.94095 ], [ 75.61316, 18.93611 ], [ 75.60618, 18.93169 ], [ 75.60671, 18.92961 ], [ 75.60559, 18.92869 ], [ 75.6058, 18.92793 ], [ 75.60673, 18.92806 ] ] ], [ [ [ 75.60558, 18.94389 ], [ 75.60605, 18.94119 ], [ 75.60547, 18.94018 ], [ 75.60162, 18.93951 ], [ 75.60041, 18.93802 ], [ 75.59909, 18.93822 ], [ 75.59813, 18.94193 ], [ 75.59588, 18.94288 ], [ 75.59553, 18.94193 ], [ 75.59706, 18.94035 ], [ 75.59685, 18.9388 ], [ 75.59492, 18.93816 ], [ 75.59293, 18.93873 ], [ 75.59161, 18.9358 ], [ 75.58658, 18.9358 ], [ 75.58078, 18.93758 ], [ 75.57967, 18.93646 ], [ 75.57971, 18.93373 ], [ 75.57732, 18.93313 ], [ 75.57065, 18.93515 ], [ 75.56858, 18.93427 ], [ 75.5684, 18.93205 ], [ 75.564, 18.92943 ], [ 75.56248, 18.93069 ], [ 75.55968, 18.93011 ], [ 75.55616, 18.93322 ], [ 75.54772, 18.93157 ], [ 75.54823, 18.93382 ], [ 75.55213, 18.93515 ], [ 75.55559, 18.93553 ], [ 75.55928, 18.93449 ], [ 75.56358, 18.93873 ], [ 75.56865, 18.93833 ], [ 75.5853, 18.94062 ], [ 75.59086, 18.94591 ], [ 75.59574, 18.94777 ], [ 75.59891, 18.94767 ], [ 75.60558, 18.94389 ] ], [ [ 75.59627, 18.94446 ], [ 75.59962, 18.94314 ], [ 75.59995, 18.93962 ], [ 75.60062, 18.94082 ], [ 75.60453, 18.94153 ], [ 75.60395, 18.94343 ], [ 75.59865, 18.94648 ], [ 75.5956, 18.94637 ], [ 75.59287, 18.94505 ], [ 75.59326, 18.94436 ], [ 75.59627, 18.94446 ] ], [ [ 75.59583, 18.93996 ], [ 75.59383, 18.94239 ], [ 75.59304, 18.941 ], [ 75.59472, 18.9395 ], [ 75.59583, 18.93996 ] ], [ [ 75.58565, 18.93908 ], [ 75.58277, 18.93884 ], [ 75.58515, 18.93826 ], [ 75.58706, 18.93659 ], [ 75.59092, 18.93717 ], [ 75.59144, 18.93853 ], [ 75.5898, 18.93985 ], [ 75.59, 18.94189 ], [ 75.59147, 18.94416 ], [ 75.58565, 18.93908 ] ], [ [ 75.56524, 18.93757 ], [ 75.5637, 18.93695 ], [ 75.56296, 18.9356 ], [ 75.56401, 18.93483 ], [ 75.56351, 18.93429 ], [ 75.56256, 18.9351 ], [ 75.55999, 18.93373 ], [ 75.55446, 18.93496 ], [ 75.54858, 18.93308 ], [ 75.54918, 18.9325 ], [ 75.55658, 18.934 ], [ 75.55921, 18.93166 ], [ 75.56254, 18.93193 ], [ 75.56433, 18.93109 ], [ 75.56661, 18.93316 ], [ 75.56621, 18.93456 ], [ 75.56931, 18.93638 ], [ 75.57304, 18.93641 ], [ 75.5765, 18.93444 ], [ 75.57817, 18.93458 ], [ 75.57779, 18.9362 ], [ 75.57888, 18.93809 ], [ 75.56524, 18.93757 ] ] ], [ [ [ 75.57868, 18.89294 ], [ 75.57886, 18.89131 ], [ 75.57678, 18.8863 ], [ 75.57932, 18.88455 ], [ 75.57643, 18.88384 ], [ 75.57484, 18.8763 ], [ 75.57187, 18.87619 ], [ 75.56883, 18.86948 ], [ 75.56641, 18.86965 ], [ 75.56536, 18.87358 ], [ 75.56469, 18.87315 ], [ 75.565, 18.86984 ], [ 75.56424, 18.8691 ], [ 75.55983, 18.8679 ], [ 75.55725, 18.86959 ], [ 75.55641, 18.87078 ], [ 75.55675, 18.8726 ], [ 75.55301, 18.87772 ], [ 75.55414, 18.88131 ], [ 75.55358, 18.88247 ], [ 75.55268, 18.88129 ], [ 75.55245, 18.87763 ], [ 75.55423, 18.87412 ], [ 75.55393, 18.87029 ], [ 75.55277, 18.8697 ], [ 75.55046, 18.87052 ], [ 75.54852, 18.8701 ], [ 75.54849, 18.87409 ], [ 75.54538, 18.86827 ], [ 75.54353, 18.8667 ], [ 75.54217, 18.86695 ], [ 75.54303, 18.87046 ], [ 75.54258, 18.87122 ], [ 75.54142, 18.87091 ], [ 75.54104, 18.86687 ], [ 75.53664, 18.86707 ], [ 75.5359, 18.86775 ], [ 75.53535, 18.87029 ], [ 75.53693, 18.87151 ], [ 75.53773, 18.87459 ], [ 75.53683, 18.87493 ], [ 75.53499, 18.87268 ], [ 75.53339, 18.87305 ], [ 75.53371, 18.87969 ], [ 75.53548, 18.88211 ], [ 75.53729, 18.88179 ], [ 75.542, 18.88339 ], [ 75.54017, 18.88719 ], [ 75.54169, 18.88942 ], [ 75.54166, 18.89151 ], [ 75.54596, 18.89092 ], [ 75.54763, 18.88984 ], [ 75.54763, 18.88656 ], [ 75.54532, 18.88523 ], [ 75.54463, 18.88044 ], [ 75.54114, 18.87903 ], [ 75.54392, 18.87774 ], [ 75.5477, 18.88173 ], [ 75.54801, 18.88471 ], [ 75.55036, 18.88842 ], [ 75.55325, 18.88984 ], [ 75.5545, 18.88916 ], [ 75.55742, 18.88498 ], [ 75.55774, 18.88127 ], [ 75.55956, 18.8811 ], [ 75.56024, 18.88026 ], [ 75.56213, 18.88093 ], [ 75.56501, 18.87881 ], [ 75.56705, 18.88022 ], [ 75.57166, 18.881 ], [ 75.56961, 18.88299 ], [ 75.56533, 18.88218 ], [ 75.56212, 18.88375 ], [ 75.55967, 18.88796 ], [ 75.56007, 18.89034 ], [ 75.56128, 18.8917 ], [ 75.56394, 18.89063 ], [ 75.56644, 18.88686 ], [ 75.5668, 18.88948 ], [ 75.56766, 18.89032 ], [ 75.56983, 18.89021 ], [ 75.57229, 18.89471 ], [ 75.57464, 18.89462 ], [ 75.57574, 18.89254 ], [ 75.57868, 18.89294 ] ], [ [ 75.57491, 18.88944 ], [ 75.57247, 18.88868 ], [ 75.57436, 18.88688 ], [ 75.57447, 18.8858 ], [ 75.57211, 18.88489 ], [ 75.57162, 18.88643 ], [ 75.56816, 18.88877 ], [ 75.5673, 18.88541 ], [ 75.56557, 18.88564 ], [ 75.56403, 18.88832 ], [ 75.56276, 18.88546 ], [ 75.56533, 18.88364 ], [ 75.57093, 18.88415 ], [ 75.57417, 18.88147 ], [ 75.57544, 18.88829 ], [ 75.57713, 18.89052 ], [ 75.57322, 18.89196 ], [ 75.57171, 18.8916 ], [ 75.57107, 18.89064 ], [ 75.57491, 18.88944 ] ], [ [ 75.56526, 18.87748 ], [ 75.56203, 18.8786 ], [ 75.56333, 18.87653 ], [ 75.56208, 18.87111 ], [ 75.56113, 18.87066 ], [ 75.55929, 18.87178 ], [ 75.55974, 18.87523 ], [ 75.55868, 18.87762 ], [ 75.55874, 18.87964 ], [ 75.556, 18.87852 ], [ 75.5566, 18.88089 ], [ 75.55565, 18.88136 ], [ 75.55444, 18.87774 ], [ 75.55689, 18.87715 ], [ 75.55684, 18.87423 ], [ 75.55863, 18.87378 ], [ 75.55817, 18.87052 ], [ 75.56079, 18.86957 ], [ 75.56381, 18.87113 ], [ 75.5635, 18.87306 ], [ 75.56453, 18.8767 ], [ 75.56734, 18.87668 ], [ 75.56763, 18.8752 ], [ 75.56679, 18.87354 ], [ 75.56854, 18.8716 ], [ 75.57052, 18.87755 ], [ 75.57352, 18.87791 ], [ 75.57428, 18.88001 ], [ 75.56773, 18.87899 ], [ 75.56526, 18.87748 ] ], [ [ 75.5523, 18.88507 ], [ 75.55351, 18.88625 ], [ 75.55521, 18.88305 ], [ 75.55617, 18.88372 ], [ 75.55416, 18.88735 ], [ 75.55277, 18.88813 ], [ 75.54945, 18.88474 ], [ 75.54839, 18.87969 ], [ 75.54593, 18.87857 ], [ 75.54524, 18.87652 ], [ 75.54281, 18.87365 ], [ 75.54272, 18.87284 ], [ 75.54423, 18.87222 ], [ 75.54477, 18.87064 ], [ 75.54539, 18.87047 ], [ 75.54578, 18.87233 ], [ 75.54863, 18.87612 ], [ 75.54961, 18.87593 ], [ 75.55029, 18.87463 ], [ 75.55, 18.87199 ], [ 75.55184, 18.87177 ], [ 75.55267, 18.87379 ], [ 75.55074, 18.87815 ], [ 75.55125, 18.88141 ], [ 75.5522, 18.88273 ], [ 75.5523, 18.88507 ] ], [ [ 75.545, 18.88925 ], [ 75.54516, 18.88787 ], [ 75.54255, 18.88745 ], [ 75.54322, 18.88434 ], [ 75.54391, 18.88644 ], [ 75.54576, 18.88708 ], [ 75.54576, 18.88944 ], [ 75.545, 18.88925 ] ], [ [ 75.53645, 18.8772 ], [ 75.53617, 18.87885 ], [ 75.53908, 18.88033 ], [ 75.54288, 18.88073 ], [ 75.54339, 18.88238 ], [ 75.54138, 18.88116 ], [ 75.53537, 18.88017 ], [ 75.53442, 18.87452 ], [ 75.53729, 18.8767 ], [ 75.53942, 18.87506 ], [ 75.539, 18.87038 ], [ 75.53691, 18.86948 ], [ 75.53763, 18.86844 ], [ 75.54006, 18.86898 ], [ 75.5401, 18.87191 ], [ 75.54202, 18.87707 ], [ 75.53997, 18.87774 ], [ 75.53645, 18.8772 ] ] ], [ [ [ 75.49807, 18.92905 ], [ 75.49826, 18.92693 ], [ 75.49633, 18.92484 ], [ 75.49593, 18.9216 ], [ 75.4974, 18.92163 ], [ 75.50044, 18.92363 ], [ 75.5027, 18.92196 ], [ 75.50357, 18.9232 ], [ 75.50673, 18.92466 ], [ 75.50645, 18.92709 ], [ 75.50759, 18.92839 ], [ 75.50775, 18.93143 ], [ 75.51688, 18.93224 ], [ 75.51545, 18.92934 ], [ 75.51294, 18.92855 ], [ 75.51113, 18.92952 ], [ 75.50932, 18.92907 ], [ 75.50821, 18.92619 ], [ 75.51032, 18.92302 ], [ 75.50431, 18.92198 ], [ 75.50443, 18.92034 ], [ 75.50678, 18.91931 ], [ 75.50804, 18.92003 ], [ 75.51027, 18.91886 ], [ 75.51034, 18.92228 ], [ 75.51389, 18.92205 ], [ 75.51067, 18.92483 ], [ 75.51053, 18.92645 ], [ 75.51272, 18.92753 ], [ 75.51719, 18.92775 ], [ 75.51843, 18.92567 ], [ 75.51886, 18.92747 ], [ 75.52016, 18.92783 ], [ 75.51865, 18.93116 ], [ 75.52011, 18.9342 ], [ 75.52161, 18.934 ], [ 75.52328, 18.93228 ], [ 75.52706, 18.93241 ], [ 75.52749, 18.92901 ], [ 75.52592, 18.92803 ], [ 75.52785, 18.92523 ], [ 75.52346, 18.923 ], [ 75.51772, 18.92172 ], [ 75.51658, 18.9201 ], [ 75.51694, 18.9196 ], [ 75.51854, 18.92071 ], [ 75.52121, 18.9202 ], [ 75.52563, 18.92118 ], [ 75.52924, 18.9203 ], [ 75.5287, 18.91815 ], [ 75.52931, 18.91791 ], [ 75.53141, 18.92 ], [ 75.53441, 18.92074 ], [ 75.53608, 18.92057 ], [ 75.53751, 18.91933 ], [ 75.54161, 18.923 ], [ 75.54671, 18.92452 ], [ 75.55148, 18.92405 ], [ 75.55298, 18.92287 ], [ 75.55152, 18.92172 ], [ 75.54692, 18.92125 ], [ 75.54146, 18.91916 ], [ 75.53614, 18.91495 ], [ 75.53357, 18.91583 ], [ 75.53074, 18.91111 ], [ 75.52865, 18.91021 ], [ 75.52727, 18.91124 ], [ 75.52653, 18.90808 ], [ 75.52349, 18.9048 ], [ 75.52038, 18.9059 ], [ 75.52047, 18.90991 ], [ 75.51969, 18.91137 ], [ 75.52111, 18.91445 ], [ 75.51895, 18.91604 ], [ 75.51783, 18.91211 ], [ 75.51914, 18.90858 ], [ 75.51598, 18.90471 ], [ 75.51371, 18.90481 ], [ 75.51373, 18.90845 ], [ 75.51167, 18.9049 ], [ 75.51029, 18.9051 ], [ 75.50905, 18.90821 ], [ 75.51041, 18.91257 ], [ 75.50874, 18.91313 ], [ 75.50846, 18.90924 ], [ 75.50649, 18.90648 ], [ 75.50903, 18.90295 ], [ 75.50803, 18.90182 ], [ 75.49665, 18.90412 ], [ 75.49427, 18.90663 ], [ 75.49501, 18.90837 ], [ 75.49919, 18.90762 ], [ 75.50197, 18.90899 ], [ 75.50363, 18.90758 ], [ 75.50546, 18.90866 ], [ 75.50618, 18.90951 ], [ 75.50596, 18.9134 ], [ 75.50734, 18.91522 ], [ 75.50451, 18.91716 ], [ 75.5019, 18.91603 ], [ 75.50178, 18.91459 ], [ 75.49955, 18.91392 ], [ 75.49743, 18.9109 ], [ 75.49586, 18.91065 ], [ 75.49512, 18.91198 ], [ 75.49578, 18.91373 ], [ 75.49369, 18.9145 ], [ 75.49348, 18.91572 ], [ 75.50297, 18.91936 ], [ 75.50053, 18.92101 ], [ 75.49214, 18.91738 ], [ 75.49294, 18.92027 ], [ 75.49107, 18.9213 ], [ 75.49393, 18.92244 ], [ 75.49404, 18.92311 ], [ 75.49104, 18.9237 ], [ 75.49205, 18.92608 ], [ 75.49343, 18.92678 ], [ 75.49124, 18.92797 ], [ 75.48892, 18.92527 ], [ 75.48955, 18.9274 ], [ 75.48871, 18.92909 ], [ 75.49189, 18.93423 ], [ 75.49412, 18.936 ], [ 75.49709, 18.93595 ], [ 75.49727, 18.93516 ], [ 75.49186, 18.93106 ], [ 75.49195, 18.92971 ], [ 75.49807, 18.92905 ] ], [ [ 75.54316, 18.92229 ], [ 75.53979, 18.92018 ], [ 75.54863, 18.92284 ], [ 75.54793, 18.92333 ], [ 75.54316, 18.92229 ] ], [ [ 75.53767, 18.91785 ], [ 75.53492, 18.91932 ], [ 75.53411, 18.91868 ], [ 75.53537, 18.91644 ], [ 75.53767, 18.91785 ] ], [ [ 75.52126, 18.91858 ], [ 75.51867, 18.91953 ], [ 75.51641, 18.91686 ], [ 75.51746, 18.91632 ], [ 75.51887, 18.91774 ], [ 75.52152, 18.91618 ], [ 75.52267, 18.91801 ], [ 75.52471, 18.91848 ], [ 75.52436, 18.91604 ], [ 75.52501, 18.91478 ], [ 75.52123, 18.91221 ], [ 75.52205, 18.91034 ], [ 75.5215, 18.90906 ], [ 75.52205, 18.90655 ], [ 75.52336, 18.90697 ], [ 75.52427, 18.90996 ], [ 75.52603, 18.90961 ], [ 75.52542, 18.9118 ], [ 75.52759, 18.91255 ], [ 75.52989, 18.9123 ], [ 75.53165, 18.91434 ], [ 75.53112, 18.91553 ], [ 75.53305, 18.91792 ], [ 75.53193, 18.91837 ], [ 75.52953, 18.91592 ], [ 75.52984, 18.91414 ], [ 75.52642, 18.91316 ], [ 75.52587, 18.91352 ], [ 75.5277, 18.91635 ], [ 75.52703, 18.91813 ], [ 75.52761, 18.91937 ], [ 75.52578, 18.92 ], [ 75.52126, 18.91858 ] ], [ [ 75.51098, 18.91774 ], [ 75.50623, 18.91801 ], [ 75.50797, 18.91687 ], [ 75.51322, 18.9175 ], [ 75.5156, 18.92005 ], [ 75.51706, 18.92311 ], [ 75.52008, 18.92323 ], [ 75.52572, 18.92552 ], [ 75.5232, 18.92848 ], [ 75.52631, 18.92981 ], [ 75.52607, 18.9312 ], [ 75.52258, 18.93111 ], [ 75.52046, 18.93251 ], [ 75.52046, 18.9295 ], [ 75.52315, 18.92653 ], [ 75.5212, 18.92673 ], [ 75.51932, 18.92462 ], [ 75.51742, 18.92455 ], [ 75.51675, 18.92642 ], [ 75.5118, 18.92586 ], [ 75.51567, 18.92246 ], [ 75.51397, 18.92064 ], [ 75.51127, 18.92106 ], [ 75.51221, 18.91837 ], [ 75.51098, 18.91774 ] ], [ [ 75.51107, 18.90788 ], [ 75.51182, 18.90798 ], [ 75.51371, 18.91105 ], [ 75.51464, 18.91082 ], [ 75.51548, 18.90754 ], [ 75.51768, 18.90912 ], [ 75.5162, 18.91234 ], [ 75.5147, 18.91171 ], [ 75.51323, 18.9138 ], [ 75.51187, 18.91352 ], [ 75.51107, 18.90788 ] ], [ [ 75.51046, 18.91422 ], [ 75.51071, 18.91435 ], [ 75.50915, 18.91471 ], [ 75.51046, 18.91422 ] ], [ [ 75.49628, 18.90629 ], [ 75.499, 18.90494 ], [ 75.50643, 18.90372 ], [ 75.50495, 18.90657 ], [ 75.50302, 18.90572 ], [ 75.5015, 18.90729 ], [ 75.49628, 18.90629 ] ], [ [ 75.49958, 18.91526 ], [ 75.49985, 18.91577 ], [ 75.49868, 18.91633 ], [ 75.49581, 18.91563 ], [ 75.49732, 18.91451 ], [ 75.49958, 18.91526 ] ] ], [ [ [ 75.47045, 18.9435 ], [ 75.47041, 18.93942 ], [ 75.47169, 18.9377 ], [ 75.47815, 18.93716 ], [ 75.47917, 18.93451 ], [ 75.48133, 18.93397 ], [ 75.4838, 18.93015 ], [ 75.48694, 18.92923 ], [ 75.48725, 18.92713 ], [ 75.48492, 18.9261 ], [ 75.48533, 18.92529 ], [ 75.4877, 18.92509 ], [ 75.48606, 18.91613 ], [ 75.48396, 18.91583 ], [ 75.48296, 18.91728 ], [ 75.48287, 18.91982 ], [ 75.48139, 18.91949 ], [ 75.48008, 18.92042 ], [ 75.48008, 18.92368 ], [ 75.47889, 18.92084 ], [ 75.47693, 18.92073 ], [ 75.47512, 18.92551 ], [ 75.47488, 18.92048 ], [ 75.47336, 18.92037 ], [ 75.46961, 18.92359 ], [ 75.46478, 18.9264 ], [ 75.46292, 18.92657 ], [ 75.46149, 18.92994 ], [ 75.46017, 18.92978 ], [ 75.45978, 18.92863 ], [ 75.46341, 18.92559 ], [ 75.46741, 18.92374 ], [ 75.46787, 18.92222 ], [ 75.47051, 18.92246 ], [ 75.47219, 18.9203 ], [ 75.4755, 18.91952 ], [ 75.47573, 18.91826 ], [ 75.47839, 18.91756 ], [ 75.4807, 18.91416 ], [ 75.47937, 18.91209 ], [ 75.47737, 18.91156 ], [ 75.47595, 18.9096 ], [ 75.47252, 18.90941 ], [ 75.46954, 18.90804 ], [ 75.46863, 18.90878 ], [ 75.46855, 18.91317 ], [ 75.4657, 18.91555 ], [ 75.46587, 18.91312 ], [ 75.46771, 18.91211 ], [ 75.46785, 18.91099 ], [ 75.46576, 18.90958 ], [ 75.46486, 18.90675 ], [ 75.47162, 18.90087 ], [ 75.47141, 18.89969 ], [ 75.46763, 18.89773 ], [ 75.46553, 18.89898 ], [ 75.4641, 18.89891 ], [ 75.45747, 18.89456 ], [ 75.4502, 18.89256 ], [ 75.4486, 18.88944 ], [ 75.44741, 18.88865 ], [ 75.44827, 18.88497 ], [ 75.44756, 18.88362 ], [ 75.44509, 18.88432 ], [ 75.44376, 18.88618 ], [ 75.44292, 18.88272 ], [ 75.44197, 18.88252 ], [ 75.43885, 18.88356 ], [ 75.43912, 18.88584 ], [ 75.43624, 18.88558 ], [ 75.43296, 18.89222 ], [ 75.43031, 18.89203 ], [ 75.42911, 18.89272 ], [ 75.42865, 18.89576 ], [ 75.4301, 18.89728 ], [ 75.42985, 18.89847 ], [ 75.42727, 18.89671 ], [ 75.42498, 18.89646 ], [ 75.42023, 18.89812 ], [ 75.42008, 18.90096 ], [ 75.42299, 18.90273 ], [ 75.42263, 18.9034 ], [ 75.41711, 18.8995 ], [ 75.41224, 18.89697 ], [ 75.41134, 18.89716 ], [ 75.41045, 18.90152 ], [ 75.41232, 18.90295 ], [ 75.40974, 18.90481 ], [ 75.4086, 18.90701 ], [ 75.41048, 18.91061 ], [ 75.4085, 18.91063 ], [ 75.40546, 18.90725 ], [ 75.40558, 18.90563 ], [ 75.40158, 18.899 ], [ 75.39574, 18.89936 ], [ 75.38938, 18.90092 ], [ 75.38891, 18.89982 ], [ 75.39003, 18.89829 ], [ 75.38984, 18.8971 ], [ 75.38539, 18.89645 ], [ 75.38565, 18.89917 ], [ 75.3842, 18.90229 ], [ 75.38232, 18.90018 ], [ 75.38178, 18.8975 ], [ 75.38085, 18.89923 ], [ 75.37565, 18.90018 ], [ 75.37382, 18.9013 ], [ 75.37643, 18.90261 ], [ 75.37643, 18.90414 ], [ 75.37595, 18.90479 ], [ 75.37424, 18.9042 ], [ 75.37393, 18.90582 ], [ 75.37199, 18.9065 ], [ 75.37194, 18.90931 ], [ 75.37435, 18.91199 ], [ 75.37337, 18.9134 ], [ 75.37112, 18.91322 ], [ 75.36988, 18.91509 ], [ 75.37009, 18.91628 ], [ 75.37532, 18.91406 ], [ 75.37648, 18.91209 ], [ 75.37603, 18.9107 ], [ 75.3737, 18.90874 ], [ 75.37413, 18.90775 ], [ 75.37577, 18.90768 ], [ 75.37798, 18.90901 ], [ 75.37943, 18.90847 ], [ 75.37959, 18.90665 ], [ 75.38166, 18.90669 ], [ 75.38647, 18.90489 ], [ 75.38711, 18.90701 ], [ 75.38978, 18.91022 ], [ 75.39252, 18.90655 ], [ 75.38971, 18.90527 ], [ 75.38974, 18.90383 ], [ 75.39247, 18.90375 ], [ 75.39592, 18.90546 ], [ 75.39785, 18.90426 ], [ 75.39886, 18.90608 ], [ 75.40073, 18.90636 ], [ 75.4021, 18.90771 ], [ 75.40192, 18.91127 ], [ 75.405, 18.91231 ], [ 75.40453, 18.91646 ], [ 75.40746, 18.91723 ], [ 75.4075, 18.91891 ], [ 75.41378, 18.9201 ], [ 75.41732, 18.92449 ], [ 75.43057, 18.93022 ], [ 75.43125, 18.92865 ], [ 75.43042, 18.92744 ], [ 75.42448, 18.92366 ], [ 75.4194, 18.92178 ], [ 75.41867, 18.91962 ], [ 75.41647, 18.91861 ], [ 75.42405, 18.91764 ], [ 75.42556, 18.91665 ], [ 75.4259, 18.91537 ], [ 75.42183, 18.91261 ], [ 75.41908, 18.91182 ], [ 75.41945, 18.90965 ], [ 75.41868, 18.9065 ], [ 75.41764, 18.90514 ], [ 75.41638, 18.90502 ], [ 75.4169, 18.90418 ], [ 75.41768, 18.90407 ], [ 75.41898, 18.9056 ], [ 75.42137, 18.91069 ], [ 75.4229, 18.91103 ], [ 75.42611, 18.91008 ], [ 75.42715, 18.90823 ], [ 75.42641, 18.90401 ], [ 75.42807, 18.90281 ], [ 75.43069, 18.90393 ], [ 75.43235, 18.90305 ], [ 75.43418, 18.89878 ], [ 75.43376, 18.89658 ], [ 75.43475, 18.89628 ], [ 75.4349, 18.89743 ], [ 75.43228, 18.90609 ], [ 75.43254, 18.90762 ], [ 75.4348, 18.90996 ], [ 75.43606, 18.90978 ], [ 75.44043, 18.90598 ], [ 75.44041, 18.90113 ], [ 75.44257, 18.90137 ], [ 75.44469, 18.90401 ], [ 75.44604, 18.90452 ], [ 75.44638, 18.91385 ], [ 75.4498, 18.91605 ], [ 75.45076, 18.91568 ], [ 75.45273, 18.9099 ], [ 75.45188, 18.90844 ], [ 75.45411, 18.90812 ], [ 75.45473, 18.90605 ], [ 75.45677, 18.90405 ], [ 75.45756, 18.90531 ], [ 75.45967, 18.90531 ], [ 75.45986, 18.9061 ], [ 75.45649, 18.90889 ], [ 75.45525, 18.91131 ], [ 75.45668, 18.91262 ], [ 75.45585, 18.91448 ], [ 75.45699, 18.91678 ], [ 75.45592, 18.91804 ], [ 75.45309, 18.91869 ], [ 75.45098, 18.92069 ], [ 75.45288, 18.92413 ], [ 75.45568, 18.92507 ], [ 75.46246, 18.91978 ], [ 75.46282, 18.91823 ], [ 75.46464, 18.91907 ], [ 75.47066, 18.91635 ], [ 75.4718, 18.91701 ], [ 75.46945, 18.91897 ], [ 75.46544, 18.91975 ], [ 75.46404, 18.92197 ], [ 75.46102, 18.92336 ], [ 75.45621, 18.9272 ], [ 75.45596, 18.92963 ], [ 75.45721, 18.93243 ], [ 75.46074, 18.93398 ], [ 75.46343, 18.93376 ], [ 75.46541, 18.93239 ], [ 75.46602, 18.93082 ], [ 75.46781, 18.93071 ], [ 75.46888, 18.92834 ], [ 75.47083, 18.9265 ], [ 75.4699, 18.92889 ], [ 75.47041, 18.93065 ], [ 75.47275, 18.9315 ], [ 75.47657, 18.92981 ], [ 75.47709, 18.93024 ], [ 75.47469, 18.93168 ], [ 75.4742, 18.93409 ], [ 75.47116, 18.9342 ], [ 75.46847, 18.93589 ], [ 75.46539, 18.93598 ], [ 75.46387, 18.9379 ], [ 75.46256, 18.93749 ], [ 75.46128, 18.93817 ], [ 75.46157, 18.94053 ], [ 75.46571, 18.94242 ], [ 75.46367, 18.94401 ], [ 75.46161, 18.94816 ], [ 75.46271, 18.94896 ], [ 75.4656, 18.94869 ], [ 75.47045, 18.9435 ] ], [ [ 75.48136, 18.92102 ], [ 75.48302, 18.92236 ], [ 75.48537, 18.91919 ], [ 75.486, 18.92391 ], [ 75.48433, 18.92393 ], [ 75.48484, 18.92194 ], [ 75.48366, 18.9221 ], [ 75.48148, 18.92462 ], [ 75.48136, 18.92102 ] ], [ [ 75.46548, 18.93739 ], [ 75.46919, 18.93698 ], [ 75.47154, 18.93547 ], [ 75.47664, 18.93518 ], [ 75.47573, 18.93275 ], [ 75.47738, 18.93198 ], [ 75.4802, 18.93226 ], [ 75.47989, 18.93071 ], [ 75.47849, 18.92992 ], [ 75.48311, 18.92838 ], [ 75.48249, 18.92627 ], [ 75.48326, 18.92488 ], [ 75.48398, 18.92748 ], [ 75.4858, 18.92808 ], [ 75.4812, 18.92934 ], [ 75.48201, 18.9314 ], [ 75.48037, 18.93304 ], [ 75.47765, 18.93367 ], [ 75.47734, 18.93588 ], [ 75.47175, 18.93624 ], [ 75.46845, 18.9386 ], [ 75.46959, 18.94255 ], [ 75.46439, 18.94814 ], [ 75.46299, 18.94843 ], [ 75.46422, 18.9467 ], [ 75.46431, 18.94485 ], [ 75.4669, 18.94372 ], [ 75.46731, 18.94266 ], [ 75.46708, 18.94167 ], [ 75.46254, 18.93968 ], [ 75.46548, 18.93739 ] ], [ [ 75.47786, 18.91336 ], [ 75.47918, 18.91398 ], [ 75.4773, 18.91648 ], [ 75.47173, 18.91917 ], [ 75.47046, 18.92109 ], [ 75.46741, 18.92079 ], [ 75.47053, 18.92005 ], [ 75.47346, 18.91758 ], [ 75.4736, 18.91654 ], [ 75.47786, 18.91336 ] ], [ [ 75.47692, 18.92451 ], [ 75.47782, 18.92215 ], [ 75.47887, 18.92352 ], [ 75.4787, 18.92487 ], [ 75.47692, 18.92451 ] ], [ [ 75.47215, 18.92861 ], [ 75.4725, 18.92947 ], [ 75.47482, 18.92879 ], [ 75.47655, 18.92667 ], [ 75.47718, 18.92668 ], [ 75.47726, 18.92787 ], [ 75.47349, 18.92999 ], [ 75.47148, 18.92989 ], [ 75.47142, 18.92838 ], [ 75.47296, 18.92703 ], [ 75.47321, 18.92573 ], [ 75.47175, 18.92437 ], [ 75.46804, 18.92656 ], [ 75.467, 18.9293 ], [ 75.46456, 18.92943 ], [ 75.46417, 18.93163 ], [ 75.46223, 18.93278 ], [ 75.45927, 18.9322 ], [ 75.45737, 18.92936 ], [ 75.45756, 18.92766 ], [ 75.46058, 18.92624 ], [ 75.4607, 18.92495 ], [ 75.46569, 18.92282 ], [ 75.45871, 18.92788 ], [ 75.4594, 18.93093 ], [ 75.46151, 18.93199 ], [ 75.46307, 18.93162 ], [ 75.46263, 18.92937 ], [ 75.46335, 18.92787 ], [ 75.46663, 18.92836 ], [ 75.46647, 18.92624 ], [ 75.46927, 18.92553 ], [ 75.473, 18.92173 ], [ 75.47373, 18.92197 ], [ 75.47372, 18.92645 ], [ 75.47215, 18.92861 ] ], [ [ 75.4754, 18.91084 ], [ 75.47591, 18.91146 ], [ 75.4745, 18.91202 ], [ 75.47415, 18.91107 ], [ 75.4754, 18.91084 ] ], [ [ 75.47177, 18.91479 ], [ 75.47298, 18.91465 ], [ 75.47299, 18.91504 ], [ 75.47177, 18.91479 ] ], [ [ 75.47012, 18.91072 ], [ 75.47016, 18.91014 ], [ 75.47165, 18.91032 ], [ 75.47161, 18.91104 ], [ 75.47012, 18.91072 ] ], [ [ 75.46093, 18.91897 ], [ 75.45624, 18.92269 ], [ 75.45464, 18.92337 ], [ 75.45231, 18.92131 ], [ 75.45232, 18.92069 ], [ 75.45518, 18.91946 ], [ 75.45632, 18.91955 ], [ 75.45399, 18.9211 ], [ 75.45411, 18.92214 ], [ 75.45615, 18.92164 ], [ 75.45725, 18.92037 ], [ 75.45664, 18.9193 ], [ 75.45896, 18.91641 ], [ 75.45748, 18.9147 ], [ 75.4583, 18.91226 ], [ 75.45685, 18.911 ], [ 75.45779, 18.90914 ], [ 75.46074, 18.90696 ], [ 75.46593, 18.90011 ], [ 75.46733, 18.89921 ], [ 75.46852, 18.89947 ], [ 75.46944, 18.90045 ], [ 75.46896, 18.90155 ], [ 75.45815, 18.90993 ], [ 75.46023, 18.91279 ], [ 75.46093, 18.91897 ] ], [ [ 75.46524, 18.91778 ], [ 75.46369, 18.91692 ], [ 75.46628, 18.91691 ], [ 75.46861, 18.91558 ], [ 75.46917, 18.91621 ], [ 75.46524, 18.91778 ] ], [ [ 75.46406, 18.91131 ], [ 75.46321, 18.91081 ], [ 75.46233, 18.91204 ], [ 75.46115, 18.91224 ], [ 75.46301, 18.90899 ], [ 75.46404, 18.90879 ], [ 75.46451, 18.91044 ], [ 75.46601, 18.91137 ], [ 75.4646, 18.91274 ], [ 75.46367, 18.91551 ], [ 75.46283, 18.91379 ], [ 75.46406, 18.91131 ] ], [ [ 75.45891, 18.90361 ], [ 75.45905, 18.90217 ], [ 75.45723, 18.90101 ], [ 75.45558, 18.89847 ], [ 75.45629, 18.89568 ], [ 75.46285, 18.90004 ], [ 75.45978, 18.90406 ], [ 75.45891, 18.90361 ] ], [ [ 75.45437, 18.90447 ], [ 75.45342, 18.90321 ], [ 75.4525, 18.90337 ], [ 75.45309, 18.90714 ], [ 75.45004, 18.90719 ], [ 75.45111, 18.91089 ], [ 75.4497, 18.91418 ], [ 75.4478, 18.91374 ], [ 75.44743, 18.90751 ], [ 75.44813, 18.90574 ], [ 75.44738, 18.9043 ], [ 75.44845, 18.90074 ], [ 75.44748, 18.90018 ], [ 75.44552, 18.90274 ], [ 75.44566, 18.89979 ], [ 75.44119, 18.89979 ], [ 75.44104, 18.89808 ], [ 75.44223, 18.89606 ], [ 75.44463, 18.8947 ], [ 75.44264, 18.89404 ], [ 75.44264, 18.89323 ], [ 75.44532, 18.89253 ], [ 75.44739, 18.8908 ], [ 75.4484, 18.89329 ], [ 75.45397, 18.89537 ], [ 75.45385, 18.89842 ], [ 75.45529, 18.90166 ], [ 75.45537, 18.90394 ], [ 75.45437, 18.90447 ] ], [ [ 75.44035, 18.88608 ], [ 75.44077, 18.8844 ], [ 75.4421, 18.88447 ], [ 75.44347, 18.88908 ], [ 75.44657, 18.88571 ], [ 75.44454, 18.8907 ], [ 75.44288, 18.89046 ], [ 75.44035, 18.88608 ] ], [ [ 75.43953, 18.90535 ], [ 75.43535, 18.9082 ], [ 75.43387, 18.90715 ], [ 75.4338, 18.90533 ], [ 75.43626, 18.89737 ], [ 75.43799, 18.89521 ], [ 75.43821, 18.89296 ], [ 75.43568, 18.89331 ], [ 75.43509, 18.8952 ], [ 75.43222, 18.89492 ], [ 75.43284, 18.89946 ], [ 75.43096, 18.9025 ], [ 75.42976, 18.90221 ], [ 75.4281, 18.89966 ], [ 75.42462, 18.89785 ], [ 75.42682, 18.89796 ], [ 75.42908, 18.89983 ], [ 75.43058, 18.89987 ], [ 75.43165, 18.89714 ], [ 75.43009, 18.89535 ], [ 75.43029, 18.89368 ], [ 75.43399, 18.89354 ], [ 75.43678, 18.88749 ], [ 75.44006, 18.88718 ], [ 75.44011, 18.88838 ], [ 75.43852, 18.88897 ], [ 75.44017, 18.8919 ], [ 75.43922, 18.89303 ], [ 75.43958, 18.89579 ], [ 75.43815, 18.89752 ], [ 75.43953, 18.90535 ] ], [ [ 75.427, 18.92696 ], [ 75.42517, 18.92676 ], [ 75.41838, 18.92335 ], [ 75.41621, 18.92164 ], [ 75.41565, 18.91998 ], [ 75.41692, 18.9202 ], [ 75.41844, 18.92293 ], [ 75.427, 18.92696 ] ], [ [ 75.42462, 18.90425 ], [ 75.42565, 18.90844 ], [ 75.42273, 18.90971 ], [ 75.42086, 18.90838 ], [ 75.42017, 18.90459 ], [ 75.41686, 18.90149 ], [ 75.41384, 18.90173 ], [ 75.41206, 18.901 ], [ 75.41197, 18.8999 ], [ 75.4125, 18.89886 ], [ 75.41592, 18.90037 ], [ 75.42153, 18.90509 ], [ 75.42267, 18.90505 ], [ 75.42528, 18.90192 ], [ 75.42229, 18.90145 ], [ 75.42155, 18.90037 ], [ 75.42188, 18.89882 ], [ 75.42292, 18.89855 ], [ 75.42613, 18.90079 ], [ 75.42673, 18.90225 ], [ 75.42462, 18.90425 ] ], [ [ 75.41345, 18.90692 ], [ 75.41714, 18.9064 ], [ 75.41824, 18.91027 ], [ 75.41672, 18.91226 ], [ 75.42128, 18.91395 ], [ 75.424, 18.91597 ], [ 75.41528, 18.91714 ], [ 75.41472, 18.91755 ], [ 75.41514, 18.9189 ], [ 75.40879, 18.91793 ], [ 75.4082, 18.91192 ], [ 75.41016, 18.91221 ], [ 75.41001, 18.91332 ], [ 75.41223, 18.91588 ], [ 75.41459, 18.91538 ], [ 75.41311, 18.9137 ], [ 75.41446, 18.91262 ], [ 75.41472, 18.91041 ], [ 75.41153, 18.90949 ], [ 75.41018, 18.90786 ], [ 75.41012, 18.90649 ], [ 75.41138, 18.90615 ], [ 75.41345, 18.90692 ] ], [ [ 75.41443, 18.90542 ], [ 75.41269, 18.90516 ], [ 75.41463, 18.90292 ], [ 75.4154, 18.90284 ], [ 75.41443, 18.90542 ] ] ] ] } },
{ "type": "Feature", "properties": { "Name": "Sagareshwar Wildlife Sanctuary" }, "geometry": { "type": "Polygon", "coordinates": [ [ [ 74.34749, 17.16422 ], [ 74.34876, 17.1624 ], [ 74.3495, 17.16438 ], [ 74.35006, 17.16426 ], [ 74.35271, 17.16033 ], [ 74.35421, 17.15609 ], [ 74.35839, 17.15344 ], [ 74.36502, 17.15408 ], [ 74.3665, 17.1608 ], [ 74.36719, 17.16123 ], [ 74.36847, 17.15998 ], [ 74.37107, 17.16846 ], [ 74.3751, 17.16663 ], [ 74.37723, 17.16912 ], [ 74.37831, 17.16792 ], [ 74.37733, 17.16025 ], [ 74.37768, 17.1594 ], [ 74.37981, 17.16014 ], [ 74.37971, 17.15465 ], [ 74.3821, 17.15172 ], [ 74.38831, 17.15331 ], [ 74.38933, 17.14245 ], [ 74.38635, 17.1291 ], [ 74.38848, 17.12708 ], [ 74.38939, 17.13062 ], [ 74.39195, 17.13531 ], [ 74.3928, 17.13996 ], [ 74.39522, 17.14164 ], [ 74.39819, 17.1382 ], [ 74.39882, 17.13411 ], [ 74.39796, 17.13068 ], [ 74.3962, 17.13141 ], [ 74.39576, 17.12484 ], [ 74.39419, 17.125 ], [ 74.39406, 17.12102 ], [ 74.39536, 17.12128 ], [ 74.39583, 17.11927 ], [ 74.39524, 17.11628 ], [ 74.39338, 17.11526 ], [ 74.39342, 17.11361 ], [ 74.39581, 17.11238 ], [ 74.39645, 17.11896 ], [ 74.39827, 17.12332 ], [ 74.39942, 17.12357 ], [ 74.40027, 17.12192 ], [ 74.39859, 17.11228 ], [ 74.40044, 17.11247 ], [ 74.40211, 17.11421 ], [ 74.40319, 17.11383 ], [ 74.40439, 17.11583 ], [ 74.40662, 17.11391 ], [ 74.40762, 17.10945 ], [ 74.4089, 17.10734 ], [ 74.40853, 17.10412 ], [ 74.40929, 17.09945 ], [ 74.40838, 17.09771 ], [ 74.40728, 17.09843 ], [ 74.40352, 17.09173 ], [ 74.40487, 17.08841 ], [ 74.40452, 17.08737 ], [ 74.40591, 17.08686 ], [ 74.40794, 17.08222 ], [ 74.40766, 17.08085 ], [ 74.40279, 17.07972 ], [ 74.3994, 17.08173 ], [ 74.39847, 17.08648 ], [ 74.39892, 17.09203 ], [ 74.39733, 17.09243 ], [ 74.39114, 17.10035 ], [ 74.38059, 17.10863 ], [ 74.37717, 17.11296 ], [ 74.37399, 17.12021 ], [ 74.37217, 17.12206 ], [ 74.37142, 17.12556 ], [ 74.37127, 17.12807 ], [ 74.37412, 17.1322 ], [ 74.37489, 17.13549 ], [ 74.37413, 17.13744 ], [ 74.37264, 17.13333 ], [ 74.37197, 17.13354 ], [ 74.3719, 17.12947 ], [ 74.37042, 17.12716 ], [ 74.36988, 17.12412 ], [ 74.36891, 17.12431 ], [ 74.36767, 17.12216 ], [ 74.36386, 17.11911 ], [ 74.36289, 17.12104 ], [ 74.36207, 17.12042 ], [ 74.36063, 17.12097 ], [ 74.35775, 17.12373 ], [ 74.35171, 17.13418 ], [ 74.35165, 17.13709 ], [ 74.34999, 17.14151 ], [ 74.35098, 17.14627 ], [ 74.35034, 17.15128 ], [ 74.34529, 17.14873 ], [ 74.3429, 17.14914 ], [ 74.33699, 17.15461 ], [ 74.33434, 17.15427 ], [ 74.33384, 17.15493 ], [ 74.33378, 17.15686 ], [ 74.3365, 17.16147 ], [ 74.3355, 17.16309 ], [ 74.33581, 17.16473 ], [ 74.33725, 17.16694 ], [ 74.3381, 17.16703 ], [ 74.34007, 17.16524 ], [ 74.34076, 17.16562 ], [ 74.34072, 17.16809 ], [ 74.3425, 17.17313 ], [ 74.34363, 17.17285 ], [ 74.34643, 17.17401 ], [ 74.34724, 17.17313 ], [ 74.34749, 17.16422 ] ], [ [ 74.40161, 17.09103 ], [ 74.40157, 17.09195 ], [ 74.40262, 17.09219 ], [ 74.4054, 17.0979 ], [ 74.40735, 17.10076 ], [ 74.40828, 17.09984 ], [ 74.40746, 17.105 ], [ 74.40684, 17.1053 ], [ 74.40783, 17.10647 ], [ 74.40581, 17.11282 ], [ 74.40483, 17.11407 ], [ 74.40345, 17.11182 ], [ 74.40226, 17.11224 ], [ 74.40011, 17.11024 ], [ 74.39725, 17.11092 ], [ 74.39845, 17.11908 ], [ 74.39916, 17.11994 ], [ 74.39887, 17.12157 ], [ 74.39711, 17.11775 ], [ 74.39654, 17.1101 ], [ 74.39247, 17.11241 ], [ 74.39226, 17.11618 ], [ 74.39468, 17.11791 ], [ 74.39479, 17.11966 ], [ 74.39288, 17.11854 ], [ 74.39346, 17.12716 ], [ 74.39515, 17.12662 ], [ 74.39485, 17.13378 ], [ 74.39763, 17.13281 ], [ 74.39786, 17.13413 ], [ 74.39639, 17.13875 ], [ 74.39446, 17.13987 ], [ 74.39214, 17.13271 ], [ 74.38994, 17.12867 ], [ 74.38912, 17.12451 ], [ 74.38628, 17.12659 ], [ 74.38522, 17.1293 ], [ 74.38836, 17.14076 ], [ 74.38415, 17.14117 ], [ 74.38698, 17.14375 ], [ 74.38827, 17.14328 ], [ 74.38786, 17.1514 ], [ 74.382, 17.14979 ], [ 74.38039, 17.15237 ], [ 74.38013, 17.15163 ], [ 74.37883, 17.1531 ], [ 74.37799, 17.14814 ], [ 74.37847, 17.14555 ], [ 74.37676, 17.14514 ], [ 74.37681, 17.1425 ], [ 74.37524, 17.14219 ], [ 74.37514, 17.14518 ], [ 74.37578, 17.14509 ], [ 74.377, 17.14725 ], [ 74.37918, 17.15692 ], [ 74.37908, 17.15764 ], [ 74.37747, 17.1577 ], [ 74.37536, 17.16016 ], [ 74.37668, 17.16178 ], [ 74.37701, 17.1667 ], [ 74.37454, 17.1639 ], [ 74.37464, 17.16493 ], [ 74.3716, 17.16685 ], [ 74.36893, 17.15789 ], [ 74.36704, 17.15929 ], [ 74.36582, 17.15229 ], [ 74.35826, 17.15117 ], [ 74.35695, 17.1529 ], [ 74.35337, 17.15475 ], [ 74.35282, 17.15729 ], [ 74.34983, 17.16208 ], [ 74.34949, 17.16003 ], [ 74.34662, 17.16342 ], [ 74.3465, 17.1719 ], [ 74.34343, 17.17091 ], [ 74.34298, 17.17171 ], [ 74.34119, 17.1641 ], [ 74.33983, 17.16321 ], [ 74.33791, 17.16505 ], [ 74.33718, 17.16447 ], [ 74.33673, 17.16358 ], [ 74.3379, 17.16155 ], [ 74.33487, 17.15621 ], [ 74.33713, 17.15642 ], [ 74.34216, 17.1513 ], [ 74.34468, 17.15056 ], [ 74.34913, 17.15205 ], [ 74.35108, 17.15599 ], [ 74.3519, 17.14599 ], [ 74.35106, 17.14202 ], [ 74.35288, 17.13746 ], [ 74.35238, 17.13564 ], [ 74.35821, 17.12523 ], [ 74.3614, 17.12234 ], [ 74.36281, 17.12333 ], [ 74.36404, 17.12116 ], [ 74.36934, 17.12594 ], [ 74.3692, 17.12839 ], [ 74.36772, 17.13122 ], [ 74.36553, 17.13086 ], [ 74.3663, 17.13348 ], [ 74.36895, 17.13389 ], [ 74.37059, 17.1294 ], [ 74.37132, 17.13226 ], [ 74.37026, 17.13365 ], [ 74.37087, 17.13623 ], [ 74.37228, 17.13525 ], [ 74.37419, 17.13992 ], [ 74.37669, 17.13469 ], [ 74.37535, 17.13347 ], [ 74.37481, 17.13065 ], [ 74.37226, 17.12721 ], [ 74.37236, 17.12607 ], [ 74.3728, 17.12388 ], [ 74.37766, 17.1158 ], [ 74.3774, 17.11481 ], [ 74.38269, 17.10887 ], [ 74.39132, 17.10223 ], [ 74.39752, 17.09449 ], [ 74.39979, 17.09388 ], [ 74.39951, 17.08544 ], [ 74.40084, 17.08245 ], [ 74.40265, 17.08173 ], [ 74.40625, 17.08216 ], [ 74.40527, 17.08492 ], [ 74.40356, 17.08562 ], [ 74.40368, 17.08866 ], [ 74.4025, 17.09102 ], [ 74.40161, 17.09103 ] ] ] } },
{ "type": "Feature", "properties": { "Name": "Radhanagari WLS" }, "geometry": { "type": "Polygon", "coordinates": [ [ [ 73.89369, 16.53156 ], [ 73.88805, 16.53034 ], [ 73.8885, 16.52778 ], [ 73.88598, 16.52173 ], [ 73.88741, 16.5212 ], [ 73.89533, 16.52156 ], [ 73.89672, 16.51021 ], [ 73.89507, 16.50793 ], [ 73.89513, 16.50545 ], [ 73.89357, 16.50344 ], [ 73.8926, 16.49958 ], [ 73.89542, 16.49903 ], [ 73.89629, 16.49783 ], [ 73.89865, 16.49786 ], [ 73.89929, 16.50136 ], [ 73.90103, 16.50189 ], [ 73.90007, 16.50534 ], [ 73.90316, 16.50723 ], [ 73.89897, 16.51865 ], [ 73.90012, 16.52169 ], [ 73.90222, 16.52191 ], [ 73.90313, 16.52277 ], [ 73.90269, 16.52377 ], [ 73.89828, 16.52559 ], [ 73.90276, 16.52896 ], [ 73.9064, 16.53345 ], [ 73.90892, 16.53515 ], [ 73.91052, 16.53526 ], [ 73.91314, 16.53752 ], [ 73.9101, 16.52282 ], [ 73.91061, 16.52134 ], [ 73.91405, 16.51997 ], [ 73.91515, 16.52002 ], [ 73.9171, 16.52252 ], [ 73.91781, 16.5214 ], [ 73.91682, 16.51822 ], [ 73.91697, 16.51297 ], [ 73.91506, 16.51094 ], [ 73.91135, 16.50893 ], [ 73.91109, 16.50758 ], [ 73.91238, 16.50439 ], [ 73.90786, 16.49986 ], [ 73.90763, 16.49883 ], [ 73.90987, 16.49438 ], [ 73.92029, 16.49847 ], [ 73.92123, 16.50083 ], [ 73.92292, 16.50147 ], [ 73.92523, 16.49775 ], [ 73.92541, 16.49485 ], [ 73.92639, 16.49329 ], [ 73.93087, 16.4907 ], [ 73.93564, 16.49275 ], [ 73.94035, 16.5011 ], [ 73.94168, 16.49861 ], [ 73.94496, 16.49932 ], [ 73.94653, 16.5013 ], [ 73.95019, 16.50144 ], [ 73.95238, 16.50012 ], [ 73.95307, 16.50862 ], [ 73.94817, 16.51076 ], [ 73.94546, 16.51361 ], [ 73.94646, 16.51721 ], [ 73.94834, 16.51755 ], [ 73.94874, 16.51875 ], [ 73.94584, 16.52274 ], [ 73.94544, 16.52662 ], [ 73.94805, 16.52584 ], [ 73.9505, 16.52792 ], [ 73.95366, 16.52793 ], [ 73.95468, 16.52363 ], [ 73.95318, 16.52204 ], [ 73.95318, 16.52084 ], [ 73.95453, 16.51974 ], [ 73.95824, 16.52155 ], [ 73.95854, 16.52689 ], [ 73.95942, 16.52726 ], [ 73.96126, 16.52598 ], [ 73.9586, 16.51414 ], [ 73.95924, 16.50306 ], [ 73.95837, 16.50016 ], [ 73.95632, 16.49805 ], [ 73.9589, 16.49366 ], [ 73.9628, 16.49595 ], [ 73.96415, 16.49585 ], [ 73.967, 16.49479 ], [ 73.96806, 16.49153 ], [ 73.96789, 16.48967 ], [ 73.96613, 16.48967 ], [ 73.96459, 16.49122 ], [ 73.96398, 16.49089 ], [ 73.96124, 16.48007 ], [ 73.96133, 16.47869 ], [ 73.96733, 16.47084 ], [ 73.96577, 16.46887 ], [ 73.96523, 16.46486 ], [ 73.96581, 16.4639 ], [ 73.97275, 16.46682 ], [ 73.98041, 16.46669 ], [ 73.98431, 16.46859 ], [ 73.98845, 16.46873 ], [ 73.98984, 16.46448 ], [ 73.98952, 16.46272 ], [ 73.98775, 16.46078 ], [ 73.98872, 16.45168 ], [ 73.98994, 16.4505 ], [ 73.99883, 16.45077 ], [ 74.00125, 16.44877 ], [ 74.00704, 16.44781 ], [ 74.00834, 16.44385 ], [ 74.01155, 16.44006 ], [ 74.01597, 16.43888 ], [ 74.019, 16.43421 ], [ 74.02536, 16.43216 ], [ 74.02666, 16.43062 ], [ 74.02873, 16.42231 ], [ 74.02939, 16.41588 ], [ 74.03058, 16.41493 ], [ 74.03155, 16.41023 ], [ 74.03561, 16.40382 ], [ 74.03584, 16.40077 ], [ 74.03104, 16.40035 ], [ 74.02893, 16.39919 ], [ 74.02819, 16.39452 ], [ 74.02605, 16.39106 ], [ 74.02571, 16.38865 ], [ 74.02366, 16.38744 ], [ 74.02335, 16.38392 ], [ 74.02086, 16.38101 ], [ 74.02188, 16.37693 ], [ 74.02001, 16.37066 ], [ 74.02212, 16.36795 ], [ 74.02943, 16.36424 ], [ 74.02977, 16.36936 ], [ 74.03135, 16.37094 ], [ 74.03473, 16.3705 ], [ 74.03759, 16.3678 ], [ 74.03756, 16.36618 ], [ 74.03614, 16.36411 ], [ 74.03212, 16.36228 ], [ 74.03179, 16.35902 ], [ 74.03519, 16.35597 ], [ 74.03625, 16.35777 ], [ 74.04011, 16.35786 ], [ 74.0431, 16.3574 ], [ 74.04434, 16.35598 ], [ 74.04338, 16.35256 ], [ 74.04012, 16.34981 ], [ 74.04081, 16.34772 ], [ 74.03985, 16.34312 ], [ 74.04185, 16.34239 ], [ 74.04426, 16.33731 ], [ 74.04011, 16.33154 ], [ 74.03997, 16.32977 ], [ 74.04125, 16.3275 ], [ 74.04215, 16.33006 ], [ 74.0445, 16.32871 ], [ 74.04501, 16.33258 ], [ 74.04621, 16.33343 ], [ 74.04931, 16.33366 ], [ 74.05111, 16.32884 ], [ 74.0561, 16.32823 ], [ 74.05834, 16.33099 ], [ 74.05942, 16.33587 ], [ 74.0591, 16.34182 ], [ 74.05581, 16.3429 ], [ 74.05894, 16.35213 ], [ 74.06111, 16.36664 ], [ 74.06222, 16.36839 ], [ 74.06325, 16.36819 ], [ 74.06541, 16.3632 ], [ 74.06651, 16.35983 ], [ 74.06565, 16.35809 ], [ 74.06591, 16.3364 ], [ 74.06717, 16.3331 ], [ 74.06633, 16.32917 ], [ 74.06527, 16.31061 ], [ 74.05942, 16.30159 ], [ 74.0581, 16.29559 ], [ 74.0585, 16.29193 ], [ 74.05378, 16.28789 ], [ 74.05398, 16.28593 ], [ 74.05634, 16.2829 ], [ 74.05564, 16.28182 ], [ 74.05246, 16.28093 ], [ 74.05265, 16.27571 ], [ 74.05128, 16.27483 ], [ 74.05122, 16.27394 ], [ 74.05443, 16.27338 ], [ 74.05802, 16.28012 ], [ 74.06092, 16.28272 ], [ 74.06209, 16.28076 ], [ 74.05969, 16.2794 ], [ 74.05956, 16.27792 ], [ 74.06269, 16.27812 ], [ 74.06368, 16.2767 ], [ 74.0695, 16.28097 ], [ 74.07026, 16.27726 ], [ 74.07376, 16.2789 ], [ 74.07451, 16.28346 ], [ 74.07528, 16.28396 ], [ 74.08277, 16.28377 ], [ 74.08393, 16.28272 ], [ 74.08454, 16.28029 ], [ 74.0822, 16.27824 ], [ 74.0739, 16.27731 ], [ 74.06356, 16.27068 ], [ 74.06332, 16.26974 ], [ 74.06547, 16.2653 ], [ 74.06503, 16.2606 ], [ 74.06277, 16.26069 ], [ 74.05934, 16.25735 ], [ 74.05688, 16.25742 ], [ 74.05839, 16.25581 ], [ 74.05808, 16.25485 ], [ 74.05426, 16.25631 ], [ 74.05261, 16.25588 ], [ 74.05236, 16.2546 ], [ 74.05159, 16.25437 ], [ 74.04907, 16.25681 ], [ 74.04401, 16.25199 ], [ 74.04374, 16.24793 ], [ 74.04142, 16.24384 ], [ 74.04523, 16.23799 ], [ 74.0471, 16.23338 ], [ 74.04817, 16.23296 ], [ 74.05428, 16.2365 ], [ 74.06243, 16.2303 ], [ 74.06183, 16.22759 ], [ 74.05806, 16.22153 ], [ 74.05843, 16.21259 ], [ 74.05732, 16.211 ], [ 74.05467, 16.20991 ], [ 74.04954, 16.21167 ], [ 74.04679, 16.21463 ], [ 74.04617, 16.21771 ], [ 74.04441, 16.21854 ], [ 74.03407, 16.21694 ], [ 74.03323, 16.21613 ], [ 74.03147, 16.20695 ], [ 74.02964, 16.20437 ], [ 74.02413, 16.20163 ], [ 74.02237, 16.19744 ], [ 74.01488, 16.19764 ], [ 74.01324, 16.19635 ], [ 74.00602, 16.19782 ], [ 74.00557, 16.19947 ], [ 74.00631, 16.20161 ], [ 74.00553, 16.20271 ], [ 73.99805, 16.20409 ], [ 73.99687, 16.20258 ], [ 73.99902, 16.20107 ], [ 73.99911, 16.20014 ], [ 73.99773, 16.19765 ], [ 73.99003, 16.19681 ], [ 73.99316, 16.19491 ], [ 73.99535, 16.19218 ], [ 73.99986, 16.19127 ], [ 74.00333, 16.18833 ], [ 74.00421, 16.18549 ], [ 73.99693, 16.17807 ], [ 73.99587, 16.17818 ], [ 73.99537, 16.18029 ], [ 73.99415, 16.1807 ], [ 73.99312, 16.1797 ], [ 73.99241, 16.17553 ], [ 73.99073, 16.17451 ], [ 73.98578, 16.17471 ], [ 73.98495, 16.1815 ], [ 73.98588, 16.18517 ], [ 73.9835, 16.18788 ], [ 73.98107, 16.1874 ], [ 73.97999, 16.1838 ], [ 73.97757, 16.18309 ], [ 73.97519, 16.18391 ], [ 73.97443, 16.18665 ], [ 73.97124, 16.18774 ], [ 73.97066, 16.18963 ], [ 73.96951, 16.18983 ], [ 73.96715, 16.18849 ], [ 73.96265, 16.19032 ], [ 73.96148, 16.18884 ], [ 73.96169, 16.18787 ], [ 73.96592, 16.18018 ], [ 73.96923, 16.17077 ], [ 73.97066, 16.16929 ], [ 73.9715, 16.16578 ], [ 73.97359, 16.16293 ], [ 73.97374, 16.16158 ], [ 73.97302, 16.16083 ], [ 73.96988, 16.16099 ], [ 73.96834, 16.16379 ], [ 73.96581, 16.16234 ], [ 73.96581, 16.15986 ], [ 73.96469, 16.1592 ], [ 73.96258, 16.15957 ], [ 73.9634, 16.16519 ], [ 73.96108, 16.16629 ], [ 73.96064, 16.17118 ], [ 73.9546, 16.17056 ], [ 73.95085, 16.17105 ], [ 73.95033, 16.1669 ], [ 73.94391, 16.16579 ], [ 73.94229, 16.16934 ], [ 73.94087, 16.17027 ], [ 73.94033, 16.17376 ], [ 73.93957, 16.17416 ], [ 73.93378, 16.17317 ], [ 73.93134, 16.16968 ], [ 73.92946, 16.1694 ], [ 73.92296, 16.17168 ], [ 73.92213, 16.17316 ], [ 73.90559, 16.17436 ], [ 73.90276, 16.17426 ], [ 73.90105, 16.17281 ], [ 73.89733, 16.17176 ], [ 73.89238, 16.1724 ], [ 73.89146, 16.1775 ], [ 73.89431, 16.17736 ], [ 73.89659, 16.18125 ], [ 73.90358, 16.1879 ], [ 73.90669, 16.18707 ], [ 73.90795, 16.1855 ], [ 73.90317, 16.18304 ], [ 73.9091, 16.18307 ], [ 73.91046, 16.18093 ], [ 73.90919, 16.17952 ], [ 73.90932, 16.17779 ], [ 73.91049, 16.17779 ], [ 73.91319, 16.18157 ], [ 73.91586, 16.18017 ], [ 73.91645, 16.17818 ], [ 73.91839, 16.17991 ], [ 73.9206, 16.17796 ], [ 73.9247, 16.17812 ], [ 73.92498, 16.17617 ], [ 73.92675, 16.17516 ], [ 73.92803, 16.17616 ], [ 73.93153, 16.17637 ], [ 73.92949, 16.18104 ], [ 73.92492, 16.18303 ], [ 73.92202, 16.18583 ], [ 73.92134, 16.18769 ], [ 73.92856, 16.19179 ], [ 73.93224, 16.19226 ], [ 73.93307, 16.19497 ], [ 73.93685, 16.19724 ], [ 73.93692, 16.19793 ], [ 73.93297, 16.19731 ], [ 73.93054, 16.19536 ], [ 73.92969, 16.19835 ], [ 73.92679, 16.19562 ], [ 73.92518, 16.1954 ], [ 73.92371, 16.19641 ], [ 73.91042, 16.19282 ], [ 73.90879, 16.19345 ], [ 73.90808, 16.19473 ], [ 73.90754, 16.20517 ], [ 73.91175, 16.2061 ], [ 73.91132, 16.20672 ], [ 73.90688, 16.20688 ], [ 73.90717, 16.21874 ], [ 73.91516, 16.22182 ], [ 73.9109, 16.22112 ], [ 73.91003, 16.2239 ], [ 73.90714, 16.22424 ], [ 73.90619, 16.22597 ], [ 73.90421, 16.22394 ], [ 73.90032, 16.22785 ], [ 73.90029, 16.22361 ], [ 73.89939, 16.22277 ], [ 73.89782, 16.22402 ], [ 73.89589, 16.22399 ], [ 73.89229, 16.2212 ], [ 73.87564, 16.21718 ], [ 73.86584, 16.21384 ], [ 73.85853, 16.21508 ], [ 73.85659, 16.21742 ], [ 73.85737, 16.2197 ], [ 73.86225, 16.21734 ], [ 73.86874, 16.21884 ], [ 73.87479, 16.22436 ], [ 73.8867, 16.2411 ], [ 73.88745, 16.23966 ], [ 73.88817, 16.23988 ], [ 73.88753, 16.2414 ], [ 73.88905, 16.2424 ], [ 73.89195, 16.243 ], [ 73.89523, 16.24217 ], [ 73.89819, 16.24263 ], [ 73.89925, 16.24485 ], [ 73.89674, 16.24476 ], [ 73.89633, 16.24596 ], [ 73.89443, 16.24557 ], [ 73.89615, 16.24834 ], [ 73.8958, 16.24984 ], [ 73.89527, 16.24765 ], [ 73.89328, 16.24547 ], [ 73.88445, 16.24721 ], [ 73.88433, 16.2484 ], [ 73.88365, 16.24855 ], [ 73.88306, 16.24715 ], [ 73.87554, 16.24634 ], [ 73.86649, 16.23781 ], [ 73.85567, 16.23911 ], [ 73.85244, 16.24078 ], [ 73.86095, 16.24604 ], [ 73.86479, 16.25238 ], [ 73.87756, 16.26064 ], [ 73.87949, 16.26256 ], [ 73.87898, 16.26396 ], [ 73.87288, 16.26577 ], [ 73.86959, 16.27291 ], [ 73.86487, 16.27283 ], [ 73.86112, 16.27172 ], [ 73.85971, 16.27481 ], [ 73.85848, 16.27479 ], [ 73.85531, 16.27292 ], [ 73.85428, 16.27133 ], [ 73.84816, 16.26959 ], [ 73.84652, 16.26614 ], [ 73.84426, 16.26544 ], [ 73.84351, 16.26603 ], [ 73.84381, 16.26773 ], [ 73.84268, 16.26594 ], [ 73.84174, 16.26625 ], [ 73.84129, 16.26965 ], [ 73.83983, 16.27169 ], [ 73.84492, 16.27553 ], [ 73.84889, 16.27593 ], [ 73.85218, 16.27789 ], [ 73.85168, 16.27907 ], [ 73.85795, 16.28073 ], [ 73.85726, 16.28154 ], [ 73.8615, 16.28276 ], [ 73.86226, 16.28409 ], [ 73.86755, 16.28617 ], [ 73.86965, 16.28911 ], [ 73.87238, 16.28894 ], [ 73.87549, 16.29767 ], [ 73.88272, 16.3024 ], [ 73.88694, 16.30732 ], [ 73.89141, 16.30895 ], [ 73.88859, 16.31065 ], [ 73.88768, 16.31304 ], [ 73.87715, 16.31051 ], [ 73.86725, 16.30309 ], [ 73.85304, 16.29766 ], [ 73.84687, 16.29605 ], [ 73.84392, 16.29064 ], [ 73.83738, 16.29016 ], [ 73.83584, 16.28893 ], [ 73.8339, 16.29027 ], [ 73.8338, 16.29159 ], [ 73.83546, 16.29362 ], [ 73.83401, 16.29499 ], [ 73.83543, 16.29775 ], [ 73.83484, 16.29929 ], [ 73.8374, 16.30203 ], [ 73.83714, 16.30361 ], [ 73.83323, 16.30388 ], [ 73.82744, 16.30298 ], [ 73.82022, 16.29623 ], [ 73.81666, 16.29503 ], [ 73.81561, 16.2991 ], [ 73.8206, 16.30434 ], [ 73.81824, 16.30442 ], [ 73.81759, 16.30552 ], [ 73.81871, 16.30968 ], [ 73.81263, 16.31154 ], [ 73.81574, 16.31687 ], [ 73.81592, 16.31868 ], [ 73.81482, 16.31976 ], [ 73.80962, 16.31874 ], [ 73.80467, 16.31604 ], [ 73.80898, 16.31412 ], [ 73.80873, 16.31118 ], [ 73.80485, 16.30554 ], [ 73.80088, 16.30586 ], [ 73.80124, 16.31167 ], [ 73.80006, 16.31926 ], [ 73.80386, 16.31882 ], [ 73.80956, 16.32177 ], [ 73.81122, 16.32129 ], [ 73.81303, 16.32255 ], [ 73.82014, 16.32182 ], [ 73.82232, 16.32307 ], [ 73.82498, 16.32337 ], [ 73.82691, 16.32143 ], [ 73.82722, 16.32462 ], [ 73.82876, 16.32633 ], [ 73.8281, 16.32823 ], [ 73.82168, 16.32896 ], [ 73.82035, 16.33251 ], [ 73.82111, 16.33364 ], [ 73.80911, 16.33361 ], [ 73.80412, 16.3327 ], [ 73.80357, 16.33703 ], [ 73.80488, 16.33924 ], [ 73.80314, 16.34077 ], [ 73.8035, 16.34301 ], [ 73.8028, 16.34426 ], [ 73.80407, 16.34568 ], [ 73.80514, 16.34932 ], [ 73.81773, 16.3519 ], [ 73.81992, 16.3534 ], [ 73.8218, 16.35249 ], [ 73.82225, 16.35532 ], [ 73.82441, 16.35739 ], [ 73.82553, 16.35705 ], [ 73.8319, 16.35997 ], [ 73.83283, 16.35842 ], [ 73.83487, 16.35844 ], [ 73.83316, 16.36186 ], [ 73.83838, 16.36428 ], [ 73.83899, 16.36744 ], [ 73.84105, 16.36752 ], [ 73.84329, 16.36613 ], [ 73.84473, 16.36706 ], [ 73.84403, 16.36847 ], [ 73.84146, 16.36893 ], [ 73.84099, 16.37125 ], [ 73.83819, 16.37133 ], [ 73.8358, 16.37273 ], [ 73.83077, 16.37246 ], [ 73.83006, 16.37291 ], [ 73.82958, 16.37675 ], [ 73.82278, 16.37925 ], [ 73.82408, 16.39314 ], [ 73.82561, 16.39943 ], [ 73.81911, 16.40616 ], [ 73.81818, 16.40612 ], [ 73.81238, 16.40138 ], [ 73.81291, 16.40585 ], [ 73.81394, 16.40631 ], [ 73.81383, 16.40932 ], [ 73.81475, 16.41124 ], [ 73.81586, 16.41155 ], [ 73.81907, 16.41172 ], [ 73.82493, 16.41025 ], [ 73.82575, 16.41093 ], [ 73.82385, 16.4143 ], [ 73.82451, 16.41634 ], [ 73.82632, 16.41749 ], [ 73.82694, 16.41902 ], [ 73.82585, 16.42114 ], [ 73.82226, 16.42324 ], [ 73.82195, 16.4244 ], [ 73.823, 16.42631 ], [ 73.82476, 16.42656 ], [ 73.8335, 16.42362 ], [ 73.84204, 16.42327 ], [ 73.84537, 16.42213 ], [ 73.8465, 16.42469 ], [ 73.84885, 16.426 ], [ 73.85061, 16.42508 ], [ 73.85113, 16.42757 ], [ 73.85473, 16.42661 ], [ 73.85701, 16.42756 ], [ 73.85799, 16.42905 ], [ 73.8561, 16.43177 ], [ 73.86128, 16.43163 ], [ 73.86249, 16.43262 ], [ 73.86226, 16.43477 ], [ 73.85988, 16.43759 ], [ 73.86185, 16.43759 ], [ 73.86169, 16.44014 ], [ 73.86435, 16.44068 ], [ 73.86528, 16.44258 ], [ 73.86874, 16.44346 ], [ 73.86436, 16.44647 ], [ 73.86455, 16.44766 ], [ 73.87208, 16.44591 ], [ 73.87275, 16.44638 ], [ 73.86953, 16.45074 ], [ 73.87215, 16.45208 ], [ 73.8745, 16.45151 ], [ 73.8756, 16.45266 ], [ 73.87502, 16.45583 ], [ 73.87639, 16.45775 ], [ 73.87314, 16.46037 ], [ 73.8773, 16.46334 ], [ 73.87719, 16.46663 ], [ 73.87603, 16.4673 ], [ 73.86962, 16.46685 ], [ 73.86671, 16.46854 ], [ 73.86262, 16.46865 ], [ 73.85992, 16.46971 ], [ 73.85865, 16.47288 ], [ 73.86226, 16.47525 ], [ 73.86154, 16.47655 ], [ 73.86148, 16.48166 ], [ 73.85674, 16.48606 ], [ 73.85778, 16.4929 ], [ 73.85919, 16.4942 ], [ 73.86028, 16.4925 ], [ 73.86231, 16.49318 ], [ 73.86299, 16.48773 ], [ 73.86467, 16.48746 ], [ 73.86647, 16.48887 ], [ 73.86655, 16.48379 ], [ 73.86723, 16.48297 ], [ 73.86864, 16.48413 ], [ 73.87291, 16.48427 ], [ 73.8734, 16.48704 ], [ 73.87591, 16.49023 ], [ 73.87622, 16.4955 ], [ 73.87463, 16.50626 ], [ 73.87305, 16.50937 ], [ 73.87765, 16.51073 ], [ 73.87846, 16.51528 ], [ 73.88313, 16.52116 ], [ 73.88869, 16.53801 ], [ 73.89311, 16.53882 ], [ 73.89622, 16.53739 ], [ 73.89976, 16.54331 ], [ 73.9016, 16.54421 ], [ 73.90338, 16.5425 ], [ 73.89369, 16.53156 ] ], [ [ 73.8841, 16.48119 ], [ 73.88063, 16.45451 ], [ 73.88122, 16.45246 ], [ 73.88612, 16.45027 ], [ 73.88391, 16.44961 ], [ 73.8817, 16.44531 ], [ 73.87795, 16.44272 ], [ 73.87214, 16.4425 ], [ 73.86795, 16.43516 ], [ 73.86153, 16.42894 ], [ 73.85647, 16.42545 ], [ 73.84984, 16.42333 ], [ 73.84905, 16.42128 ], [ 73.85105, 16.41793 ], [ 73.85076, 16.4167 ], [ 73.84855, 16.41447 ], [ 73.84534, 16.41328 ], [ 73.84413, 16.41136 ], [ 73.83699, 16.40575 ], [ 73.83398, 16.40157 ], [ 73.83542, 16.39948 ], [ 73.83585, 16.3925 ], [ 73.84303, 16.39125 ], [ 73.84494, 16.38918 ], [ 73.85573, 16.38529 ], [ 73.86288, 16.3742 ], [ 73.85939, 16.36628 ], [ 73.85644, 16.3659 ], [ 73.85494, 16.36238 ], [ 73.85393, 16.36189 ], [ 73.85381, 16.36029 ], [ 73.85227, 16.35953 ], [ 73.85224, 16.35748 ], [ 73.85135, 16.3563 ], [ 73.84759, 16.354 ], [ 73.84359, 16.35502 ], [ 73.8425, 16.35226 ], [ 73.83884, 16.3516 ], [ 73.83687, 16.34574 ], [ 73.83221, 16.34478 ], [ 73.83399, 16.34296 ], [ 73.83728, 16.34243 ], [ 73.84061, 16.33839 ], [ 73.84332, 16.33419 ], [ 73.84475, 16.32926 ], [ 73.84747, 16.32433 ], [ 73.84329, 16.3192 ], [ 73.8399, 16.31656 ], [ 73.84479, 16.31524 ], [ 73.84654, 16.31372 ], [ 73.84629, 16.30057 ], [ 73.85033, 16.31045 ], [ 73.85573, 16.31648 ], [ 73.85671, 16.31623 ], [ 73.85781, 16.31327 ], [ 73.86256, 16.30823 ], [ 73.86801, 16.31491 ], [ 73.87203, 16.31558 ], [ 73.88631, 16.32748 ], [ 73.88786, 16.32372 ], [ 73.88973, 16.32278 ], [ 73.89323, 16.32796 ], [ 73.89686, 16.32811 ], [ 73.89975, 16.32921 ], [ 73.90156, 16.32856 ], [ 73.90239, 16.32784 ], [ 73.90302, 16.32051 ], [ 73.89963, 16.30948 ], [ 73.90076, 16.30794 ], [ 73.90064, 16.3066 ], [ 73.89513, 16.30286 ], [ 73.88869, 16.29987 ], [ 73.88943, 16.29595 ], [ 73.88874, 16.29366 ], [ 73.88936, 16.289 ], [ 73.88761, 16.28494 ], [ 73.88238, 16.2822 ], [ 73.88137, 16.27844 ], [ 73.88407, 16.27528 ], [ 73.88433, 16.27313 ], [ 73.88685, 16.2725 ], [ 73.89015, 16.2695 ], [ 73.89392, 16.26198 ], [ 73.89079, 16.2578 ], [ 73.89109, 16.25632 ], [ 73.90411, 16.25616 ], [ 73.90607, 16.25548 ], [ 73.90803, 16.25414 ], [ 73.90691, 16.25269 ], [ 73.90688, 16.25105 ], [ 73.91217, 16.24752 ], [ 73.91612, 16.24619 ], [ 73.91666, 16.24503 ], [ 73.91538, 16.24334 ], [ 73.9061, 16.23883 ], [ 73.89972, 16.23772 ], [ 73.89605, 16.2356 ], [ 73.892, 16.23308 ], [ 73.88937, 16.2292 ], [ 73.89607, 16.23372 ], [ 73.89989, 16.23285 ], [ 73.90525, 16.23414 ], [ 73.91211, 16.23385 ], [ 73.91333, 16.23336 ], [ 73.91377, 16.23059 ], [ 73.91487, 16.23071 ], [ 73.9171, 16.23339 ], [ 73.92396, 16.23436 ], [ 73.92538, 16.23869 ], [ 73.92852, 16.23827 ], [ 73.93517, 16.24307 ], [ 73.94135, 16.24338 ], [ 73.94278, 16.24064 ], [ 73.93829, 16.23736 ], [ 73.93675, 16.23525 ], [ 73.93571, 16.23283 ], [ 73.93639, 16.23145 ], [ 73.93425, 16.22876 ], [ 73.93408, 16.22635 ], [ 73.92453, 16.21948 ], [ 73.92677, 16.21619 ], [ 73.92715, 16.21286 ], [ 73.9284, 16.21177 ], [ 73.92956, 16.20806 ], [ 73.92706, 16.20475 ], [ 73.92611, 16.20147 ], [ 73.9287, 16.20162 ], [ 73.93296, 16.20478 ], [ 73.93764, 16.20544 ], [ 73.94023, 16.20776 ], [ 73.95734, 16.21333 ], [ 73.95868, 16.21303 ], [ 73.96255, 16.20736 ], [ 73.96178, 16.19919 ], [ 73.97147, 16.20046 ], [ 73.97908, 16.19872 ], [ 73.98514, 16.19895 ], [ 73.98591, 16.1998 ], [ 73.98689, 16.20508 ], [ 73.98881, 16.20748 ], [ 73.9968, 16.21238 ], [ 74.00222, 16.21402 ], [ 74.01114, 16.21312 ], [ 74.01703, 16.21506 ], [ 74.02776, 16.22417 ], [ 74.0346, 16.2326 ], [ 74.03679, 16.23355 ], [ 74.0396, 16.25243 ], [ 74.04638, 16.26466 ], [ 74.04342, 16.27248 ], [ 74.04234, 16.28471 ], [ 74.04305, 16.2961 ], [ 74.0434, 16.29703 ], [ 74.05184, 16.30092 ], [ 74.05208, 16.30176 ], [ 74.04102, 16.3116 ], [ 74.0344, 16.32108 ], [ 74.03198, 16.33367 ], [ 74.02864, 16.34238 ], [ 74.0259, 16.34485 ], [ 74.02559, 16.34917 ], [ 74.0282, 16.3522 ], [ 74.02825, 16.35365 ], [ 74.02521, 16.36249 ], [ 74.02345, 16.36337 ], [ 74.00914, 16.35284 ], [ 74.00681, 16.35505 ], [ 74.00583, 16.35883 ], [ 74.00027, 16.36446 ], [ 73.99486, 16.3671 ], [ 74.00734, 16.37868 ], [ 74.01238, 16.38637 ], [ 74.01466, 16.39653 ], [ 74.01698, 16.40094 ], [ 74.02057, 16.41224 ], [ 74.01795, 16.41369 ], [ 74.01219, 16.42464 ], [ 74.00664, 16.42529 ], [ 74.00064, 16.43111 ], [ 73.99615, 16.43296 ], [ 73.98713, 16.43545 ], [ 73.98223, 16.43389 ], [ 73.98043, 16.43535 ], [ 73.97907, 16.43864 ], [ 73.97854, 16.44412 ], [ 73.9765, 16.44658 ], [ 73.96858, 16.45 ], [ 73.9652, 16.45017 ], [ 73.95008, 16.44638 ], [ 73.93845, 16.44476 ], [ 73.92868, 16.43908 ], [ 73.92647, 16.43853 ], [ 73.92184, 16.43477 ], [ 73.91464, 16.43074 ], [ 73.9086, 16.42912 ], [ 73.90185, 16.42374 ], [ 73.89414, 16.42037 ], [ 73.89008, 16.41563 ], [ 73.88934, 16.42043 ], [ 73.89101, 16.42138 ], [ 73.89159, 16.42284 ], [ 73.89642, 16.42532 ], [ 73.89825, 16.42549 ], [ 73.90152, 16.43286 ], [ 73.90875, 16.43799 ], [ 73.91125, 16.44247 ], [ 73.91374, 16.4444 ], [ 73.91506, 16.44762 ], [ 73.91605, 16.44802 ], [ 73.92068, 16.45708 ], [ 73.92248, 16.45845 ], [ 73.92263, 16.46061 ], [ 73.92484, 16.46246 ], [ 73.92534, 16.4651 ], [ 73.93366, 16.47545 ], [ 73.92866, 16.47606 ], [ 73.92153, 16.47494 ], [ 73.92, 16.47256 ], [ 73.91766, 16.46102 ], [ 73.91408, 16.45683 ], [ 73.90894, 16.45259 ], [ 73.90511, 16.44213 ], [ 73.90434, 16.44179 ], [ 73.9025, 16.44538 ], [ 73.90196, 16.45046 ], [ 73.91148, 16.4685 ], [ 73.91001, 16.47381 ], [ 73.90826, 16.47545 ], [ 73.90382, 16.47726 ], [ 73.90362, 16.48331 ], [ 73.90689, 16.48929 ], [ 73.90591, 16.49018 ], [ 73.90371, 16.49015 ], [ 73.90079, 16.48662 ], [ 73.89749, 16.48731 ], [ 73.89701, 16.48966 ], [ 73.89596, 16.49019 ], [ 73.8841, 16.48119 ] ] ] } },
{ "type": "Feature", "properties": { "Name": "Ghataprabha BS, Karnataka" }, "geometry": { "type": "Polygon", "coordinates": [ [ [ 74.71932, 16.249 ], [ 74.72221, 16.25131 ], [ 74.72461, 16.25138 ], [ 74.72606, 16.2494 ], [ 74.72501, 16.24516 ], [ 74.72655, 16.24455 ], [ 74.72907, 16.24609 ], [ 74.73116, 16.24573 ], [ 74.73282, 16.24194 ], [ 74.73508, 16.2401 ], [ 74.73491, 16.23699 ], [ 74.73603, 16.23562 ], [ 74.73925, 16.23758 ], [ 74.75204, 16.23083 ], [ 74.75665, 16.23083 ], [ 74.75747, 16.22999 ], [ 74.75907, 16.22603 ], [ 74.75832, 16.22289 ], [ 74.76139, 16.22068 ], [ 74.76164, 16.21792 ], [ 74.75975, 16.21464 ], [ 74.75634, 16.21267 ], [ 74.75545, 16.20911 ], [ 74.7581, 16.20513 ], [ 74.76164, 16.20168 ], [ 74.76636, 16.19982 ], [ 74.76967, 16.19669 ], [ 74.77471, 16.19626 ], [ 74.7774, 16.19492 ], [ 74.78836, 16.19595 ], [ 74.79466, 16.19275 ], [ 74.80098, 16.1907 ], [ 74.80332, 16.18815 ], [ 74.80464, 16.18305 ], [ 74.80951, 16.17791 ], [ 74.82354, 16.17861 ], [ 74.83348, 16.18263 ], [ 74.83605, 16.18095 ], [ 74.83549, 16.17615 ], [ 74.82491, 16.17159 ], [ 74.81846, 16.17098 ], [ 74.81309, 16.16934 ], [ 74.80837, 16.17042 ], [ 74.80331, 16.17355 ], [ 74.7964, 16.18394 ], [ 74.79326, 16.18629 ], [ 74.78931, 16.18746 ], [ 74.7881, 16.18893 ], [ 74.77904, 16.18737 ], [ 74.77137, 16.18705 ], [ 74.76562, 16.19059 ], [ 74.76227, 16.19448 ], [ 74.75891, 16.1958 ], [ 74.75352, 16.19648 ], [ 74.74713, 16.20326 ], [ 74.74553, 16.20661 ], [ 74.74535, 16.20893 ], [ 74.74242, 16.21129 ], [ 74.74178, 16.21507 ], [ 74.73446, 16.2175 ], [ 74.72968, 16.22289 ], [ 74.72718, 16.22396 ], [ 74.726, 16.22606 ], [ 74.71912, 16.23238 ], [ 74.70809, 16.23476 ], [ 74.70535, 16.23318 ], [ 74.70342, 16.23309 ], [ 74.70018, 16.23491 ], [ 74.69789, 16.23333 ], [ 74.69625, 16.22878 ], [ 74.69801, 16.22658 ], [ 74.69827, 16.22485 ], [ 74.69468, 16.22137 ], [ 74.69619, 16.2189 ], [ 74.70327, 16.21343 ], [ 74.70415, 16.20817 ], [ 74.70626, 16.20406 ], [ 74.70723, 16.19927 ], [ 74.70609, 16.19264 ], [ 74.70358, 16.18824 ], [ 74.6989, 16.18584 ], [ 74.69347, 16.18071 ], [ 74.68368, 16.18017 ], [ 74.67683, 16.17674 ], [ 74.67518, 16.17485 ], [ 74.6754, 16.16914 ], [ 74.67447, 16.16632 ], [ 74.67208, 16.16375 ], [ 74.66919, 16.16389 ], [ 74.6678, 16.16564 ], [ 74.66694, 16.16914 ], [ 74.66676, 16.1771 ], [ 74.66868, 16.18254 ], [ 74.67609, 16.18613 ], [ 74.68352, 16.1873 ], [ 74.68696, 16.1868 ], [ 74.68993, 16.19044 ], [ 74.69425, 16.1923 ], [ 74.69706, 16.19809 ], [ 74.69763, 16.20608 ], [ 74.69592, 16.20975 ], [ 74.69383, 16.21184 ], [ 74.69254, 16.21237 ], [ 74.6884, 16.21056 ], [ 74.68621, 16.21189 ], [ 74.68559, 16.21444 ], [ 74.68067, 16.21427 ], [ 74.67691, 16.2151 ], [ 74.67572, 16.21632 ], [ 74.67593, 16.22019 ], [ 74.67688, 16.22214 ], [ 74.68207, 16.22362 ], [ 74.68464, 16.22517 ], [ 74.68402, 16.23219 ], [ 74.68517, 16.23376 ], [ 74.68696, 16.23446 ], [ 74.68289, 16.23884 ], [ 74.68245, 16.24103 ], [ 74.683, 16.24244 ], [ 74.68635, 16.24383 ], [ 74.68943, 16.24299 ], [ 74.69324, 16.24379 ], [ 74.69328, 16.24655 ], [ 74.69564, 16.24866 ], [ 74.69861, 16.2476 ], [ 74.70059, 16.24859 ], [ 74.7036, 16.2482 ], [ 74.70508, 16.24933 ], [ 74.70849, 16.24855 ], [ 74.71607, 16.25226 ], [ 74.71768, 16.25159 ], [ 74.71932, 16.249 ] ], [ [ 74.71578, 16.24645 ], [ 74.71574, 16.24893 ], [ 74.71363, 16.24685 ], [ 74.71417, 16.24515 ], [ 74.71593, 16.24464 ], [ 74.71454, 16.24401 ], [ 74.71123, 16.24432 ], [ 74.7123, 16.24575 ], [ 74.71097, 16.24688 ], [ 74.71036, 16.24474 ], [ 74.70846, 16.24408 ], [ 74.70652, 16.24444 ], [ 74.70592, 16.24643 ], [ 74.70372, 16.24387 ], [ 74.70181, 16.24527 ], [ 74.70054, 16.24408 ], [ 74.69799, 16.2435 ], [ 74.69625, 16.2451 ], [ 74.69757, 16.24132 ], [ 74.69535, 16.2404 ], [ 74.69244, 16.24113 ], [ 74.69136, 16.23947 ], [ 74.68681, 16.24102 ], [ 74.6851, 16.24053 ], [ 74.68701, 16.23998 ], [ 74.68905, 16.23675 ], [ 74.69036, 16.23649 ], [ 74.69055, 16.23271 ], [ 74.68953, 16.23135 ], [ 74.68705, 16.23138 ], [ 74.68891, 16.22988 ], [ 74.68681, 16.22914 ], [ 74.68791, 16.22674 ], [ 74.68705, 16.22145 ], [ 74.68294, 16.221 ], [ 74.68258, 16.21976 ], [ 74.67968, 16.22003 ], [ 74.67963, 16.21917 ], [ 74.68094, 16.21836 ], [ 74.67842, 16.21788 ], [ 74.68377, 16.21719 ], [ 74.68703, 16.21805 ], [ 74.6886, 16.2196 ], [ 74.68981, 16.2166 ], [ 74.68862, 16.21448 ], [ 74.68869, 16.21351 ], [ 74.68936, 16.21346 ], [ 74.69031, 16.21441 ], [ 74.69007, 16.21762 ], [ 74.68893, 16.22022 ], [ 74.68955, 16.22036 ], [ 74.69388, 16.2152 ], [ 74.69714, 16.2126 ], [ 74.69935, 16.20932 ], [ 74.70045, 16.20501 ], [ 74.7, 16.19771 ], [ 74.69869, 16.19388 ], [ 74.69579, 16.18964 ], [ 74.69155, 16.18812 ], [ 74.68886, 16.18445 ], [ 74.67955, 16.18424 ], [ 74.6713, 16.18118 ], [ 74.67271, 16.18051 ], [ 74.66958, 16.17718 ], [ 74.66987, 16.16769 ], [ 74.67049, 16.16652 ], [ 74.67163, 16.16697 ], [ 74.6727, 16.1693 ], [ 74.67213, 16.17494 ], [ 74.67474, 16.17949 ], [ 74.68022, 16.18107 ], [ 74.68204, 16.18301 ], [ 74.68829, 16.18263 ], [ 74.69376, 16.18425 ], [ 74.69638, 16.18745 ], [ 74.70173, 16.19039 ], [ 74.70354, 16.1936 ], [ 74.70469, 16.1976 ], [ 74.70372, 16.20142 ], [ 74.70407, 16.2027 ], [ 74.70319, 16.20487 ], [ 74.70172, 16.20603 ], [ 74.70068, 16.21208 ], [ 74.69277, 16.2188 ], [ 74.69195, 16.2204 ], [ 74.69196, 16.22308 ], [ 74.69458, 16.22565 ], [ 74.69394, 16.22657 ], [ 74.6929, 16.22632 ], [ 74.69274, 16.22784 ], [ 74.69602, 16.23545 ], [ 74.69771, 16.23707 ], [ 74.70271, 16.23933 ], [ 74.70925, 16.24062 ], [ 74.71377, 16.24045 ], [ 74.72296, 16.23788 ], [ 74.72924, 16.2336 ], [ 74.73288, 16.22996 ], [ 74.73021, 16.23115 ], [ 74.72453, 16.23567 ], [ 74.71843, 16.23852 ], [ 74.71356, 16.2395 ], [ 74.70663, 16.23933 ], [ 74.70461, 16.23857 ], [ 74.70306, 16.23612 ], [ 74.70423, 16.23576 ], [ 74.70768, 16.2375 ], [ 74.71558, 16.23698 ], [ 74.72027, 16.23533 ], [ 74.72614, 16.22917 ], [ 74.72859, 16.2282 ], [ 74.72928, 16.22596 ], [ 74.73221, 16.22441 ], [ 74.73612, 16.2195 ], [ 74.7389, 16.21943 ], [ 74.74032, 16.2186 ], [ 74.7412, 16.21917 ], [ 74.74479, 16.21623 ], [ 74.74556, 16.21505 ], [ 74.74511, 16.2123 ], [ 74.74758, 16.2121 ], [ 74.74869, 16.20571 ], [ 74.75378, 16.19961 ], [ 74.75574, 16.19866 ], [ 74.75937, 16.19854 ], [ 74.76428, 16.19655 ], [ 74.7682, 16.19197 ], [ 74.77201, 16.18965 ], [ 74.78153, 16.19063 ], [ 74.78697, 16.19226 ], [ 74.78953, 16.19182 ], [ 74.79762, 16.18655 ], [ 74.80517, 16.1757 ], [ 74.80782, 16.17344 ], [ 74.81172, 16.17234 ], [ 74.82442, 16.1743 ], [ 74.83349, 16.17817 ], [ 74.83301, 16.17944 ], [ 74.82525, 16.17608 ], [ 74.8099, 16.17486 ], [ 74.80589, 16.17712 ], [ 74.80387, 16.17947 ], [ 74.80163, 16.18304 ], [ 74.8011, 16.1867 ], [ 74.80015, 16.18807 ], [ 74.79227, 16.19075 ], [ 74.7881, 16.19325 ], [ 74.78099, 16.19179 ], [ 74.77579, 16.19253 ], [ 74.77234, 16.19393 ], [ 74.76936, 16.1936 ], [ 74.76544, 16.19711 ], [ 74.75961, 16.19961 ], [ 74.75352, 16.20629 ], [ 74.7527, 16.20884 ], [ 74.75365, 16.21261 ], [ 74.75322, 16.21494 ], [ 74.75658, 16.21544 ], [ 74.75902, 16.21865 ], [ 74.75408, 16.22239 ], [ 74.75425, 16.22365 ], [ 74.75635, 16.22622 ], [ 74.75539, 16.22802 ], [ 74.75064, 16.22729 ], [ 74.74913, 16.22937 ], [ 74.74647, 16.22965 ], [ 74.74492, 16.2311 ], [ 74.74396, 16.23038 ], [ 74.74264, 16.23066 ], [ 74.74177, 16.23311 ], [ 74.74015, 16.23258 ], [ 74.73947, 16.23382 ], [ 74.73732, 16.23118 ], [ 74.73591, 16.23105 ], [ 74.73405, 16.23263 ], [ 74.73352, 16.2342 ], [ 74.73218, 16.23415 ], [ 74.73139, 16.23514 ], [ 74.73225, 16.23873 ], [ 74.73031, 16.23749 ], [ 74.72824, 16.23776 ], [ 74.72972, 16.24303 ], [ 74.72587, 16.24047 ], [ 74.72424, 16.24102 ], [ 74.72203, 16.2438 ], [ 74.72274, 16.24787 ], [ 74.72057, 16.24671 ], [ 74.72018, 16.24319 ], [ 74.71914, 16.24319 ], [ 74.71578, 16.24645 ] ] ] } },
{ "type": "Feature", "properties": { "Name": "Yadahili-chinkara WLS Karnataka" }, "geometry": { "type": "Polygon", "coordinates": [ [ [ 75.49478, 16.39857 ], [ 75.49564, 16.38306 ], [ 75.49535, 16.38011 ], [ 75.49135, 16.37335 ], [ 75.49145, 16.37088 ], [ 75.49878, 16.36754 ], [ 75.50239, 16.36459 ], [ 75.50849, 16.36412 ], [ 75.51743, 16.36593 ], [ 75.52962, 16.36593 ], [ 75.53523, 16.36269 ], [ 75.53837, 16.36193 ], [ 75.54265, 16.35774 ], [ 75.54361, 16.35565 ], [ 75.54399, 16.35289 ], [ 75.54256, 16.34128 ], [ 75.54313, 16.34013 ], [ 75.54437, 16.33985 ], [ 75.55265, 16.34156 ], [ 75.56474, 16.34213 ], [ 75.57757, 16.34025 ], [ 75.58013, 16.34608 ], [ 75.58275, 16.34852 ], [ 75.58543, 16.34971 ], [ 75.59286, 16.34989 ], [ 75.59917, 16.35185 ], [ 75.60428, 16.35108 ], [ 75.60577, 16.34906 ], [ 75.60571, 16.34495 ], [ 75.60684, 16.3434 ], [ 75.61951, 16.34329 ], [ 75.62552, 16.34019 ], [ 75.63159, 16.33829 ], [ 75.63302, 16.33615 ], [ 75.63302, 16.33353 ], [ 75.62968, 16.32966 ], [ 75.62832, 16.32657 ], [ 75.62843, 16.32431 ], [ 75.6304, 16.32312 ], [ 75.63058, 16.32217 ], [ 75.62956, 16.3183 ], [ 75.6273, 16.31592 ], [ 75.61564, 16.31479 ], [ 75.61243, 16.31093 ], [ 75.60232, 16.30373 ], [ 75.59822, 16.29742 ], [ 75.59429, 16.29558 ], [ 75.58656, 16.29439 ], [ 75.58209, 16.29237 ], [ 75.57728, 16.29254 ], [ 75.57168, 16.29683 ], [ 75.56609, 16.29695 ], [ 75.55824, 16.29867 ], [ 75.55652, 16.29718 ], [ 75.5558, 16.2948 ], [ 75.55259, 16.29076 ], [ 75.54724, 16.28903 ], [ 75.54367, 16.29016 ], [ 75.5392, 16.29356 ], [ 75.53326, 16.29629 ], [ 75.52743, 16.29564 ], [ 75.5232, 16.29427 ], [ 75.51886, 16.29421 ], [ 75.51372, 16.29641 ], [ 75.51069, 16.3017 ], [ 75.50676, 16.30206 ], [ 75.49891, 16.30545 ], [ 75.4932, 16.30378 ], [ 75.48927, 16.30408 ], [ 75.48314, 16.30693 ], [ 75.47899, 16.31093 ], [ 75.47448, 16.31966 ], [ 75.47037, 16.32355 ], [ 75.45918, 16.32515 ], [ 75.43563, 16.34133 ], [ 75.42908, 16.34389 ], [ 75.42486, 16.34811 ], [ 75.41873, 16.34841 ], [ 75.41356, 16.35073 ], [ 75.41047, 16.3543 ], [ 75.39881, 16.36304 ], [ 75.39161, 16.37024 ], [ 75.38899, 16.37482 ], [ 75.38846, 16.37803 ], [ 75.38905, 16.38297 ], [ 75.39018, 16.38487 ], [ 75.39274, 16.38713 ], [ 75.39845, 16.38981 ], [ 75.40529, 16.39237 ], [ 75.42869, 16.39795 ], [ 75.44618, 16.40074 ], [ 75.45089, 16.40067 ], [ 75.45475, 16.40616 ], [ 75.46404, 16.40999 ], [ 75.47089, 16.41028 ], [ 75.49059, 16.40381 ], [ 75.49326, 16.40162 ], [ 75.49478, 16.39857 ] ], [ [ 75.50634, 16.35323 ], [ 75.50653, 16.35104 ], [ 75.50587, 16.35104 ], [ 75.50509, 16.35478 ], [ 75.49495, 16.35549 ], [ 75.49345, 16.35699 ], [ 75.4927, 16.3602 ], [ 75.48085, 16.36613 ], [ 75.48032, 16.36788 ], [ 75.48139, 16.37148 ], [ 75.48164, 16.3778 ], [ 75.48578, 16.3813 ], [ 75.48503, 16.38736 ], [ 75.48585, 16.39068 ], [ 75.48578, 16.39533 ], [ 75.48509, 16.39583 ], [ 75.48237, 16.39521 ], [ 75.47907, 16.39747 ], [ 75.47593, 16.39554 ], [ 75.47481, 16.39564 ], [ 75.47369, 16.39968 ], [ 75.4695, 16.40132 ], [ 75.46744, 16.40107 ], [ 75.46548, 16.39975 ], [ 75.46245, 16.39954 ], [ 75.45984, 16.39811 ], [ 75.45977, 16.39543 ], [ 75.46223, 16.39204 ], [ 75.46141, 16.39094 ], [ 75.45135, 16.38851 ], [ 75.44931, 16.38905 ], [ 75.44828, 16.3903 ], [ 75.44711, 16.39019 ], [ 75.44797, 16.38753 ], [ 75.44996, 16.38507 ], [ 75.44987, 16.38342 ], [ 75.44873, 16.38351 ], [ 75.44503, 16.3893 ], [ 75.4401, 16.39022 ], [ 75.43112, 16.38892 ], [ 75.42922, 16.38757 ], [ 75.40991, 16.38378 ], [ 75.40545, 16.38246 ], [ 75.40313, 16.38011 ], [ 75.39928, 16.38022 ], [ 75.39839, 16.37932 ], [ 75.39839, 16.37747 ], [ 75.40121, 16.37439 ], [ 75.40376, 16.37585 ], [ 75.40984, 16.37713 ], [ 75.4126, 16.37695 ], [ 75.41612, 16.37503 ], [ 75.41251, 16.37649 ], [ 75.40918, 16.3764 ], [ 75.40338, 16.37476 ], [ 75.40328, 16.37385 ], [ 75.40567, 16.36962 ], [ 75.41327, 16.36465 ], [ 75.41987, 16.35791 ], [ 75.42173, 16.3578 ], [ 75.42537, 16.36026 ], [ 75.42762, 16.35712 ], [ 75.43352, 16.35496 ], [ 75.43523, 16.35606 ], [ 75.43627, 16.35971 ], [ 75.43808, 16.36071 ], [ 75.43846, 16.35989 ], [ 75.43627, 16.3567 ], [ 75.43572, 16.35223 ], [ 75.44743, 16.34488 ], [ 75.44949, 16.34548 ], [ 75.45053, 16.35049 ], [ 75.45168, 16.3525 ], [ 75.45301, 16.35259 ], [ 75.45082, 16.34449 ], [ 75.45117, 16.34106 ], [ 75.45631, 16.33806 ], [ 75.45766, 16.33845 ], [ 75.46194, 16.34456 ], [ 75.46147, 16.3421 ], [ 75.45909, 16.33809 ], [ 75.46374, 16.33353 ], [ 75.46613, 16.33321 ], [ 75.47069, 16.33836 ], [ 75.47202, 16.33809 ], [ 75.47221, 16.33672 ], [ 75.46979, 16.33357 ], [ 75.47148, 16.3325 ], [ 75.47466, 16.33289 ], [ 75.47773, 16.33489 ], [ 75.48248, 16.33653 ], [ 75.48267, 16.33544 ], [ 75.47723, 16.33232 ], [ 75.47705, 16.33103 ], [ 75.4793, 16.32782 ], [ 75.48462, 16.32636 ], [ 75.48547, 16.32427 ], [ 75.48466, 16.32056 ], [ 75.48748, 16.31858 ], [ 75.48799, 16.31519 ], [ 75.49027, 16.315 ], [ 75.49151, 16.31318 ], [ 75.49256, 16.31318 ], [ 75.49341, 16.31665 ], [ 75.49499, 16.31775 ], [ 75.49903, 16.31494 ], [ 75.5035, 16.31361 ], [ 75.50511, 16.315 ], [ 75.50558, 16.31893 ], [ 75.50729, 16.31938 ], [ 75.50672, 16.31446 ], [ 75.50765, 16.31166 ], [ 75.5172, 16.30951 ], [ 75.52063, 16.30705 ], [ 75.52041, 16.30419 ], [ 75.52102, 16.30326 ], [ 75.5257, 16.30726 ], [ 75.52695, 16.30701 ], [ 75.5272, 16.30519 ], [ 75.52787, 16.30498 ], [ 75.53276, 16.30683 ], [ 75.53782, 16.30569 ], [ 75.53905, 16.3088 ], [ 75.54351, 16.31236 ], [ 75.54627, 16.31646 ], [ 75.54713, 16.31665 ], [ 75.54684, 16.31473 ], [ 75.54066, 16.30843 ], [ 75.53933, 16.30533 ], [ 75.54037, 16.30287 ], [ 75.54689, 16.29904 ], [ 75.54799, 16.2994 ], [ 75.55162, 16.30904 ], [ 75.56004, 16.30758 ], [ 75.56206, 16.308 ], [ 75.56272, 16.3154 ], [ 75.56334, 16.316 ], [ 75.56834, 16.30645 ], [ 75.57003, 16.30609 ], [ 75.57967, 16.3085 ], [ 75.58053, 16.30205 ], [ 75.58125, 16.30154 ], [ 75.58437, 16.30377 ], [ 75.58823, 16.30413 ], [ 75.58954, 16.30544 ], [ 75.59216, 16.3052 ], [ 75.59192, 16.30874 ], [ 75.59445, 16.3093 ], [ 75.60049, 16.31492 ], [ 75.60065, 16.31573 ], [ 75.5978, 16.31975 ], [ 75.59885, 16.31966 ], [ 75.6021, 16.31613 ], [ 75.60449, 16.31638 ], [ 75.60584, 16.31738 ], [ 75.60813, 16.32134 ], [ 75.60866, 16.3243 ], [ 75.61153, 16.32543 ], [ 75.61153, 16.32908 ], [ 75.61248, 16.32963 ], [ 75.61362, 16.32917 ], [ 75.61238, 16.32689 ], [ 75.61313, 16.32473 ], [ 75.61434, 16.32405 ], [ 75.62294, 16.32437 ], [ 75.62355, 16.32487 ], [ 75.62316, 16.32669 ], [ 75.61752, 16.3278 ], [ 75.61913, 16.3289 ], [ 75.62255, 16.3288 ], [ 75.62269, 16.33262 ], [ 75.62808, 16.33144 ], [ 75.63122, 16.33394 ], [ 75.63047, 16.33722 ], [ 75.6254, 16.33854 ], [ 75.62001, 16.3414 ], [ 75.6183, 16.3419 ], [ 75.61248, 16.34126 ], [ 75.60902, 16.34193 ], [ 75.60484, 16.33947 ], [ 75.60331, 16.34347 ], [ 75.59624, 16.34029 ], [ 75.59167, 16.34076 ], [ 75.58786, 16.33997 ], [ 75.58764, 16.33201 ], [ 75.58678, 16.33066 ], [ 75.57626, 16.33101 ], [ 75.56019, 16.33322 ], [ 75.53926, 16.33096 ], [ 75.53337, 16.33286 ], [ 75.53417, 16.35328 ], [ 75.53171, 16.35371 ], [ 75.52572, 16.3572 ], [ 75.52293, 16.35706 ], [ 75.51647, 16.35488 ], [ 75.51383, 16.35606 ], [ 75.50634, 16.35323 ] ] ] } },
{ "type": "Feature", "properties": { "Name": "Ranebennur Blackbuck Sanctuary, Karnataka" }, "geometry": { "type": "MultiPolygon", "coordinates": [ [ [ [ 75.70709, 14.72338 ], [ 75.71536, 14.71924 ], [ 75.7155, 14.7169 ], [ 75.71885, 14.71269 ], [ 75.71835, 14.70918 ], [ 75.72071, 14.70497 ], [ 75.72063, 14.70366 ], [ 75.72242, 14.70297 ], [ 75.72156, 14.69759 ], [ 75.71966, 14.69499 ], [ 75.71079, 14.68891 ], [ 75.71045, 14.68499 ], [ 75.71159, 14.68339 ], [ 75.71142, 14.68157 ], [ 75.71097, 14.67837 ], [ 75.70954, 14.67848 ], [ 75.70948, 14.67672 ], [ 75.71137, 14.67644 ], [ 75.71139, 14.67138 ], [ 75.71339, 14.66531 ], [ 75.71886, 14.6616 ], [ 75.72485, 14.65374 ], [ 75.72471, 14.64835 ], [ 75.72528, 14.64746 ], [ 75.72435, 14.64615 ], [ 75.72441, 14.64352 ], [ 75.72764, 14.64117 ], [ 75.73785, 14.64088 ], [ 75.74188, 14.63745 ], [ 75.74768, 14.6307 ], [ 75.74892, 14.62499 ], [ 75.75029, 14.62341 ], [ 75.75491, 14.62198 ], [ 75.76677, 14.62286 ], [ 75.78233, 14.61915 ], [ 75.78733, 14.61465 ], [ 75.79297, 14.61187 ], [ 75.7971, 14.60692 ], [ 75.79874, 14.60195 ], [ 75.79812, 14.60195 ], [ 75.79821, 14.59965 ], [ 75.79759, 14.59974 ], [ 75.79712, 14.59813 ], [ 75.79775, 14.59725 ], [ 75.7977, 14.59395 ], [ 75.79627, 14.58921 ], [ 75.7957, 14.58916 ], [ 75.79645, 14.58252 ], [ 75.79202, 14.57877 ], [ 75.78833, 14.57333 ], [ 75.78375, 14.57019 ], [ 75.77208, 14.56443 ], [ 75.76184, 14.56433 ], [ 75.75033, 14.56822 ], [ 75.74314, 14.56764 ], [ 75.73821, 14.56816 ], [ 75.73574, 14.57123 ], [ 75.72553, 14.57504 ], [ 75.71955, 14.58173 ], [ 75.70464, 14.5853 ], [ 75.6905, 14.59375 ], [ 75.68598, 14.59893 ], [ 75.68301, 14.60427 ], [ 75.67872, 14.60892 ], [ 75.67184, 14.60974 ], [ 75.66441, 14.60945 ], [ 75.6577, 14.61204 ], [ 75.65447, 14.6202 ], [ 75.65516, 14.62841 ], [ 75.65578, 14.62863 ], [ 75.65664, 14.63382 ], [ 75.65644, 14.63889 ], [ 75.6414, 14.63779 ], [ 75.63317, 14.64564 ], [ 75.63255, 14.64917 ], [ 75.63019, 14.65294 ], [ 75.63162, 14.65456 ], [ 75.63208, 14.65778 ], [ 75.62984, 14.66349 ], [ 75.62997, 14.67023 ], [ 75.6353, 14.67903 ], [ 75.63718, 14.67996 ], [ 75.65373, 14.67704 ], [ 75.65281, 14.68156 ], [ 75.65293, 14.68697 ], [ 75.65382, 14.68697 ], [ 75.65293, 14.69484 ], [ 75.65412, 14.69714 ], [ 75.65608, 14.69745 ], [ 75.65735, 14.70117 ], [ 75.66206, 14.70098 ], [ 75.66651, 14.70224 ], [ 75.66944, 14.7079 ], [ 75.66944, 14.70928 ], [ 75.67136, 14.71169 ], [ 75.67072, 14.71783 ], [ 75.6735, 14.71762 ], [ 75.67433, 14.71988 ], [ 75.67807, 14.71942 ], [ 75.6794, 14.72078 ], [ 75.68221, 14.72074 ], [ 75.68221, 14.722 ], [ 75.68584, 14.72218 ], [ 75.68572, 14.72401 ], [ 75.69972, 14.72477 ], [ 75.70164, 14.72339 ], [ 75.70709, 14.72338 ] ], [ [ 75.69208, 14.71541 ], [ 75.69084, 14.71398 ], [ 75.68409, 14.7108 ], [ 75.68059, 14.71023 ], [ 75.68048, 14.69947 ], [ 75.67841, 14.69922 ], [ 75.67784, 14.69815 ], [ 75.68055, 14.69736 ], [ 75.6812, 14.69086 ], [ 75.67688, 14.68997 ], [ 75.67252, 14.6904 ], [ 75.66599, 14.69233 ], [ 75.66499, 14.69154 ], [ 75.66382, 14.68268 ], [ 75.66445, 14.68165 ], [ 75.67347, 14.67737 ], [ 75.68168, 14.67759 ], [ 75.68161, 14.67676 ], [ 75.68325, 14.67676 ], [ 75.68218, 14.67186 ], [ 75.6794, 14.67172 ], [ 75.67861, 14.67062 ], [ 75.67166, 14.67087 ], [ 75.67096, 14.66646 ], [ 75.65562, 14.66616 ], [ 75.65128, 14.66539 ], [ 75.64983, 14.66822 ], [ 75.63961, 14.67178 ], [ 75.63922, 14.66614 ], [ 75.64043, 14.66396 ], [ 75.64154, 14.6635 ], [ 75.64084, 14.66068 ], [ 75.64181, 14.65871 ], [ 75.64368, 14.64635 ], [ 75.66548, 14.64844 ], [ 75.6657, 14.64913 ], [ 75.67518, 14.6492 ], [ 75.68041, 14.64738 ], [ 75.68098, 14.64643 ], [ 75.67789, 14.64317 ], [ 75.67789, 14.64228 ], [ 75.67601, 14.64096 ], [ 75.67601, 14.63814 ], [ 75.67669, 14.63825 ], [ 75.67692, 14.63721 ], [ 75.67553, 14.63424 ], [ 75.67382, 14.63327 ], [ 75.67341, 14.63115 ], [ 75.66708, 14.63215 ], [ 75.66656, 14.63162 ], [ 75.6678, 14.63068 ], [ 75.66793, 14.62871 ], [ 75.66942, 14.62706 ], [ 75.6697, 14.6251 ], [ 75.66445, 14.62271 ], [ 75.66445, 14.6195 ], [ 75.66692, 14.61857 ], [ 75.66792, 14.61964 ], [ 75.66992, 14.61946 ], [ 75.67191, 14.62321 ], [ 75.67595, 14.62271 ], [ 75.67673, 14.62371 ], [ 75.67958, 14.62352 ], [ 75.6808, 14.62447 ], [ 75.68719, 14.6221 ], [ 75.68782, 14.62141 ], [ 75.68643, 14.61659 ], [ 75.68891, 14.61528 ], [ 75.68955, 14.61143 ], [ 75.69438, 14.61005 ], [ 75.69706, 14.61083 ], [ 75.69417, 14.60616 ], [ 75.6955, 14.60245 ], [ 75.69669, 14.60088 ], [ 75.69916, 14.60107 ], [ 75.70816, 14.59377 ], [ 75.71521, 14.59925 ], [ 75.72327, 14.59043 ], [ 75.72693, 14.58834 ], [ 75.72907, 14.5842 ], [ 75.73436, 14.58206 ], [ 75.74285, 14.57713 ], [ 75.74621, 14.57692 ], [ 75.74614, 14.57849 ], [ 75.75285, 14.5787 ], [ 75.76776, 14.57314 ], [ 75.77305, 14.57506 ], [ 75.77549, 14.57822 ], [ 75.77803, 14.57986 ], [ 75.78195, 14.58097 ], [ 75.78366, 14.58283 ], [ 75.78609, 14.59387 ], [ 75.7868, 14.59435 ], [ 75.7884, 14.6006 ], [ 75.7884, 14.60244 ], [ 75.77286, 14.60063 ], [ 75.77274, 14.60235 ], [ 75.77648, 14.60689 ], [ 75.77648, 14.60845 ], [ 75.77791, 14.60988 ], [ 75.77773, 14.61109 ], [ 75.76567, 14.61299 ], [ 75.74226, 14.61276 ], [ 75.73899, 14.61195 ], [ 75.73726, 14.60655 ], [ 75.73548, 14.60454 ], [ 75.73548, 14.60298 ], [ 75.72817, 14.60344 ], [ 75.72765, 14.60786 ], [ 75.7314, 14.60883 ], [ 75.73306, 14.61241 ], [ 75.73573, 14.61316 ], [ 75.73644, 14.61623 ], [ 75.73635, 14.62108 ], [ 75.73344, 14.62119 ], [ 75.73255, 14.61977 ], [ 75.73049, 14.61944 ], [ 75.72972, 14.61983 ], [ 75.72987, 14.62191 ], [ 75.73359, 14.62286 ], [ 75.73399, 14.62546 ], [ 75.73857, 14.62486 ], [ 75.73814, 14.62714 ], [ 75.7332, 14.62756 ], [ 75.73394, 14.63184 ], [ 75.73177, 14.63212 ], [ 75.72881, 14.63031 ], [ 75.72329, 14.6304 ], [ 75.72253, 14.63141 ], [ 75.71887, 14.63182 ], [ 75.71645, 14.63109 ], [ 75.71412, 14.62725 ], [ 75.71431, 14.62642 ], [ 75.70942, 14.62294 ], [ 75.71175, 14.61026 ], [ 75.71108, 14.60981 ], [ 75.70444, 14.61185 ], [ 75.70244, 14.61357 ], [ 75.69923, 14.61385 ], [ 75.69802, 14.61233 ], [ 75.69702, 14.61371 ], [ 75.69732, 14.61517 ], [ 75.69353, 14.61724 ], [ 75.69444, 14.62119 ], [ 75.68587, 14.62828 ], [ 75.68463, 14.62881 ], [ 75.68218, 14.62709 ], [ 75.68104, 14.62737 ], [ 75.68479, 14.63381 ], [ 75.69311, 14.63183 ], [ 75.69634, 14.63214 ], [ 75.69711, 14.63459 ], [ 75.70153, 14.63588 ], [ 75.70284, 14.6403 ], [ 75.7056, 14.64016 ], [ 75.70636, 14.63814 ], [ 75.71032, 14.64013 ], [ 75.71341, 14.64436 ], [ 75.71312, 14.64541 ], [ 75.70898, 14.64641 ], [ 75.70622, 14.64622 ], [ 75.70613, 14.64693 ], [ 75.71035, 14.64888 ], [ 75.7118, 14.65073 ], [ 75.71301, 14.64986 ], [ 75.71513, 14.65067 ], [ 75.71259, 14.65437 ], [ 75.70235, 14.65185 ], [ 75.70163, 14.66452 ], [ 75.7026, 14.66463 ], [ 75.70272, 14.66612 ], [ 75.69995, 14.66619 ], [ 75.6999, 14.68259 ], [ 75.70088, 14.68357 ], [ 75.69888, 14.68666 ], [ 75.69819, 14.69118 ], [ 75.69855, 14.69358 ], [ 75.70067, 14.69408 ], [ 75.71181, 14.70122 ], [ 75.71219, 14.70236 ], [ 75.70746, 14.7125 ], [ 75.70199, 14.7118 ], [ 75.70258, 14.70433 ], [ 75.70099, 14.70418 ], [ 75.69903, 14.70835 ], [ 75.69875, 14.71225 ], [ 75.69557, 14.71321 ], [ 75.69494, 14.71566 ], [ 75.69208, 14.71541 ] ] ], [ [ [ 75.59399, 14.77801 ], [ 75.59604, 14.77635 ], [ 75.6002, 14.77572 ], [ 75.60238, 14.77208 ], [ 75.60616, 14.77061 ], [ 75.60575, 14.76098 ], [ 75.60451, 14.75557 ], [ 75.60638, 14.7542 ], [ 75.60587, 14.75108 ], [ 75.60733, 14.7501 ], [ 75.60638, 14.74466 ], [ 75.61231, 14.74442 ], [ 75.61405, 14.73922 ], [ 75.61421, 14.73592 ], [ 75.61499, 14.7346 ], [ 75.61332, 14.72968 ], [ 75.6141, 14.7255 ], [ 75.61323, 14.72276 ], [ 75.61364, 14.72098 ], [ 75.61119, 14.7201 ], [ 75.61007, 14.71786 ], [ 75.60443, 14.71707 ], [ 75.59886, 14.72381 ], [ 75.59396, 14.72387 ], [ 75.58914, 14.72248 ], [ 75.58686, 14.72398 ], [ 75.58129, 14.72426 ], [ 75.58037, 14.72614 ], [ 75.57541, 14.72446 ], [ 75.5738, 14.72298 ], [ 75.57, 14.72265 ], [ 75.56779, 14.71707 ], [ 75.5655, 14.71638 ], [ 75.5627, 14.71754 ], [ 75.56407, 14.71365 ], [ 75.55905, 14.71436 ], [ 75.55631, 14.71207 ], [ 75.55308, 14.71198 ], [ 75.5516, 14.71004 ], [ 75.55276, 14.70763 ], [ 75.55657, 14.70635 ], [ 75.55586, 14.7029 ], [ 75.55375, 14.69921 ], [ 75.5552, 14.69665 ], [ 75.55421, 14.69069 ], [ 75.55671, 14.68316 ], [ 75.55385, 14.6842 ], [ 75.55421, 14.68236 ], [ 75.55272, 14.68247 ], [ 75.5532, 14.68316 ], [ 75.55219, 14.68391 ], [ 75.5494, 14.68454 ], [ 75.54708, 14.68408 ], [ 75.54702, 14.68282 ], [ 75.54601, 14.68276 ], [ 75.54601, 14.68558 ], [ 75.54387, 14.68569 ], [ 75.54203, 14.6846 ], [ 75.54197, 14.68339 ], [ 75.54078, 14.68345 ], [ 75.53974, 14.68692 ], [ 75.54602, 14.68726 ], [ 75.5463, 14.70122 ], [ 75.53958, 14.70087 ], [ 75.53929, 14.70243 ], [ 75.53815, 14.70068 ], [ 75.53037, 14.70088 ], [ 75.52774, 14.70012 ], [ 75.52789, 14.70406 ], [ 75.52664, 14.70648 ], [ 75.52527, 14.71421 ], [ 75.52554, 14.7174 ], [ 75.53351, 14.71757 ], [ 75.53391, 14.72345 ], [ 75.5401, 14.72371 ], [ 75.54017, 14.72732 ], [ 75.53865, 14.73058 ], [ 75.53341, 14.73173 ], [ 75.52584, 14.73103 ], [ 75.52303, 14.7358 ], [ 75.51965, 14.73689 ], [ 75.51627, 14.73694 ], [ 75.51627, 14.7359 ], [ 75.51463, 14.73584 ], [ 75.51456, 14.73646 ], [ 75.51349, 14.73625 ], [ 75.51342, 14.73522 ], [ 75.51157, 14.73515 ], [ 75.51169, 14.73626 ], [ 75.51012, 14.73626 ], [ 75.51012, 14.737 ], [ 75.50765, 14.73654 ], [ 75.50437, 14.73769 ], [ 75.50028, 14.73663 ], [ 75.49933, 14.73465 ], [ 75.49524, 14.73415 ], [ 75.49486, 14.73585 ], [ 75.49581, 14.73585 ], [ 75.49576, 14.73792 ], [ 75.49367, 14.73787 ], [ 75.49335, 14.74501 ], [ 75.49091, 14.75668 ], [ 75.49383, 14.75888 ], [ 75.49446, 14.7628 ], [ 75.50757, 14.76608 ], [ 75.51003, 14.76561 ], [ 75.51075, 14.76452 ], [ 75.51836, 14.76124 ], [ 75.51912, 14.75991 ], [ 75.5248, 14.75739 ], [ 75.5248, 14.7559 ], [ 75.54647, 14.74912 ], [ 75.54647, 14.74823 ], [ 75.55052, 14.74812 ], [ 75.55058, 14.75004 ], [ 75.55215, 14.75164 ], [ 75.55055, 14.7537 ], [ 75.55163, 14.75425 ], [ 75.55184, 14.75661 ], [ 75.55316, 14.75783 ], [ 75.55235, 14.76439 ], [ 75.55431, 14.76433 ], [ 75.55437, 14.76824 ], [ 75.55693, 14.76927 ], [ 75.55711, 14.77146 ], [ 75.56088, 14.77127 ], [ 75.56695, 14.77282 ], [ 75.5674, 14.77487 ], [ 75.57559, 14.77821 ], [ 75.579, 14.77798 ], [ 75.57944, 14.77868 ], [ 75.58228, 14.77801 ], [ 75.59399, 14.77801 ] ], [ [ 75.57649, 14.76852 ], [ 75.57495, 14.76427 ], [ 75.56484, 14.76151 ], [ 75.56469, 14.75827 ], [ 75.56303, 14.75788 ], [ 75.56291, 14.75437 ], [ 75.56136, 14.7541 ], [ 75.56305, 14.75228 ], [ 75.56182, 14.74951 ], [ 75.56955, 14.74635 ], [ 75.56941, 14.74102 ], [ 75.55861, 14.74166 ], [ 75.55481, 14.73757 ], [ 75.54169, 14.73835 ], [ 75.53588, 14.74201 ], [ 75.53499, 14.74164 ], [ 75.53499, 14.74035 ], [ 75.52982, 14.74032 ], [ 75.53123, 14.74377 ], [ 75.52161, 14.74546 ], [ 75.51518, 14.7476 ], [ 75.51462, 14.75003 ], [ 75.51519, 14.7516 ], [ 75.50972, 14.7549 ], [ 75.50893, 14.75624 ], [ 75.50807, 14.75629 ], [ 75.50764, 14.75519 ], [ 75.50265, 14.75491 ], [ 75.50248, 14.75161 ], [ 75.50127, 14.74989 ], [ 75.50228, 14.74951 ], [ 75.50583, 14.74048 ], [ 75.50809, 14.73769 ], [ 75.51046, 14.73823 ], [ 75.51331, 14.73702 ], [ 75.5172, 14.73784 ], [ 75.52377, 14.73705 ], [ 75.52584, 14.73206 ], [ 75.53469, 14.73291 ], [ 75.53594, 14.73145 ], [ 75.53972, 14.73202 ], [ 75.53972, 14.73049 ], [ 75.54144, 14.7271 ], [ 75.54101, 14.72242 ], [ 75.53473, 14.72221 ], [ 75.53426, 14.71671 ], [ 75.52637, 14.71585 ], [ 75.52969, 14.70147 ], [ 75.53752, 14.70145 ], [ 75.53809, 14.70404 ], [ 75.54023, 14.70392 ], [ 75.54126, 14.7018 ], [ 75.54811, 14.7023 ], [ 75.54721, 14.6964 ], [ 75.54759, 14.69435 ], [ 75.55382, 14.69426 ], [ 75.55438, 14.69649 ], [ 75.55296, 14.6972 ], [ 75.55258, 14.69933 ], [ 75.55564, 14.70564 ], [ 75.55151, 14.70725 ], [ 75.55103, 14.71144 ], [ 75.55243, 14.71346 ], [ 75.55582, 14.71313 ], [ 75.55811, 14.71548 ], [ 75.56242, 14.71459 ], [ 75.56135, 14.71938 ], [ 75.56642, 14.71719 ], [ 75.56766, 14.71872 ], [ 75.56909, 14.72429 ], [ 75.57352, 14.72394 ], [ 75.58066, 14.72825 ], [ 75.58187, 14.72508 ], [ 75.58818, 14.72483 ], [ 75.5894, 14.72335 ], [ 75.60058, 14.72566 ], [ 75.60372, 14.72723 ], [ 75.60377, 14.73304 ], [ 75.60452, 14.73539 ], [ 75.59649, 14.73766 ], [ 75.59657, 14.75098 ], [ 75.59238, 14.75139 ], [ 75.59541, 14.76437 ], [ 75.5952, 14.76665 ], [ 75.58807, 14.76869 ], [ 75.57649, 14.76852 ] ] ] ] } },
{ "type": "Feature", "properties": { "Name": "Attiveri Bird Sanctuary, Karnataka" }, "geometry": { "type": "Polygon", "coordinates": [ [ [ 75.0185, 15.07089 ], [ 75.01793, 15.073 ], [ 75.0224, 15.07279 ], [ 75.02376, 15.07509 ], [ 75.02542, 15.07557 ], [ 75.02455, 15.08089 ], [ 75.02642, 15.0858 ], [ 75.03329, 15.09349 ], [ 75.03742, 15.09518 ], [ 75.04407, 15.09474 ], [ 75.04821, 15.09143 ], [ 75.04962, 15.09532 ], [ 75.05241, 15.09448 ], [ 75.05549, 15.09167 ], [ 75.05534, 15.08961 ], [ 75.05664, 15.0869 ], [ 75.06074, 15.08737 ], [ 75.06187, 15.08313 ], [ 75.06361, 15.08296 ], [ 75.06225, 15.07129 ], [ 75.05761, 15.06469 ], [ 75.05217, 15.0608 ], [ 75.04527, 15.05953 ], [ 75.04014, 15.06056 ], [ 75.02929, 15.06651 ], [ 75.02653, 15.07176 ], [ 75.02447, 15.07085 ], [ 75.02322, 15.06911 ], [ 75.02125, 15.06911 ], [ 75.0185, 15.07089 ] ], [ [ 75.04967, 15.06964 ], [ 75.05327, 15.07439 ], [ 75.04354, 15.08124 ], [ 75.04051, 15.08635 ], [ 75.03949, 15.08642 ], [ 75.03388, 15.08042 ], [ 75.03578, 15.07312 ], [ 75.04318, 15.06929 ], [ 75.04705, 15.06899 ], [ 75.04967, 15.06964 ] ] ] } },
{ "type": "Feature", "properties": { "Name": "Cotigaon WLS Goa" }, "geometry": { "type": "Polygon", "coordinates": [ [ [ 74.19388, 15.03633 ], [ 74.19161, 15.03399 ], [ 74.18797, 15.03259 ], [ 74.18738, 15.02938 ], [ 74.18217, 15.02571 ], [ 74.1827, 15.01803 ], [ 74.17925, 15.01441 ], [ 74.17622, 15.01319 ], [ 74.17541, 15.00967 ], [ 74.17763, 15.00552 ], [ 74.18201, 15.00281 ], [ 74.17929, 14.99952 ], [ 74.17963, 14.998 ], [ 74.1826, 14.99612 ], [ 74.18422, 14.99636 ], [ 74.18546, 14.99745 ], [ 74.18679, 15.00192 ], [ 74.19074, 15.00002 ], [ 74.19231, 15.00007 ], [ 74.1949, 15.00271 ], [ 74.19624, 15.00571 ], [ 74.19778, 15.00286 ], [ 74.19692, 15.00039 ], [ 74.19725, 14.99858 ], [ 74.19802, 14.99819 ], [ 74.20187, 15.00096 ], [ 74.20464, 15.00545 ], [ 74.20881, 15.00846 ], [ 74.20926, 15.01587 ], [ 74.21234, 15.01809 ], [ 74.21391, 15.01794 ], [ 74.21634, 15.01518 ], [ 74.21805, 15.01233 ], [ 74.21762, 15.01028 ], [ 74.21277, 15.00895 ], [ 74.2073, 15.00495 ], [ 74.20549, 15.00457 ], [ 74.2027, 14.99959 ], [ 74.20127, 14.99977 ], [ 74.20011, 14.99897 ], [ 74.19981, 14.99653 ], [ 74.19856, 14.99486 ], [ 74.19654, 14.99463 ], [ 74.19324, 14.99174 ], [ 74.19163, 14.99275 ], [ 74.18889, 14.99198 ], [ 74.18776, 14.99335 ], [ 74.18425, 14.99358 ], [ 74.17851, 14.9904 ], [ 74.17955, 14.98749 ], [ 74.17744, 14.9852 ], [ 74.17905, 14.98166 ], [ 74.17768, 14.97931 ], [ 74.1761, 14.98029 ], [ 74.17459, 14.98285 ], [ 74.17078, 14.98279 ], [ 74.16965, 14.98133 ], [ 74.17063, 14.97993 ], [ 74.16926, 14.97856 ], [ 74.16391, 14.98047 ], [ 74.16114, 14.97892 ], [ 74.1601, 14.97598 ], [ 74.15614, 14.97516 ], [ 74.15485, 14.97523 ], [ 74.15282, 14.97701 ], [ 74.15107, 14.97569 ], [ 74.14912, 14.97584 ], [ 74.14238, 14.97767 ], [ 74.13901, 14.97699 ], [ 74.13361, 14.97851 ], [ 74.13118, 14.97719 ], [ 74.13001, 14.97776 ], [ 74.12786, 14.97729 ], [ 74.12512, 14.97844 ], [ 74.12212, 14.97579 ], [ 74.12187, 14.97236 ], [ 74.12404, 14.96922 ], [ 74.12182, 14.96631 ], [ 74.12564, 14.96025 ], [ 74.12607, 14.95833 ], [ 74.12407, 14.95483 ], [ 74.12593, 14.94869 ], [ 74.12786, 14.94633 ], [ 74.12993, 14.94555 ], [ 74.13371, 14.94605 ], [ 74.14266, 14.94379 ], [ 74.14472, 14.94093 ], [ 74.14701, 14.93936 ], [ 74.14998, 14.93909 ], [ 74.15479, 14.94029 ], [ 74.15671, 14.93805 ], [ 74.15828, 14.93243 ], [ 74.15153, 14.93107 ], [ 74.14489, 14.93171 ], [ 74.14153, 14.93339 ], [ 74.13651, 14.93767 ], [ 74.12961, 14.93719 ], [ 74.12432, 14.93945 ], [ 74.11712, 14.9448 ], [ 74.11415, 14.95016 ], [ 74.11552, 14.95866 ], [ 74.1128, 14.96914 ], [ 74.11373, 14.97992 ], [ 74.11694, 14.98548 ], [ 74.12487, 14.9887 ], [ 74.13043, 14.98784 ], [ 74.13365, 14.98848 ], [ 74.13764, 14.98784 ], [ 74.14186, 14.98834 ], [ 74.15141, 14.9871 ], [ 74.15688, 14.98296 ], [ 74.15674, 14.9802 ], [ 74.15492, 14.97798 ], [ 74.15869, 14.9764 ], [ 74.16099, 14.97994 ], [ 74.16264, 14.98111 ], [ 74.16523, 14.98116 ], [ 74.1692, 14.97951 ], [ 74.16894, 14.98201 ], [ 74.1707, 14.98339 ], [ 74.1754, 14.98346 ], [ 74.1769, 14.98115 ], [ 74.17773, 14.9812 ], [ 74.17649, 14.98498 ], [ 74.17813, 14.9871 ], [ 74.17728, 14.9905 ], [ 74.17894, 14.99126 ], [ 74.17906, 14.99207 ], [ 74.17373, 14.99505 ], [ 74.17073, 14.99792 ], [ 74.17033, 15.00117 ], [ 74.16822, 15.00609 ], [ 74.16742, 15.01163 ], [ 74.16846, 15.01845 ], [ 74.16974, 15.02073 ], [ 74.1731, 15.0238 ], [ 74.17374, 15.03123 ], [ 74.17586, 15.03353 ], [ 74.17996, 15.04096 ], [ 74.19642, 15.04136 ], [ 74.19388, 15.03633 ] ] ] } },
{ "type": "Feature", "properties": { "Name": "Netravali WLS , Goa" }, "geometry": { "type": "Polygon", "coordinates": [ [ [ 74.21756, 15.24659 ], [ 74.21946, 15.24802 ], [ 74.22303, 15.24293 ], [ 74.22479, 15.24189 ], [ 74.23451, 15.24103 ], [ 74.23713, 15.23686 ], [ 74.23701, 15.23591 ], [ 74.23526, 15.23475 ], [ 74.23011, 15.2327 ], [ 74.22651, 15.22999 ], [ 74.22649, 15.22679 ], [ 74.23036, 15.22177 ], [ 74.22926, 15.21957 ], [ 74.22789, 15.22093 ], [ 74.2239, 15.21942 ], [ 74.22301, 15.21775 ], [ 74.22351, 15.2162 ], [ 74.23178, 15.20975 ], [ 74.23883, 15.21085 ], [ 74.23946, 15.21305 ], [ 74.24059, 15.21382 ], [ 74.2405, 15.21106 ], [ 74.24124, 15.20999 ], [ 74.24323, 15.21061 ], [ 74.2466, 15.20898 ], [ 74.24966, 15.21168 ], [ 74.25558, 15.20819 ], [ 74.25886, 15.2084 ], [ 74.25946, 15.20697 ], [ 74.26279, 15.20688 ], [ 74.26807, 15.20493 ], [ 74.26969, 15.2015 ], [ 74.27193, 15.20064 ], [ 74.27307, 15.19883 ], [ 74.27054, 15.19132 ], [ 74.27216, 15.18484 ], [ 74.27012, 15.17989 ], [ 74.26783, 15.18056 ], [ 74.26475, 15.19254 ], [ 74.25547, 15.19814 ], [ 74.2519, 15.19766 ], [ 74.24883, 15.19409 ], [ 74.24856, 15.19344 ], [ 74.25014, 15.19112 ], [ 74.24943, 15.18978 ], [ 74.2466, 15.19207 ], [ 74.24232, 15.19326 ], [ 74.24047, 15.19481 ], [ 74.23652, 15.19555 ], [ 74.2358, 15.19481 ], [ 74.23646, 15.19278 ], [ 74.24122, 15.19017 ], [ 74.24196, 15.18859 ], [ 74.24089, 15.18817 ], [ 74.23462, 15.18924 ], [ 74.23206, 15.18555 ], [ 74.23375, 15.18481 ], [ 74.2345, 15.18175 ], [ 74.23735, 15.18237 ], [ 74.23807, 15.18228 ], [ 74.23812, 15.1813 ], [ 74.23482, 15.17898 ], [ 74.22917, 15.17955 ], [ 74.22825, 15.17663 ], [ 74.22709, 15.17654 ], [ 74.22551, 15.17913 ], [ 74.22709, 15.18401 ], [ 74.2262, 15.18454 ], [ 74.22441, 15.18374 ], [ 74.22331, 15.18529 ], [ 74.22593, 15.18695 ], [ 74.22771, 15.19147 ], [ 74.22774, 15.19442 ], [ 74.22599, 15.20049 ], [ 74.22203, 15.20206 ], [ 74.22114, 15.20572 ], [ 74.21165, 15.21253 ], [ 74.20615, 15.21209 ], [ 74.2005, 15.21363 ], [ 74.19764, 15.20902 ], [ 74.20243, 15.20742 ], [ 74.20425, 15.20578 ], [ 74.19877, 15.20313 ], [ 74.19699, 15.20049 ], [ 74.19214, 15.20254 ], [ 74.19119, 15.20215 ], [ 74.19137, 15.1926 ], [ 74.1908, 15.1918 ], [ 74.18613, 15.19127 ], [ 74.18087, 15.19344 ], [ 74.1781, 15.19192 ], [ 74.17557, 15.19159 ], [ 74.17638, 15.1907 ], [ 74.18256, 15.18969 ], [ 74.18542, 15.19043 ], [ 74.18633, 15.18832 ], [ 74.18237, 15.18567 ], [ 74.18331, 15.18346 ], [ 74.18449, 15.18297 ], [ 74.18791, 15.18343 ], [ 74.18926, 15.18518 ], [ 74.19187, 15.18457 ], [ 74.19277, 15.18531 ], [ 74.19225, 15.18838 ], [ 74.19505, 15.1948 ], [ 74.19367, 15.1977 ], [ 74.198, 15.19703 ], [ 74.19966, 15.19228 ], [ 74.19873, 15.19006 ], [ 74.20083, 15.1898 ], [ 74.20252, 15.18742 ], [ 74.20497, 15.1884 ], [ 74.20675, 15.1903 ], [ 74.20747, 15.18985 ], [ 74.20521, 15.18209 ], [ 74.20278, 15.18114 ], [ 74.1984, 15.18092 ], [ 74.19862, 15.17876 ], [ 74.19769, 15.17636 ], [ 74.19919, 15.17517 ], [ 74.20191, 15.17688 ], [ 74.20473, 15.17614 ], [ 74.20654, 15.17762 ], [ 74.20757, 15.17198 ], [ 74.20615, 15.17248 ], [ 74.20221, 15.16944 ], [ 74.20146, 15.16611 ], [ 74.20197, 15.16263 ], [ 74.20084, 15.16052 ], [ 74.19748, 15.16064 ], [ 74.19617, 15.16471 ], [ 74.19275, 15.16343 ], [ 74.19334, 15.1596 ], [ 74.19197, 15.15738 ], [ 74.19294, 15.15521 ], [ 74.19244, 15.15308 ], [ 74.19713, 15.15247 ], [ 74.19682, 15.15386 ], [ 74.19903, 15.15552 ], [ 74.20086, 15.1551 ], [ 74.20251, 15.15594 ], [ 74.20421, 15.15304 ], [ 74.20561, 15.15304 ], [ 74.20871, 15.15489 ], [ 74.21103, 15.15814 ], [ 74.21374, 15.15575 ], [ 74.21378, 15.16649 ], [ 74.21713, 15.16774 ], [ 74.21995, 15.16995 ], [ 74.22195, 15.17385 ], [ 74.22391, 15.17395 ], [ 74.22427, 15.17335 ], [ 74.22406, 15.1702 ], [ 74.22199, 15.16589 ], [ 74.22538, 15.16521 ], [ 74.22756, 15.16646 ], [ 74.22952, 15.17117 ], [ 74.22948, 15.17402 ], [ 74.23187, 15.17506 ], [ 74.23773, 15.17513 ], [ 74.23805, 15.1726 ], [ 74.23908, 15.17149 ], [ 74.24458, 15.17409 ], [ 74.24936, 15.17128 ], [ 74.25254, 15.17292 ], [ 74.25382, 15.17067 ], [ 74.25679, 15.17217 ], [ 74.25973, 15.1771 ], [ 74.26294, 15.17597 ], [ 74.26663, 15.17686 ], [ 74.26748, 15.17565 ], [ 74.27187, 15.17454 ], [ 74.27255, 15.1729 ], [ 74.27616, 15.17254 ], [ 74.2803, 15.17097 ], [ 74.28044, 15.17022 ], [ 74.27873, 15.16908 ], [ 74.27419, 15.16855 ], [ 74.27088, 15.17244 ], [ 74.26456, 15.17079 ], [ 74.26324, 15.16726 ], [ 74.25649, 15.16662 ], [ 74.2561, 15.16448 ], [ 74.25349, 15.16334 ], [ 74.25082, 15.15948 ], [ 74.249, 15.15937 ], [ 74.24653, 15.15734 ], [ 74.24271, 15.15591 ], [ 74.24179, 15.15259 ], [ 74.23786, 15.15263 ], [ 74.23536, 15.14767 ], [ 74.2334, 15.14785 ], [ 74.23129, 15.1497 ], [ 74.22858, 15.1497 ], [ 74.22858, 15.14852 ], [ 74.23047, 15.14663 ], [ 74.22919, 15.14399 ], [ 74.22987, 15.14271 ], [ 74.23647, 15.1436 ], [ 74.23722, 15.14385 ], [ 74.23793, 15.14602 ], [ 74.23986, 15.14563 ], [ 74.23586, 15.14138 ], [ 74.23615, 15.13867 ], [ 74.23515, 15.13507 ], [ 74.23447, 15.13528 ], [ 74.2344, 15.13835 ], [ 74.23343, 15.13956 ], [ 74.23194, 15.14085 ], [ 74.22783, 15.14174 ], [ 74.22473, 15.13992 ], [ 74.22412, 15.13792 ], [ 74.22165, 15.13477 ], [ 74.21715, 15.13223 ], [ 74.21258, 15.12638 ], [ 74.21219, 15.12427 ], [ 74.21283, 15.12267 ], [ 74.21712, 15.11569 ], [ 74.22212, 15.11453 ], [ 74.2217, 15.11185 ], [ 74.22429, 15.11004 ], [ 74.2228, 15.10495 ], [ 74.22411, 15.09954 ], [ 74.22976, 15.0982 ], [ 74.22994, 15.09484 ], [ 74.2311, 15.09344 ], [ 74.23413, 15.09136 ], [ 74.23672, 15.08794 ], [ 74.23925, 15.08856 ], [ 74.24005, 15.08791 ], [ 74.23925, 15.08089 ], [ 74.2388, 15.07976 ], [ 74.23657, 15.07854 ], [ 74.23095, 15.08475 ], [ 74.2278, 15.08601 ], [ 74.224, 15.08513 ], [ 74.22143, 15.0831 ], [ 74.21972, 15.08453 ], [ 74.21869, 15.08436 ], [ 74.21919, 15.08042 ], [ 74.22031, 15.07808 ], [ 74.2241, 15.07595 ], [ 74.22694, 15.07166 ], [ 74.22795, 15.06578 ], [ 74.22147, 15.06658 ], [ 74.22022, 15.0681 ], [ 74.21871, 15.06814 ], [ 74.22013, 15.07397 ], [ 74.21817, 15.078 ], [ 74.21742, 15.07789 ], [ 74.21546, 15.07468 ], [ 74.21108, 15.07584 ], [ 74.21067, 15.07712 ], [ 74.214, 15.08447 ], [ 74.21326, 15.08575 ], [ 74.20948, 15.08477 ], [ 74.2087, 15.08114 ], [ 74.20552, 15.07998 ], [ 74.20502, 15.07641 ], [ 74.20341, 15.07626 ], [ 74.20192, 15.07454 ], [ 74.19972, 15.07596 ], [ 74.19675, 15.0765 ], [ 74.19437, 15.07882 ], [ 74.18872, 15.08179 ], [ 74.18604, 15.0815 ], [ 74.18152, 15.08269 ], [ 74.17486, 15.08292 ], [ 74.17385, 15.08179 ], [ 74.17295, 15.07739 ], [ 74.17123, 15.07483 ], [ 74.16457, 15.07037 ], [ 74.16296, 15.06835 ], [ 74.16213, 15.06567 ], [ 74.16927, 15.05919 ], [ 74.16944, 15.05806 ], [ 74.16753, 15.05614 ], [ 74.16702, 15.05336 ], [ 74.16119, 15.05119 ], [ 74.16102, 15.04883 ], [ 74.1627, 15.0477 ], [ 74.16583, 15.04786 ], [ 74.16488, 15.04561 ], [ 74.16607, 15.04438 ], [ 74.16886, 15.04465 ], [ 74.17604, 15.04092 ], [ 74.17996, 15.04096 ], [ 74.17586, 15.03353 ], [ 74.17449, 15.03204 ], [ 74.17301, 15.03222 ], [ 74.16903, 15.03487 ], [ 74.16496, 15.03487 ], [ 74.15947, 15.03758 ], [ 74.15375, 15.04272 ], [ 74.1519, 15.04572 ], [ 74.15154, 15.05036 ], [ 74.15557, 15.05794 ], [ 74.15231, 15.06413 ], [ 74.1527, 15.0692 ], [ 74.15983, 15.07774 ], [ 74.16516, 15.08207 ], [ 74.16804, 15.0885 ], [ 74.17356, 15.09195 ], [ 74.17785, 15.0924 ], [ 74.18777, 15.09099 ], [ 74.19588, 15.08878 ], [ 74.19879, 15.08685 ], [ 74.20275, 15.09172 ], [ 74.20585, 15.09372 ], [ 74.20932, 15.09536 ], [ 74.21477, 15.09608 ], [ 74.21296, 15.10721 ], [ 74.20844, 15.11188 ], [ 74.20325, 15.12154 ], [ 74.20228, 15.12515 ], [ 74.20285, 15.12865 ], [ 74.2068, 15.13503 ], [ 74.2156, 15.14224 ], [ 74.21862, 15.14569 ], [ 74.21877, 15.15164 ], [ 74.21803, 15.15171 ], [ 74.21455, 15.14764 ], [ 74.21498, 15.15171 ], [ 74.21358, 15.15211 ], [ 74.21032, 15.1494 ], [ 74.20113, 15.14557 ], [ 74.19847, 15.14297 ], [ 74.19124, 15.14388 ], [ 74.18702, 15.14552 ], [ 74.18307, 15.15064 ], [ 74.18234, 15.15654 ], [ 74.18352, 15.16665 ], [ 74.18516, 15.1694 ], [ 74.18914, 15.17262 ], [ 74.18798, 15.17417 ], [ 74.18329, 15.17403 ], [ 74.17843, 15.17538 ], [ 74.17546, 15.17807 ], [ 74.17049, 15.18768 ], [ 74.17099, 15.18914 ], [ 74.1702, 15.19137 ], [ 74.1722, 15.19356 ], [ 74.16949, 15.19658 ], [ 74.1693, 15.19804 ], [ 74.17153, 15.19987 ], [ 74.18053, 15.2022 ], [ 74.18077, 15.20618 ], [ 74.1831, 15.21017 ], [ 74.18486, 15.2117 ], [ 74.18957, 15.21341 ], [ 74.19328, 15.21974 ], [ 74.19557, 15.22155 ], [ 74.20033, 15.22255 ], [ 74.20642, 15.22112 ], [ 74.21408, 15.22174 ], [ 74.21755, 15.22612 ], [ 74.2185, 15.23478 ], [ 74.2157, 15.23725 ], [ 74.21146, 15.2383 ], [ 74.20737, 15.24058 ], [ 74.20556, 15.24401 ], [ 74.20175, 15.24501 ], [ 74.20228, 15.24612 ], [ 74.2104, 15.2521 ], [ 74.21236, 15.2484 ], [ 74.21465, 15.24644 ], [ 74.21756, 15.24659 ] ] ] } },
{ "type": "Feature", "properties": { "Name": "Bondla WLS, Goa" }, "geometry": { "type": "Polygon", "coordinates": [ [ [ 74.10571, 15.4567 ], [ 74.11833, 15.45517 ], [ 74.12669, 15.4491 ], [ 74.1302, 15.4435 ], [ 74.13048, 15.44104 ], [ 74.1288, 15.43907 ], [ 74.12659, 15.43345 ], [ 74.12577, 15.42829 ], [ 74.12354, 15.42469 ], [ 74.12322, 15.41373 ], [ 74.12042, 15.40619 ], [ 74.11659, 15.40288 ], [ 74.11037, 15.40225 ], [ 74.10563, 15.40482 ], [ 74.09558, 15.41567 ], [ 74.09238, 15.42252 ], [ 74.08644, 15.42989 ], [ 74.08394, 15.44069 ], [ 74.08082, 15.44512 ], [ 74.08022, 15.44818 ], [ 74.08065, 15.45077 ], [ 74.08259, 15.45442 ], [ 74.086, 15.45682 ], [ 74.08954, 15.45747 ], [ 74.10571, 15.4567 ] ], [ [ 74.0905, 15.44814 ], [ 74.09408, 15.44009 ], [ 74.09515, 15.4331 ], [ 74.10033, 15.42733 ], [ 74.10416, 15.4199 ], [ 74.11234, 15.41139 ], [ 74.11419, 15.41615 ], [ 74.11392, 15.42992 ], [ 74.11704, 15.43167 ], [ 74.11735, 15.43569 ], [ 74.11959, 15.44055 ], [ 74.1194, 15.44325 ], [ 74.116, 15.4462 ], [ 74.11407, 15.44672 ], [ 74.10021, 15.44801 ], [ 74.09836, 15.44737 ], [ 74.0905, 15.44814 ] ] ] } },
{ "type": "Feature", "properties": { "Name": "Madei WLS, Goa" }, "geometry": { "type": "Polygon", "coordinates": [ [ [ 74.17338, 15.44686 ], [ 74.16634, 15.45053 ], [ 74.16329, 15.45552 ], [ 74.16315, 15.45933 ], [ 74.16396, 15.46238 ], [ 74.16125, 15.46661 ], [ 74.16049, 15.4708 ], [ 74.16187, 15.47508 ], [ 74.16639, 15.4786 ], [ 74.16658, 15.47975 ], [ 74.16525, 15.4837 ], [ 74.16525, 15.49007 ], [ 74.1622, 15.49831 ], [ 74.16182, 15.50273 ], [ 74.16553, 15.50925 ], [ 74.16734, 15.51106 ], [ 74.172, 15.51311 ], [ 74.17157, 15.51882 ], [ 74.17343, 15.52362 ], [ 74.17105, 15.5291 ], [ 74.17072, 15.532 ], [ 74.17405, 15.53366 ], [ 74.18633, 15.53328 ], [ 74.19018, 15.53609 ], [ 74.19332, 15.537 ], [ 74.19442, 15.54109 ], [ 74.19408, 15.54418 ], [ 74.19618, 15.54718 ], [ 74.19756, 15.54832 ], [ 74.20113, 15.5478 ], [ 74.20341, 15.54651 ], [ 74.20455, 15.54737 ], [ 74.20137, 15.55137 ], [ 74.20555, 15.5576 ], [ 74.20541, 15.56031 ], [ 74.19447, 15.56821 ], [ 74.19128, 15.5635 ], [ 74.18704, 15.55931 ], [ 74.1819, 15.55765 ], [ 74.17538, 15.55365 ], [ 74.16962, 15.55346 ], [ 74.1642, 15.55641 ], [ 74.16134, 15.56027 ], [ 74.16082, 15.5636 ], [ 74.15668, 15.56031 ], [ 74.1542, 15.55941 ], [ 74.14973, 15.55908 ], [ 74.14483, 15.56127 ], [ 74.14255, 15.56369 ], [ 74.14069, 15.56983 ], [ 74.14136, 15.57459 ], [ 74.14735, 15.58378 ], [ 74.14269, 15.58872 ], [ 74.14202, 15.59049 ], [ 74.14235, 15.5952 ], [ 74.14497, 15.59953 ], [ 74.15021, 15.60519 ], [ 74.15582, 15.6089 ], [ 74.15854, 15.60933 ], [ 74.15958, 15.6109 ], [ 74.15235, 15.61071 ], [ 74.14583, 15.61223 ], [ 74.14407, 15.61119 ], [ 74.14117, 15.60319 ], [ 74.13726, 15.59872 ], [ 74.13726, 15.59739 ], [ 74.13907, 15.59472 ], [ 74.13955, 15.59001 ], [ 74.13731, 15.57611 ], [ 74.13419, 15.57197 ], [ 74.13217, 15.56512 ], [ 74.12755, 15.562 ], [ 74.12844, 15.55704 ], [ 74.12632, 15.5523 ], [ 74.12198, 15.54899 ], [ 74.11719, 15.54711 ], [ 74.10536, 15.5446 ], [ 74.09811, 15.54174 ], [ 74.09514, 15.54105 ], [ 74.08966, 15.54214 ], [ 74.08338, 15.54756 ], [ 74.08092, 15.55076 ], [ 74.08058, 15.55482 ], [ 74.08269, 15.56059 ], [ 74.07864, 15.56527 ], [ 74.0763, 15.56938 ], [ 74.07418, 15.57338 ], [ 74.07321, 15.5776 ], [ 74.07435, 15.58314 ], [ 74.08503, 15.59502 ], [ 74.07881, 15.60519 ], [ 74.07898, 15.61073 ], [ 74.07761, 15.61678 ], [ 74.07778, 15.61906 ], [ 74.07898, 15.62129 ], [ 74.08218, 15.62483 ], [ 74.08076, 15.62999 ], [ 74.08097, 15.63617 ], [ 74.09047, 15.63957 ], [ 74.09128, 15.63766 ], [ 74.09042, 15.63098 ], [ 74.09088, 15.62932 ], [ 74.09722, 15.63149 ], [ 74.09904, 15.63521 ], [ 74.0999, 15.63532 ], [ 74.10099, 15.63207 ], [ 74.10772, 15.63155 ], [ 74.10818, 15.63092 ], [ 74.10658, 15.6279 ], [ 74.11035, 15.6275 ], [ 74.11275, 15.62338 ], [ 74.11018, 15.62087 ], [ 74.10641, 15.62219 ], [ 74.10356, 15.62156 ], [ 74.1031, 15.61625 ], [ 74.10453, 15.61499 ], [ 74.10413, 15.61259 ], [ 74.1055, 15.61002 ], [ 74.10498, 15.60917 ], [ 74.10099, 15.60768 ], [ 74.0967, 15.60802 ], [ 74.09613, 15.60865 ], [ 74.09642, 15.61076 ], [ 74.09225, 15.61322 ], [ 74.09099, 15.61328 ], [ 74.08848, 15.61094 ], [ 74.08797, 15.60808 ], [ 74.08848, 15.60614 ], [ 74.09876, 15.59352 ], [ 74.09408, 15.59152 ], [ 74.08985, 15.58621 ], [ 74.08882, 15.58204 ], [ 74.08488, 15.58038 ], [ 74.08334, 15.57747 ], [ 74.08482, 15.57364 ], [ 74.09271, 15.56285 ], [ 74.09379, 15.55646 ], [ 74.09116, 15.55349 ], [ 74.09419, 15.55034 ], [ 74.10013, 15.5528 ], [ 74.10087, 15.55389 ], [ 74.10059, 15.55714 ], [ 74.09659, 15.56331 ], [ 74.09488, 15.56816 ], [ 74.09265, 15.56856 ], [ 74.09208, 15.56936 ], [ 74.09076, 15.57679 ], [ 74.09185, 15.57724 ], [ 74.09419, 15.5765 ], [ 74.09368, 15.57947 ], [ 74.09436, 15.58021 ], [ 74.0971, 15.58124 ], [ 74.09836, 15.57918 ], [ 74.09979, 15.57907 ], [ 74.10555, 15.57976 ], [ 74.1071, 15.58084 ], [ 74.10807, 15.58015 ], [ 74.10784, 15.57593 ], [ 74.11115, 15.56908 ], [ 74.10687, 15.56605 ], [ 74.10595, 15.56359 ], [ 74.10704, 15.56017 ], [ 74.10847, 15.55908 ], [ 74.10967, 15.5548 ], [ 74.11412, 15.5556 ], [ 74.11823, 15.55765 ], [ 74.11772, 15.56057 ], [ 74.11503, 15.56651 ], [ 74.1184, 15.56771 ], [ 74.12166, 15.57073 ], [ 74.12457, 15.57096 ], [ 74.12497, 15.57239 ], [ 74.12343, 15.57427 ], [ 74.12354, 15.57536 ], [ 74.12863, 15.58095 ], [ 74.13017, 15.59146 ], [ 74.12737, 15.59101 ], [ 74.12446, 15.59255 ], [ 74.12708, 15.59437 ], [ 74.12725, 15.59546 ], [ 74.1256, 15.59809 ], [ 74.12583, 15.59934 ], [ 74.12925, 15.6038 ], [ 74.12988, 15.60814 ], [ 74.13348, 15.60894 ], [ 74.13411, 15.61522 ], [ 74.13576, 15.61687 ], [ 74.1268, 15.61647 ], [ 74.12451, 15.61819 ], [ 74.1232, 15.62259 ], [ 74.12497, 15.6223 ], [ 74.1264, 15.62007 ], [ 74.12686, 15.62276 ], [ 74.12663, 15.62407 ], [ 74.12309, 15.62778 ], [ 74.1244, 15.63012 ], [ 74.1264, 15.62978 ], [ 74.128, 15.63081 ], [ 74.12731, 15.63486 ], [ 74.12977, 15.63521 ], [ 74.13262, 15.63372 ], [ 74.13062, 15.62915 ], [ 74.13474, 15.62082 ], [ 74.13816, 15.61922 ], [ 74.14399, 15.62161 ], [ 74.15752, 15.61996 ], [ 74.15489, 15.6227 ], [ 74.15461, 15.62373 ], [ 74.15547, 15.62527 ], [ 74.15821, 15.62864 ], [ 74.16186, 15.62978 ], [ 74.16255, 15.63229 ], [ 74.16575, 15.63641 ], [ 74.16854, 15.63715 ], [ 74.16877, 15.63966 ], [ 74.17266, 15.64137 ], [ 74.17385, 15.64126 ], [ 74.17443, 15.63858 ], [ 74.17979, 15.63778 ], [ 74.18379, 15.63623 ], [ 74.19007, 15.62932 ], [ 74.19207, 15.62259 ], [ 74.18859, 15.61996 ], [ 74.18687, 15.61579 ], [ 74.18076, 15.61134 ], [ 74.17991, 15.60894 ], [ 74.18014, 15.60637 ], [ 74.17945, 15.60568 ], [ 74.17357, 15.60722 ], [ 74.16871, 15.60745 ], [ 74.16409, 15.60197 ], [ 74.15872, 15.60003 ], [ 74.15764, 15.59609 ], [ 74.15655, 15.59495 ], [ 74.15398, 15.5946 ], [ 74.15164, 15.59318 ], [ 74.15752, 15.59072 ], [ 74.16118, 15.58781 ], [ 74.16203, 15.58689 ], [ 74.16203, 15.58301 ], [ 74.1618, 15.58227 ], [ 74.15592, 15.58021 ], [ 74.15061, 15.57199 ], [ 74.15073, 15.56856 ], [ 74.15215, 15.56873 ], [ 74.15364, 15.57045 ], [ 74.15427, 15.57336 ], [ 74.15946, 15.57616 ], [ 74.1702, 15.5737 ], [ 74.17208, 15.57262 ], [ 74.17066, 15.57056 ], [ 74.17214, 15.56702 ], [ 74.17026, 15.56416 ], [ 74.1706, 15.56291 ], [ 74.17237, 15.56188 ], [ 74.17761, 15.56632 ], [ 74.18025, 15.56646 ], [ 74.18418, 15.56885 ], [ 74.18518, 15.57089 ], [ 74.18507, 15.58017 ], [ 74.18882, 15.58385 ], [ 74.19014, 15.58402 ], [ 74.19274, 15.58188 ], [ 74.19567, 15.58163 ], [ 74.20009, 15.57831 ], [ 74.20109, 15.57699 ], [ 74.20159, 15.57396 ], [ 74.2067, 15.56964 ], [ 74.20884, 15.56893 ], [ 74.21319, 15.56964 ], [ 74.21412, 15.56839 ], [ 74.21227, 15.56197 ], [ 74.20866, 15.56122 ], [ 74.20723, 15.55943 ], [ 74.20613, 15.55576 ], [ 74.20284, 15.55147 ], [ 74.20548, 15.5488 ], [ 74.20559, 15.54669 ], [ 74.20384, 15.54555 ], [ 74.1992, 15.5473 ], [ 74.19692, 15.5469 ], [ 74.19553, 15.54501 ], [ 74.19535, 15.53948 ], [ 74.19442, 15.53684 ], [ 74.19024, 15.53552 ], [ 74.18671, 15.53216 ], [ 74.18168, 15.53298 ], [ 74.18032, 15.53141 ], [ 74.18325, 15.52581 ], [ 74.18179, 15.51778 ], [ 74.18232, 15.51567 ], [ 74.18396, 15.514 ], [ 74.18546, 15.51364 ], [ 74.187, 15.50811 ], [ 74.18982, 15.50497 ], [ 74.19731, 15.50218 ], [ 74.20059, 15.49822 ], [ 74.19877, 15.49736 ], [ 74.18807, 15.49808 ], [ 74.18321, 15.49708 ], [ 74.17422, 15.5039 ], [ 74.17251, 15.5034 ], [ 74.17093, 15.50065 ], [ 74.1754, 15.49113 ], [ 74.17542, 15.48904 ], [ 74.17433, 15.48796 ], [ 74.17442, 15.48559 ], [ 74.17632, 15.48095 ], [ 74.17778, 15.48135 ], [ 74.17835, 15.48337 ], [ 74.17792, 15.48537 ], [ 74.17894, 15.48977 ], [ 74.17813, 15.49284 ], [ 74.17966, 15.49203 ], [ 74.1812, 15.4893 ], [ 74.18391, 15.48806 ], [ 74.18579, 15.48513 ], [ 74.18591, 15.48333 ], [ 74.18311, 15.48114 ], [ 74.18325, 15.48018 ], [ 74.18972, 15.47509 ], [ 74.18346, 15.47352 ], [ 74.18027, 15.47566 ], [ 74.17913, 15.47761 ], [ 74.17651, 15.47883 ], [ 74.17698, 15.47568 ], [ 74.17507, 15.47249 ], [ 74.17055, 15.47054 ], [ 74.17281, 15.46665 ], [ 74.17538, 15.46413 ], [ 74.17772, 15.46513 ], [ 74.1791, 15.46441 ], [ 74.18014, 15.46132 ], [ 74.18014, 15.45804 ], [ 74.17929, 15.45651 ], [ 74.17686, 15.45718 ], [ 74.1741, 15.45984 ], [ 74.17267, 15.4588 ], [ 74.17262, 15.45704 ], [ 74.17667, 15.45418 ], [ 74.18105, 15.45485 ], [ 74.18494, 15.45325 ], [ 74.17893, 15.44588 ], [ 74.17338, 15.44686 ] ] ] } },
{ "type": "Feature", "properties": { "Name": "Bhagwan Mahaveer WLS Goa" }, "geometry": { "type": "Polygon", "coordinates": [ [ [ 74.24041, 15.367 ], [ 74.2413, 15.36455 ], [ 74.24411, 15.36432 ], [ 74.24618, 15.36546 ], [ 74.2476, 15.3653 ], [ 74.24881, 15.36285 ], [ 74.25165, 15.36319 ], [ 74.253, 15.36026 ], [ 74.25258, 15.357 ], [ 74.24796, 15.35521 ], [ 74.24664, 15.35184 ], [ 74.24845, 15.34575 ], [ 74.24857, 15.34014 ], [ 74.24775, 15.33823 ], [ 74.25047, 15.33938 ], [ 74.25434, 15.3381 ], [ 74.255, 15.33717 ], [ 74.25395, 15.33648 ], [ 74.25451, 15.33507 ], [ 74.25374, 15.33336 ], [ 74.25538, 15.33014 ], [ 74.25504, 15.32861 ], [ 74.25201, 15.32731 ], [ 74.2501, 15.32516 ], [ 74.24671, 15.32499 ], [ 74.24344, 15.32261 ], [ 74.23692, 15.32096 ], [ 74.23735, 15.32353 ], [ 74.23682, 15.32434 ], [ 74.23254, 15.32444 ], [ 74.23102, 15.32349 ], [ 74.2314, 15.32116 ], [ 74.22978, 15.32054 ], [ 74.21617, 15.32877 ], [ 74.21011, 15.32941 ], [ 74.21017, 15.3284 ], [ 74.21207, 15.32757 ], [ 74.21261, 15.32534 ], [ 74.21172, 15.324 ], [ 74.21139, 15.3262 ], [ 74.20847, 15.32956 ], [ 74.20407, 15.32888 ], [ 74.20217, 15.32941 ], [ 74.20035, 15.32605 ], [ 74.1961, 15.32266 ], [ 74.18947, 15.32189 ], [ 74.18156, 15.32599 ], [ 74.17786, 15.33045 ], [ 74.17718, 15.33342 ], [ 74.17918, 15.34039 ], [ 74.17892, 15.34305 ], [ 74.17713, 15.34293 ], [ 74.17418, 15.33988 ], [ 74.17028, 15.34045 ], [ 74.16744, 15.33963 ], [ 74.16571, 15.33855 ], [ 74.1648, 15.33643 ], [ 74.16124, 15.33693 ], [ 74.15808, 15.33428 ], [ 74.15989, 15.32992 ], [ 74.16333, 15.32528 ], [ 74.16495, 15.31614 ], [ 74.16697, 15.3094 ], [ 74.16859, 15.3067 ], [ 74.16927, 15.30274 ], [ 74.16834, 15.29564 ], [ 74.17106, 15.294 ], [ 74.17413, 15.28974 ], [ 74.17727, 15.28907 ], [ 74.18142, 15.29162 ], [ 74.18353, 15.29174 ], [ 74.18395, 15.29022 ], [ 74.18241, 15.28639 ], [ 74.18262, 15.28473 ], [ 74.18686, 15.27978 ], [ 74.19093, 15.27853 ], [ 74.19154, 15.27523 ], [ 74.19522, 15.27284 ], [ 74.20019, 15.26688 ], [ 74.20182, 15.26225 ], [ 74.20041, 15.25881 ], [ 74.20125, 15.25527 ], [ 74.20512, 15.253 ], [ 74.21075, 15.25287 ], [ 74.21059, 15.25189 ], [ 74.20175, 15.24501 ], [ 74.19389, 15.24932 ], [ 74.19132, 15.25605 ], [ 74.1915, 15.26268 ], [ 74.18955, 15.26525 ], [ 74.17956, 15.27347 ], [ 74.17528, 15.2793 ], [ 74.16888, 15.2817 ], [ 74.15957, 15.29043 ], [ 74.15797, 15.2946 ], [ 74.15912, 15.29934 ], [ 74.15906, 15.30437 ], [ 74.1546, 15.31996 ], [ 74.14901, 15.32972 ], [ 74.14844, 15.33258 ], [ 74.14912, 15.33692 ], [ 74.15122, 15.34018 ], [ 74.15411, 15.34057 ], [ 74.15704, 15.34357 ], [ 74.15889, 15.34364 ], [ 74.16016, 15.34205 ], [ 74.15768, 15.34007 ], [ 74.15768, 15.3384 ], [ 74.15991, 15.339 ], [ 74.16339, 15.33731 ], [ 74.16541, 15.33975 ], [ 74.168, 15.34066 ], [ 74.16982, 15.34359 ], [ 74.17144, 15.34346 ], [ 74.17201, 15.34119 ], [ 74.17314, 15.34079 ], [ 74.17569, 15.34458 ], [ 74.17679, 15.34508 ], [ 74.17991, 15.34441 ], [ 74.17993, 15.34112 ], [ 74.18216, 15.34178 ], [ 74.18429, 15.34135 ], [ 74.18465, 15.33937 ], [ 74.18315, 15.33716 ], [ 74.18751, 15.3367 ], [ 74.18764, 15.33396 ], [ 74.18918, 15.3328 ], [ 74.19097, 15.33225 ], [ 74.19309, 15.33449 ], [ 74.1947, 15.33426 ], [ 74.19638, 15.33097 ], [ 74.19638, 15.32857 ], [ 74.1983, 15.32655 ], [ 74.19887, 15.32663 ], [ 74.19828, 15.33027 ], [ 74.19878, 15.332 ], [ 74.20203, 15.33107 ], [ 74.20243, 15.33326 ], [ 74.20359, 15.33375 ], [ 74.20767, 15.33244 ], [ 74.2086, 15.33278 ], [ 74.2101, 15.33495 ], [ 74.20984, 15.33775 ], [ 74.21113, 15.33902 ], [ 74.21722, 15.33775 ], [ 74.22002, 15.33438 ], [ 74.22242, 15.33579 ], [ 74.22895, 15.3324 ], [ 74.23955, 15.33362 ], [ 74.23845, 15.33737 ], [ 74.23883, 15.34414 ], [ 74.23377, 15.35357 ], [ 74.23308, 15.35791 ], [ 74.22903, 15.36122 ], [ 74.22735, 15.36375 ], [ 74.22179, 15.37431 ], [ 74.22089, 15.37771 ], [ 74.21761, 15.3806 ], [ 74.21579, 15.38342 ], [ 74.2124, 15.38542 ], [ 74.21058, 15.38752 ], [ 74.20704, 15.3882 ], [ 74.20204, 15.3922 ], [ 74.19923, 15.39873 ], [ 74.19569, 15.40087 ], [ 74.19469, 15.40237 ], [ 74.19444, 15.40537 ], [ 74.19889, 15.4077 ], [ 74.20004, 15.40923 ], [ 74.19769, 15.41326 ], [ 74.19466, 15.41643 ], [ 74.19409, 15.42054 ], [ 74.19259, 15.42154 ], [ 74.19112, 15.42532 ], [ 74.18752, 15.4255 ], [ 74.18613, 15.42746 ], [ 74.18509, 15.43114 ], [ 74.17949, 15.43972 ], [ 74.1793, 15.44366 ], [ 74.18006, 15.44557 ], [ 74.18586, 15.45266 ], [ 74.18857, 15.45475 ], [ 74.18958, 15.45401 ], [ 74.1903, 15.451 ], [ 74.19229, 15.45088 ], [ 74.19422, 15.45335 ], [ 74.1943, 15.45793 ], [ 74.19501, 15.45864 ], [ 74.19715, 15.45913 ], [ 74.19864, 15.45615 ], [ 74.19847, 15.45464 ], [ 74.19733, 15.45516 ], [ 74.19643, 15.4545 ], [ 74.1962, 15.44603 ], [ 74.19041, 15.44431 ], [ 74.18881, 15.44186 ], [ 74.19013, 15.43936 ], [ 74.19466, 15.43504 ], [ 74.19584, 15.43252 ], [ 74.19662, 15.43279 ], [ 74.19775, 15.43565 ], [ 74.2012, 15.43814 ], [ 74.20307, 15.44088 ], [ 74.20194, 15.446 ], [ 74.20494, 15.44258 ], [ 74.20607, 15.44261 ], [ 74.20709, 15.44374 ], [ 74.2081, 15.4468 ], [ 74.20732, 15.45153 ], [ 74.21089, 15.45653 ], [ 74.21024, 15.45305 ], [ 74.2122, 15.44793 ], [ 74.20905, 15.44389 ], [ 74.20991, 15.44264 ], [ 74.20949, 15.44154 ], [ 74.21089, 15.44058 ], [ 74.21128, 15.43817 ], [ 74.2133, 15.43669 ], [ 74.21535, 15.43669 ], [ 74.21797, 15.43892 ], [ 74.2205, 15.43868 ], [ 74.2233, 15.4396 ], [ 74.22472, 15.43865 ], [ 74.22954, 15.44038 ], [ 74.23061, 15.44281 ], [ 74.23256, 15.44477 ], [ 74.23397, 15.44482 ], [ 74.23523, 15.44298 ], [ 74.23708, 15.44248 ], [ 74.24953, 15.44708 ], [ 74.25322, 15.44627 ], [ 74.25448, 15.44206 ], [ 74.2582, 15.43768 ], [ 74.25667, 15.43664 ], [ 74.25342, 15.4398 ], [ 74.25042, 15.4406 ], [ 74.24278, 15.44064 ], [ 74.24141, 15.43968 ], [ 74.23951, 15.44074 ], [ 74.23414, 15.43883 ], [ 74.23295, 15.4375 ], [ 74.23134, 15.43789 ], [ 74.22879, 15.43602 ], [ 74.22779, 15.43379 ], [ 74.22821, 15.42952 ], [ 74.22489, 15.43133 ], [ 74.22229, 15.43171 ], [ 74.22029, 15.43508 ], [ 74.21713, 15.43297 ], [ 74.21222, 15.43473 ], [ 74.20915, 15.42857 ], [ 74.20817, 15.43323 ], [ 74.20451, 15.43262 ], [ 74.20258, 15.43345 ], [ 74.19956, 15.43209 ], [ 74.20041, 15.42869 ], [ 74.19958, 15.42623 ], [ 74.20009, 15.4249 ], [ 74.19732, 15.42348 ], [ 74.19731, 15.42093 ], [ 74.19811, 15.41936 ], [ 74.20125, 15.4178 ], [ 74.20156, 15.41334 ], [ 74.20309, 15.41188 ], [ 74.20482, 15.41117 ], [ 74.2071, 15.41263 ], [ 74.2078, 15.41406 ], [ 74.21254, 15.41691 ], [ 74.21349, 15.41971 ], [ 74.21498, 15.42044 ], [ 74.22055, 15.41981 ], [ 74.22241, 15.41697 ], [ 74.22568, 15.41539 ], [ 74.22571, 15.41397 ], [ 74.22491, 15.41349 ], [ 74.22083, 15.41646 ], [ 74.21328, 15.4164 ], [ 74.20971, 15.41403 ], [ 74.20798, 15.41123 ], [ 74.20266, 15.40947 ], [ 74.20272, 15.4065 ], [ 74.20688, 15.40483 ], [ 74.20899, 15.40186 ], [ 74.20953, 15.39796 ], [ 74.21119, 15.3968 ], [ 74.2156, 15.39677 ], [ 74.21812, 15.39288 ], [ 74.22065, 15.39309 ], [ 74.22267, 15.39139 ], [ 74.2294, 15.3919 ], [ 74.22883, 15.38964 ], [ 74.2258, 15.38961 ], [ 74.22624, 15.38532 ], [ 74.22791, 15.38443 ], [ 74.23151, 15.38538 ], [ 74.23265, 15.38424 ], [ 74.23168, 15.38167 ], [ 74.23145, 15.3771 ], [ 74.23557, 15.37105 ], [ 74.24041, 15.367 ] ] ] } },
{ "type": "Feature", "properties": { "Name": "Dr. Salim Ali Wildlife Sanctuary Goa" }, "geometry": { "type": "Polygon", "coordinates": [ [ [ 73.85996, 15.51607 ], [ 73.86063, 15.51868 ], [ 73.85977, 15.52273 ], [ 73.86047, 15.52303 ], [ 73.86154, 15.51902 ], [ 73.86089, 15.51617 ], [ 73.86203, 15.51133 ], [ 73.86118, 15.51079 ], [ 73.85996, 15.51607 ] ] ] } },
{ "type": "Feature", "properties": { "Name": "Anerdam WLS" }, "geometry": { "type": "Polygon", "coordinates": [ [ [ 75.01355, 21.40016 ], [ 75.01392, 21.39901 ], [ 75.01597, 21.39866 ], [ 75.01717, 21.3996 ], [ 75.01798, 21.39912 ], [ 75.01831, 21.39724 ], [ 75.01916, 21.39742 ], [ 75.02049, 21.39302 ], [ 75.02334, 21.39228 ], [ 75.04298, 21.39282 ], [ 75.05011, 21.39096 ], [ 75.04803, 21.38596 ], [ 75.04576, 21.38461 ], [ 75.03895, 21.3835 ], [ 75.03644, 21.38228 ], [ 75.03691, 21.38077 ], [ 75.03993, 21.37959 ], [ 75.04749, 21.38133 ], [ 75.0574, 21.37114 ], [ 75.05769, 21.36949 ], [ 75.0596, 21.3689 ], [ 75.06332, 21.36946 ], [ 75.06499, 21.3712 ], [ 75.06611, 21.36774 ], [ 75.06594, 21.3651 ], [ 75.06937, 21.35931 ], [ 75.07348, 21.36018 ], [ 75.07404, 21.36147 ], [ 75.07628, 21.36236 ], [ 75.07891, 21.36589 ], [ 75.08344, 21.36483 ], [ 75.08476, 21.36148 ], [ 75.0889, 21.35991 ], [ 75.09038, 21.35745 ], [ 75.09263, 21.35628 ], [ 75.10095, 21.35637 ], [ 75.10253, 21.35996 ], [ 75.10345, 21.36643 ], [ 75.10471, 21.36815 ], [ 75.11905, 21.36266 ], [ 75.12038, 21.36107 ], [ 75.12467, 21.36058 ], [ 75.12636, 21.36212 ], [ 75.13243, 21.36254 ], [ 75.14173, 21.35975 ], [ 75.14591, 21.35741 ], [ 75.14908, 21.35453 ], [ 75.15274, 21.34816 ], [ 75.15311, 21.34711 ], [ 75.15242, 21.3463 ], [ 75.16927, 21.34443 ], [ 75.16909, 21.34347 ], [ 75.17148, 21.34248 ], [ 75.17204, 21.33919 ], [ 75.17065, 21.33601 ], [ 75.16878, 21.33593 ], [ 75.16669, 21.33408 ], [ 75.16031, 21.33466 ], [ 75.15468, 21.3309 ], [ 75.15737, 21.33112 ], [ 75.15861, 21.32932 ], [ 75.16415, 21.32879 ], [ 75.16359, 21.3275 ], [ 75.16111, 21.32719 ], [ 75.16288, 21.32523 ], [ 75.16613, 21.32479 ], [ 75.16866, 21.32003 ], [ 75.17577, 21.31733 ], [ 75.17376, 21.31607 ], [ 75.1678, 21.31658 ], [ 75.16658, 21.31399 ], [ 75.16337, 21.31374 ], [ 75.15873, 21.3149 ], [ 75.15615, 21.31449 ], [ 75.1561, 21.31351 ], [ 75.15479, 21.31267 ], [ 75.15434, 21.30934 ], [ 75.15001, 21.3066 ], [ 75.14825, 21.30633 ], [ 75.14602, 21.3073 ], [ 75.14329, 21.30571 ], [ 75.14151, 21.30193 ], [ 75.1404, 21.30347 ], [ 75.1394, 21.30766 ], [ 75.13045, 21.30872 ], [ 75.12779, 21.31474 ], [ 75.12501, 21.31417 ], [ 75.11979, 21.31261 ], [ 75.11663, 21.31042 ], [ 75.11609, 21.30864 ], [ 75.11225, 21.30759 ], [ 75.11082, 21.30504 ], [ 75.10329, 21.29987 ], [ 75.10068, 21.29594 ], [ 75.0938, 21.29621 ], [ 75.08642, 21.29514 ], [ 75.08468, 21.29672 ], [ 75.08298, 21.29528 ], [ 75.05952, 21.29624 ], [ 75.05157, 21.29714 ], [ 75.04552, 21.2994 ], [ 75.03487, 21.29822 ], [ 75.03202, 21.29702 ], [ 75.0306, 21.29832 ], [ 75.02294, 21.30157 ], [ 75.01806, 21.30524 ], [ 75.01577, 21.30523 ], [ 75.0013, 21.30943 ], [ 75.00111, 21.31878 ], [ 74.993, 21.3226 ], [ 74.98368, 21.32567 ], [ 74.97324, 21.33305 ], [ 74.97841, 21.33702 ], [ 74.97894, 21.34041 ], [ 74.97759, 21.34225 ], [ 74.9662, 21.34808 ], [ 74.95805, 21.35581 ], [ 74.95854, 21.36139 ], [ 74.95794, 21.36678 ], [ 74.96071, 21.37049 ], [ 74.96599, 21.37249 ], [ 74.96633, 21.37339 ], [ 74.9662, 21.3744 ], [ 74.96429, 21.37505 ], [ 74.96402, 21.37708 ], [ 74.96086, 21.37788 ], [ 74.96132, 21.39114 ], [ 74.96203, 21.39388 ], [ 74.97607, 21.39132 ], [ 74.9828, 21.38805 ], [ 74.98944, 21.38661 ], [ 74.98734, 21.39075 ], [ 74.98329, 21.39502 ], [ 74.98312, 21.39816 ], [ 74.98624, 21.39823 ], [ 74.99325, 21.40017 ], [ 74.99681, 21.39923 ], [ 74.99698, 21.40049 ], [ 74.99868, 21.40232 ], [ 75.00021, 21.40137 ], [ 75.00691, 21.40014 ], [ 75.01355, 21.40016 ] ], [ [ 74.9914, 21.38634 ], [ 74.99044, 21.38471 ], [ 74.98718, 21.38498 ], [ 74.98035, 21.38728 ], [ 74.97645, 21.38972 ], [ 74.96382, 21.3923 ], [ 74.96265, 21.38743 ], [ 74.96518, 21.3871 ], [ 74.9701, 21.38265 ], [ 74.97292, 21.38234 ], [ 74.97306, 21.36624 ], [ 74.97803, 21.36491 ], [ 74.97996, 21.36178 ], [ 74.98233, 21.35253 ], [ 74.98612, 21.34978 ], [ 74.99459, 21.33916 ], [ 74.99692, 21.33839 ], [ 75.00076, 21.33477 ], [ 75.0013, 21.33236 ], [ 75.00814, 21.32887 ], [ 75.02746, 21.32168 ], [ 75.0285, 21.31987 ], [ 75.03608, 21.31818 ], [ 75.03835, 21.31653 ], [ 75.03913, 21.31364 ], [ 75.04136, 21.31267 ], [ 75.04463, 21.31389 ], [ 75.05398, 21.31403 ], [ 75.0725, 21.31206 ], [ 75.07363, 21.31046 ], [ 75.08378, 21.31122 ], [ 75.09494, 21.30871 ], [ 75.1128, 21.31538 ], [ 75.11378, 21.31864 ], [ 75.11808, 21.32186 ], [ 75.12759, 21.31917 ], [ 75.13321, 21.31914 ], [ 75.13762, 21.31642 ], [ 75.14028, 21.31722 ], [ 75.14859, 21.3174 ], [ 75.1499, 21.31834 ], [ 75.15205, 21.32302 ], [ 75.15313, 21.32619 ], [ 75.1376, 21.33279 ], [ 75.13303, 21.33658 ], [ 75.12876, 21.33658 ], [ 75.12276, 21.33787 ], [ 75.12119, 21.34014 ], [ 75.12073, 21.34294 ], [ 75.12334, 21.34677 ], [ 75.12936, 21.34899 ], [ 75.13623, 21.34911 ], [ 75.14046, 21.3457 ], [ 75.14435, 21.345 ], [ 75.14817, 21.34966 ], [ 75.14772, 21.35217 ], [ 75.14267, 21.35535 ], [ 75.13547, 21.35756 ], [ 75.12937, 21.35679 ], [ 75.11761, 21.35694 ], [ 75.1149, 21.35486 ], [ 75.10046, 21.35439 ], [ 75.10016, 21.35019 ], [ 75.08652, 21.34839 ], [ 75.07444, 21.35242 ], [ 75.06479, 21.35197 ], [ 75.05435, 21.36036 ], [ 75.04529, 21.36248 ], [ 75.04385, 21.36407 ], [ 75.04358, 21.36737 ], [ 75.03994, 21.36915 ], [ 75.03367, 21.38144 ], [ 75.02995, 21.38302 ], [ 75.02595, 21.38186 ], [ 75.02186, 21.3844 ], [ 75.02115, 21.38983 ], [ 75.01962, 21.39122 ], [ 75.01741, 21.39161 ], [ 75.01759, 21.3923 ], [ 75.01616, 21.39369 ], [ 75.01365, 21.39202 ], [ 75.01059, 21.39275 ], [ 75.00968, 21.39408 ], [ 75.00813, 21.394 ], [ 75.00626, 21.39197 ], [ 75.00195, 21.39264 ], [ 75.0005, 21.39443 ], [ 74.99927, 21.39408 ], [ 74.99866, 21.3919 ], [ 74.99077, 21.39544 ], [ 74.98803, 21.39331 ], [ 74.9914, 21.38634 ] ] ] } },
{ "type": "Feature", "properties": { "Name": "Yawal WLS" }, "geometry": { "type": "Polygon", "coordinates": [ [ [ 75.85854, 21.30879 ], [ 75.85367, 21.30367 ], [ 75.85304, 21.30118 ], [ 75.85398, 21.29782 ], [ 75.85728, 21.29709 ], [ 75.8667, 21.29782 ], [ 75.8698, 21.30023 ], [ 75.87372, 21.30632 ], [ 75.87851, 21.30591 ], [ 75.88484, 21.29535 ], [ 75.88375, 21.2915 ], [ 75.88375, 21.28784 ], [ 75.88636, 21.2785 ], [ 75.8868, 21.27362 ], [ 75.88898, 21.26916 ], [ 75.89595, 21.26428 ], [ 75.91382, 21.2655 ], [ 75.91382, 21.26936 ], [ 75.9123, 21.27281 ], [ 75.90663, 21.28033 ], [ 75.91513, 21.28236 ], [ 75.91622, 21.28622 ], [ 75.91491, 21.29129 ], [ 75.91622, 21.29332 ], [ 75.91557, 21.29515 ], [ 75.90837, 21.29535 ], [ 75.9075, 21.29759 ], [ 75.9075, 21.30449 ], [ 75.90816, 21.30693 ], [ 75.91273, 21.30876 ], [ 75.92036, 21.30977 ], [ 75.91796, 21.31566 ], [ 75.92145, 21.31992 ], [ 75.92123, 21.33535 ], [ 75.90946, 21.33982 ], [ 75.9051, 21.34692 ], [ 75.89791, 21.35241 ], [ 75.89508, 21.35362 ], [ 75.88789, 21.35383 ], [ 75.87851, 21.35098 ], [ 75.85912, 21.34672 ], [ 75.85367, 21.34652 ], [ 75.84408, 21.34855 ], [ 75.83231, 21.35322 ], [ 75.83013, 21.35525 ], [ 75.8286, 21.35829 ], [ 75.82686, 21.36804 ], [ 75.8225, 21.37473 ], [ 75.81794, 21.37838 ], [ 75.8196, 21.3775 ], [ 75.83386, 21.37639 ], [ 75.84076, 21.38392 ], [ 75.84385, 21.38126 ], [ 75.8505, 21.38126 ], [ 75.85359, 21.38281 ], [ 75.86191, 21.37861 ], [ 75.87047, 21.38591 ], [ 75.87498, 21.39144 ], [ 75.88045, 21.39122 ], [ 75.88497, 21.39498 ], [ 75.88901, 21.39365 ], [ 75.89328, 21.38901 ], [ 75.90279, 21.39056 ], [ 75.90802, 21.38347 ], [ 75.91111, 21.38237 ], [ 75.91491, 21.38237 ], [ 75.92917, 21.38547 ], [ 75.93464, 21.38547 ], [ 75.93844, 21.38458 ], [ 75.94296, 21.38502 ], [ 75.95175, 21.38746 ], [ 75.95223, 21.38967 ], [ 75.96364, 21.38834 ], [ 75.9673, 21.38475 ], [ 75.95976, 21.36901 ], [ 75.95999, 21.36348 ], [ 75.9619, 21.35861 ], [ 75.96903, 21.36149 ], [ 75.97853, 21.36392 ], [ 75.98305, 21.36614 ], [ 75.98614, 21.36857 ], [ 75.98801, 21.37159 ], [ 75.98978, 21.37019 ], [ 75.9905, 21.36687 ], [ 75.98313, 21.35536 ], [ 75.97823, 21.34996 ], [ 75.99128, 21.33742 ], [ 75.98815, 21.31418 ], [ 75.97774, 21.30584 ], [ 75.99103, 21.29967 ], [ 75.9923, 21.29741 ], [ 75.99241, 21.29485 ], [ 75.98993, 21.27967 ], [ 75.98031, 21.23543 ], [ 75.89836, 21.19119 ], [ 75.76285, 21.24819 ], [ 75.73127, 21.26072 ], [ 75.7062, 21.27195 ], [ 75.55025, 21.26261 ], [ 75.52691, 21.26784 ], [ 75.50157, 21.27495 ], [ 75.49897, 21.28184 ], [ 75.50008, 21.30587 ], [ 75.49382, 21.30618 ], [ 75.49329, 21.33384 ], [ 75.47931, 21.3387 ], [ 75.46337, 21.3497 ], [ 75.47486, 21.36132 ], [ 75.46599, 21.36405 ], [ 75.46604, 21.37146 ], [ 75.47265, 21.37662 ], [ 75.47435, 21.37592 ], [ 75.47595, 21.37306 ], [ 75.47897, 21.37085 ], [ 75.4816, 21.37233 ], [ 75.48333, 21.37613 ], [ 75.48898, 21.37229 ], [ 75.49128, 21.37343 ], [ 75.49174, 21.37727 ], [ 75.4974, 21.37756 ], [ 75.49113, 21.38553 ], [ 75.50091, 21.38596 ], [ 75.51024, 21.3834 ], [ 75.51284, 21.38382 ], [ 75.52084, 21.38746 ], [ 75.5275, 21.38015 ], [ 75.5351, 21.37462 ], [ 75.53962, 21.37351 ], [ 75.54461, 21.37042 ], [ 75.54722, 21.37086 ], [ 75.54832, 21.36966 ], [ 75.54941, 21.3658 ], [ 75.55137, 21.36296 ], [ 75.55268, 21.35444 ], [ 75.55486, 21.35058 ], [ 75.55464, 21.34814 ], [ 75.54897, 21.34165 ], [ 75.54854, 21.3386 ], [ 75.54919, 21.33515 ], [ 75.55115, 21.3315 ], [ 75.5553, 21.32967 ], [ 75.56292, 21.33109 ], [ 75.56554, 21.33271 ], [ 75.56728, 21.34023 ], [ 75.56924, 21.34165 ], [ 75.57273, 21.34205 ], [ 75.57382, 21.34388 ], [ 75.57469, 21.34875 ], [ 75.57687, 21.34895 ], [ 75.58624, 21.34611 ], [ 75.59082, 21.34144 ], [ 75.59649, 21.33738 ], [ 75.60215, 21.33637 ], [ 75.60695, 21.33637 ], [ 75.63027, 21.34063 ], [ 75.6464, 21.34124 ], [ 75.65228, 21.34063 ], [ 75.66057, 21.33779 ], [ 75.66798, 21.3384 ], [ 75.67669, 21.34165 ], [ 75.68345, 21.34144 ], [ 75.68694, 21.34002 ], [ 75.68999, 21.34002 ], [ 75.69413, 21.34246 ], [ 75.69587, 21.3451 ], [ 75.70241, 21.35058 ], [ 75.71723, 21.35159 ], [ 75.7266, 21.35667 ], [ 75.74404, 21.36134 ], [ 75.74644, 21.36134 ], [ 75.74775, 21.36053 ], [ 75.74883, 21.35789 ], [ 75.74883, 21.35565 ], [ 75.74709, 21.35139 ], [ 75.74687, 21.34652 ], [ 75.75123, 21.34307 ], [ 75.75363, 21.34226 ], [ 75.75428, 21.34063 ], [ 75.7521, 21.33759 ], [ 75.75276, 21.33596 ], [ 75.75733, 21.33414 ], [ 75.77303, 21.33231 ], [ 75.77957, 21.32947 ], [ 75.78371, 21.32967 ], [ 75.78959, 21.3315 ], [ 75.80659, 21.3384 ], [ 75.81509, 21.33901 ], [ 75.814, 21.33271 ], [ 75.8103, 21.32561 ], [ 75.81618, 21.3181 ], [ 75.81945, 21.31607 ], [ 75.82599, 21.31505 ], [ 75.84016, 21.31769 ], [ 75.84604, 21.31992 ], [ 75.85519, 21.31952 ], [ 75.85825, 21.3185 ], [ 75.85854, 21.30879 ] ] ] } },
{ "type": "Feature", "properties": { "Name": "Melghat Tiger Reserve" }, "geometry": { "type": "Polygon", "coordinates": [ [ [ 76.6363, 21.18523 ], [ 76.64082, 21.17217 ], [ 76.6494, 21.17049 ], [ 76.661, 21.16318 ], [ 76.6625, 21.16936 ], [ 76.66642, 21.17315 ], [ 76.67817, 21.17849 ], [ 76.68344, 21.17905 ], [ 76.6878, 21.17793 ], [ 76.69353, 21.17315 ], [ 76.69744, 21.16698 ], [ 76.69714, 21.16206 ], [ 76.69488, 21.1542 ], [ 76.69624, 21.15448 ], [ 76.69835, 21.157 ], [ 76.70843, 21.15967 ], [ 76.7128, 21.16178 ], [ 76.72033, 21.16964 ], [ 76.72395, 21.17217 ], [ 76.72982, 21.174 ], [ 76.73855, 21.18481 ], [ 76.74141, 21.18579 ], [ 76.75346, 21.18551 ], [ 76.75602, 21.18453 ], [ 76.75798, 21.17652 ], [ 76.76099, 21.1747 ], [ 76.77153, 21.1761 ], [ 76.77319, 21.18242 ], [ 76.77831, 21.18537 ], [ 76.78208, 21.18593 ], [ 76.78629, 21.18607 ], [ 76.79096, 21.18495 ], [ 76.79171, 21.18284 ], [ 76.81942, 21.18621 ], [ 76.82951, 21.18537 ], [ 76.84111, 21.19057 ], [ 76.84578, 21.19113 ], [ 76.84954, 21.19141 ], [ 76.85346, 21.19 ], [ 76.87981, 21.19225 ], [ 76.87846, 21.20208 ], [ 76.88282, 21.20503 ], [ 76.90119, 21.20868 ], [ 76.9024, 21.2098 ], [ 76.9027, 21.21528 ], [ 76.90526, 21.21514 ], [ 76.90812, 21.21345 ], [ 76.91128, 21.21275 ], [ 76.91565, 21.21345 ], [ 76.91791, 21.21556 ], [ 76.91987, 21.22314 ], [ 76.92755, 21.2237 ], [ 76.92695, 21.21247 ], [ 76.92936, 21.20601 ], [ 76.93267, 21.20475 ], [ 76.93899, 21.19969 ], [ 76.94366, 21.19941 ], [ 76.94562, 21.22314 ], [ 76.94939, 21.23072 ], [ 76.96188, 21.22945 ], [ 76.96339, 21.22791 ], [ 76.96384, 21.22384 ], [ 76.9655, 21.22258 ], [ 76.97649, 21.22075 ], [ 76.98794, 21.21121 ], [ 76.99583, 21.2117 ], [ 76.99887, 21.2187 ], [ 77.00137, 21.22154 ], [ 77.00422, 21.22287 ], [ 77.00541, 21.22575 ], [ 77.01182, 21.23173 ], [ 77.01325, 21.23638 ], [ 77.02181, 21.23594 ], [ 77.0249, 21.24369 ], [ 77.0306, 21.24458 ], [ 77.03369, 21.24613 ], [ 77.03274, 21.25122 ], [ 77.02822, 21.26274 ], [ 77.03678, 21.26695 ], [ 77.04272, 21.26784 ], [ 77.04914, 21.25809 ], [ 77.05413, 21.25831 ], [ 77.0615, 21.26274 ], [ 77.07005, 21.27382 ], [ 77.07386, 21.28002 ], [ 77.07525, 21.28645 ], [ 77.07377, 21.28881 ], [ 77.06203, 21.28839 ], [ 77.06055, 21.28978 ], [ 77.06055, 21.2913 ], [ 77.07184, 21.30306 ], [ 77.0809, 21.30362 ], [ 77.08565, 21.30459 ], [ 77.08877, 21.30625 ], [ 77.09561, 21.31234 ], [ 77.1011, 21.314 ], [ 77.10155, 21.31496 ], [ 77.10066, 21.31953 ], [ 77.10214, 21.32078 ], [ 77.11729, 21.32202 ], [ 77.13467, 21.31746 ], [ 77.14225, 21.31704 ], [ 77.15725, 21.31787 ], [ 77.16438, 21.31995 ], [ 77.17285, 21.32368 ], [ 77.17508, 21.32604 ], [ 77.17954, 21.33448 ], [ 77.18384, 21.33544 ], [ 77.19796, 21.33434 ], [ 77.21118, 21.3396 ], [ 77.21415, 21.34126 ], [ 77.21459, 21.3425 ], [ 77.21207, 21.349 ], [ 77.21014, 21.35149 ], [ 77.20954, 21.3544 ], [ 77.21133, 21.35551 ], [ 77.2195, 21.35565 ], [ 77.22395, 21.35689 ], [ 77.23287, 21.36616 ], [ 77.24074, 21.36395 ], [ 77.24297, 21.3645 ], [ 77.24623, 21.3674 ], [ 77.25277, 21.36934 ], [ 77.2651, 21.37003 ], [ 77.26748, 21.37155 ], [ 77.27045, 21.37529 ], [ 77.2807, 21.38207 ], [ 77.28976, 21.38331 ], [ 77.29199, 21.39963 ], [ 77.28619, 21.39867 ], [ 77.2856, 21.40821 ], [ 77.29095, 21.41014 ], [ 77.29273, 21.41582 ], [ 77.29526, 21.41955 ], [ 77.29644, 21.42467 ], [ 77.32259, 21.42384 ], [ 77.32333, 21.43393 ], [ 77.32274, 21.44071 ], [ 77.3168, 21.44458 ], [ 77.31056, 21.44734 ], [ 77.31071, 21.44873 ], [ 77.31709, 21.45094 ], [ 77.32615, 21.44555 ], [ 77.33596, 21.44499 ], [ 77.34027, 21.44375 ], [ 77.34324, 21.44167 ], [ 77.34591, 21.43836 ], [ 77.34977, 21.43711 ], [ 77.35215, 21.43822 ], [ 77.35319, 21.44762 ], [ 77.35482, 21.44942 ], [ 77.35705, 21.45025 ], [ 77.35869, 21.45633 ], [ 77.36084, 21.45786 ], [ 77.36263, 21.465 ], [ 77.36199, 21.46741 ], [ 77.35752, 21.47242 ], [ 77.35716, 21.47414 ], [ 77.35904, 21.48214 ], [ 77.35602, 21.4876 ], [ 77.35642, 21.49384 ], [ 77.36085, 21.50221 ], [ 77.36219, 21.51246 ], [ 77.37482, 21.51283 ], [ 77.37696, 21.51621 ], [ 77.37696, 21.5222 ], [ 77.37831, 21.52333 ], [ 77.38301, 21.52383 ], [ 77.38395, 21.52283 ], [ 77.38703, 21.52195 ], [ 77.38985, 21.52495 ], [ 77.39012, 21.5282 ], [ 77.39335, 21.53382 ], [ 77.39187, 21.53731 ], [ 77.39227, 21.54019 ], [ 77.39764, 21.54181 ], [ 77.39804, 21.54331 ], [ 77.39791, 21.55143 ], [ 77.39482, 21.5578 ], [ 77.38838, 21.56029 ], [ 77.37589, 21.55979 ], [ 77.3673, 21.56192 ], [ 77.36528, 21.56966 ], [ 77.36555, 21.57228 ], [ 77.36864, 21.57303 ], [ 77.37804, 21.57291 ], [ 77.37723, 21.57828 ], [ 77.38636, 21.58302 ], [ 77.39012, 21.58727 ], [ 77.39106, 21.59039 ], [ 77.39026, 21.59638 ], [ 77.39751, 21.59888 ], [ 77.39858, 21.60025 ], [ 77.39966, 21.60562 ], [ 77.40771, 21.60699 ], [ 77.40852, 21.60824 ], [ 77.40973, 21.61773 ], [ 77.41456, 21.6191 ], [ 77.41792, 21.62359 ], [ 77.41859, 21.62809 ], [ 77.41751, 21.63021 ], [ 77.4159, 21.63208 ], [ 77.41322, 21.63321 ], [ 77.41187, 21.63508 ], [ 77.40825, 21.63483 ], [ 77.40543, 21.63932 ], [ 77.39925, 21.64057 ], [ 77.39992, 21.64693 ], [ 77.39509, 21.64718 ], [ 77.3959, 21.65505 ], [ 77.39509, 21.65592 ], [ 77.38542, 21.65055 ], [ 77.38327, 21.64756 ], [ 77.38086, 21.64169 ], [ 77.37549, 21.63807 ], [ 77.37038, 21.63508 ], [ 77.3681, 21.63458 ], [ 77.36058, 21.6357 ], [ 77.35843, 21.63508 ], [ 77.3532, 21.63046 ], [ 77.34903, 21.62859 ], [ 77.34474, 21.62834 ], [ 77.33829, 21.63845 ], [ 77.33682, 21.63932 ], [ 77.32849, 21.63795 ], [ 77.316, 21.6342 ], [ 77.30996, 21.63158 ], [ 77.31587, 21.64419 ], [ 77.31641, 21.64594 ], [ 77.31547, 21.64868 ], [ 77.31318, 21.64993 ], [ 77.29761, 21.6533 ], [ 77.29962, 21.66054 ], [ 77.30056, 21.67015 ], [ 77.30499, 21.67401 ], [ 77.31224, 21.67676 ], [ 77.31386, 21.67826 ], [ 77.31412, 21.68 ], [ 77.3109, 21.68425 ], [ 77.30553, 21.68462 ], [ 77.30231, 21.68312 ], [ 77.29935, 21.67851 ], [ 77.2964, 21.67564 ], [ 77.29076, 21.67289 ], [ 77.28915, 21.6704 ], [ 77.28861, 21.66678 ], [ 77.27774, 21.67127 ], [ 77.27223, 21.67589 ], [ 77.27008, 21.6805 ], [ 77.26189, 21.68237 ], [ 77.25397, 21.68836 ], [ 77.25289, 21.682 ], [ 77.24202, 21.68138 ], [ 77.23477, 21.66865 ], [ 77.23262, 21.6659 ], [ 77.22752, 21.66191 ], [ 77.2204, 21.65804 ], [ 77.21503, 21.66066 ], [ 77.21261, 21.66066 ], [ 77.19878, 21.6553 ], [ 77.19489, 21.65542 ], [ 77.18979, 21.65742 ], [ 77.18562, 21.65742 ], [ 77.17972, 21.66291 ], [ 77.17743, 21.65979 ], [ 77.17636, 21.65542 ], [ 77.17179, 21.65891 ], [ 77.17018, 21.66179 ], [ 77.16844, 21.66802 ], [ 77.15877, 21.6669 ], [ 77.1491, 21.66228 ], [ 77.12909, 21.64494 ], [ 77.12386, 21.63258 ], [ 77.12064, 21.63083 ], [ 77.12466, 21.62534 ], [ 77.1252, 21.62372 ], [ 77.12453, 21.62247 ], [ 77.12077, 21.62047 ], [ 77.11325, 21.61898 ], [ 77.11379, 21.61423 ], [ 77.11553, 21.61273 ], [ 77.12171, 21.61336 ], [ 77.12319, 21.60861 ], [ 77.12748, 21.60612 ], [ 77.12842, 21.604 ], [ 77.12748, 21.5824 ], [ 77.11446, 21.58227 ], [ 77.11271, 21.57915 ], [ 77.11231, 21.55942 ], [ 77.11298, 21.55517 ], [ 77.11513, 21.55393 ], [ 77.11902, 21.56554 ], [ 77.12668, 21.56167 ], [ 77.13326, 21.55705 ], [ 77.1483, 21.53956 ], [ 77.1487, 21.53657 ], [ 77.14467, 21.52857 ], [ 77.14333, 21.52757 ], [ 77.13648, 21.52757 ], [ 77.13617, 21.5153 ], [ 77.14561, 21.51483 ], [ 77.15206, 21.51033 ], [ 77.16575, 21.50809 ], [ 77.16924, 21.50634 ], [ 77.17287, 21.50234 ], [ 77.17676, 21.49947 ], [ 77.19167, 21.49422 ], [ 77.19287, 21.48285 ], [ 77.17891, 21.47678 ], [ 77.17881, 21.47069 ], [ 77.18428, 21.47148 ], [ 77.18522, 21.47335 ], [ 77.1871, 21.47335 ], [ 77.18938, 21.45986 ], [ 77.17985, 21.45936 ], [ 77.17542, 21.45336 ], [ 77.17166, 21.45173 ], [ 77.16736, 21.44749 ], [ 77.14655, 21.44299 ], [ 77.14104, 21.44286 ], [ 77.13339, 21.44811 ], [ 77.12225, 21.44911 ], [ 77.11258, 21.44699 ], [ 77.09217, 21.44561 ], [ 77.08411, 21.44611 ], [ 77.07659, 21.45023 ], [ 77.06907, 21.44099 ], [ 77.0629, 21.43499 ], [ 77.05699, 21.43449 ], [ 77.04383, 21.43724 ], [ 77.04088, 21.43686 ], [ 77.03239, 21.42816 ], [ 77.03576, 21.42492 ], [ 77.03493, 21.42094 ], [ 77.02643, 21.42218 ], [ 77.01929, 21.42194 ], [ 77.01718, 21.41897 ], [ 77.01401, 21.41855 ], [ 77.00284, 21.41954 ], [ 77.00254, 21.41041 ], [ 77.00043, 21.40718 ], [ 76.99817, 21.40577 ], [ 76.99153, 21.40493 ], [ 76.98262, 21.40619 ], [ 76.97644, 21.40984 ], [ 76.97357, 21.41322 ], [ 76.9704, 21.41546 ], [ 76.96693, 21.4149 ], [ 76.96497, 21.41336 ], [ 76.96648, 21.40394 ], [ 76.96543, 21.40128 ], [ 76.96286, 21.40015 ], [ 76.95879, 21.40296 ], [ 76.95486, 21.4031 ], [ 76.94958, 21.40085 ], [ 76.94792, 21.39917 ], [ 76.94838, 21.39608 ], [ 76.95004, 21.39285 ], [ 76.95019, 21.38976 ], [ 76.94476, 21.38877 ], [ 76.94868, 21.38147 ], [ 76.94973, 21.37739 ], [ 76.94973, 21.37304 ], [ 76.94838, 21.37023 ], [ 76.93661, 21.36236 ], [ 76.93208, 21.36025 ], [ 76.92152, 21.35899 ], [ 76.9182, 21.35351 ], [ 76.91941, 21.34648 ], [ 76.91775, 21.33313 ], [ 76.91865, 21.32976 ], [ 76.92167, 21.32793 ], [ 76.9271, 21.32653 ], [ 76.92786, 21.32498 ], [ 76.92771, 21.32259 ], [ 76.92514, 21.32076 ], [ 76.91971, 21.32147 ], [ 76.91533, 21.32442 ], [ 76.91277, 21.32498 ], [ 76.9004, 21.324 ], [ 76.90393, 21.31628 ], [ 76.90393, 21.3131 ], [ 76.89765, 21.30406 ], [ 76.90089, 21.29839 ], [ 76.90108, 21.29715 ], [ 76.89936, 21.29644 ], [ 76.89803, 21.2968 ], [ 76.89252, 21.30335 ], [ 76.86856, 21.31079 ], [ 76.86343, 21.31115 ], [ 76.86115, 21.3092 ], [ 76.85867, 21.30884 ], [ 76.85392, 21.31115 ], [ 76.8446, 21.3115 ], [ 76.8446, 21.29857 ], [ 76.84422, 21.29733 ], [ 76.84232, 21.2968 ], [ 76.84156, 21.29999 ], [ 76.84042, 21.30105 ], [ 76.83453, 21.30158 ], [ 76.82787, 21.30034 ], [ 76.81532, 21.30016 ], [ 76.81456, 21.29839 ], [ 76.81646, 21.29467 ], [ 76.82673, 21.28652 ], [ 76.82768, 21.28227 ], [ 76.82692, 21.27766 ], [ 76.82578, 21.27678 ], [ 76.82445, 21.27749 ], [ 76.82388, 21.27944 ], [ 76.82274, 21.27926 ], [ 76.82179, 21.27713 ], [ 76.81969, 21.27837 ], [ 76.81931, 21.28245 ], [ 76.81722, 21.28209 ], [ 76.81646, 21.27961 ], [ 76.81646, 21.27465 ], [ 76.81114, 21.26898 ], [ 76.80753, 21.25994 ], [ 76.806, 21.26012 ], [ 76.79383, 21.26987 ], [ 76.78129, 21.27111 ], [ 76.78851, 21.26119 ], [ 76.78889, 21.25888 ], [ 76.78661, 21.25782 ], [ 76.77596, 21.25711 ], [ 76.77273, 21.25569 ], [ 76.76702, 21.25498 ], [ 76.76379, 21.26189 ], [ 76.75999, 21.26544 ], [ 76.75714, 21.26562 ], [ 76.75352, 21.26278 ], [ 76.75086, 21.25817 ], [ 76.74972, 21.25179 ], [ 76.7482, 21.25197 ], [ 76.74478, 21.25853 ], [ 76.74231, 21.2603 ], [ 76.73793, 21.26083 ], [ 76.73584, 21.27341 ], [ 76.73337, 21.27855 ], [ 76.72766, 21.28138 ], [ 76.72576, 21.28493 ], [ 76.725, 21.28847 ], [ 76.72348, 21.28936 ], [ 76.7193, 21.28918 ], [ 76.71858, 21.28553 ], [ 76.71664, 21.28422 ], [ 76.69572, 21.28635 ], [ 76.68735, 21.28865 ], [ 76.67975, 21.28298 ], [ 76.6691, 21.28085 ], [ 76.66345, 21.28068 ], [ 76.64407, 21.30467 ], [ 76.64504, 21.30605 ], [ 76.65493, 21.30557 ], [ 76.66166, 21.30347 ], [ 76.66375, 21.3002 ], [ 76.67932, 21.30897 ], [ 76.68429, 21.30641 ], [ 76.695, 21.30679 ], [ 76.6988, 21.30936 ], [ 76.70564, 21.30823 ], [ 76.7072, 21.30678 ], [ 76.7072, 21.30431 ], [ 76.71662, 21.31059 ], [ 76.71995, 21.3168 ], [ 76.72342, 21.31936 ], [ 76.72391, 21.32333 ], [ 76.73651, 21.3253 ], [ 76.7411, 21.32424 ], [ 76.74631, 21.3159 ], [ 76.75841, 21.3221 ], [ 76.77068, 21.32405 ], [ 76.78204, 21.32445 ], [ 76.78961, 21.33019 ], [ 76.79327, 21.32785 ], [ 76.79404, 21.32517 ], [ 76.80165, 21.32178 ], [ 76.80442, 21.32567 ], [ 76.82422, 21.32567 ], [ 76.84496, 21.32784 ], [ 76.8466, 21.33581 ], [ 76.85762, 21.32827 ], [ 76.86419, 21.32637 ], [ 76.86875, 21.32622 ], [ 76.8809, 21.33512 ], [ 76.89013, 21.33638 ], [ 76.88996, 21.34064 ], [ 76.89509, 21.34264 ], [ 76.9061, 21.34363 ], [ 76.90421, 21.35057 ], [ 76.89784, 21.35553 ], [ 76.89703, 21.35716 ], [ 76.89781, 21.36443 ], [ 76.90301, 21.36879 ], [ 76.91237, 21.36975 ], [ 76.91757, 21.37484 ], [ 76.9179, 21.38331 ], [ 76.92407, 21.38352 ], [ 76.92933, 21.39039 ], [ 76.93135, 21.39179 ], [ 76.93577, 21.39131 ], [ 76.93603, 21.39736 ], [ 76.93031, 21.40147 ], [ 76.93027, 21.40809 ], [ 76.94259, 21.40911 ], [ 76.94165, 21.41669 ], [ 76.94678, 21.42722 ], [ 76.95222, 21.42953 ], [ 76.97328, 21.43146 ], [ 76.98028, 21.43565 ], [ 76.98466, 21.43153 ], [ 76.99187, 21.43191 ], [ 76.99403, 21.43336 ], [ 76.99677, 21.43699 ], [ 76.99142, 21.44069 ], [ 76.99168, 21.44456 ], [ 76.99376, 21.4465 ], [ 76.9935, 21.44819 ], [ 76.98752, 21.45158 ], [ 76.987, 21.45933 ], [ 76.98544, 21.4632 ], [ 76.98648, 21.46731 ], [ 76.9896, 21.47264 ], [ 77.00027, 21.4828 ], [ 77.00989, 21.48982 ], [ 77.01847, 21.49248 ], [ 77.02185, 21.49756 ], [ 77.02211, 21.50095 ], [ 77.02445, 21.50603 ], [ 77.02835, 21.50869 ], [ 77.04525, 21.51014 ], [ 77.05045, 21.50821 ], [ 77.05279, 21.50506 ], [ 77.05565, 21.49708 ], [ 77.05461, 21.49345 ], [ 77.05461, 21.48522 ], [ 77.06242, 21.47651 ], [ 77.06268, 21.47264 ], [ 77.0684, 21.47578 ], [ 77.07412, 21.47578 ], [ 77.09518, 21.47361 ], [ 77.10246, 21.47215 ], [ 77.10636, 21.46925 ], [ 77.1087, 21.46877 ], [ 77.11156, 21.47772 ], [ 77.1139, 21.48159 ], [ 77.11416, 21.48571 ], [ 77.11182, 21.49587 ], [ 77.11521, 21.50022 ], [ 77.12119, 21.52248 ], [ 77.12041, 21.52417 ], [ 77.10868, 21.52829 ], [ 77.10467, 21.53163 ], [ 77.103, 21.53782 ], [ 77.10776, 21.54423 ], [ 77.10681, 21.54888 ], [ 77.10538, 21.54954 ], [ 77.09492, 21.5502 ], [ 77.09278, 21.55109 ], [ 77.09183, 21.55285 ], [ 77.09183, 21.55639 ], [ 77.09017, 21.55927 ], [ 77.08233, 21.56391 ], [ 77.0809, 21.56722 ], [ 77.08042, 21.58071 ], [ 77.079, 21.58269 ], [ 77.07258, 21.58358 ], [ 77.06949, 21.58137 ], [ 77.06759, 21.57695 ], [ 77.06545, 21.57518 ], [ 77.05119, 21.57518 ], [ 77.04953, 21.57584 ], [ 77.04905, 21.57695 ], [ 77.04929, 21.57872 ], [ 77.05167, 21.58026 ], [ 77.05476, 21.58093 ], [ 77.05998, 21.5838 ], [ 77.05975, 21.59043 ], [ 77.06569, 21.59662 ], [ 77.06711, 21.60391 ], [ 77.06949, 21.61054 ], [ 77.07187, 21.62468 ], [ 77.08019, 21.63418 ], [ 77.09231, 21.65782 ], [ 77.09825, 21.66577 ], [ 77.09968, 21.67152 ], [ 77.09754, 21.67306 ], [ 77.09564, 21.6766 ], [ 77.09492, 21.68057 ], [ 77.09564, 21.68963 ], [ 77.09968, 21.69117 ], [ 77.10178, 21.71734 ], [ 77.10799, 21.71827 ], [ 77.11768, 21.72149 ], [ 77.1296, 21.72221 ], [ 77.13921, 21.71978 ], [ 77.14287, 21.71704 ], [ 77.14593, 21.71338 ], [ 77.14774, 21.71249 ], [ 77.16515, 21.71071 ], [ 77.16794, 21.71194 ], [ 77.16975, 21.71446 ], [ 77.16994, 21.71638 ], [ 77.16896, 21.71921 ], [ 77.17026, 21.72308 ], [ 77.17362, 21.72548 ], [ 77.17714, 21.72547 ], [ 77.18108, 21.72312 ], [ 77.18669, 21.72283 ], [ 77.19148, 21.72072 ], [ 77.19133, 21.71259 ], [ 77.18952, 21.7031 ], [ 77.18999, 21.70133 ], [ 77.19974, 21.69714 ], [ 77.20283, 21.6925 ], [ 77.20782, 21.69029 ], [ 77.21139, 21.69051 ], [ 77.21424, 21.69382 ], [ 77.21932, 21.69446 ], [ 77.22098, 21.69652 ], [ 77.2247, 21.69727 ], [ 77.22767, 21.69941 ], [ 77.22715, 21.70467 ], [ 77.22801, 21.71029 ], [ 77.22715, 21.71669 ], [ 77.23063, 21.71645 ], [ 77.23233, 21.71496 ], [ 77.23557, 21.71632 ], [ 77.2425, 21.71469 ], [ 77.24441, 21.71641 ], [ 77.25106, 21.71363 ], [ 77.26105, 21.71283 ], [ 77.26203, 21.71352 ], [ 77.26795, 21.72568 ], [ 77.26965, 21.72742 ], [ 77.27156, 21.72807 ], [ 77.2792, 21.72394 ], [ 77.2869, 21.72184 ], [ 77.28818, 21.72346 ], [ 77.29144, 21.73256 ], [ 77.29516, 21.73258 ], [ 77.29768, 21.73476 ], [ 77.29736, 21.73796 ], [ 77.29443, 21.74129 ], [ 77.29584, 21.74413 ], [ 77.29777, 21.7439 ], [ 77.30276, 21.73909 ], [ 77.31139, 21.73402 ], [ 77.31577, 21.72607 ], [ 77.31768, 21.72673 ], [ 77.31926, 21.73416 ], [ 77.3224, 21.73955 ], [ 77.32762, 21.73605 ], [ 77.33369, 21.73691 ], [ 77.34951, 21.73441 ], [ 77.35352, 21.73202 ], [ 77.35542, 21.72341 ], [ 77.35768, 21.72004 ], [ 77.36167, 21.71971 ], [ 77.36597, 21.72638 ], [ 77.36763, 21.72695 ], [ 77.36872, 21.72637 ], [ 77.36825, 21.70663 ], [ 77.37158, 21.70155 ], [ 77.37158, 21.70045 ], [ 77.36612, 21.69537 ], [ 77.3654, 21.69322 ], [ 77.36849, 21.68631 ], [ 77.37491, 21.67571 ], [ 77.37871, 21.67615 ], [ 77.38085, 21.67549 ], [ 77.38323, 21.67196 ], [ 77.38798, 21.67107 ], [ 77.39511, 21.66688 ], [ 77.40676, 21.66246 ], [ 77.4108, 21.66246 ], [ 77.41413, 21.66047 ], [ 77.41436, 21.65716 ], [ 77.4165, 21.65539 ], [ 77.42839, 21.65605 ], [ 77.43599, 21.65804 ], [ 77.4417, 21.65826 ], [ 77.4512, 21.65672 ], [ 77.45667, 21.65429 ], [ 77.46143, 21.65473 ], [ 77.4619, 21.65672 ], [ 77.46095, 21.66423 ], [ 77.4619, 21.66754 ], [ 77.46689, 21.66975 ], [ 77.46974, 21.6735 ], [ 77.46808, 21.68212 ], [ 77.46903, 21.68388 ], [ 77.47117, 21.68543 ], [ 77.47307, 21.69184 ], [ 77.4745, 21.6936 ], [ 77.48163, 21.69846 ], [ 77.48353, 21.69736 ], [ 77.48543, 21.69382 ], [ 77.48781, 21.69184 ], [ 77.49113, 21.69117 ], [ 77.49304, 21.69228 ], [ 77.49304, 21.69404 ], [ 77.49874, 21.69316 ], [ 77.50017, 21.68985 ], [ 77.49827, 21.68653 ], [ 77.49731, 21.67947 ], [ 77.49541, 21.67527 ], [ 77.49518, 21.66666 ], [ 77.50207, 21.66467 ], [ 77.50872, 21.66467 ], [ 77.51134, 21.66268 ], [ 77.51134, 21.65384 ], [ 77.5092, 21.65186 ], [ 77.49399, 21.65097 ], [ 77.49755, 21.64059 ], [ 77.4985, 21.63484 ], [ 77.49494, 21.62137 ], [ 77.49161, 21.61805 ], [ 77.4821, 21.61275 ], [ 77.47925, 21.60944 ], [ 77.47735, 21.59198 ], [ 77.47806, 21.5891 ], [ 77.48139, 21.58535 ], [ 77.48828, 21.58513 ], [ 77.49256, 21.58601 ], [ 77.49755, 21.57142 ], [ 77.50118, 21.56451 ], [ 77.50515, 21.56475 ], [ 77.50947, 21.55969 ], [ 77.50904, 21.55155 ], [ 77.49446, 21.54932 ], [ 77.47331, 21.5502 ], [ 77.46451, 21.55308 ], [ 77.45548, 21.5533 ], [ 77.45477, 21.5491 ], [ 77.45097, 21.54976 ], [ 77.44954, 21.54092 ], [ 77.43766, 21.54379 ], [ 77.43362, 21.54269 ], [ 77.42411, 21.53539 ], [ 77.42292, 21.53229 ], [ 77.42149, 21.51947 ], [ 77.42209, 21.51619 ], [ 77.42993, 21.504 ], [ 77.42262, 21.50086 ], [ 77.41314, 21.50422 ], [ 77.41632, 21.49117 ], [ 77.41125, 21.49101 ], [ 77.41104, 21.48589 ], [ 77.40444, 21.48496 ], [ 77.41479, 21.47906 ], [ 77.41338, 21.47463 ], [ 77.40609, 21.47112 ], [ 77.41593, 21.46887 ], [ 77.42069, 21.46645 ], [ 77.42646, 21.45786 ], [ 77.42919, 21.44661 ], [ 77.41796, 21.44408 ], [ 77.41306, 21.43918 ], [ 77.40715, 21.4295 ], [ 77.40934, 21.42262 ], [ 77.40115, 21.42237 ], [ 77.39362, 21.4258 ], [ 77.39279, 21.41591 ], [ 77.38787, 21.41174 ], [ 77.38727, 21.40445 ], [ 77.38421, 21.40468 ], [ 77.37977, 21.40893 ], [ 77.36612, 21.40888 ], [ 77.36913, 21.3896 ], [ 77.36807, 21.38665 ], [ 77.36424, 21.3847 ], [ 77.35518, 21.38698 ], [ 77.35029, 21.39304 ], [ 77.34914, 21.38131 ], [ 77.35909, 21.37577 ], [ 77.36119, 21.37146 ], [ 77.36053, 21.36815 ], [ 77.35595, 21.36508 ], [ 77.35608, 21.36143 ], [ 77.34969, 21.35466 ], [ 77.33517, 21.35713 ], [ 77.33622, 21.34949 ], [ 77.32578, 21.34697 ], [ 77.32592, 21.34296 ], [ 77.31714, 21.33757 ], [ 77.30834, 21.34387 ], [ 77.27499, 21.33844 ], [ 77.26294, 21.33733 ], [ 77.25221, 21.33225 ], [ 77.20355, 21.31901 ], [ 77.20349, 21.30987 ], [ 77.20807, 21.30198 ], [ 77.19822, 21.29399 ], [ 77.1848, 21.29868 ], [ 77.16385, 21.28823 ], [ 77.14959, 21.28601 ], [ 77.13414, 21.27959 ], [ 77.12202, 21.27228 ], [ 77.11726, 21.27073 ], [ 77.11251, 21.27073 ], [ 77.10586, 21.26829 ], [ 77.09873, 21.26209 ], [ 77.09564, 21.26098 ], [ 77.09301, 21.261 ], [ 77.09009, 21.25579 ], [ 77.08743, 21.23305 ], [ 77.08226, 21.22521 ], [ 77.07821, 21.22099 ], [ 77.07948, 21.21288 ], [ 77.06833, 21.20703 ], [ 77.05951, 21.18787 ], [ 77.05907, 21.15953 ], [ 77.05501, 21.13778 ], [ 77.04543, 21.13381 ], [ 77.03345, 21.12428 ], [ 77.02124, 21.14797 ], [ 77.01673, 21.14975 ], [ 77.00769, 21.14753 ], [ 77.00603, 21.14531 ], [ 77.00508, 21.14177 ], [ 77.00365, 21.11915 ], [ 77.00223, 21.11694 ], [ 76.99866, 21.11361 ], [ 76.99153, 21.11272 ], [ 76.98298, 21.11361 ], [ 76.98084, 21.11561 ], [ 76.97989, 21.11849 ], [ 76.9808, 21.13502 ], [ 76.95269, 21.14899 ], [ 76.94431, 21.13897 ], [ 76.91429, 21.14332 ], [ 76.91001, 21.14265 ], [ 76.90692, 21.14066 ], [ 76.90359, 21.13556 ], [ 76.90169, 21.13179 ], [ 76.90098, 21.12691 ], [ 76.8967, 21.11716 ], [ 76.88981, 21.11538 ], [ 76.88228, 21.11494 ], [ 76.87783, 21.12088 ], [ 76.8749, 21.12109 ], [ 76.87023, 21.11605 ], [ 76.86296, 21.11946 ], [ 76.86328, 21.12799 ], [ 76.86638, 21.13998 ], [ 76.87435, 21.15212 ], [ 76.87355, 21.15605 ], [ 76.86928, 21.15713 ], [ 76.86291, 21.15417 ], [ 76.86397, 21.16029 ], [ 76.85939, 21.16105 ], [ 76.85404, 21.15691 ], [ 76.84715, 21.1588 ], [ 76.84269, 21.15652 ], [ 76.83578, 21.15902 ], [ 76.82967, 21.15759 ], [ 76.82343, 21.15098 ], [ 76.82328, 21.14672 ], [ 76.82502, 21.14373 ], [ 76.82157, 21.13235 ], [ 76.82319, 21.10744 ], [ 76.81667, 21.10843 ], [ 76.81492, 21.11994 ], [ 76.81264, 21.12016 ], [ 76.80891, 21.10755 ], [ 76.80032, 21.11152 ], [ 76.80186, 21.12115 ], [ 76.80186, 21.12691 ], [ 76.8002, 21.12691 ], [ 76.79782, 21.12558 ], [ 76.79568, 21.12137 ], [ 76.79378, 21.12026 ], [ 76.79141, 21.12159 ], [ 76.78641, 21.12736 ], [ 76.78332, 21.13401 ], [ 76.77905, 21.14021 ], [ 76.77881, 21.1482 ], [ 76.76479, 21.14753 ], [ 76.75789, 21.14908 ], [ 76.74815, 21.1493 ], [ 76.74767, 21.14354 ], [ 76.74292, 21.14531 ], [ 76.73721, 21.14443 ], [ 76.73246, 21.14265 ], [ 76.722, 21.12603 ], [ 76.71939, 21.12026 ], [ 76.71297, 21.1247 ], [ 76.70869, 21.1258 ], [ 76.68397, 21.12802 ], [ 76.68207, 21.12957 ], [ 76.67637, 21.13068 ], [ 76.67399, 21.13534 ], [ 76.67209, 21.14576 ], [ 76.66567, 21.1462 ], [ 76.66591, 21.13268 ], [ 76.65165, 21.13024 ], [ 76.645, 21.13002 ], [ 76.64357, 21.1227 ], [ 76.64143, 21.12137 ], [ 76.64167, 21.10651 ], [ 76.63953, 21.09942 ], [ 76.63254, 21.09907 ], [ 76.63079, 21.10737 ], [ 76.62416, 21.11871 ], [ 76.58488, 21.11912 ], [ 76.58453, 21.12764 ], [ 76.57912, 21.14084 ], [ 76.59066, 21.1443 ], [ 76.60301, 21.14383 ], [ 76.60107, 21.14909 ], [ 76.59993, 21.156 ], [ 76.59787, 21.15898 ], [ 76.59732, 21.16444 ], [ 76.59299, 21.16702 ], [ 76.58707, 21.17686 ], [ 76.5806, 21.18424 ], [ 76.57964, 21.19516 ], [ 76.60459, 21.19053 ], [ 76.61552, 21.19274 ], [ 76.62367, 21.18514 ], [ 76.62583, 21.18901 ], [ 76.63466, 21.1984 ], [ 76.6363, 21.18523 ] ], [ [ 76.94958, 21.22895 ], [ 76.94953, 21.22878 ], [ 76.94992, 21.22882 ], [ 76.94958, 21.22895 ] ] ] } }
]
}
