{
"type": "FeatureCollection",
"name": "protected_areas",
"crs": { "type": "name", "properties": { "name": "urn:ogc:def:crs:OGC:1.3:CRS84" } },
"features": [
{ "type": "Feature", "properties": { "name": "Chorao Island (Dr.Salim Ali) WLS", "Type": "Wildlife Sanctuary", "State": "Goa", "Year": 1988.0 }, "geometry": { "type": "Polygon", "coordinates": [ [ [ 73.84974, 15.52009 ], [ 73.85248, 15.52261 ], [ 73.86104, 15.52333 ], [ 73.86554, 15.52526 ], [ 73.86778, 15.51922 ], [ 73.86504, 15.51833 ], [ 73.86629, 15.51671 ], [ 73.86929, 15.5152 ], [ 73.8704, 15.51279 ], [ 73.86768, 15.5115 ], [ 73.86151, 15.51058 ], [ 73.85904, 15.5117 ], [ 73.85561, 15.51166 ], [ 73.84693, 15.50988 ], [ 73.84534, 15.51251 ], [ 73.84974, 15.52009 ] ] ] } },
{ "type": "Feature", "properties": { "name": "Vellode WLS", "Type": "Wildlife Sanctuary", "State": "Tamil Nadu", "Year": 1997.0 }, "geometry": { "type": "Polygon", "coordinates": [ [ [ 77.64718, 11.252 ], [ 77.65056, 11.25438 ], [ 77.65588, 11.25513 ], [ 77.65787, 11.25384 ], [ 77.6575, 11.25148 ], [ 77.65057, 11.24819 ], [ 77.64497, 11.24841 ], [ 77.64718, 11.252 ] ] ] } },
{ "type": "Feature", "properties": { "name": "Shettihalli WLS", "Type": "Wildlife Sanctuary", "State": "Karnataka", "Year": 1974.0 }, "geometry": { "type": "Polygon", "coordinates": [ [ [ 75.37313, 13.89483 ], [ 75.40059, 13.91049 ], [ 75.41771, 13.93856 ], [ 75.46715, 13.97088 ], [ 75.49776, 13.94581 ], [ 75.489, 13.90449 ], [ 75.47693, 13.89074 ], [ 75.49736, 13.88491 ], [ 75.52053, 13.86641 ], [ 75.51824, 13.84813 ], [ 75.53221, 13.82774 ], [ 75.58547, 13.82099 ], [ 75.56345, 13.78708 ], [ 75.55813, 13.7594 ], [ 75.49278, 13.74997 ], [ 75.45959, 13.76507 ], [ 75.45192, 13.73697 ], [ 75.41982, 13.72613 ], [ 75.4002, 13.73622 ], [ 75.38269, 13.77074 ], [ 75.37188, 13.83574 ], [ 75.37313, 13.89483 ] ] ] } },
{ "type": "Feature", "properties": { "name": "Sagareshwar WLS", "Type": "Wildlife Sanctuary", "State": "Maharashtra", "Year": 1985.0 }, "geometry": { "type": "Polygon", "coordinates": [ [ [ 74.33516, 17.16277 ], [ 74.33777, 17.16105 ], [ 74.33881, 17.16004 ], [ 74.33828, 17.15775 ], [ 74.34015, 17.15674 ], [ 74.34222, 17.15759 ], [ 74.34282, 17.1604 ], [ 74.34632, 17.16141 ], [ 74.3485, 17.16031 ], [ 74.35091, 17.1567 ], [ 74.35301, 17.15563 ], [ 74.35548, 17.15637 ], [ 74.35603, 17.15426 ], [ 74.35794, 17.15452 ], [ 74.35835, 17.15364 ], [ 74.35962, 17.15364 ], [ 74.36309, 17.15141 ], [ 74.36314, 17.15075 ], [ 74.36741, 17.15174 ], [ 74.372, 17.15811 ], [ 74.37455, 17.15719 ], [ 74.37693, 17.15801 ], [ 74.37713, 17.15657 ], [ 74.37558, 17.15477 ], [ 74.37691, 17.15141 ], [ 74.37674, 17.14824 ], [ 74.37832, 17.14788 ], [ 74.37957, 17.14994 ], [ 74.38167, 17.1495 ], [ 74.38665, 17.15018 ], [ 74.38774, 17.14743 ], [ 74.38379, 17.14553 ], [ 74.38774, 17.14528 ], [ 74.38585, 17.1412 ], [ 74.38611, 17.13878 ], [ 74.38907, 17.13755 ], [ 74.39175, 17.14112 ], [ 74.39446, 17.14127 ], [ 74.39523, 17.1386 ], [ 74.39346, 17.1389 ], [ 74.39309, 17.13712 ], [ 74.39159, 17.13669 ], [ 74.3914, 17.13594 ], [ 74.39143, 17.13525 ], [ 74.39281, 17.13544 ], [ 74.39276, 17.13452 ], [ 74.39471, 17.13478 ], [ 74.39474, 17.1342 ], [ 74.39208, 17.13311 ], [ 74.39287, 17.13116 ], [ 74.40122, 17.12681 ], [ 74.4031, 17.12804 ], [ 74.40516, 17.12545 ], [ 74.40087, 17.12168 ], [ 74.39671, 17.12332 ], [ 74.39263, 17.12722 ], [ 74.38594, 17.1308 ], [ 74.38248, 17.1316 ], [ 74.37583, 17.13505 ], [ 74.37326, 17.13675 ], [ 74.37362, 17.13839 ], [ 74.37725, 17.14168 ], [ 74.37592, 17.14352 ], [ 74.37339, 17.143 ], [ 74.36983, 17.1382 ], [ 74.36457, 17.13593 ], [ 74.35894, 17.1373 ], [ 74.35468, 17.14079 ], [ 74.35185, 17.14591 ], [ 74.35054, 17.15204 ], [ 74.34358, 17.15074 ], [ 74.33504, 17.15383 ], [ 74.33516, 17.16277 ] ] ] } },
{ "type": "Feature", "properties": { "name": "Chandoli National Park", "Type": "National Park", "State": "Maharashtra", "Year": 2004.0 }, "geometry": { "type": "Polygon", "coordinates": [ [ [ 73.67766, 17.19705 ], [ 73.69088, 17.20369 ], [ 73.69131, 17.2073 ], [ 73.68007, 17.20574 ], [ 73.68071, 17.21037 ], [ 73.6855, 17.21906 ], [ 73.68976, 17.22936 ], [ 73.68974, 17.23587 ], [ 73.68772, 17.23939 ], [ 73.69316, 17.25128 ], [ 73.69293, 17.26147 ], [ 73.68738, 17.26771 ], [ 73.68683, 17.27064 ], [ 73.68874, 17.28042 ], [ 73.68393, 17.28968 ], [ 73.67921, 17.29 ], [ 73.67766, 17.29476 ], [ 73.68329, 17.30598 ], [ 73.68397, 17.31211 ], [ 73.68324, 17.31471 ], [ 73.69659, 17.31193 ], [ 73.69481, 17.30312 ], [ 73.6962, 17.29982 ], [ 73.70474, 17.29529 ], [ 73.70625, 17.28984 ], [ 73.71564, 17.28437 ], [ 73.71968, 17.28357 ], [ 73.72306, 17.2771 ], [ 73.73663, 17.27612 ], [ 73.75288, 17.27311 ], [ 73.75932, 17.26866 ], [ 73.76753, 17.25309 ], [ 73.78451, 17.24497 ], [ 73.79821, 17.2414 ], [ 73.80658, 17.23103 ], [ 73.80954, 17.22941 ], [ 73.81989, 17.22673 ], [ 73.83113, 17.22617 ], [ 73.84826, 17.21958 ], [ 73.85941, 17.2059 ], [ 73.86525, 17.19602 ], [ 73.88597, 17.19512 ], [ 73.89065, 17.1927 ], [ 73.89246, 17.17597 ], [ 73.89795, 17.17011 ], [ 73.90377, 17.16703 ], [ 73.90699, 17.15857 ], [ 73.90623, 17.14981 ], [ 73.8973, 17.1421 ], [ 73.89211, 17.14136 ], [ 73.87525, 17.12898 ], [ 73.86855, 17.12266 ], [ 73.85765, 17.11684 ], [ 73.84896, 17.11828 ], [ 73.83913, 17.11828 ], [ 73.83173, 17.11471 ], [ 73.82289, 17.10408 ], [ 73.82556, 17.09308 ], [ 73.82479, 17.08375 ], [ 73.81817, 17.08323 ], [ 73.81003, 17.08409 ], [ 73.79585, 17.09535 ], [ 73.79019, 17.09395 ], [ 73.78452, 17.08747 ], [ 73.77306, 17.08213 ], [ 73.76916, 17.06753 ], [ 73.76555, 17.07278 ], [ 73.75045, 17.07557 ], [ 73.73963, 17.07951 ], [ 73.73551, 17.0864 ], [ 73.7283, 17.09412 ], [ 73.74049, 17.10806 ], [ 73.7408, 17.11703 ], [ 73.72985, 17.12545 ], [ 73.7168, 17.12841 ], [ 73.70058, 17.12447 ], [ 73.69303, 17.13439 ], [ 73.69286, 17.17425 ], [ 73.68977, 17.18409 ], [ 73.67638, 17.19254 ], [ 73.67766, 17.19705 ] ] ] } },
{ "type": "Feature", "properties": { "name": "Koyna", "Type": "Wildlife Sanctuary", "State": "Maharashtra", "Year": 1985.0 }, "geometry": { "type": "Polygon", "coordinates": [ [ [ 73.54935, 17.72663 ], [ 73.5531, 17.72949 ], [ 73.5536, 17.73187 ], [ 73.55085, 17.73448 ], [ 73.5541, 17.73793 ], [ 73.55484, 17.74138 ], [ 73.55772, 17.7434 ], [ 73.56021, 17.75184 ], [ 73.56271, 17.75445 ], [ 73.56695, 17.76277 ], [ 73.56907, 17.76444 ], [ 73.57182, 17.7648 ], [ 73.57794, 17.76099 ], [ 73.58268, 17.76016 ], [ 73.58855, 17.77395 ], [ 73.59029, 17.76384 ], [ 73.59167, 17.76135 ], [ 73.59304, 17.76182 ], [ 73.59716, 17.76587 ], [ 73.59941, 17.7661 ], [ 73.59703, 17.7579 ], [ 73.59866, 17.75766 ], [ 73.60065, 17.75861 ], [ 73.60303, 17.75208 ], [ 73.60777, 17.7541 ], [ 73.61026, 17.75422 ], [ 73.61214, 17.75124 ], [ 73.61651, 17.7516 ], [ 73.62137, 17.74649 ], [ 73.63261, 17.74257 ], [ 73.63698, 17.73829 ], [ 73.63997, 17.73757 ], [ 73.64996, 17.73781 ], [ 73.65108, 17.73698 ], [ 73.65146, 17.73258 ], [ 73.65707, 17.73222 ], [ 73.66606, 17.72782 ], [ 73.67614, 17.72573 ], [ 73.68079, 17.71736 ], [ 73.68266, 17.71581 ], [ 73.68953, 17.71629 ], [ 73.69315, 17.71367 ], [ 73.69489, 17.7113 ], [ 73.71811, 17.70797 ], [ 73.71624, 17.69869 ], [ 73.71611, 17.69655 ], [ 73.71699, 17.69477 ], [ 73.71374, 17.68823 ], [ 73.71461, 17.68704 ], [ 73.72086, 17.68835 ], [ 73.72223, 17.69275 ], [ 73.72385, 17.70642 ], [ 73.72547, 17.70844 ], [ 73.72772, 17.70963 ], [ 73.73346, 17.71094 ], [ 73.73546, 17.71249 ], [ 73.73746, 17.71748 ], [ 73.73883, 17.71843 ], [ 73.74869, 17.71249 ], [ 73.75418, 17.70416 ], [ 73.75556, 17.69227 ], [ 73.75705, 17.68704 ], [ 73.75543, 17.68228 ], [ 73.75805, 17.67253 ], [ 73.76504, 17.65814 ], [ 73.75568, 17.64149 ], [ 73.75293, 17.62674 ], [ 73.75443, 17.62507 ], [ 73.75805, 17.62543 ], [ 73.76492, 17.62793 ], [ 73.76991, 17.62781 ], [ 73.77291, 17.62876 ], [ 73.7789, 17.6334 ], [ 73.78451, 17.63601 ], [ 73.79512, 17.63566 ], [ 73.80224, 17.63661 ], [ 73.81035, 17.63911 ], [ 73.81697, 17.6259 ], [ 73.81447, 17.6171 ], [ 73.81385, 17.60401 ], [ 73.82134, 17.58974 ], [ 73.82159, 17.58438 ], [ 73.82383, 17.58164 ], [ 73.8257, 17.57129 ], [ 73.82895, 17.56915 ], [ 73.8312, 17.56641 ], [ 73.83432, 17.56034 ], [ 73.83619, 17.55642 ], [ 73.83681, 17.55201 ], [ 73.83781, 17.55106 ], [ 73.83943, 17.54321 ], [ 73.84393, 17.54237 ], [ 73.84518, 17.54095 ], [ 73.8453, 17.53702 ], [ 73.84717, 17.53404 ], [ 73.85479, 17.52892 ], [ 73.85816, 17.52476 ], [ 73.84992, 17.50905 ], [ 73.84543, 17.50643 ], [ 73.84443, 17.49809 ], [ 73.84318, 17.49417 ], [ 73.84043, 17.49095 ], [ 73.82496, 17.48679 ], [ 73.81422, 17.4869 ], [ 73.80923, 17.48952 ], [ 73.80449, 17.48964 ], [ 73.8126, 17.47928 ], [ 73.81534, 17.48059 ], [ 73.81847, 17.48036 ], [ 73.82184, 17.47857 ], [ 73.82521, 17.48095 ], [ 73.8287, 17.48226 ], [ 73.83981, 17.48238 ], [ 73.84181, 17.48083 ], [ 73.83906, 17.46976 ], [ 73.83956, 17.44773 ], [ 73.83894, 17.44547 ], [ 73.82159, 17.43392 ], [ 73.81959, 17.43332 ], [ 73.8136, 17.43606 ], [ 73.80062, 17.4363 ], [ 73.792, 17.42701 ], [ 73.79113, 17.42403 ], [ 73.79525, 17.41963 ], [ 73.79837, 17.41451 ], [ 73.80087, 17.41284 ], [ 73.80249, 17.41308 ], [ 73.80449, 17.41189 ], [ 73.80973, 17.41248 ], [ 73.82059, 17.40688 ], [ 73.82184, 17.4051 ], [ 73.82208, 17.40081 ], [ 73.82109, 17.39843 ], [ 73.82358, 17.39307 ], [ 73.82833, 17.38604 ], [ 73.81984, 17.3827 ], [ 73.81684, 17.38354 ], [ 73.81023, 17.38235 ], [ 73.80136, 17.37746 ], [ 73.79874, 17.37925 ], [ 73.797, 17.3864 ], [ 73.79425, 17.392 ], [ 73.79063, 17.39247 ], [ 73.78589, 17.3864 ], [ 73.78052, 17.38544 ], [ 73.77965, 17.37877 ], [ 73.77428, 17.37865 ], [ 73.77003, 17.37996 ], [ 73.76504, 17.38318 ], [ 73.76816, 17.38568 ], [ 73.76929, 17.38926 ], [ 73.77016, 17.39855 ], [ 73.76791, 17.402 ], [ 73.76205, 17.40295 ], [ 73.7604, 17.40817 ], [ 73.75603, 17.41674 ], [ 73.75611, 17.42829 ], [ 73.74732, 17.42771 ], [ 73.7338, 17.41396 ], [ 73.73028, 17.40052 ], [ 73.71425, 17.39554 ], [ 73.70032, 17.39725 ], [ 73.69519, 17.39663 ], [ 73.69269, 17.39762 ], [ 73.6913, 17.39714 ], [ 73.69048, 17.39456 ], [ 73.68777, 17.39471 ], [ 73.68672, 17.39329 ], [ 73.68189, 17.39344 ], [ 73.68101, 17.39526 ], [ 73.66882, 17.40127 ], [ 73.66756, 17.38977 ], [ 73.66486, 17.3846 ], [ 73.66169, 17.3827 ], [ 73.6587, 17.38258 ], [ 73.65412, 17.38033 ], [ 73.65237, 17.38367 ], [ 73.65607, 17.38735 ], [ 73.65645, 17.38985 ], [ 73.65832, 17.39152 ], [ 73.65969, 17.39831 ], [ 73.66968, 17.40688 ], [ 73.67879, 17.41796 ], [ 73.68154, 17.41963 ], [ 73.6899, 17.41856 ], [ 73.69552, 17.4226 ], [ 73.69926, 17.42761 ], [ 73.69939, 17.42987 ], [ 73.69602, 17.43225 ], [ 73.69577, 17.43511 ], [ 73.69776, 17.43785 ], [ 73.69851, 17.44094 ], [ 73.69202, 17.44999 ], [ 73.69751, 17.46083 ], [ 73.69115, 17.46988 ], [ 73.68903, 17.47131 ], [ 73.68553, 17.47202 ], [ 73.68466, 17.47428 ], [ 73.68603, 17.47714 ], [ 73.68566, 17.4794 ], [ 73.68391, 17.48214 ], [ 73.68491, 17.485 ], [ 73.69527, 17.48881 ], [ 73.69989, 17.49417 ], [ 73.69826, 17.49667 ], [ 73.69427, 17.49869 ], [ 73.69265, 17.50119 ], [ 73.70213, 17.50976 ], [ 73.70351, 17.51297 ], [ 73.70975, 17.51702 ], [ 73.71437, 17.52512 ], [ 73.7201, 17.52471 ], [ 73.7203, 17.53006 ], [ 73.72781, 17.53379 ], [ 73.73533, 17.5394 ], [ 73.73533, 17.54654 ], [ 73.7392, 17.55166 ], [ 73.73746, 17.55475 ], [ 73.73731, 17.55888 ], [ 73.73348, 17.5627 ], [ 73.72844, 17.56414 ], [ 73.72428, 17.56676 ], [ 73.72122, 17.56997 ], [ 73.71358, 17.57382 ], [ 73.71147, 17.57726 ], [ 73.70937, 17.58141 ], [ 73.71461, 17.58581 ], [ 73.71961, 17.58807 ], [ 73.7232, 17.59111 ], [ 73.72358, 17.5951 ], [ 73.7222, 17.59873 ], [ 73.71987, 17.60155 ], [ 73.71798, 17.60328 ], [ 73.70967, 17.60624 ], [ 73.71027, 17.60786 ], [ 73.71354, 17.61082 ], [ 73.71824, 17.61721 ], [ 73.71744, 17.6211 ], [ 73.70943, 17.62444 ], [ 73.70772, 17.62605 ], [ 73.69441, 17.62705 ], [ 73.69124, 17.62904 ], [ 73.69064, 17.6305 ], [ 73.6931, 17.63549 ], [ 73.70085, 17.64556 ], [ 73.70246, 17.64995 ], [ 73.70205, 17.65762 ], [ 73.70005, 17.66079 ], [ 73.68216, 17.66539 ], [ 73.67954, 17.67265 ], [ 73.66818, 17.67705 ], [ 73.66906, 17.68192 ], [ 73.6733, 17.6849 ], [ 73.6708, 17.68823 ], [ 73.66369, 17.68799 ], [ 73.65433, 17.69037 ], [ 73.6527, 17.69251 ], [ 73.64559, 17.69501 ], [ 73.64322, 17.69727 ], [ 73.63947, 17.70392 ], [ 73.63785, 17.70547 ], [ 73.63535, 17.70214 ], [ 73.63336, 17.70083 ], [ 73.63136, 17.70166 ], [ 73.62949, 17.69976 ], [ 73.62637, 17.69857 ], [ 73.62162, 17.69417 ], [ 73.6185, 17.69501 ], [ 73.61863, 17.69917 ], [ 73.61526, 17.70166 ], [ 73.60802, 17.70452 ], [ 73.60627, 17.70773 ], [ 73.59916, 17.71213 ], [ 73.59628, 17.70999 ], [ 73.59628, 17.70749 ], [ 73.59416, 17.70678 ], [ 73.59004, 17.70166 ], [ 73.57943, 17.69845 ], [ 73.57157, 17.70012 ], [ 73.5692, 17.70309 ], [ 73.56695, 17.70416 ], [ 73.55524, 17.70764 ], [ 73.55396, 17.71105 ], [ 73.55488, 17.71269 ], [ 73.5496, 17.7186 ], [ 73.54798, 17.72164 ], [ 73.54935, 17.72663 ] ] ] } },
{ "type": "Feature", "properties": { "name": "Biligiri Rangaswamy Temple (B.R.T.) WLS/Tiger Reserve", "Type": "Wildlife Sanctuary", "State": "Karnataka", "Year": 1987.0 }, "geometry": { "type": "Polygon", "coordinates": [ [ [ 77.03643, 11.89108 ], [ 77.03959, 11.89188 ], [ 77.0409, 11.89068 ], [ 77.04276, 11.89253 ], [ 77.04128, 11.89476 ], [ 77.0418, 11.89606 ], [ 77.04405, 11.89562 ], [ 77.04493, 11.89434 ], [ 77.04902, 11.89513 ], [ 77.04939, 11.89095 ], [ 77.05203, 11.89261 ], [ 77.05337, 11.89241 ], [ 77.05332, 11.88794 ], [ 77.05685, 11.88774 ], [ 77.05699, 11.88948 ], [ 77.06036, 11.89487 ], [ 77.06694, 11.89701 ], [ 77.06737, 11.89835 ], [ 77.06668, 11.89866 ], [ 77.06627, 11.90088 ], [ 77.06684, 11.90586 ], [ 77.06747, 11.90732 ], [ 77.06876, 11.90774 ], [ 77.06905, 11.9098 ], [ 77.07127, 11.91048 ], [ 77.07087, 11.91497 ], [ 77.07436, 11.91635 ], [ 77.07667, 11.91237 ], [ 77.08246, 11.90884 ], [ 77.08585, 11.90792 ], [ 77.08894, 11.91104 ], [ 77.08889, 11.91785 ], [ 77.09042, 11.93047 ], [ 77.08753, 11.93232 ], [ 77.09341, 11.93693 ], [ 77.10204, 11.94012 ], [ 77.10588, 11.94544 ], [ 77.10736, 11.95052 ], [ 77.10656, 11.95453 ], [ 77.10902, 11.96767 ], [ 77.11138, 11.97042 ], [ 77.10997, 11.97587 ], [ 77.1128, 11.97864 ], [ 77.11196, 11.98053 ], [ 77.10789, 11.98199 ], [ 77.10002, 11.9905 ], [ 77.09941, 11.99262 ], [ 77.09529, 11.99665 ], [ 77.09511, 12.01215 ], [ 77.08273, 12.01637 ], [ 77.08328, 12.02039 ], [ 77.08591, 12.02024 ], [ 77.09255, 12.02421 ], [ 77.09012, 12.02819 ], [ 77.09292, 12.03094 ], [ 77.09751, 12.03779 ], [ 77.11154, 12.04822 ], [ 77.11501, 12.04748 ], [ 77.11884, 12.04888 ], [ 77.1208, 12.05428 ], [ 77.12034, 12.05764 ], [ 77.10883, 12.06186 ], [ 77.10435, 12.06618 ], [ 77.1102, 12.07294 ], [ 77.11656, 12.07113 ], [ 77.12707, 12.07063 ], [ 77.13304, 12.07302 ], [ 77.1502, 12.0658 ], [ 77.15763, 12.06555 ], [ 77.15921, 12.07248 ], [ 77.15406, 12.07604 ], [ 77.14934, 12.0781 ], [ 77.14243, 12.07848 ], [ 77.13544, 12.08234 ], [ 77.13534, 12.09155 ], [ 77.15806, 12.0947 ], [ 77.1631, 12.10051 ], [ 77.16355, 12.10324 ], [ 77.16061, 12.10267 ], [ 77.15795, 12.10091 ], [ 77.14688, 12.10873 ], [ 77.14486, 12.10844 ], [ 77.14306, 12.10936 ], [ 77.14237, 12.11201 ], [ 77.15046, 12.11859 ], [ 77.15057, 12.12401 ], [ 77.14939, 12.12552 ], [ 77.14999, 12.13074 ], [ 77.15459, 12.13656 ], [ 77.15613, 12.14062 ], [ 77.15959, 12.14066 ], [ 77.16124, 12.13952 ], [ 77.16208, 12.13671 ], [ 77.16515, 12.1366 ], [ 77.16707, 12.13928 ], [ 77.16698, 12.14331 ], [ 77.16938, 12.14595 ], [ 77.17484, 12.14452 ], [ 77.17608, 12.14003 ], [ 77.18412, 12.128 ], [ 77.18551, 12.1209 ], [ 77.18644, 12.10626 ], [ 77.18625, 12.09501 ], [ 77.19284, 12.08903 ], [ 77.19198, 12.06136 ], [ 77.19518, 12.05451 ], [ 77.19535, 12.04566 ], [ 77.1985, 12.03666 ], [ 77.20067, 12.052 ], [ 77.20453, 12.06014 ], [ 77.20376, 12.07164 ], [ 77.20668, 12.0828 ], [ 77.21492, 12.08616 ], [ 77.21921, 12.07944 ], [ 77.22616, 12.07583 ], [ 77.21938, 12.06996 ], [ 77.22278, 12.05706 ], [ 77.22235, 12.03361 ], [ 77.22342, 12.03139 ], [ 77.22717, 12.03294 ], [ 77.23422, 12.03428 ], [ 77.23804, 12.02953 ], [ 77.2405, 12.01837 ], [ 77.24247, 12.01357 ], [ 77.24303, 12.00049 ], [ 77.24503, 11.99283 ], [ 77.24333, 11.98537 ], [ 77.24517, 11.97919 ], [ 77.2479, 11.97592 ], [ 77.24875, 11.96066 ], [ 77.24543, 11.95229 ], [ 77.24689, 11.9455 ], [ 77.24483, 11.9421 ], [ 77.24479, 11.93996 ], [ 77.25132, 11.93181 ], [ 77.25809, 11.92069 ], [ 77.25873, 11.91721 ], [ 77.25818, 11.9145 ], [ 77.26005, 11.91193 ], [ 77.26188, 11.90407 ], [ 77.2606, 11.89915 ], [ 77.25614, 11.89951 ], [ 77.25667, 11.90163 ], [ 77.25532, 11.90225 ], [ 77.25027, 11.90321 ], [ 77.25001, 11.90133 ], [ 77.24574, 11.90057 ], [ 77.23836, 11.90487 ], [ 77.23619, 11.90405 ], [ 77.23483, 11.89769 ], [ 77.23553, 11.89431 ], [ 77.23485, 11.89104 ], [ 77.23786, 11.88853 ], [ 77.23414, 11.88186 ], [ 77.23287, 11.87769 ], [ 77.23047, 11.8765 ], [ 77.22826, 11.87372 ], [ 77.22274, 11.866 ], [ 77.22123, 11.86242 ], [ 77.22263, 11.8582 ], [ 77.22021, 11.85039 ], [ 77.2229, 11.84872 ], [ 77.22173, 11.84414 ], [ 77.21915, 11.84013 ], [ 77.21669, 11.83354 ], [ 77.21773, 11.82502 ], [ 77.22099, 11.82517 ], [ 77.22703, 11.82783 ], [ 77.23009, 11.83081 ], [ 77.2336, 11.83109 ], [ 77.2179, 11.79812 ], [ 77.1277, 11.7813 ], [ 77.12791, 11.78244 ], [ 77.12411, 11.78446 ], [ 77.12332, 11.78244 ], [ 77.11943, 11.78049 ], [ 77.11851, 11.78355 ], [ 77.11096, 11.78712 ], [ 77.10598, 11.78811 ], [ 77.10282, 11.78477 ], [ 77.09898, 11.7827 ], [ 77.09741, 11.78295 ], [ 77.09742, 11.77862 ], [ 77.09509, 11.77783 ], [ 77.09509, 11.7764 ], [ 77.09381, 11.77511 ], [ 77.09046, 11.77557 ], [ 77.08838, 11.77971 ], [ 77.0895, 11.7825 ], [ 77.08894, 11.78496 ], [ 77.07924, 11.78534 ], [ 77.07903, 11.78992 ], [ 77.07579, 11.79118 ], [ 77.06989, 11.79179 ], [ 77.07117, 11.79924 ], [ 77.07027, 11.80225 ], [ 77.07233, 11.80433 ], [ 77.07317, 11.80859 ], [ 77.06847, 11.80972 ], [ 77.06828, 11.81445 ], [ 77.06692, 11.81602 ], [ 77.063, 11.81789 ], [ 77.06995, 11.82863 ], [ 77.06699, 11.83535 ], [ 77.06345, 11.83754 ], [ 77.04496, 11.85752 ], [ 77.04635, 11.86322 ], [ 77.05007, 11.86587 ], [ 77.04847, 11.86775 ], [ 77.04945, 11.87043 ], [ 77.04864, 11.8711 ], [ 77.04431, 11.87033 ], [ 77.0445, 11.87342 ], [ 77.04356, 11.87499 ], [ 77.04025, 11.87474 ], [ 77.0407, 11.88243 ], [ 77.03884, 11.88203 ], [ 77.03751, 11.88304 ], [ 77.03626, 11.8815 ], [ 77.03427, 11.88318 ], [ 77.03643, 11.89108 ] ] ] } },
{ "type": "Feature", "properties": { "name": "Ranebennur Black Buck WLS", "Type": "Wildlife Sanctuary", "State": "Karnataka", "Year": 1974.0 }, "geometry": { "type": "MultiPolygon", "coordinates": [ [ [ [ 75.50166, 14.75588 ], [ 75.50835, 14.756 ], [ 75.51376, 14.7531 ], [ 75.5135, 14.74932 ], [ 75.53174, 14.74418 ], [ 75.53946, 14.73995 ], [ 75.55367, 14.73866 ], [ 75.55714, 14.74193 ], [ 75.56856, 14.74165 ], [ 75.56821, 14.74608 ], [ 75.56062, 14.75011 ], [ 75.56173, 14.75911 ], [ 75.56289, 14.75886 ], [ 75.56311, 14.76227 ], [ 75.56684, 14.76219 ], [ 75.5683, 14.76406 ], [ 75.56675, 14.76799 ], [ 75.56705, 14.76986 ], [ 75.57225, 14.77023 ], [ 75.57293, 14.77206 ], [ 75.57311, 14.77472 ], [ 75.57117, 14.77999 ], [ 75.57238, 14.77907 ], [ 75.575, 14.779 ], [ 75.57568, 14.77962 ], [ 75.58002, 14.77912 ], [ 75.57968, 14.76983 ], [ 75.58251, 14.76983 ], [ 75.58375, 14.77186 ], [ 75.58581, 14.7724 ], [ 75.58632, 14.77343 ], [ 75.60662, 14.77285 ], [ 75.60825, 14.77119 ], [ 75.6086, 14.76679 ], [ 75.59401, 14.76737 ], [ 75.59049, 14.75256 ], [ 75.59491, 14.75173 ], [ 75.59577, 14.73836 ], [ 75.60345, 14.73625 ], [ 75.60267, 14.73193 ], [ 75.60297, 14.72869 ], [ 75.59671, 14.7255 ], [ 75.58946, 14.72355 ], [ 75.58847, 14.72363 ], [ 75.58795, 14.72604 ], [ 75.581, 14.72583 ], [ 75.58006, 14.72919 ], [ 75.57697, 14.72691 ], [ 75.57572, 14.72732 ], [ 75.57212, 14.72446 ], [ 75.56783, 14.72529 ], [ 75.56787, 14.71919 ], [ 75.56439, 14.71993 ], [ 75.56319, 14.71881 ], [ 75.56002, 14.72065 ], [ 75.55951, 14.7199 ], [ 75.56109, 14.7155 ], [ 75.55778, 14.7162 ], [ 75.555, 14.71375 ], [ 75.55152, 14.71583 ], [ 75.54997, 14.71089 ], [ 75.55431, 14.70907 ], [ 75.555, 14.70753 ], [ 75.55423, 14.7055 ], [ 75.55186, 14.70412 ], [ 75.55217, 14.69823 ], [ 75.55315, 14.69782 ], [ 75.55388, 14.69487 ], [ 75.55015, 14.69507 ], [ 75.5501, 14.69648 ], [ 75.54804, 14.69756 ], [ 75.54864, 14.70673 ], [ 75.54637, 14.70387 ], [ 75.53903, 14.70271 ], [ 75.53912, 14.7059 ], [ 75.53611, 14.70532 ], [ 75.53616, 14.70271 ], [ 75.52774, 14.70254 ], [ 75.52817, 14.70532 ], [ 75.52526, 14.71803 ], [ 75.53397, 14.71769 ], [ 75.53341, 14.72363 ], [ 75.54062, 14.72363 ], [ 75.53916, 14.73243 ], [ 75.53422, 14.734 ], [ 75.52478, 14.73317 ], [ 75.52474, 14.736 ], [ 75.5238, 14.73795 ], [ 75.52053, 14.73882 ], [ 75.51654, 14.73919 ], [ 75.51208, 14.73828 ], [ 75.51028, 14.73965 ], [ 75.50757, 14.73911 ], [ 75.50423, 14.7433 ], [ 75.50302, 14.74708 ], [ 75.50169, 14.74691 ], [ 75.50152, 14.75036 ], [ 75.49951, 14.75106 ], [ 75.50166, 14.75588 ] ] ], [ [ [ 75.63796, 14.67251 ], [ 75.6487, 14.66916 ], [ 75.65005, 14.66571 ], [ 75.65095, 14.66687 ], [ 75.6511, 14.66608 ], [ 75.6574, 14.66659 ], [ 75.6569, 14.66697 ], [ 75.66349, 14.66638 ], [ 75.67038, 14.66704 ], [ 75.67092, 14.67144 ], [ 75.68162, 14.67137 ], [ 75.68239, 14.67692 ], [ 75.6841, 14.679 ], [ 75.68181, 14.67989 ], [ 75.67795, 14.67887 ], [ 75.67783, 14.67744 ], [ 75.67692, 14.67744 ], [ 75.67612, 14.67606 ], [ 75.67565, 14.67878 ], [ 75.66947, 14.67921 ], [ 75.6655, 14.68112 ], [ 75.66324, 14.68322 ], [ 75.66448, 14.69304 ], [ 75.67962, 14.68923 ], [ 75.68007, 14.71121 ], [ 75.68445, 14.71146 ], [ 75.68478, 14.71347 ], [ 75.68723, 14.71519 ], [ 75.68912, 14.70974 ], [ 75.6894, 14.71297 ], [ 75.69042, 14.71378 ], [ 75.69741, 14.71323 ], [ 75.69802, 14.71047 ], [ 75.69655, 14.71007 ], [ 75.69872, 14.70841 ], [ 75.69891, 14.70405 ], [ 75.7021, 14.70486 ], [ 75.70036, 14.71263 ], [ 75.70437, 14.71382 ], [ 75.70606, 14.71294 ], [ 75.70622, 14.71173 ], [ 75.70853, 14.71191 ], [ 75.70849, 14.70864 ], [ 75.70975, 14.70869 ], [ 75.71058, 14.70277 ], [ 75.69905, 14.69539 ], [ 75.69674, 14.69507 ], [ 75.69704, 14.68747 ], [ 75.69859, 14.68521 ], [ 75.69807, 14.66603 ], [ 75.70142, 14.66599 ], [ 75.70071, 14.65248 ], [ 75.70868, 14.6541 ], [ 75.70964, 14.65333 ], [ 75.70978, 14.6488 ], [ 75.71256, 14.64664 ], [ 75.7129, 14.64479 ], [ 75.71177, 14.64439 ], [ 75.7104, 14.64192 ], [ 75.70516, 14.63956 ], [ 75.70485, 14.64188 ], [ 75.69906, 14.64188 ], [ 75.69994, 14.63906 ], [ 75.69904, 14.63871 ], [ 75.69961, 14.63689 ], [ 75.69695, 14.6356 ], [ 75.69253, 14.63611 ], [ 75.69098, 14.63281 ], [ 75.68875, 14.63392 ], [ 75.68622, 14.63665 ], [ 75.68504, 14.63636 ], [ 75.68054, 14.63006 ], [ 75.68127, 14.62917 ], [ 75.68368, 14.6291 ], [ 75.68567, 14.62787 ], [ 75.69269, 14.62179 ], [ 75.69121, 14.61772 ], [ 75.69544, 14.61572 ], [ 75.69487, 14.61459 ], [ 75.69669, 14.61301 ], [ 75.69801, 14.61405 ], [ 75.69893, 14.61322 ], [ 75.70089, 14.61397 ], [ 75.70589, 14.61048 ], [ 75.7093, 14.6097 ], [ 75.71103, 14.61051 ], [ 75.70823, 14.62363 ], [ 75.71077, 14.62545 ], [ 75.711, 14.62646 ], [ 75.71592, 14.63105 ], [ 75.71773, 14.6317 ], [ 75.73162, 14.63055 ], [ 75.73068, 14.62836 ], [ 75.7315, 14.62781 ], [ 75.73716, 14.62797 ], [ 75.73751, 14.62596 ], [ 75.73129, 14.62714 ], [ 75.73208, 14.62502 ], [ 75.72845, 14.62376 ], [ 75.72787, 14.61991 ], [ 75.7326, 14.61942 ], [ 75.73314, 14.621 ], [ 75.73466, 14.6213 ], [ 75.73506, 14.62262 ], [ 75.73509, 14.61895 ], [ 75.73413, 14.61376 ], [ 75.73174, 14.61374 ], [ 75.73051, 14.60981 ], [ 75.72707, 14.6096 ], [ 75.72819, 14.60843 ], [ 75.72606, 14.60834 ], [ 75.72562, 14.60753 ], [ 75.72623, 14.60643 ], [ 75.72729, 14.60641 ], [ 75.72638, 14.60592 ], [ 75.72632, 14.60433 ], [ 75.73478, 14.60266 ], [ 75.7383, 14.61265 ], [ 75.73946, 14.61289 ], [ 75.7657, 14.61396 ], [ 75.77173, 14.61206 ], [ 75.77621, 14.61173 ], [ 75.77436, 14.60871 ], [ 75.7723, 14.60838 ], [ 75.76983, 14.60471 ], [ 75.77133, 14.60459 ], [ 75.77135, 14.6017 ], [ 75.77488, 14.6022 ], [ 75.77501, 14.60116 ], [ 75.77706, 14.60061 ], [ 75.77782, 14.59931 ], [ 75.7799, 14.59826 ], [ 75.78182, 14.59987 ], [ 75.78153, 14.60083 ], [ 75.78233, 14.60174 ], [ 75.78301, 14.60182 ], [ 75.78293, 14.60007 ], [ 75.78587, 14.60315 ], [ 75.78599, 14.60095 ], [ 75.78679, 14.60157 ], [ 75.78696, 14.60084 ], [ 75.78504, 14.59906 ], [ 75.78752, 14.59895 ], [ 75.79003, 14.60064 ], [ 75.78587, 14.59665 ], [ 75.7859, 14.59555 ], [ 75.78416, 14.59486 ], [ 75.78475, 14.59477 ], [ 75.78334, 14.58916 ], [ 75.7825, 14.59078 ], [ 75.78264, 14.59419 ], [ 75.78018, 14.59383 ], [ 75.78057, 14.59296 ], [ 75.77789, 14.59259 ], [ 75.77806, 14.59031 ], [ 75.77637, 14.59037 ], [ 75.77676, 14.58788 ], [ 75.77879, 14.58732 ], [ 75.77868, 14.58862 ], [ 75.77953, 14.5878 ], [ 75.78203, 14.58931 ], [ 75.78299, 14.58795 ], [ 75.78126, 14.58757 ], [ 75.78162, 14.58598 ], [ 75.78417, 14.58671 ], [ 75.78622, 14.5863 ], [ 75.78674, 14.58768 ], [ 75.78581, 14.58802 ], [ 75.78644, 14.58971 ], [ 75.78846, 14.5906 ], [ 75.78903, 14.59001 ], [ 75.78774, 14.58626 ], [ 75.78638, 14.58633 ], [ 75.78578, 14.5847 ], [ 75.78357, 14.58272 ], [ 75.77879, 14.58169 ], [ 75.78035, 14.58237 ], [ 75.78037, 14.58319 ], [ 75.77854, 14.58438 ], [ 75.77806, 14.58693 ], [ 75.7748, 14.58689 ], [ 75.77479, 14.58557 ], [ 75.77228, 14.58527 ], [ 75.77384, 14.58515 ], [ 75.77533, 14.58281 ], [ 75.77149, 14.58187 ], [ 75.77254, 14.58028 ], [ 75.77382, 14.58034 ], [ 75.7738, 14.5791 ], [ 75.77261, 14.57965 ], [ 75.77177, 14.5779 ], [ 75.77065, 14.57836 ], [ 75.76904, 14.57788 ], [ 75.76879, 14.57647 ], [ 75.76643, 14.57631 ], [ 75.76703, 14.57448 ], [ 75.76378, 14.57769 ], [ 75.76123, 14.57552 ], [ 75.7608, 14.57692 ], [ 75.76014, 14.57697 ], [ 75.76024, 14.57832 ], [ 75.75884, 14.57794 ], [ 75.75934, 14.57898 ], [ 75.75864, 14.5799 ], [ 75.7578, 14.57939 ], [ 75.75848, 14.58033 ], [ 75.75749, 14.58203 ], [ 75.75672, 14.58247 ], [ 75.75614, 14.5811 ], [ 75.75511, 14.58086 ], [ 75.75521, 14.58217 ], [ 75.754, 14.58173 ], [ 75.75438, 14.58366 ], [ 75.74867, 14.58579 ], [ 75.74847, 14.58521 ], [ 75.74338, 14.58477 ], [ 75.74257, 14.58369 ], [ 75.74256, 14.58483 ], [ 75.73259, 14.58455 ], [ 75.73054, 14.58612 ], [ 75.73087, 14.58708 ], [ 75.72862, 14.58925 ], [ 75.72704, 14.58823 ], [ 75.72483, 14.59069 ], [ 75.72308, 14.59139 ], [ 75.72134, 14.58906 ], [ 75.72024, 14.59039 ], [ 75.71955, 14.58783 ], [ 75.71564, 14.58979 ], [ 75.70869, 14.59705 ], [ 75.70298, 14.59239 ], [ 75.7017, 14.59185 ], [ 75.70323, 14.59413 ], [ 75.70109, 14.59414 ], [ 75.70088, 14.59584 ], [ 75.69815, 14.59676 ], [ 75.69802, 14.5989 ], [ 75.69637, 14.60008 ], [ 75.69692, 14.60295 ], [ 75.69399, 14.60245 ], [ 75.68993, 14.60448 ], [ 75.69104, 14.60774 ], [ 75.69299, 14.60654 ], [ 75.69606, 14.612 ], [ 75.69499, 14.61271 ], [ 75.6927, 14.61144 ], [ 75.68802, 14.61343 ], [ 75.6893, 14.61808 ], [ 75.686, 14.61969 ], [ 75.68715, 14.62299 ], [ 75.67913, 14.62584 ], [ 75.67868, 14.62442 ], [ 75.67561, 14.62514 ], [ 75.67518, 14.62392 ], [ 75.67168, 14.6246 ], [ 75.6725, 14.62789 ], [ 75.66944, 14.62722 ], [ 75.66998, 14.62919 ], [ 75.6668, 14.62977 ], [ 75.66767, 14.63157 ], [ 75.66619, 14.63236 ], [ 75.67276, 14.63119 ], [ 75.67328, 14.63409 ], [ 75.67454, 14.63397 ], [ 75.67615, 14.63955 ], [ 75.67531, 14.63967 ], [ 75.67502, 14.64275 ], [ 75.68049, 14.64659 ], [ 75.67962, 14.64769 ], [ 75.6735, 14.65025 ], [ 75.64331, 14.64781 ], [ 75.64116, 14.66065 ], [ 75.6414, 14.66534 ], [ 75.6397, 14.6654 ], [ 75.63987, 14.66628 ], [ 75.6388, 14.66684 ], [ 75.63913, 14.66916 ], [ 75.63753, 14.66897 ], [ 75.63741, 14.6714 ], [ 75.63558, 14.67133 ], [ 75.63796, 14.67251 ] ] ] ] } },
{ "type": "Feature", "properties": { "name": "Jogimatti WLS", "Type": "Wildlife Sanctuary", "State": "Karnataka", "Year": 2015.0 }, "geometry": { "type": "Polygon", "coordinates": [ [ [ 76.34429, 14.16551 ], [ 76.35045, 14.16716 ], [ 76.35252, 14.17166 ], [ 76.35264, 14.17538 ], [ 76.35776, 14.1776 ], [ 76.3669, 14.18695 ], [ 76.36983, 14.18829 ], [ 76.36704, 14.19138 ], [ 76.36588, 14.19465 ], [ 76.36614, 14.19625 ], [ 76.37987, 14.21096 ], [ 76.38103, 14.21101 ], [ 76.38292, 14.20852 ], [ 76.38253, 14.20785 ], [ 76.38099, 14.20892 ], [ 76.37811, 14.20627 ], [ 76.38052, 14.20178 ], [ 76.38757, 14.2061 ], [ 76.38858, 14.20786 ], [ 76.38929, 14.20682 ], [ 76.38833, 14.20424 ], [ 76.38947, 14.20307 ], [ 76.39545, 14.20392 ], [ 76.39564, 14.20205 ], [ 76.39829, 14.20213 ], [ 76.4021, 14.20077 ], [ 76.40317, 14.1983 ], [ 76.40594, 14.1969 ], [ 76.40622, 14.19855 ], [ 76.40805, 14.20036 ], [ 76.4112, 14.19932 ], [ 76.41253, 14.19791 ], [ 76.41242, 14.19681 ], [ 76.41594, 14.19315 ], [ 76.41502, 14.19123 ], [ 76.41588, 14.18986 ], [ 76.41564, 14.18799 ], [ 76.41352, 14.18729 ], [ 76.41504, 14.18595 ], [ 76.41592, 14.18353 ], [ 76.42149, 14.18191 ], [ 76.42179, 14.18083 ], [ 76.42093, 14.18002 ], [ 76.42227, 14.1762 ], [ 76.42461, 14.17641 ], [ 76.42696, 14.17825 ], [ 76.42581, 14.17469 ], [ 76.42121, 14.17189 ], [ 76.42052, 14.16884 ], [ 76.41963, 14.16799 ], [ 76.4161, 14.16829 ], [ 76.41522, 14.16687 ], [ 76.41794, 14.16436 ], [ 76.41865, 14.16083 ], [ 76.41235, 14.15586 ], [ 76.41182, 14.15398 ], [ 76.40744, 14.15502 ], [ 76.40673, 14.15227 ], [ 76.41193, 14.14667 ], [ 76.4083, 14.14484 ], [ 76.40611, 14.14584 ], [ 76.40182, 14.14531 ], [ 76.39781, 14.14319 ], [ 76.39396, 14.14294 ], [ 76.38781, 14.14842 ], [ 76.38661, 14.15162 ], [ 76.38234, 14.15382 ], [ 76.38141, 14.15654 ], [ 76.37917, 14.15891 ], [ 76.37358, 14.15699 ], [ 76.37211, 14.15196 ], [ 76.36661, 14.15345 ], [ 76.36592, 14.15568 ], [ 76.36097, 14.15681 ], [ 76.35498, 14.15143 ], [ 76.35077, 14.15036 ], [ 76.34612, 14.15229 ], [ 76.34313, 14.15842 ], [ 76.34429, 14.16551 ] ] ] } },
{ "type": "Feature", "properties": { "name": "Great Indian Bustard WLS", "Type": "Wildlife Sanctuary", "State": "Maharashtra", "Year": 1979.0 }, "geometry": { "type": "Polygon", "coordinates": [ [ [ 75.86097, 17.83486 ], [ 75.86561, 17.83635 ], [ 75.86402, 17.84082 ], [ 75.86603, 17.84266 ], [ 75.86381, 17.84505 ], [ 75.86449, 17.84636 ], [ 75.87102, 17.8502 ], [ 75.87754, 17.84914 ], [ 75.88081, 17.84112 ], [ 75.87797, 17.8363 ], [ 75.87951, 17.83279 ], [ 75.88063, 17.82715 ], [ 75.88363, 17.82413 ], [ 75.88364, 17.82135 ], [ 75.87823, 17.81832 ], [ 75.87823, 17.81211 ], [ 75.87677, 17.80992 ], [ 75.8657, 17.81301 ], [ 75.86038, 17.81702 ], [ 75.86029, 17.82021 ], [ 75.86252, 17.82405 ], [ 75.86046, 17.82585 ], [ 75.86097, 17.83486 ] ] ] } },
{ "type": "Feature", "properties": { "name": "Mangalavanam Bird WLS", "Type": "Wildlife Sanctuary", "State": "Kerala", "Year": 2004.0 }, "geometry": { "type": "Polygon", "coordinates": [ [ [ 76.27504, 9.99029 ], [ 76.27628, 9.99158 ], [ 76.27665, 9.9936 ], [ 76.27738, 9.99354 ], [ 76.27538, 9.98716 ], [ 76.27385, 9.98672 ], [ 76.27237, 9.98905 ], [ 76.27504, 9.99029 ] ] ] } },
{ "type": "Feature", "properties": { "name": "Sathyamangalam WLS/Tiger Reserve", "Type": "Wildlife Sanctuary", "State": "Tamil Nadu", "Year": 2008.0 }, "geometry": { "type": "Polygon", "coordinates": [ [ [ 76.89368, 11.6364 ], [ 76.90503, 11.63907 ], [ 76.91023, 11.64899 ], [ 76.91877, 11.65548 ], [ 76.93081, 11.66251 ], [ 76.94058, 11.67022 ], [ 76.95631, 11.68775 ], [ 76.97351, 11.71017 ], [ 76.97444, 11.70993 ], [ 76.978, 11.71279 ], [ 76.99032, 11.72522 ], [ 76.99323, 11.72996 ], [ 76.99679, 11.74217 ], [ 77.01036, 11.75366 ], [ 77.01512, 11.75444 ], [ 77.02029, 11.75243 ], [ 77.03582, 11.77103 ], [ 77.06979, 11.73388 ], [ 77.09332, 11.72993 ], [ 77.1187, 11.71661 ], [ 77.10877, 11.771 ], [ 77.10929, 11.77226 ], [ 77.12538, 11.77239 ], [ 77.12519, 11.7772 ], [ 77.1277, 11.7813 ], [ 77.2179, 11.79812 ], [ 77.2336, 11.83109 ], [ 77.24364, 11.83443 ], [ 77.22728, 11.79801 ], [ 77.24123, 11.79758 ], [ 77.27029, 11.82601 ], [ 77.2875, 11.81959 ], [ 77.30144, 11.78588 ], [ 77.29046, 11.76246 ], [ 77.27562, 11.76099 ], [ 77.2666, 11.77825 ], [ 77.23503, 11.78708 ], [ 77.21863, 11.78949 ], [ 77.20405, 11.7673 ], [ 77.20797, 11.75377 ], [ 77.21699, 11.75056 ], [ 77.22888, 11.74494 ], [ 77.22437, 11.72808 ], [ 77.19526, 11.67107 ], [ 77.19254, 11.63136 ], [ 77.21186, 11.62904 ], [ 77.22683, 11.63734 ], [ 77.24624, 11.63136 ], [ 77.2742, 11.61428 ], [ 77.28214, 11.6036 ], [ 77.28647, 11.58981 ], [ 77.30267, 11.58714 ], [ 77.30629, 11.58916 ], [ 77.31192, 11.57533 ], [ 77.29218, 11.56215 ], [ 77.29126, 11.55917 ], [ 77.29246, 11.55746 ], [ 77.29222, 11.55298 ], [ 77.29138, 11.54965 ], [ 77.28938, 11.54752 ], [ 77.28195, 11.5433 ], [ 77.27727, 11.54159 ], [ 77.27124, 11.54082 ], [ 77.26918, 11.54298 ], [ 77.26809, 11.54833 ], [ 77.26517, 11.54569 ], [ 77.26397, 11.54837 ], [ 77.26515, 11.54988 ], [ 77.25791, 11.55527 ], [ 77.25508, 11.55321 ], [ 77.24839, 11.55348 ], [ 77.24359, 11.55486 ], [ 77.22961, 11.5549 ], [ 77.22197, 11.55749 ], [ 77.22134, 11.55978 ], [ 77.2192, 11.56176 ], [ 77.21975, 11.56281 ], [ 77.21836, 11.56546 ], [ 77.21902, 11.56661 ], [ 77.21683, 11.5688 ], [ 77.21102, 11.57037 ], [ 77.21329, 11.5723 ], [ 77.21184, 11.57357 ], [ 77.21236, 11.57525 ], [ 77.21418, 11.57612 ], [ 77.21356, 11.5857 ], [ 77.20408, 11.58926 ], [ 77.19908, 11.58129 ], [ 77.19538, 11.58258 ], [ 77.17886, 11.56122 ], [ 77.1753, 11.5587 ], [ 77.17675, 11.55795 ], [ 77.17035, 11.54358 ], [ 77.16453, 11.54607 ], [ 77.15701, 11.54706 ], [ 77.15783, 11.5447 ], [ 77.15665, 11.54443 ], [ 77.13928, 11.54403 ], [ 77.13867, 11.54105 ], [ 77.12123, 11.54134 ], [ 77.12136, 11.53773 ], [ 77.11278, 11.53641 ], [ 77.11286, 11.53377 ], [ 77.11148, 11.53352 ], [ 77.11258, 11.53082 ], [ 77.11493, 11.52866 ], [ 77.11344, 11.52825 ], [ 77.11234, 11.52582 ], [ 77.11384, 11.52177 ], [ 77.1142, 11.51797 ], [ 77.115, 11.51803 ], [ 77.11345, 11.50817 ], [ 77.12336, 11.50709 ], [ 77.12302, 11.49446 ], [ 77.12213, 11.49445 ], [ 77.12183, 11.49146 ], [ 77.12073, 11.49101 ], [ 77.11913, 11.48852 ], [ 77.11238, 11.48932 ], [ 77.11251, 11.49438 ], [ 77.10371, 11.49562 ], [ 77.10396, 11.49225 ], [ 77.09883, 11.49317 ], [ 77.09777, 11.49014 ], [ 77.10427, 11.48907 ], [ 77.10456, 11.48353 ], [ 77.1076, 11.48345 ], [ 77.10746, 11.48059 ], [ 77.10643, 11.48085 ], [ 77.10554, 11.47853 ], [ 77.10199, 11.47834 ], [ 77.10053, 11.4857 ], [ 77.09752, 11.4883 ], [ 77.08078, 11.49557 ], [ 77.07413, 11.4966 ], [ 77.06529, 11.50184 ], [ 77.06337, 11.49924 ], [ 77.05156, 11.50473 ], [ 77.04393, 11.51549 ], [ 77.0386, 11.52674 ], [ 77.02261, 11.54 ], [ 77.01072, 11.54683 ], [ 76.9985, 11.55167 ], [ 76.98053, 11.55153 ], [ 76.97671, 11.54068 ], [ 76.88597, 11.63662 ], [ 76.89368, 11.6364 ] ], [ [ 76.98657, 11.64022 ], [ 76.9939, 11.63786 ], [ 76.99669, 11.64757 ], [ 76.99605, 11.65505 ], [ 76.98811, 11.65707 ], [ 76.98215, 11.64782 ], [ 76.98657, 11.64022 ] ], [ [ 76.99841, 11.60827 ], [ 77.02077, 11.60781 ], [ 77.02167, 11.61579 ], [ 77.01504, 11.61771 ], [ 77.01498, 11.62063 ], [ 77.01755, 11.63538 ], [ 77.02047, 11.63664 ], [ 77.02472, 11.64702 ], [ 77.02214, 11.64841 ], [ 77.02051, 11.64349 ], [ 77.02137, 11.64274 ], [ 77.02077, 11.64076 ], [ 77.01759, 11.64143 ], [ 77.01798, 11.6419 ], [ 77.01686, 11.64232 ], [ 77.01622, 11.64417 ], [ 77.01506, 11.6437 ], [ 77.00296, 11.63126 ], [ 76.99699, 11.63269 ], [ 76.99339, 11.63126 ], [ 76.98867, 11.61907 ], [ 76.98562, 11.60596 ], [ 76.99841, 11.60827 ] ], [ [ 77.00789, 11.66178 ], [ 77.01515, 11.66136 ], [ 77.0333, 11.67813 ], [ 76.99991, 11.68346 ], [ 76.9912, 11.66951 ], [ 77.00789, 11.66178 ] ], [ [ 77.01141, 11.72236 ], [ 77.01462, 11.72105 ], [ 77.01523, 11.72168 ], [ 77.01823, 11.72141 ], [ 77.02022, 11.72026 ], [ 77.02139, 11.71812 ], [ 77.02723, 11.7169 ], [ 77.02825, 11.71055 ], [ 77.03111, 11.70921 ], [ 77.03502, 11.71161 ], [ 77.04641, 11.72498 ], [ 77.04882, 11.72477 ], [ 77.05433, 11.72058 ], [ 77.05837, 11.71901 ], [ 77.05813, 11.72161 ], [ 77.05376, 11.72835 ], [ 77.04654, 11.73197 ], [ 77.03687, 11.73312 ], [ 77.0339, 11.73233 ], [ 77.03143, 11.73384 ], [ 77.02757, 11.73395 ], [ 77.02351, 11.73519 ], [ 77.02313, 11.73438 ], [ 77.02248, 11.73538 ], [ 77.01922, 11.73663 ], [ 77.0144, 11.73697 ], [ 77.01351, 11.73189 ], [ 77.0119, 11.73002 ], [ 77.01102, 11.72622 ], [ 77.01141, 11.72236 ] ], [ [ 77.04461, 11.59348 ], [ 77.0454, 11.59483 ], [ 77.04041, 11.59683 ], [ 77.03891, 11.59496 ], [ 77.04461, 11.59348 ] ], [ [ 77.07328, 11.58229 ], [ 77.07615, 11.58214 ], [ 77.07954, 11.59074 ], [ 77.06933, 11.59515 ], [ 77.06727, 11.59267 ], [ 77.07328, 11.58229 ] ], [ [ 77.07533, 11.60954 ], [ 77.07527, 11.60705 ], [ 77.07588, 11.60789 ], [ 77.0781, 11.60772 ], [ 77.07941, 11.61197 ], [ 77.0774, 11.61462 ], [ 77.07574, 11.61485 ], [ 77.07403, 11.60931 ], [ 77.07533, 11.60954 ] ], [ [ 77.09509, 11.62249 ], [ 77.09469, 11.61974 ], [ 77.10218, 11.61942 ], [ 77.10219, 11.62303 ], [ 77.09904, 11.62452 ], [ 77.09561, 11.62367 ], [ 77.09551, 11.62419 ], [ 77.09429, 11.62294 ], [ 77.09509, 11.62249 ] ], [ [ 77.10604, 11.58946 ], [ 77.10882, 11.59368 ], [ 77.10996, 11.59378 ], [ 77.11078, 11.59698 ], [ 77.11041, 11.59851 ], [ 77.10781, 11.59997 ], [ 77.10399, 11.58987 ], [ 77.10604, 11.58946 ] ], [ [ 77.12969, 11.66927 ], [ 77.13025, 11.65986 ], [ 77.13098, 11.65801 ], [ 77.13329, 11.65851 ], [ 77.13351, 11.65603 ], [ 77.13557, 11.6562 ], [ 77.13557, 11.65448 ], [ 77.13634, 11.65427 ], [ 77.13515, 11.65262 ], [ 77.13763, 11.65261 ], [ 77.14323, 11.65362 ], [ 77.14535, 11.66309 ], [ 77.15355, 11.67469 ], [ 77.14891, 11.67915 ], [ 77.14346, 11.67675 ], [ 77.13574, 11.67852 ], [ 77.13218, 11.67658 ], [ 77.1281, 11.67642 ], [ 77.12724, 11.67385 ], [ 77.12969, 11.66927 ] ], [ [ 77.17175, 11.63287 ], [ 77.1708, 11.63178 ], [ 77.17243, 11.62968 ], [ 77.17973, 11.63708 ], [ 77.18153, 11.63741 ], [ 77.18213, 11.63439 ], [ 77.18368, 11.63472 ], [ 77.18625, 11.63363 ], [ 77.1878, 11.63069 ], [ 77.1926, 11.63851 ], [ 77.19217, 11.6417 ], [ 77.18531, 11.64548 ], [ 77.18076, 11.64246 ], [ 77.17904, 11.64296 ], [ 77.17604, 11.64237 ], [ 77.17072, 11.63909 ], [ 77.17003, 11.63514 ], [ 77.17175, 11.63287 ] ], [ [ 77.17685, 11.67381 ], [ 77.18256, 11.67066 ], [ 77.18411, 11.67293 ], [ 77.18574, 11.67289 ], [ 77.18822, 11.67528 ], [ 77.18844, 11.67835 ], [ 77.18355, 11.68201 ], [ 77.1823, 11.67969 ], [ 77.18029, 11.67848 ], [ 77.18041, 11.68053 ], [ 77.17831, 11.68041 ], [ 77.17659, 11.67532 ], [ 77.17685, 11.67381 ] ], [ [ 77.18453, 11.71449 ], [ 77.18574, 11.71516 ], [ 77.18659, 11.72071 ], [ 77.18059, 11.72214 ], [ 77.17861, 11.71894 ], [ 77.17844, 11.71726 ], [ 77.18453, 11.71449 ] ], [ [ 77.18406, 11.65393 ], [ 77.18393, 11.65259 ], [ 77.18595, 11.65175 ], [ 77.18917, 11.65511 ], [ 77.19067, 11.66242 ], [ 77.18857, 11.66431 ], [ 77.18913, 11.66784 ], [ 77.18659, 11.66751 ], [ 77.18625, 11.66566 ], [ 77.18346, 11.6615 ], [ 77.18608, 11.65998 ], [ 77.18312, 11.65641 ], [ 77.18187, 11.65641 ], [ 77.18089, 11.65452 ], [ 77.18406, 11.65393 ] ], [ [ 77.23105, 11.63186 ], [ 77.23002, 11.62976 ], [ 77.23123, 11.62901 ], [ 77.23466, 11.63464 ], [ 77.23157, 11.63565 ], [ 77.22951, 11.63287 ], [ 77.23105, 11.63186 ] ] ] } },
{ "type": "Feature", "properties": { "name": "Turtle Nesting Centre", "Type": "Wildlife Sanctuary", "State": "Andaman & Nicobar Islands", "Year": 1987.0 }, "geometry": { "type": "Polygon", "coordinates": [ [ [ 73.73363, 15.61831 ], [ 73.73426, 15.61755 ], [ 73.73363, 15.6166 ], [ 73.73271, 15.61778 ], [ 73.73363, 15.61831 ] ] ] } },
{ "type": "Feature", "properties": { "name": "Sanjay Gandhi (Borivilli) National Park", "Type": "National Park", "State": "Maharashtra", "Year": 1983.0 }, "geometry": { "type": "MultiPolygon", "coordinates": [ [ [ [ 72.86383, 19.23284 ], [ 72.87004, 19.23005 ], [ 72.87255, 19.23136 ], [ 72.87255, 19.2346 ], [ 72.8747, 19.23784 ], [ 72.87573, 19.24448 ], [ 72.87468, 19.24864 ], [ 72.87737, 19.25107 ], [ 72.87926, 19.25023 ], [ 72.88144, 19.25319 ], [ 72.88392, 19.25203 ], [ 72.88576, 19.2526 ], [ 72.88557, 19.2537 ], [ 72.88119, 19.25557 ], [ 72.87724, 19.2591 ], [ 72.87862, 19.26065 ], [ 72.88217, 19.25968 ], [ 72.88182, 19.26417 ], [ 72.88337, 19.26622 ], [ 72.88621, 19.26803 ], [ 72.88763, 19.26636 ], [ 72.88826, 19.26351 ], [ 72.89639, 19.25732 ], [ 72.89734, 19.26657 ], [ 72.89884, 19.26785 ], [ 72.89933, 19.27015 ], [ 72.89712, 19.27483 ], [ 72.89384, 19.279 ], [ 72.89212, 19.27941 ], [ 72.89178, 19.28235 ], [ 72.89045, 19.28269 ], [ 72.89083, 19.29002 ], [ 72.89161, 19.2914 ], [ 72.89443, 19.28879 ], [ 72.89476, 19.28721 ], [ 72.89909, 19.28346 ], [ 72.90222, 19.2779 ], [ 72.90695, 19.27578 ], [ 72.90868, 19.27635 ], [ 72.90628, 19.28103 ], [ 72.90562, 19.28444 ], [ 72.90557, 19.28612 ], [ 72.9066, 19.28721 ], [ 72.91938, 19.28795 ], [ 72.92595, 19.28922 ], [ 72.92951, 19.28749 ], [ 72.93111, 19.28533 ], [ 72.93197, 19.28047 ], [ 72.93287, 19.28042 ], [ 72.93297, 19.28441 ], [ 72.9395, 19.28443 ], [ 72.93897, 19.28246 ], [ 72.93965, 19.28132 ], [ 72.94102, 19.2809 ], [ 72.94673, 19.27254 ], [ 72.94481, 19.27135 ], [ 72.94568, 19.26928 ], [ 72.94521, 19.26763 ], [ 72.94774, 19.26765 ], [ 72.95081, 19.26443 ], [ 72.95282, 19.25862 ], [ 72.95051, 19.25318 ], [ 72.95191, 19.25263 ], [ 72.95503, 19.25708 ], [ 72.96131, 19.256 ], [ 72.9656, 19.25797 ], [ 72.96876, 19.25795 ], [ 72.96942, 19.2589 ], [ 72.96942, 19.25426 ], [ 72.9709, 19.25334 ], [ 72.96774, 19.25075 ], [ 72.969, 19.25025 ], [ 72.97043, 19.25099 ], [ 72.97136, 19.24996 ], [ 72.97335, 19.25049 ], [ 72.97456, 19.24855 ], [ 72.97339, 19.24808 ], [ 72.97491, 19.24391 ], [ 72.97171, 19.24389 ], [ 72.97164, 19.24454 ], [ 72.96807, 19.24523 ], [ 72.96592, 19.24219 ], [ 72.96396, 19.23662 ], [ 72.96482, 19.23379 ], [ 72.95998, 19.2271 ], [ 72.95927, 19.22639 ], [ 72.95826, 19.22666 ], [ 72.95755, 19.22395 ], [ 72.95418, 19.22236 ], [ 72.95193, 19.21954 ], [ 72.94998, 19.22055 ], [ 72.94939, 19.21964 ], [ 72.94629, 19.21324 ], [ 72.9465, 19.20938 ], [ 72.94991, 19.2064 ], [ 72.94939, 19.20543 ], [ 72.94506, 19.20668 ], [ 72.94416, 19.20386 ], [ 72.94272, 19.20237 ], [ 72.94139, 19.20256 ], [ 72.94064, 19.19911 ], [ 72.94151, 19.19654 ], [ 72.94161, 19.19104 ], [ 72.93972, 19.18831 ], [ 72.93924, 19.1846 ], [ 72.93767, 19.18515 ], [ 72.93689, 19.18382 ], [ 72.93843, 19.18149 ], [ 72.938, 19.18011 ], [ 72.93619, 19.17942 ], [ 72.93468, 19.17556 ], [ 72.93149, 19.17297 ], [ 72.93046, 19.16717 ], [ 72.92842, 19.16623 ], [ 72.9286, 19.16737 ], [ 72.9279, 19.1665 ], [ 72.92608, 19.1669 ], [ 72.92318, 19.16819 ], [ 72.92337, 19.16888 ], [ 72.92008, 19.16998 ], [ 72.91814, 19.17009 ], [ 72.9183, 19.16914 ], [ 72.91653, 19.16968 ], [ 72.91563, 19.16747 ], [ 72.92255, 19.16285 ], [ 72.92195, 19.15766 ], [ 72.92332, 19.15734 ], [ 72.92442, 19.16222 ], [ 72.92553, 19.16211 ], [ 72.9252, 19.16118 ], [ 72.92667, 19.16034 ], [ 72.92758, 19.16383 ], [ 72.92684, 19.1643 ], [ 72.92727, 19.16547 ], [ 72.92834, 19.16495 ], [ 72.92842, 19.16328 ], [ 72.92602, 19.15742 ], [ 72.92651, 19.15461 ], [ 72.92309, 19.14714 ], [ 72.91827, 19.14111 ], [ 72.91525, 19.14157 ], [ 72.91309, 19.1389 ], [ 72.91004, 19.13969 ], [ 72.90753, 19.13904 ], [ 72.90213, 19.14122 ], [ 72.90083, 19.13931 ], [ 72.89974, 19.1393 ], [ 72.89724, 19.13988 ], [ 72.89447, 19.14226 ], [ 72.89353, 19.14221 ], [ 72.89614, 19.1461 ], [ 72.89608, 19.14724 ], [ 72.89301, 19.15062 ], [ 72.89319, 19.15225 ], [ 72.89381, 19.15383 ], [ 72.8964, 19.15481 ], [ 72.8957, 19.15775 ], [ 72.89712, 19.15953 ], [ 72.89928, 19.16033 ], [ 72.89683, 19.1647 ], [ 72.89091, 19.1636 ], [ 72.88934, 19.1819 ], [ 72.87358, 19.18143 ], [ 72.87341, 19.18659 ], [ 72.87407, 19.18751 ], [ 72.87918, 19.18873 ], [ 72.88465, 19.19724 ], [ 72.88042, 19.21101 ], [ 72.87502, 19.21754 ], [ 72.87166, 19.22324 ], [ 72.86955, 19.225 ], [ 72.86714, 19.22945 ], [ 72.86354, 19.23119 ], [ 72.86383, 19.23284 ] ], [ [ 72.91298, 19.26887 ], [ 72.91564, 19.26766 ], [ 72.91804, 19.26977 ], [ 72.91933, 19.27244 ], [ 72.91791, 19.27576 ], [ 72.91665, 19.27679 ], [ 72.9104, 19.27179 ], [ 72.91298, 19.26887 ] ], [ [ 72.92146, 19.28005 ], [ 72.92106, 19.27788 ], [ 72.92248, 19.27496 ], [ 72.92356, 19.27447 ], [ 72.92584, 19.27675 ], [ 72.92846, 19.27624 ], [ 72.92769, 19.28054 ], [ 72.9257, 19.28068 ], [ 72.9219, 19.28514 ], [ 72.92107, 19.28515 ], [ 72.92073, 19.2809 ], [ 72.92146, 19.28005 ] ], [ [ 72.93984, 19.23365 ], [ 72.94478, 19.22745 ], [ 72.94568, 19.22102 ], [ 72.94679, 19.22084 ], [ 72.95161, 19.22302 ], [ 72.95174, 19.22523 ], [ 72.94942, 19.22928 ], [ 72.95157, 19.23135 ], [ 72.95157, 19.23811 ], [ 72.94883, 19.24077 ], [ 72.94882, 19.24441 ], [ 72.94679, 19.24604 ], [ 72.94203, 19.24386 ], [ 72.94012, 19.23835 ], [ 72.93834, 19.23709 ], [ 72.93984, 19.23365 ] ] ], [ [ [ 72.89395, 19.32791 ], [ 72.89803, 19.32695 ], [ 72.897, 19.33364 ], [ 72.89862, 19.33332 ], [ 72.901, 19.33463 ], [ 72.90364, 19.33473 ], [ 72.9096, 19.32862 ], [ 72.9103, 19.3289 ], [ 72.90798, 19.34074 ], [ 72.91026, 19.3423 ], [ 72.91039, 19.34511 ], [ 72.91248, 19.34487 ], [ 72.91641, 19.33655 ], [ 72.92218, 19.33338 ], [ 72.92332, 19.3289 ], [ 72.92611, 19.3236 ], [ 72.9278, 19.32485 ], [ 72.92896, 19.32979 ], [ 72.92998, 19.33003 ], [ 72.93283, 19.32764 ], [ 72.9372, 19.31639 ], [ 72.93822, 19.3085 ], [ 72.94088, 19.30574 ], [ 72.94126, 19.30215 ], [ 72.93651, 19.2991 ], [ 72.93625, 19.29641 ], [ 72.93727, 19.29162 ], [ 72.93657, 19.29031 ], [ 72.93359, 19.28995 ], [ 72.93125, 19.2909 ], [ 72.93093, 19.2939 ], [ 72.92846, 19.29473 ], [ 72.92579, 19.29234 ], [ 72.91983, 19.29228 ], [ 72.91584, 19.29066 ], [ 72.91153, 19.29096 ], [ 72.9099, 19.29211 ], [ 72.90802, 19.29406 ], [ 72.90781, 19.2954 ], [ 72.90975, 19.29986 ], [ 72.90817, 19.29964 ], [ 72.90652, 19.30214 ], [ 72.90504, 19.30223 ], [ 72.90494, 19.30329 ], [ 72.90421, 19.30295 ], [ 72.90119, 19.30785 ], [ 72.89998, 19.31284 ], [ 72.90082, 19.31621 ], [ 72.89976, 19.31714 ], [ 72.90123, 19.31766 ], [ 72.90085, 19.31881 ], [ 72.89978, 19.31871 ], [ 72.89846, 19.32 ], [ 72.89859, 19.32207 ], [ 72.89753, 19.32298 ], [ 72.89727, 19.32132 ], [ 72.89596, 19.32115 ], [ 72.89395, 19.32791 ] ] ] ] } },
{ "type": "Feature", "properties": { "name": "Mathikettan Shola National Park", "Type": "National Park", "State": "Kerala", "Year": 2003.0 }, "geometry": { "type": "Polygon", "coordinates": [ [ [ 77.22329, 9.98259 ], [ 77.22663, 9.99282 ], [ 77.22972, 9.99793 ], [ 77.24783, 10.00778 ], [ 77.24934, 10.0104 ], [ 77.25334, 10.01261 ], [ 77.25299, 10.01615 ], [ 77.2571, 10.0185 ], [ 77.26149, 10.01948 ], [ 77.25723, 10.01513 ], [ 77.25753, 10.00811 ], [ 77.26444, 10.00201 ], [ 77.25826, 9.99446 ], [ 77.25848, 9.99125 ], [ 77.26384, 9.98943 ], [ 77.26358, 9.98614 ], [ 77.26504, 9.98009 ], [ 77.26723, 9.97561 ], [ 77.27041, 9.9716 ], [ 77.27075, 9.96386 ], [ 77.2611, 9.95473 ], [ 77.25307, 9.9527 ], [ 77.24869, 9.95249 ], [ 77.23014, 9.9604 ], [ 77.23021, 9.9637 ], [ 77.24217, 9.9667 ], [ 77.24118, 9.96961 ], [ 77.23505, 9.97232 ], [ 77.22836, 9.97196 ], [ 77.22571, 9.97317 ], [ 77.2232, 9.97891 ], [ 77.22329, 9.98259 ] ] ] } },
{ "type": "Feature", "properties": { "name": "Purna WLS", "Type": "Wildlife Sanctuary", "State": "Gujarat", "Year": 1990.0 }, "geometry": { "type": "Polygon", "coordinates": [ [ [ 73.49639, 20.99542 ], [ 73.50171, 20.9955 ], [ 73.50729, 20.9931 ], [ 73.51038, 20.99005 ], [ 73.51682, 20.98596 ], [ 73.52102, 20.98757 ], [ 73.52557, 20.98721 ], [ 73.5297, 20.98868 ], [ 73.53038, 20.99133 ], [ 73.5266, 20.99197 ], [ 73.52325, 20.99366 ], [ 73.52248, 20.99963 ], [ 73.523, 21.00355 ], [ 73.52493, 21.00592 ], [ 73.53128, 21.00916 ], [ 73.52961, 21.01389 ], [ 73.5254, 21.01934 ], [ 73.52493, 21.02182 ], [ 73.52592, 21.02454 ], [ 73.52823, 21.02591 ], [ 73.54064, 21.02198 ], [ 73.54467, 21.01938 ], [ 73.55321, 21.02414 ], [ 73.55557, 21.02382 ], [ 73.55703, 21.01962 ], [ 73.55686, 21.01709 ], [ 73.55497, 21.011 ], [ 73.55081, 21.00848 ], [ 73.5499, 21.00668 ], [ 73.54853, 21.00139 ], [ 73.54935, 20.99907 ], [ 73.56192, 20.99334 ], [ 73.56355, 20.99065 ], [ 73.56729, 20.98965 ], [ 73.57188, 20.99662 ], [ 73.57475, 20.9959 ], [ 73.57671, 20.98204 ], [ 73.57374, 20.97871 ], [ 73.57413, 20.97735 ], [ 73.5784, 20.97693 ], [ 73.58475, 20.97845 ], [ 73.58514, 20.97583 ], [ 73.58746, 20.97531 ], [ 73.58999, 20.97693 ], [ 73.59113, 20.97651 ], [ 73.59252, 20.9716 ], [ 73.59364, 20.97262 ], [ 73.59681, 20.98104 ], [ 73.60061, 20.98198 ], [ 73.60173, 20.98552 ], [ 73.6108, 20.98408 ], [ 73.61233, 20.98198 ], [ 73.612, 20.97997 ], [ 73.60816, 20.97731 ], [ 73.60548, 20.97693 ], [ 73.60578, 20.96861 ], [ 73.60685, 20.96779 ], [ 73.61069, 20.97004 ], [ 73.61481, 20.96761 ], [ 73.61514, 20.96623 ], [ 73.6226, 20.96685 ], [ 73.62507, 20.96348 ], [ 73.62653, 20.96332 ], [ 73.6335, 20.96747 ], [ 73.63509, 20.96657 ], [ 73.63629, 20.96228 ], [ 73.64576, 20.95641 ], [ 73.64859, 20.95599 ], [ 73.65546, 20.95797 ], [ 73.65953, 20.95501 ], [ 73.66185, 20.96178 ], [ 73.66657, 20.96146 ], [ 73.67275, 20.96348 ], [ 73.6764, 20.96132 ], [ 73.68073, 20.96232 ], [ 73.68155, 20.96264 ], [ 73.68024, 20.96418 ], [ 73.68007, 20.96625 ], [ 73.68464, 20.96755 ], [ 73.69069, 20.97547 ], [ 73.69206, 20.97597 ], [ 73.69453, 20.97454 ], [ 73.69968, 20.97541 ], [ 73.70401, 20.97484 ], [ 73.70661, 20.97747 ], [ 73.71219, 20.97999 ], [ 73.7126, 20.98226 ], [ 73.71365, 20.98304 ], [ 73.71536, 20.98278 ], [ 73.71886, 20.97492 ], [ 73.72094, 20.96765 ], [ 73.72193, 20.96719 ], [ 73.71221, 20.95074 ], [ 73.70667, 20.94857 ], [ 73.70251, 20.94429 ], [ 73.70273, 20.94096 ], [ 73.7041, 20.93811 ], [ 73.71058, 20.92793 ], [ 73.70865, 20.92525 ], [ 73.69852, 20.9208 ], [ 73.69642, 20.92148 ], [ 73.69281, 20.92653 ], [ 73.68766, 20.92954 ], [ 73.68264, 20.93591 ], [ 73.68127, 20.93443 ], [ 73.682, 20.92729 ], [ 73.68093, 20.91931 ], [ 73.68387, 20.91414 ], [ 73.67934, 20.91388 ], [ 73.67382, 20.91198 ], [ 73.6667, 20.90342 ], [ 73.66477, 20.89969 ], [ 73.66595, 20.89891 ], [ 73.67063, 20.89891 ], [ 73.67754, 20.89709 ], [ 73.6799, 20.89562 ], [ 73.68311, 20.88794 ], [ 73.68251, 20.88448 ], [ 73.6835, 20.88371 ], [ 73.68743, 20.88508 ], [ 73.69393, 20.89049 ], [ 73.69522, 20.89063 ], [ 73.6988, 20.88766 ], [ 73.70032, 20.87876 ], [ 73.70107, 20.87774 ], [ 73.70075, 20.87259 ], [ 73.69919, 20.86886 ], [ 73.69522, 20.87054 ], [ 73.69054, 20.85604 ], [ 73.68775, 20.85709 ], [ 73.68689, 20.86222 ], [ 73.68307, 20.86555 ], [ 73.68024, 20.86631 ], [ 73.67784, 20.86587 ], [ 73.67505, 20.86767 ], [ 73.67037, 20.86419 ], [ 73.67037, 20.86058 ], [ 73.66676, 20.85304 ], [ 73.66178, 20.83732 ], [ 73.65492, 20.82207 ], [ 73.65046, 20.8163 ], [ 73.63998, 20.81758 ], [ 73.6314, 20.82095 ], [ 73.62848, 20.83042 ], [ 73.62951, 20.83764 ], [ 73.62814, 20.85207 ], [ 73.62419, 20.86427 ], [ 73.62226, 20.87694 ], [ 73.62123, 20.87962 ], [ 73.62102, 20.8848 ], [ 73.61848, 20.88857 ], [ 73.61458, 20.89101 ], [ 73.61368, 20.89606 ], [ 73.61466, 20.89819 ], [ 73.61393, 20.90324 ], [ 73.61604, 20.90448 ], [ 73.61908, 20.90472 ], [ 73.6217, 20.89975 ], [ 73.62745, 20.89434 ], [ 73.63406, 20.8937 ], [ 73.63305, 20.90152 ], [ 73.63059, 20.90282 ], [ 73.62831, 20.9055 ], [ 73.62926, 20.9115 ], [ 73.62737, 20.91599 ], [ 73.62239, 20.91783 ], [ 73.61853, 20.92064 ], [ 73.61587, 20.92072 ], [ 73.61192, 20.91911 ], [ 73.59853, 20.92172 ], [ 73.59439, 20.92461 ], [ 73.59475, 20.92601 ], [ 73.5925, 20.92597 ], [ 73.59072, 20.92697 ], [ 73.59166, 20.9289 ], [ 73.59035, 20.92869 ], [ 73.58816, 20.92667 ], [ 73.58625, 20.92679 ], [ 73.57977, 20.93128 ], [ 73.5763, 20.93224 ], [ 73.57591, 20.93393 ], [ 73.57726, 20.9391 ], [ 73.58155, 20.94028 ], [ 73.58132, 20.9425 ], [ 73.58379, 20.94769 ], [ 73.58314, 20.95036 ], [ 73.58383, 20.95222 ], [ 73.57949, 20.96006 ], [ 73.57542, 20.9637 ], [ 73.57452, 20.96368 ], [ 73.57422, 20.9622 ], [ 73.57608, 20.95471 ], [ 73.57533, 20.95256 ], [ 73.57194, 20.95104 ], [ 73.57085, 20.94817 ], [ 73.56721, 20.94651 ], [ 73.56502, 20.94446 ], [ 73.56333, 20.94358 ], [ 73.56127, 20.94426 ], [ 73.56044, 20.9437 ], [ 73.55885, 20.93995 ], [ 73.55393, 20.93973 ], [ 73.55078, 20.93022 ], [ 73.54694, 20.92763 ], [ 73.54709, 20.92491 ], [ 73.54521, 20.92182 ], [ 73.54089, 20.91873 ], [ 73.53847, 20.9197 ], [ 73.53755, 20.92132 ], [ 73.53918, 20.92264 ], [ 73.54334, 20.9319 ], [ 73.54742, 20.93767 ], [ 73.54684, 20.9403 ], [ 73.54557, 20.9409 ], [ 73.54538, 20.94202 ], [ 73.54712, 20.94619 ], [ 73.54553, 20.94966 ], [ 73.54332, 20.9501 ], [ 73.5436, 20.95847 ], [ 73.54089, 20.95904 ], [ 73.53958, 20.95843 ], [ 73.5395, 20.95411 ], [ 73.53748, 20.9509 ], [ 73.536, 20.95086 ], [ 73.53237, 20.95264 ], [ 73.53209, 20.95573 ], [ 73.53049, 20.95968 ], [ 73.52855, 20.96086 ], [ 73.52731, 20.95962 ], [ 73.52617, 20.95375 ], [ 73.52368, 20.9493 ], [ 73.52107, 20.94878 ], [ 73.51471, 20.9503 ], [ 73.50798, 20.95543 ], [ 73.50175, 20.96264 ], [ 73.50677, 20.96475 ], [ 73.50813, 20.96671 ], [ 73.51029, 20.9712 ], [ 73.50976, 20.97424 ], [ 73.50877, 20.97529 ], [ 73.50557, 20.97444 ], [ 73.50519, 20.97364 ], [ 73.5065, 20.97228 ], [ 73.50667, 20.96994 ], [ 73.50214, 20.96406 ], [ 73.49987, 20.96511 ], [ 73.49744, 20.96813 ], [ 73.4909, 20.96955 ], [ 73.49012, 20.99005 ], [ 73.49639, 20.99542 ] ] ] } },
{ "type": "Feature", "properties": { "name": "Karnala WLS", "Type": "Wildlife Sanctuary", "State": "Maharashtra", "Year": 1968.0 }, "geometry": { "type": "Polygon", "coordinates": [ [ [ 73.08711, 18.88603 ], [ 73.09003, 18.88746 ], [ 73.0876, 18.89171 ], [ 73.09558, 18.90117 ], [ 73.0991, 18.9015 ], [ 73.10133, 18.90407 ], [ 73.11931, 18.89918 ], [ 73.12642, 18.90878 ], [ 73.12884, 18.9084 ], [ 73.13107, 18.90765 ], [ 73.13176, 18.9059 ], [ 73.13159, 18.90464 ], [ 73.12876, 18.90137 ], [ 73.12976, 18.89955 ], [ 73.13457, 18.89744 ], [ 73.13406, 18.89589 ], [ 73.12933, 18.89232 ], [ 73.12706, 18.8894 ], [ 73.12603, 18.88619 ], [ 73.12865, 18.87766 ], [ 73.13987, 18.86643 ], [ 73.14047, 18.86389 ], [ 73.13953, 18.86048 ], [ 73.13697, 18.85807 ], [ 73.13401, 18.85843 ], [ 73.13135, 18.86075 ], [ 73.12753, 18.86152 ], [ 73.12277, 18.85059 ], [ 73.11981, 18.84887 ], [ 73.1179, 18.84883 ], [ 73.10809, 18.85418 ], [ 73.11339, 18.86298 ], [ 73.10723, 18.86861 ], [ 73.10775, 18.87291 ], [ 73.10966, 18.87726 ], [ 73.10612, 18.87843 ], [ 73.10678, 18.88432 ], [ 73.1062, 18.88694 ], [ 73.10127, 18.88862 ], [ 73.09758, 18.88763 ], [ 73.09704, 18.88582 ], [ 73.09474, 18.88359 ], [ 73.0938, 18.88081 ], [ 73.08831, 18.8751 ], [ 73.08045, 18.88034 ], [ 73.08711, 18.88603 ] ] ] } },
{ "type": "Feature", "properties": { "name": "Kannyakumari WLS", "Type": "Wildlife Sanctuary", "State": "Tamil Nadu", "Year": 2002.0 }, "geometry": { "type": "MultiPolygon", "coordinates": [ [ [ [ 77.20785, 8.50935 ], [ 77.21116, 8.51507 ], [ 77.21587, 8.51258 ], [ 77.22358, 8.51159 ], [ 77.23081, 8.50759 ], [ 77.23741, 8.50205 ], [ 77.23934, 8.49888 ], [ 77.24135, 8.49941 ], [ 77.24279, 8.50149 ], [ 77.24522, 8.50182 ], [ 77.2535, 8.50601 ], [ 77.25645, 8.50523 ], [ 77.25743, 8.50666 ], [ 77.26191, 8.50512 ], [ 77.26344, 8.50713 ], [ 77.2645, 8.51245 ], [ 77.26575, 8.51334 ], [ 77.26574, 8.51799 ], [ 77.26818, 8.52091 ], [ 77.27014, 8.52945 ], [ 77.27409, 8.53394 ], [ 77.27512, 8.53621 ], [ 77.27987, 8.53907 ], [ 77.28086, 8.54394 ], [ 77.28989, 8.54221 ], [ 77.29401, 8.53795 ], [ 77.31937, 8.52475 ], [ 77.33989, 8.51584 ], [ 77.35208, 8.50871 ], [ 77.38873, 8.48366 ], [ 77.43027, 8.46864 ], [ 77.4628, 8.45582 ], [ 77.46366, 8.44945 ], [ 77.46211, 8.43417 ], [ 77.46788, 8.40969 ], [ 77.4728, 8.39596 ], [ 77.48996, 8.3824 ], [ 77.51558, 8.37388 ], [ 77.53471, 8.35788 ], [ 77.53574, 8.35501 ], [ 77.53543, 8.35196 ], [ 77.53928, 8.34733 ], [ 77.53891, 8.34258 ], [ 77.54007, 8.33881 ], [ 77.53989, 8.3362 ], [ 77.54081, 8.33568 ], [ 77.53884, 8.33395 ], [ 77.53378, 8.33342 ], [ 77.53397, 8.33034 ], [ 77.53268, 8.32902 ], [ 77.53241, 8.32628 ], [ 77.53462, 8.32529 ], [ 77.53079, 8.31934 ], [ 77.54206, 8.31069 ], [ 77.54455, 8.30355 ], [ 77.54414, 8.30104 ], [ 77.54337, 8.29951 ], [ 77.53852, 8.2986 ], [ 77.53762, 8.29739 ], [ 77.53745, 8.29416 ], [ 77.53939, 8.29036 ], [ 77.54197, 8.29035 ], [ 77.5454, 8.28789 ], [ 77.5458, 8.28352 ], [ 77.55069, 8.27995 ], [ 77.55167, 8.2766 ], [ 77.55069, 8.27027 ], [ 77.54683, 8.26743 ], [ 77.54283, 8.26717 ], [ 77.53906, 8.26972 ], [ 77.53575, 8.27027 ], [ 77.53275, 8.26891 ], [ 77.52966, 8.2718 ], [ 77.52807, 8.27596 ], [ 77.52563, 8.27915 ], [ 77.52099, 8.27741 ], [ 77.51747, 8.27448 ], [ 77.5055, 8.27426 ], [ 77.48812, 8.27214 ], [ 77.47747, 8.27401 ], [ 77.46476, 8.27417 ], [ 77.46196, 8.27886 ], [ 77.45771, 8.28114 ], [ 77.45798, 8.28485 ], [ 77.46063, 8.28832 ], [ 77.46636, 8.2907 ], [ 77.46898, 8.29017 ], [ 77.47104, 8.28787 ], [ 77.47348, 8.28819 ], [ 77.47494, 8.28904 ], [ 77.47443, 8.29238 ], [ 77.47327, 8.29403 ], [ 77.47541, 8.29433 ], [ 77.47582, 8.29624 ], [ 77.47679, 8.29681 ], [ 77.48438, 8.29626 ], [ 77.48898, 8.29771 ], [ 77.4931, 8.30093 ], [ 77.49477, 8.30467 ], [ 77.49134, 8.31036 ], [ 77.48383, 8.31227 ], [ 77.48164, 8.31393 ], [ 77.47584, 8.31265 ], [ 77.47215, 8.31295 ], [ 77.46353, 8.32004 ], [ 77.45808, 8.32735 ], [ 77.45481, 8.32849 ], [ 77.44954, 8.33342 ], [ 77.44683, 8.33134 ], [ 77.44207, 8.33193 ], [ 77.43937, 8.33125 ], [ 77.43709, 8.32807 ], [ 77.43632, 8.32486 ], [ 77.43357, 8.32257 ], [ 77.43275, 8.32239 ], [ 77.43151, 8.32391 ], [ 77.43084, 8.32355 ], [ 77.42953, 8.32014 ], [ 77.4273, 8.32119 ], [ 77.42676, 8.32238 ], [ 77.42325, 8.3217 ], [ 77.42083, 8.3276 ], [ 77.41911, 8.33745 ], [ 77.42224, 8.3389 ], [ 77.43151, 8.33868 ], [ 77.43276, 8.3445 ], [ 77.43537, 8.34357 ], [ 77.43945, 8.34403 ], [ 77.44048, 8.35125 ], [ 77.4434, 8.35248 ], [ 77.44846, 8.35002 ], [ 77.4525, 8.34985 ], [ 77.4537, 8.35155 ], [ 77.45224, 8.35503 ], [ 77.44591, 8.35747 ], [ 77.44718, 8.36085 ], [ 77.44018, 8.36807 ], [ 77.43374, 8.36815 ], [ 77.43125, 8.37036 ], [ 77.42722, 8.37193 ], [ 77.41679, 8.37167 ], [ 77.40958, 8.37783 ], [ 77.39885, 8.37575 ], [ 77.39641, 8.37473 ], [ 77.39306, 8.37163 ], [ 77.39295, 8.3707 ], [ 77.39555, 8.3679 ], [ 77.40237, 8.36488 ], [ 77.40887, 8.35951 ], [ 77.40932, 8.35711 ], [ 77.41295, 8.35236 ], [ 77.41621, 8.34195 ], [ 77.41664, 8.33588 ], [ 77.4142, 8.33473 ], [ 77.4113, 8.33473 ], [ 77.40924, 8.33609 ], [ 77.40581, 8.33456 ], [ 77.40082, 8.33801 ], [ 77.40058, 8.33928 ], [ 77.39439, 8.33992 ], [ 77.391, 8.34348 ], [ 77.38782, 8.34527 ], [ 77.3725, 8.34524 ], [ 77.36671, 8.34735 ], [ 77.35989, 8.34781 ], [ 77.35465, 8.35062 ], [ 77.3519, 8.35261 ], [ 77.35122, 8.35418 ], [ 77.35654, 8.3617 ], [ 77.35332, 8.36403 ], [ 77.34555, 8.36238 ], [ 77.33315, 8.37059 ], [ 77.33229, 8.37004 ], [ 77.32783, 8.37129 ], [ 77.318, 8.37575 ], [ 77.3162, 8.38148 ], [ 77.31191, 8.38361 ], [ 77.30689, 8.3929 ], [ 77.31032, 8.39341 ], [ 77.31204, 8.39507 ], [ 77.31783, 8.39711 ], [ 77.32092, 8.39651 ], [ 77.32191, 8.39872 ], [ 77.31628, 8.40734 ], [ 77.3098, 8.40687 ], [ 77.30611, 8.40339 ], [ 77.30425, 8.40324 ], [ 77.30382, 8.40451 ], [ 77.30513, 8.41095 ], [ 77.30697, 8.41394 ], [ 77.30916, 8.41519 ], [ 77.31755, 8.41676 ], [ 77.31779, 8.41978 ], [ 77.31599, 8.42381 ], [ 77.30886, 8.42224 ], [ 77.30757, 8.42555 ], [ 77.30852, 8.42916 ], [ 77.30803, 8.43128 ], [ 77.30548, 8.43163 ], [ 77.3091, 8.43714 ], [ 77.31208, 8.43684 ], [ 77.3141, 8.43565 ], [ 77.3165, 8.43669 ], [ 77.31487, 8.44155 ], [ 77.31607, 8.44215 ], [ 77.31697, 8.44529 ], [ 77.31319, 8.44665 ], [ 77.31162, 8.44897 ], [ 77.30897, 8.44944 ], [ 77.30671, 8.45459 ], [ 77.30506, 8.45461 ], [ 77.29774, 8.45807 ], [ 77.29498, 8.45565 ], [ 77.29737, 8.45314 ], [ 77.2961, 8.45137 ], [ 77.29581, 8.44747 ], [ 77.29638, 8.44636 ], [ 77.29516, 8.44257 ], [ 77.29122, 8.43951 ], [ 77.28223, 8.44086 ], [ 77.28032, 8.44424 ], [ 77.27848, 8.44576 ], [ 77.27974, 8.4454 ], [ 77.28043, 8.44601 ], [ 77.27869, 8.44754 ], [ 77.27721, 8.45128 ], [ 77.27395, 8.45276 ], [ 77.26749, 8.45353 ], [ 77.25867, 8.45996 ], [ 77.2556, 8.46023 ], [ 77.25412, 8.45906 ], [ 77.25275, 8.46083 ], [ 77.25309, 8.46386 ], [ 77.25219, 8.46658 ], [ 77.24734, 8.47154 ], [ 77.23981, 8.47687 ], [ 77.22908, 8.48056 ], [ 77.22354, 8.48477 ], [ 77.21784, 8.48757 ], [ 77.21118, 8.48837 ], [ 77.2103, 8.4863 ], [ 77.20798, 8.49467 ], [ 77.19881, 8.5057 ], [ 77.20785, 8.50935 ] ], [ [ 77.38984, 8.45283 ], [ 77.39383, 8.45677 ], [ 77.39244, 8.4587 ], [ 77.39218, 8.46159 ], [ 77.39334, 8.46671 ], [ 77.39248, 8.46806 ], [ 77.38984, 8.4687 ], [ 77.38926, 8.46632 ], [ 77.39061, 8.46473 ], [ 77.39143, 8.46076 ], [ 77.38892, 8.4579 ], [ 77.38969, 8.45609 ], [ 77.38821, 8.45435 ], [ 77.38984, 8.45283 ] ], [ [ 77.40449, 8.44787 ], [ 77.404, 8.44163 ], [ 77.40518, 8.44065 ], [ 77.4073, 8.44068 ], [ 77.41251, 8.43653 ], [ 77.4129, 8.43531 ], [ 77.41629, 8.43381 ], [ 77.41851, 8.43149 ], [ 77.41964, 8.43107 ], [ 77.41995, 8.43254 ], [ 77.42133, 8.43253 ], [ 77.4244, 8.43036 ], [ 77.4248, 8.42973 ], [ 77.42354, 8.42911 ], [ 77.42118, 8.42929 ], [ 77.42353, 8.4282 ], [ 77.4243, 8.42619 ], [ 77.42651, 8.42453 ], [ 77.42696, 8.42493 ], [ 77.42631, 8.42617 ], [ 77.42982, 8.4285 ], [ 77.42917, 8.42979 ], [ 77.42735, 8.4312 ], [ 77.42616, 8.42939 ], [ 77.42528, 8.42935 ], [ 77.42473, 8.43386 ], [ 77.42075, 8.43586 ], [ 77.42085, 8.4372 ], [ 77.42175, 8.43741 ], [ 77.42398, 8.43557 ], [ 77.42554, 8.43618 ], [ 77.42673, 8.43518 ], [ 77.42734, 8.43589 ], [ 77.42614, 8.43722 ], [ 77.42007, 8.44089 ], [ 77.4158, 8.44214 ], [ 77.41335, 8.44158 ], [ 77.41207, 8.44516 ], [ 77.40766, 8.44581 ], [ 77.40703, 8.44675 ], [ 77.40702, 8.44808 ], [ 77.41499, 8.45338 ], [ 77.41486, 8.45588 ], [ 77.41289, 8.45794 ], [ 77.40978, 8.45813 ], [ 77.40906, 8.46244 ], [ 77.40729, 8.46303 ], [ 77.40423, 8.46183 ], [ 77.40321, 8.45652 ], [ 77.40413, 8.45529 ], [ 77.40427, 8.45209 ], [ 77.40181, 8.45186 ], [ 77.40178, 8.45022 ], [ 77.40449, 8.44787 ] ], [ [ 77.50586, 8.36158 ], [ 77.51338, 8.3593 ], [ 77.51413, 8.3594 ], [ 77.51318, 8.36023 ], [ 77.51348, 8.362 ], [ 77.51622, 8.36136 ], [ 77.51374, 8.36292 ], [ 77.51377, 8.36554 ], [ 77.51052, 8.36644 ], [ 77.50841, 8.36383 ], [ 77.50496, 8.36421 ], [ 77.50423, 8.36282 ], [ 77.50586, 8.36158 ] ] ], [ [ [ 77.37594, 8.30968 ], [ 77.37851, 8.31996 ], [ 77.3807, 8.32527 ], [ 77.38259, 8.32747 ], [ 77.39113, 8.32225 ], [ 77.39716, 8.31741 ], [ 77.39896, 8.31565 ], [ 77.40016, 8.31234 ], [ 77.40229, 8.31297 ], [ 77.40808, 8.30915 ], [ 77.41269, 8.30463 ], [ 77.41357, 8.30187 ], [ 77.41143, 8.29087 ], [ 77.4101, 8.28998 ], [ 77.41181, 8.2859 ], [ 77.40203, 8.28883 ], [ 77.40005, 8.28662 ], [ 77.40965, 8.27662 ], [ 77.4072, 8.27516 ], [ 77.4019, 8.27601 ], [ 77.39475, 8.27152 ], [ 77.39233, 8.2715 ], [ 77.38778, 8.27392 ], [ 77.38409, 8.27707 ], [ 77.38714, 8.29121 ], [ 77.37891, 8.29816 ], [ 77.37933, 8.30031 ], [ 77.37568, 8.30501 ], [ 77.37594, 8.30968 ] ] ], [ [ [ 77.49357, 8.2144 ], [ 77.5065, 8.22521 ], [ 77.51198, 8.22523 ], [ 77.51641, 8.22342 ], [ 77.52383, 8.22373 ], [ 77.52232, 8.23358 ], [ 77.52655, 8.23881 ], [ 77.52865, 8.23952 ], [ 77.53176, 8.23523 ], [ 77.54299, 8.2294 ], [ 77.54444, 8.22789 ], [ 77.54389, 8.22521 ], [ 77.54077, 8.22396 ], [ 77.54191, 8.22226 ], [ 77.54788, 8.22076 ], [ 77.54691, 8.21735 ], [ 77.54477, 8.21661 ], [ 77.54718, 8.20815 ], [ 77.54972, 8.2055 ], [ 77.55308, 8.2052 ], [ 77.55689, 8.2024 ], [ 77.55594, 8.20015 ], [ 77.55022, 8.20259 ], [ 77.54584, 8.19947 ], [ 77.54509, 8.19739 ], [ 77.54592, 8.19599 ], [ 77.54839, 8.19382 ], [ 77.55189, 8.19361 ], [ 77.55325, 8.19091 ], [ 77.55294, 8.18964 ], [ 77.55059, 8.18955 ], [ 77.54335, 8.18518 ], [ 77.54751, 8.18063 ], [ 77.54715, 8.17864 ], [ 77.54114, 8.17515 ], [ 77.53811, 8.17245 ], [ 77.53613, 8.167 ], [ 77.53196, 8.16723 ], [ 77.53003, 8.16642 ], [ 77.52946, 8.1654 ], [ 77.5301, 8.16336 ], [ 77.52449, 8.16331 ], [ 77.52381, 8.16276 ], [ 77.52455, 8.16064 ], [ 77.52258, 8.15892 ], [ 77.51849, 8.16034 ], [ 77.52145, 8.16608 ], [ 77.52684, 8.16789 ], [ 77.52685, 8.1731 ], [ 77.53314, 8.17944 ], [ 77.53587, 8.18396 ], [ 77.53485, 8.18915 ], [ 77.53105, 8.19537 ], [ 77.52421, 8.20225 ], [ 77.51805, 8.20328 ], [ 77.5147, 8.20619 ], [ 77.50183, 8.20804 ], [ 77.49326, 8.2112 ], [ 77.49357, 8.2144 ] ] ] ] } },
{ "type": "Feature", "properties": { "name": "Gangaikondan spotted Deer WLS", "Type": "Wildlife Sanctuary", "State": "Tamil Nadu", "Year": 2013.0 }, "geometry": { "type": "Polygon", "coordinates": [ [ [ 77.76469, 8.8343 ], [ 77.76861, 8.83173 ], [ 77.76865, 8.8304 ], [ 77.77741, 8.82957 ], [ 77.77752, 8.82861 ], [ 77.77957, 8.82733 ], [ 77.77843, 8.82528 ], [ 77.77892, 8.82478 ], [ 77.77163, 8.81848 ], [ 77.77017, 8.81857 ], [ 77.76833, 8.82103 ], [ 77.7632, 8.81796 ], [ 77.76016, 8.82098 ], [ 77.7581, 8.82183 ], [ 77.75705, 8.82079 ], [ 77.75385, 8.82375 ], [ 77.76469, 8.8343 ] ] ] } },
{ "type": "Feature", "properties": { "name": "Painganga WLS", "Type": "Wildlife Sanctuary", "State": "Maharashtra", "Year": 1986.0 }, "geometry": { "type": "Polygon", "coordinates": [ [ [ 77.85799, 19.62727 ], [ 77.86378, 19.62707 ], [ 77.86768, 19.62867 ], [ 77.86939, 19.63176 ], [ 77.86978, 19.63952 ], [ 77.87142, 19.64326 ], [ 77.875, 19.64125 ], [ 77.87656, 19.63912 ], [ 77.88214, 19.64303 ], [ 77.88576, 19.65164 ], [ 77.88552, 19.65349 ], [ 77.8832, 19.65402 ], [ 77.88376, 19.65699 ], [ 77.88291, 19.659 ], [ 77.88117, 19.65954 ], [ 77.8796, 19.6612 ], [ 77.87828, 19.65981 ], [ 77.87728, 19.66019 ], [ 77.87837, 19.66387 ], [ 77.87803, 19.66641 ], [ 77.87906, 19.6677 ], [ 77.88991, 19.66562 ], [ 77.88991, 19.66232 ], [ 77.89267, 19.66169 ], [ 77.89349, 19.6647 ], [ 77.89966, 19.66369 ], [ 77.90081, 19.66916 ], [ 77.90439, 19.66932 ], [ 77.90474, 19.671 ], [ 77.90683, 19.67356 ], [ 77.90763, 19.67228 ], [ 77.91267, 19.67396 ], [ 77.91526, 19.67569 ], [ 77.91616, 19.67387 ], [ 77.91465, 19.67183 ], [ 77.91302, 19.67194 ], [ 77.91194, 19.66945 ], [ 77.91231, 19.66602 ], [ 77.91313, 19.66441 ], [ 77.91388, 19.66498 ], [ 77.91844, 19.66303 ], [ 77.92155, 19.66315 ], [ 77.92149, 19.66107 ], [ 77.91837, 19.65989 ], [ 77.91807, 19.65863 ], [ 77.91949, 19.65764 ], [ 77.91908, 19.65635 ], [ 77.91743, 19.65613 ], [ 77.91841, 19.65237 ], [ 77.92134, 19.65305 ], [ 77.9246, 19.65205 ], [ 77.92697, 19.65241 ], [ 77.92711, 19.65488 ], [ 77.92918, 19.65665 ], [ 77.93066, 19.65674 ], [ 77.93241, 19.65415 ], [ 77.93486, 19.65465 ], [ 77.93558, 19.65298 ], [ 77.9377, 19.6524 ], [ 77.93816, 19.65465 ], [ 77.93418, 19.65852 ], [ 77.93446, 19.65978 ], [ 77.93589, 19.65985 ], [ 77.9383, 19.65698 ], [ 77.94372, 19.65413 ], [ 77.94357, 19.65324 ], [ 77.94795, 19.65175 ], [ 77.94867, 19.65383 ], [ 77.95165, 19.65702 ], [ 77.95267, 19.66583 ], [ 77.94841, 19.67136 ], [ 77.94736, 19.67134 ], [ 77.94701, 19.66948 ], [ 77.94571, 19.66892 ], [ 77.9432, 19.67401 ], [ 77.94188, 19.67501 ], [ 77.94272, 19.67691 ], [ 77.94231, 19.67762 ], [ 77.93987, 19.67793 ], [ 77.93784, 19.6798 ], [ 77.93732, 19.68258 ], [ 77.93404, 19.68351 ], [ 77.94299, 19.68818 ], [ 77.94751, 19.68966 ], [ 77.94789, 19.69116 ], [ 77.94952, 19.69087 ], [ 77.95035, 19.69817 ], [ 77.95456, 19.70126 ], [ 77.9583, 19.70179 ], [ 77.96062, 19.70316 ], [ 77.96122, 19.70078 ], [ 77.96538, 19.69609 ], [ 77.96469, 19.69318 ], [ 77.9604, 19.6925 ], [ 77.95825, 19.68813 ], [ 77.9583, 19.68551 ], [ 77.96207, 19.68349 ], [ 77.96834, 19.68607 ], [ 77.97328, 19.68204 ], [ 77.9703, 19.6746 ], [ 77.96845, 19.67288 ], [ 77.96347, 19.67372 ], [ 77.96224, 19.6675 ], [ 77.97362, 19.66518 ], [ 77.97049, 19.66191 ], [ 77.96907, 19.65609 ], [ 77.9674, 19.65431 ], [ 77.95967, 19.65471 ], [ 77.95684, 19.6539 ], [ 77.95288, 19.65222 ], [ 77.95181, 19.65076 ], [ 77.95271, 19.65033 ], [ 77.95192, 19.6494 ], [ 77.95701, 19.64518 ], [ 77.95797, 19.64609 ], [ 77.95874, 19.64448 ], [ 77.96325, 19.64273 ], [ 77.96504, 19.6434 ], [ 77.96514, 19.64626 ], [ 77.96638, 19.64703 ], [ 77.96538, 19.64389 ], [ 77.96571, 19.64268 ], [ 77.96824, 19.64062 ], [ 77.96893, 19.64173 ], [ 77.97516, 19.63643 ], [ 77.97557, 19.6334 ], [ 77.97703, 19.63338 ], [ 77.97897, 19.6347 ], [ 77.97877, 19.63676 ], [ 77.97509, 19.64056 ], [ 77.97689, 19.6446 ], [ 77.97869, 19.6417 ], [ 77.98321, 19.64128 ], [ 77.98532, 19.6419 ], [ 77.98693, 19.64737 ], [ 77.98954, 19.64814 ], [ 77.99278, 19.64494 ], [ 77.99284, 19.64318 ], [ 77.99673, 19.64332 ], [ 77.99761, 19.64069 ], [ 77.99733, 19.63826 ], [ 78.00071, 19.63754 ], [ 78.00252, 19.63586 ], [ 78.00381, 19.63314 ], [ 78.00748, 19.63087 ], [ 78.01323, 19.63031 ], [ 78.01459, 19.63498 ], [ 78.01191, 19.63458 ], [ 78.01082, 19.63521 ], [ 78.01072, 19.63675 ], [ 78.00894, 19.63714 ], [ 78.00845, 19.63935 ], [ 78.01034, 19.64102 ], [ 78.00486, 19.64549 ], [ 78.00354, 19.64956 ], [ 78.00388, 19.65074 ], [ 78.00552, 19.6514 ], [ 78.00598, 19.65547 ], [ 78.00692, 19.65597 ], [ 78.01096, 19.65413 ], [ 78.01421, 19.66129 ], [ 78.0186, 19.66569 ], [ 78.02282, 19.67429 ], [ 78.02915, 19.67566 ], [ 78.02937, 19.67503 ], [ 78.03162, 19.67505 ], [ 78.03673, 19.67597 ], [ 78.04084, 19.67498 ], [ 78.04048, 19.68041 ], [ 78.04119, 19.68364 ], [ 78.04388, 19.68735 ], [ 78.04353, 19.68967 ], [ 78.03631, 19.68879 ], [ 78.03702, 19.69248 ], [ 78.05002, 19.68851 ], [ 78.05337, 19.68157 ], [ 78.05557, 19.67316 ], [ 78.05367, 19.66852 ], [ 78.05337, 19.66355 ], [ 78.05434, 19.6625 ], [ 78.05329, 19.66081 ], [ 78.04479, 19.66271 ], [ 78.04272, 19.65505 ], [ 78.03797, 19.64709 ], [ 78.03316, 19.64784 ], [ 78.03242, 19.64099 ], [ 78.03711, 19.64043 ], [ 78.03886, 19.63599 ], [ 78.03994, 19.6352 ], [ 78.05176, 19.63395 ], [ 78.05178, 19.63202 ], [ 78.05617, 19.63232 ], [ 78.05546, 19.64812 ], [ 78.05425, 19.65051 ], [ 78.0576, 19.661 ], [ 78.06177, 19.65962 ], [ 78.06441, 19.66065 ], [ 78.06868, 19.65997 ], [ 78.07293, 19.65533 ], [ 78.0756, 19.65088 ], [ 78.07611, 19.64727 ], [ 78.07984, 19.63982 ], [ 78.08368, 19.6375 ], [ 78.09073, 19.63557 ], [ 78.09456, 19.6365 ], [ 78.09723, 19.63876 ], [ 78.09757, 19.64685 ], [ 78.1024, 19.65082 ], [ 78.10486, 19.65436 ], [ 78.10719, 19.65533 ], [ 78.10859, 19.65543 ], [ 78.11876, 19.64995 ], [ 78.12245, 19.64872 ], [ 78.12545, 19.64959 ], [ 78.12776, 19.65436 ], [ 78.12928, 19.66245 ], [ 78.13043, 19.66329 ], [ 78.13219, 19.66345 ], [ 78.13999, 19.66081 ], [ 78.13423, 19.65581 ], [ 78.13464, 19.65307 ], [ 78.13594, 19.65098 ], [ 78.13762, 19.65086 ], [ 78.13852, 19.64875 ], [ 78.14034, 19.64785 ], [ 78.14598, 19.64753 ], [ 78.14576, 19.64629 ], [ 78.15631, 19.64461 ], [ 78.15927, 19.63879 ], [ 78.16888, 19.63636 ], [ 78.17249, 19.64513 ], [ 78.17669, 19.64352 ], [ 78.17747, 19.64623 ], [ 78.17455, 19.64764 ], [ 78.17492, 19.65038 ], [ 78.17716, 19.65058 ], [ 78.17943, 19.64918 ], [ 78.18135, 19.64571 ], [ 78.18237, 19.64165 ], [ 78.18737, 19.63541 ], [ 78.18785, 19.63281 ], [ 78.1776, 19.63446 ], [ 78.17738, 19.63301 ], [ 78.17562, 19.63281 ], [ 78.17425, 19.63018 ], [ 78.17433, 19.62201 ], [ 78.17047, 19.61874 ], [ 78.16961, 19.61712 ], [ 78.1742, 19.61365 ], [ 78.17365, 19.60726 ], [ 78.17648, 19.60212 ], [ 78.18961, 19.60152 ], [ 78.18828, 19.59897 ], [ 78.1903, 19.58725 ], [ 78.18446, 19.57904 ], [ 78.1833, 19.57479 ], [ 78.18433, 19.57055 ], [ 78.18738, 19.56776 ], [ 78.18796, 19.56193 ], [ 78.1874, 19.55904 ], [ 78.18373, 19.55621 ], [ 78.16472, 19.55445 ], [ 78.1623, 19.55358 ], [ 78.15996, 19.5499 ], [ 78.15228, 19.54697 ], [ 78.14657, 19.54701 ], [ 78.12783, 19.55263 ], [ 78.12144, 19.5518 ], [ 78.12138, 19.55522 ], [ 78.11983, 19.55591 ], [ 78.11844, 19.55599 ], [ 78.11674, 19.55465 ], [ 78.11567, 19.55194 ], [ 78.1109, 19.54883 ], [ 78.11035, 19.54556 ], [ 78.11159, 19.53779 ], [ 78.11548, 19.53805 ], [ 78.1154, 19.53955 ], [ 78.11647, 19.53989 ], [ 78.1187, 19.53789 ], [ 78.11906, 19.53635 ], [ 78.11758, 19.5338 ], [ 78.11361, 19.53241 ], [ 78.11134, 19.53273 ], [ 78.11034, 19.53112 ], [ 78.1078, 19.53038 ], [ 78.10715, 19.52773 ], [ 78.11055, 19.52569 ], [ 78.11066, 19.52793 ], [ 78.11695, 19.52648 ], [ 78.11605, 19.52206 ], [ 78.11399, 19.52147 ], [ 78.1115, 19.51915 ], [ 78.11312, 19.51327 ], [ 78.12228, 19.51523 ], [ 78.1242, 19.5136 ], [ 78.12134, 19.51002 ], [ 78.1189, 19.49441 ], [ 78.11262, 19.48734 ], [ 78.11182, 19.48389 ], [ 78.11053, 19.48283 ], [ 78.1062, 19.48168 ], [ 78.10035, 19.48412 ], [ 78.09574, 19.48487 ], [ 78.08967, 19.47987 ], [ 78.08538, 19.47751 ], [ 78.08436, 19.47513 ], [ 78.07435, 19.46746 ], [ 78.06859, 19.4617 ], [ 78.06497, 19.46058 ], [ 78.05875, 19.46456 ], [ 78.05752, 19.46628 ], [ 78.05954, 19.46625 ], [ 78.05922, 19.46839 ], [ 78.05688, 19.46821 ], [ 78.05596, 19.46916 ], [ 78.05498, 19.46869 ], [ 78.05375, 19.47053 ], [ 78.05476, 19.47223 ], [ 78.05703, 19.47028 ], [ 78.05897, 19.47111 ], [ 78.05562, 19.47325 ], [ 78.05202, 19.47225 ], [ 78.04603, 19.47432 ], [ 78.04691, 19.47534 ], [ 78.0496, 19.47488 ], [ 78.04997, 19.47539 ], [ 78.04585, 19.4776 ], [ 78.04299, 19.47713 ], [ 78.03924, 19.4829 ], [ 78.03973, 19.48457 ], [ 78.02913, 19.4916 ], [ 78.02962, 19.49425 ], [ 78.0314, 19.49476 ], [ 78.03141, 19.49719 ], [ 78.02235, 19.49631 ], [ 78.01949, 19.49701 ], [ 78.01833, 19.49477 ], [ 78.00549, 19.48794 ], [ 78.00332, 19.48859 ], [ 78.00265, 19.48599 ], [ 78.00073, 19.48385 ], [ 77.99478, 19.48366 ], [ 77.99207, 19.48852 ], [ 77.99348, 19.49417 ], [ 77.99209, 19.49638 ], [ 77.98571, 19.49859 ], [ 77.98534, 19.50307 ], [ 77.98381, 19.50538 ], [ 77.98033, 19.50805 ], [ 77.98119, 19.51109 ], [ 77.98763, 19.51391 ], [ 77.98795, 19.51546 ], [ 77.98696, 19.51614 ], [ 77.98216, 19.51381 ], [ 77.98107, 19.51591 ], [ 77.97675, 19.51565 ], [ 77.97409, 19.51816 ], [ 77.9749, 19.5233 ], [ 77.9733, 19.52534 ], [ 77.9623, 19.5319 ], [ 77.96297, 19.53313 ], [ 77.96068, 19.53409 ], [ 77.95932, 19.53589 ], [ 77.95841, 19.5343 ], [ 77.95139, 19.53835 ], [ 77.95079, 19.5409 ], [ 77.95175, 19.54563 ], [ 77.94818, 19.54688 ], [ 77.94901, 19.55162 ], [ 77.94639, 19.55204 ], [ 77.9458, 19.54862 ], [ 77.94106, 19.54996 ], [ 77.94573, 19.55404 ], [ 77.94582, 19.55526 ], [ 77.94458, 19.55409 ], [ 77.94345, 19.55434 ], [ 77.93924, 19.55243 ], [ 77.93953, 19.55759 ], [ 77.94096, 19.56249 ], [ 77.93824, 19.56346 ], [ 77.93853, 19.56512 ], [ 77.93701, 19.56598 ], [ 77.93565, 19.56551 ], [ 77.93549, 19.57047 ], [ 77.93325, 19.57577 ], [ 77.93047, 19.57477 ], [ 77.93057, 19.57778 ], [ 77.93204, 19.57803 ], [ 77.93203, 19.58067 ], [ 77.92879, 19.58078 ], [ 77.928, 19.58328 ], [ 77.9294, 19.58597 ], [ 77.92767, 19.587 ], [ 77.92729, 19.58993 ], [ 77.92311, 19.58988 ], [ 77.92262, 19.5893 ], [ 77.92053, 19.5913 ], [ 77.91821, 19.58535 ], [ 77.91704, 19.5843 ], [ 77.91175, 19.58623 ], [ 77.90865, 19.58601 ], [ 77.90813, 19.58782 ], [ 77.90623, 19.58838 ], [ 77.90315, 19.58805 ], [ 77.90364, 19.59024 ], [ 77.89737, 19.59111 ], [ 77.89556, 19.58334 ], [ 77.89868, 19.58253 ], [ 77.89768, 19.57922 ], [ 77.89935, 19.57799 ], [ 77.90072, 19.5739 ], [ 77.89812, 19.57489 ], [ 77.89663, 19.57301 ], [ 77.89667, 19.57033 ], [ 77.89401, 19.57107 ], [ 77.89324, 19.5689 ], [ 77.88975, 19.56962 ], [ 77.88999, 19.5702 ], [ 77.89248, 19.56974 ], [ 77.89306, 19.57222 ], [ 77.89047, 19.57281 ], [ 77.8902, 19.57192 ], [ 77.8864, 19.57132 ], [ 77.88137, 19.57196 ], [ 77.87896, 19.57282 ], [ 77.87775, 19.5742 ], [ 77.87705, 19.57694 ], [ 77.88024, 19.57921 ], [ 77.8811, 19.58354 ], [ 77.88273, 19.58435 ], [ 77.88151, 19.58625 ], [ 77.88327, 19.58954 ], [ 77.88238, 19.5907 ], [ 77.87787, 19.58991 ], [ 77.87943, 19.59397 ], [ 77.88134, 19.59412 ], [ 77.88195, 19.59894 ], [ 77.88448, 19.59928 ], [ 77.88462, 19.60202 ], [ 77.8822, 19.60387 ], [ 77.88189, 19.60514 ], [ 77.88324, 19.61018 ], [ 77.88733, 19.60833 ], [ 77.88919, 19.60828 ], [ 77.89227, 19.60616 ], [ 77.89297, 19.60458 ], [ 77.8952, 19.6054 ], [ 77.89691, 19.60493 ], [ 77.90479, 19.61076 ], [ 77.9114, 19.61688 ], [ 77.91336, 19.61697 ], [ 77.91924, 19.62204 ], [ 77.9193, 19.62322 ], [ 77.91648, 19.62206 ], [ 77.91353, 19.62224 ], [ 77.91567, 19.62733 ], [ 77.91456, 19.62825 ], [ 77.91274, 19.6276 ], [ 77.911, 19.6291 ], [ 77.91021, 19.63105 ], [ 77.90889, 19.62997 ], [ 77.90904, 19.62666 ], [ 77.90686, 19.62572 ], [ 77.90554, 19.62616 ], [ 77.90466, 19.62508 ], [ 77.90368, 19.62495 ], [ 77.90042, 19.62769 ], [ 77.89812, 19.62722 ], [ 77.89597, 19.62832 ], [ 77.89611, 19.63089 ], [ 77.90086, 19.63361 ], [ 77.89847, 19.63527 ], [ 77.89774, 19.63657 ], [ 77.89831, 19.63798 ], [ 77.89977, 19.63877 ], [ 77.90328, 19.63837 ], [ 77.9083, 19.64108 ], [ 77.91083, 19.64427 ], [ 77.90978, 19.64609 ], [ 77.90836, 19.64705 ], [ 77.9079, 19.64564 ], [ 77.90173, 19.64517 ], [ 77.89863, 19.64754 ], [ 77.89188, 19.6468 ], [ 77.89014, 19.64797 ], [ 77.88483, 19.64125 ], [ 77.88324, 19.63754 ], [ 77.88391, 19.63571 ], [ 77.88897, 19.63074 ], [ 77.88862, 19.62937 ], [ 77.88637, 19.62854 ], [ 77.88629, 19.62695 ], [ 77.88371, 19.62719 ], [ 77.88234, 19.62959 ], [ 77.88058, 19.62998 ], [ 77.87858, 19.63281 ], [ 77.87375, 19.63317 ], [ 77.8729, 19.63155 ], [ 77.87665, 19.62971 ], [ 77.87635, 19.6286 ], [ 77.87783, 19.62551 ], [ 77.87687, 19.62387 ], [ 77.87273, 19.62331 ], [ 77.87104, 19.62373 ], [ 77.87006, 19.62513 ], [ 77.86908, 19.6241 ], [ 77.86717, 19.6244 ], [ 77.86525, 19.62625 ], [ 77.86183, 19.62597 ], [ 77.85937, 19.62682 ], [ 77.85692, 19.62418 ], [ 77.85799, 19.62727 ] ] ] } },
{ "type": "Feature", "properties": { "name": "Gautala Autramghat WLS", "Type": "Wildlife Sanctuary", "State": "Maharashtra", "Year": 1986.0 }, "geometry": { "type": "Polygon", "coordinates": [ [ [ 74.90487, 20.32201 ], [ 74.91393, 20.32233 ], [ 74.91581, 20.32358 ], [ 74.9141, 20.33151 ], [ 74.91556, 20.333 ], [ 74.92332, 20.33577 ], [ 74.93899, 20.33827 ], [ 74.94997, 20.33763 ], [ 74.95573, 20.33839 ], [ 74.96572, 20.34165 ], [ 74.97744, 20.3434 ], [ 74.99405, 20.34325 ], [ 75.02015, 20.34849 ], [ 75.02681, 20.34856 ], [ 75.03787, 20.35235 ], [ 75.03842, 20.35376 ], [ 75.03696, 20.35714 ], [ 75.03847, 20.36237 ], [ 75.04731, 20.36563 ], [ 75.04992, 20.36583 ], [ 75.05121, 20.36487 ], [ 75.05192, 20.36092 ], [ 75.06781, 20.34764 ], [ 75.07045, 20.34661 ], [ 75.074, 20.34368 ], [ 75.08288, 20.34257 ], [ 75.08793, 20.34386 ], [ 75.09052, 20.34494 ], [ 75.09911, 20.35259 ], [ 75.11129, 20.35726 ], [ 75.12267, 20.35642 ], [ 75.12672, 20.36018 ], [ 75.12629, 20.36316 ], [ 75.12713, 20.36468 ], [ 75.13395, 20.36684 ], [ 75.13756, 20.36637 ], [ 75.13473, 20.35638 ], [ 75.13644, 20.35384 ], [ 75.13949, 20.35537 ], [ 75.14146, 20.35795 ], [ 75.14618, 20.35819 ], [ 75.14824, 20.35951 ], [ 75.15262, 20.36857 ], [ 75.15112, 20.37166 ], [ 75.15279, 20.37661 ], [ 75.16408, 20.38321 ], [ 75.16369, 20.38579 ], [ 75.1612, 20.38908 ], [ 75.16494, 20.39045 ], [ 75.16554, 20.39146 ], [ 75.16223, 20.396 ], [ 75.16296, 20.39765 ], [ 75.16708, 20.39902 ], [ 75.17292, 20.39813 ], [ 75.17627, 20.39882 ], [ 75.17781, 20.40079 ], [ 75.19532, 20.3956 ], [ 75.20167, 20.40208 ], [ 75.20197, 20.40369 ], [ 75.19515, 20.40903 ], [ 75.19403, 20.41093 ], [ 75.19429, 20.41261 ], [ 75.19545, 20.41382 ], [ 75.19747, 20.41358 ], [ 75.19682, 20.41784 ], [ 75.19833, 20.42014 ], [ 75.20562, 20.42182 ], [ 75.20644, 20.42022 ], [ 75.20498, 20.41555 ], [ 75.20691, 20.41185 ], [ 75.20802, 20.41201 ], [ 75.20918, 20.41455 ], [ 75.21223, 20.4164 ], [ 75.21579, 20.41656 ], [ 75.22103, 20.41531 ], [ 75.2245, 20.41652 ], [ 75.22266, 20.41965 ], [ 75.22021, 20.42162 ], [ 75.22004, 20.42758 ], [ 75.22141, 20.42842 ], [ 75.22455, 20.42806 ], [ 75.22678, 20.42975 ], [ 75.23094, 20.43674 ], [ 75.23386, 20.43884 ], [ 75.23699, 20.43868 ], [ 75.23922, 20.43683 ], [ 75.24163, 20.43071 ], [ 75.24189, 20.42725 ], [ 75.24038, 20.42251 ], [ 75.24008, 20.41648 ], [ 75.23901, 20.41217 ], [ 75.23704, 20.41048 ], [ 75.23815, 20.39737 ], [ 75.22935, 20.39017 ], [ 75.22695, 20.38937 ], [ 75.2215, 20.38965 ], [ 75.21888, 20.3882 ], [ 75.22244, 20.38406 ], [ 75.22935, 20.37883 ], [ 75.22665, 20.37693 ], [ 75.22004, 20.37927 ], [ 75.21004, 20.37311 ], [ 75.2079, 20.37456 ], [ 75.20609, 20.37842 ], [ 75.20313, 20.38144 ], [ 75.19996, 20.38104 ], [ 75.19391, 20.37613 ], [ 75.1924, 20.37802 ], [ 75.19026, 20.37883 ], [ 75.18652, 20.3771 ], [ 75.18476, 20.37448 ], [ 75.18408, 20.37018 ], [ 75.18803, 20.36229 ], [ 75.19103, 20.36185 ], [ 75.19575, 20.35883 ], [ 75.19584, 20.35682 ], [ 75.1888, 20.35199 ], [ 75.19056, 20.34785 ], [ 75.19215, 20.3468 ], [ 75.20253, 20.3474 ], [ 75.20562, 20.34825 ], [ 75.20974, 20.35408 ], [ 75.2139, 20.35235 ], [ 75.21399, 20.35094 ], [ 75.20845, 20.34302 ], [ 75.21699, 20.34338 ], [ 75.23026, 20.34173 ], [ 75.23558, 20.34382 ], [ 75.23746, 20.33787 ], [ 75.23609, 20.32579 ], [ 75.23077, 20.32885 ], [ 75.2203, 20.32917 ], [ 75.20948, 20.32773 ], [ 75.20502, 20.32837 ], [ 75.19815, 20.32789 ], [ 75.19335, 20.32547 ], [ 75.19086, 20.3202 ], [ 75.19176, 20.31823 ], [ 75.19549, 20.31606 ], [ 75.19867, 20.3173 ], [ 75.19923, 20.31469 ], [ 75.19803, 20.31276 ], [ 75.19957, 20.31171 ], [ 75.20665, 20.3136 ], [ 75.20781, 20.31207 ], [ 75.20528, 20.30929 ], [ 75.20536, 20.30752 ], [ 75.20665, 20.30587 ], [ 75.21232, 20.30744 ], [ 75.22227, 20.30527 ], [ 75.22159, 20.3035 ], [ 75.22656, 20.30479 ], [ 75.23695, 20.29802 ], [ 75.24613, 20.29698 ], [ 75.25489, 20.29392 ], [ 75.25034, 20.29311 ], [ 75.24141, 20.29448 ], [ 75.23755, 20.29255 ], [ 75.23403, 20.29191 ], [ 75.22296, 20.29569 ], [ 75.2209, 20.29191 ], [ 75.21824, 20.29158 ], [ 75.21601, 20.28889 ], [ 75.22081, 20.28587 ], [ 75.22957, 20.28293 ], [ 75.22777, 20.28208 ], [ 75.21395, 20.28365 ], [ 75.21511, 20.27967 ], [ 75.21309, 20.27729 ], [ 75.22107, 20.27403 ], [ 75.22571, 20.27113 ], [ 75.23639, 20.27142 ], [ 75.23613, 20.26816 ], [ 75.23957, 20.26461 ], [ 75.23094, 20.25213 ], [ 75.22588, 20.24891 ], [ 75.21446, 20.24738 ], [ 75.2088, 20.24786 ], [ 75.20339, 20.25471 ], [ 75.20047, 20.25632 ], [ 75.19052, 20.25302 ], [ 75.18365, 20.25189 ], [ 75.17953, 20.25382 ], [ 75.17747, 20.25745 ], [ 75.17936, 20.2622 ], [ 75.18116, 20.26349 ], [ 75.18511, 20.26437 ], [ 75.18811, 20.27073 ], [ 75.1876, 20.27452 ], [ 75.18554, 20.27629 ], [ 75.17944, 20.27484 ], [ 75.16906, 20.27403 ], [ 75.16854, 20.27774 ], [ 75.17438, 20.28208 ], [ 75.16726, 20.28683 ], [ 75.16477, 20.2853 ], [ 75.16279, 20.28764 ], [ 75.16623, 20.29666 ], [ 75.17077, 20.30084 ], [ 75.1712, 20.30503 ], [ 75.16768, 20.30905 ], [ 75.16614, 20.31758 ], [ 75.15962, 20.31807 ], [ 75.15361, 20.31412 ], [ 75.14915, 20.30905 ], [ 75.14606, 20.31058 ], [ 75.14511, 20.31219 ], [ 75.14494, 20.31541 ], [ 75.14142, 20.31678 ], [ 75.13747, 20.31678 ], [ 75.13541, 20.30881 ], [ 75.12949, 20.31364 ], [ 75.12211, 20.30937 ], [ 75.11953, 20.30559 ], [ 75.1167, 20.30398 ], [ 75.10426, 20.30446 ], [ 75.10061, 20.30579 ], [ 75.09996, 20.3072 ], [ 75.10087, 20.30837 ], [ 75.10348, 20.30817 ], [ 75.10619, 20.30982 ], [ 75.11108, 20.31614 ], [ 75.11014, 20.31883 ], [ 75.10855, 20.31932 ], [ 75.10945, 20.32205 ], [ 75.1085, 20.32334 ], [ 75.10597, 20.32286 ], [ 75.10541, 20.32366 ], [ 75.10554, 20.32519 ], [ 75.11129, 20.32801 ], [ 75.11155, 20.32958 ], [ 75.10808, 20.33054 ], [ 75.10855, 20.33493 ], [ 75.10408, 20.33493 ], [ 75.09923, 20.32942 ], [ 75.09769, 20.32889 ], [ 75.09546, 20.33219 ], [ 75.09142, 20.33135 ], [ 75.08838, 20.32736 ], [ 75.08537, 20.32499 ], [ 75.08735, 20.32217 ], [ 75.08632, 20.32084 ], [ 75.08014, 20.32233 ], [ 75.07971, 20.32342 ], [ 75.08155, 20.33239 ], [ 75.07713, 20.33288 ], [ 75.07426, 20.33078 ], [ 75.07276, 20.33111 ], [ 75.07306, 20.33686 ], [ 75.06731, 20.33714 ], [ 75.06151, 20.33569 ], [ 75.06065, 20.33284 ], [ 75.05636, 20.32885 ], [ 75.05666, 20.32736 ], [ 75.06031, 20.32523 ], [ 75.05958, 20.32233 ], [ 75.06233, 20.31674 ], [ 75.05855, 20.31642 ], [ 75.05505, 20.31636 ], [ 75.05437, 20.31867 ], [ 75.05196, 20.31984 ], [ 75.05106, 20.32553 ], [ 75.04954, 20.32728 ], [ 75.05008, 20.3305 ], [ 75.04518, 20.32982 ], [ 75.0384, 20.33014 ], [ 75.03849, 20.3273 ], [ 75.03711, 20.32742 ], [ 75.03628, 20.32427 ], [ 75.03731, 20.3229 ], [ 75.03636, 20.32221 ], [ 75.03804, 20.31917 ], [ 75.03679, 20.31678 ], [ 75.03742, 20.31434 ], [ 75.03615, 20.3131 ], [ 75.03538, 20.31515 ], [ 75.03325, 20.31434 ], [ 75.03203, 20.31501 ], [ 75.0325, 20.31676 ], [ 75.0296, 20.31843 ], [ 75.02875, 20.31831 ], [ 75.02922, 20.31513 ], [ 75.02778, 20.31418 ], [ 75.02591, 20.31416 ], [ 75.02443, 20.31521 ], [ 75.02437, 20.31678 ], [ 75.02248, 20.31692 ], [ 75.02252, 20.31406 ], [ 75.02003, 20.31064 ], [ 75.01842, 20.3107 ], [ 75.01739, 20.30819 ], [ 75.01671, 20.30807 ], [ 75.01572, 20.30952 ], [ 75.01218, 20.31036 ], [ 75.01244, 20.31298 ], [ 75.0104, 20.31428 ], [ 75.01096, 20.31608 ], [ 75.00879, 20.31483 ], [ 75.00641, 20.31489 ], [ 75.00096, 20.31318 ], [ 75.00175, 20.31539 ], [ 74.99948, 20.31513 ], [ 74.99815, 20.31342 ], [ 74.99742, 20.31024 ], [ 74.99371, 20.30696 ], [ 74.9936, 20.30537 ], [ 74.98778, 20.30469 ], [ 74.98626, 20.30287 ], [ 74.98549, 20.3006 ], [ 74.9863, 20.29398 ], [ 74.98838, 20.29156 ], [ 74.99313, 20.2908 ], [ 75.00004, 20.2883 ], [ 75.00315, 20.28865 ], [ 75.0071, 20.2913 ], [ 75.00984, 20.29174 ], [ 75.01297, 20.2909 ], [ 75.01546, 20.28575 ], [ 75.01465, 20.28504 ], [ 75.01261, 20.28532 ], [ 75.01154, 20.28591 ], [ 75.01064, 20.28844 ], [ 75.00864, 20.28828 ], [ 75.00928, 20.28394 ], [ 75.00759, 20.28202 ], [ 75.0063, 20.28188 ], [ 75.00441, 20.28243 ], [ 75.00261, 20.28559 ], [ 74.99557, 20.28848 ], [ 74.98557, 20.29003 ], [ 74.98414, 20.28792 ], [ 74.98276, 20.28905 ], [ 74.98137, 20.28848 ], [ 74.97993, 20.28943 ], [ 74.97663, 20.28909 ], [ 74.97459, 20.28987 ], [ 74.97306, 20.28915 ], [ 74.97296, 20.28611 ], [ 74.96966, 20.28662 ], [ 74.96697, 20.28559 ], [ 74.95937, 20.27886 ], [ 74.9447, 20.27951 ], [ 74.93976, 20.28144 ], [ 74.93247, 20.28233 ], [ 74.92238, 20.28027 ], [ 74.91397, 20.29835 ], [ 74.91062, 20.30849 ], [ 74.90642, 20.31533 ], [ 74.90461, 20.32016 ], [ 74.90487, 20.32201 ] ] ] } },
{ "type": "Feature", "properties": { "name": "Phansad WLS", "Type": "Wildlife Sanctuary", "State": "Maharashtra", "Year": 1986.0 }, "geometry": { "type": "Polygon", "coordinates": [ [ [ 72.89843, 18.47037 ], [ 72.90198, 18.47108 ], [ 72.90241, 18.47419 ], [ 72.9044, 18.47589 ], [ 72.90584, 18.47589 ], [ 72.90607, 18.47668 ], [ 72.90494, 18.47789 ], [ 72.9058, 18.47999 ], [ 72.90511, 18.4816 ], [ 72.90734, 18.49001 ], [ 72.90518, 18.48997 ], [ 72.90433, 18.49111 ], [ 72.90581, 18.49276 ], [ 72.90825, 18.49314 ], [ 72.90615, 18.49368 ], [ 72.90607, 18.49497 ], [ 72.90706, 18.49599 ], [ 72.90577, 18.49715 ], [ 72.90655, 18.49823 ], [ 72.90616, 18.49942 ], [ 72.90826, 18.5002 ], [ 72.90896, 18.50195 ], [ 72.91059, 18.50211 ], [ 72.91055, 18.50117 ], [ 72.91195, 18.50107 ], [ 72.91204, 18.50201 ], [ 72.91547, 18.50299 ], [ 72.913, 18.49658 ], [ 72.91313, 18.49428 ], [ 72.9122, 18.49404 ], [ 72.91059, 18.49573 ], [ 72.90899, 18.49537 ], [ 72.90808, 18.49229 ], [ 72.90957, 18.48785 ], [ 72.91231, 18.48474 ], [ 72.9136, 18.47554 ], [ 72.91686, 18.47261 ], [ 72.91944, 18.46813 ], [ 72.9239, 18.46601 ], [ 72.92725, 18.46544 ], [ 72.94579, 18.46577 ], [ 72.95995, 18.46426 ], [ 72.96106, 18.4617 ], [ 72.96362, 18.45999 ], [ 72.96233, 18.45799 ], [ 72.96134, 18.45368 ], [ 72.96454, 18.44763 ], [ 72.96441, 18.4446 ], [ 72.96677, 18.44061 ], [ 72.96956, 18.43882 ], [ 72.97063, 18.43442 ], [ 72.96814, 18.4295 ], [ 72.96883, 18.42771 ], [ 72.97626, 18.42343 ], [ 72.98261, 18.42107 ], [ 72.9914, 18.41264 ], [ 73.00007, 18.4115 ], [ 73.01359, 18.40714 ], [ 73.01686, 18.40496 ], [ 73.02509, 18.39599 ], [ 73.02793, 18.38686 ], [ 73.02818, 18.38288 ], [ 73.03016, 18.37896 ], [ 73.03299, 18.36428 ], [ 73.03415, 18.36168 ], [ 73.03449, 18.35803 ], [ 73.03329, 18.35681 ], [ 73.03346, 18.34552 ], [ 73.03239, 18.3419 ], [ 73.0296, 18.34031 ], [ 73.02634, 18.34059 ], [ 73.02187, 18.34556 ], [ 73.01883, 18.35029 ], [ 73.01265, 18.36764 ], [ 73.00883, 18.36911 ], [ 73.00793, 18.36692 ], [ 73.00887, 18.36202 ], [ 73.00859, 18.35339 ], [ 73.00608, 18.35057 ], [ 73.00464, 18.35015 ], [ 73.00301, 18.35082 ], [ 73.00228, 18.35599 ], [ 73.00102, 18.3565 ], [ 72.99941, 18.35432 ], [ 72.99548, 18.35624 ], [ 72.99134, 18.3518 ], [ 72.98636, 18.35304 ], [ 72.98606, 18.35611 ], [ 72.98407, 18.35693 ], [ 72.98329, 18.35622 ], [ 72.9828, 18.34728 ], [ 72.98394, 18.34546 ], [ 72.98194, 18.34548 ], [ 72.97904, 18.34715 ], [ 72.97319, 18.34618 ], [ 72.9684, 18.35027 ], [ 72.96673, 18.35025 ], [ 72.95766, 18.34644 ], [ 72.9557, 18.34699 ], [ 72.95559, 18.34396 ], [ 72.95354, 18.33803 ], [ 72.94915, 18.34009 ], [ 72.94802, 18.34339 ], [ 72.94834, 18.34436 ], [ 72.94993, 18.34426 ], [ 72.95038, 18.34514 ], [ 72.94746, 18.34677 ], [ 72.94603, 18.34852 ], [ 72.94577, 18.34936 ], [ 72.94762, 18.34993 ], [ 72.94832, 18.35195 ], [ 72.94509, 18.35267 ], [ 72.94491, 18.35389 ], [ 72.94628, 18.35659 ], [ 72.94331, 18.35623 ], [ 72.9412, 18.35355 ], [ 72.94013, 18.35347 ], [ 72.93929, 18.35485 ], [ 72.93933, 18.35635 ], [ 72.94276, 18.35715 ], [ 72.94379, 18.35884 ], [ 72.94358, 18.36222 ], [ 72.94246, 18.36446 ], [ 72.941, 18.36512 ], [ 72.94102, 18.36715 ], [ 72.944, 18.36905 ], [ 72.94596, 18.36846 ], [ 72.94759, 18.36672 ], [ 72.95074, 18.3678 ], [ 72.95295, 18.36872 ], [ 72.95533, 18.37208 ], [ 72.95832, 18.37328 ], [ 72.96173, 18.36955 ], [ 72.96566, 18.36831 ], [ 72.96647, 18.36636 ], [ 72.97076, 18.36679 ], [ 72.97057, 18.36544 ], [ 72.97218, 18.36277 ], [ 72.97553, 18.36422 ], [ 72.98115, 18.36475 ], [ 72.98471, 18.36915 ], [ 72.98716, 18.37505 ], [ 72.98608, 18.37794 ], [ 72.98559, 18.38542 ], [ 72.98797, 18.39232 ], [ 72.9848, 18.3946 ], [ 72.98428, 18.39806 ], [ 72.98196, 18.40091 ], [ 72.97874, 18.4003 ], [ 72.97471, 18.39798 ], [ 72.97235, 18.40474 ], [ 72.96248, 18.40792 ], [ 72.95845, 18.41712 ], [ 72.95578, 18.41757 ], [ 72.94926, 18.41508 ], [ 72.94596, 18.41676 ], [ 72.94371, 18.41679 ], [ 72.93244, 18.4117 ], [ 72.91868, 18.4069 ], [ 72.91388, 18.40944 ], [ 72.91283, 18.41154 ], [ 72.91512, 18.41244 ], [ 72.91351, 18.41459 ], [ 72.91332, 18.41738 ], [ 72.91034, 18.42038 ], [ 72.90982, 18.42404 ], [ 72.91059, 18.4249 ], [ 72.91521, 18.4241 ], [ 72.91901, 18.42144 ], [ 72.9218, 18.42323 ], [ 72.92585, 18.42225 ], [ 72.92607, 18.42506 ], [ 72.92465, 18.42954 ], [ 72.91894, 18.43505 ], [ 72.9177, 18.43481 ], [ 72.91554, 18.43073 ], [ 72.91364, 18.43124 ], [ 72.913, 18.43206 ], [ 72.91344, 18.43339 ], [ 72.91571, 18.43687 ], [ 72.91494, 18.43753 ], [ 72.9127, 18.43678 ], [ 72.91214, 18.43775 ], [ 72.91197, 18.44011 ], [ 72.91063, 18.44241 ], [ 72.91061, 18.44395 ], [ 72.91188, 18.44517 ], [ 72.908, 18.44795 ], [ 72.90794, 18.45096 ], [ 72.90892, 18.45274 ], [ 72.9084, 18.45346 ], [ 72.90704, 18.45297 ], [ 72.90467, 18.45013 ], [ 72.903, 18.45322 ], [ 72.90194, 18.4544 ], [ 72.90089, 18.45439 ], [ 72.90023, 18.45583 ], [ 72.90102, 18.45646 ], [ 72.90071, 18.45777 ], [ 72.89883, 18.45766 ], [ 72.89747, 18.45915 ], [ 72.89843, 18.47037 ] ] ] } },
{ "type": "Feature", "properties": { "name": "Aner Dam WLS", "Type": "Wildlife Sanctuary", "State": "Maharashtra", "Year": 1986.0 }, "geometry": { "type": "Polygon", "coordinates": [ [ [ 74.96025, 21.37376 ], [ 74.96841, 21.37534 ], [ 74.97141, 21.3774 ], [ 74.96645, 21.3793 ], [ 74.96047, 21.38297 ], [ 74.96023, 21.38449 ], [ 74.96012, 21.39069 ], [ 74.96064, 21.39278 ], [ 74.96236, 21.39502 ], [ 74.96416, 21.39612 ], [ 74.96671, 21.39522 ], [ 74.96976, 21.3956 ], [ 74.97122, 21.39452 ], [ 74.97137, 21.39176 ], [ 74.97587, 21.38903 ], [ 74.97596, 21.38719 ], [ 74.97714, 21.38531 ], [ 74.97808, 21.38485 ], [ 74.98259, 21.38665 ], [ 74.98701, 21.38371 ], [ 74.99641, 21.38349 ], [ 74.99937, 21.37784 ], [ 75.00583, 21.37718 ], [ 75.00714, 21.3758 ], [ 75.00916, 21.37088 ], [ 75.01074, 21.36969 ], [ 75.0137, 21.37013 ], [ 75.01259, 21.37756 ], [ 75.01508, 21.38036 ], [ 75.01774, 21.38116 ], [ 75.02031, 21.37968 ], [ 75.01991, 21.3754 ], [ 75.02542, 21.37562 ], [ 75.02606, 21.3773 ], [ 75.02984, 21.37858 ], [ 75.03295, 21.37686 ], [ 75.03876, 21.37601 ], [ 75.04392, 21.37076 ], [ 75.04531, 21.36571 ], [ 75.04804, 21.36083 ], [ 75.04714, 21.35568 ], [ 75.05495, 21.35244 ], [ 75.06083, 21.3522 ], [ 75.07555, 21.34822 ], [ 75.08436, 21.34353 ], [ 75.08756, 21.34085 ], [ 75.09378, 21.33833 ], [ 75.09908, 21.33933 ], [ 75.09996, 21.34191 ], [ 75.10095, 21.34249 ], [ 75.10511, 21.34135 ], [ 75.109, 21.34469 ], [ 75.11179, 21.34501 ], [ 75.12078, 21.34367 ], [ 75.12087, 21.34031 ], [ 75.1227, 21.33829 ], [ 75.13421, 21.33425 ], [ 75.14361, 21.32846 ], [ 75.15451, 21.32352 ], [ 75.15455, 21.32132 ], [ 75.13005, 21.31724 ], [ 75.12696, 21.31808 ], [ 75.12644, 21.32248 ], [ 75.11473, 21.32512 ], [ 75.10786, 21.31576 ], [ 75.10228, 21.31233 ], [ 75.08477, 21.30937 ], [ 75.07627, 21.31129 ], [ 75.06083, 21.31264 ], [ 75.03714, 21.30609 ], [ 75.01407, 21.31752 ], [ 75.00941, 21.32248 ], [ 74.99637, 21.32896 ], [ 74.99115, 21.33399 ], [ 74.98823, 21.34155 ], [ 74.98371, 21.34742 ], [ 74.9737, 21.35523 ], [ 74.97128, 21.35933 ], [ 74.96682, 21.36049 ], [ 74.96221, 21.36289 ], [ 74.95813, 21.36689 ], [ 74.96025, 21.37376 ] ] ] } },
{ "type": "Feature", "properties": { "name": "Dhyanganga WLS", "Type": "Wildlife Sanctuary", "State": "Maharashtra", "Year": 1997.0 }, "geometry": { "type": "Polygon", "coordinates": [ [ [ 76.25683, 20.55147 ], [ 76.25977, 20.55334 ], [ 76.26715, 20.55521 ], [ 76.27005, 20.56092 ], [ 76.27275, 20.56305 ], [ 76.27391, 20.56501 ], [ 76.27945, 20.56678 ], [ 76.27958, 20.56875 ], [ 76.28893, 20.57414 ], [ 76.28994, 20.57377 ], [ 76.29303, 20.57978 ], [ 76.29657, 20.5799 ], [ 76.29741, 20.5807 ], [ 76.30162, 20.57839 ], [ 76.30413, 20.57968 ], [ 76.30505, 20.58187 ], [ 76.30604, 20.58127 ], [ 76.30664, 20.57856 ], [ 76.30756, 20.57777 ], [ 76.30955, 20.57807 ], [ 76.31067, 20.58215 ], [ 76.31256, 20.5834 ], [ 76.31292, 20.58538 ], [ 76.31179, 20.58669 ], [ 76.30786, 20.5882 ], [ 76.30782, 20.59083 ], [ 76.30945, 20.59324 ], [ 76.30885, 20.59426 ], [ 76.3058, 20.59432 ], [ 76.30546, 20.59491 ], [ 76.30649, 20.59931 ], [ 76.30814, 20.60017 ], [ 76.30119, 20.6027 ], [ 76.29902, 20.6021 ], [ 76.31031, 20.62945 ], [ 76.31803, 20.63857 ], [ 76.32159, 20.64104 ], [ 76.32327, 20.6407 ], [ 76.32432, 20.63819 ], [ 76.33125, 20.63708 ], [ 76.33678, 20.63776 ], [ 76.33708, 20.63945 ], [ 76.3358, 20.64094 ], [ 76.33163, 20.64311 ], [ 76.32996, 20.64632 ], [ 76.33906, 20.64917 ], [ 76.34408, 20.64772 ], [ 76.35249, 20.64805 ], [ 76.36245, 20.65311 ], [ 76.36125, 20.63102 ], [ 76.36185, 20.62813 ], [ 76.36434, 20.62547 ], [ 76.36459, 20.62234 ], [ 76.36665, 20.62114 ], [ 76.36991, 20.6213 ], [ 76.37309, 20.62315 ], [ 76.38176, 20.62347 ], [ 76.38433, 20.62033 ], [ 76.38039, 20.61479 ], [ 76.37146, 20.61126 ], [ 76.36682, 20.60531 ], [ 76.36991, 20.60162 ], [ 76.37661, 20.60049 ], [ 76.38262, 20.60435 ], [ 76.39412, 20.58828 ], [ 76.38348, 20.58763 ], [ 76.39034, 20.5833 ], [ 76.39935, 20.58281 ], [ 76.4118, 20.58514 ], [ 76.42811, 20.58964 ], [ 76.42879, 20.58763 ], [ 76.43729, 20.58852 ], [ 76.44536, 20.5845 ], [ 76.44467, 20.57912 ], [ 76.43755, 20.5759 ], [ 76.44356, 20.56835 ], [ 76.44073, 20.56481 ], [ 76.43532, 20.56128 ], [ 76.4348, 20.55863 ], [ 76.43291, 20.55581 ], [ 76.42725, 20.55332 ], [ 76.41892, 20.55324 ], [ 76.41309, 20.54649 ], [ 76.41274, 20.54392 ], [ 76.42972, 20.52893 ], [ 76.4301, 20.52587 ], [ 76.43412, 20.5222 ], [ 76.43935, 20.52226 ], [ 76.44152, 20.51072 ], [ 76.43819, 20.50447 ], [ 76.43783, 20.49955 ], [ 76.43661, 20.49669 ], [ 76.42828, 20.50011 ], [ 76.42073, 20.48811 ], [ 76.41886, 20.48821 ], [ 76.41787, 20.48723 ], [ 76.41817, 20.48582 ], [ 76.41931, 20.48499 ], [ 76.41751, 20.47812 ], [ 76.41416, 20.47679 ], [ 76.40648, 20.47703 ], [ 76.40275, 20.47824 ], [ 76.40146, 20.47587 ], [ 76.40326, 20.46988 ], [ 76.40116, 20.46948 ], [ 76.39266, 20.47229 ], [ 76.3833, 20.47313 ], [ 76.37867, 20.47523 ], [ 76.37601, 20.47478 ], [ 76.37472, 20.47346 ], [ 76.37197, 20.47269 ], [ 76.37004, 20.47639 ], [ 76.36391, 20.48045 ], [ 76.36013, 20.47896 ], [ 76.35876, 20.47671 ], [ 76.35592, 20.47498 ], [ 76.3509, 20.47651 ], [ 76.3458, 20.48073 ], [ 76.34511, 20.4854 ], [ 76.34382, 20.48737 ], [ 76.33708, 20.49022 ], [ 76.33751, 20.49428 ], [ 76.34498, 20.49786 ], [ 76.34558, 20.4989 ], [ 76.34515, 20.50071 ], [ 76.34387, 20.50148 ], [ 76.34271, 20.50063 ], [ 76.34108, 20.50095 ], [ 76.33897, 20.50538 ], [ 76.3352, 20.50457 ], [ 76.33176, 20.50254 ], [ 76.32889, 20.5032 ], [ 76.32357, 20.50584 ], [ 76.31951, 20.50988 ], [ 76.31299, 20.51323 ], [ 76.31204, 20.51329 ], [ 76.30917, 20.50867 ], [ 76.30773, 20.50837 ], [ 76.3078, 20.5113 ], [ 76.29925, 20.51376 ], [ 76.30069, 20.51524 ], [ 76.30084, 20.51402 ], [ 76.30249, 20.51366 ], [ 76.30516, 20.51556 ], [ 76.30447, 20.51934 ], [ 76.30792, 20.52169 ], [ 76.31198, 20.52264 ], [ 76.31168, 20.52011 ], [ 76.31346, 20.51987 ], [ 76.31518, 20.52318 ], [ 76.31187, 20.52455 ], [ 76.30964, 20.5269 ], [ 76.30825, 20.52704 ], [ 76.30595, 20.52581 ], [ 76.30262, 20.52945 ], [ 76.29983, 20.52827 ], [ 76.29638, 20.52911 ], [ 76.29524, 20.52762 ], [ 76.2867, 20.52867 ], [ 76.28563, 20.52684 ], [ 76.28492, 20.52684 ], [ 76.28303, 20.52825 ], [ 76.28342, 20.52951 ], [ 76.28033, 20.53116 ], [ 76.27675, 20.5317 ], [ 76.27561, 20.5273 ], [ 76.27333, 20.528 ], [ 76.27396, 20.53518 ], [ 76.2702, 20.53542 ], [ 76.2693, 20.53094 ], [ 76.26361, 20.53168 ], [ 76.26679, 20.53584 ], [ 76.26735, 20.53841 ], [ 76.26052, 20.5438 ], [ 76.25799, 20.54376 ], [ 76.2564, 20.55038 ], [ 76.25683, 20.55147 ] ] ] } },
{ "type": "Feature", "properties": { "name": "Kalsubai Harishchandragad WLS", "Type": "Wildlife Sanctuary", "State": "Maharashtra", "Year": 1986.0 }, "geometry": { "type": "Polygon", "coordinates": [ [ [ 73.62046, 19.58846 ], [ 73.62514, 19.59299 ], [ 73.62986, 19.59549 ], [ 73.63878, 19.59812 ], [ 73.65409, 19.59844 ], [ 73.66093, 19.59756 ], [ 73.66779, 19.59828 ], [ 73.67329, 19.59998 ], [ 73.67947, 19.59845 ], [ 73.68599, 19.6003 ], [ 73.69646, 19.60022 ], [ 73.7053, 19.59804 ], [ 73.72079, 19.59622 ], [ 73.72912, 19.59303 ], [ 73.73405, 19.59274 ], [ 73.73847, 19.58791 ], [ 73.74386, 19.58537 ], [ 73.74541, 19.58535 ], [ 73.74846, 19.58719 ], [ 73.74905, 19.58628 ], [ 73.75371, 19.58761 ], [ 73.75976, 19.58741 ], [ 73.76032, 19.58607 ], [ 73.74633, 19.5826 ], [ 73.74208, 19.5796 ], [ 73.74131, 19.57766 ], [ 73.74174, 19.5722 ], [ 73.74367, 19.56622 ], [ 73.74813, 19.5629 ], [ 73.74835, 19.53027 ], [ 73.76839, 19.49135 ], [ 73.77903, 19.49071 ], [ 73.78281, 19.49637 ], [ 73.79637, 19.50122 ], [ 73.79519, 19.49471 ], [ 73.79596, 19.49228 ], [ 73.80025, 19.48599 ], [ 73.8028, 19.47769 ], [ 73.80079, 19.47642 ], [ 73.79804, 19.47735 ], [ 73.79667, 19.47592 ], [ 73.79878, 19.47322 ], [ 73.8045, 19.47258 ], [ 73.80836, 19.46813 ], [ 73.80729, 19.46675 ], [ 73.80265, 19.46714 ], [ 73.80246, 19.46613 ], [ 73.8113, 19.46182 ], [ 73.81262, 19.46035 ], [ 73.81119, 19.45878 ], [ 73.80828, 19.46202 ], [ 73.80411, 19.46334 ], [ 73.80158, 19.46153 ], [ 73.80105, 19.46052 ], [ 73.80193, 19.45383 ], [ 73.80115, 19.45227 ], [ 73.8027, 19.44929 ], [ 73.8016, 19.44598 ], [ 73.79624, 19.44335 ], [ 73.79605, 19.44252 ], [ 73.79901, 19.43636 ], [ 73.80414, 19.43505 ], [ 73.80579, 19.4357 ], [ 73.80813, 19.43918 ], [ 73.81102, 19.43873 ], [ 73.81437, 19.43292 ], [ 73.81598, 19.42803 ], [ 73.81658, 19.42228 ], [ 73.82383, 19.41682 ], [ 73.83757, 19.41957 ], [ 73.84306, 19.41791 ], [ 73.85233, 19.4173 ], [ 73.85173, 19.41131 ], [ 73.84658, 19.4084 ], [ 73.84576, 19.40573 ], [ 73.84812, 19.40257 ], [ 73.8555, 19.39901 ], [ 73.85898, 19.40366 ], [ 73.86314, 19.41244 ], [ 73.86593, 19.41499 ], [ 73.86971, 19.41609 ], [ 73.87756, 19.41261 ], [ 73.88258, 19.4124 ], [ 73.89155, 19.41609 ], [ 73.89447, 19.41876 ], [ 73.89501, 19.41437 ], [ 73.90018, 19.41234 ], [ 73.90591, 19.41321 ], [ 73.90898, 19.41566 ], [ 73.91145, 19.41463 ], [ 73.91275, 19.41257 ], [ 73.91724, 19.4107 ], [ 73.92041, 19.40562 ], [ 73.92453, 19.40504 ], [ 73.92376, 19.40101 ], [ 73.92473, 19.39901 ], [ 73.93035, 19.39613 ], [ 73.93383, 19.39633 ], [ 73.93907, 19.39073 ], [ 73.94676, 19.38849 ], [ 73.94682, 19.38605 ], [ 73.94598, 19.38536 ], [ 73.94674, 19.3837 ], [ 73.94516, 19.38144 ], [ 73.94567, 19.37913 ], [ 73.94773, 19.37836 ], [ 73.94859, 19.37715 ], [ 73.94546, 19.37654 ], [ 73.94524, 19.37273 ], [ 73.95297, 19.36929 ], [ 73.95236, 19.36715 ], [ 73.94979, 19.36601 ], [ 73.94867, 19.36306 ], [ 73.94833, 19.34852 ], [ 73.95357, 19.34561 ], [ 73.95301, 19.34285 ], [ 73.95189, 19.34229 ], [ 73.94988, 19.33755 ], [ 73.9449, 19.33739 ], [ 73.94121, 19.3399 ], [ 73.93601, 19.33694 ], [ 73.93438, 19.3371 ], [ 73.91713, 19.35026 ], [ 73.91572, 19.34763 ], [ 73.91391, 19.34625 ], [ 73.91151, 19.34633 ], [ 73.90786, 19.34832 ], [ 73.89709, 19.36152 ], [ 73.89108, 19.36277 ], [ 73.88297, 19.36674 ], [ 73.87864, 19.36528 ], [ 73.87529, 19.36508 ], [ 73.87061, 19.36723 ], [ 73.86671, 19.36727 ], [ 73.86443, 19.36002 ], [ 73.86274, 19.35785 ], [ 73.85765, 19.35704 ], [ 73.85147, 19.35893 ], [ 73.84448, 19.36488 ], [ 73.83911, 19.37557 ], [ 73.83525, 19.37796 ], [ 73.8225, 19.37557 ], [ 73.8177, 19.3767 ], [ 73.8089, 19.382 ], [ 73.80255, 19.38455 ], [ 73.79757, 19.392 ], [ 73.79053, 19.39047 ], [ 73.78139, 19.38362 ], [ 73.77397, 19.38285 ], [ 73.7704, 19.38379 ], [ 73.7544, 19.39083 ], [ 73.74169, 19.40929 ], [ 73.73217, 19.41625 ], [ 73.72985, 19.4224 ], [ 73.72066, 19.42507 ], [ 73.7077, 19.4254 ], [ 73.69964, 19.42969 ], [ 73.69251, 19.4322 ], [ 73.68547, 19.43721 ], [ 73.67269, 19.45316 ], [ 73.66968, 19.46157 ], [ 73.67363, 19.46675 ], [ 73.68419, 19.47145 ], [ 73.70401, 19.48423 ], [ 73.70749, 19.49099 ], [ 73.7062, 19.49503 ], [ 73.70401, 19.49657 ], [ 73.69837, 19.49775 ], [ 73.68148, 19.50915 ], [ 73.67771, 19.51097 ], [ 73.6738, 19.51494 ], [ 73.66839, 19.51817 ], [ 73.66226, 19.52558 ], [ 73.66033, 19.53172 ], [ 73.659, 19.53261 ], [ 73.65548, 19.53237 ], [ 73.65249, 19.53561 ], [ 73.65056, 19.53585 ], [ 73.64543, 19.53405 ], [ 73.64402, 19.52875 ], [ 73.63475, 19.52954 ], [ 73.63166, 19.53253 ], [ 73.62754, 19.53714 ], [ 73.62368, 19.5479 ], [ 73.62205, 19.57265 ], [ 73.6202, 19.5754 ], [ 73.61647, 19.57791 ], [ 73.61638, 19.58595 ], [ 73.62046, 19.58846 ] ] ] } },
{ "type": "Feature", "properties": { "name": "Arabithittu WLS", "Type": "Wildlife Sanctuary", "State": "Karnataka", "Year": 1985.0 }, "geometry": { "type": "Polygon", "coordinates": [ [ [ 76.3792, 12.33195 ], [ 76.382, 12.33376 ], [ 76.38239, 12.33269 ], [ 76.38319, 12.33267 ], [ 76.38635, 12.33381 ], [ 76.38824, 12.32815 ], [ 76.39151, 12.32895 ], [ 76.39967, 12.3354 ], [ 76.40804, 12.33821 ], [ 76.40851, 12.34012 ], [ 76.41229, 12.3356 ], [ 76.41592, 12.32223 ], [ 76.41772, 12.31919 ], [ 76.42122, 12.3191 ], [ 76.42483, 12.32026 ], [ 76.42356, 12.32432 ], [ 76.42326, 12.32965 ], [ 76.41702, 12.34317 ], [ 76.4228, 12.34425 ], [ 76.42752, 12.34675 ], [ 76.4304, 12.34644 ], [ 76.43045, 12.3387 ], [ 76.43216, 12.33851 ], [ 76.43181, 12.33107 ], [ 76.43276, 12.32016 ], [ 76.43652, 12.31918 ], [ 76.43631, 12.31476 ], [ 76.43393, 12.31457 ], [ 76.43323, 12.31346 ], [ 76.42265, 12.31443 ], [ 76.42089, 12.31259 ], [ 76.41209, 12.30714 ], [ 76.41092, 12.30796 ], [ 76.40467, 12.30833 ], [ 76.39106, 12.31263 ], [ 76.38785, 12.31893 ], [ 76.38446, 12.32231 ], [ 76.3823, 12.32318 ], [ 76.38242, 12.32409 ], [ 76.37638, 12.32473 ], [ 76.37594, 12.33126 ], [ 76.3792, 12.33195 ] ] ] } },
{ "type": "Feature", "properties": { "name": "Attiveri Bird WLS", "Type": "Wildlife Sanctuary", "State": "Karnataka", "Year": 1994.0 }, "geometry": { "type": "Polygon", "coordinates": [ [ [ 75.03888, 15.08612 ], [ 75.04347, 15.08117 ], [ 75.05263, 15.07543 ], [ 75.04783, 15.07422 ], [ 75.04234, 15.07411 ], [ 75.04102, 15.07297 ], [ 75.03643, 15.07411 ], [ 75.03363, 15.08109 ], [ 75.03888, 15.08612 ] ] ] } },
{ "type": "Feature", "properties": { "name": "Jaikawadi WLS", "Type": "Wildlife Sanctuary", "State": "Maharashtra", "Year": 1986.0 }, "geometry": { "type": "Polygon", "coordinates": [ [ [ 74.89758, 19.66522 ], [ 74.93345, 19.66263 ], [ 74.95251, 19.65827 ], [ 75.01774, 19.63661 ], [ 75.04383, 19.62998 ], [ 75.05005, 19.62545 ], [ 75.05707, 19.61516 ], [ 75.08657, 19.61834 ], [ 75.11788, 19.61728 ], [ 75.12992, 19.62355 ], [ 75.12696, 19.6362 ], [ 75.11053, 19.64983 ], [ 75.11078, 19.67864 ], [ 75.10503, 19.69286 ], [ 75.11361, 19.69536 ], [ 75.1137, 19.6872 ], [ 75.1149, 19.68389 ], [ 75.12116, 19.67654 ], [ 75.1246, 19.66708 ], [ 75.12554, 19.65972 ], [ 75.12743, 19.65819 ], [ 75.13206, 19.66021 ], [ 75.1373, 19.67524 ], [ 75.14133, 19.67363 ], [ 75.13996, 19.66029 ], [ 75.14185, 19.65552 ], [ 75.14631, 19.64825 ], [ 75.15018, 19.63361 ], [ 75.15773, 19.63353 ], [ 75.16262, 19.63709 ], [ 75.17326, 19.62917 ], [ 75.18931, 19.62982 ], [ 75.19549, 19.62763 ], [ 75.19936, 19.62747 ], [ 75.20064, 19.62577 ], [ 75.20365, 19.62424 ], [ 75.20837, 19.63361 ], [ 75.21275, 19.63531 ], [ 75.21747, 19.63515 ], [ 75.22356, 19.64315 ], [ 75.22888, 19.64049 ], [ 75.22888, 19.64372 ], [ 75.22639, 19.6552 ], [ 75.22631, 19.66263 ], [ 75.23008, 19.66789 ], [ 75.23395, 19.66651 ], [ 75.23309, 19.65156 ], [ 75.23824, 19.63353 ], [ 75.23583, 19.62246 ], [ 75.23571, 19.61421 ], [ 75.24143, 19.61033 ], [ 75.24355, 19.60512 ], [ 75.23334, 19.59764 ], [ 75.23129, 19.59044 ], [ 75.24513, 19.58462 ], [ 75.25798, 19.57556 ], [ 75.26479, 19.55666 ], [ 75.27599, 19.54809 ], [ 75.30287, 19.54653 ], [ 75.31458, 19.55791 ], [ 75.32937, 19.56119 ], [ 75.34445, 19.56222 ], [ 75.34887, 19.55405 ], [ 75.36761, 19.53757 ], [ 75.37484, 19.52044 ], [ 75.3775, 19.50741 ], [ 75.37471, 19.49985 ], [ 75.37582, 19.49374 ], [ 75.37497, 19.49107 ], [ 75.3711, 19.48941 ], [ 75.36381, 19.47776 ], [ 75.35634, 19.43778 ], [ 75.34664, 19.43114 ], [ 75.31866, 19.43632 ], [ 75.31626, 19.44037 ], [ 75.32072, 19.45801 ], [ 75.31815, 19.46692 ], [ 75.3154, 19.47112 ], [ 75.296, 19.46287 ], [ 75.29034, 19.46303 ], [ 75.28313, 19.46546 ], [ 75.27918, 19.46206 ], [ 75.27472, 19.45591 ], [ 75.26613, 19.45251 ], [ 75.26167, 19.45089 ], [ 75.25343, 19.44992 ], [ 75.24656, 19.45348 ], [ 75.24141, 19.4496 ], [ 75.23832, 19.43908 ], [ 75.22614, 19.42451 ], [ 75.2203, 19.41479 ], [ 75.21223, 19.40637 ], [ 75.20828, 19.40071 ], [ 75.20605, 19.3918 ], [ 75.19627, 19.38694 ], [ 75.18785, 19.39083 ], [ 75.18494, 19.40168 ], [ 75.18047, 19.41398 ], [ 75.18082, 19.42418 ], [ 75.18459, 19.43503 ], [ 75.19266, 19.44855 ], [ 75.18949, 19.45842 ], [ 75.19, 19.467 ], [ 75.19352, 19.47865 ], [ 75.19575, 19.48156 ], [ 75.20133, 19.48464 ], [ 75.20605, 19.4903 ], [ 75.20751, 19.49864 ], [ 75.20914, 19.50139 ], [ 75.21455, 19.50381 ], [ 75.22086, 19.50317 ], [ 75.22116, 19.50834 ], [ 75.22069, 19.51154 ], [ 75.21631, 19.51862 ], [ 75.20695, 19.52359 ], [ 75.20073, 19.52072 ], [ 75.18725, 19.51684 ], [ 75.18511, 19.52363 ], [ 75.18348, 19.52638 ], [ 75.18125, 19.53561 ], [ 75.17816, 19.53957 ], [ 75.17009, 19.54418 ], [ 75.16245, 19.542 ], [ 75.15678, 19.54232 ], [ 75.15593, 19.5475 ], [ 75.16142, 19.55688 ], [ 75.1664, 19.56205 ], [ 75.17155, 19.57014 ], [ 75.17395, 19.57548 ], [ 75.17275, 19.5792 ], [ 75.16537, 19.57952 ], [ 75.12897, 19.57451 ], [ 75.12194, 19.5771 ], [ 75.11576, 19.5834 ], [ 75.11095, 19.59052 ], [ 75.09928, 19.60111 ], [ 75.08979, 19.60633 ], [ 75.08537, 19.60685 ], [ 75.07919, 19.60609 ], [ 75.06928, 19.60398 ], [ 75.0661, 19.60249 ], [ 75.05692, 19.6035 ], [ 75.0437, 19.61022 ], [ 75.03782, 19.61074 ], [ 75.03508, 19.61947 ], [ 75.02855, 19.62084 ], [ 75.01834, 19.62052 ], [ 75.01585, 19.61365 ], [ 75.00641, 19.60637 ], [ 75.00203, 19.60491 ], [ 74.99456, 19.60669 ], [ 74.98967, 19.61268 ], [ 74.98272, 19.61259 ], [ 74.96761, 19.61017 ], [ 74.96152, 19.61292 ], [ 74.96032, 19.61138 ], [ 74.96392, 19.60661 ], [ 74.96272, 19.59869 ], [ 74.95654, 19.59966 ], [ 74.9544, 19.61365 ], [ 74.95663, 19.6168 ], [ 74.96058, 19.61753 ], [ 74.9707, 19.61534 ], [ 74.9774, 19.61753 ], [ 74.98555, 19.61882 ], [ 74.99268, 19.61761 ], [ 75.00031, 19.61098 ], [ 75.00581, 19.61171 ], [ 75.01147, 19.61769 ], [ 75.01027, 19.62116 ], [ 74.99542, 19.62464 ], [ 74.98667, 19.62982 ], [ 74.98135, 19.63717 ], [ 74.97045, 19.64202 ], [ 74.96161, 19.6434 ], [ 74.94521, 19.64275 ], [ 74.94032, 19.64081 ], [ 74.93255, 19.63491 ], [ 74.92912, 19.63608 ], [ 74.92762, 19.6398 ], [ 74.928, 19.64408 ], [ 74.92607, 19.64481 ], [ 74.91946, 19.64441 ], [ 74.91646, 19.64643 ], [ 74.91294, 19.64663 ], [ 74.90762, 19.64538 ], [ 74.90097, 19.64057 ], [ 74.89067, 19.63818 ], [ 74.88676, 19.63778 ], [ 74.88479, 19.63846 ], [ 74.88303, 19.64158 ], [ 74.88333, 19.64481 ], [ 74.8859, 19.65229 ], [ 74.88483, 19.65302 ], [ 74.88208, 19.65277 ], [ 74.87779, 19.65031 ], [ 74.87509, 19.65633 ], [ 74.87148, 19.66971 ], [ 74.89758, 19.66522 ] ] ] } },
{ "type": "Feature", "properties": { "name": "Tamhini WLS", "Type": "Wildlife Sanctuary", "State": "Maharashtra", "Year": 2013.0 }, "geometry": { "type": "MultiPolygon", "coordinates": [ [ [ [ 73.37689, 18.38424 ], [ 73.38103, 18.38599 ], [ 73.38459, 18.38566 ], [ 73.3862, 18.38688 ], [ 73.38438, 18.39474 ], [ 73.3776, 18.39649 ], [ 73.3782, 18.39713 ], [ 73.38232, 18.39713 ], [ 73.38, 18.40535 ], [ 73.3849, 18.40914 ], [ 73.38983, 18.41834 ], [ 73.39095, 18.42441 ], [ 73.3897, 18.42823 ], [ 73.39056, 18.43149 ], [ 73.38867, 18.43255 ], [ 73.38387, 18.4332 ], [ 73.38348, 18.43617 ], [ 73.3897, 18.43862 ], [ 73.39232, 18.44053 ], [ 73.39082, 18.44704 ], [ 73.39159, 18.44822 ], [ 73.39395, 18.44778 ], [ 73.39627, 18.44851 ], [ 73.4015, 18.4538 ], [ 73.40378, 18.45185 ], [ 73.40189, 18.4459 ], [ 73.39811, 18.4455 ], [ 73.39605, 18.44371 ], [ 73.39485, 18.43833 ], [ 73.39605, 18.42571 ], [ 73.39931, 18.41398 ], [ 73.39897, 18.40165 ], [ 73.39777, 18.40022 ], [ 73.39301, 18.40055 ], [ 73.39236, 18.40156 ], [ 73.38897, 18.40091 ], [ 73.38938, 18.39672 ], [ 73.3908, 18.39489 ], [ 73.39084, 18.3909 ], [ 73.39264, 18.38326 ], [ 73.39213, 18.37955 ], [ 73.3876, 18.38267 ], [ 73.38713, 18.37442 ], [ 73.38811, 18.3712 ], [ 73.38683, 18.37037 ], [ 73.38558, 18.371 ], [ 73.38039, 18.37043 ], [ 73.37874, 18.3718 ], [ 73.38054, 18.37628 ], [ 73.37627, 18.38283 ], [ 73.37689, 18.38424 ] ] ], [ [ [ 73.39601, 18.3968 ], [ 73.40253, 18.4014 ], [ 73.40339, 18.40389 ], [ 73.40378, 18.42591 ], [ 73.40567, 18.43153 ], [ 73.40489, 18.43703 ], [ 73.40172, 18.44269 ], [ 73.40481, 18.44342 ], [ 73.40863, 18.44904 ], [ 73.40981, 18.45419 ], [ 73.40886, 18.47704 ], [ 73.40524, 18.48315 ], [ 73.41571, 18.48415 ], [ 73.41828, 18.48657 ], [ 73.42197, 18.4882 ], [ 73.43081, 18.48718 ], [ 73.43356, 18.48523 ], [ 73.44163, 18.48262 ], [ 73.44309, 18.47688 ], [ 73.44026, 18.47599 ], [ 73.43918, 18.47352 ], [ 73.43159, 18.4724 ], [ 73.42978, 18.47094 ], [ 73.42923, 18.4678 ], [ 73.43425, 18.46634 ], [ 73.43348, 18.46207 ], [ 73.4321, 18.46023 ], [ 73.42687, 18.45694 ], [ 73.42554, 18.44875 ], [ 73.4209, 18.4413 ], [ 73.42266, 18.44029 ], [ 73.42532, 18.44053 ], [ 73.43159, 18.44257 ], [ 73.43335, 18.44204 ], [ 73.43925, 18.43729 ], [ 73.44264, 18.43581 ], [ 73.43826, 18.4443 ], [ 73.43498, 18.45305 ], [ 73.43534, 18.4562 ], [ 73.44766, 18.46331 ], [ 73.46167, 18.45694 ], [ 73.46373, 18.45722 ], [ 73.46733, 18.4639 ], [ 73.46871, 18.46419 ], [ 73.47176, 18.46292 ], [ 73.47467, 18.4663 ], [ 73.47163, 18.47033 ], [ 73.47631, 18.47485 ], [ 73.48004, 18.47627 ], [ 73.48266, 18.47501 ], [ 73.4857, 18.47004 ], [ 73.49278, 18.47595 ], [ 73.4954, 18.47375 ], [ 73.49253, 18.46789 ], [ 73.48176, 18.46141 ], [ 73.47832, 18.45775 ], [ 73.46811, 18.45144 ], [ 73.46764, 18.44949 ], [ 73.46536, 18.44761 ], [ 73.45674, 18.44737 ], [ 73.45021, 18.44371 ], [ 73.44884, 18.44143 ], [ 73.44991, 18.43927 ], [ 73.45244, 18.43809 ], [ 73.4551, 18.4352 ], [ 73.45356, 18.43194 ], [ 73.45206, 18.43222 ], [ 73.44953, 18.42832 ], [ 73.4397, 18.43332 ], [ 73.4291, 18.41785 ], [ 73.42622, 18.41512 ], [ 73.42601, 18.40747 ], [ 73.42373, 18.40442 ], [ 73.42167, 18.39269 ], [ 73.41871, 18.39615 ], [ 73.41704, 18.39383 ], [ 73.41412, 18.39436 ], [ 73.41296, 18.39362 ], [ 73.41215, 18.39204 ], [ 73.41554, 18.38699 ], [ 73.41146, 18.38519 ], [ 73.40811, 18.38479 ], [ 73.39708, 18.38568 ], [ 73.3958, 18.38601 ], [ 73.39326, 18.38902 ], [ 73.39601, 18.3968 ] ] ] ] } },
{ "type": "Feature", "properties": { "name": "Talakaveri WLS", "Type": "Wildlife Sanctuary", "State": "Karnataka", "Year": 1987.0 }, "geometry": { "type": "Polygon", "coordinates": [ [ [ 75.43573, 12.36629 ], [ 75.43631, 12.36794 ], [ 75.43573, 12.37262 ], [ 75.43644, 12.37366 ], [ 75.44178, 12.37624 ], [ 75.44365, 12.37568 ], [ 75.44518, 12.37823 ], [ 75.4438, 12.39919 ], [ 75.44689, 12.4344 ], [ 75.44681, 12.44772 ], [ 75.45286, 12.45108 ], [ 75.48277, 12.43695 ], [ 75.49032, 12.43452 ], [ 75.50251, 12.4253 ], [ 75.50472, 12.42201 ], [ 75.50436, 12.41793 ], [ 75.50333, 12.41503 ], [ 75.50054, 12.41135 ], [ 75.49382, 12.38984 ], [ 75.49047, 12.38718 ], [ 75.49123, 12.38105 ], [ 75.48989, 12.37111 ], [ 75.49067, 12.36624 ], [ 75.495, 12.36206 ], [ 75.50836, 12.3565 ], [ 75.52912, 12.34478 ], [ 75.53195, 12.33879 ], [ 75.53161, 12.33111 ], [ 75.54221, 12.3227 ], [ 75.54637, 12.31606 ], [ 75.55017, 12.30598 ], [ 75.54862, 12.30244 ], [ 75.54528, 12.29925 ], [ 75.54161, 12.29799 ], [ 75.53802, 12.29443 ], [ 75.53367, 12.29254 ], [ 75.52792, 12.29271 ], [ 75.52523, 12.29392 ], [ 75.52253, 12.29166 ], [ 75.51871, 12.29051 ], [ 75.5165, 12.29057 ], [ 75.51468, 12.29239 ], [ 75.51313, 12.2926 ], [ 75.51066, 12.2912 ], [ 75.50217, 12.29103 ], [ 75.49509, 12.29216 ], [ 75.49028, 12.2939 ], [ 75.48697, 12.29288 ], [ 75.48298, 12.2935 ], [ 75.47281, 12.30067 ], [ 75.46466, 12.29958 ], [ 75.46101, 12.29577 ], [ 75.44801, 12.30411 ], [ 75.4432, 12.31065 ], [ 75.44507, 12.32311 ], [ 75.44764, 12.32126 ], [ 75.45183, 12.32168 ], [ 75.45571, 12.31981 ], [ 75.4576, 12.32283 ], [ 75.46219, 12.32415 ], [ 75.46185, 12.32602 ], [ 75.46268, 12.32642 ], [ 75.46088, 12.33772 ], [ 75.46234, 12.34667 ], [ 75.45859, 12.34746 ], [ 75.45659, 12.34971 ], [ 75.45314, 12.34981 ], [ 75.45172, 12.34826 ], [ 75.45097, 12.34843 ], [ 75.44904, 12.35111 ], [ 75.44673, 12.35034 ], [ 75.44619, 12.34808 ], [ 75.4453, 12.35044 ], [ 75.44058, 12.35224 ], [ 75.43977, 12.35459 ], [ 75.4376, 12.35413 ], [ 75.43713, 12.35564 ], [ 75.43797, 12.35646 ], [ 75.43794, 12.36023 ], [ 75.43681, 12.36365 ], [ 75.43352, 12.36398 ], [ 75.43299, 12.36272 ], [ 75.43219, 12.36287 ], [ 75.43209, 12.36421 ], [ 75.43573, 12.36629 ] ] ] } },
{ "type": "Feature", "properties": { "name": "Ranganathittu Bird WLS", "Type": "Wildlife Sanctuary", "State": "Karnataka", "Year": 1940.0 }, "geometry": { "type": "MultiPolygon", "coordinates": [ [ [ [ 76.57604, 12.4185 ], [ 76.57802, 12.42088 ], [ 76.57878, 12.41879 ], [ 76.578, 12.41612 ], [ 76.57467, 12.4159 ], [ 76.57604, 12.4185 ] ] ], [ [ [ 76.60624, 12.42172 ], [ 76.60877, 12.42495 ], [ 76.61078, 12.42337 ], [ 76.6123, 12.41976 ], [ 76.61177, 12.41886 ], [ 76.61029, 12.41889 ], [ 76.60891, 12.41782 ], [ 76.60554, 12.41999 ], [ 76.60225, 12.42069 ], [ 76.60624, 12.42172 ] ] ], [ [ [ 76.65193, 12.42926 ], [ 76.65647, 12.43111 ], [ 76.65955, 12.4307 ], [ 76.66299, 12.42896 ], [ 76.65755, 12.42849 ], [ 76.65466, 12.42488 ], [ 76.64998, 12.4274 ], [ 76.65193, 12.42926 ] ] ], [ [ [ 76.65235, 12.42543 ], [ 76.65289, 12.42489 ], [ 76.65229, 12.42494 ], [ 76.65164, 12.42552 ], [ 76.65235, 12.42543 ] ] ], [ [ [ 76.65252, 12.42414 ], [ 76.65341, 12.42376 ], [ 76.65285, 12.42356 ], [ 76.65252, 12.42414 ] ] ], [ [ [ 76.65276, 12.42453 ], [ 76.65297, 12.4244 ], [ 76.65285, 12.42426 ], [ 76.65276, 12.42453 ] ] ], [ [ [ 76.65303, 12.42469 ], [ 76.65311, 12.42469 ], [ 76.65313, 12.42449 ], [ 76.65303, 12.42469 ] ] ], [ [ [ 76.65311, 12.42432 ], [ 76.65326, 12.42424 ], [ 76.65308, 12.42416 ], [ 76.65311, 12.42432 ] ] ], [ [ [ 76.65409, 12.42456 ], [ 76.65433, 12.4244 ], [ 76.65394, 12.42424 ], [ 76.65409, 12.42456 ] ] ], [ [ [ 76.65891, 12.42788 ], [ 76.66297, 12.42799 ], [ 76.6584, 12.42552 ], [ 76.65747, 12.42627 ], [ 76.65891, 12.42788 ] ] ], [ [ [ 76.79412, 12.38421 ], [ 76.79585, 12.37667 ], [ 76.79408, 12.38139 ], [ 76.79325, 12.3852 ], [ 76.79412, 12.38421 ] ] ], [ [ [ 76.7957, 12.38561 ], [ 76.79745, 12.38464 ], [ 76.79705, 12.38064 ], [ 76.80047, 12.37644 ], [ 76.80171, 12.36996 ], [ 76.79863, 12.37139 ], [ 76.79777, 12.37286 ], [ 76.79794, 12.37457 ], [ 76.79403, 12.38552 ], [ 76.7957, 12.38561 ] ] ], [ [ [ 76.79501, 12.37656 ], [ 76.79671, 12.37206 ], [ 76.79859, 12.36943 ], [ 76.79817, 12.3685 ], [ 76.79751, 12.36842 ], [ 76.79527, 12.37215 ], [ 76.79501, 12.37656 ] ] ], [ [ [ 76.79722, 12.37493 ], [ 76.79812, 12.37077 ], [ 76.79731, 12.37146 ], [ 76.7962, 12.37487 ], [ 76.79722, 12.37493 ] ] ], [ [ [ 76.80148, 12.36857 ], [ 76.80337, 12.36376 ], [ 76.79997, 12.36651 ], [ 76.79874, 12.37024 ], [ 76.80148, 12.36857 ] ] ] ] } },
{ "type": "Feature", "properties": { "name": "Ramadevarabetta Vulture WLS", "Type": "Wildlife Sanctuary", "State": "Karnataka", "Year": 2012.0 }, "geometry": { "type": "Polygon", "coordinates": [ [ [ 77.2965, 12.7597 ], [ 77.29916, 12.76204 ], [ 77.30418, 12.76313 ], [ 77.30543, 12.7651 ], [ 77.30916, 12.76505 ], [ 77.31058, 12.76388 ], [ 77.30877, 12.76095 ], [ 77.30929, 12.75907 ], [ 77.31077, 12.75888 ], [ 77.31268, 12.74982 ], [ 77.31221, 12.74881 ], [ 77.31109, 12.74773 ], [ 77.30963, 12.74764 ], [ 77.30538, 12.75308 ], [ 77.30109, 12.7561 ], [ 77.29667, 12.7558 ], [ 77.29603, 12.75773 ], [ 77.2965, 12.7597 ] ] ] } },
{ "type": "Feature", "properties": { "name": "Netravali WLS", "Type": "Wildlife Sanctuary", "State": "Goa", "Year": 1999.0 }, "geometry": { "type": "Polygon", "coordinates": [ [ [ 74.16823, 15.06276 ], [ 74.17042, 15.06446 ], [ 74.19346, 15.07515 ], [ 74.19969, 15.07718 ], [ 74.20951, 15.0824 ], [ 74.2114, 15.08281 ], [ 74.21857, 15.07444 ], [ 74.22363, 15.07022 ], [ 74.22784, 15.07154 ], [ 74.22741, 15.07494 ], [ 74.23436, 15.07676 ], [ 74.23792, 15.079 ], [ 74.23852, 15.08074 ], [ 74.23844, 15.08501 ], [ 74.23591, 15.09019 ], [ 74.22947, 15.0969 ], [ 74.22282, 15.09819 ], [ 74.22029, 15.10204 ], [ 74.21784, 15.10067 ], [ 74.21093, 15.10022 ], [ 74.20938, 15.10312 ], [ 74.21316, 15.10933 ], [ 74.21591, 15.11215 ], [ 74.21814, 15.11679 ], [ 74.21393, 15.12276 ], [ 74.21411, 15.12715 ], [ 74.21857, 15.13154 ], [ 74.22312, 15.13436 ], [ 74.22672, 15.13991 ], [ 74.22732, 15.15399 ], [ 74.22222, 15.15474 ], [ 74.21844, 15.15441 ], [ 74.21067, 15.14728 ], [ 74.20745, 15.14629 ], [ 74.2081, 15.14865 ], [ 74.20775, 15.15242 ], [ 74.2002, 15.15536 ], [ 74.19608, 15.15366 ], [ 74.19458, 15.1542 ], [ 74.19291, 15.15706 ], [ 74.19248, 15.16141 ], [ 74.19539, 15.16199 ], [ 74.1963, 15.15929 ], [ 74.19831, 15.15896 ], [ 74.2026, 15.16049 ], [ 74.20321, 15.16389 ], [ 74.20222, 15.1653 ], [ 74.20252, 15.16849 ], [ 74.20359, 15.17019 ], [ 74.20707, 15.17218 ], [ 74.20754, 15.17317 ], [ 74.20702, 15.17499 ], [ 74.20312, 15.17744 ], [ 74.1993, 15.17657 ], [ 74.1987, 15.17719 ], [ 74.19956, 15.18183 ], [ 74.20312, 15.18129 ], [ 74.20587, 15.18236 ], [ 74.20621, 15.18444 ], [ 74.20548, 15.18671 ], [ 74.20072, 15.19073 ], [ 74.1975, 15.19703 ], [ 74.19303, 15.19686 ], [ 74.19346, 15.19429 ], [ 74.19213, 15.19193 ], [ 74.19213, 15.18634 ], [ 74.18497, 15.18456 ], [ 74.18467, 15.18617 ], [ 74.18651, 15.18907 ], [ 74.18544, 15.19094 ], [ 74.17767, 15.19214 ], [ 74.17758, 15.19732 ], [ 74.17986, 15.19587 ], [ 74.18205, 15.19301 ], [ 74.18368, 15.194 ], [ 74.18376, 15.19732 ], [ 74.18548, 15.20233 ], [ 74.1917, 15.20241 ], [ 74.19677, 15.20137 ], [ 74.20372, 15.20469 ], [ 74.20316, 15.20647 ], [ 74.19681, 15.21367 ], [ 74.20325, 15.21442 ], [ 74.20784, 15.21181 ], [ 74.21546, 15.20957 ], [ 74.21887, 15.20719 ], [ 74.22262, 15.20185 ], [ 74.22636, 15.19862 ], [ 74.22709, 15.19355 ], [ 74.22662, 15.19048 ], [ 74.22548, 15.18895 ], [ 74.22627, 15.18518 ], [ 74.22606, 15.18077 ], [ 74.22432, 15.17735 ], [ 74.23024, 15.17296 ], [ 74.23084, 15.16667 ], [ 74.23436, 15.16547 ], [ 74.23638, 15.16596 ], [ 74.24273, 15.16393 ], [ 74.25071, 15.1646 ], [ 74.25367, 15.16518 ], [ 74.25569, 15.16803 ], [ 74.26144, 15.16832 ], [ 74.2662, 15.17213 ], [ 74.26453, 15.17578 ], [ 74.26616, 15.18112 ], [ 74.26925, 15.18539 ], [ 74.2723, 15.18729 ], [ 74.27492, 15.19125 ], [ 74.27762, 15.19307 ], [ 74.27734, 15.19997 ], [ 74.28105, 15.20142 ], [ 74.28627, 15.20154 ], [ 74.29178, 15.20413 ], [ 74.29625, 15.20744 ], [ 74.30681, 15.20965 ], [ 74.30982, 15.20564 ], [ 74.30966, 15.19406 ], [ 74.31574, 15.18805 ], [ 74.31698, 15.18309 ], [ 74.31231, 15.17948 ], [ 74.29704, 15.15075 ], [ 74.28894, 15.1497 ], [ 74.28598, 15.14744 ], [ 74.28691, 15.13511 ], [ 74.28348, 15.13286 ], [ 74.28644, 15.12579 ], [ 74.28411, 15.10698 ], [ 74.2771, 15.10473 ], [ 74.276, 15.09811 ], [ 74.28208, 15.09254 ], [ 74.28457, 15.07825 ], [ 74.28489, 15.06652 ], [ 74.29159, 15.06471 ], [ 74.29205, 15.05478 ], [ 74.29669, 15.04482 ], [ 74.30419, 15.05175 ], [ 74.29821, 15.04123 ], [ 74.28555, 15.03155 ], [ 74.28569, 15.0221 ], [ 74.27501, 15.01403 ], [ 74.26776, 15.00042 ], [ 74.25607, 14.9983 ], [ 74.25179, 14.99893 ], [ 74.24535, 15.00158 ], [ 74.24294, 15.00366 ], [ 74.23797, 15.00424 ], [ 74.23007, 15.01319 ], [ 74.22861, 15.01609 ], [ 74.22672, 15.02198 ], [ 74.23041, 15.02579 ], [ 74.22561, 15.03184 ], [ 74.22492, 15.03474 ], [ 74.22303, 15.03731 ], [ 74.2135, 15.04311 ], [ 74.18999, 15.05173 ], [ 74.17274, 15.05281 ], [ 74.16853, 15.05671 ], [ 74.16746, 15.05973 ], [ 74.16823, 15.06276 ] ] ] } },
{ "type": "Feature", "properties": { "name": "Gudekote Sloth Bear WLS", "Type": "Wildlife Sanctuary", "State": "Karnataka", "Year": 2013.0 }, "geometry": { "type": "MultiPolygon", "coordinates": [ [ [ [ 76.59428, 14.88335 ], [ 76.59973, 14.88484 ], [ 76.60716, 14.88346 ], [ 76.61152, 14.88664 ], [ 76.61873, 14.8869 ], [ 76.61908, 14.88973 ], [ 76.61775, 14.89558 ], [ 76.61846, 14.89716 ], [ 76.62314, 14.89813 ], [ 76.62932, 14.89602 ], [ 76.62985, 14.8966 ], [ 76.62889, 14.89716 ], [ 76.62867, 14.89842 ], [ 76.63397, 14.89739 ], [ 76.63262, 14.8995 ], [ 76.63541, 14.89956 ], [ 76.63648, 14.89755 ], [ 76.63792, 14.89768 ], [ 76.63764, 14.9001 ], [ 76.63925, 14.90058 ], [ 76.63972, 14.89776 ], [ 76.64196, 14.90019 ], [ 76.64193, 14.90201 ], [ 76.64532, 14.90149 ], [ 76.64726, 14.89896 ], [ 76.65185, 14.89676 ], [ 76.65236, 14.89399 ], [ 76.65183, 14.89173 ], [ 76.64859, 14.88947 ], [ 76.64324, 14.88924 ], [ 76.64412, 14.88611 ], [ 76.6473, 14.88414 ], [ 76.65107, 14.88474 ], [ 76.65367, 14.88418 ], [ 76.65028, 14.87669 ], [ 76.66451, 14.87142 ], [ 76.6635, 14.86611 ], [ 76.66208, 14.86437 ], [ 76.65912, 14.86487 ], [ 76.6532, 14.86248 ], [ 76.65217, 14.85807 ], [ 76.65344, 14.85421 ], [ 76.65311, 14.85195 ], [ 76.64901, 14.85079 ], [ 76.64507, 14.85558 ], [ 76.64301, 14.85641 ], [ 76.63977, 14.85355 ], [ 76.63702, 14.85543 ], [ 76.63575, 14.85371 ], [ 76.63239, 14.85178 ], [ 76.63243, 14.84977 ], [ 76.6311, 14.84967 ], [ 76.62694, 14.85326 ], [ 76.61977, 14.85027 ], [ 76.61127, 14.8518 ], [ 76.6096, 14.85628 ], [ 76.60981, 14.86068 ], [ 76.60801, 14.86246 ], [ 76.612, 14.86412 ], [ 76.6117, 14.8669 ], [ 76.60582, 14.86599 ], [ 76.59917, 14.8725 ], [ 76.5978, 14.87532 ], [ 76.60249, 14.88024 ], [ 76.60067, 14.88053 ], [ 76.59715, 14.87885 ], [ 76.5937, 14.87943 ], [ 76.59258, 14.88076 ], [ 76.59428, 14.88335 ] ] ], [ [ [ 76.63582, 14.84276 ], [ 76.63938, 14.84479 ], [ 76.64299, 14.84357 ], [ 76.65002, 14.84367 ], [ 76.6514, 14.84127 ], [ 76.65138, 14.83878 ], [ 76.64932, 14.8376 ], [ 76.65144, 14.83616 ], [ 76.65565, 14.83664 ], [ 76.65835, 14.8394 ], [ 76.66178, 14.83882 ], [ 76.6661, 14.83679 ], [ 76.66631, 14.83504 ], [ 76.66869, 14.83303 ], [ 76.67255, 14.83173 ], [ 76.67629, 14.8339 ], [ 76.6768, 14.83521 ], [ 76.6794, 14.83571 ], [ 76.68099, 14.83338 ], [ 76.69024, 14.82687 ], [ 76.69757, 14.82449 ], [ 76.70285, 14.81969 ], [ 76.69903, 14.81658 ], [ 76.69875, 14.81459 ], [ 76.69697, 14.81492 ], [ 76.69545, 14.81409 ], [ 76.69257, 14.81067 ], [ 76.68985, 14.81198 ], [ 76.68702, 14.80957 ], [ 76.68599, 14.80687 ], [ 76.68648, 14.80136 ], [ 76.68288, 14.80127 ], [ 76.68015, 14.79949 ], [ 76.66959, 14.80107 ], [ 76.6653, 14.80007 ], [ 76.66401, 14.80405 ], [ 76.65434, 14.80648 ], [ 76.64904, 14.80154 ], [ 76.6456, 14.80467 ], [ 76.64878, 14.80654 ], [ 76.64792, 14.80953 ], [ 76.64481, 14.81235 ], [ 76.64191, 14.81185 ], [ 76.6347, 14.8126 ], [ 76.6326, 14.81413 ], [ 76.63524, 14.81961 ], [ 76.63676, 14.82011 ], [ 76.63869, 14.82822 ], [ 76.64262, 14.83488 ], [ 76.64275, 14.83681 ], [ 76.63902, 14.83743 ], [ 76.63764, 14.83525 ], [ 76.63208, 14.83438 ], [ 76.6305, 14.84123 ], [ 76.63582, 14.84276 ] ] ] ] } },
{ "type": "Feature", "properties": { "name": "Madei WLS", "Type": "Wildlife Sanctuary", "State": "Goa", "Year": 1999.0 }, "geometry": { "type": "Polygon", "coordinates": [ [ [ 74.08171, 15.57993 ], [ 74.07836, 15.58216 ], [ 74.07845, 15.60055 ], [ 74.08334, 15.60601 ], [ 74.08536, 15.61084 ], [ 74.09326, 15.61432 ], [ 74.09454, 15.61477 ], [ 74.09999, 15.61374 ], [ 74.10169, 15.61196 ], [ 74.10394, 15.61175 ], [ 74.10407, 15.61479 ], [ 74.1012, 15.61634 ], [ 74.10036, 15.61828 ], [ 74.10201, 15.61787 ], [ 74.10259, 15.6188 ], [ 74.1025, 15.62198 ], [ 74.10688, 15.62105 ], [ 74.10961, 15.6226 ], [ 74.10933, 15.62455 ], [ 74.10791, 15.62481 ], [ 74.10617, 15.62366 ], [ 74.10639, 15.62506 ], [ 74.10517, 15.62614 ], [ 74.10265, 15.6263 ], [ 74.10192, 15.62452 ], [ 74.09946, 15.625 ], [ 74.10012, 15.62665 ], [ 74.09956, 15.62746 ], [ 74.09828, 15.62717 ], [ 74.096, 15.63023 ], [ 74.0934, 15.63571 ], [ 74.11652, 15.65308 ], [ 74.16938, 15.65346 ], [ 74.17116, 15.6713 ], [ 74.18588, 15.68245 ], [ 74.19346, 15.68022 ], [ 74.19213, 15.6664 ], [ 74.20729, 15.66238 ], [ 74.20907, 15.65034 ], [ 74.22468, 15.65435 ], [ 74.23271, 15.66327 ], [ 74.251, 15.65569 ], [ 74.24832, 15.62536 ], [ 74.25858, 15.62447 ], [ 74.26438, 15.61109 ], [ 74.26122, 15.59083 ], [ 74.24916, 15.57957 ], [ 74.2504, 15.57746 ], [ 74.24616, 15.5664 ], [ 74.258, 15.56014 ], [ 74.26349, 15.56471 ], [ 74.26633, 15.55697 ], [ 74.27464, 15.54999 ], [ 74.28127, 15.52687 ], [ 74.2782, 15.52353 ], [ 74.27833, 15.52147 ], [ 74.27605, 15.51228 ], [ 74.25612, 15.50331 ], [ 74.25218, 15.49347 ], [ 74.20695, 15.46285 ], [ 74.19067, 15.45666 ], [ 74.18793, 15.46096 ], [ 74.18655, 15.4689 ], [ 74.19067, 15.47238 ], [ 74.18982, 15.47585 ], [ 74.18982, 15.48214 ], [ 74.18724, 15.4866 ], [ 74.18312, 15.49024 ], [ 74.18136, 15.49301 ], [ 74.17746, 15.49024 ], [ 74.17377, 15.48412 ], [ 74.16235, 15.49314 ], [ 74.16106, 15.49686 ], [ 74.16355, 15.5067 ], [ 74.17016, 15.50778 ], [ 74.17977, 15.5048 ], [ 74.18681, 15.50414 ], [ 74.18587, 15.50645 ], [ 74.1808, 15.51075 ], [ 74.16441, 15.51625 ], [ 74.16364, 15.51828 ], [ 74.16484, 15.51973 ], [ 74.17055, 15.52221 ], [ 74.17329, 15.52436 ], [ 74.17711, 15.53069 ], [ 74.18067, 15.5318 ], [ 74.1905, 15.53172 ], [ 74.19291, 15.53329 ], [ 74.19651, 15.53747 ], [ 74.1975, 15.54549 ], [ 74.19591, 15.54813 ], [ 74.19273, 15.54842 ], [ 74.19127, 15.54722 ], [ 74.18973, 15.54148 ], [ 74.1863, 15.53747 ], [ 74.18269, 15.5361 ], [ 74.18093, 15.53639 ], [ 74.18454, 15.5416 ], [ 74.18514, 15.54487 ], [ 74.17913, 15.55053 ], [ 74.17947, 15.55537 ], [ 74.18132, 15.55806 ], [ 74.16664, 15.56037 ], [ 74.16441, 15.56889 ], [ 74.16673, 15.58402 ], [ 74.16467, 15.59047 ], [ 74.16561, 15.59237 ], [ 74.17359, 15.59328 ], [ 74.17557, 15.59667 ], [ 74.17428, 15.60055 ], [ 74.16819, 15.60245 ], [ 74.16055, 15.59481 ], [ 74.15514, 15.59386 ], [ 74.15188, 15.59406 ], [ 74.14711, 15.59795 ], [ 74.14733, 15.60088 ], [ 74.14896, 15.60369 ], [ 74.15102, 15.60551 ], [ 74.15802, 15.60667 ], [ 74.16029, 15.6082 ], [ 74.16098, 15.61073 ], [ 74.16016, 15.61427 ], [ 74.16278, 15.6232 ], [ 74.16031, 15.62495 ], [ 74.15763, 15.62568 ], [ 74.15368, 15.61899 ], [ 74.14943, 15.61857 ], [ 74.14518, 15.61973 ], [ 74.14717, 15.62644 ], [ 74.15256, 15.6313 ], [ 74.15291, 15.63692 ], [ 74.14965, 15.6394 ], [ 74.1433, 15.63891 ], [ 74.14106, 15.62667 ], [ 74.1342, 15.61527 ], [ 74.13282, 15.60171 ], [ 74.12853, 15.58038 ], [ 74.1239, 15.56881 ], [ 74.12261, 15.56265 ], [ 74.12647, 15.55698 ], [ 74.12716, 15.55086 ], [ 74.12991, 15.54367 ], [ 74.12596, 15.54259 ], [ 74.11325, 15.55417 ], [ 74.10999, 15.56839 ], [ 74.1021, 15.57732 ], [ 74.10072, 15.57505 ], [ 74.10111, 15.57277 ], [ 74.0975, 15.56856 ], [ 74.09394, 15.56653 ], [ 74.0951, 15.56021 ], [ 74.10038, 15.54929 ], [ 74.10334, 15.54491 ], [ 74.11059, 15.53986 ], [ 74.11214, 15.53689 ], [ 74.11167, 15.53246 ], [ 74.11991, 15.522 ], [ 74.12012, 15.51824 ], [ 74.10652, 15.51493 ], [ 74.10334, 15.51799 ], [ 74.1024, 15.52357 ], [ 74.10012, 15.52486 ], [ 74.09729, 15.52457 ], [ 74.09429, 15.52614 ], [ 74.0915, 15.52887 ], [ 74.08896, 15.5366 ], [ 74.09081, 15.54061 ], [ 74.08914, 15.54412 ], [ 74.0927, 15.54623 ], [ 74.0924, 15.54921 ], [ 74.08635, 15.55417 ], [ 74.08304, 15.55859 ], [ 74.08309, 15.5619 ], [ 74.08184, 15.56566 ], [ 74.07708, 15.56728 ], [ 74.07678, 15.56976 ], [ 74.08171, 15.57993 ] ] ] } },
{ "type": "Feature", "properties": { "name": "Bondla WLS", "Type": "Wildlife Sanctuary", "State": "Goa", "Year": 1969.0 }, "geometry": { "type": "Polygon", "coordinates": [ [ [ 74.09407, 15.45244 ], [ 74.10334, 15.4512 ], [ 74.11293, 15.45235 ], [ 74.11755, 15.44549 ], [ 74.12544, 15.44127 ], [ 74.12815, 15.43064 ], [ 74.13038, 15.42543 ], [ 74.13261, 15.42377 ], [ 74.13207, 15.42102 ], [ 74.12937, 15.41815 ], [ 74.12669, 15.40582 ], [ 74.12664, 15.403 ], [ 74.12815, 15.40019 ], [ 74.1266, 15.39692 ], [ 74.12222, 15.39903 ], [ 74.11398, 15.40036 ], [ 74.10785, 15.40263 ], [ 74.10154, 15.40809 ], [ 74.09832, 15.42588 ], [ 74.09596, 15.42911 ], [ 74.093, 15.4306 ], [ 74.08879, 15.43738 ], [ 74.08669, 15.44226 ], [ 74.08617, 15.44772 ], [ 74.08459, 15.4524 ], [ 74.09407, 15.45244 ] ] ] } },
{ "type": "Feature", "properties": { "name": "Mookambika WLS", "Type": "Wildlife Sanctuary", "State": "Karnataka", "Year": 1974.0 }, "geometry": { "type": "Polygon", "coordinates": [ [ [ 74.65647, 13.97339 ], [ 74.66643, 13.98063 ], [ 74.66884, 13.97347 ], [ 74.67879, 13.96664 ], [ 74.68695, 13.95589 ], [ 74.69175, 13.95381 ], [ 74.69579, 13.94989 ], [ 74.69604, 13.9454 ], [ 74.69021, 13.94023 ], [ 74.68935, 13.93707 ], [ 74.69012, 13.93382 ], [ 74.69725, 13.92732 ], [ 74.7084, 13.92282 ], [ 74.71149, 13.91841 ], [ 74.71261, 13.91282 ], [ 74.71175, 13.90283 ], [ 74.73647, 13.91278 ], [ 74.75192, 13.91561 ], [ 74.76789, 13.91424 ], [ 74.7802, 13.91082 ], [ 74.78913, 13.90974 ], [ 74.80994, 13.90324 ], [ 74.8217, 13.90374 ], [ 74.82556, 13.90203 ], [ 74.83243, 13.90053 ], [ 74.83634, 13.89683 ], [ 74.83968, 13.89745 ], [ 74.84277, 13.90037 ], [ 74.8435, 13.90424 ], [ 74.85646, 13.91016 ], [ 74.85977, 13.91028 ], [ 74.86063, 13.90845 ], [ 74.85732, 13.90128 ], [ 74.85706, 13.89891 ], [ 74.86015, 13.89737 ], [ 74.86814, 13.9032 ], [ 74.88024, 13.9032 ], [ 74.88062, 13.90699 ], [ 74.88204, 13.91066 ], [ 74.88685, 13.91541 ], [ 74.88895, 13.91591 ], [ 74.89337, 13.91307 ], [ 74.89346, 13.90757 ], [ 74.89152, 13.90153 ], [ 74.89363, 13.89758 ], [ 74.8938, 13.89295 ], [ 74.89642, 13.89233 ], [ 74.90024, 13.89316 ], [ 74.90178, 13.8952 ], [ 74.90989, 13.89537 ], [ 74.90933, 13.88899 ], [ 74.91109, 13.88654 ], [ 74.91062, 13.88262 ], [ 74.90981, 13.88141 ], [ 74.89852, 13.87587 ], [ 74.89861, 13.87466 ], [ 74.89955, 13.87362 ], [ 74.90448, 13.8725 ], [ 74.90796, 13.87262 ], [ 74.91131, 13.87383 ], [ 74.91817, 13.86912 ], [ 74.9226, 13.8685 ], [ 74.92865, 13.86604 ], [ 74.93526, 13.86608 ], [ 74.93774, 13.86208 ], [ 74.94341, 13.858 ], [ 74.94894, 13.85571 ], [ 74.96349, 13.83391 ], [ 74.96465, 13.82812 ], [ 74.96697, 13.82533 ], [ 74.96783, 13.81612 ], [ 74.97148, 13.80899 ], [ 74.97813, 13.80566 ], [ 74.9792, 13.80416 ], [ 74.98456, 13.80403 ], [ 74.98705, 13.8022 ], [ 74.98933, 13.79878 ], [ 74.99285, 13.79116 ], [ 74.99594, 13.78174 ], [ 74.99705, 13.77582 ], [ 74.99375, 13.76131 ], [ 74.99495, 13.75702 ], [ 74.99864, 13.75068 ], [ 74.99924, 13.74697 ], [ 75.001, 13.74426 ], [ 75.00345, 13.7436 ], [ 75.01134, 13.74631 ], [ 75.01036, 13.75147 ], [ 75.00542, 13.75539 ], [ 75.01182, 13.75794 ], [ 75.01237, 13.75443 ], [ 75.01568, 13.74676 ], [ 75.0183, 13.74318 ], [ 75.01988, 13.73747 ], [ 75.0186, 13.73609 ], [ 75.01714, 13.73613 ], [ 75.01182, 13.73726 ], [ 75.01023, 13.73993 ], [ 75.00568, 13.7403 ], [ 75.00328, 13.73943 ], [ 75.00293, 13.7378 ], [ 75.00482, 13.72955 ], [ 75.00358, 13.72283 ], [ 74.99967, 13.71858 ], [ 74.99898, 13.71379 ], [ 75.00289, 13.70837 ], [ 75.00628, 13.70741 ], [ 75.01332, 13.70762 ], [ 75.01907, 13.70928 ], [ 75.01984, 13.71037 ], [ 75.02212, 13.71104 ], [ 75.02396, 13.71066 ], [ 75.02546, 13.70432 ], [ 75.02533, 13.69736 ], [ 75.02031, 13.69457 ], [ 75.01057, 13.69699 ], [ 75.00319, 13.69699 ], [ 74.99152, 13.69294 ], [ 74.98414, 13.68906 ], [ 74.98281, 13.68639 ], [ 74.98044, 13.6861 ], [ 74.97894, 13.68727 ], [ 74.98019, 13.69227 ], [ 74.98246, 13.69611 ], [ 74.98173, 13.69761 ], [ 74.98019, 13.69844 ], [ 74.97774, 13.69761 ], [ 74.97598, 13.69603 ], [ 74.97547, 13.69015 ], [ 74.97126, 13.68627 ], [ 74.97092, 13.67497 ], [ 74.96993, 13.67389 ], [ 74.96379, 13.67193 ], [ 74.9601, 13.65862 ], [ 74.95088, 13.65612 ], [ 74.95169, 13.6532 ], [ 74.95478, 13.65062 ], [ 74.95375, 13.64824 ], [ 74.95178, 13.6472 ], [ 74.94942, 13.64766 ], [ 74.94671, 13.64428 ], [ 74.94349, 13.64269 ], [ 74.94178, 13.64269 ], [ 74.94122, 13.64478 ], [ 74.94311, 13.64962 ], [ 74.94109, 13.65328 ], [ 74.94513, 13.66283 ], [ 74.94182, 13.6665 ], [ 74.9341, 13.66725 ], [ 74.93156, 13.66442 ], [ 74.93109, 13.66334 ], [ 74.93229, 13.6572 ], [ 74.93088, 13.6552 ], [ 74.93135, 13.65262 ], [ 74.92719, 13.65062 ], [ 74.92474, 13.64686 ], [ 74.9235, 13.6472 ], [ 74.92139, 13.65362 ], [ 74.92805, 13.65587 ], [ 74.92886, 13.65862 ], [ 74.92706, 13.6635 ], [ 74.92946, 13.66467 ], [ 74.93495, 13.67234 ], [ 74.93624, 13.67559 ], [ 74.94238, 13.67647 ], [ 74.94358, 13.67835 ], [ 74.94358, 13.68043 ], [ 74.94852, 13.67981 ], [ 74.95195, 13.68147 ], [ 74.95555, 13.68377 ], [ 74.95869, 13.68956 ], [ 74.96594, 13.69619 ], [ 74.97328, 13.69853 ], [ 74.97886, 13.70211 ], [ 74.97851, 13.70795 ], [ 74.97508, 13.7107 ], [ 74.96736, 13.72121 ], [ 74.96899, 13.72296 ], [ 74.97431, 13.72371 ], [ 74.97864, 13.72888 ], [ 74.97984, 13.73101 ], [ 74.97972, 13.7333 ], [ 74.97791, 13.73422 ], [ 74.97495, 13.73417 ], [ 74.97263, 13.73238 ], [ 74.96954, 13.73167 ], [ 74.96641, 13.73613 ], [ 74.9571, 13.73755 ], [ 74.95414, 13.73601 ], [ 74.95225, 13.72884 ], [ 74.94766, 13.72742 ], [ 74.94603, 13.72909 ], [ 74.94736, 13.73392 ], [ 74.9468, 13.73563 ], [ 74.94234, 13.73863 ], [ 74.93985, 13.73922 ], [ 74.93684, 13.73805 ], [ 74.93607, 13.73551 ], [ 74.94002, 13.73322 ], [ 74.94088, 13.73151 ], [ 74.9398, 13.73046 ], [ 74.92684, 13.73643 ], [ 74.92487, 13.73593 ], [ 74.92225, 13.73322 ], [ 74.91869, 13.73242 ], [ 74.91667, 13.72705 ], [ 74.91762, 13.72308 ], [ 74.91642, 13.72175 ], [ 74.91427, 13.72167 ], [ 74.91324, 13.71992 ], [ 74.91324, 13.71771 ], [ 74.90916, 13.71491 ], [ 74.90654, 13.71095 ], [ 74.90234, 13.70912 ], [ 74.89903, 13.70653 ], [ 74.89685, 13.70812 ], [ 74.89457, 13.71975 ], [ 74.89599, 13.7268 ], [ 74.8941, 13.72746 ], [ 74.892, 13.7268 ], [ 74.89101, 13.72546 ], [ 74.88607, 13.72367 ], [ 74.88616, 13.72021 ], [ 74.88736, 13.71854 ], [ 74.88354, 13.717 ], [ 74.88337, 13.71479 ], [ 74.88526, 13.71279 ], [ 74.88573, 13.70753 ], [ 74.88479, 13.70457 ], [ 74.8829, 13.70466 ], [ 74.88213, 13.71012 ], [ 74.88054, 13.71112 ], [ 74.87638, 13.71087 ], [ 74.86882, 13.70449 ], [ 74.86646, 13.70157 ], [ 74.86256, 13.70111 ], [ 74.86174, 13.69986 ], [ 74.86157, 13.69699 ], [ 74.86015, 13.69561 ], [ 74.85595, 13.69582 ], [ 74.85432, 13.6944 ], [ 74.85294, 13.69436 ], [ 74.85045, 13.69703 ], [ 74.8456, 13.69511 ], [ 74.84269, 13.69869 ], [ 74.83608, 13.69961 ], [ 74.83277, 13.70132 ], [ 74.82758, 13.69903 ], [ 74.82591, 13.69724 ], [ 74.82299, 13.6964 ], [ 74.81775, 13.69949 ], [ 74.81239, 13.70045 ], [ 74.81063, 13.70045 ], [ 74.8081, 13.69819 ], [ 74.80389, 13.70028 ], [ 74.80235, 13.70716 ], [ 74.79651, 13.70745 ], [ 74.79295, 13.70866 ], [ 74.79059, 13.70666 ], [ 74.78424, 13.70591 ], [ 74.7445, 13.74647 ], [ 74.74518, 13.74756 ], [ 74.74402, 13.75414 ], [ 74.74497, 13.75852 ], [ 74.74716, 13.7641 ], [ 74.74977, 13.76586 ], [ 74.75231, 13.77294 ], [ 74.75922, 13.77844 ], [ 74.76518, 13.77803 ], [ 74.76673, 13.7799 ], [ 74.7669, 13.78299 ], [ 74.76969, 13.78386 ], [ 74.77256, 13.78228 ], [ 74.77334, 13.78324 ], [ 74.77291, 13.78757 ], [ 74.76926, 13.78742 ], [ 74.76883, 13.79614 ], [ 74.77261, 13.79843 ], [ 74.77422, 13.80093 ], [ 74.7787, 13.80341 ], [ 74.78027, 13.80801 ], [ 74.78143, 13.80828 ], [ 74.78441, 13.80639 ], [ 74.78947, 13.80814 ], [ 74.78988, 13.80947 ], [ 74.7955, 13.80972 ], [ 74.79258, 13.81508 ], [ 74.79638, 13.81404 ], [ 74.80007, 13.81727 ], [ 74.8067, 13.81616 ], [ 74.8067, 13.81864 ], [ 74.80325, 13.82158 ], [ 74.80387, 13.82308 ], [ 74.80981, 13.82491 ], [ 74.81041, 13.82604 ], [ 74.81022, 13.82983 ], [ 74.8135, 13.83304 ], [ 74.80765, 13.83398 ], [ 74.80456, 13.82937 ], [ 74.80031, 13.82858 ], [ 74.79763, 13.82475 ], [ 74.79655, 13.81979 ], [ 74.79462, 13.81691 ], [ 74.79153, 13.81833 ], [ 74.78951, 13.82166 ], [ 74.78793, 13.82208 ], [ 74.78578, 13.82199 ], [ 74.78449, 13.81874 ], [ 74.78265, 13.81658 ], [ 74.78175, 13.81654 ], [ 74.78076, 13.81712 ], [ 74.7805, 13.81874 ], [ 74.7817, 13.82333 ], [ 74.77896, 13.82616 ], [ 74.77694, 13.82633 ], [ 74.77252, 13.82191 ], [ 74.7711, 13.82224 ], [ 74.76591, 13.82062 ], [ 74.76531, 13.82395 ], [ 74.76402, 13.8257 ], [ 74.76295, 13.82558 ], [ 74.76068, 13.82425 ], [ 74.75982, 13.8207 ], [ 74.75196, 13.81558 ], [ 74.75038, 13.81616 ], [ 74.74896, 13.81829 ], [ 74.75244, 13.82366 ], [ 74.76128, 13.827 ], [ 74.76342, 13.82891 ], [ 74.76381, 13.833 ], [ 74.76269, 13.83412 ], [ 74.76055, 13.83429 ], [ 74.75887, 13.83545 ], [ 74.7581, 13.8367 ], [ 74.75977, 13.84304 ], [ 74.75737, 13.84725 ], [ 74.75501, 13.849 ], [ 74.75269, 13.85275 ], [ 74.75012, 13.85504 ], [ 74.74681, 13.85637 ], [ 74.74488, 13.85633 ], [ 74.74269, 13.85475 ], [ 74.74171, 13.85112 ], [ 74.74351, 13.84333 ], [ 74.7366, 13.84558 ], [ 74.72411, 13.845 ], [ 74.7157, 13.84879 ], [ 74.70973, 13.85037 ], [ 74.70308, 13.85471 ], [ 74.69926, 13.85604 ], [ 74.69763, 13.8575 ], [ 74.69617, 13.86183 ], [ 74.70051, 13.86446 ], [ 74.70008, 13.86783 ], [ 74.6936, 13.86987 ], [ 74.6939, 13.87221 ], [ 74.69793, 13.87979 ], [ 74.70072, 13.88241 ], [ 74.70051, 13.8847 ], [ 74.69746, 13.89141 ], [ 74.69235, 13.89533 ], [ 74.69231, 13.89741 ], [ 74.68961, 13.90241 ], [ 74.69025, 13.90391 ], [ 74.69497, 13.90649 ], [ 74.6945, 13.90832 ], [ 74.69274, 13.91257 ], [ 74.68266, 13.92007 ], [ 74.66841, 13.92532 ], [ 74.66886, 13.93138 ], [ 74.66763, 13.93294 ], [ 74.66626, 13.93827 ], [ 74.66525, 13.93923 ], [ 74.6677, 13.9399 ], [ 74.66901, 13.93615 ], [ 74.67165, 13.93251 ], [ 74.67319, 13.9279 ], [ 74.67517, 13.9269 ], [ 74.67828, 13.92707 ], [ 74.67942, 13.93036 ], [ 74.67545, 13.93319 ], [ 74.67467, 13.93521 ], [ 74.6724, 13.93655 ], [ 74.66952, 13.94336 ], [ 74.67733, 13.94088 ], [ 74.6795, 13.94102 ], [ 74.68156, 13.94308 ], [ 74.68195, 13.94654 ], [ 74.67298, 13.9479 ], [ 74.67244, 13.9516 ], [ 74.67405, 13.95183 ], [ 74.67341, 13.95425 ], [ 74.66899, 13.95562 ], [ 74.666, 13.95506 ], [ 74.66542, 13.95387 ], [ 74.66038, 13.95504 ], [ 74.65813, 13.95398 ], [ 74.65703, 13.95273 ], [ 74.65882, 13.94883 ], [ 74.65291, 13.9475 ], [ 74.65298, 13.95416 ], [ 74.66002, 13.95879 ], [ 74.66085, 13.96085 ], [ 74.65899, 13.96085 ], [ 74.65682, 13.96345 ], [ 74.65562, 13.96543 ], [ 74.65579, 13.96843 ], [ 74.6516, 13.96603 ], [ 74.65647, 13.97339 ] ] ] } },
{ "type": "Feature", "properties": { "name": "Brahmagiri WLS", "Type": "Wildlife Sanctuary", "State": "Karnataka", "Year": 1974.0 }, "geometry": { "type": "Polygon", "coordinates": [ [ [ 75.73972, 12.0824 ], [ 75.74964, 12.08641 ], [ 75.75329, 12.08985 ], [ 75.75665, 12.09081 ], [ 75.75726, 12.09375 ], [ 75.75582, 12.09742 ], [ 75.75777, 12.09961 ], [ 75.76326, 12.10126 ], [ 75.76337, 12.1025 ], [ 75.76575, 12.10382 ], [ 75.7706, 12.10286 ], [ 75.7726, 12.10101 ], [ 75.77502, 12.10084 ], [ 75.78054, 12.10349 ], [ 75.7812, 12.10493 ], [ 75.78067, 12.10775 ], [ 75.78384, 12.10821 ], [ 75.78436, 12.11102 ], [ 75.78667, 12.11098 ], [ 75.78779, 12.11257 ], [ 75.79064, 12.11366 ], [ 75.79242, 12.11614 ], [ 75.79247, 12.11756 ], [ 75.78665, 12.12189 ], [ 75.78622, 12.12443 ], [ 75.7865, 12.12562 ], [ 75.78755, 12.12602 ], [ 75.79146, 12.12604 ], [ 75.79251, 12.12717 ], [ 75.79463, 12.12703 ], [ 75.79976, 12.13118 ], [ 75.80021, 12.13332 ], [ 75.79468, 12.1388 ], [ 75.79453, 12.14012 ], [ 75.79676, 12.14349 ], [ 75.80163, 12.14429 ], [ 75.80375, 12.14668 ], [ 75.80837, 12.14698 ], [ 75.81502, 12.14912 ], [ 75.82081, 12.14981 ], [ 75.82519, 12.1483 ], [ 75.82622, 12.14578 ], [ 75.82837, 12.14343 ], [ 75.83189, 12.13575 ], [ 75.84004, 12.12403 ], [ 75.83841, 12.12088 ], [ 75.83678, 12.12027 ], [ 75.84019, 12.11744 ], [ 75.84083, 12.11545 ], [ 75.83985, 12.10707 ], [ 75.83991, 12.09153 ], [ 75.84534, 12.08903 ], [ 75.84663, 12.08758 ], [ 75.84643, 12.08653 ], [ 75.8501, 12.08376 ], [ 75.85176, 12.0806 ], [ 75.85373, 12.07951 ], [ 75.85427, 12.07816 ], [ 75.8595, 12.0765 ], [ 75.86257, 12.08335 ], [ 75.86566, 12.08431 ], [ 75.87733, 12.08511 ], [ 75.87853, 12.08439 ], [ 75.87733, 12.08116 ], [ 75.87853, 12.0781 ], [ 75.87961, 12.0768 ], [ 75.88295, 12.0755 ], [ 75.88493, 12.07663 ], [ 75.88596, 12.08024 ], [ 75.88858, 12.08209 ], [ 75.8927, 12.08305 ], [ 75.89596, 12.08167 ], [ 75.89622, 12.07978 ], [ 75.89128, 12.0765 ], [ 75.89077, 12.06786 ], [ 75.88866, 12.06467 ], [ 75.88909, 12.06144 ], [ 75.88742, 12.06035 ], [ 75.88677, 12.05863 ], [ 75.88742, 12.05468 ], [ 75.88686, 12.05304 ], [ 75.88454, 12.05179 ], [ 75.87871, 12.0509 ], [ 75.87235, 12.05271 ], [ 75.86549, 12.053 ], [ 75.8551, 12.05955 ], [ 75.85317, 12.05955 ], [ 75.84931, 12.05703 ], [ 75.84678, 12.05644 ], [ 75.84403, 12.0567 ], [ 75.83875, 12.05896 ], [ 75.82953, 12.06064 ], [ 75.82631, 12.05947 ], [ 75.82412, 12.05367 ], [ 75.82605, 12.04792 ], [ 75.83965, 12.03592 ], [ 75.84296, 12.03412 ], [ 75.85446, 12.03538 ], [ 75.85682, 12.03475 ], [ 75.85789, 12.0329 ], [ 75.85656, 12.02916 ], [ 75.85656, 12.02656 ], [ 75.85995, 12.0188 ], [ 75.85669, 12.01859 ], [ 75.84991, 12.01414 ], [ 75.84909, 12.01137 ], [ 75.85021, 12.00599 ], [ 75.85188, 12.00473 ], [ 75.85618, 12.0052 ], [ 75.85884, 12.00759 ], [ 75.86145, 12.01174 ], [ 75.86583, 12.01233 ], [ 75.86798, 12.01153 ], [ 75.8718, 12.00923 ], [ 75.87514, 12.0028 ], [ 75.87476, 11.99739 ], [ 75.87334, 11.9942 ], [ 75.8742, 11.99046 ], [ 75.87733, 11.98916 ], [ 75.88416, 11.98857 ], [ 75.89759, 11.98379 ], [ 75.90643, 11.98353 ], [ 75.9084, 11.98433 ], [ 75.90823, 11.9884 ], [ 75.90561, 11.99281 ], [ 75.90617, 11.99861 ], [ 75.9084, 12.00104 ], [ 75.91282, 12.00192 ], [ 75.92085, 11.99126 ], [ 75.9242, 11.99109 ], [ 75.92505, 11.99269 ], [ 75.92355, 12.00226 ], [ 75.92497, 12.01107 ], [ 75.92703, 12.01195 ], [ 75.92836, 12.00159 ], [ 75.93012, 12.0002 ], [ 75.93368, 11.99928 ], [ 75.93488, 11.99395 ], [ 75.93488, 11.99097 ], [ 75.93312, 11.9884 ], [ 75.93368, 11.98668 ], [ 75.93484, 11.98563 ], [ 75.93844, 11.98559 ], [ 75.94093, 11.98442 ], [ 75.94183, 11.97673 ], [ 75.94398, 11.97547 ], [ 75.95063, 11.97631 ], [ 75.95256, 11.97846 ], [ 75.95346, 11.9827 ], [ 75.95501, 11.9853 ], [ 75.95879, 11.98794 ], [ 75.96376, 11.98992 ], [ 75.96625, 11.99 ], [ 75.97175, 11.98765 ], [ 75.97462, 11.98395 ], [ 75.97887, 11.98039 ], [ 75.9796, 11.97841 ], [ 75.97698, 11.97678 ], [ 75.97608, 11.97522 ], [ 75.97703, 11.9743 ], [ 75.97999, 11.97367 ], [ 75.98522, 11.97107 ], [ 75.99917, 11.96935 ], [ 76.00059, 11.9667 ], [ 76.00016, 11.96099 ], [ 75.99853, 11.95809 ], [ 75.99857, 11.95528 ], [ 76.00011, 11.95117 ], [ 76.00539, 11.95012 ], [ 76.01312, 11.94982 ], [ 76.02067, 11.95503 ], [ 76.02273, 11.95524 ], [ 76.02582, 11.9544 ], [ 76.02681, 11.95175 ], [ 76.02878, 11.94961 ], [ 76.04033, 11.95146 ], [ 76.04234, 11.95373 ], [ 76.04376, 11.96233 ], [ 76.04633, 11.9649 ], [ 76.05419, 11.95868 ], [ 76.05565, 11.95692 ], [ 76.05599, 11.95398 ], [ 76.03621, 11.9406 ], [ 76.01034, 11.93971 ], [ 76.00455, 11.93123 ], [ 75.97426, 11.93457 ], [ 75.96471, 11.93862 ], [ 75.95722, 11.94286 ], [ 75.95519, 11.94284 ], [ 75.95367, 11.94165 ], [ 75.9383, 11.94166 ], [ 75.93647, 11.94277 ], [ 75.93635, 11.94143 ], [ 75.93068, 11.94089 ], [ 75.92628, 11.94333 ], [ 75.91918, 11.94476 ], [ 75.91674, 11.945 ], [ 75.914, 11.94376 ], [ 75.91109, 11.94465 ], [ 75.90165, 11.94552 ], [ 75.89974, 11.94508 ], [ 75.89046, 11.95132 ], [ 75.88547, 11.95157 ], [ 75.88097, 11.9501 ], [ 75.86924, 11.95161 ], [ 75.84841, 11.97877 ], [ 75.82999, 11.98372 ], [ 75.82391, 12.01308 ], [ 75.80323, 12.03635 ], [ 75.79654, 12.0533 ], [ 75.80502, 12.07382 ], [ 75.79573, 12.08212 ], [ 75.79088, 12.08197 ], [ 75.78489, 12.08445 ], [ 75.78215, 12.08291 ], [ 75.77924, 12.08361 ], [ 75.77488, 12.08236 ], [ 75.77377, 12.08347 ], [ 75.76918, 12.08478 ], [ 75.76478, 12.0837 ], [ 75.75573, 12.08452 ], [ 75.75219, 12.08362 ], [ 75.74678, 12.0802 ], [ 75.74322, 12.081 ], [ 75.73668, 12.07999 ], [ 75.73972, 12.0824 ] ] ] } },
{ "type": "Feature", "properties": { "name": "Ghataprabha Bird WLS", "Type": "Wildlife Sanctuary", "State": "Karnataka", "Year": 1974.0 }, "geometry": { "type": "Polygon", "coordinates": [ [ [ 74.67409, 16.1839 ], [ 74.68012, 16.18562 ], [ 74.68787, 16.18541 ], [ 74.69668, 16.19029 ], [ 74.7017, 16.19544 ], [ 74.70245, 16.19768 ], [ 74.70222, 16.20128 ], [ 74.69989, 16.2056 ], [ 74.69841, 16.21111 ], [ 74.69753, 16.21287 ], [ 74.69171, 16.2178 ], [ 74.68888, 16.22224 ], [ 74.6883, 16.22152 ], [ 74.68985, 16.21547 ], [ 74.68844, 16.21479 ], [ 74.68797, 16.2157 ], [ 74.6891, 16.21737 ], [ 74.68787, 16.22105 ], [ 74.68694, 16.22066 ], [ 74.68766, 16.2214 ], [ 74.68722, 16.22372 ], [ 74.68879, 16.23041 ], [ 74.68762, 16.23185 ], [ 74.689, 16.232 ], [ 74.69203, 16.23665 ], [ 74.69162, 16.2421 ], [ 74.69284, 16.24256 ], [ 74.69441, 16.23885 ], [ 74.69785, 16.24166 ], [ 74.69798, 16.24372 ], [ 74.70001, 16.24515 ], [ 74.70877, 16.24493 ], [ 74.71287, 16.24693 ], [ 74.71833, 16.24445 ], [ 74.71964, 16.2452 ], [ 74.7199, 16.24709 ], [ 74.72068, 16.24686 ], [ 74.72153, 16.24386 ], [ 74.72462, 16.2418 ], [ 74.72575, 16.24156 ], [ 74.72773, 16.24258 ], [ 74.72825, 16.23882 ], [ 74.7349, 16.23291 ], [ 74.73649, 16.23223 ], [ 74.73935, 16.23355 ], [ 74.7505, 16.22833 ], [ 74.75368, 16.22836 ], [ 74.75439, 16.22755 ], [ 74.75359, 16.22306 ], [ 74.75593, 16.22069 ], [ 74.75593, 16.21873 ], [ 74.75203, 16.21377 ], [ 74.7519, 16.20915 ], [ 74.75386, 16.20546 ], [ 74.7605, 16.19947 ], [ 74.76501, 16.19757 ], [ 74.76709, 16.19469 ], [ 74.77108, 16.19201 ], [ 74.77785, 16.19302 ], [ 74.78054, 16.19211 ], [ 74.78311, 16.19336 ], [ 74.78835, 16.19305 ], [ 74.79878, 16.18845 ], [ 74.80002, 16.18682 ], [ 74.80123, 16.18183 ], [ 74.80508, 16.17699 ], [ 74.80909, 16.17537 ], [ 74.81526, 16.17561 ], [ 74.81523, 16.17443 ], [ 74.81209, 16.17294 ], [ 74.80611, 16.17477 ], [ 74.80304, 16.17756 ], [ 74.80014, 16.1818 ], [ 74.79876, 16.18785 ], [ 74.78962, 16.19076 ], [ 74.78934, 16.19166 ], [ 74.78715, 16.19284 ], [ 74.78265, 16.19214 ], [ 74.78056, 16.19092 ], [ 74.77087, 16.19061 ], [ 74.76669, 16.19312 ], [ 74.76327, 16.19715 ], [ 74.75326, 16.20018 ], [ 74.74862, 16.20567 ], [ 74.74714, 16.21251 ], [ 74.74573, 16.21361 ], [ 74.74306, 16.21902 ], [ 74.73791, 16.22071 ], [ 74.73179, 16.22654 ], [ 74.7236, 16.23616 ], [ 74.71767, 16.23808 ], [ 74.7087, 16.23903 ], [ 74.70604, 16.23864 ], [ 74.70428, 16.24088 ], [ 74.69553, 16.23643 ], [ 74.69235, 16.22868 ], [ 74.69164, 16.22337 ], [ 74.69232, 16.22025 ], [ 74.69404, 16.21793 ], [ 74.70081, 16.21347 ], [ 74.7011, 16.20741 ], [ 74.70318, 16.20489 ], [ 74.7043, 16.1993 ], [ 74.7021, 16.19307 ], [ 74.69202, 16.18471 ], [ 74.68663, 16.18372 ], [ 74.67932, 16.18424 ], [ 74.67408, 16.18222 ], [ 74.67079, 16.17787 ], [ 74.67129, 16.17185 ], [ 74.67017, 16.16757 ], [ 74.66904, 16.16805 ], [ 74.66838, 16.17804 ], [ 74.67409, 16.1839 ] ] ] } },
{ "type": "Feature", "properties": { "name": "Sharavati Valley WLS", "Type": "Wildlife Sanctuary", "State": "Karnataka", "Year": 1974.0 }, "geometry": { "type": "Polygon", "coordinates": [ [ [ 74.65081, 14.16913 ], [ 74.66642, 14.18385 ], [ 74.69051, 14.1669 ], [ 74.703, 14.17047 ], [ 74.72485, 14.15129 ], [ 74.7476, 14.14772 ], [ 74.74849, 14.15441 ], [ 74.74658, 14.16333 ], [ 74.74291, 14.17652 ], [ 74.73879, 14.18414 ], [ 74.7436, 14.18422 ], [ 74.74909, 14.19005 ], [ 74.75342, 14.19267 ], [ 74.75604, 14.19042 ], [ 74.75763, 14.18455 ], [ 74.76147, 14.17584 ], [ 74.77192, 14.16121 ], [ 74.78076, 14.15672 ], [ 74.80024, 14.15747 ], [ 74.80805, 14.15955 ], [ 74.82093, 14.16046 ], [ 74.82737, 14.15838 ], [ 74.83535, 14.16429 ], [ 74.83775, 14.16887 ], [ 74.86547, 14.18859 ], [ 74.87303, 14.17894 ], [ 74.87663, 14.17777 ], [ 74.88187, 14.17819 ], [ 74.88669, 14.18293 ], [ 74.89431, 14.19575 ], [ 74.89047, 14.19615 ], [ 74.89101, 14.19841 ], [ 74.89511, 14.19843 ], [ 74.89852, 14.19943 ], [ 74.89861, 14.19805 ], [ 74.90386, 14.19681 ], [ 74.90517, 14.19462 ], [ 74.90521, 14.19369 ], [ 74.90436, 14.19339 ], [ 74.90015, 14.19568 ], [ 74.89858, 14.19541 ], [ 74.89751, 14.193 ], [ 74.90009, 14.19071 ], [ 74.90032, 14.18815 ], [ 74.90363, 14.1862 ], [ 74.90011, 14.18593 ], [ 74.89582, 14.18214 ], [ 74.89498, 14.18358 ], [ 74.89393, 14.1831 ], [ 74.89114, 14.18046 ], [ 74.88768, 14.17871 ], [ 74.88805, 14.17294 ], [ 74.88708, 14.16826 ], [ 74.88846, 14.16716 ], [ 74.88873, 14.15959 ], [ 74.89247, 14.15876 ], [ 74.89513, 14.15971 ], [ 74.89586, 14.15876 ], [ 74.89369, 14.15387 ], [ 74.89545, 14.1532 ], [ 74.89652, 14.15326 ], [ 74.89725, 14.15449 ], [ 74.89835, 14.15819 ], [ 74.90092, 14.15774 ], [ 74.90064, 14.15586 ], [ 74.90225, 14.15717 ], [ 74.90421, 14.15582 ], [ 74.90152, 14.15179 ], [ 74.90633, 14.1543 ], [ 74.9085, 14.15453 ], [ 74.90848, 14.15145 ], [ 74.9071, 14.15008 ], [ 74.90476, 14.14979 ], [ 74.90512, 14.14826 ], [ 74.90721, 14.14916 ], [ 74.90884, 14.15133 ], [ 74.91219, 14.1512 ], [ 74.91281, 14.1491 ], [ 74.91225, 14.14723 ], [ 74.9103, 14.14648 ], [ 74.91099, 14.14581 ], [ 74.91195, 14.14548 ], [ 74.91629, 14.14771 ], [ 74.9182, 14.14342 ], [ 74.92182, 14.14378 ], [ 74.92251, 14.14232 ], [ 74.92493, 14.14205 ], [ 74.92438, 14.13968 ], [ 74.92721, 14.1376 ], [ 74.92796, 14.13612 ], [ 74.92285, 14.13591 ], [ 74.91955, 14.13454 ], [ 74.91899, 14.13304 ], [ 74.92229, 14.12954 ], [ 74.92483, 14.12929 ], [ 74.92809, 14.13029 ], [ 74.93161, 14.13533 ], [ 74.93354, 14.1357 ], [ 74.93809, 14.13429 ], [ 74.93847, 14.13254 ], [ 74.94229, 14.12867 ], [ 74.94422, 14.12979 ], [ 74.94625, 14.12735 ], [ 74.94856, 14.12751 ], [ 74.95899, 14.12496 ], [ 74.96096, 14.12276 ], [ 74.96118, 14.11872 ], [ 74.96006, 14.11564 ], [ 74.9653, 14.11552 ], [ 74.96723, 14.11065 ], [ 74.97105, 14.09429 ], [ 74.96551, 14.09007 ], [ 74.9606, 14.08805 ], [ 74.95817, 14.08555 ], [ 74.95594, 14.08118 ], [ 74.96178, 14.06382 ], [ 74.96058, 14.06124 ], [ 74.94957, 14.05957 ], [ 74.92899, 14.04875 ], [ 74.89981, 14.01823 ], [ 74.88672, 14.01836 ], [ 74.88492, 14.01906 ], [ 74.87822, 14.02456 ], [ 74.87676, 14.02927 ], [ 74.8762, 14.05233 ], [ 74.88041, 14.05891 ], [ 74.88798, 14.06151 ], [ 74.88513, 14.06615 ], [ 74.87844, 14.06282 ], [ 74.8741, 14.05945 ], [ 74.87144, 14.05425 ], [ 74.86895, 14.05212 ], [ 74.86153, 14.05058 ], [ 74.85286, 14.04621 ], [ 74.85178, 14.05146 ], [ 74.84869, 14.05795 ], [ 74.84621, 14.05978 ], [ 74.83891, 14.06869 ], [ 74.82758, 14.07027 ], [ 74.82335, 14.07518 ], [ 74.8072, 14.08542 ], [ 74.80183, 14.09333 ], [ 74.79865, 14.0931 ], [ 74.73094, 14.06345 ], [ 74.71716, 14.03842 ], [ 74.71098, 14.03351 ], [ 74.70875, 14.02952 ], [ 74.6933, 14.02444 ], [ 74.68549, 14.01727 ], [ 74.68092, 13.99775 ], [ 74.68332, 13.99019 ], [ 74.68716, 13.98659 ], [ 74.69656, 13.98738 ], [ 74.69922, 13.98538 ], [ 74.70652, 13.9823 ], [ 74.71038, 13.97938 ], [ 74.70858, 13.9753 ], [ 74.70325, 13.96789 ], [ 74.69607, 13.96256 ], [ 74.6972, 13.95912 ], [ 74.70456, 13.95841 ], [ 74.71956, 13.96414 ], [ 74.72454, 13.96322 ], [ 74.72986, 13.95656 ], [ 74.73372, 13.95006 ], [ 74.73845, 13.94648 ], [ 74.7336, 13.94238 ], [ 74.72817, 13.9405 ], [ 74.72707, 13.93328 ], [ 74.75168, 13.92524 ], [ 74.75473, 13.92303 ], [ 74.76145, 13.92863 ], [ 74.76874, 13.93736 ], [ 74.77557, 13.93157 ], [ 74.7793, 13.92678 ], [ 74.78252, 13.91753 ], [ 74.7802, 13.91082 ], [ 74.76789, 13.91424 ], [ 74.75192, 13.91561 ], [ 74.73647, 13.91278 ], [ 74.71175, 13.90283 ], [ 74.71261, 13.91282 ], [ 74.71149, 13.91841 ], [ 74.7084, 13.92282 ], [ 74.69725, 13.92732 ], [ 74.69012, 13.93382 ], [ 74.68935, 13.93707 ], [ 74.69021, 13.94023 ], [ 74.69604, 13.9454 ], [ 74.69579, 13.94989 ], [ 74.69175, 13.95381 ], [ 74.68695, 13.95589 ], [ 74.67879, 13.96664 ], [ 74.66884, 13.97347 ], [ 74.66643, 13.98063 ], [ 74.66331, 13.99229 ], [ 74.66685, 13.99612 ], [ 74.67845, 14.03403 ], [ 74.65704, 14.03983 ], [ 74.65882, 14.06525 ], [ 74.64098, 14.09335 ], [ 74.65659, 14.11074 ], [ 74.64767, 14.11386 ], [ 74.64499, 14.13973 ], [ 74.63028, 14.14241 ], [ 74.62626, 14.16061 ], [ 74.65081, 14.16913 ] ] ] } },
{ "type": "Feature", "properties": { "name": "Gudavi Bird WLS", "Type": "Wildlife Sanctuary", "State": "Karnataka", "Year": 1989.0 }, "geometry": { "type": "Polygon", "coordinates": [ [ [ 75.01076, 14.44308 ], [ 75.01167, 14.44326 ], [ 75.01596, 14.43971 ], [ 75.01791, 14.44218 ], [ 75.02238, 14.44113 ], [ 75.02332, 14.43925 ], [ 75.02291, 14.43692 ], [ 75.01673, 14.43699 ], [ 75.01464, 14.43223 ], [ 75.01249, 14.43444 ], [ 75.01294, 14.43627 ], [ 75.01114, 14.43762 ], [ 75.01087, 14.43991 ], [ 75.01011, 14.44054 ], [ 75.01076, 14.44308 ] ] ] } },
{ "type": "Feature", "properties": { "name": "Pushpagiri WLS", "Type": "Wildlife Sanctuary", "State": "Karnataka", "Year": 1987.0 }, "geometry": { "type": "Polygon", "coordinates": [ [ [ 75.64393, 12.53428 ], [ 75.65804, 12.54292 ], [ 75.67065, 12.54778 ], [ 75.67134, 12.55549 ], [ 75.66507, 12.57106 ], [ 75.66091, 12.59306 ], [ 75.66909, 12.60531 ], [ 75.6536, 12.61519 ], [ 75.64044, 12.62711 ], [ 75.64837, 12.66349 ], [ 75.66867, 12.69632 ], [ 75.6749, 12.69967 ], [ 75.68147, 12.70059 ], [ 75.69073, 12.70064 ], [ 75.69705, 12.70323 ], [ 75.69674, 12.68543 ], [ 75.69747, 12.67708 ], [ 75.69934, 12.67241 ], [ 75.70436, 12.6689 ], [ 75.70608, 12.65757 ], [ 75.70402, 12.65405 ], [ 75.70076, 12.6511 ], [ 75.69739, 12.6439 ], [ 75.69801, 12.64185 ], [ 75.69999, 12.6395 ], [ 75.69878, 12.60851 ], [ 75.69368, 12.59685 ], [ 75.69314, 12.58587 ], [ 75.70179, 12.57188 ], [ 75.70917, 12.55283 ], [ 75.71385, 12.52815 ], [ 75.71385, 12.52059 ], [ 75.69488, 12.50006 ], [ 75.68267, 12.49038 ], [ 75.6451, 12.49109 ], [ 75.63846, 12.51607 ], [ 75.64393, 12.53428 ] ] ] } },
{ "type": "Feature", "properties": { "name": "Someshwara WLS", "Type": "Wildlife Sanctuary", "State": "Karnataka", "Year": 1974.0 }, "geometry": { "type": "Polygon", "coordinates": [ [ [ 74.91472, 13.49374 ], [ 74.92297, 13.48971 ], [ 74.92553, 13.48984 ], [ 74.92684, 13.49131 ], [ 74.92836, 13.4911 ], [ 74.92912, 13.49225 ], [ 74.92932, 13.49591 ], [ 74.93485, 13.50113 ], [ 74.93583, 13.50695 ], [ 74.93753, 13.50784 ], [ 74.93953, 13.51047 ], [ 74.94155, 13.51062 ], [ 74.94666, 13.51367 ], [ 74.94834, 13.51258 ], [ 74.94898, 13.51103 ], [ 74.94742, 13.50831 ], [ 74.94949, 13.50761 ], [ 74.95021, 13.50633 ], [ 74.95305, 13.50466 ], [ 74.95364, 13.50286 ], [ 74.95634, 13.50222 ], [ 74.95766, 13.50419 ], [ 74.9604, 13.50221 ], [ 74.96253, 13.49466 ], [ 74.96358, 13.49341 ], [ 74.96135, 13.48839 ], [ 74.96378, 13.48647 ], [ 74.97216, 13.48431 ], [ 74.98023, 13.48036 ], [ 74.98675, 13.48074 ], [ 74.98918, 13.48226 ], [ 74.98937, 13.48349 ], [ 74.99175, 13.48429 ], [ 74.99214, 13.47972 ], [ 74.98821, 13.47575 ], [ 74.98818, 13.4737 ], [ 74.99744, 13.47417 ], [ 74.99759, 13.47905 ], [ 74.99896, 13.48026 ], [ 75.0028, 13.48057 ], [ 75.0072, 13.48677 ], [ 75.01199, 13.4908 ], [ 75.01083, 13.49505 ], [ 75.00825, 13.49555 ], [ 75.00109, 13.49581 ], [ 74.9977, 13.49384 ], [ 74.99302, 13.49338 ], [ 74.99143, 13.49464 ], [ 74.99233, 13.50611 ], [ 74.98637, 13.50711 ], [ 74.98514, 13.50622 ], [ 74.98321, 13.50617 ], [ 74.98132, 13.50745 ], [ 74.98154, 13.50885 ], [ 74.98448, 13.50857 ], [ 74.98594, 13.50939 ], [ 74.98587, 13.51256 ], [ 74.99115, 13.51275 ], [ 74.9919, 13.51502 ], [ 74.98907, 13.51606 ], [ 74.98899, 13.51682 ], [ 74.99128, 13.51738 ], [ 74.99184, 13.5188 ], [ 74.99182, 13.52059 ], [ 74.99051, 13.5223 ], [ 74.99851, 13.52193 ], [ 74.99808, 13.52377 ], [ 74.99886, 13.52706 ], [ 75.00538, 13.53094 ], [ 75.00744, 13.53482 ], [ 75.00688, 13.53863 ], [ 75.01023, 13.54608 ], [ 75.00924, 13.54792 ], [ 75.00448, 13.54876 ], [ 74.99841, 13.54794 ], [ 75.0018, 13.5542 ], [ 75.0019, 13.55614 ], [ 75.00057, 13.55662 ], [ 74.99735, 13.55583 ], [ 74.99383, 13.5576 ], [ 74.99293, 13.55893 ], [ 74.99379, 13.56202 ], [ 74.99242, 13.56646 ], [ 74.99135, 13.56765 ], [ 74.98053, 13.56682 ], [ 74.98053, 13.57091 ], [ 74.97911, 13.57445 ], [ 74.98276, 13.57671 ], [ 74.98384, 13.58079 ], [ 74.98276, 13.58593 ], [ 74.97877, 13.59414 ], [ 74.97929, 13.59877 ], [ 74.97736, 13.60244 ], [ 74.96856, 13.60561 ], [ 74.96452, 13.60937 ], [ 74.95457, 13.61145 ], [ 74.95405, 13.61329 ], [ 74.958, 13.6258 ], [ 74.95826, 13.63139 ], [ 74.95487, 13.63177 ], [ 74.95148, 13.62933 ], [ 74.94879, 13.62826 ], [ 74.94708, 13.62845 ], [ 74.94028, 13.6322 ], [ 74.93719, 13.63195 ], [ 74.93575, 13.63387 ], [ 74.93315, 13.63473 ], [ 74.93281, 13.63623 ], [ 74.93377, 13.63817 ], [ 74.93819, 13.63965 ], [ 74.94032, 13.63927 ], [ 74.94395, 13.63302 ], [ 74.94508, 13.63262 ], [ 74.94869, 13.63404 ], [ 74.94985, 13.63306 ], [ 74.95171, 13.63343 ], [ 74.95382, 13.63798 ], [ 74.95249, 13.64757 ], [ 74.95375, 13.64824 ], [ 74.95478, 13.65062 ], [ 74.95169, 13.6532 ], [ 74.95088, 13.65612 ], [ 74.9601, 13.65862 ], [ 74.96379, 13.67193 ], [ 74.96993, 13.67389 ], [ 74.97092, 13.67497 ], [ 74.97156, 13.68468 ], [ 74.98281, 13.68639 ], [ 74.98414, 13.68906 ], [ 74.99152, 13.69294 ], [ 75.00319, 13.69699 ], [ 75.01057, 13.69699 ], [ 75.02031, 13.69457 ], [ 75.02533, 13.69736 ], [ 75.03379, 13.69307 ], [ 75.03748, 13.67776 ], [ 75.03645, 13.67326 ], [ 75.03259, 13.66792 ], [ 75.03293, 13.66509 ], [ 75.03516, 13.66125 ], [ 75.03834, 13.65216 ], [ 75.03413, 13.64991 ], [ 75.03087, 13.6469 ], [ 75.0301, 13.64399 ], [ 75.03276, 13.63364 ], [ 75.03851, 13.62297 ], [ 75.04151, 13.61929 ], [ 75.04872, 13.61754 ], [ 75.0513, 13.61754 ], [ 75.05516, 13.6198 ], [ 75.0598, 13.61821 ], [ 75.07112, 13.61729 ], [ 75.0816, 13.61829 ], [ 75.08666, 13.61129 ], [ 75.09091, 13.61012 ], [ 75.09378, 13.60691 ], [ 75.09966, 13.60378 ], [ 75.10125, 13.59973 ], [ 75.10284, 13.59811 ], [ 75.10494, 13.59723 ], [ 75.1088, 13.59848 ], [ 75.11353, 13.60211 ], [ 75.11576, 13.60249 ], [ 75.1188, 13.59973 ], [ 75.1182, 13.59606 ], [ 75.11958, 13.59218 ], [ 75.12142, 13.59006 ], [ 75.12155, 13.58764 ], [ 75.12348, 13.58517 ], [ 75.12138, 13.57971 ], [ 75.11559, 13.58739 ], [ 75.11069, 13.58993 ], [ 75.10782, 13.59043 ], [ 75.1064, 13.58897 ], [ 75.10503, 13.58488 ], [ 75.10623, 13.58234 ], [ 75.11121, 13.57792 ], [ 75.11151, 13.57562 ], [ 75.10709, 13.57525 ], [ 75.10344, 13.57287 ], [ 75.10159, 13.56991 ], [ 75.10112, 13.56573 ], [ 75.10486, 13.56077 ], [ 75.10799, 13.56031 ], [ 75.11511, 13.56482 ], [ 75.1194, 13.56511 ], [ 75.12177, 13.56407 ], [ 75.12322, 13.56186 ], [ 75.12331, 13.5571 ], [ 75.1173, 13.55017 ], [ 75.11546, 13.55042 ], [ 75.11649, 13.55355 ], [ 75.11434, 13.55568 ], [ 75.11262, 13.55631 ], [ 75.10752, 13.55447 ], [ 75.10752, 13.54608 ], [ 75.10537, 13.54337 ], [ 75.10288, 13.54329 ], [ 75.10082, 13.53653 ], [ 75.10301, 13.53428 ], [ 75.09503, 13.53336 ], [ 75.09597, 13.53173 ], [ 75.09992, 13.52935 ], [ 75.10056, 13.5256 ], [ 75.09868, 13.5236 ], [ 75.09481, 13.51642 ], [ 75.09104, 13.51583 ], [ 75.08743, 13.51258 ], [ 75.09061, 13.50457 ], [ 75.09293, 13.50173 ], [ 75.10087, 13.50006 ], [ 75.10185, 13.50302 ], [ 75.10151, 13.50524 ], [ 75.10262, 13.50699 ], [ 75.10941, 13.51083 ], [ 75.1149, 13.51108 ], [ 75.11275, 13.50799 ], [ 75.11357, 13.50261 ], [ 75.11468, 13.49906 ], [ 75.11679, 13.49877 ], [ 75.1185, 13.5001 ], [ 75.11842, 13.50261 ], [ 75.12099, 13.50578 ], [ 75.1267, 13.50853 ], [ 75.12932, 13.50816 ], [ 75.13297, 13.50023 ], [ 75.13601, 13.50052 ], [ 75.14206, 13.50294 ], [ 75.14636, 13.50152 ], [ 75.14713, 13.49964 ], [ 75.14378, 13.49357 ], [ 75.14434, 13.49059 ], [ 75.14884, 13.49092 ], [ 75.15142, 13.49389 ], [ 75.15391, 13.49793 ], [ 75.15447, 13.50098 ], [ 75.15666, 13.5049 ], [ 75.15936, 13.50411 ], [ 75.16356, 13.49856 ], [ 75.16374, 13.49368 ], [ 75.16005, 13.48821 ], [ 75.16006, 13.48582 ], [ 75.15611, 13.48876 ], [ 75.15053, 13.48763 ], [ 75.14867, 13.48084 ], [ 75.14402, 13.47835 ], [ 75.1389, 13.47428 ], [ 75.13913, 13.4641 ], [ 75.14378, 13.45732 ], [ 75.15006, 13.45415 ], [ 75.15123, 13.44782 ], [ 75.15123, 13.44125 ], [ 75.15425, 13.43583 ], [ 75.15378, 13.43085 ], [ 75.14774, 13.41976 ], [ 75.14402, 13.41524 ], [ 75.14355, 13.40935 ], [ 75.14611, 13.39646 ], [ 75.14402, 13.39193 ], [ 75.14029, 13.39012 ], [ 75.13285, 13.39148 ], [ 75.13076, 13.38967 ], [ 75.1289, 13.38288 ], [ 75.12704, 13.3684 ], [ 75.12355, 13.36274 ], [ 75.11261, 13.35889 ], [ 75.10796, 13.36048 ], [ 75.09819, 13.3598 ], [ 75.08214, 13.37043 ], [ 75.07075, 13.38741 ], [ 75.07214, 13.39736 ], [ 75.07958, 13.40709 ], [ 75.08005, 13.41116 ], [ 75.07284, 13.41501 ], [ 75.06795, 13.42067 ], [ 75.06633, 13.42813 ], [ 75.05493, 13.43153 ], [ 75.04539, 13.43107 ], [ 75.04083, 13.43462 ], [ 75.04156, 13.44468 ], [ 75.03199, 13.45215 ], [ 75.03057, 13.45503 ], [ 75.02817, 13.45541 ], [ 75.02615, 13.44898 ], [ 75.02748, 13.44329 ], [ 75.0198, 13.44216 ], [ 75.01893, 13.44266 ], [ 75.01667, 13.44791 ], [ 75.01223, 13.44924 ], [ 75.01448, 13.45086 ], [ 75.01499, 13.45299 ], [ 75.01967, 13.45399 ], [ 75.01663, 13.45848 ], [ 75.01639, 13.4601 ], [ 75.01986, 13.46288 ], [ 75.02054, 13.46513 ], [ 75.01998, 13.46569 ], [ 75.0167, 13.46539 ], [ 75.01562, 13.47072 ], [ 75.01953, 13.47151 ], [ 75.01849, 13.4761 ], [ 75.01508, 13.47569 ], [ 75.00958, 13.47137 ], [ 75.00742, 13.46768 ], [ 75.00467, 13.46622 ], [ 75.00227, 13.46315 ], [ 74.99813, 13.46211 ], [ 74.99943, 13.46795 ], [ 74.99694, 13.47114 ], [ 74.99389, 13.47111 ], [ 74.99116, 13.47281 ], [ 74.98761, 13.47173 ], [ 74.98673, 13.47335 ], [ 74.98715, 13.47468 ], [ 74.98416, 13.47636 ], [ 74.98212, 13.47561 ], [ 74.98449, 13.47059 ], [ 74.98403, 13.46993 ], [ 74.9783, 13.47447 ], [ 74.97349, 13.48095 ], [ 74.96604, 13.48194 ], [ 74.963, 13.48425 ], [ 74.96244, 13.48679 ], [ 74.95933, 13.48729 ], [ 74.95738, 13.48619 ], [ 74.95622, 13.48402 ], [ 74.95489, 13.48374 ], [ 74.95364, 13.48185 ], [ 74.94957, 13.48043 ], [ 74.94712, 13.48137 ], [ 74.94246, 13.47953 ], [ 74.94253, 13.47817 ], [ 74.94785, 13.47469 ], [ 74.94729, 13.47385 ], [ 74.94628, 13.47348 ], [ 74.94543, 13.47435 ], [ 74.94392, 13.4744 ], [ 74.94298, 13.47369 ], [ 74.94223, 13.47669 ], [ 74.93389, 13.47911 ], [ 74.93255, 13.48102 ], [ 74.92781, 13.47679 ], [ 74.92958, 13.47152 ], [ 74.92753, 13.47139 ], [ 74.92519, 13.47652 ], [ 74.92629, 13.47874 ], [ 74.92594, 13.48018 ], [ 74.92476, 13.48066 ], [ 74.92202, 13.47924 ], [ 74.91903, 13.4802 ], [ 74.91742, 13.48306 ], [ 74.91753, 13.48445 ], [ 74.91418, 13.48859 ], [ 74.9133, 13.49209 ], [ 74.91472, 13.49374 ] ], [ [ 74.96332, 13.64001 ], [ 74.96497, 13.63902 ], [ 74.96592, 13.63948 ], [ 74.96886, 13.63811 ], [ 74.96968, 13.6384 ], [ 74.96934, 13.63936 ], [ 74.9705, 13.6398 ], [ 74.9708, 13.63856 ], [ 74.97214, 13.63889 ], [ 74.97498, 13.63799 ], [ 74.97524, 13.63974 ], [ 74.97326, 13.64091 ], [ 74.97275, 13.64558 ], [ 74.97017, 13.64491 ], [ 74.96672, 13.64135 ], [ 74.96475, 13.64157 ], [ 74.96337, 13.64302 ], [ 74.96153, 13.64337 ], [ 74.96332, 13.64001 ] ], [ [ 74.96511, 13.62131 ], [ 74.96691, 13.62156 ], [ 74.96923, 13.62406 ], [ 74.96983, 13.62214 ], [ 74.96837, 13.61864 ], [ 74.96957, 13.6183 ], [ 74.97292, 13.61947 ], [ 74.97369, 13.61697 ], [ 74.97901, 13.61547 ], [ 74.98073, 13.61305 ], [ 74.98313, 13.61197 ], [ 74.98665, 13.60613 ], [ 74.98955, 13.60544 ], [ 74.99052, 13.60682 ], [ 74.99226, 13.6073 ], [ 74.9918, 13.60489 ], [ 74.99262, 13.60379 ], [ 74.99349, 13.60355 ], [ 74.99392, 13.60434 ], [ 74.99485, 13.60368 ], [ 74.99495, 13.60146 ], [ 74.99565, 13.60093 ], [ 74.99873, 13.60016 ], [ 74.99953, 13.6007 ], [ 74.99756, 13.60441 ], [ 74.99939, 13.60745 ], [ 75.0039, 13.60963 ], [ 75.00365, 13.61188 ], [ 75.00064, 13.61505 ], [ 75.00013, 13.6183 ], [ 74.99712, 13.62022 ], [ 74.99446, 13.61989 ], [ 74.99309, 13.61697 ], [ 74.9936, 13.61438 ], [ 74.99197, 13.61188 ], [ 74.98794, 13.60871 ], [ 74.98631, 13.60955 ], [ 74.98657, 13.61247 ], [ 74.98442, 13.61505 ], [ 74.98227, 13.62056 ], [ 74.9821, 13.62431 ], [ 74.97987, 13.62556 ], [ 74.97239, 13.63324 ], [ 74.9717, 13.63352 ], [ 74.9718, 13.63265 ], [ 74.97076, 13.633 ], [ 74.96977, 13.63227 ], [ 74.9696, 13.63395 ], [ 74.96805, 13.63391 ], [ 74.96711, 13.63494 ], [ 74.96839, 13.63557 ], [ 74.96785, 13.63651 ], [ 74.96637, 13.63627 ], [ 74.96648, 13.63461 ], [ 74.96561, 13.63324 ], [ 74.96777, 13.62896 ], [ 74.96907, 13.62799 ], [ 74.96768, 13.62648 ], [ 74.96691, 13.62356 ], [ 74.96374, 13.62256 ], [ 74.96511, 13.62131 ] ], [ [ 74.97154, 13.66235 ], [ 74.97361, 13.65735 ], [ 74.97642, 13.65737 ], [ 74.98159, 13.66009 ], [ 74.98227, 13.66285 ], [ 74.98451, 13.66301 ], [ 74.98665, 13.66118 ], [ 74.99026, 13.66176 ], [ 74.99759, 13.66592 ], [ 74.99796, 13.6651 ], [ 74.99933, 13.66491 ], [ 75.00219, 13.66551 ], [ 75.00244, 13.6696 ], [ 75.00133, 13.67285 ], [ 74.99841, 13.67344 ], [ 74.99652, 13.67035 ], [ 74.99115, 13.66979 ], [ 74.9882, 13.67052 ], [ 74.98574, 13.67269 ], [ 74.9878, 13.67544 ], [ 74.98876, 13.67556 ], [ 74.98901, 13.67669 ], [ 74.9873, 13.6762 ], [ 74.98576, 13.67731 ], [ 74.98433, 13.67652 ], [ 74.98467, 13.6707 ], [ 74.98399, 13.6691 ], [ 74.98133, 13.6691 ], [ 74.97598, 13.66707 ], [ 74.9715, 13.6674 ], [ 74.96981, 13.66678 ], [ 74.97009, 13.66466 ], [ 74.96905, 13.66362 ], [ 74.97154, 13.66235 ] ], [ [ 74.9936, 13.5884 ], [ 74.9963, 13.58826 ], [ 74.99881, 13.59037 ], [ 74.9985, 13.58819 ], [ 74.99944, 13.5866 ], [ 75.0009, 13.5861 ], [ 75.00322, 13.58694 ], [ 75.0073, 13.58148 ], [ 75.0077, 13.57914 ], [ 75.00952, 13.57841 ], [ 75.00998, 13.58004 ], [ 75.0088, 13.58038 ], [ 75.01065, 13.58168 ], [ 75.01029, 13.58289 ], [ 75.00917, 13.58335 ], [ 75.00983, 13.58422 ], [ 75.00718, 13.58803 ], [ 75.00845, 13.59144 ], [ 75.00991, 13.59211 ], [ 75.01395, 13.58802 ], [ 75.01575, 13.58894 ], [ 75.01558, 13.59144 ], [ 75.01807, 13.59178 ], [ 75.01747, 13.59436 ], [ 75.01326, 13.59653 ], [ 75.00682, 13.59745 ], [ 75.00322, 13.59353 ], [ 74.99953, 13.59286 ], [ 74.9969, 13.58972 ], [ 74.99463, 13.59211 ], [ 74.99223, 13.59057 ], [ 74.99176, 13.58943 ], [ 74.9936, 13.5884 ] ], [ [ 74.9969, 13.50568 ], [ 74.99915, 13.50579 ], [ 74.99873, 13.50487 ], [ 74.99968, 13.50486 ], [ 75.00015, 13.50606 ], [ 75.00156, 13.50586 ], [ 75.00165, 13.50891 ], [ 75.00086, 13.50869 ], [ 74.99941, 13.51206 ], [ 74.99746, 13.51117 ], [ 74.99672, 13.5079 ], [ 74.99569, 13.50676 ], [ 74.9969, 13.50568 ] ], [ [ 75.00093, 13.51328 ], [ 75.00236, 13.51266 ], [ 75.00334, 13.50987 ], [ 75.00485, 13.50849 ], [ 75.00865, 13.51141 ], [ 75.01165, 13.51617 ], [ 75.01337, 13.52126 ], [ 75.01328, 13.52384 ], [ 75.01182, 13.52468 ], [ 75.00624, 13.52409 ], [ 75.0041, 13.52276 ], [ 75.00269, 13.51625 ], [ 75.00084, 13.51718 ], [ 75.00093, 13.51328 ] ], [ [ 75.01027, 13.50198 ], [ 75.0118, 13.50261 ], [ 75.01534, 13.50168 ], [ 75.01616, 13.50307 ], [ 75.01391, 13.50388 ], [ 75.01193, 13.50571 ], [ 75.00958, 13.50536 ], [ 75.00845, 13.50401 ], [ 75.01027, 13.50198 ] ], [ [ 75.01406, 13.60538 ], [ 75.01427, 13.60633 ], [ 75.01777, 13.60708 ], [ 75.01978, 13.60896 ], [ 75.01961, 13.61105 ], [ 75.01781, 13.61055 ], [ 75.01655, 13.61174 ], [ 75.01817, 13.61338 ], [ 75.01489, 13.6153 ], [ 75.01352, 13.6148 ], [ 75.01068, 13.61689 ], [ 75.00905, 13.61355 ], [ 75.00854, 13.60888 ], [ 75.01406, 13.60538 ] ], [ [ 75.02641, 13.50962 ], [ 75.03323, 13.51567 ], [ 75.03585, 13.51538 ], [ 75.03709, 13.51362 ], [ 75.03542, 13.51133 ], [ 75.03563, 13.50882 ], [ 75.03473, 13.50653 ], [ 75.0298, 13.50448 ], [ 75.02975, 13.50365 ], [ 75.03478, 13.49288 ], [ 75.03791, 13.48963 ], [ 75.04053, 13.49051 ], [ 75.04104, 13.49209 ], [ 75.04207, 13.49176 ], [ 75.04233, 13.48984 ], [ 75.0434, 13.48946 ], [ 75.04486, 13.49025 ], [ 75.0458, 13.49188 ], [ 75.04558, 13.49385 ], [ 75.04479, 13.49474 ], [ 75.04116, 13.49466 ], [ 75.0401, 13.49585 ], [ 75.04117, 13.49905 ], [ 75.04486, 13.50005 ], [ 75.04208, 13.50543 ], [ 75.0428, 13.50766 ], [ 75.0449, 13.50862 ], [ 75.04465, 13.51108 ], [ 75.04061, 13.513 ], [ 75.04121, 13.51446 ], [ 75.04357, 13.51496 ], [ 75.04456, 13.51654 ], [ 75.04336, 13.52234 ], [ 75.04233, 13.52351 ], [ 75.03971, 13.52113 ], [ 75.03907, 13.51704 ], [ 75.03761, 13.51634 ], [ 75.03568, 13.51888 ], [ 75.03636, 13.52168 ], [ 75.03443, 13.5228 ], [ 75.03173, 13.52276 ], [ 75.02598, 13.52022 ], [ 75.02194, 13.51496 ], [ 75.01993, 13.51425 ], [ 75.0186, 13.51483 ], [ 75.01834, 13.51262 ], [ 75.02641, 13.50962 ] ], [ [ 75.0213, 13.53127 ], [ 75.02319, 13.53132 ], [ 75.02375, 13.5348 ], [ 75.02443, 13.5357 ], [ 75.02628, 13.53595 ], [ 75.0254, 13.54099 ], [ 75.0222, 13.54225 ], [ 75.02132, 13.54141 ], [ 75.02038, 13.53774 ], [ 75.02184, 13.53574 ], [ 75.02177, 13.53436 ], [ 75.02025, 13.53323 ], [ 75.0213, 13.53127 ] ], [ [ 75.02333, 13.59962 ], [ 75.02517, 13.59928 ], [ 75.02547, 13.59797 ], [ 75.02816, 13.59947 ], [ 75.02899, 13.59904 ], [ 75.02869, 13.60086 ], [ 75.02989, 13.60061 ], [ 75.03001, 13.59945 ], [ 75.03109, 13.59877 ], [ 75.03323, 13.59893 ], [ 75.03333, 13.5996 ], [ 75.03049, 13.60017 ], [ 75.02717, 13.60383 ], [ 75.02497, 13.60332 ], [ 75.02438, 13.60393 ], [ 75.02278, 13.60084 ], [ 75.02333, 13.59962 ] ], [ [ 75.02731, 13.47281 ], [ 75.02662, 13.47131 ], [ 75.03106, 13.47225 ], [ 75.03282, 13.47068 ], [ 75.03441, 13.47077 ], [ 75.03497, 13.46828 ], [ 75.03716, 13.46734 ], [ 75.03802, 13.46922 ], [ 75.03787, 13.47306 ], [ 75.0342, 13.47229 ], [ 75.03304, 13.47314 ], [ 75.03332, 13.47646 ], [ 75.03229, 13.47726 ], [ 75.02922, 13.4768 ], [ 75.02639, 13.4783 ], [ 75.02731, 13.47281 ] ], [ [ 75.04482, 13.46563 ], [ 75.05117, 13.46014 ], [ 75.05151, 13.45716 ], [ 75.05252, 13.45589 ], [ 75.06143, 13.45194 ], [ 75.06628, 13.44802 ], [ 75.06756, 13.44568 ], [ 75.06911, 13.44512 ], [ 75.06949, 13.45226 ], [ 75.06857, 13.45415 ], [ 75.06632, 13.45297 ], [ 75.06319, 13.45484 ], [ 75.05928, 13.45449 ], [ 75.05774, 13.45585 ], [ 75.05799, 13.45822 ], [ 75.05437, 13.4615 ], [ 75.05338, 13.46357 ], [ 75.0566, 13.46357 ], [ 75.05507, 13.46638 ], [ 75.05559, 13.46822 ], [ 75.05492, 13.46964 ], [ 75.05209, 13.46862 ], [ 75.04422, 13.46849 ], [ 75.04205, 13.46774 ], [ 75.04181, 13.46565 ], [ 75.04482, 13.46563 ] ], [ [ 75.04885, 13.47269 ], [ 75.05033, 13.47337 ], [ 75.05115, 13.47613 ], [ 75.04915, 13.47799 ], [ 75.04945, 13.48036 ], [ 75.04879, 13.48166 ], [ 75.04636, 13.4807 ], [ 75.04626, 13.4798 ], [ 75.04735, 13.47911 ], [ 75.04716, 13.47602 ], [ 75.04542, 13.47308 ], [ 75.04885, 13.47269 ] ], [ [ 75.06417, 13.49299 ], [ 75.06147, 13.49181 ], [ 75.06375, 13.48742 ], [ 75.07108, 13.49012 ], [ 75.07135, 13.49165 ], [ 75.07012, 13.49343 ], [ 75.06738, 13.49319 ], [ 75.06595, 13.49463 ], [ 75.06537, 13.49718 ], [ 75.0614, 13.49626 ], [ 75.06417, 13.49299 ] ], [ [ 75.117, 13.48274 ], [ 75.12408, 13.47817 ], [ 75.13125, 13.48172 ], [ 75.13312, 13.48352 ], [ 75.13181, 13.48408 ], [ 75.13157, 13.48679 ], [ 75.13041, 13.48717 ], [ 75.12631, 13.4866 ], [ 75.12104, 13.48779 ], [ 75.11857, 13.48713 ], [ 75.11644, 13.48804 ], [ 75.11406, 13.4874 ], [ 75.11344, 13.48626 ], [ 75.117, 13.48274 ] ] ] } },
{ "type": "Feature", "properties": { "name": "Cauvery WLS", "Type": "Wildlife Sanctuary", "State": "Karnataka", "Year": 1987.0 }, "geometry": { "type": "Polygon", "coordinates": [ [ [ 77.1699, 12.32965 ], [ 77.17072, 12.33363 ], [ 77.16685, 12.34881 ], [ 77.16662, 12.35572 ], [ 77.16773, 12.35671 ], [ 77.17581, 12.35156 ], [ 77.18026, 12.34776 ], [ 77.18782, 12.34373 ], [ 77.19026, 12.34011 ], [ 77.19406, 12.33778 ], [ 77.19934, 12.33617 ], [ 77.20264, 12.34046 ], [ 77.20509, 12.3422 ], [ 77.20861, 12.34258 ], [ 77.21681, 12.33422 ], [ 77.22024, 12.3322 ], [ 77.22719, 12.33388 ], [ 77.22985, 12.33786 ], [ 77.23093, 12.34847 ], [ 77.2302, 12.35254 ], [ 77.22887, 12.35514 ], [ 77.22364, 12.36209 ], [ 77.22286, 12.3662 ], [ 77.22384, 12.36964 ], [ 77.23226, 12.36214 ], [ 77.23732, 12.35107 ], [ 77.23959, 12.34344 ], [ 77.24483, 12.339 ], [ 77.25024, 12.34227 ], [ 77.25127, 12.34487 ], [ 77.25071, 12.3486 ], [ 77.24874, 12.35379 ], [ 77.24685, 12.3626 ], [ 77.24496, 12.36541 ], [ 77.24041, 12.3678 ], [ 77.23835, 12.37056 ], [ 77.23633, 12.37417 ], [ 77.23397, 12.38134 ], [ 77.23453, 12.38293 ], [ 77.23746, 12.38341 ], [ 77.23831, 12.37974 ], [ 77.24208, 12.37748 ], [ 77.24852, 12.37169 ], [ 77.2507, 12.37354 ], [ 77.25183, 12.37639 ], [ 77.25195, 12.38331 ], [ 77.24655, 12.3862 ], [ 77.24075, 12.38767 ], [ 77.23817, 12.39663 ], [ 77.23826, 12.40112 ], [ 77.24409, 12.40489 ], [ 77.25094, 12.40706 ], [ 77.27217, 12.39441 ], [ 77.27826, 12.39433 ], [ 77.28573, 12.38938 ], [ 77.29448, 12.39592 ], [ 77.3168, 12.39156 ], [ 77.32581, 12.3919 ], [ 77.33268, 12.39617 ], [ 77.33354, 12.40246 ], [ 77.338, 12.40573 ], [ 77.3501, 12.40883 ], [ 77.35787, 12.40636 ], [ 77.36392, 12.4082 ], [ 77.36521, 12.4059 ], [ 77.36868, 12.40703 ], [ 77.37233, 12.40632 ], [ 77.37456, 12.39768 ], [ 77.37323, 12.39635 ], [ 77.36705, 12.39823 ], [ 77.36615, 12.39613 ], [ 77.36615, 12.39269 ], [ 77.37367, 12.38833 ], [ 77.37782, 12.3815 ], [ 77.3837, 12.37568 ], [ 77.38731, 12.37069 ], [ 77.39649, 12.35501 ], [ 77.40078, 12.34918 ], [ 77.40383, 12.34675 ], [ 77.42589, 12.33944 ], [ 77.42883, 12.33625 ], [ 77.43058, 12.33213 ], [ 77.43198, 12.33095 ], [ 77.43537, 12.33384 ], [ 77.44739, 12.33686 ], [ 77.44859, 12.33954 ], [ 77.44857, 12.34247 ], [ 77.44672, 12.34758 ], [ 77.44692, 12.35296 ], [ 77.44494, 12.35593 ], [ 77.43851, 12.36067 ], [ 77.43486, 12.36838 ], [ 77.43617, 12.37096 ], [ 77.43696, 12.37109 ], [ 77.43971, 12.3691 ], [ 77.44557, 12.3623 ], [ 77.44647, 12.36012 ], [ 77.45291, 12.35218 ], [ 77.45404, 12.34688 ], [ 77.45552, 12.34394 ], [ 77.45512, 12.3405 ], [ 77.45391, 12.33965 ], [ 77.45278, 12.33659 ], [ 77.45306, 12.33338 ], [ 77.45426, 12.33204 ], [ 77.47061, 12.32411 ], [ 77.48095, 12.32566 ], [ 77.49005, 12.33162 ], [ 77.4961, 12.33199 ], [ 77.49826, 12.3348 ], [ 77.50331, 12.33711 ], [ 77.50541, 12.34746 ], [ 77.50468, 12.35597 ], [ 77.50314, 12.36096 ], [ 77.48889, 12.37871 ], [ 77.48316, 12.39023 ], [ 77.48177, 12.40137 ], [ 77.4887, 12.39684 ], [ 77.48986, 12.39789 ], [ 77.4881, 12.39997 ], [ 77.49031, 12.40158 ], [ 77.48902, 12.40426 ], [ 77.49277, 12.40514 ], [ 77.49655, 12.40267 ], [ 77.49642, 12.39726 ], [ 77.49928, 12.39634 ], [ 77.50181, 12.40087 ], [ 77.50481, 12.39741 ], [ 77.50548, 12.39888 ], [ 77.50436, 12.40156 ], [ 77.50599, 12.40403 ], [ 77.51507, 12.40401 ], [ 77.51614, 12.40108 ], [ 77.50777, 12.39441 ], [ 77.50397, 12.38842 ], [ 77.4987, 12.38777 ], [ 77.49348, 12.38555 ], [ 77.507, 12.36817 ], [ 77.52108, 12.35845 ], [ 77.52786, 12.34705 ], [ 77.54378, 12.34738 ], [ 77.54472, 12.34554 ], [ 77.54489, 12.34071 ], [ 77.54236, 12.33837 ], [ 77.54807, 12.33032 ], [ 77.54588, 12.32046 ], [ 77.54614, 12.3148 ], [ 77.54953, 12.31246 ], [ 77.55841, 12.31434 ], [ 77.56206, 12.3226 ], [ 77.56223, 12.32499 ], [ 77.5594, 12.32994 ], [ 77.5606, 12.33166 ], [ 77.56871, 12.33275 ], [ 77.57077, 12.33514 ], [ 77.57176, 12.33874 ], [ 77.57493, 12.34118 ], [ 77.5779, 12.33912 ], [ 77.58365, 12.34675 ], [ 77.58553, 12.35229 ], [ 77.59056, 12.35665 ], [ 77.59571, 12.36021 ], [ 77.611, 12.36368 ], [ 77.57761, 12.33187 ], [ 77.56513, 12.30511 ], [ 77.55442, 12.30065 ], [ 77.55175, 12.29173 ], [ 77.53257, 12.28905 ], [ 77.52722, 12.27746 ], [ 77.48752, 12.27746 ], [ 77.47905, 12.26987 ], [ 77.46262, 12.24594 ], [ 77.46702, 12.24137 ], [ 77.47438, 12.24131 ], [ 77.47901, 12.23801 ], [ 77.48307, 12.23121 ], [ 77.48352, 12.22667 ], [ 77.47319, 12.20813 ], [ 77.47285, 12.20542 ], [ 77.47917, 12.20295 ], [ 77.4872, 12.20201 ], [ 77.4939, 12.19513 ], [ 77.49742, 12.19563 ], [ 77.50291, 12.19429 ], [ 77.51993, 12.19264 ], [ 77.52417, 12.19553 ], [ 77.52896, 12.19725 ], [ 77.53834, 12.19709 ], [ 77.54588, 12.20269 ], [ 77.55072, 12.20201 ], [ 77.56475, 12.19439 ], [ 77.56887, 12.19425 ], [ 77.57113, 12.19837 ], [ 77.57559, 12.19891 ], [ 77.58108, 12.19604 ], [ 77.59744, 12.19715 ], [ 77.60853, 12.20409 ], [ 77.61474, 12.2024 ], [ 77.62323, 12.1975 ], [ 77.62997, 12.20004 ], [ 77.63826, 12.19472 ], [ 77.64122, 12.19456 ], [ 77.65676, 12.19766 ], [ 77.69585, 12.18416 ], [ 77.70996, 12.18023 ], [ 77.72407, 12.18023 ], [ 77.73432, 12.17555 ], [ 77.73773, 12.16438 ], [ 77.74842, 12.15277 ], [ 77.7484, 12.13964 ], [ 77.75409, 12.13039 ], [ 77.77447, 12.12033 ], [ 77.77924, 12.11427 ], [ 77.77877, 12.1084 ], [ 77.76834, 12.10394 ], [ 77.76453, 12.09691 ], [ 77.75645, 12.07688 ], [ 77.72771, 12.05961 ], [ 77.72407, 12.05445 ], [ 77.69442, 12.00609 ], [ 77.67932, 11.97287 ], [ 77.6795, 11.94889 ], [ 77.66537, 11.95131 ], [ 77.65845, 11.95083 ], [ 77.6569, 11.95411 ], [ 77.65536, 11.95469 ], [ 77.64261, 11.95641 ], [ 77.63781, 11.96154 ], [ 77.63369, 11.96855 ], [ 77.63, 11.97703 ], [ 77.62824, 11.984 ], [ 77.62914, 12.0154 ], [ 77.62485, 12.01783 ], [ 77.62888, 12.03093 ], [ 77.62888, 12.03479 ], [ 77.65995, 12.09765 ], [ 77.64321, 12.11503 ], [ 77.62785, 12.12392 ], [ 77.62347, 12.12724 ], [ 77.61982, 12.12665 ], [ 77.61819, 12.12434 ], [ 77.6121, 12.12711 ], [ 77.60854, 12.13097 ], [ 77.60519, 12.13819 ], [ 77.6024, 12.13953 ], [ 77.59918, 12.13743 ], [ 77.59189, 12.12652 ], [ 77.58957, 12.11947 ], [ 77.56674, 12.11973 ], [ 77.56047, 12.12182 ], [ 77.54977, 12.12363 ], [ 77.52211, 12.1115 ], [ 77.51412, 12.11293 ], [ 77.50606, 12.12065 ], [ 77.49533, 12.13525 ], [ 77.48932, 12.14062 ], [ 77.48177, 12.14247 ], [ 77.48528, 12.15371 ], [ 77.48537, 12.16067 ], [ 77.48116, 12.16185 ], [ 77.47403, 12.16082 ], [ 77.46898, 12.15489 ], [ 77.46323, 12.13575 ], [ 77.46614, 12.13173 ], [ 77.47147, 12.12753 ], [ 77.47164, 12.12384 ], [ 77.46305, 12.11259 ], [ 77.45181, 12.09119 ], [ 77.44795, 12.08624 ], [ 77.44228, 12.08532 ], [ 77.42821, 12.08687 ], [ 77.42542, 12.08872 ], [ 77.42237, 12.08851 ], [ 77.41859, 12.08519 ], [ 77.41173, 12.0815 ], [ 77.40718, 12.08171 ], [ 77.40164, 12.07919 ], [ 77.39817, 12.07634 ], [ 77.39362, 12.06501 ], [ 77.38752, 12.0624 ], [ 77.38237, 12.05762 ], [ 77.37001, 12.05703 ], [ 77.36701, 12.06039 ], [ 77.36555, 12.06677 ], [ 77.36873, 12.0713 ], [ 77.3792, 12.07491 ], [ 77.384, 12.07919 ], [ 77.38671, 12.0935 ], [ 77.38606, 12.09627 ], [ 77.38027, 12.09694 ], [ 77.38267, 12.10538 ], [ 77.391, 12.11943 ], [ 77.39392, 12.12673 ], [ 77.39823, 12.14605 ], [ 77.40151, 12.15621 ], [ 77.40737, 12.16617 ], [ 77.41362, 12.17431 ], [ 77.42076, 12.1814 ], [ 77.4207, 12.18469 ], [ 77.42362, 12.18874 ], [ 77.42507, 12.19562 ], [ 77.41306, 12.22657 ], [ 77.41048, 12.22833 ], [ 77.40272, 12.22808 ], [ 77.3937, 12.23052 ], [ 77.39053, 12.22892 ], [ 77.38542, 12.21873 ], [ 77.38079, 12.196 ], [ 77.37898, 12.19268 ], [ 77.37143, 12.18996 ], [ 77.36405, 12.18949 ], [ 77.35165, 12.18375 ], [ 77.34602, 12.18224 ], [ 77.32731, 12.17351 ], [ 77.32388, 12.17481 ], [ 77.32075, 12.17418 ], [ 77.31727, 12.16634 ], [ 77.31384, 12.16357 ], [ 77.30607, 12.15984 ], [ 77.30163, 12.16193 ], [ 77.29877, 12.16504 ], [ 77.29774, 12.16839 ], [ 77.29835, 12.1715 ], [ 77.29371, 12.17032 ], [ 77.29122, 12.16697 ], [ 77.29036, 12.16378 ], [ 77.29191, 12.16114 ], [ 77.28706, 12.15262 ], [ 77.28993, 12.14704 ], [ 77.28912, 12.14339 ], [ 77.28714, 12.14129 ], [ 77.28251, 12.13911 ], [ 77.2738, 12.14184 ], [ 77.27045, 12.14381 ], [ 77.26744, 12.14696 ], [ 77.2662, 12.15279 ], [ 77.26925, 12.16118 ], [ 77.27311, 12.16672 ], [ 77.27277, 12.17058 ], [ 77.26942, 12.17242 ], [ 77.26659, 12.17292 ], [ 77.25775, 12.17225 ], [ 77.24144, 12.16034 ], [ 77.23775, 12.16252 ], [ 77.23912, 12.16672 ], [ 77.23749, 12.17175 ], [ 77.23921, 12.17813 ], [ 77.24427, 12.18106 ], [ 77.25011, 12.18165 ], [ 77.26633, 12.19163 ], [ 77.27689, 12.19432 ], [ 77.29671, 12.19675 ], [ 77.30427, 12.20262 ], [ 77.31388, 12.21269 ], [ 77.315, 12.21588 ], [ 77.31268, 12.22368 ], [ 77.29114, 12.25572 ], [ 77.2871, 12.2761 ], [ 77.28169, 12.27375 ], [ 77.27852, 12.26964 ], [ 77.27345, 12.25622 ], [ 77.26127, 12.24834 ], [ 77.25577, 12.24088 ], [ 77.2508, 12.23106 ], [ 77.2417, 12.21806 ], [ 77.22093, 12.19675 ], [ 77.20488, 12.18903 ], [ 77.19629, 12.19432 ], [ 77.18977, 12.19952 ], [ 77.18883, 12.20531 ], [ 77.17604, 12.21068 ], [ 77.1714, 12.21621 ], [ 77.17123, 12.22469 ], [ 77.17587, 12.23375 ], [ 77.18376, 12.24574 ], [ 77.18925, 12.24893 ], [ 77.19543, 12.24683 ], [ 77.19792, 12.24062 ], [ 77.19767, 12.22519 ], [ 77.20273, 12.2168 ], [ 77.20814, 12.21957 ], [ 77.21415, 12.22662 ], [ 77.21741, 12.23299 ], [ 77.21827, 12.24255 ], [ 77.2247, 12.24599 ], [ 77.22659, 12.25077 ], [ 77.22041, 12.25908 ], [ 77.22337, 12.26373 ], [ 77.23002, 12.25874 ], [ 77.23981, 12.2579 ], [ 77.24625, 12.26008 ], [ 77.24856, 12.2683 ], [ 77.24779, 12.27518 ], [ 77.24796, 12.29329 ], [ 77.24436, 12.29682 ], [ 77.24118, 12.29321 ], [ 77.22951, 12.27199 ], [ 77.22642, 12.27057 ], [ 77.2211, 12.27216 ], [ 77.21492, 12.27275 ], [ 77.20505, 12.2704 ], [ 77.20024, 12.27149 ], [ 77.19595, 12.27417 ], [ 77.19286, 12.27904 ], [ 77.1944, 12.28944 ], [ 77.19157, 12.29179 ], [ 77.18204, 12.29388 ], [ 77.17282, 12.30202 ], [ 77.1702, 12.30768 ], [ 77.17668, 12.30776 ], [ 77.17556, 12.31128 ], [ 77.17088, 12.31343 ], [ 77.1678, 12.31703 ], [ 77.16578, 12.32189 ], [ 77.1699, 12.32965 ] ], [ [ 77.17473, 12.3377 ], [ 77.18535, 12.33657 ], [ 77.18544, 12.33831 ], [ 77.18787, 12.33939 ], [ 77.18777, 12.34039 ], [ 77.18609, 12.34083 ], [ 77.1838, 12.33846 ], [ 77.18185, 12.33841 ], [ 77.18014, 12.34066 ], [ 77.17652, 12.34109 ], [ 77.17415, 12.33874 ], [ 77.17473, 12.3377 ] ], [ [ 77.26182, 12.38762 ], [ 77.26429, 12.38477 ], [ 77.26938, 12.38253 ], [ 77.27088, 12.3779 ], [ 77.27697, 12.38075 ], [ 77.27933, 12.3854 ], [ 77.27742, 12.38716 ], [ 77.27809, 12.38926 ], [ 77.27723, 12.38993 ], [ 77.27393, 12.38873 ], [ 77.26981, 12.38968 ], [ 77.26461, 12.39257 ], [ 77.26165, 12.39043 ], [ 77.26182, 12.38762 ] ], [ [ 77.29, 12.3657 ], [ 77.29163, 12.36463 ], [ 77.29465, 12.36683 ], [ 77.29513, 12.36788 ], [ 77.29435, 12.37056 ], [ 77.29313, 12.37163 ], [ 77.28755, 12.37079 ], [ 77.29, 12.3657 ] ], [ [ 77.29111, 12.3531 ], [ 77.29375, 12.3534 ], [ 77.29568, 12.3557 ], [ 77.29521, 12.35763 ], [ 77.29277, 12.36061 ], [ 77.28957, 12.36247 ], [ 77.28871, 12.36218 ], [ 77.28781, 12.35388 ], [ 77.29111, 12.3531 ] ], [ [ 77.38069, 12.32125 ], [ 77.38309, 12.32096 ], [ 77.38473, 12.32202 ], [ 77.3822, 12.32655 ], [ 77.38052, 12.32569 ], [ 77.37954, 12.32328 ], [ 77.38069, 12.32125 ] ], [ [ 77.39448, 12.29518 ], [ 77.39617, 12.29543 ], [ 77.39795, 12.2968 ], [ 77.39905, 12.30105 ], [ 77.40014, 12.30162 ], [ 77.40237, 12.3004 ], [ 77.40669, 12.29986 ], [ 77.41289, 12.30111 ], [ 77.41417, 12.30562 ], [ 77.41538, 12.30447 ], [ 77.41874, 12.30493 ], [ 77.42239, 12.30191 ], [ 77.42323, 12.29967 ], [ 77.4249, 12.30124 ], [ 77.42756, 12.31262 ], [ 77.41939, 12.32193 ], [ 77.41756, 12.32501 ], [ 77.41673, 12.33197 ], [ 77.41789, 12.33679 ], [ 77.4169, 12.33765 ], [ 77.40463, 12.33807 ], [ 77.40411, 12.33426 ], [ 77.40074, 12.33126 ], [ 77.39825, 12.33202 ], [ 77.39456, 12.33093 ], [ 77.39475, 12.32906 ], [ 77.4013, 12.32898 ], [ 77.40351, 12.32843 ], [ 77.4037, 12.32707 ], [ 77.40055, 12.31967 ], [ 77.40181, 12.31531 ], [ 77.39896, 12.31401 ], [ 77.39767, 12.31241 ], [ 77.39696, 12.30751 ], [ 77.39402, 12.30037 ], [ 77.39364, 12.29711 ], [ 77.39448, 12.29518 ] ], [ [ 77.43825, 12.28644 ], [ 77.43804, 12.29097 ], [ 77.44151, 12.2935 ], [ 77.44683, 12.29464 ], [ 77.44651, 12.30002 ], [ 77.44055, 12.30361 ], [ 77.43737, 12.30394 ], [ 77.43737, 12.30116 ], [ 77.43087, 12.2943 ], [ 77.42784, 12.28931 ], [ 77.43825, 12.28644 ] ], [ [ 77.47327, 12.28939 ], [ 77.47943, 12.28654 ], [ 77.48247, 12.28617 ], [ 77.48398, 12.28661 ], [ 77.48447, 12.28772 ], [ 77.48391, 12.28931 ], [ 77.48179, 12.2913 ], [ 77.47769, 12.29306 ], [ 77.47426, 12.29313 ], [ 77.47247, 12.29227 ], [ 77.47327, 12.28939 ] ], [ [ 77.51975, 12.30778 ], [ 77.52176, 12.30724 ], [ 77.52747, 12.3081 ], [ 77.53571, 12.31105 ], [ 77.53751, 12.31843 ], [ 77.53547, 12.32413 ], [ 77.53318, 12.32793 ], [ 77.52861, 12.32885 ], [ 77.52513, 12.32661 ], [ 77.52189, 12.32627 ], [ 77.52108, 12.31826 ], [ 77.51781, 12.3116 ], [ 77.51975, 12.30778 ] ], [ [ 77.5285, 12.1639 ], [ 77.54288, 12.15153 ], [ 77.54494, 12.154 ], [ 77.54618, 12.15887 ], [ 77.54828, 12.16164 ], [ 77.55022, 12.16248 ], [ 77.5527, 12.16714 ], [ 77.55052, 12.17276 ], [ 77.55047, 12.17649 ], [ 77.55189, 12.17804 ], [ 77.55232, 12.18115 ], [ 77.55189, 12.1853 ], [ 77.5497, 12.19071 ], [ 77.5473, 12.19264 ], [ 77.54356, 12.19281 ], [ 77.54047, 12.19109 ], [ 77.5355, 12.18475 ], [ 77.5294, 12.17343 ], [ 77.52807, 12.16659 ], [ 77.5285, 12.1639 ] ], [ [ 77.69257, 12.04045 ], [ 77.69433, 12.03995 ], [ 77.70033, 12.04062 ], [ 77.70258, 12.03767 ], [ 77.69928, 12.0269 ], [ 77.69531, 12.02089 ], [ 77.699, 12.02144 ], [ 77.70656, 12.03445 ], [ 77.71278, 12.04205 ], [ 77.71806, 12.05027 ], [ 77.71956, 12.05409 ], [ 77.72484, 12.0606 ], [ 77.72419, 12.06123 ], [ 77.71779, 12.06 ], [ 77.71312, 12.05082 ], [ 77.71035, 12.05033 ], [ 77.70651, 12.05195 ], [ 77.70406, 12.05863 ], [ 77.69986, 12.0611 ], [ 77.69446, 12.06053 ], [ 77.68926, 12.05686 ], [ 77.68913, 12.04633 ], [ 77.69257, 12.04045 ] ], [ [ 77.73544, 12.14192 ], [ 77.7423, 12.13886 ], [ 77.74517, 12.13892 ], [ 77.74595, 12.1397 ], [ 77.74595, 12.14226 ], [ 77.74462, 12.14603 ], [ 77.7411, 12.14746 ], [ 77.72913, 12.14926 ], [ 77.72565, 12.14767 ], [ 77.72557, 12.14486 ], [ 77.73544, 12.14192 ] ] ] } },
{ "type": "Feature", "properties": { "name": "Malai Mahadeshwara WLS", "Type": "Wildlife Sanctuary", "State": "Karnataka", "Year": 2013.0 }, "geometry": { "type": "Polygon", "coordinates": [ [ [ 77.25586, 11.99848 ], [ 77.25861, 12.00033 ], [ 77.26165, 12.00096 ], [ 77.2632, 11.9939 ], [ 77.26552, 11.99092 ], [ 77.26972, 11.99059 ], [ 77.27684, 11.99264 ], [ 77.27822, 11.99399 ], [ 77.27333, 12.00792 ], [ 77.27084, 12.01212 ], [ 77.27114, 12.01666 ], [ 77.27484, 12.03166 ], [ 77.29041, 12.04994 ], [ 77.29603, 12.059 ], [ 77.30474, 12.0645 ], [ 77.30843, 12.06996 ], [ 77.31101, 12.08024 ], [ 77.32289, 12.08251 ], [ 77.32869, 12.09249 ], [ 77.33482, 12.09501 ], [ 77.34113, 12.10038 ], [ 77.35263, 12.09954 ], [ 77.35701, 12.09765 ], [ 77.35783, 12.09409 ], [ 77.34976, 12.07109 ], [ 77.34941, 12.06433 ], [ 77.34714, 12.06043 ], [ 77.33448, 12.0483 ], [ 77.33246, 12.04138 ], [ 77.33075, 12.03055 ], [ 77.33079, 12.01561 ], [ 77.33238, 12.00893 ], [ 77.33023, 12.00549 ], [ 77.3247, 12.0057 ], [ 77.31864, 11.99961 ], [ 77.31504, 11.99411 ], [ 77.31555, 11.9871 ], [ 77.31929, 11.98689 ], [ 77.33062, 11.99185 ], [ 77.33371, 11.99113 ], [ 77.33723, 11.98891 ], [ 77.36182, 11.98559 ], [ 77.37212, 11.98639 ], [ 77.37911, 11.98899 ], [ 77.38576, 11.98706 ], [ 77.38624, 11.98433 ], [ 77.38817, 11.98362 ], [ 77.39074, 11.98555 ], [ 77.39473, 11.984 ], [ 77.40765, 11.98874 ], [ 77.40877, 11.9918 ], [ 77.41383, 11.99264 ], [ 77.41958, 11.99785 ], [ 77.42469, 12.01124 ], [ 77.42602, 12.02136 ], [ 77.43392, 12.02518 ], [ 77.43718, 12.0279 ], [ 77.44632, 12.04339 ], [ 77.45434, 12.05468 ], [ 77.4564, 12.05963 ], [ 77.45924, 12.07105 ], [ 77.46044, 12.07965 ], [ 77.47361, 12.08368 ], [ 77.48799, 12.0833 ], [ 77.50009, 12.08737 ], [ 77.51464, 12.09661 ], [ 77.51279, 12.10789 ], [ 77.50803, 12.11247 ], [ 77.50018, 12.11725 ], [ 77.50167, 12.1273 ], [ 77.50606, 12.12065 ], [ 77.51412, 12.11293 ], [ 77.52211, 12.1115 ], [ 77.54977, 12.12363 ], [ 77.56047, 12.12182 ], [ 77.56674, 12.11973 ], [ 77.58957, 12.11947 ], [ 77.58974, 12.11217 ], [ 77.59781, 12.09858 ], [ 77.60948, 12.09421 ], [ 77.62098, 12.09489 ], [ 77.6306, 12.09858 ], [ 77.63575, 12.10915 ], [ 77.63703, 12.11905 ], [ 77.64321, 12.11503 ], [ 77.65995, 12.09765 ], [ 77.62888, 12.03479 ], [ 77.62888, 12.03093 ], [ 77.62485, 12.01783 ], [ 77.62914, 12.0154 ], [ 77.62824, 11.984 ], [ 77.63, 11.97703 ], [ 77.63369, 11.96855 ], [ 77.63781, 11.96154 ], [ 77.64261, 11.95641 ], [ 77.64086, 11.95542 ], [ 77.63999, 11.95047 ], [ 77.63881, 11.94926 ], [ 77.60217, 11.93627 ], [ 77.58433, 11.93404 ], [ 77.5589, 11.94073 ], [ 77.53437, 11.93181 ], [ 77.49513, 11.94251 ], [ 77.48799, 11.88632 ], [ 77.46346, 11.8988 ], [ 77.4555, 11.89708 ], [ 77.45009, 11.89347 ], [ 77.45009, 11.88843 ], [ 77.45336, 11.88197 ], [ 77.45421, 11.87684 ], [ 77.45241, 11.87323 ], [ 77.44761, 11.86945 ], [ 77.44615, 11.85988 ], [ 77.45258, 11.84988 ], [ 77.45293, 11.8461 ], [ 77.44666, 11.84156 ], [ 77.44263, 11.83661 ], [ 77.4361, 11.8377 ], [ 77.4246, 11.83207 ], [ 77.39817, 11.83409 ], [ 77.36529, 11.83047 ], [ 77.36195, 11.82896 ], [ 77.35508, 11.82963 ], [ 77.34881, 11.82863 ], [ 77.33482, 11.82149 ], [ 77.32341, 11.81997 ], [ 77.32006, 11.82233 ], [ 77.31577, 11.82006 ], [ 77.31191, 11.81636 ], [ 77.31096, 11.81418 ], [ 77.31148, 11.8109 ], [ 77.32083, 11.80577 ], [ 77.32959, 11.80502 ], [ 77.3392, 11.80989 ], [ 77.34615, 11.81199 ], [ 77.35345, 11.80704 ], [ 77.36066, 11.81082 ], [ 77.36873, 11.813 ], [ 77.38495, 11.81989 ], [ 77.39576, 11.81888 ], [ 77.40581, 11.81981 ], [ 77.41035, 11.82207 ], [ 77.41267, 11.81922 ], [ 77.4089, 11.81224 ], [ 77.40898, 11.81056 ], [ 77.41902, 11.81115 ], [ 77.42383, 11.81426 ], [ 77.43035, 11.81166 ], [ 77.4355, 11.81468 ], [ 77.44082, 11.8209 ], [ 77.44288, 11.81535 ], [ 77.44391, 11.80905 ], [ 77.44246, 11.80141 ], [ 77.43928, 11.79712 ], [ 77.43464, 11.7988 ], [ 77.43301, 11.79443 ], [ 77.4355, 11.78359 ], [ 77.42975, 11.77208 ], [ 77.42701, 11.76108 ], [ 77.42421, 11.76144 ], [ 77.42332, 11.77259 ], [ 77.39299, 11.78641 ], [ 77.37024, 11.78909 ], [ 77.35642, 11.77437 ], [ 77.33679, 11.76902 ], [ 77.29576, 11.80871 ], [ 77.29195, 11.80809 ], [ 77.2875, 11.81959 ], [ 77.27029, 11.82601 ], [ 77.2932, 11.87415 ], [ 77.29792, 11.8818 ], [ 77.29912, 11.91128 ], [ 77.29852, 11.91858 ], [ 77.29474, 11.92639 ], [ 77.29414, 11.9311 ], [ 77.29251, 11.93437 ], [ 77.2883, 11.93269 ], [ 77.28178, 11.93362 ], [ 77.27517, 11.93168 ], [ 77.27005, 11.92803 ], [ 77.26599, 11.92626 ], [ 77.26162, 11.95298 ], [ 77.26157, 11.957 ], [ 77.25732, 11.95843 ], [ 77.25676, 11.96149 ], [ 77.25556, 11.97191 ], [ 77.255, 11.9908 ], [ 77.25586, 11.99848 ] ], [ [ 77.31581, 12.01884 ], [ 77.31783, 12.03567 ], [ 77.31689, 12.03672 ], [ 77.31285, 12.03609 ], [ 77.30877, 12.0337 ], [ 77.30663, 12.0188 ], [ 77.31581, 12.01884 ] ], [ [ 77.33422, 11.89666 ], [ 77.33748, 11.89603 ], [ 77.34293, 11.897 ], [ 77.34791, 11.90901 ], [ 77.34585, 11.91716 ], [ 77.34735, 11.92199 ], [ 77.3489, 11.92572 ], [ 77.35195, 11.92992 ], [ 77.35319, 11.93492 ], [ 77.36203, 11.9468 ], [ 77.36435, 11.94814 ], [ 77.36508, 11.95049 ], [ 77.36358, 11.95557 ], [ 77.35929, 11.9531 ], [ 77.35105, 11.95956 ], [ 77.34735, 11.96107 ], [ 77.34628, 11.96053 ], [ 77.34534, 11.95549 ], [ 77.34268, 11.95385 ], [ 77.34366, 11.95192 ], [ 77.34293, 11.946 ], [ 77.3398, 11.94428 ], [ 77.33869, 11.9384 ], [ 77.33577, 11.93311 ], [ 77.33697, 11.92207 ], [ 77.33654, 11.91653 ], [ 77.33542, 11.90695 ], [ 77.33319, 11.90221 ], [ 77.33315, 11.89969 ], [ 77.33422, 11.89666 ] ], [ [ 77.4742, 11.96218 ], [ 77.48385, 11.97233 ], [ 77.49709, 11.97863 ], [ 77.50639, 11.99507 ], [ 77.51605, 12.01607 ], [ 77.51176, 12.02936 ], [ 77.50174, 12.03391 ], [ 77.49491, 12.01518 ], [ 77.49173, 12.01565 ], [ 77.48792, 12.01449 ], [ 77.48248, 11.99662 ], [ 77.4606, 11.97338 ], [ 77.4742, 11.96218 ] ], [ [ 77.5067, 12.03705 ], [ 77.50889, 12.04348 ], [ 77.50661, 12.04398 ], [ 77.50846, 12.05179 ], [ 77.4988, 12.05493 ], [ 77.49271, 12.04104 ], [ 77.5067, 12.03705 ] ], [ [ 77.49915, 12.05758 ], [ 77.50859, 12.05659 ], [ 77.51028, 12.05789 ], [ 77.51393, 12.05808 ], [ 77.51831, 12.06578 ], [ 77.51129, 12.06891 ], [ 77.50483, 12.06996 ], [ 77.50376, 12.06815 ], [ 77.49921, 12.06752 ], [ 77.49563, 12.05982 ], [ 77.49915, 12.05758 ] ], [ [ 77.52511, 12.04612 ], [ 77.52717, 12.05237 ], [ 77.5255, 12.05477 ], [ 77.52198, 12.05611 ], [ 77.51992, 12.0491 ], [ 77.52511, 12.04612 ] ], [ [ 77.52756, 11.96174 ], [ 77.53031, 11.96354 ], [ 77.53322, 11.96804 ], [ 77.53147, 11.97261 ], [ 77.53147, 11.97639 ], [ 77.52949, 11.97878 ], [ 77.52747, 11.97198 ], [ 77.52563, 11.96963 ], [ 77.52756, 11.96174 ] ], [ [ 77.5364, 12.04809 ], [ 77.53781, 12.0533 ], [ 77.54241, 12.05644 ], [ 77.54125, 12.05867 ], [ 77.53245, 12.06064 ], [ 77.53103, 12.05858 ], [ 77.52876, 12.05032 ], [ 77.5364, 12.04809 ] ], [ [ 77.53915, 11.99029 ], [ 77.54219, 11.99625 ], [ 77.54202, 11.9999 ], [ 77.5385, 12.00007 ], [ 77.5361, 11.99566 ], [ 77.53477, 11.99092 ], [ 77.53915, 11.99029 ] ], [ [ 77.54725, 12.02539 ], [ 77.54876, 12.02488 ], [ 77.55125, 12.02539 ], [ 77.5521, 12.02723 ], [ 77.55193, 12.02975 ], [ 77.54949, 12.02958 ], [ 77.54858, 12.03248 ], [ 77.54605, 12.03294 ], [ 77.5458, 12.03038 ], [ 77.54472, 12.02858 ], [ 77.54725, 12.02539 ] ], [ [ 77.54803, 12.10172 ], [ 77.55082, 12.10613 ], [ 77.55644, 12.10634 ], [ 77.55901, 12.10764 ], [ 77.55919, 12.10966 ], [ 77.55569, 12.11627 ], [ 77.55798, 12.12027 ], [ 77.54989, 12.12319 ], [ 77.54927, 12.12203 ], [ 77.5503, 12.1201 ], [ 77.54871, 12.11725 ], [ 77.54931, 12.11402 ], [ 77.54592, 12.10185 ], [ 77.54803, 12.10172 ] ], [ [ 77.5537, 11.99457 ], [ 77.55644, 11.99835 ], [ 77.55627, 12.00448 ], [ 77.55241, 12.00565 ], [ 77.55043, 12.00322 ], [ 77.54915, 11.99726 ], [ 77.5537, 11.99457 ] ] ] } },
{ "type": "Feature", "properties": { "name": "Bhadra WLS/Tiger Reserve", "Type": "Wildlife Sanctuary", "State": "Karnataka", "Year": 1974.0 }, "geometry": { "type": "MultiPolygon", "coordinates": [ [ [ [ 75.4853, 13.40206 ], [ 75.50148, 13.4097 ], [ 75.50745, 13.41137 ], [ 75.50856, 13.41463 ], [ 75.50826, 13.4178 ], [ 75.49914, 13.42078 ], [ 75.4982, 13.42279 ], [ 75.5032, 13.42441 ], [ 75.50556, 13.43153 ], [ 75.51337, 13.43846 ], [ 75.51399, 13.44197 ], [ 75.51496, 13.44272 ], [ 75.51751, 13.44224 ], [ 75.52167, 13.43646 ], [ 75.52435, 13.4365 ], [ 75.52605, 13.4346 ], [ 75.52759, 13.43477 ], [ 75.5277, 13.43786 ], [ 75.52317, 13.44426 ], [ 75.5221, 13.44698 ], [ 75.52691, 13.45201 ], [ 75.53077, 13.46008 ], [ 75.53077, 13.46269 ], [ 75.53285, 13.46968 ], [ 75.53135, 13.47728 ], [ 75.53092, 13.48671 ], [ 75.53547, 13.49639 ], [ 75.5401, 13.49956 ], [ 75.54225, 13.50323 ], [ 75.53993, 13.50716 ], [ 75.54482, 13.50991 ], [ 75.54826, 13.51308 ], [ 75.55315, 13.518 ], [ 75.55667, 13.5236 ], [ 75.56491, 13.53136 ], [ 75.56671, 13.53928 ], [ 75.57478, 13.55022 ], [ 75.5995, 13.57992 ], [ 75.59143, 13.60395 ], [ 75.5868, 13.61112 ], [ 75.58662, 13.62297 ], [ 75.58182, 13.63548 ], [ 75.5801, 13.65383 ], [ 75.57529, 13.6645 ], [ 75.5904, 13.663 ], [ 75.60019, 13.661 ], [ 75.61752, 13.66834 ], [ 75.6213, 13.67818 ], [ 75.60858, 13.7121 ], [ 75.59332, 13.72438 ], [ 75.5916, 13.72988 ], [ 75.58542, 13.72821 ], [ 75.58096, 13.72429 ], [ 75.57461, 13.72496 ], [ 75.57066, 13.7268 ], [ 75.56259, 13.72688 ], [ 75.53736, 13.73272 ], [ 75.53513, 13.73605 ], [ 75.53607, 13.74139 ], [ 75.54474, 13.74105 ], [ 75.54912, 13.74347 ], [ 75.55418, 13.74989 ], [ 75.55684, 13.75131 ], [ 75.56225, 13.75122 ], [ 75.57032, 13.74455 ], [ 75.57624, 13.7448 ], [ 75.58619, 13.74681 ], [ 75.59967, 13.7438 ], [ 75.6031, 13.74514 ], [ 75.60439, 13.75456 ], [ 75.60362, 13.75614 ], [ 75.60285, 13.7639 ], [ 75.60413, 13.76606 ], [ 75.61975, 13.76698 ], [ 75.62396, 13.75881 ], [ 75.63083, 13.75106 ], [ 75.634, 13.74047 ], [ 75.61778, 13.73247 ], [ 75.61486, 13.72438 ], [ 75.63229, 13.71245 ], [ 75.64301, 13.68877 ], [ 75.65486, 13.68277 ], [ 75.65838, 13.67981 ], [ 75.66091, 13.6748 ], [ 75.66413, 13.67322 ], [ 75.66589, 13.66713 ], [ 75.67524, 13.66463 ], [ 75.70069, 13.66125 ], [ 75.70468, 13.66342 ], [ 75.72305, 13.64052 ], [ 75.72546, 13.63281 ], [ 75.72872, 13.6291 ], [ 75.74026, 13.62438 ], [ 75.74471, 13.61512 ], [ 75.74129, 13.59736 ], [ 75.73623, 13.5966 ], [ 75.72627, 13.58793 ], [ 75.7194, 13.58501 ], [ 75.70893, 13.58668 ], [ 75.69151, 13.58067 ], [ 75.66319, 13.57666 ], [ 75.65366, 13.57283 ], [ 75.64336, 13.57007 ], [ 75.62345, 13.56649 ], [ 75.61581, 13.56206 ], [ 75.60903, 13.55798 ], [ 75.60079, 13.54671 ], [ 75.59358, 13.53995 ], [ 75.58868, 13.52201 ], [ 75.59143, 13.52105 ], [ 75.59589, 13.52284 ], [ 75.61345, 13.53891 ], [ 75.63417, 13.54646 ], [ 75.66679, 13.55439 ], [ 75.67323, 13.55247 ], [ 75.68653, 13.55122 ], [ 75.69666, 13.54454 ], [ 75.69842, 13.53699 ], [ 75.71056, 13.50816 ], [ 75.70953, 13.48662 ], [ 75.70644, 13.45641 ], [ 75.69803, 13.45299 ], [ 75.69207, 13.45174 ], [ 75.69065, 13.44973 ], [ 75.68078, 13.44647 ], [ 75.67014, 13.45357 ], [ 75.66713, 13.45165 ], [ 75.66705, 13.44873 ], [ 75.66413, 13.44147 ], [ 75.65958, 13.41926 ], [ 75.65134, 13.39029 ], [ 75.64224, 13.39613 ], [ 75.6395, 13.40331 ], [ 75.63958, 13.41367 ], [ 75.64134, 13.41684 ], [ 75.64559, 13.42076 ], [ 75.64593, 13.42281 ], [ 75.63932, 13.43658 ], [ 75.60911, 13.46175 ], [ 75.59813, 13.47761 ], [ 75.59229, 13.48262 ], [ 75.5771, 13.47469 ], [ 75.56388, 13.46192 ], [ 75.54319, 13.43629 ], [ 75.52757, 13.4115 ], [ 75.52689, 13.4074 ], [ 75.52792, 13.40406 ], [ 75.53504, 13.39405 ], [ 75.54002, 13.39229 ], [ 75.54611, 13.39171 ], [ 75.55015, 13.39396 ], [ 75.54766, 13.40047 ], [ 75.54096, 13.40765 ], [ 75.54877, 13.41918 ], [ 75.55598, 13.42627 ], [ 75.55967, 13.42861 ], [ 75.56448, 13.42752 ], [ 75.56534, 13.43162 ], [ 75.56431, 13.43988 ], [ 75.56663, 13.44322 ], [ 75.57289, 13.44122 ], [ 75.58113, 13.43237 ], [ 75.58697, 13.41367 ], [ 75.58027, 13.39997 ], [ 75.58053, 13.39329 ], [ 75.57959, 13.38828 ], [ 75.57632, 13.38519 ], [ 75.56972, 13.38261 ], [ 75.55899, 13.38177 ], [ 75.55126, 13.3862 ], [ 75.54843, 13.38519 ], [ 75.54113, 13.37718 ], [ 75.53478, 13.37534 ], [ 75.52912, 13.37517 ], [ 75.52603, 13.38127 ], [ 75.51925, 13.38578 ], [ 75.51367, 13.38519 ], [ 75.5153, 13.37985 ], [ 75.51496, 13.37768 ], [ 75.51126, 13.37843 ], [ 75.50753, 13.37785 ], [ 75.50573, 13.37956 ], [ 75.49775, 13.38052 ], [ 75.49479, 13.38202 ], [ 75.48998, 13.38056 ], [ 75.49217, 13.38457 ], [ 75.49217, 13.38703 ], [ 75.49037, 13.39004 ], [ 75.48388, 13.39584 ], [ 75.4853, 13.40206 ] ] ], [ [ [ 75.73593, 13.54329 ], [ 75.74095, 13.55464 ], [ 75.74065, 13.55893 ], [ 75.74567, 13.56582 ], [ 75.74914, 13.56707 ], [ 75.75554, 13.56169 ], [ 75.75605, 13.56023 ], [ 75.75344, 13.55209 ], [ 75.75417, 13.54516 ], [ 75.75562, 13.54371 ], [ 75.75867, 13.542 ], [ 75.76283, 13.54283 ], [ 75.76889, 13.5483 ], [ 75.77206, 13.54946 ], [ 75.77747, 13.54654 ], [ 75.77957, 13.54341 ], [ 75.77773, 13.53298 ], [ 75.77785, 13.52656 ], [ 75.77682, 13.51947 ], [ 75.7673, 13.52301 ], [ 75.75631, 13.50636 ], [ 75.74738, 13.50365 ], [ 75.74026, 13.50348 ], [ 75.73691, 13.5049 ], [ 75.73571, 13.50653 ], [ 75.73473, 13.50949 ], [ 75.73318, 13.53453 ], [ 75.73593, 13.54329 ] ] ] ] } },
{ "type": "Feature", "properties": { "name": "Chincholi WLS", "Type": "Wildlife Sanctuary", "State": "Karnataka", "Year": 2012.0 }, "geometry": { "type": "Polygon", "coordinates": [ [ [ 77.42053, 17.56636 ], [ 77.42265, 17.56757 ], [ 77.42419, 17.57322 ], [ 77.42623, 17.57275 ], [ 77.42658, 17.57146 ], [ 77.42385, 17.56585 ], [ 77.4251, 17.56309 ], [ 77.43286, 17.56115 ], [ 77.43467, 17.55861 ], [ 77.43439, 17.5564 ], [ 77.43572, 17.55595 ], [ 77.4411, 17.55548 ], [ 77.44136, 17.55804 ], [ 77.44237, 17.55779 ], [ 77.44394, 17.55495 ], [ 77.4463, 17.55333 ], [ 77.44821, 17.5539 ], [ 77.44902, 17.55088 ], [ 77.45108, 17.55002 ], [ 77.45127, 17.55338 ], [ 77.45296, 17.55547 ], [ 77.45118, 17.55612 ], [ 77.45131, 17.55772 ], [ 77.45297, 17.55668 ], [ 77.45329, 17.55742 ], [ 77.45443, 17.55747 ], [ 77.45647, 17.55401 ], [ 77.45947, 17.55451 ], [ 77.45792, 17.55886 ], [ 77.45924, 17.56773 ], [ 77.45683, 17.56785 ], [ 77.45823, 17.56903 ], [ 77.45731, 17.57037 ], [ 77.45767, 17.57157 ], [ 77.45639, 17.57192 ], [ 77.45377, 17.57107 ], [ 77.45289, 17.57284 ], [ 77.44989, 17.57284 ], [ 77.45028, 17.57016 ], [ 77.44851, 17.56643 ], [ 77.44832, 17.56227 ], [ 77.44744, 17.56242 ], [ 77.44788, 17.56741 ], [ 77.44666, 17.5678 ], [ 77.44751, 17.56886 ], [ 77.44894, 17.56881 ], [ 77.44938, 17.57087 ], [ 77.44604, 17.57112 ], [ 77.44677, 17.57265 ], [ 77.44593, 17.5736 ], [ 77.44434, 17.57156 ], [ 77.44069, 17.57095 ], [ 77.44002, 17.57297 ], [ 77.44047, 17.57532 ], [ 77.43827, 17.57674 ], [ 77.44046, 17.57622 ], [ 77.44246, 17.57926 ], [ 77.44537, 17.57895 ], [ 77.44634, 17.58243 ], [ 77.4704, 17.57514 ], [ 77.47857, 17.56532 ], [ 77.49063, 17.5664 ], [ 77.49151, 17.56397 ], [ 77.4949, 17.56086 ], [ 77.49494, 17.55358 ], [ 77.49428, 17.55108 ], [ 77.4952, 17.55088 ], [ 77.49865, 17.55302 ], [ 77.50026, 17.55298 ], [ 77.50179, 17.54607 ], [ 77.50717, 17.5431 ], [ 77.5079, 17.54083 ], [ 77.50709, 17.53439 ], [ 77.51284, 17.52956 ], [ 77.51636, 17.52817 ], [ 77.52022, 17.52326 ], [ 77.52537, 17.52145 ], [ 77.52932, 17.51794 ], [ 77.53773, 17.51294 ], [ 77.5408, 17.51454 ], [ 77.54283, 17.51998 ], [ 77.54464, 17.52096 ], [ 77.54897, 17.52702 ], [ 77.55069, 17.52739 ], [ 77.55326, 17.52637 ], [ 77.55798, 17.5278 ], [ 77.56193, 17.52702 ], [ 77.55953, 17.52244 ], [ 77.56047, 17.51924 ], [ 77.56867, 17.52125 ], [ 77.5703, 17.52395 ], [ 77.5721, 17.52497 ], [ 77.57566, 17.52501 ], [ 77.5791, 17.51924 ], [ 77.58472, 17.519 ], [ 77.58562, 17.52305 ], [ 77.58425, 17.52755 ], [ 77.58253, 17.52898 ], [ 77.58317, 17.53103 ], [ 77.58502, 17.53238 ], [ 77.58798, 17.53696 ], [ 77.59167, 17.53864 ], [ 77.59313, 17.53553 ], [ 77.60365, 17.53369 ], [ 77.61592, 17.52808 ], [ 77.61832, 17.52571 ], [ 77.61995, 17.52031 ], [ 77.6197, 17.51523 ], [ 77.62201, 17.51352 ], [ 77.62253, 17.50991 ], [ 77.6203, 17.49788 ], [ 77.62502, 17.49264 ], [ 77.62639, 17.48814 ], [ 77.62244, 17.4906 ], [ 77.61493, 17.4899 ], [ 77.61313, 17.48777 ], [ 77.61047, 17.48929 ], [ 77.61051, 17.49502 ], [ 77.61214, 17.49837 ], [ 77.60631, 17.50447 ], [ 77.60635, 17.50762 ], [ 77.60553, 17.50942 ], [ 77.60317, 17.50905 ], [ 77.59931, 17.50406 ], [ 77.60201, 17.49927 ], [ 77.5997, 17.49894 ], [ 77.5985, 17.49747 ], [ 77.59742, 17.49154 ], [ 77.58605, 17.48892 ], [ 77.58099, 17.4863 ], [ 77.57476, 17.48552 ], [ 77.57073, 17.48699 ], [ 77.56142, 17.48675 ], [ 77.55502, 17.489 ], [ 77.53562, 17.49006 ], [ 77.53494, 17.48896 ], [ 77.53631, 17.48462 ], [ 77.53627, 17.47308 ], [ 77.53468, 17.4682 ], [ 77.52975, 17.46198 ], [ 77.53, 17.4585 ], [ 77.53266, 17.45154 ], [ 77.537, 17.44438 ], [ 77.53911, 17.44295 ], [ 77.51485, 17.43028 ], [ 77.5163, 17.41451 ], [ 77.53972, 17.40645 ], [ 77.53374, 17.39907 ], [ 77.52009, 17.4022 ], [ 77.5176, 17.40388 ], [ 77.50936, 17.40368 ], [ 77.50554, 17.40085 ], [ 77.50301, 17.40007 ], [ 77.50142, 17.40044 ], [ 77.50056, 17.40229 ], [ 77.50443, 17.40896 ], [ 77.4997, 17.41772 ], [ 77.49953, 17.42509 ], [ 77.49739, 17.42603 ], [ 77.49417, 17.42571 ], [ 77.48949, 17.43115 ], [ 77.48983, 17.43328 ], [ 77.48627, 17.44045 ], [ 77.48859, 17.45167 ], [ 77.4867, 17.45261 ], [ 77.48571, 17.45203 ], [ 77.48267, 17.44929 ], [ 77.48012, 17.44558 ], [ 77.47715, 17.44474 ], [ 77.47743, 17.4415 ], [ 77.47644, 17.4407 ], [ 77.47476, 17.44181 ], [ 77.47405, 17.44486 ], [ 77.47924, 17.45073 ], [ 77.47783, 17.45146 ], [ 77.47727, 17.4535 ], [ 77.4751, 17.45141 ], [ 77.47303, 17.45138 ], [ 77.47234, 17.4521 ], [ 77.47298, 17.45508 ], [ 77.47195, 17.45575 ], [ 77.46666, 17.45496 ], [ 77.46553, 17.45556 ], [ 77.46518, 17.45681 ], [ 77.46927, 17.45888 ], [ 77.47047, 17.46204 ], [ 77.47257, 17.46092 ], [ 77.47541, 17.46166 ], [ 77.47638, 17.4641 ], [ 77.47415, 17.46581 ], [ 77.47729, 17.46787 ], [ 77.47809, 17.47015 ], [ 77.48124, 17.47338 ], [ 77.48204, 17.47745 ], [ 77.48442, 17.4774 ], [ 77.48825, 17.4796 ], [ 77.48878, 17.48118 ], [ 77.4878, 17.48371 ], [ 77.49207, 17.48722 ], [ 77.49022, 17.49313 ], [ 77.48496, 17.49407 ], [ 77.48389, 17.49782 ], [ 77.48132, 17.50146 ], [ 77.47956, 17.50216 ], [ 77.47717, 17.50126 ], [ 77.47602, 17.50298 ], [ 77.47677, 17.50684 ], [ 77.48095, 17.51034 ], [ 77.48162, 17.51212 ], [ 77.48044, 17.51634 ], [ 77.47744, 17.51569 ], [ 77.47611, 17.51682 ], [ 77.47652, 17.51935 ], [ 77.47401, 17.52374 ], [ 77.4771, 17.52432 ], [ 77.47674, 17.52515 ], [ 77.47156, 17.5272 ], [ 77.47176, 17.53085 ], [ 77.46679, 17.53068 ], [ 77.46496, 17.532 ], [ 77.46299, 17.53156 ], [ 77.45836, 17.53883 ], [ 77.45567, 17.53934 ], [ 77.45054, 17.53498 ], [ 77.44823, 17.53627 ], [ 77.44592, 17.54033 ], [ 77.44402, 17.53775 ], [ 77.44253, 17.53749 ], [ 77.4418, 17.53823 ], [ 77.44115, 17.54267 ], [ 77.43898, 17.54322 ], [ 77.4378, 17.5454 ], [ 77.43679, 17.54511 ], [ 77.43619, 17.54723 ], [ 77.43345, 17.55112 ], [ 77.43782, 17.55336 ], [ 77.4459, 17.5505 ], [ 77.44582, 17.55148 ], [ 77.44223, 17.55474 ], [ 77.44126, 17.55411 ], [ 77.43355, 17.55495 ], [ 77.43263, 17.5557 ], [ 77.43261, 17.55742 ], [ 77.43093, 17.56043 ], [ 77.42816, 17.55933 ], [ 77.42254, 17.56225 ], [ 77.41971, 17.5608 ], [ 77.41907, 17.56231 ], [ 77.42053, 17.56636 ] ] ] } },
{ "type": "Feature", "properties": { "name": "Nugu WLS", "Type": "Wildlife Sanctuary", "State": "Karnataka", "Year": 1974.0 }, "geometry": { "type": "Polygon", "coordinates": [ [ [ 76.43804, 11.95293 ], [ 76.43819, 11.95358 ], [ 76.43259, 11.95511 ], [ 76.43399, 11.95839 ], [ 76.43036, 11.96408 ], [ 76.43165, 11.96548 ], [ 76.43491, 11.96693 ], [ 76.43734, 11.98102 ], [ 76.44017, 11.98631 ], [ 76.44214, 11.98798 ], [ 76.44334, 11.98786 ], [ 76.44369, 11.98618 ], [ 76.44326, 11.97984 ], [ 76.44467, 11.96691 ], [ 76.446, 11.96527 ], [ 76.44918, 11.96565 ], [ 76.45098, 11.96876 ], [ 76.45557, 11.96968 ], [ 76.45793, 11.97157 ], [ 76.46102, 11.97224 ], [ 76.4624, 11.97107 ], [ 76.46403, 11.9594 ], [ 76.46308, 11.95746 ], [ 76.45755, 11.95532 ], [ 76.45566, 11.95264 ], [ 76.45635, 11.95112 ], [ 76.45965, 11.9484 ], [ 76.45828, 11.94739 ], [ 76.46472, 11.94449 ], [ 76.47338, 11.94394 ], [ 76.47064, 11.93462 ], [ 76.47111, 11.92102 ], [ 76.46999, 11.91506 ], [ 76.47175, 11.9143 ], [ 76.47459, 11.90288 ], [ 76.46888, 11.90519 ], [ 76.46416, 11.89683 ], [ 76.46197, 11.89822 ], [ 76.45562, 11.89977 ], [ 76.45188, 11.89868 ], [ 76.45068, 11.89759 ], [ 76.45072, 11.88654 ], [ 76.44437, 11.88184 ], [ 76.43828, 11.88541 ], [ 76.43163, 11.88768 ], [ 76.43605, 11.90384 ], [ 76.43622, 11.90632 ], [ 76.43446, 11.90947 ], [ 76.43489, 11.91103 ], [ 76.43965, 11.91019 ], [ 76.43995, 11.91716 ], [ 76.43433, 11.94017 ], [ 76.43536, 11.94554 ], [ 76.43081, 11.94722 ], [ 76.4298, 11.94467 ], [ 76.42495, 11.94583 ], [ 76.42439, 11.94667 ], [ 76.43804, 11.95293 ] ] ] } },
{ "type": "Feature", "properties": { "name": "Adichunchunagiri WLS", "Type": "Wildlife Sanctuary", "State": "Karnataka", "Year": 1981.0 }, "geometry": { "type": "MultiPolygon", "coordinates": [ [ [ [ 76.74298, 13.02422 ], [ 76.74518, 13.02466 ], [ 76.74554, 13.02342 ], [ 76.74458, 13.02164 ], [ 76.74277, 13.02169 ], [ 76.74298, 13.02422 ] ] ], [ [ [ 76.74521, 13.01616 ], [ 76.74844, 13.01623 ], [ 76.74825, 13.01831 ], [ 76.74975, 13.01983 ], [ 76.75387, 13.01878 ], [ 76.75501, 13.01538 ], [ 76.75689, 13.01461 ], [ 76.75627, 13.01293 ], [ 76.75024, 13.01057 ], [ 76.74876, 13.01188 ], [ 76.749, 13.01334 ], [ 76.74781, 13.0145 ], [ 76.74591, 13.01216 ], [ 76.7448, 13.01228 ], [ 76.74365, 13.01429 ], [ 76.74521, 13.01616 ] ] ] ] } },
{ "type": "Feature", "properties": { "name": "Manjeera Crocodile WLS", "Type": "Wildlife Sanctuary", "State": "Telangana", "Year": 1978.0 }, "geometry": { "type": "Polygon", "coordinates": [ [ [ 77.93285, 17.74603 ], [ 77.93551, 17.74317 ], [ 77.93757, 17.73888 ], [ 77.9389, 17.73467 ], [ 77.93899, 17.73119 ], [ 77.93787, 17.72093 ], [ 77.93851, 17.71795 ], [ 77.94066, 17.71639 ], [ 77.94903, 17.71329 ], [ 77.95242, 17.71341 ], [ 77.95877, 17.71922 ], [ 77.96332, 17.72073 ], [ 77.9713, 17.71897 ], [ 77.97675, 17.7231 ], [ 77.98053, 17.72355 ], [ 77.99589, 17.71746 ], [ 77.99812, 17.71472 ], [ 77.99902, 17.70814 ], [ 77.99731, 17.7027 ], [ 77.99735, 17.70012 ], [ 78.00756, 17.69608 ], [ 78.01323, 17.69477 ], [ 78.02937, 17.69444 ], [ 78.0322, 17.69076 ], [ 78.03533, 17.68859 ], [ 78.037, 17.6888 ], [ 78.03606, 17.69301 ], [ 78.03675, 17.69473 ], [ 78.03851, 17.69657 ], [ 78.04014, 17.69698 ], [ 78.04065, 17.69522 ], [ 78.03971, 17.69166 ], [ 78.04142, 17.68769 ], [ 78.04061, 17.68598 ], [ 78.03808, 17.68459 ], [ 78.03833, 17.67804 ], [ 78.04276, 17.6767 ], [ 78.04928, 17.67252 ], [ 78.05035, 17.6679 ], [ 78.05293, 17.66533 ], [ 78.05936, 17.66488 ], [ 78.06052, 17.66672 ], [ 78.05898, 17.6715 ], [ 78.05426, 17.68058 ], [ 78.05408, 17.68279 ], [ 78.06005, 17.68647 ], [ 78.0622, 17.68667 ], [ 78.06344, 17.68532 ], [ 78.06335, 17.68021 ], [ 78.06456, 17.6771 ], [ 78.07172, 17.67841 ], [ 78.07576, 17.67326 ], [ 78.07696, 17.66729 ], [ 78.06752, 17.66171 ], [ 78.06524, 17.65895 ], [ 78.06365, 17.654 ], [ 78.06164, 17.6521 ], [ 78.06144, 17.64956 ], [ 78.06267, 17.64785 ], [ 78.06237, 17.64468 ], [ 78.05801, 17.64218 ], [ 78.05726, 17.64496 ], [ 78.05406, 17.64742 ], [ 78.04913, 17.64091 ], [ 78.04417, 17.63672 ], [ 78.04357, 17.63731 ], [ 78.04421, 17.64112 ], [ 78.04872, 17.65228 ], [ 78.04649, 17.65373 ], [ 78.04344, 17.65132 ], [ 78.037, 17.65014 ], [ 78.037, 17.64719 ], [ 78.03316, 17.64609 ], [ 78.02634, 17.64719 ], [ 78.02398, 17.64952 ], [ 78.02198, 17.64977 ], [ 78.02155, 17.65067 ], [ 78.02256, 17.65208 ], [ 78.03361, 17.65378 ], [ 78.03591, 17.65694 ], [ 78.03803, 17.65807 ], [ 78.03494, 17.66586 ], [ 78.02842, 17.67956 ], [ 78.02525, 17.68455 ], [ 78.02211, 17.68704 ], [ 78.01756, 17.68937 ], [ 78.00881, 17.6907 ], [ 78.00729, 17.6918 ], [ 77.9996, 17.69154 ], [ 77.99645, 17.6937 ], [ 77.99342, 17.69877 ], [ 77.99338, 17.70317 ], [ 77.99531, 17.70836 ], [ 77.99488, 17.71222 ], [ 77.99299, 17.71566 ], [ 77.979, 17.72011 ], [ 77.97694, 17.71987 ], [ 77.97309, 17.7169 ], [ 77.97071, 17.71628 ], [ 77.96286, 17.71734 ], [ 77.95382, 17.71102 ], [ 77.94978, 17.71073 ], [ 77.93791, 17.71486 ], [ 77.93665, 17.71633 ], [ 77.93575, 17.72065 ], [ 77.93652, 17.73258 ], [ 77.93416, 17.73937 ], [ 77.93094, 17.7444 ], [ 77.93285, 17.74603 ] ] ] } },
{ "type": "Feature", "properties": { "name": "Pocharam WLS", "Type": "Wildlife Sanctuary", "State": "Telangana", "Year": 1952.0 }, "geometry": { "type": "Polygon", "coordinates": [ [ [ 78.15307, 18.26779 ], [ 78.15906, 18.26791 ], [ 78.16193, 18.27302 ], [ 78.16755, 18.27836 ], [ 78.17144, 18.27993 ], [ 78.18586, 18.27846 ], [ 78.18983, 18.28343 ], [ 78.19678, 18.28506 ], [ 78.19807, 18.2862 ], [ 78.19532, 18.29268 ], [ 78.19562, 18.29378 ], [ 78.19974, 18.29456 ], [ 78.20189, 18.29073 ], [ 78.20257, 18.28698 ], [ 78.19596, 18.28019 ], [ 78.19026, 18.2772 ], [ 78.19002, 18.2709 ], [ 78.19154, 18.2651 ], [ 78.1942, 18.26186 ], [ 78.20991, 18.25262 ], [ 78.21915, 18.24829 ], [ 78.22813, 18.25419 ], [ 78.23019, 18.2532 ], [ 78.22813, 18.24938 ], [ 78.22939, 18.24588 ], [ 78.23216, 18.24345 ], [ 78.23255, 18.24101 ], [ 78.22586, 18.22978 ], [ 78.22228, 18.22789 ], [ 78.22118, 18.22546 ], [ 78.21952, 18.2212 ], [ 78.22313, 18.21855 ], [ 78.22728, 18.22336 ], [ 78.22708, 18.22682 ], [ 78.23227, 18.22981 ], [ 78.23602, 18.23037 ], [ 78.23879, 18.23212 ], [ 78.24182, 18.2317 ], [ 78.24394, 18.22929 ], [ 78.24742, 18.22774 ], [ 78.25699, 18.23068 ], [ 78.26437, 18.22943 ], [ 78.28188, 18.2247 ], [ 78.29201, 18.21883 ], [ 78.29647, 18.21427 ], [ 78.30059, 18.21239 ], [ 78.31501, 18.21264 ], [ 78.32007, 18.21166 ], [ 78.32445, 18.20408 ], [ 78.32956, 18.18973 ], [ 78.32904, 18.18859 ], [ 78.32647, 18.1881 ], [ 78.3257, 18.18104 ], [ 78.32359, 18.17668 ], [ 78.32218, 18.17484 ], [ 78.31969, 18.17436 ], [ 78.31904, 18.17321 ], [ 78.31892, 18.16783 ], [ 78.31449, 18.16538 ], [ 78.31377, 18.16326 ], [ 78.31411, 18.16147 ], [ 78.31686, 18.15882 ], [ 78.31758, 18.15645 ], [ 78.31728, 18.15429 ], [ 78.31475, 18.14977 ], [ 78.31471, 18.14752 ], [ 78.31578, 18.14614 ], [ 78.31866, 18.14491 ], [ 78.32454, 18.14459 ], [ 78.33625, 18.1461 ], [ 78.3411, 18.14569 ], [ 78.34329, 18.14422 ], [ 78.34698, 18.14018 ], [ 78.34745, 18.13786 ], [ 78.34479, 18.13419 ], [ 78.34574, 18.13199 ], [ 78.35072, 18.1297 ], [ 78.35097, 18.12195 ], [ 78.34445, 18.1173 ], [ 78.34149, 18.11747 ], [ 78.33754, 18.12326 ], [ 78.32801, 18.12995 ], [ 78.32321, 18.13194 ], [ 78.3169, 18.1319 ], [ 78.31411, 18.12995 ], [ 78.31359, 18.12742 ], [ 78.31377, 18.12477 ], [ 78.31655, 18.11698 ], [ 78.31497, 18.11543 ], [ 78.31222, 18.11506 ], [ 78.30595, 18.12187 ], [ 78.30621, 18.12652 ], [ 78.30368, 18.13321 ], [ 78.30175, 18.12648 ], [ 78.29853, 18.12603 ], [ 78.29681, 18.12677 ], [ 78.2954, 18.12611 ], [ 78.29424, 18.12244 ], [ 78.29257, 18.12187 ], [ 78.29059, 18.12277 ], [ 78.28892, 18.12721 ], [ 78.29021, 18.13023 ], [ 78.29372, 18.13007 ], [ 78.2951, 18.13093 ], [ 78.29724, 18.13651 ], [ 78.29909, 18.13806 ], [ 78.30029, 18.14296 ], [ 78.29866, 18.15527 ], [ 78.29553, 18.15825 ], [ 78.29274, 18.15833 ], [ 78.29042, 18.15588 ], [ 78.2875, 18.14451 ], [ 78.28227, 18.13794 ], [ 78.28231, 18.13643 ], [ 78.28621, 18.13492 ], [ 78.28368, 18.12811 ], [ 78.28063, 18.12452 ], [ 78.28038, 18.12191 ], [ 78.27626, 18.12044 ], [ 78.27454, 18.12097 ], [ 78.27205, 18.12513 ], [ 78.27171, 18.13011 ], [ 78.2657, 18.13496 ], [ 78.26304, 18.13476 ], [ 78.26184, 18.13264 ], [ 78.25253, 18.12958 ], [ 78.24454, 18.11791 ], [ 78.24574, 18.10992 ], [ 78.24536, 18.10486 ], [ 78.2472, 18.10123 ], [ 78.24495, 18.09933 ], [ 78.24169, 18.09889 ], [ 78.2392, 18.10655 ], [ 78.23828, 18.10725 ], [ 78.23115, 18.10786 ], [ 78.22845, 18.10615 ], [ 78.22246, 18.10482 ], [ 78.21579, 18.09976 ], [ 78.21691, 18.09016 ], [ 78.2142, 18.08608 ], [ 78.20631, 18.08526 ], [ 78.20204, 18.08746 ], [ 78.20075, 18.08977 ], [ 78.20098, 18.09075 ], [ 78.20577, 18.09577 ], [ 78.20796, 18.10086 ], [ 78.21309, 18.10878 ], [ 78.21077, 18.11229 ], [ 78.20652, 18.11278 ], [ 78.20257, 18.11445 ], [ 78.19519, 18.1142 ], [ 78.19356, 18.11486 ], [ 78.19515, 18.12114 ], [ 78.19472, 18.12738 ], [ 78.19549, 18.12897 ], [ 78.19807, 18.12917 ], [ 78.2042, 18.12232 ], [ 78.21274, 18.11979 ], [ 78.21489, 18.1215 ], [ 78.21759, 18.12106 ], [ 78.2245, 18.11706 ], [ 78.23472, 18.11743 ], [ 78.23798, 18.12154 ], [ 78.23823, 18.12787 ], [ 78.23669, 18.13162 ], [ 78.236, 18.14165 ], [ 78.23459, 18.14389 ], [ 78.22712, 18.14858 ], [ 78.22648, 18.15111 ], [ 78.22648, 18.15376 ], [ 78.23047, 18.16118 ], [ 78.24008, 18.16004 ], [ 78.24184, 18.15878 ], [ 78.24574, 18.15817 ], [ 78.24669, 18.16 ], [ 78.24506, 18.16192 ], [ 78.2451, 18.16396 ], [ 78.25265, 18.16241 ], [ 78.26004, 18.15923 ], [ 78.2739, 18.1558 ], [ 78.27596, 18.15731 ], [ 78.27694, 18.16294 ], [ 78.27819, 18.16404 ], [ 78.28076, 18.16473 ], [ 78.2863, 18.16416 ], [ 78.29394, 18.16791 ], [ 78.3005, 18.17643 ], [ 78.30098, 18.17937 ], [ 78.29806, 18.18528 ], [ 78.2981, 18.19788 ], [ 78.29626, 18.19919 ], [ 78.28746, 18.19719 ], [ 78.28291, 18.20045 ], [ 78.27819, 18.20078 ], [ 78.2563, 18.1969 ], [ 78.25403, 18.19478 ], [ 78.25304, 18.19091 ], [ 78.24712, 18.18993 ], [ 78.24223, 18.18695 ], [ 78.23484, 18.18577 ], [ 78.23236, 18.18463 ], [ 78.22935, 18.18072 ], [ 78.22339, 18.17986 ], [ 78.21875, 18.17582 ], [ 78.21746, 18.17224 ], [ 78.21596, 18.17101 ], [ 78.21051, 18.17011 ], [ 78.21115, 18.17529 ], [ 78.21, 18.1788 ], [ 78.21081, 18.18222 ], [ 78.20914, 18.18218 ], [ 78.20579, 18.18116 ], [ 78.19884, 18.17676 ], [ 78.19729, 18.17321 ], [ 78.19506, 18.17183 ], [ 78.19553, 18.16706 ], [ 78.1903, 18.16714 ], [ 78.18729, 18.16832 ], [ 78.18506, 18.16983 ], [ 78.17639, 18.18357 ], [ 78.18197, 18.20713 ], [ 78.18777, 18.21223 ], [ 78.19249, 18.22022 ], [ 78.19613, 18.2201 ], [ 78.19875, 18.22124 ], [ 78.2027, 18.22499 ], [ 78.20068, 18.22682 ], [ 78.1939, 18.22768 ], [ 78.19, 18.23282 ], [ 78.18433, 18.23432 ], [ 78.17781, 18.24154 ], [ 78.17335, 18.24513 ], [ 78.17139, 18.24894 ], [ 78.17099, 18.25438 ], [ 78.16468, 18.25699 ], [ 78.16103, 18.26084 ], [ 78.15957, 18.26131 ], [ 78.15228, 18.26053 ], [ 78.14871, 18.26177 ], [ 78.14852, 18.26253 ], [ 78.15307, 18.26779 ] ] ] } },
{ "type": "Feature", "properties": { "name": "Amba Barwa WLS", "Type": "Wildlife Sanctuary", "State": "Maharashtra", "Year": 1997.0 }, "geometry": { "type": "Polygon", "coordinates": [ [ [ 76.63147, 21.2054 ], [ 76.63147, 21.22904 ], [ 76.64263, 21.24777 ], [ 76.65868, 21.24777 ], [ 76.66091, 21.28256 ], [ 76.68321, 21.29059 ], [ 76.72416, 21.28838 ], [ 76.74699, 21.25536 ], [ 76.74298, 21.24599 ], [ 76.74655, 21.22413 ], [ 76.75859, 21.22324 ], [ 76.76617, 21.19381 ], [ 76.77276, 21.19165 ], [ 76.77416, 21.18855 ], [ 76.7662, 21.18057 ], [ 76.7353, 21.17641 ], [ 76.70534, 21.17457 ], [ 76.66148, 21.16704 ], [ 76.64595, 21.17857 ], [ 76.62345, 21.19247 ], [ 76.63147, 21.2054 ] ] ] } },
{ "type": "Feature", "properties": { "name": "Narnala WLS", "Type": "Wildlife Sanctuary", "State": "Maharashtra", "Year": 1997.0 }, "geometry": { "type": "Polygon", "coordinates": [ [ [ 77.00601, 21.22098 ], [ 77.0097, 21.22658 ], [ 77.01553, 21.23146 ], [ 77.0218, 21.23422 ], [ 77.02322, 21.23698 ], [ 77.02639, 21.23962 ], [ 77.03283, 21.24234 ], [ 77.04618, 21.2445 ], [ 77.05583, 21.23898 ], [ 77.05991, 21.2349 ], [ 77.06008, 21.2289 ], [ 77.05647, 21.2255 ], [ 77.05446, 21.2197 ], [ 77.05472, 21.21746 ], [ 77.05761, 21.21392 ], [ 77.05789, 21.21194 ], [ 77.05659, 21.21026 ], [ 77.0524, 21.20927 ], [ 77.05233, 21.20801 ], [ 77.05474, 21.20582 ], [ 77.04667, 21.20414 ], [ 77.03334, 21.20334 ], [ 77.03165, 21.20292 ], [ 77.03051, 21.20148 ], [ 77.01998, 21.19942 ], [ 77.01738, 21.20026 ], [ 77.01225, 21.20498 ], [ 77.01021, 21.20606 ], [ 77.00811, 21.20604 ], [ 77.00472, 21.21514 ], [ 77.00601, 21.22098 ] ] ] } },
{ "type": "Feature", "properties": { "name": "Koonthankulam-Kadankulam WLS", "Type": "Wildlife Sanctuary", "State": "Tamil Nadu", "Year": 1994.0 }, "geometry": { "type": "MultiPolygon", "coordinates": [ [ [ [ 77.75663, 8.50151 ], [ 77.75934, 8.50206 ], [ 77.75765, 8.49304 ], [ 77.75471, 8.49222 ], [ 77.74999, 8.49321 ], [ 77.75663, 8.50151 ] ] ], [ [ [ 77.75833, 8.49058 ], [ 77.75937, 8.49041 ], [ 77.76049, 8.49161 ], [ 77.76709, 8.4916 ], [ 77.76859, 8.49392 ], [ 77.77169, 8.49334 ], [ 77.77091, 8.48985 ], [ 77.77, 8.48928 ], [ 77.76679, 8.49028 ], [ 77.7607, 8.4862 ], [ 77.75834, 8.48538 ], [ 77.75595, 8.48599 ], [ 77.75833, 8.49058 ] ] ] ] } },
{ "type": "Feature", "properties": { "name": "Srivilliputhur Grizzled Squirrel WLS", "Type": "Wildlife Sanctuary", "State": "Tamil Nadu", "Year": 1988.0 }, "geometry": { "type": "Polygon", "coordinates": [ [ [ 77.33646, 9.41507 ], [ 77.33911, 9.42018 ], [ 77.34372, 9.42376 ], [ 77.34812, 9.43401 ], [ 77.34885, 9.43906 ], [ 77.35189, 9.44439 ], [ 77.3574, 9.44799 ], [ 77.35808, 9.45326 ], [ 77.36662, 9.46041 ], [ 77.37588, 9.4574 ], [ 77.37842, 9.4546 ], [ 77.3862, 9.45562 ], [ 77.39331, 9.45963 ], [ 77.39131, 9.46811 ], [ 77.39755, 9.47111 ], [ 77.39888, 9.47453 ], [ 77.40132, 9.47728 ], [ 77.39896, 9.48012 ], [ 77.39918, 9.48455 ], [ 77.39762, 9.48701 ], [ 77.3997, 9.49674 ], [ 77.4025, 9.50049 ], [ 77.40841, 9.50612 ], [ 77.4114, 9.50713 ], [ 77.41206, 9.51046 ], [ 77.42568, 9.51988 ], [ 77.42937, 9.52111 ], [ 77.43357, 9.52741 ], [ 77.48644, 9.58264 ], [ 77.49842, 9.58662 ], [ 77.49996, 9.59584 ], [ 77.50468, 9.59863 ], [ 77.51327, 9.61082 ], [ 77.51387, 9.61505 ], [ 77.51606, 9.61577 ], [ 77.51708, 9.61823 ], [ 77.51713, 9.62148 ], [ 77.51129, 9.62512 ], [ 77.50837, 9.62791 ], [ 77.50794, 9.64145 ], [ 77.51116, 9.64695 ], [ 77.52339, 9.65668 ], [ 77.53185, 9.66764 ], [ 77.53567, 9.67843 ], [ 77.53824, 9.69679 ], [ 77.54837, 9.71726 ], [ 77.55901, 9.73621 ], [ 77.5685, 9.74708 ], [ 77.58133, 9.75922 ], [ 77.58433, 9.76404 ], [ 77.60026, 9.77808 ], [ 77.60905, 9.78214 ], [ 77.61227, 9.78092 ], [ 77.61356, 9.77902 ], [ 77.61764, 9.778 ], [ 77.62253, 9.78062 ], [ 77.63128, 9.79525 ], [ 77.6348, 9.7972 ], [ 77.63952, 9.79661 ], [ 77.64107, 9.79382 ], [ 77.63926, 9.78443 ], [ 77.64107, 9.78079 ], [ 77.6457, 9.77639 ], [ 77.64828, 9.77605 ], [ 77.6536, 9.77715 ], [ 77.65746, 9.77538 ], [ 77.65961, 9.77123 ], [ 77.67042, 9.76371 ], [ 77.68046, 9.76455 ], [ 77.68407, 9.76354 ], [ 77.68544, 9.75998 ], [ 77.69008, 9.75508 ], [ 77.69694, 9.7511 ], [ 77.70209, 9.74941 ], [ 77.70493, 9.74628 ], [ 77.70553, 9.74383 ], [ 77.70724, 9.74137 ], [ 77.71004, 9.74201 ], [ 77.72449, 9.73833 ], [ 77.72235, 9.72429 ], [ 77.72003, 9.72302 ], [ 77.71909, 9.71963 ], [ 77.71935, 9.71625 ], [ 77.70999, 9.70457 ], [ 77.70699, 9.69552 ], [ 77.7045, 9.69256 ], [ 77.70244, 9.69188 ], [ 77.70046, 9.69383 ], [ 77.69978, 9.69637 ], [ 77.6954, 9.69882 ], [ 77.6863, 9.6896 ], [ 77.68021, 9.68004 ], [ 77.66973, 9.68004 ], [ 77.66064, 9.68486 ], [ 77.65334, 9.69518 ], [ 77.65111, 9.70187 ], [ 77.64544, 9.7072 ], [ 77.63884, 9.70914 ], [ 77.6312, 9.70897 ], [ 77.59858, 9.69975 ], [ 77.5906, 9.69493 ], [ 77.57013, 9.67543 ], [ 77.5585, 9.6629 ], [ 77.55442, 9.65635 ], [ 77.54629, 9.64748 ], [ 77.54442, 9.64755 ], [ 77.54524, 9.66104 ], [ 77.5409, 9.66117 ], [ 77.53665, 9.65884 ], [ 77.53232, 9.6544 ], [ 77.52973, 9.65289 ], [ 77.52648, 9.64552 ], [ 77.5223, 9.64095 ], [ 77.52054, 9.63762 ], [ 77.51998, 9.63443 ], [ 77.51771, 9.63098 ], [ 77.51766, 9.62997 ], [ 77.51945, 9.62995 ], [ 77.52086, 9.63172 ], [ 77.52584, 9.63287 ], [ 77.52756, 9.63045 ], [ 77.53232, 9.62762 ], [ 77.53571, 9.63113 ], [ 77.53906, 9.63786 ], [ 77.54202, 9.63875 ], [ 77.54253, 9.63663 ], [ 77.53893, 9.62267 ], [ 77.5355, 9.61615 ], [ 77.53189, 9.6021 ], [ 77.53644, 9.60007 ], [ 77.55807, 9.60921 ], [ 77.56331, 9.61236 ], [ 77.56751, 9.61336 ], [ 77.58159, 9.61361 ], [ 77.58717, 9.61514 ], [ 77.59747, 9.61962 ], [ 77.60287, 9.6115 ], [ 77.6027, 9.60786 ], [ 77.59832, 9.60261 ], [ 77.60124, 9.5988 ], [ 77.60648, 9.59584 ], [ 77.61077, 9.5939 ], [ 77.61559, 9.59724 ], [ 77.62717, 9.59453 ], [ 77.6372, 9.59093 ], [ 77.64107, 9.59051 ], [ 77.6475, 9.59136 ], [ 77.65892, 9.58966 ], [ 77.66235, 9.58814 ], [ 77.66643, 9.58492 ], [ 77.67141, 9.58289 ], [ 77.67866, 9.58484 ], [ 77.68089, 9.5831 ], [ 77.67673, 9.57807 ], [ 77.66398, 9.57333 ], [ 77.64939, 9.56986 ], [ 77.64304, 9.57367 ], [ 77.6324, 9.57528 ], [ 77.6306, 9.56453 ], [ 77.6251, 9.55987 ], [ 77.60708, 9.56317 ], [ 77.5927, 9.56288 ], [ 77.58455, 9.55378 ], [ 77.57914, 9.55014 ], [ 77.57378, 9.5498 ], [ 77.56764, 9.54696 ], [ 77.56468, 9.54426 ], [ 77.5606, 9.54282 ], [ 77.55107, 9.54316 ], [ 77.54906, 9.54231 ], [ 77.54966, 9.53985 ], [ 77.55163, 9.53761 ], [ 77.54271, 9.53118 ], [ 77.52811, 9.53033 ], [ 77.52575, 9.52898 ], [ 77.5164, 9.52788 ], [ 77.50648, 9.52068 ], [ 77.4985, 9.51048 ], [ 77.49357, 9.50853 ], [ 77.49159, 9.50379 ], [ 77.48829, 9.50824 ], [ 77.48576, 9.50964 ], [ 77.48181, 9.50815 ], [ 77.48078, 9.50853 ], [ 77.47979, 9.5098 ], [ 77.47953, 9.51264 ], [ 77.47387, 9.51344 ], [ 77.47142, 9.51526 ], [ 77.46911, 9.5137 ], [ 77.46061, 9.51057 ], [ 77.45657, 9.51137 ], [ 77.45361, 9.5104 ], [ 77.45263, 9.50595 ], [ 77.4543, 9.50481 ], [ 77.45902, 9.50434 ], [ 77.46868, 9.49956 ], [ 77.46868, 9.49673 ], [ 77.46563, 9.49592 ], [ 77.46434, 9.49474 ], [ 77.46391, 9.493 ], [ 77.46559, 9.48915 ], [ 77.46305, 9.48826 ], [ 77.45889, 9.48843 ], [ 77.45001, 9.49368 ], [ 77.44477, 9.48898 ], [ 77.45417, 9.48335 ], [ 77.47593, 9.47598 ], [ 77.48228, 9.46786 ], [ 77.47953, 9.46007 ], [ 77.45876, 9.45939 ], [ 77.44336, 9.4668 ], [ 77.44205, 9.46185 ], [ 77.44117, 9.44695 ], [ 77.43361, 9.43281 ], [ 77.42774, 9.43302 ], [ 77.42426, 9.42789 ], [ 77.42237, 9.42345 ], [ 77.42113, 9.4237 ], [ 77.42057, 9.42235 ], [ 77.41744, 9.42324 ], [ 77.41396, 9.42061 ], [ 77.41194, 9.42214 ], [ 77.4092, 9.41917 ], [ 77.4063, 9.41892 ], [ 77.40548, 9.4164 ], [ 77.3983, 9.41562 ], [ 77.39572, 9.41041 ], [ 77.39448, 9.40941 ], [ 77.39351, 9.40601 ], [ 77.38615, 9.39595 ], [ 77.38216, 9.39754 ], [ 77.38141, 9.39997 ], [ 77.37926, 9.39976 ], [ 77.37817, 9.39728 ], [ 77.37778, 9.39316 ], [ 77.37529, 9.39176 ], [ 77.37186, 9.39151 ], [ 77.37263, 9.38841 ], [ 77.36918, 9.38765 ], [ 77.36536, 9.38791 ], [ 77.36087, 9.38956 ], [ 77.35602, 9.39371 ], [ 77.3408, 9.39801 ], [ 77.3427, 9.40327 ], [ 77.33671, 9.4095 ], [ 77.33602, 9.41108 ], [ 77.33646, 9.41507 ] ] ] } },
{ "type": "Feature", "properties": { "name": "Nellai WLS", "Type": "Wildlife Sanctuary", "State": "Tamil Nadu", "Year": 2015.0 }, "geometry": { "type": "Polygon", "coordinates": [ [ [ 77.15095, 9.01252 ], [ 77.15207, 9.0201 ], [ 77.16227, 9.03026 ], [ 77.16186, 9.03332 ], [ 77.16025, 9.03584 ], [ 77.16338, 9.03839 ], [ 77.16443, 9.04129 ], [ 77.16958, 9.04677 ], [ 77.17427, 9.04843 ], [ 77.17657, 9.04691 ], [ 77.18093, 9.04729 ], [ 77.18495, 9.04592 ], [ 77.18667, 9.04329 ], [ 77.19016, 9.04385 ], [ 77.19705, 9.04705 ], [ 77.19566, 9.04921 ], [ 77.19559, 9.0524 ], [ 77.19683, 9.05758 ], [ 77.20461, 9.06556 ], [ 77.20775, 9.07113 ], [ 77.20785, 9.07713 ], [ 77.20551, 9.08188 ], [ 77.20648, 9.0867 ], [ 77.20962, 9.09037 ], [ 77.21199, 9.101 ], [ 77.21409, 9.09987 ], [ 77.21688, 9.10125 ], [ 77.22161, 9.10654 ], [ 77.22396, 9.10711 ], [ 77.22697, 9.10915 ], [ 77.22819, 9.11419 ], [ 77.23048, 9.11742 ], [ 77.23921, 9.1216 ], [ 77.24156, 9.12511 ], [ 77.24693, 9.12483 ], [ 77.25287, 9.1388 ], [ 77.25703, 9.14268 ], [ 77.25948, 9.1438 ], [ 77.26068, 9.14816 ], [ 77.26714, 9.15394 ], [ 77.26563, 9.15638 ], [ 77.26587, 9.16054 ], [ 77.26491, 9.16297 ], [ 77.26694, 9.16865 ], [ 77.26754, 9.17359 ], [ 77.26578, 9.17642 ], [ 77.26509, 9.18184 ], [ 77.25202, 9.18856 ], [ 77.25277, 9.19145 ], [ 77.25596, 9.19646 ], [ 77.25665, 9.19958 ], [ 77.25968, 9.19829 ], [ 77.26398, 9.19871 ], [ 77.26624, 9.20022 ], [ 77.26968, 9.201 ], [ 77.27077, 9.20194 ], [ 77.27054, 9.20489 ], [ 77.27893, 9.21504 ], [ 77.28185, 9.21696 ], [ 77.28171, 9.22024 ], [ 77.27918, 9.22196 ], [ 77.27834, 9.22364 ], [ 77.27514, 9.23034 ], [ 77.2741, 9.23549 ], [ 77.27818, 9.23807 ], [ 77.27929, 9.24167 ], [ 77.27919, 9.24418 ], [ 77.27779, 9.24717 ], [ 77.2784, 9.25004 ], [ 77.28185, 9.25471 ], [ 77.28277, 9.25729 ], [ 77.28282, 9.25968 ], [ 77.28162, 9.26281 ], [ 77.283, 9.26629 ], [ 77.28242, 9.27253 ], [ 77.28483, 9.27412 ], [ 77.28844, 9.27469 ], [ 77.28818, 9.28072 ], [ 77.28304, 9.29098 ], [ 77.28237, 9.29827 ], [ 77.28329, 9.30039 ], [ 77.28908, 9.30215 ], [ 77.29447, 9.30535 ], [ 77.29624, 9.30859 ], [ 77.29878, 9.31041 ], [ 77.30093, 9.31632 ], [ 77.30289, 9.3189 ], [ 77.30225, 9.32357 ], [ 77.29889, 9.32798 ], [ 77.30343, 9.32774 ], [ 77.30063, 9.33235 ], [ 77.30169, 9.3374 ], [ 77.30328, 9.3388 ], [ 77.31449, 9.33592 ], [ 77.31764, 9.33632 ], [ 77.32004, 9.33831 ], [ 77.32506, 9.33664 ], [ 77.32525, 9.34624 ], [ 77.3288, 9.34989 ], [ 77.33283, 9.35661 ], [ 77.37868, 9.33436 ], [ 77.37907, 9.32831 ], [ 77.38053, 9.32187 ], [ 77.38091, 9.31298 ], [ 77.37864, 9.30942 ], [ 77.3713, 9.30493 ], [ 77.36718, 9.30353 ], [ 77.3504, 9.30298 ], [ 77.34671, 9.30069 ], [ 77.3483, 9.2987 ], [ 77.35302, 9.29549 ], [ 77.35607, 9.2896 ], [ 77.35693, 9.27998 ], [ 77.35534, 9.26059 ], [ 77.36332, 9.2586 ], [ 77.36401, 9.25453 ], [ 77.36607, 9.25216 ], [ 77.36984, 9.25004 ], [ 77.37465, 9.25038 ], [ 77.37465, 9.2458 ], [ 77.36881, 9.24436 ], [ 77.35671, 9.24411 ], [ 77.35506, 9.23596 ], [ 77.34933, 9.22962 ], [ 77.3356, 9.23081 ], [ 77.32985, 9.22742 ], [ 77.32965, 9.22575 ], [ 77.33268, 9.22081 ], [ 77.338, 9.21683 ], [ 77.33894, 9.21471 ], [ 77.33688, 9.20082 ], [ 77.33422, 9.1898 ], [ 77.33748, 9.17845 ], [ 77.34066, 9.17523 ], [ 77.34864, 9.17497 ], [ 77.35783, 9.16938 ], [ 77.36383, 9.16976 ], [ 77.37019, 9.16417 ], [ 77.37426, 9.15561 ], [ 77.3725, 9.15218 ], [ 77.3704, 9.15027 ], [ 77.3622, 9.14993 ], [ 77.35538, 9.14587 ], [ 77.34143, 9.14188 ], [ 77.33757, 9.13964 ], [ 77.3377, 9.13667 ], [ 77.33062, 9.13574 ], [ 77.32886, 9.1318 ], [ 77.32654, 9.13112 ], [ 77.32285, 9.13303 ], [ 77.3174, 9.13142 ], [ 77.31487, 9.13256 ], [ 77.31448, 9.13464 ], [ 77.31272, 9.13591 ], [ 77.29873, 9.13447 ], [ 77.30092, 9.12722 ], [ 77.30427, 9.12324 ], [ 77.30474, 9.12061 ], [ 77.30388, 9.11972 ], [ 77.29302, 9.11892 ], [ 77.28903, 9.11409 ], [ 77.28955, 9.10773 ], [ 77.29049, 9.10527 ], [ 77.29401, 9.10138 ], [ 77.29474, 9.09917 ], [ 77.28333, 9.08498 ], [ 77.2653, 9.07464 ], [ 77.24487, 9.07031 ], [ 77.22857, 9.06921 ], [ 77.22093, 9.06447 ], [ 77.22015, 9.0587 ], [ 77.22462, 9.05073 ], [ 77.2199, 9.0387 ], [ 77.21869, 9.03039 ], [ 77.21633, 9.02259 ], [ 77.2129, 9.02085 ], [ 77.20509, 9.02022 ], [ 77.20024, 9.02128 ], [ 77.19535, 9.02437 ], [ 77.18947, 9.02399 ], [ 77.18475, 9.01967 ], [ 77.1817, 9.02217 ], [ 77.17896, 9.02196 ], [ 77.17625, 9.02022 ], [ 77.17303, 9.01013 ], [ 77.17136, 9.01026 ], [ 77.1714, 9.00326 ], [ 77.18136, 8.99903 ], [ 77.18372, 8.99479 ], [ 77.18509, 8.98953 ], [ 77.189, 8.98618 ], [ 77.18973, 8.9847 ], [ 77.19136, 8.98322 ], [ 77.19754, 8.98127 ], [ 77.20822, 8.97198 ], [ 77.21466, 8.96901 ], [ 77.21586, 8.96528 ], [ 77.21397, 8.96088 ], [ 77.21397, 8.95859 ], [ 77.21633, 8.95163 ], [ 77.23217, 8.94646 ], [ 77.23505, 8.94277 ], [ 77.23749, 8.93591 ], [ 77.23809, 8.92577 ], [ 77.25363, 8.92315 ], [ 77.25698, 8.9212 ], [ 77.2738, 8.91543 ], [ 77.28513, 8.90339 ], [ 77.30538, 8.89389 ], [ 77.31862, 8.88361 ], [ 77.31862, 8.87585 ], [ 77.32004, 8.87526 ], [ 77.31794, 8.86882 ], [ 77.31284, 8.86896 ], [ 77.3059, 8.87347 ], [ 77.30505, 8.87568 ], [ 77.29612, 8.8762 ], [ 77.28761, 8.88195 ], [ 77.27985, 8.88019 ], [ 77.27412, 8.88422 ], [ 77.26712, 8.88035 ], [ 77.26046, 8.87994 ], [ 77.2559, 8.8781 ], [ 77.24387, 8.88059 ], [ 77.23812, 8.88548 ], [ 77.23791, 8.89008 ], [ 77.23876, 8.89295 ], [ 77.24071, 8.89501 ], [ 77.23886, 8.89766 ], [ 77.23991, 8.90285 ], [ 77.2386, 8.90365 ], [ 77.23185, 8.9024 ], [ 77.22634, 8.90418 ], [ 77.22095, 8.90324 ], [ 77.21777, 8.919 ], [ 77.21519, 8.92168 ], [ 77.20567, 8.92566 ], [ 77.19567, 8.9236 ], [ 77.19061, 8.92747 ], [ 77.19202, 8.93064 ], [ 77.19572, 8.9324 ], [ 77.19675, 8.93462 ], [ 77.19472, 8.94035 ], [ 77.19482, 8.94319 ], [ 77.19539, 8.9468 ], [ 77.19759, 8.95104 ], [ 77.19325, 8.95838 ], [ 77.19104, 8.95952 ], [ 77.19065, 8.96531 ], [ 77.18819, 8.9668 ], [ 77.18501, 8.9706 ], [ 77.18117, 8.96881 ], [ 77.17767, 8.96941 ], [ 77.17566, 8.97904 ], [ 77.17565, 8.98188 ], [ 77.17678, 8.98451 ], [ 77.17434, 8.9878 ], [ 77.17354, 8.99121 ], [ 77.17029, 8.99238 ], [ 77.16687, 8.99247 ], [ 77.16044, 8.99717 ], [ 77.15421, 9.00731 ], [ 77.14986, 9.01008 ], [ 77.15095, 9.01252 ] ] ] } },
{ "type": "Feature", "properties": { "name": "Pambadum Shola National Park", "Type": "National Park", "State": "Kerala", "Year": 2003.0 }, "geometry": { "type": "Polygon", "coordinates": [ [ [ 77.23968, 10.14763 ], [ 77.24459, 10.14677 ], [ 77.24565, 10.14728 ], [ 77.24537, 10.14818 ], [ 77.24389, 10.14827 ], [ 77.24275, 10.14945 ], [ 77.24339, 10.15566 ], [ 77.24762, 10.15697 ], [ 77.25434, 10.1557 ], [ 77.2573, 10.15636 ], [ 77.26101, 10.16058 ], [ 77.26079, 10.16483 ], [ 77.26449, 10.16578 ], [ 77.27373, 10.16488 ], [ 77.27399, 10.14876 ], [ 77.27252, 10.14544 ], [ 77.27281, 10.14045 ], [ 77.27459, 10.13869 ], [ 77.27474, 10.13072 ], [ 77.26813, 10.1262 ], [ 77.26769, 10.12222 ], [ 77.25186, 10.1251 ], [ 77.24911, 10.12401 ], [ 77.24837, 10.12776 ], [ 77.24715, 10.12974 ], [ 77.24288, 10.13005 ], [ 77.24305, 10.1346 ], [ 77.24478, 10.14019 ], [ 77.24107, 10.1414 ], [ 77.23876, 10.14666 ], [ 77.23968, 10.14763 ] ] ] } },
{ "type": "Feature", "properties": { "name": "Aralam WLS", "Type": "Wildlife Sanctuary", "State": "Kerala", "Year": 1984.0 }, "geometry": { "type": "Polygon", "coordinates": [ [ [ 75.793, 11.92475 ], [ 75.79347, 11.92687 ], [ 75.79522, 11.9289 ], [ 75.79352, 11.93095 ], [ 75.79618, 11.93357 ], [ 75.79702, 11.93686 ], [ 75.80132, 11.94202 ], [ 75.80745, 11.9415 ], [ 75.80969, 11.94429 ], [ 75.81093, 11.94762 ], [ 75.80867, 11.95115 ], [ 75.80455, 11.95339 ], [ 75.79463, 11.95595 ], [ 75.79416, 11.96175 ], [ 75.79695, 11.96246 ], [ 75.80343, 11.96103 ], [ 75.81219, 11.96196 ], [ 75.81571, 11.96678 ], [ 75.81841, 11.96947 ], [ 75.82081, 11.9706 ], [ 75.82171, 11.97317 ], [ 75.82339, 11.9743 ], [ 75.8291, 11.97522 ], [ 75.82991, 11.97938 ], [ 75.82918, 11.98131 ], [ 75.82999, 11.98372 ], [ 75.84841, 11.97877 ], [ 75.86924, 11.95161 ], [ 75.88097, 11.9501 ], [ 75.88547, 11.95157 ], [ 75.89046, 11.95132 ], [ 75.89974, 11.94508 ], [ 75.90165, 11.94552 ], [ 75.91109, 11.94465 ], [ 75.914, 11.94376 ], [ 75.91674, 11.945 ], [ 75.91918, 11.94476 ], [ 75.92628, 11.94333 ], [ 75.93068, 11.94089 ], [ 75.93635, 11.94143 ], [ 75.93647, 11.94277 ], [ 75.9383, 11.94166 ], [ 75.93646, 11.93409 ], [ 75.92956, 11.93527 ], [ 75.92812, 11.93486 ], [ 75.92562, 11.93241 ], [ 75.92513, 11.93013 ], [ 75.92599, 11.92443 ], [ 75.92395, 11.92022 ], [ 75.91677, 11.91921 ], [ 75.89501, 11.92089 ], [ 75.88622, 11.92362 ], [ 75.87875, 11.92782 ], [ 75.86497, 11.93099 ], [ 75.86341, 11.9294 ], [ 75.86053, 11.93017 ], [ 75.85757, 11.92927 ], [ 75.85448, 11.9294 ], [ 75.85178, 11.93063 ], [ 75.84944, 11.93068 ], [ 75.84266, 11.92929 ], [ 75.84017, 11.93131 ], [ 75.82994, 11.93117 ], [ 75.82705, 11.93074 ], [ 75.82567, 11.92909 ], [ 75.82248, 11.92816 ], [ 75.81938, 11.9312 ], [ 75.81547, 11.93148 ], [ 75.81387, 11.93073 ], [ 75.80487, 11.93373 ], [ 75.80095, 11.93269 ], [ 75.80246, 11.92929 ], [ 75.80214, 11.92659 ], [ 75.79737, 11.92505 ], [ 75.7932, 11.92101 ], [ 75.79072, 11.92255 ], [ 75.793, 11.92475 ] ] ] } },
{ "type": "Feature", "properties": { "name": "Kottiyoor WLS", "Type": "Wildlife Sanctuary", "State": "Kerala", "Year": 2011.0 }, "geometry": { "type": "Polygon", "coordinates": [ [ [ 75.87274, 11.88243 ], [ 75.87386, 11.88881 ], [ 75.87965, 11.90166 ], [ 75.87974, 11.90363 ], [ 75.87665, 11.90741 ], [ 75.87605, 11.9117 ], [ 75.88235, 11.92026 ], [ 75.88278, 11.92282 ], [ 75.88135, 11.92598 ], [ 75.88622, 11.92362 ], [ 75.89501, 11.92089 ], [ 75.91677, 11.91921 ], [ 75.92395, 11.92022 ], [ 75.92858, 11.91776 ], [ 75.93223, 11.91277 ], [ 75.93553, 11.91083 ], [ 75.93741, 11.90405 ], [ 75.93837, 11.90298 ], [ 75.93563, 11.89984 ], [ 75.93576, 11.89082 ], [ 75.93303, 11.88782 ], [ 75.93201, 11.88339 ], [ 75.92922, 11.88023 ], [ 75.9249, 11.8722 ], [ 75.92285, 11.87256 ], [ 75.91988, 11.87078 ], [ 75.90899, 11.86715 ], [ 75.90583, 11.86336 ], [ 75.89712, 11.86504 ], [ 75.8866, 11.87071 ], [ 75.87407, 11.87432 ], [ 75.87029, 11.87688 ], [ 75.87274, 11.88243 ] ] ] } },
{ "type": "Feature", "properties": { "name": "Peechi-Vazhani WLS", "Type": "Wildlife Sanctuary", "State": "Kerala", "Year": 1958.0 }, "geometry": { "type": "Polygon", "coordinates": [ [ [ 76.30398, 10.62908 ], [ 76.30596, 10.63188 ], [ 76.30756, 10.64159 ], [ 76.30799, 10.64593 ], [ 76.30631, 10.65036 ], [ 76.32644, 10.65768 ], [ 76.33464, 10.65943 ], [ 76.33666, 10.65882 ], [ 76.34743, 10.64673 ], [ 76.34983, 10.6423 ], [ 76.35614, 10.63631 ], [ 76.35768, 10.63383 ], [ 76.36262, 10.63087 ], [ 76.36841, 10.62914 ], [ 76.37193, 10.62227 ], [ 76.37751, 10.61501 ], [ 76.38425, 10.61113 ], [ 76.38562, 10.60578 ], [ 76.38764, 10.60422 ], [ 76.39618, 10.60055 ], [ 76.39944, 10.5978 ], [ 76.40137, 10.59409 ], [ 76.4039, 10.59198 ], [ 76.40983, 10.59046 ], [ 76.41249, 10.58781 ], [ 76.41223, 10.58418 ], [ 76.40695, 10.58047 ], [ 76.4012, 10.57874 ], [ 76.40056, 10.5722 ], [ 76.40202, 10.56258 ], [ 76.40549, 10.55891 ], [ 76.40944, 10.55781 ], [ 76.41399, 10.5622 ], [ 76.423, 10.55817 ], [ 76.42435, 10.5525 ], [ 76.42386, 10.5471 ], [ 76.43124, 10.54072 ], [ 76.42879, 10.53503 ], [ 76.43073, 10.52613 ], [ 76.4554, 10.513 ], [ 76.46081, 10.50587 ], [ 76.46446, 10.503 ], [ 76.47072, 10.49338 ], [ 76.47587, 10.48372 ], [ 76.47403, 10.48072 ], [ 76.45987, 10.48022 ], [ 76.45446, 10.4787 ], [ 76.44716, 10.47363 ], [ 76.42914, 10.47009 ], [ 76.41618, 10.47009 ], [ 76.40708, 10.47161 ], [ 76.39292, 10.46908 ], [ 76.38494, 10.46536 ], [ 76.37558, 10.46452 ], [ 76.36944, 10.46705 ], [ 76.36412, 10.47308 ], [ 76.35979, 10.483 ], [ 76.36056, 10.48866 ], [ 76.3741, 10.50771 ], [ 76.37584, 10.51262 ], [ 76.37172, 10.51921 ], [ 76.37365, 10.533 ], [ 76.37464, 10.53511 ], [ 76.37446, 10.53773 ], [ 76.36215, 10.54224 ], [ 76.36185, 10.54773 ], [ 76.37266, 10.55482 ], [ 76.37781, 10.56815 ], [ 76.37567, 10.57507 ], [ 76.36794, 10.58435 ], [ 76.36013, 10.58578 ], [ 76.32777, 10.58072 ], [ 76.32219, 10.58283 ], [ 76.3167, 10.59152 ], [ 76.31842, 10.59472 ], [ 76.31996, 10.60392 ], [ 76.30719, 10.6178 ], [ 76.30608, 10.61967 ], [ 76.30608, 10.62267 ], [ 76.30383, 10.62701 ], [ 76.30398, 10.62908 ] ] ] } },
{ "type": "Feature", "properties": { "name": "Chimmony WLS", "Type": "Wildlife Sanctuary", "State": "Kerala", "Year": 1984.0 }, "geometry": { "type": "Polygon", "coordinates": [ [ [ 76.42914, 10.47009 ], [ 76.44716, 10.47363 ], [ 76.45446, 10.4787 ], [ 76.45987, 10.48022 ], [ 76.47403, 10.48072 ], [ 76.48587, 10.47617 ], [ 76.49411, 10.47633 ], [ 76.51076, 10.47313 ], [ 76.52132, 10.46891 ], [ 76.52741, 10.46545 ], [ 76.53471, 10.45928 ], [ 76.54861, 10.42548 ], [ 76.54166, 10.42257 ], [ 76.53862, 10.41936 ], [ 76.53587, 10.41134 ], [ 76.52759, 10.40425 ], [ 76.52252, 10.40324 ], [ 76.49334, 10.40678 ], [ 76.4748, 10.41083 ], [ 76.4645, 10.41505 ], [ 76.45072, 10.42257 ], [ 76.43931, 10.42767 ], [ 76.42695, 10.4286 ], [ 76.42056, 10.43092 ], [ 76.42051, 10.43362 ], [ 76.42322, 10.43514 ], [ 76.43249, 10.4354 ], [ 76.45141, 10.43105 ], [ 76.45823, 10.43139 ], [ 76.46323, 10.44486 ], [ 76.45995, 10.44647 ], [ 76.45287, 10.44333 ], [ 76.45062, 10.44329 ], [ 76.44285, 10.44639 ], [ 76.43761, 10.44396 ], [ 76.42596, 10.44764 ], [ 76.42064, 10.45405 ], [ 76.41828, 10.46047 ], [ 76.41618, 10.47009 ], [ 76.42914, 10.47009 ] ] ] } },
{ "type": "Feature", "properties": { "name": "Chinnar WLS", "Type": "Wildlife Sanctuary", "State": "Kerala", "Year": 1984.0 }, "geometry": { "type": "Polygon", "coordinates": [ [ [ 77.12067, 10.31806 ], [ 77.13786, 10.33056 ], [ 77.14975, 10.33514 ], [ 77.15844, 10.34386 ], [ 77.16301, 10.34669 ], [ 77.16926, 10.35252 ], [ 77.17687, 10.35722 ], [ 77.182, 10.35283 ], [ 77.18262, 10.35066 ], [ 77.18653, 10.35452 ], [ 77.21694, 10.35165 ], [ 77.22523, 10.35291 ], [ 77.23082, 10.35192 ], [ 77.23605, 10.35206 ], [ 77.22487, 10.32957 ], [ 77.21425, 10.30571 ], [ 77.25037, 10.25348 ], [ 77.24438, 10.24525 ], [ 77.24483, 10.23731 ], [ 77.23097, 10.24197 ], [ 77.2208, 10.23944 ], [ 77.21378, 10.23982 ], [ 77.20683, 10.24324 ], [ 77.21015, 10.25644 ], [ 77.20897, 10.2671 ], [ 77.20352, 10.26892 ], [ 77.19265, 10.26744 ], [ 77.19059, 10.27671 ], [ 77.18737, 10.28262 ], [ 77.18044, 10.27878 ], [ 77.17552, 10.2819 ], [ 77.17295, 10.28469 ], [ 77.17226, 10.28971 ], [ 77.17072, 10.28988 ], [ 77.16896, 10.29149 ], [ 77.16853, 10.29398 ], [ 77.16981, 10.29963 ], [ 77.1693, 10.30067 ], [ 77.16831, 10.30092 ], [ 77.16082, 10.29786 ], [ 77.15833, 10.29978 ], [ 77.15299, 10.30115 ], [ 77.15082, 10.30341 ], [ 77.14612, 10.3031 ], [ 77.14389, 10.30153 ], [ 77.13771, 10.29381 ], [ 77.13591, 10.29326 ], [ 77.13351, 10.29461 ], [ 77.12241, 10.3069 ], [ 77.12033, 10.31228 ], [ 77.11357, 10.31125 ], [ 77.10832, 10.30823 ], [ 77.10299, 10.31407 ], [ 77.12067, 10.31806 ] ] ] } },
{ "type": "Feature", "properties": { "name": "Peppara WLS", "Type": "Wildlife Sanctuary", "State": "Kerala", "Year": 1983.0 }, "geometry": { "type": "Polygon", "coordinates": [ [ [ 77.11806, 8.66206 ], [ 77.12231, 8.66478 ], [ 77.12237, 8.66879 ], [ 77.12744, 8.67216 ], [ 77.13417, 8.67065 ], [ 77.13716, 8.66783 ], [ 77.14608, 8.66425 ], [ 77.14791, 8.67197 ], [ 77.15121, 8.67587 ], [ 77.15421, 8.6736 ], [ 77.15964, 8.67812 ], [ 77.16209, 8.67704 ], [ 77.16355, 8.67468 ], [ 77.16353, 8.67203 ], [ 77.16481, 8.66987 ], [ 77.169, 8.66934 ], [ 77.17193, 8.67078 ], [ 77.17471, 8.67348 ], [ 77.17495, 8.68022 ], [ 77.17713, 8.68192 ], [ 77.17771, 8.68374 ], [ 77.18127, 8.6841 ], [ 77.18436, 8.68576 ], [ 77.18357, 8.68941 ], [ 77.1849, 8.6918 ], [ 77.19692, 8.69995 ], [ 77.19739, 8.69594 ], [ 77.19998, 8.69074 ], [ 77.20554, 8.68622 ], [ 77.2067, 8.68217 ], [ 77.20735, 8.67278 ], [ 77.20168, 8.67153 ], [ 77.19987, 8.66902 ], [ 77.21238, 8.66076 ], [ 77.2113, 8.65849 ], [ 77.21234, 8.64967 ], [ 77.23406, 8.62888 ], [ 77.22153, 8.61565 ], [ 77.21621, 8.60767 ], [ 77.2114, 8.59222 ], [ 77.19681, 8.58068 ], [ 77.17998, 8.57338 ], [ 77.15853, 8.59188 ], [ 77.1584, 8.59469 ], [ 77.15565, 8.59997 ], [ 77.15106, 8.60029 ], [ 77.14076, 8.617 ], [ 77.13716, 8.63292 ], [ 77.1278, 8.6459 ], [ 77.12029, 8.65044 ], [ 77.1131, 8.6609 ], [ 77.11806, 8.66206 ] ] ] } },
{ "type": "Feature", "properties": { "name": "Parambikulam WLS/Tiger Reserve", "Type": "Wildlife Sanctuary", "State": "Kerala", "Year": 1973.0 }, "geometry": { "type": "Polygon", "coordinates": [ [ [ 76.60835, 10.44443 ], [ 76.62811, 10.44705 ], [ 76.64771, 10.45111 ], [ 76.6856, 10.45473 ], [ 76.68869, 10.44139 ], [ 76.69332, 10.43599 ], [ 76.69521, 10.44342 ], [ 76.70637, 10.44426 ], [ 76.70774, 10.46047 ], [ 76.72646, 10.47566 ], [ 76.73367, 10.47296 ], [ 76.74131, 10.46032 ], [ 76.76233, 10.47074 ], [ 76.78396, 10.48747 ], [ 76.79169, 10.50621 ], [ 76.78718, 10.53098 ], [ 76.7933, 10.53665 ], [ 76.80669, 10.53743 ], [ 76.83004, 10.54501 ], [ 76.83004, 10.53301 ], [ 76.83764, 10.5278 ], [ 76.82681, 10.4893 ], [ 76.82635, 10.4465 ], [ 76.81506, 10.41909 ], [ 76.82589, 10.40731 ], [ 76.83326, 10.40255 ], [ 76.82428, 10.39349 ], [ 76.84892, 10.36721 ], [ 76.83925, 10.3475 ], [ 76.8381, 10.33368 ], [ 76.80799, 10.33088 ], [ 76.79976, 10.33654 ], [ 76.78885, 10.33265 ], [ 76.76285, 10.33367 ], [ 76.74397, 10.33873 ], [ 76.75075, 10.34126 ], [ 76.76233, 10.35545 ], [ 76.75238, 10.35866 ], [ 76.74045, 10.37115 ], [ 76.71804, 10.37689 ], [ 76.67582, 10.3796 ], [ 76.66294, 10.38643 ], [ 76.63273, 10.38382 ], [ 76.61968, 10.39749 ], [ 76.60715, 10.41725 ], [ 76.59874, 10.43227 ], [ 76.60835, 10.44443 ] ] ] } },
{ "type": "Feature", "properties": { "name": "Thattekad Bird WLS", "Type": "Wildlife Sanctuary", "State": "Kerala", "Year": 1983.0 }, "geometry": { "type": "Polygon", "coordinates": [ [ [ 76.68259, 10.14332 ], [ 76.68358, 10.14298 ], [ 76.6876, 10.1381 ], [ 76.68836, 10.13526 ], [ 76.68754, 10.1335 ], [ 76.68877, 10.13317 ], [ 76.69129, 10.12947 ], [ 76.69442, 10.13228 ], [ 76.69485, 10.13507 ], [ 76.69953, 10.136 ], [ 76.70294, 10.13783 ], [ 76.70742, 10.13737 ], [ 76.71103, 10.14094 ], [ 76.71429, 10.14102 ], [ 76.71865, 10.14233 ], [ 76.72197, 10.13969 ], [ 76.72635, 10.14181 ], [ 76.72903, 10.14157 ], [ 76.73049, 10.13984 ], [ 76.7336, 10.14077 ], [ 76.73884, 10.14001 ], [ 76.74463, 10.14035 ], [ 76.74555, 10.13847 ], [ 76.7527, 10.13251 ], [ 76.75345, 10.13002 ], [ 76.75205, 10.12824 ], [ 76.73564, 10.12377 ], [ 76.72079, 10.12233 ], [ 76.71384, 10.11996 ], [ 76.71126, 10.11785 ], [ 76.71092, 10.11434 ], [ 76.70882, 10.11227 ], [ 76.70169, 10.11603 ], [ 76.69637, 10.12056 ], [ 76.68483, 10.13179 ], [ 76.6823, 10.135 ], [ 76.68101, 10.13819 ], [ 76.67475, 10.14135 ], [ 76.68259, 10.14332 ] ] ] } },
{ "type": "Feature", "properties": { "name": "Chulannur Peafowl WLS", "Type": "Wildlife Sanctuary", "State": "Kerala", "Year": 2007.0 }, "geometry": { "type": "Polygon", "coordinates": [ [ [ 76.45886, 10.72599 ], [ 76.46377, 10.7265 ], [ 76.46735, 10.73029 ], [ 76.47098, 10.73164 ], [ 76.47448, 10.7323 ], [ 76.4851, 10.73166 ], [ 76.49435, 10.72922 ], [ 76.49922, 10.72665 ], [ 76.49997, 10.72532 ], [ 76.4998, 10.71929 ], [ 76.49776, 10.71733 ], [ 76.49312, 10.71486 ], [ 76.49145, 10.70955 ], [ 76.4874, 10.70936 ], [ 76.48441, 10.70771 ], [ 76.48377, 10.70984 ], [ 76.48705, 10.71465 ], [ 76.49179, 10.71783 ], [ 76.49396, 10.72047 ], [ 76.49403, 10.7234 ], [ 76.49304, 10.72416 ], [ 76.48948, 10.72502 ], [ 76.48443, 10.72878 ], [ 76.48231, 10.7288 ], [ 76.48023, 10.7281 ], [ 76.48012, 10.72637 ], [ 76.47748, 10.72372 ], [ 76.47386, 10.72313 ], [ 76.47379, 10.72496 ], [ 76.47227, 10.72572 ], [ 76.46866, 10.72247 ], [ 76.46716, 10.71872 ], [ 76.46513, 10.7184 ], [ 76.46022, 10.71959 ], [ 76.45816, 10.72416 ], [ 76.45886, 10.72599 ] ] ] } },
{ "type": "Feature", "properties": { "name": "Shendurney WLS", "Type": "Wildlife Sanctuary", "State": "Kerala", "Year": 1984.0 }, "geometry": { "type": "Polygon", "coordinates": [ [ [ 77.07931, 8.96045 ], [ 77.08089, 8.96138 ], [ 77.08319, 8.96113 ], [ 77.08613, 8.95753 ], [ 77.08924, 8.96028 ], [ 77.09098, 8.96645 ], [ 77.09308, 8.96535 ], [ 77.09476, 8.96548 ], [ 77.09684, 8.96853 ], [ 77.0992, 8.96954 ], [ 77.10203, 8.96063 ], [ 77.1175, 8.95057 ], [ 77.12776, 8.94843 ], [ 77.14793, 8.94095 ], [ 77.15254, 8.94027 ], [ 77.17067, 8.93249 ], [ 77.19061, 8.92747 ], [ 77.19567, 8.9236 ], [ 77.20567, 8.92566 ], [ 77.21181, 8.92357 ], [ 77.21519, 8.92168 ], [ 77.21777, 8.919 ], [ 77.22095, 8.90324 ], [ 77.22634, 8.90418 ], [ 77.23185, 8.9024 ], [ 77.2386, 8.90365 ], [ 77.23991, 8.90285 ], [ 77.23886, 8.89766 ], [ 77.24071, 8.89501 ], [ 77.23876, 8.89295 ], [ 77.23791, 8.89008 ], [ 77.23812, 8.88548 ], [ 77.24387, 8.88059 ], [ 77.2559, 8.8781 ], [ 77.26046, 8.87994 ], [ 77.26712, 8.88035 ], [ 77.2675, 8.87811 ], [ 77.27169, 8.87687 ], [ 77.28045, 8.87069 ], [ 77.28082, 8.86097 ], [ 77.27972, 8.85429 ], [ 77.27463, 8.84801 ], [ 77.27346, 8.8435 ], [ 77.2708, 8.83831 ], [ 77.2667, 8.83281 ], [ 77.26305, 8.82888 ], [ 77.25776, 8.82616 ], [ 77.25624, 8.81824 ], [ 77.25082, 8.80737 ], [ 77.23535, 8.80628 ], [ 77.21189, 8.81207 ], [ 77.18393, 8.82231 ], [ 77.16814, 8.82401 ], [ 77.14752, 8.82494 ], [ 77.12587, 8.85314 ], [ 77.12179, 8.86184 ], [ 77.11269, 8.87269 ], [ 77.07982, 8.88271 ], [ 77.08197, 8.88842 ], [ 77.08849, 8.89457 ], [ 77.08995, 8.89906 ], [ 77.08954, 8.90343 ], [ 77.08602, 8.90803 ], [ 77.08501, 8.91378 ], [ 77.09242, 8.91831 ], [ 77.10166, 8.91623 ], [ 77.11235, 8.91696 ], [ 77.18732, 8.87475 ], [ 77.19509, 8.88829 ], [ 77.16565, 8.90305 ], [ 77.10248, 8.93731 ], [ 77.08488, 8.94951 ], [ 77.07909, 8.95496 ], [ 77.07931, 8.96045 ] ] ] } },
{ "type": "Feature", "properties": { "name": "Dadra & Nagar Haveli WLS", "Type": "Wildlife Sanctuary", "State": "Dadra & Nagar Haveli", "Year": 2000.0 }, "geometry": { "type": "Polygon", "coordinates": [ [ [ 73.06923, 20.32527 ], [ 73.0752, 20.32372 ], [ 73.07895, 20.32465 ], [ 73.08065, 20.32414 ], [ 73.08189, 20.32181 ], [ 73.08485, 20.32107 ], [ 73.08835, 20.31819 ], [ 73.09155, 20.31161 ], [ 73.09818, 20.31219 ], [ 73.09955, 20.3078 ], [ 73.09814, 20.30295 ], [ 73.09953, 20.30006 ], [ 73.10515, 20.30209 ], [ 73.10618, 20.29831 ], [ 73.10899, 20.29692 ], [ 73.10908, 20.29605 ], [ 73.10425, 20.29374 ], [ 73.10331, 20.29074 ], [ 73.10801, 20.28933 ], [ 73.10728, 20.28599 ], [ 73.10412, 20.28315 ], [ 73.10421, 20.27786 ], [ 73.11114, 20.27649 ], [ 73.11564, 20.27363 ], [ 73.1168, 20.27041 ], [ 73.11556, 20.26675 ], [ 73.11852, 20.26417 ], [ 73.11766, 20.26208 ], [ 73.11204, 20.2624 ], [ 73.10951, 20.26151 ], [ 73.10989, 20.25668 ], [ 73.10882, 20.2533 ], [ 73.10453, 20.25274 ], [ 73.09088, 20.24613 ], [ 73.08342, 20.2436 ], [ 73.08174, 20.2442 ], [ 73.08114, 20.24561 ], [ 73.08196, 20.24782 ], [ 73.08676, 20.25262 ], [ 73.09002, 20.25729 ], [ 73.09277, 20.25845 ], [ 73.09955, 20.25886 ], [ 73.10328, 20.26063 ], [ 73.10616, 20.26413 ], [ 73.10431, 20.26808 ], [ 73.09715, 20.26989 ], [ 73.09732, 20.27329 ], [ 73.09951, 20.275 ], [ 73.09895, 20.27679 ], [ 73.09238, 20.28025 ], [ 73.09219, 20.28184 ], [ 73.09365, 20.28388 ], [ 73.09502, 20.28818 ], [ 73.09914, 20.29181 ], [ 73.09929, 20.29831 ], [ 73.09558, 20.30519 ], [ 73.09153, 20.30491 ], [ 73.08878, 20.30189 ], [ 73.08545, 20.30521 ], [ 73.08384, 20.30847 ], [ 73.08447, 20.31054 ], [ 73.08153, 20.31493 ], [ 73.07854, 20.31606 ], [ 73.0758, 20.31964 ], [ 73.07159, 20.32066 ], [ 73.06975, 20.32229 ], [ 73.06923, 20.32527 ] ] ] } },
{ "type": "Feature", "properties": { "name": "Malabar WLS", "Type": "Wildlife Sanctuary", "State": "Kerala", "Year": 2010.0 }, "geometry": { "type": "Polygon", "coordinates": [ [ [ 75.92844, 11.61382 ], [ 75.93218, 11.62109 ], [ 75.93591, 11.62424 ], [ 75.93687, 11.63175 ], [ 75.94922, 11.6361 ], [ 75.95312, 11.63278 ], [ 75.9605, 11.63046 ], [ 75.96329, 11.63109 ], [ 75.96522, 11.63391 ], [ 75.96715, 11.63904 ], [ 75.97183, 11.63795 ], [ 75.98896, 11.62517 ], [ 75.98977, 11.62164 ], [ 75.98119, 11.61668 ], [ 75.97964, 11.60852 ], [ 75.98411, 11.60373 ], [ 75.98433, 11.59884 ], [ 75.98133, 11.59529 ], [ 75.99303, 11.58506 ], [ 75.99475, 11.58136 ], [ 75.99792, 11.57766 ], [ 76.00016, 11.5722 ], [ 75.99458, 11.56665 ], [ 75.99544, 11.56001 ], [ 75.99818, 11.55168 ], [ 76.00483, 11.54104 ], [ 76.00376, 11.53852 ], [ 76.00874, 11.52683 ], [ 76.00287, 11.52556 ], [ 75.99952, 11.52734 ], [ 75.99616, 11.53582 ], [ 75.99454, 11.53679 ], [ 75.99256, 11.53643 ], [ 75.98522, 11.54059 ], [ 75.98112, 11.54059 ], [ 75.97449, 11.54634 ], [ 75.97126, 11.55072 ], [ 75.96608, 11.55544 ], [ 75.95876, 11.55951 ], [ 75.95942, 11.56151 ], [ 75.95892, 11.56679 ], [ 75.95766, 11.5683 ], [ 75.95816, 11.5703 ], [ 75.95727, 11.57235 ], [ 75.95814, 11.57482 ], [ 75.95571, 11.5763 ], [ 75.9519, 11.58085 ], [ 75.94742, 11.57991 ], [ 75.94601, 11.58118 ], [ 75.94462, 11.58093 ], [ 75.94279, 11.58304 ], [ 75.94078, 11.583 ], [ 75.93837, 11.58939 ], [ 75.93497, 11.58994 ], [ 75.93256, 11.59263 ], [ 75.93201, 11.59755 ], [ 75.92746, 11.60667 ], [ 75.92844, 11.61382 ] ] ] } },
{ "type": "Feature", "properties": { "name": "Bhimashankar WLS", "Type": "Wildlife Sanctuary", "State": "Maharashtra", "Year": 1985.0 }, "geometry": { "type": "Polygon", "coordinates": [ [ [ 73.43167, 18.99104 ], [ 73.43785, 18.98913 ], [ 73.45064, 18.98816 ], [ 73.45356, 18.98576 ], [ 73.45725, 18.9787 ], [ 73.46025, 18.97594 ], [ 73.4645, 18.97533 ], [ 73.46828, 18.97554 ], [ 73.4748, 18.97825 ], [ 73.47437, 18.98268 ], [ 73.47532, 18.98609 ], [ 73.47952, 18.98897 ], [ 73.48261, 18.9882 ], [ 73.49081, 18.98207 ], [ 73.49343, 18.97858 ], [ 73.50703, 18.9714 ], [ 73.50832, 18.97412 ], [ 73.50738, 18.97773 ], [ 73.50536, 18.98337 ], [ 73.50094, 18.98791 ], [ 73.49995, 18.99128 ], [ 73.50012, 18.99893 ], [ 73.49911, 19.00045 ], [ 73.49379, 19.0036 ], [ 73.49148, 19.0068 ], [ 73.49427, 19.01054 ], [ 73.49487, 19.01271 ], [ 73.49972, 19.01331 ], [ 73.50723, 19.01086 ], [ 73.52336, 18.99637 ], [ 73.52579, 18.99624 ], [ 73.5353, 19.0027 ], [ 73.53599, 19.00155 ], [ 73.53734, 19.00145 ], [ 73.54007, 19.00263 ], [ 73.54428, 19.00997 ], [ 73.54263, 19.01171 ], [ 73.53581, 19.01267 ], [ 73.53096, 19.0122 ], [ 73.53031, 19.01319 ], [ 73.5342, 19.01721 ], [ 73.53838, 19.02427 ], [ 73.53729, 19.02658 ], [ 73.53317, 19.02816 ], [ 73.53102, 19.02987 ], [ 73.53029, 19.03319 ], [ 73.53003, 19.04484 ], [ 73.52377, 19.04743 ], [ 73.52051, 19.051 ], [ 73.51853, 19.05676 ], [ 73.51776, 19.06577 ], [ 73.51441, 19.07948 ], [ 73.51107, 19.08418 ], [ 73.51167, 19.09124 ], [ 73.51587, 19.10276 ], [ 73.52514, 19.12035 ], [ 73.52634, 19.12636 ], [ 73.52107, 19.1328 ], [ 73.51326, 19.13856 ], [ 73.50763, 19.14075 ], [ 73.4966, 19.14172 ], [ 73.49463, 19.14476 ], [ 73.49459, 19.14999 ], [ 73.49566, 19.15255 ], [ 73.49562, 19.16325 ], [ 73.50806, 19.1774 ], [ 73.5163, 19.181 ], [ 73.52302, 19.18042 ], [ 73.52735, 19.18232 ], [ 73.52662, 19.18506 ], [ 73.52939, 19.18976 ], [ 73.52986, 19.1989 ], [ 73.53079, 19.20107 ], [ 73.53293, 19.20137 ], [ 73.53544, 19.20372 ], [ 73.53853, 19.20443 ], [ 73.54388, 19.20411 ], [ 73.54555, 19.20329 ], [ 73.54752, 19.19995 ], [ 73.55006, 19.19774 ], [ 73.55357, 19.19618 ], [ 73.55613, 19.19616 ], [ 73.56199, 19.20036 ], [ 73.57347, 19.20585 ], [ 73.57806, 19.20714 ], [ 73.59325, 19.20856 ], [ 73.5969, 19.2127 ], [ 73.59939, 19.21707 ], [ 73.59647, 19.22234 ], [ 73.59861, 19.22534 ], [ 73.60338, 19.22729 ], [ 73.61668, 19.22769 ], [ 73.62205, 19.22469 ], [ 73.63093, 19.22708 ], [ 73.63827, 19.22396 ], [ 73.64479, 19.21792 ], [ 73.63681, 19.20103 ], [ 73.62891, 19.19162 ], [ 73.62256, 19.19041 ], [ 73.60977, 19.18052 ], [ 73.60381, 19.17857 ], [ 73.5966, 19.17346 ], [ 73.59432, 19.16584 ], [ 73.60986, 19.14987 ], [ 73.62037, 19.14095 ], [ 73.6184, 19.13284 ], [ 73.61303, 19.12818 ], [ 73.6064, 19.1268 ], [ 73.60406, 19.12473 ], [ 73.60263, 19.1193 ], [ 73.60372, 19.11431 ], [ 73.60887, 19.11018 ], [ 73.61372, 19.11058 ], [ 73.62247, 19.11297 ], [ 73.62741, 19.10547 ], [ 73.63059, 19.09663 ], [ 73.62689, 19.09485 ], [ 73.62239, 19.09606 ], [ 73.619, 19.09854 ], [ 73.61466, 19.09963 ], [ 73.60286, 19.09927 ], [ 73.60037, 19.0972 ], [ 73.59737, 19.09225 ], [ 73.60475, 19.08422 ], [ 73.62569, 19.0755 ], [ 73.62835, 19.07295 ], [ 73.62346, 19.05928 ], [ 73.62363, 19.05396 ], [ 73.6178, 19.04796 ], [ 73.61535, 19.04658 ], [ 73.61241, 19.04816 ], [ 73.60958, 19.0477 ], [ 73.60733, 19.0452 ], [ 73.6011, 19.04242 ], [ 73.59413, 19.04177 ], [ 73.59233, 19.03881 ], [ 73.5925, 19.03534 ], [ 73.59387, 19.03246 ], [ 73.59587, 19.03111 ], [ 73.59999, 19.03048 ], [ 73.60793, 19.02453 ], [ 73.61835, 19.02041 ], [ 73.61994, 19.01417 ], [ 73.61582, 19.00414 ], [ 73.61016, 18.99619 ], [ 73.60913, 18.9882 ], [ 73.6075, 18.98276 ], [ 73.59921, 18.97286 ], [ 73.5914, 18.96669 ], [ 73.57853, 18.96182 ], [ 73.5657, 18.95143 ], [ 73.5605, 18.94591 ], [ 73.52446, 18.94323 ], [ 73.51849, 18.94607 ], [ 73.51433, 18.95009 ], [ 73.5036, 18.95378 ], [ 73.49922, 18.95618 ], [ 73.49343, 18.95727 ], [ 73.4833, 18.96202 ], [ 73.46897, 18.96425 ], [ 73.46622, 18.96174 ], [ 73.46407, 18.94749 ], [ 73.45506, 18.94997 ], [ 73.45232, 18.95309 ], [ 73.45352, 18.96287 ], [ 73.45073, 18.96916 ], [ 73.44995, 18.97391 ], [ 73.44794, 18.97696 ], [ 73.43197, 18.98674 ], [ 73.42961, 18.98897 ], [ 73.43167, 18.99104 ] ] ] } },
{ "type": "Feature", "properties": { "name": "Karanja Sohal Blackbuck WLS", "Type": "Wildlife Sanctuary", "State": "Maharashtra", "Year": 2000.0 }, "geometry": { "type": "Polygon", "coordinates": [ [ [ 77.48477, 20.42967 ], [ 77.4858, 20.43111 ], [ 77.48792, 20.43142 ], [ 77.49106, 20.43051 ], [ 77.50181, 20.43349 ], [ 77.50848, 20.43373 ], [ 77.51447, 20.43902 ], [ 77.51762, 20.43956 ], [ 77.51678, 20.44203 ], [ 77.51779, 20.44346 ], [ 77.52464, 20.4433 ], [ 77.52597, 20.44217 ], [ 77.52676, 20.4397 ], [ 77.52708, 20.43705 ], [ 77.52545, 20.4361 ], [ 77.51842, 20.43707 ], [ 77.51505, 20.43606 ], [ 77.51161, 20.43158 ], [ 77.51058, 20.42884 ], [ 77.51118, 20.42667 ], [ 77.51254, 20.42548 ], [ 77.51176, 20.42347 ], [ 77.50591, 20.41937 ], [ 77.5058, 20.41642 ], [ 77.50423, 20.41621 ], [ 77.5011, 20.4139 ], [ 77.49955, 20.41529 ], [ 77.49996, 20.41881 ], [ 77.49329, 20.41965 ], [ 77.49149, 20.42231 ], [ 77.49153, 20.4241 ], [ 77.49016, 20.42544 ], [ 77.48597, 20.42615 ], [ 77.48477, 20.4278 ], [ 77.48477, 20.42967 ] ] ] } },
{ "type": "Feature", "properties": { "name": "Katepurna WLS", "Type": "Wildlife Sanctuary", "State": "Maharashtra", "Year": 1988.0 }, "geometry": { "type": "Polygon", "coordinates": [ [ [ 77.13269, 20.47229 ], [ 77.13668, 20.47804 ], [ 77.14595, 20.48704 ], [ 77.16969, 20.47591 ], [ 77.17269, 20.47518 ], [ 77.17539, 20.47217 ], [ 77.17617, 20.46887 ], [ 77.17582, 20.4659 ], [ 77.17235, 20.46453 ], [ 77.1726, 20.45995 ], [ 77.17149, 20.455 ], [ 77.17548, 20.45283 ], [ 77.17818, 20.45022 ], [ 77.17857, 20.44595 ], [ 77.18084, 20.44314 ], [ 77.1814, 20.43152 ], [ 77.18895, 20.43083 ], [ 77.1899, 20.42629 ], [ 77.19599, 20.42227 ], [ 77.19569, 20.41318 ], [ 77.1932, 20.4098 ], [ 77.19209, 20.40208 ], [ 77.1993, 20.39492 ], [ 77.19998, 20.38904 ], [ 77.19501, 20.38735 ], [ 77.19363, 20.38422 ], [ 77.19685, 20.37826 ], [ 77.19792, 20.37315 ], [ 77.20449, 20.3736 ], [ 77.2087, 20.37166 ], [ 77.20805, 20.36913 ], [ 77.20367, 20.36587 ], [ 77.19119, 20.36374 ], [ 77.18475, 20.36563 ], [ 77.18333, 20.36849 ], [ 77.17926, 20.37187 ], [ 77.17612, 20.37215 ], [ 77.16921, 20.36905 ], [ 77.16754, 20.36209 ], [ 77.16561, 20.35923 ], [ 77.16226, 20.3575 ], [ 77.15797, 20.35191 ], [ 77.15024, 20.35231 ], [ 77.14703, 20.3544 ], [ 77.14643, 20.35581 ], [ 77.15565, 20.36008 ], [ 77.1563, 20.36145 ], [ 77.15462, 20.36306 ], [ 77.14093, 20.36301 ], [ 77.13977, 20.36973 ], [ 77.13686, 20.37211 ], [ 77.13514, 20.375 ], [ 77.13286, 20.38156 ], [ 77.13295, 20.38739 ], [ 77.13492, 20.38772 ], [ 77.13763, 20.38023 ], [ 77.14286, 20.37798 ], [ 77.14531, 20.38393 ], [ 77.15166, 20.38647 ], [ 77.15342, 20.38884 ], [ 77.15432, 20.39427 ], [ 77.15827, 20.39548 ], [ 77.16569, 20.39383 ], [ 77.17046, 20.39572 ], [ 77.17793, 20.40373 ], [ 77.17964, 20.40803 ], [ 77.17917, 20.41024 ], [ 77.17428, 20.4172 ], [ 77.17445, 20.41973 ], [ 77.17638, 20.42412 ], [ 77.17539, 20.42878 ], [ 77.17376, 20.43083 ], [ 77.17063, 20.43272 ], [ 77.17029, 20.43634 ], [ 77.17144, 20.44157 ], [ 77.16115, 20.44004 ], [ 77.15848, 20.44949 ], [ 77.15458, 20.45014 ], [ 77.14389, 20.45484 ], [ 77.14312, 20.45882 ], [ 77.14548, 20.46907 ], [ 77.13631, 20.46509 ], [ 77.13265, 20.46908 ], [ 77.13269, 20.47229 ] ] ] } },
{ "type": "Feature", "properties": { "name": "Malvan Marine WLS", "Type": "Wildlife Sanctuary", "State": "Maharashtra", "Year": 1987.0 }, "geometry": { "type": "Polygon", "coordinates": [ [ [ 73.45727, 16.04456 ], [ 73.45867, 16.04618 ], [ 73.46388, 16.04851 ], [ 73.46594, 16.04816 ], [ 73.46729, 16.04635 ], [ 73.4668, 16.04229 ], [ 73.46133, 16.03864 ], [ 73.45991, 16.03843 ], [ 73.45727, 16.03979 ], [ 73.45637, 16.04165 ], [ 73.45727, 16.04456 ] ] ] } },
{ "type": "Feature", "properties": { "name": "Radhanagari WLS", "Type": "Wildlife Sanctuary", "State": "Maharashtra", "Year": 1958.0 }, "geometry": { "type": "Polygon", "coordinates": [ [ [ 73.85193, 16.35369 ], [ 73.8662, 16.35681 ], [ 73.87512, 16.37198 ], [ 73.86843, 16.38313 ], [ 73.84792, 16.39071 ], [ 73.84658, 16.40141 ], [ 73.89653, 16.44691 ], [ 73.89698, 16.45583 ], [ 73.89341, 16.47322 ], [ 73.87289, 16.47367 ], [ 73.87263, 16.49214 ], [ 73.87173, 16.49753 ], [ 73.87533, 16.51115 ], [ 73.87589, 16.5174 ], [ 73.87838, 16.52329 ], [ 73.88254, 16.52613 ], [ 73.88829, 16.52543 ], [ 73.89014, 16.52251 ], [ 73.89417, 16.52201 ], [ 73.8949, 16.52119 ], [ 73.8963, 16.50975 ], [ 73.89535, 16.50524 ], [ 73.89582, 16.50376 ], [ 73.89793, 16.50378 ], [ 73.90072, 16.5049 ], [ 73.90115, 16.50586 ], [ 73.90027, 16.50901 ], [ 73.90228, 16.51175 ], [ 73.90312, 16.52172 ], [ 73.91104, 16.52061 ], [ 73.91254, 16.51839 ], [ 73.91228, 16.51465 ], [ 73.90825, 16.50354 ], [ 73.90786, 16.49379 ], [ 73.90336, 16.48593 ], [ 73.90215, 16.48156 ], [ 73.90945, 16.46457 ], [ 73.90692, 16.4566 ], [ 73.90915, 16.45282 ], [ 73.89988, 16.4295 ], [ 73.90142, 16.42555 ], [ 73.90692, 16.42637 ], [ 73.91756, 16.43263 ], [ 73.92773, 16.43995 ], [ 73.93646, 16.4445 ], [ 73.9414, 16.4464 ], [ 73.9523, 16.44749 ], [ 73.96472, 16.45061 ], [ 73.96773, 16.44967 ], [ 73.97116, 16.44596 ], [ 73.97378, 16.43621 ], [ 73.97899, 16.4346 ], [ 73.98236, 16.4322 ], [ 73.9856, 16.43308 ], [ 73.98893, 16.43269 ], [ 74.01502, 16.41888 ], [ 74.01704, 16.41447 ], [ 74.01923, 16.41297 ], [ 74.0201, 16.41057 ], [ 74.01725, 16.40548 ], [ 74.01571, 16.39975 ], [ 74.00923, 16.38738 ], [ 74.01036, 16.38094 ], [ 74.00985, 16.3739 ], [ 74.00805, 16.36943 ], [ 74.00408, 16.36682 ], [ 74.00281, 16.36499 ], [ 74.00298, 16.36342 ], [ 74.00515, 16.35844 ], [ 74.02099, 16.34209 ], [ 74.03167, 16.33262 ], [ 74.03558, 16.32422 ], [ 74.04854, 16.32261 ], [ 74.05249, 16.31882 ], [ 74.05266, 16.31371 ], [ 74.04227, 16.31347 ], [ 74.03858, 16.28216 ], [ 74.04313, 16.2731 ], [ 74.04236, 16.26437 ], [ 74.03661, 16.24599 ], [ 74.02897, 16.23231 ], [ 74.02622, 16.21616 ], [ 74.01953, 16.20989 ], [ 74.00511, 16.2066 ], [ 73.98571, 16.19489 ], [ 73.96789, 16.19848 ], [ 73.96745, 16.20383 ], [ 73.9505, 16.20428 ], [ 73.93578, 16.19848 ], [ 73.93935, 16.20784 ], [ 73.93444, 16.21721 ], [ 73.95585, 16.23639 ], [ 73.95228, 16.24129 ], [ 73.92597, 16.22836 ], [ 73.90144, 16.22925 ], [ 73.92865, 16.24397 ], [ 73.9166, 16.24798 ], [ 73.91616, 16.25512 ], [ 73.90501, 16.25557 ], [ 73.89029, 16.27742 ], [ 73.9001, 16.29794 ], [ 73.91125, 16.3024 ], [ 73.91304, 16.32648 ], [ 73.89698, 16.32158 ], [ 73.89564, 16.32693 ], [ 73.87512, 16.3073 ], [ 73.86576, 16.3131 ], [ 73.85595, 16.29838 ], [ 73.85818, 16.31176 ], [ 73.85015, 16.31489 ], [ 73.85773, 16.32381 ], [ 73.84435, 16.34432 ], [ 73.85193, 16.35369 ] ] ] } },
{ "type": "Feature", "properties": { "name": "Wan WLS", "Type": "Wildlife Sanctuary", "State": "Maharashtra", "Year": 1997.0 }, "geometry": { "type": "Polygon", "coordinates": [ [ [ 76.72695, 21.28995 ], [ 76.73573, 21.29931 ], [ 76.74225, 21.29625 ], [ 76.74062, 21.28981 ], [ 76.74444, 21.29081 ], [ 76.74817, 21.28969 ], [ 76.75369, 21.28967 ], [ 76.75886, 21.28668 ], [ 76.75894, 21.28474 ], [ 76.76002, 21.2832 ], [ 76.76669, 21.2832 ], [ 76.77289, 21.27696 ], [ 76.77489, 21.2777 ], [ 76.77167, 21.28404 ], [ 76.76761, 21.28925 ], [ 76.77409, 21.29167 ], [ 76.77557, 21.29323 ], [ 76.77922, 21.29489 ], [ 76.78418, 21.29571 ], [ 76.788, 21.29779 ], [ 76.78875, 21.29475 ], [ 76.79149, 21.29481 ], [ 76.79733, 21.29283 ], [ 76.79868, 21.29317 ], [ 76.80006, 21.29485 ], [ 76.80059, 21.29879 ], [ 76.80355, 21.30027 ], [ 76.80583, 21.30313 ], [ 76.81808, 21.30585 ], [ 76.8228, 21.30965 ], [ 76.82529, 21.31041 ], [ 76.83156, 21.31025 ], [ 76.83752, 21.31241 ], [ 76.84426, 21.31157 ], [ 76.8513, 21.30673 ], [ 76.86104, 21.30493 ], [ 76.87185, 21.29897 ], [ 76.87134, 21.28754 ], [ 76.87391, 21.26754 ], [ 76.87726, 21.26322 ], [ 76.89631, 21.25826 ], [ 76.90842, 21.26002 ], [ 76.91614, 21.26002 ], [ 76.93065, 21.2573 ], [ 76.95399, 21.25778 ], [ 76.97142, 21.2557 ], [ 76.99347, 21.25514 ], [ 77.0018, 21.25138 ], [ 77.00616, 21.24122 ], [ 77.0218, 21.23422 ], [ 77.01553, 21.23146 ], [ 77.0097, 21.22658 ], [ 77.00601, 21.22098 ], [ 77.00472, 21.21514 ], [ 77.00811, 21.20604 ], [ 76.9839, 21.19942 ], [ 76.96404, 21.20006 ], [ 76.93232, 21.19836 ], [ 76.92696, 21.19944 ], [ 76.91033, 21.19736 ], [ 76.90352, 21.19804 ], [ 76.89535, 21.19578 ], [ 76.87913, 21.19426 ], [ 76.86842, 21.19155 ], [ 76.85563, 21.19033 ], [ 76.85303, 21.19115 ], [ 76.83678, 21.18822 ], [ 76.83293, 21.18561 ], [ 76.81613, 21.18718 ], [ 76.80982, 21.18665 ], [ 76.79574, 21.18367 ], [ 76.78178, 21.19113 ], [ 76.76617, 21.19381 ], [ 76.75859, 21.22324 ], [ 76.74655, 21.22413 ], [ 76.74298, 21.24599 ], [ 76.74699, 21.25536 ], [ 76.72416, 21.28838 ], [ 76.72695, 21.28995 ] ] ] } },
{ "type": "Feature", "properties": { "name": "Melghat WLS", "Type": "Wildlife Sanctuary", "State": "Maharashtra", "Year": 1985.0 }, "geometry": { "type": "Polygon", "coordinates": [ [ [ 76.87185, 21.29897 ], [ 76.87297, 21.30229 ], [ 76.88921, 21.30201 ], [ 76.89162, 21.30475 ], [ 76.89277, 21.30777 ], [ 76.89331, 21.31572 ], [ 76.89666, 21.33095 ], [ 76.89288, 21.34367 ], [ 76.88799, 21.35374 ], [ 76.89082, 21.36085 ], [ 76.89734, 21.37268 ], [ 76.91082, 21.37508 ], [ 76.91799, 21.37504 ], [ 76.92327, 21.37964 ], [ 76.93326, 21.38403 ], [ 76.93563, 21.38611 ], [ 76.93833, 21.39023 ], [ 76.93691, 21.40153 ], [ 76.9379, 21.40401 ], [ 76.94391, 21.40733 ], [ 76.94391, 21.41276 ], [ 76.94605, 21.41616 ], [ 76.96328, 21.42425 ], [ 76.97517, 21.4288 ], [ 76.98605, 21.43463 ], [ 77.00875, 21.44013 ], [ 77.01365, 21.44524 ], [ 77.01605, 21.45059 ], [ 77.00738, 21.45682 ], [ 77.00644, 21.46345 ], [ 77.02154, 21.47376 ], [ 77.0466, 21.4839 ], [ 77.05544, 21.48622 ], [ 77.0678, 21.48318 ], [ 77.08171, 21.47695 ], [ 77.09064, 21.47392 ], [ 77.0999, 21.4692 ], [ 77.10591, 21.47008 ], [ 77.11596, 21.46677 ], [ 77.12801, 21.46673 ], [ 77.12656, 21.46178 ], [ 77.12681, 21.4581 ], [ 77.12969, 21.45499 ], [ 77.13797, 21.45115 ], [ 77.14113, 21.45169 ], [ 77.14694, 21.45706 ], [ 77.15209, 21.46996 ], [ 77.16728, 21.52064 ], [ 77.16436, 21.53197 ], [ 77.15183, 21.54076 ], [ 77.1405, 21.54395 ], [ 77.13226, 21.54938 ], [ 77.10274, 21.57875 ], [ 77.10686, 21.59679 ], [ 77.11647, 21.62775 ], [ 77.13484, 21.64706 ], [ 77.15321, 21.65886 ], [ 77.1611, 21.6678 ], [ 77.16471, 21.66485 ], [ 77.169, 21.65831 ], [ 77.17338, 21.65416 ], [ 77.18874, 21.66126 ], [ 77.20161, 21.66333 ], [ 77.212, 21.66397 ], [ 77.22058, 21.66668 ], [ 77.24135, 21.67889 ], [ 77.25732, 21.68415 ], [ 77.27019, 21.68247 ], [ 77.27603, 21.68263 ], [ 77.30907, 21.6745 ], [ 77.3374, 21.67258 ], [ 77.35353, 21.66652 ], [ 77.3707, 21.66158 ], [ 77.39147, 21.66285 ], [ 77.3992, 21.67338 ], [ 77.42529, 21.69173 ], [ 77.45619, 21.69763 ], [ 77.47876, 21.70512 ], [ 77.49498, 21.70815 ], [ 77.507, 21.7064 ], [ 77.5152, 21.70616 ], [ 77.51932, 21.69412 ], [ 77.52769, 21.69121 ], [ 77.48915, 21.66317 ], [ 77.46906, 21.65041 ], [ 77.44211, 21.63429 ], [ 77.42151, 21.62647 ], [ 77.40246, 21.60804 ], [ 77.39559, 21.59727 ], [ 77.39448, 21.58825 ], [ 77.3877, 21.57947 ], [ 77.39636, 21.57285 ], [ 77.4095, 21.5679 ], [ 77.441, 21.57468 ], [ 77.45653, 21.57181 ], [ 77.47232, 21.56702 ], [ 77.4725, 21.53181 ], [ 77.4622, 21.50387 ], [ 77.45567, 21.47831 ], [ 77.39782, 21.46361 ], [ 77.34426, 21.43198 ], [ 77.31234, 21.41024 ], [ 77.27715, 21.40257 ], [ 77.26473, 21.40083 ], [ 77.26187, 21.40066 ], [ 77.26805, 21.40705 ], [ 77.28058, 21.41456 ], [ 77.28573, 21.42175 ], [ 77.2883, 21.42782 ], [ 77.28813, 21.43789 ], [ 77.2974, 21.46026 ], [ 77.29122, 21.47384 ], [ 77.24951, 21.47751 ], [ 77.23045, 21.47424 ], [ 77.22625, 21.46888 ], [ 77.21921, 21.46617 ], [ 77.16921, 21.46022 ], [ 77.16565, 21.4569 ], [ 77.15269, 21.44947 ], [ 77.14454, 21.44804 ], [ 77.14067, 21.44444 ], [ 77.13501, 21.43685 ], [ 77.11939, 21.43294 ], [ 77.10875, 21.42631 ], [ 77.10703, 21.42279 ], [ 77.109, 21.41959 ], [ 77.12059, 21.41136 ], [ 77.12514, 21.40113 ], [ 77.12256, 21.39738 ], [ 77.12557, 21.39043 ], [ 77.12926, 21.38707 ], [ 77.12969, 21.38259 ], [ 77.11132, 21.37476 ], [ 77.08935, 21.37668 ], [ 77.04849, 21.38595 ], [ 77.03467, 21.3993 ], [ 77.03098, 21.40545 ], [ 77.02927, 21.41376 ], [ 77.01845, 21.41887 ], [ 77.0012, 21.41742 ], [ 76.99365, 21.41358 ], [ 76.99077, 21.40897 ], [ 76.98635, 21.40815 ], [ 76.98238, 21.40861 ], [ 76.97697, 21.4106 ], [ 76.97479, 21.41358 ], [ 76.97215, 21.41508 ], [ 76.96502, 21.4134 ], [ 76.96459, 21.41232 ], [ 76.96584, 21.41104 ], [ 76.96635, 21.40417 ], [ 76.96979, 21.39968 ], [ 76.97146, 21.38735 ], [ 76.95785, 21.3802 ], [ 76.95373, 21.36453 ], [ 76.95202, 21.33543 ], [ 76.94052, 21.31912 ], [ 76.93039, 21.31512 ], [ 76.92112, 21.31288 ], [ 76.90507, 21.30649 ], [ 76.92584, 21.28454 ], [ 76.93288, 21.27992 ], [ 76.94404, 21.27494 ], [ 76.94859, 21.28394 ], [ 76.95305, 21.30729 ], [ 76.95957, 21.314 ], [ 76.96894, 21.31018 ], [ 77.00935, 21.30217 ], [ 77.0327, 21.29321 ], [ 77.04987, 21.28362 ], [ 77.06806, 21.27866 ], [ 77.08317, 21.28266 ], [ 77.08626, 21.27386 ], [ 77.09227, 21.27298 ], [ 77.09501, 21.2677 ], [ 77.08549, 21.2561 ], [ 77.08446, 21.2481 ], [ 77.07939, 21.24074 ], [ 77.06199, 21.23825 ], [ 77.05583, 21.23898 ], [ 77.04618, 21.2445 ], [ 77.03283, 21.24234 ], [ 77.02639, 21.23962 ], [ 77.02322, 21.23698 ], [ 77.0218, 21.23422 ], [ 77.00616, 21.24122 ], [ 77.0018, 21.25138 ], [ 76.99347, 21.25514 ], [ 76.97142, 21.2557 ], [ 76.95399, 21.25778 ], [ 76.93065, 21.2573 ], [ 76.91614, 21.26002 ], [ 76.90842, 21.26002 ], [ 76.89631, 21.25826 ], [ 76.87726, 21.26322 ], [ 76.87391, 21.26754 ], [ 76.87134, 21.28754 ], [ 76.87185, 21.29897 ] ] ] } },
{ "type": "Feature", "properties": { "name": "Gugamal NP", "Type": "National Park", "State": "Maharashtra", "Year": 1975.0 }, "geometry": { "type": "Polygon", "coordinates": [ [ [ 76.92112, 21.31288 ], [ 76.93039, 21.31512 ], [ 76.94052, 21.31912 ], [ 76.95202, 21.33543 ], [ 76.95373, 21.36453 ], [ 76.95785, 21.3802 ], [ 76.97146, 21.38735 ], [ 76.96979, 21.39968 ], [ 76.96635, 21.40417 ], [ 76.96584, 21.41104 ], [ 76.96459, 21.41232 ], [ 76.96502, 21.4134 ], [ 76.96648, 21.414 ], [ 76.97215, 21.41508 ], [ 76.97479, 21.41358 ], [ 76.97697, 21.4106 ], [ 76.98238, 21.40861 ], [ 76.98635, 21.40815 ], [ 76.99077, 21.40897 ], [ 76.99365, 21.41358 ], [ 77.0012, 21.41742 ], [ 77.01845, 21.41887 ], [ 77.02927, 21.41376 ], [ 77.03098, 21.40545 ], [ 77.03467, 21.3993 ], [ 77.04849, 21.38595 ], [ 77.08935, 21.37668 ], [ 77.11132, 21.37476 ], [ 77.12969, 21.38259 ], [ 77.12926, 21.38707 ], [ 77.12557, 21.39043 ], [ 77.12256, 21.39738 ], [ 77.12514, 21.40113 ], [ 77.12059, 21.41136 ], [ 77.109, 21.41959 ], [ 77.10703, 21.42279 ], [ 77.10875, 21.42631 ], [ 77.11939, 21.43294 ], [ 77.13501, 21.43685 ], [ 77.14067, 21.44444 ], [ 77.14454, 21.44804 ], [ 77.15269, 21.44947 ], [ 77.16565, 21.4569 ], [ 77.16921, 21.46022 ], [ 77.21921, 21.46617 ], [ 77.22625, 21.46888 ], [ 77.23045, 21.47424 ], [ 77.24951, 21.47751 ], [ 77.29122, 21.47384 ], [ 77.2974, 21.46026 ], [ 77.28813, 21.43789 ], [ 77.2883, 21.42782 ], [ 77.28573, 21.42175 ], [ 77.28058, 21.41456 ], [ 77.26805, 21.40705 ], [ 77.26187, 21.40066 ], [ 77.25406, 21.39802 ], [ 77.2447, 21.39634 ], [ 77.23964, 21.38915 ], [ 77.24376, 21.3762 ], [ 77.23444, 21.36513 ], [ 77.23474, 21.35486 ], [ 77.23251, 21.34694 ], [ 77.22754, 21.34391 ], [ 77.21878, 21.34039 ], [ 77.19604, 21.33231 ], [ 77.17861, 21.3276 ], [ 77.16745, 21.32648 ], [ 77.16162, 21.32504 ], [ 77.1381, 21.32352 ], [ 77.13166, 21.31992 ], [ 77.08317, 21.28266 ], [ 77.06806, 21.27866 ], [ 77.04987, 21.28362 ], [ 77.0327, 21.29321 ], [ 77.00935, 21.30217 ], [ 76.96894, 21.31018 ], [ 76.95957, 21.314 ], [ 76.95305, 21.30729 ], [ 76.94859, 21.28394 ], [ 76.94404, 21.27494 ], [ 76.93288, 21.27992 ], [ 76.92584, 21.28454 ], [ 76.90507, 21.30649 ], [ 76.92112, 21.31288 ] ] ] } },
{ "type": "Feature", "properties": { "name": "Cauvery North WLS", "Type": "Wildlife Sanctuary", "State": "Tamil Nadu", "Year": 2014.0 }, "geometry": { "type": "Polygon", "coordinates": [ [ [ 77.47905, 12.26987 ], [ 77.48752, 12.27746 ], [ 77.52722, 12.27746 ], [ 77.53257, 12.28905 ], [ 77.55175, 12.29173 ], [ 77.55442, 12.30065 ], [ 77.56513, 12.30511 ], [ 77.57761, 12.33187 ], [ 77.611, 12.36368 ], [ 77.6182, 12.3648 ], [ 77.6221, 12.36425 ], [ 77.62866, 12.35524 ], [ 77.63354, 12.35035 ], [ 77.63941, 12.3366 ], [ 77.64575, 12.32623 ], [ 77.65462, 12.31917 ], [ 77.65898, 12.31924 ], [ 77.658, 12.3295 ], [ 77.65338, 12.33215 ], [ 77.65265, 12.33419 ], [ 77.65091, 12.34114 ], [ 77.65203, 12.34532 ], [ 77.64527, 12.3601 ], [ 77.64079, 12.36147 ], [ 77.6398, 12.36253 ], [ 77.63808, 12.37095 ], [ 77.63878, 12.37371 ], [ 77.64215, 12.37781 ], [ 77.64512, 12.38397 ], [ 77.65191, 12.38441 ], [ 77.65296, 12.38608 ], [ 77.64963, 12.38884 ], [ 77.64766, 12.39413 ], [ 77.6462, 12.39538 ], [ 77.64767, 12.40007 ], [ 77.6435, 12.40147 ], [ 77.6392, 12.40061 ], [ 77.63613, 12.40141 ], [ 77.63208, 12.40373 ], [ 77.62752, 12.40946 ], [ 77.62935, 12.41616 ], [ 77.62712, 12.45095 ], [ 77.63575, 12.48605 ], [ 77.62673, 12.49456 ], [ 77.6177, 12.48216 ], [ 77.60909, 12.47548 ], [ 77.60474, 12.47487 ], [ 77.60053, 12.48184 ], [ 77.60071, 12.49187 ], [ 77.6031, 12.4953 ], [ 77.61444, 12.50271 ], [ 77.6168, 12.50897 ], [ 77.61259, 12.51329 ], [ 77.6035, 12.51381 ], [ 77.60365, 12.52949 ], [ 77.60583, 12.53316 ], [ 77.61822, 12.53703 ], [ 77.62218, 12.53423 ], [ 77.62761, 12.53458 ], [ 77.63778, 12.52378 ], [ 77.63871, 12.51032 ], [ 77.63952, 12.50837 ], [ 77.64106, 12.50835 ], [ 77.6415, 12.50955 ], [ 77.64256, 12.5088 ], [ 77.64211, 12.50643 ], [ 77.64549, 12.50268 ], [ 77.6479, 12.49788 ], [ 77.65394, 12.49683 ], [ 77.6544, 12.4841 ], [ 77.65857, 12.47888 ], [ 77.65757, 12.47658 ], [ 77.66221, 12.47377 ], [ 77.6606, 12.47074 ], [ 77.66077, 12.46208 ], [ 77.66292, 12.46207 ], [ 77.67025, 12.45434 ], [ 77.66964, 12.45305 ], [ 77.67086, 12.44886 ], [ 77.67928, 12.44727 ], [ 77.68272, 12.44176 ], [ 77.6872, 12.44026 ], [ 77.69087, 12.44278 ], [ 77.69489, 12.43704 ], [ 77.69776, 12.43693 ], [ 77.70255, 12.43937 ], [ 77.70857, 12.44429 ], [ 77.71502, 12.44144 ], [ 77.7231, 12.44322 ], [ 77.72598, 12.43708 ], [ 77.72755, 12.42991 ], [ 77.72653, 12.41663 ], [ 77.72804, 12.41367 ], [ 77.73082, 12.4112 ], [ 77.73628, 12.41309 ], [ 77.73821, 12.41545 ], [ 77.74301, 12.41824 ], [ 77.74464, 12.4248 ], [ 77.74697, 12.42648 ], [ 77.74758, 12.42612 ], [ 77.75274, 12.41274 ], [ 77.75562, 12.41036 ], [ 77.75647, 12.41114 ], [ 77.76107, 12.40784 ], [ 77.75837, 12.40499 ], [ 77.7609, 12.40077 ], [ 77.76349, 12.39868 ], [ 77.76217, 12.3921 ], [ 77.76238, 12.38695 ], [ 77.76302, 12.38508 ], [ 77.76767, 12.38322 ], [ 77.7766, 12.38574 ], [ 77.78519, 12.38953 ], [ 77.79463, 12.40367 ], [ 77.79751, 12.41466 ], [ 77.7994, 12.41791 ], [ 77.81064, 12.41675 ], [ 77.81841, 12.41702 ], [ 77.83834, 12.40522 ], [ 77.84292, 12.40653 ], [ 77.84818, 12.40584 ], [ 77.84869, 12.40282 ], [ 77.85011, 12.40275 ], [ 77.85144, 12.40625 ], [ 77.85411, 12.40921 ], [ 77.85702, 12.416 ], [ 77.86257, 12.42247 ], [ 77.86498, 12.427 ], [ 77.86613, 12.43649 ], [ 77.86506, 12.44557 ], [ 77.8597, 12.44733 ], [ 77.85867, 12.44971 ], [ 77.85933, 12.45608 ], [ 77.85833, 12.45787 ], [ 77.85483, 12.45977 ], [ 77.85419, 12.46139 ], [ 77.85451, 12.46514 ], [ 77.85584, 12.46845 ], [ 77.85725, 12.46981 ], [ 77.85843, 12.46987 ], [ 77.85751, 12.46729 ], [ 77.85856, 12.46616 ], [ 77.86202, 12.46652 ], [ 77.86644, 12.46528 ], [ 77.8759, 12.46458 ], [ 77.87939, 12.46859 ], [ 77.88124, 12.46877 ], [ 77.88123, 12.46755 ], [ 77.88232, 12.46876 ], [ 77.89233, 12.47277 ], [ 77.89346, 12.47413 ], [ 77.89809, 12.47406 ], [ 77.89936, 12.4752 ], [ 77.89988, 12.47726 ], [ 77.90056, 12.47703 ], [ 77.90175, 12.47835 ], [ 77.90315, 12.48261 ], [ 77.90488, 12.48388 ], [ 77.90651, 12.4869 ], [ 77.90582, 12.48727 ], [ 77.90578, 12.49045 ], [ 77.90517, 12.49044 ], [ 77.90584, 12.49243 ], [ 77.904, 12.4932 ], [ 77.90368, 12.49237 ], [ 77.90319, 12.49299 ], [ 77.89972, 12.49307 ], [ 77.89793, 12.49232 ], [ 77.89851, 12.49086 ], [ 77.89329, 12.48992 ], [ 77.8938, 12.48881 ], [ 77.89227, 12.48859 ], [ 77.89075, 12.48532 ], [ 77.89108, 12.4833 ], [ 77.88752, 12.48378 ], [ 77.88626, 12.48467 ], [ 77.88221, 12.48445 ], [ 77.87934, 12.48579 ], [ 77.8749, 12.48584 ], [ 77.87337, 12.48511 ], [ 77.8696, 12.48606 ], [ 77.86715, 12.48766 ], [ 77.8675, 12.48948 ], [ 77.87042, 12.49415 ], [ 77.86872, 12.49668 ], [ 77.86704, 12.49683 ], [ 77.86668, 12.49761 ], [ 77.86951, 12.49772 ], [ 77.87075, 12.49894 ], [ 77.87044, 12.50025 ], [ 77.87326, 12.50358 ], [ 77.87388, 12.50363 ], [ 77.87383, 12.50222 ], [ 77.87501, 12.50049 ], [ 77.87684, 12.4997 ], [ 77.88108, 12.50227 ], [ 77.88067, 12.50668 ], [ 77.88312, 12.5157 ], [ 77.88532, 12.5168 ], [ 77.88415, 12.51815 ], [ 77.88671, 12.51749 ], [ 77.88776, 12.51896 ], [ 77.88472, 12.5191 ], [ 77.88758, 12.51998 ], [ 77.88719, 12.52112 ], [ 77.88305, 12.51943 ], [ 77.88347, 12.52073 ], [ 77.88258, 12.52083 ], [ 77.88202, 12.52447 ], [ 77.88066, 12.52686 ], [ 77.881, 12.53658 ], [ 77.88335, 12.53722 ], [ 77.88402, 12.53571 ], [ 77.88866, 12.53604 ], [ 77.88887, 12.53797 ], [ 77.89265, 12.54157 ], [ 77.89388, 12.5441 ], [ 77.89431, 12.54162 ], [ 77.8959, 12.54052 ], [ 77.89939, 12.54031 ], [ 77.90077, 12.54138 ], [ 77.90558, 12.53789 ], [ 77.90576, 12.53478 ], [ 77.90694, 12.53408 ], [ 77.90655, 12.53718 ], [ 77.90736, 12.5393 ], [ 77.90852, 12.53321 ], [ 77.90963, 12.53276 ], [ 77.91108, 12.53345 ], [ 77.91215, 12.53196 ], [ 77.91457, 12.53202 ], [ 77.91429, 12.5334 ], [ 77.91499, 12.53385 ], [ 77.91638, 12.53167 ], [ 77.92329, 12.53291 ], [ 77.92379, 12.53563 ], [ 77.92585, 12.53714 ], [ 77.92517, 12.53462 ], [ 77.92658, 12.53217 ], [ 77.93369, 12.53159 ], [ 77.93587, 12.52989 ], [ 77.93748, 12.52518 ], [ 77.93832, 12.52474 ], [ 77.93963, 12.5248 ], [ 77.94029, 12.5275 ], [ 77.93781, 12.5311 ], [ 77.93808, 12.5337 ], [ 77.94283, 12.53821 ], [ 77.94562, 12.53737 ], [ 77.94984, 12.53772 ], [ 77.95407, 12.53619 ], [ 77.96034, 12.53133 ], [ 77.96435, 12.52329 ], [ 77.9657, 12.5182 ], [ 77.97246, 12.51508 ], [ 77.96821, 12.50639 ], [ 77.96478, 12.5044 ], [ 77.9621, 12.50354 ], [ 77.95853, 12.50417 ], [ 77.95654, 12.50561 ], [ 77.95735, 12.50739 ], [ 77.95549, 12.50819 ], [ 77.95203, 12.50775 ], [ 77.95107, 12.50838 ], [ 77.94838, 12.50641 ], [ 77.94607, 12.49962 ], [ 77.94647, 12.49864 ], [ 77.94965, 12.49763 ], [ 77.95377, 12.4916 ], [ 77.95358, 12.48619 ], [ 77.94937, 12.48584 ], [ 77.94778, 12.4864 ], [ 77.94579, 12.48516 ], [ 77.94302, 12.4785 ], [ 77.94075, 12.47741 ], [ 77.93611, 12.47934 ], [ 77.92901, 12.47756 ], [ 77.93684, 12.46616 ], [ 77.93884, 12.45772 ], [ 77.94432, 12.44938 ], [ 77.94673, 12.4481 ], [ 77.94697, 12.44404 ], [ 77.95074, 12.44186 ], [ 77.95581, 12.43591 ], [ 77.96367, 12.42917 ], [ 77.9653, 12.42195 ], [ 77.97189, 12.41126 ], [ 77.96834, 12.40368 ], [ 77.96799, 12.40183 ], [ 77.97033, 12.40154 ], [ 77.96779, 12.39273 ], [ 77.96496, 12.39162 ], [ 77.95917, 12.38517 ], [ 77.95766, 12.37707 ], [ 77.96149, 12.37594 ], [ 77.96153, 12.37003 ], [ 77.95717, 12.36959 ], [ 77.95618, 12.36845 ], [ 77.95016, 12.37145 ], [ 77.95153, 12.36307 ], [ 77.95473, 12.36066 ], [ 77.95599, 12.35425 ], [ 77.9486, 12.34818 ], [ 77.94804, 12.34142 ], [ 77.95017, 12.33748 ], [ 77.94966, 12.33067 ], [ 77.94752, 12.32974 ], [ 77.94565, 12.32756 ], [ 77.94265, 12.32675 ], [ 77.94073, 12.32339 ], [ 77.93561, 12.32534 ], [ 77.93522, 12.32679 ], [ 77.93301, 12.32719 ], [ 77.9275, 12.32369 ], [ 77.92743, 12.31958 ], [ 77.92617, 12.31909 ], [ 77.92147, 12.3201 ], [ 77.92055, 12.31773 ], [ 77.92447, 12.31513 ], [ 77.92407, 12.31251 ], [ 77.92475, 12.31222 ], [ 77.9292, 12.31416 ], [ 77.93772, 12.30165 ], [ 77.94254, 12.29909 ], [ 77.94743, 12.30069 ], [ 77.95044, 12.30333 ], [ 77.95378, 12.30316 ], [ 77.95756, 12.30643 ], [ 77.96258, 12.30589 ], [ 77.95949, 12.30295 ], [ 77.95936, 12.30052 ], [ 77.96194, 12.29939 ], [ 77.95799, 12.28186 ], [ 77.96794, 12.26605 ], [ 77.98287, 12.25694 ], [ 77.98723, 12.23566 ], [ 78.00121, 12.22431 ], [ 77.9886, 12.20118 ], [ 77.98682, 12.19953 ], [ 77.97886, 12.20242 ], [ 77.97046, 12.20293 ], [ 77.9638, 12.20232 ], [ 77.96343, 12.20317 ], [ 77.95835, 12.20327 ], [ 77.95443, 12.20136 ], [ 77.94434, 12.20129 ], [ 77.94059, 12.20374 ], [ 77.93661, 12.20006 ], [ 77.93242, 12.19834 ], [ 77.93066, 12.19629 ], [ 77.92769, 12.19459 ], [ 77.91961, 12.19467 ], [ 77.91761, 12.18801 ], [ 77.90366, 12.16152 ], [ 77.89126, 12.15685 ], [ 77.8814, 12.15554 ], [ 77.87952, 12.15468 ], [ 77.87792, 12.15101 ], [ 77.8629, 12.13321 ], [ 77.86197, 12.12888 ], [ 77.84998, 12.12451 ], [ 77.8462, 12.12124 ], [ 77.84191, 12.11931 ], [ 77.84097, 12.12434 ], [ 77.8358, 12.1252 ], [ 77.83374, 12.12224 ], [ 77.8305, 12.12107 ], [ 77.81762, 12.12201 ], [ 77.80934, 12.12413 ], [ 77.79393, 12.12285 ], [ 77.78646, 12.12002 ], [ 77.7828, 12.12046 ], [ 77.77563, 12.12422 ], [ 77.77468, 12.13521 ], [ 77.77247, 12.13825 ], [ 77.76932, 12.13921 ], [ 77.7678, 12.13649 ], [ 77.76595, 12.13506 ], [ 77.75649, 12.13663 ], [ 77.75177, 12.13936 ], [ 77.74889, 12.14509 ], [ 77.74977, 12.151 ], [ 77.74876, 12.15595 ], [ 77.74692, 12.16021 ], [ 77.74383, 12.16583 ], [ 77.74213, 12.16724 ], [ 77.73771, 12.16883 ], [ 77.73643, 12.17032 ], [ 77.73567, 12.17731 ], [ 77.73338, 12.18068 ], [ 77.72619, 12.18389 ], [ 77.7213, 12.18477 ], [ 77.71192, 12.18385 ], [ 77.7043, 12.18496 ], [ 77.68647, 12.19157 ], [ 77.67379, 12.19507 ], [ 77.66965, 12.1973 ], [ 77.66699, 12.19994 ], [ 77.65902, 12.20059 ], [ 77.64798, 12.20003 ], [ 77.6392, 12.19736 ], [ 77.6355, 12.1985 ], [ 77.62976, 12.20362 ], [ 77.62731, 12.20363 ], [ 77.62457, 12.20175 ], [ 77.62052, 12.20085 ], [ 77.61697, 12.20311 ], [ 77.61511, 12.20613 ], [ 77.60606, 12.20742 ], [ 77.60355, 12.20656 ], [ 77.5963, 12.20049 ], [ 77.59366, 12.20001 ], [ 77.58867, 12.20035 ], [ 77.58041, 12.1993 ], [ 77.57453, 12.20241 ], [ 77.57294, 12.20245 ], [ 77.57085, 12.20204 ], [ 77.56425, 12.1978 ], [ 77.56054, 12.20092 ], [ 77.55401, 12.20288 ], [ 77.54764, 12.20602 ], [ 77.54069, 12.20392 ], [ 77.5376, 12.20048 ], [ 77.53028, 12.2008 ], [ 77.52663, 12.19998 ], [ 77.52178, 12.19828 ], [ 77.51938, 12.19625 ], [ 77.49337, 12.19834 ], [ 77.48782, 12.20453 ], [ 77.47767, 12.20613 ], [ 77.47363, 12.20818 ], [ 77.48389, 12.22678 ], [ 77.48391, 12.23182 ], [ 77.47941, 12.24062 ], [ 77.47391, 12.24375 ], [ 77.46883, 12.24473 ], [ 77.46672, 12.24425 ], [ 77.46305, 12.24724 ], [ 77.47905, 12.26987 ] ], [ [ 77.5174, 12.23031 ], [ 77.51969, 12.22905 ], [ 77.52239, 12.22886 ], [ 77.52646, 12.23214 ], [ 77.53002, 12.23665 ], [ 77.53514, 12.23956 ], [ 77.53635, 12.23699 ], [ 77.53759, 12.23666 ], [ 77.541, 12.23776 ], [ 77.54135, 12.24019 ], [ 77.54437, 12.24449 ], [ 77.54516, 12.24703 ], [ 77.5446, 12.2528 ], [ 77.54232, 12.25984 ], [ 77.54259, 12.26245 ], [ 77.54598, 12.26653 ], [ 77.55216, 12.27005 ], [ 77.55261, 12.26885 ], [ 77.55581, 12.26702 ], [ 77.55804, 12.26396 ], [ 77.55934, 12.26353 ], [ 77.55836, 12.27037 ], [ 77.55886, 12.27257 ], [ 77.55225, 12.27864 ], [ 77.54925, 12.28331 ], [ 77.54821, 12.28146 ], [ 77.53551, 12.28649 ], [ 77.53723, 12.28112 ], [ 77.53671, 12.27005 ], [ 77.53259, 12.26787 ], [ 77.53053, 12.26502 ], [ 77.52913, 12.25921 ], [ 77.52951, 12.25093 ], [ 77.53053, 12.24657 ], [ 77.53009, 12.24524 ], [ 77.52496, 12.2425 ], [ 77.51947, 12.24291 ], [ 77.51737, 12.23786 ], [ 77.51666, 12.2325 ], [ 77.5174, 12.23031 ] ], [ [ 77.55768, 12.27675 ], [ 77.559, 12.2771 ], [ 77.5619, 12.2901 ], [ 77.56126, 12.29102 ], [ 77.55792, 12.29011 ], [ 77.55839, 12.28931 ], [ 77.55753, 12.28881 ], [ 77.55633, 12.2855 ], [ 77.55768, 12.27675 ] ], [ [ 77.58332, 12.31514 ], [ 77.58562, 12.31225 ], [ 77.58736, 12.31332 ], [ 77.59081, 12.31374 ], [ 77.59476, 12.32153 ], [ 77.59444, 12.32814 ], [ 77.59547, 12.32921 ], [ 77.59564, 12.3309 ], [ 77.59208, 12.33206 ], [ 77.5892, 12.33162 ], [ 77.5897, 12.32816 ], [ 77.58869, 12.32476 ], [ 77.58257, 12.3194 ], [ 77.58332, 12.31514 ] ], [ [ 77.59893, 12.27928 ], [ 77.60151, 12.26424 ], [ 77.60443, 12.25962 ], [ 77.63119, 12.25005 ], [ 77.64058, 12.27011 ], [ 77.63765, 12.28559 ], [ 77.63029, 12.29262 ], [ 77.63077, 12.30585 ], [ 77.62604, 12.32155 ], [ 77.62126, 12.32289 ], [ 77.61618, 12.32244 ], [ 77.6085, 12.32375 ], [ 77.60304, 12.31196 ], [ 77.59248, 12.29705 ], [ 77.59893, 12.27928 ] ], [ [ 77.63653, 12.42651 ], [ 77.63874, 12.42214 ], [ 77.65203, 12.42147 ], [ 77.65656, 12.41871 ], [ 77.65851, 12.41444 ], [ 77.66864, 12.41079 ], [ 77.67007, 12.40438 ], [ 77.66941, 12.39661 ], [ 77.66315, 12.39728 ], [ 77.66617, 12.37903 ], [ 77.66933, 12.37895 ], [ 77.67506, 12.36956 ], [ 77.67637, 12.36392 ], [ 77.66952, 12.36168 ], [ 77.66821, 12.36002 ], [ 77.66772, 12.3526 ], [ 77.66948, 12.34834 ], [ 77.676, 12.34608 ], [ 77.67841, 12.34124 ], [ 77.6912, 12.33869 ], [ 77.7117, 12.34246 ], [ 77.71634, 12.33857 ], [ 77.72172, 12.33543 ], [ 77.73568, 12.33918 ], [ 77.74227, 12.33598 ], [ 77.74799, 12.33576 ], [ 77.75576, 12.3397 ], [ 77.75678, 12.34301 ], [ 77.75077, 12.35477 ], [ 77.7481, 12.35788 ], [ 77.7471, 12.36154 ], [ 77.74556, 12.36225 ], [ 77.74652, 12.36469 ], [ 77.72982, 12.37095 ], [ 77.73178, 12.37464 ], [ 77.7353, 12.37638 ], [ 77.73555, 12.37811 ], [ 77.72945, 12.37966 ], [ 77.72632, 12.39259 ], [ 77.71701, 12.39874 ], [ 77.715, 12.40339 ], [ 77.71271, 12.40261 ], [ 77.71183, 12.40009 ], [ 77.70438, 12.39609 ], [ 77.69958, 12.39702 ], [ 77.70077, 12.38927 ], [ 77.70235, 12.38472 ], [ 77.70485, 12.38499 ], [ 77.70616, 12.38695 ], [ 77.70873, 12.38739 ], [ 77.71282, 12.38441 ], [ 77.71367, 12.38221 ], [ 77.71295, 12.37957 ], [ 77.71495, 12.37417 ], [ 77.70836, 12.36775 ], [ 77.70486, 12.36874 ], [ 77.70108, 12.37821 ], [ 77.70114, 12.38005 ], [ 77.69615, 12.39033 ], [ 77.69409, 12.39297 ], [ 77.6949, 12.39578 ], [ 77.69374, 12.39838 ], [ 77.69023, 12.40267 ], [ 77.68689, 12.40232 ], [ 77.68757, 12.40469 ], [ 77.68369, 12.40807 ], [ 77.68205, 12.41273 ], [ 77.68202, 12.41652 ], [ 77.68005, 12.41721 ], [ 77.67138, 12.42668 ], [ 77.66218, 12.4324 ], [ 77.6587, 12.43655 ], [ 77.65679, 12.4373 ], [ 77.65629, 12.43922 ], [ 77.65442, 12.43952 ], [ 77.65414, 12.44213 ], [ 77.65206, 12.44543 ], [ 77.65072, 12.4462 ], [ 77.64894, 12.45025 ], [ 77.64923, 12.45129 ], [ 77.65114, 12.45132 ], [ 77.6523, 12.45607 ], [ 77.65426, 12.45676 ], [ 77.65313, 12.45794 ], [ 77.65137, 12.45818 ], [ 77.65384, 12.46004 ], [ 77.65253, 12.46076 ], [ 77.65324, 12.46192 ], [ 77.6488, 12.46768 ], [ 77.6475, 12.47088 ], [ 77.6445, 12.47138 ], [ 77.64002, 12.47081 ], [ 77.63851, 12.46669 ], [ 77.63826, 12.45877 ], [ 77.63896, 12.45246 ], [ 77.63714, 12.45097 ], [ 77.63764, 12.44738 ], [ 77.63667, 12.44567 ], [ 77.63963, 12.44406 ], [ 77.64369, 12.44425 ], [ 77.64499, 12.44182 ], [ 77.64283, 12.44158 ], [ 77.64351, 12.43982 ], [ 77.63858, 12.43838 ], [ 77.63878, 12.43662 ], [ 77.63587, 12.43319 ], [ 77.63653, 12.42651 ] ], [ [ 77.64238, 12.2971 ], [ 77.64553, 12.29431 ], [ 77.64779, 12.28749 ], [ 77.65153, 12.29668 ], [ 77.64967, 12.30336 ], [ 77.65113, 12.30497 ], [ 77.6481, 12.30886 ], [ 77.64658, 12.30936 ], [ 77.6447, 12.30768 ], [ 77.64449, 12.30567 ], [ 77.6433, 12.30611 ], [ 77.6425, 12.30717 ], [ 77.64281, 12.31092 ], [ 77.63817, 12.31045 ], [ 77.63795, 12.30861 ], [ 77.64238, 12.2971 ] ], [ [ 77.65085, 12.27673 ], [ 77.65283, 12.2787 ], [ 77.65166, 12.27382 ], [ 77.65175, 12.26965 ], [ 77.65243, 12.26824 ], [ 77.65385, 12.26769 ], [ 77.65588, 12.2688 ], [ 77.65761, 12.27487 ], [ 77.65755, 12.27747 ], [ 77.65382, 12.28356 ], [ 77.65114, 12.28374 ], [ 77.6489, 12.28673 ], [ 77.6477, 12.28669 ], [ 77.65085, 12.27673 ] ], [ [ 77.71984, 12.24762 ], [ 77.7254, 12.2435 ], [ 77.73071, 12.23435 ], [ 77.73351, 12.23226 ], [ 77.73532, 12.22193 ], [ 77.7369, 12.21953 ], [ 77.73962, 12.21829 ], [ 77.74213, 12.21577 ], [ 77.74209, 12.21334 ], [ 77.74276, 12.21267 ], [ 77.74797, 12.2186 ], [ 77.75245, 12.22565 ], [ 77.75533, 12.23366 ], [ 77.76024, 12.23687 ], [ 77.7624, 12.24069 ], [ 77.76629, 12.24422 ], [ 77.76825, 12.24924 ], [ 77.76748, 12.24932 ], [ 77.76558, 12.24728 ], [ 77.76541, 12.25023 ], [ 77.76227, 12.25058 ], [ 77.76007, 12.24993 ], [ 77.75985, 12.252 ], [ 77.76167, 12.25471 ], [ 77.75942, 12.25775 ], [ 77.75935, 12.2598 ], [ 77.76218, 12.26255 ], [ 77.75656, 12.26559 ], [ 77.7551, 12.27088 ], [ 77.75662, 12.27503 ], [ 77.75913, 12.27583 ], [ 77.75777, 12.27333 ], [ 77.75722, 12.26835 ], [ 77.75823, 12.26666 ], [ 77.76115, 12.26618 ], [ 77.76392, 12.26819 ], [ 77.76629, 12.27296 ], [ 77.77199, 12.27258 ], [ 77.77097, 12.26949 ], [ 77.77207, 12.26483 ], [ 77.77221, 12.2554 ], [ 77.77609, 12.25696 ], [ 77.77819, 12.25695 ], [ 77.7812, 12.2624 ], [ 77.78211, 12.26777 ], [ 77.78074, 12.27901 ], [ 77.78092, 12.28502 ], [ 77.76323, 12.28016 ], [ 77.74455, 12.2797 ], [ 77.73891, 12.27742 ], [ 77.73651, 12.27456 ], [ 77.73673, 12.26718 ], [ 77.73306, 12.25747 ], [ 77.72954, 12.25836 ], [ 77.72391, 12.25797 ], [ 77.72102, 12.25348 ], [ 77.71973, 12.2497 ], [ 77.71984, 12.24762 ] ], [ [ 77.81561, 12.38239 ], [ 77.81975, 12.37702 ], [ 77.82265, 12.37499 ], [ 77.82466, 12.37676 ], [ 77.82323, 12.37919 ], [ 77.82576, 12.38543 ], [ 77.82566, 12.38742 ], [ 77.82199, 12.38909 ], [ 77.81516, 12.3896 ], [ 77.81178, 12.38382 ], [ 77.81561, 12.38239 ] ], [ [ 77.81902, 12.2702 ], [ 77.82094, 12.26843 ], [ 77.82512, 12.26612 ], [ 77.82611, 12.27087 ], [ 77.82808, 12.27233 ], [ 77.82874, 12.27863 ], [ 77.82605, 12.28071 ], [ 77.82258, 12.28172 ], [ 77.82077, 12.27826 ], [ 77.81902, 12.2702 ] ], [ [ 77.8377, 12.35143 ], [ 77.84213, 12.35 ], [ 77.84398, 12.35462 ], [ 77.84479, 12.35931 ], [ 77.84489, 12.36883 ], [ 77.84172, 12.37021 ], [ 77.8402, 12.36594 ], [ 77.84071, 12.36528 ], [ 77.83932, 12.35912 ], [ 77.83974, 12.35708 ], [ 77.83774, 12.35752 ], [ 77.83599, 12.35585 ], [ 77.83541, 12.35383 ], [ 77.8377, 12.35143 ] ], [ [ 77.86146, 12.28477 ], [ 77.86368, 12.2876 ], [ 77.86301, 12.29411 ], [ 77.86724, 12.29998 ], [ 77.86324, 12.30671 ], [ 77.85657, 12.30302 ], [ 77.84967, 12.29455 ], [ 77.84967, 12.28716 ], [ 77.86146, 12.28477 ] ], [ [ 77.87547, 12.37581 ], [ 77.87462, 12.37007 ], [ 77.87543, 12.3666 ], [ 77.87884, 12.36496 ], [ 77.87602, 12.35749 ], [ 77.8828, 12.35595 ], [ 77.88351, 12.35118 ], [ 77.89688, 12.34884 ], [ 77.89765, 12.35061 ], [ 77.89966, 12.35153 ], [ 77.9031, 12.355 ], [ 77.90428, 12.35451 ], [ 77.90541, 12.35648 ], [ 77.91159, 12.36137 ], [ 77.91488, 12.36606 ], [ 77.91495, 12.36978 ], [ 77.90944, 12.3762 ], [ 77.90685, 12.37796 ], [ 77.90464, 12.38136 ], [ 77.89414, 12.38459 ], [ 77.88758, 12.38924 ], [ 77.88604, 12.39122 ], [ 77.8813, 12.39181 ], [ 77.88108, 12.3887 ], [ 77.87935, 12.38577 ], [ 77.87683, 12.38319 ], [ 77.87396, 12.38269 ], [ 77.87191, 12.37861 ], [ 77.87547, 12.37581 ] ], [ [ 77.88491, 12.43006 ], [ 77.89403, 12.42876 ], [ 77.89625, 12.4407 ], [ 77.89892, 12.44591 ], [ 77.89025, 12.45047 ], [ 77.8818, 12.4496 ], [ 77.88158, 12.43788 ], [ 77.88491, 12.43006 ] ], [ [ 77.90204, 12.30055 ], [ 77.90272, 12.29799 ], [ 77.90414, 12.29791 ], [ 77.90534, 12.29896 ], [ 77.90779, 12.30235 ], [ 77.9092, 12.30692 ], [ 77.90998, 12.31053 ], [ 77.90933, 12.31346 ], [ 77.90822, 12.3138 ], [ 77.90264, 12.3081 ], [ 77.89998, 12.30332 ], [ 77.90204, 12.30055 ] ], [ [ 77.91139, 12.45233 ], [ 77.91663, 12.45041 ], [ 77.91723, 12.45904 ], [ 77.91646, 12.46067 ], [ 77.91457, 12.46256 ], [ 77.91302, 12.46273 ], [ 77.90972, 12.45795 ], [ 77.90869, 12.45489 ], [ 77.91139, 12.45233 ] ], [ [ 77.93444, 12.40959 ], [ 77.9401, 12.4085 ], [ 77.94353, 12.41135 ], [ 77.95169, 12.41344 ], [ 77.95675, 12.41713 ], [ 77.95495, 12.42283 ], [ 77.95066, 12.42811 ], [ 77.94697, 12.42861 ], [ 77.94371, 12.42677 ], [ 77.94002, 12.43063 ], [ 77.93564, 12.41872 ], [ 77.93143, 12.41604 ], [ 77.93444, 12.40959 ] ], [ [ 77.93706, 12.27023 ], [ 77.93595, 12.26209 ], [ 77.94151, 12.26263 ], [ 77.94345, 12.26779 ], [ 77.9479, 12.2724 ], [ 77.94206, 12.27702 ], [ 77.93623, 12.28028 ], [ 77.93317, 12.27566 ], [ 77.93706, 12.27023 ] ] ] } },
{ "type": "Feature", "properties": { "name": "Thane Creek Flamingo WLS", "Type": "Wildlife Sanctuary", "State": "Maharashtra", "Year": 2015.0 }, "geometry": { "type": "Polygon", "coordinates": [ [ [ 72.95111, 19.1134 ], [ 72.95302, 19.11446 ], [ 72.95295, 19.11873 ], [ 72.94731, 19.11863 ], [ 72.94742, 19.11985 ], [ 72.95742, 19.12015 ], [ 72.96107, 19.1259 ], [ 72.96125, 19.12753 ], [ 72.95451, 19.1274 ], [ 72.94375, 19.12836 ], [ 72.94356, 19.12905 ], [ 72.9468, 19.12926 ], [ 72.94671, 19.13089 ], [ 72.95033, 19.13121 ], [ 72.95249, 19.13855 ], [ 72.95156, 19.13914 ], [ 72.95243, 19.13982 ], [ 72.95257, 19.14191 ], [ 72.95467, 19.14626 ], [ 72.95256, 19.14693 ], [ 72.95481, 19.1506 ], [ 72.9613, 19.14821 ], [ 72.96044, 19.1462 ], [ 72.95666, 19.14403 ], [ 72.95604, 19.14188 ], [ 72.95664, 19.13868 ], [ 72.95862, 19.13659 ], [ 72.96437, 19.1343 ], [ 72.96611, 19.13481 ], [ 72.96673, 19.13882 ], [ 72.96864, 19.14004 ], [ 72.97241, 19.14647 ], [ 72.97372, 19.14665 ], [ 72.97626, 19.15293 ], [ 72.9763, 19.16067 ], [ 72.97741, 19.17004 ], [ 72.97881, 19.17444 ], [ 72.98183, 19.17324 ], [ 72.97965, 19.16501 ], [ 72.97851, 19.15204 ], [ 72.97718, 19.14586 ], [ 72.97003, 19.12956 ], [ 72.96883, 19.12982 ], [ 72.96797, 19.13108 ], [ 72.966, 19.13031 ], [ 72.96737, 19.12477 ], [ 72.96166, 19.11354 ], [ 72.96042, 19.11016 ], [ 72.96068, 19.10738 ], [ 72.95754, 19.09886 ], [ 72.95817, 19.09773 ], [ 72.95797, 19.09475 ], [ 72.95647, 19.08818 ], [ 72.95688, 19.07775 ], [ 72.95602, 19.07694 ], [ 72.95857, 19.06907 ], [ 72.95338, 19.068 ], [ 72.95233, 19.07416 ], [ 72.95053, 19.07629 ], [ 72.94918, 19.08301 ], [ 72.94982, 19.08706 ], [ 72.9493, 19.08998 ], [ 72.94626, 19.09302 ], [ 72.94394, 19.09375 ], [ 72.94355, 19.09619 ], [ 72.9484, 19.09862 ], [ 72.94776, 19.10476 ], [ 72.94186, 19.1133 ], [ 72.95111, 19.1134 ] ] ] } },
{ "type": "Feature", "properties": { "name": "Naigaon Mayur WLS", "Type": "Wildlife Sanctuary", "State": "Maharashtra", "Year": 1994.0 }, "geometry": { "type": "Polygon", "coordinates": [ [ [ 75.57959, 18.89908 ], [ 75.58238, 18.90014 ], [ 75.58377, 18.90048 ], [ 75.5863, 18.89871 ], [ 75.58772, 18.89947 ], [ 75.58849, 18.90298 ], [ 75.59027, 18.90493 ], [ 75.59085, 18.90688 ], [ 75.59351, 18.9084 ], [ 75.59692, 18.91254 ], [ 75.5983, 18.91609 ], [ 75.59995, 18.91589 ], [ 75.60087, 18.91409 ], [ 75.60089, 18.91041 ], [ 75.60436, 18.9092 ], [ 75.60553, 18.90716 ], [ 75.60536, 18.90604 ], [ 75.60111, 18.90227 ], [ 75.59802, 18.9025 ], [ 75.59682, 18.90185 ], [ 75.59654, 18.90064 ], [ 75.59777, 18.8987 ], [ 75.59512, 18.89769 ], [ 75.59235, 18.89386 ], [ 75.59005, 18.89208 ], [ 75.5881, 18.89204 ], [ 75.58637, 18.89433 ], [ 75.58291, 18.89486 ], [ 75.5822, 18.89573 ], [ 75.57989, 18.89484 ], [ 75.57836, 18.89666 ], [ 75.57959, 18.89908 ] ] ] } },
{ "type": "Feature", "properties": { "name": "Yawal WLS", "Type": "Wildlife Sanctuary", "State": "Maharashtra", "Year": 1969.0 }, "geometry": { "type": "Polygon", "coordinates": [ [ [ 75.56002, 21.34183 ], [ 75.56688, 21.34966 ], [ 75.56877, 21.36149 ], [ 75.5651, 21.36859 ], [ 75.5642, 21.3714 ], [ 75.56437, 21.37384 ], [ 75.56655, 21.37324 ], [ 75.58117, 21.3764 ], [ 75.5816, 21.37714 ], [ 75.58021, 21.379 ], [ 75.57463, 21.37976 ], [ 75.5754, 21.38147 ], [ 75.5836, 21.38421 ], [ 75.58783, 21.38823 ], [ 75.59182, 21.38607 ], [ 75.59671, 21.38679 ], [ 75.59881, 21.38503 ], [ 75.60606, 21.38859 ], [ 75.61323, 21.38855 ], [ 75.61731, 21.38002 ], [ 75.6195, 21.37874 ], [ 75.62036, 21.37612 ], [ 75.62203, 21.37488 ], [ 75.63057, 21.37416 ], [ 75.63563, 21.3755 ], [ 75.63714, 21.37422 ], [ 75.64109, 21.37366 ], [ 75.64364, 21.37416 ], [ 75.64643, 21.3764 ], [ 75.6499, 21.37598 ], [ 75.6563, 21.37746 ], [ 75.66048, 21.37406 ], [ 75.65954, 21.37078 ], [ 75.66604, 21.36709 ], [ 75.66754, 21.36695 ], [ 75.67467, 21.36939 ], [ 75.67883, 21.37288 ], [ 75.67962, 21.37648 ], [ 75.68657, 21.3802 ], [ 75.69207, 21.38173 ], [ 75.70177, 21.38627 ], [ 75.71406, 21.38687 ], [ 75.71932, 21.38523 ], [ 75.75146, 21.38247 ], [ 75.75807, 21.38259 ], [ 75.77751, 21.38683 ], [ 75.78498, 21.38715 ], [ 75.79232, 21.38333 ], [ 75.79989, 21.38315 ], [ 75.81974, 21.37816 ], [ 75.82813, 21.3781 ], [ 75.83388, 21.37684 ], [ 75.83495, 21.37712 ], [ 75.83446, 21.37844 ], [ 75.83506, 21.37976 ], [ 75.84034, 21.38419 ], [ 75.84113, 21.38409 ], [ 75.84306, 21.38189 ], [ 75.84755, 21.38155 ], [ 75.85133, 21.38267 ], [ 75.85785, 21.38024 ], [ 75.8623, 21.37954 ], [ 75.86463, 21.38008 ], [ 75.88059, 21.37636 ], [ 75.8878, 21.37308 ], [ 75.89304, 21.37196 ], [ 75.8942, 21.36541 ], [ 75.89066, 21.35786 ], [ 75.8916, 21.35343 ], [ 75.89645, 21.35254 ], [ 75.89823, 21.34469 ], [ 75.90042, 21.34145 ], [ 75.89922, 21.33745 ], [ 75.89493, 21.33283 ], [ 75.8951, 21.32934 ], [ 75.89718, 21.32734 ], [ 75.89984, 21.32674 ], [ 75.9042, 21.3288 ], [ 75.91029, 21.30537 ], [ 75.91295, 21.29097 ], [ 75.91287, 21.27938 ], [ 75.91038, 21.27098 ], [ 75.90051, 21.26471 ], [ 75.88626, 21.26284 ], [ 75.8801, 21.27002 ], [ 75.87641, 21.2849 ], [ 75.87353, 21.2849 ], [ 75.8683, 21.28262 ], [ 75.86188, 21.2856 ], [ 75.86057, 21.29219 ], [ 75.86214, 21.29969 ], [ 75.84626, 21.30505 ], [ 75.83955, 21.31254 ], [ 75.83646, 21.31424 ], [ 75.83227, 21.31358 ], [ 75.81616, 21.31448 ], [ 75.81154, 21.31556 ], [ 75.8077, 21.31906 ], [ 75.81359, 21.34013 ], [ 75.80024, 21.33101 ], [ 75.79189, 21.32716 ], [ 75.78489, 21.3176 ], [ 75.77537, 21.31544 ], [ 75.76584, 21.32644 ], [ 75.7609, 21.34323 ], [ 75.75078, 21.35995 ], [ 75.69747, 21.33995 ], [ 75.67842, 21.33623 ], [ 75.6631, 21.34071 ], [ 75.62383, 21.34495 ], [ 75.59195, 21.34618 ], [ 75.5829, 21.35015 ], [ 75.5762, 21.33427 ], [ 75.57141, 21.32834 ], [ 75.56716, 21.3266 ], [ 75.55952, 21.32684 ], [ 75.55403, 21.3282 ], [ 75.56002, 21.34183 ] ] ] } },
{ "type": "Feature", "properties": { "name": "Tungareshwar WLS", "Type": "Wildlife Sanctuary", "State": "Maharashtra", "Year": 2003.0 }, "geometry": { "type": "Polygon", "coordinates": [ [ [ 72.87315, 19.38024 ], [ 72.88103, 19.38166 ], [ 72.88553, 19.38864 ], [ 72.88691, 19.40435 ], [ 72.88862, 19.40775 ], [ 72.89497, 19.41342 ], [ 72.89446, 19.41609 ], [ 72.89206, 19.419 ], [ 72.88364, 19.42216 ], [ 72.89472, 19.43454 ], [ 72.89592, 19.43932 ], [ 72.89266, 19.45591 ], [ 72.89266, 19.46036 ], [ 72.89386, 19.46522 ], [ 72.89592, 19.46837 ], [ 72.9003, 19.47088 ], [ 72.90467, 19.47185 ], [ 72.90708, 19.46951 ], [ 72.91351, 19.45737 ], [ 72.92055, 19.45785 ], [ 72.92999, 19.45704 ], [ 72.9372, 19.44879 ], [ 72.94012, 19.4415 ], [ 72.95291, 19.42511 ], [ 72.95338, 19.42228 ], [ 72.95754, 19.41714 ], [ 72.96003, 19.41576 ], [ 72.96626, 19.41499 ], [ 72.96853, 19.41499 ], [ 72.97179, 19.41669 ], [ 72.97441, 19.41625 ], [ 72.9778, 19.41459 ], [ 72.98432, 19.40475 ], [ 72.98467, 19.40184 ], [ 72.97844, 19.39686 ], [ 72.97467, 19.38982 ], [ 72.97694, 19.38091 ], [ 72.97952, 19.37472 ], [ 72.98055, 19.3682 ], [ 72.98291, 19.36411 ], [ 72.98553, 19.35399 ], [ 72.99437, 19.355 ], [ 72.99625, 19.3548 ], [ 72.99904, 19.35285 ], [ 72.99934, 19.35079 ], [ 72.99615, 19.34488 ], [ 72.99589, 19.34032 ], [ 72.99424, 19.33876 ], [ 72.99651, 19.3337 ], [ 72.99681, 19.32969 ], [ 72.99501, 19.32256 ], [ 72.99617, 19.31212 ], [ 72.98806, 19.30778 ], [ 72.98458, 19.30442 ], [ 72.98235, 19.30377 ], [ 72.98033, 19.3079 ], [ 72.98141, 19.31301 ], [ 72.98471, 19.31734 ], [ 72.98752, 19.33107 ], [ 72.98503, 19.34581 ], [ 72.98201, 19.34795 ], [ 72.97864, 19.34631 ], [ 72.9781, 19.3421 ], [ 72.96969, 19.33664 ], [ 72.96744, 19.33089 ], [ 72.96321, 19.32672 ], [ 72.96246, 19.32793 ], [ 72.96151, 19.33066 ], [ 72.96662, 19.3405 ], [ 72.9692, 19.34376 ], [ 72.97516, 19.34589 ], [ 72.97729, 19.34791 ], [ 72.97677, 19.35439 ], [ 72.97325, 19.36039 ], [ 72.96862, 19.36022 ], [ 72.9548, 19.35334 ], [ 72.95136, 19.34484 ], [ 72.9475, 19.33876 ], [ 72.94579, 19.3284 ], [ 72.94244, 19.32589 ], [ 72.93969, 19.32694 ], [ 72.93823, 19.3322 ], [ 72.939, 19.34006 ], [ 72.936, 19.3629 ], [ 72.93866, 19.37439 ], [ 72.93688, 19.38431 ], [ 72.93538, 19.38601 ], [ 72.9321, 19.38648 ], [ 72.92772, 19.38431 ], [ 72.92677, 19.38235 ], [ 72.92364, 19.38146 ], [ 72.92467, 19.37524 ], [ 72.92424, 19.37051 ], [ 72.92197, 19.3699 ], [ 72.92038, 19.37051 ], [ 72.91476, 19.3746 ], [ 72.9127, 19.37775 ], [ 72.91278, 19.38039 ], [ 72.91407, 19.382 ], [ 72.91411, 19.38358 ], [ 72.91038, 19.39168 ], [ 72.91083, 19.39431 ], [ 72.90987, 19.39617 ], [ 72.90813, 19.39591 ], [ 72.90637, 19.39917 ], [ 72.90379, 19.40168 ], [ 72.90008, 19.4018 ], [ 72.89841, 19.40071 ], [ 72.89682, 19.39803 ], [ 72.89708, 19.39459 ], [ 72.89399, 19.38763 ], [ 72.89077, 19.38443 ], [ 72.88375, 19.37441 ], [ 72.8774, 19.37196 ], [ 72.87407, 19.375 ], [ 72.87236, 19.37773 ], [ 72.87315, 19.38024 ] ] ] } },
{ "type": "Feature", "properties": { "name": "Kodaikanal WLS", "Type": "Wildlife Sanctuary", "State": "Tamil Nadu", "Year": 2013.0 }, "geometry": { "type": "Polygon", "coordinates": [ [ [ 77.26813, 10.1262 ], [ 77.27474, 10.13072 ], [ 77.27459, 10.13869 ], [ 77.27281, 10.14045 ], [ 77.27252, 10.14544 ], [ 77.27399, 10.14876 ], [ 77.27349, 10.16331 ], [ 77.27539, 10.17559 ], [ 77.27574, 10.1887 ], [ 77.27909, 10.19518 ], [ 77.28054, 10.20027 ], [ 77.27949, 10.204 ], [ 77.28042, 10.20721 ], [ 77.2773, 10.21442 ], [ 77.28086, 10.21507 ], [ 77.28734, 10.21129 ], [ 77.2903, 10.21473 ], [ 77.30092, 10.2118 ], [ 77.30375, 10.20479 ], [ 77.30813, 10.1971 ], [ 77.32152, 10.18362 ], [ 77.32422, 10.18206 ], [ 77.3362, 10.18362 ], [ 77.34675, 10.18926 ], [ 77.35231, 10.18933 ], [ 77.35529, 10.18645 ], [ 77.35626, 10.18724 ], [ 77.35671, 10.19321 ], [ 77.35768, 10.21822 ], [ 77.36377, 10.2195 ], [ 77.36555, 10.22103 ], [ 77.36772, 10.2262 ], [ 77.36935, 10.22808 ], [ 77.3698, 10.23032 ], [ 77.36819, 10.23891 ], [ 77.36499, 10.24364 ], [ 77.35281, 10.24339 ], [ 77.34384, 10.24795 ], [ 77.33645, 10.24837 ], [ 77.33145, 10.25481 ], [ 77.33214, 10.27748 ], [ 77.32777, 10.29266 ], [ 77.31948, 10.30082 ], [ 77.31464, 10.31419 ], [ 77.32431, 10.32575 ], [ 77.32017, 10.32892 ], [ 77.32662, 10.34795 ], [ 77.30773, 10.35248 ], [ 77.31588, 10.40803 ], [ 77.32294, 10.40446 ], [ 77.33006, 10.40724 ], [ 77.33332, 10.40961 ], [ 77.33903, 10.40978 ], [ 77.34366, 10.41366 ], [ 77.34615, 10.42046 ], [ 77.35147, 10.42607 ], [ 77.36049, 10.42607 ], [ 77.36212, 10.42409 ], [ 77.36195, 10.41911 ], [ 77.36413, 10.41847 ], [ 77.3628, 10.41379 ], [ 77.35517, 10.40003 ], [ 77.35452, 10.39479 ], [ 77.35993, 10.39285 ], [ 77.36787, 10.39619 ], [ 77.37079, 10.3961 ], [ 77.37267, 10.395 ], [ 77.37152, 10.38935 ], [ 77.36873, 10.3858 ], [ 77.36692, 10.37955 ], [ 77.36774, 10.37613 ], [ 77.37083, 10.37381 ], [ 77.37349, 10.38078 ], [ 77.37774, 10.38407 ], [ 77.39104, 10.39091 ], [ 77.39405, 10.39581 ], [ 77.40478, 10.39775 ], [ 77.40726, 10.39994 ], [ 77.41078, 10.4002 ], [ 77.41233, 10.39859 ], [ 77.41173, 10.39479 ], [ 77.40778, 10.38382 ], [ 77.40941, 10.38078 ], [ 77.41259, 10.37816 ], [ 77.41087, 10.37284 ], [ 77.41559, 10.36972 ], [ 77.421, 10.37335 ], [ 77.42409, 10.37647 ], [ 77.43027, 10.37588 ], [ 77.43297, 10.3717 ], [ 77.43825, 10.37018 ], [ 77.44074, 10.36638 ], [ 77.44082, 10.36482 ], [ 77.4422, 10.36351 ], [ 77.46893, 10.36668 ], [ 77.47095, 10.3663 ], [ 77.47138, 10.36123 ], [ 77.47039, 10.35473 ], [ 77.47361, 10.35241 ], [ 77.47584, 10.35376 ], [ 77.48348, 10.36187 ], [ 77.4882, 10.36457 ], [ 77.49404, 10.36516 ], [ 77.51567, 10.36035 ], [ 77.52769, 10.35613 ], [ 77.53095, 10.35317 ], [ 77.53283, 10.34701 ], [ 77.53103, 10.34194 ], [ 77.52837, 10.33983 ], [ 77.52073, 10.33932 ], [ 77.50769, 10.3335 ], [ 77.50142, 10.33155 ], [ 77.4979, 10.32691 ], [ 77.49112, 10.32172 ], [ 77.48692, 10.3161 ], [ 77.47893, 10.31222 ], [ 77.46396, 10.29837 ], [ 77.46078, 10.29849 ], [ 77.45657, 10.30065 ], [ 77.44593, 10.30419 ], [ 77.43791, 10.30909 ], [ 77.4325, 10.30985 ], [ 77.42683, 10.30588 ], [ 77.42645, 10.30111 ], [ 77.43035, 10.29436 ], [ 77.43117, 10.2879 ], [ 77.43374, 10.28346 ], [ 77.44177, 10.2758 ], [ 77.43939, 10.27136 ], [ 77.43855, 10.26721 ], [ 77.43999, 10.2652 ], [ 77.43939, 10.26271 ], [ 77.44016, 10.26026 ], [ 77.44121, 10.25963 ], [ 77.44623, 10.26034 ], [ 77.4501, 10.25913 ], [ 77.4507, 10.258 ], [ 77.45267, 10.25741 ], [ 77.45396, 10.25407 ], [ 77.45979, 10.24998 ], [ 77.46263, 10.24516 ], [ 77.46546, 10.24495 ], [ 77.46786, 10.24702 ], [ 77.47361, 10.24672 ], [ 77.47481, 10.24411 ], [ 77.47571, 10.2409 ], [ 77.47503, 10.23832 ], [ 77.46765, 10.23942 ], [ 77.46349, 10.23604 ], [ 77.45962, 10.23144 ], [ 77.46022, 10.22282 ], [ 77.46481, 10.21636 ], [ 77.46692, 10.20985 ], [ 77.46868, 10.20931 ], [ 77.47353, 10.21002 ], [ 77.47571, 10.20926 ], [ 77.48425, 10.21129 ], [ 77.48833, 10.21121 ], [ 77.48481, 10.21948 ], [ 77.48528, 10.22126 ], [ 77.49108, 10.22366 ], [ 77.49271, 10.22514 ], [ 77.49516, 10.23013 ], [ 77.4979, 10.2311 ], [ 77.50155, 10.22514 ], [ 77.50558, 10.22527 ], [ 77.50932, 10.22763 ], [ 77.51842, 10.22844 ], [ 77.5264, 10.23367 ], [ 77.53412, 10.24157 ], [ 77.53726, 10.24736 ], [ 77.53897, 10.25293 ], [ 77.53743, 10.25517 ], [ 77.53719, 10.25974 ], [ 77.54013, 10.26301 ], [ 77.54889, 10.26465 ], [ 77.54794, 10.2678 ], [ 77.54481, 10.27012 ], [ 77.55024, 10.27935 ], [ 77.55052, 10.28574 ], [ 77.55228, 10.2902 ], [ 77.56124, 10.29938 ], [ 77.57644, 10.31196 ], [ 77.57755, 10.33459 ], [ 77.58575, 10.35262 ], [ 77.59528, 10.36402 ], [ 77.60251, 10.38257 ], [ 77.61227, 10.38785 ], [ 77.63143, 10.40845 ], [ 77.64999, 10.42231 ], [ 77.67437, 10.42738 ], [ 77.69291, 10.40948 ], [ 77.70115, 10.40779 ], [ 77.71934, 10.4105 ], [ 77.75368, 10.4007 ], [ 77.76913, 10.38179 ], [ 77.79745, 10.32556 ], [ 77.80844, 10.31897 ], [ 77.80689, 10.30968 ], [ 77.79814, 10.30174 ], [ 77.7911, 10.29279 ], [ 77.78707, 10.28929 ], [ 77.78758, 10.26813 ], [ 77.78217, 10.25876 ], [ 77.77016, 10.26222 ], [ 77.76715, 10.2645 ], [ 77.76398, 10.2694 ], [ 77.75831, 10.27371 ], [ 77.75265, 10.27514 ], [ 77.74758, 10.27312 ], [ 77.74741, 10.26915 ], [ 77.75016, 10.26535 ], [ 77.74733, 10.26248 ], [ 77.74003, 10.2618 ], [ 77.716, 10.26712 ], [ 77.69995, 10.26788 ], [ 77.69308, 10.26999 ], [ 77.68518, 10.27109 ], [ 77.66793, 10.26687 ], [ 77.66716, 10.26594 ], [ 77.66785, 10.26222 ], [ 77.67034, 10.25884 ], [ 77.67506, 10.25766 ], [ 77.685, 10.25282 ], [ 77.68845, 10.24896 ], [ 77.69342, 10.2455 ], [ 77.70793, 10.23874 ], [ 77.71196, 10.23562 ], [ 77.72492, 10.22996 ], [ 77.72982, 10.22607 ], [ 77.73392, 10.22177 ], [ 77.73994, 10.21298 ], [ 77.7378, 10.20884 ], [ 77.72776, 10.20605 ], [ 77.72295, 10.20969 ], [ 77.71814, 10.22092 ], [ 77.71265, 10.22345 ], [ 77.70487, 10.22059 ], [ 77.7046, 10.21955 ], [ 77.70604, 10.2172 ], [ 77.70611, 10.21363 ], [ 77.70488, 10.21336 ], [ 77.70242, 10.21492 ], [ 77.70151, 10.21406 ], [ 77.7016, 10.20943 ], [ 77.6963, 10.20732 ], [ 77.69636, 10.20295 ], [ 77.69364, 10.19853 ], [ 77.69128, 10.19839 ], [ 77.68527, 10.20221 ], [ 77.67978, 10.19919 ], [ 77.67042, 10.1963 ], [ 77.67036, 10.19482 ], [ 77.66838, 10.19135 ], [ 77.66577, 10.18966 ], [ 77.66428, 10.18969 ], [ 77.66214, 10.1934 ], [ 77.65832, 10.1941 ], [ 77.64173, 10.20702 ], [ 77.63911, 10.20597 ], [ 77.63725, 10.20377 ], [ 77.63055, 10.19319 ], [ 77.62733, 10.19287 ], [ 77.60148, 10.20747 ], [ 77.59944, 10.19803 ], [ 77.57497, 10.18856 ], [ 77.57178, 10.18285 ], [ 77.57039, 10.18346 ], [ 77.56944, 10.18886 ], [ 77.56648, 10.19085 ], [ 77.56421, 10.18979 ], [ 77.56442, 10.17788 ], [ 77.56026, 10.18008 ], [ 77.5588, 10.19009 ], [ 77.55592, 10.19845 ], [ 77.55263, 10.19742 ], [ 77.54946, 10.19018 ], [ 77.54651, 10.18951 ], [ 77.53286, 10.19293 ], [ 77.53599, 10.17955 ], [ 77.5293, 10.18178 ], [ 77.53108, 10.17063 ], [ 77.52305, 10.17643 ], [ 77.52171, 10.16885 ], [ 77.50878, 10.16439 ], [ 77.49808, 10.14967 ], [ 77.48559, 10.15056 ], [ 77.47444, 10.13584 ], [ 77.46953, 10.1412 ], [ 77.45347, 10.13361 ], [ 77.44991, 10.118 ], [ 77.40932, 10.12603 ], [ 77.39638, 10.13317 ], [ 77.39326, 10.14432 ], [ 77.37988, 10.14922 ], [ 77.35714, 10.12692 ], [ 77.34732, 10.13763 ], [ 77.32859, 10.12291 ], [ 77.3161, 10.12915 ], [ 77.3103, 10.11577 ], [ 77.28979, 10.12559 ], [ 77.27799, 10.12548 ], [ 77.27373, 10.12647 ], [ 77.26769, 10.12222 ], [ 77.26813, 10.1262 ] ], [ [ 77.35953, 10.2876 ], [ 77.3655, 10.2785 ], [ 77.36771, 10.2775 ], [ 77.36981, 10.2792 ], [ 77.36994, 10.28235 ], [ 77.37208, 10.28657 ], [ 77.36938, 10.29212 ], [ 77.36854, 10.29284 ], [ 77.36653, 10.29282 ], [ 77.36341, 10.29554 ], [ 77.36222, 10.29438 ], [ 77.35963, 10.29454 ], [ 77.35936, 10.29385 ], [ 77.36124, 10.29431 ], [ 77.362, 10.29237 ], [ 77.36157, 10.291 ], [ 77.35908, 10.28937 ], [ 77.35953, 10.2876 ] ], [ [ 77.62655, 10.27899 ], [ 77.62941, 10.27845 ], [ 77.63097, 10.2819 ], [ 77.6328, 10.28264 ], [ 77.63293, 10.28385 ], [ 77.63228, 10.28481 ], [ 77.62991, 10.28518 ], [ 77.62843, 10.28416 ], [ 77.62686, 10.28418 ], [ 77.62604, 10.28149 ], [ 77.62655, 10.27899 ] ], [ [ 77.6437, 10.30606 ], [ 77.64438, 10.30323 ], [ 77.64688, 10.30243 ], [ 77.65006, 10.30467 ], [ 77.6511, 10.30885 ], [ 77.64177, 10.31358 ], [ 77.63827, 10.31125 ], [ 77.6437, 10.30606 ] ], [ [ 77.6683, 10.29763 ], [ 77.67229, 10.2941 ], [ 77.67588, 10.30204 ], [ 77.67477, 10.3028 ], [ 77.66819, 10.30284 ], [ 77.66695, 10.30055 ], [ 77.6683, 10.29763 ] ], [ [ 77.66956, 10.40777 ], [ 77.67225, 10.40718 ], [ 77.67437, 10.40809 ], [ 77.67551, 10.41507 ], [ 77.67488, 10.41605 ], [ 77.67276, 10.41634 ], [ 77.66958, 10.41358 ], [ 77.6683, 10.41121 ], [ 77.66956, 10.40777 ] ], [ [ 77.67716, 10.39564 ], [ 77.6792, 10.39547 ], [ 77.68718, 10.39918 ], [ 77.68793, 10.40243 ], [ 77.68634, 10.40589 ], [ 77.68212, 10.40805 ], [ 77.68089, 10.40792 ], [ 77.68034, 10.40678 ], [ 77.68081, 10.40345 ], [ 77.6822, 10.40129 ], [ 77.6822, 10.39992 ], [ 77.68147, 10.39903 ], [ 77.6789, 10.39994 ], [ 77.67767, 10.39935 ], [ 77.67622, 10.39652 ], [ 77.67716, 10.39564 ] ], [ [ 77.69233, 10.38428 ], [ 77.69675, 10.38329 ], [ 77.69969, 10.38458 ], [ 77.70115, 10.38863 ], [ 77.7034, 10.3869 ], [ 77.70447, 10.38449 ], [ 77.71321, 10.38496 ], [ 77.71518, 10.38561 ], [ 77.71559, 10.38755 ], [ 77.71374, 10.38865 ], [ 77.71214, 10.38817 ], [ 77.7108, 10.39173 ], [ 77.70711, 10.39492 ], [ 77.70441, 10.39526 ], [ 77.69795, 10.39367 ], [ 77.69759, 10.39135 ], [ 77.69166, 10.38576 ], [ 77.69233, 10.38428 ] ], [ [ 77.71121, 10.34595 ], [ 77.71393, 10.34728 ], [ 77.71512, 10.34635 ], [ 77.71574, 10.34251 ], [ 77.71756, 10.3427 ], [ 77.72022, 10.34551 ], [ 77.72546, 10.34798 ], [ 77.72617, 10.351 ], [ 77.72469, 10.35169 ], [ 77.72059, 10.35087 ], [ 77.71791, 10.3537 ], [ 77.71617, 10.35378 ], [ 77.71448, 10.35106 ], [ 77.70886, 10.34827 ], [ 77.71121, 10.34595 ] ], [ [ 77.73479, 10.35419 ], [ 77.7389, 10.3561 ], [ 77.73527, 10.35799 ], [ 77.73433, 10.35743 ], [ 77.73369, 10.35519 ], [ 77.73479, 10.35419 ] ] ] } },
{ "type": "Feature", "properties": { "name": "Gulf of Mannar Marine National Park", "Type": "National Park", "State": "Tamil Nadu", "Year": 1980.0 }, "geometry": { "type": "MultiPolygon", "coordinates": [ [ [ [ 78.22407, 8.94485 ], [ 78.26256, 8.9749 ], [ 78.30834, 8.92501 ], [ 78.24166, 8.81667 ], [ 78.19168, 8.81665 ], [ 78.22407, 8.94485 ] ] ], [ [ [ 78.58147, 9.12418 ], [ 78.60555, 9.0898 ], [ 78.4716, 9.05731 ], [ 78.46319, 9.10617 ], [ 78.58147, 9.12418 ] ] ], [ [ [ 78.86089, 9.19531 ], [ 78.89454, 9.21531 ], [ 78.99876, 9.22007 ], [ 78.99721, 9.17407 ], [ 78.88355, 9.1665 ], [ 78.86536, 9.15566 ], [ 78.75893, 9.11701 ], [ 78.68504, 9.116 ], [ 78.67829, 9.16373 ], [ 78.86089, 9.19531 ] ] ], [ [ [ 79.09332, 9.23157 ], [ 79.17469, 9.21903 ], [ 79.18053, 9.19057 ], [ 79.04114, 9.17633 ], [ 79.03873, 9.21836 ], [ 79.09332, 9.23157 ] ] ], [ [ [ 79.18808, 9.25648 ], [ 79.20525, 9.25529 ], [ 79.21645, 9.25148 ], [ 79.24147, 9.24979 ], [ 79.24147, 9.23881 ], [ 79.17812, 9.21005 ], [ 79.17113, 9.25394 ], [ 79.18808, 9.25648 ] ] ] ] } },
{ "type": "Feature", "properties": { "name": "Yedshi Ramling Ghat WLS", "Type": "Wildlife Sanctuary", "State": "Maharashtra", "Year": 1997.0 }, "geometry": { "type": "Polygon", "coordinates": [ [ [ 75.91362, 18.33161 ], [ 75.91849, 18.33801 ], [ 75.92096, 18.33855 ], [ 75.92446, 18.33663 ], [ 75.92498, 18.33243 ], [ 75.92562, 18.33173 ], [ 75.92819, 18.33161 ], [ 75.92934, 18.33043 ], [ 75.93652, 18.31937 ], [ 75.94207, 18.31891 ], [ 75.94069, 18.3177 ], [ 75.94373, 18.31278 ], [ 75.94239, 18.31098 ], [ 75.94375, 18.30959 ], [ 75.94754, 18.30949 ], [ 75.94604, 18.30305 ], [ 75.95099, 18.30315 ], [ 75.95373, 18.30751 ], [ 75.95713, 18.30826 ], [ 75.95897, 18.30525 ], [ 75.96019, 18.30626 ], [ 75.9636, 18.30511 ], [ 75.96446, 18.30278 ], [ 75.9684, 18.3029 ], [ 75.97031, 18.29933 ], [ 75.96836, 18.29924 ], [ 75.96788, 18.29557 ], [ 75.97054, 18.29517 ], [ 75.97052, 18.29309 ], [ 75.96647, 18.29367 ], [ 75.96697, 18.29118 ], [ 75.96857, 18.29139 ], [ 75.97075, 18.29082 ], [ 75.97075, 18.29003 ], [ 75.97271, 18.29008 ], [ 75.97285, 18.2877 ], [ 75.97159, 18.28539 ], [ 75.97122, 18.28621 ], [ 75.96854, 18.28595 ], [ 75.96815, 18.28398 ], [ 75.97078, 18.28428 ], [ 75.97043, 18.28099 ], [ 75.97183, 18.27775 ], [ 75.9687, 18.27526 ], [ 75.9685, 18.27269 ], [ 75.96547, 18.27165 ], [ 75.95256, 18.27251 ], [ 75.95001, 18.27496 ], [ 75.9461, 18.27655 ], [ 75.9445, 18.28003 ], [ 75.94428, 18.28553 ], [ 75.93988, 18.28441 ], [ 75.93977, 18.28242 ], [ 75.9372, 18.28331 ], [ 75.93754, 18.28455 ], [ 75.94059, 18.28584 ], [ 75.94288, 18.29304 ], [ 75.94439, 18.2936 ], [ 75.94505, 18.29505 ], [ 75.94963, 18.29668 ], [ 75.94767, 18.29747 ], [ 75.94638, 18.29624 ], [ 75.94535, 18.29635 ], [ 75.94594, 18.2982 ], [ 75.94381, 18.29803 ], [ 75.94284, 18.29478 ], [ 75.94132, 18.29362 ], [ 75.9395, 18.28653 ], [ 75.93559, 18.28535 ], [ 75.93525, 18.27875 ], [ 75.9307, 18.27907 ], [ 75.93274, 18.28343 ], [ 75.93344, 18.28649 ], [ 75.93263, 18.28647 ], [ 75.93171, 18.28555 ], [ 75.92613, 18.28475 ], [ 75.92973, 18.27398 ], [ 75.9284, 18.27365 ], [ 75.92437, 18.27614 ], [ 75.92475, 18.27928 ], [ 75.9236, 18.28315 ], [ 75.92214, 18.28494 ], [ 75.9245, 18.28804 ], [ 75.92308, 18.2935 ], [ 75.92119, 18.29611 ], [ 75.91609, 18.29651 ], [ 75.91471, 18.29729 ], [ 75.92031, 18.2974 ], [ 75.9218, 18.29858 ], [ 75.9201, 18.30551 ], [ 75.91583, 18.30636 ], [ 75.91212, 18.31157 ], [ 75.91462, 18.31932 ], [ 75.91434, 18.32103 ], [ 75.90424, 18.32888 ], [ 75.91362, 18.33161 ] ], [ [ 75.95334, 18.28409 ], [ 75.95419, 18.28348 ], [ 75.95703, 18.2839 ], [ 75.95576, 18.28889 ], [ 75.9521, 18.28883 ], [ 75.95163, 18.28818 ], [ 75.95334, 18.28409 ] ] ] } },
{ "type": "Feature", "properties": { "name": "Rangayyanadurga Four Horned Antelope WLS", "Type": "Wildlife Sanctuary", "State": "Karnataka", "Year": 2011.0 }, "geometry": { "type": "MultiPolygon", "coordinates": [ [ [ [ 76.13688, 14.68523 ], [ 76.14272, 14.68516 ], [ 76.15147, 14.68705 ], [ 76.15424, 14.68623 ], [ 76.15683, 14.68318 ], [ 76.15416, 14.68074 ], [ 76.1556, 14.66564 ], [ 76.15633, 14.66478 ], [ 76.15785, 14.66481 ], [ 76.15722, 14.66925 ], [ 76.16317, 14.66874 ], [ 76.17087, 14.66663 ], [ 76.17023, 14.66286 ], [ 76.16774, 14.66119 ], [ 76.1633, 14.65555 ], [ 76.153, 14.66379 ], [ 76.15186, 14.66547 ], [ 76.14684, 14.6685 ], [ 76.14641, 14.6707 ], [ 76.14152, 14.67124 ], [ 76.13787, 14.67415 ], [ 76.1362, 14.67635 ], [ 76.13684, 14.6783 ], [ 76.1344, 14.68013 ], [ 76.13688, 14.68523 ] ] ], [ [ [ 76.17347, 14.66076 ], [ 76.17417, 14.66122 ], [ 76.17976, 14.66007 ], [ 76.1804, 14.66123 ], [ 76.18313, 14.66055 ], [ 76.18442, 14.65717 ], [ 76.18773, 14.65667 ], [ 76.18875, 14.65425 ], [ 76.1924, 14.65404 ], [ 76.19461, 14.65223 ], [ 76.1948, 14.65048 ], [ 76.19168, 14.64736 ], [ 76.19186, 14.64631 ], [ 76.19527, 14.64347 ], [ 76.19956, 14.64235 ], [ 76.20036, 14.64405 ], [ 76.19761, 14.64515 ], [ 76.19787, 14.64886 ], [ 76.19982, 14.64895 ], [ 76.21237, 14.63973 ], [ 76.21604, 14.63892 ], [ 76.21787, 14.64143 ], [ 76.21913, 14.64156 ], [ 76.22499, 14.63825 ], [ 76.2237, 14.63591 ], [ 76.22555, 14.63437 ], [ 76.22606, 14.63105 ], [ 76.22877, 14.63003 ], [ 76.22849, 14.62673 ], [ 76.23261, 14.62341 ], [ 76.24095, 14.61876 ], [ 76.24012, 14.61299 ], [ 76.23767, 14.60836 ], [ 76.24188, 14.60574 ], [ 76.24437, 14.60894 ], [ 76.24462, 14.61056 ], [ 76.24602, 14.61066 ], [ 76.24613, 14.61143 ], [ 76.24806, 14.61133 ], [ 76.25331, 14.6047 ], [ 76.2531, 14.60061 ], [ 76.25836, 14.60047 ], [ 76.25722, 14.60443 ], [ 76.25514, 14.60796 ], [ 76.25917, 14.60688 ], [ 76.26121, 14.61025 ], [ 76.26134, 14.61195 ], [ 76.26344, 14.61133 ], [ 76.26585, 14.60576 ], [ 76.26992, 14.60177 ], [ 76.26924, 14.59168 ], [ 76.277, 14.58142 ], [ 76.27679, 14.57715 ], [ 76.28271, 14.56938 ], [ 76.28254, 14.56302 ], [ 76.28129, 14.55875 ], [ 76.27949, 14.55586 ], [ 76.26906, 14.54645 ], [ 76.26572, 14.54552 ], [ 76.26468, 14.54898 ], [ 76.25999, 14.54895 ], [ 76.25838, 14.54667 ], [ 76.25846, 14.54402 ], [ 76.25349, 14.54166 ], [ 76.25335, 14.54027 ], [ 76.2503, 14.53969 ], [ 76.25022, 14.54292 ], [ 76.24655, 14.54277 ], [ 76.24699, 14.54498 ], [ 76.24527, 14.54538 ], [ 76.24467, 14.54656 ], [ 76.24583, 14.5535 ], [ 76.23903, 14.55183 ], [ 76.23731, 14.55607 ], [ 76.23729, 14.55915 ], [ 76.23505, 14.55907 ], [ 76.23143, 14.5608 ], [ 76.22791, 14.56955 ], [ 76.22638, 14.57044 ], [ 76.22578, 14.57553 ], [ 76.22804, 14.576 ], [ 76.22894, 14.57702 ], [ 76.22847, 14.58097 ], [ 76.23171, 14.58088 ], [ 76.23179, 14.58414 ], [ 76.23379, 14.58587 ], [ 76.22653, 14.60468 ], [ 76.21563, 14.60148 ], [ 76.21387, 14.60684 ], [ 76.21139, 14.60667 ], [ 76.20083, 14.61332 ], [ 76.19727, 14.61938 ], [ 76.19351, 14.62245 ], [ 76.1907, 14.62204 ], [ 76.18853, 14.62441 ], [ 76.18424, 14.62569 ], [ 76.17695, 14.63796 ], [ 76.17317, 14.64239 ], [ 76.17533, 14.64506 ], [ 76.17505, 14.64716 ], [ 76.17609, 14.64724 ], [ 76.17763, 14.64997 ], [ 76.17913, 14.64977 ], [ 76.17986, 14.65286 ], [ 76.17643, 14.65398 ], [ 76.17308, 14.65731 ], [ 76.17347, 14.66076 ] ] ], [ [ [ 76.19124, 14.68358 ], [ 76.19364, 14.68408 ], [ 76.19476, 14.68183 ], [ 76.19845, 14.67966 ], [ 76.20083, 14.67977 ], [ 76.20845, 14.67382 ], [ 76.2192, 14.66146 ], [ 76.21782, 14.66016 ], [ 76.21999, 14.6591 ], [ 76.22074, 14.65763 ], [ 76.22856, 14.65067 ], [ 76.23171, 14.64942 ], [ 76.23269, 14.65201 ], [ 76.2504, 14.64529 ], [ 76.26168, 14.64214 ], [ 76.26063, 14.63971 ], [ 76.26962, 14.63362 ], [ 76.27123, 14.62777 ], [ 76.271, 14.62358 ], [ 76.26636, 14.62254 ], [ 76.26636, 14.6171 ], [ 76.25675, 14.61654 ], [ 76.25799, 14.62179 ], [ 76.24735, 14.62233 ], [ 76.24555, 14.63641 ], [ 76.24426, 14.63774 ], [ 76.23771, 14.63892 ], [ 76.23038, 14.63819 ], [ 76.22188, 14.64401 ], [ 76.21688, 14.64481 ], [ 76.21426, 14.64411 ], [ 76.20739, 14.65557 ], [ 76.20882, 14.66129 ], [ 76.2056, 14.66167 ], [ 76.19939, 14.66744 ], [ 76.20006, 14.67103 ], [ 76.19585, 14.66988 ], [ 76.19524, 14.67401 ], [ 76.19057, 14.68215 ], [ 76.19124, 14.68358 ] ] ] ] } },
{ "type": "Feature", "properties": { "name": "Melkote Temple WLS", "Type": "Wildlife Sanctuary", "State": "Karnataka", "Year": 1974.0 }, "geometry": { "type": "MultiPolygon", "coordinates": [ [ [ [ 76.55769, 12.71719 ], [ 76.56179, 12.71909 ], [ 76.56301, 12.72481 ], [ 76.56108, 12.7269 ], [ 76.56093, 12.72858 ], [ 76.56138, 12.73006 ], [ 76.56449, 12.73151 ], [ 76.56441, 12.73339 ], [ 76.56559, 12.7346 ], [ 76.56493, 12.73657 ], [ 76.56762, 12.73843 ], [ 76.57005, 12.74224 ], [ 76.57696, 12.74482 ], [ 76.58241, 12.75409 ], [ 76.58353, 12.75325 ], [ 76.58288, 12.74833 ], [ 76.58728, 12.74601 ], [ 76.59213, 12.73935 ], [ 76.59599, 12.74103 ], [ 76.59981, 12.73843 ], [ 76.60217, 12.73513 ], [ 76.60792, 12.72968 ], [ 76.61445, 12.73186 ], [ 76.62964, 12.73295 ], [ 76.63256, 12.73161 ], [ 76.63419, 12.72793 ], [ 76.64131, 12.72994 ], [ 76.64612, 12.73446 ], [ 76.64904, 12.73161 ], [ 76.64749, 12.71981 ], [ 76.64492, 12.71847 ], [ 76.63685, 12.71742 ], [ 76.63114, 12.71114 ], [ 76.63067, 12.70829 ], [ 76.62509, 12.69582 ], [ 76.61595, 12.67719 ], [ 76.61724, 12.66906 ], [ 76.6196, 12.66178 ], [ 76.62724, 12.66521 ], [ 76.63453, 12.66521 ], [ 76.63899, 12.66019 ], [ 76.63659, 12.6452 ], [ 76.63007, 12.64702 ], [ 76.62996, 12.63847 ], [ 76.62816, 12.63454 ], [ 76.62063, 12.63724 ], [ 76.61754, 12.64587 ], [ 76.61359, 12.63875 ], [ 76.59883, 12.63724 ], [ 76.59642, 12.64737 ], [ 76.59496, 12.65633 ], [ 76.59531, 12.66504 ], [ 76.5978, 12.66672 ], [ 76.59848, 12.66245 ], [ 76.60037, 12.66115 ], [ 76.59973, 12.6694 ], [ 76.60256, 12.67907 ], [ 76.61603, 12.70319 ], [ 76.61573, 12.70997 ], [ 76.6137, 12.71522 ], [ 76.6105, 12.71702 ], [ 76.60882, 12.71652 ], [ 76.60241, 12.71746 ], [ 76.5999, 12.72165 ], [ 76.5982, 12.72188 ], [ 76.59672, 12.7187 ], [ 76.59389, 12.71648 ], [ 76.59183, 12.71702 ], [ 76.58906, 12.71926 ], [ 76.58754, 12.7162 ], [ 76.58861, 12.71294 ], [ 76.58739, 12.71131 ], [ 76.57874, 12.71124 ], [ 76.57829, 12.71177 ], [ 76.58165, 12.71456 ], [ 76.58047, 12.71639 ], [ 76.58093, 12.72107 ], [ 76.58016, 12.72116 ], [ 76.57492, 12.7175 ], [ 76.5722, 12.7178 ], [ 76.57167, 12.71494 ], [ 76.57019, 12.71266 ], [ 76.57178, 12.71192 ], [ 76.57308, 12.71356 ], [ 76.57463, 12.71352 ], [ 76.57208, 12.70861 ], [ 76.5696, 12.70848 ], [ 76.56893, 12.70964 ], [ 76.56802, 12.70949 ], [ 76.56368, 12.70285 ], [ 76.55999, 12.70214 ], [ 76.55865, 12.7046 ], [ 76.55871, 12.70895 ], [ 76.55721, 12.71054 ], [ 76.55811, 12.71325 ], [ 76.55718, 12.71588 ], [ 76.55769, 12.71719 ] ] ], [ [ [ 76.65539, 12.71537 ], [ 76.65719, 12.71955 ], [ 76.66471, 12.71952 ], [ 76.66486, 12.71346 ], [ 76.66682, 12.70861 ], [ 76.66721, 12.70537 ], [ 76.66929, 12.70173 ], [ 76.67225, 12.69946 ], [ 76.67307, 12.69778 ], [ 76.66672, 12.68765 ], [ 76.66183, 12.68246 ], [ 76.65771, 12.6843 ], [ 76.65444, 12.68698 ], [ 76.6541, 12.69268 ], [ 76.65492, 12.69977 ], [ 76.65367, 12.70306 ], [ 76.65539, 12.71537 ] ] ] ] } },
{ "type": "Feature", "properties": { "name": "Kalakad WLS", "Type": "Wildlife Sanctuary", "State": "Tamil Nadu", "Year": 1976.0 }, "geometry": { "type": "Polygon", "coordinates": [ [ [ 77.28995, 8.57152 ], [ 77.34244, 8.55145 ], [ 77.36085, 8.5383 ], [ 77.36675, 8.54238 ], [ 77.38323, 8.54283 ], [ 77.39393, 8.53614 ], [ 77.40507, 8.54694 ], [ 77.41315, 8.55809 ], [ 77.41765, 8.57052 ], [ 77.41965, 8.5812 ], [ 77.444, 8.59307 ], [ 77.4646, 8.6019 ], [ 77.48125, 8.61072 ], [ 77.48973, 8.61795 ], [ 77.4976, 8.61453 ], [ 77.49854, 8.61113 ], [ 77.50232, 8.60869 ], [ 77.50807, 8.6138 ], [ 77.51701, 8.61514 ], [ 77.52504, 8.61306 ], [ 77.52957, 8.60705 ], [ 77.53996, 8.60254 ], [ 77.54569, 8.59622 ], [ 77.5475, 8.59151 ], [ 77.54754, 8.58484 ], [ 77.5502, 8.5787 ], [ 77.55769, 8.57605 ], [ 77.55097, 8.57245 ], [ 77.55364, 8.57066 ], [ 77.55617, 8.57025 ], [ 77.5591, 8.57129 ], [ 77.56223, 8.57043 ], [ 77.56246, 8.56539 ], [ 77.55761, 8.56158 ], [ 77.559, 8.55862 ], [ 77.5584, 8.55665 ], [ 77.55652, 8.5556 ], [ 77.55185, 8.55493 ], [ 77.5518, 8.55368 ], [ 77.54725, 8.55398 ], [ 77.54266, 8.55557 ], [ 77.54083, 8.55359 ], [ 77.53889, 8.55358 ], [ 77.5306, 8.55567 ], [ 77.52728, 8.55371 ], [ 77.5272, 8.54722 ], [ 77.52655, 8.54598 ], [ 77.52246, 8.54286 ], [ 77.51612, 8.54503 ], [ 77.5096, 8.53695 ], [ 77.51069, 8.53283 ], [ 77.51655, 8.53227 ], [ 77.5101, 8.5267 ], [ 77.51323, 8.51983 ], [ 77.51457, 8.511 ], [ 77.52121, 8.50143 ], [ 77.52756, 8.49558 ], [ 77.5272, 8.48963 ], [ 77.52816, 8.48463 ], [ 77.53456, 8.47701 ], [ 77.53612, 8.47357 ], [ 77.53825, 8.47463 ], [ 77.54218, 8.47419 ], [ 77.54666, 8.47078 ], [ 77.55003, 8.46588 ], [ 77.54692, 8.46554 ], [ 77.54458, 8.46696 ], [ 77.5436, 8.46663 ], [ 77.54374, 8.46518 ], [ 77.5465, 8.46234 ], [ 77.55099, 8.46021 ], [ 77.55361, 8.45598 ], [ 77.55325, 8.45492 ], [ 77.5512, 8.45456 ], [ 77.54837, 8.45647 ], [ 77.54589, 8.45668 ], [ 77.54574, 8.45763 ], [ 77.5469, 8.45831 ], [ 77.54505, 8.45973 ], [ 77.54359, 8.45887 ], [ 77.54234, 8.45411 ], [ 77.54371, 8.45224 ], [ 77.54374, 8.4506 ], [ 77.54292, 8.44941 ], [ 77.54014, 8.4498 ], [ 77.54175, 8.44669 ], [ 77.5385, 8.44728 ], [ 77.5373, 8.44609 ], [ 77.53949, 8.44325 ], [ 77.53889, 8.4427 ], [ 77.53696, 8.44249 ], [ 77.53394, 8.44394 ], [ 77.53304, 8.4454 ], [ 77.53086, 8.44595 ], [ 77.52996, 8.44286 ], [ 77.52784, 8.44471 ], [ 77.52418, 8.44576 ], [ 77.5229, 8.44539 ], [ 77.5229, 8.43778 ], [ 77.52873, 8.43546 ], [ 77.53193, 8.43324 ], [ 77.53311, 8.43081 ], [ 77.53249, 8.4297 ], [ 77.52866, 8.43023 ], [ 77.52744, 8.42703 ], [ 77.52524, 8.42764 ], [ 77.52347, 8.42522 ], [ 77.52199, 8.42629 ], [ 77.51619, 8.42348 ], [ 77.51831, 8.41794 ], [ 77.52025, 8.41638 ], [ 77.52327, 8.4234 ], [ 77.52685, 8.4255 ], [ 77.52819, 8.42471 ], [ 77.53181, 8.42519 ], [ 77.53727, 8.42392 ], [ 77.54324, 8.4197 ], [ 77.54844, 8.41948 ], [ 77.55443, 8.41665 ], [ 77.55885, 8.4105 ], [ 77.55783, 8.40319 ], [ 77.55937, 8.40008 ], [ 77.55882, 8.39728 ], [ 77.55397, 8.39677 ], [ 77.54704, 8.39069 ], [ 77.5477, 8.38138 ], [ 77.54546, 8.37043 ], [ 77.53834, 8.36933 ], [ 77.53824, 8.37605 ], [ 77.54106, 8.38439 ], [ 77.53906, 8.39103 ], [ 77.53338, 8.39402 ], [ 77.52472, 8.39063 ], [ 77.51943, 8.3963 ], [ 77.50999, 8.39267 ], [ 77.50451, 8.38891 ], [ 77.49322, 8.39656 ], [ 77.48224, 8.40529 ], [ 77.47724, 8.41214 ], [ 77.47831, 8.42337 ], [ 77.47393, 8.43083 ], [ 77.46664, 8.43675 ], [ 77.46373, 8.44654 ], [ 77.46756, 8.45624 ], [ 77.463, 8.46234 ], [ 77.45675, 8.46155 ], [ 77.44968, 8.46216 ], [ 77.44487, 8.46706 ], [ 77.43598, 8.47237 ], [ 77.42693, 8.47473 ], [ 77.41596, 8.48356 ], [ 77.40349, 8.48188 ], [ 77.39067, 8.49056 ], [ 77.38221, 8.4951 ], [ 77.37827, 8.49849 ], [ 77.37302, 8.49919 ], [ 77.36648, 8.50191 ], [ 77.36514, 8.50602 ], [ 77.35879, 8.51177 ], [ 77.34045, 8.51813 ], [ 77.33602, 8.52216 ], [ 77.33047, 8.52453 ], [ 77.32361, 8.52428 ], [ 77.31734, 8.52829 ], [ 77.30442, 8.53229 ], [ 77.28989, 8.54221 ], [ 77.28779, 8.55302 ], [ 77.28704, 8.56517 ], [ 77.28995, 8.57152 ] ] ] } },
{ "type": "Feature", "properties": { "name": "Neyyar WLS", "Type": "Wildlife Sanctuary", "State": "Kerala", "Year": 1958.0 }, "geometry": { "type": "Polygon", "coordinates": [ [ [ 77.16874, 8.57415 ], [ 77.17998, 8.57338 ], [ 77.19681, 8.58068 ], [ 77.2114, 8.59222 ], [ 77.21621, 8.60767 ], [ 77.22153, 8.61565 ], [ 77.23406, 8.62888 ], [ 77.23805, 8.6271 ], [ 77.23951, 8.62294 ], [ 77.24504, 8.61739 ], [ 77.24354, 8.60877 ], [ 77.24655, 8.60173 ], [ 77.25474, 8.59638 ], [ 77.25637, 8.59104 ], [ 77.2647, 8.58586 ], [ 77.26543, 8.58293 ], [ 77.27127, 8.57614 ], [ 77.27551, 8.56473 ], [ 77.27491, 8.55997 ], [ 77.27551, 8.55539 ], [ 77.27946, 8.55021 ], [ 77.27955, 8.54537 ], [ 77.28086, 8.54394 ], [ 77.27987, 8.53907 ], [ 77.27512, 8.53621 ], [ 77.27409, 8.53394 ], [ 77.27014, 8.52945 ], [ 77.26818, 8.52091 ], [ 77.26574, 8.51799 ], [ 77.26575, 8.51334 ], [ 77.2645, 8.51245 ], [ 77.26344, 8.50713 ], [ 77.26191, 8.50512 ], [ 77.25743, 8.50666 ], [ 77.25645, 8.50523 ], [ 77.2535, 8.50601 ], [ 77.24522, 8.50182 ], [ 77.24279, 8.50149 ], [ 77.24135, 8.49941 ], [ 77.23934, 8.49888 ], [ 77.23741, 8.50205 ], [ 77.23081, 8.50759 ], [ 77.22358, 8.51159 ], [ 77.21587, 8.51258 ], [ 77.21116, 8.51507 ], [ 77.20785, 8.50935 ], [ 77.19881, 8.5057 ], [ 77.19891, 8.50652 ], [ 77.19701, 8.50876 ], [ 77.19531, 8.50963 ], [ 77.19554, 8.51033 ], [ 77.19456, 8.51019 ], [ 77.19241, 8.51167 ], [ 77.19286, 8.51296 ], [ 77.19152, 8.51501 ], [ 77.19193, 8.5156 ], [ 77.18935, 8.51651 ], [ 77.18842, 8.51842 ], [ 77.18687, 8.5194 ], [ 77.18761, 8.51987 ], [ 77.18947, 8.51828 ], [ 77.18931, 8.51946 ], [ 77.19033, 8.5192 ], [ 77.18653, 8.52334 ], [ 77.1874, 8.52457 ], [ 77.18853, 8.52446 ], [ 77.18917, 8.52227 ], [ 77.18981, 8.52247 ], [ 77.18922, 8.52364 ], [ 77.18989, 8.52418 ], [ 77.19065, 8.52166 ], [ 77.1912, 8.52326 ], [ 77.19253, 8.52146 ], [ 77.19208, 8.5179 ], [ 77.19396, 8.51677 ], [ 77.19511, 8.51711 ], [ 77.19314, 8.51946 ], [ 77.19323, 8.52213 ], [ 77.19421, 8.52355 ], [ 77.19208, 8.52352 ], [ 77.19076, 8.52503 ], [ 77.19102, 8.52586 ], [ 77.1931, 8.5262 ], [ 77.19124, 8.52665 ], [ 77.19068, 8.52852 ], [ 77.19026, 8.52677 ], [ 77.1886, 8.52679 ], [ 77.18788, 8.52806 ], [ 77.18805, 8.5266 ], [ 77.18682, 8.52656 ], [ 77.18652, 8.52762 ], [ 77.18744, 8.528 ], [ 77.18575, 8.53041 ], [ 77.18598, 8.53205 ], [ 77.18696, 8.53252 ], [ 77.18642, 8.53406 ], [ 77.1851, 8.53105 ], [ 77.1842, 8.5312 ], [ 77.18391, 8.53017 ], [ 77.1815, 8.53028 ], [ 77.17819, 8.53233 ], [ 77.17775, 8.53124 ], [ 77.17634, 8.53183 ], [ 77.17538, 8.53356 ], [ 77.17721, 8.53301 ], [ 77.17596, 8.53515 ], [ 77.17312, 8.53754 ], [ 77.17416, 8.54112 ], [ 77.17561, 8.54211 ], [ 77.17405, 8.54297 ], [ 77.179, 8.54705 ], [ 77.17867, 8.54891 ], [ 77.17994, 8.54935 ], [ 77.18078, 8.54885 ], [ 77.18042, 8.54755 ], [ 77.18139, 8.54828 ], [ 77.18283, 8.54669 ], [ 77.18191, 8.54486 ], [ 77.18308, 8.54526 ], [ 77.1836, 8.54445 ], [ 77.18314, 8.54801 ], [ 77.18517, 8.5479 ], [ 77.18575, 8.54675 ], [ 77.18512, 8.54635 ], [ 77.18565, 8.5431 ], [ 77.18516, 8.54211 ], [ 77.18613, 8.54246 ], [ 77.18648, 8.5455 ], [ 77.18791, 8.54375 ], [ 77.189, 8.54409 ], [ 77.18857, 8.53953 ], [ 77.1899, 8.53974 ], [ 77.18994, 8.54298 ], [ 77.1905, 8.54284 ], [ 77.18988, 8.54398 ], [ 77.19127, 8.54482 ], [ 77.19474, 8.54341 ], [ 77.19506, 8.54074 ], [ 77.19538, 8.54153 ], [ 77.19686, 8.54094 ], [ 77.19726, 8.54157 ], [ 77.19571, 8.5419 ], [ 77.19609, 8.54317 ], [ 77.20816, 8.54046 ], [ 77.21045, 8.53641 ], [ 77.21029, 8.53938 ], [ 77.20953, 8.5393 ], [ 77.20762, 8.54131 ], [ 77.20903, 8.54161 ], [ 77.20882, 8.54239 ], [ 77.21033, 8.5409 ], [ 77.21118, 8.5413 ], [ 77.219, 8.53925 ], [ 77.22211, 8.5341 ], [ 77.22372, 8.53362 ], [ 77.22362, 8.53121 ], [ 77.22457, 8.53081 ], [ 77.22378, 8.5295 ], [ 77.22492, 8.52864 ], [ 77.22552, 8.53384 ], [ 77.22452, 8.53248 ], [ 77.22338, 8.53578 ], [ 77.22228, 8.53606 ], [ 77.22122, 8.53812 ], [ 77.22367, 8.53789 ], [ 77.22015, 8.53916 ], [ 77.22374, 8.53936 ], [ 77.22132, 8.53986 ], [ 77.22044, 8.54211 ], [ 77.21898, 8.54156 ], [ 77.22092, 8.54063 ], [ 77.22019, 8.53986 ], [ 77.21439, 8.54149 ], [ 77.21472, 8.54227 ], [ 77.21676, 8.54215 ], [ 77.21733, 8.54488 ], [ 77.21654, 8.54453 ], [ 77.21632, 8.54274 ], [ 77.21464, 8.54341 ], [ 77.213, 8.54125 ], [ 77.21131, 8.54216 ], [ 77.21272, 8.54341 ], [ 77.21169, 8.54306 ], [ 77.20959, 8.54498 ], [ 77.20893, 8.54483 ], [ 77.21073, 8.5428 ], [ 77.20855, 8.54297 ], [ 77.20777, 8.54378 ], [ 77.20801, 8.54256 ], [ 77.20625, 8.542 ], [ 77.20558, 8.54274 ], [ 77.20715, 8.54479 ], [ 77.2058, 8.54389 ], [ 77.20448, 8.54378 ], [ 77.20404, 8.54451 ], [ 77.20369, 8.54354 ], [ 77.2021, 8.54358 ], [ 77.20268, 8.54507 ], [ 77.19857, 8.54621 ], [ 77.20074, 8.54419 ], [ 77.19997, 8.54291 ], [ 77.19682, 8.54462 ], [ 77.19572, 8.54448 ], [ 77.19571, 8.54535 ], [ 77.19769, 8.54582 ], [ 77.19611, 8.54627 ], [ 77.1946, 8.54561 ], [ 77.19429, 8.54729 ], [ 77.19745, 8.54775 ], [ 77.19513, 8.54784 ], [ 77.19442, 8.54833 ], [ 77.19464, 8.54927 ], [ 77.19667, 8.54931 ], [ 77.19739, 8.55011 ], [ 77.19821, 8.54863 ], [ 77.19883, 8.54977 ], [ 77.20262, 8.55024 ], [ 77.20006, 8.55078 ], [ 77.19914, 8.55394 ], [ 77.1991, 8.55082 ], [ 77.19708, 8.55105 ], [ 77.1965, 8.55229 ], [ 77.19643, 8.55086 ], [ 77.19503, 8.55071 ], [ 77.19575, 8.5533 ], [ 77.19705, 8.55375 ], [ 77.19595, 8.55376 ], [ 77.19549, 8.55481 ], [ 77.19383, 8.55185 ], [ 77.19235, 8.55251 ], [ 77.19201, 8.55361 ], [ 77.19049, 8.55332 ], [ 77.1917, 8.55227 ], [ 77.19144, 8.55081 ], [ 77.19254, 8.55096 ], [ 77.19369, 8.54986 ], [ 77.19383, 8.54831 ], [ 77.19292, 8.54677 ], [ 77.1912, 8.54717 ], [ 77.18902, 8.54537 ], [ 77.1881, 8.54622 ], [ 77.18951, 8.5471 ], [ 77.18837, 8.54692 ], [ 77.18796, 8.54825 ], [ 77.1895, 8.54855 ], [ 77.18373, 8.54935 ], [ 77.18156, 8.55104 ], [ 77.18579, 8.55261 ], [ 77.18229, 8.55231 ], [ 77.18276, 8.55387 ], [ 77.18445, 8.55422 ], [ 77.18239, 8.55598 ], [ 77.18284, 8.55482 ], [ 77.18171, 8.55315 ], [ 77.17926, 8.55484 ], [ 77.18089, 8.55196 ], [ 77.17935, 8.55132 ], [ 77.17786, 8.55232 ], [ 77.17736, 8.55135 ], [ 77.17617, 8.55127 ], [ 77.17546, 8.55194 ], [ 77.17553, 8.55357 ], [ 77.17733, 8.55548 ], [ 77.17649, 8.5553 ], [ 77.17495, 8.5572 ], [ 77.17573, 8.55487 ], [ 77.17459, 8.55408 ], [ 77.17457, 8.55228 ], [ 77.17345, 8.55197 ], [ 77.17217, 8.55362 ], [ 77.17291, 8.55532 ], [ 77.17189, 8.55489 ], [ 77.1709, 8.55612 ], [ 77.17144, 8.55737 ], [ 77.17211, 8.55777 ], [ 77.17258, 8.55872 ], [ 77.17132, 8.55763 ], [ 77.17108, 8.55809 ], [ 77.16917, 8.55911 ], [ 77.17086, 8.55795 ], [ 77.1709, 8.55709 ], [ 77.16742, 8.55815 ], [ 77.16954, 8.55662 ], [ 77.16789, 8.55666 ], [ 77.1703, 8.55523 ], [ 77.171, 8.55322 ], [ 77.16801, 8.55363 ], [ 77.1668, 8.5531 ], [ 77.16935, 8.55274 ], [ 77.16959, 8.55174 ], [ 77.17025, 8.55231 ], [ 77.1734, 8.55027 ], [ 77.17558, 8.5499 ], [ 77.1754, 8.54803 ], [ 77.17692, 8.54976 ], [ 77.17789, 8.54699 ], [ 77.17669, 8.54586 ], [ 77.17664, 8.54682 ], [ 77.17502, 8.54655 ], [ 77.17494, 8.54484 ], [ 77.17408, 8.54548 ], [ 77.17354, 8.54502 ], [ 77.17339, 8.54624 ], [ 77.17236, 8.54607 ], [ 77.17172, 8.54711 ], [ 77.17149, 8.54594 ], [ 77.16911, 8.54582 ], [ 77.17259, 8.5447 ], [ 77.17305, 8.54358 ], [ 77.1726, 8.54281 ], [ 77.16994, 8.54307 ], [ 77.17264, 8.54081 ], [ 77.17155, 8.53964 ], [ 77.17063, 8.54106 ], [ 77.17037, 8.53866 ], [ 77.17007, 8.53978 ], [ 77.16903, 8.53985 ], [ 77.16705, 8.54216 ], [ 77.16822, 8.54349 ], [ 77.16552, 8.54404 ], [ 77.16423, 8.54577 ], [ 77.16439, 8.5464 ], [ 77.16773, 8.54583 ], [ 77.16739, 8.54677 ], [ 77.16483, 8.54711 ], [ 77.16515, 8.54879 ], [ 77.16358, 8.54742 ], [ 77.16161, 8.54946 ], [ 77.16348, 8.5494 ], [ 77.16147, 8.55101 ], [ 77.16177, 8.55253 ], [ 77.16374, 8.55308 ], [ 77.16484, 8.55237 ], [ 77.16384, 8.55423 ], [ 77.16269, 8.55384 ], [ 77.16228, 8.55486 ], [ 77.16489, 8.55523 ], [ 77.16357, 8.55554 ], [ 77.16368, 8.55647 ], [ 77.16237, 8.556 ], [ 77.16271, 8.5573 ], [ 77.16057, 8.56127 ], [ 77.16029, 8.56417 ], [ 77.16874, 8.57415 ] ] ] } },
{ "type": "Feature", "properties": { "name": "Mundanthurai WLS", "Type": "Wildlife Sanctuary", "State": "Tamil Nadu", "Year": 1977.0 }, "geometry": { "type": "Polygon", "coordinates": [ [ [ 77.19344, 8.74267 ], [ 77.19908, 8.74843 ], [ 77.20944, 8.7503 ], [ 77.21501, 8.75574 ], [ 77.21833, 8.76069 ], [ 77.22738, 8.7616 ], [ 77.23555, 8.77626 ], [ 77.23764, 8.78578 ], [ 77.24146, 8.79153 ], [ 77.24374, 8.7975 ], [ 77.25082, 8.80737 ], [ 77.25624, 8.81824 ], [ 77.25776, 8.82616 ], [ 77.26305, 8.82888 ], [ 77.2667, 8.83281 ], [ 77.2708, 8.83831 ], [ 77.27346, 8.8435 ], [ 77.27463, 8.84801 ], [ 77.27972, 8.85429 ], [ 77.28082, 8.86097 ], [ 77.28045, 8.87069 ], [ 77.27169, 8.87687 ], [ 77.2675, 8.87811 ], [ 77.26712, 8.88035 ], [ 77.27412, 8.88422 ], [ 77.27985, 8.88019 ], [ 77.28761, 8.88195 ], [ 77.29612, 8.8762 ], [ 77.30505, 8.87568 ], [ 77.3059, 8.87347 ], [ 77.31284, 8.86896 ], [ 77.31868, 8.8688 ], [ 77.32237, 8.87014 ], [ 77.325, 8.87224 ], [ 77.32713, 8.87001 ], [ 77.32558, 8.8668 ], [ 77.32733, 8.86422 ], [ 77.32251, 8.86219 ], [ 77.31914, 8.85975 ], [ 77.32347, 8.8572 ], [ 77.32272, 8.85717 ], [ 77.32229, 8.85438 ], [ 77.3251, 8.85072 ], [ 77.32381, 8.8501 ], [ 77.32298, 8.85095 ], [ 77.32176, 8.85052 ], [ 77.32218, 8.84895 ], [ 77.32085, 8.84808 ], [ 77.31448, 8.84616 ], [ 77.31899, 8.84219 ], [ 77.32383, 8.8309 ], [ 77.32209, 8.82464 ], [ 77.31885, 8.81986 ], [ 77.32255, 8.81476 ], [ 77.32245, 8.8113 ], [ 77.32474, 8.80683 ], [ 77.32195, 8.80414 ], [ 77.31954, 8.8045 ], [ 77.31723, 8.80355 ], [ 77.31366, 8.80508 ], [ 77.31181, 8.80387 ], [ 77.3109, 8.79324 ], [ 77.31464, 8.78661 ], [ 77.31449, 8.78554 ], [ 77.32103, 8.78173 ], [ 77.31945, 8.77787 ], [ 77.32171, 8.7753 ], [ 77.32336, 8.77679 ], [ 77.32478, 8.77359 ], [ 77.3261, 8.77341 ], [ 77.32725, 8.76993 ], [ 77.32952, 8.77025 ], [ 77.33131, 8.76898 ], [ 77.3319, 8.76688 ], [ 77.33248, 8.76695 ], [ 77.33208, 8.76534 ], [ 77.33471, 8.76694 ], [ 77.33788, 8.76456 ], [ 77.33824, 8.76538 ], [ 77.34116, 8.76598 ], [ 77.34487, 8.76361 ], [ 77.34616, 8.76451 ], [ 77.34677, 8.76347 ], [ 77.34999, 8.76317 ], [ 77.35157, 8.76005 ], [ 77.3567, 8.75626 ], [ 77.36169, 8.75013 ], [ 77.36086, 8.74535 ], [ 77.36188, 8.73989 ], [ 77.35973, 8.73857 ], [ 77.35374, 8.73985 ], [ 77.3538, 8.73875 ], [ 77.35092, 8.73794 ], [ 77.35431, 8.73009 ], [ 77.35713, 8.71733 ], [ 77.35851, 8.71742 ], [ 77.35847, 8.71606 ], [ 77.36263, 8.71387 ], [ 77.36849, 8.70778 ], [ 77.37529, 8.70373 ], [ 77.38611, 8.70019 ], [ 77.392, 8.6964 ], [ 77.39696, 8.68968 ], [ 77.40278, 8.67709 ], [ 77.40237, 8.67368 ], [ 77.40422, 8.67361 ], [ 77.40389, 8.67286 ], [ 77.40739, 8.66942 ], [ 77.41085, 8.66863 ], [ 77.40814, 8.66727 ], [ 77.40647, 8.66534 ], [ 77.40726, 8.66394 ], [ 77.40679, 8.66018 ], [ 77.41427, 8.656 ], [ 77.42073, 8.64965 ], [ 77.42577, 8.64599 ], [ 77.42737, 8.64624 ], [ 77.43014, 8.6449 ], [ 77.43673, 8.64715 ], [ 77.43974, 8.6506 ], [ 77.44584, 8.65119 ], [ 77.44996, 8.64987 ], [ 77.45184, 8.64891 ], [ 77.45422, 8.64515 ], [ 77.45512, 8.64081 ], [ 77.45797, 8.63534 ], [ 77.46018, 8.62677 ], [ 77.47834, 8.62687 ], [ 77.48357, 8.62488 ], [ 77.48973, 8.61795 ], [ 77.48125, 8.61072 ], [ 77.4646, 8.6019 ], [ 77.444, 8.59307 ], [ 77.41965, 8.5812 ], [ 77.41765, 8.57052 ], [ 77.41315, 8.55809 ], [ 77.40507, 8.54694 ], [ 77.39393, 8.53614 ], [ 77.38323, 8.54283 ], [ 77.36675, 8.54238 ], [ 77.36085, 8.5383 ], [ 77.34244, 8.55145 ], [ 77.28995, 8.57152 ], [ 77.29127, 8.57553 ], [ 77.28937, 8.5823 ], [ 77.28231, 8.59089 ], [ 77.27829, 8.59764 ], [ 77.27807, 8.60026 ], [ 77.27314, 8.60886 ], [ 77.26206, 8.61914 ], [ 77.24862, 8.6289 ], [ 77.23945, 8.63777 ], [ 77.23038, 8.64362 ], [ 77.22433, 8.65444 ], [ 77.21843, 8.66905 ], [ 77.20887, 8.68306 ], [ 77.2047, 8.6964 ], [ 77.19845, 8.71104 ], [ 77.20042, 8.71986 ], [ 77.19341, 8.73074 ], [ 77.19344, 8.74267 ] ] ] } },
{ "type": "Feature", "properties": { "name": "Nandur Madhyameshwar WLS", "Type": "Wildlife Sanctuary", "State": "Maharashtra", "Year": 1986.0 }, "geometry": { "type": "Polygon", "coordinates": [ [ [ 74.03575, 20.04275 ], [ 74.03768, 20.04553 ], [ 74.04219, 20.0494 ], [ 74.04747, 20.05186 ], [ 74.04551, 20.05315 ], [ 74.04285, 20.05325 ], [ 74.04148, 20.05646 ], [ 74.03882, 20.05912 ], [ 74.04011, 20.06081 ], [ 74.0459, 20.06184 ], [ 74.04871, 20.06553 ], [ 74.05094, 20.06665 ], [ 74.05343, 20.06956 ], [ 74.05841, 20.06984 ], [ 74.07828, 20.0648 ], [ 74.09403, 20.05984 ], [ 74.11117, 20.049 ], [ 74.12261, 20.05001 ], [ 74.1269, 20.04884 ], [ 74.12973, 20.04428 ], [ 74.13716, 20.04097 ], [ 74.13948, 20.04061 ], [ 74.14263, 20.04218 ], [ 74.14372, 20.04882 ], [ 74.14553, 20.05351 ], [ 74.14733, 20.05702 ], [ 74.15029, 20.05799 ], [ 74.15857, 20.05371 ], [ 74.16226, 20.05339 ], [ 74.1714, 20.05037 ], [ 74.18093, 20.0361 ], [ 74.18261, 20.0317 ], [ 74.18265, 20.02432 ], [ 74.18158, 20.01481 ], [ 74.17342, 19.98948 ], [ 74.16892, 19.98642 ], [ 74.16591, 19.98533 ], [ 74.15462, 19.98658 ], [ 74.1475, 19.98085 ], [ 74.1257, 19.97908 ], [ 74.10853, 19.98061 ], [ 74.09514, 19.98682 ], [ 74.09849, 19.99271 ], [ 74.09961, 19.99876 ], [ 74.09832, 20.00287 ], [ 74.09583, 20.00327 ], [ 74.09111, 20.00158 ], [ 74.08639, 19.99118 ], [ 74.07918, 19.99061 ], [ 74.05918, 19.9961 ], [ 74.05283, 19.99868 ], [ 74.04656, 20.01303 ], [ 74.03729, 20.02077 ], [ 74.03429, 20.02569 ], [ 74.03309, 20.02884 ], [ 74.03468, 20.03231 ], [ 74.03279, 20.03505 ], [ 74.03575, 20.04275 ] ] ] } },
{ "type": "Feature", "properties": { "name": "Idukki WLS", "Type": "Wildlife Sanctuary", "State": "Kerala", "Year": 1976.0 }, "geometry": { "type": "Polygon", "coordinates": [ [ [ 76.88471, 9.80134 ], [ 76.88546, 9.80137 ], [ 76.88521, 9.80217 ], [ 76.88835, 9.80481 ], [ 76.88814, 9.80549 ], [ 76.88983, 9.80504 ], [ 76.88975, 9.80606 ], [ 76.8911, 9.80629 ], [ 76.89132, 9.80798 ], [ 76.8899, 9.80862 ], [ 76.89155, 9.81029 ], [ 76.89361, 9.80987 ], [ 76.89303, 9.80913 ], [ 76.89462, 9.80858 ], [ 76.89458, 9.80752 ], [ 76.89687, 9.80661 ], [ 76.89698, 9.80798 ], [ 76.89818, 9.80824 ], [ 76.89857, 9.80959 ], [ 76.89686, 9.80999 ], [ 76.89604, 9.80908 ], [ 76.89608, 9.8101 ], [ 76.89816, 9.81113 ], [ 76.89876, 9.81058 ], [ 76.8987, 9.81175 ], [ 76.89953, 9.81202 ], [ 76.90007, 9.80968 ], [ 76.90164, 9.80894 ], [ 76.90086, 9.80847 ], [ 76.89992, 9.80915 ], [ 76.89986, 9.80735 ], [ 76.90202, 9.80745 ], [ 76.90329, 9.80633 ], [ 76.90069, 9.8061 ], [ 76.90052, 9.80466 ], [ 76.8991, 9.80538 ], [ 76.89895, 9.8046 ], [ 76.90016, 9.80367 ], [ 76.89891, 9.80295 ], [ 76.90093, 9.80134 ], [ 76.90063, 9.80071 ], [ 76.90159, 9.79955 ], [ 76.90335, 9.79904 ], [ 76.9043, 9.79701 ], [ 76.90807, 9.79409 ], [ 76.91309, 9.79215 ], [ 76.91417, 9.79257 ], [ 76.91533, 9.79139 ], [ 76.91678, 9.79258 ], [ 76.91957, 9.79067 ], [ 76.92245, 9.79134 ], [ 76.92301, 9.79003 ], [ 76.92436, 9.79069 ], [ 76.92468, 9.79181 ], [ 76.92683, 9.79117 ], [ 76.92728, 9.79196 ], [ 76.92588, 9.79316 ], [ 76.92159, 9.79333 ], [ 76.92112, 9.79485 ], [ 76.92022, 9.79392 ], [ 76.9182, 9.79473 ], [ 76.91747, 9.79375 ], [ 76.91543, 9.79483 ], [ 76.91485, 9.79701 ], [ 76.9126, 9.7969 ], [ 76.90964, 9.80181 ], [ 76.91071, 9.80219 ], [ 76.91056, 9.80369 ], [ 76.91183, 9.80354 ], [ 76.91076, 9.80536 ], [ 76.91196, 9.8054 ], [ 76.9108, 9.80621 ], [ 76.91001, 9.80829 ], [ 76.91181, 9.80775 ], [ 76.91142, 9.80619 ], [ 76.9132, 9.80595 ], [ 76.91256, 9.80359 ], [ 76.91342, 9.80308 ], [ 76.91221, 9.8024 ], [ 76.91423, 9.80088 ], [ 76.91415, 9.80016 ], [ 76.91751, 9.7987 ], [ 76.91833, 9.79942 ], [ 76.91962, 9.79794 ], [ 76.91935, 9.80164 ], [ 76.92176, 9.79726 ], [ 76.92387, 9.79621 ], [ 76.92507, 9.79642 ], [ 76.92477, 9.79769 ], [ 76.92796, 9.79813 ], [ 76.92642, 9.79876 ], [ 76.9255, 9.80077 ], [ 76.93017, 9.79991 ], [ 76.93026, 9.80109 ], [ 76.92872, 9.80185 ], [ 76.92898, 9.80248 ], [ 76.93005, 9.80206 ], [ 76.93138, 9.80405 ], [ 76.92867, 9.80511 ], [ 76.92824, 9.80655 ], [ 76.92498, 9.80748 ], [ 76.92494, 9.8087 ], [ 76.92292, 9.80951 ], [ 76.92224, 9.80908 ], [ 76.91983, 9.81001 ], [ 76.9176, 9.80915 ], [ 76.91683, 9.80982 ], [ 76.91563, 9.80792 ], [ 76.91526, 9.81018 ], [ 76.9123, 9.81175 ], [ 76.91213, 9.81365 ], [ 76.91385, 9.81369 ], [ 76.9124, 9.81528 ], [ 76.91378, 9.81553 ], [ 76.91601, 9.8138 ], [ 76.91627, 9.81511 ], [ 76.91726, 9.81414 ], [ 76.91829, 9.81447 ], [ 76.92194, 9.81285 ], [ 76.92022, 9.81471 ], [ 76.92168, 9.81513 ], [ 76.92052, 9.81517 ], [ 76.92026, 9.81627 ], [ 76.91962, 9.81598 ], [ 76.9206, 9.81779 ], [ 76.91886, 9.81791 ], [ 76.91681, 9.82005 ], [ 76.91922, 9.81894 ], [ 76.91881, 9.82045 ], [ 76.91934, 9.82056 ], [ 76.92146, 9.81839 ], [ 76.92571, 9.82308 ], [ 76.92471, 9.82121 ], [ 76.92468, 9.8186 ], [ 76.92357, 9.81843 ], [ 76.92481, 9.81627 ], [ 76.92297, 9.81657 ], [ 76.92374, 9.81631 ], [ 76.92361, 9.81551 ], [ 76.92618, 9.81458 ], [ 76.92601, 9.81407 ], [ 76.92704, 9.81433 ], [ 76.927, 9.81327 ], [ 76.93013, 9.81171 ], [ 76.93052, 9.81056 ], [ 76.92781, 9.81035 ], [ 76.92421, 9.81348 ], [ 76.92408, 9.81242 ], [ 76.92781, 9.80917 ], [ 76.9291, 9.80874 ], [ 76.92962, 9.80951 ], [ 76.93099, 9.80874 ], [ 76.93133, 9.80756 ], [ 76.93211, 9.80765 ], [ 76.93717, 9.80333 ], [ 76.93674, 9.8046 ], [ 76.93232, 9.80879 ], [ 76.93451, 9.80756 ], [ 76.93537, 9.80798 ], [ 76.93786, 9.80604 ], [ 76.94026, 9.80638 ], [ 76.93799, 9.80803 ], [ 76.94099, 9.80845 ], [ 76.94082, 9.8109 ], [ 76.93906, 9.81027 ], [ 76.93893, 9.812 ], [ 76.93756, 9.81251 ], [ 76.93807, 9.81344 ], [ 76.93674, 9.81416 ], [ 76.94103, 9.81272 ], [ 76.94209, 9.81398 ], [ 76.94378, 9.81331 ], [ 76.94417, 9.81615 ], [ 76.94369, 9.81669 ], [ 76.94163, 9.81636 ], [ 76.94086, 9.815 ], [ 76.94009, 9.81526 ], [ 76.93897, 9.8172 ], [ 76.93816, 9.81674 ], [ 76.93794, 9.81856 ], [ 76.93644, 9.81877 ], [ 76.93721, 9.81987 ], [ 76.93524, 9.82071 ], [ 76.93635, 9.82105 ], [ 76.93558, 9.82215 ], [ 76.93794, 9.82059 ], [ 76.93769, 9.8216 ], [ 76.94009, 9.82109 ], [ 76.94129, 9.8216 ], [ 76.94206, 9.82431 ], [ 76.94447, 9.82439 ], [ 76.94494, 9.82308 ], [ 76.9461, 9.82253 ], [ 76.94811, 9.82469 ], [ 76.94558, 9.82684 ], [ 76.94421, 9.82532 ], [ 76.94249, 9.82549 ], [ 76.94305, 9.82925 ], [ 76.94249, 9.82955 ], [ 76.94215, 9.82862 ], [ 76.94077, 9.82947 ], [ 76.93738, 9.83357 ], [ 76.93696, 9.83509 ], [ 76.93558, 9.83585 ], [ 76.9355, 9.83695 ], [ 76.93472, 9.83678 ], [ 76.93378, 9.83923 ], [ 76.93528, 9.84037 ], [ 76.93515, 9.8378 ], [ 76.93996, 9.83348 ], [ 76.93962, 9.83424 ], [ 76.94039, 9.83484 ], [ 76.93936, 9.83577 ], [ 76.93962, 9.83661 ], [ 76.93807, 9.83712 ], [ 76.93867, 9.8383 ], [ 76.9373, 9.83881 ], [ 76.93704, 9.84059 ], [ 76.93558, 9.84194 ], [ 76.93601, 9.84363 ], [ 76.93717, 9.84503 ], [ 76.93773, 9.84388 ], [ 76.93717, 9.84308 ], [ 76.93721, 9.84397 ], [ 76.93687, 9.84405 ], [ 76.93644, 9.84262 ], [ 76.94065, 9.83983 ], [ 76.94082, 9.83788 ], [ 76.94206, 9.83632 ], [ 76.94249, 9.83691 ], [ 76.94459, 9.8367 ], [ 76.94511, 9.83382 ], [ 76.94674, 9.83289 ], [ 76.94768, 9.83035 ], [ 76.95073, 9.82828 ], [ 76.95155, 9.83196 ], [ 76.95, 9.83627 ], [ 76.94846, 9.83754 ], [ 76.94914, 9.83983 ], [ 76.9476, 9.83957 ], [ 76.94837, 9.84262 ], [ 76.94734, 9.84312 ], [ 76.94794, 9.84414 ], [ 76.94683, 9.84456 ], [ 76.9494, 9.8449 ], [ 76.94914, 9.84388 ], [ 76.95138, 9.83932 ], [ 76.95322, 9.83801 ], [ 76.95421, 9.8416 ], [ 76.95288, 9.84207 ], [ 76.9512, 9.84431 ], [ 76.95099, 9.84714 ], [ 76.95253, 9.84562 ], [ 76.95356, 9.84629 ], [ 76.95451, 9.84443 ], [ 76.95562, 9.8446 ], [ 76.95644, 9.84372 ], [ 76.95721, 9.84008 ], [ 76.95644, 9.83881 ], [ 76.95773, 9.83822 ], [ 76.95901, 9.8356 ], [ 76.96017, 9.83479 ], [ 76.96429, 9.83437 ], [ 76.96348, 9.83805 ], [ 76.96442, 9.8383 ], [ 76.96451, 9.8405 ], [ 76.96599, 9.84153 ], [ 76.96505, 9.84391 ], [ 76.96927, 9.84742 ], [ 76.97187, 9.84488 ], [ 76.97619, 9.84459 ], [ 76.97743, 9.84194 ], [ 76.9767, 9.84101 ], [ 76.98026, 9.83733 ], [ 76.98622, 9.8334 ], [ 76.99266, 9.82458 ], [ 76.99682, 9.82323 ], [ 76.99777, 9.82395 ], [ 77.00038, 9.82306 ], [ 77.00433, 9.81557 ], [ 77.00708, 9.81418 ], [ 77.00951, 9.81396 ], [ 77.00916, 9.81302 ], [ 77.01118, 9.81158 ], [ 77.01124, 9.81067 ], [ 77.01613, 9.80855 ], [ 77.02017, 9.80553 ], [ 77.02163, 9.80545 ], [ 77.02197, 9.80342 ], [ 77.02626, 9.80198 ], [ 77.02755, 9.80029 ], [ 77.03051, 9.79898 ], [ 77.0309, 9.79733 ], [ 77.03641, 9.79551 ], [ 77.03991, 9.79572 ], [ 77.04183, 9.79417 ], [ 77.03969, 9.79229 ], [ 77.04145, 9.79056 ], [ 77.04377, 9.7898 ], [ 77.04446, 9.78836 ], [ 77.04682, 9.78756 ], [ 77.04527, 9.78663 ], [ 77.04652, 9.78489 ], [ 77.04938, 9.78358 ], [ 77.05034, 9.78494 ], [ 77.04922, 9.78739 ], [ 77.05296, 9.78701 ], [ 77.05154, 9.78646 ], [ 77.05205, 9.78544 ], [ 77.05467, 9.78481 ], [ 77.05735, 9.7826 ], [ 77.05711, 9.78175 ], [ 77.05407, 9.78109 ], [ 77.05369, 9.78037 ], [ 77.05622, 9.77838 ], [ 77.05879, 9.77762 ], [ 77.05819, 9.7761 ], [ 77.06107, 9.7757 ], [ 77.063, 9.77447 ], [ 77.06922, 9.77476 ], [ 77.07139, 9.77331 ], [ 77.07188, 9.77202 ], [ 77.07461, 9.77098 ], [ 77.07431, 9.76861 ], [ 77.07506, 9.76686 ], [ 77.06864, 9.75759 ], [ 77.06714, 9.75607 ], [ 77.06424, 9.75507 ], [ 77.06417, 9.75129 ], [ 77.06337, 9.74988 ], [ 77.05953, 9.74805 ], [ 77.05822, 9.74919 ], [ 77.05757, 9.74782 ], [ 77.05661, 9.74856 ], [ 77.05413, 9.74661 ], [ 77.05392, 9.74438 ], [ 77.05202, 9.74484 ], [ 77.04594, 9.74308 ], [ 77.02907, 9.74092 ], [ 77.02958, 9.74493 ], [ 77.02501, 9.74638 ], [ 77.02194, 9.74273 ], [ 77.01716, 9.74306 ], [ 76.99477, 9.73391 ], [ 76.99366, 9.73513 ], [ 76.98647, 9.73814 ], [ 76.97984, 9.73356 ], [ 76.97038, 9.72999 ], [ 76.9683, 9.72028 ], [ 76.96484, 9.71647 ], [ 76.95214, 9.72039 ], [ 76.93201, 9.72973 ], [ 76.92429, 9.73498 ], [ 76.9286, 9.74629 ], [ 76.9341, 9.74866 ], [ 76.94553, 9.74897 ], [ 76.96245, 9.75218 ], [ 76.9623, 9.75309 ], [ 76.96142, 9.75328 ], [ 76.9617, 9.75241 ], [ 76.9606, 9.75201 ], [ 76.95833, 9.75324 ], [ 76.95678, 9.75303 ], [ 76.95592, 9.75396 ], [ 76.95554, 9.75243 ], [ 76.95335, 9.7548 ], [ 76.95142, 9.75459 ], [ 76.95103, 9.75349 ], [ 76.94876, 9.75552 ], [ 76.94811, 9.75455 ], [ 76.94792, 9.75639 ], [ 76.94685, 9.75656 ], [ 76.94743, 9.75874 ], [ 76.9447, 9.75749 ], [ 76.94464, 9.75637 ], [ 76.94369, 9.75645 ], [ 76.94318, 9.7592 ], [ 76.94155, 9.75577 ], [ 76.93944, 9.75539 ], [ 76.94105, 9.7566 ], [ 76.94118, 9.758 ], [ 76.94017, 9.75882 ], [ 76.93944, 9.75772 ], [ 76.93938, 9.76007 ], [ 76.93844, 9.76045 ], [ 76.93874, 9.75926 ], [ 76.93769, 9.75814 ], [ 76.93644, 9.76064 ], [ 76.93451, 9.75933 ], [ 76.93509, 9.76138 ], [ 76.93239, 9.76151 ], [ 76.93526, 9.76294 ], [ 76.93348, 9.76305 ], [ 76.93346, 9.76438 ], [ 76.93258, 9.76461 ], [ 76.93142, 9.76263 ], [ 76.93103, 9.76461 ], [ 76.9297, 9.76406 ], [ 76.92827, 9.76535 ], [ 76.92827, 9.76654 ], [ 76.92726, 9.76652 ], [ 76.92569, 9.76489 ], [ 76.92846, 9.76445 ], [ 76.93286, 9.75981 ], [ 76.93223, 9.75895 ], [ 76.93127, 9.75905 ], [ 76.93251, 9.75791 ], [ 76.93131, 9.7569 ], [ 76.93326, 9.757 ], [ 76.93457, 9.75525 ], [ 76.93352, 9.75569 ], [ 76.9329, 9.75474 ], [ 76.93417, 9.75459 ], [ 76.93423, 9.75385 ], [ 76.93357, 9.75451 ], [ 76.93273, 9.75377 ], [ 76.93301, 9.75641 ], [ 76.9312, 9.75535 ], [ 76.93033, 9.7558 ], [ 76.9297, 9.75823 ], [ 76.9291, 9.75717 ], [ 76.9285, 9.75785 ], [ 76.92805, 9.7569 ], [ 76.9279, 9.75802 ], [ 76.92719, 9.75711 ], [ 76.92706, 9.75876 ], [ 76.92777, 9.75865 ], [ 76.92912, 9.76036 ], [ 76.92889, 9.76106 ], [ 76.92766, 9.76028 ], [ 76.92807, 9.76296 ], [ 76.9259, 9.76277 ], [ 76.92582, 9.76024 ], [ 76.92524, 9.76098 ], [ 76.92389, 9.76036 ], [ 76.92479, 9.76218 ], [ 76.9235, 9.76227 ], [ 76.92487, 9.76316 ], [ 76.92301, 9.76347 ], [ 76.92297, 9.76436 ], [ 76.92178, 9.76404 ], [ 76.92294, 9.76569 ], [ 76.9214, 9.76629 ], [ 76.92213, 9.76831 ], [ 76.91966, 9.76817 ], [ 76.91957, 9.76918 ], [ 76.91533, 9.7699 ], [ 76.91455, 9.77096 ], [ 76.91376, 9.77026 ], [ 76.91427, 9.76574 ], [ 76.91374, 9.76508 ], [ 76.91245, 9.7669 ], [ 76.91204, 9.76603 ], [ 76.91252, 9.76447 ], [ 76.91196, 9.764 ], [ 76.91367, 9.76307 ], [ 76.91294, 9.76218 ], [ 76.91389, 9.76151 ], [ 76.91385, 9.75952 ], [ 76.91252, 9.76003 ], [ 76.91421, 9.75755 ], [ 76.91427, 9.75863 ], [ 76.91496, 9.75863 ], [ 76.91558, 9.75628 ], [ 76.91627, 9.75797 ], [ 76.91679, 9.75573 ], [ 76.91773, 9.75649 ], [ 76.9179, 9.75561 ], [ 76.91955, 9.75567 ], [ 76.91996, 9.75417 ], [ 76.91863, 9.75514 ], [ 76.91762, 9.7544 ], [ 76.92078, 9.75155 ], [ 76.91994, 9.7513 ], [ 76.91999, 9.7503 ], [ 76.91511, 9.75506 ], [ 76.91303, 9.75203 ], [ 76.91221, 9.75343 ], [ 76.91359, 9.75317 ], [ 76.91432, 9.75609 ], [ 76.91292, 9.75797 ], [ 76.91269, 9.75791 ], [ 76.91239, 9.75715 ], [ 76.91221, 9.75706 ], [ 76.91239, 9.75876 ], [ 76.91091, 9.76085 ], [ 76.90973, 9.76117 ], [ 76.9102, 9.7632 ], [ 76.90912, 9.7651 ], [ 76.91011, 9.76535 ], [ 76.9097, 9.76618 ], [ 76.90874, 9.76616 ], [ 76.90921, 9.76738 ], [ 76.90848, 9.76798 ], [ 76.91082, 9.76745 ], [ 76.91131, 9.76886 ], [ 76.91056, 9.76965 ], [ 76.90893, 9.76961 ], [ 76.90848, 9.77009 ], [ 76.90964, 9.77174 ], [ 76.90756, 9.77193 ], [ 76.90709, 9.77321 ], [ 76.90747, 9.77155 ], [ 76.90666, 9.771 ], [ 76.90567, 9.77176 ], [ 76.9049, 9.77405 ], [ 76.9043, 9.77282 ], [ 76.90286, 9.7725 ], [ 76.90425, 9.77075 ], [ 76.90539, 9.77064 ], [ 76.90479, 9.77009 ], [ 76.90612, 9.76853 ], [ 76.90582, 9.7676 ], [ 76.90719, 9.76692 ], [ 76.90638, 9.76603 ], [ 76.90835, 9.76514 ], [ 76.90784, 9.76425 ], [ 76.9084, 9.76252 ], [ 76.907, 9.75945 ], [ 76.90539, 9.76053 ], [ 76.90666, 9.75848 ], [ 76.90546, 9.75912 ], [ 76.90485, 9.75865 ], [ 76.90451, 9.75971 ], [ 76.90344, 9.75962 ], [ 76.90254, 9.7584 ], [ 76.90119, 9.75948 ], [ 76.90146, 9.76055 ], [ 76.90528, 9.76187 ], [ 76.90466, 9.76282 ], [ 76.90552, 9.76337 ], [ 76.9014, 9.76206 ], [ 76.90217, 9.7632 ], [ 76.90183, 9.7648 ], [ 76.90312, 9.76552 ], [ 76.90376, 9.76853 ], [ 76.90348, 9.76897 ], [ 76.9011, 9.76772 ], [ 76.90222, 9.77022 ], [ 76.90084, 9.77026 ], [ 76.90131, 9.77153 ], [ 76.89977, 9.77267 ], [ 76.90101, 9.77301 ], [ 76.89887, 9.77419 ], [ 76.90217, 9.77504 ], [ 76.89934, 9.77792 ], [ 76.89722, 9.78297 ], [ 76.89863, 9.7806 ], [ 76.90018, 9.78039 ], [ 76.90078, 9.77921 ], [ 76.90421, 9.77701 ], [ 76.90558, 9.77718 ], [ 76.90666, 9.77595 ], [ 76.9076, 9.77667 ], [ 76.9097, 9.77531 ], [ 76.91056, 9.77705 ], [ 76.91292, 9.77447 ], [ 76.91464, 9.77451 ], [ 76.91799, 9.77278 ], [ 76.91893, 9.77337 ], [ 76.92116, 9.77176 ], [ 76.92236, 9.77248 ], [ 76.92348, 9.77079 ], [ 76.92545, 9.77011 ], [ 76.92661, 9.77075 ], [ 76.92717, 9.76961 ], [ 76.9288, 9.76914 ], [ 76.9293, 9.76971 ], [ 76.92751, 9.7702 ], [ 76.92754, 9.77132 ], [ 76.92653, 9.77121 ], [ 76.92588, 9.7724 ], [ 76.92554, 9.77113 ], [ 76.92415, 9.77153 ], [ 76.92384, 9.77335 ], [ 76.92492, 9.7739 ], [ 76.92367, 9.77407 ], [ 76.92466, 9.77563 ], [ 76.92348, 9.77582 ], [ 76.92359, 9.77715 ], [ 76.92245, 9.77709 ], [ 76.92176, 9.77806 ], [ 76.92063, 9.77834 ], [ 76.92254, 9.77502 ], [ 76.92142, 9.7757 ], [ 76.92043, 9.77443 ], [ 76.91962, 9.77451 ], [ 76.91945, 9.77679 ], [ 76.91812, 9.7754 ], [ 76.91747, 9.77811 ], [ 76.91664, 9.77728 ], [ 76.91743, 9.77502 ], [ 76.91629, 9.77529 ], [ 76.91618, 9.77637 ], [ 76.91533, 9.77599 ], [ 76.91565, 9.77783 ], [ 76.91415, 9.77808 ], [ 76.91496, 9.77923 ], [ 76.91417, 9.78014 ], [ 76.91324, 9.77969 ], [ 76.91342, 9.78159 ], [ 76.91284, 9.78217 ], [ 76.91194, 9.7817 ], [ 76.91106, 9.78333 ], [ 76.91331, 9.78335 ], [ 76.91287, 9.78569 ], [ 76.91524, 9.78373 ], [ 76.91749, 9.78498 ], [ 76.91698, 9.7865 ], [ 76.91623, 9.78563 ], [ 76.91468, 9.78682 ], [ 76.91434, 9.78601 ], [ 76.91342, 9.78659 ], [ 76.91425, 9.78885 ], [ 76.91322, 9.78783 ], [ 76.91228, 9.78796 ], [ 76.91151, 9.78978 ], [ 76.91114, 9.78887 ], [ 76.91213, 9.78709 ], [ 76.91078, 9.78737 ], [ 76.91097, 9.78595 ], [ 76.90983, 9.78682 ], [ 76.90945, 9.78572 ], [ 76.90925, 9.78705 ], [ 76.90846, 9.7872 ], [ 76.90782, 9.78559 ], [ 76.90749, 9.78743 ], [ 76.90895, 9.78857 ], [ 76.90837, 9.78948 ], [ 76.90732, 9.78933 ], [ 76.90797, 9.79065 ], [ 76.90608, 9.79124 ], [ 76.90627, 9.79253 ], [ 76.90477, 9.79172 ], [ 76.90468, 9.79371 ], [ 76.90419, 9.79234 ], [ 76.90359, 9.79251 ], [ 76.90376, 9.79183 ], [ 76.9037, 9.79147 ], [ 76.90297, 9.79299 ], [ 76.90204, 9.79306 ], [ 76.90239, 9.79487 ], [ 76.90112, 9.7943 ], [ 76.90033, 9.79517 ], [ 76.90217, 9.7961 ], [ 76.89945, 9.79701 ], [ 76.8994, 9.79845 ], [ 76.89829, 9.79904 ], [ 76.89775, 9.79826 ], [ 76.9005, 9.79424 ], [ 76.90076, 9.79234 ], [ 76.902, 9.79187 ], [ 76.90198, 9.79016 ], [ 76.90009, 9.79257 ], [ 76.89951, 9.79217 ], [ 76.89966, 9.79333 ], [ 76.89861, 9.79306 ], [ 76.8993, 9.79399 ], [ 76.89876, 9.79498 ], [ 76.89728, 9.79432 ], [ 76.89831, 9.79606 ], [ 76.89692, 9.79819 ], [ 76.89651, 9.79788 ], [ 76.89685, 9.7975 ], [ 76.89685, 9.79712 ], [ 76.89657, 9.79684 ], [ 76.89614, 9.79764 ], [ 76.89533, 9.7965 ], [ 76.8952, 9.79752 ], [ 76.8941, 9.79669 ], [ 76.89599, 9.80012 ], [ 76.89559, 9.80137 ], [ 76.89432, 9.7986 ], [ 76.8926, 9.79783 ], [ 76.89241, 9.79638 ], [ 76.89116, 9.79726 ], [ 76.89059, 9.79661 ], [ 76.89054, 9.79505 ], [ 76.89206, 9.79413 ], [ 76.88993, 9.795 ], [ 76.88964, 9.79648 ], [ 76.88653, 9.80022 ], [ 76.8861, 9.79887 ], [ 76.88466, 9.7997 ], [ 76.88471, 9.80134 ] ] ] } },
{ "type": "Feature", "properties": { "name": "Indira Gandhi WLS (Anamalai)", "Type": "Wildlife Sanctuary", "State": "Tamil Nadu", "Year": 1976.0 }, "geometry": { "type": "Polygon", "coordinates": [ [ [ 76.82635, 10.4465 ], [ 76.82681, 10.4893 ], [ 76.83764, 10.5278 ], [ 76.83004, 10.53301 ], [ 76.83004, 10.54501 ], [ 76.851, 10.54411 ], [ 76.85929, 10.49814 ], [ 76.85675, 10.48681 ], [ 76.86297, 10.48455 ], [ 76.86988, 10.46688 ], [ 76.87886, 10.46779 ], [ 76.88785, 10.47345 ], [ 76.89245, 10.47934 ], [ 76.92493, 10.48228 ], [ 76.92815, 10.47911 ], [ 76.92608, 10.47119 ], [ 76.93276, 10.46711 ], [ 76.94566, 10.473 ], [ 76.95533, 10.46915 ], [ 76.96961, 10.46869 ], [ 76.98389, 10.46054 ], [ 76.99955, 10.45692 ], [ 77.00255, 10.45012 ], [ 77.00923, 10.4542 ], [ 77.00854, 10.45941 ], [ 76.99265, 10.46326 ], [ 76.98758, 10.46779 ], [ 76.98574, 10.47254 ], [ 76.98159, 10.47345 ], [ 76.98343, 10.4816 ], [ 76.99955, 10.48455 ], [ 76.98758, 10.49066 ], [ 77.00739, 10.50742 ], [ 77.04378, 10.51648 ], [ 77.06589, 10.51648 ], [ 77.07441, 10.50131 ], [ 77.06128, 10.47843 ], [ 77.06474, 10.46281 ], [ 77.06957, 10.46281 ], [ 77.07326, 10.47617 ], [ 77.09468, 10.48612 ], [ 77.10804, 10.5004 ], [ 77.11541, 10.49633 ], [ 77.12554, 10.49723 ], [ 77.12416, 10.48795 ], [ 77.1214, 10.48681 ], [ 77.11863, 10.46824 ], [ 77.12992, 10.46801 ], [ 77.14558, 10.47526 ], [ 77.16401, 10.46213 ], [ 77.17161, 10.46937 ], [ 77.17161, 10.47345 ], [ 77.18174, 10.47979 ], [ 77.19372, 10.46552 ], [ 77.21491, 10.46303 ], [ 77.23426, 10.45963 ], [ 77.2407, 10.45057 ], [ 77.24946, 10.45057 ], [ 77.25867, 10.4354 ], [ 77.25729, 10.42113 ], [ 77.249, 10.41093 ], [ 77.24923, 10.39938 ], [ 77.25199, 10.40119 ], [ 77.25429, 10.40686 ], [ 77.25614, 10.40527 ], [ 77.25568, 10.39621 ], [ 77.24992, 10.39576 ], [ 77.25015, 10.38896 ], [ 77.26282, 10.38398 ], [ 77.26811, 10.39666 ], [ 77.26627, 10.41433 ], [ 77.27364, 10.42067 ], [ 77.28424, 10.41365 ], [ 77.29878, 10.41378 ], [ 77.29783, 10.42067 ], [ 77.31786, 10.42158 ], [ 77.30773, 10.35248 ], [ 77.32662, 10.34795 ], [ 77.32017, 10.32892 ], [ 77.32431, 10.32575 ], [ 77.31464, 10.31419 ], [ 77.31948, 10.30082 ], [ 77.32777, 10.29266 ], [ 77.33214, 10.27748 ], [ 77.33145, 10.25481 ], [ 77.32224, 10.25232 ], [ 77.31234, 10.26071 ], [ 77.2946, 10.23373 ], [ 77.28147, 10.23419 ], [ 77.27468, 10.22072 ], [ 77.25562, 10.22534 ], [ 77.24652, 10.22059 ], [ 77.24474, 10.24512 ], [ 77.25054, 10.25359 ], [ 77.21441, 10.30577 ], [ 77.23655, 10.35242 ], [ 77.22186, 10.35391 ], [ 77.20639, 10.35368 ], [ 77.20428, 10.3547 ], [ 77.20385, 10.35653 ], [ 77.20146, 10.35783 ], [ 77.19735, 10.35647 ], [ 77.19722, 10.3548 ], [ 77.18846, 10.35532 ], [ 77.17683, 10.35777 ], [ 77.16927, 10.35287 ], [ 77.14943, 10.33576 ], [ 77.13829, 10.33141 ], [ 77.11964, 10.31782 ], [ 77.09984, 10.31363 ], [ 77.09501, 10.30903 ], [ 77.0903, 10.31399 ], [ 77.08513, 10.30842 ], [ 77.07455, 10.30072 ], [ 77.06496, 10.29751 ], [ 77.06241, 10.29167 ], [ 77.05892, 10.28975 ], [ 77.05702, 10.28698 ], [ 77.05578, 10.28743 ], [ 77.05225, 10.28541 ], [ 77.04703, 10.28497 ], [ 77.04356, 10.28366 ], [ 77.04343, 10.28237 ], [ 77.04505, 10.28196 ], [ 77.0496, 10.27811 ], [ 77.05198, 10.27369 ], [ 77.04973, 10.26172 ], [ 77.04534, 10.25599 ], [ 77.04075, 10.25298 ], [ 77.02469, 10.24989 ], [ 77.01755, 10.24577 ], [ 77.01418, 10.24588 ], [ 77.0112, 10.24028 ], [ 77.00888, 10.24023 ], [ 77.00621, 10.23906 ], [ 77.00465, 10.23774 ], [ 77.00336, 10.2343 ], [ 77.00123, 10.23527 ], [ 76.99937, 10.23292 ], [ 76.99943, 10.23111 ], [ 76.99862, 10.23049 ], [ 76.99581, 10.23131 ], [ 76.99078, 10.22876 ], [ 76.99086, 10.22596 ], [ 76.98643, 10.22336 ], [ 76.98416, 10.22309 ], [ 76.98357, 10.22241 ], [ 76.98391, 10.22064 ], [ 76.98194, 10.22077 ], [ 76.97964, 10.22423 ], [ 76.97313, 10.22584 ], [ 76.97245, 10.22833 ], [ 76.97024, 10.23027 ], [ 76.96756, 10.23139 ], [ 76.96523, 10.23122 ], [ 76.95884, 10.23426 ], [ 76.95623, 10.23432 ], [ 76.95318, 10.23238 ], [ 76.95075, 10.23244 ], [ 76.9489, 10.2335 ], [ 76.94727, 10.23713 ], [ 76.94379, 10.23719 ], [ 76.93976, 10.23927 ], [ 76.93772, 10.23908 ], [ 76.93388, 10.23647 ], [ 76.93253, 10.23688 ], [ 76.92901, 10.23467 ], [ 76.92318, 10.23267 ], [ 76.91766, 10.23292 ], [ 76.90974, 10.23668 ], [ 76.90905, 10.24032 ], [ 76.90622, 10.24131 ], [ 76.90155, 10.23954 ], [ 76.90293, 10.24583 ], [ 76.91658, 10.24352 ], [ 76.92538, 10.24442 ], [ 76.9314, 10.24971 ], [ 76.93271, 10.25243 ], [ 76.94508, 10.26301 ], [ 76.94753, 10.26782 ], [ 76.9586, 10.27086 ], [ 76.95665, 10.27615 ], [ 76.97668, 10.27631 ], [ 76.977, 10.28977 ], [ 76.9915, 10.30291 ], [ 76.9928, 10.30964 ], [ 77.00192, 10.31172 ], [ 77.00925, 10.31717 ], [ 77.0191, 10.32062 ], [ 77.02004, 10.33042 ], [ 77.0173, 10.33424 ], [ 77.01394, 10.34198 ], [ 77.01271, 10.34323 ], [ 77.00762, 10.34345 ], [ 77.00117, 10.35101 ], [ 76.99645, 10.37016 ], [ 76.98815, 10.37344 ], [ 76.97675, 10.37242 ], [ 76.9589, 10.36324 ], [ 76.96098, 10.36698 ], [ 76.96984, 10.37106 ], [ 76.9695, 10.37933 ], [ 76.96627, 10.38352 ], [ 76.95464, 10.38148 ], [ 76.93714, 10.38749 ], [ 76.92067, 10.37707 ], [ 76.91848, 10.37106 ], [ 76.92792, 10.35588 ], [ 76.91687, 10.34727 ], [ 76.91687, 10.35203 ], [ 76.92009, 10.35679 ], [ 76.91871, 10.35928 ], [ 76.90328, 10.34886 ], [ 76.90328, 10.35339 ], [ 76.91549, 10.36449 ], [ 76.91456, 10.36721 ], [ 76.90489, 10.36358 ], [ 76.89706, 10.36562 ], [ 76.89384, 10.36291 ], [ 76.8943, 10.35339 ], [ 76.90052, 10.35203 ], [ 76.90052, 10.34863 ], [ 76.88693, 10.34229 ], [ 76.87495, 10.32129 ], [ 76.85721, 10.32665 ], [ 76.8381, 10.33368 ], [ 76.83925, 10.3475 ], [ 76.84892, 10.36721 ], [ 76.82428, 10.39349 ], [ 76.83326, 10.40255 ], [ 76.82589, 10.40731 ], [ 76.81506, 10.41909 ], [ 76.82635, 10.4465 ] ] ] } },
{ "type": "Feature", "properties": { "name": "Tansa WLS", "Type": "Wildlife Sanctuary", "State": "Maharashtra", "Year": 1970.0 }, "geometry": { "type": "Polygon", "coordinates": [ [ [ 73.17257, 19.61443 ], [ 73.17755, 19.61631 ], [ 73.18332, 19.61475 ], [ 73.18908, 19.61047 ], [ 73.19539, 19.61485 ], [ 73.19428, 19.61589 ], [ 73.19207, 19.61631 ], [ 73.19129, 19.61777 ], [ 73.19251, 19.6207 ], [ 73.19384, 19.62059 ], [ 73.19794, 19.61569 ], [ 73.19805, 19.6255 ], [ 73.20126, 19.62915 ], [ 73.20492, 19.63051 ], [ 73.20758, 19.62936 ], [ 73.20813, 19.6279 ], [ 73.20703, 19.62341 ], [ 73.20481, 19.62184 ], [ 73.20503, 19.61996 ], [ 73.20957, 19.61412 ], [ 73.2119, 19.61349 ], [ 73.2129, 19.61433 ], [ 73.21279, 19.61631 ], [ 73.21412, 19.61631 ], [ 73.22309, 19.61339 ], [ 73.22564, 19.61391 ], [ 73.23384, 19.61809 ], [ 73.23506, 19.61986 ], [ 73.23561, 19.62445 ], [ 73.2365, 19.6255 ], [ 73.23849, 19.6257 ], [ 73.23971, 19.62758 ], [ 73.24237, 19.62821 ], [ 73.24226, 19.62967 ], [ 73.24325, 19.63092 ], [ 73.24525, 19.6303 ], [ 73.24625, 19.63113 ], [ 73.24735, 19.63541 ], [ 73.24658, 19.63917 ], [ 73.24802, 19.64167 ], [ 73.24957, 19.64125 ], [ 73.25201, 19.63791 ], [ 73.254, 19.63718 ], [ 73.25555, 19.6375 ], [ 73.25633, 19.63875 ], [ 73.25677, 19.64219 ], [ 73.25854, 19.64313 ], [ 73.26464, 19.64282 ], [ 73.26431, 19.64532 ], [ 73.26608, 19.64751 ], [ 73.26696, 19.65273 ], [ 73.26331, 19.65304 ], [ 73.25666, 19.66306 ], [ 73.255, 19.664 ], [ 73.25411, 19.66275 ], [ 73.25312, 19.66337 ], [ 73.254, 19.66817 ], [ 73.25356, 19.6712 ], [ 73.25577, 19.6737 ], [ 73.25511, 19.67673 ], [ 73.25201, 19.68372 ], [ 73.25035, 19.68455 ], [ 73.24669, 19.68424 ], [ 73.24392, 19.68601 ], [ 73.24281, 19.68852 ], [ 73.24248, 19.69352 ], [ 73.24392, 19.69655 ], [ 73.24946, 19.6953 ], [ 73.25179, 19.69373 ], [ 73.25167, 19.69175 ], [ 73.25799, 19.68507 ], [ 73.26054, 19.68351 ], [ 73.26918, 19.68173 ], [ 73.26962, 19.6882 ], [ 73.26785, 19.69206 ], [ 73.26165, 19.69425 ], [ 73.25788, 19.70062 ], [ 73.2591, 19.70228 ], [ 73.26951, 19.70468 ], [ 73.27383, 19.70959 ], [ 73.27649, 19.71668 ], [ 73.27428, 19.71835 ], [ 73.2735, 19.72179 ], [ 73.26951, 19.72127 ], [ 73.26752, 19.72168 ], [ 73.26608, 19.72304 ], [ 73.26597, 19.72429 ], [ 73.27051, 19.73086 ], [ 73.27007, 19.73326 ], [ 73.26497, 19.72961 ], [ 73.26286, 19.7269 ], [ 73.26109, 19.7294 ], [ 73.26076, 19.73128 ], [ 73.26098, 19.73368 ], [ 73.26486, 19.73608 ], [ 73.26552, 19.73795 ], [ 73.26996, 19.7414 ], [ 73.27162, 19.74452 ], [ 73.27328, 19.74557 ], [ 73.27527, 19.74473 ], [ 73.27605, 19.74265 ], [ 73.27538, 19.74046 ], [ 73.27594, 19.73868 ], [ 73.27793, 19.73795 ], [ 73.27993, 19.73941 ], [ 73.28425, 19.73649 ], [ 73.28757, 19.7366 ], [ 73.28901, 19.73514 ], [ 73.28957, 19.73722 ], [ 73.29289, 19.74233 ], [ 73.29178, 19.75015 ], [ 73.29355, 19.75151 ], [ 73.29632, 19.75172 ], [ 73.29898, 19.75109 ], [ 73.30707, 19.74515 ], [ 73.3135, 19.74442 ], [ 73.31161, 19.7414 ], [ 73.31239, 19.73952 ], [ 73.3197, 19.73357 ], [ 73.3238, 19.73191 ], [ 73.32668, 19.72752 ], [ 73.32768, 19.72367 ], [ 73.32956, 19.72262 ], [ 73.33699, 19.72523 ], [ 73.34607, 19.72502 ], [ 73.34895, 19.72586 ], [ 73.3484, 19.72899 ], [ 73.34939, 19.72982 ], [ 73.35294, 19.72742 ], [ 73.35416, 19.7246 ], [ 73.3577, 19.72899 ], [ 73.35903, 19.72638 ], [ 73.36546, 19.73013 ], [ 73.36745, 19.72961 ], [ 73.36624, 19.72575 ], [ 73.36712, 19.72408 ], [ 73.37056, 19.72346 ], [ 73.37377, 19.72168 ], [ 73.37499, 19.72325 ], [ 73.37698, 19.72387 ], [ 73.38297, 19.72387 ], [ 73.38518, 19.72158 ], [ 73.38618, 19.71564 ], [ 73.3854, 19.71282 ], [ 73.38285, 19.71198 ], [ 73.38141, 19.71407 ], [ 73.37931, 19.71355 ], [ 73.37521, 19.7147 ], [ 73.37166, 19.71397 ], [ 73.36956, 19.7147 ], [ 73.36258, 19.7148 ], [ 73.36047, 19.71428 ], [ 73.35848, 19.71188 ], [ 73.36214, 19.70948 ], [ 73.36225, 19.7074 ], [ 73.36435, 19.70708 ], [ 73.36812, 19.6979 ], [ 73.36557, 19.69655 ], [ 73.35926, 19.69071 ], [ 73.35737, 19.68622 ], [ 73.35782, 19.68132 ], [ 73.35405, 19.68632 ], [ 73.35305, 19.69217 ], [ 73.35139, 19.69321 ], [ 73.35039, 19.69133 ], [ 73.35205, 19.68758 ], [ 73.34917, 19.68153 ], [ 73.34951, 19.67934 ], [ 73.35205, 19.67819 ], [ 73.35294, 19.67641 ], [ 73.3515, 19.67162 ], [ 73.35272, 19.66515 ], [ 73.35194, 19.66337 ], [ 73.35006, 19.66212 ], [ 73.34541, 19.66014 ], [ 73.34253, 19.66035 ], [ 73.3412, 19.66139 ], [ 73.34064, 19.66327 ], [ 73.34308, 19.66974 ], [ 73.33976, 19.67381 ], [ 73.33411, 19.67746 ], [ 73.33145, 19.67756 ], [ 73.32746, 19.67558 ], [ 73.32624, 19.67297 ], [ 73.32807, 19.66661 ], [ 73.32568, 19.66796 ], [ 73.32291, 19.67579 ], [ 73.32037, 19.67652 ], [ 73.31893, 19.676 ], [ 73.31782, 19.67443 ], [ 73.3187, 19.67088 ], [ 73.31782, 19.66974 ], [ 73.31704, 19.67203 ], [ 73.31594, 19.67193 ], [ 73.31638, 19.66828 ], [ 73.31239, 19.66942 ], [ 73.31084, 19.66744 ], [ 73.30973, 19.66483 ], [ 73.3104, 19.66108 ], [ 73.30441, 19.66702 ], [ 73.30286, 19.66682 ], [ 73.30231, 19.66389 ], [ 73.29965, 19.66337 ], [ 73.29788, 19.6641 ], [ 73.2981, 19.66609 ], [ 73.2961, 19.66609 ], [ 73.28972, 19.67127 ], [ 73.28838, 19.67058 ], [ 73.28716, 19.67162 ], [ 73.28533, 19.67139 ], [ 73.28801, 19.65979 ], [ 73.28496, 19.65681 ], [ 73.28192, 19.65945 ], [ 73.28033, 19.6583 ], [ 73.27948, 19.6544 ], [ 73.27948, 19.65222 ], [ 73.28484, 19.65015 ], [ 73.28521, 19.64832 ], [ 73.28387, 19.64763 ], [ 73.28216, 19.64969 ], [ 73.28009, 19.64935 ], [ 73.27619, 19.65199 ], [ 73.27485, 19.6513 ], [ 73.27765, 19.64728 ], [ 73.27753, 19.64568 ], [ 73.2757, 19.64705 ], [ 73.27546, 19.64499 ], [ 73.27143, 19.64705 ], [ 73.26948, 19.64694 ], [ 73.26839, 19.64602 ], [ 73.26948, 19.64407 ], [ 73.27448, 19.64132 ], [ 73.27728, 19.63649 ], [ 73.27826, 19.63053 ], [ 73.28106, 19.62628 ], [ 73.28179, 19.62364 ], [ 73.27911, 19.61595 ], [ 73.28033, 19.61434 ], [ 73.28569, 19.61457 ], [ 73.28789, 19.61285 ], [ 73.2902, 19.61273 ], [ 73.29483, 19.61365 ], [ 73.29618, 19.61468 ], [ 73.29739, 19.61893 ], [ 73.29959, 19.62238 ], [ 73.29886, 19.62628 ], [ 73.29934, 19.62766 ], [ 73.30068, 19.62834 ], [ 73.30227, 19.62731 ], [ 73.30227, 19.62387 ], [ 73.30556, 19.62375 ], [ 73.3119, 19.61962 ], [ 73.3136, 19.61974 ], [ 73.3175, 19.61664 ], [ 73.32079, 19.60906 ], [ 73.32043, 19.60676 ], [ 73.32323, 19.60286 ], [ 73.32347, 19.59815 ], [ 73.33274, 19.59471 ], [ 73.34541, 19.59482 ], [ 73.34566, 19.59287 ], [ 73.3487, 19.59069 ], [ 73.35004, 19.58851 ], [ 73.35077, 19.58231 ], [ 73.34956, 19.57932 ], [ 73.35187, 19.57117 ], [ 73.34821, 19.5714 ], [ 73.34371, 19.56933 ], [ 73.342, 19.56703 ], [ 73.33712, 19.55245 ], [ 73.33383, 19.55578 ], [ 73.32786, 19.55498 ], [ 73.32018, 19.55532 ], [ 73.31714, 19.55119 ], [ 73.31555, 19.55165 ], [ 73.31299, 19.55073 ], [ 73.31092, 19.54866 ], [ 73.30678, 19.55015 ], [ 73.29715, 19.54728 ], [ 73.29983, 19.53832 ], [ 73.30385, 19.53511 ], [ 73.30751, 19.53063 ], [ 73.3069, 19.52891 ], [ 73.30235, 19.52559 ], [ 73.30307, 19.5215 ], [ 73.29977, 19.51497 ], [ 73.3008, 19.51098 ], [ 73.30271, 19.50971 ], [ 73.30576, 19.50542 ], [ 73.30974, 19.50464 ], [ 73.31098, 19.50279 ], [ 73.31083, 19.49889 ], [ 73.30493, 19.49582 ], [ 73.30178, 19.49081 ], [ 73.29506, 19.48778 ], [ 73.28354, 19.4985 ], [ 73.2809, 19.49709 ], [ 73.27671, 19.49782 ], [ 73.27646, 19.49997 ], [ 73.27506, 19.50118 ], [ 73.27439, 19.50089 ], [ 73.27413, 19.49792 ], [ 73.27501, 19.49446 ], [ 73.27294, 19.49095 ], [ 73.2732, 19.48657 ], [ 73.26989, 19.48433 ], [ 73.26472, 19.49154 ], [ 73.26364, 19.49159 ], [ 73.26286, 19.49046 ], [ 73.26157, 19.48301 ], [ 73.26457, 19.47453 ], [ 73.26565, 19.47336 ], [ 73.26751, 19.47356 ], [ 73.27046, 19.47526 ], [ 73.27506, 19.47536 ], [ 73.27615, 19.47414 ], [ 73.27646, 19.47005 ], [ 73.27847, 19.46829 ], [ 73.28116, 19.46932 ], [ 73.28436, 19.47219 ], [ 73.28509, 19.47146 ], [ 73.28633, 19.46669 ], [ 73.28535, 19.46566 ], [ 73.28576, 19.4583 ], [ 73.28798, 19.45289 ], [ 73.28788, 19.45124 ], [ 73.28209, 19.44695 ], [ 73.28173, 19.45426 ], [ 73.26731, 19.46386 ], [ 73.26632, 19.46737 ], [ 73.26307, 19.46922 ], [ 73.25966, 19.47351 ], [ 73.25588, 19.4756 ], [ 73.2527, 19.47948 ], [ 73.24557, 19.48113 ], [ 73.2385, 19.47783 ], [ 73.23387, 19.47736 ], [ 73.21843, 19.48626 ], [ 73.21198, 19.48826 ], [ 73.21023, 19.49009 ], [ 73.20861, 19.49493 ], [ 73.20598, 19.49876 ], [ 73.20473, 19.50259 ], [ 73.20523, 19.50341 ], [ 73.21023, 19.504 ], [ 73.21261, 19.49876 ], [ 73.21342, 19.4928 ], [ 73.21511, 19.49162 ], [ 73.22412, 19.49292 ], [ 73.22418, 19.49687 ], [ 73.22643, 19.50029 ], [ 73.22355, 19.50477 ], [ 73.22355, 19.50613 ], [ 73.22968, 19.51126 ], [ 73.2355, 19.51008 ], [ 73.23731, 19.51143 ], [ 73.2375, 19.51456 ], [ 73.23594, 19.5165 ], [ 73.23212, 19.51886 ], [ 73.23075, 19.51939 ], [ 73.22699, 19.5132 ], [ 73.22524, 19.5122 ], [ 73.22299, 19.5119 ], [ 73.2213, 19.51273 ], [ 73.22011, 19.51462 ], [ 73.21805, 19.5132 ], [ 73.21724, 19.51072 ], [ 73.21624, 19.51379 ], [ 73.21411, 19.51674 ], [ 73.21105, 19.5191 ], [ 73.20967, 19.51868 ], [ 73.20886, 19.51762 ], [ 73.21004, 19.51326 ], [ 73.20829, 19.51161 ], [ 73.20698, 19.50807 ], [ 73.20448, 19.50601 ], [ 73.20304, 19.50624 ], [ 73.20035, 19.50872 ], [ 73.1951, 19.51143 ], [ 73.19596, 19.50789 ], [ 73.1951, 19.50733 ], [ 73.19512, 19.50548 ], [ 73.19867, 19.50043 ], [ 73.19911, 19.4966 ], [ 73.19805, 19.49558 ], [ 73.19005, 19.49824 ], [ 73.18684, 19.50436 ], [ 73.18428, 19.51361 ], [ 73.18472, 19.51792 ], [ 73.18278, 19.52581 ], [ 73.18361, 19.52977 ], [ 73.19073, 19.52922 ], [ 73.19275, 19.52973 ], [ 73.19428, 19.52752 ], [ 73.19716, 19.52717 ], [ 73.19729, 19.52829 ], [ 73.19529, 19.52906 ], [ 73.19591, 19.53029 ], [ 73.19704, 19.53041 ], [ 73.19979, 19.52912 ], [ 73.20235, 19.52906 ], [ 73.20492, 19.52752 ], [ 73.20823, 19.52776 ], [ 73.20836, 19.52947 ], [ 73.20435, 19.53018 ], [ 73.20502, 19.53539 ], [ 73.20127, 19.53552 ], [ 73.20127, 19.53678 ], [ 73.20569, 19.53754 ], [ 73.21092, 19.53539 ], [ 73.21334, 19.53539 ], [ 73.2199, 19.53918 ], [ 73.2191, 19.54616 ], [ 73.21799, 19.54752 ], [ 73.21666, 19.54564 ], [ 73.21511, 19.54606 ], [ 73.21412, 19.54815 ], [ 73.21389, 19.55086 ], [ 73.21511, 19.55191 ], [ 73.21844, 19.55034 ], [ 73.21855, 19.55347 ], [ 73.21312, 19.55608 ], [ 73.21179, 19.55817 ], [ 73.21201, 19.56005 ], [ 73.21522, 19.5635 ], [ 73.21567, 19.56579 ], [ 73.21279, 19.56746 ], [ 73.21035, 19.57028 ], [ 73.20414, 19.57268 ], [ 73.20514, 19.57487 ], [ 73.20514, 19.57759 ], [ 73.20326, 19.5802 ], [ 73.20514, 19.58291 ], [ 73.20348, 19.58709 ], [ 73.20359, 19.58949 ], [ 73.20149, 19.59419 ], [ 73.20182, 19.59732 ], [ 73.1975, 19.60118 ], [ 73.19329, 19.60337 ], [ 73.19052, 19.60379 ], [ 73.18476, 19.60274 ], [ 73.176, 19.60619 ], [ 73.1719, 19.61329 ], [ 73.17257, 19.61443 ] ], [ [ 73.21576, 19.56842 ], [ 73.21697, 19.56728 ], [ 73.22151, 19.56799 ], [ 73.22355, 19.56749 ], [ 73.22347, 19.56592 ], [ 73.21954, 19.56485 ], [ 73.2181, 19.56393 ], [ 73.21712, 19.56193 ], [ 73.21787, 19.55615 ], [ 73.21962, 19.55558 ], [ 73.22234, 19.55765 ], [ 73.22378, 19.55758 ], [ 73.22393, 19.55615 ], [ 73.22037, 19.55294 ], [ 73.22098, 19.55138 ], [ 73.22264, 19.55016 ], [ 73.22279, 19.54831 ], [ 73.22431, 19.54874 ], [ 73.2259, 19.54738 ], [ 73.22257, 19.54546 ], [ 73.22158, 19.54161 ], [ 73.22143, 19.53747 ], [ 73.22317, 19.53633 ], [ 73.2262, 19.53925 ], [ 73.22779, 19.53939 ], [ 73.23119, 19.53832 ], [ 73.23346, 19.53512 ], [ 73.23717, 19.53262 ], [ 73.23876, 19.53376 ], [ 73.24217, 19.53433 ], [ 73.24292, 19.5364 ], [ 73.2405, 19.53982 ], [ 73.24519, 19.54374 ], [ 73.24754, 19.5431 ], [ 73.25117, 19.54517 ], [ 73.25707, 19.54267 ], [ 73.25828, 19.54389 ], [ 73.25866, 19.54859 ], [ 73.26108, 19.55302 ], [ 73.26199, 19.55337 ], [ 73.26404, 19.55023 ], [ 73.26245, 19.54916 ], [ 73.26275, 19.54717 ], [ 73.26593, 19.55009 ], [ 73.26721, 19.54995 ], [ 73.2682, 19.54902 ], [ 73.2688, 19.54382 ], [ 73.27009, 19.5436 ], [ 73.27213, 19.54581 ], [ 73.27387, 19.54446 ], [ 73.27312, 19.54809 ], [ 73.27107, 19.55145 ], [ 73.2713, 19.55223 ], [ 73.27251, 19.5523 ], [ 73.27584, 19.54902 ], [ 73.27592, 19.55038 ], [ 73.2772, 19.55145 ], [ 73.27864, 19.54945 ], [ 73.27645, 19.54367 ], [ 73.27728, 19.54303 ], [ 73.27917, 19.54374 ], [ 73.27947, 19.54681 ], [ 73.28084, 19.54738 ], [ 73.28515, 19.54538 ], [ 73.28575, 19.54717 ], [ 73.28507, 19.55031 ], [ 73.29029, 19.5476 ], [ 73.29075, 19.5446 ], [ 73.29181, 19.54325 ], [ 73.29272, 19.54517 ], [ 73.29378, 19.54517 ], [ 73.2965, 19.54246 ], [ 73.29665, 19.54881 ], [ 73.29468, 19.55002 ], [ 73.29468, 19.55095 ], [ 73.2968, 19.5533 ], [ 73.29211, 19.55323 ], [ 73.28976, 19.55922 ], [ 73.28772, 19.55408 ], [ 73.28235, 19.55523 ], [ 73.27932, 19.55729 ], [ 73.27894, 19.56029 ], [ 73.27773, 19.56164 ], [ 73.27592, 19.56022 ], [ 73.27478, 19.56122 ], [ 73.2766, 19.56321 ], [ 73.27652, 19.56528 ], [ 73.27463, 19.56564 ], [ 73.27327, 19.56507 ], [ 73.27251, 19.56364 ], [ 73.27168, 19.56393 ], [ 73.27175, 19.56906 ], [ 73.27274, 19.57049 ], [ 73.27312, 19.57362 ], [ 73.27047, 19.57398 ], [ 73.26979, 19.57262 ], [ 73.26888, 19.57491 ], [ 73.26774, 19.57555 ], [ 73.26373, 19.5759 ], [ 73.26343, 19.57726 ], [ 73.26994, 19.5789 ], [ 73.271, 19.58147 ], [ 73.26479, 19.58339 ], [ 73.26222, 19.58574 ], [ 73.26267, 19.58674 ], [ 73.2657, 19.58474 ], [ 73.26676, 19.58496 ], [ 73.26805, 19.58703 ], [ 73.26918, 19.58703 ], [ 73.26926, 19.5958 ], [ 73.26835, 19.59801 ], [ 73.26578, 19.59865 ], [ 73.2657, 19.60079 ], [ 73.26177, 19.60492 ], [ 73.25957, 19.60193 ], [ 73.25828, 19.5928 ], [ 73.2576, 19.59223 ], [ 73.25617, 19.59366 ], [ 73.25617, 19.59922 ], [ 73.25526, 19.6005 ], [ 73.25291, 19.59808 ], [ 73.25208, 19.59601 ], [ 73.24913, 19.59672 ], [ 73.24648, 19.60043 ], [ 73.24648, 19.59537 ], [ 73.24489, 19.59694 ], [ 73.24413, 19.59658 ], [ 73.24444, 19.5938 ], [ 73.24595, 19.59088 ], [ 73.25079, 19.58931 ], [ 73.25178, 19.58845 ], [ 73.25155, 19.58717 ], [ 73.24512, 19.58824 ], [ 73.24043, 19.59059 ], [ 73.2399, 19.58909 ], [ 73.24096, 19.58688 ], [ 73.24428, 19.5866 ], [ 73.24724, 19.58232 ], [ 73.24542, 19.58218 ], [ 73.24724, 19.57975 ], [ 73.24459, 19.58004 ], [ 73.24338, 19.57697 ], [ 73.2436, 19.5754 ], [ 73.24671, 19.57369 ], [ 73.2461, 19.57091 ], [ 73.24118, 19.57163 ], [ 73.24111, 19.57491 ], [ 73.23543, 19.57655 ], [ 73.23369, 19.57655 ], [ 73.2296, 19.57369 ], [ 73.23059, 19.57883 ], [ 73.23036, 19.58189 ], [ 73.22885, 19.5851 ], [ 73.22559, 19.58638 ], [ 73.22189, 19.58403 ], [ 73.21878, 19.58025 ], [ 73.21765, 19.58375 ], [ 73.21629, 19.58389 ], [ 73.2153, 19.58303 ], [ 73.21644, 19.57669 ], [ 73.21447, 19.57533 ], [ 73.21576, 19.56842 ] ] ] } },
{ "type": "Feature", "properties": { "name": "Kurinjimala WLS", "Type": "Wildlife Sanctuary", "State": "Kerala", "Year": 2006.0 }, "geometry": { "type": "Polygon", "coordinates": [ [ [ 77.27468, 10.22072 ], [ 77.28042, 10.20721 ], [ 77.27949, 10.204 ], [ 77.28054, 10.20027 ], [ 77.27909, 10.19518 ], [ 77.27574, 10.1887 ], [ 77.27539, 10.17559 ], [ 77.27373, 10.16488 ], [ 77.26449, 10.16578 ], [ 77.26554, 10.16958 ], [ 77.26515, 10.17558 ], [ 77.26783, 10.185 ], [ 77.26709, 10.19343 ], [ 77.26807, 10.20063 ], [ 77.26783, 10.20552 ], [ 77.2581, 10.21559 ], [ 77.25562, 10.22534 ], [ 77.27468, 10.22072 ] ] ] } },
{ "type": "Feature", "properties": { "name": "Anamudi Shola National Park", "Type": "National Park", "State": "Kerala", "Year": 2003.0 }, "geometry": { "type": "Polygon", "coordinates": [ [ [ 77.16397, 10.21442 ], [ 77.1708, 10.21414 ], [ 77.17677, 10.21264 ], [ 77.17964, 10.21083 ], [ 77.18586, 10.20124 ], [ 77.18934, 10.19931 ], [ 77.19123, 10.20157 ], [ 77.19627, 10.20353 ], [ 77.20037, 10.20396 ], [ 77.20466, 10.20711 ], [ 77.21445, 10.22709 ], [ 77.21663, 10.22873 ], [ 77.22127, 10.22759 ], [ 77.22492, 10.22531 ], [ 77.22603, 10.22198 ], [ 77.22539, 10.21809 ], [ 77.22286, 10.21454 ], [ 77.21848, 10.21125 ], [ 77.21766, 10.20614 ], [ 77.222, 10.20457 ], [ 77.22363, 10.20255 ], [ 77.22333, 10.2009 ], [ 77.21758, 10.19359 ], [ 77.21234, 10.18874 ], [ 77.20925, 10.18798 ], [ 77.20567, 10.18969 ], [ 77.20393, 10.19579 ], [ 77.19496, 10.18379 ], [ 77.18739, 10.17663 ], [ 77.179, 10.17625 ], [ 77.17486, 10.17839 ], [ 77.17194, 10.18523 ], [ 77.17072, 10.19186 ], [ 77.16505, 10.19262 ], [ 77.16299, 10.19676 ], [ 77.16205, 10.20555 ], [ 77.16397, 10.21442 ] ] ] } },
{ "type": "Feature", "properties": { "name": "Bandipur", "Type": "National Park", "State": "Karnataka", "Year": 1974.0 }, "geometry": { "type": "Polygon", "coordinates": [ [ [ 76.42788, 11.66845 ], [ 76.42629, 11.67083 ], [ 76.41948, 11.67114 ], [ 76.41631, 11.67384 ], [ 76.41187, 11.68303 ], [ 76.41171, 11.68699 ], [ 76.40934, 11.68921 ], [ 76.4114, 11.6946 ], [ 76.40807, 11.70236 ], [ 76.4087, 11.70537 ], [ 76.40474, 11.70569 ], [ 76.40363, 11.70807 ], [ 76.40363, 11.71123 ], [ 76.40712, 11.71218 ], [ 76.41044, 11.71535 ], [ 76.41282, 11.71504 ], [ 76.4125, 11.71123 ], [ 76.41647, 11.71551 ], [ 76.42502, 11.72027 ], [ 76.42756, 11.72692 ], [ 76.42312, 11.73675 ], [ 76.41758, 11.74324 ], [ 76.41314, 11.73992 ], [ 76.4106, 11.74308 ], [ 76.41425, 11.75497 ], [ 76.37907, 11.74451 ], [ 76.36196, 11.74578 ], [ 76.3553, 11.73754 ], [ 76.34199, 11.73817 ], [ 76.31759, 11.75148 ], [ 76.30713, 11.78381 ], [ 76.29128, 11.79363 ], [ 76.27924, 11.81138 ], [ 76.25214, 11.80156 ], [ 76.22489, 11.80694 ], [ 76.21221, 11.83325 ], [ 76.20904, 11.86494 ], [ 76.20334, 11.87271 ], [ 76.21395, 11.87682 ], [ 76.21665, 11.88427 ], [ 76.20857, 11.88934 ], [ 76.20968, 11.90139 ], [ 76.213, 11.90646 ], [ 76.20888, 11.9166 ], [ 76.21364, 11.91692 ], [ 76.22631, 11.90947 ], [ 76.22837, 11.90931 ], [ 76.2344, 11.91913 ], [ 76.2439, 11.91549 ], [ 76.24612, 11.91375 ], [ 76.24771, 11.91042 ], [ 76.25056, 11.91074 ], [ 76.2561, 11.90646 ], [ 76.25373, 11.89917 ], [ 76.25595, 11.89505 ], [ 76.26308, 11.89822 ], [ 76.28178, 11.89362 ], [ 76.28558, 11.8914 ], [ 76.28796, 11.9025 ], [ 76.30317, 11.90091 ], [ 76.3103, 11.90265 ], [ 76.30887, 11.90899 ], [ 76.30887, 11.91248 ], [ 76.31014, 11.91438 ], [ 76.31489, 11.9128 ], [ 76.31584, 11.90868 ], [ 76.32599, 11.90265 ], [ 76.3282, 11.90868 ], [ 76.33803, 11.91945 ], [ 76.3431, 11.91945 ], [ 76.35387, 11.91184 ], [ 76.34088, 11.88617 ], [ 76.34342, 11.8754 ], [ 76.34468, 11.86526 ], [ 76.34817, 11.85607 ], [ 76.35736, 11.85765 ], [ 76.35926, 11.85417 ], [ 76.38303, 11.8567 ], [ 76.39, 11.86906 ], [ 76.39032, 11.88934 ], [ 76.40014, 11.90202 ], [ 76.39064, 11.90868 ], [ 76.3843, 11.91121 ], [ 76.3805, 11.91533 ], [ 76.38303, 11.91692 ], [ 76.39951, 11.92135 ], [ 76.403, 11.92357 ], [ 76.40712, 11.92864 ], [ 76.41377, 11.93149 ], [ 76.42138, 11.94259 ], [ 76.42106, 11.94956 ], [ 76.4293, 11.94544 ], [ 76.43025, 11.941 ], [ 76.42962, 11.93244 ], [ 76.43279, 11.91755 ], [ 76.43057, 11.90963 ], [ 76.42962, 11.90234 ], [ 76.42645, 11.89727 ], [ 76.42201, 11.89663 ], [ 76.41662, 11.88998 ], [ 76.4106, 11.88871 ], [ 76.40585, 11.87286 ], [ 76.40585, 11.86557 ], [ 76.40236, 11.86114 ], [ 76.40205, 11.85765 ], [ 76.40934, 11.85607 ], [ 76.4049, 11.84656 ], [ 76.40965, 11.8342 ], [ 76.42074, 11.83452 ], [ 76.4217, 11.82976 ], [ 76.44356, 11.81867 ], [ 76.44483, 11.82849 ], [ 76.43976, 11.84783 ], [ 76.44103, 11.85607 ], [ 76.45719, 11.87033 ], [ 76.47304, 11.87888 ], [ 76.48476, 11.87825 ], [ 76.4892, 11.89029 ], [ 76.49173, 11.89441 ], [ 76.49617, 11.89568 ], [ 76.50029, 11.90044 ], [ 76.50378, 11.91723 ], [ 76.50409, 11.92357 ], [ 76.50568, 11.9185 ], [ 76.51772, 11.91248 ], [ 76.52153, 11.89188 ], [ 76.5342, 11.89061 ], [ 76.54434, 11.90202 ], [ 76.54308, 11.91882 ], [ 76.5632, 11.9147 ], [ 76.57746, 11.92452 ], [ 76.56986, 11.93023 ], [ 76.57176, 11.93847 ], [ 76.57112, 11.94766 ], [ 76.57207, 11.954 ], [ 76.5651, 11.95558 ], [ 76.56922, 11.96984 ], [ 76.57461, 11.97111 ], [ 76.57588, 11.98062 ], [ 76.58412, 11.97459 ], [ 76.58792, 11.97047 ], [ 76.59362, 11.97333 ], [ 76.60789, 11.96382 ], [ 76.60282, 11.94892 ], [ 76.5987, 11.94924 ], [ 76.59141, 11.92642 ], [ 76.59394, 11.91977 ], [ 76.60313, 11.91692 ], [ 76.59458, 11.90234 ], [ 76.58887, 11.8998 ], [ 76.5781, 11.88586 ], [ 76.57144, 11.87223 ], [ 76.57239, 11.86082 ], [ 76.57144, 11.84688 ], [ 76.57493, 11.84085 ], [ 76.59141, 11.83769 ], [ 76.59077, 11.83325 ], [ 76.58602, 11.83357 ], [ 76.58507, 11.82501 ], [ 76.57905, 11.82469 ], [ 76.57081, 11.8399 ], [ 76.56637, 11.8399 ], [ 76.56447, 11.80694 ], [ 76.56795, 11.80156 ], [ 76.56225, 11.79839 ], [ 76.55655, 11.79268 ], [ 76.54831, 11.78856 ], [ 76.54228, 11.78983 ], [ 76.54514, 11.77969 ], [ 76.54862, 11.77906 ], [ 76.55116, 11.77494 ], [ 76.54735, 11.76701 ], [ 76.55052, 11.76067 ], [ 76.55464, 11.74673 ], [ 76.57112, 11.74926 ], [ 76.57778, 11.7461 ], [ 76.58317, 11.7369 ], [ 76.59331, 11.73025 ], [ 76.59679, 11.72359 ], [ 76.60915, 11.72771 ], [ 76.61676, 11.72803 ], [ 76.62278, 11.72676 ], [ 76.63007, 11.72835 ], [ 76.61644, 11.71884 ], [ 76.61454, 11.71345 ], [ 76.63736, 11.71884 ], [ 76.64306, 11.71694 ], [ 76.64021, 11.70711 ], [ 76.62627, 11.70236 ], [ 76.64306, 11.69063 ], [ 76.64813, 11.68144 ], [ 76.65637, 11.67827 ], [ 76.65986, 11.68683 ], [ 76.66747, 11.69222 ], [ 76.67793, 11.70204 ], [ 76.68173, 11.69887 ], [ 76.67697, 11.69285 ], [ 76.67254, 11.68176 ], [ 76.67793, 11.67891 ], [ 76.68775, 11.67954 ], [ 76.6887, 11.68144 ], [ 76.68632, 11.66275 ], [ 76.65178, 11.66718 ], [ 76.64354, 11.65609 ], [ 76.65939, 11.63422 ], [ 76.67903, 11.62408 ], [ 76.69742, 11.63739 ], [ 76.70851, 11.63771 ], [ 76.71326, 11.64246 ], [ 76.71548, 11.64627 ], [ 76.7139, 11.64785 ], [ 76.71136, 11.65292 ], [ 76.71421, 11.65799 ], [ 76.72119, 11.65609 ], [ 76.72562, 11.64627 ], [ 76.73164, 11.65102 ], [ 76.72911, 11.65926 ], [ 76.72942, 11.66877 ], [ 76.74686, 11.67003 ], [ 76.75541, 11.67574 ], [ 76.76112, 11.66877 ], [ 76.75858, 11.65958 ], [ 76.76714, 11.65229 ], [ 76.7833, 11.67479 ], [ 76.80707, 11.67732 ], [ 76.81182, 11.68493 ], [ 76.82704, 11.69602 ], [ 76.82957, 11.70078 ], [ 76.83591, 11.70173 ], [ 76.83401, 11.7125 ], [ 76.83971, 11.71282 ], [ 76.85588, 11.72803 ], [ 76.8451, 11.70648 ], [ 76.85778, 11.70711 ], [ 76.87109, 11.72423 ], [ 76.88693, 11.7331 ], [ 76.86602, 11.7106 ], [ 76.84066, 11.66306 ], [ 76.83718, 11.63739 ], [ 76.85778, 11.60919 ], [ 76.85588, 11.59429 ], [ 76.84352, 11.59302 ], [ 76.82292, 11.60507 ], [ 76.75731, 11.61679 ], [ 76.74781, 11.61267 ], [ 76.65939, 11.61236 ], [ 76.61407, 11.60887 ], [ 76.60646, 11.6095 ], [ 76.58966, 11.61648 ], [ 76.5678, 11.61901 ], [ 76.55544, 11.65609 ], [ 76.55258, 11.6713 ], [ 76.54339, 11.68873 ], [ 76.51455, 11.70616 ], [ 76.49411, 11.69095 ], [ 76.48555, 11.6919 ], [ 76.48429, 11.6843 ], [ 76.48048, 11.6843 ], [ 76.46337, 11.66655 ], [ 76.45133, 11.66338 ], [ 76.43247, 11.66496 ], [ 76.42788, 11.66845 ] ] ] } },
{ "type": "Feature", "properties": { "name": "Periyar WLS/Tiger Reserve", "Type": "Wildlife Sanctuary", "State": "Kerala", "Year": 1950.0 }, "geometry": { "type": "Polygon", "coordinates": [ [ [ 76.9401, 9.43136 ], [ 76.94389, 9.43388 ], [ 76.94548, 9.43397 ], [ 76.94575, 9.43625 ], [ 76.94306, 9.43938 ], [ 76.943, 9.44214 ], [ 76.94104, 9.44554 ], [ 76.94693, 9.44748 ], [ 76.95307, 9.45162 ], [ 76.95672, 9.4585 ], [ 76.9592, 9.45864 ], [ 76.95918, 9.46202 ], [ 76.96453, 9.46506 ], [ 76.96973, 9.46505 ], [ 76.97161, 9.46748 ], [ 76.97357, 9.468 ], [ 76.97575, 9.46665 ], [ 76.97919, 9.46756 ], [ 76.983, 9.4672 ], [ 76.98595, 9.47128 ], [ 76.98523, 9.47276 ], [ 76.98602, 9.47341 ], [ 76.9893, 9.47116 ], [ 76.99133, 9.47121 ], [ 76.99173, 9.47254 ], [ 76.98924, 9.47598 ], [ 76.99058, 9.47711 ], [ 76.99375, 9.47759 ], [ 76.9952, 9.47687 ], [ 77.00191, 9.47961 ], [ 77.0018, 9.48114 ], [ 77.00259, 9.48169 ], [ 77.00715, 9.48058 ], [ 77.00796, 9.48235 ], [ 77.01401, 9.48551 ], [ 77.01633, 9.48571 ], [ 77.01754, 9.48742 ], [ 77.01959, 9.48733 ], [ 77.01966, 9.49017 ], [ 77.02035, 9.49096 ], [ 77.02282, 9.48932 ], [ 77.02443, 9.48963 ], [ 77.02511, 9.49041 ], [ 77.02486, 9.49258 ], [ 77.02671, 9.49155 ], [ 77.03098, 9.49376 ], [ 77.03332, 9.49566 ], [ 77.03083, 9.49666 ], [ 77.03177, 9.49754 ], [ 77.05336, 9.50623 ], [ 77.06953, 9.51078 ], [ 77.07518, 9.51487 ], [ 77.07636, 9.51945 ], [ 77.08165, 9.51839 ], [ 77.08459, 9.52017 ], [ 77.11147, 9.52579 ], [ 77.10724, 9.53351 ], [ 77.10454, 9.53435 ], [ 77.09572, 9.53951 ], [ 77.0943, 9.54254 ], [ 77.09513, 9.54576 ], [ 77.09961, 9.55119 ], [ 77.10313, 9.55259 ], [ 77.10637, 9.55206 ], [ 77.10649, 9.54939 ], [ 77.11263, 9.5477 ], [ 77.11577, 9.54787 ], [ 77.11869, 9.5496 ], [ 77.11977, 9.55252 ], [ 77.11817, 9.55621 ], [ 77.11219, 9.56288 ], [ 77.11497, 9.56317 ], [ 77.11522, 9.56427 ], [ 77.1233, 9.56362 ], [ 77.122, 9.5697 ], [ 77.12857, 9.57144 ], [ 77.12857, 9.57266 ], [ 77.1323, 9.57728 ], [ 77.1324, 9.57918 ], [ 77.13066, 9.5791 ], [ 77.13067, 9.58094 ], [ 77.13308, 9.58425 ], [ 77.13113, 9.58713 ], [ 77.15494, 9.60081 ], [ 77.16059, 9.60879 ], [ 77.16193, 9.60513 ], [ 77.16865, 9.60315 ], [ 77.17237, 9.59732 ], [ 77.17253, 9.59893 ], [ 77.17396, 9.59942 ], [ 77.17824, 9.61013 ], [ 77.18248, 9.60978 ], [ 77.1864, 9.60776 ], [ 77.19737, 9.61127 ], [ 77.19826, 9.61413 ], [ 77.20262, 9.61464 ], [ 77.20503, 9.61337 ], [ 77.20919, 9.6137 ], [ 77.21046, 9.61026 ], [ 77.20969, 9.60587 ], [ 77.21116, 9.60374 ], [ 77.21264, 9.60207 ], [ 77.22176, 9.59862 ], [ 77.22506, 9.5908 ], [ 77.23049, 9.58462 ], [ 77.23711, 9.58089 ], [ 77.24296, 9.58453 ], [ 77.25083, 9.58294 ], [ 77.25625, 9.58352 ], [ 77.25967, 9.58183 ], [ 77.26413, 9.57365 ], [ 77.26573, 9.57355 ], [ 77.26414, 9.56389 ], [ 77.26397, 9.5531 ], [ 77.26191, 9.53181 ], [ 77.26238, 9.49475 ], [ 77.26064, 9.48386 ], [ 77.2617, 9.41384 ], [ 77.24813, 9.37735 ], [ 77.24128, 9.36886 ], [ 77.24081, 9.36389 ], [ 77.24175, 9.35986 ], [ 77.23994, 9.35504 ], [ 77.23783, 9.35293 ], [ 77.23666, 9.34998 ], [ 77.23691, 9.34394 ], [ 77.23819, 9.34063 ], [ 77.23704, 9.33712 ], [ 77.23288, 9.33432 ], [ 77.23079, 9.33004 ], [ 77.23474, 9.32668 ], [ 77.23231, 9.32631 ], [ 77.22851, 9.32052 ], [ 77.22663, 9.31917 ], [ 77.21424, 9.32007 ], [ 77.20973, 9.3274 ], [ 77.2074, 9.32818 ], [ 77.20463, 9.32353 ], [ 77.19578, 9.31715 ], [ 77.19372, 9.31679 ], [ 77.19209, 9.3183 ], [ 77.1901, 9.3169 ], [ 77.18687, 9.31645 ], [ 77.18622, 9.31751 ], [ 77.18661, 9.3201 ], [ 77.18845, 9.3204 ], [ 77.18896, 9.32121 ], [ 77.18746, 9.32197 ], [ 77.1892, 9.32872 ], [ 77.18825, 9.3277 ], [ 77.18771, 9.32871 ], [ 77.18688, 9.32772 ], [ 77.18647, 9.32972 ], [ 77.18746, 9.331 ], [ 77.18924, 9.32973 ], [ 77.18972, 9.33043 ], [ 77.19196, 9.32796 ], [ 77.1925, 9.32889 ], [ 77.19149, 9.33047 ], [ 77.1917, 9.33191 ], [ 77.18973, 9.33242 ], [ 77.19, 9.33522 ], [ 77.19169, 9.33795 ], [ 77.19248, 9.34115 ], [ 77.19571, 9.36424 ], [ 77.19447, 9.36571 ], [ 77.19206, 9.36267 ], [ 77.19055, 9.36257 ], [ 77.18674, 9.36465 ], [ 77.18628, 9.36614 ], [ 77.18391, 9.36644 ], [ 77.1841, 9.36835 ], [ 77.18162, 9.36842 ], [ 77.18297, 9.37075 ], [ 77.17683, 9.37153 ], [ 77.17507, 9.37061 ], [ 77.1741, 9.37109 ], [ 77.17509, 9.3731 ], [ 77.17, 9.37112 ], [ 77.16797, 9.37127 ], [ 77.16777, 9.37197 ], [ 77.1687, 9.37389 ], [ 77.17301, 9.37671 ], [ 77.17011, 9.37945 ], [ 77.16825, 9.37881 ], [ 77.17068, 9.38139 ], [ 77.17238, 9.38063 ], [ 77.17315, 9.38183 ], [ 77.17488, 9.37988 ], [ 77.17586, 9.38059 ], [ 77.17733, 9.3784 ], [ 77.17796, 9.37944 ], [ 77.17676, 9.38112 ], [ 77.18016, 9.3822 ], [ 77.17917, 9.38274 ], [ 77.17542, 9.38199 ], [ 77.1739, 9.38397 ], [ 77.17191, 9.38348 ], [ 77.17251, 9.38469 ], [ 77.17192, 9.38501 ], [ 77.16997, 9.3835 ], [ 77.17144, 9.38568 ], [ 77.1712, 9.38642 ], [ 77.17299, 9.38794 ], [ 77.17205, 9.38848 ], [ 77.17297, 9.39064 ], [ 77.17254, 9.39145 ], [ 77.16982, 9.3855 ], [ 77.16737, 9.38482 ], [ 77.17248, 9.39215 ], [ 77.16922, 9.40032 ], [ 77.1733, 9.40591 ], [ 77.17043, 9.40739 ], [ 77.1707, 9.40862 ], [ 77.17536, 9.40748 ], [ 77.17545, 9.41103 ], [ 77.1767, 9.41454 ], [ 77.17802, 9.40777 ], [ 77.17977, 9.40719 ], [ 77.18879, 9.42388 ], [ 77.18626, 9.43347 ], [ 77.18215, 9.43127 ], [ 77.18505, 9.43829 ], [ 77.18075, 9.44235 ], [ 77.17473, 9.4393 ], [ 77.17188, 9.44075 ], [ 77.17019, 9.44073 ], [ 77.1666, 9.44363 ], [ 77.1635, 9.44227 ], [ 77.16056, 9.43912 ], [ 77.16124, 9.43496 ], [ 77.15981, 9.43461 ], [ 77.15547, 9.43787 ], [ 77.15014, 9.43246 ], [ 77.15093, 9.42957 ], [ 77.15325, 9.42619 ], [ 77.15368, 9.42246 ], [ 77.15536, 9.42205 ], [ 77.15522, 9.41509 ], [ 77.15323, 9.41162 ], [ 77.14921, 9.41153 ], [ 77.14387, 9.40684 ], [ 77.14286, 9.40146 ], [ 77.14439, 9.39901 ], [ 77.14947, 9.39994 ], [ 77.15143, 9.39833 ], [ 77.15367, 9.39783 ], [ 77.15463, 9.39628 ], [ 77.15701, 9.39604 ], [ 77.15785, 9.39216 ], [ 77.15907, 9.39106 ], [ 77.15763, 9.3885 ], [ 77.15453, 9.38961 ], [ 77.15496, 9.38502 ], [ 77.1584, 9.37566 ], [ 77.1606, 9.37506 ], [ 77.16009, 9.36922 ], [ 77.15771, 9.36875 ], [ 77.15197, 9.36359 ], [ 77.14713, 9.35555 ], [ 77.13747, 9.3456 ], [ 77.13442, 9.34145 ], [ 77.13257, 9.34098 ], [ 77.13076, 9.34216 ], [ 77.12924, 9.34454 ], [ 77.12916, 9.34791 ], [ 77.12795, 9.35095 ], [ 77.12933, 9.35212 ], [ 77.12872, 9.35423 ], [ 77.13089, 9.35643 ], [ 77.12991, 9.35804 ], [ 77.13051, 9.36058 ], [ 77.12677, 9.36475 ], [ 77.12527, 9.37097 ], [ 77.12835, 9.37282 ], [ 77.12672, 9.37563 ], [ 77.1285, 9.37617 ], [ 77.12737, 9.37894 ], [ 77.12825, 9.38192 ], [ 77.12281, 9.38871 ], [ 77.12103, 9.39281 ], [ 77.1143, 9.39527 ], [ 77.11335, 9.39276 ], [ 77.11098, 9.39319 ], [ 77.10927, 9.39183 ], [ 77.10197, 9.39347 ], [ 77.09976, 9.39328 ], [ 77.0981, 9.38975 ], [ 77.0927, 9.39404 ], [ 77.09033, 9.39187 ], [ 77.08912, 9.38823 ], [ 77.08636, 9.38789 ], [ 77.08393, 9.39131 ], [ 77.08019, 9.39106 ], [ 77.07633, 9.39295 ], [ 77.07231, 9.39698 ], [ 77.07191, 9.39828 ], [ 77.06995, 9.39959 ], [ 77.06621, 9.40728 ], [ 77.06892, 9.4093 ], [ 77.06923, 9.41082 ], [ 77.06267, 9.41511 ], [ 77.05108, 9.41499 ], [ 77.05005, 9.41281 ], [ 77.04809, 9.41172 ], [ 77.03955, 9.41079 ], [ 77.03552, 9.40787 ], [ 77.03256, 9.40771 ], [ 77.02654, 9.4058 ], [ 77.02477, 9.40633 ], [ 77.02129, 9.40477 ], [ 77.00837, 9.40903 ], [ 77.00959, 9.41658 ], [ 77.01101, 9.41896 ], [ 77.00526, 9.41815 ], [ 77.00126, 9.41865 ], [ 76.99989, 9.41942 ], [ 76.99896, 9.42181 ], [ 76.9975, 9.42311 ], [ 76.99243, 9.42103 ], [ 76.98904, 9.42166 ], [ 76.98748, 9.42294 ], [ 76.97548, 9.42496 ], [ 76.97489, 9.42239 ], [ 76.97256, 9.42314 ], [ 76.97015, 9.42528 ], [ 76.96169, 9.42291 ], [ 76.96026, 9.42104 ], [ 76.95496, 9.42156 ], [ 76.9511, 9.42019 ], [ 76.94418, 9.41928 ], [ 76.94025, 9.42675 ], [ 76.9401, 9.43136 ] ] ] } },
{ "type": "Feature", "properties": { "name": "Yadahalli Chinkara WLS", "Type": "Wildlife Sanctuary", "State": "Karnataka", "Year": 2015.0 }, "geometry": { "type": "Polygon", "coordinates": [ [ [ 75.40264, 16.37893 ], [ 75.4038, 16.37814 ], [ 75.40645, 16.37829 ], [ 75.41204, 16.38234 ], [ 75.42282, 16.38577 ], [ 75.43225, 16.38661 ], [ 75.43518, 16.38586 ], [ 75.44599, 16.38707 ], [ 75.44963, 16.38643 ], [ 75.4531, 16.38161 ], [ 75.45719, 16.38237 ], [ 75.45629, 16.3869 ], [ 75.4771, 16.3924 ], [ 75.48559, 16.39135 ], [ 75.48914, 16.38963 ], [ 75.48803, 16.38113 ], [ 75.48637, 16.37833 ], [ 75.48368, 16.3771 ], [ 75.48552, 16.3733 ], [ 75.48339, 16.36626 ], [ 75.49329, 16.36191 ], [ 75.49702, 16.35881 ], [ 75.4977, 16.35573 ], [ 75.50047, 16.35443 ], [ 75.50688, 16.35475 ], [ 75.5107, 16.35239 ], [ 75.51929, 16.35513 ], [ 75.52867, 16.35603 ], [ 75.54104, 16.35028 ], [ 75.5451, 16.34663 ], [ 75.54889, 16.34669 ], [ 75.55262, 16.34409 ], [ 75.55702, 16.3428 ], [ 75.56487, 16.34184 ], [ 75.56729, 16.34222 ], [ 75.58205, 16.34009 ], [ 75.58378, 16.33884 ], [ 75.58553, 16.34009 ], [ 75.60393, 16.34029 ], [ 75.60863, 16.34251 ], [ 75.61117, 16.34134 ], [ 75.61233, 16.33914 ], [ 75.61108, 16.33645 ], [ 75.61041, 16.33688 ], [ 75.61102, 16.33583 ], [ 75.61402, 16.34069 ], [ 75.61599, 16.34186 ], [ 75.61944, 16.34103 ], [ 75.62468, 16.34161 ], [ 75.62913, 16.34065 ], [ 75.63413, 16.33794 ], [ 75.63757, 16.338 ], [ 75.63924, 16.33528 ], [ 75.63926, 16.33354 ], [ 75.63851, 16.33195 ], [ 75.63633, 16.33141 ], [ 75.63363, 16.33163 ], [ 75.62958, 16.33329 ], [ 75.62991, 16.32889 ], [ 75.62513, 16.32841 ], [ 75.63057, 16.3269 ], [ 75.63136, 16.32455 ], [ 75.62166, 16.32405 ], [ 75.62009, 16.32511 ], [ 75.61973, 16.3272 ], [ 75.62074, 16.32915 ], [ 75.61914, 16.32914 ], [ 75.61896, 16.3255 ], [ 75.61742, 16.32467 ], [ 75.61506, 16.3257 ], [ 75.61585, 16.32355 ], [ 75.61499, 16.32039 ], [ 75.6138, 16.31823 ], [ 75.61013, 16.31593 ], [ 75.60929, 16.31592 ], [ 75.60738, 16.31868 ], [ 75.60498, 16.32039 ], [ 75.60428, 16.32006 ], [ 75.60768, 16.31622 ], [ 75.6061, 16.31267 ], [ 75.60219, 16.31014 ], [ 75.59774, 16.30883 ], [ 75.59895, 16.30604 ], [ 75.59552, 16.30533 ], [ 75.59382, 16.30389 ], [ 75.59033, 16.30485 ], [ 75.58828, 16.3018 ], [ 75.58033, 16.30298 ], [ 75.57746, 16.3013 ], [ 75.5695, 16.30078 ], [ 75.55477, 16.30251 ], [ 75.55181, 16.30353 ], [ 75.5458, 16.30974 ], [ 75.54379, 16.3088 ], [ 75.54277, 16.30503 ], [ 75.53752, 16.30804 ], [ 75.53444, 16.30881 ], [ 75.53357, 16.30696 ], [ 75.52708, 16.30756 ], [ 75.52262, 16.30975 ], [ 75.5144, 16.31128 ], [ 75.51238, 16.31415 ], [ 75.50738, 16.31588 ], [ 75.50489, 16.31818 ], [ 75.4994, 16.32 ], [ 75.49708, 16.31715 ], [ 75.48869, 16.32043 ], [ 75.49002, 16.32603 ], [ 75.48912, 16.32712 ], [ 75.48597, 16.32673 ], [ 75.48425, 16.32752 ], [ 75.4838, 16.32998 ], [ 75.48104, 16.33322 ], [ 75.4771, 16.33394 ], [ 75.47421, 16.33261 ], [ 75.47128, 16.33368 ], [ 75.46856, 16.33305 ], [ 75.46275, 16.33713 ], [ 75.46209, 16.33963 ], [ 75.46011, 16.33793 ], [ 75.45457, 16.34079 ], [ 75.45664, 16.35226 ], [ 75.45545, 16.35263 ], [ 75.45129, 16.34479 ], [ 75.44659, 16.34639 ], [ 75.43771, 16.35272 ], [ 75.44256, 16.36194 ], [ 75.44063, 16.36167 ], [ 75.43678, 16.35499 ], [ 75.42929, 16.36106 ], [ 75.42564, 16.36107 ], [ 75.4127, 16.36626 ], [ 75.40573, 16.371 ], [ 75.4002, 16.37755 ], [ 75.40264, 16.37893 ] ] ] } },
{ "type": "Feature", "properties": { "name": "Megamalai WLS", "Type": "Wildlife Sanctuary", "State": "Tamil Nadu", "Year": 2009.0 }, "geometry": { "type": "MultiPolygon", "coordinates": [ [ [ [ 77.16963, 9.61935 ], [ 77.16974, 9.62346 ], [ 77.19538, 9.627 ], [ 77.19733, 9.6238 ], [ 77.2029, 9.6261 ], [ 77.21124, 9.62713 ], [ 77.21312, 9.62703 ], [ 77.21431, 9.623 ], [ 77.21895, 9.62284 ], [ 77.21861, 9.61772 ], [ 77.22579, 9.61657 ], [ 77.22822, 9.61768 ], [ 77.22946, 9.61518 ], [ 77.23325, 9.61434 ], [ 77.23501, 9.61561 ], [ 77.23588, 9.61738 ], [ 77.2388, 9.62897 ], [ 77.23805, 9.6316 ], [ 77.23837, 9.63386 ], [ 77.2352, 9.63532 ], [ 77.23238, 9.63502 ], [ 77.23284, 9.63776 ], [ 77.23623, 9.64194 ], [ 77.24562, 9.63388 ], [ 77.24296, 9.6217 ], [ 77.25079, 9.62368 ], [ 77.25245, 9.6291 ], [ 77.25755, 9.62947 ], [ 77.26358, 9.63276 ], [ 77.26472, 9.63521 ], [ 77.26462, 9.63879 ], [ 77.27302, 9.63912 ], [ 77.27368, 9.63781 ], [ 77.2726, 9.63001 ], [ 77.27748, 9.62871 ], [ 77.27844, 9.62933 ], [ 77.278, 9.63341 ], [ 77.27982, 9.6339 ], [ 77.28114, 9.63659 ], [ 77.28397, 9.63537 ], [ 77.29004, 9.64486 ], [ 77.28704, 9.64554 ], [ 77.28496, 9.64738 ], [ 77.28158, 9.64381 ], [ 77.27978, 9.64491 ], [ 77.28212, 9.64775 ], [ 77.28206, 9.65176 ], [ 77.28487, 9.65439 ], [ 77.28311, 9.65607 ], [ 77.28384, 9.65885 ], [ 77.28811, 9.65881 ], [ 77.2903, 9.66262 ], [ 77.2944, 9.665 ], [ 77.29631, 9.66265 ], [ 77.2982, 9.66528 ], [ 77.30043, 9.6629 ], [ 77.30518, 9.66202 ], [ 77.30678, 9.66523 ], [ 77.30636, 9.66839 ], [ 77.30452, 9.66902 ], [ 77.30474, 9.67093 ], [ 77.3013, 9.67231 ], [ 77.30252, 9.67432 ], [ 77.30401, 9.67398 ], [ 77.30604, 9.67489 ], [ 77.30697, 9.68338 ], [ 77.30927, 9.68343 ], [ 77.30947, 9.68463 ], [ 77.315, 9.6851 ], [ 77.32113, 9.68464 ], [ 77.32186, 9.68238 ], [ 77.32568, 9.68419 ], [ 77.33139, 9.68176 ], [ 77.33163, 9.68354 ], [ 77.33059, 9.68634 ], [ 77.3315, 9.6915 ], [ 77.33591, 9.68942 ], [ 77.34187, 9.68955 ], [ 77.34242, 9.6904 ], [ 77.34038, 9.69289 ], [ 77.34288, 9.69585 ], [ 77.3447, 9.69577 ], [ 77.34391, 9.69738 ], [ 77.34428, 9.69921 ], [ 77.34152, 9.69871 ], [ 77.33715, 9.69594 ], [ 77.33464, 9.69669 ], [ 77.33461, 9.69727 ], [ 77.34017, 9.70577 ], [ 77.33994, 9.70986 ], [ 77.34395, 9.7123 ], [ 77.34766, 9.71939 ], [ 77.34855, 9.72332 ], [ 77.35208, 9.72697 ], [ 77.3571, 9.72473 ], [ 77.35879, 9.7256 ], [ 77.36172, 9.72368 ], [ 77.36574, 9.72322 ], [ 77.36701, 9.72384 ], [ 77.36684, 9.72602 ], [ 77.36528, 9.72575 ], [ 77.36533, 9.72839 ], [ 77.36111, 9.72716 ], [ 77.35768, 9.73404 ], [ 77.35503, 9.73585 ], [ 77.35561, 9.7413 ], [ 77.35699, 9.74459 ], [ 77.3563, 9.75311 ], [ 77.36298, 9.75175 ], [ 77.36607, 9.7566 ], [ 77.36321, 9.75788 ], [ 77.3649, 9.76293 ], [ 77.36705, 9.76543 ], [ 77.3717, 9.76523 ], [ 77.37394, 9.76248 ], [ 77.37461, 9.75368 ], [ 77.3732, 9.75213 ], [ 77.37346, 9.75096 ], [ 77.37722, 9.74917 ], [ 77.37991, 9.74544 ], [ 77.38752, 9.75203 ], [ 77.38956, 9.75199 ], [ 77.39097, 9.74993 ], [ 77.3936, 9.74897 ], [ 77.39485, 9.75182 ], [ 77.40359, 9.75541 ], [ 77.40804, 9.75916 ], [ 77.40992, 9.75843 ], [ 77.41193, 9.75946 ], [ 77.41304, 9.76193 ], [ 77.41285, 9.76468 ], [ 77.41849, 9.7732 ], [ 77.42114, 9.77184 ], [ 77.41913, 9.76564 ], [ 77.41704, 9.76655 ], [ 77.416, 9.76471 ], [ 77.41864, 9.76358 ], [ 77.42039, 9.76021 ], [ 77.42306, 9.75846 ], [ 77.42517, 9.75899 ], [ 77.42748, 9.75004 ], [ 77.42675, 9.74429 ], [ 77.42881, 9.73042 ], [ 77.4293, 9.71821 ], [ 77.43068, 9.70744 ], [ 77.42812, 9.70282 ], [ 77.42588, 9.70194 ], [ 77.42586, 9.69957 ], [ 77.42333, 9.6962 ], [ 77.42211, 9.69605 ], [ 77.42213, 9.69519 ], [ 77.42288, 9.69507 ], [ 77.42255, 9.69417 ], [ 77.42353, 9.6939 ], [ 77.40701, 9.69273 ], [ 77.39018, 9.6885 ], [ 77.36339, 9.67316 ], [ 77.35697, 9.66659 ], [ 77.33624, 9.63752 ], [ 77.29903, 9.61736 ], [ 77.29423, 9.60659 ], [ 77.27916, 9.59889 ], [ 77.28358, 9.58316 ], [ 77.28112, 9.57936 ], [ 77.27684, 9.57498 ], [ 77.27264, 9.57557 ], [ 77.26987, 9.57334 ], [ 77.26412, 9.57363 ], [ 77.25967, 9.58183 ], [ 77.25625, 9.58352 ], [ 77.25083, 9.58294 ], [ 77.24296, 9.58453 ], [ 77.23711, 9.58089 ], [ 77.23049, 9.58462 ], [ 77.22506, 9.5908 ], [ 77.22184, 9.59861 ], [ 77.21264, 9.60207 ], [ 77.21116, 9.60374 ], [ 77.20969, 9.60587 ], [ 77.21046, 9.61026 ], [ 77.20919, 9.6137 ], [ 77.20503, 9.61337 ], [ 77.20262, 9.61464 ], [ 77.19826, 9.61413 ], [ 77.19726, 9.61118 ], [ 77.1864, 9.60776 ], [ 77.18248, 9.60978 ], [ 77.17824, 9.61013 ], [ 77.17153, 9.61298 ], [ 77.16853, 9.61535 ], [ 77.16963, 9.61935 ] ] ], [ [ [ 77.4991, 9.8416 ], [ 77.50721, 9.85078 ], [ 77.51265, 9.86211 ], [ 77.51205, 9.86581 ], [ 77.51035, 9.86843 ], [ 77.51072, 9.87129 ], [ 77.51338, 9.87582 ], [ 77.51374, 9.87952 ], [ 77.5158, 9.88143 ], [ 77.51677, 9.88572 ], [ 77.51895, 9.88608 ], [ 77.52052, 9.8893 ], [ 77.52294, 9.8918 ], [ 77.52064, 9.8943 ], [ 77.52185, 9.8974 ], [ 77.52839, 9.89693 ], [ 77.53044, 9.89764 ], [ 77.53831, 9.89621 ], [ 77.54, 9.89836 ], [ 77.54388, 9.89764 ], [ 77.544, 9.89263 ], [ 77.54557, 9.89001 ], [ 77.54993, 9.88536 ], [ 77.55271, 9.885 ], [ 77.55537, 9.88727 ], [ 77.55767, 9.88441 ], [ 77.55767, 9.88095 ], [ 77.55973, 9.88 ], [ 77.56469, 9.88071 ], [ 77.56905, 9.88286 ], [ 77.57159, 9.88655 ], [ 77.57559, 9.88751 ], [ 77.58212, 9.88715 ], [ 77.58369, 9.88584 ], [ 77.5826, 9.8831 ], [ 77.5826, 9.87821 ], [ 77.57776, 9.87236 ], [ 77.58031, 9.87201 ], [ 77.58527, 9.87415 ], [ 77.58454, 9.86974 ], [ 77.58018, 9.86748 ], [ 77.57377, 9.85996 ], [ 77.57788, 9.86044 ], [ 77.57764, 9.85758 ], [ 77.57934, 9.85567 ], [ 77.58333, 9.85674 ], [ 77.58599, 9.85865 ], [ 77.59217, 9.85984 ], [ 77.60003, 9.85961 ], [ 77.59991, 9.86557 ], [ 77.60076, 9.86795 ], [ 77.59507, 9.88405 ], [ 77.59471, 9.88989 ], [ 77.59628, 9.89383 ], [ 77.59906, 9.89657 ], [ 77.60161, 9.89585 ], [ 77.60681, 9.89204 ], [ 77.61286, 9.89275 ], [ 77.61806, 9.88834 ], [ 77.62085, 9.88465 ], [ 77.61819, 9.88083 ], [ 77.61855, 9.87535 ], [ 77.61528, 9.87236 ], [ 77.61685, 9.86998 ], [ 77.62036, 9.87284 ], [ 77.62339, 9.87368 ], [ 77.62605, 9.8763 ], [ 77.63065, 9.87856 ], [ 77.63222, 9.88345 ], [ 77.6344, 9.88155 ], [ 77.63985, 9.89275 ], [ 77.63924, 9.89561 ], [ 77.63089, 9.89406 ], [ 77.62968, 9.89669 ], [ 77.63077, 9.89967 ], [ 77.63344, 9.89895 ], [ 77.63767, 9.90301 ], [ 77.63924, 9.90849 ], [ 77.64106, 9.91052 ], [ 77.64372, 9.91183 ], [ 77.6436, 9.91397 ], [ 77.64142, 9.91433 ], [ 77.63828, 9.9166 ], [ 77.63126, 9.92423 ], [ 77.6275, 9.92649 ], [ 77.61601, 9.92268 ], [ 77.61262, 9.92268 ], [ 77.60971, 9.92709 ], [ 77.61262, 9.92995 ], [ 77.61141, 9.93305 ], [ 77.61794, 9.94068 ], [ 77.61976, 9.94402 ], [ 77.62811, 9.94771 ], [ 77.63053, 9.94568 ], [ 77.63198, 9.94867 ], [ 77.63755, 9.95117 ], [ 77.64239, 9.95033 ], [ 77.64663, 9.94723 ], [ 77.64675, 9.94342 ], [ 77.6453, 9.93925 ], [ 77.64989, 9.93889 ], [ 77.65244, 9.93603 ], [ 77.65195, 9.93281 ], [ 77.65316, 9.93233 ], [ 77.66163, 9.93353 ], [ 77.66539, 9.94378 ], [ 77.67446, 9.95212 ], [ 77.68451, 9.95248 ], [ 77.68886, 9.95069 ], [ 77.69129, 9.94878 ], [ 77.69334, 9.9501 ], [ 77.69237, 9.95498 ], [ 77.6948, 9.95856 ], [ 77.6977, 9.95939 ], [ 77.70375, 9.95641 ], [ 77.7069, 9.95236 ], [ 77.71779, 9.9458 ], [ 77.7305, 9.94521 ], [ 77.73546, 9.94533 ], [ 77.74478, 9.94974 ], [ 77.74793, 9.95165 ], [ 77.75289, 9.95868 ], [ 77.75894, 9.95772 ], [ 77.76826, 9.95999 ], [ 77.7714, 9.95772 ], [ 77.77237, 9.9551 ], [ 77.77019, 9.95165 ], [ 77.76112, 9.9458 ], [ 77.75107, 9.93674 ], [ 77.74914, 9.93436 ], [ 77.75047, 9.93126 ], [ 77.76451, 9.92923 ], [ 77.77564, 9.93066 ], [ 77.77927, 9.92911 ], [ 77.78205, 9.92888 ], [ 77.78544, 9.92745 ], [ 77.78944, 9.92268 ], [ 77.79089, 9.9191 ], [ 77.79065, 9.91564 ], [ 77.78569, 9.91481 ], [ 77.7823, 9.91755 ], [ 77.77806, 9.91636 ], [ 77.76862, 9.91183 ], [ 77.7641, 9.90635 ], [ 77.75749, 9.90253 ], [ 77.75458, 9.89752 ], [ 77.75131, 9.89418 ], [ 77.74284, 9.89263 ], [ 77.73873, 9.89061 ], [ 77.73643, 9.89514 ], [ 77.73062, 9.89776 ], [ 77.72554, 9.8943 ], [ 77.72033, 9.89502 ], [ 77.71731, 9.8974 ], [ 77.71343, 9.89705 ], [ 77.71065, 9.89812 ], [ 77.69952, 9.90587 ], [ 77.68765, 9.90623 ], [ 77.68257, 9.90336 ], [ 77.67313, 9.89418 ], [ 77.66877, 9.89275 ], [ 77.6603, 9.8831 ], [ 77.65728, 9.87845 ], [ 77.6482, 9.87546 ], [ 77.64663, 9.87105 ], [ 77.64929, 9.86986 ], [ 77.64965, 9.86748 ], [ 77.64675, 9.85674 ], [ 77.64626, 9.84816 ], [ 77.64312, 9.84017 ], [ 77.64348, 9.83313 ], [ 77.64191, 9.82896 ], [ 77.63356, 9.81751 ], [ 77.62629, 9.80273 ], [ 77.60027, 9.80606 ], [ 77.60209, 9.81024 ], [ 77.60729, 9.81608 ], [ 77.60947, 9.82181 ], [ 77.60947, 9.82681 ], [ 77.61092, 9.83337 ], [ 77.60984, 9.83457 ], [ 77.60584, 9.83373 ], [ 77.60064, 9.82741 ], [ 77.60403, 9.82467 ], [ 77.59338, 9.81024 ], [ 77.59108, 9.80595 ], [ 77.58551, 9.80213 ], [ 77.58587, 9.8001 ], [ 77.58309, 9.79795 ], [ 77.57861, 9.79605 ], [ 77.56663, 9.79485 ], [ 77.55905, 9.79253 ], [ 77.55601, 9.79323 ], [ 77.56808, 9.79807 ], [ 77.55937, 9.79712 ], [ 77.55804, 9.79795 ], [ 77.56167, 9.79998 ], [ 77.57159, 9.8038 ], [ 77.57583, 9.80296 ], [ 77.58079, 9.80475 ], [ 77.58987, 9.81847 ], [ 77.5889, 9.81954 ], [ 77.58236, 9.81644 ], [ 77.56288, 9.81429 ], [ 77.55792, 9.81083 ], [ 77.55235, 9.80475 ], [ 77.52839, 9.79044 ], [ 77.52306, 9.78961 ], [ 77.5233, 9.79151 ], [ 77.52669, 9.79414 ], [ 77.52717, 9.79688 ], [ 77.52512, 9.79831 ], [ 77.52306, 9.79819 ], [ 77.51967, 9.80177 ], [ 77.51979, 9.80463 ], [ 77.51786, 9.80654 ], [ 77.51156, 9.80666 ], [ 77.51289, 9.80797 ], [ 77.51314, 9.81155 ], [ 77.51544, 9.8125 ], [ 77.51628, 9.81095 ], [ 77.51955, 9.81 ], [ 77.52742, 9.81918 ], [ 77.52887, 9.82312 ], [ 77.53383, 9.82431 ], [ 77.54956, 9.83755 ], [ 77.54932, 9.8416 ], [ 77.5446, 9.84112 ], [ 77.53238, 9.83182 ], [ 77.53068, 9.83421 ], [ 77.52923, 9.83862 ], [ 77.53117, 9.84184 ], [ 77.53032, 9.84446 ], [ 77.52693, 9.84029 ], [ 77.51608, 9.83211 ], [ 77.51146, 9.8305 ], [ 77.50958, 9.82365 ], [ 77.51143, 9.8211 ], [ 77.51132, 9.81961 ], [ 77.50981, 9.8197 ], [ 77.50715, 9.82278 ], [ 77.49998, 9.82462 ], [ 77.50351, 9.83103 ], [ 77.50898, 9.83706 ], [ 77.5115, 9.84235 ], [ 77.50556, 9.84162 ], [ 77.50265, 9.83843 ], [ 77.49898, 9.83969 ], [ 77.4991, 9.8416 ] ] ] ] } },
{ "type": "Feature", "properties": { "name": "Vansda National Park", "Type": "National Park", "State": "Gujarat", "Year": 1979.0 }, "geometry": { "type": "Polygon", "coordinates": [ [ [ 73.4391, 20.80035 ], [ 73.45398, 20.8023 ], [ 73.4763, 20.7973 ], [ 73.48583, 20.78535 ], [ 73.48793, 20.76644 ], [ 73.46119, 20.75752 ], [ 73.44445, 20.75578 ], [ 73.43771, 20.756 ], [ 73.4398, 20.761 ], [ 73.43469, 20.77491 ], [ 73.4391, 20.80035 ] ] ] } },
{ "type": "Feature", "properties": { "name": "Wayanad WLS", "Type": "Wildlife Sanctuary", "State": "Kerala", "Year": 1973.0 }, "geometry": { "type": "MultiPolygon", "coordinates": [ [ [ [ 76.05235, 11.92214 ], [ 76.05808, 11.93335 ], [ 76.06763, 11.94082 ], [ 76.06603, 11.95446 ], [ 76.07152, 11.96414 ], [ 76.07903, 11.96914 ], [ 76.09729, 11.96965 ], [ 76.11157, 11.97912 ], [ 76.11207, 11.93421 ], [ 76.11503, 11.86262 ], [ 76.09589, 11.85249 ], [ 76.09297, 11.84962 ], [ 76.09353, 11.84125 ], [ 76.09488, 11.83762 ], [ 76.08475, 11.83531 ], [ 76.08161, 11.82706 ], [ 76.07081, 11.83059 ], [ 76.07058, 11.84358 ], [ 76.06878, 11.84777 ], [ 76.08094, 11.85239 ], [ 76.08364, 11.86186 ], [ 76.06518, 11.86164 ], [ 76.05776, 11.87309 ], [ 76.04538, 11.88411 ], [ 76.04065, 11.8949 ], [ 76.05235, 11.92214 ] ] ], [ [ [ 76.21995, 11.75103 ], [ 76.22109, 11.75508 ], [ 76.2269, 11.76055 ], [ 76.22126, 11.76353 ], [ 76.22479, 11.7702 ], [ 76.2035, 11.76783 ], [ 76.20661, 11.78024 ], [ 76.22064, 11.77978 ], [ 76.21966, 11.78688 ], [ 76.22019, 11.78784 ], [ 76.22174, 11.78772 ], [ 76.22159, 11.79034 ], [ 76.21989, 11.79427 ], [ 76.22054, 11.7974 ], [ 76.22662, 11.80542 ], [ 76.25198, 11.80215 ], [ 76.27964, 11.81018 ], [ 76.29123, 11.79145 ], [ 76.30774, 11.78297 ], [ 76.31799, 11.75041 ], [ 76.34252, 11.73748 ], [ 76.35412, 11.73703 ], [ 76.36349, 11.7464 ], [ 76.37999, 11.74283 ], [ 76.41493, 11.75524 ], [ 76.41464, 11.75355 ], [ 76.4128, 11.75291 ], [ 76.41238, 11.74429 ], [ 76.41194, 11.74254 ], [ 76.41031, 11.74205 ], [ 76.41045, 11.74122 ], [ 76.41282, 11.7395 ], [ 76.41753, 11.74237 ], [ 76.41844, 11.74373 ], [ 76.41943, 11.74407 ], [ 76.42075, 11.74306 ], [ 76.42174, 11.74413 ], [ 76.425, 11.72271 ], [ 76.42399, 11.72006 ], [ 76.41717, 11.71765 ], [ 76.41334, 11.71068 ], [ 76.41262, 11.71157 ], [ 76.41268, 11.71488 ], [ 76.41076, 11.71556 ], [ 76.40796, 11.71464 ], [ 76.40598, 11.71127 ], [ 76.40336, 11.71141 ], [ 76.40338, 11.70748 ], [ 76.40535, 11.70523 ], [ 76.40947, 11.7054 ], [ 76.40853, 11.7027 ], [ 76.41162, 11.69525 ], [ 76.40972, 11.69246 ], [ 76.40974, 11.6903 ], [ 76.40842, 11.68964 ], [ 76.40929, 11.6877 ], [ 76.41077, 11.68789 ], [ 76.41072, 11.68701 ], [ 76.41263, 11.68631 ], [ 76.41213, 11.68277 ], [ 76.41403, 11.68175 ], [ 76.41316, 11.6802 ], [ 76.41546, 11.67622 ], [ 76.41494, 11.67493 ], [ 76.41621, 11.67255 ], [ 76.41909, 11.67083 ], [ 76.42082, 11.67218 ], [ 76.42847, 11.66993 ], [ 76.42956, 11.66654 ], [ 76.43128, 11.66608 ], [ 76.43331, 11.66077 ], [ 76.43957, 11.65227 ], [ 76.44353, 11.64474 ], [ 76.44345, 11.63744 ], [ 76.42497, 11.62329 ], [ 76.37992, 11.6224 ], [ 76.37056, 11.59341 ], [ 76.36298, 11.58945 ], [ 76.35136, 11.58993 ], [ 76.33119, 11.5954 ], [ 76.33136, 11.60332 ], [ 76.33508, 11.61677 ], [ 76.31875, 11.62133 ], [ 76.31437, 11.62512 ], [ 76.31399, 11.63476 ], [ 76.33792, 11.63451 ], [ 76.35743, 11.63668 ], [ 76.34623, 11.65178 ], [ 76.33868, 11.67521 ], [ 76.33918, 11.68952 ], [ 76.32154, 11.70237 ], [ 76.33188, 11.67571 ], [ 76.3314, 11.67279 ], [ 76.32874, 11.67098 ], [ 76.32057, 11.67211 ], [ 76.31353, 11.67003 ], [ 76.30653, 11.67441 ], [ 76.29883, 11.6834 ], [ 76.29409, 11.69267 ], [ 76.29415, 11.68579 ], [ 76.29048, 11.68605 ], [ 76.29069, 11.69434 ], [ 76.29224, 11.70323 ], [ 76.28949, 11.70574 ], [ 76.28115, 11.70057 ], [ 76.28074, 11.71002 ], [ 76.27868, 11.7083 ], [ 76.27696, 11.70954 ], [ 76.27679, 11.70683 ], [ 76.2745, 11.70603 ], [ 76.27256, 11.70697 ], [ 76.27186, 11.70958 ], [ 76.27068, 11.70834 ], [ 76.26748, 11.70889 ], [ 76.26739, 11.7038 ], [ 76.26512, 11.70834 ], [ 76.26214, 11.70437 ], [ 76.2602, 11.70019 ], [ 76.25649, 11.69596 ], [ 76.25703, 11.6934 ], [ 76.25324, 11.68819 ], [ 76.25302, 11.68142 ], [ 76.25398, 11.6739 ], [ 76.26057, 11.66913 ], [ 76.25701, 11.66854 ], [ 76.24312, 11.67277 ], [ 76.23263, 11.67916 ], [ 76.22692, 11.67995 ], [ 76.22195, 11.68189 ], [ 76.2234, 11.68453 ], [ 76.22291, 11.68834 ], [ 76.22699, 11.68895 ], [ 76.23315, 11.69357 ], [ 76.22669, 11.70086 ], [ 76.21849, 11.70534 ], [ 76.22585, 11.71042 ], [ 76.22657, 11.72451 ], [ 76.22177, 11.72716 ], [ 76.21577, 11.72844 ], [ 76.22259, 11.73483 ], [ 76.22145, 11.74027 ], [ 76.22443, 11.74195 ], [ 76.21879, 11.74466 ], [ 76.21257, 11.74353 ], [ 76.20851, 11.74534 ], [ 76.20081, 11.7513 ], [ 76.21995, 11.75103 ] ] ] ] } },
{ "type": "Feature", "properties": { "name": "Thimlapura WLS", "Type": "Wildlife Sanctuary", "State": "Karnataka", "Year": 2016.0 }, "geometry": { "type": "Polygon", "coordinates": [ [ [ 77.14336, 13.34905 ], [ 77.14543, 13.35022 ], [ 77.14806, 13.35076 ], [ 77.15229, 13.34967 ], [ 77.15516, 13.3513 ], [ 77.15524, 13.35347 ], [ 77.1499, 13.36239 ], [ 77.14958, 13.36472 ], [ 77.15189, 13.36588 ], [ 77.15651, 13.36612 ], [ 77.15986, 13.36743 ], [ 77.15954, 13.36937 ], [ 77.15452, 13.37217 ], [ 77.1562, 13.37308 ], [ 77.15614, 13.37495 ], [ 77.14969, 13.37483 ], [ 77.15001, 13.37734 ], [ 77.15532, 13.38139 ], [ 77.16217, 13.38512 ], [ 77.16528, 13.38488 ], [ 77.16488, 13.38737 ], [ 77.16177, 13.38799 ], [ 77.15803, 13.39039 ], [ 77.15492, 13.39543 ], [ 77.15425, 13.39794 ], [ 77.15293, 13.39791 ], [ 77.15285, 13.39927 ], [ 77.15375, 13.39949 ], [ 77.15353, 13.40122 ], [ 77.15178, 13.40122 ], [ 77.15197, 13.40737 ], [ 77.16114, 13.41202 ], [ 77.16424, 13.41164 ], [ 77.16656, 13.41637 ], [ 77.17237, 13.41776 ], [ 77.17875, 13.41776 ], [ 77.1778, 13.41993 ], [ 77.17397, 13.42303 ], [ 77.17349, 13.42536 ], [ 77.17628, 13.42753 ], [ 77.18417, 13.42831 ], [ 77.18473, 13.42629 ], [ 77.18768, 13.42412 ], [ 77.19198, 13.42606 ], [ 77.19382, 13.42924 ], [ 77.2002, 13.42932 ], [ 77.20506, 13.43218 ], [ 77.20817, 13.4311 ], [ 77.21159, 13.43133 ], [ 77.21988, 13.43529 ], [ 77.22315, 13.43342 ], [ 77.23607, 13.42955 ], [ 77.23702, 13.42753 ], [ 77.2367, 13.42172 ], [ 77.23631, 13.41885 ], [ 77.23511, 13.41761 ], [ 77.22259, 13.41854 ], [ 77.22188, 13.41427 ], [ 77.21988, 13.41109 ], [ 77.21462, 13.40923 ], [ 77.21056, 13.4135 ], [ 77.20833, 13.41187 ], [ 77.20793, 13.409 ], [ 77.20314, 13.40117 ], [ 77.20067, 13.40016 ], [ 77.19637, 13.40078 ], [ 77.19161, 13.40031 ], [ 77.19109, 13.39967 ], [ 77.19233, 13.39822 ], [ 77.18935, 13.3921 ], [ 77.18908, 13.3874 ], [ 77.18986, 13.38626 ], [ 77.19645, 13.3831 ], [ 77.19896, 13.38108 ], [ 77.19431, 13.3749 ], [ 77.19692, 13.37342 ], [ 77.19904, 13.37728 ], [ 77.20482, 13.37969 ], [ 77.20791, 13.38278 ], [ 77.20855, 13.38668 ], [ 77.2173, 13.39258 ], [ 77.21961, 13.39228 ], [ 77.22382, 13.38769 ], [ 77.22746, 13.38775 ], [ 77.22889, 13.38558 ], [ 77.22897, 13.38248 ], [ 77.23073, 13.38132 ], [ 77.22433, 13.38064 ], [ 77.22329, 13.37739 ], [ 77.22235, 13.37716 ], [ 77.22103, 13.3786 ], [ 77.22002, 13.37864 ], [ 77.22046, 13.37421 ], [ 77.22225, 13.3731 ], [ 77.2218, 13.3705 ], [ 77.22663, 13.36836 ], [ 77.22624, 13.365 ], [ 77.22334, 13.36378 ], [ 77.22378, 13.35909 ], [ 77.22113, 13.35723 ], [ 77.22102, 13.35614 ], [ 77.21931, 13.35456 ], [ 77.21899, 13.35134 ], [ 77.22, 13.34719 ], [ 77.21797, 13.3456 ], [ 77.21618, 13.34568 ], [ 77.21375, 13.34355 ], [ 77.2002, 13.34587 ], [ 77.19804, 13.34293 ], [ 77.19375, 13.34427 ], [ 77.19348, 13.34328 ], [ 77.19469, 13.34194 ], [ 77.19295, 13.33945 ], [ 77.19041, 13.34146 ], [ 77.18997, 13.34285 ], [ 77.18596, 13.34437 ], [ 77.18607, 13.34718 ], [ 77.18344, 13.34729 ], [ 77.18287, 13.34472 ], [ 77.18225, 13.34456 ], [ 77.1817, 13.34674 ], [ 77.1793, 13.34683 ], [ 77.17794, 13.345 ], [ 77.17626, 13.34553 ], [ 77.17527, 13.34394 ], [ 77.17692, 13.34383 ], [ 77.17651, 13.34069 ], [ 77.17331, 13.34 ], [ 77.17406, 13.33898 ], [ 77.17363, 13.33781 ], [ 77.17249, 13.33818 ], [ 77.17216, 13.33683 ], [ 77.1732, 13.33533 ], [ 77.17234, 13.33387 ], [ 77.17543, 13.33235 ], [ 77.18156, 13.3337 ], [ 77.18465, 13.33571 ], [ 77.18805, 13.33074 ], [ 77.18829, 13.32827 ], [ 77.1874, 13.32704 ], [ 77.18529, 13.3271 ], [ 77.1835, 13.33074 ], [ 77.18091, 13.33012 ], [ 77.18053, 13.32711 ], [ 77.17973, 13.32653 ], [ 77.1788, 13.3265 ], [ 77.17744, 13.32829 ], [ 77.17676, 13.32792 ], [ 77.17674, 13.32589 ], [ 77.17501, 13.3254 ], [ 77.17596, 13.32012 ], [ 77.17253, 13.31539 ], [ 77.17142, 13.31143 ], [ 77.16903, 13.30887 ], [ 77.16791, 13.30864 ], [ 77.16584, 13.30911 ], [ 77.16504, 13.31213 ], [ 77.16616, 13.31492 ], [ 77.15922, 13.31679 ], [ 77.15779, 13.3188 ], [ 77.15739, 13.32105 ], [ 77.15524, 13.3233 ], [ 77.15133, 13.32183 ], [ 77.14742, 13.32307 ], [ 77.14657, 13.3259 ], [ 77.1483, 13.3271 ], [ 77.15189, 13.3264 ], [ 77.15484, 13.32904 ], [ 77.15556, 13.33152 ], [ 77.15803, 13.33269 ], [ 77.16082, 13.33253 ], [ 77.16464, 13.33432 ], [ 77.17014, 13.33967 ], [ 77.16751, 13.34075 ], [ 77.16528, 13.33889 ], [ 77.16118, 13.33787 ], [ 77.16141, 13.33987 ], [ 77.16072, 13.34004 ], [ 77.16177, 13.34153 ], [ 77.16034, 13.34339 ], [ 77.15864, 13.34365 ], [ 77.15719, 13.34362 ], [ 77.15444, 13.34029 ], [ 77.14968, 13.34055 ], [ 77.14844, 13.34172 ], [ 77.14607, 13.33936 ], [ 77.144, 13.3399 ], [ 77.14288, 13.34145 ], [ 77.14455, 13.34355 ], [ 77.14256, 13.34696 ], [ 77.14336, 13.34905 ] ], [ [ 77.2048, 13.37156 ], [ 77.20678, 13.36866 ], [ 77.20825, 13.37053 ], [ 77.20817, 13.37176 ], [ 77.2101, 13.3717 ], [ 77.21067, 13.37262 ], [ 77.21002, 13.37347 ], [ 77.21033, 13.37705 ], [ 77.20954, 13.37955 ], [ 77.20831, 13.38008 ], [ 77.20768, 13.37899 ], [ 77.20795, 13.37652 ], [ 77.20657, 13.37657 ], [ 77.20558, 13.37487 ], [ 77.20555, 13.37582 ], [ 77.2049, 13.37582 ], [ 77.2042, 13.37464 ], [ 77.2048, 13.37156 ] ], [ [ 77.20998, 13.35759 ], [ 77.21703, 13.3589 ], [ 77.22156, 13.36496 ], [ 77.22084, 13.36646 ], [ 77.22132, 13.36776 ], [ 77.21897, 13.36827 ], [ 77.21647, 13.36996 ], [ 77.2135, 13.36702 ], [ 77.21072, 13.36193 ], [ 77.20728, 13.36134 ], [ 77.20689, 13.35851 ], [ 77.20998, 13.35759 ] ], [ [ 77.21251, 13.36859 ], [ 77.21237, 13.36996 ], [ 77.21024, 13.36924 ], [ 77.20991, 13.3673 ], [ 77.21251, 13.36859 ] ], [ [ 77.21301, 13.37628 ], [ 77.21215, 13.37362 ], [ 77.21264, 13.37278 ], [ 77.21667, 13.3723 ], [ 77.22045, 13.37362 ], [ 77.21884, 13.37654 ], [ 77.21678, 13.37791 ], [ 77.21737, 13.37893 ], [ 77.21889, 13.37786 ], [ 77.21984, 13.37871 ], [ 77.22113, 13.37876 ], [ 77.22092, 13.38032 ], [ 77.22033, 13.38112 ], [ 77.21862, 13.38079 ], [ 77.21743, 13.38142 ], [ 77.21721, 13.38458 ], [ 77.2146, 13.3854 ], [ 77.21202, 13.38491 ], [ 77.21197, 13.38248 ], [ 77.21074, 13.3808 ], [ 77.21065, 13.37928 ], [ 77.21178, 13.37771 ], [ 77.21087, 13.37647 ], [ 77.21063, 13.37373 ], [ 77.21301, 13.37628 ] ] ] } },
{ "type": "Feature", "properties": { "name": "Periyar National Park/Tiger Reserve", "Type": "National Park", "State": "Kerala", "Year": 1982.0 }, "geometry": { "type": "Polygon", "coordinates": [ [ [ 77.22631, 9.30546 ], [ 77.22507, 9.3101 ], [ 77.23037, 9.31899 ], [ 77.23522, 9.32366 ], [ 77.23474, 9.32668 ], [ 77.23079, 9.33004 ], [ 77.23288, 9.33432 ], [ 77.23704, 9.33712 ], [ 77.23819, 9.34063 ], [ 77.23691, 9.34394 ], [ 77.23666, 9.34998 ], [ 77.23783, 9.35293 ], [ 77.23994, 9.35504 ], [ 77.24175, 9.35986 ], [ 77.24081, 9.36389 ], [ 77.24128, 9.36886 ], [ 77.24813, 9.37735 ], [ 77.2617, 9.41384 ], [ 77.26064, 9.48386 ], [ 77.26238, 9.49475 ], [ 77.26191, 9.53181 ], [ 77.26397, 9.5531 ], [ 77.26414, 9.56389 ], [ 77.26573, 9.57355 ], [ 77.26987, 9.57334 ], [ 77.27264, 9.57557 ], [ 77.27684, 9.57498 ], [ 77.28112, 9.57936 ], [ 77.28711, 9.5825 ], [ 77.28927, 9.58505 ], [ 77.28976, 9.58933 ], [ 77.29329, 9.58899 ], [ 77.29624, 9.59106 ], [ 77.30039, 9.5946 ], [ 77.30127, 9.59665 ], [ 77.30434, 9.59958 ], [ 77.30641, 9.59918 ], [ 77.31099, 9.6009 ], [ 77.31532, 9.6008 ], [ 77.3178, 9.60264 ], [ 77.32134, 9.5988 ], [ 77.3229, 9.59822 ], [ 77.32491, 9.59807 ], [ 77.32936, 9.59948 ], [ 77.3307, 9.59909 ], [ 77.32698, 9.59703 ], [ 77.32481, 9.59385 ], [ 77.32594, 9.59028 ], [ 77.32576, 9.5837 ], [ 77.32411, 9.58177 ], [ 77.33145, 9.57687 ], [ 77.33899, 9.57355 ], [ 77.34133, 9.57675 ], [ 77.34261, 9.58212 ], [ 77.35484, 9.604 ], [ 77.36608, 9.59881 ], [ 77.36477, 9.59585 ], [ 77.36263, 9.59607 ], [ 77.36033, 9.5979 ], [ 77.35751, 9.59383 ], [ 77.35487, 9.58676 ], [ 77.35733, 9.58437 ], [ 77.36006, 9.57866 ], [ 77.35969, 9.57648 ], [ 77.35798, 9.57472 ], [ 77.3533, 9.57289 ], [ 77.35136, 9.56772 ], [ 77.35244, 9.56128 ], [ 77.36509, 9.54993 ], [ 77.3642, 9.5449 ], [ 77.36542, 9.53545 ], [ 77.37265, 9.53065 ], [ 77.37329, 9.52653 ], [ 77.37662, 9.52504 ], [ 77.3798, 9.52638 ], [ 77.38559, 9.51908 ], [ 77.3927, 9.52233 ], [ 77.40045, 9.52791 ], [ 77.40272, 9.52411 ], [ 77.40004, 9.51786 ], [ 77.41206, 9.51046 ], [ 77.4114, 9.50713 ], [ 77.40841, 9.50612 ], [ 77.4053, 9.50374 ], [ 77.3997, 9.49674 ], [ 77.39762, 9.48701 ], [ 77.39918, 9.48455 ], [ 77.39896, 9.48012 ], [ 77.40132, 9.47728 ], [ 77.39888, 9.47453 ], [ 77.39755, 9.47111 ], [ 77.39131, 9.46811 ], [ 77.39331, 9.45963 ], [ 77.3862, 9.45562 ], [ 77.37842, 9.4546 ], [ 77.37588, 9.4574 ], [ 77.36662, 9.46041 ], [ 77.35808, 9.45326 ], [ 77.3574, 9.44799 ], [ 77.35189, 9.44439 ], [ 77.34885, 9.43906 ], [ 77.34812, 9.43401 ], [ 77.34372, 9.42376 ], [ 77.33911, 9.42018 ], [ 77.33646, 9.41507 ], [ 77.33602, 9.41108 ], [ 77.33671, 9.4095 ], [ 77.3427, 9.40327 ], [ 77.33927, 9.39382 ], [ 77.3409, 9.39037 ], [ 77.33779, 9.38826 ], [ 77.33747, 9.38555 ], [ 77.33548, 9.38453 ], [ 77.33343, 9.37888 ], [ 77.33558, 9.37498 ], [ 77.33735, 9.36828 ], [ 77.33701, 9.36512 ], [ 77.32999, 9.35137 ], [ 77.32514, 9.34629 ], [ 77.3251, 9.33678 ], [ 77.31994, 9.33863 ], [ 77.31796, 9.33636 ], [ 77.31447, 9.33583 ], [ 77.30717, 9.33838 ], [ 77.30307, 9.33878 ], [ 77.30143, 9.33711 ], [ 77.30026, 9.33263 ], [ 77.30358, 9.32775 ], [ 77.29902, 9.32791 ], [ 77.3023, 9.32363 ], [ 77.30299, 9.31888 ], [ 77.3007, 9.31569 ], [ 77.29908, 9.3106 ], [ 77.29624, 9.30859 ], [ 77.29443, 9.30536 ], [ 77.28943, 9.30232 ], [ 77.28341, 9.30084 ], [ 77.28222, 9.29873 ], [ 77.28304, 9.29098 ], [ 77.28818, 9.28072 ], [ 77.28844, 9.27469 ], [ 77.28483, 9.27412 ], [ 77.28242, 9.27253 ], [ 77.27596, 9.27576 ], [ 77.27292, 9.27934 ], [ 77.26253, 9.28147 ], [ 77.25577, 9.2869 ], [ 77.25371, 9.28655 ], [ 77.24926, 9.28947 ], [ 77.24553, 9.28747 ], [ 77.24326, 9.28307 ], [ 77.24111, 9.28474 ], [ 77.23975, 9.28369 ], [ 77.23701, 9.28616 ], [ 77.23693, 9.29111 ], [ 77.23454, 9.29418 ], [ 77.22459, 9.29708 ], [ 77.22631, 9.30546 ] ] ] } },
{ "type": "Feature", "properties": { "name": "Mukurthi", "Type": "National Park", "State": "Tamil Nadu", "Year": 1990.0 }, "geometry": { "type": "Polygon", "coordinates": [ [ [ 76.45008, 11.20592 ], [ 76.45482, 11.23962 ], [ 76.49715, 11.26214 ], [ 76.52424, 11.27213 ], [ 76.52542, 11.28923 ], [ 76.54439, 11.30057 ], [ 76.53795, 11.30989 ], [ 76.53761, 11.32682 ], [ 76.53863, 11.35052 ], [ 76.50815, 11.34917 ], [ 76.51018, 11.36204 ], [ 76.47124, 11.37592 ], [ 76.47632, 11.38506 ], [ 76.49393, 11.39488 ], [ 76.53423, 11.3854 ], [ 76.54506, 11.3722 ], [ 76.54303, 11.36238 ], [ 76.5498, 11.33257 ], [ 76.56064, 11.29295 ], [ 76.56301, 11.28957 ], [ 76.5581, 11.28195 ], [ 76.54625, 11.27602 ], [ 76.54151, 11.26789 ], [ 76.53931, 11.26214 ], [ 76.53744, 11.2618 ], [ 76.53558, 11.26756 ], [ 76.5344, 11.26806 ], [ 76.53203, 11.26265 ], [ 76.52932, 11.26163 ], [ 76.52593, 11.26332 ], [ 76.52982, 11.25858 ], [ 76.54151, 11.25807 ], [ 76.54676, 11.25638 ], [ 76.5493, 11.25316 ], [ 76.54523, 11.2513 ], [ 76.54371, 11.25401 ], [ 76.54202, 11.25316 ], [ 76.53965, 11.25384 ], [ 76.53998, 11.24842 ], [ 76.53355, 11.24267 ], [ 76.52949, 11.24419 ], [ 76.52847, 11.2386 ], [ 76.52576, 11.23538 ], [ 76.5239, 11.23911 ], [ 76.52305, 11.23268 ], [ 76.5173, 11.22844 ], [ 76.52068, 11.22167 ], [ 76.51205, 11.21608 ], [ 76.50578, 11.21303 ], [ 76.477, 11.20965 ], [ 76.47293, 11.20812 ], [ 76.47344, 11.19441 ], [ 76.4582, 11.18798 ], [ 76.45092, 11.20186 ], [ 76.44059, 11.19983 ], [ 76.43839, 11.20304 ], [ 76.45008, 11.20592 ] ] ] } },
{ "type": "Feature", "properties": { "name": "Cotigaon", "Type": "Wildlife Sanctuary", "State": "Goa", "Year": 1968.0 }, "geometry": { "type": "Polygon", "coordinates": [ [ [ 74.11789, 14.97339 ], [ 74.12124, 14.9811 ], [ 74.13437, 14.98396 ], [ 74.14033, 14.98842 ], [ 74.14849, 14.98593 ], [ 74.14913, 14.98432 ], [ 74.14806, 14.98239 ], [ 74.15104, 14.98052 ], [ 74.1528, 14.97721 ], [ 74.15838, 14.97549 ], [ 74.1607, 14.97677 ], [ 74.16091, 14.97916 ], [ 74.16544, 14.98011 ], [ 74.16838, 14.9763 ], [ 74.17042, 14.98241 ], [ 74.17323, 14.98239 ], [ 74.17677, 14.97938 ], [ 74.17879, 14.9803 ], [ 74.17722, 14.98498 ], [ 74.17883, 14.98678 ], [ 74.17816, 14.99035 ], [ 74.1846, 14.99377 ], [ 74.18756, 14.99219 ], [ 74.19318, 14.99168 ], [ 74.19806, 14.99458 ], [ 74.19966, 14.99839 ], [ 74.20061, 14.99767 ], [ 74.20239, 14.9981 ], [ 74.2055, 15.00326 ], [ 74.20868, 15.00384 ], [ 74.20851, 15.00577 ], [ 74.21138, 15.01018 ], [ 74.21376, 15.01035 ], [ 74.21267, 15.01209 ], [ 74.21387, 15.01375 ], [ 74.20938, 15.01692 ], [ 74.20803, 15.01655 ], [ 74.20782, 15.01532 ], [ 74.20936, 15.01163 ], [ 74.20715, 15.00763 ], [ 74.2026, 15.00527 ], [ 74.202, 15.00287 ], [ 74.20359, 15.00196 ], [ 74.20063, 14.9993 ], [ 74.19535, 14.99997 ], [ 74.19758, 15.00411 ], [ 74.196, 15.00656 ], [ 74.19376, 15.00768 ], [ 74.19295, 15.0066 ], [ 74.19411, 15.00573 ], [ 74.19454, 15.00249 ], [ 74.19188, 14.99955 ], [ 74.18831, 14.99901 ], [ 74.18582, 14.9974 ], [ 74.1811, 14.99777 ], [ 74.18016, 15.0015 ], [ 74.18149, 15.00585 ], [ 74.17381, 15.00755 ], [ 74.17385, 15.00813 ], [ 74.17621, 15.00875 ], [ 74.17664, 15.0107 ], [ 74.17879, 15.01236 ], [ 74.18025, 15.01601 ], [ 74.18334, 15.01912 ], [ 74.18175, 15.0214 ], [ 74.17986, 15.02194 ], [ 74.18055, 15.01862 ], [ 74.17939, 15.01709 ], [ 74.17316, 15.01356 ], [ 74.17205, 15.01456 ], [ 74.17248, 15.01754 ], [ 74.17166, 15.0192 ], [ 74.1693, 15.01986 ], [ 74.17029, 15.02351 ], [ 74.16995, 15.02691 ], [ 74.16763, 15.0289 ], [ 74.16677, 15.03114 ], [ 74.17295, 15.04378 ], [ 74.17274, 15.05281 ], [ 74.18999, 15.05173 ], [ 74.2135, 15.04311 ], [ 74.22303, 15.03731 ], [ 74.22492, 15.03474 ], [ 74.22561, 15.03184 ], [ 74.23041, 15.02579 ], [ 74.22672, 15.02198 ], [ 74.23007, 15.01319 ], [ 74.23797, 15.00424 ], [ 74.24294, 15.00366 ], [ 74.24535, 15.00158 ], [ 74.25179, 14.99893 ], [ 74.25607, 14.9983 ], [ 74.25541, 14.99159 ], [ 74.26456, 14.97913 ], [ 74.25638, 14.96866 ], [ 74.2532, 14.95804 ], [ 74.2369, 14.96621 ], [ 74.23366, 14.96121 ], [ 74.23137, 14.95037 ], [ 74.21517, 14.94643 ], [ 74.2039, 14.92499 ], [ 74.19444, 14.93236 ], [ 74.19444, 14.94014 ], [ 74.19221, 14.94491 ], [ 74.18394, 14.94896 ], [ 74.17989, 14.95708 ], [ 74.16357, 14.95857 ], [ 74.15486, 14.94237 ], [ 74.15618, 14.93963 ], [ 74.14875, 14.94049 ], [ 74.14514, 14.94168 ], [ 74.14291, 14.94393 ], [ 74.13572, 14.94611 ], [ 74.13038, 14.94528 ], [ 74.12765, 14.9469 ], [ 74.12484, 14.95053 ], [ 74.11662, 14.95366 ], [ 74.11789, 14.97339 ] ] ] } },
{ "type": "Feature", "properties": { "name": "Bhimgad", "Type": "Wildlife Sanctuary", "State": "Karnataka", "Year": 2010.0 }, "geometry": { "type": "Polygon", "coordinates": [ [ [ 74.27041, 15.63145 ], [ 74.28159, 15.6284 ], [ 74.28701, 15.61892 ], [ 74.32155, 15.62806 ], [ 74.34559, 15.63043 ], [ 74.3693, 15.62434 ], [ 74.38454, 15.6179 ], [ 74.36693, 15.60537 ], [ 74.37234, 15.59522 ], [ 74.38115, 15.59183 ], [ 74.36557, 15.5749 ], [ 74.37946, 15.55932 ], [ 74.37268, 15.55559 ], [ 74.3781, 15.54476 ], [ 74.38555, 15.54273 ], [ 74.3886, 15.50243 ], [ 74.36964, 15.48516 ], [ 74.34153, 15.51699 ], [ 74.28057, 15.52139 ], [ 74.28057, 15.52681 ], [ 74.27414, 15.55018 ], [ 74.265, 15.55763 ], [ 74.26398, 15.56338 ], [ 74.25822, 15.55966 ], [ 74.2484, 15.56677 ], [ 74.25145, 15.57727 ], [ 74.26229, 15.5898 ], [ 74.26466, 15.61384 ], [ 74.25551, 15.62637 ], [ 74.27041, 15.63145 ] ] ] } },
{ "type": "Feature", "properties": { "name": "Dandeli", "Type": "Wildlife Sanctuary", "State": "Karnataka", "Year": 1987.0 }, "geometry": { "type": "Polygon", "coordinates": [ [ [ 74.27702, 15.51225 ], [ 74.28345, 15.51902 ], [ 74.33831, 15.51767 ], [ 74.35355, 15.50209 ], [ 74.34813, 15.49125 ], [ 74.33492, 15.45942 ], [ 74.33967, 15.42149 ], [ 74.33222, 15.40592 ], [ 74.32307, 15.39914 ], [ 74.32951, 15.39169 ], [ 74.3356, 15.38932 ], [ 74.34407, 15.39034 ], [ 74.35084, 15.38323 ], [ 74.36134, 15.37916 ], [ 74.37082, 15.37374 ], [ 74.38741, 15.35715 ], [ 74.38301, 15.34428 ], [ 74.38606, 15.34361 ], [ 74.39656, 15.33717 ], [ 74.40164, 15.32803 ], [ 74.46259, 15.2901 ], [ 74.46496, 15.27859 ], [ 74.45785, 15.28096 ], [ 74.45176, 15.27351 ], [ 74.4206, 15.27622 ], [ 74.41213, 15.26267 ], [ 74.42399, 15.25725 ], [ 74.42568, 15.23592 ], [ 74.43076, 15.2156 ], [ 74.43279, 15.1797 ], [ 74.40062, 15.14415 ], [ 74.3974, 15.12586 ], [ 74.40926, 15.12213 ], [ 74.42314, 15.13162 ], [ 74.44481, 15.135 ], [ 74.45667, 15.12823 ], [ 74.48511, 15.14144 ], [ 74.50949, 15.13162 ], [ 74.53218, 15.12417 ], [ 74.53862, 15.13229 ], [ 74.5481, 15.15092 ], [ 74.5525, 15.18986 ], [ 74.57553, 15.16379 ], [ 74.5989, 15.15837 ], [ 74.61718, 15.16176 ], [ 74.65308, 15.17124 ], [ 74.67611, 15.16717 ], [ 74.68457, 15.16243 ], [ 74.68931, 15.15397 ], [ 74.69913, 15.16243 ], [ 74.71268, 15.17022 ], [ 74.72216, 15.16717 ], [ 74.7164, 15.15092 ], [ 74.72792, 15.12823 ], [ 74.72622, 15.11299 ], [ 74.73232, 15.0964 ], [ 74.73232, 15.08658 ], [ 74.72351, 15.08285 ], [ 74.71031, 15.09166 ], [ 74.70218, 15.10419 ], [ 74.69439, 15.10114 ], [ 74.68118, 15.09437 ], [ 74.67306, 15.09843 ], [ 74.66899, 15.0964 ], [ 74.66358, 15.08488 ], [ 74.65071, 15.0815 ], [ 74.64055, 15.08217 ], [ 74.62565, 15.06897 ], [ 74.60364, 15.06186 ], [ 74.60262, 15.03307 ], [ 74.58196, 15.0158 ], [ 74.58129, 14.99853 ], [ 74.57045, 14.98566 ], [ 74.56909, 14.95722 ], [ 74.54641, 14.94503 ], [ 74.53421, 14.95688 ], [ 74.52101, 15.00293 ], [ 74.50069, 15.02393 ], [ 74.48274, 15.02494 ], [ 74.4421, 15.03544 ], [ 74.40282, 15.07743 ], [ 74.38318, 15.1052 ], [ 74.35575, 15.10825 ], [ 74.33848, 15.12247 ], [ 74.3141, 15.12315 ], [ 74.28531, 15.10588 ], [ 74.28735, 15.11909 ], [ 74.28701, 15.13094 ], [ 74.28904, 15.14923 ], [ 74.30157, 15.15803 ], [ 74.31647, 15.18309 ], [ 74.31207, 15.19257 ], [ 74.31071, 15.20036 ], [ 74.30563, 15.21086 ], [ 74.30157, 15.22881 ], [ 74.26804, 15.23693 ], [ 74.25247, 15.25048 ], [ 74.27177, 15.27351 ], [ 74.27956, 15.27385 ], [ 74.2931, 15.2813 ], [ 74.30089, 15.27825 ], [ 74.32561, 15.27757 ], [ 74.33713, 15.29044 ], [ 74.31748, 15.32498 ], [ 74.32358, 15.33954 ], [ 74.31579, 15.35139 ], [ 74.31952, 15.36697 ], [ 74.31545, 15.37612 ], [ 74.27888, 15.39 ], [ 74.27786, 15.40625 ], [ 74.27075, 15.42149 ], [ 74.2782, 15.44723 ], [ 74.27075, 15.46687 ], [ 74.25213, 15.49261 ], [ 74.25958, 15.50311 ], [ 74.27702, 15.51225 ] ] ] } },
{ "type": "Feature", "properties": { "name": "Anshi", "Type": "National Park", "State": "Karnataka", "Year": 1987.0 }, "geometry": { "type": "Polygon", "coordinates": [ [ [ 74.28955, 15.10622 ], [ 74.30445, 15.11672 ], [ 74.32612, 15.12112 ], [ 74.34136, 15.11875 ], [ 74.35253, 15.10927 ], [ 74.37759, 15.10351 ], [ 74.40401, 15.07371 ], [ 74.42128, 15.05644 ], [ 74.42805, 15.04628 ], [ 74.43449, 15.04188 ], [ 74.44126, 15.0351 ], [ 74.45446, 15.03104 ], [ 74.48054, 15.00937 ], [ 74.4824, 15.00293 ], [ 74.48951, 14.99955 ], [ 74.48782, 14.99277 ], [ 74.49121, 14.97991 ], [ 74.45599, 14.98126 ], [ 74.44414, 14.97516 ], [ 74.45057, 14.96399 ], [ 74.4587, 14.95586 ], [ 74.46445, 14.94875 ], [ 74.47698, 14.93791 ], [ 74.49595, 14.93013 ], [ 74.49426, 14.91861 ], [ 74.4885, 14.90608 ], [ 74.46581, 14.89423 ], [ 74.45938, 14.88847 ], [ 74.45531, 14.88238 ], [ 74.44752, 14.87933 ], [ 74.44414, 14.8861 ], [ 74.44447, 14.88949 ], [ 74.43195, 14.89626 ], [ 74.42754, 14.8878 ], [ 74.42111, 14.88305 ], [ 74.41806, 14.87662 ], [ 74.40418, 14.88068 ], [ 74.39673, 14.88983 ], [ 74.39131, 14.88542 ], [ 74.37979, 14.88983 ], [ 74.37133, 14.89863 ], [ 74.37539, 14.90981 ], [ 74.36117, 14.91218 ], [ 74.34458, 14.91827 ], [ 74.32798, 14.9264 ], [ 74.31613, 14.93283 ], [ 74.30733, 14.93893 ], [ 74.29581, 14.94469 ], [ 74.28802, 14.95518 ], [ 74.29446, 14.96501 ], [ 74.30055, 14.97686 ], [ 74.29784, 14.99413 ], [ 74.29818, 15.00734 ], [ 74.2931, 15.01241 ], [ 74.28057, 15.01783 ], [ 74.28735, 15.02257 ], [ 74.28972, 15.03273 ], [ 74.29886, 15.0412 ], [ 74.30529, 15.04967 ], [ 74.30495, 15.05474 ], [ 74.2975, 15.05 ], [ 74.2931, 15.05576 ], [ 74.29547, 15.06524 ], [ 74.28904, 15.06931 ], [ 74.28802, 15.071 ], [ 74.2843, 15.08962 ], [ 74.27617, 15.09945 ], [ 74.27871, 15.10182 ], [ 74.28955, 15.10622 ] ] ] } },
{ "type": "Feature", "properties": { "name": "Bhagwan Mahavir", "Type": "Wildlife Sanctuary", "State": "Goa", "Year": 1967.0 }, "geometry": { "type": "Polygon", "coordinates": [ [ [ 74.30089, 15.22677 ], [ 74.30495, 15.21187 ], [ 74.29649, 15.20849 ], [ 74.28667, 15.20273 ], [ 74.27685, 15.20172 ], [ 74.25653, 15.20713 ], [ 74.23045, 15.22034 ], [ 74.2291, 15.24066 ], [ 74.21792, 15.24642 ], [ 74.20743, 15.2647 ], [ 74.18711, 15.28367 ], [ 74.19862, 15.28976 ], [ 74.21115, 15.29213 ], [ 74.2098, 15.30229 ], [ 74.19286, 15.30669 ], [ 74.16916, 15.30432 ], [ 74.16611, 15.32803 ], [ 74.17458, 15.33243 ], [ 74.19219, 15.32295 ], [ 74.19761, 15.33006 ], [ 74.20844, 15.32972 ], [ 74.22233, 15.31821 ], [ 74.23553, 15.31719 ], [ 74.26195, 15.32193 ], [ 74.26906, 15.30161 ], [ 74.25314, 15.2962 ], [ 74.23723, 15.29213 ], [ 74.24535, 15.28333 ], [ 74.24332, 15.28299 ], [ 74.23858, 15.26707 ], [ 74.24231, 15.25827 ], [ 74.25077, 15.25387 ], [ 74.26229, 15.24201 ], [ 74.2782, 15.23321 ], [ 74.2975, 15.22711 ], [ 74.30089, 15.22677 ] ] ] } },
{ "type": "Feature", "properties": { "name": "Mollem", "Type": "National Park", "State": "Goa", "Year": 1992.0 }, "geometry": { "type": "Polygon", "coordinates": [ [ [ 74.2694, 15.30263 ], [ 74.26262, 15.32295 ], [ 74.23587, 15.3199 ], [ 74.25247, 15.33853 ], [ 74.24772, 15.36291 ], [ 74.23587, 15.37002 ], [ 74.22944, 15.38221 ], [ 74.21623, 15.39576 ], [ 74.21183, 15.40592 ], [ 74.21014, 15.411 ], [ 74.2186, 15.41675 ], [ 74.2247, 15.41709 ], [ 74.21792, 15.42082 ], [ 74.21183, 15.41845 ], [ 74.2081, 15.4137 ], [ 74.20438, 15.41811 ], [ 74.20438, 15.43199 ], [ 74.21115, 15.42962 ], [ 74.21589, 15.43199 ], [ 74.223, 15.43165 ], [ 74.24806, 15.4391 ], [ 74.25619, 15.43944 ], [ 74.25619, 15.44384 ], [ 74.24739, 15.44791 ], [ 74.23452, 15.4435 ], [ 74.21759, 15.44147 ], [ 74.21589, 15.45197 ], [ 74.20641, 15.44147 ], [ 74.19862, 15.44317 ], [ 74.19964, 15.4496 ], [ 74.20302, 15.45502 ], [ 74.20438, 15.46213 ], [ 74.25077, 15.49159 ], [ 74.26737, 15.47093 ], [ 74.27753, 15.44825 ], [ 74.26974, 15.42014 ], [ 74.27753, 15.40558 ], [ 74.2782, 15.38898 ], [ 74.31478, 15.37578 ], [ 74.3185, 15.36596 ], [ 74.31511, 15.35072 ], [ 74.32358, 15.33886 ], [ 74.31681, 15.32532 ], [ 74.32798, 15.30568 ], [ 74.33509, 15.29044 ], [ 74.32629, 15.2796 ], [ 74.3036, 15.27926 ], [ 74.29243, 15.28197 ], [ 74.27854, 15.27385 ], [ 74.27143, 15.27486 ], [ 74.2545, 15.25082 ], [ 74.24197, 15.26064 ], [ 74.24027, 15.27046 ], [ 74.24705, 15.28197 ], [ 74.24129, 15.28976 ], [ 74.2694, 15.30263 ] ] ] } },
{ "type": "Feature", "properties": { "name": "Kudremukh", "Type": "National Park", "State": "Karnataka", "Year": 1987.0 }, "geometry": { "type": "Polygon", "coordinates": [ [ [ 75.0647, 13.42724 ], [ 75.06774, 13.41911 ], [ 75.07756, 13.41268 ], [ 75.07858, 13.4076 ], [ 75.07452, 13.40455 ], [ 75.06978, 13.39473 ], [ 75.07045, 13.38423 ], [ 75.07384, 13.37678 ], [ 75.08671, 13.36357 ], [ 75.11007, 13.35782 ], [ 75.11854, 13.36053 ], [ 75.12836, 13.36831 ], [ 75.13276, 13.38829 ], [ 75.1375, 13.38999 ], [ 75.14326, 13.39033 ], [ 75.14699, 13.39337 ], [ 75.14732, 13.39811 ], [ 75.14563, 13.41098 ], [ 75.14699, 13.41606 ], [ 75.15139, 13.4225 ], [ 75.15613, 13.43164 ], [ 75.15545, 13.43774 ], [ 75.15003, 13.45365 ], [ 75.148, 13.45738 ], [ 75.14157, 13.46313 ], [ 75.14157, 13.47668 ], [ 75.15139, 13.48277 ], [ 75.15308, 13.48819 ], [ 75.17069, 13.46957 ], [ 75.18525, 13.46381 ], [ 75.1883, 13.4567 ], [ 75.18356, 13.45738 ], [ 75.17204, 13.45568 ], [ 75.16798, 13.44451 ], [ 75.16459, 13.43774 ], [ 75.16764, 13.43062 ], [ 75.17035, 13.41572 ], [ 75.1712, 13.3822 ], [ 75.17695, 13.37983 ], [ 75.18508, 13.38525 ], [ 75.19389, 13.38829 ], [ 75.20371, 13.37949 ], [ 75.19795, 13.36425 ], [ 75.19863, 13.35409 ], [ 75.21319, 13.3524 ], [ 75.21759, 13.35714 ], [ 75.21014, 13.36256 ], [ 75.21522, 13.36798 ], [ 75.2264, 13.36086 ], [ 75.23689, 13.34529 ], [ 75.24705, 13.34156 ], [ 75.2562, 13.32971 ], [ 75.26026, 13.33039 ], [ 75.26466, 13.3419 ], [ 75.27313, 13.35409 ], [ 75.28498, 13.34664 ], [ 75.27889, 13.33513 ], [ 75.28397, 13.32802 ], [ 75.30225, 13.32395 ], [ 75.31241, 13.31921 ], [ 75.31749, 13.3209 ], [ 75.32325, 13.3121 ], [ 75.33476, 13.30329 ], [ 75.34594, 13.29822 ], [ 75.33849, 13.29551 ], [ 75.33273, 13.28636 ], [ 75.31986, 13.29517 ], [ 75.31173, 13.29178 ], [ 75.29683, 13.28873 ], [ 75.28261, 13.29618 ], [ 75.27076, 13.29788 ], [ 75.27753, 13.28094 ], [ 75.29108, 13.27214 ], [ 75.30259, 13.25859 ], [ 75.30869, 13.24911 ], [ 75.30598, 13.24505 ], [ 75.2965, 13.2464 ], [ 75.28498, 13.25995 ], [ 75.27211, 13.25995 ], [ 75.27211, 13.24979 ], [ 75.28837, 13.23557 ], [ 75.30259, 13.22067 ], [ 75.30801, 13.20373 ], [ 75.30124, 13.19899 ], [ 75.30191, 13.19019 ], [ 75.29582, 13.18613 ], [ 75.29108, 13.17393 ], [ 75.29446, 13.16513 ], [ 75.3141, 13.15971 ], [ 75.32494, 13.16445 ], [ 75.33036, 13.1631 ], [ 75.33442, 13.16039 ], [ 75.33781, 13.16987 ], [ 75.3439, 13.18274 ], [ 75.36084, 13.18206 ], [ 75.39606, 13.16919 ], [ 75.40757, 13.15023 ], [ 75.40757, 13.12585 ], [ 75.41096, 13.10891 ], [ 75.40486, 13.08792 ], [ 75.39538, 13.0886 ], [ 75.38793, 13.0974 ], [ 75.3859, 13.10756 ], [ 75.39402, 13.1123 ], [ 75.40012, 13.12111 ], [ 75.39673, 13.12585 ], [ 75.38861, 13.12449 ], [ 75.38319, 13.11975 ], [ 75.37709, 13.11975 ], [ 75.37777, 13.12991 ], [ 75.38861, 13.13262 ], [ 75.39064, 13.14481 ], [ 75.38386, 13.14684 ], [ 75.3859, 13.15903 ], [ 75.3798, 13.15768 ], [ 75.36761, 13.16716 ], [ 75.36355, 13.15632 ], [ 75.36355, 13.13127 ], [ 75.35339, 13.12111 ], [ 75.34729, 13.11027 ], [ 75.34865, 13.09334 ], [ 75.34458, 13.07776 ], [ 75.33578, 13.07234 ], [ 75.32562, 13.07302 ], [ 75.31343, 13.07505 ], [ 75.30462, 13.0737 ], [ 75.29853, 13.06083 ], [ 75.29785, 13.05067 ], [ 75.29988, 13.02967 ], [ 75.29717, 13.02222 ], [ 75.2904, 13.02832 ], [ 75.28837, 13.03645 ], [ 75.2843, 13.03103 ], [ 75.28227, 13.02087 ], [ 75.27618, 13.02019 ], [ 75.27347, 13.02967 ], [ 75.27889, 13.03441 ], [ 75.27889, 13.04254 ], [ 75.28769, 13.04999 ], [ 75.27889, 13.04796 ], [ 75.27889, 13.05676 ], [ 75.27347, 13.06692 ], [ 75.26399, 13.06218 ], [ 75.26128, 13.05676 ], [ 75.25247, 13.0588 ], [ 75.24841, 13.06896 ], [ 75.23757, 13.07776 ], [ 75.23215, 13.07708 ], [ 75.21861, 13.08047 ], [ 75.21522, 13.07031 ], [ 75.201, 13.0886 ], [ 75.19287, 13.08995 ], [ 75.18813, 13.09808 ], [ 75.17458, 13.11298 ], [ 75.1651, 13.12788 ], [ 75.16984, 13.14075 ], [ 75.16239, 13.16107 ], [ 75.15291, 13.16513 ], [ 75.15088, 13.17597 ], [ 75.13869, 13.17393 ], [ 75.12717, 13.16716 ], [ 75.11227, 13.16513 ], [ 75.10753, 13.1719 ], [ 75.11295, 13.18545 ], [ 75.12514, 13.18003 ], [ 75.12988, 13.18613 ], [ 75.1265, 13.20915 ], [ 75.12717, 13.2227 ], [ 75.1414, 13.22473 ], [ 75.1353, 13.22947 ], [ 75.13395, 13.23692 ], [ 75.12853, 13.24098 ], [ 75.10076, 13.24437 ], [ 75.09331, 13.24843 ], [ 75.09263, 13.25792 ], [ 75.08992, 13.2674 ], [ 75.08044, 13.2762 ], [ 75.07977, 13.28907 ], [ 75.07502, 13.29043 ], [ 75.07299, 13.29652 ], [ 75.06012, 13.31142 ], [ 75.05369, 13.32971 ], [ 75.05132, 13.32937 ], [ 75.04556, 13.33276 ], [ 75.03879, 13.34021 ], [ 75.02829, 13.33885 ], [ 75.01475, 13.34258 ], [ 75.01983, 13.35003 ], [ 75.02965, 13.35443 ], [ 75.04556, 13.35443 ], [ 75.05437, 13.35748 ], [ 75.04793, 13.3612 ], [ 75.03676, 13.35883 ], [ 75.02795, 13.35985 ], [ 75.03032, 13.36628 ], [ 75.02355, 13.37509 ], [ 75.02965, 13.37949 ], [ 75.03676, 13.38999 ], [ 75.02897, 13.38626 ], [ 75.01339, 13.38355 ], [ 75.01407, 13.39405 ], [ 75.02016, 13.39642 ], [ 75.02084, 13.41471 ], [ 75.02863, 13.40353 ], [ 75.02998, 13.41132 ], [ 75.02186, 13.41911 ], [ 75.02457, 13.41979 ], [ 75.02491, 13.4225 ], [ 75.0205, 13.43232 ], [ 75.0222, 13.44146 ], [ 75.02897, 13.43503 ], [ 75.0354, 13.42487 ], [ 75.04184, 13.41031 ], [ 75.0415, 13.39811 ], [ 75.05132, 13.39202 ], [ 75.05945, 13.39574 ], [ 75.06859, 13.40252 ], [ 75.06757, 13.40793 ], [ 75.06317, 13.40997 ], [ 75.05403, 13.4076 ], [ 75.05132, 13.40861 ], [ 75.04759, 13.42013 ], [ 75.04726, 13.4313 ], [ 75.0647, 13.42724 ] ] ] } },
{ "type": "Feature", "properties": { "name": "Silent Valley", "Type": "National Park", "State": "Kerala", "Year": 1984.0 }, "geometry": { "type": "Polygon", "coordinates": [ [ [ 76.40673, 11.06251 ], [ 76.41418, 11.07335 ], [ 76.41452, 11.07876 ], [ 76.41655, 11.08317 ], [ 76.41215, 11.08791 ], [ 76.39081, 11.09197 ], [ 76.38201, 11.10078 ], [ 76.38133, 11.11026 ], [ 76.39183, 11.11432 ], [ 76.39691, 11.11263 ], [ 76.41621, 11.11263 ], [ 76.41249, 11.13261 ], [ 76.41452, 11.13769 ], [ 76.4135, 11.14446 ], [ 76.40842, 11.14818 ], [ 76.40673, 11.15462 ], [ 76.41113, 11.15834 ], [ 76.41282, 11.16546 ], [ 76.41249, 11.17392 ], [ 76.40436, 11.18781 ], [ 76.40639, 11.19085 ], [ 76.40673, 11.20711 ], [ 76.41452, 11.20948 ], [ 76.42603, 11.20846 ], [ 76.43213, 11.20508 ], [ 76.43721, 11.20338 ], [ 76.44025, 11.19966 ], [ 76.45008, 11.20203 ], [ 76.45685, 11.19051 ], [ 76.4599, 11.17358 ], [ 76.46972, 11.16816 ], [ 76.4748, 11.14818 ], [ 76.47683, 11.12448 ], [ 76.47446, 11.10518 ], [ 76.4687, 11.10179 ], [ 76.44635, 11.0747 ], [ 76.42772, 11.07741 ], [ 76.4284, 11.06793 ], [ 76.42569, 11.06251 ], [ 76.42231, 11.06082 ], [ 76.41723, 11.05032 ], [ 76.40402, 11.05506 ], [ 76.40673, 11.06251 ] ] ] } },
{ "type": "Feature", "properties": { "name": "Eravikulam National Park", "Type": "National Park", "State": "Kerala", "Year": 1978.0 }, "geometry": { "type": "Polygon", "coordinates": [ [ [ 76.99743, 10.16035 ], [ 76.99974, 10.1653 ], [ 77.00032, 10.17048 ], [ 77.00359, 10.17023 ], [ 77.01001, 10.17218 ], [ 77.0144, 10.17261 ], [ 77.01538, 10.176 ], [ 77.02179, 10.1791 ], [ 77.02685, 10.17369 ], [ 77.0308, 10.1729 ], [ 77.04203, 10.17606 ], [ 77.05716, 10.17744 ], [ 77.06119, 10.16964 ], [ 77.06687, 10.1745 ], [ 77.07194, 10.17451 ], [ 77.07426, 10.1736 ], [ 77.07668, 10.17521 ], [ 77.08, 10.17098 ], [ 77.08521, 10.17503 ], [ 77.08798, 10.18046 ], [ 77.08893, 10.18432 ], [ 77.08646, 10.18432 ], [ 77.08121, 10.18997 ], [ 77.08121, 10.19179 ], [ 77.07653, 10.19416 ], [ 77.07628, 10.1958 ], [ 77.07165, 10.19574 ], [ 77.06857, 10.1941 ], [ 77.06548, 10.19738 ], [ 77.06801, 10.20661 ], [ 77.06499, 10.21032 ], [ 77.05536, 10.21135 ], [ 77.04678, 10.2054 ], [ 77.04283, 10.20655 ], [ 77.04055, 10.20321 ], [ 77.03413, 10.20746 ], [ 77.02901, 10.20728 ], [ 77.02482, 10.21165 ], [ 77.01902, 10.21347 ], [ 77.02087, 10.21693 ], [ 77.01821, 10.21809 ], [ 77.01328, 10.22289 ], [ 77.01352, 10.2258 ], [ 77.02099, 10.22951 ], [ 77.03469, 10.23048 ], [ 77.04296, 10.23376 ], [ 77.04777, 10.23114 ], [ 77.0577, 10.23491 ], [ 77.06115, 10.23728 ], [ 77.06165, 10.2405 ], [ 77.06061, 10.24863 ], [ 77.04973, 10.26172 ], [ 77.05198, 10.27369 ], [ 77.0496, 10.27811 ], [ 77.04505, 10.28196 ], [ 77.04343, 10.28237 ], [ 77.04356, 10.28366 ], [ 77.04703, 10.28497 ], [ 77.05225, 10.28541 ], [ 77.05578, 10.28743 ], [ 77.05702, 10.28698 ], [ 77.05892, 10.28975 ], [ 77.06241, 10.29167 ], [ 77.06496, 10.29751 ], [ 77.07455, 10.30072 ], [ 77.08513, 10.30842 ], [ 77.0903, 10.31399 ], [ 77.09399, 10.31036 ], [ 77.09569, 10.30747 ], [ 77.10195, 10.31009 ], [ 77.10416, 10.31005 ], [ 77.10992, 10.30481 ], [ 77.11777, 10.30266 ], [ 77.12013, 10.30017 ], [ 77.12213, 10.2891 ], [ 77.11699, 10.28455 ], [ 77.11664, 10.27905 ], [ 77.10791, 10.26411 ], [ 77.10329, 10.26059 ], [ 77.09796, 10.25426 ], [ 77.10075, 10.25123 ], [ 77.10075, 10.24814 ], [ 77.10425, 10.24273 ], [ 77.11184, 10.24239 ], [ 77.12205, 10.23577 ], [ 77.13334, 10.2302 ], [ 77.13439, 10.22752 ], [ 77.1313, 10.2209 ], [ 77.13044, 10.20943 ], [ 77.12557, 10.20062 ], [ 77.12125, 10.19777 ], [ 77.11471, 10.18863 ], [ 77.11276, 10.18887 ], [ 77.11127, 10.18651 ], [ 77.10781, 10.18536 ], [ 77.1038, 10.18092 ], [ 77.10034, 10.18086 ], [ 77.09689, 10.18621 ], [ 77.09528, 10.18536 ], [ 77.09584, 10.18147 ], [ 77.09473, 10.17509 ], [ 77.0872, 10.16786 ], [ 77.07258, 10.16088 ], [ 77.0553, 10.14405 ], [ 77.05996, 10.13653 ], [ 77.05862, 10.13401 ], [ 77.05381, 10.13891 ], [ 77.05276, 10.14142 ], [ 77.04802, 10.1429 ], [ 77.04543, 10.14029 ], [ 77.03907, 10.13895 ], [ 77.03864, 10.14229 ], [ 77.03679, 10.14363 ], [ 77.0358, 10.14982 ], [ 77.03241, 10.15304 ], [ 77.02778, 10.15462 ], [ 77.02784, 10.15572 ], [ 77.02988, 10.15632 ], [ 77.03006, 10.15851 ], [ 77.02661, 10.15942 ], [ 77.02136, 10.15918 ], [ 77.02074, 10.16088 ], [ 77.02469, 10.16446 ], [ 77.03222, 10.16525 ], [ 77.03352, 10.16695 ], [ 77.03315, 10.16944 ], [ 77.02494, 10.16962 ], [ 77.01994, 10.17145 ], [ 77.01655, 10.16659 ], [ 77.00914, 10.16568 ], [ 76.99963, 10.15806 ], [ 76.9947, 10.15796 ], [ 76.9923, 10.16064 ], [ 76.99743, 10.16035 ] ] ] } },
{ "type": "Feature", "properties": { "name": "Bannerghatta", "Type": "National Park", "State": "Karnataka", "Year": 1974.0 }, "geometry": { "type": "MultiPolygon", "coordinates": [ [ [ [ 77.49095, 12.5089 ], [ 77.49962, 12.51422 ], [ 77.5046, 12.51493 ], [ 77.50786, 12.51707 ], [ 77.50901, 12.52439 ], [ 77.51114, 12.53052 ], [ 77.50751, 12.53312 ], [ 77.50045, 12.52995 ], [ 77.49207, 12.52909 ], [ 77.48743, 12.5327 ], [ 77.48777, 12.54292 ], [ 77.49078, 12.55054 ], [ 77.50125, 12.56411 ], [ 77.50854, 12.56261 ], [ 77.51867, 12.57073 ], [ 77.52681, 12.57488 ], [ 77.53288, 12.57628 ], [ 77.53417, 12.57823 ], [ 77.53387, 12.58671 ], [ 77.53522, 12.59088 ], [ 77.54668, 12.59955 ], [ 77.54786, 12.59898 ], [ 77.55376, 12.58893 ], [ 77.55816, 12.58585 ], [ 77.56768, 12.58288 ], [ 77.56918, 12.57706 ], [ 77.57137, 12.57622 ], [ 77.57558, 12.57551 ], [ 77.57764, 12.57743 ], [ 77.57944, 12.58141 ], [ 77.57897, 12.58409 ], [ 77.57352, 12.5882 ], [ 77.57296, 12.59147 ], [ 77.57429, 12.59389 ], [ 77.57875, 12.58912 ], [ 77.58266, 12.5869 ], [ 77.58721, 12.58765 ], [ 77.59155, 12.59116 ], [ 77.58459, 12.57485 ], [ 77.58076, 12.57115 ], [ 77.58075, 12.5656 ], [ 77.56637, 12.56514 ], [ 77.55429, 12.56221 ], [ 77.5512, 12.55942 ], [ 77.54884, 12.55021 ], [ 77.54992, 12.54531 ], [ 77.55597, 12.54066 ], [ 77.56665, 12.54087 ], [ 77.58107, 12.54564 ], [ 77.58463, 12.54064 ], [ 77.58388, 12.53548 ], [ 77.58648, 12.52172 ], [ 77.58858, 12.52069 ], [ 77.5944, 12.52281 ], [ 77.60382, 12.52342 ], [ 77.6035, 12.51381 ], [ 77.59056, 12.51556 ], [ 77.58425, 12.51334 ], [ 77.56863, 12.51393 ], [ 77.56442, 12.51217 ], [ 77.56459, 12.50798 ], [ 77.56682, 12.50438 ], [ 77.57009, 12.50128 ], [ 77.57652, 12.49759 ], [ 77.57704, 12.47915 ], [ 77.58013, 12.47345 ], [ 77.57875, 12.46943 ], [ 77.57601, 12.46759 ], [ 77.56845, 12.4665 ], [ 77.56056, 12.46809 ], [ 77.55867, 12.47588 ], [ 77.5506, 12.48678 ], [ 77.54914, 12.49139 ], [ 77.54339, 12.50169 ], [ 77.55026, 12.51753 ], [ 77.53326, 12.52155 ], [ 77.52374, 12.52051 ], [ 77.51945, 12.51711 ], [ 77.51829, 12.51426 ], [ 77.51747, 12.50999 ], [ 77.51966, 12.50572 ], [ 77.51884, 12.50161 ], [ 77.51653, 12.49658 ], [ 77.51179, 12.49564 ], [ 77.51007, 12.49174 ], [ 77.50554, 12.48804 ], [ 77.49458, 12.4847 ], [ 77.49213, 12.47544 ], [ 77.48962, 12.471 ], [ 77.48636, 12.47306 ], [ 77.48541, 12.47565 ], [ 77.48494, 12.47951 ], [ 77.48559, 12.48401 ], [ 77.48372, 12.4891 ], [ 77.48526, 12.49321 ], [ 77.48288, 12.49977 ], [ 77.49095, 12.5089 ] ] ], [ [ [ 77.53099, 12.71541 ], [ 77.53586, 12.72523 ], [ 77.54035, 12.72717 ], [ 77.54431, 12.72749 ], [ 77.54695, 12.72454 ], [ 77.54893, 12.72466 ], [ 77.55148, 12.72621 ], [ 77.55193, 12.72952 ], [ 77.55025, 12.7371 ], [ 77.55046, 12.73913 ], [ 77.54551, 12.74033 ], [ 77.54316, 12.74871 ], [ 77.54019, 12.75232 ], [ 77.54708, 12.76991 ], [ 77.55084, 12.77085 ], [ 77.55162, 12.77343 ], [ 77.54373, 12.77567 ], [ 77.54602, 12.78166 ], [ 77.54547, 12.78443 ], [ 77.54414, 12.7851 ], [ 77.54379, 12.79295 ], [ 77.54042, 12.79456 ], [ 77.54015, 12.79581 ], [ 77.54278, 12.80043 ], [ 77.54566, 12.80147 ], [ 77.54678, 12.79851 ], [ 77.54923, 12.79781 ], [ 77.54727, 12.7929 ], [ 77.54754, 12.78842 ], [ 77.5492, 12.78794 ], [ 77.55206, 12.78872 ], [ 77.55411, 12.79326 ], [ 77.55717, 12.79437 ], [ 77.55897, 12.79664 ], [ 77.56137, 12.80182 ], [ 77.5608, 12.80361 ], [ 77.56244, 12.80784 ], [ 77.56414, 12.80886 ], [ 77.56519, 12.81321 ], [ 77.56589, 12.81275 ], [ 77.56547, 12.81113 ], [ 77.56665, 12.81051 ], [ 77.56828, 12.81291 ], [ 77.57167, 12.82189 ], [ 77.57573, 12.82118 ], [ 77.57695, 12.823 ], [ 77.57672, 12.81821 ], [ 77.57466, 12.81305 ], [ 77.57459, 12.80459 ], [ 77.57329, 12.8032 ], [ 77.5746, 12.80265 ], [ 77.57723, 12.80328 ], [ 77.57675, 12.80147 ], [ 77.57475, 12.79943 ], [ 77.57695, 12.79903 ], [ 77.57717, 12.79986 ], [ 77.57826, 12.79945 ], [ 77.5787, 12.80066 ], [ 77.58367, 12.80034 ], [ 77.58383, 12.80144 ], [ 77.58486, 12.80094 ], [ 77.58784, 12.80229 ], [ 77.58891, 12.7987 ], [ 77.58782, 12.79674 ], [ 77.58885, 12.7967 ], [ 77.5878, 12.7926 ], [ 77.58892, 12.79243 ], [ 77.58926, 12.79139 ], [ 77.58864, 12.79151 ], [ 77.5881, 12.79012 ], [ 77.58907, 12.78977 ], [ 77.58893, 12.78837 ], [ 77.59401, 12.78712 ], [ 77.59661, 12.78847 ], [ 77.59688, 12.78304 ], [ 77.59601, 12.78108 ], [ 77.59789, 12.7805 ], [ 77.6012, 12.77752 ], [ 77.59872, 12.77186 ], [ 77.59592, 12.77046 ], [ 77.59566, 12.76573 ], [ 77.59761, 12.76254 ], [ 77.59814, 12.75699 ], [ 77.60411, 12.75705 ], [ 77.60557, 12.75426 ], [ 77.60508, 12.74912 ], [ 77.60317, 12.74784 ], [ 77.60127, 12.74066 ], [ 77.59722, 12.74347 ], [ 77.59559, 12.74352 ], [ 77.59458, 12.73785 ], [ 77.5914, 12.73791 ], [ 77.59, 12.73919 ], [ 77.58987, 12.74042 ], [ 77.58734, 12.74176 ], [ 77.58608, 12.74338 ], [ 77.58571, 12.74546 ], [ 77.58677, 12.74891 ], [ 77.58311, 12.75203 ], [ 77.58321, 12.75422 ], [ 77.58176, 12.75432 ], [ 77.57284, 12.74684 ], [ 77.56594, 12.73256 ], [ 77.55777, 12.73121 ], [ 77.55682, 12.72989 ], [ 77.55676, 12.71939 ], [ 77.55755, 12.71662 ], [ 77.55981, 12.71671 ], [ 77.56149, 12.70441 ], [ 77.57094, 12.70264 ], [ 77.57831, 12.70642 ], [ 77.58037, 12.70845 ], [ 77.58306, 12.70912 ], [ 77.58717, 12.7144 ], [ 77.59176, 12.71719 ], [ 77.59242, 12.71725 ], [ 77.59249, 12.71173 ], [ 77.59174, 12.70937 ], [ 77.59382, 12.70874 ], [ 77.59788, 12.70849 ], [ 77.60279, 12.71696 ], [ 77.6045, 12.71702 ], [ 77.61334, 12.71296 ], [ 77.62, 12.71307 ], [ 77.62459, 12.71039 ], [ 77.62866, 12.70595 ], [ 77.6305, 12.69273 ], [ 77.63686, 12.67501 ], [ 77.61372, 12.66744 ], [ 77.60006, 12.6661 ], [ 77.59769, 12.65719 ], [ 77.59661, 12.64658 ], [ 77.59296, 12.64746 ], [ 77.58845, 12.64689 ], [ 77.58592, 12.63657 ], [ 77.58262, 12.63332 ], [ 77.58021, 12.63353 ], [ 77.57762, 12.63495 ], [ 77.57639, 12.63843 ], [ 77.58028, 12.64558 ], [ 77.57941, 12.64788 ], [ 77.57949, 12.65403 ], [ 77.58547, 12.65432 ], [ 77.58739, 12.65692 ], [ 77.58886, 12.66222 ], [ 77.58869, 12.67011 ], [ 77.58725, 12.67051 ], [ 77.5872, 12.67153 ], [ 77.58864, 12.67473 ], [ 77.59382, 12.6802 ], [ 77.59759, 12.68158 ], [ 77.60154, 12.68502 ], [ 77.60171, 12.68631 ], [ 77.60463, 12.69017 ], [ 77.59946, 12.69044 ], [ 77.59853, 12.69581 ], [ 77.59461, 12.69799 ], [ 77.58871, 12.6981 ], [ 77.588, 12.69205 ], [ 77.58481, 12.6825 ], [ 77.58189, 12.67957 ], [ 77.58039, 12.67987 ], [ 77.57588, 12.68125 ], [ 77.57118, 12.68453 ], [ 77.57124, 12.68594 ], [ 77.57513, 12.69194 ], [ 77.56929, 12.69492 ], [ 77.56833, 12.6977 ], [ 77.55734, 12.69276 ], [ 77.55587, 12.68889 ], [ 77.55228, 12.68677 ], [ 77.54828, 12.68678 ], [ 77.54335, 12.69021 ], [ 77.54178, 12.69243 ], [ 77.54187, 12.69592 ], [ 77.53893, 12.69621 ], [ 77.53318, 12.70205 ], [ 77.5306, 12.71269 ], [ 77.53099, 12.71541 ] ], [ [ 77.60172, 12.67696 ], [ 77.60422, 12.6759 ], [ 77.60471, 12.6741 ], [ 77.6072, 12.67295 ], [ 77.60856, 12.67097 ], [ 77.60998, 12.67299 ], [ 77.61381, 12.6757 ], [ 77.61903, 12.67669 ], [ 77.61959, 12.68213 ], [ 77.61109, 12.68906 ], [ 77.60726, 12.68782 ], [ 77.60394, 12.68564 ], [ 77.60317, 12.68458 ], [ 77.6037, 12.68158 ], [ 77.60172, 12.67696 ] ] ], [ [ [ 77.5408, 12.37142 ], [ 77.547, 12.37315 ], [ 77.55201, 12.37008 ], [ 77.55563, 12.3699 ], [ 77.55608, 12.37845 ], [ 77.55863, 12.37916 ], [ 77.55911, 12.37745 ], [ 77.56333, 12.37675 ], [ 77.56459, 12.36847 ], [ 77.56421, 12.36595 ], [ 77.5609, 12.3639 ], [ 77.5561, 12.36264 ], [ 77.55343, 12.36021 ], [ 77.54566, 12.34445 ], [ 77.54476, 12.34435 ], [ 77.54378, 12.34738 ], [ 77.54039, 12.34763 ], [ 77.54356, 12.35677 ], [ 77.53906, 12.35832 ], [ 77.53829, 12.36109 ], [ 77.5408, 12.37142 ] ] ], [ [ [ 77.56817, 12.39756 ], [ 77.57116, 12.39781 ], [ 77.57588, 12.402 ], [ 77.57579, 12.4042 ], [ 77.57395, 12.40592 ], [ 77.575, 12.40793 ], [ 77.57472, 12.40994 ], [ 77.57163, 12.41149 ], [ 77.56963, 12.41514 ], [ 77.57313, 12.42136 ], [ 77.57446, 12.42195 ], [ 77.57534, 12.42038 ], [ 77.5756, 12.42128 ], [ 77.57695, 12.42155 ], [ 77.57733, 12.42401 ], [ 77.57902, 12.42624 ], [ 77.57899, 12.4298 ], [ 77.58127, 12.43249 ], [ 77.58149, 12.43448 ], [ 77.58302, 12.43548 ], [ 77.58566, 12.44139 ], [ 77.58665, 12.44114 ], [ 77.58442, 12.43318 ], [ 77.5839, 12.42587 ], [ 77.58221, 12.4225 ], [ 77.58275, 12.41883 ], [ 77.58212, 12.41512 ], [ 77.5832, 12.40954 ], [ 77.58075, 12.40575 ], [ 77.58135, 12.40286 ], [ 77.57843, 12.39295 ], [ 77.57858, 12.38224 ], [ 77.57528, 12.3722 ], [ 77.57399, 12.37209 ], [ 77.57077, 12.37404 ], [ 77.5671, 12.38387 ], [ 77.56745, 12.38697 ], [ 77.56528, 12.39085 ], [ 77.5647, 12.39366 ], [ 77.56817, 12.39756 ] ] ], [ [ [ 77.59463, 12.41797 ], [ 77.60339, 12.41646 ], [ 77.60725, 12.41772 ], [ 77.61053, 12.42002 ], [ 77.61137, 12.42509 ], [ 77.60935, 12.42731 ], [ 77.60701, 12.43373 ], [ 77.61122, 12.43492 ], [ 77.61216, 12.43729 ], [ 77.61242, 12.44523 ], [ 77.61555, 12.4476 ], [ 77.61995, 12.46195 ], [ 77.62428, 12.47068 ], [ 77.62416, 12.47331 ], [ 77.62239, 12.4753 ], [ 77.61724, 12.47643 ], [ 77.60909, 12.47548 ], [ 77.6177, 12.48216 ], [ 77.62673, 12.49456 ], [ 77.63575, 12.48605 ], [ 77.62712, 12.45095 ], [ 77.62935, 12.41616 ], [ 77.62752, 12.40946 ], [ 77.62337, 12.4107 ], [ 77.62296, 12.39559 ], [ 77.62092, 12.38808 ], [ 77.61993, 12.38693 ], [ 77.61678, 12.38609 ], [ 77.6136, 12.38712 ], [ 77.61186, 12.38995 ], [ 77.60753, 12.39047 ], [ 77.59193, 12.3989 ], [ 77.58751, 12.40854 ], [ 77.58579, 12.41768 ], [ 77.59463, 12.41797 ] ] ], [ [ [ 77.59354, 12.62755 ], [ 77.5991, 12.63996 ], [ 77.60083, 12.64138 ], [ 77.60498, 12.63627 ], [ 77.6064, 12.62626 ], [ 77.59536, 12.62038 ], [ 77.5919, 12.61417 ], [ 77.59158, 12.5931 ], [ 77.59032, 12.5967 ], [ 77.5892, 12.61303 ], [ 77.58678, 12.61532 ], [ 77.5865, 12.61823 ], [ 77.59354, 12.62755 ] ] ], [ [ [ 77.60117, 12.49743 ], [ 77.60267, 12.49891 ], [ 77.60358, 12.50511 ], [ 77.60285, 12.50855 ], [ 77.6035, 12.5138 ], [ 77.61259, 12.51327 ], [ 77.6168, 12.50896 ], [ 77.61443, 12.50269 ], [ 77.60309, 12.49529 ], [ 77.60122, 12.4951 ], [ 77.60117, 12.49743 ] ] ] ] } },
{ "type": "Feature", "properties": { "name": "Mudumalai", "Type": "National Park", "State": "Tamil Nadu", "Year": 1990.0 }, "geometry": { "type": "Polygon", "coordinates": [ [ [ 76.37233, 11.60013 ], [ 76.37804, 11.60013 ], [ 76.37932, 11.60418 ], [ 76.37932, 11.60694 ], [ 76.38632, 11.61209 ], [ 76.3865, 11.62331 ], [ 76.3922, 11.63086 ], [ 76.40784, 11.63233 ], [ 76.42698, 11.6327 ], [ 76.43434, 11.63067 ], [ 76.43673, 11.63509 ], [ 76.44354, 11.64006 ], [ 76.44721, 11.6465 ], [ 76.44611, 11.64815 ], [ 76.44041, 11.6511 ], [ 76.43397, 11.65956 ], [ 76.43213, 11.66545 ], [ 76.44206, 11.66324 ], [ 76.45641, 11.66379 ], [ 76.4623, 11.66563 ], [ 76.48088, 11.68403 ], [ 76.4853, 11.68403 ], [ 76.48548, 11.69139 ], [ 76.49266, 11.68955 ], [ 76.50903, 11.70243 ], [ 76.51621, 11.705 ], [ 76.54178, 11.68973 ], [ 76.54988, 11.67906 ], [ 76.55264, 11.66968 ], [ 76.55172, 11.66158 ], [ 76.55558, 11.65459 ], [ 76.55623, 11.64797 ], [ 76.55862, 11.63803 ], [ 76.56635, 11.61798 ], [ 76.58695, 11.61448 ], [ 76.59302, 11.61614 ], [ 76.60599, 11.60823 ], [ 76.61814, 11.60749 ], [ 76.65273, 11.61209 ], [ 76.70268, 11.61191 ], [ 76.74923, 11.61283 ], [ 76.7507, 11.60804 ], [ 76.74886, 11.60216 ], [ 76.74555, 11.59958 ], [ 76.73708, 11.60124 ], [ 76.73101, 11.59958 ], [ 76.72605, 11.59572 ], [ 76.72218, 11.59921 ], [ 76.71942, 11.6005 ], [ 76.71593, 11.58817 ], [ 76.71096, 11.58762 ], [ 76.71004, 11.58284 ], [ 76.70397, 11.57879 ], [ 76.70489, 11.57474 ], [ 76.70691, 11.57309 ], [ 76.70213, 11.57125 ], [ 76.69606, 11.57382 ], [ 76.69072, 11.5729 ], [ 76.68962, 11.57161 ], [ 76.69109, 11.56352 ], [ 76.68483, 11.55505 ], [ 76.67894, 11.55064 ], [ 76.67269, 11.54935 ], [ 76.66956, 11.54346 ], [ 76.65705, 11.53813 ], [ 76.65024, 11.54107 ], [ 76.64877, 11.54696 ], [ 76.64932, 11.55487 ], [ 76.6484, 11.56609 ], [ 76.65061, 11.56922 ], [ 76.6484, 11.5729 ], [ 76.6392, 11.56922 ], [ 76.63203, 11.56462 ], [ 76.62918, 11.5591 ], [ 76.62127, 11.55616 ], [ 76.60894, 11.54935 ], [ 76.60434, 11.54475 ], [ 76.57895, 11.54383 ], [ 76.57085, 11.54162 ], [ 76.56441, 11.54254 ], [ 76.56239, 11.5396 ], [ 76.55926, 11.53886 ], [ 76.55595, 11.53518 ], [ 76.54712, 11.53408 ], [ 76.54105, 11.53647 ], [ 76.53424, 11.53426 ], [ 76.51253, 11.53758 ], [ 76.51161, 11.54346 ], [ 76.51216, 11.54659 ], [ 76.50995, 11.55064 ], [ 76.50959, 11.5534 ], [ 76.50627, 11.55524 ], [ 76.50425, 11.55855 ], [ 76.50315, 11.56462 ], [ 76.49983, 11.5683 ], [ 76.4864, 11.57401 ], [ 76.47757, 11.57511 ], [ 76.47132, 11.57732 ], [ 76.46543, 11.58284 ], [ 76.44823, 11.57897 ], [ 76.42541, 11.57787 ], [ 76.42155, 11.57253 ], [ 76.41566, 11.57143 ], [ 76.41566, 11.56738 ], [ 76.41401, 11.56517 ], [ 76.40812, 11.56959 ], [ 76.40168, 11.56959 ], [ 76.39818, 11.57272 ], [ 76.3945, 11.57327 ], [ 76.38972, 11.57566 ], [ 76.38678, 11.58173 ], [ 76.3738, 11.58468 ], [ 76.367, 11.58265 ], [ 76.36019, 11.58891 ], [ 76.35927, 11.5913 ], [ 76.37233, 11.60013 ] ] ] } },
{ "type": "Feature", "properties": { "name": "Rajiv Gandhi (Nagarhole)", "Type": "National Park", "State": null, "Year": 1988.0 }, "geometry": { "type": "Polygon", "coordinates": [ [ [ 76.19372, 12.17642 ], [ 76.19656, 12.17064 ], [ 76.20092, 12.17151 ], [ 76.20931, 12.18089 ], [ 76.21455, 12.1847 ], [ 76.21989, 12.1871 ], [ 76.22425, 12.19277 ], [ 76.20223, 12.20945 ], [ 76.20757, 12.21828 ], [ 76.21335, 12.21327 ], [ 76.22512, 12.21436 ], [ 76.23177, 12.21349 ], [ 76.2357, 12.22046 ], [ 76.2405, 12.21959 ], [ 76.23941, 12.21043 ], [ 76.24224, 12.20716 ], [ 76.24529, 12.20149 ], [ 76.25598, 12.20433 ], [ 76.2575, 12.20106 ], [ 76.24922, 12.19103 ], [ 76.24246, 12.18557 ], [ 76.23897, 12.1786 ], [ 76.24399, 12.16791 ], [ 76.24464, 12.15984 ], [ 76.22589, 12.14545 ], [ 76.22371, 12.1424 ], [ 76.21825, 12.14262 ], [ 76.21804, 12.1352 ], [ 76.21542, 12.12844 ], [ 76.22174, 12.10838 ], [ 76.2272, 12.09464 ], [ 76.23417, 12.08265 ], [ 76.2418, 12.08331 ], [ 76.24682, 12.09072 ], [ 76.25467, 12.09682 ], [ 76.26666, 12.09639 ], [ 76.27255, 12.08985 ], [ 76.278, 12.08658 ], [ 76.27822, 12.08461 ], [ 76.26579, 12.07742 ], [ 76.25293, 12.0748 ], [ 76.25554, 12.05191 ], [ 76.25162, 12.04994 ], [ 76.2466, 12.04907 ], [ 76.24529, 12.04689 ], [ 76.25707, 12.03664 ], [ 76.25838, 12.02879 ], [ 76.26252, 12.02726 ], [ 76.25947, 12.01636 ], [ 76.26557, 12.01374 ], [ 76.27255, 12.01484 ], [ 76.27953, 12.01353 ], [ 76.28585, 12.00938 ], [ 76.28825, 12.00677 ], [ 76.2876, 11.9963 ], [ 76.28324, 11.99238 ], [ 76.27866, 11.98322 ], [ 76.27146, 11.983 ], [ 76.26623, 11.95749 ], [ 76.26557, 11.94353 ], [ 76.25009, 11.94549 ], [ 76.24573, 11.94746 ], [ 76.24006, 11.94702 ], [ 76.23864, 11.93503 ], [ 76.23276, 11.93176 ], [ 76.22905, 11.93285 ], [ 76.22709, 11.93045 ], [ 76.22621, 11.92609 ], [ 76.22927, 11.92282 ], [ 76.23101, 11.91845 ], [ 76.23014, 11.91606 ], [ 76.226, 11.91409 ], [ 76.22294, 11.92391 ], [ 76.21793, 11.92674 ], [ 76.21945, 11.9226 ], [ 76.21771, 11.91933 ], [ 76.21226, 11.92216 ], [ 76.20877, 11.92957 ], [ 76.19961, 11.93437 ], [ 76.19176, 11.94048 ], [ 76.19241, 11.93503 ], [ 76.20266, 11.92194 ], [ 76.19612, 11.9202 ], [ 76.20005, 11.91671 ], [ 76.20419, 11.91475 ], [ 76.2031, 11.90777 ], [ 76.20899, 11.90537 ], [ 76.20942, 11.90188 ], [ 76.20201, 11.8949 ], [ 76.20288, 11.88662 ], [ 76.20593, 11.88313 ], [ 76.214, 11.88073 ], [ 76.214, 11.8768 ], [ 76.20463, 11.87419 ], [ 76.20223, 11.87266 ], [ 76.20833, 11.86656 ], [ 76.20833, 11.86329 ], [ 76.19917, 11.86765 ], [ 76.1922, 11.87462 ], [ 76.18871, 11.87593 ], [ 76.18282, 11.87266 ], [ 76.1802, 11.87441 ], [ 76.1765, 11.87266 ], [ 76.17301, 11.87332 ], [ 76.1717, 11.87441 ], [ 76.16254, 11.87005 ], [ 76.15709, 11.87768 ], [ 76.1464, 11.87419 ], [ 76.14401, 11.86568 ], [ 76.13877, 11.86198 ], [ 76.13398, 11.86634 ], [ 76.13136, 11.86394 ], [ 76.12896, 11.85783 ], [ 76.1246, 11.85413 ], [ 76.12002, 11.85674 ], [ 76.11631, 11.85718 ], [ 76.11435, 11.85849 ], [ 76.11391, 11.86241 ], [ 76.11566, 11.86547 ], [ 76.11195, 11.88466 ], [ 76.11479, 11.89207 ], [ 76.11326, 11.9758 ], [ 76.09342, 11.9673 ], [ 76.08818, 11.97711 ], [ 76.07227, 11.98431 ], [ 76.07161, 11.98801 ], [ 76.07554, 11.98954 ], [ 76.07074, 11.99565 ], [ 76.0727, 12.00524 ], [ 76.06921, 12.01353 ], [ 76.06158, 12.01527 ], [ 76.04501, 12.02923 ], [ 76.05046, 12.04253 ], [ 76.05373, 12.04536 ], [ 76.05242, 12.05845 ], [ 76.04392, 12.05888 ], [ 76.04108, 12.06303 ], [ 76.04588, 12.0639 ], [ 76.0509, 12.07066 ], [ 76.05591, 12.0724 ], [ 76.05831, 12.07742 ], [ 76.05155, 12.09552 ], [ 76.0522, 12.09813 ], [ 76.06136, 12.0953 ], [ 76.06747, 12.09225 ], [ 76.07314, 12.09988 ], [ 76.07423, 12.10533 ], [ 76.07837, 12.10598 ], [ 76.0799, 12.10947 ], [ 76.08513, 12.13673 ], [ 76.08906, 12.14676 ], [ 76.09342, 12.1533 ], [ 76.09625, 12.15614 ], [ 76.098, 12.16639 ], [ 76.0884, 12.16857 ], [ 76.08164, 12.16813 ], [ 76.07684, 12.16181 ], [ 76.06442, 12.16399 ], [ 76.05962, 12.16355 ], [ 76.05809, 12.16813 ], [ 76.05242, 12.17751 ], [ 76.05046, 12.17642 ], [ 76.05024, 12.17467 ], [ 76.04501, 12.17751 ], [ 76.04152, 12.18165 ], [ 76.04719, 12.18557 ], [ 76.04435, 12.18775 ], [ 76.03563, 12.17925 ], [ 76.03171, 12.18099 ], [ 76.02822, 12.18557 ], [ 76.01339, 12.18841 ], [ 76.00946, 12.19626 ], [ 76.01339, 12.2028 ], [ 76.01579, 12.20411 ], [ 76.01208, 12.20978 ], [ 76.00903, 12.2124 ], [ 76.00096, 12.21109 ], [ 76.00161, 12.21697 ], [ 76.00336, 12.22155 ], [ 76.00816, 12.22243 ], [ 76.01317, 12.21915 ], [ 76.01819, 12.21806 ], [ 76.02146, 12.21828 ], [ 76.02059, 12.22701 ], [ 76.03083, 12.23137 ], [ 76.03759, 12.23246 ], [ 76.04959, 12.23856 ], [ 76.06354, 12.24903 ], [ 76.0703, 12.2499 ], [ 76.07205, 12.25274 ], [ 76.07466, 12.2547 ], [ 76.08186, 12.25688 ], [ 76.08557, 12.25601 ], [ 76.09211, 12.2595 ], [ 76.0956, 12.25601 ], [ 76.098, 12.24903 ], [ 76.0956, 12.24096 ], [ 76.09691, 12.23834 ], [ 76.10628, 12.23747 ], [ 76.11152, 12.22962 ], [ 76.12024, 12.22395 ], [ 76.12613, 12.21261 ], [ 76.12089, 12.20978 ], [ 76.12111, 12.2076 ], [ 76.13092, 12.19997 ], [ 76.13528, 12.19212 ], [ 76.13681, 12.18536 ], [ 76.13943, 12.18209 ], [ 76.15186, 12.18492 ], [ 76.15992, 12.18187 ], [ 76.16429, 12.18383 ], [ 76.17126, 12.18557 ], [ 76.18478, 12.18383 ], [ 76.19372, 12.17642 ] ] ] } },
{ "type": "Feature", "properties": { "name": "Daroji Bear WLS", "Type": "Wildlife Sanctuary", "State": "Karnataka", "Year": 1992.0 }, "geometry": { "type": "Polygon", "coordinates": [ [ [ 76.52311, 15.32823 ], [ 76.52877, 15.3245 ], [ 76.5419, 15.34344 ], [ 76.547, 15.34635 ], [ 76.54039, 15.35163 ], [ 76.54832, 15.35309 ], [ 76.53746, 15.35974 ], [ 76.53925, 15.36402 ], [ 76.54332, 15.35928 ], [ 76.54738, 15.35819 ], [ 76.547, 15.3683 ], [ 76.5572, 15.3652 ], [ 76.56126, 15.3682 ], [ 76.56343, 15.3672 ], [ 76.56116, 15.34681 ], [ 76.56947, 15.34489 ], [ 76.59412, 15.32541 ], [ 76.59081, 15.31156 ], [ 76.5961, 15.31047 ], [ 76.61329, 15.31475 ], [ 76.61924, 15.30437 ], [ 76.61678, 15.303 ], [ 76.60847, 15.30765 ], [ 76.59846, 15.30118 ], [ 76.57939, 15.30337 ], [ 76.57268, 15.30701 ], [ 76.56145, 15.3102 ], [ 76.55257, 15.30601 ], [ 76.55172, 15.30191 ], [ 76.54908, 15.30145 ], [ 76.54851, 15.29981 ], [ 76.547, 15.29927 ], [ 76.54492, 15.29972 ], [ 76.5453, 15.29772 ], [ 76.5436, 15.29808 ], [ 76.5435, 15.29963 ], [ 76.54199, 15.30063 ], [ 76.53822, 15.30072 ], [ 76.53888, 15.30382 ], [ 76.53519, 15.30373 ], [ 76.53623, 15.30473 ], [ 76.53406, 15.30491 ], [ 76.53397, 15.30364 ], [ 76.53198, 15.304 ], [ 76.52452, 15.30592 ], [ 76.52188, 15.30765 ], [ 76.52311, 15.32823 ] ] ] } },
{ "type": "Feature", "properties": { "name": "Daroji Bear WLS", "Type": "Wildlife Sanctuary", "State": "Karnataka", "Year": 1992.0 }, "geometry": { "type": "Polygon", "coordinates": [ [ [ 76.53358, 15.26559 ], [ 76.54148, 15.26863 ], [ 76.54303, 15.27401 ], [ 76.55113, 15.28021 ], [ 76.56058, 15.28099 ], [ 76.57105, 15.29012 ], [ 76.59692, 15.28368 ], [ 76.58907, 15.26445 ], [ 76.59352, 15.26304 ], [ 76.61071, 15.26688 ], [ 76.61199, 15.27489 ], [ 76.62331, 15.28213 ], [ 76.62844, 15.28052 ], [ 76.63807, 15.27215 ], [ 76.64638, 15.27395 ], [ 76.65704, 15.27142 ], [ 76.6574, 15.25534 ], [ 76.64247, 15.26373 ], [ 76.63504, 15.26283 ], [ 76.63312, 15.254 ], [ 76.64032, 15.24665 ], [ 76.64082, 15.23793 ], [ 76.62834, 15.2294 ], [ 76.6179, 15.23914 ], [ 76.61289, 15.24733 ], [ 76.6053, 15.24732 ], [ 76.59284, 15.23059 ], [ 76.58801, 15.23758 ], [ 76.58142, 15.23899 ], [ 76.58578, 15.25867 ], [ 76.58414, 15.25954 ], [ 76.56233, 15.24556 ], [ 76.52953, 15.24973 ], [ 76.53358, 15.26559 ] ] ] } }
]
}
