{
"type": "FeatureCollection",
"name": "tiger_reserves",
"crs": { "type": "name", "properties": { "name": "urn:ogc:def:crs:OGC:1.3:CRS84" } },
"features": [
{ "type": "Feature", "properties": { "newname": "Someshwara" }, "geometry": { "type": "Polygon", "coordinates": [ [ [ 75.09451, 13.48015 ], [ 75.10462, 13.46716 ], [ 75.10811, 13.45572 ], [ 75.11888, 13.44814 ], [ 75.15239, 13.43746 ], [ 75.15092, 13.43479 ], [ 75.15435, 13.43128 ], [ 75.15533, 13.42895 ], [ 75.15154, 13.42559 ], [ 75.15086, 13.42003 ], [ 75.14925, 13.41762 ], [ 75.14657, 13.4163 ], [ 75.14449, 13.40998 ], [ 75.13992, 13.413 ], [ 75.10641, 13.42368 ], [ 75.09491, 13.43119 ], [ 75.08648, 13.43787 ], [ 75.08413, 13.44058 ], [ 75.08258, 13.44379 ], [ 75.07974, 13.45442 ], [ 75.07096, 13.46556 ], [ 75.06207, 13.48333 ], [ 75.05891, 13.486 ], [ 75.06039, 13.48578 ], [ 75.07308, 13.49152 ], [ 75.07558, 13.49043 ], [ 75.07827, 13.49052 ], [ 75.0778, 13.49349 ], [ 75.08105, 13.49934 ], [ 75.08147, 13.50288 ], [ 75.08585, 13.4977 ], [ 75.09451, 13.48015 ] ] ] } },
{ "type": "Feature", "properties": { "newname": "Someshwara" }, "geometry": { "type": "Polygon", "coordinates": [ [ [ 74.94923, 13.50736 ], [ 74.95614, 13.50029 ], [ 74.9591, 13.50283 ], [ 74.96344, 13.5028 ], [ 74.96188, 13.49839 ], [ 74.96454, 13.49842 ], [ 74.96572, 13.49543 ], [ 74.96349, 13.49104 ], [ 74.96304, 13.4876 ], [ 74.96635, 13.48322 ], [ 74.97195, 13.48104 ], [ 74.97543, 13.48212 ], [ 74.97736, 13.48081 ], [ 74.97942, 13.48144 ], [ 74.98162, 13.47933 ], [ 74.98506, 13.4791 ], [ 74.98653, 13.48059 ], [ 74.98962, 13.47948 ], [ 74.98702, 13.47167 ], [ 74.99224, 13.46632 ], [ 74.99269, 13.45853 ], [ 74.98894, 13.45786 ], [ 74.98475, 13.46016 ], [ 74.96973, 13.45836 ], [ 74.96633, 13.45604 ], [ 74.9595, 13.45617 ], [ 74.96021, 13.45831 ], [ 74.94802, 13.47003 ], [ 74.94603, 13.47321 ], [ 74.94203, 13.47648 ], [ 74.94027, 13.47909 ], [ 74.93684, 13.47774 ], [ 74.933, 13.48152 ], [ 74.93208, 13.485 ], [ 74.92805, 13.48827 ], [ 74.92994, 13.49036 ], [ 74.93053, 13.49315 ], [ 74.9327, 13.49659 ], [ 74.93474, 13.49846 ], [ 74.93492, 13.50195 ], [ 74.93931, 13.50641 ], [ 74.94024, 13.51008 ], [ 74.94692, 13.51124 ], [ 74.94938, 13.51067 ], [ 74.94923, 13.50736 ] ] ] } },
{ "type": "Feature", "properties": { "newname": "Someshwara" }, "geometry": { "type": "Polygon", "coordinates": [ [ [ 74.98024, 13.58649 ], [ 74.98049, 13.58947 ], [ 74.98151, 13.58863 ], [ 74.98194, 13.58736 ], [ 74.98024, 13.58649 ] ] ] } },
{ "type": "Feature", "properties": { "newname": "Someshwara" }, "geometry": { "type": "Polygon", "coordinates": [ [ [ 75.06261, 13.59442 ], [ 75.06091, 13.58928 ], [ 75.05907, 13.58844 ], [ 75.05685, 13.58424 ], [ 75.05331, 13.58227 ], [ 75.04742, 13.58371 ], [ 75.03534, 13.57443 ], [ 75.03465, 13.57228 ], [ 75.03632, 13.56566 ], [ 75.04135, 13.56111 ], [ 75.04362, 13.56032 ], [ 75.04417, 13.55634 ], [ 75.05128, 13.55282 ], [ 75.0505, 13.54785 ], [ 75.05187, 13.54616 ], [ 75.05189, 13.54385 ], [ 75.0501, 13.5361 ], [ 75.06373, 13.52847 ], [ 75.06461, 13.52648 ], [ 75.06413, 13.52444 ], [ 75.06083, 13.5209 ], [ 75.06057, 13.51868 ], [ 75.0623, 13.51711 ], [ 75.06419, 13.51791 ], [ 75.06547, 13.52117 ], [ 75.06711, 13.52253 ], [ 75.06969, 13.52234 ], [ 75.07195, 13.52083 ], [ 75.07845, 13.51336 ], [ 75.08154, 13.50159 ], [ 75.07947, 13.49549 ], [ 75.0778, 13.49349 ], [ 75.07827, 13.49052 ], [ 75.07558, 13.49043 ], [ 75.07308, 13.49152 ], [ 75.06039, 13.48578 ], [ 75.05713, 13.48627 ], [ 75.05495, 13.48531 ], [ 75.05288, 13.48216 ], [ 75.05022, 13.48059 ], [ 75.04791, 13.47684 ], [ 75.04735, 13.47413 ], [ 75.04526, 13.47343 ], [ 75.04158, 13.47351 ], [ 75.03758, 13.47209 ], [ 75.03403, 13.47477 ], [ 75.03011, 13.47523 ], [ 75.02474, 13.47412 ], [ 75.02033, 13.47494 ], [ 75.01869, 13.47626 ], [ 75.01512, 13.4756 ], [ 75.00697, 13.47091 ], [ 75.00661, 13.47321 ], [ 75.00749, 13.47653 ], [ 75.00691, 13.47972 ], [ 75.01524, 13.48964 ], [ 75.01743, 13.49119 ], [ 75.02014, 13.49139 ], [ 75.02007, 13.49525 ], [ 75.02263, 13.49762 ], [ 75.02031, 13.49975 ], [ 75.02253, 13.50145 ], [ 75.01913, 13.50214 ], [ 75.0169, 13.50005 ], [ 75.01257, 13.50115 ], [ 75.00918, 13.50291 ], [ 75.01282, 13.50775 ], [ 75.01269, 13.51012 ], [ 75.00449, 13.5093 ], [ 75.00267, 13.51115 ], [ 75.00068, 13.51177 ], [ 75.00063, 13.51393 ], [ 75.00339, 13.51657 ], [ 74.99865, 13.51806 ], [ 75.00005, 13.52585 ], [ 75.00913, 13.53285 ], [ 75.00696, 13.53705 ], [ 75.01162, 13.54336 ], [ 75.01109, 13.54628 ], [ 75.00801, 13.54794 ], [ 75.00307, 13.54665 ], [ 75.00037, 13.54756 ], [ 75.00071, 13.54965 ], [ 75.00291, 13.55231 ], [ 75.00368, 13.5547 ], [ 75.00179, 13.55556 ], [ 74.9967, 13.55225 ], [ 74.99526, 13.55417 ], [ 74.99416, 13.56248 ], [ 74.99235, 13.56633 ], [ 74.98159, 13.56463 ], [ 74.97881, 13.56505 ], [ 74.97957, 13.56718 ], [ 74.97815, 13.57229 ], [ 74.98313, 13.57757 ], [ 74.98367, 13.58001 ], [ 74.98151, 13.58863 ], [ 74.97978, 13.59004 ], [ 74.98072, 13.59201 ], [ 74.98442, 13.58969 ], [ 74.99081, 13.59213 ], [ 74.99199, 13.5898 ], [ 74.99612, 13.5907 ], [ 74.99775, 13.58945 ], [ 75.0007, 13.59345 ], [ 75.00654, 13.59585 ], [ 75.01171, 13.59621 ], [ 75.01389, 13.59881 ], [ 75.01805, 13.59723 ], [ 75.02052, 13.59727 ], [ 75.02856, 13.59515 ], [ 75.03126, 13.59517 ], [ 75.03319, 13.59628 ], [ 75.03535, 13.59558 ], [ 75.0425, 13.59649 ], [ 75.04691, 13.59563 ], [ 75.05144, 13.59581 ], [ 75.05311, 13.59721 ], [ 75.05437, 13.602 ], [ 75.053, 13.60952 ], [ 75.05807, 13.60931 ], [ 75.06197, 13.60313 ], [ 75.06261, 13.59442 ] ] ] } },
{ "type": "Feature", "properties": { "newname": "Mookambika" }, "geometry": { "type": "Polygon", "coordinates": [ [ [ 74.79097, 13.75711 ], [ 74.78978, 13.75511 ], [ 74.78245, 13.74866 ], [ 74.78081, 13.75162 ], [ 74.78081, 13.75376 ], [ 74.77885, 13.75483 ], [ 74.7793, 13.75935 ], [ 74.77684, 13.76232 ], [ 74.78111, 13.76313 ], [ 74.78629, 13.76736 ], [ 74.78895, 13.76602 ], [ 74.79418, 13.75883 ], [ 74.79097, 13.75711 ] ] ] } },
{ "type": "Feature", "properties": { "newname": "Sharavathi Valley LTM" }, "geometry": { "type": "Polygon", "coordinates": [ [ [ 74.80379, 13.71489 ], [ 74.80241, 13.70945 ], [ 74.79714, 13.70927 ], [ 74.79475, 13.71022 ], [ 74.79171, 13.70513 ], [ 74.78712, 13.70494 ], [ 74.7851, 13.70335 ], [ 74.78597, 13.70073 ], [ 74.78419, 13.69918 ], [ 74.78223, 13.70211 ], [ 74.78268, 13.70745 ], [ 74.77821, 13.70564 ], [ 74.78014, 13.7037 ], [ 74.77489, 13.70093 ], [ 74.77392, 13.69914 ], [ 74.77161, 13.69899 ], [ 74.76967, 13.70168 ], [ 74.76603, 13.70088 ], [ 74.76382, 13.70126 ], [ 74.76237, 13.70332 ], [ 74.76191, 13.71418 ], [ 74.76325, 13.72204 ], [ 74.76448, 13.72655 ], [ 74.76698, 13.72895 ], [ 74.76342, 13.73027 ], [ 74.75806, 13.73071 ], [ 74.75624, 13.73328 ], [ 74.76003, 13.73449 ], [ 74.75896, 13.74015 ], [ 74.75559, 13.74074 ], [ 74.75645, 13.74304 ], [ 74.75607, 13.74501 ], [ 74.75306, 13.74996 ], [ 74.75158, 13.74652 ], [ 74.74794, 13.74718 ], [ 74.74815, 13.74349 ], [ 74.7464, 13.74172 ], [ 74.74842, 13.74045 ], [ 74.74984, 13.73546 ], [ 74.74644, 13.73749 ], [ 74.74638, 13.73406 ], [ 74.74865, 13.73091 ], [ 74.74517, 13.72868 ], [ 74.74198, 13.73125 ], [ 74.73949, 13.73138 ], [ 74.7365, 13.72808 ], [ 74.73412, 13.72801 ], [ 74.73421, 13.73496 ], [ 74.73642, 13.73541 ], [ 74.73801, 13.73769 ], [ 74.74157, 13.73988 ], [ 74.74248, 13.74509 ], [ 74.74145, 13.7474 ], [ 74.7437, 13.75346 ], [ 74.73959, 13.75353 ], [ 74.73855, 13.75621 ], [ 74.7437, 13.75974 ], [ 74.74533, 13.75796 ], [ 74.74683, 13.76078 ], [ 74.74622, 13.76334 ], [ 74.75013, 13.76531 ], [ 74.75385, 13.76343 ], [ 74.75626, 13.75995 ], [ 74.75884, 13.76212 ], [ 74.76091, 13.76144 ], [ 74.76613, 13.76296 ], [ 74.76466, 13.76778 ], [ 74.76554, 13.77359 ], [ 74.77155, 13.77865 ], [ 74.76939, 13.78145 ], [ 74.77175, 13.78265 ], [ 74.77397, 13.77982 ], [ 74.77632, 13.78118 ], [ 74.77518, 13.78615 ], [ 74.7729, 13.78853 ], [ 74.7731, 13.79479 ], [ 74.77708, 13.80055 ], [ 74.78151, 13.8004 ], [ 74.7814, 13.80319 ], [ 74.78014, 13.80492 ], [ 74.7817, 13.80705 ], [ 74.78539, 13.80502 ], [ 74.78694, 13.80203 ], [ 74.79028, 13.8036 ], [ 74.79144, 13.80631 ], [ 74.79788, 13.80742 ], [ 74.7952, 13.81176 ], [ 74.79863, 13.81117 ], [ 74.80029, 13.80993 ], [ 74.80218, 13.81081 ], [ 74.80296, 13.81284 ], [ 74.80186, 13.81467 ], [ 74.80392, 13.81531 ], [ 74.80827, 13.81437 ], [ 74.80643, 13.81893 ], [ 74.81094, 13.82171 ], [ 74.81272, 13.82459 ], [ 74.81006, 13.82585 ], [ 74.8116, 13.82829 ], [ 74.81369, 13.82921 ], [ 74.81606, 13.833 ], [ 74.81084, 13.83556 ], [ 74.80969, 13.83852 ], [ 74.80926, 13.8483 ], [ 74.81091, 13.85178 ], [ 74.80783, 13.8544 ], [ 74.80068, 13.85499 ], [ 74.80061, 13.85297 ], [ 74.79866, 13.85108 ], [ 74.79872, 13.84904 ], [ 74.80146, 13.84388 ], [ 74.80331, 13.84201 ], [ 74.80173, 13.84011 ], [ 74.79828, 13.84027 ], [ 74.79832, 13.8379 ], [ 74.80025, 13.83683 ], [ 74.80275, 13.83669 ], [ 74.80122, 13.83445 ], [ 74.79906, 13.83445 ], [ 74.79699, 13.83562 ], [ 74.79503, 13.83376 ], [ 74.79487, 13.82959 ], [ 74.79699, 13.82456 ], [ 74.7948, 13.82436 ], [ 74.79305, 13.81973 ], [ 74.7896, 13.82154 ], [ 74.78682, 13.82124 ], [ 74.78479, 13.82021 ], [ 74.785, 13.81794 ], [ 74.78394, 13.81622 ], [ 74.78177, 13.81744 ], [ 74.78212, 13.82231 ], [ 74.77915, 13.82533 ], [ 74.77686, 13.82481 ], [ 74.77348, 13.82204 ], [ 74.77133, 13.82297 ], [ 74.7694, 13.82201 ], [ 74.76805, 13.81995 ], [ 74.76575, 13.82066 ], [ 74.7674, 13.82487 ], [ 74.7646, 13.82862 ], [ 74.76298, 13.83345 ], [ 74.76215, 13.8441 ], [ 74.75712, 13.8466 ], [ 74.75582, 13.85137 ], [ 74.75256, 13.85517 ], [ 74.74683, 13.85545 ], [ 74.74424, 13.85423 ], [ 74.74303, 13.85248 ], [ 74.74291, 13.84973 ], [ 74.74306, 13.84749 ], [ 74.74487, 13.84354 ], [ 74.74427, 13.8412 ], [ 74.74194, 13.84062 ], [ 74.74066, 13.84295 ], [ 74.73667, 13.84472 ], [ 74.72884, 13.84271 ], [ 74.7267, 13.84383 ], [ 74.72541, 13.84775 ], [ 74.72401, 13.84929 ], [ 74.72409, 13.85131 ], [ 74.72269, 13.8531 ], [ 74.71876, 13.85447 ], [ 74.71436, 13.85438 ], [ 74.71235, 13.85828 ], [ 74.71024, 13.85916 ], [ 74.70496, 13.85842 ], [ 74.70178, 13.85537 ], [ 74.69993, 13.85649 ], [ 74.6986, 13.86066 ], [ 74.70139, 13.86058 ], [ 74.70284, 13.86258 ], [ 74.70236, 13.86454 ], [ 74.69804, 13.86685 ], [ 74.69578, 13.87057 ], [ 74.69684, 13.87244 ], [ 74.69695, 13.8751 ], [ 74.70217, 13.88276 ], [ 74.69973, 13.886 ], [ 74.69708, 13.89199 ], [ 74.69431, 13.89424 ], [ 74.69514, 13.89666 ], [ 74.69444, 13.89871 ], [ 74.69063, 13.89756 ], [ 74.69029, 13.89978 ], [ 74.69041, 13.9019 ], [ 74.69207, 13.90312 ], [ 74.6947, 13.9032 ], [ 74.69808, 13.8969 ], [ 74.70016, 13.89625 ], [ 74.70161, 13.89771 ], [ 74.70143, 13.89986 ], [ 74.69974, 13.90127 ], [ 74.69891, 13.90345 ], [ 74.69965, 13.90874 ], [ 74.6957, 13.90785 ], [ 74.69527, 13.90987 ], [ 74.69725, 13.91365 ], [ 74.69685, 13.9157 ], [ 74.69466, 13.91721 ], [ 74.68826, 13.91574 ], [ 74.68537, 13.91714 ], [ 74.67898, 13.92282 ], [ 74.67721, 13.92132 ], [ 74.67157, 13.92163 ], [ 74.66856, 13.92234 ], [ 74.66649, 13.92549 ], [ 74.67311, 13.92772 ], [ 74.67542, 13.92754 ], [ 74.67751, 13.92569 ], [ 74.67984, 13.92533 ], [ 74.68095, 13.92768 ], [ 74.68015, 13.93036 ], [ 74.67609, 13.93169 ], [ 74.67553, 13.93393 ], [ 74.67164, 13.93887 ], [ 74.67263, 13.94062 ], [ 74.67986, 13.94073 ], [ 74.68308, 13.94344 ], [ 74.68212, 13.94558 ], [ 74.68094, 13.94779 ], [ 74.6748, 13.94528 ], [ 74.67339, 13.9472 ], [ 74.67544, 13.95104 ], [ 74.67565, 13.95306 ], [ 74.66832, 13.95431 ], [ 74.66679, 13.95582 ], [ 74.66051, 13.95385 ], [ 74.65919, 13.95232 ], [ 74.65909, 13.95001 ], [ 74.65664, 13.94743 ], [ 74.65467, 13.94662 ], [ 74.65311, 13.94829 ], [ 74.655, 13.94953 ], [ 74.65629, 13.95116 ], [ 74.65608, 13.95315 ], [ 74.66132, 13.9579 ], [ 74.66228, 13.9599 ], [ 74.65806, 13.96173 ], [ 74.65747, 13.96638 ], [ 74.65415, 13.96797 ], [ 74.65743, 13.97348 ], [ 74.66547, 13.97994 ], [ 74.67281, 13.97225 ], [ 74.67501, 13.96775 ], [ 74.68301, 13.9633 ], [ 74.68745, 13.95511 ], [ 74.69582, 13.95185 ], [ 74.69936, 13.9484 ], [ 74.70125, 13.9432 ], [ 74.69979, 13.93692 ], [ 74.69775, 13.93499 ], [ 74.6951, 13.9349 ], [ 74.69266, 13.93381 ], [ 74.69157, 13.93089 ], [ 74.69523, 13.92702 ], [ 74.69809, 13.92546 ], [ 74.70501, 13.9242 ], [ 74.7087, 13.92435 ], [ 74.71069, 13.91814 ], [ 74.71454, 13.91401 ], [ 74.71287, 13.90333 ], [ 74.72431, 13.90565 ], [ 74.73292, 13.91015 ], [ 74.73422, 13.91172 ], [ 74.74133, 13.91303 ], [ 74.74435, 13.91331 ], [ 74.75547, 13.90732 ], [ 74.75653, 13.90964 ], [ 74.76315, 13.91425 ], [ 74.76422, 13.91248 ], [ 74.77784, 13.91342 ], [ 74.78308, 13.91162 ], [ 74.78745, 13.91159 ], [ 74.78961, 13.91036 ], [ 74.79343, 13.9058 ], [ 74.79437, 13.90818 ], [ 74.79661, 13.90869 ], [ 74.80161, 13.90826 ], [ 74.80765, 13.90426 ], [ 74.81111, 13.90384 ], [ 74.81622, 13.90392 ], [ 74.82022, 13.90587 ], [ 74.82499, 13.90301 ], [ 74.83037, 13.90138 ], [ 74.8371, 13.89572 ], [ 74.8392, 13.89596 ], [ 74.85518, 13.87942 ], [ 74.85767, 13.87517 ], [ 74.85837, 13.86812 ], [ 74.86501, 13.85693 ], [ 74.87114, 13.85558 ], [ 74.87508, 13.8582 ], [ 74.87632, 13.8599 ], [ 74.87643, 13.86208 ], [ 74.87917, 13.86584 ], [ 74.88195, 13.86618 ], [ 74.89152, 13.8645 ], [ 74.90018, 13.86088 ], [ 74.90752, 13.85928 ], [ 74.91283, 13.85321 ], [ 74.91369, 13.8509 ], [ 74.91301, 13.84269 ], [ 74.91486, 13.83989 ], [ 74.91492, 13.83527 ], [ 74.91608, 13.83358 ], [ 74.91686, 13.82245 ], [ 74.91879, 13.81766 ], [ 74.92285, 13.81376 ], [ 74.92415, 13.81053 ], [ 74.92413, 13.80754 ], [ 74.92593, 13.80176 ], [ 74.92519, 13.79425 ], [ 74.93232, 13.79016 ], [ 74.93359, 13.78833 ], [ 74.93388, 13.78554 ], [ 74.93063, 13.78218 ], [ 74.93068, 13.7801 ], [ 74.93211, 13.77854 ], [ 74.93209, 13.77626 ], [ 74.92993, 13.77009 ], [ 74.92817, 13.76904 ], [ 74.9286, 13.76696 ], [ 74.9311, 13.76597 ], [ 74.92973, 13.76229 ], [ 74.92621, 13.76572 ], [ 74.92307, 13.765 ], [ 74.92024, 13.76647 ], [ 74.91821, 13.76318 ], [ 74.91361, 13.76434 ], [ 74.91265, 13.76255 ], [ 74.91307, 13.75847 ], [ 74.90956, 13.75798 ], [ 74.9111, 13.76482 ], [ 74.9075, 13.76603 ], [ 74.90585, 13.76332 ], [ 74.90534, 13.76008 ], [ 74.9122, 13.75212 ], [ 74.91342, 13.74268 ], [ 74.90887, 13.74092 ], [ 74.90668, 13.74147 ], [ 74.90451, 13.74033 ], [ 74.90304, 13.73298 ], [ 74.89901, 13.73239 ], [ 74.89427, 13.73331 ], [ 74.89074, 13.72978 ], [ 74.88188, 13.72934 ], [ 74.87667, 13.72799 ], [ 74.87429, 13.72641 ], [ 74.87184, 13.72845 ], [ 74.86937, 13.72781 ], [ 74.86913, 13.7248 ], [ 74.87197, 13.71934 ], [ 74.87231, 13.7171 ], [ 74.86697, 13.71374 ], [ 74.86651, 13.71093 ], [ 74.86789, 13.70863 ], [ 74.86529, 13.7032 ], [ 74.86381, 13.70496 ], [ 74.86045, 13.70301 ], [ 74.86193, 13.70146 ], [ 74.86266, 13.69851 ], [ 74.862, 13.69609 ], [ 74.85977, 13.69474 ], [ 74.8572, 13.69514 ], [ 74.85584, 13.69109 ], [ 74.85292, 13.69411 ], [ 74.85087, 13.69509 ], [ 74.84865, 13.69289 ], [ 74.84609, 13.69362 ], [ 74.84494, 13.69658 ], [ 74.84237, 13.69698 ], [ 74.83842, 13.6944 ], [ 74.83663, 13.69575 ], [ 74.8359, 13.69774 ], [ 74.83352, 13.69746 ], [ 74.83186, 13.69581 ], [ 74.83189, 13.69127 ], [ 74.82967, 13.69065 ], [ 74.82479, 13.69293 ], [ 74.82047, 13.69711 ], [ 74.818, 13.69765 ], [ 74.81773, 13.70008 ], [ 74.81918, 13.70234 ], [ 74.81909, 13.70457 ], [ 74.81666, 13.70506 ], [ 74.81701, 13.70768 ], [ 74.81378, 13.70755 ], [ 74.81114, 13.70636 ], [ 74.81274, 13.70345 ], [ 74.8111, 13.69595 ], [ 74.8046, 13.69897 ], [ 74.80393, 13.70123 ], [ 74.80408, 13.70644 ], [ 74.80608, 13.71019 ], [ 74.80909, 13.71223 ], [ 74.80934, 13.71451 ], [ 74.80773, 13.71573 ], [ 74.80379, 13.71489 ] ], [ [ 74.86342, 13.71062 ], [ 74.86034, 13.71252 ], [ 74.85629, 13.71029 ], [ 74.86034, 13.70667 ], [ 74.86381, 13.70496 ], [ 74.86342, 13.71062 ] ], [ [ 74.80846, 13.72117 ], [ 74.80933, 13.72404 ], [ 74.80573, 13.72269 ], [ 74.80389, 13.72017 ], [ 74.80773, 13.71573 ], [ 74.80846, 13.72117 ] ], [ [ 74.81327, 13.73005 ], [ 74.80937, 13.73122 ], [ 74.80791, 13.72597 ], [ 74.80933, 13.72404 ], [ 74.81327, 13.73005 ] ], [ [ 74.76994, 13.8687 ], [ 74.77155, 13.8707 ], [ 74.76718, 13.87141 ], [ 74.76994, 13.8687 ] ], [ [ 74.84644, 13.71902 ], [ 74.84618, 13.72188 ], [ 74.84242, 13.71954 ], [ 74.84644, 13.71902 ] ], [ [ 74.83221, 13.73812 ], [ 74.83098, 13.74401 ], [ 74.82896, 13.74139 ], [ 74.83221, 13.73812 ] ], [ [ 74.81274, 13.73451 ], [ 74.81673, 13.74065 ], [ 74.8129, 13.73869 ], [ 74.81166, 13.7366 ], [ 74.81274, 13.73451 ] ], [ [ 74.75684, 13.88528 ], [ 74.75793, 13.88809 ], [ 74.75667, 13.89029 ], [ 74.75439, 13.8896 ], [ 74.75436, 13.88649 ], [ 74.75684, 13.88528 ] ], [ [ 74.77555, 13.88448 ], [ 74.77399, 13.88311 ], [ 74.77484, 13.88112 ], [ 74.7769, 13.88051 ], [ 74.77873, 13.88176 ], [ 74.77838, 13.88414 ], [ 74.77555, 13.88448 ] ], [ [ 74.70322, 13.8685 ], [ 74.70539, 13.86942 ], [ 74.70319, 13.87327 ], [ 74.69984, 13.87192 ], [ 74.70004, 13.86977 ], [ 74.70322, 13.8685 ] ], [ [ 74.84672, 13.72687 ], [ 74.85123, 13.72913 ], [ 74.853, 13.73123 ], [ 74.85064, 13.73236 ], [ 74.84811, 13.73562 ], [ 74.84758, 13.73121 ], [ 74.84556, 13.73096 ], [ 74.84672, 13.72687 ] ], [ [ 74.82428, 13.73609 ], [ 74.82325, 13.73809 ], [ 74.82116, 13.73698 ], [ 74.81707, 13.73282 ], [ 74.81885, 13.72725 ], [ 74.82096, 13.72903 ], [ 74.82161, 13.73163 ], [ 74.82428, 13.73609 ] ], [ [ 74.79402, 13.88602 ], [ 74.79292, 13.88343 ], [ 74.79662, 13.88309 ], [ 74.79932, 13.88074 ], [ 74.80141, 13.88121 ], [ 74.80549, 13.88032 ], [ 74.80641, 13.88264 ], [ 74.80427, 13.88396 ], [ 74.80056, 13.88431 ], [ 74.79402, 13.88602 ] ], [ [ 74.82169, 13.87401 ], [ 74.82385, 13.87499 ], [ 74.83158, 13.8758 ], [ 74.83043, 13.88083 ], [ 74.82179, 13.87831 ], [ 74.81998, 13.87691 ], [ 74.8198, 13.87478 ], [ 74.82169, 13.87401 ] ], [ [ 74.78642, 13.78342 ], [ 74.78783, 13.78782 ], [ 74.78537, 13.792 ], [ 74.78307, 13.79336 ], [ 74.7812, 13.79237 ], [ 74.77927, 13.79303 ], [ 74.77812, 13.79052 ], [ 74.78181, 13.78511 ], [ 74.78642, 13.78342 ] ], [ [ 74.78648, 13.85619 ], [ 74.78252, 13.85519 ], [ 74.77938, 13.84849 ], [ 74.78204, 13.84795 ], [ 74.78981, 13.85016 ], [ 74.79131, 13.85223 ], [ 74.79088, 13.85462 ], [ 74.78648, 13.85619 ] ], [ [ 74.83874, 13.73834 ], [ 74.84044, 13.7396 ], [ 74.84055, 13.74405 ], [ 74.8418, 13.74595 ], [ 74.84703, 13.74432 ], [ 74.84796, 13.74739 ], [ 74.83646, 13.74866 ], [ 74.83759, 13.74152 ], [ 74.83453, 13.73531 ], [ 74.83672, 13.73443 ], [ 74.83639, 13.73861 ], [ 74.83874, 13.73834 ] ], [ [ 74.83471, 13.73163 ], [ 74.83583, 13.72971 ], [ 74.83829, 13.72788 ], [ 74.8387, 13.73034 ], [ 74.83672, 13.73443 ], [ 74.83471, 13.73163 ] ], [ [ 74.86536, 13.8187 ], [ 74.86603, 13.81627 ], [ 74.87211, 13.81616 ], [ 74.87329, 13.8189 ], [ 74.86758, 13.8318 ], [ 74.86395, 13.8333 ], [ 74.85863, 13.83171 ], [ 74.857, 13.82961 ], [ 74.86008, 13.82842 ], [ 74.86048, 13.82312 ], [ 74.85925, 13.82086 ], [ 74.86536, 13.8187 ] ], [ [ 74.85492, 13.81764 ], [ 74.85618, 13.81405 ], [ 74.85397, 13.81229 ], [ 74.8558, 13.81025 ], [ 74.85548, 13.80677 ], [ 74.85427, 13.80454 ], [ 74.8569, 13.79896 ], [ 74.85696, 13.79644 ], [ 74.85906, 13.79552 ], [ 74.86041, 13.79328 ], [ 74.86246, 13.79456 ], [ 74.86806, 13.79603 ], [ 74.8707, 13.79814 ], [ 74.87041, 13.8032 ], [ 74.86644, 13.80391 ], [ 74.86652, 13.80845 ], [ 74.86327, 13.80981 ], [ 74.86084, 13.80975 ], [ 74.85809, 13.81691 ], [ 74.85492, 13.81764 ] ], [ [ 74.82677, 13.83976 ], [ 74.83, 13.83769 ], [ 74.83086, 13.84033 ], [ 74.83272, 13.8419 ], [ 74.83491, 13.842 ], [ 74.83748, 13.84021 ], [ 74.84073, 13.84269 ], [ 74.83004, 13.84754 ], [ 74.82835, 13.84905 ], [ 74.82977, 13.85086 ], [ 74.82826, 13.85338 ], [ 74.82325, 13.85623 ], [ 74.82156, 13.85841 ], [ 74.82154, 13.86263 ], [ 74.81921, 13.863 ], [ 74.81477, 13.86963 ], [ 74.8154, 13.87168 ], [ 74.81216, 13.87317 ], [ 74.81073, 13.86924 ], [ 74.81134, 13.86577 ], [ 74.80705, 13.86385 ], [ 74.80647, 13.86584 ], [ 74.80438, 13.86646 ], [ 74.80283, 13.8646 ], [ 74.80406, 13.86263 ], [ 74.80952, 13.85974 ], [ 74.81166, 13.85638 ], [ 74.81486, 13.85646 ], [ 74.8168, 13.85444 ], [ 74.82269, 13.8523 ], [ 74.82573, 13.85002 ], [ 74.82417, 13.84684 ], [ 74.8267, 13.84423 ], [ 74.82677, 13.83976 ] ], [ [ 74.82867, 13.77667 ], [ 74.83087, 13.77762 ], [ 74.83215, 13.78139 ], [ 74.83428, 13.78311 ], [ 74.83837, 13.78473 ], [ 74.84164, 13.78821 ], [ 74.84217, 13.79044 ], [ 74.84432, 13.79121 ], [ 74.84645, 13.79317 ], [ 74.85257, 13.7946 ], [ 74.84908, 13.80115 ], [ 74.84928, 13.8033 ], [ 74.85044, 13.80504 ], [ 74.85007, 13.81041 ], [ 74.8509, 13.816 ], [ 74.84892, 13.81781 ], [ 74.84521, 13.81648 ], [ 74.84328, 13.81402 ], [ 74.83837, 13.8191 ], [ 74.83564, 13.81808 ], [ 74.8374, 13.81556 ], [ 74.83392, 13.81593 ], [ 74.82996, 13.81348 ], [ 74.83008, 13.81032 ], [ 74.83968, 13.81259 ], [ 74.84224, 13.80911 ], [ 74.83992, 13.80886 ], [ 74.83765, 13.80695 ], [ 74.83547, 13.80229 ], [ 74.84061, 13.801 ], [ 74.84563, 13.79692 ], [ 74.84113, 13.79464 ], [ 74.83636, 13.79612 ], [ 74.83138, 13.79503 ], [ 74.83658, 13.78918 ], [ 74.83547, 13.78705 ], [ 74.83358, 13.78516 ], [ 74.82882, 13.78419 ], [ 74.82734, 13.7857 ], [ 74.825, 13.78545 ], [ 74.82323, 13.78033 ], [ 74.82867, 13.77667 ] ], [ [ 74.86314, 13.76509 ], [ 74.86648, 13.76214 ], [ 74.86864, 13.76205 ], [ 74.8736, 13.75873 ], [ 74.87566, 13.75882 ], [ 74.88002, 13.75399 ], [ 74.88322, 13.75749 ], [ 74.88315, 13.76483 ], [ 74.88041, 13.76404 ], [ 74.87751, 13.7661 ], [ 74.86736, 13.76483 ], [ 74.86639, 13.76709 ], [ 74.86314, 13.76509 ] ], [ [ 74.87885, 13.7518 ], [ 74.87966, 13.74988 ], [ 74.87489, 13.74233 ], [ 74.88911, 13.75174 ], [ 74.89288, 13.75579 ], [ 74.89578, 13.75652 ], [ 74.89725, 13.75835 ], [ 74.89715, 13.76092 ], [ 74.89851, 13.76283 ], [ 74.89814, 13.76536 ], [ 74.89645, 13.76751 ], [ 74.89439, 13.76701 ], [ 74.89219, 13.768 ], [ 74.89238, 13.77059 ], [ 74.89005, 13.7709 ], [ 74.8879, 13.77008 ], [ 74.88528, 13.76754 ], [ 74.88602, 13.76522 ], [ 74.8877, 13.76401 ], [ 74.88937, 13.76099 ], [ 74.88931, 13.75806 ], [ 74.8877, 13.75499 ], [ 74.88243, 13.7516 ], [ 74.88002, 13.75399 ], [ 74.87885, 13.7518 ] ], [ [ 74.86983, 13.7688 ], [ 74.87082, 13.77332 ], [ 74.87418, 13.77446 ], [ 74.87288, 13.77654 ], [ 74.87524, 13.77656 ], [ 74.86961, 13.78311 ], [ 74.86845, 13.78715 ], [ 74.87846, 13.7872 ], [ 74.88344, 13.78845 ], [ 74.87918, 13.79263 ], [ 74.87563, 13.79109 ], [ 74.87457, 13.79288 ], [ 74.87263, 13.79215 ], [ 74.865, 13.78335 ], [ 74.86069, 13.78048 ], [ 74.86248, 13.77675 ], [ 74.85977, 13.77482 ], [ 74.86243, 13.77284 ], [ 74.86362, 13.76858 ], [ 74.86639, 13.76709 ], [ 74.86983, 13.7688 ] ], [ [ 74.79572, 13.76067 ], [ 74.79382, 13.76454 ], [ 74.7959, 13.7675 ], [ 74.79218, 13.7677 ], [ 74.79025, 13.76886 ], [ 74.79051, 13.77316 ], [ 74.78642, 13.77402 ], [ 74.78396, 13.77767 ], [ 74.77878, 13.76729 ], [ 74.77438, 13.76706 ], [ 74.77205, 13.76111 ], [ 74.76746, 13.75899 ], [ 74.76534, 13.75938 ], [ 74.76443, 13.75678 ], [ 74.76207, 13.75694 ], [ 74.76109, 13.74868 ], [ 74.7966, 13.74865 ], [ 74.7985, 13.74938 ], [ 74.80024, 13.75235 ], [ 74.80371, 13.75559 ], [ 74.80556, 13.75395 ], [ 74.8082, 13.75342 ], [ 74.81169, 13.74868 ], [ 74.81487, 13.74724 ], [ 74.81823, 13.75324 ], [ 74.8179, 13.75579 ], [ 74.81958, 13.75753 ], [ 74.82159, 13.75787 ], [ 74.82598, 13.75541 ], [ 74.82788, 13.75835 ], [ 74.82474, 13.75903 ], [ 74.82105, 13.76153 ], [ 74.82065, 13.76407 ], [ 74.81327, 13.76563 ], [ 74.81225, 13.76769 ], [ 74.81389, 13.77177 ], [ 74.81765, 13.77345 ], [ 74.81483, 13.77538 ], [ 74.81689, 13.77845 ], [ 74.81589, 13.78046 ], [ 74.81358, 13.78053 ], [ 74.80675, 13.77738 ], [ 74.80693, 13.77369 ], [ 74.8048, 13.77066 ], [ 74.80545, 13.7677 ], [ 74.80471, 13.76484 ], [ 74.80304, 13.76344 ], [ 74.79865, 13.76337 ], [ 74.79861, 13.76082 ], [ 74.79575, 13.7574 ], [ 74.79418, 13.75883 ], [ 74.79572, 13.76067 ] ] ] } },
{ "type": "Feature", "properties": { "newname": "Sharavathi Valley LTM" }, "geometry": { "type": "Polygon", "coordinates": [ [ [ 74.77318, 14.18267 ], [ 74.77448, 14.17886 ], [ 74.77656, 14.17928 ], [ 74.77863, 14.17783 ], [ 74.77824, 14.17543 ], [ 74.78065, 14.17548 ], [ 74.78056, 14.17228 ], [ 74.78283, 14.17176 ], [ 74.78337, 14.16965 ], [ 74.78235, 14.16708 ], [ 74.78547, 14.1677 ], [ 74.78677, 14.17016 ], [ 74.78698, 14.17345 ], [ 74.78954, 14.17325 ], [ 74.78983, 14.16839 ], [ 74.79283, 14.16859 ], [ 74.79581, 14.16163 ], [ 74.80672, 14.16533 ], [ 74.80999, 14.17 ], [ 74.81394, 14.17336 ], [ 74.81687, 14.17381 ], [ 74.81706, 14.16863 ], [ 74.82024, 14.16868 ], [ 74.82175, 14.16604 ], [ 74.82472, 14.16664 ], [ 74.83015, 14.17058 ], [ 74.83224, 14.17018 ], [ 74.8344, 14.1675 ], [ 74.83881, 14.16873 ], [ 74.84078, 14.17085 ], [ 74.84306, 14.17576 ], [ 74.84475, 14.17347 ], [ 74.85115, 14.17583 ], [ 74.855, 14.18267 ], [ 74.85674, 14.18068 ], [ 74.86035, 14.18606 ], [ 74.86715, 14.18527 ], [ 74.86939, 14.18334 ], [ 74.86861, 14.18071 ], [ 74.86651, 14.18064 ], [ 74.8649, 14.17931 ], [ 74.86537, 14.17682 ], [ 74.86812, 14.17789 ], [ 74.86936, 14.17446 ], [ 74.87179, 14.17605 ], [ 74.87392, 14.176 ], [ 74.87351, 14.17345 ], [ 74.87943, 14.17209 ], [ 74.87991, 14.17481 ], [ 74.88223, 14.17415 ], [ 74.88473, 14.17508 ], [ 74.88483, 14.17708 ], [ 74.88786, 14.17725 ], [ 74.88875, 14.17213 ], [ 74.8874, 14.16964 ], [ 74.88713, 14.16552 ], [ 74.88805, 14.16005 ], [ 74.88548, 14.15992 ], [ 74.88532, 14.1548 ], [ 74.89077, 14.15758 ], [ 74.89091, 14.15497 ], [ 74.89337, 14.15592 ], [ 74.89481, 14.15117 ], [ 74.8971, 14.15024 ], [ 74.89954, 14.15139 ], [ 74.90582, 14.15133 ], [ 74.90872, 14.1527 ], [ 74.90928, 14.15006 ], [ 74.91186, 14.1497 ], [ 74.913, 14.14661 ], [ 74.90987, 14.14541 ], [ 74.9118, 14.14384 ], [ 74.91619, 14.1455 ], [ 74.91723, 14.14361 ], [ 74.91624, 14.14133 ], [ 74.92091, 14.14154 ], [ 74.91928, 14.13927 ], [ 74.9212, 14.13819 ], [ 74.92329, 14.13915 ], [ 74.9254, 14.13777 ], [ 74.92035, 14.13572 ], [ 74.91664, 14.13213 ], [ 74.917, 14.13008 ], [ 74.91858, 14.12798 ], [ 74.925, 14.12661 ], [ 74.92847, 14.12792 ], [ 74.93266, 14.12786 ], [ 74.93398, 14.13146 ], [ 74.93755, 14.13189 ], [ 74.9375, 14.12929 ], [ 74.93285, 14.12396 ], [ 74.93461, 14.12258 ], [ 74.93924, 14.12127 ], [ 74.94054, 14.1234 ], [ 74.94234, 14.12135 ], [ 74.94694, 14.12597 ], [ 74.94781, 14.12365 ], [ 74.95025, 14.12343 ], [ 74.9548, 14.1249 ], [ 74.95805, 14.12407 ], [ 74.95656, 14.12217 ], [ 74.95562, 14.11764 ], [ 74.9576, 14.11518 ], [ 74.95643, 14.11104 ], [ 74.95764, 14.10921 ], [ 74.96148, 14.10884 ], [ 74.96352, 14.10279 ], [ 74.96557, 14.10233 ], [ 74.96575, 14.10001 ], [ 74.96407, 14.09783 ], [ 74.96528, 14.09589 ], [ 74.96523, 14.09327 ], [ 74.97784, 14.08794 ], [ 74.98586, 14.08802 ], [ 74.98898, 14.08566 ], [ 74.99139, 14.08145 ], [ 74.98694, 14.0814 ], [ 74.98032, 14.07842 ], [ 74.97501, 14.06303 ], [ 74.96014, 14.06601 ], [ 74.9573, 14.06591 ], [ 74.95299, 14.0635 ], [ 74.94572, 14.06565 ], [ 74.94364, 14.06541 ], [ 74.93588, 14.06702 ], [ 74.93076, 14.06192 ], [ 74.93027, 14.05907 ], [ 74.92509, 14.04879 ], [ 74.92567, 14.04533 ], [ 74.91556, 14.03525 ], [ 74.91548, 14.03311 ], [ 74.91659, 14.03123 ], [ 74.91136, 14.02606 ], [ 74.91048, 14.02052 ], [ 74.90068, 14.01763 ], [ 74.88644, 14.0119 ], [ 74.88381, 14.01213 ], [ 74.88142, 14.00984 ], [ 74.87449, 14.0108 ], [ 74.86996, 14.01676 ], [ 74.86593, 14.02034 ], [ 74.86414, 14.0242 ], [ 74.85987, 14.02893 ], [ 74.85658, 14.0303 ], [ 74.85371, 14.03269 ], [ 74.85072, 14.03878 ], [ 74.85127, 14.04874 ], [ 74.8481, 14.05605 ], [ 74.84594, 14.05763 ], [ 74.8457, 14.06109 ], [ 74.84682, 14.06276 ], [ 74.84538, 14.06506 ], [ 74.84446, 14.06949 ], [ 74.83942, 14.07642 ], [ 74.83765, 14.07539 ], [ 74.8399, 14.07199 ], [ 74.83698, 14.06935 ], [ 74.8362, 14.0675 ], [ 74.83327, 14.06602 ], [ 74.8271, 14.06669 ], [ 74.82044, 14.06278 ], [ 74.81801, 14.06401 ], [ 74.81722, 14.06587 ], [ 74.81496, 14.06654 ], [ 74.81371, 14.06409 ], [ 74.81117, 14.06692 ], [ 74.80788, 14.06689 ], [ 74.80854, 14.06998 ], [ 74.8052, 14.0724 ], [ 74.808, 14.07662 ], [ 74.80483, 14.07627 ], [ 74.80222, 14.07817 ], [ 74.80096, 14.08056 ], [ 74.80201, 14.0855 ], [ 74.7997, 14.08808 ], [ 74.79618, 14.08603 ], [ 74.79527, 14.08913 ], [ 74.79726, 14.09088 ], [ 74.79659, 14.09284 ], [ 74.79711, 14.09507 ], [ 74.79903, 14.09799 ], [ 74.79829, 14.10094 ], [ 74.80061, 14.10655 ], [ 74.79661, 14.10626 ], [ 74.79473, 14.10089 ], [ 74.79214, 14.0991 ], [ 74.78813, 14.09914 ], [ 74.7836, 14.09768 ], [ 74.78006, 14.10153 ], [ 74.77917, 14.10614 ], [ 74.77629, 14.11073 ], [ 74.76944, 14.11238 ], [ 74.76501, 14.11124 ], [ 74.76273, 14.108 ], [ 74.75983, 14.10743 ], [ 74.75885, 14.10509 ], [ 74.75698, 14.10402 ], [ 74.75401, 14.10468 ], [ 74.75188, 14.10357 ], [ 74.74923, 14.09848 ], [ 74.74838, 14.08928 ], [ 74.74416, 14.0834 ], [ 74.74034, 14.08147 ], [ 74.73867, 14.07773 ], [ 74.7364, 14.07685 ], [ 74.73581, 14.07418 ], [ 74.74149, 14.06899 ], [ 74.73911, 14.06809 ], [ 74.74073, 14.0643 ], [ 74.74365, 14.06246 ], [ 74.7407, 14.05909 ], [ 74.7354, 14.05683 ], [ 74.72804, 14.04664 ], [ 74.72401, 14.04312 ], [ 74.71084, 14.03437 ], [ 74.70093, 14.03211 ], [ 74.69332, 14.02021 ], [ 74.68807, 14.00904 ], [ 74.67889, 14.00423 ], [ 74.67967, 14.00223 ], [ 74.68405, 13.99999 ], [ 74.69201, 13.99014 ], [ 74.69658, 13.99185 ], [ 74.71868, 13.98396 ], [ 74.72107, 13.98382 ], [ 74.72858, 13.96512 ], [ 74.70118, 13.96261 ], [ 74.70444, 13.95507 ], [ 74.71791, 13.95257 ], [ 74.72785, 13.95459 ], [ 74.73215, 13.9436 ], [ 74.72984, 13.94049 ], [ 74.72933, 13.93285 ], [ 74.75858, 13.92018 ], [ 74.76168, 13.93022 ], [ 74.77203, 13.92492 ], [ 74.77429, 13.91336 ], [ 74.76422, 13.91248 ], [ 74.76315, 13.91425 ], [ 74.75653, 13.90964 ], [ 74.75547, 13.90732 ], [ 74.74435, 13.91331 ], [ 74.73689, 13.91235 ], [ 74.73422, 13.91172 ], [ 74.73292, 13.91015 ], [ 74.72431, 13.90565 ], [ 74.71287, 13.90333 ], [ 74.71454, 13.91401 ], [ 74.71069, 13.91814 ], [ 74.7087, 13.92435 ], [ 74.70501, 13.9242 ], [ 74.69809, 13.92546 ], [ 74.69523, 13.92702 ], [ 74.69157, 13.93089 ], [ 74.69266, 13.93381 ], [ 74.6951, 13.9349 ], [ 74.69775, 13.93499 ], [ 74.69979, 13.93692 ], [ 74.70125, 13.9432 ], [ 74.69936, 13.9484 ], [ 74.69582, 13.95185 ], [ 74.68745, 13.95511 ], [ 74.68301, 13.9633 ], [ 74.67501, 13.96775 ], [ 74.67281, 13.97225 ], [ 74.66547, 13.97994 ], [ 74.66613, 13.98192 ], [ 74.66444, 13.99134 ], [ 74.67085, 14.00564 ], [ 74.67002, 14.00812 ], [ 74.67844, 14.03362 ], [ 74.65593, 14.03792 ], [ 74.65475, 14.04223 ], [ 74.65806, 14.05172 ], [ 74.66121, 14.05636 ], [ 74.65952, 14.06209 ], [ 74.6567, 14.06878 ], [ 74.65321, 14.07424 ], [ 74.63805, 14.09305 ], [ 74.65595, 14.11174 ], [ 74.64798, 14.1127 ], [ 74.64658, 14.11615 ], [ 74.6435, 14.13479 ], [ 74.64513, 14.14044 ], [ 74.62946, 14.14287 ], [ 74.6258, 14.16111 ], [ 74.65121, 14.16899 ], [ 74.66582, 14.18305 ], [ 74.69103, 14.16485 ], [ 74.69792, 14.17162 ], [ 74.70845, 14.16843 ], [ 74.72395, 14.15116 ], [ 74.74338, 14.14795 ], [ 74.74831, 14.14166 ], [ 74.75009, 14.17066 ], [ 74.74516, 14.17172 ], [ 74.74119, 14.17402 ], [ 74.7467, 14.18023 ], [ 74.74681, 14.18518 ], [ 74.74983, 14.18972 ], [ 74.75204, 14.19135 ], [ 74.75497, 14.192 ], [ 74.75669, 14.19094 ], [ 74.75861, 14.1848 ], [ 74.76189, 14.18161 ], [ 74.76103, 14.18578 ], [ 74.76192, 14.188 ], [ 74.76556, 14.18926 ], [ 74.76771, 14.18848 ], [ 74.76889, 14.19045 ], [ 74.77112, 14.18671 ], [ 74.77356, 14.18792 ], [ 74.77561, 14.18439 ], [ 74.77318, 14.18267 ] ] ] } },
{ "type": "Feature", "properties": { "newname": "Sharavathi Valley LTM" }, "geometry": { "type": "Polygon", "coordinates": [ [ [ 74.89871, 14.15401 ], [ 74.89926, 14.15666 ], [ 74.90153, 14.15658 ], [ 74.90267, 14.15455 ], [ 74.89954, 14.15139 ], [ 74.89871, 14.15401 ] ] ] } },
{ "type": "Feature", "properties": { "newname": "Shettihalli" }, "geometry": { "type": "Polygon", "coordinates": [ [ [ 75.13031, 13.84498 ], [ 75.14842, 13.82909 ], [ 75.1564, 13.82788 ], [ 75.16024, 13.82904 ], [ 75.17448, 13.84048 ], [ 75.17939, 13.84274 ], [ 75.22497, 13.84574 ], [ 75.23508, 13.84893 ], [ 75.2356, 13.84499 ], [ 75.23505, 13.84279 ], [ 75.23265, 13.83972 ], [ 75.22597, 13.83509 ], [ 75.22508, 13.83318 ], [ 75.22736, 13.83012 ], [ 75.23283, 13.82591 ], [ 75.23647, 13.82075 ], [ 75.22911, 13.81871 ], [ 75.18822, 13.81628 ], [ 75.17293, 13.80451 ], [ 75.16081, 13.80073 ], [ 75.15538, 13.80047 ], [ 75.13915, 13.80297 ], [ 75.13573, 13.80417 ], [ 75.11516, 13.82197 ], [ 75.07053, 13.84369 ], [ 75.01078, 13.83365 ], [ 74.98718, 13.81491 ], [ 74.94866, 13.79433 ], [ 74.9421, 13.7924 ], [ 74.94728, 13.78338 ], [ 74.94962, 13.7661 ], [ 74.94919, 13.75985 ], [ 74.95182, 13.75612 ], [ 74.97118, 13.75333 ], [ 74.9755, 13.75197 ], [ 74.9924, 13.7378 ], [ 74.99564, 13.73353 ], [ 74.99689, 13.72927 ], [ 74.99833, 13.71375 ], [ 74.99613, 13.70343 ], [ 74.9968, 13.68574 ], [ 74.99542, 13.68151 ], [ 74.98525, 13.66244 ], [ 74.99058, 13.64935 ], [ 75.01074, 13.63679 ], [ 75.01892, 13.62467 ], [ 75.02045, 13.6205 ], [ 75.02034, 13.60365 ], [ 75.01806, 13.59723 ], [ 75.01389, 13.59881 ], [ 75.01171, 13.59621 ], [ 75.00654, 13.59585 ], [ 75.0007, 13.59345 ], [ 74.99914, 13.59179 ], [ 74.99132, 13.59112 ], [ 74.99081, 13.59213 ], [ 74.98442, 13.58969 ], [ 74.98117, 13.59177 ], [ 74.99266, 13.60913 ], [ 74.99276, 13.61423 ], [ 74.99073, 13.61736 ], [ 74.97145, 13.62891 ], [ 74.96819, 13.63199 ], [ 74.95614, 13.66164 ], [ 74.95719, 13.66861 ], [ 74.96893, 13.69072 ], [ 74.9682, 13.70491 ], [ 74.97033, 13.71494 ], [ 74.96972, 13.7211 ], [ 74.96298, 13.72699 ], [ 74.94088, 13.7302 ], [ 74.93666, 13.73183 ], [ 74.93263, 13.73539 ], [ 74.92229, 13.75032 ], [ 74.92096, 13.75547 ], [ 74.92162, 13.76575 ], [ 74.92307, 13.765 ], [ 74.92621, 13.76572 ], [ 74.92973, 13.76229 ], [ 74.9311, 13.76597 ], [ 74.9286, 13.76696 ], [ 74.92817, 13.76904 ], [ 74.92993, 13.77009 ], [ 74.93209, 13.77626 ], [ 74.93211, 13.77854 ], [ 74.93068, 13.7801 ], [ 74.93063, 13.78218 ], [ 74.93388, 13.78554 ], [ 74.93359, 13.78833 ], [ 74.93232, 13.79016 ], [ 74.92519, 13.79425 ], [ 74.92593, 13.80176 ], [ 74.92413, 13.80754 ], [ 74.92415, 13.81053 ], [ 74.92285, 13.81376 ], [ 74.91879, 13.81766 ], [ 74.91664, 13.82418 ], [ 74.92435, 13.81662 ], [ 74.93713, 13.81921 ], [ 74.97181, 13.8377 ], [ 74.99651, 13.85741 ], [ 75.00054, 13.85944 ], [ 75.07104, 13.87141 ], [ 75.07468, 13.87135 ], [ 75.07885, 13.87007 ], [ 75.13031, 13.84498 ] ] ] } },
{ "type": "Feature", "properties": { "newname": "Shettihalli" }, "geometry": { "type": "Polygon", "coordinates": [ [ [ 75.23727, 13.84661 ], [ 75.23489, 13.84771 ], [ 75.23547, 13.8516 ], [ 75.23934, 13.85868 ], [ 75.23919, 13.86247 ], [ 75.23523, 13.87137 ], [ 75.23682, 13.88639 ], [ 75.24019, 13.89215 ], [ 75.24095, 13.90267 ], [ 75.24204, 13.90522 ], [ 75.24368, 13.90722 ], [ 75.24963, 13.91082 ], [ 75.25569, 13.916 ], [ 75.26085, 13.92875 ], [ 75.26302, 13.92905 ], [ 75.26765, 13.93206 ], [ 75.26973, 13.93475 ], [ 75.27227, 13.941 ], [ 75.27232, 13.94411 ], [ 75.26933, 13.95096 ], [ 75.27193, 13.9511 ], [ 75.2737, 13.95356 ], [ 75.27271, 13.96568 ], [ 75.26921, 13.9699 ], [ 75.27222, 13.9741 ], [ 75.27149, 13.97608 ], [ 75.27206, 13.97849 ], [ 75.27077, 13.98671 ], [ 75.26802, 13.98909 ], [ 75.26928, 13.99602 ], [ 75.27141, 13.9991 ], [ 75.27166, 14.00113 ], [ 75.28341, 14.00048 ], [ 75.28668, 13.99502 ], [ 75.28812, 13.99663 ], [ 75.28842, 14.00045 ], [ 75.29716, 13.99767 ], [ 75.29936, 13.99823 ], [ 75.30138, 13.99698 ], [ 75.29893, 13.99555 ], [ 75.30048, 13.99265 ], [ 75.30273, 13.99272 ], [ 75.3027, 13.99059 ], [ 75.29857, 13.98807 ], [ 75.30577, 13.98552 ], [ 75.30927, 13.99108 ], [ 75.31089, 13.98963 ], [ 75.3144, 13.99248 ], [ 75.31683, 13.99275 ], [ 75.31758, 13.99553 ], [ 75.3121, 13.99588 ], [ 75.31058, 13.99372 ], [ 75.30856, 13.99347 ], [ 75.30698, 13.99602 ], [ 75.30404, 13.99725 ], [ 75.30314, 14.0004 ], [ 75.30855, 13.99842 ], [ 75.31882, 13.99919 ], [ 75.32111, 13.99824 ], [ 75.32467, 13.99995 ], [ 75.32862, 14.00346 ], [ 75.33714, 14.00883 ], [ 75.33984, 14.00816 ], [ 75.34298, 14.0088 ], [ 75.34712, 14.00834 ], [ 75.34914, 14.00865 ], [ 75.35149, 14.0103 ], [ 75.35479, 14.01036 ], [ 75.35223, 14.00439 ], [ 75.35455, 14.00362 ], [ 75.35456, 14.00071 ], [ 75.35216, 14.00055 ], [ 75.35227, 13.99525 ], [ 75.35552, 13.99589 ], [ 75.3582, 13.99875 ], [ 75.36221, 13.99547 ], [ 75.36522, 13.99441 ], [ 75.377, 13.99637 ], [ 75.37972, 13.99293 ], [ 75.38045, 13.98878 ], [ 75.38283, 13.98899 ], [ 75.38489, 13.99061 ], [ 75.38696, 13.99063 ], [ 75.3906, 13.98836 ], [ 75.39161, 13.99052 ], [ 75.39159, 13.9928 ], [ 75.3951, 13.99324 ], [ 75.39234, 13.99801 ], [ 75.39273, 14.00177 ], [ 75.4043, 14.00236 ], [ 75.40798, 13.9923 ], [ 75.39764, 13.97983 ], [ 75.38829, 13.98327 ], [ 75.3849, 13.98046 ], [ 75.38312, 13.98152 ], [ 75.3729, 13.97706 ], [ 75.37708, 13.97361 ], [ 75.37811, 13.97137 ], [ 75.37574, 13.9703 ], [ 75.374, 13.96603 ], [ 75.37392, 13.96391 ], [ 75.3764, 13.96451 ], [ 75.38106, 13.96223 ], [ 75.38065, 13.95836 ], [ 75.37895, 13.95696 ], [ 75.3772, 13.95246 ], [ 75.37878, 13.95066 ], [ 75.38137, 13.95022 ], [ 75.38078, 13.94805 ], [ 75.38483, 13.94844 ], [ 75.38603, 13.94649 ], [ 75.39021, 13.94795 ], [ 75.39269, 13.9478 ], [ 75.39511, 13.9457 ], [ 75.39655, 13.94736 ], [ 75.39514, 13.94931 ], [ 75.39936, 13.95273 ], [ 75.39691, 13.95419 ], [ 75.39413, 13.95831 ], [ 75.39215, 13.9575 ], [ 75.38969, 13.95821 ], [ 75.38853, 13.96009 ], [ 75.39227, 13.96214 ], [ 75.39225, 13.9647 ], [ 75.39541, 13.96544 ], [ 75.39832, 13.96354 ], [ 75.40072, 13.96411 ], [ 75.4034, 13.96305 ], [ 75.40289, 13.96063 ], [ 75.40372, 13.95476 ], [ 75.40543, 13.95224 ], [ 75.40817, 13.95051 ], [ 75.41078, 13.95377 ], [ 75.41419, 13.95394 ], [ 75.41628, 13.9534 ], [ 75.42151, 13.94911 ], [ 75.42344, 13.95259 ], [ 75.42561, 13.9536 ], [ 75.42857, 13.95014 ], [ 75.43089, 13.95004 ], [ 75.43341, 13.95101 ], [ 75.43475, 13.95278 ], [ 75.43689, 13.95306 ], [ 75.43822, 13.95567 ], [ 75.44104, 13.95676 ], [ 75.44071, 13.95964 ], [ 75.44195, 13.96608 ], [ 75.4458, 13.97065 ], [ 75.44784, 13.97597 ], [ 75.4519, 13.97598 ], [ 75.45737, 13.98052 ], [ 75.45646, 13.98286 ], [ 75.45984, 13.98592 ], [ 75.45734, 13.98814 ], [ 75.461, 13.99498 ], [ 75.46301, 13.99611 ], [ 75.47118, 13.99264 ], [ 75.49394, 13.97359 ], [ 75.50079, 13.96916 ], [ 75.50084, 13.96574 ], [ 75.50338, 13.96324 ], [ 75.50297, 13.95801 ], [ 75.50072, 13.95769 ], [ 75.49883, 13.95446 ], [ 75.49813, 13.95238 ], [ 75.49867, 13.94956 ], [ 75.51774, 13.95104 ], [ 75.52086, 13.94697 ], [ 75.5259, 13.94899 ], [ 75.52806, 13.94896 ], [ 75.52882, 13.94605 ], [ 75.53136, 13.94631 ], [ 75.53322, 13.94538 ], [ 75.53389, 13.9403 ], [ 75.53011, 13.9415 ], [ 75.53029, 13.93645 ], [ 75.52779, 13.93582 ], [ 75.52682, 13.94232 ], [ 75.52188, 13.94188 ], [ 75.51866, 13.93864 ], [ 75.51997, 13.9368 ], [ 75.52244, 13.9378 ], [ 75.52244, 13.93524 ], [ 75.5247, 13.93415 ], [ 75.52585, 13.93161 ], [ 75.52178, 13.93077 ], [ 75.51944, 13.93147 ], [ 75.51801, 13.92972 ], [ 75.52196, 13.9267 ], [ 75.5219, 13.91964 ], [ 75.5258, 13.9173 ], [ 75.52814, 13.91702 ], [ 75.52753, 13.91384 ], [ 75.51947, 13.91335 ], [ 75.51141, 13.90835 ], [ 75.5158, 13.90596 ], [ 75.51969, 13.90584 ], [ 75.51823, 13.90284 ], [ 75.51608, 13.90218 ], [ 75.51558, 13.89877 ], [ 75.51039, 13.8945 ], [ 75.50777, 13.89093 ], [ 75.50571, 13.89204 ], [ 75.5022, 13.88896 ], [ 75.50093, 13.88466 ], [ 75.50694, 13.88415 ], [ 75.50874, 13.88239 ], [ 75.51315, 13.88688 ], [ 75.51698, 13.88645 ], [ 75.51888, 13.88421 ], [ 75.52219, 13.88356 ], [ 75.5251, 13.88413 ], [ 75.52722, 13.88037 ], [ 75.52436, 13.87894 ], [ 75.52271, 13.87675 ], [ 75.52592, 13.87591 ], [ 75.52857, 13.87416 ], [ 75.52879, 13.87034 ], [ 75.53388, 13.86578 ], [ 75.53153, 13.86177 ], [ 75.53417, 13.85836 ], [ 75.53719, 13.85748 ], [ 75.53843, 13.85356 ], [ 75.53311, 13.85298 ], [ 75.5207, 13.85656 ], [ 75.52383, 13.84497 ], [ 75.52126, 13.84401 ], [ 75.51885, 13.84527 ], [ 75.51289, 13.84444 ], [ 75.5095, 13.83399 ], [ 75.51038, 13.82397 ], [ 75.51511, 13.82199 ], [ 75.51517, 13.818 ], [ 75.50914, 13.81533 ], [ 75.5043, 13.8109 ], [ 75.50156, 13.80059 ], [ 75.49766, 13.7977 ], [ 75.49359, 13.79989 ], [ 75.49174, 13.79876 ], [ 75.49121, 13.79668 ], [ 75.48714, 13.79127 ], [ 75.48281, 13.79024 ], [ 75.47665, 13.78668 ], [ 75.47388, 13.77718 ], [ 75.4757, 13.77119 ], [ 75.47565, 13.7617 ], [ 75.47071, 13.75842 ], [ 75.46987, 13.75363 ], [ 75.46758, 13.74996 ], [ 75.46106, 13.74274 ], [ 75.45891, 13.73489 ], [ 75.45934, 13.73264 ], [ 75.45782, 13.72815 ], [ 75.45475, 13.72422 ], [ 75.44918, 13.7232 ], [ 75.44402, 13.7234 ], [ 75.4377, 13.71996 ], [ 75.43134, 13.71798 ], [ 75.42889, 13.72346 ], [ 75.42801, 13.72754 ], [ 75.43113, 13.72618 ], [ 75.44847, 13.72921 ], [ 75.43538, 13.7326 ], [ 75.43339, 13.73176 ], [ 75.42284, 13.73239 ], [ 75.42139, 13.74714 ], [ 75.42203, 13.75008 ], [ 75.4239, 13.75288 ], [ 75.42231, 13.76764 ], [ 75.42379, 13.78246 ], [ 75.42052, 13.79166 ], [ 75.42517, 13.79208 ], [ 75.42776, 13.80144 ], [ 75.42651, 13.81138 ], [ 75.43085, 13.81557 ], [ 75.42457, 13.82266 ], [ 75.41232, 13.82626 ], [ 75.40908, 13.82825 ], [ 75.40371, 13.82857 ], [ 75.40201, 13.82684 ], [ 75.39931, 13.82771 ], [ 75.39835, 13.82155 ], [ 75.396, 13.81548 ], [ 75.39164, 13.81286 ], [ 75.39267, 13.81064 ], [ 75.39055, 13.80957 ], [ 75.38665, 13.81309 ], [ 75.3809, 13.81396 ], [ 75.37595, 13.8177 ], [ 75.37348, 13.8229 ], [ 75.36993, 13.82197 ], [ 75.36739, 13.82486 ], [ 75.36296, 13.82327 ], [ 75.35845, 13.82391 ], [ 75.35493, 13.82135 ], [ 75.35251, 13.82575 ], [ 75.35032, 13.82625 ], [ 75.34342, 13.83252 ], [ 75.34298, 13.8365 ], [ 75.34402, 13.84053 ], [ 75.33927, 13.84469 ], [ 75.34261, 13.84699 ], [ 75.34468, 13.85024 ], [ 75.34467, 13.85265 ], [ 75.34238, 13.85304 ], [ 75.33506, 13.86016 ], [ 75.32821, 13.86142 ], [ 75.3213, 13.85997 ], [ 75.31966, 13.85434 ], [ 75.31953, 13.84717 ], [ 75.32172, 13.84317 ], [ 75.3221, 13.84044 ], [ 75.32579, 13.84172 ], [ 75.3276, 13.84429 ], [ 75.33579, 13.83817 ], [ 75.32934, 13.83481 ], [ 75.32717, 13.83243 ], [ 75.32681, 13.83558 ], [ 75.32433, 13.83613 ], [ 75.32177, 13.83448 ], [ 75.32186, 13.82888 ], [ 75.32034, 13.81824 ], [ 75.31808, 13.81902 ], [ 75.31661, 13.81307 ], [ 75.31404, 13.81355 ], [ 75.30416, 13.8117 ], [ 75.29579, 13.80805 ], [ 75.29252, 13.80973 ], [ 75.28795, 13.81033 ], [ 75.28551, 13.81438 ], [ 75.2795, 13.81361 ], [ 75.27879, 13.81154 ], [ 75.27102, 13.81078 ], [ 75.27183, 13.81559 ], [ 75.26617, 13.81451 ], [ 75.26397, 13.81826 ], [ 75.26549, 13.82147 ], [ 75.26315, 13.82217 ], [ 75.26228, 13.82722 ], [ 75.26009, 13.82627 ], [ 75.25819, 13.82744 ], [ 75.25444, 13.83508 ], [ 75.25871, 13.83733 ], [ 75.25513, 13.83812 ], [ 75.25388, 13.84117 ], [ 75.25577, 13.8451 ], [ 75.25842, 13.84797 ], [ 75.2578, 13.8499 ], [ 75.26018, 13.8533 ], [ 75.25881, 13.85496 ], [ 75.25694, 13.85338 ], [ 75.25458, 13.85297 ], [ 75.25497, 13.85067 ], [ 75.25132, 13.84559 ], [ 75.24961, 13.84355 ], [ 75.24732, 13.84322 ], [ 75.24396, 13.84679 ], [ 75.23727, 13.84661 ] ], [ [ 75.24396, 13.84679 ], [ 75.24722, 13.84803 ], [ 75.24785, 13.8505 ], [ 75.24876, 13.85804 ], [ 75.24639, 13.85786 ], [ 75.24612, 13.85522 ], [ 75.24485, 13.85322 ], [ 75.24539, 13.85092 ], [ 75.24325, 13.84957 ], [ 75.24396, 13.84679 ] ], [ [ 75.28487, 13.99398 ], [ 75.28542, 13.99161 ], [ 75.28795, 13.99208 ], [ 75.28668, 13.99502 ], [ 75.28487, 13.99398 ] ], [ [ 75.29677, 13.98942 ], [ 75.29514, 13.98807 ], [ 75.29656, 13.98652 ], [ 75.29857, 13.98807 ], [ 75.29677, 13.98942 ] ], [ [ 75.34818, 13.99036 ], [ 75.34676, 13.98741 ], [ 75.34658, 13.98487 ], [ 75.34169, 13.98452 ], [ 75.3428, 13.98231 ], [ 75.34972, 13.98153 ], [ 75.35092, 13.98373 ], [ 75.35593, 13.98405 ], [ 75.3567, 13.98604 ], [ 75.3545, 13.98718 ], [ 75.35239, 13.99194 ], [ 75.35227, 13.99525 ], [ 75.34818, 13.99036 ] ], [ [ 75.44271, 13.95463 ], [ 75.4436, 13.95733 ], [ 75.44104, 13.95676 ], [ 75.44271, 13.95463 ] ], [ [ 75.25986, 13.8338 ], [ 75.26387, 13.8379 ], [ 75.26624, 13.83729 ], [ 75.26633, 13.84113 ], [ 75.2641, 13.8407 ], [ 75.25871, 13.83733 ], [ 75.25986, 13.8338 ] ], [ [ 75.31203, 13.82355 ], [ 75.31464, 13.82305 ], [ 75.31335, 13.82543 ], [ 75.31203, 13.82355 ] ], [ [ 75.34253, 13.90195 ], [ 75.34519, 13.90497 ], [ 75.34297, 13.90586 ], [ 75.34253, 13.90195 ] ], [ [ 75.30618, 13.85733 ], [ 75.30833, 13.85889 ], [ 75.30577, 13.86124 ], [ 75.30618, 13.85733 ] ], [ [ 75.30099, 13.83535 ], [ 75.30348, 13.83906 ], [ 75.301, 13.83902 ], [ 75.30099, 13.83535 ] ], [ [ 75.3894, 13.81777 ], [ 75.38755, 13.82152 ], [ 75.38616, 13.81938 ], [ 75.3894, 13.81777 ] ], [ [ 75.27849, 13.8597 ], [ 75.27625, 13.86196 ], [ 75.27592, 13.85804 ], [ 75.27849, 13.8597 ] ], [ [ 75.35181, 13.9035 ], [ 75.35215, 13.90588 ], [ 75.34764, 13.90494 ], [ 75.35181, 13.9035 ] ], [ [ 75.36516, 13.86532 ], [ 75.36671, 13.86706 ], [ 75.36598, 13.8696 ], [ 75.3644, 13.86773 ], [ 75.36516, 13.86532 ] ], [ [ 75.24248, 13.87543 ], [ 75.2398, 13.87636 ], [ 75.23977, 13.8724 ], [ 75.24248, 13.87543 ] ], [ [ 75.28764, 13.96321 ], [ 75.2887, 13.96712 ], [ 75.28566, 13.96615 ], [ 75.28764, 13.96321 ] ], [ [ 75.30425, 13.92363 ], [ 75.30505, 13.92547 ], [ 75.30405, 13.92743 ], [ 75.30173, 13.92469 ], [ 75.30425, 13.92363 ] ], [ [ 75.28864, 13.85384 ], [ 75.28922, 13.85645 ], [ 75.28657, 13.85586 ], [ 75.28583, 13.8535 ], [ 75.28864, 13.85384 ] ], [ [ 75.39471, 13.89465 ], [ 75.39736, 13.89501 ], [ 75.397, 13.89712 ], [ 75.39491, 13.89869 ], [ 75.39471, 13.89465 ] ], [ [ 75.40599, 13.85285 ], [ 75.40738, 13.85588 ], [ 75.40504, 13.85656 ], [ 75.40324, 13.8554 ], [ 75.40599, 13.85285 ] ], [ [ 75.28771, 13.83353 ], [ 75.28488, 13.83497 ], [ 75.28341, 13.83009 ], [ 75.28771, 13.83353 ] ], [ [ 75.29548, 13.84891 ], [ 75.29445, 13.85137 ], [ 75.29055, 13.85025 ], [ 75.29548, 13.84891 ] ], [ [ 75.29297, 13.84733 ], [ 75.29605, 13.84662 ], [ 75.29548, 13.84891 ], [ 75.29297, 13.84733 ] ], [ [ 75.39858, 13.88314 ], [ 75.40102, 13.88698 ], [ 75.39711, 13.88723 ], [ 75.39858, 13.88314 ] ], [ [ 75.38216, 13.8177 ], [ 75.38415, 13.81884 ], [ 75.37993, 13.82139 ], [ 75.37968, 13.81803 ], [ 75.38216, 13.8177 ] ], [ [ 75.395, 13.91708 ], [ 75.39613, 13.91886 ], [ 75.39272, 13.92151 ], [ 75.39224, 13.91796 ], [ 75.395, 13.91708 ] ], [ [ 75.39616, 13.85326 ], [ 75.39523, 13.85142 ], [ 75.39778, 13.85038 ], [ 75.40065, 13.85134 ], [ 75.39902, 13.85319 ], [ 75.39616, 13.85326 ] ], [ [ 75.25095, 13.90221 ], [ 75.25096, 13.90442 ], [ 75.24625, 13.90284 ], [ 75.24553, 13.90046 ], [ 75.25095, 13.90221 ] ], [ [ 75.2906, 13.94332 ], [ 75.29453, 13.94384 ], [ 75.29261, 13.947 ], [ 75.28992, 13.9473 ], [ 75.2906, 13.94332 ] ], [ [ 75.31184, 13.8635 ], [ 75.3136, 13.86534 ], [ 75.31416, 13.86757 ], [ 75.30997, 13.86807 ], [ 75.30937, 13.8651 ], [ 75.31184, 13.8635 ] ], [ [ 75.29376, 13.92804 ], [ 75.29713, 13.92772 ], [ 75.2971, 13.9312 ], [ 75.29462, 13.93044 ], [ 75.29184, 13.93126 ], [ 75.29162, 13.92919 ], [ 75.29376, 13.92804 ] ], [ [ 75.28523, 13.97355 ], [ 75.28448, 13.97683 ], [ 75.28228, 13.976 ], [ 75.28523, 13.97355 ] ], [ [ 75.28854, 13.96982 ], [ 75.28998, 13.97194 ], [ 75.28938, 13.97432 ], [ 75.28523, 13.97355 ], [ 75.28854, 13.96982 ] ], [ [ 75.28407, 13.84653 ], [ 75.28172, 13.8448 ], [ 75.2857, 13.8436 ], [ 75.287, 13.84151 ], [ 75.28941, 13.84315 ], [ 75.28656, 13.8463 ], [ 75.28407, 13.84653 ] ], [ [ 75.45824, 13.77814 ], [ 75.4603, 13.77785 ], [ 75.46124, 13.78211 ], [ 75.45842, 13.78535 ], [ 75.45761, 13.78233 ], [ 75.45824, 13.77814 ] ], [ [ 75.36559, 13.90935 ], [ 75.36583, 13.91174 ], [ 75.36283, 13.91727 ], [ 75.36262, 13.90846 ], [ 75.36559, 13.90935 ] ], [ [ 75.45008, 13.82238 ], [ 75.45352, 13.8227 ], [ 75.45416, 13.82508 ], [ 75.45351, 13.82735 ], [ 75.45033, 13.82917 ], [ 75.45131, 13.82524 ], [ 75.44927, 13.82494 ], [ 75.45008, 13.82238 ] ], [ [ 75.36349, 13.90218 ], [ 75.36272, 13.90617 ], [ 75.36041, 13.90389 ], [ 75.35814, 13.90295 ], [ 75.36121, 13.89788 ], [ 75.36349, 13.90218 ] ], [ [ 75.32992, 13.96902 ], [ 75.33437, 13.97229 ], [ 75.33668, 13.97592 ], [ 75.33144, 13.97598 ], [ 75.33163, 13.97389 ], [ 75.32957, 13.97129 ], [ 75.32992, 13.96902 ] ], [ [ 75.2757, 13.83144 ], [ 75.27545, 13.83438 ], [ 75.26555, 13.83125 ], [ 75.26437, 13.82748 ], [ 75.26867, 13.82851 ], [ 75.26859, 13.8318 ], [ 75.2757, 13.83144 ] ], [ [ 75.39736, 13.90838 ], [ 75.40289, 13.90398 ], [ 75.40437, 13.90561 ], [ 75.40121, 13.90929 ], [ 75.40054, 13.91137 ], [ 75.39767, 13.91119 ], [ 75.39736, 13.90838 ] ], [ [ 75.44918, 13.80867 ], [ 75.44918, 13.81154 ], [ 75.44711, 13.81157 ], [ 75.44659, 13.80806 ], [ 75.44918, 13.80867 ] ], [ [ 75.45389, 13.81161 ], [ 75.45205, 13.81584 ], [ 75.44918, 13.81154 ], [ 75.45389, 13.81161 ] ], [ [ 75.44313, 13.8044 ], [ 75.44564, 13.8034 ], [ 75.44724, 13.80475 ], [ 75.44659, 13.80806 ], [ 75.44313, 13.8044 ] ], [ [ 75.29308, 13.81944 ], [ 75.2878, 13.81609 ], [ 75.29311, 13.81311 ], [ 75.29308, 13.81944 ] ], [ [ 75.29539, 13.81983 ], [ 75.29826, 13.82275 ], [ 75.29418, 13.82296 ], [ 75.29308, 13.81944 ], [ 75.29539, 13.81983 ] ], [ [ 75.46264, 13.80086 ], [ 75.45763, 13.80066 ], [ 75.45197, 13.79642 ], [ 75.45314, 13.79451 ], [ 75.45528, 13.79444 ], [ 75.45635, 13.79671 ], [ 75.46264, 13.80086 ] ], [ [ 75.46452, 13.79313 ], [ 75.46703, 13.79578 ], [ 75.46636, 13.7977 ], [ 75.46264, 13.80086 ], [ 75.46452, 13.79313 ] ], [ [ 75.36092, 13.94745 ], [ 75.35695, 13.95148 ], [ 75.35629, 13.95374 ], [ 75.35288, 13.9564 ], [ 75.35136, 13.9544 ], [ 75.3516, 13.95213 ], [ 75.35402, 13.95181 ], [ 75.35747, 13.94717 ], [ 75.36092, 13.94745 ] ], [ [ 75.36073, 13.94096 ], [ 75.36311, 13.94341 ], [ 75.36092, 13.94745 ], [ 75.36073, 13.94096 ] ], [ [ 75.26022, 13.88317 ], [ 75.25611, 13.88327 ], [ 75.25428, 13.88436 ], [ 75.25194, 13.88053 ], [ 75.25451, 13.87997 ], [ 75.26022, 13.88317 ] ], [ [ 75.26344, 13.88181 ], [ 75.26521, 13.88467 ], [ 75.26541, 13.88708 ], [ 75.26308, 13.88875 ], [ 75.26022, 13.88317 ], [ 75.26344, 13.88181 ] ], [ [ 75.26124, 13.87788 ], [ 75.26373, 13.87819 ], [ 75.26474, 13.88002 ], [ 75.26344, 13.88181 ], [ 75.26124, 13.87788 ] ], [ [ 75.26768, 13.88682 ], [ 75.26849, 13.89069 ], [ 75.26588, 13.89024 ], [ 75.26541, 13.88708 ], [ 75.26768, 13.88682 ] ], [ [ 75.40534, 13.84882 ], [ 75.40215, 13.84508 ], [ 75.40282, 13.84318 ], [ 75.40246, 13.84111 ], [ 75.40516, 13.8413 ], [ 75.40682, 13.84274 ], [ 75.40668, 13.84566 ], [ 75.41186, 13.84579 ], [ 75.41351, 13.84778 ], [ 75.40981, 13.8498 ], [ 75.40512, 13.85095 ], [ 75.40534, 13.84882 ] ], [ [ 75.32654, 13.93686 ], [ 75.32366, 13.94105 ], [ 75.32255, 13.93741 ], [ 75.32654, 13.93686 ] ], [ [ 75.32863, 13.92952 ], [ 75.33069, 13.92912 ], [ 75.32932, 13.9241 ], [ 75.33162, 13.924 ], [ 75.33473, 13.92697 ], [ 75.33459, 13.92903 ], [ 75.33131, 13.93371 ], [ 75.33129, 13.93615 ], [ 75.32915, 13.93502 ], [ 75.32654, 13.93686 ], [ 75.32863, 13.92952 ] ], [ [ 75.36383, 13.91914 ], [ 75.36489, 13.92675 ], [ 75.36472, 13.93185 ], [ 75.36137, 13.93897 ], [ 75.35783, 13.93745 ], [ 75.36003, 13.93606 ], [ 75.36041, 13.93407 ], [ 75.35902, 13.93192 ], [ 75.36172, 13.93144 ], [ 75.36107, 13.92311 ], [ 75.36383, 13.91914 ] ], [ [ 75.33321, 13.88185 ], [ 75.33427, 13.87819 ], [ 75.34174, 13.87385 ], [ 75.33978, 13.8778 ], [ 75.33808, 13.87919 ], [ 75.33868, 13.88187 ], [ 75.33713, 13.88423 ], [ 75.33492, 13.88481 ], [ 75.33162, 13.88808 ], [ 75.32941, 13.88743 ], [ 75.32949, 13.88457 ], [ 75.33321, 13.88185 ] ], [ [ 75.4689, 13.82072 ], [ 75.46548, 13.82323 ], [ 75.46333, 13.82132 ], [ 75.46623, 13.81526 ], [ 75.46598, 13.81246 ], [ 75.46921, 13.81413 ], [ 75.47292, 13.81486 ], [ 75.47119, 13.81911 ], [ 75.4728, 13.82533 ], [ 75.47057, 13.82597 ], [ 75.4689, 13.82072 ] ], [ [ 75.44036, 13.82782 ], [ 75.43376, 13.82865 ], [ 75.43816, 13.81694 ], [ 75.44012, 13.81553 ], [ 75.44093, 13.81791 ], [ 75.44061, 13.82385 ], [ 75.44176, 13.8256 ], [ 75.44529, 13.82621 ], [ 75.44392, 13.82823 ], [ 75.44092, 13.83 ], [ 75.44036, 13.82782 ] ], [ [ 75.4352, 13.87672 ], [ 75.43675, 13.87954 ], [ 75.43569, 13.88182 ], [ 75.43308, 13.88196 ], [ 75.43127, 13.88023 ], [ 75.43216, 13.87731 ], [ 75.4352, 13.87672 ] ], [ [ 75.43699, 13.87296 ], [ 75.43463, 13.87206 ], [ 75.43281, 13.8676 ], [ 75.43423, 13.86363 ], [ 75.43813, 13.86718 ], [ 75.43884, 13.872 ], [ 75.44101, 13.87374 ], [ 75.44104, 13.87601 ], [ 75.4352, 13.87672 ], [ 75.43699, 13.87296 ] ], [ [ 75.2534, 13.87018 ], [ 75.25058, 13.87141 ], [ 75.25139, 13.8681 ], [ 75.2534, 13.87018 ] ], [ [ 75.25689, 13.86767 ], [ 75.25987, 13.86775 ], [ 75.25985, 13.86563 ], [ 75.25748, 13.86191 ], [ 75.25919, 13.86039 ], [ 75.26311, 13.86076 ], [ 75.26376, 13.86343 ], [ 75.26453, 13.86581 ], [ 75.26418, 13.86837 ], [ 75.26713, 13.87408 ], [ 75.26222, 13.87248 ], [ 75.26104, 13.86998 ], [ 75.2534, 13.87018 ], [ 75.25689, 13.86767 ] ], [ [ 75.27095, 13.86274 ], [ 75.26911, 13.865 ], [ 75.26376, 13.86343 ], [ 75.27095, 13.86274 ] ], [ [ 75.28149, 13.89377 ], [ 75.28448, 13.89488 ], [ 75.28054, 13.89802 ], [ 75.27853, 13.89865 ], [ 75.27582, 13.8981 ], [ 75.27191, 13.89541 ], [ 75.27444, 13.89362 ], [ 75.27589, 13.88682 ], [ 75.28133, 13.88877 ], [ 75.28506, 13.88922 ], [ 75.28114, 13.89137 ], [ 75.28149, 13.89377 ] ], [ [ 75.29477, 13.87234 ], [ 75.29603, 13.87715 ], [ 75.29478, 13.87951 ], [ 75.29156, 13.87308 ], [ 75.29477, 13.87234 ] ], [ [ 75.29419, 13.86771 ], [ 75.29005, 13.86803 ], [ 75.29395, 13.86127 ], [ 75.29641, 13.86194 ], [ 75.30027, 13.86665 ], [ 75.30251, 13.86799 ], [ 75.2973, 13.87222 ], [ 75.29477, 13.87234 ], [ 75.29419, 13.86771 ] ], [ [ 75.26545, 13.89995 ], [ 75.26685, 13.90284 ], [ 75.26869, 13.90395 ], [ 75.27475, 13.90215 ], [ 75.27409, 13.90465 ], [ 75.27058, 13.9067 ], [ 75.26785, 13.90996 ], [ 75.2664, 13.90772 ], [ 75.26428, 13.91168 ], [ 75.26192, 13.90838 ], [ 75.26393, 13.9027 ], [ 75.26344, 13.90061 ], [ 75.26099, 13.89764 ], [ 75.26144, 13.89528 ], [ 75.25874, 13.8933 ], [ 75.26472, 13.89265 ], [ 75.26545, 13.89995 ] ], [ [ 75.4334, 13.94171 ], [ 75.43237, 13.93681 ], [ 75.43079, 13.935 ], [ 75.43074, 13.93293 ], [ 75.43188, 13.9307 ], [ 75.43133, 13.92506 ], [ 75.43332, 13.92175 ], [ 75.43747, 13.9266 ], [ 75.43616, 13.92973 ], [ 75.43947, 13.93338 ], [ 75.43865, 13.93649 ], [ 75.43678, 13.93919 ], [ 75.43847, 13.94048 ], [ 75.44114, 13.9409 ], [ 75.44028, 13.94307 ], [ 75.43565, 13.94536 ], [ 75.43301, 13.94441 ], [ 75.4334, 13.94171 ] ], [ [ 75.4344, 13.78446 ], [ 75.43096, 13.78338 ], [ 75.43427, 13.78142 ], [ 75.4344, 13.78446 ] ], [ [ 75.44199, 13.78358 ], [ 75.44404, 13.77853 ], [ 75.44852, 13.77895 ], [ 75.44711, 13.77396 ], [ 75.45203, 13.77339 ], [ 75.45595, 13.77214 ], [ 75.45392, 13.77587 ], [ 75.45085, 13.78055 ], [ 75.44629, 13.78383 ], [ 75.44536, 13.78563 ], [ 75.44121, 13.78658 ], [ 75.4344, 13.78446 ], [ 75.44199, 13.78358 ] ], [ [ 75.44991, 13.77052 ], [ 75.45499, 13.76936 ], [ 75.45203, 13.77339 ], [ 75.44991, 13.77052 ] ], [ [ 75.45326, 13.7661 ], [ 75.45098, 13.76549 ], [ 75.44762, 13.7661 ], [ 75.44596, 13.76421 ], [ 75.44838, 13.76255 ], [ 75.45079, 13.76258 ], [ 75.45763, 13.76537 ], [ 75.45654, 13.76726 ], [ 75.45499, 13.76936 ], [ 75.45326, 13.7661 ] ], [ [ 75.29847, 13.90845 ], [ 75.29739, 13.91267 ], [ 75.29502, 13.91193 ], [ 75.29847, 13.90845 ] ], [ [ 75.29457, 13.90868 ], [ 75.29447, 13.90164 ], [ 75.29728, 13.89942 ], [ 75.29774, 13.90224 ], [ 75.3011, 13.90118 ], [ 75.3027, 13.89956 ], [ 75.30496, 13.89497 ], [ 75.307, 13.8945 ], [ 75.30677, 13.8978 ], [ 75.30804, 13.9 ], [ 75.30876, 13.90537 ], [ 75.30389, 13.90549 ], [ 75.30241, 13.90703 ], [ 75.3046, 13.90837 ], [ 75.30717, 13.91153 ], [ 75.30414, 13.91289 ], [ 75.30196, 13.91262 ], [ 75.29847, 13.90845 ], [ 75.29457, 13.90868 ] ], [ [ 75.35565, 13.85246 ], [ 75.35522, 13.85489 ], [ 75.35716, 13.85781 ], [ 75.35401, 13.85894 ], [ 75.35149, 13.87049 ], [ 75.34606, 13.86941 ], [ 75.34837, 13.86191 ], [ 75.34678, 13.85797 ], [ 75.35178, 13.85614 ], [ 75.35192, 13.85385 ], [ 75.35565, 13.85246 ] ], [ [ 75.35512, 13.84647 ], [ 75.35709, 13.84415 ], [ 75.359, 13.84647 ], [ 75.36111, 13.84502 ], [ 75.3635, 13.84637 ], [ 75.36127, 13.8477 ], [ 75.3619, 13.85069 ], [ 75.3605, 13.853 ], [ 75.35804, 13.85162 ], [ 75.35565, 13.85246 ], [ 75.35512, 13.84647 ] ], [ [ 75.34557, 13.91928 ], [ 75.34009, 13.91935 ], [ 75.34211, 13.9171 ], [ 75.34557, 13.91928 ] ], [ [ 75.34843, 13.91662 ], [ 75.34698, 13.91096 ], [ 75.34934, 13.91253 ], [ 75.35027, 13.90779 ], [ 75.35463, 13.90968 ], [ 75.35301, 13.91223 ], [ 75.35291, 13.91524 ], [ 75.35201, 13.91711 ], [ 75.35127, 13.92956 ], [ 75.35184, 13.93274 ], [ 75.35012, 13.93466 ], [ 75.34891, 13.93149 ], [ 75.34939, 13.92682 ], [ 75.34729, 13.92106 ], [ 75.34504, 13.92156 ], [ 75.34557, 13.91928 ], [ 75.34843, 13.91662 ] ], [ [ 75.3511, 13.93981 ], [ 75.35313, 13.94078 ], [ 75.35219, 13.94282 ], [ 75.35242, 13.94487 ], [ 75.35017, 13.9482 ], [ 75.34781, 13.94724 ], [ 75.34853, 13.94386 ], [ 75.3465, 13.93878 ], [ 75.34848, 13.93795 ], [ 75.34769, 13.93584 ], [ 75.35012, 13.93466 ], [ 75.3511, 13.93981 ] ], [ [ 75.29736, 13.97647 ], [ 75.30022, 13.97827 ], [ 75.29633, 13.97888 ], [ 75.29736, 13.97647 ] ], [ [ 75.29263, 13.97242 ], [ 75.29144, 13.96998 ], [ 75.29217, 13.96733 ], [ 75.29424, 13.96677 ], [ 75.29864, 13.9599 ], [ 75.30104, 13.959 ], [ 75.30496, 13.9606 ], [ 75.308, 13.95698 ], [ 75.31528, 13.95391 ], [ 75.31092, 13.96158 ], [ 75.30691, 13.96468 ], [ 75.30663, 13.96713 ], [ 75.30401, 13.96528 ], [ 75.30127, 13.96836 ], [ 75.29868, 13.96789 ], [ 75.29664, 13.97249 ], [ 75.29932, 13.97328 ], [ 75.29736, 13.97647 ], [ 75.29263, 13.97242 ] ], [ [ 75.49426, 13.93192 ], [ 75.49249, 13.93091 ], [ 75.49012, 13.93131 ], [ 75.48865, 13.93325 ], [ 75.48636, 13.93431 ], [ 75.48678, 13.93165 ], [ 75.48856, 13.9296 ], [ 75.4899, 13.92514 ], [ 75.48421, 13.92176 ], [ 75.48468, 13.91934 ], [ 75.48666, 13.91981 ], [ 75.49133, 13.91925 ], [ 75.50085, 13.92238 ], [ 75.50044, 13.93275 ], [ 75.49744, 13.93651 ], [ 75.49426, 13.93192 ] ], [ [ 75.43804, 13.76152 ], [ 75.44035, 13.76351 ], [ 75.44378, 13.76467 ], [ 75.44025, 13.76833 ], [ 75.43623, 13.76544 ], [ 75.43804, 13.76152 ] ], [ [ 75.4337, 13.76116 ], [ 75.43789, 13.75596 ], [ 75.44063, 13.75507 ], [ 75.43804, 13.76152 ], [ 75.4337, 13.76116 ] ], [ [ 75.43877, 13.75312 ], [ 75.43653, 13.74858 ], [ 75.43406, 13.74068 ], [ 75.4364, 13.74024 ], [ 75.43835, 13.74162 ], [ 75.44075, 13.74189 ], [ 75.44433, 13.74429 ], [ 75.44556, 13.74608 ], [ 75.44518, 13.74861 ], [ 75.44635, 13.75185 ], [ 75.44063, 13.75507 ], [ 75.43877, 13.75312 ] ], [ [ 75.44959, 13.7436 ], [ 75.4519, 13.74329 ], [ 75.4524, 13.74789 ], [ 75.44972, 13.74864 ], [ 75.44556, 13.74608 ], [ 75.44959, 13.7436 ] ], [ [ 75.36466, 13.97985 ], [ 75.36223, 13.98729 ], [ 75.36311, 13.9927 ], [ 75.35981, 13.99169 ], [ 75.3597, 13.9882 ], [ 75.36126, 13.98259 ], [ 75.36466, 13.97985 ] ], [ [ 75.36166, 13.97825 ], [ 75.35952, 13.9793 ], [ 75.35332, 13.97 ], [ 75.3532, 13.96745 ], [ 75.34749, 13.96188 ], [ 75.33759, 13.96323 ], [ 75.33704, 13.95854 ], [ 75.33851, 13.95713 ], [ 75.3427, 13.95682 ], [ 75.34375, 13.95874 ], [ 75.3485, 13.95929 ], [ 75.35094, 13.95823 ], [ 75.35104, 13.96234 ], [ 75.35453, 13.96555 ], [ 75.36312, 13.97046 ], [ 75.36398, 13.97275 ], [ 75.36209, 13.97442 ], [ 75.36269, 13.97646 ], [ 75.36646, 13.97671 ], [ 75.36466, 13.97985 ], [ 75.36166, 13.97825 ] ], [ [ 75.2655, 13.91805 ], [ 75.26134, 13.91941 ], [ 75.261, 13.91697 ], [ 75.2655, 13.91805 ] ], [ [ 75.2649, 13.91378 ], [ 75.26963, 13.91416 ], [ 75.27146, 13.91855 ], [ 75.27634, 13.92259 ], [ 75.28039, 13.92114 ], [ 75.27773, 13.91875 ], [ 75.2794, 13.91627 ], [ 75.28397, 13.91568 ], [ 75.287, 13.91715 ], [ 75.28547, 13.92157 ], [ 75.28359, 13.92244 ], [ 75.2842, 13.92481 ], [ 75.27991, 13.92583 ], [ 75.27532, 13.93041 ], [ 75.27516, 13.93545 ], [ 75.2718, 13.93354 ], [ 75.2716, 13.93103 ], [ 75.27328, 13.92927 ], [ 75.27267, 13.92719 ], [ 75.27059, 13.92613 ], [ 75.27073, 13.92372 ], [ 75.26563, 13.92293 ], [ 75.2655, 13.91805 ], [ 75.2649, 13.91378 ] ], [ [ 75.29081, 13.95131 ], [ 75.28928, 13.95329 ], [ 75.29159, 13.95364 ], [ 75.29213, 13.9563 ], [ 75.29516, 13.95771 ], [ 75.29251, 13.96066 ], [ 75.28983, 13.9581 ], [ 75.28766, 13.95715 ], [ 75.28125, 13.95972 ], [ 75.27845, 13.95797 ], [ 75.28395, 13.95652 ], [ 75.28383, 13.95394 ], [ 75.28278, 13.9518 ], [ 75.28584, 13.94696 ], [ 75.29081, 13.95131 ] ], [ [ 75.29445, 13.96191 ], [ 75.29381, 13.96388 ], [ 75.29124, 13.96338 ], [ 75.29251, 13.96066 ], [ 75.29445, 13.96191 ] ], [ [ 75.28076, 13.94651 ], [ 75.28072, 13.95048 ], [ 75.27663, 13.95139 ], [ 75.27754, 13.94609 ], [ 75.2794, 13.94467 ], [ 75.28041, 13.94139 ], [ 75.28004, 13.93865 ], [ 75.27861, 13.93625 ], [ 75.28066, 13.93375 ], [ 75.28271, 13.93664 ], [ 75.28825, 13.935 ], [ 75.29031, 13.93591 ], [ 75.28311, 13.94132 ], [ 75.28663, 13.94124 ], [ 75.28813, 13.94345 ], [ 75.28584, 13.94696 ], [ 75.28076, 13.94651 ] ] ] } },
{ "type": "Feature", "properties": { "newname": "Shettihalli" }, "geometry": { "type": "Polygon", "coordinates": [ [ [ 75.2548, 13.82672 ], [ 75.25678, 13.82549 ], [ 75.25755, 13.8232 ], [ 75.25485, 13.81986 ], [ 75.25619, 13.81798 ], [ 75.25932, 13.82102 ], [ 75.26121, 13.81869 ], [ 75.25643, 13.81341 ], [ 75.25764, 13.81069 ], [ 75.25913, 13.81316 ], [ 75.26103, 13.81443 ], [ 75.26324, 13.81433 ], [ 75.26537, 13.81028 ], [ 75.27102, 13.81078 ], [ 75.27114, 13.80831 ], [ 75.26892, 13.8071 ], [ 75.26572, 13.80818 ], [ 75.25018, 13.80545 ], [ 75.24768, 13.80939 ], [ 75.23722, 13.81969 ], [ 75.23283, 13.82591 ], [ 75.22736, 13.83012 ], [ 75.22508, 13.83318 ], [ 75.22597, 13.83509 ], [ 75.23265, 13.83972 ], [ 75.23505, 13.84279 ], [ 75.2356, 13.84499 ], [ 75.2438, 13.84138 ], [ 75.24732, 13.84322 ], [ 75.24933, 13.83785 ], [ 75.24392, 13.83451 ], [ 75.24177, 13.83496 ], [ 75.23778, 13.83366 ], [ 75.23532, 13.83388 ], [ 75.23504, 13.83131 ], [ 75.23702, 13.8303 ], [ 75.2425, 13.82959 ], [ 75.24661, 13.83362 ], [ 75.25052, 13.83607 ], [ 75.25206, 13.83316 ], [ 75.25173, 13.82804 ], [ 75.2548, 13.82672 ] ], [ [ 75.25173, 13.82804 ], [ 75.24357, 13.82482 ], [ 75.24411, 13.82117 ], [ 75.25173, 13.82804 ] ], [ [ 75.24253, 13.81758 ], [ 75.24596, 13.81944 ], [ 75.24411, 13.82117 ], [ 75.24253, 13.81758 ] ] ] } },
{ "type": "Feature", "properties": { "newname": "Shettihalli" }, "geometry": { "type": "Polygon", "coordinates": [ [ [ 75.45032, 13.98802 ], [ 75.44776, 13.98948 ], [ 75.44653, 13.99386 ], [ 75.44772, 13.99593 ], [ 75.45178, 13.99816 ], [ 75.45592, 13.99336 ], [ 75.45616, 13.99029 ], [ 75.45222, 13.9896 ], [ 75.45032, 13.98802 ] ] ] } },
{ "type": "Feature", "properties": { "newname": "Shettihalli" }, "geometry": { "type": "Polygon", "coordinates": [ [ [ 75.53525, 13.77764 ], [ 75.54346, 13.77692 ], [ 75.54778, 13.77555 ], [ 75.55779, 13.76985 ], [ 75.56082, 13.76655 ], [ 75.56145, 13.76429 ], [ 75.55257, 13.76369 ], [ 75.54116, 13.76542 ], [ 75.52869, 13.7608 ], [ 75.52779, 13.76252 ], [ 75.52721, 13.76191 ], [ 75.52657, 13.7639 ], [ 75.52339, 13.75926 ], [ 75.52193, 13.75352 ], [ 75.48983, 13.77759 ], [ 75.47597, 13.78434 ], [ 75.47665, 13.78668 ], [ 75.48021, 13.789 ], [ 75.48714, 13.79127 ], [ 75.49121, 13.79668 ], [ 75.49174, 13.79876 ], [ 75.49359, 13.79989 ], [ 75.49766, 13.7977 ], [ 75.50156, 13.80059 ], [ 75.50189, 13.80217 ], [ 75.53525, 13.77764 ] ] ] } },
{ "type": "Feature", "properties": { "newname": "Shettihalli" }, "geometry": { "type": "Polygon", "coordinates": [ [ [ 75.43339, 13.73176 ], [ 75.43538, 13.7326 ], [ 75.44847, 13.72921 ], [ 75.43113, 13.72618 ], [ 75.42801, 13.72754 ], [ 75.42889, 13.72346 ], [ 75.43134, 13.71798 ], [ 75.4377, 13.71996 ], [ 75.44402, 13.7234 ], [ 75.45161, 13.72354 ], [ 75.45984, 13.65693 ], [ 75.45456, 13.59395 ], [ 75.44891, 13.56894 ], [ 75.43155, 13.5139 ], [ 75.43799, 13.48859 ], [ 75.4722, 13.48029 ], [ 75.47353, 13.47566 ], [ 75.47084, 13.47427 ], [ 75.46782, 13.47087 ], [ 75.45071, 13.46424 ], [ 75.45175, 13.45706 ], [ 75.42179, 13.46463 ], [ 75.41589, 13.46865 ], [ 75.41302, 13.47414 ], [ 75.40324, 13.51366 ], [ 75.40376, 13.51806 ], [ 75.42208, 13.57618 ], [ 75.42715, 13.59876 ], [ 75.42913, 13.62941 ], [ 75.43193, 13.65612 ], [ 75.42394, 13.72043 ], [ 75.42065, 13.73442 ], [ 75.42072, 13.73797 ], [ 75.42198, 13.74189 ], [ 75.42284, 13.73239 ], [ 75.43339, 13.73176 ] ] ] } },
{ "type": "Feature", "properties": { "newname": "Kudremukh" }, "geometry": { "type": "Polygon", "coordinates": [ [ [ 75.46489, 13.4095 ], [ 75.467, 13.40794 ], [ 75.46492, 13.39434 ], [ 75.458, 13.3948 ], [ 75.43978, 13.39106 ], [ 75.41672, 13.38192 ], [ 75.4122, 13.38185 ], [ 75.40081, 13.38408 ], [ 75.39561, 13.38064 ], [ 75.3774, 13.35656 ], [ 75.37135, 13.35276 ], [ 75.36596, 13.35216 ], [ 75.36158, 13.35325 ], [ 75.35778, 13.35566 ], [ 75.3549, 13.35926 ], [ 75.34129, 13.34573 ], [ 75.31421, 13.31471 ], [ 75.31025, 13.32189 ], [ 75.28801, 13.32213 ], [ 75.28463, 13.32933 ], [ 75.29077, 13.32988 ], [ 75.32074, 13.36404 ], [ 75.34649, 13.38862 ], [ 75.35347, 13.39032 ], [ 75.36652, 13.38783 ], [ 75.37688, 13.40097 ], [ 75.39034, 13.40998 ], [ 75.39538, 13.41192 ], [ 75.39991, 13.41198 ], [ 75.41281, 13.40946 ], [ 75.4314, 13.41706 ], [ 75.45457, 13.42188 ], [ 75.4769, 13.42082 ], [ 75.46489, 13.4095 ] ] ] } },
{ "type": "Feature", "properties": { "newname": "Kudremukh" }, "geometry": { "type": "Polygon", "coordinates": [ [ [ 75.1802, 13.45896 ], [ 75.18851, 13.46271 ], [ 75.18716, 13.45162 ], [ 75.17692, 13.45411 ], [ 75.16893, 13.44971 ], [ 75.16726, 13.44846 ], [ 75.17025, 13.44507 ], [ 75.16801, 13.44246 ], [ 75.16531, 13.44234 ], [ 75.16386, 13.43727 ], [ 75.16559, 13.43197 ], [ 75.16953, 13.42856 ], [ 75.17142, 13.42354 ], [ 75.17203, 13.40775 ], [ 75.1711, 13.40143 ], [ 75.17337, 13.38449 ], [ 75.17131, 13.38256 ], [ 75.17142, 13.38 ], [ 75.17315, 13.37749 ], [ 75.175, 13.37605 ], [ 75.18208, 13.37712 ], [ 75.18442, 13.37626 ], [ 75.19055, 13.37622 ], [ 75.19577, 13.36185 ], [ 75.20473, 13.34854 ], [ 75.21692, 13.35013 ], [ 75.22162, 13.35188 ], [ 75.20799, 13.36042 ], [ 75.20897, 13.36246 ], [ 75.21156, 13.36161 ], [ 75.21484, 13.36388 ], [ 75.21706, 13.36327 ], [ 75.21672, 13.36096 ], [ 75.22052, 13.36143 ], [ 75.23023, 13.35363 ], [ 75.23479, 13.34268 ], [ 75.2403, 13.34024 ], [ 75.2506, 13.33801 ], [ 75.25619, 13.32487 ], [ 75.26311, 13.32911 ], [ 75.26602, 13.33811 ], [ 75.27751, 13.35256 ], [ 75.2881, 13.34447 ], [ 75.28226, 13.33435 ], [ 75.28801, 13.32213 ], [ 75.31025, 13.32189 ], [ 75.31435, 13.31449 ], [ 75.3195, 13.31733 ], [ 75.32159, 13.31521 ], [ 75.32484, 13.30576 ], [ 75.33025, 13.29932 ], [ 75.34992, 13.29582 ], [ 75.34811, 13.29255 ], [ 75.34585, 13.29165 ], [ 75.34134, 13.29416 ], [ 75.33498, 13.28741 ], [ 75.33244, 13.2871 ], [ 75.32735, 13.28952 ], [ 75.32262, 13.29297 ], [ 75.31973, 13.29413 ], [ 75.31771, 13.29397 ], [ 75.31462, 13.28913 ], [ 75.31058, 13.28612 ], [ 75.30478, 13.2847 ], [ 75.29613, 13.28584 ], [ 75.29365, 13.28749 ], [ 75.28589, 13.29679 ], [ 75.27757, 13.29116 ], [ 75.27853, 13.2872 ], [ 75.28585, 13.27077 ], [ 75.29515, 13.26862 ], [ 75.29813, 13.25778 ], [ 75.2996, 13.25584 ], [ 75.30479, 13.25173 ], [ 75.31416, 13.25303 ], [ 75.31441, 13.2484 ], [ 75.31306, 13.24622 ], [ 75.3042, 13.23736 ], [ 75.30177, 13.23826 ], [ 75.30053, 13.24336 ], [ 75.29804, 13.24335 ], [ 75.29343, 13.23999 ], [ 75.29181, 13.24127 ], [ 75.29052, 13.24326 ], [ 75.28935, 13.24883 ], [ 75.29011, 13.2558 ], [ 75.27743, 13.25974 ], [ 75.27447, 13.25725 ], [ 75.28157, 13.23966 ], [ 75.28677, 13.2371 ], [ 75.29571, 13.22324 ], [ 75.30274, 13.21656 ], [ 75.30405, 13.21052 ], [ 75.30698, 13.2056 ], [ 75.31398, 13.19884 ], [ 75.31179, 13.19756 ], [ 75.30911, 13.19811 ], [ 75.30442, 13.20059 ], [ 75.30082, 13.19629 ], [ 75.30202, 13.19369 ], [ 75.30499, 13.19079 ], [ 75.30405, 13.18789 ], [ 75.29718, 13.18128 ], [ 75.29288, 13.18053 ], [ 75.28854, 13.1823 ], [ 75.28671, 13.18098 ], [ 75.28589, 13.17911 ], [ 75.28622, 13.17453 ], [ 75.29185, 13.17419 ], [ 75.29461, 13.17264 ], [ 75.29955, 13.16574 ], [ 75.3032, 13.16252 ], [ 75.30358, 13.15335 ], [ 75.3051, 13.15179 ], [ 75.3073, 13.15169 ], [ 75.32251, 13.15537 ], [ 75.3231, 13.15737 ], [ 75.32608, 13.16083 ], [ 75.32901, 13.16857 ], [ 75.33082, 13.16961 ], [ 75.33289, 13.16879 ], [ 75.33571, 13.17298 ], [ 75.34397, 13.18064 ], [ 75.34854, 13.17987 ], [ 75.35271, 13.18277 ], [ 75.35729, 13.18174 ], [ 75.35955, 13.18201 ], [ 75.36446, 13.17908 ], [ 75.36699, 13.17928 ], [ 75.36872, 13.18117 ], [ 75.37067, 13.18163 ], [ 75.37729, 13.18074 ], [ 75.38355, 13.17754 ], [ 75.39142, 13.1674 ], [ 75.40002, 13.16307 ], [ 75.40116, 13.16099 ], [ 75.40517, 13.15731 ], [ 75.41066, 13.14569 ], [ 75.40904, 13.13466 ], [ 75.41156, 13.1237 ], [ 75.41149, 13.11694 ], [ 75.40809, 13.11097 ], [ 75.41151, 13.1097 ], [ 75.41503, 13.10587 ], [ 75.42082, 13.1067 ], [ 75.42302, 13.10629 ], [ 75.41864, 13.09669 ], [ 75.41776, 13.09175 ], [ 75.41824, 13.08876 ], [ 75.4136, 13.0852 ], [ 75.40577, 13.08488 ], [ 75.40285, 13.08394 ], [ 75.39809, 13.08451 ], [ 75.39766, 13.08786 ], [ 75.39619, 13.08941 ], [ 75.39297, 13.09059 ], [ 75.39032, 13.09632 ], [ 75.38793, 13.0953 ], [ 75.38499, 13.09812 ], [ 75.38492, 13.10022 ], [ 75.38641, 13.1022 ], [ 75.38541, 13.10577 ], [ 75.38171, 13.10662 ], [ 75.38335, 13.1115 ], [ 75.38647, 13.11058 ], [ 75.38866, 13.1112 ], [ 75.38801, 13.11413 ], [ 75.39664, 13.11368 ], [ 75.39947, 13.11824 ], [ 75.39983, 13.12112 ], [ 75.39883, 13.12302 ], [ 75.39658, 13.12204 ], [ 75.39601, 13.11952 ], [ 75.39148, 13.12037 ], [ 75.38609, 13.12322 ], [ 75.38455, 13.11471 ], [ 75.378, 13.11464 ], [ 75.37774, 13.13101 ], [ 75.37841, 13.13306 ], [ 75.38053, 13.13323 ], [ 75.38269, 13.1313 ], [ 75.39103, 13.12909 ], [ 75.39198, 13.13091 ], [ 75.3911, 13.13413 ], [ 75.39241, 13.1367 ], [ 75.39075, 13.13977 ], [ 75.39091, 13.14221 ], [ 75.39216, 13.14384 ], [ 75.39035, 13.14618 ], [ 75.38676, 13.14797 ], [ 75.38437, 13.14656 ], [ 75.38214, 13.14649 ], [ 75.38161, 13.15139 ], [ 75.38354, 13.1521 ], [ 75.38746, 13.15651 ], [ 75.38058, 13.15797 ], [ 75.3765, 13.15476 ], [ 75.37352, 13.15464 ], [ 75.37096, 13.16184 ], [ 75.36487, 13.16484 ], [ 75.36485, 13.16089 ], [ 75.36579, 13.15911 ], [ 75.36399, 13.15704 ], [ 75.36556, 13.15443 ], [ 75.36573, 13.14289 ], [ 75.36494, 13.14005 ], [ 75.36539, 13.13776 ], [ 75.3673, 13.13532 ], [ 75.36334, 13.13162 ], [ 75.36024, 13.12063 ], [ 75.35368, 13.11805 ], [ 75.35414, 13.11406 ], [ 75.35194, 13.11535 ], [ 75.35084, 13.11302 ], [ 75.35203, 13.10968 ], [ 75.34614, 13.10617 ], [ 75.34492, 13.10387 ], [ 75.34768, 13.09876 ], [ 75.34978, 13.09649 ], [ 75.35107, 13.08762 ], [ 75.351, 13.0856 ], [ 75.34811, 13.08555 ], [ 75.34595, 13.08449 ], [ 75.34825, 13.07823 ], [ 75.34679, 13.07437 ], [ 75.3439, 13.07188 ], [ 75.33607, 13.07186 ], [ 75.32668, 13.07041 ], [ 75.32027, 13.07473 ], [ 75.31372, 13.07437 ], [ 75.30779, 13.07221 ], [ 75.30409, 13.07783 ], [ 75.30209, 13.07734 ], [ 75.30275, 13.06987 ], [ 75.29892, 13.06536 ], [ 75.29749, 13.0595 ], [ 75.30229, 13.05746 ], [ 75.30369, 13.05503 ], [ 75.29672, 13.05003 ], [ 75.29973, 13.03938 ], [ 75.29902, 13.03704 ], [ 75.30047, 13.02869 ], [ 75.29987, 13.02591 ], [ 75.29895, 13.02382 ], [ 75.29703, 13.02207 ], [ 75.29204, 13.02183 ], [ 75.2885, 13.02744 ], [ 75.29332, 13.03257 ], [ 75.2939, 13.03604 ], [ 75.28983, 13.03528 ], [ 75.28379, 13.03622 ], [ 75.28441, 13.02598 ], [ 75.28311, 13.0192 ], [ 75.28147, 13.01768 ], [ 75.27782, 13.02027 ], [ 75.27547, 13.02322 ], [ 75.2724, 13.02333 ], [ 75.27206, 13.02716 ], [ 75.27525, 13.02947 ], [ 75.27557, 13.03168 ], [ 75.28082, 13.03053 ], [ 75.28086, 13.03257 ], [ 75.27519, 13.03634 ], [ 75.27463, 13.0395 ], [ 75.27488, 13.04156 ], [ 75.27695, 13.04173 ], [ 75.27792, 13.04625 ], [ 75.28191, 13.04921 ], [ 75.28163, 13.05348 ], [ 75.27973, 13.05942 ], [ 75.27776, 13.06014 ], [ 75.27622, 13.05814 ], [ 75.27402, 13.05127 ], [ 75.27261, 13.04908 ], [ 75.27071, 13.0503 ], [ 75.27047, 13.0529 ], [ 75.27474, 13.0637 ], [ 75.27271, 13.06426 ], [ 75.27083, 13.06322 ], [ 75.27004, 13.06084 ], [ 75.26706, 13.05722 ], [ 75.26501, 13.06145 ], [ 75.26085, 13.06111 ], [ 75.25986, 13.0633 ], [ 75.25836, 13.06167 ], [ 75.25873, 13.05908 ], [ 75.26112, 13.05874 ], [ 75.26239, 13.05718 ], [ 75.26077, 13.05105 ], [ 75.2543, 13.05219 ], [ 75.25577, 13.05616 ], [ 75.25626, 13.06049 ], [ 75.25426, 13.06181 ], [ 75.24947, 13.05809 ], [ 75.24415, 13.07097 ], [ 75.23878, 13.07139 ], [ 75.23773, 13.0694 ], [ 75.23608, 13.07097 ], [ 75.23478, 13.07261 ], [ 75.23589, 13.07723 ], [ 75.23561, 13.08185 ], [ 75.23363, 13.0826 ], [ 75.23232, 13.08079 ], [ 75.23032, 13.0805 ], [ 75.23018, 13.07594 ], [ 75.22809, 13.07539 ], [ 75.22545, 13.07946 ], [ 75.22354, 13.08031 ], [ 75.21912, 13.07962 ], [ 75.21757, 13.08091 ], [ 75.21695, 13.08284 ], [ 75.21494, 13.08435 ], [ 75.21378, 13.08267 ], [ 75.21367, 13.07321 ], [ 75.21128, 13.07279 ], [ 75.20922, 13.0733 ], [ 75.20648, 13.07732 ], [ 75.20795, 13.08176 ], [ 75.20697, 13.08352 ], [ 75.205, 13.08396 ], [ 75.20556, 13.08848 ], [ 75.20461, 13.09044 ], [ 75.20252, 13.08983 ], [ 75.20145, 13.08786 ], [ 75.19953, 13.08703 ], [ 75.1973, 13.08791 ], [ 75.19068, 13.08826 ], [ 75.1897, 13.09002 ], [ 75.19463, 13.09777 ], [ 75.19091, 13.10019 ], [ 75.18924, 13.09866 ], [ 75.1873, 13.09987 ], [ 75.18053, 13.11222 ], [ 75.17361, 13.11504 ], [ 75.17148, 13.11449 ], [ 75.16946, 13.11631 ], [ 75.16798, 13.12387 ], [ 75.16412, 13.12657 ], [ 75.16318, 13.12849 ], [ 75.16322, 13.13083 ], [ 75.16592, 13.1361 ], [ 75.17057, 13.13489 ], [ 75.1713, 13.13704 ], [ 75.16879, 13.14367 ], [ 75.16779, 13.14882 ], [ 75.1705, 13.14941 ], [ 75.16982, 13.15643 ], [ 75.16367, 13.15478 ], [ 75.16008, 13.1609 ], [ 75.15769, 13.16057 ], [ 75.15437, 13.15876 ], [ 75.14956, 13.16591 ], [ 75.15193, 13.16944 ], [ 75.15186, 13.17146 ], [ 75.1506, 13.17325 ], [ 75.14507, 13.172 ], [ 75.14393, 13.17405 ], [ 75.14174, 13.17404 ], [ 75.1402, 13.17185 ], [ 75.13896, 13.16675 ], [ 75.13463, 13.16784 ], [ 75.13456, 13.16995 ], [ 75.13303, 13.17302 ], [ 75.13082, 13.17414 ], [ 75.12785, 13.17422 ], [ 75.12862, 13.17172 ], [ 75.12357, 13.16946 ], [ 75.11877, 13.16926 ], [ 75.11981, 13.16595 ], [ 75.11765, 13.16506 ], [ 75.11195, 13.16507 ], [ 75.10974, 13.16584 ], [ 75.10809, 13.16914 ], [ 75.1081, 13.17145 ], [ 75.11217, 13.17523 ], [ 75.11526, 13.17467 ], [ 75.11662, 13.17902 ], [ 75.11494, 13.18097 ], [ 75.11714, 13.18231 ], [ 75.11949, 13.18247 ], [ 75.12484, 13.17584 ], [ 75.12675, 13.17991 ], [ 75.12872, 13.18068 ], [ 75.1285, 13.18358 ], [ 75.12988, 13.18831 ], [ 75.13238, 13.19187 ], [ 75.1322, 13.1948 ], [ 75.12991, 13.19565 ], [ 75.12889, 13.19783 ], [ 75.12904, 13.2002 ], [ 75.12787, 13.20197 ], [ 75.12315, 13.20283 ], [ 75.12549, 13.20727 ], [ 75.12557, 13.21037 ], [ 75.12372, 13.21468 ], [ 75.12414, 13.21821 ], [ 75.12882, 13.21892 ], [ 75.13436, 13.22136 ], [ 75.13872, 13.22157 ], [ 75.14207, 13.22297 ], [ 75.14037, 13.2267 ], [ 75.13783, 13.22675 ], [ 75.13609, 13.22544 ], [ 75.13417, 13.22654 ], [ 75.13471, 13.22863 ], [ 75.13374, 13.23043 ], [ 75.13531, 13.2317 ], [ 75.13383, 13.23571 ], [ 75.13358, 13.24223 ], [ 75.13193, 13.24352 ], [ 75.12862, 13.2405 ], [ 75.12429, 13.23969 ], [ 75.11763, 13.24117 ], [ 75.11597, 13.24243 ], [ 75.116, 13.24467 ], [ 75.12051, 13.24663 ], [ 75.11907, 13.24848 ], [ 75.11704, 13.24816 ], [ 75.11484, 13.24926 ], [ 75.10838, 13.24787 ], [ 75.09966, 13.24824 ], [ 75.09656, 13.24955 ], [ 75.09398, 13.24894 ], [ 75.09219, 13.25004 ], [ 75.09013, 13.25474 ], [ 75.09296, 13.25833 ], [ 75.0927, 13.26395 ], [ 75.08628, 13.2681 ], [ 75.08533, 13.27015 ], [ 75.08619, 13.27449 ], [ 75.08369, 13.28302 ], [ 75.08108, 13.28696 ], [ 75.08398, 13.29469 ], [ 75.0841, 13.2969 ], [ 75.08244, 13.29892 ], [ 75.08027, 13.29929 ], [ 75.07808, 13.29858 ], [ 75.07704, 13.29345 ], [ 75.07572, 13.2919 ], [ 75.06953, 13.29833 ], [ 75.06982, 13.30819 ], [ 75.06762, 13.30935 ], [ 75.06361, 13.30853 ], [ 75.061, 13.31075 ], [ 75.05583, 13.3196 ], [ 75.05627, 13.32396 ], [ 75.05508, 13.32851 ], [ 75.05737, 13.329 ], [ 75.05856, 13.33078 ], [ 75.05845, 13.33283 ], [ 75.04882, 13.33266 ], [ 75.04646, 13.33195 ], [ 75.04581, 13.33384 ], [ 75.04594, 13.33941 ], [ 75.04388, 13.34392 ], [ 75.03913, 13.34311 ], [ 75.03504, 13.34024 ], [ 75.03214, 13.33991 ], [ 75.01911, 13.34107 ], [ 75.01707, 13.34191 ], [ 75.01703, 13.34394 ], [ 75.01804, 13.34599 ], [ 75.01627, 13.34716 ], [ 75.01907, 13.35296 ], [ 75.02348, 13.35216 ], [ 75.02754, 13.35326 ], [ 75.02756, 13.35541 ], [ 75.02868, 13.35747 ], [ 75.03457, 13.36171 ], [ 75.03367, 13.36626 ], [ 75.03172, 13.36745 ], [ 75.02708, 13.36724 ], [ 75.02496, 13.36868 ], [ 75.02515, 13.37299 ], [ 75.02271, 13.37386 ], [ 75.02247, 13.3761 ], [ 75.02463, 13.3771 ], [ 75.02935, 13.37668 ], [ 75.03089, 13.37801 ], [ 75.03428, 13.38578 ], [ 75.03419, 13.38803 ], [ 75.03236, 13.3926 ], [ 75.03264, 13.39498 ], [ 75.03044, 13.39569 ], [ 75.0232, 13.39588 ], [ 75.0263, 13.40197 ], [ 75.02856, 13.40283 ], [ 75.03072, 13.40197 ], [ 75.0364, 13.39744 ], [ 75.04317, 13.39928 ], [ 75.04713, 13.39835 ], [ 75.04953, 13.39446 ], [ 75.05314, 13.39149 ], [ 75.0553, 13.39258 ], [ 75.06202, 13.39308 ], [ 75.06408, 13.39433 ], [ 75.06606, 13.39374 ], [ 75.06918, 13.39736 ], [ 75.07149, 13.39787 ], [ 75.07356, 13.3965 ], [ 75.07275, 13.39118 ], [ 75.06878, 13.38775 ], [ 75.07018, 13.3848 ], [ 75.07751, 13.37636 ], [ 75.08598, 13.36928 ], [ 75.0873, 13.36536 ], [ 75.09085, 13.36002 ], [ 75.09782, 13.35638 ], [ 75.10028, 13.35623 ], [ 75.10215, 13.35824 ], [ 75.1046, 13.35873 ], [ 75.10812, 13.35827 ], [ 75.11042, 13.35716 ], [ 75.11165, 13.35557 ], [ 75.11435, 13.35542 ], [ 75.11607, 13.35655 ], [ 75.11711, 13.35911 ], [ 75.12135, 13.36146 ], [ 75.12434, 13.36434 ], [ 75.1279, 13.36467 ], [ 75.12879, 13.36758 ], [ 75.12839, 13.37023 ], [ 75.13023, 13.37674 ], [ 75.12799, 13.38387 ], [ 75.13274, 13.39014 ], [ 75.1393, 13.38592 ], [ 75.14154, 13.38659 ], [ 75.1432, 13.38836 ], [ 75.1441, 13.39089 ], [ 75.14616, 13.3916 ], [ 75.14748, 13.39418 ], [ 75.14295, 13.40092 ], [ 75.14144, 13.40483 ], [ 75.14393, 13.40709 ], [ 75.14657, 13.4163 ], [ 75.14925, 13.41762 ], [ 75.15086, 13.42003 ], [ 75.15154, 13.42559 ], [ 75.15533, 13.42895 ], [ 75.15435, 13.43128 ], [ 75.15092, 13.43479 ], [ 75.1516, 13.43692 ], [ 75.1536, 13.43829 ], [ 75.15535, 13.45169 ], [ 75.14951, 13.45391 ], [ 75.14725, 13.45373 ], [ 75.1437, 13.45655 ], [ 75.14252, 13.45846 ], [ 75.14281, 13.46053 ], [ 75.14004, 13.46473 ], [ 75.13837, 13.47149 ], [ 75.14745, 13.47618 ], [ 75.15195, 13.48198 ], [ 75.15314, 13.48575 ], [ 75.16056, 13.49139 ], [ 75.16177, 13.48823 ], [ 75.16173, 13.48485 ], [ 75.16435, 13.4801 ], [ 75.1683, 13.477 ], [ 75.16959, 13.47474 ], [ 75.17, 13.46951 ], [ 75.17522, 13.45853 ], [ 75.1802, 13.45896 ] ] ] } },
{ "type": "Feature", "properties": { "newname": "Pushpagiri" }, "geometry": { "type": "Polygon", "coordinates": [ [ [ 75.38793, 13.0953 ], [ 75.39032, 13.09632 ], [ 75.39297, 13.09059 ], [ 75.39619, 13.08941 ], [ 75.39766, 13.08786 ], [ 75.39809, 13.08451 ], [ 75.40285, 13.08394 ], [ 75.40577, 13.08488 ], [ 75.4136, 13.0852 ], [ 75.41824, 13.08876 ], [ 75.41776, 13.09175 ], [ 75.41864, 13.09669 ], [ 75.4217, 13.10339 ], [ 75.42511, 13.1018 ], [ 75.43754, 13.1016 ], [ 75.4425, 13.09948 ], [ 75.44671, 13.0949 ], [ 75.45508, 13.07777 ], [ 75.45548, 13.07424 ], [ 75.45446, 13.05677 ], [ 75.45932, 13.05367 ], [ 75.48058, 13.0541 ], [ 75.48496, 13.05301 ], [ 75.48806, 13.05118 ], [ 75.49108, 13.04789 ], [ 75.49262, 13.04468 ], [ 75.49547, 13.0301 ], [ 75.50773, 13.02195 ], [ 75.53124, 12.99659 ], [ 75.54227, 12.9867 ], [ 75.54424, 12.98177 ], [ 75.5477, 12.95898 ], [ 75.56433, 12.94964 ], [ 75.56683, 12.94709 ], [ 75.56888, 12.94314 ], [ 75.58076, 12.85572 ], [ 75.58968, 12.80682 ], [ 75.60405, 12.79144 ], [ 75.61514, 12.77283 ], [ 75.62527, 12.72437 ], [ 75.62566, 12.71661 ], [ 75.6298, 12.70555 ], [ 75.64109, 12.70555 ], [ 75.67414, 12.7024 ], [ 75.67752, 12.70165 ], [ 75.68123, 12.69964 ], [ 75.67529, 12.6993 ], [ 75.66907, 12.69615 ], [ 75.66696, 12.69581 ], [ 75.65519, 12.67694 ], [ 75.63953, 12.67843 ], [ 75.62577, 12.67831 ], [ 75.61273, 12.68276 ], [ 75.60796, 12.68677 ], [ 75.5985, 12.71074 ], [ 75.59788, 12.72036 ], [ 75.58915, 12.76298 ], [ 75.58034, 12.77674 ], [ 75.5691, 12.78399 ], [ 75.53423, 12.80127 ], [ 75.48627, 12.81857 ], [ 75.48284, 12.82144 ], [ 75.46909, 12.83904 ], [ 75.43725, 12.83689 ], [ 75.43037, 12.83884 ], [ 75.42586, 12.84314 ], [ 75.41009, 12.86825 ], [ 75.40624, 12.87101 ], [ 75.40047, 12.87749 ], [ 75.3983, 12.88419 ], [ 75.39642, 12.92873 ], [ 75.38515, 12.96868 ], [ 75.37235, 13.0509 ], [ 75.37602, 13.07466 ], [ 75.38373, 13.09175 ], [ 75.38417, 13.10033 ], [ 75.38569, 13.10477 ], [ 75.38641, 13.1022 ], [ 75.38492, 13.10022 ], [ 75.38499, 13.09812 ], [ 75.38793, 13.0953 ] ], [ [ 75.44489, 12.86458 ], [ 75.47457, 12.86663 ], [ 75.48108, 12.86553 ], [ 75.48612, 12.86184 ], [ 75.50193, 12.84161 ], [ 75.54443, 12.82652 ], [ 75.55942, 12.8192 ], [ 75.55336, 12.85188 ], [ 75.5429, 12.93049 ], [ 75.52785, 12.93876 ], [ 75.52386, 12.94233 ], [ 75.52138, 12.948 ], [ 75.51768, 12.97229 ], [ 75.51163, 12.97737 ], [ 75.48931, 13.00153 ], [ 75.47233, 13.0132 ], [ 75.46972, 13.01784 ], [ 75.46794, 13.0267 ], [ 75.45511, 13.0264 ], [ 75.45067, 13.0272 ], [ 75.43261, 13.03828 ], [ 75.42957, 13.04091 ], [ 75.42726, 13.04471 ], [ 75.42639, 13.04816 ], [ 75.42758, 13.07167 ], [ 75.42607, 13.07464 ], [ 75.41824, 13.07512 ], [ 75.40847, 13.07946 ], [ 75.40293, 13.06774 ], [ 75.40022, 13.05147 ], [ 75.41234, 12.97395 ], [ 75.42381, 12.93327 ], [ 75.42571, 12.89173 ], [ 75.43045, 12.88818 ], [ 75.44489, 12.86458 ] ] ] } },
{ "type": "Feature", "properties": { "newname": "Pushpagiri" }, "geometry": { "type": "Polygon", "coordinates": [ [ [ 75.65531, 12.48903 ], [ 75.65255, 12.48675 ], [ 75.63936, 12.48006 ], [ 75.63426, 12.47626 ], [ 75.62826, 12.47393 ], [ 75.62745, 12.46993 ], [ 75.6258, 12.46679 ], [ 75.62266, 12.46363 ], [ 75.6195, 12.46192 ], [ 75.6133, 12.46104 ], [ 75.59765, 12.46344 ], [ 75.59154, 12.46212 ], [ 75.58471, 12.45594 ], [ 75.5788, 12.45388 ], [ 75.55378, 12.45563 ], [ 75.54398, 12.44642 ], [ 75.52291, 12.42432 ], [ 75.51666, 12.42093 ], [ 75.51218, 12.42058 ], [ 75.50866, 12.42134 ], [ 75.49461, 12.42902 ], [ 75.49139, 12.4321 ], [ 75.48409, 12.44353 ], [ 75.47509, 12.44272 ], [ 75.46152, 12.44408 ], [ 75.45629, 12.44167 ], [ 75.4472, 12.44364 ], [ 75.44418, 12.44303 ], [ 75.44247, 12.44124 ], [ 75.43428, 12.43994 ], [ 75.43227, 12.43862 ], [ 75.43166, 12.43627 ], [ 75.42677, 12.43393 ], [ 75.42614, 12.43104 ], [ 75.42352, 12.43006 ], [ 75.42361, 12.42776 ], [ 75.42033, 12.43426 ], [ 75.42008, 12.43955 ], [ 75.42267, 12.45046 ], [ 75.42589, 12.45647 ], [ 75.43022, 12.45961 ], [ 75.45583, 12.47112 ], [ 75.46031, 12.47147 ], [ 75.47537, 12.46991 ], [ 75.48789, 12.47107 ], [ 75.49231, 12.47027 ], [ 75.50453, 12.46234 ], [ 75.51138, 12.45188 ], [ 75.52461, 12.46573 ], [ 75.53917, 12.47943 ], [ 75.54285, 12.48191 ], [ 75.54898, 12.48319 ], [ 75.57211, 12.48137 ], [ 75.57653, 12.48544 ], [ 75.58053, 12.48744 ], [ 75.59571, 12.49071 ], [ 75.60235, 12.49017 ], [ 75.6076, 12.49519 ], [ 75.62067, 12.50008 ], [ 75.62512, 12.50336 ], [ 75.64083, 12.51106 ], [ 75.64233, 12.51014 ], [ 75.64393, 12.50537 ], [ 75.65167, 12.49802 ], [ 75.65527, 12.49485 ], [ 75.65838, 12.49441 ], [ 75.65531, 12.48903 ] ] ] } },
{ "type": "Feature", "properties": { "newname": "Talakaveri" }, "geometry": { "type": "Polygon", "coordinates": [ [ [ 75.46306, 12.43448 ], [ 75.46613, 12.43504 ], [ 75.46877, 12.43331 ], [ 75.47144, 12.43324 ], [ 75.48127, 12.42945 ], [ 75.48322, 12.42733 ], [ 75.48228, 12.42555 ], [ 75.48878, 12.42273 ], [ 75.48939, 12.41997 ], [ 75.49474, 12.41711 ], [ 75.49761, 12.41707 ], [ 75.5004, 12.41536 ], [ 75.49965, 12.41272 ], [ 75.50051, 12.40913 ], [ 75.49888, 12.40792 ], [ 75.49834, 12.4039 ], [ 75.49219, 12.39377 ], [ 75.49186, 12.38945 ], [ 75.49086, 12.38751 ], [ 75.49075, 12.38488 ], [ 75.49337, 12.37629 ], [ 75.4928, 12.36352 ], [ 75.49337, 12.36148 ], [ 75.50699, 12.35464 ], [ 75.5098, 12.3553 ], [ 75.51202, 12.35429 ], [ 75.52667, 12.34471 ], [ 75.52831, 12.34108 ], [ 75.52975, 12.33209 ], [ 75.53274, 12.32909 ], [ 75.53875, 12.32743 ], [ 75.54753, 12.31484 ], [ 75.5518, 12.30648 ], [ 75.55381, 12.30553 ], [ 75.54686, 12.29849 ], [ 75.53936, 12.29484 ], [ 75.5365, 12.29182 ], [ 75.53387, 12.29038 ], [ 75.52682, 12.2925 ], [ 75.52347, 12.29063 ], [ 75.51849, 12.28987 ], [ 75.51428, 12.29077 ], [ 75.50891, 12.28825 ], [ 75.50452, 12.28759 ], [ 75.50005, 12.2902 ], [ 75.49104, 12.29298 ], [ 75.49244, 12.30047 ], [ 75.49209, 12.30245 ], [ 75.48843, 12.30217 ], [ 75.48682, 12.30545 ], [ 75.48711, 12.30966 ], [ 75.48638, 12.31305 ], [ 75.48025, 12.31848 ], [ 75.47791, 12.31829 ], [ 75.47124, 12.32313 ], [ 75.46862, 12.32332 ], [ 75.46671, 12.32446 ], [ 75.46371, 12.32424 ], [ 75.46288, 12.32219 ], [ 75.45856, 12.32054 ], [ 75.45534, 12.31801 ], [ 75.452, 12.31964 ], [ 75.44762, 12.31945 ], [ 75.44587, 12.32097 ], [ 75.44659, 12.32328 ], [ 75.44511, 12.32655 ], [ 75.44629, 12.33121 ], [ 75.44442, 12.33377 ], [ 75.44384, 12.33651 ], [ 75.44534, 12.33793 ], [ 75.4437, 12.3402 ], [ 75.44692, 12.34343 ], [ 75.44631, 12.3458 ], [ 75.4436, 12.34942 ], [ 75.44133, 12.34992 ], [ 75.4374, 12.35258 ], [ 75.43806, 12.35763 ], [ 75.43621, 12.36217 ], [ 75.43315, 12.36096 ], [ 75.4315, 12.36239 ], [ 75.43194, 12.36438 ], [ 75.43587, 12.36642 ], [ 75.43504, 12.3708 ], [ 75.43618, 12.3726 ], [ 75.44315, 12.37598 ], [ 75.44604, 12.37579 ], [ 75.44897, 12.37686 ], [ 75.45001, 12.37936 ], [ 75.45044, 12.39057 ], [ 75.44263, 12.40258 ], [ 75.4405, 12.41335 ], [ 75.43405, 12.41697 ], [ 75.42823, 12.42209 ], [ 75.42363, 12.42712 ], [ 75.42352, 12.43006 ], [ 75.42614, 12.43104 ], [ 75.42677, 12.43393 ], [ 75.43166, 12.43627 ], [ 75.43227, 12.43862 ], [ 75.43428, 12.43994 ], [ 75.44033, 12.44055 ], [ 75.44247, 12.44124 ], [ 75.44418, 12.44303 ], [ 75.4472, 12.44364 ], [ 75.46209, 12.44038 ], [ 75.46045, 12.43539 ], [ 75.46306, 12.43448 ] ] ] } },
{ "type": "Feature", "properties": { "newname": "Mundanthurai" }, "geometry": { "type": "Polygon", "coordinates": [ [ [ 77.26865, 8.57752 ], [ 77.2677, 8.57888 ], [ 77.26729, 8.58386 ], [ 77.26411, 8.58682 ], [ 77.26195, 8.5867 ], [ 77.25802, 8.58937 ], [ 77.2577, 8.5932 ], [ 77.25614, 8.59582 ], [ 77.25117, 8.59751 ], [ 77.25007, 8.59941 ], [ 77.247, 8.6013 ], [ 77.24755, 8.60359 ], [ 77.24675, 8.60782 ], [ 77.24734, 8.61044 ], [ 77.24665, 8.61522 ], [ 77.24712, 8.61891 ], [ 77.24343, 8.62186 ], [ 77.23513, 8.62538 ], [ 77.23303, 8.63412 ], [ 77.23094, 8.63609 ], [ 77.23071, 8.63841 ], [ 77.22584, 8.63757 ], [ 77.2217, 8.64247 ], [ 77.21536, 8.6474 ], [ 77.213, 8.65245 ], [ 77.21326, 8.65587 ], [ 77.20898, 8.65953 ], [ 77.20938, 8.66206 ], [ 77.20221, 8.667 ], [ 77.20212, 8.66828 ], [ 77.20527, 8.67485 ], [ 77.2081, 8.67877 ], [ 77.20901, 8.67855 ], [ 77.20773, 8.68395 ], [ 77.2052, 8.68747 ], [ 77.20324, 8.69249 ], [ 77.19791, 8.70025 ], [ 77.19624, 8.70591 ], [ 77.19196, 8.7101 ], [ 77.18926, 8.71029 ], [ 77.18695, 8.71166 ], [ 77.18558, 8.71528 ], [ 77.18325, 8.71582 ], [ 77.18208, 8.71717 ], [ 77.18163, 8.71951 ], [ 77.1785, 8.7242 ], [ 77.17955, 8.72674 ], [ 77.17972, 8.73129 ], [ 77.17727, 8.73276 ], [ 77.17488, 8.73698 ], [ 77.17099, 8.74048 ], [ 77.17142, 8.74561 ], [ 77.17357, 8.74891 ], [ 77.1752, 8.74521 ], [ 77.17862, 8.74299 ], [ 77.18453, 8.74094 ], [ 77.18927, 8.74187 ], [ 77.19249, 8.74107 ], [ 77.19388, 8.74316 ], [ 77.1946, 8.74631 ], [ 77.1979, 8.74853 ], [ 77.1994, 8.75204 ], [ 77.19911, 8.75415 ], [ 77.20093, 8.76068 ], [ 77.20055, 8.76307 ], [ 77.19784, 8.76635 ], [ 77.19892, 8.76865 ], [ 77.20516, 8.76816 ], [ 77.2131, 8.76489 ], [ 77.2153, 8.76542 ], [ 77.21686, 8.76697 ], [ 77.21889, 8.76675 ], [ 77.21979, 8.76813 ], [ 77.2196, 8.76946 ], [ 77.21807, 8.77199 ], [ 77.21564, 8.77366 ], [ 77.21431, 8.77603 ], [ 77.21427, 8.77787 ], [ 77.21598, 8.77857 ], [ 77.2208, 8.77767 ], [ 77.22556, 8.78276 ], [ 77.23064, 8.78326 ], [ 77.23228, 8.78982 ], [ 77.23147, 8.79609 ], [ 77.23384, 8.79957 ], [ 77.23285, 8.80631 ], [ 77.23629, 8.80627 ], [ 77.23959, 8.80812 ], [ 77.24312, 8.80823 ], [ 77.2472, 8.81241 ], [ 77.24886, 8.81546 ], [ 77.24742, 8.81887 ], [ 77.24831, 8.82278 ], [ 77.25215, 8.82579 ], [ 77.25414, 8.83105 ], [ 77.25804, 8.83335 ], [ 77.25958, 8.83719 ], [ 77.26343, 8.84031 ], [ 77.26109, 8.84523 ], [ 77.26131, 8.84625 ], [ 77.25914, 8.84872 ], [ 77.25958, 8.85152 ], [ 77.2624, 8.85103 ], [ 77.26213, 8.85466 ], [ 77.25953, 8.8558 ], [ 77.2562, 8.85904 ], [ 77.25637, 8.86169 ], [ 77.25907, 8.86325 ], [ 77.25917, 8.86404 ], [ 77.25774, 8.86761 ], [ 77.25691, 8.87717 ], [ 77.25552, 8.878 ], [ 77.2473, 8.87786 ], [ 77.24508, 8.87856 ], [ 77.23798, 8.88371 ], [ 77.23867, 8.89081 ], [ 77.24062, 8.8929 ], [ 77.2402, 8.89429 ], [ 77.23881, 8.89624 ], [ 77.2267, 8.90278 ], [ 77.22238, 8.90195 ], [ 77.22113, 8.90292 ], [ 77.22043, 8.90905 ], [ 77.22642, 8.91768 ], [ 77.24647, 8.92255 ], [ 77.25259, 8.92227 ], [ 77.25649, 8.91768 ], [ 77.26178, 8.91712 ], [ 77.27654, 8.91155 ], [ 77.28169, 8.92366 ], [ 77.28656, 8.9245 ], [ 77.28976, 8.92311 ], [ 77.29296, 8.92533 ], [ 77.29672, 8.92519 ], [ 77.30048, 8.92408 ], [ 77.31691, 8.91559 ], [ 77.32039, 8.91601 ], [ 77.32248, 8.91364 ], [ 77.32791, 8.9103 ], [ 77.3332, 8.90501 ], [ 77.34768, 8.90584 ], [ 77.34754, 8.89986 ], [ 77.34545, 8.89638 ], [ 77.34768, 8.88635 ], [ 77.35185, 8.88106 ], [ 77.35631, 8.87257 ], [ 77.35659, 8.86881 ], [ 77.35951, 8.86603 ], [ 77.35895, 8.86255 ], [ 77.35631, 8.85921 ], [ 77.35505, 8.856 ], [ 77.35784, 8.8496 ], [ 77.3641, 8.84723 ], [ 77.36661, 8.84389 ], [ 77.36995, 8.83317 ], [ 77.36828, 8.83053 ], [ 77.368, 8.82788 ], [ 77.36605, 8.82607 ], [ 77.36327, 8.81981 ], [ 77.3648, 8.81688 ], [ 77.36814, 8.81508 ], [ 77.36842, 8.81173 ], [ 77.36661, 8.80853 ], [ 77.36202, 8.80505 ], [ 77.35631, 8.79879 ], [ 77.35492, 8.796 ], [ 77.35505, 8.7928 ], [ 77.35673, 8.79016 ], [ 77.35923, 8.78876 ], [ 77.36243, 8.7896 ], [ 77.3641, 8.78737 ], [ 77.37371, 8.79016 ], [ 77.37649, 8.79196 ], [ 77.37872, 8.79085 ], [ 77.38081, 8.79099 ], [ 77.38192, 8.78765 ], [ 77.38805, 8.78375 ], [ 77.38805, 8.78194 ], [ 77.38972, 8.78125 ], [ 77.39139, 8.78222 ], [ 77.39348, 8.78125 ], [ 77.3996, 8.77331 ], [ 77.40211, 8.7722 ], [ 77.40615, 8.76134 ], [ 77.40503, 8.75855 ], [ 77.40601, 8.75674 ], [ 77.40615, 8.75382 ], [ 77.40462, 8.7495 ], [ 77.40281, 8.7477 ], [ 77.40573, 8.74672 ], [ 77.40754, 8.74282 ], [ 77.40824, 8.73865 ], [ 77.40336, 8.73656 ], [ 77.39988, 8.73363 ], [ 77.39682, 8.73266 ], [ 77.39766, 8.72793 ], [ 77.40364, 8.72389 ], [ 77.40796, 8.72389 ], [ 77.40838, 8.72236 ], [ 77.41186, 8.72138 ], [ 77.41784, 8.7179 ], [ 77.41728, 8.71581 ], [ 77.41506, 8.71414 ], [ 77.41561, 8.71233 ], [ 77.42174, 8.70704 ], [ 77.42383, 8.7037 ], [ 77.42995, 8.70203 ], [ 77.43789, 8.69841 ], [ 77.44415, 8.69326 ], [ 77.44401, 8.69173 ], [ 77.44638, 8.68811 ], [ 77.44861, 8.6863 ], [ 77.44958, 8.68393 ], [ 77.44986, 8.68185 ], [ 77.44527, 8.68087 ], [ 77.44388, 8.67906 ], [ 77.44388, 8.67781 ], [ 77.44555, 8.6767 ], [ 77.44791, 8.6728 ], [ 77.45139, 8.67085 ], [ 77.46044, 8.67489 ], [ 77.46754, 8.67349 ], [ 77.47144, 8.66737 ], [ 77.47478, 8.66458 ], [ 77.47645, 8.66096 ], [ 77.47812, 8.65971 ], [ 77.47854, 8.65776 ], [ 77.48341, 8.65164 ], [ 77.4862, 8.64955 ], [ 77.49316, 8.64997 ], [ 77.49594, 8.64913 ], [ 77.49803, 8.64356 ], [ 77.50151, 8.63939 ], [ 77.5061, 8.6398 ], [ 77.51404, 8.64997 ], [ 77.51849, 8.64997 ], [ 77.52114, 8.64857 ], [ 77.52782, 8.65372 ], [ 77.52935, 8.65233 ], [ 77.53046, 8.67114 ], [ 77.53796, 8.67512 ], [ 77.54456, 8.67002 ], [ 77.54887, 8.67039 ], [ 77.555, 8.66772 ], [ 77.55839, 8.66045 ], [ 77.56422, 8.65598 ], [ 77.57125, 8.6481 ], [ 77.57744, 8.63742 ], [ 77.57781, 8.62426 ], [ 77.57625, 8.61479 ], [ 77.58825, 8.61194 ], [ 77.59214, 8.60653 ], [ 77.5927, 8.60152 ], [ 77.5959, 8.59915 ], [ 77.59353, 8.59581 ], [ 77.59548, 8.594 ], [ 77.59256, 8.58565 ], [ 77.59646, 8.5844 ], [ 77.60133, 8.58426 ], [ 77.59729, 8.58105 ], [ 77.60328, 8.58119 ], [ 77.60536, 8.57785 ], [ 77.6055, 8.57618 ], [ 77.60425, 8.56672 ], [ 77.60216, 8.56435 ], [ 77.60147, 8.56226 ], [ 77.59938, 8.56101 ], [ 77.59854, 8.55669 ], [ 77.60035, 8.55279 ], [ 77.59924, 8.54778 ], [ 77.58936, 8.53887 ], [ 77.58518, 8.53581 ], [ 77.581, 8.534 ], [ 77.57557, 8.53289 ], [ 77.56638, 8.53275 ], [ 77.55733, 8.53094 ], [ 77.55288, 8.53289 ], [ 77.54857, 8.53122 ], [ 77.54884, 8.52941 ], [ 77.55107, 8.52871 ], [ 77.55594, 8.52509 ], [ 77.55789, 8.52258 ], [ 77.56123, 8.51437 ], [ 77.56611, 8.50908 ], [ 77.56666, 8.50713 ], [ 77.56959, 8.50449 ], [ 77.57237, 8.50379 ], [ 77.57307, 8.50114 ], [ 77.57223, 8.49892 ], [ 77.57669, 8.49836 ], [ 77.57766, 8.49446 ], [ 77.5771, 8.49043 ], [ 77.57599, 8.48834 ], [ 77.5849, 8.48931 ], [ 77.58824, 8.48875 ], [ 77.59047, 8.48722 ], [ 77.58977, 8.48124 ], [ 77.59729, 8.47664 ], [ 77.59896, 8.47442 ], [ 77.59813, 8.47038 ], [ 77.59618, 8.46913 ], [ 77.5952, 8.46662 ], [ 77.5913, 8.46411 ], [ 77.59743, 8.46035 ], [ 77.59966, 8.45771 ], [ 77.59882, 8.45604 ], [ 77.60174, 8.45312 ], [ 77.60244, 8.45131 ], [ 77.60439, 8.45019 ], [ 77.5984, 8.44796 ], [ 77.58685, 8.44824 ], [ 77.58086, 8.44379 ], [ 77.57, 8.44059 ], [ 77.56973, 8.43571 ], [ 77.58017, 8.43154 ], [ 77.57613, 8.42708 ], [ 77.57989, 8.42555 ], [ 77.58448, 8.4211 ], [ 77.60328, 8.41608 ], [ 77.60523, 8.40926 ], [ 77.60481, 8.40286 ], [ 77.60717, 8.3984 ], [ 77.60049, 8.3952 ], [ 77.59813, 8.39075 ], [ 77.5927, 8.38462 ], [ 77.59297, 8.37989 ], [ 77.5952, 8.37293 ], [ 77.59576, 8.36388 ], [ 77.59325, 8.35845 ], [ 77.58824, 8.35385 ], [ 77.58504, 8.34968 ], [ 77.57905, 8.34522 ], [ 77.57515, 8.33854 ], [ 77.57251, 8.3313 ], [ 77.56806, 8.32392 ], [ 77.55608, 8.31613 ], [ 77.54731, 8.31181 ], [ 77.54035, 8.30972 ], [ 77.53047, 8.31487 ], [ 77.52406, 8.32072 ], [ 77.51641, 8.33033 ], [ 77.51056, 8.34355 ], [ 77.49998, 8.34662 ], [ 77.49358, 8.34369 ], [ 77.48648, 8.34411 ], [ 77.47283, 8.34146 ], [ 77.46754, 8.3501 ], [ 77.4578, 8.35525 ], [ 77.45056, 8.36026 ], [ 77.45167, 8.3629 ], [ 77.44889, 8.36527 ], [ 77.43705, 8.37209 ], [ 77.43538, 8.37599 ], [ 77.43789, 8.37752 ], [ 77.43497, 8.38017 ], [ 77.43316, 8.38365 ], [ 77.42954, 8.3849 ], [ 77.42661, 8.3881 ], [ 77.41784, 8.3927 ], [ 77.41868, 8.39771 ], [ 77.4152, 8.39896 ], [ 77.41993, 8.4055 ], [ 77.41645, 8.40662 ], [ 77.41728, 8.40829 ], [ 77.41631, 8.41469 ], [ 77.41325, 8.41232 ], [ 77.41325, 8.41664 ], [ 77.4113, 8.41789 ], [ 77.41297, 8.41915 ], [ 77.41088, 8.42541 ], [ 77.40991, 8.43182 ], [ 77.40698, 8.4353 ], [ 77.40253, 8.43627 ], [ 77.39445, 8.4339 ], [ 77.38568, 8.43376 ], [ 77.37928, 8.44295 ], [ 77.37162, 8.44281 ], [ 77.36466, 8.44379 ], [ 77.35979, 8.44462 ], [ 77.35519, 8.44657 ], [ 77.34434, 8.45827 ], [ 77.33236, 8.46467 ], [ 77.32401, 8.46759 ], [ 77.31914, 8.47344 ], [ 77.31065, 8.4765 ], [ 77.30814, 8.47873 ], [ 77.3002, 8.48207 ], [ 77.28545, 8.48653 ], [ 77.27918, 8.49098 ], [ 77.2725, 8.49446 ], [ 77.26693, 8.50226 ], [ 77.26429, 8.50337 ], [ 77.26303, 8.5049 ], [ 77.26693, 8.51298 ], [ 77.26791, 8.5198 ], [ 77.26986, 8.52258 ], [ 77.27292, 8.5301 ], [ 77.27487, 8.53177 ], [ 77.27487, 8.53483 ], [ 77.27584, 8.53734 ], [ 77.28169, 8.54138 ], [ 77.28495, 8.54614 ], [ 77.28344, 8.54953 ], [ 77.27882, 8.55331 ], [ 77.27655, 8.55625 ], [ 77.27562, 8.55929 ], [ 77.27645, 8.56387 ], [ 77.27246, 8.56932 ], [ 77.2708, 8.5772 ], [ 77.26865, 8.57752 ] ] ] } },
{ "type": "Feature", "properties": { "newname": "Peechi-Vazhani" }, "geometry": { "type": "Polygon", "coordinates": [ [ [ 76.43768, 10.4417 ], [ 76.43423, 10.44303 ], [ 76.43184, 10.44561 ], [ 76.42927, 10.44612 ], [ 76.42652, 10.44423 ], [ 76.42089, 10.4438 ], [ 76.41959, 10.44286 ], [ 76.41958, 10.4419 ], [ 76.42438, 10.43961 ], [ 76.44467, 10.43321 ], [ 76.46694, 10.41595 ], [ 76.47251, 10.40883 ], [ 76.49087, 10.39263 ], [ 76.51028, 10.39312 ], [ 76.5101, 10.39002 ], [ 76.50761, 10.38271 ], [ 76.50596, 10.38123 ], [ 76.5026, 10.38009 ], [ 76.5091, 10.37844 ], [ 76.51339, 10.37858 ], [ 76.5161, 10.37481 ], [ 76.52062, 10.37253 ], [ 76.52826, 10.37207 ], [ 76.53379, 10.36781 ], [ 76.51584, 10.36634 ], [ 76.48548, 10.36559 ], [ 76.48113, 10.36642 ], [ 76.47799, 10.36806 ], [ 76.45317, 10.38984 ], [ 76.44794, 10.3965 ], [ 76.42733, 10.41189 ], [ 76.40495, 10.43883 ], [ 76.39014, 10.45162 ], [ 76.3879, 10.4554 ], [ 76.38373, 10.46695 ], [ 76.38341, 10.47132 ], [ 76.38452, 10.47557 ], [ 76.38825, 10.48044 ], [ 76.40079, 10.48894 ], [ 76.41499, 10.47857 ], [ 76.42275, 10.4676 ], [ 76.42793, 10.46492 ], [ 76.42435, 10.46253 ], [ 76.42016, 10.46138 ], [ 76.42526, 10.45678 ], [ 76.43768, 10.4417 ] ] ] } },
{ "type": "Feature", "properties": { "newname": "Peechi-Vazhani" }, "geometry": { "type": "Polygon", "coordinates": [ [ [ 76.42853, 10.47761 ], [ 76.43047, 10.47939 ], [ 76.43176, 10.48366 ], [ 76.43371, 10.48589 ], [ 76.43677, 10.48664 ], [ 76.44296, 10.48354 ], [ 76.44794, 10.48304 ], [ 76.45067, 10.48414 ], [ 76.45616, 10.48971 ], [ 76.45817, 10.49037 ], [ 76.46372, 10.48998 ], [ 76.47075, 10.49159 ], [ 76.47839, 10.49646 ], [ 76.48517, 10.49628 ], [ 76.49472, 10.48921 ], [ 76.50094, 10.48835 ], [ 76.50442, 10.48652 ], [ 76.51092, 10.48026 ], [ 76.51613, 10.47998 ], [ 76.52125, 10.47867 ], [ 76.52507, 10.47638 ], [ 76.53076, 10.46811 ], [ 76.53768, 10.45569 ], [ 76.54083, 10.45408 ], [ 76.55699, 10.45211 ], [ 76.55868, 10.45086 ], [ 76.55885, 10.44568 ], [ 76.55939, 10.44354 ], [ 76.56052, 10.44308 ], [ 76.55787, 10.43741 ], [ 76.55494, 10.43424 ], [ 76.54234, 10.42798 ], [ 76.53892, 10.4245 ], [ 76.53138, 10.41067 ], [ 76.52799, 10.40943 ], [ 76.52445, 10.40931 ], [ 76.51339, 10.4123 ], [ 76.50664, 10.41205 ], [ 76.49944, 10.415 ], [ 76.49062, 10.41701 ], [ 76.47894, 10.42209 ], [ 76.42438, 10.43961 ], [ 76.41958, 10.4419 ], [ 76.41959, 10.44286 ], [ 76.42089, 10.4438 ], [ 76.42652, 10.44423 ], [ 76.42927, 10.44612 ], [ 76.43184, 10.44561 ], [ 76.43423, 10.44303 ], [ 76.43807, 10.44155 ], [ 76.44611, 10.44163 ], [ 76.45187, 10.43949 ], [ 76.46135, 10.43924 ], [ 76.46281, 10.44034 ], [ 76.46331, 10.44209 ], [ 76.46321, 10.44801 ], [ 76.46066, 10.44995 ], [ 76.45471, 10.44937 ], [ 76.44717, 10.45121 ], [ 76.43736, 10.45067 ], [ 76.43561, 10.45213 ], [ 76.4325, 10.46287 ], [ 76.42275, 10.4676 ], [ 76.42021, 10.47051 ], [ 76.417, 10.47654 ], [ 76.42853, 10.47761 ] ] ] } },
{ "type": "Feature", "properties": { "newname": "Indira Gandhi" }, "geometry": { "type": "Polygon", "coordinates": [ [ [ 76.643, 10.56666 ], [ 76.65208, 10.558 ], [ 76.65641, 10.55769 ], [ 76.6635, 10.54867 ], [ 76.66517, 10.54815 ], [ 76.67205, 10.54762 ], [ 76.67481, 10.55253 ], [ 76.67836, 10.54997 ], [ 76.68451, 10.55242 ], [ 76.69108, 10.55237 ], [ 76.68915, 10.54262 ], [ 76.68941, 10.54163 ], [ 76.69166, 10.54058 ], [ 76.68816, 10.53907 ], [ 76.68576, 10.53594 ], [ 76.6817, 10.53323 ], [ 76.68065, 10.53219 ], [ 76.68055, 10.53073 ], [ 76.67945, 10.53026 ], [ 76.68071, 10.52922 ], [ 76.67476, 10.52463 ], [ 76.67294, 10.52202 ], [ 76.6696, 10.52092 ], [ 76.66736, 10.51686 ], [ 76.66704, 10.51003 ], [ 76.67069, 10.50977 ], [ 76.6721, 10.50893 ], [ 76.67278, 10.50825 ], [ 76.67241, 10.50664 ], [ 76.66908, 10.50481 ], [ 76.66819, 10.50335 ], [ 76.66464, 10.50403 ], [ 76.66219, 10.5034 ], [ 76.66058, 10.50168 ], [ 76.66126, 10.4973 ], [ 76.66407, 10.49788 ], [ 76.666, 10.49678 ], [ 76.66256, 10.49475 ], [ 76.66668, 10.4911 ], [ 76.66871, 10.48484 ], [ 76.66861, 10.48093 ], [ 76.66517, 10.47436 ], [ 76.66339, 10.47342 ], [ 76.66209, 10.47608 ], [ 76.66058, 10.47681 ], [ 76.65677, 10.47436 ], [ 76.65609, 10.47232 ], [ 76.65375, 10.47499 ], [ 76.64845, 10.47556 ], [ 76.64584, 10.47814 ], [ 76.64275, 10.47972 ], [ 76.63974, 10.47944 ], [ 76.63726, 10.47701 ], [ 76.63509, 10.47796 ], [ 76.63209, 10.47776 ], [ 76.62969, 10.47512 ], [ 76.63009, 10.46922 ], [ 76.63468, 10.46749 ], [ 76.63532, 10.46749 ], [ 76.63555, 10.46894 ], [ 76.63691, 10.46922 ], [ 76.63768, 10.46567 ], [ 76.63954, 10.46495 ], [ 76.64054, 10.46226 ], [ 76.64345, 10.45954 ], [ 76.64363, 10.454 ], [ 76.64858, 10.44418 ], [ 76.65022, 10.44359 ], [ 76.65585, 10.44427 ], [ 76.65876, 10.44582 ], [ 76.66044, 10.44459 ], [ 76.66412, 10.44364 ], [ 76.66535, 10.44146 ], [ 76.66569, 10.43864 ], [ 76.67374, 10.4433 ], [ 76.67288, 10.45295 ], [ 76.67398, 10.45591 ], [ 76.6752, 10.4565 ], [ 76.68346, 10.4576 ], [ 76.68317, 10.45618 ], [ 76.6865, 10.45515 ], [ 76.68676, 10.45223 ], [ 76.68856, 10.4502 ], [ 76.69054, 10.4493 ], [ 76.69053, 10.44788 ], [ 76.69117, 10.44759 ], [ 76.6914, 10.43736 ], [ 76.69673, 10.43417 ], [ 76.69659, 10.43908 ], [ 76.69776, 10.44149 ], [ 76.71405, 10.44177 ], [ 76.71532, 10.4477 ], [ 76.71941, 10.45189 ], [ 76.72292, 10.45945 ], [ 76.72907, 10.46603 ], [ 76.73298, 10.46421 ], [ 76.73228, 10.46193 ], [ 76.73285, 10.46081 ], [ 76.72988, 10.45971 ], [ 76.73006, 10.45795 ], [ 76.74011, 10.45426 ], [ 76.74218, 10.4518 ], [ 76.74413, 10.45877 ], [ 76.74848, 10.45789 ], [ 76.75434, 10.46744 ], [ 76.76087, 10.4686 ], [ 76.76021, 10.46652 ], [ 76.76137, 10.4654 ], [ 76.76076, 10.46364 ], [ 76.76354, 10.46197 ], [ 76.76416, 10.46599 ], [ 76.76892, 10.46845 ], [ 76.76658, 10.47047 ], [ 76.7708, 10.47204 ], [ 76.76996, 10.47454 ], [ 76.77562, 10.47674 ], [ 76.78553, 10.48551 ], [ 76.78763, 10.48958 ], [ 76.79068, 10.49001 ], [ 76.79359, 10.49372 ], [ 76.80021, 10.49426 ], [ 76.80317, 10.4963 ], [ 76.80279, 10.49862 ], [ 76.80407, 10.50013 ], [ 76.80338, 10.50421 ], [ 76.80471, 10.50715 ], [ 76.80217, 10.50907 ], [ 76.80196, 10.51132 ], [ 76.80467, 10.51111 ], [ 76.80503, 10.51196 ], [ 76.80398, 10.51306 ], [ 76.80396, 10.51465 ], [ 76.80201, 10.51617 ], [ 76.80321, 10.51896 ], [ 76.80312, 10.52219 ], [ 76.80827, 10.52023 ], [ 76.80846, 10.52105 ], [ 76.81026, 10.52016 ], [ 76.81327, 10.52136 ], [ 76.81474, 10.52102 ], [ 76.81801, 10.52255 ], [ 76.81739, 10.52397 ], [ 76.81924, 10.52698 ], [ 76.82737, 10.52784 ], [ 76.83174, 10.52341 ], [ 76.84278, 10.53408 ], [ 76.83166, 10.49681 ], [ 76.82936, 10.44955 ], [ 76.81712, 10.42212 ], [ 76.82418, 10.41591 ], [ 76.8237, 10.41349 ], [ 76.8256, 10.40905 ], [ 76.82682, 10.40849 ], [ 76.82836, 10.41004 ], [ 76.83162, 10.41027 ], [ 76.83358, 10.40709 ], [ 76.83468, 10.40684 ], [ 76.83347, 10.40499 ], [ 76.83501, 10.40219 ], [ 76.82476, 10.39383 ], [ 76.83173, 10.38824 ], [ 76.83526, 10.38209 ], [ 76.83825, 10.38153 ], [ 76.84229, 10.3772 ], [ 76.84496, 10.37637 ], [ 76.84564, 10.37342 ], [ 76.84981, 10.36714 ], [ 76.84947, 10.36545 ], [ 76.84633, 10.362 ], [ 76.84693, 10.35584 ], [ 76.84301, 10.35237 ], [ 76.8428, 10.34951 ], [ 76.84076, 10.34866 ], [ 76.83731, 10.34499 ], [ 76.83698, 10.33918 ], [ 76.83867, 10.33749 ], [ 76.83882, 10.33579 ], [ 76.83715, 10.3329 ], [ 76.83703, 10.3287 ], [ 76.83387, 10.31638 ], [ 76.8317, 10.31329 ], [ 76.83121, 10.30835 ], [ 76.82972, 10.30634 ], [ 76.83077, 10.30549 ], [ 76.83175, 10.30201 ], [ 76.83781, 10.30078 ], [ 76.84215, 10.29801 ], [ 76.84573, 10.29361 ], [ 76.8455, 10.29259 ], [ 76.84333, 10.29116 ], [ 76.84314, 10.28966 ], [ 76.84517, 10.28736 ], [ 76.84949, 10.28604 ], [ 76.84986, 10.28382 ], [ 76.8535, 10.28385 ], [ 76.85251, 10.28879 ], [ 76.85639, 10.29157 ], [ 76.8592, 10.29213 ], [ 76.8608, 10.29058 ], [ 76.86313, 10.2904 ], [ 76.8652, 10.2936 ], [ 76.86935, 10.29472 ], [ 76.87155, 10.29744 ], [ 76.87438, 10.29711 ], [ 76.87561, 10.29305 ], [ 76.87454, 10.27492 ], [ 76.87921, 10.27192 ], [ 76.88493, 10.26966 ], [ 76.89254, 10.2617 ], [ 76.89879, 10.2608 ], [ 76.9021, 10.25063 ], [ 76.89729, 10.25254 ], [ 76.89809, 10.2555 ], [ 76.89704, 10.25696 ], [ 76.89295, 10.25677 ], [ 76.89034, 10.25449 ], [ 76.88981, 10.25616 ], [ 76.88295, 10.2588 ], [ 76.87915, 10.25917 ], [ 76.87849, 10.26102 ], [ 76.88014, 10.26301 ], [ 76.88096, 10.26603 ], [ 76.88057, 10.26739 ], [ 76.87886, 10.26854 ], [ 76.87303, 10.27006 ], [ 76.87016, 10.26817 ], [ 76.86843, 10.26798 ], [ 76.86708, 10.26893 ], [ 76.86648, 10.27152 ], [ 76.86102, 10.27176 ], [ 76.85909, 10.27386 ], [ 76.8558, 10.27567 ], [ 76.85289, 10.27603 ], [ 76.84839, 10.2794 ], [ 76.84703, 10.27975 ], [ 76.84391, 10.27879 ], [ 76.84157, 10.28162 ], [ 76.83765, 10.28232 ], [ 76.83658, 10.28156 ], [ 76.83371, 10.27511 ], [ 76.8306, 10.27367 ], [ 76.82939, 10.27456 ], [ 76.82728, 10.27969 ], [ 76.81091, 10.28491 ], [ 76.80775, 10.28357 ], [ 76.80493, 10.28365 ], [ 76.7982, 10.27607 ], [ 76.79633, 10.27606 ], [ 76.7943, 10.27888 ], [ 76.7889, 10.27618 ], [ 76.78382, 10.27622 ], [ 76.78079, 10.27506 ], [ 76.77606, 10.275 ], [ 76.77506, 10.27397 ], [ 76.775, 10.26963 ], [ 76.76977, 10.2676 ], [ 76.75949, 10.26843 ], [ 76.75327, 10.27391 ], [ 76.75266, 10.27631 ], [ 76.74989, 10.27705 ], [ 76.74799, 10.27683 ], [ 76.74161, 10.27355 ], [ 76.74, 10.27367 ], [ 76.73688, 10.27132 ], [ 76.73104, 10.26976 ], [ 76.71964, 10.26848 ], [ 76.70718, 10.26894 ], [ 76.70558, 10.26613 ], [ 76.69688, 10.26336 ], [ 76.692, 10.26471 ], [ 76.69049, 10.2653 ], [ 76.69652, 10.26561 ], [ 76.69691, 10.26718 ], [ 76.68437, 10.27088 ], [ 76.68424, 10.27467 ], [ 76.68158, 10.27685 ], [ 76.68173, 10.27761 ], [ 76.68376, 10.27797 ], [ 76.68873, 10.2758 ], [ 76.689, 10.27677 ], [ 76.68508, 10.27964 ], [ 76.68328, 10.28279 ], [ 76.67817, 10.2864 ], [ 76.67922, 10.29519 ], [ 76.67402, 10.29535 ], [ 76.67093, 10.29349 ], [ 76.67051, 10.29132 ], [ 76.6722, 10.28815 ], [ 76.67128, 10.28743 ], [ 76.67146, 10.28651 ], [ 76.67049, 10.28705 ], [ 76.6703, 10.28647 ], [ 76.66612, 10.291 ], [ 76.66463, 10.2943 ], [ 76.66228, 10.29299 ], [ 76.66395, 10.29561 ], [ 76.66282, 10.29796 ], [ 76.66133, 10.29923 ], [ 76.66097, 10.30081 ], [ 76.6579, 10.30031 ], [ 76.6602, 10.30316 ], [ 76.65799, 10.30298 ], [ 76.65753, 10.30117 ], [ 76.65568, 10.30235 ], [ 76.65613, 10.30017 ], [ 76.65414, 10.30013 ], [ 76.65473, 10.30149 ], [ 76.65333, 10.30171 ], [ 76.6541, 10.30384 ], [ 76.65505, 10.30284 ], [ 76.65667, 10.30402 ], [ 76.65419, 10.31003 ], [ 76.65482, 10.31134 ], [ 76.6536, 10.31211 ], [ 76.65378, 10.3136 ], [ 76.65143, 10.316 ], [ 76.6517, 10.31686 ], [ 76.65043, 10.31849 ], [ 76.64967, 10.31867 ], [ 76.64939, 10.31767 ], [ 76.64745, 10.31822 ], [ 76.64713, 10.31645 ], [ 76.64546, 10.3174 ], [ 76.64293, 10.31582 ], [ 76.64211, 10.31392 ], [ 76.64347, 10.31279 ], [ 76.64166, 10.31256 ], [ 76.64189, 10.31175 ], [ 76.63994, 10.30967 ], [ 76.63863, 10.30944 ], [ 76.63791, 10.31048 ], [ 76.6366, 10.31071 ], [ 76.6342, 10.31329 ], [ 76.63596, 10.31537 ], [ 76.63832, 10.31487 ], [ 76.63999, 10.31582 ], [ 76.63967, 10.3174 ], [ 76.64044, 10.31767 ], [ 76.64071, 10.31921 ], [ 76.64211, 10.31808 ], [ 76.6451, 10.31831 ], [ 76.64777, 10.32043 ], [ 76.64754, 10.32251 ], [ 76.65066, 10.32129 ], [ 76.65251, 10.32192 ], [ 76.65288, 10.32296 ], [ 76.65166, 10.32536 ], [ 76.64908, 10.32853 ], [ 76.64958, 10.33237 ], [ 76.64727, 10.3335 ], [ 76.64582, 10.33707 ], [ 76.64243, 10.33811 ], [ 76.64071, 10.3411 ], [ 76.64021, 10.34417 ], [ 76.63809, 10.34725 ], [ 76.63393, 10.34829 ], [ 76.63199, 10.35095 ], [ 76.62777, 10.34879 ], [ 76.62233, 10.35059 ], [ 76.61561, 10.34898 ], [ 76.61323, 10.35321 ], [ 76.61076, 10.3551 ], [ 76.60952, 10.36186 ], [ 76.60978, 10.3657 ], [ 76.609, 10.36688 ], [ 76.60471, 10.36824 ], [ 76.59117, 10.36967 ], [ 76.59013, 10.36805 ], [ 76.58948, 10.36199 ], [ 76.58804, 10.35724 ], [ 76.58648, 10.35516 ], [ 76.57867, 10.35034 ], [ 76.5706, 10.34917 ], [ 76.55586, 10.34507 ], [ 76.55717, 10.35027 ], [ 76.55837, 10.35144 ], [ 76.56007, 10.35149 ], [ 76.56139, 10.35819 ], [ 76.55978, 10.36103 ], [ 76.56016, 10.36424 ], [ 76.55595, 10.36506 ], [ 76.55461, 10.36769 ], [ 76.55433, 10.37056 ], [ 76.54832, 10.36839 ], [ 76.54663, 10.36683 ], [ 76.53544, 10.36683 ], [ 76.52826, 10.37207 ], [ 76.52062, 10.37253 ], [ 76.5161, 10.37481 ], [ 76.51339, 10.37858 ], [ 76.5091, 10.37844 ], [ 76.5026, 10.38009 ], [ 76.50596, 10.38123 ], [ 76.50824, 10.38406 ], [ 76.51031, 10.3912 ], [ 76.51014, 10.3977 ], [ 76.51244, 10.40387 ], [ 76.51547, 10.40378 ], [ 76.51966, 10.4017 ], [ 76.5254, 10.40089 ], [ 76.53214, 10.40318 ], [ 76.53966, 10.41961 ], [ 76.54524, 10.42252 ], [ 76.5492, 10.42356 ], [ 76.55502, 10.42968 ], [ 76.55909, 10.43081 ], [ 76.55977, 10.43325 ], [ 76.56164, 10.43464 ], [ 76.56409, 10.43444 ], [ 76.5684, 10.43633 ], [ 76.57185, 10.43544 ], [ 76.57397, 10.43644 ], [ 76.57745, 10.43573 ], [ 76.58397, 10.43589 ], [ 76.5836, 10.43829 ], [ 76.57957, 10.44262 ], [ 76.5854, 10.4458 ], [ 76.58745, 10.45087 ], [ 76.59495, 10.45771 ], [ 76.59446, 10.46055 ], [ 76.59543, 10.46228 ], [ 76.59998, 10.4665 ], [ 76.60033, 10.47207 ], [ 76.59326, 10.47755 ], [ 76.59423, 10.4809 ], [ 76.59127, 10.48903 ], [ 76.58865, 10.4931 ], [ 76.58025, 10.49674 ], [ 76.57511, 10.50241 ], [ 76.57553, 10.50674 ], [ 76.58366, 10.50606 ], [ 76.58366, 10.51035 ], [ 76.58688, 10.51301 ], [ 76.59399, 10.5169 ], [ 76.59947, 10.51707 ], [ 76.60003, 10.51944 ], [ 76.60212, 10.52108 ], [ 76.60483, 10.52181 ], [ 76.60874, 10.51968 ], [ 76.60885, 10.52275 ], [ 76.60692, 10.52353 ], [ 76.60567, 10.5264 ], [ 76.60379, 10.52734 ], [ 76.60389, 10.53125 ], [ 76.60071, 10.53161 ], [ 76.59576, 10.53396 ], [ 76.59331, 10.5336 ], [ 76.59216, 10.53453 ], [ 76.59388, 10.5373 ], [ 76.60217, 10.54408 ], [ 76.60671, 10.54439 ], [ 76.60509, 10.54048 ], [ 76.60932, 10.5374 ], [ 76.62215, 10.53725 ], [ 76.62736, 10.52969 ], [ 76.62992, 10.52969 ], [ 76.6307, 10.5312 ], [ 76.63012, 10.53422 ], [ 76.63127, 10.53615 ], [ 76.63518, 10.53709 ], [ 76.6453, 10.53631 ], [ 76.64561, 10.53871 ], [ 76.64191, 10.5398 ], [ 76.64238, 10.54309 ], [ 76.64368, 10.54554 ], [ 76.64316, 10.54648 ], [ 76.63857, 10.5435 ], [ 76.63456, 10.5435 ], [ 76.63398, 10.54496 ], [ 76.63456, 10.55247 ], [ 76.62913, 10.55164 ], [ 76.62752, 10.55305 ], [ 76.62752, 10.55519 ], [ 76.62929, 10.55842 ], [ 76.62642, 10.56118 ], [ 76.62908, 10.56149 ], [ 76.63111, 10.56322 ], [ 76.63164, 10.57229 ], [ 76.63716, 10.57547 ], [ 76.6369, 10.57119 ], [ 76.64097, 10.56593 ], [ 76.643, 10.56666 ] ], [ [ 76.84926, 10.36541 ], [ 76.84912, 10.36555 ], [ 76.84906, 10.36557 ], [ 76.84926, 10.36541 ] ] ] } },
{ "type": "Feature", "properties": { "newname": "Indira Gandhi" }, "geometry": { "type": "Polygon", "coordinates": [ [ [ 76.88503, 10.54418 ], [ 76.90075, 10.54504 ], [ 76.94352, 10.54338 ], [ 76.96164, 10.50994 ], [ 76.98757, 10.52963 ], [ 76.9829, 10.55376 ], [ 77.01343, 10.56565 ], [ 77.03967, 10.574 ], [ 77.07172, 10.5758 ], [ 77.1001, 10.5722 ], [ 77.12347, 10.55755 ], [ 77.16761, 10.56237 ], [ 77.19442, 10.54428 ], [ 77.21455, 10.53826 ], [ 77.24661, 10.52177 ], [ 77.2695, 10.50105 ], [ 77.30247, 10.49565 ], [ 77.34276, 10.49071 ], [ 77.34696, 10.47211 ], [ 77.32962, 10.46257 ], [ 77.33818, 10.45872 ], [ 77.34447, 10.45054 ], [ 77.3683, 10.42472 ], [ 77.38396, 10.4155 ], [ 77.39909, 10.40346 ], [ 77.47208, 10.38822 ], [ 77.48435, 10.38465 ], [ 77.48662, 10.3624 ], [ 77.4737, 10.34075 ], [ 77.44531, 10.32724 ], [ 77.43707, 10.31823 ], [ 77.43903, 10.30482 ], [ 77.41784, 10.275 ], [ 77.40685, 10.23447 ], [ 77.3977, 10.21646 ], [ 77.37572, 10.20926 ], [ 77.34825, 10.18044 ], [ 77.33177, 10.18314 ], [ 77.30237, 10.19997 ], [ 77.29587, 10.2253 ], [ 77.29075, 10.22892 ], [ 77.2881, 10.22954 ], [ 77.2849, 10.23286 ], [ 77.27968, 10.233 ], [ 77.27947, 10.23209 ], [ 77.274, 10.23195 ], [ 77.27169, 10.23405 ], [ 77.27064, 10.2318 ], [ 77.26733, 10.23192 ], [ 77.26675, 10.2296 ], [ 77.26181, 10.22724 ], [ 77.25935, 10.25617 ], [ 77.26494, 10.26077 ], [ 77.2499, 10.28006 ], [ 77.24647, 10.2867 ], [ 77.24485, 10.28741 ], [ 77.24475, 10.28862 ], [ 77.24207, 10.29104 ], [ 77.24227, 10.29576 ], [ 77.24021, 10.29664 ], [ 77.23887, 10.29839 ], [ 77.23732, 10.30509 ], [ 77.23681, 10.30564 ], [ 77.23403, 10.30531 ], [ 77.23289, 10.31069 ], [ 77.22991, 10.31256 ], [ 77.22991, 10.31684 ], [ 77.23197, 10.32025 ], [ 77.23103, 10.32343 ], [ 77.23206, 10.32848 ], [ 77.23547, 10.33266 ], [ 77.23547, 10.33452 ], [ 77.23807, 10.33515 ], [ 77.23839, 10.33589 ], [ 77.23794, 10.34929 ], [ 77.23309, 10.34929 ], [ 77.22485, 10.35094 ], [ 77.22281, 10.35038 ], [ 77.2221, 10.34859 ], [ 77.2201, 10.34939 ], [ 77.21982, 10.34793 ], [ 77.21763, 10.34825 ], [ 77.2172, 10.3492 ], [ 77.21449, 10.34891 ], [ 77.20712, 10.35084 ], [ 77.20393, 10.35462 ], [ 77.19985, 10.35334 ], [ 77.19802, 10.35141 ], [ 77.18891, 10.35238 ], [ 77.17914, 10.35515 ], [ 77.17745, 10.35473 ], [ 77.17503, 10.35223 ], [ 77.17037, 10.35057 ], [ 77.16386, 10.34547 ], [ 77.15227, 10.33356 ], [ 77.14238, 10.32944 ], [ 77.13335, 10.32362 ], [ 77.13126, 10.32329 ], [ 77.12242, 10.31488 ], [ 77.11235, 10.31251 ], [ 77.10322, 10.31236 ], [ 77.09847, 10.30565 ], [ 77.09442, 10.3089 ], [ 77.08577, 10.30426 ], [ 77.08071, 10.2998 ], [ 77.07235, 10.29484 ], [ 77.06671, 10.29402 ], [ 77.06483, 10.29092 ], [ 77.06525, 10.28844 ], [ 77.05793, 10.2839 ], [ 77.04641, 10.27992 ], [ 77.05001, 10.27619 ], [ 77.05162, 10.27573 ], [ 77.05488, 10.26935 ], [ 77.05324, 10.26473 ], [ 77.0541, 10.26184 ], [ 77.05347, 10.25941 ], [ 77.04789, 10.25457 ], [ 77.04505, 10.25363 ], [ 77.04272, 10.24969 ], [ 77.0374, 10.24995 ], [ 77.03673, 10.2489 ], [ 77.03537, 10.2488 ], [ 77.03276, 10.24934 ], [ 77.0315, 10.24767 ], [ 77.03044, 10.248 ], [ 77.02377, 10.24405 ], [ 77.01758, 10.24218 ], [ 77.01657, 10.24054 ], [ 77.01448, 10.24033 ], [ 77.01364, 10.23763 ], [ 77.01061, 10.23631 ], [ 77.00886, 10.23642 ], [ 77.00846, 10.23514 ], [ 77.00674, 10.23455 ], [ 77.00669, 10.23182 ], [ 77.0042, 10.23155 ], [ 77.00252, 10.22969 ], [ 77.00234, 10.22833 ], [ 76.996, 10.22776 ], [ 76.99319, 10.22536 ], [ 76.9925, 10.22293 ], [ 76.989, 10.22023 ], [ 76.98652, 10.22008 ], [ 76.98605, 10.21816 ], [ 76.98512, 10.21764 ], [ 76.98205, 10.22118 ], [ 76.98038, 10.22097 ], [ 76.97468, 10.22305 ], [ 76.97465, 10.22476 ], [ 76.97221, 10.22701 ], [ 76.96692, 10.22801 ], [ 76.95902, 10.231 ], [ 76.95635, 10.22934 ], [ 76.95324, 10.2291 ], [ 76.95126, 10.22982 ], [ 76.94879, 10.23325 ], [ 76.945, 10.23398 ], [ 76.94145, 10.23612 ], [ 76.94031, 10.23612 ], [ 76.93761, 10.23345 ], [ 76.93366, 10.23303 ], [ 76.92704, 10.2295 ], [ 76.91759, 10.23066 ], [ 76.91361, 10.23326 ], [ 76.91177, 10.23753 ], [ 76.90934, 10.2384 ], [ 76.90477, 10.2382 ], [ 76.90678, 10.24037 ], [ 76.90704, 10.24514 ], [ 76.90871, 10.24523 ], [ 76.90923, 10.24384 ], [ 76.91292, 10.24115 ], [ 76.91401, 10.24062 ], [ 76.91447, 10.24116 ], [ 76.91603, 10.23898 ], [ 76.92597, 10.23955 ], [ 76.9329, 10.24429 ], [ 76.93406, 10.24575 ], [ 76.93309, 10.24662 ], [ 76.93602, 10.25084 ], [ 76.9371, 10.25021 ], [ 76.9377, 10.25078 ], [ 76.93711, 10.25137 ], [ 76.93791, 10.25128 ], [ 76.93969, 10.25391 ], [ 76.9404, 10.25324 ], [ 76.94446, 10.2574 ], [ 76.94602, 10.25788 ], [ 76.94629, 10.2597 ], [ 76.94845, 10.26317 ], [ 76.9609, 10.26703 ], [ 76.95793, 10.27221 ], [ 76.9781, 10.27217 ], [ 76.97858, 10.28441 ], [ 76.98233, 10.28633 ], [ 76.98309, 10.2876 ], [ 76.9829, 10.28922 ], [ 76.98949, 10.29492 ], [ 76.99027, 10.29662 ], [ 76.99302, 10.29801 ], [ 76.99405, 10.29984 ], [ 76.99294, 10.30331 ], [ 77.00005, 10.30757 ], [ 77.00242, 10.30538 ], [ 77.0052, 10.30559 ], [ 77.00574, 10.30718 ], [ 77.00781, 10.30672 ], [ 77.00835, 10.30789 ], [ 77.00616, 10.3094 ], [ 77.01071, 10.31489 ], [ 77.01181, 10.31338 ], [ 77.01514, 10.3115 ], [ 77.01724, 10.31606 ], [ 77.02104, 10.31673 ], [ 77.02087, 10.3205 ], [ 77.0215, 10.32171 ], [ 77.02002, 10.32762 ], [ 77.02107, 10.32867 ], [ 77.02049, 10.33207 ], [ 77.01551, 10.33901 ], [ 77.0145, 10.33977 ], [ 77.00998, 10.33668 ], [ 77.00695, 10.34182 ], [ 77.00537, 10.34175 ], [ 77.00206, 10.34696 ], [ 77.00023, 10.35485 ], [ 77.00034, 10.35827 ], [ 76.99863, 10.36156 ], [ 76.99859, 10.3642 ], [ 76.99438, 10.3686 ], [ 76.98673, 10.3692 ], [ 76.98494, 10.36823 ], [ 76.98376, 10.36962 ], [ 76.98066, 10.36926 ], [ 76.98018, 10.36809 ], [ 76.97521, 10.36546 ], [ 76.97164, 10.36497 ], [ 76.96991, 10.36211 ], [ 76.95964, 10.3581 ], [ 76.96164, 10.3603 ], [ 76.96555, 10.36255 ], [ 76.96926, 10.36349 ], [ 76.97212, 10.36621 ], [ 76.97283, 10.37208 ], [ 76.97067, 10.37458 ], [ 76.97025, 10.37968 ], [ 76.96815, 10.38035 ], [ 76.95742, 10.37562 ], [ 76.94295, 10.38204 ], [ 76.94037, 10.38463 ], [ 76.93207, 10.37951 ], [ 76.92728, 10.37766 ], [ 76.92015, 10.36933 ], [ 76.92285, 10.36327 ], [ 76.92676, 10.3585 ], [ 76.9285, 10.35281 ], [ 76.92789, 10.35116 ], [ 76.9203, 10.34449 ], [ 76.91803, 10.3438 ], [ 76.91938, 10.34781 ], [ 76.92179, 10.35086 ], [ 76.92169, 10.35335 ], [ 76.92052, 10.35572 ], [ 76.91691, 10.35328 ], [ 76.91524, 10.35329 ], [ 76.91377, 10.34905 ], [ 76.9055, 10.34641 ], [ 76.90455, 10.34701 ], [ 76.90636, 10.34995 ], [ 76.91768, 10.35942 ], [ 76.91783, 10.36285 ], [ 76.91412, 10.36241 ], [ 76.90896, 10.36022 ], [ 76.90693, 10.36023 ], [ 76.90289, 10.363 ], [ 76.90002, 10.36373 ], [ 76.8975, 10.3621 ], [ 76.89617, 10.36011 ], [ 76.89687, 10.35844 ], [ 76.89531, 10.35502 ], [ 76.89479, 10.35545 ], [ 76.89719, 10.35292 ], [ 76.8953, 10.35098 ], [ 76.89528, 10.3487 ], [ 76.8968, 10.34618 ], [ 76.90143, 10.34766 ], [ 76.90285, 10.3459 ], [ 76.89533, 10.34173 ], [ 76.8916, 10.34264 ], [ 76.88939, 10.34157 ], [ 76.88752, 10.34191 ], [ 76.88664, 10.34105 ], [ 76.88738, 10.33811 ], [ 76.88659, 10.33605 ], [ 76.87791, 10.32339 ], [ 76.87632, 10.31742 ], [ 76.86941, 10.32043 ], [ 76.86745, 10.32284 ], [ 76.86392, 10.32157 ], [ 76.8582, 10.32228 ], [ 76.85898, 10.32315 ], [ 76.85062, 10.32388 ], [ 76.84877, 10.32575 ], [ 76.84548, 10.32698 ], [ 76.8444, 10.32884 ], [ 76.83792, 10.32897 ], [ 76.83968, 10.33316 ], [ 76.83946, 10.33588 ], [ 76.83808, 10.33809 ], [ 76.83838, 10.34315 ], [ 76.84206, 10.34713 ], [ 76.84381, 10.34781 ], [ 76.84408, 10.35072 ], [ 76.84823, 10.35475 ], [ 76.84729, 10.36037 ], [ 76.85087, 10.36449 ], [ 76.84657, 10.37192 ], [ 76.84594, 10.37467 ], [ 76.84293, 10.37586 ], [ 76.83911, 10.3797 ], [ 76.83621, 10.38032 ], [ 76.83258, 10.38683 ], [ 76.82597, 10.39202 ], [ 76.83619, 10.40042 ], [ 76.83464, 10.40295 ], [ 76.83569, 10.4049 ], [ 76.83491, 10.4049 ], [ 76.83264, 10.40846 ], [ 76.83015, 10.40853 ], [ 76.82796, 10.40675 ], [ 76.82676, 10.40696 ], [ 76.82461, 10.4117 ], [ 76.82524, 10.41416 ], [ 76.81841, 10.42053 ], [ 76.83023, 10.4473 ], [ 76.83289, 10.49608 ], [ 76.84237, 10.52792 ], [ 76.84508, 10.53425 ], [ 76.84368, 10.53802 ], [ 76.83724, 10.542 ], [ 76.83724, 10.54927 ], [ 76.83829, 10.55176 ], [ 76.83778, 10.55416 ], [ 76.82738, 10.58112 ], [ 76.8335, 10.59744 ], [ 76.85653, 10.60732 ], [ 76.8894, 10.60259 ], [ 76.88503, 10.54418 ] ] ] } },
{ "type": "Feature", "properties": { "newname": "Kurinjimala" }, "geometry": { "type": "Polygon", "coordinates": [ [ [ 77.23639, 10.22094 ], [ 77.23683, 10.2191 ], [ 77.23941, 10.21574 ], [ 77.23958, 10.21375 ], [ 77.23875, 10.21241 ], [ 77.23846, 10.20785 ], [ 77.24248, 10.20478 ], [ 77.24474, 10.20027 ], [ 77.24209, 10.19591 ], [ 77.24376, 10.19269 ], [ 77.24359, 10.18865 ], [ 77.23787, 10.18173 ], [ 77.23366, 10.17047 ], [ 77.23209, 10.17095 ], [ 77.22965, 10.17346 ], [ 77.22502, 10.17536 ], [ 77.21733, 10.1767 ], [ 77.21336, 10.1812 ], [ 77.21169, 10.18465 ], [ 77.20161, 10.18879 ], [ 77.19925, 10.18421 ], [ 77.19235, 10.17708 ], [ 77.18704, 10.17366 ], [ 77.18124, 10.17225 ], [ 77.17938, 10.17003 ], [ 77.17334, 10.16626 ], [ 77.17241, 10.16925 ], [ 77.17017, 10.16991 ], [ 77.16534, 10.17625 ], [ 77.16189, 10.18802 ], [ 77.15642, 10.18789 ], [ 77.15737, 10.19501 ], [ 77.18988, 10.20432 ], [ 77.1904, 10.20262 ], [ 77.19154, 10.20188 ], [ 77.19136, 10.19834 ], [ 77.19496, 10.1949 ], [ 77.19949, 10.19406 ], [ 77.20388, 10.19605 ], [ 77.20802, 10.19938 ], [ 77.22351, 10.22463 ], [ 77.22133, 10.23433 ], [ 77.2369, 10.24814 ], [ 77.23934, 10.24539 ], [ 77.24076, 10.23034 ], [ 77.23751, 10.22476 ], [ 77.23639, 10.22094 ] ] ] } },
{ "type": "Feature", "properties": { "newname": "Kurinjimala" }, "geometry": { "type": "Polygon", "coordinates": [ [ [ 77.23369, 10.17053 ], [ 77.23955, 10.16473 ], [ 77.24425, 10.16231 ], [ 77.24577, 10.14922 ], [ 77.24599, 10.13836 ], [ 77.2392, 10.13908 ], [ 77.2297, 10.13657 ], [ 77.22355, 10.13696 ], [ 77.21291, 10.14363 ], [ 77.20915, 10.14847 ], [ 77.20794, 10.15357 ], [ 77.20913, 10.16235 ], [ 77.21256, 10.16863 ], [ 77.21569, 10.17871 ], [ 77.21733, 10.1767 ], [ 77.2231, 10.17595 ], [ 77.22965, 10.17346 ], [ 77.23209, 10.17095 ], [ 77.23369, 10.17053 ] ] ] } },
{ "type": "Feature", "properties": { "newname": "Kurinjimala" }, "geometry": { "type": "Polygon", "coordinates": [ [ [ 77.26794, 10.15784 ], [ 77.2734, 10.15956 ], [ 77.27402, 10.15365 ], [ 77.27241, 10.1457 ], [ 77.2762, 10.14134 ], [ 77.27516, 10.13869 ], [ 77.2763, 10.13668 ], [ 77.27341, 10.13273 ], [ 77.26988, 10.13062 ], [ 77.2668, 10.12583 ], [ 77.26122, 10.12617 ], [ 77.25674, 10.12789 ], [ 77.24797, 10.13414 ], [ 77.24587, 10.13456 ], [ 77.24534, 10.15307 ], [ 77.2532, 10.15771 ], [ 77.25676, 10.16261 ], [ 77.25777, 10.15828 ], [ 77.26193, 10.15752 ], [ 77.26794, 10.15784 ] ] ] } },
{ "type": "Feature", "properties": { "newname": "Pambadum Shola" }, "geometry": { "type": "Polygon", "coordinates": [ [ [ 77.2668, 10.12583 ], [ 77.26988, 10.13062 ], [ 77.27404, 10.13346 ], [ 77.27372, 10.1296 ], [ 77.27001, 10.11811 ], [ 77.26759, 10.10155 ], [ 77.26321, 10.0942 ], [ 77.26247, 10.09059 ], [ 77.26256, 10.08881 ], [ 77.26676, 10.08234 ], [ 77.26791, 10.07811 ], [ 77.26489, 10.05956 ], [ 77.26271, 10.05478 ], [ 77.25135, 10.04203 ], [ 77.25995, 10.03503 ], [ 77.26219, 10.03232 ], [ 77.26406, 10.02742 ], [ 77.26389, 10.02218 ], [ 77.26221, 10.01813 ], [ 77.25621, 10.01035 ], [ 77.25481, 10.01394 ], [ 77.25484, 10.0161 ], [ 77.25585, 10.01805 ], [ 77.25383, 10.01839 ], [ 77.25063, 10.01453 ], [ 77.24919, 10.01796 ], [ 77.24708, 10.0176 ], [ 77.24551, 10.01891 ], [ 77.24066, 10.01418 ], [ 77.23985, 10.01191 ], [ 77.23838, 10.01154 ], [ 77.23908, 10.01013 ], [ 77.2363, 10.00974 ], [ 77.2357, 10.00838 ], [ 77.23448, 10.00871 ], [ 77.23378, 10.007 ], [ 77.2313, 10.01066 ], [ 77.23016, 10.01489 ], [ 77.23044, 10.01925 ], [ 77.23196, 10.02303 ], [ 77.22448, 10.02698 ], [ 77.22039, 10.03263 ], [ 77.21952, 10.03693 ], [ 77.21993, 10.04655 ], [ 77.22264, 10.05203 ], [ 77.23906, 10.06876 ], [ 77.24004, 10.07383 ], [ 77.23601, 10.08129 ], [ 77.23533, 10.09291 ], [ 77.23779, 10.10435 ], [ 77.24184, 10.11082 ], [ 77.24343, 10.12388 ], [ 77.24681, 10.13437 ], [ 77.25674, 10.12789 ], [ 77.26122, 10.12617 ], [ 77.2668, 10.12583 ] ] ] } },
{ "type": "Feature", "properties": { "newname": "Periyar" }, "geometry": { "type": "Polygon", "coordinates": [ [ [ 77.27757, 9.96101 ], [ 77.27637, 9.9559 ], [ 77.27393, 9.95226 ], [ 77.25159, 9.92857 ], [ 77.25201, 9.91536 ], [ 77.25143, 9.9119 ], [ 77.24949, 9.90797 ], [ 77.24347, 9.90142 ], [ 77.2484, 9.75314 ], [ 77.24594, 9.74664 ], [ 77.23123, 9.73085 ], [ 77.231, 9.72397 ], [ 77.22883, 9.7192 ], [ 77.21412, 9.70341 ], [ 77.21498, 9.67058 ], [ 77.21264, 9.66495 ], [ 77.20664, 9.65841 ], [ 77.20718, 9.6427 ], [ 77.21415, 9.63588 ], [ 77.21651, 9.63025 ], [ 77.21695, 9.60714 ], [ 77.21478, 9.60237 ], [ 77.21319, 9.60221 ], [ 77.21231, 9.60416 ], [ 77.21274, 9.60959 ], [ 77.21143, 9.61219 ], [ 77.20465, 9.6137 ], [ 77.19951, 9.613 ], [ 77.19793, 9.60919 ], [ 77.19324, 9.60834 ], [ 77.1908, 9.60647 ], [ 77.18985, 9.62204 ], [ 77.18239, 9.62958 ], [ 77.18035, 9.63623 ], [ 77.17959, 9.66567 ], [ 77.18193, 9.6713 ], [ 77.18793, 9.67785 ], [ 77.18706, 9.71068 ], [ 77.18994, 9.71701 ], [ 77.20411, 9.73211 ], [ 77.20434, 9.73898 ], [ 77.20651, 9.74375 ], [ 77.22122, 9.75954 ], [ 77.21655, 9.90956 ], [ 77.21873, 9.91434 ], [ 77.22474, 9.92089 ], [ 77.22431, 9.93411 ], [ 77.2259, 9.94 ], [ 77.25029, 9.96655 ], [ 77.25051, 9.97335 ], [ 77.25567, 9.97381 ], [ 77.25716, 9.97451 ], [ 77.25686, 9.97576 ], [ 77.26088, 9.9765 ], [ 77.2626, 9.96979 ], [ 77.26369, 9.96937 ], [ 77.26755, 9.97541 ], [ 77.27069, 9.97594 ], [ 77.26997, 9.97858 ], [ 77.26681, 9.98347 ], [ 77.27087, 9.98181 ], [ 77.27419, 9.97892 ], [ 77.2764, 9.97513 ], [ 77.27727, 9.97084 ], [ 77.27757, 9.96101 ] ] ] } },
{ "type": "Feature", "properties": { "newname": "Mathikettan Shola" }, "geometry": { "type": "Polygon", "coordinates": [ [ [ 77.24708, 10.0176 ], [ 77.24919, 10.01796 ], [ 77.25063, 10.01453 ], [ 77.25383, 10.01839 ], [ 77.25585, 10.01805 ], [ 77.25484, 10.0161 ], [ 77.25545, 10.01144 ], [ 77.25791, 10.00792 ], [ 77.26211, 10.00517 ], [ 77.26255, 10.00348 ], [ 77.26118, 9.99509 ], [ 77.26153, 9.99409 ], [ 77.26469, 9.9926 ], [ 77.26623, 9.98443 ], [ 77.26997, 9.97858 ], [ 77.27069, 9.97594 ], [ 77.26755, 9.97541 ], [ 77.26369, 9.96937 ], [ 77.2626, 9.96979 ], [ 77.26088, 9.9765 ], [ 77.25686, 9.97576 ], [ 77.25716, 9.97451 ], [ 77.25567, 9.97381 ], [ 77.24871, 9.97325 ], [ 77.24461, 9.97384 ], [ 77.23862, 9.97604 ], [ 77.23868, 9.97734 ], [ 77.23006, 9.97798 ], [ 77.2296, 9.97827 ], [ 77.23129, 9.97932 ], [ 77.23306, 9.98294 ], [ 77.232, 9.987 ], [ 77.23038, 9.98828 ], [ 77.231, 9.9897 ], [ 77.22618, 9.98886 ], [ 77.22481, 9.99027 ], [ 77.22524, 9.99126 ], [ 77.23081, 9.99239 ], [ 77.23094, 9.99878 ], [ 77.22506, 9.99873 ], [ 77.22306, 9.99784 ], [ 77.22204, 9.99837 ], [ 77.22259, 10.00043 ], [ 77.22556, 10.00323 ], [ 77.22884, 10.00394 ], [ 77.22907, 10.00471 ], [ 77.23058, 10.00451 ], [ 77.23203, 10.00659 ], [ 77.2329, 10.00624 ], [ 77.23395, 10.00713 ], [ 77.23448, 10.00871 ], [ 77.2357, 10.00838 ], [ 77.2363, 10.00974 ], [ 77.23908, 10.01013 ], [ 77.23838, 10.01154 ], [ 77.23985, 10.01191 ], [ 77.24066, 10.01418 ], [ 77.24448, 10.01839 ], [ 77.24606, 10.01882 ], [ 77.24708, 10.0176 ] ] ] } },
{ "type": "Feature", "properties": { "newname": "Srivilliputhur" }, "geometry": { "type": "Polygon", "coordinates": [ [ [ 77.21023, 9.61214 ], [ 77.21171, 9.61041 ], [ 77.21102, 9.60616 ], [ 77.21146, 9.6035 ], [ 77.21559, 9.59944 ], [ 77.21864, 9.60027 ], [ 77.22307, 9.59664 ], [ 77.22398, 9.59089 ], [ 77.23558, 9.58012 ], [ 77.23904, 9.57984 ], [ 77.24405, 9.58349 ], [ 77.25421, 9.58138 ], [ 77.25878, 9.57676 ], [ 77.25942, 9.57506 ], [ 77.26224, 9.57563 ], [ 77.26479, 9.5724 ], [ 77.27106, 9.57133 ], [ 77.27311, 9.57508 ], [ 77.27834, 9.57439 ], [ 77.2815, 9.57784 ], [ 77.29134, 9.58305 ], [ 77.29139, 9.58709 ], [ 77.29536, 9.58742 ], [ 77.30057, 9.59203 ], [ 77.3011, 9.5937 ], [ 77.30463, 9.59696 ], [ 77.3161, 9.59894 ], [ 77.31883, 9.60082 ], [ 77.32283, 9.59692 ], [ 77.32464, 9.59624 ], [ 77.32701, 9.59646 ], [ 77.32925, 9.59861 ], [ 77.33102, 9.59739 ], [ 77.32695, 9.594 ], [ 77.32541, 9.59136 ], [ 77.32712, 9.58734 ], [ 77.32683, 9.58592 ], [ 77.32481, 9.58385 ], [ 77.32668, 9.58198 ], [ 77.32618, 9.57914 ], [ 77.33375, 9.57726 ], [ 77.33548, 9.57544 ], [ 77.33845, 9.57466 ], [ 77.34059, 9.57188 ], [ 77.34307, 9.5755 ], [ 77.34311, 9.57919 ], [ 77.34655, 9.5866 ], [ 77.34887, 9.58903 ], [ 77.3499, 9.59267 ], [ 77.3556, 9.60245 ], [ 77.36223, 9.60078 ], [ 77.36371, 9.59882 ], [ 77.36696, 9.59818 ], [ 77.36718, 9.59445 ], [ 77.3658, 9.59374 ], [ 77.36352, 9.59407 ], [ 77.3619, 9.59624 ], [ 77.35872, 9.59296 ], [ 77.35735, 9.58729 ], [ 77.35611, 9.58515 ], [ 77.35961, 9.58195 ], [ 77.36102, 9.57609 ], [ 77.35936, 9.57254 ], [ 77.3546, 9.57197 ], [ 77.35136, 9.56566 ], [ 77.35366, 9.56114 ], [ 77.35397, 9.55832 ], [ 77.35707, 9.55679 ], [ 77.36239, 9.55654 ], [ 77.36624, 9.5514 ], [ 77.36688, 9.54985 ], [ 77.36568, 9.54265 ], [ 77.36646, 9.54075 ], [ 77.3666, 9.5336 ], [ 77.36982, 9.53342 ], [ 77.374, 9.52861 ], [ 77.37449, 9.52525 ], [ 77.37802, 9.52338 ], [ 77.38151, 9.52378 ], [ 77.38709, 9.5177 ], [ 77.39058, 9.51858 ], [ 77.39826, 9.52235 ], [ 77.40165, 9.52606 ], [ 77.40412, 9.52303 ], [ 77.40461, 9.52113 ], [ 77.40179, 9.51643 ], [ 77.40457, 9.51557 ], [ 77.40633, 9.51376 ], [ 77.40951, 9.51326 ], [ 77.41072, 9.51106 ], [ 77.41276, 9.50999 ], [ 77.41362, 9.5076 ], [ 77.4116, 9.50438 ], [ 77.4085, 9.50342 ], [ 77.40401, 9.49965 ], [ 77.40035, 9.49466 ], [ 77.39961, 9.49025 ], [ 77.4007, 9.48307 ], [ 77.39978, 9.48003 ], [ 77.40033, 9.47848 ], [ 77.40278, 9.4775 ], [ 77.40302, 9.47639 ], [ 77.39809, 9.47002 ], [ 77.39252, 9.46729 ], [ 77.39355, 9.46324 ], [ 77.39249, 9.45997 ], [ 77.39362, 9.45794 ], [ 77.38742, 9.45406 ], [ 77.38465, 9.45302 ], [ 77.38195, 9.45364 ], [ 77.37815, 9.45141 ], [ 77.37524, 9.452 ], [ 77.37372, 9.45511 ], [ 77.36681, 9.45843 ], [ 77.35977, 9.45223 ], [ 77.35721, 9.44632 ], [ 77.34971, 9.43877 ], [ 77.34941, 9.43343 ], [ 77.34645, 9.42789 ], [ 77.34543, 9.42337 ], [ 77.34442, 9.42166 ], [ 77.34096, 9.41954 ], [ 77.33953, 9.41775 ], [ 77.33741, 9.41159 ], [ 77.33818, 9.40845 ], [ 77.34391, 9.40188 ], [ 77.34449, 9.39979 ], [ 77.3406, 9.3921 ], [ 77.34212, 9.38803 ], [ 77.34035, 9.38584 ], [ 77.33727, 9.38543 ], [ 77.33537, 9.37907 ], [ 77.33563, 9.37668 ], [ 77.3375, 9.37546 ], [ 77.33696, 9.37093 ], [ 77.33857, 9.36726 ], [ 77.33812, 9.36343 ], [ 77.33643, 9.36206 ], [ 77.33662, 9.35983 ], [ 77.33421, 9.35487 ], [ 77.33021, 9.34838 ], [ 77.32692, 9.34491 ], [ 77.32591, 9.34189 ], [ 77.32617, 9.33563 ], [ 77.32153, 9.33611 ], [ 77.31678, 9.3335 ], [ 77.31242, 9.33393 ], [ 77.31049, 9.33552 ], [ 77.30583, 9.33647 ], [ 77.30107, 9.3352 ], [ 77.3021, 9.32871 ], [ 77.29938, 9.32868 ], [ 77.29819, 9.32784 ], [ 77.30242, 9.32357 ], [ 77.30354, 9.31782 ], [ 77.30043, 9.31273 ], [ 77.30036, 9.30928 ], [ 77.29829, 9.30698 ], [ 77.29696, 9.30678 ], [ 77.29432, 9.30308 ], [ 77.29063, 9.30237 ], [ 77.28962, 9.3003 ], [ 77.28623, 9.29945 ], [ 77.28412, 9.29994 ], [ 77.28327, 9.29715 ], [ 77.28496, 9.29259 ], [ 77.28437, 9.29 ], [ 77.28681, 9.28654 ], [ 77.28636, 9.28368 ], [ 77.28888, 9.27984 ], [ 77.28907, 9.27271 ], [ 77.28307, 9.27145 ], [ 77.27917, 9.27275 ], [ 77.27368, 9.2779 ], [ 77.26625, 9.27998 ], [ 77.26273, 9.27987 ], [ 77.25871, 9.28413 ], [ 77.25298, 9.28604 ], [ 77.25007, 9.28836 ], [ 77.24559, 9.28856 ], [ 77.24502, 9.28409 ], [ 77.24403, 9.28218 ], [ 77.24089, 9.28373 ], [ 77.23822, 9.28105 ], [ 77.23647, 9.29166 ], [ 77.22985, 9.29573 ], [ 77.22563, 9.29424 ], [ 77.22544, 9.29507 ], [ 77.22697, 9.30315 ], [ 77.22553, 9.31032 ], [ 77.22812, 9.31375 ], [ 77.22916, 9.31693 ], [ 77.2336, 9.32138 ], [ 77.23613, 9.32256 ], [ 77.23564, 9.32596 ], [ 77.23437, 9.3266 ], [ 77.23187, 9.32129 ], [ 77.22735, 9.31782 ], [ 77.21605, 9.31785 ], [ 77.21247, 9.3237 ], [ 77.20848, 9.32609 ], [ 77.20792, 9.3235 ], [ 77.20486, 9.31956 ], [ 77.19874, 9.31553 ], [ 77.19488, 9.31474 ], [ 77.19292, 9.31652 ], [ 77.19145, 9.31531 ], [ 77.18884, 9.31479 ], [ 77.18655, 9.31635 ], [ 77.18637, 9.31772 ], [ 77.18863, 9.31912 ], [ 77.18712, 9.3193 ], [ 77.18773, 9.32392 ], [ 77.19155, 9.32115 ], [ 77.18776, 9.32565 ], [ 77.18633, 9.32586 ], [ 77.18608, 9.32705 ], [ 77.187, 9.32865 ], [ 77.18826, 9.32808 ], [ 77.18912, 9.32856 ], [ 77.19099, 9.32684 ], [ 77.19101, 9.32835 ], [ 77.18864, 9.33007 ], [ 77.18847, 9.33117 ], [ 77.19019, 9.33163 ], [ 77.18969, 9.33366 ], [ 77.19263, 9.34004 ], [ 77.19393, 9.34839 ], [ 77.1964, 9.3546 ], [ 77.19737, 9.36023 ], [ 77.19651, 9.36102 ], [ 77.19663, 9.36253 ], [ 77.19491, 9.36234 ], [ 77.19284, 9.3601 ], [ 77.18893, 9.36157 ], [ 77.18809, 9.36373 ], [ 77.18646, 9.36402 ], [ 77.18494, 9.36645 ], [ 77.18346, 9.3669 ], [ 77.18415, 9.36847 ], [ 77.18087, 9.36964 ], [ 77.17656, 9.36964 ], [ 77.17628, 9.3717 ], [ 77.17177, 9.36991 ], [ 77.17001, 9.37075 ], [ 77.17011, 9.37244 ], [ 77.17078, 9.3722 ], [ 77.17303, 9.37536 ], [ 77.17071, 9.37808 ], [ 77.17078, 9.37898 ], [ 77.17197, 9.37966 ], [ 77.17297, 9.37856 ], [ 77.17424, 9.38061 ], [ 77.17502, 9.38025 ], [ 77.17551, 9.37837 ], [ 77.1769, 9.37862 ], [ 77.17828, 9.37677 ], [ 77.17835, 9.37951 ], [ 77.17931, 9.38017 ], [ 77.18285, 9.37845 ], [ 77.18358, 9.37664 ], [ 77.18827, 9.37642 ], [ 77.18931, 9.37704 ], [ 77.18433, 9.37783 ], [ 77.18391, 9.37965 ], [ 77.18287, 9.37951 ], [ 77.18035, 9.38148 ], [ 77.17744, 9.38066 ], [ 77.17593, 9.38261 ], [ 77.17234, 9.38256 ], [ 77.17352, 9.38575 ], [ 77.17551, 9.38543 ], [ 77.1785, 9.38632 ], [ 77.17478, 9.3878 ], [ 77.1769, 9.39278 ], [ 77.17221, 9.38731 ], [ 77.1707, 9.38726 ], [ 77.17186, 9.38652 ], [ 77.17034, 9.38383 ], [ 77.16908, 9.38338 ], [ 77.1681, 9.38703 ], [ 77.17133, 9.39053 ], [ 77.17028, 9.39239 ], [ 77.16865, 9.39257 ], [ 77.16801, 9.39349 ], [ 77.1676, 9.3968 ], [ 77.16655, 9.39786 ], [ 77.16526, 9.39747 ], [ 77.16495, 9.398 ], [ 77.16719, 9.3991 ], [ 77.16652, 9.39991 ], [ 77.16792, 9.40015 ], [ 77.16853, 9.40104 ], [ 77.16816, 9.40228 ], [ 77.17032, 9.40358 ], [ 77.16963, 9.40467 ], [ 77.17038, 9.4052 ], [ 77.17002, 9.40606 ], [ 77.17229, 9.40601 ], [ 77.17112, 9.40775 ], [ 77.17038, 9.40747 ], [ 77.16799, 9.40971 ], [ 77.17019, 9.4101 ], [ 77.17648, 9.40822 ], [ 77.17697, 9.41414 ], [ 77.17777, 9.41428 ], [ 77.17886, 9.41762 ], [ 77.17816, 9.41358 ], [ 77.17976, 9.41257 ], [ 77.18078, 9.41 ], [ 77.18228, 9.4096 ], [ 77.18325, 9.40829 ], [ 77.18394, 9.40889 ], [ 77.18718, 9.42071 ], [ 77.18851, 9.42129 ], [ 77.19022, 9.42385 ], [ 77.19091, 9.42629 ], [ 77.18809, 9.43292 ], [ 77.18484, 9.43152 ], [ 77.18643, 9.4355 ], [ 77.18658, 9.43811 ], [ 77.18235, 9.43959 ], [ 77.18081, 9.43755 ], [ 77.1794, 9.4389 ], [ 77.17742, 9.43649 ], [ 77.1767, 9.43763 ], [ 77.17429, 9.43732 ], [ 77.17211, 9.44094 ], [ 77.16894, 9.4408 ], [ 77.16763, 9.44201 ], [ 77.16708, 9.44579 ], [ 77.16597, 9.44545 ], [ 77.16635, 9.44281 ], [ 77.16503, 9.44373 ], [ 77.16425, 9.44322 ], [ 77.1657, 9.43944 ], [ 77.16458, 9.438 ], [ 77.16458, 9.4349 ], [ 77.16272, 9.43678 ], [ 77.16217, 9.43848 ], [ 77.16282, 9.44261 ], [ 77.16648, 9.4467 ], [ 77.17145, 9.45604 ], [ 77.16982, 9.45485 ], [ 77.16634, 9.44938 ], [ 77.1643, 9.44872 ], [ 77.16344, 9.44467 ], [ 77.16115, 9.4422 ], [ 77.16145, 9.44048 ], [ 77.16142, 9.43908 ], [ 77.16108, 9.43864 ], [ 77.16032, 9.43861 ], [ 77.16009, 9.43797 ], [ 77.16062, 9.43724 ], [ 77.16077, 9.43586 ], [ 77.16081, 9.43105 ], [ 77.16027, 9.43023 ], [ 77.16074, 9.42981 ], [ 77.16089, 9.42827 ], [ 77.16067, 9.42632 ], [ 77.16156, 9.42497 ], [ 77.16116, 9.42369 ], [ 77.16144, 9.42347 ], [ 77.1623, 9.42369 ], [ 77.16271, 9.42346 ], [ 77.16265, 9.42281 ], [ 77.16185, 9.42172 ], [ 77.1621, 9.42114 ], [ 77.16413, 9.42073 ], [ 77.16436, 9.42043 ], [ 77.16431, 9.42004 ], [ 77.16367, 9.41931 ], [ 77.16248, 9.4185 ], [ 77.16223, 9.4185 ], [ 77.16154, 9.41911 ], [ 77.16056, 9.41851 ], [ 77.16071, 9.41721 ], [ 77.16014, 9.41612 ], [ 77.16113, 9.41547 ], [ 77.16137, 9.41452 ], [ 77.16227, 9.41407 ], [ 77.16238, 9.41316 ], [ 77.1621, 9.41314 ], [ 77.16185, 9.4136 ], [ 77.16058, 9.41264 ], [ 77.15958, 9.41224 ], [ 77.15622, 9.41217 ], [ 77.15454, 9.40989 ], [ 77.15216, 9.40949 ], [ 77.15075, 9.40989 ], [ 77.14864, 9.40923 ], [ 77.14915, 9.40784 ], [ 77.14898, 9.40623 ], [ 77.14787, 9.40499 ], [ 77.14655, 9.40503 ], [ 77.14577, 9.40315 ], [ 77.1465, 9.40236 ], [ 77.14742, 9.40028 ], [ 77.1504, 9.40019 ], [ 77.15096, 9.39834 ], [ 77.15781, 9.39402 ], [ 77.15897, 9.38855 ], [ 77.15835, 9.38584 ], [ 77.15737, 9.38603 ], [ 77.15657, 9.38814 ], [ 77.15617, 9.38787 ], [ 77.1544, 9.3879 ], [ 77.15354, 9.38827 ], [ 77.15192, 9.38946 ], [ 77.15182, 9.38647 ], [ 77.15145, 9.38623 ], [ 77.15066, 9.38646 ], [ 77.1516, 9.38643 ], [ 77.15178, 9.38692 ], [ 77.15171, 9.38743 ], [ 77.15149, 9.38668 ], [ 77.15029, 9.3867 ], [ 77.14916, 9.38576 ], [ 77.14955, 9.38475 ], [ 77.15082, 9.38446 ], [ 77.15524, 9.3805 ], [ 77.15529, 9.37745 ], [ 77.15654, 9.37468 ], [ 77.1587, 9.37499 ], [ 77.15836, 9.36755 ], [ 77.15549, 9.36568 ], [ 77.15261, 9.36229 ], [ 77.14129, 9.3444 ], [ 77.1363, 9.34236 ], [ 77.1338, 9.33945 ], [ 77.13183, 9.34111 ], [ 77.13034, 9.34389 ], [ 77.12861, 9.34951 ], [ 77.12902, 9.35287 ], [ 77.13024, 9.35429 ], [ 77.13051, 9.35955 ], [ 77.12881, 9.3628 ], [ 77.12729, 9.36901 ], [ 77.12885, 9.37158 ], [ 77.12793, 9.37412 ], [ 77.12925, 9.37507 ], [ 77.12878, 9.38053 ], [ 77.12095, 9.39182 ], [ 77.11451, 9.39361 ], [ 77.1138, 9.39155 ], [ 77.11149, 9.39717 ], [ 77.10959, 9.39846 ], [ 77.10861, 9.3986 ], [ 77.10617, 9.39327 ], [ 77.10007, 9.39416 ], [ 77.09807, 9.39202 ], [ 77.09258, 9.39416 ], [ 77.09024, 9.3927 ], [ 77.08898, 9.38995 ], [ 77.08593, 9.39172 ], [ 77.08319, 9.39175 ], [ 77.08146, 9.39283 ], [ 77.07929, 9.39599 ], [ 77.07726, 9.39555 ], [ 77.07688, 9.39863 ], [ 77.07383, 9.40087 ], [ 77.07173, 9.40568 ], [ 77.07292, 9.40873 ], [ 77.07249, 9.41195 ], [ 77.0702, 9.41278 ], [ 77.06695, 9.41541 ], [ 77.0624, 9.4144 ], [ 77.05704, 9.41624 ], [ 77.0536, 9.41617 ], [ 77.04785, 9.41247 ], [ 77.03862, 9.41147 ], [ 77.0365, 9.4078 ], [ 77.03304, 9.40777 ], [ 77.0293, 9.40558 ], [ 77.02624, 9.40762 ], [ 77.02215, 9.40467 ], [ 77.01325, 9.40756 ], [ 77.01042, 9.40742 ], [ 77.01144, 9.40963 ], [ 77.01121, 9.41319 ], [ 77.01301, 9.41616 ], [ 77.01215, 9.41822 ], [ 77.00412, 9.4172 ], [ 76.99903, 9.42173 ], [ 76.99719, 9.42173 ], [ 76.99385, 9.42007 ], [ 76.99113, 9.42039 ], [ 76.98851, 9.42174 ], [ 76.97764, 9.42258 ], [ 76.9763, 9.42208 ], [ 76.97576, 9.42064 ], [ 76.97463, 9.42057 ], [ 76.97259, 9.42284 ], [ 76.97053, 9.42329 ], [ 76.96232, 9.42133 ], [ 76.96076, 9.41871 ], [ 76.9541, 9.41916 ], [ 76.95025, 9.41745 ], [ 76.94659, 9.41718 ], [ 76.94374, 9.41724 ], [ 76.94218, 9.41848 ], [ 76.9427, 9.42035 ], [ 76.94109, 9.42938 ], [ 76.94223, 9.43085 ], [ 76.94697, 9.4331 ], [ 76.9464, 9.43557 ], [ 76.94433, 9.43747 ], [ 76.94214, 9.4433 ], [ 76.95246, 9.44776 ], [ 76.95667, 9.45509 ], [ 76.96042, 9.4559 ], [ 76.96005, 9.459 ], [ 76.96097, 9.45971 ], [ 76.96531, 9.46225 ], [ 76.97041, 9.46192 ], [ 76.97343, 9.46459 ], [ 76.97673, 9.46382 ], [ 76.98083, 9.46496 ], [ 76.98433, 9.46483 ], [ 76.98704, 9.47023 ], [ 76.99078, 9.46884 ], [ 76.99244, 9.46943 ], [ 76.99263, 9.47059 ], [ 76.9912, 9.47359 ], [ 76.99246, 9.47477 ], [ 76.99749, 9.47477 ], [ 77.00197, 9.47751 ], [ 77.00339, 9.4795 ], [ 77.00777, 9.47874 ], [ 77.00888, 9.48008 ], [ 77.01648, 9.48367 ], [ 77.01786, 9.48517 ], [ 77.02028, 9.48545 ], [ 77.02005, 9.48942 ], [ 77.02479, 9.48779 ], [ 77.02634, 9.49066 ], [ 77.02866, 9.49017 ], [ 77.0331, 9.493 ], [ 77.03176, 9.49478 ], [ 77.03457, 9.49632 ], [ 77.03492, 9.49814 ], [ 77.03708, 9.49861 ], [ 77.04116, 9.50129 ], [ 77.04657, 9.50216 ], [ 77.04915, 9.50474 ], [ 77.05054, 9.50467 ], [ 77.05484, 9.50675 ], [ 77.06091, 9.50734 ], [ 77.06269, 9.50852 ], [ 77.06482, 9.50847 ], [ 77.07123, 9.51071 ], [ 77.0727, 9.51042 ], [ 77.07417, 9.50849 ], [ 77.07741, 9.5068 ], [ 77.08287, 9.50766 ], [ 77.08556, 9.51096 ], [ 77.08506, 9.51232 ], [ 77.08882, 9.51305 ], [ 77.09014, 9.51248 ], [ 77.09491, 9.51459 ], [ 77.1133, 9.5253 ], [ 77.10739, 9.5341 ], [ 77.09575, 9.54094 ], [ 77.09649, 9.54824 ], [ 77.09739, 9.54802 ], [ 77.09792, 9.54926 ], [ 77.09909, 9.54821 ], [ 77.10228, 9.55031 ], [ 77.10628, 9.55035 ], [ 77.10872, 9.54926 ], [ 77.1094, 9.54787 ], [ 77.10892, 9.54639 ], [ 77.11319, 9.54609 ], [ 77.11371, 9.54724 ], [ 77.11667, 9.54634 ], [ 77.11986, 9.54793 ], [ 77.12044, 9.54992 ], [ 77.12154, 9.55058 ], [ 77.12117, 9.55214 ], [ 77.11715, 9.55439 ], [ 77.116, 9.55614 ], [ 77.11254, 9.55858 ], [ 77.11364, 9.56038 ], [ 77.11385, 9.55948 ], [ 77.11538, 9.56031 ], [ 77.11575, 9.56182 ], [ 77.12117, 9.56142 ], [ 77.11996, 9.56638 ], [ 77.12038, 9.56757 ], [ 77.12501, 9.57107 ], [ 77.1287, 9.57185 ], [ 77.13001, 9.57439 ], [ 77.13416, 9.57797 ], [ 77.13391, 9.57985 ], [ 77.13181, 9.57998 ], [ 77.13153, 9.58129 ], [ 77.13412, 9.58346 ], [ 77.13235, 9.58631 ], [ 77.13596, 9.58796 ], [ 77.13758, 9.58638 ], [ 77.1406, 9.58777 ], [ 77.146, 9.58423 ], [ 77.14825, 9.58703 ], [ 77.1461, 9.58926 ], [ 77.14607, 9.59032 ], [ 77.14723, 9.59071 ], [ 77.14901, 9.58905 ], [ 77.15072, 9.58928 ], [ 77.15216, 9.59136 ], [ 77.15476, 9.59217 ], [ 77.15491, 9.59326 ], [ 77.15633, 9.59409 ], [ 77.15668, 9.59782 ], [ 77.1543, 9.60185 ], [ 77.15993, 9.60569 ], [ 77.16123, 9.608 ], [ 77.16323, 9.60605 ], [ 77.16423, 9.59814 ], [ 77.16525, 9.59678 ], [ 77.16583, 9.59699 ], [ 77.16544, 9.5998 ], [ 77.16782, 9.60175 ], [ 77.17038, 9.60092 ], [ 77.17302, 9.59592 ], [ 77.17371, 9.59654 ], [ 77.17318, 9.59879 ], [ 77.17469, 9.60036 ], [ 77.17683, 9.6087 ], [ 77.17829, 9.60907 ], [ 77.1831, 9.60779 ], [ 77.18702, 9.60527 ], [ 77.18997, 9.60462 ], [ 77.19263, 9.60805 ], [ 77.19507, 9.60799 ], [ 77.19833, 9.60927 ], [ 77.19951, 9.613 ], [ 77.2048, 9.61304 ], [ 77.2087, 9.61171 ], [ 77.21023, 9.61214 ] ], [ [ 77.1618, 9.42126 ], [ 77.16179, 9.422 ], [ 77.16262, 9.42328 ], [ 77.1611, 9.4235 ], [ 77.16138, 9.42517 ], [ 77.16054, 9.4263 ], [ 77.16012, 9.43075 ], [ 77.16068, 9.43107 ], [ 77.16063, 9.43585 ], [ 77.15995, 9.43798 ], [ 77.16021, 9.43869 ], [ 77.16129, 9.43912 ], [ 77.1612, 9.44083 ], [ 77.1612, 9.43998 ], [ 77.15984, 9.43921 ], [ 77.15979, 9.43692 ], [ 77.15872, 9.43681 ], [ 77.15646, 9.43447 ], [ 77.15478, 9.43441 ], [ 77.15429, 9.43347 ], [ 77.15588, 9.42969 ], [ 77.15529, 9.42873 ], [ 77.15363, 9.42881 ], [ 77.15334, 9.42759 ], [ 77.15535, 9.42552 ], [ 77.15652, 9.4229 ], [ 77.15669, 9.4216 ], [ 77.15591, 9.42065 ], [ 77.15696, 9.4183 ], [ 77.1597, 9.42289 ], [ 77.15901, 9.42471 ], [ 77.15996, 9.42425 ], [ 77.16048, 9.42269 ], [ 77.15783, 9.41714 ], [ 77.15707, 9.41687 ], [ 77.15775, 9.41548 ], [ 77.15636, 9.41271 ], [ 77.15714, 9.41237 ], [ 77.15608, 9.41234 ], [ 77.15567, 9.41209 ], [ 77.15532, 9.41172 ], [ 77.15499, 9.41084 ], [ 77.15617, 9.41229 ], [ 77.15954, 9.41237 ], [ 77.16185, 9.41373 ], [ 77.16226, 9.41323 ], [ 77.16, 9.41608 ], [ 77.16042, 9.41854 ], [ 77.16154, 9.41925 ], [ 77.16243, 9.41863 ], [ 77.16422, 9.42025 ], [ 77.1621, 9.42114 ], [ 77.1618, 9.42126 ] ], [ [ 77.15059, 9.41009 ], [ 77.14861, 9.40948 ], [ 77.14848, 9.40928 ], [ 77.14848, 9.40919 ], [ 77.15011, 9.40993 ], [ 77.15464, 9.41025 ], [ 77.15059, 9.41009 ] ], [ [ 77.14886, 9.40699 ], [ 77.14902, 9.40783 ], [ 77.14891, 9.40811 ], [ 77.14886, 9.40699 ] ], [ [ 77.14763, 9.40532 ], [ 77.14661, 9.4053 ], [ 77.14649, 9.40516 ], [ 77.14781, 9.40511 ], [ 77.14885, 9.40627 ], [ 77.14886, 9.40684 ], [ 77.14763, 9.40532 ] ], [ [ 77.14616, 9.40473 ], [ 77.14637, 9.40484 ], [ 77.14636, 9.405 ], [ 77.14616, 9.40473 ] ], [ [ 77.14578, 9.40345 ], [ 77.1459, 9.40366 ], [ 77.14591, 9.40417 ], [ 77.14578, 9.40345 ] ], [ [ 77.14638, 9.40229 ], [ 77.14631, 9.40235 ], [ 77.14634, 9.40172 ], [ 77.14638, 9.40229 ] ], [ [ 77.15042, 9.39991 ], [ 77.15038, 9.39998 ], [ 77.15043, 9.39953 ], [ 77.15059, 9.39884 ], [ 77.15042, 9.39991 ] ], [ [ 77.1582, 9.39074 ], [ 77.15812, 9.39138 ], [ 77.15817, 9.39093 ], [ 77.1582, 9.39074 ] ], [ [ 77.15181, 9.38958 ], [ 77.15296, 9.38907 ], [ 77.1519, 9.38978 ], [ 77.15139, 9.38878 ], [ 77.15181, 9.38958 ] ], [ [ 77.15444, 9.38804 ], [ 77.15526, 9.388 ], [ 77.15664, 9.38827 ], [ 77.15454, 9.38815 ], [ 77.15297, 9.38906 ], [ 77.15444, 9.38804 ] ], [ [ 77.15831, 9.38707 ], [ 77.15829, 9.3862 ], [ 77.15723, 9.38664 ], [ 77.15747, 9.38613 ], [ 77.15838, 9.38605 ], [ 77.15878, 9.38874 ], [ 77.15831, 9.38707 ] ] ] } },
{ "type": "Feature", "properties": { "newname": "Periyar" }, "geometry": { "type": "Polygon", "coordinates": [ [ [ 77.25007, 9.28836 ], [ 77.25298, 9.28604 ], [ 77.25871, 9.28413 ], [ 77.26273, 9.27987 ], [ 77.26766, 9.27967 ], [ 77.25142, 9.26309 ], [ 77.24163, 9.24534 ], [ 77.19758, 9.21316 ], [ 77.18267, 9.2066 ], [ 77.17853, 9.19512 ], [ 77.17231, 9.16455 ], [ 77.1631, 9.15009 ], [ 77.1592, 9.12983 ], [ 77.14922, 9.09185 ], [ 77.15828, 9.06269 ], [ 77.15857, 9.05834 ], [ 77.15741, 9.0527 ], [ 77.15873, 9.0485 ], [ 77.16405, 9.04941 ], [ 77.16995, 9.04784 ], [ 77.17402, 9.04454 ], [ 77.17673, 9.03909 ], [ 77.17691, 9.03387 ], [ 77.1731, 9.01661 ], [ 77.17486, 9.0036 ], [ 77.17843, 9.00151 ], [ 77.18084, 8.99897 ], [ 77.1833, 8.99249 ], [ 77.18302, 8.98814 ], [ 77.17961, 8.97811 ], [ 77.18091, 8.96656 ], [ 77.18697, 8.94308 ], [ 77.18428, 8.92672 ], [ 77.15862, 8.93553 ], [ 77.15978, 8.94132 ], [ 77.15437, 8.9619 ], [ 77.15245, 8.97918 ], [ 77.15301, 8.9835 ], [ 77.1509, 8.9864 ], [ 77.14948, 8.99053 ], [ 77.14604, 9.01584 ], [ 77.14647, 9.02085 ], [ 77.13859, 9.02728 ], [ 77.13555, 9.03247 ], [ 77.13021, 9.04993 ], [ 77.13009, 9.05342 ], [ 77.13125, 9.05906 ], [ 77.12211, 9.08847 ], [ 77.12193, 9.09369 ], [ 77.13293, 9.13579 ], [ 77.13747, 9.1591 ], [ 77.14699, 9.17443 ], [ 77.1526, 9.20255 ], [ 77.16049, 9.22364 ], [ 77.16558, 9.22839 ], [ 77.18374, 9.23623 ], [ 77.22076, 9.26286 ], [ 77.22945, 9.27886 ], [ 77.237, 9.28679 ], [ 77.23822, 9.28105 ], [ 77.24078, 9.28369 ], [ 77.24403, 9.28218 ], [ 77.24512, 9.28348 ], [ 77.24559, 9.28856 ], [ 77.25007, 9.28836 ] ] ] } },
{ "type": "Feature", "properties": { "newname": "Mundanthurai" }, "geometry": { "type": "Polygon", "coordinates": [ [ [ 77.08841, 8.95771 ], [ 77.09165, 8.96266 ], [ 77.09295, 8.96363 ], [ 77.09453, 8.96353 ], [ 77.10282, 8.95621 ], [ 77.10762, 8.95313 ], [ 77.12765, 8.94503 ], [ 77.16609, 8.93324 ], [ 77.1856, 8.9263 ], [ 77.19729, 8.92497 ], [ 77.20132, 8.91705 ], [ 77.20286, 8.91584 ], [ 77.20369, 8.91583 ], [ 77.20388, 8.91683 ], [ 77.20382, 8.92672 ], [ 77.20458, 8.929 ], [ 77.20654, 8.93145 ], [ 77.20885, 8.9327 ], [ 77.21151, 8.93276 ], [ 77.21613, 8.92813 ], [ 77.22443, 8.92266 ], [ 77.22439, 8.91973 ], [ 77.22327, 8.91846 ], [ 77.21867, 8.91651 ], [ 77.21753, 8.91377 ], [ 77.21854, 8.9068 ], [ 77.22157, 8.89981 ], [ 77.22999, 8.89806 ], [ 77.23916, 8.89398 ], [ 77.24042, 8.8925 ], [ 77.23958, 8.88354 ], [ 77.24007, 8.87914 ], [ 77.24224, 8.87692 ], [ 77.25194, 8.87515 ], [ 77.25394, 8.87403 ], [ 77.25791, 8.86885 ], [ 77.25897, 8.86554 ], [ 77.25894, 8.86316 ], [ 77.25632, 8.85862 ], [ 77.25629, 8.85679 ], [ 77.26119, 8.85215 ], [ 77.2606, 8.84923 ], [ 77.25874, 8.84705 ], [ 77.26139, 8.83951 ], [ 77.26131, 8.8361 ], [ 77.25296, 8.82796 ], [ 77.25146, 8.82505 ], [ 77.24894, 8.81409 ], [ 77.24744, 8.81155 ], [ 77.23688, 8.80307 ], [ 77.23409, 8.79981 ], [ 77.21741, 8.80792 ], [ 77.21558, 8.81385 ], [ 77.21202, 8.81942 ], [ 77.20739, 8.82127 ], [ 77.19214, 8.82241 ], [ 77.18606, 8.8242 ], [ 77.17944, 8.82866 ], [ 77.17588, 8.83423 ], [ 77.16977, 8.84936 ], [ 77.16534, 8.85253 ], [ 77.15734, 8.85358 ], [ 77.14734, 8.85849 ], [ 77.15413, 8.86869 ], [ 77.15417, 8.87202 ], [ 77.15314, 8.8749 ], [ 77.15092, 8.87855 ], [ 77.14554, 8.88451 ], [ 77.13222, 8.89616 ], [ 77.10815, 8.91073 ], [ 77.0903, 8.91535 ], [ 77.08465, 8.92047 ], [ 77.07893, 8.92235 ], [ 77.07231, 8.92606 ], [ 77.0651, 8.92725 ], [ 77.06133, 8.9288 ], [ 77.05119, 8.93481 ], [ 77.04922, 8.94038 ], [ 77.04962, 8.94249 ], [ 77.05719, 8.95942 ], [ 77.05841, 8.96079 ], [ 77.0692, 8.96451 ], [ 77.07584, 8.96292 ], [ 77.08343, 8.95875 ], [ 77.08841, 8.95771 ] ] ] } },
{ "type": "Feature", "properties": { "newname": "Bannerghatta" }, "geometry": { "type": "Polygon", "coordinates": [ [ [ 77.58604, 12.84033 ], [ 77.58855, 12.84066 ], [ 77.5939, 12.83927 ], [ 77.59319, 12.83335 ], [ 77.58508, 12.83129 ], [ 77.58529, 12.82865 ], [ 77.58028, 12.82875 ], [ 77.57995, 12.82443 ], [ 77.5782, 12.82152 ], [ 77.57564, 12.8134 ], [ 77.57467, 12.8055 ], [ 77.57291, 12.80313 ], [ 77.57472, 12.80198 ], [ 77.57702, 12.80245 ], [ 77.57658, 12.80018 ], [ 77.57456, 12.79945 ], [ 77.57313, 12.79707 ], [ 77.56565, 12.79398 ], [ 77.56529, 12.79189 ], [ 77.57668, 12.79041 ], [ 77.5801, 12.7866 ], [ 77.58471, 12.79175 ], [ 77.59338, 12.78677 ], [ 77.59817, 12.78876 ], [ 77.59337, 12.77759 ], [ 77.59368, 12.77543 ], [ 77.59658, 12.77089 ], [ 77.5966, 12.76859 ], [ 77.59872, 12.76416 ], [ 77.59933, 12.76002 ], [ 77.59931, 12.75778 ], [ 77.59586, 12.75075 ], [ 77.6038, 12.74931 ], [ 77.60072, 12.74184 ], [ 77.5987, 12.72968 ], [ 77.59457, 12.73097 ], [ 77.58215, 12.74032 ], [ 77.58647, 12.74409 ], [ 77.58638, 12.74768 ], [ 77.58411, 12.74774 ], [ 77.58376, 12.75006 ], [ 77.58046, 12.75058 ], [ 77.57629, 12.7498 ], [ 77.57581, 12.74725 ], [ 77.57075, 12.73879 ], [ 77.56924, 12.73341 ], [ 77.57359, 12.73166 ], [ 77.57263, 12.72933 ], [ 77.56811, 12.7312 ], [ 77.55907, 12.73077 ], [ 77.55843, 12.72457 ], [ 77.56054, 12.71291 ], [ 77.5655, 12.70125 ], [ 77.56857, 12.69874 ], [ 77.57636, 12.70166 ], [ 77.58604, 12.71115 ], [ 77.59649, 12.71896 ], [ 77.61707, 12.70877 ], [ 77.61682, 12.71177 ], [ 77.61821, 12.71342 ], [ 77.62265, 12.71177 ], [ 77.62714, 12.70916 ], [ 77.63024, 12.70615 ], [ 77.63245, 12.69157 ], [ 77.639, 12.67592 ], [ 77.62799, 12.67393 ], [ 77.60001, 12.66631 ], [ 77.59897, 12.66397 ], [ 77.59709, 12.65164 ], [ 77.59779, 12.64639 ], [ 77.59369, 12.64467 ], [ 77.58984, 12.64461 ], [ 77.58825, 12.64118 ], [ 77.58624, 12.63232 ], [ 77.58329, 12.63183 ], [ 77.58363, 12.63394 ], [ 77.57941, 12.63463 ], [ 77.57841, 12.63116 ], [ 77.57503, 12.63179 ], [ 77.57487, 12.63516 ], [ 77.57874, 12.64593 ], [ 77.58064, 12.65552 ], [ 77.58513, 12.65494 ], [ 77.58704, 12.65563 ], [ 77.58964, 12.66875 ], [ 77.58755, 12.67005 ], [ 77.58891, 12.67325 ], [ 77.58738, 12.67463 ], [ 77.58575, 12.67811 ], [ 77.5804, 12.67851 ], [ 77.57153, 12.68184 ], [ 77.57569, 12.68843 ], [ 77.57846, 12.69095 ], [ 77.5761, 12.69201 ], [ 77.57014, 12.69396 ], [ 77.56078, 12.6921 ], [ 77.55234, 12.68535 ], [ 77.53367, 12.69133 ], [ 77.52542, 12.6967 ], [ 77.525, 12.70295 ], [ 77.52584, 12.70556 ], [ 77.53419, 12.72142 ], [ 77.53257, 12.72467 ], [ 77.52646, 12.72515 ], [ 77.52235, 12.73182 ], [ 77.52791, 12.74203 ], [ 77.53364, 12.74856 ], [ 77.53363, 12.75114 ], [ 77.53611, 12.755 ], [ 77.53976, 12.75033 ], [ 77.54176, 12.75024 ], [ 77.5473, 12.76864 ], [ 77.54936, 12.76985 ], [ 77.55245, 12.77001 ], [ 77.55296, 12.77204 ], [ 77.54832, 12.77298 ], [ 77.5462, 12.77433 ], [ 77.54565, 12.77678 ], [ 77.54947, 12.78341 ], [ 77.54869, 12.78737 ], [ 77.54498, 12.79241 ], [ 77.54448, 12.79463 ], [ 77.54479, 12.79669 ], [ 77.54667, 12.7979 ], [ 77.55235, 12.79912 ], [ 77.55707, 12.79892 ], [ 77.5588, 12.80109 ], [ 77.56149, 12.80142 ], [ 77.5607, 12.80357 ], [ 77.56063, 12.80978 ], [ 77.5545, 12.81169 ], [ 77.55499, 12.8146 ], [ 77.55306, 12.81574 ], [ 77.55385, 12.81834 ], [ 77.56651, 12.8091 ], [ 77.58173, 12.83652 ], [ 77.57948, 12.83729 ], [ 77.58189, 12.84134 ], [ 77.58448, 12.84267 ], [ 77.58604, 12.84033 ] ] ] } },
{ "type": "Feature", "properties": { "newname": "Bannerghatta" }, "geometry": { "type": "Polygon", "coordinates": [ [ [ 77.59204, 12.61003 ], [ 77.58734, 12.61404 ], [ 77.60054, 12.63696 ], [ 77.60014, 12.6418 ], [ 77.60502, 12.63738 ], [ 77.60484, 12.6325 ], [ 77.60643, 12.63013 ], [ 77.60664, 12.62752 ], [ 77.59794, 12.62143 ], [ 77.59561, 12.62075 ], [ 77.59398, 12.61919 ], [ 77.59196, 12.61415 ], [ 77.59204, 12.61003 ] ] ] } },
{ "type": "Feature", "properties": { "newname": "Bannerghatta" }, "geometry": { "type": "Polygon", "coordinates": [ [ [ 77.58038, 12.58739 ], [ 77.58315, 12.5873 ], [ 77.58802, 12.5844 ], [ 77.5847, 12.57475 ], [ 77.58119, 12.5722 ], [ 77.58106, 12.56893 ], [ 77.57761, 12.57064 ], [ 77.57509, 12.57406 ], [ 77.56899, 12.57633 ], [ 77.5672, 12.57858 ], [ 77.55494, 12.58211 ], [ 77.5683, 12.59045 ], [ 77.56973, 12.58884 ], [ 77.57156, 12.58989 ], [ 77.57198, 12.59459 ], [ 77.57042, 12.59956 ], [ 77.57673, 12.5955 ], [ 77.58038, 12.58739 ] ] ] } },
{ "type": "Feature", "properties": { "newname": "Cauvery" }, "geometry": { "type": "Polygon", "coordinates": [ [ [ 77.61664, 12.62139 ], [ 77.60929, 12.58435 ], [ 77.6065, 12.57883 ], [ 77.60152, 12.57509 ], [ 77.57285, 12.56577 ], [ 77.55871, 12.55938 ], [ 77.55827, 12.55063 ], [ 77.56135, 12.54055 ], [ 77.57979, 12.52953 ], [ 77.61096, 12.52662 ], [ 77.61746, 12.52371 ], [ 77.62087, 12.51962 ], [ 77.63753, 12.48681 ], [ 77.65163, 12.42727 ], [ 77.67808, 12.35499 ], [ 77.68459, 12.33017 ], [ 77.68625, 12.31246 ], [ 77.68636, 12.27653 ], [ 77.6923, 12.2342 ], [ 77.68338, 12.20578 ], [ 77.68018, 12.1909 ], [ 77.67128, 12.194 ], [ 77.66647, 12.1969 ], [ 77.65718, 12.19822 ], [ 77.65314, 12.19743 ], [ 77.65694, 12.21341 ], [ 77.66448, 12.23599 ], [ 77.65887, 12.27415 ], [ 77.65869, 12.3114 ], [ 77.65736, 12.32567 ], [ 77.65192, 12.3464 ], [ 77.62517, 12.41952 ], [ 77.61125, 12.47823 ], [ 77.59981, 12.50044 ], [ 77.57045, 12.50364 ], [ 77.54088, 12.52119 ], [ 77.53672, 12.5269 ], [ 77.53063, 12.54765 ], [ 77.53159, 12.5696 ], [ 77.53411, 12.57617 ], [ 77.53883, 12.58023 ], [ 77.56211, 12.59078 ], [ 77.57193, 12.59402 ], [ 77.57156, 12.58989 ], [ 77.56973, 12.58884 ], [ 77.5683, 12.59045 ], [ 77.55494, 12.58211 ], [ 77.5672, 12.57858 ], [ 77.56899, 12.57633 ], [ 77.57509, 12.57406 ], [ 77.57761, 12.57064 ], [ 77.58106, 12.56893 ], [ 77.58119, 12.5722 ], [ 77.5847, 12.57475 ], [ 77.58802, 12.5844 ], [ 77.58315, 12.5873 ], [ 77.58038, 12.58739 ], [ 77.57666, 12.59555 ], [ 77.58383, 12.59786 ], [ 77.59028, 12.6304 ], [ 77.59166, 12.63422 ], [ 77.61101, 12.65517 ], [ 77.61102, 12.66888 ], [ 77.62799, 12.67393 ], [ 77.63866, 12.67586 ], [ 77.63863, 12.64934 ], [ 77.63699, 12.64339 ], [ 77.61664, 12.62139 ] ], [ [ 77.59204, 12.61003 ], [ 77.59196, 12.61415 ], [ 77.59398, 12.61919 ], [ 77.60461, 12.62558 ], [ 77.60664, 12.62752 ], [ 77.60643, 12.63013 ], [ 77.60484, 12.6325 ], [ 77.60502, 12.63738 ], [ 77.60014, 12.6418 ], [ 77.60054, 12.63696 ], [ 77.58734, 12.61404 ], [ 77.59204, 12.61003 ] ] ] } },
{ "type": "Feature", "properties": { "newname": "Malai Mahadeshwara" }, "geometry": { "type": "Polygon", "coordinates": [ [ [ 77.64067, 11.95732 ], [ 77.64745, 11.95761 ], [ 77.65006, 11.95597 ], [ 77.63756, 11.94239 ], [ 77.63375, 11.94051 ], [ 77.59921, 11.92969 ], [ 77.55953, 11.92994 ], [ 77.5307, 11.92126 ], [ 77.5083, 11.92481 ], [ 77.50313, 11.89952 ], [ 77.51136, 11.88508 ], [ 77.51251, 11.87817 ], [ 77.50084, 11.81722 ], [ 77.49241, 11.79552 ], [ 77.48968, 11.79203 ], [ 77.48596, 11.78958 ], [ 77.47304, 11.78513 ], [ 77.46896, 11.78456 ], [ 77.46933, 11.77856 ], [ 77.46546, 11.75915 ], [ 77.45266, 11.72996 ], [ 77.44815, 11.72455 ], [ 77.43652, 11.71934 ], [ 77.43642, 11.72153 ], [ 77.43529, 11.7233 ], [ 77.43562, 11.72857 ], [ 77.43636, 11.72994 ], [ 77.43571, 11.7308 ], [ 77.42733, 11.73302 ], [ 77.42554, 11.7308 ], [ 77.42311, 11.73009 ], [ 77.41948, 11.73501 ], [ 77.41826, 11.73561 ], [ 77.41561, 11.73424 ], [ 77.4074, 11.7323 ], [ 77.40882, 11.74105 ], [ 77.40784, 11.74153 ], [ 77.41888, 11.74134 ], [ 77.42978, 11.7459 ], [ 77.43939, 11.76786 ], [ 77.44122, 11.77755 ], [ 77.43801, 11.78318 ], [ 77.4376, 11.78931 ], [ 77.4464, 11.81045 ], [ 77.45109, 11.8145 ], [ 77.45622, 11.81603 ], [ 77.46068, 11.81574 ], [ 77.46977, 11.81264 ], [ 77.47419, 11.824 ], [ 77.4844, 11.87716 ], [ 77.47619, 11.89157 ], [ 77.47503, 11.89848 ], [ 77.47953, 11.92257 ], [ 77.48358, 11.93952 ], [ 77.48529, 11.94356 ], [ 77.48757, 11.94629 ], [ 77.49213, 11.94907 ], [ 77.50523, 11.95231 ], [ 77.52925, 11.9487 ], [ 77.55613, 11.95698 ], [ 77.59408, 11.95644 ], [ 77.62172, 11.96514 ], [ 77.63139, 11.97609 ], [ 77.63136, 11.97261 ], [ 77.63377, 11.9659 ], [ 77.63387, 11.96348 ], [ 77.63731, 11.95997 ], [ 77.63946, 11.95899 ], [ 77.64067, 11.95732 ] ] ] } },
{ "type": "Feature", "properties": { "newname": "Malai Mahadeshwara" }, "geometry": { "type": "Polygon", "coordinates": [ [ [ 77.29348, 12.35275 ], [ 77.29646, 12.35441 ], [ 77.29649, 12.35721 ], [ 77.29861, 12.3555 ], [ 77.3029, 12.35649 ], [ 77.30512, 12.35398 ], [ 77.30589, 12.35686 ], [ 77.30757, 12.35799 ], [ 77.31485, 12.35172 ], [ 77.31767, 12.35137 ], [ 77.32236, 12.3494 ], [ 77.32616, 12.34949 ], [ 77.32939, 12.34779 ], [ 77.33183, 12.34794 ], [ 77.33242, 12.35021 ], [ 77.33865, 12.34917 ], [ 77.3391, 12.34701 ], [ 77.34888, 12.34759 ], [ 77.35085, 12.34914 ], [ 77.35627, 12.35029 ], [ 77.3634, 12.34775 ], [ 77.36459, 12.34564 ], [ 77.36907, 12.34554 ], [ 77.37218, 12.34425 ], [ 77.3717, 12.34207 ], [ 77.37491, 12.34072 ], [ 77.37447, 12.33824 ], [ 77.37159, 12.33771 ], [ 77.36974, 12.33602 ], [ 77.36501, 12.33415 ], [ 77.36436, 12.32943 ], [ 77.36621, 12.32831 ], [ 77.363, 12.32516 ], [ 77.36161, 12.31009 ], [ 77.36234, 12.30751 ], [ 77.36068, 12.3055 ], [ 77.36792, 12.28771 ], [ 77.36818, 12.28515 ], [ 77.37327, 12.28188 ], [ 77.37656, 12.28071 ], [ 77.39257, 12.27886 ], [ 77.40657, 12.27995 ], [ 77.41174, 12.28242 ], [ 77.42066, 12.28942 ], [ 77.42535, 12.28979 ], [ 77.43481, 12.2868 ], [ 77.43697, 12.28925 ], [ 77.44153, 12.29169 ], [ 77.44313, 12.29578 ], [ 77.44832, 12.29691 ], [ 77.45036, 12.29453 ], [ 77.45444, 12.29567 ], [ 77.45702, 12.29445 ], [ 77.45909, 12.29172 ], [ 77.461, 12.2907 ], [ 77.4635, 12.2915 ], [ 77.47168, 12.2911 ], [ 77.47546, 12.28935 ], [ 77.47586, 12.29169 ], [ 77.47775, 12.29265 ], [ 77.48149, 12.29091 ], [ 77.48505, 12.28798 ], [ 77.48262, 12.28728 ], [ 77.4826, 12.28067 ], [ 77.48437, 12.27906 ], [ 77.4842, 12.27243 ], [ 77.48056, 12.26998 ], [ 77.47861, 12.26296 ], [ 77.47941, 12.25768 ], [ 77.47507, 12.25434 ], [ 77.47277, 12.24233 ], [ 77.47973, 12.23866 ], [ 77.4836, 12.23184 ], [ 77.48395, 12.22842 ], [ 77.47358, 12.20824 ], [ 77.47485, 12.20548 ], [ 77.47758, 12.20408 ], [ 77.48635, 12.20305 ], [ 77.48822, 12.20214 ], [ 77.49129, 12.19956 ], [ 77.49227, 12.19744 ], [ 77.49477, 12.1959 ], [ 77.49866, 12.19627 ], [ 77.50407, 12.19466 ], [ 77.52008, 12.19319 ], [ 77.52393, 12.19601 ], [ 77.53009, 12.19776 ], [ 77.53745, 12.19749 ], [ 77.54083, 12.20075 ], [ 77.5472, 12.20341 ], [ 77.56131, 12.19769 ], [ 77.56443, 12.19535 ], [ 77.56663, 12.19499 ], [ 77.57065, 12.19852 ], [ 77.57537, 12.19963 ], [ 77.58184, 12.19672 ], [ 77.58856, 12.19801 ], [ 77.59646, 12.19763 ], [ 77.60063, 12.19904 ], [ 77.60642, 12.20423 ], [ 77.61318, 12.20486 ], [ 77.61801, 12.20033 ], [ 77.62186, 12.19869 ], [ 77.62556, 12.19908 ], [ 77.62917, 12.20078 ], [ 77.63339, 12.19919 ], [ 77.63645, 12.19613 ], [ 77.64109, 12.19513 ], [ 77.64677, 12.19703 ], [ 77.65718, 12.19822 ], [ 77.66647, 12.1969 ], [ 77.67128, 12.194 ], [ 77.70291, 12.18299 ], [ 77.71313, 12.1811 ], [ 77.72173, 12.18177 ], [ 77.73274, 12.17873 ], [ 77.73601, 12.17451 ], [ 77.73695, 12.16827 ], [ 77.74025, 12.16457 ], [ 77.74403, 12.16184 ], [ 77.7476, 12.15621 ], [ 77.74879, 12.1531 ], [ 77.74837, 12.14295 ], [ 77.75202, 12.1353 ], [ 77.75835, 12.12878 ], [ 77.77418, 12.11977 ], [ 77.77705, 12.11613 ], [ 77.77794, 12.11135 ], [ 77.77651, 12.10863 ], [ 77.77336, 12.10644 ], [ 77.77029, 12.10556 ], [ 77.76572, 12.0995 ], [ 77.7634, 12.09241 ], [ 77.75709, 12.07814 ], [ 77.74429, 12.06872 ], [ 77.73025, 12.06168 ], [ 77.72836, 12.06006 ], [ 77.71656, 12.04129 ], [ 77.71034, 12.03462 ], [ 77.70563, 12.02574 ], [ 77.69692, 12.01267 ], [ 77.6765, 11.96611 ], [ 77.67514, 11.96212 ], [ 77.67566, 11.95058 ], [ 77.67316, 11.95061 ], [ 77.67152, 11.94893 ], [ 77.66604, 11.94836 ], [ 77.66241, 11.94941 ], [ 77.65887, 11.94866 ], [ 77.65777, 11.9519 ], [ 77.65488, 11.95356 ], [ 77.65197, 11.95365 ], [ 77.64936, 11.95695 ], [ 77.64745, 11.95761 ], [ 77.64067, 11.95732 ], [ 77.63387, 11.96348 ], [ 77.63377, 11.9659 ], [ 77.63136, 11.97261 ], [ 77.63131, 11.97755 ], [ 77.63247, 11.97968 ], [ 77.63092, 11.98112 ], [ 77.63085, 11.98607 ], [ 77.63281, 11.99309 ], [ 77.63413, 12.00459 ], [ 77.63918, 12.00942 ], [ 77.63983, 12.01885 ], [ 77.64104, 12.02333 ], [ 77.63655, 12.02538 ], [ 77.63373, 12.02871 ], [ 77.62952, 12.03144 ], [ 77.62931, 12.03353 ], [ 77.63415, 12.03831 ], [ 77.63914, 12.03795 ], [ 77.6439, 12.04245 ], [ 77.64272, 12.04428 ], [ 77.645, 12.04504 ], [ 77.64751, 12.04789 ], [ 77.65144, 12.05049 ], [ 77.64703, 12.05285 ], [ 77.64764, 12.05754 ], [ 77.65189, 12.06138 ], [ 77.65572, 12.06358 ], [ 77.65928, 12.06434 ], [ 77.66251, 12.06366 ], [ 77.66384, 12.06738 ], [ 77.66972, 12.07255 ], [ 77.67114, 12.07713 ], [ 77.67306, 12.07835 ], [ 77.67385, 12.08045 ], [ 77.67699, 12.08174 ], [ 77.68271, 12.08187 ], [ 77.68196, 12.08416 ], [ 77.6823, 12.09055 ], [ 77.69097, 12.0917 ], [ 77.69821, 12.09666 ], [ 77.69692, 12.10014 ], [ 77.69901, 12.10611 ], [ 77.69703, 12.10807 ], [ 77.69185, 12.11022 ], [ 77.68686, 12.1096 ], [ 77.68399, 12.11112 ], [ 77.6804, 12.11621 ], [ 77.67627, 12.11275 ], [ 77.67354, 12.11275 ], [ 77.67159, 12.11094 ], [ 77.66964, 12.11165 ], [ 77.66511, 12.12225 ], [ 77.6571, 12.1292 ], [ 77.65233, 12.1349 ], [ 77.64925, 12.14066 ], [ 77.64578, 12.14432 ], [ 77.64322, 12.14935 ], [ 77.6343, 12.15747 ], [ 77.63267, 12.15617 ], [ 77.63132, 12.15341 ], [ 77.6301, 12.14395 ], [ 77.62347, 12.13496 ], [ 77.62125, 12.1349 ], [ 77.61297, 12.13799 ], [ 77.60476, 12.1381 ], [ 77.60275, 12.13742 ], [ 77.60149, 12.13556 ], [ 77.59968, 12.12822 ], [ 77.59757, 12.12651 ], [ 77.59645, 12.1243 ], [ 77.59277, 12.12257 ], [ 77.59024, 12.11916 ], [ 77.58788, 12.12048 ], [ 77.58387, 12.11795 ], [ 77.58188, 12.11993 ], [ 77.58257, 12.124 ], [ 77.57823, 12.13173 ], [ 77.57882, 12.13848 ], [ 77.5776, 12.14605 ], [ 77.57422, 12.14398 ], [ 77.57295, 12.14217 ], [ 77.57078, 12.13621 ], [ 77.5665, 12.13746 ], [ 77.5619, 12.13668 ], [ 77.55988, 12.13254 ], [ 77.55495, 12.12667 ], [ 77.55266, 12.12653 ], [ 77.55037, 12.12531 ], [ 77.5494, 12.12284 ], [ 77.54718, 12.12286 ], [ 77.54128, 12.12599 ], [ 77.53702, 12.12638 ], [ 77.53311, 12.1288 ], [ 77.53238, 12.13069 ], [ 77.5301, 12.13208 ], [ 77.52729, 12.13187 ], [ 77.5256, 12.13318 ], [ 77.52265, 12.13312 ], [ 77.5205, 12.13212 ], [ 77.51836, 12.13256 ], [ 77.51395, 12.13788 ], [ 77.51516, 12.14281 ], [ 77.51431, 12.14472 ], [ 77.51229, 12.14566 ], [ 77.5055, 12.14641 ], [ 77.50337, 12.14773 ], [ 77.49798, 12.14695 ], [ 77.49591, 12.14761 ], [ 77.49129, 12.15226 ], [ 77.48798, 12.15919 ], [ 77.48453, 12.16233 ], [ 77.47698, 12.16694 ], [ 77.46824, 12.16951 ], [ 77.45732, 12.17035 ], [ 77.45559, 12.17164 ], [ 77.45223, 12.17754 ], [ 77.42965, 12.18504 ], [ 77.42673, 12.18826 ], [ 77.42649, 12.19097 ], [ 77.41107, 12.22758 ], [ 77.4073, 12.22772 ], [ 77.39901, 12.2254 ], [ 77.39513, 12.22764 ], [ 77.39236, 12.22604 ], [ 77.3897, 12.22186 ], [ 77.38602, 12.22515 ], [ 77.38287, 12.23109 ], [ 77.37607, 12.23549 ], [ 77.36523, 12.23899 ], [ 77.35777, 12.24494 ], [ 77.34887, 12.24694 ], [ 77.34081, 12.24216 ], [ 77.33906, 12.24336 ], [ 77.33948, 12.24533 ], [ 77.34435, 12.25437 ], [ 77.34381, 12.25682 ], [ 77.3425, 12.25839 ], [ 77.3334, 12.2493 ], [ 77.33097, 12.24788 ], [ 77.33012, 12.24598 ], [ 77.32639, 12.24422 ], [ 77.32277, 12.23858 ], [ 77.31979, 12.23764 ], [ 77.31798, 12.23594 ], [ 77.31478, 12.23214 ], [ 77.31374, 12.2297 ], [ 77.30901, 12.22967 ], [ 77.30112, 12.23612 ], [ 77.29887, 12.24057 ], [ 77.28763, 12.25617 ], [ 77.28676, 12.25864 ], [ 77.28716, 12.26642 ], [ 77.28629, 12.2705 ], [ 77.28428, 12.26989 ], [ 77.28203, 12.2715 ], [ 77.28193, 12.26905 ], [ 77.27937, 12.26521 ], [ 77.27898, 12.26299 ], [ 77.28099, 12.26113 ], [ 77.28098, 12.25903 ], [ 77.27927, 12.25448 ], [ 77.27267, 12.25153 ], [ 77.27104, 12.25354 ], [ 77.26958, 12.2636 ], [ 77.27052, 12.27868 ], [ 77.26894, 12.28539 ], [ 77.26856, 12.29169 ], [ 77.26456, 12.29525 ], [ 77.26388, 12.2994 ], [ 77.26089, 12.30295 ], [ 77.26141, 12.30857 ], [ 77.2607, 12.31127 ], [ 77.26274, 12.31232 ], [ 77.26662, 12.32009 ], [ 77.26661, 12.32626 ], [ 77.25835, 12.33425 ], [ 77.2567, 12.3395 ], [ 77.25467, 12.34179 ], [ 77.25391, 12.34784 ], [ 77.25811, 12.34969 ], [ 77.26794, 12.35099 ], [ 77.28038, 12.35559 ], [ 77.29015, 12.35765 ], [ 77.28944, 12.35472 ], [ 77.29044, 12.35293 ], [ 77.29348, 12.35275 ] ] ] } },
{ "type": "Feature", "properties": { "newname": " " }, "geometry": { "type": "Polygon", "coordinates": [ [ [ 77.12416, 12.04928 ], [ 77.12543, 12.04894 ], [ 77.12484, 12.04746 ], [ 77.118, 12.0485 ], [ 77.12416, 12.04928 ] ] ] } },
{ "type": "Feature", "properties": { "newname": "Malai Mahadeshwara" }, "geometry": { "type": "Polygon", "coordinates": [ [ [ 77.11022, 12.04942 ], [ 77.09928, 12.05426 ], [ 77.09492, 12.05527 ], [ 77.0924, 12.05853 ], [ 77.0904, 12.05833 ], [ 77.0901, 12.05913 ], [ 77.09118, 12.05922 ], [ 77.09111, 12.0611 ], [ 77.09314, 12.06394 ], [ 77.08942, 12.06803 ], [ 77.0911, 12.07358 ], [ 77.09348, 12.07301 ], [ 77.0995, 12.07535 ], [ 77.10385, 12.07206 ], [ 77.11137, 12.06872 ], [ 77.11495, 12.06818 ], [ 77.11862, 12.07004 ], [ 77.12188, 12.06848 ], [ 77.12151, 12.07182 ], [ 77.12291, 12.07359 ], [ 77.12771, 12.07436 ], [ 77.13287, 12.07688 ], [ 77.13416, 12.08858 ], [ 77.13835, 12.09771 ], [ 77.14058, 12.09811 ], [ 77.14218, 12.10824 ], [ 77.14192, 12.11675 ], [ 77.14371, 12.11949 ], [ 77.14372, 12.12104 ], [ 77.14244, 12.12295 ], [ 77.14446, 12.12913 ], [ 77.14462, 12.13603 ], [ 77.15744, 12.1431 ], [ 77.16052, 12.14232 ], [ 77.16145, 12.1445 ], [ 77.16403, 12.1454 ], [ 77.1669, 12.14624 ], [ 77.17347, 12.14545 ], [ 77.17593, 12.14401 ], [ 77.17827, 12.13851 ], [ 77.18588, 12.12602 ], [ 77.18732, 12.12248 ], [ 77.18775, 12.11741 ], [ 77.18894, 12.11774 ], [ 77.19044, 12.11301 ], [ 77.19047, 12.11146 ], [ 77.18856, 12.10798 ], [ 77.18968, 12.10437 ], [ 77.18919, 12.10175 ], [ 77.19214, 12.09911 ], [ 77.19187, 12.09608 ], [ 77.19634, 12.08531 ], [ 77.19697, 12.08176 ], [ 77.1982, 12.06483 ], [ 77.19733, 12.0623 ], [ 77.1961, 12.05044 ], [ 77.20091, 12.04448 ], [ 77.20404, 12.03747 ], [ 77.20789, 12.0234 ], [ 77.20795, 12.02075 ], [ 77.20917, 12.01825 ], [ 77.21872, 12.02308 ], [ 77.22069, 12.02573 ], [ 77.22362, 12.02606 ], [ 77.22472, 12.02868 ], [ 77.2248, 12.03147 ], [ 77.22601, 12.03309 ], [ 77.22861, 12.03366 ], [ 77.23133, 12.03614 ], [ 77.23258, 12.0404 ], [ 77.23533, 12.04364 ], [ 77.23486, 12.04475 ], [ 77.23578, 12.04805 ], [ 77.2387, 12.04908 ], [ 77.24073, 12.05169 ], [ 77.24354, 12.03789 ], [ 77.24848, 12.02751 ], [ 77.24948, 12.02178 ], [ 77.24822, 12.00811 ], [ 77.24862, 12.00593 ], [ 77.24962, 12.00375 ], [ 77.25243, 12.00176 ], [ 77.25343, 11.99977 ], [ 77.25378, 11.98292 ], [ 77.25073, 11.97243 ], [ 77.25273, 11.96846 ], [ 77.25312, 11.96568 ], [ 77.25228, 11.95538 ], [ 77.25431, 11.94557 ], [ 77.25331, 11.94138 ], [ 77.25435, 11.93864 ], [ 77.25665, 11.93758 ], [ 77.25952, 11.93363 ], [ 77.25694, 11.93067 ], [ 77.25642, 11.92742 ], [ 77.25722, 11.92424 ], [ 77.25982, 11.91948 ], [ 77.25979, 11.913 ], [ 77.26224, 11.90974 ], [ 77.26339, 11.905 ], [ 77.26197, 11.89945 ], [ 77.26415, 11.88993 ], [ 77.26236, 11.88601 ], [ 77.2597, 11.884 ], [ 77.26211, 11.88122 ], [ 77.26311, 11.87824 ], [ 77.26084, 11.86239 ], [ 77.26003, 11.86002 ], [ 77.25639, 11.85547 ], [ 77.25196, 11.83475 ], [ 77.24614, 11.82404 ], [ 77.24037, 11.81786 ], [ 77.23732, 11.80739 ], [ 77.23387, 11.80161 ], [ 77.22918, 11.80128 ], [ 77.23024, 11.7945 ], [ 77.21381, 11.79387 ], [ 77.19107, 11.7913 ], [ 77.18152, 11.78469 ], [ 77.14822, 11.78048 ], [ 77.14224, 11.77376 ], [ 77.13821, 11.77103 ], [ 77.13258, 11.77227 ], [ 77.12487, 11.77075 ], [ 77.11768, 11.77302 ], [ 77.11541, 11.7719 ], [ 77.1138, 11.77276 ], [ 77.11195, 11.77164 ], [ 77.11186, 11.76921 ], [ 77.11331, 11.7676 ], [ 77.11383, 11.76451 ], [ 77.11258, 11.76261 ], [ 77.11356, 11.7607 ], [ 77.11358, 11.75557 ], [ 77.10991, 11.75243 ], [ 77.10965, 11.75135 ], [ 77.10983, 11.75003 ], [ 77.11219, 11.7488 ], [ 77.11265, 11.74158 ], [ 77.11559, 11.73807 ], [ 77.11517, 11.733 ], [ 77.11686, 11.7309 ], [ 77.11826, 11.73048 ], [ 77.11621, 11.72726 ], [ 77.11826, 11.72703 ], [ 77.11703, 11.7248 ], [ 77.11899, 11.72464 ], [ 77.11863, 11.71986 ], [ 77.11637, 11.72025 ], [ 77.11399, 11.72232 ], [ 77.10609, 11.73147 ], [ 77.08148, 11.73461 ], [ 77.08353, 11.73842 ], [ 77.06124, 11.76263 ], [ 77.05768, 11.76842 ], [ 77.06064, 11.77071 ], [ 77.06315, 11.77527 ], [ 77.06791, 11.77684 ], [ 77.0692, 11.77894 ], [ 77.07142, 11.77864 ], [ 77.07145, 11.77975 ], [ 77.06838, 11.78598 ], [ 77.06531, 11.78846 ], [ 77.05705, 11.7875 ], [ 77.05182, 11.78799 ], [ 77.04999, 11.78725 ], [ 77.05015, 11.78904 ], [ 77.04861, 11.79165 ], [ 77.0492, 11.79447 ], [ 77.04847, 11.79679 ], [ 77.04899, 11.79967 ], [ 77.04995, 11.80021 ], [ 77.05061, 11.80684 ], [ 77.05219, 11.80988 ], [ 77.0547, 11.81248 ], [ 77.05381, 11.81603 ], [ 77.05414, 11.81825 ], [ 77.04197, 11.82212 ], [ 77.04159, 11.82277 ], [ 77.04309, 11.82672 ], [ 77.04068, 11.8239 ], [ 77.03793, 11.82461 ], [ 77.03768, 11.82724 ], [ 77.03694, 11.82505 ], [ 77.03578, 11.82518 ], [ 77.03335, 11.83052 ], [ 77.03273, 11.82592 ], [ 77.02984, 11.82662 ], [ 77.02888, 11.82618 ], [ 77.02673, 11.82771 ], [ 77.02693, 11.83139 ], [ 77.02332, 11.82749 ], [ 77.01931, 11.82838 ], [ 77.01654, 11.82656 ], [ 77.01294, 11.8257 ], [ 77.01524, 11.83345 ], [ 77.02247, 11.84866 ], [ 77.02465, 11.84713 ], [ 77.02581, 11.84891 ], [ 77.02684, 11.84916 ], [ 77.02941, 11.84738 ], [ 77.03096, 11.84915 ], [ 77.03161, 11.85219 ], [ 77.03366, 11.85168 ], [ 77.03534, 11.85371 ], [ 77.03432, 11.85828 ], [ 77.03638, 11.86157 ], [ 77.03742, 11.86741 ], [ 77.03293, 11.86818 ], [ 77.0323, 11.87504 ], [ 77.02922, 11.87733 ], [ 77.02898, 11.88494 ], [ 77.02616, 11.88495 ], [ 77.02616, 11.88647 ], [ 77.03926, 11.88289 ], [ 77.03875, 11.88568 ], [ 77.03619, 11.89 ], [ 77.03723, 11.89152 ], [ 77.04057, 11.89177 ], [ 77.04597, 11.89353 ], [ 77.05779, 11.89173 ], [ 77.05857, 11.89427 ], [ 77.05734, 11.89827 ], [ 77.06064, 11.89977 ], [ 77.06416, 11.8992 ], [ 77.0636, 11.90399 ], [ 77.06521, 11.90688 ], [ 77.06752, 11.9087 ], [ 77.06811, 11.91399 ], [ 77.07004, 11.92016 ], [ 77.07403, 11.92046 ], [ 77.07678, 11.91863 ], [ 77.07825, 11.91579 ], [ 77.07885, 11.91216 ], [ 77.08804, 11.91746 ], [ 77.09152, 11.92204 ], [ 77.09077, 11.92363 ], [ 77.09105, 11.92972 ], [ 77.09363, 11.93302 ], [ 77.09878, 11.93605 ], [ 77.10263, 11.93655 ], [ 77.10976, 11.93977 ], [ 77.10453, 11.95471 ], [ 77.10636, 11.96394 ], [ 77.10039, 11.96564 ], [ 77.09506, 11.96992 ], [ 77.09651, 11.97194 ], [ 77.10585, 11.97053 ], [ 77.10632, 11.9716 ], [ 77.10391, 11.97407 ], [ 77.10446, 11.97455 ], [ 77.10532, 11.97372 ], [ 77.10607, 11.97442 ], [ 77.10498, 11.97562 ], [ 77.10552, 11.97622 ], [ 77.10604, 11.97565 ], [ 77.10736, 11.9771 ], [ 77.10367, 11.98012 ], [ 77.09761, 11.97668 ], [ 77.09691, 11.97745 ], [ 77.09798, 11.98064 ], [ 77.09704, 11.98333 ], [ 77.09816, 11.98706 ], [ 77.09733, 11.98873 ], [ 77.09804, 11.99114 ], [ 77.0966, 11.99431 ], [ 77.09486, 12.00267 ], [ 77.0937, 12.0028 ], [ 77.0937, 12.00337 ], [ 77.09534, 12.00327 ], [ 77.09538, 12.004 ], [ 77.09306, 12.00435 ], [ 77.0913, 12.00676 ], [ 77.08742, 12.00775 ], [ 77.08601, 12.00933 ], [ 77.08565, 12.00889 ], [ 77.0775, 12.01527 ], [ 77.07616, 12.01793 ], [ 77.0807, 12.02149 ], [ 77.08467, 12.02602 ], [ 77.08717, 12.02628 ], [ 77.08629, 12.02426 ], [ 77.09036, 12.02302 ], [ 77.09226, 12.02365 ], [ 77.09005, 12.02734 ], [ 77.09, 12.02911 ], [ 77.09358, 12.02867 ], [ 77.11014, 12.03274 ], [ 77.10428, 12.03393 ], [ 77.10136, 12.03575 ], [ 77.1019, 12.03645 ], [ 77.10472, 12.03644 ], [ 77.10391, 12.03836 ], [ 77.1043, 12.03949 ], [ 77.10929, 12.03824 ], [ 77.10864, 12.04038 ], [ 77.11076, 12.04123 ], [ 77.11289, 12.04486 ], [ 77.1194, 12.04383 ], [ 77.12814, 12.04555 ], [ 77.12636, 12.04705 ], [ 77.12695, 12.04813 ], [ 77.12917, 12.04722 ], [ 77.12966, 12.04764 ], [ 77.12989, 12.04989 ], [ 77.12783, 12.05021 ], [ 77.12783, 12.05267 ], [ 77.12941, 12.05309 ], [ 77.1286, 12.05411 ], [ 77.12931, 12.05523 ], [ 77.12931, 12.05833 ], [ 77.12817, 12.05854 ], [ 77.12795, 12.05603 ], [ 77.12703, 12.05716 ], [ 77.12584, 12.05684 ], [ 77.12545, 12.05529 ], [ 77.12708, 12.05427 ], [ 77.12702, 12.05331 ], [ 77.12474, 12.05236 ], [ 77.12533, 12.05086 ], [ 77.12413, 12.04939 ], [ 77.11876, 12.04861 ], [ 77.11022, 12.04942 ] ] ] } },
{ "type": "Feature", "properties": { "newname": " " }, "geometry": { "type": "Polygon", "coordinates": [ [ [ 76.93778, 11.73157 ], [ 76.94113, 11.71955 ], [ 76.93424, 11.70506 ], [ 76.93385, 11.70225 ], [ 76.93219, 11.70339 ], [ 76.93122, 11.70198 ], [ 76.92441, 11.69975 ], [ 76.92257, 11.70077 ], [ 76.92335, 11.70267 ], [ 76.92303, 11.70979 ], [ 76.92079, 11.71775 ], [ 76.92149, 11.72004 ], [ 76.9207, 11.72161 ], [ 76.92097, 11.73065 ], [ 76.93778, 11.73157 ] ] ] } },
{ "type": "Feature", "properties": { "newname": "Wayanad" }, "geometry": { "type": "Polygon", "coordinates": [ [ [ 76.46509, 11.99524 ], [ 76.47033, 11.99152 ], [ 76.46842, 11.98561 ], [ 76.47329, 11.98336 ], [ 76.48118, 11.98295 ], [ 76.4838, 11.98183 ], [ 76.47759, 11.94525 ], [ 76.48245, 11.94116 ], [ 76.52634, 11.93131 ], [ 76.5357, 11.92682 ], [ 76.5447, 11.92455 ], [ 76.54629, 11.9397 ], [ 76.54519, 11.94341 ], [ 76.5422, 11.94638 ], [ 76.54148, 11.95267 ], [ 76.54301, 11.95673 ], [ 76.53888, 11.95675 ], [ 76.54117, 11.96451 ], [ 76.53894, 11.96859 ], [ 76.53935, 11.97376 ], [ 76.54382, 11.96819 ], [ 76.54758, 11.96817 ], [ 76.54717, 11.963 ], [ 76.55018, 11.96261 ], [ 76.55211, 11.97295 ], [ 76.55401, 11.97553 ], [ 76.55101, 11.9774 ], [ 76.55179, 11.98257 ], [ 76.55522, 11.99143 ], [ 76.55973, 11.9914 ], [ 76.56496, 11.9862 ], [ 76.57096, 11.98394 ], [ 76.57886, 11.98612 ], [ 76.57846, 11.98279 ], [ 76.58334, 11.98128 ], [ 76.58709, 11.98126 ], [ 76.59499, 11.98307 ], [ 76.59874, 11.98231 ], [ 76.6029, 11.98635 ], [ 76.61155, 11.98852 ], [ 76.62019, 11.98736 ], [ 76.63254, 11.981 ], [ 76.64005, 11.97948 ], [ 76.63851, 11.97357 ], [ 76.64075, 11.97097 ], [ 76.64033, 11.96469 ], [ 76.64254, 11.95728 ], [ 76.63724, 11.95102 ], [ 76.63498, 11.94956 ], [ 76.63421, 11.9466 ], [ 76.63529, 11.93883 ], [ 76.62291, 11.94038 ], [ 76.62324, 11.93224 ], [ 76.61752, 11.91748 ], [ 76.61709, 11.90972 ], [ 76.62342, 11.90044 ], [ 76.62451, 11.89341 ], [ 76.62516, 11.87676 ], [ 76.61537, 11.87201 ], [ 76.61528, 11.85722 ], [ 76.62016, 11.85645 ], [ 76.62162, 11.84868 ], [ 76.62609, 11.84347 ], [ 76.6264, 11.83275 ], [ 76.62224, 11.82759 ], [ 76.61061, 11.82803 ], [ 76.6087, 11.82323 ], [ 76.60492, 11.81845 ], [ 76.60414, 11.81328 ], [ 76.59923, 11.80776 ], [ 76.60223, 11.80811 ], [ 76.6127, 11.80028 ], [ 76.60924, 11.78625 ], [ 76.60174, 11.78851 ], [ 76.59497, 11.78596 ], [ 76.5942, 11.78227 ], [ 76.59116, 11.776 ], [ 76.59222, 11.76453 ], [ 76.59481, 11.7586 ], [ 76.60154, 11.75375 ], [ 76.61054, 11.75259 ], [ 76.61803, 11.74996 ], [ 76.61838, 11.74515 ], [ 76.62362, 11.74327 ], [ 76.63525, 11.74173 ], [ 76.64089, 11.74391 ], [ 76.6398, 11.74984 ], [ 76.64057, 11.75279 ], [ 76.64321, 11.75499 ], [ 76.65672, 11.75492 ], [ 76.66081, 11.74897 ], [ 76.65962, 11.73789 ], [ 76.65736, 11.73642 ], [ 76.66221, 11.73122 ], [ 76.66256, 11.72715 ], [ 76.6588, 11.72643 ], [ 76.65879, 11.72421 ], [ 76.66328, 11.72233 ], [ 76.6719, 11.72154 ], [ 76.67306, 11.72672 ], [ 76.67682, 11.72854 ], [ 76.68094, 11.7263 ], [ 76.68807, 11.72589 ], [ 76.70193, 11.72322 ], [ 76.70528, 11.71876 ], [ 76.70562, 11.7121 ], [ 76.70899, 11.71171 ], [ 76.71311, 11.70947 ], [ 76.71988, 11.71239 ], [ 76.7199, 11.71608 ], [ 76.72516, 11.71716 ], [ 76.72927, 11.71344 ], [ 76.74765, 11.71296 ], [ 76.75101, 11.71109 ], [ 76.75289, 11.71108 ], [ 76.7544, 11.71255 ], [ 76.75404, 11.71514 ], [ 76.7518, 11.71663 ], [ 76.75372, 11.72327 ], [ 76.75634, 11.72289 ], [ 76.76458, 11.72062 ], [ 76.76719, 11.71801 ], [ 76.76676, 11.70951 ], [ 76.76896, 11.70136 ], [ 76.78431, 11.69646 ], [ 76.79337, 11.70417 ], [ 76.79826, 11.70599 ], [ 76.8066, 11.71888 ], [ 76.81411, 11.71994 ], [ 76.81709, 11.71733 ], [ 76.82047, 11.71805 ], [ 76.82497, 11.71654 ], [ 76.82686, 11.71949 ], [ 76.82984, 11.71651 ], [ 76.83435, 11.71648 ], [ 76.83849, 11.7183 ], [ 76.83889, 11.72274 ], [ 76.84152, 11.72272 ], [ 76.84267, 11.72678 ], [ 76.8427, 11.73196 ], [ 76.84646, 11.73193 ], [ 76.84722, 11.73452 ], [ 76.85398, 11.73484 ], [ 76.85479, 11.74334 ], [ 76.85858, 11.7496 ], [ 76.8586, 11.75219 ], [ 76.86088, 11.75661 ], [ 76.87101, 11.75655 ], [ 76.86992, 11.76173 ], [ 76.87664, 11.75725 ], [ 76.8935, 11.75307 ], [ 76.89649, 11.75157 ], [ 76.88695, 11.72797 ], [ 76.87415, 11.72177 ], [ 76.8628, 11.70705 ], [ 76.86502, 11.70334 ], [ 76.85899, 11.69931 ], [ 76.84717, 11.67018 ], [ 76.84416, 11.67008 ], [ 76.8442, 11.66615 ], [ 76.84243, 11.66441 ], [ 76.84243, 11.66006 ], [ 76.84178, 11.65929 ], [ 76.83957, 11.65909 ], [ 76.83896, 11.65573 ], [ 76.8378, 11.65451 ], [ 76.83583, 11.65417 ], [ 76.83687, 11.65275 ], [ 76.83481, 11.64683 ], [ 76.8364, 11.64292 ], [ 76.83784, 11.64235 ], [ 76.83885, 11.64039 ], [ 76.83567, 11.63811 ], [ 76.83913, 11.63424 ], [ 76.84158, 11.63406 ], [ 76.84228, 11.63284 ], [ 76.84485, 11.63138 ], [ 76.84612, 11.63292 ], [ 76.84586, 11.627 ], [ 76.84398, 11.62649 ], [ 76.8438, 11.62566 ], [ 76.84617, 11.62546 ], [ 76.84773, 11.62344 ], [ 76.85049, 11.62319 ], [ 76.8494, 11.62164 ], [ 76.85035, 11.62008 ], [ 76.85308, 11.62031 ], [ 76.84972, 11.61743 ], [ 76.85142, 11.61475 ], [ 76.85667, 11.6144 ], [ 76.85873, 11.6132 ], [ 76.85846, 11.60862 ], [ 76.85658, 11.60686 ], [ 76.85816, 11.60384 ], [ 76.85694, 11.59769 ], [ 76.85408, 11.5953 ], [ 76.85174, 11.59516 ], [ 76.84778, 11.59346 ], [ 76.84498, 11.59483 ], [ 76.84053, 11.59557 ], [ 76.83331, 11.59934 ], [ 76.82508, 11.60655 ], [ 76.82312, 11.60664 ], [ 76.82023, 11.60391 ], [ 76.81838, 11.6034 ], [ 76.81113, 11.607 ], [ 76.80214, 11.60624 ], [ 76.79706, 11.60727 ], [ 76.79247, 11.61163 ], [ 76.78591, 11.61052 ], [ 76.77594, 11.61105 ], [ 76.77106, 11.61449 ], [ 76.76823, 11.61276 ], [ 76.76641, 11.61276 ], [ 76.75823, 11.61727 ], [ 76.75416, 11.61531 ], [ 76.7515, 11.61511 ], [ 76.74899, 11.61275 ], [ 76.74254, 11.61282 ], [ 76.73775, 11.61406 ], [ 76.73268, 11.61335 ], [ 76.72523, 11.61423 ], [ 76.72124, 11.61332 ], [ 76.70746, 11.61359 ], [ 76.70371, 11.61475 ], [ 76.694, 11.61337 ], [ 76.68967, 11.61401 ], [ 76.68566, 11.61278 ], [ 76.6727, 11.61469 ], [ 76.66205, 11.61434 ], [ 76.65139, 11.61234 ], [ 76.64378, 11.61214 ], [ 76.63765, 11.61296 ], [ 76.63464, 11.61188 ], [ 76.63089, 11.61247 ], [ 76.61516, 11.60664 ], [ 76.61169, 11.60961 ], [ 76.6051, 11.61002 ], [ 76.59874, 11.60938 ], [ 76.5976, 11.6151 ], [ 76.595, 11.6156 ], [ 76.59292, 11.61764 ], [ 76.58492, 11.61264 ], [ 76.58198, 11.61317 ], [ 76.58011, 11.6147 ], [ 76.57793, 11.61331 ], [ 76.57747, 11.61508 ], [ 76.57633, 11.61583 ], [ 76.57644, 11.61797 ], [ 76.57246, 11.61746 ], [ 76.57115, 11.61803 ], [ 76.57062, 11.61692 ], [ 76.56842, 11.61755 ], [ 76.56815, 11.61866 ], [ 76.56589, 11.61948 ], [ 76.56393, 11.62187 ], [ 76.56093, 11.62209 ], [ 76.56077, 11.62416 ], [ 76.56194, 11.62514 ], [ 76.56286, 11.62786 ], [ 76.56249, 11.63154 ], [ 76.56075, 11.63212 ], [ 76.55965, 11.63749 ], [ 76.55503, 11.64487 ], [ 76.55542, 11.64618 ], [ 76.55445, 11.64711 ], [ 76.55613, 11.65107 ], [ 76.5557, 11.65433 ], [ 76.55399, 11.65526 ], [ 76.55408, 11.65696 ], [ 76.55143, 11.66009 ], [ 76.55062, 11.6639 ], [ 76.55197, 11.66661 ], [ 76.55179, 11.66964 ], [ 76.55267, 11.67119 ], [ 76.54047, 11.68747 ], [ 76.53065, 11.69435 ], [ 76.51207, 11.70391 ], [ 76.50581, 11.69799 ], [ 76.5029, 11.69801 ], [ 76.5, 11.69606 ], [ 76.49762, 11.69321 ], [ 76.49574, 11.69302 ], [ 76.49465, 11.69173 ], [ 76.48991, 11.69017 ], [ 76.48403, 11.69172 ], [ 76.48291, 11.69103 ], [ 76.47961, 11.6937 ], [ 76.47832, 11.69332 ], [ 76.47729, 11.69411 ], [ 76.47595, 11.69377 ], [ 76.46355, 11.69643 ], [ 76.46137, 11.69811 ], [ 76.45996, 11.69763 ], [ 76.45861, 11.6988 ], [ 76.45691, 11.69811 ], [ 76.45615, 11.69939 ], [ 76.45533, 11.69936 ], [ 76.45292, 11.69361 ], [ 76.44817, 11.68678 ], [ 76.44749, 11.6809 ], [ 76.44624, 11.67859 ], [ 76.44377, 11.6653 ], [ 76.44003, 11.66365 ], [ 76.43739, 11.66419 ], [ 76.43624, 11.6636 ], [ 76.43403, 11.66571 ], [ 76.43035, 11.66493 ], [ 76.42892, 11.6687 ], [ 76.42755, 11.66877 ], [ 76.42697, 11.66989 ], [ 76.4233, 11.66993 ], [ 76.42162, 11.67108 ], [ 76.41987, 11.66964 ], [ 76.4166, 11.67144 ], [ 76.41555, 11.67331 ], [ 76.41625, 11.6747 ], [ 76.41418, 11.67836 ], [ 76.4146, 11.6804 ], [ 76.41327, 11.68125 ], [ 76.41351, 11.68473 ], [ 76.41192, 11.68526 ], [ 76.41155, 11.68662 ], [ 76.41024, 11.68624 ], [ 76.40913, 11.68824 ], [ 76.41071, 11.68976 ], [ 76.41038, 11.69155 ], [ 76.41125, 11.69251 ], [ 76.41039, 11.6932 ], [ 76.41283, 11.69403 ], [ 76.41211, 11.69668 ], [ 76.41048, 11.69738 ], [ 76.41138, 11.69891 ], [ 76.40969, 11.70155 ], [ 76.40949, 11.70507 ], [ 76.4081, 11.70599 ], [ 76.4073, 11.7047 ], [ 76.40597, 11.70452 ], [ 76.40398, 11.7066 ], [ 76.40479, 11.70781 ], [ 76.40412, 11.7085 ], [ 76.40426, 11.71015 ], [ 76.40656, 11.71015 ], [ 76.40939, 11.71374 ], [ 76.41305, 11.71435 ], [ 76.41344, 11.71078 ], [ 76.41419, 11.70985 ], [ 76.41676, 11.71143 ], [ 76.41763, 11.71655 ], [ 76.42552, 11.71945 ], [ 76.42589, 11.7214 ], [ 76.42828, 11.7247 ], [ 76.42703, 11.72623 ], [ 76.42603, 11.73048 ], [ 76.42307, 11.73667 ], [ 76.4199, 11.73928 ], [ 76.41932, 11.741 ], [ 76.41786, 11.74135 ], [ 76.41367, 11.73882 ], [ 76.41135, 11.7408 ], [ 76.41299, 11.74223 ], [ 76.4136, 11.74434 ], [ 76.41342, 11.75165 ], [ 76.41586, 11.75428 ], [ 76.41476, 11.75761 ], [ 76.41162, 11.7577 ], [ 76.40654, 11.75539 ], [ 76.39932, 11.74965 ], [ 76.39658, 11.75128 ], [ 76.39452, 11.754 ], [ 76.39191, 11.75354 ], [ 76.38778, 11.74835 ], [ 76.38453, 11.74585 ], [ 76.38157, 11.74548 ], [ 76.37754, 11.74314 ], [ 76.36944, 11.74662 ], [ 76.36358, 11.74695 ], [ 76.35291, 11.73689 ], [ 76.35071, 11.73882 ], [ 76.34042, 11.73775 ], [ 76.33574, 11.74324 ], [ 76.33031, 11.74667 ], [ 76.32028, 11.74918 ], [ 76.31809, 11.75128 ], [ 76.31753, 11.75344 ], [ 76.3157, 11.75554 ], [ 76.31495, 11.76182 ], [ 76.31177, 11.76628 ], [ 76.30896, 11.78264 ], [ 76.30638, 11.78472 ], [ 76.30224, 11.7844 ], [ 76.29499, 11.79057 ], [ 76.29061, 11.79215 ], [ 76.2865, 11.79791 ], [ 76.28104, 11.81038 ], [ 76.27779, 11.81091 ], [ 76.27511, 11.80939 ], [ 76.26965, 11.80817 ], [ 76.25955, 11.80694 ], [ 76.25, 11.80218 ], [ 76.24738, 11.8017 ], [ 76.24261, 11.80282 ], [ 76.23977, 11.80219 ], [ 76.22941, 11.8044 ], [ 76.22482, 11.80696 ], [ 76.22016, 11.81202 ], [ 76.2193, 11.81319 ], [ 76.21909, 11.81885 ], [ 76.21764, 11.82095 ], [ 76.21681, 11.82088 ], [ 76.21632, 11.82244 ], [ 76.21459, 11.8228 ], [ 76.21087, 11.82768 ], [ 76.2121, 11.83132 ], [ 76.21143, 11.8339 ], [ 76.21408, 11.84157 ], [ 76.21128, 11.84322 ], [ 76.21188, 11.84409 ], [ 76.21107, 11.84436 ], [ 76.21138, 11.84552 ], [ 76.21037, 11.84826 ], [ 76.21102, 11.84944 ], [ 76.21014, 11.85036 ], [ 76.21051, 11.85177 ], [ 76.20876, 11.85741 ], [ 76.20855, 11.8605 ], [ 76.2122, 11.86 ], [ 76.21099, 11.86136 ], [ 76.21177, 11.86289 ], [ 76.20831, 11.86134 ], [ 76.2113, 11.86622 ], [ 76.21181, 11.86515 ], [ 76.21408, 11.86643 ], [ 76.20828, 11.87273 ], [ 76.2091, 11.8736 ], [ 76.21411, 11.87431 ], [ 76.21565, 11.87519 ], [ 76.216, 11.87638 ], [ 76.21975, 11.87778 ], [ 76.22268, 11.87804 ], [ 76.22553, 11.87672 ], [ 76.22603, 11.87844 ], [ 76.22034, 11.8823 ], [ 76.2225, 11.88487 ], [ 76.2184, 11.88492 ], [ 76.21741, 11.88645 ], [ 76.21015, 11.88917 ], [ 76.21118, 11.89283 ], [ 76.21025, 11.89516 ], [ 76.21145, 11.89659 ], [ 76.21413, 11.89763 ], [ 76.21436, 11.89956 ], [ 76.21641, 11.90111 ], [ 76.21743, 11.90381 ], [ 76.21697, 11.90664 ], [ 76.21405, 11.9079 ], [ 76.2106, 11.91143 ], [ 76.20947, 11.91408 ], [ 76.21497, 11.91446 ], [ 76.21792, 11.91286 ], [ 76.21971, 11.90914 ], [ 76.2318, 11.90413 ], [ 76.23384, 11.9047 ], [ 76.23269, 11.90811 ], [ 76.23653, 11.90782 ], [ 76.24307, 11.91347 ], [ 76.24046, 11.91829 ], [ 76.24085, 11.92124 ], [ 76.24011, 11.92384 ], [ 76.24088, 11.92679 ], [ 76.24576, 11.92603 ], [ 76.25061, 11.91861 ], [ 76.2536, 11.91712 ], [ 76.25359, 11.91379 ], [ 76.25697, 11.91452 ], [ 76.25886, 11.9171 ], [ 76.2615, 11.91819 ], [ 76.26301, 11.92041 ], [ 76.26526, 11.92077 ], [ 76.26825, 11.91742 ], [ 76.27126, 11.91741 ], [ 76.27089, 11.91963 ], [ 76.2668, 11.92742 ], [ 76.27469, 11.92812 ], [ 76.27843, 11.92514 ], [ 76.28177, 11.91736 ], [ 76.28629, 11.91956 ], [ 76.28405, 11.92216 ], [ 76.28408, 11.92771 ], [ 76.2867, 11.9277 ], [ 76.29158, 11.92545 ], [ 76.29269, 11.92286 ], [ 76.29571, 11.92507 ], [ 76.2972, 11.92321 ], [ 76.30096, 11.92356 ], [ 76.29873, 11.92838 ], [ 76.29949, 11.93097 ], [ 76.29837, 11.93245 ], [ 76.29838, 11.93467 ], [ 76.29989, 11.93614 ], [ 76.2999, 11.93762 ], [ 76.29803, 11.94022 ], [ 76.29917, 11.94317 ], [ 76.2958, 11.94467 ], [ 76.29507, 11.94911 ], [ 76.29209, 11.95541 ], [ 76.29398, 11.95799 ], [ 76.29173, 11.95837 ], [ 76.29103, 11.9691 ], [ 76.29256, 11.97464 ], [ 76.29888, 11.96056 ], [ 76.29996, 11.95094 ], [ 76.29694, 11.94873 ], [ 76.30144, 11.94612 ], [ 76.30179, 11.94168 ], [ 76.30479, 11.93871 ], [ 76.30593, 11.94166 ], [ 76.31232, 11.94385 ], [ 76.31532, 11.94347 ], [ 76.3145, 11.92905 ], [ 76.31957, 11.92726 ], [ 76.32024, 11.92836 ], [ 76.31883, 11.92969 ], [ 76.31603, 11.92941 ], [ 76.31656, 11.93026 ], [ 76.31519, 11.93187 ], [ 76.31593, 11.93298 ], [ 76.31564, 11.93409 ], [ 76.31783, 11.93456 ], [ 76.32249, 11.93352 ], [ 76.32482, 11.92565 ], [ 76.32914, 11.92602 ], [ 76.34306, 11.9315 ], [ 76.35171, 11.93294 ], [ 76.35659, 11.93292 ], [ 76.36108, 11.92993 ], [ 76.36068, 11.9255 ], [ 76.35728, 11.92108 ], [ 76.35914, 11.91811 ], [ 76.37118, 11.92249 ], [ 76.38022, 11.92725 ], [ 76.38139, 11.93575 ], [ 76.38623, 11.92796 ], [ 76.3915, 11.92868 ], [ 76.39602, 11.93124 ], [ 76.39604, 11.93531 ], [ 76.39941, 11.93381 ], [ 76.40392, 11.93416 ], [ 76.41071, 11.93931 ], [ 76.41, 11.94745 ], [ 76.41905, 11.95554 ], [ 76.42283, 11.95996 ], [ 76.4161, 11.96591 ], [ 76.412, 11.97074 ], [ 76.41089, 11.97444 ], [ 76.41167, 11.97961 ], [ 76.41506, 11.98144 ], [ 76.41508, 11.98662 ], [ 76.41397, 11.98959 ], [ 76.41173, 11.99182 ], [ 76.4125, 11.99551 ], [ 76.41701, 11.99623 ], [ 76.4174, 11.99882 ], [ 76.42117, 12.00065 ], [ 76.42379, 11.99915 ], [ 76.43242, 11.998 ], [ 76.43582, 12.00131 ], [ 76.4471, 12.00236 ], [ 76.46509, 11.99524 ] ] ] } },
{ "type": "Feature", "properties": { "newname": "Mudumalai" }, "geometry": { "type": "Polygon", "coordinates": [ [ [ 76.53012, 11.69488 ], [ 76.53954, 11.68897 ], [ 76.55152, 11.67295 ], [ 76.55275, 11.67107 ], [ 76.55147, 11.6692 ], [ 76.55196, 11.66664 ], [ 76.55043, 11.66407 ], [ 76.55102, 11.66057 ], [ 76.55206, 11.65905 ], [ 76.55383, 11.65826 ], [ 76.553, 11.65752 ], [ 76.55383, 11.65688 ], [ 76.55393, 11.65481 ], [ 76.55551, 11.65422 ], [ 76.55585, 11.65224 ], [ 76.55433, 11.64697 ], [ 76.55541, 11.64588 ], [ 76.55487, 11.64495 ], [ 76.5562, 11.64362 ], [ 76.55625, 11.64199 ], [ 76.55728, 11.64194 ], [ 76.55817, 11.63893 ], [ 76.55985, 11.63731 ], [ 76.55935, 11.63647 ], [ 76.56039, 11.63489 ], [ 76.56034, 11.63198 ], [ 76.56251, 11.63144 ], [ 76.56192, 11.63046 ], [ 76.563, 11.62804 ], [ 76.56066, 11.6224 ], [ 76.56098, 11.62168 ], [ 76.56372, 11.62185 ], [ 76.56579, 11.61927 ], [ 76.56813, 11.61862 ], [ 76.56823, 11.61742 ], [ 76.57027, 11.61678 ], [ 76.57111, 11.61798 ], [ 76.57188, 11.61724 ], [ 76.57616, 11.61793 ], [ 76.57641, 11.61557 ], [ 76.57779, 11.61308 ], [ 76.57836, 11.61406 ], [ 76.58013, 11.61451 ], [ 76.58183, 11.61313 ], [ 76.58459, 11.61239 ], [ 76.59218, 11.61752 ], [ 76.59396, 11.61702 ], [ 76.5946, 11.61559 ], [ 76.59711, 11.6153 ], [ 76.59844, 11.60933 ], [ 76.61166, 11.60958 ], [ 76.61491, 11.60628 ], [ 76.61585, 11.60731 ], [ 76.61782, 11.60731 ], [ 76.62955, 11.61229 ], [ 76.63399, 11.61165 ], [ 76.63793, 11.61293 ], [ 76.64148, 11.61214 ], [ 76.65035, 11.61199 ], [ 76.66189, 11.61431 ], [ 76.6683, 11.61441 ], [ 76.66928, 11.61372 ], [ 76.67214, 11.615 ], [ 76.68604, 11.61273 ], [ 76.68959, 11.61402 ], [ 76.69255, 11.61323 ], [ 76.70162, 11.61451 ], [ 76.70704, 11.61342 ], [ 76.71098, 11.61411 ], [ 76.72055, 11.61342 ], [ 76.72484, 11.6144 ], [ 76.73295, 11.61323 ], [ 76.73721, 11.61411 ], [ 76.74909, 11.61211 ], [ 76.75171, 11.6148 ], [ 76.75475, 11.61498 ], [ 76.7578, 11.61727 ], [ 76.76306, 11.6141 ], [ 76.76731, 11.61256 ], [ 76.77138, 11.61413 ], [ 76.77579, 11.61105 ], [ 76.78655, 11.61041 ], [ 76.79255, 11.61129 ], [ 76.79735, 11.60702 ], [ 76.80258, 11.60608 ], [ 76.81104, 11.6069 ], [ 76.81861, 11.60326 ], [ 76.82349, 11.60666 ], [ 76.82687, 11.60535 ], [ 76.83245, 11.5997 ], [ 76.83933, 11.59595 ], [ 76.84578, 11.5945 ], [ 76.84785, 11.59306 ], [ 76.84956, 11.5897 ], [ 76.84697, 11.58367 ], [ 76.84794, 11.58034 ], [ 76.85155, 11.57707 ], [ 76.85561, 11.57552 ], [ 76.86885, 11.57739 ], [ 76.87482, 11.57958 ], [ 76.87854, 11.57591 ], [ 76.88472, 11.57167 ], [ 76.89097, 11.57077 ], [ 76.89355, 11.571 ], [ 76.89561, 11.57313 ], [ 76.89974, 11.57389 ], [ 76.90169, 11.57521 ], [ 76.90318, 11.57751 ], [ 76.90634, 11.57942 ], [ 76.90874, 11.57931 ], [ 76.91206, 11.57638 ], [ 76.91641, 11.56651 ], [ 76.9172, 11.56278 ], [ 76.91829, 11.56255 ], [ 76.91905, 11.56314 ], [ 76.9191, 11.56772 ], [ 76.92163, 11.57732 ], [ 76.92633, 11.5763 ], [ 76.93258, 11.57292 ], [ 76.94049, 11.57793 ], [ 76.94175, 11.57748 ], [ 76.94547, 11.57185 ], [ 76.94925, 11.57123 ], [ 76.95366, 11.57181 ], [ 76.95458, 11.57147 ], [ 76.95572, 11.56854 ], [ 76.9569, 11.56796 ], [ 76.96164, 11.57018 ], [ 76.96254, 11.56997 ], [ 76.96479, 11.56595 ], [ 76.96934, 11.56319 ], [ 76.97077, 11.56285 ], [ 76.97454, 11.56452 ], [ 76.9741, 11.55597 ], [ 76.97622, 11.55276 ], [ 76.97964, 11.55192 ], [ 76.98407, 11.55457 ], [ 76.98533, 11.55427 ], [ 76.99163, 11.5501 ], [ 76.99325, 11.54623 ], [ 76.99502, 11.54454 ], [ 76.99972, 11.54541 ], [ 77.00337, 11.54384 ], [ 77.00658, 11.54547 ], [ 77.00882, 11.54402 ], [ 77.00639, 11.53831 ], [ 77.00626, 11.5362 ], [ 77.00624, 11.53481 ], [ 77.01021, 11.52773 ], [ 77.00678, 11.52344 ], [ 77.00743, 11.52077 ], [ 77.00862, 11.51941 ], [ 77.00809, 11.51776 ], [ 77.00508, 11.51201 ], [ 76.99875, 11.51226 ], [ 76.99783, 11.51163 ], [ 76.99816, 11.50225 ], [ 76.99696, 11.4987 ], [ 76.99433, 11.49637 ], [ 76.99472, 11.49427 ], [ 76.99283, 11.49124 ], [ 76.99204, 11.47982 ], [ 76.98879, 11.47525 ], [ 76.9808, 11.4702 ], [ 76.97303, 11.46673 ], [ 76.96609, 11.47012 ], [ 76.96293, 11.47363 ], [ 76.96363, 11.47446 ], [ 76.9574, 11.47811 ], [ 76.94602, 11.47828 ], [ 76.93654, 11.48083 ], [ 76.93764, 11.4915 ], [ 76.93878, 11.49418 ], [ 76.93667, 11.49532 ], [ 76.93755, 11.49835 ], [ 76.93408, 11.50252 ], [ 76.93418, 11.50422 ], [ 76.94068, 11.51353 ], [ 76.94077, 11.51572 ], [ 76.94229, 11.51499 ], [ 76.94244, 11.51685 ], [ 76.94543, 11.51632 ], [ 76.94631, 11.51795 ], [ 76.94504, 11.51926 ], [ 76.94078, 11.51782 ], [ 76.94078, 11.519 ], [ 76.94403, 11.52005 ], [ 76.94411, 11.52212 ], [ 76.93924, 11.52243 ], [ 76.93889, 11.52563 ], [ 76.92734, 11.52352 ], [ 76.92835, 11.53182 ], [ 76.92145, 11.52857 ], [ 76.91579, 11.523 ], [ 76.91337, 11.52409 ], [ 76.91012, 11.52427 ], [ 76.90885, 11.52537 ], [ 76.90982, 11.52717 ], [ 76.89401, 11.52581 ], [ 76.87785, 11.52155 ], [ 76.87363, 11.52199 ], [ 76.87175, 11.52106 ], [ 76.87052, 11.51777 ], [ 76.86766, 11.51553 ], [ 76.85831, 11.51097 ], [ 76.85805, 11.50798 ], [ 76.85585, 11.50583 ], [ 76.85361, 11.50763 ], [ 76.85115, 11.50429 ], [ 76.84268, 11.50684 ], [ 76.83653, 11.50675 ], [ 76.83288, 11.50614 ], [ 76.83047, 11.50477 ], [ 76.82849, 11.50482 ], [ 76.82463, 11.50218 ], [ 76.81545, 11.50188 ], [ 76.81074, 11.49853 ], [ 76.8099, 11.49498 ], [ 76.8042, 11.4923 ], [ 76.80784, 11.49028 ], [ 76.80692, 11.48857 ], [ 76.80213, 11.48874 ], [ 76.79695, 11.4908 ], [ 76.79642, 11.49331 ], [ 76.7892, 11.50532 ], [ 76.78912, 11.50747 ], [ 76.78683, 11.50883 ], [ 76.78595, 11.50642 ], [ 76.78183, 11.50449 ], [ 76.78073, 11.49808 ], [ 76.77831, 11.49412 ], [ 76.77686, 11.49386 ], [ 76.77555, 11.49483 ], [ 76.77234, 11.49931 ], [ 76.77142, 11.49922 ], [ 76.77032, 11.49575 ], [ 76.77028, 11.49026 ], [ 76.77173, 11.4882 ], [ 76.77001, 11.48424 ], [ 76.76562, 11.48345 ], [ 76.7647, 11.4813 ], [ 76.76369, 11.48231 ], [ 76.76229, 11.48209 ], [ 76.75961, 11.48547 ], [ 76.75921, 11.48758 ], [ 76.75421, 11.48762 ], [ 76.75227, 11.48995 ], [ 76.75135, 11.49527 ], [ 76.74845, 11.49983 ], [ 76.74613, 11.49434 ], [ 76.74586, 11.49039 ], [ 76.7409, 11.48859 ], [ 76.7402, 11.49048 ], [ 76.73905, 11.49043 ], [ 76.73879, 11.48903 ], [ 76.73589, 11.49052 ], [ 76.73581, 11.4889 ], [ 76.73352, 11.48921 ], [ 76.73304, 11.48622 ], [ 76.73185, 11.48512 ], [ 76.72768, 11.48297 ], [ 76.72808, 11.48398 ], [ 76.72729, 11.48486 ], [ 76.72509, 11.48402 ], [ 76.72601, 11.48279 ], [ 76.7218, 11.48231 ], [ 76.72057, 11.48503 ], [ 76.71965, 11.48424 ], [ 76.7193, 11.48565 ], [ 76.71763, 11.48574 ], [ 76.71622, 11.48811 ], [ 76.71741, 11.48859 ], [ 76.71732, 11.48969 ], [ 76.71561, 11.49496 ], [ 76.71064, 11.49895 ], [ 76.70814, 11.49667 ], [ 76.70849, 11.49338 ], [ 76.7074, 11.49123 ], [ 76.7081, 11.48991 ], [ 76.70617, 11.48916 ], [ 76.70257, 11.48969 ], [ 76.70077, 11.48543 ], [ 76.69743, 11.48429 ], [ 76.69585, 11.48688 ], [ 76.69479, 11.48723 ], [ 76.69255, 11.48631 ], [ 76.6915, 11.48411 ], [ 76.68952, 11.48495 ], [ 76.68636, 11.48473 ], [ 76.68496, 11.48569 ], [ 76.68386, 11.48688 ], [ 76.68434, 11.48934 ], [ 76.6828, 11.49171 ], [ 76.68338, 11.49351 ], [ 76.68632, 11.4965 ], [ 76.68478, 11.49746 ], [ 76.67837, 11.49553 ], [ 76.67797, 11.49439 ], [ 76.67648, 11.49434 ], [ 76.67363, 11.49184 ], [ 76.6717, 11.49149 ], [ 76.66669, 11.49281 ], [ 76.66313, 11.49035 ], [ 76.66164, 11.49092 ], [ 76.66102, 11.49241 ], [ 76.65927, 11.49166 ], [ 76.65325, 11.49619 ], [ 76.65264, 11.49439 ], [ 76.65062, 11.49232 ], [ 76.6511, 11.48969 ], [ 76.65031, 11.48679 ], [ 76.64864, 11.48653 ], [ 76.64631, 11.48973 ], [ 76.64421, 11.49632 ], [ 76.64421, 11.49935 ], [ 76.64337, 11.49992 ], [ 76.64118, 11.49979 ], [ 76.63876, 11.49803 ], [ 76.63573, 11.49421 ], [ 76.63073, 11.49522 ], [ 76.62958, 11.49215 ], [ 76.62835, 11.49197 ], [ 76.62844, 11.49386 ], [ 76.62598, 11.49399 ], [ 76.62282, 11.49118 ], [ 76.62137, 11.49109 ], [ 76.62045, 11.49197 ], [ 76.6215, 11.49329 ], [ 76.62041, 11.50339 ], [ 76.62089, 11.50505 ], [ 76.61966, 11.50686 ], [ 76.61729, 11.50751 ], [ 76.61474, 11.51015 ], [ 76.61395, 11.51515 ], [ 76.60767, 11.51226 ], [ 76.60403, 11.50808 ], [ 76.60499, 11.50642 ], [ 76.60183, 11.50615 ], [ 76.60122, 11.50699 ], [ 76.5981, 11.50712 ], [ 76.59516, 11.50646 ], [ 76.59511, 11.5094 ], [ 76.59191, 11.51876 ], [ 76.59024, 11.5184 ], [ 76.58945, 11.51564 ], [ 76.58501, 11.51041 ], [ 76.58241, 11.51178 ], [ 76.57894, 11.5116 ], [ 76.57604, 11.51432 ], [ 76.57284, 11.51402 ], [ 76.57025, 11.51538 ], [ 76.56937, 11.5174 ], [ 76.56686, 11.51806 ], [ 76.56445, 11.51586 ], [ 76.5612, 11.51525 ], [ 76.55777, 11.51187 ], [ 76.55343, 11.51011 ], [ 76.55018, 11.50603 ], [ 76.54825, 11.50484 ], [ 76.54271, 11.5051 ], [ 76.53955, 11.50923 ], [ 76.53529, 11.51274 ], [ 76.53349, 11.51784 ], [ 76.53086, 11.52113 ], [ 76.53068, 11.52535 ], [ 76.53204, 11.52741 ], [ 76.53111, 11.53157 ], [ 76.53367, 11.53567 ], [ 76.53283, 11.53768 ], [ 76.53131, 11.53531 ], [ 76.52766, 11.53452 ], [ 76.52874, 11.53314 ], [ 76.52677, 11.53255 ], [ 76.5248, 11.53363 ], [ 76.52322, 11.53541 ], [ 76.52342, 11.53708 ], [ 76.52185, 11.53841 ], [ 76.52129, 11.54495 ], [ 76.52027, 11.54857 ], [ 76.51906, 11.54944 ], [ 76.51859, 11.54756 ], [ 76.51723, 11.54649 ], [ 76.52068, 11.54488 ], [ 76.51845, 11.5359 ], [ 76.5165, 11.53624 ], [ 76.51677, 11.5335 ], [ 76.51524, 11.53639 ], [ 76.5107, 11.53767 ], [ 76.51207, 11.54115 ], [ 76.51213, 11.54508 ], [ 76.51041, 11.54897 ], [ 76.51058, 11.55442 ], [ 76.50745, 11.55493 ], [ 76.50461, 11.55413 ], [ 76.50409, 11.55919 ], [ 76.50282, 11.56055 ], [ 76.50331, 11.56478 ], [ 76.50193, 11.56676 ], [ 76.49579, 11.56938 ], [ 76.48913, 11.57071 ], [ 76.48731, 11.57244 ], [ 76.48138, 11.57298 ], [ 76.47129, 11.57544 ], [ 76.46942, 11.57736 ], [ 76.46764, 11.58101 ], [ 76.46148, 11.582 ], [ 76.45956, 11.58072 ], [ 76.45645, 11.58101 ], [ 76.45134, 11.57963 ], [ 76.44654, 11.57746 ], [ 76.44378, 11.5786 ], [ 76.43881, 11.5781 ], [ 76.43476, 11.57914 ], [ 76.43067, 11.57667 ], [ 76.42781, 11.57682 ], [ 76.42559, 11.5752 ], [ 76.42372, 11.57179 ], [ 76.4218, 11.57066 ], [ 76.41815, 11.57204 ], [ 76.41564, 11.57155 ], [ 76.41628, 11.56618 ], [ 76.41371, 11.56627 ], [ 76.41298, 11.56829 ], [ 76.41204, 11.56874 ], [ 76.40657, 11.56864 ], [ 76.40765, 11.57002 ], [ 76.40622, 11.57032 ], [ 76.40445, 11.57032 ], [ 76.40415, 11.56898 ], [ 76.40134, 11.56908 ], [ 76.3975, 11.57342 ], [ 76.3941, 11.57317 ], [ 76.38966, 11.57485 ], [ 76.38744, 11.57382 ], [ 76.3867, 11.57416 ], [ 76.38983, 11.57622 ], [ 76.3908, 11.57974 ], [ 76.38924, 11.58107 ], [ 76.38636, 11.57795 ], [ 76.38623, 11.58212 ], [ 76.38369, 11.58353 ], [ 76.37778, 11.58323 ], [ 76.3727, 11.58515 ], [ 76.37029, 11.58303 ], [ 76.36343, 11.5819 ], [ 76.36193, 11.58302 ], [ 76.35851, 11.59122 ], [ 76.36822, 11.59718 ], [ 76.37487, 11.59861 ], [ 76.37852, 11.60058 ], [ 76.37817, 11.60324 ], [ 76.37891, 11.60709 ], [ 76.38458, 11.61049 ], [ 76.38365, 11.61552 ], [ 76.38384, 11.62257 ], [ 76.38848, 11.62824 ], [ 76.40711, 11.63297 ], [ 76.42737, 11.63203 ], [ 76.43112, 11.62927 ], [ 76.43304, 11.62972 ], [ 76.43506, 11.63425 ], [ 76.44063, 11.6381 ], [ 76.44393, 11.64238 ], [ 76.44477, 11.64549 ], [ 76.44433, 11.64751 ], [ 76.43999, 11.65136 ], [ 76.43738, 11.65185 ], [ 76.43654, 11.6551 ], [ 76.43481, 11.65628 ], [ 76.43476, 11.65826 ], [ 76.4322, 11.66501 ], [ 76.43427, 11.6656 ], [ 76.43582, 11.66341 ], [ 76.43812, 11.66417 ], [ 76.43962, 11.66338 ], [ 76.44085, 11.66457 ], [ 76.44181, 11.66284 ], [ 76.4442, 11.66227 ], [ 76.44672, 11.66343 ], [ 76.44866, 11.66296 ], [ 76.45002, 11.66442 ], [ 76.45103, 11.66282 ], [ 76.45194, 11.66361 ], [ 76.45387, 11.66319 ], [ 76.45428, 11.66393 ], [ 76.45478, 11.66331 ], [ 76.45606, 11.66442 ], [ 76.45879, 11.66287 ], [ 76.45936, 11.66486 ], [ 76.46027, 11.66486 ], [ 76.46599, 11.66969 ], [ 76.46925, 11.67447 ], [ 76.47856, 11.68246 ], [ 76.48216, 11.68369 ], [ 76.48359, 11.68497 ], [ 76.48408, 11.68744 ], [ 76.48265, 11.69133 ], [ 76.48379, 11.69197 ], [ 76.48931, 11.6901 ], [ 76.49394, 11.69153 ], [ 76.49577, 11.69311 ], [ 76.49872, 11.69395 ], [ 76.49971, 11.69607 ], [ 76.50286, 11.69828 ], [ 76.50582, 11.69823 ], [ 76.51184, 11.70405 ], [ 76.53012, 11.69488 ] ] ] } },
{ "type": "Feature", "properties": { "newname": " " }, "geometry": { "type": "Polygon", "coordinates": [ [ [ 76.52095, 11.53668 ], [ 76.52095, 11.53852 ], [ 76.52172, 11.5384 ], [ 76.52167, 11.5368 ], [ 76.52095, 11.53668 ] ] ] } },
{ "type": "Feature", "properties": { "newname": " " }, "geometry": { "type": "Polygon", "coordinates": [ [ [ 76.51994, 11.53564 ], [ 76.5196, 11.53671 ], [ 76.51986, 11.53668 ], [ 76.52017, 11.53511 ], [ 76.51911, 11.53411 ], [ 76.51994, 11.53564 ] ] ] } },
{ "type": "Feature", "properties": { "newname": " " }, "geometry": { "type": "Polygon", "coordinates": [ [ [ 76.51794, 11.53285 ], [ 76.51761, 11.53303 ], [ 76.51816, 11.53309 ], [ 76.51794, 11.53285 ] ] ] } },
{ "type": "Feature", "properties": { "newname": "Placemark" }, "geometry": { "type": "Polygon", "coordinates": [ [ [ 76.55, 11.50815 ], [ 76.55059, 11.5096 ], [ 76.55062, 11.50856 ], [ 76.55, 11.50815 ] ] ] } },
{ "type": "Feature", "properties": { "newname": " " }, "geometry": { "type": "Polygon", "coordinates": [ [ [ 77.12833, 11.46161 ], [ 77.12849, 11.46044 ], [ 77.13223, 11.44548 ], [ 77.13079, 11.43829 ], [ 77.13527, 11.43447 ], [ 77.14314, 11.43964 ], [ 77.14616, 11.43991 ], [ 77.14503, 11.43898 ], [ 77.14622, 11.43995 ], [ 77.14809, 11.44003 ], [ 77.15272, 11.4447 ], [ 77.1524, 11.44618 ], [ 77.14957, 11.44746 ], [ 77.14894, 11.45587 ], [ 77.15645, 11.45692 ], [ 77.15556, 11.46334 ], [ 77.15239, 11.46547 ], [ 77.15273, 11.46905 ], [ 77.15343, 11.46929 ], [ 77.15543, 11.46652 ], [ 77.15813, 11.46614 ], [ 77.15748, 11.46109 ], [ 77.16106, 11.46014 ], [ 77.16325, 11.43567 ], [ 77.16568, 11.43533 ], [ 77.17783, 11.44372 ], [ 77.18195, 11.44823 ], [ 77.18186, 11.4517 ], [ 77.19686, 11.45044 ], [ 77.1915, 11.44227 ], [ 77.205, 11.43529 ], [ 77.20365, 11.43259 ], [ 77.20133, 11.43082 ], [ 77.19936, 11.43308 ], [ 77.19588, 11.433 ], [ 77.19214, 11.43446 ], [ 77.1891, 11.43358 ], [ 77.18976, 11.43132 ], [ 77.17385, 11.43242 ], [ 77.17148, 11.43223 ], [ 77.16828, 11.43042 ], [ 77.1673, 11.43239 ], [ 77.14729, 11.43107 ], [ 77.14656, 11.42979 ], [ 77.14252, 11.42776 ], [ 77.14072, 11.42571 ], [ 77.14061, 11.41338 ], [ 77.14049, 11.41242 ], [ 77.13927, 11.41244 ], [ 77.14013, 11.40718 ], [ 77.13583, 11.40665 ], [ 77.13643, 11.41221 ], [ 77.13585, 11.4161 ], [ 77.12773, 11.41182 ], [ 77.12846, 11.41278 ], [ 77.12916, 11.41408 ], [ 77.13019, 11.41533 ], [ 77.12318, 11.40697 ], [ 77.11702, 11.40901 ], [ 77.11344, 11.40893 ], [ 77.11293, 11.40948 ], [ 77.11559, 11.41487 ], [ 77.11546, 11.41599 ], [ 77.1135, 11.4157 ], [ 77.10914, 11.4128 ], [ 77.10915, 11.40779 ], [ 77.10398, 11.40284 ], [ 77.09257, 11.40228 ], [ 77.08929, 11.40643 ], [ 77.07878, 11.40481 ], [ 77.07663, 11.40323 ], [ 77.08698, 11.42963 ], [ 77.09778, 11.45378 ], [ 77.10471, 11.45732 ], [ 77.10616, 11.45491 ], [ 77.11336, 11.45761 ], [ 77.11986, 11.46128 ], [ 77.11914, 11.46919 ], [ 77.12901, 11.46743 ], [ 77.12971, 11.46584 ], [ 77.12944, 11.46188 ], [ 77.12833, 11.46161 ] ], [ [ 77.13118, 11.41633 ], [ 77.13107, 11.41599 ], [ 77.13113, 11.41604 ], [ 77.13221, 11.41773 ], [ 77.13592, 11.42266 ], [ 77.13885, 11.42689 ], [ 77.13949, 11.42814 ], [ 77.13966, 11.42865 ], [ 77.1398, 11.4298 ], [ 77.13975, 11.43198 ], [ 77.13995, 11.43244 ], [ 77.13969, 11.43194 ], [ 77.13879, 11.42684 ], [ 77.13585, 11.42261 ], [ 77.13449, 11.42096 ], [ 77.13214, 11.41769 ], [ 77.13118, 11.41633 ] ], [ [ 77.14084, 11.43368 ], [ 77.14151, 11.43492 ], [ 77.14181, 11.43555 ], [ 77.14229, 11.43688 ], [ 77.13995, 11.43244 ], [ 77.14084, 11.43368 ] ], [ [ 77.14317, 11.43774 ], [ 77.14259, 11.43723 ], [ 77.14238, 11.43695 ], [ 77.14317, 11.43774 ] ] ] } },
{ "type": "Feature", "properties": { "newname": "Malai Mahadeshwara" }, "geometry": { "type": "Polygon", "coordinates": [ [ [ 77.26257, 11.80939 ], [ 77.26482, 11.80775 ], [ 77.27426, 11.80413 ], [ 77.27546, 11.80187 ], [ 77.28846, 11.79925 ], [ 77.29136, 11.80141 ], [ 77.29471, 11.80784 ], [ 77.31464, 11.79132 ], [ 77.32848, 11.77425 ], [ 77.33654, 11.76957 ], [ 77.35201, 11.7742 ], [ 77.36095, 11.77798 ], [ 77.36634, 11.78889 ], [ 77.37013, 11.78806 ], [ 77.37026, 11.78545 ], [ 77.37204, 11.78514 ], [ 77.38899, 11.78699 ], [ 77.39538, 11.78645 ], [ 77.39774, 11.78386 ], [ 77.40835, 11.77698 ], [ 77.41492, 11.77339 ], [ 77.42384, 11.77043 ], [ 77.42401, 11.75992 ], [ 77.4174, 11.76279 ], [ 77.40371, 11.77395 ], [ 77.40433, 11.76215 ], [ 77.4073, 11.75396 ], [ 77.40762, 11.75034 ], [ 77.40666, 11.74991 ], [ 77.40739, 11.74857 ], [ 77.40723, 11.74275 ], [ 77.40882, 11.74105 ], [ 77.40729, 11.73098 ], [ 77.42003, 11.73417 ], [ 77.42066, 11.72827 ], [ 77.42441, 11.72703 ], [ 77.42661, 11.7291 ], [ 77.42793, 11.73227 ], [ 77.4298, 11.73123 ], [ 77.43571, 11.7308 ], [ 77.43636, 11.72994 ], [ 77.43562, 11.72857 ], [ 77.43529, 11.7233 ], [ 77.43642, 11.72153 ], [ 77.43687, 11.7179 ], [ 77.43618, 11.71431 ], [ 77.44007, 11.71333 ], [ 77.44028, 11.71671 ], [ 77.44138, 11.71781 ], [ 77.44439, 11.7156 ], [ 77.44411, 11.71186 ], [ 77.44105, 11.71049 ], [ 77.44009, 11.70888 ], [ 77.44305, 11.70623 ], [ 77.44158, 11.70507 ], [ 77.43822, 11.70537 ], [ 77.43719, 11.70233 ], [ 77.44318, 11.67964 ], [ 77.44146, 11.67689 ], [ 77.44079, 11.67343 ], [ 77.44299, 11.67073 ], [ 77.45008, 11.66838 ], [ 77.45197, 11.66632 ], [ 77.45514, 11.66462 ], [ 77.45195, 11.65624 ], [ 77.44163, 11.64716 ], [ 77.43932, 11.64616 ], [ 77.43856, 11.64462 ], [ 77.44018, 11.64097 ], [ 77.44072, 11.63463 ], [ 77.44353, 11.62669 ], [ 77.44558, 11.61762 ], [ 77.45931, 11.60589 ], [ 77.45064, 11.59448 ], [ 77.45254, 11.58684 ], [ 77.45269, 11.58161 ], [ 77.45173, 11.57301 ], [ 77.44929, 11.56611 ], [ 77.44574, 11.56079 ], [ 77.4327, 11.54712 ], [ 77.43127, 11.53743 ], [ 77.40862, 11.52947 ], [ 77.39884, 11.5279 ], [ 77.36996, 11.52899 ], [ 77.36894, 11.53147 ], [ 77.36933, 11.5364 ], [ 77.37133, 11.54797 ], [ 77.37317, 11.55223 ], [ 77.3736, 11.56038 ], [ 77.37516, 11.56408 ], [ 77.36613, 11.5657 ], [ 77.35889, 11.54837 ], [ 77.35432, 11.54423 ], [ 77.34829, 11.53194 ], [ 77.34415, 11.52571 ], [ 77.32907, 11.5256 ], [ 77.32275, 11.52994 ], [ 77.31716, 11.53087 ], [ 77.31517, 11.53475 ], [ 77.31084, 11.53983 ], [ 77.3159, 11.54641 ], [ 77.31749, 11.55188 ], [ 77.31543, 11.55697 ], [ 77.31671, 11.55729 ], [ 77.31471, 11.56594 ], [ 77.30999, 11.57242 ], [ 77.30052, 11.56774 ], [ 77.29912, 11.56495 ], [ 77.29312, 11.56109 ], [ 77.29222, 11.55789 ], [ 77.29283, 11.5534 ], [ 77.29212, 11.54939 ], [ 77.28909, 11.54516 ], [ 77.28057, 11.54118 ], [ 77.27157, 11.54028 ], [ 77.26939, 11.54321 ], [ 77.26865, 11.54868 ], [ 77.2669, 11.55176 ], [ 77.26754, 11.55563 ], [ 77.26166, 11.55494 ], [ 77.25669, 11.55284 ], [ 77.2516, 11.55241 ], [ 77.25018, 11.55156 ], [ 77.2461, 11.55306 ], [ 77.22997, 11.55348 ], [ 77.22671, 11.55468 ], [ 77.2206, 11.55995 ], [ 77.22308, 11.56303 ], [ 77.21869, 11.56681 ], [ 77.21738, 11.56906 ], [ 77.21506, 11.58409 ], [ 77.20491, 11.58761 ], [ 77.20021, 11.57983 ], [ 77.19676, 11.58068 ], [ 77.17883, 11.55842 ], [ 77.17545, 11.55713 ], [ 77.17796, 11.5566 ], [ 77.17158, 11.54197 ], [ 77.16638, 11.54468 ], [ 77.1582, 11.54584 ], [ 77.15791, 11.54324 ], [ 77.14095, 11.54283 ], [ 77.14014, 11.5426 ], [ 77.13929, 11.53962 ], [ 77.12261, 11.53973 ], [ 77.12183, 11.53625 ], [ 77.11195, 11.53486 ], [ 77.11275, 11.53079 ], [ 77.11463, 11.52785 ], [ 77.11314, 11.52464 ], [ 77.11562, 11.5144 ], [ 77.11446, 11.51039 ], [ 77.11448, 11.50655 ], [ 77.12821, 11.50474 ], [ 77.13645, 11.50821 ], [ 77.14396, 11.50655 ], [ 77.14314, 11.49801 ], [ 77.13993, 11.49611 ], [ 77.1351, 11.49554 ], [ 77.12849, 11.49574 ], [ 77.12796, 11.49761 ], [ 77.12661, 11.49764 ], [ 77.12564, 11.49601 ], [ 77.12333, 11.49557 ], [ 77.12285, 11.49105 ], [ 77.12173, 11.49032 ], [ 77.12085, 11.48732 ], [ 77.11423, 11.48842 ], [ 77.11433, 11.49283 ], [ 77.11351, 11.49368 ], [ 77.10541, 11.49452 ], [ 77.1054, 11.49138 ], [ 77.10072, 11.49191 ], [ 77.0993, 11.48936 ], [ 77.0843, 11.49519 ], [ 77.07739, 11.49881 ], [ 77.07109, 11.50039 ], [ 77.06651, 11.50016 ], [ 77.06841, 11.49752 ], [ 77.06911, 11.49241 ], [ 77.06678, 11.47997 ], [ 77.06966, 11.47844 ], [ 77.06994, 11.47646 ], [ 77.07203, 11.47635 ], [ 77.07179, 11.4752 ], [ 77.06995, 11.47536 ], [ 77.06919, 11.46974 ], [ 77.07288, 11.47032 ], [ 77.07464, 11.46859 ], [ 77.07426, 11.46421 ], [ 77.08106, 11.46328 ], [ 77.07983, 11.46074 ], [ 77.07491, 11.4607 ], [ 77.07657, 11.45555 ], [ 77.07093, 11.4561 ], [ 77.0633, 11.46193 ], [ 77.06175, 11.462 ], [ 77.05956, 11.46051 ], [ 77.04967, 11.46324 ], [ 77.04341, 11.45772 ], [ 77.04132, 11.4549 ], [ 77.04104, 11.45307 ], [ 77.03546, 11.45417 ], [ 77.0316, 11.45225 ], [ 77.02752, 11.45322 ], [ 77.01952, 11.44952 ], [ 77.0142, 11.4485 ], [ 77.01395, 11.45121 ], [ 77.00797, 11.45859 ], [ 77.00658, 11.46281 ], [ 77.00111, 11.47339 ], [ 76.99163, 11.47995 ], [ 76.9925, 11.49109 ], [ 76.99429, 11.49468 ], [ 76.99415, 11.49659 ], [ 76.99655, 11.49864 ], [ 76.99642, 11.50027 ], [ 76.99796, 11.50288 ], [ 76.99757, 11.51147 ], [ 76.99843, 11.51217 ], [ 77.00161, 11.51157 ], [ 77.0062, 11.51246 ], [ 77.0125, 11.51784 ], [ 77.01361, 11.52223 ], [ 77.01563, 11.5241 ], [ 77.01402, 11.52426 ], [ 77.00864, 11.52188 ], [ 77.00686, 11.52294 ], [ 77.01011, 11.52756 ], [ 77.00581, 11.53608 ], [ 77.00605, 11.53953 ], [ 77.00769, 11.54297 ], [ 77.00728, 11.54393 ], [ 77.00386, 11.54332 ], [ 76.99999, 11.5453 ], [ 76.99471, 11.54459 ], [ 76.99334, 11.54594 ], [ 76.99154, 11.55029 ], [ 76.98486, 11.5544 ], [ 76.98032, 11.55185 ], [ 76.97674, 11.55239 ], [ 76.97369, 11.55694 ], [ 76.97445, 11.56422 ], [ 76.97121, 11.56285 ], [ 76.96898, 11.56316 ], [ 76.96474, 11.5659 ], [ 76.962, 11.57007 ], [ 76.9586, 11.56802 ], [ 76.95656, 11.56781 ], [ 76.95386, 11.57155 ], [ 76.94651, 11.57137 ], [ 76.94473, 11.57283 ], [ 76.94211, 11.57701 ], [ 76.94057, 11.57775 ], [ 76.93214, 11.57279 ], [ 76.92599, 11.57634 ], [ 76.92169, 11.57713 ], [ 76.91907, 11.56686 ], [ 76.91938, 11.56373 ], [ 76.91792, 11.56211 ], [ 76.91431, 11.56892 ], [ 76.91161, 11.5766 ], [ 76.90858, 11.57931 ], [ 76.90529, 11.57876 ], [ 76.90006, 11.57395 ], [ 76.8958, 11.57301 ], [ 76.89358, 11.57104 ], [ 76.89085, 11.5708 ], [ 76.88422, 11.57186 ], [ 76.87965, 11.57473 ], [ 76.87503, 11.57929 ], [ 76.86403, 11.57628 ], [ 76.85522, 11.57551 ], [ 76.85245, 11.57629 ], [ 76.8472, 11.5808 ], [ 76.84705, 11.58541 ], [ 76.84905, 11.58994 ], [ 76.84782, 11.5922 ], [ 76.84818, 11.59319 ], [ 76.84953, 11.59424 ], [ 76.85474, 11.59556 ], [ 76.85755, 11.59792 ], [ 76.85838, 11.60364 ], [ 76.85685, 11.60662 ], [ 76.8588, 11.6088 ], [ 76.85902, 11.61267 ], [ 76.85708, 11.61435 ], [ 76.85146, 11.61512 ], [ 76.85004, 11.61716 ], [ 76.85304, 11.62041 ], [ 76.8507, 11.62008 ], [ 76.84985, 11.62164 ], [ 76.85051, 11.62335 ], [ 76.84777, 11.62344 ], [ 76.84639, 11.62528 ], [ 76.84394, 11.62604 ], [ 76.84578, 11.62723 ], [ 76.84654, 11.63089 ], [ 76.84608, 11.63279 ], [ 76.84518, 11.63147 ], [ 76.84114, 11.63434 ], [ 76.83974, 11.63425 ], [ 76.83577, 11.63821 ], [ 76.83868, 11.64106 ], [ 76.83626, 11.64341 ], [ 76.83493, 11.64616 ], [ 76.83495, 11.648 ], [ 76.8369, 11.65273 ], [ 76.83592, 11.65409 ], [ 76.83885, 11.65552 ], [ 76.83997, 11.65929 ], [ 76.84119, 11.6591 ], [ 76.8425, 11.66006 ], [ 76.84259, 11.66449 ], [ 76.84438, 11.66628 ], [ 76.84407, 11.667 ], [ 76.84524, 11.66914 ], [ 76.84496, 11.67126 ], [ 76.84581, 11.67228 ], [ 76.84644, 11.67153 ], [ 76.84842, 11.67752 ], [ 76.8506, 11.68068 ], [ 76.8504, 11.68196 ], [ 76.85175, 11.68365 ], [ 76.85098, 11.68488 ], [ 76.85319, 11.68755 ], [ 76.85357, 11.69069 ], [ 76.85658, 11.69568 ], [ 76.86457, 11.70426 ], [ 76.86213, 11.70619 ], [ 76.86327, 11.70933 ], [ 76.87177, 11.71986 ], [ 76.87666, 11.72383 ], [ 76.88084, 11.72574 ], [ 76.87712, 11.7142 ], [ 76.87632, 11.70051 ], [ 76.87714, 11.69081 ], [ 76.8752, 11.67239 ], [ 76.87768, 11.65477 ], [ 76.87879, 11.63712 ], [ 76.88958, 11.63595 ], [ 76.89484, 11.63986 ], [ 76.90195, 11.64126 ], [ 76.90679, 11.64424 ], [ 76.90781, 11.64406 ], [ 76.90831, 11.64549 ], [ 76.9307, 11.65974 ], [ 76.94261, 11.66978 ], [ 76.94749, 11.6748 ], [ 76.97243, 11.70568 ], [ 76.98357, 11.71524 ], [ 76.99221, 11.72531 ], [ 76.99545, 11.73115 ], [ 76.99808, 11.74171 ], [ 77.00227, 11.74361 ], [ 77.00771, 11.74813 ], [ 77.00904, 11.74978 ], [ 77.00842, 11.74987 ], [ 77.00878, 11.75072 ], [ 77.01097, 11.75272 ], [ 77.02027, 11.75098 ], [ 77.02099, 11.75232 ], [ 77.02213, 11.75246 ], [ 77.02264, 11.75381 ], [ 77.02374, 11.75414 ], [ 77.024, 11.75676 ], [ 77.02741, 11.7613 ], [ 77.02902, 11.77318 ], [ 77.03515, 11.76871 ], [ 77.03973, 11.77904 ], [ 77.04401, 11.78215 ], [ 77.04443, 11.78449 ], [ 77.04548, 11.78567 ], [ 77.04979, 11.78807 ], [ 77.05698, 11.78754 ], [ 77.0632, 11.78903 ], [ 77.06638, 11.78733 ], [ 77.06846, 11.78428 ], [ 77.07063, 11.78025 ], [ 77.07069, 11.77871 ], [ 77.0685, 11.77895 ], [ 77.06742, 11.7771 ], [ 77.06447, 11.77656 ], [ 77.06219, 11.77515 ], [ 77.05992, 11.77063 ], [ 77.05712, 11.76878 ], [ 77.05718, 11.76778 ], [ 77.06095, 11.76199 ], [ 77.07168, 11.75003 ], [ 77.07314, 11.74953 ], [ 77.08366, 11.73872 ], [ 77.08379, 11.73756 ], [ 77.08201, 11.73446 ], [ 77.10616, 11.73141 ], [ 77.11416, 11.72209 ], [ 77.11652, 11.72029 ], [ 77.11922, 11.71973 ], [ 77.11925, 11.72459 ], [ 77.11767, 11.72417 ], [ 77.11858, 11.72707 ], [ 77.11684, 11.72707 ], [ 77.11875, 11.73039 ], [ 77.11579, 11.73297 ], [ 77.11545, 11.73481 ], [ 77.11629, 11.73768 ], [ 77.11324, 11.7413 ], [ 77.11282, 11.74838 ], [ 77.10873, 11.75104 ], [ 77.10936, 11.75275 ], [ 77.11275, 11.7557 ], [ 77.1123, 11.75883 ], [ 77.11288, 11.76068 ], [ 77.11209, 11.76285 ], [ 77.11311, 11.76425 ], [ 77.11246, 11.76755 ], [ 77.11099, 11.76966 ], [ 77.11135, 11.77229 ], [ 77.11707, 11.77332 ], [ 77.12302, 11.77131 ], [ 77.13111, 11.77245 ], [ 77.13798, 11.7713 ], [ 77.13981, 11.77229 ], [ 77.14265, 11.77593 ], [ 77.14492, 11.77689 ], [ 77.14742, 11.78017 ], [ 77.1508, 11.78125 ], [ 77.18108, 11.78492 ], [ 77.18916, 11.79093 ], [ 77.19194, 11.79194 ], [ 77.2263, 11.79495 ], [ 77.23696, 11.79473 ], [ 77.23961, 11.79394 ], [ 77.24718, 11.79981 ], [ 77.2488, 11.80279 ], [ 77.25053, 11.80302 ], [ 77.2508, 11.81167 ], [ 77.26048, 11.80908 ], [ 77.26257, 11.80939 ] ] ] } },
{ "type": "Feature", "properties": { "newname": "Mukurthi" }, "geometry": { "type": "Polygon", "coordinates": [ [ [ 76.54608, 11.50624 ], [ 76.52727, 11.49793 ], [ 76.52237, 11.48794 ], [ 76.52151, 11.47601 ], [ 76.5231, 11.46888 ], [ 76.5223, 11.46134 ], [ 76.51404, 11.43103 ], [ 76.51012, 11.41955 ], [ 76.50766, 11.41588 ], [ 76.50113, 11.41018 ], [ 76.49465, 11.40768 ], [ 76.4905, 11.40708 ], [ 76.49253, 11.3981 ], [ 76.49136, 11.39208 ], [ 76.4869, 11.38665 ], [ 76.48512, 11.38558 ], [ 76.47997, 11.38492 ], [ 76.47655, 11.38168 ], [ 76.48116, 11.38053 ], [ 76.47914, 11.37716 ], [ 76.47444, 11.3724 ], [ 76.46807, 11.36069 ], [ 76.46734, 11.35795 ], [ 76.47328, 11.34948 ], [ 76.48853, 11.35056 ], [ 76.52216, 11.35014 ], [ 76.52806, 11.3482 ], [ 76.53257, 11.34384 ], [ 76.54866, 11.34749 ], [ 76.54927, 11.33926 ], [ 76.55078, 11.33476 ], [ 76.55067, 11.33003 ], [ 76.5415, 11.31815 ], [ 76.52836, 11.31527 ], [ 76.52479, 11.31536 ], [ 76.52056, 11.31675 ], [ 76.51701, 11.31941 ], [ 76.51398, 11.32326 ], [ 76.4888, 11.32354 ], [ 76.47524, 11.32254 ], [ 76.47891, 11.31811 ], [ 76.4804, 11.31491 ], [ 76.48101, 11.31143 ], [ 76.48045, 11.30707 ], [ 76.46352, 11.27936 ], [ 76.45861, 11.27559 ], [ 76.42299, 11.26008 ], [ 76.40428, 11.2413 ], [ 76.40017, 11.22625 ], [ 76.39769, 11.22159 ], [ 76.39279, 11.21782 ], [ 76.38485, 11.21571 ], [ 76.40391, 11.20149 ], [ 76.40874, 11.19916 ], [ 76.40801, 11.19611 ], [ 76.40649, 11.19417 ], [ 76.4082, 11.19083 ], [ 76.40767, 11.19001 ], [ 76.40239, 11.18804 ], [ 76.40158, 11.18618 ], [ 76.40285, 11.18436 ], [ 76.41059, 11.18172 ], [ 76.41082, 11.17985 ], [ 76.40944, 11.17724 ], [ 76.41265, 11.17207 ], [ 76.40734, 11.17115 ], [ 76.40213, 11.17231 ], [ 76.38884, 11.17891 ], [ 76.35782, 11.20247 ], [ 76.35503, 11.20795 ], [ 76.3523, 11.22289 ], [ 76.35216, 11.22641 ], [ 76.35328, 11.23067 ], [ 76.35572, 11.23434 ], [ 76.36004, 11.23744 ], [ 76.37598, 11.24139 ], [ 76.37889, 11.25206 ], [ 76.38083, 11.25602 ], [ 76.40703, 11.28232 ], [ 76.44332, 11.29845 ], [ 76.45027, 11.30976 ], [ 76.44098, 11.32155 ], [ 76.4349, 11.33714 ], [ 76.43508, 11.34413 ], [ 76.43906, 11.35377 ], [ 76.43925, 11.35868 ], [ 76.44239, 11.37033 ], [ 76.45095, 11.38694 ], [ 76.45507, 11.39149 ], [ 76.45519, 11.39516 ], [ 76.45659, 11.39934 ], [ 76.46256, 11.40574 ], [ 76.46172, 11.4102 ], [ 76.46204, 11.41371 ], [ 76.46604, 11.42215 ], [ 76.46938, 11.4262 ], [ 76.47769, 11.43177 ], [ 76.48283, 11.43422 ], [ 76.48655, 11.43506 ], [ 76.49544, 11.46757 ], [ 76.49398, 11.47505 ], [ 76.49527, 11.4929 ], [ 76.49639, 11.49716 ], [ 76.50288, 11.50962 ], [ 76.50557, 11.51313 ], [ 76.50927, 11.5156 ], [ 76.51914, 11.51979 ], [ 76.53162, 11.52912 ], [ 76.53045, 11.52734 ], [ 76.5305, 11.52248 ], [ 76.5336, 11.51885 ], [ 76.53508, 11.51437 ], [ 76.53836, 11.51154 ], [ 76.5413, 11.50723 ], [ 76.54608, 11.50624 ] ] ] } },
{ "type": "Feature", "properties": { "newname": "Mukurthi" }, "geometry": { "type": "Polygon", "coordinates": [ [ [ 76.55138, 11.37145 ], [ 76.55734, 11.29492 ], [ 76.55819, 11.2892 ], [ 76.56364, 11.28755 ], [ 76.56297, 11.28544 ], [ 76.56354, 11.28248 ], [ 76.56011, 11.27807 ], [ 76.55683, 11.27662 ], [ 76.55626, 11.27521 ], [ 76.55512, 11.27497 ], [ 76.55456, 11.27699 ], [ 76.55379, 11.27707 ], [ 76.54604, 11.27308 ], [ 76.54459, 11.27123 ], [ 76.54506, 11.268 ], [ 76.54354, 11.26744 ], [ 76.54018, 11.26377 ], [ 76.54173, 11.26288 ], [ 76.54048, 11.2607 ], [ 76.54165, 11.26039 ], [ 76.54182, 11.25957 ], [ 76.53754, 11.25887 ], [ 76.5374, 11.26137 ], [ 76.53633, 11.26118 ], [ 76.53477, 11.26547 ], [ 76.53364, 11.26566 ], [ 76.53416, 11.26275 ], [ 76.53519, 11.26196 ], [ 76.53445, 11.25945 ], [ 76.52978, 11.25937 ], [ 76.52883, 11.26097 ], [ 76.5275, 11.26097 ], [ 76.52712, 11.25865 ], [ 76.5279, 11.25724 ], [ 76.54228, 11.25654 ], [ 76.54321, 11.25467 ], [ 76.54446, 11.25544 ], [ 76.54757, 11.25488 ], [ 76.54678, 11.25293 ], [ 76.54916, 11.25305 ], [ 76.54939, 11.2538 ], [ 76.5502, 11.25247 ], [ 76.5468, 11.24907 ], [ 76.54488, 11.25117 ], [ 76.54465, 11.25265 ], [ 76.54265, 11.25049 ], [ 76.54137, 11.25108 ], [ 76.54192, 11.25286 ], [ 76.53755, 11.2529 ], [ 76.5416, 11.24952 ], [ 76.54045, 11.24614 ], [ 76.53755, 11.24286 ], [ 76.5361, 11.24272 ], [ 76.53707, 11.24173 ], [ 76.53634, 11.2406 ], [ 76.53437, 11.24132 ], [ 76.53226, 11.23996 ], [ 76.53178, 11.24123 ], [ 76.52922, 11.24181 ], [ 76.52973, 11.23722 ], [ 76.52835, 11.2371 ], [ 76.52735, 11.23193 ], [ 76.52432, 11.23554 ], [ 76.52559, 11.23045 ], [ 76.52425, 11.22862 ], [ 76.52162, 11.22965 ], [ 76.51981, 11.22636 ], [ 76.52078, 11.22509 ], [ 76.52127, 11.22153 ], [ 76.51555, 11.21915 ], [ 76.5154, 11.21747 ], [ 76.5142, 11.2185 ], [ 76.51248, 11.21571 ], [ 76.50794, 11.21403 ], [ 76.504, 11.21056 ], [ 76.48286, 11.20917 ], [ 76.47303, 11.20714 ], [ 76.47423, 11.19333 ], [ 76.46692, 11.19215 ], [ 76.46022, 11.18724 ], [ 76.46316, 11.18563 ], [ 76.46406, 11.1836 ], [ 76.46379, 11.16973 ], [ 76.47366, 11.17019 ], [ 76.47613, 11.1683 ], [ 76.47788, 11.16391 ], [ 76.47408, 11.16223 ], [ 76.4715, 11.15952 ], [ 76.47127, 11.15793 ], [ 76.47259, 11.15545 ], [ 76.47006, 11.15097 ], [ 76.46706, 11.14787 ], [ 76.46838, 11.14539 ], [ 76.46667, 11.14126 ], [ 76.46751, 11.13775 ], [ 76.46851, 11.13626 ], [ 76.46945, 11.13616 ], [ 76.4858, 11.13924 ], [ 76.4866, 11.13793 ], [ 76.48617, 11.13588 ], [ 76.48208, 11.13153 ], [ 76.4803, 11.12394 ], [ 76.47883, 11.12203 ], [ 76.47986, 11.1189 ], [ 76.47923, 11.11581 ], [ 76.48168, 11.10708 ], [ 76.4794, 11.10362 ], [ 76.47944, 11.10079 ], [ 76.4781, 11.10009 ], [ 76.47492, 11.10112 ], [ 76.47274, 11.10071 ], [ 76.46719, 11.1016 ], [ 76.46376, 11.09992 ], [ 76.4602, 11.09551 ], [ 76.44611, 11.09637 ], [ 76.43689, 11.09832 ], [ 76.41719, 11.10559 ], [ 76.40651, 11.11186 ], [ 76.40779, 11.11244 ], [ 76.40904, 11.11917 ], [ 76.4081, 11.1229 ], [ 76.4045, 11.12561 ], [ 76.40503, 11.12862 ], [ 76.41198, 11.13324 ], [ 76.41508, 11.14062 ], [ 76.41221, 11.14638 ], [ 76.41022, 11.14858 ], [ 76.40566, 11.15143 ], [ 76.40677, 11.15577 ], [ 76.41158, 11.15948 ], [ 76.41164, 11.16396 ], [ 76.41373, 11.16741 ], [ 76.41331, 11.17087 ], [ 76.40944, 11.17724 ], [ 76.41082, 11.17985 ], [ 76.41059, 11.18172 ], [ 76.40285, 11.18436 ], [ 76.40158, 11.18618 ], [ 76.40239, 11.18804 ], [ 76.40767, 11.19001 ], [ 76.40862, 11.19183 ], [ 76.40861, 11.20254 ], [ 76.40666, 11.20399 ], [ 76.40543, 11.20632 ], [ 76.40634, 11.20744 ], [ 76.40923, 11.20726 ], [ 76.41475, 11.20964 ], [ 76.42286, 11.20815 ], [ 76.4231, 11.20694 ], [ 76.4259, 11.20502 ], [ 76.42851, 11.20666 ], [ 76.42983, 11.20656 ], [ 76.4315, 11.20446 ], [ 76.43719, 11.20381 ], [ 76.44051, 11.2018 ], [ 76.44935, 11.20409 ], [ 76.45006, 11.20484 ], [ 76.45418, 11.23786 ], [ 76.46572, 11.24257 ], [ 76.4873, 11.25594 ], [ 76.50569, 11.26432 ], [ 76.52336, 11.27062 ], [ 76.52776, 11.28689 ], [ 76.54682, 11.29899 ], [ 76.54047, 11.30324 ], [ 76.53826, 11.31322 ], [ 76.54307, 11.32076 ], [ 76.55067, 11.33003 ], [ 76.55078, 11.33476 ], [ 76.54862, 11.34444 ], [ 76.54897, 11.35724 ], [ 76.51092, 11.35369 ], [ 76.51596, 11.35806 ], [ 76.51882, 11.36788 ], [ 76.51864, 11.36971 ], [ 76.51196, 11.37225 ], [ 76.47655, 11.38168 ], [ 76.47997, 11.38492 ], [ 76.48139, 11.3853 ], [ 76.52826, 11.38834 ], [ 76.55138, 11.37145 ] ] ] } },
{ "type": "Feature", "properties": { "newname": "Mukurthi" }, "geometry": { "type": "Polygon", "coordinates": [ [ [ 76.43554, 11.2113 ], [ 76.43903, 11.21192 ], [ 76.44284, 11.21134 ], [ 76.44364, 11.20767 ], [ 76.44514, 11.20683 ], [ 76.45651, 11.20538 ], [ 76.4603, 11.19887 ], [ 76.46621, 11.19464 ], [ 76.46583, 11.18701 ], [ 76.46684, 11.18451 ], [ 76.46978, 11.18257 ], [ 76.47568, 11.1806 ], [ 76.4792, 11.17777 ], [ 76.47857, 11.17431 ], [ 76.47662, 11.17169 ], [ 76.47613, 11.16788 ], [ 76.47121, 11.16397 ], [ 76.47045, 11.16221 ], [ 76.46886, 11.15195 ], [ 76.47045, 11.14797 ], [ 76.47325, 11.1475 ], [ 76.48718, 11.14912 ], [ 76.48851, 11.14837 ], [ 76.48833, 11.14587 ], [ 76.48217, 11.13772 ], [ 76.48229, 11.13493 ], [ 76.48064, 11.13245 ], [ 76.48048, 11.13128 ], [ 76.48357, 11.12948 ], [ 76.48313, 11.11627 ], [ 76.48015, 11.11439 ], [ 76.47614, 11.11376 ], [ 76.46543, 11.10859 ], [ 76.46363, 11.10655 ], [ 76.4612, 11.10085 ], [ 76.45235, 11.09007 ], [ 76.44567, 11.08719 ], [ 76.44011, 11.08578 ], [ 76.4371, 11.08831 ], [ 76.43474, 11.0887 ], [ 76.4325, 11.08674 ], [ 76.42953, 11.07957 ], [ 76.42509, 11.07859 ], [ 76.42103, 11.07996 ], [ 76.42023, 11.08158 ], [ 76.421, 11.08443 ], [ 76.42287, 11.08581 ], [ 76.42901, 11.08604 ], [ 76.42968, 11.08662 ], [ 76.42963, 11.08897 ], [ 76.43083, 11.09028 ], [ 76.42667, 11.09568 ], [ 76.42605, 11.10334 ], [ 76.42678, 11.10869 ], [ 76.42354, 11.11034 ], [ 76.41999, 11.11045 ], [ 76.41553, 11.10925 ], [ 76.41199, 11.11009 ], [ 76.40014, 11.10126 ], [ 76.39575, 11.09925 ], [ 76.39266, 11.10089 ], [ 76.39202, 11.10736 ], [ 76.38928, 11.11783 ], [ 76.39062, 11.11996 ], [ 76.39251, 11.12059 ], [ 76.40485, 11.12196 ], [ 76.4109, 11.12461 ], [ 76.4129, 11.12739 ], [ 76.41446, 11.13222 ], [ 76.4145, 11.13642 ], [ 76.4185, 11.14661 ], [ 76.41864, 11.15062 ], [ 76.41383, 11.1594 ], [ 76.41604, 11.16433 ], [ 76.41641, 11.17188 ], [ 76.41861, 11.17587 ], [ 76.41853, 11.17699 ], [ 76.41659, 11.18019 ], [ 76.41073, 11.18638 ], [ 76.40649, 11.19417 ], [ 76.40925, 11.19797 ], [ 76.41034, 11.20243 ], [ 76.4081, 11.21494 ], [ 76.42159, 11.21751 ], [ 76.42836, 11.21716 ], [ 76.43301, 11.21217 ], [ 76.43554, 11.2113 ] ] ] } },
{ "type": "Feature", "properties": { "newname": "Peechi-Vazhani" }, "geometry": { "type": "Polygon", "coordinates": [ [ [ 76.47075, 10.49159 ], [ 76.46372, 10.48998 ], [ 76.45817, 10.49037 ], [ 76.45616, 10.48971 ], [ 76.45067, 10.48414 ], [ 76.44794, 10.48304 ], [ 76.44296, 10.48354 ], [ 76.43677, 10.48664 ], [ 76.43371, 10.48589 ], [ 76.43176, 10.48366 ], [ 76.43047, 10.47939 ], [ 76.42853, 10.47761 ], [ 76.4266, 10.47707 ], [ 76.417, 10.47654 ], [ 76.40959, 10.48292 ], [ 76.39785, 10.49125 ], [ 76.38747, 10.50939 ], [ 76.38094, 10.51393 ], [ 76.38003, 10.51674 ], [ 76.38065, 10.52177 ], [ 76.3801, 10.52346 ], [ 76.37467, 10.52482 ], [ 76.37355, 10.52576 ], [ 76.37101, 10.53363 ], [ 76.37162, 10.53866 ], [ 76.37563, 10.54534 ], [ 76.37997, 10.54679 ], [ 76.37871, 10.55192 ], [ 76.37876, 10.55715 ], [ 76.38277, 10.56327 ], [ 76.38317, 10.5655 ], [ 76.38197, 10.5769 ], [ 76.38236, 10.58595 ], [ 76.37602, 10.59105 ], [ 76.37005, 10.59466 ], [ 76.36219, 10.59735 ], [ 76.35544, 10.59816 ], [ 76.34942, 10.59766 ], [ 76.33342, 10.59372 ], [ 76.33136, 10.5943 ], [ 76.33007, 10.59655 ], [ 76.32577, 10.61895 ], [ 76.32355, 10.62214 ], [ 76.32075, 10.62404 ], [ 76.31926, 10.62442 ], [ 76.31737, 10.6237 ], [ 76.31456, 10.62447 ], [ 76.30766, 10.62976 ], [ 76.30727, 10.64638 ], [ 76.30957, 10.65083 ], [ 76.31018, 10.65531 ], [ 76.31265, 10.65902 ], [ 76.31651, 10.6685 ], [ 76.32873, 10.66912 ], [ 76.3348, 10.67164 ], [ 76.33752, 10.67152 ], [ 76.33925, 10.66581 ], [ 76.34418, 10.66109 ], [ 76.34698, 10.65939 ], [ 76.35091, 10.6586 ], [ 76.35244, 10.65177 ], [ 76.35423, 10.649 ], [ 76.36543, 10.64189 ], [ 76.36975, 10.64176 ], [ 76.37234, 10.63865 ], [ 76.37487, 10.63779 ], [ 76.37389, 10.6335 ], [ 76.37842, 10.62702 ], [ 76.38656, 10.62165 ], [ 76.39106, 10.62057 ], [ 76.39076, 10.61871 ], [ 76.38792, 10.61697 ], [ 76.38772, 10.61491 ], [ 76.38836, 10.61398 ], [ 76.3941, 10.61448 ], [ 76.39686, 10.61856 ], [ 76.39968, 10.61825 ], [ 76.40012, 10.61535 ], [ 76.40227, 10.61449 ], [ 76.40252, 10.61178 ], [ 76.4007, 10.60797 ], [ 76.40125, 10.60647 ], [ 76.40329, 10.6044 ], [ 76.40557, 10.60397 ], [ 76.40788, 10.60003 ], [ 76.4094, 10.59246 ], [ 76.40917, 10.589 ], [ 76.40371, 10.58574 ], [ 76.40303, 10.58295 ], [ 76.40353, 10.57706 ], [ 76.40575, 10.57387 ], [ 76.4057, 10.56892 ], [ 76.40681, 10.56742 ], [ 76.41226, 10.56565 ], [ 76.41458, 10.5631 ], [ 76.41578, 10.56169 ], [ 76.41574, 10.55777 ], [ 76.41844, 10.55495 ], [ 76.41926, 10.5526 ], [ 76.42269, 10.54893 ], [ 76.42372, 10.54873 ], [ 76.42557, 10.55469 ], [ 76.42766, 10.55681 ], [ 76.42711, 10.55822 ], [ 76.42561, 10.55833 ], [ 76.42564, 10.5614 ], [ 76.42856, 10.56259 ], [ 76.43037, 10.5649 ], [ 76.4315, 10.56517 ], [ 76.43365, 10.56356 ], [ 76.43833, 10.56277 ], [ 76.43869, 10.56109 ], [ 76.43484, 10.55235 ], [ 76.43388, 10.5481 ], [ 76.43504, 10.54165 ], [ 76.44051, 10.53581 ], [ 76.44152, 10.533 ], [ 76.44459, 10.53045 ], [ 76.45376, 10.52774 ], [ 76.4612, 10.51949 ], [ 76.4634, 10.51433 ], [ 76.46777, 10.51009 ], [ 76.47023, 10.50363 ], [ 76.47201, 10.50267 ], [ 76.47475, 10.49824 ], [ 76.47839, 10.49646 ], [ 76.47075, 10.49159 ] ] ] } },
{ "type": "Feature", "properties": { "newname": "Wayanad" }, "geometry": { "type": "Polygon", "coordinates": [ [ [ 76.24157, 11.80879 ], [ 76.24568, 11.81187 ], [ 76.25555, 11.81695 ], [ 76.26839, 11.81823 ], [ 76.27218, 11.82041 ], [ 76.27533, 11.81988 ], [ 76.28345, 11.80382 ], [ 76.29196, 11.79931 ], [ 76.29456, 11.79526 ], [ 76.29689, 11.79413 ], [ 76.30207, 11.79337 ], [ 76.3033, 11.79078 ], [ 76.30721, 11.77463 ], [ 76.30881, 11.7718 ], [ 76.30969, 11.76609 ], [ 76.31232, 11.76415 ], [ 76.31259, 11.76122 ], [ 76.3146, 11.75829 ], [ 76.32748, 11.75363 ], [ 76.33392, 11.74691 ], [ 76.33779, 11.74678 ], [ 76.3488, 11.74838 ], [ 76.35687, 11.75615 ], [ 76.36327, 11.75478 ], [ 76.37075, 11.75088 ], [ 76.37198, 11.75097 ], [ 76.37456, 11.75397 ], [ 76.37908, 11.75556 ], [ 76.3793, 11.75657 ], [ 76.38496, 11.76205 ], [ 76.38852, 11.76262 ], [ 76.39347, 11.75925 ], [ 76.40313, 11.76761 ], [ 76.40639, 11.76798 ], [ 76.40739, 11.76706 ], [ 76.40758, 11.76535 ], [ 76.40579, 11.75826 ], [ 76.40696, 11.75342 ], [ 76.40592, 11.75081 ], [ 76.40723, 11.74949 ], [ 76.40967, 11.74936 ], [ 76.41182, 11.75025 ], [ 76.41184, 11.75206 ], [ 76.41245, 11.75236 ], [ 76.41713, 11.75231 ], [ 76.41751, 11.74989 ], [ 76.41495, 11.7482 ], [ 76.41473, 11.7471 ], [ 76.41808, 11.74535 ], [ 76.42227, 11.73495 ], [ 76.41944, 11.72889 ], [ 76.41697, 11.727 ], [ 76.41238, 11.72554 ], [ 76.40874, 11.71792 ], [ 76.40599, 11.71755 ], [ 76.40624, 11.72188 ], [ 76.40391, 11.72291 ], [ 76.40196, 11.72142 ], [ 76.40123, 11.71951 ], [ 76.39918, 11.71822 ], [ 76.39885, 11.71661 ], [ 76.40006, 11.71549 ], [ 76.40372, 11.71465 ], [ 76.40421, 11.71333 ], [ 76.40476, 11.70631 ], [ 76.40605, 11.70358 ], [ 76.40538, 11.69794 ], [ 76.40689, 11.69642 ], [ 76.40714, 11.69087 ], [ 76.40836, 11.68727 ], [ 76.41006, 11.68433 ], [ 76.41278, 11.68209 ], [ 76.4151, 11.68055 ], [ 76.42139, 11.67858 ], [ 76.42753, 11.67197 ], [ 76.43129, 11.66156 ], [ 76.43402, 11.66032 ], [ 76.43885, 11.65513 ], [ 76.43695, 11.65045 ], [ 76.42895, 11.64398 ], [ 76.42564, 11.63878 ], [ 76.42058, 11.64185 ], [ 76.41488, 11.64121 ], [ 76.40018, 11.64184 ], [ 76.38315, 11.63779 ], [ 76.37841, 11.63219 ], [ 76.3785, 11.62031 ], [ 76.37354, 11.61667 ], [ 76.37225, 11.60994 ], [ 76.36723, 11.60646 ], [ 76.36357, 11.607 ], [ 76.36031, 11.60623 ], [ 76.35579, 11.60174 ], [ 76.35003, 11.59816 ], [ 76.34689, 11.5993 ], [ 76.34464, 11.59832 ], [ 76.3417, 11.59885 ], [ 76.33659, 11.59719 ], [ 76.33297, 11.60115 ], [ 76.33332, 11.60437 ], [ 76.3322, 11.60529 ], [ 76.32411, 11.59912 ], [ 76.32373, 11.60098 ], [ 76.32566, 11.60405 ], [ 76.3255, 11.61011 ], [ 76.32641, 11.6122 ], [ 76.3258, 11.61793 ], [ 76.32816, 11.62044 ], [ 76.32751, 11.62221 ], [ 76.32825, 11.62302 ], [ 76.32796, 11.62434 ], [ 76.32497, 11.62657 ], [ 76.32042, 11.62717 ], [ 76.31722, 11.62995 ], [ 76.31332, 11.62988 ], [ 76.31246, 11.63275 ], [ 76.30781, 11.63479 ], [ 76.30574, 11.63954 ], [ 76.30387, 11.64121 ], [ 76.31597, 11.64542 ], [ 76.3223, 11.64425 ], [ 76.33123, 11.64681 ], [ 76.33256, 11.64603 ], [ 76.3322, 11.64372 ], [ 76.32895, 11.64165 ], [ 76.32861, 11.64067 ], [ 76.33022, 11.63558 ], [ 76.3303, 11.63205 ], [ 76.33296, 11.6306 ], [ 76.3346, 11.62826 ], [ 76.33749, 11.62791 ], [ 76.33806, 11.62889 ], [ 76.33265, 11.63335 ], [ 76.33288, 11.63445 ], [ 76.33533, 11.63432 ], [ 76.33634, 11.63508 ], [ 76.33335, 11.6361 ], [ 76.33373, 11.64117 ], [ 76.33607, 11.64158 ], [ 76.33686, 11.64268 ], [ 76.33797, 11.64189 ], [ 76.34211, 11.64406 ], [ 76.34464, 11.64128 ], [ 76.34523, 11.64447 ], [ 76.34969, 11.64492 ], [ 76.35037, 11.64568 ], [ 76.35072, 11.648 ], [ 76.34929, 11.649 ], [ 76.34128, 11.64963 ], [ 76.33787, 11.6533 ], [ 76.32967, 11.65735 ], [ 76.32991, 11.65878 ], [ 76.33503, 11.65851 ], [ 76.33516, 11.66104 ], [ 76.3365, 11.66125 ], [ 76.33786, 11.66311 ], [ 76.34164, 11.66296 ], [ 76.34121, 11.66462 ], [ 76.3391, 11.66475 ], [ 76.33845, 11.6663 ], [ 76.33982, 11.66781 ], [ 76.3416, 11.6678 ], [ 76.34206, 11.66955 ], [ 76.33918, 11.67024 ], [ 76.33719, 11.67225 ], [ 76.33339, 11.67074 ], [ 76.33186, 11.67274 ], [ 76.33329, 11.6822 ], [ 76.33712, 11.68701 ], [ 76.33743, 11.69516 ], [ 76.33946, 11.69757 ], [ 76.33635, 11.69892 ], [ 76.33233, 11.6972 ], [ 76.33057, 11.69942 ], [ 76.32946, 11.69965 ], [ 76.32879, 11.69944 ], [ 76.32845, 11.6957 ], [ 76.32755, 11.69461 ], [ 76.32622, 11.69462 ], [ 76.32534, 11.69595 ], [ 76.32537, 11.69948 ], [ 76.3245, 11.70125 ], [ 76.32477, 11.70521 ], [ 76.3232, 11.70457 ], [ 76.32251, 11.70215 ], [ 76.31767, 11.70837 ], [ 76.31654, 11.70662 ], [ 76.31719, 11.70441 ], [ 76.32683, 11.68933 ], [ 76.32654, 11.68272 ], [ 76.32361, 11.67944 ], [ 76.32227, 11.67901 ], [ 76.32006, 11.6808 ], [ 76.31295, 11.68175 ], [ 76.30734, 11.67762 ], [ 76.30601, 11.67785 ], [ 76.30182, 11.68186 ], [ 76.29894, 11.68321 ], [ 76.29159, 11.68306 ], [ 76.28982, 11.68396 ], [ 76.28939, 11.68617 ], [ 76.29453, 11.68788 ], [ 76.29457, 11.69163 ], [ 76.29126, 11.69519 ], [ 76.29038, 11.69541 ], [ 76.28857, 11.69345 ], [ 76.28746, 11.69346 ], [ 76.28614, 11.69457 ], [ 76.28549, 11.69701 ], [ 76.28283, 11.69769 ], [ 76.28217, 11.69858 ], [ 76.28288, 11.70298 ], [ 76.28584, 11.70912 ], [ 76.28498, 11.71222 ], [ 76.28342, 11.71289 ], [ 76.28195, 11.71015 ], [ 76.28006, 11.71039 ], [ 76.27899, 11.70912 ], [ 76.27687, 11.70914 ], [ 76.27706, 11.71685 ], [ 76.27607, 11.71774 ], [ 76.27526, 11.71499 ], [ 76.27403, 11.71423 ], [ 76.27411, 11.71115 ], [ 76.26869, 11.71451 ], [ 76.26702, 11.71452 ], [ 76.26547, 11.71619 ], [ 76.26435, 11.71488 ], [ 76.26376, 11.71158 ], [ 76.25912, 11.71493 ], [ 76.25697, 11.71209 ], [ 76.25284, 11.70014 ], [ 76.25593, 11.69713 ], [ 76.25613, 11.69559 ], [ 76.25491, 11.69538 ], [ 76.25047, 11.6973 ], [ 76.24945, 11.69543 ], [ 76.24861, 11.6896 ], [ 76.24923, 11.68453 ], [ 76.25055, 11.68253 ], [ 76.25465, 11.68029 ], [ 76.25739, 11.67684 ], [ 76.25004, 11.67658 ], [ 76.2395, 11.67941 ], [ 76.23528, 11.68122 ], [ 76.23396, 11.68255 ], [ 76.23085, 11.68258 ], [ 76.22797, 11.68503 ], [ 76.22889, 11.68789 ], [ 76.22823, 11.68856 ], [ 76.22509, 11.6855 ], [ 76.22397, 11.68551 ], [ 76.21821, 11.68865 ], [ 76.21916, 11.6946 ], [ 76.21874, 11.69724 ], [ 76.22676, 11.69717 ], [ 76.22834, 11.69958 ], [ 76.22791, 11.70112 ], [ 76.22459, 11.70292 ], [ 76.22148, 11.70772 ], [ 76.21794, 11.71007 ], [ 76.21764, 11.71349 ], [ 76.22013, 11.71743 ], [ 76.22147, 11.71808 ], [ 76.22603, 11.71793 ], [ 76.22726, 11.71869 ], [ 76.22806, 11.72067 ], [ 76.22535, 11.72752 ], [ 76.22553, 11.73446 ], [ 76.21818, 11.74603 ], [ 76.21808, 11.7479 ], [ 76.22014, 11.75413 ], [ 76.21995, 11.75732 ], [ 76.22416, 11.76555 ], [ 76.22451, 11.76797 ], [ 76.22388, 11.77172 ], [ 76.21982, 11.77738 ], [ 76.21963, 11.78058 ], [ 76.21744, 11.78423 ], [ 76.21594, 11.79096 ], [ 76.21574, 11.80451 ], [ 76.21324, 11.81026 ], [ 76.21239, 11.81512 ], [ 76.21341, 11.82175 ], [ 76.21792, 11.81546 ], [ 76.22166, 11.81271 ], [ 76.23201, 11.80908 ], [ 76.24157, 11.80879 ] ] ] } },
{ "type": "Feature", "properties": { "newname": "Wayanad" }, "geometry": { "type": "Polygon", "coordinates": [ [ [ 76.10841, 11.93282 ], [ 76.10962, 11.89941 ], [ 76.10854, 11.89347 ], [ 76.11064, 11.87864 ], [ 76.11021, 11.8655 ], [ 76.1108, 11.86378 ], [ 76.11749, 11.85989 ], [ 76.11674, 11.85592 ], [ 76.10957, 11.85094 ], [ 76.09035, 11.84367 ], [ 76.08862, 11.84198 ], [ 76.0859, 11.84238 ], [ 76.08535, 11.8436 ], [ 76.08651, 11.84756 ], [ 76.08387, 11.8521 ], [ 76.0833, 11.85034 ], [ 76.08394, 11.84758 ], [ 76.08016, 11.84795 ], [ 76.07915, 11.84663 ], [ 76.08024, 11.84442 ], [ 76.08335, 11.84384 ], [ 76.08368, 11.84296 ], [ 76.07929, 11.8387 ], [ 76.0804, 11.83726 ], [ 76.08049, 11.83516 ], [ 76.07902, 11.83319 ], [ 76.07434, 11.83257 ], [ 76.07086, 11.82985 ], [ 76.0683, 11.83009 ], [ 76.0679, 11.8356 ], [ 76.06858, 11.83648 ], [ 76.07326, 11.83699 ], [ 76.07641, 11.84027 ], [ 76.07656, 11.84379 ], [ 76.07482, 11.84833 ], [ 76.07315, 11.84878 ], [ 76.07303, 11.84746 ], [ 76.07457, 11.84579 ], [ 76.07421, 11.84326 ], [ 76.07197, 11.84108 ], [ 76.07149, 11.83844 ], [ 76.07004, 11.83812 ], [ 76.06951, 11.84055 ], [ 76.07042, 11.84241 ], [ 76.06965, 11.84352 ], [ 76.06754, 11.8442 ], [ 76.06778, 11.84574 ], [ 76.06646, 11.84829 ], [ 76.06704, 11.85016 ], [ 76.0646, 11.85139 ], [ 76.06449, 11.85227 ], [ 76.06639, 11.85281 ], [ 76.06652, 11.85435 ], [ 76.07007, 11.85322 ], [ 76.07309, 11.85363 ], [ 76.07375, 11.85567 ], [ 76.0816, 11.86111 ], [ 76.08175, 11.86496 ], [ 76.08367, 11.86759 ], [ 76.07933, 11.86862 ], [ 76.0781, 11.86797 ], [ 76.07689, 11.86953 ], [ 76.073, 11.87066 ], [ 76.06953, 11.86882 ], [ 76.06872, 11.86475 ], [ 76.06593, 11.86477 ], [ 76.06425, 11.8638 ], [ 76.06326, 11.86458 ], [ 76.06086, 11.87044 ], [ 76.06256, 11.87417 ], [ 76.06134, 11.87462 ], [ 76.05942, 11.87167 ], [ 76.05632, 11.87346 ], [ 76.05509, 11.87259 ], [ 76.05388, 11.87414 ], [ 76.05413, 11.87799 ], [ 76.05313, 11.88138 ], [ 76.04956, 11.88097 ], [ 76.04434, 11.88289 ], [ 76.04301, 11.88412 ], [ 76.04361, 11.88808 ], [ 76.04251, 11.8904 ], [ 76.04264, 11.89216 ], [ 76.04502, 11.89644 ], [ 76.03714, 11.89959 ], [ 76.03584, 11.90324 ], [ 76.03652, 11.90478 ], [ 76.03624, 11.90881 ], [ 76.0398, 11.90856 ], [ 76.03953, 11.91506 ], [ 76.04288, 11.91581 ], [ 76.044, 11.91701 ], [ 76.04881, 11.91906 ], [ 76.0507, 11.9186 ], [ 76.05115, 11.91926 ], [ 76.05129, 11.92168 ], [ 76.04883, 11.92126 ], [ 76.04642, 11.9247 ], [ 76.04824, 11.92942 ], [ 76.04728, 11.93373 ], [ 76.04951, 11.93371 ], [ 76.0493, 11.9358 ], [ 76.04986, 11.93613 ], [ 76.05353, 11.93522 ], [ 76.06071, 11.93832 ], [ 76.0614, 11.9414 ], [ 76.06033, 11.94537 ], [ 76.06124, 11.94801 ], [ 76.06017, 11.95221 ], [ 76.06086, 11.95529 ], [ 76.05797, 11.96331 ], [ 76.06547, 11.96989 ], [ 76.07532, 11.97168 ], [ 76.08407, 11.97069 ], [ 76.08918, 11.97186 ], [ 76.10384, 11.9814 ], [ 76.10619, 11.98198 ], [ 76.10751, 11.98146 ], [ 76.10841, 11.93282 ] ] ] } },
{ "type": "Feature", "properties": { "newname": "Wayanad" }, "geometry": { "type": "Polygon", "coordinates": [ [ [ 75.96045, 12.40913 ], [ 75.96016, 12.4084 ], [ 75.95485, 12.40744 ], [ 75.94879, 12.40711 ], [ 75.94395, 12.39923 ], [ 75.93717, 12.3909 ], [ 75.94541, 12.38762 ], [ 75.95041, 12.38658 ], [ 75.97329, 12.38662 ], [ 75.98434, 12.38464 ], [ 75.97814, 12.37362 ], [ 75.98263, 12.36395 ], [ 75.98341, 12.3586 ], [ 75.99657, 12.36169 ], [ 75.99735, 12.35365 ], [ 75.99365, 12.35257 ], [ 75.99308, 12.35134 ], [ 75.99376, 12.34428 ], [ 75.99315, 12.33887 ], [ 75.9957, 12.33172 ], [ 75.99733, 12.33028 ], [ 76.00161, 12.32953 ], [ 76.00221, 12.32858 ], [ 76.00169, 12.32713 ], [ 76.00296, 12.32775 ], [ 76.00565, 12.32729 ], [ 76.00458, 12.3228 ], [ 76.00514, 12.32134 ], [ 76.00777, 12.32248 ], [ 76.01005, 12.32715 ], [ 76.01372, 12.32868 ], [ 76.01449, 12.32855 ], [ 76.01501, 12.32396 ], [ 76.01768, 12.32207 ], [ 76.02618, 12.31968 ], [ 76.02407, 12.31021 ], [ 76.02401, 12.30461 ], [ 76.029, 12.30661 ], [ 76.03058, 12.3063 ], [ 76.03203, 12.30453 ], [ 76.03073, 12.28991 ], [ 76.04225, 12.28844 ], [ 76.04505, 12.28689 ], [ 76.0475, 12.28218 ], [ 76.04972, 12.28189 ], [ 76.05094, 12.2831 ], [ 76.05106, 12.29136 ], [ 76.06113, 12.29083 ], [ 76.06999, 12.28663 ], [ 76.06764, 12.2815 ], [ 76.07094, 12.2751 ], [ 76.08081, 12.27418 ], [ 76.08548, 12.28068 ], [ 76.08729, 12.29111 ], [ 76.09085, 12.29502 ], [ 76.0924, 12.29523 ], [ 76.09327, 12.29327 ], [ 76.10279, 12.2954 ], [ 76.10364, 12.28713 ], [ 76.10573, 12.28043 ], [ 76.11029, 12.28073 ], [ 76.11469, 12.28926 ], [ 76.12131, 12.29357 ], [ 76.12634, 12.29262 ], [ 76.13736, 12.29474 ], [ 76.13671, 12.29072 ], [ 76.14353, 12.26656 ], [ 76.15732, 12.25568 ], [ 76.1595, 12.24979 ], [ 76.15727, 12.24516 ], [ 76.14782, 12.24056 ], [ 76.14529, 12.23655 ], [ 76.14306, 12.23068 ], [ 76.17044, 12.23552 ], [ 76.17767, 12.23363 ], [ 76.18082, 12.23485 ], [ 76.18365, 12.23453 ], [ 76.18615, 12.23298 ], [ 76.18742, 12.2339 ], [ 76.18617, 12.23731 ], [ 76.17802, 12.24291 ], [ 76.17019, 12.25006 ], [ 76.16456, 12.25658 ], [ 76.16991, 12.25779 ], [ 76.17271, 12.25036 ], [ 76.17615, 12.24725 ], [ 76.18307, 12.24722 ], [ 76.18684, 12.24535 ], [ 76.19062, 12.2478 ], [ 76.19409, 12.24841 ], [ 76.19662, 12.25149 ], [ 76.19786, 12.24777 ], [ 76.20435, 12.24573 ], [ 76.2047, 12.24382 ], [ 76.20398, 12.24208 ], [ 76.20662, 12.23894 ], [ 76.2059, 12.23598 ], [ 76.20643, 12.23459 ], [ 76.20908, 12.2344 ], [ 76.21208, 12.2323 ], [ 76.21703, 12.23141 ], [ 76.21827, 12.23193 ], [ 76.21828, 12.23401 ], [ 76.22695, 12.23537 ], [ 76.22873, 12.23745 ], [ 76.22645, 12.2425 ], [ 76.22893, 12.24197 ], [ 76.23352, 12.23969 ], [ 76.23368, 12.23656 ], [ 76.23222, 12.22804 ], [ 76.23381, 12.22629 ], [ 76.23593, 12.22593 ], [ 76.23594, 12.22906 ], [ 76.23701, 12.22993 ], [ 76.24247, 12.22573 ], [ 76.24443, 12.22903 ], [ 76.24638, 12.22971 ], [ 76.24659, 12.23511 ], [ 76.24341, 12.23738 ], [ 76.24307, 12.23947 ], [ 76.24608, 12.24033 ], [ 76.24943, 12.23909 ], [ 76.25739, 12.23871 ], [ 76.25813, 12.2448 ], [ 76.26026, 12.24618 ], [ 76.26256, 12.24617 ], [ 76.26573, 12.24389 ], [ 76.26628, 12.24702 ], [ 76.26823, 12.24875 ], [ 76.26944, 12.24231 ], [ 76.26624, 12.23937 ], [ 76.26674, 12.2331 ], [ 76.26745, 12.2324 ], [ 76.2747, 12.23271 ], [ 76.27628, 12.23079 ], [ 76.27627, 12.22731 ], [ 76.27992, 12.21512 ], [ 76.28115, 12.21233 ], [ 76.28327, 12.21127 ], [ 76.28057, 12.20328 ], [ 76.28143, 12.19684 ], [ 76.28795, 12.19263 ], [ 76.29713, 12.18894 ], [ 76.30368, 12.18943 ], [ 76.29976, 12.1851 ], [ 76.2999, 12.17622 ], [ 76.29402, 12.1672 ], [ 76.2984, 12.1597 ], [ 76.31075, 12.15303 ], [ 76.29796, 12.14213 ], [ 76.29843, 12.12856 ], [ 76.30568, 12.128 ], [ 76.30329, 12.11044 ], [ 76.30326, 12.104 ], [ 76.30605, 12.09529 ], [ 76.30585, 12.09129 ], [ 76.30495, 12.08694 ], [ 76.30034, 12.08453 ], [ 76.30298, 12.0826 ], [ 76.30261, 12.07808 ], [ 76.30365, 12.07512 ], [ 76.30576, 12.07267 ], [ 76.30663, 12.06867 ], [ 76.3045, 12.06763 ], [ 76.30343, 12.06555 ], [ 76.30519, 12.06345 ], [ 76.3043, 12.06276 ], [ 76.30518, 12.06223 ], [ 76.30358, 12.06068 ], [ 76.3034, 12.05894 ], [ 76.29667, 12.05688 ], [ 76.2993, 12.05356 ], [ 76.29911, 12.04974 ], [ 76.29805, 12.04922 ], [ 76.29697, 12.04661 ], [ 76.29445, 12.03619 ], [ 76.30239, 12.03371 ], [ 76.31317, 12.03262 ], [ 76.30587, 12.02291 ], [ 76.30868, 12.01802 ], [ 76.30954, 12.0135 ], [ 76.31201, 12.01348 ], [ 76.30899, 12.00828 ], [ 76.31107, 12.00044 ], [ 76.30735, 12.00011 ], [ 76.30664, 11.99872 ], [ 76.30257, 11.99683 ], [ 76.30026, 11.99475 ], [ 76.29954, 11.99162 ], [ 76.29759, 11.99093 ], [ 76.29548, 11.99268 ], [ 76.2941, 12.00034 ], [ 76.29198, 12.00001 ], [ 76.28843, 11.99793 ], [ 76.28669, 12.00351 ], [ 76.28349, 12.00005 ], [ 76.28049, 12.00023 ], [ 76.27835, 11.99502 ], [ 76.27958, 11.99397 ], [ 76.28294, 11.99396 ], [ 76.28292, 11.99152 ], [ 76.28133, 11.99066 ], [ 76.2785, 11.99119 ], [ 76.27796, 11.98893 ], [ 76.27935, 11.98336 ], [ 76.27704, 11.98146 ], [ 76.27139, 11.98253 ], [ 76.27244, 11.97956 ], [ 76.2749, 11.97747 ], [ 76.27472, 11.97555 ], [ 76.27771, 11.97328 ], [ 76.2777, 11.96962 ], [ 76.27539, 11.96789 ], [ 76.26976, 11.97418 ], [ 76.26676, 11.97402 ], [ 76.26869, 11.9714 ], [ 76.26037, 11.96866 ], [ 76.26249, 11.96743 ], [ 76.26849, 11.96671 ], [ 76.27096, 11.96478 ], [ 76.26971, 11.96305 ], [ 76.26759, 11.96219 ], [ 76.26934, 11.95922 ], [ 76.27093, 11.95817 ], [ 76.27624, 11.96023 ], [ 76.27941, 11.95918 ], [ 76.28639, 11.94035 ], [ 76.28391, 11.9388 ], [ 76.2795, 11.94004 ], [ 76.27773, 11.939 ], [ 76.27474, 11.94128 ], [ 76.27332, 11.94024 ], [ 76.27366, 11.93728 ], [ 76.27189, 11.93659 ], [ 76.26977, 11.93834 ], [ 76.265, 11.93784 ], [ 76.26324, 11.94011 ], [ 76.26129, 11.9382 ], [ 76.25793, 11.93683 ], [ 76.25423, 11.94067 ], [ 76.25229, 11.9412 ], [ 76.25352, 11.93859 ], [ 76.25914, 11.93212 ], [ 76.25807, 11.92847 ], [ 76.25453, 11.92762 ], [ 76.25224, 11.92954 ], [ 76.24891, 11.93582 ], [ 76.24662, 11.93688 ], [ 76.23725, 11.93742 ], [ 76.23693, 11.93487 ], [ 76.23844, 11.92923 ], [ 76.23466, 11.92512 ], [ 76.23361, 11.91354 ], [ 76.23115, 11.91101 ], [ 76.22767, 11.91071 ], [ 76.22405, 11.91175 ], [ 76.21629, 11.9166 ], [ 76.20995, 11.91704 ], [ 76.20758, 11.9163 ], [ 76.20668, 11.91367 ], [ 76.20723, 11.91159 ], [ 76.21298, 11.90561 ], [ 76.21318, 11.90417 ], [ 76.21293, 11.90254 ], [ 76.20745, 11.89516 ], [ 76.2066, 11.89044 ], [ 76.2081, 11.88694 ], [ 76.21601, 11.88303 ], [ 76.21707, 11.88046 ], [ 76.21486, 11.87734 ], [ 76.2068, 11.87308 ], [ 76.20701, 11.8712 ], [ 76.2088, 11.86926 ], [ 76.20474, 11.86511 ], [ 76.20346, 11.86527 ], [ 76.20025, 11.87 ], [ 76.19497, 11.87378 ], [ 76.18677, 11.87708 ], [ 76.18202, 11.87589 ], [ 76.17735, 11.8807 ], [ 76.17511, 11.88149 ], [ 76.17175, 11.87581 ], [ 76.16695, 11.87502 ], [ 76.16343, 11.87186 ], [ 76.15686, 11.87265 ], [ 76.15158, 11.87454 ], [ 76.14694, 11.87453 ], [ 76.14534, 11.87374 ], [ 76.1431, 11.87074 ], [ 76.14406, 11.86854 ], [ 76.14254, 11.86532 ], [ 76.13558, 11.86695 ], [ 76.13366, 11.86443 ], [ 76.13046, 11.86364 ], [ 76.129, 11.86236 ], [ 76.1231, 11.85543 ], [ 76.12134, 11.85496 ], [ 76.11868, 11.85569 ], [ 76.11771, 11.8569 ], [ 76.11378, 11.8575 ], [ 76.11568, 11.86567 ], [ 76.11256, 11.88567 ], [ 76.11431, 11.89441 ], [ 76.11333, 11.97768 ], [ 76.10574, 11.97461 ], [ 76.09509, 11.96751 ], [ 76.09072, 11.96663 ], [ 76.09022, 11.97021 ], [ 76.0832, 11.97707 ], [ 76.0751, 11.9819 ], [ 76.06842, 11.98104 ], [ 76.06591, 11.98278 ], [ 76.06533, 11.98487 ], [ 76.0669, 11.98742 ], [ 76.06783, 11.99151 ], [ 76.06981, 11.99171 ], [ 76.07051, 11.99278 ], [ 76.06834, 11.99518 ], [ 76.06823, 11.99704 ], [ 76.07173, 12.00177 ], [ 76.06999, 12.00873 ], [ 76.06989, 12.01253 ], [ 76.06188, 12.01536 ], [ 76.05873, 12.01834 ], [ 76.05654, 12.02213 ], [ 76.04773, 12.02687 ], [ 76.04682, 12.0287 ], [ 76.04407, 12.02809 ], [ 76.04923, 12.04105 ], [ 76.05317, 12.04358 ], [ 76.05357, 12.05142 ], [ 76.0518, 12.05895 ], [ 76.04814, 12.06066 ], [ 76.04248, 12.06053 ], [ 76.04087, 12.0642 ], [ 76.0469, 12.06507 ], [ 76.04812, 12.07002 ], [ 76.0505, 12.07231 ], [ 76.05243, 12.07288 ], [ 76.05449, 12.07174 ], [ 76.05718, 12.07229 ], [ 76.05986, 12.07949 ], [ 76.05634, 12.08669 ], [ 76.05325, 12.08859 ], [ 76.05093, 12.09738 ], [ 76.05299, 12.09793 ], [ 76.06608, 12.0925 ], [ 76.06941, 12.09487 ], [ 76.07311, 12.09947 ], [ 76.07519, 12.10466 ], [ 76.07675, 12.10487 ], [ 76.07928, 12.10266 ], [ 76.07979, 12.10707 ], [ 76.08288, 12.11092 ], [ 76.0818, 12.1155 ], [ 76.08379, 12.12216 ], [ 76.08468, 12.1367 ], [ 76.087, 12.14071 ], [ 76.08765, 12.14642 ], [ 76.09135, 12.14989 ], [ 76.09548, 12.15609 ], [ 76.09604, 12.15541 ], [ 76.09549, 12.15612 ], [ 76.09682, 12.15574 ], [ 76.09906, 12.16286 ], [ 76.09882, 12.16528 ], [ 76.09751, 12.16652 ], [ 76.09107, 12.16826 ], [ 76.08994, 12.16779 ], [ 76.08794, 12.16876 ], [ 76.08576, 12.16874 ], [ 76.08203, 12.16726 ], [ 76.07792, 12.16305 ], [ 76.07411, 12.16334 ], [ 76.07302, 12.16245 ], [ 76.06983, 12.1641 ], [ 76.06553, 12.16428 ], [ 76.0649, 12.16082 ], [ 76.06213, 12.16296 ], [ 76.05849, 12.16313 ], [ 76.0584, 12.16583 ], [ 76.06029, 12.17082 ], [ 76.05934, 12.17199 ], [ 76.05708, 12.17029 ], [ 76.05418, 12.17134 ], [ 76.053, 12.17293 ], [ 76.05495, 12.17478 ], [ 76.0545, 12.1765 ], [ 76.05271, 12.17703 ], [ 76.04765, 12.17228 ], [ 76.04382, 12.17373 ], [ 76.0461, 12.17701 ], [ 76.04262, 12.18074 ], [ 76.04671, 12.18581 ], [ 76.04632, 12.1874 ], [ 76.03607, 12.17958 ], [ 76.035, 12.17746 ], [ 76.02998, 12.1806 ], [ 76.0296, 12.18244 ], [ 76.02838, 12.18144 ], [ 76.0254, 12.18298 ], [ 76.02355, 12.18306 ], [ 76.02255, 12.18532 ], [ 76.01994, 12.18656 ], [ 76.01755, 12.18715 ], [ 76.01505, 12.18548 ], [ 76.01299, 12.18574 ], [ 76.01133, 12.18775 ], [ 76.01092, 12.19103 ], [ 76.00926, 12.19421 ], [ 76.00976, 12.19653 ], [ 76.00902, 12.1985 ], [ 76.01342, 12.19987 ], [ 76.01399, 12.20159 ], [ 76.01745, 12.20312 ], [ 76.01772, 12.20477 ], [ 76.01567, 12.20772 ], [ 76.01271, 12.20903 ], [ 76.01235, 12.21199 ], [ 76.00702, 12.21222 ], [ 76.00172, 12.21106 ], [ 76.00215, 12.21588 ], [ 76.00098, 12.2185 ], [ 76.0046, 12.22373 ], [ 76.00602, 12.22287 ], [ 76.01112, 12.22254 ], [ 76.01162, 12.22186 ], [ 76.01097, 12.22088 ], [ 76.01281, 12.22001 ], [ 76.01382, 12.21805 ], [ 76.01908, 12.2187 ], [ 76.02077, 12.21787 ], [ 76.02126, 12.22448 ], [ 76.02279, 12.22762 ], [ 76.01868, 12.22814 ], [ 76.02074, 12.23039 ], [ 76.02057, 12.23472 ], [ 76.0168, 12.23681 ], [ 76.01233, 12.24085 ], [ 76.01068, 12.24077 ], [ 76.00874, 12.23931 ], [ 76.00795, 12.23382 ], [ 76.00859, 12.23226 ], [ 76.00746, 12.22958 ], [ 76.00563, 12.22948 ], [ 76.00051, 12.23567 ], [ 75.99623, 12.23684 ], [ 75.99533, 12.23313 ], [ 75.99222, 12.23013 ], [ 75.992, 12.22869 ], [ 75.98963, 12.22709 ], [ 75.98828, 12.22411 ], [ 75.98134, 12.22469 ], [ 75.97922, 12.22159 ], [ 75.97733, 12.22231 ], [ 75.97373, 12.21714 ], [ 75.97225, 12.21686 ], [ 75.97267, 12.22441 ], [ 75.96861, 12.22921 ], [ 75.97074, 12.23534 ], [ 75.97741, 12.23633 ], [ 75.981, 12.23526 ], [ 75.98429, 12.23727 ], [ 75.98919, 12.23853 ], [ 75.98838, 12.24138 ], [ 75.98599, 12.24391 ], [ 75.98013, 12.24658 ], [ 75.9776, 12.24686 ], [ 75.97324, 12.24438 ], [ 75.96903, 12.23836 ], [ 75.96715, 12.23858 ], [ 75.96309, 12.24066 ], [ 75.95947, 12.24108 ], [ 75.95928, 12.2427 ], [ 75.95757, 12.24367 ], [ 75.95779, 12.24835 ], [ 75.95351, 12.24872 ], [ 75.95309, 12.25275 ], [ 75.94693, 12.25151 ], [ 75.94566, 12.25203 ], [ 75.9431, 12.25677 ], [ 75.94973, 12.2651 ], [ 75.95134, 12.26553 ], [ 75.95261, 12.26826 ], [ 75.95424, 12.26869 ], [ 75.95535, 12.26803 ], [ 75.95723, 12.26363 ], [ 75.96063, 12.26412 ], [ 75.96173, 12.25791 ], [ 75.97062, 12.26392 ], [ 75.97208, 12.26554 ], [ 75.9722, 12.26756 ], [ 75.97129, 12.26775 ], [ 75.97044, 12.27003 ], [ 75.9689, 12.27011 ], [ 75.96832, 12.27211 ], [ 75.96587, 12.2728 ], [ 75.96366, 12.27519 ], [ 75.96042, 12.2767 ], [ 75.95511, 12.27596 ], [ 75.95343, 12.27175 ], [ 75.94685, 12.26773 ], [ 75.94148, 12.27738 ], [ 75.94071, 12.28222 ], [ 75.93945, 12.28262 ], [ 75.9391, 12.28375 ], [ 75.93994, 12.28538 ], [ 75.9464, 12.28626 ], [ 75.9501, 12.29329 ], [ 75.95422, 12.2951 ], [ 75.95236, 12.29844 ], [ 75.95258, 12.30214 ], [ 75.95093, 12.30404 ], [ 75.95051, 12.30609 ], [ 75.95978, 12.30576 ], [ 75.95923, 12.31222 ], [ 75.96218, 12.31269 ], [ 75.96364, 12.31433 ], [ 75.96234, 12.31694 ], [ 75.96243, 12.32469 ], [ 75.96096, 12.32437 ], [ 75.95901, 12.32558 ], [ 75.95616, 12.32436 ], [ 75.95147, 12.32423 ], [ 75.94589, 12.32098 ], [ 75.94433, 12.32124 ], [ 75.94359, 12.31936 ], [ 75.94149, 12.31794 ], [ 75.93295, 12.31446 ], [ 75.93192, 12.31252 ], [ 75.92865, 12.31186 ], [ 75.92694, 12.31257 ], [ 75.92536, 12.30985 ], [ 75.92272, 12.31015 ], [ 75.92192, 12.30914 ], [ 75.91924, 12.31055 ], [ 75.91453, 12.30666 ], [ 75.91379, 12.30789 ], [ 75.91601, 12.31049 ], [ 75.91552, 12.31591 ], [ 75.91439, 12.31559 ], [ 75.91452, 12.31378 ], [ 75.91264, 12.31483 ], [ 75.90963, 12.31766 ], [ 75.9087, 12.32129 ], [ 75.9076, 12.3224 ], [ 75.90363, 12.32016 ], [ 75.90122, 12.32273 ], [ 75.89658, 12.32341 ], [ 75.89452, 12.33355 ], [ 75.89292, 12.3339 ], [ 75.88892, 12.33142 ], [ 75.88688, 12.33445 ], [ 75.88383, 12.33402 ], [ 75.88531, 12.33563 ], [ 75.88528, 12.33885 ], [ 75.89475, 12.33941 ], [ 75.89545, 12.34301 ], [ 75.89685, 12.34482 ], [ 75.8988, 12.34516 ], [ 75.90244, 12.34374 ], [ 75.90408, 12.34446 ], [ 75.90643, 12.34723 ], [ 75.90581, 12.35 ], [ 75.90639, 12.35435 ], [ 75.9052, 12.35602 ], [ 75.90191, 12.35738 ], [ 75.89934, 12.36496 ], [ 75.90302, 12.3664 ], [ 75.9072, 12.37059 ], [ 75.91092, 12.37189 ], [ 75.91218, 12.37531 ], [ 75.91361, 12.37603 ], [ 75.9154, 12.37979 ], [ 75.91576, 12.38251 ], [ 75.91453, 12.38491 ], [ 75.91375, 12.38494 ], [ 75.90959, 12.39666 ], [ 75.90959, 12.39906 ], [ 75.91215, 12.406 ], [ 75.91649, 12.40875 ], [ 75.92311, 12.40435 ], [ 75.92595, 12.39933 ], [ 75.92679, 12.39907 ], [ 75.92875, 12.39993 ], [ 75.93135, 12.40323 ], [ 75.93545, 12.40077 ], [ 75.93747, 12.40042 ], [ 75.93882, 12.40362 ], [ 75.93734, 12.40646 ], [ 75.93759, 12.40874 ], [ 75.94661, 12.4223 ], [ 75.94848, 12.42369 ], [ 75.94883, 12.42227 ], [ 75.94717, 12.41876 ], [ 75.94939, 12.41635 ], [ 75.95223, 12.41579 ], [ 75.95526, 12.41216 ], [ 75.95764, 12.41086 ], [ 75.95826, 12.40878 ], [ 75.96045, 12.40913 ] ], [ [ 76.02293, 12.22809 ], [ 76.02381, 12.22863 ], [ 76.02341, 12.22856 ], [ 76.02293, 12.22809 ] ] ] } },
{ "type": "Feature", "properties": { "newname": "Wayanad" }, "geometry": { "type": "Polygon", "coordinates": [ [ [ 76.06086, 11.95529 ], [ 76.06017, 11.95221 ], [ 76.06101, 11.94691 ], [ 76.05876, 11.94618 ], [ 76.05624, 11.94236 ], [ 76.05191, 11.93924 ], [ 76.0449, 11.93803 ], [ 76.0414, 11.9388 ], [ 76.03762, 11.94088 ], [ 76.03988, 11.94381 ], [ 76.0435, 11.94499 ], [ 76.04609, 11.94932 ], [ 76.05315, 11.95192 ], [ 76.04819, 11.9528 ], [ 76.04547, 11.95213 ], [ 76.04458, 11.95693 ], [ 76.04015, 11.94995 ], [ 76.03318, 11.94696 ], [ 76.03238, 11.95183 ], [ 76.03376, 11.95908 ], [ 76.03763, 11.96436 ], [ 76.04291, 11.96911 ], [ 76.05431, 11.97406 ], [ 76.0587, 11.97496 ], [ 76.064, 11.97415 ], [ 76.07017, 11.97105 ], [ 76.06547, 11.96989 ], [ 76.05797, 11.96331 ], [ 76.06086, 11.95529 ] ] ] } },
{ "type": "Feature", "properties": { "newname": "Aralam" }, "geometry": { "type": "Polygon", "coordinates": [ [ [ 75.82687, 12.1224 ], [ 75.83139, 12.12375 ], [ 75.83499, 12.11391 ], [ 75.83578, 12.101 ], [ 75.8372, 12.09672 ], [ 75.83817, 12.08952 ], [ 75.84502, 12.08689 ], [ 75.84745, 12.08691 ], [ 75.84912, 12.08288 ], [ 75.85305, 12.07958 ], [ 75.85297, 12.07682 ], [ 75.85787, 12.07532 ], [ 75.86073, 12.0757 ], [ 75.86038, 12.0801 ], [ 75.86138, 12.0823 ], [ 75.86726, 12.08127 ], [ 75.87021, 12.08362 ], [ 75.87418, 12.07986 ], [ 75.87689, 12.0795 ], [ 75.87953, 12.07586 ], [ 75.88045, 12.07277 ], [ 75.88673, 12.07407 ], [ 75.888, 12.07722 ], [ 75.88788, 12.0821 ], [ 75.89162, 12.08393 ], [ 75.89483, 12.07528 ], [ 75.8971, 12.07648 ], [ 75.90142, 12.07555 ], [ 75.90384, 12.07615 ], [ 75.90671, 12.07166 ], [ 75.90427, 12.06839 ], [ 75.89799, 12.06397 ], [ 75.89455, 12.05999 ], [ 75.89465, 12.05234 ], [ 75.89559, 12.04744 ], [ 75.88715, 12.04901 ], [ 75.88362, 12.04744 ], [ 75.88132, 12.04739 ], [ 75.87486, 12.05276 ], [ 75.87206, 12.0533 ], [ 75.86815, 12.05255 ], [ 75.85738, 12.05994 ], [ 75.85344, 12.05862 ], [ 75.85138, 12.05705 ], [ 75.84908, 12.05699 ], [ 75.84726, 12.05557 ], [ 75.84108, 12.05689 ], [ 75.83903, 12.05968 ], [ 75.83475, 12.05902 ], [ 75.83237, 12.05976 ], [ 75.82829, 12.05947 ], [ 75.82442, 12.05568 ], [ 75.82462, 12.05276 ], [ 75.8261, 12.04957 ], [ 75.82919, 12.04607 ], [ 75.83499, 12.04251 ], [ 75.83549, 12.04031 ], [ 75.83767, 12.0397 ], [ 75.84056, 12.03706 ], [ 75.84209, 12.03102 ], [ 75.84725, 12.03033 ], [ 75.8506, 12.03263 ], [ 75.85342, 12.0319 ], [ 75.85453, 12.02998 ], [ 75.85268, 12.02788 ], [ 75.85539, 12.02147 ], [ 75.85794, 12.02098 ], [ 75.85076, 12.01226 ], [ 75.85249, 12.00424 ], [ 75.8564, 12.00411 ], [ 75.86591, 12.0093 ], [ 75.87048, 12.00816 ], [ 75.873, 11.99849 ], [ 75.87484, 11.99754 ], [ 75.87347, 11.99386 ], [ 75.87552, 11.98886 ], [ 75.88677, 11.98824 ], [ 75.89206, 11.98618 ], [ 75.8933, 11.98419 ], [ 75.8962, 11.98302 ], [ 75.89891, 11.98433 ], [ 75.90421, 11.98152 ], [ 75.91109, 11.98282 ], [ 75.91879, 11.98721 ], [ 75.92062, 11.98916 ], [ 75.92371, 11.9899 ], [ 75.92498, 11.99161 ], [ 75.92459, 11.99851 ], [ 75.92641, 12.00006 ], [ 75.92814, 11.99888 ], [ 75.93011, 11.99505 ], [ 75.93269, 11.9943 ], [ 75.93414, 11.98908 ], [ 75.93851, 11.98017 ], [ 75.93889, 11.97736 ], [ 75.94344, 11.98168 ], [ 75.95432, 11.98763 ], [ 75.96242, 11.98802 ], [ 75.96873, 11.98376 ], [ 75.97152, 11.98306 ], [ 75.97217, 11.98025 ], [ 75.97211, 11.97163 ], [ 75.97398, 11.96966 ], [ 75.97922, 11.96921 ], [ 75.98168, 11.96794 ], [ 75.98412, 11.96535 ], [ 75.99013, 11.96683 ], [ 75.99475, 11.96696 ], [ 75.9973, 11.96435 ], [ 75.99603, 11.96241 ], [ 75.99549, 11.95829 ], [ 75.99786, 11.95681 ], [ 75.99796, 11.95347 ], [ 76.00178, 11.94918 ], [ 76.00169, 11.94655 ], [ 76.00553, 11.94752 ], [ 76.00971, 11.94468 ], [ 76.0155, 11.94684 ], [ 76.01861, 11.94881 ], [ 76.01949, 11.95541 ], [ 76.02282, 11.95525 ], [ 76.0261, 11.94851 ], [ 76.03094, 11.94636 ], [ 76.04015, 11.94995 ], [ 76.04458, 11.95693 ], [ 76.04547, 11.95213 ], [ 76.04819, 11.9528 ], [ 76.05315, 11.95192 ], [ 76.04609, 11.94932 ], [ 76.0435, 11.94499 ], [ 76.03988, 11.94381 ], [ 76.03794, 11.94108 ], [ 76.03423, 11.93883 ], [ 76.03078, 11.93904 ], [ 76.02831, 11.94133 ], [ 76.02341, 11.94267 ], [ 76.02103, 11.94118 ], [ 76.01605, 11.93987 ], [ 76.01191, 11.93973 ], [ 76.008, 11.93755 ], [ 76.00459, 11.9307 ], [ 76.00021, 11.93007 ], [ 75.99277, 11.93325 ], [ 75.98956, 11.93339 ], [ 75.98643, 11.93222 ], [ 75.98199, 11.93338 ], [ 75.97804, 11.93286 ], [ 75.95669, 11.94083 ], [ 75.95299, 11.93963 ], [ 75.94994, 11.94066 ], [ 75.93187, 11.93877 ], [ 75.93037, 11.94079 ], [ 75.92681, 11.94265 ], [ 75.91938, 11.94361 ], [ 75.91586, 11.94514 ], [ 75.91032, 11.94618 ], [ 75.9049, 11.94494 ], [ 75.89963, 11.94531 ], [ 75.88739, 11.95063 ], [ 75.88171, 11.94895 ], [ 75.87347, 11.95186 ], [ 75.871, 11.95193 ], [ 75.86759, 11.95628 ], [ 75.85981, 11.95872 ], [ 75.85558, 11.9629 ], [ 75.8541, 11.96973 ], [ 75.8491, 11.97451 ], [ 75.85046, 11.97697 ], [ 75.84845, 11.97896 ], [ 75.8456, 11.98059 ], [ 75.84364, 11.97961 ], [ 75.83791, 11.97993 ], [ 75.83031, 11.983 ], [ 75.82695, 11.98832 ], [ 75.82598, 11.99297 ], [ 75.82632, 11.99987 ], [ 75.82444, 12.00091 ], [ 75.82132, 12.0011 ], [ 75.82412, 12.00773 ], [ 75.82416, 12.01013 ], [ 75.81762, 12.01798 ], [ 75.81569, 12.0194 ], [ 75.81251, 12.01996 ], [ 75.81084, 12.02172 ], [ 75.81179, 12.02706 ], [ 75.80204, 12.03549 ], [ 75.80199, 12.04108 ], [ 75.80027, 12.04678 ], [ 75.79865, 12.04996 ], [ 75.79495, 12.0534 ], [ 75.79805, 12.05414 ], [ 75.79955, 12.06153 ], [ 75.80323, 12.07168 ], [ 75.80476, 12.07353 ], [ 75.80345, 12.07623 ], [ 75.79837, 12.07857 ], [ 75.7968, 12.08056 ], [ 75.79398, 12.08125 ], [ 75.7918, 12.0808 ], [ 75.78613, 12.08333 ], [ 75.78146, 12.08152 ], [ 75.7744, 12.08165 ], [ 75.7676, 12.08354 ], [ 75.76381, 12.08217 ], [ 75.75685, 12.0823 ], [ 75.75475, 12.08318 ], [ 75.75272, 12.08277 ], [ 75.74979, 12.07799 ], [ 75.74052, 12.07959 ], [ 75.7563, 12.09056 ], [ 75.75649, 12.09306 ], [ 75.7552, 12.09624 ], [ 75.75658, 12.09783 ], [ 75.76276, 12.10005 ], [ 75.7659, 12.10262 ], [ 75.77077, 12.10196 ], [ 75.77313, 12.10049 ], [ 75.78078, 12.10299 ], [ 75.78127, 12.10514 ], [ 75.77953, 12.107 ], [ 75.78265, 12.10784 ], [ 75.78342, 12.10991 ], [ 75.78989, 12.11265 ], [ 75.79011, 12.11689 ], [ 75.7869, 12.11974 ], [ 75.78606, 12.12399 ], [ 75.79299, 12.12669 ], [ 75.79682, 12.12906 ], [ 75.79908, 12.12919 ], [ 75.79975, 12.1311 ], [ 75.79921, 12.13385 ], [ 75.79439, 12.13697 ], [ 75.79628, 12.14142 ], [ 75.80425, 12.14273 ], [ 75.81431, 12.14682 ], [ 75.81682, 12.14614 ], [ 75.82515, 12.13534 ], [ 75.82224, 12.13252 ], [ 75.82687, 12.1224 ] ] ] } },
{ "type": "Feature", "properties": { "newname": "Talakaveri" }, "geometry": { "type": "Polygon", "coordinates": [ [ [ 75.55118, 12.28096 ], [ 75.54867, 12.25106 ], [ 75.55848, 12.2415 ], [ 75.5828, 12.22885 ], [ 75.58529, 12.2263 ], [ 75.58732, 12.22237 ], [ 75.58792, 12.21712 ], [ 75.58598, 12.21127 ], [ 75.57405, 12.19951 ], [ 75.57676, 12.19719 ], [ 75.58775, 12.19381 ], [ 75.60602, 12.19574 ], [ 75.62122, 12.1916 ], [ 75.62527, 12.1897 ], [ 75.62945, 12.18512 ], [ 75.63244, 12.1763 ], [ 75.68025, 12.13963 ], [ 75.68314, 12.13517 ], [ 75.68549, 12.12751 ], [ 75.73332, 12.13247 ], [ 75.78996, 12.11396 ], [ 75.78989, 12.11265 ], [ 75.78342, 12.10991 ], [ 75.78265, 12.10784 ], [ 75.77953, 12.107 ], [ 75.78127, 12.10514 ], [ 75.78078, 12.10299 ], [ 75.77313, 12.10049 ], [ 75.77077, 12.10196 ], [ 75.7659, 12.10262 ], [ 75.76276, 12.10005 ], [ 75.75658, 12.09783 ], [ 75.75563, 12.09674 ], [ 75.72976, 12.10528 ], [ 75.67708, 12.09928 ], [ 75.67173, 12.09974 ], [ 75.66697, 12.10217 ], [ 75.66351, 12.10621 ], [ 75.65838, 12.12223 ], [ 75.61121, 12.15827 ], [ 75.60844, 12.16173 ], [ 75.60634, 12.1676 ], [ 75.60297, 12.16854 ], [ 75.58452, 12.16659 ], [ 75.5652, 12.17237 ], [ 75.56129, 12.17453 ], [ 75.54595, 12.18776 ], [ 75.54251, 12.1939 ], [ 75.54211, 12.19741 ], [ 75.54292, 12.20175 ], [ 75.55072, 12.21495 ], [ 75.54169, 12.21983 ], [ 75.5247, 12.23628 ], [ 75.52192, 12.24015 ], [ 75.5207, 12.2444 ], [ 75.52346, 12.27886 ], [ 75.51991, 12.29009 ], [ 75.52347, 12.29063 ], [ 75.52682, 12.2925 ], [ 75.53387, 12.29038 ], [ 75.5365, 12.29182 ], [ 75.53936, 12.29484 ], [ 75.5462, 12.29823 ], [ 75.55118, 12.28096 ] ] ] } },
{ "type": "Feature", "properties": { "newname": "Pushpagiri" }, "geometry": { "type": "Polygon", "coordinates": [ [ [ 75.72924, 12.54666 ], [ 75.74383, 12.53548 ], [ 75.74663, 12.53199 ], [ 75.7748, 12.51465 ], [ 75.79963, 12.49312 ], [ 75.80176, 12.49027 ], [ 75.81132, 12.4701 ], [ 75.81791, 12.45833 ], [ 75.84271, 12.42381 ], [ 75.8631, 12.40418 ], [ 75.93497, 12.32646 ], [ 75.95864, 12.30857 ], [ 75.95921, 12.3067 ], [ 75.95853, 12.30412 ], [ 75.95517, 12.30319 ], [ 75.9543, 12.2963 ], [ 75.95346, 12.29524 ], [ 75.95211, 12.29537 ], [ 75.94797, 12.29312 ], [ 75.94815, 12.29127 ], [ 75.94609, 12.28978 ], [ 75.94514, 12.28698 ], [ 75.9434, 12.2862 ], [ 75.93925, 12.28732 ], [ 75.93174, 12.29305 ], [ 75.86469, 12.36818 ], [ 75.84463, 12.38403 ], [ 75.82175, 12.40613 ], [ 75.79451, 12.44394 ], [ 75.7865, 12.45824 ], [ 75.77836, 12.47546 ], [ 75.7586, 12.49263 ], [ 75.72895, 12.51089 ], [ 75.72425, 12.51603 ], [ 75.71028, 12.52692 ], [ 75.71303, 12.53247 ], [ 75.71374, 12.53753 ], [ 75.71648, 12.54025 ], [ 75.71828, 12.54378 ], [ 75.71653, 12.5463 ], [ 75.71205, 12.54816 ], [ 75.71087, 12.55034 ], [ 75.70838, 12.55194 ], [ 75.70616, 12.55165 ], [ 75.70478, 12.55362 ], [ 75.70453, 12.55723 ], [ 75.70285, 12.56084 ], [ 75.70729, 12.56209 ], [ 75.71178, 12.56185 ], [ 75.71596, 12.56021 ], [ 75.72924, 12.54666 ] ] ] } },
{ "type": "Feature", "properties": { "newname": "Pushpagiri" }, "geometry": { "type": "Polygon", "coordinates": [ [ [ 75.68656, 12.69967 ], [ 75.68991, 12.70026 ], [ 75.6917, 12.69915 ], [ 75.6982, 12.68738 ], [ 75.70035, 12.68147 ], [ 75.7004, 12.67912 ], [ 75.69777, 12.67595 ], [ 75.69772, 12.67389 ], [ 75.70359, 12.66825 ], [ 75.70596, 12.66822 ], [ 75.70851, 12.66597 ], [ 75.7047, 12.65864 ], [ 75.70447, 12.65542 ], [ 75.70599, 12.64837 ], [ 75.70439, 12.64451 ], [ 75.70392, 12.63628 ], [ 75.70028, 12.62775 ], [ 75.69792, 12.62676 ], [ 75.6976, 12.62434 ], [ 75.70181, 12.62297 ], [ 75.70296, 12.6206 ], [ 75.70092, 12.61823 ], [ 75.7009, 12.61224 ], [ 75.70209, 12.6044 ], [ 75.70165, 12.59958 ], [ 75.69987, 12.59809 ], [ 75.70045, 12.59441 ], [ 75.69973, 12.59098 ], [ 75.70107, 12.58849 ], [ 75.70081, 12.58347 ], [ 75.69969, 12.58158 ], [ 75.70554, 12.57616 ], [ 75.70697, 12.57178 ], [ 75.70634, 12.56956 ], [ 75.70757, 12.56493 ], [ 75.70273, 12.56111 ], [ 75.70453, 12.55723 ], [ 75.70478, 12.55362 ], [ 75.70616, 12.55165 ], [ 75.70838, 12.55194 ], [ 75.71087, 12.55034 ], [ 75.71205, 12.54816 ], [ 75.71653, 12.5463 ], [ 75.71828, 12.54378 ], [ 75.71648, 12.54025 ], [ 75.71374, 12.53753 ], [ 75.71303, 12.53247 ], [ 75.71105, 12.52788 ], [ 75.70403, 12.51819 ], [ 75.70015, 12.51517 ], [ 75.69785, 12.51165 ], [ 75.6971, 12.50838 ], [ 75.69478, 12.50602 ], [ 75.6946, 12.504 ], [ 75.68535, 12.49906 ], [ 75.68402, 12.49641 ], [ 75.68194, 12.49597 ], [ 75.68107, 12.4937 ], [ 75.67809, 12.49284 ], [ 75.67688, 12.49099 ], [ 75.66849, 12.48816 ], [ 75.66637, 12.4889 ], [ 75.6587, 12.49436 ], [ 75.65527, 12.49485 ], [ 75.64393, 12.50537 ], [ 75.64233, 12.51014 ], [ 75.6403, 12.51138 ], [ 75.63901, 12.51499 ], [ 75.63374, 12.52382 ], [ 75.63413, 12.5259 ], [ 75.63844, 12.52836 ], [ 75.64169, 12.53474 ], [ 75.64499, 12.53734 ], [ 75.65222, 12.53908 ], [ 75.65443, 12.53872 ], [ 75.65777, 12.54115 ], [ 75.6683, 12.54515 ], [ 75.67155, 12.54897 ], [ 75.67147, 12.55615 ], [ 75.66961, 12.56301 ], [ 75.66515, 12.56698 ], [ 75.66818, 12.5692 ], [ 75.66919, 12.57093 ], [ 75.66625, 12.57403 ], [ 75.66415, 12.57416 ], [ 75.6632, 12.57617 ], [ 75.66272, 12.57903 ], [ 75.66478, 12.58356 ], [ 75.66264, 12.59493 ], [ 75.65719, 12.60216 ], [ 75.6548, 12.60903 ], [ 75.65477, 12.61803 ], [ 75.64693, 12.6218 ], [ 75.6433, 12.62484 ], [ 75.64293, 12.63314 ], [ 75.64467, 12.63753 ], [ 75.64416, 12.64399 ], [ 75.64606, 12.6512 ], [ 75.64611, 12.65612 ], [ 75.64851, 12.66094 ], [ 75.64928, 12.66579 ], [ 75.65369, 12.6712 ], [ 75.65483, 12.6765 ], [ 75.6574, 12.68084 ], [ 75.6605, 12.68472 ], [ 75.66696, 12.69581 ], [ 75.66907, 12.69615 ], [ 75.67529, 12.6993 ], [ 75.68447, 12.70015 ], [ 75.68656, 12.69967 ] ] ] } },
{ "type": "Feature", "properties": { "newname": "Bhadra" }, "geometry": { "type": "Polygon", "coordinates": [ [ [ 75.59027, 13.79413 ], [ 75.60697, 13.7945 ], [ 75.63636, 13.79877 ], [ 75.64709, 13.78221 ], [ 75.64875, 13.77105 ], [ 75.6443, 13.76631 ], [ 75.64872, 13.75825 ], [ 75.66119, 13.75821 ], [ 75.66056, 13.76131 ], [ 75.66352, 13.76089 ], [ 75.66562, 13.75758 ], [ 75.66413, 13.75366 ], [ 75.66398, 13.74926 ], [ 75.65731, 13.74649 ], [ 75.656, 13.74533 ], [ 75.65671, 13.743 ], [ 75.65896, 13.74032 ], [ 75.66608, 13.73682 ], [ 75.66762, 13.73449 ], [ 75.66879, 13.72972 ], [ 75.67532, 13.72703 ], [ 75.6758, 13.72622 ], [ 75.67614, 13.72169 ], [ 75.67494, 13.71913 ], [ 75.67233, 13.71775 ], [ 75.66805, 13.71776 ], [ 75.66721, 13.7159 ], [ 75.66102, 13.71208 ], [ 75.65971, 13.7122 ], [ 75.65911, 13.71104 ], [ 75.66123, 13.70255 ], [ 75.66182, 13.70174 ], [ 75.66788, 13.70172 ], [ 75.66954, 13.70009 ], [ 75.67356, 13.69357 ], [ 75.6739, 13.68613 ], [ 75.67473, 13.68462 ], [ 75.68648, 13.68192 ], [ 75.68934, 13.68284 ], [ 75.69077, 13.68434 ], [ 75.69575, 13.68131 ], [ 75.70205, 13.68001 ], [ 75.70242, 13.68617 ], [ 75.70718, 13.68802 ], [ 75.71051, 13.68789 ], [ 75.7105, 13.6858 ], [ 75.7118, 13.68301 ], [ 75.71334, 13.68265 ], [ 75.71606, 13.67672 ], [ 75.71534, 13.67602 ], [ 75.71226, 13.67615 ], [ 75.71391, 13.67463 ], [ 75.71938, 13.6752 ], [ 75.72032, 13.67113 ], [ 75.73548, 13.65575 ], [ 75.74336, 13.62842 ], [ 75.75346, 13.6292 ], [ 75.76507, 13.61905 ], [ 75.76801, 13.60963 ], [ 75.78677, 13.60539 ], [ 75.78972, 13.60027 ], [ 75.78895, 13.58319 ], [ 75.7838, 13.56973 ], [ 75.7713, 13.56047 ], [ 75.77165, 13.55931 ], [ 75.77331, 13.5593 ], [ 75.77521, 13.55813 ], [ 75.77675, 13.55615 ], [ 75.77924, 13.55591 ], [ 75.78066, 13.5537 ], [ 75.78256, 13.55381 ], [ 75.7909, 13.56053 ], [ 75.79363, 13.56028 ], [ 75.79815, 13.56352 ], [ 75.796, 13.55981 ], [ 75.79764, 13.55272 ], [ 75.79239, 13.54658 ], [ 75.79341, 13.53031 ], [ 75.79649, 13.52844 ], [ 75.79982, 13.52901 ], [ 75.81679, 13.52558 ], [ 75.81666, 13.52303 ], [ 75.81784, 13.5207 ], [ 75.83513, 13.50774 ], [ 75.81398, 13.5034 ], [ 75.80971, 13.50364 ], [ 75.80164, 13.50588 ], [ 75.79998, 13.50728 ], [ 75.79405, 13.50927 ], [ 75.77756, 13.51409 ], [ 75.77637, 13.51339 ], [ 75.76873, 13.50215 ], [ 75.75555, 13.50033 ], [ 75.75435, 13.49615 ], [ 75.75209, 13.49453 ], [ 75.75017, 13.48849 ], [ 75.75097, 13.48012 ], [ 75.74905, 13.47176 ], [ 75.74749, 13.46886 ], [ 75.74879, 13.46607 ], [ 75.74854, 13.46305 ], [ 75.74531, 13.45376 ], [ 75.74602, 13.4526 ], [ 75.74958, 13.45177 ], [ 75.75563, 13.45164 ], [ 75.7573, 13.45233 ], [ 75.7637, 13.45127 ], [ 75.76379, 13.44069 ], [ 75.7626, 13.43942 ], [ 75.75796, 13.43769 ], [ 75.74551, 13.44214 ], [ 75.73958, 13.44239 ], [ 75.73757, 13.44542 ], [ 75.73508, 13.44705 ], [ 75.72938, 13.44718 ], [ 75.72826, 13.44642 ], [ 75.72596, 13.44177 ], [ 75.72641, 13.43989 ], [ 75.72957, 13.43647 ], [ 75.72845, 13.43121 ], [ 75.73018, 13.42934 ], [ 75.73143, 13.42175 ], [ 75.72889, 13.41927 ], [ 75.72237, 13.40969 ], [ 75.72204, 13.40767 ], [ 75.7203, 13.40783 ], [ 75.71699, 13.41141 ], [ 75.71383, 13.41312 ], [ 75.71177, 13.4108 ], [ 75.70924, 13.41205 ], [ 75.70497, 13.41547 ], [ 75.70482, 13.41733 ], [ 75.70261, 13.41795 ], [ 75.69551, 13.42572 ], [ 75.6876, 13.42822 ], [ 75.68413, 13.43319 ], [ 75.68065, 13.43227 ], [ 75.67699, 13.42608 ], [ 75.66825, 13.41541 ], [ 75.66223, 13.41233 ], [ 75.66128, 13.41032 ], [ 75.66268, 13.40257 ], [ 75.66489, 13.39915 ], [ 75.66994, 13.39542 ], [ 75.67405, 13.39371 ], [ 75.67689, 13.39122 ], [ 75.67752, 13.38967 ], [ 75.67544, 13.38069 ], [ 75.67131, 13.37481 ], [ 75.66988, 13.37404 ], [ 75.67225, 13.37156 ], [ 75.67778, 13.36875 ], [ 75.68109, 13.36549 ], [ 75.68172, 13.36378 ], [ 75.68172, 13.36239 ], [ 75.67743, 13.35822 ], [ 75.66713, 13.35236 ], [ 75.66397, 13.35283 ], [ 75.65939, 13.35656 ], [ 75.65639, 13.35765 ], [ 75.65321, 13.35379 ], [ 75.64845, 13.35039 ], [ 75.64608, 13.35024 ], [ 75.64435, 13.35319 ], [ 75.64419, 13.35505 ], [ 75.64056, 13.358 ], [ 75.6401, 13.3625 ], [ 75.64326, 13.36249 ], [ 75.64643, 13.36419 ], [ 75.64976, 13.3648 ], [ 75.65055, 13.36588 ], [ 75.64423, 13.36837 ], [ 75.64249, 13.37008 ], [ 75.64059, 13.37009 ], [ 75.64141, 13.38031 ], [ 75.63321, 13.38916 ], [ 75.62909, 13.38716 ], [ 75.62417, 13.38221 ], [ 75.62116, 13.38098 ], [ 75.6134, 13.38023 ], [ 75.6115, 13.37899 ], [ 75.60642, 13.37281 ], [ 75.60405, 13.37235 ], [ 75.60183, 13.37297 ], [ 75.59567, 13.37609 ], [ 75.59708, 13.37019 ], [ 75.59882, 13.36957 ], [ 75.60135, 13.37034 ], [ 75.60942, 13.37063 ], [ 75.61432, 13.36938 ], [ 75.61669, 13.36767 ], [ 75.61859, 13.36627 ], [ 75.62174, 13.36115 ], [ 75.62601, 13.3585 ], [ 75.62616, 13.35633 ], [ 75.62363, 13.35572 ], [ 75.62062, 13.35526 ], [ 75.61698, 13.35605 ], [ 75.6135, 13.35513 ], [ 75.60606, 13.35576 ], [ 75.5983, 13.35129 ], [ 75.59009, 13.35983 ], [ 75.58581, 13.35659 ], [ 75.56648, 13.34826 ], [ 75.56061, 13.3413 ], [ 75.55888, 13.34472 ], [ 75.55588, 13.34627 ], [ 75.55288, 13.34907 ], [ 75.55115, 13.35403 ], [ 75.55258, 13.35666 ], [ 75.55021, 13.36085 ], [ 75.55291, 13.36441 ], [ 75.54801, 13.36581 ], [ 75.54342, 13.36381 ], [ 75.54231, 13.36598 ], [ 75.53837, 13.3694 ], [ 75.53393, 13.36553 ], [ 75.5325, 13.36538 ], [ 75.53154, 13.36027 ], [ 75.53043, 13.35888 ], [ 75.53327, 13.355 ], [ 75.53723, 13.35499 ], [ 75.53833, 13.35328 ], [ 75.53816, 13.34987 ], [ 75.53974, 13.34832 ], [ 75.53974, 13.34693 ], [ 75.53784, 13.34523 ], [ 75.53624, 13.34058 ], [ 75.54351, 13.33468 ], [ 75.54572, 13.33405 ], [ 75.54937, 13.33591 ], [ 75.55173, 13.33358 ], [ 75.55347, 13.33016 ], [ 75.55868, 13.32721 ], [ 75.55613, 13.31838 ], [ 75.55547, 13.30537 ], [ 75.55704, 13.29917 ], [ 75.55687, 13.29545 ], [ 75.54976, 13.29887 ], [ 75.53758, 13.30076 ], [ 75.52999, 13.30325 ], [ 75.52637, 13.31287 ], [ 75.52528, 13.31984 ], [ 75.52182, 13.3307 ], [ 75.5092, 13.34513 ], [ 75.50224, 13.347 ], [ 75.50034, 13.34639 ], [ 75.50098, 13.35011 ], [ 75.49418, 13.35074 ], [ 75.49196, 13.34904 ], [ 75.48753, 13.35044 ], [ 75.48689, 13.34734 ], [ 75.48483, 13.34518 ], [ 75.48182, 13.3441 ], [ 75.47313, 13.35109 ], [ 75.47123, 13.35171 ], [ 75.47092, 13.35357 ], [ 75.47362, 13.35729 ], [ 75.47348, 13.36565 ], [ 75.47253, 13.3672 ], [ 75.46905, 13.36922 ], [ 75.46684, 13.37171 ], [ 75.45738, 13.38954 ], [ 75.46372, 13.39465 ], [ 75.46581, 13.41014 ], [ 75.46423, 13.41138 ], [ 75.47977, 13.42638 ], [ 75.48009, 13.42777 ], [ 75.4782, 13.43351 ], [ 75.4744, 13.43383 ], [ 75.46268, 13.43137 ], [ 75.45825, 13.43215 ], [ 75.45952, 13.43494 ], [ 75.45826, 13.4368 ], [ 75.45699, 13.43727 ], [ 75.45337, 13.4458 ], [ 75.45071, 13.46424 ], [ 75.46782, 13.47087 ], [ 75.47084, 13.47427 ], [ 75.47353, 13.47566 ], [ 75.46504, 13.50589 ], [ 75.47107, 13.51006 ], [ 75.48279, 13.51066 ], [ 75.48628, 13.51701 ], [ 75.49976, 13.52411 ], [ 75.5186, 13.52298 ], [ 75.52208, 13.52344 ], [ 75.52828, 13.53381 ], [ 75.52294, 13.55133 ], [ 75.52373, 13.55412 ], [ 75.52722, 13.55736 ], [ 75.52897, 13.55875 ], [ 75.53198, 13.5589 ], [ 75.53293, 13.55782 ], [ 75.54321, 13.55361 ], [ 75.54545, 13.56399 ], [ 75.54878, 13.56584 ], [ 75.55037, 13.56955 ], [ 75.55243, 13.56924 ], [ 75.55259, 13.57001 ], [ 75.56353, 13.57448 ], [ 75.56844, 13.57184 ], [ 75.57872, 13.56964 ], [ 75.58015, 13.57026 ], [ 75.58206, 13.57289 ], [ 75.58016, 13.57351 ], [ 75.57841, 13.5715 ], [ 75.57746, 13.57182 ], [ 75.57826, 13.57538 ], [ 75.57605, 13.57647 ], [ 75.57508, 13.57996 ], [ 75.57377, 13.57918 ], [ 75.57264, 13.57607 ], [ 75.57102, 13.5779 ], [ 75.56825, 13.5777 ], [ 75.56957, 13.58114 ], [ 75.56623, 13.58147 ], [ 75.56811, 13.58433 ], [ 75.56804, 13.58613 ], [ 75.56699, 13.58689 ], [ 75.56645, 13.58476 ], [ 75.56497, 13.58514 ], [ 75.56388, 13.5832 ], [ 75.56446, 13.58186 ], [ 75.56299, 13.58152 ], [ 75.56394, 13.58026 ], [ 75.56393, 13.57839 ], [ 75.56162, 13.57821 ], [ 75.56102, 13.57537 ], [ 75.55994, 13.57545 ], [ 75.55839, 13.57745 ], [ 75.55566, 13.57769 ], [ 75.55745, 13.58022 ], [ 75.55743, 13.58197 ], [ 75.55565, 13.5832 ], [ 75.55536, 13.58636 ], [ 75.55347, 13.58947 ], [ 75.55481, 13.58948 ], [ 75.55736, 13.58736 ], [ 75.5599, 13.58899 ], [ 75.55987, 13.59016 ], [ 75.55846, 13.5907 ], [ 75.55757, 13.59277 ], [ 75.56093, 13.59262 ], [ 75.56209, 13.59443 ], [ 75.55929, 13.59777 ], [ 75.56166, 13.59829 ], [ 75.56119, 13.60042 ], [ 75.56454, 13.60013 ], [ 75.56499, 13.60364 ], [ 75.56441, 13.60516 ], [ 75.56649, 13.60741 ], [ 75.56478, 13.60946 ], [ 75.56517, 13.61126 ], [ 75.5684, 13.61138 ], [ 75.56826, 13.61236 ], [ 75.56663, 13.61345 ], [ 75.56532, 13.61343 ], [ 75.56422, 13.6107 ], [ 75.56458, 13.60787 ], [ 75.56347, 13.60675 ], [ 75.56249, 13.60311 ], [ 75.56002, 13.60373 ], [ 75.55983, 13.60189 ], [ 75.55659, 13.59847 ], [ 75.55591, 13.59864 ], [ 75.55654, 13.6004 ], [ 75.55599, 13.602 ], [ 75.55253, 13.60177 ], [ 75.55113, 13.60257 ], [ 75.55071, 13.59916 ], [ 75.5471, 13.60125 ], [ 75.544, 13.5987 ], [ 75.54634, 13.59609 ], [ 75.54388, 13.59493 ], [ 75.54279, 13.59262 ], [ 75.54043, 13.59089 ], [ 75.54227, 13.5894 ], [ 75.54538, 13.58458 ], [ 75.54552, 13.58283 ], [ 75.53809, 13.58785 ], [ 75.53594, 13.59081 ], [ 75.53498, 13.59103 ], [ 75.53407, 13.58885 ], [ 75.5344, 13.58237 ], [ 75.53518, 13.58064 ], [ 75.53276, 13.58212 ], [ 75.52886, 13.57955 ], [ 75.52861, 13.57645 ], [ 75.52471, 13.57669 ], [ 75.52827, 13.58124 ], [ 75.53132, 13.58302 ], [ 75.53118, 13.58449 ], [ 75.52808, 13.58788 ], [ 75.52226, 13.5882 ], [ 75.51813, 13.58968 ], [ 75.51774, 13.59125 ], [ 75.51507, 13.59317 ], [ 75.51658, 13.59382 ], [ 75.52063, 13.59105 ], [ 75.52379, 13.59157 ], [ 75.52676, 13.59053 ], [ 75.53142, 13.59191 ], [ 75.53072, 13.59556 ], [ 75.53673, 13.59524 ], [ 75.53855, 13.59634 ], [ 75.53871, 13.59826 ], [ 75.53618, 13.60041 ], [ 75.53965, 13.60139 ], [ 75.53994, 13.60371 ], [ 75.53878, 13.60473 ], [ 75.53547, 13.60543 ], [ 75.53466, 13.60652 ], [ 75.53624, 13.6073 ], [ 75.54267, 13.60707 ], [ 75.54403, 13.60808 ], [ 75.54459, 13.60985 ], [ 75.54685, 13.609 ], [ 75.54955, 13.60931 ], [ 75.55368, 13.6124 ], [ 75.55418, 13.61494 ], [ 75.5527, 13.61588 ], [ 75.54781, 13.6131 ], [ 75.53927, 13.6114 ], [ 75.54472, 13.61682 ], [ 75.54479, 13.61819 ], [ 75.54332, 13.62027 ], [ 75.54688, 13.61998 ], [ 75.54782, 13.62077 ], [ 75.54649, 13.6252 ], [ 75.5482, 13.62621 ], [ 75.5493, 13.62847 ], [ 75.55028, 13.62865 ], [ 75.55265, 13.62591 ], [ 75.55353, 13.6264 ], [ 75.55298, 13.6286 ], [ 75.55573, 13.62842 ], [ 75.55567, 13.62913 ], [ 75.55466, 13.62907 ], [ 75.55486, 13.62999 ], [ 75.55342, 13.62979 ], [ 75.55399, 13.63139 ], [ 75.55338, 13.63305 ], [ 75.55575, 13.63462 ], [ 75.5583, 13.63401 ], [ 75.55875, 13.63492 ], [ 75.55724, 13.63712 ], [ 75.55601, 13.6374 ], [ 75.55467, 13.63621 ], [ 75.55083, 13.63682 ], [ 75.55109, 13.63342 ], [ 75.54864, 13.63104 ], [ 75.54673, 13.63381 ], [ 75.54445, 13.63398 ], [ 75.54383, 13.633 ], [ 75.54437, 13.62958 ], [ 75.5409, 13.62965 ], [ 75.54016, 13.62841 ], [ 75.54068, 13.62699 ], [ 75.53946, 13.62531 ], [ 75.53664, 13.62794 ], [ 75.53612, 13.62573 ], [ 75.53324, 13.62726 ], [ 75.53208, 13.62275 ], [ 75.53267, 13.6214 ], [ 75.52902, 13.62112 ], [ 75.52944, 13.62443 ], [ 75.5284, 13.62611 ], [ 75.52537, 13.62559 ], [ 75.52384, 13.6238 ], [ 75.52323, 13.62517 ], [ 75.52021, 13.62566 ], [ 75.51909, 13.62471 ], [ 75.51882, 13.62137 ], [ 75.51549, 13.62457 ], [ 75.51349, 13.62209 ], [ 75.50984, 13.62228 ], [ 75.50954, 13.61957 ], [ 75.50706, 13.6226 ], [ 75.50535, 13.62017 ], [ 75.5034, 13.61903 ], [ 75.50185, 13.61621 ], [ 75.5, 13.61584 ], [ 75.49878, 13.6167 ], [ 75.5042, 13.62152 ], [ 75.50556, 13.62504 ], [ 75.50779, 13.62488 ], [ 75.51214, 13.62702 ], [ 75.51274, 13.62865 ], [ 75.51156, 13.632 ], [ 75.51285, 13.63238 ], [ 75.51529, 13.63081 ], [ 75.51645, 13.6309 ], [ 75.51849, 13.63589 ], [ 75.51922, 13.63621 ], [ 75.52019, 13.63576 ], [ 75.51925, 13.63283 ], [ 75.52085, 13.6298 ], [ 75.52228, 13.63046 ], [ 75.52432, 13.63464 ], [ 75.52978, 13.63039 ], [ 75.5312, 13.63167 ], [ 75.53112, 13.6346 ], [ 75.52911, 13.63581 ], [ 75.52718, 13.63863 ], [ 75.5296, 13.63841 ], [ 75.53073, 13.64071 ], [ 75.53315, 13.63809 ], [ 75.53362, 13.63568 ], [ 75.53553, 13.63496 ], [ 75.53911, 13.63844 ], [ 75.53904, 13.63998 ], [ 75.53668, 13.64311 ], [ 75.53729, 13.64456 ], [ 75.53851, 13.64454 ], [ 75.54257, 13.64169 ], [ 75.54189, 13.64421 ], [ 75.5435, 13.64446 ], [ 75.54394, 13.647 ], [ 75.54589, 13.64668 ], [ 75.54625, 13.64921 ], [ 75.5484, 13.64773 ], [ 75.5512, 13.64805 ], [ 75.54995, 13.65242 ], [ 75.55216, 13.65202 ], [ 75.55389, 13.6504 ], [ 75.55798, 13.65174 ], [ 75.55797, 13.65402 ], [ 75.55894, 13.65571 ], [ 75.5567, 13.65753 ], [ 75.55303, 13.65645 ], [ 75.55192, 13.65679 ], [ 75.55057, 13.6557 ], [ 75.54831, 13.65715 ], [ 75.54524, 13.6577 ], [ 75.54145, 13.65645 ], [ 75.54087, 13.65743 ], [ 75.53664, 13.65783 ], [ 75.5352, 13.65993 ], [ 75.53299, 13.66085 ], [ 75.53606, 13.6639 ], [ 75.53914, 13.66199 ], [ 75.54504, 13.6609 ], [ 75.55051, 13.66165 ], [ 75.55313, 13.6632 ], [ 75.55333, 13.66454 ], [ 75.55241, 13.66533 ], [ 75.54866, 13.66589 ], [ 75.54908, 13.66737 ], [ 75.54849, 13.6683 ], [ 75.54605, 13.66731 ], [ 75.54546, 13.66808 ], [ 75.54371, 13.66748 ], [ 75.53928, 13.6686 ], [ 75.53989, 13.67039 ], [ 75.54209, 13.67142 ], [ 75.54131, 13.67315 ], [ 75.53943, 13.67326 ], [ 75.53702, 13.67076 ], [ 75.53629, 13.67088 ], [ 75.53678, 13.67383 ], [ 75.53585, 13.6757 ], [ 75.53422, 13.67637 ], [ 75.53392, 13.67878 ], [ 75.53732, 13.6786 ], [ 75.53833, 13.67993 ], [ 75.53905, 13.67819 ], [ 75.54064, 13.67962 ], [ 75.54345, 13.67899 ], [ 75.54423, 13.67997 ], [ 75.54392, 13.68204 ], [ 75.5454, 13.68208 ], [ 75.54371, 13.68352 ], [ 75.51992, 13.69385 ], [ 75.52099, 13.702 ], [ 75.53982, 13.7231 ], [ 75.54149, 13.72589 ], [ 75.5355, 13.72836 ], [ 75.53139, 13.73102 ], [ 75.52795, 13.73849 ], [ 75.52541, 13.73942 ], [ 75.52193, 13.74284 ], [ 75.5221, 13.74826 ], [ 75.51989, 13.75229 ], [ 75.52195, 13.75353 ], [ 75.52339, 13.75926 ], [ 75.52657, 13.7639 ], [ 75.52768, 13.76049 ], [ 75.54116, 13.76542 ], [ 75.55257, 13.76369 ], [ 75.56145, 13.76429 ], [ 75.56288, 13.76862 ], [ 75.56479, 13.77156 ], [ 75.57114, 13.77387 ], [ 75.57352, 13.77619 ], [ 75.56991, 13.78906 ], [ 75.57071, 13.79386 ], [ 75.57817, 13.79523 ], [ 75.5796, 13.79833 ], [ 75.59027, 13.79413 ] ], [ [ 75.56061, 13.63749 ], [ 75.56083, 13.63878 ], [ 75.55976, 13.63875 ], [ 75.55936, 13.6376 ], [ 75.56061, 13.63749 ] ] ] } },
{ "type": "Feature", "properties": { "newname": "Wan" }, "geometry": { "type": "Polygon", "coordinates": [ [ [ 77.31649, 21.72585 ], [ 77.31815, 21.7267 ], [ 77.3204, 21.73573 ], [ 77.32245, 21.73985 ], [ 77.32365, 21.74002 ], [ 77.32814, 21.73604 ], [ 77.33404, 21.73696 ], [ 77.34636, 21.73441 ], [ 77.35345, 21.73386 ], [ 77.35418, 21.73257 ], [ 77.35305, 21.72767 ], [ 77.35377, 21.72466 ], [ 77.35734, 21.71991 ], [ 77.35991, 21.71913 ], [ 77.36277, 21.71997 ], [ 77.36593, 21.72564 ], [ 77.36778, 21.72683 ], [ 77.36925, 21.72622 ], [ 77.3674, 21.70834 ], [ 77.36647, 21.70533 ], [ 77.37123, 21.70135 ], [ 77.37132, 21.70006 ], [ 77.36439, 21.69484 ], [ 77.3652, 21.69174 ], [ 77.36482, 21.68831 ], [ 77.36904, 21.68648 ], [ 77.37177, 21.68036 ], [ 77.37433, 21.67639 ], [ 77.37616, 21.675 ], [ 77.38059, 21.67722 ], [ 77.38314, 21.67145 ], [ 77.38801, 21.67082 ], [ 77.39131, 21.6678 ], [ 77.39306, 21.66744 ], [ 77.39415, 21.66537 ], [ 77.39757, 21.66751 ], [ 77.40004, 21.66483 ], [ 77.40849, 21.66221 ], [ 77.41089, 21.66271 ], [ 77.41511, 21.66157 ], [ 77.41472, 21.65607 ], [ 77.41867, 21.65528 ], [ 77.42125, 21.65604 ], [ 77.42401, 21.65542 ], [ 77.42981, 21.65634 ], [ 77.43046, 21.65737 ], [ 77.43313, 21.65719 ], [ 77.43571, 21.6589 ], [ 77.43866, 21.65837 ], [ 77.44124, 21.65938 ], [ 77.44629, 21.65721 ], [ 77.45282, 21.65658 ], [ 77.45198, 21.6552 ], [ 77.45631, 21.65449 ], [ 77.45814, 21.65328 ], [ 77.46026, 21.6549 ], [ 77.46072, 21.65361 ], [ 77.46164, 21.65386 ], [ 77.46247, 21.65463 ], [ 77.46222, 21.65842 ], [ 77.46002, 21.66127 ], [ 77.46108, 21.66806 ], [ 77.4666, 21.66847 ], [ 77.46938, 21.67146 ], [ 77.47087, 21.67533 ], [ 77.46922, 21.67645 ], [ 77.4688, 21.68222 ], [ 77.47268, 21.68564 ], [ 77.47334, 21.68839 ], [ 77.47244, 21.69089 ], [ 77.48242, 21.69875 ], [ 77.4838, 21.6972 ], [ 77.48378, 21.69522 ], [ 77.48515, 21.69298 ], [ 77.48476, 21.68876 ], [ 77.48559, 21.68876 ], [ 77.48679, 21.69064 ], [ 77.48938, 21.69149 ], [ 77.49259, 21.68941 ], [ 77.49397, 21.68949 ], [ 77.49499, 21.69155 ], [ 77.49216, 21.69466 ], [ 77.49566, 21.69533 ], [ 77.49759, 21.69412 ], [ 77.49877, 21.69265 ], [ 77.49683, 21.69051 ], [ 77.49996, 21.69015 ], [ 77.49995, 21.68886 ], [ 77.4991, 21.68637 ], [ 77.49596, 21.68466 ], [ 77.4976, 21.68173 ], [ 77.49648, 21.67924 ], [ 77.49748, 21.67622 ], [ 77.49463, 21.67701 ], [ 77.49176, 21.67419 ], [ 77.49212, 21.67307 ], [ 77.49322, 21.67237 ], [ 77.49756, 21.67356 ], [ 77.49755, 21.67218 ], [ 77.49588, 21.67081 ], [ 77.49495, 21.66849 ], [ 77.49558, 21.66582 ], [ 77.50275, 21.66544 ], [ 77.51029, 21.66317 ], [ 77.51211, 21.66032 ], [ 77.51172, 21.65628 ], [ 77.5094, 21.65285 ], [ 77.5059, 21.65209 ], [ 77.49375, 21.65172 ], [ 77.49355, 21.64983 ], [ 77.49662, 21.64052 ], [ 77.49818, 21.63845 ], [ 77.49777, 21.63252 ], [ 77.49477, 21.62324 ], [ 77.49263, 21.61929 ], [ 77.4785, 21.60956 ], [ 77.47937, 21.60112 ], [ 77.47757, 21.59132 ], [ 77.4792, 21.58693 ], [ 77.48139, 21.58468 ], [ 77.48967, 21.58524 ], [ 77.4906, 21.58652 ], [ 77.4918, 21.58669 ], [ 77.4938, 21.58332 ], [ 77.49379, 21.58186 ], [ 77.49581, 21.57996 ], [ 77.49487, 21.57661 ], [ 77.49671, 21.57643 ], [ 77.50118, 21.56451 ], [ 77.50515, 21.56475 ], [ 77.50947, 21.55969 ], [ 77.50904, 21.55155 ], [ 77.5078, 21.54988 ], [ 77.49872, 21.55047 ], [ 77.49283, 21.54921 ], [ 77.48686, 21.54976 ], [ 77.48087, 21.54876 ], [ 77.47269, 21.54871 ], [ 77.47095, 21.55105 ], [ 77.46783, 21.55227 ], [ 77.45653, 21.55336 ], [ 77.45486, 21.5525 ], [ 77.45448, 21.54992 ], [ 77.45475, 21.54803 ], [ 77.45612, 21.54647 ], [ 77.45583, 21.54484 ], [ 77.45084, 21.54099 ], [ 77.44744, 21.54058 ], [ 77.44671, 21.5417 ], [ 77.44377, 21.54197 ], [ 77.43964, 21.5444 ], [ 77.43468, 21.54537 ], [ 77.43111, 21.54797 ], [ 77.42938, 21.55108 ], [ 77.43152, 21.5552 ], [ 77.43172, 21.55752 ], [ 77.43072, 21.56105 ], [ 77.43156, 21.5632 ], [ 77.43481, 21.56757 ], [ 77.43997, 21.57065 ], [ 77.43933, 21.57116 ], [ 77.43777, 21.57169 ], [ 77.41707, 21.57127 ], [ 77.41108, 21.56872 ], [ 77.41063, 21.56993 ], [ 77.40952, 21.56881 ], [ 77.40021, 21.5655 ], [ 77.3993, 21.56783 ], [ 77.39628, 21.57077 ], [ 77.39398, 21.57121 ], [ 77.39004, 21.57364 ], [ 77.38424, 21.57254 ], [ 77.38331, 21.57108 ], [ 77.37044, 21.57157 ], [ 77.36409, 21.57048 ], [ 77.3649, 21.5685 ], [ 77.3671, 21.56634 ], [ 77.3644, 21.55998 ], [ 77.37047, 21.5609 ], [ 77.37442, 21.55925 ], [ 77.38114, 21.55939 ], [ 77.38508, 21.55757 ], [ 77.38813, 21.56065 ], [ 77.39465, 21.55718 ], [ 77.39701, 21.55252 ], [ 77.39645, 21.5496 ], [ 77.39808, 21.54615 ], [ 77.39697, 21.54383 ], [ 77.39898, 21.54288 ], [ 77.39898, 21.5421 ], [ 77.39705, 21.54211 ], [ 77.39686, 21.54091 ], [ 77.39539, 21.54048 ], [ 77.39401, 21.54213 ], [ 77.39227, 21.54196 ], [ 77.3907, 21.54076 ], [ 77.38958, 21.53793 ], [ 77.3903, 21.53509 ], [ 77.39094, 21.53397 ], [ 77.39342, 21.5337 ], [ 77.39332, 21.53206 ], [ 77.39238, 21.52948 ], [ 77.39008, 21.52812 ], [ 77.38952, 21.52666 ], [ 77.39034, 21.52528 ], [ 77.3896, 21.52399 ], [ 77.38674, 21.52306 ], [ 77.38526, 21.5216 ], [ 77.38362, 21.5235 ], [ 77.38215, 21.52394 ], [ 77.37782, 21.5231 ], [ 77.37569, 21.51924 ], [ 77.37623, 21.5182 ], [ 77.37437, 21.5133 ], [ 77.3718, 21.51452 ], [ 77.36792, 21.51058 ], [ 77.36461, 21.51197 ], [ 77.3607, 21.50244 ], [ 77.35931, 21.50081 ], [ 77.35875, 21.4978 ], [ 77.35495, 21.49257 ], [ 77.35614, 21.49007 ], [ 77.35429, 21.48844 ], [ 77.35877, 21.48369 ], [ 77.35904, 21.48214 ], [ 77.35716, 21.47414 ], [ 77.35752, 21.47242 ], [ 77.36199, 21.46741 ], [ 77.36263, 21.465 ], [ 77.36047, 21.45726 ], [ 77.35781, 21.45762 ], [ 77.35734, 21.45676 ], [ 77.35741, 21.45143 ], [ 77.35621, 21.44988 ], [ 77.35464, 21.44989 ], [ 77.3527, 21.44731 ], [ 77.35184, 21.44043 ], [ 77.34833, 21.43778 ], [ 77.33605, 21.44506 ], [ 77.3276, 21.4457 ], [ 77.32659, 21.44536 ], [ 77.3297, 21.44251 ], [ 77.33822, 21.43731 ], [ 77.33858, 21.43524 ], [ 77.33671, 21.42888 ], [ 77.32879, 21.42556 ], [ 77.32465, 21.42472 ], [ 77.32354, 21.42378 ], [ 77.32353, 21.42206 ], [ 77.31288, 21.42468 ], [ 77.30103, 21.42482 ], [ 77.29478, 21.42588 ], [ 77.29404, 21.42373 ], [ 77.29458, 21.42114 ], [ 77.29217, 21.41728 ], [ 77.29039, 21.41032 ], [ 77.29066, 21.40894 ], [ 77.29213, 21.40868 ], [ 77.29533, 21.40522 ], [ 77.29742, 21.39936 ], [ 77.29658, 21.39661 ], [ 77.29482, 21.39524 ], [ 77.29409, 21.39524 ], [ 77.29227, 21.39869 ], [ 77.29126, 21.39904 ], [ 77.29052, 21.39827 ], [ 77.2894, 21.39406 ], [ 77.29004, 21.39285 ], [ 77.2892, 21.39036 ], [ 77.28917, 21.38571 ], [ 77.28769, 21.38219 ], [ 77.28107, 21.38093 ], [ 77.2783, 21.37913 ], [ 77.27609, 21.37879 ], [ 77.2701, 21.37495 ], [ 77.26687, 21.37066 ], [ 77.26182, 21.37145 ], [ 77.25823, 21.36931 ], [ 77.25465, 21.37131 ], [ 77.25106, 21.36857 ], [ 77.24922, 21.36806 ], [ 77.24316, 21.36954 ], [ 77.24187, 21.36903 ], [ 77.23864, 21.36517 ], [ 77.23625, 21.36527 ], [ 77.23497, 21.36699 ], [ 77.23313, 21.36545 ], [ 77.22788, 21.36332 ], [ 77.22732, 21.36014 ], [ 77.22547, 21.35713 ], [ 77.21664, 21.35519 ], [ 77.21545, 21.35579 ], [ 77.21463, 21.35778 ], [ 77.21361, 21.35597 ], [ 77.21094, 21.35443 ], [ 77.20929, 21.35487 ], [ 77.20874, 21.3541 ], [ 77.21175, 21.3509 ], [ 77.21266, 21.34728 ], [ 77.21604, 21.34383 ], [ 77.21677, 21.34133 ], [ 77.21189, 21.341 ], [ 77.2014, 21.33562 ], [ 77.19579, 21.33401 ], [ 77.18763, 21.33653 ], [ 77.18238, 21.33517 ], [ 77.1764, 21.3327 ], [ 77.17695, 21.3308 ], [ 77.17602, 21.32797 ], [ 77.17205, 21.32385 ], [ 77.16193, 21.31889 ], [ 77.15198, 21.31851 ], [ 77.14641, 21.31581 ], [ 77.1425, 21.31563 ], [ 77.14189, 21.31777 ], [ 77.13932, 21.31809 ], [ 77.13134, 21.31691 ], [ 77.1201, 21.3206 ], [ 77.11936, 21.32201 ], [ 77.11084, 21.31935 ], [ 77.10179, 21.32128 ], [ 77.10091, 21.3172 ], [ 77.10293, 21.31416 ], [ 77.09986, 21.31467 ], [ 77.09703, 21.31379 ], [ 77.09362, 21.31123 ], [ 77.08916, 21.30592 ], [ 77.08317, 21.30313 ], [ 77.07342, 21.30238 ], [ 77.06888, 21.30022 ], [ 77.06438, 21.29486 ], [ 77.05997, 21.29138 ], [ 77.05938, 21.28994 ], [ 77.06386, 21.28747 ], [ 77.07188, 21.28924 ], [ 77.07602, 21.28771 ], [ 77.07652, 21.28705 ], [ 77.0758, 21.28226 ], [ 77.06726, 21.2733 ], [ 77.06295, 21.26429 ], [ 77.05785, 21.26493 ], [ 77.05647, 21.26088 ], [ 77.05473, 21.26334 ], [ 77.04682, 21.26729 ], [ 77.04228, 21.26497 ], [ 77.03248, 21.26317 ], [ 77.0319, 21.26247 ], [ 77.03234, 21.25652 ], [ 77.03434, 21.25254 ], [ 77.03421, 21.24773 ], [ 77.03218, 21.24617 ], [ 77.03185, 21.24588 ], [ 77.03387, 21.24653 ], [ 77.04054, 21.24241 ], [ 77.04419, 21.24254 ], [ 77.04599, 21.24173 ], [ 77.04669, 21.2384 ], [ 77.04858, 21.23661 ], [ 77.05056, 21.23185 ], [ 77.04728, 21.21854 ], [ 77.0435, 21.21182 ], [ 77.0415, 21.21179 ], [ 77.04027, 21.21867 ], [ 77.03965, 21.21892 ], [ 77.03732, 21.21507 ], [ 77.03716, 21.21283 ], [ 77.03614, 21.21269 ], [ 77.03446, 21.21449 ], [ 77.03407, 21.21361 ], [ 77.03336, 21.21424 ], [ 77.03187, 21.21366 ], [ 77.02811, 21.21506 ], [ 77.02604, 21.21408 ], [ 77.0178, 21.21363 ], [ 77.0127, 21.20966 ], [ 77.00649, 21.20641 ], [ 77.00517, 21.20955 ], [ 77.00607, 21.21246 ], [ 77.00351, 21.21692 ], [ 77.0052, 21.2208 ], [ 77.00401, 21.22095 ], [ 76.99929, 21.21945 ], [ 76.99526, 21.21087 ], [ 76.99388, 21.21067 ], [ 76.99347, 21.2116 ], [ 76.99116, 21.20882 ], [ 76.9888, 21.20886 ], [ 76.98564, 21.21084 ], [ 76.97773, 21.2183 ], [ 76.96608, 21.21904 ], [ 76.9621, 21.22134 ], [ 76.96188, 21.22289 ], [ 76.96271, 21.22447 ], [ 76.96173, 21.2276 ], [ 76.9587, 21.22849 ], [ 76.95293, 21.22793 ], [ 76.94958, 21.22895 ], [ 76.94869, 21.22429 ], [ 76.94718, 21.22292 ], [ 76.94454, 21.22225 ], [ 76.94371, 21.22088 ], [ 76.94324, 21.21383 ], [ 76.94383, 21.21208 ], [ 76.94103, 21.20562 ], [ 76.94313, 21.20472 ], [ 76.94229, 21.19958 ], [ 76.9427, 21.19766 ], [ 76.93629, 21.19837 ], [ 76.93592, 21.20035 ], [ 76.93451, 21.20078 ], [ 76.93409, 21.20257 ], [ 76.92907, 21.20321 ], [ 76.927, 21.20485 ], [ 76.92566, 21.20828 ], [ 76.92535, 21.21294 ], [ 76.92452, 21.21359 ], [ 76.92552, 21.21617 ], [ 76.9244, 21.22254 ], [ 76.92169, 21.22117 ], [ 76.91854, 21.22109 ], [ 76.91698, 21.21551 ], [ 76.91479, 21.21278 ], [ 76.91176, 21.21084 ], [ 76.90888, 21.21119 ], [ 76.90327, 21.21458 ], [ 76.90065, 21.21463 ], [ 76.90214, 21.21137 ], [ 76.9008, 21.20773 ], [ 76.89063, 21.20424 ], [ 76.88448, 21.20441 ], [ 76.88025, 21.20185 ], [ 76.87562, 21.20151 ], [ 76.87998, 21.19743 ], [ 76.87827, 21.19598 ], [ 76.87826, 21.19149 ], [ 76.86109, 21.18962 ], [ 76.85453, 21.18783 ], [ 76.85052, 21.1895 ], [ 76.85133, 21.19029 ], [ 76.84863, 21.19178 ], [ 76.84794, 21.19338 ], [ 76.84247, 21.18915 ], [ 76.83582, 21.18758 ], [ 76.83455, 21.18631 ], [ 76.83119, 21.18531 ], [ 76.82593, 21.18516 ], [ 76.82005, 21.18651 ], [ 76.81538, 21.18657 ], [ 76.80218, 21.18386 ], [ 76.79132, 21.18286 ], [ 76.78983, 21.18205 ], [ 76.78994, 21.18554 ], [ 76.78193, 21.18642 ], [ 76.78131, 21.18734 ], [ 76.7755, 21.18603 ], [ 76.77111, 21.18253 ], [ 76.76995, 21.17954 ], [ 76.77013, 21.17512 ], [ 76.75831, 21.17449 ], [ 76.7543, 21.17874 ], [ 76.75573, 21.17882 ], [ 76.75647, 21.17986 ], [ 76.75585, 21.1822 ], [ 76.75301, 21.18431 ], [ 76.75208, 21.18617 ], [ 76.74702, 21.18615 ], [ 76.74399, 21.18458 ], [ 76.74057, 21.18687 ], [ 76.73757, 21.18536 ], [ 76.73568, 21.18614 ], [ 76.73424, 21.18134 ], [ 76.73068, 21.17788 ], [ 76.72864, 21.1729 ], [ 76.72373, 21.17252 ], [ 76.71556, 21.16982 ], [ 76.71514, 21.16264 ], [ 76.70809, 21.16193 ], [ 76.70327, 21.15932 ], [ 76.69835, 21.16075 ], [ 76.69345, 21.1564 ], [ 76.6945, 21.16099 ], [ 76.6974, 21.1668 ], [ 76.69512, 21.16857 ], [ 76.69446, 21.17028 ], [ 76.69319, 21.17023 ], [ 76.6881, 21.17863 ], [ 76.68609, 21.17725 ], [ 76.68314, 21.17933 ], [ 76.67257, 21.17587 ], [ 76.6676, 21.17315 ], [ 76.66294, 21.17223 ], [ 76.66068, 21.16997 ], [ 76.65999, 21.16812 ], [ 76.66046, 21.16219 ], [ 76.64878, 21.16915 ], [ 76.6381, 21.17184 ], [ 76.63756, 21.17369 ], [ 76.63845, 21.1763 ], [ 76.63553, 21.17879 ], [ 76.63458, 21.18179 ], [ 76.63513, 21.19136 ], [ 76.63214, 21.19518 ], [ 76.63561, 21.19843 ], [ 76.63742, 21.20304 ], [ 76.63446, 21.21115 ], [ 76.63447, 21.21567 ], [ 76.63597, 21.22262 ], [ 76.64156, 21.23569 ], [ 76.64925, 21.24327 ], [ 76.66109, 21.23965 ], [ 76.6622, 21.25315 ], [ 76.66205, 21.26777 ], [ 76.66284, 21.27969 ], [ 76.67594, 21.28197 ], [ 76.68667, 21.2883 ], [ 76.69124, 21.28647 ], [ 76.6933, 21.28699 ], [ 76.69708, 21.28435 ], [ 76.71548, 21.28399 ], [ 76.71798, 21.2849 ], [ 76.71885, 21.28663 ], [ 76.71799, 21.28918 ], [ 76.71994, 21.28927 ], [ 76.72049, 21.28765 ], [ 76.72396, 21.28876 ], [ 76.72233, 21.28601 ], [ 76.72624, 21.28296 ], [ 76.72634, 21.27909 ], [ 76.73134, 21.27745 ], [ 76.73383, 21.2748 ], [ 76.73609, 21.26217 ], [ 76.73805, 21.25983 ], [ 76.74076, 21.25962 ], [ 76.74239, 21.25819 ], [ 76.74423, 21.2533 ], [ 76.74692, 21.25348 ], [ 76.74832, 21.257 ], [ 76.75443, 21.26613 ], [ 76.75942, 21.2634 ], [ 76.76458, 21.25253 ], [ 76.76836, 21.25404 ], [ 76.77247, 21.25407 ], [ 76.77809, 21.25757 ], [ 76.78035, 21.258 ], [ 76.78106, 21.25618 ], [ 76.78415, 21.25735 ], [ 76.78443, 21.25673 ], [ 76.78683, 21.25662 ], [ 76.78872, 21.25752 ], [ 76.78739, 21.26063 ], [ 76.78522, 21.26262 ], [ 76.78445, 21.26633 ], [ 76.78277, 21.2668 ], [ 76.78104, 21.2713 ], [ 76.78472, 21.27042 ], [ 76.78773, 21.27114 ], [ 76.79473, 21.26851 ], [ 76.79639, 21.2688 ], [ 76.79784, 21.26709 ], [ 76.80007, 21.26612 ], [ 76.80571, 21.25954 ], [ 76.80732, 21.26527 ], [ 76.80869, 21.26646 ], [ 76.80964, 21.27089 ], [ 76.81508, 21.27464 ], [ 76.81395, 21.27876 ], [ 76.81221, 21.2808 ], [ 76.81264, 21.28508 ], [ 76.81321, 21.28539 ], [ 76.81736, 21.28304 ], [ 76.81934, 21.28326 ], [ 76.81858, 21.28052 ], [ 76.81909, 21.27795 ], [ 76.81964, 21.27768 ], [ 76.82264, 21.28069 ], [ 76.82382, 21.28015 ], [ 76.82409, 21.27759 ], [ 76.82555, 21.27635 ], [ 76.82651, 21.2824 ], [ 76.82829, 21.2849 ], [ 76.82786, 21.28636 ], [ 76.82562, 21.28799 ], [ 76.82325, 21.28842 ], [ 76.81811, 21.29156 ], [ 76.81658, 21.29324 ], [ 76.81639, 21.29481 ], [ 76.8135, 21.29638 ], [ 76.81267, 21.29831 ], [ 76.81402, 21.29812 ], [ 76.81575, 21.29914 ], [ 76.82461, 21.29925 ], [ 76.83612, 21.30218 ], [ 76.83836, 21.30151 ], [ 76.84183, 21.29684 ], [ 76.84328, 21.30048 ], [ 76.84338, 21.3081 ], [ 76.84255, 21.31109 ], [ 76.84347, 21.31282 ], [ 76.85396, 21.31123 ], [ 76.85489, 21.31009 ], [ 76.85639, 21.31004 ], [ 76.86554, 21.31412 ], [ 76.8673, 21.31238 ], [ 76.86779, 21.30625 ], [ 76.86921, 21.30457 ], [ 76.87264, 21.30371 ], [ 76.88106, 21.30536 ], [ 76.88656, 21.3038 ], [ 76.88945, 21.30515 ], [ 76.89232, 21.30109 ], [ 76.90205, 21.29804 ], [ 76.90366, 21.30078 ], [ 76.89739, 21.30478 ], [ 76.89932, 21.32131 ], [ 76.898, 21.32437 ], [ 76.91429, 21.32531 ], [ 76.91547, 21.32508 ], [ 76.91777, 21.32251 ], [ 76.9224, 21.32126 ], [ 76.92684, 21.32293 ], [ 76.92486, 21.32687 ], [ 76.91873, 21.32844 ], [ 76.91563, 21.3334 ], [ 76.91829, 21.34029 ], [ 76.91874, 21.34851 ], [ 76.91822, 21.35037 ], [ 76.91591, 21.35285 ], [ 76.9162, 21.35391 ], [ 76.91975, 21.35669 ], [ 76.92046, 21.36023 ], [ 76.92278, 21.35943 ], [ 76.93355, 21.36206 ], [ 76.94016, 21.36567 ], [ 76.94858, 21.37197 ], [ 76.95049, 21.3767 ], [ 76.95092, 21.38108 ], [ 76.94616, 21.38374 ], [ 76.94404, 21.38627 ], [ 76.94164, 21.38751 ], [ 76.93942, 21.38663 ], [ 76.93814, 21.38743 ], [ 76.93885, 21.3884 ], [ 76.94207, 21.3895 ], [ 76.9492, 21.38931 ], [ 76.94926, 21.3947 ], [ 76.9477, 21.39497 ], [ 76.9461, 21.39644 ], [ 76.94558, 21.39741 ], [ 76.9462, 21.40028 ], [ 76.94885, 21.40125 ], [ 76.95112, 21.40323 ], [ 76.95594, 21.40455 ], [ 76.96094, 21.40003 ], [ 76.96264, 21.39985 ], [ 76.96628, 21.40298 ], [ 76.96567, 21.40461 ], [ 76.96616, 21.40961 ], [ 76.96348, 21.41329 ], [ 76.96423, 21.4139 ], [ 76.97307, 21.41689 ], [ 76.97582, 21.41892 ], [ 76.97851, 21.41878 ], [ 76.98124, 21.41744 ], [ 76.98431, 21.41783 ], [ 76.98602, 21.41885 ], [ 76.98877, 21.42264 ], [ 76.99388, 21.42524 ], [ 76.99276, 21.43046 ], [ 76.99594, 21.43532 ], [ 76.9967, 21.43814 ], [ 76.99368, 21.44036 ], [ 76.99029, 21.44108 ], [ 76.98963, 21.4425 ], [ 76.99015, 21.44462 ], [ 76.99356, 21.44801 ], [ 76.99111, 21.44997 ], [ 76.98602, 21.45201 ], [ 76.98578, 21.45259 ], [ 76.98749, 21.45418 ], [ 76.9851, 21.45997 ], [ 76.98441, 21.46736 ], [ 76.99953, 21.48382 ], [ 77.00322, 21.48677 ], [ 77.01079, 21.49095 ], [ 77.01869, 21.49394 ], [ 77.02249, 21.50078 ], [ 77.02293, 21.50577 ], [ 77.02922, 21.5073 ], [ 77.03131, 21.50911 ], [ 77.03546, 21.50861 ], [ 77.04185, 21.51138 ], [ 77.04893, 21.50942 ], [ 77.05228, 21.50675 ], [ 77.05306, 21.50056 ], [ 77.05565, 21.49706 ], [ 77.05243, 21.49358 ], [ 77.05393, 21.49158 ], [ 77.05393, 21.49034 ], [ 77.05222, 21.48902 ], [ 77.05217, 21.48814 ], [ 77.05057, 21.48814 ], [ 77.05042, 21.48735 ], [ 77.05325, 21.48623 ], [ 77.05635, 21.48087 ], [ 77.06154, 21.47741 ], [ 77.06201, 21.47621 ], [ 77.06119, 21.47193 ], [ 77.06791, 21.47602 ], [ 77.07084, 21.47637 ], [ 77.07575, 21.47432 ], [ 77.08184, 21.4743 ], [ 77.08589, 21.47097 ], [ 77.0892, 21.47238 ], [ 77.09081, 21.47184 ], [ 77.09285, 21.47338 ], [ 77.09634, 21.47213 ], [ 77.10319, 21.47269 ], [ 77.10535, 21.46817 ], [ 77.10809, 21.4686 ], [ 77.10911, 21.47607 ], [ 77.11334, 21.48327 ], [ 77.11208, 21.48787 ], [ 77.11233, 21.493 ], [ 77.1105, 21.49663 ], [ 77.11419, 21.49817 ], [ 77.11581, 21.50028 ], [ 77.11641, 21.50948 ], [ 77.12113, 21.5199 ], [ 77.12109, 21.52383 ], [ 77.10925, 21.52812 ], [ 77.10293, 21.53216 ], [ 77.1019, 21.5357 ], [ 77.10201, 21.53866 ], [ 77.10689, 21.54409 ], [ 77.10662, 21.54656 ], [ 77.10535, 21.54794 ], [ 77.10242, 21.54901 ], [ 77.09207, 21.54988 ], [ 77.09142, 21.55085 ], [ 77.09111, 21.55819 ], [ 77.08805, 21.56046 ], [ 77.08271, 21.56198 ], [ 77.08027, 21.56561 ], [ 77.07936, 21.57835 ], [ 77.07744, 21.58193 ], [ 77.07565, 21.58296 ], [ 77.07219, 21.58288 ], [ 77.06759, 21.57684 ], [ 77.06371, 21.57543 ], [ 77.05704, 21.57545 ], [ 77.05043, 21.57711 ], [ 77.04892, 21.57822 ], [ 77.0503, 21.57932 ], [ 77.05106, 21.58148 ], [ 77.05541, 21.58173 ], [ 77.0582, 21.58274 ], [ 77.06015, 21.58526 ], [ 77.05982, 21.58676 ], [ 77.05761, 21.58907 ], [ 77.05761, 21.59017 ], [ 77.05956, 21.59251 ], [ 77.06316, 21.59414 ], [ 77.06543, 21.59687 ], [ 77.06952, 21.61578 ], [ 77.06931, 21.62365 ], [ 77.07424, 21.62717 ], [ 77.07714, 21.63216 ], [ 77.08122, 21.63688 ], [ 77.08693, 21.64787 ], [ 77.09084, 21.65767 ], [ 77.09726, 21.66623 ], [ 77.09869, 21.67078 ], [ 77.09592, 21.67433 ], [ 77.09395, 21.67897 ], [ 77.09429, 21.68242 ], [ 77.09294, 21.68848 ], [ 77.09824, 21.69028 ], [ 77.09887, 21.69271 ], [ 77.09952, 21.71712 ], [ 77.1084, 21.71828 ], [ 77.11753, 21.72132 ], [ 77.13137, 21.72194 ], [ 77.13956, 21.71951 ], [ 77.14741, 21.71279 ], [ 77.16562, 21.71096 ], [ 77.16809, 21.71172 ], [ 77.16977, 21.71401 ], [ 77.17028, 21.71708 ], [ 77.1693, 21.72051 ], [ 77.17059, 21.72284 ], [ 77.17367, 21.72543 ], [ 77.17631, 21.72568 ], [ 77.18136, 21.7232 ], [ 77.1867, 21.72278 ], [ 77.19144, 21.7207 ], [ 77.19173, 21.7141 ], [ 77.18822, 21.70179 ], [ 77.19189, 21.69974 ], [ 77.19851, 21.69792 ], [ 77.20398, 21.6922 ], [ 77.21063, 21.68968 ], [ 77.21304, 21.6949 ], [ 77.21543, 21.69393 ], [ 77.2191, 21.69395 ], [ 77.22114, 21.69631 ], [ 77.22578, 21.69749 ], [ 77.22764, 21.69891 ], [ 77.22808, 21.71004 ], [ 77.22739, 21.71637 ], [ 77.23167, 21.71602 ], [ 77.23273, 21.71488 ], [ 77.23557, 21.71609 ], [ 77.24315, 21.71471 ], [ 77.24537, 21.71607 ], [ 77.24978, 21.71399 ], [ 77.26073, 21.71266 ], [ 77.26248, 21.71334 ], [ 77.26462, 21.71901 ], [ 77.27028, 21.72768 ], [ 77.27249, 21.72801 ], [ 77.2791, 21.72377 ], [ 77.28738, 21.72202 ], [ 77.28979, 21.72674 ], [ 77.2912, 21.73224 ], [ 77.29756, 21.73333 ], [ 77.29794, 21.73694 ], [ 77.29538, 21.74031 ], [ 77.2953, 21.74237 ], [ 77.29742, 21.74408 ], [ 77.29908, 21.7433 ], [ 77.30247, 21.73942 ], [ 77.30899, 21.73681 ], [ 77.31376, 21.73249 ], [ 77.31502, 21.72698 ], [ 77.31649, 21.72585 ] ] ] } },
{ "type": "Feature", "properties": { "newname": "Radhanagari" }, "geometry": { "type": "Polygon", "coordinates": [ [ [ 73.97026, 16.4435 ], [ 73.98695, 16.45759 ], [ 73.98989, 16.45971 ], [ 73.99541, 16.46186 ], [ 73.99916, 16.46074 ], [ 74.00115, 16.45904 ], [ 74.00116, 16.45789 ], [ 74.00553, 16.45468 ], [ 74.00796, 16.44647 ], [ 74.01173, 16.44421 ], [ 74.01392, 16.44174 ], [ 74.02626, 16.4258 ], [ 74.02439, 16.40894 ], [ 74.02016, 16.39872 ], [ 74.01492, 16.38153 ], [ 74.01556, 16.37707 ], [ 74.01959, 16.37188 ], [ 74.02242, 16.36321 ], [ 74.02641, 16.36234 ], [ 74.0304, 16.36356 ], [ 74.03317, 16.36179 ], [ 74.0328, 16.34882 ], [ 74.03149, 16.33853 ], [ 74.03185, 16.33272 ], [ 74.03593, 16.31808 ], [ 74.03997, 16.312 ], [ 74.04138, 16.30799 ], [ 74.04317, 16.2916 ], [ 74.04613, 16.28536 ], [ 74.04808, 16.27161 ], [ 74.0489, 16.26476 ], [ 74.04786, 16.25893 ], [ 74.04227, 16.24742 ], [ 74.03912, 16.2383 ], [ 74.03899, 16.23362 ], [ 74.03611, 16.22883 ], [ 74.02332, 16.21637 ], [ 74.01797, 16.21261 ], [ 74.00925, 16.21061 ], [ 74.00096, 16.21204 ], [ 73.99424, 16.20887 ], [ 73.98936, 16.20451 ], [ 73.98711, 16.19958 ], [ 73.98267, 16.19701 ], [ 73.96489, 16.19689 ], [ 73.96175, 16.20626 ], [ 73.95584, 16.20994 ], [ 73.95062, 16.2108 ], [ 73.94143, 16.21014 ], [ 73.93291, 16.20114 ], [ 73.92556, 16.1999 ], [ 73.92341, 16.20063 ], [ 73.92553, 16.20332 ], [ 73.92673, 16.2075 ], [ 73.92757, 16.21779 ], [ 73.93076, 16.22109 ], [ 73.93397, 16.2229 ], [ 73.93563, 16.22679 ], [ 73.94155, 16.23473 ], [ 73.9426, 16.23771 ], [ 73.94106, 16.23949 ], [ 73.93584, 16.2396 ], [ 73.92468, 16.23401 ], [ 73.91597, 16.23097 ], [ 73.91214, 16.2302 ], [ 73.9043, 16.23208 ], [ 73.89177, 16.22648 ], [ 73.88915, 16.22765 ], [ 73.8951, 16.23291 ], [ 73.9113, 16.23973 ], [ 73.91602, 16.24319 ], [ 73.9154, 16.24512 ], [ 73.90601, 16.25012 ], [ 73.9066, 16.25191 ], [ 73.90842, 16.25356 ], [ 73.90658, 16.25519 ], [ 73.8969, 16.25676 ], [ 73.89114, 16.26789 ], [ 73.88088, 16.27785 ], [ 73.88924, 16.2879 ], [ 73.88962, 16.29848 ], [ 73.90214, 16.30557 ], [ 73.90253, 16.31347 ], [ 73.90173, 16.31948 ], [ 73.9026, 16.325 ], [ 73.90135, 16.32812 ], [ 73.89613, 16.32852 ], [ 73.88715, 16.32056 ], [ 73.88635, 16.32324 ], [ 73.8868, 16.32503 ], [ 73.86607, 16.30893 ], [ 73.86361, 16.30832 ], [ 73.85928, 16.31305 ], [ 73.85683, 16.31319 ], [ 73.85453, 16.31153 ], [ 73.84743, 16.29837 ], [ 73.84574, 16.29865 ], [ 73.84704, 16.30879 ], [ 73.84593, 16.31296 ], [ 73.84023, 16.31574 ], [ 73.84159, 16.31829 ], [ 73.84786, 16.32072 ], [ 73.84861, 16.3237 ], [ 73.84267, 16.33602 ], [ 73.83601, 16.34535 ], [ 73.83691, 16.34789 ], [ 73.83889, 16.34895 ], [ 73.84086, 16.35209 ], [ 73.84545, 16.35377 ], [ 73.85418, 16.35502 ], [ 73.85631, 16.35817 ], [ 73.85506, 16.36164 ], [ 73.85702, 16.36523 ], [ 73.86146, 16.36616 ], [ 73.86391, 16.36766 ], [ 73.8637, 16.37407 ], [ 73.86119, 16.38075 ], [ 73.85639, 16.38548 ], [ 73.8484, 16.38825 ], [ 73.84115, 16.39222 ], [ 73.83881, 16.39637 ], [ 73.838, 16.40173 ], [ 73.84118, 16.40717 ], [ 73.84774, 16.41228 ], [ 73.85198, 16.41872 ], [ 73.86055, 16.42221 ], [ 73.86663, 16.42911 ], [ 73.86827, 16.43643 ], [ 73.87132, 16.43928 ], [ 73.87791, 16.44067 ], [ 73.87849, 16.44366 ], [ 73.88628, 16.44899 ], [ 73.88803, 16.46136 ], [ 73.88641, 16.47148 ], [ 73.8842, 16.47862 ], [ 73.88557, 16.48176 ], [ 73.88741, 16.48133 ], [ 73.8896, 16.47643 ], [ 73.89606, 16.47409 ], [ 73.90065, 16.47592 ], [ 73.91093, 16.47809 ], [ 73.91309, 16.47691 ], [ 73.91283, 16.47065 ], [ 73.91593, 16.46651 ], [ 73.91553, 16.45905 ], [ 73.91797, 16.46071 ], [ 73.9207, 16.46505 ], [ 73.92342, 16.47193 ], [ 73.92616, 16.47493 ], [ 73.92906, 16.476 ], [ 73.93306, 16.47499 ], [ 73.92628, 16.45839 ], [ 73.91476, 16.44027 ], [ 73.90607, 16.43007 ], [ 73.9035, 16.42573 ], [ 73.90414, 16.42261 ], [ 73.91684, 16.42807 ], [ 73.92775, 16.42696 ], [ 73.93571, 16.42896 ], [ 73.93862, 16.43048 ], [ 73.94307, 16.43081 ], [ 73.95077, 16.42912 ], [ 73.97026, 16.4435 ] ] ] } },
{ "type": "Feature", "properties": { "newname": "Sharavathi Valley LTM" }, "geometry": { "type": "Polygon", "coordinates": [ [ [ 74.77974, 14.18549 ], [ 74.77955, 14.18207 ], [ 74.77731, 14.18166 ], [ 74.77561, 14.18439 ], [ 74.77974, 14.18549 ] ] ] } },
{ "type": "Feature", "properties": { "newname": "Dandeli" }, "geometry": { "type": "Polygon", "coordinates": [ [ [ 74.36609, 15.28155 ], [ 74.36629, 15.27778 ], [ 74.35991, 15.27023 ], [ 74.35818, 15.26476 ], [ 74.35781, 15.25892 ], [ 74.35997, 15.2512 ], [ 74.35959, 15.24969 ], [ 74.35241, 15.24797 ], [ 74.34775, 15.24815 ], [ 74.3464, 15.24532 ], [ 74.33962, 15.24341 ], [ 74.33769, 15.23983 ], [ 74.34061, 15.23645 ], [ 74.34254, 15.23909 ], [ 74.34758, 15.24099 ], [ 74.35573, 15.24177 ], [ 74.35807, 15.23838 ], [ 74.36059, 15.23971 ], [ 74.37083, 15.25481 ], [ 74.37393, 15.255 ], [ 74.37761, 15.25841 ], [ 74.37779, 15.26104 ], [ 74.37642, 15.26481 ], [ 74.37894, 15.26726 ], [ 74.38321, 15.26841 ], [ 74.3832, 15.27086 ], [ 74.3863, 15.27237 ], [ 74.38883, 15.26974 ], [ 74.39582, 15.26919 ], [ 74.39796, 15.26581 ], [ 74.39875, 15.26223 ], [ 74.40399, 15.26149 ], [ 74.40574, 15.26037 ], [ 74.4108, 15.25435 ], [ 74.41159, 15.25134 ], [ 74.41393, 15.24777 ], [ 74.41395, 15.23797 ], [ 74.41552, 15.23176 ], [ 74.40586, 15.21854 ], [ 74.4047, 15.21496 ], [ 74.4053, 15.21063 ], [ 74.40396, 15.20422 ], [ 74.39894, 15.19516 ], [ 74.39973, 15.19064 ], [ 74.40148, 15.18726 ], [ 74.40498, 15.18538 ], [ 74.40984, 15.18087 ], [ 74.40946, 15.17842 ], [ 74.4052, 15.17465 ], [ 74.4023, 15.1737 ], [ 74.39182, 15.17536 ], [ 74.39144, 15.17216 ], [ 74.39476, 15.16331 ], [ 74.39379, 15.1593 ], [ 74.39537, 15.15725 ], [ 74.39785, 15.1562 ], [ 74.39969, 15.15124 ], [ 74.40188, 15.15059 ], [ 74.40242, 15.14288 ], [ 74.40964, 15.13381 ], [ 74.41285, 15.12844 ], [ 74.41626, 15.12565 ], [ 74.41627, 15.12424 ], [ 74.41251, 15.11906 ], [ 74.41252, 15.11806 ], [ 74.42911, 15.11787 ], [ 74.43061, 15.12677 ], [ 74.4474, 15.12326 ], [ 74.45539, 15.12424 ], [ 74.45564, 15.11976 ], [ 74.4584, 15.11754 ], [ 74.46019, 15.11333 ], [ 74.47438, 15.11349 ], [ 74.47799, 15.11538 ], [ 74.4813, 15.11844 ], [ 74.48716, 15.12845 ], [ 74.48937, 15.12897 ], [ 74.49493, 15.134 ], [ 74.49558, 15.13757 ], [ 74.50752, 15.12194 ], [ 74.50987, 15.12196 ], [ 74.51788, 15.12493 ], [ 74.52248, 15.12235 ], [ 74.52399, 15.12008 ], [ 74.52744, 15.11766 ], [ 74.5321, 15.11753 ], [ 74.53195, 15.12052 ], [ 74.52944, 15.12418 ], [ 74.53153, 15.12427 ], [ 74.53335, 15.12839 ], [ 74.53544, 15.12971 ], [ 74.53468, 15.13527 ], [ 74.53736, 15.13579 ], [ 74.53861, 15.13703 ], [ 74.54118, 15.13716 ], [ 74.54404, 15.14014 ], [ 74.54712, 15.14001 ], [ 74.54814, 15.14589 ], [ 74.54737, 15.14828 ], [ 74.5497, 15.14894 ], [ 74.54956, 15.15127 ], [ 74.55152, 15.15305 ], [ 74.55212, 15.15569 ], [ 74.55888, 15.14662 ], [ 74.55923, 15.14471 ], [ 74.55842, 15.14262 ], [ 74.55141, 15.13809 ], [ 74.55125, 15.137 ], [ 74.55335, 15.13332 ], [ 74.55151, 15.13194 ], [ 74.55142, 15.12918 ], [ 74.55449, 15.1288 ], [ 74.55497, 15.12529 ], [ 74.55721, 15.12435 ], [ 74.55832, 15.1205 ], [ 74.56109, 15.11936 ], [ 74.56283, 15.11478 ], [ 74.56738, 15.11103 ], [ 74.56984, 15.11143 ], [ 74.57396, 15.10415 ], [ 74.57503, 15.10043 ], [ 74.5805, 15.09674 ], [ 74.57781, 15.09457 ], [ 74.57238, 15.09409 ], [ 74.57216, 15.09263 ], [ 74.57549, 15.08788 ], [ 74.57955, 15.08545 ], [ 74.5807, 15.081 ], [ 74.58211, 15.0793 ], [ 74.58524, 15.07892 ], [ 74.59099, 15.08029 ], [ 74.60019, 15.07497 ], [ 74.60293, 15.07655 ], [ 74.60613, 15.08099 ], [ 74.60717, 15.08098 ], [ 74.6093, 15.0785 ], [ 74.61057, 15.07858 ], [ 74.60743, 15.0897 ], [ 74.60798, 15.101 ], [ 74.60471, 15.10637 ], [ 74.63051, 15.1058 ], [ 74.63128, 15.1085 ], [ 74.63643, 15.10893 ], [ 74.63888, 15.11014 ], [ 74.63847, 15.11564 ], [ 74.63369, 15.12742 ], [ 74.63476, 15.13254 ], [ 74.61112, 15.13232 ], [ 74.60862, 15.13773 ], [ 74.6082, 15.14179 ], [ 74.60679, 15.14362 ], [ 74.60466, 15.15092 ], [ 74.60531, 15.15341 ], [ 74.60714, 15.15446 ], [ 74.60979, 15.15789 ], [ 74.60996, 15.15965 ], [ 74.61483, 15.15896 ], [ 74.61909, 15.15956 ], [ 74.62084, 15.16099 ], [ 74.62048, 15.16472 ], [ 74.62149, 15.16539 ], [ 74.62524, 15.16454 ], [ 74.62897, 15.1664 ], [ 74.63317, 15.16659 ], [ 74.63553, 15.16547 ], [ 74.64026, 15.16594 ], [ 74.63803, 15.16062 ], [ 74.6409, 15.15819 ], [ 74.64215, 15.156 ], [ 74.64361, 15.15104 ], [ 74.64499, 15.14929 ], [ 74.64609, 15.14381 ], [ 74.67131, 15.14372 ], [ 74.69059, 15.1361 ], [ 74.69033, 15.14633 ], [ 74.69706, 15.14874 ], [ 74.70096, 15.15395 ], [ 74.70099, 15.15806 ], [ 74.70604, 15.15854 ], [ 74.71168, 15.16567 ], [ 74.71773, 15.16601 ], [ 74.72111, 15.16397 ], [ 74.72197, 15.16195 ], [ 74.72108, 15.15922 ], [ 74.72081, 15.15163 ], [ 74.71696, 15.1449 ], [ 74.7232, 15.1292 ], [ 74.7276, 15.12448 ], [ 74.72728, 15.11531 ], [ 74.7293, 15.10786 ], [ 74.72697, 15.09747 ], [ 74.7275, 15.09621 ], [ 74.73228, 15.09296 ], [ 74.73321, 15.08801 ], [ 74.73197, 15.08668 ], [ 74.73154, 15.08298 ], [ 74.73006, 15.08244 ], [ 74.72552, 15.08311 ], [ 74.72182, 15.07941 ], [ 74.71871, 15.07971 ], [ 74.7108, 15.0888 ], [ 74.70767, 15.0975 ], [ 74.70569, 15.09911 ], [ 74.70463, 15.10331 ], [ 74.70273, 15.10415 ], [ 74.6988, 15.10421 ], [ 74.69663, 15.10269 ], [ 74.69357, 15.09636 ], [ 74.68836, 15.09638 ], [ 74.68505, 15.09219 ], [ 74.68371, 15.09165 ], [ 74.67998, 15.09256 ], [ 74.67722, 15.09703 ], [ 74.67129, 15.09747 ], [ 74.667, 15.09536 ], [ 74.66539, 15.09399 ], [ 74.66473, 15.08503 ], [ 74.66094, 15.081 ], [ 74.65733, 15.08043 ], [ 74.65295, 15.07769 ], [ 74.65021, 15.07694 ], [ 74.64483, 15.07743 ], [ 74.64105, 15.08219 ], [ 74.63769, 15.08259 ], [ 74.63473, 15.07667 ], [ 74.62022, 15.06577 ], [ 74.60612, 15.0644 ], [ 74.60334, 15.06063 ], [ 74.60183, 15.05402 ], [ 74.60175, 15.04412 ], [ 74.6009, 15.04067 ], [ 74.60212, 15.03445 ], [ 74.60163, 15.02704 ], [ 74.5994, 15.02413 ], [ 74.59227, 15.02184 ], [ 74.58005, 15.01331 ], [ 74.57914, 15.00945 ], [ 74.58506, 15.0013 ], [ 74.5847, 14.99559 ], [ 74.58296, 14.9935 ], [ 74.57447, 14.98813 ], [ 74.57307, 14.98647 ], [ 74.57149, 14.98175 ], [ 74.5664, 14.97687 ], [ 74.56642, 14.97437 ], [ 74.56818, 14.97073 ], [ 74.56847, 14.95425 ], [ 74.56778, 14.95058 ], [ 74.56618, 14.94761 ], [ 74.56404, 14.94632 ], [ 74.55502, 14.94481 ], [ 74.54682, 14.94158 ], [ 74.5435, 14.93721 ], [ 74.54268, 14.93488 ], [ 74.54192, 14.9235 ], [ 74.54021, 14.92029 ], [ 74.53797, 14.91878 ], [ 74.53307, 14.91846 ], [ 74.52077, 14.92321 ], [ 74.51558, 14.92291 ], [ 74.50922, 14.92011 ], [ 74.50034, 14.91906 ], [ 74.49768, 14.92067 ], [ 74.4976, 14.91929 ], [ 74.49373, 14.91566 ], [ 74.49374, 14.91129 ], [ 74.49251, 14.90737 ], [ 74.49004, 14.90465 ], [ 74.48663, 14.90419 ], [ 74.48477, 14.90313 ], [ 74.47936, 14.89799 ], [ 74.471, 14.8921 ], [ 74.46666, 14.89224 ], [ 74.46481, 14.89148 ], [ 74.46373, 14.88771 ], [ 74.45847, 14.88483 ], [ 74.4535, 14.88678 ], [ 74.44884, 14.89039 ], [ 74.44605, 14.89053 ], [ 74.4445, 14.89158 ], [ 74.44309, 14.89746 ], [ 74.44045, 14.89835 ], [ 74.43768, 14.89398 ], [ 74.43738, 14.88885 ], [ 74.4363, 14.88659 ], [ 74.4298, 14.88326 ], [ 74.4247, 14.87737 ], [ 74.41975, 14.87585 ], [ 74.41091, 14.87884 ], [ 74.4078, 14.88079 ], [ 74.405, 14.8841 ], [ 74.40313, 14.88937 ], [ 74.40049, 14.89011 ], [ 74.4005, 14.88635 ], [ 74.39958, 14.88499 ], [ 74.39602, 14.88317 ], [ 74.39385, 14.88347 ], [ 74.37816, 14.89367 ], [ 74.37459, 14.89803 ], [ 74.3752, 14.9018 ], [ 74.37812, 14.90935 ], [ 74.37718, 14.91206 ], [ 74.37378, 14.91024 ], [ 74.37114, 14.90993 ], [ 74.36169, 14.91051 ], [ 74.35658, 14.90733 ], [ 74.35656, 14.91381 ], [ 74.35857, 14.91713 ], [ 74.35593, 14.91803 ], [ 74.3516, 14.9147 ], [ 74.34742, 14.91333 ], [ 74.34338, 14.91468 ], [ 74.34229, 14.91633 ], [ 74.34151, 14.92025 ], [ 74.33684, 14.92581 ], [ 74.33482, 14.92701 ], [ 74.32924, 14.92714 ], [ 74.32085, 14.93375 ], [ 74.31852, 14.93646 ], [ 74.31448, 14.93675 ], [ 74.3154, 14.94052 ], [ 74.314, 14.94292 ], [ 74.31361, 14.94594 ], [ 74.31151, 14.94287 ], [ 74.31306, 14.93667 ], [ 74.31124, 14.93649 ], [ 74.30769, 14.93994 ], [ 74.29548, 14.94232 ], [ 74.28679, 14.947 ], [ 74.28372, 14.94641 ], [ 74.2768, 14.94933 ], [ 74.27315, 14.94857 ], [ 74.2713, 14.95082 ], [ 74.26645, 14.95344 ], [ 74.26577, 14.9548 ], [ 74.25429, 14.95671 ], [ 74.2531, 14.95779 ], [ 74.25467, 14.96014 ], [ 74.25423, 14.9633 ], [ 74.25542, 14.96856 ], [ 74.25638, 14.96937 ], [ 74.25985, 14.96893 ], [ 74.26145, 14.97541 ], [ 74.26517, 14.97739 ], [ 74.25856, 14.98716 ], [ 74.25564, 14.98854 ], [ 74.25284, 14.99188 ], [ 74.25445, 14.99674 ], [ 74.25983, 14.99921 ], [ 74.26322, 14.99924 ], [ 74.26861, 15.00084 ], [ 74.26738, 15.00587 ], [ 74.26999, 15.00805 ], [ 74.27286, 15.01279 ], [ 74.28433, 15.02251 ], [ 74.28425, 15.03032 ], [ 74.28576, 15.03275 ], [ 74.28905, 15.03571 ], [ 74.29367, 15.03767 ], [ 74.29718, 15.04019 ], [ 74.29551, 15.04825 ], [ 74.29356, 15.04938 ], [ 74.2911, 15.05272 ], [ 74.29086, 15.06368 ], [ 74.28689, 15.06513 ], [ 74.28475, 15.06504 ], [ 74.28181, 15.06757 ], [ 74.28059, 15.08619 ], [ 74.27938, 15.08908 ], [ 74.27968, 15.09473 ], [ 74.2769, 15.09491 ], [ 74.27356, 15.09669 ], [ 74.27531, 15.10216 ], [ 74.27729, 15.1044 ], [ 74.28062, 15.10416 ], [ 74.28331, 15.1056 ], [ 74.28353, 15.11199 ], [ 74.28489, 15.11469 ], [ 74.28499, 15.11833 ], [ 74.2876, 15.12024 ], [ 74.28555, 15.12513 ], [ 74.2858, 15.12782 ], [ 74.28398, 15.12982 ], [ 74.28588, 15.13368 ], [ 74.28612, 15.13765 ], [ 74.28432, 15.14409 ], [ 74.28563, 15.14444 ], [ 74.28615, 15.14801 ], [ 74.28934, 15.14858 ], [ 74.2915, 15.14658 ], [ 74.29646, 15.14999 ], [ 74.30337, 15.15907 ], [ 74.31435, 15.17828 ], [ 74.31763, 15.18206 ], [ 74.31594, 15.18532 ], [ 74.31245, 15.18587 ], [ 74.31089, 15.187 ], [ 74.30716, 15.19904 ], [ 74.30716, 15.20149 ], [ 74.30268, 15.20638 ], [ 74.30091, 15.21221 ], [ 74.29742, 15.21352 ], [ 74.29566, 15.21653 ], [ 74.29408, 15.22406 ], [ 74.28767, 15.22781 ], [ 74.27738, 15.22985 ], [ 74.27193, 15.23266 ], [ 74.25485, 15.23411 ], [ 74.2531, 15.23693 ], [ 74.24629, 15.24274 ], [ 74.24451, 15.25084 ], [ 74.24562, 15.26591 ], [ 74.24678, 15.26686 ], [ 74.25398, 15.26085 ], [ 74.25612, 15.25992 ], [ 74.25845, 15.26012 ], [ 74.26155, 15.26182 ], [ 74.26329, 15.26446 ], [ 74.26366, 15.26729 ], [ 74.27099, 15.28031 ], [ 74.27468, 15.28202 ], [ 74.27953, 15.28034 ], [ 74.28108, 15.28072 ], [ 74.28321, 15.2828 ], [ 74.28554, 15.28338 ], [ 74.28962, 15.28264 ], [ 74.29214, 15.28359 ], [ 74.2929, 15.28641 ], [ 74.29504, 15.2868 ], [ 74.30223, 15.28381 ], [ 74.31989, 15.28424 ], [ 74.32222, 15.28349 ], [ 74.32726, 15.28633 ], [ 74.32957, 15.29124 ], [ 74.3317, 15.29275 ], [ 74.33345, 15.29294 ], [ 74.33636, 15.2922 ], [ 74.34839, 15.29223 ], [ 74.35481, 15.28999 ], [ 74.36609, 15.28155 ] ] ] } },
{ "type": "Feature", "properties": { "newname": "Dandeli" }, "geometry": { "type": "Polygon", "coordinates": [ [ [ 74.5813, 14.6051 ], [ 74.58645, 14.60394 ], [ 74.59096, 14.60093 ], [ 74.6134, 14.5712 ], [ 74.62302, 14.56289 ], [ 74.6252, 14.56003 ], [ 74.62697, 14.55408 ], [ 74.62681, 14.53996 ], [ 74.63445, 14.5146 ], [ 74.67389, 14.4656 ], [ 74.68332, 14.43142 ], [ 74.68281, 14.427 ], [ 74.67533, 14.40478 ], [ 74.66671, 14.38491 ], [ 74.64896, 14.35635 ], [ 74.63577, 14.3441 ], [ 74.63035, 14.34064 ], [ 74.63146, 14.33893 ], [ 74.64046, 14.33534 ], [ 74.65344, 14.32568 ], [ 74.66845, 14.30977 ], [ 74.67069, 14.30306 ], [ 74.66948, 14.29677 ], [ 74.67487, 14.28794 ], [ 74.67555, 14.28355 ], [ 74.67463, 14.27723 ], [ 74.67785, 14.27101 ], [ 74.67884, 14.26608 ], [ 74.67877, 14.25593 ], [ 74.67261, 14.22954 ], [ 74.67572, 14.2159 ], [ 74.67024, 14.1795 ], [ 74.66582, 14.18305 ], [ 74.65121, 14.16899 ], [ 74.63227, 14.16311 ], [ 74.63223, 14.16722 ], [ 74.63322, 14.17065 ], [ 74.64342, 14.18797 ], [ 74.64752, 14.21532 ], [ 74.64448, 14.22688 ], [ 74.64428, 14.23043 ], [ 74.65095, 14.25934 ], [ 74.65092, 14.26259 ], [ 74.64633, 14.27252 ], [ 74.64688, 14.28068 ], [ 74.63997, 14.29174 ], [ 74.63931, 14.29524 ], [ 74.63975, 14.29943 ], [ 74.63488, 14.30518 ], [ 74.6258, 14.31196 ], [ 74.61534, 14.31633 ], [ 74.6055, 14.32474 ], [ 74.60266, 14.32821 ], [ 74.60089, 14.33416 ], [ 74.60216, 14.3406 ], [ 74.60153, 14.34781 ], [ 74.60301, 14.35293 ], [ 74.60571, 14.35651 ], [ 74.60992, 14.36032 ], [ 74.61813, 14.36534 ], [ 74.62698, 14.37344 ], [ 74.64216, 14.39806 ], [ 74.64901, 14.41409 ], [ 74.65475, 14.43113 ], [ 74.64892, 14.45261 ], [ 74.62973, 14.47561 ], [ 74.6091, 14.50247 ], [ 74.59921, 14.53473 ], [ 74.59889, 14.54728 ], [ 74.59233, 14.55309 ], [ 74.57949, 14.57017 ], [ 74.57538, 14.56769 ], [ 74.57, 14.56671 ], [ 74.56551, 14.56749 ], [ 74.56081, 14.57021 ], [ 74.55754, 14.57448 ], [ 74.55596, 14.58064 ], [ 74.55024, 14.5814 ], [ 74.54599, 14.58302 ], [ 74.52977, 14.59642 ], [ 74.51783, 14.61526 ], [ 74.51405, 14.64395 ], [ 74.51742, 14.69034 ], [ 74.51679, 14.70107 ], [ 74.52097, 14.72428 ], [ 74.52203, 14.78657 ], [ 74.51887, 14.80595 ], [ 74.5001, 14.84016 ], [ 74.49897, 14.84355 ], [ 74.49821, 14.85045 ], [ 74.49934, 14.85566 ], [ 74.51513, 14.88702 ], [ 74.50145, 14.88515 ], [ 74.49526, 14.88663 ], [ 74.48985, 14.89136 ], [ 74.48557, 14.90126 ], [ 74.48731, 14.90428 ], [ 74.49004, 14.90465 ], [ 74.49251, 14.90737 ], [ 74.49374, 14.91129 ], [ 74.49373, 14.91519 ], [ 74.4967, 14.91816 ], [ 74.49971, 14.91948 ], [ 74.50922, 14.92011 ], [ 74.51558, 14.92291 ], [ 74.51987, 14.92323 ], [ 74.51797, 14.91496 ], [ 74.53394, 14.91434 ], [ 74.53911, 14.91257 ], [ 74.54199, 14.91036 ], [ 74.54461, 14.90671 ], [ 74.54724, 14.89725 ], [ 74.54758, 14.89303 ], [ 74.5465, 14.88876 ], [ 74.5272, 14.84875 ], [ 74.54539, 14.81543 ], [ 74.55001, 14.78914 ], [ 74.54896, 14.7219 ], [ 74.54488, 14.69928 ], [ 74.54546, 14.68937 ], [ 74.54214, 14.64414 ], [ 74.54469, 14.62415 ], [ 74.55058, 14.61492 ], [ 74.55399, 14.61206 ], [ 74.56404, 14.68433 ], [ 74.57768, 14.7634 ], [ 74.58264, 14.83093 ], [ 74.56211, 14.90227 ], [ 74.55776, 14.93283 ], [ 74.55924, 14.93796 ], [ 74.56415, 14.94639 ], [ 74.56672, 14.94831 ], [ 74.56841, 14.95372 ], [ 74.56724, 14.95973 ], [ 74.56773, 14.96511 ], [ 74.56715, 14.97043 ], [ 74.56534, 14.97921 ], [ 74.56779, 14.97995 ], [ 74.57061, 14.98229 ], [ 74.58212, 15.00091 ], [ 74.58419, 15.00174 ], [ 74.5961, 14.95039 ], [ 74.59497, 14.94542 ], [ 74.58644, 14.92858 ], [ 74.58949, 14.90848 ], [ 74.61084, 14.83304 ], [ 74.60551, 14.75982 ], [ 74.59178, 14.68033 ], [ 74.5813, 14.6051 ] ] ] } },
{ "type": "Feature", "properties": { "newname": "Madei" }, "geometry": { "type": "Polygon", "coordinates": [ [ [ 74.18699, 15.67464 ], [ 74.18617, 15.67931 ], [ 74.18872, 15.67408 ], [ 74.18905, 15.67335 ], [ 74.18699, 15.67464 ] ] ] } },
{ "type": "Feature", "properties": { "newname": "Radhanagari" }, "geometry": { "type": "Polygon", "coordinates": [ [ [ 73.96489, 16.19689 ], [ 73.98028, 16.19711 ], [ 73.93402, 16.14914 ], [ 73.90903, 16.12915 ], [ 73.90494, 16.12708 ], [ 73.86903, 16.11617 ], [ 73.86878, 16.09575 ], [ 73.94647, 16.09856 ], [ 74.00018, 16.09136 ], [ 74.00617, 16.08912 ], [ 74.01053, 16.08454 ], [ 74.01234, 16.07857 ], [ 74.01157, 16.07328 ], [ 74.00744, 16.06742 ], [ 73.94456, 16.01624 ], [ 73.89118, 15.99762 ], [ 73.88183, 15.98614 ], [ 73.89952, 15.96616 ], [ 73.92551, 15.97608 ], [ 73.94734, 15.97419 ], [ 73.95166, 15.97645 ], [ 73.95622, 15.97714 ], [ 73.95988, 15.97664 ], [ 73.96406, 15.97477 ], [ 73.9674, 15.97169 ], [ 73.97107, 15.96599 ], [ 73.98501, 15.93725 ], [ 73.9967, 15.92959 ], [ 74.00072, 15.92366 ], [ 74.00129, 15.91747 ], [ 73.99705, 15.90254 ], [ 73.9984, 15.89068 ], [ 74.00399, 15.86535 ], [ 74.00401, 15.86038 ], [ 74.0155, 15.8641 ], [ 74.02009, 15.86362 ], [ 74.02427, 15.86175 ], [ 74.0338, 15.85445 ], [ 74.05796, 15.83836 ], [ 74.07888, 15.8198 ], [ 74.10483, 15.8027 ], [ 74.10795, 15.79941 ], [ 74.11204, 15.79232 ], [ 74.1233, 15.78901 ], [ 74.16186, 15.79291 ], [ 74.16718, 15.79148 ], [ 74.17152, 15.78818 ], [ 74.17391, 15.78437 ], [ 74.18085, 15.76447 ], [ 74.18155, 15.75907 ], [ 74.1805, 15.75483 ], [ 74.16462, 15.718 ], [ 74.1665, 15.704 ], [ 74.17974, 15.69168 ], [ 74.17699, 15.6906 ], [ 74.17616, 15.68521 ], [ 74.1749, 15.68407 ], [ 74.17076, 15.6831 ], [ 74.16573, 15.6796 ], [ 74.16442, 15.67578 ], [ 74.16406, 15.66502 ], [ 74.16282, 15.66312 ], [ 74.157, 15.67506 ], [ 74.14335, 15.68754 ], [ 74.14039, 15.6916 ], [ 74.13911, 15.69576 ], [ 74.13609, 15.71823 ], [ 74.13678, 15.7244 ], [ 74.15237, 15.76062 ], [ 74.15104, 15.76445 ], [ 74.12092, 15.76145 ], [ 74.09608, 15.76862 ], [ 74.09116, 15.7726 ], [ 74.08538, 15.78243 ], [ 74.06137, 15.79826 ], [ 74.04042, 15.81684 ], [ 74.01396, 15.83474 ], [ 73.99268, 15.82667 ], [ 73.98627, 15.82693 ], [ 73.98134, 15.82933 ], [ 73.97731, 15.83417 ], [ 73.97021, 15.84852 ], [ 73.96928, 15.85198 ], [ 73.9703, 15.85899 ], [ 73.97496, 15.86585 ], [ 73.97052, 15.88594 ], [ 73.96863, 15.90222 ], [ 73.96884, 15.90649 ], [ 73.97085, 15.91348 ], [ 73.96527, 15.91711 ], [ 73.96215, 15.92039 ], [ 73.94889, 15.94649 ], [ 73.92934, 15.94851 ], [ 73.89991, 15.93669 ], [ 73.89536, 15.936 ], [ 73.89081, 15.93676 ], [ 73.88476, 15.94074 ], [ 73.85276, 15.97687 ], [ 73.85007, 15.98148 ], [ 73.84949, 15.98767 ], [ 73.8513, 15.99272 ], [ 73.87407, 16.02015 ], [ 73.87789, 16.02213 ], [ 73.92964, 16.03978 ], [ 73.96485, 16.06851 ], [ 73.94562, 16.07114 ], [ 73.85498, 16.06783 ], [ 73.84808, 16.06928 ], [ 73.8426, 16.074 ], [ 73.8403, 16.08073 ], [ 73.84082, 16.12642 ], [ 73.84233, 16.13241 ], [ 73.84572, 16.13662 ], [ 73.84966, 16.13895 ], [ 73.8936, 16.15235 ], [ 73.91434, 16.1689 ], [ 73.95416, 16.21022 ], [ 73.95584, 16.20994 ], [ 73.96175, 16.20626 ], [ 73.96489, 16.19689 ] ] ] } },
{ "type": "Feature", "properties": { "newname": "Radhanagari" }, "geometry": { "type": "Polygon", "coordinates": [ [ [ 73.80443, 17.06158 ], [ 73.81301, 17.06335 ], [ 73.81828, 17.04946 ], [ 73.82735, 17.03904 ], [ 73.82574, 17.03653 ], [ 73.8306, 17.02821 ], [ 73.83227, 17.0198 ], [ 73.82915, 17.01522 ], [ 73.82829, 17.01074 ], [ 73.83387, 17.00265 ], [ 73.83033, 16.99712 ], [ 73.82391, 16.99362 ], [ 73.80357, 16.99022 ], [ 73.79803, 16.9918 ], [ 73.79445, 16.99137 ], [ 73.78682, 16.99219 ], [ 73.78464, 16.98964 ], [ 73.78325, 16.98945 ], [ 73.7846, 16.98507 ], [ 73.77751, 16.97438 ], [ 73.7767, 16.97182 ], [ 73.77769, 16.9692 ], [ 73.77991, 16.97104 ], [ 73.78, 16.96839 ], [ 73.79579, 16.9484 ], [ 73.80899, 16.92422 ], [ 73.81001, 16.91986 ], [ 73.80924, 16.91455 ], [ 73.80643, 16.90994 ], [ 73.80281, 16.90713 ], [ 73.75392, 16.8864 ], [ 73.75706, 16.88186 ], [ 73.7581, 16.8766 ], [ 73.75598, 16.85334 ], [ 73.7546, 16.84907 ], [ 73.7497, 16.84376 ], [ 73.72758, 16.83274 ], [ 73.72623, 16.83034 ], [ 73.74022, 16.81972 ], [ 73.75828, 16.8004 ], [ 73.7786, 16.78218 ], [ 73.79457, 16.78276 ], [ 73.79915, 16.782 ], [ 73.84927, 16.76438 ], [ 73.85365, 16.76109 ], [ 73.85639, 16.75644 ], [ 73.85991, 16.72549 ], [ 73.85968, 16.72137 ], [ 73.85801, 16.7172 ], [ 73.85573, 16.71437 ], [ 73.8455, 16.70874 ], [ 73.85296, 16.70456 ], [ 73.88007, 16.68108 ], [ 73.88312, 16.6766 ], [ 73.88412, 16.67045 ], [ 73.88264, 16.66529 ], [ 73.87266, 16.64674 ], [ 73.87701, 16.61479 ], [ 73.87661, 16.60945 ], [ 73.86143, 16.57707 ], [ 73.84475, 16.55951 ], [ 73.84433, 16.54545 ], [ 73.85448, 16.53685 ], [ 73.85785, 16.53154 ], [ 73.85857, 16.52712 ], [ 73.85718, 16.50986 ], [ 73.8724, 16.48564 ], [ 73.88473, 16.4769 ], [ 73.88641, 16.47148 ], [ 73.88803, 16.46136 ], [ 73.88628, 16.44899 ], [ 73.87849, 16.44366 ], [ 73.87791, 16.44067 ], [ 73.87356, 16.43973 ], [ 73.86621, 16.45601 ], [ 73.85038, 16.46794 ], [ 73.83029, 16.49977 ], [ 73.82846, 16.50574 ], [ 73.82962, 16.52144 ], [ 73.81918, 16.53042 ], [ 73.81676, 16.53423 ], [ 73.81583, 16.53769 ], [ 73.81651, 16.56612 ], [ 73.8176, 16.57046 ], [ 73.82007, 16.57424 ], [ 73.83721, 16.59177 ], [ 73.84827, 16.61521 ], [ 73.84379, 16.65022 ], [ 73.84487, 16.65457 ], [ 73.85224, 16.66835 ], [ 73.8359, 16.68251 ], [ 73.80609, 16.69863 ], [ 73.80294, 16.70191 ], [ 73.80132, 16.70513 ], [ 73.80062, 16.70865 ], [ 73.80111, 16.71309 ], [ 73.80484, 16.71921 ], [ 73.80853, 16.72174 ], [ 73.83061, 16.73224 ], [ 73.82959, 16.74218 ], [ 73.79224, 16.75524 ], [ 73.7722, 16.75458 ], [ 73.76602, 16.75643 ], [ 73.73798, 16.78115 ], [ 73.72034, 16.8 ], [ 73.69764, 16.81663 ], [ 73.69496, 16.82028 ], [ 73.69364, 16.82456 ], [ 73.69465, 16.8316 ], [ 73.70649, 16.85211 ], [ 73.7101, 16.85492 ], [ 73.72837, 16.86397 ], [ 73.72899, 16.8706 ], [ 73.71729, 16.87977 ], [ 73.71391, 16.88508 ], [ 73.71348, 16.89217 ], [ 73.71619, 16.89783 ], [ 73.72122, 16.90175 ], [ 73.75428, 16.91698 ], [ 73.77593, 16.92585 ], [ 73.77116, 16.93454 ], [ 73.75269, 16.95835 ], [ 73.75167, 16.96271 ], [ 73.75132, 16.98441 ], [ 73.75404, 16.99007 ], [ 73.76997, 17.00906 ], [ 73.77323, 17.0119 ], [ 73.77838, 17.01392 ], [ 73.80357, 17.01807 ], [ 73.80212, 17.02538 ], [ 73.79437, 17.03417 ], [ 73.79253, 17.03729 ], [ 73.77768, 17.07638 ], [ 73.78682, 17.08178 ], [ 73.78965, 17.08646 ], [ 73.79017, 17.08877 ], [ 73.79279, 17.0893 ], [ 73.80054, 17.08749 ], [ 73.80455, 17.08565 ], [ 73.80706, 17.07903 ], [ 73.80443, 17.06158 ] ] ] } },
{ "type": "Feature", "properties": { "newname": "Placemark" }, "geometry": { "type": "Polygon", "coordinates": [ [ [ 73.72423, 17.3322 ], [ 73.72275, 17.33863 ], [ 73.72004, 17.33931 ], [ 73.71645, 17.34278 ], [ 73.72184, 17.34452 ], [ 73.72728, 17.3326 ], [ 73.72423, 17.3322 ] ] ] } },
{ "type": "Feature", "properties": { "newname": "Koyna" }, "geometry": { "type": "Polygon", "coordinates": [ [ [ 73.60888, 17.815 ], [ 73.60969, 17.81312 ], [ 73.61256, 17.81132 ], [ 73.61519, 17.80531 ], [ 73.61673, 17.8043 ], [ 73.61345, 17.80075 ], [ 73.61847, 17.79683 ], [ 73.61725, 17.79576 ], [ 73.61736, 17.79391 ], [ 73.61477, 17.79127 ], [ 73.62004, 17.79069 ], [ 73.62284, 17.7888 ], [ 73.62198, 17.78653 ], [ 73.61939, 17.78377 ], [ 73.61897, 17.78133 ], [ 73.62228, 17.7797 ], [ 73.62292, 17.77231 ], [ 73.62471, 17.76811 ], [ 73.62834, 17.76743 ], [ 73.63016, 17.76891 ], [ 73.63497, 17.77056 ], [ 73.64125, 17.78002 ], [ 73.64355, 17.77518 ], [ 73.64692, 17.77847 ], [ 73.65012, 17.78026 ], [ 73.6541, 17.77764 ], [ 73.66042, 17.77654 ], [ 73.66435, 17.77452 ], [ 73.67007, 17.76919 ], [ 73.67271, 17.76779 ], [ 73.67449, 17.76525 ], [ 73.67751, 17.76349 ], [ 73.6823, 17.75715 ], [ 73.68593, 17.75383 ], [ 73.69823, 17.74911 ], [ 73.71295, 17.73732 ], [ 73.71349, 17.73635 ], [ 73.7053, 17.73167 ], [ 73.70626, 17.72843 ], [ 73.7104, 17.72782 ], [ 73.71326, 17.72837 ], [ 73.71317, 17.73076 ], [ 73.7148, 17.73547 ], [ 73.71868, 17.73193 ], [ 73.72286, 17.72984 ], [ 73.72478, 17.72713 ], [ 73.72875, 17.72456 ], [ 73.73533, 17.72486 ], [ 73.7401, 17.72259 ], [ 73.74102, 17.72012 ], [ 73.74513, 17.72349 ], [ 73.74948, 17.72386 ], [ 73.75104, 17.72115 ], [ 73.7531, 17.71974 ], [ 73.75713, 17.72129 ], [ 73.76821, 17.71943 ], [ 73.76948, 17.71859 ], [ 73.76942, 17.71768 ], [ 73.77124, 17.71684 ], [ 73.77098, 17.71321 ], [ 73.77875, 17.71656 ], [ 73.78019, 17.71574 ], [ 73.78073, 17.71347 ], [ 73.78176, 17.71366 ], [ 73.7827, 17.71213 ], [ 73.7857, 17.71054 ], [ 73.78474, 17.70831 ], [ 73.79167, 17.70699 ], [ 73.80188, 17.71084 ], [ 73.80409, 17.70659 ], [ 73.80121, 17.68555 ], [ 73.80402, 17.67587 ], [ 73.80433, 17.67138 ], [ 73.80711, 17.66804 ], [ 73.80873, 17.66459 ], [ 73.8105, 17.66376 ], [ 73.81671, 17.65179 ], [ 73.82655, 17.6565 ], [ 73.83678, 17.65977 ], [ 73.84071, 17.66225 ], [ 73.84205, 17.66396 ], [ 73.84624, 17.665 ], [ 73.84475, 17.6619 ], [ 73.84481, 17.66018 ], [ 73.84293, 17.6572 ], [ 73.84098, 17.6552 ], [ 73.83884, 17.65548 ], [ 73.83672, 17.65383 ], [ 73.83519, 17.64971 ], [ 73.83027, 17.6481 ], [ 73.82721, 17.64489 ], [ 73.82784, 17.64392 ], [ 73.83315, 17.64396 ], [ 73.83586, 17.64275 ], [ 73.83901, 17.6437 ], [ 73.83943, 17.64148 ], [ 73.84023, 17.6416 ], [ 73.8399, 17.64088 ], [ 73.84255, 17.63953 ], [ 73.84339, 17.63778 ], [ 73.85019, 17.63481 ], [ 73.84779, 17.6275 ], [ 73.85531, 17.62686 ], [ 73.84993, 17.61948 ], [ 73.84451, 17.62482 ], [ 73.83927, 17.62106 ], [ 73.82292, 17.6273 ], [ 73.82172, 17.62661 ], [ 73.82556, 17.62235 ], [ 73.82896, 17.61602 ], [ 73.8301, 17.60841 ], [ 73.83076, 17.60784 ], [ 73.82974, 17.60711 ], [ 73.83062, 17.60764 ], [ 73.8337, 17.60507 ], [ 73.84104, 17.59765 ], [ 73.84313, 17.59811 ], [ 73.84521, 17.59583 ], [ 73.84833, 17.59494 ], [ 73.85615, 17.59435 ], [ 73.85707, 17.59287 ], [ 73.86224, 17.59107 ], [ 73.86894, 17.58617 ], [ 73.87215, 17.58163 ], [ 73.87512, 17.57536 ], [ 73.87706, 17.57311 ], [ 73.88139, 17.57072 ], [ 73.88026, 17.56767 ], [ 73.88426, 17.56302 ], [ 73.88233, 17.55958 ], [ 73.88555, 17.55475 ], [ 73.88472, 17.5503 ], [ 73.88558, 17.54445 ], [ 73.88754, 17.54249 ], [ 73.88791, 17.54039 ], [ 73.88503, 17.53954 ], [ 73.87964, 17.54178 ], [ 73.8785, 17.54044 ], [ 73.87506, 17.53995 ], [ 73.8736, 17.54059 ], [ 73.87278, 17.53954 ], [ 73.86353, 17.53558 ], [ 73.852, 17.52697 ], [ 73.85286, 17.52516 ], [ 73.8518, 17.52233 ], [ 73.84441, 17.51012 ], [ 73.83951, 17.50586 ], [ 73.84098, 17.50153 ], [ 73.83827, 17.4951 ], [ 73.83168, 17.49264 ], [ 73.83389, 17.48917 ], [ 73.83563, 17.48434 ], [ 73.83682, 17.47787 ], [ 73.83462, 17.47123 ], [ 73.83559, 17.46551 ], [ 73.83431, 17.45732 ], [ 73.83522, 17.45003 ], [ 73.83903, 17.44658 ], [ 73.84454, 17.43657 ], [ 73.85193, 17.43373 ], [ 73.85132, 17.43059 ], [ 73.85419, 17.42678 ], [ 73.8465, 17.42046 ], [ 73.84389, 17.41565 ], [ 73.85423, 17.40114 ], [ 73.85541, 17.40108 ], [ 73.85485, 17.3952 ], [ 73.85593, 17.3921 ], [ 73.85551, 17.3903 ], [ 73.8494, 17.38996 ], [ 73.84442, 17.38744 ], [ 73.841, 17.38437 ], [ 73.83925, 17.38592 ], [ 73.83594, 17.39209 ], [ 73.82129, 17.39095 ], [ 73.8113, 17.3889 ], [ 73.80207, 17.38432 ], [ 73.80026, 17.38244 ], [ 73.79367, 17.38129 ], [ 73.79018, 17.37845 ], [ 73.78975, 17.3748 ], [ 73.78562, 17.37286 ], [ 73.77929, 17.37138 ], [ 73.77391, 17.3747 ], [ 73.77231, 17.37371 ], [ 73.76918, 17.37367 ], [ 73.76824, 17.37242 ], [ 73.76588, 17.37143 ], [ 73.76291, 17.37154 ], [ 73.76161, 17.37372 ], [ 73.7537, 17.36791 ], [ 73.74874, 17.36716 ], [ 73.74686, 17.36597 ], [ 73.74734, 17.36283 ], [ 73.74588, 17.36007 ], [ 73.74501, 17.35573 ], [ 73.74645, 17.35266 ], [ 73.73896, 17.35152 ], [ 73.73372, 17.35215 ], [ 73.72587, 17.34829 ], [ 73.72638, 17.34659 ], [ 73.72403, 17.34646 ], [ 73.7206, 17.34383 ], [ 73.71645, 17.34278 ], [ 73.72004, 17.33931 ], [ 73.72275, 17.33863 ], [ 73.72423, 17.3322 ], [ 73.72508, 17.33186 ], [ 73.73055, 17.33398 ], [ 73.73174, 17.3334 ], [ 73.73365, 17.32961 ], [ 73.73758, 17.33132 ], [ 73.74309, 17.33598 ], [ 73.74721, 17.33195 ], [ 73.74794, 17.33202 ], [ 73.74584, 17.32696 ], [ 73.74205, 17.32435 ], [ 73.74026, 17.32163 ], [ 73.74797, 17.31557 ], [ 73.75434, 17.3093 ], [ 73.75672, 17.30439 ], [ 73.75867, 17.30213 ], [ 73.7605, 17.30308 ], [ 73.76826, 17.30036 ], [ 73.773, 17.30018 ], [ 73.77641, 17.30224 ], [ 73.78565, 17.29869 ], [ 73.79403, 17.28961 ], [ 73.79722, 17.2924 ], [ 73.8026, 17.29214 ], [ 73.79857, 17.28533 ], [ 73.80131, 17.26444 ], [ 73.80314, 17.25808 ], [ 73.80142, 17.25146 ], [ 73.80739, 17.25094 ], [ 73.812, 17.25275 ], [ 73.81299, 17.25219 ], [ 73.8147, 17.25299 ], [ 73.81566, 17.25208 ], [ 73.82519, 17.25344 ], [ 73.82733, 17.25304 ], [ 73.83419, 17.25516 ], [ 73.83901, 17.25571 ], [ 73.83966, 17.25258 ], [ 73.84475, 17.24737 ], [ 73.8486, 17.24618 ], [ 73.865, 17.24904 ], [ 73.872, 17.24263 ], [ 73.87662, 17.2406 ], [ 73.88106, 17.23977 ], [ 73.88275, 17.23758 ], [ 73.88423, 17.23697 ], [ 73.88988, 17.23622 ], [ 73.89574, 17.23391 ], [ 73.89588, 17.23075 ], [ 73.89774, 17.22881 ], [ 73.89895, 17.22464 ], [ 73.8974, 17.21748 ], [ 73.89935, 17.21539 ], [ 73.89936, 17.21363 ], [ 73.8923, 17.21622 ], [ 73.88758, 17.21437 ], [ 73.88762, 17.20561 ], [ 73.88524, 17.20288 ], [ 73.884, 17.19654 ], [ 73.87708, 17.19569 ], [ 73.87316, 17.19156 ], [ 73.87082, 17.1909 ], [ 73.87585, 17.17819 ], [ 73.87899, 17.17616 ], [ 73.88462, 17.1809 ], [ 73.89452, 17.18666 ], [ 73.90053, 17.18744 ], [ 73.90599, 17.18391 ], [ 73.91134, 17.18497 ], [ 73.91127, 17.18276 ], [ 73.90928, 17.17815 ], [ 73.91168, 17.1738 ], [ 73.90979, 17.16897 ], [ 73.91102, 17.16333 ], [ 73.91063, 17.16028 ], [ 73.90863, 17.15929 ], [ 73.90819, 17.15574 ], [ 73.90987, 17.15118 ], [ 73.91385, 17.14841 ], [ 73.91854, 17.14748 ], [ 73.91814, 17.14685 ], [ 73.9199, 17.14336 ], [ 73.91005, 17.13592 ], [ 73.90735, 17.12935 ], [ 73.90569, 17.12779 ], [ 73.90296, 17.1259 ], [ 73.89784, 17.12568 ], [ 73.89014, 17.12217 ], [ 73.88985, 17.11828 ], [ 73.88485, 17.10927 ], [ 73.88349, 17.10925 ], [ 73.88286, 17.1054 ], [ 73.88026, 17.10161 ], [ 73.87484, 17.09953 ], [ 73.86571, 17.10032 ], [ 73.85966, 17.09969 ], [ 73.85072, 17.10025 ], [ 73.84183, 17.09383 ], [ 73.83847, 17.09323 ], [ 73.83285, 17.0979 ], [ 73.82603, 17.0796 ], [ 73.8176, 17.08362 ], [ 73.81681, 17.08098 ], [ 73.81616, 17.07241 ], [ 73.81799, 17.07011 ], [ 73.81983, 17.07054 ], [ 73.82123, 17.07496 ], [ 73.82195, 17.07497 ], [ 73.83384, 17.06196 ], [ 73.84963, 17.05945 ], [ 73.84934, 17.06328 ], [ 73.85031, 17.06318 ], [ 73.86004, 17.05884 ], [ 73.85659, 17.05416 ], [ 73.85505, 17.05472 ], [ 73.85351, 17.05701 ], [ 73.84877, 17.058 ], [ 73.8438, 17.04993 ], [ 73.85828, 17.03752 ], [ 73.8558, 17.03176 ], [ 73.86076, 17.02429 ], [ 73.85785, 17.02179 ], [ 73.8545, 17.02413 ], [ 73.85012, 17.02317 ], [ 73.85017, 17.02061 ], [ 73.84733, 17.01768 ], [ 73.84764, 17.01598 ], [ 73.84384, 17.01413 ], [ 73.84324, 17.01292 ], [ 73.84367, 17.01116 ], [ 73.84747, 17.01074 ], [ 73.85263, 17.00869 ], [ 73.85072, 17.00522 ], [ 73.84981, 17.00007 ], [ 73.84817, 16.99915 ], [ 73.84397, 16.99262 ], [ 73.84776, 16.99187 ], [ 73.85062, 16.99303 ], [ 73.85211, 16.99188 ], [ 73.84979, 16.98345 ], [ 73.85269, 16.98102 ], [ 73.8531, 16.97766 ], [ 73.85054, 16.9766 ], [ 73.85184, 16.97279 ], [ 73.85428, 16.97212 ], [ 73.85544, 16.97037 ], [ 73.84449, 16.97046 ], [ 73.84436, 16.968 ], [ 73.84164, 16.97015 ], [ 73.84437, 16.97057 ], [ 73.84425, 16.97365 ], [ 73.84117, 16.97385 ], [ 73.84251, 16.97797 ], [ 73.84034, 16.97934 ], [ 73.84011, 16.98068 ], [ 73.83245, 16.97581 ], [ 73.82301, 16.98273 ], [ 73.81981, 16.98104 ], [ 73.81499, 16.97635 ], [ 73.8156, 16.9736 ], [ 73.8149, 16.97262 ], [ 73.81662, 16.96964 ], [ 73.80969, 16.97042 ], [ 73.80892, 16.97127 ], [ 73.81216, 16.97302 ], [ 73.81088, 16.9745 ], [ 73.81365, 16.97828 ], [ 73.81115, 16.97809 ], [ 73.8089, 16.9756 ], [ 73.80737, 16.97624 ], [ 73.8057, 16.97324 ], [ 73.80454, 16.97376 ], [ 73.80541, 16.97487 ], [ 73.80494, 16.97621 ], [ 73.80724, 16.97837 ], [ 73.80673, 16.98091 ], [ 73.79304, 16.98814 ], [ 73.78995, 16.97949 ], [ 73.78738, 16.97705 ], [ 73.78818, 16.97575 ], [ 73.78738, 16.97374 ], [ 73.78324, 16.97141 ], [ 73.78048, 16.97152 ], [ 73.77769, 16.9692 ], [ 73.7767, 16.97182 ], [ 73.77751, 16.97438 ], [ 73.7846, 16.98507 ], [ 73.78325, 16.98945 ], [ 73.78464, 16.98964 ], [ 73.78682, 16.99219 ], [ 73.79445, 16.99137 ], [ 73.79803, 16.9918 ], [ 73.80759, 16.98901 ], [ 73.81009, 16.98707 ], [ 73.82045, 16.98891 ], [ 73.82268, 16.98711 ], [ 73.82422, 16.98836 ], [ 73.83208, 16.98859 ], [ 73.833, 16.99534 ], [ 73.83499, 17.00045 ], [ 73.82829, 17.01074 ], [ 73.82915, 17.01522 ], [ 73.83236, 17.01996 ], [ 73.83242, 17.0222 ], [ 73.83141, 17.0267 ], [ 73.8257, 17.03675 ], [ 73.83476, 17.04995 ], [ 73.83482, 17.05257 ], [ 73.8334, 17.05727 ], [ 73.81809, 17.06455 ], [ 73.80443, 17.06158 ], [ 73.80643, 17.07405 ], [ 73.80793, 17.08537 ], [ 73.79411, 17.0983 ], [ 73.79076, 17.09391 ], [ 73.78579, 17.09692 ], [ 73.77166, 17.08245 ], [ 73.7689, 17.07539 ], [ 73.76859, 17.06701 ], [ 73.76668, 17.06814 ], [ 73.76296, 17.07342 ], [ 73.74693, 17.07367 ], [ 73.7412, 17.0747 ], [ 73.73447, 17.07889 ], [ 73.73019, 17.08738 ], [ 73.72718, 17.09687 ], [ 73.72388, 17.09886 ], [ 73.72212, 17.10121 ], [ 73.72462, 17.10087 ], [ 73.72416, 17.10262 ], [ 73.72594, 17.10319 ], [ 73.72585, 17.10423 ], [ 73.72769, 17.10299 ], [ 73.72906, 17.10403 ], [ 73.72838, 17.10485 ], [ 73.72942, 17.10644 ], [ 73.72774, 17.10836 ], [ 73.73083, 17.11028 ], [ 73.73118, 17.11139 ], [ 73.73295, 17.11177 ], [ 73.73179, 17.11177 ], [ 73.73286, 17.11297 ], [ 73.73094, 17.11277 ], [ 73.73171, 17.11349 ], [ 73.73036, 17.11457 ], [ 73.73294, 17.11497 ], [ 73.73182, 17.11537 ], [ 73.73296, 17.11635 ], [ 73.73137, 17.11708 ], [ 73.7315, 17.12004 ], [ 73.72944, 17.11892 ], [ 73.72994, 17.11974 ], [ 73.72827, 17.1197 ], [ 73.72876, 17.1207 ], [ 73.72746, 17.12141 ], [ 73.72778, 17.12209 ], [ 73.72535, 17.12101 ], [ 73.72454, 17.12229 ], [ 73.72155, 17.12143 ], [ 73.71818, 17.12496 ], [ 73.71485, 17.12681 ], [ 73.7116, 17.12693 ], [ 73.71157, 17.12838 ], [ 73.7172, 17.1307 ], [ 73.71052, 17.14013 ], [ 73.69521, 17.13797 ], [ 73.69005, 17.1409 ], [ 73.68912, 17.14617 ], [ 73.68933, 17.15587 ], [ 73.70776, 17.16252 ], [ 73.70858, 17.16876 ], [ 73.70934, 17.16927 ], [ 73.69965, 17.1771 ], [ 73.69406, 17.1793 ], [ 73.69659, 17.18116 ], [ 73.69873, 17.17971 ], [ 73.70173, 17.18365 ], [ 73.70209, 17.18652 ], [ 73.70324, 17.18496 ], [ 73.70642, 17.18888 ], [ 73.70854, 17.19193 ], [ 73.70953, 17.1967 ], [ 73.71368, 17.19893 ], [ 73.71557, 17.20252 ], [ 73.71579, 17.2082 ], [ 73.71118, 17.21115 ], [ 73.71116, 17.21519 ], [ 73.70722, 17.21877 ], [ 73.70624, 17.22379 ], [ 73.70033, 17.2262 ], [ 73.69435, 17.23002 ], [ 73.69347, 17.22971 ], [ 73.69386, 17.23129 ], [ 73.69151, 17.2368 ], [ 73.69174, 17.24256 ], [ 73.69515, 17.25211 ], [ 73.69531, 17.25963 ], [ 73.68897, 17.26687 ], [ 73.69199, 17.27682 ], [ 73.68765, 17.28235 ], [ 73.6907, 17.28358 ], [ 73.69056, 17.28483 ], [ 73.68886, 17.28948 ], [ 73.68486, 17.28931 ], [ 73.68131, 17.29413 ], [ 73.67891, 17.29401 ], [ 73.68408, 17.30325 ], [ 73.68575, 17.3139 ], [ 73.68513, 17.3174 ], [ 73.67715, 17.316 ], [ 73.66996, 17.32172 ], [ 73.67487, 17.32436 ], [ 73.67465, 17.32592 ], [ 73.6787, 17.32679 ], [ 73.67989, 17.32625 ], [ 73.68106, 17.33204 ], [ 73.68332, 17.33431 ], [ 73.68641, 17.34445 ], [ 73.68408, 17.34795 ], [ 73.68241, 17.34717 ], [ 73.67456, 17.34692 ], [ 73.67951, 17.34902 ], [ 73.68585, 17.35397 ], [ 73.68389, 17.35682 ], [ 73.68178, 17.35361 ], [ 73.68063, 17.35491 ], [ 73.68176, 17.35668 ], [ 73.68064, 17.35857 ], [ 73.68129, 17.35959 ], [ 73.67982, 17.36119 ], [ 73.68077, 17.36141 ], [ 73.68027, 17.36208 ], [ 73.67877, 17.36193 ], [ 73.68038, 17.36257 ], [ 73.67837, 17.36601 ], [ 73.67919, 17.36649 ], [ 73.67589, 17.36992 ], [ 73.67381, 17.36814 ], [ 73.67108, 17.37112 ], [ 73.67013, 17.37015 ], [ 73.6614, 17.37561 ], [ 73.65874, 17.37644 ], [ 73.65815, 17.37452 ], [ 73.65026, 17.38355 ], [ 73.64602, 17.38104 ], [ 73.6463, 17.38426 ], [ 73.64139, 17.39046 ], [ 73.6422, 17.39312 ], [ 73.6449, 17.3969 ], [ 73.64948, 17.3971 ], [ 73.65479, 17.38667 ], [ 73.66066, 17.39465 ], [ 73.66721, 17.39212 ], [ 73.66897, 17.39262 ], [ 73.67163, 17.39636 ], [ 73.67137, 17.39977 ], [ 73.67372, 17.40531 ], [ 73.68137, 17.41427 ], [ 73.68494, 17.41578 ], [ 73.69052, 17.42147 ], [ 73.70224, 17.41992 ], [ 73.70253, 17.4216 ], [ 73.70463, 17.42271 ], [ 73.70422, 17.42329 ], [ 73.70598, 17.42846 ], [ 73.70867, 17.4331 ], [ 73.70389, 17.43724 ], [ 73.7071, 17.44416 ], [ 73.70468, 17.44695 ], [ 73.70472, 17.44973 ], [ 73.7004, 17.45271 ], [ 73.70368, 17.46069 ], [ 73.70643, 17.46519 ], [ 73.70398, 17.46674 ], [ 73.7032, 17.46813 ], [ 73.70381, 17.46958 ], [ 73.70192, 17.47052 ], [ 73.70218, 17.4719 ], [ 73.69935, 17.47589 ], [ 73.69814, 17.47569 ], [ 73.69584, 17.47756 ], [ 73.6953, 17.47967 ], [ 73.69668, 17.4827 ], [ 73.69415, 17.48671 ], [ 73.70247, 17.48922 ], [ 73.70867, 17.49342 ], [ 73.71067, 17.49677 ], [ 73.71013, 17.49873 ], [ 73.70473, 17.5041 ], [ 73.70788, 17.50829 ], [ 73.7079, 17.50956 ], [ 73.70991, 17.51029 ], [ 73.71526, 17.51637 ], [ 73.71694, 17.51735 ], [ 73.72093, 17.51681 ], [ 73.7214, 17.52415 ], [ 73.72824, 17.5244 ], [ 73.73401, 17.5278 ], [ 73.73521, 17.52939 ], [ 73.73739, 17.52988 ], [ 73.74159, 17.53337 ], [ 73.73899, 17.53494 ], [ 73.74129, 17.53968 ], [ 73.74299, 17.54661 ], [ 73.74678, 17.55323 ], [ 73.74702, 17.55606 ], [ 73.73881, 17.56205 ], [ 73.73257, 17.56351 ], [ 73.72344, 17.56932 ], [ 73.71785, 17.57122 ], [ 73.7159, 17.57278 ], [ 73.71596, 17.57522 ], [ 73.71784, 17.57844 ], [ 73.72389, 17.58587 ], [ 73.72823, 17.58819 ], [ 73.72556, 17.59434 ], [ 73.72547, 17.59709 ], [ 73.72425, 17.59861 ], [ 73.72238, 17.6009 ], [ 73.71839, 17.60273 ], [ 73.71595, 17.60542 ], [ 73.71322, 17.6068 ], [ 73.72108, 17.61704 ], [ 73.71993, 17.6208 ], [ 73.716, 17.62375 ], [ 73.70538, 17.62642 ], [ 73.70438, 17.62591 ], [ 73.69833, 17.62695 ], [ 73.69557, 17.62559 ], [ 73.69094, 17.62796 ], [ 73.69069, 17.63095 ], [ 73.69453, 17.63661 ], [ 73.69704, 17.63855 ], [ 73.69925, 17.64232 ], [ 73.70018, 17.64716 ], [ 73.69953, 17.64951 ], [ 73.69727, 17.65084 ], [ 73.70117, 17.65606 ], [ 73.70183, 17.65818 ], [ 73.70119, 17.66007 ], [ 73.69572, 17.66236 ], [ 73.6973, 17.66349 ], [ 73.69768, 17.66569 ], [ 73.69362, 17.66777 ], [ 73.69297, 17.67286 ], [ 73.68998, 17.67334 ], [ 73.68932, 17.6747 ], [ 73.68124, 17.67733 ], [ 73.68211, 17.67934 ], [ 73.68176, 17.68126 ], [ 73.68639, 17.68344 ], [ 73.6872, 17.68496 ], [ 73.68097, 17.68894 ], [ 73.67372, 17.68955 ], [ 73.66687, 17.69262 ], [ 73.66404, 17.69465 ], [ 73.6631, 17.69648 ], [ 73.66234, 17.69568 ], [ 73.65822, 17.69551 ], [ 73.65659, 17.69324 ], [ 73.65088, 17.70407 ], [ 73.64654, 17.7016 ], [ 73.64245, 17.69622 ], [ 73.63796, 17.69195 ], [ 73.63224, 17.69325 ], [ 73.63559, 17.69731 ], [ 73.63578, 17.69879 ], [ 73.63478, 17.70092 ], [ 73.62852, 17.70494 ], [ 73.62411, 17.70553 ], [ 73.62367, 17.70696 ], [ 73.61583, 17.7134 ], [ 73.61296, 17.7127 ], [ 73.60427, 17.70368 ], [ 73.59726, 17.7014 ], [ 73.59381, 17.70091 ], [ 73.5894, 17.70239 ], [ 73.58761, 17.70511 ], [ 73.58058, 17.70837 ], [ 73.5751, 17.70552 ], [ 73.57598, 17.71136 ], [ 73.56645, 17.71694 ], [ 73.56655, 17.71786 ], [ 73.55975, 17.72052 ], [ 73.55849, 17.72339 ], [ 73.56056, 17.72415 ], [ 73.56665, 17.72347 ], [ 73.56859, 17.72449 ], [ 73.57357, 17.73076 ], [ 73.57285, 17.73373 ], [ 73.57181, 17.73483 ], [ 73.57337, 17.73709 ], [ 73.57328, 17.73923 ], [ 73.57542, 17.74181 ], [ 73.57797, 17.74294 ], [ 73.57905, 17.74682 ], [ 73.57858, 17.75018 ], [ 73.58042, 17.75191 ], [ 73.58553, 17.76064 ], [ 73.58797, 17.76245 ], [ 73.58953, 17.76532 ], [ 73.58919, 17.76752 ], [ 73.59198, 17.77218 ], [ 73.59269, 17.77656 ], [ 73.59168, 17.77838 ], [ 73.5894, 17.78192 ], [ 73.58633, 17.78347 ], [ 73.58537, 17.78309 ], [ 73.58266, 17.78522 ], [ 73.58196, 17.78841 ], [ 73.58342, 17.78995 ], [ 73.58616, 17.78846 ], [ 73.59043, 17.78894 ], [ 73.59172, 17.78983 ], [ 73.59323, 17.78869 ], [ 73.59425, 17.79025 ], [ 73.59853, 17.79055 ], [ 73.60205, 17.79429 ], [ 73.59639, 17.7973 ], [ 73.59624, 17.80113 ], [ 73.59459, 17.80254 ], [ 73.59528, 17.80384 ], [ 73.59417, 17.80795 ], [ 73.59369, 17.81686 ], [ 73.5948, 17.81913 ], [ 73.59702, 17.82244 ], [ 73.6066, 17.81488 ], [ 73.60888, 17.815 ] ] ] } },
{ "type": "Feature", "properties": { "newname": "Placemark" }, "geometry": { "type": "Polygon", "coordinates": [ [ [ 73.65815, 17.37452 ], [ 73.65874, 17.37644 ], [ 73.6614, 17.37561 ], [ 73.67013, 17.37015 ], [ 73.67108, 17.37112 ], [ 73.67381, 17.36814 ], [ 73.67589, 17.36992 ], [ 73.67919, 17.36649 ], [ 73.67837, 17.36601 ], [ 73.68038, 17.36257 ], [ 73.67877, 17.36193 ], [ 73.68027, 17.36208 ], [ 73.68077, 17.36141 ], [ 73.67982, 17.36119 ], [ 73.68129, 17.35959 ], [ 73.68064, 17.35857 ], [ 73.68176, 17.35668 ], [ 73.68063, 17.35491 ], [ 73.68178, 17.35361 ], [ 73.68389, 17.35682 ], [ 73.68585, 17.35397 ], [ 73.67956, 17.34906 ], [ 73.66826, 17.35797 ], [ 73.65311, 17.38033 ], [ 73.65815, 17.37452 ] ] ] } },
{ "type": "Feature", "properties": { "newname": "Placemark" }, "geometry": { "type": "Polygon", "coordinates": [ [ [ 73.68628, 17.34395 ], [ 73.68207, 17.34715 ], [ 73.68408, 17.34795 ], [ 73.68628, 17.34395 ] ] ] } },
{ "type": "Feature", "properties": { "newname": "Koyna" }, "geometry": { "type": "Polygon", "coordinates": [ [ [ 73.70253, 17.4216 ], [ 73.70224, 17.41992 ], [ 73.69052, 17.42147 ], [ 73.68494, 17.41578 ], [ 73.68137, 17.41427 ], [ 73.67372, 17.40531 ], [ 73.67137, 17.39977 ], [ 73.67163, 17.39636 ], [ 73.66897, 17.39262 ], [ 73.66721, 17.39212 ], [ 73.66066, 17.39465 ], [ 73.65479, 17.38667 ], [ 73.65026, 17.39621 ], [ 73.64948, 17.3971 ], [ 73.64833, 17.39705 ], [ 73.64868, 17.41418 ], [ 73.65118, 17.41897 ], [ 73.65623, 17.4229 ], [ 73.66037, 17.42413 ], [ 73.69622, 17.42907 ], [ 73.70081, 17.42832 ], [ 73.70515, 17.42599 ], [ 73.70463, 17.42271 ], [ 73.70253, 17.4216 ] ] ] } }
]
}
