{
"type": "FeatureCollection",
"name": "states",
"crs": { "type": "name", "properties": { "name": "urn:ogc:def:crs:OGC:1.3:CRS84" } },
"features": [
{ "type": "Feature", "properties": { "gz_state": "GOA", "area_km2": 1436.013, "st": "GA", "notified_km2": 1461.0, "villages": 107 }, "geometry": { "type": "MultiPolygon", "coordinates": [ [ [ [ 74.12342, 14.92416 ], [ 74.11998, 14.9169 ], [ 74.11461, 14.91836 ], [ 74.1048, 14.9129 ], [ 74.10163, 14.91579 ], [ 74.08506, 14.89989 ], [ 74.07957, 14.91013 ], [ 74.06664, 14.90705 ], [ 74.05667, 14.91459 ], [ 74.04716, 14.9155 ], [ 74.04212, 14.92187 ], [ 74.04578, 14.92496 ], [ 74.04358, 14.92973 ], [ 74.04704, 14.93421 ], [ 74.04346, 14.94921 ], [ 74.04793, 14.95057 ], [ 74.04894, 14.96039 ], [ 74.04063, 14.98051 ], [ 74.03475, 14.98342 ], [ 74.03978, 14.98373 ], [ 74.04262, 14.98905 ], [ 74.05337, 14.98506 ], [ 74.05827, 14.99405 ], [ 74.06756, 14.99862 ], [ 74.06919, 15.00295 ], [ 74.07224, 14.99923 ], [ 74.0846, 14.99938 ], [ 74.08763, 14.99472 ], [ 74.09336, 14.99811 ], [ 74.09454, 15.00701 ], [ 74.09008, 15.00869 ], [ 74.09739, 15.0137 ], [ 74.08998, 15.01419 ], [ 74.09319, 15.02543 ], [ 74.09881, 15.02923 ], [ 74.09603, 15.03284 ], [ 74.09753, 15.04228 ], [ 74.10476, 15.05549 ], [ 74.11122, 15.06056 ], [ 74.13544, 15.06798 ], [ 74.14277, 15.06539 ], [ 74.16188, 15.06628 ], [ 74.17001, 15.05822 ], [ 74.16092, 15.04918 ], [ 74.17876, 15.04045 ], [ 74.18467, 15.04382 ], [ 74.18688, 15.05321 ], [ 74.19144, 15.05795 ], [ 74.19281, 15.06347 ], [ 74.18788, 15.06881 ], [ 74.19853, 15.07266 ], [ 74.19018, 15.0814 ], [ 74.17447, 15.08259 ], [ 74.17159, 15.086 ], [ 74.17814, 15.108 ], [ 74.16491, 15.12183 ], [ 74.15633, 15.12351 ], [ 74.14168, 15.11441 ], [ 74.13641, 15.11544 ], [ 74.12816, 15.12425 ], [ 74.12341, 15.11592 ], [ 74.11046, 15.11568 ], [ 74.10624, 15.10806 ], [ 74.10277, 15.10743 ], [ 74.09634, 15.13504 ], [ 74.08516, 15.13551 ], [ 74.07965, 15.14254 ], [ 74.07646, 15.15672 ], [ 74.06335, 15.16149 ], [ 74.06751, 15.16815 ], [ 74.06536, 15.17719 ], [ 74.08687, 15.183 ], [ 74.09243, 15.18963 ], [ 74.10613, 15.19079 ], [ 74.12184, 15.16934 ], [ 74.13065, 15.17246 ], [ 74.14805, 15.16745 ], [ 74.15432, 15.17032 ], [ 74.1563, 15.14802 ], [ 74.16495, 15.14123 ], [ 74.18559, 15.13499 ], [ 74.18931, 15.13788 ], [ 74.18487, 15.13977 ], [ 74.19079, 15.14226 ], [ 74.18858, 15.14904 ], [ 74.19322, 15.1484 ], [ 74.19545, 15.15149 ], [ 74.20168, 15.14966 ], [ 74.21685, 15.16181 ], [ 74.21701, 15.16532 ], [ 74.21029, 15.17131 ], [ 74.21322, 15.17483 ], [ 74.21482, 15.19421 ], [ 74.21082, 15.2012 ], [ 74.20536, 15.20036 ], [ 74.20357, 15.19115 ], [ 74.19554, 15.19126 ], [ 74.19465, 15.18386 ], [ 74.18508, 15.17859 ], [ 74.18127, 15.18456 ], [ 74.17242, 15.18931 ], [ 74.17273, 15.19955 ], [ 74.1776, 15.20315 ], [ 74.17863, 15.21163 ], [ 74.17574, 15.21514 ], [ 74.16961, 15.21481 ], [ 74.1697, 15.21817 ], [ 74.16173, 15.21666 ], [ 74.16143, 15.22083 ], [ 74.16657, 15.22195 ], [ 74.17198, 15.23053 ], [ 74.17552, 15.24985 ], [ 74.18789, 15.25838 ], [ 74.17092, 15.27528 ], [ 74.15824, 15.27263 ], [ 74.15465, 15.27564 ], [ 74.1643, 15.2807 ], [ 74.1593, 15.30588 ], [ 74.16191, 15.31346 ], [ 74.16448, 15.31141 ], [ 74.16914, 15.31394 ], [ 74.16735, 15.34 ], [ 74.16365, 15.33657 ], [ 74.15632, 15.33743 ], [ 74.15758, 15.34307 ], [ 74.1515, 15.34052 ], [ 74.1505, 15.34814 ], [ 74.14775, 15.3512 ], [ 74.14308, 15.35019 ], [ 74.14495, 15.35503 ], [ 74.14191, 15.35684 ], [ 74.13175, 15.35633 ], [ 74.1278, 15.35211 ], [ 74.12569, 15.35804 ], [ 74.11974, 15.3566 ], [ 74.11879, 15.36363 ], [ 74.1125, 15.36554 ], [ 74.10779, 15.36041 ], [ 74.10143, 15.36573 ], [ 74.10054, 15.37365 ], [ 74.09332, 15.37429 ], [ 74.09464, 15.37956 ], [ 74.09853, 15.37822 ], [ 74.09608, 15.38243 ], [ 74.09051, 15.38176 ], [ 74.08829, 15.39091 ], [ 74.08404, 15.38978 ], [ 74.08043, 15.39547 ], [ 74.07643, 15.3912 ], [ 74.07708, 15.39943 ], [ 74.07165, 15.40458 ], [ 74.07438, 15.40939 ], [ 74.07129, 15.41253 ], [ 74.08446, 15.42021 ], [ 74.1035, 15.42727 ], [ 74.10982, 15.41894 ], [ 74.11068, 15.42783 ], [ 74.11943, 15.43284 ], [ 74.10436, 15.44054 ], [ 74.10284, 15.43598 ], [ 74.09541, 15.4338 ], [ 74.09074, 15.4471 ], [ 74.0783, 15.454 ], [ 74.07573, 15.46122 ], [ 74.10506, 15.47498 ], [ 74.11059, 15.46728 ], [ 74.11436, 15.47134 ], [ 74.12045, 15.46499 ], [ 74.13401, 15.47097 ], [ 74.13336, 15.4844 ], [ 74.12159, 15.48151 ], [ 74.11623, 15.49423 ], [ 74.12252, 15.49772 ], [ 74.13942, 15.49336 ], [ 74.13457, 15.51365 ], [ 74.14903, 15.52087 ], [ 74.15951, 15.54645 ], [ 74.15361, 15.55147 ], [ 74.13591, 15.54975 ], [ 74.13009, 15.54595 ], [ 74.1325, 15.53846 ], [ 74.12409, 15.53119 ], [ 74.12768, 15.5261 ], [ 74.11723, 15.52146 ], [ 74.12542, 15.50832 ], [ 74.12153, 15.50479 ], [ 74.10911, 15.51935 ], [ 74.10049, 15.50572 ], [ 74.08985, 15.49784 ], [ 74.09436, 15.51667 ], [ 74.08918, 15.51456 ], [ 74.08393, 15.51847 ], [ 74.08241, 15.53442 ], [ 74.0615, 15.54151 ], [ 74.09325, 15.5549 ], [ 74.09365, 15.56133 ], [ 74.08331, 15.57881 ], [ 74.0708, 15.58431 ], [ 74.06025, 15.59711 ], [ 74.06356, 15.60767 ], [ 74.05873, 15.61863 ], [ 74.04931, 15.62136 ], [ 74.04959, 15.62481 ], [ 74.07849, 15.63176 ], [ 74.09429, 15.64237 ], [ 74.11389, 15.64613 ], [ 74.11758, 15.65215 ], [ 74.13554, 15.64837 ], [ 74.14909, 15.65197 ], [ 74.15435, 15.6499 ], [ 74.15747, 15.65467 ], [ 74.16442, 15.6535 ], [ 74.1674, 15.67202 ], [ 74.18193, 15.68221 ], [ 74.19084, 15.67895 ], [ 74.1861, 15.6745 ], [ 74.18684, 15.66745 ], [ 74.20406, 15.66368 ], [ 74.20175, 15.65634 ], [ 74.20513, 15.65103 ], [ 74.22216, 15.65564 ], [ 74.21515, 15.66287 ], [ 74.22378, 15.66898 ], [ 74.22841, 15.66444 ], [ 74.23636, 15.66858 ], [ 74.23817, 15.66362 ], [ 74.25198, 15.65431 ], [ 74.24416, 15.62611 ], [ 74.24826, 15.6229 ], [ 74.25372, 15.62674 ], [ 74.2643, 15.61551 ], [ 74.25999, 15.60673 ], [ 74.26025, 15.59263 ], [ 74.24874, 15.58038 ], [ 74.25053, 15.57737 ], [ 74.24519, 15.5666 ], [ 74.24967, 15.56765 ], [ 74.25833, 15.56169 ], [ 74.26315, 15.56394 ], [ 74.27792, 15.54611 ], [ 74.28265, 15.53142 ], [ 74.27647, 15.51489 ], [ 74.25517, 15.50308 ], [ 74.25091, 15.49159 ], [ 74.27545, 15.44919 ], [ 74.27689, 15.43521 ], [ 74.26992, 15.42605 ], [ 74.26878, 15.4191 ], [ 74.2783, 15.40569 ], [ 74.27587, 15.39159 ], [ 74.28299, 15.38294 ], [ 74.29871, 15.38194 ], [ 74.3232, 15.36768 ], [ 74.31626, 15.363 ], [ 74.32184, 15.3436 ], [ 74.31667, 15.33068 ], [ 74.32074, 15.31497 ], [ 74.33587, 15.29546 ], [ 74.32624, 15.28395 ], [ 74.30822, 15.2835 ], [ 74.29428, 15.28914 ], [ 74.29331, 15.28453 ], [ 74.28208, 15.28025 ], [ 74.27637, 15.28337 ], [ 74.27279, 15.28183 ], [ 74.26093, 15.26051 ], [ 74.25117, 15.25877 ], [ 74.25209, 15.25103 ], [ 74.25955, 15.24102 ], [ 74.2867, 15.23281 ], [ 74.2915, 15.23381 ], [ 74.30161, 15.22434 ], [ 74.29986, 15.21993 ], [ 74.31005, 15.20629 ], [ 74.30928, 15.19801 ], [ 74.31738, 15.18375 ], [ 74.29567, 15.15124 ], [ 74.29071, 15.14748 ], [ 74.28513, 15.14903 ], [ 74.28362, 15.1453 ], [ 74.2829, 15.13074 ], [ 74.28657, 15.12115 ], [ 74.28242, 15.10656 ], [ 74.27653, 15.10536 ], [ 74.27265, 15.0975 ], [ 74.27882, 15.0954 ], [ 74.28073, 15.06882 ], [ 74.28951, 15.06482 ], [ 74.29025, 15.05361 ], [ 74.29649, 15.04121 ], [ 74.28326, 15.03157 ], [ 74.28341, 15.02353 ], [ 74.26647, 15.00689 ], [ 74.26807, 15.00201 ], [ 74.2536, 14.99815 ], [ 74.25212, 14.99268 ], [ 74.26432, 14.97852 ], [ 74.2591, 14.97006 ], [ 74.25527, 14.97042 ], [ 74.2526, 14.95909 ], [ 74.23914, 14.96673 ], [ 74.23286, 14.96412 ], [ 74.23092, 14.95185 ], [ 74.21755, 14.94595 ], [ 74.21366, 14.94769 ], [ 74.21263, 14.94027 ], [ 74.20154, 14.92572 ], [ 74.19166, 14.93304 ], [ 74.19473, 14.94 ], [ 74.19126, 14.94501 ], [ 74.17972, 14.9508 ], [ 74.17946, 14.95705 ], [ 74.16513, 14.95857 ], [ 74.15915, 14.95585 ], [ 74.15416, 14.94343 ], [ 74.16591, 14.91859 ], [ 74.16212, 14.91214 ], [ 74.14015, 14.92323 ], [ 74.12342, 14.92416 ] ] ], [ [ [ 73.9378, 15.11799 ], [ 73.95824, 15.08875 ], [ 73.98041, 15.09893 ], [ 73.99148, 15.09653 ], [ 74.00533, 15.09905 ], [ 74.00281, 15.08477 ], [ 74.00746, 15.07711 ], [ 74.01627, 15.07176 ], [ 74.00972, 15.06461 ], [ 74.00641, 15.06652 ], [ 73.99763, 15.06194 ], [ 73.9923, 15.06418 ], [ 73.98781, 15.0563 ], [ 73.97969, 15.05573 ], [ 73.97524, 15.05058 ], [ 73.97147, 15.05284 ], [ 73.96733, 15.0658 ], [ 73.95375, 15.07065 ], [ 73.95428, 15.07393 ], [ 73.93607, 15.07677 ], [ 73.92597, 15.08616 ], [ 73.91215, 15.0847 ], [ 73.92653, 15.09656 ], [ 73.92453, 15.10518 ], [ 73.91803, 15.10795 ], [ 73.93297, 15.11336 ], [ 73.9356, 15.11183 ], [ 73.9378, 15.11799 ] ] ], [ [ [ 74.10679, 15.29492 ], [ 74.12664, 15.29306 ], [ 74.12873, 15.28915 ], [ 74.1355, 15.29272 ], [ 74.13716, 15.28719 ], [ 74.11469, 15.28011 ], [ 74.10537, 15.28348 ], [ 74.10513, 15.28717 ], [ 74.08795, 15.29977 ], [ 74.09051, 15.30442 ], [ 74.08268, 15.3244 ], [ 74.09518, 15.33782 ], [ 74.10617, 15.32739 ], [ 74.11225, 15.32793 ], [ 74.11131, 15.31681 ], [ 74.11808, 15.30997 ], [ 74.11187, 15.30577 ], [ 74.10679, 15.29492 ] ] ], [ [ [ 74.08444, 15.49291 ], [ 74.08514, 15.48299 ], [ 74.08242, 15.48123 ], [ 74.07323, 15.48531 ], [ 74.06776, 15.5027 ], [ 74.0712, 15.50428 ], [ 74.07801, 15.50134 ], [ 74.08444, 15.49291 ] ] ] ] } },
{ "type": "Feature", "properties": { "gz_state": "GUJARAT", "area_km2": 463.582, "st": "GJ", "notified_km2": 449.0, "villages": 64 }, "geometry": { "type": "MultiPolygon", "coordinates": [ [ [ [ 73.56378, 20.66398 ], [ 73.56966, 20.66029 ], [ 73.57106, 20.65047 ], [ 73.56664, 20.64842 ], [ 73.56185, 20.6504 ], [ 73.55785, 20.64587 ], [ 73.5508, 20.64856 ], [ 73.55249, 20.6528 ], [ 73.56148, 20.65786 ], [ 73.5612, 20.66198 ], [ 73.56378, 20.66398 ] ] ], [ [ [ 73.4911, 20.76148 ], [ 73.48941, 20.75496 ], [ 73.47815, 20.74562 ], [ 73.47883, 20.75661 ], [ 73.46625, 20.7587 ], [ 73.46491, 20.76428 ], [ 73.4682, 20.76832 ], [ 73.45763, 20.76848 ], [ 73.45586, 20.76403 ], [ 73.44473, 20.76128 ], [ 73.43624, 20.75408 ], [ 73.43367, 20.76304 ], [ 73.4223, 20.76473 ], [ 73.42384, 20.77926 ], [ 73.41801, 20.78381 ], [ 73.41359, 20.78288 ], [ 73.41775, 20.78608 ], [ 73.41932, 20.7963 ], [ 73.4248, 20.80457 ], [ 73.43811, 20.8002 ], [ 73.44193, 20.80271 ], [ 73.44562, 20.79919 ], [ 73.44747, 20.80868 ], [ 73.46075, 20.80794 ], [ 73.47425, 20.79891 ], [ 73.48253, 20.79719 ], [ 73.4911, 20.76148 ] ] ], [ [ [ 73.51714, 20.84549 ], [ 73.52171, 20.83822 ], [ 73.51352, 20.83409 ], [ 73.51709, 20.83306 ], [ 73.51768, 20.82741 ], [ 73.49605, 20.81921 ], [ 73.49965, 20.82874 ], [ 73.49892, 20.83926 ], [ 73.50485, 20.84373 ], [ 73.50355, 20.85775 ], [ 73.50658, 20.85469 ], [ 73.51696, 20.85455 ], [ 73.51714, 20.84549 ] ] ], [ [ [ 73.68594, 20.93367 ], [ 73.68471, 20.92398 ], [ 73.67282, 20.90578 ], [ 73.68521, 20.89684 ], [ 73.69594, 20.89588 ], [ 73.69955, 20.89064 ], [ 73.69784, 20.87692 ], [ 73.69346, 20.87741 ], [ 73.6916, 20.87109 ], [ 73.69399, 20.855 ], [ 73.68692, 20.85577 ], [ 73.68642, 20.86196 ], [ 73.68224, 20.86626 ], [ 73.67905, 20.86372 ], [ 73.67482, 20.86805 ], [ 73.66685, 20.86817 ], [ 73.66431, 20.8919 ], [ 73.65673, 20.8996 ], [ 73.65812, 20.9049 ], [ 73.66533, 20.9103 ], [ 73.66244, 20.91762 ], [ 73.65587, 20.91847 ], [ 73.65673, 20.92298 ], [ 73.65254, 20.92281 ], [ 73.64769, 20.91069 ], [ 73.6332, 20.90808 ], [ 73.63069, 20.9037 ], [ 73.63377, 20.89742 ], [ 73.63201, 20.89477 ], [ 73.62352, 20.89942 ], [ 73.61651, 20.91365 ], [ 73.61779, 20.9235 ], [ 73.61478, 20.92767 ], [ 73.61258, 20.92651 ], [ 73.61138, 20.93215 ], [ 73.63229, 20.94535 ], [ 73.63807, 20.95662 ], [ 73.63694, 20.97514 ], [ 73.62892, 20.97892 ], [ 73.62027, 20.99088 ], [ 73.61327, 20.99246 ], [ 73.62334, 21.00442 ], [ 73.62526, 21.01624 ], [ 73.62982, 21.02107 ], [ 73.64826, 21.01986 ], [ 73.64658, 21.02788 ], [ 73.66164, 21.02683 ], [ 73.66163, 21.00756 ], [ 73.66895, 21.00517 ], [ 73.6711, 21.00116 ], [ 73.68732, 21.00567 ], [ 73.69296, 21.00079 ], [ 73.70533, 21.00635 ], [ 73.71202, 21.00441 ], [ 73.71768, 21.00656 ], [ 73.72451, 21.00132 ], [ 73.72884, 21.00607 ], [ 73.74087, 21.00362 ], [ 73.73795, 20.98548 ], [ 73.72875, 20.98128 ], [ 73.72458, 20.97042 ], [ 73.72705, 20.95675 ], [ 73.71941, 20.94821 ], [ 73.72603, 20.93987 ], [ 73.72284, 20.92066 ], [ 73.71127, 20.92201 ], [ 73.70868, 20.91924 ], [ 73.70136, 20.92253 ], [ 73.68608, 20.92024 ], [ 73.69297, 20.92676 ], [ 73.69127, 20.93148 ], [ 73.68594, 20.93367 ] ], [ [ 73.71625, 20.93636 ], [ 73.71451, 20.93134 ], [ 73.71577, 20.92704 ], [ 73.72079, 20.93092 ], [ 73.71936, 20.93617 ], [ 73.71625, 20.93636 ] ] ], [ [ [ 73.53538, 20.93627 ], [ 73.54495, 20.93342 ], [ 73.54326, 20.92468 ], [ 73.53358, 20.91521 ], [ 73.53004, 20.92435 ], [ 73.53096, 20.93142 ], [ 73.53538, 20.93627 ] ] ], [ [ [ 73.47055, 20.96866 ], [ 73.49618, 20.96637 ], [ 73.49685, 20.95772 ], [ 73.5074, 20.95274 ], [ 73.51026, 20.94739 ], [ 73.51384, 20.94873 ], [ 73.52522, 20.94346 ], [ 73.53027, 20.9392 ], [ 73.53013, 20.93439 ], [ 73.5124, 20.93539 ], [ 73.51104, 20.92608 ], [ 73.49516, 20.92074 ], [ 73.48726, 20.92696 ], [ 73.47554, 20.92829 ], [ 73.47051, 20.93146 ], [ 73.46847, 20.97015 ], [ 73.45462, 20.96315 ], [ 73.44572, 20.96233 ], [ 73.42761, 20.94824 ], [ 73.43221, 20.96084 ], [ 73.42997, 20.97538 ], [ 73.44782, 20.98344 ], [ 73.4573, 20.98286 ], [ 73.4625, 20.98723 ], [ 73.48202, 20.97921 ], [ 73.47055, 20.96866 ] ] ], [ [ [ 73.56115, 21.0145 ], [ 73.55535, 21.0135 ], [ 73.54536, 21.00363 ], [ 73.54227, 21.01092 ], [ 73.53469, 21.01655 ], [ 73.53702, 21.03208 ], [ 73.56363, 21.02233 ], [ 73.5716, 21.01283 ], [ 73.56695, 21.00999 ], [ 73.56115, 21.0145 ] ] ], [ [ [ 73.62541, 21.03415 ], [ 73.61953, 21.04063 ], [ 73.60935, 21.03772 ], [ 73.6069, 21.04332 ], [ 73.60761, 21.0509 ], [ 73.61693, 21.05789 ], [ 73.61638, 21.06574 ], [ 73.62096, 21.07411 ], [ 73.63015, 21.07389 ], [ 73.63202, 21.06563 ], [ 73.63615, 21.06246 ], [ 73.63584, 21.05558 ], [ 73.63933, 21.05423 ], [ 73.652, 21.0576 ], [ 73.65319, 21.06528 ], [ 73.64881, 21.07449 ], [ 73.63542, 21.07813 ], [ 73.63833, 21.08177 ], [ 73.63765, 21.08496 ], [ 73.63342, 21.0849 ], [ 73.63505, 21.09171 ], [ 73.6301, 21.1089 ], [ 73.62574, 21.1116 ], [ 73.61459, 21.10444 ], [ 73.60188, 21.11368 ], [ 73.60314, 21.11987 ], [ 73.60982, 21.12518 ], [ 73.61566, 21.12741 ], [ 73.61846, 21.11846 ], [ 73.63103, 21.12328 ], [ 73.64638, 21.12125 ], [ 73.6519, 21.1076 ], [ 73.6772, 21.10856 ], [ 73.68895, 21.10079 ], [ 73.70315, 21.11865 ], [ 73.70549, 21.10843 ], [ 73.72968, 21.09987 ], [ 73.73198, 21.10443 ], [ 73.74395, 21.11494 ], [ 73.73302, 21.09825 ], [ 73.72993, 21.08243 ], [ 73.73714, 21.08004 ], [ 73.73493, 21.05357 ], [ 73.70517, 21.04771 ], [ 73.69091, 21.05077 ], [ 73.68275, 21.04791 ], [ 73.67977, 21.04278 ], [ 73.66306, 21.03689 ], [ 73.64961, 21.04298 ], [ 73.63742, 21.04084 ], [ 73.62541, 21.03415 ] ] ], [ [ [ 73.66173, 21.15621 ], [ 73.66494, 21.1473 ], [ 73.64336, 21.13957 ], [ 73.62743, 21.14335 ], [ 73.62948, 21.15511 ], [ 73.66173, 21.15621 ] ] ], [ [ [ 73.59275, 21.22696 ], [ 73.5779, 21.2203 ], [ 73.57285, 21.22062 ], [ 73.57139, 21.22586 ], [ 73.58791, 21.23109 ], [ 73.59275, 21.22696 ] ] ], [ [ [ 73.7471, 20.57978 ], [ 73.72258, 20.57423 ], [ 73.71552, 20.58787 ], [ 73.72693, 20.59574 ], [ 73.71214, 20.60357 ], [ 73.68472, 20.59393 ], [ 73.68209, 20.59834 ], [ 73.67258, 20.59523 ], [ 73.66961, 20.59558 ], [ 73.66892, 20.59958 ], [ 73.65456, 20.60138 ], [ 73.65455, 20.60432 ], [ 73.6645, 20.60875 ], [ 73.66162, 20.61006 ], [ 73.66437, 20.61448 ], [ 73.66216, 20.62121 ], [ 73.67326, 20.62495 ], [ 73.68159, 20.63306 ], [ 73.68424, 20.62609 ], [ 73.68209, 20.61688 ], [ 73.70087, 20.61077 ], [ 73.70422, 20.61204 ], [ 73.70475, 20.61694 ], [ 73.71266, 20.61993 ], [ 73.70174, 20.62754 ], [ 73.70601, 20.62585 ], [ 73.71255, 20.62863 ], [ 73.72022, 20.62703 ], [ 73.7173, 20.62222 ], [ 73.72644, 20.62046 ], [ 73.72371, 20.61806 ], [ 73.73051, 20.61613 ], [ 73.73096, 20.60979 ], [ 73.73491, 20.60919 ], [ 73.73145, 20.61453 ], [ 73.75213, 20.61945 ], [ 73.7568, 20.61759 ], [ 73.76299, 20.62726 ], [ 73.7718, 20.62773 ], [ 73.77903, 20.63823 ], [ 73.77974, 20.63137 ], [ 73.7838, 20.63776 ], [ 73.79201, 20.63973 ], [ 73.80182, 20.63832 ], [ 73.81724, 20.62834 ], [ 73.82437, 20.63567 ], [ 73.8343, 20.63552 ], [ 73.83839, 20.62046 ], [ 73.82725, 20.61314 ], [ 73.81637, 20.61327 ], [ 73.80706, 20.60838 ], [ 73.7984, 20.59868 ], [ 73.79726, 20.60261 ], [ 73.79127, 20.60527 ], [ 73.77606, 20.60059 ], [ 73.76763, 20.58655 ], [ 73.75399, 20.58642 ], [ 73.7471, 20.57978 ] ] ], [ [ [ 73.79765, 20.66554 ], [ 73.79242, 20.66511 ], [ 73.78806, 20.66087 ], [ 73.77627, 20.66317 ], [ 73.7709, 20.66119 ], [ 73.76488, 20.66639 ], [ 73.75668, 20.66535 ], [ 73.75345, 20.66819 ], [ 73.75146, 20.66508 ], [ 73.7483, 20.67118 ], [ 73.75923, 20.67361 ], [ 73.7604, 20.66985 ], [ 73.76358, 20.6695 ], [ 73.7632, 20.67194 ], [ 73.77096, 20.66609 ], [ 73.7809, 20.66649 ], [ 73.78001, 20.67664 ], [ 73.78493, 20.67895 ], [ 73.78609, 20.68122 ], [ 73.77675, 20.68858 ], [ 73.75622, 20.69204 ], [ 73.75707, 20.69996 ], [ 73.75257, 20.70361 ], [ 73.74063, 20.70694 ], [ 73.73468, 20.70306 ], [ 73.73197, 20.70486 ], [ 73.7324, 20.71175 ], [ 73.73787, 20.7203 ], [ 73.7293, 20.72939 ], [ 73.73669, 20.74186 ], [ 73.73227, 20.74366 ], [ 73.71852, 20.73965 ], [ 73.70405, 20.74796 ], [ 73.70179, 20.7677 ], [ 73.70405, 20.77068 ], [ 73.70671, 20.77276 ], [ 73.70825, 20.76684 ], [ 73.70553, 20.76367 ], [ 73.70667, 20.75446 ], [ 73.71308, 20.75957 ], [ 73.71917, 20.75639 ], [ 73.72213, 20.76212 ], [ 73.72324, 20.75326 ], [ 73.72905, 20.74881 ], [ 73.73832, 20.75401 ], [ 73.7438, 20.76209 ], [ 73.7529, 20.75836 ], [ 73.75456, 20.7536 ], [ 73.74148, 20.73724 ], [ 73.74491, 20.73525 ], [ 73.74204, 20.7266 ], [ 73.75338, 20.72261 ], [ 73.75846, 20.7295 ], [ 73.75807, 20.73648 ], [ 73.77732, 20.74403 ], [ 73.79255, 20.73806 ], [ 73.80036, 20.73143 ], [ 73.81278, 20.73476 ], [ 73.82256, 20.73247 ], [ 73.82666, 20.73713 ], [ 73.8277, 20.74913 ], [ 73.82111, 20.75349 ], [ 73.83735, 20.74824 ], [ 73.84221, 20.75031 ], [ 73.84852, 20.74629 ], [ 73.85209, 20.74913 ], [ 73.85019, 20.75266 ], [ 73.8528, 20.75969 ], [ 73.85795, 20.75977 ], [ 73.86031, 20.75376 ], [ 73.8573, 20.75348 ], [ 73.85746, 20.74697 ], [ 73.8531, 20.74798 ], [ 73.85218, 20.74245 ], [ 73.85431, 20.73616 ], [ 73.85166, 20.72933 ], [ 73.85375, 20.72926 ], [ 73.85143, 20.72818 ], [ 73.8352, 20.73344 ], [ 73.83207, 20.73175 ], [ 73.8255, 20.72343 ], [ 73.82637, 20.70219 ], [ 73.81185, 20.69203 ], [ 73.81721, 20.67204 ], [ 73.83156, 20.67439 ], [ 73.83831, 20.65495 ], [ 73.83426, 20.65021 ], [ 73.82108, 20.65387 ], [ 73.81343, 20.65185 ], [ 73.81083, 20.65991 ], [ 73.80244, 20.65915 ], [ 73.79765, 20.66554 ] ], [ [ 73.76112, 20.73115 ], [ 73.76853, 20.72346 ], [ 73.76642, 20.72041 ], [ 73.77479, 20.71927 ], [ 73.77829, 20.71359 ], [ 73.78157, 20.71382 ], [ 73.78441, 20.71894 ], [ 73.78102, 20.7259 ], [ 73.77354, 20.72213 ], [ 73.76803, 20.73087 ], [ 73.76112, 20.73115 ] ] ], [ [ [ 73.6659, 20.80426 ], [ 73.66945, 20.80622 ], [ 73.67188, 20.80308 ], [ 73.66523, 20.78582 ], [ 73.66043, 20.78237 ], [ 73.65036, 20.78652 ], [ 73.65004, 20.79251 ], [ 73.65488, 20.79642 ], [ 73.65279, 20.80071 ], [ 73.65851, 20.80118 ], [ 73.66189, 20.80647 ], [ 73.6659, 20.80426 ] ] ], [ [ [ 73.89825, 20.74704 ], [ 73.93186, 20.76062 ], [ 73.93882, 20.76034 ], [ 73.94151, 20.75787 ], [ 73.93803, 20.74922 ], [ 73.94266, 20.74208 ], [ 73.92956, 20.72761 ], [ 73.92705, 20.7343 ], [ 73.91787, 20.72956 ], [ 73.91733, 20.72485 ], [ 73.90475, 20.72529 ], [ 73.89551, 20.73166 ], [ 73.88253, 20.73342 ], [ 73.87747, 20.73004 ], [ 73.8745, 20.75014 ], [ 73.87823, 20.7544 ], [ 73.88257, 20.75383 ], [ 73.89419, 20.74192 ], [ 73.89825, 20.74704 ] ] ], [ [ [ 73.91498, 20.77089 ], [ 73.90789, 20.76585 ], [ 73.89589, 20.77144 ], [ 73.8961, 20.78047 ], [ 73.90522, 20.78279 ], [ 73.90823, 20.79559 ], [ 73.90337, 20.8034 ], [ 73.90298, 20.81206 ], [ 73.89739, 20.81619 ], [ 73.91059, 20.83217 ], [ 73.9105, 20.84014 ], [ 73.91414, 20.83558 ], [ 73.91746, 20.83638 ], [ 73.92761, 20.84736 ], [ 73.92935, 20.84236 ], [ 73.94033, 20.83946 ], [ 73.94056, 20.82847 ], [ 73.94404, 20.82377 ], [ 73.93193, 20.8089 ], [ 73.93612, 20.8009 ], [ 73.93298, 20.79187 ], [ 73.93473, 20.77331 ], [ 73.93186, 20.76062 ], [ 73.92804, 20.77596 ], [ 73.92473, 20.77243 ], [ 73.91498, 20.77089 ] ] ], [ [ [ 73.80129, 20.80587 ], [ 73.8184, 20.80084 ], [ 73.81449, 20.78916 ], [ 73.82225, 20.77907 ], [ 73.81678, 20.77362 ], [ 73.81092, 20.77512 ], [ 73.80303, 20.78847 ], [ 73.80418, 20.79635 ], [ 73.80175, 20.79717 ], [ 73.80409, 20.79867 ], [ 73.80129, 20.80587 ] ] ] ] } },
{ "type": "Feature", "properties": { "gz_state": "KARNATAKA", "area_km2": 17785.06, "st": "KA", "notified_km2": 20668.0, "villages": 1429 }, "geometry": { "type": "MultiPolygon", "coordinates": [ [ [ [ 74.38684, 14.46399 ], [ 74.38641, 14.45293 ], [ 74.39122, 14.45266 ], [ 74.39019, 14.44998 ], [ 74.39492, 14.45157 ], [ 74.40076, 14.4417 ], [ 74.38425, 14.42909 ], [ 74.38024, 14.4308 ], [ 74.38338, 14.43245 ], [ 74.38285, 14.43841 ], [ 74.37562, 14.4608 ], [ 74.38684, 14.46399 ] ] ], [ [ [ 74.39157, 14.47468 ], [ 74.39992, 14.46878 ], [ 74.39958, 14.45935 ], [ 74.38943, 14.46814 ], [ 74.39157, 14.47468 ] ] ], [ [ [ 74.40461, 14.56514 ], [ 74.39101, 14.56609 ], [ 74.40009, 14.57084 ], [ 74.39969, 14.57466 ], [ 74.39446, 14.57617 ], [ 74.39514, 14.58456 ], [ 74.39103, 14.58687 ], [ 74.39887, 14.58759 ], [ 74.41204, 14.59677 ], [ 74.40764, 14.60718 ], [ 74.40926, 14.61376 ], [ 74.39736, 14.61207 ], [ 74.38874, 14.59814 ], [ 74.37504, 14.60224 ], [ 74.36072, 14.59739 ], [ 74.34099, 14.60412 ], [ 74.34358, 14.61189 ], [ 74.3541, 14.61052 ], [ 74.36177, 14.61669 ], [ 74.36598, 14.61532 ], [ 74.37738, 14.62092 ], [ 74.38903, 14.64507 ], [ 74.40135, 14.64661 ], [ 74.40794, 14.64538 ], [ 74.41521, 14.61943 ], [ 74.42588, 14.63139 ], [ 74.43344, 14.61985 ], [ 74.43613, 14.61031 ], [ 74.42579, 14.59709 ], [ 74.4268, 14.59018 ], [ 74.4314, 14.58852 ], [ 74.43689, 14.56585 ], [ 74.41803, 14.56371 ], [ 74.4147, 14.54853 ], [ 74.39605, 14.542 ], [ 74.39922, 14.56118 ], [ 74.40461, 14.56514 ] ] ], [ [ [ 74.3431, 14.60064 ], [ 74.35483, 14.5895 ], [ 74.34904, 14.58074 ], [ 74.34745, 14.59031 ], [ 74.34249, 14.5892 ], [ 74.33634, 14.59292 ], [ 74.33613, 14.59029 ], [ 74.33266, 14.59061 ], [ 74.3431, 14.60064 ] ] ], [ [ [ 74.31117, 14.63993 ], [ 74.31548, 14.6327 ], [ 74.31921, 14.63265 ], [ 74.3251, 14.62402 ], [ 74.31026, 14.62571 ], [ 74.30778, 14.6306 ], [ 74.31084, 14.63226 ], [ 74.30835, 14.63806 ], [ 74.31117, 14.63993 ] ] ], [ [ [ 74.36788, 14.63934 ], [ 74.34199, 14.63303 ], [ 74.34286, 14.6409 ], [ 74.33895, 14.64511 ], [ 74.34039, 14.65 ], [ 74.34601, 14.65093 ], [ 74.35026, 14.65756 ], [ 74.34677, 14.66398 ], [ 74.32894, 14.66769 ], [ 74.3323, 14.67076 ], [ 74.33246, 14.67697 ], [ 74.32854, 14.68181 ], [ 74.32278, 14.68271 ], [ 74.3163, 14.69077 ], [ 74.30937, 14.69001 ], [ 74.29767, 14.67572 ], [ 74.29095, 14.67435 ], [ 74.28988, 14.68219 ], [ 74.29812, 14.69843 ], [ 74.31073, 14.70122 ], [ 74.30423, 14.70948 ], [ 74.30594, 14.71745 ], [ 74.31645, 14.72203 ], [ 74.34448, 14.72439 ], [ 74.3715, 14.70868 ], [ 74.3708, 14.72111 ], [ 74.38316, 14.74161 ], [ 74.36409, 14.78239 ], [ 74.38018, 14.79494 ], [ 74.377, 14.81117 ], [ 74.38052, 14.83703 ], [ 74.36117, 14.8399 ], [ 74.34593, 14.84865 ], [ 74.33777, 14.84296 ], [ 74.32728, 14.82022 ], [ 74.35865, 14.80305 ], [ 74.36408, 14.78244 ], [ 74.34289, 14.77618 ], [ 74.34233, 14.76777 ], [ 74.3472, 14.75967 ], [ 74.34223, 14.75668 ], [ 74.3435, 14.75111 ], [ 74.33405, 14.74558 ], [ 74.32315, 14.74441 ], [ 74.31978, 14.74773 ], [ 74.30519, 14.73391 ], [ 74.29918, 14.72124 ], [ 74.29112, 14.72097 ], [ 74.27975, 14.72901 ], [ 74.27331, 14.73506 ], [ 74.26797, 14.74977 ], [ 74.25865, 14.75419 ], [ 74.24806, 14.74031 ], [ 74.2333, 14.74796 ], [ 74.2268, 14.74359 ], [ 74.2276, 14.73727 ], [ 74.21085, 14.73332 ], [ 74.20854, 14.73794 ], [ 74.20507, 14.73702 ], [ 74.20305, 14.73169 ], [ 74.20861, 14.72023 ], [ 74.20451, 14.71847 ], [ 74.19221, 14.72645 ], [ 74.19365, 14.73418 ], [ 74.18107, 14.74795 ], [ 74.16135, 14.75265 ], [ 74.16481, 14.75517 ], [ 74.15873, 14.77038 ], [ 74.16188, 14.76982 ], [ 74.16368, 14.77336 ], [ 74.16557, 14.78451 ], [ 74.14935, 14.80328 ], [ 74.15841, 14.80761 ], [ 74.15935, 14.81568 ], [ 74.16644, 14.81018 ], [ 74.17003, 14.82122 ], [ 74.15991, 14.81716 ], [ 74.17139, 14.84098 ], [ 74.15902, 14.84251 ], [ 74.15777, 14.84695 ], [ 74.17324, 14.85784 ], [ 74.18032, 14.84985 ], [ 74.19396, 14.846 ], [ 74.19798, 14.84143 ], [ 74.20367, 14.84374 ], [ 74.20003, 14.85213 ], [ 74.20949, 14.85219 ], [ 74.22091, 14.87231 ], [ 74.22561, 14.87228 ], [ 74.22384, 14.86217 ], [ 74.23029, 14.86154 ], [ 74.23562, 14.85149 ], [ 74.2612, 14.85207 ], [ 74.26067, 14.85497 ], [ 74.26835, 14.85669 ], [ 74.26628, 14.86271 ], [ 74.27534, 14.86858 ], [ 74.27558, 14.87706 ], [ 74.2614, 14.88653 ], [ 74.25528, 14.89374 ], [ 74.25686, 14.89735 ], [ 74.24837, 14.89704 ], [ 74.24413, 14.90063 ], [ 74.23684, 14.91281 ], [ 74.23066, 14.91171 ], [ 74.21743, 14.89505 ], [ 74.18488, 14.88055 ], [ 74.17958, 14.86995 ], [ 74.1768, 14.86903 ], [ 74.17007, 14.86322 ], [ 74.16778, 14.86318 ], [ 74.16747, 14.86998 ], [ 74.17193, 14.87375 ], [ 74.16937, 14.88002 ], [ 74.16461, 14.88215 ], [ 74.16519, 14.88634 ], [ 74.15787, 14.8844 ], [ 74.15508, 14.87892 ], [ 74.15026, 14.87954 ], [ 74.14677, 14.88544 ], [ 74.13591, 14.88112 ], [ 74.12953, 14.89144 ], [ 74.12417, 14.88896 ], [ 74.12146, 14.89098 ], [ 74.12251, 14.89661 ], [ 74.11656, 14.89943 ], [ 74.11537, 14.90714 ], [ 74.10861, 14.9142 ], [ 74.11461, 14.91836 ], [ 74.11998, 14.9169 ], [ 74.12422, 14.92532 ], [ 74.12983, 14.92547 ], [ 74.16212, 14.91214 ], [ 74.16591, 14.91859 ], [ 74.15416, 14.94343 ], [ 74.15915, 14.95585 ], [ 74.16361, 14.95848 ], [ 74.17946, 14.95705 ], [ 74.17972, 14.9508 ], [ 74.19126, 14.94501 ], [ 74.19473, 14.94 ], [ 74.19166, 14.93304 ], [ 74.20154, 14.92572 ], [ 74.21263, 14.94027 ], [ 74.21366, 14.94769 ], [ 74.21755, 14.94595 ], [ 74.23092, 14.95185 ], [ 74.23286, 14.96412 ], [ 74.23914, 14.96673 ], [ 74.2526, 14.95909 ], [ 74.25527, 14.97042 ], [ 74.2591, 14.97006 ], [ 74.26432, 14.97852 ], [ 74.25212, 14.99268 ], [ 74.2536, 14.99814 ], [ 74.26807, 15.00201 ], [ 74.26647, 15.00689 ], [ 74.28341, 15.02353 ], [ 74.28326, 15.03157 ], [ 74.29649, 15.04121 ], [ 74.29025, 15.05361 ], [ 74.28951, 15.06482 ], [ 74.28073, 15.06882 ], [ 74.27882, 15.0954 ], [ 74.27265, 15.0975 ], [ 74.27653, 15.10536 ], [ 74.28242, 15.10656 ], [ 74.28657, 15.12115 ], [ 74.2829, 15.13074 ], [ 74.28362, 15.1453 ], [ 74.28513, 15.14903 ], [ 74.29071, 15.14748 ], [ 74.29567, 15.15124 ], [ 74.31738, 15.18375 ], [ 74.30928, 15.19801 ], [ 74.31005, 15.20629 ], [ 74.29986, 15.21993 ], [ 74.30161, 15.22434 ], [ 74.2915, 15.23382 ], [ 74.2867, 15.23281 ], [ 74.25955, 15.24102 ], [ 74.25209, 15.25103 ], [ 74.25117, 15.25877 ], [ 74.26093, 15.26051 ], [ 74.27279, 15.28183 ], [ 74.27637, 15.28337 ], [ 74.28208, 15.28025 ], [ 74.29331, 15.28453 ], [ 74.29428, 15.28914 ], [ 74.30822, 15.2835 ], [ 74.32624, 15.28395 ], [ 74.33587, 15.29546 ], [ 74.32074, 15.31497 ], [ 74.31667, 15.33068 ], [ 74.32184, 15.3436 ], [ 74.31626, 15.363 ], [ 74.3232, 15.36768 ], [ 74.29871, 15.38194 ], [ 74.3099, 15.39804 ], [ 74.29799, 15.4062 ], [ 74.29606, 15.41419 ], [ 74.29809, 15.41689 ], [ 74.28143, 15.42148 ], [ 74.27506, 15.43645 ], [ 74.27737, 15.44049 ], [ 74.27549, 15.44872 ], [ 74.286, 15.44949 ], [ 74.28902, 15.45324 ], [ 74.29376, 15.45042 ], [ 74.30208, 15.45443 ], [ 74.3051, 15.47488 ], [ 74.27675, 15.47272 ], [ 74.26821, 15.47851 ], [ 74.26465, 15.47105 ], [ 74.25091, 15.49159 ], [ 74.25517, 15.50308 ], [ 74.27647, 15.51489 ], [ 74.28265, 15.53142 ], [ 74.27792, 15.54611 ], [ 74.26315, 15.56394 ], [ 74.25833, 15.56169 ], [ 74.24967, 15.56765 ], [ 74.24519, 15.5666 ], [ 74.25053, 15.57737 ], [ 74.24874, 15.58038 ], [ 74.26025, 15.59263 ], [ 74.25999, 15.60673 ], [ 74.2643, 15.61551 ], [ 74.25372, 15.62674 ], [ 74.24826, 15.6229 ], [ 74.24416, 15.62611 ], [ 74.25198, 15.65431 ], [ 74.25044, 15.65726 ], [ 74.24485, 15.6582 ], [ 74.23636, 15.66858 ], [ 74.22841, 15.66444 ], [ 74.22378, 15.66898 ], [ 74.21515, 15.66287 ], [ 74.22216, 15.65564 ], [ 74.20513, 15.65103 ], [ 74.20175, 15.65634 ], [ 74.20406, 15.66368 ], [ 74.18684, 15.66745 ], [ 74.1861, 15.6745 ], [ 74.19084, 15.67895 ], [ 74.18193, 15.68221 ], [ 74.1674, 15.67202 ], [ 74.16559, 15.65438 ], [ 74.15747, 15.65467 ], [ 74.15435, 15.6499 ], [ 74.14909, 15.65197 ], [ 74.13554, 15.64837 ], [ 74.11829, 15.65201 ], [ 74.11094, 15.65769 ], [ 74.09901, 15.6599 ], [ 74.08828, 15.66994 ], [ 74.09136, 15.67463 ], [ 74.10885, 15.67269 ], [ 74.12577, 15.68097 ], [ 74.13072, 15.68963 ], [ 74.13213, 15.7024 ], [ 74.13143, 15.70587 ], [ 74.12618, 15.70796 ], [ 74.1261, 15.71846 ], [ 74.12217, 15.72073 ], [ 74.12582, 15.72411 ], [ 74.13076, 15.72336 ], [ 74.13396, 15.72982 ], [ 74.15097, 15.73581 ], [ 74.1533, 15.74363 ], [ 74.16156, 15.75129 ], [ 74.18953, 15.75212 ], [ 74.20143, 15.75862 ], [ 74.20897, 15.78127 ], [ 74.21319, 15.78009 ], [ 74.22777, 15.7884 ], [ 74.2335, 15.78699 ], [ 74.23465, 15.77919 ], [ 74.22751, 15.76907 ], [ 74.22763, 15.75658 ], [ 74.23652, 15.74822 ], [ 74.23479, 15.74024 ], [ 74.24185, 15.7282 ], [ 74.2429, 15.71552 ], [ 74.24563, 15.7125 ], [ 74.25084, 15.71556 ], [ 74.25582, 15.71263 ], [ 74.27472, 15.71582 ], [ 74.27195, 15.70582 ], [ 74.28042, 15.68238 ], [ 74.29568, 15.68593 ], [ 74.31649, 15.68576 ], [ 74.31929, 15.71007 ], [ 74.33272, 15.705 ], [ 74.34271, 15.70567 ], [ 74.33971, 15.72351 ], [ 74.32492, 15.73402 ], [ 74.31406, 15.73368 ], [ 74.31054, 15.72501 ], [ 74.31372, 15.71883 ], [ 74.31227, 15.70966 ], [ 74.30967, 15.71262 ], [ 74.29895, 15.70875 ], [ 74.29031, 15.71343 ], [ 74.27982, 15.71174 ], [ 74.27573, 15.71496 ], [ 74.27811, 15.71958 ], [ 74.27495, 15.73155 ], [ 74.28524, 15.74171 ], [ 74.3079, 15.74848 ], [ 74.30974, 15.75489 ], [ 74.31862, 15.75838 ], [ 74.32307, 15.77268 ], [ 74.34069, 15.76467 ], [ 74.34181, 15.75555 ], [ 74.33315, 15.74288 ], [ 74.34381, 15.74366 ], [ 74.36017, 15.75711 ], [ 74.3624, 15.76585 ], [ 74.3746, 15.7666 ], [ 74.39164, 15.76051 ], [ 74.38861, 15.75158 ], [ 74.41958, 15.74199 ], [ 74.41691, 15.73212 ], [ 74.42259, 15.72201 ], [ 74.42145, 15.71145 ], [ 74.40939, 15.71081 ], [ 74.40001, 15.71605 ], [ 74.39707, 15.73364 ], [ 74.37783, 15.72767 ], [ 74.37816, 15.71285 ], [ 74.3872, 15.70842 ], [ 74.38663, 15.68167 ], [ 74.37181, 15.67159 ], [ 74.36247, 15.67247 ], [ 74.3658, 15.66803 ], [ 74.36127, 15.65695 ], [ 74.36413, 15.64162 ], [ 74.39018, 15.64618 ], [ 74.39344, 15.65405 ], [ 74.40397, 15.65977 ], [ 74.41786, 15.63242 ], [ 74.43298, 15.6373 ], [ 74.43493, 15.63362 ], [ 74.44118, 15.63423 ], [ 74.44767, 15.62041 ], [ 74.46118, 15.62117 ], [ 74.46318, 15.61614 ], [ 74.47028, 15.61532 ], [ 74.47274, 15.61788 ], [ 74.48591, 15.61809 ], [ 74.49406, 15.61561 ], [ 74.48884, 15.61282 ], [ 74.49181, 15.60738 ], [ 74.48618, 15.5987 ], [ 74.48731, 15.59289 ], [ 74.48392, 15.59445 ], [ 74.47395, 15.58568 ], [ 74.46297, 15.58389 ], [ 74.45096, 15.57006 ], [ 74.45717, 15.564 ], [ 74.45353, 15.54693 ], [ 74.45592, 15.53543 ], [ 74.47482, 15.53188 ], [ 74.47859, 15.52313 ], [ 74.48885, 15.51657 ], [ 74.5025, 15.52521 ], [ 74.51458, 15.5211 ], [ 74.5148, 15.51519 ], [ 74.50409, 15.50079 ], [ 74.51356, 15.49822 ], [ 74.54213, 15.51043 ], [ 74.55306, 15.50649 ], [ 74.5588, 15.49007 ], [ 74.54678, 15.47815 ], [ 74.52791, 15.49184 ], [ 74.52181, 15.4858 ], [ 74.51907, 15.46403 ], [ 74.52646, 15.45051 ], [ 74.5376, 15.44903 ], [ 74.56255, 15.4567 ], [ 74.56083, 15.46317 ], [ 74.55193, 15.4628 ], [ 74.54853, 15.46787 ], [ 74.54906, 15.47535 ], [ 74.56164, 15.47521 ], [ 74.56863, 15.48219 ], [ 74.59418, 15.49171 ], [ 74.59942, 15.48622 ], [ 74.59558, 15.48179 ], [ 74.59831, 15.47046 ], [ 74.62721, 15.46386 ], [ 74.63141, 15.4525 ], [ 74.6114, 15.45169 ], [ 74.60487, 15.44208 ], [ 74.60881, 15.43324 ], [ 74.6241, 15.42836 ], [ 74.63664, 15.42966 ], [ 74.63605, 15.42599 ], [ 74.65218, 15.40199 ], [ 74.65089, 15.39293 ], [ 74.64186, 15.38267 ], [ 74.63529, 15.36842 ], [ 74.6138, 15.35929 ], [ 74.61332, 15.35082 ], [ 74.60087, 15.33511 ], [ 74.59864, 15.32897 ], [ 74.60091, 15.32509 ], [ 74.57211, 15.31747 ], [ 74.56449, 15.30773 ], [ 74.57198, 15.29523 ], [ 74.57805, 15.29307 ], [ 74.56612, 15.28143 ], [ 74.57267, 15.27168 ], [ 74.6024, 15.2718 ], [ 74.59578, 15.25668 ], [ 74.58267, 15.25008 ], [ 74.56934, 15.25304 ], [ 74.56525, 15.26483 ], [ 74.55857, 15.26687 ], [ 74.54466, 15.2603 ], [ 74.54012, 15.26331 ], [ 74.53919, 15.27231 ], [ 74.53332, 15.27957 ], [ 74.5515, 15.29498 ], [ 74.54101, 15.31275 ], [ 74.52873, 15.31198 ], [ 74.52467, 15.32354 ], [ 74.49837, 15.31465 ], [ 74.48208, 15.31642 ], [ 74.47142, 15.32243 ], [ 74.47089, 15.32666 ], [ 74.47604, 15.33186 ], [ 74.46172, 15.33976 ], [ 74.45791, 15.3475 ], [ 74.44968, 15.34902 ], [ 74.44728, 15.33934 ], [ 74.43668, 15.34853 ], [ 74.41579, 15.34592 ], [ 74.41798, 15.3416 ], [ 74.4084, 15.32962 ], [ 74.40682, 15.33421 ], [ 74.39909, 15.33893 ], [ 74.39939, 15.34335 ], [ 74.40798, 15.34764 ], [ 74.39995, 15.36938 ], [ 74.40382, 15.37749 ], [ 74.38969, 15.3777 ], [ 74.38879, 15.38381 ], [ 74.38587, 15.37896 ], [ 74.38192, 15.37879 ], [ 74.3815, 15.37486 ], [ 74.37206, 15.37228 ], [ 74.37277, 15.3687 ], [ 74.37962, 15.3684 ], [ 74.38269, 15.36467 ], [ 74.38242, 15.35814 ], [ 74.38904, 15.35867 ], [ 74.38836, 15.35435 ], [ 74.38362, 15.35384 ], [ 74.38118, 15.34136 ], [ 74.38495, 15.3404 ], [ 74.38693, 15.34437 ], [ 74.38966, 15.34234 ], [ 74.37259, 15.31933 ], [ 74.38864, 15.33182 ], [ 74.39436, 15.32618 ], [ 74.40885, 15.32604 ], [ 74.41032, 15.32197 ], [ 74.40573, 15.31419 ], [ 74.39881, 15.31044 ], [ 74.40587, 15.30046 ], [ 74.42532, 15.29272 ], [ 74.42557, 15.28028 ], [ 74.40694, 15.27873 ], [ 74.40523, 15.27586 ], [ 74.39808, 15.29155 ], [ 74.38614, 15.29756 ], [ 74.3846, 15.31039 ], [ 74.37168, 15.31923 ], [ 74.36366, 15.31832 ], [ 74.35352, 15.30776 ], [ 74.3541, 15.29572 ], [ 74.36952, 15.28164 ], [ 74.36045, 15.26935 ], [ 74.36087, 15.25675 ], [ 74.38238, 15.2638 ], [ 74.38512, 15.25393 ], [ 74.38263, 15.24059 ], [ 74.38471, 15.23544 ], [ 74.37761, 15.22906 ], [ 74.37667, 15.21534 ], [ 74.38284, 15.19239 ], [ 74.37982, 15.17689 ], [ 74.38855, 15.16935 ], [ 74.42344, 15.15662 ], [ 74.43498, 15.17291 ], [ 74.44638, 15.17592 ], [ 74.45111, 15.19538 ], [ 74.4482, 15.19932 ], [ 74.44947, 15.20364 ], [ 74.44562, 15.20698 ], [ 74.44462, 15.21803 ], [ 74.43933, 15.22438 ], [ 74.44111, 15.23131 ], [ 74.44432, 15.23388 ], [ 74.44601, 15.23392 ], [ 74.44341, 15.23266 ], [ 74.45909, 15.23244 ], [ 74.47562, 15.22631 ], [ 74.48131, 15.23103 ], [ 74.4953, 15.20731 ], [ 74.49235, 15.18808 ], [ 74.49873, 15.18708 ], [ 74.51236, 15.19181 ], [ 74.51311, 15.18296 ], [ 74.52878, 15.17747 ], [ 74.52984, 15.18798 ], [ 74.53989, 15.18702 ], [ 74.5357, 15.21033 ], [ 74.5291, 15.20629 ], [ 74.52473, 15.21054 ], [ 74.53265, 15.21381 ], [ 74.52962, 15.21772 ], [ 74.53181, 15.22457 ], [ 74.55814, 15.22552 ], [ 74.56727, 15.21993 ], [ 74.57776, 15.20581 ], [ 74.56111, 15.19392 ], [ 74.55813, 15.17736 ], [ 74.56113, 15.16756 ], [ 74.58387, 15.1814 ], [ 74.59343, 15.16823 ], [ 74.59763, 15.15039 ], [ 74.61573, 15.14607 ], [ 74.61812, 15.1538 ], [ 74.62714, 15.15779 ], [ 74.62862, 15.14121 ], [ 74.61358, 15.13819 ], [ 74.59377, 15.12393 ], [ 74.56214, 15.16562 ], [ 74.55241, 15.15939 ], [ 74.52687, 15.15337 ], [ 74.57991, 15.09789 ], [ 74.57117, 15.09418 ], [ 74.5804, 15.08052 ], [ 74.59048, 15.08076 ], [ 74.60082, 15.07397 ], [ 74.56545, 15.06129 ], [ 74.56792, 15.0515 ], [ 74.55812, 15.03948 ], [ 74.56082, 15.03322 ], [ 74.55862, 15.02556 ], [ 74.56524, 15.02561 ], [ 74.57728, 15.01462 ], [ 74.602, 15.02919 ], [ 74.60064, 15.05266 ], [ 74.60403, 15.06318 ], [ 74.62003, 15.0661 ], [ 74.634, 15.07662 ], [ 74.63769, 15.08367 ], [ 74.64744, 15.07797 ], [ 74.67457, 15.09809 ], [ 74.68302, 15.0929 ], [ 74.68818, 15.09822 ], [ 74.69479, 15.09782 ], [ 74.70068, 15.10454 ], [ 74.71756, 15.08078 ], [ 74.72457, 15.08407 ], [ 74.73134, 15.08316 ], [ 74.73307, 15.0897 ], [ 74.7432, 15.08464 ], [ 74.7534, 15.09596 ], [ 74.75872, 15.06026 ], [ 74.7643, 15.04822 ], [ 74.75791, 15.01732 ], [ 74.76837, 15.02395 ], [ 74.78538, 15.01022 ], [ 74.76365, 15.00463 ], [ 74.76141, 14.9998 ], [ 74.73563, 14.98549 ], [ 74.72744, 14.98922 ], [ 74.71979, 14.98478 ], [ 74.71393, 14.97765 ], [ 74.71458, 14.97523 ], [ 74.71879, 14.97949 ], [ 74.71991, 14.97315 ], [ 74.70524, 14.97448 ], [ 74.70518, 14.96686 ], [ 74.69055, 14.9538 ], [ 74.68195, 14.95295 ], [ 74.67729, 14.96006 ], [ 74.669, 14.95817 ], [ 74.66618, 14.94723 ], [ 74.67623, 14.94581 ], [ 74.68464, 14.92824 ], [ 74.6784, 14.92103 ], [ 74.67081, 14.92799 ], [ 74.66767, 14.92774 ], [ 74.6686, 14.92218 ], [ 74.66557, 14.91949 ], [ 74.67267, 14.90702 ], [ 74.66756, 14.89996 ], [ 74.66816, 14.89393 ], [ 74.65983, 14.89353 ], [ 74.65569, 14.91196 ], [ 74.64756, 14.91796 ], [ 74.64089, 14.89895 ], [ 74.63626, 14.9012 ], [ 74.63715, 14.90982 ], [ 74.632, 14.88994 ], [ 74.62333, 14.88735 ], [ 74.62163, 14.88959 ], [ 74.61976, 14.87368 ], [ 74.61299, 14.87708 ], [ 74.6134, 14.87114 ], [ 74.61062, 14.87011 ], [ 74.60864, 14.88522 ], [ 74.60302, 14.88956 ], [ 74.60473, 14.89876 ], [ 74.5891, 14.90864 ], [ 74.57914, 14.88924 ], [ 74.59806, 14.87791 ], [ 74.59605, 14.87596 ], [ 74.58549, 14.88044 ], [ 74.58445, 14.87624 ], [ 74.58901, 14.87302 ], [ 74.58087, 14.86938 ], [ 74.59725, 14.84161 ], [ 74.61346, 14.85337 ], [ 74.62851, 14.82343 ], [ 74.63927, 14.83596 ], [ 74.64511, 14.83541 ], [ 74.64636, 14.84401 ], [ 74.6532, 14.84742 ], [ 74.65484, 14.8699 ], [ 74.66297, 14.86883 ], [ 74.68218, 14.88011 ], [ 74.686, 14.87506 ], [ 74.68895, 14.87905 ], [ 74.69371, 14.8785 ], [ 74.69112, 14.87186 ], [ 74.70339, 14.86248 ], [ 74.70053, 14.87192 ], [ 74.71967, 14.87969 ], [ 74.71494, 14.88487 ], [ 74.73077, 14.89665 ], [ 74.72256, 14.90959 ], [ 74.71121, 14.91408 ], [ 74.71345, 14.91853 ], [ 74.71014, 14.92075 ], [ 74.71421, 14.92481 ], [ 74.71636, 14.93847 ], [ 74.71218, 14.93737 ], [ 74.70354, 14.94518 ], [ 74.70612, 14.95203 ], [ 74.7246, 14.94752 ], [ 74.73296, 14.95246 ], [ 74.72917, 14.95505 ], [ 74.74937, 14.94443 ], [ 74.75861, 14.95286 ], [ 74.75751, 14.95814 ], [ 74.76672, 14.9592 ], [ 74.77067, 14.96276 ], [ 74.76854, 14.96537 ], [ 74.77764, 14.96893 ], [ 74.78618, 14.9659 ], [ 74.7998, 14.93467 ], [ 74.81235, 14.93763 ], [ 74.81203, 14.94537 ], [ 74.8161, 14.95054 ], [ 74.81621, 14.95446 ], [ 74.81297, 14.95505 ], [ 74.81351, 14.96226 ], [ 74.80492, 14.97236 ], [ 74.79973, 14.97238 ], [ 74.79582, 14.96836 ], [ 74.78798, 14.98685 ], [ 74.79352, 15.01223 ], [ 74.83109, 15.04535 ], [ 74.84702, 15.04659 ], [ 74.85892, 15.05353 ], [ 74.90127, 15.03042 ], [ 74.8974, 15.02377 ], [ 74.88971, 15.02483 ], [ 74.88592, 15.00049 ], [ 74.87926, 14.99769 ], [ 74.87593, 14.98754 ], [ 74.87083, 14.98499 ], [ 74.87044, 14.97194 ], [ 74.86558, 14.96583 ], [ 74.88356, 14.96034 ], [ 74.89231, 14.93561 ], [ 74.91852, 14.91424 ], [ 74.93498, 14.90964 ], [ 74.93111, 14.90327 ], [ 74.91368, 14.90165 ], [ 74.91809, 14.87186 ], [ 74.90148, 14.88005 ], [ 74.88914, 14.876 ], [ 74.88344, 14.86175 ], [ 74.86876, 14.856 ], [ 74.86313, 14.8604 ], [ 74.85799, 14.84523 ], [ 74.87563, 14.84121 ], [ 74.8787, 14.8305 ], [ 74.88297, 14.82773 ], [ 74.87713, 14.81718 ], [ 74.88306, 14.81417 ], [ 74.90426, 14.82272 ], [ 74.91485, 14.83232 ], [ 74.94221, 14.83985 ], [ 74.94407, 14.83358 ], [ 74.93962, 14.81929 ], [ 74.92665, 14.8028 ], [ 74.90789, 14.81008 ], [ 74.90724, 14.79496 ], [ 74.91794, 14.7664 ], [ 74.90689, 14.76987 ], [ 74.89393, 14.76835 ], [ 74.88357, 14.75983 ], [ 74.88728, 14.74833 ], [ 74.88421, 14.75016 ], [ 74.87908, 14.73939 ], [ 74.87376, 14.73775 ], [ 74.84705, 14.73243 ], [ 74.84641, 14.7479 ], [ 74.83003, 14.73962 ], [ 74.83307, 14.72989 ], [ 74.82898, 14.7254 ], [ 74.83368, 14.70666 ], [ 74.82083, 14.7056 ], [ 74.81922, 14.69746 ], [ 74.8236, 14.6909 ], [ 74.81791, 14.68635 ], [ 74.82133, 14.67965 ], [ 74.81168, 14.67941 ], [ 74.80803, 14.67178 ], [ 74.81417, 14.66813 ], [ 74.81236, 14.66175 ], [ 74.81958, 14.65707 ], [ 74.81919, 14.66238 ], [ 74.83288, 14.67541 ], [ 74.82912, 14.69006 ], [ 74.83608, 14.69233 ], [ 74.83708, 14.69829 ], [ 74.84093, 14.6979 ], [ 74.84164, 14.702 ], [ 74.85332, 14.70383 ], [ 74.85546, 14.71046 ], [ 74.86173, 14.70952 ], [ 74.86543, 14.7202 ], [ 74.87281, 14.72492 ], [ 74.87887, 14.72491 ], [ 74.88686, 14.71882 ], [ 74.91711, 14.7333 ], [ 74.91579, 14.7452 ], [ 74.91983, 14.74868 ], [ 74.93547, 14.73743 ], [ 74.95153, 14.74049 ], [ 74.95398, 14.73306 ], [ 74.96048, 14.73106 ], [ 74.96104, 14.72508 ], [ 74.94688, 14.72484 ], [ 74.9443, 14.71831 ], [ 74.93916, 14.72577 ], [ 74.93394, 14.72601 ], [ 74.92998, 14.71334 ], [ 74.92406, 14.7133 ], [ 74.9202, 14.70601 ], [ 74.89875, 14.69089 ], [ 74.90183, 14.68474 ], [ 74.8967, 14.66918 ], [ 74.90396, 14.6727 ], [ 74.90685, 14.67051 ], [ 74.90624, 14.66486 ], [ 74.91389, 14.66373 ], [ 74.92302, 14.67109 ], [ 74.93436, 14.66168 ], [ 74.94324, 14.65967 ], [ 74.95297, 14.65016 ], [ 74.95539, 14.65057 ], [ 74.95617, 14.65916 ], [ 74.97051, 14.64841 ], [ 74.97823, 14.63805 ], [ 74.98979, 14.63286 ], [ 75.00389, 14.6351 ], [ 75.01285, 14.63049 ], [ 75.01614, 14.62201 ], [ 75.00366, 14.62064 ], [ 75.01177, 14.61037 ], [ 75.0048, 14.60744 ], [ 75.01928, 14.58952 ], [ 75.02551, 14.59058 ], [ 75.02787, 14.58468 ], [ 75.02282, 14.57931 ], [ 75.02557, 14.57692 ], [ 75.02076, 14.57467 ], [ 75.0146, 14.57885 ], [ 75.01377, 14.56522 ], [ 75.00003, 14.56866 ], [ 74.99352, 14.57417 ], [ 74.99677, 14.5731 ], [ 74.99384, 14.57527 ], [ 74.99418, 14.58128 ], [ 75.00278, 14.58559 ], [ 75.00416, 14.59008 ], [ 74.99323, 14.59933 ], [ 74.98957, 14.59084 ], [ 74.98518, 14.58873 ], [ 74.97847, 14.59004 ], [ 74.96048, 14.60221 ], [ 74.95388, 14.60095 ], [ 74.94612, 14.59172 ], [ 74.95124, 14.5897 ], [ 74.95594, 14.57696 ], [ 74.95898, 14.57622 ], [ 74.96027, 14.5593 ], [ 74.95574, 14.55553 ], [ 74.94614, 14.56099 ], [ 74.93077, 14.56256 ], [ 74.93782, 14.55079 ], [ 74.95607, 14.55379 ], [ 74.95051, 14.53668 ], [ 74.94511, 14.53296 ], [ 74.93617, 14.53757 ], [ 74.93976, 14.54341 ], [ 74.93723, 14.54575 ], [ 74.92634, 14.53426 ], [ 74.91482, 14.53536 ], [ 74.90791, 14.54797 ], [ 74.90086, 14.5507 ], [ 74.89266, 14.54618 ], [ 74.8917, 14.53499 ], [ 74.88255, 14.52649 ], [ 74.87578, 14.52647 ], [ 74.87666, 14.52414 ], [ 74.85844, 14.51295 ], [ 74.86379, 14.50787 ], [ 74.85739, 14.50436 ], [ 74.85892, 14.48975 ], [ 74.85426, 14.49053 ], [ 74.85334, 14.48448 ], [ 74.85822, 14.48335 ], [ 74.86085, 14.48693 ], [ 74.86828, 14.47879 ], [ 74.87962, 14.48125 ], [ 74.88074, 14.46981 ], [ 74.88401, 14.47185 ], [ 74.88647, 14.46979 ], [ 74.8915, 14.4755 ], [ 74.90769, 14.47117 ], [ 74.91774, 14.46697 ], [ 74.92037, 14.45894 ], [ 74.90888, 14.45787 ], [ 74.89892, 14.46456 ], [ 74.88845, 14.46025 ], [ 74.87398, 14.44725 ], [ 74.87899, 14.43536 ], [ 74.86564, 14.43023 ], [ 74.86486, 14.42302 ], [ 74.87229, 14.41983 ], [ 74.87947, 14.42474 ], [ 74.87993, 14.42933 ], [ 74.91772, 14.43071 ], [ 74.91477, 14.42406 ], [ 74.89563, 14.40946 ], [ 74.88134, 14.41056 ], [ 74.87574, 14.40762 ], [ 74.86874, 14.39972 ], [ 74.86862, 14.39048 ], [ 74.85823, 14.39435 ], [ 74.85727, 14.40075 ], [ 74.85225, 14.39396 ], [ 74.84793, 14.39638 ], [ 74.86251, 14.41145 ], [ 74.85752, 14.41853 ], [ 74.84846, 14.42044 ], [ 74.84849, 14.41332 ], [ 74.83908, 14.40457 ], [ 74.82924, 14.40662 ], [ 74.8105, 14.40137 ], [ 74.80808, 14.39606 ], [ 74.79747, 14.38835 ], [ 74.78811, 14.40293 ], [ 74.77959, 14.40187 ], [ 74.76311, 14.40574 ], [ 74.75793, 14.40305 ], [ 74.76694, 14.39846 ], [ 74.76679, 14.3928 ], [ 74.76015, 14.39623 ], [ 74.75747, 14.38969 ], [ 74.76465, 14.37483 ], [ 74.76269, 14.37289 ], [ 74.76588, 14.3707 ], [ 74.7639, 14.36728 ], [ 74.76854, 14.36555 ], [ 74.76787, 14.35953 ], [ 74.76354, 14.36023 ], [ 74.76266, 14.36496 ], [ 74.75976, 14.36363 ], [ 74.75856, 14.3691 ], [ 74.75431, 14.36632 ], [ 74.7346, 14.36908 ], [ 74.73929, 14.37712 ], [ 74.73576, 14.38229 ], [ 74.73063, 14.37653 ], [ 74.72698, 14.37876 ], [ 74.71764, 14.37577 ], [ 74.70752, 14.3672 ], [ 74.70237, 14.36754 ], [ 74.69641, 14.37457 ], [ 74.69717, 14.36385 ], [ 74.68548, 14.35078 ], [ 74.68745, 14.33616 ], [ 74.69977, 14.33631 ], [ 74.70054, 14.34362 ], [ 74.70448, 14.34372 ], [ 74.71238, 14.35241 ], [ 74.72617, 14.35514 ], [ 74.73986, 14.36305 ], [ 74.73908, 14.3528 ], [ 74.74669, 14.34458 ], [ 74.74319, 14.33822 ], [ 74.7517, 14.34262 ], [ 74.76501, 14.33844 ], [ 74.7782, 14.34583 ], [ 74.78087, 14.35027 ], [ 74.77909, 14.3548 ], [ 74.78985, 14.35954 ], [ 74.78539, 14.36397 ], [ 74.78537, 14.36957 ], [ 74.80023, 14.37033 ], [ 74.80084, 14.36444 ], [ 74.80477, 14.367 ], [ 74.80799, 14.35998 ], [ 74.8043, 14.35474 ], [ 74.7984, 14.35778 ], [ 74.79424, 14.34827 ], [ 74.79908, 14.33939 ], [ 74.79782, 14.32154 ], [ 74.80982, 14.3114 ], [ 74.80791, 14.30523 ], [ 74.82913, 14.31888 ], [ 74.8321, 14.31856 ], [ 74.8351, 14.30929 ], [ 74.82257, 14.29376 ], [ 74.81146, 14.29053 ], [ 74.80893, 14.27566 ], [ 74.8404, 14.27876 ], [ 74.84145, 14.2731 ], [ 74.83457, 14.26513 ], [ 74.84333, 14.26296 ], [ 74.84253, 14.25788 ], [ 74.84732, 14.25739 ], [ 74.85272, 14.26446 ], [ 74.86552, 14.26652 ], [ 74.86681, 14.25939 ], [ 74.87923, 14.24867 ], [ 74.87338, 14.24006 ], [ 74.88087, 14.23293 ], [ 74.87588, 14.22604 ], [ 74.87567, 14.21934 ], [ 74.87987, 14.21979 ], [ 74.87851, 14.21409 ], [ 74.89448, 14.21694 ], [ 74.89309, 14.20522 ], [ 74.89844, 14.20203 ], [ 74.89921, 14.19667 ], [ 74.912, 14.1895 ], [ 74.91362, 14.19176 ], [ 74.91884, 14.18989 ], [ 74.91778, 14.18159 ], [ 74.90674, 14.17837 ], [ 74.90714, 14.16692 ], [ 74.92834, 14.15296 ], [ 74.92971, 14.13776 ], [ 74.9292, 14.13399 ], [ 74.92186, 14.13913 ], [ 74.9101, 14.12313 ], [ 74.90521, 14.13092 ], [ 74.91219, 14.13631 ], [ 74.91052, 14.14637 ], [ 74.90501, 14.14701 ], [ 74.88977, 14.16147 ], [ 74.88499, 14.15971 ], [ 74.88282, 14.16394 ], [ 74.88607, 14.16895 ], [ 74.87706, 14.16701 ], [ 74.87608, 14.17102 ], [ 74.86959, 14.17111 ], [ 74.86573, 14.17925 ], [ 74.86871, 14.1836 ], [ 74.86183, 14.18146 ], [ 74.85861, 14.18554 ], [ 74.86297, 14.19645 ], [ 74.85661, 14.21003 ], [ 74.85374, 14.20925 ], [ 74.84869, 14.21699 ], [ 74.83282, 14.21606 ], [ 74.8389, 14.22749 ], [ 74.83255, 14.22921 ], [ 74.82266, 14.22551 ], [ 74.81882, 14.23056 ], [ 74.80991, 14.22825 ], [ 74.79889, 14.23121 ], [ 74.79273, 14.22802 ], [ 74.77601, 14.24081 ], [ 74.75268, 14.25163 ], [ 74.73303, 14.26741 ], [ 74.71238, 14.23477 ], [ 74.72613, 14.1738 ], [ 74.73028, 14.189 ], [ 74.74942, 14.21156 ], [ 74.75242, 14.20365 ], [ 74.76716, 14.20232 ], [ 74.7654, 14.19805 ], [ 74.78068, 14.19235 ], [ 74.76654, 14.18024 ], [ 74.77121, 14.18168 ], [ 74.77543, 14.17739 ], [ 74.77872, 14.1812 ], [ 74.78528, 14.16497 ], [ 74.79051, 14.16677 ], [ 74.78835, 14.16983 ], [ 74.79866, 14.18118 ], [ 74.79561, 14.19003 ], [ 74.79857, 14.19317 ], [ 74.80679, 14.18218 ], [ 74.8085, 14.17465 ], [ 74.81758, 14.17127 ], [ 74.81452, 14.15863 ], [ 74.82751, 14.15411 ], [ 74.83932, 14.15713 ], [ 74.85202, 14.15415 ], [ 74.85035, 14.15941 ], [ 74.8556, 14.16446 ], [ 74.85861, 14.15481 ], [ 74.85493, 14.15102 ], [ 74.86558, 14.14912 ], [ 74.86747, 14.14275 ], [ 74.87284, 14.14201 ], [ 74.86149, 14.1303 ], [ 74.85456, 14.13292 ], [ 74.8432, 14.12605 ], [ 74.83339, 14.13715 ], [ 74.82592, 14.12932 ], [ 74.81796, 14.12973 ], [ 74.81126, 14.12467 ], [ 74.80143, 14.1313 ], [ 74.78743, 14.13217 ], [ 74.78396, 14.14882 ], [ 74.77839, 14.14925 ], [ 74.76731, 14.14324 ], [ 74.77428, 14.1164 ], [ 74.78237, 14.11406 ], [ 74.78204, 14.09968 ], [ 74.77161, 14.09878 ], [ 74.77787, 14.09446 ], [ 74.78079, 14.08714 ], [ 74.80598, 14.07914 ], [ 74.80531, 14.07324 ], [ 74.80876, 14.06985 ], [ 74.81918, 14.07731 ], [ 74.82603, 14.07464 ], [ 74.82173, 14.06162 ], [ 74.81662, 14.06006 ], [ 74.82713, 14.05017 ], [ 74.82605, 14.03198 ], [ 74.82918, 14.03206 ], [ 74.83863, 14.04328 ], [ 74.84431, 14.03617 ], [ 74.84696, 14.04249 ], [ 74.85467, 14.03997 ], [ 74.86551, 14.04853 ], [ 74.86981, 14.04247 ], [ 74.87735, 14.04016 ], [ 74.87617, 14.02873 ], [ 74.86527, 14.0283 ], [ 74.85659, 14.01474 ], [ 74.85977, 14.0099 ], [ 74.85789, 13.98806 ], [ 74.86209, 13.98517 ], [ 74.84942, 13.98315 ], [ 74.8515, 13.97893 ], [ 74.87166, 13.96219 ], [ 74.88347, 13.96127 ], [ 74.89213, 13.96583 ], [ 74.89496, 13.97153 ], [ 74.90996, 13.97189 ], [ 74.91005, 13.97487 ], [ 74.91587, 13.97695 ], [ 74.9267, 13.97079 ], [ 74.92778, 13.96156 ], [ 74.93502, 13.95819 ], [ 74.93287, 13.95519 ], [ 74.93681, 13.94554 ], [ 74.94272, 13.94573 ], [ 74.94859, 13.93744 ], [ 74.96768, 13.92958 ], [ 74.97123, 13.92302 ], [ 74.96782, 13.91771 ], [ 74.9695, 13.91338 ], [ 74.97761, 13.91367 ], [ 74.98735, 13.90805 ], [ 74.99101, 13.91092 ], [ 74.99514, 13.90925 ], [ 74.99574, 13.91633 ], [ 74.99996, 13.91942 ], [ 74.99833, 13.92654 ], [ 75.0042, 13.93378 ], [ 75.00455, 13.94648 ], [ 75.01215, 13.95466 ], [ 75.00874, 13.95823 ], [ 75.01136, 13.96956 ], [ 75.01625, 13.96939 ], [ 75.01713, 13.97427 ], [ 75.01366, 13.97956 ], [ 75.00641, 13.98069 ], [ 75.006, 13.97438 ], [ 75.00226, 13.9745 ], [ 75.00169, 13.97057 ], [ 74.99331, 13.96516 ], [ 74.99443, 13.96007 ], [ 74.98601, 13.95967 ], [ 74.97665, 13.95406 ], [ 74.96956, 13.959 ], [ 74.96441, 13.95349 ], [ 74.95832, 13.95308 ], [ 74.96895, 13.9685 ], [ 74.97897, 13.9656 ], [ 74.98657, 13.97165 ], [ 74.97786, 13.98335 ], [ 74.9748, 13.99361 ], [ 74.96875, 13.99627 ], [ 74.96105, 13.99229 ], [ 74.95915, 13.99584 ], [ 74.96546, 14.00696 ], [ 74.97092, 14.00854 ], [ 74.97213, 14.02557 ], [ 74.96684, 14.03125 ], [ 74.96098, 14.02992 ], [ 74.95915, 14.03326 ], [ 74.94533, 14.02706 ], [ 74.94651, 14.0211 ], [ 74.93504, 14.02089 ], [ 74.93717, 14.0335 ], [ 74.9264, 14.03598 ], [ 74.9306, 14.04433 ], [ 74.93967, 14.0424 ], [ 74.94307, 14.04854 ], [ 74.95445, 14.04727 ], [ 74.96035, 14.0498 ], [ 74.95841, 14.05542 ], [ 74.9496, 14.06255 ], [ 74.946, 14.06376 ], [ 74.94005, 14.06025 ], [ 74.9313, 14.06591 ], [ 74.9321, 14.06964 ], [ 74.93693, 14.06876 ], [ 74.94511, 14.08392 ], [ 74.93883, 14.10064 ], [ 74.93888, 14.10669 ], [ 74.94522, 14.10882 ], [ 74.94683, 14.1269 ], [ 74.94415, 14.1356 ], [ 74.94804, 14.13786 ], [ 74.94933, 14.14508 ], [ 74.96373, 14.1383 ], [ 74.96423, 14.13212 ], [ 74.95441, 14.11976 ], [ 74.95638, 14.11607 ], [ 74.96369, 14.11531 ], [ 74.98672, 14.12336 ], [ 74.98206, 14.11226 ], [ 74.99022, 14.10881 ], [ 74.99161, 14.10314 ], [ 74.99916, 14.10135 ], [ 74.9946, 14.09289 ], [ 74.98779, 14.08925 ], [ 74.98562, 14.09323 ], [ 74.9809, 14.09144 ], [ 74.98257, 14.08286 ], [ 74.98834, 14.08515 ], [ 74.98551, 14.07273 ], [ 74.98995, 14.06998 ], [ 74.98914, 14.05139 ], [ 74.99908, 14.04528 ], [ 74.99671, 14.04055 ], [ 75.00378, 14.0329 ], [ 74.99608, 14.01742 ], [ 75.00657, 14.01105 ], [ 75.02796, 14.0084 ], [ 75.03291, 14.0152 ], [ 75.02651, 14.01278 ], [ 75.02156, 14.01587 ], [ 75.02891, 14.0301 ], [ 75.02642, 14.03051 ], [ 75.02632, 14.0367 ], [ 75.02127, 14.04451 ], [ 75.02612, 14.05168 ], [ 75.03195, 14.04383 ], [ 75.03749, 14.04545 ], [ 75.0358, 14.04772 ], [ 75.03825, 14.04581 ], [ 75.04612, 14.04886 ], [ 75.04278, 14.0562 ], [ 75.05119, 14.06252 ], [ 75.05544, 14.06176 ], [ 75.05667, 14.06427 ], [ 75.0662, 14.05904 ], [ 75.07036, 14.0602 ], [ 75.07415, 14.07795 ], [ 75.07089, 14.07727 ], [ 75.07612, 14.08695 ], [ 75.07331, 14.09316 ], [ 75.08096, 14.09184 ], [ 75.08966, 14.09501 ], [ 75.08921, 14.08392 ], [ 75.09244, 14.07702 ], [ 75.08852, 14.07866 ], [ 75.0858, 14.07583 ], [ 75.08671, 14.05588 ], [ 75.08016, 14.05258 ], [ 75.08212, 14.04781 ], [ 75.08767, 14.04701 ], [ 75.09389, 14.05462 ], [ 75.10714, 14.06013 ], [ 75.10899, 14.06594 ], [ 75.10605, 14.08844 ], [ 75.1106, 14.09129 ], [ 75.10464, 14.09041 ], [ 75.10407, 14.09973 ], [ 75.09713, 14.10615 ], [ 75.0973, 14.11137 ], [ 75.08922, 14.11142 ], [ 75.09141, 14.11513 ], [ 75.08502, 14.13118 ], [ 75.07094, 14.12376 ], [ 75.06724, 14.12501 ], [ 75.06853, 14.13134 ], [ 75.05588, 14.13086 ], [ 75.05082, 14.11871 ], [ 75.04795, 14.11949 ], [ 75.04925, 14.12481 ], [ 75.04597, 14.1217 ], [ 75.03812, 14.12504 ], [ 75.04093, 14.13854 ], [ 75.03704, 14.15734 ], [ 75.04395, 14.14918 ], [ 75.05047, 14.16275 ], [ 75.05721, 14.15901 ], [ 75.06032, 14.15418 ], [ 75.05367, 14.14319 ], [ 75.06968, 14.14629 ], [ 75.07601, 14.15136 ], [ 75.08134, 14.14881 ], [ 75.07706, 14.15343 ], [ 75.07071, 14.14936 ], [ 75.06768, 14.15298 ], [ 75.07228, 14.15777 ], [ 75.0759, 14.15721 ], [ 75.08096, 14.1521 ], [ 75.09095, 14.16265 ], [ 75.09927, 14.1563 ], [ 75.10083, 14.14488 ], [ 75.11973, 14.15112 ], [ 75.11381, 14.15691 ], [ 75.11609, 14.17458 ], [ 75.11133, 14.18585 ], [ 75.11851, 14.18938 ], [ 75.10756, 14.1987 ], [ 75.11542, 14.21299 ], [ 75.115, 14.22929 ], [ 75.12291, 14.23775 ], [ 75.14759, 14.24332 ], [ 75.17274, 14.23761 ], [ 75.18123, 14.22981 ], [ 75.19567, 14.22673 ], [ 75.19656, 14.24301 ], [ 75.20006, 14.24853 ], [ 75.20443, 14.24942 ], [ 75.20012, 14.25367 ], [ 75.19023, 14.28225 ], [ 75.1952, 14.28632 ], [ 75.20811, 14.28366 ], [ 75.26007, 14.24961 ], [ 75.24764, 14.23493 ], [ 75.23673, 14.23301 ], [ 75.23006, 14.22164 ], [ 75.24399, 14.20253 ], [ 75.25268, 14.19944 ], [ 75.25887, 14.21023 ], [ 75.26938, 14.19797 ], [ 75.27961, 14.19862 ], [ 75.27553, 14.19785 ], [ 75.27653, 14.19508 ], [ 75.27382, 14.19642 ], [ 75.27438, 14.19338 ], [ 75.27151, 14.19487 ], [ 75.26936, 14.19012 ], [ 75.27479, 14.18207 ], [ 75.27114, 14.16178 ], [ 75.27773, 14.16085 ], [ 75.29249, 14.1744 ], [ 75.29522, 14.16784 ], [ 75.28338, 14.151 ], [ 75.29142, 14.14176 ], [ 75.31001, 14.16698 ], [ 75.32136, 14.16712 ], [ 75.32422, 14.17314 ], [ 75.32161, 14.17783 ], [ 75.34065, 14.18534 ], [ 75.3331, 14.16861 ], [ 75.33467, 14.15648 ], [ 75.29445, 14.13399 ], [ 75.29323, 14.12751 ], [ 75.3074, 14.12666 ], [ 75.31554, 14.10414 ], [ 75.32844, 14.11113 ], [ 75.34183, 14.09803 ], [ 75.33619, 14.08323 ], [ 75.32546, 14.08878 ], [ 75.33816, 14.07618 ], [ 75.33789, 14.06484 ], [ 75.34855, 14.06081 ], [ 75.34284, 14.05446 ], [ 75.34819, 14.04432 ], [ 75.35978, 14.04356 ], [ 75.35617, 14.05311 ], [ 75.36513, 14.05553 ], [ 75.37461, 14.06883 ], [ 75.36511, 14.10805 ], [ 75.37849, 14.13517 ], [ 75.38248, 14.1394 ], [ 75.38405, 14.1294 ], [ 75.40082, 14.1272 ], [ 75.39673, 14.11806 ], [ 75.3993, 14.11727 ], [ 75.40427, 14.08737 ], [ 75.40188, 14.08785 ], [ 75.40069, 14.07195 ], [ 75.40226, 14.06467 ], [ 75.4074, 14.06318 ], [ 75.4025, 14.05939 ], [ 75.40084, 14.05263 ], [ 75.41297, 14.05379 ], [ 75.41358, 14.04892 ], [ 75.4061, 14.04318 ], [ 75.39739, 14.04632 ], [ 75.39267, 14.04376 ], [ 75.38655, 14.03317 ], [ 75.38422, 14.03636 ], [ 75.38782, 14.04883 ], [ 75.37431, 14.04805 ], [ 75.36936, 14.03768 ], [ 75.369, 14.02775 ], [ 75.36253, 14.03131 ], [ 75.36081, 14.02465 ], [ 75.37781, 14.01586 ], [ 75.3662, 14.00912 ], [ 75.3781, 13.99228 ], [ 75.38444, 13.98876 ], [ 75.38854, 13.98828 ], [ 75.39119, 13.99595 ], [ 75.39144, 14.00194 ], [ 75.38637, 14.00808 ], [ 75.3911, 14.01692 ], [ 75.40293, 14.01095 ], [ 75.41412, 14.01229 ], [ 75.41354, 14.00277 ], [ 75.42096, 13.99537 ], [ 75.41121, 13.98283 ], [ 75.39801, 13.98213 ], [ 75.39034, 13.97607 ], [ 75.39343, 13.96421 ], [ 75.41207, 13.97225 ], [ 75.42143, 13.97043 ], [ 75.42111, 13.96502 ], [ 75.43282, 13.96488 ], [ 75.43106, 13.97932 ], [ 75.43511, 13.98501 ], [ 75.44188, 13.98344 ], [ 75.44691, 13.97347 ], [ 75.45515, 13.96769 ], [ 75.4527, 13.97466 ], [ 75.44528, 13.9812 ], [ 75.44318, 13.9893 ], [ 75.45218, 13.99495 ], [ 75.45046, 14.00218 ], [ 75.45871, 14.00547 ], [ 75.47006, 13.99373 ], [ 75.47416, 13.9933 ], [ 75.47662, 13.98304 ], [ 75.48636, 13.97998 ], [ 75.49606, 13.9842 ], [ 75.50738, 13.98206 ], [ 75.50697, 13.9709 ], [ 75.51346, 13.96473 ], [ 75.50969, 13.95634 ], [ 75.49139, 13.95378 ], [ 75.47407, 13.95741 ], [ 75.472, 13.94793 ], [ 75.50823, 13.94172 ], [ 75.52293, 13.94515 ], [ 75.53096, 13.94328 ], [ 75.53694, 13.92751 ], [ 75.5328, 13.91422 ], [ 75.53416, 13.90391 ], [ 75.52359, 13.89842 ], [ 75.52594, 13.88854 ], [ 75.50906, 13.88014 ], [ 75.50101, 13.87707 ], [ 75.49391, 13.88021 ], [ 75.48739, 13.88955 ], [ 75.47374, 13.88635 ], [ 75.47444, 13.89724 ], [ 75.44173, 13.89514 ], [ 75.4222, 13.90316 ], [ 75.41031, 13.89042 ], [ 75.41651, 13.87366 ], [ 75.42568, 13.87619 ], [ 75.43915, 13.86921 ], [ 75.45934, 13.86781 ], [ 75.47975, 13.85607 ], [ 75.4774, 13.84197 ], [ 75.48168, 13.83592 ], [ 75.49141, 13.79673 ], [ 75.47533, 13.78602 ], [ 75.45715, 13.78718 ], [ 75.45133, 13.78326 ], [ 75.45372, 13.77528 ], [ 75.46188, 13.77401 ], [ 75.47272, 13.78374 ], [ 75.47205, 13.77935 ], [ 75.48165, 13.77253 ], [ 75.47796, 13.76716 ], [ 75.48611, 13.76622 ], [ 75.48997, 13.76204 ], [ 75.4607, 13.74009 ], [ 75.46061, 13.73279 ], [ 75.45566, 13.72343 ], [ 75.43335, 13.71591 ], [ 75.43947, 13.70124 ], [ 75.45462, 13.71093 ], [ 75.46015, 13.71181 ], [ 75.46721, 13.7047 ], [ 75.48193, 13.71114 ], [ 75.48211, 13.72477 ], [ 75.48541, 13.72626 ], [ 75.4867, 13.72134 ], [ 75.50212, 13.73633 ], [ 75.51013, 13.72622 ], [ 75.52831, 13.73118 ], [ 75.52034, 13.74328 ], [ 75.52172, 13.75191 ], [ 75.51047, 13.75534 ], [ 75.50585, 13.76547 ], [ 75.51838, 13.77134 ], [ 75.52407, 13.7708 ], [ 75.52103, 13.77271 ], [ 75.52111, 13.78048 ], [ 75.53339, 13.79529 ], [ 75.5466, 13.80071 ], [ 75.54893, 13.79196 ], [ 75.5663, 13.78916 ], [ 75.57124, 13.78956 ], [ 75.57288, 13.7945 ], [ 75.5808, 13.79888 ], [ 75.60437, 13.78752 ], [ 75.60715, 13.77082 ], [ 75.60486, 13.7607 ], [ 75.57098, 13.75591 ], [ 75.56791, 13.75353 ], [ 75.56698, 13.74078 ], [ 75.57004, 13.73464 ], [ 75.56066, 13.72907 ], [ 75.54199, 13.72466 ], [ 75.52553, 13.705 ], [ 75.52763, 13.69764 ], [ 75.52355, 13.69729 ], [ 75.5221, 13.68082 ], [ 75.53147, 13.66995 ], [ 75.53663, 13.66933 ], [ 75.5428, 13.68239 ], [ 75.54662, 13.68275 ], [ 75.55156, 13.67625 ], [ 75.54714, 13.67252 ], [ 75.54606, 13.6616 ], [ 75.54866, 13.65821 ], [ 75.52373, 13.65242 ], [ 75.51541, 13.66604 ], [ 75.50131, 13.6734 ], [ 75.48686, 13.67147 ], [ 75.4848, 13.67449 ], [ 75.47958, 13.6707 ], [ 75.45227, 13.67547 ], [ 75.45023, 13.67455 ], [ 75.45404, 13.66904 ], [ 75.44891, 13.65911 ], [ 75.44583, 13.66099 ], [ 75.44757, 13.66436 ], [ 75.44312, 13.67333 ], [ 75.43648, 13.67969 ], [ 75.42697, 13.67733 ], [ 75.40283, 13.6808 ], [ 75.40598, 13.69351 ], [ 75.42075, 13.70527 ], [ 75.41114, 13.70586 ], [ 75.41163, 13.71148 ], [ 75.40843, 13.71464 ], [ 75.41218, 13.71851 ], [ 75.40598, 13.72198 ], [ 75.40628, 13.72795 ], [ 75.39161, 13.72315 ], [ 75.38784, 13.72781 ], [ 75.38823, 13.73513 ], [ 75.40392, 13.74352 ], [ 75.40517, 13.75231 ], [ 75.40016, 13.76744 ], [ 75.38421, 13.76652 ], [ 75.38491, 13.76281 ], [ 75.39308, 13.75993 ], [ 75.39305, 13.75623 ], [ 75.3769, 13.74287 ], [ 75.37303, 13.74119 ], [ 75.37353, 13.74691 ], [ 75.37057, 13.74589 ], [ 75.37047, 13.74321 ], [ 75.37478, 13.73831 ], [ 75.37183, 13.73463 ], [ 75.36507, 13.73758 ], [ 75.36307, 13.74412 ], [ 75.35647, 13.74412 ], [ 75.35757, 13.75302 ], [ 75.37085, 13.75568 ], [ 75.36991, 13.76229 ], [ 75.35815, 13.76199 ], [ 75.35407, 13.76503 ], [ 75.35062, 13.75909 ], [ 75.34593, 13.75987 ], [ 75.34854, 13.77551 ], [ 75.34277, 13.78301 ], [ 75.3333, 13.78745 ], [ 75.32664, 13.77374 ], [ 75.32311, 13.78199 ], [ 75.31294, 13.78574 ], [ 75.3046, 13.77789 ], [ 75.31523, 13.77025 ], [ 75.29788, 13.76109 ], [ 75.29275, 13.75229 ], [ 75.27349, 13.74856 ], [ 75.2707, 13.75688 ], [ 75.2555, 13.76211 ], [ 75.25434, 13.77042 ], [ 75.27051, 13.77458 ], [ 75.27526, 13.78538 ], [ 75.27844, 13.78378 ], [ 75.28902, 13.79109 ], [ 75.28795, 13.79694 ], [ 75.28016, 13.79264 ], [ 75.27583, 13.79864 ], [ 75.27776, 13.80766 ], [ 75.28363, 13.80977 ], [ 75.28066, 13.81356 ], [ 75.2815, 13.82149 ], [ 75.2667, 13.8193 ], [ 75.26668, 13.80766 ], [ 75.25102, 13.8046 ], [ 75.24587, 13.80943 ], [ 75.23686, 13.80282 ], [ 75.23836, 13.79605 ], [ 75.2435, 13.79303 ], [ 75.24333, 13.78619 ], [ 75.23949, 13.78825 ], [ 75.23488, 13.78557 ], [ 75.23603, 13.79002 ], [ 75.22677, 13.79548 ], [ 75.22255, 13.79227 ], [ 75.22272, 13.78578 ], [ 75.21504, 13.78302 ], [ 75.21241, 13.78914 ], [ 75.21551, 13.79131 ], [ 75.21432, 13.80188 ], [ 75.21921, 13.80858 ], [ 75.21815, 13.81264 ], [ 75.22083, 13.81481 ], [ 75.22189, 13.81111 ], [ 75.22991, 13.80778 ], [ 75.22945, 13.81656 ], [ 75.22401, 13.8226 ], [ 75.22896, 13.82975 ], [ 75.22428, 13.83493 ], [ 75.21649, 13.83663 ], [ 75.22017, 13.8419 ], [ 75.21428, 13.84775 ], [ 75.21904, 13.85006 ], [ 75.22265, 13.84381 ], [ 75.22257, 13.85638 ], [ 75.22787, 13.85738 ], [ 75.22203, 13.86376 ], [ 75.22511, 13.8669 ], [ 75.22019, 13.87482 ], [ 75.22148, 13.89013 ], [ 75.20855, 13.88973 ], [ 75.20564, 13.89502 ], [ 75.19251, 13.90213 ], [ 75.19341, 13.89656 ], [ 75.18354, 13.90466 ], [ 75.18017, 13.90903 ], [ 75.18458, 13.91523 ], [ 75.18214, 13.92771 ], [ 75.16423, 13.91198 ], [ 75.16678, 13.90555 ], [ 75.16281, 13.87134 ], [ 75.17049, 13.86464 ], [ 75.17966, 13.84489 ], [ 75.18752, 13.83786 ], [ 75.17702, 13.82095 ], [ 75.16572, 13.82747 ], [ 75.16133, 13.81834 ], [ 75.16603, 13.81311 ], [ 75.15946, 13.8028 ], [ 75.16841, 13.79957 ], [ 75.17794, 13.78829 ], [ 75.17955, 13.79051 ], [ 75.19943, 13.77856 ], [ 75.19267, 13.76483 ], [ 75.19587, 13.75555 ], [ 75.18568, 13.76267 ], [ 75.18421, 13.75831 ], [ 75.18023, 13.75972 ], [ 75.17393, 13.75561 ], [ 75.16996, 13.75751 ], [ 75.17061, 13.75359 ], [ 75.17586, 13.75384 ], [ 75.17898, 13.74799 ], [ 75.18406, 13.74577 ], [ 75.19129, 13.74782 ], [ 75.19528, 13.74335 ], [ 75.19762, 13.74519 ], [ 75.20291, 13.73709 ], [ 75.1924, 13.73702 ], [ 75.19026, 13.72807 ], [ 75.18033, 13.7289 ], [ 75.17667, 13.72305 ], [ 75.17427, 13.72773 ], [ 75.18161, 13.7366 ], [ 75.17035, 13.74159 ], [ 75.15875, 13.74205 ], [ 75.15418, 13.73744 ], [ 75.15328, 13.73998 ], [ 75.14618, 13.73998 ], [ 75.14411, 13.73416 ], [ 75.14814, 13.73332 ], [ 75.14868, 13.7377 ], [ 75.15677, 13.73282 ], [ 75.15131, 13.72963 ], [ 75.15666, 13.72584 ], [ 75.14992, 13.72092 ], [ 75.17356, 13.71239 ], [ 75.18553, 13.69499 ], [ 75.1771, 13.68716 ], [ 75.17766, 13.68333 ], [ 75.16345, 13.67393 ], [ 75.15832, 13.67483 ], [ 75.16062, 13.66861 ], [ 75.16793, 13.66759 ], [ 75.17161, 13.66325 ], [ 75.16381, 13.6556 ], [ 75.17216, 13.65271 ], [ 75.17335, 13.64925 ], [ 75.18319, 13.65306 ], [ 75.18272, 13.66047 ], [ 75.18608, 13.66635 ], [ 75.19241, 13.66614 ], [ 75.19226, 13.66875 ], [ 75.19436, 13.66518 ], [ 75.19654, 13.66632 ], [ 75.19238, 13.66067 ], [ 75.19097, 13.65179 ], [ 75.19549, 13.65369 ], [ 75.1956, 13.65155 ], [ 75.19172, 13.6419 ], [ 75.19692, 13.63732 ], [ 75.19951, 13.64135 ], [ 75.20395, 13.62855 ], [ 75.20966, 13.62207 ], [ 75.20126, 13.61405 ], [ 75.2082, 13.60937 ], [ 75.20814, 13.6009 ], [ 75.20169, 13.59823 ], [ 75.19703, 13.58514 ], [ 75.19397, 13.5866 ], [ 75.19529, 13.59431 ], [ 75.19114, 13.59432 ], [ 75.19049, 13.59706 ], [ 75.19745, 13.60346 ], [ 75.19148, 13.60798 ], [ 75.1922, 13.6136 ], [ 75.1894, 13.61349 ], [ 75.18259, 13.62326 ], [ 75.18716, 13.62611 ], [ 75.1878, 13.63137 ], [ 75.17763, 13.6459 ], [ 75.17403, 13.64564 ], [ 75.17474, 13.64261 ], [ 75.16682, 13.63744 ], [ 75.15174, 13.64454 ], [ 75.1384, 13.64538 ], [ 75.13631, 13.65251 ], [ 75.1354, 13.6472 ], [ 75.11439, 13.64305 ], [ 75.10842, 13.63294 ], [ 75.10045, 13.63645 ], [ 75.09738, 13.629 ], [ 75.10307, 13.62713 ], [ 75.10497, 13.62156 ], [ 75.10984, 13.62036 ], [ 75.11623, 13.62433 ], [ 75.12008, 13.61477 ], [ 75.12798, 13.63435 ], [ 75.13261, 13.63784 ], [ 75.13963, 13.6366 ], [ 75.14299, 13.63483 ], [ 75.14212, 13.63023 ], [ 75.13431, 13.61588 ], [ 75.14762, 13.60942 ], [ 75.15228, 13.59893 ], [ 75.16687, 13.59641 ], [ 75.17294, 13.59832 ], [ 75.1758, 13.59031 ], [ 75.18223, 13.58888 ], [ 75.18335, 13.58136 ], [ 75.18695, 13.58059 ], [ 75.18433, 13.57707 ], [ 75.18829, 13.57386 ], [ 75.18421, 13.57159 ], [ 75.19004, 13.56509 ], [ 75.19015, 13.55869 ], [ 75.19525, 13.55741 ], [ 75.19453, 13.55006 ], [ 75.19002, 13.54876 ], [ 75.19343, 13.54567 ], [ 75.18888, 13.54342 ], [ 75.1903, 13.5376 ], [ 75.18286, 13.5276 ], [ 75.17799, 13.53607 ], [ 75.16106, 13.53262 ], [ 75.16032, 13.52905 ], [ 75.17386, 13.51533 ], [ 75.17078, 13.50654 ], [ 75.17638, 13.49822 ], [ 75.19766, 13.49935 ], [ 75.19683, 13.49562 ], [ 75.20346, 13.49386 ], [ 75.20403, 13.50074 ], [ 75.19905, 13.50266 ], [ 75.20132, 13.50565 ], [ 75.19805, 13.50734 ], [ 75.19938, 13.50997 ], [ 75.20776, 13.50134 ], [ 75.21242, 13.50488 ], [ 75.20802, 13.50632 ], [ 75.21194, 13.50769 ], [ 75.21528, 13.50508 ], [ 75.21136, 13.49569 ], [ 75.21306, 13.49329 ], [ 75.21985, 13.50206 ], [ 75.23107, 13.4983 ], [ 75.23931, 13.5105 ], [ 75.23889, 13.50759 ], [ 75.24442, 13.50517 ], [ 75.24542, 13.508 ], [ 75.25641, 13.50057 ], [ 75.25704, 13.496 ], [ 75.27104, 13.48883 ], [ 75.26921, 13.48248 ], [ 75.26235, 13.47926 ], [ 75.26024, 13.46863 ], [ 75.25537, 13.46934 ], [ 75.25243, 13.47484 ], [ 75.23383, 13.47688 ], [ 75.22689, 13.46688 ], [ 75.22124, 13.46559 ], [ 75.22139, 13.46174 ], [ 75.21196, 13.46165 ], [ 75.21659, 13.44984 ], [ 75.21265, 13.44163 ], [ 75.19028, 13.44587 ], [ 75.18764, 13.44033 ], [ 75.18185, 13.44273 ], [ 75.18696, 13.47154 ], [ 75.18935, 13.47268 ], [ 75.18789, 13.47737 ], [ 75.18509, 13.47839 ], [ 75.17622, 13.46892 ], [ 75.16609, 13.47122 ], [ 75.16411, 13.47698 ], [ 75.13645, 13.47793 ], [ 75.14162, 13.45861 ], [ 75.15591, 13.45278 ], [ 75.15182, 13.44231 ], [ 75.14781, 13.43971 ], [ 75.15283, 13.4314 ], [ 75.14764, 13.42818 ], [ 75.14827, 13.42184 ], [ 75.13906, 13.4088 ], [ 75.1696, 13.37137 ], [ 75.17597, 13.35891 ], [ 75.17277, 13.3544 ], [ 75.17772, 13.3517 ], [ 75.18617, 13.35522 ], [ 75.18212, 13.36015 ], [ 75.18718, 13.35913 ], [ 75.19717, 13.36394 ], [ 75.19031, 13.37423 ], [ 75.21672, 13.38049 ], [ 75.21571, 13.38903 ], [ 75.2102, 13.38829 ], [ 75.19827, 13.40431 ], [ 75.211, 13.41072 ], [ 75.22643, 13.41215 ], [ 75.23033, 13.40547 ], [ 75.22492, 13.40134 ], [ 75.22576, 13.39842 ], [ 75.23183, 13.39498 ], [ 75.22966, 13.38607 ], [ 75.23729, 13.38738 ], [ 75.23966, 13.38391 ], [ 75.23606, 13.37455 ], [ 75.23984, 13.3721 ], [ 75.23523, 13.36904 ], [ 75.23505, 13.36373 ], [ 75.23913, 13.3599 ], [ 75.22163, 13.35389 ], [ 75.22369, 13.34645 ], [ 75.22783, 13.34512 ], [ 75.24748, 13.35009 ], [ 75.24655, 13.35492 ], [ 75.25192, 13.3589 ], [ 75.24713, 13.36245 ], [ 75.2506, 13.36652 ], [ 75.2462, 13.37749 ], [ 75.25736, 13.37851 ], [ 75.26426, 13.37353 ], [ 75.26458, 13.37904 ], [ 75.27208, 13.37845 ], [ 75.27756, 13.38419 ], [ 75.28042, 13.38009 ], [ 75.28592, 13.38395 ], [ 75.2964, 13.38413 ], [ 75.29846, 13.3871 ], [ 75.31229, 13.39003 ], [ 75.31471, 13.39417 ], [ 75.31118, 13.4093 ], [ 75.32062, 13.41543 ], [ 75.32669, 13.41513 ], [ 75.32267, 13.41736 ], [ 75.32604, 13.4255 ], [ 75.33213, 13.42068 ], [ 75.33944, 13.4314 ], [ 75.34183, 13.4307 ], [ 75.34143, 13.41659 ], [ 75.33856, 13.41361 ], [ 75.34129, 13.41025 ], [ 75.33355, 13.40415 ], [ 75.3341, 13.39548 ], [ 75.33024, 13.3938 ], [ 75.32751, 13.38706 ], [ 75.32117, 13.38983 ], [ 75.31529, 13.38477 ], [ 75.32126, 13.37381 ], [ 75.3186, 13.36025 ], [ 75.31443, 13.35991 ], [ 75.31794, 13.35398 ], [ 75.31507, 13.35054 ], [ 75.32141, 13.33598 ], [ 75.32669, 13.33402 ], [ 75.32605, 13.32847 ], [ 75.32116, 13.3238 ], [ 75.32377, 13.32043 ], [ 75.32817, 13.32681 ], [ 75.34005, 13.32092 ], [ 75.3409, 13.30946 ], [ 75.34837, 13.29742 ], [ 75.35743, 13.29371 ], [ 75.36178, 13.28801 ], [ 75.36332, 13.29075 ], [ 75.37135, 13.28964 ], [ 75.3768, 13.29241 ], [ 75.37851, 13.29916 ], [ 75.37975, 13.29111 ], [ 75.37802, 13.26648 ], [ 75.36075, 13.26934 ], [ 75.35307, 13.26661 ], [ 75.35087, 13.25616 ], [ 75.34753, 13.25791 ], [ 75.33501, 13.25278 ], [ 75.32496, 13.25656 ], [ 75.3148, 13.25425 ], [ 75.31629, 13.27296 ], [ 75.31353, 13.29034 ], [ 75.30392, 13.28567 ], [ 75.29635, 13.28759 ], [ 75.28694, 13.29678 ], [ 75.2623, 13.28861 ], [ 75.24892, 13.27229 ], [ 75.2438, 13.27609 ], [ 75.23259, 13.26803 ], [ 75.21632, 13.27063 ], [ 75.21277, 13.27279 ], [ 75.17885, 13.25968 ], [ 75.15734, 13.24296 ], [ 75.16793, 13.20761 ], [ 75.1643, 13.20361 ], [ 75.16492, 13.19859 ], [ 75.17945, 13.1917 ], [ 75.18947, 13.18095 ], [ 75.20395, 13.17632 ], [ 75.20783, 13.16902 ], [ 75.20557, 13.15213 ], [ 75.21593, 13.15461 ], [ 75.22308, 13.14615 ], [ 75.22672, 13.14708 ], [ 75.2302, 13.14047 ], [ 75.23743, 13.13891 ], [ 75.24374, 13.12938 ], [ 75.2551, 13.12932 ], [ 75.26181, 13.12371 ], [ 75.27078, 13.12472 ], [ 75.27777, 13.13177 ], [ 75.28095, 13.12456 ], [ 75.28335, 13.12575 ], [ 75.28508, 13.12276 ], [ 75.28835, 13.12265 ], [ 75.29089, 13.12952 ], [ 75.30561, 13.12641 ], [ 75.3106, 13.12944 ], [ 75.31144, 13.13795 ], [ 75.31836, 13.13967 ], [ 75.3177, 13.15058 ], [ 75.3243, 13.16592 ], [ 75.32904, 13.16408 ], [ 75.33836, 13.17842 ], [ 75.35628, 13.1873 ], [ 75.36326, 13.18199 ], [ 75.37822, 13.18135 ], [ 75.407, 13.15807 ], [ 75.40955, 13.15008 ], [ 75.42751, 13.1546 ], [ 75.44173, 13.15385 ], [ 75.43816, 13.13939 ], [ 75.43224, 13.14085 ], [ 75.43367, 13.1354 ], [ 75.42841, 13.12706 ], [ 75.4218, 13.12846 ], [ 75.4063, 13.11175 ], [ 75.41536, 13.10555 ], [ 75.42376, 13.10612 ], [ 75.43224, 13.12041 ], [ 75.44127, 13.11435 ], [ 75.44392, 13.10599 ], [ 75.45631, 13.10946 ], [ 75.47367, 13.09397 ], [ 75.49097, 13.12829 ], [ 75.48672, 13.13166 ], [ 75.48697, 13.13732 ], [ 75.49756, 13.15253 ], [ 75.50224, 13.15256 ], [ 75.50073, 13.16457 ], [ 75.50677, 13.16726 ], [ 75.50982, 13.17331 ], [ 75.5149, 13.17438 ], [ 75.51564, 13.18403 ], [ 75.5207, 13.16711 ], [ 75.5278, 13.16559 ], [ 75.52214, 13.15925 ], [ 75.5328, 13.14788 ], [ 75.53303, 13.1443 ], [ 75.52701, 13.14428 ], [ 75.52575, 13.14109 ], [ 75.53413, 13.13483 ], [ 75.53753, 13.1279 ], [ 75.53195, 13.12059 ], [ 75.53338, 13.11195 ], [ 75.53025, 13.11102 ], [ 75.53347, 13.10985 ], [ 75.52884, 13.10582 ], [ 75.52804, 13.09426 ], [ 75.54499, 13.10099 ], [ 75.55549, 13.09651 ], [ 75.55349, 13.08689 ], [ 75.55966, 13.08178 ], [ 75.55468, 13.06535 ], [ 75.56968, 13.05655 ], [ 75.56781, 13.0431 ], [ 75.59406, 13.02787 ], [ 75.60504, 13.02514 ], [ 75.60748, 13.03054 ], [ 75.60914, 13.025 ], [ 75.61417, 13.02221 ], [ 75.60981, 13.02137 ], [ 75.61252, 13.01469 ], [ 75.60865, 13.00913 ], [ 75.61875, 13.00754 ], [ 75.62385, 13.01556 ], [ 75.63145, 13.01126 ], [ 75.61945, 12.99118 ], [ 75.62692, 12.98758 ], [ 75.63508, 12.98852 ], [ 75.63765, 12.98339 ], [ 75.6427, 12.98146 ], [ 75.64219, 12.97762 ], [ 75.64768, 12.97018 ], [ 75.65635, 12.98277 ], [ 75.654, 12.99054 ], [ 75.66014, 12.99473 ], [ 75.66713, 12.99574 ], [ 75.67473, 12.9854 ], [ 75.67969, 12.98416 ], [ 75.68304, 12.99184 ], [ 75.69323, 12.98386 ], [ 75.68023, 12.945 ], [ 75.69817, 12.94709 ], [ 75.70427, 12.93756 ], [ 75.69947, 12.9375 ], [ 75.69211, 12.92425 ], [ 75.67753, 12.92626 ], [ 75.67472, 12.91501 ], [ 75.69064, 12.9202 ], [ 75.69302, 12.91051 ], [ 75.70003, 12.91231 ], [ 75.70128, 12.90048 ], [ 75.71172, 12.91096 ], [ 75.73112, 12.90733 ], [ 75.73371, 12.89453 ], [ 75.73838, 12.91761 ], [ 75.74761, 12.91911 ], [ 75.7546, 12.91474 ], [ 75.75875, 12.91653 ], [ 75.75856, 12.90742 ], [ 75.75232, 12.91073 ], [ 75.74797, 12.90957 ], [ 75.74665, 12.90196 ], [ 75.74176, 12.89926 ], [ 75.74557, 12.89667 ], [ 75.73359, 12.89349 ], [ 75.73598, 12.88897 ], [ 75.74306, 12.88838 ], [ 75.73814, 12.87642 ], [ 75.73004, 12.8787 ], [ 75.72821, 12.87541 ], [ 75.72797, 12.86574 ], [ 75.73614, 12.8649 ], [ 75.73109, 12.83486 ], [ 75.70774, 12.82499 ], [ 75.70893, 12.82089 ], [ 75.70207, 12.8168 ], [ 75.7043, 12.8114 ], [ 75.71401, 12.81082 ], [ 75.72984, 12.82454 ], [ 75.73618, 12.81726 ], [ 75.7383, 12.80679 ], [ 75.74736, 12.80959 ], [ 75.74878, 12.79812 ], [ 75.74397, 12.78513 ], [ 75.74521, 12.77789 ], [ 75.75072, 12.77424 ], [ 75.74635, 12.76905 ], [ 75.74342, 12.75519 ], [ 75.75568, 12.75517 ], [ 75.76083, 12.7493 ], [ 75.75787, 12.74543 ], [ 75.75703, 12.72598 ], [ 75.75443, 12.72341 ], [ 75.75547, 12.72791 ], [ 75.75035, 12.73218 ], [ 75.74652, 12.72852 ], [ 75.75203, 12.71915 ], [ 75.74905, 12.71998 ], [ 75.74633, 12.71111 ], [ 75.7562, 12.7071 ], [ 75.75261, 12.70524 ], [ 75.75512, 12.69469 ], [ 75.73976, 12.68594 ], [ 75.74384, 12.68062 ], [ 75.76047, 12.67361 ], [ 75.76402, 12.67775 ], [ 75.76637, 12.66199 ], [ 75.75345, 12.66382 ], [ 75.74437, 12.65921 ], [ 75.71043, 12.65689 ], [ 75.70641, 12.64995 ], [ 75.70903, 12.6431 ], [ 75.70307, 12.63174 ], [ 75.71636, 12.62773 ], [ 75.73342, 12.62943 ], [ 75.73591, 12.62696 ], [ 75.73883, 12.63588 ], [ 75.74602, 12.63897 ], [ 75.75464, 12.63842 ], [ 75.75937, 12.63348 ], [ 75.76104, 12.62159 ], [ 75.75286, 12.6144 ], [ 75.75997, 12.60051 ], [ 75.76546, 12.59714 ], [ 75.76613, 12.58311 ], [ 75.74922, 12.57596 ], [ 75.74931, 12.56801 ], [ 75.73415, 12.55782 ], [ 75.73, 12.5484 ], [ 75.73479, 12.53801 ], [ 75.74257, 12.54262 ], [ 75.75681, 12.54085 ], [ 75.76773, 12.52459 ], [ 75.78598, 12.48461 ], [ 75.76963, 12.49148 ], [ 75.75007, 12.47419 ], [ 75.74743, 12.48786 ], [ 75.73819, 12.50431 ], [ 75.72885, 12.51303 ], [ 75.72639, 12.51092 ], [ 75.72659, 12.5151 ], [ 75.71509, 12.52904 ], [ 75.71009, 12.54895 ], [ 75.69186, 12.56007 ], [ 75.67826, 12.55575 ], [ 75.67019, 12.55748 ], [ 75.67058, 12.55026 ], [ 75.66646, 12.54656 ], [ 75.65347, 12.53972 ], [ 75.64146, 12.5375 ], [ 75.63232, 12.52507 ], [ 75.63775, 12.50969 ], [ 75.6434, 12.50627 ], [ 75.669, 12.50319 ], [ 75.675, 12.49795 ], [ 75.68341, 12.49957 ], [ 75.69963, 12.49044 ], [ 75.70728, 12.49126 ], [ 75.70948, 12.48175 ], [ 75.72026, 12.47083 ], [ 75.71351, 12.46053 ], [ 75.70695, 12.45844 ], [ 75.70523, 12.45061 ], [ 75.70065, 12.44656 ], [ 75.70605, 12.43943 ], [ 75.70412, 12.43465 ], [ 75.68559, 12.43569 ], [ 75.68204, 12.42639 ], [ 75.68867, 12.42754 ], [ 75.70673, 12.40574 ], [ 75.68933, 12.39172 ], [ 75.68692, 12.38599 ], [ 75.68052, 12.39096 ], [ 75.68027, 12.38654 ], [ 75.67329, 12.37886 ], [ 75.65259, 12.38231 ], [ 75.64976, 12.38744 ], [ 75.64878, 12.38356 ], [ 75.65279, 12.38059 ], [ 75.6464, 12.38165 ], [ 75.64025, 12.36907 ], [ 75.6427, 12.36957 ], [ 75.64426, 12.3648 ], [ 75.64788, 12.36897 ], [ 75.64657, 12.3731 ], [ 75.65155, 12.37186 ], [ 75.64813, 12.36937 ], [ 75.65247, 12.36732 ], [ 75.65306, 12.35922 ], [ 75.65565, 12.35832 ], [ 75.65107, 12.35535 ], [ 75.64127, 12.35637 ], [ 75.63393, 12.36545 ], [ 75.62639, 12.36326 ], [ 75.61523, 12.37001 ], [ 75.60514, 12.36975 ], [ 75.60201, 12.36511 ], [ 75.59041, 12.37437 ], [ 75.58536, 12.36963 ], [ 75.58687, 12.36541 ], [ 75.58092, 12.36406 ], [ 75.57893, 12.3593 ], [ 75.585, 12.35474 ], [ 75.58093, 12.34949 ], [ 75.58693, 12.34 ], [ 75.58531, 12.33489 ], [ 75.58243, 12.336 ], [ 75.58605, 12.32832 ], [ 75.6026, 12.3222 ], [ 75.60636, 12.32403 ], [ 75.61748, 12.31017 ], [ 75.61356, 12.29752 ], [ 75.60671, 12.29819 ], [ 75.60806, 12.28621 ], [ 75.59201, 12.28857 ], [ 75.58971, 12.284 ], [ 75.5987, 12.27949 ], [ 75.60819, 12.28156 ], [ 75.616, 12.27823 ], [ 75.62055, 12.26242 ], [ 75.62932, 12.26186 ], [ 75.6244, 12.24979 ], [ 75.63798, 12.24971 ], [ 75.64462, 12.25493 ], [ 75.65201, 12.25173 ], [ 75.66003, 12.25329 ], [ 75.6613, 12.24707 ], [ 75.67564, 12.24539 ], [ 75.6739, 12.24022 ], [ 75.67858, 12.23683 ], [ 75.68343, 12.24077 ], [ 75.68121, 12.23825 ], [ 75.68476, 12.23128 ], [ 75.68092, 12.22734 ], [ 75.68984, 12.22448 ], [ 75.68758, 12.21794 ], [ 75.69386, 12.21955 ], [ 75.69672, 12.21326 ], [ 75.70656, 12.22262 ], [ 75.71451, 12.22251 ], [ 75.7127, 12.22668 ], [ 75.71651, 12.22571 ], [ 75.71531, 12.22207 ], [ 75.71882, 12.21833 ], [ 75.71364, 12.21833 ], [ 75.71378, 12.21563 ], [ 75.72474, 12.21632 ], [ 75.72903, 12.20851 ], [ 75.7337, 12.21059 ], [ 75.73285, 12.21465 ], [ 75.73627, 12.21741 ], [ 75.74693, 12.20523 ], [ 75.7542, 12.21431 ], [ 75.75632, 12.21203 ], [ 75.76314, 12.21854 ], [ 75.76846, 12.21716 ], [ 75.76575, 12.21064 ], [ 75.77046, 12.20211 ], [ 75.76232, 12.19829 ], [ 75.76324, 12.18978 ], [ 75.76005, 12.18486 ], [ 75.75181, 12.18199 ], [ 75.75497, 12.17813 ], [ 75.75522, 12.16843 ], [ 75.75944, 12.17318 ], [ 75.77144, 12.17244 ], [ 75.77174, 12.16713 ], [ 75.78088, 12.16019 ], [ 75.78999, 12.13993 ], [ 75.79628, 12.14175 ], [ 75.79676, 12.13085 ], [ 75.80025, 12.12847 ], [ 75.79241, 12.12723 ], [ 75.79672, 12.11973 ], [ 75.80289, 12.1185 ], [ 75.80122, 12.09614 ], [ 75.79817, 12.08946 ], [ 75.79135, 12.08551 ], [ 75.80195, 12.0841 ], [ 75.80414, 12.08077 ], [ 75.81983, 12.07526 ], [ 75.83415, 12.07476 ], [ 75.83912, 12.07014 ], [ 75.84353, 12.07298 ], [ 75.84659, 12.0703 ], [ 75.8575, 12.07135 ], [ 75.86232, 12.09964 ], [ 75.86167, 12.11006 ], [ 75.85889, 12.11139 ], [ 75.86021, 12.11868 ], [ 75.86625, 12.12439 ], [ 75.86516, 12.13341 ], [ 75.87027, 12.13476 ], [ 75.87547, 12.13062 ], [ 75.87361, 12.12904 ], [ 75.87635, 12.12256 ], [ 75.87293, 12.12363 ], [ 75.86948, 12.12047 ], [ 75.87276, 12.1123 ], [ 75.87772, 12.11468 ], [ 75.88006, 12.10658 ], [ 75.88475, 12.11098 ], [ 75.88045, 12.11189 ], [ 75.88111, 12.11684 ], [ 75.88467, 12.11394 ], [ 75.88758, 12.1163 ], [ 75.89389, 12.11489 ], [ 75.89595, 12.12123 ], [ 75.90445, 12.12224 ], [ 75.90345, 12.10028 ], [ 75.90022, 12.09299 ], [ 75.90307, 12.08702 ], [ 75.90072, 12.08072 ], [ 75.9037, 12.08098 ], [ 75.90464, 12.07637 ], [ 75.90328, 12.07056 ], [ 75.90824, 12.06741 ], [ 75.9068, 12.06315 ], [ 75.91286, 12.05965 ], [ 75.91291, 12.05065 ], [ 75.93216, 12.04754 ], [ 75.94003, 12.03675 ], [ 75.92932, 12.02658 ], [ 75.9219, 12.01325 ], [ 75.92339, 12.00287 ], [ 75.92878, 11.99892 ], [ 75.93116, 12.00199 ], [ 75.94612, 12.0013 ], [ 75.95233, 12.00675 ], [ 75.96022, 12.0028 ], [ 75.96641, 12.00513 ], [ 75.97054, 11.99964 ], [ 75.98399, 12.01215 ], [ 75.98738, 12.00882 ], [ 75.98891, 12.01179 ], [ 75.99454, 12.00758 ], [ 75.99351, 12.00401 ], [ 75.99936, 12.00262 ], [ 75.99642, 11.99462 ], [ 76.00319, 11.98804 ], [ 76.00248, 11.98267 ], [ 76.01021, 11.98361 ], [ 76.01328, 11.97936 ], [ 76.01691, 11.98345 ], [ 76.01477, 11.98601 ], [ 76.0174, 11.9918 ], [ 76.02362, 11.99028 ], [ 76.02708, 11.9951 ], [ 76.01722, 11.99511 ], [ 76.02036, 12.01203 ], [ 76.01607, 12.02133 ], [ 76.01716, 12.0294 ], [ 76.01237, 12.02863 ], [ 76.01281, 12.03265 ], [ 76.02777, 12.02961 ], [ 76.03395, 12.03512 ], [ 76.04068, 12.03557 ], [ 76.06331, 12.01484 ], [ 76.06644, 12.00625 ], [ 76.06721, 11.98413 ], [ 76.0754, 11.98329 ], [ 76.08453, 11.97743 ], [ 76.09132, 11.96813 ], [ 76.0701, 11.96708 ], [ 76.03372, 11.9403 ], [ 76.02238, 11.94397 ], [ 76.01312, 11.94172 ], [ 76.00738, 11.93902 ], [ 76.0032, 11.93139 ], [ 75.99042, 11.93471 ], [ 75.9764, 11.93371 ], [ 75.95637, 11.9419 ], [ 75.93078, 11.9397 ], [ 75.91399, 11.94692 ], [ 75.89703, 11.94547 ], [ 75.88602, 11.95202 ], [ 75.88068, 11.94971 ], [ 75.87045, 11.95258 ], [ 75.85461, 11.96411 ], [ 75.84691, 11.98201 ], [ 75.83704, 11.98093 ], [ 75.82726, 11.98768 ], [ 75.82523, 12.00273 ], [ 75.82038, 12.00252 ], [ 75.82286, 12.01337 ], [ 75.80993, 12.02271 ], [ 75.81102, 12.02857 ], [ 75.80108, 12.03699 ], [ 75.79966, 12.04738 ], [ 75.79396, 12.05503 ], [ 75.79866, 12.05604 ], [ 75.80255, 12.07856 ], [ 75.78542, 12.08426 ], [ 75.75348, 12.08413 ], [ 75.74712, 12.07819 ], [ 75.73611, 12.07895 ], [ 75.72774, 12.07255 ], [ 75.71473, 12.07044 ], [ 75.71793, 12.08558 ], [ 75.71307, 12.09048 ], [ 75.70213, 12.09229 ], [ 75.70326, 12.10817 ], [ 75.68718, 12.11025 ], [ 75.67687, 12.0982 ], [ 75.66198, 12.09918 ], [ 75.65276, 12.11005 ], [ 75.64908, 12.10933 ], [ 75.64319, 12.13865 ], [ 75.63826, 12.13895 ], [ 75.63605, 12.14917 ], [ 75.63133, 12.14878 ], [ 75.61903, 12.15652 ], [ 75.61125, 12.15262 ], [ 75.60691, 12.15549 ], [ 75.5959, 12.15432 ], [ 75.59256, 12.14785 ], [ 75.58331, 12.15912 ], [ 75.5772, 12.15775 ], [ 75.56978, 12.17285 ], [ 75.56027, 12.17612 ], [ 75.55262, 12.19285 ], [ 75.54859, 12.19263 ], [ 75.54576, 12.19814 ], [ 75.54149, 12.19731 ], [ 75.5398, 12.20273 ], [ 75.53261, 12.20145 ], [ 75.53194, 12.20567 ], [ 75.53701, 12.20804 ], [ 75.53969, 12.21681 ], [ 75.52691, 12.22569 ], [ 75.52833, 12.23159 ], [ 75.52111, 12.23613 ], [ 75.5198, 12.24621 ], [ 75.51159, 12.25306 ], [ 75.51178, 12.25959 ], [ 75.50583, 12.26458 ], [ 75.5054, 12.27074 ], [ 75.49387, 12.27279 ], [ 75.48663, 12.2886 ], [ 75.4794, 12.29541 ], [ 75.47015, 12.30071 ], [ 75.4599, 12.29404 ], [ 75.43009, 12.29901 ], [ 75.4211, 12.29171 ], [ 75.41356, 12.2912 ], [ 75.43215, 12.30899 ], [ 75.42028, 12.31899 ], [ 75.41539, 12.34006 ], [ 75.4104, 12.34719 ], [ 75.41964, 12.35694 ], [ 75.42193, 12.37266 ], [ 75.41312, 12.38029 ], [ 75.39857, 12.38143 ], [ 75.39229, 12.38999 ], [ 75.37924, 12.39236 ], [ 75.37773, 12.39842 ], [ 75.37261, 12.40025 ], [ 75.37144, 12.40789 ], [ 75.36617, 12.41183 ], [ 75.37149, 12.43772 ], [ 75.36579, 12.45774 ], [ 75.38629, 12.45828 ], [ 75.3934, 12.45137 ], [ 75.41332, 12.45857 ], [ 75.41572, 12.46598 ], [ 75.42326, 12.46678 ], [ 75.42509, 12.47193 ], [ 75.45317, 12.46453 ], [ 75.45621, 12.45714 ], [ 75.46438, 12.45518 ], [ 75.46926, 12.46731 ], [ 75.46168, 12.47137 ], [ 75.45906, 12.47839 ], [ 75.46363, 12.48654 ], [ 75.46179, 12.48921 ], [ 75.46896, 12.49309 ], [ 75.47232, 12.50001 ], [ 75.4614, 12.50524 ], [ 75.45817, 12.51613 ], [ 75.45461, 12.51315 ], [ 75.44938, 12.51926 ], [ 75.44577, 12.51858 ], [ 75.44063, 12.52729 ], [ 75.43519, 12.5289 ], [ 75.43031, 12.51999 ], [ 75.43318, 12.51673 ], [ 75.42973, 12.51378 ], [ 75.42511, 12.51607 ], [ 75.41727, 12.51408 ], [ 75.41952, 12.50961 ], [ 75.41613, 12.50003 ], [ 75.41195, 12.50201 ], [ 75.403, 12.49774 ], [ 75.39888, 12.50356 ], [ 75.39169, 12.49936 ], [ 75.38223, 12.50202 ], [ 75.37779, 12.4951 ], [ 75.36805, 12.49121 ], [ 75.3717, 12.48658 ], [ 75.37147, 12.47522 ], [ 75.36751, 12.47533 ], [ 75.35999, 12.4644 ], [ 75.34468, 12.463 ], [ 75.3366, 12.46408 ], [ 75.34154, 12.46912 ], [ 75.3361, 12.47701 ], [ 75.33742, 12.48852 ], [ 75.33353, 12.49205 ], [ 75.333, 12.49833 ], [ 75.31503, 12.49711 ], [ 75.3153, 12.50209 ], [ 75.31264, 12.50339 ], [ 75.31746, 12.5115 ], [ 75.31696, 12.51966 ], [ 75.32223, 12.52114 ], [ 75.32058, 12.52411 ], [ 75.32538, 12.5266 ], [ 75.32688, 12.53322 ], [ 75.3472, 12.5317 ], [ 75.35052, 12.53803 ], [ 75.36126, 12.53593 ], [ 75.36644, 12.54134 ], [ 75.36456, 12.54549 ], [ 75.37393, 12.5484 ], [ 75.38725, 12.54393 ], [ 75.39148, 12.54847 ], [ 75.39463, 12.54019 ], [ 75.39732, 12.54008 ], [ 75.40102, 12.54449 ], [ 75.39784, 12.55127 ], [ 75.40143, 12.54754 ], [ 75.40672, 12.54923 ], [ 75.40378, 12.55659 ], [ 75.40776, 12.55823 ], [ 75.40127, 12.56584 ], [ 75.40461, 12.56645 ], [ 75.40438, 12.57619 ], [ 75.41427, 12.57617 ], [ 75.41704, 12.57335 ], [ 75.43118, 12.57941 ], [ 75.43054, 12.58848 ], [ 75.43539, 12.58881 ], [ 75.43288, 12.58556 ], [ 75.44179, 12.58419 ], [ 75.43737, 12.59307 ], [ 75.44268, 12.59568 ], [ 75.44858, 12.5922 ], [ 75.44798, 12.58201 ], [ 75.45369, 12.57336 ], [ 75.46351, 12.57306 ], [ 75.46238, 12.56498 ], [ 75.46812, 12.55973 ], [ 75.46441, 12.55799 ], [ 75.46587, 12.54628 ], [ 75.47397, 12.54733 ], [ 75.48216, 12.55661 ], [ 75.48599, 12.5561 ], [ 75.48792, 12.55035 ], [ 75.4997, 12.55006 ], [ 75.50436, 12.54678 ], [ 75.51979, 12.55268 ], [ 75.52439, 12.56073 ], [ 75.5185, 12.57508 ], [ 75.52095, 12.57782 ], [ 75.51676, 12.58232 ], [ 75.52003, 12.587 ], [ 75.51341, 12.58655 ], [ 75.50761, 12.59183 ], [ 75.507, 12.58561 ], [ 75.49806, 12.58277 ], [ 75.49805, 12.58803 ], [ 75.4911, 12.59277 ], [ 75.49566, 12.59353 ], [ 75.49325, 12.59648 ], [ 75.48583, 12.59717 ], [ 75.48215, 12.60098 ], [ 75.46416, 12.5997 ], [ 75.46364, 12.60856 ], [ 75.46023, 12.61115 ], [ 75.46392, 12.61975 ], [ 75.46616, 12.61937 ], [ 75.46581, 12.62434 ], [ 75.46069, 12.62996 ], [ 75.46314, 12.64656 ], [ 75.46894, 12.64664 ], [ 75.46868, 12.65402 ], [ 75.47396, 12.64935 ], [ 75.46946, 12.65686 ], [ 75.47589, 12.65816 ], [ 75.47148, 12.6602 ], [ 75.47371, 12.66384 ], [ 75.47913, 12.66294 ], [ 75.47743, 12.66775 ], [ 75.46343, 12.66576 ], [ 75.46437, 12.67453 ], [ 75.49615, 12.67859 ], [ 75.4973, 12.68159 ], [ 75.50785, 12.6787 ], [ 75.50855, 12.6904 ], [ 75.50552, 12.69321 ], [ 75.5083, 12.70217 ], [ 75.51853, 12.70333 ], [ 75.52141, 12.70918 ], [ 75.53107, 12.7086 ], [ 75.53399, 12.70342 ], [ 75.54865, 12.70038 ], [ 75.55215, 12.69125 ], [ 75.55505, 12.69241 ], [ 75.55128, 12.723 ], [ 75.55524, 12.72315 ], [ 75.55244, 12.72884 ], [ 75.55525, 12.72586 ], [ 75.55825, 12.73518 ], [ 75.55377, 12.75075 ], [ 75.51548, 12.76214 ], [ 75.50668, 12.77079 ], [ 75.51271, 12.77408 ], [ 75.50893, 12.78121 ], [ 75.51403, 12.77822 ], [ 75.5304, 12.79733 ], [ 75.52458, 12.81887 ], [ 75.52874, 12.82622 ], [ 75.50185, 12.83142 ], [ 75.46561, 12.82413 ], [ 75.46566, 12.81884 ], [ 75.45854, 12.81485 ], [ 75.45863, 12.80038 ], [ 75.4537, 12.79476 ], [ 75.45491, 12.79131 ], [ 75.45813, 12.79159 ], [ 75.45431, 12.78004 ], [ 75.45544, 12.77096 ], [ 75.44926, 12.77095 ], [ 75.44069, 12.75492 ], [ 75.42558, 12.75683 ], [ 75.42368, 12.74919 ], [ 75.41455, 12.74279 ], [ 75.4208, 12.73994 ], [ 75.42286, 12.73204 ], [ 75.41943, 12.73075 ], [ 75.42622, 12.72577 ], [ 75.42251, 12.72339 ], [ 75.42259, 12.71331 ], [ 75.41892, 12.71408 ], [ 75.41742, 12.70733 ], [ 75.41008, 12.71008 ], [ 75.41121, 12.71424 ], [ 75.40858, 12.71538 ], [ 75.39664, 12.71611 ], [ 75.39417, 12.71379 ], [ 75.38906, 12.71754 ], [ 75.39299, 12.72018 ], [ 75.39127, 12.73235 ], [ 75.39699, 12.73845 ], [ 75.39645, 12.74528 ], [ 75.4066, 12.7444 ], [ 75.41672, 12.75328 ], [ 75.41897, 12.76939 ], [ 75.39968, 12.77603 ], [ 75.39801, 12.78011 ], [ 75.39068, 12.78347 ], [ 75.39673, 12.79048 ], [ 75.3956, 12.79769 ], [ 75.40277, 12.8043 ], [ 75.40359, 12.7959 ], [ 75.41387, 12.79846 ], [ 75.41138, 12.80932 ], [ 75.4053, 12.81079 ], [ 75.4172, 12.81729 ], [ 75.41169, 12.81739 ], [ 75.40854, 12.8262 ], [ 75.40224, 12.82608 ], [ 75.40229, 12.8315 ], [ 75.40644, 12.8359 ], [ 75.4049, 12.8422 ], [ 75.41059, 12.84454 ], [ 75.41222, 12.85857 ], [ 75.41201, 12.86139 ], [ 75.40523, 12.86337 ], [ 75.40668, 12.8678 ], [ 75.40065, 12.87733 ], [ 75.41115, 12.87665 ], [ 75.41654, 12.88126 ], [ 75.41552, 12.88515 ], [ 75.42712, 12.88073 ], [ 75.43048, 12.87391 ], [ 75.4312, 12.87804 ], [ 75.43405, 12.87739 ], [ 75.43557, 12.87074 ], [ 75.44047, 12.86939 ], [ 75.44028, 12.85202 ], [ 75.44395, 12.84954 ], [ 75.4556, 12.85878 ], [ 75.46102, 12.85687 ], [ 75.45942, 12.86714 ], [ 75.45569, 12.86783 ], [ 75.45998, 12.87315 ], [ 75.46898, 12.86967 ], [ 75.46976, 12.88605 ], [ 75.47422, 12.89142 ], [ 75.46775, 12.89001 ], [ 75.45803, 12.87798 ], [ 75.45747, 12.884 ], [ 75.45196, 12.88864 ], [ 75.44785, 12.88638 ], [ 75.44203, 12.88945 ], [ 75.43896, 12.8854 ], [ 75.43477, 12.88837 ], [ 75.43374, 12.885 ], [ 75.42526, 12.88463 ], [ 75.4213, 12.8877 ], [ 75.42188, 12.89118 ], [ 75.41688, 12.89289 ], [ 75.42382, 12.89636 ], [ 75.42158, 12.8998 ], [ 75.42631, 12.90275 ], [ 75.42444, 12.90806 ], [ 75.42833, 12.91275 ], [ 75.41865, 12.91714 ], [ 75.42673, 12.92592 ], [ 75.42521, 12.93272 ], [ 75.41332, 12.93332 ], [ 75.40584, 12.94106 ], [ 75.40951, 12.95066 ], [ 75.40347, 12.95412 ], [ 75.40612, 12.9566 ], [ 75.40695, 12.9818 ], [ 75.41268, 12.98623 ], [ 75.42134, 12.98073 ], [ 75.41528, 12.98864 ], [ 75.41406, 13.00262 ], [ 75.40362, 13.00748 ], [ 75.40976, 13.01241 ], [ 75.41259, 13.00906 ], [ 75.40866, 13.00634 ], [ 75.41911, 13.00524 ], [ 75.42608, 13.01853 ], [ 75.43532, 13.02737 ], [ 75.42612, 13.04272 ], [ 75.41922, 13.03805 ], [ 75.41107, 13.03803 ], [ 75.41011, 13.04321 ], [ 75.40307, 13.04267 ], [ 75.40292, 13.05054 ], [ 75.3839, 13.05268 ], [ 75.38606, 13.07595 ], [ 75.39269, 13.09022 ], [ 75.38331, 13.10076 ], [ 75.38734, 13.1066 ], [ 75.38049, 13.10708 ], [ 75.38016, 13.11199 ], [ 75.3735, 13.11447 ], [ 75.37691, 13.11985 ], [ 75.37651, 13.13423 ], [ 75.37267, 13.14137 ], [ 75.37461, 13.14631 ], [ 75.36835, 13.14801 ], [ 75.36992, 13.13329 ], [ 75.36252, 13.13073 ], [ 75.36071, 13.11817 ], [ 75.35214, 13.11803 ], [ 75.36227, 13.108 ], [ 75.35246, 13.10519 ], [ 75.35692, 13.09879 ], [ 75.35421, 13.09457 ], [ 75.34875, 13.09474 ], [ 75.35635, 13.08333 ], [ 75.3555, 13.07631 ], [ 75.35415, 13.08347 ], [ 75.3512, 13.08225 ], [ 75.3466, 13.08605 ], [ 75.3484, 13.07826 ], [ 75.34576, 13.07168 ], [ 75.33572, 13.07265 ], [ 75.33652, 13.06676 ], [ 75.33958, 13.06577 ], [ 75.33466, 13.06007 ], [ 75.33553, 13.05365 ], [ 75.31641, 13.04452 ], [ 75.31591, 13.03759 ], [ 75.31904, 13.03484 ], [ 75.3212, 13.03657 ], [ 75.32394, 13.03287 ], [ 75.33861, 13.03199 ], [ 75.33287, 13.0285 ], [ 75.33375, 13.02302 ], [ 75.32661, 13.01389 ], [ 75.30296, 13.0019 ], [ 75.3053, 13.0113 ], [ 75.29434, 13.02686 ], [ 75.28463, 13.03306 ], [ 75.25933, 13.02922 ], [ 75.25025, 13.04351 ], [ 75.25186, 13.04906 ], [ 75.24448, 13.05193 ], [ 75.23841, 13.04685 ], [ 75.23722, 13.05054 ], [ 75.22881, 13.04964 ], [ 75.21419, 13.05835 ], [ 75.21065, 13.05364 ], [ 75.2061, 13.06482 ], [ 75.20007, 13.06581 ], [ 75.1986, 13.06286 ], [ 75.19414, 13.06682 ], [ 75.19797, 13.06861 ], [ 75.19622, 13.07246 ], [ 75.18981, 13.07003 ], [ 75.18328, 13.07508 ], [ 75.18601, 13.07918 ], [ 75.18174, 13.08143 ], [ 75.18086, 13.0887 ], [ 75.17808, 13.08675 ], [ 75.1759, 13.08925 ], [ 75.17711, 13.08405 ], [ 75.17415, 13.08657 ], [ 75.16835, 13.08468 ], [ 75.15651, 13.09233 ], [ 75.15616, 13.09722 ], [ 75.14363, 13.10221 ], [ 75.13838, 13.09911 ], [ 75.12912, 13.10091 ], [ 75.12095, 13.10652 ], [ 75.1155, 13.1066 ], [ 75.12239, 13.11228 ], [ 75.12219, 13.11859 ], [ 75.12603, 13.11754 ], [ 75.12691, 13.12992 ], [ 75.11996, 13.13399 ], [ 75.12066, 13.13822 ], [ 75.11154, 13.14761 ], [ 75.11422, 13.15039 ], [ 75.10992, 13.15252 ], [ 75.1061, 13.16198 ], [ 75.11133, 13.16839 ], [ 75.11474, 13.18109 ], [ 75.10556, 13.18466 ], [ 75.09829, 13.20815 ], [ 75.09246, 13.21313 ], [ 75.09197, 13.22058 ], [ 75.08356, 13.23618 ], [ 75.06491, 13.24064 ], [ 75.06382, 13.23205 ], [ 75.05822, 13.22653 ], [ 75.0499, 13.22583 ], [ 75.04685, 13.22081 ], [ 75.04192, 13.22501 ], [ 75.03973, 13.2193 ], [ 75.01176, 13.23228 ], [ 75.00935, 13.24227 ], [ 74.99807, 13.24829 ], [ 75.00343, 13.25518 ], [ 75.0111, 13.25289 ], [ 75.01413, 13.25719 ], [ 75.02171, 13.25788 ], [ 75.01991, 13.26305 ], [ 75.02539, 13.26 ], [ 75.03114, 13.26163 ], [ 75.0474, 13.25439 ], [ 75.05709, 13.26747 ], [ 75.05243, 13.27995 ], [ 75.03305, 13.27564 ], [ 75.02739, 13.27751 ], [ 75.02867, 13.31369 ], [ 75.0325, 13.31643 ], [ 75.02183, 13.34194 ], [ 75.02615, 13.35311 ], [ 75.02393, 13.36834 ], [ 75.02947, 13.36949 ], [ 75.0265, 13.37699 ], [ 75.03121, 13.3831 ], [ 75.03286, 13.42906 ], [ 75.03662, 13.43498 ], [ 75.0271, 13.43865 ], [ 75.02555, 13.44342 ], [ 75.01398, 13.44146 ], [ 75.01087, 13.43718 ], [ 75.00423, 13.44657 ], [ 75.00268, 13.44266 ], [ 74.97224, 13.43114 ], [ 74.97236, 13.43376 ], [ 74.96041, 13.43921 ], [ 74.95825, 13.44369 ], [ 74.96177, 13.45191 ], [ 74.95948, 13.45423 ], [ 74.96385, 13.45756 ], [ 74.95019, 13.45763 ], [ 74.94085, 13.46903 ], [ 74.93336, 13.46736 ], [ 74.92064, 13.48608 ], [ 74.9242, 13.48858 ], [ 74.90861, 13.49373 ], [ 74.90653, 13.5008 ], [ 74.8939, 13.50719 ], [ 74.90283, 13.5175 ], [ 74.91526, 13.51898 ], [ 74.91784, 13.52469 ], [ 74.9119, 13.5447 ], [ 74.91758, 13.54738 ], [ 74.92713, 13.54286 ], [ 74.93635, 13.54415 ], [ 74.92972, 13.53885 ], [ 74.9257, 13.52699 ], [ 74.9356, 13.50679 ], [ 74.95105, 13.50581 ], [ 74.9636, 13.49928 ], [ 74.96147, 13.48882 ], [ 74.96663, 13.48828 ], [ 74.97182, 13.49702 ], [ 74.98074, 13.50201 ], [ 74.98891, 13.49902 ], [ 74.98821, 13.50578 ], [ 74.99883, 13.50257 ], [ 75.00147, 13.50649 ], [ 74.99799, 13.51944 ], [ 74.98721, 13.52426 ], [ 74.98901, 13.53348 ], [ 74.97837, 13.54329 ], [ 74.9537, 13.53796 ], [ 74.94682, 13.53976 ], [ 74.95043, 13.54322 ], [ 74.94885, 13.54906 ], [ 74.95526, 13.56068 ], [ 74.95316, 13.56633 ], [ 74.95598, 13.57038 ], [ 74.95212, 13.57408 ], [ 74.95741, 13.57919 ], [ 74.96028, 13.57727 ], [ 74.96626, 13.58073 ], [ 74.97029, 13.58896 ], [ 74.95607, 13.59087 ], [ 74.95526, 13.59872 ], [ 74.95065, 13.59351 ], [ 74.94858, 13.59945 ], [ 74.93706, 13.59807 ], [ 74.93496, 13.60598 ], [ 74.93124, 13.60488 ], [ 74.91525, 13.61179 ], [ 74.92931, 13.62307 ], [ 74.93548, 13.63141 ], [ 74.93561, 13.63843 ], [ 74.94063, 13.64276 ], [ 74.94087, 13.64641 ], [ 74.93244, 13.64778 ], [ 74.93148, 13.6446 ], [ 74.92434, 13.64347 ], [ 74.92227, 13.6482 ], [ 74.9332, 13.65973 ], [ 74.932, 13.67402 ], [ 74.93543, 13.6801 ], [ 74.93812, 13.67907 ], [ 74.94314, 13.68507 ], [ 74.93974, 13.68851 ], [ 74.93324, 13.68659 ], [ 74.93124, 13.69087 ], [ 74.92277, 13.68703 ], [ 74.92338, 13.69648 ], [ 74.91806, 13.70292 ], [ 74.92003, 13.7093 ], [ 74.91373, 13.71419 ], [ 74.91266, 13.73117 ], [ 74.92675, 13.73649 ], [ 74.92162, 13.75621 ], [ 74.91071, 13.74983 ], [ 74.90995, 13.74549 ], [ 74.89998, 13.74343 ], [ 74.8953, 13.73598 ], [ 74.87114, 13.72812 ], [ 74.86923, 13.72482 ], [ 74.87202, 13.7167 ], [ 74.86411, 13.70752 ], [ 74.86789, 13.70207 ], [ 74.86228, 13.69395 ], [ 74.83889, 13.69571 ], [ 74.83482, 13.69343 ], [ 74.83054, 13.69603 ], [ 74.82502, 13.69284 ], [ 74.81867, 13.69837 ], [ 74.80715, 13.69737 ], [ 74.80649, 13.68345 ], [ 74.79676, 13.68012 ], [ 74.79328, 13.67355 ], [ 74.77825, 13.66393 ], [ 74.77193, 13.6639 ], [ 74.76948, 13.65738 ], [ 74.76678, 13.65928 ], [ 74.7638, 13.67061 ], [ 74.75467, 13.6752 ], [ 74.76266, 13.68385 ], [ 74.76438, 13.69095 ], [ 74.75054, 13.69049 ], [ 74.74907, 13.69472 ], [ 74.74014, 13.69507 ], [ 74.73421, 13.70297 ], [ 74.74251, 13.71673 ], [ 74.74532, 13.71608 ], [ 74.74508, 13.72936 ], [ 74.73817, 13.7319 ], [ 74.73175, 13.72921 ], [ 74.73336, 13.73754 ], [ 74.73009, 13.73772 ], [ 74.73092, 13.74076 ], [ 74.71366, 13.75242 ], [ 74.69988, 13.75507 ], [ 74.68162, 13.74439 ], [ 74.68356, 13.7477 ], [ 74.68128, 13.75218 ], [ 74.68293, 13.75697 ], [ 74.69502, 13.7634 ], [ 74.69865, 13.76294 ], [ 74.70148, 13.75719 ], [ 74.70574, 13.75744 ], [ 74.71038, 13.76548 ], [ 74.71785, 13.77058 ], [ 74.73225, 13.7655 ], [ 74.73812, 13.76926 ], [ 74.7443, 13.76362 ], [ 74.74772, 13.7675 ], [ 74.76062, 13.77034 ], [ 74.76401, 13.77618 ], [ 74.75841, 13.77849 ], [ 74.75112, 13.77666 ], [ 74.74303, 13.80994 ], [ 74.72205, 13.81484 ], [ 74.72483, 13.82947 ], [ 74.72099, 13.82725 ], [ 74.71797, 13.83394 ], [ 74.7143, 13.83096 ], [ 74.70724, 13.83332 ], [ 74.70678, 13.83042 ], [ 74.69179, 13.83051 ], [ 74.69109, 13.84022 ], [ 74.68502, 13.84579 ], [ 74.67391, 13.83332 ], [ 74.66024, 13.8346 ], [ 74.65521, 13.83185 ], [ 74.65511, 13.83692 ], [ 74.65144, 13.83755 ], [ 74.6514, 13.84527 ], [ 74.64902, 13.84687 ], [ 74.64466, 13.84319 ], [ 74.64632, 13.85263 ], [ 74.64201, 13.85378 ], [ 74.64041, 13.86275 ], [ 74.63273, 13.87488 ], [ 74.63746, 13.87884 ], [ 74.63663, 13.88265 ], [ 74.65138, 13.89628 ], [ 74.66311, 13.89731 ], [ 74.66523, 13.90004 ], [ 74.65615, 13.92942 ], [ 74.6571, 13.93827 ], [ 74.65044, 13.94077 ], [ 74.65077, 13.94537 ], [ 74.64782, 13.9407 ], [ 74.63828, 13.93917 ], [ 74.63362, 13.9399 ], [ 74.6352, 13.94411 ], [ 74.63113, 13.94395 ], [ 74.63168, 13.9462 ], [ 74.62061, 13.93583 ], [ 74.61865, 13.94182 ], [ 74.60678, 13.94077 ], [ 74.61693, 13.95549 ], [ 74.61631, 13.97422 ], [ 74.62635, 13.9786 ], [ 74.62921, 13.98431 ], [ 74.6248, 13.9874 ], [ 74.61599, 13.98431 ], [ 74.61973, 13.99441 ], [ 74.61077, 14.00541 ], [ 74.60704, 14.00336 ], [ 74.60355, 14.01235 ], [ 74.60555, 14.01386 ], [ 74.59702, 14.01436 ], [ 74.59732, 14.01899 ], [ 74.58297, 14.01514 ], [ 74.57662, 14.02367 ], [ 74.56355, 14.02053 ], [ 74.55894, 14.01573 ], [ 74.55564, 14.03347 ], [ 74.55675, 14.04624 ], [ 74.55325, 14.04645 ], [ 74.53582, 14.06311 ], [ 74.54747, 14.06504 ], [ 74.54987, 14.06819 ], [ 74.53755, 14.08657 ], [ 74.55017, 14.08715 ], [ 74.55028, 14.09626 ], [ 74.53793, 14.11061 ], [ 74.5355, 14.1059 ], [ 74.5343, 14.10957 ], [ 74.52746, 14.10882 ], [ 74.51621, 14.11319 ], [ 74.51654, 14.12506 ], [ 74.50036, 14.12451 ], [ 74.49738, 14.13727 ], [ 74.50643, 14.14084 ], [ 74.50594, 14.14369 ], [ 74.50287, 14.14521 ], [ 74.50304, 14.14151 ], [ 74.50125, 14.14429 ], [ 74.49203, 14.14027 ], [ 74.48755, 14.14425 ], [ 74.48709, 14.1395 ], [ 74.4795, 14.13726 ], [ 74.46574, 14.19705 ], [ 74.46173, 14.20095 ], [ 74.45357, 14.1999 ], [ 74.44804, 14.21825 ], [ 74.44145, 14.22442 ], [ 74.44318, 14.22758 ], [ 74.45603, 14.22238 ], [ 74.46825, 14.23993 ], [ 74.48323, 14.23277 ], [ 74.48716, 14.24356 ], [ 74.48079, 14.24967 ], [ 74.48299, 14.25366 ], [ 74.49249, 14.24725 ], [ 74.50221, 14.24643 ], [ 74.49787, 14.2459 ], [ 74.49246, 14.2372 ], [ 74.48815, 14.23741 ], [ 74.48558, 14.21943 ], [ 74.48232, 14.22262 ], [ 74.48121, 14.21941 ], [ 74.48116, 14.20539 ], [ 74.49323, 14.20077 ], [ 74.5099, 14.20052 ], [ 74.51975, 14.2134 ], [ 74.52247, 14.22399 ], [ 74.52881, 14.22759 ], [ 74.52835, 14.23512 ], [ 74.53247, 14.22697 ], [ 74.54284, 14.23248 ], [ 74.55374, 14.21354 ], [ 74.55372, 14.20518 ], [ 74.54875, 14.19436 ], [ 74.55205, 14.18837 ], [ 74.56241, 14.19247 ], [ 74.57337, 14.19206 ], [ 74.57795, 14.20761 ], [ 74.5724, 14.20834 ], [ 74.56753, 14.21888 ], [ 74.57375, 14.22326 ], [ 74.57219, 14.23042 ], [ 74.5756, 14.23559 ], [ 74.56126, 14.23795 ], [ 74.56139, 14.2431 ], [ 74.56504, 14.24501 ], [ 74.55908, 14.2497 ], [ 74.55617, 14.2487 ], [ 74.55176, 14.2582 ], [ 74.55286, 14.26623 ], [ 74.54149, 14.24951 ], [ 74.51574, 14.24274 ], [ 74.50433, 14.24897 ], [ 74.50922, 14.25398 ], [ 74.52116, 14.25601 ], [ 74.53777, 14.27279 ], [ 74.52649, 14.28255 ], [ 74.53659, 14.29035 ], [ 74.53955, 14.29783 ], [ 74.54395, 14.2988 ], [ 74.54235, 14.30579 ], [ 74.539, 14.30238 ], [ 74.53413, 14.30328 ], [ 74.53455, 14.30741 ], [ 74.528, 14.31435 ], [ 74.51132, 14.30022 ], [ 74.50572, 14.29991 ], [ 74.50469, 14.29633 ], [ 74.49577, 14.30276 ], [ 74.49807, 14.3052 ], [ 74.49622, 14.30949 ], [ 74.49196, 14.30912 ], [ 74.49358, 14.33173 ], [ 74.47733, 14.32108 ], [ 74.4767, 14.32763 ], [ 74.47065, 14.33025 ], [ 74.47432, 14.33811 ], [ 74.45188, 14.32665 ], [ 74.45001, 14.332 ], [ 74.44623, 14.34819 ], [ 74.45362, 14.35246 ], [ 74.4611, 14.34953 ], [ 74.46404, 14.35321 ], [ 74.47618, 14.35557 ], [ 74.47868, 14.36022 ], [ 74.47688, 14.38436 ], [ 74.4702, 14.38882 ], [ 74.47889, 14.41077 ], [ 74.47654, 14.41745 ], [ 74.47929, 14.42653 ], [ 74.48165, 14.43013 ], [ 74.48727, 14.42869 ], [ 74.48829, 14.43267 ], [ 74.49711, 14.42866 ], [ 74.50605, 14.43517 ], [ 74.51411, 14.43534 ], [ 74.5091, 14.44093 ], [ 74.50253, 14.44007 ], [ 74.48844, 14.44523 ], [ 74.48517, 14.45087 ], [ 74.46982, 14.45702 ], [ 74.46335, 14.45436 ], [ 74.43858, 14.47286 ], [ 74.43763, 14.47535 ], [ 74.4432, 14.47738 ], [ 74.43888, 14.4834 ], [ 74.4441, 14.49389 ], [ 74.44062, 14.51336 ], [ 74.43143, 14.51345 ], [ 74.42306, 14.49388 ], [ 74.41195, 14.49531 ], [ 74.41044, 14.50258 ], [ 74.4046, 14.50277 ], [ 74.41023, 14.51416 ], [ 74.41856, 14.51843 ], [ 74.41532, 14.54047 ], [ 74.42648, 14.52411 ], [ 74.42706, 14.53028 ], [ 74.43255, 14.52841 ], [ 74.44004, 14.53063 ], [ 74.43893, 14.52144 ], [ 74.44864, 14.51303 ], [ 74.47355, 14.53263 ], [ 74.46542, 14.54355 ], [ 74.45522, 14.54681 ], [ 74.45043, 14.55565 ], [ 74.46343, 14.56737 ], [ 74.46704, 14.56676 ], [ 74.48612, 14.57991 ], [ 74.48864, 14.59211 ], [ 74.50169, 14.59298 ], [ 74.49497, 14.61472 ], [ 74.46637, 14.62216 ], [ 74.4631, 14.63013 ], [ 74.46703, 14.63234 ], [ 74.45594, 14.65102 ], [ 74.45796, 14.67069 ], [ 74.46562, 14.67968 ], [ 74.49607, 14.68376 ], [ 74.4888, 14.70904 ], [ 74.49136, 14.72646 ], [ 74.48257, 14.74751 ], [ 74.4701, 14.75388 ], [ 74.4783, 14.77356 ], [ 74.45808, 14.79249 ], [ 74.45871, 14.79735 ], [ 74.41601, 14.82 ], [ 74.40858, 14.80996 ], [ 74.397, 14.80803 ], [ 74.41116, 14.75471 ], [ 74.42832, 14.75055 ], [ 74.43551, 14.73706 ], [ 74.43294, 14.71457 ], [ 74.44115, 14.69148 ], [ 74.45195, 14.69124 ], [ 74.45575, 14.68663 ], [ 74.44258, 14.67903 ], [ 74.4364, 14.68215 ], [ 74.42862, 14.67824 ], [ 74.41338, 14.68019 ], [ 74.3994, 14.69241 ], [ 74.39684, 14.6781 ], [ 74.40015, 14.6738 ], [ 74.39545, 14.67316 ], [ 74.39638, 14.66885 ], [ 74.38712, 14.65211 ], [ 74.37882, 14.65393 ], [ 74.36788, 14.63934 ] ], [ [ 75.21508, 13.27291 ], [ 75.22017, 13.30707 ], [ 75.2283, 13.31858 ], [ 75.22464, 13.32909 ], [ 75.21297, 13.33857 ], [ 75.20938, 13.31927 ], [ 75.20672, 13.32091 ], [ 75.20484, 13.31798 ], [ 75.21508, 13.27291 ] ], [ [ 74.96964, 14.6263 ], [ 74.94454, 14.63559 ], [ 74.94183, 14.62049 ], [ 74.94931, 14.61308 ], [ 74.96657, 14.61124 ], [ 74.96964, 14.6263 ] ], [ [ 75.03561, 13.972 ], [ 75.02304, 13.96708 ], [ 75.03194, 13.96516 ], [ 75.04219, 13.96712 ], [ 75.04142, 13.96119 ], [ 75.05254, 13.96257 ], [ 75.05812, 13.97195 ], [ 75.07591, 13.97141 ], [ 75.07532, 13.97521 ], [ 75.08265, 13.98544 ], [ 75.07808, 13.99754 ], [ 75.07301, 14.00125 ], [ 75.06733, 13.99111 ], [ 75.06057, 13.99276 ], [ 75.05901, 14.00458 ], [ 75.05585, 14.00662 ], [ 75.05225, 14.00745 ], [ 75.04224, 14.00143 ], [ 75.03839, 14.00267 ], [ 75.04091, 13.9772 ], [ 75.03561, 13.972 ] ], [ [ 75.08167, 13.94912 ], [ 75.07797, 13.93015 ], [ 75.07258, 13.93647 ], [ 75.05338, 13.94351 ], [ 75.05333, 13.93979 ], [ 75.04512, 13.93457 ], [ 75.04391, 13.92892 ], [ 75.0507, 13.92455 ], [ 75.05066, 13.91997 ], [ 75.04028, 13.91772 ], [ 75.04084, 13.9202 ], [ 75.02984, 13.92589 ], [ 75.0257, 13.9331 ], [ 75.01515, 13.92107 ], [ 75.00215, 13.9167 ], [ 75.00781, 13.90909 ], [ 75.01652, 13.91098 ], [ 75.02064, 13.91527 ], [ 75.0223, 13.9132 ], [ 75.0309, 13.91602 ], [ 75.03468, 13.89814 ], [ 75.04727, 13.89738 ], [ 75.05425, 13.88516 ], [ 75.04758, 13.87993 ], [ 75.05308, 13.87176 ], [ 75.0393, 13.86758 ], [ 75.03702, 13.86084 ], [ 75.06867, 13.85367 ], [ 75.06535, 13.86733 ], [ 75.07603, 13.86764 ], [ 75.08374, 13.86416 ], [ 75.08541, 13.86835 ], [ 75.09596, 13.87163 ], [ 75.09869, 13.86622 ], [ 75.11279, 13.85766 ], [ 75.11765, 13.85798 ], [ 75.11724, 13.85431 ], [ 75.12176, 13.85101 ], [ 75.11422, 13.84038 ], [ 75.11454, 13.8362 ], [ 75.12329, 13.82858 ], [ 75.12961, 13.83432 ], [ 75.13323, 13.83185 ], [ 75.13758, 13.83434 ], [ 75.14, 13.84172 ], [ 75.14567, 13.84115 ], [ 75.15095, 13.84469 ], [ 75.15446, 13.85419 ], [ 75.15742, 13.85192 ], [ 75.16011, 13.86214 ], [ 75.16346, 13.86529 ], [ 75.16287, 13.86318 ], [ 75.16448, 13.86346 ], [ 75.1648, 13.86666 ], [ 75.14482, 13.88206 ], [ 75.14526, 13.88562 ], [ 75.13717, 13.89287 ], [ 75.13873, 13.89761 ], [ 75.12816, 13.9178 ], [ 75.1304, 13.92668 ], [ 75.12661, 13.93409 ], [ 75.12231, 13.93444 ], [ 75.12554, 13.93923 ], [ 75.13262, 13.93427 ], [ 75.1342, 13.95634 ], [ 75.14218, 13.95393 ], [ 75.15542, 13.96358 ], [ 75.16665, 13.95597 ], [ 75.17472, 13.9607 ], [ 75.17831, 13.96592 ], [ 75.17262, 13.9881 ], [ 75.17923, 13.99349 ], [ 75.20486, 13.98993 ], [ 75.21197, 14.00388 ], [ 75.21057, 14.01237 ], [ 75.22289, 14.01538 ], [ 75.23232, 14.01258 ], [ 75.23564, 14.00367 ], [ 75.24261, 14.00616 ], [ 75.24654, 14.00027 ], [ 75.22777, 13.98246 ], [ 75.23183, 13.97505 ], [ 75.2292, 13.97177 ], [ 75.23586, 13.96431 ], [ 75.25391, 13.97658 ], [ 75.26178, 13.97131 ], [ 75.27548, 13.97223 ], [ 75.27667, 13.9793 ], [ 75.26976, 13.99305 ], [ 75.26874, 14.00264 ], [ 75.28018, 14.01016 ], [ 75.29291, 14.01105 ], [ 75.29373, 14.0179 ], [ 75.29056, 14.01854 ], [ 75.29329, 14.02036 ], [ 75.28984, 14.01942 ], [ 75.29269, 14.02404 ], [ 75.29, 14.02204 ], [ 75.28977, 14.02508 ], [ 75.28468, 14.02534 ], [ 75.28582, 14.0335 ], [ 75.27885, 14.04287 ], [ 75.28315, 14.0606 ], [ 75.26242, 14.05787 ], [ 75.25745, 14.05313 ], [ 75.25144, 14.05892 ], [ 75.25522, 14.06706 ], [ 75.2418, 14.07506 ], [ 75.24832, 14.07881 ], [ 75.24945, 14.08344 ], [ 75.25415, 14.08378 ], [ 75.25376, 14.08944 ], [ 75.24659, 14.09375 ], [ 75.24681, 14.09852 ], [ 75.25687, 14.10044 ], [ 75.2518, 14.1154 ], [ 75.2476, 14.11814 ], [ 75.24924, 14.12304 ], [ 75.24323, 14.12257 ], [ 75.24259, 14.11818 ], [ 75.2377, 14.1206 ], [ 75.23563, 14.11578 ], [ 75.23941, 14.10525 ], [ 75.23554, 14.09656 ], [ 75.23877, 14.07737 ], [ 75.23579, 14.07641 ], [ 75.21224, 14.07664 ], [ 75.20656, 14.0871 ], [ 75.18175, 14.08673 ], [ 75.1853, 14.09646 ], [ 75.1841, 14.10337 ], [ 75.18696, 14.10407 ], [ 75.17427, 14.1083 ], [ 75.16813, 14.10497 ], [ 75.16453, 14.10799 ], [ 75.16708, 14.11359 ], [ 75.16317, 14.12139 ], [ 75.14757, 14.12093 ], [ 75.1445, 14.11512 ], [ 75.14837, 14.11262 ], [ 75.15041, 14.10242 ], [ 75.16202, 14.09407 ], [ 75.16381, 14.0893 ], [ 75.1589, 14.08175 ], [ 75.1627, 14.08224 ], [ 75.17497, 14.0595 ], [ 75.16464, 14.05692 ], [ 75.16513, 14.06448 ], [ 75.15829, 14.06426 ], [ 75.15191, 14.06839 ], [ 75.13981, 14.06315 ], [ 75.13113, 14.08037 ], [ 75.1175, 14.08435 ], [ 75.11198, 14.07527 ], [ 75.11791, 14.07202 ], [ 75.11562, 14.06882 ], [ 75.11867, 14.06725 ], [ 75.11701, 14.05637 ], [ 75.12203, 14.0544 ], [ 75.11704, 14.04842 ], [ 75.11761, 14.04035 ], [ 75.12384, 14.03832 ], [ 75.13412, 14.05157 ], [ 75.13758, 14.04699 ], [ 75.14744, 14.04315 ], [ 75.1584, 14.04991 ], [ 75.16775, 14.04811 ], [ 75.16952, 14.04214 ], [ 75.17372, 14.04251 ], [ 75.17622, 14.03304 ], [ 75.17048, 14.02961 ], [ 75.16701, 14.03848 ], [ 75.15849, 14.02987 ], [ 75.15837, 14.02349 ], [ 75.14931, 14.02816 ], [ 75.14425, 14.02672 ], [ 75.13745, 14.01252 ], [ 75.13067, 14.01449 ], [ 75.12534, 14.02088 ], [ 75.11089, 14.01902 ], [ 75.10356, 14.0234 ], [ 75.09416, 14.02248 ], [ 75.09294, 14.01359 ], [ 75.1015, 14.00384 ], [ 75.10682, 14.00532 ], [ 75.10888, 13.99549 ], [ 75.11284, 13.99421 ], [ 75.11145, 13.98259 ], [ 75.12075, 13.97551 ], [ 75.11887, 13.96798 ], [ 75.13287, 13.96124 ], [ 75.13394, 13.95642 ], [ 75.10262, 13.94836 ], [ 75.09849, 13.93957 ], [ 75.08709, 13.94867 ], [ 75.08167, 13.94912 ] ], [ [ 75.06176, 13.80257 ], [ 75.06896, 13.80962 ], [ 75.06022, 13.81037 ], [ 75.04306, 13.80232 ], [ 75.04521, 13.79573 ], [ 75.03736, 13.78927 ], [ 75.04058, 13.78042 ], [ 75.03811, 13.76995 ], [ 75.03156, 13.76542 ], [ 75.04341, 13.76283 ], [ 75.04718, 13.75464 ], [ 75.06422, 13.75141 ], [ 75.06232, 13.75688 ], [ 75.06734, 13.76301 ], [ 75.06013, 13.77928 ], [ 75.06016, 13.79272 ], [ 75.06408, 13.79488 ], [ 75.06176, 13.80257 ] ], [ [ 75.07308, 13.64572 ], [ 75.06756, 13.64148 ], [ 75.06393, 13.65179 ], [ 75.0561, 13.6571 ], [ 75.05552, 13.64716 ], [ 75.06004, 13.635 ], [ 75.06518, 13.62839 ], [ 75.07351, 13.62665 ], [ 75.07988, 13.62943 ], [ 75.08826, 13.64015 ], [ 75.08443, 13.64476 ], [ 75.07803, 13.64244 ], [ 75.07308, 13.64572 ] ], [ [ 74.63935, 14.96769 ], [ 74.63689, 14.96444 ], [ 74.64648, 14.95569 ], [ 74.667, 14.95645 ], [ 74.66128, 14.97323 ], [ 74.63935, 14.96769 ] ], [ [ 74.62448, 14.82098 ], [ 74.61833, 14.81777 ], [ 74.61482, 14.82267 ], [ 74.60856, 14.82276 ], [ 74.60391, 14.81659 ], [ 74.60717, 14.80025 ], [ 74.60976, 14.7989 ], [ 74.6028, 14.79545 ], [ 74.58624, 14.79433 ], [ 74.58258, 14.78795 ], [ 74.58247, 14.78452 ], [ 74.59606, 14.77216 ], [ 74.5981, 14.75749 ], [ 74.60468, 14.75997 ], [ 74.61059, 14.75768 ], [ 74.61077, 14.74291 ], [ 74.62991, 14.76529 ], [ 74.6321, 14.77601 ], [ 74.65388, 14.78041 ], [ 74.64458, 14.79826 ], [ 74.63314, 14.80806 ], [ 74.6366, 14.80817 ], [ 74.63128, 14.81689 ], [ 74.62448, 14.82098 ] ], [ [ 74.63911, 14.69376 ], [ 74.63237, 14.68718 ], [ 74.63483, 14.66943 ], [ 74.6533, 14.64574 ], [ 74.67141, 14.64849 ], [ 74.6705, 14.67141 ], [ 74.68419, 14.67612 ], [ 74.68634, 14.69341 ], [ 74.69248, 14.70011 ], [ 74.68153, 14.7016 ], [ 74.65085, 14.69256 ], [ 74.63911, 14.69376 ] ], [ [ 74.6321, 14.47125 ], [ 74.61393, 14.46605 ], [ 74.60892, 14.46775 ], [ 74.60308, 14.45208 ], [ 74.60487, 14.44794 ], [ 74.61062, 14.44495 ], [ 74.61972, 14.44863 ], [ 74.6296, 14.45905 ], [ 74.6321, 14.47125 ] ], [ [ 74.61843, 14.24192 ], [ 74.59391, 14.23181 ], [ 74.59371, 14.22856 ], [ 74.61026, 14.2194 ], [ 74.62515, 14.22054 ], [ 74.62672, 14.22481 ], [ 74.6311, 14.22454 ], [ 74.62493, 14.23285 ], [ 74.62761, 14.23598 ], [ 74.61843, 14.24192 ] ], [ [ 74.69778, 14.11769 ], [ 74.69904, 14.10979 ], [ 74.69593, 14.09937 ], [ 74.68917, 14.09083 ], [ 74.69666, 14.09377 ], [ 74.71038, 14.08745 ], [ 74.7259, 14.08511 ], [ 74.72823, 14.09471 ], [ 74.72144, 14.10391 ], [ 74.71308, 14.10652 ], [ 74.70443, 14.12227 ], [ 74.69778, 14.11769 ] ], [ [ 74.39408, 15.42207 ], [ 74.40145, 15.38428 ], [ 74.40879, 15.38746 ], [ 74.41739, 15.38558 ], [ 74.42337, 15.38768 ], [ 74.42183, 15.39148 ], [ 74.42886, 15.39869 ], [ 74.42276, 15.42194 ], [ 74.40464, 15.40747 ], [ 74.39408, 15.42207 ] ], [ [ 74.54104, 15.10814 ], [ 74.52366, 15.12498 ], [ 74.51246, 15.12522 ], [ 74.50644, 15.11794 ], [ 74.50449, 15.10968 ], [ 74.51213, 15.08481 ], [ 74.51469, 15.0841 ], [ 74.51663, 15.09023 ], [ 74.52212, 15.08488 ], [ 74.52962, 15.08865 ], [ 74.53239, 15.08539 ], [ 74.539, 15.09518 ], [ 74.53609, 15.10028 ], [ 74.54104, 15.10814 ] ], [ [ 74.52801, 15.05908 ], [ 74.53466, 15.03647 ], [ 74.53912, 15.03914 ], [ 74.54514, 15.03671 ], [ 74.56108, 15.04534 ], [ 74.55855, 15.04695 ], [ 74.55338, 15.07664 ], [ 74.53542, 15.07357 ], [ 74.53786, 15.06414 ], [ 74.52801, 15.05908 ] ], [ [ 74.53654, 15.03212 ], [ 74.50632, 15.02197 ], [ 74.50054, 15.01398 ], [ 74.50204, 15.00551 ], [ 74.50576, 15.0032 ], [ 74.51037, 15.00789 ], [ 74.52084, 15.00863 ], [ 74.54032, 15.00383 ], [ 74.54429, 15.01336 ], [ 74.53779, 15.02128 ], [ 74.53654, 15.03212 ] ], [ [ 74.56967, 14.95657 ], [ 74.56205, 14.94593 ], [ 74.54541, 14.942 ], [ 74.53922, 14.92573 ], [ 74.55244, 14.92049 ], [ 74.55504, 14.92646 ], [ 74.56443, 14.92957 ], [ 74.57429, 14.9217 ], [ 74.58129, 14.94677 ], [ 74.57275, 14.95105 ], [ 74.56967, 14.95657 ] ], [ [ 74.51367, 14.88265 ], [ 74.50454, 14.88094 ], [ 74.51273, 14.86623 ], [ 74.5292, 14.86666 ], [ 74.5335, 14.88471 ], [ 74.51804, 14.88772 ], [ 74.51367, 14.88265 ] ], [ [ 74.57418, 14.60799 ], [ 74.59387, 14.61084 ], [ 74.60949, 14.62503 ], [ 74.61211, 14.6336 ], [ 74.57534, 14.63525 ], [ 74.56807, 14.61975 ], [ 74.57418, 14.60799 ] ], [ [ 74.52177, 14.56824 ], [ 74.51792, 14.56454 ], [ 74.52516, 14.54653 ], [ 74.52853, 14.52039 ], [ 74.53638, 14.5212 ], [ 74.54275, 14.52814 ], [ 74.56873, 14.52681 ], [ 74.57993, 14.5578 ], [ 74.55017, 14.54652 ], [ 74.53235, 14.56491 ], [ 74.52177, 14.56824 ] ], [ [ 74.51977, 14.51238 ], [ 74.51923, 14.50804 ], [ 74.51172, 14.50785 ], [ 74.51269, 14.5028 ], [ 74.50826, 14.5026 ], [ 74.50781, 14.49301 ], [ 74.51922, 14.495 ], [ 74.52397, 14.51069 ], [ 74.51977, 14.51238 ] ], [ [ 74.54264, 14.43716 ], [ 74.54229, 14.43016 ], [ 74.54596, 14.42782 ], [ 74.56523, 14.43562 ], [ 74.56525, 14.45718 ], [ 74.57426, 14.47559 ], [ 74.55879, 14.47906 ], [ 74.55786, 14.45907 ], [ 74.54237, 14.44485 ], [ 74.53873, 14.43834 ], [ 74.54264, 14.43716 ] ], [ [ 74.54835, 14.36405 ], [ 74.56301, 14.36236 ], [ 74.58591, 14.37363 ], [ 74.58158, 14.39635 ], [ 74.5733, 14.38654 ], [ 74.56276, 14.3933 ], [ 74.54733, 14.36677 ], [ 74.54835, 14.36405 ] ], [ [ 74.38736, 15.09835 ], [ 74.38736, 15.09834 ], [ 74.38771, 15.09869 ], [ 74.38736, 15.09835 ] ], [ [ 74.3917, 15.13203 ], [ 74.40489, 15.13552 ], [ 74.41801, 15.14424 ], [ 74.39262, 15.14686 ], [ 74.37668, 15.15855 ], [ 74.37347, 15.14475 ], [ 74.3917, 15.13203 ] ], [ [ 74.36121, 15.45967 ], [ 74.37361, 15.47956 ], [ 74.35771, 15.49947 ], [ 74.34283, 15.48619 ], [ 74.34174, 15.47807 ], [ 74.32836, 15.46818 ], [ 74.32815, 15.46164 ], [ 74.3467, 15.4569 ], [ 74.36121, 15.45967 ] ], [ [ 74.12365, 14.89698 ], [ 74.12441, 14.89268 ], [ 74.12794, 14.89127 ], [ 74.12804, 14.89646 ], [ 74.12365, 14.89698 ] ], [ [ 74.12282, 14.89434 ], [ 74.12366, 14.89466 ], [ 74.12288, 14.89458 ], [ 74.12282, 14.89434 ] ], [ [ 74.12373, 14.89596 ], [ 74.1225, 14.89565 ], [ 74.12252, 14.89555 ], [ 74.12373, 14.89596 ] ], [ [ 74.34542, 15.70607 ], [ 74.34894, 15.6958 ], [ 74.35339, 15.6927 ], [ 74.35709, 15.69918 ], [ 74.35658, 15.70549 ], [ 74.36046, 15.70812 ], [ 74.35983, 15.71595 ], [ 74.35451, 15.71632 ], [ 74.34542, 15.70607 ] ], [ [ 74.48551, 14.47617 ], [ 74.48866, 14.46431 ], [ 74.49883, 14.46111 ], [ 74.50506, 14.46872 ], [ 74.48551, 14.47617 ] ], [ [ 74.52414, 14.81124 ], [ 74.50079, 14.79324 ], [ 74.51389, 14.79022 ], [ 74.52705, 14.79289 ], [ 74.52908, 14.80259 ], [ 74.52414, 14.81124 ] ], [ [ 74.44603, 15.13567 ], [ 74.45727, 15.15065 ], [ 74.44367, 15.15077 ], [ 74.44285, 15.15401 ], [ 74.43721, 15.1553 ], [ 74.43713, 15.15005 ], [ 74.44603, 15.13567 ] ], [ [ 74.54947, 15.37724 ], [ 74.54993, 15.37227 ], [ 74.52911, 15.35931 ], [ 74.53882, 15.35025 ], [ 74.55516, 15.36795 ], [ 74.56445, 15.366 ], [ 74.56765, 15.37154 ], [ 74.5651, 15.37749 ], [ 74.57502, 15.3914 ], [ 74.56758, 15.40345 ], [ 74.55711, 15.40747 ], [ 74.54298, 15.38418 ], [ 74.54947, 15.37724 ] ], [ [ 74.46476, 15.41559 ], [ 74.47389, 15.40246 ], [ 74.47408, 15.39652 ], [ 74.48191, 15.39545 ], [ 74.49956, 15.40436 ], [ 74.50975, 15.40326 ], [ 74.50613, 15.41249 ], [ 74.50963, 15.42757 ], [ 74.50102, 15.43568 ], [ 74.51202, 15.44818 ], [ 74.50593, 15.45323 ], [ 74.50924, 15.46401 ], [ 74.49886, 15.46933 ], [ 74.50017, 15.47514 ], [ 74.49247, 15.49992 ], [ 74.48299, 15.50393 ], [ 74.4672, 15.49456 ], [ 74.46916, 15.47285 ], [ 74.48578, 15.46344 ], [ 74.49497, 15.46784 ], [ 74.48402, 15.44868 ], [ 74.48405, 15.43358 ], [ 74.4745, 15.42647 ], [ 74.47276, 15.41906 ], [ 74.46838, 15.41978 ], [ 74.46476, 15.41559 ] ], [ [ 74.47874, 15.35316 ], [ 74.48669, 15.34381 ], [ 74.50257, 15.34732 ], [ 74.50298, 15.35921 ], [ 74.49769, 15.3681 ], [ 74.49165, 15.36889 ], [ 74.47968, 15.35847 ], [ 74.47874, 15.35316 ] ], [ [ 74.56566, 15.45058 ], [ 74.58279, 15.4472 ], [ 74.5876, 15.43283 ], [ 74.60036, 15.42839 ], [ 74.60482, 15.43021 ], [ 74.59602, 15.43916 ], [ 74.58745, 15.44234 ], [ 74.59081, 15.45449 ], [ 74.59855, 15.45697 ], [ 74.59743, 15.46685 ], [ 74.57063, 15.45964 ], [ 74.56566, 15.45058 ] ], [ [ 74.62652, 14.04675 ], [ 74.61447, 14.04682 ], [ 74.60699, 14.04186 ], [ 74.61738, 14.03129 ], [ 74.62672, 14.03152 ], [ 74.6277, 14.03776 ], [ 74.63263, 14.03878 ], [ 74.62975, 14.04594 ], [ 74.6265, 14.04378 ], [ 74.62652, 14.04675 ] ], [ [ 74.63743, 14.01815 ], [ 74.64793, 14.01309 ], [ 74.66474, 14.00021 ], [ 74.66893, 14.00855 ], [ 74.65682, 14.01766 ], [ 74.65064, 14.01884 ], [ 74.64894, 14.02709 ], [ 74.63743, 14.01815 ] ], [ [ 74.63611, 13.97969 ], [ 74.63795, 13.97995 ], [ 74.63611, 13.9797 ], [ 74.63611, 13.97969 ] ], [ [ 74.5633, 14.3966 ], [ 74.57918, 14.408 ], [ 74.58099, 14.39832 ], [ 74.59166, 14.4008 ], [ 74.59157, 14.40536 ], [ 74.58078, 14.40692 ], [ 74.57985, 14.41121 ], [ 74.59135, 14.41975 ], [ 74.59315, 14.44897 ], [ 74.5878, 14.46171 ], [ 74.57968, 14.46435 ], [ 74.58524, 14.44689 ], [ 74.57995, 14.43668 ], [ 74.5827, 14.43414 ], [ 74.57506, 14.43342 ], [ 74.55617, 14.40115 ], [ 74.5633, 14.3966 ] ], [ [ 74.77412, 14.81577 ], [ 74.77875, 14.81218 ], [ 74.78889, 14.81614 ], [ 74.80998, 14.81311 ], [ 74.80979, 14.82404 ], [ 74.80551, 14.83096 ], [ 74.80542, 14.83735 ], [ 74.81104, 14.84391 ], [ 74.80925, 14.85016 ], [ 74.79316, 14.84777 ], [ 74.79404, 14.84144 ], [ 74.76839, 14.83773 ], [ 74.77547, 14.8288 ], [ 74.77412, 14.81577 ] ], [ [ 74.82902, 14.8241 ], [ 74.82756, 14.81769 ], [ 74.83172, 14.81005 ], [ 74.82615, 14.80097 ], [ 74.84134, 14.80372 ], [ 74.84386, 14.79908 ], [ 74.85529, 14.79367 ], [ 74.86301, 14.81144 ], [ 74.8653, 14.81022 ], [ 74.86889, 14.81714 ], [ 74.87027, 14.82654 ], [ 74.86916, 14.83353 ], [ 74.86271, 14.83739 ], [ 74.85359, 14.83754 ], [ 74.85046, 14.84179 ], [ 74.84534, 14.83965 ], [ 74.85013, 14.84963 ], [ 74.84793, 14.85671 ], [ 74.85221, 14.85632 ], [ 74.85504, 14.86284 ], [ 74.84321, 14.87432 ], [ 74.8522, 14.88816 ], [ 74.8343, 14.86811 ], [ 74.82461, 14.86636 ], [ 74.81871, 14.85847 ], [ 74.82365, 14.83197 ], [ 74.82902, 14.8241 ] ], [ [ 74.83996, 14.65074 ], [ 74.838, 14.64636 ], [ 74.8258, 14.65435 ], [ 74.823, 14.64343 ], [ 74.83112, 14.64143 ], [ 74.82994, 14.63744 ], [ 74.82439, 14.63887 ], [ 74.81814, 14.63289 ], [ 74.81938, 14.63913 ], [ 74.80449, 14.65163 ], [ 74.80038, 14.65175 ], [ 74.80019, 14.66304 ], [ 74.7826, 14.65923 ], [ 74.76857, 14.66241 ], [ 74.76655, 14.66917 ], [ 74.77794, 14.6738 ], [ 74.77102, 14.67709 ], [ 74.77004, 14.67329 ], [ 74.7615, 14.67158 ], [ 74.75688, 14.68048 ], [ 74.76599, 14.69999 ], [ 74.7732, 14.7036 ], [ 74.75055, 14.70846 ], [ 74.7613, 14.71867 ], [ 74.76078, 14.72966 ], [ 74.74788, 14.73347 ], [ 74.71456, 14.72542 ], [ 74.7217, 14.71021 ], [ 74.70678, 14.68085 ], [ 74.71672, 14.67423 ], [ 74.71009, 14.66001 ], [ 74.71485, 14.64907 ], [ 74.71172, 14.63999 ], [ 74.70764, 14.64273 ], [ 74.70004, 14.64106 ], [ 74.69134, 14.62514 ], [ 74.68917, 14.60628 ], [ 74.69117, 14.60202 ], [ 74.70183, 14.60244 ], [ 74.69928, 14.61906 ], [ 74.70522, 14.62014 ], [ 74.71011, 14.62799 ], [ 74.71685, 14.62799 ], [ 74.73227, 14.63602 ], [ 74.73286, 14.64143 ], [ 74.73666, 14.64113 ], [ 74.74099, 14.6517 ], [ 74.75062, 14.64689 ], [ 74.76694, 14.64809 ], [ 74.76076, 14.64246 ], [ 74.75964, 14.63461 ], [ 74.76733, 14.62999 ], [ 74.77219, 14.63535 ], [ 74.78182, 14.62625 ], [ 74.7816, 14.61994 ], [ 74.79699, 14.6235 ], [ 74.79973, 14.5957 ], [ 74.79261, 14.5933 ], [ 74.78933, 14.60175 ], [ 74.78325, 14.60188 ], [ 74.78104, 14.60676 ], [ 74.77458, 14.60772 ], [ 74.7672, 14.60379 ], [ 74.75629, 14.58817 ], [ 74.76266, 14.58589 ], [ 74.76471, 14.58834 ], [ 74.773, 14.5837 ], [ 74.78254, 14.58588 ], [ 74.78769, 14.57719 ], [ 74.78075, 14.56973 ], [ 74.77713, 14.57084 ], [ 74.77332, 14.56728 ], [ 74.77316, 14.56947 ], [ 74.76051, 14.57106 ], [ 74.75397, 14.57675 ], [ 74.74814, 14.56975 ], [ 74.74779, 14.56373 ], [ 74.73927, 14.55808 ], [ 74.74364, 14.55164 ], [ 74.74218, 14.54572 ], [ 74.74971, 14.53293 ], [ 74.74885, 14.52611 ], [ 74.74397, 14.53 ], [ 74.73372, 14.52863 ], [ 74.72679, 14.52193 ], [ 74.73175, 14.516 ], [ 74.7302, 14.51178 ], [ 74.73272, 14.50782 ], [ 74.73361, 14.50981 ], [ 74.73971, 14.50716 ], [ 74.74655, 14.50124 ], [ 74.75829, 14.50557 ], [ 74.76572, 14.49919 ], [ 74.77181, 14.49868 ], [ 74.77284, 14.49436 ], [ 74.76777, 14.49201 ], [ 74.76451, 14.48452 ], [ 74.7657, 14.47986 ], [ 74.76002, 14.4777 ], [ 74.75599, 14.47016 ], [ 74.7563, 14.46507 ], [ 74.75914, 14.46557 ], [ 74.75773, 14.46038 ], [ 74.76406, 14.4551 ], [ 74.76172, 14.44548 ], [ 74.77321, 14.45053 ], [ 74.78111, 14.44672 ], [ 74.78187, 14.44124 ], [ 74.78631, 14.4421 ], [ 74.79003, 14.43677 ], [ 74.78833, 14.43332 ], [ 74.79184, 14.43092 ], [ 74.78835, 14.42735 ], [ 74.79258, 14.42156 ], [ 74.79148, 14.4159 ], [ 74.79338, 14.41339 ], [ 74.8018, 14.41411 ], [ 74.80264, 14.40753 ], [ 74.81031, 14.41219 ], [ 74.80921, 14.41992 ], [ 74.82075, 14.42199 ], [ 74.82404, 14.42628 ], [ 74.82495, 14.42088 ], [ 74.83468, 14.41856 ], [ 74.84085, 14.4231 ], [ 74.84509, 14.4216 ], [ 74.84512, 14.43271 ], [ 74.85096, 14.44953 ], [ 74.84895, 14.45902 ], [ 74.8426, 14.45711 ], [ 74.82911, 14.46515 ], [ 74.8358, 14.47287 ], [ 74.83415, 14.48229 ], [ 74.83724, 14.48225 ], [ 74.83189, 14.48822 ], [ 74.841, 14.48891 ], [ 74.83941, 14.49279 ], [ 74.84332, 14.49777 ], [ 74.84639, 14.49723 ], [ 74.84528, 14.50335 ], [ 74.85041, 14.51211 ], [ 74.84657, 14.5153 ], [ 74.84711, 14.52081 ], [ 74.84364, 14.52031 ], [ 74.84056, 14.53513 ], [ 74.83322, 14.53823 ], [ 74.82989, 14.5356 ], [ 74.82747, 14.54454 ], [ 74.83063, 14.54691 ], [ 74.83858, 14.54222 ], [ 74.83977, 14.54589 ], [ 74.84492, 14.54261 ], [ 74.85438, 14.55289 ], [ 74.87085, 14.55847 ], [ 74.87761, 14.55752 ], [ 74.87936, 14.56653 ], [ 74.87683, 14.56553 ], [ 74.87816, 14.56774 ], [ 74.87499, 14.56824 ], [ 74.87487, 14.56954 ], [ 74.88078, 14.57552 ], [ 74.87788, 14.58145 ], [ 74.88136, 14.58614 ], [ 74.89249, 14.57201 ], [ 74.89422, 14.57427 ], [ 74.90429, 14.57185 ], [ 74.90825, 14.54845 ], [ 74.91512, 14.55948 ], [ 74.91807, 14.57217 ], [ 74.91061, 14.57557 ], [ 74.91144, 14.58499 ], [ 74.91737, 14.5883 ], [ 74.91069, 14.60075 ], [ 74.91345, 14.60934 ], [ 74.9148, 14.60693 ], [ 74.92446, 14.60676 ], [ 74.92521, 14.60132 ], [ 74.93781, 14.61791 ], [ 74.93061, 14.62591 ], [ 74.91758, 14.63013 ], [ 74.91331, 14.62199 ], [ 74.90032, 14.62538 ], [ 74.90324, 14.60904 ], [ 74.89309, 14.60635 ], [ 74.88742, 14.6113 ], [ 74.88094, 14.61234 ], [ 74.87861, 14.61377 ], [ 74.87821, 14.61442 ], [ 74.8767, 14.61461 ], [ 74.87424, 14.61688 ], [ 74.89286, 14.64165 ], [ 74.90285, 14.63907 ], [ 74.91241, 14.64387 ], [ 74.90516, 14.65527 ], [ 74.871, 14.64627 ], [ 74.86604, 14.64647 ], [ 74.86192, 14.65377 ], [ 74.86015, 14.64879 ], [ 74.84653, 14.65347 ], [ 74.83996, 14.65074 ] ], [ [ 74.71501, 14.31049 ], [ 74.72236, 14.30078 ], [ 74.7308, 14.30198 ], [ 74.73208, 14.31012 ], [ 74.73942, 14.31869 ], [ 74.74801, 14.3158 ], [ 74.74844, 14.31903 ], [ 74.73966, 14.3204 ], [ 74.74379, 14.32442 ], [ 74.73711, 14.32711 ], [ 74.71501, 14.31049 ] ], [ [ 74.72696, 14.79089 ], [ 74.71918, 14.79479 ], [ 74.7141, 14.81595 ], [ 74.70798, 14.81697 ], [ 74.67953, 14.80951 ], [ 74.67735, 14.74831 ], [ 74.68002, 14.74641 ], [ 74.68811, 14.75123 ], [ 74.69263, 14.73836 ], [ 74.70354, 14.73704 ], [ 74.71432, 14.73084 ], [ 74.72392, 14.7351 ], [ 74.72942, 14.74841 ], [ 74.73608, 14.74852 ], [ 74.72106, 14.75685 ], [ 74.71496, 14.76374 ], [ 74.719, 14.77604 ], [ 74.72713, 14.78547 ], [ 74.72696, 14.79089 ] ], [ [ 74.73455, 14.59765 ], [ 74.72291, 14.60172 ], [ 74.7119, 14.61125 ], [ 74.70581, 14.60886 ], [ 74.70255, 14.60347 ], [ 74.70371, 14.59408 ], [ 74.71342, 14.58755 ], [ 74.73542, 14.59068 ], [ 74.73455, 14.59765 ] ], [ [ 74.74405, 14.49108 ], [ 74.73421, 14.48775 ], [ 74.72436, 14.49612 ], [ 74.71804, 14.49139 ], [ 74.71459, 14.48287 ], [ 74.73167, 14.46973 ], [ 74.73714, 14.46986 ], [ 74.74977, 14.48184 ], [ 74.74405, 14.49108 ] ], [ [ 74.74131, 14.4479 ], [ 74.7377, 14.43489 ], [ 74.74061, 14.43484 ], [ 74.73988, 14.43002 ], [ 74.74881, 14.42003 ], [ 74.75557, 14.42854 ], [ 74.7483, 14.43701 ], [ 74.75282, 14.44324 ], [ 74.74131, 14.4479 ] ], [ [ 74.67655, 14.36617 ], [ 74.67654, 14.36617 ], [ 74.67654, 14.36616 ], [ 74.67655, 14.36617 ] ], [ [ 74.68862, 14.3782 ], [ 74.6908, 14.376 ], [ 74.69506, 14.37578 ], [ 74.69044, 14.38302 ], [ 74.68559, 14.38012 ], [ 74.68557, 14.37601 ], [ 74.68862, 14.3782 ] ], [ [ 74.72771, 14.344 ], [ 74.73118, 14.34048 ], [ 74.73114, 14.34438 ], [ 74.72771, 14.344 ] ], [ [ 74.65368, 14.43202 ], [ 74.6729, 14.41334 ], [ 74.66876, 14.40187 ], [ 74.69381, 14.39921 ], [ 74.69306, 14.41587 ], [ 74.69562, 14.42248 ], [ 74.68883, 14.44358 ], [ 74.68169, 14.44663 ], [ 74.67859, 14.44455 ], [ 74.67565, 14.43148 ], [ 74.65929, 14.43506 ], [ 74.65368, 14.43202 ] ], [ [ 74.70961, 14.42303 ], [ 74.71412, 14.428 ], [ 74.72548, 14.42881 ], [ 74.73288, 14.43996 ], [ 74.71858, 14.44227 ], [ 74.71379, 14.45214 ], [ 74.71091, 14.45264 ], [ 74.70103, 14.44438 ], [ 74.70996, 14.42975 ], [ 74.70506, 14.42404 ], [ 74.70961, 14.42303 ] ], [ [ 74.67103, 14.52996 ], [ 74.69587, 14.52567 ], [ 74.70314, 14.52837 ], [ 74.70027, 14.53586 ], [ 74.70446, 14.54457 ], [ 74.69946, 14.55838 ], [ 74.68824, 14.56971 ], [ 74.67231, 14.56036 ], [ 74.666, 14.54981 ], [ 74.67103, 14.52996 ] ], [ [ 74.71556, 14.57422 ], [ 74.71663, 14.56654 ], [ 74.7229, 14.56438 ], [ 74.72357, 14.56009 ], [ 74.73211, 14.56397 ], [ 74.73226, 14.57196 ], [ 74.72584, 14.57462 ], [ 74.7249, 14.57847 ], [ 74.71556, 14.57422 ] ], [ [ 74.65103, 14.73419 ], [ 74.66454, 14.74847 ], [ 74.66258, 14.75538 ], [ 74.65138, 14.76317 ], [ 74.64251, 14.76445 ], [ 74.63829, 14.75869 ], [ 74.63964, 14.74948 ], [ 74.64362, 14.74723 ], [ 74.64758, 14.7338 ], [ 74.65103, 14.73419 ] ], [ [ 74.7586, 14.27749 ], [ 74.77602, 14.26929 ], [ 74.78221, 14.28086 ], [ 74.77873, 14.29704 ], [ 74.77149, 14.29629 ], [ 74.77032, 14.28982 ], [ 74.76434, 14.28765 ], [ 74.76496, 14.28126 ], [ 74.7586, 14.27749 ] ], [ [ 74.77402, 14.73589 ], [ 74.7735, 14.72918 ], [ 74.78213, 14.72202 ], [ 74.78685, 14.72378 ], [ 74.79306, 14.73327 ], [ 74.81257, 14.73592 ], [ 74.80942, 14.74104 ], [ 74.81033, 14.74641 ], [ 74.80634, 14.75054 ], [ 74.80113, 14.75253 ], [ 74.79588, 14.74961 ], [ 74.79185, 14.75627 ], [ 74.78458, 14.75213 ], [ 74.77832, 14.75919 ], [ 74.77295, 14.75562 ], [ 74.77805, 14.74024 ], [ 74.77402, 14.73589 ] ], [ [ 74.8891, 14.78454 ], [ 74.89741, 14.77593 ], [ 74.90141, 14.77973 ], [ 74.8984, 14.78388 ], [ 74.88876, 14.78491 ], [ 74.87731, 14.79974 ], [ 74.86933, 14.79783 ], [ 74.8657, 14.7696 ], [ 74.87367, 14.77221 ], [ 74.87812, 14.76702 ], [ 74.8891, 14.78454 ] ], [ [ 74.68642, 14.9595 ], [ 74.68642, 14.96476 ], [ 74.68219, 14.96344 ], [ 74.68106, 14.95929 ], [ 74.68642, 14.9595 ] ], [ [ 74.77849, 14.00896 ], [ 74.79273, 13.99243 ], [ 74.80013, 13.9924 ], [ 74.80266, 13.98821 ], [ 74.80555, 13.98853 ], [ 74.80666, 13.99952 ], [ 74.80004, 14.01939 ], [ 74.80367, 14.0259 ], [ 74.80059, 14.03951 ], [ 74.80376, 14.04154 ], [ 74.79559, 14.047 ], [ 74.78714, 14.04559 ], [ 74.78331, 14.037 ], [ 74.77342, 14.03393 ], [ 74.7766, 14.0238 ], [ 74.78474, 14.02685 ], [ 74.78563, 14.03441 ], [ 74.79476, 14.02049 ], [ 74.77849, 14.00896 ] ], [ [ 74.96305, 13.80213 ], [ 74.96231, 13.77474 ], [ 74.96712, 13.76717 ], [ 74.98674, 13.78887 ], [ 75.00253, 13.79905 ], [ 75.00788, 13.79898 ], [ 75.01331, 13.81104 ], [ 75.0211, 13.81199 ], [ 75.02267, 13.81824 ], [ 75.01631, 13.81987 ], [ 75.00859, 13.81571 ], [ 74.99854, 13.81941 ], [ 74.99858, 13.81271 ], [ 74.9845, 13.8136 ], [ 74.97579, 13.80786 ], [ 74.97159, 13.81363 ], [ 74.96305, 13.80213 ] ], [ [ 75.02868, 13.63915 ], [ 75.03154, 13.64162 ], [ 75.03369, 13.63763 ], [ 75.03778, 13.63928 ], [ 75.02794, 13.6456 ], [ 75.02427, 13.65236 ], [ 75.02404, 13.64353 ], [ 75.02868, 13.63915 ] ], [ [ 75.04805, 13.92596 ], [ 75.04837, 13.92589 ], [ 75.04809, 13.92608 ], [ 75.04805, 13.92596 ] ], [ [ 75.1889, 14.20789 ], [ 75.18014, 14.20809 ], [ 75.16251, 14.19937 ], [ 75.15642, 14.20085 ], [ 75.1556, 14.19583 ], [ 75.156, 14.18545 ], [ 75.16367, 14.17627 ], [ 75.18008, 14.17779 ], [ 75.18151, 14.15348 ], [ 75.18678, 14.14156 ], [ 75.20176, 14.14587 ], [ 75.20064, 14.15301 ], [ 75.19225, 14.14914 ], [ 75.19202, 14.17173 ], [ 75.18981, 14.17069 ], [ 75.18928, 14.1773 ], [ 75.18481, 14.18231 ], [ 75.18593, 14.19057 ], [ 75.1911, 14.19488 ], [ 75.18774, 14.20119 ], [ 75.1889, 14.20789 ] ], [ [ 75.20603, 14.1285 ], [ 75.20908, 14.12462 ], [ 75.21317, 14.12796 ], [ 75.20603, 14.1285 ] ], [ [ 75.06846, 14.02633 ], [ 75.06713, 14.01733 ], [ 75.07431, 14.01866 ], [ 75.0746, 14.02505 ], [ 75.06846, 14.02633 ] ], [ [ 75.07163, 14.14661 ], [ 75.07417, 14.1449 ], [ 75.07492, 14.14356 ], [ 75.07417, 14.14508 ], [ 75.07163, 14.14661 ] ], [ [ 75.07598, 14.15469 ], [ 75.07653, 14.15631 ], [ 75.07532, 14.15536 ], [ 75.07598, 14.15469 ] ], [ [ 75.07843, 14.15399 ], [ 75.07862, 14.15366 ], [ 75.07866, 14.15402 ], [ 75.07843, 14.15399 ] ], [ [ 75.13501, 14.14441 ], [ 75.14939, 14.14066 ], [ 75.15915, 14.13487 ], [ 75.15363, 14.15426 ], [ 75.15521, 14.15869 ], [ 75.14782, 14.16332 ], [ 75.14344, 14.16139 ], [ 75.13501, 14.14441 ] ], [ [ 75.15451, 14.079 ], [ 75.15287, 14.08205 ], [ 75.1445, 14.08381 ], [ 75.14683, 14.09273 ], [ 75.1385, 14.10145 ], [ 75.14356, 14.11537 ], [ 75.13971, 14.11636 ], [ 75.13055, 14.1064 ], [ 75.12777, 14.08622 ], [ 75.15064, 14.07752 ], [ 75.15451, 14.079 ] ], [ [ 75.11965, 14.13363 ], [ 75.11137, 14.13599 ], [ 75.10887, 14.13342 ], [ 75.10694, 14.11813 ], [ 75.12106, 14.11782 ], [ 75.11965, 14.13363 ] ], [ [ 75.10864, 14.08481 ], [ 75.11067, 14.08645 ], [ 75.10954, 14.08716 ], [ 75.10864, 14.08481 ] ], [ [ 75.20733, 14.16973 ], [ 75.20592, 14.16835 ], [ 75.20654, 14.16813 ], [ 75.20733, 14.16973 ] ], [ [ 75.23061, 14.11914 ], [ 75.23089, 14.12041 ], [ 75.2301, 14.11961 ], [ 75.23061, 14.11914 ] ], [ [ 75.2326, 14.11898 ], [ 75.23468, 14.11553 ], [ 75.23405, 14.11723 ], [ 75.2326, 14.11898 ] ], [ [ 75.22815, 14.15772 ], [ 75.22698, 14.15921 ], [ 75.22624, 14.15758 ], [ 75.22815, 14.15772 ] ], [ [ 75.22717, 14.15381 ], [ 75.22896, 14.15008 ], [ 75.22986, 14.15673 ], [ 75.22717, 14.15381 ] ], [ [ 75.23248, 14.14764 ], [ 75.23322, 14.151 ], [ 75.22946, 14.14851 ], [ 75.23248, 14.14764 ] ], [ [ 75.20832, 14.14756 ], [ 75.20949, 14.14269 ], [ 75.21428, 14.14368 ], [ 75.20832, 14.14756 ] ], [ [ 75.23237, 14.14576 ], [ 75.23073, 14.14267 ], [ 75.23089, 14.14232 ], [ 75.23237, 14.14576 ] ], [ [ 75.23089, 14.14046 ], [ 75.2334, 14.13844 ], [ 75.23316, 14.14325 ], [ 75.23089, 14.14046 ] ], [ [ 75.21418, 14.13712 ], [ 75.2077, 14.13767 ], [ 75.2067, 14.1358 ], [ 75.21418, 14.13712 ] ], [ [ 75.22669, 14.13615 ], [ 75.22779, 14.12752 ], [ 75.22931, 14.12618 ], [ 75.23656, 14.12863 ], [ 75.22786, 14.13047 ], [ 75.22873, 14.13193 ], [ 75.22669, 14.13615 ] ], [ [ 75.21241, 14.15247 ], [ 75.21671, 14.15223 ], [ 75.21565, 14.15372 ], [ 75.21241, 14.15247 ] ], [ [ 75.18706, 14.1822 ], [ 75.18666, 14.18565 ], [ 75.18594, 14.18189 ], [ 75.18706, 14.1822 ] ], [ [ 75.18843, 14.18225 ], [ 75.19136, 14.18443 ], [ 75.18928, 14.18534 ], [ 75.18843, 14.18225 ] ], [ [ 75.32579, 13.95223 ], [ 75.34126, 13.93146 ], [ 75.34983, 13.93684 ], [ 75.35419, 13.93031 ], [ 75.36994, 13.92197 ], [ 75.37151, 13.94695 ], [ 75.36698, 13.9541 ], [ 75.35086, 13.95659 ], [ 75.32579, 13.95223 ] ], [ [ 75.18205, 13.94702 ], [ 75.18395, 13.93446 ], [ 75.19495, 13.93264 ], [ 75.20744, 13.94251 ], [ 75.20864, 13.96474 ], [ 75.20312, 13.96413 ], [ 75.18205, 13.94702 ] ], [ [ 75.20856, 13.48366 ], [ 75.20166, 13.48028 ], [ 75.20189, 13.47766 ], [ 75.21241, 13.47067 ], [ 75.21332, 13.48165 ], [ 75.20856, 13.48366 ] ], [ [ 75.29726, 13.91489 ], [ 75.29345, 13.91801 ], [ 75.2724, 13.9111 ], [ 75.26493, 13.91354 ], [ 75.26374, 13.89193 ], [ 75.27451, 13.88659 ], [ 75.29789, 13.88942 ], [ 75.29533, 13.90421 ], [ 75.29726, 13.91489 ] ], [ [ 75.30697, 13.88637 ], [ 75.29969, 13.86196 ], [ 75.29601, 13.85948 ], [ 75.30073, 13.85242 ], [ 75.31582, 13.85338 ], [ 75.32525, 13.87347 ], [ 75.33398, 13.87095 ], [ 75.33255, 13.86238 ], [ 75.3416, 13.85564 ], [ 75.35443, 13.85275 ], [ 75.3747, 13.85373 ], [ 75.37289, 13.86344 ], [ 75.397, 13.86793 ], [ 75.39853, 13.87751 ], [ 75.3948, 13.89568 ], [ 75.38982, 13.89054 ], [ 75.36981, 13.89541 ], [ 75.36157, 13.89128 ], [ 75.3556, 13.89594 ], [ 75.34629, 13.88596 ], [ 75.34008, 13.88587 ], [ 75.33478, 13.88039 ], [ 75.32362, 13.88018 ], [ 75.32001, 13.88332 ], [ 75.32061, 13.88939 ], [ 75.30697, 13.88637 ] ], [ [ 75.25002, 13.8374 ], [ 75.25552, 13.83544 ], [ 75.25347, 13.84326 ], [ 75.25048, 13.83986 ], [ 75.25002, 13.8374 ] ], [ [ 75.24962, 13.82359 ], [ 75.24844, 13.83156 ], [ 75.24624, 13.83006 ], [ 75.24962, 13.82359 ] ], [ [ 75.25081, 13.8321 ], [ 75.24884, 13.83264 ], [ 75.25204, 13.82951 ], [ 75.25081, 13.8321 ] ], [ [ 75.27827, 13.82343 ], [ 75.28421, 13.82931 ], [ 75.27668, 13.82787 ], [ 75.27827, 13.82343 ] ], [ [ 75.24406, 13.82986 ], [ 75.23906, 13.82411 ], [ 75.24438, 13.82395 ], [ 75.24406, 13.82986 ] ], [ [ 75.24401, 13.95227 ], [ 75.25598, 13.95419 ], [ 75.25631, 13.94735 ], [ 75.2718, 13.95082 ], [ 75.27279, 13.95968 ], [ 75.25566, 13.96016 ], [ 75.2526, 13.96412 ], [ 75.23819, 13.95908 ], [ 75.24401, 13.95227 ] ], [ [ 75.23905, 13.89305 ], [ 75.22978, 13.92908 ], [ 75.23946, 13.92766 ], [ 75.24554, 13.93076 ], [ 75.24658, 13.92656 ], [ 75.25798, 13.92544 ], [ 75.25966, 13.92954 ], [ 75.25383, 13.93361 ], [ 75.25289, 13.94048 ], [ 75.24966, 13.93841 ], [ 75.23617, 13.94594 ], [ 75.2284, 13.93423 ], [ 75.21948, 13.93459 ], [ 75.22094, 13.92404 ], [ 75.21728, 13.91247 ], [ 75.22211, 13.90223 ], [ 75.23905, 13.89305 ] ], [ [ 75.36863, 13.77758 ], [ 75.37766, 13.78286 ], [ 75.38753, 13.80214 ], [ 75.38784, 13.8079 ], [ 75.37407, 13.81754 ], [ 75.36367, 13.81003 ], [ 75.36097, 13.80188 ], [ 75.35714, 13.80038 ], [ 75.36264, 13.78328 ], [ 75.3591, 13.77986 ], [ 75.36863, 13.77758 ] ], [ [ 75.64153, 12.78102 ], [ 75.63848, 12.76039 ], [ 75.65794, 12.75111 ], [ 75.66072, 12.7464 ], [ 75.65521, 12.72016 ], [ 75.63779, 12.71051 ], [ 75.6292, 12.70017 ], [ 75.63545, 12.692 ], [ 75.70415, 12.70605 ], [ 75.6776, 12.71022 ], [ 75.67665, 12.74152 ], [ 75.68735, 12.74816 ], [ 75.66665, 12.75165 ], [ 75.67022, 12.76439 ], [ 75.66924, 12.78763 ], [ 75.66457, 12.78276 ], [ 75.66042, 12.78444 ], [ 75.65893, 12.79243 ], [ 75.65179, 12.79002 ], [ 75.64153, 12.78102 ] ], [ [ 75.55452, 12.36285 ], [ 75.55488, 12.3632 ], [ 75.55488, 12.36321 ], [ 75.55452, 12.36285 ] ], [ [ 75.48527, 12.62913 ], [ 75.49464, 12.61776 ], [ 75.50544, 12.6174 ], [ 75.50875, 12.61329 ], [ 75.5135, 12.61591 ], [ 75.52732, 12.61021 ], [ 75.52782, 12.62004 ], [ 75.52871, 12.61601 ], [ 75.53344, 12.61542 ], [ 75.53349, 12.62052 ], [ 75.53012, 12.62293 ], [ 75.53846, 12.63277 ], [ 75.53757, 12.63675 ], [ 75.54274, 12.64517 ], [ 75.53289, 12.65205 ], [ 75.53108, 12.66629 ], [ 75.51132, 12.67622 ], [ 75.50889, 12.66888 ], [ 75.50167, 12.66855 ], [ 75.50009, 12.65885 ], [ 75.49345, 12.65072 ], [ 75.49568, 12.646 ], [ 75.49902, 12.64585 ], [ 75.4995, 12.63931 ], [ 75.48527, 12.62913 ] ], [ [ 75.58779, 12.60872 ], [ 75.58163, 12.60335 ], [ 75.59024, 12.59146 ], [ 75.59108, 12.5813 ], [ 75.5971, 12.57927 ], [ 75.59762, 12.57557 ], [ 75.60416, 12.57739 ], [ 75.60643, 12.57276 ], [ 75.605, 12.56667 ], [ 75.60847, 12.55512 ], [ 75.63384, 12.56672 ], [ 75.62767, 12.58376 ], [ 75.63052, 12.59586 ], [ 75.61841, 12.5989 ], [ 75.61504, 12.59627 ], [ 75.61565, 12.59164 ], [ 75.61042, 12.59142 ], [ 75.60722, 12.58021 ], [ 75.60579, 12.59168 ], [ 75.60106, 12.59344 ], [ 75.60235, 12.59819 ], [ 75.59375, 12.60053 ], [ 75.58779, 12.60872 ] ], [ [ 75.70473, 12.74479 ], [ 75.72612, 12.74549 ], [ 75.72432, 12.75553 ], [ 75.72012, 12.75131 ], [ 75.7141, 12.75545 ], [ 75.713, 12.7688 ], [ 75.70205, 12.76191 ], [ 75.70626, 12.75332 ], [ 75.70473, 12.74479 ] ], [ [ 75.67281, 12.85666 ], [ 75.67761, 12.85697 ], [ 75.67729, 12.8665 ], [ 75.6866, 12.87146 ], [ 75.68436, 12.88614 ], [ 75.67385, 12.91161 ], [ 75.66155, 12.8703 ], [ 75.67281, 12.85666 ] ], [ [ 75.62048, 12.9063 ], [ 75.62515, 12.8992 ], [ 75.62548, 12.88772 ], [ 75.63345, 12.88409 ], [ 75.63753, 12.90967 ], [ 75.6248, 12.91066 ], [ 75.62048, 12.9063 ] ], [ [ 75.51478, 13.91946 ], [ 75.51036, 13.92774 ], [ 75.49981, 13.927 ], [ 75.49367, 13.9201 ], [ 75.51478, 13.91946 ] ] ], [ [ [ 74.25409, 14.74461 ], [ 74.25621, 14.74542 ], [ 74.25616, 14.74419 ], [ 74.25409, 14.74461 ] ] ], [ [ [ 74.17709, 14.86844 ], [ 74.17773, 14.86889 ], [ 74.17786, 14.86859 ], [ 74.17709, 14.86844 ] ] ], [ [ [ 74.45057, 14.41093 ], [ 74.45787, 14.42211 ], [ 74.46515, 14.42274 ], [ 74.47075, 14.41908 ], [ 74.46859, 14.41353 ], [ 74.45201, 14.40791 ], [ 74.45057, 14.41093 ] ] ], [ [ [ 74.52661, 15.65729 ], [ 74.52726, 15.63468 ], [ 74.5247, 15.6323 ], [ 74.52351, 15.63538 ], [ 74.52648, 15.63725 ], [ 74.5185, 15.64124 ], [ 74.51413, 15.65011 ], [ 74.52661, 15.65729 ] ] ], [ [ [ 74.40493, 15.68178 ], [ 74.42077, 15.67482 ], [ 74.41702, 15.66679 ], [ 74.40007, 15.66807 ], [ 74.39859, 15.68142 ], [ 74.40493, 15.68178 ] ] ], [ [ [ 74.58726, 15.50827 ], [ 74.58063, 15.49996 ], [ 74.57237, 15.50154 ], [ 74.57374, 15.50761 ], [ 74.58304, 15.51387 ], [ 74.58726, 15.50827 ] ] ], [ [ [ 74.54067, 15.52745 ], [ 74.54862, 15.55721 ], [ 74.55515, 15.55603 ], [ 74.55769, 15.55148 ], [ 74.55548, 15.53492 ], [ 74.54934, 15.52837 ], [ 74.54067, 15.52745 ] ] ], [ [ [ 74.62652, 15.56304 ], [ 74.63149, 15.55204 ], [ 74.63471, 15.54628 ], [ 74.62766, 15.54584 ], [ 74.62186, 15.55089 ], [ 74.62228, 15.56293 ], [ 74.62652, 15.56304 ] ] ], [ [ [ 74.5991, 15.8572 ], [ 74.59098, 15.83673 ], [ 74.58672, 15.8356 ], [ 74.58543, 15.82147 ], [ 74.58017, 15.82067 ], [ 74.5755, 15.83994 ], [ 74.57913, 15.85234 ], [ 74.58859, 15.85091 ], [ 74.59266, 15.85912 ], [ 74.5991, 15.8572 ] ] ], [ [ [ 74.69928, 14.61906 ], [ 74.69935, 14.61958 ], [ 74.69936, 14.61958 ], [ 74.69928, 14.61906 ] ] ], [ [ [ 74.7292, 14.66208 ], [ 74.73802, 14.65054 ], [ 74.73046, 14.6447 ], [ 74.73091, 14.65275 ], [ 74.72729, 14.65176 ], [ 74.72435, 14.65542 ], [ 74.7292, 14.66208 ] ] ], [ [ [ 74.71451, 15.23668 ], [ 74.72599, 15.25806 ], [ 74.73805, 15.26194 ], [ 74.74261, 15.25189 ], [ 74.73545, 15.23401 ], [ 74.71451, 15.23668 ] ] ], [ [ [ 74.72309, 15.33804 ], [ 74.72028, 15.33087 ], [ 74.70644, 15.33136 ], [ 74.70923, 15.3406 ], [ 74.71694, 15.34513 ], [ 74.72043, 15.3446 ], [ 74.72309, 15.33804 ] ] ], [ [ [ 74.83764, 14.34666 ], [ 74.83986, 14.3393 ], [ 74.83209, 14.33647 ], [ 74.83271, 14.33276 ], [ 74.82805, 14.3292 ], [ 74.8253, 14.33291 ], [ 74.8134, 14.3327 ], [ 74.80752, 14.34046 ], [ 74.80822, 14.34371 ], [ 74.81767, 14.34126 ], [ 74.8171, 14.3524 ], [ 74.82985, 14.35401 ], [ 74.82832, 14.34759 ], [ 74.83764, 14.34666 ] ] ], [ [ [ 74.82785, 14.45141 ], [ 74.83062, 14.44885 ], [ 74.82676, 14.4486 ], [ 74.83098, 14.44404 ], [ 74.82542, 14.4383 ], [ 74.83631, 14.43672 ], [ 74.82908, 14.43166 ], [ 74.81834, 14.4382 ], [ 74.81474, 14.43459 ], [ 74.81167, 14.44331 ], [ 74.80411, 14.44 ], [ 74.79948, 14.44174 ], [ 74.8042, 14.44768 ], [ 74.80241, 14.45416 ], [ 74.81325, 14.4534 ], [ 74.82003, 14.46106 ], [ 74.80887, 14.46396 ], [ 74.80224, 14.45979 ], [ 74.80069, 14.4541 ], [ 74.79163, 14.45824 ], [ 74.78631, 14.47106 ], [ 74.79356, 14.48226 ], [ 74.7889, 14.48931 ], [ 74.79108, 14.49574 ], [ 74.78594, 14.49951 ], [ 74.78746, 14.50385 ], [ 74.78491, 14.50671 ], [ 74.7906, 14.51357 ], [ 74.79021, 14.51883 ], [ 74.78301, 14.51862 ], [ 74.78386, 14.52514 ], [ 74.77823, 14.52576 ], [ 74.77287, 14.52292 ], [ 74.77501, 14.51867 ], [ 74.76754, 14.51812 ], [ 74.75419, 14.53804 ], [ 74.76007, 14.54534 ], [ 74.76238, 14.54576 ], [ 74.76781, 14.53237 ], [ 74.77794, 14.53625 ], [ 74.77851, 14.54025 ], [ 74.78338, 14.54206 ], [ 74.79442, 14.53985 ], [ 74.80381, 14.52848 ], [ 74.80028, 14.52308 ], [ 74.80381, 14.52013 ], [ 74.80297, 14.51619 ], [ 74.8087, 14.51367 ], [ 74.80537, 14.50768 ], [ 74.81758, 14.51332 ], [ 74.81489, 14.51255 ], [ 74.81078, 14.51884 ], [ 74.81215, 14.53097 ], [ 74.82017, 14.52993 ], [ 74.82166, 14.51808 ], [ 74.81786, 14.51362 ], [ 74.83009, 14.5112 ], [ 74.83285, 14.50443 ], [ 74.82122, 14.5048 ], [ 74.82099, 14.49749 ], [ 74.8137, 14.49581 ], [ 74.79793, 14.50228 ], [ 74.79857, 14.49596 ], [ 74.80487, 14.49295 ], [ 74.80632, 14.48795 ], [ 74.80898, 14.48794 ], [ 74.80772, 14.48554 ], [ 74.81683, 14.48771 ], [ 74.82222, 14.48444 ], [ 74.82753, 14.47332 ], [ 74.82785, 14.45141 ] ] ], [ [ [ 74.82402, 14.59083 ], [ 74.83949, 14.5864 ], [ 74.83747, 14.57415 ], [ 74.82356, 14.57514 ], [ 74.82164, 14.58355 ], [ 74.81656, 14.57935 ], [ 74.81564, 14.58356 ], [ 74.81415, 14.58162 ], [ 74.80942, 14.58444 ], [ 74.80908, 14.59886 ], [ 74.82101, 14.60175 ], [ 74.82402, 14.59083 ] ] ], [ [ [ 74.79012, 14.63647 ], [ 74.78323, 14.63757 ], [ 74.77862, 14.64263 ], [ 74.78617, 14.64594 ], [ 74.79012, 14.63647 ] ] ], [ [ [ 74.74778, 14.69215 ], [ 74.7542, 14.67965 ], [ 74.74373, 14.67762 ], [ 74.73607, 14.67092 ], [ 74.72739, 14.67433 ], [ 74.73686, 14.69085 ], [ 74.74778, 14.69215 ] ] ], [ [ [ 74.86964, 13.18502 ], [ 74.87504, 13.17569 ], [ 74.87371, 13.17207 ], [ 74.88037, 13.17326 ], [ 74.88386, 13.16603 ], [ 74.88645, 13.16703 ], [ 74.89492, 13.15662 ], [ 74.8919, 13.14776 ], [ 74.88646, 13.14877 ], [ 74.88565, 13.14579 ], [ 74.87446, 13.14383 ], [ 74.86928, 13.14465 ], [ 74.87158, 13.15254 ], [ 74.86227, 13.1493 ], [ 74.85419, 13.15205 ], [ 74.85049, 13.17061 ], [ 74.85681, 13.17184 ], [ 74.8521, 13.17561 ], [ 74.85659, 13.18357 ], [ 74.85, 13.18901 ], [ 74.85317, 13.19375 ], [ 74.8609, 13.19172 ], [ 74.86238, 13.1953 ], [ 74.87078, 13.1893 ], [ 74.86964, 13.18502 ] ] ], [ [ [ 74.86263, 14.2897 ], [ 74.85792, 14.2949 ], [ 74.86631, 14.30274 ], [ 74.86439, 14.31148 ], [ 74.87068, 14.31407 ], [ 74.88218, 14.30913 ], [ 74.8852, 14.31452 ], [ 74.89528, 14.31028 ], [ 74.90939, 14.29627 ], [ 74.90505, 14.29225 ], [ 74.889, 14.29269 ], [ 74.87433, 14.28813 ], [ 74.86263, 14.2897 ] ] ], [ [ [ 74.93043, 14.37081 ], [ 74.94015, 14.36793 ], [ 74.93894, 14.35845 ], [ 74.95517, 14.34976 ], [ 74.96034, 14.34131 ], [ 74.94778, 14.32969 ], [ 74.94589, 14.31822 ], [ 74.93662, 14.32255 ], [ 74.93229, 14.32091 ], [ 74.93369, 14.33755 ], [ 74.9288, 14.33635 ], [ 74.92602, 14.32407 ], [ 74.91743, 14.3275 ], [ 74.92091, 14.33204 ], [ 74.91377, 14.33858 ], [ 74.91409, 14.34382 ], [ 74.9199, 14.34729 ], [ 74.91782, 14.35446 ], [ 74.91933, 14.36102 ], [ 74.92242, 14.36224 ], [ 74.90478, 14.36647 ], [ 74.88544, 14.37794 ], [ 74.88321, 14.38183 ], [ 74.88518, 14.39367 ], [ 74.89106, 14.40305 ], [ 74.89581, 14.40515 ], [ 74.90615, 14.39809 ], [ 74.90883, 14.39582 ], [ 74.90832, 14.38697 ], [ 74.92365, 14.38263 ], [ 74.92209, 14.37663 ], [ 74.92857, 14.36707 ], [ 74.93043, 14.37081 ] ] ], [ [ [ 74.85542, 14.37119 ], [ 74.85525, 14.35908 ], [ 74.85895, 14.36455 ], [ 74.86382, 14.36012 ], [ 74.85447, 14.34148 ], [ 74.84839, 14.34852 ], [ 74.84214, 14.3487 ], [ 74.84838, 14.35799 ], [ 74.85132, 14.37152 ], [ 74.86003, 14.37753 ], [ 74.8611, 14.37178 ], [ 74.85951, 14.36926 ], [ 74.85542, 14.37119 ] ] ], [ [ [ 74.89536, 14.50779 ], [ 74.88994, 14.48981 ], [ 74.87147, 14.50505 ], [ 74.88685, 14.51296 ], [ 74.89536, 14.50779 ] ] ], [ [ [ 74.87819, 14.61344 ], [ 74.87861, 14.61377 ], [ 74.87819, 14.61343 ], [ 74.87819, 14.61344 ] ] ], [ [ [ 74.92413, 14.67175 ], [ 74.91111, 14.68037 ], [ 74.91361, 14.68699 ], [ 74.93195, 14.69104 ], [ 74.93423, 14.69984 ], [ 74.94329, 14.70207 ], [ 74.95685, 14.71702 ], [ 74.96956, 14.71534 ], [ 74.97195, 14.71195 ], [ 74.96743, 14.70325 ], [ 74.98135, 14.69736 ], [ 74.97212, 14.67499 ], [ 74.98795, 14.6715 ], [ 74.98775, 14.65592 ], [ 74.97701, 14.65485 ], [ 74.97313, 14.67221 ], [ 74.96121, 14.67006 ], [ 74.95468, 14.6813 ], [ 74.93927, 14.67975 ], [ 74.92413, 14.67175 ] ] ], [ [ [ 74.90139, 15.24478 ], [ 74.88514, 15.23283 ], [ 74.882, 15.22407 ], [ 74.87239, 15.21616 ], [ 74.87422, 15.20447 ], [ 74.85929, 15.2021 ], [ 74.84796, 15.21092 ], [ 74.85238, 15.22723 ], [ 74.86733, 15.23449 ], [ 74.86531, 15.24084 ], [ 74.89673, 15.2468 ], [ 74.90139, 15.24478 ] ] ], [ [ [ 75.03922, 13.97102 ], [ 75.03841, 13.96657 ], [ 75.03655, 13.96684 ], [ 75.03562, 13.972 ], [ 75.03922, 13.97102 ] ] ], [ [ [ 75.05785, 13.9788 ], [ 75.05404, 13.97546 ], [ 75.0452, 13.98273 ], [ 75.04971, 13.98794 ], [ 75.05758, 13.98328 ], [ 75.05785, 13.9788 ] ] ], [ [ [ 75.01428, 14.06347 ], [ 75.01154, 14.06223 ], [ 75.01907, 14.06413 ], [ 75.01928, 14.06161 ], [ 75.00992, 14.05632 ], [ 75.00718, 14.06161 ], [ 75.01428, 14.06347 ] ] ], [ [ [ 75.06635, 14.09579 ], [ 75.06944, 14.09602 ], [ 75.06485, 14.09545 ], [ 75.06872, 14.09508 ], [ 75.06444, 14.09436 ], [ 75.06727, 14.09169 ], [ 75.05412, 14.08208 ], [ 75.05746, 14.07926 ], [ 75.05311, 14.07866 ], [ 75.05553, 14.07621 ], [ 75.0534, 14.07667 ], [ 75.05139, 14.08103 ], [ 75.05207, 14.08374 ], [ 75.04805, 14.08489 ], [ 75.047, 14.08125 ], [ 75.04162, 14.08256 ], [ 75.03403, 14.07346 ], [ 75.02745, 14.0731 ], [ 75.02554, 14.0787 ], [ 75.02945, 14.09236 ], [ 75.02531, 14.09593 ], [ 75.02959, 14.09869 ], [ 75.04715, 14.10375 ], [ 75.05744, 14.09809 ], [ 75.06852, 14.0969 ], [ 75.06635, 14.09579 ] ] ], [ [ [ 75.086, 14.11603 ], [ 75.0842, 14.11655 ], [ 75.08584, 14.11672 ], [ 75.086, 14.11603 ] ] ], [ [ [ 75.02231, 14.14225 ], [ 75.01889, 14.13642 ], [ 75.02188, 14.13607 ], [ 75.02202, 14.13231 ], [ 75.0135, 14.1309 ], [ 75.01953, 14.14257 ], [ 75.02231, 14.14225 ] ] ], [ [ [ 75.07727, 14.1684 ], [ 75.07222, 14.15785 ], [ 75.06383, 14.16041 ], [ 75.06445, 14.172 ], [ 75.07727, 14.1684 ] ] ], [ [ [ 75.07879, 14.18967 ], [ 75.07986, 14.18696 ], [ 75.0747, 14.18118 ], [ 75.06188, 14.17635 ], [ 75.07152, 14.19054 ], [ 75.07879, 14.18967 ] ] ], [ [ [ 75.04519, 14.21157 ], [ 75.04409, 14.20857 ], [ 75.04767, 14.20786 ], [ 75.04797, 14.20586 ], [ 75.03936, 14.20522 ], [ 75.03071, 14.18959 ], [ 75.0307, 14.19177 ], [ 75.02357, 14.19119 ], [ 75.02033, 14.18521 ], [ 75.01105, 14.19529 ], [ 75.023, 14.19831 ], [ 75.02929, 14.20731 ], [ 75.03338, 14.20813 ], [ 75.03249, 14.21385 ], [ 75.04519, 14.21157 ] ] ], [ [ [ 75.09093, 14.19922 ], [ 75.08544, 14.20014 ], [ 75.07964, 14.19681 ], [ 75.06975, 14.20438 ], [ 75.06473, 14.20268 ], [ 75.05994, 14.21551 ], [ 75.05516, 14.21491 ], [ 75.05486, 14.22183 ], [ 75.06979, 14.22765 ], [ 75.07267, 14.23756 ], [ 75.07946, 14.23567 ], [ 75.08187, 14.23224 ], [ 75.07719, 14.22172 ], [ 75.08913, 14.21175 ], [ 75.09267, 14.2036 ], [ 75.09093, 14.19922 ] ] ], [ [ [ 74.99707, 14.49642 ], [ 75.00794, 14.48338 ], [ 74.98956, 14.47228 ], [ 74.98461, 14.48831 ], [ 74.99707, 14.49642 ] ] ], [ [ [ 75.01205, 14.51213 ], [ 75.01339, 14.50157 ], [ 75.00189, 14.49507 ], [ 75.00156, 14.50143 ], [ 75.00795, 14.50365 ], [ 75.00581, 14.50862 ], [ 75.00892, 14.50652 ], [ 75.01205, 14.51213 ] ] ], [ [ [ 75.01436, 14.56491 ], [ 75.02437, 14.56144 ], [ 75.02456, 14.55706 ], [ 75.01866, 14.55325 ], [ 75.01689, 14.54737 ], [ 75.00883, 14.54472 ], [ 75.00515, 14.55432 ], [ 75.00756, 14.55937 ], [ 75.01501, 14.56202 ], [ 75.01436, 14.56491 ] ] ], [ [ [ 75.02449, 14.65393 ], [ 75.03117, 14.64858 ], [ 75.03158, 14.64062 ], [ 75.01207, 14.63705 ], [ 75.0058, 14.64849 ], [ 75.02449, 14.65393 ] ] ], [ [ [ 75.06769, 14.83677 ], [ 75.07384, 14.82616 ], [ 75.09053, 14.82022 ], [ 75.09168, 14.81106 ], [ 75.07389, 14.80823 ], [ 75.06431, 14.81076 ], [ 75.0373, 14.82568 ], [ 75.03705, 14.83779 ], [ 75.06769, 14.83677 ] ] ], [ [ [ 75.15139, 14.00899 ], [ 75.15943, 14.00372 ], [ 75.16034, 13.99964 ], [ 75.15408, 13.9895 ], [ 75.14763, 13.98572 ], [ 75.1422, 13.99814 ], [ 75.1351, 14.00233 ], [ 75.14304, 14.0062 ], [ 75.14301, 14.0099 ], [ 75.15139, 14.00899 ] ] ], [ [ [ 75.18095, 14.00407 ], [ 75.18741, 14.0056 ], [ 75.18923, 14.00126 ], [ 75.1859, 13.99535 ], [ 75.18095, 14.00407 ] ] ], [ [ [ 75.09394, 14.10968 ], [ 75.0949, 14.11025 ], [ 75.09475, 14.10967 ], [ 75.09394, 14.10968 ] ] ], [ [ [ 75.08793, 14.11498 ], [ 75.08824, 14.11443 ], [ 75.08781, 14.11459 ], [ 75.08793, 14.11498 ] ] ], [ [ [ 75.08697, 14.11473 ], [ 75.08622, 14.11581 ], [ 75.08711, 14.11485 ], [ 75.08697, 14.11473 ] ] ], [ [ [ 75.16038, 14.2965 ], [ 75.17707, 14.27353 ], [ 75.16303, 14.26755 ], [ 75.14892, 14.28767 ], [ 75.16038, 14.2965 ] ] ], [ [ [ 75.19868, 13.04115 ], [ 75.20345, 13.04083 ], [ 75.19788, 13.02817 ], [ 75.20622, 13.02041 ], [ 75.19867, 13.01214 ], [ 75.2003, 13.00947 ], [ 75.19561, 13.00723 ], [ 75.18882, 13.01058 ], [ 75.17624, 13.0089 ], [ 75.17479, 13.01349 ], [ 75.1787, 13.01897 ], [ 75.18371, 13.04275 ], [ 75.19908, 13.04529 ], [ 75.19868, 13.04115 ] ] ], [ [ [ 75.21698, 13.51745 ], [ 75.21051, 13.5163 ], [ 75.20336, 13.51872 ], [ 75.20697, 13.5248 ], [ 75.21825, 13.52647 ], [ 75.21698, 13.51745 ] ] ], [ [ [ 75.23243, 13.54639 ], [ 75.23522, 13.53707 ], [ 75.2216, 13.53862 ], [ 75.22357, 13.54829 ], [ 75.21797, 13.55131 ], [ 75.21978, 13.55547 ], [ 75.21607, 13.55837 ], [ 75.22098, 13.55871 ], [ 75.22198, 13.56273 ], [ 75.22574, 13.55808 ], [ 75.22475, 13.54664 ], [ 75.23243, 13.54639 ] ] ], [ [ [ 75.27188, 13.56782 ], [ 75.27835, 13.56407 ], [ 75.27924, 13.57194 ], [ 75.28849, 13.57575 ], [ 75.29484, 13.58587 ], [ 75.29119, 13.58916 ], [ 75.2777, 13.58984 ], [ 75.28059, 13.59209 ], [ 75.27981, 13.60043 ], [ 75.28661, 13.60368 ], [ 75.28174, 13.61236 ], [ 75.26999, 13.61542 ], [ 75.26599, 13.61319 ], [ 75.25738, 13.62005 ], [ 75.25679, 13.64411 ], [ 75.26733, 13.64065 ], [ 75.26908, 13.63313 ], [ 75.27682, 13.62728 ], [ 75.28896, 13.63036 ], [ 75.29875, 13.64308 ], [ 75.29188, 13.65288 ], [ 75.29412, 13.65559 ], [ 75.30028, 13.65337 ], [ 75.30483, 13.65641 ], [ 75.30607, 13.646 ], [ 75.3097, 13.64366 ], [ 75.31901, 13.64626 ], [ 75.32891, 13.64186 ], [ 75.32573, 13.63024 ], [ 75.322, 13.62729 ], [ 75.32649, 13.6211 ], [ 75.34451, 13.62443 ], [ 75.34064, 13.63719 ], [ 75.34614, 13.64157 ], [ 75.34711, 13.63864 ], [ 75.35185, 13.63991 ], [ 75.35209, 13.64476 ], [ 75.34705, 13.64346 ], [ 75.34648, 13.64586 ], [ 75.35204, 13.66064 ], [ 75.34524, 13.65995 ], [ 75.34316, 13.65632 ], [ 75.33202, 13.658 ], [ 75.32465, 13.66473 ], [ 75.32876, 13.67663 ], [ 75.32179, 13.68252 ], [ 75.32781, 13.68401 ], [ 75.32453, 13.69437 ], [ 75.32089, 13.69182 ], [ 75.30872, 13.69371 ], [ 75.30097, 13.69114 ], [ 75.30112, 13.67991 ], [ 75.27735, 13.67502 ], [ 75.27335, 13.68839 ], [ 75.27405, 13.69281 ], [ 75.27964, 13.69364 ], [ 75.27786, 13.70733 ], [ 75.28174, 13.70994 ], [ 75.28952, 13.70753 ], [ 75.28538, 13.72048 ], [ 75.28953, 13.72493 ], [ 75.29189, 13.7376 ], [ 75.28794, 13.74338 ], [ 75.2964, 13.74612 ], [ 75.2997, 13.73851 ], [ 75.31252, 13.74081 ], [ 75.32047, 13.73278 ], [ 75.32358, 13.73613 ], [ 75.3312, 13.73567 ], [ 75.33416, 13.73219 ], [ 75.32731, 13.73036 ], [ 75.3278, 13.72312 ], [ 75.3407, 13.72269 ], [ 75.34457, 13.71857 ], [ 75.34014, 13.7087 ], [ 75.35829, 13.70394 ], [ 75.36232, 13.69728 ], [ 75.36194, 13.69105 ], [ 75.35551, 13.6887 ], [ 75.34412, 13.69287 ], [ 75.34592, 13.68548 ], [ 75.34086, 13.67708 ], [ 75.34511, 13.67198 ], [ 75.35208, 13.67221 ], [ 75.35802, 13.66693 ], [ 75.36395, 13.67724 ], [ 75.36873, 13.67466 ], [ 75.37066, 13.67798 ], [ 75.36507, 13.67916 ], [ 75.36577, 13.68197 ], [ 75.37466, 13.68094 ], [ 75.38115, 13.68395 ], [ 75.38587, 13.67432 ], [ 75.39336, 13.67955 ], [ 75.39463, 13.68571 ], [ 75.38948, 13.68873 ], [ 75.3874, 13.70038 ], [ 75.39384, 13.70063 ], [ 75.39345, 13.69392 ], [ 75.39726, 13.69154 ], [ 75.40587, 13.6709 ], [ 75.40571, 13.65886 ], [ 75.41399, 13.65312 ], [ 75.41019, 13.64767 ], [ 75.42007, 13.6433 ], [ 75.43067, 13.64582 ], [ 75.43044, 13.64053 ], [ 75.44875, 13.64144 ], [ 75.44726, 13.60619 ], [ 75.45587, 13.60184 ], [ 75.45629, 13.59497 ], [ 75.46152, 13.59097 ], [ 75.4662, 13.58035 ], [ 75.47535, 13.58361 ], [ 75.48322, 13.59249 ], [ 75.48896, 13.58092 ], [ 75.50629, 13.58032 ], [ 75.515, 13.5738 ], [ 75.53855, 13.58489 ], [ 75.54057, 13.57226 ], [ 75.53509, 13.55844 ], [ 75.54497, 13.55411 ], [ 75.54712, 13.56453 ], [ 75.55214, 13.57096 ], [ 75.56797, 13.57446 ], [ 75.57649, 13.5717 ], [ 75.5902, 13.57295 ], [ 75.59445, 13.58217 ], [ 75.57759, 13.58175 ], [ 75.57243, 13.59123 ], [ 75.56543, 13.59444 ], [ 75.56403, 13.60557 ], [ 75.57705, 13.61288 ], [ 75.57886, 13.61916 ], [ 75.59927, 13.6292 ], [ 75.60414, 13.62052 ], [ 75.60279, 13.58362 ], [ 75.61411, 13.5802 ], [ 75.64071, 13.58285 ], [ 75.64757, 13.58862 ], [ 75.66948, 13.59089 ], [ 75.68322, 13.59837 ], [ 75.70157, 13.59845 ], [ 75.70809, 13.60141 ], [ 75.71781, 13.61427 ], [ 75.73747, 13.62567 ], [ 75.74562, 13.60953 ], [ 75.73983, 13.5946 ], [ 75.71674, 13.59278 ], [ 75.70202, 13.58625 ], [ 75.69751, 13.57757 ], [ 75.68683, 13.57321 ], [ 75.67267, 13.57401 ], [ 75.67545, 13.56285 ], [ 75.68541, 13.56725 ], [ 75.6972, 13.56386 ], [ 75.72231, 13.567 ], [ 75.7274, 13.56491 ], [ 75.7257, 13.56306 ], [ 75.73734, 13.55687 ], [ 75.7433, 13.54933 ], [ 75.75056, 13.53332 ], [ 75.7617, 13.53274 ], [ 75.77031, 13.52458 ], [ 75.77194, 13.51694 ], [ 75.7773, 13.51566 ], [ 75.76582, 13.50324 ], [ 75.77129, 13.49346 ], [ 75.74448, 13.46352 ], [ 75.74839, 13.45467 ], [ 75.73885, 13.45576 ], [ 75.73735, 13.45081 ], [ 75.73253, 13.44859 ], [ 75.73716, 13.44617 ], [ 75.73883, 13.44091 ], [ 75.75021, 13.43982 ], [ 75.74812, 13.43373 ], [ 75.75605, 13.43326 ], [ 75.7589, 13.42399 ], [ 75.75034, 13.42222 ], [ 75.75024, 13.41826 ], [ 75.74335, 13.42035 ], [ 75.73959, 13.41704 ], [ 75.74455, 13.4068 ], [ 75.72701, 13.39595 ], [ 75.71585, 13.41863 ], [ 75.71343, 13.42068 ], [ 75.71001, 13.41661 ], [ 75.70572, 13.41878 ], [ 75.7081, 13.4215 ], [ 75.70346, 13.42242 ], [ 75.70333, 13.42595 ], [ 75.68622, 13.44098 ], [ 75.68038, 13.43623 ], [ 75.67987, 13.43876 ], [ 75.67281, 13.43057 ], [ 75.66704, 13.41604 ], [ 75.66121, 13.41218 ], [ 75.65704, 13.41542 ], [ 75.65104, 13.41244 ], [ 75.63052, 13.39022 ], [ 75.62561, 13.38722 ], [ 75.61822, 13.38808 ], [ 75.61075, 13.37989 ], [ 75.60097, 13.38344 ], [ 75.60294, 13.37602 ], [ 75.61247, 13.37749 ], [ 75.6219, 13.37492 ], [ 75.62421, 13.36848 ], [ 75.6297, 13.36554 ], [ 75.62889, 13.36233 ], [ 75.62334, 13.36055 ], [ 75.60917, 13.36366 ], [ 75.59428, 13.35496 ], [ 75.5985, 13.35022 ], [ 75.60254, 13.35095 ], [ 75.60166, 13.34482 ], [ 75.59053, 13.342 ], [ 75.5849, 13.32672 ], [ 75.58711, 13.32091 ], [ 75.57879, 13.31559 ], [ 75.57737, 13.31089 ], [ 75.56071, 13.30354 ], [ 75.5619, 13.317 ], [ 75.57342, 13.328 ], [ 75.56695, 13.33731 ], [ 75.56768, 13.34901 ], [ 75.55703, 13.35484 ], [ 75.55839, 13.35949 ], [ 75.55459, 13.36195 ], [ 75.55446, 13.36768 ], [ 75.54355, 13.36643 ], [ 75.53836, 13.38005 ], [ 75.53244, 13.38564 ], [ 75.52543, 13.38625 ], [ 75.52556, 13.38266 ], [ 75.52248, 13.38257 ], [ 75.51628, 13.38529 ], [ 75.5191, 13.38046 ], [ 75.51525, 13.37591 ], [ 75.49379, 13.38088 ], [ 75.49164, 13.36679 ], [ 75.48929, 13.36928 ], [ 75.49211, 13.37218 ], [ 75.48388, 13.37037 ], [ 75.47756, 13.37466 ], [ 75.47132, 13.37205 ], [ 75.45867, 13.39323 ], [ 75.44655, 13.38211 ], [ 75.43808, 13.38375 ], [ 75.43803, 13.37942 ], [ 75.43396, 13.37636 ], [ 75.43528, 13.36985 ], [ 75.43123, 13.37117 ], [ 75.43299, 13.36014 ], [ 75.42895, 13.36032 ], [ 75.42567, 13.36558 ], [ 75.41997, 13.36685 ], [ 75.41881, 13.36424 ], [ 75.4091, 13.37665 ], [ 75.41261, 13.38202 ], [ 75.41258, 13.39293 ], [ 75.42325, 13.39167 ], [ 75.42634, 13.3945 ], [ 75.42739, 13.40472 ], [ 75.43818, 13.409 ], [ 75.43675, 13.42295 ], [ 75.42303, 13.42151 ], [ 75.41483, 13.42974 ], [ 75.41406, 13.43531 ], [ 75.40477, 13.43381 ], [ 75.40517, 13.42971 ], [ 75.38676, 13.43505 ], [ 75.37958, 13.42119 ], [ 75.36649, 13.41928 ], [ 75.36379, 13.42319 ], [ 75.35485, 13.42322 ], [ 75.35396, 13.42827 ], [ 75.34636, 13.43118 ], [ 75.34636, 13.44075 ], [ 75.34012, 13.44155 ], [ 75.33875, 13.44511 ], [ 75.33834, 13.44928 ], [ 75.34141, 13.45272 ], [ 75.3471, 13.45227 ], [ 75.3504, 13.44721 ], [ 75.3545, 13.44734 ], [ 75.35153, 13.45634 ], [ 75.35812, 13.46663 ], [ 75.35016, 13.4632 ], [ 75.34832, 13.46555 ], [ 75.35481, 13.47072 ], [ 75.34447, 13.4754 ], [ 75.3377, 13.4733 ], [ 75.33675, 13.47674 ], [ 75.34442, 13.4894 ], [ 75.34818, 13.48976 ], [ 75.34977, 13.4957 ], [ 75.34777, 13.49874 ], [ 75.33474, 13.49836 ], [ 75.32988, 13.50435 ], [ 75.32502, 13.49763 ], [ 75.32274, 13.50748 ], [ 75.31353, 13.50205 ], [ 75.30609, 13.51128 ], [ 75.31261, 13.51974 ], [ 75.30195, 13.52536 ], [ 75.30367, 13.52907 ], [ 75.31581, 13.53449 ], [ 75.31699, 13.54367 ], [ 75.3144, 13.5431 ], [ 75.31242, 13.5476 ], [ 75.31777, 13.54954 ], [ 75.31482, 13.5576 ], [ 75.30818, 13.55885 ], [ 75.30528, 13.55595 ], [ 75.29944, 13.56357 ], [ 75.29871, 13.57277 ], [ 75.28279, 13.56695 ], [ 75.27972, 13.56395 ], [ 75.28092, 13.55647 ], [ 75.29487, 13.54135 ], [ 75.29523, 13.53672 ], [ 75.28529, 13.53189 ], [ 75.27502, 13.53241 ], [ 75.26556, 13.54894 ], [ 75.26326, 13.57078 ], [ 75.25635, 13.58213 ], [ 75.26439, 13.58537 ], [ 75.27188, 13.56782 ] ], [ [ 75.40058, 13.59273 ], [ 75.39628, 13.5641 ], [ 75.38904, 13.55805 ], [ 75.38787, 13.55176 ], [ 75.39562, 13.54669 ], [ 75.40022, 13.53772 ], [ 75.40384, 13.54097 ], [ 75.4115, 13.53677 ], [ 75.41373, 13.52598 ], [ 75.41984, 13.52387 ], [ 75.42515, 13.54214 ], [ 75.43426, 13.54846 ], [ 75.42895, 13.55409 ], [ 75.43467, 13.5553 ], [ 75.44151, 13.5881 ], [ 75.42773, 13.59713 ], [ 75.4211, 13.58594 ], [ 75.40548, 13.59566 ], [ 75.40058, 13.59273 ] ], [ [ 75.3712, 13.47443 ], [ 75.37775, 13.46427 ], [ 75.3741, 13.45724 ], [ 75.37722, 13.45714 ], [ 75.382, 13.45076 ], [ 75.37953, 13.44864 ], [ 75.38104, 13.44555 ], [ 75.3836, 13.44565 ], [ 75.38535, 13.46105 ], [ 75.39033, 13.46803 ], [ 75.38581, 13.47106 ], [ 75.38773, 13.47383 ], [ 75.37442, 13.47846 ], [ 75.3712, 13.47443 ] ], [ [ 75.33939, 13.44406 ], [ 75.34126, 13.44419 ], [ 75.33996, 13.44521 ], [ 75.33939, 13.44406 ] ], [ [ 75.34614, 13.5603 ], [ 75.33304, 13.55363 ], [ 75.33516, 13.53714 ], [ 75.34472, 13.53663 ], [ 75.35593, 13.52688 ], [ 75.35199, 13.52254 ], [ 75.36708, 13.49428 ], [ 75.37327, 13.50174 ], [ 75.38662, 13.49949 ], [ 75.38689, 13.50517 ], [ 75.38432, 13.50589 ], [ 75.38759, 13.50965 ], [ 75.40204, 13.50948 ], [ 75.40694, 13.52275 ], [ 75.40141, 13.52757 ], [ 75.40081, 13.53558 ], [ 75.39133, 13.53429 ], [ 75.39458, 13.5305 ], [ 75.39245, 13.52966 ], [ 75.37779, 13.53831 ], [ 75.37919, 13.54089 ], [ 75.38254, 13.53972 ], [ 75.3753, 13.54486 ], [ 75.37732, 13.55438 ], [ 75.38104, 13.557 ], [ 75.37568, 13.56657 ], [ 75.37193, 13.55446 ], [ 75.36258, 13.54917 ], [ 75.35961, 13.54382 ], [ 75.34614, 13.5603 ] ], [ [ 75.52727, 13.47819 ], [ 75.53119, 13.46976 ], [ 75.52291, 13.46291 ], [ 75.5097, 13.46157 ], [ 75.48886, 13.4722 ], [ 75.48886, 13.47539 ], [ 75.48009, 13.48201 ], [ 75.46771, 13.47126 ], [ 75.45116, 13.46412 ], [ 75.46155, 13.43318 ], [ 75.47971, 13.43564 ], [ 75.48337, 13.4294 ], [ 75.46708, 13.40938 ], [ 75.47943, 13.40424 ], [ 75.48132, 13.40016 ], [ 75.48575, 13.40336 ], [ 75.50384, 13.39976 ], [ 75.51163, 13.41316 ], [ 75.50546, 13.41276 ], [ 75.4982, 13.42328 ], [ 75.52365, 13.42537 ], [ 75.53029, 13.43432 ], [ 75.54727, 13.4454 ], [ 75.56717, 13.46473 ], [ 75.54537, 13.48001 ], [ 75.52727, 13.47819 ] ], [ [ 75.59498, 13.51062 ], [ 75.6043, 13.51516 ], [ 75.61314, 13.50685 ], [ 75.61651, 13.50831 ], [ 75.62007, 13.50334 ], [ 75.61681, 13.50252 ], [ 75.62046, 13.50047 ], [ 75.61673, 13.50122 ], [ 75.61661, 13.49873 ], [ 75.63958, 13.4992 ], [ 75.65543, 13.5187 ], [ 75.6571, 13.53617 ], [ 75.65225, 13.55823 ], [ 75.66125, 13.56034 ], [ 75.66078, 13.56365 ], [ 75.62003, 13.55158 ], [ 75.59977, 13.54175 ], [ 75.57942, 13.51522 ], [ 75.59498, 13.51062 ] ] ], [ [ [ 75.20995, 13.68023 ], [ 75.20085, 13.68523 ], [ 75.19954, 13.69331 ], [ 75.21099, 13.68942 ], [ 75.21302, 13.68524 ], [ 75.20995, 13.68023 ] ] ], [ [ [ 75.26211, 13.73264 ], [ 75.26157, 13.71816 ], [ 75.26533, 13.71698 ], [ 75.25259, 13.71033 ], [ 75.24852, 13.72296 ], [ 75.24201, 13.71621 ], [ 75.24271, 13.72549 ], [ 75.25106, 13.73218 ], [ 75.26211, 13.73264 ] ] ], [ [ [ 75.21994, 13.81701 ], [ 75.21637, 13.81285 ], [ 75.21076, 13.81124 ], [ 75.21022, 13.81901 ], [ 75.21994, 13.81701 ] ] ], [ [ [ 75.19099, 14.06869 ], [ 75.19169, 14.06156 ], [ 75.20552, 14.058 ], [ 75.19508, 14.04788 ], [ 75.18455, 14.05458 ], [ 75.17857, 14.05385 ], [ 75.17509, 14.05929 ], [ 75.18318, 14.06133 ], [ 75.18431, 14.06973 ], [ 75.19099, 14.06869 ] ] ], [ [ [ 75.35509, 12.83373 ], [ 75.37293, 12.82022 ], [ 75.37385, 12.81218 ], [ 75.36009, 12.80433 ], [ 75.35706, 12.80571 ], [ 75.35531, 12.81409 ], [ 75.34857, 12.81132 ], [ 75.34299, 12.8154 ], [ 75.34118, 12.83365 ], [ 75.33071, 12.84486 ], [ 75.32665, 12.86072 ], [ 75.33189, 12.86875 ], [ 75.33339, 12.87844 ], [ 75.33835, 12.87899 ], [ 75.34449, 12.8708 ], [ 75.34881, 12.8734 ], [ 75.35672, 12.86936 ], [ 75.36227, 12.86279 ], [ 75.36001, 12.86044 ], [ 75.37039, 12.85617 ], [ 75.36727, 12.84466 ], [ 75.35833, 12.84013 ], [ 75.35509, 12.83373 ] ] ], [ [ [ 75.34836, 13.36844 ], [ 75.35524, 13.36326 ], [ 75.35353, 13.35967 ], [ 75.34616, 13.35727 ], [ 75.34785, 13.36591 ], [ 75.33266, 13.34869 ], [ 75.32743, 13.35397 ], [ 75.32794, 13.35704 ], [ 75.33236, 13.35786 ], [ 75.32966, 13.36367 ], [ 75.33333, 13.37483 ], [ 75.34102, 13.37517 ], [ 75.34133, 13.38081 ], [ 75.34505, 13.37835 ], [ 75.34842, 13.38236 ], [ 75.35237, 13.38165 ], [ 75.35302, 13.36935 ], [ 75.34836, 13.36844 ] ] ], [ [ [ 75.32099, 13.41959 ], [ 75.31954, 13.41901 ], [ 75.3192, 13.41955 ], [ 75.32099, 13.41959 ] ] ], [ [ [ 75.34181, 13.5513 ], [ 75.3428, 13.55177 ], [ 75.3434, 13.55088 ], [ 75.34181, 13.5513 ] ] ], [ [ [ 75.41356, 14.16215 ], [ 75.37463, 14.16388 ], [ 75.37741, 14.16613 ], [ 75.37603, 14.17554 ], [ 75.38942, 14.19317 ], [ 75.39193, 14.1919 ], [ 75.38855, 14.20213 ], [ 75.40063, 14.20231 ], [ 75.40875, 14.21355 ], [ 75.42209, 14.22074 ], [ 75.44109, 14.21644 ], [ 75.44664, 14.22636 ], [ 75.47392, 14.21464 ], [ 75.47356, 14.21023 ], [ 75.45414, 14.2055 ], [ 75.44108, 14.21641 ], [ 75.4392, 14.19671 ], [ 75.42972, 14.19592 ], [ 75.42137, 14.18657 ], [ 75.41401, 14.18768 ], [ 75.41791, 14.17717 ], [ 75.41622, 14.17333 ], [ 75.42335, 14.16862 ], [ 75.42302, 14.16221 ], [ 75.41473, 14.1623 ], [ 75.41582, 14.16475 ], [ 75.41356, 14.16215 ] ] ], [ [ [ 75.31462, 14.29021 ], [ 75.33144, 14.28529 ], [ 75.33259, 14.28042 ], [ 75.32434, 14.27484 ], [ 75.31856, 14.27587 ], [ 75.3162, 14.27963 ], [ 75.30455, 14.27933 ], [ 75.30351, 14.29138 ], [ 75.30803, 14.30194 ], [ 75.30523, 14.30469 ], [ 75.3167, 14.30327 ], [ 75.31462, 14.29021 ] ] ], [ [ [ 75.42084, 14.34544 ], [ 75.42749, 14.33833 ], [ 75.42235, 14.32134 ], [ 75.40399, 14.32239 ], [ 75.4092, 14.33315 ], [ 75.41376, 14.33526 ], [ 75.41685, 14.34487 ], [ 75.42072, 14.34117 ], [ 75.42084, 14.34544 ] ] ], [ [ [ 75.33812, 15.10943 ], [ 75.35011, 15.10225 ], [ 75.34972, 15.09429 ], [ 75.33905, 15.09109 ], [ 75.33978, 15.08672 ], [ 75.33433, 15.08154 ], [ 75.31604, 15.12613 ], [ 75.30569, 15.14339 ], [ 75.30562, 15.15406 ], [ 75.33574, 15.16128 ], [ 75.33812, 15.10943 ] ] ], [ [ [ 75.47325, 13.1676 ], [ 75.47597, 13.16519 ], [ 75.47165, 13.16098 ], [ 75.46175, 13.15986 ], [ 75.46336, 13.16195 ], [ 75.45628, 13.16447 ], [ 75.45902, 13.17768 ], [ 75.4664, 13.1857 ], [ 75.47202, 13.18256 ], [ 75.47325, 13.1676 ] ], [ [ 75.4653, 13.17306 ], [ 75.46774, 13.17163 ], [ 75.46823, 13.17212 ], [ 75.4653, 13.17306 ] ] ], [ [ [ 75.45871, 13.17738 ], [ 75.45521, 13.17598 ], [ 75.45299, 13.16851 ], [ 75.44805, 13.16762 ], [ 75.44941, 13.16382 ], [ 75.44052, 13.16564 ], [ 75.4359, 13.16348 ], [ 75.42095, 13.16903 ], [ 75.41785, 13.17854 ], [ 75.42899, 13.17868 ], [ 75.45283, 13.18786 ], [ 75.45871, 13.17738 ] ] ], [ [ [ 75.49139, 13.19889 ], [ 75.49109, 13.20012 ], [ 75.49204, 13.2008 ], [ 75.49139, 13.19889 ] ] ], [ [ [ 75.49136, 13.20278 ], [ 75.49076, 13.20168 ], [ 75.49071, 13.20281 ], [ 75.49136, 13.20278 ] ] ], [ [ [ 75.50732, 13.2056 ], [ 75.51623, 13.20155 ], [ 75.50861, 13.20252 ], [ 75.51138, 13.1935 ], [ 75.50402, 13.19677 ], [ 75.49802, 13.19076 ], [ 75.49307, 13.19972 ], [ 75.4928, 13.21169 ], [ 75.50664, 13.21411 ], [ 75.50732, 13.2056 ] ] ], [ [ [ 75.49172, 13.20521 ], [ 75.49081, 13.20451 ], [ 75.49076, 13.20606 ], [ 75.49172, 13.20521 ] ] ], [ [ [ 75.49091, 13.20738 ], [ 75.49144, 13.20706 ], [ 75.49047, 13.20712 ], [ 75.49091, 13.20738 ] ] ], [ [ [ 75.44974, 13.25907 ], [ 75.45582, 13.25936 ], [ 75.46246, 13.2513 ], [ 75.4674, 13.21342 ], [ 75.45687, 13.20924 ], [ 75.44297, 13.21115 ], [ 75.43835, 13.21579 ], [ 75.43552, 13.21177 ], [ 75.43647, 13.19514 ], [ 75.41927, 13.18965 ], [ 75.41546, 13.19121 ], [ 75.4105, 13.20288 ], [ 75.41833, 13.20904 ], [ 75.42074, 13.22344 ], [ 75.42305, 13.22442 ], [ 75.42459, 13.22105 ], [ 75.42925, 13.22701 ], [ 75.43696, 13.22438 ], [ 75.44429, 13.21492 ], [ 75.44481, 13.21692 ], [ 75.45152, 13.21468 ], [ 75.44915, 13.22637 ], [ 75.44509, 13.22782 ], [ 75.44109, 13.2548 ], [ 75.43188, 13.26263 ], [ 75.43388, 13.26646 ], [ 75.43659, 13.26182 ], [ 75.44513, 13.26313 ], [ 75.44974, 13.25907 ] ] ], [ [ [ 75.51792, 13.22311 ], [ 75.52509, 13.25179 ], [ 75.50494, 13.2637 ], [ 75.50633, 13.26748 ], [ 75.49661, 13.26955 ], [ 75.48921, 13.27858 ], [ 75.49427, 13.29962 ], [ 75.4914, 13.31706 ], [ 75.49606, 13.32632 ], [ 75.50266, 13.33027 ], [ 75.4994, 13.33625 ], [ 75.49918, 13.34773 ], [ 75.51189, 13.3474 ], [ 75.52435, 13.33155 ], [ 75.53368, 13.30413 ], [ 75.54791, 13.30433 ], [ 75.56106, 13.29516 ], [ 75.55845, 13.29056 ], [ 75.56137, 13.28468 ], [ 75.57556, 13.27531 ], [ 75.57289, 13.26182 ], [ 75.59085, 13.23587 ], [ 75.60427, 13.22618 ], [ 75.60031, 13.21286 ], [ 75.60617, 13.20697 ], [ 75.60642, 13.20223 ], [ 75.62373, 13.20195 ], [ 75.62655, 13.19763 ], [ 75.62242, 13.19237 ], [ 75.62459, 13.17998 ], [ 75.61999, 13.1772 ], [ 75.62155, 13.17366 ], [ 75.61194, 13.16953 ], [ 75.59937, 13.17128 ], [ 75.59045, 13.16895 ], [ 75.59108, 13.16571 ], [ 75.58342, 13.16308 ], [ 75.57993, 13.16516 ], [ 75.57961, 13.1704 ], [ 75.58506, 13.17271 ], [ 75.58898, 13.1829 ], [ 75.58655, 13.18713 ], [ 75.57375, 13.18934 ], [ 75.57021, 13.19494 ], [ 75.57242, 13.20526 ], [ 75.56952, 13.20835 ], [ 75.57791, 13.21529 ], [ 75.54093, 13.21678 ], [ 75.51792, 13.22311 ] ] ], [ [ [ 75.39777, 13.35716 ], [ 75.4122, 13.34773 ], [ 75.41904, 13.35221 ], [ 75.42701, 13.34976 ], [ 75.43433, 13.35595 ], [ 75.4431, 13.34764 ], [ 75.43751, 13.33782 ], [ 75.44289, 13.31554 ], [ 75.43849, 13.31558 ], [ 75.43683, 13.32016 ], [ 75.42847, 13.31892 ], [ 75.42476, 13.31221 ], [ 75.41535, 13.32373 ], [ 75.40599, 13.31975 ], [ 75.40073, 13.32165 ], [ 75.40548, 13.32862 ], [ 75.39777, 13.35716 ] ] ], [ [ [ 75.50674, 13.83594 ], [ 75.50909, 13.83654 ], [ 75.50877, 13.83555 ], [ 75.50674, 13.83594 ] ] ], [ [ [ 75.51694, 13.84181 ], [ 75.51336, 13.84166 ], [ 75.51099, 13.85164 ], [ 75.51683, 13.84736 ], [ 75.51694, 13.84181 ] ] ], [ [ [ 75.53684, 13.87193 ], [ 75.552, 13.86987 ], [ 75.54616, 13.85437 ], [ 75.54218, 13.85239 ], [ 75.53916, 13.85423 ], [ 75.5423, 13.85491 ], [ 75.54186, 13.85893 ], [ 75.53807, 13.85618 ], [ 75.52267, 13.86349 ], [ 75.52415, 13.85632 ], [ 75.51836, 13.86681 ], [ 75.53116, 13.8707 ], [ 75.53075, 13.88112 ], [ 75.53522, 13.88518 ], [ 75.54069, 13.87796 ], [ 75.53684, 13.87193 ] ] ], [ [ [ 75.52703, 13.99188 ], [ 75.54036, 13.98717 ], [ 75.54961, 13.98507 ], [ 75.54324, 13.9846 ], [ 75.54322, 13.97898 ], [ 75.54029, 13.97708 ], [ 75.52538, 13.9875 ], [ 75.52703, 13.99188 ] ] ], [ [ [ 75.46997, 14.06579 ], [ 75.46296, 14.05573 ], [ 75.45425, 14.05322 ], [ 75.45093, 14.05397 ], [ 75.45006, 14.06049 ], [ 75.44383, 14.05921 ], [ 75.4351, 14.06287 ], [ 75.43957, 14.09845 ], [ 75.45722, 14.09987 ], [ 75.45517, 14.0764 ], [ 75.46524, 14.07276 ], [ 75.46997, 14.06579 ] ] ], [ [ [ 75.58331, 13.10547 ], [ 75.60726, 13.09793 ], [ 75.60157, 13.09344 ], [ 75.60017, 13.08475 ], [ 75.58904, 13.08855 ], [ 75.59253, 13.09256 ], [ 75.59073, 13.09579 ], [ 75.58084, 13.10093 ], [ 75.58331, 13.10547 ] ] ], [ [ [ 75.63777, 13.14011 ], [ 75.64031, 13.13009 ], [ 75.63228, 13.12912 ], [ 75.62764, 13.1361 ], [ 75.62981, 13.14128 ], [ 75.63159, 13.14351 ], [ 75.63777, 13.14011 ] ] ], [ [ [ 75.72882, 13.18161 ], [ 75.73085, 13.16952 ], [ 75.72372, 13.16268 ], [ 75.72044, 13.16546 ], [ 75.72038, 13.18308 ], [ 75.72882, 13.18161 ] ] ], [ [ [ 75.59948, 13.2954 ], [ 75.59542, 13.29351 ], [ 75.59758, 13.29004 ], [ 75.60698, 13.28596 ], [ 75.61979, 13.27457 ], [ 75.61733, 13.26936 ], [ 75.60363, 13.26386 ], [ 75.58927, 13.2817 ], [ 75.58867, 13.29807 ], [ 75.59363, 13.30318 ], [ 75.59759, 13.30258 ], [ 75.59948, 13.2954 ] ] ], [ [ [ 75.68386, 13.70871 ], [ 75.69068, 13.70143 ], [ 75.69875, 13.70137 ], [ 75.70231, 13.6873 ], [ 75.69499, 13.69128 ], [ 75.69099, 13.6977 ], [ 75.68905, 13.6949 ], [ 75.67312, 13.69364 ], [ 75.66729, 13.7032 ], [ 75.68386, 13.70871 ] ] ], [ [ [ 75.72455, 13.79123 ], [ 75.73186, 13.76919 ], [ 75.71256, 13.77213 ], [ 75.71231, 13.78096 ], [ 75.71716, 13.78534 ], [ 75.71727, 13.78989 ], [ 75.72455, 13.79123 ] ] ], [ [ [ 75.54933, 13.82604 ], [ 75.55538, 13.83623 ], [ 75.5534, 13.84431 ], [ 75.549, 13.84497 ], [ 75.56496, 13.86038 ], [ 75.56197, 13.87737 ], [ 75.567, 13.89066 ], [ 75.56563, 13.89476 ], [ 75.58125, 13.89366 ], [ 75.58656, 13.88501 ], [ 75.57734, 13.88702 ], [ 75.57735, 13.88067 ], [ 75.58281, 13.88273 ], [ 75.58182, 13.87853 ], [ 75.58524, 13.87826 ], [ 75.58506, 13.87548 ], [ 75.57368, 13.8759 ], [ 75.57079, 13.86803 ], [ 75.57484, 13.8666 ], [ 75.57897, 13.85893 ], [ 75.57775, 13.85128 ], [ 75.5857, 13.84765 ], [ 75.58541, 13.84256 ], [ 75.59091, 13.83805 ], [ 75.58705, 13.82261 ], [ 75.59052, 13.8137 ], [ 75.5762, 13.81008 ], [ 75.56679, 13.8126 ], [ 75.55202, 13.80477 ], [ 75.54933, 13.82604 ] ] ], [ [ [ 75.71865, 13.89096 ], [ 75.71564, 13.87952 ], [ 75.71094, 13.88004 ], [ 75.70796, 13.87227 ], [ 75.70375, 13.87338 ], [ 75.7075, 13.88891 ], [ 75.71451, 13.89321 ], [ 75.71865, 13.89096 ] ] ], [ [ [ 75.6864, 13.93746 ], [ 75.69296, 13.93718 ], [ 75.69425, 13.93435 ], [ 75.69759, 13.93596 ], [ 75.69775, 13.92771 ], [ 75.69562, 13.92254 ], [ 75.68297, 13.91983 ], [ 75.6859, 13.92422 ], [ 75.6864, 13.93746 ] ], [ [ 75.68697, 13.93565 ], [ 75.6889, 13.93243 ], [ 75.68854, 13.93675 ], [ 75.68697, 13.93565 ] ] ], [ [ [ 75.64401, 13.93785 ], [ 75.63827, 13.9377 ], [ 75.634, 13.9317 ], [ 75.63706, 13.94 ], [ 75.64176, 13.9408 ], [ 75.63802, 13.94787 ], [ 75.64907, 13.94835 ], [ 75.65099, 13.94281 ], [ 75.64401, 13.93785 ] ] ], [ [ [ 75.70406, 14.12415 ], [ 75.70186, 14.11318 ], [ 75.68785, 14.11484 ], [ 75.6968, 14.12443 ], [ 75.70406, 14.12415 ] ] ], [ [ [ 75.59738, 14.69871 ], [ 75.61074, 14.68916 ], [ 75.61186, 14.67887 ], [ 75.60464, 14.68066 ], [ 75.60195, 14.66716 ], [ 75.59018, 14.66768 ], [ 75.58687, 14.68455 ], [ 75.57739, 14.69455 ], [ 75.57639, 14.70082 ], [ 75.58187, 14.70239 ], [ 75.59738, 14.69871 ] ] ], [ [ [ 76.68125, 11.62711 ], [ 76.69442, 11.6379 ], [ 76.72498, 11.63775 ], [ 76.71209, 11.65332 ], [ 76.71353, 11.67438 ], [ 76.7216, 11.68496 ], [ 76.7263, 11.71302 ], [ 76.7433, 11.71257 ], [ 76.7503, 11.70812 ], [ 76.74987, 11.69872 ], [ 76.76082, 11.66883 ], [ 76.77049, 11.66944 ], [ 76.76432, 11.70381 ], [ 76.76666, 11.72011 ], [ 76.77042, 11.71973 ], [ 76.77061, 11.72259 ], [ 76.7788, 11.71716 ], [ 76.78773, 11.71584 ], [ 76.79679, 11.70511 ], [ 76.80329, 11.71801 ], [ 76.81191, 11.72056 ], [ 76.81447, 11.71652 ], [ 76.82344, 11.71506 ], [ 76.82433, 11.72028 ], [ 76.84142, 11.71018 ], [ 76.84365, 11.6682 ], [ 76.83501, 11.65542 ], [ 76.83374, 11.64896 ], [ 76.83793, 11.64194 ], [ 76.83463, 11.6395 ], [ 76.84513, 11.63415 ], [ 76.84276, 11.62705 ], [ 76.85211, 11.62167 ], [ 76.84884, 11.61856 ], [ 76.85053, 11.61596 ], [ 76.85812, 11.61403 ], [ 76.85647, 11.59928 ], [ 76.84694, 11.59447 ], [ 76.82284, 11.60808 ], [ 76.81757, 11.60472 ], [ 76.80924, 11.60838 ], [ 76.79635, 11.60841 ], [ 76.79153, 11.61274 ], [ 76.76482, 11.61413 ], [ 76.75692, 11.61844 ], [ 76.74707, 11.61378 ], [ 76.67147, 11.61591 ], [ 76.63046, 11.61379 ], [ 76.61399, 11.60755 ], [ 76.61065, 11.61085 ], [ 76.59761, 11.61064 ], [ 76.59647, 11.61625 ], [ 76.59229, 11.61866 ], [ 76.58379, 11.61376 ], [ 76.57695, 11.61446 ], [ 76.57521, 11.61919 ], [ 76.56966, 11.61806 ], [ 76.55995, 11.62247 ], [ 76.56142, 11.63268 ], [ 76.5539, 11.64571 ], [ 76.5544, 11.65557 ], [ 76.54931, 11.66498 ], [ 76.55056, 11.67419 ], [ 76.53723, 11.6908 ], [ 76.51168, 11.70498 ], [ 76.4936, 11.69298 ], [ 76.48168, 11.69252 ], [ 76.48262, 11.68611 ], [ 76.45821, 11.66433 ], [ 76.43533, 11.6647 ], [ 76.42946, 11.66624 ], [ 76.42613, 11.67114 ], [ 76.41673, 11.67174 ], [ 76.41305, 11.68598 ], [ 76.40844, 11.68972 ], [ 76.41238, 11.69502 ], [ 76.40889, 11.70638 ], [ 76.40341, 11.70807 ], [ 76.40853, 11.71505 ], [ 76.41257, 11.71547 ], [ 76.41401, 11.71125 ], [ 76.41659, 11.71769 ], [ 76.42411, 11.72029 ], [ 76.42744, 11.72598 ], [ 76.41817, 11.7426 ], [ 76.41288, 11.74011 ], [ 76.41048, 11.74208 ], [ 76.41423, 11.75885 ], [ 76.39864, 11.75081 ], [ 76.39129, 11.75477 ], [ 76.37699, 11.74454 ], [ 76.36282, 11.74837 ], [ 76.3525, 11.73828 ], [ 76.33974, 11.739 ], [ 76.32915, 11.74828 ], [ 76.31686, 11.75259 ], [ 76.3077, 11.78422 ], [ 76.29131, 11.79248 ], [ 76.28299, 11.82044 ], [ 76.28779, 11.82446 ], [ 76.29838, 11.82606 ], [ 76.30294, 11.83105 ], [ 76.3066, 11.84646 ], [ 76.31534, 11.85204 ], [ 76.33794, 11.88662 ], [ 76.36543, 11.88052 ], [ 76.36652, 11.87843 ], [ 76.35791, 11.86783 ], [ 76.35007, 11.87076 ], [ 76.34358, 11.84474 ], [ 76.3346, 11.83293 ], [ 76.34518, 11.82314 ], [ 76.35922, 11.85609 ], [ 76.36993, 11.858 ], [ 76.36651, 11.86355 ], [ 76.36886, 11.86275 ], [ 76.3687, 11.86931 ], [ 76.372, 11.87133 ], [ 76.37875, 11.86134 ], [ 76.38588, 11.82556 ], [ 76.37974, 11.81366 ], [ 76.36191, 11.81163 ], [ 76.37395, 11.79839 ], [ 76.37692, 11.78944 ], [ 76.38561, 11.78934 ], [ 76.39867, 11.82087 ], [ 76.3922, 11.84447 ], [ 76.39929, 11.85894 ], [ 76.41561, 11.85272 ], [ 76.41956, 11.84526 ], [ 76.4176, 11.84304 ], [ 76.43659, 11.85386 ], [ 76.43279, 11.86881 ], [ 76.43953, 11.87284 ], [ 76.43751, 11.89681 ], [ 76.45445, 11.90395 ], [ 76.44426, 11.92387 ], [ 76.42357, 11.9205 ], [ 76.42152, 11.93369 ], [ 76.42513, 11.92875 ], [ 76.43133, 11.93218 ], [ 76.44088, 11.93121 ], [ 76.46873, 11.90692 ], [ 76.46273, 11.88502 ], [ 76.46643, 11.87488 ], [ 76.4557, 11.86925 ], [ 76.4576, 11.8608 ], [ 76.48676, 11.8592 ], [ 76.48904, 11.8634 ], [ 76.50054, 11.86323 ], [ 76.5317, 11.87485 ], [ 76.55432, 11.85831 ], [ 76.57226, 11.83888 ], [ 76.59415, 11.83805 ], [ 76.60636, 11.86401 ], [ 76.61193, 11.8649 ], [ 76.6195, 11.86032 ], [ 76.61895, 11.85323 ], [ 76.62504, 11.83728 ], [ 76.61967, 11.82883 ], [ 76.60667, 11.82988 ], [ 76.60091, 11.81548 ], [ 76.59468, 11.80958 ], [ 76.58959, 11.80925 ], [ 76.58815, 11.80314 ], [ 76.58098, 11.79824 ], [ 76.58142, 11.78905 ], [ 76.59064, 11.78458 ], [ 76.58803, 11.77401 ], [ 76.59132, 11.76909 ], [ 76.59094, 11.76032 ], [ 76.58619, 11.75838 ], [ 76.58205, 11.74697 ], [ 76.57009, 11.73245 ], [ 76.58051, 11.71949 ], [ 76.58754, 11.74879 ], [ 76.60463, 11.75326 ], [ 76.61456, 11.74859 ], [ 76.61409, 11.73904 ], [ 76.61128, 11.73912 ], [ 76.6096, 11.72709 ], [ 76.60231, 11.71287 ], [ 76.62203, 11.72744 ], [ 76.62084, 11.72186 ], [ 76.6276, 11.72008 ], [ 76.6395, 11.72392 ], [ 76.64063, 11.73411 ], [ 76.65954, 11.73736 ], [ 76.65973, 11.72862 ], [ 76.65665, 11.72328 ], [ 76.65297, 11.72335 ], [ 76.65041, 11.70421 ], [ 76.64085, 11.70333 ], [ 76.64257, 11.7079 ], [ 76.62856, 11.70413 ], [ 76.62951, 11.68861 ], [ 76.6551, 11.67786 ], [ 76.66358, 11.67819 ], [ 76.66684, 11.6812 ], [ 76.66827, 11.66585 ], [ 76.64772, 11.66986 ], [ 76.6423, 11.65971 ], [ 76.64805, 11.65005 ], [ 76.64342, 11.6445 ], [ 76.6709, 11.64234 ], [ 76.68125, 11.62711 ] ], [ [ 76.41228, 11.81618 ], [ 76.42028, 11.82486 ], [ 76.42053, 11.83808 ], [ 76.41735, 11.84097 ], [ 76.41204, 11.84071 ], [ 76.41228, 11.81618 ] ], [ [ 76.43784, 11.82015 ], [ 76.45073, 11.79949 ], [ 76.45547, 11.79659 ], [ 76.45963, 11.81919 ], [ 76.43784, 11.82015 ] ], [ [ 76.81436, 11.68531 ], [ 76.79423, 11.7043 ], [ 76.78773, 11.70045 ], [ 76.78079, 11.69217 ], [ 76.78623, 11.67868 ], [ 76.78833, 11.65543 ], [ 76.81436, 11.68531 ] ], [ [ 76.53118, 11.76585 ], [ 76.55785, 11.76377 ], [ 76.55853, 11.77323 ], [ 76.53118, 11.76585 ] ] ], [ [ [ 76.12951, 11.864 ], [ 76.13515, 11.85729 ], [ 76.13367, 11.85497 ], [ 76.12015, 11.85034 ], [ 76.11786, 11.85719 ], [ 76.11286, 11.85871 ], [ 76.1149, 11.86683 ], [ 76.11176, 11.88736 ], [ 76.11246, 11.97709 ], [ 76.12224, 11.97937 ], [ 76.14504, 12.00683 ], [ 76.1481, 12.01523 ], [ 76.17728, 12.02942 ], [ 76.18378, 12.03586 ], [ 76.18854, 12.05211 ], [ 76.18345, 12.06166 ], [ 76.12977, 12.07689 ], [ 76.11298, 12.07653 ], [ 76.08799, 12.06921 ], [ 76.05577, 12.07397 ], [ 76.05723, 12.08231 ], [ 76.05014, 12.09611 ], [ 76.05693, 12.09763 ], [ 76.06568, 12.0942 ], [ 76.07323, 12.10607 ], [ 76.0785, 12.10403 ], [ 76.08623, 12.14844 ], [ 76.09561, 12.15716 ], [ 76.09264, 12.15971 ], [ 76.0846, 12.15293 ], [ 76.07582, 12.15473 ], [ 76.07112, 12.14887 ], [ 76.07213, 12.14312 ], [ 76.07632, 12.14284 ], [ 76.07304, 12.13178 ], [ 76.06347, 12.12549 ], [ 76.0586, 12.1279 ], [ 76.05505, 12.12573 ], [ 76.04799, 12.15086 ], [ 76.04931, 12.16759 ], [ 76.0553, 12.1765 ], [ 76.04355, 12.18821 ], [ 76.03419, 12.17863 ], [ 76.02902, 12.18492 ], [ 76.02179, 12.18526 ], [ 76.02167, 12.19648 ], [ 76.0264, 12.20982 ], [ 76.01991, 12.21933 ], [ 76.01905, 12.23646 ], [ 76.0096, 12.24873 ], [ 75.98981, 12.24653 ], [ 75.98179, 12.23424 ], [ 75.97126, 12.2287 ], [ 75.9663, 12.22953 ], [ 75.9651, 12.23903 ], [ 75.98304, 12.25345 ], [ 75.96994, 12.25433 ], [ 75.94218, 12.2319 ], [ 75.93203, 12.23797 ], [ 75.92245, 12.23813 ], [ 75.92531, 12.24467 ], [ 75.92089, 12.24728 ], [ 75.93097, 12.27538 ], [ 75.9412, 12.27812 ], [ 75.93642, 12.28562 ], [ 75.94499, 12.28719 ], [ 75.95339, 12.29672 ], [ 75.94514, 12.31754 ], [ 75.93889, 12.31709 ], [ 75.92971, 12.29899 ], [ 75.91631, 12.2926 ], [ 75.90941, 12.28455 ], [ 75.90358, 12.28497 ], [ 75.90194, 12.29425 ], [ 75.90418, 12.29934 ], [ 75.89941, 12.30149 ], [ 75.87158, 12.2942 ], [ 75.86735, 12.29636 ], [ 75.86396, 12.30293 ], [ 75.88006, 12.31007 ], [ 75.88721, 12.31926 ], [ 75.8781, 12.33158 ], [ 75.88322, 12.34009 ], [ 75.89211, 12.34196 ], [ 75.89645, 12.34777 ], [ 75.90327, 12.34629 ], [ 75.90564, 12.35453 ], [ 75.90128, 12.35768 ], [ 75.89739, 12.36761 ], [ 75.90327, 12.36961 ], [ 75.91616, 12.38653 ], [ 75.92052, 12.38751 ], [ 75.93521, 12.37949 ], [ 75.96242, 12.34365 ], [ 75.96608, 12.34518 ], [ 75.9769, 12.34035 ], [ 75.9826, 12.34289 ], [ 75.98883, 12.33633 ], [ 76.00075, 12.33223 ], [ 76.00251, 12.32974 ], [ 75.99579, 12.32416 ], [ 75.99438, 12.31784 ], [ 75.9979, 12.30807 ], [ 76.00461, 12.30544 ], [ 76.01406, 12.29265 ], [ 76.01632, 12.27245 ], [ 76.01353, 12.26885 ], [ 76.0245, 12.2485 ], [ 76.02612, 12.25143 ], [ 76.04036, 12.25259 ], [ 76.05181, 12.24573 ], [ 76.0573, 12.24787 ], [ 76.05716, 12.25313 ], [ 76.0596, 12.25374 ], [ 76.06002, 12.24801 ], [ 76.07326, 12.23957 ], [ 76.0731, 12.23459 ], [ 76.08218, 12.22132 ], [ 76.09384, 12.21348 ], [ 76.10225, 12.19665 ], [ 76.11884, 12.19259 ], [ 76.13154, 12.19784 ], [ 76.13765, 12.1887 ], [ 76.13505, 12.18799 ], [ 76.13503, 12.18195 ], [ 76.14312, 12.15689 ], [ 76.16655, 12.12295 ], [ 76.24467, 12.16299 ], [ 76.23086, 12.18154 ], [ 76.24041, 12.18646 ], [ 76.24867, 12.19641 ], [ 76.27615, 12.17977 ], [ 76.27336, 12.1725 ], [ 76.26503, 12.17265 ], [ 76.25186, 12.16716 ], [ 76.25549, 12.1472 ], [ 76.24818, 12.12681 ], [ 76.261, 12.12111 ], [ 76.2686, 12.107 ], [ 76.27187, 12.08461 ], [ 76.28945, 12.08584 ], [ 76.28025, 12.07192 ], [ 76.28493, 12.0636 ], [ 76.29333, 12.05815 ], [ 76.28857, 12.03811 ], [ 76.27896, 12.03611 ], [ 76.28237, 12.02175 ], [ 76.27401, 12.02021 ], [ 76.26052, 12.0333 ], [ 76.25086, 12.03342 ], [ 76.24763, 12.04083 ], [ 76.27814, 12.03915 ], [ 76.2786, 12.05268 ], [ 76.24159, 12.05304 ], [ 76.2467, 12.04106 ], [ 76.22995, 12.01826 ], [ 76.22147, 12.01421 ], [ 76.21762, 12.00208 ], [ 76.20569, 11.99293 ], [ 76.20914, 11.98668 ], [ 76.22244, 11.97771 ], [ 76.27269, 11.96679 ], [ 76.27709, 11.98118 ], [ 76.25917, 11.98598 ], [ 76.25336, 11.99743 ], [ 76.24428, 12.00477 ], [ 76.22774, 12.00424 ], [ 76.26027, 12.01039 ], [ 76.27652, 12.00439 ], [ 76.29177, 12.00568 ], [ 76.27793, 11.98263 ], [ 76.28122, 11.98042 ], [ 76.27799, 11.97663 ], [ 76.27775, 11.96718 ], [ 76.28059, 11.96227 ], [ 76.28133, 11.96459 ], [ 76.28656, 11.96187 ], [ 76.28603, 11.95213 ], [ 76.29154, 11.94388 ], [ 76.29288, 11.93376 ], [ 76.26975, 11.93532 ], [ 76.26887, 11.94157 ], [ 76.21572, 11.93596 ], [ 76.21963, 11.91999 ], [ 76.2263, 11.91989 ], [ 76.23339, 11.93182 ], [ 76.23545, 11.92139 ], [ 76.22914, 11.90841 ], [ 76.21612, 11.91802 ], [ 76.20655, 11.91773 ], [ 76.2136, 11.90651 ], [ 76.20598, 11.88899 ], [ 76.21592, 11.88362 ], [ 76.21427, 11.87905 ], [ 76.20568, 11.87654 ], [ 76.20525, 11.87299 ], [ 76.21008, 11.86904 ], [ 76.20557, 11.86225 ], [ 76.18678, 11.87217 ], [ 76.1859, 11.87833 ], [ 76.18218, 11.87307 ], [ 76.18474, 11.87152 ], [ 76.17998, 11.87019 ], [ 76.17873, 11.87458 ], [ 76.17525, 11.87491 ], [ 76.17542, 11.87147 ], [ 76.1696, 11.86956 ], [ 76.16906, 11.87632 ], [ 76.16613, 11.87515 ], [ 76.16872, 11.86903 ], [ 76.16481, 11.86757 ], [ 76.1575, 11.87048 ], [ 76.15207, 11.86786 ], [ 76.14755, 11.87642 ], [ 76.143, 11.87388 ], [ 76.14618, 11.86795 ], [ 76.14339, 11.86394 ], [ 76.13818, 11.86387 ], [ 76.13527, 11.86765 ], [ 76.12951, 11.864 ] ], [ [ 76.23979, 12.08616 ], [ 76.23576, 12.09325 ], [ 76.23081, 12.08568 ], [ 76.2376, 12.08302 ], [ 76.23979, 12.08616 ] ] ], [ [ [ 76.41759, 11.87706 ], [ 76.41978, 11.86854 ], [ 76.40977, 11.86087 ], [ 76.40207, 11.86077 ], [ 76.39746, 11.86596 ], [ 76.3987, 11.87181 ], [ 76.41471, 11.8769 ], [ 76.41759, 11.87706 ] ] ], [ [ [ 76.4269, 11.89544 ], [ 76.42254, 11.8909 ], [ 76.42132, 11.88305 ], [ 76.4178, 11.88193 ], [ 76.38371, 11.88972 ], [ 76.37782, 11.89329 ], [ 76.37757, 11.89686 ], [ 76.38132, 11.90635 ], [ 76.41475, 11.89917 ], [ 76.41798, 11.90113 ], [ 76.4269, 11.89544 ] ], [ [ 76.38053, 11.89182 ], [ 76.38089, 11.89373 ], [ 76.37899, 11.89398 ], [ 76.38053, 11.89182 ] ] ], [ [ [ 76.35444, 11.91477 ], [ 76.37655, 11.91085 ], [ 76.3719, 11.9035 ], [ 76.37192, 11.89626 ], [ 76.34089, 11.89643 ], [ 76.33755, 11.88716 ], [ 76.3254, 11.90336 ], [ 76.30913, 11.90212 ], [ 76.30547, 11.91543 ], [ 76.30985, 11.91461 ], [ 76.31508, 11.9299 ], [ 76.31824, 11.92995 ], [ 76.32537, 11.91262 ], [ 76.32674, 11.9175 ], [ 76.33573, 11.92251 ], [ 76.35207, 11.9114 ], [ 76.35444, 11.91477 ] ] ], [ [ [ 76.71673, 11.94856 ], [ 76.73309, 11.94443 ], [ 76.73434, 11.93595 ], [ 76.74438, 11.93708 ], [ 76.7429, 11.92283 ], [ 76.74796, 11.91576 ], [ 76.73088, 11.91295 ], [ 76.72808, 11.92032 ], [ 76.72371, 11.92187 ], [ 76.72233, 11.92973 ], [ 76.71675, 11.93343 ], [ 76.71984, 11.94366 ], [ 76.70625, 11.94451 ], [ 76.70659, 11.94719 ], [ 76.71673, 11.94856 ] ] ], [ [ [ 76.24638, 11.93114 ], [ 76.24056, 11.93633 ], [ 76.25292, 11.93978 ], [ 76.2534, 11.93639 ], [ 76.24631, 11.93387 ], [ 76.24638, 11.93114 ] ] ], [ [ [ 76.44277, 11.95827 ], [ 76.4407, 11.94767 ], [ 76.4265, 11.94894 ], [ 76.43009, 11.95684 ], [ 76.43921, 11.95579 ], [ 76.44277, 11.95827 ] ] ], [ [ [ 76.30145, 11.99669 ], [ 76.30445, 11.98539 ], [ 76.29573, 11.98228 ], [ 76.2911, 11.98746 ], [ 76.29223, 11.99372 ], [ 76.30145, 11.99669 ] ] ], [ [ [ 76.54383, 12.02794 ], [ 76.54739, 12.02287 ], [ 76.54542, 12.01576 ], [ 76.53271, 12.01815 ], [ 76.53343, 12.02836 ], [ 76.54383, 12.02794 ] ] ], [ [ [ 76.62845, 12.02782 ], [ 76.64759, 12.02557 ], [ 76.64796, 12.01885 ], [ 76.63594, 12.01844 ], [ 76.63223, 12.01409 ], [ 76.62937, 12.0148 ], [ 76.62756, 12.02447 ], [ 76.62776, 12.0261 ], [ 76.6301, 12.03374 ], [ 76.62845, 12.02782 ] ] ], [ [ [ 76.355, 12.04317 ], [ 76.37166, 12.04013 ], [ 76.36834, 12.02908 ], [ 76.3558, 12.03191 ], [ 76.34896, 12.03832 ], [ 76.34947, 12.04134 ], [ 76.355, 12.04317 ] ] ], [ [ [ 76.90505, 12.22054 ], [ 76.90387, 12.20948 ], [ 76.90095, 12.2066 ], [ 76.89055, 12.20491 ], [ 76.8855, 12.20825 ], [ 76.89324, 12.21373 ], [ 76.89888, 12.22671 ], [ 76.90505, 12.22054 ] ] ], [ [ [ 76.46733, 12.23798 ], [ 76.46019, 12.23554 ], [ 76.46112, 12.22442 ], [ 76.45581, 12.22466 ], [ 76.44701, 12.23024 ], [ 76.44239, 12.24102 ], [ 76.45639, 12.24363 ], [ 76.46066, 12.24879 ], [ 76.46733, 12.23798 ] ] ], [ [ [ 75.75924, 12.28262 ], [ 75.7662, 12.27597 ], [ 75.76187, 12.27299 ], [ 75.76458, 12.26822 ], [ 75.75963, 12.26309 ], [ 75.76629, 12.26125 ], [ 75.76507, 12.2579 ], [ 75.76945, 12.25635 ], [ 75.76156, 12.24361 ], [ 75.75997, 12.24814 ], [ 75.7518, 12.24764 ], [ 75.74849, 12.25148 ], [ 75.74837, 12.25717 ], [ 75.74413, 12.25967 ], [ 75.74562, 12.26297 ], [ 75.74185, 12.26419 ], [ 75.74289, 12.26699 ], [ 75.73841, 12.2711 ], [ 75.73953, 12.27951 ], [ 75.74527, 12.28444 ], [ 75.75149, 12.27363 ], [ 75.75176, 12.27855 ], [ 75.75924, 12.28262 ] ] ], [ [ [ 76.05811, 12.31919 ], [ 76.04922, 12.31324 ], [ 76.03884, 12.31774 ], [ 76.04711, 12.32959 ], [ 76.05811, 12.31919 ] ] ], [ [ [ 76.80017, 12.35598 ], [ 76.79437, 12.35436 ], [ 76.79107, 12.34725 ], [ 76.78209, 12.34937 ], [ 76.78418, 12.3583 ], [ 76.7942, 12.36051 ], [ 76.80017, 12.35598 ] ] ], [ [ [ 75.90688, 12.42896 ], [ 75.90174, 12.4252 ], [ 75.90191, 12.40356 ], [ 75.8932, 12.40716 ], [ 75.89571, 12.40362 ], [ 75.88935, 12.40362 ], [ 75.88805, 12.40093 ], [ 75.88305, 12.40376 ], [ 75.88399, 12.4007 ], [ 75.87866, 12.39867 ], [ 75.88447, 12.39957 ], [ 75.88665, 12.39699 ], [ 75.89637, 12.40078 ], [ 75.90173, 12.39462 ], [ 75.90123, 12.38273 ], [ 75.88907, 12.37958 ], [ 75.88012, 12.38381 ], [ 75.88531, 12.37405 ], [ 75.88119, 12.37474 ], [ 75.86964, 12.39143 ], [ 75.88696, 12.4168 ], [ 75.88587, 12.42834 ], [ 75.8896, 12.44152 ], [ 75.90041, 12.44729 ], [ 75.9007, 12.45547 ], [ 75.90595, 12.45887 ], [ 75.90784, 12.46679 ], [ 75.9014, 12.48472 ], [ 75.92326, 12.4855 ], [ 75.93007, 12.48442 ], [ 75.93125, 12.48068 ], [ 75.94008, 12.48112 ], [ 75.94209, 12.47777 ], [ 75.93073, 12.47831 ], [ 75.92712, 12.47455 ], [ 75.92969, 12.46648 ], [ 75.92292, 12.45606 ], [ 75.91821, 12.4574 ], [ 75.91168, 12.45131 ], [ 75.91108, 12.44587 ], [ 75.89976, 12.44295 ], [ 75.90688, 12.42896 ] ] ], [ [ [ 75.77708, 12.44354 ], [ 75.7875, 12.441 ], [ 75.78682, 12.43119 ], [ 75.79367, 12.42455 ], [ 75.78657, 12.41286 ], [ 75.78015, 12.41313 ], [ 75.77671, 12.41802 ], [ 75.77093, 12.41097 ], [ 75.76485, 12.40879 ], [ 75.76348, 12.40423 ], [ 75.75735, 12.40401 ], [ 75.75265, 12.40918 ], [ 75.7609, 12.41235 ], [ 75.75905, 12.42127 ], [ 75.76265, 12.42509 ], [ 75.75924, 12.43201 ], [ 75.76201, 12.4332 ], [ 75.75829, 12.4376 ], [ 75.76181, 12.44062 ], [ 75.76823, 12.43295 ], [ 75.77364, 12.43214 ], [ 75.77289, 12.43842 ], [ 75.77708, 12.44354 ] ] ], [ [ [ 76.52749, 12.4447 ], [ 76.52405, 12.42449 ], [ 76.49919, 12.43041 ], [ 76.49892, 12.43765 ], [ 76.5176, 12.4399 ], [ 76.52419, 12.44742 ], [ 76.52749, 12.4447 ] ] ], [ [ [ 76.20407, 12.50607 ], [ 76.22951, 12.50219 ], [ 76.2258, 12.4809 ], [ 76.20866, 12.47559 ], [ 76.20659, 12.47867 ], [ 76.20279, 12.47809 ], [ 76.20344, 12.48193 ], [ 76.19358, 12.48125 ], [ 76.19194, 12.4849 ], [ 76.19687, 12.49705 ], [ 76.20407, 12.50607 ] ] ], [ [ [ 75.90314, 12.53747 ], [ 75.91655, 12.53348 ], [ 75.91753, 12.53895 ], [ 75.92218, 12.54027 ], [ 75.92149, 12.54731 ], [ 75.92783, 12.55072 ], [ 75.94056, 12.54577 ], [ 75.94476, 12.53676 ], [ 75.93724, 12.5324 ], [ 75.93377, 12.5254 ], [ 75.91352, 12.53146 ], [ 75.91693, 12.51816 ], [ 75.91214, 12.51838 ], [ 75.91267, 12.5147 ], [ 75.90718, 12.51308 ], [ 75.90431, 12.5037 ], [ 75.89783, 12.51669 ], [ 75.89807, 12.5262 ], [ 75.88812, 12.5269 ], [ 75.87813, 12.53577 ], [ 75.88518, 12.54235 ], [ 75.88417, 12.55095 ], [ 75.889, 12.55849 ], [ 75.89491, 12.55966 ], [ 75.89417, 12.5545 ], [ 75.89967, 12.55082 ], [ 75.90314, 12.53747 ] ] ], [ [ [ 75.92899, 12.65805 ], [ 75.92423, 12.64502 ], [ 75.91379, 12.64656 ], [ 75.90815, 12.65657 ], [ 75.91156, 12.66236 ], [ 75.91879, 12.66286 ], [ 75.91543, 12.67704 ], [ 75.92727, 12.66651 ], [ 75.92899, 12.65805 ] ] ], [ [ [ 75.90645, 12.68938 ], [ 75.91547, 12.70539 ], [ 75.92966, 12.70619 ], [ 75.93031, 12.69659 ], [ 75.9254, 12.69609 ], [ 75.92465, 12.69872 ], [ 75.91737, 12.69779 ], [ 75.91152, 12.68899 ], [ 75.90645, 12.68938 ] ], [ [ 75.92604, 12.69651 ], [ 75.92534, 12.69649 ], [ 75.92601, 12.69634 ], [ 75.92604, 12.69651 ] ] ], [ [ [ 75.94652, 12.73521 ], [ 75.94215, 12.72971 ], [ 75.94019, 12.72441 ], [ 75.93524, 12.732 ], [ 75.93526, 12.73941 ], [ 75.9414, 12.74121 ], [ 75.94652, 12.73521 ] ] ], [ [ [ 76.28691, 12.81164 ], [ 76.28742, 12.80037 ], [ 76.27084, 12.80079 ], [ 76.26139, 12.81395 ], [ 76.26598, 12.8168 ], [ 76.28691, 12.81164 ] ] ], [ [ [ 75.95691, 12.84282 ], [ 75.94518, 12.83822 ], [ 75.93924, 12.84102 ], [ 75.93982, 12.84657 ], [ 75.95098, 12.85465 ], [ 75.95914, 12.84792 ], [ 75.95691, 12.84282 ] ] ], [ [ [ 75.75265, 12.93493 ], [ 75.7616, 12.92501 ], [ 75.75679, 12.92105 ], [ 75.74863, 12.92584 ], [ 75.74712, 12.92225 ], [ 75.73991, 12.92739 ], [ 75.74037, 12.93091 ], [ 75.75265, 12.93493 ] ] ], [ [ [ 75.75288, 12.98165 ], [ 75.74225, 12.97639 ], [ 75.73747, 12.9917 ], [ 75.74601, 12.99538 ], [ 75.75288, 12.98165 ] ] ], [ [ [ 75.75009, 13.09316 ], [ 75.75934, 13.09196 ], [ 75.76158, 13.08761 ], [ 75.76848, 13.08715 ], [ 75.76774, 13.0807 ], [ 75.75953, 13.07618 ], [ 75.75803, 13.07159 ], [ 75.75155, 13.07355 ], [ 75.74258, 13.0711 ], [ 75.73496, 13.08542 ], [ 75.75009, 13.09316 ] ] ], [ [ [ 75.86966, 13.3147 ], [ 75.88196, 13.30271 ], [ 75.87664, 13.29508 ], [ 75.85311, 13.29469 ], [ 75.85403, 13.30857 ], [ 75.8612, 13.31494 ], [ 75.86966, 13.3147 ] ] ], [ [ [ 75.8586, 13.42205 ], [ 75.85912, 13.41353 ], [ 75.84883, 13.40991 ], [ 75.85411, 13.4094 ], [ 75.85596, 13.4022 ], [ 75.86325, 13.39841 ], [ 75.85701, 13.38516 ], [ 75.85214, 13.38493 ], [ 75.85008, 13.38071 ], [ 75.85337, 13.37219 ], [ 75.85717, 13.37293 ], [ 75.858, 13.36776 ], [ 75.86267, 13.3677 ], [ 75.84305, 13.35783 ], [ 75.84029, 13.35068 ], [ 75.83, 13.35141 ], [ 75.82791, 13.35714 ], [ 75.81798, 13.36526 ], [ 75.80371, 13.36333 ], [ 75.80129, 13.35123 ], [ 75.79482, 13.35428 ], [ 75.79961, 13.37159 ], [ 75.79507, 13.38067 ], [ 75.79013, 13.38041 ], [ 75.79552, 13.39741 ], [ 75.81585, 13.40337 ], [ 75.81518, 13.40687 ], [ 75.82123, 13.41497 ], [ 75.82608, 13.41568 ], [ 75.82944, 13.4207 ], [ 75.82528, 13.43489 ], [ 75.83799, 13.43806 ], [ 75.84342, 13.42972 ], [ 75.84933, 13.42992 ], [ 75.8586, 13.42205 ] ] ], [ [ [ 75.86792, 13.7129 ], [ 75.86508, 13.69933 ], [ 75.8529, 13.70372 ], [ 75.85516, 13.71118 ], [ 75.86792, 13.7129 ] ] ], [ [ [ 75.93072, 13.75651 ], [ 75.92535, 13.74226 ], [ 75.91052, 13.7462 ], [ 75.90974, 13.75593 ], [ 75.93072, 13.75651 ] ] ], [ [ [ 76.13843, 13.77322 ], [ 76.14358, 13.76103 ], [ 76.11529, 13.76033 ], [ 76.11427, 13.77152 ], [ 76.13843, 13.77322 ] ] ], [ [ [ 75.93813, 14.16141 ], [ 75.94417, 14.13838 ], [ 75.92815, 14.13952 ], [ 75.93059, 14.16068 ], [ 75.93813, 14.16141 ] ] ] ] } },
{ "type": "Feature", "properties": { "gz_state": "KERALA", "area_km2": 13030.183, "st": "KL", "notified_km2": 9993.7, "villages": 123 }, "geometry": { "type": "MultiPolygon", "coordinates": [ [ [ [ 76.38755, 11.09876 ], [ 76.36049, 11.09791 ], [ 76.35775, 11.09326 ], [ 76.34577, 11.08787 ], [ 76.33872, 11.09333 ], [ 76.32145, 11.09262 ], [ 76.31096, 11.07657 ], [ 76.30282, 11.08218 ], [ 76.29846, 11.0904 ], [ 76.30168, 11.09736 ], [ 76.31084, 11.10359 ], [ 76.326, 11.12286 ], [ 76.31505, 11.13525 ], [ 76.32716, 11.13949 ], [ 76.3324, 11.1439 ], [ 76.33307, 11.15139 ], [ 76.34165, 11.15507 ], [ 76.33859, 11.15964 ], [ 76.3334, 11.15829 ], [ 76.33209, 11.16384 ], [ 76.32537, 11.16369 ], [ 76.31954, 11.15778 ], [ 76.31534, 11.15872 ], [ 76.31389, 11.16747 ], [ 76.31842, 11.16595 ], [ 76.32088, 11.17057 ], [ 76.31657, 11.17239 ], [ 76.31908, 11.181 ], [ 76.31547, 11.18015 ], [ 76.31475, 11.19131 ], [ 76.30636, 11.19814 ], [ 76.29791, 11.18996 ], [ 76.2913, 11.19413 ], [ 76.29034, 11.19972 ], [ 76.29944, 11.2146 ], [ 76.29114, 11.22701 ], [ 76.27225, 11.21551 ], [ 76.26653, 11.21697 ], [ 76.26665, 11.22376 ], [ 76.26413, 11.22159 ], [ 76.26467, 11.22794 ], [ 76.25919, 11.23781 ], [ 76.26207, 11.24448 ], [ 76.25694, 11.25057 ], [ 76.26156, 11.25056 ], [ 76.26492, 11.25894 ], [ 76.26455, 11.27388 ], [ 76.2757, 11.28599 ], [ 76.27731, 11.3024 ], [ 76.27108, 11.29925 ], [ 76.26893, 11.30807 ], [ 76.26406, 11.30462 ], [ 76.25505, 11.30429 ], [ 76.24138, 11.31587 ], [ 76.2376, 11.31039 ], [ 76.23972, 11.30059 ], [ 76.23214, 11.29506 ], [ 76.2309, 11.28542 ], [ 76.22616, 11.28044 ], [ 76.21971, 11.28552 ], [ 76.21385, 11.28537 ], [ 76.21585, 11.27515 ], [ 76.20568, 11.26736 ], [ 76.20473, 11.27135 ], [ 76.20873, 11.27582 ], [ 76.20187, 11.2786 ], [ 76.19527, 11.27689 ], [ 76.19875, 11.27979 ], [ 76.2014, 11.28837 ], [ 76.19955, 11.2955 ], [ 76.20303, 11.29863 ], [ 76.19623, 11.30349 ], [ 76.20108, 11.3086 ], [ 76.19401, 11.31598 ], [ 76.19454, 11.31946 ], [ 76.1892, 11.3206 ], [ 76.19278, 11.32632 ], [ 76.18165, 11.32945 ], [ 76.17441, 11.32347 ], [ 76.12, 11.34335 ], [ 76.11513, 11.34384 ], [ 76.11201, 11.33744 ], [ 76.1044, 11.33937 ], [ 76.09448, 11.34727 ], [ 76.09289, 11.3564 ], [ 76.10209, 11.36844 ], [ 76.0975, 11.38262 ], [ 76.09942, 11.39589 ], [ 76.1062, 11.40227 ], [ 76.10544, 11.41009 ], [ 76.11786, 11.40846 ], [ 76.12098, 11.41061 ], [ 76.11049, 11.41479 ], [ 76.09561, 11.42825 ], [ 76.07777, 11.43483 ], [ 76.07413, 11.43941 ], [ 76.06021, 11.43671 ], [ 76.05398, 11.44168 ], [ 76.04778, 11.43781 ], [ 76.04574, 11.42694 ], [ 76.03369, 11.40806 ], [ 76.02833, 11.39011 ], [ 76.02432, 11.39515 ], [ 76.01173, 11.38897 ], [ 76.01537, 11.38245 ], [ 76.01211, 11.37529 ], [ 76.01837, 11.36861 ], [ 76.01753, 11.36267 ], [ 76.0233, 11.3615 ], [ 76.03027, 11.34703 ], [ 76.01343, 11.33503 ], [ 76.00835, 11.33817 ], [ 76.00128, 11.33515 ], [ 75.99666, 11.33694 ], [ 75.99889, 11.33382 ], [ 75.99302, 11.32755 ], [ 75.98655, 11.33314 ], [ 75.99296, 11.34547 ], [ 76.00023, 11.35017 ], [ 75.9965, 11.35531 ], [ 76.00348, 11.36494 ], [ 76.0029, 11.37632 ], [ 75.99591, 11.3808 ], [ 75.9926, 11.37778 ], [ 75.98332, 11.38561 ], [ 75.985, 11.39473 ], [ 75.99258, 11.39964 ], [ 75.98982, 11.40652 ], [ 75.99647, 11.41297 ], [ 75.98771, 11.42464 ], [ 75.9877, 11.42903 ], [ 75.99245, 11.43117 ], [ 75.99581, 11.42627 ], [ 76.00161, 11.43304 ], [ 75.99901, 11.44217 ], [ 76.00015, 11.45651 ], [ 75.99537, 11.46931 ], [ 75.99901, 11.47749 ], [ 75.99605, 11.47986 ], [ 75.98691, 11.47772 ], [ 75.98709, 11.4811 ], [ 75.9855, 11.47816 ], [ 75.97646, 11.4788 ], [ 75.9702, 11.47068 ], [ 75.96193, 11.46784 ], [ 75.95722, 11.45685 ], [ 75.93775, 11.44986 ], [ 75.92613, 11.45223 ], [ 75.92107, 11.44821 ], [ 75.92364, 11.44594 ], [ 75.9194, 11.44334 ], [ 75.9187, 11.43444 ], [ 75.92518, 11.42158 ], [ 75.91868, 11.40822 ], [ 75.91356, 11.40729 ], [ 75.91514, 11.41409 ], [ 75.90735, 11.42933 ], [ 75.90229, 11.432 ], [ 75.90602, 11.43943 ], [ 75.90463, 11.44729 ], [ 75.90803, 11.44927 ], [ 75.90059, 11.45605 ], [ 75.90246, 11.45885 ], [ 75.89922, 11.46161 ], [ 75.90278, 11.4684 ], [ 75.9034, 11.48103 ], [ 75.90674, 11.48159 ], [ 75.90829, 11.48802 ], [ 75.8928, 11.50244 ], [ 75.91565, 11.51093 ], [ 75.92492, 11.50685 ], [ 75.92378, 11.52617 ], [ 75.91887, 11.53359 ], [ 75.92511, 11.53751 ], [ 75.92478, 11.54573 ], [ 75.92184, 11.54447 ], [ 75.91319, 11.55458 ], [ 75.90109, 11.55126 ], [ 75.89815, 11.54825 ], [ 75.89955, 11.54512 ], [ 75.89357, 11.54873 ], [ 75.88981, 11.54608 ], [ 75.87421, 11.55018 ], [ 75.88193, 11.54031 ], [ 75.88027, 11.53696 ], [ 75.86119, 11.55091 ], [ 75.8642, 11.53817 ], [ 75.86174, 11.53806 ], [ 75.85508, 11.55197 ], [ 75.84921, 11.54968 ], [ 75.84746, 11.55478 ], [ 75.84287, 11.55062 ], [ 75.83948, 11.55399 ], [ 75.83876, 11.54797 ], [ 75.8356, 11.55133 ], [ 75.82487, 11.55125 ], [ 75.81777, 11.574 ], [ 75.81857, 11.59539 ], [ 75.81004, 11.60014 ], [ 75.79602, 11.61495 ], [ 75.79427, 11.62244 ], [ 75.80472, 11.62478 ], [ 75.80642, 11.63398 ], [ 75.81447, 11.63902 ], [ 75.82558, 11.63758 ], [ 75.84427, 11.65293 ], [ 75.84363, 11.65594 ], [ 75.81731, 11.64999 ], [ 75.82051, 11.67192 ], [ 75.81463, 11.67227 ], [ 75.81198, 11.67674 ], [ 75.80655, 11.67804 ], [ 75.80343, 11.67588 ], [ 75.79613, 11.67785 ], [ 75.79136, 11.67451 ], [ 75.78807, 11.6686 ], [ 75.79014, 11.6633 ], [ 75.78754, 11.66157 ], [ 75.78194, 11.66494 ], [ 75.7812, 11.6617 ], [ 75.77968, 11.66389 ], [ 75.77414, 11.66163 ], [ 75.76747, 11.67267 ], [ 75.77554, 11.68227 ], [ 75.77513, 11.6917 ], [ 75.7799, 11.70655 ], [ 75.76991, 11.70884 ], [ 75.76073, 11.7153 ], [ 75.74477, 11.71445 ], [ 75.74689, 11.71793 ], [ 75.74466, 11.72281 ], [ 75.74834, 11.72648 ], [ 75.72906, 11.74716 ], [ 75.73596, 11.75878 ], [ 75.74677, 11.75729 ], [ 75.75007, 11.76448 ], [ 75.77263, 11.77469 ], [ 75.79119, 11.77799 ], [ 75.79271, 11.79153 ], [ 75.77666, 11.802 ], [ 75.75733, 11.80587 ], [ 75.74577, 11.79954 ], [ 75.75754, 11.78963 ], [ 75.75375, 11.78516 ], [ 75.75, 11.78206 ], [ 75.7456, 11.7868 ], [ 75.73759, 11.78698 ], [ 75.73773, 11.7815 ], [ 75.72909, 11.78036 ], [ 75.72301, 11.79241 ], [ 75.71657, 11.79684 ], [ 75.69121, 11.79904 ], [ 75.68737, 11.80371 ], [ 75.65002, 11.7993 ], [ 75.64092, 11.79991 ], [ 75.63376, 11.80458 ], [ 75.60743, 11.79628 ], [ 75.58985, 11.79632 ], [ 75.60079, 11.80727 ], [ 75.60448, 11.80708 ], [ 75.60228, 11.80966 ], [ 75.60826, 11.81711 ], [ 75.60582, 11.82531 ], [ 75.63111, 11.83137 ], [ 75.63588, 11.83814 ], [ 75.64809, 11.83798 ], [ 75.65088, 11.84329 ], [ 75.65444, 11.83663 ], [ 75.65916, 11.8359 ], [ 75.66329, 11.84013 ], [ 75.66392, 11.83436 ], [ 75.66799, 11.83859 ], [ 75.67007, 11.83411 ], [ 75.67352, 11.83425 ], [ 75.6729, 11.83855 ], [ 75.67059, 11.83721 ], [ 75.66811, 11.84068 ], [ 75.67556, 11.84504 ], [ 75.6804, 11.84061 ], [ 75.69614, 11.85135 ], [ 75.70041, 11.848 ], [ 75.69917, 11.85131 ], [ 75.70566, 11.85171 ], [ 75.70917, 11.84705 ], [ 75.72048, 11.85183 ], [ 75.73706, 11.83922 ], [ 75.73897, 11.84447 ], [ 75.73327, 11.84682 ], [ 75.73237, 11.85197 ], [ 75.74105, 11.85139 ], [ 75.74048, 11.84807 ], [ 75.75, 11.85468 ], [ 75.75297, 11.84712 ], [ 75.7601, 11.84955 ], [ 75.77685, 11.83946 ], [ 75.78524, 11.84327 ], [ 75.78785, 11.85174 ], [ 75.79684, 11.85057 ], [ 75.79243, 11.84782 ], [ 75.80532, 11.84915 ], [ 75.80687, 11.8555 ], [ 75.81955, 11.85886 ], [ 75.82868, 11.85124 ], [ 75.8463, 11.85556 ], [ 75.85309, 11.84814 ], [ 75.85263, 11.89798 ], [ 75.86584, 11.9273 ], [ 75.84414, 11.92624 ], [ 75.83905, 11.92889 ], [ 75.82061, 11.92549 ], [ 75.8179, 11.92937 ], [ 75.80374, 11.93287 ], [ 75.80273, 11.92573 ], [ 75.78668, 11.91958 ], [ 75.77975, 11.91251 ], [ 75.77551, 11.91871 ], [ 75.77614, 11.92472 ], [ 75.76899, 11.9266 ], [ 75.76501, 11.93609 ], [ 75.76109, 11.93147 ], [ 75.75072, 11.92864 ], [ 75.74712, 11.93333 ], [ 75.7391, 11.93121 ], [ 75.73182, 11.94887 ], [ 75.7394, 11.95456 ], [ 75.72079, 11.95762 ], [ 75.70598, 11.96603 ], [ 75.71315, 11.98337 ], [ 75.72184, 11.99219 ], [ 75.71725, 12.00468 ], [ 75.71841, 12.00739 ], [ 75.73482, 11.99441 ], [ 75.74294, 11.99716 ], [ 75.74765, 11.99533 ], [ 75.75923, 12.00351 ], [ 75.78263, 12.00052 ], [ 75.80108, 12.00417 ], [ 75.81712, 12.01883 ], [ 75.82286, 12.01337 ], [ 75.82038, 12.00252 ], [ 75.82523, 12.00273 ], [ 75.82563, 11.99187 ], [ 75.82947, 11.98451 ], [ 75.83704, 11.98093 ], [ 75.84691, 11.98201 ], [ 75.85461, 11.96411 ], [ 75.87045, 11.95258 ], [ 75.88068, 11.94971 ], [ 75.88602, 11.95202 ], [ 75.89703, 11.94547 ], [ 75.91399, 11.94692 ], [ 75.93078, 11.9397 ], [ 75.95637, 11.9419 ], [ 75.9764, 11.93371 ], [ 75.99042, 11.93471 ], [ 76.0, 11.9314 ], [ 76.01312, 11.94172 ], [ 76.02238, 11.94397 ], [ 76.03372, 11.9403 ], [ 76.0701, 11.96708 ], [ 76.0898, 11.96743 ], [ 76.11249, 11.9785 ], [ 76.11176, 11.88736 ], [ 76.1149, 11.86683 ], [ 76.11286, 11.85871 ], [ 76.11786, 11.85719 ], [ 76.12094, 11.85048 ], [ 76.11281, 11.84117 ], [ 76.09128, 11.83538 ], [ 76.08699, 11.82835 ], [ 76.08946, 11.82313 ], [ 76.08223, 11.81919 ], [ 76.07659, 11.82503 ], [ 76.06903, 11.82401 ], [ 76.06929, 11.8303 ], [ 76.0667, 11.83159 ], [ 76.06562, 11.82775 ], [ 76.05844, 11.83005 ], [ 76.04857, 11.82659 ], [ 76.03747, 11.82722 ], [ 76.0389, 11.83059 ], [ 76.03321, 11.83323 ], [ 76.02635, 11.83023 ], [ 76.02696, 11.8336 ], [ 76.01556, 11.83964 ], [ 76.01538, 11.84562 ], [ 76.01103, 11.84628 ], [ 76.00664, 11.85672 ], [ 75.99851, 11.86389 ], [ 75.99731, 11.87502 ], [ 75.98702, 11.88428 ], [ 75.97208, 11.88918 ], [ 75.95596, 11.8998 ], [ 75.94644, 11.89824 ], [ 75.93882, 11.90281 ], [ 75.93148, 11.88336 ], [ 75.91176, 11.87548 ], [ 75.93135, 11.85812 ], [ 75.92535, 11.84818 ], [ 75.92556, 11.83246 ], [ 75.91843, 11.82998 ], [ 75.92042, 11.82373 ], [ 75.91697, 11.81862 ], [ 75.90389, 11.82027 ], [ 75.8976, 11.81308 ], [ 75.89314, 11.81327 ], [ 75.89182, 11.80828 ], [ 75.87651, 11.80204 ], [ 75.87239, 11.78997 ], [ 75.8738, 11.78081 ], [ 75.88272, 11.77729 ], [ 75.88587, 11.7704 ], [ 75.87765, 11.76497 ], [ 75.88083, 11.75973 ], [ 75.87569, 11.75274 ], [ 75.8814, 11.75374 ], [ 75.88143, 11.7491 ], [ 75.88671, 11.74512 ], [ 75.89867, 11.74451 ], [ 75.89985, 11.74193 ], [ 75.89356, 11.73085 ], [ 75.88636, 11.72835 ], [ 75.88524, 11.70692 ], [ 75.8778, 11.70717 ], [ 75.87553, 11.70417 ], [ 75.88233, 11.69911 ], [ 75.9002, 11.69922 ], [ 75.91538, 11.69047 ], [ 75.90009, 11.67605 ], [ 75.90477, 11.66547 ], [ 75.90375, 11.65816 ], [ 75.91671, 11.65097 ], [ 75.93349, 11.65256 ], [ 75.94072, 11.64503 ], [ 75.94089, 11.64774 ], [ 75.94893, 11.6495 ], [ 75.94765, 11.65266 ], [ 75.95188, 11.65572 ], [ 75.9526, 11.66173 ], [ 75.96372, 11.6645 ], [ 75.96653, 11.6606 ], [ 75.95701, 11.65622 ], [ 75.96041, 11.64581 ], [ 75.98403, 11.63421 ], [ 75.99209, 11.6228 ], [ 75.99792, 11.62648 ], [ 75.99633, 11.62935 ], [ 76.00237, 11.63175 ], [ 76.00862, 11.62783 ], [ 76.01876, 11.6315 ], [ 76.01595, 11.62627 ], [ 76.01863, 11.6209 ], [ 76.03459, 11.61802 ], [ 76.03228, 11.61071 ], [ 76.0445, 11.60814 ], [ 76.04221, 11.60441 ], [ 76.04884, 11.60349 ], [ 76.05642, 11.59218 ], [ 76.0551, 11.58795 ], [ 76.05774, 11.59022 ], [ 76.06246, 11.58653 ], [ 76.07211, 11.5723 ], [ 76.08661, 11.57046 ], [ 76.09046, 11.57774 ], [ 76.08889, 11.58255 ], [ 76.08263, 11.57974 ], [ 76.08185, 11.58757 ], [ 76.08516, 11.5889 ], [ 76.08201, 11.59605 ], [ 76.08967, 11.59778 ], [ 76.11079, 11.57843 ], [ 76.12873, 11.57324 ], [ 76.13466, 11.57726 ], [ 76.13993, 11.57623 ], [ 76.14269, 11.57412 ], [ 76.14357, 11.55989 ], [ 76.13696, 11.55067 ], [ 76.13985, 11.54883 ], [ 76.13972, 11.53645 ], [ 76.14428, 11.53146 ], [ 76.15081, 11.53295 ], [ 76.15176, 11.52687 ], [ 76.15809, 11.52208 ], [ 76.19105, 11.50701 ], [ 76.20514, 11.50699 ], [ 76.22117, 11.51162 ], [ 76.22414, 11.5097 ], [ 76.23055, 11.52533 ], [ 76.23394, 11.52875 ], [ 76.23854, 11.52654 ], [ 76.24422, 11.51736 ], [ 76.24816, 11.51649 ], [ 76.24852, 11.50647 ], [ 76.25229, 11.5 ], [ 76.24979, 11.49832 ], [ 76.24757, 11.46854 ], [ 76.2646, 11.48089 ], [ 76.27562, 11.47687 ], [ 76.28444, 11.48292 ], [ 76.29418, 11.47289 ], [ 76.28729, 11.46554 ], [ 76.28233, 11.45056 ], [ 76.27607, 11.44698 ], [ 76.27158, 11.44907 ], [ 76.25948, 11.441 ], [ 76.25239, 11.44209 ], [ 76.24665, 11.43633 ], [ 76.24476, 11.42883 ], [ 76.24634, 11.42024 ], [ 76.25238, 11.4207 ], [ 76.258, 11.41664 ], [ 76.24963, 11.40491 ], [ 76.25797, 11.39457 ], [ 76.26443, 11.39188 ], [ 76.2745, 11.37114 ], [ 76.27446, 11.36358 ], [ 76.30248, 11.325 ], [ 76.31473, 11.31373 ], [ 76.31386, 11.30289 ], [ 76.31827, 11.29988 ], [ 76.32079, 11.30049 ], [ 76.31902, 11.30444 ], [ 76.32332, 11.3057 ], [ 76.32291, 11.31102 ], [ 76.32624, 11.30753 ], [ 76.33444, 11.3122 ], [ 76.34864, 11.3368 ], [ 76.354, 11.34069 ], [ 76.35776, 11.33785 ], [ 76.36277, 11.34596 ], [ 76.36153, 11.35446 ], [ 76.35172, 11.35369 ], [ 76.34118, 11.36158 ], [ 76.33259, 11.36124 ], [ 76.32982, 11.35501 ], [ 76.32249, 11.3547 ], [ 76.31581, 11.35522 ], [ 76.31137, 11.36167 ], [ 76.31513, 11.36428 ], [ 76.30941, 11.37227 ], [ 76.31515, 11.38427 ], [ 76.30571, 11.39185 ], [ 76.30343, 11.40836 ], [ 76.29632, 11.42625 ], [ 76.30009, 11.44135 ], [ 76.31493, 11.46092 ], [ 76.32547, 11.45333 ], [ 76.34223, 11.46759 ], [ 76.37139, 11.45413 ], [ 76.39768, 11.43502 ], [ 76.4187, 11.44178 ], [ 76.41508, 11.42263 ], [ 76.46208, 11.38747 ], [ 76.51775, 11.37156 ], [ 76.51512, 11.35969 ], [ 76.50819, 11.35412 ], [ 76.54786, 11.35889 ], [ 76.54997, 11.33099 ], [ 76.5373, 11.31404 ], [ 76.53936, 11.30462 ], [ 76.54576, 11.30031 ], [ 76.52626, 11.28826 ], [ 76.52218, 11.27134 ], [ 76.48711, 11.25829 ], [ 76.45309, 11.23937 ], [ 76.44896, 11.20547 ], [ 76.43936, 11.20296 ], [ 76.43862, 11.19896 ], [ 76.4519, 11.19922 ], [ 76.45844, 11.18768 ], [ 76.47347, 11.19493 ], [ 76.47237, 11.20875 ], [ 76.4828, 11.21071 ], [ 76.51048, 11.21164 ], [ 76.51609, 11.2043 ], [ 76.53385, 11.19675 ], [ 76.6009, 11.20659 ], [ 76.62972, 11.19417 ], [ 76.65341, 11.21011 ], [ 76.67752, 11.22063 ], [ 76.68478, 11.22773 ], [ 76.68422, 11.23374 ], [ 76.69617, 11.23896 ], [ 76.70709, 11.23838 ], [ 76.71167, 11.23175 ], [ 76.72175, 11.22492 ], [ 76.72537, 11.22581 ], [ 76.72582, 11.21867 ], [ 76.73177, 11.21367 ], [ 76.72218, 11.20363 ], [ 76.72904, 11.19104 ], [ 76.72363, 11.19238 ], [ 76.71843, 11.18641 ], [ 76.71033, 11.18784 ], [ 76.70659, 11.17936 ], [ 76.70024, 11.18182 ], [ 76.70077, 11.17606 ], [ 76.69296, 11.17236 ], [ 76.68956, 11.15957 ], [ 76.70524, 11.1422 ], [ 76.71238, 11.14217 ], [ 76.71003, 11.14799 ], [ 76.71847, 11.14764 ], [ 76.71742, 11.14407 ], [ 76.72871, 11.1339 ], [ 76.72875, 11.13045 ], [ 76.73503, 11.13639 ], [ 76.73931, 11.13197 ], [ 76.74622, 11.13771 ], [ 76.7483, 11.13584 ], [ 76.74533, 11.13019 ], [ 76.74742, 11.1112 ], [ 76.74072, 11.10919 ], [ 76.73898, 11.1043 ], [ 76.74658, 11.09251 ], [ 76.75168, 11.09319 ], [ 76.75453, 11.08416 ], [ 76.75416, 11.07779 ], [ 76.75014, 11.07894 ], [ 76.74798, 11.07432 ], [ 76.74104, 11.07234 ], [ 76.74613, 11.05482 ], [ 76.76071, 11.05231 ], [ 76.76894, 11.04343 ], [ 76.77816, 11.04209 ], [ 76.78787, 11.04476 ], [ 76.79623, 11.05586 ], [ 76.80086, 11.05397 ], [ 76.79184, 11.03736 ], [ 76.77365, 11.03354 ], [ 76.7666, 11.02909 ], [ 76.7376, 11.03974 ], [ 76.71444, 11.0409 ], [ 76.69343, 11.01858 ], [ 76.67535, 11.02587 ], [ 76.65572, 11.0104 ], [ 76.64024, 11.02495 ], [ 76.62537, 11.01525 ], [ 76.60138, 11.00996 ], [ 76.60494, 10.99823 ], [ 76.60249, 10.98552 ], [ 76.60822, 10.98368 ], [ 76.61261, 10.97526 ], [ 76.61087, 10.96049 ], [ 76.60691, 10.95999 ], [ 76.62571, 10.95068 ], [ 76.62918, 10.94708 ], [ 76.62819, 10.94308 ], [ 76.6364, 10.93704 ], [ 76.65265, 10.93725 ], [ 76.67671, 10.91808 ], [ 76.69521, 10.91023 ], [ 76.7149, 10.90861 ], [ 76.73755, 10.89588 ], [ 76.74079, 10.89097 ], [ 76.75241, 10.89506 ], [ 76.76125, 10.89346 ], [ 76.7679, 10.88703 ], [ 76.78143, 10.89042 ], [ 76.7918, 10.88111 ], [ 76.81146, 10.87788 ], [ 76.81669, 10.87274 ], [ 76.82832, 10.87191 ], [ 76.83194, 10.86013 ], [ 76.84842, 10.84939 ], [ 76.85378, 10.83896 ], [ 76.85319, 10.83292 ], [ 76.84508, 10.8261 ], [ 76.84928, 10.81456 ], [ 76.83654, 10.81163 ], [ 76.82482, 10.81347 ], [ 76.82586, 10.80424 ], [ 76.81824, 10.79917 ], [ 76.81555, 10.79251 ], [ 76.80665, 10.78803 ], [ 76.80026, 10.78965 ], [ 76.78844, 10.78346 ], [ 76.78407, 10.79454 ], [ 76.78716, 10.79956 ], [ 76.78739, 10.81048 ], [ 76.79488, 10.81918 ], [ 76.79141, 10.83078 ], [ 76.78664, 10.82626 ], [ 76.7767, 10.82447 ], [ 76.76412, 10.8272 ], [ 76.75674, 10.81826 ], [ 76.74993, 10.82049 ], [ 76.74504, 10.81086 ], [ 76.72954, 10.81277 ], [ 76.73176, 10.8168 ], [ 76.72953, 10.81939 ], [ 76.71777, 10.81688 ], [ 76.71551, 10.82476 ], [ 76.68474, 10.82952 ], [ 76.67911, 10.82545 ], [ 76.67646, 10.81052 ], [ 76.67097, 10.80574 ], [ 76.66794, 10.80791 ], [ 76.65711, 10.8046 ], [ 76.66091, 10.81748 ], [ 76.65747, 10.82396 ], [ 76.66399, 10.83125 ], [ 76.65275, 10.83949 ], [ 76.65539, 10.84817 ], [ 76.64841, 10.85151 ], [ 76.64605, 10.85698 ], [ 76.62829, 10.86492 ], [ 76.62699, 10.85263 ], [ 76.62191, 10.85233 ], [ 76.62374, 10.84613 ], [ 76.62003, 10.84513 ], [ 76.62028, 10.83977 ], [ 76.61455, 10.83374 ], [ 76.60987, 10.83414 ], [ 76.60972, 10.82533 ], [ 76.59751, 10.83125 ], [ 76.59901, 10.83384 ], [ 76.59106, 10.84124 ], [ 76.59061, 10.8538 ], [ 76.59328, 10.85306 ], [ 76.59332, 10.85839 ], [ 76.5713, 10.86215 ], [ 76.59339, 10.86364 ], [ 76.59493, 10.86563 ], [ 76.59051, 10.87088 ], [ 76.59416, 10.87116 ], [ 76.59396, 10.87368 ], [ 76.56415, 10.87763 ], [ 76.56132, 10.88484 ], [ 76.55445, 10.88697 ], [ 76.54813, 10.89534 ], [ 76.55573, 10.90037 ], [ 76.55469, 10.91254 ], [ 76.56963, 10.92293 ], [ 76.56698, 10.93051 ], [ 76.56011, 10.93129 ], [ 76.55335, 10.92636 ], [ 76.54295, 10.92924 ], [ 76.53822, 10.93883 ], [ 76.53671, 10.95636 ], [ 76.52281, 10.95261 ], [ 76.52288, 10.96539 ], [ 76.53922, 10.98044 ], [ 76.54973, 10.97762 ], [ 76.55356, 10.98425 ], [ 76.55996, 10.98457 ], [ 76.56407, 10.99541 ], [ 76.56176, 10.99385 ], [ 76.5567, 11.00014 ], [ 76.54714, 11.00084 ], [ 76.53837, 11.00911 ], [ 76.52509, 11.01034 ], [ 76.52422, 11.00651 ], [ 76.51842, 11.00608 ], [ 76.51056, 11.00981 ], [ 76.51958, 11.01422 ], [ 76.5309, 11.01376 ], [ 76.54332, 11.02043 ], [ 76.52455, 11.02136 ], [ 76.5231, 11.02474 ], [ 76.51692, 11.02559 ], [ 76.51645, 11.02984 ], [ 76.50216, 11.03053 ], [ 76.5, 11.03981 ], [ 76.49458, 11.03277 ], [ 76.49413, 11.03728 ], [ 76.48977, 11.03383 ], [ 76.48008, 11.03538 ], [ 76.46844, 11.03071 ], [ 76.47126, 11.05887 ], [ 76.46595, 11.06421 ], [ 76.47223, 11.06388 ], [ 76.47561, 11.06706 ], [ 76.46566, 11.07774 ], [ 76.44225, 11.07818 ], [ 76.43723, 11.07471 ], [ 76.43331, 11.07682 ], [ 76.42697, 11.06643 ], [ 76.41419, 11.07205 ], [ 76.42036, 11.08061 ], [ 76.42359, 11.07783 ], [ 76.42274, 11.09531 ], [ 76.40643, 11.09652 ], [ 76.39907, 11.08929 ], [ 76.39168, 11.09171 ], [ 76.38755, 11.09876 ] ] ], [ [ [ 76.2442, 11.80316 ], [ 76.28022, 11.81161 ], [ 76.29024, 11.79283 ], [ 76.3077, 11.78422 ], [ 76.31686, 11.75259 ], [ 76.32915, 11.74828 ], [ 76.33974, 11.739 ], [ 76.3525, 11.73828 ], [ 76.36282, 11.74837 ], [ 76.37699, 11.74454 ], [ 76.39129, 11.75477 ], [ 76.39864, 11.75081 ], [ 76.41423, 11.75885 ], [ 76.41048, 11.74208 ], [ 76.41288, 11.74011 ], [ 76.41817, 11.7426 ], [ 76.42744, 11.72598 ], [ 76.42411, 11.72029 ], [ 76.41659, 11.71769 ], [ 76.41401, 11.71125 ], [ 76.41257, 11.71547 ], [ 76.40853, 11.71505 ], [ 76.40366, 11.71162 ], [ 76.40346, 11.70776 ], [ 76.40889, 11.70638 ], [ 76.41238, 11.69502 ], [ 76.40844, 11.68972 ], [ 76.41305, 11.68598 ], [ 76.41593, 11.67281 ], [ 76.42818, 11.66998 ], [ 76.43637, 11.65347 ], [ 76.44337, 11.64933 ], [ 76.44343, 11.64362 ], [ 76.43117, 11.63073 ], [ 76.42711, 11.63345 ], [ 76.40689, 11.63428 ], [ 76.3881, 11.62967 ], [ 76.38329, 11.62404 ], [ 76.38393, 11.61205 ], [ 76.37827, 11.60851 ], [ 76.37798, 11.60191 ], [ 76.3671, 11.59833 ], [ 76.35458, 11.58931 ], [ 76.3404, 11.5872 ], [ 76.33996, 11.59313 ], [ 76.33588, 11.59574 ], [ 76.3265, 11.58992 ], [ 76.33017, 11.59456 ], [ 76.33316, 11.61566 ], [ 76.31717, 11.62075 ], [ 76.30117, 11.64324 ], [ 76.28801, 11.64954 ], [ 76.28534, 11.65431 ], [ 76.28939, 11.65768 ], [ 76.29465, 11.65675 ], [ 76.30479, 11.64821 ], [ 76.30877, 11.64843 ], [ 76.30793, 11.65662 ], [ 76.30058, 11.6564 ], [ 76.29906, 11.66424 ], [ 76.30487, 11.6711 ], [ 76.30839, 11.66929 ], [ 76.31139, 11.65554 ], [ 76.31714, 11.64705 ], [ 76.32527, 11.64421 ], [ 76.32854, 11.65075 ], [ 76.3373, 11.65608 ], [ 76.33763, 11.67323 ], [ 76.31647, 11.67026 ], [ 76.29352, 11.67339 ], [ 76.28697, 11.68798 ], [ 76.28664, 11.69648 ], [ 76.2904, 11.7041 ], [ 76.28186, 11.70151 ], [ 76.28098, 11.71022 ], [ 76.27889, 11.70455 ], [ 76.2693, 11.70924 ], [ 76.26857, 11.70373 ], [ 76.26342, 11.70687 ], [ 76.25745, 11.6914 ], [ 76.25353, 11.68831 ], [ 76.25454, 11.67567 ], [ 76.26273, 11.66909 ], [ 76.24262, 11.6714 ], [ 76.23434, 11.67661 ], [ 76.23369, 11.68048 ], [ 76.22312, 11.67849 ], [ 76.22435, 11.68622 ], [ 76.23221, 11.69263 ], [ 76.22189, 11.70263 ], [ 76.22188, 11.70704 ], [ 76.23408, 11.71231 ], [ 76.23404, 11.71686 ], [ 76.23224, 11.7301 ], [ 76.2198, 11.74023 ], [ 76.22857, 11.75766 ], [ 76.22012, 11.79714 ], [ 76.21643, 11.80289 ], [ 76.21695, 11.81292 ], [ 76.22935, 11.80531 ], [ 76.2442, 11.80316 ] ] ], [ [ [ 76.90016, 9.04994 ], [ 76.89256, 9.05125 ], [ 76.88362, 9.06269 ], [ 76.87805, 9.06139 ], [ 76.87867, 9.06522 ], [ 76.87471, 9.0647 ], [ 76.86836, 9.0742 ], [ 76.86741, 9.08196 ], [ 76.87734, 9.08473 ], [ 76.87341, 9.08782 ], [ 76.87714, 9.09177 ], [ 76.88763, 9.09059 ], [ 76.89182, 9.09568 ], [ 76.90471, 9.09827 ], [ 76.90808, 9.10938 ], [ 76.92734, 9.11009 ], [ 76.92171, 9.12296 ], [ 76.92508, 9.11873 ], [ 76.94827, 9.11724 ], [ 76.96016, 9.12996 ], [ 76.9489, 9.13098 ], [ 76.94061, 9.13861 ], [ 76.9363, 9.13579 ], [ 76.9264, 9.13863 ], [ 76.93028, 9.17375 ], [ 76.91229, 9.19071 ], [ 76.88854, 9.20596 ], [ 76.88557, 9.20928 ], [ 76.8921, 9.21216 ], [ 76.88602, 9.2199 ], [ 76.88369, 9.21608 ], [ 76.87646, 9.22009 ], [ 76.87927, 9.22635 ], [ 76.87125, 9.22547 ], [ 76.86711, 9.23766 ], [ 76.86362, 9.23413 ], [ 76.86427, 9.23994 ], [ 76.86907, 9.23883 ], [ 76.8712, 9.23415 ], [ 76.87529, 9.23795 ], [ 76.87004, 9.23879 ], [ 76.86725, 9.24576 ], [ 76.87494, 9.24121 ], [ 76.88379, 9.24426 ], [ 76.89098, 9.24093 ], [ 76.88629, 9.25022 ], [ 76.88769, 9.25557 ], [ 76.90519, 9.26321 ], [ 76.88721, 9.26592 ], [ 76.88638, 9.27396 ], [ 76.87817, 9.27469 ], [ 76.87442, 9.27099 ], [ 76.86647, 9.28356 ], [ 76.86733, 9.30491 ], [ 76.85458, 9.31496 ], [ 76.84612, 9.31037 ], [ 76.83681, 9.29845 ], [ 76.82853, 9.30558 ], [ 76.81418, 9.30614 ], [ 76.80914, 9.31449 ], [ 76.80545, 9.31231 ], [ 76.80332, 9.32162 ], [ 76.80919, 9.32376 ], [ 76.81469, 9.33346 ], [ 76.82046, 9.33647 ], [ 76.81307, 9.34656 ], [ 76.80737, 9.34683 ], [ 76.79626, 9.35461 ], [ 76.79725, 9.36104 ], [ 76.78862, 9.36795 ], [ 76.79063, 9.37233 ], [ 76.79643, 9.37015 ], [ 76.79742, 9.37679 ], [ 76.79829, 9.37182 ], [ 76.80311, 9.36949 ], [ 76.81097, 9.36988 ], [ 76.8096, 9.37322 ], [ 76.81492, 9.37208 ], [ 76.82481, 9.35905 ], [ 76.83342, 9.35412 ], [ 76.83842, 9.37185 ], [ 76.86479, 9.38668 ], [ 76.89407, 9.40897 ], [ 76.88373, 9.40712 ], [ 76.87523, 9.41282 ], [ 76.86397, 9.40028 ], [ 76.85696, 9.39745 ], [ 76.85378, 9.40075 ], [ 76.8515, 9.42832 ], [ 76.85486, 9.45087 ], [ 76.85873, 9.45393 ], [ 76.88554, 9.44294 ], [ 76.90459, 9.43164 ], [ 76.91116, 9.42341 ], [ 76.92252, 9.42445 ], [ 76.92451, 9.41561 ], [ 76.93624, 9.42131 ], [ 76.94731, 9.41927 ], [ 76.9589, 9.42047 ], [ 76.96821, 9.4252 ], [ 76.97362, 9.42234 ], [ 76.97609, 9.42494 ], [ 76.98438, 9.42391 ], [ 76.98409, 9.42682 ], [ 76.97204, 9.42705 ], [ 76.97282, 9.43072 ], [ 76.96666, 9.43331 ], [ 76.9628, 9.4311 ], [ 76.96231, 9.42578 ], [ 76.95385, 9.43028 ], [ 76.95378, 9.43496 ], [ 76.94754, 9.43433 ], [ 76.9483, 9.43113 ], [ 76.9437, 9.42854 ], [ 76.94111, 9.43282 ], [ 76.9448, 9.43516 ], [ 76.93983, 9.44417 ], [ 76.95184, 9.45032 ], [ 76.96315, 9.46479 ], [ 76.98223, 9.46714 ], [ 76.98463, 9.47058 ], [ 76.98179, 9.48339 ], [ 76.98406, 9.48651 ], [ 76.97803, 9.49804 ], [ 76.97443, 9.50157 ], [ 76.96967, 9.50111 ], [ 76.96393, 9.50884 ], [ 76.95667, 9.50282 ], [ 76.95893, 9.50058 ], [ 76.95476, 9.49191 ], [ 76.95006, 9.49001 ], [ 76.9366, 9.50405 ], [ 76.92977, 9.50184 ], [ 76.92462, 9.50482 ], [ 76.90401, 9.52124 ], [ 76.90595, 9.52377 ], [ 76.90474, 9.52752 ], [ 76.90224, 9.52705 ], [ 76.90288, 9.53653 ], [ 76.88766, 9.53771 ], [ 76.89081, 9.54598 ], [ 76.88513, 9.56141 ], [ 76.88592, 9.57728 ], [ 76.88306, 9.58079 ], [ 76.87783, 9.58233 ], [ 76.86945, 9.57825 ], [ 76.85399, 9.59904 ], [ 76.84683, 9.59922 ], [ 76.83178, 9.62578 ], [ 76.82577, 9.62674 ], [ 76.82182, 9.62103 ], [ 76.81344, 9.62431 ], [ 76.80603, 9.62323 ], [ 76.79686, 9.63129 ], [ 76.79903, 9.63478 ], [ 76.79453, 9.63963 ], [ 76.79139, 9.6583 ], [ 76.79598, 9.67034 ], [ 76.79822, 9.66825 ], [ 76.8067, 9.67233 ], [ 76.81459, 9.67044 ], [ 76.82131, 9.67956 ], [ 76.83826, 9.67234 ], [ 76.85802, 9.67356 ], [ 76.87139, 9.66335 ], [ 76.87584, 9.66511 ], [ 76.871, 9.66792 ], [ 76.87587, 9.66953 ], [ 76.87509, 9.67244 ], [ 76.88137, 9.68022 ], [ 76.86987, 9.68474 ], [ 76.81959, 9.68623 ], [ 76.81549, 9.68968 ], [ 76.79684, 9.6845 ], [ 76.79975, 9.70161 ], [ 76.78992, 9.70484 ], [ 76.78701, 9.71046 ], [ 76.79776, 9.70886 ], [ 76.80936, 9.70044 ], [ 76.82478, 9.69832 ], [ 76.82607, 9.71627 ], [ 76.83349, 9.72217 ], [ 76.84537, 9.71645 ], [ 76.84855, 9.70885 ], [ 76.85783, 9.70752 ], [ 76.85948, 9.70285 ], [ 76.88125, 9.70091 ], [ 76.88452, 9.70679 ], [ 76.87784, 9.71431 ], [ 76.88061, 9.72109 ], [ 76.88526, 9.72016 ], [ 76.88978, 9.71597 ], [ 76.90204, 9.68877 ], [ 76.903, 9.6763 ], [ 76.92731, 9.6533 ], [ 76.91831, 9.64318 ], [ 76.93487, 9.62186 ], [ 76.93009, 9.61445 ], [ 76.92803, 9.61555 ], [ 76.92861, 9.60909 ], [ 76.94344, 9.59817 ], [ 76.94561, 9.59168 ], [ 76.96049, 9.58915 ], [ 76.97362, 9.58234 ], [ 76.97905, 9.58188 ], [ 76.9836, 9.58748 ], [ 76.97415, 9.59 ], [ 76.97074, 9.59653 ], [ 76.98198, 9.59219 ], [ 76.98512, 9.58762 ], [ 76.99635, 9.58612 ], [ 76.99928, 9.59099 ], [ 77.0051, 9.58932 ], [ 77.00591, 9.59241 ], [ 77.01297, 9.59244 ], [ 77.01114, 9.6015 ], [ 77.0252, 9.60469 ], [ 77.02425, 9.59679 ], [ 77.02007, 9.59612 ], [ 77.02508, 9.59345 ], [ 77.02571, 9.59705 ], [ 77.03838, 9.60236 ], [ 77.04306, 9.6157 ], [ 77.03723, 9.61838 ], [ 77.03814, 9.62168 ], [ 77.03158, 9.61553 ], [ 77.03229, 9.62059 ], [ 77.02836, 9.6238 ], [ 77.02062, 9.61608 ], [ 77.01596, 9.61806 ], [ 77.02471, 9.62763 ], [ 77.02175, 9.63186 ], [ 77.02565, 9.63494 ], [ 77.01949, 9.63689 ], [ 77.02467, 9.63818 ], [ 77.02947, 9.63503 ], [ 77.03077, 9.63829 ], [ 77.03494, 9.63716 ], [ 77.04126, 9.64183 ], [ 77.0244, 9.65285 ], [ 77.01518, 9.65507 ], [ 77.00547, 9.66404 ], [ 76.99773, 9.66175 ], [ 76.99808, 9.65674 ], [ 76.9829, 9.66025 ], [ 76.98511, 9.6628 ], [ 76.97654, 9.67562 ], [ 76.98119, 9.68499 ], [ 76.98316, 9.71877 ], [ 76.94822, 9.72242 ], [ 76.89585, 9.75308 ], [ 76.87631, 9.74178 ], [ 76.86352, 9.75789 ], [ 76.85743, 9.77351 ], [ 76.85007, 9.78036 ], [ 76.84296, 9.79471 ], [ 76.81654, 9.81455 ], [ 76.82236, 9.82386 ], [ 76.82302, 9.83123 ], [ 76.82924, 9.82538 ], [ 76.84704, 9.82179 ], [ 76.88158, 9.82057 ], [ 76.86789, 9.85045 ], [ 76.86015, 9.85767 ], [ 76.82346, 9.86784 ], [ 76.81107, 9.87689 ], [ 76.79352, 9.88351 ], [ 76.79628, 9.89259 ], [ 76.80941, 9.90804 ], [ 76.81331, 9.92524 ], [ 76.82599, 9.93883 ], [ 76.84813, 9.95341 ], [ 76.85988, 9.95465 ], [ 76.86496, 9.95918 ], [ 76.87122, 9.97803 ], [ 76.88255, 9.98499 ], [ 76.86767, 9.99805 ], [ 76.84968, 9.99965 ], [ 76.83062, 10.01231 ], [ 76.83785, 10.01171 ], [ 76.83681, 10.02215 ], [ 76.83963, 10.02448 ], [ 76.79636, 10.04184 ], [ 76.78545, 10.04989 ], [ 76.78029, 10.05957 ], [ 76.76713, 10.06077 ], [ 76.76332, 10.06644 ], [ 76.74679, 10.07587 ], [ 76.74073, 10.08468 ], [ 76.7259, 10.09225 ], [ 76.67656, 10.1389 ], [ 76.6697, 10.14262 ], [ 76.6587, 10.13803 ], [ 76.64181, 10.1606 ], [ 76.65233, 10.19056 ], [ 76.6769, 10.22448 ], [ 76.67961, 10.25107 ], [ 76.68765, 10.26666 ], [ 76.66921, 10.27165 ], [ 76.66192, 10.27997 ], [ 76.64586, 10.28027 ], [ 76.63943, 10.27402 ], [ 76.62129, 10.27351 ], [ 76.61876, 10.28032 ], [ 76.60333, 10.28023 ], [ 76.59004, 10.29244 ], [ 76.58985, 10.29893 ], [ 76.57742, 10.30248 ], [ 76.56612, 10.29316 ], [ 76.5734, 10.28453 ], [ 76.55416, 10.28287 ], [ 76.54569, 10.28944 ], [ 76.52331, 10.28441 ], [ 76.50699, 10.28909 ], [ 76.49791, 10.28777 ], [ 76.49068, 10.2943 ], [ 76.47243, 10.29175 ], [ 76.45726, 10.29686 ], [ 76.43687, 10.29435 ], [ 76.42781, 10.28953 ], [ 76.40292, 10.29787 ], [ 76.37619, 10.31753 ], [ 76.36815, 10.3031 ], [ 76.36469, 10.30267 ], [ 76.35461, 10.31234 ], [ 76.35632, 10.31539 ], [ 76.36944, 10.32738 ], [ 76.37949, 10.32671 ], [ 76.38059, 10.33422 ], [ 76.38925, 10.33642 ], [ 76.3913, 10.33983 ], [ 76.42288, 10.32634 ], [ 76.43353, 10.31777 ], [ 76.44319, 10.31792 ], [ 76.43825, 10.32798 ], [ 76.44708, 10.32514 ], [ 76.44981, 10.32972 ], [ 76.44882, 10.3371 ], [ 76.45569, 10.33636 ], [ 76.46137, 10.34088 ], [ 76.45349, 10.34083 ], [ 76.45327, 10.34503 ], [ 76.44619, 10.34287 ], [ 76.43338, 10.35141 ], [ 76.42335, 10.353 ], [ 76.41535, 10.36591 ], [ 76.42074, 10.37542 ], [ 76.43169, 10.37892 ], [ 76.4258, 10.38587 ], [ 76.41736, 10.39145 ], [ 76.41325, 10.3909 ], [ 76.40029, 10.40252 ], [ 76.3871, 10.39549 ], [ 76.37119, 10.40265 ], [ 76.36501, 10.40953 ], [ 76.36096, 10.40935 ], [ 76.36218, 10.41861 ], [ 76.35241, 10.4199 ], [ 76.35634, 10.42712 ], [ 76.35247, 10.42551 ], [ 76.3515, 10.43057 ], [ 76.3552, 10.43112 ], [ 76.34972, 10.43579 ], [ 76.34254, 10.4306 ], [ 76.34595, 10.43988 ], [ 76.34299, 10.44054 ], [ 76.34157, 10.43427 ], [ 76.33894, 10.43551 ], [ 76.3427, 10.44374 ], [ 76.34991, 10.44418 ], [ 76.35521, 10.45051 ], [ 76.35709, 10.44847 ], [ 76.36296, 10.45359 ], [ 76.37285, 10.45607 ], [ 76.37695, 10.46524 ], [ 76.38841, 10.46617 ], [ 76.39013, 10.46947 ], [ 76.40371, 10.47267 ], [ 76.42636, 10.46791 ], [ 76.43064, 10.46821 ], [ 76.43469, 10.47444 ], [ 76.44121, 10.47445 ], [ 76.44649, 10.47001 ], [ 76.45785, 10.48026 ], [ 76.46974, 10.47859 ], [ 76.47899, 10.4859 ], [ 76.474, 10.48709 ], [ 76.47166, 10.49652 ], [ 76.46687, 10.4987 ], [ 76.46748, 10.50259 ], [ 76.45923, 10.50796 ], [ 76.45062, 10.52171 ], [ 76.44128, 10.52272 ], [ 76.43961, 10.52999 ], [ 76.43308, 10.53335 ], [ 76.43163, 10.53775 ], [ 76.44228, 10.56127 ], [ 76.4477, 10.55841 ], [ 76.45783, 10.56261 ], [ 76.4643, 10.56013 ], [ 76.46821, 10.56218 ], [ 76.46451, 10.56504 ], [ 76.46491, 10.56975 ], [ 76.4718, 10.57482 ], [ 76.48093, 10.57138 ], [ 76.47943, 10.57653 ], [ 76.48581, 10.57461 ], [ 76.48478, 10.57877 ], [ 76.48795, 10.58319 ], [ 76.4956, 10.58726 ], [ 76.50935, 10.56771 ], [ 76.49631, 10.55715 ], [ 76.49032, 10.55686 ], [ 76.4841, 10.54246 ], [ 76.49287, 10.51309 ], [ 76.49928, 10.5048 ], [ 76.50213, 10.47819 ], [ 76.5061, 10.47346 ], [ 76.52531, 10.46703 ], [ 76.53627, 10.44833 ], [ 76.55597, 10.44467 ], [ 76.55865, 10.4341 ], [ 76.56704, 10.43717 ], [ 76.58231, 10.43655 ], [ 76.57794, 10.44344 ], [ 76.59365, 10.45828 ], [ 76.59898, 10.47277 ], [ 76.59215, 10.47838 ], [ 76.5879, 10.49346 ], [ 76.57117, 10.50409 ], [ 76.57618, 10.50224 ], [ 76.576, 10.5059 ], [ 76.58645, 10.50894 ], [ 76.59043, 10.51733 ], [ 76.59841, 10.51746 ], [ 76.60093, 10.5217 ], [ 76.60803, 10.52321 ], [ 76.604, 10.53199 ], [ 76.5987, 10.53113 ], [ 76.59448, 10.53651 ], [ 76.60582, 10.54932 ], [ 76.60611, 10.53872 ], [ 76.62028, 10.53855 ], [ 76.62722, 10.53123 ], [ 76.63161, 10.53796 ], [ 76.64375, 10.53682 ], [ 76.64018, 10.54116 ], [ 76.64217, 10.54643 ], [ 76.63376, 10.54372 ], [ 76.63288, 10.55268 ], [ 76.62809, 10.55189 ], [ 76.62618, 10.55486 ], [ 76.62802, 10.55943 ], [ 76.62513, 10.56201 ], [ 76.62875, 10.56228 ], [ 76.63031, 10.57281 ], [ 76.6357, 10.576 ], [ 76.63903, 10.56702 ], [ 76.65439, 10.55866 ], [ 76.66251, 10.54896 ], [ 76.67091, 10.54804 ], [ 76.67315, 10.55289 ], [ 76.6903, 10.55369 ], [ 76.70952, 10.54952 ], [ 76.72995, 10.55627 ], [ 76.73252, 10.55986 ], [ 76.72775, 10.56015 ], [ 76.72108, 10.56881 ], [ 76.72486, 10.57487 ], [ 76.72992, 10.57586 ], [ 76.73058, 10.58252 ], [ 76.72687, 10.58481 ], [ 76.72635, 10.59272 ], [ 76.73044, 10.59327 ], [ 76.732, 10.59724 ], [ 76.73191, 10.60121 ], [ 76.72747, 10.60432 ], [ 76.73085, 10.60956 ], [ 76.72503, 10.62537 ], [ 76.73229, 10.62864 ], [ 76.7294, 10.62992 ], [ 76.72965, 10.63516 ], [ 76.73802, 10.63649 ], [ 76.75019, 10.63234 ], [ 76.75761, 10.63445 ], [ 76.76989, 10.62876 ], [ 76.78875, 10.62965 ], [ 76.79683, 10.63881 ], [ 76.80968, 10.6378 ], [ 76.81435, 10.63492 ], [ 76.81497, 10.62963 ], [ 76.8101, 10.62418 ], [ 76.81833, 10.61115 ], [ 76.81692, 10.60372 ], [ 76.82601, 10.59613 ], [ 76.83233, 10.59928 ], [ 76.83827, 10.59667 ], [ 76.83754, 10.58186 ], [ 76.83357, 10.57436 ], [ 76.83922, 10.56475 ], [ 76.83567, 10.55784 ], [ 76.83519, 10.5454 ], [ 76.8431, 10.53728 ], [ 76.83104, 10.50003 ], [ 76.82833, 10.45017 ], [ 76.81638, 10.42352 ], [ 76.82317, 10.41701 ], [ 76.82464, 10.41012 ], [ 76.83043, 10.4113 ], [ 76.83358, 10.40777 ], [ 76.83403, 10.40334 ], [ 76.82366, 10.39506 ], [ 76.84389, 10.37753 ], [ 76.8488, 10.36765 ], [ 76.84516, 10.36293 ], [ 76.84601, 10.35731 ], [ 76.83631, 10.34602 ], [ 76.83768, 10.33628 ], [ 76.82871, 10.30787 ], [ 76.83031, 10.30363 ], [ 76.83807, 10.30173 ], [ 76.8446, 10.29528 ], [ 76.8422, 10.2909 ], [ 76.84872, 10.28528 ], [ 76.85222, 10.2851 ], [ 76.85129, 10.28999 ], [ 76.8551, 10.29285 ], [ 76.86239, 10.29203 ], [ 76.87314, 10.29848 ], [ 76.87342, 10.27634 ], [ 76.89144, 10.26306 ], [ 76.89741, 10.26244 ], [ 76.90546, 10.24792 ], [ 76.903, 10.2403 ], [ 76.90826, 10.24085 ], [ 76.91069, 10.23581 ], [ 76.92156, 10.23219 ], [ 76.93859, 10.23887 ], [ 76.94754, 10.23687 ], [ 76.95158, 10.23223 ], [ 76.95888, 10.23414 ], [ 76.98349, 10.22037 ], [ 76.99332, 10.23045 ], [ 76.99903, 10.23037 ], [ 77.001, 10.23516 ], [ 77.01113, 10.24009 ], [ 77.01443, 10.24579 ], [ 77.04063, 10.25266 ], [ 77.05108, 10.26211 ], [ 77.05268, 10.2725 ], [ 77.04288, 10.28377 ], [ 77.05645, 10.287 ], [ 77.06619, 10.2977 ], [ 77.07958, 10.30301 ], [ 77.09136, 10.31391 ], [ 77.09611, 10.30898 ], [ 77.10168, 10.3156 ], [ 77.12041, 10.31797 ], [ 77.12879, 10.32623 ], [ 77.15128, 10.33753 ], [ 77.17662, 10.35844 ], [ 77.19605, 10.35451 ], [ 77.20206, 10.35763 ], [ 77.20939, 10.35302 ], [ 77.23584, 10.35201 ], [ 77.23637, 10.33889 ], [ 77.22935, 10.33104 ], [ 77.22775, 10.31542 ], [ 77.26292, 10.26333 ], [ 77.25719, 10.25939 ], [ 77.25972, 10.23027 ], [ 77.26926, 10.23704 ], [ 77.28194, 10.23656 ], [ 77.28809, 10.23186 ], [ 77.29496, 10.2179 ], [ 77.2873, 10.20925 ], [ 77.28312, 10.20865 ], [ 77.28482, 10.20055 ], [ 77.27856, 10.19421 ], [ 77.2753, 10.18442 ], [ 77.2718, 10.14232 ], [ 77.27477, 10.13255 ], [ 77.26836, 10.12714 ], [ 77.26778, 10.12161 ], [ 77.25269, 10.12445 ], [ 77.24765, 10.1305 ], [ 77.23824, 10.13008 ], [ 77.23373, 10.12797 ], [ 77.23038, 10.1205 ], [ 77.21643, 10.11585 ], [ 77.20789, 10.1177 ], [ 77.20132, 10.10618 ], [ 77.20364, 10.08815 ], [ 77.21984, 10.07716 ], [ 77.2235, 10.06918 ], [ 77.23144, 10.06627 ], [ 77.2619, 10.02973 ], [ 77.26159, 10.0212 ], [ 77.25319, 10.01281 ], [ 77.26613, 10.00189 ], [ 77.26091, 9.99268 ], [ 77.26683, 9.99029 ], [ 77.2644, 9.98717 ], [ 77.27267, 9.97634 ], [ 77.27285, 9.96419 ], [ 77.26101, 9.95249 ], [ 77.24654, 9.9514 ], [ 77.2479, 9.94685 ], [ 77.23623, 9.93537 ], [ 77.23006, 9.91247 ], [ 77.21825, 9.90429 ], [ 77.22075, 9.88448 ], [ 77.21752, 9.88435 ], [ 77.21527, 9.87739 ], [ 77.21245, 9.87688 ], [ 77.22133, 9.86313 ], [ 77.23631, 9.8596 ], [ 77.23718, 9.85138 ], [ 77.22294, 9.84488 ], [ 77.22753, 9.83809 ], [ 77.22178, 9.82245 ], [ 77.23273, 9.82149 ], [ 77.23259, 9.81742 ], [ 77.24115, 9.81563 ], [ 77.24679, 9.808 ], [ 77.24667, 9.79789 ], [ 77.24016, 9.79692 ], [ 77.23601, 9.79006 ], [ 77.22266, 9.78779 ], [ 77.22499, 9.77556 ], [ 77.2324, 9.76857 ], [ 77.22747, 9.76421 ], [ 77.22023, 9.74504 ], [ 77.22391, 9.73037 ], [ 77.20347, 9.72194 ], [ 77.2061, 9.71757 ], [ 77.20195, 9.70389 ], [ 77.20672, 9.69466 ], [ 77.19411, 9.67056 ], [ 77.18703, 9.66665 ], [ 77.18751, 9.66144 ], [ 77.18006, 9.65703 ], [ 77.17927, 9.64485 ], [ 77.17405, 9.63731 ], [ 77.17626, 9.62948 ], [ 77.16911, 9.62397 ], [ 77.16586, 9.61286 ], [ 77.18868, 9.6061 ], [ 77.1982, 9.61436 ], [ 77.20896, 9.61344 ], [ 77.20984, 9.60497 ], [ 77.22218, 9.59771 ], [ 77.22249, 9.59278 ], [ 77.2343, 9.58155 ], [ 77.24277, 9.58522 ], [ 77.25307, 9.58297 ], [ 77.25833, 9.57649 ], [ 77.26971, 9.57277 ], [ 77.27201, 9.57645 ], [ 77.27693, 9.57575 ], [ 77.29034, 9.58477 ], [ 77.29007, 9.58869 ], [ 77.29456, 9.58924 ], [ 77.30381, 9.59874 ], [ 77.31782, 9.6025 ], [ 77.32241, 9.59829 ], [ 77.3299, 9.59899 ], [ 77.32453, 9.59334 ], [ 77.32536, 9.58003 ], [ 77.33949, 9.57331 ], [ 77.35459, 9.60407 ], [ 77.36113, 9.60226 ], [ 77.36581, 9.59974 ], [ 77.36614, 9.59596 ], [ 77.36085, 9.59784 ], [ 77.35748, 9.59443 ], [ 77.35497, 9.58668 ], [ 77.35989, 9.57738 ], [ 77.35026, 9.56708 ], [ 77.35291, 9.55958 ], [ 77.36126, 9.55794 ], [ 77.36508, 9.55273 ], [ 77.36556, 9.53509 ], [ 77.38518, 9.51923 ], [ 77.40051, 9.52736 ], [ 77.40331, 9.523 ], [ 77.40042, 9.51786 ], [ 77.40831, 9.51476 ], [ 77.4124, 9.50898 ], [ 77.39931, 9.49657 ], [ 77.39862, 9.48163 ], [ 77.40172, 9.4769 ], [ 77.39147, 9.46869 ], [ 77.39261, 9.45935 ], [ 77.3772, 9.45278 ], [ 77.366, 9.46008 ], [ 77.34941, 9.44118 ], [ 77.3446, 9.42442 ], [ 77.33649, 9.41336 ], [ 77.3436, 9.40084 ], [ 77.33977, 9.39375 ], [ 77.3414, 9.38981 ], [ 77.3366, 9.38732 ], [ 77.33455, 9.38122 ], [ 77.33732, 9.36498 ], [ 77.32603, 9.34655 ], [ 77.32529, 9.33711 ], [ 77.31562, 9.33486 ], [ 77.29997, 9.33665 ], [ 77.30099, 9.33012 ], [ 77.29703, 9.32951 ], [ 77.30252, 9.31953 ], [ 77.29954, 9.31091 ], [ 77.28849, 9.30165 ], [ 77.28299, 9.30133 ], [ 77.28853, 9.27417 ], [ 77.28175, 9.27232 ], [ 77.28256, 9.25609 ], [ 77.2774, 9.24713 ], [ 77.27877, 9.23941 ], [ 77.27411, 9.23582 ], [ 77.28171, 9.21657 ], [ 77.27038, 9.20503 ], [ 77.27034, 9.2006 ], [ 77.25611, 9.19922 ], [ 77.25144, 9.18875 ], [ 77.26516, 9.18126 ], [ 77.26681, 9.15246 ], [ 77.25272, 9.13919 ], [ 77.24728, 9.1246 ], [ 77.24215, 9.12505 ], [ 77.22844, 9.11688 ], [ 77.22638, 9.1081 ], [ 77.21877, 9.10143 ], [ 77.21241, 9.10048 ], [ 77.2057, 9.08499 ], [ 77.20887, 9.07403 ], [ 77.1969, 9.0568 ], [ 77.19528, 9.04933 ], [ 77.19746, 9.04697 ], [ 77.18759, 9.04314 ], [ 77.18232, 9.04742 ], [ 77.16747, 9.0453 ], [ 77.16039, 9.03584 ], [ 77.1611, 9.02944 ], [ 77.15387, 9.02243 ], [ 77.14656, 9.02182 ], [ 77.15073, 9.01489 ], [ 77.14935, 9.00958 ], [ 77.15685, 9.0075 ], [ 77.16167, 8.99504 ], [ 77.17357, 8.99123 ], [ 77.1782, 8.9691 ], [ 77.18555, 8.97018 ], [ 77.19629, 8.95458 ], [ 77.19389, 8.94332 ], [ 77.19714, 8.93542 ], [ 77.1928, 8.9262 ], [ 77.21184, 8.91795 ], [ 77.21824, 8.91869 ], [ 77.22123, 8.90395 ], [ 77.23855, 8.89774 ], [ 77.23766, 8.88567 ], [ 77.24499, 8.88007 ], [ 77.25621, 8.87873 ], [ 77.25864, 8.86518 ], [ 77.25557, 8.86112 ], [ 77.26152, 8.85651 ], [ 77.25848, 8.85033 ], [ 77.26276, 8.84199 ], [ 77.24714, 8.82372 ], [ 77.24708, 8.81484 ], [ 77.24252, 8.80979 ], [ 77.23198, 8.80773 ], [ 77.22971, 8.78459 ], [ 77.21307, 8.77862 ], [ 77.21795, 8.76824 ], [ 77.2093, 8.76535 ], [ 77.20496, 8.76913 ], [ 77.19733, 8.7689 ], [ 77.20014, 8.76267 ], [ 77.19833, 8.75343 ], [ 77.1902, 8.74328 ], [ 77.18267, 8.74278 ], [ 77.17163, 8.75058 ], [ 77.16977, 8.74743 ], [ 77.17001, 8.74179 ], [ 77.17911, 8.73058 ], [ 77.17678, 8.72605 ], [ 77.18079, 8.71832 ], [ 77.19503, 8.70776 ], [ 77.20672, 8.6842 ], [ 77.2007, 8.66908 ], [ 77.20833, 8.66366 ], [ 77.21427, 8.64914 ], [ 77.22483, 8.63908 ], [ 77.22885, 8.64027 ], [ 77.23465, 8.62685 ], [ 77.24408, 8.62182 ], [ 77.24524, 8.60344 ], [ 77.25517, 8.59739 ], [ 77.25864, 8.58922 ], [ 77.26643, 8.58514 ], [ 77.27504, 8.56565 ], [ 77.2743, 8.55964 ], [ 77.28385, 8.54673 ], [ 77.27465, 8.53763 ], [ 77.26171, 8.50615 ], [ 77.2513, 8.50542 ], [ 77.24424, 8.49756 ], [ 77.24012, 8.49705 ], [ 77.22966, 8.50898 ], [ 77.21431, 8.51281 ], [ 77.20238, 8.50119 ], [ 77.20413, 8.49645 ], [ 77.21188, 8.49207 ], [ 77.21407, 8.46972 ], [ 77.22742, 8.45848 ], [ 77.22837, 8.44817 ], [ 77.21303, 8.45298 ], [ 77.20385, 8.46382 ], [ 77.19996, 8.45999 ], [ 77.19389, 8.46141 ], [ 77.17463, 8.47706 ], [ 77.17409, 8.48006 ], [ 77.18059, 8.48572 ], [ 77.17894, 8.4926 ], [ 77.18402, 8.50568 ], [ 77.17144, 8.52221 ], [ 77.16121, 8.52184 ], [ 77.16172, 8.52595 ], [ 77.15828, 8.52632 ], [ 77.14786, 8.52251 ], [ 77.14783, 8.52588 ], [ 77.14363, 8.52644 ], [ 77.14615, 8.51932 ], [ 77.13759, 8.51905 ], [ 77.12473, 8.51006 ], [ 77.12284, 8.5113 ], [ 77.12602, 8.51408 ], [ 77.12185, 8.51625 ], [ 77.1262, 8.52407 ], [ 77.11715, 8.53763 ], [ 77.11477, 8.55181 ], [ 77.10324, 8.54453 ], [ 77.09684, 8.54443 ], [ 77.09182, 8.5502 ], [ 77.09314, 8.56996 ], [ 77.09726, 8.57978 ], [ 77.11111, 8.57714 ], [ 77.11528, 8.57926 ], [ 77.12065, 8.59051 ], [ 77.12671, 8.59328 ], [ 77.13613, 8.61404 ], [ 77.12212, 8.61688 ], [ 77.1194, 8.61241 ], [ 77.11219, 8.61273 ], [ 77.10672, 8.6197 ], [ 77.10445, 8.61753 ], [ 77.10735, 8.61544 ], [ 77.1067, 8.6109 ], [ 77.10349, 8.60611 ], [ 77.09508, 8.62698 ], [ 77.10269, 8.63887 ], [ 77.09373, 8.63756 ], [ 77.08304, 8.64136 ], [ 77.07502, 8.63887 ], [ 77.08619, 8.66234 ], [ 77.08392, 8.66734 ], [ 77.08594, 8.67134 ], [ 77.08174, 8.67944 ], [ 77.07495, 8.68463 ], [ 77.06419, 8.6842 ], [ 77.05622, 8.69318 ], [ 77.0421, 8.6894 ], [ 77.03943, 8.69269 ], [ 77.04331, 8.70416 ], [ 77.04196, 8.7158 ], [ 77.04853, 8.72378 ], [ 77.04573, 8.72721 ], [ 77.03517, 8.71914 ], [ 77.02949, 8.71994 ], [ 77.0199, 8.75362 ], [ 77.02329, 8.75566 ], [ 77.02477, 8.77664 ], [ 77.01156, 8.79553 ], [ 77.00869, 8.81183 ], [ 77.01527, 8.81773 ], [ 77.02092, 8.81657 ], [ 77.02011, 8.8284 ], [ 77.02906, 8.83445 ], [ 77.0323, 8.84222 ], [ 77.01222, 8.84058 ], [ 76.98694, 8.85004 ], [ 76.95901, 8.84575 ], [ 76.95862, 8.85077 ], [ 76.95291, 8.85567 ], [ 76.95555, 8.86208 ], [ 76.95192, 8.86724 ], [ 76.95557, 8.86938 ], [ 76.94929, 8.87563 ], [ 76.95072, 8.88234 ], [ 76.95658, 8.88397 ], [ 76.96325, 8.87609 ], [ 76.97535, 8.87383 ], [ 76.98758, 8.8966 ], [ 76.99681, 8.90495 ], [ 76.97933, 8.93877 ], [ 76.98284, 8.94471 ], [ 76.97954, 8.94923 ], [ 76.98843, 8.95271 ], [ 76.98364, 8.96585 ], [ 76.98948, 8.96702 ], [ 76.98788, 8.97774 ], [ 76.99262, 8.98588 ], [ 76.97065, 8.9995 ], [ 76.96405, 9.0132 ], [ 76.96621, 9.01929 ], [ 76.95803, 9.03004 ], [ 76.96369, 9.03406 ], [ 76.95565, 9.04312 ], [ 76.95158, 9.04086 ], [ 76.94837, 9.04405 ], [ 76.9371, 9.03579 ], [ 76.92901, 9.04506 ], [ 76.92513, 9.04063 ], [ 76.91986, 9.04167 ], [ 76.91572, 9.03544 ], [ 76.90686, 9.04011 ], [ 76.9016, 9.03866 ], [ 76.89703, 9.04512 ], [ 76.90016, 9.04994 ] ] ], [ [ [ 76.75441, 9.81763 ], [ 76.79762, 9.79646 ], [ 76.78507, 9.78023 ], [ 76.78596, 9.77316 ], [ 76.77287, 9.76055 ], [ 76.76867, 9.74359 ], [ 76.77249, 9.73986 ], [ 76.77205, 9.73253 ], [ 76.7683, 9.73084 ], [ 76.7555, 9.74231 ], [ 76.76169, 9.74393 ], [ 76.76232, 9.74784 ], [ 76.75072, 9.76956 ], [ 76.74532, 9.78709 ], [ 76.748, 9.79633 ], [ 76.74596, 9.80482 ], [ 76.75053, 9.80627 ], [ 76.74967, 9.81462 ], [ 76.75441, 9.81763 ] ] ] ] } },
{ "type": "Feature", "properties": { "gz_state": "MAHARASHTRA", "area_km2": 17117.457, "st": "MH", "notified_km2": 17340.0, "villages": 2488 }, "geometry": { "type": "MultiPolygon", "coordinates": [ [ [ [ 73.23242, 18.14843 ], [ 73.20537, 18.1241 ], [ 73.19115, 18.13457 ], [ 73.1856, 18.13184 ], [ 73.17939, 18.13497 ], [ 73.16746, 18.13436 ], [ 73.17298, 18.14358 ], [ 73.16951, 18.14773 ], [ 73.18727, 18.14926 ], [ 73.21779, 18.16022 ], [ 73.23242, 18.14843 ] ] ], [ [ [ 73.21122, 18.2429 ], [ 73.21617, 18.23389 ], [ 73.22398, 18.23433 ], [ 73.22201, 18.22542 ], [ 73.21533, 18.2179 ], [ 73.20835, 18.2231 ], [ 73.19357, 18.22601 ], [ 73.1853, 18.2332 ], [ 73.18813, 18.2495 ], [ 73.21122, 18.2429 ] ] ], [ [ [ 73.0398, 18.30186 ], [ 73.03664, 18.28439 ], [ 73.02919, 18.29475 ], [ 73.03137, 18.32036 ], [ 73.03726, 18.32833 ], [ 73.03006, 18.36755 ], [ 73.01929, 18.37649 ], [ 73.01394, 18.38744 ], [ 73.00561, 18.3928 ], [ 72.99789, 18.40448 ], [ 72.98923, 18.40579 ], [ 72.97939, 18.41489 ], [ 72.97288, 18.41297 ], [ 72.95948, 18.42944 ], [ 72.97521, 18.42721 ], [ 72.98557, 18.43835 ], [ 72.98974, 18.43619 ], [ 72.99066, 18.43156 ], [ 72.9952, 18.43153 ], [ 72.99685, 18.43471 ], [ 73.00397, 18.43343 ], [ 73.03011, 18.41408 ], [ 73.0354, 18.41581 ], [ 73.04775, 18.41022 ], [ 73.04664, 18.42245 ], [ 73.05166, 18.42317 ], [ 73.05063, 18.43399 ], [ 73.04727, 18.43587 ], [ 73.02456, 18.4311 ], [ 73.02386, 18.44756 ], [ 73.02025, 18.45571 ], [ 72.99704, 18.46164 ], [ 72.99395, 18.47261 ], [ 72.99196, 18.47125 ], [ 72.98851, 18.48198 ], [ 72.99466, 18.48588 ], [ 72.99958, 18.47773 ], [ 73.00469, 18.47965 ], [ 72.99857, 18.48945 ], [ 73.00593, 18.48903 ], [ 73.01311, 18.49724 ], [ 73.01008, 18.51742 ], [ 73.01866, 18.52124 ], [ 73.03822, 18.52239 ], [ 73.05611, 18.50887 ], [ 73.06164, 18.51105 ], [ 73.06877, 18.51642 ], [ 73.06647, 18.54621 ], [ 73.10451, 18.55513 ], [ 73.11001, 18.54472 ], [ 73.11459, 18.54339 ], [ 73.10981, 18.52292 ], [ 73.11711, 18.52339 ], [ 73.12299, 18.50966 ], [ 73.14028, 18.49027 ], [ 73.14152, 18.50089 ], [ 73.13593, 18.51778 ], [ 73.13967, 18.5302 ], [ 73.13018, 18.54333 ], [ 73.12923, 18.55045 ], [ 73.12581, 18.54992 ], [ 73.12334, 18.55523 ], [ 73.13372, 18.56232 ], [ 73.13196, 18.56675 ], [ 73.11917, 18.56558 ], [ 73.11127, 18.57487 ], [ 73.11745, 18.57847 ], [ 73.11881, 18.59158 ], [ 73.12264, 18.59323 ], [ 73.14037, 18.59034 ], [ 73.15734, 18.60375 ], [ 73.16629, 18.59903 ], [ 73.17172, 18.60008 ], [ 73.17421, 18.60705 ], [ 73.17747, 18.60779 ], [ 73.17273, 18.628 ], [ 73.17526, 18.64066 ], [ 73.17094, 18.65198 ], [ 73.18579, 18.65037 ], [ 73.18457, 18.66108 ], [ 73.19161, 18.669 ], [ 73.19507, 18.66647 ], [ 73.20315, 18.67277 ], [ 73.20582, 18.68621 ], [ 73.21262, 18.6827 ], [ 73.21482, 18.68792 ], [ 73.2282, 18.69274 ], [ 73.23043, 18.68365 ], [ 73.22529, 18.66974 ], [ 73.22773, 18.6608 ], [ 73.23294, 18.6576 ], [ 73.23863, 18.6602 ], [ 73.25395, 18.65531 ], [ 73.26011, 18.64736 ], [ 73.26637, 18.63015 ], [ 73.26251, 18.62082 ], [ 73.25766, 18.62 ], [ 73.25845, 18.61503 ], [ 73.25201, 18.60131 ], [ 73.24146, 18.60219 ], [ 73.24166, 18.59515 ], [ 73.2194, 18.59333 ], [ 73.2131, 18.58887 ], [ 73.23758, 18.57951 ], [ 73.2314, 18.57302 ], [ 73.23218, 18.56922 ], [ 73.23758, 18.57512 ], [ 73.24021, 18.57027 ], [ 73.26602, 18.56012 ], [ 73.26774, 18.56271 ], [ 73.26401, 18.56397 ], [ 73.26197, 18.57413 ], [ 73.25092, 18.58494 ], [ 73.26508, 18.59791 ], [ 73.27019, 18.60721 ], [ 73.27448, 18.60782 ], [ 73.27811, 18.58457 ], [ 73.28382, 18.58006 ], [ 73.2815, 18.59058 ], [ 73.28951, 18.61322 ], [ 73.28608, 18.62508 ], [ 73.2896, 18.62965 ], [ 73.29507, 18.62938 ], [ 73.29806, 18.63541 ], [ 73.29431, 18.64142 ], [ 73.28646, 18.64179 ], [ 73.29288, 18.64656 ], [ 73.2922, 18.6508 ], [ 73.29939, 18.65904 ], [ 73.31553, 18.65552 ], [ 73.31791, 18.65874 ], [ 73.32246, 18.65805 ], [ 73.31684, 18.67368 ], [ 73.32007, 18.67488 ], [ 73.32473, 18.67113 ], [ 73.32672, 18.6872 ], [ 73.3301, 18.69409 ], [ 73.33178, 18.69455 ], [ 73.33356, 18.69414 ], [ 73.33513, 18.69447 ], [ 73.32955, 18.70126 ], [ 73.31919, 18.706 ], [ 73.30744, 18.69028 ], [ 73.29957, 18.68882 ], [ 73.3013, 18.70678 ], [ 73.3108, 18.732 ], [ 73.31091, 18.73958 ], [ 73.31528, 18.74128 ], [ 73.32071, 18.75044 ], [ 73.32687, 18.77755 ], [ 73.34261, 18.76687 ], [ 73.34666, 18.75789 ], [ 73.3509, 18.75763 ], [ 73.36231, 18.77089 ], [ 73.36736, 18.79244 ], [ 73.37359, 18.80395 ], [ 73.36907, 18.81303 ], [ 73.35572, 18.81076 ], [ 73.33235, 18.83072 ], [ 73.33657, 18.83654 ], [ 73.3464, 18.83266 ], [ 73.35833, 18.84082 ], [ 73.36035, 18.84889 ], [ 73.35761, 18.87334 ], [ 73.36223, 18.87319 ], [ 73.36822, 18.86261 ], [ 73.37248, 18.86074 ], [ 73.37777, 18.86543 ], [ 73.38483, 18.86318 ], [ 73.38521, 18.87743 ], [ 73.38939, 18.88849 ], [ 73.38172, 18.89568 ], [ 73.37381, 18.89152 ], [ 73.36243, 18.89319 ], [ 73.3553, 18.89064 ], [ 73.34557, 18.90517 ], [ 73.34906, 18.90871 ], [ 73.34639, 18.91204 ], [ 73.35813, 18.91147 ], [ 73.35873, 18.91526 ], [ 73.36437, 18.91776 ], [ 73.36832, 18.90961 ], [ 73.38457, 18.90519 ], [ 73.39619, 18.92083 ], [ 73.36635, 18.92869 ], [ 73.36999, 18.93341 ], [ 73.38126, 18.93435 ], [ 73.38398, 18.93042 ], [ 73.39713, 18.9268 ], [ 73.39688, 18.93608 ], [ 73.40139, 18.93584 ], [ 73.40848, 18.94136 ], [ 73.41143, 18.9478 ], [ 73.42151, 18.94692 ], [ 73.41915, 18.94297 ], [ 73.4231, 18.93795 ], [ 73.43678, 18.93914 ], [ 73.43869, 18.94288 ], [ 73.44171, 18.94104 ], [ 73.44719, 18.94661 ], [ 73.43558, 18.94813 ], [ 73.4227, 18.95473 ], [ 73.41933, 18.96259 ], [ 73.42632, 18.96331 ], [ 73.43753, 18.97653 ], [ 73.43732, 18.98741 ], [ 73.45066, 18.98504 ], [ 73.4521, 18.99135 ], [ 73.46374, 18.98898 ], [ 73.46897, 18.99305 ], [ 73.47685, 18.98599 ], [ 73.47956, 18.98901 ], [ 73.47635, 19.00412 ], [ 73.47854, 19.00629 ], [ 73.48977, 19.00916 ], [ 73.505, 19.00649 ], [ 73.50713, 19.01605 ], [ 73.5032, 19.01961 ], [ 73.50313, 19.02659 ], [ 73.5077, 19.03431 ], [ 73.50512, 19.04324 ], [ 73.5012, 19.04377 ], [ 73.49637, 19.03856 ], [ 73.49176, 19.01851 ], [ 73.48246, 19.01928 ], [ 73.47931, 19.01592 ], [ 73.47559, 19.0188 ], [ 73.46701, 19.01112 ], [ 73.46042, 19.01755 ], [ 73.45766, 19.01393 ], [ 73.44867, 19.01421 ], [ 73.44254, 19.03564 ], [ 73.43032, 19.03701 ], [ 73.42548, 19.04599 ], [ 73.4229, 19.03985 ], [ 73.40985, 19.02844 ], [ 73.40367, 19.02904 ], [ 73.402, 19.03484 ], [ 73.39874, 19.02643 ], [ 73.39016, 19.02027 ], [ 73.3842, 19.02742 ], [ 73.38614, 19.03832 ], [ 73.38193, 19.04979 ], [ 73.3627, 19.04614 ], [ 73.35845, 19.04938 ], [ 73.35528, 19.07032 ], [ 73.37285, 19.07113 ], [ 73.37811, 19.07556 ], [ 73.38031, 19.07176 ], [ 73.39118, 19.08507 ], [ 73.40445, 19.08129 ], [ 73.40758, 19.09473 ], [ 73.43017, 19.12121 ], [ 73.43063, 19.12638 ], [ 73.42582, 19.12956 ], [ 73.41363, 19.12988 ], [ 73.40455, 19.13469 ], [ 73.39553, 19.1316 ], [ 73.38875, 19.13302 ], [ 73.39007, 19.13853 ], [ 73.38207, 19.16055 ], [ 73.37619, 19.16578 ], [ 73.38664, 19.17767 ], [ 73.38737, 19.18537 ], [ 73.399, 19.18894 ], [ 73.40385, 19.17974 ], [ 73.41031, 19.18258 ], [ 73.41875, 19.18149 ], [ 73.42492, 19.18013 ], [ 73.42688, 19.17629 ], [ 73.43028, 19.17686 ], [ 73.43177, 19.18142 ], [ 73.43974, 19.18209 ], [ 73.44462, 19.1756 ], [ 73.44066, 19.17046 ], [ 73.44526, 19.16151 ], [ 73.45271, 19.15565 ], [ 73.46384, 19.16734 ], [ 73.47161, 19.16259 ], [ 73.4859, 19.17023 ], [ 73.48291, 19.17968 ], [ 73.50459, 19.18246 ], [ 73.51523, 19.17195 ], [ 73.52321, 19.18049 ], [ 73.50992, 19.20555 ], [ 73.51649, 19.21121 ], [ 73.5173, 19.21736 ], [ 73.51205, 19.22097 ], [ 73.50299, 19.22024 ], [ 73.49964, 19.21356 ], [ 73.48715, 19.21631 ], [ 73.48095, 19.21391 ], [ 73.47513, 19.22064 ], [ 73.48129, 19.23999 ], [ 73.49887, 19.2452 ], [ 73.50157, 19.23174 ], [ 73.52341, 19.23793 ], [ 73.5393, 19.23734 ], [ 73.54025, 19.24768 ], [ 73.55412, 19.24965 ], [ 73.55441, 19.2424 ], [ 73.56254, 19.24446 ], [ 73.56333, 19.23917 ], [ 73.57042, 19.23125 ], [ 73.5774, 19.23314 ], [ 73.58927, 19.23066 ], [ 73.5834, 19.23302 ], [ 73.57623, 19.24276 ], [ 73.57698, 19.24553 ], [ 73.59122, 19.24871 ], [ 73.5964, 19.22774 ], [ 73.60734, 19.2215 ], [ 73.61273, 19.21231 ], [ 73.61881, 19.22981 ], [ 73.6071, 19.24856 ], [ 73.60679, 19.25648 ], [ 73.6095, 19.26017 ], [ 73.61841, 19.25899 ], [ 73.62088, 19.26135 ], [ 73.62411, 19.27326 ], [ 73.61781, 19.27643 ], [ 73.61453, 19.28241 ], [ 73.61799, 19.28656 ], [ 73.61467, 19.29286 ], [ 73.62135, 19.29342 ], [ 73.6242, 19.2901 ], [ 73.64321, 19.29497 ], [ 73.62251, 19.31998 ], [ 73.63678, 19.32631 ], [ 73.6423, 19.33788 ], [ 73.64235, 19.35936 ], [ 73.65543, 19.36802 ], [ 73.66134, 19.37729 ], [ 73.64916, 19.37487 ], [ 73.63037, 19.38633 ], [ 73.64324, 19.39858 ], [ 73.64256, 19.4033 ], [ 73.63598, 19.40678 ], [ 73.63556, 19.41296 ], [ 73.64732, 19.42541 ], [ 73.63183, 19.43497 ], [ 73.62163, 19.43465 ], [ 73.61807, 19.44012 ], [ 73.62338, 19.45578 ], [ 73.62793, 19.45999 ], [ 73.62242, 19.47223 ], [ 73.62704, 19.47187 ], [ 73.64836, 19.48371 ], [ 73.65504, 19.49242 ], [ 73.65469, 19.5077 ], [ 73.65003, 19.49788 ], [ 73.62686, 19.48482 ], [ 73.61143, 19.46593 ], [ 73.60722, 19.47038 ], [ 73.59894, 19.47186 ], [ 73.59182, 19.46855 ], [ 73.58681, 19.47633 ], [ 73.56861, 19.46707 ], [ 73.55951, 19.48024 ], [ 73.54039, 19.48605 ], [ 73.53796, 19.49403 ], [ 73.53946, 19.51009 ], [ 73.51907, 19.51985 ], [ 73.51214, 19.49956 ], [ 73.52534, 19.48701 ], [ 73.53571, 19.44633 ], [ 73.54309, 19.44581 ], [ 73.56252, 19.45276 ], [ 73.57275, 19.45054 ], [ 73.57129, 19.44665 ], [ 73.56449, 19.44411 ], [ 73.56267, 19.41836 ], [ 73.54845, 19.41734 ], [ 73.54751, 19.42882 ], [ 73.52338, 19.42053 ], [ 73.5059, 19.42076 ], [ 73.5057, 19.41267 ], [ 73.50051, 19.40695 ], [ 73.48931, 19.39745 ], [ 73.48224, 19.39851 ], [ 73.47915, 19.38795 ], [ 73.46569, 19.3817 ], [ 73.4434, 19.40532 ], [ 73.43272, 19.40189 ], [ 73.42083, 19.40504 ], [ 73.41791, 19.39895 ], [ 73.41676, 19.41048 ], [ 73.4104, 19.41862 ], [ 73.43381, 19.43361 ], [ 73.46476, 19.43706 ], [ 73.46419, 19.44688 ], [ 73.47425, 19.44219 ], [ 73.47511, 19.43862 ], [ 73.49563, 19.44839 ], [ 73.50415, 19.44612 ], [ 73.51196, 19.45612 ], [ 73.50766, 19.46712 ], [ 73.51375, 19.48307 ], [ 73.50287, 19.49329 ], [ 73.50253, 19.48821 ], [ 73.47204, 19.47465 ], [ 73.46285, 19.47457 ], [ 73.44981, 19.49544 ], [ 73.44354, 19.49961 ], [ 73.43007, 19.49855 ], [ 73.42531, 19.50177 ], [ 73.41999, 19.49056 ], [ 73.4023, 19.48181 ], [ 73.39993, 19.46879 ], [ 73.38843, 19.46812 ], [ 73.36445, 19.49225 ], [ 73.35862, 19.48781 ], [ 73.34265, 19.4965 ], [ 73.33218, 19.48075 ], [ 73.31612, 19.48197 ], [ 73.3092, 19.47576 ], [ 73.30837, 19.4655 ], [ 73.31206, 19.45377 ], [ 73.31402, 19.45016 ], [ 73.32106, 19.44936 ], [ 73.31844, 19.43263 ], [ 73.32263, 19.43594 ], [ 73.32547, 19.43011 ], [ 73.33308, 19.43038 ], [ 73.33347, 19.427 ], [ 73.33566, 19.42912 ], [ 73.33423, 19.42227 ], [ 73.32739, 19.4199 ], [ 73.32853, 19.411 ], [ 73.32087, 19.41083 ], [ 73.31665, 19.42264 ], [ 73.30846, 19.43195 ], [ 73.29032, 19.43672 ], [ 73.28692, 19.40923 ], [ 73.28211, 19.40241 ], [ 73.27497, 19.40036 ], [ 73.26642, 19.42161 ], [ 73.26897, 19.43266 ], [ 73.25997, 19.42458 ], [ 73.25953, 19.42077 ], [ 73.25451, 19.41962 ], [ 73.24893, 19.42298 ], [ 73.24378, 19.43413 ], [ 73.23733, 19.43187 ], [ 73.23092, 19.44159 ], [ 73.22539, 19.44396 ], [ 73.23107, 19.46134 ], [ 73.20808, 19.47471 ], [ 73.2001, 19.48683 ], [ 73.18008, 19.49018 ], [ 73.17581, 19.50021 ], [ 73.17663, 19.50987 ], [ 73.17239, 19.52614 ], [ 73.17942, 19.53784 ], [ 73.18635, 19.54086 ], [ 73.19798, 19.55347 ], [ 73.20737, 19.55596 ], [ 73.21106, 19.56239 ], [ 73.20406, 19.56972 ], [ 73.1997, 19.56094 ], [ 73.18924, 19.56152 ], [ 73.18717, 19.56421 ], [ 73.19343, 19.57176 ], [ 73.19717, 19.58369 ], [ 73.19399, 19.59931 ], [ 73.20731, 19.60102 ], [ 73.21188, 19.61122 ], [ 73.21271, 19.62575 ], [ 73.21108, 19.6299 ], [ 73.20223, 19.62567 ], [ 73.19065, 19.60245 ], [ 73.1834, 19.60625 ], [ 73.1797, 19.59575 ], [ 73.18079, 19.58846 ], [ 73.17548, 19.58416 ], [ 73.17376, 19.57123 ], [ 73.15608, 19.5872 ], [ 73.14716, 19.58018 ], [ 73.14508, 19.5826 ], [ 73.14467, 19.59813 ], [ 73.15432, 19.5963 ], [ 73.17082, 19.60629 ], [ 73.16391, 19.61067 ], [ 73.15725, 19.62442 ], [ 73.15769, 19.63473 ], [ 73.16249, 19.63519 ], [ 73.16578, 19.63984 ], [ 73.18041, 19.6352 ], [ 73.1861, 19.65002 ], [ 73.19469, 19.65083 ], [ 73.2005, 19.64978 ], [ 73.20126, 19.6448 ], [ 73.2081, 19.64223 ], [ 73.21227, 19.64784 ], [ 73.21569, 19.64732 ], [ 73.22691, 19.63863 ], [ 73.22846, 19.64963 ], [ 73.23172, 19.64865 ], [ 73.23085, 19.6464 ], [ 73.23762, 19.64617 ], [ 73.24162, 19.65588 ], [ 73.23544, 19.66563 ], [ 73.23011, 19.6657 ], [ 73.22503, 19.67324 ], [ 73.2156, 19.67076 ], [ 73.2194, 19.66078 ], [ 73.20996, 19.65827 ], [ 73.20712, 19.66855 ], [ 73.20129, 19.67431 ], [ 73.20184, 19.68674 ], [ 73.19731, 19.68556 ], [ 73.19296, 19.7015 ], [ 73.18707, 19.69776 ], [ 73.17582, 19.69805 ], [ 73.16747, 19.69292 ], [ 73.16849, 19.69083 ], [ 73.16346, 19.6922 ], [ 73.16248, 19.68664 ], [ 73.17152, 19.67308 ], [ 73.16144, 19.66981 ], [ 73.15499, 19.67086 ], [ 73.15549, 19.67954 ], [ 73.14517, 19.68074 ], [ 73.14145, 19.69383 ], [ 73.14529, 19.69953 ], [ 73.1606, 19.69393 ], [ 73.16086, 19.72519 ], [ 73.15752, 19.72912 ], [ 73.16425, 19.73409 ], [ 73.16479, 19.74633 ], [ 73.1686, 19.74652 ], [ 73.17357, 19.75407 ], [ 73.19184, 19.7383 ], [ 73.18782, 19.72999 ], [ 73.17923, 19.72554 ], [ 73.17899, 19.71583 ], [ 73.19511, 19.70695 ], [ 73.21043, 19.72475 ], [ 73.21145, 19.73121 ], [ 73.22497, 19.72506 ], [ 73.23158, 19.71182 ], [ 73.24709, 19.72045 ], [ 73.2737, 19.72678 ], [ 73.2811, 19.71257 ], [ 73.29704, 19.72856 ], [ 73.28461, 19.73133 ], [ 73.27791, 19.745 ], [ 73.26912, 19.74523 ], [ 73.26354, 19.75794 ], [ 73.24905, 19.75632 ], [ 73.24341, 19.76188 ], [ 73.23628, 19.77848 ], [ 73.22698, 19.77524 ], [ 73.19562, 19.79335 ], [ 73.20178, 19.8103 ], [ 73.18869, 19.8266 ], [ 73.20535, 19.84657 ], [ 73.22571, 19.8378 ], [ 73.22535, 19.83158 ], [ 73.22908, 19.83289 ], [ 73.22665, 19.83779 ], [ 73.2315, 19.83967 ], [ 73.23117, 19.84718 ], [ 73.24742, 19.85042 ], [ 73.24698, 19.85783 ], [ 73.25252, 19.86682 ], [ 73.25772, 19.86456 ], [ 73.26167, 19.86724 ], [ 73.25644, 19.85955 ], [ 73.26799, 19.8587 ], [ 73.27518, 19.86937 ], [ 73.26962, 19.87842 ], [ 73.26574, 19.87968 ], [ 73.27138, 19.88983 ], [ 73.27694, 19.89272 ], [ 73.28116, 19.88629 ], [ 73.27829, 19.88006 ], [ 73.28162, 19.88572 ], [ 73.28594, 19.8841 ], [ 73.28345, 19.87894 ], [ 73.28629, 19.87771 ], [ 73.28184, 19.87095 ], [ 73.28423, 19.86897 ], [ 73.27983, 19.86914 ], [ 73.27793, 19.86316 ], [ 73.28591, 19.86259 ], [ 73.28462, 19.85363 ], [ 73.28815, 19.85323 ], [ 73.28605, 19.84446 ], [ 73.28983, 19.84602 ], [ 73.29158, 19.8423 ], [ 73.29868, 19.84249 ], [ 73.30053, 19.84655 ], [ 73.30245, 19.84523 ], [ 73.29978, 19.83722 ], [ 73.30251, 19.83117 ], [ 73.32049, 19.82465 ], [ 73.32447, 19.83682 ], [ 73.32842, 19.83355 ], [ 73.33174, 19.83529 ], [ 73.32989, 19.84649 ], [ 73.3253, 19.85104 ], [ 73.33351, 19.86811 ], [ 73.34007, 19.86947 ], [ 73.34087, 19.85153 ], [ 73.35076, 19.83604 ], [ 73.33175, 19.82057 ], [ 73.33312, 19.81716 ], [ 73.34024, 19.811 ], [ 73.34279, 19.80027 ], [ 73.35683, 19.77658 ], [ 73.38369, 19.78625 ], [ 73.392, 19.78062 ], [ 73.39361, 19.76476 ], [ 73.39983, 19.76073 ], [ 73.40659, 19.74534 ], [ 73.41897, 19.74379 ], [ 73.42393, 19.75633 ], [ 73.42457, 19.76234 ], [ 73.41966, 19.75924 ], [ 73.4213, 19.76322 ], [ 73.41438, 19.78428 ], [ 73.41895, 19.79521 ], [ 73.41003, 19.7989 ], [ 73.39484, 19.81237 ], [ 73.38057, 19.81784 ], [ 73.39141, 19.8261 ], [ 73.39344, 19.83836 ], [ 73.40294, 19.84298 ], [ 73.40608, 19.84852 ], [ 73.41718, 19.84667 ], [ 73.41596, 19.85048 ], [ 73.41828, 19.85164 ], [ 73.42247, 19.83182 ], [ 73.42944, 19.83351 ], [ 73.44187, 19.82734 ], [ 73.4424, 19.81498 ], [ 73.43929, 19.80723 ], [ 73.44381, 19.8048 ], [ 73.44361, 19.78107 ], [ 73.45189, 19.7859 ], [ 73.45145, 19.79594 ], [ 73.46706, 19.81692 ], [ 73.48574, 19.80228 ], [ 73.49144, 19.79251 ], [ 73.49654, 19.79777 ], [ 73.49803, 19.80701 ], [ 73.51894, 19.81586 ], [ 73.5239, 19.81303 ], [ 73.53268, 19.79442 ], [ 73.55525, 19.79146 ], [ 73.56278, 19.78518 ], [ 73.5623, 19.77122 ], [ 73.55694, 19.76203 ], [ 73.55842, 19.754 ], [ 73.55446, 19.75127 ], [ 73.57121, 19.74073 ], [ 73.57109, 19.72767 ], [ 73.56564, 19.71104 ], [ 73.56184, 19.71389 ], [ 73.54734, 19.71102 ], [ 73.54769, 19.72079 ], [ 73.54357, 19.72793 ], [ 73.53419, 19.73417 ], [ 73.51934, 19.71646 ], [ 73.5191, 19.70722 ], [ 73.51456, 19.69869 ], [ 73.50462, 19.69739 ], [ 73.49841, 19.69114 ], [ 73.48755, 19.68779 ], [ 73.48589, 19.68011 ], [ 73.48241, 19.68267 ], [ 73.4844, 19.6564 ], [ 73.4821, 19.64158 ], [ 73.47425, 19.64741 ], [ 73.46633, 19.63587 ], [ 73.45781, 19.6346 ], [ 73.46905, 19.60528 ], [ 73.48875, 19.6107 ], [ 73.4833, 19.61501 ], [ 73.49422, 19.61883 ], [ 73.50523, 19.6437 ], [ 73.51095, 19.64737 ], [ 73.51856, 19.67263 ], [ 73.52782, 19.67895 ], [ 73.53345, 19.67815 ], [ 73.54389, 19.66488 ], [ 73.54413, 19.6579 ], [ 73.55959, 19.64437 ], [ 73.56328, 19.61848 ], [ 73.56883, 19.61625 ], [ 73.57083, 19.61955 ], [ 73.57547, 19.6184 ], [ 73.58121, 19.61295 ], [ 73.58141, 19.60871 ], [ 73.57492, 19.60216 ], [ 73.58365, 19.60649 ], [ 73.58045, 19.62327 ], [ 73.59775, 19.62442 ], [ 73.60239, 19.62175 ], [ 73.60387, 19.61662 ], [ 73.60854, 19.61617 ], [ 73.61397, 19.61916 ], [ 73.62445, 19.63376 ], [ 73.63698, 19.63057 ], [ 73.64593, 19.61607 ], [ 73.64816, 19.60936 ], [ 73.64496, 19.58943 ], [ 73.66475, 19.58659 ], [ 73.66913, 19.58999 ], [ 73.66939, 19.58608 ], [ 73.67536, 19.58669 ], [ 73.68632, 19.59265 ], [ 73.69619, 19.59144 ], [ 73.70334, 19.59418 ], [ 73.70847, 19.60166 ], [ 73.70945, 19.61233 ], [ 73.71975, 19.61994 ], [ 73.73699, 19.61806 ], [ 73.74408, 19.62371 ], [ 73.74956, 19.62201 ], [ 73.75167, 19.62558 ], [ 73.7637, 19.6283 ], [ 73.76638, 19.63188 ], [ 73.7757, 19.6285 ], [ 73.77784, 19.63527 ], [ 73.77575, 19.64063 ], [ 73.79283, 19.64159 ], [ 73.77909, 19.6497 ], [ 73.77762, 19.6522 ], [ 73.78152, 19.65977 ], [ 73.79029, 19.66296 ], [ 73.78945, 19.66887 ], [ 73.79417, 19.67554 ], [ 73.80465, 19.67649 ], [ 73.80178, 19.674 ], [ 73.80312, 19.66937 ], [ 73.79963, 19.6596 ], [ 73.8027, 19.64687 ], [ 73.81676, 19.63796 ], [ 73.82924, 19.63889 ], [ 73.83007, 19.63035 ], [ 73.83605, 19.62506 ], [ 73.82828, 19.61935 ], [ 73.82532, 19.61058 ], [ 73.81808, 19.60718 ], [ 73.81428, 19.60839 ], [ 73.81079, 19.61561 ], [ 73.7917, 19.61788 ], [ 73.80029, 19.60441 ], [ 73.80831, 19.60076 ], [ 73.81223, 19.59263 ], [ 73.80628, 19.57622 ], [ 73.80895, 19.57333 ], [ 73.80883, 19.56877 ], [ 73.78917, 19.59062 ], [ 73.78874, 19.60692 ], [ 73.77849, 19.5985 ], [ 73.77952, 19.58367 ], [ 73.77157, 19.57674 ], [ 73.76801, 19.57684 ], [ 73.76891, 19.58216 ], [ 73.76491, 19.58175 ], [ 73.76656, 19.58657 ], [ 73.76329, 19.59017 ], [ 73.7463, 19.5967 ], [ 73.74441, 19.60014 ], [ 73.72718, 19.59667 ], [ 73.72432, 19.59151 ], [ 73.73863, 19.56679 ], [ 73.74622, 19.5636 ], [ 73.7551, 19.55333 ], [ 73.75703, 19.54779 ], [ 73.75501, 19.54624 ], [ 73.76119, 19.53949 ], [ 73.75779, 19.52988 ], [ 73.77849, 19.51388 ], [ 73.78081, 19.50104 ], [ 73.80096, 19.50358 ], [ 73.81003, 19.49087 ], [ 73.81376, 19.46927 ], [ 73.80914, 19.45965 ], [ 73.81505, 19.45653 ], [ 73.81883, 19.4597 ], [ 73.82359, 19.45111 ], [ 73.82669, 19.43922 ], [ 73.81968, 19.43495 ], [ 73.82654, 19.42289 ], [ 73.83243, 19.4196 ], [ 73.84303, 19.42452 ], [ 73.84364, 19.42782 ], [ 73.85504, 19.4288 ], [ 73.85261, 19.4225 ], [ 73.85453, 19.4175 ], [ 73.86933, 19.40111 ], [ 73.87181, 19.41641 ], [ 73.86945, 19.42854 ], [ 73.87725, 19.42957 ], [ 73.87667, 19.4333 ], [ 73.8851, 19.44094 ], [ 73.88792, 19.4483 ], [ 73.88461, 19.45503 ], [ 73.88096, 19.45103 ], [ 73.87751, 19.45215 ], [ 73.88108, 19.46182 ], [ 73.89433, 19.47424 ], [ 73.91311, 19.47116 ], [ 73.92471, 19.45977 ], [ 73.92895, 19.44825 ], [ 73.93962, 19.44545 ], [ 73.94829, 19.44767 ], [ 73.95501, 19.44213 ], [ 73.96256, 19.44455 ], [ 73.97046, 19.44189 ], [ 73.97429, 19.4444 ], [ 73.98309, 19.44298 ], [ 73.98859, 19.42842 ], [ 73.97771, 19.41928 ], [ 73.97499, 19.40393 ], [ 73.97211, 19.40423 ], [ 73.97198, 19.40121 ], [ 73.96047, 19.4055 ], [ 73.95707, 19.39313 ], [ 73.96288, 19.39496 ], [ 73.96848, 19.38573 ], [ 73.98901, 19.38453 ], [ 73.98666, 19.38144 ], [ 73.99962, 19.36056 ], [ 74.00173, 19.3414 ], [ 74.01027, 19.33708 ], [ 74.00712, 19.34112 ], [ 74.01148, 19.34516 ], [ 74.02004, 19.34475 ], [ 74.02035, 19.34912 ], [ 74.02595, 19.3497 ], [ 74.01901, 19.35543 ], [ 74.0106, 19.35676 ], [ 74.01554, 19.35755 ], [ 74.02518, 19.37776 ], [ 74.0248, 19.36791 ], [ 74.03993, 19.36097 ], [ 74.04921, 19.36032 ], [ 74.0603, 19.35239 ], [ 74.06039, 19.34953 ], [ 74.07144, 19.34382 ], [ 74.06941, 19.34011 ], [ 74.07578, 19.33759 ], [ 74.07971, 19.32616 ], [ 74.07583, 19.31587 ], [ 74.07208, 19.31442 ], [ 74.06602, 19.31329 ], [ 74.05647, 19.31906 ], [ 74.03905, 19.31438 ], [ 74.03473, 19.31743 ], [ 74.02465, 19.31512 ], [ 74.02419, 19.30947 ], [ 74.01967, 19.30971 ], [ 74.02509, 19.29893 ], [ 74.0224, 19.30024 ], [ 74.01878, 19.2956 ], [ 74.01212, 19.29953 ], [ 74.01158, 19.29525 ], [ 73.99906, 19.28848 ], [ 73.99387, 19.28899 ], [ 73.99073, 19.28417 ], [ 73.98756, 19.29131 ], [ 73.97591, 19.28668 ], [ 73.97489, 19.29058 ], [ 73.9669, 19.29381 ], [ 73.9605, 19.28494 ], [ 73.95509, 19.28506 ], [ 73.94783, 19.29156 ], [ 73.95193, 19.30146 ], [ 73.9519, 19.31281 ], [ 73.95615, 19.31944 ], [ 73.95034, 19.32473 ], [ 73.9402, 19.32218 ], [ 73.93807, 19.31732 ], [ 73.93035, 19.32645 ], [ 73.91746, 19.32764 ], [ 73.91743, 19.30738 ], [ 73.90977, 19.29196 ], [ 73.90393, 19.29346 ], [ 73.90268, 19.2911 ], [ 73.87371, 19.30275 ], [ 73.88646, 19.33126 ], [ 73.8833, 19.33375 ], [ 73.86973, 19.3374 ], [ 73.86362, 19.3261 ], [ 73.86269, 19.31083 ], [ 73.86039, 19.31019 ], [ 73.84938, 19.31465 ], [ 73.84975, 19.31932 ], [ 73.84567, 19.31911 ], [ 73.84669, 19.33634 ], [ 73.83715, 19.33961 ], [ 73.83158, 19.34667 ], [ 73.82632, 19.34297 ], [ 73.81809, 19.34713 ], [ 73.81768, 19.35134 ], [ 73.81096, 19.34975 ], [ 73.79146, 19.35337 ], [ 73.79474, 19.34274 ], [ 73.79202, 19.33364 ], [ 73.79623, 19.3229 ], [ 73.79163, 19.31095 ], [ 73.7959, 19.30355 ], [ 73.79269, 19.28859 ], [ 73.78446, 19.281 ], [ 73.77922, 19.27061 ], [ 73.76805, 19.27519 ], [ 73.75396, 19.29677 ], [ 73.75358, 19.28417 ], [ 73.7494, 19.27642 ], [ 73.72635, 19.27736 ], [ 73.7202, 19.2817 ], [ 73.71556, 19.2729 ], [ 73.72463, 19.26743 ], [ 73.71976, 19.25524 ], [ 73.72771, 19.25276 ], [ 73.73105, 19.24693 ], [ 73.72342, 19.22923 ], [ 73.73786, 19.22291 ], [ 73.73534, 19.20698 ], [ 73.72183, 19.21237 ], [ 73.71395, 19.22017 ], [ 73.71237, 19.21485 ], [ 73.70311, 19.21947 ], [ 73.69933, 19.21869 ], [ 73.69937, 19.20911 ], [ 73.69567, 19.2094 ], [ 73.69228, 19.20211 ], [ 73.69803, 19.19778 ], [ 73.70096, 19.20019 ], [ 73.70411, 19.19271 ], [ 73.70701, 19.19602 ], [ 73.71236, 19.19384 ], [ 73.72159, 19.19732 ], [ 73.72286, 19.18671 ], [ 73.72569, 19.18748 ], [ 73.72765, 19.17958 ], [ 73.73559, 19.17535 ], [ 73.73689, 19.16947 ], [ 73.73011, 19.16353 ], [ 73.72432, 19.16343 ], [ 73.72399, 19.1671 ], [ 73.71342, 19.15931 ], [ 73.71094, 19.14917 ], [ 73.71775, 19.13608 ], [ 73.71737, 19.12863 ], [ 73.72566, 19.12135 ], [ 73.73496, 19.12229 ], [ 73.74412, 19.12851 ], [ 73.75304, 19.14488 ], [ 73.76033, 19.14846 ], [ 73.77648, 19.14776 ], [ 73.78221, 19.14234 ], [ 73.78643, 19.1425 ], [ 73.7827, 19.13284 ], [ 73.7854, 19.12917 ], [ 73.78323, 19.12062 ], [ 73.78568, 19.11024 ], [ 73.78221, 19.10066 ], [ 73.7622, 19.1016 ], [ 73.75816, 19.09138 ], [ 73.76233, 19.08311 ], [ 73.7531, 19.07005 ], [ 73.75171, 19.05463 ], [ 73.74278, 19.0408 ], [ 73.7749, 19.02546 ], [ 73.78141, 19.0284 ], [ 73.78918, 19.02314 ], [ 73.80022, 19.02366 ], [ 73.8042, 19.0116 ], [ 73.81239, 19.00764 ], [ 73.82233, 18.99383 ], [ 73.81033, 18.98003 ], [ 73.80208, 18.97844 ], [ 73.78111, 18.99047 ], [ 73.79195, 18.99777 ], [ 73.79435, 19.00908 ], [ 73.78551, 19.01321 ], [ 73.78274, 19.00997 ], [ 73.77949, 19.01577 ], [ 73.77212, 19.01506 ], [ 73.77311, 18.99253 ], [ 73.77749, 18.99066 ], [ 73.77702, 18.98758 ], [ 73.77299, 18.98321 ], [ 73.76688, 18.98366 ], [ 73.76254, 18.97675 ], [ 73.7482, 18.97883 ], [ 73.74512, 18.98428 ], [ 73.73789, 18.98651 ], [ 73.7375, 18.99083 ], [ 73.72888, 18.99991 ], [ 73.71922, 19.00526 ], [ 73.71866, 19.01143 ], [ 73.71206, 19.01064 ], [ 73.71005, 19.01592 ], [ 73.6957, 19.01202 ], [ 73.69477, 19.01801 ], [ 73.68986, 19.01609 ], [ 73.68824, 19.02664 ], [ 73.69387, 19.03053 ], [ 73.69758, 19.05142 ], [ 73.68993, 19.05736 ], [ 73.67718, 19.03641 ], [ 73.65664, 19.03686 ], [ 73.64552, 19.04932 ], [ 73.63088, 19.03667 ], [ 73.62981, 19.02872 ], [ 73.61627, 19.02871 ], [ 73.60548, 19.0093 ], [ 73.59651, 19.01159 ], [ 73.59507, 19.00865 ], [ 73.58448, 19.01391 ], [ 73.58132, 19.01039 ], [ 73.57592, 19.01146 ], [ 73.57171, 19.00866 ], [ 73.56495, 19.0176 ], [ 73.55788, 19.01714 ], [ 73.55309, 19.00868 ], [ 73.55738, 19.00689 ], [ 73.56158, 18.9969 ], [ 73.58416, 18.99468 ], [ 73.5974, 18.98448 ], [ 73.60676, 18.97207 ], [ 73.59956, 18.94462 ], [ 73.60585, 18.94367 ], [ 73.60721, 18.93037 ], [ 73.61267, 18.92801 ], [ 73.61834, 18.9179 ], [ 73.62198, 18.91762 ], [ 73.62192, 18.91329 ], [ 73.62684, 18.91096 ], [ 73.61438, 18.90446 ], [ 73.61324, 18.8977 ], [ 73.60822, 18.89258 ], [ 73.61325, 18.88902 ], [ 73.61477, 18.88186 ], [ 73.63594, 18.87589 ], [ 73.64831, 18.88394 ], [ 73.64115, 18.87654 ], [ 73.64121, 18.87192 ], [ 73.64706, 18.86724 ], [ 73.64632, 18.86152 ], [ 73.65199, 18.85253 ], [ 73.66087, 18.8512 ], [ 73.66878, 18.85614 ], [ 73.66269, 18.84441 ], [ 73.67389, 18.82862 ], [ 73.67224, 18.82554 ], [ 73.64189, 18.81743 ], [ 73.63952, 18.81329 ], [ 73.62846, 18.81883 ], [ 73.61712, 18.81561 ], [ 73.61728, 18.82192 ], [ 73.61231, 18.82407 ], [ 73.61862, 18.83679 ], [ 73.62475, 18.84027 ], [ 73.63692, 18.84008 ], [ 73.63664, 18.84803 ], [ 73.62386, 18.84653 ], [ 73.61698, 18.8497 ], [ 73.6165, 18.84587 ], [ 73.61143, 18.84803 ], [ 73.60817, 18.86987 ], [ 73.59275, 18.86784 ], [ 73.58051, 18.85772 ], [ 73.57892, 18.85291 ], [ 73.56891, 18.85177 ], [ 73.57125, 18.85821 ], [ 73.56668, 18.86489 ], [ 73.56995, 18.86929 ], [ 73.56613, 18.87711 ], [ 73.55947, 18.87539 ], [ 73.54904, 18.87951 ], [ 73.54297, 18.88646 ], [ 73.54877, 18.89484 ], [ 73.54178, 18.89579 ], [ 73.52758, 18.90764 ], [ 73.52796, 18.9013 ], [ 73.52398, 18.89923 ], [ 73.5207, 18.90388 ], [ 73.51265, 18.89734 ], [ 73.51875, 18.8895 ], [ 73.51747, 18.87763 ], [ 73.5055, 18.87776 ], [ 73.49867, 18.87253 ], [ 73.50864, 18.86355 ], [ 73.52388, 18.8614 ], [ 73.52574, 18.85289 ], [ 73.53196, 18.84519 ], [ 73.54408, 18.84184 ], [ 73.55433, 18.83441 ], [ 73.55816, 18.83537 ], [ 73.57079, 18.83403 ], [ 73.57309, 18.83209 ], [ 73.56607, 18.83426 ], [ 73.56433, 18.82977 ], [ 73.57169, 18.82327 ], [ 73.57496, 18.81553 ], [ 73.56698, 18.81143 ], [ 73.54944, 18.81137 ], [ 73.55485, 18.81271 ], [ 73.55325, 18.82444 ], [ 73.53856, 18.81642 ], [ 73.53336, 18.8236 ], [ 73.52417, 18.82085 ], [ 73.52009, 18.83027 ], [ 73.51315, 18.81962 ], [ 73.49854, 18.82616 ], [ 73.49635, 18.83549 ], [ 73.4932, 18.83402 ], [ 73.49065, 18.83667 ], [ 73.47772, 18.82789 ], [ 73.48775, 18.82231 ], [ 73.49191, 18.81208 ], [ 73.49389, 18.79683 ], [ 73.49139, 18.7897 ], [ 73.47417, 18.78993 ], [ 73.47109, 18.78229 ], [ 73.47153, 18.76834 ], [ 73.46206, 18.77188 ], [ 73.44974, 18.76969 ], [ 73.46572, 18.76036 ], [ 73.46553, 18.75015 ], [ 73.47797, 18.75105 ], [ 73.48375, 18.73645 ], [ 73.48834, 18.74183 ], [ 73.48766, 18.75173 ], [ 73.50117, 18.75718 ], [ 73.50445, 18.76192 ], [ 73.51103, 18.73005 ], [ 73.51957, 18.72488 ], [ 73.51886, 18.71774 ], [ 73.51687, 18.72187 ], [ 73.50738, 18.72598 ], [ 73.49751, 18.71405 ], [ 73.49292, 18.71261 ], [ 73.48965, 18.71527 ], [ 73.48219, 18.70957 ], [ 73.48851, 18.69687 ], [ 73.49238, 18.69675 ], [ 73.49252, 18.69553 ], [ 73.4795, 18.69761 ], [ 73.47248, 18.67632 ], [ 73.48457, 18.67478 ], [ 73.48943, 18.66939 ], [ 73.49036, 18.6602 ], [ 73.48586, 18.65131 ], [ 73.4902, 18.64593 ], [ 73.48709, 18.63761 ], [ 73.49061, 18.63225 ], [ 73.48631, 18.6281 ], [ 73.49995, 18.62451 ], [ 73.5022, 18.64768 ], [ 73.5075, 18.64984 ], [ 73.50989, 18.64655 ], [ 73.51796, 18.65028 ], [ 73.51778, 18.65407 ], [ 73.52948, 18.66302 ], [ 73.53332, 18.66216 ], [ 73.54726, 18.64174 ], [ 73.56317, 18.65195 ], [ 73.588, 18.64789 ], [ 73.6044, 18.65073 ], [ 73.60839, 18.64371 ], [ 73.62708, 18.64075 ], [ 73.61387, 18.61639 ], [ 73.61438, 18.61358 ], [ 73.6241, 18.60982 ], [ 73.62621, 18.60312 ], [ 73.62218, 18.59523 ], [ 73.62537, 18.59229 ], [ 73.62584, 18.58403 ], [ 73.63414, 18.57873 ], [ 73.63342, 18.5692 ], [ 73.6362, 18.56762 ], [ 73.63777, 18.5713 ], [ 73.64163, 18.57068 ], [ 73.64885, 18.566 ], [ 73.63818, 18.55767 ], [ 73.60848, 18.56437 ], [ 73.5854, 18.58962 ], [ 73.59175, 18.5937 ], [ 73.60259, 18.59472 ], [ 73.60533, 18.61743 ], [ 73.57961, 18.62341 ], [ 73.56789, 18.62288 ], [ 73.56781, 18.61796 ], [ 73.5592, 18.60466 ], [ 73.54955, 18.60643 ], [ 73.53866, 18.59563 ], [ 73.54173, 18.57429 ], [ 73.56023, 18.57046 ], [ 73.55522, 18.55227 ], [ 73.54564, 18.54364 ], [ 73.54462, 18.5354 ], [ 73.55578, 18.53176 ], [ 73.5704, 18.54036 ], [ 73.56949, 18.51682 ], [ 73.56541, 18.51301 ], [ 73.57438, 18.50359 ], [ 73.57686, 18.49402 ], [ 73.56625, 18.47567 ], [ 73.57975, 18.47187 ], [ 73.57724, 18.46124 ], [ 73.5793, 18.44797 ], [ 73.58815, 18.44703 ], [ 73.59514, 18.42817 ], [ 73.57943, 18.42029 ], [ 73.5791, 18.39203 ], [ 73.60753, 18.3908 ], [ 73.60817, 18.37742 ], [ 73.61346, 18.37251 ], [ 73.62755, 18.36915 ], [ 73.6346, 18.33775 ], [ 73.62344, 18.33394 ], [ 73.61301, 18.33755 ], [ 73.61569, 18.3114 ], [ 73.6238, 18.3055 ], [ 73.62443, 18.2977 ], [ 73.63223, 18.29875 ], [ 73.63736, 18.30503 ], [ 73.64271, 18.30317 ], [ 73.64492, 18.29855 ], [ 73.66381, 18.30078 ], [ 73.66744, 18.29696 ], [ 73.66331, 18.28557 ], [ 73.64683, 18.27688 ], [ 73.65306, 18.27499 ], [ 73.65554, 18.27057 ], [ 73.64949, 18.2653 ], [ 73.65431, 18.2566 ], [ 73.65903, 18.25634 ], [ 73.67768, 18.27033 ], [ 73.68936, 18.27216 ], [ 73.70047, 18.26992 ], [ 73.69845, 18.26333 ], [ 73.70054, 18.25915 ], [ 73.71212, 18.26016 ], [ 73.72132, 18.25143 ], [ 73.73517, 18.26099 ], [ 73.74623, 18.26202 ], [ 73.74926, 18.25694 ], [ 73.73227, 18.25088 ], [ 73.72057, 18.24075 ], [ 73.69969, 18.23924 ], [ 73.69725, 18.2285 ], [ 73.69188, 18.23307 ], [ 73.68932, 18.2279 ], [ 73.68574, 18.23013 ], [ 73.68247, 18.22535 ], [ 73.67822, 18.23331 ], [ 73.67285, 18.23003 ], [ 73.67357, 18.22651 ], [ 73.66869, 18.22522 ], [ 73.67673, 18.21368 ], [ 73.68463, 18.20674 ], [ 73.69612, 18.20581 ], [ 73.70406, 18.19483 ], [ 73.70809, 18.20083 ], [ 73.71394, 18.20129 ], [ 73.71786, 18.20964 ], [ 73.74072, 18.21659 ], [ 73.74306, 18.21496 ], [ 73.74219, 18.21843 ], [ 73.74839, 18.22228 ], [ 73.75276, 18.20857 ], [ 73.75863, 18.20217 ], [ 73.75626, 18.19563 ], [ 73.7729, 18.19178 ], [ 73.76675, 18.18724 ], [ 73.7653, 18.17516 ], [ 73.76772, 18.17236 ], [ 73.75272, 18.17277 ], [ 73.73252, 18.15325 ], [ 73.73636, 18.14526 ], [ 73.74764, 18.13652 ], [ 73.74565, 18.11816 ], [ 73.749, 18.10876 ], [ 73.74585, 18.10589 ], [ 73.73945, 18.10772 ], [ 73.73682, 18.10237 ], [ 73.72262, 18.10303 ], [ 73.71719, 18.09832 ], [ 73.71811, 18.08886 ], [ 73.72442, 18.08028 ], [ 73.73274, 18.08432 ], [ 73.74405, 18.076 ], [ 73.74731, 18.06452 ], [ 73.7532, 18.05967 ], [ 73.74747, 18.05206 ], [ 73.76774, 18.04079 ], [ 73.76128, 18.03712 ], [ 73.75549, 18.03788 ], [ 73.75394, 18.02958 ], [ 73.76599, 18.02344 ], [ 73.77533, 18.02786 ], [ 73.7774, 18.02494 ], [ 73.76575, 18.01985 ], [ 73.76068, 18.02264 ], [ 73.76104, 18.01391 ], [ 73.75454, 18.00296 ], [ 73.7577, 18.00036 ], [ 73.75612, 17.99249 ], [ 73.75955, 17.98257 ], [ 73.76948, 17.99005 ], [ 73.77168, 17.99708 ], [ 73.78345, 17.99303 ], [ 73.78558, 17.98806 ], [ 73.79221, 17.98587 ], [ 73.78982, 17.9818 ], [ 73.80205, 17.97879 ], [ 73.79237, 17.96684 ], [ 73.75179, 17.94666 ], [ 73.71861, 17.95183 ], [ 73.70035, 17.96076 ], [ 73.6974, 17.95304 ], [ 73.68624, 17.95027 ], [ 73.69471, 17.94195 ], [ 73.70418, 17.94074 ], [ 73.71237, 17.94386 ], [ 73.71116, 17.93621 ], [ 73.71597, 17.93023 ], [ 73.72009, 17.92988 ], [ 73.72144, 17.93331 ], [ 73.73144, 17.93196 ], [ 73.73231, 17.91915 ], [ 73.7469, 17.91488 ], [ 73.74154, 17.90224 ], [ 73.73668, 17.90364 ], [ 73.73594, 17.89389 ], [ 73.7309, 17.88954 ], [ 73.71994, 17.89336 ], [ 73.7245, 17.89597 ], [ 73.72696, 17.89853 ], [ 73.72694, 17.89928 ], [ 73.72057, 17.89751 ], [ 73.70622, 17.90545 ], [ 73.69823, 17.90057 ], [ 73.71024, 17.89615 ], [ 73.71377, 17.88862 ], [ 73.72867, 17.87769 ], [ 73.72202, 17.86916 ], [ 73.72313, 17.86427 ], [ 73.71643, 17.85848 ], [ 73.72149, 17.85732 ], [ 73.73159, 17.8657 ], [ 73.75374, 17.8621 ], [ 73.75499, 17.84364 ], [ 73.7502, 17.8393 ], [ 73.76195, 17.84152 ], [ 73.78509, 17.83507 ], [ 73.78501, 17.83182 ], [ 73.77639, 17.82949 ], [ 73.77004, 17.82171 ], [ 73.78809, 17.81191 ], [ 73.80379, 17.81923 ], [ 73.80637, 17.81795 ], [ 73.81747, 17.83297 ], [ 73.81654, 17.8379 ], [ 73.80534, 17.83669 ], [ 73.80771, 17.84261 ], [ 73.79968, 17.8507 ], [ 73.80004, 17.85514 ], [ 73.80647, 17.85334 ], [ 73.81196, 17.85576 ], [ 73.80838, 17.85038 ], [ 73.81305, 17.84961 ], [ 73.81625, 17.85503 ], [ 73.81498, 17.86318 ], [ 73.82716, 17.86603 ], [ 73.82999, 17.85259 ], [ 73.82298, 17.83745 ], [ 73.82574, 17.82506 ], [ 73.81051, 17.80986 ], [ 73.8214, 17.79726 ], [ 73.82397, 17.79192 ], [ 73.82224, 17.78776 ], [ 73.83399, 17.77135 ], [ 73.84882, 17.77128 ], [ 73.85215, 17.76679 ], [ 73.87468, 17.75862 ], [ 73.88243, 17.78465 ], [ 73.888, 17.78747 ], [ 73.8828, 17.78961 ], [ 73.88383, 17.79186 ], [ 73.878, 17.79078 ], [ 73.88564, 17.79851 ], [ 73.88748, 17.82508 ], [ 73.90235, 17.82235 ], [ 73.89962, 17.81023 ], [ 73.91201, 17.80661 ], [ 73.91564, 17.79988 ], [ 73.91332, 17.79185 ], [ 73.92564, 17.79013 ], [ 73.92677, 17.78648 ], [ 73.9399, 17.79087 ], [ 73.93931, 17.76895 ], [ 73.92357, 17.76652 ], [ 73.91947, 17.76259 ], [ 73.9366, 17.7472 ], [ 73.9248, 17.74352 ], [ 73.92532, 17.73547 ], [ 73.91476, 17.7346 ], [ 73.90289, 17.73903 ], [ 73.89686, 17.73381 ], [ 73.89906, 17.73226 ], [ 73.89574, 17.72649 ], [ 73.89662, 17.71937 ], [ 73.88625, 17.72008 ], [ 73.883, 17.7103 ], [ 73.87617, 17.71194 ], [ 73.86424, 17.70674 ], [ 73.85651, 17.69828 ], [ 73.85527, 17.70064 ], [ 73.84339, 17.69463 ], [ 73.84273, 17.70131 ], [ 73.83461, 17.70924 ], [ 73.84696, 17.70955 ], [ 73.83211, 17.72362 ], [ 73.82273, 17.72259 ], [ 73.82282, 17.71908 ], [ 73.82602, 17.70238 ], [ 73.83692, 17.69337 ], [ 73.84238, 17.67718 ], [ 73.84829, 17.67705 ], [ 73.84962, 17.66924 ], [ 73.8662, 17.67458 ], [ 73.88536, 17.66816 ], [ 73.88138, 17.66496 ], [ 73.88446, 17.65857 ], [ 73.88085, 17.65591 ], [ 73.88574, 17.64998 ], [ 73.88396, 17.64497 ], [ 73.86065, 17.63523 ], [ 73.84923, 17.62053 ], [ 73.85327, 17.61622 ], [ 73.86112, 17.61526 ], [ 73.90507, 17.58173 ], [ 73.89997, 17.56777 ], [ 73.90168, 17.57543 ], [ 73.88918, 17.5743 ], [ 73.88438, 17.56688 ], [ 73.89119, 17.56495 ], [ 73.89071, 17.56151 ], [ 73.88262, 17.56262 ], [ 73.88116, 17.55704 ], [ 73.87037, 17.55748 ], [ 73.86689, 17.5535 ], [ 73.86782, 17.5497 ], [ 73.87367, 17.5474 ], [ 73.87431, 17.54133 ], [ 73.88805, 17.54209 ], [ 73.88871, 17.53562 ], [ 73.90526, 17.53292 ], [ 73.90834, 17.52792 ], [ 73.91665, 17.5269 ], [ 73.91092, 17.52026 ], [ 73.90539, 17.52362 ], [ 73.89565, 17.5177 ], [ 73.8933, 17.52408 ], [ 73.89135, 17.51935 ], [ 73.88157, 17.51838 ], [ 73.8796, 17.5137 ], [ 73.88982, 17.51383 ], [ 73.87778, 17.50189 ], [ 73.88788, 17.49261 ], [ 73.90709, 17.49654 ], [ 73.90709, 17.49266 ], [ 73.91327, 17.4916 ], [ 73.92739, 17.50396 ], [ 73.93646, 17.50417 ], [ 73.93595, 17.4996 ], [ 73.94299, 17.49893 ], [ 73.95002, 17.49257 ], [ 73.93506, 17.49378 ], [ 73.93387, 17.49698 ], [ 73.92173, 17.48173 ], [ 73.90785, 17.47767 ], [ 73.89701, 17.47899 ], [ 73.89907, 17.47268 ], [ 73.88532, 17.46887 ], [ 73.87292, 17.456 ], [ 73.86293, 17.46097 ], [ 73.85087, 17.46139 ], [ 73.84258, 17.48791 ], [ 73.83725, 17.49584 ], [ 73.83099, 17.49353 ], [ 73.8361, 17.47876 ], [ 73.83448, 17.45087 ], [ 73.83828, 17.44742 ], [ 73.83999, 17.45275 ], [ 73.84597, 17.45319 ], [ 73.84992, 17.45833 ], [ 73.85162, 17.45393 ], [ 73.86243, 17.45204 ], [ 73.86092, 17.44809 ], [ 73.86689, 17.45283 ], [ 73.87449, 17.45301 ], [ 73.88082, 17.44192 ], [ 73.88694, 17.43892 ], [ 73.89682, 17.45119 ], [ 73.91328, 17.45538 ], [ 73.91927, 17.4492 ], [ 73.91673, 17.44395 ], [ 73.92439, 17.44569 ], [ 73.92575, 17.44137 ], [ 73.91672, 17.43384 ], [ 73.91511, 17.4362 ], [ 73.88945, 17.42556 ], [ 73.88716, 17.42949 ], [ 73.87947, 17.43023 ], [ 73.88095, 17.42202 ], [ 73.87711, 17.41831 ], [ 73.85339, 17.4276 ], [ 73.84571, 17.42126 ], [ 73.84309, 17.41644 ], [ 73.85457, 17.40185 ], [ 73.85409, 17.39689 ], [ 73.86266, 17.39606 ], [ 73.86553, 17.4006 ], [ 73.86297, 17.40818 ], [ 73.866, 17.41326 ], [ 73.87168, 17.40837 ], [ 73.87362, 17.41117 ], [ 73.89212, 17.40281 ], [ 73.89475, 17.39814 ], [ 73.88985, 17.39425 ], [ 73.88109, 17.39815 ], [ 73.86315, 17.39613 ], [ 73.86713, 17.3928 ], [ 73.86763, 17.38682 ], [ 73.87373, 17.38676 ], [ 73.87146, 17.38297 ], [ 73.87407, 17.37983 ], [ 73.88312, 17.37684 ], [ 73.87991, 17.37438 ], [ 73.87334, 17.37752 ], [ 73.87238, 17.38186 ], [ 73.86946, 17.38214 ], [ 73.87129, 17.3854 ], [ 73.86336, 17.38475 ], [ 73.85844, 17.37926 ], [ 73.86403, 17.36847 ], [ 73.87268, 17.37245 ], [ 73.88355, 17.3719 ], [ 73.86587, 17.3673 ], [ 73.86317, 17.36806 ], [ 73.85945, 17.37232 ], [ 73.8567, 17.37819 ], [ 73.85216, 17.38074 ], [ 73.85125, 17.39112 ], [ 73.84016, 17.3851 ], [ 73.83513, 17.39283 ], [ 73.82309, 17.39189 ], [ 73.82213, 17.38078 ], [ 73.82554, 17.37475 ], [ 73.82078, 17.35501 ], [ 73.84114, 17.35034 ], [ 73.85111, 17.35215 ], [ 73.84882, 17.34611 ], [ 73.84704, 17.34909 ], [ 73.84511, 17.34375 ], [ 73.84221, 17.34376 ], [ 73.84479, 17.34134 ], [ 73.83139, 17.33648 ], [ 73.82911, 17.32991 ], [ 73.82142, 17.32731 ], [ 73.81907, 17.35138 ], [ 73.81017, 17.35286 ], [ 73.80315, 17.36846 ], [ 73.79743, 17.37393 ], [ 73.78519, 17.37374 ], [ 73.7872, 17.36143 ], [ 73.78327, 17.35068 ], [ 73.7929, 17.34749 ], [ 73.80529, 17.35139 ], [ 73.8132, 17.32303 ], [ 73.81091, 17.31886 ], [ 73.82393, 17.31334 ], [ 73.82958, 17.29845 ], [ 73.81405, 17.2983 ], [ 73.80676, 17.30395 ], [ 73.80283, 17.29883 ], [ 73.80494, 17.2943 ], [ 73.81879, 17.28907 ], [ 73.82584, 17.26911 ], [ 73.836, 17.27124 ], [ 73.85727, 17.28519 ], [ 73.8604, 17.28114 ], [ 73.86389, 17.27201 ], [ 73.85047, 17.26751 ], [ 73.84696, 17.26131 ], [ 73.83829, 17.25672 ], [ 73.84403, 17.2484 ], [ 73.86355, 17.25018 ], [ 73.87612, 17.24758 ], [ 73.89662, 17.25249 ], [ 73.90703, 17.23696 ], [ 73.89442, 17.23498 ], [ 73.88027, 17.24078 ], [ 73.87485, 17.22603 ], [ 73.86485, 17.22678 ], [ 73.86395, 17.22017 ], [ 73.86012, 17.21694 ], [ 73.8623, 17.19504 ], [ 73.85044, 17.19896 ], [ 73.84522, 17.18173 ], [ 73.84201, 17.17999 ], [ 73.83245, 17.18299 ], [ 73.82602, 17.16503 ], [ 73.8515, 17.14982 ], [ 73.87497, 17.1794 ], [ 73.87002, 17.19196 ], [ 73.87627, 17.19675 ], [ 73.89138, 17.1988 ], [ 73.91194, 17.21231 ], [ 73.91988, 17.20683 ], [ 73.91269, 17.19662 ], [ 73.90839, 17.17921 ], [ 73.9102, 17.17325 ], [ 73.91297, 17.17467 ], [ 73.91171, 17.1813 ], [ 73.91752, 17.18514 ], [ 73.91617, 17.18818 ], [ 73.91938, 17.18934 ], [ 73.92065, 17.19498 ], [ 73.92979, 17.18271 ], [ 73.92907, 17.1738 ], [ 73.91941, 17.16289 ], [ 73.91897, 17.14442 ], [ 73.90913, 17.13698 ], [ 73.90384, 17.12806 ], [ 73.88926, 17.12321 ], [ 73.87938, 17.10264 ], [ 73.84988, 17.10127 ], [ 73.83764, 17.09424 ], [ 73.84051, 17.08899 ], [ 73.86501, 17.0721 ], [ 73.87692, 17.0771 ], [ 73.88635, 17.07661 ], [ 73.89452, 17.08578 ], [ 73.90356, 17.08696 ], [ 73.90781, 17.07956 ], [ 73.91495, 17.07516 ], [ 73.91267, 17.07074 ], [ 73.91503, 17.06388 ], [ 73.9092, 17.0581 ], [ 73.91056, 17.0563 ], [ 73.91629, 17.05141 ], [ 73.93575, 17.05243 ], [ 73.93947, 17.03404 ], [ 73.94346, 17.03266 ], [ 73.94221, 17.0366 ], [ 73.94931, 17.03539 ], [ 73.95139, 17.03921 ], [ 73.95403, 17.02488 ], [ 73.94196, 17.01583 ], [ 73.94122, 17.00825 ], [ 73.9326, 17.00614 ], [ 73.93036, 17.00214 ], [ 73.91408, 17.00578 ], [ 73.91345, 16.99831 ], [ 73.9058, 16.99551 ], [ 73.90286, 16.99096 ], [ 73.89216, 16.99156 ], [ 73.88154, 16.98706 ], [ 73.88619, 16.98295 ], [ 73.86907, 16.97794 ], [ 73.86094, 16.9711 ], [ 73.85369, 16.97203 ], [ 73.85026, 16.98384 ], [ 73.84387, 16.98517 ], [ 73.83925, 16.98143 ], [ 73.83669, 16.98335 ], [ 73.83796, 16.98603 ], [ 73.83204, 16.99558 ], [ 73.83413, 17.00135 ], [ 73.82742, 17.01165 ], [ 73.8316, 17.02122 ], [ 73.83079, 17.0268 ], [ 73.82491, 17.03795 ], [ 73.79186, 17.02365 ], [ 73.77665, 17.02185 ], [ 73.77163, 17.02444 ], [ 73.76408, 17.02193 ], [ 73.76572, 17.01655 ], [ 73.77806, 17.00618 ], [ 73.77656, 16.99456 ], [ 73.78036, 16.99074 ], [ 73.79718, 16.99267 ], [ 73.80923, 16.98795 ], [ 73.82391, 16.98908 ], [ 73.82316, 16.9848 ], [ 73.81414, 16.97724 ], [ 73.81511, 16.96392 ], [ 73.82725, 16.96315 ], [ 73.84518, 16.9557 ], [ 73.8526, 16.95685 ], [ 73.8616, 16.94816 ], [ 73.86757, 16.95031 ], [ 73.87031, 16.93505 ], [ 73.87639, 16.92315 ], [ 73.86053, 16.91531 ], [ 73.86664, 16.90268 ], [ 73.85929, 16.89067 ], [ 73.85195, 16.88732 ], [ 73.85886, 16.87538 ], [ 73.86898, 16.88595 ], [ 73.89844, 16.88527 ], [ 73.90238, 16.8887 ], [ 73.91119, 16.88413 ], [ 73.91544, 16.88534 ], [ 73.91934, 16.87316 ], [ 73.92591, 16.86912 ], [ 73.94063, 16.87437 ], [ 73.94644, 16.87166 ], [ 73.94425, 16.86173 ], [ 73.93869, 16.85465 ], [ 73.93744, 16.83835 ], [ 73.94317, 16.83463 ], [ 73.96023, 16.7952 ], [ 73.94552, 16.79334 ], [ 73.93127, 16.80005 ], [ 73.92072, 16.80107 ], [ 73.91892, 16.80513 ], [ 73.8879, 16.78557 ], [ 73.88437, 16.77918 ], [ 73.8773, 16.78991 ], [ 73.85834, 16.7913 ], [ 73.86171, 16.77814 ], [ 73.8679, 16.77018 ], [ 73.86816, 16.76231 ], [ 73.88048, 16.76587 ], [ 73.89791, 16.76426 ], [ 73.90817, 16.77272 ], [ 73.91257, 16.76558 ], [ 73.92256, 16.76664 ], [ 73.92887, 16.76378 ], [ 73.94204, 16.76633 ], [ 73.94729, 16.7615 ], [ 73.95829, 16.7624 ], [ 73.96461, 16.75637 ], [ 73.96396, 16.75141 ], [ 73.96756, 16.7476 ], [ 73.97168, 16.74651 ], [ 73.97466, 16.74941 ], [ 73.9782, 16.7447 ], [ 73.98124, 16.7501 ], [ 73.98974, 16.74247 ], [ 73.99209, 16.74984 ], [ 73.99174, 16.74282 ], [ 74.00222, 16.74424 ], [ 74.01146, 16.73724 ], [ 74.01242, 16.73126 ], [ 74.0075, 16.72262 ], [ 74.00074, 16.72072 ], [ 73.99394, 16.70953 ], [ 73.98639, 16.70675 ], [ 73.97689, 16.71022 ], [ 73.96872, 16.70096 ], [ 73.95108, 16.68937 ], [ 73.96023, 16.68504 ], [ 73.96016, 16.68162 ], [ 73.9633, 16.68554 ], [ 73.97216, 16.68667 ], [ 73.97623, 16.67511 ], [ 73.94523, 16.64878 ], [ 73.93502, 16.64589 ], [ 73.9374, 16.63279 ], [ 73.95859, 16.64764 ], [ 73.96122, 16.65365 ], [ 73.95895, 16.65548 ], [ 73.96248, 16.6589 ], [ 73.96756, 16.65858 ], [ 73.97364, 16.66325 ], [ 73.97925, 16.65826 ], [ 73.97344, 16.64757 ], [ 73.97378, 16.6395 ], [ 73.97894, 16.63894 ], [ 73.98487, 16.6468 ], [ 73.98977, 16.64713 ], [ 73.99795, 16.63957 ], [ 74.01716, 16.63415 ], [ 74.01946, 16.63226 ], [ 74.0192, 16.6168 ], [ 74.02564, 16.6097 ], [ 74.02131, 16.60132 ], [ 74.01136, 16.59611 ], [ 73.98759, 16.60814 ], [ 73.98724, 16.61347 ], [ 73.99598, 16.61459 ], [ 73.99474, 16.62205 ], [ 74.00009, 16.62606 ], [ 73.98787, 16.63478 ], [ 73.98129, 16.62692 ], [ 73.97653, 16.63252 ], [ 73.96799, 16.61774 ], [ 73.95303, 16.61392 ], [ 73.94731, 16.6073 ], [ 73.94544, 16.60026 ], [ 73.95496, 16.59743 ], [ 73.97278, 16.59897 ], [ 73.97745, 16.58995 ], [ 73.97441, 16.58718 ], [ 73.96936, 16.58841 ], [ 73.96592, 16.58208 ], [ 73.95767, 16.57726 ], [ 73.96044, 16.56987 ], [ 73.96811, 16.56656 ], [ 73.97011, 16.55511 ], [ 73.97526, 16.54682 ], [ 73.96671, 16.53937 ], [ 73.96029, 16.5272 ], [ 73.95934, 16.50421 ], [ 73.95577, 16.49967 ], [ 73.95862, 16.49347 ], [ 73.95633, 16.48893 ], [ 73.95612, 16.45194 ], [ 73.95704, 16.44784 ], [ 73.96882, 16.4504 ], [ 73.97658, 16.44641 ], [ 73.98309, 16.45249 ], [ 73.99907, 16.45137 ], [ 74.007, 16.44806 ], [ 74.01065, 16.4411 ], [ 74.02062, 16.43342 ], [ 74.02538, 16.43294 ], [ 74.0289, 16.416 ], [ 74.02055, 16.41248 ], [ 74.01271, 16.38772 ], [ 74.02271, 16.38513 ], [ 74.02525, 16.38001 ], [ 74.02929, 16.38012 ], [ 74.03586, 16.37379 ], [ 74.0519, 16.3731 ], [ 74.05731, 16.3773 ], [ 74.05892, 16.37576 ], [ 74.06654, 16.36028 ], [ 74.06732, 16.33376 ], [ 74.05705, 16.31228 ], [ 74.06113, 16.31533 ], [ 74.08573, 16.31194 ], [ 74.09873, 16.30139 ], [ 74.09044, 16.28381 ], [ 74.08225, 16.27902 ], [ 74.07311, 16.27838 ], [ 74.06312, 16.27081 ], [ 74.07167, 16.25393 ], [ 74.06976, 16.24619 ], [ 74.06138, 16.24446 ], [ 74.05409, 16.23744 ], [ 74.06439, 16.22874 ], [ 74.05836, 16.22329 ], [ 74.05889, 16.21101 ], [ 74.05018, 16.21075 ], [ 74.04623, 16.20647 ], [ 74.03741, 16.20984 ], [ 74.02409, 16.22175 ], [ 74.0135, 16.21377 ], [ 74.00389, 16.21471 ], [ 73.99272, 16.21051 ], [ 73.98569, 16.20054 ], [ 73.99, 16.19734 ], [ 74.00478, 16.1982 ], [ 74.01087, 16.18826 ], [ 74.02095, 16.18934 ], [ 74.024, 16.17775 ], [ 74.02827, 16.17432 ], [ 74.0238, 16.16712 ], [ 74.03501, 16.16217 ], [ 74.03351, 16.15585 ], [ 74.03976, 16.15539 ], [ 74.04352, 16.15774 ], [ 74.03896, 16.16435 ], [ 74.04349, 16.16496 ], [ 74.04333, 16.16084 ], [ 74.04643, 16.16377 ], [ 74.05062, 16.16243 ], [ 74.05017, 16.16643 ], [ 74.05706, 16.16762 ], [ 74.05713, 16.17677 ], [ 74.07157, 16.17922 ], [ 74.07628, 16.17481 ], [ 74.09125, 16.1821 ], [ 74.08355, 16.19571 ], [ 74.08385, 16.20346 ], [ 74.0894, 16.20164 ], [ 74.10242, 16.20445 ], [ 74.10481, 16.21303 ], [ 74.11596, 16.21573 ], [ 74.11342, 16.22735 ], [ 74.11624, 16.23136 ], [ 74.12537, 16.22823 ], [ 74.145, 16.22839 ], [ 74.14722, 16.21447 ], [ 74.15864, 16.21908 ], [ 74.16141, 16.20279 ], [ 74.16849, 16.19777 ], [ 74.17009, 16.18459 ], [ 74.15737, 16.18011 ], [ 74.1385, 16.17966 ], [ 74.1392, 16.17559 ], [ 74.11389, 16.16485 ], [ 74.1036, 16.14461 ], [ 74.08228, 16.12687 ], [ 74.07759, 16.11946 ], [ 74.0899, 16.11105 ], [ 74.09366, 16.10454 ], [ 74.10062, 16.1036 ], [ 74.10542, 16.09735 ], [ 74.10765, 16.09816 ], [ 74.10797, 16.08751 ], [ 74.11813, 16.08243 ], [ 74.12087, 16.08467 ], [ 74.12065, 16.09408 ], [ 74.11462, 16.10472 ], [ 74.12358, 16.11445 ], [ 74.12052, 16.11949 ], [ 74.12292, 16.12771 ], [ 74.11224, 16.13671 ], [ 74.11486, 16.14513 ], [ 74.11969, 16.14879 ], [ 74.12656, 16.14738 ], [ 74.13103, 16.14496 ], [ 74.13049, 16.1372 ], [ 74.13269, 16.13662 ], [ 74.13966, 16.14264 ], [ 74.14581, 16.13441 ], [ 74.14391, 16.12194 ], [ 74.15592, 16.11813 ], [ 74.1637, 16.12457 ], [ 74.17265, 16.12586 ], [ 74.17454, 16.13065 ], [ 74.17997, 16.13073 ], [ 74.18201, 16.12742 ], [ 74.16763, 16.10893 ], [ 74.16612, 16.10128 ], [ 74.15202, 16.10048 ], [ 74.14955, 16.08938 ], [ 74.14134, 16.08443 ], [ 74.14579, 16.08382 ], [ 74.15735, 16.06953 ], [ 74.16764, 16.07085 ], [ 74.17002, 16.05758 ], [ 74.17549, 16.05722 ], [ 74.1804, 16.06623 ], [ 74.17922, 16.07436 ], [ 74.18548, 16.07997 ], [ 74.19596, 16.07857 ], [ 74.20546, 16.06324 ], [ 74.21847, 16.07266 ], [ 74.22921, 16.08567 ], [ 74.23203, 16.08159 ], [ 74.24239, 16.08031 ], [ 74.24785, 16.08499 ], [ 74.25058, 16.07459 ], [ 74.24587, 16.07048 ], [ 74.24018, 16.05152 ], [ 74.24334, 16.04143 ], [ 74.23345, 16.03851 ], [ 74.22549, 16.0424 ], [ 74.21815, 16.03087 ], [ 74.20475, 16.02234 ], [ 74.18304, 16.03063 ], [ 74.16911, 16.02829 ], [ 74.16767, 16.03097 ], [ 74.15774, 16.03194 ], [ 74.15511, 16.02809 ], [ 74.14759, 16.02769 ], [ 74.1353, 16.03239 ], [ 74.14106, 16.01214 ], [ 74.13777, 15.99812 ], [ 74.1403, 15.98983 ], [ 74.12, 16.00607 ], [ 74.10948, 16.01068 ], [ 74.103, 16.00896 ], [ 74.11942, 15.99264 ], [ 74.1211, 15.98266 ], [ 74.12868, 15.96897 ], [ 74.13655, 15.96743 ], [ 74.14375, 15.97003 ], [ 74.1515, 15.96146 ], [ 74.15553, 15.95251 ], [ 74.15135, 15.93922 ], [ 74.16384, 15.92781 ], [ 74.16806, 15.91816 ], [ 74.17364, 15.91913 ], [ 74.17745, 15.91474 ], [ 74.18037, 15.90234 ], [ 74.15687, 15.8832 ], [ 74.16563, 15.8805 ], [ 74.17676, 15.86484 ], [ 74.17752, 15.85213 ], [ 74.17197, 15.83419 ], [ 74.19014, 15.82752 ], [ 74.19424, 15.83319 ], [ 74.1874, 15.83758 ], [ 74.18921, 15.8399 ], [ 74.20585, 15.84376 ], [ 74.21896, 15.83945 ], [ 74.21406, 15.85211 ], [ 74.21658, 15.86473 ], [ 74.23404, 15.86888 ], [ 74.237, 15.86567 ], [ 74.24631, 15.86465 ], [ 74.25617, 15.85458 ], [ 74.26949, 15.86128 ], [ 74.2844, 15.86376 ], [ 74.29359, 15.83312 ], [ 74.32361, 15.84251 ], [ 74.3374, 15.83139 ], [ 74.34489, 15.81682 ], [ 74.34191, 15.80542 ], [ 74.33275, 15.79749 ], [ 74.31654, 15.79941 ], [ 74.32289, 15.7724 ], [ 74.31862, 15.75838 ], [ 74.30974, 15.75489 ], [ 74.3079, 15.74848 ], [ 74.28574, 15.74159 ], [ 74.26832, 15.75474 ], [ 74.2474, 15.7436 ], [ 74.23968, 15.74343 ], [ 74.2337, 15.7483 ], [ 74.2265, 15.76263 ], [ 74.22858, 15.7721 ], [ 74.23458, 15.77858 ], [ 74.23212, 15.78675 ], [ 74.23592, 15.79523 ], [ 74.23082, 15.80606 ], [ 74.22961, 15.81572 ], [ 74.23225, 15.82063 ], [ 74.22964, 15.83052 ], [ 74.22161, 15.82461 ], [ 74.21392, 15.82517 ], [ 74.21434, 15.82246 ], [ 74.20581, 15.82414 ], [ 74.20496, 15.81787 ], [ 74.21566, 15.78371 ], [ 74.21375, 15.78043 ], [ 74.19918, 15.78537 ], [ 74.17388, 15.77356 ], [ 74.15363, 15.78681 ], [ 74.15267, 15.79949 ], [ 74.15882, 15.82183 ], [ 74.14096, 15.82339 ], [ 74.14572, 15.83288 ], [ 74.10895, 15.82268 ], [ 74.10288, 15.84086 ], [ 74.08417, 15.8384 ], [ 74.07421, 15.83448 ], [ 74.06583, 15.82612 ], [ 74.0668, 15.81517 ], [ 74.04925, 15.80524 ], [ 74.03453, 15.8027 ], [ 74.03043, 15.81884 ], [ 74.03402, 15.83273 ], [ 74.02999, 15.83469 ], [ 74.02194, 15.82808 ], [ 74.00865, 15.83801 ], [ 74.0006, 15.84917 ], [ 73.99298, 15.84492 ], [ 73.99034, 15.84522 ], [ 73.99007, 15.85203 ], [ 73.9718, 15.85126 ], [ 73.96462, 15.85506 ], [ 73.95851, 15.86557 ], [ 73.95552, 15.84147 ], [ 73.94313, 15.83697 ], [ 73.93533, 15.83014 ], [ 73.9448, 15.8192 ], [ 73.94754, 15.8044 ], [ 73.93604, 15.8049 ], [ 73.93414, 15.80132 ], [ 73.93308, 15.80562 ], [ 73.91404, 15.80776 ], [ 73.90645, 15.80473 ], [ 73.90862, 15.78684 ], [ 73.90336, 15.77577 ], [ 73.90917, 15.76807 ], [ 73.90905, 15.76349 ], [ 73.8942, 15.76743 ], [ 73.88323, 15.76579 ], [ 73.87813, 15.77005 ], [ 73.88009, 15.77432 ], [ 73.86605, 15.78537 ], [ 73.8675, 15.79703 ], [ 73.85925, 15.79964 ], [ 73.86059, 15.80356 ], [ 73.8545, 15.8072 ], [ 73.85859, 15.81794 ], [ 73.84962, 15.82193 ], [ 73.85338, 15.82886 ], [ 73.88037, 15.83468 ], [ 73.89166, 15.8489 ], [ 73.90639, 15.84949 ], [ 73.91467, 15.85604 ], [ 73.90667, 15.86542 ], [ 73.8882, 15.87011 ], [ 73.89301, 15.88782 ], [ 73.88539, 15.89736 ], [ 73.89282, 15.902 ], [ 73.89344, 15.90851 ], [ 73.8763, 15.89739 ], [ 73.86582, 15.89914 ], [ 73.85755, 15.89395 ], [ 73.8516, 15.88142 ], [ 73.84431, 15.87888 ], [ 73.84016, 15.87108 ], [ 73.82246, 15.87256 ], [ 73.82127, 15.86071 ], [ 73.81744, 15.86098 ], [ 73.8099, 15.8659 ], [ 73.81219, 15.87354 ], [ 73.80981, 15.88388 ], [ 73.80698, 15.87942 ], [ 73.80483, 15.87803 ], [ 73.80742, 15.88234 ], [ 73.80008, 15.88012 ], [ 73.78726, 15.88527 ], [ 73.7863, 15.89586 ], [ 73.78161, 15.90048 ], [ 73.79582, 15.91277 ], [ 73.78814, 15.92279 ], [ 73.77859, 15.91848 ], [ 73.77182, 15.9194 ], [ 73.75145, 15.9281 ], [ 73.7586, 15.93664 ], [ 73.76911, 15.93421 ], [ 73.77055, 15.94184 ], [ 73.77614, 15.9429 ], [ 73.77335, 15.95327 ], [ 73.78359, 15.94996 ], [ 73.77983, 15.96022 ], [ 73.77282, 15.96238 ], [ 73.77293, 15.96679 ], [ 73.78469, 15.96671 ], [ 73.78102, 15.96884 ], [ 73.78339, 15.97236 ], [ 73.79888, 15.97927 ], [ 73.79441, 15.98449 ], [ 73.79678, 15.98773 ], [ 73.80402, 15.98195 ], [ 73.80499, 15.99361 ], [ 73.79803, 15.99626 ], [ 73.79395, 16.00735 ], [ 73.7966, 16.01133 ], [ 73.78429, 16.01897 ], [ 73.77625, 16.03745 ], [ 73.78688, 16.05218 ], [ 73.7836, 16.06395 ], [ 73.77525, 16.06456 ], [ 73.74927, 16.04717 ], [ 73.74709, 16.05464 ], [ 73.75074, 16.05645 ], [ 73.75896, 16.07329 ], [ 73.75807, 16.08777 ], [ 73.76215, 16.09453 ], [ 73.75198, 16.09615 ], [ 73.75653, 16.10224 ], [ 73.75196, 16.11077 ], [ 73.75423, 16.1165 ], [ 73.74655, 16.11942 ], [ 73.74235, 16.12917 ], [ 73.73766, 16.13188 ], [ 73.73592, 16.14295 ], [ 73.74138, 16.14792 ], [ 73.75582, 16.14448 ], [ 73.76478, 16.14846 ], [ 73.77173, 16.16749 ], [ 73.78038, 16.17943 ], [ 73.76418, 16.19065 ], [ 73.75251, 16.20439 ], [ 73.75731, 16.206 ], [ 73.75877, 16.20259 ], [ 73.76654, 16.20178 ], [ 73.77405, 16.20422 ], [ 73.76969, 16.20029 ], [ 73.78441, 16.19499 ], [ 73.78231, 16.18957 ], [ 73.78624, 16.18575 ], [ 73.78646, 16.18007 ], [ 73.79141, 16.17913 ], [ 73.82442, 16.19153 ], [ 73.81593, 16.19683 ], [ 73.81229, 16.20468 ], [ 73.81541, 16.20735 ], [ 73.80867, 16.21108 ], [ 73.80676, 16.21752 ], [ 73.80146, 16.2175 ], [ 73.81357, 16.23534 ], [ 73.80668, 16.25274 ], [ 73.80561, 16.26629 ], [ 73.80636, 16.26895 ], [ 73.81125, 16.26684 ], [ 73.81701, 16.27286 ], [ 73.82331, 16.27132 ], [ 73.83341, 16.27527 ], [ 73.83572, 16.28919 ], [ 73.83339, 16.29138 ], [ 73.82618, 16.28388 ], [ 73.81962, 16.28813 ], [ 73.8121, 16.2847 ], [ 73.8048, 16.2973 ], [ 73.80502, 16.30431 ], [ 73.80932, 16.31418 ], [ 73.81226, 16.3089 ], [ 73.8165, 16.31081 ], [ 73.81278, 16.312 ], [ 73.81545, 16.31676 ], [ 73.83749, 16.31518 ], [ 73.84815, 16.32426 ], [ 73.83746, 16.34257 ], [ 73.82717, 16.3458 ], [ 73.81406, 16.35749 ], [ 73.79694, 16.36027 ], [ 73.78783, 16.35767 ], [ 73.77392, 16.36232 ], [ 73.77255, 16.35521 ], [ 73.77564, 16.355 ], [ 73.77722, 16.34739 ], [ 73.77386, 16.33511 ], [ 73.7568, 16.33337 ], [ 73.74967, 16.33991 ], [ 73.75025, 16.34869 ], [ 73.7396, 16.34871 ], [ 73.73501, 16.35394 ], [ 73.73168, 16.35365 ], [ 73.73283, 16.36378 ], [ 73.73041, 16.36564 ], [ 73.73298, 16.37201 ], [ 73.74564, 16.37564 ], [ 73.75987, 16.37001 ], [ 73.77534, 16.37009 ], [ 73.79392, 16.38558 ], [ 73.79576, 16.4015 ], [ 73.78998, 16.41321 ], [ 73.78539, 16.41611 ], [ 73.79329, 16.42068 ], [ 73.79226, 16.431 ], [ 73.79544, 16.43772 ], [ 73.79497, 16.44368 ], [ 73.78275, 16.44691 ], [ 73.7826, 16.43441 ], [ 73.77967, 16.43598 ], [ 73.77108, 16.43035 ], [ 73.75625, 16.43613 ], [ 73.75557, 16.42508 ], [ 73.75171, 16.42288 ], [ 73.74365, 16.42924 ], [ 73.73404, 16.43019 ], [ 73.73632, 16.43593 ], [ 73.73285, 16.44748 ], [ 73.7296, 16.44838 ], [ 73.74492, 16.46209 ], [ 73.74018, 16.46984 ], [ 73.73749, 16.48747 ], [ 73.72823, 16.49484 ], [ 73.7308, 16.49647 ], [ 73.72958, 16.49943 ], [ 73.73696, 16.49762 ], [ 73.73795, 16.49476 ], [ 73.74207, 16.50272 ], [ 73.73498, 16.51098 ], [ 73.74134, 16.50626 ], [ 73.76466, 16.51847 ], [ 73.7707, 16.51816 ], [ 73.77393, 16.52232 ], [ 73.76485, 16.52648 ], [ 73.76088, 16.53438 ], [ 73.72647, 16.52143 ], [ 73.71826, 16.53705 ], [ 73.72485, 16.54137 ], [ 73.7305, 16.5371 ], [ 73.73801, 16.53856 ], [ 73.74264, 16.54718 ], [ 73.7524, 16.55299 ], [ 73.75337, 16.55798 ], [ 73.76025, 16.55425 ], [ 73.75913, 16.55784 ], [ 73.76452, 16.55966 ], [ 73.76447, 16.56847 ], [ 73.76756, 16.5708 ], [ 73.77328, 16.57395 ], [ 73.78422, 16.57077 ], [ 73.79962, 16.582 ], [ 73.80271, 16.58832 ], [ 73.79916, 16.5979 ], [ 73.80193, 16.60439 ], [ 73.79576, 16.60865 ], [ 73.78176, 16.60314 ], [ 73.76769, 16.60326 ], [ 73.76577, 16.61251 ], [ 73.76986, 16.62479 ], [ 73.76087, 16.62984 ], [ 73.74552, 16.62203 ], [ 73.72343, 16.62608 ], [ 73.72059, 16.63382 ], [ 73.72543, 16.63846 ], [ 73.72421, 16.65178 ], [ 73.72013, 16.65623 ], [ 73.70735, 16.64796 ], [ 73.70521, 16.64304 ], [ 73.69781, 16.64157 ], [ 73.69479, 16.64524 ], [ 73.68481, 16.646 ], [ 73.67925, 16.65729 ], [ 73.68601, 16.6628 ], [ 73.70079, 16.65943 ], [ 73.7179, 16.66167 ], [ 73.71769, 16.66382 ], [ 73.72108, 16.66001 ], [ 73.7207, 16.66372 ], [ 73.7257, 16.66883 ], [ 73.7361, 16.6742 ], [ 73.74878, 16.66978 ], [ 73.7512, 16.66028 ], [ 73.75829, 16.65554 ], [ 73.7693, 16.6584 ], [ 73.76834, 16.66161 ], [ 73.77223, 16.66535 ], [ 73.77653, 16.66271 ], [ 73.77935, 16.66438 ], [ 73.78328, 16.65942 ], [ 73.79081, 16.65966 ], [ 73.79515, 16.66953 ], [ 73.80149, 16.67002 ], [ 73.79955, 16.68183 ], [ 73.81435, 16.68117 ], [ 73.81171, 16.68875 ], [ 73.80465, 16.69569 ], [ 73.79903, 16.68447 ], [ 73.78193, 16.67945 ], [ 73.76617, 16.68491 ], [ 73.77009, 16.69727 ], [ 73.78392, 16.70504 ], [ 73.77684, 16.72136 ], [ 73.75686, 16.71502 ], [ 73.75572, 16.71132 ], [ 73.74799, 16.71758 ], [ 73.74754, 16.71471 ], [ 73.73542, 16.71172 ], [ 73.73427, 16.70812 ], [ 73.72724, 16.71012 ], [ 73.72233, 16.70547 ], [ 73.72202, 16.71001 ], [ 73.71723, 16.71391 ], [ 73.70822, 16.71334 ], [ 73.7019, 16.71767 ], [ 73.69383, 16.71643 ], [ 73.68806, 16.71912 ], [ 73.6842, 16.71789 ], [ 73.68263, 16.71301 ], [ 73.6789, 16.71309 ], [ 73.67755, 16.72106 ], [ 73.68106, 16.72549 ], [ 73.68141, 16.73363 ], [ 73.66728, 16.7593 ], [ 73.65966, 16.76394 ], [ 73.6617, 16.76733 ], [ 73.65886, 16.77025 ], [ 73.66416, 16.77429 ], [ 73.65743, 16.77073 ], [ 73.65533, 16.77452 ], [ 73.64876, 16.77508 ], [ 73.64272, 16.77088 ], [ 73.63983, 16.77511 ], [ 73.65493, 16.79911 ], [ 73.63828, 16.80161 ], [ 73.63232, 16.81461 ], [ 73.62985, 16.81362 ], [ 73.63136, 16.81902 ], [ 73.63706, 16.82214 ], [ 73.63233, 16.82407 ], [ 73.63513, 16.82924 ], [ 73.64083, 16.82854 ], [ 73.64041, 16.84327 ], [ 73.64777, 16.84232 ], [ 73.6486, 16.8474 ], [ 73.6521, 16.84536 ], [ 73.66425, 16.84761 ], [ 73.6705, 16.85194 ], [ 73.66296, 16.86487 ], [ 73.65909, 16.86456 ], [ 73.65336, 16.87388 ], [ 73.66386, 16.87575 ], [ 73.66216, 16.87951 ], [ 73.67446, 16.87621 ], [ 73.67654, 16.88229 ], [ 73.64783, 16.88682 ], [ 73.64415, 16.88973 ], [ 73.64213, 16.89439 ], [ 73.64288, 16.89673 ], [ 73.66382, 16.89827 ], [ 73.66892, 16.89511 ], [ 73.66917, 16.89985 ], [ 73.68435, 16.90893 ], [ 73.68456, 16.91706 ], [ 73.6805, 16.91767 ], [ 73.67616, 16.92573 ], [ 73.65806, 16.93171 ], [ 73.64998, 16.92564 ], [ 73.64323, 16.9275 ], [ 73.64151, 16.937 ], [ 73.65175, 16.94149 ], [ 73.64776, 16.94814 ], [ 73.6532, 16.95219 ], [ 73.66408, 16.94761 ], [ 73.67429, 16.95146 ], [ 73.67711, 16.95715 ], [ 73.68872, 16.95424 ], [ 73.7006, 16.95933 ], [ 73.70087, 16.96342 ], [ 73.69387, 16.97057 ], [ 73.69501, 16.9818 ], [ 73.70416, 16.9876 ], [ 73.71398, 16.98688 ], [ 73.71799, 16.99044 ], [ 73.73251, 16.99162 ], [ 73.73093, 16.99703 ], [ 73.73723, 17.00175 ], [ 73.74145, 17.01029 ], [ 73.72954, 17.01469 ], [ 73.71595, 17.00855 ], [ 73.70404, 17.0196 ], [ 73.70785, 17.03233 ], [ 73.70569, 17.03861 ], [ 73.70036, 17.04016 ], [ 73.70166, 17.04593 ], [ 73.69401, 17.04239 ], [ 73.68902, 17.04541 ], [ 73.7002, 17.06244 ], [ 73.69161, 17.07539 ], [ 73.68613, 17.07414 ], [ 73.6874, 17.07015 ], [ 73.68118, 17.0766 ], [ 73.67471, 17.0735 ], [ 73.68364, 17.03948 ], [ 73.67868, 17.04305 ], [ 73.67266, 17.04228 ], [ 73.65618, 17.05731 ], [ 73.64485, 17.05693 ], [ 73.64798, 17.06203 ], [ 73.65505, 17.06325 ], [ 73.67153, 17.07826 ], [ 73.66965, 17.08901 ], [ 73.6619, 17.10315 ], [ 73.65077, 17.09497 ], [ 73.64807, 17.08451 ], [ 73.61637, 17.07112 ], [ 73.60849, 17.08434 ], [ 73.61019, 17.08938 ], [ 73.60712, 17.08795 ], [ 73.60316, 17.09341 ], [ 73.60494, 17.09732 ], [ 73.61604, 17.1005 ], [ 73.62422, 17.11454 ], [ 73.62133, 17.12239 ], [ 73.61333, 17.12495 ], [ 73.61595, 17.12878 ], [ 73.61326, 17.13753 ], [ 73.62175, 17.14612 ], [ 73.62872, 17.14337 ], [ 73.63075, 17.14551 ], [ 73.62046, 17.15415 ], [ 73.6144, 17.15236 ], [ 73.61475, 17.15572 ], [ 73.60784, 17.16213 ], [ 73.62102, 17.17215 ], [ 73.61808, 17.18078 ], [ 73.61531, 17.18025 ], [ 73.61717, 17.1767 ], [ 73.61546, 17.17831 ], [ 73.61427, 17.18253 ], [ 73.60654, 17.18515 ], [ 73.6045, 17.18954 ], [ 73.59437, 17.18778 ], [ 73.58801, 17.19662 ], [ 73.59332, 17.19803 ], [ 73.59164, 17.20457 ], [ 73.59564, 17.20226 ], [ 73.59803, 17.20509 ], [ 73.60272, 17.19999 ], [ 73.61202, 17.20275 ], [ 73.61773, 17.19831 ], [ 73.63351, 17.20291 ], [ 73.64138, 17.19385 ], [ 73.64548, 17.19824 ], [ 73.64242, 17.21199 ], [ 73.63728, 17.20844 ], [ 73.63137, 17.21377 ], [ 73.62626, 17.20804 ], [ 73.61514, 17.20645 ], [ 73.61245, 17.20836 ], [ 73.61372, 17.21235 ], [ 73.60791, 17.21173 ], [ 73.60892, 17.21507 ], [ 73.60372, 17.22266 ], [ 73.58863, 17.21895 ], [ 73.58303, 17.2218 ], [ 73.56939, 17.21985 ], [ 73.55652, 17.21007 ], [ 73.5505, 17.20905 ], [ 73.54768, 17.20099 ], [ 73.51859, 17.21419 ], [ 73.51304, 17.21056 ], [ 73.50964, 17.2021 ], [ 73.52018, 17.19614 ], [ 73.53084, 17.17659 ], [ 73.52774, 17.17383 ], [ 73.53051, 17.17141 ], [ 73.51917, 17.16958 ], [ 73.51938, 17.17631 ], [ 73.51174, 17.18448 ], [ 73.50614, 17.18566 ], [ 73.50536, 17.17792 ], [ 73.49407, 17.16536 ], [ 73.4823, 17.17127 ], [ 73.48003, 17.17566 ], [ 73.46964, 17.17834 ], [ 73.46746, 17.19402 ], [ 73.45693, 17.19234 ], [ 73.45322, 17.19852 ], [ 73.47024, 17.20831 ], [ 73.47135, 17.21217 ], [ 73.47596, 17.21125 ], [ 73.48724, 17.2173 ], [ 73.49218, 17.22436 ], [ 73.50337, 17.23113 ], [ 73.50768, 17.22973 ], [ 73.51254, 17.23249 ], [ 73.50812, 17.24686 ], [ 73.49303, 17.2523 ], [ 73.49121, 17.26471 ], [ 73.47779, 17.2633 ], [ 73.47162, 17.26945 ], [ 73.46994, 17.27756 ], [ 73.47339, 17.2901 ], [ 73.47631, 17.28921 ], [ 73.482, 17.29622 ], [ 73.48615, 17.29449 ], [ 73.49378, 17.27924 ], [ 73.4958, 17.27121 ], [ 73.49218, 17.26507 ], [ 73.50202, 17.25801 ], [ 73.5057, 17.26803 ], [ 73.5112, 17.26631 ], [ 73.51582, 17.27393 ], [ 73.52531, 17.26829 ], [ 73.53283, 17.27513 ], [ 73.54063, 17.27276 ], [ 73.53599, 17.26845 ], [ 73.5373, 17.26673 ], [ 73.54512, 17.27057 ], [ 73.55512, 17.25586 ], [ 73.5545, 17.23999 ], [ 73.57257, 17.23829 ], [ 73.57724, 17.24391 ], [ 73.58484, 17.24233 ], [ 73.59158, 17.24569 ], [ 73.59085, 17.25756 ], [ 73.58395, 17.26717 ], [ 73.58459, 17.27348 ], [ 73.59047, 17.27899 ], [ 73.58839, 17.29052 ], [ 73.58221, 17.29166 ], [ 73.5709, 17.30043 ], [ 73.56821, 17.2855 ], [ 73.56275, 17.28125 ], [ 73.55549, 17.28456 ], [ 73.55653, 17.28912 ], [ 73.5445, 17.29495 ], [ 73.53944, 17.28771 ], [ 73.53257, 17.29738 ], [ 73.53716, 17.30299 ], [ 73.56447, 17.30252 ], [ 73.56483, 17.31643 ], [ 73.57009, 17.326 ], [ 73.58148, 17.32065 ], [ 73.58467, 17.31496 ], [ 73.59038, 17.31484 ], [ 73.60349, 17.32446 ], [ 73.60274, 17.33371 ], [ 73.61272, 17.33853 ], [ 73.61279, 17.34124 ], [ 73.60267, 17.3497 ], [ 73.61216, 17.36201 ], [ 73.60496, 17.36044 ], [ 73.60332, 17.36273 ], [ 73.59915, 17.37713 ], [ 73.60004, 17.3852 ], [ 73.59557, 17.39332 ], [ 73.59683, 17.39879 ], [ 73.59323, 17.40418 ], [ 73.58079, 17.4134 ], [ 73.57508, 17.41254 ], [ 73.57485, 17.40732 ], [ 73.56169, 17.39873 ], [ 73.55761, 17.39746 ], [ 73.55354, 17.40229 ], [ 73.55572, 17.40799 ], [ 73.55352, 17.42086 ], [ 73.56178, 17.43153 ], [ 73.5596, 17.43989 ], [ 73.54786, 17.44366 ], [ 73.53731, 17.43353 ], [ 73.53279, 17.42278 ], [ 73.52469, 17.42095 ], [ 73.51351, 17.43753 ], [ 73.51253, 17.44827 ], [ 73.51592, 17.4502 ], [ 73.50338, 17.45833 ], [ 73.49246, 17.44663 ], [ 73.49213, 17.43112 ], [ 73.47896, 17.4305 ], [ 73.47351, 17.42682 ], [ 73.46294, 17.42881 ], [ 73.46087, 17.43915 ], [ 73.45783, 17.44092 ], [ 73.4614, 17.44861 ], [ 73.45924, 17.45743 ], [ 73.46873, 17.46684 ], [ 73.48225, 17.46467 ], [ 73.49065, 17.45661 ], [ 73.50305, 17.45852 ], [ 73.50281, 17.46591 ], [ 73.51386, 17.47461 ], [ 73.52157, 17.47232 ], [ 73.52576, 17.4487 ], [ 73.5366, 17.45084 ], [ 73.53645, 17.46278 ], [ 73.53906, 17.46394 ], [ 73.54108, 17.45982 ], [ 73.54312, 17.46163 ], [ 73.54368, 17.46553 ], [ 73.54039, 17.46596 ], [ 73.55079, 17.47601 ], [ 73.55059, 17.48613 ], [ 73.5623, 17.49335 ], [ 73.56399, 17.49763 ], [ 73.56946, 17.47845 ], [ 73.56787, 17.46425 ], [ 73.57345, 17.45805 ], [ 73.57919, 17.4575 ], [ 73.58282, 17.44767 ], [ 73.58871, 17.44371 ], [ 73.59191, 17.46446 ], [ 73.58596, 17.47399 ], [ 73.60441, 17.47793 ], [ 73.60115, 17.48788 ], [ 73.59206, 17.49436 ], [ 73.59797, 17.49471 ], [ 73.60287, 17.49969 ], [ 73.60331, 17.50644 ], [ 73.61884, 17.51343 ], [ 73.60155, 17.51878 ], [ 73.59786, 17.52301 ], [ 73.60473, 17.5239 ], [ 73.61145, 17.53134 ], [ 73.61722, 17.52826 ], [ 73.62091, 17.53522 ], [ 73.62899, 17.53241 ], [ 73.63383, 17.53823 ], [ 73.643, 17.53618 ], [ 73.65165, 17.52903 ], [ 73.66577, 17.53173 ], [ 73.67341, 17.5379 ], [ 73.6692, 17.5488 ], [ 73.65304, 17.53806 ], [ 73.64714, 17.53968 ], [ 73.6507, 17.54692 ], [ 73.64696, 17.54897 ], [ 73.6499, 17.55499 ], [ 73.64669, 17.56212 ], [ 73.6513, 17.56507 ], [ 73.64971, 17.57151 ], [ 73.6563, 17.57515 ], [ 73.64131, 17.58171 ], [ 73.66113, 17.60867 ], [ 73.63186, 17.60402 ], [ 73.61371, 17.59258 ], [ 73.6049, 17.59656 ], [ 73.60909, 17.58815 ], [ 73.60868, 17.5799 ], [ 73.60112, 17.58252 ], [ 73.5982, 17.57664 ], [ 73.59289, 17.57638 ], [ 73.59024, 17.57045 ], [ 73.58852, 17.57291 ], [ 73.59625, 17.59678 ], [ 73.58037, 17.60308 ], [ 73.53819, 17.55605 ], [ 73.53382, 17.55424 ], [ 73.52768, 17.55927 ], [ 73.51728, 17.57182 ], [ 73.51625, 17.57937 ], [ 73.52048, 17.586 ], [ 73.52467, 17.5814 ], [ 73.53327, 17.58577 ], [ 73.54139, 17.58025 ], [ 73.54016, 17.58377 ], [ 73.54439, 17.58554 ], [ 73.54956, 17.5952 ], [ 73.57003, 17.60862 ], [ 73.54702, 17.63464 ], [ 73.55377, 17.65035 ], [ 73.54608, 17.65476 ], [ 73.53243, 17.65604 ], [ 73.52251, 17.66228 ], [ 73.52063, 17.68164 ], [ 73.52908, 17.67829 ], [ 73.52754, 17.68316 ], [ 73.53954, 17.68682 ], [ 73.54158, 17.69556 ], [ 73.53752, 17.70484 ], [ 73.54442, 17.71594 ], [ 73.52475, 17.72334 ], [ 73.51523, 17.69568 ], [ 73.50619, 17.68807 ], [ 73.50237, 17.69062 ], [ 73.50087, 17.68551 ], [ 73.49401, 17.69126 ], [ 73.49029, 17.68695 ], [ 73.48624, 17.697 ], [ 73.47791, 17.69229 ], [ 73.47341, 17.70281 ], [ 73.48453, 17.70955 ], [ 73.48894, 17.71878 ], [ 73.50052, 17.72018 ], [ 73.50763, 17.71747 ], [ 73.52009, 17.72427 ], [ 73.52472, 17.72345 ], [ 73.5278, 17.73165 ], [ 73.51791, 17.7369 ], [ 73.51229, 17.73225 ], [ 73.50908, 17.73973 ], [ 73.50883, 17.73071 ], [ 73.50452, 17.72649 ], [ 73.4987, 17.73384 ], [ 73.48214, 17.73095 ], [ 73.47722, 17.73394 ], [ 73.48158, 17.73928 ], [ 73.47967, 17.7473 ], [ 73.48239, 17.7521 ], [ 73.47156, 17.75122 ], [ 73.47343, 17.75408 ], [ 73.46741, 17.76386 ], [ 73.46804, 17.76852 ], [ 73.47982, 17.77435 ], [ 73.49062, 17.77382 ], [ 73.4927, 17.77965 ], [ 73.50371, 17.78598 ], [ 73.4941, 17.81956 ], [ 73.4913, 17.81713 ], [ 73.48207, 17.82539 ], [ 73.47704, 17.80921 ], [ 73.46587, 17.80248 ], [ 73.46284, 17.82225 ], [ 73.44653, 17.82453 ], [ 73.4497, 17.83673 ], [ 73.44269, 17.84356 ], [ 73.42936, 17.83959 ], [ 73.41927, 17.83259 ], [ 73.41118, 17.83596 ], [ 73.41334, 17.844 ], [ 73.40883, 17.8504 ], [ 73.4118, 17.85089 ], [ 73.4098, 17.85351 ], [ 73.41515, 17.85065 ], [ 73.42571, 17.85799 ], [ 73.43838, 17.85935 ], [ 73.44306, 17.87064 ], [ 73.44234, 17.8767 ], [ 73.43816, 17.87835 ], [ 73.43707, 17.90271 ], [ 73.44589, 17.89709 ], [ 73.45152, 17.88565 ], [ 73.45635, 17.88413 ], [ 73.4574, 17.89278 ], [ 73.46158, 17.89811 ], [ 73.46082, 17.90646 ], [ 73.47, 17.91014 ], [ 73.47074, 17.9198 ], [ 73.47455, 17.91727 ], [ 73.48222, 17.89914 ], [ 73.47226, 17.89588 ], [ 73.47162, 17.88223 ], [ 73.46665, 17.87964 ], [ 73.46103, 17.86742 ], [ 73.47855, 17.86518 ], [ 73.48912, 17.86705 ], [ 73.48904, 17.87901 ], [ 73.48283, 17.89791 ], [ 73.49286, 17.90734 ], [ 73.48803, 17.91824 ], [ 73.48252, 17.91564 ], [ 73.48367, 17.9192 ], [ 73.47751, 17.92205 ], [ 73.48256, 17.93442 ], [ 73.48899, 17.93562 ], [ 73.497, 17.92758 ], [ 73.50354, 17.92873 ], [ 73.51518, 17.91868 ], [ 73.53516, 17.91803 ], [ 73.54905, 17.90835 ], [ 73.56338, 17.91703 ], [ 73.56847, 17.92455 ], [ 73.56452, 17.94408 ], [ 73.56581, 17.95055 ], [ 73.57145, 17.95265 ], [ 73.56148, 17.95328 ], [ 73.55666, 17.95682 ], [ 73.5607, 17.96151 ], [ 73.55967, 17.96602 ], [ 73.5641, 17.96752 ], [ 73.56077, 17.97908 ], [ 73.5751, 17.98339 ], [ 73.58501, 17.97759 ], [ 73.58165, 17.99485 ], [ 73.57675, 17.99868 ], [ 73.57971, 18.00531 ], [ 73.5897, 18.01125 ], [ 73.59147, 18.01679 ], [ 73.56678, 18.01351 ], [ 73.56772, 17.99539 ], [ 73.55925, 17.99197 ], [ 73.56388, 18.01995 ], [ 73.56036, 18.03639 ], [ 73.56407, 18.07091 ], [ 73.56227, 18.07507 ], [ 73.54688, 18.07973 ], [ 73.55704, 18.09131 ], [ 73.55613, 18.09505 ], [ 73.55984, 18.09648 ], [ 73.56032, 18.10203 ], [ 73.55555, 18.10814 ], [ 73.5621, 18.10794 ], [ 73.57183, 18.1156 ], [ 73.58656, 18.11634 ], [ 73.5873, 18.11921 ], [ 73.59785, 18.11358 ], [ 73.60081, 18.11497 ], [ 73.60113, 18.12159 ], [ 73.6063, 18.12732 ], [ 73.59695, 18.13113 ], [ 73.59015, 18.1391 ], [ 73.60007, 18.14962 ], [ 73.59782, 18.15276 ], [ 73.60049, 18.15943 ], [ 73.59288, 18.16646 ], [ 73.56751, 18.16554 ], [ 73.56652, 18.15785 ], [ 73.57092, 18.14466 ], [ 73.56759, 18.14001 ], [ 73.54532, 18.12777 ], [ 73.53496, 18.13025 ], [ 73.5194, 18.12703 ], [ 73.51652, 18.13316 ], [ 73.51938, 18.13435 ], [ 73.53456, 18.13154 ], [ 73.53748, 18.13764 ], [ 73.53137, 18.14181 ], [ 73.5351, 18.14756 ], [ 73.52759, 18.15364 ], [ 73.52472, 18.16371 ], [ 73.51418, 18.1667 ], [ 73.50381, 18.17729 ], [ 73.49968, 18.17543 ], [ 73.50112, 18.17112 ], [ 73.49647, 18.16233 ], [ 73.47772, 18.1609 ], [ 73.48344, 18.14551 ], [ 73.47959, 18.13227 ], [ 73.46092, 18.14248 ], [ 73.45468, 18.1335 ], [ 73.45584, 18.12745 ], [ 73.45117, 18.12596 ], [ 73.44629, 18.1161 ], [ 73.44188, 18.11407 ], [ 73.44062, 18.11811 ], [ 73.43045, 18.11605 ], [ 73.42792, 18.11896 ], [ 73.41914, 18.1134 ], [ 73.41389, 18.1145 ], [ 73.41861, 18.13008 ], [ 73.41814, 18.13961 ], [ 73.41182, 18.13533 ], [ 73.40767, 18.1367 ], [ 73.40533, 18.13213 ], [ 73.40141, 18.13219 ], [ 73.39986, 18.13678 ], [ 73.40268, 18.14645 ], [ 73.39602, 18.16972 ], [ 73.39899, 18.17581 ], [ 73.39675, 18.18609 ], [ 73.39956, 18.21427 ], [ 73.40547, 18.21633 ], [ 73.41161, 18.23209 ], [ 73.41903, 18.23065 ], [ 73.42408, 18.23664 ], [ 73.42108, 18.25699 ], [ 73.42517, 18.25932 ], [ 73.43241, 18.24314 ], [ 73.4375, 18.24705 ], [ 73.4476, 18.2459 ], [ 73.4506, 18.25227 ], [ 73.42997, 18.26481 ], [ 73.41821, 18.2772 ], [ 73.41437, 18.27583 ], [ 73.4082, 18.26544 ], [ 73.40958, 18.25957 ], [ 73.40127, 18.25473 ], [ 73.39879, 18.22376 ], [ 73.39391, 18.22503 ], [ 73.38588, 18.22104 ], [ 73.37404, 18.22663 ], [ 73.36818, 18.21985 ], [ 73.36732, 18.22582 ], [ 73.35758, 18.22492 ], [ 73.35236, 18.23304 ], [ 73.33709, 18.24204 ], [ 73.34624, 18.24627 ], [ 73.35582, 18.24519 ], [ 73.37609, 18.25017 ], [ 73.38288, 18.25498 ], [ 73.38993, 18.25398 ], [ 73.38471, 18.2677 ], [ 73.3736, 18.27713 ], [ 73.36307, 18.26991 ], [ 73.36468, 18.26141 ], [ 73.35601, 18.25324 ], [ 73.33893, 18.25532 ], [ 73.33478, 18.26646 ], [ 73.3331, 18.26491 ], [ 73.33317, 18.28457 ], [ 73.33757, 18.28457 ], [ 73.33957, 18.28048 ], [ 73.34753, 18.29008 ], [ 73.35183, 18.29085 ], [ 73.36809, 18.2911 ], [ 73.37027, 18.28734 ], [ 73.37912, 18.2997 ], [ 73.36365, 18.29949 ], [ 73.36111, 18.30433 ], [ 73.34409, 18.29608 ], [ 73.34075, 18.29961 ], [ 73.34721, 18.30409 ], [ 73.34462, 18.30942 ], [ 73.32374, 18.30258 ], [ 73.31727, 18.32089 ], [ 73.32105, 18.32868 ], [ 73.34051, 18.33009 ], [ 73.3438, 18.31547 ], [ 73.35036, 18.31198 ], [ 73.35304, 18.31637 ], [ 73.37185, 18.31458 ], [ 73.36998, 18.32291 ], [ 73.37528, 18.33303 ], [ 73.36245, 18.34286 ], [ 73.36213, 18.35441 ], [ 73.3675, 18.35646 ], [ 73.37048, 18.36305 ], [ 73.38059, 18.35958 ], [ 73.386, 18.36481 ], [ 73.38358, 18.37211 ], [ 73.35544, 18.36716 ], [ 73.34539, 18.37517 ], [ 73.34101, 18.36755 ], [ 73.33271, 18.36652 ], [ 73.3323, 18.37325 ], [ 73.32716, 18.37369 ], [ 73.32141, 18.36344 ], [ 73.32363, 18.35898 ], [ 73.33424, 18.35854 ], [ 73.33381, 18.34605 ], [ 73.32043, 18.33755 ], [ 73.31382, 18.34054 ], [ 73.31217, 18.3498 ], [ 73.30585, 18.35363 ], [ 73.30768, 18.35599 ], [ 73.30682, 18.35978 ], [ 73.30365, 18.35994 ], [ 73.3032, 18.37007 ], [ 73.31423, 18.38722 ], [ 73.31108, 18.3923 ], [ 73.33495, 18.41071 ], [ 73.32104, 18.42674 ], [ 73.32184, 18.44299 ], [ 73.33178, 18.43803 ], [ 73.33696, 18.44087 ], [ 73.34316, 18.43697 ], [ 73.35901, 18.44288 ], [ 73.35462, 18.4524 ], [ 73.34557, 18.45059 ], [ 73.34064, 18.45636 ], [ 73.32624, 18.44644 ], [ 73.32165, 18.45007 ], [ 73.31862, 18.46287 ], [ 73.31508, 18.46504 ], [ 73.30467, 18.45855 ], [ 73.29734, 18.43966 ], [ 73.29113, 18.44216 ], [ 73.28872, 18.44858 ], [ 73.28272, 18.45029 ], [ 73.28613, 18.45666 ], [ 73.28279, 18.45872 ], [ 73.27463, 18.45886 ], [ 73.25485, 18.45153 ], [ 73.25163, 18.44133 ], [ 73.25985, 18.44189 ], [ 73.2677, 18.44868 ], [ 73.27127, 18.43037 ], [ 73.25255, 18.42889 ], [ 73.25574, 18.40378 ], [ 73.2317, 18.40301 ], [ 73.23009, 18.40548 ], [ 73.22977, 18.40268 ], [ 73.21612, 18.40331 ], [ 73.20541, 18.39495 ], [ 73.20612, 18.41169 ], [ 73.21425, 18.41263 ], [ 73.2219, 18.42779 ], [ 73.21625, 18.43327 ], [ 73.21893, 18.44231 ], [ 73.21122, 18.435 ], [ 73.21061, 18.4476 ], [ 73.1994, 18.44354 ], [ 73.19417, 18.44843 ], [ 73.18928, 18.44043 ], [ 73.19925, 18.44263 ], [ 73.19823, 18.43379 ], [ 73.18544, 18.43061 ], [ 73.18284, 18.43711 ], [ 73.16965, 18.44355 ], [ 73.16269, 18.44297 ], [ 73.15745, 18.43849 ], [ 73.15141, 18.44804 ], [ 73.15363, 18.45651 ], [ 73.14267, 18.45698 ], [ 73.1256, 18.44877 ], [ 73.12057, 18.45106 ], [ 73.1122, 18.44937 ], [ 73.11183, 18.46258 ], [ 73.11339, 18.46124 ], [ 73.11808, 18.47076 ], [ 73.12206, 18.46433 ], [ 73.12989, 18.4642 ], [ 73.12536, 18.46815 ], [ 73.12323, 18.48521 ], [ 73.11747, 18.49226 ], [ 73.10827, 18.49032 ], [ 73.1059, 18.47818 ], [ 73.0943, 18.47335 ], [ 73.09126, 18.48171 ], [ 73.08548, 18.48488 ], [ 73.0801, 18.46839 ], [ 73.08873, 18.46461 ], [ 73.08651, 18.45733 ], [ 73.07967, 18.45087 ], [ 73.08095, 18.44421 ], [ 73.08744, 18.43726 ], [ 73.09897, 18.45016 ], [ 73.10294, 18.44826 ], [ 73.10248, 18.44179 ], [ 73.10971, 18.44217 ], [ 73.11079, 18.4459 ], [ 73.13078, 18.43967 ], [ 73.12981, 18.42675 ], [ 73.11355, 18.42504 ], [ 73.10679, 18.4119 ], [ 73.13026, 18.39633 ], [ 73.13074, 18.3849 ], [ 73.14179, 18.3849 ], [ 73.15127, 18.37432 ], [ 73.15664, 18.37282 ], [ 73.1498, 18.36089 ], [ 73.12844, 18.34528 ], [ 73.1265, 18.35163 ], [ 73.12014, 18.34774 ], [ 73.1162, 18.35043 ], [ 73.11512, 18.36503 ], [ 73.10144, 18.36759 ], [ 73.1024, 18.35761 ], [ 73.08956, 18.35617 ], [ 73.08658, 18.35011 ], [ 73.08589, 18.34609 ], [ 73.09164, 18.3437 ], [ 73.09196, 18.32972 ], [ 73.08357, 18.32643 ], [ 73.07782, 18.30872 ], [ 73.06642, 18.30197 ], [ 73.04407, 18.3058 ], [ 73.0398, 18.30186 ] ], [ [ 73.5979, 18.26916 ], [ 73.59928, 18.26478 ], [ 73.60329, 18.2648 ], [ 73.6033, 18.25484 ], [ 73.60782, 18.25819 ], [ 73.61063, 18.25657 ], [ 73.61288, 18.26062 ], [ 73.61921, 18.25456 ], [ 73.62607, 18.2636 ], [ 73.62359, 18.26983 ], [ 73.64135, 18.27756 ], [ 73.6248, 18.27758 ], [ 73.61317, 18.26667 ], [ 73.5979, 18.26916 ] ], [ [ 73.59727, 18.18888 ], [ 73.59739, 18.18884 ], [ 73.59727, 18.18889 ], [ 73.59727, 18.18888 ] ], [ [ 73.42918, 18.74586 ], [ 73.41371, 18.74363 ], [ 73.41187, 18.74839 ], [ 73.41526, 18.75015 ], [ 73.41214, 18.75433 ], [ 73.38778, 18.7621 ], [ 73.38733, 18.74806 ], [ 73.38431, 18.74604 ], [ 73.39994, 18.71306 ], [ 73.43162, 18.71773 ], [ 73.4356, 18.73076 ], [ 73.42918, 18.74586 ] ], [ [ 73.4403, 18.58148 ], [ 73.43867, 18.57376 ], [ 73.43099, 18.57195 ], [ 73.43, 18.56553 ], [ 73.42708, 18.57077 ], [ 73.42416, 18.57021 ], [ 73.43061, 18.58122 ], [ 73.4278, 18.58481 ], [ 73.42709, 18.58209 ], [ 73.42349, 18.5851 ], [ 73.42014, 18.58372 ], [ 73.41827, 18.57484 ], [ 73.41618, 18.57716 ], [ 73.41413, 18.57433 ], [ 73.39445, 18.58916 ], [ 73.39199, 18.58676 ], [ 73.39304, 18.58198 ], [ 73.40114, 18.57948 ], [ 73.40456, 18.57207 ], [ 73.41472, 18.56326 ], [ 73.41375, 18.56047 ], [ 73.40158, 18.55943 ], [ 73.40426, 18.54625 ], [ 73.41153, 18.53832 ], [ 73.42566, 18.54521 ], [ 73.42622, 18.55013 ], [ 73.42962, 18.54959 ], [ 73.43065, 18.54154 ], [ 73.43679, 18.5408 ], [ 73.44148, 18.54462 ], [ 73.44362, 18.5408 ], [ 73.43576, 18.53583 ], [ 73.43704, 18.53154 ], [ 73.44378, 18.53084 ], [ 73.44477, 18.53453 ], [ 73.44633, 18.53046 ], [ 73.45157, 18.53528 ], [ 73.45476, 18.53256 ], [ 73.45207, 18.52794 ], [ 73.44809, 18.5286 ], [ 73.4501, 18.52583 ], [ 73.44656, 18.52531 ], [ 73.4477, 18.52117 ], [ 73.44406, 18.51693 ], [ 73.44838, 18.51415 ], [ 73.45291, 18.51689 ], [ 73.45255, 18.5207 ], [ 73.458, 18.52006 ], [ 73.45858, 18.52255 ], [ 73.459, 18.51982 ], [ 73.46291, 18.52155 ], [ 73.46664, 18.51213 ], [ 73.46871, 18.51713 ], [ 73.47354, 18.51871 ], [ 73.47194, 18.5241 ], [ 73.47477, 18.52381 ], [ 73.47624, 18.52887 ], [ 73.48619, 18.52589 ], [ 73.49073, 18.53069 ], [ 73.49341, 18.52754 ], [ 73.48963, 18.52002 ], [ 73.49055, 18.51416 ], [ 73.4975, 18.5146 ], [ 73.5019, 18.52057 ], [ 73.50408, 18.51467 ], [ 73.50157, 18.50838 ], [ 73.50403, 18.51058 ], [ 73.50563, 18.50786 ], [ 73.50132, 18.50502 ], [ 73.50428, 18.50159 ], [ 73.50015, 18.50143 ], [ 73.50001, 18.49451 ], [ 73.49009, 18.48845 ], [ 73.47419, 18.48502 ], [ 73.47022, 18.48085 ], [ 73.46779, 18.48335 ], [ 73.46325, 18.48131 ], [ 73.46342, 18.48912 ], [ 73.45995, 18.48599 ], [ 73.45686, 18.48799 ], [ 73.4562, 18.48517 ], [ 73.43666, 18.48818 ], [ 73.43961, 18.47758 ], [ 73.44463, 18.47427 ], [ 73.44099, 18.46676 ], [ 73.42977, 18.46288 ], [ 73.42899, 18.45602 ], [ 73.43447, 18.4546 ], [ 73.4314, 18.45199 ], [ 73.43323, 18.44943 ], [ 73.43568, 18.45561 ], [ 73.44293, 18.45844 ], [ 73.44422, 18.46407 ], [ 73.45074, 18.46539 ], [ 73.45663, 18.47627 ], [ 73.46273, 18.47364 ], [ 73.46576, 18.46477 ], [ 73.46838, 18.47207 ], [ 73.47949, 18.48036 ], [ 73.48691, 18.47777 ], [ 73.49018, 18.48088 ], [ 73.49844, 18.4794 ], [ 73.49718, 18.48226 ], [ 73.50816, 18.48267 ], [ 73.50551, 18.48777 ], [ 73.51175, 18.49491 ], [ 73.51031, 18.49947 ], [ 73.51477, 18.49985 ], [ 73.51746, 18.51903 ], [ 73.51268, 18.53205 ], [ 73.51721, 18.53809 ], [ 73.51178, 18.53872 ], [ 73.51168, 18.54656 ], [ 73.50123, 18.53961 ], [ 73.4956, 18.53962 ], [ 73.49499, 18.544 ], [ 73.48247, 18.54848 ], [ 73.47945, 18.54637 ], [ 73.48071, 18.54182 ], [ 73.47716, 18.54342 ], [ 73.47645, 18.54061 ], [ 73.47301, 18.5489 ], [ 73.47835, 18.54991 ], [ 73.47464, 18.55193 ], [ 73.47782, 18.55402 ], [ 73.47658, 18.5585 ], [ 73.47426, 18.55596 ], [ 73.47033, 18.5575 ], [ 73.47131, 18.5534 ], [ 73.46779, 18.54914 ], [ 73.46071, 18.55129 ], [ 73.46053, 18.56084 ], [ 73.45449, 18.56257 ], [ 73.45427, 18.5748 ], [ 73.46453, 18.58032 ], [ 73.46328, 18.58315 ], [ 73.46144, 18.57965 ], [ 73.45977, 18.58442 ], [ 73.4562, 18.58309 ], [ 73.4541, 18.58609 ], [ 73.45093, 18.5797 ], [ 73.45323, 18.58601 ], [ 73.45247, 18.58639 ], [ 73.44677, 18.58425 ], [ 73.4465, 18.58026 ], [ 73.4403, 18.58148 ] ], [ [ 73.21972, 18.55151 ], [ 73.20428, 18.52732 ], [ 73.21476, 18.52442 ], [ 73.22097, 18.53007 ], [ 73.22267, 18.5268 ], [ 73.22036, 18.52575 ], [ 73.22437, 18.5242 ], [ 73.22767, 18.53749 ], [ 73.22356, 18.54357 ], [ 73.2256, 18.54907 ], [ 73.21972, 18.55151 ] ], [ [ 73.07217, 18.4477 ], [ 73.07575, 18.45582 ], [ 73.07524, 18.46649 ], [ 73.07068, 18.47088 ], [ 73.05728, 18.47317 ], [ 73.05158, 18.45909 ], [ 73.05765, 18.45819 ], [ 73.07217, 18.4477 ] ], [ [ 73.11937, 18.43238 ], [ 73.12102, 18.4351 ], [ 73.12539, 18.43765 ], [ 73.11706, 18.43965 ], [ 73.11523, 18.43356 ], [ 73.11937, 18.43238 ] ], [ [ 73.03005, 18.39387 ], [ 73.03005, 18.39388 ], [ 73.02971, 18.39357 ], [ 73.03005, 18.39387 ] ], [ [ 73.0383, 18.36574 ], [ 73.03829, 18.36574 ], [ 73.03897, 18.36449 ], [ 73.0383, 18.36574 ] ], [ [ 73.04756, 18.34312 ], [ 73.04611, 18.34263 ], [ 73.04611, 18.34262 ], [ 73.04756, 18.34312 ] ], [ [ 73.07155, 18.51623 ], [ 73.07154, 18.51623 ], [ 73.07154, 18.5162 ], [ 73.07155, 18.51623 ] ], [ [ 73.35715, 18.43899 ], [ 73.34573, 18.41981 ], [ 73.34776, 18.41827 ], [ 73.35148, 18.4245 ], [ 73.35295, 18.42076 ], [ 73.36221, 18.41759 ], [ 73.3658, 18.40657 ], [ 73.36372, 18.39848 ], [ 73.36766, 18.394 ], [ 73.39047, 18.38837 ], [ 73.40419, 18.39755 ], [ 73.39877, 18.40062 ], [ 73.39368, 18.43974 ], [ 73.37109, 18.42765 ], [ 73.35715, 18.43899 ] ], [ [ 73.31452, 18.52581 ], [ 73.31506, 18.52568 ], [ 73.31451, 18.52582 ], [ 73.31452, 18.52581 ] ], [ [ 73.4084, 18.49953 ], [ 73.40817, 18.49868 ], [ 73.40841, 18.49953 ], [ 73.4084, 18.49953 ] ], [ [ 73.38904, 18.85345 ], [ 73.38841, 18.85135 ], [ 73.38905, 18.85345 ], [ 73.38904, 18.85345 ] ], [ [ 73.44459, 19.07334 ], [ 73.43811, 19.07151 ], [ 73.43293, 19.07371 ], [ 73.42717, 19.06464 ], [ 73.4331, 19.06385 ], [ 73.44581, 19.05466 ], [ 73.44957, 19.0545 ], [ 73.45275, 19.06043 ], [ 73.46159, 19.06188 ], [ 73.45961, 19.06615 ], [ 73.44459, 19.07334 ] ], [ [ 73.51843, 18.50104 ], [ 73.52213, 18.47747 ], [ 73.53374, 18.47752 ], [ 73.5307, 18.49626 ], [ 73.52353, 18.50067 ], [ 73.51843, 18.50104 ] ], [ [ 73.53788, 18.62367 ], [ 73.53297, 18.6316 ], [ 73.523, 18.63098 ], [ 73.51087, 18.62293 ], [ 73.51745, 18.61834 ], [ 73.5258, 18.6194 ], [ 73.5307, 18.6167 ], [ 73.53788, 18.62367 ] ], [ [ 73.48794, 18.91226 ], [ 73.48795, 18.91226 ], [ 73.48772, 18.91254 ], [ 73.48794, 18.91226 ] ], [ [ 73.50266, 18.85484 ], [ 73.50269, 18.85496 ], [ 73.50268, 18.85496 ], [ 73.50266, 18.85484 ] ], [ [ 73.56306, 19.22327 ], [ 73.55351, 19.21987 ], [ 73.55814, 19.21874 ], [ 73.56074, 19.21366 ], [ 73.56661, 19.21658 ], [ 73.57598, 19.20912 ], [ 73.58203, 19.21031 ], [ 73.57617, 19.21678 ], [ 73.56306, 19.22327 ] ], [ [ 73.58344, 19.04051 ], [ 73.58346, 19.0405 ], [ 73.58344, 19.04052 ], [ 73.58344, 19.04051 ] ], [ [ 73.57564, 18.94833 ], [ 73.5554, 18.9609 ], [ 73.55052, 18.96919 ], [ 73.53658, 18.95811 ], [ 73.57252, 18.92874 ], [ 73.58455, 18.94321 ], [ 73.58477, 18.9479 ], [ 73.5832, 18.94582 ], [ 73.57873, 18.9473 ], [ 73.57876, 18.95003 ], [ 73.57564, 18.94833 ] ], [ [ 73.30361, 19.62419 ], [ 73.315, 19.61986 ], [ 73.33112, 19.62206 ], [ 73.34348, 19.64368 ], [ 73.32481, 19.66806 ], [ 73.31501, 19.67333 ], [ 73.31772, 19.66947 ], [ 73.31582, 19.65688 ], [ 73.30298, 19.62827 ], [ 73.30361, 19.62419 ] ], [ [ 73.31188, 19.55303 ], [ 73.29571, 19.55086 ], [ 73.2971, 19.52969 ], [ 73.30261, 19.5227 ], [ 73.32099, 19.52512 ], [ 73.32465, 19.54066 ], [ 73.31188, 19.55303 ] ], [ [ 73.29865, 19.46952 ], [ 73.29091, 19.47541 ], [ 73.29285, 19.46236 ], [ 73.29865, 19.46952 ] ], [ [ 73.22107, 19.81338 ], [ 73.22113, 19.81351 ], [ 73.22112, 19.81351 ], [ 73.22107, 19.81338 ] ], [ [ 73.35563, 19.53205 ], [ 73.35563, 19.53204 ], [ 73.35564, 19.53205 ], [ 73.35563, 19.53205 ] ], [ [ 73.47532, 19.43403 ], [ 73.47554, 19.41935 ], [ 73.48925, 19.42022 ], [ 73.487, 19.42642 ], [ 73.48972, 19.43273 ], [ 73.47532, 19.43403 ] ], [ [ 73.60745, 17.89866 ], [ 73.60792, 17.88412 ], [ 73.61363, 17.87942 ], [ 73.61486, 17.87356 ], [ 73.62213, 17.87271 ], [ 73.62662, 17.87672 ], [ 73.61954, 17.88629 ], [ 73.62184, 17.88859 ], [ 73.60745, 17.89866 ] ], [ [ 73.525, 17.74089 ], [ 73.525, 17.74088 ], [ 73.5255, 17.74117 ], [ 73.525, 17.74089 ] ], [ [ 73.55215, 17.58711 ], [ 73.55352, 17.58455 ], [ 73.55574, 17.5843 ], [ 73.55394, 17.5874 ], [ 73.55215, 17.58711 ] ], [ [ 73.60655, 17.47751 ], [ 73.60403, 17.47251 ], [ 73.60878, 17.46897 ], [ 73.61132, 17.4593 ], [ 73.6189, 17.46361 ], [ 73.63149, 17.45934 ], [ 73.6475, 17.46314 ], [ 73.6366, 17.46883 ], [ 73.62638, 17.46975 ], [ 73.6334, 17.47203 ], [ 73.63088, 17.47653 ], [ 73.61655, 17.47286 ], [ 73.60655, 17.47751 ] ], [ [ 73.7807, 17.79038 ], [ 73.77421, 17.79372 ], [ 73.77117, 17.79009 ], [ 73.77779, 17.78641 ], [ 73.77693, 17.78116 ], [ 73.77393, 17.78025 ], [ 73.77454, 17.76667 ], [ 73.78065, 17.76854 ], [ 73.7807, 17.79038 ] ], [ [ 73.77391, 17.56302 ], [ 73.74653, 17.55689 ], [ 73.73852, 17.53573 ], [ 73.74423, 17.53308 ], [ 73.75668, 17.51429 ], [ 73.76996, 17.50261 ], [ 73.77596, 17.47924 ], [ 73.78711, 17.47854 ], [ 73.79024, 17.48112 ], [ 73.78378, 17.48868 ], [ 73.78835, 17.49908 ], [ 73.78411, 17.50546 ], [ 73.78792, 17.50945 ], [ 73.78224, 17.5324 ], [ 73.77856, 17.53675 ], [ 73.78043, 17.55101 ], [ 73.77391, 17.56302 ] ], [ [ 73.79484, 17.42335 ], [ 73.78311, 17.4262 ], [ 73.77616, 17.43204 ], [ 73.77247, 17.44065 ], [ 73.76117, 17.4348 ], [ 73.76175, 17.41097 ], [ 73.77061, 17.40665 ], [ 73.77466, 17.40772 ], [ 73.7736, 17.39188 ], [ 73.77067, 17.38879 ], [ 73.77294, 17.38669 ], [ 73.77956, 17.38524 ], [ 73.78035, 17.39106 ], [ 73.78746, 17.39365 ], [ 73.79007, 17.39906 ], [ 73.80462, 17.39882 ], [ 73.81001, 17.40391 ], [ 73.81908, 17.39948 ], [ 73.81725, 17.40379 ], [ 73.8196, 17.40869 ], [ 73.80785, 17.41473 ], [ 73.80151, 17.41309 ], [ 73.79484, 17.42335 ] ], [ [ 73.79864, 17.24448 ], [ 73.78445, 17.24522 ], [ 73.76561, 17.25096 ], [ 73.76555, 17.2543 ], [ 73.7594, 17.25512 ], [ 73.75534, 17.26777 ], [ 73.74536, 17.27856 ], [ 73.73437, 17.27706 ], [ 73.72038, 17.26155 ], [ 73.70722, 17.26016 ], [ 73.70136, 17.26489 ], [ 73.69469, 17.26162 ], [ 73.69108, 17.24347 ], [ 73.69282, 17.23065 ], [ 73.70562, 17.22476 ], [ 73.71056, 17.21215 ], [ 73.71519, 17.20922 ], [ 73.71496, 17.20353 ], [ 73.70578, 17.18987 ], [ 73.69806, 17.18067 ], [ 73.69342, 17.18016 ], [ 73.70868, 17.1706 ], [ 73.71318, 17.17369 ], [ 73.71997, 17.1691 ], [ 73.72912, 17.16902 ], [ 73.74257, 17.17648 ], [ 73.74472, 17.16361 ], [ 73.74236, 17.16007 ], [ 73.74724, 17.15509 ], [ 73.77319, 17.14963 ], [ 73.7771, 17.15407 ], [ 73.76781, 17.17433 ], [ 73.77587, 17.18208 ], [ 73.79238, 17.17826 ], [ 73.79919, 17.17124 ], [ 73.81241, 17.17116 ], [ 73.81664, 17.18039 ], [ 73.82069, 17.21109 ], [ 73.80949, 17.23186 ], [ 73.79864, 17.24448 ] ], [ [ 73.69005, 18.25767 ], [ 73.68972, 18.25795 ], [ 73.69005, 18.25766 ], [ 73.69005, 18.25767 ] ], [ [ 73.69396, 17.92291 ], [ 73.71412, 17.90641 ], [ 73.71553, 17.91233 ], [ 73.72744, 17.90795 ], [ 73.72905, 17.92045 ], [ 73.7171, 17.92008 ], [ 73.70644, 17.92696 ], [ 73.70358, 17.92059 ], [ 73.69396, 17.92291 ] ], [ [ 73.69841, 17.78257 ], [ 73.69971, 17.7795 ], [ 73.70957, 17.78009 ], [ 73.7122, 17.77526 ], [ 73.71473, 17.7751 ], [ 73.71683, 17.78982 ], [ 73.70978, 17.80068 ], [ 73.69841, 17.78257 ] ], [ [ 73.69683, 17.32925 ], [ 73.69691, 17.32902 ], [ 73.69692, 17.32902 ], [ 73.69683, 17.32925 ] ], [ [ 73.74603, 17.81622 ], [ 73.72688, 17.81512 ], [ 73.72026, 17.80535 ], [ 73.73156, 17.80387 ], [ 73.73311, 17.79964 ], [ 73.72903, 17.79724 ], [ 73.73442, 17.78715 ], [ 73.72539, 17.78228 ], [ 73.71931, 17.77215 ], [ 73.72695, 17.76654 ], [ 73.73469, 17.76709 ], [ 73.74239, 17.75668 ], [ 73.74665, 17.75769 ], [ 73.74426, 17.77948 ], [ 73.7328, 17.78292 ], [ 73.73817, 17.78975 ], [ 73.74712, 17.79156 ], [ 73.7616, 17.80279 ], [ 73.75391, 17.79963 ], [ 73.74603, 17.81622 ] ], [ [ 73.73295, 17.74268 ], [ 73.71445, 17.73635 ], [ 73.72836, 17.72545 ], [ 73.73492, 17.72577 ], [ 73.74059, 17.72103 ], [ 73.75127, 17.72511 ], [ 73.75163, 17.7331 ], [ 73.73295, 17.74268 ] ], [ [ 73.74193, 17.44251 ], [ 73.73428, 17.44079 ], [ 73.73012, 17.42458 ], [ 73.75046, 17.43645 ], [ 73.74193, 17.44251 ] ], [ [ 73.74011, 17.41114 ], [ 73.73319, 17.40618 ], [ 73.72922, 17.41069 ], [ 73.72533, 17.40672 ], [ 73.73961, 17.39514 ], [ 73.74684, 17.39314 ], [ 73.7554, 17.406 ], [ 73.75025, 17.4105 ], [ 73.74434, 17.40874 ], [ 73.74011, 17.41114 ] ], [ [ 73.77517, 17.7223 ], [ 73.77519, 17.72237 ], [ 73.77518, 17.72237 ], [ 73.77517, 17.7223 ] ], [ [ 73.79688, 15.94803 ], [ 73.79653, 15.93751 ], [ 73.7918, 15.93588 ], [ 73.78832, 15.92947 ], [ 73.79275, 15.92968 ], [ 73.79301, 15.93396 ], [ 73.79782, 15.93343 ], [ 73.80065, 15.92913 ], [ 73.81067, 15.92623 ], [ 73.8154, 15.92153 ], [ 73.81723, 15.91247 ], [ 73.82361, 15.91648 ], [ 73.83151, 15.91646 ], [ 73.8285, 15.92088 ], [ 73.81935, 15.9224 ], [ 73.81653, 15.93716 ], [ 73.82444, 15.9398 ], [ 73.81978, 15.945 ], [ 73.81659, 15.95748 ], [ 73.80593, 15.95674 ], [ 73.80467, 15.95219 ], [ 73.79688, 15.94803 ] ], [ [ 73.89611, 16.32853 ], [ 73.9022, 16.32863 ], [ 73.90348, 16.3209 ], [ 73.90202, 16.30861 ], [ 73.88877, 16.29964 ], [ 73.88972, 16.28985 ], [ 73.8818, 16.27883 ], [ 73.89251, 16.26669 ], [ 73.89452, 16.26219 ], [ 73.89187, 16.25658 ], [ 73.90492, 16.25652 ], [ 73.90896, 16.25456 ], [ 73.90758, 16.25152 ], [ 73.9175, 16.24565 ], [ 73.89272, 16.23386 ], [ 73.88938, 16.22905 ], [ 73.89761, 16.23467 ], [ 73.91366, 16.23447 ], [ 73.91478, 16.23108 ], [ 73.93576, 16.24357 ], [ 73.94761, 16.2421 ], [ 73.95617, 16.24875 ], [ 73.96131, 16.25866 ], [ 73.98566, 16.28621 ], [ 74.00953, 16.27492 ], [ 74.01127, 16.29177 ], [ 74.01718, 16.29443 ], [ 74.01873, 16.30589 ], [ 74.04284, 16.29668 ], [ 74.05253, 16.30181 ], [ 74.04089, 16.3121 ], [ 74.03425, 16.324 ], [ 74.00849, 16.32469 ], [ 74.00765, 16.3313 ], [ 74.00183, 16.33573 ], [ 74.01104, 16.34515 ], [ 74.0053, 16.34877 ], [ 74.00901, 16.35321 ], [ 73.99988, 16.36516 ], [ 73.99419, 16.36765 ], [ 73.97124, 16.34889 ], [ 73.93739, 16.34471 ], [ 73.91089, 16.33231 ], [ 73.89517, 16.33668 ], [ 73.89611, 16.32853 ] ], [ [ 73.91, 15.93474 ], [ 73.89856, 15.93016 ], [ 73.8943, 15.9164 ], [ 73.90771, 15.91522 ], [ 73.91452, 15.91866 ], [ 73.92169, 15.93048 ], [ 73.9192, 15.9339 ], [ 73.91, 15.93474 ] ], [ [ 73.87453, 15.97357 ], [ 73.87454, 15.97357 ], [ 73.87495, 15.97442 ], [ 73.87453, 15.97357 ] ], [ [ 73.8766, 16.58008 ], [ 73.86812, 16.57982 ], [ 73.86298, 16.57623 ], [ 73.87106, 16.55752 ], [ 73.88689, 16.57429 ], [ 73.8766, 16.58008 ] ], [ [ 73.84515, 16.57155 ], [ 73.83587, 16.56092 ], [ 73.83346, 16.56177 ], [ 73.83074, 16.55347 ], [ 73.85012, 16.55541 ], [ 73.84515, 16.57155 ] ], [ [ 73.80121, 16.36992 ], [ 73.79929, 16.36443 ], [ 73.80756, 16.36572 ], [ 73.80783, 16.36931 ], [ 73.80121, 16.36992 ] ], [ [ 73.82342, 16.92794 ], [ 73.8234, 16.92796 ], [ 73.82341, 16.92794 ], [ 73.82342, 16.92794 ] ], [ [ 74.09049, 15.87068 ], [ 74.0905, 15.87068 ], [ 74.09039, 15.87083 ], [ 74.09049, 15.87068 ] ], [ [ 74.26647, 15.7978 ], [ 74.28982, 15.78773 ], [ 74.28915, 15.79142 ], [ 74.2933, 15.79527 ], [ 74.30175, 15.78728 ], [ 74.31341, 15.79643 ], [ 74.30337, 15.80666 ], [ 74.29117, 15.83214 ], [ 74.26166, 15.82959 ], [ 74.26899, 15.81657 ], [ 74.26647, 15.7978 ] ], [ [ 73.89127, 17.75592 ], [ 73.88835, 17.75863 ], [ 73.89907, 17.77628 ], [ 73.89537, 17.77854 ], [ 73.88913, 17.77127 ], [ 73.89069, 17.77601 ], [ 73.88657, 17.77528 ], [ 73.88578, 17.7793 ], [ 73.87918, 17.76496 ], [ 73.88471, 17.76218 ], [ 73.88204, 17.75682 ], [ 73.88688, 17.75072 ], [ 73.89127, 17.75592 ] ], [ [ 73.68988, 19.50573 ], [ 73.68629, 19.50015 ], [ 73.70664, 19.49737 ], [ 73.71191, 19.48755 ], [ 73.71173, 19.49236 ], [ 73.7268, 19.50956 ], [ 73.72323, 19.5129 ], [ 73.71899, 19.51094 ], [ 73.70631, 19.52017 ], [ 73.7009, 19.50855 ], [ 73.68988, 19.50573 ] ], [ [ 73.70532, 19.35747 ], [ 73.71807, 19.36053 ], [ 73.72083, 19.39193 ], [ 73.73592, 19.40754 ], [ 73.72898, 19.422 ], [ 73.73072, 19.43023 ], [ 73.7276, 19.43125 ], [ 73.71363, 19.41745 ], [ 73.70189, 19.39811 ], [ 73.70532, 19.35747 ] ], [ [ 73.6735, 19.29021 ], [ 73.66194, 19.28188 ], [ 73.64743, 19.27913 ], [ 73.64915, 19.2752 ], [ 73.65908, 19.26259 ], [ 73.69385, 19.25254 ], [ 73.69501, 19.25818 ], [ 73.69017, 19.26869 ], [ 73.68052, 19.27389 ], [ 73.6735, 19.29021 ] ], [ [ 73.68591, 19.1209 ], [ 73.68358, 19.1173 ], [ 73.68943, 19.1149 ], [ 73.68567, 19.11059 ], [ 73.68736, 19.10492 ], [ 73.69316, 19.10752 ], [ 73.69622, 19.09963 ], [ 73.70032, 19.10066 ], [ 73.70158, 19.10472 ], [ 73.70955, 19.10651 ], [ 73.71062, 19.09432 ], [ 73.73284, 19.09719 ], [ 73.73243, 19.10294 ], [ 73.72668, 19.10194 ], [ 73.72272, 19.10597 ], [ 73.72035, 19.12004 ], [ 73.70643, 19.11262 ], [ 73.7005, 19.12134 ], [ 73.68591, 19.1209 ] ], [ [ 73.64864, 19.38676 ], [ 73.64856, 19.38701 ], [ 73.64855, 19.38701 ], [ 73.64864, 19.38676 ] ], [ [ 73.89665, 19.39027 ], [ 73.88341, 19.38838 ], [ 73.88488, 19.37336 ], [ 73.89416, 19.37051 ], [ 73.9038, 19.3622 ], [ 73.91281, 19.36237 ], [ 73.91879, 19.35679 ], [ 73.92844, 19.35753 ], [ 73.93303, 19.36727 ], [ 73.92507, 19.37836 ], [ 73.91319, 19.37899 ], [ 73.91254, 19.37627 ], [ 73.9069, 19.37623 ], [ 73.90697, 19.37074 ], [ 73.90367, 19.37129 ], [ 73.90006, 19.37395 ], [ 73.90143, 19.37666 ], [ 73.8901, 19.38023 ], [ 73.89904, 19.38339 ], [ 73.89665, 19.39027 ] ] ], [ [ [ 73.23274, 18.31054 ], [ 73.20602, 18.30179 ], [ 73.19296, 18.30702 ], [ 73.19655, 18.3202 ], [ 73.22062, 18.32009 ], [ 73.23274, 18.31054 ] ] ], [ [ [ 73.18818, 18.38711 ], [ 73.16876, 18.3851 ], [ 73.16654, 18.39676 ], [ 73.16216, 18.4019 ], [ 73.15904, 18.40147 ], [ 73.15351, 18.41768 ], [ 73.14214, 18.41976 ], [ 73.13545, 18.41554 ], [ 73.13425, 18.41967 ], [ 73.14289, 18.42026 ], [ 73.14331, 18.42428 ], [ 73.14719, 18.42535 ], [ 73.15289, 18.43411 ], [ 73.16728, 18.43011 ], [ 73.16583, 18.42137 ], [ 73.16901, 18.40358 ], [ 73.17774, 18.40329 ], [ 73.18818, 18.38711 ] ] ], [ [ [ 72.95163, 18.71673 ], [ 72.95295, 18.69502 ], [ 72.94607, 18.69362 ], [ 72.9427, 18.70406 ], [ 72.94872, 18.70877 ], [ 72.95163, 18.71673 ] ] ], [ [ [ 73.15962, 18.741 ], [ 73.16055, 18.72231 ], [ 73.15875, 18.7219 ], [ 73.15414, 18.72296 ], [ 73.15265, 18.73013 ], [ 73.15971, 18.75307 ], [ 73.16324, 18.75033 ], [ 73.15962, 18.741 ] ] ], [ [ [ 73.21566, 18.97916 ], [ 73.21319, 18.95778 ], [ 73.20296, 18.95747 ], [ 73.18723, 18.9632 ], [ 73.1847, 18.9705 ], [ 73.19848, 18.97778 ], [ 73.21566, 18.97916 ] ] ], [ [ [ 73.08734, 19.53537 ], [ 73.0815, 19.53061 ], [ 73.0737, 19.5328 ], [ 73.07299, 19.52761 ], [ 73.06768, 19.53342 ], [ 73.05943, 19.52878 ], [ 73.038, 19.53443 ], [ 73.03149, 19.56959 ], [ 73.03457, 19.57476 ], [ 73.03543, 19.59639 ], [ 73.0386, 19.59962 ], [ 73.04538, 19.60009 ], [ 73.0521, 19.59632 ], [ 73.05703, 19.58524 ], [ 73.05603, 19.57808 ], [ 73.0643, 19.56608 ], [ 73.07506, 19.5632 ], [ 73.08436, 19.55181 ], [ 73.08998, 19.55083 ], [ 73.09154, 19.54771 ], [ 73.08682, 19.54202 ], [ 73.08734, 19.53537 ] ] ], [ [ [ 73.01474, 19.55726 ], [ 73.00654, 19.527 ], [ 72.99851, 19.51909 ], [ 72.99523, 19.52827 ], [ 72.98808, 19.52284 ], [ 72.97873, 19.53576 ], [ 72.97272, 19.55345 ], [ 72.99286, 19.56798 ], [ 72.99112, 19.57921 ], [ 72.98618, 19.58576 ], [ 72.98646, 19.59191 ], [ 72.97554, 19.60145 ], [ 72.97239, 19.60948 ], [ 72.97772, 19.6185 ], [ 72.98992, 19.62568 ], [ 72.98292, 19.62831 ], [ 72.95412, 19.6592 ], [ 72.94433, 19.68177 ], [ 72.93606, 19.69095 ], [ 72.93827, 19.70814 ], [ 72.94597, 19.70545 ], [ 72.95281, 19.70856 ], [ 72.95479, 19.70245 ], [ 72.95078, 19.69803 ], [ 72.95392, 19.68979 ], [ 72.95171, 19.68159 ], [ 72.95481, 19.67832 ], [ 72.97688, 19.68102 ], [ 72.98578, 19.6733 ], [ 72.9865, 19.68793 ], [ 72.97426, 19.69261 ], [ 72.97612, 19.70295 ], [ 72.97228, 19.71691 ], [ 72.97534, 19.71833 ], [ 72.98479, 19.71118 ], [ 73.00851, 19.71064 ], [ 73.01285, 19.69001 ], [ 73.01683, 19.68602 ], [ 73.02631, 19.68793 ], [ 73.02406, 19.67515 ], [ 73.02971, 19.66925 ], [ 73.02072, 19.66035 ], [ 73.01572, 19.6597 ], [ 73.01378, 19.67021 ], [ 72.98905, 19.6711 ], [ 72.99854, 19.66096 ], [ 73.00228, 19.65171 ], [ 73.0067, 19.64947 ], [ 73.00698, 19.62992 ], [ 73.00336, 19.62003 ], [ 73.00049, 19.61937 ], [ 73.00232, 19.60325 ], [ 73.01443, 19.60001 ], [ 73.02195, 19.5903 ], [ 73.02164, 19.58506 ], [ 73.01827, 19.58554 ], [ 73.0198, 19.56845 ], [ 73.0249, 19.55754 ], [ 73.01474, 19.55726 ] ] ], [ [ [ 73.16602, 19.53849 ], [ 73.16551, 19.53453 ], [ 73.15501, 19.53737 ], [ 73.15826, 19.54922 ], [ 73.16729, 19.55608 ], [ 73.16737, 19.56504 ], [ 73.18689, 19.5597 ], [ 73.18565, 19.54623 ], [ 73.17699, 19.54659 ], [ 73.16602, 19.53849 ] ] ], [ [ [ 72.90785, 19.63017 ], [ 72.91215, 19.62208 ], [ 72.90011, 19.61068 ], [ 72.90132, 19.6247 ], [ 72.90785, 19.63017 ] ] ], [ [ [ 72.92505, 19.7352 ], [ 72.94268, 19.73396 ], [ 72.94495, 19.71927 ], [ 72.93042, 19.72134 ], [ 72.92957, 19.73102 ], [ 72.92505, 19.7352 ] ] ], [ [ [ 73.21103, 19.75465 ], [ 73.18694, 19.75621 ], [ 73.18479, 19.76557 ], [ 73.18682, 19.77006 ], [ 73.19141, 19.77007 ], [ 73.19898, 19.78241 ], [ 73.19977, 19.77786 ], [ 73.21201, 19.77035 ], [ 73.21103, 19.75465 ] ] ], [ [ [ 72.87676, 19.8861 ], [ 72.87338, 19.87466 ], [ 72.86265, 19.8736 ], [ 72.85904, 19.8641 ], [ 72.85177, 19.85723 ], [ 72.84723, 19.85809 ], [ 72.84226, 19.84788 ], [ 72.83258, 19.84789 ], [ 72.82855, 19.85747 ], [ 72.82326, 19.85665 ], [ 72.82724, 19.86019 ], [ 72.82086, 19.8707 ], [ 72.82123, 19.87537 ], [ 72.82661, 19.88966 ], [ 72.84161, 19.89034 ], [ 72.84337, 19.88811 ], [ 72.84735, 19.89238 ], [ 72.85981, 19.888 ], [ 72.86461, 19.88971 ], [ 72.87676, 19.8861 ] ] ], [ [ [ 73.16377, 19.91128 ], [ 73.16347, 19.8771 ], [ 73.15929, 19.87942 ], [ 73.14902, 19.87381 ], [ 73.14114, 19.88761 ], [ 73.13408, 19.89277 ], [ 73.14443, 19.90943 ], [ 73.12211, 19.92723 ], [ 73.11908, 19.93477 ], [ 73.10454, 19.92574 ], [ 73.08312, 19.92783 ], [ 73.08181, 19.93109 ], [ 73.07633, 19.92729 ], [ 73.06442, 19.92642 ], [ 73.06863, 19.94204 ], [ 73.06643, 19.96077 ], [ 73.06905, 19.96933 ], [ 73.09453, 19.98938 ], [ 73.09969, 20.00407 ], [ 73.0932, 20.01231 ], [ 73.10663, 20.0073 ], [ 73.11465, 20.03505 ], [ 73.12132, 20.03654 ], [ 73.12583, 20.04198 ], [ 73.13073, 20.02833 ], [ 73.12615, 20.02292 ], [ 73.13245, 20.01465 ], [ 73.13758, 20.01366 ], [ 73.13103, 20.00959 ], [ 73.13124, 20.00207 ], [ 73.12393, 19.98903 ], [ 73.13588, 19.99111 ], [ 73.13472, 19.98408 ], [ 73.13733, 19.98833 ], [ 73.14177, 19.97578 ], [ 73.15027, 19.97746 ], [ 73.15576, 19.9724 ], [ 73.15923, 19.95782 ], [ 73.1536, 19.95266 ], [ 73.15854, 19.93791 ], [ 73.18724, 19.92488 ], [ 73.19064, 19.92809 ], [ 73.20556, 19.92644 ], [ 73.21816, 19.89707 ], [ 73.21325, 19.87476 ], [ 73.22275, 19.87391 ], [ 73.22192, 19.87028 ], [ 73.22785, 19.86208 ], [ 73.22558, 19.85759 ], [ 73.20439, 19.85635 ], [ 73.1937, 19.87803 ], [ 73.19839, 19.8987 ], [ 73.1688, 19.91389 ], [ 73.16762, 19.91044 ], [ 73.16377, 19.91128 ] ] ], [ [ [ 72.95404, 19.96461 ], [ 72.95627, 19.94153 ], [ 72.95247, 19.9434 ], [ 72.95703, 19.93535 ], [ 72.95805, 19.92176 ], [ 72.95436, 19.9202 ], [ 72.94564, 19.92889 ], [ 72.95115, 19.9653 ], [ 72.95404, 19.96461 ] ] ], [ [ [ 72.86106, 19.95841 ], [ 72.85963, 19.94517 ], [ 72.85322, 19.94304 ], [ 72.84478, 19.94737 ], [ 72.84549, 19.95331 ], [ 72.83878, 19.95616 ], [ 72.85261, 19.9628 ], [ 72.85437, 19.95881 ], [ 72.86106, 19.95841 ] ] ], [ [ [ 73.18457, 19.97083 ], [ 73.19967, 19.96871 ], [ 73.19809, 19.98813 ], [ 73.20912, 19.98612 ], [ 73.20584, 19.97863 ], [ 73.21293, 19.97195 ], [ 73.21407, 19.96431 ], [ 73.2036, 19.96296 ], [ 73.19971, 19.95424 ], [ 73.192, 19.95347 ], [ 73.1904, 19.95057 ], [ 73.18738, 19.95529 ], [ 73.1898, 19.95895 ], [ 73.18786, 19.96405 ], [ 73.18261, 19.9572 ], [ 73.1806, 19.95837 ], [ 73.18457, 19.97083 ] ] ], [ [ [ 72.71727, 20.06695 ], [ 72.73057, 20.06361 ], [ 72.73322, 20.05125 ], [ 72.74028, 20.05131 ], [ 72.74435, 20.04613 ], [ 72.73942, 20.04091 ], [ 72.71431, 20.03707 ], [ 72.70978, 20.05882 ], [ 72.71727, 20.06695 ] ] ], [ [ [ 73.25695, 18.11826 ], [ 73.27369, 18.11765 ], [ 73.27573, 18.09787 ], [ 73.26933, 18.09688 ], [ 73.26074, 18.10671 ], [ 73.26176, 18.10962 ], [ 73.25552, 18.11144 ], [ 73.25695, 18.11826 ] ] ], [ [ [ 73.26519, 18.13258 ], [ 73.2559, 18.12947 ], [ 73.2522, 18.13287 ], [ 73.24599, 18.13213 ], [ 73.23523, 18.14529 ], [ 73.23684, 18.15626 ], [ 73.23103, 18.1655 ], [ 73.23436, 18.17151 ], [ 73.23135, 18.17669 ], [ 73.22714, 18.17175 ], [ 73.21313, 18.17193 ], [ 73.21158, 18.18942 ], [ 73.20664, 18.20092 ], [ 73.21735, 18.21539 ], [ 73.22771, 18.21603 ], [ 73.23332, 18.20044 ], [ 73.23667, 18.20006 ], [ 73.23281, 18.19214 ], [ 73.23494, 18.18498 ], [ 73.24445, 18.18939 ], [ 73.25627, 18.18002 ], [ 73.24846, 18.17573 ], [ 73.24565, 18.16984 ], [ 73.25235, 18.15965 ], [ 73.25232, 18.15142 ], [ 73.26573, 18.15447 ], [ 73.27232, 18.15119 ], [ 73.26826, 18.14332 ], [ 73.26182, 18.14155 ], [ 73.26607, 18.13816 ], [ 73.26519, 18.13258 ] ] ], [ [ [ 73.23061, 18.35055 ], [ 73.23482, 18.33376 ], [ 73.21096, 18.33502 ], [ 73.21031, 18.34557 ], [ 73.20293, 18.35044 ], [ 73.2068, 18.36392 ], [ 73.19965, 18.37155 ], [ 73.19975, 18.37849 ], [ 73.20579, 18.37603 ], [ 73.23171, 18.3763 ], [ 73.23155, 18.36423 ], [ 73.22489, 18.35489 ], [ 73.23061, 18.35055 ] ] ], [ [ [ 73.30292, 18.66933 ], [ 73.28913, 18.67248 ], [ 73.28028, 18.68832 ], [ 73.25676, 18.68395 ], [ 73.25279, 18.68141 ], [ 73.25274, 18.67711 ], [ 73.24394, 18.68101 ], [ 73.24408, 18.68953 ], [ 73.24133, 18.69041 ], [ 73.24592, 18.70242 ], [ 73.25238, 18.70581 ], [ 73.24869, 18.7083 ], [ 73.24655, 18.71823 ], [ 73.24143, 18.71954 ], [ 73.24868, 18.7452 ], [ 73.25341, 18.74475 ], [ 73.25734, 18.73997 ], [ 73.26228, 18.73015 ], [ 73.26173, 18.72053 ], [ 73.2751, 18.71843 ], [ 73.27683, 18.74255 ], [ 73.28394, 18.75705 ], [ 73.2881, 18.74177 ], [ 73.282, 18.73362 ], [ 73.28525, 18.72453 ], [ 73.28404, 18.70128 ], [ 73.28919, 18.68134 ], [ 73.2929, 18.6779 ], [ 73.30263, 18.67779 ], [ 73.30292, 18.66933 ] ] ], [ [ [ 73.23581, 18.7516 ], [ 73.23835, 18.73512 ], [ 73.22757, 18.73128 ], [ 73.22046, 18.74037 ], [ 73.22015, 18.74848 ], [ 73.22795, 18.75378 ], [ 73.23581, 18.7516 ] ] ], [ [ [ 73.25941, 18.75403 ], [ 73.25346, 18.75334 ], [ 73.24609, 18.75498 ], [ 73.25175, 18.76324 ], [ 73.25682, 18.76301 ], [ 73.26326, 18.76154 ], [ 73.25941, 18.75403 ] ] ], [ [ [ 73.2151, 18.80019 ], [ 73.21087, 18.78171 ], [ 73.20764, 18.7804 ], [ 73.20231, 18.79059 ], [ 73.20401, 18.8035 ], [ 73.214, 18.81031 ], [ 73.2151, 18.80019 ] ] ], [ [ [ 73.21646, 18.81331 ], [ 73.22903, 18.81217 ], [ 73.23107, 18.80395 ], [ 73.23676, 18.80098 ], [ 73.23335, 18.79331 ], [ 73.2244, 18.78622 ], [ 73.21784, 18.79785 ], [ 73.21574, 18.81095 ], [ 73.21646, 18.81331 ] ] ], [ [ [ 73.21517, 18.84855 ], [ 73.21606, 18.83261 ], [ 73.21954, 18.82906 ], [ 73.21651, 18.81666 ], [ 73.20901, 18.81527 ], [ 73.20434, 18.82015 ], [ 73.20428, 18.85383 ], [ 73.21105, 18.85727 ], [ 73.21517, 18.84855 ] ] ], [ [ [ 73.27019, 18.86846 ], [ 73.2951, 18.88682 ], [ 73.30201, 18.87702 ], [ 73.31691, 18.88338 ], [ 73.3309, 18.87387 ], [ 73.33203, 18.8634 ], [ 73.32849, 18.85578 ], [ 73.32046, 18.8513 ], [ 73.31567, 18.85061 ], [ 73.30718, 18.8556 ], [ 73.30429, 18.82471 ], [ 73.29837, 18.82058 ], [ 73.28975, 18.84577 ], [ 73.27407, 18.83778 ], [ 73.26851, 18.8412 ], [ 73.25977, 18.86131 ], [ 73.24919, 18.84559 ], [ 73.24494, 18.84559 ], [ 73.24229, 18.85732 ], [ 73.23315, 18.85992 ], [ 73.23966, 18.861 ], [ 73.24266, 18.8676 ], [ 73.24655, 18.86871 ], [ 73.27019, 18.86846 ] ] ], [ [ [ 73.23516, 18.90455 ], [ 73.22759, 18.89368 ], [ 73.21845, 18.89323 ], [ 73.21881, 18.92717 ], [ 73.22583, 18.9313 ], [ 73.23116, 18.93988 ], [ 73.23327, 18.95476 ], [ 73.23307, 18.9575 ], [ 73.22473, 18.9576 ], [ 73.22444, 18.96619 ], [ 73.21914, 18.96622 ], [ 73.22188, 18.98064 ], [ 73.22494, 18.97614 ], [ 73.23733, 18.98486 ], [ 73.24185, 18.99792 ], [ 73.23967, 19.00375 ], [ 73.24288, 18.99866 ], [ 73.25619, 18.99097 ], [ 73.26253, 19.00205 ], [ 73.26414, 18.99551 ], [ 73.2746, 19.00526 ], [ 73.2747, 19.00861 ], [ 73.27765, 19.00664 ], [ 73.27972, 19.01894 ], [ 73.28756, 19.00565 ], [ 73.2857, 19.00145 ], [ 73.2894, 18.98024 ], [ 73.30056, 18.94869 ], [ 73.2919, 18.94546 ], [ 73.29022, 18.93969 ], [ 73.27619, 18.93417 ], [ 73.27743, 18.9405 ], [ 73.28264, 18.94428 ], [ 73.28185, 18.9562 ], [ 73.27442, 18.96117 ], [ 73.26548, 18.95825 ], [ 73.26064, 18.94781 ], [ 73.26206, 18.93719 ], [ 73.27222, 18.92678 ], [ 73.26446, 18.91955 ], [ 73.26215, 18.91936 ], [ 73.26137, 18.9248 ], [ 73.2525, 18.92386 ], [ 73.25004, 18.93742 ], [ 73.23376, 18.93487 ], [ 73.23516, 18.90455 ] ] ], [ [ [ 73.24305, 19.39674 ], [ 73.25822, 19.39214 ], [ 73.25649, 19.38295 ], [ 73.25037, 19.38218 ], [ 73.24092, 19.39039 ], [ 73.24305, 19.39674 ] ] ], [ [ [ 73.2921, 20.01488 ], [ 73.28503, 20.00555 ], [ 73.2747, 20.00236 ], [ 73.27491, 19.99525 ], [ 73.27264, 19.99089 ], [ 73.27083, 19.99941 ], [ 73.26288, 20.00034 ], [ 73.26006, 20.00899 ], [ 73.26196, 20.01581 ], [ 73.25339, 20.01789 ], [ 73.246, 20.03551 ], [ 73.24781, 20.04372 ], [ 73.25559, 20.05267 ], [ 73.25335, 20.06085 ], [ 73.25982, 20.06259 ], [ 73.28065, 20.04446 ], [ 73.28338, 20.05019 ], [ 73.28925, 20.04968 ], [ 73.28654, 20.05599 ], [ 73.29178, 20.06078 ], [ 73.29737, 20.05998 ], [ 73.2982, 20.05257 ], [ 73.30275, 20.05162 ], [ 73.30829, 20.05802 ], [ 73.3086, 20.06752 ], [ 73.29951, 20.06989 ], [ 73.29475, 20.06464 ], [ 73.2959, 20.07203 ], [ 73.29286, 20.07414 ], [ 73.28982, 20.06377 ], [ 73.2798, 20.06342 ], [ 73.2826, 20.0598 ], [ 73.28071, 20.05627 ], [ 73.26694, 20.06499 ], [ 73.26246, 20.0758 ], [ 73.26462, 20.08153 ], [ 73.23888, 20.08256 ], [ 73.24249, 20.07691 ], [ 73.23441, 20.06816 ], [ 73.2418, 20.05222 ], [ 73.23833, 20.0429 ], [ 73.23541, 20.04295 ], [ 73.23488, 20.04989 ], [ 73.22677, 20.04237 ], [ 73.22352, 20.0459 ], [ 73.22013, 20.04448 ], [ 73.21664, 20.04746 ], [ 73.21709, 20.0584 ], [ 73.22724, 20.06889 ], [ 73.21924, 20.08366 ], [ 73.22244, 20.08999 ], [ 73.21212, 20.08993 ], [ 73.2097, 20.08533 ], [ 73.2139, 20.11899 ], [ 73.22316, 20.12494 ], [ 73.22929, 20.12263 ], [ 73.24323, 20.12812 ], [ 73.25008, 20.12282 ], [ 73.2547, 20.12693 ], [ 73.2539, 20.13796 ], [ 73.26515, 20.14026 ], [ 73.27923, 20.15014 ], [ 73.28065, 20.17318 ], [ 73.28953, 20.1659 ], [ 73.28981, 20.16174 ], [ 73.29431, 20.16298 ], [ 73.29697, 20.15935 ], [ 73.30473, 20.16014 ], [ 73.31389, 20.15655 ], [ 73.32348, 20.12798 ], [ 73.33675, 20.13249 ], [ 73.34075, 20.15265 ], [ 73.34819, 20.16814 ], [ 73.3495, 20.1813 ], [ 73.34597, 20.19607 ], [ 73.34218, 20.19694 ], [ 73.33767, 20.20014 ], [ 73.34314, 20.19726 ], [ 73.35288, 20.2015 ], [ 73.36376, 20.19566 ], [ 73.36254, 20.1924 ], [ 73.37304, 20.1825 ], [ 73.37555, 20.17257 ], [ 73.38622, 20.17067 ], [ 73.39045, 20.16206 ], [ 73.38829, 20.15082 ], [ 73.38397, 20.14847 ], [ 73.37637, 20.15149 ], [ 73.37538, 20.14692 ], [ 73.38321, 20.14265 ], [ 73.38836, 20.13303 ], [ 73.38219, 20.1186 ], [ 73.37037, 20.11714 ], [ 73.36428, 20.12043 ], [ 73.35664, 20.11373 ], [ 73.34888, 20.11555 ], [ 73.34774, 20.106 ], [ 73.33529, 20.08668 ], [ 73.33815, 20.06919 ], [ 73.3338, 20.06105 ], [ 73.35079, 20.06612 ], [ 73.36035, 20.05808 ], [ 73.36181, 20.05377 ], [ 73.35775, 20.05165 ], [ 73.35659, 20.04274 ], [ 73.35784, 20.03649 ], [ 73.36346, 20.03367 ], [ 73.36251, 20.02245 ], [ 73.35912, 20.01334 ], [ 73.35027, 20.01472 ], [ 73.34568, 20.01201 ], [ 73.34382, 20.00947 ], [ 73.3465, 20.0085 ], [ 73.34627, 20.003 ], [ 73.33879, 20.00031 ], [ 73.3352, 19.98782 ], [ 73.33083, 19.9909 ], [ 73.30055, 19.99349 ], [ 73.29809, 20.00045 ], [ 73.29022, 19.99793 ], [ 73.29063, 20.00679 ], [ 73.29583, 20.01247 ], [ 73.2921, 20.01488 ] ], [ [ 73.32125, 20.03575 ], [ 73.32125, 20.03576 ], [ 73.32122, 20.03576 ], [ 73.32125, 20.03575 ] ] ], [ [ [ 73.36695, 16.69083 ], [ 73.36966, 16.68712 ], [ 73.36678, 16.6826 ], [ 73.36436, 16.68704 ], [ 73.34756, 16.68811 ], [ 73.35351, 16.69659 ], [ 73.36019, 16.69737 ], [ 73.36844, 16.70562 ], [ 73.36695, 16.69083 ] ] ], [ [ [ 73.36293, 16.7447 ], [ 73.35859, 16.74129 ], [ 73.36631, 16.73927 ], [ 73.36339, 16.73423 ], [ 73.36534, 16.73101 ], [ 73.36063, 16.72802 ], [ 73.3556, 16.73152 ], [ 73.34827, 16.73145 ], [ 73.34831, 16.74134 ], [ 73.35257, 16.74133 ], [ 73.35023, 16.75127 ], [ 73.3569, 16.75304 ], [ 73.3629, 16.74642 ], [ 73.36554, 16.74718 ], [ 73.37186, 16.75264 ], [ 73.37273, 16.76308 ], [ 73.37992, 16.76906 ], [ 73.38085, 16.77616 ], [ 73.37032, 16.77866 ], [ 73.36823, 16.78835 ], [ 73.36934, 16.79517 ], [ 73.37637, 16.7998 ], [ 73.37084, 16.81501 ], [ 73.37591, 16.81802 ], [ 73.3809, 16.81468 ], [ 73.3908, 16.81485 ], [ 73.39334, 16.82341 ], [ 73.38989, 16.82982 ], [ 73.39323, 16.8311 ], [ 73.39195, 16.83656 ], [ 73.39516, 16.84309 ], [ 73.39627, 16.83694 ], [ 73.40032, 16.84273 ], [ 73.39999, 16.83786 ], [ 73.40509, 16.84293 ], [ 73.40491, 16.83072 ], [ 73.41421, 16.83348 ], [ 73.41576, 16.84299 ], [ 73.42222, 16.84467 ], [ 73.41692, 16.85102 ], [ 73.42226, 16.87036 ], [ 73.43073, 16.86393 ], [ 73.44472, 16.8402 ], [ 73.44925, 16.83966 ], [ 73.45426, 16.8482 ], [ 73.46237, 16.8498 ], [ 73.46962, 16.85661 ], [ 73.46604, 16.86158 ], [ 73.46334, 16.88079 ], [ 73.47454, 16.88378 ], [ 73.47942, 16.87839 ], [ 73.47699, 16.86487 ], [ 73.48327, 16.85327 ], [ 73.49019, 16.85635 ], [ 73.49407, 16.84655 ], [ 73.50569, 16.84497 ], [ 73.50852, 16.84818 ], [ 73.51155, 16.84469 ], [ 73.51606, 16.84545 ], [ 73.51741, 16.83563 ], [ 73.50991, 16.82524 ], [ 73.49437, 16.82298 ], [ 73.48533, 16.82652 ], [ 73.48484, 16.83008 ], [ 73.47835, 16.82328 ], [ 73.47443, 16.82312 ], [ 73.47633, 16.81704 ], [ 73.48873, 16.80843 ], [ 73.48796, 16.79663 ], [ 73.48123, 16.79284 ], [ 73.48138, 16.78439 ], [ 73.47528, 16.77531 ], [ 73.47895, 16.77402 ], [ 73.48194, 16.77174 ], [ 73.47277, 16.77037 ], [ 73.46656, 16.76383 ], [ 73.45962, 16.77043 ], [ 73.45661, 16.76981 ], [ 73.45593, 16.77573 ], [ 73.444, 16.78091 ], [ 73.4382, 16.7688 ], [ 73.43001, 16.76578 ], [ 73.42438, 16.77954 ], [ 73.40364, 16.77827 ], [ 73.40057, 16.77618 ], [ 73.40351, 16.7704 ], [ 73.40248, 16.76333 ], [ 73.41114, 16.75078 ], [ 73.40389, 16.7404 ], [ 73.39451, 16.73662 ], [ 73.38286, 16.73798 ], [ 73.37836, 16.74266 ], [ 73.38374, 16.75431 ], [ 73.37772, 16.75629 ], [ 73.37358, 16.74451 ], [ 73.36293, 16.7447 ] ] ], [ [ [ 73.35905, 17.44062 ], [ 73.37019, 17.44798 ], [ 73.37649, 17.43613 ], [ 73.37154, 17.42409 ], [ 73.37599, 17.42214 ], [ 73.36792, 17.41195 ], [ 73.35872, 17.41265 ], [ 73.35661, 17.4163 ], [ 73.35365, 17.43778 ], [ 73.35486, 17.44132 ], [ 73.35905, 17.44062 ] ] ], [ [ [ 73.35533, 17.55664 ], [ 73.3527, 17.53645 ], [ 73.34779, 17.529 ], [ 73.34046, 17.53273 ], [ 73.32703, 17.53356 ], [ 73.31966, 17.54649 ], [ 73.32266, 17.55099 ], [ 73.33922, 17.55067 ], [ 73.3458, 17.55428 ], [ 73.34677, 17.5678 ], [ 73.35293, 17.56801 ], [ 73.35533, 17.55664 ] ] ], [ [ [ 73.33979, 17.70146 ], [ 73.34719, 17.68857 ], [ 73.34163, 17.68787 ], [ 73.34509, 17.67808 ], [ 73.34881, 17.67992 ], [ 73.35133, 17.67341 ], [ 73.3541, 17.67797 ], [ 73.36019, 17.67376 ], [ 73.35185, 17.6663 ], [ 73.34846, 17.66811 ], [ 73.34948, 17.67198 ], [ 73.34369, 17.67481 ], [ 73.3442, 17.67835 ], [ 73.31916, 17.68171 ], [ 73.3202, 17.68796 ], [ 73.31727, 17.69003 ], [ 73.32466, 17.69362 ], [ 73.32609, 17.69884 ], [ 73.33631, 17.69736 ], [ 73.33979, 17.70146 ] ], [ [ 73.33199, 17.69265 ], [ 73.33271, 17.68774 ], [ 73.33324, 17.69245 ], [ 73.33199, 17.69265 ] ] ], [ [ [ 73.36386, 17.71727 ], [ 73.36971, 17.71651 ], [ 73.37942, 17.7053 ], [ 73.37934, 17.70197 ], [ 73.37342, 17.69943 ], [ 73.36778, 17.68544 ], [ 73.36147, 17.68858 ], [ 73.35447, 17.69849 ], [ 73.34782, 17.69826 ], [ 73.34581, 17.70334 ], [ 73.35075, 17.70765 ], [ 73.34902, 17.71149 ], [ 73.35203, 17.71879 ], [ 73.36271, 17.72147 ], [ 73.36386, 17.71727 ] ], [ [ 73.36755, 17.714 ], [ 73.35759, 17.70545 ], [ 73.35972, 17.69906 ], [ 73.36319, 17.70079 ], [ 73.36439, 17.70691 ], [ 73.37087, 17.70787 ], [ 73.36755, 17.714 ] ], [ [ 73.36863, 17.69433 ], [ 73.36364, 17.69259 ], [ 73.36489, 17.68952 ], [ 73.36863, 17.69433 ] ] ], [ [ [ 73.35602, 17.7433 ], [ 73.34251, 17.73779 ], [ 73.33869, 17.73914 ], [ 73.33641, 17.7524 ], [ 73.3218, 17.76134 ], [ 73.32359, 17.77535 ], [ 73.33512, 17.77281 ], [ 73.3401, 17.76787 ], [ 73.34691, 17.76819 ], [ 73.35384, 17.77888 ], [ 73.35316, 17.78395 ], [ 73.3606, 17.78843 ], [ 73.35835, 17.79339 ], [ 73.35391, 17.78921 ], [ 73.34542, 17.79323 ], [ 73.34271, 17.79696 ], [ 73.34823, 17.80267 ], [ 73.34275, 17.80965 ], [ 73.33833, 17.80495 ], [ 73.33653, 17.80443 ], [ 73.33881, 17.81179 ], [ 73.33337, 17.81383 ], [ 73.33575, 17.81649 ], [ 73.33943, 17.81291 ], [ 73.3364, 17.8166 ], [ 73.34052, 17.81846 ], [ 73.35051, 17.81777 ], [ 73.35341, 17.82838 ], [ 73.3453, 17.84846 ], [ 73.35284, 17.85474 ], [ 73.35564, 17.86169 ], [ 73.37214, 17.87153 ], [ 73.36846, 17.90796 ], [ 73.37532, 17.91194 ], [ 73.37765, 17.92217 ], [ 73.39019, 17.92052 ], [ 73.39545, 17.92897 ], [ 73.39346, 17.93951 ], [ 73.40384, 17.94048 ], [ 73.41139, 17.93327 ], [ 73.42949, 17.92765 ], [ 73.43027, 17.91947 ], [ 73.42285, 17.89695 ], [ 73.41426, 17.89408 ], [ 73.40535, 17.88327 ], [ 73.40919, 17.87477 ], [ 73.40735, 17.8534 ], [ 73.39795, 17.83293 ], [ 73.40228, 17.83216 ], [ 73.39781, 17.82698 ], [ 73.39907, 17.82219 ], [ 73.40638, 17.82385 ], [ 73.40695, 17.81832 ], [ 73.39776, 17.8165 ], [ 73.38338, 17.83833 ], [ 73.36833, 17.8233 ], [ 73.37323, 17.80584 ], [ 73.37772, 17.80322 ], [ 73.38096, 17.78587 ], [ 73.36593, 17.79022 ], [ 73.36825, 17.77609 ], [ 73.36222, 17.76222 ], [ 73.35515, 17.75746 ], [ 73.35975, 17.75001 ], [ 73.35602, 17.7433 ] ] ], [ [ [ 73.37494, 17.75693 ], [ 73.37271, 17.75568 ], [ 73.36606, 17.76025 ], [ 73.3717, 17.76393 ], [ 73.37494, 17.75693 ] ] ], [ [ [ 73.32337, 17.78306 ], [ 73.31881, 17.7834 ], [ 73.3162, 17.78003 ], [ 73.31283, 17.78633 ], [ 73.32199, 17.78979 ], [ 73.32337, 17.78306 ] ] ], [ [ [ 73.37047, 17.96007 ], [ 73.38682, 17.9583 ], [ 73.3861, 17.95202 ], [ 73.37622, 17.9461 ], [ 73.36703, 17.94588 ], [ 73.36629, 17.93345 ], [ 73.364, 17.9336 ], [ 73.35903, 17.94751 ], [ 73.36134, 17.95443 ], [ 73.35061, 17.95912 ], [ 73.34078, 17.9723 ], [ 73.3422, 17.98096 ], [ 73.34808, 17.98971 ], [ 73.36274, 17.9971 ], [ 73.36053, 17.99357 ], [ 73.36781, 17.97984 ], [ 73.36432, 17.97222 ], [ 73.3672, 17.95489 ], [ 73.37047, 17.96007 ] ] ], [ [ [ 73.30206, 18.04231 ], [ 73.31158, 18.03891 ], [ 73.31154, 18.03587 ], [ 73.30583, 18.03462 ], [ 73.30388, 18.02317 ], [ 73.2928, 18.03264 ], [ 73.30044, 18.03614 ], [ 73.30127, 18.0415 ], [ 73.30206, 18.04231 ] ] ], [ [ [ 73.31899, 18.05128 ], [ 73.32318, 18.04204 ], [ 73.31572, 18.03678 ], [ 73.31676, 18.02875 ], [ 73.31405, 18.02835 ], [ 73.31332, 18.04457 ], [ 73.30396, 18.06272 ], [ 73.30243, 18.07489 ], [ 73.28843, 18.07236 ], [ 73.28576, 18.07706 ], [ 73.28524, 18.09547 ], [ 73.31482, 18.09025 ], [ 73.34543, 18.09188 ], [ 73.33432, 18.09904 ], [ 73.3317, 18.10741 ], [ 73.32416, 18.11435 ], [ 73.31824, 18.11496 ], [ 73.32154, 18.11721 ], [ 73.31926, 18.11872 ], [ 73.32063, 18.12269 ], [ 73.31761, 18.12237 ], [ 73.31988, 18.12363 ], [ 73.31529, 18.13033 ], [ 73.31745, 18.13323 ], [ 73.31119, 18.13924 ], [ 73.33853, 18.13416 ], [ 73.35626, 18.12362 ], [ 73.36665, 18.13637 ], [ 73.37222, 18.13843 ], [ 73.37303, 18.14247 ], [ 73.3766, 18.14291 ], [ 73.38049, 18.1245 ], [ 73.37478, 18.11596 ], [ 73.37433, 18.10879 ], [ 73.38537, 18.10715 ], [ 73.39371, 18.09252 ], [ 73.39151, 18.08541 ], [ 73.37732, 18.08565 ], [ 73.37496, 18.07378 ], [ 73.35839, 18.08413 ], [ 73.34867, 18.07967 ], [ 73.33765, 18.08169 ], [ 73.33443, 18.07594 ], [ 73.32143, 18.06752 ], [ 73.32541, 18.06006 ], [ 73.31899, 18.05128 ] ], [ [ 73.35574, 18.1232 ], [ 73.35626, 18.12361 ], [ 73.35626, 18.12362 ], [ 73.35574, 18.1232 ] ] ], [ [ [ 73.36318, 18.173 ], [ 73.3576, 18.16738 ], [ 73.3594, 18.16505 ], [ 73.33562, 18.16496 ], [ 73.34908, 18.17873 ], [ 73.35814, 18.17896 ], [ 73.36318, 18.173 ] ] ], [ [ [ 73.30452, 18.1926 ], [ 73.30375, 18.18575 ], [ 73.29344, 18.18249 ], [ 73.29222, 18.19819 ], [ 73.30123, 18.198 ], [ 73.30452, 18.1926 ] ] ], [ [ [ 73.37019, 18.2016 ], [ 73.35151, 18.18383 ], [ 73.34575, 18.19297 ], [ 73.34692, 18.19805 ], [ 73.36601, 18.20784 ], [ 73.37019, 18.2016 ] ] ], [ [ [ 73.3449, 18.22218 ], [ 73.34191, 18.21309 ], [ 73.33358, 18.20951 ], [ 73.33302, 18.21758 ], [ 73.33595, 18.22195 ], [ 73.3449, 18.22218 ] ] ], [ [ [ 73.30522, 18.34933 ], [ 73.30599, 18.33059 ], [ 73.30257, 18.32293 ], [ 73.28764, 18.32014 ], [ 73.28911, 18.33956 ], [ 73.29347, 18.35077 ], [ 73.30522, 18.34933 ] ] ], [ [ [ 73.31775, 18.93528 ], [ 73.32163, 18.93046 ], [ 73.31487, 18.93548 ], [ 73.31775, 18.93528 ] ] ], [ [ [ 73.35735, 18.9519 ], [ 73.37103, 18.94462 ], [ 73.36107, 18.93777 ], [ 73.35735, 18.9519 ] ] ], [ [ [ 73.34153, 19.12429 ], [ 73.34247, 19.10754 ], [ 73.33905, 19.10791 ], [ 73.33748, 19.10406 ], [ 73.33232, 19.10565 ], [ 73.33097, 19.09525 ], [ 73.32728, 19.09353 ], [ 73.32575, 19.08656 ], [ 73.32086, 19.08758 ], [ 73.30928, 19.0996 ], [ 73.30743, 19.10693 ], [ 73.31623, 19.10763 ], [ 73.32634, 19.11967 ], [ 73.34153, 19.12429 ] ] ], [ [ [ 73.35822, 19.21061 ], [ 73.34602, 19.21105 ], [ 73.34487, 19.2181 ], [ 73.35234, 19.23344 ], [ 73.32892, 19.24552 ], [ 73.32926, 19.25024 ], [ 73.33741, 19.25578 ], [ 73.34753, 19.25222 ], [ 73.34576, 19.24682 ], [ 73.35165, 19.23943 ], [ 73.35578, 19.23715 ], [ 73.36178, 19.23969 ], [ 73.37582, 19.23134 ], [ 73.37546, 19.22364 ], [ 73.36979, 19.21434 ], [ 73.35822, 19.21061 ] ] ], [ [ [ 73.2961, 19.28969 ], [ 73.29013, 19.29203 ], [ 73.29449, 19.32231 ], [ 73.31081, 19.32488 ], [ 73.30475, 19.32182 ], [ 73.31864, 19.31875 ], [ 73.31916, 19.31298 ], [ 73.33408, 19.33347 ], [ 73.33809, 19.33565 ], [ 73.34549, 19.33357 ], [ 73.3451, 19.32759 ], [ 73.32529, 19.29261 ], [ 73.2961, 19.28969 ] ] ], [ [ [ 73.3683, 19.32806 ], [ 73.37991, 19.31376 ], [ 73.38008, 19.31698 ], [ 73.39687, 19.32174 ], [ 73.4371, 19.30019 ], [ 73.43278, 19.28859 ], [ 73.42793, 19.28704 ], [ 73.42959, 19.27433 ], [ 73.41375, 19.26589 ], [ 73.42221, 19.25679 ], [ 73.4249, 19.24345 ], [ 73.43562, 19.23815 ], [ 73.44914, 19.21797 ], [ 73.45707, 19.21406 ], [ 73.45309, 19.21242 ], [ 73.44885, 19.19331 ], [ 73.44273, 19.20248 ], [ 73.44213, 19.20908 ], [ 73.43587, 19.21344 ], [ 73.42922, 19.21368 ], [ 73.41877, 19.20694 ], [ 73.41398, 19.21918 ], [ 73.40703, 19.22465 ], [ 73.41386, 19.23241 ], [ 73.40746, 19.23556 ], [ 73.40381, 19.24639 ], [ 73.40584, 19.25015 ], [ 73.40326, 19.25459 ], [ 73.40812, 19.25856 ], [ 73.40863, 19.26373 ], [ 73.40369, 19.28477 ], [ 73.38784, 19.29612 ], [ 73.38433, 19.30217 ], [ 73.37629, 19.30057 ], [ 73.36574, 19.31126 ], [ 73.35624, 19.31423 ], [ 73.35154, 19.32093 ], [ 73.35406, 19.32638 ], [ 73.36109, 19.3243 ], [ 73.3683, 19.32806 ] ] ], [ [ [ 73.34753, 19.38182 ], [ 73.34567, 19.37053 ], [ 73.33355, 19.3696 ], [ 73.32945, 19.37085 ], [ 73.3274, 19.37922 ], [ 73.33079, 19.38349 ], [ 73.33635, 19.38146 ], [ 73.33767, 19.38488 ], [ 73.33975, 19.38163 ], [ 73.34753, 19.38182 ] ] ], [ [ [ 73.30014, 19.41883 ], [ 73.31101, 19.41087 ], [ 73.31726, 19.41282 ], [ 73.32221, 19.4049 ], [ 73.32171, 19.39634 ], [ 73.31277, 19.39545 ], [ 73.3103, 19.38294 ], [ 73.2981, 19.39334 ], [ 73.30014, 19.41883 ] ] ], [ [ [ 73.41465, 16.28951 ], [ 73.41478, 16.28545 ], [ 73.41118, 16.27506 ], [ 73.40644, 16.29577 ], [ 73.41465, 16.28951 ] ] ], [ [ [ 73.42748, 16.53111 ], [ 73.43096, 16.52316 ], [ 73.42287, 16.52034 ], [ 73.42309, 16.5153 ], [ 73.41925, 16.51618 ], [ 73.42044, 16.52955 ], [ 73.42748, 16.53111 ] ] ], [ [ [ 73.41734, 16.71985 ], [ 73.4361, 16.71812 ], [ 73.43437, 16.73189 ], [ 73.44491, 16.73701 ], [ 73.44207, 16.74136 ], [ 73.45926, 16.75017 ], [ 73.46144, 16.75425 ], [ 73.47519, 16.75383 ], [ 73.47386, 16.7368 ], [ 73.46654, 16.73912 ], [ 73.45422, 16.73738 ], [ 73.45457, 16.73337 ], [ 73.45005, 16.73188 ], [ 73.44998, 16.71624 ], [ 73.45708, 16.70888 ], [ 73.45445, 16.69921 ], [ 73.4576, 16.68741 ], [ 73.45464, 16.68292 ], [ 73.44723, 16.69439 ], [ 73.44244, 16.71155 ], [ 73.43233, 16.712 ], [ 73.4212, 16.69927 ], [ 73.41552, 16.70213 ], [ 73.41077, 16.69927 ], [ 73.40829, 16.7089 ], [ 73.41383, 16.71223 ], [ 73.41734, 16.71985 ] ] ], [ [ [ 73.44352, 17.17896 ], [ 73.43651, 17.16778 ], [ 73.43417, 17.17 ], [ 73.43005, 17.16685 ], [ 73.43073, 17.15589 ], [ 73.42521, 17.14786 ], [ 73.42167, 17.14943 ], [ 73.4203, 17.15526 ], [ 73.41499, 17.15511 ], [ 73.41515, 17.15985 ], [ 73.42206, 17.16411 ], [ 73.41521, 17.17108 ], [ 73.42245, 17.18307 ], [ 73.42597, 17.18106 ], [ 73.42168, 17.18623 ], [ 73.42225, 17.19561 ], [ 73.41843, 17.20259 ], [ 73.42116, 17.20975 ], [ 73.43852, 17.20395 ], [ 73.44913, 17.19158 ], [ 73.43924, 17.18093 ], [ 73.44352, 17.17896 ] ] ], [ [ [ 73.46435, 17.39405 ], [ 73.45627, 17.36373 ], [ 73.44903, 17.35634 ], [ 73.43341, 17.35041 ], [ 73.42712, 17.35098 ], [ 73.41594, 17.37384 ], [ 73.42351, 17.37487 ], [ 73.4291, 17.37966 ], [ 73.43246, 17.38781 ], [ 73.43005, 17.39546 ], [ 73.45621, 17.40209 ], [ 73.46435, 17.39405 ] ] ], [ [ [ 73.37864, 17.64066 ], [ 73.39014, 17.63822 ], [ 73.38957, 17.63774 ], [ 73.39007, 17.63598 ], [ 73.38945, 17.63544 ], [ 73.38996, 17.63435 ], [ 73.38938, 17.63307 ], [ 73.38379, 17.637 ], [ 73.37862, 17.63601 ], [ 73.37864, 17.64066 ] ] ], [ [ [ 73.41921, 17.66654 ], [ 73.42223, 17.66182 ], [ 73.41742, 17.6486 ], [ 73.41068, 17.65242 ], [ 73.40234, 17.64752 ], [ 73.40705, 17.64173 ], [ 73.38426, 17.65265 ], [ 73.38573, 17.65591 ], [ 73.39283, 17.654 ], [ 73.41921, 17.66654 ] ] ], [ [ [ 73.40758, 17.688 ], [ 73.40909, 17.68606 ], [ 73.40737, 17.68554 ], [ 73.40758, 17.688 ] ] ], [ [ [ 73.45109, 17.739 ], [ 73.43751, 17.7347 ], [ 73.42987, 17.74567 ], [ 73.42516, 17.74474 ], [ 73.42325, 17.74881 ], [ 73.41634, 17.7492 ], [ 73.41828, 17.75166 ], [ 73.41593, 17.76167 ], [ 73.41413, 17.76441 ], [ 73.41312, 17.76137 ], [ 73.40511, 17.76408 ], [ 73.40191, 17.77205 ], [ 73.39873, 17.78719 ], [ 73.4002, 17.80058 ], [ 73.40584, 17.79545 ], [ 73.41156, 17.78033 ], [ 73.42511, 17.7786 ], [ 73.42645, 17.75432 ], [ 73.43903, 17.75138 ], [ 73.45289, 17.7546 ], [ 73.45278, 17.75113 ], [ 73.46551, 17.75035 ], [ 73.47193, 17.74504 ], [ 73.47161, 17.73029 ], [ 73.45685, 17.7298 ], [ 73.45109, 17.739 ] ] ], [ [ [ 73.38764, 17.7465 ], [ 73.38587, 17.73885 ], [ 73.38293, 17.73901 ], [ 73.38012, 17.74578 ], [ 73.38414, 17.75374 ], [ 73.38764, 17.7465 ] ] ], [ [ [ 73.43574, 17.96455 ], [ 73.44598, 17.95792 ], [ 73.44573, 17.94778 ], [ 73.43997, 17.93699 ], [ 73.43384, 17.93373 ], [ 73.42819, 17.93852 ], [ 73.41241, 17.94353 ], [ 73.40254, 17.95612 ], [ 73.40398, 17.96132 ], [ 73.41637, 17.96078 ], [ 73.4139, 17.96954 ], [ 73.41719, 17.97676 ], [ 73.42125, 17.97309 ], [ 73.43669, 17.97293 ], [ 73.43574, 17.96455 ] ] ], [ [ [ 73.40662, 18.03927 ], [ 73.41076, 18.03208 ], [ 73.40485, 18.01848 ], [ 73.39036, 18.01633 ], [ 73.38668, 18.02727 ], [ 73.39205, 18.02888 ], [ 73.40137, 18.03986 ], [ 73.40662, 18.03927 ] ] ], [ [ [ 73.39475, 18.05192 ], [ 73.37497, 18.03185 ], [ 73.36839, 18.03903 ], [ 73.37128, 18.04302 ], [ 73.38308, 18.04508 ], [ 73.38921, 18.0543 ], [ 73.39475, 18.05192 ] ] ], [ [ [ 73.38559, 18.42656 ], [ 73.39644, 18.40328 ], [ 73.3742, 18.40665 ], [ 73.3692, 18.41324 ], [ 73.3735, 18.42257 ], [ 73.38559, 18.42656 ] ] ], [ [ [ 73.37484, 19.3965 ], [ 73.39256, 19.39583 ], [ 73.39566, 19.38875 ], [ 73.39395, 19.38267 ], [ 73.38159, 19.38247 ], [ 73.37155, 19.39104 ], [ 73.37484, 19.3965 ] ] ], [ [ [ 73.41762, 19.86768 ], [ 73.40373, 19.86997 ], [ 73.3937, 19.87895 ], [ 73.3827, 19.87836 ], [ 73.38438, 19.88665 ], [ 73.37759, 19.89898 ], [ 73.3835, 19.89923 ], [ 73.38937, 19.90379 ], [ 73.38667, 19.91175 ], [ 73.3771, 19.91904 ], [ 73.37889, 19.93245 ], [ 73.37319, 19.9326 ], [ 73.37255, 19.93988 ], [ 73.37543, 19.94286 ], [ 73.37148, 19.9503 ], [ 73.35807, 19.96239 ], [ 73.36199, 19.9677 ], [ 73.37138, 19.97105 ], [ 73.37608, 19.95969 ], [ 73.38919, 19.94595 ], [ 73.39807, 19.94303 ], [ 73.40774, 19.92736 ], [ 73.41804, 19.92293 ], [ 73.42271, 19.91665 ], [ 73.43003, 19.92053 ], [ 73.43925, 19.93465 ], [ 73.44099, 19.94647 ], [ 73.43978, 19.95706 ], [ 73.42835, 19.96147 ], [ 73.42947, 19.9836 ], [ 73.44319, 19.98123 ], [ 73.45711, 19.99092 ], [ 73.44996, 19.99585 ], [ 73.44797, 20.00743 ], [ 73.44334, 20.01143 ], [ 73.42077, 20.01595 ], [ 73.41766, 20.02043 ], [ 73.42109, 20.03025 ], [ 73.41819, 20.03499 ], [ 73.42223, 20.04591 ], [ 73.42981, 20.04429 ], [ 73.43901, 20.04875 ], [ 73.45099, 20.04936 ], [ 73.44942, 20.0668 ], [ 73.45584, 20.06801 ], [ 73.46361, 20.0618 ], [ 73.47709, 20.06122 ], [ 73.47718, 20.0428 ], [ 73.48702, 20.04101 ], [ 73.5003, 20.04371 ], [ 73.49896, 20.03117 ], [ 73.50325, 20.02526 ], [ 73.50042, 20.02291 ], [ 73.50193, 20.00539 ], [ 73.47668, 19.99843 ], [ 73.47374, 20.00138 ], [ 73.45911, 20.00295 ], [ 73.45779, 19.99489 ], [ 73.47203, 19.98942 ], [ 73.47929, 19.98197 ], [ 73.48209, 19.96925 ], [ 73.50285, 19.96222 ], [ 73.49879, 19.9609 ], [ 73.50321, 19.95494 ], [ 73.49498, 19.95171 ], [ 73.49263, 19.94622 ], [ 73.4814, 19.93763 ], [ 73.47762, 19.92898 ], [ 73.4802, 19.91677 ], [ 73.48414, 19.91259 ], [ 73.47154, 19.89949 ], [ 73.47295, 19.89207 ], [ 73.46935, 19.8872 ], [ 73.46915, 19.87886 ], [ 73.4534, 19.87224 ], [ 73.42679, 19.87214 ], [ 73.41762, 19.86768 ] ] ], [ [ [ 73.40685, 20.03575 ], [ 73.39434, 20.01497 ], [ 73.37993, 20.02086 ], [ 73.37315, 20.02011 ], [ 73.37177, 20.02329 ], [ 73.37902, 20.0296 ], [ 73.3879, 20.04885 ], [ 73.39941, 20.05749 ], [ 73.40303, 20.06513 ], [ 73.38618, 20.07218 ], [ 73.37966, 20.08007 ], [ 73.38288, 20.08489 ], [ 73.41322, 20.07395 ], [ 73.41461, 20.06517 ], [ 73.40771, 20.06518 ], [ 73.40677, 20.06205 ], [ 73.41064, 20.05494 ], [ 73.40685, 20.03575 ] ] ], [ [ [ 73.39159, 20.17345 ], [ 73.40686, 20.17117 ], [ 73.40625, 20.15669 ], [ 73.40275, 20.15442 ], [ 73.39282, 20.15365 ], [ 73.39512, 20.16024 ], [ 73.39122, 20.16534 ], [ 73.39159, 20.17345 ] ] ], [ [ [ 73.42383, 20.19486 ], [ 73.42189, 20.20804 ], [ 73.42827, 20.20973 ], [ 73.43519, 20.21676 ], [ 73.44708, 20.21922 ], [ 73.45093, 20.2267 ], [ 73.46099, 20.22794 ], [ 73.47668, 20.23623 ], [ 73.44823, 20.2435 ], [ 73.44958, 20.25133 ], [ 73.44307, 20.25088 ], [ 73.43721, 20.25539 ], [ 73.43378, 20.25392 ], [ 73.42902, 20.25846 ], [ 73.41418, 20.25935 ], [ 73.41552, 20.26195 ], [ 73.41224, 20.26595 ], [ 73.41881, 20.27008 ], [ 73.43753, 20.2656 ], [ 73.4483, 20.26769 ], [ 73.46816, 20.25024 ], [ 73.49835, 20.24503 ], [ 73.49618, 20.23262 ], [ 73.50335, 20.23117 ], [ 73.50748, 20.23383 ], [ 73.50982, 20.22897 ], [ 73.50644, 20.22231 ], [ 73.51324, 20.21717 ], [ 73.52366, 20.22206 ], [ 73.53213, 20.21454 ], [ 73.54302, 20.2124 ], [ 73.53913, 20.20916 ], [ 73.52842, 20.20823 ], [ 73.52303, 20.2025 ], [ 73.51341, 20.20592 ], [ 73.49277, 20.19159 ], [ 73.48742, 20.19424 ], [ 73.48506, 20.20404 ], [ 73.47148, 20.20377 ], [ 73.46256, 20.19859 ], [ 73.46143, 20.19247 ], [ 73.45335, 20.20266 ], [ 73.43997, 20.2004 ], [ 73.43623, 20.19294 ], [ 73.42383, 20.19486 ] ] ], [ [ [ 73.44109, 20.27785 ], [ 73.41841, 20.27343 ], [ 73.43506, 20.27965 ], [ 73.43441, 20.28752 ], [ 73.43686, 20.29134 ], [ 73.4412, 20.29099 ], [ 73.44288, 20.29545 ], [ 73.4386, 20.30043 ], [ 73.43951, 20.30687 ], [ 73.43373, 20.31274 ], [ 73.41905, 20.31402 ], [ 73.41535, 20.31742 ], [ 73.41496, 20.32792 ], [ 73.42811, 20.32893 ], [ 73.41506, 20.35128 ], [ 73.41611, 20.35646 ], [ 73.41345, 20.35607 ], [ 73.40644, 20.3734 ], [ 73.40605, 20.3847 ], [ 73.40086, 20.3856 ], [ 73.38494, 20.372 ], [ 73.37992, 20.38072 ], [ 73.37994, 20.39404 ], [ 73.38782, 20.39841 ], [ 73.39592, 20.39633 ], [ 73.3987, 20.4051 ], [ 73.40592, 20.40297 ], [ 73.40487, 20.40998 ], [ 73.41232, 20.41075 ], [ 73.41402, 20.41622 ], [ 73.41957, 20.41307 ], [ 73.41854, 20.41793 ], [ 73.42312, 20.42216 ], [ 73.4211, 20.43003 ], [ 73.4292, 20.44398 ], [ 73.43891, 20.4398 ], [ 73.44782, 20.44358 ], [ 73.452, 20.43642 ], [ 73.45103, 20.42697 ], [ 73.43576, 20.41653 ], [ 73.4374, 20.4053 ], [ 73.44167, 20.40544 ], [ 73.4435, 20.40935 ], [ 73.45426, 20.40704 ], [ 73.45924, 20.41242 ], [ 73.4578, 20.41737 ], [ 73.47926, 20.41655 ], [ 73.48971, 20.39378 ], [ 73.48736, 20.38981 ], [ 73.49394, 20.38639 ], [ 73.48786, 20.38487 ], [ 73.47826, 20.38968 ], [ 73.47556, 20.38123 ], [ 73.46971, 20.39015 ], [ 73.46471, 20.39037 ], [ 73.47278, 20.37331 ], [ 73.49124, 20.37253 ], [ 73.49525, 20.35604 ], [ 73.50229, 20.35881 ], [ 73.50616, 20.35549 ], [ 73.5047, 20.35311 ], [ 73.50875, 20.35173 ], [ 73.51219, 20.35592 ], [ 73.51453, 20.34996 ], [ 73.52219, 20.34783 ], [ 73.51705, 20.34086 ], [ 73.52292, 20.34507 ], [ 73.52772, 20.33772 ], [ 73.52656, 20.33201 ], [ 73.52239, 20.33151 ], [ 73.49797, 20.339 ], [ 73.50013, 20.33553 ], [ 73.49489, 20.3228 ], [ 73.48707, 20.32446 ], [ 73.49099, 20.32142 ], [ 73.48433, 20.32088 ], [ 73.48198, 20.3148 ], [ 73.47939, 20.31838 ], [ 73.47555, 20.31191 ], [ 73.47634, 20.30836 ], [ 73.48507, 20.30578 ], [ 73.47609, 20.30289 ], [ 73.48649, 20.30232 ], [ 73.48414, 20.29142 ], [ 73.46784, 20.28513 ], [ 73.46192, 20.27264 ], [ 73.45848, 20.27122 ], [ 73.44109, 20.27785 ] ] ], [ [ [ 73.43585, 16.41851 ], [ 73.45545, 16.41899 ], [ 73.45586, 16.41319 ], [ 73.43353, 16.41075 ], [ 73.43585, 16.41851 ] ] ], [ [ [ 73.47487, 16.92516 ], [ 73.46993, 16.91613 ], [ 73.46785, 16.91792 ], [ 73.47054, 16.92796 ], [ 73.46739, 16.93481 ], [ 73.47895, 16.93834 ], [ 73.48196, 16.93602 ], [ 73.4824, 16.92458 ], [ 73.47841, 16.92086 ], [ 73.47487, 16.92516 ] ] ], [ [ [ 73.44644, 17.31368 ], [ 73.45217, 17.30415 ], [ 73.4605, 17.30093 ], [ 73.44437, 17.28956 ], [ 73.43977, 17.28136 ], [ 73.42625, 17.28669 ], [ 73.42319, 17.29354 ], [ 73.41601, 17.29887 ], [ 73.42569, 17.30378 ], [ 73.4221, 17.3097 ], [ 73.42416, 17.31167 ], [ 73.44644, 17.31368 ] ] ], [ [ [ 73.45499, 17.54344 ], [ 73.47849, 17.53818 ], [ 73.47814, 17.53588 ], [ 73.47002, 17.52582 ], [ 73.46565, 17.52632 ], [ 73.46482, 17.52094 ], [ 73.45411, 17.52071 ], [ 73.45164, 17.53961 ], [ 73.45499, 17.54344 ] ] ], [ [ [ 73.46552, 19.29844 ], [ 73.46999, 19.2839 ], [ 73.45657, 19.27939 ], [ 73.45135, 19.27302 ], [ 73.44487, 19.27119 ], [ 73.45193, 19.28405 ], [ 73.4537, 19.29614 ], [ 73.46552, 19.29844 ] ] ], [ [ [ 73.44842, 20.11007 ], [ 73.46059, 20.1028 ], [ 73.4618, 20.11316 ], [ 73.47507, 20.11317 ], [ 73.48294, 20.1098 ], [ 73.49341, 20.11114 ], [ 73.49809, 20.1047 ], [ 73.50797, 20.10317 ], [ 73.50974, 20.0985 ], [ 73.51837, 20.09279 ], [ 73.51269, 20.07483 ], [ 73.50767, 20.07278 ], [ 73.50048, 20.07804 ], [ 73.49104, 20.07777 ], [ 73.4876, 20.08354 ], [ 73.48283, 20.08381 ], [ 73.47332, 20.07677 ], [ 73.46846, 20.08225 ], [ 73.46437, 20.08221 ], [ 73.46194, 20.08751 ], [ 73.45643, 20.08756 ], [ 73.45716, 20.07592 ], [ 73.45309, 20.07656 ], [ 73.45021, 20.07336 ], [ 73.44383, 20.08465 ], [ 73.43773, 20.08443 ], [ 73.43409, 20.0961 ], [ 73.43897, 20.10597 ], [ 73.44842, 20.11007 ] ] ], [ [ [ 73.46928, 20.13126 ], [ 73.45754, 20.13549 ], [ 73.45518, 20.14576 ], [ 73.44833, 20.15037 ], [ 73.45384, 20.15823 ], [ 73.44334, 20.17801 ], [ 73.44462, 20.18461 ], [ 73.45072, 20.18358 ], [ 73.45262, 20.18661 ], [ 73.46846, 20.18014 ], [ 73.47269, 20.1815 ], [ 73.47283, 20.1777 ], [ 73.47834, 20.1788 ], [ 73.47873, 20.17551 ], [ 73.48329, 20.1753 ], [ 73.48216, 20.17089 ], [ 73.4881, 20.16057 ], [ 73.48529, 20.14981 ], [ 73.49034, 20.1343 ], [ 73.46928, 20.13126 ] ] ], [ [ [ 73.47363, 20.48119 ], [ 73.46148, 20.46714 ], [ 73.46426, 20.45678 ], [ 73.46074, 20.45879 ], [ 73.4538, 20.4486 ], [ 73.44916, 20.45554 ], [ 73.44102, 20.45645 ], [ 73.43776, 20.46063 ], [ 73.44483, 20.47478 ], [ 73.45625, 20.47833 ], [ 73.45798, 20.49052 ], [ 73.46767, 20.49647 ], [ 73.4694, 20.51903 ], [ 73.47783, 20.51308 ], [ 73.48347, 20.52266 ], [ 73.48642, 20.51823 ], [ 73.48688, 20.50307 ], [ 73.49033, 20.49952 ], [ 73.48632, 20.49281 ], [ 73.48551, 20.48008 ], [ 73.47959, 20.47854 ], [ 73.47363, 20.48119 ] ] ], [ [ [ 73.48493, 20.59782 ], [ 73.47907, 20.58726 ], [ 73.48315, 20.57572 ], [ 73.47825, 20.56535 ], [ 73.47224, 20.58544 ], [ 73.4376, 20.59661 ], [ 73.43846, 20.60257 ], [ 73.43402, 20.60735 ], [ 73.43339, 20.6156 ], [ 73.4396, 20.63718 ], [ 73.44868, 20.63609 ], [ 73.45848, 20.64213 ], [ 73.46604, 20.63865 ], [ 73.47455, 20.64307 ], [ 73.47345, 20.63924 ], [ 73.47825, 20.6415 ], [ 73.50447, 20.63854 ], [ 73.49466, 20.64975 ], [ 73.49764, 20.65862 ], [ 73.50251, 20.66227 ], [ 73.50452, 20.67068 ], [ 73.51133, 20.66576 ], [ 73.5179, 20.66743 ], [ 73.52049, 20.67885 ], [ 73.52158, 20.67528 ], [ 73.53279, 20.67274 ], [ 73.5508, 20.64856 ], [ 73.55785, 20.64587 ], [ 73.56185, 20.6504 ], [ 73.56664, 20.64842 ], [ 73.56836, 20.65141 ], [ 73.59599, 20.63611 ], [ 73.59952, 20.6369 ], [ 73.61519, 20.62482 ], [ 73.61686, 20.61792 ], [ 73.62228, 20.61424 ], [ 73.62689, 20.59767 ], [ 73.62344, 20.60148 ], [ 73.61667, 20.60104 ], [ 73.61433, 20.60608 ], [ 73.6026, 20.61395 ], [ 73.60079, 20.61041 ], [ 73.60749, 20.60771 ], [ 73.60516, 20.59343 ], [ 73.59887, 20.58815 ], [ 73.59375, 20.58988 ], [ 73.59459, 20.59357 ], [ 73.5839, 20.59575 ], [ 73.57703, 20.58727 ], [ 73.57395, 20.59542 ], [ 73.56648, 20.60017 ], [ 73.55129, 20.59226 ], [ 73.55131, 20.59781 ], [ 73.54818, 20.59913 ], [ 73.55055, 20.60159 ], [ 73.54846, 20.60055 ], [ 73.54624, 20.60848 ], [ 73.53428, 20.60978 ], [ 73.53461, 20.59309 ], [ 73.5464, 20.58427 ], [ 73.55434, 20.58311 ], [ 73.55802, 20.57492 ], [ 73.56463, 20.57046 ], [ 73.55726, 20.56137 ], [ 73.54868, 20.56263 ], [ 73.53344, 20.55518 ], [ 73.52834, 20.56182 ], [ 73.52212, 20.55706 ], [ 73.52421, 20.5511 ], [ 73.52154, 20.54876 ], [ 73.52029, 20.55698 ], [ 73.51609, 20.55887 ], [ 73.51537, 20.55548 ], [ 73.51387, 20.55669 ], [ 73.5177, 20.56303 ], [ 73.51663, 20.57042 ], [ 73.50275, 20.56656 ], [ 73.50903, 20.5843 ], [ 73.50406, 20.59667 ], [ 73.49571, 20.59919 ], [ 73.48493, 20.59782 ] ] ], [ [ [ 73.47619, 20.65763 ], [ 73.47659, 20.65495 ], [ 73.4717, 20.65444 ], [ 73.4693, 20.65025 ], [ 73.46395, 20.65016 ], [ 73.46304, 20.65462 ], [ 73.45959, 20.65489 ], [ 73.46147, 20.66158 ], [ 73.45854, 20.6668 ], [ 73.44395, 20.68038 ], [ 73.44903, 20.67797 ], [ 73.45885, 20.67923 ], [ 73.46466, 20.68225 ], [ 73.46793, 20.69128 ], [ 73.47123, 20.69157 ], [ 73.4742, 20.68289 ], [ 73.47194, 20.67932 ], [ 73.47857, 20.67665 ], [ 73.48462, 20.66888 ], [ 73.48136, 20.65935 ], [ 73.47619, 20.65763 ] ] ], [ [ [ 73.48657, 16.30425 ], [ 73.50284, 16.30001 ], [ 73.51514, 16.31142 ], [ 73.52174, 16.31047 ], [ 73.51848, 16.31279 ], [ 73.51853, 16.32035 ], [ 73.53159, 16.32904 ], [ 73.54142, 16.32315 ], [ 73.561, 16.32983 ], [ 73.57069, 16.3369 ], [ 73.57098, 16.35707 ], [ 73.57647, 16.35509 ], [ 73.58554, 16.36094 ], [ 73.60112, 16.35129 ], [ 73.62642, 16.36468 ], [ 73.62619, 16.36766 ], [ 73.61689, 16.36707 ], [ 73.61577, 16.37159 ], [ 73.60938, 16.3693 ], [ 73.60577, 16.37542 ], [ 73.60791, 16.38076 ], [ 73.59039, 16.37799 ], [ 73.58858, 16.38196 ], [ 73.57733, 16.38187 ], [ 73.57242, 16.38578 ], [ 73.56902, 16.37887 ], [ 73.56528, 16.37765 ], [ 73.56585, 16.38106 ], [ 73.55827, 16.39005 ], [ 73.55642, 16.40478 ], [ 73.55123, 16.40726 ], [ 73.54753, 16.39736 ], [ 73.52922, 16.39598 ], [ 73.52764, 16.39117 ], [ 73.51987, 16.39079 ], [ 73.51099, 16.39835 ], [ 73.5076, 16.40873 ], [ 73.52668, 16.41415 ], [ 73.53169, 16.42301 ], [ 73.54245, 16.42508 ], [ 73.53815, 16.42926 ], [ 73.53949, 16.44262 ], [ 73.56358, 16.45754 ], [ 73.57581, 16.45159 ], [ 73.58333, 16.46063 ], [ 73.59371, 16.46239 ], [ 73.59979, 16.45166 ], [ 73.5983, 16.46607 ], [ 73.60136, 16.46718 ], [ 73.59686, 16.47047 ], [ 73.59612, 16.46809 ], [ 73.59244, 16.46797 ], [ 73.596, 16.47107 ], [ 73.58916, 16.47412 ], [ 73.58677, 16.48185 ], [ 73.57797, 16.47998 ], [ 73.56759, 16.48589 ], [ 73.56255, 16.48377 ], [ 73.53817, 16.49428 ], [ 73.53868, 16.50361 ], [ 73.5438, 16.51004 ], [ 73.53658, 16.51599 ], [ 73.54051, 16.52041 ], [ 73.543, 16.5374 ], [ 73.53619, 16.56031 ], [ 73.55762, 16.55713 ], [ 73.56302, 16.56235 ], [ 73.57347, 16.56368 ], [ 73.56894, 16.57077 ], [ 73.57202, 16.57622 ], [ 73.59107, 16.59341 ], [ 73.61443, 16.57864 ], [ 73.61463, 16.57241 ], [ 73.60396, 16.58226 ], [ 73.59895, 16.57392 ], [ 73.60308, 16.56708 ], [ 73.61412, 16.56407 ], [ 73.61007, 16.55516 ], [ 73.6214, 16.54818 ], [ 73.61588, 16.53754 ], [ 73.61527, 16.527 ], [ 73.6077, 16.53058 ], [ 73.60056, 16.54446 ], [ 73.59167, 16.54064 ], [ 73.57837, 16.54514 ], [ 73.57009, 16.53594 ], [ 73.57936, 16.5287 ], [ 73.57352, 16.52434 ], [ 73.57958, 16.50799 ], [ 73.58661, 16.51613 ], [ 73.59674, 16.51777 ], [ 73.60157, 16.4969 ], [ 73.59874, 16.48577 ], [ 73.61082, 16.4774 ], [ 73.61146, 16.47285 ], [ 73.60591, 16.46932 ], [ 73.61206, 16.46178 ], [ 73.62378, 16.45606 ], [ 73.62774, 16.45596 ], [ 73.62939, 16.46324 ], [ 73.64324, 16.46043 ], [ 73.64863, 16.45528 ], [ 73.6506, 16.44667 ], [ 73.66131, 16.44446 ], [ 73.66143, 16.43987 ], [ 73.66587, 16.43799 ], [ 73.67106, 16.42923 ], [ 73.67416, 16.43072 ], [ 73.67719, 16.42273 ], [ 73.68718, 16.42214 ], [ 73.69003, 16.41879 ], [ 73.68932, 16.42066 ], [ 73.69583, 16.42027 ], [ 73.7005, 16.41425 ], [ 73.70991, 16.41009 ], [ 73.70042, 16.40426 ], [ 73.6991, 16.39883 ], [ 73.69178, 16.40037 ], [ 73.67891, 16.39465 ], [ 73.66601, 16.39968 ], [ 73.66007, 16.40648 ], [ 73.65203, 16.40434 ], [ 73.6491, 16.40941 ], [ 73.64559, 16.40225 ], [ 73.65896, 16.38003 ], [ 73.65047, 16.37687 ], [ 73.65044, 16.36011 ], [ 73.66175, 16.34343 ], [ 73.66517, 16.34804 ], [ 73.67011, 16.34671 ], [ 73.67115, 16.35278 ], [ 73.68038, 16.35449 ], [ 73.68321, 16.34423 ], [ 73.69106, 16.34255 ], [ 73.69534, 16.33709 ], [ 73.7083, 16.33121 ], [ 73.70438, 16.31941 ], [ 73.70647, 16.31318 ], [ 73.70338, 16.31232 ], [ 73.69628, 16.29813 ], [ 73.69816, 16.28859 ], [ 73.68493, 16.28164 ], [ 73.68861, 16.27181 ], [ 73.68546, 16.26746 ], [ 73.69139, 16.25679 ], [ 73.68389, 16.24714 ], [ 73.68178, 16.25082 ], [ 73.65802, 16.25458 ], [ 73.64371, 16.24828 ], [ 73.64595, 16.25529 ], [ 73.64375, 16.26209 ], [ 73.64889, 16.26845 ], [ 73.64825, 16.27313 ], [ 73.64388, 16.27436 ], [ 73.6446, 16.27809 ], [ 73.64006, 16.27798 ], [ 73.64259, 16.28184 ], [ 73.63833, 16.28281 ], [ 73.63234, 16.29969 ], [ 73.6277, 16.30162 ], [ 73.6291, 16.30629 ], [ 73.62375, 16.30747 ], [ 73.61888, 16.29911 ], [ 73.60268, 16.28612 ], [ 73.60035, 16.29015 ], [ 73.59652, 16.28671 ], [ 73.59593, 16.29714 ], [ 73.58168, 16.30388 ], [ 73.58121, 16.30664 ], [ 73.57392, 16.29667 ], [ 73.56343, 16.293 ], [ 73.55873, 16.28762 ], [ 73.54082, 16.28717 ], [ 73.52546, 16.29174 ], [ 73.5273, 16.2865 ], [ 73.52462, 16.28628 ], [ 73.52335, 16.28027 ], [ 73.52565, 16.27244 ], [ 73.51906, 16.26875 ], [ 73.51049, 16.27044 ], [ 73.49558, 16.25786 ], [ 73.49132, 16.26454 ], [ 73.48446, 16.29801 ], [ 73.48657, 16.30425 ] ], [ [ 73.60867, 16.44548 ], [ 73.60658, 16.43886 ], [ 73.60151, 16.43698 ], [ 73.60298, 16.42939 ], [ 73.60911, 16.42582 ], [ 73.62441, 16.42716 ], [ 73.62687, 16.4401 ], [ 73.62469, 16.44896 ], [ 73.60867, 16.44548 ] ], [ [ 73.60895, 16.40146 ], [ 73.5902, 16.41278 ], [ 73.5796, 16.4143 ], [ 73.57586, 16.41069 ], [ 73.57022, 16.41166 ], [ 73.57633, 16.39464 ], [ 73.57919, 16.39771 ], [ 73.59279, 16.3997 ], [ 73.60195, 16.38902 ], [ 73.60823, 16.39348 ], [ 73.60895, 16.40146 ] ] ], [ [ [ 73.48274, 16.32718 ], [ 73.48424, 16.33146 ], [ 73.48625, 16.33233 ], [ 73.48617, 16.32523 ], [ 73.48274, 16.32718 ] ] ], [ [ [ 73.48151, 16.36598 ], [ 73.49095, 16.3577 ], [ 73.48592, 16.35139 ], [ 73.46931, 16.34522 ], [ 73.46627, 16.35503 ], [ 73.47127, 16.36259 ], [ 73.48151, 16.36598 ] ] ], [ [ [ 73.495, 16.52252 ], [ 73.4968, 16.5199 ], [ 73.48266, 16.50899 ], [ 73.45627, 16.51585 ], [ 73.45954, 16.52657 ], [ 73.495, 16.52252 ] ] ], [ [ [ 73.52319, 16.59494 ], [ 73.53104, 16.58943 ], [ 73.53001, 16.57813 ], [ 73.52642, 16.57375 ], [ 73.50811, 16.56943 ], [ 73.50331, 16.56507 ], [ 73.50133, 16.57583 ], [ 73.49529, 16.57977 ], [ 73.49936, 16.5879 ], [ 73.4949, 16.588 ], [ 73.49151, 16.58346 ], [ 73.49366, 16.6056 ], [ 73.49123, 16.60847 ], [ 73.49522, 16.60951 ], [ 73.49967, 16.6058 ], [ 73.50066, 16.60836 ], [ 73.49685, 16.60946 ], [ 73.4987, 16.61204 ], [ 73.50604, 16.61462 ], [ 73.50964, 16.60572 ], [ 73.52071, 16.60099 ], [ 73.52319, 16.59494 ] ] ], [ [ [ 73.49311, 16.62778 ], [ 73.49351, 16.63083 ], [ 73.49735, 16.63126 ], [ 73.49311, 16.62778 ] ] ], [ [ [ 73.52637, 16.64901 ], [ 73.52314, 16.63689 ], [ 73.53353, 16.61866 ], [ 73.52956, 16.61606 ], [ 73.52154, 16.61928 ], [ 73.51782, 16.61766 ], [ 73.50823, 16.63663 ], [ 73.51454, 16.65022 ], [ 73.52637, 16.64901 ] ] ], [ [ [ 73.5128, 16.66074 ], [ 73.50308, 16.67221 ], [ 73.50493, 16.67701 ], [ 73.50195, 16.68416 ], [ 73.50639, 16.68906 ], [ 73.50087, 16.69609 ], [ 73.49312, 16.69382 ], [ 73.49554, 16.69619 ], [ 73.49245, 16.69995 ], [ 73.49705, 16.70271 ], [ 73.49831, 16.70911 ], [ 73.49393, 16.70793 ], [ 73.48918, 16.71249 ], [ 73.47632, 16.71051 ], [ 73.47961, 16.7179 ], [ 73.49875, 16.7152 ], [ 73.50285, 16.71002 ], [ 73.51006, 16.71504 ], [ 73.52655, 16.71582 ], [ 73.52588, 16.71197 ], [ 73.52595, 16.70797 ], [ 73.52539, 16.70655 ], [ 73.52556, 16.70591 ], [ 73.53484, 16.69993 ], [ 73.52952, 16.68999 ], [ 73.52268, 16.68589 ], [ 73.5249, 16.67724 ], [ 73.51903, 16.66151 ], [ 73.5128, 16.66074 ] ] ], [ [ [ 73.52276, 16.81154 ], [ 73.52585, 16.8085 ], [ 73.52199, 16.80069 ], [ 73.52209, 16.78864 ], [ 73.50704, 16.79974 ], [ 73.51315, 16.80277 ], [ 73.51346, 16.80952 ], [ 73.52276, 16.81154 ] ] ], [ [ [ 73.48379, 17.08549 ], [ 73.48461, 17.07202 ], [ 73.47411, 17.07508 ], [ 73.4703, 17.09125 ], [ 73.47573, 17.09304 ], [ 73.48379, 17.08549 ] ] ], [ [ [ 73.5014, 17.15906 ], [ 73.50719, 17.153 ], [ 73.50818, 17.14267 ], [ 73.49166, 17.14179 ], [ 73.4958, 17.14895 ], [ 73.495, 17.15882 ], [ 73.5014, 17.15906 ] ] ], [ [ [ 73.51427, 17.99954 ], [ 73.51822, 17.96713 ], [ 73.49989, 17.97477 ], [ 73.49631, 17.98349 ], [ 73.49757, 17.99034 ], [ 73.4809, 17.99105 ], [ 73.47549, 18.00315 ], [ 73.4696, 18.006 ], [ 73.47005, 18.01161 ], [ 73.47177, 18.00742 ], [ 73.47666, 18.01029 ], [ 73.48185, 18.00645 ], [ 73.48443, 18.0106 ], [ 73.48687, 18.00307 ], [ 73.49177, 18.00069 ], [ 73.49067, 17.99821 ], [ 73.49841, 17.99698 ], [ 73.50061, 17.99092 ], [ 73.50961, 17.99279 ], [ 73.51427, 17.99954 ] ] ], [ [ [ 73.51852, 18.00415 ], [ 73.51477, 18.00175 ], [ 73.51099, 18.00525 ], [ 73.50646, 18.01564 ], [ 73.47681, 18.01193 ], [ 73.47132, 18.01238 ], [ 73.47034, 18.01708 ], [ 73.50031, 18.02792 ], [ 73.51104, 18.02602 ], [ 73.52513, 18.03134 ], [ 73.54036, 18.03069 ], [ 73.5474, 18.02563 ], [ 73.54754, 18.02081 ], [ 73.54243, 18.01935 ], [ 73.54024, 18.00827 ], [ 73.53654, 18.00468 ], [ 73.53959, 17.99817 ], [ 73.52752, 17.99786 ], [ 73.51852, 18.00415 ] ], [ [ 73.52676, 18.01416 ], [ 73.52675, 18.01416 ], [ 73.52642, 18.01353 ], [ 73.52676, 18.01416 ] ] ], [ [ [ 73.50159, 18.05569 ], [ 73.49975, 18.045 ], [ 73.48051, 18.05072 ], [ 73.48525, 18.05954 ], [ 73.49067, 18.06192 ], [ 73.50864, 18.06249 ], [ 73.50826, 18.05741 ], [ 73.50159, 18.05569 ] ] ], [ [ [ 73.48293, 18.08824 ], [ 73.50758, 18.07031 ], [ 73.50896, 18.0662 ], [ 73.49133, 18.06863 ], [ 73.48474, 18.07313 ], [ 73.47142, 18.07059 ], [ 73.47723, 18.07821 ], [ 73.47577, 18.08466 ], [ 73.48293, 18.08824 ] ] ], [ [ [ 73.5262, 19.29222 ], [ 73.52366, 19.29029 ], [ 73.52745, 19.28626 ], [ 73.53489, 19.28687 ], [ 73.53634, 19.29522 ], [ 73.54277, 19.30363 ], [ 73.55262, 19.29741 ], [ 73.55945, 19.29766 ], [ 73.56013, 19.29134 ], [ 73.56687, 19.28858 ], [ 73.57161, 19.28212 ], [ 73.56626, 19.2795 ], [ 73.56254, 19.28198 ], [ 73.56101, 19.27864 ], [ 73.55556, 19.27976 ], [ 73.55141, 19.27703 ], [ 73.54338, 19.279 ], [ 73.54103, 19.2874 ], [ 73.5379, 19.28672 ], [ 73.5371, 19.27872 ], [ 73.51999, 19.27639 ], [ 73.51875, 19.28812 ], [ 73.51108, 19.28831 ], [ 73.50844, 19.30684 ], [ 73.52031, 19.3031 ], [ 73.5262, 19.29222 ] ] ], [ [ [ 73.52075, 19.36349 ], [ 73.53012, 19.36041 ], [ 73.5344, 19.34891 ], [ 73.53909, 19.35248 ], [ 73.53659, 19.3558 ], [ 73.53825, 19.3634 ], [ 73.54086, 19.36555 ], [ 73.54946, 19.36184 ], [ 73.54512, 19.3553 ], [ 73.54877, 19.35164 ], [ 73.54901, 19.34255 ], [ 73.54553, 19.34155 ], [ 73.55994, 19.33382 ], [ 73.5564, 19.32216 ], [ 73.55232, 19.32097 ], [ 73.53282, 19.33711 ], [ 73.5286, 19.33545 ], [ 73.52525, 19.33991 ], [ 73.52205, 19.33891 ], [ 73.51298, 19.34983 ], [ 73.4924, 19.34859 ], [ 73.48816, 19.35408 ], [ 73.48672, 19.3644 ], [ 73.49471, 19.3721 ], [ 73.4959, 19.37916 ], [ 73.50135, 19.38289 ], [ 73.5161, 19.38451 ], [ 73.52407, 19.38004 ], [ 73.52075, 19.36349 ] ] ], [ [ [ 73.5038, 20.43089 ], [ 73.50919, 20.42196 ], [ 73.50828, 20.41623 ], [ 73.49971, 20.41925 ], [ 73.49268, 20.4178 ], [ 73.48931, 20.4103 ], [ 73.47926, 20.41655 ], [ 73.48797, 20.41583 ], [ 73.49321, 20.43024 ], [ 73.5038, 20.43089 ] ] ], [ [ [ 73.51161, 20.5044 ], [ 73.51953, 20.49794 ], [ 73.52246, 20.49954 ], [ 73.5273, 20.48703 ], [ 73.5123, 20.4861 ], [ 73.51197, 20.49421 ], [ 73.50722, 20.50037 ], [ 73.51161, 20.5044 ] ] ], [ [ [ 73.50051, 20.5428 ], [ 73.51542, 20.53776 ], [ 73.5206, 20.5189 ], [ 73.514, 20.51588 ], [ 73.49465, 20.51843 ], [ 73.49145, 20.52816 ], [ 73.49356, 20.54053 ], [ 73.50051, 20.5428 ] ] ], [ [ [ 73.56919, 16.77047 ], [ 73.56331, 16.77766 ], [ 73.55087, 16.77226 ], [ 73.54704, 16.77601 ], [ 73.55618, 16.78357 ], [ 73.55613, 16.79272 ], [ 73.56462, 16.79246 ], [ 73.57267, 16.80546 ], [ 73.57294, 16.81368 ], [ 73.58322, 16.81314 ], [ 73.58726, 16.80858 ], [ 73.59544, 16.81061 ], [ 73.59916, 16.80301 ], [ 73.60594, 16.80652 ], [ 73.6068, 16.80137 ], [ 73.61103, 16.7987 ], [ 73.6092, 16.79523 ], [ 73.61845, 16.79321 ], [ 73.61795, 16.78425 ], [ 73.62246, 16.77518 ], [ 73.6153, 16.76855 ], [ 73.6052, 16.76528 ], [ 73.61974, 16.75562 ], [ 73.61107, 16.7521 ], [ 73.60792, 16.74531 ], [ 73.60981, 16.73773 ], [ 73.61576, 16.73965 ], [ 73.61657, 16.74589 ], [ 73.62508, 16.74553 ], [ 73.62487, 16.74997 ], [ 73.63347, 16.74283 ], [ 73.62952, 16.74049 ], [ 73.62969, 16.72998 ], [ 73.63921, 16.72037 ], [ 73.6468, 16.73031 ], [ 73.65985, 16.73554 ], [ 73.66405, 16.71515 ], [ 73.66052, 16.70695 ], [ 73.66197, 16.7028 ], [ 73.64629, 16.69735 ], [ 73.63964, 16.70534 ], [ 73.63211, 16.69692 ], [ 73.6258, 16.69614 ], [ 73.62641, 16.70121 ], [ 73.62228, 16.704 ], [ 73.62412, 16.70613 ], [ 73.61877, 16.70729 ], [ 73.61419, 16.70029 ], [ 73.60796, 16.698 ], [ 73.60465, 16.70594 ], [ 73.60725, 16.71233 ], [ 73.6049, 16.71788 ], [ 73.60846, 16.72175 ], [ 73.60907, 16.73182 ], [ 73.58919, 16.73244 ], [ 73.58312, 16.73727 ], [ 73.58484, 16.74579 ], [ 73.58055, 16.75138 ], [ 73.58178, 16.75768 ], [ 73.57657, 16.76296 ], [ 73.57736, 16.76856 ], [ 73.56919, 16.77047 ] ] ], [ [ [ 73.55036, 16.83586 ], [ 73.55598, 16.83053 ], [ 73.55216, 16.8199 ], [ 73.54311, 16.81732 ], [ 73.55036, 16.83586 ] ] ], [ [ [ 73.53648, 16.86103 ], [ 73.5393, 16.85482 ], [ 73.53148, 16.85102 ], [ 73.52848, 16.85616 ], [ 73.53072, 16.85899 ], [ 73.52803, 16.8605 ], [ 73.53022, 16.86346 ], [ 73.53648, 16.86103 ] ] ], [ [ [ 73.54676, 16.91765 ], [ 73.54521, 16.91444 ], [ 73.53287, 16.91035 ], [ 73.53327, 16.91641 ], [ 73.52728, 16.92301 ], [ 73.52988, 16.93331 ], [ 73.52534, 16.93613 ], [ 73.53285, 16.93619 ], [ 73.53565, 16.94028 ], [ 73.53358, 16.95329 ], [ 73.53812, 16.95626 ], [ 73.54381, 16.95646 ], [ 73.55051, 16.95007 ], [ 73.55251, 16.94584 ], [ 73.54774, 16.94209 ], [ 73.55014, 16.93492 ], [ 73.55619, 16.94263 ], [ 73.56268, 16.93754 ], [ 73.56694, 16.93982 ], [ 73.57052, 16.9377 ], [ 73.56181, 16.92062 ], [ 73.54676, 16.91765 ] ] ], [ [ [ 73.55235, 17.03364 ], [ 73.55573, 17.02878 ], [ 73.55146, 17.02628 ], [ 73.55471, 17.01515 ], [ 73.56027, 17.01554 ], [ 73.56491, 17.02012 ], [ 73.571, 17.01807 ], [ 73.57073, 17.02751 ], [ 73.58602, 17.01687 ], [ 73.58331, 17.0042 ], [ 73.57957, 17.00298 ], [ 73.57595, 16.97839 ], [ 73.56327, 16.977 ], [ 73.55502, 16.99184 ], [ 73.55546, 16.99761 ], [ 73.55086, 17.00158 ], [ 73.55083, 17.01335 ], [ 73.54302, 17.01358 ], [ 73.53696, 17.01984 ], [ 73.54106, 17.03261 ], [ 73.55235, 17.03364 ] ] ], [ [ [ 73.52509, 17.03841 ], [ 73.52565, 17.03364 ], [ 73.52262, 17.02458 ], [ 73.51791, 17.03491 ], [ 73.52155, 17.03998 ], [ 73.52509, 17.03841 ] ] ], [ [ [ 73.53623, 17.06067 ], [ 73.5276, 17.04731 ], [ 73.52723, 17.05305 ], [ 73.51888, 17.05879 ], [ 73.51984, 17.06587 ], [ 73.53623, 17.06067 ] ] ], [ [ [ 73.55606, 17.19425 ], [ 73.55473, 17.18864 ], [ 73.55969, 17.18728 ], [ 73.56234, 17.1906 ], [ 73.56088, 17.19421 ], [ 73.56554, 17.19638 ], [ 73.56799, 17.19267 ], [ 73.56454, 17.19095 ], [ 73.56819, 17.18168 ], [ 73.56573, 17.17424 ], [ 73.57023, 17.1692 ], [ 73.56174, 17.16238 ], [ 73.54995, 17.16909 ], [ 73.5416, 17.18096 ], [ 73.53785, 17.17879 ], [ 73.5348, 17.18104 ], [ 73.53125, 17.18867 ], [ 73.54029, 17.18816 ], [ 73.54625, 17.18308 ], [ 73.54953, 17.19006 ], [ 73.54825, 17.19877 ], [ 73.55606, 17.19425 ] ] ], [ [ [ 73.56061, 17.39252 ], [ 73.56184, 17.3831 ], [ 73.55169, 17.38457 ], [ 73.55508, 17.39265 ], [ 73.56061, 17.39252 ] ] ], [ [ [ 73.54153, 17.60006 ], [ 73.53786, 17.59806 ], [ 73.53468, 17.60142 ], [ 73.54151, 17.60504 ], [ 73.54153, 17.60006 ] ] ], [ [ [ 73.53268, 17.61088 ], [ 73.53642, 17.61094 ], [ 73.5373, 17.60763 ], [ 73.53095, 17.60625 ], [ 73.53268, 17.61088 ] ] ], [ [ [ 73.52329, 18.07492 ], [ 73.5254, 18.06984 ], [ 73.53361, 18.06438 ], [ 73.53212, 18.0594 ], [ 73.52204, 18.0583 ], [ 73.52345, 18.06536 ], [ 73.52046, 18.07464 ], [ 73.52329, 18.07492 ] ] ], [ [ [ 73.5199, 18.75314 ], [ 73.53156, 18.75076 ], [ 73.53508, 18.74408 ], [ 73.54026, 18.74373 ], [ 73.54158, 18.73817 ], [ 73.52724, 18.72067 ], [ 73.52169, 18.74266 ], [ 73.52229, 18.7518 ], [ 73.5199, 18.75314 ] ] ], [ [ [ 73.54507, 18.81116 ], [ 73.53453, 18.80015 ], [ 73.53616, 18.79754 ], [ 73.53151, 18.7892 ], [ 73.52746, 18.78975 ], [ 73.52388, 18.79928 ], [ 73.52727, 18.81672 ], [ 73.53049, 18.81772 ], [ 73.52957, 18.81504 ], [ 73.53677, 18.81438 ], [ 73.54031, 18.80994 ], [ 73.54507, 18.81116 ] ] ], [ [ [ 73.56723, 19.91189 ], [ 73.56501, 19.90717 ], [ 73.578, 19.90269 ], [ 73.57731, 19.8923 ], [ 73.55947, 19.88658 ], [ 73.55306, 19.87915 ], [ 73.54488, 19.88406 ], [ 73.53628, 19.8836 ], [ 73.55335, 19.91075 ], [ 73.55409, 19.92351 ], [ 73.56133, 19.92356 ], [ 73.56723, 19.91189 ] ] ], [ [ [ 73.52128, 19.9366 ], [ 73.51952, 19.93226 ], [ 73.52535, 19.92207 ], [ 73.53641, 19.92529 ], [ 73.53777, 19.92139 ], [ 73.54099, 19.92495 ], [ 73.54344, 19.92364 ], [ 73.54693, 19.92675 ], [ 73.5448, 19.93175 ], [ 73.54847, 19.93292 ], [ 73.55145, 19.92202 ], [ 73.54174, 19.91626 ], [ 73.54007, 19.90785 ], [ 73.53327, 19.91064 ], [ 73.5308, 19.90176 ], [ 73.5235, 19.89806 ], [ 73.5235, 19.90807 ], [ 73.50972, 19.90681 ], [ 73.51247, 19.91319 ], [ 73.50895, 19.91821 ], [ 73.51164, 19.92624 ], [ 73.50968, 19.93151 ], [ 73.51851, 19.94068 ], [ 73.52128, 19.9366 ] ] ], [ [ [ 73.53491, 20.11425 ], [ 73.54189, 20.10936 ], [ 73.54525, 20.09327 ], [ 73.54013, 20.09014 ], [ 73.53979, 20.08619 ], [ 73.52851, 20.08783 ], [ 73.51939, 20.09889 ], [ 73.5217, 20.10824 ], [ 73.53491, 20.11425 ] ] ], [ [ [ 73.56032, 20.1694 ], [ 73.5674, 20.16145 ], [ 73.56145, 20.15173 ], [ 73.55389, 20.15205 ], [ 73.55762, 20.15792 ], [ 73.55519, 20.15769 ], [ 73.55664, 20.1669 ], [ 73.56032, 20.1694 ] ] ], [ [ [ 73.53666, 20.38735 ], [ 73.54312, 20.37887 ], [ 73.54835, 20.3817 ], [ 73.54999, 20.37492 ], [ 73.54624, 20.37127 ], [ 73.54294, 20.37022 ], [ 73.53442, 20.37614 ], [ 73.53666, 20.38735 ] ] ], [ [ [ 73.54725, 20.48317 ], [ 73.56106, 20.47052 ], [ 73.55742, 20.46 ], [ 73.53696, 20.46014 ], [ 73.53513, 20.47394 ], [ 73.53738, 20.48291 ], [ 73.54725, 20.48317 ] ] ], [ [ [ 73.54201, 20.51865 ], [ 73.54013, 20.50971 ], [ 73.53355, 20.51168 ], [ 73.53698, 20.52583 ], [ 73.5386, 20.51834 ], [ 73.54201, 20.51865 ] ] ], [ [ [ 73.62858, 15.92051 ], [ 73.60313, 15.90028 ], [ 73.60297, 15.90916 ], [ 73.59364, 15.91679 ], [ 73.6047, 15.92387 ], [ 73.60606, 15.92915 ], [ 73.61426, 15.92723 ], [ 73.61889, 15.93093 ], [ 73.62046, 15.9421 ], [ 73.61534, 15.9529 ], [ 73.61826, 15.9649 ], [ 73.62359, 15.96631 ], [ 73.62066, 15.97016 ], [ 73.62307, 15.97255 ], [ 73.62254, 15.9831 ], [ 73.62347, 15.99353 ], [ 73.62438, 15.99535 ], [ 73.63109, 15.98897 ], [ 73.62608, 15.98856 ], [ 73.62652, 15.98511 ], [ 73.6295, 15.98691 ], [ 73.63348, 15.98334 ], [ 73.63439, 15.96335 ], [ 73.65283, 15.9608 ], [ 73.67088, 15.93949 ], [ 73.66904, 15.93568 ], [ 73.65746, 15.93066 ], [ 73.65229, 15.91978 ], [ 73.64008, 15.92245 ], [ 73.62858, 15.92051 ] ] ], [ [ [ 73.61896, 16.01081 ], [ 73.62155, 15.9997 ], [ 73.60971, 16.00086 ], [ 73.60846, 15.99594 ], [ 73.60453, 15.99486 ], [ 73.60708, 15.99361 ], [ 73.60359, 15.99496 ], [ 73.60181, 15.98978 ], [ 73.59517, 15.9933 ], [ 73.59838, 16.00692 ], [ 73.59641, 16.01661 ], [ 73.60832, 16.0089 ], [ 73.61896, 16.01081 ] ] ], [ [ [ 73.58171, 16.02202 ], [ 73.58667, 16.00116 ], [ 73.58286, 15.99607 ], [ 73.58603, 15.99877 ], [ 73.58888, 15.99592 ], [ 73.58733, 15.99259 ], [ 73.58121, 15.99197 ], [ 73.57732, 15.99759 ], [ 73.57885, 16.0066 ], [ 73.57445, 16.01452 ], [ 73.57912, 16.02139 ], [ 73.58171, 16.02202 ] ] ], [ [ [ 73.58364, 16.63725 ], [ 73.59726, 16.63109 ], [ 73.59495, 16.62694 ], [ 73.60133, 16.61329 ], [ 73.59319, 16.61044 ], [ 73.57884, 16.61368 ], [ 73.57356, 16.61021 ], [ 73.57001, 16.61541 ], [ 73.57372, 16.61958 ], [ 73.56947, 16.63314 ], [ 73.58364, 16.63725 ] ] ], [ [ [ 73.60885, 16.68235 ], [ 73.61789, 16.67425 ], [ 73.61827, 16.66538 ], [ 73.62385, 16.65962 ], [ 73.63907, 16.66288 ], [ 73.64833, 16.65825 ], [ 73.64693, 16.64201 ], [ 73.63498, 16.63264 ], [ 73.62658, 16.6428 ], [ 73.62332, 16.65582 ], [ 73.61165, 16.65308 ], [ 73.60515, 16.66217 ], [ 73.59996, 16.66103 ], [ 73.59409, 16.6649 ], [ 73.59147, 16.67549 ], [ 73.59967, 16.68285 ], [ 73.60885, 16.68235 ] ] ], [ [ [ 73.58396, 16.69241 ], [ 73.59119, 16.67709 ], [ 73.58569, 16.67414 ], [ 73.58371, 16.66512 ], [ 73.57918, 16.66179 ], [ 73.57441, 16.66365 ], [ 73.56744, 16.67786 ], [ 73.56174, 16.67423 ], [ 73.55845, 16.67667 ], [ 73.57104, 16.68953 ], [ 73.58219, 16.68767 ], [ 73.58, 16.69095 ], [ 73.58396, 16.69241 ] ] ], [ [ [ 73.60178, 16.94646 ], [ 73.61585, 16.94085 ], [ 73.62068, 16.93344 ], [ 73.61195, 16.92632 ], [ 73.60854, 16.92915 ], [ 73.59832, 16.92802 ], [ 73.58667, 16.94619 ], [ 73.59332, 16.94832 ], [ 73.59638, 16.94253 ], [ 73.60178, 16.94646 ] ] ], [ [ [ 73.5579, 17.09246 ], [ 73.56576, 17.08823 ], [ 73.5714, 17.08979 ], [ 73.56794, 17.08147 ], [ 73.55887, 17.08182 ], [ 73.5579, 17.09246 ] ] ], [ [ [ 73.5822, 17.59496 ], [ 73.57691, 17.58616 ], [ 73.57357, 17.58797 ], [ 73.57473, 17.59264 ], [ 73.5822, 17.59496 ] ] ], [ [ [ 73.61592, 18.49697 ], [ 73.60494, 18.49139 ], [ 73.59487, 18.49614 ], [ 73.58755, 18.50493 ], [ 73.58337, 18.52091 ], [ 73.58558, 18.52648 ], [ 73.60276, 18.52511 ], [ 73.60583, 18.51507 ], [ 73.61432, 18.51779 ], [ 73.61377, 18.51455 ], [ 73.6181, 18.52024 ], [ 73.62782, 18.51946 ], [ 73.62136, 18.49383 ], [ 73.61592, 18.49697 ] ] ], [ [ [ 73.58129, 18.72778 ], [ 73.57915, 18.71052 ], [ 73.57811, 18.70914 ], [ 73.57417, 18.71275 ], [ 73.57092, 18.71183 ], [ 73.56861, 18.71599 ], [ 73.56577, 18.71617 ], [ 73.56589, 18.71229 ], [ 73.55804, 18.71369 ], [ 73.55516, 18.72328 ], [ 73.55604, 18.72796 ], [ 73.57368, 18.72929 ], [ 73.58129, 18.72778 ] ] ], [ [ [ 73.57606, 19.33934 ], [ 73.57391, 19.32233 ], [ 73.57105, 19.32144 ], [ 73.56334, 19.33378 ], [ 73.56656, 19.33872 ], [ 73.57606, 19.33934 ] ] ], [ [ [ 73.58691, 19.3611 ], [ 73.59349, 19.3607 ], [ 73.59919, 19.35096 ], [ 73.59676, 19.34393 ], [ 73.58873, 19.33756 ], [ 73.57857, 19.34363 ], [ 73.57826, 19.34896 ], [ 73.58691, 19.3611 ] ] ], [ [ [ 73.61326, 19.40977 ], [ 73.62173, 19.40621 ], [ 73.61873, 19.39069 ], [ 73.61075, 19.3908 ], [ 73.60944, 19.38597 ], [ 73.60724, 19.38765 ], [ 73.6013, 19.38316 ], [ 73.59541, 19.38328 ], [ 73.59082, 19.37747 ], [ 73.57658, 19.37933 ], [ 73.58119, 19.38296 ], [ 73.58328, 19.39506 ], [ 73.59535, 19.39501 ], [ 73.59016, 19.40321 ], [ 73.59647, 19.40487 ], [ 73.59522, 19.41059 ], [ 73.60269, 19.41753 ], [ 73.60295, 19.42388 ], [ 73.61225, 19.42207 ], [ 73.61326, 19.40977 ] ] ], [ [ [ 73.61046, 19.9955 ], [ 73.60709, 19.98096 ], [ 73.59197, 19.97559 ], [ 73.58102, 19.97842 ], [ 73.5817, 19.98468 ], [ 73.57791, 19.99054 ], [ 73.58417, 19.99772 ], [ 73.58445, 20.00367 ], [ 73.59404, 20.00417 ], [ 73.59463, 19.99665 ], [ 73.60489, 19.99603 ], [ 73.60521, 20.00052 ], [ 73.60855, 20.00128 ], [ 73.61046, 19.9955 ] ] ], [ [ [ 73.63922, 16.60127 ], [ 73.64652, 16.60099 ], [ 73.64815, 16.59442 ], [ 73.66219, 16.57942 ], [ 73.65657, 16.57506 ], [ 73.6485, 16.57562 ], [ 73.65006, 16.56729 ], [ 73.646, 16.56195 ], [ 73.64128, 16.56067 ], [ 73.63612, 16.56351 ], [ 73.63235, 16.55919 ], [ 73.63529, 16.57213 ], [ 73.62571, 16.58316 ], [ 73.62261, 16.59888 ], [ 73.63073, 16.60731 ], [ 73.63922, 16.60127 ] ] ], [ [ [ 73.63314, 16.63045 ], [ 73.63555, 16.62001 ], [ 73.63181, 16.61355 ], [ 73.608, 16.61036 ], [ 73.60249, 16.61268 ], [ 73.60736, 16.61931 ], [ 73.60768, 16.63165 ], [ 73.61161, 16.64046 ], [ 73.61624, 16.64016 ], [ 73.62645, 16.62987 ], [ 73.63314, 16.63045 ] ] ], [ [ [ 73.6132, 16.82957 ], [ 73.60614, 16.83949 ], [ 73.60828, 16.84403 ], [ 73.60426, 16.85503 ], [ 73.60604, 16.85834 ], [ 73.61005, 16.86212 ], [ 73.62794, 16.86194 ], [ 73.63193, 16.85151 ], [ 73.62164, 16.8469 ], [ 73.62123, 16.8398 ], [ 73.61631, 16.83586 ], [ 73.62353, 16.82749 ], [ 73.6132, 16.82957 ] ] ], [ [ [ 73.61925, 16.91466 ], [ 73.63312, 16.90069 ], [ 73.63858, 16.90031 ], [ 73.63708, 16.89726 ], [ 73.6274, 16.88762 ], [ 73.62068, 16.89209 ], [ 73.60925, 16.89184 ], [ 73.60327, 16.90568 ], [ 73.61099, 16.90638 ], [ 73.61925, 16.91466 ] ] ], [ [ [ 73.63166, 17.56538 ], [ 73.63289, 17.55048 ], [ 73.62424, 17.54955 ], [ 73.60679, 17.5412 ], [ 73.60632, 17.54608 ], [ 73.59821, 17.55058 ], [ 73.60382, 17.56333 ], [ 73.63166, 17.56538 ] ] ], [ [ [ 73.62347, 17.58969 ], [ 73.63065, 17.59093 ], [ 73.63484, 17.58592 ], [ 73.62499, 17.58728 ], [ 73.62347, 17.58969 ] ] ], [ [ [ 73.63999, 17.59855 ], [ 73.63583, 17.59601 ], [ 73.635, 17.59915 ], [ 73.64043, 17.60328 ], [ 73.63999, 17.59855 ] ] ], [ [ [ 73.65182, 18.4241 ], [ 73.64733, 18.40983 ], [ 73.63803, 18.40711 ], [ 73.62408, 18.40924 ], [ 73.61637, 18.42019 ], [ 73.63474, 18.43652 ], [ 73.63363, 18.44237 ], [ 73.64892, 18.45104 ], [ 73.65476, 18.44264 ], [ 73.65674, 18.43169 ], [ 73.65182, 18.4241 ] ] ], [ [ [ 73.61486, 18.77412 ], [ 73.61757, 18.7757 ], [ 73.61792, 18.78321 ], [ 73.62137, 18.78289 ], [ 73.62729, 18.76828 ], [ 73.63314, 18.76846 ], [ 73.63219, 18.7533 ], [ 73.60627, 18.75539 ], [ 73.60792, 18.77592 ], [ 73.60504, 18.78052 ], [ 73.60822, 18.78386 ], [ 73.61196, 18.78406 ], [ 73.61486, 18.77412 ] ] ], [ [ [ 73.6022, 20.38781 ], [ 73.5939, 20.39263 ], [ 73.59337, 20.40732 ], [ 73.60047, 20.41433 ], [ 73.60852, 20.41068 ], [ 73.61484, 20.41713 ], [ 73.62118, 20.41353 ], [ 73.62541, 20.41679 ], [ 73.61412, 20.4444 ], [ 73.62022, 20.45465 ], [ 73.63476, 20.44868 ], [ 73.63742, 20.43894 ], [ 73.63892, 20.44119 ], [ 73.65222, 20.43859 ], [ 73.65483, 20.44923 ], [ 73.65107, 20.45355 ], [ 73.66257, 20.45844 ], [ 73.67172, 20.45625 ], [ 73.67668, 20.44262 ], [ 73.67875, 20.44749 ], [ 73.6757, 20.47548 ], [ 73.71752, 20.47135 ], [ 73.7182, 20.45319 ], [ 73.71206, 20.45201 ], [ 73.70466, 20.44443 ], [ 73.69538, 20.44406 ], [ 73.68932, 20.43413 ], [ 73.67517, 20.43475 ], [ 73.6725, 20.42825 ], [ 73.66825, 20.42998 ], [ 73.65035, 20.424 ], [ 73.64436, 20.42585 ], [ 73.63641, 20.41847 ], [ 73.62558, 20.41697 ], [ 73.63088, 20.40869 ], [ 73.63704, 20.40569 ], [ 73.63731, 20.40089 ], [ 73.65229, 20.40166 ], [ 73.66386, 20.39368 ], [ 73.67721, 20.39117 ], [ 73.67807, 20.3832 ], [ 73.67084, 20.38046 ], [ 73.67237, 20.36761 ], [ 73.63924, 20.37348 ], [ 73.62509, 20.38743 ], [ 73.6022, 20.38781 ] ] ], [ [ [ 73.60803, 20.48737 ], [ 73.62852, 20.4826 ], [ 73.62426, 20.46711 ], [ 73.61808, 20.45736 ], [ 73.61257, 20.46105 ], [ 73.61176, 20.45851 ], [ 73.60204, 20.47442 ], [ 73.60433, 20.48454 ], [ 73.60803, 20.48737 ] ] ], [ [ [ 73.62897, 21.15505 ], [ 73.62743, 21.14335 ], [ 73.63464, 21.14088 ], [ 73.64336, 21.13957 ], [ 73.66494, 21.1473 ], [ 73.67445, 21.14154 ], [ 73.67527, 21.13758 ], [ 73.67226, 21.13847 ], [ 73.66852, 21.13306 ], [ 73.65719, 21.12975 ], [ 73.66164, 21.12741 ], [ 73.65891, 21.12319 ], [ 73.66135, 21.11969 ], [ 73.66397, 21.12148 ], [ 73.66178, 21.12477 ], [ 73.66872, 21.12634 ], [ 73.66836, 21.13207 ], [ 73.67278, 21.12755 ], [ 73.67888, 21.12888 ], [ 73.6772, 21.10856 ], [ 73.6519, 21.1076 ], [ 73.64638, 21.12125 ], [ 73.64342, 21.12192 ], [ 73.63103, 21.12328 ], [ 73.61846, 21.11846 ], [ 73.61191, 21.13808 ], [ 73.61763, 21.1427 ], [ 73.61504, 21.14459 ], [ 73.61537, 21.15158 ], [ 73.61848, 21.15573 ], [ 73.62897, 21.15505 ] ] ], [ [ [ 73.67085, 16.14775 ], [ 73.68498, 16.13695 ], [ 73.6833, 16.12856 ], [ 73.67646, 16.12474 ], [ 73.67185, 16.11663 ], [ 73.664, 16.13075 ], [ 73.65727, 16.1349 ], [ 73.67085, 16.14775 ] ] ], [ [ [ 73.70968, 16.21831 ], [ 73.70995, 16.21371 ], [ 73.70297, 16.20788 ], [ 73.70075, 16.19761 ], [ 73.7036, 16.17697 ], [ 73.69437, 16.17312 ], [ 73.69456, 16.16776 ], [ 73.68954, 16.17184 ], [ 73.68339, 16.16915 ], [ 73.67468, 16.17685 ], [ 73.6639, 16.177 ], [ 73.66334, 16.19339 ], [ 73.66872, 16.19841 ], [ 73.67018, 16.20569 ], [ 73.68524, 16.21066 ], [ 73.69558, 16.22136 ], [ 73.70666, 16.22307 ], [ 73.7111, 16.22828 ], [ 73.73173, 16.23469 ], [ 73.74, 16.24347 ], [ 73.76319, 16.24391 ], [ 73.76945, 16.23822 ], [ 73.77352, 16.22678 ], [ 73.7676, 16.21949 ], [ 73.74937, 16.21087 ], [ 73.73652, 16.22215 ], [ 73.7319, 16.20867 ], [ 73.72746, 16.20699 ], [ 73.72656, 16.20268 ], [ 73.71819, 16.20555 ], [ 73.70968, 16.21831 ] ] ], [ [ [ 73.69025, 16.54991 ], [ 73.69156, 16.54269 ], [ 73.70377, 16.5331 ], [ 73.68291, 16.52177 ], [ 73.66817, 16.52589 ], [ 73.6837, 16.55353 ], [ 73.69025, 16.54991 ] ] ], [ [ [ 73.68829, 16.69611 ], [ 73.69209, 16.6893 ], [ 73.66698, 16.67708 ], [ 73.66113, 16.66785 ], [ 73.65207, 16.69205 ], [ 73.65907, 16.69542 ], [ 73.66822, 16.69237 ], [ 73.68127, 16.69777 ], [ 73.68829, 16.69611 ] ] ], [ [ [ 73.68469, 18.42575 ], [ 73.66669, 18.40993 ], [ 73.66193, 18.41453 ], [ 73.66521, 18.42066 ], [ 73.67428, 18.42628 ], [ 73.68465, 18.42945 ], [ 73.68469, 18.42575 ] ] ], [ [ [ 73.68203, 18.89944 ], [ 73.69683, 18.89265 ], [ 73.69086, 18.88636 ], [ 73.69066, 18.87543 ], [ 73.6659, 18.87741 ], [ 73.6651, 18.87509 ], [ 73.66049, 18.87828 ], [ 73.66933, 18.88033 ], [ 73.67401, 18.89198 ], [ 73.66531, 18.89593 ], [ 73.65947, 18.91686 ], [ 73.67271, 18.93245 ], [ 73.69106, 18.92868 ], [ 73.69377, 18.92064 ], [ 73.69162, 18.91033 ], [ 73.68203, 18.89944 ] ] ], [ [ [ 73.6731, 19.6777 ], [ 73.67515, 19.65135 ], [ 73.68259, 19.63868 ], [ 73.68054, 19.62752 ], [ 73.67739, 19.62835 ], [ 73.66627, 19.64771 ], [ 73.66108, 19.65005 ], [ 73.65644, 19.66189 ], [ 73.65686, 19.66854 ], [ 73.66837, 19.6771 ], [ 73.6731, 19.6777 ] ] ], [ [ [ 73.69843, 20.54606 ], [ 73.67656, 20.54182 ], [ 73.67163, 20.54477 ], [ 73.66311, 20.54415 ], [ 73.67219, 20.54998 ], [ 73.6696, 20.56369 ], [ 73.69538, 20.57837 ], [ 73.69968, 20.57525 ], [ 73.73233, 20.57442 ], [ 73.7433, 20.56723 ], [ 73.74873, 20.55347 ], [ 73.74272, 20.55368 ], [ 73.71841, 20.53246 ], [ 73.71519, 20.53591 ], [ 73.70443, 20.5336 ], [ 73.69843, 20.54606 ] ] ], [ [ [ 73.71936, 15.7697 ], [ 73.7394, 15.76729 ], [ 73.7403, 15.76035 ], [ 73.72754, 15.74847 ], [ 73.72074, 15.75377 ], [ 73.71912, 15.76035 ], [ 73.72246, 15.76564 ], [ 73.71936, 15.7697 ] ] ], [ [ [ 73.72163, 16.07105 ], [ 73.7169, 16.06141 ], [ 73.71064, 16.06125 ], [ 73.70448, 16.05101 ], [ 73.69812, 16.0469 ], [ 73.69802, 16.04164 ], [ 73.69264, 16.04136 ], [ 73.68664, 16.04641 ], [ 73.69114, 16.05068 ], [ 73.68933, 16.05538 ], [ 73.6985, 16.05785 ], [ 73.69988, 16.06454 ], [ 73.71841, 16.07444 ], [ 73.72163, 16.07105 ] ] ], [ [ [ 73.73181, 16.10828 ], [ 73.73566, 16.10352 ], [ 73.72872, 16.09996 ], [ 73.73007, 16.09564 ], [ 73.72644, 16.09083 ], [ 73.72117, 16.08964 ], [ 73.71632, 16.09645 ], [ 73.70894, 16.09864 ], [ 73.71712, 16.10438 ], [ 73.73181, 16.10828 ] ] ], [ [ [ 73.70346, 16.46416 ], [ 73.72193, 16.45313 ], [ 73.72053, 16.45125 ], [ 73.70905, 16.44654 ], [ 73.70042, 16.43463 ], [ 73.69384, 16.43714 ], [ 73.69585, 16.43999 ], [ 73.69859, 16.43788 ], [ 73.69855, 16.44088 ], [ 73.69462, 16.45051 ], [ 73.69541, 16.45794 ], [ 73.69069, 16.46112 ], [ 73.70346, 16.46416 ] ] ], [ [ [ 73.71238, 18.32502 ], [ 73.67967, 18.32932 ], [ 73.66833, 18.34196 ], [ 73.68795, 18.34365 ], [ 73.69283, 18.34914 ], [ 73.70201, 18.35116 ], [ 73.70359, 18.35294 ], [ 73.69664, 18.3614 ], [ 73.7021, 18.36734 ], [ 73.71264, 18.36846 ], [ 73.71559, 18.37759 ], [ 73.71041, 18.37836 ], [ 73.71195, 18.38202 ], [ 73.71794, 18.3794 ], [ 73.71983, 18.37434 ], [ 73.72581, 18.37483 ], [ 73.71551, 18.38934 ], [ 73.71827, 18.39174 ], [ 73.73367, 18.37688 ], [ 73.73406, 18.38044 ], [ 73.73882, 18.38099 ], [ 73.73771, 18.38573 ], [ 73.74354, 18.38786 ], [ 73.73404, 18.39564 ], [ 73.73521, 18.40054 ], [ 73.75446, 18.39698 ], [ 73.75501, 18.40552 ], [ 73.75711, 18.40545 ], [ 73.76244, 18.4016 ], [ 73.76219, 18.39299 ], [ 73.76729, 18.38985 ], [ 73.76858, 18.39747 ], [ 73.77435, 18.39454 ], [ 73.78122, 18.38783 ], [ 73.78534, 18.37513 ], [ 73.79232, 18.37209 ], [ 73.79458, 18.3662 ], [ 73.78163, 18.36485 ], [ 73.78769, 18.35153 ], [ 73.77833, 18.35217 ], [ 73.77915, 18.34663 ], [ 73.77125, 18.34738 ], [ 73.76863, 18.35443 ], [ 73.76316, 18.35494 ], [ 73.76471, 18.34675 ], [ 73.75616, 18.34657 ], [ 73.75343, 18.3511 ], [ 73.74057, 18.33424 ], [ 73.73372, 18.32993 ], [ 73.71822, 18.32947 ], [ 73.71238, 18.32502 ] ] ], [ [ [ 73.73322, 20.41908 ], [ 73.75262, 20.40443 ], [ 73.75143, 20.3948 ], [ 73.74628, 20.38756 ], [ 73.72572, 20.38772 ], [ 73.7203, 20.39113 ], [ 73.73965, 20.40165 ], [ 73.73897, 20.40681 ], [ 73.73262, 20.4063 ], [ 73.72719, 20.40995 ], [ 73.7246, 20.40604 ], [ 73.71837, 20.41359 ], [ 73.7212, 20.41609 ], [ 73.71302, 20.41962 ], [ 73.7078, 20.41803 ], [ 73.70535, 20.42645 ], [ 73.71065, 20.42698 ], [ 73.70887, 20.44296 ], [ 73.7261, 20.43853 ], [ 73.73346, 20.43854 ], [ 73.73562, 20.44131 ], [ 73.73322, 20.41908 ] ] ], [ [ [ 73.79723, 15.73422 ], [ 73.77618, 15.74752 ], [ 73.76803, 15.75873 ], [ 73.76075, 15.76195 ], [ 73.76207, 15.76819 ], [ 73.7537, 15.77148 ], [ 73.75201, 15.76765 ], [ 73.74885, 15.77009 ], [ 73.7441, 15.76804 ], [ 73.7415, 15.77551 ], [ 73.74588, 15.77751 ], [ 73.74192, 15.77751 ], [ 73.74193, 15.78054 ], [ 73.75018, 15.78214 ], [ 73.75528, 15.80031 ], [ 73.75392, 15.808 ], [ 73.77228, 15.80239 ], [ 73.7836, 15.79335 ], [ 73.7917, 15.79371 ], [ 73.79778, 15.78956 ], [ 73.79946, 15.78334 ], [ 73.80914, 15.78026 ], [ 73.81228, 15.7941 ], [ 73.8103, 15.80306 ], [ 73.79837, 15.81886 ], [ 73.81532, 15.83052 ], [ 73.8182, 15.82847 ], [ 73.8173, 15.82396 ], [ 73.83291, 15.81416 ], [ 73.83849, 15.80591 ], [ 73.83881, 15.79931 ], [ 73.83017, 15.78359 ], [ 73.82703, 15.76779 ], [ 73.81924, 15.76825 ], [ 73.81385, 15.74516 ], [ 73.80664, 15.73768 ], [ 73.79723, 15.73422 ] ] ], [ [ [ 73.77667, 16.3043 ], [ 73.78169, 16.29605 ], [ 73.78732, 16.29564 ], [ 73.78748, 16.28865 ], [ 73.78307, 16.28316 ], [ 73.7854, 16.27455 ], [ 73.77909, 16.26056 ], [ 73.77454, 16.26327 ], [ 73.76304, 16.26262 ], [ 73.75894, 16.25303 ], [ 73.75075, 16.26038 ], [ 73.75089, 16.25655 ], [ 73.74757, 16.25486 ], [ 73.73692, 16.25805 ], [ 73.74102, 16.27664 ], [ 73.76043, 16.28891 ], [ 73.76415, 16.30066 ], [ 73.77667, 16.3043 ] ] ], [ [ [ 73.7398, 16.57798 ], [ 73.75773, 16.57179 ], [ 73.75513, 16.56443 ], [ 73.73552, 16.55439 ], [ 73.73317, 16.57676 ], [ 73.7398, 16.57798 ] ] ], [ [ [ 73.74909, 17.89574 ], [ 73.7522, 17.88314 ], [ 73.74522, 17.88827 ], [ 73.74909, 17.89574 ] ] ], [ [ [ 73.77459, 17.89214 ], [ 73.77367, 17.88477 ], [ 73.77656, 17.88161 ], [ 73.77173, 17.87797 ], [ 73.76673, 17.88236 ], [ 73.76698, 17.896 ], [ 73.76252, 17.89592 ], [ 73.7587, 17.90186 ], [ 73.76847, 17.90309 ], [ 73.77459, 17.89214 ] ] ], [ [ [ 73.78754, 18.15072 ], [ 73.77749, 18.15183 ], [ 73.77675, 18.16167 ], [ 73.77129, 18.17251 ], [ 73.77747, 18.17523 ], [ 73.78121, 18.1588 ], [ 73.78754, 18.15072 ] ] ], [ [ [ 73.78209, 20.5653 ], [ 73.79017, 20.55497 ], [ 73.78136, 20.54521 ], [ 73.76245, 20.55102 ], [ 73.76022, 20.5594 ], [ 73.76428, 20.56476 ], [ 73.76148, 20.57506 ], [ 73.7636, 20.58674 ], [ 73.76763, 20.58655 ], [ 73.77606, 20.60059 ], [ 73.79127, 20.60527 ], [ 73.79726, 20.60261 ], [ 73.7984, 20.59868 ], [ 73.80706, 20.60838 ], [ 73.81727, 20.61357 ], [ 73.82601, 20.61246 ], [ 73.83839, 20.62046 ], [ 73.83274, 20.64572 ], [ 73.83909, 20.65877 ], [ 73.83063, 20.6751 ], [ 73.81721, 20.67204 ], [ 73.81185, 20.69203 ], [ 73.82181, 20.69873 ], [ 73.83544, 20.7021 ], [ 73.85517, 20.69225 ], [ 73.85624, 20.70039 ], [ 73.86083, 20.70028 ], [ 73.85969, 20.70317 ], [ 73.86262, 20.70324 ], [ 73.86677, 20.71058 ], [ 73.87442, 20.72953 ], [ 73.88253, 20.73342 ], [ 73.91376, 20.72445 ], [ 73.92726, 20.73434 ], [ 73.92956, 20.72761 ], [ 73.94266, 20.74208 ], [ 73.93803, 20.74922 ], [ 73.96261, 20.7504 ], [ 73.98745, 20.76027 ], [ 73.98883, 20.75319 ], [ 73.9929, 20.75663 ], [ 73.99631, 20.7553 ], [ 73.99686, 20.76045 ], [ 73.99926, 20.75799 ], [ 74.00171, 20.76008 ], [ 73.99915, 20.7634 ], [ 74.00425, 20.76792 ], [ 74.00602, 20.77622 ], [ 74.01335, 20.77798 ], [ 74.01218, 20.78035 ], [ 74.0158, 20.78253 ], [ 74.02355, 20.77861 ], [ 74.02439, 20.76702 ], [ 74.03553, 20.75379 ], [ 74.04776, 20.75746 ], [ 74.05015, 20.75144 ], [ 74.05214, 20.75372 ], [ 74.06025, 20.74919 ], [ 74.06921, 20.75352 ], [ 74.08392, 20.7509 ], [ 74.0873, 20.73918 ], [ 74.08116, 20.72793 ], [ 74.07564, 20.73269 ], [ 74.05706, 20.73004 ], [ 74.04384, 20.7326 ], [ 74.04436, 20.71043 ], [ 74.03925, 20.70901 ], [ 74.02682, 20.71721 ], [ 74.02133, 20.71391 ], [ 74.02345, 20.69445 ], [ 74.00959, 20.69301 ], [ 74.00704, 20.68629 ], [ 74.00186, 20.68918 ], [ 73.99773, 20.70061 ], [ 74.00283, 20.71174 ], [ 74.00053, 20.7145 ], [ 73.99201, 20.71127 ], [ 73.97336, 20.71174 ], [ 73.97162, 20.69631 ], [ 73.97698, 20.69194 ], [ 73.97576, 20.68539 ], [ 73.95753, 20.68159 ], [ 73.95404, 20.68615 ], [ 73.94433, 20.67907 ], [ 73.9438, 20.67531 ], [ 73.93942, 20.67578 ], [ 73.94006, 20.66837 ], [ 73.94426, 20.67132 ], [ 73.95202, 20.66541 ], [ 73.95688, 20.67364 ], [ 73.96215, 20.67178 ], [ 73.97746, 20.67666 ], [ 73.98106, 20.6701 ], [ 73.99791, 20.66538 ], [ 74.00184, 20.66043 ], [ 73.98523, 20.64022 ], [ 73.98707, 20.62562 ], [ 73.97495, 20.62638 ], [ 73.97365, 20.61729 ], [ 73.96537, 20.61571 ], [ 73.96778, 20.61144 ], [ 73.96079, 20.61167 ], [ 73.95854, 20.60686 ], [ 73.95471, 20.60725 ], [ 73.95737, 20.61493 ], [ 73.94761, 20.61082 ], [ 73.94387, 20.61405 ], [ 73.94774, 20.62389 ], [ 73.94259, 20.62904 ], [ 73.94741, 20.6309 ], [ 73.94573, 20.63528 ], [ 73.95043, 20.63588 ], [ 73.95239, 20.63083 ], [ 73.95522, 20.63686 ], [ 73.94541, 20.64 ], [ 73.92626, 20.6617 ], [ 73.91819, 20.6661 ], [ 73.90989, 20.6572 ], [ 73.91152, 20.64582 ], [ 73.92097, 20.63924 ], [ 73.92039, 20.63169 ], [ 73.91763, 20.62845 ], [ 73.90777, 20.6308 ], [ 73.90153, 20.63797 ], [ 73.89557, 20.63485 ], [ 73.88626, 20.62238 ], [ 73.87769, 20.62763 ], [ 73.87638, 20.63189 ], [ 73.8704, 20.63236 ], [ 73.8699, 20.62372 ], [ 73.85954, 20.62099 ], [ 73.85963, 20.61235 ], [ 73.86844, 20.6064 ], [ 73.88245, 20.60459 ], [ 73.87539, 20.59425 ], [ 73.88, 20.59194 ], [ 73.85496, 20.57716 ], [ 73.84881, 20.56701 ], [ 73.83945, 20.56273 ], [ 73.83662, 20.5557 ], [ 73.82311, 20.55219 ], [ 73.8154, 20.55487 ], [ 73.81421, 20.56585 ], [ 73.81809, 20.5678 ], [ 73.82038, 20.57549 ], [ 73.83138, 20.5844 ], [ 73.82871, 20.58781 ], [ 73.80816, 20.58327 ], [ 73.80551, 20.57817 ], [ 73.79967, 20.57947 ], [ 73.80017, 20.57413 ], [ 73.79598, 20.57017 ], [ 73.78209, 20.5653 ] ] ], [ [ [ 73.82847, 17.78468 ], [ 73.84484, 17.79417 ], [ 73.84886, 17.79217 ], [ 73.83881, 17.7851 ], [ 73.83851, 17.78047 ], [ 73.83196, 17.78058 ], [ 73.82847, 17.78468 ] ] ], [ [ [ 73.84754, 17.83614 ], [ 73.85092, 17.82759 ], [ 73.8425, 17.81908 ], [ 73.82958, 17.82199 ], [ 73.82698, 17.83216 ], [ 73.84754, 17.83614 ] ] ], [ [ [ 73.85599, 17.93206 ], [ 73.8559, 17.91597 ], [ 73.84604, 17.91846 ], [ 73.82902, 17.91451 ], [ 73.82527, 17.92011 ], [ 73.81849, 17.92204 ], [ 73.85599, 17.93206 ] ] ], [ [ [ 73.8387, 18.00376 ], [ 73.83573, 17.99308 ], [ 73.82634, 17.99324 ], [ 73.79251, 18.01892 ], [ 73.79423, 18.02323 ], [ 73.7995, 18.02418 ], [ 73.80553, 18.03078 ], [ 73.79133, 18.0558 ], [ 73.80285, 18.04894 ], [ 73.81622, 18.04571 ], [ 73.81415, 18.03494 ], [ 73.82343, 18.03432 ], [ 73.82422, 18.03019 ], [ 73.8289, 18.02942 ], [ 73.83458, 18.04421 ], [ 73.83382, 18.05321 ], [ 73.84109, 18.04941 ], [ 73.84274, 18.06866 ], [ 73.84973, 18.06641 ], [ 73.85167, 18.07141 ], [ 73.86136, 18.06672 ], [ 73.86949, 18.06875 ], [ 73.87159, 18.05535 ], [ 73.87018, 18.04799 ], [ 73.86435, 18.04676 ], [ 73.86361, 18.0387 ], [ 73.86724, 18.03494 ], [ 73.86491, 18.03354 ], [ 73.86491, 18.01746 ], [ 73.85466, 18.02738 ], [ 73.84878, 18.02159 ], [ 73.85222, 18.00718 ], [ 73.8387, 18.00376 ] ] ], [ [ [ 73.78794, 18.09588 ], [ 73.80411, 18.09243 ], [ 73.81195, 18.0938 ], [ 73.81181, 18.09001 ], [ 73.8038, 18.08999 ], [ 73.79516, 18.08428 ], [ 73.78752, 18.08498 ], [ 73.78283, 18.09305 ], [ 73.78794, 18.09588 ] ] ], [ [ [ 73.82026, 18.10929 ], [ 73.81651, 18.10192 ], [ 73.81086, 18.10288 ], [ 73.80424, 18.10721 ], [ 73.80336, 18.1197 ], [ 73.80841, 18.11773 ], [ 73.80931, 18.11254 ], [ 73.82026, 18.10929 ] ] ], [ [ [ 73.84448, 18.27592 ], [ 73.82783, 18.25553 ], [ 73.81955, 18.25706 ], [ 73.82055, 18.26542 ], [ 73.81616, 18.26671 ], [ 73.8231, 18.30378 ], [ 73.84129, 18.29645 ], [ 73.84448, 18.27592 ] ] ], [ [ [ 73.84017, 19.11572 ], [ 73.8527, 19.1067 ], [ 73.84302, 19.08284 ], [ 73.83357, 19.08475 ], [ 73.82758, 19.06751 ], [ 73.82354, 19.06652 ], [ 73.82204, 19.07226 ], [ 73.81334, 19.07392 ], [ 73.81485, 19.07999 ], [ 73.80871, 19.09668 ], [ 73.81069, 19.10721 ], [ 73.83097, 19.10186 ], [ 73.84017, 19.11572 ] ] ], [ [ [ 73.80912, 19.31544 ], [ 73.82309, 19.31443 ], [ 73.82574, 19.3059 ], [ 73.82369, 19.29741 ], [ 73.80933, 19.29601 ], [ 73.80407, 19.29956 ], [ 73.81046, 19.31252 ], [ 73.80912, 19.31544 ] ] ], [ [ [ 73.82051, 19.74707 ], [ 73.83818, 19.74101 ], [ 73.83877, 19.72212 ], [ 73.81942, 19.71398 ], [ 73.81442, 19.70191 ], [ 73.8111, 19.70099 ], [ 73.80853, 19.7029 ], [ 73.80658, 19.72229 ], [ 73.80326, 19.72388 ], [ 73.80499, 19.73402 ], [ 73.81216, 19.7343 ], [ 73.81432, 19.74422 ], [ 73.82051, 19.74707 ] ] ], [ [ [ 73.81704, 20.51508 ], [ 73.80854, 20.50332 ], [ 73.80998, 20.49194 ], [ 73.79765, 20.51006 ], [ 73.79549, 20.52713 ], [ 73.79147, 20.53405 ], [ 73.79673, 20.55233 ], [ 73.80143, 20.55567 ], [ 73.80725, 20.55015 ], [ 73.80295, 20.54357 ], [ 73.80507, 20.52923 ], [ 73.81262, 20.52366 ], [ 73.82029, 20.52862 ], [ 73.82465, 20.53815 ], [ 73.83831, 20.53639 ], [ 73.83316, 20.52092 ], [ 73.82321, 20.51485 ], [ 73.81704, 20.51508 ] ] ], [ [ [ 73.9087, 17.30724 ], [ 73.89896, 17.29495 ], [ 73.87641, 17.29065 ], [ 73.86526, 17.29304 ], [ 73.85863, 17.28723 ], [ 73.85124, 17.30118 ], [ 73.84463, 17.30266 ], [ 73.85006, 17.311 ], [ 73.85992, 17.31584 ], [ 73.86931, 17.30842 ], [ 73.86885, 17.32926 ], [ 73.8773, 17.33109 ], [ 73.8888, 17.32329 ], [ 73.8904, 17.30436 ], [ 73.9087, 17.30724 ] ] ], [ [ [ 73.88311, 17.39394 ], [ 73.88978, 17.3837 ], [ 73.88724, 17.37973 ], [ 73.88593, 17.38318 ], [ 73.87892, 17.38549 ], [ 73.88244, 17.3872 ], [ 73.87842, 17.39048 ], [ 73.88311, 17.39394 ] ] ], [ [ [ 73.89205, 17.61694 ], [ 73.90424, 17.61071 ], [ 73.89953, 17.60363 ], [ 73.89717, 17.60917 ], [ 73.89169, 17.61009 ], [ 73.89205, 17.61694 ] ] ], [ [ [ 73.83314, 17.85052 ], [ 73.85342, 17.85658 ], [ 73.84751, 17.84683 ], [ 73.83473, 17.84464 ], [ 73.82939, 17.84073 ], [ 73.83314, 17.85052 ] ] ], [ [ [ 73.90769, 17.87909 ], [ 73.89769, 17.87102 ], [ 73.89139, 17.87518 ], [ 73.90401, 17.88 ], [ 73.90769, 17.87909 ] ] ], [ [ [ 73.87465, 17.88675 ], [ 73.89123, 17.87522 ], [ 73.88943, 17.87154 ], [ 73.86834, 17.88349 ], [ 73.86743, 17.87967 ], [ 73.86366, 17.88005 ], [ 73.8615, 17.87098 ], [ 73.85525, 17.87071 ], [ 73.85324, 17.87854 ], [ 73.85877, 17.89093 ], [ 73.87465, 17.88675 ] ] ], [ [ [ 73.90236, 18.22025 ], [ 73.89445, 18.21616 ], [ 73.88269, 18.22497 ], [ 73.88859, 18.24171 ], [ 73.90068, 18.23756 ], [ 73.90236, 18.22025 ] ] ], [ [ [ 73.86358, 18.25369 ], [ 73.85659, 18.2418 ], [ 73.85638, 18.24495 ], [ 73.85027, 18.24748 ], [ 73.86048, 18.25644 ], [ 73.86358, 18.25369 ] ] ], [ [ [ 73.87047, 18.75177 ], [ 73.87613, 18.74809 ], [ 73.87077, 18.72726 ], [ 73.87327, 18.72351 ], [ 73.87539, 18.72461 ], [ 73.87857, 18.7135 ], [ 73.86652, 18.71878 ], [ 73.86302, 18.7095 ], [ 73.86441, 18.697 ], [ 73.84767, 18.69768 ], [ 73.84872, 18.71035 ], [ 73.85505, 18.71102 ], [ 73.85646, 18.7164 ], [ 73.86132, 18.71613 ], [ 73.86321, 18.71942 ], [ 73.8564, 18.73064 ], [ 73.86175, 18.74373 ], [ 73.86903, 18.74591 ], [ 73.87047, 18.75177 ] ] ], [ [ [ 73.86102, 19.27767 ], [ 73.86488, 19.26004 ], [ 73.86832, 19.25646 ], [ 73.86603, 19.24647 ], [ 73.85719, 19.23774 ], [ 73.85074, 19.24733 ], [ 73.84466, 19.24332 ], [ 73.83506, 19.25379 ], [ 73.83443, 19.27483 ], [ 73.84839, 19.27687 ], [ 73.85824, 19.28792 ], [ 73.86162, 19.28161 ], [ 73.86691, 19.28751 ], [ 73.86978, 19.28556 ], [ 73.86102, 19.27767 ] ] ], [ [ [ 73.89938, 20.38524 ], [ 73.88825, 20.3856 ], [ 73.88282, 20.39326 ], [ 73.88985, 20.40196 ], [ 73.88747, 20.40734 ], [ 73.86904, 20.40895 ], [ 73.86008, 20.41585 ], [ 73.87311, 20.42668 ], [ 73.86498, 20.43998 ], [ 73.87375, 20.44214 ], [ 73.88739, 20.45709 ], [ 73.8896, 20.44938 ], [ 73.89615, 20.44254 ], [ 73.88764, 20.44031 ], [ 73.88444, 20.43192 ], [ 73.89674, 20.41267 ], [ 73.89962, 20.41469 ], [ 73.90244, 20.40972 ], [ 73.90494, 20.41138 ], [ 73.90884, 20.40842 ], [ 73.92386, 20.42538 ], [ 73.92966, 20.42407 ], [ 73.93533, 20.41118 ], [ 73.93212, 20.40175 ], [ 73.93552, 20.39955 ], [ 73.9402, 20.4014 ], [ 73.94002, 20.39553 ], [ 73.92891, 20.38856 ], [ 73.93099, 20.38467 ], [ 73.92872, 20.3751 ], [ 73.91885, 20.38651 ], [ 73.9032, 20.37977 ], [ 73.89938, 20.38524 ] ] ], [ [ [ 73.87043, 20.53998 ], [ 73.8741, 20.53957 ], [ 73.87807, 20.53335 ], [ 73.87472, 20.52652 ], [ 73.86588, 20.52499 ], [ 73.8653, 20.53484 ], [ 73.87043, 20.53998 ] ] ], [ [ [ 73.99785, 17.05363 ], [ 73.98212, 17.03406 ], [ 73.97625, 17.03624 ], [ 73.975, 17.05781 ], [ 73.96235, 17.04951 ], [ 73.95792, 17.0575 ], [ 73.95045, 17.05747 ], [ 73.9469, 17.0635 ], [ 73.93842, 17.06454 ], [ 73.9394, 17.07021 ], [ 73.95058, 17.07929 ], [ 73.95939, 17.08266 ], [ 73.96169, 17.07969 ], [ 73.9687, 17.08888 ], [ 73.96176, 17.08935 ], [ 73.96021, 17.10017 ], [ 73.95447, 17.09413 ], [ 73.95244, 17.09563 ], [ 73.96927, 17.11133 ], [ 73.96079, 17.10725 ], [ 73.95784, 17.11101 ], [ 73.9622, 17.1137 ], [ 73.95727, 17.11351 ], [ 73.95462, 17.10282 ], [ 73.9454, 17.11574 ], [ 73.9369, 17.11511 ], [ 73.9278, 17.12857 ], [ 73.92322, 17.14206 ], [ 73.94068, 17.13341 ], [ 73.95273, 17.1355 ], [ 73.97939, 17.13194 ], [ 73.98549, 17.12218 ], [ 73.97987, 17.11328 ], [ 73.97998, 17.10715 ], [ 73.98796, 17.10284 ], [ 73.99241, 17.09459 ], [ 74.00132, 17.09848 ], [ 74.01063, 17.09 ], [ 74.01952, 17.10036 ], [ 74.02901, 17.09527 ], [ 74.03011, 17.08985 ], [ 74.01996, 17.08473 ], [ 74.00422, 17.08811 ], [ 73.99896, 17.08474 ], [ 73.98958, 17.0859 ], [ 73.99429, 17.07195 ], [ 73.98751, 17.06689 ], [ 73.9862, 17.06178 ], [ 73.99785, 17.05363 ] ] ], [ [ [ 73.94216, 17.22475 ], [ 73.94562, 17.21542 ], [ 73.93333, 17.21208 ], [ 73.92949, 17.21815 ], [ 73.93851, 17.22191 ], [ 73.93812, 17.22559 ], [ 73.94216, 17.22475 ] ] ], [ [ [ 73.96852, 17.27003 ], [ 73.95487, 17.27343 ], [ 73.95111, 17.27927 ], [ 73.95198, 17.28651 ], [ 73.96358, 17.28837 ], [ 73.97288, 17.30455 ], [ 73.98717, 17.31196 ], [ 73.99557, 17.31025 ], [ 73.99777, 17.30403 ], [ 73.9938, 17.29428 ], [ 73.98633, 17.28839 ], [ 73.97893, 17.27207 ], [ 73.96852, 17.27003 ] ] ], [ [ [ 73.92395, 17.30661 ], [ 73.92798, 17.29769 ], [ 73.91453, 17.29337 ], [ 73.91395, 17.29872 ], [ 73.91911, 17.30365 ], [ 73.92395, 17.30661 ] ] ], [ [ [ 73.98563, 17.41985 ], [ 73.97498, 17.40968 ], [ 73.97183, 17.41227 ], [ 73.96328, 17.4089 ], [ 73.95623, 17.40988 ], [ 73.95073, 17.41279 ], [ 73.95398, 17.4155 ], [ 73.95148, 17.41889 ], [ 73.94662, 17.41606 ], [ 73.94674, 17.41839 ], [ 73.93819, 17.42061 ], [ 73.93355, 17.43035 ], [ 73.93543, 17.43583 ], [ 73.93778, 17.43293 ], [ 73.94843, 17.43815 ], [ 73.96977, 17.42567 ], [ 73.96975, 17.41863 ], [ 73.97977, 17.42285 ], [ 73.97891, 17.42647 ], [ 73.9842, 17.42496 ], [ 73.98563, 17.41985 ] ] ], [ [ [ 73.91276, 17.56358 ], [ 73.91341, 17.55551 ], [ 73.91836, 17.55309 ], [ 73.91858, 17.54752 ], [ 73.90861, 17.54177 ], [ 73.90228, 17.54259 ], [ 73.90308, 17.54839 ], [ 73.90883, 17.55138 ], [ 73.90492, 17.55813 ], [ 73.90871, 17.56366 ], [ 73.91276, 17.56358 ] ] ], [ [ [ 73.94867, 17.69312 ], [ 73.95565, 17.69289 ], [ 73.96043, 17.68889 ], [ 73.96881, 17.69433 ], [ 73.97098, 17.69181 ], [ 73.95411, 17.68232 ], [ 73.94936, 17.6871 ], [ 73.94757, 17.68468 ], [ 73.93342, 17.68772 ], [ 73.93428, 17.69223 ], [ 73.92914, 17.69838 ], [ 73.94088, 17.69558 ], [ 73.94808, 17.70042 ], [ 73.94867, 17.69312 ] ] ], [ [ [ 73.96343, 17.79368 ], [ 73.96432, 17.78276 ], [ 73.97629, 17.78947 ], [ 73.97576, 17.78466 ], [ 73.95587, 17.7781 ], [ 73.94944, 17.77032 ], [ 73.95024, 17.79236 ], [ 73.96343, 17.79368 ] ] ], [ [ [ 73.94345, 18.0259 ], [ 73.94988, 18.02031 ], [ 73.94878, 18.01259 ], [ 73.94115, 18.01427 ], [ 73.94259, 18.01786 ], [ 73.93694, 18.02092 ], [ 73.94345, 18.0259 ] ] ], [ [ [ 73.96465, 18.20442 ], [ 73.96112, 18.18252 ], [ 73.96588, 18.17811 ], [ 73.95987, 18.16677 ], [ 73.94616, 18.17805 ], [ 73.94947, 18.19124 ], [ 73.92894, 18.19734 ], [ 73.93695, 18.21323 ], [ 73.94371, 18.2131 ], [ 73.94626, 18.20091 ], [ 73.95244, 18.19664 ], [ 73.95639, 18.2023 ], [ 73.96465, 18.20442 ] ] ], [ [ [ 73.95569, 18.25109 ], [ 73.94121, 18.234 ], [ 73.92853, 18.23466 ], [ 73.92685, 18.23765 ], [ 73.9322, 18.25119 ], [ 73.91302, 18.26189 ], [ 73.91607, 18.26786 ], [ 73.92904, 18.26315 ], [ 73.93612, 18.26935 ], [ 73.94657, 18.27252 ], [ 73.96364, 18.2918 ], [ 73.97142, 18.29134 ], [ 73.9776, 18.28716 ], [ 73.98527, 18.28992 ], [ 73.98207, 18.29653 ], [ 74.00765, 18.29516 ], [ 74.01058, 18.29375 ], [ 74.01122, 18.2876 ], [ 74.03024, 18.28443 ], [ 74.03097, 18.26936 ], [ 74.02147, 18.25407 ], [ 74.03273, 18.24279 ], [ 74.01562, 18.22945 ], [ 74.00768, 18.22972 ], [ 74.00413, 18.23678 ], [ 74.00142, 18.23635 ], [ 74.0055, 18.24459 ], [ 74.01814, 18.25498 ], [ 74.01735, 18.25925 ], [ 74.0063, 18.26743 ], [ 73.99551, 18.26233 ], [ 73.99515, 18.26534 ], [ 73.98665, 18.26119 ], [ 73.97793, 18.2619 ], [ 73.97915, 18.25242 ], [ 73.97292, 18.24404 ], [ 73.96562, 18.24357 ], [ 73.96285, 18.25347 ], [ 73.95569, 18.25109 ] ] ], [ [ [ 73.90192, 18.81805 ], [ 73.91152, 18.8091 ], [ 73.91482, 18.79883 ], [ 73.90913, 18.79209 ], [ 73.90106, 18.79525 ], [ 73.89695, 18.80651 ], [ 73.89, 18.81039 ], [ 73.89579, 18.81808 ], [ 73.89884, 18.81563 ], [ 73.90192, 18.81805 ] ] ], [ [ [ 73.97434, 19.06682 ], [ 73.98184, 19.05818 ], [ 73.98099, 19.05096 ], [ 73.9636, 19.0391 ], [ 73.96498, 19.03025 ], [ 73.95694, 19.04069 ], [ 73.93829, 19.04999 ], [ 73.94184, 19.05643 ], [ 73.94168, 19.06599 ], [ 73.94532, 19.06892 ], [ 73.95121, 19.08821 ], [ 73.95576, 19.09079 ], [ 73.97158, 19.08301 ], [ 73.9758, 19.07487 ], [ 73.97434, 19.06682 ] ] ], [ [ [ 73.96554, 20.37026 ], [ 73.9619, 20.36946 ], [ 73.94281, 20.37928 ], [ 73.96023, 20.38355 ], [ 73.96705, 20.37585 ], [ 73.97386, 20.38363 ], [ 73.9859, 20.38795 ], [ 73.98563, 20.39631 ], [ 73.99855, 20.40528 ], [ 74.01536, 20.39954 ], [ 74.019, 20.40183 ], [ 74.01334, 20.42309 ], [ 74.00827, 20.42433 ], [ 74.00878, 20.43153 ], [ 74.01199, 20.43291 ], [ 74.01682, 20.42947 ], [ 74.02454, 20.4322 ], [ 74.02278, 20.44122 ], [ 74.04034, 20.43412 ], [ 74.04078, 20.43652 ], [ 74.02013, 20.45226 ], [ 74.01494, 20.46012 ], [ 74.01614, 20.46339 ], [ 74.04481, 20.46203 ], [ 74.04465, 20.4681 ], [ 74.05216, 20.47447 ], [ 74.06261, 20.45456 ], [ 74.06233, 20.44771 ], [ 74.05854, 20.43357 ], [ 74.05352, 20.43555 ], [ 74.05263, 20.42981 ], [ 74.04653, 20.4341 ], [ 74.04533, 20.43156 ], [ 74.05293, 20.42425 ], [ 74.04884, 20.42178 ], [ 74.04349, 20.42696 ], [ 74.03983, 20.42506 ], [ 74.04336, 20.41697 ], [ 74.03846, 20.41283 ], [ 74.04186, 20.4039 ], [ 74.03112, 20.39584 ], [ 74.04143, 20.38263 ], [ 74.0187, 20.37533 ], [ 74.02105, 20.37112 ], [ 74.01511, 20.35991 ], [ 74.0108, 20.35766 ], [ 73.99598, 20.36172 ], [ 73.98586, 20.36043 ], [ 73.96554, 20.37026 ] ] ], [ [ [ 73.95839, 20.51474 ], [ 73.9468, 20.51612 ], [ 73.94233, 20.52549 ], [ 73.93538, 20.53121 ], [ 73.94289, 20.54039 ], [ 73.9383, 20.54719 ], [ 73.91967, 20.55146 ], [ 73.90159, 20.56065 ], [ 73.91205, 20.57171 ], [ 73.92905, 20.57404 ], [ 73.93891, 20.58812 ], [ 73.93884, 20.59274 ], [ 73.94281, 20.59043 ], [ 73.94367, 20.59465 ], [ 73.95697, 20.58413 ], [ 73.94865, 20.57259 ], [ 73.94675, 20.56458 ], [ 73.96408, 20.57042 ], [ 73.96382, 20.56209 ], [ 73.96993, 20.56739 ], [ 73.98568, 20.56471 ], [ 73.97889, 20.55673 ], [ 73.9769, 20.5453 ], [ 73.96813, 20.53663 ], [ 73.95849, 20.5376 ], [ 73.95839, 20.51474 ] ] ], [ [ [ 73.99132, 20.81811 ], [ 73.99684, 20.81332 ], [ 73.99614, 20.80653 ], [ 74.00866, 20.80444 ], [ 74.00846, 20.80026 ], [ 74.00495, 20.7998 ], [ 74.00914, 20.79569 ], [ 74.00064, 20.79339 ], [ 74.00205, 20.79011 ], [ 73.99923, 20.78956 ], [ 73.99881, 20.78468 ], [ 73.99163, 20.78206 ], [ 73.97964, 20.78008 ], [ 73.97804, 20.79056 ], [ 73.98361, 20.79551 ], [ 73.98265, 20.80029 ], [ 73.95033, 20.80489 ], [ 73.93603, 20.80039 ], [ 73.93193, 20.8089 ], [ 73.94404, 20.82404 ], [ 73.94056, 20.82847 ], [ 73.94033, 20.83946 ], [ 73.92935, 20.84236 ], [ 73.92372, 20.85138 ], [ 73.92543, 20.88754 ], [ 73.93476, 20.88643 ], [ 73.93858, 20.88291 ], [ 73.94202, 20.88586 ], [ 73.95308, 20.88569 ], [ 73.95796, 20.89097 ], [ 73.95802, 20.88619 ], [ 73.96536, 20.88275 ], [ 73.96798, 20.87379 ], [ 73.96964, 20.86598 ], [ 73.96664, 20.85443 ], [ 73.97956, 20.8479 ], [ 73.98929, 20.84732 ], [ 73.99697, 20.87288 ], [ 74.01274, 20.8698 ], [ 74.01579, 20.84635 ], [ 74.0225, 20.83295 ], [ 74.00377, 20.83282 ], [ 73.99824, 20.83935 ], [ 73.99132, 20.81811 ] ] ], [ [ [ 74.28492, 16.0819 ], [ 74.28781, 16.06275 ], [ 74.28325, 16.06094 ], [ 74.27787, 16.06963 ], [ 74.28492, 16.0819 ] ] ], [ [ [ 74.22883, 16.13217 ], [ 74.22879, 16.13527 ], [ 74.22588, 16.13505 ], [ 74.22565, 16.14619 ], [ 74.22951, 16.15435 ], [ 74.2376, 16.14633 ], [ 74.2369, 16.13328 ], [ 74.22883, 16.13217 ] ] ], [ [ [ 74.06203, 16.20004 ], [ 74.06045, 16.19263 ], [ 74.03969, 16.19123 ], [ 74.03964, 16.19726 ], [ 74.06203, 16.20004 ] ] ], [ [ [ 74.13471, 16.25475 ], [ 74.14129, 16.24669 ], [ 74.13576, 16.24086 ], [ 74.12024, 16.24579 ], [ 74.12133, 16.24958 ], [ 74.11764, 16.25368 ], [ 74.13471, 16.25475 ] ] ], [ [ [ 74.16342, 16.27764 ], [ 74.17844, 16.2606 ], [ 74.17142, 16.25205 ], [ 74.15365, 16.25357 ], [ 74.14918, 16.25777 ], [ 74.16134, 16.27121 ], [ 74.16342, 16.27764 ] ] ], [ [ [ 74.13536, 16.30857 ], [ 74.14254, 16.29801 ], [ 74.15267, 16.29524 ], [ 74.15768, 16.28986 ], [ 74.15106, 16.28831 ], [ 74.13213, 16.29234 ], [ 74.12689, 16.29844 ], [ 74.13536, 16.30857 ] ] ], [ [ [ 74.15607, 16.31971 ], [ 74.17738, 16.31626 ], [ 74.16763, 16.30783 ], [ 74.15606, 16.30934 ], [ 74.15267, 16.31254 ], [ 74.15198, 16.31601 ], [ 74.15607, 16.31971 ] ] ], [ [ [ 74.0333, 16.44528 ], [ 74.05141, 16.44087 ], [ 74.05336, 16.43183 ], [ 74.03511, 16.43447 ], [ 74.0333, 16.44528 ] ] ], [ [ [ 74.04592, 16.95374 ], [ 74.05559, 16.94926 ], [ 74.05375, 16.94183 ], [ 74.0599, 16.93769 ], [ 74.05133, 16.93193 ], [ 74.04824, 16.92187 ], [ 74.04075, 16.92204 ], [ 74.03524, 16.93956 ], [ 74.03927, 16.94125 ], [ 74.04592, 16.95374 ] ] ], [ [ [ 74.23986, 16.98966 ], [ 74.24016, 16.98671 ], [ 74.24936, 16.9847 ], [ 74.24461, 16.97703 ], [ 74.24591, 16.94697 ], [ 74.22512, 16.94626 ], [ 74.22771, 16.95119 ], [ 74.22583, 16.95667 ], [ 74.22987, 16.99205 ], [ 74.23487, 16.98849 ], [ 74.23986, 16.98966 ] ] ], [ [ [ 74.16773, 17.55252 ], [ 74.1888, 17.54507 ], [ 74.1895, 17.54206 ], [ 74.16311, 17.53968 ], [ 74.16773, 17.55252 ] ] ], [ [ [ 73.98473, 17.84619 ], [ 73.98545, 17.84331 ], [ 73.98313, 17.84401 ], [ 73.98473, 17.84619 ] ] ], [ [ [ 74.054, 17.90112 ], [ 74.06643, 17.90154 ], [ 74.06413, 17.89885 ], [ 74.06759, 17.89323 ], [ 74.07601, 17.89222 ], [ 74.0672, 17.87995 ], [ 74.07009, 17.87218 ], [ 74.06508, 17.87099 ], [ 74.06782, 17.86467 ], [ 74.061, 17.86978 ], [ 74.05486, 17.86854 ], [ 74.0525, 17.87595 ], [ 74.04374, 17.88024 ], [ 74.0431, 17.8988 ], [ 74.03621, 17.90052 ], [ 74.04767, 17.90474 ], [ 74.054, 17.90112 ] ] ], [ [ [ 74.2885, 18.04707 ], [ 74.31423, 18.04306 ], [ 74.31371, 18.03959 ], [ 74.31022, 18.03982 ], [ 74.30911, 18.01728 ], [ 74.30433, 18.01697 ], [ 74.28993, 18.03019 ], [ 74.2885, 18.04707 ] ] ], [ [ [ 74.14314, 18.24599 ], [ 74.14484, 18.23958 ], [ 74.1418, 18.23789 ], [ 74.14525, 18.22961 ], [ 74.1431, 18.22192 ], [ 74.1274, 18.21141 ], [ 74.09431, 18.21204 ], [ 74.08543, 18.20843 ], [ 74.07606, 18.21634 ], [ 74.07824, 18.21664 ], [ 74.0786, 18.22798 ], [ 74.07083, 18.24613 ], [ 74.09308, 18.25987 ], [ 74.09814, 18.25566 ], [ 74.09684, 18.24709 ], [ 74.10465, 18.24601 ], [ 74.11018, 18.24002 ], [ 74.11671, 18.24621 ], [ 74.10848, 18.25284 ], [ 74.11922, 18.25613 ], [ 74.12493, 18.25381 ], [ 74.13989, 18.25792 ], [ 74.14839, 18.2549 ], [ 74.14314, 18.24599 ] ] ], [ [ [ 74.31239, 18.28288 ], [ 74.32292, 18.2809 ], [ 74.33344, 18.27188 ], [ 74.32226, 18.25085 ], [ 74.31727, 18.25019 ], [ 74.31303, 18.23775 ], [ 74.29456, 18.24225 ], [ 74.29325, 18.24486 ], [ 74.28475, 18.24354 ], [ 74.27522, 18.26712 ], [ 74.2853, 18.2725 ], [ 74.29491, 18.29808 ], [ 74.30759, 18.29415 ], [ 74.31239, 18.28288 ] ] ], [ [ [ 74.15689, 19.19877 ], [ 74.15766, 19.18526 ], [ 74.14141, 19.17411 ], [ 74.12184, 19.17559 ], [ 74.1182, 19.15129 ], [ 74.08929, 19.15848 ], [ 74.09621, 19.18258 ], [ 74.11042, 19.20436 ], [ 74.11278, 19.21335 ], [ 74.10966, 19.21761 ], [ 74.11003, 19.22847 ], [ 74.11384, 19.22609 ], [ 74.11547, 19.22993 ], [ 74.12605, 19.22238 ], [ 74.11937, 19.19913 ], [ 74.11915, 19.19641 ], [ 74.12451, 19.1951 ], [ 74.12271, 19.19184 ], [ 74.12576, 19.19073 ], [ 74.13147, 19.19662 ], [ 74.14303, 19.20021 ], [ 74.15689, 19.19877 ] ] ], [ [ [ 74.22055, 19.25024 ], [ 74.2193, 19.2262 ], [ 74.20234, 19.2277 ], [ 74.20061, 19.23129 ], [ 74.18685, 19.23388 ], [ 74.18719, 19.22227 ], [ 74.17468, 19.22467 ], [ 74.18122, 19.2347 ], [ 74.18264, 19.25725 ], [ 74.19986, 19.2576 ], [ 74.20634, 19.25245 ], [ 74.22055, 19.25024 ] ] ], [ [ [ 74.13357, 19.86244 ], [ 74.12681, 19.81547 ], [ 74.10415, 19.81712 ], [ 74.10719, 19.8374 ], [ 74.09314, 19.83803 ], [ 74.08797, 19.83362 ], [ 74.0813, 19.83741 ], [ 74.08068, 19.86102 ], [ 74.0419, 19.85962 ], [ 74.04177, 19.87054 ], [ 74.04496, 19.87369 ], [ 74.05388, 19.87447 ], [ 74.06938, 19.89399 ], [ 74.08275, 19.8949 ], [ 74.09638, 19.90588 ], [ 74.10925, 19.90444 ], [ 74.12831, 19.91032 ], [ 74.1296, 19.87641 ], [ 74.12502, 19.8645 ], [ 74.13357, 19.86244 ] ] ], [ [ [ 74.08738, 20.00925 ], [ 74.10378, 20.007 ], [ 74.0996, 19.98631 ], [ 74.09569, 19.98316 ], [ 74.08185, 19.98599 ], [ 74.08738, 20.00925 ] ] ], [ [ [ 74.0965, 20.59849 ], [ 74.09733, 20.59534 ], [ 74.11443, 20.58991 ], [ 74.10661, 20.57139 ], [ 74.0886, 20.57982 ], [ 74.0816, 20.5792 ], [ 74.08134, 20.586 ], [ 74.09483, 20.58998 ], [ 74.09111, 20.5983 ], [ 74.0965, 20.59849 ] ] ], [ [ [ 74.06243, 20.58771 ], [ 74.04389, 20.56806 ], [ 74.03229, 20.56438 ], [ 74.02464, 20.56505 ], [ 74.01531, 20.57242 ], [ 74.03358, 20.60229 ], [ 74.04562, 20.60697 ], [ 74.05245, 20.60294 ], [ 74.0575, 20.59014 ], [ 74.06243, 20.58771 ] ] ], [ [ [ 74.0499, 20.87298 ], [ 74.06168, 20.84836 ], [ 74.04388, 20.83471 ], [ 74.03273, 20.83952 ], [ 74.0262, 20.8521 ], [ 74.03159, 20.87524 ], [ 74.04014, 20.8783 ], [ 74.04254, 20.88262 ], [ 74.04916, 20.88218 ], [ 74.0499, 20.87298 ] ] ], [ [ [ 74.34556, 20.88191 ], [ 74.37668, 20.88111 ], [ 74.3841, 20.87633 ], [ 74.39195, 20.88072 ], [ 74.39572, 20.87752 ], [ 74.39358, 20.8701 ], [ 74.40016, 20.86102 ], [ 74.39567, 20.86071 ], [ 74.39273, 20.85474 ], [ 74.3914, 20.85794 ], [ 74.3865, 20.85694 ], [ 74.38789, 20.8517 ], [ 74.38533, 20.85353 ], [ 74.38192, 20.84961 ], [ 74.38489, 20.84201 ], [ 74.38264, 20.84033 ], [ 74.3755, 20.84262 ], [ 74.37345, 20.84054 ], [ 74.37124, 20.84421 ], [ 74.36097, 20.84683 ], [ 74.35873, 20.84459 ], [ 74.35752, 20.84863 ], [ 74.35177, 20.85066 ], [ 74.35749, 20.85447 ], [ 74.3558, 20.85905 ], [ 74.35111, 20.85745 ], [ 74.34556, 20.88191 ] ] ], [ [ [ 73.97276, 20.97847 ], [ 73.99257, 20.9761 ], [ 73.98688, 20.95993 ], [ 73.98107, 20.95836 ], [ 73.97888, 20.96384 ], [ 73.97136, 20.96553 ], [ 73.97276, 20.97847 ] ] ], [ [ [ 74.50257, 21.11272 ], [ 74.49897, 21.09845 ], [ 74.50007, 21.0876 ], [ 74.51006, 21.08206 ], [ 74.50847, 21.07909 ], [ 74.47883, 21.07429 ], [ 74.46943, 21.0755 ], [ 74.47164, 21.09369 ], [ 74.45506, 21.09613 ], [ 74.4525, 21.08347 ], [ 74.46211, 21.08126 ], [ 74.46198, 21.07567 ], [ 74.46913, 21.07549 ], [ 74.45905, 21.07196 ], [ 74.45086, 21.08365 ], [ 74.45021, 21.10102 ], [ 74.4582, 21.09971 ], [ 74.47864, 21.11325 ], [ 74.50257, 21.11272 ] ] ], [ [ [ 74.14928, 21.16006 ], [ 74.1545, 21.15444 ], [ 74.16102, 21.15596 ], [ 74.15478, 21.16945 ], [ 74.16871, 21.16634 ], [ 74.16977, 21.15607 ], [ 74.167, 21.15078 ], [ 74.14716, 21.14655 ], [ 74.14525, 21.15806 ], [ 74.14928, 21.16006 ] ] ] ] } },
{ "type": "Feature", "properties": { "gz_state": "TAMIL NADU", "area_km2": 6421.768, "st": "TN", "notified_km2": 6914.0, "villages": 120 }, "geometry": { "type": "MultiPolygon", "coordinates": [ [ [ [ 76.71444, 11.0409 ], [ 76.7376, 11.03974 ], [ 76.7666, 11.02909 ], [ 76.77365, 11.03354 ], [ 76.79184, 11.03736 ], [ 76.80086, 11.05397 ], [ 76.79623, 11.05586 ], [ 76.78787, 11.04476 ], [ 76.77816, 11.04209 ], [ 76.76896, 11.04342 ], [ 76.76071, 11.05231 ], [ 76.74415, 11.05707 ], [ 76.74575, 11.06002 ], [ 76.74124, 11.07277 ], [ 76.75467, 11.07901 ], [ 76.75168, 11.09319 ], [ 76.746, 11.09352 ], [ 76.74632, 11.10064 ], [ 76.77408, 11.10225 ], [ 76.78407, 11.092 ], [ 76.79296, 11.09284 ], [ 76.78941, 11.10526 ], [ 76.80788, 11.11474 ], [ 76.75843, 11.11387 ], [ 76.74674, 11.11906 ], [ 76.75997, 11.12501 ], [ 76.76017, 11.13013 ], [ 76.75195, 11.13036 ], [ 76.7492, 11.13754 ], [ 76.75892, 11.14392 ], [ 76.76009, 11.14749 ], [ 76.75761, 11.14797 ], [ 76.76742, 11.1575 ], [ 76.78318, 11.16663 ], [ 76.78724, 11.15954 ], [ 76.8069, 11.16728 ], [ 76.81585, 11.16747 ], [ 76.81812, 11.15637 ], [ 76.80586, 11.15055 ], [ 76.80719, 11.14627 ], [ 76.80422, 11.14264 ], [ 76.81535, 11.14175 ], [ 76.82455, 11.14602 ], [ 76.8263, 11.14359 ], [ 76.83422, 11.14425 ], [ 76.83614, 11.14841 ], [ 76.84558, 11.14692 ], [ 76.84891, 11.15064 ], [ 76.83473, 11.15513 ], [ 76.83247, 11.16073 ], [ 76.82769, 11.16192 ], [ 76.83505, 11.16876 ], [ 76.83178, 11.17013 ], [ 76.83217, 11.17403 ], [ 76.84571, 11.17851 ], [ 76.84587, 11.18191 ], [ 76.84676, 11.17967 ], [ 76.85383, 11.18121 ], [ 76.85539, 11.17734 ], [ 76.86037, 11.17661 ], [ 76.86795, 11.18403 ], [ 76.87785, 11.18135 ], [ 76.87743, 11.18818 ], [ 76.88386, 11.19347 ], [ 76.88945, 11.19141 ], [ 76.89518, 11.19966 ], [ 76.90389, 11.19814 ], [ 76.90391, 11.20249 ], [ 76.91134, 11.19681 ], [ 76.91136, 11.17433 ], [ 76.90797, 11.16518 ], [ 76.8926, 11.1627 ], [ 76.88638, 11.15572 ], [ 76.88711, 11.1492 ], [ 76.88317, 11.14411 ], [ 76.87903, 11.14427 ], [ 76.88678, 11.14235 ], [ 76.88828, 11.13915 ], [ 76.89238, 11.13994 ], [ 76.89701, 11.13485 ], [ 76.90698, 11.13728 ], [ 76.91069, 11.14236 ], [ 76.92159, 11.13823 ], [ 76.91471, 11.13682 ], [ 76.91583, 11.13204 ], [ 76.90741, 11.12913 ], [ 76.90819, 11.11795 ], [ 76.90603, 11.11906 ], [ 76.90523, 11.11419 ], [ 76.90896, 11.11139 ], [ 76.90606, 11.10463 ], [ 76.90803, 11.1005 ], [ 76.89677, 11.09971 ], [ 76.89726, 11.095 ], [ 76.89467, 11.09462 ], [ 76.8868, 11.10079 ], [ 76.88515, 11.09636 ], [ 76.87732, 11.1012 ], [ 76.87585, 11.10611 ], [ 76.86767, 11.10657 ], [ 76.86177, 11.10186 ], [ 76.85413, 11.10613 ], [ 76.83531, 11.10572 ], [ 76.83814, 11.0899 ], [ 76.81573, 11.0836 ], [ 76.82096, 11.07881 ], [ 76.81513, 11.07227 ], [ 76.82376, 11.07373 ], [ 76.827, 11.07056 ], [ 76.83477, 11.071 ], [ 76.84498, 11.06674 ], [ 76.84962, 11.06018 ], [ 76.86039, 11.05766 ], [ 76.86356, 11.05264 ], [ 76.85827, 11.03833 ], [ 76.86164, 11.03368 ], [ 76.85689, 11.03057 ], [ 76.85705, 11.02696 ], [ 76.86552, 11.02916 ], [ 76.87338, 11.02573 ], [ 76.86781, 11.02348 ], [ 76.86457, 11.02575 ], [ 76.86383, 11.02061 ], [ 76.83423, 11.01879 ], [ 76.82623, 11.02295 ], [ 76.81601, 11.02166 ], [ 76.8118, 11.01781 ], [ 76.78425, 11.02303 ], [ 76.78105, 11.01828 ], [ 76.77673, 11.01906 ], [ 76.78159, 11.01313 ], [ 76.77945, 11.0113 ], [ 76.7696, 11.01672 ], [ 76.75523, 11.01433 ], [ 76.75046, 11.01772 ], [ 76.73031, 11.00196 ], [ 76.72881, 10.99753 ], [ 76.73882, 10.9886 ], [ 76.73284, 10.98002 ], [ 76.73699, 10.97519 ], [ 76.73399, 10.96972 ], [ 76.73504, 10.95515 ], [ 76.74442, 10.95429 ], [ 76.74445, 10.95218 ], [ 76.73474, 10.95431 ], [ 76.72333, 10.95126 ], [ 76.71933, 10.94312 ], [ 76.72415, 10.92922 ], [ 76.73746, 10.93142 ], [ 76.73847, 10.91887 ], [ 76.74438, 10.90942 ], [ 76.764, 10.9123 ], [ 76.77847, 10.90596 ], [ 76.78095, 10.89045 ], [ 76.7679, 10.88703 ], [ 76.76125, 10.89346 ], [ 76.75241, 10.89506 ], [ 76.74079, 10.89097 ], [ 76.73755, 10.89588 ], [ 76.7149, 10.90861 ], [ 76.69521, 10.91023 ], [ 76.67671, 10.91808 ], [ 76.65909, 10.9305 ], [ 76.6558, 10.93901 ], [ 76.66473, 10.94348 ], [ 76.66679, 10.96833 ], [ 76.68604, 10.9892 ], [ 76.6946, 11.02222 ], [ 76.70912, 11.03289 ], [ 76.71444, 11.0409 ] ], [ [ 76.77013, 11.15456 ], [ 76.7688, 11.15037 ], [ 76.77265, 11.14504 ], [ 76.78213, 11.15036 ], [ 76.78001, 11.15436 ], [ 76.77648, 11.15233 ], [ 76.77013, 11.15456 ] ] ], [ [ [ 76.70586, 11.23839 ], [ 76.69826, 11.2396 ], [ 76.68422, 11.23374 ], [ 76.68478, 11.22773 ], [ 76.67824, 11.22112 ], [ 76.65341, 11.21011 ], [ 76.62972, 11.19417 ], [ 76.6009, 11.20659 ], [ 76.53385, 11.19675 ], [ 76.51609, 11.2043 ], [ 76.51048, 11.21164 ], [ 76.47237, 11.20875 ], [ 76.47347, 11.19493 ], [ 76.45844, 11.18768 ], [ 76.4519, 11.19922 ], [ 76.43862, 11.19896 ], [ 76.43936, 11.20296 ], [ 76.44896, 11.20547 ], [ 76.45309, 11.23937 ], [ 76.48711, 11.25829 ], [ 76.52218, 11.27134 ], [ 76.52626, 11.28826 ], [ 76.54576, 11.30031 ], [ 76.53936, 11.30462 ], [ 76.5373, 11.31404 ], [ 76.54997, 11.33099 ], [ 76.58213, 11.32509 ], [ 76.59934, 11.33506 ], [ 76.60699, 11.33275 ], [ 76.6124, 11.33506 ], [ 76.6192, 11.33119 ], [ 76.62548, 11.31569 ], [ 76.63469, 11.30876 ], [ 76.62486, 11.29736 ], [ 76.62505, 11.28756 ], [ 76.62933, 11.2847 ], [ 76.61735, 11.27468 ], [ 76.6084, 11.25973 ], [ 76.61529, 11.2596 ], [ 76.61493, 11.25029 ], [ 76.62045, 11.25727 ], [ 76.62468, 11.25536 ], [ 76.62335, 11.2607 ], [ 76.63834, 11.26943 ], [ 76.63972, 11.27778 ], [ 76.65125, 11.28412 ], [ 76.66206, 11.28116 ], [ 76.66564, 11.27398 ], [ 76.67523, 11.27432 ], [ 76.68979, 11.26126 ], [ 76.70022, 11.25865 ], [ 76.70601, 11.26336 ], [ 76.71148, 11.25735 ], [ 76.72289, 11.25379 ], [ 76.72976, 11.2454 ], [ 76.73712, 11.24463 ], [ 76.74303, 11.25318 ], [ 76.74904, 11.24867 ], [ 76.75492, 11.24866 ], [ 76.75584, 11.25258 ], [ 76.75186, 11.2547 ], [ 76.76765, 11.2641 ], [ 76.76983, 11.27671 ], [ 76.76516, 11.28367 ], [ 76.76914, 11.28956 ], [ 76.79031, 11.27912 ], [ 76.79786, 11.29549 ], [ 76.80697, 11.29916 ], [ 76.81781, 11.28993 ], [ 76.82998, 11.29327 ], [ 76.84273, 11.28742 ], [ 76.84591, 11.29267 ], [ 76.85443, 11.29606 ], [ 76.854, 11.30577 ], [ 76.85995, 11.3036 ], [ 76.85957, 11.31245 ], [ 76.85457, 11.31811 ], [ 76.86025, 11.32486 ], [ 76.85107, 11.32721 ], [ 76.85491, 11.33305 ], [ 76.84864, 11.3367 ], [ 76.81049, 11.33173 ], [ 76.80603, 11.32768 ], [ 76.80477, 11.32894 ], [ 76.82992, 11.35175 ], [ 76.82535, 11.37125 ], [ 76.8271, 11.37344 ], [ 76.83183, 11.37286 ], [ 76.84157, 11.35981 ], [ 76.85006, 11.36581 ], [ 76.85629, 11.36635 ], [ 76.86147, 11.37128 ], [ 76.85384, 11.39056 ], [ 76.85884, 11.38789 ], [ 76.87657, 11.39383 ], [ 76.89074, 11.40841 ], [ 76.89448, 11.41418 ], [ 76.88527, 11.43923 ], [ 76.88646, 11.44627 ], [ 76.8906, 11.44793 ], [ 76.89369, 11.45552 ], [ 76.91133, 11.44592 ], [ 76.92055, 11.44507 ], [ 76.93609, 11.44968 ], [ 76.95305, 11.43815 ], [ 76.96116, 11.42493 ], [ 76.97082, 11.42605 ], [ 76.97196, 11.42362 ], [ 76.97093, 11.43059 ], [ 76.96522, 11.43262 ], [ 76.96354, 11.44348 ], [ 76.96895, 11.45252 ], [ 76.97552, 11.45668 ], [ 76.97182, 11.46765 ], [ 76.99105, 11.48117 ], [ 76.99926, 11.47525 ], [ 77.01221, 11.45201 ], [ 77.01198, 11.44664 ], [ 77.00296, 11.44064 ], [ 76.98292, 11.44036 ], [ 76.97605, 11.41391 ], [ 76.981, 11.4013 ], [ 76.97576, 11.39574 ], [ 76.9704, 11.39716 ], [ 76.95746, 11.38106 ], [ 76.97161, 11.38619 ], [ 76.98142, 11.3778 ], [ 76.98625, 11.37967 ], [ 76.98839, 11.37618 ], [ 76.98642, 11.37303 ], [ 76.99033, 11.37201 ], [ 76.99325, 11.36052 ], [ 77.00354, 11.35841 ], [ 77.00483, 11.35453 ], [ 77.00043, 11.35331 ], [ 76.99999, 11.34892 ], [ 76.99249, 11.34899 ], [ 76.97964, 11.34253 ], [ 76.97122, 11.34799 ], [ 76.95386, 11.33006 ], [ 76.93596, 11.31929 ], [ 76.92683, 11.3186 ], [ 76.91522, 11.32438 ], [ 76.91593, 11.33361 ], [ 76.90726, 11.33038 ], [ 76.8953, 11.33464 ], [ 76.89551, 11.33835 ], [ 76.88529, 11.33794 ], [ 76.87482, 11.35011 ], [ 76.87336, 11.33888 ], [ 76.86719, 11.33452 ], [ 76.87361, 11.3329 ], [ 76.87393, 11.32866 ], [ 76.87885, 11.33051 ], [ 76.88496, 11.32779 ], [ 76.88196, 11.31546 ], [ 76.88542, 11.31127 ], [ 76.88637, 11.2971 ], [ 76.87889, 11.28766 ], [ 76.87387, 11.28679 ], [ 76.86867, 11.29848 ], [ 76.86552, 11.28477 ], [ 76.85967, 11.28493 ], [ 76.86071, 11.28073 ], [ 76.87461, 11.28382 ], [ 76.88371, 11.28182 ], [ 76.88034, 11.26078 ], [ 76.87184, 11.25737 ], [ 76.87412, 11.24955 ], [ 76.8576, 11.24811 ], [ 76.85252, 11.24336 ], [ 76.84431, 11.24753 ], [ 76.83418, 11.24325 ], [ 76.83246, 11.24025 ], [ 76.83585, 11.23731 ], [ 76.82697, 11.23285 ], [ 76.81726, 11.22066 ], [ 76.81383, 11.22011 ], [ 76.81623, 11.22692 ], [ 76.81194, 11.2289 ], [ 76.80011, 11.22379 ], [ 76.7999, 11.21673 ], [ 76.78196, 11.20076 ], [ 76.79666, 11.20603 ], [ 76.80266, 11.1924 ], [ 76.78172, 11.18011 ], [ 76.7518, 11.18886 ], [ 76.7407, 11.19067 ], [ 76.73081, 11.19018 ], [ 76.7287, 11.19108 ], [ 76.72218, 11.20363 ], [ 76.73142, 11.21559 ], [ 76.72582, 11.21867 ], [ 76.72537, 11.22581 ], [ 76.72175, 11.22492 ], [ 76.70586, 11.23839 ] ] ], [ [ [ 76.81947, 11.37374 ], [ 76.82631, 11.35424 ], [ 76.80034, 11.32963 ], [ 76.78114, 11.33343 ], [ 76.77986, 11.34829 ], [ 76.79328, 11.35981 ], [ 76.79573, 11.35863 ], [ 76.81144, 11.37789 ], [ 76.81947, 11.37374 ] ] ], [ [ [ 76.46209, 11.38747 ], [ 76.41508, 11.42263 ], [ 76.4187, 11.44178 ], [ 76.40972, 11.43893 ], [ 76.41213, 11.45997 ], [ 76.43766, 11.47346 ], [ 76.44239, 11.47262 ], [ 76.44154, 11.47638 ], [ 76.44698, 11.47645 ], [ 76.44571, 11.48168 ], [ 76.45383, 11.47785 ], [ 76.45638, 11.4821 ], [ 76.45334, 11.48287 ], [ 76.45487, 11.48551 ], [ 76.45133, 11.48869 ], [ 76.45049, 11.49734 ], [ 76.46721, 11.50919 ], [ 76.46575, 11.5126 ], [ 76.47034, 11.51743 ], [ 76.46845, 11.52314 ], [ 76.48904, 11.52952 ], [ 76.48805, 11.53862 ], [ 76.476, 11.54827 ], [ 76.47993, 11.55449 ], [ 76.47728, 11.56053 ], [ 76.4826, 11.5643 ], [ 76.48111, 11.57185 ], [ 76.46109, 11.58322 ], [ 76.44572, 11.5788 ], [ 76.43496, 11.58058 ], [ 76.42701, 11.57813 ], [ 76.42108, 11.57161 ], [ 76.41515, 11.57273 ], [ 76.4184, 11.56393 ], [ 76.42598, 11.5626 ], [ 76.43527, 11.55469 ], [ 76.4201, 11.5465 ], [ 76.41254, 11.5361 ], [ 76.40987, 11.52478 ], [ 76.39165, 11.50978 ], [ 76.38098, 11.519 ], [ 76.37288, 11.51897 ], [ 76.35976, 11.53565 ], [ 76.36104, 11.54207 ], [ 76.35817, 11.54503 ], [ 76.36387, 11.5531 ], [ 76.36042, 11.55906 ], [ 76.36199, 11.56359 ], [ 76.35144, 11.56038 ], [ 76.3539, 11.57798 ], [ 76.35614, 11.57246 ], [ 76.36238, 11.56884 ], [ 76.37091, 11.57465 ], [ 76.36989, 11.58111 ], [ 76.38183, 11.58301 ], [ 76.38219, 11.58505 ], [ 76.37253, 11.58628 ], [ 76.36255, 11.58283 ], [ 76.35733, 11.59176 ], [ 76.37798, 11.60191 ], [ 76.37827, 11.60851 ], [ 76.38393, 11.61205 ], [ 76.38329, 11.62404 ], [ 76.3881, 11.62967 ], [ 76.40689, 11.63428 ], [ 76.42711, 11.63345 ], [ 76.43117, 11.63073 ], [ 76.44343, 11.64362 ], [ 76.44337, 11.64933 ], [ 76.43637, 11.65347 ], [ 76.43136, 11.66636 ], [ 76.45821, 11.66433 ], [ 76.48262, 11.68611 ], [ 76.48168, 11.69252 ], [ 76.4936, 11.69298 ], [ 76.51168, 11.70498 ], [ 76.53723, 11.6908 ], [ 76.55056, 11.67419 ], [ 76.54931, 11.66498 ], [ 76.5544, 11.65557 ], [ 76.5539, 11.64571 ], [ 76.56142, 11.63268 ], [ 76.55995, 11.62247 ], [ 76.56966, 11.61806 ], [ 76.57521, 11.61919 ], [ 76.57675, 11.6145 ], [ 76.58379, 11.61376 ], [ 76.59229, 11.61866 ], [ 76.59647, 11.61625 ], [ 76.59761, 11.61064 ], [ 76.61065, 11.61085 ], [ 76.61398, 11.60755 ], [ 76.62909, 11.61362 ], [ 76.67147, 11.61591 ], [ 76.74848, 11.61404 ], [ 76.74528, 11.60335 ], [ 76.73242, 11.60562 ], [ 76.72283, 11.59994 ], [ 76.72142, 11.60443 ], [ 76.71648, 11.60386 ], [ 76.71667, 11.59347 ], [ 76.70811, 11.59252 ], [ 76.70728, 11.58501 ], [ 76.70185, 11.58278 ], [ 76.70145, 11.57795 ], [ 76.70583, 11.57483 ], [ 76.69873, 11.57328 ], [ 76.69578, 11.5776 ], [ 76.68677, 11.57647 ], [ 76.68839, 11.56487 ], [ 76.6832, 11.55552 ], [ 76.69348, 11.54054 ], [ 76.70108, 11.53641 ], [ 76.70618, 11.52388 ], [ 76.7007, 11.51233 ], [ 76.68198, 11.49526 ], [ 76.68471, 11.48099 ], [ 76.66636, 11.47563 ], [ 76.65005, 11.46445 ], [ 76.64762, 11.45535 ], [ 76.65323, 11.44506 ], [ 76.65308, 11.43847 ], [ 76.65072, 11.43991 ], [ 76.64437, 11.43497 ], [ 76.64191, 11.43693 ], [ 76.62683, 11.43404 ], [ 76.62569, 11.44638 ], [ 76.62312, 11.44607 ], [ 76.62041, 11.45357 ], [ 76.61446, 11.45603 ], [ 76.61403, 11.46274 ], [ 76.60586, 11.46627 ], [ 76.5952, 11.44889 ], [ 76.59773, 11.44232 ], [ 76.59583, 11.43825 ], [ 76.58968, 11.43994 ], [ 76.59027, 11.43061 ], [ 76.58475, 11.43023 ], [ 76.57503, 11.41929 ], [ 76.57141, 11.42013 ], [ 76.55496, 11.39499 ], [ 76.5344, 11.37415 ], [ 76.51852, 11.36995 ], [ 76.46209, 11.38747 ] ] ], [ [ [ 76.86311, 11.5441 ], [ 76.86657, 11.53336 ], [ 76.86361, 11.52929 ], [ 76.86449, 11.52191 ], [ 76.87156, 11.51642 ], [ 76.85859, 11.49473 ], [ 76.83733, 11.4744 ], [ 76.83695, 11.46659 ], [ 76.83368, 11.46345 ], [ 76.8201, 11.45359 ], [ 76.81255, 11.4664 ], [ 76.80974, 11.46689 ], [ 76.80574, 11.46157 ], [ 76.80653, 11.46721 ], [ 76.80155, 11.47099 ], [ 76.81005, 11.48234 ], [ 76.79621, 11.47679 ], [ 76.79055, 11.48178 ], [ 76.78902, 11.4737 ], [ 76.78205, 11.47145 ], [ 76.78463, 11.4664 ], [ 76.77254, 11.46041 ], [ 76.76863, 11.45479 ], [ 76.77154, 11.45303 ], [ 76.76751, 11.45162 ], [ 76.75917, 11.45535 ], [ 76.75678, 11.46572 ], [ 76.76878, 11.4793 ], [ 76.7563, 11.48925 ], [ 76.75301, 11.48752 ], [ 76.75399, 11.49005 ], [ 76.74974, 11.49087 ], [ 76.74778, 11.50542 ], [ 76.74004, 11.51517 ], [ 76.73684, 11.52806 ], [ 76.73872, 11.5334 ], [ 76.74465, 11.53308 ], [ 76.75596, 11.54414 ], [ 76.75213, 11.55448 ], [ 76.74721, 11.55559 ], [ 76.75423, 11.56074 ], [ 76.74989, 11.564 ], [ 76.75443, 11.57558 ], [ 76.76001, 11.57395 ], [ 76.76318, 11.57739 ], [ 76.78255, 11.56865 ], [ 76.78225, 11.58008 ], [ 76.78816, 11.58347 ], [ 76.791, 11.57902 ], [ 76.79771, 11.57923 ], [ 76.80226, 11.56993 ], [ 76.80697, 11.57371 ], [ 76.81517, 11.57027 ], [ 76.82041, 11.57476 ], [ 76.82537, 11.57222 ], [ 76.82669, 11.57757 ], [ 76.8301, 11.57802 ], [ 76.83293, 11.5747 ], [ 76.8306, 11.57159 ], [ 76.83955, 11.5695 ], [ 76.83948, 11.56631 ], [ 76.84864, 11.56097 ], [ 76.86311, 11.5441 ] ] ], [ [ [ 77.32071, 8.39402 ], [ 77.32559, 8.39673 ], [ 77.32063, 8.39815 ], [ 77.32033, 8.40271 ], [ 77.31792, 8.40129 ], [ 77.31332, 8.40543 ], [ 77.30577, 8.4002 ], [ 77.30207, 8.40503 ], [ 77.3075, 8.41537 ], [ 77.32009, 8.41669 ], [ 77.32427, 8.41305 ], [ 77.32654, 8.41727 ], [ 77.3099, 8.43467 ], [ 77.31094, 8.44034 ], [ 77.31949, 8.44553 ], [ 77.30117, 8.45561 ], [ 77.29692, 8.4521 ], [ 77.29411, 8.44227 ], [ 77.29047, 8.4426 ], [ 77.29037, 8.43804 ], [ 77.2852, 8.4342 ], [ 77.27354, 8.44533 ], [ 77.26787, 8.44399 ], [ 77.2697, 8.4482 ], [ 77.26636, 8.45037 ], [ 77.26469, 8.45538 ], [ 77.27237, 8.44767 ], [ 77.2748, 8.45348 ], [ 77.25927, 8.46027 ], [ 77.25631, 8.45842 ], [ 77.25003, 8.46321 ], [ 77.24632, 8.47223 ], [ 77.22308, 8.481 ], [ 77.204, 8.50281 ], [ 77.21431, 8.51281 ], [ 77.22966, 8.50898 ], [ 77.24012, 8.49705 ], [ 77.24424, 8.49756 ], [ 77.2513, 8.50542 ], [ 77.26171, 8.50615 ], [ 77.27465, 8.53763 ], [ 77.28385, 8.54673 ], [ 77.2743, 8.55964 ], [ 77.27504, 8.56565 ], [ 77.26643, 8.58514 ], [ 77.25864, 8.58922 ], [ 77.25517, 8.59739 ], [ 77.24524, 8.60344 ], [ 77.24408, 8.62182 ], [ 77.23465, 8.62685 ], [ 77.22885, 8.64027 ], [ 77.22483, 8.63908 ], [ 77.21427, 8.64914 ], [ 77.20833, 8.66366 ], [ 77.2007, 8.66908 ], [ 77.20672, 8.6842 ], [ 77.19503, 8.70776 ], [ 77.18079, 8.71832 ], [ 77.17678, 8.72605 ], [ 77.17911, 8.73058 ], [ 77.17001, 8.74179 ], [ 77.17163, 8.75058 ], [ 77.18267, 8.74278 ], [ 77.19246, 8.74444 ], [ 77.19833, 8.75343 ], [ 77.20014, 8.76267 ], [ 77.19796, 8.76944 ], [ 77.20496, 8.76913 ], [ 77.2093, 8.76535 ], [ 77.21795, 8.76824 ], [ 77.21307, 8.77862 ], [ 77.22971, 8.78459 ], [ 77.23198, 8.80773 ], [ 77.24307, 8.81037 ], [ 77.24797, 8.81692 ], [ 77.24714, 8.82372 ], [ 77.26276, 8.84199 ], [ 77.25848, 8.85033 ], [ 77.26152, 8.85651 ], [ 77.25557, 8.86112 ], [ 77.25864, 8.86518 ], [ 77.25621, 8.87873 ], [ 77.24065, 8.88293 ], [ 77.23766, 8.88567 ], [ 77.23855, 8.89774 ], [ 77.22047, 8.90578 ], [ 77.21824, 8.91869 ], [ 77.22555, 8.92831 ], [ 77.22169, 8.93237 ], [ 77.22631, 8.93739 ], [ 77.22487, 8.94461 ], [ 77.22873, 8.94744 ], [ 77.23165, 8.94692 ], [ 77.23283, 8.93897 ], [ 77.23904, 8.93032 ], [ 77.2528, 8.93225 ], [ 77.25378, 8.92498 ], [ 77.25686, 8.92391 ], [ 77.25884, 8.9302 ], [ 77.2667, 8.93305 ], [ 77.26873, 8.92852 ], [ 77.27476, 8.93016 ], [ 77.27901, 8.92596 ], [ 77.2769, 8.92176 ], [ 77.28969, 8.91422 ], [ 77.29189, 8.90875 ], [ 77.3003, 8.90611 ], [ 77.30048, 8.89964 ], [ 77.3066, 8.89806 ], [ 77.30796, 8.8925 ], [ 77.31875, 8.88368 ], [ 77.31885, 8.87279 ], [ 77.31416, 8.86456 ], [ 77.32336, 8.86183 ], [ 77.32412, 8.85809 ], [ 77.31628, 8.85494 ], [ 77.30971, 8.85881 ], [ 77.3073, 8.85111 ], [ 77.31312, 8.8464 ], [ 77.32294, 8.8284 ], [ 77.31886, 8.82104 ], [ 77.33318, 8.81695 ], [ 77.32841, 8.81176 ], [ 77.33392, 8.8076 ], [ 77.33746, 8.80863 ], [ 77.34108, 8.79662 ], [ 77.33876, 8.79373 ], [ 77.33138, 8.79348 ], [ 77.30566, 8.80116 ], [ 77.30363, 8.79177 ], [ 77.31948, 8.78251 ], [ 77.31856, 8.77747 ], [ 77.33098, 8.76914 ], [ 77.33087, 8.76376 ], [ 77.33381, 8.76668 ], [ 77.34423, 8.7653 ], [ 77.34871, 8.76123 ], [ 77.3491, 8.76361 ], [ 77.36162, 8.7494 ], [ 77.35874, 8.74847 ], [ 77.36055, 8.73894 ], [ 77.35137, 8.74232 ], [ 77.34401, 8.73534 ], [ 77.35795, 8.72213 ], [ 77.35759, 8.71564 ], [ 77.36602, 8.71046 ], [ 77.35564, 8.70472 ], [ 77.35711, 8.6969 ], [ 77.36017, 8.69451 ], [ 77.36779, 8.70868 ], [ 77.3773, 8.71076 ], [ 77.39741, 8.69951 ], [ 77.42009, 8.68153 ], [ 77.43496, 8.68402 ], [ 77.43212, 8.67333 ], [ 77.43432, 8.67216 ], [ 77.41579, 8.66703 ], [ 77.41795, 8.66536 ], [ 77.41146, 8.65731 ], [ 77.40566, 8.65956 ], [ 77.40749, 8.65685 ], [ 77.40104, 8.6526 ], [ 77.39199, 8.65171 ], [ 77.39556, 8.64096 ], [ 77.40112, 8.6392 ], [ 77.39787, 8.63776 ], [ 77.40173, 8.62864 ], [ 77.39438, 8.61722 ], [ 77.40227, 8.6202 ], [ 77.40546, 8.61731 ], [ 77.40665, 8.62185 ], [ 77.41212, 8.61922 ], [ 77.40658, 8.62616 ], [ 77.41084, 8.63078 ], [ 77.40732, 8.63351 ], [ 77.42171, 8.63739 ], [ 77.42394, 8.64532 ], [ 77.44424, 8.651 ], [ 77.4513, 8.64839 ], [ 77.46078, 8.62605 ], [ 77.47036, 8.62603 ], [ 77.48873, 8.61306 ], [ 77.49215, 8.61386 ], [ 77.4914, 8.60042 ], [ 77.46631, 8.57968 ], [ 77.46324, 8.57296 ], [ 77.43652, 8.59068 ], [ 77.43218, 8.57126 ], [ 77.41046, 8.54585 ], [ 77.40751, 8.5451 ], [ 77.40213, 8.55233 ], [ 77.38192, 8.55223 ], [ 77.36318, 8.53176 ], [ 77.37443, 8.51806 ], [ 77.37757, 8.52404 ], [ 77.38143, 8.5214 ], [ 77.38954, 8.52393 ], [ 77.40323, 8.51724 ], [ 77.42826, 8.5122 ], [ 77.43325, 8.50614 ], [ 77.43867, 8.50716 ], [ 77.447, 8.49816 ], [ 77.44596, 8.49045 ], [ 77.44953, 8.4872 ], [ 77.44495, 8.48528 ], [ 77.44514, 8.47481 ], [ 77.45812, 8.46762 ], [ 77.46631, 8.46878 ], [ 77.46774, 8.46619 ], [ 77.46436, 8.46176 ], [ 77.47226, 8.45527 ], [ 77.47251, 8.45118 ], [ 77.46364, 8.44184 ], [ 77.4616, 8.42846 ], [ 77.46908, 8.41527 ], [ 77.47294, 8.4163 ], [ 77.47316, 8.39741 ], [ 77.4893, 8.3884 ], [ 77.4898, 8.3706 ], [ 77.4954, 8.36811 ], [ 77.49373, 8.36132 ], [ 77.49777, 8.35966 ], [ 77.50765, 8.33862 ], [ 77.51036, 8.32834 ], [ 77.50541, 8.324 ], [ 77.51187, 8.31556 ], [ 77.51187, 8.31106 ], [ 77.52101, 8.29957 ], [ 77.52258, 8.29207 ], [ 77.52964, 8.28665 ], [ 77.53329, 8.27287 ], [ 77.54535, 8.26578 ], [ 77.55189, 8.27004 ], [ 77.55215, 8.27861 ], [ 77.56306, 8.27559 ], [ 77.55843, 8.26966 ], [ 77.56355, 8.26966 ], [ 77.56194, 8.2623 ], [ 77.57429, 8.25582 ], [ 77.57672, 8.24401 ], [ 77.57202, 8.24407 ], [ 77.57221, 8.24857 ], [ 77.56977, 8.24838 ], [ 77.56966, 8.24342 ], [ 77.54841, 8.24472 ], [ 77.54172, 8.23174 ], [ 77.54552, 8.22726 ], [ 77.54061, 8.22147 ], [ 77.54988, 8.22002 ], [ 77.54411, 8.21614 ], [ 77.54356, 8.20533 ], [ 77.54976, 8.20559 ], [ 77.55041, 8.20261 ], [ 77.54625, 8.20066 ], [ 77.54553, 8.19559 ], [ 77.55291, 8.19175 ], [ 77.54174, 8.18525 ], [ 77.54692, 8.17937 ], [ 77.53847, 8.17417 ], [ 77.53835, 8.16717 ], [ 77.53039, 8.16593 ], [ 77.52222, 8.15617 ], [ 77.51693, 8.15842 ], [ 77.52099, 8.16498 ], [ 77.52564, 8.16568 ], [ 77.5259, 8.17326 ], [ 77.53309, 8.17596 ], [ 77.53341, 8.18116 ], [ 77.53864, 8.18228 ], [ 77.53229, 8.18665 ], [ 77.5319, 8.19961 ], [ 77.52911, 8.19772 ], [ 77.52604, 8.20081 ], [ 77.52008, 8.20009 ], [ 77.51277, 8.20796 ], [ 77.50146, 8.20761 ], [ 77.49135, 8.21288 ], [ 77.50037, 8.22271 ], [ 77.50006, 8.23552 ], [ 77.49729, 8.23891 ], [ 77.50833, 8.25365 ], [ 77.50502, 8.25656 ], [ 77.50165, 8.25353 ], [ 77.50452, 8.2664 ], [ 77.50268, 8.2696 ], [ 77.49898, 8.26085 ], [ 77.48359, 8.25907 ], [ 77.47899, 8.25465 ], [ 77.47187, 8.25652 ], [ 77.46191, 8.24786 ], [ 77.45832, 8.24833 ], [ 77.46027, 8.25161 ], [ 77.45507, 8.25816 ], [ 77.45897, 8.26717 ], [ 77.45687, 8.27403 ], [ 77.46131, 8.28483 ], [ 77.45894, 8.28652 ], [ 77.46638, 8.29107 ], [ 77.47197, 8.28702 ], [ 77.47752, 8.29709 ], [ 77.48147, 8.29447 ], [ 77.49244, 8.29965 ], [ 77.4924, 8.31124 ], [ 77.4753, 8.31395 ], [ 77.46723, 8.32478 ], [ 77.46344, 8.32492 ], [ 77.45572, 8.30883 ], [ 77.45462, 8.29639 ], [ 77.45166, 8.29267 ], [ 77.447, 8.29307 ], [ 77.44544, 8.28674 ], [ 77.42913, 8.30245 ], [ 77.42594, 8.31578 ], [ 77.42853, 8.31615 ], [ 77.42849, 8.32117 ], [ 77.42186, 8.3215 ], [ 77.41764, 8.33476 ], [ 77.41219, 8.33246 ], [ 77.40177, 8.33585 ], [ 77.39217, 8.32117 ], [ 77.39942, 8.31523 ], [ 77.40161, 8.30671 ], [ 77.39817, 8.30537 ], [ 77.402, 8.30307 ], [ 77.40198, 8.30994 ], [ 77.4071, 8.30967 ], [ 77.42056, 8.29623 ], [ 77.42307, 8.28773 ], [ 77.43019, 8.2936 ], [ 77.43984, 8.28157 ], [ 77.43662, 8.27899 ], [ 77.43869, 8.27455 ], [ 77.43459, 8.27659 ], [ 77.4336, 8.27311 ], [ 77.4369, 8.27176 ], [ 77.43478, 8.26744 ], [ 77.42539, 8.27815 ], [ 77.41456, 8.27992 ], [ 77.41153, 8.27712 ], [ 77.41283, 8.26814 ], [ 77.40898, 8.27125 ], [ 77.40437, 8.26605 ], [ 77.40058, 8.26619 ], [ 77.40194, 8.2632 ], [ 77.39505, 8.26119 ], [ 77.38981, 8.26516 ], [ 77.38298, 8.26041 ], [ 77.37914, 8.29205 ], [ 77.38758, 8.29581 ], [ 77.38799, 8.29958 ], [ 77.379, 8.30499 ], [ 77.38208, 8.32307 ], [ 77.37732, 8.3126 ], [ 77.3686, 8.31303 ], [ 77.35784, 8.3197 ], [ 77.35743, 8.32735 ], [ 77.34969, 8.32721 ], [ 77.34728, 8.33015 ], [ 77.34937, 8.34582 ], [ 77.34523, 8.34786 ], [ 77.3499, 8.35149 ], [ 77.34922, 8.35941 ], [ 77.33429, 8.37128 ], [ 77.31339, 8.37737 ], [ 77.3029, 8.39049 ], [ 77.30287, 8.39457 ], [ 77.30728, 8.3945 ], [ 77.30975, 8.38843 ], [ 77.31235, 8.38959 ], [ 77.3162, 8.39816 ], [ 77.31861, 8.39783 ], [ 77.31581, 8.3919 ], [ 77.32205, 8.39129 ], [ 77.32071, 8.39402 ] ] ], [ [ [ 77.20013, 9.018 ], [ 77.20154, 8.99611 ], [ 77.1965, 8.99266 ], [ 77.19095, 8.99371 ], [ 77.18389, 8.97883 ], [ 77.18003, 8.98985 ], [ 77.18205, 9.00032 ], [ 77.17435, 9.00096 ], [ 77.16715, 8.99341 ], [ 77.16167, 8.99504 ], [ 77.15685, 9.0075 ], [ 77.14935, 9.00958 ], [ 77.15073, 9.01489 ], [ 77.14656, 9.02182 ], [ 77.15387, 9.02243 ], [ 77.1611, 9.02944 ], [ 77.16039, 9.03584 ], [ 77.16747, 9.0453 ], [ 77.18232, 9.04742 ], [ 77.18759, 9.04314 ], [ 77.19746, 9.04697 ], [ 77.19528, 9.04933 ], [ 77.1969, 9.0568 ], [ 77.20814, 9.07288 ], [ 77.21044, 9.06666 ], [ 77.20479, 9.06409 ], [ 77.20482, 9.05059 ], [ 77.20971, 9.04747 ], [ 77.21632, 9.05261 ], [ 77.21936, 9.04611 ], [ 77.21665, 9.04724 ], [ 77.20889, 9.03565 ], [ 77.20979, 9.03048 ], [ 77.21463, 9.02767 ], [ 77.21405, 9.02373 ], [ 77.20185, 9.02465 ], [ 77.19548, 9.02209 ], [ 77.19831, 9.02158 ], [ 77.19671, 9.01781 ], [ 77.20013, 9.018 ] ] ], [ [ [ 77.27292, 9.08602 ], [ 77.30477, 9.06586 ], [ 77.30169, 9.05726 ], [ 77.30197, 9.03882 ], [ 77.29258, 9.03917 ], [ 77.29232, 9.03252 ], [ 77.28906, 9.03465 ], [ 77.28958, 9.05324 ], [ 77.28475, 9.05408 ], [ 77.28262, 9.05947 ], [ 77.27537, 9.06039 ], [ 77.27112, 9.06504 ], [ 77.24988, 9.06541 ], [ 77.24699, 9.06276 ], [ 77.24638, 9.07015 ], [ 77.23271, 9.07302 ], [ 77.23167, 9.07712 ], [ 77.23684, 9.08542 ], [ 77.23016, 9.09499 ], [ 77.23501, 9.10377 ], [ 77.23495, 9.11065 ], [ 77.24728, 9.1246 ], [ 77.25272, 9.13919 ], [ 77.26713, 9.15327 ], [ 77.26714, 9.17432 ], [ 77.26395, 9.18397 ], [ 77.26737, 9.18536 ], [ 77.29833, 9.15668 ], [ 77.30055, 9.14308 ], [ 77.29606, 9.13966 ], [ 77.30578, 9.12234 ], [ 77.29862, 9.12819 ], [ 77.28694, 9.12018 ], [ 77.29029, 9.10643 ], [ 77.29832, 9.09678 ], [ 77.2975, 9.09155 ], [ 77.30703, 9.08115 ], [ 77.28724, 9.08995 ], [ 77.28415, 9.08733 ], [ 77.28145, 9.0929 ], [ 77.27292, 9.08602 ] ] ], [ [ [ 77.21526, 9.62365 ], [ 77.22303, 9.6227 ], [ 77.2236, 9.61793 ], [ 77.22965, 9.61843 ], [ 77.23137, 9.61345 ], [ 77.2352, 9.61661 ], [ 77.2374, 9.61284 ], [ 77.24067, 9.61414 ], [ 77.24497, 9.62365 ], [ 77.24907, 9.62372 ], [ 77.25175, 9.62892 ], [ 77.25734, 9.62994 ], [ 77.26348, 9.63631 ], [ 77.26321, 9.64634 ], [ 77.27412, 9.63918 ], [ 77.27267, 9.63012 ], [ 77.27747, 9.62913 ], [ 77.27769, 9.63342 ], [ 77.28678, 9.63783 ], [ 77.28925, 9.64434 ], [ 77.28481, 9.64665 ], [ 77.27958, 9.644 ], [ 77.28289, 9.65917 ], [ 77.28721, 9.65953 ], [ 77.29162, 9.66563 ], [ 77.30371, 9.66281 ], [ 77.32102, 9.6694 ], [ 77.33128, 9.68214 ], [ 77.3321, 9.69233 ], [ 77.34175, 9.68955 ], [ 77.34391, 9.69897 ], [ 77.33448, 9.69646 ], [ 77.33958, 9.70261 ], [ 77.34052, 9.71177 ], [ 77.3383, 9.7127 ], [ 77.34422, 9.71227 ], [ 77.35068, 9.72679 ], [ 77.36589, 9.72203 ], [ 77.38121, 9.74483 ], [ 77.39052, 9.74625 ], [ 77.40405, 9.75478 ], [ 77.41233, 9.76229 ], [ 77.41796, 9.77393 ], [ 77.42089, 9.77219 ], [ 77.41906, 9.76215 ], [ 77.43393, 9.77149 ], [ 77.43188, 9.77994 ], [ 77.43492, 9.77482 ], [ 77.44124, 9.78382 ], [ 77.43918, 9.78799 ], [ 77.44575, 9.7925 ], [ 77.44682, 9.78915 ], [ 77.4505, 9.79003 ], [ 77.45283, 9.79824 ], [ 77.44738, 9.79904 ], [ 77.44124, 9.79536 ], [ 77.44096, 9.80389 ], [ 77.4557, 9.82604 ], [ 77.46908, 9.84229 ], [ 77.47538, 9.8436 ], [ 77.48493, 9.85322 ], [ 77.48873, 9.84614 ], [ 77.49169, 9.85225 ], [ 77.48686, 9.85607 ], [ 77.50263, 9.86696 ], [ 77.50576, 9.86291 ], [ 77.50459, 9.85791 ], [ 77.49414, 9.84473 ], [ 77.49527, 9.83786 ], [ 77.5014, 9.83481 ], [ 77.50089, 9.83108 ], [ 77.48887, 9.82675 ], [ 77.47908, 9.83574 ], [ 77.48131, 9.84269 ], [ 77.4753, 9.84005 ], [ 77.47799, 9.83082 ], [ 77.47006, 9.81711 ], [ 77.45661, 9.80382 ], [ 77.45766, 9.78848 ], [ 77.45548, 9.78737 ], [ 77.45965, 9.78615 ], [ 77.46076, 9.78127 ], [ 77.45441, 9.77145 ], [ 77.44968, 9.76982 ], [ 77.45149, 9.76641 ], [ 77.44669, 9.76142 ], [ 77.44577, 9.7531 ], [ 77.43921, 9.74183 ], [ 77.45577, 9.73763 ], [ 77.45921, 9.73113 ], [ 77.45713, 9.72101 ], [ 77.46476, 9.69924 ], [ 77.49058, 9.70025 ], [ 77.49591, 9.69719 ], [ 77.52621, 9.69625 ], [ 77.5258, 9.70219 ], [ 77.53318, 9.70395 ], [ 77.53387, 9.71327 ], [ 77.55729, 9.75256 ], [ 77.57592, 9.76283 ], [ 77.58963, 9.78449 ], [ 77.60106, 9.79179 ], [ 77.60331, 9.79266 ], [ 77.60548, 9.79213 ], [ 77.59865, 9.7766 ], [ 77.57358, 9.75146 ], [ 77.56631, 9.74778 ], [ 77.55355, 9.72197 ], [ 77.55404, 9.71506 ], [ 77.54663, 9.70545 ], [ 77.54594, 9.69579 ], [ 77.54418, 9.69362 ], [ 77.54073, 9.69534 ], [ 77.53535, 9.67504 ], [ 77.52318, 9.66031 ], [ 77.50363, 9.6502 ], [ 77.50624, 9.63842 ], [ 77.48638, 9.6144 ], [ 77.48546, 9.60687 ], [ 77.4741, 9.59592 ], [ 77.46415, 9.57896 ], [ 77.47358, 9.57164 ], [ 77.47542, 9.56308 ], [ 77.49812, 9.57519 ], [ 77.49984, 9.5963 ], [ 77.51405, 9.61082 ], [ 77.51979, 9.63267 ], [ 77.52664, 9.63486 ], [ 77.53279, 9.62752 ], [ 77.54117, 9.64004 ], [ 77.54521, 9.6388 ], [ 77.54446, 9.62935 ], [ 77.53439, 9.60621 ], [ 77.54003, 9.60469 ], [ 77.55204, 9.60836 ], [ 77.55451, 9.61263 ], [ 77.56229, 9.61332 ], [ 77.56776, 9.61839 ], [ 77.57917, 9.61435 ], [ 77.58601, 9.62024 ], [ 77.59951, 9.62372 ], [ 77.60687, 9.61246 ], [ 77.6001, 9.60057 ], [ 77.6064, 9.59463 ], [ 77.61202, 9.59967 ], [ 77.63905, 9.59245 ], [ 77.64967, 9.59871 ], [ 77.65579, 9.5937 ], [ 77.66165, 9.59472 ], [ 77.662, 9.58938 ], [ 77.66918, 9.58733 ], [ 77.67111, 9.58338 ], [ 77.68283, 9.58694 ], [ 77.68301, 9.58347 ], [ 77.67239, 9.57277 ], [ 77.66162, 9.57055 ], [ 77.66084, 9.55244 ], [ 77.66848, 9.54297 ], [ 77.65943, 9.542 ], [ 77.65733, 9.53256 ], [ 77.65012, 9.53688 ], [ 77.64748, 9.53001 ], [ 77.63276, 9.54202 ], [ 77.62643, 9.53202 ], [ 77.62618, 9.52887 ], [ 77.63235, 9.52598 ], [ 77.62938, 9.52328 ], [ 77.62425, 9.52269 ], [ 77.61429, 9.53321 ], [ 77.6141, 9.53988 ], [ 77.60474, 9.53537 ], [ 77.59943, 9.5409 ], [ 77.59383, 9.54148 ], [ 77.59267, 9.54746 ], [ 77.58696, 9.54579 ], [ 77.5876, 9.5524 ], [ 77.58294, 9.54684 ], [ 77.57373, 9.54862 ], [ 77.56093, 9.54015 ], [ 77.57126, 9.54176 ], [ 77.57864, 9.53796 ], [ 77.54353, 9.49663 ], [ 77.53481, 9.49671 ], [ 77.53008, 9.51276 ], [ 77.52639, 9.51236 ], [ 77.52887, 9.50693 ], [ 77.52336, 9.51287 ], [ 77.51928, 9.51064 ], [ 77.51419, 9.52615 ], [ 77.51102, 9.52069 ], [ 77.50431, 9.5202 ], [ 77.49799, 9.50927 ], [ 77.49338, 9.50933 ], [ 77.49278, 9.50376 ], [ 77.48662, 9.50855 ], [ 77.48112, 9.50677 ], [ 77.48035, 9.51126 ], [ 77.47143, 9.51359 ], [ 77.4585, 9.50995 ], [ 77.45932, 9.50802 ], [ 77.45441, 9.50899 ], [ 77.4526, 9.50515 ], [ 77.47036, 9.49827 ], [ 77.47129, 9.49413 ], [ 77.46287, 9.4949 ], [ 77.46769, 9.48857 ], [ 77.45687, 9.48841 ], [ 77.45435, 9.48545 ], [ 77.45446, 9.48965 ], [ 77.44888, 9.493 ], [ 77.44553, 9.48619 ], [ 77.4482, 9.48515 ], [ 77.44795, 9.47702 ], [ 77.44195, 9.45738 ], [ 77.45357, 9.43258 ], [ 77.47186, 9.42845 ], [ 77.47497, 9.42271 ], [ 77.48561, 9.41882 ], [ 77.49598, 9.40948 ], [ 77.50471, 9.40973 ], [ 77.50179, 9.40355 ], [ 77.49583, 9.39651 ], [ 77.48368, 9.39408 ], [ 77.48076, 9.4 ], [ 77.45861, 9.40583 ], [ 77.45865, 9.40892 ], [ 77.45219, 9.40746 ], [ 77.43594, 9.41097 ], [ 77.43144, 9.41285 ], [ 77.43219, 9.41857 ], [ 77.41863, 9.42227 ], [ 77.41192, 9.42173 ], [ 77.40478, 9.41498 ], [ 77.39831, 9.41557 ], [ 77.39288, 9.39863 ], [ 77.38668, 9.39653 ], [ 77.33937, 9.42014 ], [ 77.3446, 9.42442 ], [ 77.34941, 9.44118 ], [ 77.362, 9.45724 ], [ 77.366, 9.46008 ], [ 77.3772, 9.45278 ], [ 77.39261, 9.45935 ], [ 77.39147, 9.46869 ], [ 77.40172, 9.4769 ], [ 77.39862, 9.48163 ], [ 77.39931, 9.49657 ], [ 77.4124, 9.50898 ], [ 77.40831, 9.51476 ], [ 77.40042, 9.51786 ], [ 77.40331, 9.523 ], [ 77.40051, 9.52736 ], [ 77.38589, 9.51912 ], [ 77.38013, 9.52536 ], [ 77.37334, 9.52685 ], [ 77.36874, 9.53478 ], [ 77.36556, 9.53509 ], [ 77.36413, 9.55442 ], [ 77.35291, 9.55958 ], [ 77.35035, 9.56733 ], [ 77.36, 9.57851 ], [ 77.35497, 9.58668 ], [ 77.35858, 9.5961 ], [ 77.36572, 9.59558 ], [ 77.36581, 9.59974 ], [ 77.35459, 9.60407 ], [ 77.33949, 9.57331 ], [ 77.32536, 9.58003 ], [ 77.32453, 9.59334 ], [ 77.3299, 9.59899 ], [ 77.32241, 9.59829 ], [ 77.31782, 9.6025 ], [ 77.30381, 9.59874 ], [ 77.29456, 9.58924 ], [ 77.29007, 9.58869 ], [ 77.29034, 9.58477 ], [ 77.27693, 9.57575 ], [ 77.27201, 9.57645 ], [ 77.26971, 9.57277 ], [ 77.25833, 9.57649 ], [ 77.25307, 9.58297 ], [ 77.24277, 9.58522 ], [ 77.2343, 9.58155 ], [ 77.22249, 9.59278 ], [ 77.22218, 9.59771 ], [ 77.20984, 9.60497 ], [ 77.20896, 9.61344 ], [ 77.1982, 9.61436 ], [ 77.18868, 9.6061 ], [ 77.17409, 9.61119 ], [ 77.16979, 9.60988 ], [ 77.178, 9.62043 ], [ 77.18239, 9.61897 ], [ 77.18779, 9.62346 ], [ 77.19021, 9.62137 ], [ 77.18992, 9.62404 ], [ 77.19183, 9.62195 ], [ 77.19629, 9.6264 ], [ 77.20477, 9.62605 ], [ 77.20702, 9.62881 ], [ 77.21359, 9.6273 ], [ 77.21526, 9.62365 ] ] ], [ [ [ 77.2464, 10.13011 ], [ 77.25269, 10.12445 ], [ 77.26658, 10.1217 ], [ 77.26659, 10.11934 ], [ 77.28304, 10.11777 ], [ 77.28415, 10.12538 ], [ 77.28953, 10.12496 ], [ 77.29275, 10.13108 ], [ 77.30248, 10.136 ], [ 77.31301, 10.13539 ], [ 77.32372, 10.12757 ], [ 77.32929, 10.14268 ], [ 77.34147, 10.13602 ], [ 77.36035, 10.15104 ], [ 77.37208, 10.13931 ], [ 77.38467, 10.14667 ], [ 77.40674, 10.17419 ], [ 77.41454, 10.16879 ], [ 77.41926, 10.18292 ], [ 77.42387, 10.18453 ], [ 77.42611, 10.18989 ], [ 77.43292, 10.18169 ], [ 77.43414, 10.18905 ], [ 77.43941, 10.1924 ], [ 77.43825, 10.19798 ], [ 77.44368, 10.20187 ], [ 77.44327, 10.20963 ], [ 77.46057, 10.21143 ], [ 77.46752, 10.20926 ], [ 77.48204, 10.21317 ], [ 77.48587, 10.20884 ], [ 77.48714, 10.21465 ], [ 77.48287, 10.22339 ], [ 77.48798, 10.22212 ], [ 77.49594, 10.22654 ], [ 77.50298, 10.22745 ], [ 77.50311, 10.22531 ], [ 77.52106, 10.22959 ], [ 77.52373, 10.23433 ], [ 77.52195, 10.24477 ], [ 77.50501, 10.23481 ], [ 77.51948, 10.25144 ], [ 77.51895, 10.25688 ], [ 77.52444, 10.26464 ], [ 77.53676, 10.26639 ], [ 77.54872, 10.27962 ], [ 77.54359, 10.2649 ], [ 77.55419, 10.26031 ], [ 77.55849, 10.25032 ], [ 77.57965, 10.23684 ], [ 77.58951, 10.23968 ], [ 77.59552, 10.24554 ], [ 77.601, 10.24369 ], [ 77.60292, 10.25465 ], [ 77.60727, 10.26051 ], [ 77.6132, 10.2587 ], [ 77.61769, 10.25036 ], [ 77.62443, 10.25653 ], [ 77.6293, 10.25627 ], [ 77.62221, 10.24451 ], [ 77.62721, 10.24043 ], [ 77.63275, 10.24991 ], [ 77.64225, 10.25423 ], [ 77.65239, 10.24823 ], [ 77.67075, 10.2444 ], [ 77.66852, 10.23886 ], [ 77.67013, 10.23562 ], [ 77.67695, 10.2345 ], [ 77.6749, 10.23021 ], [ 77.68621, 10.23082 ], [ 77.69367, 10.23542 ], [ 77.70825, 10.22874 ], [ 77.70877, 10.22443 ], [ 77.70269, 10.22318 ], [ 77.70656, 10.21302 ], [ 77.70249, 10.21417 ], [ 77.70275, 10.20809 ], [ 77.69669, 10.20627 ], [ 77.69644, 10.19919 ], [ 77.69321, 10.19691 ], [ 77.68149, 10.20148 ], [ 77.68031, 10.19854 ], [ 77.67089, 10.19579 ], [ 77.66521, 10.18881 ], [ 77.662, 10.19312 ], [ 77.6601, 10.19107 ], [ 77.65289, 10.19471 ], [ 77.65378, 10.1985 ], [ 77.64971, 10.19872 ], [ 77.64527, 10.20447 ], [ 77.63205, 10.2063 ], [ 77.62395, 10.2129 ], [ 77.62326, 10.21873 ], [ 77.61523, 10.21243 ], [ 77.61007, 10.21352 ], [ 77.6038, 10.20592 ], [ 77.60041, 10.20587 ], [ 77.60085, 10.20833 ], [ 77.59578, 10.20579 ], [ 77.59615, 10.20216 ], [ 77.603, 10.19996 ], [ 77.59832, 10.19431 ], [ 77.59189, 10.19131 ], [ 77.58905, 10.19676 ], [ 77.56975, 10.18127 ], [ 77.5674, 10.18266 ], [ 77.56682, 10.19537 ], [ 77.55566, 10.20208 ], [ 77.54981, 10.19992 ], [ 77.54818, 10.20399 ], [ 77.54636, 10.19873 ], [ 77.5513, 10.19183 ], [ 77.54446, 10.19252 ], [ 77.54312, 10.18787 ], [ 77.54725, 10.18611 ], [ 77.54623, 10.18285 ], [ 77.54375, 10.18169 ], [ 77.53806, 10.18771 ], [ 77.5368, 10.17962 ], [ 77.52315, 10.17614 ], [ 77.5276, 10.17394 ], [ 77.5118, 10.1609 ], [ 77.50001, 10.16097 ], [ 77.48775, 10.14774 ], [ 77.48314, 10.15425 ], [ 77.4807, 10.14705 ], [ 77.47584, 10.14771 ], [ 77.47206, 10.14575 ], [ 77.47239, 10.14259 ], [ 77.46804, 10.14225 ], [ 77.46952, 10.13972 ], [ 77.46483, 10.12973 ], [ 77.472, 10.13016 ], [ 77.47121, 10.1257 ], [ 77.4764, 10.12306 ], [ 77.47968, 10.12756 ], [ 77.48646, 10.12544 ], [ 77.4855, 10.12302 ], [ 77.49124, 10.12285 ], [ 77.50153, 10.10121 ], [ 77.49225, 10.08935 ], [ 77.48133, 10.08481 ], [ 77.48324, 10.07723 ], [ 77.48003, 10.06602 ], [ 77.47322, 10.06524 ], [ 77.4697, 10.05878 ], [ 77.45626, 10.05943 ], [ 77.45812, 10.07817 ], [ 77.42163, 10.09386 ], [ 77.41882, 10.08888 ], [ 77.42229, 10.08666 ], [ 77.42151, 10.06124 ], [ 77.43266, 10.04153 ], [ 77.43848, 10.03682 ], [ 77.42103, 10.03757 ], [ 77.42129, 10.02825 ], [ 77.40345, 10.01312 ], [ 77.39988, 10.01591 ], [ 77.38705, 10.01117 ], [ 77.38419, 10.01325 ], [ 77.38425, 10.0163 ], [ 77.39264, 10.01935 ], [ 77.39677, 10.02492 ], [ 77.39244, 10.02812 ], [ 77.39587, 10.0342 ], [ 77.39017, 10.03588 ], [ 77.39124, 10.039 ], [ 77.38332, 10.03733 ], [ 77.37322, 10.04235 ], [ 77.37024, 10.03613 ], [ 77.36411, 10.03469 ], [ 77.35611, 10.03711 ], [ 77.35286, 10.04138 ], [ 77.35208, 10.04702 ], [ 77.35753, 10.04696 ], [ 77.35953, 10.05128 ], [ 77.35922, 10.05953 ], [ 77.35531, 10.06431 ], [ 77.35712, 10.06938 ], [ 77.36093, 10.06858 ], [ 77.36472, 10.07401 ], [ 77.36149, 10.07939 ], [ 77.36798, 10.08619 ], [ 77.37028, 10.09806 ], [ 77.36309, 10.08659 ], [ 77.35872, 10.08683 ], [ 77.36102, 10.09299 ], [ 77.35812, 10.0923 ], [ 77.3589, 10.0954 ], [ 77.35269, 10.09074 ], [ 77.35077, 10.08477 ], [ 77.35554, 10.07981 ], [ 77.35188, 10.06992 ], [ 77.33942, 10.07259 ], [ 77.33377, 10.06808 ], [ 77.33, 10.07559 ], [ 77.32225, 10.07535 ], [ 77.32034, 10.08316 ], [ 77.32244, 10.08486 ], [ 77.31941, 10.08469 ], [ 77.31518, 10.08294 ], [ 77.31404, 10.0773 ], [ 77.31756, 10.07631 ], [ 77.31853, 10.06512 ], [ 77.31582, 10.06276 ], [ 77.30896, 10.0627 ], [ 77.30849, 10.06494 ], [ 77.30058, 10.06238 ], [ 77.29687, 10.06895 ], [ 77.29715, 10.06295 ], [ 77.28478, 10.06896 ], [ 77.281, 10.06151 ], [ 77.2926, 10.05398 ], [ 77.30093, 10.05476 ], [ 77.29522, 10.04854 ], [ 77.27158, 10.04276 ], [ 77.26048, 10.04555 ], [ 77.25682, 10.05088 ], [ 77.25078, 10.04219 ], [ 77.23144, 10.06627 ], [ 77.2235, 10.06918 ], [ 77.21984, 10.07716 ], [ 77.20364, 10.08815 ], [ 77.20127, 10.10582 ], [ 77.20789, 10.1177 ], [ 77.21643, 10.11585 ], [ 77.23038, 10.1205 ], [ 77.23433, 10.12845 ], [ 77.2464, 10.13011 ] ] ], [ [ [ 77.32331, 10.35404 ], [ 77.40308, 10.36396 ], [ 77.4183, 10.37106 ], [ 77.41068, 10.35319 ], [ 77.41496, 10.34489 ], [ 77.41301, 10.33841 ], [ 77.41626, 10.33181 ], [ 77.4206, 10.33639 ], [ 77.42892, 10.33031 ], [ 77.42677, 10.31483 ], [ 77.44248, 10.30665 ], [ 77.44133, 10.29951 ], [ 77.44409, 10.29497 ], [ 77.43824, 10.29545 ], [ 77.4393, 10.2898 ], [ 77.43374, 10.29076 ], [ 77.43351, 10.28487 ], [ 77.42968, 10.28246 ], [ 77.41726, 10.28136 ], [ 77.40308, 10.2881 ], [ 77.40033, 10.28453 ], [ 77.38534, 10.28633 ], [ 77.38173, 10.29172 ], [ 77.38109, 10.24475 ], [ 77.3927, 10.23926 ], [ 77.39287, 10.22824 ], [ 77.3703, 10.23657 ], [ 77.36432, 10.24444 ], [ 77.35529, 10.24688 ], [ 77.34973, 10.24425 ], [ 77.3481, 10.2634 ], [ 77.33997, 10.26395 ], [ 77.32855, 10.27105 ], [ 77.32507, 10.27008 ], [ 77.32469, 10.26479 ], [ 77.31054, 10.24633 ], [ 77.30412, 10.24418 ], [ 77.29693, 10.25269 ], [ 77.28632, 10.27621 ], [ 77.28215, 10.26745 ], [ 77.27279, 10.27612 ], [ 77.26087, 10.26597 ], [ 77.22775, 10.31542 ], [ 77.22935, 10.33104 ], [ 77.23637, 10.33889 ], [ 77.23565, 10.35225 ], [ 77.17662, 10.35844 ], [ 77.15128, 10.33753 ], [ 77.12879, 10.32623 ], [ 77.12041, 10.31797 ], [ 77.10168, 10.3156 ], [ 77.09611, 10.30898 ], [ 77.09136, 10.31391 ], [ 77.07958, 10.30301 ], [ 77.06619, 10.2977 ], [ 77.05645, 10.287 ], [ 77.04288, 10.28377 ], [ 77.05268, 10.2725 ], [ 77.05108, 10.26211 ], [ 77.04063, 10.25266 ], [ 77.01443, 10.24579 ], [ 77.01113, 10.24009 ], [ 77.001, 10.23516 ], [ 76.99903, 10.23037 ], [ 76.99332, 10.23045 ], [ 76.98349, 10.22037 ], [ 76.96855, 10.23077 ], [ 76.95888, 10.23414 ], [ 76.9506, 10.23247 ], [ 76.94754, 10.23687 ], [ 76.93936, 10.2389 ], [ 76.9216, 10.23219 ], [ 76.91264, 10.23474 ], [ 76.90826, 10.24085 ], [ 76.903, 10.2403 ], [ 76.90546, 10.24792 ], [ 76.89741, 10.26244 ], [ 76.89144, 10.26306 ], [ 76.87342, 10.27634 ], [ 76.87314, 10.29848 ], [ 76.86239, 10.29203 ], [ 76.8551, 10.29285 ], [ 76.85129, 10.28999 ], [ 76.85222, 10.2851 ], [ 76.84872, 10.28528 ], [ 76.8422, 10.2909 ], [ 76.8446, 10.29528 ], [ 76.83807, 10.30173 ], [ 76.83031, 10.30363 ], [ 76.82871, 10.30787 ], [ 76.83768, 10.33628 ], [ 76.83631, 10.34602 ], [ 76.84601, 10.35731 ], [ 76.84516, 10.36293 ], [ 76.8488, 10.36765 ], [ 76.84389, 10.37753 ], [ 76.82366, 10.39506 ], [ 76.83403, 10.40334 ], [ 76.83358, 10.40777 ], [ 76.83043, 10.4113 ], [ 76.82464, 10.41012 ], [ 76.82317, 10.41701 ], [ 76.81638, 10.42352 ], [ 76.82833, 10.45017 ], [ 76.83104, 10.50003 ], [ 76.8431, 10.53728 ], [ 76.83521, 10.54533 ], [ 76.83565, 10.55773 ], [ 76.84952, 10.55801 ], [ 76.84806, 10.55494 ], [ 76.85228, 10.55344 ], [ 76.85508, 10.55626 ], [ 76.86268, 10.50751 ], [ 76.85879, 10.49356 ], [ 76.86525, 10.49332 ], [ 76.86865, 10.47182 ], [ 76.87546, 10.47028 ], [ 76.88769, 10.47435 ], [ 76.89482, 10.48443 ], [ 76.90083, 10.48427 ], [ 76.90278, 10.48129 ], [ 76.90795, 10.4831 ], [ 76.91032, 10.48031 ], [ 76.92587, 10.48531 ], [ 76.92978, 10.48166 ], [ 76.92541, 10.47292 ], [ 76.92795, 10.46905 ], [ 76.94781, 10.47473 ], [ 76.95756, 10.46989 ], [ 76.9674, 10.4704 ], [ 76.9796, 10.46317 ], [ 76.99861, 10.45918 ], [ 77.00073, 10.44978 ], [ 77.00836, 10.45376 ], [ 77.00749, 10.45809 ], [ 76.98661, 10.46624 ], [ 76.98688, 10.47184 ], [ 76.9813, 10.47373 ], [ 76.98266, 10.48189 ], [ 76.98903, 10.48567 ], [ 76.99991, 10.4839 ], [ 76.99492, 10.48787 ], [ 76.99427, 10.49277 ], [ 76.98602, 10.49173 ], [ 76.99248, 10.49919 ], [ 77.00616, 10.50972 ], [ 77.01819, 10.5106 ], [ 77.02029, 10.5132 ], [ 77.02241, 10.51101 ], [ 77.02809, 10.51612 ], [ 77.03767, 10.5171 ], [ 77.051, 10.51209 ], [ 77.05221, 10.51598 ], [ 77.05666, 10.51237 ], [ 77.06233, 10.51548 ], [ 77.07139, 10.50143 ], [ 77.06206, 10.48781 ], [ 77.0629, 10.48269 ], [ 77.05794, 10.47978 ], [ 77.05962, 10.47357 ], [ 77.06649, 10.46756 ], [ 77.07463, 10.47569 ], [ 77.08156, 10.47583 ], [ 77.09398, 10.48437 ], [ 77.10511, 10.49953 ], [ 77.11002, 10.4967 ], [ 77.10976, 10.49317 ], [ 77.1208, 10.49586 ], [ 77.12114, 10.48667 ], [ 77.11656, 10.48822 ], [ 77.11475, 10.48226 ], [ 77.11776, 10.48188 ], [ 77.1152, 10.46454 ], [ 77.1261, 10.46449 ], [ 77.14145, 10.4732 ], [ 77.16165, 10.45906 ], [ 77.16859, 10.46632 ], [ 77.16816, 10.4727 ], [ 77.17323, 10.47339 ], [ 77.17599, 10.47911 ], [ 77.18644, 10.46515 ], [ 77.19213, 10.46454 ], [ 77.19428, 10.46108 ], [ 77.19948, 10.46107 ], [ 77.20152, 10.46836 ], [ 77.20411, 10.46802 ], [ 77.20558, 10.46215 ], [ 77.21283, 10.45783 ], [ 77.21753, 10.46038 ], [ 77.21868, 10.45702 ], [ 77.23123, 10.45943 ], [ 77.23599, 10.45695 ], [ 77.23728, 10.4494 ], [ 77.24852, 10.45168 ], [ 77.2525, 10.44609 ], [ 77.2505, 10.44343 ], [ 77.25637, 10.4389 ], [ 77.25515, 10.43372 ], [ 77.26171, 10.43457 ], [ 77.2539, 10.42249 ], [ 77.25889, 10.42392 ], [ 77.26716, 10.41518 ], [ 77.27608, 10.42072 ], [ 77.28536, 10.41531 ], [ 77.29994, 10.41647 ], [ 77.29978, 10.42288 ], [ 77.32273, 10.42459 ], [ 77.31931, 10.41799 ], [ 77.32013, 10.40672 ], [ 77.31673, 10.40366 ], [ 77.31377, 10.37205 ], [ 77.31567, 10.35566 ], [ 77.32331, 10.35404 ] ] ], [ [ [ 76.94229, 10.6196 ], [ 76.94679, 10.61019 ], [ 76.95573, 10.6083 ], [ 76.95967, 10.60013 ], [ 76.96621, 10.59765 ], [ 76.96921, 10.59238 ], [ 76.9622, 10.59059 ], [ 76.96242, 10.58368 ], [ 76.95875, 10.58173 ], [ 76.96061, 10.57572 ], [ 76.95566, 10.57051 ], [ 76.95267, 10.57468 ], [ 76.94787, 10.57434 ], [ 76.95356, 10.56312 ], [ 76.95205, 10.55796 ], [ 76.9441, 10.5578 ], [ 76.93979, 10.5747 ], [ 76.93764, 10.57805 ], [ 76.93534, 10.57509 ], [ 76.93118, 10.57672 ], [ 76.93336, 10.58465 ], [ 76.9251, 10.59411 ], [ 76.92581, 10.60172 ], [ 76.92776, 10.59849 ], [ 76.93656, 10.59936 ], [ 76.93746, 10.62232 ], [ 76.9414, 10.62383 ], [ 76.94136, 10.63446 ], [ 76.94474, 10.63553 ], [ 76.94629, 10.62361 ], [ 76.94229, 10.6196 ] ] ], [ [ [ 76.9609, 11.19001 ], [ 76.97782, 11.19108 ], [ 76.97656, 11.14968 ], [ 76.97032, 11.1489 ], [ 76.96546, 11.15214 ], [ 76.96394, 11.15937 ], [ 76.96124, 11.15929 ], [ 76.95771, 11.16744 ], [ 76.93704, 11.19193 ], [ 76.9414, 11.19723 ], [ 76.9609, 11.19001 ] ] ], [ [ [ 77.49738, 8.56184 ], [ 77.53528, 8.55487 ], [ 77.55602, 8.55491 ], [ 77.55256, 8.54366 ], [ 77.56992, 8.54227 ], [ 77.55429, 8.519 ], [ 77.55446, 8.51403 ], [ 77.547, 8.51225 ], [ 77.53133, 8.4813 ], [ 77.51101, 8.51592 ], [ 77.50945, 8.52081 ], [ 77.51404, 8.52267 ], [ 77.51393, 8.52799 ], [ 77.50387, 8.52718 ], [ 77.5036, 8.53799 ], [ 77.49689, 8.5458 ], [ 77.49897, 8.554 ], [ 77.49309, 8.56082 ], [ 77.49518, 8.56573 ], [ 77.49738, 8.56184 ] ] ], [ [ [ 77.51989, 8.68813 ], [ 77.51113, 8.68114 ], [ 77.5158, 8.67725 ], [ 77.51608, 8.67227 ], [ 77.52754, 8.67856 ], [ 77.52737, 8.66539 ], [ 77.53479, 8.65837 ], [ 77.53555, 8.65437 ], [ 77.52711, 8.65115 ], [ 77.53432, 8.64529 ], [ 77.53414, 8.64165 ], [ 77.5272, 8.64483 ], [ 77.52979, 8.63372 ], [ 77.52424, 8.63471 ], [ 77.52174, 8.63167 ], [ 77.52909, 8.62747 ], [ 77.52914, 8.62226 ], [ 77.52322, 8.61866 ], [ 77.53832, 8.61006 ], [ 77.53474, 8.60512 ], [ 77.53431, 8.6093 ], [ 77.51724, 8.61321 ], [ 77.50524, 8.62473 ], [ 77.50737, 8.63607 ], [ 77.50291, 8.63816 ], [ 77.50219, 8.64433 ], [ 77.5065, 8.64594 ], [ 77.5037, 8.65036 ], [ 77.50479, 8.65818 ], [ 77.50116, 8.66256 ], [ 77.49895, 8.66498 ], [ 77.49639, 8.65333 ], [ 77.48862, 8.65933 ], [ 77.4898, 8.67957 ], [ 77.49446, 8.68053 ], [ 77.49803, 8.68976 ], [ 77.51989, 8.68813 ] ] ], [ [ [ 77.42488, 9.34798 ], [ 77.47151, 9.32839 ], [ 77.47122, 9.32444 ], [ 77.45231, 9.32293 ], [ 77.42288, 9.32747 ], [ 77.39647, 9.3244 ], [ 77.39087, 9.31987 ], [ 77.38215, 9.32169 ], [ 77.37915, 9.34019 ], [ 77.38288, 9.34906 ], [ 77.38586, 9.34415 ], [ 77.38945, 9.34397 ], [ 77.38319, 9.35344 ], [ 77.38802, 9.35308 ], [ 77.41644, 9.34547 ], [ 77.4195, 9.34852 ], [ 77.42488, 9.34798 ] ] ], [ [ [ 77.50185, 9.44631 ], [ 77.51551, 9.43817 ], [ 77.51611, 9.42832 ], [ 77.51124, 9.41985 ], [ 77.50487, 9.42355 ], [ 77.50106, 9.4323 ], [ 77.49477, 9.43493 ], [ 77.4971, 9.44064 ], [ 77.50052, 9.43731 ], [ 77.50785, 9.43762 ], [ 77.50185, 9.44631 ] ] ], [ [ [ 77.53209, 9.49219 ], [ 77.52197, 9.47605 ], [ 77.51809, 9.4781 ], [ 77.51793, 9.4845 ], [ 77.5294, 9.4928 ], [ 77.53209, 9.49219 ] ] ], [ [ [ 77.80694, 8.68131 ], [ 77.82428, 8.68184 ], [ 77.82432, 8.67482 ], [ 77.81663, 8.67221 ], [ 77.8159, 8.66426 ], [ 77.80894, 8.66797 ], [ 77.80914, 8.67234 ], [ 77.8007, 8.6726 ], [ 77.79475, 8.67666 ], [ 77.79174, 8.67604 ], [ 77.78932, 8.66723 ], [ 77.78506, 8.66761 ], [ 77.78382, 8.66426 ], [ 77.78046, 8.67368 ], [ 77.77408, 8.67418 ], [ 77.77821, 8.69034 ], [ 77.78483, 8.68951 ], [ 77.78994, 8.6974 ], [ 77.79054, 8.69391 ], [ 77.80694, 8.68131 ] ] ], [ [ [ 77.58457, 9.48416 ], [ 77.60265, 9.47289 ], [ 77.60752, 9.47316 ], [ 77.60414, 9.46526 ], [ 77.59239, 9.46754 ], [ 77.58469, 9.45607 ], [ 77.57405, 9.45802 ], [ 77.5728, 9.45965 ], [ 77.57944, 9.46244 ], [ 77.56675, 9.46679 ], [ 77.56792, 9.47234 ], [ 77.582, 9.47468 ], [ 77.58457, 9.48416 ] ] ], [ [ [ 77.62259, 9.49777 ], [ 77.61271, 9.50039 ], [ 77.6033, 9.49155 ], [ 77.59624, 9.50037 ], [ 77.60024, 9.50467 ], [ 77.60677, 9.50268 ], [ 77.61643, 9.5049 ], [ 77.62248, 9.50152 ], [ 77.62259, 9.49777 ] ] ], [ [ [ 78.18049, 10.06672 ], [ 78.18022, 10.03508 ], [ 78.16421, 10.03655 ], [ 78.17061, 10.06614 ], [ 78.18049, 10.06672 ] ] ], [ [ [ 78.15716, 10.22629 ], [ 78.14395, 10.21771 ], [ 78.13035, 10.19886 ], [ 78.12004, 10.18937 ], [ 78.10739, 10.1893 ], [ 78.10364, 10.19233 ], [ 78.09678, 10.19032 ], [ 78.09154, 10.182 ], [ 78.07075, 10.1881 ], [ 78.06319, 10.18333 ], [ 78.05361, 10.19114 ], [ 78.04826, 10.22124 ], [ 78.04435, 10.22546 ], [ 78.03618, 10.22253 ], [ 78.03189, 10.22434 ], [ 78.02764, 10.22818 ], [ 78.03057, 10.23386 ], [ 78.02892, 10.23842 ], [ 78.0121, 10.24252 ], [ 78.0139, 10.24751 ], [ 78.00227, 10.25299 ], [ 78.00121, 10.26743 ], [ 77.99678, 10.27226 ], [ 77.98552, 10.26349 ], [ 77.98924, 10.24963 ], [ 77.97086, 10.24244 ], [ 77.95378, 10.22454 ], [ 77.94818, 10.2247 ], [ 77.9409, 10.23377 ], [ 77.92429, 10.24099 ], [ 77.93952, 10.25493 ], [ 77.93781, 10.26255 ], [ 77.94859, 10.26628 ], [ 77.95734, 10.25909 ], [ 77.96635, 10.26313 ], [ 77.977, 10.27542 ], [ 77.9911, 10.27513 ], [ 77.99174, 10.28165 ], [ 77.99921, 10.28468 ], [ 78.00655, 10.28376 ], [ 78.01862, 10.26732 ], [ 78.01719, 10.26327 ], [ 78.0303, 10.26015 ], [ 78.02906, 10.25281 ], [ 78.04433, 10.24657 ], [ 78.04089, 10.24196 ], [ 78.06096, 10.21926 ], [ 78.06216, 10.21356 ], [ 78.06814, 10.21663 ], [ 78.07846, 10.20799 ], [ 78.07887, 10.21077 ], [ 78.0843, 10.21009 ], [ 78.1046, 10.19326 ], [ 78.11498, 10.19176 ], [ 78.12715, 10.19692 ], [ 78.14595, 10.23382 ], [ 78.15105, 10.23857 ], [ 78.15408, 10.23783 ], [ 78.15435, 10.23151 ], [ 78.15959, 10.2401 ], [ 78.1636, 10.2404 ], [ 78.15716, 10.22629 ] ] ], [ [ [ 77.70953, 10.29312 ], [ 77.70215, 10.28976 ], [ 77.70321, 10.28441 ], [ 77.69953, 10.28064 ], [ 77.67505, 10.27846 ], [ 77.67205, 10.27554 ], [ 77.6722, 10.28286 ], [ 77.66254, 10.27893 ], [ 77.64207, 10.29073 ], [ 77.62689, 10.31085 ], [ 77.60811, 10.32373 ], [ 77.58242, 10.30042 ], [ 77.57396, 10.29592 ], [ 77.56413, 10.29905 ], [ 77.54551, 10.28704 ], [ 77.53332, 10.30143 ], [ 77.54064, 10.30966 ], [ 77.53488, 10.31769 ], [ 77.54596, 10.3284 ], [ 77.54688, 10.33493 ], [ 77.55318, 10.33524 ], [ 77.54175, 10.34826 ], [ 77.5469, 10.37007 ], [ 77.54238, 10.38543 ], [ 77.54946, 10.38502 ], [ 77.54838, 10.38799 ], [ 77.5537, 10.38987 ], [ 77.56182, 10.38686 ], [ 77.5623, 10.39161 ], [ 77.5729, 10.39742 ], [ 77.58589, 10.39264 ], [ 77.59171, 10.39452 ], [ 77.59136, 10.39968 ], [ 77.59637, 10.40072 ], [ 77.59493, 10.40304 ], [ 77.59839, 10.41042 ], [ 77.60437, 10.41403 ], [ 77.60385, 10.4177 ], [ 77.62665, 10.41922 ], [ 77.63604, 10.4244 ], [ 77.67002, 10.43103 ], [ 77.6765, 10.4423 ], [ 77.68641, 10.44272 ], [ 77.68686, 10.44615 ], [ 77.69873, 10.45278 ], [ 77.69604, 10.45893 ], [ 77.70932, 10.46141 ], [ 77.72363, 10.47086 ], [ 77.73543, 10.47075 ], [ 77.73642, 10.47407 ], [ 77.76511, 10.48577 ], [ 77.74391, 10.46683 ], [ 77.74402, 10.46367 ], [ 77.75653, 10.46531 ], [ 77.75223, 10.45557 ], [ 77.764, 10.46531 ], [ 77.77374, 10.46 ], [ 77.7866, 10.47022 ], [ 77.78848, 10.46409 ], [ 77.78203, 10.46407 ], [ 77.77101, 10.44555 ], [ 77.75048, 10.42302 ], [ 77.75216, 10.4154 ], [ 77.76153, 10.42552 ], [ 77.76589, 10.42463 ], [ 77.77535, 10.4312 ], [ 77.77401, 10.42508 ], [ 77.7652, 10.41952 ], [ 77.76192, 10.41276 ], [ 77.76726, 10.41367 ], [ 77.77036, 10.41035 ], [ 77.7627, 10.39868 ], [ 77.77275, 10.40833 ], [ 77.78575, 10.40233 ], [ 77.79407, 10.40419 ], [ 77.80548, 10.39549 ], [ 77.8126, 10.39852 ], [ 77.81645, 10.39462 ], [ 77.83606, 10.39291 ], [ 77.84443, 10.40466 ], [ 77.86122, 10.39698 ], [ 77.85845, 10.37892 ], [ 77.8496, 10.36728 ], [ 77.83969, 10.36414 ], [ 77.83214, 10.35279 ], [ 77.82561, 10.35693 ], [ 77.82143, 10.3555 ], [ 77.82478, 10.34407 ], [ 77.81897, 10.33658 ], [ 77.80979, 10.33835 ], [ 77.80158, 10.34467 ], [ 77.79382, 10.34392 ], [ 77.7985, 10.32699 ], [ 77.80941, 10.32483 ], [ 77.81703, 10.3137 ], [ 77.82417, 10.31364 ], [ 77.82557, 10.30738 ], [ 77.82942, 10.30507 ], [ 77.82332, 10.29799 ], [ 77.80803, 10.30108 ], [ 77.79473, 10.30801 ], [ 77.79244, 10.30165 ], [ 77.79897, 10.30005 ], [ 77.7996, 10.29482 ], [ 77.78285, 10.28731 ], [ 77.77137, 10.29207 ], [ 77.76689, 10.30028 ], [ 77.75185, 10.30356 ], [ 77.75925, 10.3112 ], [ 77.77683, 10.31067 ], [ 77.78513, 10.32074 ], [ 77.78282, 10.32351 ], [ 77.77964, 10.31816 ], [ 77.77628, 10.32016 ], [ 77.77995, 10.32529 ], [ 77.77518, 10.33514 ], [ 77.77895, 10.33641 ], [ 77.78343, 10.3305 ], [ 77.78414, 10.33321 ], [ 77.77976, 10.33913 ], [ 77.78048, 10.34409 ], [ 77.77532, 10.34384 ], [ 77.76885, 10.35464 ], [ 77.77584, 10.35616 ], [ 77.77899, 10.36129 ], [ 77.77638, 10.37512 ], [ 77.77403, 10.37324 ], [ 77.77082, 10.37675 ], [ 77.76516, 10.37632 ], [ 77.76306, 10.38259 ], [ 77.7624, 10.37288 ], [ 77.75795, 10.37814 ], [ 77.7534, 10.37357 ], [ 77.74852, 10.37506 ], [ 77.75214, 10.3651 ], [ 77.7481, 10.35669 ], [ 77.74881, 10.3483 ], [ 77.74051, 10.33512 ], [ 77.73564, 10.33284 ], [ 77.73071, 10.30543 ], [ 77.72651, 10.30138 ], [ 77.71409, 10.29941 ], [ 77.70953, 10.29312 ] ] ], [ [ [ 77.79855, 10.80575 ], [ 77.79364, 10.7903 ], [ 77.78651, 10.78825 ], [ 77.77437, 10.79127 ], [ 77.77128, 10.79542 ], [ 77.76728, 10.79296 ], [ 77.76676, 10.79994 ], [ 77.76186, 10.80306 ], [ 77.74343, 10.805 ], [ 77.75238, 10.82748 ], [ 77.75112, 10.84264 ], [ 77.75756, 10.8697 ], [ 77.7772, 10.86953 ], [ 77.78418, 10.8733 ], [ 77.78438, 10.87987 ], [ 77.78863, 10.87573 ], [ 77.78565, 10.8603 ], [ 77.78673, 10.83056 ], [ 77.8001, 10.82817 ], [ 77.79855, 10.80575 ] ] ] ] } }
]
}
